date,close,volume,open,high,low,return_1d,return_5d,return_10d,price_vs_ma10,price_vs_ma50,rsi_14,volatility_10d,macd_norm,macd_hist_norm,bb_position,volume_change,volume_vs_avg20,label
2021-09-10,658.9400,1204200,666.1800,668.8700,658.2000,-0.0041,-0.0086,0.0100,-0.0062,0.0457,62.2518,0.0061,0.0153,-0.0017,0.6051,0.0847,0.8982,sell
2021-09-13,645.1500,2242500,663.0400,663.6000,640.2400,-0.0209,-0.0322,-0.0203,-0.0250,0.0218,38.6553,0.0085,0.0127,-0.0037,0.3118,0.8622,1.5947,hold
2021-09-14,645.0100,2150200,646.0000,649.5800,642.4600,-0.0002,-0.0248,-0.0315,-0.0222,0.0199,38.0962,0.0072,0.0103,-0.0049,0.2919,-0.0412,1.4743,buy
2021-09-15,661.0800,2009300,652.3200,663.3100,650.9800,0.0249,-0.0032,-0.0039,0.0026,0.0432,53.1941,0.0114,0.0100,-0.0039,0.6240,-0.0655,1.3471,buy
2021-09-16,665.1100,2046100,657.5300,666.4700,654.7100,0.0061,0.0052,-0.0012,0.0088,0.0476,59.5467,0.0115,0.0103,-0.0028,0.7235,0.0183,1.3421,sell
2021-09-17,654.4800,3553200,663.2100,665.0000,652.0400,-0.0160,-0.0068,-0.0153,-0.0057,0.0293,47.1597,0.0126,0.0094,-0.0032,0.3484,0.7366,2.1966,sell
2021-09-20,641.2900,2637400,646.0400,653.9300,633.0500,-0.0202,-0.0060,-0.0380,-0.0220,0.0074,33.9276,0.0138,0.0069,-0.0047,-0.0724,-0.2577,1.5720,buy
2021-09-21,645.8900,2449300,646.8800,650.9500,640.3000,0.0072,0.0014,-0.0234,-0.0127,0.0131,38.7492,0.0141,0.0053,-0.0050,0.1260,-0.0713,1.4260,sell
2021-09-22,626.0800,5689600,624.7900,628.9400,615.0600,-0.0307,-0.0529,-0.0560,-0.0375,-0.0186,29.4306,0.0165,0.0016,-0.0072,-0.2079,1.3229,2.9047,buy
2021-09-23,630.8400,2985500,632.2900,633.8200,627.0200,0.0076,-0.0515,-0.0466,-0.0256,-0.0118,33.1472,0.0170,-0.0009,-0.0077,0.0008,-0.4753,1.4524,sell
2021-09-24,622.7100,2809000,628.0000,629.0300,618.2200,-0.0129,-0.0485,-0.0550,-0.0327,-0.0250,29.3913,0.0172,-0.0038,-0.0086,-0.0468,-0.0591,1.3281,sell
2021-09-27,603.6500,4152200,615.8000,616.6600,602.7300,-0.0306,-0.0587,-0.0643,-0.0562,-0.0548,26.0056,0.0184,-0.0088,-0.0110,-0.1591,0.4782,1.8327,sell
2021-09-28,578.7700,5108900,596.3100,596.3100,578.3300,-0.0412,-0.1039,-0.1027,-0.0857,-0.0931,20.5482,0.0212,-0.0165,-0.0150,-0.2150,0.2304,2.0819,hold
2021-09-29,577.7000,2726800,585.4500,586.5500,576.0700,-0.0018,-0.0773,-0.1261,-0.0752,-0.0939,20.6158,0.0176,-0.0222,-0.0166,-0.0793,-0.4663,1.0923,hold
2021-09-30,575.7200,2743600,580.6400,586.1900,573.2400,-0.0034,-0.0874,-0.1344,-0.0650,-0.0960,20.7260,0.0167,-0.0268,-0.0169,-0.0011,0.0062,1.0673,hold
2021-10-01,577.4700,2915300,577.5200,581.4700,568.6100,0.0030,-0.0727,-0.1177,-0.0502,-0.0919,23.9892,0.0175,-0.0296,-0.0158,0.0767,0.0626,1.1017,sell
2021-10-04,558.4900,3977000,574.5900,576.8000,552.1400,-0.0329,-0.0748,-0.1291,-0.0688,-0.1199,20.9548,0.0186,-0.0354,-0.0169,0.0170,0.3642,1.4394,buy
2021-10-05,566.7000,2337800,563.9100,570.2900,559.2100,0.0147,-0.0209,-0.1226,-0.0424,-0.1054,16.5509,0.0197,-0.0370,-0.0150,0.1235,-0.4122,0.8317,buy
2021-10-06,570.3100,2043200,561.2400,572.1600,560.2100,0.0064,-0.0128,-0.0891,-0.0272,-0.0984,16.3017,0.0194,-0.0375,-0.0125,0.1830,-0.1260,0.7183,buy
2021-10-07,578.9600,2648500,578.4600,586.1500,576.1900,0.0152,0.0056,-0.0822,-0.0036,-0.0835,22.7719,0.0203,-0.0359,-0.0090,0.2645,0.2963,0.9066,hold
2021-10-08,576.8600,2050700,581.3000,583.6100,575.5200,-0.0036,-0.0011,-0.0736,0.0007,-0.0855,24.7512,0.0202,-0.0351,-0.0065,0.2738,-0.2257,0.6919,sell
2021-10-11,573.0700,1410600,574.5000,582.2800,571.5000,-0.0066,0.0261,-0.0507,-0.0006,-0.0901,21.2810,0.0185,-0.0347,-0.0047,0.2720,-0.3121,0.4827,buy
2021-10-12,580.6900,1740200,579.1600,584.2200,574.4200,0.0133,0.0247,0.0033,0.0124,-0.0769,30.1946,0.0142,-0.0323,-0.0022,0.3427,0.2337,0.5997,buy
2021-10-13,591.1200,2142300,585.2600,593.5400,582.6600,0.0180,0.0365,0.0232,0.0281,-0.0594,33.4858,0.0152,-0.0285,0.0009,0.4349,0.2311,0.7366,buy
2021-10-14,607.5100,2500900,600.0000,609.4400,596.9700,0.0277,0.0493,0.0552,0.0508,-0.0328,44.0865,0.0170,-0.0228,0.0046,0.5893,0.1674,0.8532,hold
2021-10-15,610.0900,1960100,611.6900,612.2500,607.5500,0.0042,0.0576,0.0565,0.0494,-0.0280,52.8740,0.0170,-0.0182,0.0072,0.6445,-0.2162,0.6874,buy
2021-10-18,622.8300,1905100,610.6500,623.4700,607.5700,0.0209,0.0868,0.1152,0.0596,-0.0074,72.0520,0.0108,-0.0126,0.0099,0.7880,-0.0281,0.6768,buy
2021-10-19,636.0700,2470000,625.2600,639.3900,625.2600,0.0213,0.0954,0.1224,0.0695,0.0135,76.0417,0.0112,-0.0065,0.0124,0.9415,0.2965,0.8772,sell
2021-10-20,632.3700,1497200,639.2800,641.2900,630.1700,-0.0058,0.0698,0.1088,0.0523,0.0072,74.8923,0.0125,-0.0024,0.0133,0.8923,-0.3938,0.5745,buy
2021-10-21,638.6600,1586600,632.0000,639.1700,629.0000,0.0099,0.0513,0.1031,0.0523,0.0168,75.8557,0.0124,0.0017,0.0138,0.9400,0.0597,0.6256,buy
2021-10-22,643.5800,1786500,640.4300,644.4300,634.4500,0.0077,0.0549,0.1157,0.0489,0.0244,90.8027,0.0115,0.0055,0.0140,0.9495,0.1260,0.7189,buy
2021-10-25,646.9700,1629400,644.4700,649.6200,639.0700,0.0053,0.0388,0.1290,0.0418,0.0295,90.3569,0.0100,0.0087,0.0138,0.9237,-0.0879,0.6907,sell
2021-10-26,642.5000,2154000,650.9100,659.1900,642.1000,-0.0069,0.0101,0.1064,0.0244,0.0222,85.9835,0.0116,0.0107,0.0126,0.8431,0.3220,0.9741,sell
2021-10-27,640.0800,1629900,644.4800,648.8100,639.8100,-0.0038,0.0122,0.0828,0.0127,0.0182,82.4830,0.0121,0.0119,0.0110,0.7910,-0.2433,0.7558,hold
2021-10-28,639.2800,2085000,638.0000,642.4900,633.2700,-0.0012,0.0010,0.0523,0.0064,0.0165,83.6388,0.0101,0.0125,0.0093,0.7573,0.2792,0.9819,buy
2021-10-29,650.3600,1927700,637.7700,651.3100,637.0000,0.0173,0.0105,0.0660,0.0173,0.0337,88.6180,0.0108,0.0140,0.0087,0.8096,-0.0754,0.9294,sell
2021-11-01,640.2000,2215800,651.0500,654.0000,634.7800,-0.0156,-0.0105,0.0279,-0.0013,0.0178,78.9982,0.0115,0.0141,0.0070,0.7111,0.1495,1.1157,hold
2021-11-02,640.4000,1770000,641.1200,647.7400,639.2300,0.0003,-0.0033,0.0068,-0.0016,0.0186,76.6725,0.0096,0.0139,0.0054,0.6930,-0.2012,0.9041,buy
2021-11-03,655.1800,1970700,645.5200,656.5000,640.0000,0.0231,0.0236,0.0361,0.0178,0.0422,76.2587,0.0115,0.0151,0.0055,0.7963,0.1134,1.0085,buy
2021-11-04,674.0800,2480600,659.4400,676.0800,657.7500,0.0288,0.0544,0.0555,0.0414,0.0717,79.8768,0.0140,0.0179,0.0068,0.9190,0.2587,1.2749,sell
2021-11-05,662.7200,2517600,676.7400,677.7600,661.1100,-0.0169,0.0190,0.0297,0.0209,0.0533,68.8677,0.0156,0.0192,0.0063,0.7960,0.0149,1.2786,buy
2021-11-08,666.0200,1497200,666.5600,668.2500,661.4000,0.0050,0.0403,0.0294,0.0229,0.0582,65.6364,0.0156,0.0200,0.0058,0.8163,-0.4053,0.7587,hold
2021-11-09,667.9200,1128000,667.6900,669.6600,663.0000,0.0029,0.0430,0.0396,0.0219,0.0612,68.9156,0.0152,0.0207,0.0052,0.8303,-0.2466,0.5806,sell
2021-11-10,647.5000,2038200,663.2000,665.8100,645.8600,-0.0306,-0.0117,0.0116,-0.0105,0.0293,54.0888,0.0187,0.0192,0.0026,0.5618,0.8069,1.0520,sell
2021-11-11,643.1700,1271100,649.6100,652.5700,642.1000,-0.0067,-0.0459,0.0061,-0.0177,0.0231,49.8093,0.0189,0.0169,0.0001,0.4699,-0.3764,0.6775,buy
2021-11-12,657.6000,1286500,649.0100,658.4700,647.1600,0.0224,-0.0077,0.0111,0.0032,0.0463,54.4833,0.0194,0.0162,-0.0002,0.6970,0.0121,0.6983,hold
2021-11-15,659.7300,1077600,658.3700,663.6700,655.1900,0.0032,-0.0094,0.0305,0.0035,0.0500,57.4133,0.0185,0.0159,-0.0003,0.7212,-0.1624,0.5983,buy
2021-11-16,671.0300,1422000,659.1400,673.7400,658.9900,0.0171,0.0047,0.0478,0.0160,0.0676,62.3711,0.0190,0.0167,0.0006,0.9044,0.3196,0.8132,hold
2021-11-17,670.6700,1221900,671.7600,672.7400,662.8400,-0.0005,0.0358,0.0236,0.0130,0.0668,62.5912,0.0179,0.0173,0.0009,0.8605,-0.1407,0.7043,hold
2021-11-18,670.9600,1493800,670.6200,676.5500,665.0800,0.0004,0.0432,-0.0046,0.0139,0.0669,59.0462,0.0153,0.0176,0.0010,0.8295,0.2225,0.8634,buy
2021-11-19,688.3700,3090900,681.2600,699.5000,678.9100,0.0259,0.0468,0.0387,0.0362,0.0936,69.8868,0.0161,0.0192,0.0024,1.0525,1.0692,1.7216,sell
2021-11-22,673.5700,2284700,696.2800,699.5400,672.6600,-0.0215,0.0210,0.0113,0.0128,0.0691,62.2209,0.0180,0.0192,0.0017,0.7656,-0.2608,1.2497,sell
2021-11-23,665.1600,2502800,662.7000,667.5700,648.6100,-0.0125,-0.0087,-0.0041,0.0006,0.0551,53.8580,0.0185,0.0180,0.0002,0.6050,0.0955,1.3561,hold
2021-11-24,668.3200,2426800,655.8300,668.8700,647.1400,0.0048,-0.0035,0.0322,0.0022,0.0599,47.4648,0.0151,0.0169,-0.0007,0.6419,-0.0304,1.2871,sell
2021-11-26,662.1000,2204000,670.2500,684.0000,659.6800,-0.0093,-0.0132,0.0294,-0.0099,0.0501,49.7142,0.0153,0.0153,-0.0019,0.5069,-0.0918,1.1653,buy
2021-11-29,687.4900,2728800,668.0000,691.3600,665.7700,0.0383,-0.0013,0.0455,0.0234,0.0892,58.2229,0.0181,0.0162,-0.0003,0.9405,0.2381,1.4128,sell
2021-11-30,669.8500,4703600,687.2200,694.8900,667.8300,-0.0257,-0.0055,0.0153,-0.0043,0.0603,50.6596,0.0205,0.0155,-0.0011,0.5957,0.7237,2.2879,sell
2021-12-01,657.4100,2831800,676.0000,678.7800,656.2800,-0.0186,-0.0117,-0.0203,-0.0208,0.0402,53.5825,0.0207,0.0133,-0.0030,0.3091,-0.3980,1.3428,buy
2021-12-02,671.8800,2675400,655.9500,674.8500,653.6200,0.0220,0.0053,0.0018,0.0005,0.0616,59.6699,0.0220,0.0126,-0.0027,0.6165,-0.0552,1.2478,sell
2021-12-03,616.5300,6741800,658.1000,662.0900,604.3000,-0.0824,-0.0688,-0.0811,-0.0744,-0.0254,39.1562,0.0342,0.0060,-0.0085,-0.2625,1.5199,2.8601,hold
2021-12-06,622.0400,3170000,617.4700,625.9000,605.7300,0.0089,-0.0952,-0.0964,-0.0567,-0.0167,40.2231,0.0327,0.0007,-0.0110,-0.0489,-0.5298,1.3264,buy
2021-12-07,649.9600,3943500,644.1900,655.2200,640.0500,0.0449,-0.0297,-0.0351,-0.0108,0.0259,44.9682,0.0365,0.0001,-0.0088,0.3483,0.2440,1.5698,hold
2021-12-08,653.1000,2416200,647.3000,654.6500,641.6100,0.0048,-0.0066,-0.0181,-0.0042,0.0285,45.8591,0.0364,0.0000,-0.0071,0.4014,-0.3873,0.9378,sell
2021-12-09,632.5700,2550700,650.9200,655.7200,630.8800,-0.0314,-0.0585,-0.0535,-0.0302,-0.0056,41.7402,0.0376,-0.0026,-0.0080,0.1473,0.0557,0.9802,buy
2021-12-10,654.4500,2873000,638.1300,654.9700,635.1000,0.0346,0.0615,-0.0116,0.0045,0.0263,42.8397,0.0395,-0.0018,-0.0056,0.4243,0.1264,1.0711,hold
2021-12-13,658.3000,3829400,652.7700,675.2100,650.9800,0.0059,0.0583,-0.0425,0.0149,0.0297,46.6203,0.0372,-0.0008,-0.0036,0.4751,0.3329,1.3630,sell
2021-12-14,614.8600,5934200,635.3600,636.0000,599.1000,-0.0660,-0.0540,-0.0821,-0.0439,-0.0399,40.3618,0.0418,-0.0056,-0.0069,-0.0043,0.5496,1.9442,buy
2021-12-15,630.3300,4288800,615.9600,631.2500,604.6200,0.0252,-0.0349,-0.0412,-0.0157,-0.0177,43.0485,0.0428,-0.0071,-0.0067,0.2091,-0.2773,1.3421,sell
2021-12-16,566.0900,10961200,578.4000,591.5800,556.1500,-0.1019,-0.1051,-0.1575,-0.1012,-0.1177,35.5088,0.0517,-0.0183,-0.0143,-0.2182,1.5558,2.9765,sell
2021-12-17,556.6400,7999200,566.0900,566.9900,545.1400,-0.0167,-0.1495,-0.0971,-0.1077,-0.1318,29.2519,0.0461,-0.0280,-0.0191,-0.1180,-0.2702,1.9959,hold
2021-12-20,549.7700,3441100,545.6100,557.2700,543.5000,-0.0123,-0.1649,-0.1162,-0.1084,-0.1418,30.2863,0.0457,-0.0365,-0.0220,-0.0510,-0.5698,0.8549,buy
2021-12-21,557.5200,4104700,550.9100,559.8900,538.0500,0.0141,-0.0933,-0.1422,-0.0821,-0.1293,33.3445,0.0424,-0.0407,-0.0212,0.0649,0.1928,0.9972,hold
2021-12-22,563.9800,4526200,560.3000,564.9200,552.2400,0.0116,-0.1053,-0.1365,-0.0576,-0.1188,31.5151,0.0428,-0.0426,-0.0186,0.1471,0.1027,1.0732,hold
2021-12-23,569.6200,2147700,568.9600,572.5700,566.1600,0.0100,0.0062,-0.0995,-0.0381,-0.1093,40.3138,0.0429,-0.0427,-0.0152,0.2104,-0.5255,0.5109,buy
2021-12-27,577.6800,1980100,575.0400,580.8800,572.0900,0.0141,0.0378,-0.1173,-0.0116,-0.0959,40.9358,0.0410,-0.0409,-0.0110,0.2781,-0.0780,0.4723,sell
2021-12-28,569.3600,2107800,582.8400,582.8800,568.3500,-0.0144,0.0356,-0.1351,-0.0108,-0.1078,32.0968,0.0405,-0.0413,-0.0087,0.2548,0.0645,0.5065,hold
2021-12-29,569.2900,2484200,573.3300,576.9600,562.7800,-0.0001,0.0211,-0.0741,-0.0030,-0.1064,31.1264,0.0362,-0.0406,-0.0065,0.2769,0.1786,0.6133,hold
2021-12-30,570.5300,1564600,570.5700,578.9900,566.0400,0.0022,0.0116,-0.0949,0.0097,-0.1026,34.6996,0.0346,-0.0394,-0.0042,0.3053,-0.3702,0.3924,hold
2021-12-31,567.0600,1581400,570.0000,570.1700,565.0700,-0.0061,-0.0045,0.0017,0.0034,-0.1062,26.2952,0.0121,-0.0387,-0.0027,0.3034,0.0107,0.4022,sell
2022-01-03,564.3700,2862700,566.6500,575.0000,553.2700,-0.0047,-0.0230,0.0139,-0.0027,-0.1084,24.3599,0.0107,-0.0382,-0.0016,0.3049,0.8102,0.7658,sell
2022-01-04,554.0000,4344800,563.9000,564.3000,541.3100,-0.0184,-0.0270,0.0077,-0.0218,-0.1223,29.7269,0.0117,-0.0394,-0.0017,0.2631,0.5177,1.1442,sell
2022-01-05,514.4300,7394800,535.0000,538.7500,514.0000,-0.0714,-0.0964,-0.0773,-0.0847,-0.1815,16.7336,0.0248,-0.0484,-0.0063,0.0673,0.7020,1.8628,hold
2022-01-06,514.1200,3913600,510.0000,526.3100,508.2000,-0.0006,-0.0989,-0.0884,-0.0771,-0.1787,26.4351,0.0241,-0.0527,-0.0084,0.1040,-0.4708,0.9676,hold
2022-01-07,510.7000,3605400,513.6600,520.4200,504.0000,-0.0067,-0.0994,-0.1034,-0.0734,-0.1807,27.9643,0.0232,-0.0563,-0.0094,0.1252,-0.0788,0.8800,buy
2022-01-10,525.8300,5429700,500.0000,526.5800,497.0100,0.0296,-0.0683,-0.0898,-0.0369,-0.1534,39.3600,0.0254,-0.0542,-0.0069,0.2329,0.5060,1.2851,buy
2022-01-11,529.8900,3422200,525.5500,535.1800,520.9800,0.0077,-0.0435,-0.0693,-0.0224,-0.1435,37.3036,0.0259,-0.0523,-0.0043,0.2624,-0.3697,0.8139,hold
2022-01-12,532.3700,2901800,533.0900,541.5900,529.2800,0.0047,0.0349,-0.0649,-0.0111,-0.1365,34.9232,0.0260,-0.0498,-0.0016,0.3002,-0.1521,0.7159,sell
2022-01-13,516.9000,3406500,532.2200,535.2700,516.3200,-0.0291,0.0054,-0.0940,-0.0301,-0.1582,27.0103,0.0268,-0.0514,-0.0014,0.1477,0.1739,0.8497,hold
2022-01-14,520.6000,2659800,514.4900,522.5700,511.2700,0.0072,0.0194,-0.0819,-0.0146,-0.1485,24.1251,0.0273,-0.0499,-0.0002,0.2190,-0.2192,0.7401,sell
2022-01-18,513.3400,3461000,510.3900,519.3900,504.9800,-0.0139,-0.0238,-0.0904,-0.0189,-0.1559,24.3592,0.0273,-0.0503,0.0001,0.1784,0.3012,1.0279,hold
2022-01-19,516.5800,2985900,516.4800,528.9200,515.3000,0.0063,-0.0251,-0.0675,-0.0056,-0.1465,26.5546,0.0275,-0.0486,0.0011,0.2370,-0.1373,0.8928,sell
2022-01-20,510.8500,3208100,522.3800,532.0300,509.6400,-0.0111,-0.0404,-0.0070,-0.0159,-0.1516,24.4739,0.0158,-0.0484,0.0015,0.2115,0.0744,0.9723,sell
2022-01-21,499.9100,4276100,508.5000,513.8600,499.2700,-0.0214,-0.0329,-0.0276,-0.0344,-0.1651,23.0039,0.0171,-0.0501,0.0007,0.1487,0.3329,1.3009,buy
2022-01-24,519.6600,7538000,491.0700,520.4300,483.3100,0.0395,-0.0018,0.0175,0.0021,-0.1284,34.1936,0.0216,-0.0451,0.0031,0.3526,0.7628,2.1195,sell
2022-01-25,502.7200,4051500,505.5100,514.2600,500.0100,-0.0326,-0.0207,-0.0439,-0.0263,-0.1528,32.6757,0.0217,-0.0462,0.0028,0.2122,-0.4625,1.1070,hold
2022-01-26,500.8100,4449500,514.0000,520.4900,494.2200,-0.0038,-0.0305,-0.0549,-0.0245,-0.1516,43.8282,0.0213,-0.0459,0.0027,0.2180,0.0982,1.1780,sell
2022-01-27,493.0500,5865400,508.9400,513.2300,485.6200,-0.0155,-0.0348,-0.0739,-0.0322,-0.1600,41.0561,0.0212,-0.0469,0.0019,0.1635,0.3182,1.4864,buy
2022-01-28,518.1600,4339000,494.0900,519.0000,480.6200,0.0509,0.0365,0.0024,0.0169,-0.1125,52.6742,0.0265,-0.0405,0.0048,0.4614,-0.2602,1.0622,buy
2022-01-31,534.3000,3995100,518.9800,534.9400,514.3900,0.0311,0.0282,0.0263,0.0457,-0.0806,53.0144,0.0282,-0.0333,0.0085,0.7115,-0.0793,0.9500,hold
2022-02-01,535.9800,2307400,536.0000,538.7700,527.7200,0.0031,0.0662,0.0441,0.0444,-0.0734,52.2048,0.0276,-0.0278,0.0110,0.8086,-0.4224,0.5523,hold
2022-02-02,533.0900,2494100,536.2500,540.4600,529.3200,-0.0054,0.0645,0.0320,0.0354,-0.0734,50.2599,0.0278,-0.0239,0.0121,0.8247,0.0809,0.6105,sell
2022-02-03,510.8300,3058700,522.8700,525.1800,508.7500,-0.0418,0.0361,-0.0000,-0.0078,-0.1071,47.9113,0.0311,-0.0248,0.0103,0.3752,0.2264,0.7907,hold
2022-02-04,513.5400,2583700,503.7700,519.9700,503.7700,0.0053,-0.0089,0.0273,-0.0052,-0.0976,47.5540,0.0301,-0.0239,0.0088,0.4308,-0.1553,0.6796,sell
2022-02-07,507.1000,3120500,516.0000,516.0000,500.9500,-0.0125,-0.0509,-0.0242,-0.0153,-0.1038,47.8258,0.0275,-0.0243,0.0071,0.3059,0.2078,0.8260,buy
2022-02-08,511.3100,3205500,501.6300,513.5100,501.0700,0.0083,-0.0460,0.0171,-0.0087,-0.0915,48.1761,0.0254,-0.0232,0.0063,0.4039,0.0272,0.8743,buy
2022-02-09,521.7500,2542200,520.3500,522.4800,515.0600,0.0204,-0.0213,0.0418,0.0074,-0.0675,53.6533,0.0260,-0.0202,0.0069,0.6275,-0.2069,0.7018,sell
2022-02-10,495.0200,4735800,508.0800,514.4800,492.2800,-0.0512,-0.0309,0.0040,-0.0446,-0.1097,48.5179,0.0310,-0.0233,0.0043,0.1138,0.8629,1.2751,sell
2022-02-11,473.9700,5027000,497.9200,499.9300,472.9000,-0.0425,-0.0771,-0.0853,-0.0773,-0.1419,36.2603,0.0282,-0.0292,-0.0004,-0.1270,0.0615,1.3246,hold
2022-02-14,474.0100,3372100,473.2000,478.5700,469.2100,0.0001,-0.0653,-0.1128,-0.0663,-0.1356,40.3896,0.0248,-0.0327,-0.0031,-0.0181,-0.3292,0.8803,buy
2022-02-15,479.5000,3743100,482.5300,482.5300,472.3900,0.0116,-0.0622,-0.1054,-0.0448,-0.1212,43.0337,0.0255,-0.0338,-0.0036,0.1148,0.1100,0.9735,hold
2022-02-16,477.7000,3750500,476.4900,480.2100,467.2700,-0.0038,-0.0844,-0.1039,-0.0378,-0.1199,44.7786,0.0255,-0.0349,-0.0037,0.1374,0.0020,0.9658,sell
2022-02-17,457.7100,4021100,473.1400,476.4500,456.0500,-0.0418,-0.0754,-0.1040,-0.0681,-0.1507,28.6953,0.0256,-0.0404,-0.0062,-0.0148,0.0722,1.0248,sell
2022-02-18,442.5600,5194200,458.6900,459.3000,441.7700,-0.0331,-0.0663,-0.1382,-0.0857,-0.1723,17.4404,0.0258,-0.0472,-0.0095,-0.0574,0.2917,1.3085,sell
2022-02-22,438.4000,4287600,440.3500,451.0900,435.0500,-0.0094,-0.0751,-0.1355,-0.0813,-0.1741,15.9668,0.0258,-0.0521,-0.0113,-0.0004,-0.1745,1.1262,sell
2022-02-23,429.4500,4263000,447.7800,449.5900,428.0600,-0.0204,-0.1044,-0.1601,-0.0843,-0.1840,15.3192,0.0246,-0.0579,-0.0129,0.0136,-0.0057,1.1166,buy
2022-02-24,463.8200,6448800,418.5900,465.9300,416.8100,0.0800,-0.0291,-0.1110,0.0013,-0.1122,35.4485,0.0382,-0.0505,-0.0071,0.2969,0.5127,1.6461,hold
2022-02-25,465.5400,2869700,465.3900,468.5200,456.0200,0.0037,0.0171,-0.0596,0.0115,-0.1038,35.0505,0.0356,-0.0470,-0.0030,0.3229,-0.5550,0.7616,hold
2022-02-28,467.6800,3302300,462.4000,468.4800,458.8600,0.0046,0.0568,-0.0133,0.0175,-0.0940,37.3848,0.0332,-0.0433,0.0004,0.3561,0.1507,0.8886,hold
2022-03-01,466.6800,3352800,468.0000,479.2100,462.9200,-0.0021,0.0645,-0.0155,0.0169,-0.0924,35.4179,0.0332,-0.0403,0.0028,0.3672,0.0153,0.9101,hold
2022-03-02,471.1800,2948500,471.9400,477.4900,466.0400,0.0096,0.0972,-0.0174,0.0286,-0.0806,32.8098,0.0331,-0.0363,0.0051,0.4230,-0.1206,0.7934,sell
2022-03-03,459.0800,2906300,475.8300,476.0500,455.4500,-0.0257,-0.0102,-0.0390,0.0063,-0.1010,36.4336,0.0340,-0.0361,0.0051,0.3355,-0.0143,0.7778,sell
2022-03-04,452.1300,2751600,455.4900,463.5200,447.0000,-0.0151,-0.0288,-0.0122,-0.0077,-0.1110,40.7739,0.0317,-0.0365,0.0043,0.2909,-0.0532,0.7394,sell
2022-03-07,437.9700,3676100,456.2200,457.6800,437.1800,-0.0313,-0.0635,-0.0104,-0.0378,-0.1345,36.3979,0.0315,-0.0397,0.0019,0.1804,0.3360,0.9736,sell
2022-03-08,431.5300,3734800,432.5100,443.8000,421.3600,-0.0147,-0.0753,-0.0157,-0.0506,-0.1426,32.0243,0.0317,-0.0426,-0.0003,0.1500,0.0160,0.9811,buy
2022-03-09,450.8700,2905700,443.8000,453.1100,438.9300,0.0448,-0.0431,0.0499,-0.0127,-0.0996,41.1141,0.0339,-0.0386,0.0015,0.3655,-0.2220,0.7663,sell
2022-03-10,438.9500,2722300,444.6800,447.6500,433.0100,-0.0264,-0.0438,-0.0536,-0.0335,-0.1188,43.4360,0.0227,-0.0397,0.0012,0.2256,-0.0631,0.7163,sell
2022-03-11,416.3800,4434500,439.6600,440.6100,415.4300,-0.0514,-0.0791,-0.1056,-0.0732,-0.1590,41.2919,0.0267,-0.0457,-0.0021,-0.0266,0.6290,1.1714,sell
2022-03-14,411.5000,3731400,413.3600,422.3800,407.9400,-0.0117,-0.0604,-0.1201,-0.0724,-0.1634,41.0951,0.0261,-0.0497,-0.0044,-0.0012,-0.1586,1.0028,buy
2022-03-15,421.6600,3201700,415.9700,422.9600,413.1700,0.0247,-0.0229,-0.0965,-0.0398,-0.1377,47.4417,0.0285,-0.0487,-0.0036,0.1641,-0.1420,0.8625,buy
2022-03-16,442.3600,4141200,431.7400,442.5200,424.3500,0.0491,-0.0189,-0.0612,0.0140,-0.0908,42.2572,0.0338,-0.0423,0.0005,0.4371,0.2934,1.1096,hold
2022-03-17,444.3600,3556700,441.2600,446.8200,436.5100,0.0045,0.0123,-0.0321,0.0221,-0.0826,42.3736,0.0331,-0.0380,0.0037,0.4840,-0.1411,0.9555,buy
2022-03-18,453.3300,5898100,439.2000,453.7400,435.7900,0.0202,0.0887,0.0027,0.0424,-0.0617,45.0752,0.0335,-0.0321,0.0070,0.6148,0.6583,1.5455,hold
2022-03-21,453.5900,3704200,451.4200,459.5800,445.9500,0.0006,0.1023,0.0357,0.0393,-0.0588,45.4847,0.0316,-0.0277,0.0091,0.6101,-0.3720,0.9899,buy
2022-03-22,466.4500,5377000,453.5000,471.9800,450.6900,0.0284,0.1062,0.0809,0.0602,-0.0303,48.4574,0.0317,-0.0211,0.0118,0.7653,0.4516,1.4164,sell
2022-03-23,422.9000,13979800,437.5100,437.9800,416.4700,-0.0934,-0.0440,-0.0620,-0.0326,-0.1171,40.2089,0.0423,-0.0261,0.0081,0.1759,1.5999,3.2646,buy
2022-03-24,432.1400,5544300,426.0800,432.2100,421.4900,0.0218,-0.0275,-0.0155,-0.0099,-0.0941,44.6565,0.0425,-0.0258,0.0062,0.3204,-0.6034,1.3086,hold
2022-03-25,431.6200,3283600,435.4400,438.6200,426.0000,-0.0012,-0.0479,0.0366,-0.0145,-0.0913,48.1691,0.0386,-0.0258,0.0050,0.3328,-0.4078,0.7712,buy
2022-03-28,450.0100,4472600,433.4200,450.3200,433.1500,0.0426,-0.0079,0.0936,0.0185,-0.0500,54.9849,0.0399,-0.0211,0.0067,0.6063,0.3621,1.0362,buy
2022-03-29,466.3300,4323800,459.1600,467.8000,452.4400,0.0363,-0.0003,0.1059,0.0449,-0.0132,54.2393,0.0405,-0.0147,0.0097,0.8457,-0.0333,0.9906,sell
2022-03-30,460.0600,3889200,461.5200,466.7700,456.8400,-0.0134,0.0879,0.0400,0.0267,-0.0243,55.9737,0.0388,-0.0112,0.0108,0.7751,-0.1005,0.8816,hold
2022-03-31,455.6200,4141300,461.5900,465.4300,455.4300,-0.0097,0.0543,0.0253,0.0143,-0.0312,62.3739,0.0390,-0.0091,0.0105,0.7118,0.0648,0.9257,hold
2022-04-01,458.1900,2718400,455.0000,461.5500,450.9600,0.0056,0.0616,0.0107,0.0189,-0.0236,64.9408,0.0386,-0.0068,0.0102,0.7431,-0.3436,0.6079,buy
2022-04-04,468.8100,2974500,461.0400,473.4900,460.6100,0.0232,0.0418,0.0336,0.0390,0.0004,65.0437,0.0392,-0.0030,0.0109,0.8600,0.0942,0.6704,sell
2022-04-05,458.5800,2481900,469.3200,471.7600,455.0700,-0.0218,-0.0166,-0.0169,0.0181,-0.0189,55.5457,0.0389,-0.0019,0.0098,0.6926,-0.1656,0.5674,sell
2022-04-06,444.3300,3824900,448.2400,450.0100,439.5700,-0.0311,-0.0342,0.0507,-0.0182,-0.0470,49.9905,0.0250,-0.0036,0.0068,0.4924,0.5411,0.8653,buy
2022-04-07,452.7200,2757800,444.0900,455.9200,440.7600,0.0189,-0.0064,0.0476,-0.0042,-0.0270,49.8069,0.0248,-0.0032,0.0056,0.6033,-0.2790,0.6237,sell
2022-04-08,445.3400,2260700,449.9500,454.4100,443.3700,-0.0163,-0.0280,0.0318,-0.0234,-0.0409,47.5005,0.0256,-0.0043,0.0037,0.4741,-0.1803,0.5241,sell
2022-04-11,434.4400,2932100,438.8100,440.0000,429.7400,-0.0245,-0.0733,-0.0346,-0.0440,-0.0610,40.1852,0.0229,-0.0072,0.0008,0.2548,0.2970,0.6862,sell
2022-04-12,426.7700,2199000,442.6900,444.4400,425.1600,-0.0177,-0.0694,-0.0848,-0.0526,-0.0732,51.5213,0.0185,-0.0109,-0.0022,0.0994,-0.2500,0.5207,buy
2022-04-13,431.6700,3078900,427.3000,433.5200,425.6700,0.0115,-0.0285,-0.0617,-0.0357,-0.0583,49.8087,0.0194,-0.0126,-0.0031,0.2099,0.4001,0.7384,sell
2022-04-14,420.4400,2597000,435.8600,435.9500,420.0300,-0.0260,-0.0713,-0.0772,-0.0533,-0.0783,45.8146,0.0204,-0.0163,-0.0053,0.0696,-0.1565,0.6300,buy
2022-04-18,425.4700,2594700,419.4000,429.6900,418.7300,0.0120,-0.0446,-0.0714,-0.0349,-0.0638,39.7920,0.0209,-0.0176,-0.0054,0.1877,-0.0009,0.6558,buy
2022-04-19,436.4000,1962700,422.0200,437.4900,420.6400,0.0257,0.0045,-0.0691,-0.0028,-0.0364,36.9654,0.0214,-0.0161,-0.0034,0.3736,-0.2436,0.5072,sell
2022-04-20,428.1100,2094400,440.5900,442.4400,427.2000,-0.0190,0.0031,-0.0664,-0.0149,-0.0514,36.3263,0.0212,-0.0169,-0.0032,0.2657,0.0671,0.5652,sell
2022-04-21,417.4800,2390100,432.6900,438.9400,416.3600,-0.0248,-0.0329,-0.0604,-0.0334,-0.0711,34.4985,0.0204,-0.0196,-0.0044,0.1074,0.1412,0.7646,sell
2022-04-22,408.6700,3198800,420.7100,424.3300,408.0200,-0.0211,-0.0280,-0.0973,-0.0440,-0.0861,30.8448,0.0189,-0.0233,-0.0062,0.0332,0.3384,1.0631,buy
2022-04-25,413.9500,3368800,405.7000,414.0800,401.6700,0.0129,-0.0271,-0.0705,-0.0245,-0.0710,27.8648,0.0200,-0.0243,-0.0059,0.1413,0.0531,1.1181,sell
2022-04-26,399.1200,2820100,410.1700,411.6100,397.4700,-0.0358,-0.0854,-0.0813,-0.0515,-0.1012,26.8674,0.0214,-0.0289,-0.0079,0.0250,-0.1629,0.9623,hold
2022-04-27,397.9000,3080700,401.4400,412.4600,396.8100,-0.0031,-0.0706,-0.0676,-0.0479,-0.1009,29.8987,0.0212,-0.0318,-0.0086,0.0664,0.0924,1.0741,buy
2022-04-28,410.5300,2593900,406.1300,414.2700,398.4900,0.0317,-0.0166,-0.0490,-0.0127,-0.0695,32.3812,0.0239,-0.0302,-0.0061,0.2432,-0.1580,0.9252,sell
2022-04-29,395.9500,3033200,407.4700,413.0000,394.6400,-0.0355,-0.0311,-0.0582,-0.0421,-0.0992,30.5444,0.0250,-0.0333,-0.0067,0.1152,0.1694,1.1037,buy
2022-05-02,407.2900,3010000,397.1300,407.9800,394.0400,0.0286,-0.0161,-0.0427,-0.0103,-0.0712,39.3421,0.0268,-0.0314,-0.0044,0.2709,-0.0076,1.0895,hold
2022-05-03,407.5800,2196100,406.5900,413.9300,403.5000,0.0007,0.0212,-0.0660,-0.0026,-0.0691,42.0035,0.0248,-0.0301,-0.0025,0.2886,-0.2704,0.8063,buy
2022-05-04,423.3500,3330400,407.2900,424.2300,395.0500,0.0387,0.0640,-0.0111,0.0372,-0.0324,46.8210,0.0281,-0.0248,0.0014,0.5301,0.5165,1.2040,sell
2022-05-05,400.5100,3507700,415.5500,417.9900,395.7100,-0.0540,-0.0244,-0.0406,-0.0147,-0.0834,43.0055,0.0321,-0.0269,0.0006,0.2100,0.0532,1.2754,sell
2022-05-06,391.0100,3522200,395.0000,401.2600,382.8200,-0.0237,-0.0125,-0.0432,-0.0339,-0.1021,38.2741,0.0323,-0.0298,-0.0013,0.0880,0.0041,1.2631,sell
2022-05-09,376.9100,4324900,381.9500,389.6300,374.8600,-0.0361,-0.0746,-0.0895,-0.0601,-0.1310,30.1845,0.0331,-0.0354,-0.0046,-0.0596,0.2279,1.4956,buy
2022-05-10,393.0300,5334400,385.7200,400.8300,374.7800,0.0428,-0.0357,-0.0153,-0.0184,-0.0907,38.8945,0.0353,-0.0336,-0.0033,0.2199,0.2334,1.7711,sell
2022-05-11,379.3300,3822000,389.9900,409.9900,377.8100,-0.0349,-0.1040,-0.0467,-0.0482,-0.1188,38.1529,0.0369,-0.0371,-0.0045,0.0666,-0.2835,1.2357,buy
2022-05-12,388.4900,4048200,373.4000,390.1300,370.2700,0.0241,-0.0300,-0.0537,-0.0198,-0.0941,43.7469,0.0361,-0.0356,-0.0030,0.2298,0.0592,1.2886,buy
2022-05-13,405.4500,3379300,396.4700,408.9700,393.9400,0.0437,0.0369,0.0240,0.0205,-0.0521,47.5439,0.0373,-0.0299,0.0010,0.5019,-0.1652,1.0625,hold
2022-05-16,402.8600,2645200,399.7400,407.1700,396.6000,-0.0064,0.0688,-0.0109,0.0151,-0.0560,51.1629,0.0363,-0.0270,0.0033,0.4780,-0.2172,0.8310,buy
2022-05-17,409.6500,2614700,413.0800,416.7200,403.5400,0.0169,0.0423,0.0051,0.0317,-0.0388,53.5313,0.0367,-0.0225,0.0058,0.6280,-0.0115,0.8131,sell
2022-05-18,397.8800,2915900,404.3800,411.6600,396.1100,-0.0287,0.0489,-0.0602,0.0085,-0.0650,46.1785,0.0352,-0.0220,0.0057,0.4271,0.1152,0.8953,hold
2022-05-19,394.3800,2797200,399.0100,403.0400,391.5700,-0.0088,0.0152,-0.0153,0.0012,-0.0707,49.4917,0.0309,-0.0218,0.0050,0.3720,-0.0407,0.8535,buy
2022-05-20,399.0900,3432400,401.3900,406.2400,385.6200,0.0119,-0.0157,0.0207,0.0111,-0.0579,47.2260,0.0301,-0.0200,0.0052,0.4861,0.2271,1.0436,buy
2022-05-23,406.7600,2337500,404.0100,407.8800,398.8900,0.0192,0.0097,0.0792,0.0228,-0.0393,49.7358,0.0272,-0.0167,0.0064,0.6715,-0.3190,0.7221,sell
2022-05-24,398.4100,2630800,401.6100,404.3300,391.0400,-0.0205,-0.0274,0.0137,0.0005,-0.0585,41.5606,0.0255,-0.0162,0.0059,0.4790,0.1255,0.8150,buy
2022-05-25,402.5000,2726700,395.3200,406.1000,394.7100,0.0103,0.0116,0.0611,0.0049,-0.0479,50.7713,0.0220,-0.0144,0.0060,0.5682,0.0365,0.8494,buy
2022-05-26,408.6000,2419500,405.0900,411.5500,402.4600,0.0152,0.0361,0.0518,0.0150,-0.0320,57.0018,0.0214,-0.0115,0.0068,0.7133,-0.1127,0.7558,buy
2022-05-27,428.2200,3560400,414.8000,428.5500,414.6300,0.0480,0.0730,0.0562,0.0578,0.0153,69.5645,0.0223,-0.0053,0.0098,1.0450,0.4715,1.1031,sell
2022-05-31,416.4800,7944200,427.2200,427.2900,412.7900,-0.0274,0.0239,0.0338,0.0253,-0.0108,59.2505,0.0245,-0.0030,0.0100,0.7907,1.2313,2.2864,hold
2022-06-01,418.1600,3409900,428.0000,437.5500,413.7900,0.0040,0.0496,0.0208,0.0273,-0.0051,66.9223,0.0240,-0.0007,0.0098,0.8020,-0.5708,0.9646,buy
2022-06-02,441.2800,3415700,418.1100,441.9000,415.8400,0.0553,0.0963,0.1091,0.0727,0.0511,70.5105,0.0265,0.0052,0.0121,1.1264,0.0017,0.9650,sell
2022-06-03,429.7600,2355300,430.7100,438.0100,427.2600,-0.0261,0.0518,0.0897,0.0358,0.0234,59.8621,0.0284,0.0079,0.0120,0.8862,-0.3104,0.6765,hold
2022-06-06,429.4600,1563800,437.5900,440.0000,427.0400,-0.0007,0.0029,0.0761,0.0275,0.0228,60.9954,0.0286,0.0097,0.0110,0.8401,-0.3361,0.4621,buy
2022-06-07,433.4200,1611200,423.9800,435.2000,423.1200,0.0092,0.0407,0.0655,0.0304,0.0321,60.0610,0.0283,0.0117,0.0104,0.8667,0.0303,0.4960,sell
2022-06-08,428.8400,1790100,430.5400,433.7500,426.4200,-0.0106,0.0255,0.0764,0.0122,0.0222,63.9535,0.0274,0.0124,0.0089,0.7687,0.1110,0.5829,hold
2022-06-09,426.4200,2572400,424.1700,436.0400,423.4800,-0.0056,-0.0337,0.0594,0.0008,0.0184,64.5822,0.0277,0.0124,0.0071,0.7157,0.4370,0.8550,sell
2022-06-10,393.8400,4406100,412.9000,413.9600,390.1900,-0.0764,-0.0836,-0.0361,-0.0724,-0.0564,48.0941,0.0377,0.0066,0.0007,0.1663,0.7128,1.4559,sell
2022-06-13,371.6500,4724800,377.3600,385.6500,371.0900,-0.0563,-0.1346,-0.1321,-0.1129,-0.1060,38.4696,0.0364,-0.0036,-0.0079,-0.0764,0.0723,1.5272,hold
2022-06-14,370.8200,3197200,371.4400,376.8900,367.3100,-0.0022,-0.1444,-0.1096,-0.1051,-0.1042,40.4685,0.0362,-0.0120,-0.0130,-0.0019,-0.3233,1.0243,buy
2022-06-15,376.9200,3664500,376.0300,382.7500,368.5000,0.0165,-0.1211,-0.0986,-0.0812,-0.0854,41.2839,0.0370,-0.0168,-0.0143,0.1228,0.1462,1.1546,sell
2022-06-16,365.0800,5775300,369.3700,376.1200,360.9000,-0.0314,-0.1438,-0.1727,-0.0932,-0.1101,35.7293,0.0295,-0.0238,-0.0170,0.0460,0.5760,1.7413,sell
2022-06-17,360.7900,9475100,349.2400,367.3200,338.0000,-0.0118,-0.0839,-0.1605,-0.0883,-0.1170,25.4174,0.0294,-0.0299,-0.0184,0.0578,0.6406,2.5955,hold
2022-06-21,362.9900,5343500,355.0200,372.8000,353.5100,0.0061,-0.0233,-0.1548,-0.0670,-0.1077,29.0416,0.0299,-0.0334,-0.0176,0.1231,-0.4360,1.4264,hold
2022-06-22,365.3300,3168200,360.7900,372.5500,358.2200,0.0064,-0.0148,-0.1571,-0.0443,-0.0984,29.4067,0.0296,-0.0352,-0.0156,0.1797,-0.4071,0.8364,buy
2022-06-23,376.6400,2534300,371.7100,378.1800,367.4700,0.0310,-0.0007,-0.1217,-0.0011,-0.0678,22.2480,0.0332,-0.0329,-0.0111,0.2936,-0.2001,0.6699,buy
2022-06-24,387.7200,3305300,380.6400,388.0600,378.2200,0.0294,0.0620,-0.0908,0.0390,-0.0385,31.8824,0.0358,-0.0283,-0.0057,0.3969,0.3042,0.8671,sell
2022-06-27,381.0700,2244600,388.8000,389.3900,379.3800,-0.0172,0.0562,-0.0324,0.0247,-0.0526,30.2280,0.0273,-0.0270,-0.0032,0.3523,-0.3209,0.5902,sell
2022-06-28,365.6300,2654500,381.0000,382.9800,364.4500,-0.0405,0.0073,-0.0162,-0.0153,-0.0885,24.6769,0.0241,-0.0297,-0.0039,0.2461,0.1826,0.7064,buy
2022-06-29,368.5000,2027900,367.9400,370.3700,362.6400,0.0078,0.0087,-0.0063,-0.0069,-0.0788,27.1682,0.0243,-0.0297,-0.0033,0.2924,-0.2361,0.5858,hold
2022-06-30,366.0600,2595500,362.9000,370.4200,357.5600,-0.0066,-0.0281,-0.0288,-0.0106,-0.0816,27.1640,0.0236,-0.0303,-0.0030,0.2933,0.2799,0.7586,hold
2022-07-01,368.4800,2471600,364.1800,369.5300,359.0700,0.0066,-0.0496,0.0093,-0.0050,-0.0728,37.5686,0.0214,-0.0296,-0.0019,0.3323,-0.0477,0.7325,buy
2022-07-05,376.4900,3120500,363.5000,378.5200,359.8200,0.0217,-0.0120,0.0435,0.0124,-0.0507,52.7556,0.0218,-0.0265,0.0005,0.4264,0.2625,0.9145,buy
2022-07-06,382.8300,2284600,378.5400,385.3900,374.0900,0.0168,0.0470,0.0547,0.0240,-0.0334,56.4341,0.0221,-0.0225,0.0032,0.5151,-0.2679,0.6625,buy
2022-07-07,390.8900,2368500,382.5000,392.0700,382.3800,0.0211,0.0608,0.0700,0.0384,-0.0119,57.3303,0.0226,-0.0175,0.0062,0.6518,0.0367,0.6794,hold
2022-07-08,389.4400,1611200,384.3500,391.8600,383.8400,-0.0037,0.0639,0.0340,0.0311,-0.0151,64.3463,0.0212,-0.0140,0.0078,0.6974,-0.3197,0.4634,sell
2022-07-11,384.1600,1832200,386.5700,388.0500,380.4600,-0.0136,0.0426,-0.0092,0.0180,-0.0278,63.6046,0.0197,-0.0124,0.0078,0.7175,0.1372,0.5326,sell
2022-07-12,375.5400,2639600,383.9000,391.5200,372.9100,-0.0224,-0.0025,-0.0145,-0.0033,-0.0479,56.7978,0.0202,-0.0129,0.0062,0.5321,0.4407,0.7875,sell
2022-07-13,371.9400,1994000,368.2000,374.4100,364.7000,-0.0096,-0.0284,0.0173,-0.0146,-0.0559,53.5321,0.0153,-0.0138,0.0044,0.4344,-0.2446,0.6201,hold
2022-07-14,372.9600,2098400,368.8300,374.1900,361.4600,0.0027,-0.0459,0.0121,-0.0130,-0.0516,47.7906,0.0152,-0.0140,0.0033,0.4589,0.0524,0.6640,buy
2022-07-15,379.8600,2488300,377.7900,384.4700,376.8600,0.0185,-0.0246,0.0377,0.0016,-0.0327,45.0316,0.0158,-0.0123,0.0037,0.6412,0.1858,0.8022,sell
2022-07-18,375.2300,1866400,383.8300,385.5700,374.0100,-0.0122,-0.0232,0.0183,-0.0124,-0.0422,46.2117,0.0165,-0.0122,0.0033,0.5028,-0.2499,0.6422,buy
2022-07-19,387.8300,1977600,382.8900,388.3200,378.0000,0.0336,0.0327,0.0301,0.0177,-0.0094,64.9515,0.0184,-0.0088,0.0049,0.8239,0.0596,0.7812,buy
2022-07-20,401.4900,2746800,392.1900,403.1300,390.0700,0.0352,0.0794,0.0487,0.0485,0.0250,69.3990,0.0207,-0.0035,0.0078,1.0884,0.3890,1.1438,buy
2022-07-21,408.9100,2009900,404.1200,409.6500,399.2400,0.0185,0.0964,0.0461,0.0628,0.0422,73.8029,0.0205,0.0019,0.0104,1.1183,-0.2683,0.8576,sell
2022-07-22,401.9000,2413200,410.0300,414.6200,398.6300,-0.0171,0.0580,0.0320,0.0412,0.0239,67.6638,0.0215,0.0048,0.0108,0.9058,0.2007,1.0324,sell
2022-07-25,391.9600,2340500,400.1100,400.7700,388.5700,-0.0247,0.0446,0.0203,0.0134,-0.0021,58.0131,0.0228,0.0052,0.0090,0.6981,-0.0301,1.0224,sell
2022-07-26,379.2600,2368500,393.5800,393.5800,378.1600,-0.0324,-0.0221,0.0099,-0.0203,-0.0340,48.2651,0.0241,0.0028,0.0054,0.4459,0.0120,1.0318,buy
2022-07-27,392.7800,2678000,385.0800,394.9100,383.4100,0.0356,-0.0217,0.0560,0.0092,0.0011,50.8722,0.0260,0.0035,0.0048,0.6952,0.1307,1.1660,buy
2022-07-28,403.5000,2421700,392.7600,406.1500,390.0600,0.0273,-0.0132,0.0819,0.0286,0.0284,55.9769,0.0269,0.0061,0.0059,0.8721,-0.0957,1.0455,buy
2022-07-29,410.1200,2669800,404.6900,411.3800,400.8900,0.0164,0.0205,0.0797,0.0375,0.0453,60.9112,0.0268,0.0093,0.0073,0.9485,0.1024,1.1507,hold
2022-08-01,411.0900,1910000,406.5100,417.1600,405.0700,0.0024,0.0488,0.0956,0.0306,0.0470,65.9689,0.0259,0.0119,0.0079,0.9174,-0.2846,0.8333,hold
2022-08-02,409.9600,2165500,405.3400,412.4200,402.2500,-0.0027,0.0809,0.0571,0.0221,0.0433,67.4660,0.0247,0.0136,0.0077,0.8526,0.1338,0.9649,buy
2022-08-03,424.5400,2403500,412.8100,426.0400,412.0200,0.0356,0.0809,0.0574,0.0524,0.0790,71.0703,0.0248,0.0171,0.0091,1.0173,0.1099,1.0681,buy
2022-08-04,430.5900,2745600,425.4500,431.1500,419.6300,0.0143,0.0671,0.0530,0.0617,0.0931,70.8680,0.0245,0.0208,0.0103,1.0122,0.1423,1.2100,hold
2022-08-05,433.4300,2481400,423.0000,434.5400,421.0000,0.0066,0.0568,0.0785,0.0604,0.0983,74.2986,0.0232,0.0240,0.0109,0.9693,-0.0962,1.0730,hold
2022-08-08,434.3400,2202000,435.0000,440.3000,432.4800,0.0021,0.0566,0.1081,0.0518,0.0989,71.5185,0.0204,0.0264,0.0107,0.9178,-0.1126,0.9446,sell
2022-08-09,426.5700,1977300,434.3400,434.5900,424.6200,-0.0179,0.0405,0.1247,0.0213,0.0782,62.2725,0.0173,0.0272,0.0089,0.7929,-0.1020,0.8605,buy
2022-08-10,438.4000,2634400,441.4200,443.2200,436.2000,0.0277,0.0326,0.1161,0.0382,0.1076,63.8334,0.0163,0.0285,0.0086,0.8925,0.3323,1.1307,sell
2022-08-11,434.8900,1756600,445.2600,445.6100,434.4000,-0.0080,0.0100,0.0778,0.0223,0.0977,66.0006,0.0162,0.0294,0.0074,0.8213,-0.3332,0.7595,buy
2022-08-12,445.6700,2150400,439.6100,446.0000,436.5800,0.0248,0.0282,0.0867,0.0390,0.1233,75.8395,0.0169,0.0307,0.0075,0.9059,0.2242,0.9366,buy
2022-08-15,451.0200,2503400,445.0700,451.1500,442.1400,0.0120,0.0384,0.0971,0.0418,0.1362,87.1506,0.0168,0.0326,0.0077,0.9284,0.1642,1.0754,sell
2022-08-16,447.5600,2139500,446.1200,450.0900,440.1000,-0.0077,0.0492,0.0917,0.0249,0.1265,81.6574,0.0173,0.0336,0.0068,0.8490,-0.1454,0.9159,sell
2022-08-17,437.8200,1894400,440.8700,442.9900,436.1100,-0.0218,-0.0013,0.0313,-0.0005,0.1015,70.0608,0.0170,0.0328,0.0043,0.7084,-0.1146,0.8261,hold
2022-08-18,439.0300,1402300,438.6100,441.3900,437.0100,0.0028,0.0095,0.0196,0.0004,0.1043,68.0395,0.0165,0.0313,0.0023,0.7029,-0.2598,0.6197,sell
2022-08-19,425.0600,2007700,431.5800,432.5000,424.6200,-0.0318,-0.0462,-0.0193,-0.0296,0.0693,57.5003,0.0195,0.0283,-0.0013,0.5208,0.4317,0.8952,sell
2022-08-22,411.3500,2074600,419.4100,419.7900,410.0800,-0.0323,-0.0880,-0.0529,-0.0560,0.0356,50.6575,0.0217,0.0229,-0.0062,0.3289,0.0333,0.9306,hold
2022-08-23,410.4100,1392200,410.3700,415.7000,409.2000,-0.0023,-0.0830,-0.0379,-0.0546,0.0324,42.3265,0.0212,0.0176,-0.0093,0.2604,-0.3289,0.6385,sell
2022-08-24,405.6500,1883900,410.6800,413.2400,405.3300,-0.0116,-0.0735,-0.0747,-0.0585,0.0187,36.2635,0.0182,0.0123,-0.0118,0.1516,0.3532,0.8800,hold
2022-08-25,403.9300,3062400,405.7900,406.6700,392.9200,-0.0042,-0.0799,-0.0712,-0.0557,0.0127,33.5489,0.0182,0.0077,-0.0133,0.1217,0.6256,1.4094,sell
2022-08-26,381.0200,3600100,403.9900,405.5400,380.5000,-0.0567,-0.1036,-0.1451,-0.0956,-0.0450,26.1239,0.0204,-0.0007,-0.0183,-0.1196,0.1756,1.6221,sell
2022-08-29,375.2600,2410300,380.0900,382.8600,374.8200,-0.0151,-0.0877,-0.1680,-0.0929,-0.0599,26.6028,0.0180,-0.0090,-0.0215,-0.0770,-0.3305,1.0739,hold
2022-08-30,375.0700,1835000,379.9200,380.6600,371.0600,-0.0005,-0.0861,-0.1620,-0.0772,-0.0610,17.6921,0.0186,-0.0154,-0.0223,0.0013,-0.2387,0.8237,hold
2022-08-31,373.4400,3193900,378.5300,381.1500,372.5000,-0.0043,-0.0794,-0.1470,-0.0665,-0.0656,18.0380,0.0190,-0.0206,-0.0221,0.0558,0.7405,1.4086,sell
2022-09-01,370.5300,2574400,371.0000,371.6400,361.7200,-0.0078,-0.0827,-0.1560,-0.0576,-0.0731,7.4326,0.0181,-0.0253,-0.0214,0.0889,-0.1940,1.1397,sell
2022-09-02,368.1400,2450500,374.5300,382.0000,365.4300,-0.0065,-0.0338,-0.1339,-0.0499,-0.0787,1.4185,0.0175,-0.0292,-0.0203,0.1194,-0.0481,1.0856,hold
2022-09-06,368.3000,2564400,367.2300,374.3000,365.3700,0.0004,-0.0185,-0.1047,-0.0388,-0.0774,1.6707,0.0168,-0.0318,-0.0183,0.1621,0.0465,1.1270,buy
2022-09-07,379.7200,2385500,368.2000,381.5200,367.1900,0.0310,0.0124,-0.0748,-0.0010,-0.0487,15.2844,0.0214,-0.0301,-0.0136,0.2781,-0.0698,1.0391,buy
2022-09-08,383.6300,2276800,377.2000,386.6600,375.2000,0.0103,0.0273,-0.0543,0.0152,-0.0398,17.9324,0.0220,-0.0280,-0.0093,0.3292,-0.0456,0.9995,buy
2022-09-09,394.7800,2998900,390.1900,396.0900,389.6700,0.0291,0.0654,-0.0227,0.0472,-0.0132,31.8813,0.0246,-0.0233,-0.0041,0.4358,0.3172,1.2816,hold
2022-09-12,396.3600,2854800,391.0900,396.3900,389.2800,0.0040,0.0767,0.0403,0.0471,-0.0107,39.5072,0.0153,-0.0196,-0.0004,0.4681,-0.0481,1.2019,sell
2022-09-13,368.3900,4175100,382.5500,383.5800,367.3700,-0.0706,0.0002,-0.0183,-0.0250,-0.0805,28.6614,0.0279,-0.0238,-0.0025,0.2350,0.4625,1.6980,buy
2022-09-14,371.5200,3004400,369.5700,374.2400,365.6100,0.0085,-0.0216,-0.0095,-0.0158,-0.0725,32.3763,0.0281,-0.0248,-0.0030,0.2804,-0.2804,1.2008,sell
2022-09-15,309.1300,27840200,323.1500,329.0000,305.0000,-0.1679,-0.1942,-0.1722,-0.1669,-0.2254,19.9047,0.0600,-0.0468,-0.0164,-0.1981,8.2665,7.3276,sell
2022-09-16,299.5000,14948100,298.3200,300.2000,292.1400,-0.0312,-0.2413,-0.1917,-0.1771,-0.2461,21.7376,0.0601,-0.0639,-0.0261,-0.1459,-0.4631,3.3391,hold
2022-09-19,296.0600,6593400,294.8800,299.2800,293.4600,-0.0115,-0.2531,-0.1958,-0.1701,-0.2512,22.0930,0.0600,-0.0773,-0.0312,-0.0638,-0.5589,1.4011,hold
2022-09-20,291.0600,6548800,292.8200,294.0800,287.8100,-0.0169,-0.2099,-0.2097,-0.1661,-0.2604,21.3687,0.0596,-0.0891,-0.0338,-0.0080,-0.0068,1.3284,hold
2022-09-21,286.3000,4913100,292.8400,297.9400,286.2200,-0.0164,-0.2294,-0.2460,-0.1571,-0.2692,20.9223,0.0567,-0.0993,-0.0344,0.0335,-0.2498,0.9623,hold
2022-09-22,287.0600,5657600,282.0000,289.5500,280.0600,0.0027,-0.0714,-0.2517,-0.1302,-0.2640,21.7415,0.0563,-0.1045,-0.0318,0.0928,0.1515,1.0686,hold
2022-09-23,284.5600,4739300,285.5700,288.5500,280.7000,-0.0087,-0.0499,-0.2792,-0.1079,-0.2671,21.7253,0.0533,-0.1092,-0.0287,0.1232,-0.1623,0.8812,sell
2022-09-26,276.9600,6746200,286.0300,288.9000,276.7500,-0.0267,-0.0645,-0.3012,-0.0980,-0.2829,20.5810,0.0519,-0.1162,-0.0268,0.1274,0.4235,1.2187,hold
2022-09-27,277.5700,6390900,281.7000,284.5000,274.7300,0.0022,-0.0463,-0.2465,-0.0685,-0.2777,14.6368,0.0513,-0.1175,-0.0227,0.1704,-0.0527,1.1145,hold
2022-09-28,281.4000,4985100,280.3800,282.7400,275.3700,0.0138,-0.0171,-0.2426,-0.0262,-0.2636,14.5895,0.0517,-0.1147,-0.0170,0.2217,-0.2200,0.8461,hold
2022-09-29,278.2500,5155300,277.8000,279.5900,275.0100,-0.0112,-0.0307,-0.0999,-0.0267,-0.2671,7.2680,0.0137,-0.1147,-0.0126,0.2334,0.0341,0.8606,sell
2022-09-30,275.2000,4578800,279.6900,284.2900,274.8500,-0.0110,-0.0329,-0.0811,-0.0291,-0.2700,6.0441,0.0117,-0.1145,-0.0090,0.2444,-0.1118,0.7518,buy
2022-10-03,285.2400,3738100,278.2700,286.9000,277.0000,0.0365,0.0299,-0.0365,0.0102,-0.2387,15.3224,0.0182,-0.1052,-0.0028,0.3173,-0.1836,0.6074,buy
2022-10-04,294.9700,4509200,290.9500,296.7900,290.1800,0.0341,0.0627,0.0134,0.0432,-0.2086,19.7407,0.0210,-0.0940,0.0040,0.3858,0.2063,0.7212,buy
2022-10-05,297.3800,3469600,291.4100,298.8100,289.1800,0.0082,0.0568,0.0387,0.0476,-0.1986,41.1667,0.0201,-0.0856,0.0094,0.4171,-0.2306,0.5502,hold
2022-10-06,298.4100,4884000,297.1500,305.5000,297.1000,0.0035,0.0725,0.0395,0.0471,-0.1917,49.0589,0.0201,-0.0780,0.0133,0.4432,0.4077,0.7588,sell
2022-10-07,288.7700,3495900,291.3600,293.7100,286.8300,-0.0323,0.0493,0.0148,0.0118,-0.2130,44.3145,0.0230,-0.0765,0.0143,0.4026,-0.2842,0.5410,sell
2022-10-10,285.7200,2906300,289.7500,290.2800,283.0500,-0.0106,0.0017,0.0316,-0.0020,-0.2160,45.7046,0.0212,-0.0740,0.0142,0.3969,-0.1687,0.4496,hold
2022-10-11,284.8300,3209800,285.6900,288.2800,281.4400,-0.0031,-0.0344,0.0262,-0.0076,-0.2129,48.7391,0.0213,-0.0710,0.0140,0.4069,0.1044,0.5003,hold
2022-10-12,286.1500,3044100,284.6900,289.7900,283.0900,0.0046,-0.0378,0.0169,-0.0047,-0.2039,49.2268,0.0210,-0.0670,0.0140,0.4410,-0.0516,0.4743,buy
2022-10-13,294.7400,4737200,279.7100,298.1700,276.6000,0.0300,-0.0123,0.0593,0.0194,-0.1740,57.8380,0.0222,-0.0592,0.0156,0.7412,0.5562,0.9002,sell
2022-10-14,287.9400,3563300,295.1200,297.5900,287.4500,-0.0231,-0.0029,0.0463,-0.0085,-0.1865,58.5594,0.0235,-0.0571,0.0156,0.5364,-0.2478,0.7592,buy
2022-10-17,293.5000,4600600,297.4500,297.9600,291.4000,0.0193,0.0272,0.0290,0.0078,-0.1642,61.5284,0.0215,-0.0512,0.0161,0.7465,0.2911,1.0015,hold
2022-10-18,292.9800,5472000,302.6800,303.4900,286.8100,-0.0018,0.0286,-0.0067,0.0067,-0.1589,58.8021,0.0185,-0.0470,0.0163,0.7214,0.1894,1.2053,buy
2022-10-19,299.8300,5529100,295.4000,303.7100,292.7000,0.0234,0.0478,0.0082,0.0293,-0.1330,65.5297,0.0198,-0.0403,0.0172,0.9113,0.0104,1.2097,buy
2022-10-20,302.3800,3621600,301.0300,309.1900,299.3400,0.0085,0.0259,0.0133,0.0367,-0.1187,69.7014,0.0200,-0.0345,0.0180,0.9308,-0.3450,0.8104,buy
2022-10-21,306.3700,3659300,300.9900,307.4300,298.2300,0.0132,0.0640,0.0609,0.0440,-0.1003,66.7885,0.0163,-0.0284,0.0188,0.9691,0.0104,0.8289,buy
2022-10-24,316.2200,4817400,308.4300,317.3300,306.2000,0.0322,0.0774,0.1067,0.0665,-0.0642,66.8517,0.0170,-0.0204,0.0202,1.0999,0.3165,1.1156,buy
2022-10-25,323.7900,3814600,319.1200,324.2300,316.7400,0.0239,0.1052,0.1368,0.0779,-0.0346,69.3593,0.0168,-0.0124,0.0218,1.1212,-0.2082,0.9105,sell
2022-10-26,320.4800,4207700,318.1600,330.5800,316.5400,-0.0102,0.0689,0.1200,0.0548,-0.0371,65.6547,0.0182,-0.0073,0.0219,0.9727,0.1031,1.0137,sell
2022-10-27,318.6500,2870200,322.9600,323.8500,316.8700,-0.0057,0.0538,0.0811,0.0406,-0.0357,73.8354,0.0177,-0.0036,0.0206,0.8909,-0.3179,0.7111,buy
2022-10-28,325.6800,3008400,318.6700,327.0500,318.6700,0.0221,0.0630,0.1311,0.0506,-0.0077,79.9730,0.0143,0.0012,0.0199,0.9647,0.0481,0.7601,sell
2022-10-31,318.5000,3253200,323.4900,325.5800,317.4200,-0.0220,0.0072,0.0852,0.0192,-0.0232,73.0775,0.0177,0.0031,0.0178,0.8010,0.0814,0.8270,sell
2022-11-01,316.0200,2467700,321.0100,322.8400,312.7900,-0.0078,-0.0240,0.0786,0.0039,-0.0251,70.1525,0.0182,0.0040,0.0150,0.7330,-0.2415,0.6440,sell
2022-11-02,301.2200,3480000,318.8400,318.8400,301.0900,-0.0468,-0.0601,0.0046,-0.0435,-0.0645,54.0339,0.0241,0.0009,0.0100,0.4663,0.4102,0.9081,sell
2022-11-03,285.9300,4897100,297.0700,299.6100,285.3700,-0.0508,-0.1027,-0.0544,-0.0873,-0.1053,48.8684,0.0288,-0.0060,0.0028,0.2145,0.4072,1.2777,hold
2022-11-04,285.7500,5738300,290.3800,291.0100,278.2300,-0.0006,-0.1226,-0.0673,-0.0819,-0.0992,45.3554,0.0281,-0.0114,-0.0021,0.2172,0.1718,1.4546,buy
2022-11-07,299.5400,3980700,288.9700,300.3600,287.5700,0.0483,-0.0595,-0.0527,-0.0324,-0.0508,53.3919,0.0309,-0.0112,-0.0018,0.4385,-0.3063,0.9955,hold
2022-11-08,302.1700,4230600,301.1500,309.9000,297.7700,0.0088,-0.0438,-0.0668,-0.0170,-0.0380,51.2652,0.0297,-0.0105,-0.0009,0.4681,0.0628,1.0447,sell
2022-11-09,298.8700,2778200,299.6500,303.2900,297.3500,-0.0109,-0.0078,-0.0674,-0.0208,-0.0439,48.1176,0.0297,-0.0109,-0.0010,0.3904,-0.3433,0.6883,buy
2022-11-10,329.9500,5502900,318.5500,330.3700,317.8700,0.1040,0.1540,0.0355,0.0770,0.0585,59.7989,0.0459,-0.0024,0.0052,0.9266,0.9807,1.3505,buy
2022-11-11,341.1500,4110100,330.3400,342.3100,329.4900,0.0339,0.1939,0.0475,0.1080,0.0965,60.2449,0.0465,0.0059,0.0107,1.0296,-0.2531,1.0020,hold
2022-11-14,340.3700,3464500,338.0700,345.1100,334.4300,-0.0023,0.1363,0.0687,0.0976,0.0959,57.2162,0.0456,0.0122,0.0135,0.9468,-0.1571,0.8565,buy
2022-11-15,345.9600,2948600,348.4100,350.9700,342.5600,0.0164,0.1449,0.0947,0.1050,0.1155,60.8740,0.0454,0.0180,0.0154,0.9599,-0.1489,0.7524,sell
2022-11-16,338.4100,2123200,345.0000,345.0200,336.7200,-0.0218,0.1323,0.1235,0.0682,0.0941,58.0404,0.0425,0.0212,0.0149,0.8150,-0.2799,0.5664,hold
2022-11-17,337.8300,2740400,331.7400,339.8700,329.3500,-0.0017,0.0239,0.1815,0.0492,0.0954,55.2177,0.0368,0.0230,0.0134,0.7768,0.2907,0.7397,sell
2022-11-18,330.8600,3421700,344.3000,344.7000,329.1400,-0.0206,-0.0302,0.1579,0.0133,0.0773,55.3175,0.0384,0.0230,0.0105,0.6642,0.2486,0.9266,sell
2022-11-21,321.4900,3219900,329.5300,330.2500,320.6000,-0.0283,-0.0555,0.0733,-0.0220,0.0519,52.2216,0.0388,0.0207,0.0063,0.5323,-0.0590,0.8912,buy
2022-11-22,330.8800,2573800,322.4900,331.5400,320.2000,0.0292,-0.0436,0.0950,-0.0021,0.0853,62.5998,0.0394,0.0198,0.0047,0.6546,-0.2007,0.7248,buy
2022-11-23,335.7800,2240800,329.9300,338.5000,327.5900,0.0148,-0.0078,0.1235,0.0015,0.1040,73.2271,0.0387,0.0203,0.0043,0.7067,-0.1294,0.6490,hold
2022-11-25,334.3000,1197800,332.8900,335.5100,332.0100,-0.0044,-0.0104,0.0132,-0.0042,0.0973,72.3506,0.0216,0.0204,0.0034,0.6743,-0.4655,0.3555,sell
2022-11-28,328.9700,2314800,335.8300,338.1900,328.0700,-0.0159,-0.0057,-0.0357,-0.0165,0.0777,64.6930,0.0189,0.0192,0.0016,0.6018,0.9325,0.6943,sell
2022-11-29,326.7800,2392600,326.6900,329.7000,323.6700,-0.0067,0.0165,-0.0399,-0.0190,0.0684,62.3408,0.0189,0.0174,-0.0003,0.5676,0.0336,0.7270,buy
2022-11-30,344.9300,4979800,327.1200,345.0300,326.3800,0.0555,0.0425,-0.0030,0.0358,0.1238,70.1030,0.0262,0.0190,0.0018,0.7768,1.0813,1.4574,hold
2022-12-01,344.1100,3365200,348.0300,350.6700,341.5000,-0.0024,0.0248,0.0168,0.0315,0.1169,58.3986,0.0251,0.0207,0.0027,0.7413,-0.3242,0.9866,hold
2022-12-02,341.5300,2741800,337.2000,343.5300,334.2200,-0.0075,0.0216,0.0110,0.0227,0.1046,50.2511,0.0253,0.0212,0.0026,0.6929,-0.1852,0.8300,sell
2022-12-05,334.0900,2542300,337.8000,340.5100,330.8300,-0.0218,0.0156,0.0098,-0.0006,0.0771,46.1865,0.0254,0.0200,0.0007,0.5636,-0.0728,0.8088,sell
2022-12-06,331.1500,2182200,334.0900,334.2200,327.4000,-0.0088,0.0134,0.0300,-0.0122,0.0639,40.7077,0.0235,0.0179,-0.0012,0.4835,-0.1416,0.7146,sell
2022-12-07,326.6800,2055900,327.5300,331.0000,325.4900,-0.0135,-0.0529,-0.0127,-0.0243,0.0462,42.3443,0.0221,0.0151,-0.0035,0.3450,-0.0579,0.6981,buy
2022-12-08,332.5800,2065800,325.7100,336.2000,324.3500,0.0181,-0.0335,-0.0095,-0.0058,0.0617,46.7960,0.0224,0.0137,-0.0036,0.4146,0.0048,0.7101,hold
2022-12-09,330.6400,1969200,331.5000,334.6900,328.5000,-0.0058,-0.0319,-0.0109,-0.0105,0.0519,49.8570,0.0224,0.0122,-0.0041,0.3410,-0.0468,0.7207,buy
2022-12-12,338.1700,2914700,334.7600,338.2700,332.6500,0.0228,0.0122,0.0280,0.0093,0.0716,61.1111,0.0229,0.0124,-0.0029,0.6281,0.4801,1.0905,buy
2022-12-13,342.4600,3428000,353.6300,355.6700,338.7900,0.0127,0.0342,0.0480,0.0173,0.0813,58.2762,0.0228,0.0135,-0.0013,0.7815,0.1761,1.2835,sell
2022-12-14,339.9200,3236500,343.8900,345.9500,335.0000,-0.0074,0.0405,-0.0145,0.0113,0.0702,53.0621,0.0144,0.0138,-0.0009,0.7109,-0.0559,1.2053,sell
2022-12-15,328.7100,5498700,332.7600,334.5000,324.5900,-0.0330,-0.0116,-0.0448,-0.0176,0.0329,46.3856,0.0176,0.0116,-0.0029,0.2895,0.6990,1.9266,buy
2022-12-16,338.5400,11940700,345.0000,354.4700,337.2400,0.0299,0.0239,-0.0088,0.0127,0.0611,55.8475,0.0206,0.0114,-0.0021,0.6719,1.1715,3.6030,sell
2022-12-19,328.7600,4086300,338.0000,340.7400,326.3000,-0.0289,-0.0278,-0.0160,-0.0150,0.0279,51.1071,0.0215,0.0093,-0.0037,0.2973,-0.6578,1.2208,buy
2022-12-20,338.2200,3873600,327.0000,342.5000,325.5200,0.0288,-0.0124,0.0213,0.0112,0.0540,45.8442,0.0233,0.0093,-0.0026,0.6440,-0.0521,1.1460,buy
2022-12-21,341.3800,2583000,340.2900,345.2900,336.4400,0.0093,0.0043,0.0450,0.0162,0.0601,48.3568,0.0226,0.0101,-0.0014,0.7528,-0.3332,0.7641,sell
2022-12-22,336.5200,2319300,336.0100,339.8800,330.9400,-0.0142,0.0238,0.0118,0.0006,0.0417,47.0650,0.0228,0.0097,-0.0016,0.5463,-0.1021,0.6853,hold
2022-12-23,338.4500,1629800,335.0000,338.9200,333.2900,0.0057,-0.0003,0.0236,0.0040,0.0449,52.7305,0.0227,0.0095,-0.0014,0.6182,-0.2973,0.4785,sell
2022-12-27,335.0900,1464300,338.0000,338.1600,332.4600,-0.0099,0.0193,-0.0091,-0.0051,0.0315,52.4545,0.0218,0.0086,-0.0019,0.4633,-0.1015,0.4354,sell
2022-12-28,328.3300,1672100,335.0600,338.5000,327.1900,-0.0202,-0.0292,-0.0413,-0.0211,0.0085,50.9994,0.0220,0.0063,-0.0036,0.1594,0.1419,0.5025,buy
2022-12-29,337.5800,1793100,330.7500,339.5000,329.7600,0.0282,-0.0111,-0.0069,0.0072,0.0341,52.9104,0.0242,0.0063,-0.0026,0.5921,0.0724,0.5660,hold
2022-12-30,336.5300,1740900,333.0000,336.6400,331.6400,-0.0031,0.0000,0.0238,0.0018,0.0286,53.4643,0.0214,0.0061,-0.0023,0.5649,-0.0291,0.5640,hold
2023-01-03,336.9200,2229100,340.1600,345.8200,331.9200,0.0012,-0.0045,-0.0048,0.0034,0.0276,49.1974,0.0191,0.0060,-0.0019,0.6010,0.2804,0.7282,buy
2023-01-04,341.4100,2186800,342.8900,345.6300,336.7300,0.0133,0.0189,0.0385,0.0130,0.0391,49.3275,0.0166,0.0068,-0.0008,0.8086,-0.0190,0.7185,sell
2023-01-05,328.4400,2081600,337.5300,337.5500,328.1600,-0.0380,0.0003,-0.0289,-0.0227,-0.0011,43.5141,0.0188,0.0046,-0.0027,0.1605,-0.0481,0.6851,buy
2023-01-06,332.7500,2216600,332.2800,334.8800,322.4400,0.0131,-0.0143,-0.0253,-0.0073,0.0114,52.4755,0.0191,0.0036,-0.0029,0.3484,0.0649,0.7276,buy
2023-01-09,341.9800,3133800,338.9000,349.4600,338.4200,0.0277,0.0162,0.0162,0.0186,0.0381,52.1235,0.0207,0.0048,-0.0011,0.8090,0.4138,1.0109,sell
2023-01-10,338.7000,1670200,337.6500,344.6300,336.8000,-0.0096,0.0053,0.0007,0.0087,0.0269,56.6711,0.0210,0.0052,-0.0007,0.6210,-0.4670,0.5414,buy
2023-01-11,342.9300,2344400,337.3900,343.1900,333.4700,0.0125,0.0045,0.0234,0.0189,0.0387,53.3997,0.0210,0.0062,0.0004,0.8205,0.4037,0.7670,hold
2023-01-12,344.5400,2121800,344.1700,346.4400,337.3700,0.0047,0.0490,0.0494,0.0188,0.0419,52.3331,0.0194,0.0074,0.0012,0.8859,-0.0949,0.7094,hold
2023-01-13,344.3800,2581900,340.2500,344.6500,335.5000,-0.0005,0.0350,0.0201,0.0163,0.0396,56.2361,0.0176,0.0082,0.0016,0.8502,0.2168,0.8727,hold
2023-01-17,344.3800,2512700,344.3800,350.7900,341.9700,0.0000,0.0070,0.0233,0.0139,0.0369,54.8535,0.0176,0.0087,0.0017,0.8212,-0.0268,0.8945,sell
2023-01-18,341.3100,2079800,345.0100,349.2400,338.4000,-0.0089,0.0077,0.0130,0.0036,0.0243,55.1151,0.0179,0.0084,0.0011,0.6629,-0.1723,0.8980,hold
2023-01-19,342.5300,2467000,340.5600,346.7300,340.0100,0.0036,-0.0012,0.0033,0.0069,0.0244,62.8484,0.0175,0.0083,0.0008,0.7035,0.1862,1.1038,buy
2023-01-20,356.3800,3149400,343.2700,357.4200,342.7600,0.0404,0.0344,0.0851,0.0390,0.0622,65.7033,0.0158,0.0109,0.0029,1.1763,0.2766,1.4323,buy
2023-01-23,364.9800,3187100,358.2800,365.8700,356.8500,0.0241,0.0598,0.0969,0.0542,0.0838,71.1022,0.0165,0.0146,0.0055,1.2189,0.0120,1.4298,sell
2023-01-24,361.3200,2466400,364.1000,364.4500,358.0000,-0.0100,0.0492,0.0566,0.0378,0.0690,67.2609,0.0162,0.0169,0.0062,1.0075,-0.2261,1.1028,sell
2023-01-25,358.1700,2239100,355.6700,359.7300,350.5700,-0.0087,0.0494,0.0575,0.0231,0.0579,62.0854,0.0161,0.0179,0.0057,0.8749,-0.0922,0.9877,buy
2023-01-26,365.8200,2350500,362.7600,367.4300,360.7200,0.0214,0.0680,0.0667,0.0381,0.0789,79.1940,0.0168,0.0197,0.0061,0.9772,0.0498,1.0170,buy
2023-01-27,370.7100,2615600,363.4900,373.4200,362.8500,0.0134,0.0402,0.0760,0.0443,0.0914,79.3808,0.0169,0.0219,0.0068,1.0044,0.1128,1.1091,sell
2023-01-30,363.4200,2663600,365.9000,368.7000,362.8300,-0.0197,-0.0043,0.0553,0.0183,0.0688,67.1082,0.0189,0.0224,0.0056,0.8153,0.0184,1.1089,buy
2023-01-31,370.3400,2572400,364.7100,370.7000,364.0100,0.0190,0.0250,0.0754,0.0302,0.0871,73.8612,0.0192,0.0233,0.0055,0.8999,-0.0342,1.0528,buy
2023-02-01,383.9200,3362000,370.0100,386.7200,366.8000,0.0367,0.0719,0.1248,0.0554,0.1240,77.0919,0.0203,0.0261,0.0071,1.0438,0.3070,1.3447,buy
2023-02-02,392.2300,4020000,393.2800,402.4900,388.8800,0.0216,0.0722,0.1451,0.0637,0.1442,78.9557,0.0202,0.0296,0.0089,1.0551,0.1957,1.5510,sell
2023-02-03,379.3300,2695400,384.2900,386.7200,377.9200,-0.0329,0.0233,0.0644,0.0224,0.1028,68.3773,0.0226,0.0309,0.0076,0.8339,-0.3295,1.0278,sell
2023-02-06,375.2300,2369600,376.2100,379.2900,373.3900,-0.0108,0.0325,0.0281,0.0085,0.0881,65.5510,0.0223,0.0303,0.0053,0.7490,-0.1209,0.9009,buy
2023-02-07,383.8200,2476200,373.4300,384.9400,372.7600,0.0229,0.0364,0.0623,0.0254,0.1099,70.2989,0.0226,0.0303,0.0047,0.8418,0.0450,0.9534,sell
2023-02-08,378.3600,2668100,382.4900,387.2800,375.7000,-0.0142,-0.0145,0.0564,0.0054,0.0914,66.4433,0.0231,0.0298,0.0030,0.7360,0.0775,1.0079,hold
2023-02-09,375.8100,2265200,384.9700,386.5100,374.0200,-0.0067,-0.0419,0.0273,-0.0040,0.0811,59.9488,0.0227,0.0283,0.0011,0.6763,-0.1510,0.8570,sell
2023-02-10,370.9900,1846300,371.6300,374.5200,367.0800,-0.0128,-0.0220,0.0008,-0.0168,0.0645,53.2012,0.0228,0.0260,-0.0012,0.5812,-0.1849,0.7022,buy
2023-02-13,375.0000,1877300,373.4100,376.3100,371.0300,0.0108,-0.0006,0.0319,-0.0093,0.0742,57.2596,0.0219,0.0242,-0.0022,0.6301,0.0168,0.7237,buy
2023-02-14,377.9000,2479700,375.0000,380.5600,369.9600,0.0077,-0.0154,0.0204,-0.0036,0.0804,60.4980,0.0213,0.0232,-0.0024,0.6631,0.3209,0.9565,hold
2023-02-15,375.9400,2088200,375.6000,381.6700,374.8400,-0.0052,-0.0064,-0.0208,-0.0067,0.0727,55.7318,0.0175,0.0220,-0.0030,0.6066,-0.1579,0.8053,sell
2023-02-16,365.1600,2917000,366.0400,373.4900,363.5500,-0.0287,-0.0283,-0.0690,-0.0282,0.0401,47.0532,0.0172,0.0190,-0.0054,0.3089,0.3969,1.1153,sell
2023-02-17,356.8500,2985700,359.3100,359.6100,352.1200,-0.0228,-0.0381,-0.0593,-0.0446,0.0149,46.5490,0.0158,0.0144,-0.0085,0.0822,0.0236,1.1451,sell
2023-02-21,346.7000,3002700,350.7800,353.2500,345.6900,-0.0284,-0.0755,-0.0760,-0.0646,-0.0151,37.9903,0.0173,0.0082,-0.0122,-0.0727,0.0057,1.1558,buy
2023-02-22,348.7200,2599300,346.6900,353.1700,344.4500,0.0058,-0.0772,-0.0914,-0.0502,-0.0103,29.7375,0.0146,0.0034,-0.0135,0.0301,-0.1343,0.9979,sell
2023-02-23,347.0200,3154500,350.4400,353.8000,343.9300,-0.0049,-0.0769,-0.0828,-0.0467,-0.0160,21.8318,0.0145,-0.0007,-0.0142,0.0397,0.2136,1.1902,sell
2023-02-24,320.5400,8444500,328.1200,329.7600,318.6000,-0.0763,-0.1222,-0.1471,-0.1058,-0.0902,18.6721,0.0258,-0.0109,-0.0204,-0.2061,1.6770,2.8575,hold
2023-02-27,322.3200,3500600,322.0200,325.1000,320.7000,0.0056,-0.0968,-0.1312,-0.0885,-0.0841,21.0906,0.0267,-0.0182,-0.0221,-0.0507,-0.5855,1.1671,hold
2023-02-28,323.9500,2714200,323.3700,325.7300,320.9700,0.0051,-0.0656,-0.1361,-0.0705,-0.0786,14.5949,0.0261,-0.0232,-0.0216,0.0441,-0.2246,0.9041,hold
2023-03-01,323.3800,2377700,323.8000,325.2600,321.0000,-0.0018,-0.0727,-0.1443,-0.0574,-0.0799,15.4908,0.0254,-0.0271,-0.0205,0.0961,-0.1240,0.7946,buy
2023-03-02,333.5000,3845800,323.3800,334.4600,321.5600,0.0313,-0.0390,-0.1129,-0.0157,-0.0509,25.7480,0.0293,-0.0265,-0.0160,0.2328,0.6174,1.2750,buy
2023-03-03,344.0400,3725500,334.6900,344.7600,334.4800,0.0316,0.0733,-0.0578,0.0218,-0.0217,35.5030,0.0315,-0.0231,-0.0104,0.3636,-0.0313,1.2411,hold
2023-03-06,347.0200,3060300,344.3300,351.7800,344.2800,0.0087,0.0766,-0.0275,0.0337,-0.0138,34.7802,0.0312,-0.0200,-0.0059,0.4127,-0.1786,1.0134,hold
2023-03-07,344.8000,2252800,347.8600,352.1700,344.0600,-0.0064,0.0644,-0.0055,0.0276,-0.0203,31.8610,0.0299,-0.0181,-0.0031,0.4026,-0.2639,0.7474,hold
2023-03-08,345.8400,2518900,346.7400,348.6900,343.4700,0.0030,0.0695,-0.0083,0.0316,-0.0178,33.3370,0.0298,-0.0160,-0.0009,0.4333,0.1181,0.8351,sell
2023-03-09,338.3700,3798300,344.7200,350.1300,336.9900,-0.0216,0.0146,-0.0249,0.0119,-0.0390,34.6052,0.0306,-0.0163,-0.0007,0.3589,0.5079,1.2361,sell
2023-03-10,329.3000,4148200,338.3400,338.5200,328.4500,-0.0268,-0.0428,0.0273,-0.0178,-0.0645,34.3056,0.0190,-0.0187,-0.0021,0.2637,0.0921,1.3099,sell
2023-03-13,324.2700,4203500,329.4200,333.0000,323.2900,-0.0153,-0.0656,0.0060,-0.0333,-0.0786,36.4307,0.0198,-0.0216,-0.0038,0.2237,0.0133,1.2797,buy
2023-03-14,333.3300,3850900,332.2100,335.1700,328.7000,0.0279,-0.0333,0.0290,-0.0091,-0.0526,41.4204,0.0216,-0.0205,-0.0026,0.3660,-0.0839,1.1382,hold
2023-03-15,333.6100,4627100,330.0000,334.2800,328.1700,0.0008,-0.0354,0.0316,-0.0113,-0.0516,42.4040,0.0216,-0.0199,-0.0016,0.3889,0.2016,1.3255,buy
2023-03-16,353.2900,6946600,344.5700,355.4900,340.5300,0.0590,0.0441,0.0593,0.0410,0.0034,70.0994,0.0267,-0.0136,0.0029,0.7783,0.5013,1.8605,buy
2023-03-17,358.1400,6725400,354.7800,360.6300,350.8400,0.0137,0.0876,0.0410,0.0509,0.0162,71.1852,0.0254,-0.0083,0.0065,0.9016,-0.0318,1.7139,buy
2023-03-20,362.8800,3946800,357.6100,364.9400,355.3500,0.0132,0.1191,0.0457,0.0599,0.0276,72.2076,0.0255,-0.0030,0.0092,0.9724,-0.4132,0.9936,buy
2023-03-21,374.2200,4479200,364.6300,376.4000,362.9200,0.0312,0.1227,0.0853,0.0837,0.0573,75.8281,0.0265,0.0035,0.0123,1.0708,0.1349,1.1071,sell
2023-03-22,361.7100,3878400,375.0000,377.3300,361.5200,-0.0334,0.0842,0.0459,0.0427,0.0208,63.9917,0.0296,0.0060,0.0120,0.8338,-0.1341,0.9437,buy
2023-03-23,369.0000,3138600,368.9900,375.2500,365.4900,0.0202,0.0445,0.0905,0.0544,0.0396,62.7921,0.0284,0.0092,0.0121,0.9031,-0.1907,0.7638,buy
2023-03-24,374.9600,2993400,370.2300,375.2300,367.7200,0.0162,0.0470,0.1387,0.0576,0.0545,63.8950,0.0255,0.0127,0.0125,0.9333,-0.0463,0.7802,hold
2023-03-27,373.1500,2832200,376.5100,380.3500,369.6800,-0.0048,0.0283,0.1507,0.0382,0.0477,64.1566,0.0243,0.0152,0.0120,0.8655,-0.0539,0.7447,hold
2023-03-28,373.4000,1780800,373.4200,374.0000,367.8200,0.0007,-0.0022,0.1202,0.0274,0.0467,63.8715,0.0242,0.0170,0.0110,0.8339,-0.3712,0.4741,buy
2023-03-29,379.1600,2497600,376.6800,380.1200,375.5600,0.0154,0.0482,0.1365,0.0304,0.0608,70.8901,0.0239,0.0191,0.0106,0.8763,0.4025,0.6638,buy
2023-03-30,381.9000,2139000,381.6500,382.5800,378.0800,0.0072,0.0350,0.0810,0.0298,0.0660,78.8061,0.0177,0.0211,0.0102,0.8695,-0.1436,0.5817,buy
2023-03-31,385.3700,3063400,382.2900,385.7300,380.2600,0.0091,0.0278,0.0760,0.0316,0.0731,84.0428,0.0175,0.0232,0.0098,0.8685,0.4322,0.8407,sell
2023-04-03,380.0800,2712600,380.8800,383.7300,378.1500,-0.0137,0.0186,0.0474,0.0127,0.0570,77.1897,0.0186,0.0238,0.0082,0.7707,-0.1145,0.7480,buy
2023-04-04,385.1500,2569800,382.2400,385.7000,381.0500,0.0133,0.0315,0.0292,0.0233,0.0699,78.3936,0.0165,0.0246,0.0074,0.8012,-0.0526,0.7055,sell
2023-04-05,382.0200,2277200,384.0900,386.0000,377.2600,-0.0081,0.0075,0.0561,0.0095,0.0600,69.3572,0.0115,0.0247,0.0059,0.7376,-0.1139,0.6273,sell
2023-04-06,380.6000,1835900,379.3100,382.4600,375.9900,-0.0037,-0.0034,0.0314,0.0027,0.0547,65.8661,0.0106,0.0241,0.0042,0.6988,-0.1938,0.5197,sell
2023-04-10,376.2500,1689700,375.4800,376.6700,372.2600,-0.0114,-0.0237,0.0034,-0.0091,0.0421,59.4971,0.0104,0.0227,0.0020,0.6254,-0.0796,0.4956,sell
2023-04-11,371.1100,2161100,374.0100,375.9000,368.3500,-0.0137,-0.0236,-0.0055,-0.0221,0.0278,47.5775,0.0112,0.0203,-0.0006,0.5271,0.2790,0.6534,hold
2023-04-12,369.8900,1978200,376.4200,378.2300,368.7500,-0.0033,-0.0396,-0.0094,-0.0244,0.0241,57.7316,0.0113,0.0177,-0.0026,0.4720,-0.0846,0.6156,buy
2023-04-13,378.8000,2434800,373.2000,379.0200,372.7300,0.0241,-0.0084,-0.0009,-0.0008,0.0482,58.9875,0.0129,0.0169,-0.0023,0.6467,0.2308,0.7844,hold
2023-04-14,379.3800,1525500,376.3700,380.5700,375.1400,0.0015,-0.0032,-0.0066,0.0014,0.0501,54.4974,0.0126,0.0166,-0.0021,0.6480,-0.3735,0.5385,sell
2023-04-17,377.9200,1614300,379.6100,380.7600,374.6200,-0.0038,0.0044,-0.0193,-0.0005,0.0469,54.8883,0.0122,0.0159,-0.0023,0.5789,0.0582,0.6263,hold
2023-04-18,377.5500,1586700,380.9000,380.9000,374.4900,-0.0010,0.0174,-0.0067,-0.0008,0.0460,54.2425,0.0115,0.0150,-0.0025,0.5417,-0.0171,0.6452,buy
2023-04-19,380.1100,1775200,377.9000,382.8400,375.6000,0.0068,0.0276,-0.0131,0.0073,0.0528,51.0391,0.0107,0.0146,-0.0022,0.6385,0.1188,0.7638,hold
2023-04-20,380.2600,1947900,376.0400,383.0000,375.6700,0.0004,0.0039,-0.0046,0.0081,0.0534,48.0983,0.0105,0.0142,-0.0021,0.6319,0.0973,0.8744,sell
2023-04-21,377.6700,1841600,379.9700,380.4400,375.4400,-0.0068,-0.0045,-0.0077,0.0021,0.0463,40.8854,0.0106,0.0133,-0.0025,0.4661,-0.0546,0.8515,hold
2023-04-24,377.3400,1531100,376.5900,378.9500,373.5700,-0.0009,-0.0015,0.0029,0.0009,0.0453,46.3251,0.0099,0.0123,-0.0028,0.4382,-0.1686,0.7327,sell
2023-04-25,369.5900,2413100,373.6300,375.2300,368.8800,-0.0205,-0.0211,-0.0041,-0.0193,0.0239,30.5305,0.0112,0.0100,-0.0044,0.0133,0.5761,1.1664,sell
2023-04-26,363.0600,2803200,368.6000,369.4500,357.2500,-0.0177,-0.0449,-0.0185,-0.0348,0.0065,28.1365,0.0124,0.0065,-0.0065,-0.1664,0.1617,1.3223,buy
2023-04-27,371.4200,2338800,365.9400,373.8200,363.5000,0.0230,-0.0232,-0.0195,-0.0107,0.0300,40.8748,0.0122,0.0053,-0.0059,0.2404,-0.1657,1.1074,buy
2023-04-28,377.5600,2061700,371.4200,377.6900,368.5600,0.0165,-0.0003,-0.0048,0.0062,0.0469,51.2574,0.0135,0.0056,-0.0043,0.5228,-0.1185,0.9780,sell
2023-05-01,374.1500,1868000,376.5100,378.7200,373.7100,-0.0090,-0.0085,-0.0100,-0.0019,0.0370,53.0183,0.0138,0.0052,-0.0039,0.3873,-0.0940,0.9120,sell
2023-05-02,368.6600,2287600,374.3600,375.8500,367.8400,-0.0147,-0.0025,-0.0235,-0.0142,0.0211,48.8742,0.0144,0.0037,-0.0044,0.1644,0.2246,1.1285,sell
2023-05-03,345.2500,6700800,363.4900,365.9600,344.2400,-0.0635,-0.0491,-0.0917,-0.0681,-0.0437,25.7342,0.0237,-0.0029,-0.0092,-0.3561,1.9292,3.0000,sell
2023-05-04,335.8300,6614900,347.9700,348.0000,332.8400,-0.0273,-0.0958,-0.1168,-0.0826,-0.0691,22.0726,0.0240,-0.0106,-0.0137,-0.2631,-0.0128,2.6994,buy
2023-05-05,348.4000,4260900,338.9800,349.5500,338.0300,0.0374,-0.0772,-0.0775,-0.0406,-0.0343,33.4306,0.0287,-0.0131,-0.0128,0.0714,-0.3559,1.6568,sell
2023-05-08,344.0600,3135900,348.0000,350.4800,340.7600,-0.0125,-0.0804,-0.0882,-0.0437,-0.0476,32.0043,0.0287,-0.0163,-0.0129,0.0580,-0.2640,1.1860,hold
2023-05-09,342.6500,1879400,342.5000,345.0000,341.2300,-0.0041,-0.0706,-0.0729,-0.0405,-0.0526,29.6192,0.0284,-0.0189,-0.0124,0.0918,-0.4007,0.7146,hold
2023-05-10,344.0200,3386300,348.2500,352.0000,341.8300,0.0040,-0.0036,-0.0524,-0.0315,-0.0498,30.5412,0.0283,-0.0203,-0.0111,0.1557,0.8018,1.2540,hold
2023-05-11,341.5800,2183400,341.8800,344.6600,339.3700,-0.0071,0.0171,-0.0803,-0.0302,-0.0575,30.5905,0.0265,-0.0220,-0.0101,0.1586,-0.3552,0.8123,sell
2023-05-12,335.4500,4278700,340.5100,340.7900,331.8900,-0.0179,-0.0372,-0.1115,-0.0361,-0.0745,28.7942,0.0252,-0.0248,-0.0101,0.1156,0.9597,1.5143,buy
2023-05-15,345.6700,3330500,337.3500,345.8900,333.0100,0.0305,0.0047,-0.0761,0.0015,-0.0464,38.1865,0.0285,-0.0232,-0.0072,0.2882,-0.2216,1.1440,hold
2023-05-16,345.1100,2558300,344.2000,347.0700,341.1700,-0.0016,0.0072,-0.0639,0.0067,-0.0479,40.5794,0.0284,-0.0225,-0.0052,0.3013,-0.2319,0.8643,buy
2023-05-17,356.6300,3560600,345.3600,358.6900,345.1200,0.0334,0.0367,0.0330,0.0369,-0.0167,42.4870,0.0227,-0.0184,-0.0013,0.4908,0.3918,1.1677,buy
2023-05-18,360.4300,2896400,357.0000,361.4800,356.4500,0.0107,0.0552,0.0733,0.0405,-0.0071,41.0865,0.0200,-0.0145,0.0019,0.5701,-0.1865,0.9354,buy
2023-05-19,371.2500,3856900,363.0000,372.0800,361.3600,0.0300,0.1067,0.0656,0.0647,0.0209,48.5990,0.0188,-0.0088,0.0057,0.7632,0.3316,1.2063,hold
2023-05-22,372.0500,2627100,371.2500,374.4000,369.6600,0.0022,0.0763,0.0814,0.0585,0.0207,51.7154,0.0177,-0.0043,0.0081,0.7888,-0.3189,0.8078,hold
2023-05-23,370.4200,2967700,371.8100,376.4900,369.9200,-0.0044,0.0733,0.0810,0.0456,0.0137,66.3378,0.0178,-0.0012,0.0091,0.7586,0.1296,0.9048,sell
2023-05-24,365.7600,2666600,368.4100,369.0600,361.7200,-0.0126,0.0256,0.0632,0.0262,-0.0009,70.7071,0.0189,0.0003,0.0085,0.6734,-0.1015,0.8147,buy
2023-05-25,392.0600,7030000,375.4900,397.6500,374.0900,0.0719,0.0878,0.1478,0.0846,0.0676,75.3837,0.0273,0.0067,0.0115,1.0452,1.6363,2.0042,buy
2023-05-26,415.3900,7833600,396.7200,416.3600,396.5700,0.0595,0.1189,0.2383,0.1243,0.1273,83.9699,0.0282,0.0155,0.0161,1.1954,0.1143,2.0635,hold
2023-05-30,417.2100,5332300,429.9400,432.9900,416.0800,0.0044,0.1214,0.2070,0.1077,0.1286,85.3700,0.0285,0.0228,0.0187,1.0860,-0.3193,1.3434,hold
2023-05-31,417.7900,5158500,413.9000,421.3600,410.7000,0.0014,0.1279,0.2106,0.0883,0.1268,85.2595,0.0283,0.0284,0.0194,1.0009,-0.0326,1.2542,buy
2023-06-01,426.7500,4443100,412.2900,430.6000,412.2900,0.0214,0.1667,0.1966,0.0917,0.1477,88.3200,0.0279,0.0334,0.0197,0.9903,-0.1387,1.1108,buy
2023-06-02,436.3700,4334800,432.0000,438.5300,430.3600,0.0225,0.1130,0.2107,0.0950,0.1689,94.0237,0.0277,0.0384,0.0200,0.9849,-0.0244,1.1155,hold
2023-06-05,434.1800,3447400,433.0100,440.3800,426.9600,-0.0050,0.0452,0.1695,0.0726,0.1590,91.5189,0.0285,0.0422,0.0190,0.9083,-0.2047,0.8965,hold
2023-06-06,432.8900,2342000,432.5500,437.1200,431.2400,-0.0030,0.0376,0.1635,0.0536,0.1520,90.8964,0.0288,0.0445,0.0170,0.8550,-0.3206,0.6154,sell
2023-06-07,418.3200,4773000,434.5600,436.8100,417.7400,-0.0337,0.0013,0.1293,0.0064,0.1105,77.9469,0.0323,0.0445,0.0128,0.7308,1.0380,1.2082,buy
2023-06-08,439.0300,6062800,424.1500,440.6300,423.5800,0.0495,0.0288,0.2003,0.0379,0.1615,80.8768,0.0329,0.0445,0.0114,0.8359,0.2702,1.4845,buy
2023-06-09,454.0000,7928300,456.9100,466.5900,453.0900,0.0341,0.0404,0.1580,0.0578,0.1963,81.4807,0.0279,0.0468,0.0118,0.8907,0.3077,1.8137,buy
2023-06-12,474.6300,6913700,463.7100,478.0400,459.4200,0.0454,0.0932,0.1426,0.0908,0.2446,83.9085,0.0257,0.0505,0.0137,0.9669,-0.1280,1.5353,buy
2023-06-13,478.9900,7412500,489.7100,491.5100,470.3600,0.0092,0.1065,0.1481,0.0854,0.2499,85.2523,0.0256,0.0547,0.0145,0.9384,0.0721,1.5747,hold
2023-06-14,479.5300,5150100,476.1500,483.8500,473.2000,0.0011,0.1463,0.1478,0.0716,0.2449,87.9562,0.0256,0.0577,0.0141,0.8997,-0.3052,1.0648,buy
2023-06-15,490.9100,9682200,475.4700,495.2000,474.2500,0.0237,0.1182,0.1503,0.0816,0.2675,86.6247,0.0257,0.0600,0.0139,0.9202,0.8800,1.8826,buy
2023-06-16,495.1800,13343800,518.2300,518.7400,494.6200,0.0087,0.0907,0.1348,0.0770,0.2711,84.4249,0.0256,0.0622,0.0132,0.9016,0.3782,2.3553,sell
2023-06-20,485.8600,5331200,485.6300,492.6900,480.0000,-0.0188,0.0237,0.1190,0.0450,0.2404,77.8183,0.0270,0.0634,0.0108,0.8140,-0.6005,0.9289,sell
2023-06-21,477.4800,5258700,492.0000,495.5500,475.3100,-0.0172,-0.0032,0.1030,0.0172,0.2128,72.7495,0.0282,0.0623,0.0070,0.7405,-0.0136,0.8958,hold
2023-06-22,477.5800,3601400,474.1200,481.0000,473.0200,0.0002,-0.0041,0.1417,0.0048,0.2065,70.7758,0.0241,0.0599,0.0037,0.7229,-0.3152,0.6102,buy
2023-06-23,484.7200,4481500,472.9500,487.3300,472.3200,0.0150,-0.0126,0.1041,0.0101,0.2175,70.1711,0.0205,0.0577,0.0019,0.7625,0.2444,0.7478,sell
2023-06-26,479.5100,3169500,483.0100,487.1600,479.0500,-0.0107,-0.0316,0.0562,-0.0061,0.1983,68.4463,0.0196,0.0558,-0.0006,0.7044,-0.2928,0.5465,buy
2023-06-27,489.2700,2691700,480.0000,490.8000,479.9500,0.0204,0.0070,0.0308,0.0111,0.2160,71.4634,0.0150,0.0536,-0.0013,0.7633,-0.1507,0.4856,sell
2023-06-28,482.4300,3229200,482.0000,489.7500,480.3900,-0.0140,0.0104,0.0072,-0.0038,0.1928,75.9324,0.0158,0.0518,-0.0031,0.6831,0.1997,0.5938,hold
2023-06-29,483.7700,1905400,484.4700,485.8300,479.6000,0.0028,0.0130,0.0088,-0.0019,0.1899,71.4601,0.0158,0.0493,-0.0043,0.6769,-0.4099,0.3612,buy
2023-06-30,488.9900,3096600,482.7400,492.8100,482.7200,0.0108,0.0088,-0.0039,0.0093,0.1963,68.5152,0.0141,0.0472,-0.0047,0.7089,0.6252,0.5946,sell
2023-07-03,485.2100,1491000,486.3900,486.6100,479.8400,-0.0077,0.0119,-0.0201,0.0036,0.1810,56.8135,0.0139,0.0452,-0.0057,0.6500,-0.5185,0.2943,buy
2023-07-05,487.2600,2190000,480.9900,489.4100,479.7300,0.0042,-0.0041,0.0029,0.0075,0.1797,55.4892,0.0127,0.0430,-0.0061,0.6540,0.4688,0.4378,sell
2023-07-06,481.2900,2100900,479.9900,482.5000,475.0000,-0.0123,-0.0024,0.0080,-0.0056,0.1594,51.0897,0.0120,0.0404,-0.0075,0.5613,-0.0407,0.4210,buy
2023-07-07,485.2700,2325000,481.9800,490.4200,479.8600,0.0083,0.0031,0.0161,0.0010,0.1625,46.1559,0.0122,0.0379,-0.0077,0.6023,0.1067,0.4776,buy
2023-07-10,496.3500,3352600,485.2700,499.2000,485.1100,0.0228,0.0151,0.0240,0.0214,0.1815,50.7297,0.0134,0.0367,-0.0063,0.8758,0.4420,0.7084,buy
2023-07-11,504.7400,2842600,497.2800,506.0300,491.7600,0.0169,0.0403,0.0526,0.0333,0.1939,61.9132,0.0132,0.0368,-0.0044,1.1549,-0.1521,0.6347,buy
2023-07-12,507.3600,3027400,509.4100,510.7900,500.0100,0.0052,0.0413,0.0370,0.0349,0.1928,70.3321,0.0121,0.0371,-0.0031,1.1036,0.0650,0.7066,buy
2023-07-13,517.2800,3049400,509.6200,519.4100,509.5000,0.0196,0.0748,0.0722,0.0477,0.2080,73.8296,0.0112,0.0379,-0.0012,1.1705,0.0073,0.7500,sell
2023-07-14,514.8300,2303700,517.3400,523.7900,512.6700,-0.0047,0.0609,0.0642,0.0362,0.1941,69.1515,0.0118,0.0384,-0.0007,1.0116,-0.2445,0.5871,buy
2023-07-17,522.0000,2645600,513.0000,522.6900,512.3800,0.0139,0.0517,0.0675,0.0437,0.2009,76.3684,0.0120,0.0388,0.0002,1.0424,0.1484,0.7407,buy
2023-07-18,532.2300,4093100,519.6400,535.1300,517.3800,0.0196,0.0545,0.0969,0.0542,0.2135,76.5054,0.0114,0.0399,0.0016,1.0824,0.5471,1.3164,sell
2023-07-19,527.1700,3383200,534.4800,539.0000,526.0600,-0.0095,0.0390,0.0819,0.0360,0.1922,78.2236,0.0129,0.0405,0.0015,0.9350,-0.1734,1.1233,sell
2023-07-20,516.8800,3264500,522.0300,528.3100,514.0900,-0.0195,-0.0008,0.0739,0.0087,0.1599,68.7677,0.0143,0.0395,-0.0003,0.7626,-0.0351,1.1210,buy
2023-07-21,520.2300,8099500,521.7500,529.6900,519.2800,0.0065,0.0105,0.0720,0.0084,0.1582,68.0913,0.0143,0.0378,-0.0013,0.7805,1.4811,2.5818,buy
2023-07-24,523.8600,2260500,520.0000,524.8400,514.8600,0.0070,0.0036,0.0554,0.0100,0.1570,72.4214,0.0132,0.0366,-0.0018,0.7983,-0.7209,0.7470,hold
2023-07-25,525.3400,2472100,519.4200,526.8800,517.9200,0.0028,-0.0129,0.0408,0.0089,0.1509,72.2378,0.0125,0.0355,-0.0022,0.7893,0.0936,0.8265,sell
2023-07-26,514.5500,2918700,520.4900,521.1000,510.4400,-0.0205,-0.0239,0.0142,-0.0132,0.1185,68.3879,0.0147,0.0334,-0.0041,0.6229,0.1807,0.9721,hold
2023-07-27,513.9700,2477200,523.1600,527.9000,511.2400,-0.0011,-0.0056,-0.0064,-0.0137,0.1091,66.4866,0.0133,0.0308,-0.0054,0.5969,-0.1513,0.8355,buy
2023-07-28,528.8700,2810000,515.4300,530.3200,514.6300,0.0290,0.0166,0.0273,0.0122,0.1323,67.8956,0.0161,0.0298,-0.0043,0.7897,0.1343,0.9335,buy
2023-07-31,546.1700,4059800,541.8700,552.9400,541.8700,0.0327,0.0426,0.0463,0.0405,0.1599,70.7627,0.0185,0.0309,-0.0017,0.9751,0.4448,1.3275,hold
2023-08-01,549.1000,2274000,545.7800,552.0200,541.6700,0.0054,0.0452,0.0317,0.0427,0.1569,70.8533,0.0177,0.0324,0.0000,0.9568,-0.4399,0.7341,sell
2023-08-02,530.3000,2971000,539.3200,539.9900,526.5000,-0.0342,0.0306,0.0059,0.0064,0.1098,55.9746,0.0211,0.0318,-0.0015,0.6800,0.3065,0.9472,sell
2023-08-03,523.7600,2183700,523.0000,530.9100,522.2200,-0.0123,0.0190,0.0133,-0.0073,0.0892,53.9496,0.0204,0.0293,-0.0034,0.5627,-0.2650,0.6953,hold
2023-08-04,526.8800,2462900,526.7400,535.6300,522.1200,0.0060,-0.0038,0.0128,-0.0027,0.0886,52.2385,0.0204,0.0271,-0.0044,0.5952,0.1279,0.7825,hold
2023-08-07,529.7300,1777600,530.0000,532.5800,523.5200,0.0054,-0.0301,0.0112,0.0016,0.0871,48.7699,0.0204,0.0255,-0.0047,0.6344,-0.2782,0.5792,sell
2023-08-08,520.6000,2626100,523.9900,524.5800,515.2500,-0.0172,-0.0519,-0.0090,-0.0147,0.0628,46.8919,0.0212,0.0231,-0.0061,0.4030,0.4773,0.8588,sell
2023-08-09,513.7800,1843800,520.5500,520.9700,509.5300,-0.0131,-0.0312,-0.0015,-0.0275,0.0447,48.4837,0.0205,0.0198,-0.0078,0.2145,-0.2979,0.6148,hold
2023-08-10,515.8300,1901700,521.0300,523.2200,512.9800,0.0040,-0.0151,0.0036,-0.0240,0.0447,47.8201,0.0206,0.0170,-0.0084,0.2707,0.0314,0.6465,sell
2023-08-11,508.4500,1930600,510.8300,514.9000,506.3700,-0.0143,-0.0350,-0.0386,-0.0342,0.0259,42.6388,0.0184,0.0137,-0.0096,0.1077,0.0152,0.6605,buy
2023-08-14,522.2500,2052500,506.7800,522.5500,505.0300,0.0271,-0.0141,-0.0438,-0.0035,0.0497,48.6794,0.0172,0.0126,-0.0081,0.4450,0.0631,0.7094,sell
2023-08-15,518.7000,1824300,518.3500,522.0400,516.0600,-0.0068,-0.0036,-0.0554,-0.0045,0.0392,51.8907,0.0168,0.0114,-0.0075,0.3736,-0.1112,0.6563,sell
2023-08-16,514.4900,1541300,517.8100,523.1500,514.1700,-0.0081,0.0014,-0.0298,-0.0095,0.0274,50.2293,0.0136,0.0097,-0.0075,0.2889,-0.1551,0.5735,sell
2023-08-17,511.6700,2455800,525.0000,525.4900,510.5600,-0.0055,-0.0081,-0.0231,-0.0127,0.0186,41.5104,0.0133,0.0078,-0.0076,0.2328,0.5933,0.9277,sell
2023-08-18,508.1300,2140100,504.6500,510.0500,503.9000,-0.0069,-0.0006,-0.0356,-0.0159,0.0079,28.2728,0.0130,0.0057,-0.0079,0.1783,-0.1286,0.9110,buy
2023-08-21,520.4700,2428300,510.2900,522.9800,510.2900,0.0243,-0.0034,-0.0175,0.0098,0.0291,35.2346,0.0156,0.0057,-0.0060,0.4619,0.1347,1.0300,hold
2023-08-22,519.4800,1495500,529.7200,530.0000,518.3500,-0.0019,0.0015,-0.0022,0.0081,0.0245,43.1640,0.0146,0.0056,-0.0049,0.4460,-0.3841,0.6478,buy
2023-08-23,530.7100,2336900,522.7300,535.2500,519.2400,0.0216,0.0315,0.0330,0.0265,0.0443,54.1453,0.0153,0.0071,-0.0026,0.6820,0.5626,1.0251,sell
2023-08-24,512.4300,2950200,539.0000,539.6700,511.0500,-0.0344,0.0015,-0.0066,-0.0082,0.0070,42.7013,0.0194,0.0057,-0.0035,0.2715,0.2624,1.2809,buy
2023-08-25,525.0600,2308300,514.9200,528.4300,514.4700,0.0246,0.0333,0.0327,0.0130,0.0300,47.8533,0.0202,0.0061,-0.0023,0.5603,-0.2176,1.0132,buy
2023-08-28,529.9200,1684100,525.7000,533.5100,523.9800,0.0093,0.0182,0.0147,0.0208,0.0379,54.4593,0.0186,0.0071,-0.0009,0.7145,-0.2704,0.7799,buy
2023-08-29,540.5700,2167000,527.7000,541.9700,526.1500,0.0201,0.0406,0.0422,0.0370,0.0569,62.3650,0.0192,0.0094,0.0012,1.0669,0.2867,1.0060,buy
2023-08-30,545.3600,1930300,540.1000,546.0000,536.0900,0.0089,0.0276,0.0600,0.0400,0.0638,63.2934,0.0187,0.0117,0.0029,1.0888,-0.1092,0.9183,buy
2023-08-31,559.3400,3919300,547.0000,562.1000,546.7600,0.0256,0.0915,0.0932,0.0571,0.0876,71.6240,0.0191,0.0151,0.0052,1.1849,1.0304,1.7906,buy
2023-09-01,563.2100,2234100,564.8000,569.9800,558.5200,0.0069,0.0727,0.1084,0.0534,0.0915,69.0087,0.0183,0.0183,0.0067,1.0991,-0.4300,1.0260,hold
2023-09-05,564.8800,2349700,557.8800,567.5900,555.4200,0.0030,0.0660,0.0853,0.0478,0.0913,71.8118,0.0178,0.0208,0.0074,1.0217,0.0517,1.0651,hold
2023-09-06,561.9400,2299900,560.4500,564.0600,555.8500,-0.0052,0.0395,0.0817,0.0342,0.0822,72.6838,0.0180,0.0223,0.0071,0.9174,-0.0212,1.0503,hold
2023-09-07,560.4600,2089400,554.0000,561.8300,551.0800,-0.0026,0.0277,0.0561,0.0259,0.0764,73.6271,0.0176,0.0229,0.0062,0.8538,-0.0915,0.9489,hold
2023-09-08,560.3600,2262000,568.9000,570.2400,558.0300,-0.0002,0.0018,0.0935,0.0168,0.0730,76.1647,0.0111,0.0232,0.0051,0.8159,0.0826,1.0189,buy
2023-09-11,564.5000,2083300,562.0000,565.4300,556.7000,0.0074,0.0023,0.0751,0.0170,0.0776,74.0312,0.0096,0.0235,0.0044,0.8292,-0.0790,0.9352,sell
2023-09-12,542.2100,3961300,555.6300,559.0900,540.3700,-0.0395,-0.0401,0.0232,-0.0253,0.0330,60.0655,0.0176,0.0213,0.0012,0.5541,0.9015,1.7052,buy
2023-09-13,553.5600,3465200,557.0200,559.8500,546.4300,0.0209,-0.0149,0.0240,-0.0072,0.0518,60.1079,0.0177,0.0198,0.0001,0.6710,-0.1252,1.4408,hold
2023-09-14,552.1600,4786900,551.0900,555.1900,544.3400,-0.0025,-0.0148,0.0125,-0.0109,0.0466,70.6604,0.0176,0.0186,-0.0009,0.6358,0.3814,1.8645,sell
2023-09-15,528.8900,9774500,532.1100,537.6900,523.6200,-0.0421,-0.0562,-0.0544,-0.0474,0.0007,51.7932,0.0201,0.0147,-0.0046,0.3247,1.0419,3.3322,buy
2023-09-18,532.4200,2650700,524.2300,533.9800,522.1800,0.0067,-0.0568,-0.0547,-0.0357,0.0056,51.1853,0.0201,0.0113,-0.0063,0.3421,-0.7288,0.8959,buy
2023-09-19,541.6900,2385800,531.3500,542.4000,529.4700,0.0174,-0.0010,-0.0411,-0.0148,0.0213,50.5380,0.0212,0.0098,-0.0060,0.4581,-0.0999,0.8069,sell
2023-09-20,535.7800,2626000,541.6900,548.8500,535.7300,-0.0109,-0.0321,-0.0466,-0.0209,0.0090,45.4468,0.0213,0.0078,-0.0065,0.3480,0.1007,0.8715,sell
2023-09-21,513.8800,3844600,519.4800,526.2900,513.4000,-0.0409,-0.0693,-0.0831,-0.0528,-0.0325,29.9063,0.0242,0.0030,-0.0095,0.0465,0.4641,1.2448,hold
2023-09-22,512.9000,2702100,513.0900,518.1500,508.8300,-0.0019,-0.0302,-0.0847,-0.0463,-0.0342,27.1795,0.0241,-0.0012,-0.0110,0.0303,-0.2972,0.8784,hold
2023-09-25,511.6000,2219500,511.4500,514.2500,507.2200,-0.0025,-0.0391,-0.0937,-0.0393,-0.0365,25.7509,0.0236,-0.0048,-0.0117,0.0492,-0.1786,0.7225,sell
2023-09-26,506.3000,2375400,510.1400,510.1400,502.0100,-0.0104,-0.0653,-0.0662,-0.0428,-0.0459,25.2094,0.0212,-0.0084,-0.0123,0.0350,0.0702,0.7647,sell
2023-09-27,502.6000,3311100,507.5100,509.2500,498.7000,-0.0073,-0.0619,-0.0921,-0.0405,-0.0518,24.7204,0.0189,-0.0117,-0.0125,0.0564,0.3939,1.0466,hold
2023-09-28,504.6700,2720000,500.0000,508.6800,499.2500,0.0041,-0.0179,-0.0860,-0.0277,-0.0471,26.0802,0.0192,-0.0138,-0.0117,0.1287,-0.1785,0.8492,buy
2023-09-29,509.9000,2796300,505.4400,518.5800,505.4400,0.0104,-0.0058,-0.0359,-0.0141,-0.0370,26.7659,0.0160,-0.0143,-0.0098,0.2167,0.0281,0.8886,buy
2023-10-02,521.1300,2411500,508.2400,522.4100,508.2400,0.0220,0.0186,-0.0212,0.0099,-0.0158,40.0977,0.0177,-0.0127,-0.0066,0.3562,-0.1376,0.7642,sell
2023-10-03,507.0300,2004100,517.5200,520.4900,504.5500,-0.0271,0.0014,-0.0640,-0.0108,-0.0418,28.6931,0.0179,-0.0140,-0.0062,0.2263,-0.1689,0.6386,buy
2023-10-04,518.4200,2027200,511.9300,519.7600,510.0000,0.0225,0.0315,-0.0324,0.0148,-0.0200,35.8449,0.0200,-0.0125,-0.0039,0.3738,0.0115,0.6487,hold
2023-10-05,516.4400,1818800,519.8400,522.6100,509.2400,-0.0038,0.0233,0.0050,0.0105,-0.0239,43.6408,0.0150,-0.0118,-0.0025,0.3690,-0.1028,0.5846,buy
2023-10-06,526.6800,2526300,513.2200,531.3100,509.5200,0.0198,0.0329,0.0269,0.0277,-0.0050,47.2562,0.0161,-0.0093,-0.0002,0.5212,0.3890,0.8085,buy
2023-10-09,529.2900,1713500,522.0000,530.0000,518.7500,0.0050,0.0157,0.0346,0.0293,-0.0001,43.6696,0.0160,-0.0070,0.0017,0.5942,-0.3217,0.5517,buy
2023-10-10,532.7200,2090900,530.9100,537.0000,530.4000,0.0065,0.0507,0.0522,0.0306,0.0069,48.3972,0.0153,-0.0046,0.0032,0.6611,0.2203,0.6941,buy
2023-10-11,549.9100,3307500,538.5900,551.3400,536.1100,0.0323,0.0607,0.0941,0.0542,0.0394,69.8512,0.0167,-0.0001,0.0060,0.9574,0.5819,1.1008,buy
2023-10-12,559.6300,4624000,553.7000,574.4000,552.2300,0.0177,0.0836,0.1089,0.0617,0.0566,73.4848,0.0168,0.0046,0.0085,1.0814,0.3980,1.5431,sell
2023-10-13,548.7600,2832600,560.0000,562.8900,546.9900,-0.0194,0.0419,0.0762,0.0334,0.0351,67.0365,0.0193,0.0068,0.0086,0.8695,-0.3874,1.0691,hold
2023-10-16,550.7400,2179700,553.1800,555.5700,545.6900,0.0036,0.0405,0.0568,0.0314,0.0379,71.0138,0.0186,0.0087,0.0084,0.8645,-0.2305,0.8301,buy
2023-10-17,560.0900,2355300,545.4100,560.8000,543.3400,0.0170,0.0514,0.1046,0.0386,0.0543,75.8057,0.0149,0.0112,0.0087,0.9497,0.0806,0.8975,hold
2023-10-18,557.8700,2614500,554.4800,568.1800,554.2400,-0.0040,0.0145,0.0761,0.0270,0.0487,73.8479,0.0148,0.0129,0.0083,0.8817,0.1100,0.9965,hold
2023-10-19,555.7400,2809300,560.0000,567.1000,553.4700,-0.0038,-0.0070,0.0761,0.0157,0.0430,71.1361,0.0148,0.0138,0.0074,0.8181,0.0745,1.0923,sell
2023-10-20,540.9600,2729200,555.7400,555.9800,535.9500,-0.0266,-0.0142,0.0271,-0.0139,0.0143,58.8535,0.0175,0.0126,0.0047,0.6259,-0.0285,1.0606,hold
2023-10-23,540.4100,2172600,535.8100,548.0300,531.0000,-0.0010,-0.0188,0.0210,-0.0169,0.0121,66.9545,0.0175,0.0110,0.0026,0.6038,-0.2039,0.8450,hold
2023-10-24,539.5600,2358100,544.6400,546.0000,532.1200,-0.0016,-0.0367,0.0128,-0.0196,0.0098,62.0250,0.0175,0.0096,0.0009,0.5762,0.0854,0.9175,sell
2023-10-25,521.1400,2526000,533.5600,534.4600,517.6300,-0.0341,-0.0658,-0.0523,-0.0481,-0.0247,52.2523,0.0171,0.0059,-0.0025,0.3169,0.0712,0.9981,sell
2023-10-26,514.2800,2876700,530.0000,530.9900,511.6800,-0.0132,-0.0746,-0.0810,-0.0528,-0.0376,43.8590,0.0152,0.0015,-0.0056,0.2052,0.1388,1.1331,sell
2023-10-27,508.1200,2985600,517.5000,519.8600,506.9200,-0.0120,-0.0607,-0.0741,-0.0571,-0.0490,39.8718,0.0147,-0.0029,-0.0081,0.1220,0.0379,1.1717,buy
2023-10-30,526.9400,2806900,516.1100,530.7500,512.2400,0.0370,-0.0249,-0.0432,-0.0178,-0.0144,47.5897,0.0203,-0.0033,-0.0066,0.3818,-0.0599,1.0931,buy
2023-10-31,532.0600,2052300,530.6400,532.6400,522.8100,0.0097,-0.0139,-0.0500,-0.0031,-0.0053,41.7231,0.0196,-0.0028,-0.0049,0.4320,-0.2688,0.7985,buy
2023-11-01,544.5000,2644500,535.0000,545.2700,534.0000,0.0234,0.0448,-0.0240,0.0228,0.0170,43.1569,0.0215,-0.0006,-0.0021,0.6062,0.2886,1.0166,buy
2023-11-02,558.7100,2634800,550.4400,559.3600,550.0000,0.0261,0.0864,0.0053,0.0489,0.0425,54.3683,0.0233,0.0031,0.0013,0.8012,-0.0037,0.9973,buy
2023-11-03,563.6600,2066300,560.0000,567.0300,557.6600,0.0089,0.1093,0.0420,0.0537,0.0497,55.5280,0.0213,0.0066,0.0039,0.8393,-0.2158,0.7890,hold
2023-11-06,565.4500,2593400,566.0000,567.8800,558.1700,0.0032,0.0731,0.0463,0.0521,0.0514,52.4520,0.0212,0.0095,0.0054,0.8279,0.2551,0.9739,buy
2023-11-07,585.2000,3993600,568.8100,589.0000,568.8100,0.0349,0.0999,0.0846,0.0797,0.0859,60.7743,0.0230,0.0140,0.0081,1.0167,0.5399,1.4479,hold
2023-11-08,585.3100,3079200,589.0000,595.6700,581.0700,0.0002,0.0749,0.1231,0.0673,0.0843,61.8460,0.0180,0.0177,0.0093,0.9488,-0.2290,1.1210,sell
2023-11-09,577.7400,2336600,587.5100,590.0400,576.3400,-0.0129,0.0341,0.1234,0.0414,0.0690,65.6377,0.0180,0.0195,0.0089,0.8325,-0.2412,0.8876,buy
2023-11-10,597.2200,3062700,580.4900,598.1400,576.0100,0.0337,0.0595,0.1754,0.0595,0.1035,70.8050,0.0170,0.0225,0.0098,0.9734,0.3108,1.1584,sell
2023-11-13,590.3400,2505100,589.9800,594.2600,583.3600,-0.0115,0.0440,0.1203,0.0356,0.0897,67.8101,0.0174,0.0244,0.0092,0.8596,-0.1821,0.9417,buy
2023-11-14,604.3300,2884900,601.5600,613.7100,599.0400,0.0237,0.0327,0.1358,0.0469,0.1139,80.1130,0.0178,0.0267,0.0095,0.9334,0.1516,1.0738,sell
2023-11-15,595.3100,3088900,605.0000,605.7300,591.7900,-0.0149,0.0171,0.0933,0.0223,0.0959,78.8795,0.0194,0.0279,0.0083,0.8211,0.0707,1.1397,buy
2023-11-16,602.0600,2040400,595.4500,605.2700,592.1400,0.0113,0.0421,0.0776,0.0262,0.1067,83.3404,0.0185,0.0288,0.0075,0.8398,-0.3394,0.7637,hold
2023-11-17,602.6600,1968500,602.0700,605.0500,597.0200,0.0010,0.0091,0.0692,0.0205,0.1061,80.8658,0.0186,0.0294,0.0065,0.8091,-0.0352,0.7474,buy
2023-11-20,612.7000,2393900,605.3100,614.2000,604.5000,0.0167,0.0379,0.0836,0.0293,0.1225,81.6037,0.0188,0.0304,0.0063,0.8441,0.2161,0.9051,hold
2023-11-21,610.9900,1906200,610.6300,615.5700,607.0300,-0.0028,0.0110,0.0441,0.0220,0.1166,78.4510,0.0165,0.0311,0.0056,0.7979,-0.2037,0.7269,buy
2023-11-22,619.7200,2064400,616.6300,624.3800,614.0100,0.0143,0.0410,0.0588,0.0306,0.1298,77.3907,0.0167,0.0319,0.0054,0.8283,0.0830,0.7942,hold
2023-11-24,619.4300,942700,616.2600,619.4400,613.6000,-0.0005,0.0289,0.0722,0.0230,0.1265,76.1316,0.0155,0.0325,0.0048,0.8035,-0.5434,0.3767,hold
2023-11-27,619.2700,1854400,618.8000,625.8300,614.5700,-0.0003,0.0276,0.0369,0.0191,0.1225,75.6091,0.0125,0.0325,0.0039,0.7926,0.9671,0.7581,buy
2023-11-28,623.3200,2302900,613.9800,625.6000,612.2600,0.0065,0.0173,0.0559,0.0202,0.1261,71.3247,0.0113,0.0325,0.0032,0.8118,0.2419,0.9513,sell
2023-11-29,617.3900,2595600,625.9400,628.6000,616.7700,-0.0095,0.0105,0.0216,0.0083,0.1124,66.8488,0.0102,0.0318,0.0018,0.7453,0.1271,1.0603,sell
2023-11-30,611.0100,3960300,620.0000,621.4800,605.0700,-0.0103,-0.0141,0.0264,-0.0046,0.0979,67.6950,0.0094,0.0302,-0.0001,0.6613,0.5258,1.5755,hold
2023-12-01,612.4700,2490500,609.2400,615.2000,603.1800,0.0024,-0.0112,0.0173,-0.0039,0.0966,60.0342,0.0089,0.0284,-0.0015,0.6627,-0.3711,0.9936,sell
2023-12-04,604.5600,2541500,604.9100,608.2900,596.2100,-0.0129,-0.0238,0.0032,-0.0171,0.0789,59.2314,0.0100,0.0261,-0.0034,0.5276,0.0205,1.0044,sell
2023-12-05,602.2200,2577700,596.7700,602.7400,591.1700,-0.0039,-0.0339,-0.0171,-0.0192,0.0713,48.3861,0.0082,0.0234,-0.0049,0.4531,0.0142,1.0191,sell
2023-12-06,595.7000,2080400,608.0600,608.5300,594.4900,-0.0108,-0.0351,-0.0250,-0.0274,0.0563,50.3102,0.0087,0.0204,-0.0066,0.3084,-0.1929,0.8548,buy
2023-12-07,608.7800,2605200,598.9200,609.2300,596.4700,0.0220,-0.0036,-0.0177,-0.0043,0.0755,54.8555,0.0105,0.0189,-0.0060,0.5527,0.2523,1.0809,hold
2023-12-08,610.0100,2499700,605.0000,610.2300,601.3000,0.0020,-0.0040,-0.0152,-0.0008,0.0737,55.2628,0.0106,0.0179,-0.0055,0.5547,-0.0405,1.0337,buy
2023-12-11,625.2000,3270600,616.8800,627.8200,614.3400,0.0249,0.0341,0.0096,0.0231,0.0960,58.3356,0.0135,0.0186,-0.0035,0.9079,0.3084,1.3467,buy
2023-12-12,633.6600,2968900,625.8600,633.8900,623.0000,0.0135,0.0522,0.0166,0.0352,0.1064,63.8689,0.0140,0.0200,-0.0014,1.0500,-0.0922,1.2109,sell
2023-12-13,624.2600,6188500,630.4100,632.4500,618.0300,-0.0148,0.0479,0.0111,0.0187,0.0856,52.7549,0.0146,0.0202,-0.0012,0.7849,1.0844,2.3647,sell
2023-12-14,584.6400,11315300,593.0000,593.1600,578.3000,-0.0635,-0.0397,-0.0432,-0.0418,0.0143,35.7102,0.0251,0.0158,-0.0056,-0.0979,0.8284,3.7364,hold
2023-12-15,584.6800,8666500,580.6000,591.6600,578.2000,0.0001,-0.0415,-0.0454,-0.0374,0.0120,35.7783,0.0251,0.0112,-0.0082,-0.0161,-0.2341,2.5796,buy
2023-12-18,599.1300,5452000,591.5200,603.1300,586.6200,0.0247,-0.0417,-0.0090,-0.0127,0.0344,40.8378,0.0264,0.0091,-0.0078,0.2719,-0.3709,1.5428,buy
2023-12-19,604.6400,4150700,600.0000,612.7100,598.0800,0.0092,-0.0458,0.0040,-0.0040,0.0412,45.1554,0.0266,0.0083,-0.0068,0.3865,-0.2387,1.1461,sell
2023-12-20,596.0600,2587300,600.7100,610.6800,595.0700,-0.0142,-0.0452,0.0006,-0.0182,0.0242,44.4129,0.0267,0.0066,-0.0070,0.2440,-0.3767,0.7077,hold
2023-12-21,600.1400,3192800,603.0000,607.4000,594.8200,0.0068,0.0265,-0.0142,-0.0101,0.0294,45.4805,0.0258,0.0056,-0.0063,0.3376,0.2340,0.8601,hold
2023-12-22,598.7500,1660600,600.8000,601.8600,596.0000,-0.0023,0.0241,-0.0185,-0.0105,0.0257,47.7635,0.0258,0.0046,-0.0059,0.3302,-0.4799,0.4431,hold
2023-12-26,598.2600,1595100,598.9200,601.6900,596.5000,-0.0008,-0.0015,-0.0431,-0.0069,0.0231,48.4536,0.0241,0.0037,-0.0054,0.3392,-0.0394,0.4271,hold
2023-12-27,596.0800,1394900,598.6000,599.7900,593.7100,-0.0036,-0.0142,-0.0593,-0.0043,0.0178,50.1536,0.0233,0.0026,-0.0052,0.3181,-0.1255,0.3781,hold
2023-12-28,595.5200,1702600,597.4400,599.0400,593.6300,-0.0009,-0.0009,-0.0460,-0.0005,0.0156,44.0367,0.0231,0.0017,-0.0049,0.3266,0.2206,0.4671,hold
2023-12-29,596.6000,1893900,596.0900,600.7500,592.9400,0.0018,-0.0059,0.0205,-0.0006,0.0161,43.9611,0.0101,0.0011,-0.0044,0.3623,0.1124,0.5347,sell
2024-01-02,580.0700,2840200,589.5100,590.4400,576.7600,-0.0277,-0.0312,-0.0079,-0.0276,-0.0129,29.9190,0.0139,-0.0016,-0.0058,0.0947,0.4997,0.7980,sell
2024-01-03,571.7900,2478000,574.5800,577.3000,570.1900,-0.0143,-0.0442,-0.0456,-0.0371,-0.0280,22.4262,0.0111,-0.0050,-0.0074,0.0265,-0.1275,0.6968,sell
2024-01-04,567.0500,2092100,570.9900,572.9100,566.6600,-0.0083,-0.0487,-0.0622,-0.0390,-0.0369,23.3981,0.0100,-0.0083,-0.0086,0.0306,-0.1557,0.5924,sell
2024-01-05,564.6000,1923200,563.5000,569.5200,563.3400,-0.0043,-0.0519,-0.0528,-0.0380,-0.0419,35.7589,0.0097,-0.0111,-0.0091,0.0603,-0.0807,0.5458,buy
2024-01-08,580.5500,2830000,567.8700,581.5100,567.8700,0.0283,-0.0269,-0.0326,-0.0075,-0.0168,47.6063,0.0140,-0.0106,-0.0070,0.2974,0.4715,0.8005,buy
2024-01-09,586.2000,1926900,578.3300,588.2000,577.2800,0.0097,0.0106,-0.0210,0.0043,-0.0096,41.6548,0.0146,-0.0095,-0.0047,0.3883,-0.3191,0.5495,buy
2024-01-10,591.0300,2135700,585.4300,593.6500,585.4300,0.0082,0.0336,-0.0121,0.0139,-0.0043,41.1382,0.0150,-0.0079,-0.0025,0.4754,0.1084,0.6191,buy
2024-01-11,597.4900,2331800,592.0000,597.8400,584.5200,0.0109,0.0537,0.0024,0.0247,0.0042,50.9575,0.0154,-0.0056,-0.0002,0.6189,0.0918,0.6822,hold
2024-01-12,596.5400,1477000,598.3900,599.3800,593.0200,-0.0016,0.0566,0.0017,0.0229,0.0005,47.4839,0.0154,-0.0040,0.0011,0.6521,-0.3666,0.4641,hold
2024-01-16,597.6800,2126100,592.8300,597.7600,588.3400,0.0019,0.0295,0.0018,0.0247,0.0006,49.2495,0.0154,-0.0025,0.0021,0.6615,0.4395,0.7808,hold
2024-01-17,596.1000,2588300,591.9900,596.7500,582.4400,-0.0026,0.0169,0.0276,0.0191,-0.0033,48.5079,0.0120,-0.0016,0.0024,0.6154,0.2174,1.0700,sell
2024-01-18,593.7000,2793600,586.9000,596.8900,584.2100,-0.0040,0.0045,0.0383,0.0113,-0.0083,48.3609,0.0108,-0.0011,0.0023,0.5707,0.0793,1.2220,buy
2024-01-19,611.5500,3760100,593.8100,612.0700,589.1300,0.0301,0.0235,0.0785,0.0338,0.0199,58.9164,0.0127,0.0016,0.0040,0.9304,0.3460,1.6590,sell
2024-01-22,603.5900,4488000,615.0000,620.9600,603.1500,-0.0130,0.0118,0.0691,0.0137,0.0060,53.6117,0.0138,0.0027,0.0041,0.7516,0.1936,1.9005,sell
2024-01-23,597.1800,2723500,602.2100,604.3200,591.3400,-0.0106,-0.0008,0.0286,0.0001,-0.0050,59.8730,0.0125,0.0027,0.0033,0.6258,-0.3932,1.1648,buy
2024-01-24,606.4800,2999000,601.7100,616.9500,597.4600,0.0156,0.0174,0.0346,0.0123,0.0095,69.7844,0.0130,0.0038,0.0035,0.7986,0.1012,1.2470,buy
2024-01-25,622.5800,3806200,615.4200,627.0600,612.2400,0.0265,0.0486,0.0534,0.0337,0.0354,78.0370,0.0149,0.0066,0.0050,1.0213,0.2692,1.5131,sell
2024-01-26,613.9300,2137800,620.7000,622.5000,613.0000,-0.0139,0.0039,0.0275,0.0166,0.0202,73.4391,0.0159,0.0078,0.0050,0.8374,-0.4383,0.8375,buy
2024-01-29,630.2300,3212200,615.7100,636.2500,615.7100,0.0266,0.0441,0.0565,0.0378,0.0464,73.5272,0.0174,0.0104,0.0061,1.0079,0.5026,1.2222,hold
2024-01-30,627.9600,2007400,630.0000,630.4700,620.8900,-0.0036,0.0515,0.0507,0.0289,0.0415,70.4305,0.0177,0.0123,0.0064,0.9161,-0.3751,0.7622,sell
2024-01-31,617.7800,2666800,620.0000,625.9300,612.1700,-0.0162,0.0186,0.0364,0.0086,0.0241,62.4361,0.0188,0.0125,0.0052,0.7532,0.3285,1.0159,buy
2024-02-01,627.9100,1687600,619.0000,628.8000,618.7800,0.0164,0.0086,0.0576,0.0195,0.0400,63.6756,0.0190,0.0134,0.0050,0.8512,-0.3672,0.6527,buy
2024-02-02,634.7600,2542800,624.7900,638.2500,617.0100,0.0109,0.0339,0.0380,0.0267,0.0506,66.3166,0.0171,0.0149,0.0052,0.9068,0.5068,0.9749,sell
2024-02-05,630.5000,2131200,633.0300,634.5900,624.5400,-0.0067,0.0004,0.0446,0.0154,0.0429,63.6477,0.0165,0.0155,0.0046,0.8367,-0.1619,0.8139,sell
2024-02-06,607.1400,3436200,625.5800,626.4600,604.6700,-0.0370,-0.0332,0.0167,-0.0238,0.0047,53.8868,0.0208,0.0133,0.0016,0.4610,0.6123,1.2972,buy
2024-02-07,615.8500,2313800,613.2500,620.4200,610.1500,0.0143,-0.0031,0.0154,-0.0113,0.0192,57.4665,0.0207,0.0119,0.0003,0.5850,-0.3266,0.8672,hold
2024-02-08,615.8600,1815700,615.8500,621.3400,612.5100,0.0000,-0.0192,-0.0108,-0.0102,0.0193,51.6515,0.0188,0.0108,-0.0006,0.5670,-0.2153,0.6846,buy
2024-02-09,627.2100,2091400,616.0000,628.0700,615.8000,0.0184,-0.0119,0.0216,0.0059,0.0380,58.8213,0.0191,0.0111,-0.0001,0.7510,0.1518,0.7921,sell
2024-02-12,611.8400,2317200,626.0000,626.3500,611.5800,-0.0245,-0.0296,-0.0292,-0.0158,0.0127,55.1316,0.0187,0.0097,-0.0014,0.4483,0.1080,0.8639,sell
2024-02-13,601.8900,2985200,596.7000,608.3900,590.0000,-0.0163,-0.0086,-0.0415,-0.0278,-0.0034,48.4006,0.0192,0.0070,-0.0034,0.2451,0.2883,1.0954,hold
2024-02-14,604.6600,1615100,605.8500,610.3300,602.5000,0.0046,-0.0182,-0.0212,-0.0212,0.0014,43.1161,0.0189,0.0051,-0.0043,0.2824,-0.4590,0.6034,sell
2024-02-15,590.4400,3677400,606.0000,607.3200,589.7700,-0.0235,-0.0413,-0.0597,-0.0384,-0.0217,41.3468,0.0188,0.0017,-0.0063,0.0037,1.2769,1.3516,sell
2024-02-16,546.6600,10328400,589.9000,590.1400,546.3700,-0.0741,-0.1284,-0.1388,-0.0967,-0.0926,24.3980,0.0275,-0.0075,-0.0129,-0.3273,1.8086,3.3873,sell
2024-02-20,541.9100,6567600,531.5000,545.8800,528.0100,-0.0087,-0.1143,-0.1405,-0.0913,-0.0988,24.0328,0.0274,-0.0156,-0.0169,-0.1649,-0.3641,2.0829,hold
2024-02-21,538.5200,4486600,539.7600,542.5700,529.3700,-0.0063,-0.1053,-0.1130,-0.0865,-0.1024,25.0598,0.0264,-0.0224,-0.0189,-0.0687,-0.3169,1.3842,hold
2024-02-22,537.5700,5023400,553.9400,555.5500,534.5600,-0.0018,-0.1110,-0.1271,-0.0758,-0.1018,19.8304,0.0251,-0.0275,-0.0192,0.0133,0.1196,1.5029,buy
2024-02-23,553.4400,4546500,543.4900,557.1800,541.4800,0.0295,-0.0627,-0.1014,-0.0382,-0.0730,24.3858,0.0283,-0.0280,-0.0160,0.1720,-0.0949,1.3453,buy
2024-02-26,560.4800,4251200,556.5600,570.6000,556.5600,0.0127,0.0253,-0.1064,-0.0145,-0.0589,28.3246,0.0277,-0.0273,-0.0124,0.2482,-0.0650,1.2198,sell
2024-02-27,552.4900,3247600,565.9100,565.9100,548.5400,-0.0143,0.0195,-0.0970,-0.0183,-0.0701,31.3034,0.0273,-0.0283,-0.0105,0.2218,-0.2361,0.9314,hold
2024-02-28,551.8200,2313200,552.0000,557.2000,549.7600,-0.0012,0.0247,-0.0832,-0.0107,-0.0702,26.8192,0.0274,-0.0286,-0.0086,0.2441,-0.2877,0.6605,buy
2024-02-29,560.2800,3844400,554.8900,561.9400,553.2300,0.0153,0.0422,-0.0734,0.0125,-0.0552,31.0385,0.0281,-0.0268,-0.0057,0.3225,0.6619,1.0795,buy
2024-03-01,570.9300,2968100,561.1100,572.8900,560.6700,0.0190,0.0316,-0.0330,0.0354,-0.0363,30.7075,0.0286,-0.0235,-0.0022,0.4141,-0.2279,0.8188,hold
2024-03-04,567.9400,2556400,572.8500,576.2500,564.1000,-0.0052,0.0133,0.0389,0.0260,-0.0402,33.5556,0.0142,-0.0215,-0.0001,0.4111,-0.1387,0.7051,sell
2024-03-05,544.8400,4286800,562.6000,564.1900,539.3500,-0.0407,-0.0138,0.0054,-0.0162,-0.0776,30.5463,0.0199,-0.0239,-0.0013,0.2532,0.6769,1.1482,hold
2024-03-06,543.0900,3209800,548.0000,550.6400,538.1500,-0.0032,-0.0158,0.0085,-0.0202,-0.0788,28.8579,0.0198,-0.0251,-0.0019,0.2637,-0.2512,0.8623,buy
2024-03-07,556.0400,2660500,550.0000,558.3800,541.5900,0.0238,-0.0076,0.0344,-0.0002,-0.0555,38.0837,0.0210,-0.0232,-0.0005,0.3884,-0.1711,0.7114,sell
2024-03-08,551.6900,2833200,553.0000,560.4400,550.5100,-0.0078,-0.0337,-0.0032,-0.0077,-0.0614,52.3973,0.0191,-0.0227,0.0002,0.3695,0.0649,0.7474,buy
2024-03-11,560.4200,2857800,552.4500,562.6900,551.0200,0.0158,-0.0132,-0.0001,0.0080,-0.0454,58.4994,0.0194,-0.0204,0.0017,0.4786,0.0087,0.7464,buy
2024-03-12,579.1400,3469200,568.6000,579.7900,562.6000,0.0334,0.0630,0.0482,0.0367,-0.0129,66.3500,0.0212,-0.0154,0.0048,0.7326,0.2139,0.8926,sell
2024-03-13,573.5500,3466000,579.0600,585.3500,573.4100,-0.0097,0.0561,0.0394,0.0227,-0.0217,63.9609,0.0216,-0.0127,0.0061,0.7026,-0.0009,0.8863,hold
2024-03-14,570.4500,5908100,578.0000,579.5400,568.7600,-0.0054,0.0259,0.0182,0.0154,-0.0266,57.3262,0.0214,-0.0109,0.0065,0.7248,0.7046,1.4322,sell
2024-03-15,492.4600,19580800,499.6400,503.1300,485.0000,-0.1367,-0.1074,-0.1374,-0.1110,-0.1574,31.8167,0.0479,-0.0233,-0.0026,-0.3097,2.3142,3.9796,buy
2024-03-18,513.8600,7052700,495.5500,515.7300,495.5500,0.0435,-0.0831,-0.0952,-0.0632,-0.1192,40.3642,0.0512,-0.0268,-0.0056,0.0466,-0.6398,1.4828,hold
2024-03-19,521.1900,7081800,509.8900,522.6800,508.9900,0.0143,-0.1001,-0.0434,-0.0458,-0.1053,42.6054,0.0503,-0.0285,-0.0060,0.1647,0.0041,1.4809,hold
2024-03-20,519.1400,4239600,523.2900,523.8700,512.5000,-0.0039,-0.0949,-0.0441,-0.0453,-0.1070,39.7509,0.0503,-0.0302,-0.0061,0.1670,-0.4013,0.8888,sell
2024-03-21,511.2500,5206600,517.6000,519.7300,506.2000,-0.0152,-0.1038,-0.0806,-0.0520,-0.1183,34.9247,0.0495,-0.0328,-0.0067,0.1182,0.2281,1.0895,sell
2024-03-22,499.5200,5413600,509.0700,511.5900,496.6700,-0.0229,0.0143,-0.0946,-0.0647,-0.1358,33.4478,0.0498,-0.0368,-0.0080,0.0648,0.0398,1.1226,buy
2024-03-25,507.2300,4277000,496.7900,510.6300,496.6900,0.0154,-0.0129,-0.0949,-0.0408,-0.1197,40.1694,0.0497,-0.0371,-0.0070,0.1768,-0.2100,0.8867,hold
2024-03-26,507.6000,2813300,508.0600,512.7900,503.5900,0.0007,-0.0261,-0.1235,-0.0269,-0.1163,40.6561,0.0477,-0.0373,-0.0058,0.2110,-0.3422,0.5859,hold
2024-03-27,504.4000,4228400,515.4700,516.8600,499.7000,-0.0063,-0.0284,-0.1206,-0.0200,-0.1190,35.6683,0.0477,-0.0377,-0.0048,0.2133,0.5030,0.8633,hold
2024-03-28,504.6000,3897000,508.1200,509.0000,500.2600,0.0004,-0.0130,-0.1154,-0.0069,-0.1158,36.6229,0.0479,-0.0374,-0.0036,0.2424,-0.0784,0.7953,hold
2024-04-01,502.0900,2056000,504.9900,506.9200,499.3100,-0.0050,0.0051,0.0196,-0.0137,-0.1174,32.8229,0.0186,-0.0374,-0.0027,0.2468,-0.4724,0.4235,sell
2024-04-02,499.2100,3083300,494.4000,500.7500,491.3400,-0.0057,-0.0158,-0.0285,-0.0166,-0.1190,24.0403,0.0117,-0.0374,-0.0021,0.2475,0.4997,0.6317,sell
2024-04-03,497.0100,2604400,497.3600,498.8600,494.7100,-0.0044,-0.0209,-0.0464,-0.0162,-0.1196,24.5816,0.0100,-0.0374,-0.0015,0.2537,-0.1553,0.5429,sell
2024-04-04,487.1100,3403300,503.5600,504.1100,486.7000,-0.0199,-0.0343,-0.0617,-0.0297,-0.1337,23.5193,0.0111,-0.0392,-0.0020,0.2021,0.3068,0.7080,sell
2024-04-05,485.1200,4972700,488.8400,490.0900,481.2800,-0.0041,-0.0386,-0.0511,-0.0286,-0.1335,45.4892,0.0107,-0.0400,-0.0022,0.2157,0.4611,1.0103,hold
2024-04-08,484.2800,3439200,484.7800,486.9800,477.2300,-0.0017,-0.0355,-0.0305,-0.0273,-0.1307,25.6744,0.0087,-0.0403,-0.0019,0.2363,-0.3084,0.6944,buy
2024-04-09,492.5500,2547500,486.0000,493.3100,483.3100,0.0171,-0.0133,-0.0289,-0.0077,-0.1120,26.8060,0.0091,-0.0380,-0.0002,0.3247,-0.2593,0.5160,sell
2024-04-10,487.2200,2487900,489.3900,491.7700,480.2800,-0.0108,-0.0197,-0.0401,-0.0144,-0.1171,25.4537,0.0093,-0.0375,0.0005,0.2871,-0.0234,0.5090,sell
2024-04-11,484.2800,2978500,487.3600,488.6700,479.7400,-0.0060,-0.0058,-0.0399,-0.0164,-0.1178,27.5512,0.0093,-0.0372,0.0009,0.2523,0.1972,0.6124,sell
2024-04-12,474.0900,5621900,477.9500,478.7800,468.6000,-0.0210,-0.0227,-0.0605,-0.0311,-0.1318,28.2761,0.0105,-0.0387,0.0001,0.0177,0.8875,1.1593,sell
2024-04-15,470.1000,3353200,477.0200,478.5200,468.3500,-0.0084,-0.0293,-0.0637,-0.0329,-0.1341,16.1284,0.0106,-0.0399,-0.0006,0.0171,-0.4035,0.8304,buy
2024-04-16,476.2200,2660100,470.0000,478.9800,468.4900,0.0130,-0.0332,-0.0461,-0.0157,-0.1177,24.0918,0.0122,-0.0386,0.0002,0.1629,-0.2067,0.6967,sell
2024-04-17,474.4500,2034800,477.3100,481.0200,472.6900,-0.0037,-0.0262,-0.0454,-0.0147,-0.1159,24.6745,0.0122,-0.0380,0.0008,0.1593,-0.2351,0.5706,hold
2024-04-18,473.1800,2389700,476.7600,477.6100,471.8300,-0.0027,-0.0229,-0.0286,-0.0145,-0.1138,23.9036,0.0110,-0.0372,0.0013,0.1606,0.1744,0.6880,sell
2024-04-19,465.0200,3282100,476.5400,476.5800,463.0900,-0.0172,-0.0191,-0.0414,-0.0274,-0.1241,21.8527,0.0119,-0.0382,0.0008,0.0606,0.3734,0.9718,buy
2024-04-22,466.8900,2604300,470.2200,471.5000,462.2800,0.0040,-0.0068,-0.0359,-0.0200,-0.1157,25.0771,0.0122,-0.0375,0.0011,0.1410,-0.2065,0.8046,buy
2024-04-23,472.9000,2205800,469.7200,474.8100,467.8300,0.0129,-0.0070,-0.0399,-0.0032,-0.0990,32.4399,0.0114,-0.0352,0.0023,0.2700,-0.1530,0.7040,buy
2024-04-24,477.1200,2338000,472.9400,478.5700,471.7300,0.0089,0.0056,-0.0207,0.0078,-0.0863,42.0677,0.0118,-0.0324,0.0038,0.3663,0.0599,0.7519,sell
2024-04-25,473.4400,2250900,468.4100,474.5000,465.7800,-0.0077,0.0005,-0.0224,0.0023,-0.0888,40.9681,0.0119,-0.0309,0.0045,0.3128,-0.0373,0.7477,buy
2024-04-26,477.5600,2460300,472.3100,482.7900,471.6900,0.0087,0.0270,0.0073,0.0103,-0.0764,45.0545,0.0103,-0.0282,0.0055,0.4199,0.0930,0.8372,sell
2024-04-29,473.0700,2954700,478.0400,481.6800,471.0700,-0.0094,0.0132,0.0063,0.0002,-0.0809,34.8192,0.0104,-0.0270,0.0056,0.3316,0.2010,0.9903,sell
2024-04-30,462.8300,3222600,472.0000,475.4200,462.4600,-0.0216,-0.0213,-0.0281,-0.0187,-0.0979,32.3440,0.0115,-0.0279,0.0044,0.0917,0.0907,1.0776,buy
2024-05-01,469.3900,2490200,461.1200,477.7600,460.3600,0.0142,-0.0162,-0.0107,-0.0037,-0.0825,39.7579,0.0127,-0.0263,0.0044,0.2848,-0.2273,0.8343,buy
2024-05-02,476.5700,2516400,474.3000,477.1600,468.3000,0.0153,0.0066,0.0072,0.0108,-0.0662,51.7796,0.0137,-0.0235,0.0054,0.5246,0.0105,0.8558,buy
2024-05-03,486.1800,2833200,482.2700,487.4900,477.5700,0.0202,0.0181,0.0455,0.0266,-0.0454,60.6773,0.0133,-0.0193,0.0072,0.8331,0.1259,0.9999,buy
2024-05-06,493.5900,2104000,490.1000,495.4400,488.0000,0.0152,0.0434,0.0572,0.0364,-0.0286,61.3396,0.0137,-0.0147,0.0091,1.0067,-0.2574,0.7604,hold
2024-05-07,492.2700,2518300,492.5100,496.7600,489.1400,-0.0027,0.0636,0.0410,0.0294,-0.0286,61.7021,0.0137,-0.0115,0.0100,0.9699,0.1969,0.9107,sell
2024-05-08,488.1000,2165000,489.9700,495.8100,486.9200,-0.0085,0.0399,0.0230,0.0184,-0.0344,59.4383,0.0141,-0.0095,0.0097,0.8433,-0.1403,0.7875,sell
2024-05-09,482.6500,2301600,489.4100,490.4400,481.6500,-0.0112,0.0128,0.0195,0.0051,-0.0425,61.5485,0.0144,-0.0087,0.0085,0.6878,0.0631,0.8476,hold
2024-05-10,482.2900,2741100,483.5000,489.4800,480.3000,-0.0007,-0.0080,0.0099,0.0033,-0.0403,60.2914,0.0142,-0.0080,0.0074,0.6635,0.1910,1.0660,hold
2024-05-13,483.1100,2458200,486.2400,490.1600,481.7100,0.0017,-0.0212,0.0212,0.0029,-0.0353,57.3316,0.0137,-0.0073,0.0065,0.6691,-0.1032,0.9729,sell
2024-05-14,475.9500,4287800,480.4100,481.8000,466.4800,-0.0148,-0.0332,0.0283,-0.0146,-0.0461,49.1939,0.0126,-0.0079,0.0049,0.4596,0.7443,1.6441,buy
2024-05-15,485.3500,3491600,480.7600,489.6100,476.6100,0.0197,-0.0056,0.0340,0.0015,-0.0249,57.6063,0.0132,-0.0065,0.0048,0.7152,-0.1857,1.3025,sell
2024-05-16,482.8800,2562900,484.7000,486.2300,481.3900,-0.0051,0.0005,0.0132,-0.0049,-0.0275,53.4708,0.0127,-0.0058,0.0044,0.6302,-0.2660,0.9529,hold
2024-05-17,483.4300,2260900,483.3200,485.8800,481.5200,0.0011,0.0024,-0.0057,-0.0032,-0.0235,57.1252,0.0109,-0.0052,0.0041,0.6273,-0.1178,0.8569,hold
2024-05-20,484.6900,1881100,483.0000,485.3700,478.3200,0.0026,0.0033,-0.0180,0.0013,-0.0183,67.1532,0.0095,-0.0044,0.0039,0.6471,-0.1680,0.7229,sell
2024-05-21,481.8500,1915800,481.1900,487.5000,477.1200,-0.0059,0.0124,-0.0212,-0.0024,-0.0210,60.3833,0.0096,-0.0042,0.0033,0.5411,0.0184,0.7403,buy
2024-05-22,483.9300,1875800,483.9700,485.6700,479.1400,0.0043,-0.0029,-0.0085,0.0027,-0.0129,56.7031,0.0095,-0.0036,0.0030,0.5993,-0.0209,0.7314,hold
2024-05-23,483.3100,2219900,488.3800,491.6800,478.6900,-0.0013,0.0009,0.0014,0.0013,-0.0105,46.8743,0.0088,-0.0033,0.0027,0.5638,0.1834,0.8661,sell
2024-05-24,475.4300,3085600,481.2500,485.3800,473.9000,-0.0163,-0.0165,-0.0142,-0.0136,-0.0229,30.4226,0.0103,-0.0043,0.0014,0.2992,0.3900,1.1894,buy
2024-05-28,478.4300,2575300,473.0100,478.6700,469.6000,0.0063,-0.0129,-0.0097,-0.0064,-0.0161,35.6013,0.0105,-0.0045,0.0010,0.3886,-0.1654,1.0000,hold
2024-05-29,477.6000,2214800,472.7800,482.7900,472.6000,-0.0017,-0.0088,0.0035,-0.0085,-0.0164,38.2603,0.0093,-0.0048,0.0006,0.2923,-0.1400,0.8772,sell
2024-05-30,445.8700,5604400,464.9000,466.8200,444.8400,-0.0664,-0.0786,-0.0813,-0.0667,-0.0789,24.0986,0.0214,-0.0110,-0.0042,-0.4181,1.5304,2.0907,hold
2024-05-31,444.7600,7487500,447.7200,448.2300,433.9700,-0.0025,-0.0798,-0.0789,-0.0615,-0.0783,23.8467,0.0215,-0.0156,-0.0071,-0.1917,0.3360,2.5561,sell
2024-06-03,439.0200,3967700,447.5800,449.8400,436.5800,-0.0129,-0.0766,-0.0919,-0.0649,-0.0875,21.2469,0.0213,-0.0204,-0.0094,-0.1206,-0.4701,1.3288,buy
2024-06-04,448.3700,3183600,442.8200,450.1200,441.5900,0.0213,-0.0628,-0.0749,-0.0375,-0.0661,32.5133,0.0232,-0.0216,-0.0086,0.0886,-0.1976,1.0473,buy
2024-06-05,455.8000,3295000,449.1900,458.6000,448.3700,0.0166,-0.0456,-0.0541,-0.0161,-0.0486,30.7842,0.0244,-0.0209,-0.0066,0.2318,0.0350,1.0702,hold
2024-06-06,458.1300,3235000,457.7000,467.8500,456.8700,0.0051,0.0275,-0.0533,-0.0055,-0.0417,33.8762,0.0245,-0.0199,-0.0045,0.2901,-0.0182,1.0328,buy
2024-06-07,465.4300,2684200,458.1300,468.9300,458.1300,0.0159,0.0465,-0.0370,0.0143,-0.0249,39.2216,0.0253,-0.0175,-0.0018,0.4160,-0.1703,0.8517,sell
2024-06-10,459.9400,3209700,453.8400,462.2300,451.5100,-0.0118,0.0477,-0.0326,0.0057,-0.0346,35.8942,0.0251,-0.0167,-0.0007,0.3468,0.1958,1.0110,hold
2024-06-11,462.6900,2723700,456.9100,462.7400,455.5000,0.0060,0.0319,-0.0329,0.0152,-0.0272,39.0689,0.0251,-0.0152,0.0006,0.4047,-0.1514,0.8543,hold
2024-06-12,459.8700,3647400,470.0000,471.1200,459.1600,-0.0061,0.0089,-0.0371,0.0130,-0.0315,36.3883,0.0251,-0.0145,0.0011,0.3725,0.3391,1.1557,hold
2024-06-13,458.7400,8558000,457.8700,462.3900,453.5000,-0.0025,0.0013,0.0289,0.0076,-0.0323,36.1795,0.0121,-0.0140,0.0013,0.3721,1.3463,2.5101,buy
2024-06-14,525.3100,14846600,530.2500,534.4500,521.8800,0.1451,0.1287,0.1811,0.1338,0.1063,66.8993,0.0463,-0.0015,0.0095,1.2141,0.7348,3.6899,hold
2024-06-17,518.7400,7163800,525.5100,525.9400,505.3800,-0.0125,0.1278,0.1816,0.1007,0.0909,63.3344,0.0463,0.0059,0.0136,1.0346,-0.5175,1.6782,hold
2024-06-18,522.2500,4225900,514.7100,530.3700,513.1300,0.0068,0.1287,0.1648,0.0910,0.0966,64.5128,0.0464,0.0121,0.0159,0.9946,-0.4101,0.9635,hold
2024-06-20,522.9500,5752400,527.6700,533.2300,520.4000,0.0013,0.1372,0.1473,0.0773,0.0966,81.3844,0.0467,0.0170,0.0166,0.9397,0.3612,1.2566,buy
2024-06-21,533.4400,6568300,530.3100,535.0000,524.7200,0.0201,0.1628,0.1644,0.0822,0.1165,83.5451,0.0465,0.0218,0.0171,0.9626,0.1418,1.3649,sell
2024-06-24,524.1700,3067800,532.1000,534.5800,523.4800,-0.0174,-0.0022,0.1262,0.0508,0.0952,81.3720,0.0477,0.0246,0.0159,0.8500,-0.5329,0.6319,hold
2024-06-25,526.8800,3128600,526.2000,529.6800,522.2400,0.0052,0.0157,0.1455,0.0423,0.0985,80.4137,0.0471,0.0265,0.0142,0.8334,0.0198,0.6441,hold
2024-06-26,528.6600,2931700,528.5800,530.6600,526.0100,0.0034,0.0123,0.1426,0.0323,0.0995,79.5171,0.0471,0.0280,0.0126,0.8135,-0.0629,0.6014,buy
2024-06-27,546.7600,4734100,533.2100,549.1600,532.1000,0.0342,0.0455,0.1889,0.0499,0.1338,81.8378,0.0469,0.0305,0.0125,0.8877,0.6148,0.9467,buy
2024-06-28,555.5400,5084500,549.7000,558.4800,548.0100,0.0161,0.0414,0.2110,0.0473,0.1482,82.0288,0.0464,0.0337,0.0128,0.8932,0.0740,1.0221,hold
2024-07-01,560.0100,3070200,551.3700,561.2100,549.7300,0.0080,0.0684,0.0661,0.0488,0.1533,85.8288,0.0150,0.0365,0.0126,0.8757,-0.3962,0.6458,buy
2024-07-02,567.7100,3054500,560.0000,570.1400,560.0000,0.0137,0.0775,0.0944,0.0536,0.1642,86.3140,0.0135,0.0390,0.0124,0.8811,-0.0051,0.6488,buy
2024-07-03,570.1500,1664400,564.2900,571.8300,564.0000,0.0043,0.0785,0.0917,0.0488,0.1643,88.2332,0.0136,0.0411,0.0117,0.8574,-0.4551,0.3593,buy
2024-07-05,578.3400,2808600,570.9100,580.5500,568.9200,0.0144,0.0578,0.1059,0.0531,0.1759,89.5293,0.0134,0.0430,0.0111,0.8659,0.6875,0.6095,sell
2024-07-08,575.4000,3007400,573.1800,576.7500,563.9200,-0.0051,0.0357,0.0787,0.0398,0.1653,78.5739,0.0137,0.0442,0.0098,0.8171,0.0708,0.6543,sell
2024-07-09,566.0200,2167600,573.0500,575.0100,562.4600,-0.0163,0.0107,0.0798,0.0152,0.1420,76.1331,0.0135,0.0439,0.0071,0.7371,-0.2792,0.4742,hold
2024-07-10,564.5500,2368400,564.7100,566.9300,558.2100,-0.0026,-0.0056,0.0715,0.0058,0.1351,73.9199,0.0138,0.0425,0.0045,0.7090,0.0926,0.5230,sell
2024-07-11,557.6300,3189200,564.0000,572.6200,557.0900,-0.0123,-0.0220,0.0548,-0.0117,0.1174,68.3220,0.0151,0.0403,0.0015,0.6447,0.3466,0.7006,hold
2024-07-12,559.0500,2014000,555.1000,562.4900,552.3200,0.0025,-0.0334,0.0225,-0.0113,0.1159,64.9643,0.0113,0.0379,-0.0007,0.6403,-0.3685,0.4505,buy
2024-07-15,565.7100,1887800,560.2300,568.2300,560.2300,0.0119,-0.0168,0.0183,-0.0013,0.1249,75.0362,0.0108,0.0361,-0.0016,0.7083,-0.0627,0.4563,hold
2024-07-16,566.5400,1539900,564.6000,570.1000,562.0800,0.0015,0.0009,0.0117,-0.0010,0.1225,74.4573,0.0105,0.0347,-0.0023,0.6971,-0.1843,0.4436,sell
2024-07-17,563.0900,2316300,563.9300,565.0000,556.4600,-0.0061,-0.0026,-0.0081,-0.0063,0.1123,70.8037,0.0097,0.0330,-0.0034,0.6358,0.5042,0.7173,sell
2024-07-18,556.8500,2184700,564.1800,564.2600,556.0700,-0.0111,-0.0014,-0.0233,-0.0150,0.0972,57.1166,0.0101,0.0306,-0.0050,0.5337,-0.0568,0.6987,sell
2024-07-19,551.0000,2601900,557.0500,561.0900,548.9600,-0.0105,-0.0144,-0.0473,-0.0206,0.0832,46.6598,0.0084,0.0275,-0.0068,0.4241,0.1910,0.8762,buy
2024-07-22,554.8200,2391700,558.6500,560.1900,552.7100,0.0069,-0.0193,-0.0358,-0.0102,0.0878,46.1447,0.0092,0.0249,-0.0073,0.4650,-0.0808,0.8663,sell
2024-07-23,546.0100,2363900,556.4900,557.2500,544.4400,-0.0159,-0.0362,-0.0354,-0.0224,0.0679,34.1421,0.0091,0.0218,-0.0088,0.2751,-0.0116,0.8673,sell
2024-07-24,531.0400,2630100,543.8000,544.7100,530.3500,-0.0274,-0.0569,-0.0594,-0.0435,0.0367,25.8431,0.0118,0.0171,-0.0115,-0.0280,0.1126,0.9739,hold
2024-07-25,532.1500,2136500,536.8000,542.2800,527.5900,0.0021,-0.0444,-0.0457,-0.0371,0.0368,18.7356,0.0119,0.0129,-0.0125,-0.0264,-0.1877,0.8030,buy
2024-07-26,542.4400,2090000,535.3500,545.5000,533.3300,0.0193,-0.0155,-0.0297,-0.0155,0.0542,29.7094,0.0140,0.0108,-0.0113,0.1903,-0.0218,0.8266,sell
2024-07-29,536.6100,1590600,544.3000,544.3000,535.1900,-0.0107,-0.0328,-0.0514,-0.0209,0.0407,31.0673,0.0131,0.0084,-0.0111,0.1206,-0.2389,0.6757,hold
2024-07-30,538.7100,1566900,541.8500,543.6700,530.9500,0.0039,-0.0134,-0.0491,-0.0120,0.0426,33.4994,0.0133,0.0067,-0.0102,0.1922,-0.0149,0.6876,buy
2024-07-31,551.6500,2776000,547.0500,555.5500,543.7700,0.0240,0.0388,-0.0203,0.0138,0.0648,46.4540,0.0161,0.0070,-0.0076,0.4331,0.7717,1.2257,sell
2024-08-01,546.4100,2075400,549.9900,561.9800,540.2400,-0.0095,0.0268,-0.0187,0.0061,0.0522,42.8296,0.0160,0.0066,-0.0065,0.3573,-0.2524,0.9081,sell
2024-08-02,526.1700,2729100,535.7800,536.8400,519.6800,-0.0370,-0.0300,-0.0451,-0.0267,0.0115,30.5643,0.0194,0.0034,-0.0082,0.0387,0.3150,1.1963,sell
2024-08-05,509.3200,3432200,504.2300,515.9000,500.0000,-0.0320,-0.0509,-0.0820,-0.0499,-0.0219,25.7007,0.0208,-0.0020,-0.0112,-0.1255,0.2576,1.4906,buy
2024-08-06,514.2000,2076300,513.6900,519.1600,509.0100,0.0096,-0.0455,-0.0583,-0.0350,-0.0137,29.4873,0.0213,-0.0055,-0.0117,0.0295,-0.3951,0.9035,hold
2024-08-07,513.6200,1663700,520.9500,531.0100,512.8600,-0.0011,-0.0689,-0.0328,-0.0330,-0.0162,30.9577,0.0199,-0.0083,-0.0116,0.0798,-0.1987,0.7352,buy
2024-08-08,530.2400,2155100,520.5900,531.0700,519.5600,0.0324,-0.0296,-0.0036,-0.0013,0.0136,41.6479,0.0229,-0.0076,-0.0086,0.3347,0.2954,0.9747,buy
2024-08-09,536.3000,1272600,528.0200,537.2800,528.0200,0.0114,0.0193,-0.0113,0.0113,0.0229,42.6810,0.0223,-0.0061,-0.0057,0.4361,-0.4095,0.5854,sell
2024-08-12,530.9300,1450300,536.0400,538.0800,525.7700,-0.0100,0.0424,-0.0106,0.0022,0.0094,43.8739,0.0222,-0.0058,-0.0043,0.3758,0.1396,0.6739,buy
2024-08-13,535.2200,3063900,530.9300,537.7200,527.9000,0.0081,0.0409,-0.0065,0.0110,0.0140,51.8594,0.0224,-0.0048,-0.0027,0.4639,1.1126,1.3750,buy
2024-08-14,539.7900,1915600,536.6200,542.9200,533.2000,0.0085,0.0510,-0.0215,0.0219,0.0188,53.2971,0.0210,-0.0033,-0.0009,0.5674,-0.3748,0.8674,buy
2024-08-15,554.1600,2182400,545.1900,557.2200,545.0100,0.0266,0.0451,0.0142,0.0476,0.0418,54.8858,0.0226,0.0000,0.0019,0.8432,0.1393,0.9883,hold
2024-08-16,553.4600,1541600,552.3500,554.7600,547.8000,-0.0013,0.0320,0.0519,0.0409,0.0366,57.3382,0.0182,0.0025,0.0034,0.8238,-0.2936,0.7153,buy
2024-08-19,563.1200,1423300,550.5900,563.7700,550.5900,0.0175,0.0606,0.1056,0.0484,0.0506,59.9738,0.0129,0.0056,0.0053,0.9714,-0.0767,0.6756,hold
2024-08-20,562.2500,1219600,564.4800,568.1800,559.6100,-0.0015,0.0505,0.0934,0.0375,0.0452,54.8051,0.0134,0.0080,0.0061,0.9121,-0.1431,0.5951,buy
2024-08-21,565.7900,1401700,562.1300,566.6000,557.9100,0.0063,0.0482,0.1016,0.0341,0.0477,58.9227,0.0130,0.0102,0.0066,0.9098,0.1493,0.7050,sell
2024-08-22,557.4400,1627700,567.0700,572.0000,555.6500,-0.0148,0.0059,0.0513,0.0138,0.0286,66.1669,0.0124,0.0108,0.0058,0.7556,0.1612,0.8293,hold
2024-08-23,558.3000,2023500,565.4500,566.5200,552.5000,0.0015,0.0087,0.0410,0.0113,0.0265,80.3395,0.0122,0.0111,0.0049,0.7496,0.2432,1.0327,hold
2024-08-26,559.4400,1387500,555.0300,560.2600,555.0300,0.0020,-0.0065,0.0537,0.0082,0.0248,79.3843,0.0112,0.0114,0.0042,0.7434,-0.3143,0.7118,buy
2024-08-27,567.8200,1404400,554.4000,569.5200,554.3400,0.0150,0.0099,0.0609,0.0173,0.0385,81.9652,0.0116,0.0125,0.0043,0.8258,0.0122,0.7235,sell
2024-08-28,560.5400,1289700,568.2200,569.5900,557.6700,-0.0128,-0.0093,0.0384,0.0005,0.0236,70.0822,0.0130,0.0125,0.0034,0.7175,-0.0817,0.6909,buy
2024-08-29,569.6300,1955600,567.0500,578.4000,567.0500,0.0162,0.0219,0.0279,0.0140,0.0384,71.2375,0.0113,0.0134,0.0035,0.8093,0.5163,1.0510,buy
2024-08-30,574.4100,1983000,572.2000,575.6500,568.2900,0.0084,0.0289,0.0379,0.0187,0.0452,77.9148,0.0113,0.0146,0.0038,0.8315,0.0140,1.0875,sell
2024-09-03,571.0400,2757900,576.3000,586.7000,566.7900,-0.0059,0.0207,0.0141,0.0113,0.0376,73.2719,0.0106,0.0150,0.0034,0.7720,0.3908,1.5409,buy
2024-09-04,575.2500,1615800,568.8700,578.8600,565.7600,0.0074,0.0131,0.0231,0.0164,0.0433,73.1463,0.0106,0.0156,0.0032,0.8108,-0.4141,0.9146,sell
2024-09-05,567.9300,1573600,570.7500,573.3900,562.5300,-0.0127,0.0132,0.0038,0.0031,0.0285,59.8994,0.0115,0.0152,0.0021,0.6942,-0.0261,0.8930,sell
2024-09-06,563.4100,2096800,570.9000,573.3100,558.0000,-0.0080,-0.0109,0.0107,-0.0059,0.0190,56.7807,0.0107,0.0140,0.0006,0.5967,0.3325,1.1918,buy
2024-09-09,569.8800,1997100,567.6900,574.5700,564.4400,0.0115,-0.0079,0.0207,0.0034,0.0299,54.8162,0.0112,0.0136,0.0003,0.7004,-0.0475,1.1122,buy
2024-09-10,574.4800,2030100,576.7500,577.8000,567.1400,0.0081,0.0060,0.0269,0.0089,0.0375,58.2736,0.0114,0.0137,0.0004,0.7886,0.0165,1.1127,buy
2024-09-11,580.3800,2681000,573.0100,581.2400,559.3500,0.0103,0.0089,0.0221,0.0170,0.0474,59.5647,0.0109,0.0144,0.0010,0.9261,0.3206,1.4850,buy
2024-09-12,586.5500,5506600,581.4500,587.7500,572.9800,0.0106,0.0328,0.0464,0.0231,0.0578,69.6450,0.0097,0.0156,0.0019,1.0685,1.0539,2.7742,sell
2024-09-13,536.8700,10423500,532.5700,540.2700,526.6000,-0.0847,-0.0471,-0.0575,-0.0582,-0.0306,41.2822,0.0292,0.0107,-0.0035,-0.1810,0.8929,4.3486,sell
2024-09-16,521.5000,5248200,537.4000,537.6900,521.2600,-0.0286,-0.0849,-0.0921,-0.0765,-0.0565,36.1674,0.0296,0.0033,-0.0090,-0.2446,-0.4965,2.0324,sell
2024-09-17,515.0300,5164100,524.2900,527.1000,514.5800,-0.0124,-0.1035,-0.0981,-0.0789,-0.0661,30.4814,0.0296,-0.0037,-0.0130,-0.1468,-0.0160,1.8647,sell
2024-09-18,508.1300,3997300,517.0100,517.5800,506.4900,-0.0134,-0.1245,-0.1167,-0.0802,-0.0767,30.5673,0.0290,-0.0105,-0.0159,-0.0872,-0.2259,1.3745,buy
2024-09-19,526.4400,3582500,518.8100,527.4800,518.0200,0.0360,-0.1025,-0.0731,-0.0398,-0.0421,35.0108,0.0327,-0.0123,-0.0140,0.1634,-0.1038,1.1873,hold
2024-09-20,522.3000,6100700,526.4400,528.6300,515.7200,-0.0079,-0.0271,-0.0730,-0.0402,-0.0484,31.8344,0.0327,-0.0146,-0.0130,0.1568,0.7029,1.8824,buy
2024-09-23,527.8700,2107000,525.7100,532.0000,524.9600,0.0107,0.0122,-0.0737,-0.0224,-0.0372,35.1782,0.0326,-0.0151,-0.0109,0.2384,-0.6546,0.6493,hold
2024-09-24,524.0700,2842100,527.7200,530.3000,521.7100,-0.0072,0.0176,-0.0877,-0.0203,-0.0426,32.3785,0.0322,-0.0162,-0.0095,0.2271,0.3489,0.8566,sell
2024-09-25,517.9000,3211600,526.0200,526.1800,516.2400,-0.0118,0.0192,-0.1077,-0.0204,-0.0522,32.6369,0.0315,-0.0179,-0.0089,0.2008,0.1300,0.9423,hold
2024-09-26,515.3800,3282400,520.5100,521.3600,512.1100,-0.0049,-0.0210,-0.1213,-0.0118,-0.0552,33.0964,0.0307,-0.0194,-0.0083,0.2086,0.0220,0.9357,hold
2024-09-27,515.4800,2718300,516.5200,516.6800,512.3000,0.0002,-0.0131,-0.0398,-0.0076,-0.0536,29.9558,0.0173,-0.0202,-0.0073,0.2376,-0.1719,0.7666,hold
2024-09-30,517.7800,2587000,513.8300,518.4700,511.7400,0.0045,-0.0191,-0.0071,-0.0024,-0.0482,28.7481,0.0150,-0.0202,-0.0059,0.2813,-0.0483,0.7234,sell
2024-10-01,502.8000,3730000,517.4500,519.0000,502.5000,-0.0289,-0.0406,-0.0237,-0.0290,-0.0740,22.7751,0.0172,-0.0230,-0.0066,0.1812,0.4418,1.0290,buy
2024-10-02,505.8100,1981600,503.8700,510.1900,502.8200,0.0060,-0.0233,-0.0046,-0.0227,-0.0670,21.0236,0.0169,-0.0239,-0.0060,0.2344,-0.4687,0.5439,hold
2024-10-03,503.8000,1921600,501.0200,509.8100,498.5900,-0.0040,-0.0225,-0.0430,-0.0224,-0.0698,31.9586,0.0111,-0.0248,-0.0055,0.2424,-0.0303,0.5250,buy
2024-10-04,507.2200,1949300,507.2900,508.5600,503.5900,0.0068,-0.0160,-0.0289,-0.0128,-0.0626,41.0414,0.0115,-0.0244,-0.0042,0.2956,0.0144,0.5336,sell
2024-10-07,487.3000,4870500,503.9600,504.8700,486.4000,-0.0393,-0.0589,-0.0769,-0.0440,-0.0976,35.1154,0.0153,-0.0283,-0.0058,0.1437,1.4986,1.2828,buy
2024-10-08,496.2400,3551600,492.4500,500.0000,486.4000,0.0183,-0.0130,-0.0531,-0.0212,-0.0797,43.7546,0.0174,-0.0282,-0.0049,0.2461,-0.2708,0.9171,hold
2024-10-09,494.0800,2869400,495.8800,495.8800,492.3200,-0.0044,-0.0232,-0.0460,-0.0208,-0.0822,29.5294,0.0172,-0.0286,-0.0042,0.2263,-0.1921,0.7391,buy
2024-10-10,503.5700,2775100,490.5400,506.4500,489.3500,0.0192,-0.0005,-0.0229,0.0003,-0.0628,38.9027,0.0188,-0.0265,-0.0021,0.3226,-0.0329,0.7409,sell
2024-10-11,495.4200,2992400,504.7800,507.9800,494.9000,-0.0162,-0.0233,-0.0389,-0.0119,-0.0763,31.3442,0.0193,-0.0268,-0.0015,0.1801,0.0783,0.8869,buy
2024-10-14,509.6500,3411500,501.8000,514.2600,500.4100,0.0287,0.0459,-0.0157,0.0181,-0.0491,42.5975,0.0218,-0.0233,0.0010,0.4964,0.1401,1.0394,hold
2024-10-15,508.0300,3605700,513.8200,517.7700,506.8000,-0.0032,0.0238,0.0104,0.0138,-0.0521,44.6850,0.0196,-0.0213,0.0025,0.4684,0.0569,1.1252,sell
2024-10-16,502.5400,1859100,506.3900,506.8400,500.2500,-0.0108,0.0171,-0.0065,0.0035,-0.0620,43.2999,0.0198,-0.0204,0.0029,0.3550,-0.4844,0.6002,sell
2024-10-17,496.8300,2769200,506.5100,507.5000,495.2300,-0.0114,-0.0134,-0.0138,-0.0065,-0.0720,40.8065,0.0201,-0.0205,0.0025,0.2532,0.4895,0.9059,hold
2024-10-18,494.9000,2011100,491.2900,499.0000,491.0500,-0.0039,-0.0010,-0.0243,-0.0079,-0.0744,38.6800,0.0199,-0.0205,0.0020,0.2355,-0.2738,0.7051,hold
2024-10-21,497.7100,1679700,494.6000,500.6500,492.9600,0.0057,-0.0234,0.0214,-0.0044,-0.0678,47.1369,0.0151,-0.0197,0.0022,0.3164,-0.1648,0.5933,sell
2024-10-22,493.1100,2388700,496.4300,497.3400,488.3600,-0.0092,-0.0294,-0.0063,-0.0130,-0.0751,42.9819,0.0144,-0.0198,0.0018,0.2142,0.4221,0.8506,sell
2024-10-23,485.0300,2021300,492.0000,493.8300,483.3900,-0.0164,-0.0348,-0.0183,-0.0274,-0.0886,40.2797,0.0152,-0.0212,0.0006,0.0431,-0.1538,0.7353,hold
2024-10-24,482.8700,2100300,486.6300,488.4700,480.0600,-0.0045,-0.0281,-0.0411,-0.0277,-0.0907,37.2232,0.0133,-0.0222,-0.0003,0.0441,0.0391,0.7809,hold
2024-10-25,483.7200,2426800,483.4200,488.3400,482.5200,0.0018,-0.0226,-0.0236,-0.0237,-0.0866,47.6515,0.0127,-0.0226,-0.0005,0.1061,0.1555,0.9072,sell
2024-10-28,481.0400,2302300,487.6500,488.4900,480.4800,-0.0055,-0.0335,-0.0561,-0.0234,-0.0892,39.1367,0.0065,-0.0231,-0.0008,0.0647,-0.0513,0.8652,buy
2024-10-29,485.3900,2089500,481.9200,487.5600,479.3300,0.0090,-0.0157,-0.0446,-0.0100,-0.0783,43.9778,0.0080,-0.0223,-0.0001,0.2175,-0.0924,0.8102,buy
2024-10-30,486.6800,2728600,482.2400,492.2000,482.2400,0.0027,0.0034,-0.0316,-0.0042,-0.0732,36.7943,0.0080,-0.0213,0.0007,0.2762,0.3059,1.0430,sell
2024-10-31,478.0800,2978700,486.0000,486.0500,477.3800,-0.0177,-0.0099,-0.0377,-0.0180,-0.0865,36.5372,0.0089,-0.0221,0.0002,0.0944,0.0917,1.1160,buy
2024-11-01,482.8000,2851600,475.4100,485.1600,475.0500,0.0099,-0.0019,-0.0244,-0.0059,-0.0748,25.5420,0.0099,-0.0212,0.0007,0.2430,-0.0427,1.0506,sell
2024-11-04,481.3500,1954900,479.0300,483.7600,477.3700,-0.0030,0.0006,-0.0329,-0.0055,-0.0749,25.6213,0.0095,-0.0207,0.0010,0.2196,-0.3145,0.7611,buy
2024-11-05,486.4200,1588100,483.0900,486.6600,480.4700,0.0105,0.0021,-0.0136,0.0064,-0.0625,35.1565,0.0101,-0.0190,0.0020,0.3670,-0.1876,0.6429,buy
2024-11-06,504.8300,2969900,492.9300,506.2100,492.9300,0.0378,0.0373,0.0408,0.0402,-0.0247,55.9702,0.0147,-0.0141,0.0049,0.8233,0.8701,1.1999,sell
2024-11-07,500.9200,2640300,510.6600,510.6600,495.3000,-0.0077,0.0478,0.0374,0.0283,-0.0300,54.3636,0.0149,-0.0113,0.0063,0.7315,-0.1110,1.0696,sell
2024-11-08,494.6800,2856900,503.8300,505.0000,493.6900,-0.0125,0.0246,0.0227,0.0132,-0.0393,47.9077,0.0158,-0.0100,0.0062,0.5730,0.0820,1.1605,buy
2024-11-11,504.4800,3536600,493.6000,507.7200,493.6000,0.0198,0.0481,0.0487,0.0284,-0.0176,57.3251,0.0164,-0.0071,0.0071,0.8461,0.2379,1.4330,buy
2024-11-12,526.4200,4125300,504.3900,528.9100,504.2700,0.0435,0.0822,0.0845,0.0642,0.0269,72.6249,0.0205,-0.0013,0.0098,1.2280,0.1665,1.6541,buy
2024-11-13,532.5000,3470200,523.7900,539.9200,520.5900,0.0115,0.0548,0.0941,0.0666,0.0405,76.0143,0.0204,0.0039,0.0119,1.1607,-0.1588,1.3479,hold
2024-11-14,529.8700,3098800,530.5500,534.6400,523.4600,-0.0049,0.0578,0.1083,0.0504,0.0369,73.7470,0.0189,0.0075,0.0125,1.0144,-0.1070,1.1960,sell
2024-11-15,503.3700,4612400,520.3000,524.5000,498.8100,-0.0500,0.0176,0.0426,-0.0061,-0.0126,59.2280,0.0269,0.0066,0.0094,0.6092,0.4884,1.6951,hold
2024-11-18,499.5100,2259000,505.0000,505.5100,497.6900,-0.0077,-0.0099,0.0377,-0.0173,-0.0175,55.8589,0.0271,0.0049,0.0062,0.5501,-0.5102,0.8215,hold
2024-11-19,499.6100,1961700,496.0000,502.4100,495.4600,0.0002,-0.0509,0.0271,-0.0196,-0.0144,55.4187,0.0270,0.0035,0.0039,0.5468,-0.1316,0.7189,hold
2024-11-20,499.5000,1874900,505.4100,506.3600,494.6100,-0.0002,-0.0620,-0.0106,-0.0188,-0.0114,59.6643,0.0241,0.0024,0.0022,0.5348,-0.0442,0.6890,buy
2024-11-21,504.4400,2002100,502.1000,508.5700,493.1000,0.0099,-0.0480,0.0070,-0.0098,0.0016,59.7443,0.0241,0.0022,0.0016,0.5948,0.0678,0.7370,buy
2024-11-22,512.1500,2287200,502.5000,513.3700,502.5000,0.0153,0.0174,0.0353,0.0019,0.0179,63.1287,0.0240,0.0033,0.0021,0.6927,0.1424,0.8442,buy
2024-11-25,518.7300,3320000,519.0900,523.2100,513.1900,0.0128,0.0385,0.0282,0.0119,0.0311,63.5973,0.0236,0.0050,0.0031,0.7669,0.4516,1.2028,buy
2024-11-26,525.3000,2415700,519.9500,525.7600,516.3600,0.0127,0.0514,-0.0021,0.0250,0.0438,59.5681,0.0194,0.0073,0.0043,0.8308,-0.2724,0.8700,sell
2024-11-27,513.6800,2324200,523.2100,525.8800,508.7200,-0.0221,0.0284,-0.0353,0.0060,0.0204,55.5633,0.0200,0.0075,0.0035,0.6362,-0.0379,0.8432,hold
2024-11-29,515.9300,1450200,517.6500,517.6500,513.5800,0.0044,0.0228,-0.0263,0.0132,0.0253,59.5989,0.0202,0.0077,0.0030,0.6526,-0.3760,0.5411,hold
2024-12-02,516.2000,2006900,512.8500,518.7700,511.5300,0.0005,0.0079,0.0255,0.0112,0.0261,55.7928,0.0113,0.0078,0.0025,0.6384,0.3839,0.7608,hold
2024-12-03,516.2600,2119300,511.0400,516.7800,504.5100,0.0001,-0.0048,0.0335,0.0080,0.0267,43.5923,0.0108,0.0079,0.0021,0.6209,0.0560,0.8009,buy
2024-12-04,536.4900,3307000,523.0200,541.7700,521.0100,0.0392,0.0213,0.0738,0.0400,0.0664,52.1353,0.0155,0.0105,0.0039,0.9772,0.5604,1.2105,hold
2024-12-05,538.2200,2629100,534.4200,540.1100,529.7900,0.0032,0.0478,0.0775,0.0356,0.0690,54.5120,0.0154,0.0129,0.0051,0.9403,-0.2050,0.9684,buy
2024-12-06,552.9600,2964100,544.1500,554.3700,542.9000,0.0274,0.0718,0.0962,0.0541,0.0966,80.6983,0.0166,0.0164,0.0070,1.0751,0.1274,1.0853,sell
2024-12-09,547.9300,3588700,556.1000,557.9000,546.1100,-0.0091,0.0615,0.0699,0.0374,0.0853,79.5460,0.0174,0.0187,0.0074,0.9374,0.2107,1.2967,hold
2024-12-10,547.0500,2762900,547.3500,552.8300,544.2200,-0.0016,0.0596,0.0546,0.0302,0.0823,78.6750,0.0175,0.0200,0.0070,0.8750,-0.2301,1.0124,buy
2024-12-11,549.9300,6690600,547.0500,552.3000,541.7400,0.0053,0.0251,0.0469,0.0309,0.0859,79.4947,0.0173,0.0212,0.0065,0.8752,1.4216,2.3416,sell
2024-12-12,474.6300,17344900,487.5000,494.0000,470.9000,-0.1369,-0.1181,-0.0760,-0.1037,-0.0616,40.4363,0.0480,0.0127,-0.0034,-0.0469,1.5924,4.8845,sell
2024-12-13,465.6900,11395500,473.9800,474.9100,456.8000,-0.0188,-0.1578,-0.0974,-0.1122,-0.0779,35.2114,0.0479,0.0018,-0.0117,-0.0352,-0.3430,2.8734,hold
2024-12-16,461.5300,5807000,467.1900,473.6200,461.2000,-0.0089,-0.1577,-0.1059,-0.1109,-0.0845,31.5078,0.0478,-0.0077,-0.0171,0.0034,-0.4904,1.4425,hold
2024-12-17,455.2300,7514500,460.5900,465.8600,452.4800,-0.0137,-0.1678,-0.1182,-0.1126,-0.0958,27.3075,0.0477,-0.0164,-0.0207,0.0189,0.2940,1.7523,sell
2024-12-18,441.3100,6511100,453.2400,455.2500,441.1000,-0.0306,-0.1975,-0.1774,-0.1234,-0.1215,26.9066,0.0445,-0.0262,-0.0245,-0.0066,-0.1335,1.4419,hold
2024-12-19,437.3900,6479500,443.4100,449.0000,437.1100,-0.0089,-0.0785,-0.1873,-0.1135,-0.1274,25.2021,0.0440,-0.0342,-0.0260,0.0373,-0.0049,1.3652,buy
2024-12-20,447.1700,8220000,433.0200,451.4200,432.4700,0.0224,-0.0398,-0.1913,-0.0738,-0.1059,29.4395,0.0434,-0.0372,-0.0234,0.1438,0.2686,1.6255,hold
2024-12-23,446.7400,3781200,447.0000,451.4300,443.4200,-0.0010,-0.0320,-0.1847,-0.0549,-0.1050,29.3390,0.0437,-0.0399,-0.0208,0.1773,-0.5400,0.7368,hold
2024-12-24,447.9400,1685000,446.5000,448.8700,442.5700,0.0027,-0.0160,-0.1812,-0.0320,-0.1003,20.3271,0.0439,-0.0412,-0.0177,0.2150,-0.5544,0.3337,hold
2024-12-26,450.1600,2131200,445.8500,452.3400,444.6800,0.0050,0.0201,-0.1814,-0.0058,-0.0938,20.5879,0.0439,-0.0412,-0.0143,0.2536,0.2648,0.4232,hold
2024-12-27,446.4800,2947200,446.8800,449.9100,441.1100,-0.0082,0.0208,-0.0593,-0.0077,-0.0992,11.5984,0.0144,-0.0419,-0.0118,0.2569,0.3829,0.5817,hold
2024-12-30,445.8000,3473200,442.9400,447.6000,438.5700,-0.0015,-0.0031,-0.0427,-0.0049,-0.0987,11.9741,0.0137,-0.0419,-0.0094,0.2757,0.1785,0.6721,hold
2024-12-31,444.6800,2285100,446.3500,448.5000,442.8100,-0.0025,-0.0046,-0.0365,-0.0036,-0.0991,11.9527,0.0136,-0.0417,-0.0073,0.2909,-0.3421,0.4410,sell
2025-01-02,441.0000,2504700,447.7600,450.1200,440.5600,-0.0083,-0.0155,-0.0313,-0.0087,-0.1045,9.7539,0.0133,-0.0419,-0.0058,0.2922,0.0961,0.4816,sell
2025-01-03,430.5700,5617000,429.4500,433.3000,425.3200,-0.0237,-0.0435,-0.0243,-0.0298,-0.1235,18.7340,0.0118,-0.0443,-0.0059,0.2594,1.2426,1.0565,hold
2025-01-06,431.1800,3994400,431.8800,436.4100,427.7900,0.0014,-0.0343,-0.0142,-0.0271,-0.1203,22.2276,0.0116,-0.0447,-0.0051,0.2842,-0.2889,0.7418,sell
2025-01-07,422.6300,4181400,431.3700,435.1800,420.5100,-0.0198,-0.0520,-0.0549,-0.0410,-0.1356,20.7607,0.0095,-0.0471,-0.0053,0.2502,0.0468,0.7678,sell
2025-01-08,419.5800,3508800,417.3400,422.6600,415.5100,-0.0072,-0.0564,-0.0608,-0.0421,-0.1396,21.8271,0.0094,-0.0486,-0.0052,0.2411,-0.1609,0.6448,sell
2025-01-10,405.9200,5564300,410.0000,413.1000,405.3200,-0.0326,-0.0795,-0.0938,-0.0643,-0.1650,21.9172,0.0120,-0.0533,-0.0068,0.1314,0.5858,0.9969,buy
2025-01-13,408.5000,4558800,404.2700,409.9600,403.7500,0.0064,-0.0513,-0.0925,-0.0492,-0.1571,26.5769,0.0122,-0.0543,-0.0064,0.0374,-0.1807,0.8326,buy
2025-01-14,412.7100,3577100,407.2500,412.7500,405.0700,0.0103,-0.0428,-0.0756,-0.0318,-0.1458,19.2870,0.0137,-0.0533,-0.0047,0.1247,-0.2153,0.7473,buy
2025-01-15,417.2800,4345800,421.7000,423.9700,415.6600,0.0111,-0.0127,-0.0640,-0.0145,-0.1341,25.5478,0.0149,-0.0509,-0.0023,0.2161,0.2149,0.9800,buy
2025-01-16,426.9300,4185600,418.2100,428.8900,418.0000,0.0231,0.0175,-0.0399,0.0126,-0.1120,34.7066,0.0176,-0.0460,0.0012,0.3838,-0.0369,0.9615,buy
2025-01-17,429.9900,4012700,434.3500,435.9900,425.7000,0.0072,0.0593,-0.0250,0.0225,-0.1038,35.4954,0.0178,-0.0417,0.0042,0.4526,-0.0413,0.9604,buy
2025-01-21,436.3600,3833300,433.2600,439.9800,431.5000,0.0148,0.0682,0.0134,0.0362,-0.0886,42.9936,0.0169,-0.0364,0.0071,0.5690,-0.0447,0.9478,hold
2025-01-22,437.3200,3391600,438.0000,439.7300,433.4300,0.0022,0.0596,0.0142,0.0370,-0.0840,44.1517,0.0169,-0.0320,0.0091,0.5860,-0.1152,0.8719,hold
2025-01-23,437.2800,2716700,435.8800,437.7300,432.4900,-0.0001,0.0479,0.0347,0.0333,-0.0816,44.8194,0.0152,-0.0283,0.0102,0.5966,-0.1990,0.7516,hold
2025-01-24,435.3800,2631800,437.2800,441.8800,434.7300,-0.0043,0.0198,0.0377,0.0250,-0.0833,45.9650,0.0150,-0.0255,0.0105,0.5747,-0.0313,0.7398,buy
2025-01-27,438.6000,5086300,430.2300,445.4500,430.1200,0.0074,0.0200,0.0805,0.0247,-0.0740,56.4312,0.0078,-0.0222,0.0109,0.6486,0.9326,1.3646,buy
2025-01-28,442.8400,5376400,436.2700,445.8100,431.6400,0.0097,0.0149,0.0841,0.0264,-0.0617,58.8253,0.0078,-0.0185,0.0114,0.7468,0.0570,1.3822,sell
2025-01-29,441.6800,2997600,439.9200,444.3600,438.8300,-0.0026,0.0100,0.0702,0.0168,-0.0606,66.2349,0.0084,-0.0159,0.0113,0.7336,-0.4425,0.7702,buy
2025-01-30,446.0000,3290100,439.6700,448.4200,439.2300,0.0098,0.0199,0.0688,0.0200,-0.0480,72.0387,0.0084,-0.0127,0.0114,0.8218,0.0976,0.8473,sell
2025-01-31,437.4500,4684300,446.9800,447.0100,435.8300,-0.0192,0.0048,0.0246,-0.0019,-0.0636,78.7525,0.0097,-0.0119,0.0101,0.6582,0.4238,1.1702,hold
2025-02-03,438.6000,3348700,437.8000,442.7400,430.8800,0.0026,0.0000,0.0200,-0.0013,-0.0587,78.1835,0.0096,-0.0107,0.0090,0.6867,-0.2851,0.8278,buy
2025-02-04,440.2300,2647700,435.4300,443.5800,434.2600,0.0037,-0.0059,0.0089,0.0016,-0.0528,77.0760,0.0085,-0.0094,0.0082,0.7072,-0.2093,0.6795,sell
2025-02-05,437.6300,2937800,440.7500,444.9500,436.2700,-0.0059,-0.0092,0.0007,-0.0044,-0.0558,70.8291,0.0088,-0.0088,0.0071,0.6447,0.1096,0.7643,sell
2025-02-06,435.4000,2568100,437.6300,439.9600,434.3500,-0.0051,-0.0238,-0.0043,-0.0091,-0.0578,60.2221,0.0089,-0.0086,0.0059,0.5861,-0.1258,0.6824,sell
2025-02-07,433.0700,2693500,436.2400,441.0000,432.4100,-0.0054,-0.0100,-0.0053,-0.0138,-0.0597,53.7838,0.0090,-0.0088,0.0046,0.5239,0.0488,0.7236,buy
2025-02-10,451.1000,3946700,439.2500,453.3700,439.0000,0.0416,0.0285,0.0285,0.0243,-0.0176,64.0756,0.0161,-0.0053,0.0061,0.8958,0.4653,1.0838,buy
2025-02-11,458.8200,3257000,449.0000,461.5500,448.2900,0.0171,0.0422,0.0361,0.0381,0.0021,68.1834,0.0166,-0.0013,0.0079,1.0413,-0.1748,0.9107,buy
2025-02-12,462.7600,3308500,458.0000,463.0000,451.3000,0.0086,0.0574,0.0477,0.0420,0.0129,70.2158,0.0165,0.0023,0.0092,1.0802,0.0158,0.9286,sell
2025-02-13,459.2200,2794400,465.2100,465.7000,457.0300,-0.0076,0.0547,0.0296,0.0310,0.0077,68.4349,0.0168,0.0046,0.0092,0.9618,-0.1554,0.8017,hold
2025-02-14,460.1600,2623000,463.3500,464.9900,458.0000,0.0020,0.0626,0.0519,0.0278,0.0122,67.2812,0.0149,0.0065,0.0089,0.9322,-0.0613,0.7698,buy
2025-02-18,464.1100,2973800,462.6500,464.3300,453.0700,0.0086,0.0288,0.0582,0.0308,0.0233,67.1284,0.0149,0.0085,0.0087,0.9624,0.1337,0.8863,sell
2025-02-19,456.9900,2965500,463.6100,463.6100,455.3200,-0.0153,-0.0040,0.0381,0.0112,0.0111,61.2491,0.0164,0.0089,0.0073,0.7644,-0.0028,0.8954,sell
2025-02-20,454.6900,2337600,457.4400,461.0000,451.5700,-0.0050,-0.0174,0.0390,0.0023,0.0098,56.5803,0.0163,0.0087,0.0056,0.6903,-0.2117,0.7172,sell
2025-02-21,444.3200,3376000,453.2800,453.7500,440.6900,-0.0228,-0.0324,0.0205,-0.0224,-0.0085,55.0626,0.0183,0.0067,0.0029,0.4368,0.4442,1.0254,hold
2025-02-24,444.4200,2807900,445.1100,446.2800,440.9100,0.0002,-0.0342,0.0262,-0.0247,-0.0037,54.3563,0.0181,0.0050,0.0009,0.4260,-0.1683,0.8506,hold
2025-02-25,443.4100,2612700,443.4700,447.4900,439.1700,-0.0023,-0.0446,-0.0170,-0.0252,-0.0013,52.4025,0.0118,0.0034,-0.0006,0.3932,-0.0695,0.8223,sell
2025-02-26,441.5000,1947600,443.8000,447.6500,438.4000,-0.0043,-0.0339,-0.0377,-0.0257,-0.0007,52.9546,0.0098,0.0017,-0.0018,0.3474,-0.2546,0.6479,sell
2025-02-27,437.1900,2340200,441.7900,444.5700,436.8200,-0.0098,-0.0385,-0.0553,-0.0298,-0.0088,51.3246,0.0089,-0.0004,-0.0032,0.2495,0.2016,0.7871,buy
2025-02-28,438.5600,3936900,438.1600,440.3700,432.1000,0.0031,-0.0130,-0.0450,-0.0222,-0.0044,54.1210,0.0093,-0.0018,-0.0036,0.2962,0.6823,1.3099,buy
2025-03-03,440.7200,2607700,440.6500,448.0900,438.2100,0.0049,-0.0083,-0.0422,-0.0131,0.0014,39.7714,0.0096,-0.0025,-0.0034,0.3425,-0.3376,0.8987,buy
2025-03-04,446.0300,2942200,439.2500,448.8200,434.7000,0.0120,0.0059,-0.0390,0.0028,0.0139,36.7680,0.0101,-0.0020,-0.0024,0.4628,0.1283,1.0212,buy
2025-03-05,451.2400,2406200,443.6500,453.2600,443.1100,0.0117,0.0221,-0.0126,0.0158,0.0253,38.3871,0.0104,-0.0007,-0.0008,0.5803,-0.1822,0.8386,sell
2025-03-06,444.7800,2732100,444.7300,452.1900,441.1900,-0.0143,0.0174,-0.0218,0.0035,0.0103,36.2528,0.0111,-0.0008,-0.0008,0.4052,0.1354,0.9557,buy
2025-03-07,449.4000,3039500,442.0000,452.5100,440.9900,0.0104,0.0247,0.0114,0.0128,0.0207,40.4270,0.0090,-0.0001,-0.0000,0.5076,0.1125,1.0545,sell
2025-03-10,435.0800,4001600,443.1100,444.5400,433.2300,-0.0319,-0.0128,-0.0210,-0.0174,-0.0113,28.1959,0.0138,-0.0021,-0.0016,0.1041,0.3165,1.3575,hold
2025-03-11,433.6600,3145200,432.8800,441.3300,431.0000,-0.0033,-0.0277,-0.0220,-0.0185,-0.0139,30.8362,0.0138,-0.0039,-0.0028,0.1161,-0.2140,1.0816,buy
2025-03-12,438.6000,5515900,436.6900,443.9000,435.5000,0.0114,-0.0280,-0.0066,-0.0066,-0.0022,37.3327,0.0144,-0.0044,-0.0026,0.2692,0.7538,1.8260,sell
2025-03-13,377.8400,14386600,405.2700,405.7700,374.5000,-0.1385,-0.1505,-0.1358,-0.1326,-0.1377,20.8165,0.0462,-0.0183,-0.0130,-0.4229,1.6082,4.0246,buy
2025-03-14,394.7400,6134800,379.7500,396.3600,377.8000,0.0447,-0.1216,-0.0999,-0.0846,-0.0970,30.9946,0.0496,-0.0238,-0.0150,-0.0566,-0.5736,1.6396,hold
2025-03-17,399.3400,4258500,394.1200,399.9400,387.1300,0.0117,-0.0821,-0.0939,-0.0649,-0.0846,33.5915,0.0498,-0.0272,-0.0148,0.0658,-0.3058,1.1138,sell
2025-03-18,391.3700,4297300,395.3600,395.9500,384.5700,-0.0200,-0.0975,-0.1225,-0.0717,-0.1008,32.1411,0.0494,-0.0320,-0.0155,0.0422,0.0091,1.1048,hold
2025-03-19,387.8900,4349900,394.1000,395.2600,387.0000,-0.0089,-0.1156,-0.1404,-0.0659,-0.1071,32.3323,0.0487,-0.0360,-0.0154,0.0683,0.0122,1.0988,hold
2025-03-20,389.6100,4009500,386.9000,397.8200,385.8000,0.0044,0.0312,-0.1240,-0.0492,-0.1014,32.5016,0.0490,-0.0380,-0.0140,0.1322,-0.0783,0.9919,hold
2025-03-21,387.2600,7607300,384.1300,389.8500,382.4500,-0.0060,-0.0189,-0.1383,-0.0403,-0.1054,30.9153,0.0485,-0.0399,-0.0127,0.1523,0.8973,1.7883,buy
2025-03-24,394.4700,5223000,392.4700,396.8600,391.3800,0.0186,-0.0122,-0.0933,-0.0125,-0.0877,31.8399,0.0490,-0.0386,-0.0095,0.2479,-0.3134,1.1939,buy
2025-03-25,403.6400,3648600,393.5700,404.3200,392.9900,0.0232,0.0314,-0.0692,0.0181,-0.0663,33.6897,0.0500,-0.0351,-0.0053,0.3519,-0.3014,0.8243,hold
2025-03-26,397.8100,3425000,403.0000,404.5000,397.0100,-0.0144,0.0256,-0.0930,0.0138,-0.0794,33.8358,0.0497,-0.0342,-0.0032,0.3161,-0.0613,0.7610,hold
2025-03-27,396.1500,2729700,397.4400,401.4800,392.5100,-0.0042,0.0168,0.0485,0.0049,-0.0825,31.2935,0.0198,-0.0332,-0.0016,0.3194,-0.2030,0.6039,sell
2025-03-28,385.7100,3830300,393.8900,396.9200,384.7600,-0.0264,-0.0040,-0.0229,-0.0194,-0.1054,32.1705,0.0164,-0.0350,-0.0020,0.2459,0.4032,0.8484,sell
2025-03-31,383.5300,3960700,380.0000,384.8000,374.6700,-0.0057,-0.0277,-0.0396,-0.0210,-0.1086,31.9948,0.0157,-0.0359,-0.0022,0.2510,0.0340,0.8644,hold
2025-04-01,383.2000,3847800,381.1300,384.0000,375.5300,-0.0009,-0.0506,-0.0209,-0.0198,-0.1075,29.4205,0.0147,-0.0362,-0.0020,0.2703,-0.0285,0.8315,buy
2025-04-02,385.7800,2859100,378.2800,388.0000,376.5400,0.0067,-0.0302,-0.0054,-0.0126,-0.0993,55.1950,0.0147,-0.0352,-0.0009,0.3139,-0.2570,0.6148,sell
2025-04-03,367.2500,5324400,371.8800,376.0100,366.2900,-0.0480,-0.0730,-0.0574,-0.0546,-0.1398,32.3895,0.0208,-0.0399,-0.0032,0.1415,0.8623,1.1140,sell
2025-04-04,349.0700,5867600,359.0000,361.7300,348.8000,-0.0495,-0.0950,-0.0986,-0.0925,-0.1790,22.5690,0.0250,-0.0481,-0.0076,-0.0214,0.1020,1.1923,sell
2025-04-07,340.7000,7690900,335.5400,358.3600,332.0100,-0.0240,-0.1117,-0.1363,-0.1017,-0.1951,22.4709,0.0232,-0.0556,-0.0113,-0.0419,0.3107,1.5064,hold
2025-04-08,340.0000,6650800,350.1000,350.7400,333.8300,-0.0021,-0.1127,-0.1577,-0.0883,-0.1930,23.1708,0.0197,-0.0602,-0.0126,0.0035,-0.1352,1.2594,buy
2025-04-09,364.6400,7186300,338.7400,365.7200,333.4300,0.0725,-0.0548,-0.0834,-0.0134,-0.1313,38.8696,0.0345,-0.0534,-0.0072,0.2846,0.0805,1.3396,sell
2025-04-10,350.0500,5695000,360.9700,362.5000,341.5200,-0.0400,-0.0468,-0.1164,-0.0409,-0.1624,35.0454,0.0359,-0.0561,-0.0064,0.1342,-0.2075,1.1552,hold
2025-04-11,352.4700,3941800,351.4400,353.1000,342.3500,0.0069,0.0097,-0.0862,-0.0254,-0.1528,32.4444,0.0359,-0.0549,-0.0044,0.1984,-0.3078,0.8178,hold
2025-04-14,350.9100,3286000,359.5100,362.0500,348.5000,-0.0044,0.0300,-0.0851,-0.0209,-0.1530,26.4619,0.0359,-0.0542,-0.0028,0.2107,-0.1664,0.6887,hold
2025-04-15,350.3800,3030400,351.0500,356.4900,349.1900,-0.0015,0.0305,-0.0856,-0.0134,-0.1507,27.7762,0.0359,-0.0530,-0.0012,0.2331,-0.0778,0.6436,sell
2025-04-16,344.1900,3687900,345.0000,350.3800,341.3100,-0.0177,-0.0561,-0.1078,-0.0193,-0.1618,26.6451,0.0356,-0.0538,-0.0009,0.1949,0.2170,0.7888,buy
2025-04-17,348.8000,5229700,349.7500,351.8800,345.0900,0.0134,-0.0036,-0.0502,-0.0009,-0.1469,32.4922,0.0337,-0.0513,0.0007,0.2717,0.4181,1.1042,sell
2025-04-21,343.2200,3691200,344.5700,346.6800,338.6400,-0.0160,-0.0262,-0.0168,-0.0153,-0.1567,31.4769,0.0302,-0.0514,0.0012,0.2362,-0.2942,0.8130,buy
2025-04-22,349.9100,3250400,349.1400,352.0800,344.3700,0.0195,-0.0028,0.0270,0.0013,-0.1367,35.5474,0.0297,-0.0478,0.0030,0.3314,-0.1194,0.7318,hold
2025-04-23,351.9600,3168000,358.1200,363.0000,349.8000,0.0059,0.0045,0.0352,0.0037,-0.1274,35.2495,0.0297,-0.0445,0.0049,0.3739,-0.0254,0.7171,buy
2025-04-24,360.9100,3085100,353.5900,361.1200,353.2500,0.0254,0.0486,-0.0102,0.0303,-0.1009,46.9827,0.0196,-0.0385,0.0077,0.5138,-0.0262,0.7011,buy
2025-04-25,367.7200,3499300,361.7000,369.3100,359.9900,0.0189,0.0542,0.0505,0.0445,-0.0795,59.9530,0.0148,-0.0322,0.0105,0.6486,0.1343,0.7883,hold
2025-04-28,368.6200,3163400,368.0500,370.9900,364.5800,0.0024,0.0740,0.0458,0.0423,-0.0731,66.1911,0.0148,-0.0272,0.0123,0.6911,-0.0960,0.7180,buy
2025-04-29,370.9800,2198300,367.2100,373.8800,366.8800,0.0064,0.0602,0.0572,0.0430,-0.0629,67.6263,0.0145,-0.0223,0.0135,0.7604,-0.3051,0.5091,buy
2025-04-30,374.9800,3305500,366.8700,376.0000,363.5600,0.0108,0.0654,0.0702,0.0471,-0.0485,57.6889,0.0143,-0.0174,0.0145,0.8629,0.5037,0.7704,hold
2025-05-01,374.6300,2848800,378.3000,380.4400,374.0700,-0.0009,0.0380,0.0884,0.0373,-0.0454,73.1887,0.0119,-0.0136,0.0147,0.9041,-0.1382,0.6640,buy
2025-05-02,380.8700,2340700,380.0900,383.5600,379.1900,0.0167,0.0358,0.0919,0.0453,-0.0259,74.9912,0.0121,-0.0089,0.0151,0.9810,-0.1784,0.5653,hold
2025-05-05,381.0600,2095600,379.2900,384.5400,378.4000,0.0005,0.0337,0.1102,0.0350,-0.0222,77.1867,0.0091,-0.0053,0.0149,0.9203,-0.1047,0.5302,buy
2025-05-06,382.9800,2970100,376.5700,386.5200,375.0500,0.0050,0.0323,0.0945,0.0310,-0.0142,78.6770,0.0087,-0.0021,0.0145,0.9049,0.4173,0.7992,buy
2025-05-07,384.9700,2153000,384.7000,387.8300,380.9500,0.0052,0.0266,0.0938,0.0272,-0.0061,88.7348,0.0087,0.0009,0.0139,0.8959,-0.2751,0.6167,hold
2025-05-08,383.9900,3383900,388.3000,388.7300,383.4000,-0.0025,0.0250,0.0639,0.0183,-0.0057,85.9008,0.0072,0.0031,0.0129,0.8422,0.5717,1.0250,hold
2025-05-09,383.2800,2031300,386.1800,388.7700,382.3300,-0.0018,0.0063,0.0423,0.0123,-0.0047,95.3783,0.0061,0.0046,0.0115,0.7972,-0.3997,0.6515,buy
2025-05-12,395.9400,3157700,394.3300,397.8200,392.7600,0.0330,0.0390,0.0741,0.0382,0.0304,95.9289,0.0109,0.0080,0.0118,0.9379,0.5545,1.0256,buy
2025-05-13,397.4000,2664100,395.9000,399.6700,394.7100,0.0037,0.0377,0.0712,0.0349,0.0366,95.8804,0.0109,0.0110,0.0118,0.9045,-0.1563,0.8741,buy
2025-05-14,399.4700,2409200,396.8500,400.1200,396.4200,0.0052,0.0377,0.0653,0.0337,0.0445,95.2157,0.0109,0.0136,0.0115,0.8858,-0.0957,0.7986,buy
2025-05-15,404.6900,2763800,399.3500,404.8500,399.3500,0.0131,0.0539,0.0802,0.0391,0.0607,95.0304,0.0107,0.0164,0.0115,0.9143,0.1472,0.9304,buy
2025-05-16,417.1300,5391500,414.6200,421.7700,412.0600,0.0307,0.0883,0.0952,0.0612,0.0949,96.1209,0.0127,0.0203,0.0124,1.0082,0.9508,1.8101,buy
2025-05-19,420.6800,3008000,413.5300,421.2700,413.2000,0.0085,0.0625,0.1040,0.0595,0.1059,96.2068,0.0124,0.0240,0.0130,0.9967,-0.4421,1.0216,sell
2025-05-20,417.6100,2453000,417.8700,419.1300,414.2900,-0.0073,0.0509,0.0904,0.0427,0.0989,90.3311,0.0135,0.0264,0.0122,0.9147,-0.1845,0.8445,sell
2025-05-21,414.0300,2495800,414.8600,422.9500,412.5900,-0.0086,0.0364,0.0755,0.0263,0.0906,85.1284,0.0146,0.0274,0.0104,0.8413,0.0174,0.8693,hold
2025-05-22,414.3300,1889500,412.5100,417.9000,412.5100,0.0007,0.0238,0.0790,0.0194,0.0927,83.3666,0.0144,0.0277,0.0086,0.8164,-0.2429,0.6722,sell
2025-05-23,407.6900,2087700,409.1100,411.4500,407.1500,-0.0160,-0.0226,0.0637,-0.0030,0.0735,73.5289,0.0160,0.0268,0.0059,0.7021,0.1049,0.7618,buy
2025-05-27,413.1000,2680400,412.7600,414.9500,411.6000,0.0133,-0.0180,0.0433,0.0061,0.0867,75.0666,0.0133,0.0261,0.0044,0.7567,0.2839,0.9867,hold
2025-05-28,412.2300,2246500,413.8100,416.3700,411.4200,-0.0021,-0.0129,0.0373,0.0003,0.0837,73.1174,0.0135,0.0255,0.0030,0.7223,-0.1619,0.8263,hold
2025-05-29,413.3600,1780400,414.0000,415.4200,410.4700,0.0027,-0.0016,0.0348,-0.0003,0.0854,74.8435,0.0135,0.0248,0.0019,0.7185,-0.2075,0.6737,buy
2025-05-30,415.0900,4231300,414.1400,417.8600,411.5300,0.0042,0.0018,0.0257,0.0014,0.0884,76.4510,0.0131,0.0242,0.0011,0.7267,1.3766,1.5604,sell
2025-06-02,403.4000,4153700,408.8800,410.0000,396.7300,-0.0282,-0.0105,-0.0329,-0.0236,0.0570,56.3049,0.0122,0.0220,-0.0014,0.5051,-0.0183,1.4822,buy
2025-06-03,412.4900,2737500,403.4600,412.6400,402.4800,0.0225,-0.0015,-0.0195,0.0004,0.0794,61.2966,0.0144,0.0208,-0.0017,0.6540,-0.3409,0.9658,hold
2025-06-04,413.9100,1843400,411.5400,415.9400,410.0800,0.0034,0.0041,-0.0089,0.0047,0.0820,60.9162,0.0143,0.0201,-0.0018,0.6636,-0.3266,0.6636,hold
2025-06-05,415.2000,2275500,415.0000,421.4800,413.9800,0.0031,0.0045,0.0028,0.0076,0.0847,58.4472,0.0141,0.0197,-0.0018,0.6734,0.2344,0.8173,hold
2025-06-06,416.9200,2146900,417.5400,419.6500,415.2800,0.0041,0.0044,0.0063,0.0111,0.0881,49.7961,0.0141,0.0194,-0.0016,0.7014,-0.0565,0.7886,hold
2025-06-09,416.2600,3034200,417.3000,419.0000,415.1500,-0.0016,0.0319,0.0210,0.0074,0.0853,45.4527,0.0129,0.0189,-0.0017,0.6826,0.4133,1.0944,hold
2025-06-10,416.0600,2627400,416.6100,419.8200,414.4200,-0.0005,0.0087,0.0072,0.0062,0.0830,48.3053,0.0123,0.0183,-0.0019,0.6601,-0.1341,0.9568,sell
2025-06-11,412.8400,3385400,415.2000,416.0400,410.4200,-0.0077,-0.0026,0.0015,-0.0017,0.0730,48.6886,0.0126,0.0170,-0.0026,0.5007,0.2885,1.2169,hold
2025-06-12,413.6800,6313300,411.4300,416.3900,410.7700,0.0020,-0.0037,0.0008,0.0002,0.0735,49.2921,0.0126,0.0159,-0.0029,0.5087,0.8649,2.1205,sell
2025-06-13,391.6800,10629700,392.5000,399.8500,383.7500,-0.0532,-0.0605,-0.0564,-0.0476,0.0161,36.9349,0.0209,0.0112,-0.0069,-0.3602,0.6837,3.1537,buy
2025-06-16,401.7300,6798300,392.9900,405.0000,391.1100,0.0257,-0.0349,-0.0041,-0.0227,0.0403,41.3746,0.0213,0.0086,-0.0073,0.1039,-0.3604,1.9757,sell
2025-06-17,382.6800,6866300,397.2800,399.6700,381.8000,-0.0474,-0.0802,-0.0723,-0.0623,-0.0107,32.4295,0.0243,0.0030,-0.0110,-0.2653,0.0100,1.8896,sell
2025-06-18,378.0400,4808900,383.9900,385.2700,377.5400,-0.0121,-0.0843,-0.0867,-0.0654,-0.0246,29.8402,0.0241,-0.0028,-0.0135,-0.1663,-0.2996,1.2818,hold
2025-06-20,376.9200,8126900,380.4800,382.2900,373.7600,-0.0030,-0.0889,-0.0922,-0.0593,-0.0294,28.0607,0.0238,-0.0076,-0.0147,-0.0574,0.6900,2.0150,buy
2025-06-23,380.1200,3841800,377.5900,380.2100,374.2400,0.0085,-0.0295,-0.0883,-0.0425,-0.0219,35.1720,0.0241,-0.0104,-0.0140,0.0708,-0.5273,0.9300,hold
2025-06-24,382.3400,4797100,384.9600,385.0000,378.5100,0.0058,-0.0483,-0.0815,-0.0286,-0.0178,28.9544,0.0245,-0.0121,-0.0125,0.1517,0.2487,1.1244,buy
2025-06-25,387.5500,3718800,383.6000,388.0500,382.0000,0.0136,0.0127,-0.0685,-0.0082,-0.0062,32.5245,0.0254,-0.0120,-0.0100,0.2624,-0.2248,0.8612,hold
2025-06-26,384.9500,3139700,387.2000,389.9900,382.8700,-0.0067,0.0183,-0.0676,-0.0078,-0.0146,30.2880,0.0254,-0.0126,-0.0084,0.2466,-0.1557,0.7196,hold
2025-06-27,385.8300,5083800,385.4400,390.3100,384.4100,0.0023,0.0236,-0.0673,0.0017,-0.0142,29.5164,0.0254,-0.0126,-0.0068,0.2834,0.6192,1.1227,hold
2025-06-30,386.8800,4645500,387.3000,390.9800,384.6300,0.0027,0.0178,-0.0123,0.0057,-0.0136,30.7420,0.0194,-0.0123,-0.0051,0.3202,-0.0862,1.0213,buy
2025-07-01,392.1000,4516400,385.1000,392.5800,381.5200,0.0135,0.0255,-0.0240,0.0218,-0.0025,35.2645,0.0179,-0.0107,-0.0029,0.4139,-0.0278,0.9890,sell
2025-07-02,378.4700,6912200,384.6400,386.8800,372.7300,-0.0348,-0.0234,-0.0110,-0.0127,-0.0389,31.2616,0.0145,-0.0127,-0.0037,0.2228,0.5305,1.4474,hold
2025-07-03,379.3100,2863700,378.0000,383.2000,377.8000,0.0022,-0.0147,0.0034,-0.0108,-0.0382,31.2616,0.0140,-0.0135,-0.0037,0.2609,-0.5857,0.5933,sell
2025-07-07,376.9300,3545100,378.9000,382.2200,375.5200,-0.0063,-0.0231,0.0000,-0.0170,-0.0455,39.7697,0.0141,-0.0147,-0.0038,0.2466,0.2379,0.7250,buy
2025-07-08,382.2400,3708200,378.5000,386.6000,377.1800,0.0141,-0.0120,0.0056,-0.0037,-0.0331,35.5308,0.0146,-0.0140,-0.0026,0.3542,0.0460,0.7464,sell
2025-07-09,373.3800,4726600,383.5000,384.7500,370.9100,-0.0232,-0.0477,-0.0234,-0.0245,-0.0557,41.8649,0.0162,-0.0157,-0.0033,0.2138,0.2746,0.9355,sell
2025-07-10,371.4300,4022500,371.9900,373.5000,365.5100,-0.0052,-0.0186,-0.0416,-0.0255,-0.0608,43.9324,0.0152,-0.0171,-0.0037,0.1885,-0.1490,0.7853,sell
2025-07-11,363.3500,3548700,368.0000,371.1500,362.7000,-0.0218,-0.0421,-0.0561,-0.0413,-0.0809,38.9549,0.0162,-0.0201,-0.0051,0.0373,-0.1178,0.6917,buy
2025-07-14,366.9900,2898700,363.1900,367.6800,360.1800,0.0100,-0.0264,-0.0488,-0.0268,-0.0713,39.3890,0.0168,-0.0210,-0.0049,0.1015,-0.1832,0.5844,sell
2025-07-15,364.1800,2551000,367.0000,368.3200,363.8800,-0.0077,-0.0472,-0.0587,-0.0284,-0.0779,35.4627,0.0166,-0.0223,-0.0049,0.0802,-0.1200,0.5599,sell
2025-07-16,361.7700,3592900,364.5900,365.5500,358.7100,-0.0066,-0.0311,-0.0774,-0.0270,-0.0831,28.3942,0.0151,-0.0237,-0.0049,0.0339,0.4084,0.8174,buy
2025-07-17,366.4500,3340500,360.6000,366.9600,359.2800,0.0129,-0.0134,-0.0318,-0.0112,-0.0706,35.0178,0.0131,-0.0230,-0.0036,0.2033,-0.0702,0.7917,hold
2025-07-18,365.7900,2459200,367.0700,367.7900,364.0000,-0.0018,0.0067,-0.0356,-0.0094,-0.0715,33.7126,0.0130,-0.0227,-0.0025,0.2129,-0.2638,0.5995,buy
2025-07-21,367.6800,2770400,366.4900,368.2800,363.1300,0.0052,0.0019,-0.0245,-0.0018,-0.0658,34.6055,0.0132,-0.0216,-0.0012,0.2816,0.1265,0.7226,buy
2025-07-22,372.8700,2449000,368.0000,374.5000,368.0000,0.0141,0.0239,-0.0245,0.0149,-0.0521,34.5740,0.0132,-0.0192,0.0007,0.4291,-0.1160,0.6506,hold
2025-07-23,372.4600,1994600,373.4900,373.9900,369.2600,-0.0011,0.0295,-0.0025,0.0141,-0.0526,43.8811,0.0111,-0.0174,0.0020,0.4305,-0.1855,0.5503,hold
2025-07-24,371.6900,2692100,371.9000,376.0000,370.6100,-0.0021,0.0143,0.0007,0.0119,-0.0534,42.2308,0.0109,-0.0160,0.0027,0.4275,0.3497,0.7534,hold
2025-07-25,370.7400,2053200,372.3100,372.4100,369.5100,-0.0026,0.0135,0.0203,0.0073,-0.0546,43.4993,0.0080,-0.0149,0.0031,0.4174,-0.2373,0.5835,sell
2025-07-28,369.4700,2984200,371.0300,372.5900,368.7200,-0.0034,0.0049,0.0068,0.0031,-0.0564,35.3454,0.0076,-0.0142,0.0031,0.3983,0.4534,0.8742,buy
2025-07-29,370.7000,4234200,370.4500,376.1600,369.7100,0.0033,-0.0058,0.0179,0.0047,-0.0516,46.2716,0.0070,-0.0132,0.0033,0.4585,0.4189,1.2479,sell
2025-07-30,364.0000,3295200,370.6800,370.7200,363.4800,-0.0181,-0.0227,0.0062,-0.0140,-0.0662,40.8700,0.0092,-0.0139,0.0023,0.2134,-0.2218,0.9889,sell
2025-07-31,357.6900,4513100,362.2600,362.5000,354.2700,-0.0173,-0.0377,-0.0239,-0.0288,-0.0794,42.7287,0.0096,-0.0158,0.0005,0.0114,0.3696,1.4050,sell
2025-08-01,347.8000,4307900,355.9500,356.2900,347.4600,-0.0276,-0.0619,-0.0492,-0.0510,-0.1016,28.7580,0.0125,-0.0196,-0.0023,-0.1882,-0.0455,1.3116,sell
2025-08-04,338.8500,6449300,351.1600,351.2100,338.0400,-0.0257,-0.0829,-0.0784,-0.0681,-0.1213,25.3167,0.0135,-0.0248,-0.0056,-0.2171,0.4971,1.8805,hold
2025-08-05,338.7400,3909000,339.3100,342.7400,337.3500,-0.0003,-0.0862,-0.0915,-0.0596,-0.1181,26.5048,0.0115,-0.0281,-0.0072,-0.0985,-0.3939,1.1365,buy
2025-08-06,345.6200,3347200,341.6500,345.6600,339.1900,0.0203,-0.0505,-0.0721,-0.0333,-0.0973,29.6622,0.0148,-0.0283,-0.0062,0.1169,-0.1437,0.9930,sell
2025-08-07,338.2700,4661800,344.0400,347.3800,332.6500,-0.0213,-0.0543,-0.0899,-0.0449,-0.1130,26.2349,0.0152,-0.0308,-0.0066,0.0309,0.3927,1.3701,buy
2025-08-08,341.0500,3507800,338.6800,341.5700,336.3700,0.0082,-0.0194,-0.0801,-0.0290,-0.1024,27.3516,0.0161,-0.0311,-0.0056,0.1353,-0.2475,1.0315,sell
2025-08-11,333.6500,4366200,334.5300,343.4000,332.4700,-0.0217,-0.0153,-0.0969,-0.0402,-0.1182,17.8525,0.0165,-0.0336,-0.0061,0.0614,0.2447,1.2568,buy
2025-08-12,338.4300,3569400,333.5200,338.7600,330.0400,0.0143,-0.0009,-0.0871,-0.0174,-0.1019,23.9713,0.0178,-0.0330,-0.0047,0.1839,-0.1825,1.0126,buy
2025-08-13,351.0700,4375100,339.5400,351.7600,337.5500,0.0373,0.0158,-0.0355,0.0232,-0.0658,36.6520,0.0226,-0.0285,-0.0010,0.4120,0.2257,1.2276,sell
2025-08-14,348.5800,3745600,349.5000,351.5600,346.1000,-0.0071,0.0305,-0.0255,0.0186,-0.0692,35.9355,0.0222,-0.0264,0.0011,0.3834,-0.1439,1.0450,buy
2025-08-15,354.8500,3718700,348.3300,357.2900,348.0000,0.0180,0.0405,0.0203,0.0348,-0.0495,41.2748,0.0211,-0.0224,0.0037,0.5025,-0.0072,1.0196,buy
2025-08-18,357.2400,2923000,355.6800,358.3900,353.0000,0.0067,0.0707,0.0543,0.0362,-0.0401,42.0768,0.0186,-0.0187,0.0058,0.5553,-0.2140,0.7998,buy
2025-08-19,361.0300,2808000,359.2200,364.2400,358.1200,0.0106,0.0668,0.0658,0.0405,-0.0270,48.1897,0.0186,-0.0147,0.0076,0.6409,-0.0393,0.7645,sell
2025-08-20,353.4300,3727900,361.6800,363.0000,353.2000,-0.0211,0.0067,0.0226,0.0163,-0.0442,47.4436,0.0197,-0.0135,0.0074,0.5158,0.3276,0.9916,hold
2025-08-21,353.4300,2363200,349.9100,353.8200,347.0000,0.0000,0.0139,0.0448,0.0119,-0.0410,53.8336,0.0180,-0.0122,0.0070,0.5366,-0.3661,0.6314,buy
2025-08-22,362.0900,3058600,355.8000,362.6500,354.0000,0.0245,0.0204,0.0617,0.0305,-0.0148,65.8873,0.0190,-0.0089,0.0079,0.7455,0.2943,0.8063,hold
2025-08-25,363.2100,2259500,362.5600,364.6500,361.4000,0.0031,0.0167,0.0886,0.0250,-0.0090,66.5003,0.0165,-0.0061,0.0085,0.7905,-0.2613,0.6014,sell
2025-08-26,354.9100,4067400,363.0300,363.2300,353.7000,-0.0229,-0.0170,0.0487,-0.0030,-0.0297,56.1466,0.0190,-0.0059,0.0073,0.6239,0.8001,1.0850,hold
2025-08-27,356.3500,2353800,355.9800,360.3700,355.1600,0.0041,0.0083,0.0150,-0.0005,-0.0234,62.9773,0.0153,-0.0051,0.0063,0.6802,-0.4213,0.6359,sell
2025-08-28,353.9600,3803100,357.6300,358.2600,349.1100,-0.0067,0.0015,0.0154,-0.0087,-0.0284,59.3186,0.0152,-0.0051,0.0052,0.6212,0.6157,1.0374,buy
2025-08-29,356.7000,2639300,354.0000,357.2500,352.4600,0.0077,-0.0149,0.0052,-0.0015,-0.0197,67.8378,0.0143,-0.0043,0.0047,0.6829,-0.3060,0.7367,sell
2025-09-02,345.6300,4229400,350.2400,352.7100,341.2800,-0.0310,-0.0484,-0.0325,-0.0293,-0.0485,55.0776,0.0172,-0.0064,0.0023,0.3632,0.6025,1.2183,buy
2025-09-03,348.5000,3035300,345.7200,348.5100,343.3600,0.0083,-0.0181,-0.0347,-0.0178,-0.0389,47.8979,0.0170,-0.0071,0.0012,0.4278,-0.2823,0.8854,sell
2025-09-04,344.3100,4918300,342.2400,344.4100,331.5000,-0.0120,-0.0338,-0.0258,-0.0271,-0.0485,46.6020,0.0162,-0.0087,-0.0002,0.3049,0.6204,1.4026,buy
2025-09-05,348.9700,4662600,345.8100,354.6700,345.1000,0.0135,-0.0141,-0.0126,-0.0127,-0.0335,45.1976,0.0170,-0.0086,-0.0001,0.4235,-0.0520,1.3297,buy
2025-09-08,358.6600,5043300,348.8600,358.8200,343.5900,0.0278,0.0055,-0.0095,0.0157,-0.0053,51.0362,0.0176,-0.0061,0.0017,0.7106,0.0816,1.4074,sell
2025-09-09,354.0600,4324900,362.7500,362.7500,353.0300,-0.0128,0.0244,-0.0252,0.0053,-0.0163,44.9733,0.0179,-0.0053,0.0020,0.5317,-0.1424,1.2076,sell
2025-09-10,350.1600,4552500,356.2900,359.1900,348.1200,-0.0110,0.0048,-0.0134,-0.0045,-0.0251,47.5088,0.0167,-0.0056,0.0015,0.3231,0.0526,1.2540,hold
2025-09-11,350.5500,11804200,354.6900,355.2500,347.1600,0.0011,0.0181,-0.0163,-0.0017,-0.0218,47.8188,0.0167,-0.0055,0.0012,0.3435,1.5929,2.9496,hold
2025-09-12,349.3600,14146600,361.1000,366.5000,341.6100,-0.0034,0.0011,-0.0130,-0.0038,-0.0235,39.1289,0.0166,-0.0057,0.0008,0.2833,0.1984,3.1284,sell
2025-09-15,347.1000,6768600,350.5000,358.0000,345.0500,-0.0065,-0.0322,-0.0269,-0.0075,-0.0281,36.5053,0.0163,-0.0064,0.0002,0.2051,-0.5215,1.4480,buy
2025-09-16,352.7300,6697000,350.1600,356.9400,348.3200,0.0162,-0.0038,0.0205,0.0065,-0.0110,48.0884,0.0138,-0.0054,0.0008,0.4753,-0.0106,1.3771,buy
2025-09-17,362.0700,6449900,353.1800,365.0000,353.1800,0.0265,0.0340,0.0389,0.0292,0.0164,54.4054,0.0158,-0.0025,0.0029,0.9039,-0.0369,1.2784,buy
2025-09-18,367.4600,4752400,366.8600,370.8600,365.8500,0.0149,0.0482,0.0672,0.0377,0.0318,59.9382,0.0151,0.0009,0.0050,1.0355,-0.2632,0.9325,hold
2025-09-19,365.9000,7693000,368.9400,370.3100,362.5400,-0.0042,0.0473,0.0485,0.0284,0.0278,56.8924,0.0152,0.0032,0.0058,0.9133,0.6188,1.4345,sell
2025-09-22,364.0800,4709600,364.1600,365.3800,359.3600,-0.0050,0.0489,0.0151,0.0217,0.0226,66.0463,0.0131,0.0046,0.0058,0.8366,-0.3878,0.8649,sell
2025-09-23,361.7800,3831100,364.1800,368.7300,361.3000,-0.0063,0.0257,0.0218,0.0131,0.0165,61.6655,0.0124,0.0051,0.0050,0.7595,-0.1865,0.6935,sell
2025-09-24,353.2700,6140000,355.6000,355.6000,347.8000,-0.0235,-0.0243,0.0089,-0.0116,-0.0068,57.3155,0.0144,0.0037,0.0029,0.4523,0.6027,1.0910,hold
2025-09-25,354.1600,3336700,351.9100,357.0000,351.5000,0.0025,-0.0362,0.0103,-0.0101,-0.0039,54.5154,0.0144,0.0026,0.0014,0.4887,-0.4566,0.5878,buy
2025-09-26,360.3700,3073000,353.7100,360.7200,352.7800,0.0175,-0.0151,0.0315,0.0041,0.0139,51.5836,0.0152,0.0031,0.0016,0.6999,-0.0790,0.5448,hold
2025-09-29,359.4200,4075900,362.0400,363.1700,358.8000,-0.0026,-0.0128,0.0355,-0.0020,0.0116,55.3238,0.0150,0.0032,0.0014,0.6595,0.3264,0.7135,sell
2025-09-30,352.7500,5360700,360.5400,362.0000,349.9000,-0.0186,-0.0250,0.0001,-0.0205,-0.0063,52.4383,0.0157,0.0019,-0.0000,0.4058,0.3152,0.9293,sell
2025-10-01,343.7200,6505700,347.1600,349.8300,340.0500,-0.0256,-0.0270,-0.0507,-0.0407,-0.0302,44.4696,0.0146,-0.0013,-0.0026,0.0984,0.2136,1.0948,buy
2025-10-02,351.4800,3955400,343.7600,351.7300,342.4200,0.0226,-0.0076,-0.0435,-0.0146,-0.0071,51.5515,0.0159,-0.0020,-0.0026,0.3524,-0.3920,0.6711,sell
2025-10-03,346.7400,3122100,352.0000,352.5900,346.3100,-0.0135,-0.0378,-0.0524,-0.0227,-0.0191,49.7458,0.0162,-0.0037,-0.0034,0.1846,-0.2107,0.5367,buy
2025-10-06,350.1400,5340200,346.9300,357.3400,342.0400,0.0098,-0.0258,-0.0383,-0.0092,-0.0084,48.1114,0.0169,-0.0041,-0.0031,0.3268,0.7105,0.9157,sell
2025-10-07,348.3100,3275500,352.5900,353.3300,344.2400,-0.0052,-0.0126,-0.0372,-0.0106,-0.0124,38.7324,0.0168,-0.0048,-0.0031,0.2754,-0.3866,0.5667,hold
2025-10-08,348.7700,3285000,350.0000,354.0500,347.5200,0.0013,0.0147,-0.0127,-0.0080,-0.0098,33.3512,0.0154,-0.0052,-0.0028,0.2959,0.0029,0.5747,hold
2025-10-09,347.4700,2895500,349.7700,350.6000,344.3000,-0.0037,-0.0114,-0.0189,-0.0098,-0.0126,33.5064,0.0153,-0.0058,-0.0027,0.2594,-0.1186,0.5494,sell
2025-10-10,337.5100,4282400,347.9100,348.7200,336.9400,-0.0287,-0.0266,-0.0634,-0.0319,-0.0398,29.2455,0.0158,-0.0087,-0.0044,-0.0062,0.4790,0.8964,buy
2025-10-13,339.3200,3020100,339.2500,340.2800,335.6100,0.0054,-0.0309,-0.0559,-0.0211,-0.0342,32.3205,0.0162,-0.0103,-0.0048,0.0886,-0.2948,0.6580,sell
2025-10-14,335.9400,3036900,335.2200,338.8200,332.7200,-0.0100,-0.0355,-0.0477,-0.0261,-0.0436,35.1602,0.0157,-0.0124,-0.0054,0.0581,0.0056,0.6891,sell
2025-10-15,330.6300,3929900,335.4200,335.6000,329.2100,-0.0158,-0.0520,-0.0381,-0.0378,-0.0583,31.2689,0.0145,-0.0153,-0.0066,0.0063,0.2940,0.9180,hold
2025-10-16,329.2300,4570900,333.8600,336.6500,327.5000,-0.0042,-0.0525,-0.0633,-0.0357,-0.0614,23.1552,0.0112,-0.0176,-0.0071,0.0332,0.1631,1.0700,buy
2025-10-17,333.2600,4035000,327.7500,335.1000,327.7000,0.0122,-0.0126,-0.0389,-0.0200,-0.0497,28.5855,0.0123,-0.0180,-0.0061,0.1595,-0.1172,0.9868,buy
2025-10-20,343.4000,3903200,334.6400,344.2000,334.2500,0.0304,0.0120,-0.0192,0.0118,-0.0209,42.7575,0.0160,-0.0154,-0.0031,0.4227,-0.0327,0.9640,buy
2025-10-21,357.5500,4389700,343.5900,358.3700,343.3200,0.0412,0.0643,0.0265,0.0507,0.0181,59.9254,0.0209,-0.0099,0.0016,0.8046,0.1246,1.0768,sell
2025-10-22,354.0900,3436000,355.4800,360.1900,352.8700,-0.0097,0.0710,0.0153,0.0389,0.0073,51.9963,0.0213,-0.0067,0.0038,0.7101,-0.2173,0.8718,hold
2025-10-23,354.1200,2408100,352.5100,354.3500,348.7100,0.0001,0.0756,0.0191,0.0369,0.0072,56.0831,0.0212,-0.0042,0.0051,0.7110,-0.2992,0.6182,hold
2025-10-24,353.5200,2016900,357.2100,358.1000,353.2900,-0.0017,0.0608,0.0474,0.0304,0.0052,52.9208,0.0184,-0.0022,0.0057,0.7139,-0.1625,0.5249,buy
2025-10-27,357.8000,2828200,355.5700,358.5600,352.4100,0.0121,0.0419,0.0545,0.0372,0.0172,57.8677,0.0185,0.0003,0.0065,0.8405,0.4023,0.7482,buy
2025-10-28,359.9100,3005600,360.0000,363.7000,357.8000,0.0059,0.0066,0.0714,0.0362,0.0231,58.9897,0.0177,0.0027,0.0071,0.8720,0.0627,0.8207,sell
2025-10-29,337.8600,6746500,355.5200,355.5200,337.0500,-0.0613,-0.0458,0.0219,-0.0293,-0.0383,44.1905,0.0274,-0.0003,0.0034,0.2880,1.2446,1.8362,hold
2025-10-30,339.2400,4373200,338.2000,344.7000,333.1000,0.0041,-0.0420,0.0304,-0.0282,-0.0336,51.1669,0.0273,-0.0025,0.0010,0.3410,-0.3518,1.1835,hold
2025-10-31,340.3100,3763400,338.7000,341.2600,336.8000,0.0032,-0.0374,0.0212,-0.0271,-0.0298,50.6745,0.0271,-0.0040,-0.0004,0.3786,-0.1394,1.0097,sell
2025-11-03,337.4700,3916600,340.3100,342.4600,332.8800,-0.0083,-0.0568,-0.0173,-0.0336,-0.0366,51.0501,0.0254,-0.0058,-0.0017,0.3215,0.0407,1.0713,hold
2025-11-04,335.3500,3694300,335.0200,340.5500,332.8100,-0.0063,-0.0682,-0.0621,-0.0335,-0.0411,53.3879,0.0205,-0.0076,-0.0028,0.2864,-0.0568,1.0047,hold
2025-11-05,335.5300,2646700,332.6100,336.8400,331.2400,0.0005,-0.0069,-0.0524,-0.0278,-0.0395,54.6026,0.0206,-0.0089,-0.0033,0.3097,-0.2836,0.7261,sell
2025-11-06,327.3500,3888700,333.0000,333.2000,324.5500,-0.0244,-0.0350,-0.0756,-0.0440,-0.0614,45.9292,0.0213,-0.0121,-0.0051,0.1457,0.4693,1.0525,hold
2025-11-07,326.9500,4112600,325.8300,331.0100,323.0300,-0.0012,-0.0393,-0.0752,-0.0378,-0.0611,36.9133,0.0213,-0.0143,-0.0059,0.1650,0.0576,1.1157,hold
2025-11-10,328.8500,3087000,328.0000,329.9600,325.0000,0.0058,-0.0255,-0.0809,-0.0238,-0.0541,21.6403,0.0208,-0.0154,-0.0056,0.2299,-0.2494,0.8367,buy
2025-11-11,333.2200,2827200,329.5000,334.0000,329.1300,0.0133,-0.0064,-0.0742,-0.0030,-0.0409,29.7418,0.0214,-0.0149,-0.0041,0.3319,-0.0842,0.7685,buy
2025-11-12,337.0500,2990200,333.6100,338.4000,333.1800,0.0115,0.0045,-0.0024,0.0087,-0.0292,34.5688,0.0109,-0.0134,-0.0022,0.4082,0.0577,0.8233,sell
2025-11-13,333.6000,3084600,335.0100,340.0000,332.8000,-0.0102,0.0191,-0.0166,0.0001,-0.0385,32.8748,0.0112,-0.0131,-0.0015,0.3217,0.0316,0.8670,sell
2025-11-14,331.1100,2761400,332.9100,333.7500,328.5900,-0.0075,0.0127,-0.0270,-0.0046,-0.0447,26.3261,0.0112,-0.0133,-0.0013,0.2687,-0.1048,0.7903,sell
2025-11-17,325.0700,3300000,331.1100,332.3800,324.4300,-0.0182,-0.0115,-0.0367,-0.0191,-0.0603,21.1111,0.0122,-0.0150,-0.0022,0.1685,0.1950,0.9527,hold
2025-11-18,324.4700,3286400,323.7800,326.6400,320.8000,-0.0018,-0.0263,-0.0324,-0.0177,-0.0605,32.7670,0.0122,-0.0162,-0.0027,0.1850,-0.0041,0.9641,sell
2025-11-19,318.1100,3738400,323.1800,323.3600,315.1800,-0.0196,-0.0562,-0.0519,-0.0319,-0.0772,25.8955,0.0131,-0.0188,-0.0040,0.0935,0.1375,1.0919,sell
2025-11-20,312.4000,3884800,318.8700,323.1800,312.0900,-0.0179,-0.0635,-0.0457,-0.0449,-0.0917,21.2090,0.0122,-0.0222,-0.0057,0.0340,0.0392,1.1107,buy
2025-11-21,324.1900,4825400,313.5700,327.7500,311.5900,0.0377,-0.0209,-0.0084,-0.0080,-0.0561,38.4361,0.0182,-0.0206,-0.0037,0.2996,0.2421,1.3264,sell
2025-11-24,318.7300,5414400,325.0000,325.7700,318.3400,-0.0168,-0.0195,-0.0308,-0.0217,-0.0704,36.3232,0.0187,-0.0214,-0.0034,0.1917,0.1221,1.4372,hold
2025-11-25,319.5500,3765000,317.7700,321.5200,315.5700,0.0026,-0.0152,-0.0410,-0.0150,-0.0662,36.9869,0.0179,-0.0212,-0.0027,0.1961,-0.3046,0.9894,sell
2025-11-26,317.5200,3025000,319.2000,321.6700,316.1000,-0.0064,-0.0019,-0.0579,-0.0154,-0.0697,41.1040,0.0171,-0.0216,-0.0023,0.1706,-0.1965,0.8358,buy
2025-11-28,320.1300,1802200,317.8000,322.3100,317.5200,0.0082,0.0247,-0.0404,-0.0031,-0.0595,44.0654,0.0175,-0.0207,-0.0012,0.2731,-0.4042,0.5163,buy
2025-12-01,322.8500,3651300,316.3900,326.1400,316.1100,0.0085,-0.0041,-0.0249,0.0080,-0.0491,44.8524,0.0179,-0.0190,0.0002,0.3774,1.0260,1.0477,hold
2025-12-02,322.8100,3959500,321.6200,325.9600,318.0800,-0.0001,0.0128,-0.0070,0.0085,-0.0469,40.3522,0.0170,-0.0177,0.0013,0.3947,0.0844,1.1354,buy
2025-12-03,326.7800,3082200,321.9800,326.9900,320.6300,0.0123,0.0226,0.0071,0.0202,-0.0332,40.5066,0.0175,-0.0152,0.0028,0.5556,-0.2216,0.8917,buy
2025-12-04,328.7300,3592300,328.5700,330.8900,324.1200,0.0060,0.0353,0.0334,0.0229,-0.0260,45.3698,0.0159,-0.0127,0.0041,0.6515,0.1655,1.0252,buy
2025-12-05,346.2600,7650400,330.6000,348.5900,329.7100,0.0533,0.0816,0.1084,0.0662,0.0264,61.2007,0.0206,-0.0062,0.0079,1.1508,1.1297,2.0721,sell
2025-12-08,339.1200,4293600,347.4500,348.4800,338.0600,-0.0206,0.0504,0.0461,0.0395,0.0065,60.2211,0.0203,-0.0031,0.0090,0.8768,-0.4388,1.1601,buy
2025-12-09,344.3200,4267700,341.4000,347.7800,338.4800,0.0153,0.0666,0.0803,0.0472,0.0229,63.5347,0.0190,0.0006,0.0100,0.9600,-0.0060,1.1350,hold
2025-12-10,343.1300,6789900,342.1300,347.9200,340.5700,-0.0035,0.0500,0.0738,0.0361,0.0199,68.3539,0.0193,0.0032,0.0101,0.8900,0.5910,1.7154,buy
2025-12-11,350.4300,10158700,341.6500,357.0000,333.7900,0.0213,0.0660,0.1036,0.0478,0.0412,77.2616,0.0191,0.0067,0.0108,1.0042,0.4961,2.3534,buy
2025-12-12,356.4300,5483900,351.5400,362.7100,349.0900,0.0171,0.0294,0.1134,0.0543,0.0587,75.2032,0.0192,0.0107,0.0117,1.0352,-0.4602,1.2361,sell
2025-12-15,351.1500,5480100,352.6000,355.0000,343.8800,-0.0148,0.0355,0.0877,0.0300,0.0428,75.4155,0.0209,0.0127,0.0111,0.8825,-0.0007,1.1985,sell
2025-12-16,347.8900,4118200,350.0000,355.8600,345.4300,-0.0093,0.0104,0.0777,0.0130,0.0332,71.3984,0.0215,0.0135,0.0094,0.7905,-0.2485,0.8926,buy
2025-12-17,354.6600,4371600,347.8900,357.8000,347.8000,0.0195,0.0336,0.0853,0.0244,0.0530,76.1697,0.0218,0.0151,0.0089,0.8645,0.0615,0.9366,hold
2025-12-18,355.8100,3352700,355.8700,358.3400,351.3600,0.0032,0.0154,0.0824,0.0197,0.0559,75.6691,0.0218,0.0165,0.0083,0.8434,-0.2331,0.7213,hold
2025-12-19,355.8600,8706300,355.5300,357.5500,351.5900,0.0001,-0.0016,0.0277,0.0171,0.0556,74.6970,0.0150,0.0176,0.0074,0.8149,1.5968,1.7806,buy
2025-12-22,357.5300,2960800,355.5900,359.5700,354.7000,0.0047,0.0182,0.0543,0.0165,0.0592,75.3579,0.0126,0.0184,0.0067,0.8082,-0.6599,0.6173,sell
2025-12-23,352.4200,3052500,357.4700,359.6700,350.5800,-0.0143,0.0130,0.0235,-0.0003,0.0433,68.4196,0.0134,0.0181,0.0050,0.7022,0.0310,0.6525,hold
2025-12-24,352.9800,1166500,352.2100,354.7500,351.1100,0.0016,-0.0047,0.0287,-0.0015,0.0439,67.7760,0.0133,0.0175,0.0035,0.6916,-0.6179,0.2565,hold
2025-12-26,353.8000,1455100,352.5000,356.2300,352.2800,0.0023,-0.0056,0.0096,-0.0001,0.0449,57.3204,0.0116,0.0170,0.0025,0.6884,0.2474,0.3255,hold
2025-12-29,353.1600,2794000,353.3700,356.6800,351.1600,-0.0018,-0.0076,-0.0092,-0.0010,0.0415,65.6000,0.0101,0.0164,0.0014,0.6584,0.9201,0.6182,hold
2025-12-30,352.5100,2252600,352.0300,355.2700,350.0100,-0.0018,-0.0140,0.0039,-0.0033,0.0384,60.1236,0.0089,0.0155,0.0004,0.6261,-0.1938,0.5063,sell
2025-12-31,349.9900,2116200,351.0100,352.8800,349.6900,-0.0071,-0.0069,0.0060,-0.0110,0.0306,58.2097,0.0087,0.0142,-0.0008,0.5390,-0.0606,0.4857,sell
2026-01-02,333.3000,5643500,350.6800,351.1200,331.6400,-0.0477,-0.0558,-0.0602,-0.0524,-0.0171,33.2616,0.0157,0.0096,-0.0050,-0.0012,1.6668,1.2582,sell
2026-01-05,331.5600,5012100,330.1100,334.4700,327.4400,-0.0052,-0.0629,-0.0682,-0.0508,-0.0210,23.4917,0.0153,0.0049,-0.0078,-0.0892,-0.1119,1.1000,buy
2026-01-06,335.9900,3187400,330.0000,336.4000,329.5000,0.0134,-0.0486,-0.0558,-0.0326,-0.0068,33.5432,0.0165,0.0021,-0.0083,0.1054,-0.3641,0.7356,buy
2026-01-07,338.1000,3183100,336.2400,342.7800,334.6200,0.0063,-0.0409,-0.0543,-0.0211,0.0003,39.1004,0.0166,0.0005,-0.0079,0.1757,-0.0013,0.7441,hold
2026-01-08,339.0400,3107700,337.3800,343.9500,334.6800,0.0028,-0.0313,-0.0380,-0.0145,0.0042,30.0153,0.0165,-0.0005,-0.0071,0.2210,-0.0237,0.7365,sell
2026-01-09,333.9500,3250100,335.8800,335.8800,328.0000,-0.0150,0.0020,-0.0539,-0.0239,-0.0093,24.5932,0.0167,-0.0026,-0.0074,0.1068,0.0458,0.8040,sell
2026-01-12,327.6500,3541400,327.7700,330.6700,323.5000,-0.0189,-0.0118,-0.0739,-0.0350,-0.0274,21.3720,0.0170,-0.0057,-0.0085,0.0181,0.0896,0.9541,sell
2026-01-13,309.9300,7217300,322.4900,323.0000,307.9100,-0.0541,-0.0776,-0.1224,-0.0754,-0.0784,13.5640,0.0223,-0.0132,-0.0129,-0.1848,1.0380,1.9001,sell
2026-01-14,304.4400,5712600,308.5700,309.7300,302.4700,-0.0177,-0.0996,-0.1364,-0.0786,-0.0928,13.4855,0.0220,-0.0203,-0.0160,-0.1147,-0.2085,1.4993,hold
2026-01-15,304.0900,4774300,304.9700,305.8200,301.4000,-0.0011,-0.1031,-0.1311,-0.0667,-0.0920,12.6737,0.0223,-0.0256,-0.0171,-0.0137,-0.1643,1.2424,sell
2026-01-16,296.1200,8534400,304.5600,304.8800,295.4200,-0.0262,-0.1133,-0.1116,-0.0806,-0.1138,10.2974,0.0195,-0.0325,-0.0189,-0.0213,0.7876,2.1067,sell
2026-01-20,290.3700,6962000,294.3200,295.0000,288.3300,-0.0194,-0.1138,-0.1242,-0.0868,-0.1286,9.6206,0.0195,-0.0392,-0.0203,-0.0008,-0.1842,1.6453,buy
2026-01-21,294.2300,5645300,290.7700,294.5100,288.3300,0.0133,-0.0507,-0.1243,-0.0623,-0.1153,14.0069,0.0195,-0.0419,-0.0186,0.0988,-0.1891,1.3842,buy
2026-01-22,299.7300,4974500,296.0000,301.8200,295.2000,0.0187,-0.0155,-0.1135,-0.0330,-0.0973,20.0620,0.0212,-0.0417,-0.0151,0.1923,-0.1188,1.1903,hold
2026-01-23,301.0700,4368700,301.4600,303.8400,299.2000,0.0045,-0.0099,-0.1120,-0.0166,-0.0917,26.5053,0.0213,-0.0411,-0.0117,0.2348,-0.1218,1.0292,buy
2026-01-26,304.7200,4115300,301.4000,306.3000,301.4000,0.0121,0.0290,-0.0875,0.0049,-0.0791,30.9645,0.0225,-0.0388,-0.0078,0.2967,-0.0580,0.9369,sell
2026-01-27,297.4200,4166300,303.8100,304.2200,292.9300,-0.0240,0.0243,-0.0923,-0.0093,-0.0990,23.7154,0.0228,-0.0399,-0.0065,0.2390,0.0124,0.9201,buy
2026-01-28,299.5800,3942800,299.6600,303.8500,297.6900,0.0073,0.0182,-0.0334,0.0013,-0.0906,23.7673,0.0170,-0.0387,-0.0044,0.2847,-0.0536,0.8599,sell
2026-01-29,291.6500,7410800,291.6800,293.6400,284.6000,-0.0265,-0.0270,-0.0420,-0.0210,-0.1125,20.5323,0.0180,-0.0407,-0.0044,0.2104,0.8796,1.5301,buy
2026-01-30,293.2500,5713000,291.6000,295.3400,290.5100,0.0055,-0.0260,-0.0356,-0.0120,-0.1059,23.5439,0.0182,-0.0403,-0.0034,0.2492,-0.2291,1.1373,hold
2026-02-02,293.3800,4357000,297.0100,299.3800,290.9300,0.0004,-0.0372,-0.0093,-0.0107,-0.1038,25.7809,0.0164,-0.0397,-0.0022,0.2742,-0.2374,0.8786,sell
2026-02-03,271.9300,8324900,282.7400,284.3400,271.0200,-0.0731,-0.0857,-0.0635,-0.0773,-0.1670,24.4898,0.0279,-0.0481,-0.0061,0.0399,0.9107,1.6245,buy
2026-02-04,279.7100,8554200,267.2300,282.9000,264.0400,0.0286,-0.0663,-0.0493,-0.0462,-0.1415,33.8934,0.0295,-0.0481,-0.0058,0.1734,0.0275,1.5862,sell
2026-02-05,269.3900,6293600,277.4900,281.9500,268.4300,-0.0369,-0.0763,-0.1012,-0.0717,-0.1703,29.9977,0.0298,-0.0534,-0.0076,0.0698,-0.2643,1.1343,hold
2026-02-06,268.3800,5448400,271.6800,275.0000,265.3100,-0.0037,-0.0848,-0.1086,-0.0647,-0.1709,32.6147,0.0295,-0.0561,-0.0081,0.0776,-0.1343,0.9617,hold
2026-02-09,266.9000,6576300,267.0500,269.2000,262.9500,-0.0055,-0.0903,-0.1241,-0.0574,-0.1728,34.4590,0.0285,-0.0581,-0.0079,0.0745,0.2070,1.1277,hold
2026-02-10,264.6700,5718600,266.6900,270.7900,263.9800,-0.0084,-0.0267,-0.1101,-0.0544,-0.1770,29.9946,0.0282,-0.0600,-0.0075,0.0608,-0.1304,0.9626,sell
2026-02-11,257.1600,8759900,263.0800,264.2000,255.7100,-0.0284,-0.0806,-0.1416,-0.0671,-0.1972,21.9528,0.0279,-0.0645,-0.0084,0.0093,0.5318,1.4557,buy
2026-02-12,262.5000,8657000,258.3600,262.6700,251.1000,0.0208,-0.0256,-0.0999,-0.0375,-0.1774,25.8605,0.0296,-0.0629,-0.0064,0.1395,-0.0117,1.4042,hold
2026-02-13,263.9700,6589700,262.1700,265.2900,257.5000,0.0056,-0.0164,-0.0998,-0.0216,-0.1698,23.7807,0.0296,-0.0612,-0.0040,0.1951,-0.2388,1.0534,sell
2026-02-17,260.4500,5208300,265.2400,269.1300,255.8400,-0.0133,-0.0242,-0.1122,-0.0227,-0.1774,24.9966,0.0294,-0.0614,-0.0027,0.1775,-0.2096,0.8553,buy
2026-02-18,263.1700,5033200,260.4500,263.5000,257.1400,0.0104,-0.0057,-0.0322,-0.0093,-0.1653,25.5605,0.0204,-0.0587,-0.0005,0.2455,-0.0336,0.8399,sell
2026-02-19,259.2100,3616200,263.3800,265.5500,257.4100,-0.0150,0.0080,-0.0733,-0.0166,-0.1733,26.9994,0.0173,-0.0585,0.0005,0.2172,-0.2815,0.6138,hold
2026-02-20,258.6100,6590800,255.0000,262.0800,254.3600,-0.0023,-0.0148,-0.0400,-0.0148,-0.1710,25.0863,0.0139,-0.0573,0.0015,0.2350,0.8226,1.1036,sell
2026-02-23,246.6800,7602400,254.1400,254.5000,244.8000,-0.0461,-0.0655,-0.0809,-0.0524,-0.2043,21.2863,0.0193,-0.0621,-0.0004,0.1020,0.1535,1.2394,buy
2026-02-24,255.1700,5529100,245.5700,258.2500,244.2800,0.0344,-0.0203,-0.0439,-0.0154,-0.1722,37.7414,0.0235,-0.0583,0.0011,0.2459,-0.2727,0.8911,buy
2026-02-25,257.8100,5108600,253.3300,257.9900,250.7000,0.0103,-0.0204,-0.0259,-0.0026,-0.1586,32.6795,0.0239,-0.0548,0.0031,0.3068,-0.0761,0.8171,hold
2026-02-26,259.0400,6208100,261.5900,263.6700,256.6000,0.0048,-0.0007,0.0073,0.0015,-0.1491,40.4397,0.0221,-0.0514,0.0051,0.3439,0.2152,0.9753,buy
2026-02-27,262.4100,5098200,254.0200,262.7500,253.0600,0.0130,0.0147,-0.0003,0.0145,-0.1330,44.7159,0.0215,-0.0466,0.0073,0.4297,-0.1788,0.8158,hold
2026-03-02,260.8800,3486900,257.6000,264.2200,257.0600,-0.0058,0.0576,-0.0117,0.0098,-0.1331,44.6763,0.0215,-0.0436,0.0085,0.4180,-0.3161,0.5681,buy
2026-03-03,270.9900,6206600,260.0500,272.8300,260.0500,0.0388,0.0620,0.0405,0.0447,-0.0944,54.9053,0.0243,-0.0360,0.0113,0.7826,0.7800,0.9962,buy
2026-03-04,273.1200,4329200,271.5100,276.6700,270.3400,0.0079,0.0594,0.0378,0.0489,-0.0823,63.5163,0.0242,-0.0301,0.0135,0.8512,-0.3025,0.7179,buy
2026-03-05,281.7400,5822300,275.4000,285.3600,275.4000,0.0316,0.0876,0.0869,0.0727,-0.0486,65.4364,0.0246,-0.0221,0.0161,1.1248,0.3449,0.9878,hold
2026-03-06,283.6200,4802300,280.2800,283.8500,276.0500,0.0067,0.0808,0.0967,0.0697,-0.0374,65.6624,0.0244,-0.0157,0.0178,1.0711,-0.1752,0.8252,hold
2026-03-09,282.4400,4728400,281.3200,285.2000,277.9000,-0.0042,0.0826,0.1450,0.0510,-0.0368,68.2066,0.0158,-0.0110,0.0181,0.9676,-0.0154,0.8176,sell
2026-03-10,275.1300,4591600,281.8200,282.4000,268.3700,-0.0259,0.0153,0.0782,0.0163,-0.0567,59.2028,0.0183,-0.0094,0.0164,0.7585,-0.0289,0.8078,hold
2026-03-11,273.7100,4862400,277.9300,280.3800,269.2500,-0.0052,0.0022,0.0617,0.0051,-0.0564,61.6111,0.0188,-0.0083,0.0141,0.7070,0.0590,0.8619,sell
2026-03-12,269.7800,10895000,273.3500,276.2800,269.2000,-0.0144,-0.0425,0.0415,-0.0132,-0.0646,58.4917,0.0199,-0.0086,0.0113,0.5949,1.2407,1.8953,sell
2026-03-13,249.3200,17406400,249.0000,256.7000,247.1600,-0.0758,-0.1209,-0.0499,-0.0836,-0.1293,51.7766,0.0318,-0.0158,0.0045,0.1203,0.5977,2.8139,buy
2026-03-16,251.8600,11679200,248.2500,256.3700,244.5500,0.0102,-0.1083,-0.0346,-0.0712,-0.1144,47.5786,0.0321,-0.0198,0.0003,0.2065,-0.3290,1.8135,hold
2026-03-17,254.2000,6456200,252.9900,258.9100,252.1400,0.0093,-0.0761,-0.0620,-0.0567,-0.1011,47.3475,0.0291,-0.0218,-0.0015,0.2714,-0.4472,0.9929,sell
2026-03-18,246.0000,7305600,252.4600,254.4900,245.1800,-0.0323,-0.1012,-0.0993,-0.0779,-0.1248,41.3090,0.0297,-0.0268,-0.0046,0.1317,0.1316,1.1042,hold
2026-03-19,245.9900,4459800,246.9600,250.4000,244.2700,-0.0000,-0.0882,-0.1269,-0.0654,-0.1192,38.5431,0.0263,-0.0298,-0.0061,0.1625,-0.3895,0.6698,buy
2026-03-20,248.1500,10467300,242.8000,249.0900,241.0000,0.0088,-0.0047,-0.1251,-0.0443,-0.1057,41.1952,0.0265,-0.0308,-0.0059,0.2248,1.3470,1.5276,hold
2026-03-23,247.6400,4080500,248.9500,251.0200,246.2200,-0.0021,-0.0168,-0.1232,-0.0333,-0.1017,31.3766,0.0266,-0.0317,-0.0054,0.2127,-0.6102,0.6112,sell
2026-03-24,238.8700,6268300,245.9100,246.2000,237.3800,-0.0354,-0.0603,-0.1318,-0.0542,-0.1275,25.2993,0.0272,-0.0361,-0.0070,0.0891,0.5362,0.9337,hold
2026-03-25,237.2500,5441600,241.2000,243.5800,233.7900,-0.0068,-0.0356,-0.1332,-0.0468,-0.1276,14.3109,0.0272,-0.0390,-0.0078,0.1074,-0.1319,0.8086,buy
2026-03-26,240.8800,4715300,234.9200,243.9500,234.2800,0.0153,-0.0208,-0.1071,-0.0209,-0.1097,16.6510,0.0287,-0.0389,-0.0065,0.1968,-0.1335,0.7085,sell
2026-03-27,234.8400,4429400,239.7900,239.7900,233.1600,-0.0251,-0.0536,-0.0581,-0.0398,-0.1276,15.4772,0.0187,-0.0418,-0.0069,0.1433,-0.0606,0.6689,buy
2026-03-30,241.1300,4410200,236.7800,243.2800,236.7300,0.0268,-0.0263,-0.0426,-0.0097,-0.1000,24.9705,0.0209,-0.0396,-0.0045,0.2601,-0.0043,0.6614,buy
2026-03-31,243.0800,4575900,241.6700,244.0300,239.5100,0.0081,0.0176,-0.0437,0.0029,-0.0891,27.6260,0.0208,-0.0374,-0.0020,0.3092,0.0376,0.6948,sell
2026-04-01,241.3700,3746700,241.9600,243.4800,235.0000,-0.0070,0.0174,-0.0188,-0.0023,-0.0922,28.5520,0.0184,-0.0363,-0.0005,0.3050,-0.1812,0.5714,buy
2026-04-02,242.9200,3588800,242.4600,245.0100,237.7200,0.0064,0.0085,-0.0125,0.0054,-0.0828,43.2375,0.0186,-0.0341,0.0012,0.3470,-0.0421,0.5568,buy
2026-04-06,244.3600,2757700,242.8400,246.7000,240.2300,0.0059,0.0405,-0.0153,0.0130,-0.0735,41.8866,0.0184,-0.0315,0.0028,0.3891,-0.2316,0.4347,sell
2026-04-07,240.1400,3331000,244.1700,244.7700,238.7200,-0.0173,-0.0041,-0.0303,-0.0014,-0.0853,35.3846,0.0191,-0.0311,0.0030,0.3240,0.2079,0.5310,hold
2026-04-08,239.3100,4040100,244.3000,247.4400,237.9900,-0.0035,-0.0155,0.0018,-0.0051,-0.0839,41.7874,0.0154,-0.0305,0.0030,0.3178,0.2129,0.6468,sell
2026-04-09,229.9400,6802400,235.6000,236.3000,227.7000,-0.0392,-0.0474,-0.0308,-0.0411,-0.1152,33.9788,0.0198,-0.0340,0.0007,0.0664,0.6837,1.0724,sell
2026-04-10,225.3500,5889200,229.9000,231.0400,224.1300,-0.0200,-0.0723,-0.0645,-0.0541,-0.1279,28.2940,0.0193,-0.0377,-0.0018,-0.1003,-0.1342,0.9666,buy
2026-04-13,240.1100,6115800,227.1400,240.1900,226.5000,0.0655,-0.0174,0.0224,0.0056,-0.0670,44.3612,0.0286,-0.0323,0.0011,0.4426,0.0385,1.1063,sell
2026-04-14,235.7200,6307500,241.9900,244.0100,233.0000,-0.0183,-0.0184,-0.0224,-0.0105,-0.0800,47.4756,0.0279,-0.0316,0.0020,0.3012,0.0313,1.1993,buy
2026-04-15,244.6600,4749600,241.1700,245.9300,239.2000,0.0379,0.0224,0.0065,0.0263,-0.0414,55.3149,0.0306,-0.0261,0.0049,0.6861,-0.2470,0.9180,buy
2026-04-16,248.1600,5229500,253.0500,254.5100,245.7800,0.0143,0.0792,0.0281,0.0380,-0.0259,55.2314,0.0307,-0.0210,0.0077,0.8264,0.1010,1.0314,sell
2026-04-17,244.4500,6194200,254.0800,254.0800,243.5000,-0.0150,0.0848,0.0063,0.0219,-0.0378,57.1450,0.0312,-0.0186,0.0085,0.6737,0.1845,1.2011,buy
2026-04-20,248.6300,5250000,249.4900,251.6300,245.3400,0.0171,0.0355,0.0175,0.0375,-0.0197,55.7568,0.0316,-0.0146,0.0096,0.8505,-0.1524,1.0723,hold
2026-04-21,247.1800,5779700,247.0000,254.7500,245.1000,-0.0058,0.0486,0.0293,0.0284,-0.0238,53.1714,0.0310,-0.0120,0.0098,0.7909,0.1009,1.1603,buy
2026-04-22,255.9400,7111000,254.8000,258.7500,251.9000,0.0354,0.0461,0.0695,0.0575,0.0116,60.1618,0.0325,-0.0068,0.0115,1.0433,0.2303,1.4156,sell
2026-04-23,238.9800,9617000,244.8800,246.5400,233.5200,-0.0663,-0.0370,0.0393,-0.0162,-0.0535,47.7382,0.0375,-0.0088,0.0086,0.4114,0.3524,1.8381,buy
2026-04-24,245.4400,6492900,239.7700,245.6600,238.4200,0.0270,0.0040,0.0892,0.0021,-0.0270,50.5862,0.0370,-0.0075,0.0075,0.6424,-0.3249,1.2203,sell
2026-04-27,239.3100,5067700,240.7700,245.8800,239.1100,-0.0250,-0.0375,-0.0033,-0.0226,-0.0495,49.5587,0.0325,-0.0088,0.0053,0.4054,-0.2195,0.9467,buy
2026-04-28,243.2000,4641700,242.1300,245.2600,241.1600,0.0163,-0.0161,0.0317,-0.0098,-0.0325,52.0033,0.0322,-0.0082,0.0046,0.5487,-0.0841,0.8653,hold
2026-04-29,243.5700,2664500,240.9700,243.6200,238.6700,0.0015,-0.0483,-0.0045,-0.0078,-0.0297,57.7364,0.0299,-0.0076,0.0041,0.5617,-0.4260,0.5057,buy
2026-04-30,246.1000,5129100,240.1000,246.6800,236.2800,0.0104,0.0298,-0.0083,0.0033,-0.0183,62.0597,0.0297,-0.0061,0.0044,0.6470,0.9250,0.9609,buy
2026-05-01,250.7100,5068500,252.0000,253.5600,244.1000,0.0187,0.0215,0.0256,0.0195,0.0008,56.9847,0.0298,-0.0034,0.0055,0.7933,-0.0118,0.9365,buy
2026-05-04,253.9600,5536900,249.9900,255.8800,247.3400,0.0130,0.0612,0.0214,0.0305,0.0141,62.2023,0.0296,-0.0003,0.0068,0.8692,0.0924,0.9975,hold
2026-05-05,255.6200,3952500,254.0000,256.6200,248.4900,0.0065,0.0511,0.0341,0.0337,0.0200,58.1233,0.0294,0.0026,0.0077,0.8750,-0.2862,0.7081,sell
2026-05-06,250.1700,4452100,252.0200,254.4000,248.2800,-0.0213,0.0271,-0.0225,0.0140,-0.0013,51.4479,0.0281,0.0033,0.0068,0.6835,0.1264,0.7947,buy
2026-05-07,256.5100,4479900,254.7700,259.4400,252.8800,0.0253,0.0423,0.0734,0.0324,0.0241,58.3704,0.0178,0.0055,0.0072,0.8564,0.0062,0.8165,sell
2026-05-08,253.0400,3667500,252.9000,253.3700,246.1000,-0.0135,0.0093,0.0310,0.0153,0.0107,53.0913,0.0174,0.0063,0.0064,0.7463,-0.1813,0.6823,sell
2026-05-11,246.1500,3225800,250.5300,255.4100,244.6900,-0.0272,-0.0308,0.0286,-0.0150,-0.0155,49.3292,0.0179,0.0048,0.0039,0.4475,-0.1204,0.6167,sell
2026-05-12,240.8300,3234000,247.0000,247.5800,240.4000,-0.0216,-0.0579,-0.0097,-0.0354,-0.0353,39.6973,0.0187,0.0017,0.0006,0.1849,0.0025,0.6370,sell
2026-05-13,236.0700,3870200,238.5400,239.0800,232.8400,-0.0198,-0.0564,-0.0308,-0.0516,-0.0517,47.6198,0.0196,-0.0025,-0.0029,0.0329,0.1967,0.7689,hold
2026-05-14,237.0100,4991700,236.2400,238.2400,231.7400,0.0040,-0.0760,-0.0369,-0.0443,-0.0451,42.4204,0.0192,-0.0054,-0.0046,0.1219,0.2898,0.9941,buy
2026-05-15,247.6000,6421200,241.7600,248.5700,240.2600,0.0447,-0.0215,-0.0124,-0.0004,0.0003,56.9003,0.0238,-0.0039,-0.0025,0.5314,0.2864,1.2759,buy
2026-05-18,255.6400,5591800,247.3100,256.1900,245.2400,0.0325,0.0386,0.0066,0.0314,0.0351,59.6855,0.0258,-0.0002,0.0009,0.8194,-0.1292,1.1073,hold
2026-05-19,254.9900,5854400,263.3300,265.0900,251.8100,-0.0025,0.0588,-0.0025,0.0290,0.0348,58.8527,0.0257,0.0023,0.0028,0.7709,0.0470,1.1585,hold
2026-05-20,253.3700,4789600,250.2800,253.6900,246.2100,-0.0064,0.0733,0.0128,0.0212,0.0300,55.7163,0.0248,0.0038,0.0034,0.7213,-0.1819,0.9701,sell
2026-05-21,244.1000,4131000,246.4500,247.9500,242.1100,-0.0366,0.0299,-0.0484,-0.0113,-0.0053,45.1575,0.0259,0.0021,0.0013,0.3624,-0.1375,0.8859,hold
2026-05-22,244.7600,3779300,245.8900,249.7700,242.7100,0.0027,-0.0115,-0.0327,-0.0053,-0.0005,42.9942,0.0257,0.0008,0.0001,0.3894,-0.0851,0.8347,sell
2026-05-26,240.4900,3211800,242.5700,243.5700,238.5700,-0.0174,-0.0593,-0.0230,-0.0204,-0.0173,38.9190,0.0249,-0.0016,-0.0019,0.2196,-0.1502,0.7242,sell
2026-05-27,238.2400,3402000,237.7600,244.2400,237.2800,-0.0094,-0.0657,-0.0108,-0.0285,-0.0254,40.8330,0.0241,-0.0043,-0.0037,0.1563,0.0592,0.7780,buy
2026-05-28,241.4400,3386500,239.5700,244.7600,236.6600,0.0134,-0.0471,0.0227,-0.0176,-0.0113,37.8330,0.0235,-0.0052,-0.0037,0.2824,-0.0046,0.7681,buy
2026-05-29,259.2100,10808900,245.2300,260.6300,244.6600,0.0736,0.0619,0.0937,0.0453,0.0604,54.0470,0.0326,0.0000,0.0011,0.8857,2.1918,2.3033,buy
2026-06-01,274.0300,8535300,270.0000,275.4400,262.3000,0.0572,0.1196,0.1067,0.0934,0.1184,66.5637,0.0343,0.0079,0.0072,1.1678,-0.2103,1.7540,sell
2026-06-02,262.1100,5821800,267.9800,272.0300,260.0500,-0.0435,0.0899,0.0253,0.0431,0.0686,61.7232,0.0372,0.0110,0.0082,0.8232,-0.3179,1.1929,sell
2026-06-03,256.2400,4871300,259.3900,260.0000,252.3400,-0.0224,0.0756,0.0049,0.0193,0.0439,60.9775,0.0380,0.0115,0.0069,0.6707,-0.1633,0.9888,hold
2026-06-04,258.4200,5161900,263.0200,265.9400,258.3300,0.0085,0.0703,0.0199,0.0259,0.0511,61.4972,0.0380,0.0122,0.0061,0.7119,0.0597,1.0403,sell
2026-06-05,251.4400,4909200,259.2800,262.5300,249.0500,-0.0270,-0.0300,0.0301,-0.0047,0.0215,52.1452,0.0370,0.0107,0.0036,0.5428,-0.0490,0.9851,sell
2026-06-08,244.9900,4728000,249.0600,250.7400,244.2500,-0.0257,-0.1060,0.0009,-0.0304,-0.0050,43.9427,0.0382,0.0074,0.0000,0.3890,-0.0369,0.9388,sell
2026-06-09,237.8800,6747400,242.9800,245.2500,233.3300,-0.0290,-0.0924,-0.0109,-0.0575,-0.0341,40.9346,0.0389,0.0022,-0.0043,0.2274,0.4271,1.2945,sell
2026-06-10,233.3800,5176900,233.0200,238.5100,231.7400,-0.0189,-0.0892,-0.0204,-0.0736,-0.0518,39.7224,0.0393,-0.0037,-0.0082,0.1412,-0.2328,0.9750,sell
2026-06-11,218.8000,17786900,229.9200,232.5000,218.0900,-0.0625,-0.1533,-0.0938,-0.1236,-0.1093,37.6658,0.0433,-0.0141,-0.0152,-0.0907,2.4358,2.9618,sell
2026-06-12,204.0200,25030700,202.4000,205.6500,196.9000,-0.0676,-0.1886,-0.2129,-0.1643,-0.1669,32.5420,0.0357,-0.0293,-0.0244,-0.1766,0.4073,3.5721,buy
2026-06-15,206.3600,9676900,206.8800,211.9900,205.7200,0.0115,-0.1577,-0.2469,-0.1306,-0.1548,35.1285,0.0258,-0.0387,-0.0271,-0.0263,-0.6134,1.3496,hold
2026-06-16,207.3200,7214600,205.3800,210.8000,203.8400,0.0047,-0.1285,-0.2090,-0.1059,-0.1483,36.3741,0.0270,-0.0453,-0.0270,0.0590,-0.2545,0.9949,sell
2026-06-17,196.2800,10731500,204.0200,206.5000,195.0200,-0.0533,-0.1590,-0.2340,-0.1311,-0.1907,31.3850,0.0287,-0.0574,-0.0304,0.0097,0.4875,1.4318,hold
2026-06-18,195.1600,15852500,193.6000,196.7800,190.1200,-0.0057,-0.1080,-0.2448,-0.1111,-0.1924,19.3980,0.0271,-0.0651,-0.0304,0.0658,0.4772,1.9697,hold
2026-06-22,194.9000,8282600,193.3900,199.2500,191.2000,-0.0013,-0.0447,-0.2249,-0.0889,-0.1912,6.0828,0.0283,-0.0703,-0.0284,0.1158,-0.4775,1.0032,buy
2026-06-23,197.4300,6910500,197.9600,200.5500,195.3500,0.0130,-0.0433,-0.1941,-0.0560,-0.1788,9.9257,0.0307,-0.0715,-0.0242,0.1786,-0.1657,0.8215,hold
2026-06-24,196.5700,6947400,195.8900,202.4100,195.1000,-0.0044,-0.0519,-0.1737,-0.0412,-0.1794,10.5827,0.0310,-0.0731,-0.0204,0.2027,0.0053,0.8079,sell
2026-06-25,193.4100,6957500,193.0000,199.3000,191.8000,-0.0161,-0.0146,-0.1713,-0.0379,-0.1897,7.6040,0.0310,-0.0757,-0.0177,0.2052,0.0015,0.7927,buy
2026-06-26,202.7300,9172100,195.4800,203.4800,195.2900,0.0482,0.0388,-0.0734,0.0166,-0.1476,19.1748,0.0331,-0.0688,-0.0108,0.3073,0.3183,1.0117,buy
2026-06-29,206.4300,7527300,206.6700,209.5400,204.3400,0.0183,0.0592,0.0118,0.0339,-0.1290,24.7181,0.0260,-0.0627,-0.0046,0.3585,-0.1793,0.8456,hold
2026-06-30,205.0200,6269500,204.1000,205.6000,201.3100,-0.0068,0.0384,-0.0065,0.0275,-0.1321,26.7148,0.0259,-0.0592,-0.0005,0.3637,-0.1671,0.7133,buy
2026-07-01,210.9800,5863800,209.4300,213.6600,207.0600,0.0291,0.0733,0.0177,0.0555,-0.1040,34.4488,0.0275,-0.0516,0.0044,0.4452,-0.0647,0.6670,buy
2026-07-02,219.7200,7903100,215.5500,222.1500,213.7400,0.0414,0.1360,0.1194,0.0865,-0.0647,50.6951,0.0221,-0.0413,0.0099,0.5696,0.3478,0.8838,sell
2026-07-06,218.0700,4800200,216.1000,219.7600,212.9000,-0.0075,0.0757,0.1174,0.0662,-0.0687,63.2422,0.0223,-0.0353,0.0131,0.5861,-0.3926,0.5379,buy
2026-07-07,221.5400,8615000,221.1600,230.7400,220.2900,0.0159,0.0732,0.1367,0.0693,-0.0525,64.0089,0.0219,-0.0282,0.0155,0.6824,0.7947,0.9457,hold
2026-07-08,220.9400,4508400,221.3900,222.5000,216.9300,-0.0027,0.0777,0.1191,0.0544,-0.0531,62.6533,0.0224,-0.0230,0.0166,0.7232,-0.4767,0.4955,buy
2026-07-09,222.6500,4552900,214.1200,222.7100,213.0900,0.0077,0.0553,0.1327,0.0495,-0.0444,79.6359,0.0218,-0.0179,0.0172,0.8033,0.0099,0.5065,hold
2026-07-10,223.6400,3206800,226.5000,228.4000,222.8200,0.0044,0.0178,0.1563,0.0394,-0.0385,82.1010,0.0196,-0.0134,0.0172,0.8643,-0.2957,0.3607,buy
2026-07-13,230.6100,4624000,226.7500,232.0800,225.0000,0.0312,0.0575,0.1375,0.0580,-0.0075,84.9619,0.0170,-0.0071,0.0181,0.9734,0.4419,0.5617,sell
2026-07-14,220.7800,5823400,221.1600,224.2000,218.0000,-0.0426,-0.0034,0.0695,0.0063,-0.0477,70.0017,0.0243,-0.0060,0.0162,0.7379,0.2594,0.8008,buy
2026-07-15,224.5600,4771400,223.1600,231.5300,222.9100,0.0171,0.0164,0.0953,0.0145,-0.0292,72.8341,0.0239,-0.0034,0.0147,0.7880,-0.1807,0.6790,buy
2026-07-16,235.3100,5787300,228.7100,235.4800,222.0400,0.0479,0.0569,0.1153,0.0515,0.0189,80.4152,0.0263,0.0023,0.0157,0.9370,0.2129,0.8321,buy
2026-07-17,237.2500,7269900,235.2600,240.1500,232.3600,0.0082,0.0609,0.0798,0.0519,0.0290,78.0651,0.0240,0.0072,0.0164,0.9160,0.2562,1.0719,sell
2026-07-20,234.7400,5123700,235.6700,236.6600,227.5000,-0.0106,0.0179,0.0764,0.0332,0.0194,73.4704,0.0243,0.0102,0.0156,0.8358,-0.2952,0.8203,sell
2026-07-21,227.1600,5060600,222.8500,231.5000,222.3000,-0.0323,0.0289,0.0254,-0.0027,-0.0110,66.6516,0.0271,0.0102,0.0126,0.6813,-0.0123,0.8317,sell
2026-07-22,218.3600,4361300,229.6600,229.6600,218.0000,-0.0387,-0.0276,-0.0117,-0.0402,-0.0464,55.3231,0.0301,0.0069,0.0076,0.4967,-0.1382,0.7321,sell
2026-07-23,212.1700,4363200,222.1800,222.7500,210.8800,-0.0283,-0.0983,-0.0471,-0.0631,-0.0707,44.3463,0.0311,0.0018,0.0019,0.3449,0.0004,0.7487,buy
