date,close,volume,open,high,low,return_1d,return_5d,return_10d,price_vs_ma10,price_vs_ma50,rsi_14,volatility_10d,macd_norm,macd_hist_norm,bb_position,volume_change,volume_vs_avg20,label
2021-09-10,156.7986,4280800,156.4849,158.7823,156.4387,0.0067,0.0450,0.0154,0.0310,0.0251,56.8810,0.0144,-0.0009,0.0023,0.8794,-0.4369,0.6747,buy
2021-09-13,159.4466,7431700,158.3209,159.7511,157.1307,0.0169,0.0638,0.0380,0.0444,0.0418,56.7210,0.0149,0.0024,0.0045,1.0587,0.7361,1.1235,hold
2021-09-14,160.0556,5335200,160.1202,160.6369,158.2748,0.0038,0.0625,0.0389,0.0443,0.0454,66.0811,0.0149,0.0053,0.0059,1.0463,-0.2821,0.7877,hold
2021-09-15,160.6184,4498500,160.4892,160.9690,158.7731,0.0035,0.0636,0.0683,0.0410,0.0482,71.8638,0.0113,0.0078,0.0067,0.9957,-0.1568,0.6646,sell
2021-09-16,159.8157,4582700,159.0960,160.9690,159.0960,-0.0050,0.0261,0.0751,0.0284,0.0419,63.6365,0.0103,0.0093,0.0065,0.8854,0.0187,0.6814,sell
2021-09-17,158.2564,13056400,158.1456,159.6404,157.1215,-0.0098,0.0093,0.0547,0.0130,0.0307,61.3208,0.0116,0.0096,0.0055,0.7574,1.8491,1.8121,sell
2021-09-20,156.3741,10189700,156.9462,157.5551,154.1136,-0.0119,-0.0193,0.0433,-0.0032,0.0180,55.2523,0.0127,0.0089,0.0037,0.6247,-0.2196,1.3462,buy
2021-09-21,157.3799,4011300,157.6105,158.3671,155.2300,0.0064,-0.0167,0.0447,-0.0011,0.0241,68.2648,0.0127,0.0085,0.0028,0.6824,-0.6063,0.5653,buy
2021-09-22,160.4062,3484500,158.6993,160.7845,157.9888,0.0192,-0.0013,0.0622,0.0121,0.0428,78.5651,0.0135,0.0096,0.0031,0.8344,-0.1313,0.5077,buy
2021-09-23,163.5248,3391900,161.0059,164.0415,160.6830,0.0194,0.0232,0.0499,0.0267,0.0616,80.2235,0.0114,0.0117,0.0043,0.9524,-0.0266,0.5583,buy
2021-09-24,164.7243,2393300,162.8974,165.0103,162.2423,0.0073,0.0409,0.0505,0.0291,0.0674,81.8110,0.0114,0.0139,0.0053,0.9465,-0.2944,0.4105,sell
2021-09-27,163.2296,4497200,163.5617,164.3552,162.0209,-0.0091,0.0438,0.0237,0.0174,0.0556,76.1504,0.0113,0.0150,0.0050,0.8299,0.8791,0.8034,sell
2021-09-28,158.0441,5494000,158.9576,161.3565,157.9426,-0.0318,0.0042,-0.0126,-0.0137,0.0205,62.1725,0.0156,0.0134,0.0025,0.5642,0.2216,0.9763,sell
2021-09-29,155.7836,3498400,157.3522,158.5424,155.1193,-0.0143,-0.0288,-0.0301,-0.0249,0.0048,50.0525,0.0160,0.0106,-0.0004,0.4357,-0.3632,0.6544,sell
2021-09-30,154.5288,4820600,157.1861,158.0165,154.4181,-0.0081,-0.0550,-0.0331,-0.0295,-0.0037,45.7351,0.0161,0.0076,-0.0028,0.3431,0.3779,0.9163,hold
2021-10-01,154.4273,3549200,154.8517,155.8205,152.0191,-0.0007,-0.0625,-0.0242,-0.0278,-0.0050,39.5706,0.0160,0.0050,-0.0043,0.3133,-0.2637,0.6809,sell
2021-10-04,151.5578,5377500,153.8460,154.7318,150.9950,-0.0186,-0.0715,-0.0308,-0.0430,-0.0237,33.8591,0.0165,0.0015,-0.0064,0.1225,0.5151,1.0028,buy
2021-10-05,152.5819,2899100,152.4620,153.8368,151.2810,0.0068,-0.0346,-0.0305,-0.0336,-0.0173,34.9982,0.0166,-0.0008,-0.0069,0.1672,-0.4609,0.5521,hold
2021-10-06,153.2094,2754000,151.1149,153.4124,150.5244,0.0041,-0.0165,-0.0449,-0.0251,-0.0138,37.5867,0.0149,-0.0022,-0.0067,0.1867,-0.0501,0.5340,buy
2021-10-07,154.0674,2174100,154.4826,156.1988,153.8460,0.0056,-0.0030,-0.0578,-0.0138,-0.0087,41.9158,0.0130,-0.0029,-0.0058,0.2552,-0.2106,0.4450,buy
2021-10-08,155.5807,3145900,155.4515,155.8852,153.7907,0.0098,0.0075,-0.0555,0.0018,0.0007,48.4466,0.0133,-0.0026,-0.0044,0.3611,0.4470,0.6514,sell
2021-10-11,154.9163,1964800,155.1193,158.2748,154.8240,-0.0043,0.0222,-0.0509,0.0029,-0.0037,45.1116,0.0132,-0.0027,-0.0036,0.3332,-0.3754,0.4313,sell
2021-10-12,151.3363,3018000,155.4791,156.4572,151.1518,-0.0231,-0.0082,-0.0424,-0.0160,-0.0264,32.3897,0.0114,-0.0047,-0.0045,0.1435,0.5360,0.6797,hold
2021-10-13,151.6409,3416600,153.1264,153.8184,150.9212,0.0020,-0.0102,-0.0266,-0.0114,-0.0240,24.0951,0.0110,-0.0059,-0.0046,0.1967,0.1321,0.7790,buy
2021-10-14,155.1931,5043100,153.6430,155.5622,153.2832,0.0234,0.0073,0.0043,0.0114,-0.0007,31.1566,0.0135,-0.0049,-0.0029,0.4284,0.4761,1.1438,buy
2021-10-15,158.7362,2887000,156.8816,158.7915,156.5956,0.0228,0.0203,0.0279,0.0315,0.0218,41.7821,0.0152,-0.0023,-0.0002,0.6479,-0.4275,0.7402,buy
2021-10-18,159.9264,2541500,157.2045,160.2309,156.5956,0.0075,0.0323,0.0552,0.0337,0.0291,54.0317,0.0132,0.0003,0.0019,0.7070,-0.1197,0.7224,buy
2021-10-19,162.9712,3336700,160.3047,163.0820,159.2067,0.0190,0.0769,0.0681,0.0463,0.0479,64.8948,0.0139,0.0038,0.0043,0.8548,0.3129,0.9576,hold
2021-10-20,163.2388,3025800,163.2296,164.1061,162.3161,0.0016,0.0765,0.0655,0.0413,0.0488,68.8197,0.0140,0.0066,0.0056,0.8487,-0.0932,0.8741,buy
2021-10-21,164.9827,2744000,162.9989,165.2041,162.5192,0.0107,0.0631,0.0708,0.0452,0.0589,71.2956,0.0140,0.0095,0.0068,0.9298,-0.0931,0.8002,hold
2021-10-22,164.6228,3074300,165.3794,166.7911,163.9400,-0.0022,0.0371,0.0581,0.0370,0.0552,79.3287,0.0143,0.0115,0.0071,0.9114,0.1204,0.8877,buy
2021-10-25,166.5604,2498200,164.7704,167.0956,164.6228,0.0118,0.0415,0.0752,0.0415,0.0663,80.1430,0.0139,0.0138,0.0075,0.9777,-0.1874,0.7428,hold
2021-10-26,165.9699,2209200,167.8983,168.2858,165.7485,-0.0035,0.0184,0.0967,0.0284,0.0613,77.5606,0.0100,0.0152,0.0072,0.8967,-0.1157,0.6906,sell
2021-10-27,157.2783,6263900,160.6461,161.4673,156.8539,-0.0524,-0.0365,0.0372,-0.0288,0.0051,55.1817,0.0220,0.0127,0.0033,0.4816,1.8354,1.8770,buy
2021-10-28,159.1237,2781100,158.9391,160.8675,158.2656,0.0117,-0.0355,0.0253,-0.0198,0.0160,55.6569,0.0211,0.0106,0.0011,0.5588,-0.5560,0.8596,hold
2021-10-29,160.0740,3137400,158.1456,160.4154,157.3983,0.0060,-0.0276,0.0084,-0.0148,0.0212,58.1605,0.0200,0.0095,0.0000,0.5916,0.1281,0.9760,buy
2021-11-01,161.4580,2180700,159.7880,161.6979,159.5389,0.0086,-0.0306,0.0096,-0.0072,0.0289,67.2105,0.0200,0.0091,-0.0002,0.6399,-0.3049,0.7139,buy
2021-11-02,164.1799,2405800,161.4580,164.4659,161.1904,0.0169,-0.0108,0.0074,0.0088,0.0452,69.7012,0.0198,0.0100,0.0006,0.7511,0.1032,0.7940,hold
2021-11-03,164.9735,1997700,163.7002,165.4071,162.2700,0.0048,0.0489,0.0106,0.0126,0.0486,66.8254,0.0199,0.0110,0.0014,0.7647,-0.1696,0.6676,buy
2021-11-04,166.7541,5252700,165.1579,166.9663,162.6206,0.0108,0.0480,0.0107,0.0224,0.0577,64.6839,0.0199,0.0124,0.0023,0.8215,1.6294,1.6695,buy
2021-11-05,169.9374,3415700,169.5406,171.7089,168.1105,0.0191,0.0616,0.0323,0.0385,0.0758,67.0866,0.0206,0.0147,0.0038,0.9227,-0.3497,1.0810,hold
2021-11-08,170.1957,2582300,169.2823,171.5613,169.1808,0.0015,0.0541,0.0218,0.0378,0.0752,63.6268,0.0204,0.0167,0.0046,0.8870,-0.2440,0.8094,hold
2021-11-09,170.6940,2508500,170.0666,171.5151,168.6826,0.0029,0.0397,0.0285,0.0379,0.0760,63.9406,0.0203,0.0182,0.0049,0.8853,-0.0286,0.7925,sell
2021-11-10,166.8741,2735500,168.8487,171.1553,166.1175,-0.0224,0.0115,0.0610,0.0088,0.0498,53.2821,0.0115,0.0178,0.0034,0.6832,0.0905,0.8737,buy
2021-11-11,168.9409,1703300,169.0608,169.1900,166.4773,0.0124,0.0131,0.0617,0.0152,0.0601,57.0738,0.0115,0.0177,0.0028,0.7847,-0.3773,0.5747,buy
2021-11-12,170.5002,1847600,169.3746,171.3398,167.5108,0.0092,0.0033,0.0651,0.0182,0.0671,56.5351,0.0116,0.0182,0.0028,0.8459,0.0847,0.6345,hold
2021-11-15,170.7493,1337200,171.3583,171.3583,169.5314,0.0015,0.0033,0.0575,0.0141,0.0659,58.0185,0.0116,0.0186,0.0026,0.8265,-0.2763,0.4689,buy
2021-11-16,173.1575,2126300,170.3065,173.3236,170.2326,0.0141,0.0144,0.0547,0.0229,0.0779,83.7584,0.0114,0.0196,0.0030,0.9141,0.5901,0.7617,hold
2021-11-17,172.5762,2242300,173.4896,173.5542,171.1922,-0.0034,0.0342,0.0461,0.0149,0.0714,80.2239,0.0117,0.0201,0.0028,0.8388,0.0546,0.8147,buy
2021-11-18,173.5450,2091800,173.5542,174.0986,171.6074,0.0056,0.0273,0.0407,0.0166,0.0750,80.2403,0.0115,0.0206,0.0027,0.8494,-0.0671,0.7692,buy
2021-11-19,174.2001,3299800,173.5450,175.3073,173.2036,0.0038,0.0217,0.0251,0.0179,0.0768,79.5717,0.0102,0.0211,0.0026,0.8418,0.5775,1.2083,sell
2021-11-22,171.1553,5228600,175.3073,177.1065,171.0261,-0.0175,0.0024,0.0056,-0.0005,0.0564,65.9494,0.0121,0.0202,0.0011,0.6752,0.5845,1.8235,sell
2021-11-23,168.3411,4976400,171.8473,173.4619,166.2928,-0.0164,-0.0278,-0.0138,-0.0156,0.0380,57.0489,0.0131,0.0180,-0.0012,0.5301,-0.0482,1.6556,hold
2021-11-24,168.3596,2914800,167.4185,168.3965,165.7761,0.0001,-0.0244,0.0089,-0.0163,0.0371,53.6281,0.0109,0.0158,-0.0027,0.5040,-0.4143,1.0270,sell
2021-11-26,164.2353,2539100,165.1579,166.4589,163.1096,-0.0245,-0.0536,-0.0279,-0.0378,0.0112,37.6401,0.0127,0.0122,-0.0054,0.2279,-0.1289,0.8984,buy
2021-11-29,169.0332,4374800,166.5789,169.4853,164.6505,0.0292,-0.0297,-0.0086,-0.0088,0.0393,47.8944,0.0159,0.0110,-0.0049,0.5029,0.7230,1.5148,sell
2021-11-30,166.3113,4561800,168.4888,170.0112,165.0749,-0.0161,-0.0283,-0.0260,-0.0222,0.0213,42.6539,0.0166,0.0090,-0.0057,0.2567,0.0427,1.5170,hold
2021-12-01,166.8556,4831300,168.1843,173.6465,166.6803,0.0033,-0.0088,-0.0364,-0.0154,0.0235,49.9651,0.0157,0.0075,-0.0057,0.2773,0.0591,1.5443,hold
2021-12-02,167.3002,3795600,166.7167,169.0600,164.8643,0.0027,-0.0063,-0.0306,-0.0097,0.0254,46.7098,0.0159,0.0064,-0.0054,0.2958,-0.2144,1.1794,hold
2021-12-03,167.4485,2958600,169.4676,170.3753,165.5220,0.0009,0.0196,-0.0351,-0.0052,0.0258,43.5128,0.0156,0.0056,-0.0050,0.3040,-0.2205,0.9533,hold
2021-12-06,167.6985,3938200,168.8655,169.1897,163.1879,0.0015,-0.0079,-0.0373,0.0001,0.0269,43.5150,0.0155,0.0050,-0.0045,0.3400,0.3311,1.2583,buy
2021-12-07,172.8667,4850000,170.1159,173.8393,170.0418,0.0308,0.0394,0.0100,0.0299,0.0573,49.4469,0.0181,0.0067,-0.0020,0.7993,0.2315,1.4955,hold
2021-12-08,172.5148,3167800,172.0517,172.7556,170.7272,-0.0020,0.0339,0.0248,0.0253,0.0533,49.8821,0.0171,0.0080,-0.0006,0.7531,-0.3468,0.9670,sell
2021-12-09,170.1252,3457800,171.2829,173.8115,169.9399,-0.0139,0.0169,0.0105,0.0100,0.0369,43.7762,0.0178,0.0078,-0.0007,0.5297,0.0915,1.0440,hold
2021-12-10,169.8936,2570800,172.6537,172.7370,167.7633,-0.0014,0.0146,0.0345,0.0053,0.0336,42.0398,0.0155,0.0075,-0.0008,0.5045,-0.2565,0.7661,sell
2021-12-13,165.2996,4457700,169.9121,171.0328,165.0681,-0.0270,-0.0143,-0.0221,-0.0198,0.0043,39.7626,0.0153,0.0051,-0.0028,0.1356,0.7340,1.2787,sell
2021-12-14,163.2712,3770900,163.8918,165.0866,160.7797,-0.0123,-0.0555,-0.0183,-0.0300,-0.0095,40.8860,0.0150,0.0020,-0.0047,0.0422,-0.1541,1.0452,buy
2021-12-15,166.2814,3598700,164.5031,166.4203,161.2892,0.0184,-0.0361,-0.0034,-0.0118,0.0071,46.6269,0.0163,0.0010,-0.0045,0.2959,-0.0457,0.9776,sell
2021-12-16,159.8628,4817300,166.8556,167.4577,159.4553,-0.0386,-0.0603,-0.0445,-0.0457,-0.0325,43.3950,0.0202,-0.0030,-0.0070,-0.0771,0.3386,1.2644,sell
2021-12-17,157.5566,7659800,158.4920,159.6961,156.5655,-0.0144,-0.0726,-0.0591,-0.0539,-0.0469,31.2522,0.0203,-0.0073,-0.0091,-0.0992,0.5901,1.8735,sell
2021-12-20,155.8987,4087400,154.5279,156.6396,154.0741,-0.0105,-0.0569,-0.0704,-0.0572,-0.0569,32.3777,0.0202,-0.0116,-0.0107,-0.0837,-0.4664,0.9902,buy
2021-12-21,159.3812,3018100,157.5658,159.6220,156.4636,0.0223,-0.0238,-0.0780,-0.0282,-0.0364,38.4945,0.0186,-0.0127,-0.0095,0.1500,-0.2616,0.7513,hold
2021-12-22,159.5757,2025500,158.9829,159.8813,158.3624,0.0012,-0.0403,-0.0750,-0.0193,-0.0362,38.0173,0.0187,-0.0135,-0.0082,0.1949,-0.3289,0.5234,hold
2021-12-23,159.9184,2026200,160.0480,161.5670,159.8350,0.0021,0.0003,-0.0600,-0.0110,-0.0351,38.3890,0.0188,-0.0137,-0.0068,0.2399,0.0003,0.5297,buy
2021-12-27,162.5210,2134900,160.2425,162.5766,160.2425,0.0163,0.0315,-0.0434,0.0097,-0.0202,42.5566,0.0201,-0.0123,-0.0044,0.3765,0.0536,0.5611,sell
2021-12-28,161.5115,1634800,163.4009,163.7436,161.1873,-0.0062,0.0360,-0.0229,0.0058,-0.0267,31.4579,0.0184,-0.0118,-0.0031,0.3435,-0.2342,0.4457,buy
2021-12-29,162.5673,1685500,161.6504,163.5213,161.6504,0.0065,0.0200,-0.0043,0.0128,-0.0206,34.1218,0.0183,-0.0106,-0.0015,0.4064,0.0310,0.4782,hold
2021-12-30,161.8819,1638600,163.0119,163.9010,161.5948,-0.0042,0.0145,-0.0265,0.0113,-0.0246,36.0850,0.0170,-0.0100,-0.0007,0.3842,-0.0278,0.4870,buy
2021-12-31,162.7989,1917200,161.8542,163.6232,161.6967,0.0057,0.0180,0.0184,0.0152,-0.0190,38.2947,0.0115,-0.0089,0.0003,0.4415,0.1700,0.5862,buy
2022-01-03,164.0770,2667500,162.2431,164.4938,161.8541,0.0079,0.0096,0.0414,0.0190,-0.0112,47.7350,0.0100,-0.0073,0.0015,0.5157,0.3914,0.8192,sell
2022-01-04,162.5951,3889300,164.5679,166.2721,161.2706,-0.0090,0.0067,0.0430,0.0056,-0.0199,48.7215,0.0098,-0.0067,0.0017,0.4512,0.4580,1.1953,sell
2022-01-05,160.0851,3655200,162.3821,164.1048,159.9832,-0.0154,-0.0153,0.0044,-0.0103,-0.0343,38.0578,0.0093,-0.0076,0.0008,0.3354,-0.0602,1.1444,buy
2022-01-06,160.5945,3584400,160.3259,162.0487,159.3441,0.0032,-0.0080,0.0064,-0.0078,-0.0306,51.8262,0.0094,-0.0077,0.0005,0.3830,-0.0194,1.1149,sell
2022-01-07,156.3803,6747500,160.3259,160.9372,153.7499,-0.0262,-0.0394,-0.0221,-0.0317,-0.0559,47.3196,0.0126,-0.0102,-0.0014,0.1094,0.8825,1.9967,buy
2022-01-10,157.8252,6017100,155.7042,158.1308,153.1757,0.0092,-0.0381,-0.0289,-0.0199,-0.0470,54.4331,0.0116,-0.0110,-0.0018,0.2180,-0.1082,1.6942,buy
2022-01-11,160.8168,3789300,156.3155,161.1873,156.0283,0.0190,-0.0109,-0.0043,-0.0009,-0.0291,53.3799,0.0134,-0.0098,-0.0007,0.5045,-0.3702,1.0770,hold
2022-01-12,160.9279,1993400,162.4469,162.4469,159.2793,0.0007,0.0053,-0.0101,0.0008,-0.0283,53.1961,0.0132,-0.0089,0.0002,0.5269,-0.4739,0.5813,sell
2022-01-13,157.2509,3954000,162.6507,163.2620,156.7508,-0.0228,-0.0208,-0.0286,-0.0192,-0.0497,44.5537,0.0149,-0.0102,-0.0007,0.1782,0.9835,1.1470,buy
2022-01-14,159.3071,2869600,155.9820,159.4182,155.6856,0.0131,0.0187,-0.0214,-0.0042,-0.0367,43.2882,0.0155,-0.0097,-0.0003,0.4058,-0.2743,0.8567,sell
2022-01-18,154.2130,4160300,156.2414,157.5658,153.9073,-0.0320,-0.0229,-0.0601,-0.0301,-0.0660,36.9794,0.0177,-0.0123,-0.0020,-0.0567,0.4498,1.3104,sell
2022-01-19,151.0268,3736600,154.7687,156.3339,150.9434,-0.0207,-0.0609,-0.0711,-0.0432,-0.0832,30.8660,0.0183,-0.0159,-0.0043,-0.1885,-0.1018,1.1835,sell
2022-01-20,146.9238,4021300,151.7308,152.6014,146.8960,-0.0272,-0.0870,-0.0822,-0.0613,-0.1056,27.7241,0.0192,-0.0211,-0.0073,-0.2135,0.0762,1.2538,hold
2022-01-21,147.7480,5547500,147.0997,150.6748,145.3770,0.0056,-0.0604,-0.0800,-0.0483,-0.0981,27.5240,0.0194,-0.0240,-0.0082,-0.0425,0.3795,1.6396,buy
2022-01-24,149.5264,6665200,147.2757,149.7857,140.2921,0.0120,-0.0614,-0.0438,-0.0325,-0.0853,28.5909,0.0192,-0.0248,-0.0074,0.1030,0.2015,1.8435,sell
2022-01-25,144.2748,4064200,145.7752,147.8129,143.9506,-0.0351,-0.0644,-0.0859,-0.0583,-0.1147,25.7360,0.0208,-0.0292,-0.0089,-0.0300,-0.3902,1.0949,buy
2022-01-26,147.9796,5850000,147.2665,152.9163,145.7290,0.0257,-0.0202,-0.0798,-0.0259,-0.0895,34.4590,0.0219,-0.0288,-0.0073,0.1638,0.4394,1.4913,sell
2022-01-27,143.1819,4691100,150.6008,151.6659,142.6725,-0.0324,-0.0255,-0.1103,-0.0464,-0.1160,29.8629,0.0229,-0.0324,-0.0081,0.0464,-0.1981,1.1518,buy
2022-01-28,146.9238,3839700,142.7466,146.9978,140.0235,0.0261,-0.0056,-0.0657,-0.0147,-0.0900,38.9430,0.0253,-0.0312,-0.0060,0.2155,-0.1815,0.9179,buy
2022-01-31,151.8697,4504800,146.6366,152.1105,145.6085,0.0337,0.0157,-0.0467,0.0236,-0.0569,43.5635,0.0277,-0.0269,-0.0021,0.4127,0.1732,1.0446,buy
2022-02-01,153.1664,3038000,151.9901,153.2868,149.1652,0.0085,0.0616,-0.0068,0.0331,-0.0464,41.4173,0.0262,-0.0232,0.0012,0.4812,-0.3256,0.7015,buy
2022-02-02,156.4451,2824500,153.2219,156.9267,152.7310,0.0214,0.0572,0.0359,0.0514,-0.0239,45.3046,0.0259,-0.0181,0.0046,0.6332,-0.0703,0.6603,sell
2022-02-03,150.0636,4452100,153.4165,155.2503,149.6468,-0.0408,0.0481,0.0214,0.0063,-0.0612,42.8755,0.0280,-0.0183,0.0043,0.3785,0.5762,1.0312,hold
2022-02-04,149.1466,5174400,148.3315,150.3970,145.2010,-0.0061,0.0151,0.0095,-0.0007,-0.0647,39.6956,0.0281,-0.0182,0.0036,0.3569,0.1622,1.1768,hold
2022-02-07,148.9521,2443300,149.1930,151.2028,148.4705,-0.0013,-0.0192,-0.0038,-0.0017,-0.0637,44.0759,0.0279,-0.0180,0.0031,0.3640,-0.5278,0.5843,buy
2022-02-08,151.0917,3173200,149.0540,151.6011,148.5631,0.0144,-0.0135,0.0472,0.0081,-0.0486,50.0748,0.0252,-0.0162,0.0037,0.4783,0.2987,0.7855,buy
2022-02-09,155.7968,3207900,153.1756,155.9172,151.4158,0.0311,-0.0041,0.0528,0.0341,-0.0174,60.0927,0.0258,-0.0120,0.0058,0.7332,0.0109,0.7999,sell
2022-02-10,149.7394,3462600,151.7308,155.9079,149.1467,-0.0389,-0.0022,0.0458,-0.0104,-0.0536,52.0241,0.0269,-0.0125,0.0048,0.4419,0.0794,0.8478,sell
2022-02-11,142.5428,5455500,150.0080,151.2306,141.7833,-0.0481,-0.0443,-0.0298,-0.0553,-0.0963,43.6058,0.0304,-0.0170,0.0009,0.0722,0.5756,1.3117,hold
2022-02-14,142.6169,4501500,143.4875,145.4974,140.3384,0.0005,-0.0425,-0.0609,-0.0489,-0.0930,48.3230,0.0277,-0.0199,-0.0015,0.0976,-0.1749,1.0615,buy
2022-02-15,150.0821,4909600,145.6641,150.3600,145.5067,0.0523,-0.0067,-0.0201,0.0029,-0.0434,51.9763,0.0331,-0.0168,0.0005,0.5723,0.0907,1.1476,buy
2022-02-16,155.9172,5825200,149.9432,156.4266,149.6468,0.0389,0.0008,-0.0034,0.0423,-0.0047,61.7421,0.0349,-0.0114,0.0042,0.9020,0.1865,1.3292,sell
2022-02-17,148.5909,4702700,153.8703,153.9999,148.4983,-0.0470,-0.0077,-0.0098,-0.0057,-0.0485,51.4418,0.0357,-0.0119,0.0036,0.4583,-0.1927,1.0648,hold
2022-02-18,148.5261,3921600,149.2207,150.6934,146.8682,-0.0004,0.0420,-0.0042,-0.0058,-0.0460,46.8417,0.0357,-0.0117,0.0030,0.4519,-0.1661,0.9046,hold
2022-02-22,149.0077,4269500,147.1738,150.8601,146.6088,0.0032,0.0448,0.0004,-0.0026,-0.0403,46.0103,0.0357,-0.0111,0.0028,0.4826,0.0887,1.0128,sell
2022-02-23,144.9417,5087000,150.1099,151.4343,144.6453,-0.0273,-0.0343,-0.0407,-0.0258,-0.0635,39.1281,0.0363,-0.0131,0.0010,0.2322,0.1915,1.1923,buy
2022-02-24,148.7204,4152200,143.6387,148.9159,141.4980,0.0261,-0.0462,-0.0454,0.0044,-0.0370,48.6649,0.0358,-0.0119,0.0015,0.4605,-0.1838,0.9929,buy
2022-02-25,150.8890,2741600,148.8042,150.9448,146.7473,0.0146,0.0155,0.0077,0.0183,-0.0214,51.6899,0.0340,-0.0098,0.0027,0.5743,-0.3397,0.6712,sell
2022-02-28,149.1858,3606900,150.1538,150.1538,146.3471,-0.0113,0.0044,0.0466,0.0023,-0.0303,50.2202,0.0298,-0.0091,0.0028,0.4550,0.3156,0.8856,sell
2022-03-01,146.0772,3761800,148.4784,149.6139,144.7742,-0.0208,-0.0197,0.0243,-0.0209,-0.0488,45.3596,0.0309,-0.0103,0.0015,0.2718,0.0429,0.9322,buy
2022-03-02,148.7483,2578700,146.5611,150.3399,146.2261,0.0183,0.0263,-0.0089,-0.0021,-0.0303,43.2223,0.0264,-0.0093,0.0018,0.4595,-0.3145,0.6427,hold
2022-03-03,148.2457,2656100,150.2747,150.4980,146.0957,-0.0034,-0.0032,-0.0492,-0.0003,-0.0326,48.3919,0.0224,-0.0089,0.0018,0.4479,0.0300,0.6633,sell
2022-03-04,145.9841,2778600,146.7566,148.2364,144.9603,-0.0153,-0.0325,-0.0175,-0.0138,-0.0457,54.1454,0.0175,-0.0098,0.0009,0.2975,0.0461,0.7087,sell
2022-03-07,136.1463,5701300,146.1423,146.4401,136.0812,-0.0674,-0.0874,-0.0834,-0.0725,-0.1073,43.6899,0.0272,-0.0168,-0.0043,-0.1766,1.0519,1.4445,buy
2022-03-08,138.2312,4745200,135.9043,142.1960,133.8847,0.0153,-0.0537,-0.0723,-0.0514,-0.0910,37.0880,0.0280,-0.0200,-0.0061,0.0267,-0.1677,1.1682,buy
2022-03-09,142.9778,3046300,142.4845,144.3181,140.8185,0.0343,-0.0388,-0.0135,-0.0175,-0.0574,35.5596,0.0298,-0.0191,-0.0046,0.2894,-0.3580,0.7511,sell
2022-03-10,140.1298,4035700,140.3997,141.2746,137.6076,-0.0199,-0.0547,-0.0578,-0.0313,-0.0736,39.5087,0.0287,-0.0207,-0.0047,0.1716,0.3248,0.9850,sell
2022-03-11,137.3749,3964300,142.5869,143.1268,137.0864,-0.0197,-0.0590,-0.0896,-0.0414,-0.0887,37.0378,0.0280,-0.0234,-0.0057,0.0878,-0.0177,0.9617,sell
2022-03-14,135.5414,3910500,137.3004,138.5290,133.8474,-0.0133,-0.0044,-0.0915,-0.0451,-0.0977,34.8237,0.0281,-0.0264,-0.0067,0.0546,-0.0136,0.9668,buy
2022-03-15,140.4649,3309900,137.1143,140.9675,136.2673,0.0363,0.0162,-0.0384,-0.0065,-0.0622,45.0505,0.0311,-0.0244,-0.0043,0.2850,-0.1536,0.8305,buy
2022-03-16,147.5849,4376200,142.4845,147.7524,141.9633,0.0507,0.0322,-0.0078,0.0447,-0.0125,48.8310,0.0350,-0.0183,0.0006,0.6096,0.3222,1.1055,hold
2022-03-17,148.8972,4272400,146.0027,148.9624,144.9696,0.0089,0.0626,0.0044,0.0535,-0.0019,47.9126,0.0351,-0.0134,0.0043,0.7041,-0.0237,1.1009,buy
2022-03-18,152.1269,9901900,147.5756,152.5829,146.2075,0.0217,0.1074,0.0421,0.0717,0.0209,52.9868,0.0352,-0.0076,0.0077,0.8430,1.3176,2.3913,hold
2022-03-21,152.8435,3258900,150.5912,153.3275,150.2840,0.0047,0.1277,0.1226,0.0642,0.0268,57.2223,0.0245,-0.0029,0.0099,0.8510,-0.6709,0.7934,hold
2022-03-22,153.3554,2568300,152.4433,154.9563,152.0989,0.0033,0.0918,0.1094,0.0567,0.0306,55.1552,0.0246,0.0011,0.0111,0.8490,-0.2119,0.6385,sell
2022-03-23,148.1154,3409900,152.0617,152.9273,147.7897,-0.0342,0.0036,0.0359,0.0170,-0.0033,49.8682,0.0268,0.0016,0.0095,0.6109,0.3277,0.8657,buy
2022-03-24,153.5322,3152200,149.6790,153.6253,148.7855,0.0366,0.0311,0.0956,0.0446,0.0342,57.1782,0.0272,0.0046,0.0098,0.8241,-0.0756,0.8106,hold
2022-03-25,154.1559,2236300,153.6253,154.4258,151.5777,0.0041,0.0133,0.1222,0.0370,0.0393,70.7663,0.0253,0.0073,0.0100,0.8329,-0.2906,0.5788,buy
2022-03-28,155.6729,2745200,152.8063,155.8498,152.0338,0.0098,0.0185,0.1485,0.0332,0.0498,70.3784,0.0237,0.0100,0.0101,0.8614,0.2276,0.7185,buy
2022-03-29,158.3906,3127700,157.3389,159.6750,156.1103,0.0175,0.0328,0.1276,0.0388,0.0682,68.9041,0.0225,0.0132,0.0107,0.9086,0.1393,0.8255,sell
2022-03-30,154.9470,2689100,157.0876,158.2231,154.2955,-0.0217,0.0461,0.0499,0.0114,0.0449,67.9118,0.0203,0.0143,0.0094,0.7665,-0.1402,0.7087,sell
2022-03-31,153.7370,3881500,155.3937,156.3058,153.6440,-0.0078,0.0013,0.0325,0.0003,0.0364,70.5470,0.0207,0.0143,0.0074,0.7110,0.4434,1.0067,hold
2022-04-01,153.9046,2941000,154.9656,155.5612,151.5684,0.0011,-0.0016,0.0117,0.0003,0.0365,74.0669,0.0196,0.0140,0.0058,0.6999,-0.2423,0.7612,hold
2022-04-04,153.1041,4159600,153.7277,154.4537,150.5167,-0.0052,-0.0165,0.0017,-0.0051,0.0304,68.5722,0.0197,0.0134,0.0041,0.6543,0.4143,1.0985,sell
2022-04-05,148.8972,7223600,151.2520,152.1827,145.0720,-0.0275,-0.0599,-0.0291,-0.0296,0.0022,52.1089,0.0215,0.0107,0.0009,0.4852,0.7366,1.8472,hold
2022-04-06,149.1765,6036000,146.5146,152.8993,146.3750,0.0019,-0.0372,0.0072,-0.0285,0.0034,50.4641,0.0185,0.0084,-0.0011,0.4836,-0.1644,1.4867,buy
2022-04-07,150.0793,3161800,148.2364,151.6243,148.1154,0.0061,-0.0238,-0.0225,-0.0204,0.0092,46.3112,0.0139,0.0069,-0.0020,0.4993,-0.4762,0.7872,sell
2022-04-08,147.7431,3025000,149.3440,149.8559,147.4267,-0.0156,-0.0400,-0.0416,-0.0316,-0.0072,41.3182,0.0143,0.0046,-0.0036,0.3641,-0.0433,0.7621,sell
2022-04-11,144.1599,3693700,146.7473,147.1382,143.9737,-0.0243,-0.0584,-0.0740,-0.0479,-0.0309,35.8290,0.0146,0.0006,-0.0062,0.0933,0.2211,0.9331,hold
2022-04-12,144.7276,2580000,146.4308,148.5063,144.2529,0.0039,-0.0280,-0.0863,-0.0355,-0.0261,43.9008,0.0125,-0.0022,-0.0072,0.0648,-0.3015,0.6578,buy
2022-04-13,147.1661,2335200,145.8631,147.9479,144.4577,0.0168,-0.0135,-0.0502,-0.0141,-0.0089,37.1622,0.0140,-0.0030,-0.0063,0.2304,-0.0949,0.6113,sell
2022-04-14,145.6583,5228700,147.3987,148.7855,145.4628,-0.0102,-0.0295,-0.0525,-0.0189,-0.0176,33.4541,0.0141,-0.0045,-0.0063,0.1568,1.2391,1.3519,buy
2022-04-18,149.2323,2728500,145.4536,150.0793,145.3512,0.0245,0.0101,-0.0304,0.0084,0.0066,38.3893,0.0169,-0.0035,-0.0042,0.3928,-0.4782,0.7775,buy
2022-04-19,151.0751,2674700,149.2323,151.5219,147.6222,0.0123,0.0480,-0.0133,0.0222,0.0187,36.3826,0.0175,-0.0018,-0.0020,0.5149,-0.0197,0.7686,sell
2022-04-20,150.2002,2582400,153.0669,154.0907,149.4184,-0.0058,0.0378,0.0088,0.0154,0.0127,40.2299,0.0151,-0.0009,-0.0009,0.4689,-0.0345,0.7419,sell
2022-04-21,147.7152,3555000,151.2427,153.2717,147.0265,-0.0165,0.0037,-0.0098,-0.0004,-0.0036,38.2236,0.0161,-0.0016,-0.0013,0.3112,0.3766,1.0192,sell
2022-04-22,144.4949,2640400,147.0358,148.5715,144.4204,-0.0218,-0.0080,-0.0372,-0.0185,-0.0239,33.5610,0.0171,-0.0039,-0.0028,0.1492,-0.2573,0.7626,buy
2022-04-25,147.9107,4487500,143.5084,148.1247,143.1081,0.0236,-0.0089,0.0011,0.0046,-0.0005,41.6866,0.0185,-0.0037,-0.0021,0.3755,0.6996,1.2553,sell
2022-04-26,142.2240,3661200,146.0585,146.4215,142.1588,-0.0384,-0.0586,-0.0134,-0.0328,-0.0389,39.8009,0.0210,-0.0068,-0.0042,0.0732,-0.1841,1.0112,sell
2022-04-27,141.2095,3077300,139.6086,144.9417,139.3108,-0.0071,-0.0599,-0.0243,-0.0374,-0.0456,38.0913,0.0210,-0.0098,-0.0057,0.0381,-0.1595,0.8505,buy
2022-04-28,149.3347,4156000,143.4525,151.0286,143.0802,0.0575,0.0110,0.0147,0.0165,0.0094,49.0847,0.0279,-0.0069,-0.0024,0.5875,0.3505,1.1258,sell
2022-04-29,143.6852,4835800,147.0916,148.6552,143.5549,-0.0378,-0.0056,-0.0135,-0.0206,-0.0272,45.3872,0.0305,-0.0084,-0.0030,0.2159,0.1636,1.2933,buy
2022-05-02,147.1941,2865900,144.5787,147.5570,142.2054,0.0244,-0.0048,-0.0137,0.0047,-0.0032,53.4549,0.0305,-0.0071,-0.0014,0.4955,-0.4074,0.7672,hold
2022-05-03,147.8642,2441900,146.9427,148.6460,145.6676,0.0046,0.0397,-0.0213,0.0115,0.0014,53.5631,0.0302,-0.0057,-0.0001,0.5790,-0.1479,0.6691,buy
2022-05-04,153.3554,3940400,147.6873,153.4950,143.5735,0.0371,0.0860,0.0210,0.0468,0.0380,56.5750,0.0325,-0.0016,0.0030,0.9959,0.6137,1.1306,sell
2022-05-05,147.2778,3961500,150.7959,152.0524,145.6676,-0.0396,-0.0138,-0.0030,0.0056,-0.0035,51.5682,0.0348,-0.0018,0.0025,0.5133,0.0054,1.1715,sell
2022-05-06,145.3139,2710400,145.7048,147.7710,143.6572,-0.0133,0.0113,0.0057,-0.0083,-0.0163,46.0837,0.0343,-0.0029,0.0011,0.3700,-0.3158,0.8069,sell
2022-05-09,141.7027,4123100,143.5176,145.2209,141.2653,-0.0249,-0.0373,-0.0420,-0.0289,-0.0395,40.9524,0.0341,-0.0059,-0.0014,0.1206,0.5212,1.2077,buy
2022-05-10,144.4670,3157800,145.1371,147.5291,142.0750,0.0195,-0.0230,0.0158,-0.0115,-0.0202,44.6602,0.0325,-0.0065,-0.0016,0.3341,-0.2341,0.9323,sell
2022-05-11,141.4608,3861700,142.8010,146.4122,141.2374,-0.0208,-0.0776,0.0018,-0.0322,-0.0400,44.2308,0.0332,-0.0087,-0.0030,0.1324,0.2229,1.1189,hold
2022-05-12,142.2984,3117700,140.5766,143.0337,139.5807,0.0059,-0.0338,-0.0471,-0.0217,-0.0334,47.8808,0.0268,-0.0098,-0.0033,0.2221,-0.1927,0.8932,buy
2022-05-13,147.7431,4783200,144.2995,148.6366,143.2198,0.0383,0.0167,0.0282,0.0129,0.0036,49.8445,0.0270,-0.0072,-0.0008,0.6037,0.5342,1.3792,sell
2022-05-16,146.5332,2328400,146.3377,148.1526,144.8020,-0.0082,0.0341,-0.0045,0.0050,-0.0047,54.3638,0.0261,-0.0061,0.0003,0.5276,-0.5132,0.6753,buy
2022-05-17,152.4898,4952200,149.8373,152.9924,149.4929,0.0407,0.0555,0.0313,0.0426,0.0335,60.3838,0.0292,-0.0018,0.0035,0.9400,1.1269,1.3903,sell
2022-05-18,148.8414,5684400,154.8074,154.8074,148.2085,-0.0239,0.0522,-0.0294,0.0208,0.0073,49.5051,0.0277,-0.0005,0.0039,0.6922,0.1479,1.5293,hold
2022-05-19,149.7907,3812600,149.7069,152.7969,148.0596,0.0064,0.0527,0.0171,0.0255,0.0128,56.7629,0.0245,0.0011,0.0044,0.7472,-0.3293,1.0222,buy
2022-05-20,151.1868,3977400,152.2665,153.7184,145.8631,0.0093,0.0233,0.0404,0.0309,0.0207,54.6398,0.0240,0.0030,0.0050,0.8096,0.0432,1.0476,hold
2022-05-23,150.3585,2291100,150.4236,152.1734,148.8042,-0.0055,0.0261,0.0611,0.0193,0.0133,52.8880,0.0221,0.0041,0.0049,0.7400,-0.4240,0.6214,hold
2022-05-24,150.6377,3172000,148.8042,151.9407,147.8083,0.0019,-0.0121,0.0427,0.0169,0.0132,46.4216,0.0216,0.0050,0.0046,0.7343,0.3845,0.8661,hold
2022-05-25,151.0751,2500300,149.3533,151.9314,148.3016,0.0029,0.0150,0.0680,0.0133,0.0147,55.8722,0.0197,0.0058,0.0044,0.7420,-0.2118,0.6881,buy
2022-05-26,152.6387,3820100,151.1124,154.3978,150.2282,0.0103,0.0190,0.0727,0.0167,0.0245,61.4690,0.0198,0.0072,0.0046,0.8259,0.5279,1.0562,buy
2022-05-27,156.6688,4942300,154.7426,157.2392,153.5083,0.0264,0.0363,0.0604,0.0374,0.0504,73.1302,0.0180,0.0101,0.0061,1.0044,0.2938,1.3644,hold
2022-05-31,157.4637,5102500,156.0611,158.5764,152.9660,0.0051,0.0473,0.0746,0.0352,0.0550,71.3884,0.0173,0.0127,0.0070,0.9692,0.0324,1.3665,sell
2022-06-01,154.0694,3283600,158.1930,158.3146,152.7136,-0.0216,0.0228,0.0104,0.0118,0.0321,70.4882,0.0150,0.0133,0.0059,0.7574,-0.3565,0.8696,buy
2022-06-02,158.2491,2637700,153.8263,158.4081,153.0502,0.0271,0.0475,0.0632,0.0329,0.0594,73.3795,0.0142,0.0151,0.0063,0.9364,-0.1967,0.7108,sell
2022-06-03,154.5089,2539100,155.7712,156.1359,154.1068,-0.0236,0.0123,0.0315,0.0054,0.0335,60.4383,0.0170,0.0150,0.0049,0.7274,-0.0374,0.6976,hold
2022-06-06,154.5369,2273800,156.4818,157.8657,153.8730,0.0002,-0.0136,0.0222,0.0034,0.0335,62.8158,0.0169,0.0146,0.0035,0.7068,-0.1045,0.6285,buy
2022-06-07,156.1078,2108000,153.1063,156.4725,152.2647,0.0102,-0.0086,0.0382,0.0098,0.0437,56.7398,0.0168,0.0147,0.0030,0.7629,-0.0729,0.5993,sell
2022-06-08,154.2938,2928800,155.0886,157.0523,153.2840,-0.0116,0.0015,0.0243,-0.0043,0.0318,60.9022,0.0175,0.0140,0.0017,0.6495,0.3894,0.8354,sell
2022-06-09,151.1146,3144800,153.3401,156.1826,151.0211,-0.0206,-0.0451,0.0003,-0.0248,0.0115,52.4305,0.0190,0.0118,-0.0006,0.4418,0.0738,0.9063,sell
2022-06-10,146.7292,3369800,148.0663,149.7775,146.6263,-0.0290,-0.0504,-0.0387,-0.0495,-0.0167,42.6260,0.0207,0.0075,-0.0042,0.1003,0.0715,0.9676,sell
2022-06-13,138.1734,5861600,143.2788,144.4009,137.7620,-0.0583,-0.1059,-0.1181,-0.0941,-0.0721,33.9470,0.0240,-0.0008,-0.0106,-0.2410,0.7395,1.6574,hold
2022-06-14,137.6124,2765000,139.5199,140.3895,136.5651,-0.0041,-0.1185,-0.1261,-0.0859,-0.0739,32.9665,0.0235,-0.0081,-0.0143,-0.1265,-0.5283,0.7770,buy
2022-06-15,140.3334,3263200,139.4825,142.5682,137.2009,0.0198,-0.0905,-0.0892,-0.0592,-0.0539,36.7445,0.0254,-0.0119,-0.0144,0.0664,0.1802,0.9393,sell
2022-06-16,134.1433,4722800,136.8550,136.8550,132.4883,-0.0441,-0.1123,-0.1523,-0.0859,-0.0939,29.5153,0.0241,-0.0192,-0.0175,-0.0625,0.4473,1.3786,buy
2022-06-17,135.2373,6723900,134.6669,136.0508,132.5817,0.0082,-0.0783,-0.1247,-0.0662,-0.0848,24.6123,0.0251,-0.0235,-0.0174,0.0492,0.4237,1.8827,buy
2022-06-21,138.7158,3085600,137.7620,140.5298,137.7246,0.0257,0.0039,-0.1024,-0.0316,-0.0598,29.1189,0.0277,-0.0240,-0.0144,0.1941,-0.5411,0.8749,hold
2022-06-22,138.0612,3720400,137.4067,139.3049,136.3875,-0.0047,0.0033,-0.1156,-0.0239,-0.0630,31.0115,0.0269,-0.0251,-0.0124,0.2046,0.2057,1.0339,sell
2022-06-23,136.0883,2946000,139.3423,139.5199,134.5922,-0.0143,-0.0303,-0.1180,-0.0253,-0.0754,22.2612,0.0269,-0.0271,-0.0114,0.1821,-0.2081,0.8213,buy
2022-06-24,139.9687,5108900,138.0051,140.3054,137.6404,0.0285,0.0434,-0.0738,0.0106,-0.0484,31.8638,0.0295,-0.0251,-0.0078,0.3101,0.7342,1.3743,hold
2022-06-27,140.8103,2048300,141.2872,142.4373,139.8285,0.0060,0.0412,-0.0403,0.0210,-0.0418,33.2190,0.0287,-0.0232,-0.0048,0.3500,-0.5991,0.5645,sell
2022-06-28,138.8466,2786500,141.5770,143.2134,138.7344,-0.0139,0.0009,0.0049,0.0063,-0.0543,29.0987,0.0220,-0.0230,-0.0035,0.3152,0.3604,0.7914,sell
2022-06-29,137.7059,2586600,137.3693,137.9303,135.3496,-0.0082,-0.0026,0.0007,-0.0021,-0.0606,29.5810,0.0221,-0.0231,-0.0028,0.3029,-0.0717,0.7618,sell
2022-06-30,136.6025,4158000,136.0041,139.5293,133.9937,-0.0080,0.0038,-0.0266,-0.0074,-0.0663,31.1742,0.0211,-0.0237,-0.0026,0.2918,0.6075,1.2091,sell
2022-07-01,133.6290,3175000,134.5921,135.6768,131.3942,-0.0218,-0.0453,-0.0038,-0.0286,-0.0845,32.3596,0.0170,-0.0260,-0.0035,0.2206,-0.2364,0.9161,hold
2022-07-05,133.7786,3792500,130.8145,133.8721,129.5054,0.0011,-0.0499,-0.0108,-0.0265,-0.0818,42.3502,0.0168,-0.0270,-0.0036,0.2473,0.1945,1.0748,buy
2022-07-06,135.3028,2708600,134.3116,136.4342,132.8062,0.0114,-0.0255,-0.0246,-0.0130,-0.0701,46.1102,0.0147,-0.0263,-0.0025,0.3172,-0.2858,0.7629,buy
2022-07-07,138.9214,2742600,138.1173,139.9593,137.6778,0.0267,0.0088,0.0062,0.0128,-0.0441,47.6918,0.0173,-0.0229,0.0002,0.4826,0.0126,0.7657,buy
2022-07-08,140.2025,1997900,137.8274,140.7635,136.2565,0.0092,0.0264,0.0302,0.0191,-0.0350,61.7989,0.0166,-0.0196,0.0026,0.5951,-0.2715,0.5651,sell
2022-07-11,137.9771,2684900,138.5568,139.5667,136.7615,-0.0159,0.0325,-0.0142,0.0044,-0.0499,55.1100,0.0149,-0.0186,0.0032,0.5029,0.3439,0.7644,hold
2022-07-12,138.4352,2305800,138.8186,140.4269,137.8274,0.0033,0.0348,-0.0169,0.0094,-0.0453,49.4103,0.0148,-0.0169,0.0038,0.6029,-0.1412,0.6666,buy
2022-07-13,139.5012,2306900,136.0415,140.2306,135.7610,0.0077,0.0310,0.0047,0.0167,-0.0374,52.9753,0.0144,-0.0148,0.0046,0.7123,0.0005,0.7030,buy
2022-07-14,143.3536,3794000,139.0898,144.1484,137.6591,0.0276,0.0319,0.0410,0.0405,-0.0103,63.9297,0.0163,-0.0106,0.0067,1.0284,0.6446,1.1383,buy
2022-07-15,147.7110,3736600,143.8492,148.0009,143.3723,0.0304,0.0536,0.0813,0.0636,0.0198,64.5775,0.0176,-0.0048,0.0095,1.2027,-0.0151,1.1132,sell
2022-07-18,145.1676,2930000,148.5245,149.0388,144.3448,-0.0172,0.0521,0.0863,0.0367,0.0034,57.7101,0.0167,-0.0020,0.0101,0.9477,-0.2159,0.8969,buy
2022-07-19,150.9650,3582000,146.7386,151.4793,146.6451,0.0399,0.0905,0.1285,0.0650,0.0429,68.8812,0.0192,0.0034,0.0120,1.1507,0.2225,1.1518,buy
2022-07-20,152.5266,3126000,149.2819,153.0876,148.4497,0.0103,0.0934,0.1273,0.0631,0.0527,72.7926,0.0192,0.0083,0.0134,1.0852,-0.1273,1.0045,buy
2022-07-21,154.4621,2990800,153.7047,154.5089,151.7411,0.0127,0.0775,0.1119,0.0650,0.0642,76.7807,0.0185,0.0129,0.0144,1.0492,-0.0433,0.9725,sell
2022-07-22,152.6668,2944900,154.9016,154.9016,151.7692,-0.0116,0.0336,0.0889,0.0437,0.0506,79.5931,0.0198,0.0157,0.0137,0.9143,-0.0153,0.9576,hold
2022-07-25,152.4518,3085800,152.3676,152.5546,149.8617,-0.0014,0.0502,0.1049,0.0320,0.0475,78.9673,0.0183,0.0175,0.0124,0.8602,0.0478,1.0375,sell
2022-07-26,151.2736,3151300,152.9286,153.6019,150.7873,-0.0077,0.0020,0.0927,0.0152,0.0382,75.0440,0.0191,0.0182,0.0105,0.7877,0.0212,1.0403,buy
2022-07-27,157.3982,4672500,152.6575,158.6138,152.6575,0.0405,0.0319,0.1283,0.0438,0.0788,76.8625,0.0215,0.0208,0.0107,0.9333,0.4827,1.4959,buy
2022-07-28,158.6512,3880200,157.7535,159.8480,156.4351,0.0080,0.0271,0.1067,0.0415,0.0855,76.8436,0.0208,0.0236,0.0109,0.9130,-0.1696,1.2170,buy
2022-07-29,160.7924,4744400,157.4636,161.5031,156.8185,0.0135,0.0532,0.0886,0.0466,0.0989,83.2787,0.0197,0.0264,0.0111,0.9181,0.2227,1.4745,hold
2022-08-01,160.3250,2277100,159.6237,161.1758,158.4361,-0.0029,0.0516,0.1044,0.0333,0.0940,81.9199,0.0180,0.0284,0.0104,0.8659,-0.5200,0.7177,hold
2022-08-02,159.6797,2179600,159.2216,161.3254,158.5951,-0.0040,0.0556,0.0577,0.0234,0.0882,79.7902,0.0151,0.0294,0.0091,0.8189,-0.0428,0.7049,buy
2022-08-03,164.9067,2766400,159.8948,165.4865,159.8948,0.0327,0.0477,0.0812,0.0486,0.1217,80.5784,0.0173,0.0313,0.0093,0.9253,0.2692,0.8938,hold
2022-08-04,165.4678,2395100,164.9161,166.3935,163.7659,0.0034,0.0430,0.0713,0.0449,0.1232,78.2337,0.0173,0.0333,0.0091,0.8942,-0.1342,0.7782,hold
2022-08-05,165.7389,2495300,163.4012,165.9914,162.7935,0.0016,0.0308,0.0856,0.0380,0.1227,85.2564,0.0162,0.0347,0.0084,0.8614,0.0418,0.8043,sell
2022-08-08,164.4392,2308600,164.7758,166.2064,162.4943,-0.0078,0.0257,0.0786,0.0222,0.1119,77.3020,0.0167,0.0351,0.0069,0.8004,-0.0748,0.7487,sell
2022-08-09,159.3057,3717700,162.1483,162.5971,158.0621,-0.0312,-0.0023,0.0531,-0.0146,0.0762,61.9994,0.0204,0.0333,0.0034,0.6300,0.6104,1.1786,buy
2022-08-10,163.7099,3213500,162.4382,163.9156,160.1005,0.0276,-0.0073,0.0401,0.0087,0.1049,65.0534,0.0182,0.0320,0.0023,0.7608,-0.1356,1.0043,hold
2022-08-11,163.2142,2709900,164.7197,166.7020,162.9150,-0.0030,-0.0136,0.0288,0.0028,0.1007,67.9275,0.0183,0.0311,0.0011,0.7263,-0.1567,0.8615,buy
2022-08-12,167.6184,3198300,163.8501,168.0859,163.8501,0.0270,0.0113,0.0425,0.0256,0.1284,72.5654,0.0196,0.0313,0.0016,0.8660,0.1802,1.0256,hold
2022-08-15,168.2075,2798500,166.8236,168.3197,165.9072,0.0035,0.0229,0.0492,0.0242,0.1308,75.6444,0.0194,0.0319,0.0019,0.8730,-0.1250,0.8993,hold
2022-08-16,167.4126,3138200,167.6745,168.0578,165.3275,-0.0047,0.0509,0.0484,0.0146,0.1235,68.0850,0.0195,0.0319,0.0014,0.8098,0.1214,1.0157,sell
2022-08-17,159.0813,6158600,162.7000,162.7187,156.2481,-0.0498,-0.0283,-0.0353,-0.0325,0.0670,50.6186,0.0235,0.0289,-0.0026,0.4164,0.9625,1.9000,hold
2022-08-18,159.0813,4513300,156.8371,161.2787,155.1634,0.0000,-0.0253,-0.0386,-0.0287,0.0665,47.3775,0.0234,0.0249,-0.0053,0.4017,-0.2672,1.3605,sell
2022-08-19,157.0896,3396500,157.4917,157.9311,156.1732,-0.0125,-0.0628,-0.0522,-0.0358,0.0528,45.2628,0.0234,0.0207,-0.0079,0.2794,-0.2474,1.0169,sell
2022-08-22,153.1998,3731100,154.4341,155.4813,152.3489,-0.0248,-0.0892,-0.0683,-0.0531,0.0264,41.3353,0.0243,0.0154,-0.0112,0.0668,0.0985,1.1064,hold
2022-08-23,153.7328,2128300,152.8631,155.4907,152.8631,0.0035,-0.0817,-0.0350,-0.0465,0.0290,32.9139,0.0228,0.0108,-0.0125,0.0653,-0.4296,0.6408,hold
2022-08-24,153.0221,3253100,153.1717,154.1442,151.7037,-0.0046,-0.0381,-0.0653,-0.0446,0.0223,31.0560,0.0201,0.0069,-0.0132,0.0675,0.5285,1.0009,buy
2022-08-25,156.2200,2981700,153.6206,156.3883,153.5177,0.0209,-0.0180,-0.0429,-0.0204,0.0410,36.6963,0.0219,0.0052,-0.0116,0.2476,-0.0834,0.9303,sell
2022-08-26,148.3655,4238300,156.0049,156.6034,148.2159,-0.0503,-0.0555,-0.1149,-0.0582,-0.0124,31.0139,0.0233,-0.0001,-0.0142,-0.0390,0.4214,1.3328,sell
2022-08-29,145.8099,3353300,147.3414,148.3092,144.8516,-0.0172,-0.0482,-0.1332,-0.0611,-0.0309,33.0251,0.0226,-0.0059,-0.0162,-0.0357,-0.2088,1.0370,sell
2022-08-30,143.4986,3670100,146.6931,146.8153,142.3618,-0.0159,-0.0666,-0.1428,-0.0615,-0.0473,23.1658,0.0224,-0.0119,-0.0179,-0.0180,0.0945,1.1094,sell
2022-08-31,142.3712,3535300,144.1845,144.1845,141.2531,-0.0079,-0.0696,-0.1050,-0.0586,-0.0552,22.7836,0.0188,-0.0171,-0.0185,0.0276,-0.0367,1.0563,hold
2022-09-01,141.5820,3783900,139.9847,141.9108,137.6828,-0.0055,-0.0937,-0.1100,-0.0529,-0.0609,12.4581,0.0186,-0.0214,-0.0183,0.0690,0.0703,1.1076,sell
2022-09-02,139.6464,2787500,142.4933,143.9872,138.9136,-0.0137,-0.0588,-0.1110,-0.0548,-0.0742,10.3571,0.0186,-0.0260,-0.0183,0.0754,-0.2633,0.8125,hold
2022-09-06,139.2706,2480300,139.6277,140.9994,137.6734,-0.0027,-0.0448,-0.0909,-0.0484,-0.0766,10.4790,0.0181,-0.0293,-0.0173,0.1159,-0.1102,0.7211,buy
2022-09-07,141.5914,2496600,140.5391,142.6343,139.2613,0.0167,-0.0133,-0.0790,-0.0244,-0.0613,20.4494,0.0196,-0.0297,-0.0143,0.2083,0.0066,0.7390,buy
2022-09-08,142.9349,2457600,140.5390,143.6020,139.8531,0.0095,0.0040,-0.0659,-0.0083,-0.0529,23.9041,0.0204,-0.0290,-0.0110,0.2665,-0.0156,0.7357,buy
2022-09-09,144.8610,2620300,143.2732,145.8194,143.2732,0.0135,0.0232,-0.0727,0.0131,-0.0411,30.1942,0.0194,-0.0270,-0.0073,0.3347,0.0662,0.7855,buy
2022-09-12,146.2421,3866800,146.0448,146.4300,144.4006,0.0095,0.0472,-0.0143,0.0242,-0.0331,37.7344,0.0127,-0.0243,-0.0039,0.3896,0.4757,1.1476,sell
2022-09-13,139.2894,4202100,141.8732,143.0007,138.8666,-0.0475,0.0001,-0.0447,-0.0200,-0.0798,29.2375,0.0190,-0.0273,-0.0047,0.2091,0.0867,1.2217,buy
2022-09-14,141.1685,2272900,140.4826,142.1457,139.0451,0.0135,-0.0030,-0.0162,-0.0051,-0.0683,33.5141,0.0193,-0.0269,-0.0037,0.2760,-0.4591,0.6692,sell
2022-09-15,138.9324,3142400,140.6518,141.6477,138.1056,-0.0158,-0.0280,-0.0242,-0.0185,-0.0835,25.2955,0.0197,-0.0283,-0.0037,0.2186,0.3826,0.9682,buy
2022-09-16,140.2854,4592400,137.8613,140.4451,136.3956,0.0097,-0.0316,-0.0092,-0.0080,-0.0747,35.8180,0.0200,-0.0276,-0.0027,0.2861,0.4614,1.4133,hold
2022-09-19,140.5672,2398200,139.1203,141.3001,138.9324,0.0020,-0.0388,0.0066,-0.0067,-0.0729,39.9999,0.0195,-0.0268,-0.0015,0.3144,-0.4778,0.7495,hold
2022-09-20,140.7269,2574300,139.7122,141.4128,139.2988,0.0011,0.0103,0.0105,-0.0066,-0.0722,44.2405,0.0195,-0.0258,-0.0004,0.3406,0.0734,0.8194,sell
2022-09-21,139.4680,3315600,140.8961,144.6919,139.3740,-0.0089,-0.0120,-0.0150,-0.0140,-0.0806,44.0000,0.0189,-0.0257,-0.0001,0.2963,0.2880,1.0358,sell
2022-09-22,136.5553,3355700,139.0451,139.3646,135.4842,-0.0209,-0.0171,-0.0446,-0.0302,-0.0995,40.4498,0.0194,-0.0274,-0.0010,0.1583,0.0121,1.0466,sell
2022-09-23,133.3420,4839300,135.1178,135.6533,131.6226,-0.0235,-0.0495,-0.0795,-0.0452,-0.1195,38.5768,0.0192,-0.0305,-0.0028,-0.0816,0.4421,1.4668,sell
2022-09-26,132.3085,4502400,134.0467,135.0520,132.1206,-0.0078,-0.0588,-0.0953,-0.0431,-0.1246,37.6787,0.0181,-0.0330,-0.0040,-0.0746,-0.0696,1.3593,buy
2022-09-27,133.2387,2964300,134.0655,135.2305,131.4159,0.0070,-0.0532,-0.0434,-0.0321,-0.1170,34.4525,0.0130,-0.0336,-0.0039,0.0501,-0.3416,0.9002,buy
2022-09-28,135.8413,3307000,132.3367,136.5647,131.4629,0.0195,-0.0260,-0.0377,-0.0094,-0.0979,37.3873,0.0140,-0.0317,-0.0020,0.2521,0.1156,1.0098,sell
2022-09-29,133.4078,3453500,134.2628,134.2628,131.4629,-0.0179,-0.0230,-0.0398,-0.0232,-0.1119,29.9966,0.0142,-0.0323,-0.0017,0.1352,0.0443,1.0559,sell
2022-09-30,130.9180,3525900,132.3461,134.0091,130.8240,-0.0187,-0.0182,-0.0668,-0.0348,-0.1257,24.2338,0.0140,-0.0342,-0.0023,0.0500,0.0210,1.0823,buy
2022-10-03,136.3580,4708300,132.7407,137.7485,131.3971,0.0416,0.0306,-0.0299,0.0084,-0.0874,44.8069,0.0208,-0.0301,0.0003,0.3818,0.3353,1.4039,buy
2022-10-04,141.7322,4181800,139.2894,142.5778,139.0639,0.0394,0.0637,0.0071,0.0474,-0.0500,50.8886,0.0247,-0.0236,0.0045,0.6882,-0.1118,1.2160,hold
2022-10-05,142.7094,3052000,140.0880,143.7147,139.8437,0.0069,0.0506,0.0232,0.0521,-0.0424,56.1998,0.0245,-0.0185,0.0076,0.7389,-0.2702,0.8804,hold
2022-10-06,141.8450,2286500,142.1833,144.3349,141.6101,-0.0061,0.0632,0.0387,0.0417,-0.0462,52.6019,0.0234,-0.0150,0.0090,0.6947,-0.2508,0.6612,sell
2022-10-07,136.1607,4351100,138.7445,139.6465,135.4185,-0.0401,0.0400,0.0211,-0.0021,-0.0816,43.7717,0.0260,-0.0157,0.0074,0.3834,0.9030,1.2275,sell
2022-10-10,132.3837,3828700,136.3674,136.6868,130.5140,-0.0277,-0.0291,0.0006,-0.0299,-0.1037,39.3012,0.0276,-0.0184,0.0043,0.1693,-0.1201,1.0807,sell
2022-10-11,130.4106,4735300,131.2186,132.5434,128.6818,-0.0149,-0.0799,-0.0212,-0.0423,-0.1135,38.5944,0.0278,-0.0215,0.0013,0.0971,0.2368,1.3266,hold
2022-10-12,130.2133,2541100,130.6267,131.8575,130.0348,-0.0015,-0.0876,-0.0414,-0.0398,-0.1112,41.4275,0.0268,-0.0235,-0.0006,0.1310,-0.4634,0.7093,buy
2022-10-13,134.1218,5040500,126.5584,135.2399,125.4121,0.0300,-0.0544,0.0054,-0.0115,-0.0807,51.0346,0.0283,-0.0218,0.0003,0.3792,0.9836,1.3706,sell
2022-10-14,128.4657,4970400,135.8788,136.1889,128.2496,-0.0422,-0.0565,-0.0187,-0.0515,-0.1150,45.4586,0.0310,-0.0252,-0.0016,0.0952,-0.0139,1.3446,buy
2022-10-17,130.7112,5039800,131.5850,132.7407,129.4241,0.0175,-0.0126,-0.0414,-0.0309,-0.0951,47.1032,0.0280,-0.0250,-0.0015,0.2495,0.0140,1.3163,buy
2022-10-18,132.5716,3280300,135.8976,136.4332,130.9179,0.0142,0.0166,-0.0646,-0.0104,-0.0782,46.1875,0.0246,-0.0234,-0.0002,0.3753,-0.3491,0.8489,hold
2022-10-19,132.7877,2465400,132.2521,134.3285,130.8428,0.0016,0.0198,-0.0695,-0.0013,-0.0733,49.2375,0.0244,-0.0220,0.0010,0.4052,-0.2484,0.6451,hold
2022-10-20,133.4924,3341100,133.8306,137.8801,132.7125,0.0053,-0.0047,-0.0589,0.0103,-0.0644,53.3108,0.0247,-0.0201,0.0022,0.4585,0.3552,0.8745,buy
2022-10-21,137.7297,3612400,133.3514,138.5096,132.4306,0.0317,0.0721,0.0115,0.0411,-0.0312,51.8204,0.0240,-0.0155,0.0049,0.7078,0.0812,0.9609,sell
2022-10-24,135.7942,3334500,136.2170,138.0022,133.7742,-0.0141,0.0389,0.0258,0.0239,-0.0406,41.3282,0.0225,-0.0135,0.0057,0.5777,-0.0769,0.9010,buy
2022-10-25,137.5231,3644800,136.2922,138.5942,135.6815,0.0127,0.0373,0.0545,0.0314,-0.0241,42.5886,0.0218,-0.0105,0.0068,0.6701,0.0931,0.9758,sell
2022-10-26,132.8346,6726400,134.1406,136.8465,132.0454,-0.0341,0.0004,0.0201,-0.0058,-0.0527,38.3926,0.0252,-0.0112,0.0054,0.3912,0.8455,1.7221,hold
2022-10-27,132.1770,4666400,133.8776,134.6856,131.5757,-0.0050,-0.0099,-0.0145,-0.0092,-0.0538,44.1045,0.0232,-0.0118,0.0039,0.3557,-0.3063,1.1764,buy
2022-10-28,136.1231,3482000,132.9474,137.1660,132.6186,0.0299,-0.0117,0.0596,0.0145,-0.0223,55.5064,0.0201,-0.0095,0.0046,0.5817,-0.2538,0.8783,sell
2022-10-31,133.9997,3078300,135.1177,135.1835,132.1018,-0.0156,-0.0132,0.0252,-0.0037,-0.0344,55.2616,0.0207,-0.0092,0.0041,0.4570,-0.1159,0.7928,buy
2022-11-01,135.9540,2322800,136.3392,137.0909,134.6574,0.0146,-0.0114,0.0255,0.0082,-0.0179,58.0036,0.0207,-0.0074,0.0045,0.6057,-0.2454,0.6129,sell
2022-11-02,132.7031,3327700,136.6492,138.8760,132.4964,-0.0239,-0.0010,-0.0006,-0.0158,-0.0384,47.9851,0.0224,-0.0082,0.0032,0.4042,0.4326,0.8748,sell
2022-11-03,129.6777,3706400,130.9743,132.4870,129.4616,-0.0228,-0.0189,-0.0286,-0.0355,-0.0572,51.8604,0.0234,-0.0106,0.0009,0.1580,0.1138,0.9565,buy
2022-11-04,135.5688,5004300,133.7179,136.6117,132.5810,0.0454,-0.0041,-0.0157,0.0099,-0.0114,56.7056,0.0259,-0.0082,0.0022,0.7208,0.3502,1.2807,buy
2022-11-07,139.9283,3981600,136.9969,140.1726,135.1836,0.0322,0.0442,0.0304,0.0392,0.0217,59.5001,0.0274,-0.0040,0.0049,1.0250,-0.2044,1.0170,buy
2022-11-08,141.9108,4968300,142.0047,146.1952,140.9618,0.0142,0.0438,0.0319,0.0505,0.0368,61.2671,0.0275,0.0004,0.0073,1.0632,0.2478,1.2653,sell
2022-11-09,139.2706,3696300,140.1256,141.7229,138.6693,-0.0186,0.0495,0.0485,0.0261,0.0181,56.8106,0.0255,0.0023,0.0075,0.8328,-0.2560,0.9277,buy
2022-11-10,150.6769,5617300,146.4864,151.0433,145.1617,0.0819,0.1619,0.1400,0.0952,0.1002,63.0542,0.0348,0.0095,0.0114,1.2635,0.5197,1.3997,buy
2022-11-11,154.1438,3211500,149.7655,154.9236,149.6809,0.0230,0.1370,0.1324,0.1059,0.1234,67.9470,0.0345,0.0166,0.0148,1.1980,-0.4283,0.8181,sell
2022-11-14,151.5131,4269700,153.2606,156.7276,151.1279,-0.0171,0.0828,0.1307,0.0735,0.1023,63.4459,0.0347,0.0212,0.0155,0.9992,0.3295,1.0985,buy
2022-11-15,155.1867,4158100,157.3383,157.7141,152.7345,0.0242,0.0936,0.1415,0.0848,0.1264,71.9101,0.0349,0.0256,0.0160,1.0236,-0.0261,1.0578,sell
2022-11-16,151.5225,3859000,152.1050,152.3117,150.5453,-0.0236,0.0880,0.1418,0.0454,0.0983,67.9075,0.0348,0.0279,0.0145,0.8594,-0.0719,0.9646,hold
2022-11-17,151.7104,2835400,148.8729,151.9171,148.5346,0.0012,0.0069,0.1699,0.0310,0.0982,65.5076,0.0328,0.0290,0.0125,0.8265,-0.2653,0.7133,hold
2022-11-18,152.0674,4016500,153.6740,153.9747,151.2406,0.0024,-0.0135,0.1217,0.0220,0.0997,68.6302,0.0313,0.0297,0.0106,0.8037,0.4166,1.0053,sell
2022-11-21,149.6152,6276300,151.4191,152.2177,149.5306,-0.0161,-0.0125,0.0692,-0.0010,0.0814,63.9433,0.0316,0.0291,0.0077,0.7115,0.5626,1.5151,buy
2022-11-22,158.2497,5739900,155.1961,158.6443,152.8754,0.0577,0.0197,0.1151,0.0453,0.1407,73.4924,0.0354,0.0308,0.0085,0.9000,-0.0855,1.3515,hold
2022-11-23,158.9731,3851800,159.1141,162.8253,157.5638,0.0046,0.0492,0.1415,0.0366,0.1430,78.1307,0.0340,0.0332,0.0088,0.8729,-0.3289,0.9387,sell
2022-11-25,156.9907,1698600,158.8228,159.2550,156.8873,-0.0125,0.0348,0.0419,0.0194,0.1258,72.2396,0.0248,0.0342,0.0076,0.7920,-0.5590,0.4295,sell
2022-11-28,154.0968,3910900,154.9237,157.1880,152.7157,-0.0184,0.0133,-0.0003,0.0007,0.1029,65.1711,0.0248,0.0335,0.0051,0.6954,1.3024,0.9835,hold
2022-11-29,153.9841,2685800,154.8015,155.0364,152.5936,-0.0007,0.0292,0.0163,-0.0017,0.0999,63.4668,0.0241,0.0320,0.0029,0.6727,-0.3133,0.6788,buy
2022-11-30,161.5193,5396300,154.6136,161.7824,152.8660,0.0489,0.0207,0.0408,0.0429,0.1503,72.3735,0.0276,0.0327,0.0040,0.8420,1.0092,1.3128,hold
2022-12-01,161.1153,3222200,162.7408,162.7408,159.4993,-0.0025,0.0135,0.0633,0.0339,0.1439,63.4798,0.0260,0.0340,0.0041,0.8078,-0.4029,0.7849,sell
2022-12-02,159.1429,3055200,157.7934,159.2939,155.9437,-0.0122,0.0137,0.0490,0.0164,0.1263,56.7148,0.0267,0.0340,0.0030,0.7452,-0.0518,0.7502,hold
2022-12-05,158.3974,2615800,158.4162,159.3977,157.3970,-0.0047,0.0279,0.0416,0.0076,0.1171,59.7403,0.0268,0.0330,0.0015,0.7081,-0.1438,0.6617,hold
2022-12-06,157.1422,3572100,158.3124,158.9730,156.0003,-0.0079,0.0205,0.0503,-0.0052,0.1044,52.9699,0.0263,0.0314,-0.0003,0.6424,0.3656,0.9083,hold
2022-12-07,156.6703,1881600,156.9346,159.0014,155.7266,-0.0030,-0.0300,-0.0100,-0.0072,0.0974,58.6582,0.0187,0.0294,-0.0019,0.6025,-0.4733,0.4980,buy
2022-12-08,160.1055,2836300,157.6707,160.2471,156.5854,0.0219,-0.0063,0.0071,0.0139,0.1177,62.7293,0.0200,0.0285,-0.0017,0.8028,0.5074,0.7593,hold
2022-12-09,159.1901,2514900,158.9919,160.7756,158.4540,-0.0057,0.0003,0.0140,0.0067,0.1073,60.6201,0.0196,0.0277,-0.0021,0.7186,-0.1133,0.7024,buy
2022-12-12,162.5687,2966800,159.6525,162.6442,158.3030,0.0212,0.0263,0.0550,0.0226,0.1259,68.7948,0.0192,0.0278,-0.0012,0.8978,0.1797,0.8315,buy
2022-12-13,165.6170,4778100,167.9952,169.8261,163.9088,0.0188,0.0539,0.0755,0.0342,0.1423,62.7576,0.0194,0.0289,0.0004,1.0083,0.6105,1.3296,sell
2022-12-14,162.0213,3202500,165.9756,166.9005,160.5396,-0.0217,0.0342,0.0031,0.0114,0.1144,54.8008,0.0150,0.0287,-0.0003,0.7640,-0.3298,0.9032,sell
2022-12-15,156.7458,3985000,159.6998,160.2188,156.1796,-0.0326,-0.0210,-0.0271,-0.0189,0.0761,49.6506,0.0183,0.0260,-0.0032,0.4346,0.2443,1.1219,hold
2022-12-16,157.4347,7411900,155.9814,157.8405,154.8395,0.0044,-0.0110,-0.0107,-0.0135,0.0785,55.0829,0.0181,0.0231,-0.0048,0.4569,0.8599,1.9603,sell
2022-12-19,155.8493,2621800,158.0199,158.0671,154.5375,-0.0101,-0.0413,-0.0161,-0.0219,0.0647,52.7183,0.0183,0.0200,-0.0065,0.3281,-0.6463,0.7065,hold
2022-12-20,155.0848,2102300,154.5092,156.4816,154.3582,-0.0049,-0.0636,-0.0131,-0.0254,0.0562,38.3164,0.0182,0.0169,-0.0078,0.2103,-0.1981,0.6002,buy
2022-12-21,157.9916,2181400,156.0758,158.3974,155.9248,0.0187,-0.0249,0.0084,-0.0080,0.0720,44.8005,0.0192,0.0154,-0.0071,0.4548,0.0376,0.6561,sell
2022-12-22,154.5375,2972000,155.5567,155.5567,151.9988,-0.0219,-0.0141,-0.0348,-0.0263,0.0451,42.6946,0.0189,0.0128,-0.0081,0.1973,0.3624,0.9059,hold
2022-12-23,154.6224,1498300,153.5466,154.8867,152.1781,0.0005,-0.0179,-0.0287,-0.0229,0.0428,43.8838,0.0190,0.0104,-0.0084,0.2222,-0.4959,0.4581,sell
2022-12-27,153.0747,1932000,154.3676,154.4903,152.0838,-0.0100,-0.0178,-0.0584,-0.0268,0.0290,43.4717,0.0170,0.0077,-0.0091,0.1148,0.2895,0.6092,sell
2022-12-28,151.2627,1499900,152.4141,154.3676,151.0551,-0.0118,-0.0246,-0.0867,-0.0295,0.0140,41.6788,0.0147,0.0045,-0.0100,0.0208,-0.2237,0.4819,buy
2022-12-29,154.7545,2148900,153.4333,155.5095,152.4141,0.0231,-0.0205,-0.0449,-0.0025,0.0343,41.7802,0.0170,0.0037,-0.0084,0.2912,0.4327,0.7285,hold
2022-12-30,154.8017,1619400,153.2257,154.9244,151.7157,0.0003,0.0017,-0.0124,-0.0009,0.0316,43.0741,0.0139,0.0030,-0.0072,0.3149,-0.2464,0.5643,sell
2023-01-03,153.3106,4475700,156.2551,156.8496,152.3574,-0.0096,-0.0085,-0.0262,-0.0079,0.0190,34.4631,0.0140,0.0018,-0.0069,0.2345,1.7638,1.5219,buy
2023-01-04,156.5760,3477900,156.0758,158.1615,154.5469,0.0213,0.0229,0.0047,0.0128,0.0381,34.9371,0.0155,0.0024,-0.0049,0.4721,-0.2229,1.1655,sell
2023-01-05,150.7059,4750300,155.2169,156.3117,150.6021,-0.0375,-0.0037,-0.0282,-0.0224,-0.0028,32.4759,0.0197,-0.0001,-0.0061,0.1075,0.3659,1.5611,buy
2023-01-06,156.2079,3483400,152.6594,157.3687,150.9324,0.0365,0.0094,-0.0113,0.0144,0.0310,49.1727,0.0224,0.0007,-0.0041,0.4726,-0.2667,1.1154,buy
2023-01-09,157.6990,3734100,157.9727,160.3509,156.3589,0.0095,0.0187,0.0205,0.0220,0.0375,50.3966,0.0213,0.0021,-0.0021,0.5807,0.0720,1.1788,buy
2023-01-10,159.6997,2351900,157.1328,160.1999,157.1328,0.0127,0.0417,0.0328,0.0316,0.0468,55.7079,0.0216,0.0041,-0.0000,0.7127,-0.3702,0.7443,hold
2023-01-11,160.2377,3068900,158.2842,160.5586,157.8972,0.0034,0.0234,0.0468,0.0303,0.0471,57.6902,0.0211,0.0060,0.0015,0.7686,0.3049,0.9697,sell
2023-01-12,159.1807,2478100,160.4547,161.0399,157.7557,-0.0066,0.0562,0.0523,0.0183,0.0367,51.8784,0.0207,0.0068,0.0018,0.7647,-0.1925,0.8125,hold
2023-01-13,159.4733,1891200,158.0765,159.8979,157.0573,0.0018,0.0209,0.0305,0.0171,0.0355,58.6618,0.0197,0.0076,0.0021,0.8259,-0.2368,0.6337,sell
2023-01-17,157.5197,3320200,158.4634,159.6525,156.7081,-0.0123,-0.0011,0.0176,0.0029,0.0195,54.7714,0.0203,0.0071,0.0013,0.6401,0.7556,1.1251,hold
2023-01-18,156.6609,2627700,159.0486,159.8507,156.5665,-0.0055,-0.0190,0.0219,-0.0047,0.0104,56.0432,0.0201,0.0063,0.0003,0.5648,-0.2086,0.9690,sell
2023-01-19,153.9523,3082500,156.2456,156.3211,152.9803,-0.0173,-0.0392,-0.0168,-0.0202,-0.0094,54.3995,0.0197,0.0042,-0.0015,0.3247,0.1731,1.1271,buy
2023-01-20,155.8776,3841900,154.6035,155.9436,151.9799,0.0125,-0.0208,0.0343,-0.0112,0.0009,51.9362,0.0155,0.0034,-0.0018,0.4973,0.2464,1.3615,buy
2023-01-23,160.1150,3521900,157.1705,160.6718,156.3023,0.0272,0.0040,0.0250,0.0131,0.0257,58.0040,0.0134,0.0048,-0.0002,0.8599,-0.0833,1.2192,sell
2023-01-24,159.3600,2407100,158.4634,160.4642,157.9444,-0.0047,0.0117,0.0105,0.0073,0.0183,59.3195,0.0133,0.0055,0.0004,0.7658,-0.3165,0.8415,hold
2023-01-25,158.9731,2739800,157.2460,159.2373,154.9716,-0.0024,0.0148,-0.0046,0.0053,0.0147,54.0523,0.0127,0.0059,0.0006,0.7116,0.1382,0.9374,buy
2023-01-26,161.1342,3539900,160.3792,161.3324,157.4725,0.0136,0.0466,0.0056,0.0184,0.0276,70.1568,0.0135,0.0070,0.0015,0.8530,0.2920,1.1788,hold
2023-01-27,161.2192,2453400,159.5582,162.3516,158.9259,0.0005,0.0343,0.0128,0.0176,0.0269,62.2519,0.0132,0.0080,0.0019,0.8364,-0.3069,0.8042,sell
2023-01-30,159.4260,3135600,159.5865,161.5211,158.8692,-0.0111,-0.0043,-0.0003,0.0063,0.0149,54.1609,0.0138,0.0078,0.0014,0.6611,0.2781,1.0115,buy
2023-01-31,161.8232,2549400,159.4261,161.8704,159.3977,0.0150,0.0155,0.0273,0.0187,0.0288,55.0201,0.0138,0.0086,0.0018,0.8341,-0.1869,0.8102,buy
2023-02-01,166.6551,4200300,161.6910,168.4671,161.5967,0.0299,0.0483,0.0638,0.0425,0.0575,62.6112,0.0158,0.0113,0.0037,1.1125,0.6476,1.3408,buy
2023-02-02,169.2126,4206200,167.8536,169.9204,166.2776,0.0153,0.0501,0.0991,0.0485,0.0714,68.6164,0.0136,0.0144,0.0056,1.1222,0.0014,1.3272,hold
2023-02-03,168.7596,4005700,166.9759,171.1378,166.3059,-0.0027,0.0468,0.0826,0.0374,0.0660,67.1309,0.0141,0.0167,0.0063,1.0367,-0.0477,1.2790,sell
2023-02-06,167.5611,2916600,167.0326,169.2315,166.4475,-0.0071,0.0510,0.0465,0.0254,0.0572,69.0545,0.0131,0.0178,0.0059,0.9053,-0.2719,0.9397,buy
2023-02-07,170.8359,3531600,168.3538,171.6286,167.0515,0.0195,0.0557,0.0720,0.0381,0.0762,74.6391,0.0134,0.0196,0.0063,1.0014,0.2109,1.1416,sell
2023-02-08,167.7593,3520600,168.5992,169.7506,167.4196,-0.0180,0.0066,0.0553,0.0140,0.0554,73.6962,0.0154,0.0199,0.0051,0.8046,-0.0031,1.1170,hold
2023-02-09,168.4765,2983300,170.5811,171.9778,167.3440,0.0043,-0.0044,0.0456,0.0139,0.0580,72.5584,0.0151,0.0199,0.0041,0.8073,-0.1526,0.9478,hold
2023-02-10,168.4199,4003300,167.1741,168.9484,166.1643,-0.0003,-0.0020,0.0447,0.0091,0.0557,67.4881,0.0151,0.0198,0.0032,0.7750,0.3419,1.2418,buy
2023-02-13,170.2979,3975500,169.2881,171.4116,168.8823,0.0112,0.0163,0.0682,0.0138,0.0663,71.9925,0.0142,0.0201,0.0029,0.8258,-0.0069,1.1945,buy
2023-02-14,172.2703,3784200,168.9956,172.8272,168.4859,0.0116,0.0084,0.0646,0.0192,0.0772,75.1338,0.0140,0.0209,0.0032,0.8699,-0.0481,1.1292,buy
2023-02-15,185.1429,7456000,183.4065,185.3600,180.3488,0.0747,0.1036,0.1109,0.0835,0.1539,82.3007,0.0251,0.0256,0.0073,1.1963,0.9703,2.0753,sell
2023-02-16,182.9252,4481700,183.6141,185.2562,182.1041,-0.0120,0.0858,0.0810,0.0620,0.1366,77.6177,0.0261,0.0295,0.0088,1.0307,-0.3989,1.2236,hold
2023-02-17,181.8682,3774900,182.2268,183.4631,180.5941,-0.0058,0.0798,0.0777,0.0479,0.1266,79.0994,0.0262,0.0317,0.0087,0.9387,-0.1577,1.0316,sell
2023-02-21,175.5074,5117800,179.9052,180.4243,175.0449,-0.0350,0.0306,0.0474,0.0066,0.0847,66.0897,0.0293,0.0312,0.0059,0.7132,0.3557,1.3687,sell
2023-02-22,173.4217,3512600,176.1775,176.1775,172.5535,-0.0119,0.0067,0.0151,-0.0068,0.0700,58.5054,0.0292,0.0290,0.0027,0.6280,-0.3137,0.9257,buy
2023-02-23,175.2054,4501800,176.4606,176.9230,172.8366,0.0103,-0.0537,0.0444,-0.0008,0.0789,57.6821,0.0285,0.0272,0.0009,0.6680,0.2816,1.1595,sell
2023-02-24,173.4514,3177900,173.7737,174.3331,172.1904,-0.0100,-0.0518,0.0295,-0.0136,0.0666,55.8202,0.0288,0.0251,-0.0011,0.5892,-0.2941,0.8223,hold
2023-02-27,173.6694,2769500,175.9544,176.2578,173.4513,0.0013,-0.0451,0.0312,-0.0153,0.0669,57.7664,0.0288,0.0231,-0.0025,0.5788,-0.1285,0.7137,hold
2023-02-28,173.9539,2644400,173.5082,175.9070,173.0721,0.0016,-0.0089,0.0215,-0.0158,0.0671,54.2907,0.0287,0.0213,-0.0034,0.5687,-0.0452,0.6858,hold
2023-03-01,173.6125,2600300,174.3236,175.9070,173.2238,-0.0020,0.0011,0.0078,-0.0184,0.0628,58.7102,0.0285,0.0196,-0.0041,0.5316,-0.0167,0.6740,hold
2023-03-02,175.0158,2906400,171.7352,175.6984,169.9243,0.0081,-0.0011,-0.0547,-0.0048,0.0691,59.5364,0.0130,0.0185,-0.0040,0.5817,0.1177,0.7661,buy
2023-03-03,176.5897,3112400,175.6984,177.1112,173.4514,0.0090,0.0181,-0.0346,0.0078,0.0760,61.4094,0.0135,0.0181,-0.0033,0.6429,0.0709,0.8325,hold
2023-03-06,175.8975,2664100,177.6042,178.7799,175.4898,-0.0039,0.0128,-0.0328,0.0072,0.0691,58.0879,0.0135,0.0175,-0.0032,0.5926,-0.1440,0.7256,hold
2023-03-07,175.3476,2415100,176.3811,177.2439,173.9918,-0.0031,0.0080,-0.0009,0.0042,0.0635,54.6352,0.0076,0.0166,-0.0034,0.5467,-0.0935,0.6623,buy
2023-03-08,176.8931,3182000,176.7034,177.7274,175.5941,0.0088,0.0189,0.0200,0.0110,0.0700,31.1367,0.0069,0.0162,-0.0029,0.6153,0.3175,0.8768,sell
2023-03-09,174.0392,3627300,177.4145,178.9979,173.8685,-0.0161,-0.0056,-0.0067,-0.0046,0.0502,30.2565,0.0083,0.0147,-0.0037,0.4378,0.1399,0.9980,sell
2023-03-10,172.3325,3166800,175.1485,175.9544,171.9248,-0.0098,-0.0241,-0.0065,-0.0137,0.0375,29.4075,0.0082,0.0126,-0.0049,0.3165,-0.1270,0.8691,buy
2023-03-13,173.0815,3310200,170.4837,174.7408,169.7915,0.0043,-0.0160,-0.0034,-0.0091,0.0393,43.0854,0.0084,0.0109,-0.0052,0.3365,0.0453,0.9172,buy
2023-03-14,176.9025,4147400,175.3666,178.2773,174.4469,0.0221,0.0089,0.0170,0.0110,0.0594,59.0285,0.0110,0.0110,-0.0037,0.5739,0.2529,1.1464,sell
2023-03-15,173.4419,3972700,174.6744,175.8880,170.9862,-0.0196,-0.0195,-0.0010,-0.0086,0.0364,45.7919,0.0129,0.0098,-0.0042,0.3226,-0.0421,1.0953,buy
2023-03-16,176.9500,3753500,171.9154,177.5947,170.8535,0.0202,0.0167,0.0111,0.0103,0.0544,57.7035,0.0142,0.0100,-0.0030,0.6314,-0.0552,1.0905,hold
2023-03-17,176.2104,6216500,177.6705,179.0074,174.9020,-0.0042,0.0225,-0.0021,0.0063,0.0475,55.4694,0.0140,0.0099,-0.0025,0.6218,0.6562,1.7617,buy
2023-03-20,177.3577,3033500,176.4475,177.7938,175.5183,0.0065,0.0247,0.0083,0.0120,0.0510,57.0641,0.0141,0.0101,-0.0018,0.8897,-0.5120,0.8688,buy
2023-03-21,178.6281,3232700,179.0832,180.0693,176.3526,0.0072,0.0098,0.0187,0.0173,0.0557,60.0227,0.0142,0.0107,-0.0009,1.0035,0.0657,0.9515,sell
2023-03-22,176.9310,3481000,179.0643,181.5674,176.6845,-0.0095,0.0201,0.0002,0.0077,0.0433,53.7828,0.0144,0.0105,-0.0010,0.7364,0.0768,1.0251,buy
2023-03-23,179.6237,2658300,179.1686,182.5534,177.3576,0.0152,0.0151,0.0321,0.0197,0.0567,55.7388,0.0138,0.0111,-0.0001,1.0154,-0.2363,0.8047,sell
2023-03-24,177.9550,3401800,179.2918,179.5952,176.0302,-0.0093,0.0099,0.0326,0.0071,0.0447,53.7530,0.0138,0.0110,-0.0003,0.7773,0.2797,1.0262,sell
2023-03-27,175.1864,3616900,178.4859,178.5902,174.9115,-0.0156,-0.0122,0.0122,-0.0098,0.0265,49.7280,0.0150,0.0096,-0.0015,0.4220,0.0632,1.0774,sell
2023-03-28,174.0771,3319900,174.1909,174.4563,171.4982,-0.0063,-0.0255,-0.0160,-0.0145,0.0183,45.1770,0.0132,0.0078,-0.0027,0.2791,-0.0821,0.9791,buy
2023-03-29,179.3582,3577800,176.3905,180.4296,176.3905,0.0303,0.0137,0.0341,0.0120,0.0465,58.4108,0.0149,0.0084,-0.0014,0.9013,0.0777,1.0401,buy
2023-03-30,184.1368,4367100,181.3303,185.0091,180.9890,0.0266,0.0251,0.0406,0.0348,0.0710,67.0129,0.0159,0.0108,0.0010,1.2037,0.2206,1.2432,buy
2023-03-31,186.9907,3873000,183.4826,187.3130,183.2266,0.0155,0.0508,0.0612,0.0445,0.0834,68.8998,0.0159,0.0138,0.0033,1.1955,-0.1131,1.0907,hold
2023-04-03,186.0994,3120700,186.2796,187.4932,184.1842,-0.0048,0.0623,0.0493,0.0345,0.0745,63.5779,0.0163,0.0158,0.0042,1.0218,-0.1942,0.8732,sell
2023-04-04,184.9996,3633600,187.3130,187.9672,183.7386,-0.0059,0.0627,0.0357,0.0247,0.0651,68.3419,0.0166,0.0167,0.0040,0.8973,0.1644,0.9997,sell
2023-04-05,180.4960,3368300,184.2790,184.4212,179.2444,-0.0243,0.0063,0.0201,-0.0022,0.0366,55.4551,0.0185,0.0156,0.0021,0.6285,-0.0730,0.9244,sell
2023-04-06,177.4619,3010100,178.9505,179.9555,177.1301,-0.0168,-0.0362,-0.0120,-0.0178,0.0170,51.7983,0.0187,0.0132,-0.0005,0.4446,-0.1063,0.8331,buy
2023-04-10,181.0459,2573500,176.0018,181.2924,175.4140,0.0202,-0.0318,0.0174,0.0003,0.0352,54.9529,0.0196,0.0122,-0.0009,0.6351,-0.1450,0.7182,sell
2023-04-11,179.5857,2336400,182.2500,182.3448,179.2634,-0.0081,-0.0350,0.0251,-0.0101,0.0247,51.2795,0.0190,0.0110,-0.0018,0.5270,-0.0921,0.6610,sell
2023-04-12,177.5757,2085400,180.9037,180.9037,177.3197,-0.0112,-0.0401,0.0201,-0.0231,0.0111,50.8543,0.0193,0.0090,-0.0031,0.3933,-0.1074,0.6077,buy
2023-04-13,179.2919,2020200,177.5852,180.2400,176.5043,0.0097,-0.0067,-0.0004,-0.0136,0.0189,49.5487,0.0169,0.0080,-0.0032,0.4856,-0.0313,0.6059,hold
2023-04-14,178.7325,1988100,178.3722,181.1692,177.3387,-0.0031,0.0072,-0.0293,-0.0138,0.0143,51.0905,0.0141,0.0070,-0.0035,0.4394,-0.0159,0.6125,buy
2023-04-17,179.7375,2095000,177.9265,180.0978,177.6800,0.0056,-0.0072,-0.0388,-0.0042,0.0188,56.7152,0.0130,0.0064,-0.0031,0.4981,0.0538,0.6892,hold
2023-04-18,179.7469,1745500,181.0174,182.0035,178.6661,0.0001,0.0009,-0.0341,-0.0007,0.0176,58.6466,0.0130,0.0060,-0.0029,0.4900,-0.1668,0.5867,sell
2023-04-19,178.7704,1556000,178.1446,179.2255,177.8317,-0.0054,0.0067,-0.0337,-0.0026,0.0108,48.9681,0.0130,0.0052,-0.0030,0.4173,-0.1086,0.5381,sell
2023-04-20,177.2818,2807800,175.9449,179.4056,173.6031,-0.0083,-0.0112,-0.0178,-0.0092,0.0016,36.3944,0.0110,0.0038,-0.0035,0.3053,0.8045,0.9825,sell
2023-04-21,176.6750,1975300,176.5897,177.4904,175.0632,-0.0034,-0.0115,-0.0044,-0.0121,-0.0028,27.5207,0.0097,0.0024,-0.0040,0.2763,-0.2965,0.6996,buy
2023-04-24,177.2629,1782000,176.6750,177.6706,176.0777,0.0033,-0.0138,-0.0209,-0.0067,-0.0005,30.4858,0.0067,0.0015,-0.0039,0.3226,-0.0979,0.6497,sell
2023-04-25,171.7447,3474800,176.4759,176.4854,171.6783,-0.0311,-0.0445,-0.0437,-0.0334,-0.0320,25.5081,0.0113,-0.0017,-0.0058,-0.0166,0.9499,1.2702,hold
2023-04-26,171.2896,3603100,171.8300,173.0152,170.3320,-0.0026,-0.0418,-0.0354,-0.0326,-0.0346,29.9959,0.0111,-0.0045,-0.0069,-0.0034,0.0369,1.3104,sell
2023-04-27,168.4073,4621700,169.2701,169.6588,162.3582,-0.0168,-0.0501,-0.0607,-0.0429,-0.0505,30.1950,0.0107,-0.0081,-0.0084,-0.0533,0.2827,1.6495,buy
2023-04-28,170.5501,3167800,168.4262,170.8155,167.1273,0.0127,-0.0347,-0.0458,-0.0262,-0.0368,25.4981,0.0123,-0.0096,-0.0080,0.1105,-0.3146,1.1553,buy
2023-05-01,173.0721,2572800,171.3749,173.4418,171.2896,0.0148,-0.0236,-0.0371,-0.0081,-0.0215,35.5125,0.0134,-0.0095,-0.0063,0.2579,-0.1878,0.9611,buy
2023-05-02,174.1340,2710800,174.8735,176.9120,172.6739,0.0061,0.0139,-0.0312,0.0012,-0.0146,42.0080,0.0138,-0.0088,-0.0045,0.3334,0.0536,1.0205,sell
2023-05-03,172.9299,1788500,173.9064,175.5752,172.5885,-0.0069,0.0096,-0.0327,-0.0023,-0.0211,34.8669,0.0138,-0.0089,-0.0036,0.2765,-0.3402,0.6975,sell
2023-05-04,171.9249,2308200,172.5601,173.4798,171.1189,-0.0058,0.0209,-0.0302,-0.0051,-0.0267,34.1431,0.0137,-0.0093,-0.0032,0.2370,0.2906,0.9192,buy
2023-05-05,173.8780,3672100,171.2706,174.8830,170.2561,0.0114,0.0195,-0.0158,0.0079,-0.0154,36.9290,0.0144,-0.0084,-0.0019,0.3796,0.5909,1.4433,buy
2023-05-08,174.9494,1936900,174.2573,174.9968,172.3041,0.0062,0.0108,-0.0131,0.0154,-0.0096,39.7820,0.0146,-0.0072,-0.0006,0.4697,-0.4725,0.7709,sell
2023-05-09,170.3035,3353300,173.0626,173.2428,168.7960,-0.0266,-0.0220,-0.0084,-0.0107,-0.0355,34.4045,0.0136,-0.0086,-0.0014,0.1760,0.7313,1.3082,buy
2023-05-10,172.0197,3364700,172.2567,172.8350,170.2467,0.0101,-0.0053,0.0043,-0.0011,-0.0256,40.3880,0.0140,-0.0085,-0.0011,0.3160,0.0034,1.2807,sell
2023-05-11,171.2232,2252600,171.0431,171.6973,169.4692,-0.0046,-0.0041,0.0167,-0.0074,-0.0298,40.1101,0.0128,-0.0088,-0.0011,0.2823,-0.3305,0.8536,hold
2023-05-12,171.2043,1376800,172.0292,173.0816,169.5925,-0.0001,-0.0154,0.0038,-0.0079,-0.0295,38.7777,0.0122,-0.0090,-0.0010,0.3020,-0.3888,0.5279,buy
2023-05-15,174.8072,2435800,171.3085,175.1390,170.9293,0.0210,-0.0008,0.0100,0.0120,-0.0089,56.1059,0.0131,-0.0071,0.0005,0.5979,0.7692,0.9278,sell
2023-05-16,173.3091,2178800,174.1056,175.6510,173.1195,-0.0086,0.0176,-0.0047,0.0038,-0.0171,53.8657,0.0133,-0.0065,0.0010,0.5021,-0.1055,0.8231,buy
2023-05-17,178.2110,3002200,174.4564,178.8178,173.6504,0.0283,0.0360,0.0305,0.0290,0.0104,67.4192,0.0158,-0.0035,0.0030,0.9690,0.3779,1.1040,buy
2023-05-18,182.2879,2959000,179.1496,183.0275,178.5997,0.0229,0.0646,0.0603,0.0463,0.0329,69.5145,0.0166,0.0005,0.0055,1.1824,-0.0144,1.0851,sell
2023-05-19,180.6476,3598300,182.2879,182.6577,179.9176,-0.0090,0.0552,0.0389,0.0329,0.0228,62.9750,0.0171,0.0029,0.0064,0.9916,0.2161,1.2814,hold
2023-05-22,181.3872,2494400,180.0598,183.1223,179.6332,0.0041,0.0376,0.0368,0.0333,0.0260,62.5616,0.0171,0.0051,0.0068,0.9848,-0.3068,0.8772,sell
2023-05-23,178.1731,3864700,179.9461,180.4865,177.6800,-0.0177,0.0281,0.0462,0.0105,0.0072,58.4895,0.0155,0.0054,0.0057,0.7505,0.5494,1.3498,sell
2023-05-24,164.2165,10367100,162.6047,167.4686,160.9360,-0.0783,-0.0785,-0.0454,-0.0645,-0.0704,41.2070,0.0302,-0.0008,-0.0003,-0.0384,1.6825,3.2384,hold
2023-05-25,163.4485,9915900,157.8735,164.9181,153.5311,-0.0047,-0.1033,-0.0454,-0.0648,-0.0737,37.7723,0.0302,-0.0064,-0.0048,-0.0173,-0.0435,2.8609,buy
2023-05-26,167.3738,6794800,163.5339,168.5211,162.5952,0.0240,-0.0735,-0.0224,-0.0402,-0.0504,41.6753,0.0315,-0.0086,-0.0056,0.1995,-0.3148,1.8629,hold
2023-05-30,168.2271,5233100,168.8814,169.5640,165.7430,0.0051,-0.0726,-0.0376,-0.0317,-0.0447,47.5108,0.0306,-0.0099,-0.0055,0.2598,-0.2298,1.3843,hold
2023-05-31,168.4737,7035300,166.3024,170.6638,166.1507,0.0015,-0.0544,-0.0279,-0.0275,-0.0423,45.5938,0.0306,-0.0107,-0.0050,0.2893,0.3444,1.7603,buy
2023-06-01,171.0526,4361700,169.9243,172.7497,167.5350,0.0153,0.0416,-0.0402,-0.0086,-0.0268,49.7969,0.0294,-0.0098,-0.0034,0.4154,-0.3800,1.0573,hold
2023-06-02,171.2907,3697400,172.7293,173.3866,170.4524,0.0014,0.0480,-0.0603,-0.0008,-0.0248,50.1023,0.0280,-0.0090,-0.0021,0.4282,-0.1523,0.8814,sell
2023-06-05,166.6988,3311400,170.6905,170.8525,165.4413,-0.0268,-0.0040,-0.0772,-0.0196,-0.0496,40.6218,0.0288,-0.0107,-0.0029,0.2379,-0.1044,0.7928,buy
2023-06-06,169.5473,3487400,165.3937,170.2619,165.2032,0.0171,0.0078,-0.0653,0.0041,-0.0324,45.7809,0.0297,-0.0102,-0.0020,0.3797,0.0531,0.8197,buy
2023-06-07,171.8337,4060900,169.8331,174.6822,169.8331,0.0135,0.0199,-0.0356,0.0215,-0.0190,42.4016,0.0300,-0.0087,-0.0005,0.4800,0.1644,0.9467,hold
2023-06-08,173.0817,2995000,172.8531,173.9010,171.5289,0.0073,0.0119,0.0540,0.0235,-0.0117,38.2380,0.0142,-0.0068,0.0011,0.5345,-0.2625,0.7012,buy
2023-06-09,173.8249,3164500,174.5965,177.0925,172.5102,0.0043,0.0148,0.0635,0.0217,-0.0069,41.0786,0.0138,-0.0050,0.0023,0.5623,0.0566,0.7331,buy
2023-06-12,178.7788,3845700,176.2446,179.0646,175.9684,0.0285,0.0725,0.0681,0.0438,0.0221,46.9278,0.0145,-0.0012,0.0047,0.7625,0.2153,0.8661,buy
2023-06-13,183.2658,3827900,181.3319,183.4278,180.4555,0.0251,0.0809,0.0894,0.0607,0.0482,55.8236,0.0156,0.0036,0.0075,0.9093,-0.0046,0.8488,hold
2023-06-14,182.8085,4061300,183.5040,184.7901,180.8746,-0.0025,0.0639,0.0851,0.0493,0.0459,80.7547,0.0158,0.0071,0.0088,0.8504,0.0610,0.8821,sell
2023-06-15,180.6841,3414400,181.7511,182.8086,180.4840,-0.0116,0.0439,0.0563,0.0314,0.0343,77.2863,0.0168,0.0089,0.0085,0.7591,-0.1593,0.7383,sell
2023-06-16,179.4456,6889200,181.4748,182.7037,178.8645,-0.0069,0.0323,0.0476,0.0196,0.0273,70.8883,0.0172,0.0097,0.0074,0.7230,1.0177,1.4290,hold
2023-06-20,179.0836,2663500,178.1500,180.0553,176.6257,-0.0020,0.0017,0.0743,0.0104,0.0251,69.1103,0.0135,0.0100,0.0062,0.7146,-0.6134,0.5579,sell
2023-06-21,176.6638,2941300,177.2164,179.3504,176.5685,-0.0135,-0.0360,0.0420,-0.0072,0.0117,63.3922,0.0145,0.0092,0.0042,0.6332,0.1043,0.6132,hold
2023-06-22,177.3021,2973200,175.1777,177.5498,174.5584,0.0036,-0.0301,0.0318,-0.0067,0.0156,60.9115,0.0141,0.0086,0.0029,0.6619,0.0108,0.6257,hold
2023-06-23,177.1402,5021500,175.3872,178.2357,174.8347,-0.0009,-0.0196,0.0234,-0.0098,0.0148,60.2402,0.0141,0.0080,0.0018,0.6365,0.6889,1.1197,hold
2023-06-26,177.5212,3365800,178.9598,182.5609,177.4260,0.0022,-0.0107,0.0213,-0.0098,0.0171,72.2223,0.0141,0.0075,0.0011,0.6347,-0.3297,0.8096,buy
2023-06-27,183.2754,3631900,177.9595,183.4945,176.2542,0.0324,0.0234,0.0252,0.0198,0.0496,75.1835,0.0149,0.0094,0.0026,0.8693,0.0791,0.9082,sell
2023-06-28,180.9128,3836400,181.0271,182.1131,179.6457,-0.0129,0.0241,-0.0128,0.0080,0.0359,66.6086,0.0133,0.0101,0.0025,0.7341,0.0563,0.9764,hold
2023-06-29,180.5126,2623200,180.8175,181.6368,178.7216,-0.0022,0.0181,-0.0126,0.0070,0.0335,64.0288,0.0133,0.0102,0.0021,0.6944,-0.3162,0.7073,buy
2023-06-30,185.5904,3376000,181.9416,186.1144,181.7702,0.0281,0.0477,0.0272,0.0325,0.0618,69.0881,0.0156,0.0121,0.0034,0.9028,0.2870,0.9226,hold
2023-07-03,185.1331,1367600,184.7996,187.2480,183.1706,-0.0025,0.0429,0.0317,0.0267,0.0582,62.0701,0.0153,0.0135,0.0038,0.8419,-0.5949,0.3860,sell
2023-07-05,181.0080,2693700,183.3230,184.1995,180.8842,-0.0223,-0.0124,0.0107,0.0028,0.0341,45.6514,0.0173,0.0129,0.0024,0.6225,0.9697,0.7670,sell
2023-07-06,177.3783,4203800,178.0547,179.0646,175.8350,-0.0201,-0.0195,0.0040,-0.0177,0.0134,40.6802,0.0181,0.0107,-0.0000,0.3759,0.5606,1.1849,hold
2023-07-07,176.5400,3038000,177.5689,179.7314,176.4161,-0.0047,-0.0220,-0.0043,-0.0219,0.0080,42.5590,0.0181,0.0083,-0.0020,0.2850,-0.2773,0.8688,buy
2023-07-10,182.0083,3367200,177.1116,182.0464,176.9782,0.0310,-0.0193,0.0275,0.0056,0.0380,53.9947,0.0206,0.0085,-0.0012,0.6651,0.1084,0.9579,hold
2023-07-11,181.9130,2039700,182.5894,182.9800,178.7216,-0.0005,-0.0174,0.0247,0.0027,0.0358,54.4474,0.0206,0.0087,-0.0008,0.6397,-0.3942,0.5897,buy
2023-07-12,186.1525,3117600,184.2566,186.7717,183.4659,0.0233,0.0284,0.0157,0.0244,0.0581,64.1076,0.0193,0.0104,0.0009,0.9446,0.5285,0.9109,buy
2023-07-13,188.8866,3364400,187.3718,190.0012,186.6383,0.0147,0.0649,0.0441,0.0349,0.0717,66.2133,0.0190,0.0127,0.0027,1.0594,0.0792,0.9897,sell
2023-07-14,182.8848,2922100,188.0387,188.0483,182.4275,-0.0318,0.0359,0.0131,0.0007,0.0366,56.9104,0.0222,0.0124,0.0016,0.6335,-0.1315,0.8742,buy
2023-07-17,187.0670,3249100,181.5605,188.1911,181.5605,0.0229,0.0278,0.0080,0.0228,0.0586,60.5208,0.0215,0.0131,0.0021,0.8803,0.1119,0.9745,hold
2023-07-18,187.2004,3022900,185.6952,187.4957,184.6472,0.0007,0.0291,0.0112,0.0224,0.0576,54.9377,0.0215,0.0139,0.0023,0.8460,-0.0696,0.9624,hold
2023-07-19,186.5240,2040800,187.8387,188.0578,186.0667,-0.0036,0.0020,0.0305,0.0156,0.0522,57.3717,0.0200,0.0141,0.0019,0.7738,-0.3249,0.6562,sell
2023-07-20,180.6746,3991000,182.7990,184.7711,179.8267,-0.0314,-0.0435,0.0186,-0.0180,0.0186,50.1861,0.0217,0.0119,-0.0005,0.3962,0.9556,1.2621,buy
2023-07-21,182.8753,8748400,182.5799,184.4853,181.6939,0.0122,-0.0001,0.0359,-0.0094,0.0295,46.6589,0.0217,0.0105,-0.0014,0.5214,1.1920,2.5350,hold
2023-07-24,183.2658,2663500,182.3799,184.4472,181.6272,0.0021,-0.0203,0.0069,-0.0080,0.0304,47.6985,0.0195,0.0096,-0.0018,0.5289,-0.6955,0.7991,buy
2023-07-25,186.4001,2958700,183.8660,187.6291,183.8660,0.0171,-0.0043,0.0247,0.0065,0.0463,56.8127,0.0202,0.0100,-0.0010,0.7337,0.1108,0.8931,sell
2023-07-26,182.4561,2793200,182.8467,183.6945,180.9127,-0.0212,-0.0218,-0.0199,-0.0128,0.0228,56.3649,0.0200,0.0088,-0.0019,0.4386,-0.0559,0.8540,buy
2023-07-27,186.2001,3474600,186.2477,188.7247,184.5234,0.0205,0.0306,-0.0142,0.0089,0.0425,61.2867,0.0206,0.0090,-0.0012,0.7005,0.2439,1.0682,buy
2023-07-28,189.0295,2883900,188.9056,189.6011,186.9050,0.0152,0.0337,0.0336,0.0208,0.0565,58.7426,0.0181,0.0103,0.0002,0.8663,-0.1700,0.8831,buy
2023-07-31,190.0870,2091300,189.3344,190.6300,189.0391,0.0056,0.0372,0.0161,0.0249,0.0610,59.9398,0.0168,0.0117,0.0013,0.8979,-0.2748,0.6532,hold
2023-08-01,190.0394,1900300,188.2865,190.6015,187.5053,-0.0003,0.0195,0.0152,0.0231,0.0598,55.2632,0.0168,0.0127,0.0018,0.8568,-0.0913,0.5887,sell
2023-08-02,183.3516,3739700,188.7151,188.7818,182.7895,-0.0352,0.0049,-0.0170,-0.0113,0.0222,43.2300,0.0205,0.0109,-0.0003,0.4225,0.9680,1.1400,hold
2023-08-03,182.4275,3040100,181.6558,184.0947,179.9982,-0.0050,-0.0203,0.0097,-0.0172,0.0169,49.3614,0.0177,0.0086,-0.0021,0.3312,-0.1871,0.9434,sell
2023-08-04,179.4361,3632900,180.0553,181.2557,175.9970,-0.0164,-0.0508,-0.0188,-0.0315,0.0001,38.9761,0.0180,0.0055,-0.0043,0.0698,0.1950,1.1171,buy
2023-08-07,181.1033,2035200,181.6749,182.3132,179.9315,0.0093,-0.0473,-0.0118,-0.0213,0.0075,41.5657,0.0184,0.0035,-0.0049,0.2081,-0.4398,0.6389,sell
2023-08-08,177.7784,2939500,178.1500,178.4929,175.0538,-0.0184,-0.0645,-0.0463,-0.0348,-0.0126,38.7279,0.0179,0.0006,-0.0064,0.0154,0.4443,0.9099,sell
2023-08-09,176.0636,2341900,177.5879,178.6263,175.6635,-0.0096,-0.0397,-0.0350,-0.0408,-0.0231,43.3480,0.0170,-0.0026,-0.0077,-0.0037,-0.2033,0.7338,hold
2023-08-10,175.9684,2268000,178.1976,180.0077,175.4253,-0.0005,-0.0354,-0.0549,-0.0359,-0.0244,39.3913,0.0149,-0.0051,-0.0082,0.0564,-0.0316,0.7230,sell
2023-08-11,174.5394,2859400,174.3393,175.7207,173.4057,-0.0081,-0.0273,-0.0767,-0.0361,-0.0330,37.0108,0.0130,-0.0077,-0.0087,0.0452,0.2608,0.9125,buy
2023-08-14,176.6162,2057000,174.7013,176.8353,173.9106,0.0119,-0.0248,-0.0709,-0.0173,-0.0221,34.9634,0.0139,-0.0086,-0.0076,0.1906,-0.2806,0.6691,sell
2023-08-15,172.7388,1959500,174.3012,175.3872,172.4720,-0.0220,-0.0283,-0.0910,-0.0296,-0.0437,35.0352,0.0144,-0.0112,-0.0082,0.0590,-0.0474,0.6486,sell
2023-08-16,168.7852,4869000,171.8528,172.0910,167.4515,-0.0229,-0.0413,-0.0794,-0.0440,-0.0658,23.3528,0.0123,-0.0152,-0.0097,-0.0240,1.4848,1.5397,sell
2023-08-17,167.1847,2804100,169.3283,169.8332,166.3654,-0.0095,-0.0499,-0.0836,-0.0448,-0.0744,15.2682,0.0122,-0.0189,-0.0107,0.0020,-0.4241,0.9037,hold
2023-08-18,167.4324,2834600,165.6700,168.1469,165.2127,0.0015,-0.0407,-0.0669,-0.0368,-0.0726,13.0285,0.0123,-0.0213,-0.0104,0.0769,0.0109,1.0097,buy
2023-08-21,168.8329,3345900,167.7849,169.2520,165.9748,0.0084,-0.0441,-0.0678,-0.0218,-0.0644,16.8552,0.0121,-0.0221,-0.0091,0.1662,0.1804,1.1775,hold
2023-08-22,168.2993,4234700,170.5191,170.8906,167.0609,-0.0032,-0.0257,-0.0533,-0.0195,-0.0668,20.8701,0.0115,-0.0229,-0.0079,0.1841,0.2656,1.4576,buy
2023-08-23,169.0806,7413500,160.6304,170.3286,160.5637,0.0046,0.0017,-0.0397,-0.0109,-0.0615,24.0267,0.0118,-0.0228,-0.0063,0.2374,0.7507,2.3638,sell
2023-08-24,165.4699,6811300,168.4041,169.8141,164.7649,-0.0214,-0.0103,-0.0597,-0.0261,-0.0797,23.4612,0.0129,-0.0248,-0.0063,0.1601,-0.0812,2.0621,buy
2023-08-25,169.7283,4538700,165.1746,170.5286,165.1746,0.0257,0.0137,-0.0276,0.0018,-0.0546,30.3230,0.0163,-0.0230,-0.0040,0.3140,-0.3337,1.3405,buy
2023-08-28,171.7956,2851700,171.5670,172.5482,170.7572,0.0122,0.0175,-0.0273,0.0169,-0.0422,39.1799,0.0163,-0.0206,-0.0014,0.4035,-0.3717,0.8329,buy
2023-08-29,173.9201,3574800,170.2619,174.7585,169.6807,0.0124,0.0334,0.0068,0.0288,-0.0297,46.1800,0.0154,-0.0175,0.0011,0.5181,0.2536,1.0192,sell
2023-08-30,172.9770,3080900,173.0817,174.2440,171.8623,-0.0054,0.0230,0.0248,0.0207,-0.0343,44.8253,0.0132,-0.0156,0.0025,0.4984,-0.1382,0.8867,hold
2023-08-31,173.1770,3362800,172.9770,175.2539,172.2625,0.0012,0.0466,0.0358,0.0183,-0.0328,47.5387,0.0126,-0.0137,0.0035,0.5359,0.0915,0.9633,buy
2023-09-01,174.6224,1879000,174.7851,174.8234,172.9282,0.0083,0.0288,0.0429,0.0224,-0.0245,46.3138,0.0126,-0.0113,0.0046,0.6406,-0.4412,0.5521,sell
2023-09-05,173.7705,2488000,173.6556,175.5796,172.4974,-0.0049,0.0115,0.0292,0.0145,-0.0289,52.1477,0.0129,-0.0099,0.0049,0.6277,0.3241,0.7263,hold
2023-09-06,174.3831,3382500,173.7705,174.6607,171.0999,0.0035,0.0027,0.0361,0.0145,-0.0251,63.5363,0.0127,-0.0083,0.0051,0.6939,0.3595,0.9810,sell
2023-09-07,170.8223,5562200,172.2390,173.6461,170.0470,-0.0204,-0.0125,0.0103,-0.0072,-0.0437,58.0343,0.0148,-0.0088,0.0039,0.4468,0.6444,1.5413,sell
2023-09-08,169.8747,3182200,170.7649,171.2148,169.1472,-0.0055,-0.0191,0.0266,-0.0153,-0.0478,55.2325,0.0128,-0.0094,0.0027,0.3914,-0.4279,0.8707,hold
2023-09-11,170.0470,2768100,171.8561,172.2103,167.7880,0.0010,-0.0262,0.0019,-0.0144,-0.0457,52.7457,0.0099,-0.0097,0.0019,0.4215,-0.1301,0.7584,sell
2023-09-12,167.5583,2862900,168.9462,171.3488,167.5295,-0.0146,-0.0357,-0.0247,-0.0265,-0.0578,48.4602,0.0100,-0.0111,0.0005,0.2293,0.0342,0.7758,buy
2023-09-13,168.6303,2269400,168.3815,170.0183,167.7976,0.0064,-0.0330,-0.0304,-0.0172,-0.0500,49.0757,0.0091,-0.0114,0.0001,0.3447,-0.2073,0.6124,buy
2023-09-14,171.9805,4135400,170.6213,172.4017,167.7210,0.0199,0.0068,-0.0058,0.0029,-0.0301,63.5104,0.0116,-0.0098,0.0012,0.6381,0.8222,1.1271,sell
2023-09-15,170.5160,6062500,171.7317,171.8944,169.6258,-0.0085,0.0038,-0.0154,-0.0041,-0.0376,51.8489,0.0118,-0.0093,0.0014,0.4875,0.4660,1.5820,buy
2023-09-18,172.0284,2733700,170.4777,172.6410,169.8077,0.0089,0.0117,-0.0149,0.0062,-0.0286,50.5609,0.0119,-0.0080,0.0021,0.6149,-0.5491,0.7143,sell
2023-09-19,171.0999,2852700,170.5734,171.3583,168.6207,-0.0054,0.0211,-0.0154,0.0024,-0.0326,42.7872,0.0119,-0.0075,0.0022,0.5113,0.0435,0.7502,sell
2023-09-20,168.5442,2606500,171.3584,171.4158,168.4006,-0.0149,-0.0005,-0.0335,-0.0092,-0.0457,39.5269,0.0124,-0.0082,0.0013,0.2491,-0.0863,0.7005,sell
2023-09-21,166.4000,3780800,167.8933,169.0994,165.9789,-0.0127,-0.0324,-0.0259,-0.0193,-0.0557,35.3356,0.0115,-0.0098,-0.0001,0.0747,0.4505,1.0682,buy
2023-09-22,167.9699,2839700,167.5008,169.3100,166.8021,0.0094,-0.0149,-0.0112,-0.0089,-0.0445,35.6819,0.0120,-0.0099,-0.0003,0.1859,-0.2489,0.8500,hold
2023-09-25,167.9220,2300400,167.0318,168.0656,165.6534,-0.0003,-0.0239,-0.0125,-0.0079,-0.0431,36.9612,0.0120,-0.0100,-0.0003,0.2006,-0.1899,0.7125,sell
2023-09-26,164.9642,3492500,165.9406,166.3809,164.0836,-0.0176,-0.0359,-0.0155,-0.0239,-0.0576,30.9892,0.0124,-0.0116,-0.0014,0.0017,0.5182,1.0710,hold
2023-09-27,165.4141,2558400,165.5864,166.5532,163.3466,0.0027,-0.0186,-0.0191,-0.0194,-0.0527,37.5166,0.0122,-0.0123,-0.0017,0.0950,-0.2675,0.7970,buy
2023-09-28,168.8600,2781800,165.4141,170.0183,164.8876,0.0208,0.0148,-0.0181,0.0029,-0.0310,47.9001,0.0124,-0.0109,-0.0004,0.4061,0.0873,0.8707,sell
2023-09-29,167.5965,2703800,170.3437,170.9659,166.6776,-0.0075,-0.0022,-0.0171,-0.0029,-0.0368,45.1479,0.0123,-0.0105,0.0001,0.3157,-0.0280,0.8551,hold
2023-10-02,167.9220,1727200,167.5104,169.3291,166.2565,0.0019,0.0000,-0.0239,0.0015,-0.0333,50.7877,0.0118,-0.0098,0.0006,0.3633,-0.3612,0.5475,sell
2023-10-03,164.1698,3226100,166.3426,168.8505,163.1934,-0.0223,-0.0048,-0.0405,-0.0168,-0.0528,41.3448,0.0134,-0.0113,-0.0005,0.0460,0.8678,1.0109,buy
2023-10-04,166.3522,3601000,165.2035,166.8691,164.3708,0.0133,0.0057,-0.0130,-0.0024,-0.0380,38.5602,0.0138,-0.0109,-0.0002,0.2704,0.1162,1.1245,sell
2023-10-05,164.7345,2874600,166.7638,167.1562,162.6191,-0.0097,-0.0244,-0.0100,-0.0111,-0.0454,38.3217,0.0136,-0.0114,-0.0005,0.1367,-0.2017,0.9370,buy
2023-10-06,166.5245,3259900,163.4040,167.7880,162.8488,0.0109,-0.0064,-0.0086,0.0005,-0.0328,39.0057,0.0137,-0.0107,0.0001,0.3454,0.1340,1.0612,hold
2023-10-09,165.9023,2571900,165.4524,166.4575,164.0932,-0.0037,-0.0120,-0.0120,-0.0021,-0.0338,39.4890,0.0137,-0.0104,0.0003,0.2999,-0.2110,0.8399,buy
2023-10-10,168.4389,2924500,166.2182,169.9704,166.0459,0.0153,0.0260,0.0211,0.0111,-0.0166,49.7869,0.0133,-0.0087,0.0015,0.5691,0.1371,0.9541,sell
2023-10-11,167.4338,2466900,168.8217,169.5205,165.8257,-0.0060,0.0065,0.0122,0.0038,-0.0198,52.1933,0.0135,-0.0079,0.0019,0.4670,-0.1565,0.8022,sell
2023-10-12,166.1703,3569000,168.3623,168.6399,164.8493,-0.0075,0.0087,-0.0159,-0.0021,-0.0253,46.1316,0.0119,-0.0078,0.0017,0.3483,0.4468,1.1714,sell
2023-10-13,163.7486,2699900,166.5340,166.8021,162.7531,-0.0146,-0.0167,-0.0230,-0.0144,-0.0374,41.8596,0.0124,-0.0089,0.0006,0.1055,-0.2435,0.9379,buy
2023-10-16,165.3567,3258900,164.3803,166.3139,164.1602,0.0098,-0.0033,-0.0153,-0.0032,-0.0263,50.8081,0.0130,-0.0087,0.0006,0.3049,0.2070,1.1219,hold
2023-10-17,165.2227,2283600,162.2362,166.6202,161.5087,-0.0008,-0.0191,0.0064,-0.0046,-0.0253,49.6006,0.0107,-0.0085,0.0005,0.2951,-0.2993,0.7939,sell
2023-10-18,163.9400,3827200,163.3944,165.5577,162.4564,-0.0078,-0.0209,-0.0145,-0.0109,-0.0313,38.7181,0.0100,-0.0090,0.0001,0.1286,0.6760,1.3029,sell
2023-10-19,161.4992,3692800,165.5290,165.6247,161.0301,-0.0149,-0.0281,-0.0196,-0.0237,-0.0440,36.7346,0.0106,-0.0106,-0.0011,-0.0984,-0.0351,1.2591,sell
2023-10-20,159.3933,3399600,161.7863,162.4755,158.9052,-0.0130,-0.0266,-0.0428,-0.0323,-0.0547,32.7792,0.0101,-0.0128,-0.0025,-0.1622,-0.0794,1.1481,sell
2023-10-23,156.8568,2757500,158.4649,160.1495,156.6462,-0.0159,-0.0514,-0.0545,-0.0424,-0.0677,34.4714,0.0107,-0.0158,-0.0043,-0.1866,-0.1889,0.9241,buy
2023-10-24,157.8714,3206300,157.5746,158.2447,155.8804,0.0065,-0.0445,-0.0627,-0.0300,-0.0596,31.0521,0.0090,-0.0172,-0.0046,-0.0033,0.1628,1.0797,sell
2023-10-25,152.9513,5142300,155.0763,155.5358,152.1951,-0.0312,-0.0670,-0.0865,-0.0518,-0.0868,27.0592,0.0120,-0.0213,-0.0066,-0.1503,0.6038,1.6595,buy
2023-10-26,153.9756,3528300,153.9851,156.9142,153.8033,0.0067,-0.0466,-0.0734,-0.0381,-0.0790,24.8174,0.0129,-0.0232,-0.0069,-0.0002,-0.3139,1.1251,hold
2023-10-27,153.6980,2168900,154.5690,155.5358,152.9609,-0.0018,-0.0357,-0.0614,-0.0338,-0.0792,25.1655,0.0128,-0.0246,-0.0067,0.0555,-0.3853,0.6975,sell
2023-10-30,149.2087,4421400,150.8742,151.2571,148.3568,-0.0292,-0.0488,-0.0977,-0.0524,-0.1041,13.7495,0.0133,-0.0287,-0.0081,-0.0495,1.0385,1.3629,buy
2023-10-31,150.5966,3151800,149.8022,150.8934,148.5195,0.0093,-0.0461,-0.0885,-0.0346,-0.0938,18.7122,0.0144,-0.0299,-0.0076,0.0772,-0.2871,0.9727,buy
2023-11-01,152.4249,4324600,150.7211,152.6546,148.8162,0.0121,-0.0034,-0.0702,-0.0156,-0.0811,24.9825,0.0159,-0.0294,-0.0059,0.1874,0.3721,1.3199,buy
2023-11-02,157.3066,4105900,155.0476,158.1968,154.7222,0.0320,0.0216,-0.0260,0.0186,-0.0503,39.2388,0.0198,-0.0256,-0.0023,0.3950,-0.0506,1.2300,buy
2023-11-03,160.7334,3536600,158.8381,162.2075,158.8381,0.0218,0.0458,0.0084,0.0399,-0.0290,42.7193,0.0208,-0.0208,0.0016,0.5453,-0.1387,1.0551,hold
2023-11-06,160.3984,2132900,160.2740,161.6906,158.5031,-0.0021,0.0750,0.0226,0.0354,-0.0300,42.4506,0.0200,-0.0175,0.0040,0.5442,-0.3969,0.6405,hold
2023-11-07,160.9153,2537400,160.3984,161.8821,159.7954,0.0032,0.0685,0.0193,0.0367,-0.0256,45.1504,0.0199,-0.0143,0.0057,0.5879,0.1896,0.7664,hold
2023-11-08,161.6810,3452000,161.2886,163.2030,160.3314,0.0048,0.0607,0.0571,0.0358,-0.0195,50.3081,0.0162,-0.0113,0.0069,0.6445,0.3604,1.0274,sell
2023-11-09,159.9772,4211500,162.2266,163.3178,159.6422,-0.0105,0.0170,0.0390,0.0210,-0.0283,51.0029,0.0169,-0.0098,0.0068,0.5816,0.2200,1.2416,buy
2023-11-10,164.9451,3671000,162.0352,165.5864,160.6568,0.0311,0.0262,0.0732,0.0452,0.0029,62.8225,0.0188,-0.0058,0.0083,0.8286,-0.1283,1.0670,sell
2023-11-13,163.3561,3243700,163.4423,164.2750,162.8201,-0.0096,0.0184,0.0948,0.0259,-0.0054,58.5395,0.0152,-0.0036,0.0085,0.7600,-0.1164,0.9430,buy
2023-11-14,169.9800,3448600,167.7018,170.6692,167.5104,0.0405,0.0563,0.1287,0.0547,0.0354,75.1770,0.0182,0.0014,0.0104,1.0407,0.0632,0.9859,buy
2023-11-15,173.0430,3293200,171.3583,174.9861,171.3583,0.0180,0.0703,0.1353,0.0601,0.0542,76.5884,0.0183,0.0065,0.0123,1.0752,-0.0451,0.9487,hold
2023-11-16,172.1432,3286900,173.5695,173.8854,171.0138,-0.0052,0.0760,0.0943,0.0451,0.0486,75.2821,0.0177,0.0101,0.0127,0.9661,-0.0019,0.9524,buy
2023-11-17,175.2159,3279000,175.0914,175.7136,173.3685,0.0178,0.0623,0.0901,0.0545,0.0666,87.0872,0.0175,0.0139,0.0132,0.9889,-0.0024,0.9518,hold
2023-11-20,175.9529,3811100,174.2970,176.7953,174.2970,0.0042,0.0771,0.0970,0.0491,0.0703,86.8429,0.0171,0.0172,0.0132,0.9409,0.1623,1.0896,sell
2023-11-21,173.4929,4965900,175.2255,176.6325,171.7604,-0.0140,0.0207,0.0782,0.0267,0.0546,80.0602,0.0186,0.0187,0.0117,0.8280,0.3030,1.3849,buy
2023-11-22,174.8521,2926300,174.3640,176.3262,173.6748,0.0078,0.0105,0.0815,0.0268,0.0621,77.8318,0.0186,0.0200,0.0104,0.8294,-0.4107,0.8421,hold
2023-11-24,175.2159,1127100,174.9766,175.5413,174.4118,0.0021,0.0178,0.0953,0.0198,0.0639,75.4457,0.0176,0.0210,0.0092,0.8059,-0.6148,0.3360,hold
2023-11-27,175.9051,3520200,174.8426,176.4890,173.6652,0.0039,0.0039,0.0664,0.0173,0.0673,76.9103,0.0159,0.0218,0.0080,0.7942,2.1232,1.0286,hold
2023-11-28,175.3595,2797900,175.4169,176.6517,174.5363,-0.0031,-0.0034,0.0735,0.0071,0.0636,75.0414,0.0153,0.0221,0.0066,0.7597,-0.2052,0.8374,hold
2023-11-29,174.8904,2986600,177.3600,178.9298,174.7181,-0.0027,0.0081,0.0289,0.0016,0.0603,73.1388,0.0100,0.0218,0.0050,0.7292,0.0674,0.8961,buy
2023-11-30,175.5318,4356200,175.3403,175.6466,173.0239,0.0037,0.0039,0.0144,0.0039,0.0633,78.3002,0.0085,0.0215,0.0039,0.7356,0.4586,1.3064,buy
2023-12-01,176.0607,2332900,175.7722,176.8397,174.2238,0.0030,0.0048,0.0228,0.0046,0.0652,74.1199,0.0082,0.0213,0.0030,0.7350,-0.4645,0.7187,hold
2023-12-04,176.2434,3316000,174.7047,176.4262,173.2813,0.0010,0.0019,0.0059,0.0051,0.0653,79.7818,0.0061,0.0210,0.0021,0.7204,0.4214,1.0251,sell
2023-12-05,173.7141,2620000,175.2432,175.5221,172.7524,-0.0144,-0.0094,-0.0127,-0.0081,0.0492,60.6437,0.0075,0.0197,0.0004,0.5996,-0.2099,0.8039,hold
2023-12-06,173.6564,2763400,175.9934,175.9934,173.2717,-0.0003,-0.0071,0.0009,-0.0085,0.0478,52.1098,0.0060,0.0182,-0.0009,0.5766,0.0547,0.8450,buy
2023-12-07,177.3205,3717600,175.3586,178.6092,173.4641,0.0211,0.0102,0.0141,0.0110,0.0684,64.9627,0.0088,0.0181,-0.0005,0.7374,0.3453,1.1321,buy
2023-12-08,177.8014,2404200,177.1955,179.1670,176.7724,0.0027,0.0099,0.0148,0.0123,0.0701,58.7890,0.0088,0.0182,-0.0002,0.7719,-0.3533,0.7529,buy
2023-12-11,182.8504,3499500,178.5419,183.7929,178.4554,0.0284,0.0375,0.0395,0.0369,0.0985,68.1313,0.0122,0.0199,0.0016,1.0604,0.4556,1.0988,buy
2023-12-12,183.6582,2841100,182.9369,183.7352,181.8790,0.0044,0.0572,0.0473,0.0366,0.1012,79.2634,0.0120,0.0216,0.0027,1.1346,-0.1881,0.8978,buy
2023-12-13,184.9084,3701800,184.0814,185.6970,182.3984,0.0068,0.0648,0.0573,0.0378,0.1060,79.1324,0.0117,0.0232,0.0035,1.1094,0.3029,1.1651,buy
2023-12-14,192.5060,5610000,185.7932,192.5925,185.7932,0.0411,0.0856,0.0967,0.0702,0.1478,85.2954,0.0162,0.0265,0.0061,1.2681,0.5155,1.7035,hold
2023-12-15,193.1888,7057400,194.2082,195.0064,192.3617,0.0035,0.0865,0.0973,0.0639,0.1480,85.2915,0.0161,0.0296,0.0074,1.1254,0.2580,2.0270,sell
2023-12-18,189.0630,3421000,193.1888,193.4869,188.6495,-0.0214,0.0340,0.0727,0.0339,0.1205,74.4122,0.0188,0.0308,0.0065,0.8945,-0.5153,0.9806,buy
2023-12-19,190.2556,1981800,190.1305,190.5152,189.1592,0.0063,0.0359,0.0952,0.0311,0.1243,76.6843,0.0172,0.0311,0.0056,0.8876,-0.4207,0.5833,sell
2023-12-20,184.8315,3629500,188.7457,189.8805,184.7065,-0.0285,-0.0004,0.0644,-0.0043,0.0902,63.8499,0.0209,0.0298,0.0028,0.6671,0.8314,1.0898,buy
2023-12-21,188.7649,2636800,187.6493,190.1305,187.3127,0.0213,-0.0194,0.0645,0.0106,0.1106,67.1781,0.0209,0.0288,0.0019,0.7839,-0.2735,0.7952,hold
2023-12-22,189.5535,1754600,190.0536,191.8232,188.2360,0.0042,-0.0188,0.0661,0.0085,0.1121,67.7073,0.0209,0.0283,0.0012,0.7822,-0.3346,0.5242,buy
2023-12-26,191.2557,1606900,190.3229,192.1790,189.9767,0.0090,0.0116,0.0460,0.0130,0.1185,73.8618,0.0195,0.0282,0.0011,0.8090,-0.0842,0.4942,hold
2023-12-27,191.7174,1646100,191.2557,191.8039,190.4960,0.0024,0.0077,0.0439,0.0111,0.1178,74.3013,0.0195,0.0281,0.0009,0.7935,0.0244,0.5153,hold
2023-12-28,192.5733,2215500,193.1695,193.7562,192.0636,0.0045,0.0419,0.0415,0.0116,0.1192,72.2004,0.0195,0.0280,0.0007,0.7930,0.3459,0.7021,sell
2023-12-29,190.9576,1542400,192.2175,193.0157,190.5056,-0.0084,0.0116,-0.0080,0.0039,0.1063,68.5366,0.0148,0.0273,-0.0002,0.7137,-0.3038,0.5116,sell
2024-01-02,186.1683,3279200,189.5247,189.5247,184.1775,-0.0251,-0.0179,-0.0363,-0.0177,0.0755,54.7092,0.0165,0.0249,-0.0027,0.5235,1.1260,1.0709,sell
2024-01-03,181.7252,3297400,183.4659,183.7832,181.4366,-0.0239,-0.0498,-0.0388,-0.0374,0.0471,47.5130,0.0168,0.0207,-0.0060,0.3371,0.0056,1.0771,sell
2024-01-04,178.9458,3923500,174.9355,179.7344,174.8489,-0.0153,-0.0666,-0.0594,-0.0464,0.0285,42.6191,0.0168,0.0157,-0.0091,0.1950,0.1899,1.2549,hold
2024-01-05,179.4074,2492200,178.8881,180.6096,177.8975,0.0026,-0.0684,-0.0293,-0.0412,0.0286,30.3065,0.0149,0.0116,-0.0106,0.1731,-0.3648,0.8006,buy
2024-01-08,181.7444,2587200,180.0133,182.2060,179.8498,0.0130,-0.0482,-0.0372,-0.0250,0.0386,33.6088,0.0136,0.0092,-0.0102,0.2582,0.0381,0.8465,buy
2024-01-09,182.4945,3151700,179.3594,183.0331,178.7727,0.0041,-0.0197,-0.0372,-0.0173,0.0395,39.5852,0.0136,0.0076,-0.0093,0.2685,0.2182,1.0187,sell
2024-01-10,181.1577,3080400,182.3599,182.3599,179.2151,-0.0073,-0.0031,-0.0528,-0.0191,0.0286,35.6405,0.0129,0.0057,-0.0090,0.2072,-0.0226,1.0025,hold
2024-01-11,181.7252,2918700,181.1674,182.4945,178.6188,0.0031,0.0155,-0.0521,-0.0107,0.0281,44.2094,0.0129,0.0044,-0.0082,0.2465,-0.0525,0.9486,hold
2024-01-12,181.1481,1597100,182.4272,183.0235,180.2441,-0.0032,0.0097,-0.0593,-0.0077,0.0213,33.7704,0.0125,0.0031,-0.0077,0.2342,-0.4528,0.5375,hold
2024-01-16,180.6000,2373300,180.6577,182.1195,178.3496,-0.0030,-0.0063,-0.0542,-0.0050,0.0150,30.7246,0.0125,0.0018,-0.0072,0.2340,0.4860,0.8447,sell
2024-01-17,178.3303,2925900,177.6090,178.5900,175.8780,-0.0126,-0.0228,-0.0421,-0.0133,-0.0002,22.8375,0.0108,-0.0003,-0.0075,0.1538,0.2328,1.1240,buy
2024-01-18,182.6965,3585500,183.0716,183.4178,180.5230,0.0245,0.0085,0.0053,0.0103,0.0218,33.7152,0.0119,0.0001,-0.0056,0.3912,0.2254,1.3731,buy
2024-01-19,187.3127,4408400,184.0333,188.0917,183.7255,0.0253,0.0307,0.0468,0.0311,0.0445,41.6387,0.0127,0.0023,-0.0026,0.6411,0.2295,1.6133,buy
2024-01-22,189.7555,2861800,188.4956,190.2748,187.9859,0.0130,0.0475,0.0577,0.0386,0.0547,48.1382,0.0130,0.0049,0.0001,0.7504,-0.3508,1.0622,buy
2024-01-23,193.6600,3801100,189.5920,193.8524,189.3516,0.0206,0.0723,0.0656,0.0531,0.0726,61.9295,0.0136,0.0085,0.0030,0.9121,0.3282,1.3810,sell
2024-01-24,190.7076,4255300,193.1695,194.6890,190.2844,-0.0152,0.0694,0.0450,0.0325,0.0527,65.0161,0.0153,0.0102,0.0037,0.7635,0.1195,1.4788,sell
2024-01-25,189.7459,2957300,194.2659,194.3140,189.4189,-0.0050,0.0386,0.0474,0.0225,0.0445,69.2229,0.0151,0.0109,0.0035,0.7246,-0.3050,1.0042,sell
2024-01-26,186.5049,2379100,187.8417,188.9476,186.0625,-0.0171,-0.0043,0.0263,0.0025,0.0240,61.4953,0.0166,0.0102,0.0021,0.5832,-0.1955,0.7979,buy
2024-01-29,189.6497,2766500,186.5145,189.7651,185.5335,0.0169,-0.0006,0.0469,0.0147,0.0391,62.4772,0.0170,0.0105,0.0020,0.7613,0.1628,0.9193,sell
2024-01-30,187.2839,2479800,188.3321,189.0342,185.9471,-0.0125,-0.0329,0.0370,-0.0015,0.0245,57.1924,0.0178,0.0099,0.0010,0.6517,-0.1036,0.8114,sell
2024-01-31,184.9950,4125600,186.1009,188.5822,184.2833,-0.0122,-0.0300,0.0374,-0.0172,0.0106,55.6024,0.0177,0.0083,-0.0005,0.5286,0.6637,1.3315,hold
2024-02-01,184.6584,2628000,184.7546,185.2547,181.5136,-0.0018,-0.0268,0.0107,-0.0200,0.0077,54.3116,0.0162,0.0067,-0.0017,0.5018,-0.3630,0.8574,hold
2024-02-02,184.7450,2948400,183.0427,185.4951,182.4753,0.0005,-0.0094,-0.0137,-0.0182,0.0072,55.3644,0.0138,0.0054,-0.0023,0.4900,0.1219,0.9775,hold
2024-02-05,185.1873,3193700,185.4085,186.5626,183.1293,0.0024,-0.0235,-0.0241,-0.0135,0.0083,56.8633,0.0130,0.0046,-0.0026,0.4989,0.0832,1.0467,sell
2024-02-06,182.4464,3991700,185.8124,185.8124,181.7829,-0.0148,-0.0258,-0.0579,-0.0222,-0.0074,56.0726,0.0106,0.0027,-0.0036,0.3267,0.2499,1.2788,buy
2024-02-07,184.6199,3500400,184.4853,185.4374,181.6482,0.0119,-0.0020,-0.0319,-0.0073,0.0034,53.0340,0.0114,0.0021,-0.0033,0.4544,-0.1231,1.1152,buy
2024-02-08,186.6299,2594500,185.5817,187.6974,184.5622,0.0109,0.0107,-0.0164,0.0052,0.0131,48.8264,0.0122,0.0024,-0.0023,0.5653,-0.2588,0.8330,buy
2024-02-09,187.5532,3183900,188.0436,188.0436,186.0433,0.0049,0.0152,0.0056,0.0096,0.0168,46.0063,0.0110,0.0031,-0.0013,0.6088,0.2272,1.0179,sell
2024-02-12,186.6203,6264900,187.2262,188.1879,185.2354,-0.0050,0.0077,-0.0160,0.0062,0.0104,35.6920,0.0095,0.0032,-0.0010,0.5302,0.9677,1.8639,sell
2024-02-13,177.6187,6800200,180.9558,181.7156,176.0030,-0.0482,-0.0265,-0.0516,-0.0373,-0.0385,28.6477,0.0175,-0.0007,-0.0041,-0.0399,0.0854,1.8981,buy
2024-02-14,179.1862,3780800,178.7919,179.9171,177.6763,0.0088,-0.0294,-0.0314,-0.0258,-0.0304,33.1076,0.0178,-0.0031,-0.0051,0.0480,-0.4440,1.0429,buy
2024-02-15,180.3595,2811200,180.5903,182.0810,179.5421,0.0065,-0.0336,-0.0233,-0.0171,-0.0244,39.4728,0.0181,-0.0044,-0.0051,0.1458,-0.2565,0.7838,hold
2024-02-16,181.0327,4353300,180.4076,183.2254,178.9362,0.0037,-0.0348,-0.0201,-0.0114,-0.0216,33.8733,0.0181,-0.0050,-0.0047,0.2178,0.5486,1.2147,buy
2024-02-20,182.1483,4600500,180.0807,182.2541,178.8978,0.0062,-0.0240,-0.0164,-0.0037,-0.0165,39.9170,0.0183,-0.0050,-0.0037,0.3070,0.0568,1.2533,buy
2024-02-21,186.3029,5555900,182.9754,186.8511,182.8889,0.0228,0.0489,0.0211,0.0169,0.0050,52.3927,0.0191,-0.0030,-0.0014,0.5991,0.2077,1.4782,sell
2024-02-22,184.5622,5780400,189.5920,189.7843,181.8021,-0.0093,0.0300,-0.0003,0.0074,-0.0051,49.8326,0.0191,-0.0023,-0.0005,0.4977,0.0404,1.5074,sell
2024-02-23,182.8311,3720400,185.6682,185.6682,182.6003,-0.0094,0.0137,-0.0204,0.0001,-0.0144,46.8502,0.0189,-0.0025,-0.0006,0.3840,-0.3564,0.9606,sell
2024-02-26,181.7733,2827100,183.9564,184.1583,181.6483,-0.0058,0.0041,-0.0308,-0.0026,-0.0199,44.4927,0.0188,-0.0031,-0.0009,0.3166,-0.2401,0.7258,hold
2024-02-27,181.8310,1886100,182.5330,183.0812,180.7923,0.0003,-0.0017,-0.0257,0.0004,-0.0193,48.9131,0.0188,-0.0034,-0.0010,0.3390,-0.3328,0.4897,sell
2024-02-28,180.5711,1774800,180.0325,181.4270,179.0901,-0.0069,-0.0308,0.0166,-0.0082,-0.0248,42.6114,0.0101,-0.0043,-0.0015,0.2503,-0.0590,0.4651,buy
2024-02-29,184.4757,3119300,182.8504,184.9277,181.5328,0.0216,-0.0005,0.0295,0.0103,-0.0028,46.3231,0.0118,-0.0031,-0.0002,0.6127,0.7576,0.8283,buy
2024-03-01,188.6495,2934700,185.1777,189.6689,184.2833,0.0226,0.0318,0.0460,0.0285,0.0198,51.6844,0.0133,-0.0003,0.0019,0.9406,-0.0592,0.7761,hold
2024-03-04,188.0891,3150700,189.2196,189.6061,187.1615,-0.0030,0.0347,0.0390,0.0215,0.0170,52.2827,0.0135,0.0015,0.0030,0.8585,0.0736,0.8311,sell
2024-03-05,183.3931,3328500,186.7653,188.4659,182.5138,-0.0250,0.0086,0.0068,-0.0046,-0.0082,60.3610,0.0163,0.0010,0.0020,0.4886,0.0564,0.8764,buy
2024-03-06,185.2290,3905300,184.9101,187.4513,183.9632,0.0100,0.0258,-0.0058,0.0059,0.0021,60.7390,0.0148,0.0013,0.0019,0.6253,0.1733,1.0294,buy
2024-03-07,191.5482,4275300,187.1422,192.6594,187.1422,0.0341,0.0383,0.0379,0.0363,0.0360,66.8097,0.0179,0.0041,0.0037,1.0278,0.0947,1.1156,sell
2024-03-08,189.3259,3752600,192.2826,192.9300,188.9780,-0.0116,0.0036,0.0355,0.0207,0.0242,61.9053,0.0181,0.0055,0.0041,0.8477,-0.1223,0.9646,buy
2024-03-11,191.5193,3110900,188.0311,191.7898,188.0311,0.0116,0.0182,0.0536,0.0271,0.0361,63.0487,0.0180,0.0073,0.0047,0.9475,-0.1710,0.8004,hold
2024-03-12,192.4758,3864600,192.5724,192.8623,189.8959,0.0050,0.0495,0.0585,0.0264,0.0413,59.4359,0.0179,0.0090,0.0051,0.9475,0.2423,1.0260,hold
2024-03-13,191.8961,3647400,191.7512,193.0846,190.7559,-0.0030,0.0360,0.0627,0.0172,0.0381,61.6232,0.0176,0.0101,0.0050,0.8772,-0.0562,1.0106,sell
2024-03-14,187.8668,4361800,192.3406,193.1522,187.0069,-0.0210,-0.0192,0.0184,-0.0060,0.0161,57.4390,0.0186,0.0093,0.0033,0.6261,0.1959,1.1989,hold
2024-03-15,188.6108,10198200,182.3786,189.3065,182.3786,0.0040,-0.0038,-0.0002,-0.0020,0.0193,60.1953,0.0172,0.0087,0.0021,0.6523,1.3381,2.5448,sell
2024-03-18,184.7652,2846500,190.5530,191.5965,184.6686,-0.0204,-0.0353,-0.0177,-0.0207,-0.0021,53.9311,0.0184,0.0066,-0.0000,0.3921,-0.7209,0.7239,hold
2024-03-19,184.1082,2226700,183.9053,184.6299,181.7505,-0.0036,-0.0435,0.0039,-0.0245,-0.0061,54.8165,0.0165,0.0046,-0.0017,0.3382,-0.2177,0.5839,buy
2024-03-20,187.7606,2594300,184.0309,188.1761,183.5381,0.0198,-0.0216,0.0137,-0.0065,0.0129,54.5041,0.0174,0.0043,-0.0014,0.5810,0.1651,0.7078,hold
2024-03-21,188.5625,3109000,189.9926,191.9637,187.7412,0.0043,0.0037,-0.0156,-0.0007,0.0166,49.8686,0.0132,0.0045,-0.0010,0.6219,0.1984,0.8803,sell
2024-03-22,186.9779,2104300,188.6978,189.0167,186.0503,-0.0084,-0.0087,-0.0124,-0.0078,0.0074,48.3716,0.0130,0.0040,-0.0012,0.5005,-0.3232,0.6098,sell
2024-03-25,184.1951,1768700,184.3690,185.6252,184.0019,-0.0149,-0.0031,-0.0382,-0.0188,-0.0078,51.2451,0.0128,0.0024,-0.0024,0.2883,-0.1595,0.5205,sell
2024-03-26,182.5815,2711500,184.1951,185.4512,182.3883,-0.0088,-0.0083,-0.0514,-0.0222,-0.0167,45.8611,0.0125,0.0003,-0.0036,0.1620,0.5330,0.7884,buy
2024-03-27,186.8040,2410300,184.2434,186.8716,182.9873,0.0231,-0.0051,-0.0265,0.0031,0.0054,42.0627,0.0154,0.0005,-0.0026,0.4467,-0.1111,0.6944,buy
2024-03-28,191.1134,3119700,187.4900,191.8671,187.3837,0.0231,0.0135,0.0173,0.0245,0.0272,52.7954,0.0158,0.0024,-0.0005,0.7770,0.2943,0.8988,sell
2024-04-01,189.9829,2032300,190.7366,192.9493,189.5578,-0.0059,0.0161,0.0073,0.0177,0.0203,47.5148,0.0160,0.0035,0.0004,0.6757,-0.3486,0.5932,sell
2024-04-02,188.3017,2495800,188.6302,188.9780,186.2339,-0.0088,0.0223,0.0191,0.0068,0.0112,43.4026,0.0147,0.0036,0.0004,0.5369,0.2281,0.7355,hold
2024-04-03,188.7655,1928300,186.4851,190.0312,186.1469,0.0025,0.0339,0.0253,0.0067,0.0138,45.0337,0.0145,0.0038,0.0005,0.5563,-0.2274,0.5803,sell
2024-04-04,185.4706,2931000,191.6545,191.9927,184.8715,-0.0175,-0.0071,-0.0122,-0.0096,-0.0031,46.1080,0.0144,0.0026,-0.0006,0.2671,0.5200,0.8951,buy
2024-04-05,188.1857,2087400,186.1276,189.0553,184.7169,0.0146,-0.0153,-0.0020,0.0051,0.0118,49.3510,0.0152,0.0026,-0.0004,0.5203,-0.2878,0.6595,buy
2024-04-08,190.0506,2456700,188.0601,190.3308,187.4804,0.0099,0.0004,0.0164,0.0134,0.0218,58.5872,0.0152,0.0035,0.0004,0.6855,0.1769,0.7924,buy
2024-04-09,197.2298,4598000,191.8091,197.3071,191.2390,0.0378,0.0474,0.0708,0.0444,0.0592,67.5907,0.0177,0.0068,0.0031,1.1626,0.8716,1.4484,sell
2024-04-10,189.7027,4517700,193.6160,193.9735,188.8041,-0.0382,0.0050,0.0390,0.0007,0.0187,52.3586,0.0224,0.0067,0.0022,0.6198,-0.0175,1.4086,buy
2024-04-11,191.9347,3427100,191.2777,192.3695,187.6833,0.0118,0.0349,0.0275,0.0098,0.0302,53.9578,0.0216,0.0072,0.0022,0.7912,-0.2414,1.0722,sell
2024-04-12,185.7797,3337200,188.4466,190.0215,185.5962,-0.0321,-0.0128,-0.0279,-0.0198,-0.0029,48.7300,0.0229,0.0051,0.0000,0.3281,-0.0262,1.0611,sell
2024-04-15,183.8666,2561500,188.3693,189.2679,182.8424,-0.0103,-0.0325,-0.0322,-0.0268,-0.0131,49.6452,0.0230,0.0025,-0.0022,0.2119,-0.2324,0.9270,hold
2024-04-16,184.7749,2268000,186.2436,187.4900,184.0405,0.0049,-0.0631,-0.0187,-0.0202,-0.0082,52.4052,0.0230,0.0008,-0.0031,0.2782,-0.1146,0.8295,sell
2024-04-17,183.0356,2763200,185.9247,186.3209,182.8134,-0.0094,-0.0351,-0.0304,-0.0264,-0.0173,45.6298,0.0231,-0.0014,-0.0042,0.1617,0.2183,1.0008,sell
2024-04-18,181.2481,2748900,181.9631,183.7796,180.3012,-0.0098,-0.0557,-0.0228,-0.0338,-0.0268,37.8482,0.0227,-0.0039,-0.0054,0.0911,-0.0052,0.9928,sell
2024-04-19,177.1705,4121300,180.7746,181.5862,176.4072,-0.0225,-0.0463,-0.0585,-0.0499,-0.0479,35.2863,0.0227,-0.0077,-0.0074,-0.0498,0.4993,1.4617,buy
2024-04-22,180.0210,3557800,178.2141,181.9534,177.0063,0.0161,-0.0209,-0.0528,-0.0294,-0.0319,40.7391,0.0232,-0.0091,-0.0071,0.1520,-0.1367,1.2302,buy
2024-04-23,183.5187,4177800,180.6876,184.4174,180.1369,0.0194,-0.0068,-0.0695,-0.0032,-0.0127,44.5052,0.0200,-0.0085,-0.0052,0.3421,0.1743,1.3868,buy
2024-04-24,189.8670,6527500,193.2778,194.8721,188.4466,0.0346,0.0373,0.0009,0.0312,0.0211,54.3276,0.0206,-0.0052,-0.0016,0.6628,0.5624,2.0377,buy
2024-04-25,191.2583,3301500,191.1810,192.3792,188.5142,0.0073,0.0552,-0.0035,0.0391,0.0271,53.1055,0.0204,-0.0021,0.0012,0.7207,-0.4942,1.0165,buy
2024-04-26,195.1523,3136300,190.4081,195.7611,190.3211,0.0204,0.1015,0.0504,0.0549,0.0462,54.9530,0.0178,0.0019,0.0041,0.8935,-0.0500,0.9654,buy
2024-04-29,197.0172,2289200,194.0315,197.0945,193.8672,0.0096,0.0944,0.0715,0.0575,0.0543,49.7699,0.0170,0.0057,0.0063,0.9320,-0.2701,0.7019,sell
2024-04-30,193.8382,2668400,196.7563,197.3071,193.7320,-0.0161,0.0562,0.0491,0.0354,0.0359,54.9423,0.0186,0.0074,0.0064,0.7647,0.1656,0.8160,sell
2024-05-01,187.3451,3554600,190.4081,192.7850,187.3064,-0.0335,-0.0133,0.0235,-0.0016,0.0006,45.0220,0.0219,0.0062,0.0041,0.4787,0.3321,1.0606,buy
2024-05-02,189.8573,2728100,189.4805,190.6593,185.1227,0.0134,-0.0073,0.0475,0.0072,0.0137,54.8020,0.0217,0.0059,0.0031,0.5810,-0.2325,0.8165,buy
2024-05-03,192.8913,2372800,192.3212,195.0170,192.3212,0.0160,-0.0116,0.0887,0.0148,0.0289,60.3548,0.0196,0.0068,0.0033,0.7022,-0.1302,0.7071,buy
2024-05-06,196.4568,2168900,193.4131,196.5630,193.2488,0.0185,-0.0028,0.0913,0.0247,0.0464,62.6332,0.0197,0.0089,0.0043,0.8284,-0.0859,0.6491,hold
2024-05-07,196.6983,3276700,197.5969,198.8241,196.6597,0.0012,0.0148,0.0718,0.0190,0.0461,65.2700,0.0195,0.0106,0.0048,0.8418,0.5108,1.0005,buy
2024-05-08,197.9448,2464300,195.5582,198.0801,194.9977,0.0063,0.0566,0.0425,0.0211,0.0509,68.8893,0.0169,0.0122,0.0052,0.8555,-0.2479,0.7768,hold
2024-05-09,197.8771,2941800,197.5776,198.5245,196.8239,-0.0003,0.0422,0.0346,0.0173,0.0486,75.7634,0.0169,0.0134,0.0051,0.8265,0.1938,0.9344,buy
2024-05-10,200.1961,2617000,198.9980,200.7469,198.3119,0.0117,0.0379,0.0258,0.0266,0.0591,75.4386,0.0162,0.0149,0.0054,0.8664,-0.1104,0.8409,buy
2024-05-13,201.3460,2314800,201.7808,202.6697,201.0271,0.0057,0.0249,0.0220,0.0302,0.0638,73.8928,0.0161,0.0164,0.0055,0.8617,-0.1155,0.7467,buy
2024-05-14,204.7858,2683400,201.9450,205.2496,199.7323,0.0171,0.0411,0.0565,0.0420,0.0801,71.6854,0.0152,0.0185,0.0063,0.9182,0.1592,0.8599,buy
2024-05-15,208.4672,3802700,207.1917,208.6121,205.5298,0.0180,0.0532,0.1127,0.0494,0.0966,73.4527,0.0070,0.0212,0.0074,0.9637,0.4171,1.1986,sell
2024-05-16,206.8922,2820000,208.7087,208.7087,206.4477,-0.0076,0.0456,0.0897,0.0326,0.0858,67.0790,0.0090,0.0230,0.0072,0.8751,-0.2584,0.8878,hold
2024-05-17,206.8535,2373800,207.2690,208.3512,205.7810,-0.0002,0.0333,0.0724,0.0253,0.0839,65.1128,0.0090,0.0239,0.0065,0.8557,-0.1582,0.7685,buy
2024-05-20,210.1388,2647900,207.7039,211.3176,206.7183,0.0159,0.0437,0.0696,0.0346,0.0987,74.9629,0.0087,0.0252,0.0065,0.9324,0.1155,0.8701,sell
2024-05-21,209.3271,3428800,207.9357,209.7522,207.3076,-0.0039,0.0222,0.0642,0.0242,0.0924,90.7558,0.0092,0.0261,0.0058,0.8768,0.2949,1.1407,buy
2024-05-22,232.0532,9445800,220.1007,232.2561,217.1634,0.1086,0.1131,0.1723,0.1167,0.2060,94.7162,0.0336,0.0316,0.0106,1.2835,1.7548,2.9969,sell
2024-05-23,226.6422,5578400,232.7489,233.7151,224.1686,-0.0233,0.0955,0.1454,0.0758,0.1737,84.0514,0.0356,0.0365,0.0121,1.0350,-0.4094,1.7082,hold
2024-05-24,224.6614,4544300,228.3525,230.2753,224.3619,-0.0087,0.0861,0.1222,0.0542,0.1590,79.3957,0.0364,0.0390,0.0115,0.9251,-0.1854,1.3622,hold
2024-05-28,225.5600,2673800,222.6613,226.3813,222.6613,0.0040,0.0734,0.1203,0.0465,0.1592,79.6740,0.0364,0.0405,0.0104,0.8890,-0.4116,0.7969,sell
2024-05-29,220.4486,3002100,221.9849,223.8111,220.1394,-0.0227,0.0531,0.0765,0.0154,0.1288,71.4337,0.0379,0.0404,0.0077,0.7620,0.1228,0.8903,hold
2024-05-30,222.2361,2884600,220.9607,222.9029,220.3133,0.0081,-0.0423,0.0660,0.0172,0.1335,72.4647,0.0378,0.0394,0.0056,0.7715,-0.0391,0.8640,buy
2024-05-31,226.5746,6460100,222.3328,226.8065,219.9655,0.0195,-0.0003,0.0951,0.0278,0.1511,73.4535,0.0376,0.0393,0.0049,0.8263,1.2395,1.8326,hold
2024-06-03,224.3716,3087800,227.1543,228.3138,220.7964,-0.0097,-0.0013,0.0847,0.0098,0.1358,70.0961,0.0380,0.0389,0.0033,0.7573,-0.5220,0.8672,hold
2024-06-04,223.7313,2616000,224.9245,225.2349,222.1015,-0.0029,-0.0081,0.0647,0.0008,0.1283,67.3846,0.0380,0.0377,0.0017,0.7214,-0.1528,0.7301,buy
2024-06-05,228.6302,4016700,225.0603,228.9116,224.3037,0.0219,0.0371,0.0922,0.0139,0.1479,68.0975,0.0381,0.0372,0.0016,0.7972,0.5354,1.1095,hold
2024-06-06,230.3085,2757000,227.5049,231.2495,226.3117,0.0073,0.0363,-0.0075,0.0222,0.1508,70.9786,0.0157,0.0374,0.0016,0.8049,-0.3136,0.7585,sell
2024-06-07,227.7475,2208200,228.9892,230.5025,226.2923,-0.0111,0.0052,0.0049,0.0103,0.1334,67.9094,0.0142,0.0368,0.0005,0.7280,-0.1991,0.6137,hold
2024-06-10,228.3295,2765600,225.3416,228.9212,224.2745,0.0026,0.0176,0.0163,0.0112,0.1321,66.3500,0.0138,0.0357,-0.0004,0.7221,0.2524,0.7670,hold
2024-06-11,229.2317,3098600,226.6609,229.4354,226.1565,0.0040,0.0246,0.0163,0.0136,0.1321,67.8614,0.0138,0.0347,-0.0010,0.7266,0.1204,0.8501,buy
2024-06-12,231.3077,2515000,231.8800,233.3837,229.3675,0.0091,0.0117,0.0493,0.0179,0.1376,48.9371,0.0109,0.0340,-0.0011,0.7622,-0.1883,0.6916,sell
2024-06-13,227.0296,2673800,225.5939,229.1832,225.5357,-0.0185,-0.0142,0.0216,-0.0031,0.1123,50.5707,0.0131,0.0325,-0.0027,0.6206,0.0631,0.7469,sell
2024-06-14,224.2746,2252400,223.2172,225.6133,222.5866,-0.0121,-0.0152,-0.0102,-0.0142,0.0947,49.4427,0.0122,0.0298,-0.0046,0.5105,-0.1576,0.6342,buy
2024-06-17,225.4386,2415000,223.6440,225.5454,221.1218,0.0052,-0.0127,0.0048,-0.0095,0.0964,49.8265,0.0119,0.0273,-0.0055,0.5225,0.0722,0.6796,buy
2024-06-18,228.3392,2457400,224.8081,229.3578,224.3619,0.0129,-0.0039,0.0206,0.0012,0.1064,62.0411,0.0125,0.0259,-0.0052,0.6296,0.0176,0.6934,sell
2024-06-20,222.6448,4562300,225.4774,225.7103,221.9657,-0.0249,-0.0375,-0.0262,-0.0212,0.0761,50.5572,0.0130,0.0233,-0.0069,0.1897,0.8566,1.2670,buy
2024-06-21,224.1387,7167000,224.6141,224.9439,222.2180,0.0067,-0.0127,-0.0268,-0.0119,0.0797,46.3996,0.0129,0.0209,-0.0073,0.3285,0.5709,2.0555,sell
2024-06-24,221.6262,2413600,224.1387,225.0021,221.2770,-0.0112,-0.0118,-0.0269,-0.0204,0.0646,45.9790,0.0129,0.0182,-0.0082,0.1493,-0.6632,0.7251,buy
2024-06-25,223.4500,2001300,224.1679,224.1679,219.0846,0.0082,-0.0088,-0.0214,-0.0102,0.0695,49.6018,0.0133,0.0163,-0.0080,0.3088,-0.1708,0.6251,sell
2024-06-26,221.0247,2510600,222.4605,223.1104,219.7927,-0.0109,-0.0320,-0.0358,-0.0174,0.0541,38.4229,0.0134,0.0139,-0.0085,0.1486,0.2545,0.7862,sell
2024-06-27,219.8994,2159000,220.2099,221.6068,219.2204,-0.0051,-0.0123,-0.0493,-0.0174,0.0453,33.8840,0.0126,0.0115,-0.0088,0.0697,-0.1400,0.6852,buy
2024-06-28,221.4322,3634000,221.3255,225.1282,220.0741,0.0070,-0.0121,-0.0247,-0.0080,0.0487,39.9007,0.0122,0.0098,-0.0083,0.1946,0.6832,1.1397,sell
2024-07-01,218.4443,2307800,219.9188,220.1613,217.2220,-0.0135,-0.0144,-0.0260,-0.0189,0.0309,35.3213,0.0123,0.0075,-0.0087,0.0462,-0.3649,0.7742,buy
2024-07-02,221.4128,2417900,217.8428,221.5389,217.8428,0.0136,-0.0091,-0.0179,-0.0037,0.0406,39.0608,0.0131,0.0065,-0.0075,0.2654,0.0477,0.8203,buy
2024-07-03,223.1395,1425700,221.8299,224.0805,220.2487,0.0078,0.0096,-0.0228,0.0064,0.0445,38.4595,0.0126,0.0063,-0.0061,0.3832,-0.4104,0.4937,buy
2024-07-05,223.9835,2251800,224.4977,224.5850,221.5389,0.0038,0.0186,0.0060,0.0096,0.0445,45.2338,0.0098,0.0064,-0.0048,0.4537,0.5794,0.8043,buy
2024-07-08,226.3602,1729500,225.2349,226.7580,224.7402,0.0106,0.0223,0.0099,0.0193,0.0520,53.3026,0.0102,0.0072,-0.0031,0.6384,-0.2319,0.6293,sell
2024-07-09,225.0700,1315500,226.7677,227.2527,224.0029,-0.0057,0.0303,0.0155,0.0119,0.0427,49.4186,0.0096,0.0073,-0.0024,0.5554,-0.2394,0.4866,buy
2024-07-10,231.2010,4037600,227.4467,231.9382,226.1274,0.0272,0.0442,0.0347,0.0359,0.0675,54.0961,0.0125,0.0093,-0.0002,0.9700,2.0693,1.4590,sell
2024-07-11,226.7483,3103700,231.6181,232.0449,226.6804,-0.0193,0.0162,0.0259,0.0133,0.0441,56.0898,0.0138,0.0095,-0.0001,0.6741,-0.2313,1.1215,buy
2024-07-12,231.4241,3105700,231.2204,234.9164,229.0862,0.0206,0.0332,0.0524,0.0289,0.0620,59.8789,0.0145,0.0108,0.0011,1.0111,0.0006,1.1103,hold
2024-07-15,230.6092,2057200,230.0465,232.5979,229.0377,-0.0035,0.0188,0.0414,0.0211,0.0540,62.7688,0.0148,0.0117,0.0015,0.9118,-0.3376,0.7437,buy
2024-07-16,236.0514,1964600,231.8606,236.5364,230.5413,0.0236,0.0488,0.0806,0.0371,0.0744,66.2415,0.0145,0.0137,0.0031,1.1076,-0.0450,0.7139,sell
2024-07-17,228.5623,4448200,233.2866,236.8371,228.3683,-0.0317,-0.0114,0.0323,0.0011,0.0369,58.5932,0.0189,0.0133,0.0018,0.6800,1.2642,1.5588,buy
2024-07-18,231.8412,3688500,229.4063,233.8881,229.2220,0.0143,0.0225,0.0390,0.0116,0.0484,62.9770,0.0192,0.0134,0.0017,0.8363,-0.1708,1.2653,sell
2024-07-19,224.3036,2894900,233.1120,233.1120,223.8380,-0.0325,-0.0308,0.0014,-0.0214,0.0118,52.7601,0.0224,0.0112,-0.0007,0.4346,-0.2152,1.0223,buy
2024-07-22,232.8598,2827300,230.0271,233.0732,226.3408,0.0381,0.0098,0.0287,0.0130,0.0471,62.5168,0.0253,0.0116,0.0001,0.8463,-0.0234,1.0813,sell
2024-07-23,223.4306,3876200,227.0975,229.8331,222.1791,-0.0405,-0.0535,-0.0073,-0.0273,0.0024,51.5753,0.0288,0.0093,-0.0022,0.3659,0.3710,1.4421,sell
2024-07-24,217.9011,4589600,223.7313,224.0514,217.0474,-0.0247,-0.0466,-0.0575,-0.0459,-0.0239,46.1395,0.0280,0.0051,-0.0053,0.1216,0.1840,1.6291,sell
2024-07-25,214.3117,5114600,214.8841,220.8016,210.7515,-0.0165,-0.0756,-0.0548,-0.0564,-0.0411,43.1497,0.0278,0.0003,-0.0082,0.0134,0.1144,1.7353,buy
2024-07-26,219.6569,4296200,218.5607,220.4524,216.3004,0.0249,-0.0207,-0.0508,-0.0279,-0.0185,45.4437,0.0283,-0.0015,-0.0079,0.2480,-0.1600,1.4066,hold
2024-07-29,220.5979,2672200,221.8978,223.3821,218.5898,0.0043,-0.0527,-0.0434,-0.0194,-0.0154,46.9458,0.0284,-0.0025,-0.0071,0.2921,-0.3780,0.8889,sell
2024-07-30,217.8623,3955600,222.0045,223.2947,216.2325,-0.0124,-0.0249,-0.0771,-0.0236,-0.0285,40.4474,0.0268,-0.0044,-0.0072,0.1769,0.4803,1.2807,buy
2024-07-31,224.4589,4308100,222.8873,225.2155,220.1517,0.0303,0.0301,-0.0180,0.0078,-0.0007,48.4093,0.0278,-0.0032,-0.0048,0.4538,0.0891,1.3534,sell
2024-08-01,212.3716,5404600,221.2576,224.2842,210.2859,-0.0539,-0.0091,-0.0840,-0.0381,-0.0547,37.9980,0.0316,-0.0071,-0.0070,0.0101,0.2545,1.5980,sell
2024-08-02,201.7394,6796700,206.1242,206.6965,200.5268,-0.0501,-0.0816,-0.1006,-0.0768,-0.1014,33.8155,0.0335,-0.0146,-0.0116,-0.1685,0.2576,1.8831,sell
2024-08-05,194.5608,4879700,199.8672,202.8356,192.7855,-0.0356,-0.1180,-0.1645,-0.0938,-0.1305,27.1845,0.0296,-0.0237,-0.0165,-0.1586,-0.2820,1.2954,buy
2024-08-06,198.7516,4671100,195.3368,202.4573,195.1622,0.0215,-0.0877,-0.1105,-0.0635,-0.1095,32.9902,0.0307,-0.0278,-0.0166,0.0266,-0.0427,1.1872,sell
2024-08-07,195.2883,4178200,204.1743,205.0959,194.8518,-0.0174,-0.1300,-0.1038,-0.0699,-0.1228,29.1869,0.0304,-0.0331,-0.0173,0.0330,-0.1055,1.0600,buy
2024-08-08,207.2495,4510100,200.0224,207.7346,198.1598,0.0612,-0.0241,-0.0330,-0.0096,-0.0675,40.7552,0.0378,-0.0297,-0.0119,0.2882,0.0794,1.1242,hold
2024-08-09,204.9892,2482100,203.6699,207.3368,202.9035,-0.0109,0.0161,-0.0668,-0.0135,-0.0764,33.7849,0.0365,-0.0295,-0.0092,0.2687,-0.4497,0.6235,hold
2024-08-12,205.7362,1712100,205.8041,207.0167,203.7184,0.0036,0.0574,-0.0674,-0.0027,-0.0716,38.5485,0.0365,-0.0283,-0.0064,0.3045,-0.3102,0.4320,buy
2024-08-13,211.4888,4011000,206.8712,212.0611,206.8227,0.0280,0.0641,-0.0293,0.0283,-0.0444,45.8620,0.0380,-0.0242,-0.0024,0.4379,1.3427,0.9865,sell
2024-08-14,208.8792,2409500,210.4314,211.5858,206.4346,-0.0123,0.0696,-0.0694,0.0234,-0.0548,46.4494,0.0362,-0.0226,-0.0004,0.3995,-0.3993,0.6079,buy
2024-08-15,216.9795,5197400,213.8558,217.5324,212.8566,0.0388,0.0469,0.0217,0.0607,-0.0176,48.3109,0.0346,-0.0171,0.0034,0.6029,1.1570,1.2867,hold
2024-08-16,216.5138,2573600,216.3780,217.1056,214.7968,-0.0021,0.0562,0.0732,0.0508,-0.0186,47.4080,0.0294,-0.0134,0.0057,0.6043,-0.5048,0.6397,buy
2024-08-19,219.1913,2803100,215.7766,219.3174,214.8647,0.0124,0.0654,0.1266,0.0512,-0.0055,50.8441,0.0253,-0.0093,0.0077,0.7087,0.0892,0.6969,sell
2024-08-20,216.8049,3994200,217.2608,219.2592,214.7677,-0.0109,0.0251,0.0908,0.0309,-0.0153,44.8640,0.0260,-0.0070,0.0081,0.6581,0.4249,0.9916,buy
2024-08-21,220.6949,5595100,222.6545,229.7749,218.0854,0.0179,0.0566,0.1301,0.0368,0.0030,56.2756,0.0244,-0.0036,0.0090,0.7612,0.4008,1.3719,sell
2024-08-22,215.2722,3708100,218.9294,221.4322,214.6416,-0.0246,-0.0079,0.0387,0.0076,-0.0204,61.0732,0.0200,-0.0030,0.0080,0.6071,-0.3373,0.9252,buy
2024-08-23,221.5583,3208000,219.0943,222.3538,218.0369,0.0292,0.0233,0.0808,0.0290,0.0091,72.4182,0.0207,-0.0000,0.0085,0.7777,-0.1349,0.8114,sell
2024-08-26,218.8615,2532300,221.0248,221.3643,217.0959,-0.0122,-0.0015,0.0638,0.0103,-0.0024,67.1238,0.0217,0.0012,0.0079,0.7072,-0.2106,0.6417,buy
2024-08-27,224.9051,3707500,218.3764,225.3998,217.6003,0.0276,0.0374,0.0634,0.0318,0.0251,74.1574,0.0216,0.0043,0.0086,0.8511,0.4641,0.9424,sell
2024-08-28,220.3748,3211800,224.1678,226.2729,218.4055,-0.0201,-0.0015,0.0550,0.0057,0.0049,62.1826,0.0225,0.0051,0.0076,0.7415,-0.1337,0.8279,buy
2024-08-29,223.9835,2711500,222.6254,228.0773,222.6157,0.0164,0.0405,0.0323,0.0190,0.0218,67.1996,0.0198,0.0069,0.0075,0.8108,-0.1558,0.7241,buy
2024-08-30,227.8154,2770900,227.9124,229.0765,224.8857,0.0171,0.0282,0.0522,0.0311,0.0388,68.9351,0.0201,0.0094,0.0080,0.8668,0.0219,0.7820,sell
2024-09-03,213.0023,4868600,222.7219,224.0171,211.9700,-0.0650,-0.0268,-0.0282,-0.0332,-0.0278,51.1234,0.0297,0.0067,0.0041,0.4593,0.7570,1.3742,buy
2024-09-04,216.0117,2736400,214.2684,218.1348,212.4277,0.0141,-0.0395,-0.0037,-0.0192,-0.0136,55.2628,0.0300,0.0050,0.0020,0.5232,-0.4379,0.7941,sell
2024-09-05,213.3432,2730000,213.7522,215.8363,212.0381,-0.0124,-0.0319,-0.0333,-0.0281,-0.0248,47.0830,0.0295,0.0027,-0.0003,0.3881,-0.0023,0.8092,sell
2024-09-06,208.0646,3437000,212.8660,213.6840,207.1491,-0.0247,-0.0711,-0.0335,-0.0490,-0.0478,43.7081,0.0295,-0.0011,-0.0034,0.1756,0.2590,1.0352,buy
2024-09-09,212.8562,2450800,211.3467,213.5866,210.4117,0.0230,-0.0657,-0.0393,-0.0232,-0.0253,45.4265,0.0288,-0.0023,-0.0036,0.3371,-0.2869,0.7385,hold
2024-09-10,213.0120,2048900,211.8239,213.3139,208.5321,0.0007,0.0000,-0.0267,-0.0199,-0.0238,47.1707,0.0287,-0.0032,-0.0036,0.3113,-0.1640,0.6143,buy
2024-09-11,219.1963,3431800,214.1515,219.8294,209.1067,0.0290,0.0147,-0.0254,0.0112,0.0044,48.9191,0.0288,-0.0014,-0.0015,0.5895,0.6749,1.0379,sell
2024-09-12,215.7487,2157800,217.6089,217.6186,213.2166,-0.0157,0.0113,-0.0210,-0.0026,-0.0108,50.3538,0.0286,-0.0014,-0.0011,0.3964,-0.3712,0.6551,buy
2024-09-13,219.5372,2032300,217.9984,220.6377,217.1901,0.0176,0.0551,-0.0199,0.0170,0.0069,48.4417,0.0287,0.0000,0.0002,0.5896,-0.0582,0.6482,sell
2024-09-16,217.4530,2124000,216.5863,218.6022,214.9306,-0.0095,0.0216,-0.0455,0.0122,-0.0021,48.9037,0.0279,0.0004,0.0005,0.4772,0.0451,0.6823,buy
2024-09-17,219.4690,2524500,221.5045,223.0627,216.8395,0.0093,0.0303,0.0304,0.0186,0.0078,45.4856,0.0182,0.0014,0.0012,0.5829,0.1886,0.8146,sell
2024-09-18,216.8297,2527300,222.8971,222.8971,216.1675,-0.0120,-0.0108,0.0038,0.0059,-0.0036,46.9606,0.0183,0.0012,0.0008,0.4436,0.0011,0.8353,buy
2024-09-19,227.3576,7157700,223.9977,229.6073,221.9232,0.0486,0.0538,0.0657,0.0480,0.0452,52.5861,0.0231,0.0047,0.0035,0.9420,1.8322,2.3061,sell
2024-09-20,220.8617,5009500,225.9163,226.4130,218.4951,-0.0286,0.0060,0.0615,0.0120,0.0159,44.8795,0.0237,0.0053,0.0032,0.6142,-0.3001,1.5808,hold
2024-09-23,220.1118,1357900,218.9139,220.9201,218.3490,-0.0034,0.0122,0.0341,0.0053,0.0135,56.6027,0.0230,0.0053,0.0026,0.5818,-0.7289,0.4414,hold
2024-09-24,221.3974,1984800,222.6732,224.7768,220.9007,0.0058,0.0088,0.0394,0.0073,0.0203,55.1673,0.0230,0.0057,0.0024,0.6374,0.4617,0.6510,hold
2024-09-25,220.7254,2042600,218.2517,221.6408,218.2517,-0.0030,0.0180,0.0070,0.0035,0.0186,57.3650,0.0213,0.0058,0.0019,0.6193,0.0291,0.6887,buy
2024-09-26,226.3935,3883000,226.5493,227.8738,218.9431,0.0257,-0.0042,0.0493,0.0243,0.0450,68.1450,0.0218,0.0076,0.0031,0.8674,0.9010,1.2946,hold
2024-09-27,225.9942,2277800,228.5848,229.1204,225.0592,-0.0018,0.0232,0.0294,0.0196,0.0437,64.2450,0.0214,0.0089,0.0035,0.8357,-0.4134,0.7650,sell
2024-09-30,224.1632,2711400,222.9264,224.5430,220.7448,-0.0081,0.0184,0.0309,0.0082,0.0352,61.6670,0.0213,0.0093,0.0031,0.7727,0.1904,0.9115,sell
2024-10-01,217.8329,3124400,222.9556,223.4523,216.5960,-0.0282,-0.0161,-0.0075,-0.0195,0.0074,48.5778,0.0233,0.0073,0.0007,0.4503,0.1523,1.0820,buy
2024-10-02,221.7869,1858000,219.1087,223.9684,217.7062,0.0182,0.0048,0.0229,-0.0039,0.0258,56.2324,0.0236,0.0068,0.0003,0.6353,-0.4053,0.6534,hold
2024-10-03,220.6474,2087700,218.7678,222.8679,218.6022,-0.0051,-0.0254,-0.0295,-0.0061,0.0203,51.2122,0.0172,0.0061,-0.0004,0.5616,0.1236,0.7426,buy
2024-10-04,222.2739,1895200,225.8481,226.2961,220.2092,0.0074,-0.0165,0.0064,0.0006,0.0271,55.3169,0.0149,0.0060,-0.0004,0.6316,-0.0922,0.6931,sell
2024-10-07,220.5987,1564700,219.7612,221.3778,218.2419,-0.0075,-0.0159,0.0022,-0.0071,0.0193,51.2554,0.0150,0.0053,-0.0009,0.5020,-0.1744,0.5817,buy
2024-10-08,223.4133,2447400,220.8227,224.4943,218.4561,0.0128,0.0256,0.0091,0.0046,0.0320,57.2876,0.0155,0.0056,-0.0004,0.6842,0.5641,0.9031,buy
2024-10-09,227.1531,2410700,224.3872,227.4842,223.3062,0.0167,0.0242,0.0291,0.0185,0.0484,49.7336,0.0161,0.0070,0.0009,0.9172,-0.0150,0.9066,sell
2024-10-10,224.6794,1793700,223.7055,225.7799,222.7024,-0.0109,0.0183,-0.0076,0.0082,0.0369,55.5555,0.0145,0.0074,0.0009,0.7157,-0.2559,0.6792,buy
2024-10-11,226.7830,1428900,223.3354,227.8933,223.3354,0.0094,0.0203,0.0035,0.0173,0.0452,59.3400,0.0148,0.0081,0.0014,0.8395,-0.2034,0.5474,buy
2024-10-14,230.2599,1770300,227.6985,230.8442,226.6272,0.0153,0.0438,0.0272,0.0300,0.0585,61.6906,0.0152,0.0098,0.0026,1.0160,0.2389,0.6828,sell
2024-10-15,219.9754,4112200,229.8508,230.5812,218.2322,-0.0447,-0.0154,0.0098,-0.0169,0.0089,49.2109,0.0192,0.0079,0.0002,0.2881,1.3229,1.5388,buy
2024-10-16,221.5532,1585700,222.8777,224.3288,220.0631,0.0072,-0.0247,-0.0011,-0.0097,0.0140,44.4270,0.0185,0.0064,-0.0009,0.3730,-0.6144,0.6040,hold
2024-10-17,221.4071,3637700,226.4519,227.4648,221.2415,-0.0007,-0.0146,0.0034,-0.0107,0.0109,44.6876,0.0184,0.0052,-0.0017,0.3798,1.2941,1.4853,hold
2024-10-18,222.3713,1763100,223.1893,223.7834,221.0468,0.0044,-0.0195,0.0004,-0.0065,0.0139,47.8822,0.0183,0.0045,-0.0019,0.4508,-0.5153,0.7710,sell
2024-10-21,219.7807,2212200,220.3942,220.5013,216.6057,-0.0116,-0.0455,-0.0037,-0.0177,0.0007,52.5252,0.0185,0.0031,-0.0027,0.2428,0.2547,0.9496,hold
2024-10-22,218.7581,1833700,218.5828,219.7222,216.8979,-0.0047,-0.0055,-0.0208,-0.0202,-0.0051,45.7502,0.0180,0.0015,-0.0035,0.1834,-0.1711,0.7897,buy
2024-10-23,220.9299,2492000,222.1278,223.5205,218.1640,0.0099,-0.0028,-0.0274,-0.0077,0.0039,50.3852,0.0173,0.0010,-0.0031,0.3513,0.3590,1.0629,buy
2024-10-24,223.6860,2376100,222.7705,224.3288,221.4850,0.0125,0.0103,-0.0044,0.0051,0.0151,51.8680,0.0176,0.0016,-0.0020,0.5792,-0.0465,1.0471,hold
2024-10-25,224.1632,1733500,225.7896,229.0620,224.0366,0.0021,0.0081,-0.0116,0.0084,0.0166,54.8696,0.0173,0.0022,-0.0011,0.6282,-0.2704,0.7732,hold
2024-10-28,224.1340,3403700,223.1504,225.8968,222.6342,-0.0001,0.0198,-0.0266,0.0111,0.0157,51.0657,0.0164,0.0027,-0.0005,0.6259,0.9635,1.4951,buy
2024-10-29,229.0912,2055900,223.7055,229.7047,223.0335,0.0221,0.0472,0.0414,0.0292,0.0373,52.7662,0.0095,0.0047,0.0012,0.9717,-0.3960,0.9248,sell
2024-10-30,224.1145,2084400,224.7573,226.9096,223.8808,-0.0217,0.0144,0.0116,0.0057,0.0141,49.2475,0.0124,0.0046,0.0009,0.5660,0.0139,0.9329,sell
2024-10-31,217.2875,4258100,224.1535,224.1924,215.0670,-0.0305,-0.0286,-0.0186,-0.0231,-0.0165,38.7647,0.0160,0.0020,-0.0015,0.0656,1.0428,1.8174,buy
2024-11-01,219.5956,2922800,218.0276,220.6864,217.1803,0.0106,-0.0204,-0.0125,-0.0115,-0.0065,37.0230,0.0163,0.0007,-0.0022,0.2539,-0.3136,1.2207,sell
2024-11-04,218.3393,1599600,219.1281,220.8617,217.6089,-0.0057,-0.0259,-0.0066,-0.0165,-0.0119,47.4484,0.0160,-0.0008,-0.0029,0.1818,-0.4527,0.6676,sell
2024-11-05,211.9213,3753400,213.5866,213.5866,209.7008,-0.0294,-0.0749,-0.0313,-0.0425,-0.0403,36.9491,0.0185,-0.0044,-0.0053,-0.1009,1.3465,1.5249,buy
2024-11-06,220.3455,3615300,217.8426,222.1375,216.1480,0.0398,-0.0168,-0.0026,-0.0042,-0.0017,48.8251,0.0227,-0.0038,-0.0038,0.4035,-0.0368,1.4337,hold
2024-11-07,221.8259,2500600,223.6373,224.2606,219.8294,0.0067,0.0209,-0.0083,0.0034,0.0048,49.4032,0.0224,-0.0029,-0.0023,0.5006,-0.3083,0.9780,sell
2024-11-08,219.9073,3426900,220.6474,222.1667,218.8944,-0.0086,0.0014,-0.0190,-0.0034,-0.0035,50.1406,0.0225,-0.0029,-0.0018,0.4017,0.3704,1.2898,sell
2024-11-11,214.7164,3271700,218.0082,219.1379,212.7199,-0.0236,-0.0166,-0.0420,-0.0227,-0.0259,45.8919,0.0236,-0.0049,-0.0030,0.0938,-0.0453,1.1976,hold
2024-11-12,213.8204,2593900,214.7358,215.0864,210.2656,-0.0042,0.0090,-0.0667,-0.0200,-0.0300,42.5813,0.0217,-0.0067,-0.0038,0.0883,-0.2072,0.9766,sell
2024-11-13,207.2855,4609800,211.1129,211.9992,206.8959,-0.0306,-0.0593,-0.0751,-0.0426,-0.0589,34.1371,0.0226,-0.0107,-0.0062,-0.1279,0.7772,1.6421,hold
2024-11-14,206.7011,3214100,207.8698,209.4280,205.9415,-0.0028,-0.0682,-0.0487,-0.0406,-0.0610,33.1453,0.0211,-0.0139,-0.0075,-0.0370,-0.3028,1.1536,sell
2024-11-15,200.9648,3881000,203.3217,204.8897,200.0396,-0.0278,-0.0861,-0.0848,-0.0591,-0.0865,29.8560,0.0214,-0.0189,-0.0099,-0.1123,0.2075,1.3420,buy
2024-11-18,204.1787,3774000,201.1304,204.4125,200.7311,0.0160,-0.0491,-0.0649,-0.0376,-0.0711,27.6633,0.0228,-0.0207,-0.0095,0.0713,-0.0276,1.2707,hold
2024-11-19,204.9384,2958600,202.2796,205.3182,201.4031,0.0037,-0.0415,-0.0330,-0.0309,-0.0670,31.4000,0.0215,-0.0218,-0.0084,0.1413,-0.2161,0.9776,hold
2024-11-20,205.5033,3072400,201.8414,205.6493,201.8414,0.0028,-0.0086,-0.0674,-0.0213,-0.0632,36.9893,0.0157,-0.0221,-0.0071,0.1938,0.0385,1.0056,buy
2024-11-21,208.3763,2540600,206.7498,209.3989,204.5683,0.0140,0.0081,-0.0606,-0.0013,-0.0495,37.7655,0.0165,-0.0208,-0.0047,0.3020,-0.1731,0.8293,hold
2024-11-22,208.9898,2695200,206.0194,209.1457,206.0194,0.0029,0.0399,-0.0496,0.0069,-0.0458,39.6597,0.0167,-0.0194,-0.0028,0.3399,0.0609,0.8662,buy
2024-11-25,217.7452,7303600,212.0576,219.1281,210.3630,0.0419,0.0664,0.0141,0.0476,-0.0058,56.1245,0.0209,-0.0143,0.0014,0.6290,1.7099,2.2088,sell
2024-11-26,213.3334,6568700,226.0915,227.4550,210.3727,-0.0203,0.0410,-0.0023,0.0266,-0.0254,41.9464,0.0220,-0.0125,0.0028,0.5125,-0.1006,1.8596,sell
2024-11-27,211.5025,2943400,213.5964,213.6743,208.3178,-0.0086,0.0292,0.0203,0.0157,-0.0333,38.2379,0.0196,-0.0116,0.0031,0.4656,-0.5519,0.8233,hold
2024-11-29,212.3595,1992600,213.4698,215.9143,211.8239,0.0041,0.0191,0.0274,0.0171,-0.0281,41.1872,0.0195,-0.0103,0.0035,0.5098,-0.3230,0.5756,buy
2024-12-02,217.2972,3240200,212.4375,218.9236,211.3467,0.0233,0.0398,0.0813,0.0327,-0.0052,53.0314,0.0171,-0.0071,0.0050,0.7196,0.6261,0.9317,sell
2024-12-03,215.7585,2340500,215.7974,217.5017,214.2100,-0.0071,-0.0091,0.0567,0.0197,-0.0118,52.2425,0.0175,-0.0054,0.0055,0.6643,-0.2777,0.6659,sell
2024-12-04,212.6030,2635200,217.2875,217.3849,212.1745,-0.0146,-0.0034,0.0374,0.0012,-0.0255,56.6748,0.0186,-0.0051,0.0047,0.5294,0.1259,0.7619,sell
2024-12-05,208.9509,2474800,211.5609,213.6646,208.2789,-0.0172,-0.0121,0.0168,-0.0176,-0.0412,52.6220,0.0198,-0.0063,0.0030,0.3934,-0.0609,0.7275,buy
2024-12-06,212.5056,3189400,209.1262,212.8854,208.1523,0.0170,0.0007,0.0198,-0.0028,-0.0236,64.1713,0.0200,-0.0057,0.0028,0.5810,0.2888,0.9281,buy
2024-12-09,214.2269,2467200,211.2244,218.6379,210.4322,0.0081,-0.0141,0.0251,0.0028,-0.0146,62.8080,0.0201,-0.0045,0.0031,0.6957,-0.2264,0.7281,sell
2024-12-10,210.8723,2679400,214.2269,214.8431,209.7867,-0.0157,-0.0226,-0.0316,-0.0097,-0.0289,57.0944,0.0153,-0.0048,0.0023,0.5262,0.0860,0.7977,buy
2024-12-11,212.3491,3839200,211.2831,214.2269,210.8234,0.0070,-0.0012,-0.0046,-0.0023,-0.0216,58.0100,0.0143,-0.0044,0.0021,0.6126,0.4329,1.1222,hold
2024-12-12,212.9359,2995000,210.4224,213.9237,209.9236,0.0028,0.0191,0.0068,-0.0002,-0.0181,55.6366,0.0140,-0.0039,0.0021,0.6302,-0.2199,0.8966,sell
2024-12-13,211.8503,3067300,210.6767,213.1804,209.0532,-0.0051,-0.0031,-0.0024,-0.0051,-0.0223,53.4953,0.0141,-0.0038,0.0018,0.5563,0.0241,0.9203,hold
2024-12-16,211.5569,3409800,210.1975,213.0044,208.9652,-0.0014,-0.0125,-0.0264,-0.0038,-0.0227,40.4670,0.0114,-0.0038,0.0014,0.5111,0.1117,1.0304,sell
2024-12-17,209.1217,3240500,211.1462,213.1413,207.6937,-0.0115,-0.0083,-0.0308,-0.0122,-0.0329,43.0911,0.0117,-0.0047,0.0004,0.3128,-0.0497,0.9872,sell
2024-12-18,203.2046,4077400,210.4322,214.1389,202.7058,-0.0283,-0.0431,-0.0442,-0.0358,-0.0585,37.9972,0.0138,-0.0079,-0.0020,-0.0863,0.2583,1.2213,hold
2024-12-19,203.2144,3941900,204.9944,205.9822,202.6765,0.0000,-0.0457,-0.0275,-0.0332,-0.0564,36.4394,0.0131,-0.0101,-0.0034,-0.0419,-0.0332,1.1655,buy
2024-12-20,207.1265,6604100,201.7473,208.6717,201.3072,0.0193,-0.0223,-0.0253,-0.0120,-0.0366,34.4455,0.0135,-0.0100,-0.0028,0.2246,0.6754,1.8420,buy
2024-12-23,210.1681,2478500,207.2732,210.8430,206.9015,0.0147,-0.0066,-0.0189,0.0044,-0.0210,41.8263,0.0142,-0.0087,-0.0012,0.4173,-0.6247,0.6934,buy
2024-12-24,213.2978,1063500,211.1951,213.4152,208.9749,0.0149,0.0200,0.0115,0.0182,-0.0048,51.0166,0.0142,-0.0064,0.0008,0.6465,-0.5709,0.3260,hold
2024-12-26,213.2685,1189000,210.6571,214.2563,210.6571,-0.0001,0.0495,0.0043,0.0176,-0.0043,57.0669,0.0140,-0.0046,0.0020,0.6447,0.1180,0.3972,sell
2024-12-27,212.2220,1926700,212.6523,213.4543,210.5104,-0.0049,0.0443,-0.0034,0.0130,-0.0084,49.4943,0.0141,-0.0036,0.0025,0.5685,0.6204,0.6548,sell
2024-12-30,207.8893,2578300,209.5422,209.9138,206.3929,-0.0204,0.0037,-0.0187,-0.0058,-0.0274,39.6618,0.0155,-0.0044,0.0014,0.2844,0.3382,0.8676,hold
2024-12-31,207.7915,1608800,209.2977,209.8356,206.4321,-0.0005,-0.0113,-0.0178,-0.0045,-0.0265,44.3771,0.0155,-0.0050,0.0006,0.2963,-0.3760,0.5566,sell
2025-01-02,206.7059,2378700,210.7549,212.4763,205.1411,-0.0052,-0.0309,-0.0116,-0.0086,-0.0304,39.5509,0.0152,-0.0059,-0.0001,0.2394,0.4786,0.8224,buy
2025-01-03,210.6376,2547200,208.0849,211.3613,205.7768,0.0190,-0.0123,0.0366,0.0067,-0.0112,46.2133,0.0129,-0.0049,0.0006,0.5502,0.0708,0.8820,buy
2025-01-06,213.2098,2490700,210.5985,216.6622,210.0605,0.0122,0.0047,0.0492,0.0142,0.0016,52.1352,0.0131,-0.0031,0.0019,0.7298,-0.0222,0.8622,sell
2025-01-07,211.1266,3573100,214.9604,215.4397,209.5911,-0.0098,0.0156,0.0193,0.0023,-0.0070,49.3601,0.0128,-0.0025,0.0020,0.5765,0.4346,1.2288,buy
2025-01-08,215.5962,3096400,210.6669,216.3003,207.9578,0.0212,0.0376,0.0258,0.0209,0.0148,59.0784,0.0136,-0.0003,0.0033,0.9041,-0.1334,1.0535,sell
2025-01-10,207.7035,4108500,212.7599,214.5497,207.1362,-0.0366,0.0048,-0.0262,-0.0138,-0.0208,55.9771,0.0176,-0.0016,0.0017,0.3263,0.3269,1.3646,hold
2025-01-13,208.2707,3960600,204.7401,208.6815,203.5175,0.0027,-0.0112,-0.0234,-0.0088,-0.0162,56.6197,0.0177,-0.0023,0.0008,0.3826,-0.0360,1.3128,buy
2025-01-14,209.9334,1634600,208.4761,210.1094,206.8917,0.0080,-0.0154,-0.0108,0.0002,-0.0070,53.9048,0.0180,-0.0023,0.0007,0.5182,-0.5873,0.5543,buy
2025-01-15,213.4250,3302500,212.7208,214.7648,210.9603,0.0166,0.0109,0.0266,0.0142,0.0098,54.4746,0.0173,-0.0008,0.0016,0.7729,1.0204,1.1155,sell
2025-01-16,210.2953,3116000,213.5032,213.5032,208.0360,-0.0147,-0.0246,0.0120,-0.0019,-0.0041,45.8748,0.0182,-0.0009,0.0012,0.5440,-0.0565,1.0578,buy
2025-01-17,214.3443,2871100,215.7135,215.7918,213.0533,0.0193,0.0320,0.0370,0.0137,0.0155,51.3311,0.0188,0.0005,0.0021,0.8146,-0.0786,0.9808,buy
2025-01-21,216.5840,4090900,214.4127,218.7356,214.3443,0.0104,0.0399,0.0282,0.0214,0.0256,55.2421,0.0182,0.0025,0.0033,0.9383,0.4249,1.3971,buy
2025-01-22,219.1562,2883300,216.5840,221.2492,216.2417,0.0119,0.0439,0.0279,0.0306,0.0379,64.1385,0.0182,0.0049,0.0045,1.0632,-0.2952,1.0028,buy
2025-01-23,223.3324,2608000,217.0045,223.4106,216.6622,0.0191,0.0464,0.0578,0.0443,0.0576,67.6909,0.0183,0.0081,0.0062,1.1621,-0.0955,0.9748,sell
2025-01-24,212.5936,3929200,219.6843,221.0731,212.3589,-0.0481,0.0109,-0.0139,-0.0045,0.0074,55.4947,0.0240,0.0071,0.0041,0.5135,0.5066,1.4299,sell
2025-01-27,210.6865,7088000,212.6230,215.9678,208.9456,-0.0090,-0.0171,0.0144,-0.0148,-0.0013,50.0474,0.0209,0.0052,0.0017,0.4069,0.8039,2.3246,sell
2025-01-28,204.9161,3748600,208.1338,209.2097,203.3317,-0.0274,-0.0539,-0.0161,-0.0403,-0.0278,42.4259,0.0228,0.0015,-0.0017,0.1135,-0.4711,1.1799,hold
2025-01-29,205.2975,2258500,204.9357,207.2145,204.4173,0.0019,-0.0632,-0.0221,-0.0364,-0.0258,44.5059,0.0226,-0.0014,-0.0036,0.1712,-0.3975,0.7072,buy
2025-01-30,207.7328,2976400,205.6105,208.3881,204.5053,0.0119,-0.0698,-0.0267,-0.0224,-0.0143,42.2929,0.0222,-0.0026,-0.0039,0.3015,0.3179,0.9262,hold
2025-01-31,207.2341,3486400,207.0580,212.8382,206.0604,-0.0024,-0.0252,-0.0146,-0.0233,-0.0173,49.4619,0.0218,-0.0038,-0.0041,0.2776,0.1713,1.0541,sell
2025-02-03,200.7302,4483500,204.6912,205.0433,198.3145,-0.0314,-0.0473,-0.0635,-0.0479,-0.0478,42.3920,0.0223,-0.0074,-0.0061,0.0001,0.2860,1.3138,hold
2025-02-04,201.4832,4651500,200.1042,203.7718,199.5859,0.0038,-0.0168,-0.0697,-0.0374,-0.0439,41.3148,0.0219,-0.0097,-0.0068,0.0921,0.0375,1.3222,buy
2025-02-05,205.1900,4515700,200.9160,205.9235,199.6739,0.0184,-0.0005,-0.0637,-0.0131,-0.0263,41.5732,0.0226,-0.0098,-0.0055,0.2780,-0.0292,1.2477,sell
2025-02-06,203.2633,2715100,204.1435,205.8844,201.2290,-0.0094,-0.0215,-0.0899,-0.0129,-0.0350,42.6226,0.0208,-0.0107,-0.0051,0.2211,-0.3987,0.7592,sell
2025-02-07,200.7008,3194700,203.1165,204.9455,199.2631,-0.0126,-0.0315,-0.0559,-0.0196,-0.0464,35.2255,0.0158,-0.0124,-0.0054,0.1549,0.1766,0.8921,hold
2025-02-10,200.3585,2820500,202.0407,202.6569,198.5101,-0.0017,-0.0019,-0.0490,-0.0164,-0.0464,31.6766,0.0158,-0.0137,-0.0053,0.1722,-0.1171,0.8020,sell
2025-02-11,198.9893,2335700,198.4709,202.0798,198.1873,-0.0068,-0.0124,-0.0289,-0.0202,-0.0517,26.5894,0.0138,-0.0151,-0.0054,0.1564,-0.1719,0.6799,buy
2025-02-12,200.6226,2411500,196.5931,200.8867,196.3877,0.0082,-0.0223,-0.0228,-0.0099,-0.0429,21.9835,0.0141,-0.0152,-0.0044,0.2414,0.0325,0.6941,buy
2025-02-13,204.7401,3134900,200.4857,205.0433,200.4857,0.0205,0.0073,-0.0144,0.0119,-0.0225,38.4193,0.0153,-0.0133,-0.0022,0.4030,0.3000,0.9045,buy
2025-02-14,209.8943,3938600,206.5983,210.4224,206.0017,0.0252,0.0458,0.0128,0.0360,0.0028,48.9339,0.0174,-0.0097,0.0009,0.5909,0.2564,1.1230,buy
2025-02-18,215.3810,7400200,212.4958,215.6646,211.0288,0.0261,0.0750,0.0730,0.0555,0.0290,64.1910,0.0147,-0.0048,0.0045,0.7860,0.8789,1.9821,buy
2025-02-19,236.3499,9789600,224.9657,237.1812,219.1758,0.0974,0.1878,0.1730,0.1388,0.1267,77.0213,0.0320,0.0061,0.0116,1.2496,0.3229,2.4361,hold
2025-02-20,238.4624,5889800,238.1886,241.6704,237.2204,0.0089,0.1886,0.1622,0.1308,0.1335,76.8915,0.0320,0.0148,0.0162,1.1445,-0.3984,1.4128,sell
2025-02-21,233.6603,6176500,239.5480,240.6728,232.5356,-0.0201,0.1413,0.1495,0.0923,0.1085,71.5059,0.0331,0.0203,0.0174,0.9886,0.0487,1.4208,hold
2025-02-24,231.7825,4778300,235.0002,235.3523,230.9903,-0.0080,0.1043,0.1549,0.0680,0.0977,77.3283,0.0327,0.0237,0.0166,0.8992,-0.2264,1.0885,hold
2025-02-25,230.1297,4136800,233.0931,233.0931,229.2299,-0.0071,0.0685,0.1486,0.0460,0.0879,74.8178,0.0331,0.0256,0.0148,0.8317,-0.1343,0.9752,hold
2025-02-26,228.5941,2908200,229.8754,231.1859,226.7359,-0.0067,-0.0328,0.1488,0.0253,0.0790,71.0689,0.0331,0.0263,0.0123,0.7747,-0.2970,0.6924,sell
2025-02-27,218.9313,4480000,229.0832,229.0832,218.5889,-0.0423,-0.0819,0.0913,-0.0261,0.0328,62.3802,0.0377,0.0240,0.0075,0.5925,0.5405,1.0392,buy
2025-02-28,225.0048,4631200,221.0242,225.0635,218.1488,0.0277,-0.0370,0.0990,-0.0080,0.0602,68.1945,0.0380,0.0227,0.0053,0.6830,0.0337,1.0540,hold
2025-03-03,223.5084,5000100,226.7457,228.6920,220.7113,-0.0067,-0.0357,0.0649,-0.0205,0.0519,67.0361,0.0379,0.0215,0.0032,0.6423,0.0797,1.1187,hold
2025-03-04,222.1725,4742400,226.3767,227.3393,219.9329,-0.0060,-0.0346,0.0315,-0.0292,0.0443,67.0690,0.0374,0.0198,0.0011,0.6026,-0.0515,1.0580,buy
2025-03-05,225.4042,3927300,223.1548,225.7873,218.7542,0.0145,-0.0140,-0.0463,-0.0104,0.0573,67.8263,0.0191,0.0190,0.0005,0.6426,-0.1719,0.8833,sell
2025-03-06,218.8229,4818700,221.6814,224.8148,218.1157,-0.0292,-0.0005,-0.0824,-0.0309,0.0250,59.7835,0.0199,0.0166,-0.0020,0.5091,0.2270,1.0801,buy
2025-03-07,221.8582,4062900,219.6284,222.6440,215.8466,0.0139,-0.0140,-0.0505,-0.0123,0.0377,58.5636,0.0206,0.0150,-0.0027,0.5506,-0.1568,0.8971,sell
2025-03-10,212.4283,4946600,216.3181,217.2316,209.3734,-0.0425,-0.0496,-0.0835,-0.0461,-0.0066,47.9994,0.0238,0.0108,-0.0062,0.3471,0.2175,1.0715,sell
2025-03-11,205.3755,4225500,213.4793,213.5382,202.8215,-0.0332,-0.0756,-0.1076,-0.0674,-0.0388,24.1365,0.0250,0.0043,-0.0105,0.1871,-0.1458,0.9016,sell
2025-03-12,202.9590,3917700,205.3755,209.2162,201.9768,-0.0118,-0.0996,-0.1121,-0.0675,-0.0492,20.5045,0.0250,-0.0020,-0.0137,0.1204,-0.0728,0.8220,sell
2025-03-13,200.1890,2625200,202.3501,204.4718,199.0005,-0.0136,-0.0852,-0.0856,-0.0722,-0.0612,21.2210,0.0226,-0.0082,-0.0160,0.0617,-0.3299,0.5496,buy
2025-03-14,205.0513,2614100,203.6859,206.1318,202.5760,0.0243,-0.0758,-0.0887,-0.0408,-0.0381,28.1382,0.0220,-0.0108,-0.0147,0.1668,-0.0042,0.5503,buy
2025-03-17,207.9294,2514500,204.0691,209.5895,203.6958,0.0140,-0.0212,-0.0697,-0.0202,-0.0246,32.2005,0.0232,-0.0115,-0.0123,0.2342,-0.0381,0.5374,sell
2025-03-18,205.4541,2657000,206.8489,207.0159,204.0101,-0.0119,0.0004,-0.0752,-0.0242,-0.0361,31.7224,0.0232,-0.0132,-0.0112,0.2023,0.0567,0.5981,hold
2025-03-19,206.2497,2571900,205.4835,209.2555,204.4030,0.0039,0.0162,-0.0850,-0.0114,-0.0320,38.3516,0.0223,-0.0139,-0.0095,0.2436,-0.0320,0.6302,sell
2025-03-20,202.2518,2775400,204.4816,204.4816,201.1811,-0.0194,0.0103,-0.0757,-0.0228,-0.0498,28.2721,0.0215,-0.0161,-0.0094,0.1827,0.0791,0.7070,sell
2025-03-21,200.7784,5070200,199.4621,201.6330,197.7137,-0.0073,-0.0208,-0.0950,-0.0200,-0.0558,28.2845,0.0202,-0.0182,-0.0091,0.1791,0.8268,1.3101,buy
2025-03-24,208.5777,3458300,206.2792,210.2869,206.0238,0.0388,0.0031,-0.0181,0.0200,-0.0184,38.4397,0.0218,-0.0159,-0.0057,0.3771,-0.3179,0.9091,hold
2025-03-25,209.7957,2549800,207.2418,210.8271,207.2418,0.0058,0.0211,0.0215,0.0238,-0.0129,36.2567,0.0188,-0.0138,-0.0030,0.4265,-0.2627,0.6845,sell
2025-03-26,206.7998,2453300,209.3734,211.0924,205.9747,-0.0143,0.0027,0.0189,0.0073,-0.0269,38.7001,0.0190,-0.0135,-0.0019,0.3658,-0.0378,0.6627,sell
2025-03-27,205.2379,2884800,204.9825,207.2614,202.2322,-0.0076,0.0148,0.0252,-0.0028,-0.0338,33.9347,0.0186,-0.0136,-0.0016,0.3391,0.1759,0.7964,sell
2025-03-28,197.9887,3521400,204.1378,204.3736,197.2127,-0.0353,-0.0139,-0.0344,-0.0347,-0.0666,35.4282,0.0203,-0.0168,-0.0035,0.1592,0.2207,0.9873,hold
2025-03-31,198.0968,3803700,196.6823,198.9317,193.3131,0.0005,-0.0502,-0.0473,-0.0295,-0.0650,41.4572,0.0195,-0.0188,-0.0044,0.1882,0.0802,1.0846,sell
2025-04-01,195.6509,3383000,196.7118,197.2815,191.6628,-0.0123,-0.0674,-0.0477,-0.0369,-0.0749,41.4286,0.0195,-0.0213,-0.0054,0.1426,-0.1106,0.9837,hold
2025-04-02,196.0536,2437500,192.2915,198.7156,192.2915,0.0021,-0.0520,-0.0494,-0.0300,-0.0712,44.8646,0.0194,-0.0227,-0.0054,0.1602,-0.2795,0.7245,sell
2025-04-03,177.6752,6970800,188.4213,189.7769,177.2036,-0.0937,-0.1343,-0.1215,-0.1101,-0.1549,24.5480,0.0342,-0.0342,-0.0121,-0.2479,1.8598,2.0076,sell
2025-04-04,161.6836,9633900,171.5162,173.2843,161.2317,-0.0900,-0.1834,-0.1947,-0.1741,-0.2264,15.4332,0.0420,-0.0530,-0.0230,-0.3247,0.3820,2.5685,buy
2025-04-07,168.3042,10236500,160.3084,180.0621,155.8390,0.0409,-0.1504,-0.1931,-0.1222,-0.1913,23.8523,0.0423,-0.0587,-0.0239,-0.0581,0.0625,2.5494,sell
2025-04-08,163.1472,7640300,172.2726,176.0642,158.9627,-0.0306,-0.1661,-0.2224,-0.1279,-0.2125,21.4174,0.0414,-0.0687,-0.0263,-0.0356,-0.2536,1.8252,buy
2025-04-09,193.1461,10941600,163.1079,194.9436,161.6639,0.1839,-0.0148,-0.0660,0.0401,-0.0667,45.5100,0.0779,-0.0504,-0.0116,0.4614,0.4321,2.4116,sell
2025-04-10,175.1998,8547900,186.2701,186.2701,167.9014,-0.0929,-0.0139,-0.1464,-0.0410,-0.1509,39.1500,0.0828,-0.0565,-0.0110,0.1997,-0.2188,1.7685,hold
2025-04-11,175.9856,6528800,169.0802,177.7734,164.2375,0.0045,0.0885,-0.1111,-0.0250,-0.1445,35.3004,0.0826,-0.0560,-0.0086,0.2397,-0.2362,1.2982,hold
2025-04-14,175.4355,3912100,180.0130,181.7221,172.4690,-0.0031,0.0424,-0.1144,-0.0157,-0.1445,34.4090,0.0825,-0.0556,-0.0064,0.2568,-0.4008,0.7672,hold
2025-04-15,176.3589,3035900,175.4356,179.2370,174.9149,0.0053,0.0810,-0.0986,0.0003,-0.1380,35.9226,0.0826,-0.0538,-0.0039,0.2930,-0.2240,0.5932,hold
2025-04-16,172.8128,4392800,170.5929,174.2175,167.3710,-0.0201,-0.1053,-0.1185,-0.0067,-0.1529,35.2752,0.0827,-0.0547,-0.0030,0.2629,0.4470,0.8433,hold
2025-04-17,173.1468,3341200,174.7381,175.1801,170.5045,0.0019,-0.0117,-0.0255,-0.0022,-0.1486,37.9629,0.0772,-0.0536,-0.0017,0.2903,-0.2394,0.6380,hold
2025-04-21,171.8895,3650100,169.5909,172.3610,167.9702,-0.0073,-0.0233,0.0631,-0.0152,-0.1522,37.4412,0.0706,-0.0533,-0.0007,0.2926,0.0925,0.7065,hold
2025-04-22,175.3373,3735000,173.6478,176.0151,172.1056,0.0201,-0.0006,0.0418,0.0005,-0.1330,40.3581,0.0699,-0.0495,0.0016,0.3653,0.0233,0.7210,buy
2025-04-23,179.8656,4323300,182.6946,184.5118,179.2468,0.0258,0.0199,0.1025,0.0167,-0.1088,42.6059,0.0688,-0.0436,0.0050,0.4615,0.1575,0.8206,buy
2025-04-24,191.7709,5606700,189.3152,194.0203,187.6649,0.0662,0.1097,-0.0071,0.0848,-0.0491,56.8431,0.0403,-0.0320,0.0108,0.7064,0.2969,1.0332,hold
2025-04-25,191.1422,3206800,189.5313,192.8907,188.2936,-0.0033,0.1039,0.0910,0.0716,-0.0514,66.8086,0.0240,-0.0251,0.0143,0.7265,-0.4280,0.5892,hold
2025-04-28,190.2876,3401400,189.9340,192.8907,186.5844,-0.0045,0.1070,0.0813,0.0583,-0.0542,63.4269,0.0243,-0.0197,0.0159,0.7259,0.0607,0.6257,hold
2025-04-29,189.2562,3939800,188.1070,191.3681,186.9872,-0.0054,0.0794,0.0788,0.0445,-0.0574,66.7930,0.0244,-0.0157,0.0161,0.7245,0.1583,0.7238,buy
2025-04-30,191.4664,4415400,184.2270,191.8789,183.4215,0.0117,0.0645,0.0857,0.0480,-0.0441,48.3186,0.0245,-0.0112,0.0161,0.7893,0.1207,0.8035,hold
2025-05-01,190.3073,3439500,193.3523,193.6765,190.0126,-0.0061,-0.0076,0.1012,0.0318,-0.0455,72.7784,0.0230,-0.0083,0.0154,0.7794,-0.2210,0.6203,buy
2025-05-02,195.0713,3795900,194.3543,196.1715,193.6568,0.0250,0.0206,0.1266,0.0452,-0.0174,75.6942,0.0233,-0.0037,0.0155,0.8558,0.1036,0.7047,hold
2025-05-05,194.2168,2022700,192.6844,196.1813,192.1245,-0.0044,0.0206,0.1299,0.0283,-0.0178,75.0787,0.0230,-0.0006,0.0149,0.8114,-0.4671,0.4041,sell
2025-05-06,192.1343,2535500,191.4369,193.9024,190.8180,-0.0107,0.0152,0.0958,0.0083,-0.0244,70.4325,0.0239,0.0010,0.0134,0.7361,0.2535,0.5487,buy
2025-05-07,196.3188,2965700,193.1461,197.1636,192.2227,0.0218,0.0253,0.0915,0.0214,0.0003,79.9499,0.0236,0.0039,0.0128,0.8254,0.1697,0.6760,buy
2025-05-08,199.1871,3422400,198.6763,202.3893,197.3994,0.0146,0.0467,0.0387,0.0324,0.0180,81.1662,0.0130,0.0072,0.0128,0.8798,0.1540,0.8533,buy
2025-05-09,203.8333,3537500,203.5681,206.4167,202.6349,0.0233,0.0449,0.0664,0.0496,0.0433,85.3632,0.0141,0.0113,0.0134,0.9368,0.0336,0.9407,buy
2025-05-12,219.1962,6358100,218.9211,221.4947,215.2180,0.0754,0.1286,0.1519,0.1121,0.1226,88.4185,0.0253,0.0191,0.0169,1.1333,0.7973,1.6946,buy
2025-05-13,222.6636,4373500,218.0371,223.0467,216.3476,0.0158,0.1589,0.1765,0.1109,0.1405,88.1992,0.0243,0.0265,0.0194,1.0715,-0.3121,1.1586,hold
2025-05-14,222.8012,4648400,223.6066,224.2942,220.0410,0.0006,0.1349,0.1637,0.0945,0.1411,85.0611,0.0248,0.0322,0.0201,0.9876,0.0629,1.2056,hold
2025-05-15,223.0959,3044800,220.4535,224.7461,220.0410,0.0013,0.1200,0.1723,0.0785,0.1429,86.3789,0.0242,0.0364,0.0195,0.9338,-0.3450,0.8038,hold
2025-05-16,223.0860,3617900,223.1351,223.7638,221.5340,-0.0000,0.0945,0.1436,0.0641,0.1423,88.0729,0.0245,0.0393,0.0179,0.8893,0.1882,0.9516,sell
2025-05-19,220.5615,3974200,219.6775,222.7913,219.1176,-0.0113,0.0062,0.1356,0.0390,0.1295,85.1223,0.0252,0.0407,0.0152,0.8221,0.0985,1.0409,hold
2025-05-20,220.5125,2619200,218.3809,220.6205,217.9978,-0.0002,-0.0097,0.1477,0.0250,0.1284,84.2483,0.0243,0.0410,0.0124,0.7962,-0.3409,0.6961,sell
2025-05-21,218.2827,5091100,218.6559,223.3610,217.4084,-0.0101,-0.0203,0.1119,0.0044,0.1155,82.1735,0.0252,0.0403,0.0091,0.7371,0.9438,1.3395,sell
2025-05-22,208.1750,8968300,217.5361,220.4240,207.6249,-0.0463,-0.0669,0.0451,-0.0460,0.0633,63.4205,0.0309,0.0370,0.0035,0.5465,0.7616,2.2596,hold
2025-05-23,206.7408,4848100,205.2772,207.3007,202.3500,-0.0069,-0.0733,0.0143,-0.0539,0.0552,62.6765,0.0304,0.0322,-0.0013,0.5070,-0.4594,1.1968,buy
2025-05-27,213.0471,5542200,211.3379,214.0097,208.9608,0.0305,-0.0341,-0.0281,-0.0223,0.0865,69.4999,0.0198,0.0293,-0.0025,0.6063,0.1432,1.3329,hold
2025-05-28,211.7996,3853900,213.7544,214.3241,211.6425,-0.0059,-0.0395,-0.0488,-0.0231,0.0797,65.2713,0.0187,0.0272,-0.0039,0.5643,-0.3046,0.9278,hold
2025-05-29,211.9273,3800200,214.1964,214.6286,210.2083,0.0006,-0.0291,-0.0488,-0.0176,0.0797,63.2862,0.0187,0.0251,-0.0047,0.5488,-0.0139,0.9217,sell
2025-05-30,210.1886,10923400,211.4656,212.0157,207.0650,-0.0082,0.0097,-0.0579,-0.0198,0.0704,57.0556,0.0186,0.0228,-0.0059,0.4895,1.8744,2.4290,buy
2025-06-02,211.6326,2233700,208.6367,212.3693,208.4598,0.0069,0.0237,-0.0513,-0.0078,0.0767,37.8473,0.0190,0.0209,-0.0060,0.5040,-0.7955,0.5055,buy
2025-06-03,214.5598,3515800,210.2378,215.0117,209.2751,0.0138,0.0071,-0.0272,0.0088,0.0901,36.7492,0.0197,0.0201,-0.0051,0.5559,0.5740,0.7824,hold
2025-06-04,215.6058,4199200,216.9181,218.2601,214.4513,0.0049,0.0180,-0.0223,0.0161,0.0946,38.5740,0.0198,0.0198,-0.0043,0.5611,0.1944,0.9175,hold
2025-06-05,215.1519,3496200,216.8886,219.6416,214.1454,-0.0021,0.0152,-0.0143,0.0154,0.0917,37.4487,0.0196,0.0193,-0.0039,0.5201,-0.1674,0.7595,buy
2025-06-06,219.3160,3246000,217.7569,222.3650,217.7076,0.0194,0.0434,0.0535,0.0297,0.1114,44.7346,0.0127,0.0198,-0.0023,0.6585,-0.0716,0.7065,buy
2025-06-09,224.6444,4110600,220.8553,226.1443,220.4507,0.0243,0.0615,0.0866,0.0459,0.1362,55.2881,0.0131,0.0217,0.0000,0.8647,0.2664,0.8891,buy
2025-06-10,230.2492,4164800,225.2464,231.6504,224.9898,0.0249,0.0731,0.0807,0.0635,0.1608,61.0244,0.0122,0.0246,0.0028,1.0215,0.0132,0.9227,hold
2025-06-11,229.4598,3311800,230.9893,232.9924,227.2199,-0.0034,0.0643,0.0834,0.0512,0.1531,63.0819,0.0119,0.0269,0.0040,0.9425,-0.2048,0.7425,hold
2025-06-12,229.0453,2144000,228.4632,230.6439,227.7922,-0.0018,0.0646,0.0808,0.0412,0.1472,81.5964,0.0121,0.0282,0.0042,0.8928,-0.3526,0.4945,sell
2025-06-13,222.0493,3349600,224.5458,225.9075,221.4079,-0.0305,0.0125,0.0564,0.0040,0.1093,69.8355,0.0166,0.0273,0.0020,0.6499,0.5623,0.7699,buy
2025-06-16,228.7296,3344900,225.1082,228.8480,224.4866,0.0301,0.0182,0.0808,0.0262,0.1368,70.1251,0.0183,0.0271,0.0021,0.8590,-0.0014,0.7713,sell
2025-06-17,224.4274,2726500,226.1640,228.6211,224.2991,-0.0188,-0.0253,0.0460,0.0025,0.1085,65.0269,0.0200,0.0263,0.0006,0.7042,-0.1849,0.6379,buy
2025-06-18,226.6081,2551500,227.3679,229.9926,225.8088,0.0097,-0.0124,0.0510,0.0073,0.1129,66.6561,0.0201,0.0255,0.0001,0.7591,-0.0642,0.5974,hold
2025-06-20,225.3253,5316100,228.6803,228.9467,222.5821,-0.0057,-0.0162,0.0473,-0.0029,0.0999,67.3528,0.0202,0.0245,-0.0009,0.7025,1.0835,1.2414,buy
2025-06-23,227.9205,3573500,225.1674,228.2461,223.6971,0.0115,0.0264,0.0392,0.0047,0.1088,68.1924,0.0198,0.0239,-0.0010,0.7595,-0.3278,0.8906,buy
2025-06-24,231.8675,3636100,230.8117,232.4891,230.1209,0.0173,0.0137,0.0322,0.0189,0.1218,68.9009,0.0191,0.0243,-0.0001,0.8568,0.0175,0.9201,hold
2025-06-25,231.5714,3548600,232.4793,233.3180,228.5520,-0.0013,0.0318,0.0057,0.0170,0.1144,67.7257,0.0175,0.0247,0.0002,0.8124,-0.0241,0.9212,buy
2025-06-26,234.1568,3057800,232.9036,235.0646,231.9859,0.0112,0.0333,0.0205,0.0262,0.1205,70.1465,0.0177,0.0252,0.0008,0.8585,-0.1383,0.8020,hold
2025-06-27,233.8213,3617800,233.8607,235.9033,231.8280,-0.0014,0.0377,0.0209,0.0226,0.1128,66.7350,0.0177,0.0255,0.0009,0.8173,0.1831,0.9512,hold
2025-06-30,234.8672,3258700,234.3936,235.5086,232.5385,0.0045,0.0305,0.0577,0.0215,0.1112,63.0874,0.0135,0.0257,0.0009,0.8300,-0.0993,0.9528,buy
2025-07-01,237.4525,3500600,233.4068,238.6070,232.6963,0.0110,0.0241,0.0381,0.0288,0.1166,59.9945,0.0107,0.0262,0.0013,0.8940,0.0742,1.0049,buy
2025-07-02,241.9028,3538300,237.2848,242.1889,236.8506,0.0187,0.0446,0.0779,0.0402,0.1301,65.6724,0.0082,0.0275,0.0025,0.9975,0.0108,1.0154,hold
2025-07-03,242.4258,1837400,242.5836,243.2842,240.9456,0.0022,0.0353,0.0698,0.0354,0.1255,66.8072,0.0083,0.0287,0.0030,0.9659,-0.4807,0.5458,sell
2025-07-07,238.6070,2783400,241.5673,242.0606,237.1762,-0.0158,0.0205,0.0589,0.0134,0.1018,72.6024,0.0104,0.0285,0.0019,0.8128,0.5149,0.8356,buy
2025-07-08,241.9028,3964200,240.3733,244.4486,239.4457,0.0138,0.0300,0.0613,0.0213,0.1118,69.8130,0.0105,0.0284,0.0018,0.9071,0.4242,1.1774,sell
2025-07-09,239.5050,3339000,242.3369,243.6493,237.8077,-0.0099,0.0086,0.0329,0.0079,0.0959,74.0555,0.0108,0.0278,0.0007,0.7807,-0.1577,1.0032,buy
2025-07-10,241.8830,2428200,241.5377,242.4850,239.0116,0.0099,-0.0001,0.0445,0.0135,0.1016,74.2178,0.0109,0.0273,0.0004,0.8368,-0.2728,0.7491,hold
2025-07-11,241.4390,2037700,240.1365,242.5244,238.8043,-0.0018,-0.0041,0.0311,0.0086,0.0944,76.2455,0.0108,0.0267,-0.0002,0.7880,-0.1608,0.6413,sell
2025-07-14,240.2352,2045400,239.9095,240.8963,238.2320,-0.0050,0.0068,0.0274,0.0009,0.0841,71.0101,0.0110,0.0257,-0.0011,0.7200,0.0038,0.6447,sell
2025-07-15,237.2354,3001700,241.7449,242.5047,237.0874,-0.0125,-0.0193,0.0101,-0.0126,0.0661,59.4642,0.0120,0.0237,-0.0027,0.5882,0.4675,0.9513,hold
2025-07-16,237.4229,2842100,236.5743,237.8176,233.1503,0.0008,-0.0087,-0.0001,-0.0118,0.0629,60.3563,0.0114,0.0217,-0.0038,0.5803,-0.0532,0.9080,hold
2025-07-17,237.7781,2830800,236.7618,238.6859,235.9132,0.0015,-0.0170,-0.0171,-0.0086,0.0603,56.9587,0.0094,0.0200,-0.0043,0.5746,-0.0040,0.9028,buy
2025-07-18,238.6465,2761600,239.8207,240.3733,237.6400,0.0037,-0.0116,-0.0156,-0.0034,0.0598,59.0858,0.0095,0.0187,-0.0045,0.5959,-0.0244,0.8778,sell
2025-07-21,237.2946,2997800,240.1069,242.4652,237.1663,-0.0057,-0.0122,-0.0055,-0.0085,0.0500,54.5187,0.0083,0.0172,-0.0049,0.4936,0.0855,0.9894,sell
2025-07-22,232.3806,6027500,235.6270,238.2024,230.9005,-0.0207,-0.0205,-0.0394,-0.0252,0.0252,41.3117,0.0088,0.0143,-0.0066,0.1287,1.0106,1.9118,sell
2025-07-23,225.0589,7845200,227.7132,229.4203,219.0594,-0.0315,-0.0521,-0.0603,-0.0501,-0.0089,23.7304,0.0124,0.0094,-0.0097,-0.2030,0.3016,2.3327,sell
2025-07-24,223.3715,4771000,225.4437,225.4437,220.7961,-0.0075,-0.0606,-0.0765,-0.0498,-0.0167,21.3246,0.0110,0.0046,-0.0118,-0.1473,-0.3919,1.3933,buy
2025-07-25,224.8023,2695600,223.6379,225.6213,222.1973,0.0064,-0.0580,-0.0689,-0.0369,-0.0106,27.6160,0.0118,0.0011,-0.0121,0.0043,-0.4350,0.7914,buy
2025-07-28,227.7133,3136200,225.8779,227.9797,225.8286,0.0129,-0.0404,-0.0521,-0.0192,0.0018,26.7013,0.0134,-0.0005,-0.0108,0.1589,0.1635,0.9273,hold
2025-07-29,227.6935,2174200,228.9072,229.5585,226.1049,-0.0001,-0.0202,-0.0402,-0.0152,0.0013,28.9631,0.0132,-0.0018,-0.0097,0.1869,-0.3067,0.6533,hold
2025-07-30,228.0488,2324100,228.7592,229.1243,226.0654,0.0016,0.0133,-0.0395,-0.0097,0.0024,23.4470,0.0133,-0.0026,-0.0084,0.2278,0.0689,0.7109,sell
2025-07-31,221.6546,5339800,225.2562,226.7364,219.4245,-0.0280,-0.0077,-0.0678,-0.0307,-0.0258,19.0873,0.0151,-0.0056,-0.0093,0.0560,1.2976,1.5896,sell
2025-08-01,218.7733,3740500,219.4147,220.2041,215.9512,-0.0130,-0.0268,-0.0833,-0.0349,-0.0383,18.1365,0.0147,-0.0090,-0.0102,0.0304,-0.2995,1.0829,hold
2025-08-04,219.4541,2848100,218.4871,220.5691,217.6779,0.0031,-0.0363,-0.0752,-0.0242,-0.0354,21.6487,0.0151,-0.0113,-0.0099,0.1078,-0.2386,0.8237,sell
2025-08-05,217.7569,3099000,220.0264,222.0986,216.4840,-0.0077,-0.0436,-0.0629,-0.0254,-0.0437,20.0840,0.0144,-0.0136,-0.0098,0.1054,0.0881,0.9077,hold
2025-08-06,217.7668,2547300,217.7569,218.2404,215.4775,0.0000,-0.0451,-0.0324,-0.0222,-0.0446,19.2354,0.0115,-0.0152,-0.0091,0.1482,-0.1780,0.7548,buy
2025-08-07,220.1646,2522000,220.1449,222.6512,219.2469,0.0110,-0.0067,-0.0144,-0.0100,-0.0346,22.8630,0.0122,-0.0153,-0.0074,0.2428,-0.0099,0.7463,buy
2025-08-08,220.9836,3078200,220.1054,221.9605,218.2207,0.0037,0.0101,-0.0170,-0.0046,-0.0318,25.6697,0.0120,-0.0149,-0.0057,0.2880,0.2205,0.8971,hold
2025-08-11,221.1020,3479200,222.0197,225.2957,220.4803,0.0005,0.0075,-0.0290,-0.0011,-0.0321,30.3675,0.0109,-0.0145,-0.0042,0.3112,0.1303,0.9932,buy
2025-08-12,228.9664,4979300,223.4801,231.1866,222.4440,0.0356,0.0515,0.0056,0.0339,0.0007,56.6757,0.0164,-0.0107,-0.0006,0.5925,0.4312,1.3824,buy
2025-08-13,234.4824,3804700,229.8841,235.1139,229.0454,0.0241,0.0768,0.0282,0.0557,0.0228,66.7860,0.0180,-0.0060,0.0031,0.8012,-0.2359,1.0424,sell
2025-08-14,233.0812,2182100,231.7491,233.7324,229.8841,-0.0060,0.0587,0.0516,0.0440,0.0150,62.5187,0.0149,-0.0029,0.0050,0.7725,-0.4265,0.6032,sell
2025-08-15,228.5618,3826400,234.0679,234.0679,227.9796,-0.0194,0.0343,0.0447,0.0193,-0.0058,51.2236,0.0158,-0.0020,0.0048,0.6326,0.7535,1.0424,hold
2025-08-18,228.4829,2260100,227.4468,230.9399,227.4468,-0.0003,0.0334,0.0411,0.0149,-0.0073,51.1364,0.0159,-0.0013,0.0044,0.6662,-0.4093,0.6219,sell
2025-08-19,227.3876,4569000,228.5717,231.1175,226.7660,-0.0048,-0.0069,0.0442,0.0057,-0.0127,49.0681,0.0157,-0.0011,0.0037,0.6322,1.0216,1.2830,buy
2025-08-20,241.6265,8529000,236.5151,242.1495,225.0885,0.0626,0.0305,0.1096,0.0575,0.0475,73.0524,0.0240,0.0038,0.0067,1.1433,0.8667,2.3723,buy
2025-08-21,243.6789,5991800,240.7680,246.8661,240.2647,0.0085,0.0455,0.1068,0.0556,0.0552,79.3079,0.0240,0.0082,0.0089,1.0770,-0.2975,1.6387,buy
2025-08-22,248.8594,4990800,245.8794,253.8030,244.9321,0.0213,0.0888,0.1261,0.0652,0.0758,81.2894,0.0241,0.0130,0.0109,1.0918,-0.1671,1.3234,buy
2025-08-25,251.1191,3419100,249.2936,251.8887,247.9318,0.0091,0.0991,0.1358,0.0613,0.0835,85.0799,0.0238,0.0173,0.0122,1.0370,-0.3149,0.9033,hold
2025-08-26,252.2440,5735100,250.6356,254.3063,250.3297,0.0045,0.1093,0.1017,0.0556,0.0856,85.4217,0.0225,0.0208,0.0126,0.9776,0.6774,1.4471,hold
2025-08-27,252.1157,3347400,251.2177,252.8557,249.5205,-0.0005,0.0434,0.0752,0.0474,0.0828,84.4321,0.0222,0.0234,0.0121,0.9137,-0.4163,0.8338,hold
2025-08-28,250.8822,4038100,253.4774,254.7108,250.8033,-0.0049,0.0296,0.0764,0.0346,0.0751,81.9350,0.0221,0.0248,0.0108,0.8461,0.2063,1.0225,sell
2025-08-29,247.9812,3599000,249.7080,250.8822,247.2017,-0.0116,-0.0035,0.0850,0.0145,0.0607,77.0991,0.0212,0.0250,0.0086,0.7628,-0.1087,0.9129,sell
2025-09-02,245.9998,3115700,244.1968,246.1980,241.5518,-0.0080,-0.0204,0.0767,-0.0008,0.0504,69.4840,0.0216,0.0241,0.0061,0.7030,-0.1343,0.7877,sell
2025-09-03,242.2651,3024500,245.9999,246.5447,239.6695,-0.0152,-0.0396,0.0654,-0.0219,0.0332,59.2806,0.0225,0.0222,0.0031,0.6113,-0.0293,0.7653,hold
2025-09-04,243.8105,3574700,240.7395,244.0185,237.3415,0.0064,-0.0329,0.0090,-0.0165,0.0387,62.7504,0.0111,0.0204,0.0012,0.6245,0.1819,0.8929,buy
2025-09-05,244.7615,2166100,243.9195,247.3967,243.0873,0.0039,-0.0244,0.0044,-0.0131,0.0416,71.0353,0.0109,0.0192,0.0000,0.6267,-0.3940,0.5435,buy
2025-09-08,246.6537,2417900,245.7324,247.0995,244.3356,0.0077,-0.0054,-0.0089,-0.0046,0.0485,72.5337,0.0086,0.0186,-0.0004,0.6533,0.1162,0.6117,sell
2025-09-09,245.8612,2154600,245.7918,246.9905,244.2167,-0.0032,-0.0006,-0.0209,-0.0056,0.0441,73.0825,0.0079,0.0178,-0.0010,0.6141,-0.1089,0.5544,sell
2025-09-10,244.9002,2474500,245.9800,246.7230,243.5727,-0.0039,0.0109,-0.0291,-0.0066,0.0391,56.1218,0.0075,0.0166,-0.0017,0.5672,0.1485,0.6579,buy
2025-09-11,245.9206,2244700,245.4451,247.6642,244.1870,0.0042,0.0087,-0.0246,0.0001,0.0427,54.3602,0.0078,0.0158,-0.0020,0.5834,-0.0929,0.6095,sell
2025-09-12,242.9189,2110000,245.3064,245.9107,242.6911,-0.0122,-0.0075,-0.0317,-0.0089,0.0299,37.3756,0.0084,0.0142,-0.0031,0.4704,-0.0600,0.5735,hold
2025-09-15,242.6217,2333100,237.1830,244.6625,236.5490,-0.0012,-0.0163,-0.0216,-0.0080,0.0286,30.2984,0.0079,0.0125,-0.0038,0.4281,0.1057,0.6472,sell
2025-09-16,241.8193,2913800,240.6800,245.0092,239.9569,-0.0033,-0.0164,-0.0170,-0.0096,0.0249,25.4629,0.0076,0.0109,-0.0044,0.3451,0.2489,0.8011,buy
2025-09-17,244.0186,2617600,241.8292,247.8623,241.8292,0.0091,-0.0036,0.0072,-0.0013,0.0340,32.6344,0.0066,0.0100,-0.0041,0.3566,-0.1017,0.7395,buy
2025-09-18,246.7230,3129900,248.7440,249.6455,245.9602,0.0111,0.0033,0.0119,0.0086,0.0449,41.6093,0.0072,0.0101,-0.0031,0.5352,0.1957,0.9572,sell
2025-09-19,243.0378,5182600,247.6146,247.6146,241.3041,-0.0149,0.0005,-0.0070,-0.0058,0.0292,40.3332,0.0087,0.0091,-0.0034,0.2609,0.6558,1.6048,buy
2025-09-22,245.0290,2167300,243.3152,246.7131,243.2854,0.0082,0.0099,-0.0066,0.0030,0.0373,48.1022,0.0088,0.0086,-0.0030,0.4235,-0.5818,0.7018,hold
2025-09-23,244.4742,2085700,246.0494,248.0208,244.0285,-0.0023,0.0110,-0.0056,0.0013,0.0346,54.9315,0.0088,0.0081,-0.0029,0.4001,-0.0377,0.6903,buy
2025-09-24,246.2872,2479000,244.7417,247.4859,244.3950,0.0074,0.0093,0.0057,0.0082,0.0414,55.4633,0.0090,0.0081,-0.0022,0.5828,0.1886,0.8671,sell
2025-09-25,245.2172,2410900,245.2569,246.0098,241.2447,-0.0043,-0.0061,-0.0029,0.0041,0.0362,51.0000,0.0090,0.0077,-0.0021,0.5184,-0.0275,0.8574,hold
2025-09-26,245.2470,2648500,246.3862,247.0797,243.4638,0.0001,0.0091,0.0096,0.0033,0.0357,46.6383,0.0080,0.0073,-0.0020,0.5709,0.0986,0.9657,sell
2025-09-29,242.5028,3296300,247.0004,247.1688,241.5716,-0.0112,-0.0103,-0.0005,-0.0079,0.0238,42.6592,0.0089,0.0061,-0.0027,0.1769,0.2446,1.2086,buy
2025-09-30,243.4043,2507800,243.5133,244.8903,240.7989,0.0037,-0.0044,0.0066,-0.0049,0.0271,46.7217,0.0089,0.0053,-0.0028,0.3410,-0.2392,0.9299,sell
2025-10-01,237.0443,4916300,241.4329,243.2954,234.0129,-0.0261,-0.0375,-0.0286,-0.0281,-0.0002,34.2364,0.0117,0.0026,-0.0045,-0.3028,0.9604,1.7611,buy
2025-10-02,239.4120,2774100,239.8677,241.6905,238.1935,0.0100,-0.0237,-0.0296,-0.0154,0.0086,43.6285,0.0116,0.0012,-0.0047,0.0409,-0.4357,1.0082,hold
2025-10-03,239.7290,2118500,239.7884,243.8997,239.3327,0.0013,-0.0225,-0.0136,-0.0128,0.0085,44.7482,0.0108,0.0001,-0.0046,0.1238,-0.2363,0.7706,hold
2025-10-06,240.2342,4021200,242.7208,242.7208,236.6877,0.0021,-0.0094,-0.0196,-0.0088,0.0093,47.0909,0.0104,-0.0005,-0.0042,0.2038,0.8981,1.4213,sell
2025-10-07,231.5660,3397800,241.1159,241.1159,230.8527,-0.0361,-0.0486,-0.0528,-0.0394,-0.0274,31.5310,0.0150,-0.0040,-0.0063,-0.2603,-0.1550,1.1751,buy
2025-10-08,235.7069,4017900,231.6155,237.1236,231.6155,0.0179,-0.0056,-0.0430,-0.0179,-0.0107,34.3292,0.0163,-0.0052,-0.0059,0.0869,0.1825,1.3534,hold
2025-10-09,235.6574,3069200,234.6271,236.1626,232.9034,-0.0002,-0.0157,-0.0390,-0.0142,-0.0115,38.2898,0.0163,-0.0062,-0.0055,0.1308,-0.2361,1.0197,sell
2025-10-10,223.2148,4425100,235.5187,236.8065,222.6105,-0.0528,-0.0689,-0.0898,-0.0576,-0.0638,24.0085,0.0224,-0.0117,-0.0088,-0.2573,0.4418,1.4157,buy
2025-10-13,232.4774,4609900,226.1867,233.6167,224.8394,0.0415,-0.0323,-0.0413,-0.0143,-0.0261,38.1623,0.0275,-0.0118,-0.0072,0.1814,0.0418,1.4230,hold
2025-10-14,233.2006,3431200,228.9903,236.5490,226.9892,0.0031,0.0071,-0.0419,-0.0069,-0.0242,36.8032,0.0274,-0.0118,-0.0058,0.2372,-0.2557,1.0508,buy
2025-10-15,235.9249,2773700,235.9645,236.5688,232.7647,0.0117,0.0009,-0.0047,0.0052,-0.0143,40.9319,0.0266,-0.0106,-0.0038,0.3628,-0.1916,0.8474,buy
2025-10-16,239.3525,2898700,238.0845,241.9481,236.2914,0.0145,0.0157,-0.0002,0.0198,-0.0018,44.6056,0.0269,-0.0084,-0.0013,0.5176,0.0451,0.8887,hold
2025-10-17,240.6008,2401200,239.5111,241.2645,236.3608,0.0052,0.0779,0.0036,0.0247,0.0017,48.2103,0.0269,-0.0063,0.0006,0.5764,-0.1716,0.7690,buy
2025-10-20,243.9195,2759700,240.6008,244.5337,240.6008,0.0138,0.0492,0.0153,0.0372,0.0136,50.4636,0.0272,-0.0034,0.0027,0.7230,0.1493,0.8755,hold
2025-10-21,244.0681,2361300,245.5243,246.5051,243.3152,0.0006,0.0466,0.0540,0.0324,0.0123,57.1170,0.0238,-0.0012,0.0040,0.7311,-0.1444,0.7459,sell
2025-10-22,238.1142,5270800,238.2925,239.3823,234.6964,-0.0244,0.0093,0.0102,0.0062,-0.0131,48.7741,0.0251,-0.0014,0.0031,0.4902,1.2322,1.5946,buy
2025-10-23,241.0169,2774900,235.0828,242.6614,235.0432,0.0122,0.0070,0.0227,0.0161,-0.0016,51.1599,0.0253,-0.0005,0.0032,0.6370,-0.4735,0.8349,sell
2025-10-24,235.7862,3489000,243.1567,243.2161,234.4191,-0.0217,-0.0200,0.0563,-0.0112,-0.0235,46.3082,0.0188,-0.0016,0.0017,0.4076,0.2573,1.0366,buy
2025-10-27,240.7395,3506200,237.4604,241.8292,236.1230,0.0210,-0.0130,0.0355,0.0061,-0.0040,58.1143,0.0153,-0.0007,0.0020,0.6604,0.0049,1.0385,sell
2025-10-28,237.1137,2421000,239.2535,241.4032,236.6084,-0.0151,-0.0285,0.0168,-0.0106,-0.0197,51.2558,0.0164,-0.0013,0.0012,0.4932,-0.3095,0.7180,sell
2025-10-29,232.8439,3438500,237.5198,239.6497,232.3288,-0.0180,-0.0221,-0.0131,-0.0272,-0.0378,47.6645,0.0171,-0.0032,-0.0005,0.2846,0.4203,1.0426,sell
2025-10-30,230.7239,2940400,232.8439,234.4191,230.6447,-0.0091,-0.0427,-0.0360,-0.0326,-0.0457,57.5228,0.0163,-0.0054,-0.0022,0.2076,-0.1449,0.8893,buy
2025-10-31,231.9424,2698100,230.7239,233.4284,229.3766,0.0053,-0.0163,-0.0360,-0.0239,-0.0397,49.3611,0.0163,-0.0066,-0.0027,0.2896,-0.0824,0.8090,hold
2025-11-03,231.4273,2266900,232.7548,234.7856,230.4366,-0.0022,-0.0387,-0.0512,-0.0209,-0.0405,47.8716,0.0151,-0.0077,-0.0030,0.2865,-0.1598,0.6980,sell
2025-11-04,227.2368,3956600,230.8329,231.5957,226.6226,-0.0181,-0.0417,-0.0690,-0.0318,-0.0560,39.9265,0.0155,-0.0101,-0.0043,0.1120,0.7454,1.2079,buy
2025-11-05,233.7950,2971900,227.9402,236.2518,227.9402,0.0289,0.0041,-0.0181,-0.0020,-0.0273,43.9923,0.0178,-0.0091,-0.0028,0.4226,-0.2489,0.9220,sell
2025-11-06,230.7041,3126800,232.9925,234.8253,229.0398,-0.0132,-0.0001,-0.0428,-0.0108,-0.0384,39.7117,0.0174,-0.0097,-0.0026,0.2943,0.0521,0.9692,sell
2025-11-07,226.3452,4583600,227.2566,228.6535,221.3820,-0.0189,-0.0241,-0.0400,-0.0256,-0.0546,32.1170,0.0171,-0.0117,-0.0036,0.0621,0.4659,1.4173,buy
2025-11-10,229.8324,3264100,229.6937,231.0509,226.1966,0.0154,-0.0069,-0.0453,-0.0059,-0.0386,36.4358,0.0163,-0.0115,-0.0028,0.2433,-0.2879,1.0307,buy
2025-11-11,231.2292,3159900,229.3469,232.8043,229.2776,0.0061,0.0176,-0.0248,0.0027,-0.0316,42.8158,0.0162,-0.0109,-0.0018,0.3164,-0.0319,1.0021,buy
2025-11-12,239.1841,4677300,234.7064,239.7389,233.6365,0.0344,0.0231,0.0272,0.0343,0.0020,48.2701,0.0188,-0.0073,0.0012,0.6801,0.4802,1.4399,sell
2025-11-13,235.3107,4897200,237.4010,239.0653,233.2402,-0.0162,0.0200,0.0199,0.0156,-0.0135,49.5394,0.0194,-0.0061,0.0020,0.5101,0.0470,1.4626,sell
2025-11-14,232.6953,3319600,232.0019,234.8351,228.2770,-0.0111,0.0281,0.0032,0.0040,-0.0235,41.8376,0.0198,-0.0059,0.0018,0.4030,-0.3221,0.9780,sell
2025-11-17,227.7916,3885000,230.8527,232.0316,225.6518,-0.0211,-0.0089,-0.0157,-0.0156,-0.0426,40.7799,0.0210,-0.0075,0.0003,0.1891,0.1703,1.1259,hold
2025-11-18,227.9798,3953400,227.7024,230.1791,225.5923,0.0008,-0.0141,0.0033,-0.0151,-0.0403,44.7666,0.0201,-0.0085,-0.0005,0.2129,0.0176,1.1199,buy
2025-11-19,230.0305,2790300,227.3953,232.2099,227.1873,0.0090,-0.0383,-0.0161,-0.0047,-0.0305,49.2528,0.0179,-0.0084,-0.0004,0.3468,-0.2942,0.8192,sell
2025-11-20,223.0959,4316600,232.1009,233.0817,222.1548,-0.0301,-0.0519,-0.0330,-0.0315,-0.0579,41.5130,0.0198,-0.0110,-0.0022,0.0031,0.5470,1.2393,buy
2025-11-21,230.1494,4467200,223.5219,232.3387,222.8978,0.0316,-0.0109,0.0168,-0.0025,-0.0271,48.9107,0.0217,-0.0099,-0.0011,0.4207,0.0349,1.2648,buy
2025-11-24,237.1632,8219900,231.4669,238.5105,231.0707,0.0305,0.0411,0.0319,0.0246,0.0030,58.0728,0.0232,-0.0065,0.0016,0.8702,0.8401,2.1817,buy
2025-11-25,249.6653,7515100,228.4454,250.1210,227.1476,0.0527,0.0951,0.0797,0.0701,0.0552,61.7690,0.0280,0.0001,0.0063,1.2946,-0.0857,1.8683,buy
2025-11-26,255.5102,5253100,252.8354,258.3038,250.5569,0.0234,0.1108,0.0683,0.0876,0.0789,67.6736,0.0271,0.0068,0.0103,1.2307,-0.3010,1.2771,buy
2025-11-28,262.8608,2589700,256.9367,263.2670,255.6290,0.0288,0.1782,0.1171,0.1059,0.1084,74.9526,0.0265,0.0139,0.0138,1.1955,-0.5070,0.6323,hold
2025-12-01,264.0199,7333500,260.4932,265.9616,259.5520,0.0044,0.1472,0.1346,0.0963,0.1113,74.1295,0.0255,0.0196,0.0156,1.0762,1.8318,1.6947,buy
2025-12-02,270.4196,5266400,265.6842,271.5687,263.5543,0.0242,0.1402,0.1871,0.1034,0.1358,75.8359,0.0226,0.0253,0.0171,1.0678,-0.2819,1.1762,buy
2025-12-03,275.6403,4203100,271.9253,276.1753,269.0425,0.0193,0.1040,0.2091,0.1032,0.1547,74.9322,0.0219,0.0308,0.0182,1.0404,-0.2019,0.9362,hold
2025-12-04,274.6695,3253800,274.7685,276.9380,272.9655,-0.0035,0.0750,0.1941,0.0800,0.1479,78.0302,0.0228,0.0349,0.0178,0.9497,-0.2259,0.7225,buy
2025-12-05,278.6618,3834100,277.5027,280.5936,276.5319,0.0145,0.0601,0.2491,0.0723,0.1614,82.1063,0.0156,0.0383,0.0172,0.9360,0.1783,0.8447,hold
2025-12-08,277.4986,3190800,280.1331,280.8887,275.3512,-0.0042,0.0511,0.2057,0.0487,0.1534,86.6332,0.0173,0.0407,0.0156,0.8730,-0.1678,0.7139,sell
2025-12-09,274.6255,2584600,275.9577,278.1548,273.6413,-0.0104,0.0156,0.1580,0.0234,0.1385,83.0684,0.0190,0.0417,0.0130,0.8030,-0.1900,0.5827,buy
2025-12-10,279.9244,5176700,274.0390,280.7495,272.6571,0.0193,0.0155,0.1212,0.0315,0.1569,83.8138,0.0139,0.0423,0.0114,0.8292,1.0029,1.1412,buy
2025-12-11,281.7338,2840000,279.9244,282.1513,276.8624,0.0065,0.0257,0.1026,0.0282,0.1601,92.7065,0.0133,0.0432,0.0099,0.8143,-0.4514,0.6390,sell
2025-12-12,277.6875,4182300,280.7694,282.5688,276.4448,-0.0144,-0.0035,0.0564,0.0080,0.1399,86.2086,0.0135,0.0430,0.0075,0.7421,0.4726,0.9486,hold
2025-12-15,278.8010,3594500,279.9840,281.0677,277.2700,0.0040,0.0047,0.0560,0.0066,0.1408,84.8466,0.0135,0.0421,0.0053,0.7308,-0.1405,0.8128,sell
2025-12-16,276.7729,3625300,279.3179,280.3519,276.0969,-0.0073,0.0078,0.0235,-0.0030,0.1291,77.5090,0.0123,0.0408,0.0030,0.6872,0.0086,0.8222,sell
2025-12-17,269.4559,4006000,277.7472,278.7910,268.5612,-0.0264,-0.0374,-0.0224,-0.0272,0.0959,63.7416,0.0137,0.0379,-0.0007,0.5790,0.1050,0.9079,buy
2025-12-18,273.3133,4104700,274.0788,275.4805,271.2056,0.0143,-0.0299,-0.0049,-0.0128,0.1082,61.0610,0.0146,0.0350,-0.0025,0.6104,0.0246,0.9167,hold
2025-12-19,272.8361,9419900,273.4823,276.7829,272.3986,-0.0017,-0.0175,-0.0209,-0.0124,0.1029,59.4660,0.0137,0.0326,-0.0039,0.5827,1.2949,1.9902,buy
2025-12-22,274.2080,3369600,275.8185,276.7828,273.7904,0.0050,-0.0165,-0.0119,-0.0063,0.1039,54.5600,0.0138,0.0306,-0.0046,0.5866,-0.6423,0.7203,hold
2025-12-23,275.1127,1763400,274.0191,275.8483,272.9752,0.0033,-0.0060,0.0018,-0.0032,0.1037,49.2913,0.0135,0.0290,-0.0049,0.5888,-0.4767,0.4049,hold
2025-12-24,275.9378,887700,275.5401,277.5384,275.2419,0.0030,0.0241,-0.0142,0.0013,0.1033,51.7104,0.0118,0.0276,-0.0049,0.5959,-0.4966,0.2206,hold
2025-12-26,275.2220,1746400,276.1068,276.3752,274.3273,-0.0026,0.0070,-0.0231,0.0010,0.0970,44.9118,0.0115,0.0262,-0.0052,0.5392,0.9673,0.4538,sell
2025-12-29,274.0191,1747900,274.0290,276.2460,272.5477,-0.0044,0.0043,-0.0132,-0.0020,0.0892,44.8590,0.0107,0.0244,-0.0056,0.4362,0.0009,0.4592,hold
2025-12-30,273.2138,1287400,275.0829,275.4805,272.9852,-0.0029,-0.0036,-0.0200,-0.0029,0.0831,47.7785,0.0105,0.0225,-0.0061,0.3127,-0.2635,0.3674,sell
2025-12-31,269.6150,1790900,273.2138,274.1881,269.5156,-0.0132,-0.0200,-0.0259,-0.0135,0.0667,32.8596,0.0110,0.0199,-0.0073,0.0311,0.3911,0.5377,buy
2026-01-02,272.1401,3608900,273.4624,274.3869,268.8793,0.0094,-0.0138,0.0100,-0.0052,0.0743,34.4204,0.0077,0.0180,-0.0071,0.2549,1.0151,1.0934,buy
2026-01-05,275.6694,3006700,273.6115,280.1828,272.1700,0.0130,0.0016,0.0086,0.0068,0.0850,46.6667,0.0075,0.0173,-0.0061,0.5272,-0.1669,0.9143,buy
2026-01-06,291.2279,6428000,278.1051,292.4309,277.9560,0.0564,0.0628,0.0674,0.0566,0.1417,63.8950,0.0190,0.0200,-0.0016,1.3050,1.1379,1.8806,hold
2026-01-07,291.1782,3570200,287.2016,291.3671,285.0741,-0.0002,0.0658,0.0619,0.0499,0.1366,66.8528,0.0191,0.0227,0.0008,1.1227,-0.4446,1.0387,buy
2026-01-08,297.4116,3775500,288.6829,297.7794,287.8180,0.0214,0.1031,0.0811,0.0638,0.1558,83.5561,0.0197,0.0257,0.0034,1.1606,0.0575,1.0798,buy
2026-01-09,299.1712,3088100,298.0180,301.4280,295.3835,0.0059,0.0993,0.0842,0.0613,0.1571,82.6841,0.0196,0.0284,0.0050,1.0780,-0.1821,0.9104,sell
2026-01-12,292.1425,3308200,295.7613,296.6063,290.7408,-0.0235,0.0598,0.0615,0.0302,0.1247,70.9357,0.0219,0.0291,0.0041,0.8457,0.0713,0.9686,buy
2026-01-13,294.4788,2759600,293.4548,300.7122,292.9379,0.0080,0.0112,0.0747,0.0310,0.1282,71.5311,0.0216,0.0292,0.0036,0.8630,-0.1658,0.8251,hold
2026-01-14,296.2484,3597400,292.8683,297.1133,291.5659,0.0060,0.0174,0.0843,0.0289,0.1294,72.0448,0.0213,0.0295,0.0032,0.8626,0.3036,1.0756,buy
2026-01-15,300.3344,4087000,300.0461,303.8238,296.8946,0.0138,0.0098,0.1139,0.0321,0.1390,73.8252,0.0199,0.0301,0.0033,0.9014,0.1361,1.2136,sell
2026-01-16,298.4952,4261100,305.7327,307.3730,297.9385,-0.0061,-0.0023,0.0968,0.0165,0.1260,72.2402,0.0206,0.0303,0.0027,0.8245,0.0426,1.2605,sell
2026-01-20,293.9420,4321000,295.2542,300.2648,292.1028,-0.0153,0.0062,0.0663,-0.0051,0.1038,67.8929,0.0220,0.0292,0.0009,0.7037,0.0141,1.2742,buy
2026-01-21,303.1876,3753900,297.2127,306.3490,296.6560,0.0315,0.0296,0.0411,0.0220,0.1323,73.3757,0.0164,0.0292,0.0014,0.8613,-0.1312,1.2078,buy
2026-01-22,306.7168,2793700,307.6613,311.3595,305.0765,0.0116,0.0353,0.0534,0.0285,0.1387,78.9662,0.0165,0.0302,0.0022,0.8854,-0.2558,0.9073,sell
2026-01-23,303.8139,2907000,308.6753,311.7075,301.3882,-0.0095,0.0116,0.0215,0.0166,0.1217,74.5834,0.0160,0.0304,0.0017,0.7943,0.0406,0.9269,sell
2026-01-26,302.2332,2757700,303.3665,304.8975,301.9847,-0.0052,0.0125,0.0102,0.0103,0.1101,71.2604,0.0161,0.0297,0.0007,0.7376,-0.0514,0.8538,hold
2026-01-27,302.0543,3552700,303.4560,305.1958,299.0022,-0.0006,0.0276,0.0339,0.0063,0.1043,61.4946,0.0137,0.0287,-0.0003,0.7119,0.2883,1.0700,buy
2026-01-28,315.7736,3888300,311.1707,316.3105,306.6970,0.0454,0.0415,0.0723,0.0446,0.1477,70.2389,0.0191,0.0298,0.0017,0.9406,0.0945,1.1346,hold
2026-01-29,316.8374,3131800,314.2227,317.3941,307.1245,0.0034,0.0330,0.0695,0.0411,0.1446,67.4714,0.0191,0.0315,0.0028,0.9181,-0.1946,0.8899,sell
2026-01-30,309.0631,4405600,313.1192,315.4654,307.4625,-0.0245,0.0173,0.0291,0.0126,0.1100,58.0281,0.0213,0.0314,0.0015,0.7491,0.4067,1.2070,buy
2026-02-02,315.0081,3773000,305.1262,316.4596,305.1262,0.0192,0.0423,0.0553,0.0265,0.1243,68.8896,0.0216,0.0312,0.0015,0.8773,-0.1436,1.0313,sell
2026-02-03,309.4707,5546000,315.0081,319.3526,307.1543,-0.0176,0.0246,0.0528,0.0034,0.0983,61.7629,0.0219,0.0303,0.0001,0.7330,0.4699,1.4651,buy
2026-02-04,318.5672,6275300,313.9046,321.2017,309.9081,0.0294,0.0088,0.0507,0.0278,0.1230,65.7059,0.0216,0.0303,0.0007,0.9501,0.1315,1.6612,hold
2026-02-05,320.2374,5935700,314.4911,325.3970,311.5683,0.0052,0.0107,0.0441,0.0287,0.1218,64.4989,0.0215,0.0309,0.0012,0.9411,-0.0541,1.5236,hold
2026-02-06,318.5772,6775000,321.0725,325.8345,314.1532,-0.0052,0.0308,0.0486,0.0185,0.1096,64.6675,0.0212,0.0308,0.0008,0.8501,0.1414,1.6745,buy
2026-02-09,321.0824,3163100,317.4637,321.9970,316.0321,0.0079,0.0193,0.0624,0.0204,0.1128,70.4342,0.0209,0.0307,0.0007,0.8700,-0.5331,0.7811,buy
2026-02-10,323.2596,2642000,318.8654,324.4725,317.8812,0.0068,0.0446,0.0702,0.0204,0.1151,66.9125,0.0208,0.0308,0.0008,0.8861,-0.1647,0.6578,buy
2026-02-11,335.0304,3908900,327.9520,335.8655,325.5064,0.0364,0.0517,0.0610,0.0512,0.1500,70.9474,0.0191,0.0324,0.0028,1.0739,0.4795,0.9595,sell
2026-02-12,329.4234,4483000,337.3866,341.9497,328.8965,-0.0167,0.0287,0.0397,0.0295,0.1257,68.2179,0.0204,0.0333,0.0026,0.8949,0.1469,1.0886,buy
2026-02-13,335.1298,3443200,327.8029,335.9848,326.5304,0.0173,0.0520,0.0843,0.0389,0.1401,72.1043,0.0180,0.0341,0.0031,0.9540,-0.2319,0.8427,hold
2026-02-17,335.5374,4547600,333.6386,338.4702,328.3994,0.0012,0.0450,0.0652,0.0336,0.1369,72.4295,0.0177,0.0347,0.0030,0.9105,0.3207,1.1091,buy
2026-02-18,344.3457,8474700,350.1515,353.2831,338.0129,0.0263,0.0652,0.1127,0.0495,0.1613,70.4877,0.0165,0.0361,0.0041,1.0210,0.8636,1.9672,hold
2026-02-19,343.2819,5101200,342.9538,351.2153,337.6749,-0.0031,0.0246,0.0776,0.0384,0.1526,68.9621,0.0156,0.0372,0.0042,0.9369,-0.3981,1.1659,buy
2026-02-20,352.9550,5341300,343.2819,353.3726,342.9936,0.0282,0.0714,0.1022,0.0572,0.1791,80.6385,0.0168,0.0388,0.0053,1.0187,0.0471,1.1863,hold
2026-02-23,353.0743,4132900,350.4697,355.9077,347.5369,0.0003,0.0535,0.1083,0.0467,0.1734,78.9244,0.0164,0.0404,0.0055,0.9539,-0.2262,0.9056,hold
2026-02-24,354.0088,4541300,356.9018,360.3714,353.5615,0.0026,0.0551,0.1025,0.0394,0.1707,86.3873,0.0166,0.0413,0.0052,0.9187,0.0988,0.9760,buy
2026-02-25,358.6913,3425000,358.9100,361.0773,356.5042,0.0132,0.0417,0.1096,0.0423,0.1802,85.3292,0.0165,0.0421,0.0052,0.9411,-0.2458,0.7371,sell
2026-02-26,352.2790,4662700,358.6714,359.5662,348.9486,-0.0179,0.0262,0.0515,0.0185,0.1535,76.0382,0.0160,0.0421,0.0036,0.8063,0.3614,0.9951,hold
2026-02-27,353.7106,6109500,349.2369,353.9492,344.5445,0.0041,0.0021,0.0737,0.0155,0.1525,78.6571,0.0141,0.0411,0.0022,0.7956,0.3103,1.2638,sell
2026-03-02,350.3504,3326000,346.7416,353.9691,345.9661,-0.0095,-0.0077,0.0454,0.0015,0.1361,73.5445,0.0145,0.0396,0.0003,0.7236,-0.4556,0.6958,sell
2026-03-03,338.0640,5312400,338.2236,341.6542,334.1647,-0.0351,-0.0450,0.0075,-0.0343,0.0914,60.2433,0.0192,0.0361,-0.0037,0.5118,0.5972,1.0937,buy
2026-03-04,340.5771,3202500,343.1002,345.4438,338.3632,0.0074,-0.0505,-0.0109,-0.0261,0.0948,54.4018,0.0173,0.0322,-0.0058,0.5309,-0.3972,0.6756,sell
2026-03-05,328.8193,5368400,335.8301,339.0214,324.4413,-0.0345,-0.0666,-0.0421,-0.0558,0.0532,49.5633,0.0203,0.0272,-0.0098,0.2941,0.6763,1.1435,sell
2026-03-06,314.9473,4536700,318.6073,322.4468,313.4514,-0.0422,-0.1096,-0.1077,-0.0857,0.0061,36.9491,0.0201,0.0195,-0.0153,0.0462,-0.1549,0.9809,buy
2026-03-09,318.8367,5945400,309.3925,319.0262,306.3808,0.0123,-0.0899,-0.0970,-0.0651,0.0157,39.6659,0.0212,0.0131,-0.0170,0.1183,0.3105,1.2972,hold
2026-03-10,317.9391,4351500,317.8494,323.0551,316.2138,-0.0028,-0.0595,-0.1019,-0.0577,0.0101,31.8869,0.0209,0.0080,-0.0178,0.1114,-0.2681,0.9373,hold
2026-03-11,318.3480,2575600,318.4178,320.6517,315.4859,0.0013,-0.0653,-0.1125,-0.0451,0.0087,32.7420,0.0197,0.0039,-0.0174,0.1327,-0.4081,0.5551,sell
2026-03-12,306.4306,4826800,313.0425,313.5112,303.4289,-0.0374,-0.0681,-0.1301,-0.0680,-0.0311,18.7684,0.0213,-0.0024,-0.0197,0.0067,0.8740,1.0302,hold
2026-03-13,305.2339,2792700,309.0335,310.3998,302.6809,-0.0039,-0.0308,-0.1371,-0.0578,-0.0368,18.3429,0.0207,-0.0077,-0.0201,0.0501,-0.4214,0.6070,buy
2026-03-16,310.0707,3254900,310.8187,313.0027,308.2656,0.0158,-0.0275,-0.1150,-0.0308,-0.0240,22.3530,0.0228,-0.0104,-0.0180,0.1580,0.1655,0.7089,buy
2026-03-17,312.8032,2699700,311.3472,314.4287,309.8712,0.0088,-0.0162,-0.0747,-0.0145,-0.0180,20.3996,0.0220,-0.0117,-0.0154,0.2214,-0.1706,0.6001,sell
2026-03-18,307.7470,3555200,312.4741,316.0443,307.0390,-0.0162,-0.0333,-0.0964,-0.0203,-0.0358,20.7628,0.0215,-0.0141,-0.0143,0.1898,0.3169,0.8359,hold
2026-03-19,309.5920,3289100,302.5413,312.7334,300.0880,0.0060,0.0103,-0.0585,-0.0083,-0.0311,21.1906,0.0201,-0.0152,-0.0123,0.2406,-0.0748,0.7902,hold
2026-03-20,308.5847,7029300,310.3001,311.3971,305.1143,-0.0033,0.0110,-0.0202,-0.0095,-0.0353,21.8624,0.0156,-0.0162,-0.0106,0.2534,1.1371,1.6552,buy
2026-03-23,311.3372,3495300,314.6182,316.6626,310.8585,0.0089,0.0041,-0.0235,0.0017,-0.0275,29.3402,0.0152,-0.0159,-0.0083,0.3091,-0.5028,0.8293,buy
2026-03-24,320.9509,3404200,310.3998,323.9028,310.2502,0.0309,0.0260,0.0095,0.0316,0.0011,36.3295,0.0185,-0.0128,-0.0043,0.4538,-0.0261,0.8187,hold
2026-03-25,321.1503,2460900,324.1122,327.2835,319.7442,0.0006,0.0436,0.0088,0.0313,-0.0001,43.6330,0.0185,-0.0105,-0.0016,0.4807,-0.2771,0.5988,sell
2026-03-26,312.5639,3923800,318.2284,320.2428,311.5367,-0.0267,0.0096,0.0200,0.0018,-0.0279,47.8308,0.0162,-0.0110,-0.0015,0.3648,0.5945,0.9634,sell
2026-03-27,306.6002,3282100,310.0208,312.3345,305.3436,-0.0191,-0.0064,0.0045,-0.0177,-0.0471,39.2689,0.0175,-0.0128,-0.0025,0.2707,-0.1635,0.8348,sell
2026-03-30,302.2721,3914600,313.1722,313.1722,299.7390,-0.0141,-0.0291,-0.0252,-0.0292,-0.0606,37.0401,0.0171,-0.0153,-0.0039,0.1781,0.1927,0.9883,buy
2026-03-31,317.2710,4285900,308.5249,318.4477,305.6627,0.0496,-0.0115,0.0143,0.0175,-0.0152,49.2823,0.0237,-0.0123,-0.0012,0.5744,0.0949,1.0962,buy
2026-04-01,319.7043,3145000,317.3308,324.8602,316.3435,0.0077,-0.0045,0.0389,0.0214,-0.0092,60.1248,0.0229,-0.0097,0.0011,0.7287,-0.2662,0.8050,sell
2026-04-02,317.4704,2386700,309.4224,320.8312,308.9438,-0.0070,0.0157,0.0254,0.0117,-0.0170,59.1882,0.0231,-0.0083,0.0021,0.6939,-0.2411,0.6351,buy
2026-04-06,326.4658,2353700,319.1259,326.5655,317.8793,0.0283,0.0648,0.0579,0.0345,0.0096,61.5872,0.0243,-0.0046,0.0044,0.9955,-0.0138,0.6451,hold
2026-04-07,326.5157,2344400,322.9055,326.6154,320.1232,0.0002,0.0802,0.0488,0.0297,0.0084,60.0733,0.0244,-0.0018,0.0057,0.9462,-0.0040,0.6759,buy
2026-04-08,345.2643,4522200,344.8654,348.0467,341.0459,0.0574,0.0882,0.0758,0.0805,0.0634,72.9446,0.0286,0.0047,0.0094,1.2549,0.9289,1.3006,buy
2026-04-09,350.4002,2927400,345.0549,351.8163,344.5462,0.0149,0.0960,0.0911,0.0867,0.0761,73.9915,0.0286,0.0106,0.0123,1.1618,-0.3527,0.8377,hold
2026-04-10,349.1836,2505100,352.0357,353.3222,348.0566,-0.0035,0.0999,0.1172,0.0707,0.0701,73.8098,0.0262,0.0150,0.0133,1.0271,-0.1443,0.7415,hold
2026-04-13,349.0539,2485100,347.7375,349.1237,343.0603,-0.0004,0.0692,0.1385,0.0566,0.0676,72.8217,0.0243,0.0183,0.0133,0.9521,-0.0080,0.7389,hold
2026-04-14,347.6478,2320400,351.4673,351.7067,346.1020,-0.0040,0.0647,0.1501,0.0381,0.0608,67.9352,0.0233,0.0203,0.0122,0.8782,-0.0663,0.6997,hold
2026-04-15,346.9896,2440900,346.0521,348.0965,340.3877,-0.0019,0.0050,0.0937,0.0270,0.0567,67.2526,0.0201,0.0216,0.0108,0.8286,0.0519,0.7389,buy
2026-04-16,352.8335,2198800,346.0222,354.8779,345.4936,0.0168,0.0069,0.1036,0.0341,0.0717,77.9099,0.0202,0.0232,0.0101,0.8688,-0.0992,0.6795,buy
2026-04-17,370.4354,5248200,358.6875,371.4326,356.8426,0.0499,0.0609,0.1668,0.0691,0.1216,88.0967,0.0227,0.0271,0.0117,1.0185,1.3868,1.5743,buy
2026-04-20,380.0091,4003700,372.0010,384.4071,368.6901,0.0258,0.0887,0.1640,0.0801,0.1465,93.6597,0.0226,0.0320,0.0136,1.0336,-0.2371,1.2581,sell
2026-04-21,374.2449,3296900,381.9538,382.5522,372.3202,-0.0152,0.0765,0.1462,0.0495,0.1253,85.7018,0.0242,0.0353,0.0133,0.9098,-0.1765,1.0392,buy
2026-04-22,380.3781,2517700,379.7698,382.5522,377.2168,0.0164,0.0962,0.1017,0.0563,0.1397,86.3354,0.0189,0.0378,0.0129,0.9148,-0.2363,0.8048,buy
2026-04-23,402.7768,4449600,396.8131,407.2545,394.7188,0.0589,0.1415,0.1495,0.1024,0.2011,91.1488,0.0245,0.0420,0.0148,1.0303,0.7673,1.3786,sell
2026-04-24,398.4785,4512300,402.9663,405.1901,397.1721,-0.0107,0.0757,0.1412,0.0761,0.1838,86.3852,0.0252,0.0461,0.0149,0.9297,0.0141,1.3854,sell
2026-04-27,391.5176,2763800,397.2020,398.4286,385.6836,-0.0175,0.0303,0.1217,0.0454,0.1588,80.6989,0.0267,0.0478,0.0129,0.8361,-0.3875,0.8554,sell
2026-04-28,382.2131,3846500,388.7352,392.0262,381.4053,-0.0238,0.0213,0.0994,0.0112,0.1281,69.1592,0.0287,0.0473,0.0091,0.7365,0.3917,1.1917,buy
2026-04-29,388.2466,3097800,390.9292,393.8712,385.4741,0.0158,0.0207,0.1189,0.0161,0.1424,69.4436,0.0284,0.0459,0.0067,0.7668,-0.1946,0.9777,buy
2026-04-30,401.1612,3746100,392.3154,401.5701,390.1114,0.0333,-0.0040,0.1370,0.0367,0.1765,73.8383,0.0292,0.0460,0.0065,0.8537,0.2093,1.1713,sell
2026-05-01,396.6037,1986900,395.9754,397.9599,392.3354,-0.0114,-0.0047,0.0706,0.0181,0.1595,70.9564,0.0271,0.0463,0.0051,0.7888,-0.4696,0.6251,hold
2026-05-04,395.9355,1914100,401.1612,401.1612,390.8095,-0.0017,0.0113,0.0419,0.0122,0.1546,71.4210,0.0263,0.0456,0.0034,0.7606,-0.0366,0.6064,buy
2026-05-05,403.6643,3343100,395.6662,404.5519,392.1160,0.0195,0.0561,0.0786,0.0243,0.1737,73.6575,0.0257,0.0451,0.0030,0.8224,0.7466,1.0427,buy
2026-05-06,414.4947,3893600,403.6045,414.8636,403.2953,0.0268,0.0676,0.0897,0.0427,0.2010,74.7103,0.0263,0.0458,0.0038,0.8979,0.1647,1.2264,sell
2026-05-07,407.4041,3938200,412.7793,412.8292,404.8012,-0.0171,0.0156,0.0115,0.0237,0.1771,66.1779,0.0207,0.0462,0.0028,0.7894,0.0115,1.2210,buy
2026-05-08,415.3822,3754400,416.8582,417.6061,412.3904,0.0196,0.0473,0.0424,0.0393,0.1958,65.6988,0.0209,0.0460,0.0027,0.8444,-0.0467,1.1419,buy
2026-05-11,421.5753,3796800,411.0840,421.7249,410.3560,0.0149,0.0648,0.0768,0.0470,0.2089,70.9259,0.0196,0.0465,0.0031,0.8778,0.0113,1.1322,sell
2026-05-12,418.5037,4848600,416.7086,419.7602,405.6588,-0.0073,0.0368,0.0949,0.0300,0.1954,67.3253,0.0173,0.0467,0.0024,0.8210,0.2770,1.3933,buy
2026-05-13,431.2089,3486300,426.6713,434.5298,424.8363,0.0304,0.0403,0.1107,0.0502,0.2252,64.1685,0.0185,0.0470,0.0032,0.9494,-0.2810,0.9870,sell
2026-05-14,425.6242,2811400,429.7928,432.7247,422.9116,-0.0130,0.0447,0.0610,0.0305,0.2035,63.3562,0.0180,0.0474,0.0024,0.8655,-0.1936,0.7891,sell
2026-05-15,416.3496,3709600,414.0459,421.0268,413.4176,-0.0218,0.0023,0.0498,0.0032,0.1715,61.9459,0.0193,0.0459,-0.0001,0.7139,0.3195,1.0642,hold
2026-05-18,417.4366,4228500,425.7339,427.5090,412.9389,0.0026,-0.0098,0.0543,0.0007,0.1678,68.3996,0.0192,0.0435,-0.0019,0.7090,0.1399,1.2091,sell
2026-05-19,413.1783,6190400,408.0423,422.2634,406.0777,-0.0102,-0.0127,0.0236,-0.0118,0.1498,63.2696,0.0191,0.0408,-0.0040,0.6233,0.4640,1.6998,sell
2026-05-20,396.9627,10353000,388.9347,405.0306,382.8015,-0.0392,-0.0794,-0.0423,-0.0466,0.0998,47.8412,0.0211,0.0362,-0.0084,0.3111,0.6724,2.5667,sell
2026-05-21,383.1605,5303500,395.5565,395.9155,380.1786,-0.0348,-0.0998,-0.0595,-0.0744,0.0578,43.6880,0.0229,0.0291,-0.0137,0.0992,-0.4877,1.3011,buy
2026-05-22,395.9854,6107800,388.0770,399.6354,385.9528,0.0335,-0.0489,-0.0467,-0.0389,0.0878,50.0210,0.0250,0.0240,-0.0139,0.3278,0.1517,1.4696,buy
2026-05-26,418.7929,6628900,405.1403,421.7847,405.1403,0.0576,0.0032,-0.0066,0.0172,0.1434,55.6566,0.0315,0.0238,-0.0097,0.7048,0.0853,1.5241,hold
2026-05-27,415.7412,4095400,432.3158,432.3158,406.6661,-0.0073,0.0062,-0.0066,0.0104,0.1285,50.4949,0.0315,0.0239,-0.0078,0.6323,-0.3822,0.9389,hold
2026-05-28,417.8654,5055600,416.0006,419.8002,406.1475,0.0051,0.0527,-0.0309,0.0189,0.1278,54.3236,0.0297,0.0239,-0.0061,0.6544,0.2345,1.1336,sell
2026-05-29,412.7195,5507900,422.2933,422.2933,407.0550,-0.0123,0.0771,-0.0303,0.0095,0.1077,48.8731,0.0297,0.0230,-0.0059,0.5373,0.0895,1.2111,sell
2026-06-01,401.5900,4335600,403.1457,408.8700,398.8176,-0.0270,0.0142,-0.0354,-0.0141,0.0725,41.8814,0.0301,0.0202,-0.0076,0.2954,-0.2128,0.9294,buy
2026-06-02,423.2000,4954100,409.5000,423.9700,409.0000,0.0538,0.0105,0.0138,0.0375,0.1234,51.6581,0.0351,0.0205,-0.0047,0.7330,0.1427,1.0284,buy
2026-06-03,437.6700,5700700,424.9000,439.7000,418.2200,0.0342,0.0527,0.0593,0.0665,0.1540,52.2530,0.0362,0.0232,-0.0010,0.9678,0.1507,1.1552,sell
2026-06-04,428.7600,3376700,427.7800,432.2700,420.5900,-0.0204,0.0261,0.0801,0.0368,0.1241,51.0687,0.0340,0.0244,-0.0001,0.7668,-0.4077,0.6878,sell
2026-06-05,401.3900,7242600,419.4900,419.6400,401.2600,-0.0638,-0.0275,0.0476,-0.0337,0.0480,45.4615,0.0390,0.0210,-0.0042,0.2485,1.1449,1.4273,hold
2026-06-08,403.8900,5140200,414.9500,415.0000,401.5900,0.0062,0.0057,0.0200,-0.0295,0.0495,45.9251,0.0377,0.0172,-0.0063,0.3099,-0.2903,0.9993,hold
2026-06-09,404.6200,5415600,411.9500,414.5900,383.3200,0.0018,-0.0439,-0.0338,-0.0244,0.0461,47.3698,0.0324,0.0142,-0.0074,0.3398,0.0536,1.0366,sell
2026-06-10,392.6700,3868600,399.5600,411.0000,392.4100,-0.0295,-0.1028,-0.0555,-0.0479,0.0104,48.6452,0.0335,0.0097,-0.0101,0.1591,-0.2857,0.7475,buy
2026-06-11,412.1300,4846300,401.9400,413.0500,397.0100,0.0496,-0.0388,-0.0137,0.0006,0.0554,58.8277,0.0377,0.0092,-0.0077,0.5214,0.2527,0.9242,buy
2026-06-12,417.7900,2997500,411.9500,422.2300,406.4000,0.0137,0.0409,0.0123,0.0131,0.0645,56.9478,0.0377,0.0100,-0.0053,0.6379,-0.3815,0.5706,buy
2026-06-15,427.5800,4530800,429.1700,433.0000,424.9000,0.0234,0.0587,0.0647,0.0304,0.0834,53.0532,0.0368,0.0122,-0.0022,0.8033,0.5115,0.8558,sell
2026-06-16,416.0000,4350900,426.5900,438.6500,415.7000,-0.0271,0.0281,-0.0170,0.0042,0.0493,50.0849,0.0341,0.0121,-0.0021,0.5910,-0.0397,0.8209,hold
2026-06-17,414.4500,3603500,421.6400,428.0900,414.0600,-0.0037,0.0555,-0.0531,0.0061,0.0407,48.8754,0.0318,0.0114,-0.0023,0.5610,-0.1718,0.6969,buy
2026-06-18,434.4600,11869000,426.2300,438.5600,426.2300,0.0483,0.0542,0.0133,0.0532,0.0861,56.5201,0.0353,0.0139,0.0006,0.8817,2.2937,2.2622,buy
2026-06-22,445.4800,4289100,437.7500,445.9100,436.3900,0.0254,0.0663,0.1098,0.0685,0.1084,63.1715,0.0272,0.0177,0.0038,1.0247,-0.6386,0.8255,sell
2026-06-23,407.2600,7559600,426.8600,426.8600,403.2100,-0.0858,-0.0475,0.0083,-0.0239,0.0104,45.6500,0.0410,0.0151,-0.0001,0.3230,0.7625,1.4349,buy
2026-06-24,413.1600,4648300,407.2200,414.4600,404.0000,0.0145,-0.0068,0.0211,-0.0118,0.0218,42.9831,0.0412,0.0126,-0.0019,0.4389,-0.3851,0.8992,hold
2026-06-25,417.9300,6440800,424.2500,431.8700,412.3500,0.0115,0.0084,0.0643,-0.0064,0.0300,46.8242,0.0396,0.0115,-0.0023,0.5262,0.3856,1.2183,sell
2026-06-26,386.9100,12478800,405.4300,406.0800,382.8200,-0.0742,-0.1094,-0.0612,-0.0746,-0.0483,45.8429,0.0439,0.0050,-0.0079,0.0288,0.9375,2.2056,hold
2026-06-29,391.7800,5169300,388.1600,398.0600,385.0100,0.0126,-0.1205,-0.0623,-0.0571,-0.0382,46.5700,0.0439,0.0002,-0.0100,0.1488,-0.5858,0.9164,buy
2026-06-30,397.1700,6480700,392.9200,401.8200,391.7800,0.0138,-0.0248,-0.0711,-0.0371,-0.0262,47.9442,0.0433,-0.0024,-0.0100,0.2412,0.2537,1.1274,sell
2026-07-01,388.9800,5750900,390.8900,397.5800,387.8400,-0.0206,-0.0585,-0.0650,-0.0507,-0.0467,48.9602,0.0430,-0.0062,-0.0112,0.1559,-0.1126,0.9936,sell
2026-07-02,377.1600,6144100,390.8100,396.0000,372.6400,-0.0304,-0.0976,-0.0900,-0.0711,-0.0758,39.7020,0.0437,-0.0118,-0.0136,0.0403,0.0684,1.0575,buy
2026-07-06,388.8300,4447300,387.9100,395.9300,385.9600,0.0309,0.0050,-0.1050,-0.0315,-0.0476,41.7634,0.0414,-0.0131,-0.0118,0.2362,-0.2762,0.7584,sell
2026-07-07,379.0300,4813800,376.3300,381.6600,371.0900,-0.0252,-0.0325,-0.1492,-0.0400,-0.0706,36.1925,0.0397,-0.0166,-0.0123,0.1330,0.0824,0.8383,buy
2026-07-08,385.4000,2609500,374.2500,389.7800,374.2500,0.0168,-0.0296,-0.0537,-0.0184,-0.0543,41.0316,0.0319,-0.0173,-0.0104,0.2408,-0.4579,0.4647,buy
2026-07-09,393.6400,3106100,395.6000,399.3500,388.3300,0.0214,0.0120,-0.0472,0.0076,-0.0342,44.1311,0.0325,-0.0158,-0.0073,0.3586,0.1903,0.5647,hold
2026-07-10,395.6500,2325800,387.5000,398.3400,385.9300,0.0051,0.0490,-0.0533,0.0185,-0.0299,37.8178,0.0322,-0.0143,-0.0046,0.3826,-0.2512,0.4289,sell
2026-07-13,386.0100,3483500,389.8300,390.5900,382.9500,-0.0244,-0.0073,-0.0023,-0.0061,-0.0534,31.1696,0.0227,-0.0153,-0.0043,0.2766,0.4978,0.6505,buy
2026-07-14,392.7500,3139500,398.2800,400.4700,392.0000,0.0175,0.0362,0.0025,0.0110,-0.0365,44.2616,0.0231,-0.0140,-0.0026,0.3791,-0.0988,0.5855,hold
2026-07-15,390.9600,3099900,397.3500,400.6900,383.2800,-0.0046,0.0144,-0.0156,0.0080,-0.0406,40.9254,0.0226,-0.0135,-0.0016,0.3741,-0.0126,0.5859,sell
2026-07-16,380.5300,4096300,380.0100,386.0700,377.6500,-0.0267,-0.0333,-0.0217,-0.0167,-0.0655,35.3883,0.0233,-0.0154,-0.0025,0.2568,0.3214,0.7761,sell
2026-07-17,375.3600,3674800,369.5000,379.7800,366.7200,-0.0136,-0.0513,-0.0048,-0.0296,-0.0769,44.3454,0.0215,-0.0177,-0.0038,0.2173,-0.1029,0.6958,sell
2026-07-20,372.4600,2942700,382.1000,382.1000,372.0300,-0.0077,-0.0351,-0.0421,-0.0330,-0.0822,40.3554,0.0186,-0.0200,-0.0047,0.1942,-0.1992,0.6086,buy
2026-07-21,382.8100,4224500,387.9100,388.0000,377.6900,0.0278,-0.0253,0.0100,-0.0071,-0.0555,43.1697,0.0194,-0.0187,-0.0031,0.3458,0.4356,0.8743,buy
2026-07-22,386.7300,3176100,376.8300,387.6200,376.0000,0.0102,-0.0108,0.0035,0.0027,-0.0445,48.8845,0.0190,-0.0168,-0.0011,0.4461,-0.2482,0.6886,sell
2026-07-23,380.2000,3904100,376.1500,382.9700,373.3900,-0.0169,-0.0009,-0.0341,-0.0108,-0.0587,51.5906,0.0181,-0.0170,-0.0008,0.3156,0.2292,0.8533,sell
