date,close,volume,open,high,low,return_1d,return_5d,return_10d,price_vs_ma10,price_vs_ma50,rsi_14,volatility_10d,macd_norm,macd_hist_norm,bb_position,volume_change,volume_vs_avg20,label
2021-09-10,131.4355,9054700,132.8186,135.2391,131.2146,0.0136,0.0178,0.0328,0.0111,0.0137,71.7717,0.0149,0.0015,0.0037,0.8253,0.3299,1.2455,buy
2021-09-13,133.9328,8507600,133.2413,135.7194,132.1271,0.0190,0.0266,0.0212,0.0281,0.0326,69.5095,0.0128,0.0041,0.0049,0.9551,-0.0604,1.1727,buy
2021-09-14,134.6052,8073200,132.6553,136.1996,132.4632,0.0050,0.0267,0.0301,0.0302,0.0375,70.6562,0.0126,0.0064,0.0058,0.9357,-0.0511,1.1310,buy
2021-09-15,135.6521,6103200,134.4611,135.7578,132.0118,0.0078,0.0574,0.0451,0.0336,0.0448,69.9194,0.0122,0.0088,0.0065,0.9462,-0.2440,0.8678,buy
2021-09-16,138.3992,8467300,134.8165,138.9178,133.6735,0.0203,0.0673,0.0796,0.0464,0.0645,74.5347,0.0116,0.0119,0.0078,1.0457,0.3874,1.1896,sell
2021-09-17,135.2391,10884400,137.3522,137.3522,133.8752,-0.0228,0.0289,0.0472,0.0178,0.0389,59.2917,0.0151,0.0128,0.0069,0.8161,0.2855,1.5095,sell
2021-09-20,130.1773,8822500,131.1666,131.2915,128.2755,-0.0374,-0.0280,-0.0022,-0.0201,-0.0001,49.0594,0.0199,0.0106,0.0036,0.4578,-0.1894,1.2664,hold
2021-09-21,129.8411,5782200,131.7141,131.8197,128.1794,-0.0026,-0.0354,-0.0096,-0.0217,-0.0025,50.0924,0.0198,0.0082,0.0009,0.4141,-0.3446,0.8417,buy
2021-09-22,132.6458,6344300,130.8112,133.3181,130.1965,0.0216,-0.0222,0.0340,-0.0039,0.0187,58.1921,0.0195,0.0077,0.0005,0.6165,0.0972,0.9236,buy
2021-09-23,135.5369,5620700,133.8272,136.5358,133.2317,0.0218,-0.0207,0.0453,0.0134,0.0401,60.9757,0.0203,0.0089,0.0015,0.8249,-0.1141,0.8249,hold
2021-09-24,136.3149,3729900,133.9040,136.7471,133.6639,0.0057,0.0080,0.0371,0.0155,0.0446,60.2284,0.0200,0.0103,0.0023,0.8540,-0.3364,0.5483,hold
2021-09-27,137.1025,5248600,134.0865,137.6116,134.0289,0.0058,0.0532,0.0237,0.0190,0.0484,60.4410,0.0193,0.0117,0.0030,0.8714,0.4072,0.7900,sell
2021-09-28,127.6415,12873900,132.1751,134.0673,127.2958,-0.0690,-0.0169,-0.0517,-0.0464,-0.0246,49.0909,0.0297,0.0078,-0.0013,0.1519,1.4528,1.8243,sell
2021-09-29,123.2040,10730100,127.5551,128.7461,122.9831,-0.0348,-0.0712,-0.0918,-0.0709,-0.0580,41.5938,0.0307,0.0012,-0.0066,-0.0656,-0.1665,1.4671,hold
2021-09-30,123.6458,7329800,124.2701,125.6821,123.4345,0.0036,-0.0877,-0.1066,-0.0571,-0.0534,39.5084,0.0293,-0.0039,-0.0093,0.0212,-0.3169,0.9949,hold
2021-10-01,124.0300,6459200,124.1549,124.4814,121.4270,0.0031,-0.0901,-0.0829,-0.0460,-0.0494,35.8573,0.0293,-0.0076,-0.0104,0.0893,-0.1188,0.8689,sell
2021-10-04,120.2552,9549500,122.6181,122.7717,118.3054,-0.0304,-0.1229,-0.0762,-0.0679,-0.0765,31.1744,0.0286,-0.0133,-0.0129,-0.0173,0.4784,1.2452,buy
2021-10-05,123.0119,7330400,122.4452,124.0972,120.4473,0.0229,-0.0363,-0.0526,-0.0415,-0.0539,34.1292,0.0302,-0.0152,-0.0118,0.1555,-0.2324,0.9449,sell
2021-10-06,121.5231,7388700,121.3118,123.1175,120.7547,-0.0121,-0.0136,-0.0839,-0.0448,-0.0643,28.1195,0.0287,-0.0179,-0.0116,0.1264,0.0080,0.9527,buy
2021-10-07,122.8294,5761300,123.5690,124.8176,122.4260,0.0107,-0.0066,-0.0938,-0.0248,-0.0529,33.0978,0.0277,-0.0186,-0.0099,0.2089,-0.2203,0.7479,sell
2021-10-08,121.2349,6300500,123.2328,123.7034,120.8988,-0.0130,-0.0225,-0.1106,-0.0258,-0.0637,36.5501,0.0271,-0.0204,-0.0093,0.1791,0.0936,0.8328,buy
2021-10-11,122.4644,5472000,120.7355,124.0972,120.6971,0.0101,0.0184,-0.1068,-0.0042,-0.0525,39.1953,0.0275,-0.0204,-0.0075,0.2536,-0.1315,0.7381,hold
2021-10-12,121.7536,7637900,123.6746,123.7419,120.0055,-0.0058,-0.0102,-0.0461,-0.0052,-0.0559,33.0036,0.0184,-0.0209,-0.0064,0.2520,0.3958,1.0333,buy
2021-10-13,123.1463,4950600,123.6938,124.3662,122.4644,0.0114,0.0134,-0.0005,0.0062,-0.0431,29.7170,0.0155,-0.0198,-0.0043,0.3261,-0.3518,0.6750,buy
2021-10-14,126.8539,7947600,126.4217,127.0268,124.5295,0.0301,0.0328,0.0259,0.0338,-0.0128,35.8680,0.0182,-0.0161,-0.0008,0.4970,0.6054,1.0875,hold
2021-10-15,126.3929,4826600,127.0364,127.6607,126.0663,-0.0036,0.0425,0.0191,0.0280,-0.0149,33.8453,0.0183,-0.0137,0.0013,0.4959,-0.3927,0.6890,buy
2021-10-18,128.0161,4208500,125.2114,128.1314,124.7120,0.0128,0.0453,0.0645,0.0347,-0.0008,50.7400,0.0145,-0.0105,0.0034,0.5774,-0.1281,0.6212,buy
2021-10-19,129.2840,3694300,128.0642,129.9948,127.3726,0.0099,0.0618,0.0510,0.0397,0.0101,63.7310,0.0134,-0.0072,0.0053,0.6390,-0.1222,0.5538,sell
2021-10-20,128.6885,4619000,128.6789,129.8603,128.0834,-0.0046,0.0450,0.0590,0.0290,0.0061,61.3098,0.0125,-0.0049,0.0061,0.6243,0.2503,0.7016,sell
2021-10-21,128.0737,5611000,126.4601,128.2370,125.3555,-0.0048,0.0096,0.0427,0.0198,0.0014,58.9764,0.0128,-0.0035,0.0061,0.6239,0.2148,0.8523,buy
2021-10-22,130.5614,10744900,129.8699,135.9691,129.1975,0.0194,0.0330,0.0769,0.0319,0.0198,74.2649,0.0121,-0.0007,0.0069,0.8095,0.9150,1.5495,hold
2021-10-25,130.3981,4005600,130.8688,132.4728,129.9563,-0.0013,0.0186,0.0648,0.0242,0.0176,69.8091,0.0123,0.0013,0.0071,0.8981,-0.6272,0.5829,sell
2021-10-26,126.7866,7864600,131.8581,131.9734,126.4793,-0.0277,-0.0193,0.0413,-0.0081,-0.0106,62.6733,0.0161,0.0006,0.0053,0.6285,0.9634,1.1877,hold
2021-10-27,126.9403,7837600,128.0161,128.9766,126.2200,0.0012,-0.0136,0.0308,-0.0098,-0.0100,60.4798,0.0159,0.0002,0.0039,0.6263,-0.0034,1.2101,buy
2021-10-28,130.6479,6391700,129.2552,132.4056,129.2072,0.0292,0.0201,0.0299,0.0161,0.0176,71.6621,0.0157,0.0021,0.0046,0.8633,-0.1845,0.9940,hold
2021-10-29,131.2530,5715300,129.4665,131.8389,129.2360,0.0046,0.0053,0.0385,0.0170,0.0211,70.8236,0.0156,0.0040,0.0051,0.8605,-0.1058,0.8940,buy
2021-11-01,134.0000,5329000,131.5700,134.1537,131.0321,0.0209,0.0276,0.0467,0.0334,0.0405,76.4630,0.0163,0.0069,0.0064,0.9820,-0.0676,0.8620,buy
2021-11-02,135.6329,4822900,133.9904,135.8826,133.4045,0.0122,0.0698,0.0491,0.0409,0.0517,76.7048,0.0164,0.0100,0.0077,0.9974,-0.0950,0.7963,buy
2021-11-03,137.1121,4117500,135.8538,137.6884,134.3554,0.0109,0.0801,0.0655,0.0455,0.0613,74.2504,0.0161,0.0132,0.0086,1.0027,-0.1463,0.6987,buy
2021-11-04,144.2006,9272800,137.6115,144.5464,136.8720,0.0517,0.1037,0.1259,0.0862,0.1133,82.0537,0.0209,0.0187,0.0115,1.1744,1.2520,1.5280,buy
2021-11-05,147.2358,7706800,144.3351,147.6584,142.9135,0.0210,0.1218,0.1277,0.0953,0.1333,82.9218,0.0210,0.0245,0.0140,1.1382,-0.1689,1.2554,hold
2021-11-08,146.9189,5878500,148.7438,148.7727,145.2572,-0.0022,0.0964,0.1267,0.0797,0.1281,81.2244,0.0210,0.0290,0.0147,1.0257,-0.2372,0.9544,buy
2021-11-09,150.1173,7274600,146.9380,150.4919,145.4397,0.0218,0.1068,0.1840,0.0846,0.1492,84.7399,0.0158,0.0331,0.0153,1.0358,0.2375,1.1846,sell
2021-11-10,144.4600,7149500,147.1974,148.8783,144.3351,-0.0377,0.0536,0.1380,0.0307,0.1034,72.8320,0.0232,0.0348,0.0130,0.8230,-0.0172,1.1438,buy
2021-11-11,147.8217,5061000,146.2176,148.0906,145.3244,0.0233,0.0251,0.1315,0.0419,0.1257,73.4780,0.0228,0.0357,0.0116,0.8787,-0.2921,0.8288,buy
2021-11-12,150.6264,5778600,148.5613,151.1931,148.0234,0.0190,0.0230,0.1476,0.0474,0.1433,75.6705,0.0227,0.0374,0.0110,0.9070,0.1418,0.9390,hold
2021-11-15,150.0981,7304300,150.7608,151.8942,149.0704,-0.0035,0.0216,0.1201,0.0322,0.1359,82.0948,0.0232,0.0387,0.0098,0.8493,0.2640,1.1578,buy
2021-11-16,151.6253,6200700,149.2432,152.7203,147.4855,0.0102,0.0100,0.1179,0.0313,0.1439,82.7473,0.0232,0.0396,0.0087,0.8489,-0.1511,0.9637,sell
2021-11-17,149.8196,5759200,151.6734,152.2497,149.7332,-0.0119,0.0371,0.0927,0.0103,0.1267,76.7849,0.0243,0.0397,0.0068,0.7717,-0.0712,0.8872,buy
2021-11-18,152.4706,9929500,152.2400,152.7011,148.6285,0.0177,0.0314,0.0574,0.0225,0.1427,78.0403,0.0197,0.0396,0.0058,0.8104,0.7241,1.4804,sell
2021-11-19,144.1045,16028700,145.0074,150.2710,143.8260,-0.0549,-0.0433,-0.0213,-0.0316,0.0779,61.6269,0.0266,0.0373,0.0013,0.5693,0.6143,2.2992,sell
2021-11-22,141.7225,9029100,145.0363,146.9381,141.5400,-0.0165,-0.0558,-0.0354,-0.0443,0.0589,56.8883,0.0270,0.0325,-0.0033,0.4867,-0.4367,1.2501,buy
2021-11-23,143.0384,7254500,142.8367,144.0277,139.3693,0.0093,-0.0566,-0.0472,-0.0308,0.0674,56.7285,0.0259,0.0284,-0.0057,0.5015,-0.1965,1.0087,hold
2021-11-24,143.3559,6185900,142.7594,143.4713,140.2773,0.0022,-0.0431,-0.0076,-0.0279,0.0685,48.8666,0.0232,0.0251,-0.0071,0.4832,-0.1473,0.8701,sell
2021-11-26,137.8529,7334100,140.0849,141.5953,136.8235,-0.0384,-0.0959,-0.0674,-0.0588,0.0276,38.1934,0.0243,0.0201,-0.0107,0.2468,0.1856,1.0248,buy
2021-11-29,145.4820,9932300,141.2009,145.8091,139.9791,0.0553,0.0096,-0.0342,-0.0033,0.0828,48.4730,0.0305,0.0185,-0.0086,0.5274,0.3543,1.3481,sell
2021-11-30,141.6050,13505800,145.3762,146.2132,140.9027,-0.0266,-0.0008,-0.0566,-0.0241,0.0521,41.0821,0.0314,0.0162,-0.0093,0.3128,0.3598,1.7368,buy
2021-12-01,145.9150,14372000,145.5109,150.6387,144.1544,0.0304,0.0201,-0.0377,0.0095,0.0816,51.5686,0.0332,0.0158,-0.0072,0.5078,0.0641,1.7413,sell
2021-12-02,140.9315,9573200,142.3842,144.2121,138.2859,-0.0342,-0.0169,-0.0593,-0.0189,0.0434,42.8229,0.0345,0.0133,-0.0083,0.1850,-0.3339,1.1228,hold
2021-12-03,140.2965,7768000,142.8748,145.0202,137.8914,-0.0045,0.0177,-0.0798,-0.0150,0.0379,38.7305,0.0335,0.0105,-0.0090,0.1724,-0.1886,0.9191,buy
2021-12-06,141.7877,8579700,140.2484,142.7305,135.6691,0.0106,-0.0254,-0.0161,-0.0029,0.0481,41.1203,0.0295,0.0089,-0.0083,0.2819,0.1045,1.0100,buy
2021-12-07,150.9369,10514900,145.2704,152.0048,144.4334,0.0645,0.0659,0.0650,0.0546,0.1135,49.3675,0.0354,0.0120,-0.0033,0.7960,0.2256,1.2049,hold
2021-12-08,151.3217,6582400,150.9080,151.8701,149.2629,0.0025,0.0371,0.0579,0.0512,0.1124,51.4172,0.0354,0.0149,-0.0003,0.8094,-0.3740,0.7573,sell
2021-12-09,146.8577,5420000,149.9267,152.3318,146.5980,-0.0295,0.0421,0.0244,0.0177,0.0759,44.8796,0.0372,0.0151,-0.0005,0.5543,-0.1766,0.6298,hold
2021-12-10,146.9347,5291900,150.1865,150.9369,144.9336,0.0005,0.0473,0.0659,0.0119,0.0728,53.0419,0.0343,0.0148,-0.0006,0.5613,-0.0236,0.6141,sell
2021-12-13,141.5184,6202500,148.2431,148.6087,141.1528,-0.0369,-0.0019,-0.0272,-0.0227,0.0306,49.7940,0.0321,0.0118,-0.0033,0.2814,0.1721,0.7180,hold
2021-12-14,142.1244,5691500,139.4788,142.5766,139.0458,0.0043,-0.0584,0.0037,-0.0189,0.0317,49.0644,0.0310,0.0093,-0.0047,0.3349,-0.0824,0.6651,buy
2021-12-15,147.8295,6883000,142.3361,148.0507,139.6520,0.0401,-0.0231,0.0131,0.0191,0.0693,54.1246,0.0321,0.0100,-0.0027,0.6849,0.2093,0.8011,sell
2021-12-16,141.1335,7155900,148.5414,149.4553,140.7102,-0.0453,-0.0390,0.0014,-0.0272,0.0180,52.9596,0.0337,0.0074,-0.0047,0.2983,0.0396,0.8261,hold
2021-12-17,140.6044,9334700,139.7770,143.3270,138.7476,-0.0037,-0.0431,0.0022,-0.0310,0.0115,44.9532,0.0337,0.0047,-0.0060,0.2800,0.3045,1.0814,hold
2021-12-20,139.5077,4653400,138.3436,141.2105,137.8145,-0.0078,-0.0142,-0.0161,-0.0371,0.0010,47.6975,0.0336,0.0019,-0.0071,0.2289,-0.5015,0.5771,buy
2021-12-21,145.6744,5986900,143.6926,145.7706,141.4414,0.0442,0.0250,-0.0349,0.0092,0.0418,49.7463,0.0295,0.0030,-0.0045,0.6303,0.2866,0.7568,hold
2021-12-22,146.5403,4293700,144.2795,146.6557,143.2693,0.0059,-0.0087,-0.0316,0.0185,0.0443,56.4792,0.0296,0.0044,-0.0025,0.6745,-0.2828,0.5531,buy
2021-12-23,149.5900,4625500,147.2618,150.6001,147.1945,0.0208,0.0599,0.0186,0.0378,0.0620,60.1684,0.0288,0.0069,0.0002,0.8379,0.0773,0.6019,buy
2021-12-27,156.5457,6416500,150.2634,156.6322,150.2634,0.0465,0.1134,0.0654,0.0788,0.1067,64.4227,0.0320,0.0121,0.0045,1.1256,0.3872,0.8399,sell
2021-12-28,153.5825,5834300,156.6707,156.8054,152.7263,-0.0189,0.1009,0.0852,0.0497,0.0816,52.9412,0.0297,0.0150,0.0058,0.9070,-0.0907,0.7848,hold
2021-12-29,154.8717,4654400,153.8327,156.8343,153.4960,0.0084,0.0631,0.0897,0.0494,0.0866,53.8687,0.0297,0.0174,0.0067,0.9119,-0.2022,0.6657,sell
2021-12-30,151.9855,4171400,154.5831,154.8139,151.6488,-0.0186,0.0372,0.0281,0.0269,0.0630,55.7872,0.0287,0.0181,0.0057,0.7525,-0.1038,0.6436,hold
2021-12-31,151.3890,3594300,152.1394,153.6114,151.0811,-0.0039,0.0120,0.0727,0.0158,0.0554,54.9689,0.0234,0.0179,0.0044,0.7031,-0.1383,0.5813,buy
2022-01-03,153.8615,5363900,151.7546,154.6793,150.7541,0.0163,-0.0171,0.0943,0.0233,0.0688,64.7369,0.0232,0.0185,0.0041,0.7894,0.4923,0.8848,sell
2022-01-04,152.3511,6947000,153.9193,155.6991,148.6472,-0.0098,-0.0080,0.0921,0.0047,0.0551,61.9519,0.0234,0.0184,0.0031,0.6968,0.2951,1.1615,sell
2022-01-05,147.9064,6840100,152.0432,152.8610,147.6755,-0.0292,-0.0450,0.0153,-0.0260,0.0219,50.0927,0.0226,0.0160,0.0003,0.4903,-0.0154,1.1799,buy
2022-01-06,150.4077,6576000,147.4638,151.4275,146.0785,0.0169,-0.0104,0.0264,-0.0121,0.0358,62.4226,0.0231,0.0147,-0.0006,0.6143,-0.0386,1.1344,sell
2022-01-07,145.0876,6335700,149.2148,151.4083,144.9240,-0.0354,-0.0416,-0.0301,-0.0442,-0.0033,55.3221,0.0250,0.0113,-0.0037,0.3605,-0.0365,1.0844,sell
2022-01-10,143.9139,9683900,142.1148,144.2121,137.8337,-0.0081,-0.0647,-0.0807,-0.0440,-0.0132,55.2211,0.0180,0.0075,-0.0061,0.3138,0.5285,1.5974,buy
2022-01-11,146.6654,6824400,142.7498,146.8674,140.7199,0.0191,-0.0373,-0.0450,-0.0212,0.0035,51.2776,0.0195,0.0058,-0.0061,0.4299,-0.2953,1.1200,buy
2022-01-12,153.4959,10379800,148.8588,153.6883,148.7530,0.0466,0.0378,-0.0089,0.0253,0.0475,57.7725,0.0252,0.0078,-0.0028,0.7435,0.5210,1.6404,sell
2022-01-13,151.2159,12553600,157.7771,160.2111,150.5617,-0.0149,0.0054,-0.0051,0.0106,0.0297,51.8486,0.0249,0.0085,-0.0018,0.6198,0.2094,1.8988,buy
2022-01-14,160.6632,11437300,149.8690,160.7210,149.6958,0.0625,0.1074,0.0613,0.0671,0.0906,54.4306,0.0317,0.0129,0.0026,1.0105,-0.0889,1.6757,sell
2022-01-18,146.5787,12417000,159.0854,159.5953,145.7706,-0.0877,0.0185,-0.0473,-0.0217,-0.0054,43.9191,0.0431,0.0107,-0.0005,0.3220,0.0857,1.7791,sell
2022-01-19,137.6413,12929000,148.5702,149.9075,137.4970,-0.0610,-0.0615,-0.0966,-0.0722,-0.0648,36.7940,0.0468,0.0031,-0.0071,-0.0991,0.0412,1.7488,sell
2022-01-20,133.8700,10573800,140.1618,141.7300,133.3024,-0.0274,-0.1279,-0.0949,-0.0890,-0.0888,36.3015,0.0467,-0.0058,-0.0130,-0.1226,-0.1822,1.3872,sell
2022-01-21,129.9352,12408200,132.3019,136.5157,129.5407,-0.0294,-0.1407,-0.1361,-0.1033,-0.1131,34.5568,0.0461,-0.0155,-0.0183,-0.1134,0.1735,1.5456,buy
2022-01-24,134.0047,13204800,126.5199,134.1490,124.7690,0.0313,-0.1659,-0.0764,-0.0681,-0.0841,36.0276,0.0474,-0.0197,-0.0180,0.0825,0.0642,1.5614,sell
2022-01-25,127.9438,11800000,129.6851,131.2340,126.3852,-0.0452,-0.1271,-0.1110,-0.1003,-0.1231,33.8593,0.0490,-0.0280,-0.0210,-0.0063,-0.1064,1.3522,buy
2022-01-26,130.4355,11852600,132.4847,136.2078,127.7994,0.0195,-0.0524,-0.1107,-0.0722,-0.1035,38.1400,0.0490,-0.0313,-0.0195,0.1149,0.0045,1.3130,sell
2022-01-27,125.2115,13539100,129.1463,130.3104,124.3938,-0.0401,-0.0647,-0.1843,-0.0910,-0.1365,33.5055,0.0453,-0.0387,-0.0211,0.0500,0.1423,1.4294,buy
2022-01-28,127.4243,13292900,124.6824,127.4724,119.1506,0.0177,-0.0193,-0.1573,-0.0587,-0.1183,37.9465,0.0468,-0.0409,-0.0189,0.1480,-0.0182,1.3390,buy
2022-01-31,132.9368,8588900,127.8764,133.1196,126.6354,0.0433,-0.0080,-0.1726,0.0026,-0.0780,42.9280,0.0435,-0.0376,-0.0132,0.2980,-0.3539,0.8439,hold
2022-02-01,133.3505,8151400,132.9850,133.9951,128.3094,0.0031,0.0423,-0.0902,0.0158,-0.0727,41.1554,0.0361,-0.0356,-0.0090,0.3275,-0.0509,0.7901,buy
2022-02-02,135.4189,8134100,135.3612,136.0346,132.0036,0.0155,0.0382,-0.0161,0.0333,-0.0571,37.1811,0.0317,-0.0319,-0.0046,0.3940,-0.0021,0.7839,sell
2022-02-03,131.3302,10040600,132.9464,135.8615,129.9737,-0.0302,0.0489,-0.0190,0.0041,-0.0843,36.2512,0.0320,-0.0325,-0.0035,0.3129,0.2344,0.9530,hold
2022-02-04,130.4259,8514400,129.2425,131.5611,126.9336,-0.0069,0.0236,0.0038,-0.0032,-0.0890,26.2936,0.0305,-0.0326,-0.0027,0.3112,-0.1520,0.8007,hold
2022-02-07,130.9646,7242200,130.6086,133.0426,130.0699,0.0041,-0.0148,-0.0227,0.0032,-0.0836,34.4570,0.0287,-0.0317,-0.0015,0.3421,-0.1494,0.6782,buy
2022-02-08,133.4852,6644100,129.7236,133.9181,128.4344,0.0192,0.0010,0.0433,0.0182,-0.0654,45.2569,0.0249,-0.0286,0.0008,0.4187,-0.0826,0.6312,buy
2022-02-09,138.7284,7652600,136.2848,139.4788,134.1971,0.0393,0.0244,0.0636,0.0515,-0.0278,55.3644,0.0269,-0.0223,0.0048,0.5654,0.1518,0.7241,sell
2022-02-10,134.4665,8525700,134.4857,139.6520,133.7353,-0.0307,0.0239,0.0739,0.0121,-0.0567,54.9673,0.0252,-0.0211,0.0055,0.4756,0.1141,0.8139,sell
2022-02-11,127.4627,9473100,134.2548,135.2265,126.2986,-0.0521,-0.0227,0.0003,-0.0406,-0.1035,43.2620,0.0310,-0.0248,0.0026,0.2878,0.1111,0.9178,hold
2022-02-14,126.8566,9529300,127.3473,129.3003,124.7690,-0.0048,-0.0314,-0.0457,-0.0408,-0.1060,48.7386,0.0271,-0.0270,0.0004,0.2164,0.0059,0.9319,buy
2022-02-15,134.5338,9065200,129.5792,135.0533,129.1944,0.0605,0.0079,0.0089,0.0164,-0.0512,54.2447,0.0341,-0.0221,0.0030,0.6854,-0.0487,0.9013,hold
2022-02-16,135.6114,7990700,133.2255,136.3329,131.7054,0.0080,-0.0225,0.0014,0.0244,-0.0427,61.7834,0.0338,-0.0185,0.0051,0.7769,-0.1185,0.8144,sell
2022-02-17,131.2917,11879800,137.4104,138.3340,129.6370,-0.0319,-0.0236,-0.0003,-0.0082,-0.0706,54.1823,0.0340,-0.0187,0.0045,0.4785,0.4867,1.2028,sell
2022-02-18,128.2901,8151300,131.7920,131.8305,125.9619,-0.0229,0.0065,-0.0164,-0.0293,-0.0889,44.6865,0.0347,-0.0205,0.0026,0.2726,-0.3139,0.8435,sell
2022-02-22,125.5433,7667700,125.2349,130.2659,123.8470,-0.0214,-0.0104,-0.0414,-0.0462,-0.1057,41.5246,0.0352,-0.0235,0.0001,0.1280,-0.0593,0.8169,sell
2022-02-23,123.2302,8413800,127.1817,129.3599,122.9989,-0.0184,-0.0840,-0.0768,-0.0564,-0.1192,36.8381,0.0345,-0.0273,-0.0026,0.0317,0.0973,0.9128,buy
2022-02-24,128.5889,8500900,118.6233,128.7913,118.2378,0.0435,-0.0518,-0.0731,-0.0077,-0.0792,47.1188,0.0352,-0.0250,-0.0010,0.3677,0.0104,0.9393,buy
2022-02-25,130.8056,7784500,128.5311,131.2104,126.9697,0.0172,-0.0037,-0.0272,0.0123,-0.0618,50.3884,0.0349,-0.0220,0.0012,0.4851,-0.0843,0.8884,sell
2022-02-28,129.3406,7428100,128.9744,132.0971,127.2492,-0.0112,0.0082,0.0147,-0.0005,-0.0699,48.3699,0.0305,-0.0209,0.0021,0.3825,-0.0458,0.8771,sell
2022-03-01,124.9168,9212500,128.8973,130.1695,123.4519,-0.0342,-0.0050,-0.0153,-0.0333,-0.0996,41.7158,0.0325,-0.0232,0.0005,0.1393,0.2402,1.0838,buy
2022-03-02,128.3575,7008700,125.2927,129.6008,124.9554,0.0275,0.0416,-0.0459,-0.0019,-0.0731,39.6109,0.0268,-0.0213,0.0014,0.3677,-0.2392,0.8301,sell
2022-03-03,125.9095,5449700,130.2273,130.2273,124.8783,-0.0191,-0.0208,-0.0715,-0.0135,-0.0890,41.1048,0.0268,-0.0220,0.0009,0.2414,-0.2224,0.6559,sell
2022-03-04,121.1870,7096100,123.7314,124.8686,119.6256,-0.0375,-0.0735,-0.0770,-0.0429,-0.1201,43.1513,0.0274,-0.0259,-0.0017,0.0285,0.3021,0.8695,sell
2022-03-07,114.9031,9207100,122.9411,123.4133,114.7970,-0.0519,-0.1116,-0.1043,-0.0828,-0.1618,38.3935,0.0305,-0.0339,-0.0067,-0.1313,0.2975,1.1233,buy
2022-03-08,119.6545,10525000,115.4524,123.2398,113.8911,0.0414,-0.0421,-0.0469,-0.0404,-0.1234,34.6825,0.0343,-0.0340,-0.0063,0.1337,0.1431,1.2589,buy
2022-03-09,123.9627,7623200,123.0760,125.1385,121.6303,0.0360,-0.0342,0.0059,-0.0064,-0.0874,38.7561,0.0360,-0.0308,-0.0032,0.3378,-0.2757,0.9065,sell
2022-03-10,120.4448,5604400,121.1677,121.4375,118.2378,-0.0284,-0.0434,-0.0633,-0.0283,-0.1090,39.3655,0.0338,-0.0320,-0.0029,0.2030,-0.2648,0.6747,sell
2022-03-11,119.1630,6016000,125.2927,125.2927,118.9028,-0.0106,-0.0167,-0.0890,-0.0295,-0.1138,40.7393,0.0328,-0.0331,-0.0029,0.1748,0.0734,0.7353,sell
2022-03-14,115.7801,6733200,119.2594,120.2039,114.7874,-0.0284,0.0076,-0.1048,-0.0465,-0.1343,40.2201,0.0334,-0.0365,-0.0044,0.0784,0.1192,0.8370,buy
2022-03-15,119.9051,6875300,117.3125,120.4256,115.5199,0.0356,0.0021,-0.0401,-0.0084,-0.0992,46.7859,0.0351,-0.0341,-0.0024,0.2786,0.0211,0.8690,buy
2022-03-16,125.7553,9668900,122.7098,126.0059,120.5605,0.0488,0.0145,-0.0203,0.0422,-0.0512,47.2868,0.0377,-0.0275,0.0021,0.5520,0.4063,1.2175,buy
2022-03-17,127.2107,6781100,124.6373,127.4709,123.6639,0.0116,0.0562,0.0103,0.0531,-0.0366,46.5068,0.0374,-0.0221,0.0058,0.6564,-0.2987,0.8604,buy
2022-03-18,130.2466,11516500,125.8710,130.8345,125.0518,0.0239,0.0930,0.0748,0.0702,-0.0110,50.8542,0.0352,-0.0155,0.0093,0.8227,0.6983,1.4646,hold
2022-03-21,129.3406,6206600,129.2443,130.4779,127.1432,-0.0070,0.1171,0.1256,0.0503,-0.0147,54.4676,0.0291,-0.0113,0.0110,0.7688,-0.4611,0.7992,buy
2022-03-22,130.5743,4997800,129.1479,132.3669,129.0033,0.0095,0.0890,0.0913,0.0510,-0.0031,52.3432,0.0273,-0.0069,0.0121,0.8072,-0.1948,0.6548,sell
2022-03-23,126.6612,5457900,128.7719,130.2080,126.4492,-0.0300,0.0072,0.0218,0.0173,-0.0304,50.7707,0.0280,-0.0061,0.0108,0.6016,0.0921,0.7292,buy
2022-03-24,133.5717,7617800,128.1937,133.6295,126.5746,0.0546,0.0500,0.1090,0.0616,0.0245,62.1524,0.0300,-0.0008,0.0122,0.9091,0.3957,1.0238,sell
2022-03-25,132.0971,6074200,133.6102,133.9572,129.9189,-0.0110,0.0142,0.1085,0.0392,0.0166,68.6299,0.0301,0.0023,0.0123,0.8314,-0.2026,0.8259,hold
2022-03-28,132.6753,5209600,130.1984,132.7621,128.8587,0.0044,0.0258,0.1459,0.0301,0.0239,65.5109,0.0270,0.0050,0.0120,0.8385,-0.1423,0.7192,buy
2022-03-29,136.3185,6162600,135.0077,136.8678,133.8801,0.0275,0.0440,0.1369,0.0450,0.0560,64.9556,0.0263,0.0090,0.0126,0.9345,0.1829,0.8690,sell
2022-03-30,130.8827,6387500,135.5956,136.1835,130.1888,-0.0399,0.0333,0.0408,-0.0006,0.0164,62.0736,0.0279,0.0093,0.0105,0.7044,0.0365,0.9047,sell
2022-03-31,127.0275,8474800,131.1718,132.3765,126.8829,-0.0295,-0.0490,-0.0014,-0.0299,-0.0119,58.5858,0.0297,0.0070,0.0066,0.5467,0.3268,1.1751,sell
2022-04-01,122.7965,10138100,128.0684,128.2226,121.0231,-0.0333,-0.0704,-0.0572,-0.0568,-0.0432,57.5207,0.0301,0.0024,0.0015,0.3719,0.1963,1.3767,buy
2022-04-04,124.7530,8347800,122.5652,125.0036,122.3050,0.0159,-0.0597,-0.0355,-0.0384,-0.0272,55.4496,0.0309,-0.0002,-0.0008,0.4245,-0.1766,1.1403,sell
2022-04-05,117.3029,11653700,124.1169,124.3096,116.9559,-0.0597,-0.1395,-0.1016,-0.0865,-0.0829,40.8283,0.0352,-0.0074,-0.0065,0.1087,0.3960,1.5797,sell
2022-04-06,115.0091,11602000,114.7007,116.8306,112.8309,-0.0196,-0.1213,-0.0920,-0.0961,-0.0990,36.9967,0.0347,-0.0148,-0.0111,0.0675,-0.0044,1.5314,buy
2022-04-07,117.9679,11817200,114.7681,119.4136,114.2959,0.0257,-0.0713,-0.1168,-0.0614,-0.0740,36.8930,0.0296,-0.0178,-0.0113,0.1967,0.0185,1.4983,sell
2022-04-08,115.6163,6408100,116.8692,117.9583,115.1344,-0.0199,-0.0585,-0.1248,-0.0679,-0.0911,35.7885,0.0297,-0.0223,-0.0125,0.1258,-0.4577,0.8105,sell
2022-04-11,112.0310,7785100,113.9200,114.7392,111.9346,-0.0310,-0.1020,-0.1556,-0.0815,-0.1171,31.6902,0.0296,-0.0286,-0.0149,0.0222,0.2149,0.9781,sell
2022-04-12,110.4118,9883800,113.8236,114.9416,110.0359,-0.0145,-0.0587,-0.1900,-0.0751,-0.1268,33.1938,0.0253,-0.0344,-0.0163,0.0273,0.2696,1.2188,buy
2022-04-13,112.6285,9351400,111.0671,113.8429,110.3443,0.0201,-0.0207,-0.1395,-0.0419,-0.1063,26.0101,0.0273,-0.0358,-0.0145,0.1429,-0.0539,1.1554,sell
2022-04-14,109.2552,7711200,113.1586,113.2742,109.1492,-0.0300,-0.0739,-0.1399,-0.0563,-0.1295,24.9259,0.0273,-0.0407,-0.0149,0.0977,-0.1754,0.9473,buy
2022-04-18,110.7106,6822700,108.4264,111.7804,108.2722,0.0133,-0.0424,-0.0984,-0.0337,-0.1150,26.3442,0.0277,-0.0415,-0.0129,0.1772,-0.1152,0.8630,buy
2022-04-19,112.8213,6086600,109.9974,112.9947,109.4287,0.0191,0.0071,-0.0956,-0.0049,-0.0956,23.8300,0.0281,-0.0399,-0.0094,0.2607,-0.1079,0.7705,hold
2022-04-20,113.6212,8856100,116.1559,117.9390,113.2646,0.0071,0.0291,-0.0314,0.0054,-0.0866,28.5611,0.0222,-0.0379,-0.0061,0.3038,0.4550,1.0944,sell
2022-04-21,111.5009,7849400,114.8934,116.6957,111.1635,-0.0187,-0.0100,-0.0305,-0.0103,-0.1005,29.8474,0.0221,-0.0383,-0.0048,0.2689,-0.1137,0.9558,sell
2022-04-22,108.7155,8489400,111.0575,111.9827,108.5517,-0.0250,-0.0049,-0.0784,-0.0270,-0.1187,31.0111,0.0205,-0.0407,-0.0050,0.2186,0.0815,1.0283,buy
2022-04-25,110.3250,8518300,107.3758,110.5660,107.1734,0.0148,-0.0035,-0.0458,-0.0079,-0.1021,30.3594,0.0212,-0.0395,-0.0035,0.2848,0.0034,1.0168,sell
2022-04-26,104.9760,9461800,108.7541,109.1010,104.8893,-0.0485,-0.0695,-0.0630,-0.0500,-0.1425,32.2015,0.0242,-0.0447,-0.0054,0.1543,0.1108,1.1014,hold
2022-04-27,104.8700,6891600,104.4459,108.3011,103.9929,-0.0010,-0.0770,-0.0502,-0.0461,-0.1403,34.3731,0.0240,-0.0467,-0.0060,0.1511,-0.2716,0.7989,buy
2022-04-28,110.4793,7379100,107.3759,111.7900,105.6218,0.0535,-0.0092,-0.0191,0.0069,-0.0907,39.3298,0.0296,-0.0413,-0.0021,0.3668,0.0707,0.8505,sell
2022-04-29,106.3542,7998900,108.9372,111.9539,106.1711,-0.0373,-0.0217,-0.0266,-0.0282,-0.1204,37.4379,0.0304,-0.0430,-0.0018,0.2016,0.0840,0.9244,buy
2022-05-02,108.8794,9425100,107.0771,109.1010,104.2628,0.0237,-0.0131,-0.0165,-0.0034,-0.0962,45.5989,0.0312,-0.0398,0.0003,0.3391,0.1783,1.0938,hold
2022-05-03,109.6793,5463700,108.1180,110.5756,107.3951,0.0073,0.0448,-0.0278,0.0068,-0.0867,48.9532,0.0306,-0.0368,0.0025,0.3982,-0.4203,0.6449,buy
2022-05-04,114.5079,6352100,110.0359,114.8067,107.9830,0.0440,0.0919,0.0078,0.0503,-0.0448,52.4994,0.0339,-0.0294,0.0066,0.7544,0.1626,0.7739,sell
2022-05-05,109.3613,8172500,111.8671,112.6671,107.7999,-0.0449,-0.0101,-0.0192,0.0050,-0.0856,50.1347,0.0365,-0.0293,0.0066,0.3963,0.2866,1.0170,hold
2022-05-06,108.4264,6247000,107.8288,110.8841,105.9109,-0.0085,0.0195,-0.0027,-0.0033,-0.0903,47.0603,0.0357,-0.0289,0.0059,0.3408,-0.2356,0.8053,sell
2022-05-09,101.9208,10088400,104.0315,106.7783,101.5642,-0.0600,-0.0639,-0.0762,-0.0558,-0.1408,37.3969,0.0399,-0.0348,0.0018,-0.1072,0.6149,1.2703,buy
2022-05-10,103.2990,8881000,105.2651,105.6025,101.3714,0.0135,-0.0582,-0.0160,-0.0416,-0.1253,38.2230,0.0375,-0.0361,0.0000,0.0693,-0.1197,1.1106,sell
2022-05-11,100.1571,8311700,102.7978,105.1784,99.8583,-0.0304,-0.1253,-0.0449,-0.0666,-0.1483,37.3522,0.0387,-0.0407,-0.0028,-0.0401,-0.0641,1.0497,buy
2022-05-12,102.8942,9287100,99.2993,103.0099,99.2607,0.0273,-0.0591,-0.0687,-0.0343,-0.1212,43.5026,0.0351,-0.0397,-0.0022,0.1723,0.1174,1.1734,buy
2022-05-13,107.8095,8321100,104.2724,108.5517,104.1182,0.0478,-0.0057,0.0137,0.0105,-0.0764,47.3853,0.0370,-0.0339,0.0015,0.4840,-0.1040,1.0473,sell
2022-05-16,106.4795,7218200,105.6410,108.2432,104.6869,-0.0123,0.0447,-0.0220,0.0002,-0.0855,51.7053,0.0364,-0.0317,0.0033,0.4131,-0.1325,0.9062,buy
2022-05-17,112.6092,6646500,110.3925,113.0719,109.2263,0.0576,0.0901,0.0267,0.0549,-0.0325,57.7226,0.0410,-0.0234,0.0078,0.8022,-0.0792,0.8315,sell
2022-05-18,107.3084,8522800,109.8624,112.8116,106.7783,-0.0471,0.0714,-0.0629,0.0121,-0.0761,46.8163,0.0411,-0.0228,0.0079,0.4852,0.2823,1.0685,hold
2022-05-19,106.7301,10115800,107.3759,109.3709,106.2097,-0.0054,0.0373,-0.0241,0.0091,-0.0783,50.4063,0.0387,-0.0217,0.0073,0.4610,0.1869,1.2505,sell
2022-05-20,102.6051,16285500,107.9445,108.6577,97.6609,-0.0386,-0.0483,-0.0537,-0.0245,-0.1112,43.4441,0.0404,-0.0245,0.0045,0.2052,0.6099,1.9206,buy
2022-05-23,105.9494,7669100,103.2123,107.3180,103.1062,0.0326,-0.0050,0.0395,0.0035,-0.0801,46.2995,0.0368,-0.0224,0.0046,0.4439,-0.5291,0.9090,sell
2022-05-24,102.7304,6785400,103.9737,104.7929,101.8822,-0.0304,-0.0877,-0.0055,-0.0265,-0.1060,37.9297,0.0382,-0.0243,0.0028,0.2368,-0.1152,0.8172,buy
2022-05-25,104.8559,7378200,101.5130,105.7158,101.5130,0.0207,-0.0229,0.0469,-0.0108,-0.0851,45.0778,0.0371,-0.0229,0.0030,0.3795,0.0874,0.8860,buy
2022-05-26,111.1745,9173100,103.3391,111.7928,103.2038,0.0603,0.0416,0.0805,0.0407,-0.0275,52.6864,0.0406,-0.0161,0.0067,0.7979,0.2433,1.0898,buy
2022-05-27,115.4352,8510500,112.6720,115.6478,112.4595,0.0383,0.1250,0.0707,0.0729,0.0118,63.8171,0.0396,-0.0082,0.0109,0.9889,-0.0722,1.0080,sell
2022-05-31,113.3194,9751200,113.5706,114.6623,111.6479,-0.0183,0.0696,0.0642,0.0466,-0.0038,60.0925,0.0400,-0.0039,0.0125,0.8347,0.1458,1.1528,sell
2022-06-01,110.5851,6852200,113.9667,114.4884,108.9813,-0.0241,0.0765,-0.0180,0.0233,-0.0246,60.5902,0.0368,-0.0024,0.0115,0.6774,-0.2973,0.8035,buy
2022-06-02,113.3580,6408500,110.8074,113.4353,109.7060,0.0251,0.0811,0.0564,0.0431,0.0029,60.6187,0.0337,0.0009,0.0115,0.8422,-0.0648,0.7512,sell
2022-06-03,111.0682,5080700,111.0006,112.4015,110.2760,-0.0202,-0.0010,0.0406,0.0180,-0.0146,53.4931,0.0346,0.0018,0.0102,0.7043,-0.2072,0.6065,hold
2022-06-06,111.1069,3824600,113.1744,113.8894,110.4982,0.0003,-0.0375,0.0829,0.0104,-0.0103,55.1015,0.0312,0.0025,0.0087,0.6958,-0.2472,0.4633,hold
2022-06-07,111.7542,4725500,109.3678,112.0633,108.5949,0.0058,-0.0138,0.0548,0.0110,-0.0010,48.9277,0.0300,0.0035,0.0077,0.7096,0.2356,0.5916,sell
2022-06-08,108.6529,5138300,111.3677,111.7542,107.4259,-0.0278,-0.0175,0.0577,-0.0223,-0.0245,51.7845,0.0297,0.0021,0.0051,0.5190,0.0874,0.6587,sell
2022-06-09,103.6096,5947900,107.3389,108.1795,103.5226,-0.0464,-0.0860,-0.0119,-0.0666,-0.0643,46.2971,0.0333,-0.0030,0.0002,0.1920,0.1576,0.7743,sell
2022-06-10,98.4310,8391600,101.8802,102.7111,98.3634,-0.0500,-0.1138,-0.1146,-0.1030,-0.1058,45.1678,0.0289,-0.0115,-0.0066,-0.0590,0.4109,1.0988,sell
2022-06-13,93.0593,10484200,94.9336,95.5036,92.4119,-0.0546,-0.1624,-0.1938,-0.1343,-0.1494,35.7465,0.0258,-0.0236,-0.0147,-0.1502,0.2494,1.3536,hold
2022-06-14,93.3491,7058400,94.1027,94.6437,92.1607,0.0031,-0.1647,-0.1762,-0.1152,-0.1421,38.9079,0.0269,-0.0320,-0.0185,-0.0279,-0.3268,0.9122,buy
2022-06-15,94.1220,9377200,94.5374,95.9384,92.3540,0.0083,-0.1337,-0.1489,-0.0937,-0.1301,36.8893,0.0281,-0.0372,-0.0191,0.0685,0.3285,1.1909,sell
2022-06-16,86.5571,13359300,91.5811,91.8902,85.7455,-0.0804,-0.1646,-0.2364,-0.1444,-0.1954,20.8199,0.0308,-0.0517,-0.0256,-0.0668,0.4247,1.6461,hold
2022-06-17,86.7890,14451300,85.2238,87.8614,84.6538,0.0027,-0.1183,-0.2186,-0.1211,-0.1890,12.4588,0.0321,-0.0595,-0.0268,0.0261,0.0817,1.7343,buy
2022-06-21,91.9482,12207400,88.5957,92.4409,88.0739,0.0594,-0.0119,-0.1724,-0.0504,-0.1366,24.0618,0.0412,-0.0570,-0.0208,0.1965,-0.1553,1.5018,sell
2022-06-22,90.7598,7652000,89.9386,92.6825,89.7067,-0.0129,-0.0277,-0.1879,-0.0419,-0.1438,25.0000,0.0404,-0.0587,-0.0177,0.1976,-0.3732,0.9415,hold
2022-06-23,90.1222,8286300,91.4265,92.0931,88.9918,-0.0070,-0.0425,-0.1705,-0.0296,-0.1463,19.0316,0.0405,-0.0598,-0.0148,0.2090,0.0829,1.0102,buy
2022-06-24,94.0640,10582900,92.0931,94.9529,91.4651,0.0437,0.0867,-0.0921,0.0233,-0.1061,28.2930,0.0434,-0.0538,-0.0085,0.3209,0.2772,1.2654,hold
2022-06-27,94.3056,4950100,94.6534,95.5229,93.2718,0.0026,0.0866,-0.0419,0.0306,-0.1007,28.6625,0.0409,-0.0501,-0.0040,0.3450,-0.5323,0.6072,sell
2022-06-28,91.8033,6494200,94.7887,95.5616,91.5327,-0.0265,-0.0016,-0.0135,0.0046,-0.1217,25.8027,0.0379,-0.0502,-0.0023,0.3039,0.3119,0.8066,sell
2022-06-29,88.8275,7570200,90.7888,91.0110,88.3155,-0.0324,-0.0213,-0.0484,-0.0231,-0.1466,25.8815,0.0391,-0.0530,-0.0027,0.2512,0.1657,0.9532,hold
2022-06-30,87.9000,8183600,87.1947,90.3540,86.2479,-0.0104,-0.0247,-0.0661,-0.0267,-0.1514,28.7617,0.0389,-0.0546,-0.0031,0.2513,0.0810,1.0218,sell
2022-07-01,83.3495,13121600,85.7166,85.7166,81.6008,-0.0518,-0.1139,-0.0371,-0.0738,-0.1906,29.2586,0.0335,-0.0622,-0.0062,0.1555,0.6034,1.5725,hold
2022-07-05,83.0886,9549900,80.4220,83.3108,79.8713,-0.0031,-0.1189,-0.0426,-0.0728,-0.1887,34.0445,0.0335,-0.0655,-0.0075,0.1739,-0.2722,1.1146,hold
2022-07-06,83.6297,5732400,83.3302,84.5185,82.0742,0.0065,-0.0890,-0.0905,-0.0581,-0.1794,34.5706,0.0256,-0.0663,-0.0069,0.2065,-0.3997,0.6617,buy
2022-07-07,87.6778,7469600,85.6876,88.0739,85.6682,0.0484,-0.0129,-0.0340,-0.0090,-0.1358,40.7336,0.0313,-0.0597,-0.0025,0.3487,0.3030,0.8488,hold
2022-07-08,88.1029,4890800,86.6054,88.5473,86.2769,0.0048,0.0023,-0.0224,-0.0019,-0.1287,52.7972,0.0314,-0.0556,0.0011,0.3795,-0.3452,0.5565,sell
2022-07-11,85.6199,5319300,86.4701,87.0208,84.8470,-0.0282,0.0272,-0.0898,-0.0207,-0.1500,48.0440,0.0278,-0.0558,0.0020,0.2596,0.0876,0.6075,hold
2022-07-12,85.7262,5492300,86.2189,86.9725,85.1079,0.0012,0.0317,-0.0910,-0.0098,-0.1448,37.4708,0.0277,-0.0539,0.0031,0.2797,0.0325,0.6378,hold
2022-07-13,86.0643,5786900,83.6007,87.0691,83.5524,0.0039,0.0291,-0.0625,0.0008,-0.1379,40.2095,0.0273,-0.0513,0.0043,0.3222,0.0536,0.6908,buy
2022-07-14,88.5667,8686500,85.4847,88.9628,83.4848,0.0291,0.0101,-0.0029,0.0302,-0.1092,46.9907,0.0276,-0.0453,0.0071,0.5082,0.5011,1.0270,buy
2022-07-15,91.2719,8051200,89.2333,91.3878,87.1561,0.0305,0.0360,0.0384,0.0575,-0.0786,44.3267,0.0289,-0.0376,0.0106,0.7220,-0.0731,0.9594,sell
2022-07-18,89.9869,5683400,92.5182,93.1365,89.4169,-0.0141,0.0510,0.0796,0.0346,-0.0870,41.5819,0.0226,-0.0337,0.0121,0.6131,-0.2941,0.7097,buy
2022-07-19,94.9046,8203200,91.4748,95.3007,91.1753,0.0546,0.1071,0.1422,0.0766,-0.0343,55.5249,0.0265,-0.0243,0.0153,0.9183,0.4434,1.0659,buy
2022-07-20,98.7692,8314000,94.2863,99.3779,94.2090,0.0407,0.1476,0.1810,0.1015,0.0070,67.1671,0.0276,-0.0141,0.0192,1.0708,0.0135,1.1084,buy
2022-07-21,100.3247,5463800,100.0348,100.4503,97.6001,0.0157,0.1328,0.1442,0.1033,0.0232,70.9993,0.0254,-0.0054,0.0219,1.0467,-0.3428,0.7392,sell
2022-07-22,98.2281,5100400,100.1991,100.4406,97.5228,-0.0209,0.0762,0.1149,0.0683,0.0028,77.4216,0.0276,-0.0003,0.0220,0.8889,-0.0665,0.7052,hold
2022-07-25,97.5808,4367000,97.1074,97.8417,96.0930,-0.0066,0.0844,0.1397,0.0477,-0.0033,76.3343,0.0249,0.0032,0.0206,0.8369,-0.1438,0.6309,sell
2022-07-26,95.5616,5073900,97.1750,97.5615,95.2331,-0.0207,0.0069,0.1147,0.0153,-0.0224,70.5765,0.0269,0.0044,0.0177,0.7382,0.1619,0.7324,buy
2022-07-27,99.9575,7275000,97.1654,100.9623,96.6726,0.0460,0.0120,0.1614,0.0465,0.0242,70.9253,0.0289,0.0085,0.0170,0.8917,0.4338,1.0442,buy
2022-07-28,101.6000,6090500,99.8706,101.7256,97.3393,0.0164,0.0127,0.1472,0.0494,0.0421,72.0835,0.0285,0.0129,0.0170,0.9031,-0.1628,0.8836,hold
2022-07-29,102.3922,5817700,99.9962,102.9429,99.5518,0.0078,0.0424,0.1218,0.0456,0.0524,79.0495,0.0279,0.0167,0.0166,0.8819,-0.0448,0.8588,hold
2022-08-01,102.7980,4737500,100.9527,103.7062,100.1604,0.0040,0.0535,0.1424,0.0361,0.0576,79.2647,0.0266,0.0199,0.0158,0.8571,-0.1857,0.7454,sell
2022-08-02,101.4357,4137900,101.1652,102.9333,100.1508,-0.0133,0.0615,0.0688,0.0157,0.0447,75.4560,0.0235,0.0214,0.0139,0.7809,-0.1266,0.6801,buy
2022-08-03,105.3196,6088000,102.1603,106.8558,102.1024,0.0383,0.0536,0.0663,0.0477,0.0841,76.5300,0.0231,0.0243,0.0136,0.8875,0.4713,0.9976,buy
2022-08-04,107.3003,5279600,105.7158,107.4259,105.3390,0.0188,0.0561,0.0695,0.0601,0.1042,75.9787,0.0233,0.0279,0.0139,0.9074,-0.1328,0.8810,sell
2022-08-05,105.9090,4784000,105.3680,107.4548,103.8028,-0.0130,0.0343,0.0782,0.0385,0.0891,75.7179,0.0223,0.0300,0.0127,0.8215,-0.0939,0.7990,sell
2022-08-08,104.1796,6038600,105.5032,106.6239,102.3536,-0.0163,0.0134,0.0676,0.0149,0.0715,66.7015,0.0232,0.0303,0.0102,0.7385,0.2622,1.0025,sell
2022-08-09,96.2862,10355800,100.2377,100.4503,94.5664,-0.0758,-0.0508,0.0076,-0.0626,-0.0067,46.0954,0.0343,0.0257,0.0031,0.4103,0.7149,1.6525,buy
2022-08-10,101.4937,8599800,99.2909,101.5710,97.5228,0.0541,-0.0363,0.0154,-0.0134,0.0501,51.6490,0.0356,0.0229,0.0012,0.6101,-0.1696,1.3422,hold
2022-08-11,101.9575,5555600,102.2087,105.2230,101.4357,0.0046,-0.0498,0.0035,-0.0092,0.0574,55.5143,0.0353,0.0218,0.0001,0.6135,-0.3540,0.8888,buy
2022-08-12,106.6433,6644700,102.6048,107.5514,102.1797,0.0460,0.0069,0.0415,0.0320,0.1069,61.9704,0.0380,0.0233,0.0021,0.8430,0.1960,1.0751,hold
2022-08-15,106.0636,8342600,106.0829,107.8703,104.3439,-0.0054,0.0181,0.0318,0.0232,0.1025,64.4203,0.0382,0.0247,0.0027,0.8081,0.2555,1.3214,sell
2022-08-16,104.8173,4892400,104.7690,105.8800,103.3874,-0.0118,0.0886,0.0333,0.0079,0.0910,57.3047,0.0381,0.0247,0.0020,0.7066,-0.4136,0.7958,sell
2022-08-17,102.4115,5495600,103.3777,103.6385,100.5952,-0.0230,0.0090,-0.0276,-0.0125,0.0679,51.1925,0.0369,0.0230,-0.0003,0.5219,0.1233,0.9149,buy
2022-08-18,104.6047,10062400,103.0685,105.6288,101.9285,0.0214,0.0260,-0.0251,0.0113,0.0924,53.1224,0.0370,0.0221,-0.0005,0.6660,0.8310,1.6134,sell
2022-08-19,101.0879,12380900,103.0202,103.6675,99.8513,-0.0336,-0.0521,-0.0455,-0.0181,0.0573,47.7814,0.0383,0.0195,-0.0031,0.3955,0.2304,1.8756,sell
2022-08-22,97.3972,6180100,99.3199,99.9189,96.9528,-0.0365,-0.0817,-0.0651,-0.0477,0.0200,45.0591,0.0395,0.0143,-0.0074,0.1189,-0.5008,0.9236,hold
2022-08-23,98.4793,4882300,97.6871,99.8126,97.6291,0.0111,-0.0605,0.0228,-0.0392,0.0314,41.0152,0.0311,0.0102,-0.0090,0.1624,-0.2100,0.7307,hold
2022-08-24,98.2953,4741200,98.0725,98.8862,96.9974,-0.0019,-0.0402,-0.0315,-0.0380,0.0283,37.5861,0.0254,0.0069,-0.0099,0.1648,-0.0289,0.7233,buy
2022-08-25,101.7048,7645200,98.7699,101.8792,98.2856,0.0347,-0.0277,-0.0025,-0.0044,0.0621,44.5098,0.0280,0.0067,-0.0076,0.4346,0.6125,1.1526,sell
2022-08-26,95.6994,7757100,101.7048,101.7048,95.4572,-0.0590,-0.0533,-0.1026,-0.0530,-0.0009,40.0383,0.0286,0.0021,-0.0105,0.0365,0.0146,1.1526,sell
2022-08-29,93.5103,5609700,94.4887,95.6122,93.3457,-0.0229,-0.0399,-0.1184,-0.0630,-0.0252,46.2346,0.0288,-0.0038,-0.0133,-0.0138,-0.2768,0.8282,sell
2022-08-30,91.5537,11623200,94.8373,95.1957,90.6238,-0.0209,-0.0703,-0.1265,-0.0703,-0.0465,35.2122,0.0289,-0.0102,-0.0160,-0.0259,1.0720,1.6261,hold
2022-08-31,91.1179,8729700,91.7378,91.8443,89.7037,-0.0048,-0.0730,-0.1103,-0.0640,-0.0509,33.8604,0.0288,-0.0156,-0.0171,0.0311,-0.2489,1.1991,sell
2022-09-01,88.9288,9953700,88.6672,89.0837,86.2360,-0.0240,-0.1256,-0.1499,-0.0715,-0.0734,21.5055,0.0266,-0.0220,-0.0188,0.0037,0.1402,1.3247,hold
2022-09-02,88.3767,6795400,90.2267,90.8951,87.6986,-0.0062,-0.0765,-0.1257,-0.0649,-0.0788,21.5246,0.0259,-0.0272,-0.0192,0.0472,-0.3173,0.8925,sell
2022-09-06,87.4565,5922500,88.2604,88.7254,86.4201,-0.0104,-0.0647,-0.1021,-0.0648,-0.0871,21.7530,0.0246,-0.0319,-0.0191,0.0714,-0.1285,0.7784,buy
2022-09-07,89.0547,5567500,87.7277,89.8586,87.0593,0.0183,-0.0273,-0.0957,-0.0380,-0.0694,27.6812,0.0254,-0.0330,-0.0163,0.1686,-0.0599,0.7555,buy
2022-09-08,90.8466,5233000,88.1636,90.8854,87.4274,0.0201,-0.0030,-0.0758,-0.0107,-0.0505,26.6983,0.0270,-0.0317,-0.0123,0.2630,-0.0601,0.7267,buy
2022-09-09,93.4813,5094300,92.1349,93.9656,92.0768,0.0290,0.0512,-0.0809,0.0272,-0.0239,36.7200,0.0261,-0.0277,-0.0071,0.3796,-0.0265,0.7097,hold
2022-09-12,93.2779,5329300,93.8590,94.6049,92.2511,-0.0022,0.0555,-0.0253,0.0277,-0.0271,41.8111,0.0190,-0.0252,-0.0036,0.3905,0.0461,0.7493,sell
2022-09-13,87.5533,8422200,89.5293,90.4204,87.1756,-0.0614,0.0011,-0.0637,-0.0290,-0.0876,31.6645,0.0261,-0.0296,-0.0053,0.1787,0.5804,1.1836,hold
2022-09-14,87.7955,5828200,89.0547,89.0547,86.7881,0.0028,-0.0141,-0.0410,-0.0222,-0.0860,32.4140,0.0257,-0.0311,-0.0055,0.2121,-0.3080,0.8137,sell
2022-09-15,86.1295,7120300,87.2143,87.9698,85.3255,-0.0190,-0.0519,-0.0547,-0.0354,-0.1038,22.2949,0.0262,-0.0342,-0.0064,0.1683,0.2217,0.9829,hold
2022-09-16,86.0810,10893600,84.8703,86.5460,84.2116,-0.0006,-0.0792,-0.0320,-0.0329,-0.1040,28.2903,0.0253,-0.0358,-0.0064,0.1812,0.5299,1.4953,buy
2022-09-19,86.9044,5260300,85.0930,87.4565,84.9574,0.0096,-0.0683,-0.0167,-0.0220,-0.0952,34.1099,0.0256,-0.0355,-0.0051,0.2428,-0.5171,0.7591,sell
2022-09-20,85.3546,4435700,85.2577,86.2263,84.6087,-0.0178,-0.0251,-0.0240,-0.0372,-0.1113,34.7909,0.0260,-0.0372,-0.0051,0.1918,-0.1568,0.6483,sell
2022-09-21,84.3569,6953400,85.5967,88.3961,84.3182,-0.0117,-0.0392,-0.0528,-0.0433,-0.1214,33.8575,0.0251,-0.0391,-0.0052,0.1682,0.5676,1.0011,sell
2022-09-22,82.3712,8558400,83.9210,84.0663,81.9354,-0.0235,-0.0436,-0.0933,-0.0568,-0.1415,34.1896,0.0240,-0.0426,-0.0063,0.0966,0.2308,1.1992,sell
2022-09-23,81.6448,7384500,81.5479,81.8288,80.1047,-0.0088,-0.0515,-0.1266,-0.0523,-0.1478,33.9045,0.0199,-0.0452,-0.0069,0.0444,-0.1372,1.0366,sell
2022-09-26,80.3371,7015800,81.6448,82.8943,80.2403,-0.0160,-0.0756,-0.1387,-0.0532,-0.1595,33.2878,0.0195,-0.0485,-0.0077,0.0136,-0.0499,0.9900,buy
2022-09-27,81.5091,6220000,81.7804,82.5068,79.9400,0.0146,-0.0451,-0.0690,-0.0325,-0.1458,31.9257,0.0130,-0.0481,-0.0063,0.1290,-0.1134,0.8740,buy
2022-09-28,83.3011,7992500,80.3952,83.6885,80.2403,0.0220,-0.0125,-0.0512,-0.0059,-0.1248,31.9257,0.0157,-0.0450,-0.0033,0.2696,0.2850,1.1524,sell
2022-09-29,81.7707,8542500,82.0903,82.4294,80.5890,-0.0184,-0.0073,-0.0506,-0.0191,-0.1378,20.3822,0.0157,-0.0452,-0.0022,0.2007,0.0688,1.2334,sell
2022-09-30,79.3588,9051000,79.3685,81.8094,78.9714,-0.0295,-0.0280,-0.0781,-0.0403,-0.1596,18.3341,0.0173,-0.0480,-0.0029,0.0999,0.0595,1.3154,buy
2022-10-03,83.5433,9631500,80.4340,84.8606,80.4049,0.0527,0.0399,-0.0387,0.0144,-0.1125,40.1895,0.0256,-0.0421,0.0006,0.3723,0.0641,1.3715,buy
2022-10-04,86.6041,7914900,86.3232,87.4371,85.6936,0.0366,0.0625,0.0146,0.0500,-0.0778,47.4385,0.0279,-0.0347,0.0052,0.5646,-0.1782,1.1113,hold
2022-10-05,86.4200,7608600,84.8993,87.3402,83.4851,-0.0021,0.0374,0.0245,0.0452,-0.0780,50.6673,0.0276,-0.0299,0.0081,0.5626,-0.0387,1.0532,sell
2022-10-06,85.3546,6686700,86.1876,88.3282,85.1221,-0.0123,0.0438,0.0362,0.0286,-0.0865,48.4063,0.0266,-0.0270,0.0091,0.5132,-0.1212,0.9163,sell
2022-10-07,80.0078,10029900,82.4971,82.8555,79.4460,-0.0626,0.0082,-0.0200,-0.0340,-0.1398,37.3758,0.0339,-0.0311,0.0059,0.1659,0.5000,1.3295,sell
2022-10-10,76.7048,14211900,79.4266,79.5526,74.9323,-0.0413,-0.0819,-0.0452,-0.0698,-0.1707,35.1216,0.0360,-0.0374,0.0010,-0.0605,0.4170,1.7791,sell
2022-10-11,73.9055,12441100,75.3003,76.2980,72.6173,-0.0365,-0.1466,-0.0933,-0.0954,-0.1959,33.0718,0.0367,-0.0455,-0.0045,-0.1211,-0.1246,1.5192,hold
2022-10-12,73.6246,7770200,74.1477,74.5835,73.1016,-0.0038,-0.1481,-0.1162,-0.0880,-0.1941,35.0050,0.0351,-0.0506,-0.0076,-0.0371,-0.3754,0.9377,buy
2022-10-13,76.9276,17560200,69.9148,78.9617,68.8881,0.0449,-0.0987,-0.0592,-0.0413,-0.1527,42.5694,0.0392,-0.0482,-0.0056,0.2013,1.2599,1.9936,sell
2022-10-14,72.4719,10453000,77.0632,77.3925,72.2492,-0.0579,-0.0942,-0.0868,-0.0890,-0.1956,38.7284,0.0421,-0.0553,-0.0081,0.0138,-0.4047,1.1897,hold
2022-10-17,72.0748,10772300,74.7869,75.4456,71.8327,-0.0055,-0.0604,-0.1373,-0.0808,-0.1939,36.1726,0.0364,-0.0586,-0.0089,0.0548,0.0305,1.1888,buy
2022-10-18,72.8691,10231000,74.2833,75.0097,71.8230,0.0110,-0.0140,-0.1586,-0.0541,-0.1793,34.2498,0.0331,-0.0588,-0.0077,0.1411,-0.0502,1.0941,buy
2022-10-19,74.8354,10579200,72.6463,75.3488,72.1039,0.0270,0.0164,-0.1341,-0.0137,-0.1531,39.6651,0.0357,-0.0552,-0.0043,0.2679,0.0340,1.1098,buy
2022-10-20,76.1915,13287900,75.9009,79.5429,74.7870,0.0181,-0.0096,-0.1074,0.0164,-0.1328,45.1267,0.0371,-0.0505,-0.0005,0.3545,0.2560,1.3602,buy
2022-10-21,79.8334,11569500,76.3561,80.0562,75.6781,0.0478,0.1016,-0.0022,0.0652,-0.0867,44.1952,0.0364,-0.0413,0.0052,0.5501,-0.1293,1.1594,buy
2022-10-24,82.2744,12005000,80.2306,82.4100,79.3298,0.0306,0.1415,0.0726,0.0897,-0.0535,43.0912,0.0343,-0.0320,0.0105,0.6718,0.0376,1.1737,buy
2022-10-25,84.7831,10349400,83.2430,85.7226,83.0590,0.0305,0.1635,0.1472,0.1070,-0.0198,47.5684,0.0311,-0.0222,0.0152,0.7855,-0.1379,0.9919,hold
2022-10-26,85.3739,8989100,83.7564,87.4177,83.1074,0.0070,0.1408,0.1596,0.0979,-0.0086,50.0292,0.0306,-0.0143,0.0183,0.8033,-0.1314,0.8574,sell
2022-10-27,83.8242,6822500,85.9939,87.1659,83.6595,-0.0182,0.1002,0.0897,0.0685,-0.0223,56.4931,0.0303,-0.0098,0.0188,0.7183,-0.2410,0.6561,buy
2022-10-28,86.9044,6388600,83.9017,87.1078,83.7467,0.0367,0.0886,0.1991,0.0877,0.0178,67.4859,0.0202,-0.0028,0.0197,0.8325,-0.0636,0.6224,sell
2022-10-31,85.5192,6875400,86.0714,86.5944,84.9090,-0.0159,0.0394,0.1865,0.0527,0.0052,70.9249,0.0218,0.0011,0.0192,0.7594,0.0762,0.6789,buy
2022-11-01,86.9722,6105600,87.6599,87.9505,86.2070,0.0170,0.0258,0.1935,0.0523,0.0248,73.0743,0.0216,0.0055,0.0186,0.8233,-0.1120,0.6083,sell
2022-11-02,85.0059,10650300,87.5146,90.3623,84.7831,-0.0226,-0.0043,0.1359,0.0160,0.0048,64.6419,0.0248,0.0072,0.0166,0.7408,0.7443,1.0453,sell
2022-11-03,83.5917,6849700,83.2624,84.9575,82.0419,-0.0166,-0.0028,0.0971,-0.0097,-0.0084,72.6520,0.0264,0.0072,0.0133,0.6826,-0.3569,0.6717,buy
2022-11-04,88.8222,8692700,87.2240,88.9191,86.0520,0.0626,0.0221,0.1126,0.0412,0.0569,78.5032,0.0291,0.0113,0.0137,0.8796,0.2691,0.8581,buy
2022-11-07,92.0574,7684200,89.3646,92.1349,89.2097,0.0364,0.0765,0.1189,0.0669,0.0963,80.1522,0.0296,0.0170,0.0154,0.9465,-0.1160,0.7838,buy
2022-11-08,94.4015,10067000,93.9365,95.6897,91.8056,0.0255,0.0854,0.1134,0.0820,0.1240,80.3851,0.0292,0.0230,0.0172,0.9653,0.3101,1.0394,sell
2022-11-09,91.4181,6864600,92.2899,93.5781,91.2825,-0.0316,0.0754,0.0708,0.0406,0.0885,72.5086,0.0323,0.0261,0.0161,0.8199,-0.3181,0.7121,buy
2022-11-10,101.5014,11692800,97.0167,101.5983,96.3581,0.1103,0.2143,0.2109,0.1326,0.2056,76.9065,0.0443,0.0328,0.0190,1.0624,0.7033,1.2510,buy
2022-11-11,107.0613,11160000,102.0051,107.4100,101.5014,0.0548,0.2053,0.2319,0.1683,0.2661,78.5667,0.0454,0.0418,0.0230,1.1028,-0.0456,1.1895,sell
2022-11-14,104.2329,7761700,105.4437,106.7707,104.0779,-0.0264,0.1323,0.2188,0.1147,0.2281,72.2518,0.0465,0.0489,0.0237,0.9617,-0.3045,0.8408,buy
2022-11-15,106.9935,9438600,107.6812,108.6014,105.3565,0.0265,0.1334,0.2302,0.1202,0.2548,73.5642,0.0465,0.0537,0.0233,0.9734,0.2160,1.0269,sell
2022-11-16,100.9493,12082500,102.0729,103.7680,99.7579,-0.0565,0.1043,0.1876,0.0396,0.1807,67.0000,0.0511,0.0565,0.0194,0.7874,0.2801,1.3038,hold
2022-11-17,101.1721,10682800,97.2686,102.2860,97.0652,0.0022,-0.0032,0.2103,0.0234,0.1804,65.0153,0.0500,0.0556,0.0149,0.7695,-0.1158,1.1692,hold
2022-11-18,101.4142,10921100,106.5382,106.5479,100.3972,0.0024,-0.0527,0.1418,0.0129,0.1811,67.1402,0.0479,0.0545,0.0110,0.7515,0.0223,1.1996,hold
2022-11-21,101.8404,9282400,100.2810,102.5863,98.6440,0.0042,-0.0230,0.1063,0.0073,0.1837,66.3961,0.0474,0.0531,0.0079,0.7394,-0.1500,1.0351,buy
2022-11-22,103.6808,8497200,102.5959,103.9230,100.5909,0.0181,-0.0310,0.0983,0.0162,0.2005,70.6513,0.0472,0.0522,0.0062,0.7654,-0.0846,0.9574,hold
2022-11-23,104.5450,4077500,103.2342,105.4189,103.2342,0.0083,0.0356,0.1436,0.0117,0.2059,73.4561,0.0449,0.0518,0.0050,0.7633,-0.5201,0.4725,sell
2022-11-25,102.7487,3012500,103.8168,104.3799,102.7196,-0.0172,0.0156,0.0123,-0.0069,0.1806,66.8884,0.0303,0.0507,0.0025,0.6900,-0.2612,0.3570,sell
2022-11-28,100.4669,6382700,100.9815,102.0399,99.8260,-0.0222,-0.0093,-0.0616,-0.0227,0.1506,60.4395,0.0246,0.0479,-0.0011,0.6030,1.1187,0.7563,hold
2022-11-29,100.2533,3450400,101.0398,101.8748,99.9328,-0.0021,-0.0156,-0.0382,-0.0210,0.1447,57.6701,0.0235,0.0442,-0.0040,0.5775,-0.4594,0.4173,buy
2022-11-30,106.4190,11167000,100.9524,106.4578,99.6804,0.0615,0.0264,-0.0054,0.0398,0.2092,68.1480,0.0302,0.0429,-0.0020,0.7615,2.2364,1.3105,sell
2022-12-01,103.9041,6976200,106.9530,107.4579,102.6904,-0.0236,-0.0061,0.0293,0.0123,0.1754,53.5584,0.0246,0.0426,-0.0027,0.6566,-0.3753,0.8368,hold
2022-12-02,103.6129,3903300,101.2922,104.2052,101.1951,-0.0028,0.0084,0.0241,0.0070,0.1665,43.9485,0.0247,0.0409,-0.0036,0.6314,-0.4405,0.4766,hold
2022-12-05,103.3410,4692500,103.2827,104.5644,102.1564,-0.0026,0.0286,0.0190,0.0025,0.1578,48.2805,0.0248,0.0390,-0.0046,0.5991,0.2022,0.5873,sell
2022-12-06,101.6709,4571700,103.7197,103.9624,100.7582,-0.0162,0.0141,-0.0017,-0.0135,0.1337,39.2886,0.0254,0.0362,-0.0064,0.4728,-0.0257,0.5836,buy
2022-12-07,103.0303,6383600,101.6709,104.5256,101.1174,0.0134,-0.0318,-0.0063,0.0003,0.1434,55.1610,0.0251,0.0337,-0.0067,0.5390,0.3963,0.8345,buy
2022-12-08,105.4577,5493200,103.9333,106.2636,103.4089,0.0236,0.0150,0.0087,0.0230,0.1646,59.5810,0.0261,0.0329,-0.0053,0.7661,-0.1395,0.7246,sell
2022-12-09,104.2246,4705700,104.6518,106.5549,103.8944,-0.0117,0.0059,0.0144,0.0096,0.1453,56.0162,0.0257,0.0319,-0.0054,0.6051,-0.1434,0.6507,buy
2022-12-12,106.1956,4831400,103.7197,106.2442,102.5739,0.0189,0.0276,0.0570,0.0230,0.1601,58.7451,0.0247,0.0313,-0.0042,0.8601,0.0267,0.6986,buy
2022-12-13,108.6231,9557300,112.0409,112.7206,107.9337,0.0229,0.0684,0.0835,0.0380,0.1801,59.6953,0.0251,0.0321,-0.0021,1.0477,0.9782,1.3643,sell
2022-12-14,106.4578,6429300,108.1279,109.3416,105.3994,-0.0199,0.0333,0.0004,0.0173,0.1517,53.5701,0.0182,0.0320,-0.0023,0.8233,-0.3273,0.9379,sell
2022-12-15,101.5252,6773500,104.6227,104.8848,101.0009,-0.0463,-0.0373,-0.0229,-0.0277,0.0947,47.9559,0.0224,0.0286,-0.0059,0.2780,0.0535,1.0279,hold
2022-12-16,101.6903,12925700,101.1272,102.8555,100.5446,0.0016,-0.0243,-0.0186,-0.0243,0.0926,52.1997,0.0225,0.0245,-0.0080,0.2910,0.9083,1.9287,sell
2022-12-19,100.9718,6162500,101.7874,102.0107,99.6901,-0.0071,-0.0492,-0.0229,-0.0290,0.0801,51.2689,0.0225,0.0206,-0.0096,0.2161,-0.5232,0.9534,hold
2022-12-20,100.4960,4761800,99.1075,101.5738,99.0784,-0.0047,-0.0748,-0.0116,-0.0325,0.0695,36.9099,0.0220,0.0169,-0.0108,0.1810,-0.2273,0.7634,buy
2022-12-21,102.8264,4889100,101.5932,103.4187,101.1757,0.0232,-0.0341,-0.0020,-0.0098,0.0876,47.5984,0.0229,0.0153,-0.0095,0.4360,0.0267,0.8071,sell
2022-12-22,94.7673,11326600,99.1464,99.6318,93.1846,-0.0784,-0.0666,-0.1014,-0.0779,-0.0021,35.3584,0.0321,0.0085,-0.0147,-0.1784,1.3167,1.7643,hold
2022-12-23,94.3983,4753500,93.8837,94.5633,92.5631,-0.0039,-0.0717,-0.0943,-0.0727,-0.0096,35.2451,0.0322,0.0018,-0.0172,-0.0693,-0.5803,0.7305,sell
2022-12-27,92.5729,6121400,93.3885,94.0293,92.4078,-0.0193,-0.0832,-0.1283,-0.0783,-0.0328,35.0654,0.0307,-0.0052,-0.0196,-0.0702,0.2878,0.9427,sell
2022-12-28,91.4951,4274000,91.9223,93.0001,90.9610,-0.0116,-0.0896,-0.1577,-0.0732,-0.0480,30.8881,0.0280,-0.0117,-0.0210,-0.0302,-0.3018,0.6540,buy
2022-12-29,94.3206,5071800,93.2622,94.8061,92.3689,0.0309,-0.0827,-0.1140,-0.0327,-0.0229,31.7878,0.0317,-0.0137,-0.0182,0.1578,0.1867,0.8141,hold
2022-12-30,94.5536,3407000,92.8253,94.6507,92.2718,0.0025,-0.0023,-0.0687,-0.0233,-0.0245,33.6507,0.0294,-0.0151,-0.0157,0.2028,-0.3282,0.5630,hold
2023-01-03,93.9225,5921500,96.8743,97.1170,93.3302,-0.0067,-0.0050,-0.0764,-0.0220,-0.0345,28.2669,0.0293,-0.0168,-0.0139,0.2047,0.7380,0.9624,buy
2023-01-04,96.4276,6289500,95.3693,96.7286,94.3692,0.0267,0.0416,-0.0450,0.0089,-0.0122,28.4636,0.0312,-0.0153,-0.0100,0.3405,0.0621,1.0091,sell
2023-01-05,95.0780,4557100,95.0003,96.3597,94.5342,-0.0140,0.0392,-0.0539,0.0004,-0.0285,29.3079,0.0314,-0.0156,-0.0082,0.2952,-0.2754,0.7313,buy
2023-01-06,101.2437,7241700,97.0976,101.8165,95.7188,0.0648,0.0734,-0.0154,0.0671,0.0310,49.5100,0.0377,-0.0097,-0.0022,0.5889,0.5891,1.1541,buy
2023-01-09,103.3992,6212300,102.4865,105.6033,101.1369,0.0213,0.0936,0.0911,0.0800,0.0491,52.7813,0.0264,-0.0039,0.0028,0.6996,-0.1421,0.9844,buy
2023-01-10,104.9042,4638800,103.0594,105.0499,102.7875,0.0146,0.1169,0.1113,0.0838,0.0598,56.2404,0.0260,0.0017,0.0066,0.7686,-0.2533,0.7355,buy
2023-01-11,106.8656,5532600,103.5837,106.9919,103.4381,0.0187,0.1082,0.1544,0.0880,0.0753,59.6528,0.0238,0.0073,0.0097,0.8576,0.1927,0.8723,hold
2023-01-12,107.0016,5330900,107.3705,108.6425,104.1178,0.0013,0.1254,0.1695,0.0725,0.0720,56.7781,0.0225,0.0117,0.0113,0.8779,-0.0365,0.8695,hold
2023-01-13,106.7782,5641600,104.4091,107.0016,104.3217,-0.0021,0.0547,0.1321,0.0570,0.0656,76.1523,0.0225,0.0150,0.0116,0.8645,0.0583,0.9261,hold
2023-01-17,106.2345,4848100,106.2345,107.4191,104.6518,-0.0051,0.0274,0.1235,0.0396,0.0557,75.5771,0.0230,0.0170,0.0109,0.8138,-0.1407,0.8086,hold
2023-01-18,106.5160,5374100,107.5453,109.1280,106.3995,0.0027,0.0154,0.1341,0.0297,0.0537,82.2842,0.0224,0.0185,0.0099,0.8039,0.1085,0.9566,sell
2023-01-19,103.0788,5325100,106.3121,106.4578,103.0108,-0.0323,-0.0354,0.0690,-0.0099,0.0168,74.1792,0.0258,0.0174,0.0069,0.6439,-0.0091,0.9550,buy
2023-01-20,106.4675,5078500,103.7002,106.5937,103.3992,0.0329,-0.0050,0.1198,0.0116,0.0473,74.7723,0.0259,0.0180,0.0062,0.7721,-0.0463,0.9082,buy
2023-01-23,110.8466,7669300,105.3800,111.5749,105.3509,0.0411,0.0381,0.0949,0.0437,0.0868,78.4215,0.0211,0.0211,0.0078,0.9111,0.5102,1.3383,sell
2023-01-24,109.7106,3504700,110.1766,110.7592,109.2057,-0.0102,0.0327,0.0610,0.0269,0.0718,77.0639,0.0215,0.0232,0.0079,0.8274,-0.5430,0.6564,buy
2023-01-25,110.6427,5957600,107.7686,111.1185,106.2345,0.0085,0.0387,0.0547,0.0301,0.0790,75.7565,0.0213,0.0249,0.0078,0.8266,0.6999,1.1033,buy
2023-01-26,112.2254,5813000,111.0797,112.4002,109.0115,0.0143,0.0887,0.0502,0.0396,0.0933,80.8095,0.0210,0.0269,0.0080,0.8512,-0.0243,1.0796,sell
2023-01-27,109.2348,8705700,109.3513,110.5845,107.4870,-0.0266,0.0260,0.0209,0.0098,0.0632,66.2072,0.0233,0.0270,0.0060,0.7180,0.4976,1.5529,sell
2023-01-30,105.0596,7351700,107.4773,107.7492,104.8363,-0.0382,-0.0522,-0.0161,-0.0272,0.0229,53.1125,0.0266,0.0241,0.0018,0.5246,-0.1555,1.2853,buy
2023-01-31,108.2541,6577100,105.7975,108.3221,105.4577,0.0304,-0.0133,0.0190,0.0005,0.0525,55.9055,0.0284,0.0224,0.0007,0.6491,-0.1054,1.1188,buy
2023-02-01,115.5559,9886400,108.8561,116.6433,108.6619,0.0675,0.0444,0.0849,0.0591,0.1204,62.8925,0.0351,0.0251,0.0038,0.9732,0.5032,1.6269,buy
2023-02-02,120.6535,11206500,116.8181,121.2943,116.8084,0.0441,0.0751,0.1705,0.0883,0.1655,67.6544,0.0334,0.0302,0.0078,1.1191,0.1335,1.7724,sell
2023-02-03,116.4977,6156900,119.3524,120.0806,116.1384,-0.0344,0.0665,0.0942,0.0414,0.1221,61.4087,0.0364,0.0331,0.0079,0.9118,-0.4506,0.9616,sell
2023-02-06,114.2742,5331000,114.7791,115.9734,113.5168,-0.0191,0.0877,0.0309,0.0184,0.0985,59.0789,0.0356,0.0332,0.0061,0.7719,-0.1341,0.8452,buy
2023-02-07,117.0220,4935300,113.9829,117.7697,113.3614,0.0240,0.0810,0.0666,0.0361,0.1222,61.2381,0.0357,0.0336,0.0056,0.8747,-0.0742,0.7905,sell
2023-02-08,112.5847,6460500,115.6918,115.9054,112.1186,-0.0379,-0.0257,0.0176,-0.0049,0.0776,59.9552,0.0384,0.0323,0.0026,0.6244,0.3090,1.0199,hold
2023-02-09,112.7109,5512200,114.9247,116.0899,111.7399,0.0011,-0.0658,0.0043,-0.0042,0.0763,57.0181,0.0382,0.0299,0.0002,0.6165,-0.1468,0.8704,hold
2023-02-10,111.4389,4374400,111.4680,111.6331,109.6912,-0.0113,-0.0434,0.0202,-0.0173,0.0619,50.7158,0.0373,0.0271,-0.0023,0.5359,-0.2064,0.6960,buy
2023-02-13,113.1478,4198200,111.8273,113.3323,111.2253,0.0153,-0.0099,0.0770,-0.0093,0.0768,54.0972,0.0345,0.0252,-0.0030,0.6146,-0.0403,0.6757,buy
2023-02-14,115.0024,4870700,111.5360,115.5558,110.5456,0.0164,-0.0173,0.0623,0.0010,0.0921,55.0849,0.0338,0.0247,-0.0025,0.6974,0.1602,0.7838,hold
2023-02-15,115.9928,4980000,113.6042,116.1093,112.6235,0.0086,0.0303,0.0038,0.0092,0.0990,54.4557,0.0263,0.0248,-0.0017,0.7301,0.0224,0.8039,sell
2023-02-16,112.0409,9117600,113.4877,114.6529,111.7982,-0.0341,-0.0059,-0.0714,-0.0178,0.0598,53.2450,0.0234,0.0228,-0.0037,0.4717,0.8308,1.4281,hold
2023-02-17,112.0895,9287100,113.3906,113.9926,110.0893,0.0004,0.0058,-0.0378,-0.0136,0.0581,58.9871,0.0214,0.0203,-0.0050,0.4529,0.0186,1.4082,sell
2023-02-21,108.0502,7583900,110.3417,111.4972,107.7104,-0.0360,-0.0451,-0.0545,-0.0439,0.0190,49.7448,0.0233,0.0158,-0.0083,0.1862,-0.1834,1.1507,hold
2023-02-22,107.4565,5089200,108.1475,109.3738,106.5514,-0.0055,-0.0656,-0.0817,-0.0410,0.0131,37.8197,0.0209,0.0111,-0.0105,0.1649,-0.3289,0.7630,buy
2023-02-23,109.8896,7136100,109.5295,110.9115,106.9699,0.0226,-0.0526,-0.0239,-0.0169,0.0349,32.4023,0.0202,0.0089,-0.0098,0.3302,0.4022,1.0606,sell
2023-02-24,108.3324,5808400,108.0405,109.1013,107.4273,-0.0142,-0.0331,-0.0388,-0.0270,0.0198,35.4111,0.0205,0.0062,-0.0102,0.2476,-0.1861,0.8633,buy
2023-02-27,109.0721,5362700,110.4736,110.8434,108.5076,0.0068,-0.0269,-0.0212,-0.0183,0.0267,40.1850,0.0205,0.0044,-0.0095,0.2960,-0.0767,0.8173,buy
2023-02-28,113.0430,13010900,113.0332,114.9116,111.7777,0.0364,0.0462,-0.0009,0.0175,0.0628,42.8237,0.0234,0.0057,-0.0062,0.5276,1.4262,1.9010,buy
2023-03-01,114.1233,6756800,114.5515,116.1282,113.8119,0.0096,0.0620,-0.0076,0.0281,0.0704,53.1573,0.0229,0.0075,-0.0035,0.5871,-0.4807,0.9859,buy
2023-03-02,115.2814,6502200,112.3617,115.9043,110.8824,0.0101,0.0491,-0.0061,0.0392,0.0785,55.0605,0.0230,0.0095,-0.0010,0.6746,-0.0377,0.9728,hold
2023-03-03,115.7778,7232400,115.5734,115.9530,113.8216,0.0043,0.0687,0.0334,0.0401,0.0801,58.8107,0.0197,0.0114,0.0007,0.7644,0.1123,1.1152,hold
2023-03-06,115.3690,5775700,116.6440,118.2499,115.0576,-0.0035,0.0577,0.0293,0.0334,0.0734,54.7619,0.0198,0.0125,0.0014,0.7397,-0.2014,0.8932,sell
2023-03-07,113.2571,5225900,115.1647,115.5442,112.5661,-0.0183,0.0019,0.0482,0.0098,0.0517,46.2992,0.0165,0.0119,0.0005,0.5595,-0.0952,0.8088,buy
2023-03-08,115.4761,4474900,113.5004,115.9141,113.5004,0.0196,0.0119,0.0746,0.0223,0.0682,48.9587,0.0166,0.0125,0.0011,0.7728,-0.1437,0.6951,sell
2023-03-09,113.9092,5701400,115.5150,117.7243,113.7243,-0.0136,-0.0119,0.0366,0.0048,0.0499,54.1658,0.0169,0.0121,0.0004,0.6219,0.2741,0.8908,sell
2023-03-10,111.3301,7009600,115.1744,115.4469,110.8726,-0.0226,-0.0384,0.0277,-0.0205,0.0226,48.4784,0.0180,0.0099,-0.0017,0.3934,0.2295,1.0826,buy
2023-03-13,112.7413,8221300,110.7461,114.1817,108.9261,0.0127,-0.0228,0.0336,-0.0113,0.0315,60.5057,0.0183,0.0087,-0.0021,0.5157,0.1729,1.2331,buy
2023-03-14,117.1209,8322400,115.6026,117.9968,114.7267,0.0388,0.0341,0.0361,0.0234,0.0671,68.5054,0.0188,0.0105,0.0000,0.8722,0.0123,1.2108,sell
2023-03-15,115.3107,9517700,115.3496,115.6513,112.6050,-0.0155,-0.0014,0.0104,0.0066,0.0467,60.6339,0.0196,0.0110,0.0003,0.7151,0.1436,1.3394,buy
2023-03-16,119.5443,6787700,115.0479,120.1282,113.7729,0.0367,0.0495,0.0370,0.0397,0.0801,69.9033,0.0225,0.0135,0.0026,1.0090,-0.2868,0.9432,hold
2023-03-17,119.3204,13761500,120.3423,121.0626,118.3667,-0.0019,0.0718,0.0306,0.0345,0.0736,68.5323,0.0226,0.0156,0.0037,0.9257,1.0274,1.8526,buy
2023-03-20,120.7219,4974700,119.7097,121.4226,119.1550,0.0117,0.0708,0.0464,0.0418,0.0812,65.3085,0.0226,0.0177,0.0047,0.9496,-0.6385,0.6897,sell
2023-03-21,117.1793,10090100,120.5662,122.2597,115.2425,-0.0293,0.0005,0.0346,0.0079,0.0465,55.5477,0.0240,0.0175,0.0033,0.7005,1.0283,1.3750,sell
2023-03-22,115.6805,8342500,117.0528,120.4299,115.5150,-0.0128,0.0032,0.0018,-0.0052,0.0309,50.7155,0.0238,0.0158,0.0012,0.5788,-0.1732,1.1122,buy
2023-03-23,119.4956,6182200,118.0260,121.6465,116.9554,0.0330,-0.0004,0.0490,0.0227,0.0621,55.9576,0.0253,0.0163,0.0017,0.8303,-0.2590,0.8295,sell
2023-03-24,116.3326,6354500,118.3861,118.8533,114.8921,-0.0265,-0.0250,0.0449,-0.0086,0.0323,51.4187,0.0258,0.0152,0.0001,0.5708,0.0279,0.8495,hold
2023-03-27,115.6902,4628200,117.5199,117.7438,115.1549,-0.0055,-0.0417,0.0262,-0.0166,0.0250,53.7448,0.0258,0.0134,-0.0014,0.4855,-0.2717,0.6218,sell
2023-03-28,113.2863,5523800,115.7097,115.8751,112.4882,-0.0208,-0.0332,-0.0327,-0.0339,0.0025,46.6488,0.0234,0.0104,-0.0038,0.2425,0.1935,0.7814,buy
2023-03-29,116.6440,7865300,115.5442,117.7730,114.2206,0.0296,0.0083,0.0116,-0.0064,0.0303,53.9678,0.0250,0.0097,-0.0032,0.5682,0.4239,1.1039,buy
2023-03-30,118.8435,6213800,118.7365,120.0796,118.0941,0.0189,-0.0055,-0.0059,0.0130,0.0475,61.0223,0.0227,0.0106,-0.0017,0.7656,-0.2100,0.8739,hold
2023-03-31,119.5443,5016500,118.2693,120.2158,117.7632,0.0059,0.0276,0.0019,0.0188,0.0506,60.1925,0.0228,0.0118,-0.0004,0.8032,-0.1927,0.7167,hold
2023-04-03,119.0479,5146800,118.3764,119.1647,117.3739,-0.0042,0.0290,-0.0139,0.0160,0.0439,53.2673,0.0225,0.0123,0.0001,0.7338,0.0260,0.7386,sell
2023-04-04,116.9068,4772200,119.6514,119.6806,116.1963,-0.0180,0.0320,-0.0023,-0.0021,0.0241,52.6762,0.0211,0.0113,-0.0009,0.5194,-0.0728,0.6871,sell
2023-04-05,114.1817,6691700,116.3909,116.4883,112.5563,-0.0233,-0.0211,-0.0130,-0.0241,-0.0006,40.5294,0.0221,0.0085,-0.0032,0.2666,0.4022,0.9483,sell
2023-04-06,111.3885,6275000,111.1257,112.2060,108.8775,-0.0245,-0.0627,-0.0678,-0.0413,-0.0252,37.1573,0.0196,0.0042,-0.0062,0.0465,-0.0623,0.8857,buy
2023-04-10,113.3836,4096500,109.4614,113.5880,109.4420,0.0179,-0.0515,-0.0253,-0.0216,-0.0079,38.3426,0.0197,0.0020,-0.0066,0.1960,-0.3472,0.5903,hold
2023-04-11,113.2668,3373000,114.1914,114.6780,112.9749,-0.0010,-0.0486,-0.0209,-0.0206,-0.0096,43.0257,0.0196,0.0003,-0.0067,0.1780,-0.1766,0.5037,sell
2023-04-12,110.1329,5838900,114.5807,114.6488,109.8507,-0.0277,-0.0579,-0.0278,-0.0451,-0.0379,40.6558,0.0205,-0.0034,-0.0085,-0.0144,0.7311,0.8884,hold
2023-04-13,110.4347,5299500,110.4931,110.8629,108.5368,0.0027,-0.0328,-0.0532,-0.0373,-0.0356,32.6888,0.0173,-0.0061,-0.0089,0.0700,-0.0924,0.8330,hold
2023-04-14,109.8799,5211600,110.3276,111.9724,108.3908,-0.0050,-0.0135,-0.0754,-0.0346,-0.0395,36.3073,0.0151,-0.0085,-0.0090,0.0856,-0.0166,0.8295,sell
2023-04-17,108.7996,6952200,106.2984,108.9748,106.0843,-0.0098,-0.0404,-0.0899,-0.0350,-0.0470,35.6448,0.0143,-0.0112,-0.0094,0.0698,0.3340,1.1699,sell
2023-04-18,108.2935,5055000,109.4906,110.5514,107.5733,-0.0047,-0.0439,-0.0903,-0.0302,-0.0500,38.7054,0.0143,-0.0135,-0.0094,0.0823,-0.2729,0.8501,sell
2023-04-19,107.3884,6796800,106.9115,107.6512,106.2010,-0.0084,-0.0249,-0.0814,-0.0300,-0.0568,26.4487,0.0139,-0.0160,-0.0094,0.0832,0.3446,1.1756,buy
2023-04-20,111.3301,8699500,108.2741,113.2182,108.2741,0.0367,0.0081,-0.0250,0.0082,-0.0212,32.4387,0.0189,-0.0142,-0.0063,0.3489,0.2799,1.5000,sell
2023-04-21,110.4249,4516800,110.4347,111.0478,109.2084,-0.0081,0.0050,-0.0087,0.0008,-0.0288,28.8869,0.0174,-0.0138,-0.0047,0.3115,-0.4808,0.7902,hold
2023-04-24,110.5709,3218100,110.4541,110.8921,109.5295,0.0013,0.0163,-0.0248,0.0047,-0.0272,30.0504,0.0161,-0.0131,-0.0032,0.3392,-0.2875,0.5788,sell
2023-04-25,107.6512,6282600,109.4906,110.6196,107.4662,-0.0264,-0.0059,-0.0496,-0.0168,-0.0522,28.9881,0.0178,-0.0150,-0.0038,0.1811,0.9523,1.1135,hold
2023-04-26,107.3592,6245800,108.1865,108.5174,106.8823,-0.0027,-0.0003,-0.0252,-0.0170,-0.0538,32.5882,0.0159,-0.0162,-0.0041,0.1945,-0.0059,1.0999,buy
2023-04-27,108.6926,9447000,108.3227,109.1792,106.2302,0.0124,-0.0237,-0.0158,-0.0032,-0.0410,42.5658,0.0166,-0.0158,-0.0030,0.2990,0.5125,1.6408,buy
2023-04-28,110.0064,8064400,108.7120,110.2303,108.1475,0.0121,-0.0038,0.0012,0.0088,-0.0284,40.3235,0.0170,-0.0143,-0.0014,0.4014,-0.1464,1.3785,hold
2023-05-01,109.9286,4171600,110.2692,111.3787,109.1013,-0.0007,-0.0058,0.0104,0.0070,-0.0287,40.4136,0.0167,-0.0132,-0.0002,0.4169,-0.4827,0.7183,sell
2023-05-02,109.1597,4850200,109.8994,110.3568,108.2254,-0.0070,0.0140,0.0080,-0.0008,-0.0350,46.7659,0.0168,-0.0128,0.0002,0.3672,0.1627,0.8373,buy
2023-05-03,110.2595,5624100,108.9456,112.1865,108.8969,0.0101,0.0270,0.0267,0.0066,-0.0257,49.4471,0.0166,-0.0114,0.0012,0.5173,0.1596,0.9638,sell
2023-05-04,109.4420,3579600,110.0259,110.3763,108.7315,-0.0074,0.0069,-0.0170,0.0008,-0.0332,48.6405,0.0118,-0.0109,0.0015,0.4328,-0.3635,0.6302,buy
2023-05-05,112.9554,4874200,110.6585,113.5004,109.9480,0.0321,0.0268,0.0229,0.0306,-0.0027,61.2073,0.0156,-0.0075,0.0036,0.9210,0.3617,0.8689,hold
2023-05-08,112.6537,3247600,113.7437,114.4445,111.8556,-0.0027,0.0248,0.0188,0.0259,-0.0062,61.8897,0.0157,-0.0053,0.0047,0.8989,-0.3337,0.5833,sell
2023-05-09,110.7948,3173700,111.0284,111.3495,109.8410,-0.0165,0.0150,0.0292,0.0061,-0.0229,58.8295,0.0139,-0.0049,0.0042,0.6610,-0.0228,0.5711,buy
2023-05-10,112.3228,4101000,112.4298,113.1306,111.0867,0.0138,0.0187,0.0462,0.0154,-0.0093,52.9412,0.0141,-0.0032,0.0045,0.8685,0.2922,0.7496,hold
2023-05-11,112.3714,3630400,112.2157,112.7413,110.8629,0.0004,0.0268,0.0338,0.0125,-0.0085,56.0753,0.0139,-0.0020,0.0047,0.8427,-0.1148,0.6739,buy
2023-05-12,112.9846,3838700,113.5880,113.9384,111.9140,0.0055,0.0003,0.0271,0.0153,-0.0027,57.3200,0.0136,-0.0005,0.0049,0.8820,0.0574,0.7218,buy
2023-05-15,117.8703,5859200,113.5685,118.0163,112.9164,0.0432,0.0463,0.0722,0.0516,0.0400,77.6901,0.0185,0.0039,0.0073,1.2276,0.5264,1.1131,hold
2023-05-16,117.6854,5080700,117.5978,119.7779,117.2182,-0.0016,0.0622,0.0781,0.0421,0.0380,78.1434,0.0182,0.0072,0.0084,1.0718,-0.1329,0.9650,buy
2023-05-17,122.3375,7349600,118.9798,122.9215,118.6197,0.0395,0.0892,0.1095,0.0718,0.0773,81.4916,0.0208,0.0124,0.0108,1.2103,0.4466,1.3886,buy
2023-05-18,126.4446,10891200,122.4446,128.5274,122.3959,0.0336,0.1252,0.1554,0.0915,0.1113,83.6054,0.0209,0.0185,0.0136,1.2029,0.4819,2.0160,sell
2023-05-19,123.5541,10257200,124.8680,124.8874,121.8995,-0.0229,0.0935,0.0938,0.0569,0.0841,74.9822,0.0229,0.0222,0.0137,0.9711,-0.0582,1.8029,hold
2023-05-22,123.1648,4709100,123.8266,124.1477,122.2888,-0.0032,0.0449,0.0933,0.0442,0.0784,76.0406,0.0230,0.0242,0.0126,0.8965,-0.5409,0.8170,sell
2023-05-23,121.1599,4604500,122.5224,123.3400,120.8679,-0.0163,0.0295,0.0936,0.0182,0.0593,69.6079,0.0229,0.0246,0.0102,0.7809,-0.0222,0.8107,sell
2023-05-24,118.7790,6315600,118.9644,119.6475,117.2666,-0.0197,-0.0291,0.0575,-0.0072,0.0382,65.9014,0.0246,0.0232,0.0068,0.6604,0.3716,1.1112,buy
2023-05-25,127.3072,9575700,124.0872,127.5609,123.0724,0.0718,0.0068,0.1329,0.0510,0.1104,70.8760,0.0320,0.0254,0.0081,0.9616,0.5162,1.6829,buy
2023-05-26,132.7617,9083800,127.5999,133.3764,126.8388,0.0428,0.0745,0.1750,0.0784,0.1553,75.4359,0.0332,0.0301,0.0108,1.0588,-0.0514,1.5823,hold
2023-05-30,133.2593,7753800,134.6546,135.4352,132.2055,0.0037,0.0820,0.1306,0.0691,0.1568,79.4304,0.0320,0.0345,0.0122,0.9896,-0.1464,1.3098,sell
2023-05-31,130.0686,11368600,130.3613,132.4592,128.9562,-0.0239,0.0735,0.1052,0.0332,0.1273,72.2779,0.0339,0.0366,0.0110,0.8456,0.4662,1.8202,buy
2023-06-01,131.5615,5007000,130.4881,132.8885,128.4976,0.0115,0.1076,0.0754,0.0375,0.1374,73.2480,0.0324,0.0376,0.0099,0.8531,-0.5596,0.8056,hold
2023-06-02,131.3663,5327400,131.8639,132.0493,129.1709,-0.0015,0.0319,0.0389,0.0320,0.1326,72.4966,0.0311,0.0382,0.0084,0.8156,0.0640,0.8453,hold
2023-06-05,130.4881,3798300,131.5517,131.8737,129.8149,-0.0067,-0.0171,0.0561,0.0195,0.1229,67.1220,0.0300,0.0380,0.0063,0.7602,-0.2870,0.6079,hold
2023-06-06,130.6930,5468900,128.2146,132.0689,127.5804,0.0016,-0.0193,0.0611,0.0151,0.1219,67.6414,0.0298,0.0372,0.0045,0.7424,0.4398,0.8599,hold
2023-06-07,131.7371,4835700,131.9908,133.7179,130.3418,0.0080,0.0128,0.0873,0.0149,0.1278,64.1309,0.0288,0.0366,0.0033,0.7555,-0.1158,0.7506,buy
2023-06-08,132.8982,4507000,132.5567,133.4446,130.8979,0.0088,0.0102,0.1189,0.0128,0.1339,60.6450,0.0270,0.0363,0.0026,0.7736,-0.0680,0.6973,hold
2023-06-09,132.8202,3675200,134.4497,134.6351,132.5275,-0.0006,0.0111,0.0433,0.0080,0.1301,66.8473,0.0168,0.0359,0.0017,0.7537,-0.1846,0.5684,buy
2023-06-12,136.6159,5931900,134.4009,136.8306,133.5130,0.0286,0.0470,0.0290,0.0338,0.1589,71.7608,0.0135,0.0364,0.0025,0.8860,0.6140,0.9029,buy
2023-06-13,138.3527,6859500,138.0698,139.0748,136.0304,0.0127,0.0586,0.0382,0.0429,0.1699,78.0574,0.0139,0.0376,0.0034,0.9170,0.1564,1.0362,sell
2023-06-14,137.7478,6474600,135.0547,137.9332,134.8791,-0.0044,0.0456,0.0590,0.0324,0.1611,82.8602,0.0105,0.0384,0.0032,0.8646,-0.0561,0.9678,sell
2023-06-15,136.7135,5524400,135.3279,138.0015,134.5863,-0.0075,0.0287,0.0392,0.0207,0.1486,72.0091,0.0110,0.0381,0.0021,0.7891,-0.1468,0.8372,sell
2023-06-16,135.5621,8847400,137.4746,137.5331,134.7815,-0.0084,0.0206,0.0319,0.0089,0.1348,58.2047,0.0116,0.0368,0.0004,0.7145,0.6015,1.3619,hold
2023-06-20,135.1620,3840000,135.7377,136.9184,133.9423,-0.0030,-0.0106,0.0358,0.0025,0.1270,55.6066,0.0113,0.0351,-0.0012,0.6764,-0.5660,0.6218,sell
2023-06-21,133.3569,4715300,135.1718,135.7865,132.5763,-0.0134,-0.0361,0.0204,-0.0129,0.1082,60.5511,0.0125,0.0325,-0.0033,0.5724,0.2279,0.7635,buy
2023-06-22,135.5523,3763600,131.7273,136.2158,131.7273,0.0165,-0.0159,0.0290,0.0005,0.1223,62.2529,0.0132,0.0306,-0.0037,0.6685,-0.2018,0.6136,sell
2023-06-23,132.7714,6956900,133.2398,133.4740,131.5712,-0.0205,-0.0288,-0.0010,-0.0199,0.0952,53.7229,0.0149,0.0282,-0.0055,0.4499,0.8485,1.1283,buy
2023-06-26,136.4110,7256100,133.1617,137.4550,133.1617,0.0274,0.0063,0.0270,0.0043,0.1204,63.6897,0.0172,0.0268,-0.0048,0.7584,0.0430,1.1994,buy
2023-06-27,142.9973,7343900,136.7525,143.1340,136.5671,0.0483,0.0580,0.0467,0.0479,0.1682,71.9611,0.0212,0.0286,-0.0013,1.1695,0.0121,1.2316,sell
2023-06-28,140.5384,6645200,139.3383,142.3826,138.6064,-0.0172,0.0539,0.0158,0.0282,0.1422,64.9536,0.0220,0.0297,-0.0005,0.9170,-0.0951,1.1249,hold
2023-06-29,140.7336,3916500,141.1825,141.7289,140.0311,0.0014,0.0382,0.0217,0.0274,0.1377,63.7643,0.0219,0.0299,-0.0002,0.8849,-0.4106,0.7076,hold
2023-06-30,141.0361,6142600,141.7777,142.0216,139.9628,0.0021,0.0622,0.0316,0.0264,0.1340,64.3198,0.0217,0.0299,-0.0001,0.8612,0.5684,1.0986,hold
2023-07-03,141.9435,2533600,140.5287,142.3728,139.9042,0.0064,0.0406,0.0471,0.0282,0.1357,60.3253,0.0213,0.0299,0.0001,0.8760,-0.5875,0.4647,sell
2023-07-05,138.8114,5198400,140.7531,141.4069,138.7138,-0.0221,-0.0293,0.0270,0.0029,0.1056,50.8432,0.0229,0.0286,-0.0015,0.6517,1.0518,0.9414,sell
2023-07-06,136.9769,5793500,137.2501,137.9039,135.3962,-0.0132,-0.0253,0.0271,-0.0130,0.0865,48.6440,0.0228,0.0260,-0.0036,0.5030,0.1145,1.0461,hold
2023-07-07,136.1866,3459400,136.2353,138.6747,136.0304,-0.0058,-0.0323,0.0047,-0.0191,0.0753,49.0651,0.0225,0.0230,-0.0054,0.4215,-0.4029,0.6325,buy
2023-07-10,137.1526,6364400,136.3915,138.4406,136.3134,0.0071,-0.0275,0.0330,-0.0153,0.0779,52.8407,0.0212,0.0208,-0.0060,0.4813,0.8397,1.1442,sell
2023-07-11,134.2253,7706100,136.7818,137.0355,130.7614,-0.0213,-0.0544,-0.0160,-0.0348,0.0507,48.4655,0.0207,0.0175,-0.0078,0.2162,0.2108,1.3370,buy
2023-07-12,135.5231,5590100,135.8353,136.3134,134.5083,0.0097,-0.0237,-0.0523,-0.0202,0.0566,53.6086,0.0123,0.0151,-0.0080,0.3371,-0.2746,0.9728,buy
2023-07-13,139.1919,5410800,136.7232,140.1774,136.6256,0.0271,0.0162,-0.0096,0.0073,0.0803,55.7794,0.0152,0.0149,-0.0061,0.6529,-0.0321,0.9536,hold
2023-07-14,139.2797,6058800,141.0654,141.8655,138.9285,0.0006,0.0227,-0.0103,0.0090,0.0759,61.3013,0.0151,0.0149,-0.0049,0.6523,0.1198,1.0717,buy
2023-07-17,141.9728,6306700,139.5139,142.9486,138.3918,0.0193,0.0351,0.0066,0.0278,0.0914,59.9860,0.0165,0.0160,-0.0027,0.8424,0.0409,1.1079,sell
2023-07-18,141.0068,6492700,140.3140,141.6313,138.4698,-0.0068,0.0505,-0.0066,0.0215,0.0787,45.5223,0.0165,0.0164,-0.0019,0.7388,0.0295,1.1647,sell
2023-07-19,138.3430,5379400,140.5579,141.1434,137.7575,-0.0189,0.0208,-0.0034,0.0026,0.0542,45.1065,0.0160,0.0153,-0.0027,0.5118,-0.1715,0.9518,sell
2023-07-20,130.7906,9883200,134.4790,134.8400,130.2832,-0.0546,-0.0604,-0.0452,-0.0479,-0.0061,33.3114,0.0234,0.0102,-0.0071,-0.0536,0.8372,1.6723,buy
2023-07-21,133.0934,15686100,131.9420,133.9716,131.9127,0.0176,-0.0444,-0.0227,-0.0289,0.0080,37.5076,0.0244,0.0067,-0.0082,0.1461,0.5871,2.4109,buy
2023-07-24,134.9961,5276000,134.2643,135.7084,133.5325,0.0143,-0.0491,-0.0157,-0.0135,0.0189,39.4047,0.0248,0.0051,-0.0077,0.2669,-0.6637,0.8215,buy
2023-07-25,136.6647,5038500,135.3279,137.9722,135.1425,0.0124,-0.0308,0.0182,-0.0031,0.0278,46.5732,0.0241,0.0047,-0.0063,0.3927,-0.0450,0.7983,sell
2023-07-26,135.6499,4050400,134.2936,136.8891,133.4935,-0.0074,-0.0195,0.0009,-0.0106,0.0167,47.8247,0.0241,0.0039,-0.0058,0.3346,-0.1961,0.6590,buy
2023-07-27,142.5973,8928900,140.7336,146.7833,140.7141,0.0512,0.0903,0.0245,0.0375,0.0648,58.7437,0.0279,0.0069,-0.0018,0.8698,1.2044,1.4262,buy
2023-07-28,148.2469,7802000,145.9539,149.5642,145.0952,0.0396,0.1139,0.0644,0.0716,0.1019,63.4175,0.0302,0.0120,0.0029,1.1366,-0.1262,1.2087,hold
2023-07-31,147.9152,4184400,148.2469,148.9787,146.8711,-0.0022,0.0957,0.0419,0.0647,0.0953,67.6656,0.0300,0.0160,0.0054,1.0241,-0.4637,0.6582,hold
2023-08-01,148.9300,3088100,147.2614,149.1544,146.6369,0.0069,0.0897,0.0562,0.0659,0.0992,67.4277,0.0297,0.0192,0.0070,1.0026,-0.2620,0.4837,sell
2023-08-02,143.7585,5468300,146.9687,146.9687,143.3194,-0.0347,0.0598,0.0391,0.0249,0.0578,55.7129,0.0316,0.0196,0.0056,0.7264,0.7708,0.8546,hold
2023-08-03,144.2268,4338600,142.4704,145.0952,141.8362,0.0033,0.0114,0.1027,0.0185,0.0580,56.1306,0.0240,0.0193,0.0043,0.7273,-0.2066,0.6859,sell
2023-08-04,142.1289,3984500,143.9438,145.4563,141.5532,-0.0145,-0.0413,0.0679,-0.0027,0.0394,50.1964,0.0250,0.0180,0.0022,0.6130,-0.0816,0.6273,buy
2023-08-07,146.7345,3896100,143.4852,147.0370,143.4657,0.0324,-0.0080,0.0870,0.0212,0.0687,56.6000,0.0262,0.0186,0.0026,0.8014,-0.0222,0.6255,sell
2023-08-08,144.4219,3443700,144.5585,144.7147,142.3631,-0.0158,-0.0303,0.0568,-0.0003,0.0493,57.0619,0.0272,0.0182,0.0016,0.6738,-0.1161,0.5725,sell
2023-08-09,141.6410,4796600,144.3927,145.3001,141.2898,-0.0193,-0.0147,0.0442,-0.0236,0.0277,64.1765,0.0281,0.0163,-0.0005,0.5275,0.3929,0.8027,hold
2023-08-10,141.1044,4018300,143.2120,144.3927,139.6310,-0.0038,-0.0216,-0.0105,-0.0263,0.0227,60.9730,0.0229,0.0141,-0.0022,0.4965,-0.1623,0.6804,sell
2023-08-11,135.4645,5193200,138.7723,139.0163,135.1718,-0.0400,-0.0469,-0.0862,-0.0569,-0.0190,50.5820,0.0211,0.0094,-0.0061,0.2360,0.2924,0.8858,buy
2023-08-14,138.4503,4850400,134.8498,138.4991,134.3326,0.0220,-0.0565,-0.0640,-0.0297,0.0017,52.1484,0.0232,0.0067,-0.0068,0.3877,-0.0660,0.8377,sell
2023-08-15,136.6842,3384900,137.8453,138.4113,136.3524,-0.0128,-0.0536,-0.0822,-0.0338,-0.0119,51.2223,0.0228,0.0037,-0.0080,0.3167,-0.3021,0.6007,sell
2023-08-16,134.8986,4613000,137.1233,137.8356,134.8205,-0.0131,-0.0476,-0.0616,-0.0404,-0.0254,39.6375,0.0209,0.0002,-0.0093,0.2472,0.3628,0.8243,hold
2023-08-17,134.2546,7065700,135.8158,136.4012,133.2593,-0.0048,-0.0485,-0.0691,-0.0381,-0.0306,28.2331,0.0207,-0.0030,-0.0100,0.1945,0.5317,1.2952,buy
2023-08-18,139.2016,11541800,134.0009,140.1676,132.2445,0.0368,0.0276,-0.0206,-0.0006,0.0041,38.1470,0.0246,-0.0024,-0.0073,0.4133,0.6335,2.1992,buy
2023-08-21,145.1636,8121900,139.8066,145.6026,139.6896,0.0428,0.0485,-0.0107,0.0434,0.0452,45.4843,0.0264,0.0014,-0.0027,0.6967,-0.2963,1.5067,hold
2023-08-22,144.2658,4865900,147.1053,147.4858,143.3779,-0.0062,0.0555,-0.0011,0.0370,0.0371,50.6778,0.0259,0.0037,-0.0003,0.6324,-0.4009,0.9041,hold
2023-08-23,144.7254,5300400,143.7573,145.2828,142.8186,0.0032,0.0728,0.0218,0.0380,0.0392,50.6663,0.0250,0.0058,0.0014,0.6384,0.0893,0.9736,sell
2023-08-24,139.3667,6771000,146.2314,146.6323,138.6822,-0.0370,0.0381,-0.0123,0.0009,0.0005,46.6051,0.0280,0.0046,0.0000,0.3504,0.2775,1.2688,buy
2023-08-25,141.1660,4720600,140.4130,141.7527,137.8412,0.0129,0.0141,0.0421,0.0096,0.0130,42.6490,0.0246,0.0043,-0.0001,0.4675,-0.3028,0.9109,hold
2023-08-28,142.2025,3565800,142.0950,143.9334,140.8531,0.0073,-0.0204,0.0271,0.0143,0.0196,46.9680,0.0238,0.0047,0.0002,0.5471,-0.2446,0.6922,buy
2023-08-29,146.6616,5017200,140.6770,147.1897,140.6770,0.0314,0.0166,0.0730,0.0387,0.0499,56.5580,0.0247,0.0072,0.0023,0.8462,0.4070,0.9560,hold
2023-08-30,147.6102,4000000,145.8891,148.2165,144.9015,0.0065,0.0199,0.0942,0.0361,0.0548,58.4076,0.0236,0.0097,0.0039,0.8741,-0.2027,0.7730,buy
2023-08-31,149.3801,6593800,146.1042,149.9962,146.1042,0.0120,0.0718,0.1127,0.0375,0.0650,69.9821,0.0231,0.0124,0.0053,0.9320,0.6484,1.2471,buy
2023-09-01,150.5829,3693100,151.0816,151.1207,149.1258,0.0081,0.0667,0.0818,0.0377,0.0713,68.3620,0.0212,0.0150,0.0063,0.9346,-0.4399,0.7004,hold
2023-09-05,150.2113,4266700,150.5634,151.3946,148.9499,-0.0025,0.0563,0.0348,0.0315,0.0660,71.3750,0.0175,0.0167,0.0064,0.8879,0.1553,0.8064,hold
2023-09-06,149.7908,3109600,149.8593,151.8248,148.1969,-0.0028,0.0213,0.0383,0.0248,0.0610,74.5931,0.0173,0.0177,0.0059,0.8371,-0.2712,0.5896,sell
2023-09-07,144.9503,6720300,145.9184,146.1825,141.9189,-0.0323,-0.0180,0.0016,-0.0085,0.0264,65.5129,0.0208,0.0162,0.0032,0.6007,1.1611,1.2513,hold
2023-09-08,144.2658,4473300,144.4516,145.2144,142.9457,-0.0047,-0.0342,0.0352,-0.0165,0.0211,58.3813,0.0164,0.0140,0.0008,0.5612,-0.3344,0.8294,sell
2023-09-11,143.4640,4145000,146.6812,146.6812,140.8531,-0.0056,-0.0473,0.0163,-0.0235,0.0150,46.6078,0.0162,0.0117,-0.0012,0.5049,-0.0734,0.7761,sell
2023-09-12,140.7846,4470600,142.7990,143.1999,140.5401,-0.0187,-0.0628,-0.0100,-0.0408,-0.0039,43.5131,0.0173,0.0084,-0.0038,0.3629,0.0786,0.8400,hold
2023-09-13,141.3811,4625200,141.0193,143.8551,140.6184,0.0042,-0.0561,-0.0360,-0.0332,0.0004,43.7998,0.0133,0.0059,-0.0051,0.3754,0.0346,0.8591,hold
2023-09-14,141.3713,5629800,143.1706,143.4640,140.7553,-0.0001,-0.0247,-0.0423,-0.0292,-0.0001,54.6359,0.0129,0.0038,-0.0057,0.3429,0.2172,1.0359,sell
2023-09-15,135.1912,13654600,137.7336,138.0955,133.6852,-0.0437,-0.0629,-0.0950,-0.0625,-0.0435,38.5107,0.0166,-0.0014,-0.0091,-0.0377,1.4254,2.3688,buy
2023-09-18,137.1664,5607700,134.8293,137.8607,134.4773,0.0146,-0.0439,-0.0891,-0.0398,-0.0297,40.6533,0.0175,-0.0043,-0.0095,0.1022,-0.5893,1.0256,sell
2023-09-19,134.6631,6365400,136.6189,136.9513,133.6461,-0.0183,-0.0435,-0.1035,-0.0470,-0.0471,25.9882,0.0176,-0.0082,-0.0108,0.0371,0.1351,1.1832,sell
2023-09-20,133.9395,5806900,135.6899,136.5700,133.8612,-0.0054,-0.0526,-0.1058,-0.0414,-0.0522,22.3932,0.0175,-0.0116,-0.0114,0.0670,-0.0877,1.0700,sell
2023-09-21,132.1989,5241000,132.0326,134.4675,131.9544,-0.0130,-0.0649,-0.0880,-0.0451,-0.0640,15.2629,0.0158,-0.0153,-0.0121,0.0564,-0.0975,0.9663,buy
2023-09-22,133.1572,5301100,133.9591,135.2498,132.7465,0.0072,-0.0150,-0.0770,-0.0304,-0.0564,14.4170,0.0166,-0.0172,-0.0112,0.1332,0.0115,0.9908,hold
2023-09-25,133.5679,5161300,132.8834,134.0079,131.7393,0.0031,-0.0262,-0.0690,-0.0203,-0.0528,16.0686,0.0170,-0.0183,-0.0099,0.1812,-0.0264,0.9607,sell
2023-09-26,131.1134,5343000,132.6096,133.0203,130.5854,-0.0184,-0.0264,-0.0687,-0.0315,-0.0687,14.8380,0.0170,-0.0209,-0.0098,0.1305,0.0352,0.9783,buy
2023-09-27,132.0717,6296200,132.2282,133.0594,130.1551,0.0073,-0.0139,-0.0658,-0.0176,-0.0607,21.6042,0.0172,-0.0216,-0.0085,0.1999,0.1784,1.1395,buy
2023-09-28,135.1618,5341600,131.7002,136.7069,131.3090,0.0234,0.0224,-0.0439,0.0100,-0.0383,31.8519,0.0196,-0.0197,-0.0055,0.3314,-0.1516,0.9552,hold
2023-09-29,135.3867,4448200,137.1176,138.4279,135.0152,0.0017,0.0167,0.0014,0.0115,-0.0374,33.5196,0.0139,-0.0183,-0.0033,0.3586,-0.1673,0.8110,buy
2023-10-02,136.4233,4896900,135.7877,138.2812,134.2230,0.0077,0.0214,-0.0054,0.0198,-0.0304,40.4619,0.0133,-0.0162,-0.0010,0.4190,0.1009,0.8831,sell
2023-10-03,133.6950,6173000,135.6116,136.9122,132.4335,-0.0200,0.0197,-0.0072,0.0002,-0.0497,34.6244,0.0136,-0.0164,-0.0008,0.3176,0.2606,1.0944,buy
2023-10-04,136.2179,5543600,134.5262,136.5211,133.9395,0.0189,0.0314,0.0170,0.0173,-0.0317,40.6328,0.0147,-0.0144,0.0008,0.4658,-0.1020,0.9621,hold
2023-10-05,136.1984,4310400,136.3646,137.0491,134.7316,-0.0001,0.0077,0.0303,0.0141,-0.0319,52.3592,0.0138,-0.0129,0.0018,0.4888,-0.2225,0.7640,buy
2023-10-06,137.1860,5234400,134.9956,138.0368,132.1598,0.0073,0.0133,0.0303,0.0184,-0.0241,50.0481,0.0138,-0.0109,0.0030,0.5858,0.2144,0.9216,hold
2023-10-09,137.0491,3271500,136.3842,137.8119,134.7120,-0.0010,0.0046,0.0261,0.0148,-0.0235,56.6304,0.0139,-0.0093,0.0036,0.6152,-0.3750,0.5805,buy
2023-10-10,138.2714,3342900,137.9194,139.5720,137.2447,0.0089,0.0342,0.0546,0.0185,-0.0135,61.7133,0.0118,-0.0073,0.0045,0.7451,0.0218,0.5991,buy
2023-10-11,139.0342,5136900,139.6601,139.7774,137.6945,0.0055,0.0207,0.0527,0.0188,-0.0066,69.5142,0.0118,-0.0051,0.0052,0.8530,0.5367,0.9164,buy
2023-10-12,141.7918,8109900,139.8361,145.1166,139.6112,0.0198,0.0411,0.0491,0.0340,0.0134,72.3544,0.0112,-0.0018,0.0067,1.1101,0.5788,1.4155,sell
2023-10-13,138.0172,6600500,143.7965,143.8454,137.6065,-0.0266,0.0061,0.0194,0.0046,-0.0127,59.8102,0.0151,-0.0015,0.0058,0.7266,-0.1861,1.2276,hold
2023-10-16,137.8803,6097400,138.6235,139.5036,136.6482,-0.0010,0.0061,0.0107,0.0025,-0.0131,66.6187,0.0149,-0.0012,0.0049,0.7083,-0.0762,1.1289,buy
2023-10-17,139.5623,5915900,136.0517,139.6307,133.7830,0.0122,0.0093,0.0439,0.0104,-0.0000,67.7644,0.0132,0.0000,0.0048,0.8271,-0.0298,1.0999,sell
2023-10-18,138.3203,5357900,136.8046,139.3276,135.0445,-0.0089,-0.0051,0.0154,-0.0001,-0.0081,58.2104,0.0128,0.0002,0.0040,0.6960,-0.0943,1.0003,sell
2023-10-19,131.4557,9400300,139.6796,139.8850,130.8103,-0.0496,-0.0729,-0.0348,-0.0464,-0.0559,42.4036,0.0207,-0.0038,0.0002,0.0975,0.7545,1.6894,hold
2023-10-20,131.1525,6149500,131.5437,133.1376,130.4094,-0.0023,-0.0497,-0.0440,-0.0445,-0.0568,39.5177,0.0203,-0.0070,-0.0024,0.0992,-0.3458,1.0968,hold
2023-10-23,131.2601,3820100,130.2529,132.8051,128.9816,0.0008,-0.0480,-0.0422,-0.0396,-0.0554,44.5940,0.0204,-0.0095,-0.0039,0.1345,-0.3788,0.6896,hold
2023-10-24,131.9153,5238800,132.3358,132.5509,130.5560,0.0050,-0.0548,-0.0460,-0.0303,-0.0498,39.5833,0.0201,-0.0108,-0.0042,0.1773,0.3714,0.9466,sell
2023-10-25,127.2313,7118100,130.1258,130.3116,126.8792,-0.0355,-0.0802,-0.0849,-0.0566,-0.0823,32.2904,0.0220,-0.0151,-0.0066,-0.0921,0.3587,1.2767,hold
2023-10-26,127.9451,5462700,128.2092,131.4361,127.6224,0.0056,-0.0267,-0.0977,-0.0414,-0.0762,31.5502,0.0203,-0.0175,-0.0072,0.0352,-0.2326,0.9787,hold
2023-10-27,128.3949,4397300,128.3656,130.1649,127.6713,0.0035,-0.0210,-0.0697,-0.0311,-0.0722,32.9348,0.0198,-0.0188,-0.0069,0.1140,-0.1950,0.7882,hold
2023-10-30,128.1309,4604600,129.0403,130.0182,126.9477,-0.0021,-0.0238,-0.0707,-0.0259,-0.0726,29.2185,0.0198,-0.0200,-0.0064,0.1436,0.0471,0.8275,buy
2023-10-31,129.4217,4108100,128.8839,129.6173,126.3512,0.0101,-0.0189,-0.0727,-0.0084,-0.0611,30.7179,0.0196,-0.0196,-0.0049,0.2356,-0.1078,0.7523,buy
2023-11-01,132.2966,5127800,130.0866,132.8247,129.8422,0.0222,0.0398,-0.0435,0.0183,-0.0386,31.0425,0.0217,-0.0171,-0.0022,0.4013,0.2482,0.9426,buy
2023-11-02,135.4454,6088400,134.7609,136.6873,133.6461,0.0238,0.0586,0.0304,0.0393,-0.0144,44.7337,0.0163,-0.0130,0.0012,0.5735,0.1873,1.1011,buy
2023-11-03,136.6580,5560300,136.4037,138.6333,135.9930,0.0090,0.0644,0.0420,0.0442,-0.0052,47.6026,0.0163,-0.0092,0.0039,0.6411,-0.0867,1.0027,hold
2023-11-06,137.2545,4823200,137.2936,137.6749,136.1299,0.0044,0.0712,0.0457,0.0440,-0.0003,45.2724,0.0163,-0.0058,0.0058,0.6727,-0.1326,0.8578,buy
2023-11-07,138.6040,4886800,136.9025,138.7800,136.5993,0.0098,0.0709,0.0507,0.0489,0.0101,50.5785,0.0164,-0.0024,0.0073,0.7441,0.0132,0.8573,buy
2023-11-08,141.0389,4305900,139.2200,141.3322,138.4768,0.0176,0.0661,0.1085,0.0563,0.0287,73.8559,0.0084,0.0017,0.0090,0.8600,-0.1189,0.7609,sell
2023-11-09,140.0023,4979900,141.6940,143.9529,139.7285,-0.0073,0.0336,0.0942,0.0392,0.0223,71.2540,0.0101,0.0043,0.0093,0.8193,0.1565,0.9051,buy
2023-11-10,147.3461,6699400,141.9776,147.6493,141.4691,0.0525,0.0782,0.1476,0.0785,0.0762,78.6685,0.0167,0.0100,0.0118,1.0877,0.3453,1.2165,sell
2023-11-13,146.4270,4125200,145.7033,146.9257,144.2854,-0.0062,0.0668,0.1428,0.0576,0.0701,75.6215,0.0172,0.0140,0.0127,0.9752,-0.3842,0.7627,buy
2023-11-14,150.6709,6505000,149.6442,151.4826,148.7738,0.0290,0.0871,0.1642,0.0718,0.1011,92.0378,0.0178,0.0187,0.0139,1.0474,0.5769,1.1962,buy
2023-11-15,151.9323,4383300,151.5412,153.3014,150.6513,0.0084,0.0772,0.1484,0.0659,0.1100,92.1912,0.0178,0.0230,0.0146,1.0029,-0.3262,0.8133,hold
2023-11-16,151.3848,10513800,151.9617,154.2695,147.8547,-0.0036,0.0813,0.1177,0.0503,0.1049,90.2984,0.0182,0.0261,0.0141,0.9207,1.3986,1.9309,sell
2023-11-17,145.3024,18912700,138.8973,145.7522,138.7995,-0.0402,-0.0139,0.0633,0.0021,0.0604,75.0000,0.0245,0.0259,0.0107,0.7175,0.7988,3.1091,buy
2023-11-20,149.1943,7087400,145.5860,149.6148,145.5175,0.0268,0.0189,0.0870,0.0205,0.0879,76.7602,0.0253,0.0261,0.0090,0.7987,-0.6253,1.1346,sell
2023-11-21,145.9478,6517900,148.2164,148.4511,144.8917,-0.0218,-0.0313,0.0530,-0.0066,0.0634,68.2914,0.0270,0.0252,0.0063,0.6854,-0.0804,1.0329,hold
2023-11-22,146.4867,5071300,148.0057,150.7104,146.0360,0.0037,-0.0358,0.0386,-0.0067,0.0665,65.9070,0.0267,0.0241,0.0041,0.6810,-0.2219,0.8169,hold
2023-11-24,147.3296,1992000,146.3398,147.6432,146.3398,0.0058,-0.0268,0.0523,-0.0059,0.0717,65.5399,0.0264,0.0233,0.0027,0.6868,-0.6072,0.3301,hold
2023-11-27,147.7901,3429700,146.5064,148.7211,145.7910,0.0031,0.0171,0.0030,-0.0031,0.0731,65.4029,0.0206,0.0226,0.0018,0.6826,0.7217,0.5729,sell
2023-11-28,145.0952,5799600,146.3692,146.9866,143.5762,-0.0182,-0.0275,-0.0091,-0.0204,0.0523,59.1308,0.0214,0.0209,-0.0003,0.5694,0.6910,0.9593,buy
2023-11-29,146.3691,4975600,147.2315,149.7599,145.8694,0.0088,0.0029,-0.0286,-0.0089,0.0598,57.7509,0.0191,0.0195,-0.0012,0.5986,-0.1421,0.8171,hold
2023-11-30,146.7808,7555600,147.3982,147.4667,144.0956,0.0028,0.0020,-0.0339,-0.0026,0.0608,60.0393,0.0188,0.0185,-0.0017,0.5969,0.5185,1.2166,buy
2023-12-01,148.5545,4929400,146.5652,148.9367,145.6538,0.0121,0.0083,-0.0187,0.0114,0.0711,52.1433,0.0194,0.0183,-0.0014,0.6689,-0.3476,0.8012,sell
2023-12-04,145.3010,5859600,147.0355,147.6431,142.7433,-0.0219,-0.0168,-0.0000,-0.0108,0.0458,48.1556,0.0160,0.0167,-0.0027,0.4600,0.1887,0.9501,sell
2023-12-05,143.2234,5206300,143.5958,144.5170,142.3121,-0.0143,-0.0129,-0.0400,-0.0209,0.0294,36.8686,0.0134,0.0140,-0.0046,0.2853,-0.1115,0.8415,sell
2023-12-06,141.8025,4491100,145.7028,145.7420,141.7927,-0.0099,-0.0312,-0.0284,-0.0279,0.0176,32.2390,0.0121,0.0108,-0.0063,0.1415,-0.1374,0.7282,buy
2023-12-07,145.4186,5753600,144.0172,145.5656,141.6751,0.0255,-0.0093,-0.0073,-0.0024,0.0416,40.5555,0.0150,0.0099,-0.0054,0.3987,0.2811,0.9221,sell
2023-12-08,144.7620,4990200,144.4680,145.8302,143.0667,-0.0045,-0.0255,-0.0174,-0.0051,0.0354,48.9672,0.0149,0.0090,-0.0052,0.2959,-0.1327,0.7997,buy
2023-12-11,152.0334,6945800,146.2222,152.5430,146.1535,0.0502,0.0463,0.0287,0.0418,0.0849,54.8056,0.0222,0.0115,-0.0015,0.9391,0.3919,1.1109,buy
2023-12-12,154.0718,5705200,152.0334,155.0125,151.5434,0.0134,0.0757,0.0619,0.0493,0.0967,64.3376,0.0211,0.0146,0.0014,1.0138,-0.1786,0.9011,hold
2023-12-13,153.8464,5561700,153.8856,155.2086,151.5336,-0.0015,0.0849,0.0511,0.0425,0.0919,63.1340,0.0212,0.0169,0.0029,0.9507,-0.0252,0.8850,buy
2023-12-14,158.5013,7401200,154.6108,159.7948,154.5520,0.0303,0.0900,0.0799,0.0655,0.1214,67.5493,0.0226,0.0203,0.0053,1.1389,0.3307,1.1502,hold
2023-12-15,158.7070,8577200,158.9618,160.9218,158.2563,0.0013,0.0963,0.0683,0.0597,0.1193,67.2874,0.0226,0.0231,0.0066,1.0492,0.1589,1.3533,sell
2023-12-18,157.1489,4772300,157.6683,158.1191,154.5716,-0.0098,0.0336,0.0815,0.0411,0.1052,69.8005,0.0212,0.0246,0.0063,0.9068,-0.4436,0.8475,buy
2023-12-19,159.0794,4958200,157.3645,159.4714,156.8157,0.0123,0.0325,0.1107,0.0429,0.1153,70.4381,0.0197,0.0259,0.0063,0.9358,0.0390,0.8975,sell
2023-12-20,153.7778,5488700,157.5899,158.7561,153.6896,-0.0333,-0.0004,0.0845,0.0003,0.0758,59.7223,0.0234,0.0251,0.0038,0.6785,0.1070,1.0028,buy
2023-12-21,158.1583,4257300,157.7761,158.5797,156.3845,0.0285,-0.0022,0.0876,0.0203,0.1035,62.4429,0.0237,0.0251,0.0035,0.8346,-0.2244,0.7837,hold
2023-12-22,158.8051,2770600,158.3641,159.7360,157.6193,0.0041,0.0006,0.0970,0.0153,0.1054,68.7637,0.0233,0.0255,0.0032,0.8242,-0.3492,0.5064,buy
2023-12-26,160.9904,2520500,159.0501,161.6666,158.8541,0.0138,0.0244,0.0589,0.0234,0.1170,74.6132,0.0186,0.0263,0.0035,0.8663,-0.0903,0.4645,hold
2023-12-27,160.9218,3319600,161.2452,161.6862,160.2554,-0.0004,0.0116,0.0445,0.0185,0.1130,77.5178,0.0185,0.0269,0.0033,0.8261,0.3170,0.6261,sell
2023-12-28,159.8536,2909700,161.6960,161.7058,159.5890,-0.0066,0.0395,0.0390,0.0079,0.1025,72.4202,0.0188,0.0268,0.0024,0.7578,-0.1235,0.5597,sell
2023-12-29,158.8246,2980700,159.8438,160.2848,157.4821,-0.0064,0.0042,0.0020,0.0012,0.0923,71.5920,0.0165,0.0258,0.0010,0.6974,0.0244,0.5997,sell
2024-01-02,151.2788,8607300,156.7961,156.9039,150.3577,-0.0475,-0.0474,-0.0468,-0.0418,0.0376,48.8511,0.0224,0.0219,-0.0033,0.4008,1.8877,1.6701,sell
2024-01-03,148.4173,6100100,148.6721,150.1029,147.7117,-0.0189,-0.0781,-0.0556,-0.0547,0.0156,41.6011,0.0228,0.0164,-0.0075,0.2770,-0.2913,1.1808,sell
2024-01-04,146.3202,6196100,146.8004,148.9563,145.7714,-0.0141,-0.0907,-0.0802,-0.0605,-0.0008,39.4098,0.0220,0.0106,-0.0109,0.1738,0.0157,1.1880,hold
2024-01-05,146.0164,5400100,147.0748,148.4859,145.0854,-0.0021,-0.0866,-0.0505,-0.0577,-0.0048,29.9811,0.0202,0.0056,-0.0128,0.1277,-0.1285,1.0265,buy
2024-01-08,148.5251,6515500,146.8297,149.7305,146.7219,0.0172,-0.0648,-0.0609,-0.0355,0.0093,34.7965,0.0184,0.0029,-0.0121,0.2219,0.2066,1.2296,hold
2024-01-09,148.0057,5606700,146.8689,148.6525,145.9478,-0.0035,-0.0216,-0.0680,-0.0321,0.0031,35.9105,0.0180,0.0005,-0.0116,0.1739,-0.1395,1.0520,sell
2024-01-10,146.8102,5035700,148.7309,148.8583,145.2716,-0.0081,-0.0108,-0.0881,-0.0309,-0.0075,30.6551,0.0165,-0.0020,-0.0114,0.1467,-0.1018,0.9621,buy
2024-01-11,148.9073,5995600,147.2413,149.3875,145.5068,0.0143,0.0177,-0.0747,-0.0092,0.0038,41.4574,0.0180,-0.0028,-0.0096,0.2625,0.1906,1.1423,hold
2024-01-12,148.2213,4083700,149.1523,149.3483,147.3589,-0.0046,0.0151,-0.0728,-0.0061,-0.0033,29.9762,0.0180,-0.0037,-0.0085,0.2512,-0.3189,0.7891,buy
2024-01-16,150.6810,6528000,148.2703,151.1514,146.8395,0.0166,0.0145,-0.0513,0.0159,0.0107,34.7441,0.0195,-0.0031,-0.0062,0.3754,0.5986,1.2722,hold
2024-01-17,150.2989,6630600,150.0441,150.6713,147.1924,-0.0025,0.0155,-0.0065,0.0140,0.0062,28.4642,0.0126,-0.0028,-0.0047,0.3749,0.0157,1.3172,buy
2024-01-18,157.1293,8133700,155.4830,157.5213,153.6406,0.0454,0.0703,0.0587,0.0539,0.0490,43.9962,0.0177,0.0011,-0.0006,0.6853,0.2267,1.5636,buy
2024-01-19,164.5771,9159000,159.3146,164.9103,159.0500,0.0474,0.1052,0.1248,0.0905,0.0947,56.2210,0.0204,0.0074,0.0046,0.9736,0.1261,1.6924,hold
2024-01-22,164.9299,7176400,164.8123,168.4676,164.2831,0.0021,0.1127,0.1295,0.0793,0.0933,58.1866,0.0201,0.0125,0.0077,0.9260,-0.2165,1.3057,sell
2024-01-23,163.7049,5053600,164.4007,164.6359,161.4118,-0.0074,0.0864,0.1022,0.0608,0.0819,70.0634,0.0210,0.0158,0.0089,0.8516,-0.2958,0.9128,buy
2024-01-24,170.6530,9729000,167.9580,172.4365,167.2525,0.0424,0.1354,0.1530,0.0898,0.1233,81.7166,0.0227,0.0207,0.0112,1.0181,0.9252,1.6534,sell
2024-01-25,169.1732,7234400,173.6223,174.8277,168.9772,-0.0087,0.0766,0.1523,0.0651,0.1103,83.1818,0.0227,0.0243,0.0118,0.9260,-0.2564,1.1821,sell
2024-01-26,163.5579,6653700,165.6845,166.1745,163.2835,-0.0332,-0.0062,0.0984,0.0204,0.0711,72.0661,0.0273,0.0249,0.0096,0.7477,-0.0803,1.0584,buy
2024-01-29,165.1063,5370700,162.9797,165.1357,162.7543,0.0095,0.0011,0.1139,0.0193,0.0792,71.3745,0.0268,0.0250,0.0078,0.7786,-0.1928,0.8379,sell
2024-01-30,162.9112,5255300,163.9793,165.7825,162.4996,-0.0133,-0.0048,0.0812,-0.0018,0.0633,68.4186,0.0278,0.0242,0.0054,0.7055,-0.0215,0.8056,sell
2024-01-31,161.0100,6049400,160.7160,163.2835,157.7369,-0.0117,-0.0565,0.0713,-0.0199,0.0496,67.2460,0.0283,0.0223,0.0027,0.6367,0.1511,0.9459,buy
2024-02-01,163.6265,4082600,162.1468,164.3811,161.5294,0.0163,-0.0328,0.0413,-0.0079,0.0641,67.6540,0.0253,0.0214,0.0016,0.6912,-0.3251,0.6486,hold
2024-02-02,164.8123,4740800,162.5976,165.7923,162.1468,0.0072,0.0077,0.0014,-0.0008,0.0696,69.6632,0.0204,0.0211,0.0012,0.7039,0.1612,0.7620,buy
2024-02-05,167.6640,5749100,165.2239,168.8302,164.9103,0.0173,0.0155,0.0166,0.0148,0.0851,69.9425,0.0211,0.0217,0.0017,0.7633,0.2127,0.9215,sell
2024-02-06,165.3219,4550100,167.5660,169.2516,164.1459,-0.0140,0.0148,0.0099,-0.0004,0.0673,66.8647,0.0215,0.0214,0.0009,0.6722,-0.2086,0.7409,buy
2024-02-07,167.4778,5103400,167.0761,169.4476,165.4493,0.0130,0.0402,-0.0186,0.0146,0.0784,62.9793,0.0168,0.0215,0.0010,0.7189,0.1216,0.8345,buy
2024-02-08,170.4080,7327900,166.5861,171.4957,165.9883,0.0175,0.0414,0.0073,0.0316,0.0941,58.2479,0.0176,0.0225,0.0019,0.7950,0.4359,1.1762,buy
2024-02-09,182.1187,9539900,175.4549,182.4225,175.0335,0.0687,0.1050,0.1135,0.0902,0.1638,68.4012,0.0240,0.0270,0.0062,1.0954,0.3019,1.4888,hold
2024-02-12,181.8247,7085400,181.5601,184.4412,180.9427,-0.0016,0.0845,0.1013,0.0777,0.1566,69.7924,0.0243,0.0312,0.0083,1.0238,-0.2573,1.0805,sell
2024-02-13,176.6994,9692500,175.0237,178.5418,173.3969,-0.0282,0.0688,0.0846,0.0388,0.1198,56.8785,0.0263,0.0328,0.0074,0.8372,0.3680,1.4432,buy
2024-02-14,182.4617,8437900,178.9828,183.2358,178.9828,0.0326,0.0895,0.1332,0.0593,0.1513,63.7748,0.0263,0.0345,0.0079,0.9930,-0.1294,1.2397,buy
2024-02-15,183.9023,8622900,185.2154,185.6760,182.6479,0.0079,0.0792,0.1239,0.0553,0.1548,73.0872,0.0263,0.0365,0.0081,0.9764,0.0219,1.2624,buy
2024-02-16,195.5738,15557900,197.9747,202.6296,193.3492,0.0635,0.0739,0.1866,0.1028,0.2201,78.1154,0.0308,0.0405,0.0110,1.1509,0.8043,2.1757,sell
2024-02-20,185.3526,11216100,191.6734,191.9380,182.3931,-0.0523,0.0194,0.1055,0.0348,0.1501,68.0371,0.0379,0.0428,0.0094,0.8373,-0.2791,1.5255,hold
2024-02-21,186.8349,6977500,184.4691,186.8741,182.4764,0.0080,0.0574,0.1301,0.0307,0.1533,70.8973,0.0369,0.0427,0.0077,0.8350,-0.3779,0.9367,buy
2024-02-22,196.0622,10225900,194.6389,197.8488,193.0584,0.0494,0.0745,0.1707,0.0648,0.2027,73.7100,0.0387,0.0442,0.0086,0.9766,0.4656,1.3683,sell
2024-02-23,193.5395,5108100,195.6598,197.6427,192.9996,-0.0129,0.0524,0.1357,0.0381,0.1812,70.5965,0.0398,0.0460,0.0080,0.8712,-0.5005,0.6933,buy
2024-02-26,199.8121,6466600,196.1310,200.2440,195.4733,0.0324,0.0217,0.0972,0.0617,0.2127,71.9714,0.0356,0.0475,0.0085,0.9364,0.2660,0.8789,hold
2024-02-27,199.1348,5167100,199.9888,200.6858,197.5249,-0.0034,0.0744,0.0952,0.0484,0.2020,73.6474,0.0357,0.0491,0.0080,0.8748,-0.2010,0.7032,sell
2024-02-28,193.9125,6207900,194.8450,195.5224,192.8818,-0.0262,0.0379,0.0974,0.0118,0.1655,67.7270,0.0355,0.0489,0.0054,0.7506,0.2014,0.8394,buy
2024-02-29,197.9176,9449600,196.2390,198.2906,193.6376,0.0207,0.0095,0.0847,0.0244,0.1840,68.1857,0.0348,0.0478,0.0041,0.8003,0.5222,1.2490,buy
2024-03-01,206.3891,7647400,200.0281,207.4983,199.8219,0.0428,0.0664,0.1223,0.0560,0.2274,66.7622,0.0364,0.0485,0.0053,0.9184,-0.1907,0.9876,hold
2024-03-04,205.6431,7089800,208.1070,209.4518,205.2013,-0.0036,0.0292,0.0515,0.0467,0.2162,66.3480,0.0318,0.0500,0.0053,0.8674,-0.0729,0.9019,sell
2024-03-05,203.5816,6100200,203.9350,206.8897,201.0195,-0.0100,0.0223,0.0983,0.0267,0.1970,69.2609,0.0255,0.0501,0.0039,0.7994,-0.1396,0.7743,buy
2024-03-06,208.2738,5642400,206.0946,209.5892,205.2896,0.0230,0.0741,0.1147,0.0392,0.2174,68.7822,0.0258,0.0499,0.0038,0.8670,-0.0750,0.7112,hold
2024-03-07,208.7057,6363100,209.3143,210.3254,207.6259,0.0021,0.0545,0.0645,0.0348,0.2129,68.3172,0.0221,0.0501,0.0033,0.8539,0.1277,0.7958,sell
2024-03-08,201.7852,6940800,208.5781,209.6776,201.6183,-0.0332,-0.0223,0.0426,-0.0036,0.1671,54.9333,0.0249,0.0488,0.0003,0.6832,0.0908,0.8701,sell
2024-03-11,197.6721,6566600,199.5471,199.5471,193.9812,-0.0204,-0.0388,-0.0107,-0.0229,0.1385,60.8358,0.0238,0.0451,-0.0035,0.5633,-0.0539,0.8388,buy
2024-03-12,201.1766,7211300,200.1361,201.2453,195.6794,0.0177,-0.0118,0.0103,-0.0066,0.1532,62.1811,0.0245,0.0416,-0.0049,0.6362,0.0982,0.9204,sell
2024-03-13,196.8770,5050300,199.2428,200.1361,196.2684,-0.0214,-0.0547,0.0153,-0.0292,0.1236,50.7553,0.0239,0.0381,-0.0075,0.4887,-0.2997,0.6643,hold
2024-03-14,197.0635,4934900,198.2219,198.6832,195.3948,0.0009,-0.0558,-0.0043,-0.0279,0.1188,53.4145,0.0230,0.0343,-0.0091,0.4681,-0.0229,0.6644,sell
2024-03-15,195.0021,9936400,195.7776,197.5838,193.3824,-0.0105,-0.0336,-0.0552,-0.0326,0.1013,44.9254,0.0175,0.0304,-0.0107,0.3598,1.0135,1.3261,buy
2024-03-18,197.0439,5062300,197.9765,199.4391,195.9641,0.0105,-0.0032,-0.0418,-0.0183,0.1065,47.8558,0.0182,0.0273,-0.0107,0.4381,-0.4905,0.7265,hold
2024-03-19,197.6427,4624500,195.5223,197.8488,193.6769,0.0030,-0.0176,-0.0292,-0.0124,0.1035,54.2260,0.0182,0.0249,-0.0104,0.4280,-0.0865,0.6966,buy
2024-03-20,201.2944,4278000,197.3089,202.1386,195.1493,0.0185,0.0224,-0.0335,0.0094,0.1173,53.8565,0.0175,0.0239,-0.0086,0.5747,-0.0749,0.6578,buy
2024-03-21,206.9290,6145200,209.4518,210.9635,206.4970,0.0280,0.0501,-0.0085,0.0385,0.1411,50.6593,0.0201,0.0247,-0.0055,0.8408,0.4365,0.9755,hold
2024-03-22,206.3891,3829200,204.6810,207.8321,204.6025,-0.0026,0.0584,0.0228,0.0334,0.1307,50.9156,0.0166,0.0255,-0.0039,0.7856,-0.3769,0.6141,sell
2024-03-25,204.6320,3137600,203.8172,207.4296,203.5423,-0.0085,0.0385,0.0352,0.0211,0.1142,51.2989,0.0152,0.0252,-0.0035,0.6754,-0.1806,0.5170,sell
2024-03-26,202.8748,3607400,205.9375,207.3315,202.7767,-0.0086,0.0265,0.0084,0.0115,0.0981,42.8010,0.0147,0.0241,-0.0039,0.5717,0.1497,0.6021,buy
2024-03-27,204.1804,3123900,204.2197,204.6614,200.1557,0.0064,0.0143,0.0371,0.0143,0.0988,44.1034,0.0125,0.0232,-0.0037,0.6230,-0.1340,0.5352,sell
2024-03-28,202.4429,5750100,203.7484,203.8368,198.9875,-0.0085,-0.0217,0.0273,0.0030,0.0834,50.9908,0.0131,0.0218,-0.0043,0.5097,0.8407,1.0173,buy
2024-04-01,204.8577,3189700,203.1300,207.8812,202.1778,0.0119,-0.0074,0.0505,0.0100,0.0908,61.4090,0.0125,0.0210,-0.0038,0.6600,-0.4453,0.5875,sell
2024-04-02,202.3251,4311400,202.7865,202.7865,199.6649,-0.0124,-0.0113,0.0268,-0.0051,0.0730,51.8816,0.0134,0.0196,-0.0044,0.5177,0.3517,0.8150,buy
2024-04-03,203.5718,3375600,199.8612,205.3093,199.7630,0.0062,0.0034,0.0300,-0.0019,0.0752,62.1873,0.0135,0.0184,-0.0043,0.5943,-0.2171,0.6549,sell
2024-04-04,199.6550,6242800,207.7241,209.1278,197.9666,-0.0192,-0.0222,-0.0081,-0.0203,0.0505,54.1535,0.0139,0.0162,-0.0056,0.3723,0.8494,1.2042,buy
2024-04-05,204.0332,3330700,201.1373,205.6823,201.1373,0.0219,0.0079,-0.0140,0.0026,0.0698,63.4739,0.0126,0.0154,-0.0048,0.6904,-0.4665,0.6618,buy
2024-04-08,205.2013,4435500,208.9511,209.0886,204.3080,0.0057,0.0017,-0.0058,0.0090,0.0719,62.4962,0.0128,0.0152,-0.0039,0.7543,0.3317,0.9039,buy
2024-04-09,206.5461,3659200,207.4689,208.2051,203.8172,0.0066,0.0209,0.0094,0.0146,0.0741,63.3343,0.0126,0.0154,-0.0028,0.8131,-0.1750,0.7684,sell
2024-04-10,205.4074,4645300,205.0541,207.7732,204.2982,-0.0055,0.0090,0.0125,0.0078,0.0637,56.6614,0.0124,0.0151,-0.0026,0.7161,0.2695,1.0025,buy
2024-04-11,209.0689,4291600,205.6136,209.4125,204.5338,0.0178,0.0472,0.0239,0.0233,0.0775,53.7025,0.0134,0.0157,-0.0013,0.9126,-0.0761,0.9339,sell
2024-04-12,204.0430,5854800,204.1804,206.0946,203.1104,-0.0240,0.0000,0.0079,-0.0021,0.0469,46.4864,0.0156,0.0147,-0.0022,0.5624,0.3642,1.2614,sell
2024-04-15,201.9030,4492500,208.0088,210.5218,200.5189,-0.0105,-0.0161,-0.0144,-0.0111,0.0319,45.9593,0.0154,0.0128,-0.0035,0.3672,-0.2327,1.0282,buy
2024-04-16,205.6332,3749200,202.5509,206.5559,201.9717,0.0185,-0.0044,0.0164,0.0055,0.0466,53.8588,0.0160,0.0122,-0.0030,0.6618,-0.1655,0.8712,sell
2024-04-17,196.2193,6350300,202.3054,203.1987,194.4622,-0.0458,-0.0447,-0.0361,-0.0371,-0.0042,40.9223,0.0218,0.0085,-0.0059,-0.1773,0.6938,1.4465,sell
2024-04-18,190.7516,6219400,193.8438,194.7763,189.9663,-0.0279,-0.0876,-0.0446,-0.0598,-0.0344,37.7141,0.0227,0.0030,-0.0095,-0.2776,-0.0206,1.3861,sell
2024-04-19,186.2852,6495200,190.6927,191.1148,184.7047,-0.0234,-0.0870,-0.0870,-0.0737,-0.0588,31.2896,0.0213,-0.0036,-0.0131,-0.2328,0.0443,1.4419,hold
2024-04-22,185.9809,7149800,188.0325,188.2583,183.4286,-0.0016,-0.0789,-0.0937,-0.0663,-0.0619,32.7604,0.0209,-0.0089,-0.0147,-0.0909,0.1008,1.5308,buy
2024-04-23,189.6915,4425900,186.7564,190.9283,186.4815,0.0200,-0.0775,-0.0816,-0.0395,-0.0439,36.0827,0.0224,-0.0111,-0.0134,0.1079,-0.3810,0.9347,buy
2024-04-24,192.4596,4609400,194.3542,195.6990,189.1810,0.0146,-0.0192,-0.0630,-0.0191,-0.0310,42.6153,0.0236,-0.0115,-0.0111,0.2347,0.0415,0.9633,buy
2024-04-25,193.8732,4238300,192.6756,194.8058,190.0448,0.0073,0.0164,-0.0727,-0.0042,-0.0255,38.8972,0.0226,-0.0111,-0.0086,0.3039,-0.0805,0.8755,buy
2024-04-26,199.6452,3933500,193.4118,200.2440,193.4118,0.0298,0.0717,-0.0216,0.0278,0.0018,44.4835,0.0245,-0.0082,-0.0046,0.5101,-0.0719,0.8281,buy
2024-04-29,201.4907,2789200,199.7728,201.5201,198.0746,0.0092,0.0834,-0.0020,0.0375,0.0092,45.0299,0.0245,-0.0053,-0.0013,0.5817,-0.2909,0.5897,sell
2024-04-30,195.0021,3898200,199.9299,202.0503,194.9236,-0.0322,0.0280,-0.0517,0.0096,-0.0232,40.7440,0.0255,-0.0057,-0.0013,0.3647,0.3976,0.8278,sell
2024-05-01,190.4277,5815500,192.4793,196.9948,189.1515,-0.0235,-0.0106,-0.0295,-0.0111,-0.0466,33.6828,0.0223,-0.0079,-0.0027,0.2315,0.4918,1.2037,buy
2024-05-02,194.2757,3523200,192.6560,194.8352,189.7307,0.0202,0.0021,0.0185,0.0071,-0.0281,41.2704,0.0215,-0.0077,-0.0021,0.3751,-0.3942,0.7504,buy
2024-05-03,200.3422,3818500,198.2906,201.5005,196.2782,0.0312,0.0035,0.0755,0.0310,0.0019,48.6965,0.0212,-0.0049,0.0004,0.5922,0.0838,0.8091,buy
2024-05-06,205.0246,3638500,201.5398,205.3387,200.5483,0.0234,0.0175,0.1024,0.0449,0.0241,49.4997,0.0215,-0.0009,0.0034,0.7571,-0.0471,0.7775,sell
2024-05-07,203.5129,3200900,205.3976,205.6234,203.4147,-0.0074,0.0436,0.0729,0.0299,0.0162,56.8911,0.0218,0.0015,0.0047,0.7144,-0.1203,0.6873,hold
2024-05-08,203.5522,2932300,202.1288,204.1411,200.9901,0.0002,0.0689,0.0576,0.0243,0.0159,63.4767,0.0217,0.0034,0.0053,0.7223,-0.0839,0.6415,hold
2024-05-09,202.5411,2758200,203.5521,204.4258,201.9423,-0.0050,0.0425,0.0447,0.0148,0.0100,68.4575,0.0220,0.0045,0.0051,0.7109,-0.0594,0.6137,buy
2024-05-10,205.8786,3502900,204.9657,208.6665,204.6908,0.0165,0.0276,0.0312,0.0283,0.0258,71.1366,0.0207,0.0065,0.0057,0.8315,0.2700,0.8003,sell
2024-05-13,202.8356,3526900,204.5730,204.6418,201.6674,-0.0148,-0.0107,0.0067,0.0125,0.0110,64.1633,0.0213,0.0070,0.0049,0.7119,0.0069,0.8148,buy
2024-05-14,205.9670,3442200,202.0601,206.2418,200.9508,0.0154,0.0121,0.0562,0.0225,0.0266,64.4417,0.0182,0.0083,0.0050,0.8293,-0.0240,0.7980,buy
2024-05-15,213.4961,5820900,208.5978,213.6139,206.9781,0.0366,0.0489,0.1211,0.0479,0.0631,68.5540,0.0174,0.0118,0.0069,1.0109,0.6910,1.3578,sell
2024-05-16,210.0996,7977900,214.2127,214.7330,209.9917,-0.0159,0.0373,0.0815,0.0233,0.0460,60.3498,0.0191,0.0136,0.0069,0.8543,0.3706,1.8236,sell
2024-05-17,208.1855,8031800,212.4261,215.3318,206.3694,-0.0091,0.0112,0.0391,0.0101,0.0365,56.6188,0.0178,0.0141,0.0059,0.7701,0.0068,1.8042,buy
2024-05-20,215.9109,5954500,208.2542,217.6779,208.2149,0.0371,0.0645,0.0531,0.0421,0.0734,70.1781,0.0199,0.0166,0.0069,0.9814,-0.2586,1.3558,hold
2024-05-21,215.7637,3918200,213.9968,216.2153,211.8470,-0.0007,0.0476,0.0602,0.0352,0.0708,76.7351,0.0195,0.0187,0.0072,0.9283,-0.3420,0.8973,hold
2024-05-22,214.5344,5047000,216.8651,217.0716,212.6462,-0.0057,0.0049,0.0540,0.0239,0.0633,72.6279,0.0198,0.0197,0.0066,0.8504,0.2881,1.1501,hold
2024-05-23,214.3377,5806600,221.2709,221.3397,212.7446,-0.0009,0.0202,0.0582,0.0173,0.0605,67.9914,0.0196,0.0202,0.0056,0.8126,0.1505,1.2999,buy
2024-05-24,217.2290,3795700,216.5504,219.4220,215.0163,0.0135,0.0434,0.0551,0.0255,0.0726,66.4463,0.0195,0.0212,0.0054,0.8637,-0.3463,0.8511,hold
2024-05-28,217.6519,5509400,218.4681,219.5204,216.2357,0.0019,0.0081,0.0730,0.0203,0.0723,69.6293,0.0182,0.0220,0.0050,0.8363,0.4515,1.1987,sell
2024-05-29,215.4195,4718800,213.9837,216.9930,213.5608,-0.0103,-0.0016,0.0459,0.0054,0.0594,65.5299,0.0187,0.0218,0.0037,0.7440,-0.1435,1.0176,sell
2024-05-30,212.9511,4059200,214.3574,216.0489,211.9284,-0.0115,-0.0074,-0.0026,-0.0059,0.0457,63.1223,0.0155,0.0205,0.0018,0.6495,-0.1398,0.8923,sell
2024-05-31,211.5153,13548700,213.1576,214.8885,205.5558,-0.0067,-0.0132,0.0067,-0.0132,0.0376,57.4631,0.0147,0.0187,-0.0001,0.5737,2.3378,2.6827,hold
2024-06-03,210.6597,3828100,214.7115,214.7311,205.4672,-0.0040,-0.0302,0.0119,-0.0183,0.0330,60.9964,0.0144,0.0167,-0.0018,0.5146,-0.7175,0.7579,sell
2024-06-04,208.7027,4379600,210.2565,210.7974,205.5656,-0.0093,-0.0411,-0.0334,-0.0242,0.0232,53.9762,0.0074,0.0143,-0.0035,0.4101,0.1441,0.8608,buy
2024-06-05,219.6679,7887900,215.9604,220.9955,214.5738,0.0525,0.0197,0.0181,0.0252,0.0754,58.1556,0.0192,0.0155,-0.0011,0.8995,0.8011,1.4820,sell
2024-06-06,218.0748,3951200,217.9961,219.5597,215.3900,-0.0073,0.0241,0.0165,0.0161,0.0660,61.0660,0.0193,0.0163,-0.0003,0.7957,-0.4991,0.7353,hold
2024-06-07,218.0551,3627200,220.4940,220.8283,216.4324,-0.0001,0.0309,0.0173,0.0142,0.0644,64.4546,0.0193,0.0167,0.0001,0.7761,-0.0820,0.6696,buy
2024-06-10,224.3785,4796900,216.0686,225.0374,215.9899,0.0290,0.0651,0.0329,0.0402,0.0930,62.9323,0.0209,0.0186,0.0019,1.0223,0.3225,0.8751,buy
2024-06-11,226.1585,4768600,223.5033,226.2569,220.9169,0.0079,0.0836,0.0391,0.0443,0.0994,65.1216,0.0209,0.0207,0.0033,1.0488,-0.0059,0.8602,buy
2024-06-12,233.7112,5573500,227.5943,234.4488,226.9551,0.0334,0.0639,0.0849,0.0702,0.1326,73.5622,0.0221,0.0241,0.0058,1.2013,0.1688,0.9864,hold
2024-06-13,233.6129,3682400,227.6337,234.4095,227.5845,-0.0004,0.0713,0.0970,0.0597,0.1289,73.7404,0.0213,0.0270,0.0070,1.0609,-0.3393,0.6643,hold
2024-06-14,233.1015,3306500,230.2004,234.3111,229.7480,-0.0022,0.0690,0.1021,0.0471,0.1228,70.7669,0.0209,0.0288,0.0070,0.9657,-0.1021,0.6227,buy
2024-06-17,238.8349,4974600,232.7475,239.2479,232.3541,0.0246,0.0644,0.1337,0.0595,0.1465,74.3335,0.0208,0.0311,0.0078,1.0420,0.5045,0.9647,buy
2024-06-18,243.7225,5256900,238.7562,245.2861,238.0776,0.0205,0.0777,0.1678,0.0646,0.1657,80.6431,0.0193,0.0340,0.0089,1.0524,0.0567,1.0264,sell
2024-06-20,236.0125,7045000,242.9063,243.7225,234.7045,-0.0316,0.0098,0.0744,0.0236,0.1256,72.4231,0.0199,0.0349,0.0073,0.8234,0.3401,1.3347,sell
2024-06-21,231.5083,15289800,234.3701,234.5275,228.9711,-0.0191,-0.0090,0.0616,-0.0017,0.1014,68.3450,0.0212,0.0335,0.0043,0.6958,1.1703,2.6406,sell
2024-06-24,226.0307,5928700,229.1383,231.5084,225.6275,-0.0237,-0.0303,0.0366,-0.0287,0.0736,63.0012,0.0232,0.0303,0.0003,0.5528,-0.6122,1.0228,buy
2024-06-25,230.3873,4594900,227.2108,230.6626,224.7522,0.0193,-0.0354,0.0268,-0.0125,0.0916,67.6259,0.0222,0.0278,-0.0013,0.6427,-0.2250,0.7873,sell
2024-06-26,228.3221,4818700,231.1052,232.9933,226.9748,-0.0090,-0.0632,0.0096,-0.0223,0.0791,58.2243,0.0224,0.0255,-0.0031,0.5804,0.0487,0.8305,hold
2024-06-27,228.6761,4309600,233.5637,233.8784,227.9582,0.0016,-0.0311,-0.0215,-0.0186,0.0784,60.3178,0.0193,0.0234,-0.0042,0.5745,-0.1057,0.7454,buy
2024-06-28,232.0788,6387400,231.4494,237.2909,230.0332,0.0149,0.0025,-0.0066,-0.0034,0.0908,62.8053,0.0201,0.0222,-0.0039,0.6411,0.4821,1.0830,hold
2024-07-01,233.4752,4239600,232.9343,234.4095,229.2170,0.0060,0.0329,0.0016,0.0024,0.0929,59.1277,0.0202,0.0217,-0.0034,0.6586,-0.3363,0.7804,buy
2024-07-02,236.8680,3510600,231.1248,237.0057,231.1248,0.0145,0.0281,-0.0082,0.0179,0.1036,60.4091,0.0190,0.0221,-0.0022,0.7358,-0.1720,0.6481,buy
2024-07-03,239.2774,2768800,237.6351,240.6641,235.8748,0.0102,0.0480,-0.0182,0.0302,0.1093,56.0110,0.0180,0.0229,-0.0009,0.8081,-0.2113,0.5189,hold
2024-07-05,238.5694,4076200,240.6346,240.6641,236.8779,-0.0030,0.0433,0.0108,0.0260,0.1010,55.2830,0.0147,0.0232,-0.0005,0.7598,0.4722,0.7922,buy
2024-07-08,242.2080,3782100,239.0807,243.0833,239.0807,0.0153,0.0436,0.0462,0.0369,0.1127,59.0998,0.0134,0.0241,0.0006,0.8710,-0.0722,0.7363,buy
2024-07-09,247.3022,4889900,243.8897,247.9512,243.3783,0.0210,0.0592,0.0941,0.0492,0.1306,58.5706,0.0099,0.0259,0.0023,1.0299,0.2929,0.9404,buy
2024-07-10,250.7442,4258100,248.8068,251.6489,246.5056,0.0139,0.0586,0.0884,0.0546,0.1410,57.3216,0.0094,0.0281,0.0038,1.0632,-0.1292,0.8231,sell
2024-07-11,237.2614,5623800,251.3343,251.3343,237.1041,-0.0538,-0.0084,0.0392,-0.0058,0.0761,51.1624,0.0215,0.0269,0.0010,0.5460,0.3207,1.0782,buy
2024-07-12,239.3660,5396300,237.6056,244.6470,236.5534,0.0089,0.0033,0.0467,-0.0015,0.0813,57.6548,0.0216,0.0249,-0.0006,0.6170,-0.0405,1.0364,buy
2024-07-15,241.4803,3674300,240.4674,244.6863,239.5725,0.0088,-0.0030,0.0405,0.0034,0.0859,66.1062,0.0213,0.0238,-0.0012,0.6824,-0.3191,0.7057,hold
2024-07-16,241.7655,4124800,242.8670,243.4177,237.9301,0.0012,-0.0224,0.0355,0.0012,0.0825,62.9621,0.0214,0.0229,-0.0017,0.6758,0.1226,0.7860,sell
2024-07-17,216.4226,10538900,227.4075,229.4530,216.1177,-0.1048,-0.1369,-0.0863,-0.0961,-0.0323,41.1420,0.0399,0.0151,-0.0098,-0.1166,1.5550,1.9072,hold
2024-07-18,214.0427,7715800,218.4681,218.6452,209.7156,-0.0110,-0.0979,-0.1055,-0.0965,-0.0438,39.4258,0.0394,0.0060,-0.0154,-0.0617,-0.2679,1.3660,sell
2024-07-19,206.7752,6517100,213.8952,214.6623,206.1950,-0.0340,-0.1362,-0.1333,-0.1154,-0.0765,32.6827,0.0400,-0.0043,-0.0211,-0.0965,-0.1554,1.1592,buy
2024-07-22,219.7663,7515600,212.6462,220.3760,209.8238,0.0628,-0.0899,-0.0927,-0.0507,-0.0199,41.9029,0.0461,-0.0069,-0.0182,0.2209,0.1532,1.4360,sell
2024-07-23,216.0096,3635300,216.7963,218.2715,214.9966,-0.0171,-0.1065,-0.1265,-0.0541,-0.0378,37.7328,0.0449,-0.0107,-0.0178,0.1646,-0.5163,0.7102,sell
2024-07-24,203.1070,9263400,213.7673,214.1607,202.1236,-0.0597,-0.0615,-0.1900,-0.0916,-0.0951,31.0647,0.0462,-0.0194,-0.0215,-0.0071,1.5482,1.7307,sell
2024-07-25,198.9668,9961400,203.7167,205.7426,197.0098,-0.0204,-0.0704,-0.1614,-0.0947,-0.1132,29.9871,0.0446,-0.0276,-0.0238,0.0069,0.0754,1.7758,buy
2024-07-26,203.0480,5209000,203.5594,204.9067,199.4487,0.0205,-0.0180,-0.1517,-0.0606,-0.0948,30.2989,0.0455,-0.0311,-0.0219,0.1210,-0.4771,0.9212,hold
2024-07-29,202.1629,4199200,204.8477,209.0076,201.4942,-0.0044,-0.0801,-0.1628,-0.0473,-0.0978,26.2864,0.0449,-0.0344,-0.0202,0.1503,-0.1939,0.7573,sell
2024-07-30,193.4793,7652600,204.8083,205.7032,192.1025,-0.0430,-0.1043,-0.1997,-0.0670,-0.1353,21.4866,0.0451,-0.0418,-0.0215,0.0872,0.8224,1.3389,buy
2024-07-31,208.6830,11123700,202.6842,209.3419,201.1107,0.0786,0.0275,-0.0358,0.0101,-0.0674,36.0100,0.0446,-0.0367,-0.0143,0.3095,0.4536,1.8247,sell
2024-08-01,193.0466,11268300,200.7468,205.6148,189.1325,-0.0749,-0.0298,-0.0981,-0.0560,-0.1355,29.9779,0.0501,-0.0440,-0.0158,0.1461,0.0130,1.7279,sell
2024-08-02,178.7967,12991600,184.7563,186.4281,176.6528,-0.0738,-0.1194,-0.1353,-0.1136,-0.1966,25.4771,0.0538,-0.0569,-0.0212,0.0404,0.1529,1.8647,hold
2024-08-05,178.8754,10079100,172.2569,184.0679,168.7657,0.0004,-0.1152,-0.1861,-0.0948,-0.1937,25.3564,0.0472,-0.0636,-0.0223,0.0952,-0.2242,1.3841,hold
2024-08-06,180.2719,5803900,180.2817,185.3857,177.3117,0.0078,-0.0683,-0.1654,-0.0710,-0.1849,32.5617,0.0480,-0.0670,-0.0208,0.1467,-0.4242,0.7921,sell
2024-08-07,175.5514,6652100,186.8510,188.2278,174.9908,-0.0262,-0.1588,-0.1357,-0.0823,-0.2032,31.8426,0.0458,-0.0732,-0.0207,0.1237,0.1461,0.8932,buy
2024-08-08,187.3918,8637100,182.1895,187.6672,178.1870,0.0674,-0.0293,-0.0582,-0.0144,-0.1472,41.2345,0.0523,-0.0661,-0.0135,0.2850,0.2984,1.1368,hold
2024-08-09,188.0114,5050800,186.8608,190.1159,184.9333,0.0033,0.0515,-0.0741,-0.0033,-0.1422,33.8307,0.0516,-0.0629,-0.0084,0.3113,-0.4152,0.6663,hold
2024-08-12,189.8898,5568100,188.3261,193.1449,187.1952,0.0100,0.0616,-0.0607,0.0133,-0.1318,36.4407,0.0519,-0.0584,-0.0036,0.3527,0.1024,0.7254,buy
2024-08-13,197.4720,6198900,193.1842,198.4849,190.5093,0.0399,0.0954,0.0206,0.0515,-0.0960,46.9037,0.0518,-0.0496,0.0025,0.4979,0.1133,0.7969,hold
2024-08-14,198.2882,5377900,199.3306,201.4155,194.4528,0.0041,0.1295,-0.0498,0.0617,-0.0912,49.6130,0.0446,-0.0434,0.0068,0.5312,-0.1324,0.7150,buy
2024-08-15,208.3192,12073500,203.8741,209.4698,201.7302,0.0506,0.1117,0.0791,0.1064,-0.0452,52.8151,0.0399,-0.0325,0.0122,0.7376,1.2450,1.5601,sell
2024-08-16,204.4543,11644600,201.5532,205.4279,197.8457,-0.0186,0.0875,0.1435,0.0713,-0.0616,51.1860,0.0298,-0.0272,0.0147,0.6641,-0.0355,1.4564,buy
2024-08-19,207.4439,5285400,203.5692,207.6111,199.1438,0.0146,0.0924,0.1597,0.0709,-0.0470,57.6807,0.0294,-0.0208,0.0164,0.7561,-0.5461,0.6704,sell
2024-08-20,202.7431,4860300,205.8212,207.0997,200.9631,-0.0227,0.0267,0.1247,0.0346,-0.0672,46.3063,0.0318,-0.0181,0.0160,0.6824,-0.0804,0.6117,buy
2024-08-21,205.6541,4460500,204.6018,206.5195,203.1464,0.0144,0.0371,0.1715,0.0336,-0.0522,59.3141,0.0288,-0.0140,0.0157,0.7453,-0.0823,0.5789,sell
2024-08-22,197.2592,6621900,205.5654,207.2503,196.5104,-0.0408,-0.0531,0.0527,-0.0135,-0.0885,64.9314,0.0277,-0.0147,0.0130,0.5518,0.4846,0.8785,buy
2024-08-23,199.6929,5296400,199.1904,202.8065,197.2395,0.0123,-0.0233,0.0621,-0.0071,-0.0743,66.2183,0.0278,-0.0135,0.0111,0.6137,-0.2002,0.7022,sell
2024-08-26,193.3475,7333900,197.7223,198.3037,192.2834,-0.0318,-0.0680,0.0182,-0.0403,-0.1004,59.4575,0.0302,-0.0155,0.0079,0.4740,0.3847,0.9526,hold
2024-08-27,192.8943,6632500,191.9188,193.9092,188.9728,-0.0023,-0.0486,-0.0232,-0.0404,-0.0991,63.3693,0.0272,-0.0168,0.0053,0.4639,-0.0956,0.8672,sell
2024-08-28,190.0566,6412500,191.8203,193.7515,187.9973,-0.0147,-0.0758,-0.0415,-0.0506,-0.1083,52.3853,0.0274,-0.0191,0.0027,0.4141,-0.0332,0.8651,hold
2024-08-29,190.1453,6730300,193.7811,195.3970,188.8545,0.0005,-0.0361,-0.0872,-0.0415,-0.1034,51.9284,0.0198,-0.0204,0.0011,0.4202,0.0496,0.9366,buy
2024-08-30,194.3624,7313800,194.6285,194.9339,189.7216,0.0222,-0.0267,-0.0494,-0.0152,-0.0799,53.8781,0.0217,-0.0190,0.0016,0.5068,0.0867,1.0597,sell
2024-09-03,180.6765,12163400,190.2438,191.2193,179.8192,-0.0704,-0.0655,-0.1290,-0.0719,-0.1405,36.8312,0.0288,-0.0255,-0.0026,0.1334,0.6631,1.7362,hold
2024-09-04,179.7010,6378100,177.3461,181.6125,174.8237,-0.0054,-0.0684,-0.1137,-0.0659,-0.1414,35.4627,0.0286,-0.0297,-0.0054,0.1097,-0.4756,0.9067,sell
2024-09-05,177.5924,6495000,176.4101,181.0410,175.2770,-0.0117,-0.0656,-0.1365,-0.0632,-0.1472,22.5688,0.0272,-0.0339,-0.0074,0.0397,0.0183,0.9243,sell
2024-09-06,172.1831,8887900,176.8633,178.0555,170.8431,-0.0305,-0.0945,-0.1271,-0.0796,-0.1687,21.9631,0.0262,-0.0402,-0.0103,-0.0212,0.3684,1.2626,buy
2024-09-09,174.9420,7492500,174.4986,175.9273,172.0057,0.0160,-0.0999,-0.1239,-0.0523,-0.1509,21.6490,0.0266,-0.0419,-0.0100,0.0924,-0.1570,1.0462,hold
2024-09-10,175.4346,5367900,175.3558,175.8878,171.5525,0.0028,-0.0290,-0.0926,-0.0403,-0.1438,24.2918,0.0262,-0.0429,-0.0088,0.1416,-0.2836,0.7506,buy
2024-09-11,183.2087,8187100,177.5924,183.6718,172.8334,0.0443,0.0195,-0.0502,0.0076,-0.1015,30.6424,0.0312,-0.0380,-0.0043,0.3252,0.5252,1.1291,sell
2024-09-12,180.5188,8011700,181.6519,182.4106,177.4052,-0.0147,0.0165,-0.0502,-0.0020,-0.1098,33.9868,0.0312,-0.0369,-0.0022,0.2890,-0.0214,1.0852,buy
2024-09-13,185.7015,4851300,182.5781,186.0267,182.2332,0.0287,0.0785,-0.0234,0.0292,-0.0793,37.2851,0.0330,-0.0320,0.0014,0.4170,-0.3945,0.6909,hold
2024-09-16,184.8246,5915800,182.2825,185.1498,180.4498,-0.0047,0.0565,-0.0491,0.0298,-0.0788,41.3999,0.0319,-0.0291,0.0036,0.4152,0.2194,0.8784,hold
2024-09-17,185.8197,4026100,186.7164,187.7017,183.2481,0.0054,0.0592,0.0285,0.0324,-0.0686,42.9386,0.0219,-0.0258,0.0053,0.4605,-0.3194,0.6034,sell
2024-09-18,183.4058,4266900,187.9579,188.8447,183.0215,-0.0130,0.0011,0.0206,0.0169,-0.0747,43.3049,0.0224,-0.0244,0.0057,0.4169,0.0598,0.6424,buy
2024-09-19,193.8205,7326100,191.6922,195.4167,190.0763,0.0568,0.0737,0.0914,0.0650,-0.0166,53.0629,0.0275,-0.0173,0.0090,0.7541,0.7170,1.0797,sell
2024-09-20,189.3373,14306900,191.4952,192.6578,186.6869,-0.0231,0.0196,0.0996,0.0307,-0.0346,45.8306,0.0264,-0.0147,0.0098,0.6319,0.9529,1.9954,buy
2024-09-23,191.1897,4457900,191.5641,192.7662,189.8596,0.0098,0.0344,0.0929,0.0316,-0.0203,60.8545,0.0263,-0.0113,0.0104,0.7273,-0.6884,0.6254,buy
2024-09-24,193.8895,4849700,193.6234,194.9438,190.9138,0.0141,0.0434,0.1052,0.0359,-0.0016,64.1454,0.0263,-0.0074,0.0112,0.8232,0.0879,0.6925,hold
2024-09-25,194.4117,5060100,192.4213,197.3479,192.4213,0.0027,0.0600,0.0611,0.0325,0.0059,67.3159,0.0234,-0.0041,0.0115,0.8345,0.0434,0.7307,buy
2024-09-26,206.5310,7849800,207.7232,209.0337,199.5254,0.0623,0.0656,0.1441,0.0819,0.0698,81.0696,0.0280,0.0033,0.0143,1.1123,0.5513,1.1219,sell
2024-09-27,201.9099,4524800,207.9794,208.2258,201.0034,-0.0224,0.0664,0.0873,0.0488,0.0471,73.5989,0.0296,0.0072,0.0148,0.9229,-0.4236,0.6570,sell
2024-09-30,199.0820,5746000,198.0475,201.3088,195.7714,-0.0140,0.0413,0.0771,0.0265,0.0333,69.8807,0.0302,0.0091,0.0135,0.8292,0.2699,0.8440,sell
2024-10-01,194.3033,6930100,200.4221,201.0625,190.7956,-0.0240,0.0021,0.0457,-0.0025,0.0112,59.8221,0.0319,0.0087,0.0106,0.6833,0.2061,1.0586,buy
2024-10-02,198.1953,5536600,194.9240,201.5059,193.8501,0.0200,0.0195,0.0806,0.0098,0.0333,65.3229,0.0315,0.0096,0.0091,0.7589,-0.2011,0.8512,hold
2024-10-03,196.6582,3813300,194.8058,200.1462,194.8058,-0.0078,-0.0478,0.0146,0.0005,0.0260,60.1386,0.0267,0.0097,0.0074,0.6973,-0.3113,0.5986,buy
2024-10-04,199.0032,4131100,201.6143,201.9099,196.5794,0.0119,-0.0144,0.0511,0.0075,0.0382,62.7730,0.0254,0.0105,0.0065,0.7416,0.0833,0.6736,sell
2024-10-07,197.1903,3711100,196.4513,198.6288,195.3182,-0.0091,-0.0095,0.0314,-0.0047,0.0294,60.0945,0.0257,0.0104,0.0052,0.6716,-0.1017,0.6244,hold
2024-10-08,197.9293,3616100,197.1903,199.5747,195.7517,0.0037,0.0187,0.0208,-0.0030,0.0337,63.2889,0.0254,0.0104,0.0042,0.6793,-0.0256,0.6175,buy
2024-10-09,202.0478,4141600,198.4416,202.5700,197.6829,0.0208,0.0194,0.0393,0.0139,0.0543,58.5082,0.0261,0.0118,0.0045,0.7954,0.1453,0.7326,hold
2024-10-10,200.9640,3796800,198.0672,201.2498,197.0129,-0.0054,0.0219,-0.0270,0.0112,0.0495,62.9329,0.0162,0.0125,0.0041,0.7396,-0.0833,0.6976,buy
2024-10-11,202.0478,2604100,199.1707,204.1860,199.1707,0.0054,0.0153,0.0007,0.0166,0.0542,62.2881,0.0148,0.0132,0.0039,0.7573,-0.3141,0.4885,buy
2024-10-14,210.7482,5239300,203.9200,211.1029,203.9200,0.0431,0.0688,0.0586,0.0542,0.0959,66.7976,0.0191,0.0164,0.0060,1.0269,1.0119,0.9892,sell
2024-10-15,188.2141,16613200,210.5412,212.5315,186.7854,-0.1069,-0.0491,-0.0313,-0.0556,-0.0222,45.7076,0.0400,0.0119,0.0002,0.1532,2.1709,2.8034,sell
2024-10-16,181.8785,10972600,190.3818,190.3818,181.1987,-0.0337,-0.0998,-0.0823,-0.0799,-0.0553,31.4392,0.0403,0.0042,-0.0064,-0.0765,-0.3395,1.7524,hold
2024-10-17,180.5484,9727100,187.2091,187.9973,180.3119,-0.0073,-0.1016,-0.0819,-0.0791,-0.0627,33.0784,0.0403,-0.0029,-0.0108,-0.0263,-0.1135,1.5243,buy
2024-10-18,183.6225,5758600,183.5437,184.0462,181.9278,0.0170,-0.0912,-0.0773,-0.0560,-0.0464,37.8013,0.0406,-0.0069,-0.0118,0.1059,-0.4080,0.9672,hold
2024-10-21,181.7505,4918100,183.4255,183.9674,181.3957,-0.0102,-0.1376,-0.0783,-0.0582,-0.0555,39.6187,0.0406,-0.0110,-0.0127,0.0910,-0.1460,0.8228,hold
2024-10-22,180.3119,6753600,181.8884,182.5584,179.8882,-0.0079,-0.0420,-0.0890,-0.0570,-0.0620,34.5847,0.0404,-0.0147,-0.0131,0.0998,0.3732,1.1122,hold
2024-10-23,180.0163,6015200,179.2773,181.0410,177.1491,-0.0016,-0.0102,-0.1090,-0.0476,-0.0619,35.3411,0.0392,-0.0176,-0.0128,0.1351,-0.1093,0.9829,hold
2024-10-24,181.0509,6122100,184.1349,185.0414,180.5385,0.0057,0.0028,-0.0991,-0.0319,-0.0548,33.8131,0.0395,-0.0190,-0.0114,0.1935,0.0178,1.0147,buy
2024-10-25,183.7802,4794700,183.7506,186.4208,183.4353,0.0151,0.0009,-0.0904,-0.0076,-0.0381,38.1052,0.0401,-0.0185,-0.0088,0.2868,-0.2168,0.7929,hold
2024-10-28,182.6175,4101000,183.7802,184.8837,181.7012,-0.0063,0.0048,-0.1335,0.0013,-0.0419,36.5197,0.0358,-0.0188,-0.0072,0.2794,-0.1447,0.6875,buy
2024-10-29,187.3273,6007400,182.6175,188.7166,181.9377,0.0258,0.0389,-0.0047,0.0276,-0.0152,37.1738,0.0170,-0.0162,-0.0039,0.4103,0.4649,1.0150,sell
2024-10-30,182.5781,5851300,184.2532,185.4257,181.9869,-0.0254,0.0142,0.0038,0.0012,-0.0381,34.9419,0.0153,-0.0168,-0.0034,0.3078,-0.0260,0.9860,sell
2024-10-31,178.9128,7307500,182.4894,182.4894,176.6465,-0.0201,-0.0118,-0.0091,-0.0180,-0.0547,31.8210,0.0165,-0.0187,-0.0040,0.2406,0.2489,1.1962,buy
2024-11-01,180.6863,6318900,179.1591,182.7456,178.5580,0.0099,-0.0168,-0.0160,-0.0067,-0.0437,23.4926,0.0158,-0.0188,-0.0034,0.3066,-0.1353,1.0161,sell
2024-11-04,179.1492,3857600,180.5089,181.1593,177.8092,-0.0085,-0.0190,-0.0143,-0.0137,-0.0498,37.3069,0.0157,-0.0196,-0.0033,0.2894,-0.3895,0.6196,buy
2024-11-05,183.7408,4053000,180.6075,184.0068,180.4104,0.0256,-0.0191,0.0190,0.0096,-0.0244,52.7415,0.0176,-0.0174,-0.0012,0.4238,0.0507,0.6487,buy
2024-11-06,184.7655,6393300,186.1844,186.5982,182.0362,0.0056,0.0120,0.0264,0.0126,-0.0181,56.2646,0.0176,-0.0153,0.0006,0.4720,0.5774,1.0052,buy
2024-11-07,191.2390,5274700,188.1550,191.4755,188.1550,0.0350,0.0689,0.0563,0.0423,0.0162,60.2766,0.0204,-0.0105,0.0040,0.6872,-0.1750,0.8198,sell
2024-11-08,189.2092,4767300,189.4654,191.2488,188.4604,-0.0106,0.0472,0.0295,0.0282,0.0055,60.0212,0.0207,-0.0079,0.0054,0.6635,-0.0962,0.7287,sell
2024-11-11,185.7902,5475200,189.4851,190.3621,183.7211,-0.0181,0.0371,0.0174,0.0079,-0.0118,56.9885,0.0216,-0.0072,0.0050,0.6754,0.1485,0.8354,sell
2024-11-12,183.8689,5478400,185.9380,186.9627,181.7603,-0.0103,0.0007,-0.0185,-0.0007,-0.0224,54.7188,0.0201,-0.0074,0.0040,0.5555,0.0006,0.9135,sell
2024-11-13,180.1049,8634600,181.3662,182.7554,179.8389,-0.0205,-0.0252,-0.0135,-0.0198,-0.0424,48.9140,0.0196,-0.0092,0.0019,0.2790,0.5761,1.4683,buy
2024-11-14,183.2678,11747400,184.0363,184.8640,182.3712,0.0176,-0.0417,0.0243,-0.0050,-0.0262,49.4175,0.0191,-0.0089,0.0016,0.5060,0.3605,1.9640,sell
2024-11-15,166.3993,16287500,165.8672,171.5131,164.8721,-0.0920,-0.1206,-0.0791,-0.0895,-0.1153,36.4147,0.0352,-0.0176,-0.0048,-0.2992,0.3865,2.5027,buy
2024-11-18,168.2221,8324400,165.2169,169.1483,164.3991,0.0110,-0.0946,-0.0610,-0.0740,-0.1049,33.1830,0.0357,-0.0224,-0.0078,-0.0691,-0.4889,1.2465,hold
2024-11-19,166.8230,8651100,165.8672,167.4635,165.0297,-0.0083,-0.0927,-0.0921,-0.0730,-0.1116,35.2627,0.0339,-0.0270,-0.0098,-0.0229,0.0392,1.2773,hold
2024-11-20,167.9856,6197300,166.8230,168.0250,164.6060,0.0070,-0.0673,-0.0908,-0.0578,-0.1039,39.2767,0.0340,-0.0293,-0.0098,0.0795,-0.2836,0.9138,buy
2024-11-21,173.5756,8917400,169.1017,174.8793,168.9338,0.0333,-0.0529,-0.0924,-0.0167,-0.0734,43.5082,0.0338,-0.0274,-0.0068,0.2863,0.4389,1.2883,hold
2024-11-22,172.7164,4242600,172.9534,173.9015,171.2349,-0.0050,0.0380,-0.0872,-0.0123,-0.0767,44.0535,0.0338,-0.0268,-0.0049,0.2794,-0.5242,0.6154,hold
2024-11-25,172.3905,8926500,174.5237,174.9978,169.8029,-0.0019,0.0248,-0.0721,-0.0066,-0.0772,38.6094,0.0337,-0.0262,-0.0034,0.2888,1.1040,1.2510,hold
2024-11-26,171.0572,6517100,173.1707,173.3189,168.8153,-0.0077,0.0254,-0.0697,-0.0069,-0.0829,36.3277,0.0336,-0.0262,-0.0026,0.2698,-0.2699,0.9101,sell
2024-11-27,169.2004,4348700,171.0572,171.1954,166.6721,-0.0109,0.0072,-0.0605,-0.0115,-0.0915,25.7898,0.0333,-0.0269,-0.0024,0.2371,-0.3327,0.6137,buy
2024-11-29,172.5485,5944400,174.1978,176.2225,172.1040,0.0198,-0.0059,-0.0585,0.0144,-0.0714,32.2128,0.0335,-0.0248,-0.0006,0.3551,0.3669,0.8470,buy
2024-12-02,181.0026,9100600,173.3089,181.9902,172.5485,0.0490,0.0480,0.0878,0.0551,-0.0250,45.3848,0.0200,-0.0185,0.0036,0.6215,0.5310,1.2716,hold
2024-12-03,180.8940,5939900,178.9681,180.9927,178.5631,-0.0006,0.0493,0.0753,0.0467,-0.0245,47.0284,0.0202,-0.0143,0.0063,0.6148,-0.3473,0.8180,sell
2024-12-04,178.9187,5819800,183.0470,183.4025,178.2175,-0.0109,0.0460,0.0725,0.0281,-0.0336,48.7711,0.0204,-0.0118,0.0072,0.5614,-0.0202,0.7919,sell
2024-12-05,169.9016,8663800,174.3558,177.2002,168.4400,-0.0504,0.0041,0.0114,-0.0248,-0.0799,37.6517,0.0274,-0.0144,0.0045,0.2950,0.4887,1.1609,hold
2024-12-06,170.8794,6058500,170.0300,171.1757,169.2301,0.0058,-0.0097,-0.0155,-0.0177,-0.0710,55.8593,0.0251,-0.0152,0.0029,0.3438,-0.3007,0.8076,hold
2024-12-09,169.7338,7647100,169.8424,172.3411,168.1042,-0.0067,-0.0623,-0.0173,-0.0226,-0.0740,52.0127,0.0251,-0.0164,0.0014,0.3186,0.2622,1.0001,sell
2024-12-10,166.0894,8230900,171.3534,171.7287,165.3684,-0.0215,-0.0818,-0.0366,-0.0401,-0.0906,49.0783,0.0259,-0.0192,-0.0007,0.1939,0.0763,1.0574,buy
2024-12-11,169.0128,6698600,167.6301,171.0572,167.3931,0.0176,-0.0554,-0.0120,-0.0220,-0.0720,51.2358,0.0267,-0.0191,-0.0008,0.3363,-0.1862,0.8539,sell
2024-12-12,166.9881,6108500,167.6005,168.0054,164.7462,-0.0120,-0.0171,-0.0131,-0.0325,-0.0800,41.3309,0.0267,-0.0203,-0.0014,0.2651,-0.0881,0.7914,hold
2024-12-13,167.2548,7051700,167.0079,169.4078,165.6944,0.0016,-0.0212,-0.0307,-0.0280,-0.0755,42.6987,0.0258,-0.0206,-0.0014,0.2900,0.1544,0.9423,hold
2024-12-16,167.3141,6643000,167.9363,169.6152,166.7610,0.0004,-0.0143,-0.0756,-0.0198,-0.0719,43.1649,0.0185,-0.0207,-0.0012,0.2887,-0.0580,0.9488,hold
2024-12-17,168.2325,6817600,166.9091,168.6375,166.2869,0.0055,0.0129,-0.0700,-0.0071,-0.0638,46.1538,0.0188,-0.0199,-0.0004,0.3396,0.0263,0.9843,sell
2024-12-18,163.4030,9000700,168.8251,172.2719,162.5142,-0.0287,-0.0332,-0.0867,-0.0267,-0.0872,42.6972,0.0200,-0.0221,-0.0016,0.1017,0.3202,1.2962,sell
2024-12-19,159.4427,9252600,160.7759,163.1956,159.0377,-0.0242,-0.0452,-0.0616,-0.0443,-0.1051,33.7417,0.0151,-0.0257,-0.0038,-0.0165,0.0280,1.3038,buy
2024-12-20,161.5661,15336700,158.0007,162.6920,156.9933,0.0133,-0.0340,-0.0545,-0.0261,-0.0891,21.3954,0.0159,-0.0263,-0.0038,0.1313,0.6576,2.0676,buy
2024-12-23,165.3882,5040200,162.7315,165.6154,162.1389,0.0237,-0.0115,-0.0256,-0.0005,-0.0637,29.4288,0.0184,-0.0244,-0.0018,0.3175,-0.6714,0.6759,hold
2024-12-24,166.2869,2595800,165.3586,166.6326,164.8351,0.0054,-0.0116,0.0012,0.0048,-0.0539,32.7489,0.0172,-0.0224,-0.0000,0.3702,-0.4850,0.3635,hold
2024-12-26,165.4771,2793700,165.2795,166.7610,164.6870,-0.0049,0.0127,-0.0209,0.0021,-0.0560,42.2114,0.0161,-0.0213,0.0010,0.3482,0.0762,0.4017,hold
2024-12-27,164.7660,3599600,164.0944,165.1314,162.5932,-0.0043,0.0334,-0.0133,-0.0009,-0.0582,39.1366,0.0158,-0.0205,0.0015,0.3292,0.2885,0.5204,sell
2024-12-30,161.6155,4763100,161.9710,162.9290,159.9661,-0.0191,0.0003,-0.0337,-0.0166,-0.0742,36.5334,0.0167,-0.0215,0.0007,0.2242,0.3232,0.6945,sell
2024-12-31,160.6179,3565500,162.3957,163.1364,159.9661,-0.0062,-0.0288,-0.0400,-0.0187,-0.0775,40.0503,0.0167,-0.0223,0.0000,0.1951,-0.2514,0.5418,buy
2025-01-02,161.8426,4164600,162.4352,164.6474,160.8154,0.0076,-0.0267,-0.0380,-0.0073,-0.0684,36.1025,0.0168,-0.0219,0.0003,0.2525,0.1680,0.6414,buy
2025-01-03,167.9560,5719800,163.3339,168.3116,162.7315,0.0378,0.0150,0.0279,0.0273,-0.0318,51.6193,0.0189,-0.0177,0.0029,0.6704,0.3734,0.8817,buy
2025-01-06,175.2842,8475500,172.8151,178.1483,172.6966,0.0436,0.0638,0.0994,0.0618,0.0110,60.8661,0.0202,-0.0109,0.0071,1.1039,0.4818,1.3083,hold
2025-01-07,175.6200,7332100,177.8422,179.5903,174.2176,0.0019,0.0867,0.0870,0.0549,0.0136,61.1568,0.0203,-0.0059,0.0096,1.0481,-0.1349,1.1208,hold
2025-01-08,174.8003,4581700,175.5509,175.9657,172.6769,-0.0047,0.0883,0.0569,0.0440,0.0099,58.8454,0.0199,-0.0023,0.0107,0.9487,-0.3751,0.7172,sell
2025-01-10,169.5264,6325300,172.5584,172.5584,167.4128,-0.0302,0.0475,0.0195,0.0106,-0.0191,58.1493,0.0229,-0.0019,0.0092,0.6545,0.3806,1.0051,hold
2025-01-13,168.7461,5465800,167.0079,169.4868,165.6548,-0.0046,0.0047,0.0198,0.0040,-0.0215,63.5267,0.0229,-0.0018,0.0074,0.6139,-0.1359,0.8771,buy
2025-01-14,171.5016,3842100,169.7338,171.5510,168.2128,0.0163,-0.0216,0.0409,0.0163,-0.0043,64.1850,0.0232,-0.0005,0.0069,0.7421,-0.2971,0.6280,buy
2025-01-15,176.1731,5908600,174.5632,177.2891,173.7040,0.0272,0.0031,0.0901,0.0351,0.0232,65.0330,0.0226,0.0027,0.0079,0.9231,0.5379,0.9748,buy
2025-01-16,184.1729,10825400,183.5013,189.3382,180.7458,0.0454,0.0536,0.1467,0.0673,0.0692,70.8113,0.0246,0.0083,0.0107,1.1199,0.8321,1.7265,buy
2025-01-17,189.6740,8115100,190.6122,190.7702,186.4543,0.0299,0.1188,0.1720,0.0817,0.0998,75.3834,0.0249,0.0147,0.0136,1.1344,-0.2504,1.2810,hold
2025-01-21,190.4838,7959100,192.3307,192.8047,188.4592,0.0043,0.1288,0.1341,0.0726,0.1036,76.9231,0.0240,0.0200,0.0151,1.0396,-0.0192,1.2667,buy
2025-01-22,193.0911,7288600,194.3948,198.0688,192.9134,0.0137,0.1259,0.1016,0.0764,0.1177,83.3298,0.0214,0.0247,0.0159,1.0149,-0.0842,1.1784,sell
2025-01-23,188.3407,6307300,187.7777,188.8345,185.4667,-0.0246,0.0691,0.0724,0.0426,0.0905,77.1944,0.0240,0.0270,0.0144,0.8548,-0.1346,1.1001,sell
2025-01-24,184.4395,6088400,188.5283,188.9135,183.3136,-0.0207,0.0014,0.0551,0.0156,0.0685,71.0604,0.0254,0.0269,0.0112,0.7363,-0.0347,1.0523,sell
2025-01-27,172.4102,12150200,177.3286,177.3385,168.3116,-0.0652,-0.0910,0.0170,-0.0522,0.0004,53.7390,0.0324,0.0224,0.0045,0.4415,0.9956,1.9398,sell
2025-01-28,170.7115,7360500,171.6004,172.6670,167.8968,-0.0099,-0.1038,0.0116,-0.0625,-0.0079,45.7609,0.0325,0.0165,-0.0013,0.3921,-0.3942,1.1338,buy
2025-01-29,173.1114,5679900,177.7730,177.9804,171.6300,0.0141,-0.1035,0.0094,-0.0502,0.0068,47.7601,0.0324,0.0124,-0.0041,0.4393,-0.2283,0.8611,buy
2025-01-30,179.4718,6013800,177.1805,181.0026,175.2645,0.0367,-0.0471,0.0187,-0.0171,0.0443,53.7955,0.0334,0.0118,-0.0033,0.5823,0.0588,0.9032,hold
2025-01-31,178.1187,5898400,180.3310,184.1333,177.8323,-0.0075,-0.0343,-0.0329,-0.0212,0.0350,57.4563,0.0298,0.0110,-0.0034,0.5247,-0.0192,0.8706,hold
2025-02-03,176.5879,5321300,173.1509,178.0199,172.0843,-0.0086,0.0242,-0.0690,-0.0226,0.0251,56.7174,0.0275,0.0095,-0.0040,0.4542,-0.0978,0.7788,hold
2025-02-04,176.3509,4687100,173.2991,177.0817,173.2793,-0.0013,0.0330,-0.0742,-0.0162,0.0226,54.3413,0.0273,0.0081,-0.0043,0.4299,-0.1192,0.6912,buy
2025-02-05,178.4347,3958500,174.5435,178.7705,173.1114,0.0118,0.0308,-0.0759,0.0036,0.0334,52.1231,0.0272,0.0078,-0.0036,0.4948,-0.1554,0.6038,buy
2025-02-06,180.5384,4479100,177.3879,180.8149,176.3509,0.0118,0.0059,-0.0414,0.0199,0.0448,46.1635,0.0271,0.0083,-0.0023,0.5579,0.1315,0.6985,sell
2025-02-07,177.7730,4992000,180.8742,181.2692,176.5187,-0.0153,-0.0019,-0.0361,0.0081,0.0282,36.6674,0.0267,0.0076,-0.0026,0.4586,0.1145,0.7760,buy
2025-02-10,181.3878,5744100,180.5977,181.7532,179.1755,0.0203,0.0272,0.0521,0.0234,0.0480,40.4122,0.0164,0.0084,-0.0013,0.5650,0.1507,0.8969,hold
2025-02-11,180.9334,3913300,179.5508,181.3087,178.8495,-0.0025,0.0260,0.0599,0.0149,0.0442,36.5758,0.0158,0.0088,-0.0007,0.5289,-0.3187,0.6185,sell
2025-02-12,178.6520,6640800,177.2002,179.2841,176.0842,-0.0126,0.0012,0.0320,-0.0010,0.0299,38.6851,0.0166,0.0081,-0.0012,0.4234,0.6970,1.0269,buy
2025-02-13,181.9902,10302000,178.0792,182.2371,177.3977,0.0187,0.0080,0.0140,0.0163,0.0480,47.1015,0.0131,0.0087,-0.0004,0.5475,0.5513,1.5408,sell
2025-02-14,167.1067,12452800,172.6769,173.8225,166.5240,-0.0818,-0.0600,-0.0618,-0.0611,-0.0362,44.1209,0.0295,0.0029,-0.0056,0.0235,0.2088,1.8401,buy
2025-02-18,169.8720,10704900,169.6646,171.6102,167.0079,0.0165,-0.0635,-0.0380,-0.0419,-0.0190,49.0909,0.0303,-0.0010,-0.0074,0.1603,-0.1404,1.5521,buy
2025-02-19,171.9065,5797000,170.1782,172.7361,169.0128,0.0120,-0.0499,-0.0252,-0.0280,-0.0064,48.6848,0.0307,-0.0030,-0.0075,0.2561,-0.4585,0.8539,buy
2025-02-20,174.2328,6687300,173.3716,176.5690,172.7380,0.0135,-0.0247,-0.0235,-0.0125,0.0065,43.7291,0.0308,-0.0033,-0.0062,0.3630,0.1536,0.9894,sell
2025-02-21,170.2435,7365400,174.3516,174.4704,168.8774,-0.0229,-0.0645,-0.0570,-0.0295,-0.0165,41.1332,0.0311,-0.0056,-0.0069,0.1870,0.1014,1.0813,sell
2025-02-24,166.8679,7126200,172.0154,173.4607,166.6402,-0.0198,-0.0014,-0.0613,-0.0427,-0.0356,39.4927,0.0313,-0.0090,-0.0082,0.0583,-0.0325,1.0382,sell
2025-02-25,163.8685,8570300,166.4225,167.9667,162.7895,-0.0180,-0.0353,-0.0966,-0.0504,-0.0527,37.2669,0.0300,-0.0132,-0.0099,-0.0103,0.2026,1.2821,buy
2025-02-26,166.8085,5048500,165.6899,168.5309,164.7396,0.0179,-0.0297,-0.0781,-0.0254,-0.0355,38.3439,0.0312,-0.0144,-0.0090,0.1492,-0.4109,0.7685,sell
2025-02-27,155.0584,9543600,168.5310,168.8478,154.8010,-0.0704,-0.1101,-0.1321,-0.0814,-0.1022,28.5947,0.0371,-0.0227,-0.0134,-0.1560,0.8904,1.4113,hold
2025-02-28,156.4740,9427600,155.7018,158.4340,152.3955,0.0091,-0.0809,-0.1402,-0.0588,-0.0929,31.6918,0.0363,-0.0270,-0.0143,-0.0066,-0.0122,1.3598,sell
2025-03-03,150.5939,9259100,158.1172,158.7012,149.1486,-0.0376,-0.0975,-0.0988,-0.0851,-0.1253,24.5226,0.0291,-0.0346,-0.0171,-0.0582,-0.0179,1.3039,hold
2025-03-04,151.3264,8538600,151.5145,154.6525,148.0400,0.0049,-0.0765,-0.1092,-0.0701,-0.1193,25.6168,0.0281,-0.0387,-0.0171,0.0410,-0.0778,1.1758,buy
2025-03-05,153.7517,5860000,151.5937,154.2962,148.4854,0.0160,-0.0783,-0.1056,-0.0446,-0.1042,29.5415,0.0285,-0.0398,-0.0147,0.1458,-0.3137,0.8005,sell
2025-03-06,150.0099,6967800,150.0099,152.4945,148.0895,-0.0243,-0.0326,-0.1390,-0.0536,-0.1250,23.8976,0.0275,-0.0436,-0.0143,0.1111,0.1890,0.9326,buy
2025-03-07,154.1080,5537800,149.9307,154.7713,148.6735,0.0273,-0.0151,-0.0948,-0.0177,-0.1003,37.1234,0.0302,-0.0420,-0.0108,0.2303,-0.2052,0.7360,sell
2025-03-10,148.4755,8008400,150.8810,152.8905,146.3868,-0.0365,-0.0141,-0.1102,-0.0424,-0.1315,29.9437,0.0313,-0.0457,-0.0107,0.1468,0.4461,1.0435,sell
2025-03-11,145.5058,7739900,147.4658,148.9903,143.9022,-0.0200,-0.0385,-0.1121,-0.0503,-0.1468,25.6794,0.0313,-0.0495,-0.0110,0.1230,-0.0335,0.9955,buy
2025-03-12,147.5549,8482200,150.1881,150.1881,146.9412,0.0141,-0.0403,-0.1154,-0.0247,-0.1329,25.2979,0.0310,-0.0493,-0.0091,0.1947,0.0959,1.0599,hold
2025-03-13,148.4359,5702200,147.3866,151.5145,146.8719,0.0060,-0.0105,-0.0427,-0.0145,-0.1261,28.5742,0.0234,-0.0484,-0.0067,0.2377,-0.3277,0.7167,buy
2025-03-14,154.0883,5138800,150.5939,154.9198,150.5939,0.0381,-0.0001,-0.0152,0.0246,-0.0920,37.9817,0.0267,-0.0427,-0.0020,0.3880,-0.0988,0.6676,hold
2025-03-17,153.8903,4764300,151.4056,155.6226,151.2967,-0.0013,0.0365,0.0219,0.0211,-0.0924,40.0943,0.0235,-0.0393,0.0011,0.3982,-0.0729,0.6514,sell
2025-03-18,151.9600,4282300,152.7618,153.3755,150.2771,-0.0125,0.0444,0.0042,0.0078,-0.1028,34.9579,0.0240,-0.0376,0.0027,0.3646,-0.1012,0.6124,hold
2025-03-19,152.9004,4426500,151.6333,155.4840,151.2472,0.0062,0.0362,-0.0055,0.0146,-0.0956,47.2008,0.0235,-0.0347,0.0042,0.4107,0.0337,0.6393,hold
2025-03-20,152.8212,5480300,150.6929,154.0487,150.1485,-0.0005,0.0295,0.0187,0.0122,-0.0937,45.0918,0.0219,-0.0323,0.0053,0.4306,0.2381,0.7985,sell
2025-03-21,150.5840,15911300,148.7725,150.6533,147.5054,-0.0146,-0.0227,-0.0229,-0.0002,-0.1043,49.9853,0.0205,-0.0317,0.0052,0.3657,1.9034,2.1824,buy
2025-03-24,153.3855,5855200,153.9299,154.6921,153.0390,0.0186,-0.0033,0.0331,0.0150,-0.0853,52.8889,0.0174,-0.0285,0.0062,0.5152,-0.6320,0.8102,sell
2025-03-25,152.0887,5093700,153.2765,153.3854,150.9800,-0.0085,0.0008,0.0452,0.0021,-0.0911,47.5903,0.0160,-0.0270,0.0064,0.4768,-0.1301,0.7222,sell
2025-03-26,149.1586,4850800,151.5937,152.4352,148.0004,-0.0193,-0.0245,0.0109,-0.0182,-0.1066,48.7368,0.0172,-0.0274,0.0053,0.2811,-0.0477,0.6887,sell
2025-03-27,146.1888,6933800,148.3171,148.3864,145.4563,-0.0199,-0.0434,-0.0151,-0.0364,-0.1217,37.8420,0.0183,-0.0291,0.0034,0.0743,0.4294,1.0030,sell
2025-03-28,143.5953,7715000,147.2975,148.2874,142.6648,-0.0177,-0.0464,-0.0681,-0.0469,-0.1339,41.7365,0.0126,-0.0317,0.0011,-0.0578,0.1127,1.1300,hold
2025-03-31,143.6547,7116300,141.3284,144.2090,139.7347,0.0004,-0.0634,-0.0665,-0.0400,-0.1293,46.5228,0.0127,-0.0329,-0.0001,0.0293,-0.0776,1.0589,hold
2025-04-01,144.1893,5869500,142.6450,144.6347,140.3682,0.0037,-0.0519,-0.0511,-0.0314,-0.1212,43.2966,0.0129,-0.0330,-0.0003,0.1195,-0.1752,0.8911,buy
2025-04-02,146.2581,4904800,142.5757,147.8024,142.3876,0.0143,-0.0194,-0.0434,-0.0131,-0.1037,45.8584,0.0139,-0.0313,0.0008,0.2823,-0.1644,0.7501,sell
2025-04-03,134.1417,11779600,139.5763,140.4375,134.0328,-0.0828,-0.0824,-0.1222,-0.0833,-0.1720,19.5528,0.0283,-0.0398,-0.0039,-0.2251,1.4016,1.7375,sell
2025-04-04,125.6682,15564000,127.8064,131.1225,122.6886,-0.0632,-0.1248,-0.1655,-0.1263,-0.2183,15.6092,0.0325,-0.0522,-0.0110,-0.2691,0.3213,2.1376,buy
2025-04-07,131.5086,18941900,123.7082,140.1405,122.4906,0.0465,-0.0846,-0.1426,-0.0716,-0.1765,27.2467,0.0369,-0.0530,-0.0109,0.0251,0.2170,2.4199,sell
2025-04-08,127.6579,16423700,137.0125,139.2793,126.2126,-0.0293,-0.1147,-0.1606,-0.0829,-0.1961,23.6244,0.0371,-0.0589,-0.0125,-0.0019,-0.1329,1.9879,buy
2025-04-09,148.2182,20667300,128.2716,149.4357,127.3015,0.1611,0.0134,-0.0063,0.0655,-0.0640,46.6319,0.0673,-0.0420,-0.0016,0.5759,0.2584,2.3297,sell
2025-04-10,136.8442,16290700,140.7939,142.3579,132.1421,-0.0767,0.0201,-0.0639,-0.0096,-0.1318,41.1321,0.0715,-0.0442,-0.0004,0.2767,-0.2118,1.7330,buy
2025-04-11,143.4765,10617200,137.1708,144.7535,134.1318,0.0485,0.1417,-0.0008,0.0385,-0.0856,43.9060,0.0732,-0.0370,0.0038,0.4735,-0.3483,1.0975,hold
2025-04-14,143.0706,6835900,145.3969,146.2086,140.7048,-0.0028,0.0879,-0.0041,0.0360,-0.0841,44.3925,0.0732,-0.0329,0.0065,0.4766,-0.3561,0.6991,hold
2025-04-15,143.9814,5259900,143.5062,145.5553,142.7836,0.0064,0.1279,-0.0014,0.0427,-0.0744,46.6978,0.0732,-0.0285,0.0085,0.5154,-0.2305,0.5353,sell
2025-04-16,136.7947,9279100,136.4284,139.6555,132.9934,-0.0499,-0.0771,-0.0647,-0.0025,-0.1161,44.3140,0.0748,-0.0304,0.0068,0.3194,0.7641,0.9215,hold
2025-04-17,136.0721,6494800,137.5866,138.2399,135.5573,-0.0053,-0.0056,0.0144,-0.0092,-0.1159,45.3409,0.0696,-0.0310,0.0052,0.3175,-0.3001,0.6418,hold
2025-04-21,134.1912,8395300,133.7656,134.6367,131.4591,-0.0138,-0.0647,0.0678,-0.0289,-0.1229,44.2686,0.0660,-0.0325,0.0033,0.2808,0.2926,0.8615,buy
2025-04-22,136.9036,5222700,135.7949,137.6757,134.9436,0.0202,-0.0431,0.0410,-0.0131,-0.1003,45.7009,0.0649,-0.0307,0.0035,0.3869,-0.3779,0.5377,buy
2025-04-23,142.1303,7994300,143.3874,146.3374,141.2987,0.0382,-0.0129,0.1134,0.0140,-0.0611,47.6518,0.0643,-0.0255,0.0060,0.5911,0.5307,0.8110,buy
2025-04-24,148.6537,7609200,146.1196,148.8814,143.8824,0.0459,0.0867,0.0029,0.0602,-0.0138,58.8165,0.0408,-0.0175,0.0101,0.8369,-0.0482,0.7612,hold
2025-04-25,150.0198,4805200,146.7036,151.0691,146.3769,0.0092,0.1025,0.0963,0.0600,-0.0010,66.1927,0.0302,-0.0111,0.0130,0.8672,-0.3685,0.4859,hold
2025-04-28,149.2674,7052500,149.2674,150.3365,146.0206,-0.0050,0.1123,0.0404,0.0504,-0.0016,62.6659,0.0272,-0.0065,0.0142,0.8173,0.4677,0.7155,sell
2025-04-29,148.0400,5721300,147.4955,149.5446,146.4165,-0.0082,0.0813,0.0347,0.0381,-0.0073,65.1019,0.0274,-0.0035,0.0139,0.7606,-0.1888,0.5846,hold
2025-04-30,149.1883,7273600,144.4961,149.5149,143.2488,0.0078,0.0497,0.0362,0.0424,0.0032,51.0091,0.0274,-0.0004,0.0135,0.7827,0.2713,0.7379,sell
2025-05-01,147.4559,6732000,150.1088,150.7424,147.2381,-0.0116,-0.0081,0.0779,0.0226,-0.0052,63.8072,0.0210,0.0011,0.0121,0.7222,-0.0745,0.6767,buy
2025-05-02,153.5339,6083200,151.2472,155.1178,151.1483,0.0412,0.0234,0.1283,0.0520,0.0387,63.2775,0.0229,0.0053,0.0127,0.8722,-0.0964,0.6295,hold
2025-05-05,153.0489,4069300,152.5539,155.0584,152.2966,-0.0032,0.0253,0.1405,0.0353,0.0378,63.1455,0.0217,0.0084,0.0126,0.8376,-0.3311,0.4477,sell
2025-05-06,151.4848,3471700,150.4652,152.9202,150.3662,-0.0102,0.0233,0.1065,0.0148,0.0294,59.7179,0.0228,0.0099,0.0114,0.7616,-0.1469,0.4175,buy
2025-05-07,154.2368,5499000,151.8016,154.6228,149.9802,0.0182,0.0338,0.0852,0.0249,0.0495,75.5214,0.0209,0.0122,0.0109,0.8489,0.5840,0.7078,hold
2025-05-08,154.4248,4824600,156.4343,157.1966,154.2368,0.0012,0.0473,0.0388,0.0222,0.0525,77.2807,0.0162,0.0141,0.0102,0.8290,-0.1226,0.6915,hold
2025-05-09,154.0388,3884200,155.3455,156.4047,153.0885,-0.0025,0.0033,0.0268,0.0169,0.0500,80.8746,0.0162,0.0152,0.0091,0.7860,-0.1949,0.6111,buy
2025-05-12,166.2938,11724100,164.7594,168.0855,163.9774,0.0796,0.0865,0.1141,0.0856,0.1320,85.2529,0.0288,0.0206,0.0120,1.0914,2.0184,1.8286,buy
2025-05-13,171.2829,8980200,167.1649,172.4213,166.7689,0.0300,0.1307,0.1570,0.1015,0.1627,85.1684,0.0285,0.0271,0.0149,1.0911,-0.2340,1.3776,hold
2025-05-14,172.3817,7069700,171.6986,173.5102,171.3027,0.0064,0.1176,0.1555,0.0923,0.1669,82.9348,0.0285,0.0326,0.0164,1.0140,-0.2127,1.0697,hold
2025-05-15,172.9855,12811600,170.0158,174.5991,169.4713,0.0035,0.1202,0.1731,0.0787,0.1679,82.5659,0.0274,0.0369,0.0166,0.9594,0.8122,1.8880,sell
2025-05-16,163.8982,16540400,166.7293,167.7588,160.2851,-0.0525,0.0640,0.0675,0.0154,0.1045,66.7802,0.0333,0.0376,0.0130,0.7351,0.2910,2.2695,hold
2025-05-19,164.2645,7465700,160.8988,164.3239,160.7305,0.0022,-0.0122,0.0733,0.0107,0.1054,68.9831,0.0332,0.0363,0.0094,0.7252,-0.5486,1.0309,hold
2025-05-20,164.0566,5372400,163.3835,164.2645,162.5717,-0.0013,-0.0422,0.0830,0.0016,0.1017,67.7877,0.0328,0.0349,0.0063,0.7023,-0.2804,0.7411,sell
2025-05-21,160.5919,5658600,161.8887,164.6109,160.0376,-0.0211,-0.0684,0.0412,-0.0233,0.0763,65.0898,0.0338,0.0323,0.0025,0.5902,0.0533,0.7934,hold
2025-05-22,159.3510,6355700,159.5198,162.1108,159.1128,-0.0077,-0.0788,0.0319,-0.0337,0.0663,57.5178,0.0340,0.0290,-0.0009,0.5402,0.1232,0.8990,sell
2025-05-23,156.3629,5733400,155.4993,157.2564,154.5264,-0.0188,-0.0460,0.0151,-0.0532,0.0452,54.0227,0.0347,0.0248,-0.0045,0.4410,-0.0979,0.8057,buy
2025-05-27,160.6515,8470400,159.4602,161.2967,158.0109,0.0274,-0.0220,-0.0339,-0.0239,0.0729,60.4365,0.0241,0.0223,-0.0049,0.5556,0.4774,1.1786,hold
2025-05-28,160.4132,6727200,160.7309,162.4781,159.7084,-0.0015,-0.0222,-0.0635,-0.0189,0.0704,57.4590,0.0212,0.0206,-0.0053,0.5303,-0.2058,0.9295,sell
2025-05-29,158.3186,6845600,164.2551,164.3345,157.2961,-0.0131,-0.0142,-0.0816,-0.0233,0.0555,54.4953,0.0208,0.0182,-0.0065,0.4430,0.0176,0.9487,sell
2025-05-30,155.6085,15273600,157.8818,158.0704,152.3524,-0.0171,-0.0235,-0.1005,-0.0296,0.0371,51.7199,0.0205,0.0148,-0.0083,0.3208,1.2312,1.9984,hold
2025-06-02,156.1247,5875300,154.6555,156.4722,154.2981,0.0033,-0.0015,-0.0474,-0.0216,0.0400,34.9990,0.0144,0.0119,-0.0089,0.3324,-0.6153,0.7698,buy
2025-06-03,160.5622,6355400,155.7872,160.7706,155.2213,0.0284,-0.0006,-0.0225,0.0085,0.0682,33.9235,0.0178,0.0115,-0.0070,0.4879,0.0817,0.8204,hold
2025-06-04,160.7508,5990600,161.3166,162.2895,159.0135,0.0012,0.0021,-0.0202,0.0118,0.0684,32.0692,0.0178,0.0114,-0.0056,0.4754,-0.0574,0.7609,buy
2025-06-05,162.9943,7386800,162.0314,164.4139,159.9268,0.0140,0.0295,0.0150,0.0244,0.0817,35.3384,0.0171,0.0121,-0.0037,0.5544,0.2331,0.9271,buy
2025-06-06,165.5257,5717500,164.2352,168.2954,164.2352,0.0155,0.0637,0.0387,0.0363,0.0961,52.9574,0.0172,0.0137,-0.0015,0.6477,-0.2260,0.7136,buy
2025-06-09,168.5535,6320000,166.5879,170.5687,166.5879,0.0183,0.0796,0.0780,0.0472,0.1129,57.1062,0.0157,0.0161,0.0009,0.7636,0.1054,0.7770,buy
2025-06-10,172.5046,5711600,169.3378,173.1200,168.7521,0.0234,0.0744,0.0738,0.0640,0.1347,62.4523,0.0152,0.0194,0.0037,0.9086,-0.0963,0.7292,sell
2025-06-11,171.5317,6133200,172.9711,174.5098,169.0896,-0.0056,0.0671,0.0693,0.0507,0.1241,67.4036,0.0155,0.0217,0.0047,0.8633,0.0738,0.7975,buy
2025-06-12,173.7256,4468500,171.2339,174.0830,171.0254,0.0128,0.0658,0.0973,0.0542,0.1341,72.1949,0.0139,0.0239,0.0057,0.9484,-0.2714,0.5910,sell
2025-06-13,169.3477,5297100,169.8143,172.3159,169.1491,-0.0252,0.0231,0.0883,0.0192,0.1022,69.2239,0.0157,0.0242,0.0044,0.7785,0.1854,0.7372,buy
2025-06-16,175.2643,6712900,171.7600,175.5919,171.5317,0.0349,0.0398,0.1226,0.0428,0.1347,70.6393,0.0176,0.0255,0.0051,0.9694,0.2673,1.0029,sell
2025-06-17,172.8222,6631400,174.9963,177.0214,172.7924,-0.0139,0.0018,0.0764,0.0208,0.1121,66.4994,0.0183,0.0262,0.0044,0.8338,-0.0121,0.9969,sell
2025-06-18,171.5813,4946900,173.9837,173.9837,170.5588,-0.0072,0.0003,0.0674,0.0070,0.0984,68.0442,0.0188,0.0257,0.0030,0.7624,-0.2540,0.7461,sell
2025-06-20,168.2259,18396600,173.1994,174.0929,164.7018,-0.0196,-0.0317,0.0321,-0.0157,0.0714,66.8702,0.0203,0.0239,0.0005,0.6218,2.7188,2.5314,buy
2025-06-23,170.7077,6838800,169.0201,171.0353,167.4913,0.0148,0.0080,0.0313,-0.0042,0.0841,68.5246,0.0202,0.0225,-0.0003,0.6951,-0.6283,0.9379,buy
2025-06-24,178.8679,7254500,173.7951,179.2054,173.7256,0.0478,0.0206,0.0612,0.0372,0.1298,71.2442,0.0244,0.0242,0.0019,0.9450,0.0608,0.9846,buy
2025-06-25,181.7368,5431800,179.7911,181.8758,179.1855,0.0160,0.0516,0.0535,0.0482,0.1424,72.9284,0.0239,0.0269,0.0039,0.9691,-0.2513,0.7528,hold
2025-06-26,182.1835,5199700,181.8559,183.1564,180.7342,0.0025,0.0618,0.0621,0.0444,0.1397,71.8220,0.0236,0.0291,0.0049,0.9222,-0.0427,0.7283,hold
2025-06-27,181.8758,14202800,183.0373,184.4469,179.8010,-0.0017,0.0811,0.0469,0.0377,0.1324,69.5838,0.0236,0.0304,0.0050,0.8703,1.7315,1.8919,hold
2025-06-30,181.7368,4070700,182.4615,183.4244,181.2008,-0.0008,0.0646,0.0732,0.0297,0.1252,66.9647,0.0213,0.0311,0.0045,0.8402,-0.7134,0.5860,hold
2025-07-01,182.4218,6572300,181.1114,183.5833,179.5826,0.0038,0.0199,0.0408,0.0294,0.1230,63.9330,0.0190,0.0314,0.0039,0.8423,0.6145,0.9413,buy
2025-07-02,188.6263,8800600,181.3000,189.5197,180.3073,0.0340,0.0379,0.0914,0.0550,0.1535,70.9387,0.0199,0.0330,0.0051,0.9929,0.3390,1.2388,hold
2025-07-03,189.6587,3568500,187.9711,190.6415,187.8917,0.0055,0.0410,0.1054,0.0501,0.1523,70.0876,0.0192,0.0349,0.0058,0.9733,-0.5945,0.5110,hold
2025-07-07,189.3907,6577400,187.6633,190.2543,187.2365,-0.0014,0.0413,0.1258,0.0365,0.1441,78.1905,0.0167,0.0361,0.0055,0.9199,0.8432,0.9474,buy
2025-07-08,193.5700,8097100,190.7408,194.8705,190.1253,0.0221,0.0651,0.1339,0.0463,0.1631,77.0699,0.0170,0.0375,0.0061,0.9872,0.2310,1.1466,hold
2025-07-09,193.9671,6170800,194.3741,196.5184,192.8255,0.0021,0.0633,0.0844,0.0399,0.1593,83.2813,0.0120,0.0388,0.0060,0.9373,-0.2379,0.8748,buy
2025-07-10,196.5879,5229100,196.5581,197.9677,195.2179,0.0135,0.0422,0.0817,0.0457,0.1684,87.7209,0.0118,0.0401,0.0061,0.9448,-0.1526,0.7438,hold
2025-07-11,196.4886,4424400,195.4165,197.3324,194.7216,-0.0005,0.0360,0.0785,0.0372,0.1611,97.2767,0.0120,0.0410,0.0056,0.8902,-0.1539,0.6371,sell
2025-07-14,195.6646,7264000,194.1855,197.3721,193.0736,-0.0042,0.0331,0.0758,0.0254,0.1499,94.1984,0.0122,0.0410,0.0044,0.8292,0.6418,1.0254,buy
2025-07-15,197.8387,6007100,198.6230,199.6455,197.0545,0.0111,0.0221,0.0886,0.0282,0.1559,92.6373,0.0119,0.0409,0.0037,0.8496,-0.1730,0.8437,sell
2025-07-16,193.3913,9400000,192.5872,193.7388,188.3682,-0.0225,-0.0030,0.0601,-0.0007,0.1246,74.4584,0.0155,0.0398,0.0014,0.7110,0.5648,1.2958,sell
2025-07-17,191.1180,5704000,191.2173,192.6170,190.5521,-0.0118,-0.0278,0.0132,-0.0137,0.1065,67.4149,0.0128,0.0372,-0.0013,0.6327,-0.3932,0.7914,sell
2025-07-18,189.0532,4757100,191.6541,192.1604,188.7553,-0.0108,-0.0378,-0.0032,-0.0240,0.0898,63.0931,0.0132,0.0339,-0.0040,0.5562,-0.1660,0.6609,buy
2025-07-21,191.2073,5061500,189.4006,192.9843,189.3907,0.0114,-0.0228,0.0096,-0.0138,0.0976,66.0931,0.0137,0.0312,-0.0050,0.6008,0.0640,0.7749,sell
2025-07-22,185.7772,7074500,190.8698,191.0982,183.7818,-0.0284,-0.0610,-0.0403,-0.0380,0.0626,54.9100,0.0144,0.0275,-0.0078,0.3619,0.3977,1.0812,hold
2025-07-23,185.6481,5419800,186.3132,188.0207,184.7845,-0.0007,-0.0400,-0.0429,-0.0345,0.0580,44.6996,0.0143,0.0235,-0.0094,0.3297,-0.2339,0.8401,buy
2025-07-24,186.7500,4819900,186.7897,188.6560,185.7077,0.0059,-0.0229,-0.0500,-0.0238,0.0618,44.8361,0.0134,0.0205,-0.0098,0.3619,-0.1107,0.7506,sell
2025-07-25,184.3378,6608700,184.4569,185.1617,182.7593,-0.0129,-0.0249,-0.0618,-0.0302,0.0465,41.6639,0.0135,0.0172,-0.0108,0.2346,0.3711,1.0181,buy
2025-07-28,188.8844,4913000,187.6336,189.1127,187.2563,0.0247,-0.0121,-0.0347,-0.0027,0.0703,42.3624,0.0167,0.0158,-0.0092,0.4359,-0.2566,0.8152,sell
2025-07-29,187.0379,4605400,190.2246,191.0485,186.5813,-0.0098,0.0068,-0.0546,-0.0068,0.0582,39.2151,0.0160,0.0142,-0.0089,0.3109,-0.0626,0.7608,buy
2025-07-30,188.0108,4018500,188.3483,189.4800,186.3728,0.0052,0.0127,-0.0278,0.0012,0.0608,35.9283,0.0151,0.0130,-0.0080,0.3366,-0.1274,0.6781,sell
2025-07-31,178.7487,11375400,176.5846,180.1485,173.2391,-0.0493,-0.0428,-0.0647,-0.0418,0.0069,27.6233,0.0211,0.0084,-0.0109,-0.0909,1.8308,1.8787,hold
2025-08-01,178.6792,8393200,175.3139,180.3073,174.9665,-0.0004,-0.0307,-0.0549,-0.0368,0.0049,28.1593,0.0211,0.0042,-0.0121,0.0003,-0.2622,1.3331,buy
2025-08-04,181.4887,4189300,180.6746,181.6673,179.1856,0.0157,-0.0392,-0.0508,-0.0165,0.0183,29.3142,0.0215,0.0021,-0.0112,0.1649,-0.5009,0.6782,sell
2025-08-05,177.8454,5292000,181.3397,181.9254,176.1081,-0.0201,-0.0491,-0.0427,-0.0321,-0.0042,29.9230,0.0207,-0.0012,-0.0118,0.0728,0.2632,0.8767,hold
2025-08-06,176.8427,5857800,177.5773,177.9347,174.2021,-0.0056,-0.0594,-0.0474,-0.0329,-0.0121,30.9385,0.0206,-0.0042,-0.0119,0.0911,0.1069,0.9729,buy
2025-08-07,181.8162,6616600,183.0075,185.4397,180.5356,0.0281,0.0172,-0.0264,-0.0030,0.0133,41.0332,0.0229,-0.0042,-0.0093,0.3015,0.1295,1.0864,buy
2025-08-08,183.5237,4338400,181.8162,184.0300,181.2901,0.0094,0.0271,-0.0044,0.0068,0.0202,40.3731,0.0229,-0.0034,-0.0068,0.3878,-0.3443,0.7129,hold
2025-08-11,183.0373,7816000,185.7871,188.3384,182.4417,-0.0027,0.0085,-0.0310,0.0073,0.0147,46.0818,0.0212,-0.0030,-0.0052,0.3862,0.8016,1.2785,buy
2025-08-12,187.0776,5915400,184.3774,188.3483,182.9380,0.0221,0.0519,0.0002,0.0296,0.0335,51.8386,0.0224,-0.0009,-0.0024,0.6091,-0.2432,0.9683,buy
2025-08-13,188.6461,5923400,188.4178,189.7481,187.3556,0.0084,0.0667,0.0034,0.0378,0.0384,52.4098,0.0225,0.0014,-0.0001,0.7201,0.0014,0.9980,sell
2025-08-14,186.8692,10992400,186.4919,188.6461,185.4198,-0.0094,0.0278,0.0454,0.0235,0.0256,53.2701,0.0149,0.0024,0.0008,0.6382,0.8558,1.7731,sell
2025-08-15,160.5820,31803300,161.5151,166.2802,160.5324,-0.1407,-0.1250,-0.1013,-0.1117,-0.1186,26.5889,0.0484,-0.0094,-0.0090,-0.3458,1.8932,4.2114,hold
2025-08-18,162.3391,10125800,160.6316,163.3517,160.5721,0.0109,-0.1131,-0.1055,-0.0924,-0.1089,29.5395,0.0482,-0.0177,-0.0139,-0.1165,-0.6816,1.2974,hold
2025-08-19,161.0387,8921500,163.0440,163.9970,160.3140,-0.0080,-0.1392,-0.0945,-0.0911,-0.1156,27.7769,0.0480,-0.0250,-0.0169,-0.0375,-0.1189,1.1297,hold
2025-08-20,159.7878,9323300,160.6217,160.7905,156.7898,-0.0078,-0.1530,-0.0964,-0.0894,-0.1216,32.0015,0.0480,-0.0311,-0.0184,0.0177,0.0450,1.1521,hold
2025-08-21,159.1308,8294900,159.2303,160.5743,158.3741,-0.0041,-0.1484,-0.1248,-0.0812,-0.1240,31.6485,0.0463,-0.0359,-0.0185,0.0688,-0.1103,1.0035,buy
2025-08-22,161.7690,7448100,159.9670,164.2679,159.2701,0.0166,0.0074,-0.1185,-0.0541,-0.1085,31.4281,0.0467,-0.0372,-0.0161,0.1696,-0.1021,0.8965,hold
2025-08-25,161.2712,4186800,161.5898,161.8984,160.0367,-0.0031,-0.0066,-0.1189,-0.0449,-0.1100,33.4075,0.0467,-0.0387,-0.0139,0.1923,-0.4379,0.5061,buy
2025-08-26,163.7800,6770200,161.2911,164.0787,160.9626,0.0156,0.0170,-0.1245,-0.0165,-0.0956,37.3056,0.0463,-0.0374,-0.0105,0.2714,0.6170,0.8079,hold
2025-08-27,163.6606,4633500,162.5356,163.9194,161.8287,-0.0007,0.0242,-0.1324,-0.0022,-0.0951,30.5183,0.0459,-0.0366,-0.0077,0.2908,-0.3156,0.5509,hold
2025-08-28,164.5367,7899500,163.9891,165.4227,163.0135,0.0054,0.0340,-0.1195,0.0170,-0.0894,29.2561,0.0463,-0.0348,-0.0049,0.3277,0.7049,0.9590,sell
2025-08-29,160.0467,7202100,162.1473,162.9338,158.7226,-0.0273,-0.0106,-0.0033,-0.0104,-0.1131,26.9026,0.0132,-0.0364,-0.0045,0.2521,-0.0883,0.8807,sell
2025-09-02,156.8708,7683400,156.0246,157.5976,155.3177,-0.0198,-0.0273,-0.0337,-0.0268,-0.1296,19.1164,0.0138,-0.0388,-0.0050,0.2133,0.0668,0.9199,sell
2025-09-03,155.5567,7335000,157.3487,157.3487,153.7846,-0.0084,-0.0502,-0.0340,-0.0317,-0.1355,15.9923,0.0139,-0.0407,-0.0053,0.2159,-0.0453,0.8676,buy
2025-09-04,157.5379,6245100,155.2481,158.9615,154.7104,0.0127,-0.0374,-0.0141,-0.0179,-0.1224,19.9807,0.0146,-0.0399,-0.0040,0.2805,-0.1486,0.7370,buy
2025-09-05,162.0279,7046800,159.5489,162.1274,158.1153,0.0285,-0.0152,0.0182,0.0082,-0.0954,52.6719,0.0173,-0.0360,-0.0008,0.3925,0.1284,0.8295,hold
2025-09-08,161.3310,7933600,163.0831,163.9194,161.1319,-0.0043,0.0080,-0.0027,0.0042,-0.0972,48.0610,0.0166,-0.0338,0.0012,0.3957,0.1258,0.9145,buy
2025-09-09,162.7745,5315400,161.2015,163.5312,161.0323,0.0089,0.0376,0.0093,0.0122,-0.0872,53.3204,0.0168,-0.0306,0.0033,0.4488,-0.3300,0.6217,hold
2025-09-10,162.6949,5690200,163.5710,164.6661,161.8287,-0.0005,0.0459,-0.0066,0.0124,-0.0856,55.8213,0.0160,-0.0281,0.0047,0.4733,0.0705,0.6664,buy
2025-09-11,169.3950,8999900,163.2723,169.9028,163.2723,0.0412,0.0753,0.0350,0.0503,-0.0466,66.5489,0.0207,-0.0216,0.0079,0.7620,0.5816,1.0354,sell
2025-09-12,167.0555,5170600,167.1650,168.9171,166.4382,-0.0138,0.0310,0.0153,0.0342,-0.0575,58.6062,0.0214,-0.0185,0.0091,0.9157,-0.4255,0.6154,buy
2025-09-15,170.1715,5597600,168.3596,170.3010,167.7822,0.0187,0.0548,0.0633,0.0469,-0.0378,63.3512,0.0194,-0.0138,0.0106,1.0359,0.0826,0.7894,buy
2025-09-16,172.7700,6447500,171.6948,173.3275,170.8187,0.0153,0.0614,0.1014,0.0526,-0.0212,63.4495,0.0171,-0.0089,0.0121,1.0694,0.1518,0.9334,buy
2025-09-17,177.3396,9588300,173.4768,178.7533,173.1981,0.0264,0.0900,0.1400,0.0663,0.0065,68.0600,0.0166,-0.0030,0.0140,1.1306,0.4871,1.3815,buy
2025-09-18,188.9180,15473700,187.1658,190.7001,183.0143,0.0653,0.1153,0.1992,0.1149,0.0728,75.0974,0.0233,0.0063,0.0178,1.2657,0.6138,2.1349,hold
2025-09-19,189.2565,18903500,189.9733,190.9987,187.8229,0.0018,0.1329,0.1680,0.0992,0.0756,82.8776,0.0236,0.0135,0.0200,1.1070,0.2217,2.4302,buy
2025-09-22,199.6302,15475500,192.3328,200.2574,191.5761,0.0548,0.1731,0.2374,0.1343,0.1342,91.4176,0.0253,0.0222,0.0227,1.1581,-0.1813,1.8919,hold
2025-09-23,199.9787,12417900,200.3371,203.1944,197.9179,0.0017,0.1575,0.2286,0.1127,0.1356,93.8483,0.0258,0.0293,0.0239,1.0424,-0.1976,1.4454,hold
2025-09-24,200.5462,6360500,198.1966,202.8459,196.5241,0.0028,0.1309,0.2327,0.0929,0.1385,93.6716,0.0255,0.0348,0.0234,0.9688,-0.4878,0.7421,sell
2025-09-25,198.7143,6027600,198.1568,199.8294,195.3294,-0.0091,0.0519,0.1731,0.0658,0.1274,89.3781,0.0261,0.0383,0.0215,0.8852,-0.0523,0.6976,buy
2025-09-26,203.0152,7363300,199.1126,204.2895,196.5141,0.0216,0.0727,0.2153,0.0683,0.1503,91.5295,0.0239,0.0413,0.0198,0.8954,0.2216,0.8548,hold
2025-09-29,204.0406,9295400,205.4244,209.5660,203.7718,0.0051,0.0221,0.1990,0.0549,0.1541,91.4583,0.0244,0.0439,0.0181,0.8639,0.2624,1.0662,hold
2025-09-30,203.8315,12253800,203.4532,209.3370,201.9698,-0.0010,0.0193,0.1798,0.0372,0.1513,91.2211,0.0251,0.0456,0.0158,0.8252,0.3183,1.3696,buy
2025-10-01,216.7738,12699200,203.8315,217.4707,202.7065,0.0635,0.0809,0.2224,0.0813,0.2201,92.1972,0.0291,0.0484,0.0163,0.9435,0.0363,1.3781,buy
2025-10-02,222.5979,11166000,224.0016,225.4054,217.7594,0.0269,0.1202,0.1783,0.0920,0.2477,96.5771,0.0248,0.0528,0.0173,0.9559,-0.1207,1.1802,sell
2025-10-03,216.5648,9269800,218.9342,219.5216,214.6433,-0.0271,0.0667,0.1443,0.0484,0.2098,87.0901,0.0282,0.0561,0.0156,0.8416,-0.1698,0.9684,buy
2025-10-06,222.9165,7891900,221.3534,225.4850,219.7904,0.0293,0.0925,0.1166,0.0671,0.2400,87.8210,0.0250,0.0575,0.0145,0.8790,-0.1486,0.8246,sell
2025-10-07,210.6213,10543300,222.9165,223.8324,210.3326,-0.0552,0.0333,0.0532,0.0031,0.1688,72.4815,0.0328,0.0580,0.0100,0.7054,0.3360,1.0724,buy
2025-10-08,216.5449,7875500,209.0682,217.6798,208.0726,0.0281,-0.0011,0.0798,0.0236,0.1977,70.2053,0.0335,0.0558,0.0073,0.7609,-0.2530,0.7922,buy
2025-10-09,219.3225,6701400,216.0371,219.8800,214.5537,0.0128,-0.0147,0.1037,0.0267,0.2089,71.2317,0.0329,0.0550,0.0057,0.7746,-0.1491,0.6820,sell
2025-10-10,209.0184,12829700,219.7207,223.4740,208.7994,-0.0470,-0.0348,0.0296,-0.0243,0.1483,56.6362,0.0372,0.0530,0.0010,0.6087,0.9145,1.2567,buy
2025-10-13,218.5061,7853000,219.3723,220.1488,216.0670,0.0454,-0.0198,0.0709,0.0132,0.1951,61.5979,0.0395,0.0501,0.0003,0.7437,-0.3879,0.7608,hold
2025-10-14,217.2219,8260000,212.9509,220.6665,212.7617,-0.0059,0.0313,0.0657,0.0010,0.1835,60.3459,0.0396,0.0488,-0.0010,0.7098,0.0518,0.7933,buy
2025-10-15,226.5702,8033600,222.9663,227.0879,219.5415,0.0430,0.0463,0.0452,0.0394,0.2279,65.8079,0.0368,0.0484,0.0005,0.8894,-0.0274,0.7773,hold
2025-10-16,226.7096,7742800,229.5768,231.0403,223.0359,0.0006,0.0337,0.0185,0.0380,0.2221,64.1129,0.0360,0.0491,0.0010,0.8642,-0.0362,0.7783,sell
2025-10-17,223.9917,5272800,225.4651,226.3512,221.7118,-0.0120,0.0716,0.0343,0.0221,0.2019,61.6485,0.0350,0.0488,0.0001,0.7857,-0.3190,0.5690,buy
2025-10-20,227.1178,5494800,226.1421,230.3036,225.5248,0.0140,0.0394,0.0188,0.0344,0.2130,63.1478,0.0340,0.0479,-0.0001,0.8315,0.0421,0.6267,hold
2025-10-21,224.9972,4557500,224.9175,227.1476,224.2107,-0.0093,0.0358,0.0683,0.0181,0.1964,55.2894,0.0280,0.0470,-0.0012,0.7533,-0.1706,0.5442,sell
2025-10-22,219.5813,7498100,224.9972,225.7638,215.1113,-0.0241,-0.0308,0.0140,-0.0078,0.1635,48.0494,0.0285,0.0444,-0.0039,0.5901,0.6452,0.8893,buy
2025-10-23,227.4562,7001900,217.4210,229.5270,217.1522,0.0359,0.0033,0.0371,0.0240,0.2003,56.8788,0.0303,0.0424,-0.0034,0.7994,-0.0662,0.8257,hold
2025-10-24,227.7350,5346700,227.9839,229.6963,225.2859,0.0012,0.0167,0.0895,0.0167,0.1966,53.2961,0.0246,0.0416,-0.0034,0.7883,-0.2364,0.6381,buy
2025-10-27,230.3035,7671700,231.9661,234.7437,230.1044,0.0113,0.0140,0.0540,0.0228,0.2013,65.5302,0.0211,0.0409,-0.0028,0.8536,0.4348,0.9245,sell
2025-10-28,226.6299,6118500,228.6609,229.9949,226.0724,-0.0160,0.0073,0.0433,0.0023,0.1743,58.2505,0.0219,0.0397,-0.0038,0.7142,-0.2025,0.7656,buy
2025-10-29,234.7039,7784500,231.8666,236.3367,230.9706,0.0356,0.0689,0.0359,0.0343,0.2069,61.5800,0.0206,0.0392,-0.0023,0.9722,0.2723,1.0050,sell
2025-10-30,231.5181,7317700,236.7249,241.4240,231.0502,-0.0136,0.0179,0.0212,0.0181,0.1818,68.9725,0.0213,0.0388,-0.0025,0.8170,-0.0600,0.9688,hold
2025-10-31,232.0657,6532600,232.7028,236.8543,229.4274,0.0024,0.0190,0.0360,0.0169,0.1759,63.4638,0.0207,0.0378,-0.0028,0.8032,-0.1073,0.8808,buy
2025-11-03,236.6552,6160600,234.6243,238.7260,232.9617,0.0198,0.0276,0.0420,0.0327,0.1901,68.1076,0.0211,0.0375,-0.0018,0.9100,-0.0569,0.8405,sell
2025-11-04,229.1686,6896400,230.3931,235.9185,228.7505,-0.0316,0.0112,0.0185,-0.0018,0.1446,52.5082,0.0237,0.0360,-0.0037,0.6421,0.1194,0.9649,buy
2025-11-05,239.8211,7230800,229.1686,240.8366,229.0790,0.0465,0.0218,0.0922,0.0355,0.1888,60.5209,0.0255,0.0355,-0.0019,0.9625,0.0485,1.0162,sell
2025-11-06,232.4938,9278400,239.7017,239.7017,231.8964,-0.0306,0.0042,0.0221,0.0017,0.1447,56.3523,0.0264,0.0346,-0.0032,0.6884,0.2832,1.2808,sell
2025-11-07,229.0491,6892800,231.2394,231.4883,222.3888,-0.0148,-0.0130,0.0058,-0.0137,0.1206,51.4362,0.0270,0.0319,-0.0052,0.5407,-0.2571,0.9922,buy
2025-11-10,234.0369,7673700,235.1818,235.4904,231.0303,0.0218,-0.0111,0.0162,0.0061,0.1367,56.4470,0.0276,0.0301,-0.0050,0.7378,0.1133,1.1060,sell
2025-11-11,227.6553,6237600,231.5381,232.2150,225.9928,-0.0273,-0.0066,0.0045,-0.0217,0.0982,55.6801,0.0286,0.0275,-0.0069,0.4061,-0.1871,0.9123,buy
2025-11-12,229.7062,5955400,230.2040,230.8113,227.8843,0.0090,-0.0422,-0.0213,-0.0108,0.1002,51.7241,0.0262,0.0249,-0.0073,0.5074,-0.0452,0.8845,sell
2025-11-13,222.2395,13465900,226.3810,227.9839,218.6555,-0.0325,-0.0441,-0.0401,-0.0391,0.0579,46.2067,0.0277,0.0209,-0.0099,0.1357,1.2611,1.9184,buy
2025-11-14,225.0071,15254400,202.8459,225.1565,202.4975,0.0125,-0.0176,-0.0304,-0.0242,0.0647,46.3542,0.0282,0.0177,-0.0102,0.2724,0.1328,2.0289,buy
2025-11-17,227.6952,8713600,223.2052,230.6819,222.2694,0.0119,-0.0271,-0.0379,-0.0087,0.0707,50.7434,0.0276,0.0159,-0.0093,0.4100,-0.4288,1.1347,sell
2025-11-18,224.1211,12167400,225.4751,226.6100,218.4464,-0.0157,-0.0155,-0.0220,-0.0221,0.0478,42.1201,0.0262,0.0134,-0.0098,0.2292,0.3964,1.5096,buy
2025-11-19,234.0867,8870500,226.2815,234.8632,225.4950,0.0445,0.0191,-0.0239,0.0240,0.0872,51.7371,0.0258,0.0140,-0.0065,0.7274,-0.2710,1.0913,sell
2025-11-20,219.6826,9264000,238.1964,240.1615,218.4157,-0.0615,-0.0115,-0.0551,-0.0336,0.0155,42.9471,0.0309,0.0106,-0.0091,-0.0086,0.0444,1.1240,buy
2025-11-21,223.4532,8596800,218.6551,227.5929,214.9643,0.0172,-0.0069,-0.0244,-0.0146,0.0276,42.4098,0.0315,0.0082,-0.0088,0.2041,-0.0720,1.0229,buy
2025-11-24,230.3360,8806600,222.3061,232.6203,222.3061,0.0308,0.0116,-0.0158,0.0174,0.0534,50.6759,0.0324,0.0087,-0.0063,0.5406,0.0244,1.0409,buy
2025-11-25,241.8573,8330300,236.9595,244.0119,232.5605,0.0500,0.0791,0.0624,0.0616,0.0992,51.1671,0.0346,0.0124,-0.0015,1.0034,-0.0541,0.9719,buy
2025-11-26,249.3487,8791100,242.2264,252.0320,242.2264,0.0310,0.0652,0.0855,0.0851,0.1258,59.6427,0.0354,0.0175,0.0032,1.1443,0.0553,1.0196,hold
2025-11-28,251.6230,2916300,250.1766,251.8524,247.2339,0.0091,0.1454,0.1322,0.0812,0.1297,63.0898,0.0323,0.0221,0.0063,1.0780,-0.6683,0.3471,buy
2025-12-01,254.1168,6842400,249.6080,255.1542,247.9122,0.0099,0.1372,0.1294,0.0784,0.1343,61.9904,0.0324,0.0261,0.0084,1.0348,1.3463,0.8129,buy
2025-12-02,264.6705,9196800,254.9946,266.3862,254.9946,0.0415,0.1491,0.1624,0.1059,0.1746,71.0541,0.0336,0.0311,0.0113,1.1237,0.3441,1.0733,buy
2025-12-03,267.9623,7999600,264.6405,268.4810,259.0644,0.0124,0.1079,0.1956,0.0995,0.1821,71.4570,0.0318,0.0361,0.0132,1.0577,-0.1302,0.9276,hold
2025-12-04,268.7703,6348800,267.6730,272.0820,265.3388,0.0030,0.0779,0.1482,0.0873,0.1785,78.2048,0.0307,0.0400,0.0137,0.9864,-0.2064,0.7399,hold
2025-12-05,267.3338,5373400,269.1194,272.9099,266.6954,-0.0053,0.0624,0.2169,0.0611,0.1652,76.0774,0.0177,0.0424,0.0128,0.9047,-0.1536,0.6408,hold
2025-12-08,267.4934,5338100,268.8301,271.4835,265.8775,0.0006,0.0526,0.1971,0.0435,0.1594,75.3081,0.0187,0.0437,0.0113,0.8604,-0.0066,0.6426,hold
2025-12-09,266.4760,4062600,265.4086,268.0421,264.0720,-0.0038,0.0068,0.1569,0.0250,0.1488,77.8391,0.0194,0.0442,0.0093,0.8110,-0.2389,0.4999,buy
2025-12-10,274.4660,6244600,266.1069,275.4137,265.1991,0.0300,0.0243,0.1348,0.0427,0.1761,77.2482,0.0161,0.0449,0.0088,0.8694,0.5371,0.7684,sell
2025-12-11,269.4386,7061200,270.5458,271.3139,262.1767,-0.0183,0.0025,0.0806,0.0158,0.1493,88.4402,0.0174,0.0453,0.0069,0.7753,0.1308,0.8630,sell
2025-12-12,258.5657,6739300,266.5957,269.0396,256.4909,-0.0404,-0.0328,0.0276,-0.0277,0.0996,74.4445,0.0231,0.0430,0.0024,0.6208,-0.0456,0.8590,buy
2025-12-15,260.6205,6406000,262.7752,265.0296,259.1442,0.0079,-0.0257,0.0256,-0.0224,0.1042,72.6027,0.0230,0.0395,-0.0006,0.6294,-0.0495,0.8653,sell
2025-12-16,258.1966,5859700,259.1442,260.9298,254.6654,-0.0093,-0.0311,-0.0245,-0.0291,0.0907,64.1110,0.0188,0.0362,-0.0035,0.5791,-0.0853,0.8070,sell
2025-12-17,247.6529,7855400,257.5183,259.4535,246.3062,-0.0408,-0.0977,-0.0758,-0.0616,0.0429,48.6088,0.0215,0.0309,-0.0084,0.4057,0.3406,1.1150,buy
2025-12-18,252.8699,8741200,258.4460,260.1717,251.6030,0.0211,-0.0615,-0.0592,-0.0360,0.0616,50.9758,0.0232,0.0263,-0.0097,0.4700,0.1128,1.2419,buy
2025-12-19,255.7727,25749700,255.0744,260.6705,252.9497,0.0115,-0.0108,-0.0432,-0.0206,0.0705,51.2876,0.0238,0.0236,-0.0096,0.4854,1.9458,3.2748,buy
2025-12-22,258.3662,4182000,262.1767,262.1767,256.9597,0.0101,-0.0086,-0.0341,-0.0072,0.0769,44.4051,0.0242,0.0220,-0.0087,0.5016,-0.8376,0.5472,hold
2025-12-23,259.5832,3791500,257.5183,259.8026,257.2390,0.0047,0.0054,-0.0259,0.0001,0.0783,42.2794,0.0243,0.0210,-0.0077,0.4949,-0.0934,0.5130,hold
2025-12-24,260.1318,1279500,259.5832,260.8300,258.6854,0.0021,0.0504,-0.0522,0.0078,0.0767,42.0022,0.0217,0.0201,-0.0068,0.4818,-0.6625,0.1818,hold
2025-12-26,261.2490,1836000,261.1891,262.2864,259.5532,0.0043,0.0331,-0.0304,0.0153,0.0782,44.3329,0.0213,0.0195,-0.0058,0.4993,0.4349,0.2744,hold
2025-12-29,262.3961,2601600,260.1717,263.9922,259.3537,0.0044,0.0259,0.0148,0.0183,0.0798,45.3384,0.0168,0.0192,-0.0049,0.5225,0.4170,0.3897,sell
2025-12-30,259.3238,2185100,263.5333,264.3513,259.1343,-0.0117,0.0037,-0.0050,0.0069,0.0641,43.6961,0.0171,0.0180,-0.0050,0.3919,-0.1601,0.3392,sell
2025-12-31,256.3512,3025800,260.8201,261.1792,255.3238,-0.0115,-0.0125,-0.0071,-0.0040,0.0493,32.4846,0.0172,0.0160,-0.0059,0.2941,0.3847,0.4933,buy
2026-01-02,268.2017,7553200,266.4161,270.5558,264.4410,0.0462,0.0310,0.0830,0.0338,0.0940,48.9434,0.0166,0.0170,-0.0031,0.7535,1.4963,1.2359,buy
2026-01-05,283.6133,10398700,275.4336,287.0247,275.4336,0.0575,0.0856,0.1216,0.0804,0.1508,69.8561,0.0227,0.0214,0.0019,1.1643,0.3767,1.6469,buy
2026-01-06,295.2742,7237900,284.7205,297.4787,284.7205,0.0411,0.1253,0.1544,0.1082,0.1916,73.8403,0.0245,0.0276,0.0071,1.2267,-0.3040,1.1296,sell
2026-01-07,291.4737,6148400,291.2742,294.5161,289.2792,-0.0129,0.1240,0.1281,0.0805,0.1702,72.4677,0.0260,0.0321,0.0091,1.0311,-0.1505,0.9535,sell
2026-01-08,280.9399,5500700,289.9774,291.1944,278.7554,-0.0361,0.0959,0.0823,0.0333,0.1234,72.4774,0.0302,0.0333,0.0076,0.7935,-0.1053,0.8437,buy
2026-01-09,300.4313,9427600,287.6831,302.0274,285.7878,0.0694,0.1202,0.1549,0.0888,0.1943,76.9257,0.0357,0.0360,0.0095,1.0561,0.7139,1.4115,buy
2026-01-12,306.4763,6612800,300.9700,308.7307,299.8428,0.0201,0.0806,0.1731,0.0928,0.2114,77.7184,0.0355,0.0402,0.0114,1.0395,-0.2986,0.9934,hold
2026-01-13,304.1122,7146500,306.2967,309.8679,301.8379,-0.0077,0.0299,0.1590,0.0685,0.1952,75.0711,0.0362,0.0433,0.0114,0.9356,0.0807,1.0703,hold
2026-01-14,301.1396,6545200,300.7206,301.1895,296.2617,-0.0098,0.0332,0.1612,0.0427,0.1771,72.3450,0.0360,0.0446,0.0099,0.8517,-0.0841,0.9792,buy
2026-01-15,318.2868,11262800,327.2645,330.1772,318.0375,0.0569,0.1329,0.2416,0.0790,0.2362,76.5338,0.0368,0.0467,0.0111,0.9800,0.7208,1.6196,buy
2026-01-16,326.1971,11399300,324.9103,329.3692,319.3741,0.0249,0.0858,0.2162,0.0845,0.2575,77.9035,0.0358,0.0504,0.0126,0.9898,0.0121,1.5985,sell
2026-01-20,317.4390,9387300,315.3143,323.6834,314.9153,-0.0268,0.0358,0.1193,0.0436,0.2164,72.1963,0.0361,0.0529,0.0112,0.8550,-0.1765,1.3104,buy
2026-01-21,324.4315,7914000,318.6859,327.8730,316.1222,0.0220,0.0668,0.0987,0.0565,0.2345,75.4504,0.0348,0.0538,0.0104,0.8802,-0.1569,1.2618,sell
2026-01-22,317.9976,6036100,332.1623,332.2022,316.6709,-0.0198,0.0560,0.0910,0.0266,0.2019,73.4624,0.0354,0.0542,0.0079,0.7853,-0.2373,0.9484,buy
2026-01-23,321.5787,6201000,318.1871,322.8356,310.2968,0.0113,0.0103,0.1447,0.0248,0.2075,71.6798,0.0316,0.0534,0.0061,0.7912,0.0273,0.9562,hold
2026-01-26,318.6659,4777200,321.1996,321.1996,315.7831,-0.0091,-0.0231,0.0607,0.0096,0.1884,65.8460,0.0255,0.0523,0.0037,0.7380,-0.2296,0.7173,buy
2026-01-27,331.8830,8033000,323.6435,335.6337,322.4864,0.0415,0.0455,0.0829,0.0431,0.2283,66.3198,0.0276,0.0517,0.0040,0.8409,0.6815,1.1526,buy
2026-01-28,335.9129,8470000,341.0801,343.1848,332.1323,0.0121,0.0354,0.1046,0.0453,0.2329,69.7701,0.0270,0.0526,0.0044,0.8494,0.0544,1.1662,buy
2026-01-29,340.4915,7350500,339.8930,343.7434,328.0625,0.0136,0.0707,0.1307,0.0467,0.2392,77.9757,0.0261,0.0535,0.0048,0.8698,-0.1322,0.9773,sell
2026-01-30,321.5188,9814100,332.1024,340.1025,320.7407,-0.0557,-0.0002,0.0102,-0.0126,0.1622,59.9548,0.0290,0.0527,0.0008,0.6446,0.3352,1.2485,buy
2026-02-02,327.5837,7409600,319.8031,329.6186,319.0550,0.0189,0.0280,0.0043,0.0056,0.1753,59.9624,0.0285,0.0495,-0.0011,0.7104,-0.2450,0.9435,sell
2026-02-03,317.8779,10697000,336.1025,337.5987,311.1746,-0.0296,-0.0422,0.0014,-0.0243,0.1337,56.0761,0.0288,0.0463,-0.0047,0.5466,0.4437,1.3595,sell
2026-02-04,296.8603,14719400,323.1846,323.1846,286.7754,-0.0661,-0.1163,-0.0850,-0.0810,0.0529,48.3707,0.0344,0.0393,-0.0122,0.2048,0.3760,1.7858,buy
2026-02-05,303.2344,8514300,299.3241,303.5935,291.5934,0.0215,-0.1094,-0.0464,-0.0570,0.0695,43.7567,0.0354,0.0319,-0.0148,0.2885,-0.4216,1.0183,buy
2026-02-06,321.7084,8344400,308.6409,323.5937,307.5337,0.0609,0.0006,0.0004,0.0004,0.1274,48.2882,0.0408,0.0294,-0.0117,0.5821,-0.0200,0.9813,buy
2026-02-09,329.7483,7458900,316.7707,331.5738,315.3143,0.0250,0.0066,0.0348,0.0219,0.1485,54.7200,0.0413,0.0298,-0.0082,0.7244,-0.1061,0.8875,hold
2026-02-10,328.2520,6785800,329.0401,333.7783,320.7208,-0.0045,0.0326,-0.0109,0.0184,0.1370,51.5294,0.0392,0.0302,-0.0065,0.6730,-0.0902,0.8066,buy
2026-02-11,339.0352,7160900,337.0701,343.4841,330.0675,0.0329,0.1421,0.0093,0.0508,0.1673,58.1385,0.0405,0.0316,-0.0031,0.8659,0.0553,0.8511,sell
2026-02-12,327.5737,9764400,339.0352,340.2222,324.7507,-0.0338,0.0803,-0.0379,0.0194,0.1222,52.1859,0.0417,0.0314,-0.0036,0.6004,0.3636,1.1387,buy
2026-02-13,354.0278,15706000,364.0429,375.3846,352.3819,0.0808,0.1005,0.1011,0.0907,0.2054,61.0045,0.0448,0.0338,0.0011,1.0764,0.6085,1.7853,hold
2026-02-17,358.2373,8791300,350.1275,361.7286,346.7958,0.0119,0.0864,0.0936,0.0933,0.2123,58.6885,0.0447,0.0376,0.0042,1.0409,-0.4403,1.0144,buy
2026-02-18,368.3820,8784300,360.7311,373.0703,358.3670,0.0283,0.1223,0.1589,0.1072,0.2383,60.2896,0.0427,0.0415,0.0073,1.0720,-0.0008,1.0171,hold
2026-02-19,369.3708,6640100,361.7503,369.6105,359.9525,0.0027,0.0895,0.2443,0.0865,0.2331,59.3650,0.0324,0.0451,0.0087,0.9918,-0.2441,0.7745,buy
2026-02-20,374.9139,8178700,365.8152,376.6417,365.8152,0.0150,0.1445,0.2364,0.0801,0.2427,68.9671,0.0324,0.0479,0.0097,0.9772,0.2317,0.9422,hold
2026-02-23,373.0862,6077400,371.9376,378.3896,369.2210,-0.0049,0.0538,0.1597,0.0591,0.2280,66.6651,0.0303,0.0499,0.0092,0.8983,-0.2569,0.7007,buy
2026-02-24,377.4608,5711800,376.1224,380.0376,367.5431,0.0117,0.0537,0.1447,0.0572,0.2340,72.7088,0.0301,0.0511,0.0087,0.8920,-0.0602,0.6550,buy
2026-02-25,394.4596,9745000,384.5220,395.4584,383.5232,0.0450,0.0708,0.2017,0.0847,0.2791,88.3735,0.0308,0.0531,0.0100,0.9801,0.7061,1.1066,sell
2026-02-26,375.2535,7717100,391.3135,392.9815,366.0849,-0.0487,0.0159,0.1068,0.0217,0.2077,75.7207,0.0369,0.0545,0.0074,0.7736,-0.2081,0.8801,hold
2026-02-27,371.8377,9041400,365.4856,378.1099,365.1560,-0.0091,-0.0082,0.1351,0.0004,0.1882,70.0607,0.0343,0.0527,0.0041,0.7236,0.1716,1.0213,hold
2026-03-02,371.7179,5802100,366.1248,373.3459,362.8290,-0.0003,-0.0037,0.0500,-0.0047,0.1793,67.9320,0.0248,0.0502,0.0013,0.7012,-0.3583,0.6706,sell
2026-03-03,350.8838,7982000,350.4643,359.0836,348.1572,-0.0560,-0.0704,-0.0205,-0.0586,0.1059,58.2984,0.0313,0.0458,-0.0048,0.5062,0.3757,0.9195,buy
2026-03-04,357.3158,5980400,358.7740,361.8901,350.2646,0.0183,-0.0942,-0.0300,-0.0385,0.1188,56.9239,0.0303,0.0402,-0.0076,0.5482,-0.2508,0.7081,sell
2026-03-05,346.0997,5899700,350.6041,354.3195,335.8824,-0.0314,-0.0777,-0.0630,-0.0628,0.0776,57.0299,0.0316,0.0346,-0.0118,0.4089,-0.0135,0.7371,sell
2026-03-06,324.3368,8655200,329.1109,340.9761,321.3405,-0.0629,-0.1277,-0.1349,-0.1096,0.0057,38.3174,0.0352,0.0254,-0.0193,0.1328,0.4671,1.0804,buy
2026-03-09,338.5192,9504100,320.0821,338.7389,316.2668,0.0437,-0.0893,-0.0927,-0.0617,0.0446,42.8061,0.0396,0.0187,-0.0193,0.2776,0.0981,1.1778,buy
2026-03-10,345.4506,6121100,339.4280,354.8389,338.5791,0.0205,-0.0155,-0.0848,-0.0339,0.0604,41.4329,0.0402,0.0154,-0.0175,0.3474,-0.3560,0.7649,buy
2026-03-11,350.6341,4517200,347.5679,352.5617,343.1035,0.0150,-0.0187,-0.1111,-0.0073,0.0704,43.2128,0.0368,0.0139,-0.0148,0.3934,-0.2620,0.5726,sell
2026-03-12,336.8512,5978200,343.7626,345.0511,333.5953,-0.0393,-0.0267,-0.1023,-0.0358,0.0237,36.9887,0.0359,0.0101,-0.0158,0.2085,0.3234,0.7635,buy
2026-03-13,341.1060,5332200,342.0448,348.8164,339.8575,0.0126,0.0517,-0.0826,-0.0150,0.0315,39.2464,0.0366,0.0074,-0.0146,0.2436,-0.1081,0.7008,buy
2026-03-16,345.7502,4427000,347.2683,350.3145,343.1434,0.0136,0.0214,-0.0699,0.0060,0.0399,39.3563,0.0372,0.0063,-0.0123,0.3184,-0.1698,0.6285,buy
2026-03-17,352.0224,4833900,345.7502,352.3719,342.5841,0.0181,0.0190,0.0032,0.0239,0.0535,34.6507,0.0334,0.0068,-0.0092,0.4119,0.0919,0.7060,hold
2026-03-18,349.0361,5170500,352.9512,357.4157,348.7964,-0.0085,-0.0046,-0.0232,0.0177,0.0405,39.2568,0.0329,0.0065,-0.0076,0.3830,0.0696,0.7757,buy
2026-03-19,356.7665,6459700,340.3169,358.6042,337.6702,0.0221,0.0591,0.0308,0.0370,0.0596,44.0351,0.0319,0.0078,-0.0048,0.5013,0.2493,0.9704,hold
2026-03-20,356.6167,17587900,359.3233,361.5505,346.2296,-0.0004,0.0455,0.0995,0.0269,0.0551,44.0247,0.0221,0.0088,-0.0031,0.5127,1.7227,2.4677,buy
2026-03-23,361.3408,6490700,367.3633,373.7853,361.0012,0.0132,0.0451,0.0674,0.0337,0.0640,54.7423,0.0187,0.0104,-0.0011,0.5936,-0.6310,0.9081,buy
2026-03-24,373.5256,6406200,357.7153,379.5182,357.5555,0.0337,0.0611,0.0813,0.0601,0.0952,56.9867,0.0202,0.0139,0.0022,0.7860,-0.0130,0.8919,sell
2026-03-25,368.8814,5052000,370.5394,375.2135,360.2122,-0.0124,0.0569,0.0520,0.0415,0.0776,60.4089,0.0210,0.0159,0.0033,0.7759,-0.2114,0.7271,sell
2026-03-26,338.1296,9261000,357.9250,359.0337,337.1109,-0.0834,-0.0522,0.0038,-0.0457,-0.0142,55.8236,0.0327,0.0115,-0.0019,0.2401,0.8331,1.3183,hold
2026-03-27,336.7514,5984800,337.2108,345.2608,333.9249,-0.0041,-0.0557,-0.0128,-0.0484,-0.0202,49.1631,0.0325,0.0064,-0.0056,0.2378,-0.3538,0.8709,sell
2026-03-30,322.7188,6568100,343.5729,344.1122,320.2918,-0.0417,-0.1069,-0.0666,-0.0821,-0.0613,39.9167,0.0344,-0.0010,-0.0108,0.0225,0.0975,0.9504,buy
2026-03-31,341.3656,8335600,328.4217,341.6353,325.0559,0.0578,-0.0861,-0.0303,-0.0261,-0.0079,46.3274,0.0395,-0.0023,-0.0092,0.3894,0.2691,1.2031,buy
2026-04-01,353.3607,5974800,344.8613,358.5542,341.0061,0.0351,-0.0421,0.0124,0.0069,0.0248,56.6359,0.0411,-0.0005,-0.0058,0.6234,-0.2832,0.8624,sell
2026-04-02,348.0373,4269400,337.5803,353.8701,336.8313,-0.0151,0.0293,-0.0245,-0.0058,0.0080,52.7623,0.0407,-0.0003,-0.0046,0.5188,-0.2854,0.6236,hold
2026-04-06,352.1822,2505500,350.5841,353.0611,345.4006,0.0119,0.0458,-0.0124,0.0073,0.0180,52.5735,0.0410,0.0007,-0.0028,0.5788,-0.4131,0.3832,hold
2026-04-07,353.8701,4024800,347.7177,355.5580,345.0710,0.0048,0.0965,-0.0207,0.0143,0.0209,50.7675,0.0407,0.0019,-0.0012,0.5997,0.6064,0.6424,buy
2026-04-08,385.2411,7628500,378.4196,388.8166,377.3109,0.0887,0.1285,0.0314,0.1005,0.1072,62.1685,0.0489,0.0091,0.0050,1.1027,0.8954,1.2032,buy
2026-04-09,397.3161,5373600,384.7717,398.2449,384.6518,0.0313,0.1244,0.0771,0.1259,0.1376,63.2420,0.0492,0.0167,0.0102,1.1262,-0.2956,0.8418,hold
2026-04-10,398.9940,6399900,402.0003,406.7843,398.4846,0.0042,0.1464,0.1800,0.1115,0.1383,63.7021,0.0374,0.0230,0.0132,1.0365,0.1910,0.9993,hold
2026-04-13,395.2387,5246600,397.3560,400.0027,389.1063,-0.0094,0.1223,0.1737,0.0833,0.1241,61.0295,0.0378,0.0272,0.0138,0.9242,-0.1802,0.8198,hold
2026-04-14,395.1488,5353200,399.5033,400.5520,390.5245,-0.0002,0.1166,0.2244,0.0620,0.1191,57.6367,0.0326,0.0300,0.0133,0.8731,0.0203,0.8304,hold
2026-04-15,393.7705,5925100,388.7267,394.1200,379.2086,-0.0035,0.0221,0.1535,0.0436,0.1111,58.9977,0.0306,0.0316,0.0119,0.8204,0.1068,0.9114,sell
2026-04-16,389.4159,5113000,388.4671,393.0214,383.8228,-0.0111,-0.0199,0.1020,0.0223,0.0944,72.9139,0.0306,0.0320,0.0096,0.7479,-0.1371,0.7869,buy
2026-04-17,396.4471,6017900,397.2561,400.0027,389.9253,0.0181,-0.0064,0.1391,0.0277,0.1079,75.3887,0.0294,0.0324,0.0084,0.7909,0.1770,0.9293,sell
2026-04-20,391.1338,3747500,397.1063,397.9952,389.8953,-0.0134,-0.0104,0.1106,0.0038,0.0877,81.4278,0.0306,0.0322,0.0063,0.7158,-0.3773,0.6479,hold
2026-04-21,393.8404,5414900,392.5120,397.0164,390.5744,0.0069,-0.0033,0.1130,0.0005,0.0909,78.2412,0.0305,0.0317,0.0048,0.7223,0.4449,0.9450,buy
2026-04-22,402.9790,5268100,399.3735,403.5783,390.7742,0.0232,0.0234,0.0460,0.0191,0.1117,77.5510,0.0153,0.0322,0.0047,0.7868,-0.0271,0.9286,hold
2026-04-23,403.4085,4420800,405.6657,413.3062,396.6469,0.0011,0.0359,0.0153,0.0186,0.1083,82.5123,0.0121,0.0329,0.0043,0.7659,-0.1608,0.7836,buy
2026-04-24,416.5222,6159600,411.9878,419.9779,409.8005,0.0325,0.0506,0.0439,0.0471,0.1395,84.1787,0.0156,0.0345,0.0055,0.8487,0.3933,1.1227,sell
2026-04-27,404.3573,5663400,415.4835,416.4822,397.5058,-0.0292,0.0338,0.0231,0.0142,0.1015,74.1335,0.0185,0.0349,0.0040,0.7166,-0.0806,1.0353,sell
2026-04-28,380.6368,10396200,385.5207,389.5857,377.3309,-0.0587,-0.0335,-0.0367,-0.0418,0.0354,47.6254,0.0268,0.0311,-0.0014,0.4544,0.8357,1.8362,hold
2026-04-29,382.1150,5116400,383.3934,385.5307,376.6018,0.0039,-0.0518,-0.0296,-0.0353,0.0381,41.1982,0.0269,0.0263,-0.0048,0.4416,-0.5079,0.9301,buy
2026-04-30,394.0002,7050000,385.0613,395.5183,384.0825,0.0311,-0.0233,0.0118,-0.0064,0.0689,47.4141,0.0287,0.0241,-0.0049,0.5731,0.3779,1.2692,sell
2026-05-01,388.5969,4586500,388.9665,398.1451,385.7205,-0.0137,-0.0670,-0.0198,-0.0181,0.0531,46.6185,0.0284,0.0219,-0.0060,0.4646,-0.3494,0.8233,hold
2026-05-04,390.8940,5062300,386.6793,400.5021,385.1711,0.0059,-0.0333,-0.0006,-0.0122,0.0584,47.8814,0.0282,0.0200,-0.0062,0.4633,0.1037,0.8884,buy
2026-05-05,410.3099,6321100,403.8879,413.9854,399.7531,0.0497,0.0780,0.0418,0.0325,0.1088,56.9815,0.0322,0.0213,-0.0029,0.9144,0.2487,1.0874,buy
2026-05-06,428.0878,7241200,420.4773,432.2726,417.2313,0.0433,0.1203,0.0623,0.0705,0.1537,64.6622,0.0341,0.0252,0.0016,1.1802,0.1456,1.2498,sell
2026-05-07,410.1302,7741800,425.8306,427.1690,405.5059,-0.0419,0.0409,0.0167,0.0239,0.1043,54.7909,0.0374,0.0264,0.0014,0.7566,0.0691,1.3094,buy
2026-05-08,434.8994,8165200,422.5846,437.4961,417.3811,0.0604,0.1192,0.0441,0.0808,0.1673,63.4864,0.0408,0.0292,0.0045,1.1154,0.0547,1.3607,buy
2026-05-11,443.0692,8324000,438.7046,447.8932,436.7271,0.0188,0.1335,0.0957,0.0906,0.1847,64.6758,0.0391,0.0332,0.0071,1.0959,0.0194,1.3525,sell
2026-05-12,430.6646,9319400,436.2576,436.5073,416.0428,-0.0280,0.0496,0.1314,0.0471,0.1479,58.0958,0.0340,0.0351,0.0066,0.8659,0.1196,1.4670,buy
2026-05-13,436.0679,7839400,435.3688,439.9531,421.7756,0.0125,0.0186,0.1412,0.0465,0.1570,59.2803,0.0339,0.0359,0.0063,0.8868,-0.1588,1.2157,hold
2026-05-14,440.0130,14936200,442.7895,447.8932,437.4562,0.0090,0.0729,0.1168,0.0445,0.1624,57.0419,0.0333,0.0369,0.0060,0.8860,0.9053,2.1523,hold
2026-05-15,436.0779,12768700,427.8881,443.9481,421.0366,-0.0089,0.0027,0.1222,0.0236,0.1466,60.0025,0.0330,0.0372,0.0048,0.8028,-0.1451,1.7546,sell
2026-05-18,413.0565,8265000,440.7621,441.1616,407.5833,-0.0528,-0.0677,0.0567,-0.0355,0.0810,60.2683,0.0389,0.0343,0.0001,0.5132,-0.3527,1.1016,sell
2026-05-19,406.4048,8418700,403.8679,414.9442,396.8766,-0.0161,-0.0563,-0.0095,-0.0501,0.0598,57.4492,0.0362,0.0292,-0.0045,0.4219,0.0186,1.1000,buy
2026-05-20,426.3200,6888400,415.9329,426.9692,415.3337,0.0490,-0.0224,-0.0041,-0.0032,0.1071,59.4465,0.0370,0.0270,-0.0041,0.6571,-0.1818,0.8906,hold
2026-05-21,427.3600,5682900,424.1900,430.9800,421.6100,0.0024,-0.0288,0.0420,-0.0047,0.1054,61.6263,0.0339,0.0262,-0.0038,0.6546,-0.1750,0.7288,buy
2026-05-22,432.1600,4889300,434.3500,438.1300,430.2900,0.0112,-0.0090,-0.0063,0.0071,0.1123,62.1939,0.0280,0.0259,-0.0030,0.7011,-0.1396,0.6322,buy
2026-05-26,454.8900,8044400,444.7400,456.7800,438.0000,0.0526,0.1013,0.0267,0.0571,0.1640,62.9202,0.0322,0.0283,0.0007,0.9165,0.6453,1.0244,sell
2026-05-27,448.2500,5047600,461.2200,462.4000,441.1200,-0.0146,0.1030,0.0408,0.0375,0.1410,56.2467,0.0311,0.0302,0.0017,0.8157,-0.3725,0.6654,hold
2026-05-28,449.6800,5675600,446.1300,457.6800,438.2500,0.0032,0.0548,0.0312,0.0375,0.1390,63.6515,0.0309,0.0311,0.0022,0.8118,0.1244,0.7455,hold
2026-05-29,450.0600,8546800,452.7700,460.4600,445.7000,0.0008,0.0531,0.0228,0.0360,0.1342,56.2925,0.0309,0.0316,0.0022,0.7910,0.5059,1.1117,buy
2026-06-01,458.1700,6613700,444.5400,463.8800,438.2200,0.0180,0.0602,0.0507,0.0493,0.1487,56.2708,0.0309,0.0325,0.0029,0.8759,-0.2262,0.8490,buy
2026-06-02,490.0500,10440700,465.3000,491.5100,461.4500,0.0696,0.0773,0.1864,0.1029,0.2205,71.2270,0.0295,0.0363,0.0069,1.1822,0.5786,1.2956,buy
2026-06-03,500.7700,8964900,487.9500,508.2600,487.3600,0.0219,0.1172,0.2322,0.1036,0.2386,72.2806,0.0270,0.0414,0.0101,1.1392,-0.1414,1.0945,hold
2026-06-04,501.7000,6729000,485.6600,510.7500,480.1100,0.0019,0.1157,0.1768,0.0876,0.2331,71.6928,0.0258,0.0455,0.0114,1.0321,-0.2494,0.8241,sell
2026-06-05,453.0100,11909400,479.7100,484.9000,452.9100,-0.0971,0.0066,0.0600,-0.0234,0.1088,54.5288,0.0444,0.0450,0.0057,0.5621,0.7699,1.4223,buy
2026-06-08,492.1700,9726900,476.0000,497.7100,471.1200,0.0864,0.0742,0.1389,0.0474,0.1956,69.4787,0.0511,0.0433,0.0058,0.8889,-0.1833,1.1509,hold
2026-06-09,499.2100,11731700,501.7200,525.9800,466.5100,0.0143,0.0187,0.0974,0.0525,0.2033,72.8062,0.0493,0.0448,0.0063,0.8971,0.2061,1.3607,hold
2026-06-10,497.0100,11393800,502.7900,534.4400,494.8800,-0.0044,-0.0075,0.1088,0.0372,0.1880,69.0283,0.0488,0.0458,0.0057,0.8373,-0.0288,1.3058,buy
2026-06-11,552.6400,12427700,522.4900,557.6200,519.9000,0.1119,0.1015,0.2290,0.1290,0.3077,76.0631,0.0580,0.0494,0.0106,1.1136,0.0907,1.3878,buy
2026-06-12,567.2500,8055800,548.6200,569.9500,544.0700,0.0264,0.2522,0.2604,0.1318,0.3289,77.0018,0.0575,0.0558,0.0144,1.0699,-0.3518,0.9355,buy
2026-06-15,585.7800,11664400,589.9800,599.6200,580.5100,0.0327,0.1902,0.2785,0.1397,0.3571,76.6091,0.0575,0.0618,0.0174,1.0499,0.4480,1.3633,sell
2026-06-16,568.2300,10906100,581.9900,600.9100,567.6500,-0.0300,0.1383,0.1595,0.0890,0.3034,73.3551,0.0578,0.0668,0.0168,0.9090,-0.0650,1.2553,buy
2026-06-17,592.9200,11045500,592.0200,623.3500,590.8300,0.0435,0.1930,0.1840,0.1166,0.3453,75.5676,0.0585,0.0689,0.0168,0.9631,0.0128,1.2524,buy
2026-06-18,617.1100,16781200,622.5200,638.9000,612.5000,0.0408,0.1167,0.2300,0.1375,0.3856,77.4817,0.0585,0.0723,0.0178,0.9911,0.5193,1.8017,buy
2026-06-22,640.1800,10737300,626.2200,641.1800,620.6900,0.0374,0.1286,0.4132,0.1406,0.4219,78.5380,0.0408,0.0763,0.0190,1.0024,-0.3602,1.1224,sell
2026-06-23,585.8800,12035100,581.9300,592.5000,573.5100,-0.0848,0.0002,0.1904,0.0267,0.2906,64.0386,0.0517,0.0808,0.0145,0.7623,0.1209,1.2127,hold
2026-06-24,588.9700,10726700,585.2400,594.2700,569.4900,0.0053,0.0365,0.1798,0.0162,0.2864,63.2163,0.0518,0.0778,0.0095,0.7486,-0.1087,1.0665,buy
2026-06-25,668.0000,16477800,637.7400,669.2200,609.7000,0.1342,0.1266,0.3440,0.1195,0.4419,70.1928,0.0626,0.0755,0.0122,0.9856,0.5361,1.5502,sell
2026-06-26,626.8400,28138600,642.7600,660.1900,622.0000,-0.0616,0.0158,0.1343,0.0376,0.3395,71.5003,0.0620,0.0800,0.0101,0.8014,0.7077,2.3942,buy
2026-06-29,694.6400,14165300,635.4300,708.9900,632.1100,0.1082,0.0851,0.2246,0.1261,0.4653,73.3858,0.0688,0.0789,0.0126,0.9840,-0.4966,1.1771,buy
2026-06-30,723.0000,16461200,697.5000,739.6700,696.0000,0.0408,0.2340,0.2343,0.1466,0.5044,74.6351,0.0689,0.0831,0.0155,1.0034,0.1621,1.3142,sell
2026-07-01,650.9100,16089200,668.4100,693.7800,639.0600,-0.0997,0.1052,0.1455,0.0189,0.3399,64.6823,0.0779,0.0887,0.0110,0.7379,-0.0226,1.2561,sell
2026-07-02,603.0400,15071700,656.6900,657.0000,581.9000,-0.0735,-0.0972,0.0171,-0.0575,0.2308,54.8805,0.0820,0.0854,0.0011,0.5612,-0.0632,1.1493,hold
2026-07-06,592.7900,8622800,627.7600,629.0000,591.6800,-0.0170,-0.0543,-0.0394,-0.0700,0.2005,52.4942,0.0813,0.0762,-0.0076,0.5102,-0.4279,0.6528,sell
2026-07-07,554.5000,12552400,545.3500,558.2800,527.6300,-0.0646,-0.2017,-0.1338,-0.1182,0.1162,47.0587,0.0823,0.0661,-0.0188,0.3363,0.4557,0.9480,buy
2026-07-08,570.5000,7535700,547.1000,578.1400,546.1800,0.0289,-0.2109,-0.0263,-0.0906,0.1413,50.2141,0.0788,0.0540,-0.0228,0.3760,-0.3997,0.5739,buy
2026-07-09,588.6600,14418000,627.3100,629.9800,585.4500,0.0318,-0.0956,-0.0005,-0.0616,0.1690,49.5932,0.0794,0.0465,-0.0224,0.4296,0.9133,1.0869,hold
2026-07-10,602.5000,6279300,578.2400,609.2200,573.3900,0.0235,-0.0009,-0.0981,-0.0294,0.1860,48.5769,0.0656,0.0422,-0.0200,0.4663,-0.5645,0.4827,sell
2026-07-13,575.3900,7561700,582.0100,590.0200,568.1500,-0.0450,-0.0294,-0.0821,-0.0653,0.1241,43.7383,0.0643,0.0373,-0.0223,0.3083,0.2042,0.5923,buy
2026-07-14,595.7000,6513900,613.9000,614.1400,584.0000,0.0353,0.0743,-0.1424,-0.0165,0.1547,51.0158,0.0529,0.0331,-0.0195,0.4114,-0.1386,0.5133,sell
2026-07-15,579.4300,8168200,610.3800,611.7200,557.1600,-0.0273,0.0157,-0.1986,-0.0201,0.1149,49.0394,0.0493,0.0291,-0.0200,0.3216,0.2540,0.6527,sell
2026-07-16,560.9300,8406100,562.5400,591.0900,557.2700,-0.0319,-0.0471,-0.1382,-0.0368,0.0723,37.7216,0.0413,0.0231,-0.0221,0.2215,0.0291,0.6785,sell
2026-07-17,529.6600,10326500,532.4000,551.1800,513.2200,-0.0557,-0.1209,-0.1217,-0.0789,0.0079,38.5971,0.0387,0.0137,-0.0274,0.0951,0.2285,0.8359,hold
2026-07-20,525.7000,6558300,545.6300,554.9900,522.9600,-0.0075,-0.0864,-0.1132,-0.0750,-0.0033,26.6838,0.0387,0.0045,-0.0295,0.1239,-0.3649,0.5538,buy
2026-07-21,564.5500,7636400,564.9500,572.5000,552.0000,0.0739,-0.0523,0.0181,-0.0083,0.0641,28.7469,0.0422,0.0029,-0.0230,0.3313,0.1644,0.6534,sell
2026-07-22,553.9200,4963500,544.3100,563.3400,543.1800,-0.0188,-0.0440,-0.0291,-0.0242,0.0394,34.4223,0.0415,0.0003,-0.0209,0.2910,-0.3500,0.4379,buy
2026-07-23,562.8000,5706400,548.9700,576.4900,547.3900,0.0160,0.0033,-0.0439,-0.0040,0.0514,42.6116,0.0404,-0.0005,-0.0171,0.3415,0.1497,0.5149,sell
