date,close,volume,open,high,low,return_1d,return_5d,return_10d,price_vs_ma10,price_vs_ma50,rsi_14,volatility_10d,macd_norm,macd_hist_norm,bb_position,volume_change,volume_vs_avg20,label
2021-09-10,149.3607,2943700,151.6662,151.9391,149.0501,-0.0042,-0.0205,-0.0410,-0.0211,-0.0510,47.9668,0.0134,-0.0138,-0.0026,0.1907,-0.1068,0.8294,buy
2021-09-13,151.9297,3192500,151.1675,152.2591,150.3299,0.0172,0.0135,-0.0427,0.0002,-0.0340,51.8275,0.0131,-0.0126,-0.0013,0.4239,0.0845,0.9119,sell
2021-09-14,150.0759,4281500,153.0872,156.0514,149.4171,-0.0122,-0.0015,-0.0291,-0.0091,-0.0448,46.9909,0.0111,-0.0128,-0.0011,0.2847,0.3411,1.2155,buy
2021-09-15,151.8262,2933100,150.5840,152.7390,149.8218,0.0117,0.0152,-0.0278,0.0053,-0.0327,40.4948,0.0113,-0.0116,-0.0000,0.4526,-0.3149,0.8922,buy
2021-09-16,153.0401,2765000,153.4824,154.7998,152.6354,0.0080,0.0203,-0.0110,0.0145,-0.0240,44.4784,0.0115,-0.0100,0.0012,0.5601,-0.0573,0.8514,buy
2021-09-17,154.2540,6390600,152.0426,154.5646,152.0426,0.0079,0.0328,0.0115,0.0214,-0.0158,40.2394,0.0107,-0.0079,0.0025,0.6516,1.3112,1.9051,sell
2021-09-20,151.1016,5976900,149.9629,152.5790,148.6361,-0.0204,-0.0055,0.0080,-0.0003,-0.0346,42.0440,0.0114,-0.0081,0.0021,0.3570,-0.0647,1.7079,buy
2021-09-21,153.6424,3480600,152.3626,155.5997,152.1555,0.0168,0.0238,0.0222,0.0143,-0.0172,44.4399,0.0125,-0.0066,0.0027,0.5811,-0.4177,0.9741,buy
2021-09-22,157.6135,3562800,155.8538,158.6769,155.1763,0.0258,0.0381,0.0539,0.0350,0.0089,55.6712,0.0142,-0.0033,0.0047,0.8960,0.0236,0.9808,buy
2021-09-23,163.1374,4399200,159.4956,163.8337,159.3262,0.0350,0.0660,0.0876,0.0621,0.0441,68.6203,0.0170,0.0020,0.0077,1.1782,0.2348,1.1976,buy
2021-09-24,165.3582,2680400,163.1468,165.6217,163.0809,0.0136,0.0720,0.1071,0.0655,0.0580,77.3850,0.0164,0.0069,0.0101,1.1437,-0.3907,0.7345,buy
2021-09-27,166.3463,3703300,167.1933,168.2566,165.9323,0.0060,0.1009,0.0949,0.0620,0.0634,77.8505,0.0163,0.0112,0.0115,1.0849,0.3816,1.0052,sell
2021-09-28,162.9304,3862200,165.1418,166.7886,162.5069,-0.0205,0.0605,0.0857,0.0317,0.0403,71.2407,0.0176,0.0131,0.0107,0.8737,0.0429,1.0304,sell
2021-09-29,161.4247,2726100,162.6951,162.7798,160.3519,-0.0092,0.0242,0.0632,0.0160,0.0304,67.5628,0.0184,0.0136,0.0089,0.7835,-0.2942,0.7352,sell
2021-09-30,157.6512,3088200,162.0270,162.1964,157.5382,-0.0234,-0.0336,0.0301,-0.0106,0.0069,61.6135,0.0206,0.0122,0.0059,0.6112,0.1328,0.8271,buy
2021-10-01,163.6832,3956000,158.5639,164.7936,158.5451,0.0383,-0.0101,0.0611,0.0212,0.0450,65.0084,0.0235,0.0132,0.0057,0.8338,0.2810,1.0652,sell
2021-10-04,162.4787,3613900,163.6267,166.7792,161.7447,-0.0074,-0.0233,0.0753,0.0065,0.0374,66.1046,0.0221,0.0137,0.0050,0.7565,-0.0865,0.9809,buy
2021-10-05,164.4548,2629400,163.2033,165.6782,162.4598,0.0122,0.0094,0.0704,0.0120,0.0497,66.3023,0.0220,0.0147,0.0048,0.8045,-0.2724,0.7250,sell
2021-10-06,163.1750,2922200,162.3751,164.5866,159.8814,-0.0078,0.0108,0.0353,0.0007,0.0415,63.0609,0.0213,0.0149,0.0040,0.7287,0.1114,0.8072,buy
2021-10-07,164.4203,3578800,165.5617,166.8542,163.8637,0.0076,0.0429,0.0079,0.0075,0.0489,63.0906,0.0184,0.0153,0.0036,0.7550,0.2247,0.9847,hold
2021-10-08,165.2316,2375300,164.0052,166.9579,163.7033,0.0049,0.0095,-0.0008,0.0126,0.0536,69.3620,0.0179,0.0159,0.0033,0.7654,-0.3363,0.6587,sell
2021-10-11,163.6373,2499200,165.8353,166.7787,163.5146,-0.0096,0.0071,-0.0163,0.0045,0.0430,64.0605,0.0181,0.0156,0.0023,0.6754,0.0522,0.6998,buy
2021-10-12,165.0051,3069500,163.7788,166.5617,163.2976,0.0084,0.0033,0.0127,0.0116,0.0509,61.2201,0.0169,0.0155,0.0019,0.7190,0.2282,0.8743,sell
2021-10-13,159.1657,5608100,162.9958,164.2316,157.6186,-0.0354,-0.0246,-0.0140,-0.0229,0.0137,44.0284,0.0204,0.0131,-0.0008,0.4086,0.8270,1.5388,buy
2021-10-14,161.7977,3061900,161.3166,162.6184,160.1940,0.0165,-0.0160,0.0263,-0.0092,0.0300,44.7120,0.0195,0.0117,-0.0016,0.5272,-0.4540,0.8368,buy
2021-10-15,165.8542,3043900,163.9297,167.7032,163.3448,0.0251,0.0038,0.0133,0.0143,0.0550,49.3301,0.0171,0.0124,-0.0005,0.7403,-0.0059,0.8717,buy
2021-10-18,166.8070,2623300,165.6372,167.5523,164.4580,0.0057,0.0194,0.0266,0.0174,0.0603,55.6558,0.0169,0.0133,0.0004,0.8055,-0.1382,0.7891,hold
2021-10-19,167.2692,1400100,167.6655,167.9202,166.2787,0.0028,0.0137,0.0171,0.0185,0.0624,58.7947,0.0166,0.0142,0.0011,0.8521,-0.4663,0.4348,buy
2021-10-20,169.4296,2398500,166.9296,169.5900,166.2316,0.0129,0.0645,0.0383,0.0277,0.0747,68.6282,0.0165,0.0155,0.0021,0.9999,0.7131,0.7585,sell
2021-10-21,167.4202,3313800,169.4107,169.6088,166.0429,-0.0119,0.0348,0.0182,0.0137,0.0611,56.7720,0.0172,0.0158,0.0017,0.7863,0.3816,1.0663,buy
2021-10-22,176.4860,6026100,174.5238,178.3256,171.8823,0.0542,0.0641,0.0681,0.0613,0.1160,69.7547,0.0239,0.0190,0.0045,1.2441,0.8185,1.8400,sell
2021-10-25,171.9861,3889600,176.1558,176.6086,171.5333,-0.0255,0.0310,0.0510,0.0291,0.0854,59.9156,0.0256,0.0204,0.0044,0.9092,-0.3545,1.1843,hold
2021-10-26,170.7032,3832200,173.0333,173.1088,167.4674,-0.0075,0.0205,0.0345,0.0180,0.0753,59.9106,0.0258,0.0204,0.0035,0.8003,-0.0148,1.1674,sell
2021-10-27,167.9485,3309900,169.9012,173.3257,167.8353,-0.0161,-0.0087,0.0552,-0.0037,0.0562,54.4673,0.0232,0.0191,0.0015,0.6277,-0.1363,0.9994,sell
2021-10-28,164.7222,4865700,168.2975,169.0805,163.2222,-0.0192,-0.0161,0.0181,-0.0245,0.0343,49.3922,0.0240,0.0164,-0.0013,0.4131,0.4700,1.4307,hold
2021-10-29,163.9391,3455400,165.6844,166.6655,163.2410,-0.0048,-0.0711,-0.0115,-0.0281,0.0276,50.3673,0.0227,0.0134,-0.0034,0.3620,-0.2898,1.0236,hold
2021-11-01,164.3448,2250400,164.6938,166.0995,163.5241,0.0025,-0.0444,-0.0148,-0.0242,0.0283,49.1773,0.0226,0.0111,-0.0046,0.3799,-0.3487,0.6804,hold
2021-11-02,163.3637,3252900,165.0901,165.2788,162.7977,-0.0060,-0.0430,-0.0233,-0.0278,0.0206,55.9508,0.0226,0.0087,-0.0056,0.3211,0.4455,0.9743,hold
2021-11-03,162.8354,3831200,162.9203,163.9863,162.0241,-0.0032,-0.0304,-0.0389,-0.0271,0.0159,51.5642,0.0220,0.0065,-0.0063,0.2889,0.1778,1.1321,hold
2021-11-04,162.7600,3315400,162.3827,164.1656,161.9393,-0.0005,-0.0119,-0.0278,-0.0249,0.0146,44.6995,0.0218,0.0046,-0.0066,0.2923,-0.1346,0.9835,buy
2021-11-05,166.6843,3936000,166.2032,167.7220,165.4202,0.0241,0.0167,-0.0555,0.0046,0.0377,49.8093,0.0136,0.0049,-0.0048,0.5366,0.1872,1.1411,buy
2021-11-08,169.8541,3392000,167.9862,171.7786,167.7221,0.0190,0.0335,-0.0124,0.0250,0.0559,53.7067,0.0137,0.0065,-0.0024,0.7158,-0.1382,0.9709,hold
2021-11-09,169.6748,3203300,169.5805,170.9295,168.3258,-0.0011,0.0386,-0.0060,0.0245,0.0528,50.3729,0.0135,0.0077,-0.0010,0.6875,-0.0556,0.9151,buy
2021-11-10,171.1182,3296700,169.2032,173.0899,169.2032,0.0085,0.0509,0.0189,0.0313,0.0598,55.7210,0.0126,0.0092,0.0004,0.7588,0.0292,0.9739,hold
2021-11-11,171.0333,2119700,171.6842,172.3823,170.5050,-0.0005,0.0508,0.0383,0.0269,0.0572,38.3185,0.0103,0.0102,0.0012,0.7310,-0.3570,0.6351,buy
2021-11-12,171.5899,2390200,170.4767,172.0522,169.4768,0.0033,0.0294,0.0467,0.0255,0.0581,48.9787,0.0098,0.0112,0.0017,0.7448,0.1276,0.7232,buy
2021-11-15,172.7597,1748300,172.1936,173.5143,171.7314,0.0068,0.0171,0.0512,0.0273,0.0623,55.3326,0.0098,0.0122,0.0023,0.7933,-0.2686,0.5361,sell
2021-11-16,170.6748,3299200,173.0144,173.0144,169.5616,-0.0121,0.0059,0.0448,0.0105,0.0469,57.3240,0.0107,0.0122,0.0017,0.6441,0.8871,0.9830,sell
2021-11-17,169.4390,3543500,170.9201,171.4484,168.1088,-0.0072,-0.0098,0.0406,-0.0007,0.0368,64.1883,0.0111,0.0114,0.0007,0.5634,0.0740,1.0381,sell
2021-11-18,166.2315,4011500,169.8069,170.1559,165.8825,-0.0189,-0.0281,0.0213,-0.0216,0.0151,56.0178,0.0133,0.0093,-0.0014,0.3590,0.1321,1.1633,sell
2021-11-19,163.7127,4456500,163.8920,165.3448,162.1090,-0.0152,-0.0459,-0.0178,-0.0348,-0.0020,48.5064,0.0118,0.0062,-0.0037,0.2095,0.1109,1.3224,sell
2021-11-22,161.2222,4651700,165.0806,165.3259,161.2128,-0.0152,-0.0668,-0.0508,-0.0446,-0.0183,45.2767,0.0099,0.0024,-0.0061,0.0866,0.0438,1.3649,hold
2021-11-23,161.1751,5890300,161.5996,162.2128,158.3261,-0.0003,-0.0557,-0.0501,-0.0400,-0.0199,46.2585,0.0099,-0.0007,-0.0073,0.1306,0.2663,1.6777,buy
2021-11-24,161.8920,3590600,158.9393,162.2411,158.3921,0.0044,-0.0445,-0.0539,-0.0304,-0.0167,48.0991,0.0094,-0.0027,-0.0075,0.2089,-0.3904,1.0186,sell
2021-11-26,147.9396,6804200,155.7412,155.8827,145.7509,-0.0862,-0.1100,-0.1350,-0.1016,-0.1009,21.4758,0.0270,-0.0122,-0.0139,-0.2754,0.8950,1.8786,hold
2021-11-29,148.9207,6258500,151.6470,152.2696,145.6000,0.0066,-0.0904,-0.1321,-0.0830,-0.0944,15.8721,0.0272,-0.0187,-0.0163,-0.0851,-0.0802,1.6636,sell
2021-11-30,143.6755,7444900,146.3075,147.0434,143.1095,-0.0352,-0.1088,-0.1684,-0.0991,-0.1255,13.6220,0.0270,-0.0273,-0.0199,-0.1071,0.1896,1.8511,sell
2021-12-01,141.5624,6145500,147.2604,148.1754,141.4020,-0.0147,-0.1217,-0.1706,-0.0959,-0.1371,9.4066,0.0269,-0.0350,-0.0219,-0.0469,-0.1745,1.4750,buy
2021-12-02,147.8924,6289300,143.0906,148.9678,142.8831,0.0447,-0.0865,-0.1272,-0.0423,-0.0974,22.8710,0.0335,-0.0351,-0.0181,0.1556,0.0234,1.4663,hold
2021-12-03,147.1094,4069300,149.1282,149.3641,144.9302,-0.0053,-0.0056,-0.1150,-0.0354,-0.1004,21.4521,0.0335,-0.0366,-0.0156,0.1723,-0.3530,0.9404,buy
2021-12-06,151.5809,4141900,150.0621,153.5243,149.0999,0.0304,0.0179,-0.0741,0.0019,-0.0715,27.0684,0.0359,-0.0337,-0.0107,0.2962,0.0178,0.9549,buy
2021-12-07,157.4959,5124500,155.1847,159.5808,154.8639,0.0390,0.0962,-0.0231,0.0435,-0.0343,36.8232,0.0386,-0.0278,-0.0045,0.4452,0.2372,1.1583,buy
2021-12-08,159.3638,4042400,158.4676,160.8826,157.8072,0.0119,0.1257,-0.0112,0.0572,-0.0224,40.0522,0.0388,-0.0226,0.0004,0.5011,-0.2112,0.9052,hold
2021-12-09,158.5053,2245300,158.3450,159.2695,157.1186,-0.0054,0.0718,-0.0209,0.0539,-0.0273,42.0004,0.0388,-0.0190,0.0032,0.4954,-0.4446,0.5088,hold
2021-12-10,157.5714,2768500,159.7883,160.9204,156.5620,-0.0059,0.0711,0.0651,0.0410,-0.0330,43.4256,0.0253,-0.0165,0.0047,0.4884,0.2330,0.6227,sell
2021-12-13,154.0526,3477600,156.9771,156.9771,152.8168,-0.0223,0.0163,0.0345,0.0143,-0.0535,42.4901,0.0269,-0.0164,0.0042,0.4151,0.2561,0.7728,hold
2021-12-14,153.6281,2964200,152.9583,155.9016,151.9395,-0.0028,-0.0246,0.0693,0.0049,-0.0551,42.1569,0.0234,-0.0161,0.0037,0.4234,-0.1476,0.6499,hold
2021-12-15,153.0526,5013000,153.4960,153.8168,149.5527,-0.0037,-0.0396,0.0812,-0.0063,-0.0573,40.7866,0.0225,-0.0160,0.0031,0.4263,0.6912,1.0788,hold
2021-12-16,153.7696,4900100,154.7130,155.8262,152.7319,0.0047,-0.0299,0.0397,-0.0055,-0.0518,58.3922,0.0184,-0.0152,0.0030,0.4727,-0.0225,1.0394,sell
2021-12-17,150.9489,9576800,151.8828,152.1847,148.0622,-0.0183,-0.0420,0.0261,-0.0261,-0.0676,52.7727,0.0196,-0.0163,0.0018,0.3890,0.9544,1.9181,sell
2021-12-20,147.0622,3839600,148.1094,149.2508,145.0717,-0.0257,-0.0454,-0.0298,-0.0484,-0.0896,54.8084,0.0188,-0.0193,-0.0005,0.2569,-0.5991,0.7738,buy
2021-12-21,151.7979,3722400,148.8169,151.9300,148.5999,0.0322,-0.0119,-0.0362,-0.0141,-0.0589,63.5253,0.0172,-0.0179,0.0002,0.4714,-0.0305,0.7573,buy
2021-12-22,153.2696,2877700,151.4395,153.9300,151.3640,0.0097,0.0014,-0.0382,-0.0006,-0.0484,58.1522,0.0170,-0.0161,0.0014,0.5570,-0.2269,0.6039,buy
2021-12-23,154.8922,3140500,154.5809,156.9770,154.3262,0.0106,0.0073,-0.0228,0.0123,-0.0378,61.5062,0.0176,-0.0137,0.0029,0.6641,0.0913,0.6622,hold
2021-12-27,155.0809,1687300,155.6564,155.6564,153.3262,0.0012,0.0274,-0.0158,0.0152,-0.0358,55.9247,0.0175,-0.0117,0.0039,0.6564,-0.4627,0.3761,hold
2021-12-28,155.0998,2035300,154.3356,156.7224,154.3356,0.0001,0.0547,0.0068,0.0147,-0.0344,44.9322,0.0159,-0.0100,0.0045,0.6418,0.2062,0.4761,hold
2021-12-29,154.5526,2082200,155.2979,155.5903,154.0149,-0.0035,0.0181,0.0060,0.0105,-0.0363,39.2224,0.0159,-0.0089,0.0046,0.5937,0.0230,0.5196,hold
2021-12-30,154.8639,1632900,155.2979,156.4111,154.7130,0.0020,0.0104,0.0118,0.0113,-0.0329,41.6378,0.0159,-0.0077,0.0046,0.5924,-0.2158,0.4318,hold
2021-12-31,154.3356,1743600,154.8073,155.8167,154.0054,-0.0034,-0.0036,0.0037,0.0075,-0.0344,42.4282,0.0159,-0.0069,0.0043,0.5338,0.0678,0.4906,buy
2022-01-03,158.6846,3236400,155.1941,158.8638,155.0903,0.0282,0.0232,0.0512,0.0307,-0.0061,60.4335,0.0166,-0.0039,0.0056,0.8561,0.8562,0.9214,buy
2022-01-04,163.7787,4799500,160.1090,164.1938,159.9958,0.0321,0.0560,0.1137,0.0523,0.0275,68.8903,0.0145,0.0009,0.0081,1.1162,0.4830,1.3537,sell
2022-01-05,162.0335,4491900,164.8165,166.3259,161.7883,-0.0107,0.0484,0.0674,0.0343,0.0178,66.0161,0.0139,0.0037,0.0088,0.9394,-0.0641,1.2783,buy
2022-01-06,163.5184,2649400,163.1779,164.2655,160.5393,0.0092,0.0559,0.0669,0.0370,0.0280,66.9220,0.0139,0.0066,0.0093,0.9813,-0.4102,0.7692,buy
2022-01-07,164.9181,3043000,163.1306,165.8449,162.5348,0.0086,0.0686,0.0647,0.0393,0.0372,75.5061,0.0138,0.0093,0.0096,0.9914,0.1486,0.8734,hold
2022-01-10,164.3128,4269400,166.6488,166.6488,161.2486,-0.0037,0.0355,0.0595,0.0295,0.0335,85.7858,0.0141,0.0112,0.0092,0.9081,0.4030,1.1996,buy
2022-01-11,165.8638,2762700,165.0693,166.1853,163.1306,0.0094,0.0127,0.0694,0.0322,0.0430,83.6216,0.0140,0.0131,0.0089,0.9211,-0.3529,0.7841,sell
2022-01-12,165.0032,3224300,166.6677,167.2257,164.7195,-0.0052,0.0183,0.0676,0.0202,0.0375,78.8909,0.0141,0.0143,0.0080,0.8395,0.1671,0.9117,sell
2022-01-13,163.8872,3808800,165.4287,166.8095,163.4711,-0.0068,0.0023,0.0583,0.0077,0.0304,72.7144,0.0147,0.0145,0.0065,0.7620,0.1813,1.0957,sell
2022-01-14,159.2625,6508500,159.5557,159.5557,155.7728,-0.0282,-0.0343,0.0319,-0.0237,0.0018,58.6269,0.0181,0.0125,0.0035,0.5488,0.7088,1.8300,sell
2022-01-18,157.1535,4336300,158.7991,159.7732,155.8957,-0.0132,-0.0436,-0.0096,-0.0357,-0.0108,53.9005,0.0165,0.0095,0.0003,0.4391,-0.3337,1.3162,sell
2022-01-19,152.6329,3592000,157.6831,157.6831,152.4248,-0.0288,-0.0798,-0.0681,-0.0570,-0.0376,46.8321,0.0140,0.0048,-0.0037,0.1881,-0.1716,1.0944,hold
2022-01-20,152.1884,4205600,152.3775,155.6404,150.8076,-0.0029,-0.0777,-0.0608,-0.0540,-0.0382,45.6042,0.0140,0.0006,-0.0064,0.1625,0.1708,1.2720,sell
2022-01-21,150.1267,3779100,151.2710,153.0963,149.1242,-0.0135,-0.0840,-0.0819,-0.0590,-0.0489,43.4166,0.0130,-0.0038,-0.0087,0.0845,-0.1014,1.1276,hold
2022-01-24,150.3064,5405000,147.3651,150.7982,144.5563,0.0012,-0.0562,-0.0886,-0.0491,-0.0452,34.9297,0.0121,-0.0071,-0.0096,0.1245,0.4302,1.5600,buy
2022-01-25,163.7170,13320800,157.1252,165.0032,150.9968,0.0892,0.0418,-0.0036,0.0361,0.0409,49.9145,0.0335,-0.0023,-0.0037,0.7253,1.4645,3.2921,buy
2022-01-26,165.8070,8257300,167.3486,169.4954,163.6413,0.0128,0.0863,-0.0003,0.0494,0.0550,55.1751,0.0336,0.0020,0.0005,0.7892,-0.3801,1.8950,sell
2022-01-27,162.5726,3649900,167.1122,168.5308,161.3715,-0.0195,0.0682,-0.0147,0.0305,0.0357,48.7624,0.0342,0.0038,0.0019,0.6282,-0.5580,0.8228,buy
2022-01-28,167.4526,4271500,162.4402,167.5945,160.5582,0.0300,0.1154,0.0218,0.0590,0.0673,53.0399,0.0355,0.0074,0.0044,0.8137,0.1703,0.9351,buy
2022-01-31,170.0629,5524300,166.3651,170.3561,165.7125,0.0156,0.1314,0.0678,0.0682,0.0838,56.5801,0.0339,0.0112,0.0066,0.8806,0.2933,1.1614,buy
2022-02-01,173.5810,3471200,170.1575,174.0539,169.2874,0.0207,0.0603,0.1045,0.0792,0.1052,58.4507,0.0333,0.0155,0.0088,0.9537,-0.3716,0.7279,hold
2022-02-02,174.1674,2841400,172.6069,174.5646,171.7841,0.0034,0.0504,0.1411,0.0685,0.1075,60.0958,0.0306,0.0191,0.0099,0.9201,-0.1814,0.6084,hold
2022-02-03,174.0539,3380900,174.7726,175.7184,172.4272,-0.0007,0.0706,0.1437,0.0537,0.1049,61.4532,0.0304,0.0217,0.0100,0.8698,0.1899,0.7326,buy
2022-02-04,175.7657,4075800,174.8767,178.4421,174.1863,0.0098,0.0496,0.1708,0.0478,0.1137,69.8973,0.0290,0.0240,0.0100,0.8799,0.2055,0.8697,buy
2022-02-07,177.6761,3260800,175.5576,178.6596,174.7254,0.0109,0.0448,0.1821,0.0422,0.1236,74.8625,0.0286,0.0263,0.0099,0.8906,-0.2000,0.6942,buy
2022-02-08,183.4735,5133900,177.8747,183.9747,177.4302,0.0326,0.0570,0.1207,0.0639,0.1551,86.2414,0.0152,0.0297,0.0110,0.9755,0.5744,1.0830,buy
2022-02-09,185.7432,4614200,183.7572,187.9373,183.7572,0.0124,0.0665,0.1202,0.0647,0.1640,87.8090,0.0152,0.0332,0.0118,0.9589,-0.1012,0.9547,hold
2022-02-10,184.9015,4511100,185.7054,187.4739,184.0503,-0.0045,0.0623,0.1373,0.0465,0.1527,90.2914,0.0122,0.0356,0.0113,0.8872,-0.0223,0.9211,sell
2022-02-11,181.4023,4834900,184.8259,186.4998,180.1161,-0.0189,0.0321,0.0833,0.0186,0.1253,83.4554,0.0143,0.0362,0.0091,0.7816,0.0718,0.9770,hold
2022-02-14,181.9130,3841300,181.8279,183.6153,180.5606,0.0028,0.0238,0.0697,0.0148,0.1238,77.0986,0.0141,0.0358,0.0071,0.7641,-0.2055,0.7977,buy
2022-02-15,187.2375,4134300,184.0882,187.5969,183.6437,0.0293,0.0205,0.0787,0.0366,0.1509,79.1110,0.0153,0.0364,0.0068,0.8357,0.0763,0.8604,hold
2022-02-16,187.6158,4122600,186.7835,188.7223,186.5377,0.0020,0.0101,0.0772,0.0310,0.1482,86.8802,0.0153,0.0374,0.0063,0.8135,-0.0028,0.8532,sell
2022-02-17,185.0907,3051700,185.0150,186.6701,183.7288,-0.0135,0.0010,0.0634,0.0110,0.1289,77.9109,0.0166,0.0372,0.0045,0.7409,-0.2598,0.6392,hold
2022-02-18,184.3057,2806300,184.3435,187.0200,183.6626,-0.0042,0.0160,0.0486,0.0020,0.1207,73.9199,0.0168,0.0361,0.0026,0.7102,-0.0804,0.5939,sell
2022-02-22,181.9981,3420600,184.5894,185.5068,181.3455,-0.0125,0.0005,0.0243,-0.0129,0.1035,64.7351,0.0175,0.0341,0.0001,0.6403,0.2189,0.7394,sell
2022-02-23,178.6975,3562100,183.8045,183.8991,178.3192,-0.0181,-0.0456,-0.0260,-0.0282,0.0807,57.2423,0.0150,0.0309,-0.0030,0.5174,0.0414,0.8608,hold
2022-02-24,178.1301,5886600,170.6776,178.2719,169.3347,-0.0032,-0.0506,-0.0410,-0.0273,0.0742,56.4233,0.0140,0.0273,-0.0053,0.4760,0.6526,1.4644,buy
2022-02-25,183.1992,5426200,179.3690,183.7099,179.1798,0.0285,-0.0102,-0.0092,0.0013,0.1008,60.5930,0.0174,0.0257,-0.0048,0.6456,-0.0782,1.3207,hold
2022-02-28,183.9841,5787800,179.3406,184.5421,178.9623,0.0043,-0.0017,0.0142,0.0042,0.1015,59.2871,0.0162,0.0250,-0.0043,0.6643,0.0666,1.3832,sell
2022-03-01,168.3984,8562500,184.1071,184.2017,167.1784,-0.0847,-0.0747,-0.0743,-0.0741,0.0064,32.7712,0.0317,0.0191,-0.0103,-0.0777,0.4794,1.9746,buy
2022-03-02,170.5263,4058800,170.0345,172.3515,168.4362,0.0126,-0.0457,-0.0893,-0.0537,0.0167,32.5525,0.0300,0.0133,-0.0126,0.0520,-0.5260,0.9297,hold
2022-03-03,170.1290,3339900,172.2286,173.4959,169.0320,-0.0023,-0.0449,-0.0932,-0.0466,0.0116,32.8878,0.0298,0.0086,-0.0139,0.0672,-0.1771,0.7607,sell
2022-03-04,163.5656,5348600,167.0365,167.2351,161.5512,-0.0386,-0.1072,-0.1163,-0.0722,-0.0288,30.7078,0.0312,0.0018,-0.0173,-0.0929,0.6014,1.1915,sell
2022-03-07,150.4955,7760400,160.8986,161.4945,150.4482,-0.0799,-0.1820,-0.1834,-0.1296,-0.1061,23.2785,0.0377,-0.0111,-0.0255,-0.2419,0.4509,1.6606,hold
2022-03-08,151.3656,7058900,151.8101,157.2670,147.2705,0.0058,-0.1011,-0.1683,-0.1088,-0.1006,16.9886,0.0385,-0.0206,-0.0279,-0.0750,-0.0904,1.4515,buy
2022-03-09,159.4989,4788200,158.9031,161.4661,157.6642,0.0537,-0.0647,-0.1074,-0.0502,-0.0527,27.3571,0.0446,-0.0224,-0.0235,0.1507,-0.3217,0.9881,hold
2022-03-10,160.3974,3840900,156.6050,161.6836,155.8862,0.0056,-0.0572,-0.0995,-0.0347,-0.0480,29.5792,0.0448,-0.0238,-0.0199,0.2030,-0.1978,0.7990,hold
2022-03-11,158.7897,3000000,162.4308,162.9604,158.5343,-0.0100,-0.0292,-0.1332,-0.0301,-0.0580,29.1820,0.0428,-0.0257,-0.0174,0.2028,-0.2189,0.6340,buy
2022-03-14,163.4143,4614600,162.0336,165.2302,160.5015,0.0291,0.0858,-0.1118,0.0109,-0.0316,35.3903,0.0446,-0.0238,-0.0126,0.3162,0.5382,0.9775,buy
2022-03-15,166.4880,3827300,164.1709,168.6254,163.9629,0.0188,0.0999,-0.0113,0.0311,-0.0148,40.3671,0.0370,-0.0207,-0.0077,0.3933,-0.1706,0.8109,buy
2022-03-16,170.8100,5239300,169.4576,172.8433,166.7339,0.0260,0.0709,0.0017,0.0577,0.0093,44.5477,0.0377,-0.0158,-0.0026,0.4992,0.3689,1.0972,buy
2022-03-17,176.8249,6398900,170.4033,177.5247,170.2898,0.0352,0.1024,0.0394,0.0904,0.0433,45.3181,0.0392,-0.0091,0.0029,0.6485,0.2213,1.3088,buy
2022-03-18,180.3714,8744100,178.4516,180.6362,174.8105,0.0201,0.1359,0.1027,0.1009,0.0619,47.4499,0.0363,-0.0026,0.0074,0.7410,0.3665,1.6901,hold
2022-03-21,178.8299,3166200,180.4187,181.1091,177.3829,-0.0085,0.0943,0.1883,0.0729,0.0509,59.1840,0.0199,0.0018,0.0095,0.7178,-0.6379,0.6099,buy
2022-03-22,180.9483,3007000,180.1634,183.8045,179.7472,0.0118,0.0869,0.1954,0.0667,0.0614,59.1773,0.0196,0.0061,0.0109,0.7718,-0.0503,0.5815,sell
2022-03-23,175.9265,3664600,178.5840,179.3311,175.1320,-0.0278,0.0300,0.1030,0.0271,0.0305,54.7205,0.0201,0.0074,0.0099,0.6550,0.2187,0.7080,buy
2022-03-24,178.6407,2424400,176.4844,179.0947,175.6238,0.0154,0.0103,0.1137,0.0320,0.0449,63.0957,0.0201,0.0093,0.0094,0.7204,-0.3384,0.4846,buy
2022-03-25,179.9553,1871900,180.0783,180.8821,178.7448,0.0074,-0.0023,0.1333,0.0270,0.0507,82.1599,0.0188,0.0112,0.0091,0.7617,-0.2279,0.3879,hold
2022-03-28,179.4068,3043700,179.6432,179.6432,176.1818,-0.0030,0.0032,0.0979,0.0146,0.0456,80.8277,0.0184,0.0125,0.0083,0.7616,0.6260,0.6493,buy
2022-03-29,180.5795,2764100,181.8941,183.4735,180.0310,0.0065,-0.0020,0.0846,0.0132,0.0498,77.3632,0.0181,0.0137,0.0076,0.7673,-0.0919,0.6285,sell
2022-03-30,179.4635,2278000,181.0051,181.6766,178.1773,-0.0062,0.0201,0.0507,0.0021,0.0407,74.6094,0.0175,0.0142,0.0065,0.7233,-0.1759,0.5287,sell
2022-03-31,176.8533,3801600,179.2460,180.7403,176.7965,-0.0145,-0.0100,0.0002,-0.0125,0.0226,72.7272,0.0148,0.0134,0.0044,0.6500,0.6688,0.8775,hold
2022-04-01,177.0141,2647000,177.9882,179.1420,176.1723,0.0009,-0.0163,-0.0186,-0.0098,0.0206,69.2761,0.0131,0.0125,0.0028,0.6383,-0.3037,0.6307,hold
2022-04-04,177.4775,2971400,177.4396,178.2719,175.5198,0.0026,-0.0108,-0.0076,-0.0064,0.0201,66.8211,0.0129,0.0118,0.0018,0.6317,0.1226,0.7508,sell
2022-04-05,175.3401,2974700,177.3167,180.4849,174.7727,-0.0120,-0.0290,-0.0310,-0.0153,0.0049,57.4309,0.0126,0.0104,0.0001,0.5485,0.0011,0.7925,sell
2022-04-06,173.7418,3143300,174.4795,174.8388,171.8692,-0.0091,-0.0319,-0.0124,-0.0231,-0.0054,44.0856,0.0095,0.0084,-0.0016,0.4702,0.0567,0.8562,sell
2022-04-07,172.9831,4062400,172.1579,173.8177,169.8722,-0.0044,-0.0219,-0.0317,-0.0242,-0.0105,34.1294,0.0075,0.0063,-0.0030,0.4088,0.2924,1.1032,buy
2022-04-08,174.2255,3075600,173.5616,177.0898,172.5468,0.0072,-0.0158,-0.0318,-0.0141,-0.0048,39.9808,0.0075,0.0051,-0.0033,0.4072,-0.2429,0.8344,sell
2022-04-11,168.4117,4816800,171.7216,173.0305,168.1081,-0.0334,-0.0511,-0.0613,-0.0410,-0.0381,26.4995,0.0121,0.0015,-0.0057,0.0211,0.5661,1.3032,sell
2022-04-12,166.4864,4348900,167.4633,170.0050,165.6992,-0.0114,-0.0505,-0.0780,-0.0443,-0.0487,29.9799,0.0113,-0.0024,-0.0077,-0.0970,-0.0971,1.1684,buy
2022-04-13,170.3275,2980600,165.2439,170.7353,165.0258,0.0231,-0.0197,-0.0509,-0.0171,-0.0264,33.1739,0.0150,-0.0035,-0.0070,0.1433,-0.3146,0.8258,buy
2022-04-14,171.8165,2667100,170.0240,173.0590,169.4644,0.0087,-0.0067,-0.0285,-0.0056,-0.0176,33.6425,0.0152,-0.0036,-0.0057,0.2557,-0.1052,0.7792,buy
2022-04-18,174.9653,2182700,171.9777,176.3025,171.6647,0.0183,0.0042,-0.0116,0.0138,0.0003,41.9181,0.0166,-0.0022,-0.0034,0.4570,-0.1816,0.7053,buy
2022-04-19,177.5165,2713800,175.4679,178.3891,175.1834,0.0146,0.0541,0.0002,0.0286,0.0147,44.6927,0.0173,0.0000,-0.0009,0.6181,0.2433,0.8834,buy
2022-04-20,178.7400,2256200,178.6167,180.3428,177.9623,0.0069,0.0736,0.0194,0.0336,0.0216,48.7510,0.0169,0.0023,0.0011,0.7069,-0.1686,0.7435,sell
2022-04-21,176.1603,3973200,181.0921,182.4957,175.0601,-0.0144,0.0342,0.0139,0.0173,0.0077,48.8024,0.0173,0.0029,0.0014,0.5417,0.7610,1.3027,sell
2022-04-22,171.2284,4373700,175.8662,175.9801,171.0198,-0.0280,-0.0034,-0.0101,-0.0102,-0.0189,41.4172,0.0197,0.0012,-0.0003,0.2536,0.1008,1.3897,buy
2022-04-25,174.6049,4408900,170.6974,174.7566,168.8100,0.0197,-0.0021,0.0022,0.0091,0.0016,46.0776,0.0206,0.0012,-0.0002,0.4827,0.0080,1.3466,sell
2022-04-26,169.4360,3728100,173.7987,174.4247,169.3316,-0.0296,-0.0455,0.0061,-0.0213,-0.0267,42.5545,0.0200,-0.0011,-0.0020,0.1776,-0.1544,1.1269,hold
2022-04-27,168.4686,4085800,168.4970,170.1568,166.4484,-0.0057,-0.0575,0.0119,-0.0280,-0.0308,43.2426,0.0197,-0.0034,-0.0035,0.1468,0.0959,1.2108,buy
2022-04-28,172.5942,2703200,171.0483,174.4057,168.4496,0.0245,-0.0202,0.0133,-0.0055,-0.0054,49.5412,0.0198,-0.0031,-0.0026,0.4411,-0.3384,0.7961,sell
2022-04-29,165.6992,3210100,170.8017,172.9072,165.3388,-0.0399,-0.0323,-0.0356,-0.0419,-0.0427,41.1254,0.0235,-0.0064,-0.0047,0.0293,0.1875,0.9536,sell
2022-05-02,162.7685,3881800,165.6422,165.8604,158.8705,-0.0177,-0.0678,-0.0697,-0.0521,-0.0572,43.7513,0.0225,-0.0104,-0.0069,-0.0469,0.2092,1.1324,hold
2022-05-03,163.2333,3152300,164.0774,165.0258,161.5451,0.0029,-0.0366,-0.0805,-0.0415,-0.0522,46.2774,0.0216,-0.0130,-0.0076,0.0475,-0.1879,0.9172,buy
2022-05-04,168.6488,2930400,163.3376,168.9807,162.3702,0.0332,0.0011,-0.0565,-0.0038,-0.0192,48.1458,0.0250,-0.0119,-0.0054,0.3629,-0.0704,0.8532,sell
2022-05-05,162.1900,2987100,167.5296,167.6434,160.5966,-0.0383,-0.0603,-0.0793,-0.0339,-0.0550,40.4191,0.0270,-0.0149,-0.0064,0.0701,0.0193,0.8717,sell
2022-05-06,158.5291,3129800,160.4449,161.2226,156.4995,-0.0226,-0.0433,-0.0742,-0.0485,-0.0742,33.8068,0.0266,-0.0189,-0.0082,-0.0128,0.0478,0.9259,sell
2022-05-09,152.7153,4485200,156.5184,157.4574,152.1083,-0.0367,-0.0618,-0.1254,-0.0712,-0.1049,27.0413,0.0262,-0.0254,-0.0114,-0.1081,0.4331,1.2998,hold
2022-05-10,153.4835,3014800,154.9915,156.2339,150.2209,0.0050,-0.0597,-0.0942,-0.0574,-0.0972,26.4211,0.0260,-0.0291,-0.0122,0.0111,-0.3278,0.8971,sell
2022-05-11,151.1693,2644300,153.3886,156.4330,150.8373,-0.0151,-0.1036,-0.1027,-0.0617,-0.1090,26.5528,0.0260,-0.0334,-0.0130,0.0175,-0.1229,0.8073,sell
2022-05-12,145.3650,5314800,147.5748,149.0543,142.1498,-0.0384,-0.1037,-0.1578,-0.0822,-0.1407,26.1251,0.0242,-0.0408,-0.0156,-0.0367,1.0099,1.5668,buy
2022-05-13,150.5623,3625100,147.9162,151.8332,147.8403,0.0358,-0.0503,-0.0914,-0.0402,-0.1079,28.5278,0.0277,-0.0407,-0.0131,0.1443,-0.3179,1.0538,sell
2022-05-16,148.3620,2811300,149.2915,150.5529,146.3608,-0.0146,-0.0285,-0.0885,-0.0454,-0.1193,30.1252,0.0276,-0.0431,-0.0121,0.1354,-0.2245,0.8098,buy
2022-05-17,153.5024,2928100,152.7626,154.3655,150.2303,0.0346,0.0001,-0.0596,-0.0062,-0.0892,36.9154,0.0308,-0.0398,-0.0079,0.2808,0.0415,0.8409,sell
2022-05-18,148.0490,2697700,152.4971,152.5540,147.3851,-0.0355,-0.0206,-0.1221,-0.0285,-0.1212,29.0275,0.0287,-0.0423,-0.0073,0.1747,-0.0787,0.7698,sell
2022-05-19,146.0573,2768300,145.6495,148.3904,145.3459,-0.0135,0.0048,-0.0995,-0.0313,-0.1316,31.6822,0.0273,-0.0443,-0.0071,0.1565,0.0262,0.8038,hold
2022-05-20,145.3365,2982500,146.3893,146.8161,141.9886,-0.0049,-0.0347,-0.0832,-0.0276,-0.1343,33.0443,0.0270,-0.0455,-0.0065,0.1733,0.0774,0.8838,buy
2022-05-23,150.8374,2726600,148.5327,151.3305,147.9731,0.0378,0.0167,-0.0123,0.0105,-0.1007,39.0186,0.0285,-0.0411,-0.0029,0.3332,-0.0858,0.8287,sell
2022-05-24,147.6032,2817800,149.1776,149.8225,145.0330,-0.0214,-0.0384,-0.0383,-0.0073,-0.1183,30.6065,0.0291,-0.0412,-0.0016,0.2664,0.0334,0.8684,buy
2022-05-25,152.2315,4381000,149.0354,153.4171,148.0205,0.0314,0.0283,0.0070,0.0231,-0.0891,40.5029,0.0307,-0.0364,0.0016,0.4175,0.5548,1.3440,buy
2022-05-26,156.8409,2463900,154.3086,158.1687,154.3086,0.0303,0.0738,0.0789,0.0460,-0.0600,48.4186,0.0285,-0.0299,0.0056,0.5941,-0.4376,0.7587,buy
2022-05-27,160.8527,2157500,158.4627,160.9286,157.4763,0.0256,0.1068,0.0683,0.0655,-0.0341,57.8889,0.0276,-0.0227,0.0095,0.7555,-0.1244,0.6753,hold
2022-05-31,160.1130,4123500,159.2783,161.9719,158.4248,-0.0046,0.0615,0.0792,0.0524,-0.0362,56.4306,0.0269,-0.0178,0.0116,0.7387,0.9112,1.2857,sell
2022-06-01,157.2108,2276400,159.9992,160.6346,155.3898,-0.0181,0.0651,0.0242,0.0308,-0.0512,55.7941,0.0262,-0.0154,0.0116,0.6478,-0.4479,0.7196,buy
2022-06-02,160.4165,1707000,157.5712,160.4639,157.3720,0.0204,0.0538,0.0835,0.0434,-0.0294,65.1925,0.0229,-0.0112,0.0122,0.8352,-0.2501,0.5503,sell
2022-06-03,158.2256,1390700,158.2920,159.3732,157.4194,-0.0137,0.0088,0.0833,0.0210,-0.0406,58.2348,0.0229,-0.0093,0.0116,0.7576,-0.1853,0.4601,hold
2022-06-06,158.4058,1486000,160.3785,161.4787,157.6945,0.0011,-0.0152,0.0899,0.0136,-0.0372,61.2828,0.0226,-0.0075,0.0107,0.7669,0.0685,0.5054,buy
2022-06-07,159.9897,2083100,156.1485,160.7389,155.9683,0.0100,-0.0008,0.0607,0.0178,-0.0252,57.9204,0.0203,-0.0051,0.0103,0.8114,0.4018,0.7387,sell
2022-06-08,157.4005,2313900,158.1497,159.9423,156.6702,-0.0162,0.0012,0.0664,-0.0049,-0.0384,62.2759,0.0195,-0.0046,0.0088,0.6804,0.1108,0.8309,sell
2022-06-09,152.6773,2273800,157.6471,157.9790,152.6299,-0.0300,-0.0482,0.0029,-0.0350,-0.0641,58.1088,0.0205,-0.0067,0.0057,0.4624,-0.0173,0.8219,sell
2022-06-10,146.4556,2733300,149.1492,149.7372,146.3987,-0.0408,-0.0744,-0.0662,-0.0682,-0.0985,51.2080,0.0213,-0.0119,0.0009,0.1715,0.2021,1.0364,sell
2022-06-13,138.7450,4156500,142.1308,143.2405,137.8819,-0.0526,-0.1241,-0.1374,-0.1047,-0.1420,37.5416,0.0225,-0.0209,-0.0060,-0.0628,0.5207,1.5603,sell
2022-06-14,137.1421,3574800,138.4225,139.7977,135.8618,-0.0116,-0.1428,-0.1435,-0.1017,-0.1477,38.8474,0.0223,-0.0285,-0.0107,-0.0310,-0.1399,1.3230,buy
2022-06-15,138.6786,3327800,139.1243,140.2624,136.0420,0.0112,-0.1189,-0.1179,-0.0805,-0.1340,34.5313,0.0237,-0.0326,-0.0120,0.0841,-0.0691,1.2225,sell
2022-06-16,130.4083,4815100,135.2358,135.2453,129.4504,-0.0596,-0.1459,-0.1871,-0.1177,-0.1810,22.1579,0.0250,-0.0430,-0.0169,-0.0584,0.4469,1.7027,buy
2022-06-17,136.7438,10033600,130.8825,138.0526,130.4937,0.0486,-0.0663,-0.1358,-0.0612,-0.1372,25.7905,0.0332,-0.0431,-0.0146,0.1465,1.0838,3.1441,hold
2022-06-21,137.2939,3518800,141.0307,141.0307,136.7248,0.0040,-0.0105,-0.1333,-0.0436,-0.1298,26.9981,0.0334,-0.0438,-0.0123,0.1839,-0.6493,1.0935,hold
2022-06-22,136.9430,3419000,134.8944,138.8019,134.0503,-0.0026,-0.0015,-0.1441,-0.0305,-0.1279,28.4620,0.0326,-0.0443,-0.0101,0.2046,-0.0284,1.0511,sell
2022-06-23,134.3442,3915000,137.0662,137.1706,132.2767,-0.0190,-0.0313,-0.1465,-0.0331,-0.1408,21.9318,0.0326,-0.0464,-0.0093,0.1742,0.1451,1.1837,buy
2022-06-24,138.6122,8957200,134.3253,138.7260,133.7278,0.0318,0.0629,-0.0921,0.0078,-0.1103,29.7889,0.0352,-0.0430,-0.0056,0.2912,1.2879,2.5329,sell
2022-06-27,136.8481,3151500,140.3573,141.0970,136.5256,-0.0127,0.0008,-0.0656,0.0020,-0.1178,28.4876,0.0335,-0.0425,-0.0037,0.2749,-0.6482,0.8826,sell
2022-06-28,134.8564,2649300,138.5458,141.7989,134.5340,-0.0146,-0.0178,-0.0280,-0.0098,-0.1265,25.1220,0.0296,-0.0430,-0.0029,0.2550,-0.1594,0.7369,sell
2022-06-29,132.2767,4164900,134.3443,134.3727,131.3093,-0.0191,-0.0341,-0.0355,-0.0252,-0.1384,25.1268,0.0299,-0.0448,-0.0031,0.2233,0.5721,1.1578,hold
2022-06-30,131.9626,4123500,130.1348,133.1525,127.8500,-0.0024,-0.0177,-0.0484,-0.0227,-0.1354,27.5302,0.0295,-0.0454,-0.0029,0.2423,-0.0099,1.1176,buy
2022-07-01,133.6571,2625300,131.4390,134.1235,130.8678,0.0128,-0.0357,0.0249,-0.0125,-0.1190,34.6051,0.0226,-0.0436,-0.0013,0.3014,-0.3633,0.7028,hold
2022-07-05,132.9430,4057000,130.6298,132.9430,129.1351,-0.0053,-0.0285,-0.0278,-0.0150,-0.1187,41.6086,0.0158,-0.0428,-0.0002,0.3025,0.5453,1.0486,sell
2022-07-06,131.5151,4401300,132.6004,133.7523,131.2295,-0.0107,-0.0248,-0.0421,-0.0214,-0.1236,41.8202,0.0158,-0.0428,0.0002,0.2805,0.0849,1.0963,buy
2022-07-07,134.2568,4258000,133.4476,135.3420,132.4671,0.0208,0.0150,-0.0196,0.0010,-0.1005,43.7898,0.0177,-0.0395,0.0021,0.3766,-0.0326,1.0326,hold
2022-07-08,134.9517,3631800,134.9327,136.2369,133.0097,0.0052,0.0227,0.0045,0.0057,-0.0916,58.1058,0.0167,-0.0366,0.0039,0.4223,-0.1471,0.8669,sell
2022-07-11,133.8284,2373600,133.7237,135.4753,133.1239,-0.0083,0.0013,-0.0345,0.0009,-0.0950,43.6105,0.0128,-0.0349,0.0047,0.3744,-0.3464,0.5659,sell
2022-07-12,132.4957,4047400,130.9249,135.0755,130.4775,-0.0100,-0.0034,-0.0318,-0.0058,-0.0991,39.8327,0.0126,-0.0342,0.0047,0.2633,0.7052,0.9501,hold
2022-07-13,132.7051,2753800,130.2680,133.2953,129.8111,0.0016,0.0090,-0.0160,-0.0027,-0.0936,40.9659,0.0120,-0.0327,0.0048,0.3039,-0.3196,0.6572,sell
2022-07-14,129.9253,4600200,129.1828,130.6488,127.6787,-0.0209,-0.0323,-0.0178,-0.0218,-0.1086,40.6521,0.0123,-0.0336,0.0038,0.0802,0.6705,1.0846,buy
2022-07-15,135.6372,3296600,133.0002,136.2369,132.2006,0.0440,0.0051,0.0278,0.0184,-0.0659,44.0690,0.0189,-0.0286,0.0058,0.6596,-0.2834,0.7776,hold
2022-07-18,135.4944,3330300,137.4078,139.0357,134.7233,-0.0011,0.0124,0.0137,0.0159,-0.0626,47.1147,0.0186,-0.0256,0.0070,0.6259,0.0102,0.7995,buy
2022-07-19,140.6826,3372300,137.4649,140.8254,137.4649,0.0383,0.0618,0.0582,0.0487,-0.0238,60.9288,0.0217,-0.0192,0.0098,1.0871,0.0126,0.8800,buy
2022-07-20,141.7774,2802300,139.8163,141.9392,139.3403,0.0078,0.0684,0.0780,0.0488,-0.0139,68.8729,0.0209,-0.0139,0.0119,1.0798,-0.1690,0.7381,buy
2022-07-21,142.9673,4683000,141.0920,143.1101,139.4165,0.0084,0.1004,0.0649,0.0509,-0.0042,71.1257,0.0204,-0.0090,0.0133,1.0624,0.6711,1.2133,buy
2022-07-22,145.6615,9298400,151.3733,153.1535,145.2902,0.0188,0.0739,0.0794,0.0623,0.0156,72.1929,0.0208,-0.0035,0.0147,1.0932,0.9856,2.2520,hold
2022-07-25,146.4040,4213800,146.8419,147.3464,143.9479,0.0051,0.0805,0.0940,0.0580,0.0215,74.8595,0.0200,0.0010,0.0153,1.0372,-0.5468,1.0828,sell
2022-07-26,142.6342,2812700,145.3949,146.1279,141.6917,-0.0257,0.0139,0.0765,0.0233,-0.0044,68.8997,0.0222,0.0026,0.0138,0.8125,-0.3325,0.7259,buy
2022-07-27,144.3477,5029100,144.3192,145.3854,140.1971,0.0120,0.0181,0.0877,0.0270,0.0084,67.7733,0.0221,0.0047,0.0126,0.8535,0.7880,1.2592,hold
2022-07-28,144.8332,3587900,144.4715,145.3187,140.4542,0.0034,0.0131,0.1147,0.0196,0.0123,67.5338,0.0197,0.0065,0.0115,0.8358,-0.2866,0.9049,buy
2022-07-29,146.6230,3197900,145.0522,146.9657,144.0241,0.0124,0.0066,0.0810,0.0243,0.0258,72.1783,0.0161,0.0088,0.0110,0.8700,-0.1087,0.8161,hold
2022-08-01,145.9661,2295600,145.4996,147.3369,144.5096,-0.0045,-0.0030,0.0773,0.0123,0.0215,73.9101,0.0163,0.0102,0.0099,0.8063,-0.2822,0.5883,sell
2022-08-02,144.3192,2562900,144.7190,145.9375,143.5956,-0.0113,0.0118,0.0258,-0.0016,0.0102,69.6141,0.0132,0.0104,0.0081,0.7134,0.1164,0.6696,buy
2022-08-03,147.9652,2609300,146.6706,148.5459,145.9470,0.0253,0.0251,0.0436,0.0192,0.0353,79.6001,0.0150,0.0120,0.0078,0.8349,0.0181,0.6981,buy
2022-08-04,149.3361,3693300,148.5269,150.1357,147.8034,0.0093,0.0311,0.0445,0.0242,0.0452,76.2112,0.0150,0.0140,0.0079,0.8513,0.4154,0.9956,hold
2022-08-05,149.9453,2513600,148.9648,150.4499,148.5079,0.0041,0.0227,0.0294,0.0254,0.0491,77.1653,0.0141,0.0157,0.0077,0.8371,-0.3194,0.6880,hold
2022-08-08,149.7263,3080700,151.3637,153.0678,149.4027,-0.0015,0.0258,0.0227,0.0215,0.0479,70.9065,0.0142,0.0168,0.0070,0.7977,0.2256,0.8351,buy
2022-08-09,151.1734,2997900,150.0691,151.3067,149.7169,0.0097,0.0475,0.0599,0.0254,0.0589,71.3728,0.0103,0.0181,0.0067,0.8285,-0.0269,0.8244,buy
2022-08-10,154.6386,3225400,154.0007,156.3236,153.8770,0.0229,0.0451,0.0713,0.0417,0.0841,74.0580,0.0115,0.0204,0.0074,0.9328,0.0759,0.8812,hold
2022-08-11,155.1621,1968200,156.4663,156.9994,154.3910,0.0034,0.0390,0.0713,0.0380,0.0885,71.5084,0.0115,0.0225,0.0076,0.9488,-0.3898,0.5578,buy
2022-08-12,157.8752,1942600,156.5710,158.0276,155.4382,0.0175,0.0529,0.0767,0.0482,0.1074,73.8423,0.0119,0.0248,0.0082,1.0158,-0.0130,0.5613,hold
2022-08-15,157.4564,1852800,156.3902,158.0847,155.8952,-0.0027,0.0516,0.0787,0.0375,0.1050,85.7929,0.0117,0.0266,0.0079,0.9629,-0.0462,0.5470,hold
2022-08-16,157.4088,1876000,157.0756,158.0085,156.0856,-0.0003,0.0412,0.0907,0.0284,0.1048,84.2998,0.0101,0.0276,0.0071,0.9108,0.0125,0.5664,sell
2022-08-17,156.0284,1804100,155.4572,156.5806,154.4101,-0.0088,0.0090,0.0545,0.0140,0.0954,78.0800,0.0096,0.0276,0.0055,0.8131,-0.0383,0.5530,buy
2022-08-18,156.7424,1397700,156.0570,157.0661,155.4953,0.0046,0.0102,0.0496,0.0138,0.1010,76.8296,0.0095,0.0273,0.0043,0.8144,-0.2253,0.4512,sell
2022-08-19,154.4482,1895400,155.6476,156.0570,154.2292,-0.0146,-0.0217,0.0300,-0.0040,0.0853,70.6920,0.0114,0.0261,0.0022,0.6840,0.3561,0.6948,sell
2022-08-22,150.1262,1969300,151.3447,151.5447,149.4408,-0.0280,-0.0466,0.0027,-0.0321,0.0553,62.5308,0.0150,0.0229,-0.0013,0.4649,0.0390,0.7529,hold
2022-08-23,149.7740,2885200,150.4118,151.9350,149.6502,-0.0023,-0.0485,-0.0093,-0.0335,0.0523,54.5498,0.0147,0.0195,-0.0039,0.4243,0.4651,1.1015,buy
2022-08-24,151.4875,2029200,149.4884,151.8969,148.7839,0.0114,-0.0291,-0.0204,-0.0205,0.0625,55.3202,0.0130,0.0172,-0.0047,0.4964,-0.2967,0.8218,buy
2022-08-25,154.4387,1936300,152.3158,154.5339,151.1544,0.0195,-0.0147,-0.0047,-0.0009,0.0805,59.9578,0.0146,0.0166,-0.0039,0.6449,-0.0458,0.8113,sell
2022-08-26,149.7549,2373700,155.3716,155.7333,149.6407,-0.0303,-0.0304,-0.0514,-0.0261,0.0462,50.0529,0.0159,0.0143,-0.0055,0.3477,0.2259,1.0120,sell
2022-08-29,147.1180,2693600,148.3936,148.9933,146.9942,-0.0176,-0.0200,-0.0657,-0.0368,0.0253,42.8137,0.0163,0.0107,-0.0076,0.1718,0.1348,1.1388,hold
2022-08-30,147.2322,2104500,148.1651,148.6221,145.5567,0.0008,-0.0170,-0.0647,-0.0295,0.0246,35.1072,0.0164,0.0075,-0.0085,0.1457,-0.2187,0.8984,sell
2022-08-31,144.7000,3271600,148.0890,148.8601,144.5476,-0.0172,-0.0448,-0.0726,-0.0391,0.0060,30.5350,0.0167,0.0037,-0.0101,0.0190,0.5546,1.3772,sell
2022-09-01,143.8527,2425200,143.5766,144.1002,140.5589,-0.0059,-0.0685,-0.0822,-0.0364,-0.0009,21.9644,0.0162,0.0001,-0.0111,0.0289,-0.2587,1.0489,sell
2022-09-02,142.5961,2028500,146.1089,146.5849,141.7774,-0.0087,-0.0478,-0.0767,-0.0372,-0.0107,21.2524,0.0161,-0.0035,-0.0118,0.0286,-0.1636,0.8866,sell
2022-09-06,141.4633,2797600,142.7960,144.0431,139.5117,-0.0079,-0.0384,-0.0577,-0.0392,-0.0190,20.3961,0.0144,-0.0069,-0.0122,0.0393,0.3791,1.2304,buy
2022-09-07,144.9379,1766400,141.2728,145.3663,141.2538,0.0246,-0.0156,-0.0323,-0.0124,0.0040,30.8954,0.0174,-0.0074,-0.0101,0.2283,-0.3686,0.7985,buy
2022-09-08,146.1470,3399200,143.6718,146.3088,142.3295,0.0083,0.0100,-0.0353,-0.0005,0.0108,32.0542,0.0171,-0.0071,-0.0078,0.3040,0.9244,1.5306,buy
2022-09-09,150.8307,3543500,147.0323,150.9735,146.8895,0.0320,0.0485,-0.0234,0.0341,0.0405,44.3318,0.0193,-0.0041,-0.0038,0.5284,0.0425,1.5409,buy
2022-09-12,154.6481,4146300,151.8397,155.6000,151.6874,0.0253,0.0845,0.0327,0.0567,0.0635,57.1991,0.0183,0.0001,0.0003,0.7222,0.1701,1.7206,sell
2022-09-13,147.8891,3519800,150.5451,152.1348,147.4035,-0.0437,0.0454,0.0052,0.0100,0.0150,47.5075,0.0229,-0.0002,0.0000,0.4132,-0.1511,1.4118,hold
2022-09-14,148.7935,2840200,148.6792,149.9929,146.1279,0.0061,0.0266,0.0106,0.0151,0.0190,46.3597,0.0230,0.0001,0.0002,0.4802,-0.1931,1.1176,hold
2022-09-15,148.6316,2371600,148.9172,151.1638,148.4126,-0.0011,0.0170,0.0272,0.0112,0.0155,41.5136,0.0221,0.0002,0.0003,0.4912,-0.1650,0.9229,sell
2022-09-16,145.7281,6527200,146.6801,146.6801,143.2815,-0.0195,-0.0338,0.0130,-0.0098,-0.0059,43.7922,0.0231,-0.0012,-0.0010,0.3363,1.7522,2.3095,buy
2022-09-19,147.8986,2472500,143.9860,148.0128,143.4624,0.0149,-0.0436,0.0372,0.0014,0.0072,51.2210,0.0231,-0.0012,-0.0007,0.4997,-0.6212,0.8660,sell
2022-09-20,146.1089,1725900,146.2041,147.1656,144.8237,-0.0121,-0.0120,0.0328,-0.0139,-0.0067,48.3305,0.0234,-0.0021,-0.0013,0.3866,-0.3020,0.6071,sell
2022-09-21,141.5679,2599900,147.2417,147.3750,141.5203,-0.0311,-0.0486,-0.0233,-0.0423,-0.0387,45.6075,0.0244,-0.0055,-0.0037,0.1163,0.5064,0.9191,sell
2022-09-22,136.1607,3249400,141.6727,141.7393,135.6276,-0.0382,-0.0839,-0.0683,-0.0726,-0.0759,40.4356,0.0265,-0.0115,-0.0077,-0.0963,0.2498,1.1245,sell
2022-09-23,133.5238,3035600,134.0188,135.1422,131.4580,-0.0194,-0.0837,-0.1147,-0.0797,-0.0942,39.0936,0.0229,-0.0178,-0.0112,-0.1188,-0.0658,1.0309,sell
2022-09-26,130.8487,3808700,133.3143,134.5043,130.1347,-0.0200,-0.1153,-0.1539,-0.0831,-0.1118,37.6958,0.0189,-0.0244,-0.0141,-0.0984,0.2547,1.2627,hold
2022-09-27,130.8868,2828700,132.7431,133.6380,129.5636,0.0003,-0.1042,-0.1150,-0.0718,-0.1110,32.3021,0.0168,-0.0290,-0.0150,0.0016,-0.2573,0.9357,buy
2022-09-28,133.8094,5269500,131.8483,134.3996,129.9634,0.0223,-0.0548,-0.1007,-0.0409,-0.0903,35.1034,0.0194,-0.0299,-0.0129,0.1575,0.8629,1.6564,sell
2022-09-29,131.1724,2280700,131.7436,132.2767,129.3160,-0.0197,-0.0366,-0.1175,-0.0479,-0.1069,25.0302,0.0193,-0.0329,-0.0125,0.1128,-0.5672,0.7282,sell
2022-09-30,128.4307,3717200,130.8011,132.0101,128.1546,-0.0209,-0.0381,-0.1187,-0.0559,-0.1238,15.7633,0.0193,-0.0369,-0.0128,0.0811,0.6299,1.1629,buy
2022-10-03,133.2953,2677100,131.3247,134.0093,128.4403,0.0379,0.0187,-0.0987,-0.0095,-0.0891,29.9504,0.0238,-0.0347,-0.0092,0.2571,-0.2798,0.8291,buy
2022-10-04,138.4741,2408800,136.1608,138.5597,136.1608,0.0389,0.0580,-0.0523,0.0348,-0.0527,37.3127,0.0283,-0.0294,-0.0039,0.4223,-0.1002,0.7505,hold
2022-10-05,137.4364,2073800,136.0560,138.3122,135.2564,-0.0075,0.0271,-0.0292,0.0302,-0.0591,36.5261,0.0269,-0.0267,-0.0008,0.4016,-0.1391,0.6431,sell
2022-10-06,135.5419,2526000,136.1798,138.0932,135.3040,-0.0138,0.0333,-0.0045,0.0165,-0.0710,37.4354,0.0242,-0.0256,0.0005,0.3588,0.2181,0.7941,sell
2022-10-07,132.3243,2579600,133.6761,134.5043,131.4485,-0.0237,0.0303,-0.0090,-0.0067,-0.0915,31.2729,0.0247,-0.0266,0.0001,0.2809,0.0212,0.8234,sell
2022-10-10,130.9059,2893400,133.2858,133.6380,130.0872,-0.0107,-0.0179,0.0004,-0.0174,-0.0993,31.5547,0.0240,-0.0278,-0.0006,0.2509,0.1216,0.9424,hold
2022-10-11,130.7536,2588700,129.8206,132.5242,128.8877,-0.0012,-0.0558,-0.0010,-0.0185,-0.0984,35.3155,0.0240,-0.0283,-0.0009,0.2683,-0.1053,0.8561,hold
2022-10-12,130.1729,2397400,130.7155,131.8007,129.5731,-0.0044,-0.0529,-0.0272,-0.0202,-0.1007,40.6428,0.0227,-0.0289,-0.0011,0.2668,-0.0739,0.7987,buy
2022-10-13,135.2662,5232300,125.5190,136.2218,124.8501,0.0391,-0.0020,0.0312,0.0151,-0.0639,52.5288,0.0253,-0.0248,0.0016,0.4892,1.1825,1.6639,sell
2022-10-14,130.7366,3871900,136.6136,137.4928,130.0964,-0.0335,-0.0120,0.0180,-0.0206,-0.0929,49.8456,0.0269,-0.0257,0.0013,0.3099,-0.2600,1.2856,buy
2022-10-17,135.2567,3139300,134.3393,135.9065,133.8710,0.0346,0.0332,0.0147,0.0117,-0.0596,55.3567,0.0264,-0.0219,0.0033,0.5651,-0.1892,1.0309,buy
2022-10-18,139.5091,3963300,139.6429,140.5221,137.1775,0.0314,0.0670,0.0075,0.0427,-0.0286,56.7663,0.0253,-0.0163,0.0065,0.9043,0.2625,1.2554,sell
2022-10-19,137.5788,2803900,138.9740,140.5412,136.2697,-0.0138,0.0569,0.0010,0.0282,-0.0403,57.7350,0.0256,-0.0136,0.0076,0.8145,-0.2925,0.8853,sell
2022-10-20,136.0976,4319300,137.6075,140.7801,135.8396,-0.0108,0.0061,0.0041,0.0167,-0.0481,59.5475,0.0255,-0.0121,0.0075,0.6977,0.5405,1.3411,sell
2022-10-21,133.8232,11755400,134.7311,135.0464,126.3408,-0.0167,0.0236,0.0113,-0.0014,-0.0612,50.7027,0.0248,-0.0122,0.0062,0.5164,1.7216,3.2147,buy
2022-10-24,135.3427,4299600,135.0273,137.4068,134.1386,0.0114,0.0006,0.0339,0.0066,-0.0476,45.3817,0.0246,-0.0110,0.0057,0.6207,-0.6342,1.1680,buy
2022-10-25,140.4934,3889100,136.1549,140.8948,135.3140,0.0381,0.0071,0.0745,0.0374,-0.0090,54.0208,0.0268,-0.0067,0.0075,0.9591,-0.0955,1.0414,hold
2022-10-26,140.3596,3559100,141.0094,142.8633,139.9678,-0.0010,0.0202,0.0783,0.0287,-0.0075,56.6443,0.0266,-0.0037,0.0085,0.8946,-0.0849,0.9754,hold
2022-10-27,140.4456,2101300,141.8504,143.0640,139.9105,0.0006,0.0319,0.0383,0.0254,-0.0047,62.2595,0.0243,-0.0012,0.0087,0.8564,-0.4096,0.5773,buy
2022-10-28,143.7616,3383100,140.0538,144.2107,139.5665,0.0236,0.0743,0.0996,0.0397,0.0207,68.3547,0.0210,0.0025,0.0098,1.0094,0.6100,0.9338,sell
2022-10-31,141.8599,3042900,143.3411,143.6278,141.7357,-0.0132,0.0482,0.0488,0.0211,0.0090,65.1027,0.0201,0.0045,0.0095,0.8438,-0.1006,0.8356,sell
2022-11-01,140.5508,2675500,143.3029,143.9432,140.1207,-0.0092,0.0004,0.0075,0.0109,0.0010,63.8379,0.0182,0.0052,0.0082,0.7511,-0.1207,0.7321,sell
2022-11-02,137.1297,2851600,140.0729,142.4142,137.0054,-0.0243,-0.0230,-0.0033,-0.0134,-0.0216,52.6007,0.0194,0.0038,0.0055,0.5446,0.0658,0.7720,sell
2022-11-03,133.1257,3960500,134.8267,135.8874,132.6096,-0.0292,-0.0521,-0.0218,-0.0401,-0.0477,53.3839,0.0213,0.0003,0.0016,0.3117,0.3889,1.0518,buy
2022-11-04,138.2955,3322100,136.0785,139.8627,134.7407,0.0388,-0.0380,0.0334,-0.0060,-0.0084,54.2265,0.0241,0.0005,0.0014,0.6051,-0.1612,0.8737,buy
2022-11-07,140.4552,2918000,139.7098,140.9903,137.3781,0.0156,-0.0099,0.0378,0.0058,0.0084,51.3971,0.0243,0.0019,0.0022,0.7152,-0.1216,0.7671,buy
2022-11-08,143.5322,3846000,140.8948,144.6216,140.6081,0.0219,0.0212,0.0216,0.0256,0.0311,58.5039,0.0222,0.0046,0.0040,0.8731,0.3180,0.9947,sell
2022-11-09,139.3849,2425500,142.8346,142.8346,139.1938,-0.0289,0.0164,-0.0069,-0.0034,0.0024,54.3632,0.0243,0.0045,0.0031,0.5881,-0.3693,0.6271,buy
2022-11-10,147.8802,4701600,146.0072,148.8741,144.5929,0.0609,0.1108,0.0529,0.0518,0.0630,66.0135,0.0311,0.0087,0.0058,1.0615,0.9384,1.2239,hold
2022-11-11,148.0140,3714600,149.5430,151.8269,147.8324,0.0009,0.0703,0.0296,0.0496,0.0633,64.9055,0.0305,0.0121,0.0074,1.0119,-0.2099,0.9690,hold
2022-11-14,147.2878,3666500,146.5615,149.5526,146.2653,-0.0049,0.0486,0.0383,0.0404,0.0574,58.9209,0.0301,0.0143,0.0077,0.9105,-0.0129,0.9499,hold
2022-11-15,147.0584,2916900,149.9922,150.3648,145.5581,-0.0016,0.0246,0.0463,0.0340,0.0549,58.7735,0.0298,0.0157,0.0073,0.8540,-0.2044,0.7661,hold
2022-11-16,145.7970,2635300,147.3642,148.9887,145.1090,-0.0086,0.0460,0.0632,0.0190,0.0457,56.7994,0.0285,0.0161,0.0060,0.7574,-0.0965,0.6936,sell
2022-11-17,143.9527,2769600,143.3411,144.3540,142.5957,-0.0127,-0.0266,0.0813,-0.0015,0.0328,50.2522,0.0266,0.0152,0.0041,0.6398,0.0510,0.7442,buy
2022-11-18,145.7301,2631300,145.4912,146.9342,144.2394,0.0123,-0.0154,0.0538,0.0057,0.0464,55.1253,0.0245,0.0151,0.0032,0.7187,-0.0499,0.8058,hold
2022-11-21,146.0264,2003500,145.4912,146.6475,145.1472,0.0020,-0.0086,0.0397,0.0038,0.0498,57.4512,0.0242,0.0150,0.0026,0.7158,-0.2386,0.6359,buy
2022-11-22,147.7178,2124600,147.2591,148.2625,146.4851,0.0116,0.0045,0.0292,0.0126,0.0620,65.1200,0.0236,0.0156,0.0026,0.7894,0.0604,0.6938,hold
2022-11-23,147.0966,1404400,147.0011,148.1096,146.0933,-0.0042,0.0089,0.0553,0.0030,0.0578,72.0845,0.0210,0.0157,0.0022,0.7286,-0.3390,0.4753,hold
2022-11-25,147.3069,665800,146.7049,147.6127,146.3704,0.0014,0.0233,-0.0039,0.0048,0.0595,66.8935,0.0080,0.0157,0.0017,0.7187,-0.5259,0.2309,sell
2022-11-28,144.1725,1782900,145.9117,146.9533,143.6947,-0.0213,-0.0107,-0.0260,-0.0140,0.0372,56.7230,0.0103,0.0141,-0.0001,0.5326,1.6778,0.6361,buy
2022-11-29,147.5649,2655700,144.2585,147.6127,143.8476,0.0235,0.0105,0.0019,0.0090,0.0616,57.2111,0.0131,0.0140,0.0001,0.7125,0.4895,0.9541,buy
2022-11-30,150.5942,3914700,147.0106,150.5942,144.7554,0.0205,0.0195,0.0240,0.0273,0.0827,70.8793,0.0146,0.0153,0.0013,0.8455,0.4741,1.3757,hold
2022-12-01,150.5082,2670300,150.7184,151.8173,147.8802,-0.0006,0.0232,0.0323,0.0234,0.0807,57.1280,0.0141,0.0164,0.0019,0.8136,-0.3179,0.9414,sell
2022-12-02,149.7915,2285400,148.3294,150.2979,148.1192,-0.0048,0.0169,0.0406,0.0145,0.0735,54.6734,0.0133,0.0167,0.0017,0.7841,-0.1441,0.8302,sell
2022-12-05,149.1512,3013100,149.0365,152.3716,148.6447,-0.0043,0.0345,0.0235,0.0078,0.0665,54.9216,0.0132,0.0164,0.0011,0.7266,0.3184,1.1008,sell
2022-12-06,147.8324,3285100,148.8358,151.3109,146.5137,-0.0088,0.0018,0.0124,-0.0023,0.0545,51.9331,0.0137,0.0154,-0.0000,0.5961,0.0903,1.1921,hold
2022-12-07,147.8994,2879800,147.6987,150.0208,147.4598,0.0005,-0.0179,0.0012,-0.0020,0.0524,55.5838,0.0132,0.0143,-0.0009,0.5852,-0.1234,1.0637,sell
2022-12-08,147.2782,1632400,148.9696,149.4761,146.6379,-0.0042,-0.0215,0.0012,-0.0063,0.0460,59.4462,0.0132,0.0131,-0.0018,0.4781,-0.4332,0.6119,hold
2022-12-09,147.0680,1761200,147.1540,148.2529,145.8448,-0.0014,-0.0182,-0.0016,-0.0075,0.0421,54.1715,0.0132,0.0118,-0.0025,0.4542,0.0789,0.6987,buy
2022-12-12,150.3266,2773900,147.4120,150.7566,147.1635,0.0222,0.0079,0.0427,0.0102,0.0619,61.3178,0.0126,0.0121,-0.0014,0.8740,0.5750,1.1214,hold
2022-12-13,150.5273,3110500,153.4897,154.3784,149.2277,0.0013,0.0182,0.0201,0.0096,0.0608,58.0240,0.0106,0.0125,-0.0008,0.8572,0.1213,1.2718,sell
2022-12-14,147.2687,3556200,150.5751,151.5784,147.0106,-0.0216,-0.0043,-0.0221,-0.0101,0.0365,50.4269,0.0108,0.0113,-0.0019,0.4484,0.1433,1.4352,sell
2022-12-15,143.5513,4282200,144.9178,145.5199,139.9678,-0.0252,-0.0253,-0.0462,-0.0305,0.0095,42.0606,0.0130,0.0081,-0.0043,0.0361,0.2042,1.6726,sell
2022-12-16,139.8053,4510600,141.9937,141.9937,137.7508,-0.0261,-0.0494,-0.0667,-0.0494,-0.0174,41.0004,0.0147,0.0033,-0.0076,-0.2077,0.0533,1.7039,sell
2022-12-19,138.5726,2546000,139.5569,140.2258,137.2826,-0.0088,-0.0782,-0.0709,-0.0510,-0.0270,29.6586,0.0147,-0.0014,-0.0099,-0.1380,-0.4356,0.9633,buy
2022-12-20,139.2320,1607800,138.5535,139.9965,137.8464,0.0048,-0.0750,-0.0582,-0.0408,-0.0235,21.2109,0.0151,-0.0046,-0.0105,0.0021,-0.3685,0.6129,buy
2022-12-21,140.5698,2107100,140.5316,141.2196,139.8722,0.0096,-0.0455,-0.0496,-0.0267,-0.0154,26.3207,0.0158,-0.0063,-0.0097,0.1379,0.3105,0.8035,sell
2022-12-22,138.8593,2901100,139.5665,140.1876,136.3843,-0.0122,-0.0327,-0.0572,-0.0329,-0.0286,25.1306,0.0160,-0.0087,-0.0097,0.0899,0.3768,1.0756,buy
2022-12-23,140.4934,1671800,138.7829,140.6081,138.1044,0.0118,0.0049,-0.0447,-0.0170,-0.0179,31.1566,0.0169,-0.0093,-0.0082,0.2150,-0.4237,0.6085,hold
2022-12-27,139.8913,1858500,140.7514,141.2961,139.2033,-0.0043,0.0095,-0.0694,-0.0140,-0.0234,32.1598,0.0141,-0.0102,-0.0073,0.2044,0.1117,0.6755,sell
2022-12-28,137.6170,1490200,139.7193,140.3023,137.5501,-0.0163,-0.0116,-0.0858,-0.0211,-0.0395,28.9844,0.0140,-0.0122,-0.0074,0.1302,-0.1982,0.5534,buy
2022-12-29,140.7801,1758500,138.6395,141.0667,137.9897,0.0230,0.0015,-0.0441,0.0060,-0.0176,37.9689,0.0164,-0.0114,-0.0054,0.3127,0.1800,0.6802,hold
2022-12-30,141.1910,2247200,139.5282,141.3630,139.2606,0.0029,0.0168,-0.0164,0.0107,-0.0153,39.1992,0.0147,-0.0106,-0.0037,0.3531,0.2779,0.8765,hold
2023-01-03,140.5889,2762200,142.9015,143.7711,139.2606,-0.0043,0.0007,0.0056,0.0058,-0.0201,30.1674,0.0121,-0.0103,-0.0027,0.3396,0.2292,1.0674,buy
2023-01-04,143.8571,2620400,141.9650,145.2141,141.9650,0.0232,0.0283,0.0381,0.0253,0.0013,37.9239,0.0135,-0.0079,-0.0003,0.5413,-0.0513,1.0204,sell
2023-01-05,140.4146,2505700,141.1146,142.6105,140.0215,-0.0239,0.0203,0.0085,-0.0001,-0.0234,37.6730,0.0161,-0.0081,-0.0003,0.3554,-0.0438,0.9907,buy
2023-01-06,144.0010,3077400,141.6708,144.2503,139.5036,0.0255,0.0229,0.0244,0.0230,0.0011,50.8125,0.0177,-0.0059,0.0014,0.5892,0.2282,1.2120,hold
2023-01-09,144.2215,3219400,145.1325,146.1873,143.9339,0.0015,0.0215,0.0386,0.0206,0.0021,59.1453,0.0170,-0.0042,0.0025,0.6169,0.0461,1.2295,buy
2023-01-10,145.7558,2198400,144.3270,145.9284,143.1475,0.0106,0.0368,0.0375,0.0277,0.0120,64.6917,0.0169,-0.0019,0.0038,0.7264,-0.3171,0.8326,buy
2023-01-11,147.5969,3113600,146.0435,147.7791,146.0147,0.0126,0.0260,0.0551,0.0350,0.0242,66.3199,0.0169,0.0009,0.0052,0.8864,0.4163,1.1717,buy
2023-01-12,148.5558,3322400,148.4024,149.3517,146.1394,0.0065,0.0580,0.0795,0.0338,0.0299,65.8144,0.0150,0.0036,0.0063,0.9952,0.0671,1.2454,buy
2023-01-13,149.3613,2391300,146.9448,149.8312,146.0435,0.0054,0.0372,0.0610,0.0333,0.0343,71.5700,0.0140,0.0060,0.0069,1.0171,-0.2802,0.9164,sell
2023-01-17,147.4339,3073400,149.1504,149.6874,147.0695,-0.0129,0.0223,0.0442,0.0155,0.0195,64.0854,0.0153,0.0069,0.0063,0.8446,0.2852,1.2057,sell
2023-01-18,144.2407,2762400,148.1435,148.4024,144.1448,-0.0217,-0.0104,0.0260,-0.0090,-0.0042,57.9868,0.0172,0.0059,0.0042,0.6100,-0.1012,1.1221,sell
2023-01-19,140.8174,3852300,140.5872,141.9201,138.2762,-0.0237,-0.0459,-0.0211,-0.0304,-0.0281,55.6389,0.0174,0.0031,0.0011,0.3597,0.3945,1.5244,buy
2023-01-20,145.3722,3954800,141.8818,145.5448,141.6516,0.0323,-0.0214,0.0353,-0.0025,0.0026,57.7129,0.0186,0.0032,0.0010,0.6670,0.0266,1.4955,buy
2023-01-23,147.6736,3608700,145.7558,148.6901,145.3243,0.0158,-0.0113,0.0255,0.0108,0.0179,60.2380,0.0175,0.0046,0.0019,0.8008,-0.0875,1.3270,buy
2023-01-24,148.9490,2348500,146.6380,150.2339,146.3887,0.0086,0.0103,0.0328,0.0162,0.0254,62.9280,0.0176,0.0062,0.0029,0.8523,-0.3492,0.8724,buy
2023-01-25,150.3298,2916500,147.1846,150.6079,147.0695,0.0093,0.0422,0.0314,0.0224,0.0345,60.6299,0.0176,0.0081,0.0039,0.8954,0.2419,1.0590,sell
2023-01-26,149.4764,3640300,151.1737,151.7299,147.9517,-0.0057,0.0615,0.0127,0.0153,0.0284,66.2651,0.0174,0.0092,0.0039,0.8059,0.2482,1.2804,buy
2023-01-27,165.2314,13997300,159.9478,168.3288,158.7012,0.1054,0.1366,0.1123,0.1098,0.1340,76.5214,0.0373,0.0166,0.0094,1.3526,2.8451,4.0355,hold
2023-01-30,165.5671,10240700,167.6096,170.5535,165.4232,0.0020,0.1212,0.1085,0.1000,0.1335,76.5887,0.0374,0.0229,0.0127,1.1565,-0.2684,2.6308,buy
2023-01-31,167.7438,5170900,165.8068,168.1082,164.8383,0.0131,0.1262,0.1378,0.0997,0.1449,76.9575,0.0365,0.0284,0.0146,1.0869,-0.4951,1.2803,hold
2023-02-01,166.4780,3725200,166.2575,167.9260,164.8670,-0.0075,0.1074,0.1542,0.0757,0.1328,73.4797,0.0352,0.0322,0.0146,0.9691,-0.2796,0.9115,hold
2023-02-02,166.0177,6895500,167.0054,168.0219,164.0520,-0.0028,0.1107,0.1790,0.0555,0.1266,71.9875,0.0332,0.0345,0.0135,0.8988,0.8510,1.6033,buy
2023-02-03,171.5124,5305100,164.5123,172.9891,164.1767,0.0331,0.0380,0.1798,0.0726,0.1598,74.9461,0.0333,0.0373,0.0136,0.9712,-0.2306,1.1947,sell
2023-02-06,169.2301,3397800,169.4794,170.4479,168.4726,-0.0133,0.0221,0.1460,0.0443,0.1411,74.3518,0.0346,0.0393,0.0123,0.8665,-0.3595,0.7624,buy
2023-02-07,171.3589,3526300,167.8589,171.6754,167.5712,0.0126,0.0216,0.1505,0.0430,0.1517,81.0360,0.0346,0.0406,0.0111,0.8705,0.0378,0.7885,hold
2023-02-08,171.6466,2926500,172.3658,172.7015,170.5727,0.0017,0.0310,0.1418,0.0314,0.1498,88.0113,0.0348,0.0416,0.0097,0.8368,-0.1701,0.6491,hold
2023-02-09,172.0014,3557900,171.7904,174.6001,171.1480,0.0021,0.0360,0.1507,0.0197,0.1479,86.6262,0.0344,0.0420,0.0081,0.8094,0.2158,0.7853,hold
2023-02-10,171.8864,2586200,171.2343,172.3466,169.2397,-0.0007,0.0022,0.0403,0.0150,0.1435,85.4336,0.0130,0.0419,0.0064,0.7768,-0.2731,0.5755,buy
2023-02-13,173.8809,3102400,171.8768,173.9289,170.9562,0.0116,0.0275,0.0502,0.0218,0.1531,85.7339,0.0132,0.0418,0.0053,0.7882,0.1996,0.6849,hold
2023-02-14,173.5836,2325900,172.9028,174.6672,171.4452,-0.0017,0.0130,0.0348,0.0165,0.1477,84.3972,0.0130,0.0415,0.0040,0.7553,-0.2503,0.5178,hold
2023-02-15,173.2480,1501200,171.5699,173.3151,171.1671,-0.0019,0.0093,0.0407,0.0106,0.1419,85.7101,0.0126,0.0407,0.0025,0.7264,-0.3546,0.3389,sell
2023-02-16,170.6301,1899100,172.1069,172.4904,170.3808,-0.0151,-0.0080,0.0278,-0.0074,0.1215,63.3983,0.0139,0.0389,0.0001,0.6510,0.2651,0.4385,hold
2023-02-17,170.0165,2355300,168.8178,170.3137,167.4849,-0.0036,-0.0109,-0.0087,-0.0101,0.1142,60.8920,0.0089,0.0364,-0.0020,0.6168,0.2402,0.5540,sell
2023-02-21,166.3534,2713300,167.9260,169.2493,166.2000,-0.0215,-0.0433,-0.0170,-0.0298,0.0876,46.8272,0.0105,0.0329,-0.0051,0.4872,0.1520,0.6450,buy
2023-02-22,167.5233,2468800,166.4301,168.7891,165.8260,0.0070,-0.0349,-0.0224,-0.0208,0.0923,52.3956,0.0097,0.0295,-0.0066,0.4939,-0.0901,0.5860,hold
2023-02-23,167.9452,2575300,168.0411,169.3452,165.7589,0.0025,-0.0306,-0.0216,-0.0162,0.0921,54.4254,0.0098,0.0269,-0.0073,0.4707,0.0431,0.6138,sell
2023-02-24,167.0918,1667400,166.5548,167.7534,165.1164,-0.0051,-0.0207,-0.0285,-0.0184,0.0842,37.1013,0.0097,0.0243,-0.0081,0.2942,-0.3525,0.4070,sell
2023-02-27,166.1808,1909000,168.3192,168.4726,165.9698,-0.0055,-0.0226,-0.0332,-0.0204,0.0761,40.3286,0.0097,0.0215,-0.0088,0.2036,0.1449,0.5466,buy
2023-02-28,166.8424,2301400,166.8616,168.1370,166.4493,0.0040,0.0029,-0.0405,-0.0124,0.0776,34.2053,0.0086,0.0192,-0.0088,0.2498,0.2056,0.7435,buy
2023-03-01,168.6835,2566500,166.3821,169.9205,165.9027,0.0110,0.0069,-0.0282,0.0014,0.0860,40.6533,0.0099,0.0180,-0.0078,0.4143,0.1152,0.8655,sell
2023-03-02,168.1370,1795000,166.8904,168.6069,165.5671,-0.0032,0.0011,-0.0295,0.0012,0.0785,37.9559,0.0099,0.0168,-0.0073,0.3515,-0.3006,0.6257,buy
2023-03-03,171.7329,2875600,168.7794,172.0206,168.0315,0.0214,0.0278,0.0065,0.0219,0.0969,49.6070,0.0115,0.0169,-0.0053,0.6759,0.6020,1.0779,hold
2023-03-06,171.7041,2730700,171.2247,173.1042,171.1288,-0.0002,0.0332,0.0099,0.0207,0.0922,43.8011,0.0114,0.0171,-0.0041,0.6716,-0.0504,1.0755,sell
2023-03-07,168.1178,2906400,171.3302,171.5507,167.8877,-0.0209,0.0076,0.0106,-0.0017,0.0657,36.8904,0.0113,0.0157,-0.0047,0.3215,0.0643,1.1559,hold
2023-03-08,167.6479,2101400,168.6069,168.9808,166.4397,-0.0028,-0.0061,0.0007,-0.0045,0.0588,36.6544,0.0111,0.0140,-0.0052,0.2955,-0.2770,0.8601,sell
2023-03-09,165.0493,4349400,172.2220,172.8645,164.8959,-0.0155,-0.0184,-0.0172,-0.0183,0.0392,36.6880,0.0121,0.0114,-0.0065,0.0994,1.0698,1.7298,sell
2023-03-10,158.8930,5104300,163.8122,163.8122,158.0683,-0.0373,-0.0748,-0.0491,-0.0502,-0.0019,29.0158,0.0166,0.0063,-0.0098,-0.1994,0.1736,1.9695,sell
2023-03-13,151.1546,6123200,154.8560,155.3354,150.9532,-0.0487,-0.1197,-0.0904,-0.0883,-0.0522,25.1489,0.0216,-0.0021,-0.0152,-0.2956,0.1996,2.2117,buy
2023-03-14,157.1766,5284000,154.8656,157.5697,154.2710,0.0398,-0.0651,-0.0579,-0.0464,-0.0164,35.3992,0.0265,-0.0055,-0.0145,0.0584,-0.1371,1.8362,sell
2023-03-15,153.2449,6100800,151.4230,153.3888,149.5243,-0.0250,-0.0859,-0.0915,-0.0615,-0.0425,31.1252,0.0264,-0.0105,-0.0157,-0.0219,0.1546,1.9896,hold
2023-03-16,154.1272,4737300,151.5669,155.2683,149.6874,0.0058,-0.0662,-0.0833,-0.0479,-0.0386,33.3661,0.0268,-0.0135,-0.0150,0.0736,-0.2235,1.4675,sell
2023-03-17,150.0901,7447200,151.7203,152.1326,148.5367,-0.0262,-0.0554,-0.1260,-0.0603,-0.0645,30.8883,0.0251,-0.0184,-0.0160,0.0059,0.5720,2.1244,buy
2023-03-20,152.2189,3054300,151.8641,154.0888,151.0970,0.0142,0.0070,-0.1135,-0.0352,-0.0526,33.2159,0.0263,-0.0203,-0.0143,0.1302,-0.5899,0.8627,buy
2023-03-21,157.7998,3986800,156.2464,157.8094,155.0573,0.0367,0.0040,-0.0614,0.0068,-0.0196,38.4958,0.0301,-0.0182,-0.0099,0.3373,0.3053,1.1061,sell
2023-03-22,156.0642,4367300,157.8670,159.9191,155.8245,-0.0110,0.0184,-0.0691,0.0031,-0.0318,37.5519,0.0301,-0.0180,-0.0077,0.2988,0.0954,1.1806,hold
2023-03-23,156.0738,3727500,155.9875,159.4108,154.2135,0.0001,0.0126,-0.0544,0.0090,-0.0330,32.5646,0.0300,-0.0174,-0.0057,0.3186,-0.1465,0.9922,sell
2023-03-24,153.2162,2588700,153.9258,154.1080,151.3367,-0.0183,0.0208,-0.0357,-0.0058,-0.0513,30.6348,0.0283,-0.0186,-0.0053,0.2480,-0.3055,0.6807,buy
2023-03-27,156.4190,3984300,157.2149,157.7135,155.1820,0.0209,0.0276,0.0348,0.0115,-0.0324,37.6468,0.0241,-0.0170,-0.0032,0.3711,0.5391,1.0199,sell
2023-03-28,152.6696,4883700,155.5464,155.9107,151.6915,-0.0240,-0.0325,-0.0287,-0.0099,-0.0560,35.2083,0.0218,-0.0183,-0.0033,0.2684,0.2257,1.2101,buy
2023-03-29,156.8697,3884800,155.0573,157.4450,154.4628,0.0275,0.0052,0.0237,0.0150,-0.0312,42.1700,0.0222,-0.0160,-0.0012,0.4276,-0.2045,0.9471,sell
2023-03-30,155.7382,2644800,157.2245,158.1834,155.1628,-0.0072,-0.0022,0.0105,0.0066,-0.0395,46.6586,0.0223,-0.0152,-0.0002,0.4053,-0.3192,0.6382,buy
2023-03-31,158.1738,3594300,156.9464,158.2984,155.1052,0.0156,0.0324,0.0539,0.0170,-0.0266,58.3752,0.0205,-0.0128,0.0016,0.5230,0.3590,0.8599,sell
2023-04-03,157.0519,2704400,157.3683,158.4519,155.9971,-0.0071,0.0040,0.0318,0.0067,-0.0349,49.8315,0.0206,-0.0116,0.0023,0.5081,-0.2476,0.6472,sell
2023-04-04,155.8820,2063500,158.2314,158.4040,154.2231,-0.0074,0.0210,-0.0122,0.0004,-0.0430,53.8505,0.0170,-0.0112,0.0023,0.4765,-0.2370,0.4988,sell
2023-04-05,155.0350,2346800,154.5345,155.5355,154.1784,-0.0054,-0.0117,-0.0066,-0.0044,-0.0490,51.3269,0.0168,-0.0111,0.0019,0.4531,0.1373,0.5656,sell
2023-04-06,152.8694,3754500,154.6019,154.7559,152.2919,-0.0140,-0.0184,-0.0205,-0.0162,-0.0625,54.2975,0.0173,-0.0122,0.0008,0.2793,0.5998,0.9115,buy
2023-04-10,155.0927,2372600,152.1091,155.1216,151.8781,0.0145,-0.0195,0.0122,-0.0031,-0.0495,54.4307,0.0170,-0.0114,0.0011,0.5267,-0.3681,0.5958,hold
2023-04-11,155.7569,2742300,155.6029,156.4787,154.3036,0.0043,-0.0082,-0.0042,0.0016,-0.0444,46.2875,0.0156,-0.0105,0.0016,0.5801,0.1558,0.7191,sell
2023-04-12,153.3122,2817600,157.0947,157.0947,152.9079,-0.0157,-0.0165,0.0042,-0.0146,-0.0580,45.1245,0.0144,-0.0111,0.0010,0.3121,0.0275,0.7635,buy
2023-04-13,156.2092,2729000,153.8030,156.3247,153.0138,0.0189,0.0076,-0.0042,0.0045,-0.0388,50.2177,0.0127,-0.0096,0.0018,0.6416,-0.0314,0.7749,buy
2023-04-14,157.0947,2618100,158.0764,158.5865,155.4008,0.0057,0.0276,0.0087,0.0093,-0.0322,56.6554,0.0126,-0.0080,0.0027,0.7263,-0.0406,0.7665,hold
2023-04-17,157.5663,2622300,155.8628,157.5952,154.8522,0.0030,0.0159,-0.0038,0.0127,-0.0283,52.1724,0.0116,-0.0064,0.0034,0.7787,0.0016,0.8261,buy
2023-04-18,158.2304,2444500,158.4229,158.8560,157.1524,0.0042,0.0159,0.0075,0.0162,-0.0226,61.9218,0.0114,-0.0048,0.0040,0.8456,-0.0678,0.7775,hold
2023-04-19,158.7598,3768600,158.2015,160.2997,157.5952,0.0033,0.0355,0.0185,0.0177,-0.0181,54.8090,0.0110,-0.0032,0.0044,0.8996,0.5417,1.2029,sell
2023-04-20,157.1524,10832400,153.0331,157.6048,148.2303,-0.0101,0.0060,0.0137,0.0061,-0.0263,53.5133,0.0115,-0.0027,0.0040,0.6651,1.8744,3.1342,hold
2023-04-21,157.6337,3882500,156.9022,158.5866,155.1794,0.0031,0.0034,0.0312,0.0061,-0.0216,48.5141,0.0101,-0.0021,0.0037,0.7162,-0.6416,1.1208,sell
2023-04-24,154.5634,2473500,158.0668,158.1342,154.3805,-0.0195,-0.0191,-0.0034,-0.0132,-0.0386,43.8162,0.0115,-0.0032,0.0022,0.2813,-0.3629,0.7153,sell
2023-04-25,150.2612,3421300,152.9465,153.2737,150.1168,-0.0278,-0.0504,-0.0353,-0.0373,-0.0628,37.9139,0.0142,-0.0063,-0.0007,-0.1321,0.3832,0.9974,hold
2023-04-26,149.8761,2789100,149.9243,151.3583,149.2602,-0.0026,-0.0560,-0.0224,-0.0376,-0.0624,38.6824,0.0135,-0.0089,-0.0026,-0.0850,-0.1848,0.8387,buy
2023-04-27,152.5037,2143500,150.6654,152.7443,150.0590,0.0175,-0.0296,-0.0237,-0.0184,-0.0435,49.2136,0.0133,-0.0093,-0.0024,0.2122,-0.2315,0.6619,buy
2023-04-28,155.2852,2380100,151.3968,155.3237,150.9926,0.0182,-0.0149,-0.0115,0.0007,-0.0238,50.4042,0.0147,-0.0079,-0.0010,0.4872,0.1104,0.7380,sell
2023-05-01,153.3411,1803600,155.7761,155.7761,152.7251,-0.0125,-0.0079,-0.0268,-0.0092,-0.0339,45.1861,0.0150,-0.0081,-0.0008,0.3168,-0.2422,0.5752,sell
2023-05-02,147.4988,4925600,152.4075,152.4075,146.2091,-0.0381,-0.0184,-0.0678,-0.0403,-0.0681,39.7973,0.0185,-0.0114,-0.0031,-0.1021,1.7310,1.5172,sell
2023-05-03,146.4979,2655300,147.5085,149.1639,146.1418,-0.0068,-0.0225,-0.0772,-0.0391,-0.0721,31.7409,0.0181,-0.0144,-0.0048,-0.0540,-0.4609,0.8105,sell
2023-05-04,143.2255,3997900,145.3622,145.5739,141.8684,-0.0223,-0.0608,-0.0886,-0.0519,-0.0900,26.0710,0.0187,-0.0186,-0.0071,-0.1112,0.5056,1.1903,buy
2023-05-05,146.9214,2223200,145.6124,147.5662,145.4488,0.0258,-0.0539,-0.0680,-0.0205,-0.0640,33.4727,0.0215,-0.0189,-0.0061,0.1446,-0.4439,0.6774,hold
2023-05-08,147.2968,2271600,147.6529,148.7790,147.2101,0.0026,-0.0394,-0.0470,-0.0132,-0.0593,32.8710,0.0212,-0.0191,-0.0051,0.1986,0.0218,0.6932,hold
2023-05-09,147.6240,2322700,146.2957,147.9608,146.1803,0.0022,0.0008,-0.0176,-0.0093,-0.0550,32.4431,0.0196,-0.0188,-0.0038,0.2430,0.0225,0.7133,sell
2023-05-10,143.1004,4602600,147.8454,148.8656,142.3978,-0.0306,-0.0232,-0.0452,-0.0353,-0.0811,29.7110,0.0216,-0.0215,-0.0049,0.0724,0.9816,1.3758,hold
2023-05-11,142.4363,2900300,142.4170,142.9271,140.7904,-0.0046,-0.0055,-0.0660,-0.0332,-0.0823,28.1725,0.0202,-0.0234,-0.0053,0.0981,-0.3699,0.8647,hold
2023-05-12,142.3785,2320000,143.7163,143.7163,141.5700,-0.0004,-0.0309,-0.0831,-0.0250,-0.0796,30.8414,0.0185,-0.0246,-0.0052,0.1398,-0.2001,0.6948,buy
2023-05-15,144.3708,2271900,142.6191,144.5730,142.3785,0.0140,-0.0199,-0.0585,-0.0053,-0.0634,40.0131,0.0197,-0.0237,-0.0037,0.2522,-0.0207,0.6840,sell
2023-05-16,142.8405,1960200,144.5537,146.6904,142.8020,-0.0106,-0.0324,-0.0316,-0.0126,-0.0699,38.5171,0.0163,-0.0242,-0.0032,0.2111,-0.1372,0.5945,buy
2023-05-17,146.3824,2446500,144.1976,147.1524,143.6971,0.0248,0.0229,-0.0008,0.0119,-0.0441,40.2990,0.0184,-0.0216,-0.0008,0.3917,0.2481,0.7572,buy
2023-05-18,147.7202,2629800,146.5364,148.3362,145.3910,0.0091,0.0371,0.0314,0.0180,-0.0328,37.4361,0.0168,-0.0188,0.0014,0.4800,0.0749,0.9322,hold
2023-05-19,147.2101,2258600,148.7693,149.1062,146.4305,-0.0035,0.0339,0.0020,0.0143,-0.0339,39.3085,0.0149,-0.0169,0.0027,0.4778,-0.1412,0.8243,buy
2023-05-22,149.6740,2483800,147.9031,150.0494,147.5277,0.0167,0.0367,0.0161,0.0296,-0.0166,54.2999,0.0158,-0.0137,0.0045,0.6587,0.0997,0.9064,sell
2023-05-23,146.8347,2928400,148.6731,149.9147,146.7770,-0.0190,0.0280,-0.0053,0.0106,-0.0347,50.6208,0.0171,-0.0129,0.0045,0.4783,0.1790,1.0783,sell
2023-05-24,145.0638,2308400,145.8145,146.0070,144.4863,-0.0121,-0.0090,0.0137,-0.0029,-0.0448,53.5862,0.0142,-0.0131,0.0036,0.3721,-0.2117,0.8576,hold
2023-05-25,145.4103,3234300,143.9858,145.8145,143.7645,0.0024,-0.0156,0.0209,-0.0026,-0.0415,46.6091,0.0140,-0.0127,0.0031,0.4151,0.4011,1.1777,buy
2023-05-26,151.3391,4015400,147.0754,152.3112,146.8059,0.0408,0.0280,0.0629,0.0317,-0.0021,57.2614,0.0185,-0.0087,0.0052,0.9264,0.2415,1.4199,hold
2023-05-30,152.0802,3268200,151.2525,152.9850,150.7809,0.0049,0.0161,0.0534,0.0314,0.0026,57.8876,0.0183,-0.0055,0.0067,1.0218,-0.1861,1.1265,hold
2023-05-31,152.6096,5588500,151.7530,153.6106,150.3959,0.0035,0.0393,0.0684,0.0281,0.0060,69.6031,0.0175,-0.0026,0.0077,0.9880,0.7100,1.9045,buy
2023-06-01,156.6135,4087200,153.0908,157.8358,152.2920,0.0262,0.0796,0.0699,0.0479,0.0325,75.6888,0.0176,0.0017,0.0094,1.1233,-0.2686,1.3597,buy
2023-06-02,162.2343,4820500,158.7983,163.4759,158.3171,0.0359,0.1157,0.0983,0.0751,0.0687,79.9420,0.0199,0.0076,0.0120,1.2100,0.1794,1.5820,sell
2023-06-05,161.1467,2870900,161.9263,161.9263,159.6068,-0.0067,0.0648,0.0947,0.0581,0.0609,76.0072,0.0201,0.0117,0.0129,1.0361,-0.4044,0.9323,buy
2023-06-06,165.3719,3631500,161.5509,166.1708,161.2141,0.0262,0.0874,0.1049,0.0747,0.0869,82.2363,0.0207,0.0165,0.0141,1.0730,0.2649,1.1538,hold
2023-06-07,165.1121,2789000,167.1333,167.1333,164.2940,-0.0016,0.0819,0.1245,0.0605,0.0840,79.5746,0.0187,0.0201,0.0142,0.9764,-0.2320,0.8796,hold
2023-06-08,164.7175,2354400,164.2459,165.0929,163.1968,-0.0024,0.0517,0.1355,0.0447,0.0797,77.6630,0.0175,0.0226,0.0133,0.9063,-0.1558,0.7698,hold
2023-06-09,165.2757,2200900,165.4874,165.7569,164.5250,0.0034,0.0187,0.1366,0.0352,0.0822,79.3557,0.0174,0.0244,0.0121,0.8766,-0.0652,0.7280,buy
2023-06-12,167.1237,2609600,165.5548,167.4028,165.4778,0.0112,0.0371,0.1043,0.0366,0.0926,78.9340,0.0144,0.0262,0.0113,0.8849,0.1857,0.8590,buy
2023-06-13,168.5674,2480400,167.8648,169.5106,167.6723,0.0086,0.0193,0.1084,0.0349,0.1006,87.7846,0.0143,0.0280,0.0105,0.8793,-0.0495,0.8137,hold
2023-06-14,167.9225,2326100,169.4143,170.3960,166.8830,-0.0038,0.0170,0.1003,0.0214,0.0948,91.3620,0.0149,0.0291,0.0092,0.8279,-0.0622,0.7585,hold
2023-06-15,167.2873,2797600,164.9774,167.9803,163.2064,-0.0038,0.0156,0.0682,0.0109,0.0890,89.1762,0.0142,0.0293,0.0075,0.7804,0.2027,0.9071,sell
2023-06-16,165.7473,4616900,167.6627,168.0284,165.1121,-0.0092,0.0029,0.0217,-0.0005,0.0775,80.6137,0.0106,0.0286,0.0053,0.7138,0.6503,1.4502,sell
2023-06-20,163.0524,2865700,164.5827,164.7945,162.0129,-0.0163,-0.0244,0.0118,-0.0179,0.0586,71.5257,0.0119,0.0266,0.0023,0.6177,-0.3793,0.8917,sell
2023-06-21,161.6183,2813600,162.7540,162.7540,160.6847,-0.0088,-0.0412,-0.0227,-0.0243,0.0484,67.0678,0.0083,0.0239,-0.0005,0.5584,-0.0182,0.8710,hold
2023-06-22,161.9456,2755900,161.0023,162.1766,159.0293,0.0020,-0.0356,-0.0192,-0.0204,0.0497,61.7373,0.0084,0.0214,-0.0023,0.5486,-0.0205,0.8554,hold
2023-06-23,161.7627,4214400,159.7704,162.2728,159.5202,-0.0011,-0.0330,-0.0179,-0.0198,0.0473,48.6352,0.0084,0.0192,-0.0036,0.5162,0.5292,1.2705,sell
2023-06-26,160.8387,2507100,162.2054,164.1015,160.7906,-0.0057,-0.0296,-0.0268,-0.0228,0.0407,49.1000,0.0083,0.0169,-0.0049,0.4387,-0.4051,0.7642,buy
2023-06-27,161.8782,2433900,160.1073,162.0611,159.9436,0.0065,-0.0072,-0.0314,-0.0133,0.0468,37.4569,0.0075,0.0152,-0.0051,0.4580,-0.0292,0.7602,buy
2023-06-28,163.4085,2289000,160.9831,163.4951,160.9253,0.0095,0.0111,-0.0306,-0.0008,0.0559,44.3952,0.0077,0.0145,-0.0046,0.5128,-0.0595,0.7261,buy
2023-06-29,165.6223,2899200,164.1785,165.8436,163.9283,0.0135,0.0227,-0.0137,0.0141,0.0692,52.6584,0.0093,0.0147,-0.0033,0.6498,0.2666,0.9606,buy
2023-06-30,167.6626,3371300,167.7012,168.5192,166.8253,0.0123,0.0365,0.0022,0.0264,0.0811,56.4516,0.0102,0.0156,-0.0017,0.8236,0.1628,1.1304,buy
2023-07-03,168.8561,1700200,167.7589,169.7127,167.1814,0.0071,0.0498,0.0188,0.0317,0.0872,54.8544,0.0098,0.0168,-0.0003,0.8892,-0.4957,0.6015,hold
2023-07-05,168.9812,2487800,167.8359,169.9437,167.5086,0.0007,0.0439,0.0364,0.0288,0.0864,51.2522,0.0075,0.0176,0.0004,0.8614,0.4632,0.8862,sell
2023-07-06,165.0892,3157300,165.8618,166.4123,162.4719,-0.0230,0.0103,0.0215,0.0029,0.0599,42.8353,0.0107,0.0166,-0.0008,0.4968,0.2691,1.1343,sell
2023-07-07,163.9882,2145300,163.3411,165.6976,162.8969,-0.0067,-0.0099,0.0126,-0.0050,0.0510,41.8495,0.0111,0.0149,-0.0021,0.3990,-0.3205,0.7797,buy
2023-07-10,165.8328,1865600,164.0461,165.9487,163.6502,0.0112,-0.0109,0.0252,0.0037,0.0607,50.2080,0.0115,0.0140,-0.0022,0.5664,-0.1304,0.6841,buy
2023-07-11,168.6625,2281900,166.5958,169.5704,166.4220,0.0171,-0.0011,0.0486,0.0161,0.0766,63.5654,0.0119,0.0144,-0.0012,0.8021,0.2231,0.8356,hold
2023-07-12,168.3631,2305800,170.9418,171.8206,168.3438,-0.0018,-0.0037,0.0401,0.0103,0.0728,67.2560,0.0121,0.0147,-0.0008,0.7644,0.0105,0.8490,hold
2023-07-13,168.2762,2080400,169.4158,170.0726,167.9478,-0.0005,0.0193,0.0298,0.0068,0.0703,66.3980,0.0120,0.0146,-0.0007,0.7595,-0.0978,0.7717,sell
2023-07-14,167.4553,1829500,169.3579,169.6476,166.6151,-0.0049,0.0211,0.0111,0.0008,0.0623,64.2734,0.0116,0.0141,-0.0010,0.6904,-0.1206,0.6850,buy
2023-07-17,169.3869,2144100,167.0207,170.2271,166.9241,0.0115,0.0214,0.0103,0.0113,0.0715,70.4026,0.0115,0.0142,-0.0006,0.8392,0.1720,0.8127,buy
2023-07-18,171.9462,2685700,169.1937,172.3325,168.4597,0.0151,0.0195,0.0183,0.0247,0.0837,72.4046,0.0122,0.0152,0.0005,0.9755,0.2526,1.0567,sell
2023-07-19,171.0577,2749100,172.1490,172.6705,170.2754,-0.0052,0.0160,0.0123,0.0182,0.0749,67.5224,0.0124,0.0157,0.0007,0.8612,0.0236,1.0841,hold
2023-07-20,171.0480,3940700,169.5510,171.1542,168.0927,-0.0001,0.0165,0.0361,0.0145,0.0716,63.8252,0.0091,0.0158,0.0007,0.8264,0.4335,1.5202,sell
2023-07-21,164.3938,9102100,166.2771,167.4070,161.6896,-0.0389,-0.0183,0.0025,-0.0252,0.0278,43.2564,0.0161,0.0132,-0.0021,0.3217,1.3098,3.1284,sell
2023-07-24,162.0470,4979900,161.8538,163.2156,161.2164,-0.0143,-0.0433,-0.0228,-0.0369,0.0107,36.5908,0.0162,0.0094,-0.0048,0.1387,-0.4529,1.6894,sell
2023-07-25,160.8011,3286700,161.6221,163.1673,160.7239,-0.0077,-0.0648,-0.0466,-0.0399,0.0006,34.5720,0.0148,0.0057,-0.0070,0.0434,-0.3400,1.1004,buy
2023-07-26,162.0084,2352000,160.4824,162.6651,160.3762,0.0075,-0.0529,-0.0377,-0.0290,0.0057,43.5347,0.0153,0.0032,-0.0075,0.1346,-0.2844,0.7886,sell
2023-07-27,158.0004,3944200,162.7617,162.7713,157.5851,-0.0247,-0.0763,-0.0611,-0.0471,-0.0209,38.8007,0.0166,-0.0008,-0.0094,-0.0690,0.6770,1.2867,buy
2023-07-28,159.7677,2925900,159.6325,160.8784,159.0048,0.0112,-0.0281,-0.0459,-0.0320,-0.0120,38.6231,0.0175,-0.0030,-0.0092,0.1004,-0.2582,0.9541,buy
2023-07-31,163.0997,3345900,160.8108,163.2059,160.8108,0.0209,0.0065,-0.0371,-0.0080,0.0066,39.7582,0.0186,-0.0030,-0.0073,0.3240,0.1435,1.0915,hold
2023-08-01,163.8433,2340100,162.2015,163.9978,161.5351,0.0046,0.0189,-0.0471,0.0014,0.0091,41.8124,0.0177,-0.0026,-0.0055,0.3844,-0.3006,0.7555,sell
2023-08-02,161.0426,2236200,161.5544,162.0083,160.3665,-0.0171,-0.0060,-0.0585,-0.0096,-0.0098,38.0694,0.0182,-0.0038,-0.0053,0.2382,-0.0444,0.7249,hold
2023-08-03,160.7142,1708700,160.1637,160.9557,159.3814,-0.0020,0.0172,-0.0604,-0.0053,-0.0132,38.6982,0.0181,-0.0047,-0.0050,0.2396,-0.2359,0.5672,sell
2023-08-04,159.7485,2256000,160.8301,162.3464,159.4104,-0.0060,-0.0001,-0.0283,-0.0084,-0.0206,33.2998,0.0140,-0.0059,-0.0050,0.2061,0.3203,0.7475,buy
2023-08-07,161.2454,2027200,161.1392,161.6027,160.4535,0.0094,-0.0114,-0.0049,0.0014,-0.0134,30.7505,0.0139,-0.0060,-0.0041,0.3080,-0.1014,0.6699,sell
2023-08-08,160.1927,2102900,159.2559,160.3086,157.9907,-0.0065,-0.0223,-0.0038,-0.0048,-0.0216,30.5699,0.0138,-0.0066,-0.0037,0.2725,0.0373,0.6970,sell
2023-08-09,158.2129,2445200,160.2603,160.5983,157.9038,-0.0124,-0.0176,-0.0234,-0.0148,-0.0345,28.5576,0.0140,-0.0080,-0.0041,0.1950,0.1628,0.8086,hold
2023-08-10,157.9424,2556000,159.0724,160.8011,157.1505,-0.0017,-0.0172,-0.0004,-0.0164,-0.0369,36.3002,0.0115,-0.0091,-0.0042,0.2113,0.0453,0.8386,buy
2023-08-11,159.6133,2102500,157.1022,160.1058,157.0346,0.0106,-0.0008,-0.0010,-0.0059,-0.0275,44.6791,0.0115,-0.0090,-0.0032,0.3227,-0.1774,0.6867,buy
2023-08-14,160.3955,1827300,158.7054,160.7818,158.1646,0.0049,-0.0053,-0.0166,0.0006,-0.0232,49.0948,0.0091,-0.0084,-0.0021,0.3847,-0.1309,0.6000,sell
2023-08-15,156.3682,2447600,158.7634,159.1690,156.1654,-0.0251,-0.0239,-0.0456,-0.0199,-0.0471,38.8208,0.0114,-0.0101,-0.0030,0.1579,0.3395,0.8068,sell
2023-08-16,155.2576,1994900,155.7502,157.3823,155.1417,-0.0071,-0.0187,-0.0359,-0.0233,-0.0531,43.8581,0.0106,-0.0118,-0.0037,0.0871,-0.1850,0.6658,hold
2023-08-17,155.0837,2473000,156.3682,157.0443,154.8906,-0.0011,-0.0181,-0.0350,-0.0210,-0.0530,38.7052,0.0106,-0.0131,-0.0040,0.0265,0.2397,0.8461,hold
2023-08-18,154.7457,2139500,153.7800,155.2962,153.4999,-0.0022,-0.0305,-0.0313,-0.0200,-0.0539,26.4561,0.0106,-0.0141,-0.0040,0.0465,-0.1349,0.8310,buy
2023-08-21,155.3735,2070500,155.3735,156.1172,154.6009,0.0041,-0.0313,-0.0364,-0.0124,-0.0490,25.9727,0.0100,-0.0144,-0.0034,0.1492,-0.0323,0.8524,sell
2023-08-22,153.6351,2255500,155.2576,155.7405,153.1812,-0.0112,-0.0175,-0.0409,-0.0193,-0.0583,27.6386,0.0103,-0.0155,-0.0035,0.0602,0.0894,0.9487,hold
2023-08-23,153.9828,2042500,153.8766,154.6009,153.2681,0.0023,-0.0082,-0.0267,-0.0144,-0.0546,29.7031,0.0100,-0.0159,-0.0032,0.1347,-0.0944,0.8647,sell
2023-08-24,152.3893,2468600,153.5675,155.8950,152.3410,-0.0103,-0.0174,-0.0352,-0.0212,-0.0625,28.6196,0.0103,-0.0170,-0.0033,0.0673,0.2086,1.0788,buy
2023-08-25,152.9011,2969200,153.0170,154.1759,151.9450,0.0034,-0.0119,-0.0421,-0.0136,-0.0576,24.2858,0.0094,-0.0172,-0.0029,0.1499,0.2028,1.2963,buy
2023-08-28,153.7413,2509900,153.5385,155.4025,153.3261,0.0055,-0.0105,-0.0415,-0.0039,-0.0509,29.8555,0.0095,-0.0168,-0.0020,0.2341,-0.1547,1.1162,buy
2023-08-29,154.7554,2175800,153.4516,155.2866,152.8818,0.0066,0.0073,-0.0103,0.0037,-0.0433,38.5110,0.0065,-0.0156,-0.0008,0.3262,-0.1331,0.9711,hold
2023-08-30,154.6878,3039900,154.7844,156.3199,154.6395,-0.0004,0.0046,-0.0037,0.0036,-0.0427,39.0372,0.0062,-0.0147,0.0001,0.3399,0.3971,1.3329,sell
2023-08-31,152.5824,3653900,155.1610,155.4315,152.3410,-0.0136,0.0013,-0.0161,-0.0084,-0.0547,26.9913,0.0075,-0.0151,-0.0000,0.1890,0.2020,1.5366,buy
2023-09-01,154.1566,2195500,153.6254,154.6781,153.2778,0.0103,0.0082,-0.0038,0.0022,-0.0440,30.5890,0.0084,-0.0141,0.0007,0.3456,-0.3991,0.9245,hold
2023-09-05,154.5237,4151000,154.6299,156.3200,153.8959,0.0024,0.0051,-0.0055,0.0051,-0.0409,42.5683,0.0083,-0.0130,0.0013,0.3983,0.8907,1.6731,sell
2023-09-06,152.5921,2949200,153.6254,154.3691,151.4911,-0.0125,-0.0140,-0.0068,-0.0068,-0.0519,39.9271,0.0085,-0.0133,0.0010,0.2209,-0.2895,1.1688,sell
2023-09-07,151.4138,2617400,151.8774,152.2347,150.7281,-0.0077,-0.0212,-0.0167,-0.0128,-0.0580,37.1101,0.0087,-0.0139,0.0004,0.1334,-0.1125,1.0337,buy
2023-09-08,152.0415,1931300,151.6456,152.3892,151.3462,0.0041,-0.0035,-0.0023,-0.0085,-0.0528,40.6915,0.0083,-0.0137,0.0004,0.2278,-0.2621,0.7723,buy
2023-09-11,152.4279,2611100,152.9494,153.7124,152.0126,0.0025,-0.0112,-0.0031,-0.0056,-0.0488,39.6889,0.0082,-0.0133,0.0007,0.2809,0.3520,1.0336,buy
2023-09-12,153.0750,2659000,152.2541,154.2532,152.0609,0.0042,-0.0094,-0.0043,-0.0010,-0.0430,47.8771,0.0081,-0.0124,0.0012,0.3652,0.0183,1.0355,buy
2023-09-13,153.6930,2976700,153.8862,155.1996,153.1908,0.0040,0.0072,-0.0069,0.0037,-0.0373,48.9238,0.0079,-0.0112,0.0018,0.5086,0.1195,1.1474,buy
2023-09-14,156.2427,3209900,155.0741,156.4166,154.5236,0.0166,0.0319,0.0101,0.0194,-0.0198,63.3624,0.0096,-0.0088,0.0033,1.0041,0.0783,1.2090,buy
2023-09-15,158.1453,7273600,156.4841,158.7054,156.2813,0.0122,0.0401,0.0365,0.0280,-0.0070,66.5852,0.0087,-0.0059,0.0048,1.1782,1.2660,2.5125,sell
2023-09-18,154.1663,2413400,158.1839,158.3384,153.8959,-0.0252,0.0114,0.0001,0.0022,-0.0308,51.1213,0.0122,-0.0057,0.0042,0.5541,-0.6682,0.8297,hold
2023-09-19,153.8959,2230700,153.6062,154.3981,153.0267,-0.0018,0.0054,-0.0041,0.0008,-0.0310,47.6393,0.0122,-0.0056,0.0035,0.5235,-0.0757,0.7648,sell
2023-09-20,151.8484,1969700,154.5236,154.7168,151.5104,-0.0133,-0.0120,-0.0049,-0.0120,-0.0419,42.9666,0.0123,-0.0066,0.0021,0.2139,-0.1170,0.6786,sell
2023-09-21,149.4147,2712100,150.4964,151.5008,149.1539,-0.0160,-0.0437,-0.0132,-0.0266,-0.0550,42.2788,0.0131,-0.0086,0.0002,-0.0448,0.3769,0.9238,sell
2023-09-22,147.8405,2380600,149.6948,149.7334,147.6860,-0.0105,-0.0652,-0.0276,-0.0342,-0.0625,34.6047,0.0132,-0.0110,-0.0017,-0.1038,-0.1222,0.8121,hold
2023-09-25,147.9853,2434400,147.0003,148.0626,146.5560,0.0010,-0.0401,-0.0291,-0.0304,-0.0593,33.8885,0.0132,-0.0126,-0.0026,0.0046,0.0226,0.8381,sell
2023-09-26,145.9476,2332100,146.5560,147.7246,145.0204,-0.0138,-0.0516,-0.0466,-0.0393,-0.0695,33.7121,0.0133,-0.0150,-0.0039,-0.0614,-0.0420,0.8053,sell
2023-09-27,144.7693,3705400,146.3146,146.3146,143.8712,-0.0081,-0.0466,-0.0581,-0.0414,-0.0738,33.7121,0.0130,-0.0173,-0.0049,-0.0409,0.5889,1.2466,hold
2023-09-28,145.0880,3489800,144.6438,145.7158,143.9194,0.0022,-0.0290,-0.0714,-0.0322,-0.0686,32.6924,0.0108,-0.0187,-0.0051,0.0551,-0.0582,1.1653,sell
2023-09-29,144.0836,3579400,146.2663,146.4980,143.5814,-0.0069,-0.0254,-0.0889,-0.0298,-0.0719,29.8508,0.0084,-0.0202,-0.0052,0.0584,0.0257,1.1967,hold
2023-10-02,144.3637,2657600,143.3400,144.7693,143.0020,0.0019,-0.0245,-0.0636,-0.0214,-0.0676,28.5850,0.0069,-0.0209,-0.0047,0.1258,-0.2575,0.8817,sell
2023-10-03,140.0853,4184100,143.4172,144.0739,139.3706,-0.0296,-0.0402,-0.0897,-0.0414,-0.0927,21.6499,0.0098,-0.0243,-0.0061,-0.0217,0.5744,1.3874,buy
2023-10-04,141.6112,3476700,140.9062,141.8913,139.4575,0.0109,-0.0218,-0.0674,-0.0242,-0.0805,18.1589,0.0116,-0.0251,-0.0057,0.1130,-0.1691,1.1428,buy
2023-10-05,142.6391,2706200,141.1748,143.0755,140.3894,0.0073,-0.0169,-0.0453,-0.0125,-0.0715,14.9201,0.0119,-0.0249,-0.0045,0.1975,-0.2216,0.8882,buy
2023-10-06,144.8017,3204600,142.2706,145.8005,141.7179,0.0152,0.0050,-0.0206,0.0046,-0.0558,26.9170,0.0131,-0.0230,-0.0023,0.3191,0.1842,1.0303,hold
2023-10-09,144.3168,2279400,143.1337,144.9277,142.9592,-0.0033,-0.0003,-0.0248,0.0038,-0.0571,26.6354,0.0131,-0.0219,-0.0009,0.3154,-0.2887,0.7368,buy
2023-10-10,146.3629,2909100,144.9762,147.1387,144.4914,0.0142,0.0448,0.0028,0.0177,-0.0416,36.6193,0.0134,-0.0193,0.0011,0.4270,0.2763,0.9365,hold
2023-10-11,146.9254,1727000,146.8478,148.1861,145.2284,0.0038,0.0375,0.0149,0.0201,-0.0358,43.3179,0.0131,-0.0169,0.0027,0.4697,-0.4063,0.5674,hold
2023-10-12,146.7024,2377200,147.8855,148.0988,145.5678,-0.0015,0.0285,0.0111,0.0174,-0.0355,46.7060,0.0131,-0.0150,0.0037,0.4808,0.3765,0.7918,hold
2023-10-13,146.5278,2951500,148.2927,149.4758,145.8781,-0.0012,0.0119,0.0170,0.0145,-0.0348,45.7887,0.0128,-0.0135,0.0042,0.5040,0.2416,1.0594,buy
2023-10-16,148.1667,2586300,147.7594,148.7679,146.6345,0.0112,0.0267,0.0263,0.0232,-0.0225,56.5630,0.0132,-0.0111,0.0051,0.6540,-0.1237,0.9254,buy
2023-10-17,149.7183,3919400,146.9739,150.0480,146.9157,0.0105,0.0229,0.0688,0.0270,-0.0108,64.3203,0.0068,-0.0083,0.0062,0.8322,0.5154,1.3613,sell
2023-10-18,146.9448,2632200,148.4867,148.9425,146.5569,-0.0185,0.0001,0.0377,0.0043,-0.0274,54.7046,0.0103,-0.0077,0.0056,0.6239,-0.3284,0.9038,sell
2023-10-19,145.0926,4642200,145.8587,151.3280,144.5011,-0.0126,-0.0110,0.0172,-0.0100,-0.0380,52.4511,0.0114,-0.0082,0.0043,0.4564,0.7636,1.5429,sell
2023-10-20,137.2862,8268100,140.3215,143.4635,137.1601,-0.0538,-0.0631,-0.0519,-0.0584,-0.0872,37.4103,0.0200,-0.0134,-0.0002,-0.1637,0.7811,2.5031,buy
2023-10-23,140.2148,5313500,137.2183,141.4367,136.6461,0.0213,-0.0537,-0.0284,-0.0356,-0.0654,50.2420,0.0217,-0.0149,-0.0016,0.1347,-0.3573,1.5414,hold
2023-10-24,140.0500,3521100,141.4367,142.0767,139.1966,-0.0012,-0.0646,-0.0431,-0.0326,-0.0639,46.9264,0.0209,-0.0163,-0.0023,0.1620,-0.3373,1.0042,hold
2023-10-25,139.1772,2841400,139.7299,140.4572,138.8960,-0.0062,-0.0529,-0.0527,-0.0334,-0.0676,43.1425,0.0207,-0.0177,-0.0030,0.1376,-0.1930,0.8204,hold
2023-10-26,139.0026,3378000,139.0317,140.5251,138.6632,-0.0013,-0.0420,-0.0525,-0.0294,-0.0667,37.5313,0.0207,-0.0187,-0.0032,0.1644,0.1889,0.9769,sell
2023-10-27,137.0341,3442500,139.4972,139.6039,136.7625,-0.0142,-0.0018,-0.0648,-0.0368,-0.0777,35.2802,0.0208,-0.0207,-0.0039,0.0848,0.0191,0.9976,buy
2023-10-30,138.9347,3303300,138.4014,139.5069,137.4413,0.0139,-0.0091,-0.0623,-0.0171,-0.0629,34.8974,0.0211,-0.0204,-0.0031,0.2356,-0.0404,0.9484,buy
2023-10-31,141.6112,3737200,138.9929,142.2415,138.7408,0.0193,0.0111,-0.0541,0.0077,-0.0431,40.0507,0.0220,-0.0183,-0.0010,0.4003,0.1314,1.0799,hold
2023-11-01,142.0185,2332600,142.0573,142.3773,140.7481,0.0029,0.0204,-0.0335,0.0141,-0.0389,41.2909,0.0217,-0.0164,0.0006,0.4251,-0.3758,0.6853,buy
2023-11-02,146.2854,3108400,143.8416,146.3436,143.8416,0.0300,0.0524,0.0082,0.0437,-0.0089,49.6088,0.0237,-0.0121,0.0036,0.6865,0.3326,0.9079,buy
2023-11-03,148.1376,2667700,147.9631,149.2237,147.7885,0.0127,0.0810,0.0790,0.0488,0.0042,49.9534,0.0139,-0.0078,0.0061,0.7842,-0.1418,0.7853,hold
2023-11-06,148.3607,2490000,147.9825,148.4382,146.9254,0.0015,0.0678,0.0581,0.0443,0.0063,47.7273,0.0131,-0.0043,0.0077,0.7760,-0.0666,0.7308,hold
2023-11-07,148.3509,1583300,148.3412,149.1364,147.7400,-0.0001,0.0476,0.0593,0.0382,0.0070,52.5939,0.0131,-0.0016,0.0083,0.7639,-0.3641,0.4739,hold
2023-11-08,148.3800,1804500,148.3412,149.1461,147.8176,0.0002,0.0448,0.0661,0.0318,0.0081,56.5017,0.0126,0.0006,0.0084,0.7573,0.1397,0.5395,sell
2023-11-09,147.7594,2052900,149.0297,149.4952,147.4491,-0.0042,0.0101,0.0630,0.0212,0.0048,78.9389,0.0128,0.0020,0.0078,0.7166,0.1377,0.6167,buy
2023-11-10,149.7086,2088100,148.4091,149.8055,147.4976,0.0132,0.0106,0.0925,0.0257,0.0184,77.7338,0.0107,0.0040,0.0079,0.8077,0.0171,0.6355,hold
2023-11-13,149.6698,1753600,149.4177,150.5620,148.8552,-0.0003,0.0088,0.0773,0.0180,0.0188,78.3105,0.0109,0.0056,0.0075,0.7961,-0.1602,0.5406,buy
2023-11-14,152.1620,2968600,151.8614,153.1415,151.3087,0.0167,0.0257,0.0745,0.0275,0.0361,84.8880,0.0106,0.0079,0.0079,0.9080,0.6929,0.9287,buy
2023-11-15,154.6057,3272600,152.7632,154.6154,152.2493,0.0161,0.0420,0.0886,0.0352,0.0524,87.3666,0.0108,0.0109,0.0087,0.9666,0.1024,1.0137,hold
2023-11-16,154.2372,3749100,154.8191,155.2555,153.1899,-0.0024,0.0438,0.0544,0.0273,0.0495,94.6178,0.0082,0.0130,0.0086,0.8968,0.1456,1.1775,buy
2023-11-17,157.6411,2975800,155.0712,157.6605,155.0712,0.0221,0.0530,0.0642,0.0434,0.0719,95.0071,0.0096,0.0159,0.0093,0.9738,-0.2063,1.0194,buy
2023-11-20,158.8920,3242900,157.9805,159.6678,157.8350,0.0079,0.0616,0.0710,0.0444,0.0794,94.6394,0.0094,0.0187,0.0097,0.9527,0.0898,1.1517,sell
2023-11-21,157.3792,2759700,158.6981,159.1539,156.8362,-0.0095,0.0343,0.0609,0.0283,0.0685,87.5357,0.0106,0.0202,0.0089,0.8525,-0.1490,0.9936,buy
2023-11-22,158.8338,2527500,158.3393,159.6969,157.9223,0.0092,0.0273,0.0705,0.0308,0.0777,85.5496,0.0105,0.0215,0.0083,0.8656,-0.0841,0.9151,buy
2023-11-24,159.4447,950700,159.5805,160.2205,159.0084,0.0038,0.0338,0.0791,0.0270,0.0813,84.4564,0.0098,0.0227,0.0076,0.8524,-0.6239,0.3600,hold
2023-11-27,159.0763,2146400,158.8047,159.5417,158.3781,-0.0023,0.0091,0.0626,0.0185,0.0787,82.3670,0.0101,0.0233,0.0065,0.8185,1.2577,0.8333,buy
2023-11-28,160.6472,2117800,158.9599,160.9576,158.6593,0.0099,0.0110,0.0733,0.0213,0.0884,83.9404,0.0099,0.0240,0.0059,0.8573,-0.0133,0.8416,buy
2023-11-29,162.3637,2720200,161.3649,163.6147,161.3649,0.0107,0.0317,0.0670,0.0256,0.0988,85.3089,0.0094,0.0251,0.0057,0.8944,0.2844,1.1033,buy
2023-11-30,165.6026,4253100,162.9164,165.9905,162.4606,0.0199,0.0426,0.0711,0.0388,0.1186,89.7926,0.0099,0.0268,0.0063,0.9826,0.5635,1.6603,buy
2023-12-01,168.5021,3412000,165.5056,169.0646,165.1565,0.0175,0.0568,0.0925,0.0476,0.1353,90.2077,0.0098,0.0292,0.0072,1.0172,-0.1978,1.3241,hold
2023-12-04,168.0076,3631000,167.6294,170.0052,167.4354,-0.0029,0.0561,0.0658,0.0379,0.1289,88.4821,0.0093,0.0309,0.0071,0.9347,0.0642,1.3832,sell
2023-12-05,165.5154,6452500,166.8924,167.4839,160.9091,-0.0148,0.0303,0.0417,0.0183,0.1095,78.0221,0.0114,0.0312,0.0056,0.8082,0.7771,2.2856,sell
2023-12-06,162.4413,3890700,166.5336,167.1639,162.1212,-0.0186,0.0005,0.0322,-0.0037,0.0865,66.0191,0.0129,0.0297,0.0029,0.6726,-0.3970,1.3240,buy
2023-12-07,163.5177,2797100,163.3625,164.0995,162.6643,0.0066,-0.0126,0.0295,0.0000,0.0909,68.4394,0.0128,0.0281,0.0012,0.6948,-0.2811,0.9361,hold
2023-12-08,163.3334,2681300,163.2461,164.0122,162.4994,-0.0011,-0.0307,0.0244,-0.0035,0.0871,62.9695,0.0128,0.0266,-0.0003,0.6695,-0.0414,0.8880,hold
2023-12-11,163.2946,2811400,163.3043,164.3807,162.7807,-0.0002,-0.0281,0.0265,-0.0063,0.0840,60.6174,0.0127,0.0251,-0.0014,0.6495,0.0485,0.9201,buy
2023-12-12,165.8645,2946200,163.2946,165.9033,162.6934,0.0157,0.0021,0.0325,0.0062,0.0980,69.4704,0.0132,0.0245,-0.0013,0.7626,0.0479,0.9457,buy
2023-12-13,169.2779,3207700,166.0293,169.3749,165.0014,0.0206,0.0421,0.0426,0.0226,0.1163,71.9886,0.0142,0.0251,-0.0001,0.9169,0.0888,1.0257,buy
2023-12-14,173.4478,4548100,170.4222,174.4563,170.2865,0.0246,0.0607,0.0474,0.0429,0.1390,75.6393,0.0148,0.0271,0.0020,1.0555,0.4179,1.4253,buy
2023-12-15,175.0479,7139200,172.1678,175.6976,172.1290,0.0092,0.0717,0.0388,0.0483,0.1446,77.9816,0.0143,0.0292,0.0035,1.0523,0.5697,2.1244,buy
2023-12-18,177.2298,2814400,175.8916,177.3074,175.5522,0.0125,0.0853,0.0549,0.0556,0.1540,78.4431,0.0143,0.0314,0.0047,1.0481,-0.6058,0.8395,buy
2023-12-19,180.1293,3978300,177.6662,180.1487,177.6468,0.0164,0.0860,0.0883,0.0636,0.1674,79.2839,0.0127,0.0337,0.0060,1.0547,0.4136,1.1738,sell
2023-12-20,175.1837,4020700,179.7414,180.0324,175.0770,-0.0275,0.0349,0.0784,0.0267,0.1311,64.9516,0.0149,0.0343,0.0047,0.8273,0.0107,1.1646,buy
2023-12-21,179.1984,3496800,176.3279,179.6057,176.3279,0.0229,0.0332,0.0959,0.0406,0.1523,66.1304,0.0156,0.0347,0.0046,0.9264,-0.1303,0.9989,hold
2023-12-22,179.9548,2782600,180.0226,180.7306,179.0432,0.0042,0.0280,0.1018,0.0350,0.1522,67.8758,0.0153,0.0354,0.0043,0.9034,-0.2042,0.7746,hold
2023-12-26,180.3330,1230000,180.3330,180.5463,179.5281,0.0021,0.0175,0.1043,0.0271,0.1496,73.6678,0.0152,0.0357,0.0038,0.8759,-0.5580,0.3468,buy
2023-12-27,181.3997,1825400,180.5075,181.4676,180.0033,0.0059,0.0071,0.0937,0.0242,0.1516,82.3568,0.0151,0.0359,0.0033,0.8722,0.4841,0.5168,hold
2023-12-28,182.1173,1486100,181.4579,182.3792,181.3415,0.0040,0.0396,0.0758,0.0208,0.1514,82.1381,0.0146,0.0360,0.0028,0.8568,-0.1859,0.4282,hold
2023-12-29,181.6712,1915000,182.0688,182.6022,180.8857,-0.0024,0.0138,0.0474,0.0136,0.1435,81.4014,0.0135,0.0356,0.0019,0.8064,0.2886,0.5711,buy
2024-01-02,182.6119,2236600,180.8469,183.0289,180.4397,0.0052,0.0148,0.0432,0.0146,0.1440,82.0875,0.0134,0.0351,0.0012,0.8043,0.1679,0.6789,sell
2024-01-03,180.6821,2720500,181.0312,181.8167,179.9742,-0.0106,0.0019,0.0195,0.0020,0.1258,75.1481,0.0138,0.0340,-0.0002,0.7175,0.2164,0.8373,buy
2024-01-04,182.0636,2777500,180.9642,183.4548,180.7210,0.0076,0.0037,0.0107,0.0085,0.1286,73.3070,0.0131,0.0327,-0.0009,0.7385,0.0210,0.9061,buy
2024-01-05,183.9315,2243300,181.7522,184.3693,181.4604,0.0103,0.0100,0.0499,0.0140,0.1340,70.8615,0.0086,0.0321,-0.0010,0.7783,-0.1923,0.7521,hold
2024-01-08,184.0774,3442100,183.1143,184.1942,181.3242,0.0008,0.0132,0.0272,0.0121,0.1286,69.0716,0.0059,0.0315,-0.0012,0.7632,0.5344,1.1416,sell
2024-01-09,181.7036,2055500,182.7349,182.8906,181.2853,-0.0129,-0.0050,0.0097,-0.0020,0.1083,59.3734,0.0076,0.0301,-0.0025,0.6581,-0.4028,0.6889,sell
2024-01-10,179.9524,2757800,180.0108,181.0518,178.6877,-0.0096,-0.0040,-0.0021,-0.0114,0.0919,49.6106,0.0083,0.0278,-0.0040,0.5601,0.3417,0.9251,hold
2024-01-11,180.0108,3493300,179.9913,180.3318,177.1019,0.0003,-0.0113,-0.0077,-0.0103,0.0868,63.5373,0.0080,0.0255,-0.0051,0.5341,0.2667,1.1611,sell
2024-01-12,177.1019,3366300,180.7891,181.3534,177.0143,-0.0162,-0.0371,-0.0275,-0.0236,0.0647,43.7318,0.0092,0.0225,-0.0069,0.2618,-0.0364,1.1160,sell
2024-01-16,176.0609,4142900,176.0999,176.2361,173.9693,-0.0059,-0.0435,-0.0309,-0.0263,0.0541,38.5527,0.0092,0.0192,-0.0083,0.1295,0.2307,1.3827,hold
2024-01-17,176.0901,2377600,174.5822,176.6738,174.1444,0.0002,-0.0309,-0.0357,-0.0226,0.0505,37.2653,0.0088,0.0163,-0.0090,0.1139,-0.4261,0.8620,sell
2024-01-18,174.9129,3215200,175.2146,175.3021,172.9867,-0.0067,-0.0280,-0.0319,-0.0260,0.0402,30.6587,0.0086,0.0134,-0.0096,0.0430,0.3523,1.1573,buy
2024-01-19,178.2012,3388900,176.0901,178.4056,174.5432,0.0188,-0.0101,-0.0212,-0.0056,0.0560,39.8756,0.0106,0.0121,-0.0084,0.3510,0.0540,1.2329,buy
2024-01-22,179.9913,3145100,179.2617,181.7036,179.0671,0.0100,0.0163,-0.0214,0.0066,0.0626,45.9392,0.0106,0.0119,-0.0067,0.4891,-0.0719,1.1627,hold
2024-01-23,180.4389,2327600,180.6432,180.9740,179.7968,0.0025,0.0249,-0.0198,0.0112,0.0612,44.6188,0.0107,0.0118,-0.0054,0.5268,-0.2599,0.8795,hold
2024-01-24,180.7794,3052500,182.0149,183.3089,180.6918,0.0019,0.0266,-0.0051,0.0136,0.0591,50.2616,0.0100,0.0118,-0.0043,0.5560,0.3114,1.1476,buy
2024-01-25,182.9683,3472500,181.3825,183.2213,181.3728,0.0121,0.0461,0.0168,0.0241,0.0678,52.3308,0.0101,0.0125,-0.0027,0.7500,0.1376,1.2527,buy
2024-01-26,195.9659,13555400,187.3171,199.2153,187.0447,0.0710,0.0997,0.0886,0.0872,0.1375,69.7037,0.0241,0.0174,0.0026,1.3511,2.9036,4.0360,hold
2024-01-29,195.4114,4935500,196.4329,197.3960,193.6700,-0.0028,0.0857,0.1034,0.0732,0.1286,68.3118,0.0229,0.0216,0.0053,1.1301,-0.6359,1.3977,buy
2024-01-30,198.6121,4284600,195.0611,198.8943,194.9736,0.0164,0.1007,0.1281,0.0774,0.1413,76.6074,0.0222,0.0254,0.0076,1.1064,-0.1319,1.1740,sell
2024-01-31,195.2946,3495000,196.9096,199.7504,195.2168,-0.0167,0.0803,0.1091,0.0485,0.1170,73.0085,0.0239,0.0275,0.0075,0.9197,-0.1843,0.9414,buy
2024-02-01,197.7074,3028300,194.9249,197.9506,194.4580,0.0124,0.0806,0.1303,0.0486,0.1256,74.7888,0.0231,0.0292,0.0075,0.9341,-0.1335,0.8123,buy
2024-02-02,200.8109,3393000,197.8728,201.3557,197.4933,0.0157,0.0247,0.1269,0.0525,0.1378,83.0307,0.0230,0.0312,0.0079,0.9553,0.1204,0.9027,hold
2024-02-05,200.3536,3099300,199.9158,201.1124,197.9020,-0.0023,0.0253,0.1131,0.0390,0.1297,84.4035,0.0234,0.0326,0.0074,0.8895,-0.0866,0.8153,hold
2024-02-06,200.0715,3255300,199.8672,201.4627,198.4662,-0.0014,0.0073,0.1088,0.0271,0.1229,83.7210,0.0236,0.0332,0.0064,0.8416,0.0503,0.8584,buy
2024-02-07,203.4084,3272100,201.4627,203.4765,200.0228,0.0167,0.0415,0.1252,0.0322,0.1361,87.7741,0.0235,0.0341,0.0062,0.8757,0.0052,0.8493,buy
2024-02-08,205.4806,4136600,202.6009,205.6071,202.3091,0.0102,0.0393,0.1230,0.0310,0.1417,87.3668,0.0235,0.0352,0.0061,0.8750,0.2642,1.0548,hold
2024-02-09,206.7065,4785100,205.8114,208.4382,204.7023,0.0060,0.0294,0.0548,0.0315,0.1427,87.1685,0.0110,0.0363,0.0058,0.8575,0.1568,1.2003,hold
2024-02-12,206.5022,4041400,206.4924,208.2047,205.8698,-0.0010,0.0307,0.0568,0.0249,0.1360,86.5086,0.0109,0.0368,0.0050,0.8182,-0.1554,1.0053,sell
2024-02-13,203.9824,3381700,204.5175,205.2471,201.9783,-0.0122,0.0195,0.0270,0.0097,0.1174,80.6319,0.0114,0.0362,0.0033,0.7401,-0.1632,0.8492,buy
2024-02-14,205.1790,2770800,205.4222,205.5584,203.1554,0.0059,0.0087,0.0506,0.0106,0.1195,80.1107,0.0092,0.0353,0.0020,0.7443,-0.1806,0.6924,buy
2024-02-15,206.7648,2644500,205.7336,207.3388,204.9358,0.0077,0.0062,0.0458,0.0139,0.1234,71.1994,0.0089,0.0346,0.0013,0.7621,-0.0456,0.6656,hold
2024-02-16,206.7940,2831300,206.7648,208.4771,206.1227,0.0001,0.0004,0.0298,0.0111,0.1185,72.8159,0.0080,0.0339,0.0005,0.7440,0.0706,0.7176,hold
2024-02-20,206.7259,3341700,205.2763,207.9518,204.5759,-0.0003,0.0011,0.0318,0.0076,0.1128,68.5996,0.0079,0.0330,-0.0004,0.7252,0.1803,0.8449,sell
2024-02-21,205.1693,2599400,205.8601,206.9205,203.4279,-0.0075,0.0058,0.0255,-0.0024,0.0995,74.6239,0.0085,0.0315,-0.0017,0.6651,-0.2221,0.6550,buy
2024-02-22,208.1852,3027800,206.7162,209.7029,206.7162,0.0147,0.0147,0.0235,0.0099,0.1103,75.3650,0.0082,0.0306,-0.0017,0.7694,0.1648,0.7631,buy
2024-02-23,208.7398,2617000,209.1678,210.4520,208.4479,0.0027,0.0096,0.0159,0.0110,0.1079,71.8967,0.0077,0.0299,-0.0018,0.8273,-0.1357,0.6668,buy
2024-02-26,211.0747,2684500,207.6307,211.6389,207.4653,0.0112,0.0207,0.0211,0.0201,0.1150,76.8256,0.0082,0.0297,-0.0013,0.9117,0.0258,0.7939,buy
2024-02-27,212.0670,2428100,211.5319,212.1643,210.4326,0.0047,0.0258,0.0269,0.0222,0.1152,78.9844,0.0081,0.0297,-0.0010,0.9265,-0.0955,0.7458,hold
2024-02-28,212.1156,2599200,211.2887,213.2539,210.8801,0.0002,0.0339,0.0399,0.0184,0.1109,75.0139,0.0064,0.0295,-0.0010,0.8839,0.0705,0.8195,buy
2024-02-29,213.4679,5186500,213.0496,213.7793,211.7459,0.0064,0.0254,0.0404,0.0208,0.1135,73.9357,0.0064,0.0293,-0.0008,0.9339,0.9954,1.5928,hold
2024-03-01,213.7014,2342800,213.3609,214.4019,212.5048,0.0011,0.0238,0.0335,0.0186,0.1105,72.2875,0.0063,0.0290,-0.0008,0.9157,-0.5483,0.7271,sell
2024-03-04,212.9718,2625300,213.1274,213.6236,211.3471,-0.0034,0.0090,0.0299,0.0121,0.1029,69.9460,0.0066,0.0283,-0.0013,0.8379,0.1206,0.8247,sell
2024-03-05,211.3082,2672300,211.5417,212.9620,210.2575,-0.0078,-0.0036,0.0222,0.0020,0.0902,73.8444,0.0074,0.0270,-0.0023,0.7170,0.0179,0.8451,buy
2024-03-06,212.5242,2727900,211.7167,213.3414,211.3762,0.0058,0.0019,0.0358,0.0043,0.0928,73.8775,0.0066,0.0257,-0.0027,0.7839,0.0208,0.8699,buy
2024-03-07,217.3594,2974100,215.0148,218.5950,214.8202,0.0228,0.0182,0.0441,0.0227,0.1133,78.4335,0.0084,0.0258,-0.0016,1.0412,0.0903,0.9530,hold
2024-03-08,217.3108,2242800,216.9897,218.7993,216.7951,-0.0002,0.0169,0.0411,0.0184,0.1089,78.1952,0.0085,0.0260,-0.0011,0.9625,-0.2459,0.7411,sell
2024-03-11,214.2170,2808200,215.9001,216.3282,212.3686,-0.0142,0.0058,0.0149,0.0024,0.0895,67.2800,0.0098,0.0251,-0.0019,0.7430,0.2521,0.9593,buy
2024-03-12,216.6103,2067700,215.2386,217.3789,213.6820,0.0112,0.0251,0.0214,0.0114,0.0978,75.4106,0.0103,0.0244,-0.0018,0.8490,-0.2637,0.7310,hold
2024-03-13,216.7660,2693100,217.0870,217.4275,215.8515,0.0007,0.0200,0.0219,0.0100,0.0947,71.8317,0.0102,0.0239,-0.0019,0.8299,0.3025,0.9638,sell
2024-03-14,214.4894,2417900,218.1961,218.2058,213.1566,-0.0105,-0.0132,0.0048,-0.0011,0.0797,63.4501,0.0109,0.0226,-0.0028,0.6694,-0.1022,0.8708,sell
2024-03-15,212.5340,5267900,214.9856,215.5888,211.3276,-0.0091,-0.0220,-0.0055,-0.0097,0.0664,53.4754,0.0113,0.0206,-0.0040,0.5228,1.1787,1.8117,buy
2024-03-18,214.9759,1893000,213.9349,215.7153,213.0496,0.0115,0.0035,0.0094,0.0008,0.0751,56.4803,0.0118,0.0193,-0.0040,0.6731,-0.6407,0.6617,hold
2024-03-19,215.6764,1817600,215.0537,215.9293,213.4193,0.0033,-0.0043,0.0207,0.0020,0.0752,57.7085,0.0114,0.0185,-0.0038,0.7058,-0.0398,0.6527,buy
2024-03-20,221.7276,2249700,215.4818,221.8735,215.2288,0.0281,0.0229,0.0433,0.0257,0.1013,64.8583,0.0141,0.0193,-0.0019,1.1186,0.2377,0.8130,buy
2024-03-21,222.9048,3523700,222.8951,225.4051,222.7784,0.0053,0.0392,0.0255,0.0285,0.1026,66.0123,0.0125,0.0205,-0.0005,1.0968,0.5663,1.2621,sell
2024-03-22,219.8306,2284700,222.8367,224.2863,219.7819,-0.0138,0.0343,0.0116,0.0132,0.0831,61.0329,0.0136,0.0205,-0.0006,0.8458,-0.3516,0.8232,hold
2024-03-25,219.8986,2119500,219.2273,220.8326,219.1203,0.0003,0.0229,0.0265,0.0108,0.0792,64.5661,0.0124,0.0200,-0.0009,0.8169,-0.0723,0.7715,sell
2024-03-26,218.3712,2106400,220.4726,220.7158,218.2350,-0.0069,0.0125,0.0081,0.0030,0.0674,59.8107,0.0124,0.0190,-0.0016,0.6834,-0.0062,0.7713,buy
2024-03-27,221.5719,2153100,221.0369,221.8152,219.0327,0.0147,-0.0007,0.0222,0.0155,0.0782,57.4784,0.0131,0.0187,-0.0013,0.8777,0.0222,0.7949,hold
2024-03-28,221.5136,2295800,222.2627,222.2627,220.2002,-0.0003,-0.0062,0.0327,0.0119,0.0732,57.4586,0.0124,0.0185,-0.0012,0.8335,0.0663,0.8953,hold
2024-04-01,221.4357,1616700,221.2704,222.3697,220.6769,-0.0004,0.0073,0.0419,0.0075,0.0680,64.3465,0.0117,0.0182,-0.0013,0.7951,-0.2958,0.6396,sell
2024-04-02,219.4122,1984500,220.2294,220.8131,218.4977,-0.0091,-0.0022,0.0206,-0.0037,0.0541,55.6515,0.0121,0.0171,-0.0020,0.6360,0.2275,0.7951,buy
2024-04-03,220.4823,2070100,219.6846,221.0952,219.1398,0.0049,0.0097,0.0223,-0.0011,0.0551,57.2294,0.0121,0.0162,-0.0022,0.6950,0.0431,0.8396,sell
2024-04-04,214.2952,3035300,223.6149,224.1419,213.9244,-0.0281,-0.0328,-0.0335,-0.0258,0.0222,49.6720,0.0119,0.0135,-0.0043,0.1927,0.4663,1.2234,buy
2024-04-05,217.0960,1827900,214.6953,217.7401,214.2269,0.0131,-0.0199,-0.0261,-0.0105,0.0320,57.4888,0.0127,0.0118,-0.0047,0.4219,-0.3978,0.7542,buy
2024-04-08,218.7062,1401200,218.0719,219.4284,217.7499,0.0074,-0.0123,-0.0051,-0.0026,0.0361,56.2954,0.0124,0.0110,-0.0043,0.5472,-0.2334,0.5883,sell
2024-04-09,214.5392,3503000,217.6132,218.5306,212.7143,-0.0191,-0.0222,-0.0244,-0.0192,0.0146,48.2819,0.0137,0.0089,-0.0053,0.2048,1.5000,1.4497,sell
2024-04-10,212.4020,3115000,212.2654,214.2074,210.3233,-0.0100,-0.0366,-0.0273,-0.0263,0.0029,34.0205,0.0138,0.0063,-0.0065,0.0808,-0.1108,1.2617,hold
2024-04-11,212.9387,3139000,212.2556,213.8853,209.3377,0.0025,-0.0063,-0.0390,-0.0200,0.0040,32.5398,0.0126,0.0043,-0.0067,0.1546,0.0077,1.2601,hold
2024-04-12,212.9387,2441200,211.7676,213.0168,210.9089,0.0000,-0.0191,-0.0387,-0.0161,0.0024,36.4682,0.0126,0.0027,-0.0067,0.1690,-0.2223,0.9795,hold
2024-04-15,213.1339,3459000,216.5397,217.3595,211.5920,0.0009,-0.0255,-0.0375,-0.0114,0.0018,36.7838,0.0127,0.0015,-0.0063,0.1767,0.4169,1.4402,hold
2024-04-16,213.0753,4176700,212.4507,214.0902,211.2894,-0.0003,-0.0068,-0.0289,-0.0088,0.0004,39.0234,0.0126,0.0005,-0.0058,0.1882,0.2075,1.6601,hold
2024-04-17,212.4215,2256800,214.2660,214.9686,211.2993,-0.0031,0.0001,-0.0366,-0.0081,-0.0038,28.7956,0.0123,-0.0005,-0.0055,0.1690,-0.4597,0.8892,hold
2024-04-18,212.2556,3901500,212.9973,216.1104,211.9433,-0.0008,-0.0032,-0.0095,-0.0079,-0.0057,28.6528,0.0088,-0.0014,-0.0051,0.1915,0.7288,1.4888,buy
2024-04-19,225.4691,7573700,213.5633,226.0156,213.5633,0.0623,0.0588,0.0386,0.0497,0.0540,55.7918,0.0217,0.0027,-0.0006,1.0161,0.9412,2.6828,buy
2024-04-22,227.3819,5151300,226.4352,229.6947,222.1999,0.0085,0.0668,0.0397,0.0544,0.0608,61.4807,0.0218,0.0065,0.0026,1.0345,-0.3198,1.7366,buy
2024-04-23,233.1982,4684500,229.1092,233.6471,228.0357,0.0256,0.0944,0.0870,0.0721,0.0852,66.1143,0.0210,0.0112,0.0058,1.1483,-0.0906,1.5137,hold
2024-04-24,233.3543,4429200,232.5248,234.7498,232.2320,0.0007,0.0985,0.0986,0.0626,0.0832,78.5110,0.0203,0.0148,0.0076,1.0373,-0.0545,1.3795,sell
2024-04-25,231.3830,3329000,232.3882,232.7005,229.7338,-0.0084,0.0901,0.0866,0.0448,0.0714,71.9162,0.0210,0.0170,0.0078,0.9127,-0.2484,1.0182,hold
2024-04-26,229.9582,2993300,230.3095,231.2074,228.7676,-0.0062,0.0199,0.0799,0.0304,0.0623,67.3593,0.0213,0.0181,0.0070,0.8325,-0.1008,0.9058,buy
2024-04-29,233.1591,3696300,230.8853,233.3543,229.9582,0.0139,0.0254,0.0940,0.0355,0.0745,79.6090,0.0213,0.0195,0.0068,0.8894,0.2349,1.0845,sell
2024-04-30,228.3870,3564300,232.1442,233.8325,228.1333,-0.0205,-0.0206,0.0719,0.0075,0.0504,73.4537,0.0231,0.0193,0.0051,0.7252,-0.0357,1.0220,sell
2024-05-01,225.8790,4176000,227.5965,229.4702,225.6545,-0.0110,-0.0320,0.0634,-0.0095,0.0371,67.9481,0.0237,0.0179,0.0029,0.6412,0.1716,1.1624,hold
2024-05-02,226.8939,2734900,227.9479,228.3090,225.3423,0.0045,-0.0194,0.0690,-0.0114,0.0396,68.8258,0.0235,0.0167,0.0014,0.6537,-0.3451,0.7644,sell
2024-05-03,225.2056,3203100,227.6356,227.7234,223.6052,-0.0074,-0.0207,-0.0012,-0.0186,0.0303,65.6543,0.0135,0.0152,-0.0002,0.5918,0.1712,0.8784,buy
2024-05-06,228.6798,2259600,226.6987,228.9140,225.7424,0.0154,-0.0192,0.0057,-0.0041,0.0443,68.5888,0.0142,0.0148,-0.0003,0.6790,-0.2946,0.6125,hold
2024-05-07,229.0018,2084300,229.8216,230.3095,227.7820,0.0014,0.0027,-0.0180,-0.0008,0.0440,69.9086,0.0112,0.0145,-0.0004,0.6694,-0.0776,0.5760,buy
2024-05-08,230.5438,2501900,228.7481,231.1391,227.8893,0.0067,0.0207,-0.0120,0.0071,0.0493,71.2568,0.0115,0.0146,-0.0002,0.6948,0.2004,0.6973,buy
2024-05-09,233.3738,3166300,230.2705,233.6080,229.8801,0.0123,0.0286,0.0086,0.0186,0.0601,62.1113,0.0119,0.0154,0.0006,0.7579,0.2656,0.8822,buy
2024-05-10,236.4576,2590800,234.7010,237.6677,234.5156,0.0132,0.0500,0.0283,0.0292,0.0719,63.4238,0.0122,0.0168,0.0018,0.8265,-0.1818,0.7203,sell
2024-05-13,232.8956,2768800,237.0919,237.6677,232.3589,-0.0151,0.0184,-0.0011,0.0138,0.0539,49.5206,0.0127,0.0169,0.0013,0.6918,0.0687,0.7773,buy
2024-05-14,235.7062,2387300,232.4077,236.2527,232.3589,0.0121,0.0293,0.0320,0.0227,0.0645,53.4379,0.0109,0.0173,0.0016,0.7757,-0.1378,0.6875,hold
2024-05-15,235.8721,2013400,235.8038,237.0139,234.4571,0.0007,0.0231,0.0442,0.0190,0.0628,56.9277,0.0098,0.0177,0.0015,0.7823,-0.1566,0.5818,hold
2024-05-16,235.5013,2605900,235.8916,237.4823,235.0426,-0.0016,0.0091,0.0379,0.0137,0.0590,58.8418,0.0100,0.0177,0.0012,0.8111,0.2943,0.7674,buy
2024-05-17,236.9651,1848700,236.9456,237.3261,236.0672,0.0062,0.0021,0.0522,0.0148,0.0637,56.4271,0.0092,0.0178,0.0012,0.8712,-0.2906,0.5945,hold
2024-05-20,236.4576,1983200,237.2481,238.5168,236.2625,-0.0021,0.0153,0.0340,0.0093,0.0596,65.9222,0.0087,0.0177,0.0008,0.8039,0.0728,0.6720,buy
2024-05-21,237.2188,1825800,236.4967,237.7068,235.5208,0.0032,0.0064,0.0359,0.0090,0.0608,74.0281,0.0086,0.0176,0.0006,0.8261,-0.0794,0.6502,sell
2024-05-22,234.3009,2292700,237.0529,237.5994,233.7544,-0.0123,-0.0067,0.0163,-0.0050,0.0461,64.5234,0.0099,0.0165,-0.0005,0.6348,0.2557,0.8487,sell
2024-05-23,229.7826,3272600,235.0231,235.0231,229.4507,-0.0193,-0.0243,-0.0154,-0.0227,0.0247,58.0778,0.0111,0.0141,-0.0027,0.3524,0.4274,1.2128,buy
2024-05-24,232.4370,1624200,231.1488,234.2814,230.9829,0.0116,-0.0191,-0.0170,-0.0097,0.0349,56.8287,0.0108,0.0125,-0.0032,0.5128,-0.5037,0.6176,sell
2024-05-28,231.5294,2315400,232.0173,232.7200,230.1924,-0.0039,-0.0208,-0.0059,-0.0130,0.0291,54.4981,0.0098,0.0110,-0.0038,0.4600,0.4256,0.9041,sell
2024-05-29,230.2510,2711300,229.7728,231.9295,229.0116,-0.0055,-0.0294,-0.0231,-0.0162,0.0221,49.4740,0.0089,0.0093,-0.0045,0.3699,0.1710,1.0766,buy
2024-05-30,231.5001,2386300,230.6706,231.5977,229.3141,0.0054,-0.0120,-0.0185,-0.0090,0.0262,46.4312,0.0092,0.0082,-0.0044,0.4273,-0.1199,0.9825,buy
2024-05-31,234.2131,5102500,232.2613,234.3985,230.2217,0.0117,0.0193,-0.0055,0.0032,0.0371,45.6636,0.0101,0.0081,-0.0035,0.6000,1.1382,2.0032,sell
2024-06-03,231.1683,2677200,234.3888,235.5403,227.8991,-0.0130,-0.0055,-0.0245,-0.0074,0.0228,46.5949,0.0105,0.0071,-0.0038,0.3190,-0.4753,1.0620,hold
2024-06-04,231.5294,2512100,230.6901,234.2131,230.0460,0.0016,0.0000,-0.0208,-0.0037,0.0234,40.8859,0.0106,0.0062,-0.0037,0.3277,-0.0617,0.9915,sell
2024-06-05,229.0311,2925100,230.5535,231.9685,228.0650,-0.0108,-0.0053,-0.0345,-0.0110,0.0115,36.4514,0.0107,0.0047,-0.0043,0.0889,0.1644,1.1357,sell
2024-06-06,227.7234,2709600,229.1287,230.6999,227.0891,-0.0057,-0.0163,-0.0281,-0.0138,0.0049,35.1471,0.0103,0.0029,-0.0049,0.0188,-0.0737,1.0478,hold
2024-06-07,227.0598,2212500,226.8061,228.4748,226.1230,-0.0029,-0.0305,-0.0118,-0.0155,0.0015,30.4882,0.0086,0.0012,-0.0052,0.0389,-0.1835,0.8717,hold
2024-06-10,226.8354,2933500,226.3572,228.2797,225.0397,-0.0010,-0.0187,-0.0241,-0.0141,0.0000,30.8319,0.0073,-0.0002,-0.0053,0.0799,0.3259,1.1480,sell
2024-06-11,219.1161,3168100,226.0547,226.0547,218.8038,-0.0340,-0.0536,-0.0536,-0.0425,-0.0338,21.7655,0.0124,-0.0041,-0.0076,-0.2087,0.0800,1.2302,hold
2024-06-12,218.6379,3091100,221.9462,222.8928,217.4571,-0.0022,-0.0454,-0.0504,-0.0397,-0.0358,23.5584,0.0125,-0.0073,-0.0086,-0.0865,-0.0243,1.1841,sell
2024-06-13,216.8326,3011300,218.0231,218.3549,215.4175,-0.0083,-0.0478,-0.0634,-0.0415,-0.0435,25.9339,0.0119,-0.0105,-0.0095,-0.0509,-0.0258,1.1319,buy
2024-06-14,219.3991,2373800,216.0421,220.1993,216.0030,0.0118,-0.0337,-0.0632,-0.0237,-0.0326,25.6913,0.0120,-0.0118,-0.0086,0.1100,-0.2117,0.8962,buy
2024-06-17,222.7659,2426700,218.7941,222.9611,218.6184,0.0153,-0.0179,-0.0363,-0.0050,-0.0183,35.0333,0.0135,-0.0113,-0.0065,0.2689,0.0223,0.9062,buy
2024-06-18,223.7808,2176500,222.0926,223.7808,221.3021,0.0046,0.0213,-0.0335,0.0030,-0.0142,38.8496,0.0136,-0.0106,-0.0046,0.3302,-0.1031,0.8099,hold
2024-06-20,224.6591,2968100,223.0489,226.0937,220.9800,0.0039,0.0275,-0.0191,0.0089,-0.0112,38.0579,0.0135,-0.0095,-0.0029,0.3867,0.3637,1.0815,hold
2024-06-21,224.8250,5064300,225.5374,225.5374,222.0145,0.0007,0.0369,-0.0127,0.0109,-0.0116,32.0119,0.0135,-0.0086,-0.0016,0.4120,0.7062,1.7565,buy
2024-06-24,225.8888,2152600,226.0937,228.2602,224.6592,0.0047,0.0296,-0.0052,0.0163,-0.0080,39.0529,0.0136,-0.0073,-0.0003,0.4723,-0.5749,0.7614,hold
2024-06-25,225.0300,3206800,225.2935,225.7229,223.0294,-0.0038,0.0102,-0.0080,0.0132,-0.0129,36.7962,0.0136,-0.0066,0.0003,0.4466,0.4897,1.1034,hold
2024-06-26,225.1178,3151900,224.4932,226.8842,223.6149,0.0004,0.0060,0.0274,0.0109,-0.0135,41.1868,0.0071,-0.0060,0.0008,0.4660,-0.0171,1.0691,sell
2024-06-27,222.8928,2264200,224.2493,224.7763,221.8876,-0.0099,-0.0079,0.0195,-0.0010,-0.0241,39.5526,0.0080,-0.0062,0.0005,0.3668,-0.2816,0.7739,buy
2024-06-28,225.9668,3901100,223.7223,227.9674,223.2246,0.0138,0.0051,0.0421,0.0086,-0.0118,47.8594,0.0079,-0.0051,0.0012,0.5470,0.7229,1.2997,buy
2024-07-01,228.1723,2792700,226.7280,229.1385,225.9668,0.0098,0.0101,0.0400,0.0145,-0.0036,52.4299,0.0077,-0.0035,0.0022,0.7083,-0.2841,0.9677,buy
2024-07-02,230.2802,1871700,227.9186,230.4949,227.3526,0.0092,0.0233,0.0337,0.0205,0.0052,75.4903,0.0069,-0.0014,0.0034,0.8481,-0.3298,0.6577,hold
2024-07-03,230.0265,1365900,230.7975,231.8514,229.5191,-0.0011,0.0218,0.0279,0.0165,0.0039,76.2722,0.0070,0.0001,0.0039,0.8476,-0.2702,0.4899,buy
2024-07-05,230.6334,2488300,230.7117,231.6807,228.6073,0.0026,0.0347,0.0266,0.0165,0.0068,83.7003,0.0070,0.0015,0.0042,0.8712,0.8217,0.8994,sell
2024-07-08,229.5371,2638600,231.2207,234.4213,228.8030,-0.0048,0.0158,0.0210,0.0096,0.0023,76.6712,0.0074,0.0022,0.0040,0.7892,0.0604,0.9550,buy
2024-07-09,232.7084,1943400,229.9874,234.1277,229.1554,0.0138,0.0199,0.0302,0.0205,0.0160,76.4288,0.0083,0.0038,0.0044,0.9315,-0.2635,0.7068,buy
2024-07-10,233.8634,2203000,231.5534,234.3724,230.6236,0.0050,0.0156,0.0393,0.0216,0.0207,76.6030,0.0079,0.0053,0.0048,0.9369,0.1336,0.8120,hold
2024-07-11,233.6872,1868700,233.8046,234.8617,231.9352,-0.0008,0.0159,0.0381,0.0170,0.0199,74.7372,0.0080,0.0065,0.0047,0.8829,-0.1517,0.7057,hold
2024-07-12,233.5698,2612200,233.9026,235.1652,232.1995,-0.0005,0.0127,0.0479,0.0118,0.0189,74.0248,0.0066,0.0073,0.0044,0.8443,0.3979,0.9955,buy
2024-07-15,238.8259,3054400,235.3512,239.4719,235.3512,0.0225,0.0405,0.0569,0.0288,0.0407,78.8881,0.0083,0.0094,0.0053,1.0533,0.1693,1.1630,buy
2024-07-16,244.3365,3074600,238.9629,244.4637,238.6301,0.0231,0.0500,0.0708,0.0453,0.0631,85.6952,0.0100,0.0126,0.0069,1.1646,0.0066,1.1553,hold
2024-07-17,244.6595,2471900,243.5339,245.5209,242.1342,0.0013,0.0462,0.0624,0.0403,0.0627,85.8185,0.0101,0.0152,0.0076,1.0578,-0.1960,0.9280,sell
2024-07-18,243.9156,4053300,245.4817,248.3496,242.5062,-0.0030,0.0438,0.0604,0.0310,0.0581,90.7454,0.0102,0.0169,0.0074,0.9558,0.6398,1.4700,sell
2024-07-19,237.2402,5750400,236.6725,238.2190,232.6105,-0.0274,0.0157,0.0286,0.0000,0.0284,69.1730,0.0147,0.0163,0.0052,0.6913,0.4187,1.9853,buy
2024-07-22,239.5600,2590000,237.8569,240.4017,234.8128,0.0098,0.0031,0.0437,0.0056,0.0376,69.2924,0.0146,0.0159,0.0039,0.7507,-0.5496,0.9341,buy
2024-07-23,241.6644,2564000,241.7231,243.7100,239.8438,0.0088,-0.0109,0.0385,0.0106,0.0460,69.2887,0.0143,0.0160,0.0034,0.7963,-0.0100,0.9179,sell
2024-07-24,235.8797,2838100,239.8047,240.4115,235.5665,-0.0239,-0.0359,0.0086,-0.0144,0.0210,58.3520,0.0168,0.0145,0.0012,0.5672,0.1069,1.0228,hold
2024-07-25,235.0869,3828800,234.9107,239.7655,234.3136,-0.0034,-0.0362,0.0060,-0.0183,0.0174,56.3212,0.0168,0.0127,-0.0005,0.5187,0.3491,1.3632,buy
2024-07-26,240.6758,2174400,236.7998,241.1652,236.7509,0.0238,0.0145,0.0304,0.0020,0.0411,64.0217,0.0183,0.0126,-0.0002,0.7283,-0.4321,0.7754,buy
2024-07-29,242.6334,2059300,241.4001,242.7019,239.1293,0.0081,0.0128,0.0159,0.0086,0.0490,62.8877,0.0172,0.0132,0.0004,0.7914,-0.0529,0.7593,buy
2024-07-30,247.1261,2498800,244.1701,248.3006,243.9450,0.0185,0.0226,0.0114,0.0261,0.0673,65.8480,0.0166,0.0148,0.0017,0.9433,0.2134,0.9263,hold
2024-07-31,247.6742,2180700,247.7427,250.8063,247.0771,0.0022,0.0500,0.0123,0.0271,0.0687,66.5662,0.0166,0.0162,0.0025,0.9137,-0.1273,0.8038,sell
2024-08-01,243.4066,3929700,248.4670,249.5926,241.1848,-0.0172,0.0354,-0.0021,0.0096,0.0497,60.6079,0.0176,0.0160,0.0017,0.7070,0.8020,1.3831,sell
2024-08-02,227.3544,6902600,239.3251,239.4621,225.1717,-0.0659,-0.0553,-0.0417,-0.0531,-0.0187,39.9657,0.0263,0.0110,-0.0035,0.0139,0.7565,2.2544,sell
2024-08-05,221.1293,4890700,221.8340,225.8862,217.3218,-0.0274,-0.0886,-0.0769,-0.0719,-0.0445,29.9510,0.0268,0.0039,-0.0088,-0.1346,-0.2915,1.5406,buy
2024-08-06,226.2190,3148200,222.1472,228.2353,221.6970,0.0230,-0.0846,-0.0639,-0.0444,-0.0222,35.2812,0.0281,-0.0001,-0.0100,0.0917,-0.3563,0.9733,sell
2024-08-07,223.9482,2665300,229.0575,231.1619,223.6643,-0.0100,-0.0958,-0.0506,-0.0492,-0.0313,34.4417,0.0275,-0.0040,-0.0112,0.0668,-0.1534,0.8181,buy
2024-08-08,228.5877,2239200,226.1505,229.5273,226.1113,0.0207,-0.0609,-0.0276,-0.0268,-0.0110,43.0372,0.0286,-0.0052,-0.0098,0.2313,-0.1599,0.6834,buy
2024-08-09,232.8063,1956400,228.5681,233.2859,228.1472,0.0185,0.0240,-0.0327,-0.0055,0.0070,44.7264,0.0281,-0.0046,-0.0073,0.3649,-0.1263,0.6032,hold
2024-08-12,232.0233,1747000,233.1489,233.9221,230.4082,-0.0034,0.0493,-0.0437,-0.0043,0.0036,42.3131,0.0279,-0.0045,-0.0057,0.3523,-0.1070,0.5497,hold
2024-08-13,233.9221,1913200,233.6481,234.1962,231.4556,0.0082,0.0341,-0.0534,0.0096,0.0118,48.3361,0.0271,-0.0036,-0.0039,0.4255,0.0951,0.6132,buy
2024-08-14,238.5910,2132500,234.7247,238.9140,234.4311,0.0200,0.0654,-0.0367,0.0338,0.0314,52.7943,0.0282,-0.0013,-0.0013,0.5853,0.1146,0.6872,buy
2024-08-15,244.2092,2656800,242.5159,245.0510,240.1473,0.0235,0.0683,0.0033,0.0577,0.0545,52.8163,0.0289,0.0023,0.0019,0.7672,0.2459,0.8759,buy
2024-08-16,246.3724,2149700,244.1016,246.4116,243.8471,0.0089,0.0583,0.0836,0.0584,0.0622,52.9705,0.0170,0.0057,0.0042,0.8090,-0.1909,0.7534,buy
2024-08-19,248.6628,1653400,246.6562,248.7215,246.4996,0.0093,0.0717,0.1245,0.0557,0.0702,51.2651,0.0115,0.0090,0.0060,0.8474,-0.2309,0.5891,sell
2024-08-20,247.7133,1659700,248.8292,249.2207,246.9107,-0.0038,0.0590,0.0950,0.0422,0.0642,50.0320,0.0117,0.0113,0.0066,0.8004,0.0038,0.6011,sell
2024-08-21,241.0771,3502500,244.3463,244.5225,238.1897,-0.0268,0.0104,0.0765,0.0070,0.0344,48.1659,0.0154,0.0110,0.0050,0.6029,1.1103,1.2534,buy
2024-08-22,242.5062,1981300,241.5372,243.6416,240.5486,0.0059,-0.0070,0.0609,0.0071,0.0385,65.4986,0.0147,0.0109,0.0039,0.6323,-0.4343,0.7333,buy
2024-08-23,245.9711,1868200,242.7411,246.8226,242.7411,0.0143,-0.0016,0.0565,0.0160,0.0509,76.9313,0.0143,0.0117,0.0038,0.7187,-0.0571,0.6953,buy
2024-08-26,248.4964,1931000,247.0673,250.7280,246.6073,0.0103,-0.0007,0.0710,0.0195,0.0588,75.5731,0.0140,0.0130,0.0042,0.7731,0.0336,0.7204,buy
2024-08-27,249.6220,2518100,248.3202,251.2370,248.3202,0.0045,0.0077,0.0671,0.0175,0.0608,80.2678,0.0141,0.0142,0.0044,0.7957,0.3040,0.9391,buy
2024-08-28,251.6383,2557100,248.8194,253.1457,248.3691,0.0081,0.0438,0.0547,0.0203,0.0668,78.9668,0.0133,0.0156,0.0047,0.8355,0.0155,0.9470,buy
2024-08-29,254.3300,2423500,252.5290,256.0233,251.3838,0.0107,0.0488,0.0414,0.0270,0.0754,78.1274,0.0119,0.0173,0.0052,0.8692,-0.0522,0.9233,sell
2024-08-30,253.1652,3442100,254.9662,256.1995,250.6693,-0.0046,0.0292,0.0276,0.0195,0.0679,77.3556,0.0120,0.0182,0.0048,0.8076,0.4203,1.4039,sell
2024-09-03,248.9173,2970300,250.3463,252.0200,247.4295,-0.0168,0.0017,0.0010,0.0023,0.0479,68.2903,0.0132,0.0177,0.0032,0.6871,-0.1371,1.2609,sell
2024-09-04,246.4018,3062600,249.5829,251.1391,245.3447,-0.0101,-0.0129,-0.0053,-0.0073,0.0355,60.0555,0.0136,0.0161,0.0013,0.6005,0.0311,1.3024,hold
2024-09-05,246.4996,2711200,247.3512,247.8014,243.1032,0.0004,-0.0204,0.0225,-0.0091,0.0340,53.4371,0.0100,0.0146,-0.0002,0.5823,-0.1147,1.1518,sell
2024-09-06,238.8846,3653000,245.9613,248.1929,238.1603,-0.0309,-0.0607,-0.0149,-0.0383,0.0009,40.3433,0.0143,0.0112,-0.0033,0.2818,0.3474,1.5067,buy
2024-09-09,245.5992,3080800,242.9858,247.7819,242.2810,0.0281,-0.0299,-0.0015,-0.0111,0.0271,46.4537,0.0165,0.0099,-0.0033,0.5156,-0.1566,1.2419,sell
2024-09-10,240.2158,3630900,246.3822,247.1457,235.4882,-0.0219,-0.0350,-0.0333,-0.0295,0.0034,42.1291,0.0174,0.0075,-0.0048,0.2390,0.1786,1.4101,buy
2024-09-11,248.7900,3149900,239.2174,249.2305,238.3365,0.0357,0.0097,-0.0033,0.0054,0.0374,57.7804,0.0213,0.0079,-0.0032,0.6355,-0.1325,1.1946,hold
2024-09-12,249.7394,2279600,248.7704,251.5502,247.2337,0.0038,0.0131,-0.0075,0.0101,0.0397,57.3679,0.0212,0.0086,-0.0020,0.6708,-0.2763,0.8622,buy
2024-09-13,253.5078,2199200,250.7965,254.6921,250.3267,0.0151,0.0612,-0.0032,0.0256,0.0533,57.6298,0.0215,0.0101,-0.0002,0.8553,-0.0353,0.8390,buy
2024-09-16,255.5535,2170200,255.7688,257.2761,253.6546,0.0081,0.0405,0.0094,0.0329,0.0596,57.2143,0.0215,0.0119,0.0013,0.9131,-0.0132,0.8276,buy
2024-09-17,259.7721,2765700,255.9744,261.5535,255.8080,0.0165,0.0814,0.0436,0.0454,0.0744,59.7591,0.0210,0.0142,0.0030,1.0292,0.2744,1.0328,sell
2024-09-18,256.6204,2577400,258.7933,260.7019,255.4654,-0.0121,0.0315,0.0415,0.0285,0.0593,54.6878,0.0212,0.0153,0.0032,0.8424,-0.0681,0.9463,buy
2024-09-19,263.0511,2973300,262.1506,264.3725,260.7020,0.0251,0.0533,0.0671,0.0473,0.0832,57.6665,0.0221,0.0174,0.0044,1.0294,0.1536,1.1023,hold
2024-09-20,263.2859,5847200,262.7085,265.7329,261.2892,0.0009,0.0386,0.1021,0.0381,0.0816,59.0448,0.0180,0.0192,0.0050,0.9658,0.9666,2.0229,sell
2024-09-23,261.6317,2534900,265.6056,266.6334,261.3870,-0.0063,0.0238,0.0653,0.0251,0.0723,61.9152,0.0174,0.0200,0.0046,0.8574,-0.5665,0.8670,hold
2024-09-24,260.5649,2340300,262.0919,262.8064,257.4524,-0.0041,0.0031,0.0847,0.0129,0.0660,63.6432,0.0149,0.0200,0.0037,0.7875,-0.0768,0.7948,hold
2024-09-25,260.5258,2116300,261.4262,263.0217,259.9189,-0.0002,0.0152,0.0472,0.0081,0.0645,63.5265,0.0115,0.0198,0.0027,0.7599,-0.0957,0.7237,buy
2024-09-26,262.4638,1430600,262.6008,263.2860,260.6922,0.0074,-0.0022,0.0510,0.0107,0.0708,75.5353,0.0115,0.0198,0.0023,0.7958,-0.3240,0.4988,buy
2024-09-27,265.3120,2231900,262.3169,266.8977,261.7492,0.0109,0.0077,0.0466,0.0170,0.0806,73.2994,0.0112,0.0204,0.0024,0.8508,0.5601,0.7808,hold
2024-09-30,265.4491,2113100,264.3724,265.7232,261.6220,0.0005,0.0146,0.0387,0.0137,0.0786,84.0465,0.0112,0.0208,0.0023,0.8204,-0.0532,0.7569,sell
2024-10-01,262.9042,2429500,265.5274,266.0657,260.8683,-0.0096,0.0090,0.0121,0.0028,0.0663,72.7444,0.0110,0.0203,0.0013,0.7221,0.1497,0.8787,buy
2024-10-02,265.1750,2009500,262.9042,265.6351,260.6041,0.0086,0.0178,0.0333,0.0081,0.0734,73.8578,0.0101,0.0200,0.0010,0.7613,-0.1729,0.7409,sell
2024-10-03,262.8944,1614500,263.9222,265.3512,261.9646,-0.0086,0.0016,-0.0006,-0.0005,0.0619,65.2077,0.0072,0.0192,-0.0000,0.6745,-0.1966,0.6076,buy
2024-10-04,270.8238,2239600,267.1732,271.6285,264.9651,0.0302,0.0208,0.0286,0.0267,0.0908,70.7787,0.0120,0.0200,0.0011,0.8955,0.3872,0.8658,sell
2024-10-07,268.6844,3287500,269.2340,271.1574,266.4862,-0.0079,0.0122,0.0270,0.0159,0.0797,62.8546,0.0121,0.0204,0.0011,0.8017,0.4679,1.2659,sell
2024-10-08,264.0917,3332800,266.1918,267.4185,261.1967,-0.0171,0.0045,0.0135,-0.0028,0.0594,60.3461,0.0136,0.0193,-0.0003,0.6332,0.0138,1.2907,buy
2024-10-09,266.3586,2087000,263.7973,266.5254,263.4146,0.0086,0.0045,0.0224,0.0036,0.0669,55.1772,0.0137,0.0185,-0.0008,0.7195,-0.3738,0.8252,hold
2024-10-10,265.4264,2052800,265.8778,267.8110,264.8474,-0.0035,0.0096,0.0113,-0.0011,0.0616,53.2788,0.0137,0.0175,-0.0014,0.6615,-0.0164,0.8154,buy
2024-10-11,271.0103,1723200,266.3194,271.9425,265.9465,0.0210,0.0007,0.0215,0.0178,0.0816,62.8227,0.0148,0.0178,-0.0006,0.9627,-0.1606,0.6910,hold
2024-10-14,271.3635,1399000,271.0102,272.5215,269.9798,0.0013,0.0100,0.0223,0.0168,0.0792,65.0579,0.0148,0.0182,-0.0001,0.9475,-0.1881,0.5698,hold
2024-10-15,272.1388,2264600,275.3380,276.1722,271.7364,0.0029,0.0305,0.0351,0.0162,0.0779,65.8679,0.0142,0.0185,0.0002,0.9345,0.6187,0.9318,buy
2024-10-16,276.4273,2243600,273.6795,276.6137,272.5117,0.0158,0.0378,0.0424,0.0279,0.0906,67.9280,0.0147,0.0196,0.0012,1.0978,-0.0093,0.9296,buy
2024-10-17,280.4508,3571900,278.7040,281.0200,277.2124,0.0146,0.0566,0.0668,0.0361,0.1015,68.8676,0.0143,0.0212,0.0025,1.1329,0.5920,1.4618,sell
2024-10-18,271.6285,7884400,271.6383,273.9935,264.0328,-0.0315,0.0023,0.0030,0.0032,0.0633,56.3308,0.0161,0.0206,0.0010,0.7018,1.2073,3.0976,sell
2024-10-21,265.6913,4092700,269.8718,271.2064,264.5038,-0.0219,-0.0209,-0.0111,-0.0176,0.0374,52.6698,0.0175,0.0180,-0.0016,0.4154,-0.4809,1.5602,buy
2024-10-22,267.3204,2595400,265.5736,267.7423,263.5716,0.0061,-0.0177,0.0122,-0.0128,0.0408,52.0806,0.0166,0.0158,-0.0029,0.4757,-0.3658,0.9846,hold
2024-10-23,266.1722,2051100,266.9278,268.2527,263.9445,-0.0043,-0.0371,-0.0007,-0.0170,0.0338,53.2503,0.0165,0.0137,-0.0041,0.3984,-0.2097,0.7791,hold
2024-10-24,264.9455,3490600,265.1908,266.1722,263.6991,-0.0046,-0.0553,-0.0018,-0.0213,0.0269,43.2772,0.0165,0.0116,-0.0051,0.3222,0.7018,1.2759,sell
2024-10-25,262.3645,2993300,266.5843,268.0760,261.3832,-0.0097,-0.0341,-0.0319,-0.0277,0.0155,42.8444,0.0149,0.0090,-0.0063,0.1991,-0.1425,1.0791,buy
2024-10-28,266.4077,2336900,264.2193,266.8984,262.6884,0.0154,0.0027,-0.0183,-0.0109,0.0295,52.6553,0.0160,0.0079,-0.0057,0.4095,-0.2193,0.8391,hold
2024-10-29,265.3871,1749000,265.2595,266.7315,264.5529,-0.0038,-0.0072,-0.0248,-0.0123,0.0243,48.8534,0.0160,0.0068,-0.0055,0.3451,-0.2516,0.6358,buy
2024-10-30,268.9690,2152900,265.9464,269.9406,265.2300,0.0135,0.0105,-0.0270,0.0039,0.0364,53.9350,0.0157,0.0068,-0.0043,0.5298,0.2309,0.7806,sell
2024-10-31,265.0436,2315400,268.5961,268.9690,263.6305,-0.0146,0.0004,-0.0549,-0.0051,0.0194,43.1190,0.0148,0.0057,-0.0044,0.3031,0.0755,0.8289,buy
2024-11-01,267.6049,2508300,267.2222,269.6265,265.8974,0.0097,0.0200,-0.0148,0.0061,0.0273,45.8756,0.0123,0.0054,-0.0037,0.4563,0.0833,0.8937,sell
2024-11-04,265.1516,1944000,267.2516,267.7325,264.6805,-0.0092,-0.0047,-0.0020,-0.0030,0.0163,42.6049,0.0105,0.0045,-0.0037,0.3293,-0.2250,0.7096,buy
2024-11-05,270.7943,1859600,266.6530,271.0299,266.1329,0.0213,0.0204,0.0130,0.0169,0.0362,44.2044,0.0124,0.0052,-0.0022,0.6289,-0.0434,0.6976,buy
2024-11-06,289.6559,5380500,282.6294,291.2947,281.4616,0.0697,0.0769,0.0882,0.0783,0.1050,57.2556,0.0247,0.0107,0.0029,1.2787,1.8934,1.9009,sell
2024-11-07,281.4714,3876900,286.8689,287.5754,279.3419,-0.0283,0.0620,0.0624,0.0414,0.0713,57.8371,0.0271,0.0132,0.0042,0.9013,-0.2795,1.3269,hold
2024-11-08,282.2369,1814400,281.3341,284.6903,280.6177,0.0027,0.0547,0.0757,0.0366,0.0720,64.3563,0.0266,0.0150,0.0048,0.8816,-0.5320,0.6200,buy
2024-11-11,287.5068,2299500,285.0730,288.6942,285.0141,0.0187,0.0843,0.0792,0.0478,0.0891,66.4744,0.0267,0.0174,0.0059,0.9771,0.2674,0.7739,sell
2024-11-12,283.1299,2251400,286.5548,288.0759,282.2172,-0.0152,0.0456,0.0669,0.0253,0.0698,63.1466,0.0275,0.0183,0.0053,0.8123,-0.0209,0.7579,hold
2024-11-13,282.2762,2118100,282.5510,285.1908,282.0799,-0.0030,-0.0255,0.0495,0.0173,0.0637,63.5140,0.0275,0.0185,0.0044,0.7713,-0.0592,0.7145,hold
2024-11-14,282.9239,2979400,282.9631,285.1417,282.0014,0.0023,0.0052,0.0675,0.0131,0.0632,66.5299,0.0267,0.0185,0.0035,0.7820,0.4066,1.0152,hold
2024-11-15,281.5205,2614400,282.6295,285.1319,280.1663,-0.0050,-0.0025,0.0520,0.0030,0.0545,62.6896,0.0269,0.0180,0.0024,0.7239,-0.1225,0.9787,hold
2024-11-18,280.2154,2074400,281.5892,282.1584,278.3213,-0.0046,-0.0254,0.0568,-0.0069,0.0469,62.3914,0.0267,0.0170,0.0011,0.6695,-0.2065,0.8071,hold
2024-11-19,280.2252,2512900,276.6334,281.2752,276.0642,0.0000,-0.0103,0.0348,-0.0102,0.0439,60.0035,0.0262,0.0160,0.0001,0.6528,0.2114,0.9792,hold
2024-11-20,282.3448,2387400,280.8139,282.9533,279.7737,0.0076,0.0002,-0.0252,-0.0001,0.0491,65.8858,0.0127,0.0156,-0.0002,0.6908,-0.0499,0.9243,buy
2024-11-21,287.5362,2410300,284.4155,288.5862,282.1682,0.0184,0.0163,0.0215,0.0161,0.0654,67.4575,0.0105,0.0163,0.0006,0.8034,0.0096,0.9531,buy
2024-11-22,295.6814,3788900,287.9288,296.2899,287.0554,0.0283,0.0503,0.0476,0.0399,0.0922,74.3162,0.0134,0.0186,0.0027,0.9682,0.5720,1.4750,buy
2024-11-25,299.5185,3478400,297.3988,300.0975,296.8590,0.0130,0.0689,0.0418,0.0490,0.1028,73.5555,0.0128,0.0213,0.0045,0.9903,-0.0819,1.3247,hold
2024-11-26,299.8718,2130500,299.9111,301.2457,296.3684,0.0012,0.0701,0.0591,0.0441,0.1008,62.0292,0.0110,0.0235,0.0053,0.9416,-0.3875,0.8055,sell
2024-11-27,298.5764,1697000,301.2751,302.0799,297.1437,-0.0043,0.0575,0.0577,0.0337,0.0927,74.0414,0.0111,0.0246,0.0051,0.8670,-0.2035,0.6472,hold
2024-11-29,298.9984,1326600,301.5205,302.0504,298.9886,0.0014,0.0399,0.0568,0.0294,0.0914,73.7883,0.0112,0.0253,0.0047,0.8481,-0.2183,0.5157,sell
2024-12-02,296.6236,2166900,300.4999,301.1280,294.3174,-0.0079,0.0032,0.0536,0.0160,0.0801,64.0972,0.0115,0.0251,0.0034,0.7680,0.6334,0.8479,hold
2024-12-03,296.4763,2128700,298.1741,299.3026,295.5244,-0.0005,-0.0102,0.0580,0.0098,0.0768,73.7431,0.0112,0.0245,0.0023,0.7537,-0.0176,0.8300,hold
2024-12-04,296.9572,1561200,296.3684,297.8698,295.1024,0.0016,-0.0097,0.0597,0.0058,0.0757,76.4685,0.0111,0.0238,0.0013,0.7530,-0.2666,0.6123,sell
2024-12-05,294.9258,2793600,296.6431,297.7717,294.7197,-0.0068,-0.0122,0.0446,-0.0054,0.0657,70.6099,0.0118,0.0226,-0.0000,0.6758,0.7894,1.1541,buy
2024-12-06,298.3213,1797600,296.0151,299.0573,295.0141,0.0115,-0.0023,0.0375,0.0024,0.0752,77.0030,0.0110,0.0220,-0.0003,0.7577,-0.3565,0.7760,sell
2024-12-09,291.1868,2377900,298.3998,299.3811,290.6373,-0.0239,-0.0183,-0.0152,-0.0201,0.0475,64.8511,0.0105,0.0200,-0.0023,0.5148,0.3228,1.0141,buy
2024-12-10,296.4763,2967800,291.8836,299.2928,290.9808,0.0182,0.0000,-0.0102,-0.0012,0.0642,69.2468,0.0114,0.0189,-0.0024,0.6735,0.2481,1.2479,hold
2024-12-11,296.7020,2071200,297.7128,298.4587,293.9543,0.0008,-0.0009,-0.0106,0.0006,0.0624,67.8023,0.0113,0.0182,-0.0025,0.6619,-0.3021,0.8742,sell
2024-12-12,294.7000,1668100,297.9680,298.7727,294.6608,-0.0067,-0.0008,-0.0130,-0.0049,0.0530,59.6458,0.0114,0.0170,-0.0031,0.5775,-0.1946,0.7108,buy
2024-12-13,296.5057,1662000,296.8197,298.6451,295.6323,0.0061,-0.0061,-0.0083,0.0021,0.0569,51.3384,0.0117,0.0161,-0.0030,0.6224,-0.0037,0.7287,buy
2024-12-16,297.9091,1813700,298.0367,298.5273,295.2202,0.0047,0.0231,0.0043,0.0064,0.0599,47.1627,0.0115,0.0157,-0.0027,0.6554,0.0913,0.8094,sell
2024-12-17,295.7207,3611500,296.6922,297.3792,294.1113,-0.0073,-0.0025,-0.0025,-0.0007,0.0501,43.1264,0.0118,0.0147,-0.0031,0.5442,0.9912,1.5583,sell
2024-12-18,282.4135,3541200,296.9572,297.9287,281.0887,-0.0450,-0.0482,-0.0490,-0.0410,0.0015,30.8533,0.0183,0.0106,-0.0064,-0.1084,-0.0195,1.4948,buy
2024-12-19,287.6147,3540200,287.5558,291.3242,285.7698,0.0184,-0.0240,-0.0248,-0.0209,0.0184,37.8864,0.0197,0.0080,-0.0069,0.0862,-0.0003,1.4589,buy
2024-12-20,293.0808,6232400,286.8983,297.0749,286.5548,0.0190,-0.0116,-0.0176,-0.0005,0.0358,46.4628,0.0204,0.0075,-0.0058,0.3616,0.7605,2.3808,hold
2024-12-23,293.2280,1902400,290.9513,294.1701,289.6853,0.0005,-0.0157,0.0070,-0.0007,0.0347,46.7568,0.0189,0.0071,-0.0049,0.3784,-0.6948,0.7539,buy
2024-12-24,297.8011,862900,293.7089,297.9582,292.4430,0.0156,0.0070,0.0045,0.0144,0.0488,50.7790,0.0186,0.0078,-0.0032,0.6558,-0.5464,0.3606,hold
2024-12-26,298.3213,1228900,295.8581,299.2045,295.3968,0.0017,0.0563,0.0055,0.0156,0.0487,53.2240,0.0186,0.0085,-0.0020,0.6953,0.4242,0.5235,sell
2024-12-27,295.4361,1676000,295.2398,299.4008,293.1397,-0.0097,0.0272,0.0025,0.0056,0.0372,47.2337,0.0188,0.0083,-0.0019,0.5291,0.3638,0.7142,sell
2024-12-30,291.7854,2392800,291.8051,294.1113,288.6451,-0.0124,-0.0044,-0.0159,-0.0053,0.0236,50.6150,0.0191,0.0070,-0.0026,0.3214,0.4277,0.9971,hold
2024-12-31,291.2555,1231300,292.4920,293.2967,290.1564,-0.0018,-0.0067,-0.0223,-0.0048,0.0203,44.0545,0.0189,0.0058,-0.0031,0.3067,-0.4854,0.5233,hold
2025-01-02,292.8649,1930100,294.4057,294.7393,289.1260,0.0055,-0.0166,-0.0097,0.0017,0.0240,45.7638,0.0190,0.0051,-0.0030,0.4184,0.5675,0.8237,buy
2025-01-03,298.1275,1979600,295.7668,298.4718,292.6682,0.0180,-0.0006,0.0556,0.0142,0.0402,53.5298,0.0118,0.0059,-0.0016,0.7430,0.0256,0.8374,sell
2025-01-06,296.9471,2714000,299.3473,300.1637,295.2651,-0.0040,0.0051,0.0324,0.0070,0.0338,50.4605,0.0112,0.0062,-0.0011,0.6615,0.3710,1.1500,hold
2025-01-07,297.0848,2058800,299.0325,299.4063,291.9993,0.0005,0.0182,0.0137,0.0061,0.0320,49.1167,0.0097,0.0064,-0.0007,0.6762,-0.2414,0.8675,hold
2025-01-08,297.9013,2061300,296.9668,299.2292,293.9666,0.0027,0.0228,0.0159,0.0073,0.0323,52.4075,0.0097,0.0067,-0.0003,0.7056,0.0012,0.8744,sell
2025-01-10,288.5073,2685500,295.5208,296.3963,288.3696,-0.0315,-0.0149,-0.0312,-0.0214,-0.0018,57.3643,0.0130,0.0045,-0.0022,0.1626,0.3028,1.1461,buy
2025-01-13,292.1666,2202800,287.7401,292.8453,286.4023,0.0127,-0.0200,-0.0206,-0.0069,0.0090,55.7138,0.0139,0.0035,-0.0025,0.3926,-0.1797,0.9375,buy
2025-01-14,295.4520,2370900,294.7044,295.6290,291.8813,0.0112,-0.0050,0.0001,0.0042,0.0185,53.1488,0.0142,0.0036,-0.0019,0.5860,0.0763,0.9941,buy
2025-01-15,307.2166,3099500,300.0162,308.8297,299.2391,0.0398,0.0341,0.0529,0.0388,0.0559,64.1962,0.0182,0.0066,0.0011,1.1186,0.3073,1.2616,hold
2025-01-16,306.3903,2361000,307.5904,308.8691,305.0623,-0.0027,0.0285,0.0520,0.0307,0.0503,59.4341,0.0182,0.0087,0.0026,0.9984,-0.2383,0.9504,hold
2025-01-17,307.4526,2183500,307.9051,310.2462,305.6918,0.0035,0.0657,0.0498,0.0292,0.0509,59.9116,0.0182,0.0106,0.0035,0.9666,-0.0752,0.9050,buy
2025-01-21,312.7545,2779100,311.7610,314.4760,309.8527,0.0172,0.0705,0.0491,0.0419,0.0660,67.8611,0.0181,0.0131,0.0049,1.0864,0.2728,1.1703,buy
2025-01-22,316.9843,2927400,313.1087,317.5450,312.4890,0.0135,0.0729,0.0675,0.0490,0.0784,75.6817,0.0180,0.0159,0.0063,1.1023,0.0534,1.2489,buy
2025-01-23,320.5451,3935800,318.2630,320.9386,316.7285,0.0112,0.0434,0.0790,0.0526,0.0876,78.1140,0.0179,0.0187,0.0074,1.0747,0.3445,1.7656,sell
2025-01-24,316.0891,6260100,319.0991,319.1680,308.6035,-0.0139,0.0317,0.0611,0.0318,0.0700,71.1369,0.0192,0.0200,0.0068,0.8949,0.5906,2.5582,sell
2025-01-27,311.2495,3099100,312.9316,313.6201,306.7444,-0.0153,0.0123,0.0788,0.0085,0.0519,62.0353,0.0161,0.0197,0.0050,0.7442,-0.5049,1.2111,hold
2025-01-28,311.8594,2431300,311.4659,312.6758,305.6427,0.0020,-0.0029,0.0674,0.0041,0.0520,63.8220,0.0161,0.0191,0.0036,0.7372,-0.2155,0.9283,sell
2025-01-29,310.0987,2155400,311.4561,314.2596,309.0068,-0.0056,-0.0217,0.0496,-0.0063,0.0441,61.7101,0.0164,0.0181,0.0020,0.6746,-0.1135,0.8155,buy
2025-01-30,313.7382,2517400,311.8200,316.6302,310.8364,0.0117,-0.0212,0.0212,0.0033,0.0541,63.5613,0.0115,0.0177,0.0014,0.7410,0.1680,0.9503,sell
2025-01-31,312.2628,2033400,315.6662,316.3843,310.3545,-0.0047,-0.0121,0.0192,-0.0033,0.0470,73.5335,0.0116,0.0171,0.0006,0.6833,-0.1923,0.7561,hold
2025-02-03,311.3577,1997200,307.0886,311.8200,304.1377,-0.0029,0.0003,0.0127,-0.0074,0.0418,70.1092,0.0116,0.0162,-0.0003,0.6409,-0.0178,0.7417,hold
2025-02-04,310.6692,1884100,310.0987,312.1742,307.9936,-0.0022,-0.0038,-0.0067,-0.0090,0.0374,66.8629,0.0102,0.0151,-0.0011,0.6067,-0.0566,0.7010,buy
2025-02-05,315.2924,2065700,312.7447,315.4695,309.9512,0.0149,0.0167,-0.0053,0.0063,0.0505,60.6320,0.0104,0.0150,-0.0008,0.7128,0.0964,0.7779,hold
2025-02-06,314.9186,1730400,317.8204,317.9680,312.0266,-0.0012,0.0038,-0.0176,0.0069,0.0474,61.3630,0.0096,0.0149,-0.0008,0.6819,-0.1623,0.6557,sell
2025-02-07,311.5938,1607100,315.5875,316.1482,311.1217,-0.0106,-0.0021,-0.0142,-0.0023,0.0352,55.2040,0.0092,0.0139,-0.0015,0.5685,-0.0713,0.6143,sell
2025-02-10,305.1902,3227000,313.2464,313.2464,301.0097,-0.0206,-0.0198,-0.0195,-0.0209,0.0135,40.7506,0.0102,0.0114,-0.0035,0.3157,1.0080,1.2208,hold
2025-02-11,304.5115,1856100,303.4885,305.4361,301.3342,-0.0022,-0.0198,-0.0236,-0.0207,0.0110,33.2982,0.0101,0.0090,-0.0048,0.2128,-0.4248,0.7068,sell
2025-02-12,301.3933,2238400,301.8360,302.9278,298.9440,-0.0102,-0.0441,-0.0281,-0.0281,0.0004,24.0470,0.0103,0.0062,-0.0061,-0.0167,0.2060,0.8545,buy
2025-02-13,302.4753,1975200,302.5245,304.5705,300.8818,0.0036,-0.0395,-0.0359,-0.0210,0.0038,29.6949,0.0093,0.0041,-0.0065,0.0818,-0.1176,0.7706,buy
2025-02-14,305.9575,1725500,302.4064,306.7542,302.3966,0.0115,-0.0181,-0.0202,-0.0077,0.0147,41.7737,0.0105,0.0034,-0.0057,0.2579,-0.1264,0.6816,buy
2025-02-18,307.7379,2024500,308.2691,308.5642,303.9804,0.0058,0.0083,-0.0116,-0.0008,0.0199,43.8183,0.0107,0.0032,-0.0047,0.3456,0.1733,0.8023,sell
2025-02-19,304.8557,2148200,305.3082,306.9017,301.8556,-0.0094,0.0011,-0.0187,-0.0083,0.0098,42.3922,0.0111,0.0023,-0.0045,0.2296,0.0611,0.8621,sell
2025-02-20,298.8947,2830300,304.6590,304.8951,293.8092,-0.0196,-0.0083,-0.0520,-0.0224,-0.0102,29.8209,0.0106,0.0000,-0.0055,0.0187,0.3175,1.1380,sell
2025-02-21,290.5730,3280200,299.9571,299.9571,289.0484,-0.0278,-0.0393,-0.0773,-0.0420,-0.0373,25.1410,0.0126,-0.0041,-0.0079,-0.1841,0.1590,1.3365,hold
2025-02-24,290.7009,2450600,292.2550,294.0945,287.6417,0.0004,-0.0499,-0.0671,-0.0350,-0.0368,25.8953,0.0129,-0.0073,-0.0089,-0.0601,-0.2529,1.0825,sell
2025-02-25,288.5467,2511700,292.1371,293.5339,284.7990,-0.0074,-0.0624,-0.0545,-0.0368,-0.0435,25.0389,0.0119,-0.0104,-0.0096,-0.0238,0.0249,1.1241,buy
2025-02-26,291.2616,1899400,290.3173,294.4486,288.8713,0.0094,-0.0446,-0.0435,-0.0234,-0.0341,21.6655,0.0128,-0.0118,-0.0088,0.1128,-0.2438,0.8603,sell
2025-02-27,289.3926,2031800,291.1632,296.0815,288.2516,-0.0064,-0.0318,-0.0398,-0.0257,-0.0400,20.9276,0.0127,-0.0134,-0.0083,0.1126,0.0697,0.9228,buy
2025-02-28,296.0421,3336300,291.4484,296.1503,290.1500,0.0230,0.0188,-0.0213,-0.0012,-0.0179,33.5346,0.0152,-0.0123,-0.0059,0.3148,0.6420,1.4877,sell
2025-03-03,290.6615,2342500,296.5045,298.5013,288.3204,-0.0182,-0.0001,-0.0500,-0.0143,-0.0353,34.2771,0.0152,-0.0133,-0.0054,0.1978,-0.2979,1.0374,sell
2025-03-04,278.8380,5901200,286.8056,287.0023,273.0442,-0.0407,-0.0336,-0.0939,-0.0450,-0.0735,27.6157,0.0183,-0.0177,-0.0075,-0.0248,1.5192,2.4054,hold
2025-03-05,279.5363,2569200,278.3756,281.4446,276.0444,0.0025,-0.0403,-0.0831,-0.0342,-0.0710,30.1038,0.0187,-0.0202,-0.0081,0.0594,-0.5646,1.0328,sell
2025-03-06,271.1359,2944200,275.2279,277.5494,270.0440,-0.0301,-0.0631,-0.0929,-0.0542,-0.0979,24.8261,0.0197,-0.0252,-0.0101,-0.0418,0.1460,1.1630,sell
2025-03-07,268.7456,3817000,269.1883,269.6900,260.3845,-0.0088,-0.0922,-0.0751,-0.0553,-0.1044,19.5753,0.0186,-0.0292,-0.0112,-0.0143,0.2964,1.4481,sell
2025-03-10,257.0499,4284100,263.3355,264.2011,253.2432,-0.0435,-0.1156,-0.1158,-0.0856,-0.1413,14.3390,0.0214,-0.0370,-0.0145,-0.1083,0.1224,1.5468,sell
2025-03-11,251.2168,4925600,253.2530,255.9876,249.3970,-0.0227,-0.0991,-0.1294,-0.0943,-0.1582,13.7673,0.0216,-0.0444,-0.0172,-0.0747,0.1497,1.7255,buy
2025-03-12,256.4892,5514900,255.9285,258.5254,250.8332,0.0210,-0.0824,-0.1194,-0.0636,-0.1381,21.0864,0.0232,-0.0464,-0.0158,0.0708,0.1196,1.8156,sell
2025-03-13,252.2398,4194000,255.4072,257.2368,249.3774,-0.0166,-0.0697,-0.1284,-0.0665,-0.1499,22.3263,0.0232,-0.0503,-0.0153,0.0737,-0.2395,1.3377,buy
2025-03-14,261.2895,4336800,255.8990,262.3027,254.7678,0.0359,-0.0277,-0.1174,-0.0204,-0.1176,31.1902,0.0256,-0.0476,-0.0111,0.2258,0.0340,1.3330,hold
2025-03-17,260.0599,2975800,260.8566,262.0862,257.0007,-0.0047,0.0117,-0.1053,-0.0137,-0.1199,31.5635,0.0256,-0.0469,-0.0082,0.2353,-0.3138,0.8974,hold
2025-03-18,258.4270,3251700,260.2763,261.1616,256.2039,-0.0063,0.0287,-0.0732,-0.0122,-0.1234,28.4478,0.0234,-0.0465,-0.0060,0.2361,0.0927,0.9628,buy
2025-03-19,266.2274,2894200,258.7320,267.5652,256.9909,0.0302,0.0380,-0.0476,0.0228,-0.0950,35.8931,0.0262,-0.0417,-0.0019,0.3669,-0.1099,0.8476,hold
2025-03-20,266.4045,2129500,264.6339,270.0637,263.8371,0.0007,0.0562,-0.0175,0.0254,-0.0925,30.4071,0.0246,-0.0384,0.0011,0.3882,-0.2642,0.6301,hold
2025-03-21,266.0897,4229700,263.4732,266.1389,260.8271,-0.0012,0.0184,-0.0099,0.0252,-0.0916,32.5899,0.0245,-0.0356,0.0031,0.3999,0.9862,1.2342,buy
2025-03-24,273.3196,2651400,270.7326,273.7033,269.7490,0.0272,0.0510,0.0633,0.0465,-0.0654,45.8178,0.0206,-0.0300,0.0062,0.5384,-0.3731,0.7714,hold
2025-03-25,274.7165,2767600,274.3427,275.2181,271.6966,0.0051,0.0630,0.0935,0.0425,-0.0597,46.3854,0.0180,-0.0254,0.0085,0.5784,0.0438,0.8022,sell
2025-03-26,271.4901,2578600,275.4247,277.5199,270.1129,-0.0117,0.0198,0.0585,0.0244,-0.0694,50.2879,0.0185,-0.0229,0.0091,0.5399,-0.0683,0.7402,sell
2025-03-27,267.5751,2312000,270.3687,270.9982,266.1193,-0.0144,0.0044,0.0608,0.0038,-0.0811,49.0713,0.0183,-0.0219,0.0085,0.4830,-0.1034,0.6610,sell
2025-03-28,261.1419,3261500,266.2078,268.1849,258.7123,-0.0240,-0.0186,-0.0006,-0.0203,-0.1003,53.5422,0.0172,-0.0231,0.0064,0.3613,0.4107,0.9334,buy
2025-03-31,264.6536,3946000,258.2008,265.9225,254.7678,0.0134,-0.0317,0.0177,-0.0088,-0.0856,62.1185,0.0176,-0.0219,0.0058,0.4791,0.2099,1.1040,buy
2025-04-01,266.0602,2881400,261.3977,266.4439,260.7878,0.0053,-0.0315,0.0295,-0.0064,-0.0781,59.2790,0.0174,-0.0205,0.0056,0.5457,-0.2698,0.8417,buy
2025-04-02,270.7523,2473700,262.5289,272.7885,262.2141,0.0176,-0.0027,0.0170,0.0094,-0.0591,67.7950,0.0156,-0.0175,0.0065,0.7392,-0.1415,0.7236,sell
2025-04-03,243.7705,7736200,255.9482,256.7351,243.1410,-0.0997,-0.0890,-0.0850,-0.0834,-0.1486,37.4772,0.0357,-0.0257,0.0007,-0.0985,2.1274,2.1148,sell
2025-04-04,230.6247,9097500,234.8092,235.8455,225.6308,-0.0539,-0.1169,-0.1333,-0.1211,-0.1894,32.0220,0.0383,-0.0367,-0.0069,-0.2142,0.1760,2.3195,hold
2025-04-07,231.2168,6283600,222.3444,238.7767,217.5479,0.0026,-0.1263,-0.1540,-0.1045,-0.1824,33.1669,0.0362,-0.0434,-0.0110,-0.0681,-0.3093,1.5623,sell
2025-04-08,228.3646,4782100,242.6158,243.7705,224.3873,-0.0123,-0.1417,-0.1687,-0.0994,-0.1877,25.0493,0.0354,-0.0498,-0.0136,-0.0290,-0.2390,1.1911,buy
2025-04-09,258.9296,8640600,223.9925,261.3081,223.3016,0.1338,-0.0437,-0.0463,0.0262,-0.0755,46.4829,0.0597,-0.0381,-0.0049,0.5046,0.8069,2.0715,sell
2025-04-10,243.6619,4799900,251.6856,252.1594,235.4014,-0.0590,-0.0004,-0.0894,-0.0250,-0.1259,40.7489,0.0623,-0.0401,-0.0039,0.2501,-0.4445,1.1424,hold
2025-04-11,247.8465,4413500,243.6619,249.4651,239.9610,0.0172,0.0747,-0.0509,-0.0030,-0.1067,39.2219,0.0624,-0.0374,-0.0014,0.3352,-0.0805,1.0495,hold
2025-04-14,252.0409,3067000,253.1660,254.2516,248.8630,0.0169,0.0901,-0.0477,0.0191,-0.0876,40.6275,0.0625,-0.0334,0.0016,0.4133,-0.3051,0.7285,hold
2025-04-15,254.4885,3509100,252.6528,257.2223,251.9620,0.0097,0.1144,-0.0435,0.0338,-0.0749,42.9272,0.0626,-0.0294,0.0042,0.4581,0.1441,0.8310,sell
2025-04-16,249.6131,4244900,251.8238,255.5544,246.3661,-0.0192,-0.0360,-0.0781,0.0228,-0.0886,42.5869,0.0624,-0.0282,0.0048,0.3891,0.2097,0.9894,hold
2025-04-17,248.0241,3907500,249.6427,252.2778,243.8692,-0.0064,0.0179,0.0174,0.0145,-0.0899,44.3607,0.0532,-0.0272,0.0049,0.3769,-0.0795,0.8923,sell
2025-04-21,239.3392,4302900,245.5963,246.9879,236.1416,-0.0350,-0.0343,0.0378,-0.0245,-0.1169,39.5808,0.0512,-0.0297,0.0028,0.2541,0.1012,0.9818,buy
2025-04-22,249.1196,2324100,243.8889,249.9289,243.1487,0.0409,-0.0116,0.0774,0.0080,-0.0766,43.4770,0.0525,-0.0263,0.0039,0.4370,-0.4599,0.5323,buy
2025-04-23,256.7387,3872900,258.4461,266.6376,255.8702,0.0306,0.0088,0.1242,0.0270,-0.0449,44.7230,0.0523,-0.0212,0.0065,0.5944,0.6664,0.8759,buy
2025-04-24,263.8248,2696300,254.6957,264.4959,254.6267,0.0276,0.0569,0.0189,0.0533,-0.0155,58.8827,0.0318,-0.0149,0.0097,0.7459,-0.3038,0.6090,hold
2025-04-25,261.3477,1940100,263.5090,265.3447,260.5482,-0.0094,0.0537,0.0726,0.0361,-0.0219,65.0285,0.0241,-0.0111,0.0109,0.7088,-0.2805,0.4400,hold
2025-04-28,261.4857,1561500,261.4759,264.4959,259.0974,0.0005,0.0925,0.0550,0.0311,-0.0183,64.8725,0.0239,-0.0078,0.0114,0.7110,-0.1951,0.3611,buy
2025-04-29,263.5287,1730800,261.9595,263.9827,258.4065,0.0078,0.0578,0.0456,0.0345,-0.0075,67.4162,0.0236,-0.0045,0.0116,0.7550,0.1084,0.4108,hold
2025-04-30,262.9267,3522700,257.5480,263.9235,253.8470,-0.0023,0.0241,0.0332,0.0287,-0.0064,52.8153,0.0236,-0.0022,0.0112,0.7496,1.0353,0.8298,buy
2025-05-01,265.0289,2473800,264.4959,269.0950,263.0353,0.0080,0.0046,0.0618,0.0307,0.0045,68.4759,0.0223,0.0004,0.0109,0.8103,-0.2978,0.5827,buy
2025-05-02,273.2302,3099300,270.9109,274.4639,269.5293,0.0309,0.0455,0.1016,0.0523,0.0377,70.5235,0.0230,0.0047,0.0119,0.9217,0.2528,0.7722,hold
2025-05-05,274.3947,2416300,271.8583,277.9082,270.4964,0.0043,0.0494,0.1465,0.0427,0.0434,69.0049,0.0171,0.0083,0.0124,0.9051,-0.2204,0.6567,sell
2025-05-06,271.7695,3064000,270.8912,274.4836,270.0325,-0.0096,0.0313,0.0909,0.0239,0.0349,64.6478,0.0156,0.0104,0.0116,0.8292,0.2681,0.8708,hold
2025-05-07,272.6282,2329200,273.7138,275.1646,270.3089,0.0032,0.0369,0.0619,0.0210,0.0394,70.9337,0.0137,0.0121,0.0107,0.8429,-0.2398,0.6859,buy
2025-05-08,279.9512,3418000,276.0726,281.7671,275.0857,0.0269,0.0563,0.0611,0.0421,0.0682,76.2966,0.0136,0.0150,0.0109,0.9487,0.4675,1.0904,hold
2025-05-09,280.7901,2704600,281.2737,283.2475,279.2702,0.0030,0.0277,0.0744,0.0378,0.0721,89.2085,0.0125,0.0176,0.0108,0.9155,-0.2087,0.8926,buy
2025-05-12,295.0117,4089000,293.4523,295.2584,290.8765,0.0506,0.0751,0.1282,0.0770,0.1265,90.0449,0.0182,0.0224,0.0127,1.0824,0.5119,1.3568,buy
2025-05-13,298.3474,3531700,296.0775,299.0580,294.9130,0.0113,0.0978,0.1321,0.0755,0.1386,89.2407,0.0182,0.0271,0.0140,1.0319,-0.1363,1.1629,sell
2025-05-14,296.1762,1954400,299.1863,299.6502,295.5347,-0.0073,0.0864,0.1265,0.0550,0.1288,83.6276,0.0187,0.0303,0.0137,0.9294,-0.4466,0.6604,hold
2025-05-15,295.6334,1955000,294.1530,296.9953,293.1167,-0.0018,0.0560,0.1155,0.0417,0.1254,87.1313,0.0192,0.0323,0.0125,0.8746,0.0003,0.6872,hold
2025-05-16,295.8012,2962200,296.4328,297.7059,293.9359,0.0006,0.0535,0.0826,0.0341,0.1239,87.1396,0.0181,0.0334,0.0109,0.8408,0.5152,1.0589,hold
2025-05-19,295.3867,2751300,293.1267,296.9559,291.8239,-0.0014,0.0013,0.0765,0.0251,0.1201,85.7397,0.0183,0.0339,0.0091,0.8166,-0.0712,1.0116,sell
2025-05-20,292.2976,2706600,292.6134,294.3011,290.3435,-0.0105,-0.0203,0.0755,0.0072,0.1054,81.2080,0.0184,0.0333,0.0066,0.7468,-0.0162,0.9882,sell
2025-05-21,282.2606,3447500,289.2086,290.2744,281.3822,-0.0343,-0.0470,0.0353,-0.0306,0.0649,65.6676,0.0227,0.0305,0.0023,0.5573,0.2737,1.2685,hold
2025-05-22,283.4251,2051800,281.8954,285.2707,281.3427,0.0041,-0.0413,0.0124,-0.0277,0.0672,60.6297,0.0212,0.0273,-0.0006,0.5627,-0.4048,0.7640,sell
2025-05-23,281.4908,1724200,278.1352,283.3462,277.7799,-0.0068,-0.0484,0.0025,-0.0346,0.0575,57.2818,0.0213,0.0242,-0.0032,0.5082,-0.1597,0.6446,buy
2025-05-27,289.9191,2604300,286.7313,290.0178,284.3825,0.0299,-0.0185,-0.0173,-0.0040,0.0869,66.6426,0.0164,0.0230,-0.0028,0.6560,0.5104,0.9551,hold
2025-05-28,289.5244,1676900,289.6231,291.5180,288.5572,-0.0014,-0.0095,-0.0296,-0.0023,0.0830,65.6262,0.0157,0.0223,-0.0029,0.6289,-0.3561,0.6156,buy
2025-05-29,291.5179,2362200,292.3864,292.7318,288.9717,0.0069,0.0328,-0.0157,0.0062,0.0878,61.8671,0.0159,0.0219,-0.0025,0.6562,0.4087,0.8860,hold
2025-05-30,290.2053,5251700,291.1133,291.8831,287.8170,-0.0045,0.0239,-0.0184,0.0035,0.0809,59.5667,0.0160,0.0211,-0.0027,0.6043,1.2232,1.8723,hold
2025-06-02,291.4686,1751200,288.5276,291.8831,286.5340,0.0044,0.0354,-0.0146,0.0094,0.0836,45.1130,0.0161,0.0205,-0.0026,0.6211,-0.6665,0.6397,buy
2025-06-03,293.5017,2202400,291.3403,294.3505,288.8237,0.0070,0.0124,-0.0064,0.0171,0.0890,43.0671,0.0163,0.0202,-0.0021,0.6625,0.2577,0.8077,sell
2025-06-04,292.0607,1842100,293.9162,294.7452,291.9324,-0.0049,0.0088,-0.0008,0.0122,0.0821,43.9862,0.0160,0.0196,-0.0023,0.5973,-0.1636,0.6910,hold
2025-06-05,292.0903,1696900,292.6232,294.5971,290.2941,0.0001,0.0020,0.0348,0.0089,0.0808,44.7438,0.0105,0.0189,-0.0024,0.5766,-0.0788,0.6442,buy
2025-06-06,298.5152,2099000,296.3637,299.5318,295.3176,0.0220,0.0286,0.0532,0.0257,0.1024,53.3959,0.0121,0.0194,-0.0012,0.8339,0.2370,0.8173,hold
2025-06-09,297.6171,2097800,299.8180,299.8180,295.6630,-0.0030,0.0211,0.0573,0.0170,0.0966,52.7574,0.0117,0.0197,-0.0007,0.7752,-0.0006,0.8266,sell
2025-06-10,295.6038,2045300,297.7553,297.8343,294.1037,-0.0068,0.0072,0.0196,0.0082,0.0865,54.1990,0.0086,0.0193,-0.0010,0.6724,-0.0250,0.8397,hold
2025-06-11,295.1893,2013500,296.2552,299.4232,294.7452,-0.0014,0.0107,0.0196,0.0048,0.0825,71.7319,0.0086,0.0185,-0.0015,0.6648,-0.0155,0.8532,sell
2025-06-12,294.0938,1604500,292.7911,294.6761,290.1560,-0.0037,0.0069,0.0088,0.0002,0.0763,67.9747,0.0086,0.0175,-0.0021,0.6156,-0.2031,0.6850,sell
2025-06-13,284.0271,3405600,288.7249,289.4947,282.4086,-0.0342,-0.0485,-0.0213,-0.0320,0.0384,53.3542,0.0140,0.0141,-0.0049,0.1370,1.1225,1.4103,buy
2025-06-16,290.3731,2307800,287.1261,292.5739,286.2280,0.0223,-0.0243,-0.0038,-0.0100,0.0580,50.6353,0.0160,0.0124,-0.0050,0.4665,-0.3224,0.9688,hold
2025-06-17,288.9815,2625800,288.2709,290.7383,287.1459,-0.0048,-0.0224,-0.0154,-0.0132,0.0485,49.2609,0.0158,0.0108,-0.0053,0.4102,0.1378,1.1052,buy
2025-06-18,292.5443,3691500,288.2611,295.3274,288.2611,0.0123,-0.0090,0.0017,-0.0012,0.0567,51.3402,0.0163,0.0102,-0.0045,0.5948,0.4059,1.5222,buy
2025-06-20,294.6860,5687000,293.6892,295.8308,292.7615,0.0073,0.0020,0.0089,0.0052,0.0594,55.7266,0.0165,0.0103,-0.0035,0.6879,0.5406,2.2416,hold
2025-06-23,295.7124,3101700,292.9391,295.9492,288.0637,0.0035,0.0411,-0.0094,0.0097,0.0603,55.4568,0.0148,0.0105,-0.0026,0.7270,-0.4546,1.1978,buy
2025-06-24,304.3480,2805900,299.1370,305.1770,298.1994,0.0292,0.0481,0.0226,0.0368,0.0865,61.9222,0.0175,0.0126,-0.0001,1.1619,-0.0954,1.0614,hold
2025-06-25,304.5552,2467200,304.8513,306.7067,303.1636,0.0007,0.0539,0.0303,0.0343,0.0829,64.1168,0.0173,0.0143,0.0013,1.0489,-0.1207,0.9357,buy
2025-06-26,307.3482,3255200,305.5323,308.1871,304.1407,0.0092,0.0506,0.0412,0.0395,0.0885,66.2259,0.0173,0.0161,0.0026,1.0609,0.3194,1.1987,buy
2025-06-27,313.0428,4605500,309.9734,315.9345,309.0063,0.0185,0.0623,0.0644,0.0520,0.1041,65.6930,0.0176,0.0185,0.0042,1.1251,0.4148,1.6286,buy
2025-06-30,314.8094,3416600,314.4146,315.9443,313.4375,0.0056,0.0646,0.1084,0.0471,0.1052,68.2294,0.0104,0.0208,0.0053,1.0585,-0.2581,1.2487,buy
2025-07-01,318.3130,3836200,312.7862,320.1388,312.1644,0.0111,0.0459,0.0962,0.0490,0.1121,73.3415,0.0095,0.0231,0.0061,1.0450,0.1228,1.3506,buy
2025-07-02,321.3527,3040200,318.7669,322.3495,317.1385,0.0095,0.0552,0.1120,0.0479,0.1163,75.5148,0.0082,0.0253,0.0068,1.0189,-0.2075,1.0548,buy
2025-07-03,324.6573,1541800,321.8870,325.6567,320.7491,0.0103,0.0563,0.1098,0.0477,0.1219,78.5747,0.0081,0.0274,0.0073,1.0008,-0.4929,0.5377,sell
2025-07-07,319.3145,2160300,324.0538,324.9344,316.8706,-0.0165,0.0200,0.0836,0.0223,0.0987,86.1876,0.0118,0.0282,0.0062,0.8435,0.4012,0.7474,sell
2025-07-08,313.6253,2643900,321.0361,321.0361,313.5957,-0.0178,-0.0038,0.0606,-0.0016,0.0754,74.1711,0.0144,0.0271,0.0038,0.7065,0.2239,0.9062,hold
2025-07-09,313.9914,2424200,315.2876,317.5335,313.9518,0.0012,-0.0136,0.0317,-0.0035,0.0728,76.5645,0.0119,0.0256,0.0019,0.6952,-0.0831,0.8262,buy
2025-07-10,321.7979,2844400,314.4861,322.6488,314.1398,0.0249,0.0014,0.0566,0.0157,0.0949,78.5025,0.0136,0.0256,0.0019,0.8160,0.1733,0.9564,sell
2025-07-11,316.0890,2091200,319.5619,320.9173,315.8219,-0.0177,-0.0264,0.0284,-0.0051,0.0717,69.4981,0.0154,0.0247,0.0005,0.6846,-0.2648,0.7023,hold
2025-07-14,317.5237,1890900,315.9109,318.3646,314.3179,0.0045,-0.0056,0.0143,-0.0020,0.0726,69.7233,0.0144,0.0237,-0.0003,0.6919,-0.0958,0.6320,sell
2025-07-15,307.3623,3006500,315.2381,316.0692,307.1446,-0.0320,-0.0200,-0.0237,-0.0316,0.0353,52.6526,0.0178,0.0208,-0.0032,0.4633,0.5900,1.0115,hold
2025-07-16,308.5991,2921900,309.1334,309.1828,303.3651,0.0040,-0.0172,-0.0305,-0.0248,0.0370,53.4953,0.0173,0.0179,-0.0048,0.4680,-0.0281,0.9730,buy
2025-07-17,312.0126,3223300,307.6295,313.6253,307.2930,0.0111,-0.0304,-0.0291,-0.0110,0.0458,53.9887,0.0174,0.0162,-0.0050,0.5253,0.1032,1.0628,sell
2025-07-18,304.6909,5481100,308.5595,308.5595,299.3085,-0.0235,-0.0361,-0.0615,-0.0281,0.0190,43.0512,0.0179,0.0133,-0.0067,0.2872,0.7005,1.7555,sell
2025-07-21,299.7636,2667200,304.7008,305.8980,299.7636,-0.0162,-0.0559,-0.0612,-0.0378,0.0007,38.1074,0.0179,0.0095,-0.0087,0.1063,-0.5134,0.8977,hold
2025-07-22,300.9213,2296100,299.7735,302.9199,298.5368,0.0039,-0.0210,-0.0405,-0.0301,0.0032,35.7237,0.0176,0.0064,-0.0094,0.1099,-0.1391,0.7834,buy
2025-07-23,305.3934,2139100,304.7404,306.3135,302.0096,0.0149,-0.0104,-0.0274,-0.0130,0.0164,37.2005,0.0185,0.0051,-0.0083,0.2608,-0.0684,0.7382,hold
2025-07-24,304.9877,2288100,305.0372,307.2139,303.7509,-0.0013,-0.0225,-0.0522,-0.0089,0.0144,33.4554,0.0159,0.0040,-0.0076,0.2451,0.0697,0.7921,buy
2025-07-25,308.3121,2149300,306.1453,309.3411,304.2555,0.0109,0.0119,-0.0246,0.0044,0.0248,40.4204,0.0160,0.0039,-0.0060,0.3590,-0.0607,0.7586,hold
2025-07-28,307.4514,1653800,308.3023,310.1822,306.0167,-0.0028,0.0256,-0.0317,0.0049,0.0211,44.1309,0.0158,0.0036,-0.0051,0.3404,-0.2305,0.6158,sell
2025-07-29,305.2747,1796400,309.5984,310.3009,304.5920,-0.0071,0.0145,-0.0068,-0.0015,0.0133,41.9895,0.0123,0.0028,-0.0048,0.2850,0.0862,0.6897,sell
2025-07-30,300.1989,3132400,305.2845,305.4824,298.1805,-0.0166,-0.0170,-0.0272,-0.0154,-0.0039,29.1021,0.0131,0.0008,-0.0055,0.1539,0.7437,1.2190,sell
2025-07-31,296.1424,2718200,298.7050,300.6937,294.9155,-0.0135,-0.0290,-0.0509,-0.0236,-0.0174,30.0633,0.0126,-0.0019,-0.0067,0.0740,-0.1322,1.0645,sell
2025-08-01,291.1557,3012900,290.9182,291.7889,285.2884,-0.0168,-0.0556,-0.0444,-0.0358,-0.0339,25.3924,0.0116,-0.0055,-0.0083,-0.0224,0.1084,1.1469,buy
2025-08-04,295.4300,1876000,292.4123,295.9346,292.4023,0.0147,-0.0391,-0.0145,-0.0202,-0.0205,37.4897,0.0123,-0.0069,-0.0077,0.1483,-0.3773,0.7180,sell
2025-08-05,293.5006,2181000,296.6766,297.1713,292.1055,-0.0065,-0.0386,-0.0247,-0.0242,-0.0276,34.3967,0.0122,-0.0086,-0.0075,0.1341,0.1626,0.8422,sell
2025-08-06,292.4123,3430500,294.0646,294.8957,291.3239,-0.0037,-0.0259,-0.0425,-0.0236,-0.0319,28.7218,0.0106,-0.0101,-0.0072,0.1443,0.5729,1.2994,hold
2025-08-07,291.6108,2842500,294.5494,295.1331,287.5542,-0.0027,-0.0153,-0.0439,-0.0219,-0.0346,33.4585,0.0106,-0.0114,-0.0068,0.1404,-0.1714,1.0767,buy
2025-08-08,294.2822,1778100,293.8568,294.9748,291.4228,0.0092,0.0107,-0.0455,-0.0083,-0.0261,42.6486,0.0103,-0.0115,-0.0055,0.2463,-0.3745,0.6776,sell
2025-08-11,293.0949,2316700,293.9755,294.2921,291.7691,-0.0040,-0.0079,-0.0467,-0.0075,-0.0301,39.5120,0.0103,-0.0118,-0.0047,0.2198,0.3029,0.8757,buy
2025-08-12,300.0010,2170500,295.7367,301.8414,295.3211,0.0236,0.0221,-0.0173,0.0177,-0.0079,43.2163,0.0135,-0.0098,-0.0022,0.4900,-0.0631,0.8336,buy
2025-08-13,303.6223,2586800,301.4654,304.3446,299.2293,0.0121,0.0383,0.0114,0.0288,0.0032,48.4109,0.0130,-0.0073,0.0002,0.6435,0.1918,0.9999,hold
2025-08-14,304.4733,2108300,302.3064,304.6909,299.3085,0.0028,0.0441,0.0281,0.0288,0.0053,45.2591,0.0120,-0.0050,0.0019,0.7110,-0.1850,0.8329,sell
2025-08-15,302.2372,2728000,306.1849,306.5312,301.0202,-0.0073,0.0270,0.0381,0.0174,-0.0027,43.7722,0.0105,-0.0039,0.0025,0.6206,0.2939,1.1397,buy
2025-08-18,303.8004,2115100,301.0498,303.9884,299.5855,0.0052,0.0365,0.0283,0.0198,0.0017,48.2130,0.0098,-0.0025,0.0031,0.6784,-0.2247,0.8940,sell
2025-08-19,302.8605,2215800,303.4145,305.3043,301.3467,-0.0031,0.0095,0.0319,0.0135,-0.0017,53.5857,0.0095,-0.0016,0.0032,0.6322,0.0476,0.9381,buy
2025-08-20,305.1361,2481700,302.4944,305.7496,300.6541,0.0075,0.0050,0.0435,0.0167,0.0053,62.7275,0.0093,-0.0003,0.0035,0.7320,0.1200,1.0431,hold
2025-08-21,304.9086,1848500,303.5432,305.2549,300.8025,-0.0007,0.0014,0.0456,0.0115,0.0039,72.4920,0.0091,0.0006,0.0036,0.7225,-0.2551,0.7842,buy
2025-08-22,315.7823,2785200,306.9369,318.3053,306.8676,0.0357,0.0448,0.0731,0.0402,0.0383,77.3756,0.0135,0.0041,0.0055,1.0987,0.5067,1.1659,sell
2025-08-25,312.4578,1599600,315.6833,316.5639,312.0720,-0.0105,0.0285,0.0661,0.0227,0.0261,74.5767,0.0142,0.0060,0.0060,0.9362,-0.4257,0.6704,buy
2025-08-26,317.2070,1848600,311.6860,317.3950,310.7956,0.0152,0.0474,0.0574,0.0324,0.0395,79.3580,0.0133,0.0084,0.0067,1.0190,0.1557,0.7739,buy
2025-08-27,319.0473,1970100,316.5342,320.0961,316.1286,0.0058,0.0456,0.0508,0.0332,0.0435,81.7060,0.0131,0.0107,0.0072,0.9870,0.0657,0.8453,buy
2025-08-28,323.5294,2194800,320.5611,324.0736,318.5922,0.0140,0.0611,0.0626,0.0413,0.0558,82.4408,0.0134,0.0134,0.0080,1.0110,0.1141,0.9524,buy
2025-08-29,327.7740,2981300,323.8163,328.5458,323.3513,0.0131,0.0380,0.0845,0.0464,0.0672,86.0227,0.0126,0.0163,0.0087,1.0209,0.3583,1.2946,hold
2025-09-02,327.6750,3225100,323.2029,327.8729,319.2947,-0.0003,0.0487,0.0786,0.0381,0.0646,83.4810,0.0129,0.0184,0.0087,0.9468,0.0818,1.3606,sell
2025-09-03,320.2841,3439000,327.2496,328.5556,318.0084,-0.0226,0.0097,0.0575,0.0091,0.0389,68.4730,0.0158,0.0186,0.0069,0.7617,0.0663,1.4133,buy
2025-09-04,327.1506,2485100,321.5604,327.5365,319.4035,0.0214,0.0254,0.0721,0.0237,0.0596,72.1835,0.0166,0.0194,0.0064,0.8680,-0.2774,1.0415,sell
2025-09-05,322.7676,2971800,327.1903,328.9415,321.7881,-0.0134,-0.0024,0.0586,0.0044,0.0442,69.2737,0.0177,0.0193,0.0049,0.7522,0.1958,1.2421,hold
2025-09-08,321.9661,2264400,323.0545,323.9845,320.5710,-0.0025,-0.0177,0.0196,-0.0001,0.0406,67.3012,0.0144,0.0187,0.0034,0.7136,-0.2380,0.9369,hold
2025-09-09,320.9074,2056000,319.3739,323.1336,317.4049,-0.0033,-0.0207,0.0270,-0.0060,0.0367,67.1493,0.0138,0.0178,0.0019,0.6713,-0.0920,0.8553,hold
2025-09-10,319.9279,1846600,319.5717,321.2141,317.8402,-0.0031,-0.0011,0.0086,-0.0098,0.0332,64.4110,0.0132,0.0166,0.0005,0.6278,-0.1018,0.7734,buy
2025-09-11,325.8347,2825900,320.0763,327.1902,319.0078,0.0185,-0.0040,0.0213,0.0063,0.0517,68.3562,0.0143,0.0166,0.0007,0.7603,0.5303,1.1777,sell
2025-09-12,321.8672,2000300,326.1118,326.1118,320.6205,-0.0122,-0.0028,-0.0051,-0.0054,0.0389,56.0735,0.0143,0.0159,-0.0002,0.6337,-0.2922,0.8355,buy
2025-09-15,323.7966,1646300,322.5994,326.7747,322.5499,0.0060,0.0057,-0.0121,0.0018,0.0452,61.6416,0.0137,0.0153,-0.0005,0.6699,-0.1770,0.7035,hold
2025-09-16,323.5789,1987600,324.3308,324.5188,320.2742,-0.0007,0.0083,-0.0125,0.0024,0.0442,57.2132,0.0137,0.0148,-0.0009,0.6448,0.2073,0.8517,buy
2025-09-17,332.4440,3586500,325.4192,333.9282,324.9245,0.0274,0.0391,0.0380,0.0260,0.0715,63.0846,0.0141,0.0159,0.0006,0.9180,0.8044,1.4930,buy
2025-09-18,338.0541,3204000,334.9176,338.8456,331.4547,0.0169,0.0375,0.0333,0.0398,0.0879,63.8805,0.0136,0.0180,0.0023,1.0577,-0.1066,1.3140,hold
2025-09-19,337.5099,8632000,338.9049,340.7156,336.1247,-0.0016,0.0486,0.0457,0.0334,0.0850,60.0121,0.0124,0.0195,0.0030,1.0167,1.6941,3.1078,hold
2025-09-22,337.3714,3328000,335.9169,341.8534,334.7989,-0.0004,0.0419,0.0478,0.0282,0.0831,59.9634,0.0123,0.0204,0.0032,0.9465,-0.6145,1.1866,hold
2025-09-23,337.8561,2697600,338.3211,345.4944,336.4116,0.0014,0.0441,0.0528,0.0244,0.0833,71.0426,0.0120,0.0210,0.0030,0.9244,-0.1894,0.9434,hold
2025-09-24,336.8766,2279100,339.3403,341.3488,334.9275,-0.0029,0.0133,0.0530,0.0162,0.0781,63.5587,0.0120,0.0210,0.0024,0.8504,-0.1551,0.7911,hold
2025-09-25,336.5798,2223900,333.3444,337.1636,330.4652,-0.0009,-0.0044,0.0330,0.0120,0.0752,71.7309,0.0112,0.0207,0.0017,0.8070,-0.0242,0.7685,buy
2025-09-26,338.0639,1728600,337.8364,339.6965,335.4321,0.0044,0.0016,0.0503,0.0115,0.0781,74.7942,0.0098,0.0205,0.0012,0.8231,-0.2227,0.6022,hold
2025-09-29,338.6873,1658100,340.1219,341.2004,334.9176,0.0018,0.0039,0.0460,0.0089,0.0778,77.7571,0.0098,0.0203,0.0008,0.8117,-0.0408,0.5913,sell
2025-09-30,328.6447,3327300,337.9848,339.3304,324.6771,-0.0297,-0.0273,0.0157,-0.0225,0.0439,60.6068,0.0146,0.0181,-0.0016,0.4708,1.0067,1.1843,sell
2025-10-01,325.0828,2598800,327.4970,332.2165,324.9245,-0.0108,-0.0350,-0.0221,-0.0310,0.0310,49.0296,0.0119,0.0150,-0.0039,0.3369,-0.2189,0.9391,buy
2025-10-02,326.9825,1907600,324.9740,328.4666,322.8269,0.0058,-0.0285,-0.0328,-0.0221,0.0356,56.9733,0.0103,0.0126,-0.0050,0.4036,-0.2660,0.6966,hold
2025-10-03,326.7450,2404000,328.4864,328.5260,325.2411,-0.0007,-0.0335,-0.0319,-0.0196,0.0335,54.2137,0.0103,0.0106,-0.0056,0.3860,0.2602,0.8870,buy
2025-10-06,328.4764,2116200,328.4863,330.4652,322.7972,0.0053,-0.0301,-0.0264,-0.0118,0.0376,56.7091,0.0107,0.0093,-0.0054,0.4339,-0.1197,0.7830,sell
2025-10-07,324.4990,1708900,329.1295,331.3952,322.2926,-0.0121,-0.0126,-0.0395,-0.0198,0.0239,37.4334,0.0110,0.0073,-0.0061,0.2728,-0.1925,0.6364,sell
2025-10-08,320.3929,2184300,325.1916,325.6665,320.1555,-0.0127,-0.0144,-0.0489,-0.0274,0.0100,20.6702,0.0113,0.0047,-0.0071,0.1128,0.2782,0.8083,hold
2025-10-09,321.0064,2094800,323.0248,324.8354,320.6205,0.0019,-0.0183,-0.0463,-0.0209,0.0106,22.6555,0.0114,0.0026,-0.0073,0.1595,-0.0410,0.7858,sell
2025-10-10,313.7058,2684700,322.5736,325.4502,313.3983,-0.0227,-0.0399,-0.0721,-0.0360,-0.0134,18.3100,0.0122,-0.0009,-0.0088,-0.0366,0.2816,0.9944,buy
2025-10-13,320.5104,1693100,316.5923,321.7404,316.4832,0.0217,-0.0243,-0.0537,-0.0096,0.0061,30.1350,0.0152,-0.0019,-0.0077,0.2023,-0.3694,0.6266,buy
2025-10-14,330.1619,2810400,319.0126,333.6137,317.9116,0.0301,0.0175,0.0046,0.0198,0.0341,43.5843,0.0163,-0.0002,-0.0047,0.5059,0.6599,1.0244,sell
2025-10-15,327.9895,2186000,331.1636,334.1990,327.6126,-0.0066,0.0237,0.0089,0.0122,0.0251,42.0763,0.0160,0.0005,-0.0032,0.4413,-0.2222,0.8177,sell
2025-10-16,320.5104,3268000,328.3466,329.8147,317.4156,-0.0228,-0.0015,-0.0198,-0.0089,-0.0000,35.4210,0.0175,-0.0008,-0.0037,0.2223,0.4950,1.2210,buy
2025-10-17,343.8206,7025200,329.6957,345.8839,328.3268,0.0727,0.0960,0.0523,0.0576,0.0692,53.0966,0.0294,0.0037,0.0008,0.9550,1.1497,2.7059,hold
2025-10-20,346.6575,3465400,344.5844,347.3915,339.8827,0.0083,0.0816,0.0553,0.0604,0.0746,61.9003,0.0294,0.0078,0.0039,0.9847,-0.5067,1.3313,buy
2025-10-21,352.3512,2658400,349.2464,353.7895,347.9570,0.0164,0.0672,0.0858,0.0687,0.0882,67.5214,0.0289,0.0120,0.0066,1.0495,-0.2329,1.0220,sell
2025-10-22,349.1572,2710000,352.4107,354.8409,346.3599,-0.0091,0.0645,0.0898,0.0498,0.0751,64.0153,0.0286,0.0147,0.0074,0.9218,0.0194,1.0333,hold
2025-10-23,352.0635,1892600,349.8714,353.3034,347.7189,0.0083,0.0984,0.0967,0.0488,0.0808,65.4801,0.0285,0.0171,0.0078,0.9335,-0.3016,0.7262,hold
2025-10-24,354.6723,2397500,355.5055,359.3938,353.9878,0.0074,0.0316,0.1306,0.0438,0.0855,65.8465,0.0262,0.0193,0.0081,0.9339,0.2668,0.9083,buy
2025-10-27,358.7491,2179900,359.0764,359.9096,356.0114,0.0115,0.0349,0.1193,0.0440,0.0942,70.6939,0.0260,0.0216,0.0084,0.9505,-0.0908,0.8178,hold
2025-10-28,358.1143,1416800,358.3027,359.6021,356.5371,-0.0018,0.0164,0.0847,0.0338,0.0886,73.7890,0.0254,0.0232,0.0080,0.8859,-0.3501,0.5513,sell
2025-10-29,355.3269,1840500,356.1006,359.0764,353.0058,-0.0078,0.0177,0.0833,0.0177,0.0767,71.0667,0.0255,0.0237,0.0067,0.8045,0.2991,0.7268,hold
2025-10-30,355.9816,2045100,355.6939,362.7961,355.0690,0.0018,0.0111,0.1107,0.0093,0.0754,78.2551,0.0233,0.0238,0.0055,0.7840,0.1112,0.8054,hold
2025-10-31,357.8167,2155600,354.1168,359.0665,353.1249,0.0052,0.0089,0.0407,0.0105,0.0775,76.7078,0.0082,0.0239,0.0046,0.7822,0.0540,0.8531,buy
2025-11-03,358.6995,1822900,358.0845,360.6040,355.9518,0.0025,-0.0001,0.0347,0.0096,0.0773,73.3636,0.0081,0.0240,0.0037,0.7672,-0.1543,0.7257,sell
2025-11-04,357.5786,1887800,356.4180,359.6120,353.9680,-0.0031,-0.0015,0.0148,0.0050,0.0711,74.6488,0.0069,0.0237,0.0027,0.7264,0.0356,0.7488,buy
2025-11-05,362.8457,2195800,356.7851,364.8494,353.5316,0.0147,0.0212,0.0392,0.0158,0.0839,86.6163,0.0069,0.0239,0.0026,0.7796,0.1632,0.8708,hold
2025-11-06,362.7763,2354600,363.0838,366.2778,359.4831,-0.0002,0.0191,0.0304,0.0126,0.0809,77.4175,0.0068,0.0240,0.0022,0.7549,0.0723,0.9290,buy
2025-11-07,365.5636,2752200,361.1991,367.0118,358.0845,0.0077,0.0217,0.0307,0.0173,0.0864,77.3850,0.0069,0.0243,0.0021,0.7879,0.1689,1.0844,hold
2025-11-10,364.9089,2876800,366.4960,368.7972,359.8303,-0.0018,0.0173,0.0172,0.0137,0.0821,71.2987,0.0063,0.0243,0.0016,0.7629,0.0453,1.1077,buy
2025-11-11,367.1705,2132900,364.9189,370.0669,363.3020,0.0062,0.0268,0.0253,0.0175,0.0863,81.5496,0.0063,0.0243,0.0014,0.7860,-0.2586,0.8321,buy
2025-11-12,369.7594,2961500,368.1128,374.1834,367.5177,0.0071,0.0191,0.0406,0.0206,0.0907,81.3422,0.0053,0.0245,0.0015,0.8280,0.3885,1.1382,sell
2025-11-13,361.7844,2273500,368.0930,370.8704,360.4056,-0.0216,-0.0027,0.0163,-0.0030,0.0650,60.5846,0.0097,0.0234,-0.0002,0.6463,-0.2323,0.8908,sell
2025-11-14,354.2953,2943500,358.8780,359.2748,352.5297,-0.0207,-0.0308,-0.0098,-0.0227,0.0411,43.9828,0.0119,0.0205,-0.0028,0.3342,0.2947,1.2535,sell
2025-11-17,338.4940,3599000,353.3431,355.3369,336.6589,-0.0446,-0.0724,-0.0563,-0.0611,-0.0063,31.1977,0.0181,0.0148,-0.0077,-0.1860,0.2227,1.5283,hold
2025-11-18,337.9088,4216800,334.1296,340.9540,331.4018,-0.0017,-0.0797,-0.0550,-0.0576,-0.0090,32.5725,0.0181,0.0093,-0.0106,-0.0804,0.1717,1.7333,buy
2025-11-19,341.8567,2005000,338.9503,342.5312,337.9881,0.0117,-0.0755,-0.0578,-0.0409,0.0012,36.7412,0.0178,0.0057,-0.0112,0.0758,-0.5245,0.8363,hold
2025-11-20,341.0234,3095700,347.1436,350.2780,337.5715,-0.0024,-0.0574,-0.0600,-0.0374,-0.0021,33.9343,0.0177,0.0027,-0.0114,0.0969,0.5440,1.2596,buy
2025-11-21,350.0400,3044100,342.8089,353.4324,341.5194,0.0264,-0.0120,-0.0425,-0.0076,0.0226,42.8314,0.0201,0.0023,-0.0091,0.3431,-0.0167,1.2225,buy
2025-11-24,353.0554,3330900,350.7641,353.5117,347.3519,0.0086,0.0430,-0.0325,0.0043,0.0297,46.3694,0.0205,0.0028,-0.0068,0.4295,0.0942,1.3075,buy
2025-11-25,359.7113,2059400,354.1664,360.8520,352.4405,0.0189,0.0645,-0.0203,0.0254,0.0469,47.5390,0.0215,0.0045,-0.0039,0.6013,-0.3817,0.7983,hold
2025-11-26,361.0305,1679900,359.7807,363.7682,359.7807,0.0037,0.0561,-0.0236,0.0318,0.0490,48.6557,0.0214,0.0061,-0.0018,0.6274,-0.1843,0.6532,hold
2025-11-28,362.3200,872300,362.7366,364.5617,361.0702,0.0036,0.0624,0.0015,0.0353,0.0512,47.4433,0.0203,0.0076,-0.0003,0.6510,-0.4807,0.3471,sell
2025-12-01,357.4001,2229100,360.9214,363.5698,357.2314,-0.0136,0.0210,0.0088,0.0203,0.0358,44.4542,0.0196,0.0077,-0.0002,0.5254,1.5554,0.8857,hold
2025-12-02,357.7869,2135400,359.1558,360.7230,354.4640,0.0011,0.0134,0.0570,0.0158,0.0357,42.8722,0.0114,0.0077,-0.0002,0.5365,-0.0420,0.8433,buy
2025-12-03,365.1569,2651800,358.1043,367.2102,357.8861,0.0206,0.0151,0.0806,0.0288,0.0553,46.7407,0.0120,0.0091,0.0011,0.7118,0.2418,1.0316,buy
2025-12-04,368.1525,2027200,366.0099,370.0471,365.1569,0.0082,0.0197,0.0769,0.0296,0.0621,54.8518,0.0119,0.0107,0.0022,0.7739,-0.2355,0.7912,hold
2025-12-05,367.3590,1978700,366.4663,371.8524,366.0794,-0.0022,0.0139,0.0772,0.0199,0.0579,61.0840,0.0119,0.0118,0.0026,0.7443,-0.0239,0.7780,sell
2025-12-08,359.3542,2581400,366.9225,367.0118,357.7869,-0.0218,0.0055,0.0266,-0.0049,0.0336,70.3977,0.0131,0.0110,0.0013,0.5595,0.3046,1.0184,buy
2025-12-09,360.9710,2197600,360.0981,365.0974,359.5724,0.0045,0.0089,0.0224,-0.0026,0.0369,72.1049,0.0129,0.0104,0.0006,0.6054,-0.1487,0.8788,buy
2025-12-10,372.5368,2804400,360.0683,374.9273,360.0683,0.0320,0.0202,0.0357,0.0257,0.0674,75.6595,0.0153,0.0119,0.0020,0.8728,0.2761,1.1066,buy
2025-12-11,381.7816,2975800,373.4593,382.8032,372.5666,0.0248,0.0370,0.0575,0.0452,0.0904,79.8837,0.0167,0.0149,0.0041,1.0263,0.0611,1.1739,sell
2025-12-12,379.4704,2477800,383.3687,384.3606,375.5424,-0.0061,0.0330,0.0473,0.0340,0.0805,73.9313,0.0171,0.0169,0.0049,0.9209,-0.1673,0.9735,hold
2025-12-15,379.4803,2734700,381.2955,382.6346,376.8021,0.0000,0.0560,0.0618,0.0278,0.0773,72.5917,0.0160,0.0182,0.0049,0.8720,0.1037,1.0788,hold
2025-12-16,377.6750,2584400,380.8987,381.6724,375.7606,-0.0048,0.0463,0.0556,0.0175,0.0692,66.7468,0.0163,0.0187,0.0043,0.8108,-0.0550,1.0404,sell
2025-12-17,372.5765,2973900,378.4685,381.2360,371.5250,-0.0135,0.0001,0.0203,0.0017,0.0519,60.0553,0.0163,0.0180,0.0027,0.6943,0.1507,1.2279,hold
2025-12-18,372.4872,2884400,376.9311,377.4667,370.8307,-0.0002,-0.0243,0.0118,0.0003,0.0486,59.0436,0.0162,0.0171,0.0014,0.6748,-0.0301,1.1697,hold
2025-12-19,373.4692,7934300,372.5071,374.5008,369.7594,0.0026,-0.0158,0.0166,0.0013,0.0482,65.3701,0.0162,0.0163,0.0005,0.6849,1.7508,2.9301,buy
2025-12-22,377.7742,2747400,375.2745,379.3315,374.0346,0.0115,-0.0045,0.0513,0.0079,0.0565,67.7847,0.0141,0.0162,0.0005,0.7798,-0.6537,1.0202,hold
2025-12-23,379.1034,1768200,377.6750,381.4443,377.0302,0.0035,0.0038,0.0502,0.0066,0.0568,63.9043,0.0141,0.0164,0.0006,0.7943,-0.3564,0.6762,hold
2025-12-24,380.0159,817100,379.1034,381.6229,377.6651,0.0024,0.0200,0.0201,0.0070,0.0564,62.3401,0.0104,0.0165,0.0006,0.7908,-0.5379,0.3201,sell
2025-12-26,377.9726,1114900,379.2422,379.5795,377.1989,-0.0054,0.0147,-0.0100,0.0026,0.0478,60.7603,0.0068,0.0161,0.0001,0.7076,0.3645,0.4416,sell
2025-12-29,372.2888,1736800,377.9229,378.3098,371.9416,-0.0150,-0.0032,-0.0189,-0.0106,0.0291,63.7611,0.0080,0.0146,-0.0014,0.5204,0.5578,0.6764,sell
2025-12-30,370.3745,1319500,372.0012,372.3980,369.9380,-0.0051,-0.0196,-0.0240,-0.0133,0.0223,59.9413,0.0081,0.0127,-0.0027,0.4338,-0.2403,0.5231,sell
2025-12-31,366.9622,1469300,370.2554,371.3465,366.8828,-0.0092,-0.0320,-0.0284,-0.0196,0.0117,42.8789,0.0083,0.0103,-0.0041,0.2782,0.1135,0.5903,buy
2026-01-02,370.5411,2076100,367.3300,370.6802,365.0932,0.0098,-0.0249,-0.0055,-0.0095,0.0206,33.2108,0.0083,0.0090,-0.0043,0.4017,0.4130,0.8439,buy
2026-01-05,377.5695,2362000,370.1136,381.4467,370.0639,0.0190,-0.0011,0.0136,0.0079,0.0383,47.5115,0.0103,0.0092,-0.0030,0.6628,0.1377,0.9536,buy
2026-01-06,381.3075,2544100,378.1362,383.9916,374.0006,0.0099,0.0242,0.0210,0.0158,0.0469,52.1793,0.0107,0.0101,-0.0016,0.7815,0.0771,1.0155,sell
2026-01-07,375.9988,2178600,381.6454,382.7290,374.3088,-0.0139,0.0152,-0.0047,0.0021,0.0311,48.1550,0.0112,0.0098,-0.0017,0.5464,-0.1437,0.8767,buy
2026-01-08,380.7309,2707700,375.9491,382.8682,374.2989,0.0126,0.0375,0.0043,0.0143,0.0428,59.0489,0.0119,0.0102,-0.0009,0.7770,0.2429,1.0785,sell
2026-01-09,373.4041,2767700,380.7508,382.6297,371.6346,-0.0192,0.0077,-0.0174,-0.0035,0.0219,50.8767,0.0134,0.0092,-0.0017,0.3437,0.0222,1.1032,sell
2026-01-12,357.4782,7015900,358.3829,359.9139,353.4222,-0.0427,-0.0532,-0.0542,-0.0408,-0.0218,38.1088,0.0187,0.0049,-0.0052,-0.2579,1.5349,2.5882,hold
2026-01-13,355.8976,3775000,357.4882,358.1741,353.8596,-0.0044,-0.0666,-0.0440,-0.0408,-0.0261,33.0452,0.0184,0.0008,-0.0075,-0.1338,-0.4619,1.3601,hold
2026-01-14,356.1561,3583400,354.3467,356.2853,348.6603,0.0007,-0.0528,-0.0384,-0.0364,-0.0253,31.9153,0.0184,-0.0023,-0.0085,-0.0188,-0.0508,1.2716,hold
2026-01-15,355.2713,2868300,356.2654,358.9794,353.6409,-0.0025,-0.0669,-0.0319,-0.0357,-0.0275,30.4903,0.0183,-0.0050,-0.0089,0.0347,-0.1996,1.0127,buy
2026-01-16,362.6477,3555100,359.0291,367.2306,357.7864,0.0208,-0.0288,-0.0213,-0.0136,-0.0076,38.8545,0.0195,-0.0053,-0.0073,0.2679,0.2394,1.2425,sell
2026-01-20,350.1217,3049600,353.9093,359.0390,349.2866,-0.0345,-0.0206,-0.0727,-0.0405,-0.0412,35.3376,0.0204,-0.0085,-0.0085,0.0084,-0.1422,1.0627,buy
2026-01-21,357.4981,2780300,350.2310,360.5004,350.2012,0.0211,0.0045,-0.0624,-0.0139,-0.0208,42.0569,0.0217,-0.0090,-0.0072,0.2221,-0.0883,1.0645,buy
2026-01-22,365.8587,2628500,360.5998,367.9265,360.5998,0.0234,0.0272,-0.0270,0.0120,0.0021,49.3584,0.0234,-0.0073,-0.0044,0.4382,-0.0546,1.0087,sell
2026-01-23,359.5659,2801800,360.5998,361.6138,356.1461,-0.0172,0.0121,-0.0556,0.0005,-0.0148,43.8144,0.0232,-0.0076,-0.0037,0.3038,0.0659,1.0543,hold
2026-01-26,361.1167,2131200,360.0630,362.7272,358.5419,0.0043,-0.0042,-0.0329,0.0083,-0.0102,40.1170,0.0228,-0.0073,-0.0027,0.3613,-0.2393,0.7826,sell
2026-01-27,357.3391,1916000,361.1267,361.2858,353.6807,-0.0105,0.0206,-0.0004,-0.0023,-0.0199,35.6094,0.0185,-0.0079,-0.0026,0.2852,-0.1010,0.6934,sell
2026-01-28,354.8935,2386500,357.1303,359.4466,354.4561,-0.0068,-0.0073,-0.0028,-0.0088,-0.0263,36.8772,0.0185,-0.0088,-0.0028,0.2469,0.2456,0.8536,hold
2026-01-29,356.3946,4217500,358.1542,360.1624,353.5614,0.0042,-0.0259,0.0007,-0.0047,-0.0223,34.2349,0.0186,-0.0090,-0.0024,0.3059,0.7672,1.4342,sell
2026-01-30,350.1018,5381200,352.9152,353.9193,342.4768,-0.0177,-0.0263,-0.0146,-0.0208,-0.0401,34.6997,0.0194,-0.0107,-0.0032,0.1786,0.2759,1.7158,hold
2026-02-02,350.7579,2603200,348.2925,353.2134,344.9721,0.0019,-0.0287,-0.0328,-0.0157,-0.0390,44.4807,0.0179,-0.0116,-0.0033,0.2248,-0.5162,0.8231,sell
2026-02-03,347.5768,2854600,351.8515,356.2654,344.8628,-0.0091,-0.0273,-0.0073,-0.0240,-0.0480,43.3413,0.0144,-0.0130,-0.0037,0.1772,0.0966,0.8956,buy
2026-02-04,351.5930,3241900,347.5767,355.2315,345.4990,0.0116,-0.0093,-0.0165,-0.0110,-0.0376,46.5556,0.0131,-0.0128,-0.0029,0.2916,0.1357,1.0061,hold
2026-02-05,352.5374,4074900,348.4913,355.2216,346.3042,0.0027,-0.0108,-0.0364,-0.0047,-0.0351,47.9382,0.0100,-0.0124,-0.0020,0.3353,0.2569,1.2285,buy
2026-02-06,357.0408,3301700,356.0964,359.2677,352.6070,0.0128,0.0198,-0.0070,0.0088,-0.0230,45.5799,0.0099,-0.0108,-0.0004,0.5158,-0.1897,0.9865,hold
2026-02-09,357.5478,2219700,356.8917,359.6156,353.5912,0.0014,0.0194,-0.0099,0.0112,-0.0215,57.2230,0.0098,-0.0094,0.0007,0.5925,-0.3277,0.6687,buy
2026-02-10,361.0670,3506900,357.5081,367.3300,357.2197,0.0098,0.0388,0.0104,0.0201,-0.0119,53.7529,0.0097,-0.0074,0.0021,0.7686,0.5799,1.1155,sell
2026-02-11,351.9310,3437100,365.4014,367.3301,351.8714,-0.0253,0.0010,-0.0083,-0.0049,-0.0363,35.5894,0.0127,-0.0080,0.0014,0.2942,-0.0199,1.0992,sell
2026-02-12,340.8664,4141900,354.4064,356.9513,338.3810,-0.0314,-0.0331,-0.0436,-0.0319,-0.0658,32.3909,0.0158,-0.0111,-0.0011,-0.1109,0.2051,1.3128,sell
2026-02-13,335.5180,3814400,340.5880,342.8447,334.2355,-0.0157,-0.0603,-0.0417,-0.0431,-0.0793,27.5030,0.0156,-0.0147,-0.0036,-0.1381,-0.0791,1.1912,buy
2026-02-17,342.5067,3186000,336.7408,344.5944,336.0150,0.0208,-0.0421,-0.0235,-0.0209,-0.0590,37.6612,0.0175,-0.0152,-0.0035,0.1437,-0.1647,1.0007,hold
2026-02-18,344.2066,1900600,344.0575,346.0060,342.9739,0.0050,-0.0467,-0.0097,-0.0151,-0.0531,40.9981,0.0174,-0.0152,-0.0028,0.2198,-0.4035,0.6079,sell
2026-02-19,340.6377,2786500,341.7313,342.5962,336.3033,-0.0104,-0.0321,-0.0312,-0.0222,-0.0615,37.1743,0.0171,-0.0161,-0.0029,0.1481,0.4661,0.8912,buy
2026-02-20,344.1470,2738900,339.5442,344.2464,336.5121,0.0103,0.0096,-0.0238,-0.0098,-0.0510,44.9228,0.0175,-0.0155,-0.0019,0.2763,-0.0171,0.8745,sell
2026-02-23,319.3535,7092600,341.3336,343.7990,315.2875,-0.0720,-0.0482,-0.1056,-0.0710,-0.1174,31.0316,0.0272,-0.0223,-0.0062,-0.2360,1.5896,2.1193,hold
2026-02-24,318.5979,7925900,318.6079,321.6897,314.2138,-0.0024,-0.0698,-0.1089,-0.0626,-0.1168,31.9683,0.0271,-0.0267,-0.0084,-0.1032,0.1175,2.1796,buy
2026-02-25,325.1691,3843800,321.5604,327.1971,320.4271,0.0206,-0.0553,-0.0994,-0.0331,-0.0958,34.0647,0.0282,-0.0276,-0.0078,0.0951,-0.5150,1.0297,buy
2026-02-26,333.3508,3215500,327.9029,334.6431,327.8135,0.0252,-0.0214,-0.0528,-0.0032,-0.0706,39.3582,0.0296,-0.0258,-0.0051,0.2837,-0.1635,0.8520,sell
2026-02-27,307.0859,9817300,319.0154,319.6219,305.8432,-0.0788,-0.1077,-0.0991,-0.0724,-0.1404,27.6805,0.0372,-0.0335,-0.0088,-0.0947,2.0531,2.4215,hold
2026-03-02,305.6245,6280000,301.4194,308.5970,299.5107,-0.0048,-0.0430,-0.0891,-0.0684,-0.1410,26.9973,0.0371,-0.0380,-0.0106,-0.0139,-0.3603,1.5320,hold
2026-03-03,306.0123,5673100,298.3476,307.5930,297.9897,0.0013,-0.0395,-0.1066,-0.0567,-0.1367,24.9139,0.0359,-0.0408,-0.0107,0.0623,-0.0966,1.3340,buy
2026-03-04,309.3823,4055200,307.2947,310.6250,305.1971,0.0110,-0.0485,-0.1012,-0.0360,-0.1241,29.5372,0.0362,-0.0412,-0.0092,0.1532,-0.2852,0.9403,sell
2026-03-05,305.4058,4601800,305.0579,307.6824,303.0100,-0.0129,-0.0838,-0.1034,-0.0378,-0.1320,31.6983,0.0363,-0.0430,-0.0085,0.1444,0.1348,1.0505,sell
2026-03-06,299.2323,5500100,298.9142,301.2206,292.7805,-0.0202,-0.0256,-0.1305,-0.0437,-0.1457,31.4306,0.0356,-0.0461,-0.0086,0.1151,0.1952,1.2354,buy
2026-03-09,303.5866,4695000,292.8003,304.5012,290.7126,0.0146,-0.0067,-0.0494,-0.0249,-0.1295,29.5305,0.0298,-0.0454,-0.0068,0.1994,-0.1464,1.0383,hold
2026-03-10,301.3697,3488800,304.1532,306.4397,299.2522,-0.0073,-0.0152,-0.0541,-0.0267,-0.1320,27.5923,0.0298,-0.0458,-0.0056,0.1993,-0.2569,0.7609,buy
2026-03-11,304.1930,3512200,300.6937,305.0480,299.0832,0.0094,-0.0168,-0.0645,-0.0108,-0.1201,30.7861,0.0289,-0.0442,-0.0034,0.2533,0.0067,0.7660,sell
2026-03-12,300.1171,3602400,298.7750,303.0498,296.9757,-0.0134,-0.0173,-0.0997,-0.0134,-0.1283,26.9251,0.0267,-0.0444,-0.0025,0.2195,0.0257,0.7842,hold
2026-03-13,298.1984,2645800,302.5328,303.9147,298.0791,-0.0064,-0.0035,-0.0289,-0.0169,-0.1302,35.4167,0.0116,-0.0444,-0.0018,0.2198,-0.2655,0.5855,sell
2026-03-16,296.4488,3604200,299.2423,302.2445,294.0927,-0.0059,-0.0235,-0.0300,-0.0197,-0.1317,34.9378,0.0116,-0.0444,-0.0012,0.2233,0.3622,0.7995,buy
2026-03-17,298.5066,3616000,302.0755,304.4913,298.0791,0.0069,-0.0095,-0.0245,-0.0104,-0.1220,30.6828,0.0120,-0.0428,0.0001,0.2741,0.0033,0.7983,sell
2026-03-18,292.6612,3303100,297.3932,299.3019,291.6372,-0.0196,-0.0379,-0.0540,-0.0244,-0.1349,19.4871,0.0121,-0.0438,-0.0000,0.2016,-0.0865,0.7181,hold
2026-03-19,293.1980,3027200,290.5635,295.8722,289.5694,0.0018,-0.0231,-0.0400,-0.0186,-0.1287,33.0420,0.0120,-0.0431,0.0004,0.2256,-0.0835,0.6564,hold
2026-03-20,293.7646,7116500,293.2377,294.7587,289.2612,0.0019,-0.0149,-0.0183,-0.0149,-0.1228,35.1948,0.0106,-0.0419,0.0012,0.2303,1.3509,1.4731,buy
2026-03-23,300.1370,4319800,303.1889,303.1889,296.2101,0.0217,0.0124,-0.0114,0.0076,-0.0994,43.6190,0.0120,-0.0380,0.0034,0.3937,-0.3930,0.9206,hold
2026-03-24,300.2264,3639100,297.0552,302.0556,296.2002,0.0003,0.0058,-0.0038,0.0083,-0.0952,39.2932,0.0118,-0.0352,0.0049,0.4136,-0.1576,0.8127,sell
2026-03-25,298.4768,2823800,303.2088,304.5807,295.1663,-0.0058,0.0199,-0.0188,0.0044,-0.0972,41.4521,0.0114,-0.0333,0.0057,0.3884,-0.2240,0.6379,hold
2026-03-26,297.6318,2887500,296.8166,300.9224,294.1126,-0.0028,0.0151,-0.0083,0.0024,-0.0966,47.7267,0.0106,-0.0315,0.0060,0.3454,0.0226,0.6547,sell
2026-03-27,290.5536,2751000,295.5441,296.2003,289.7881,-0.0238,-0.0109,-0.0256,-0.0189,-0.1145,32.8178,0.0129,-0.0324,0.0049,0.0389,-0.0473,0.6781,buy
2026-03-30,295.7429,3851100,292.9494,299.6896,291.9752,0.0179,-0.0146,-0.0024,-0.0012,-0.0954,43.1211,0.0143,-0.0301,0.0052,0.3197,0.3999,0.9785,buy
2026-03-31,300.7036,3516600,301.2007,302.6819,295.8324,0.0168,0.0016,0.0074,0.0148,-0.0768,45.9459,0.0151,-0.0267,0.0064,0.5938,-0.0869,0.9187,hold
2026-04-01,299.6797,3403300,304.9684,305.4456,297.8704,-0.0034,0.0040,0.0240,0.0090,-0.0771,49.4530,0.0135,-0.0244,0.0071,0.5761,-0.0322,0.8967,hold
2026-04-02,299.3605,2105500,294.5936,301.9235,291.7813,-0.0011,0.0058,0.0210,0.0058,-0.0747,51.5138,0.0135,-0.0224,0.0073,0.5822,-0.3813,0.5736,buy
2026-04-06,304.8954,2185200,297.9444,304.9552,297.5954,0.0185,0.0494,0.0379,0.0206,-0.0541,60.0151,0.0145,-0.0187,0.0083,0.9160,0.0379,0.6235,hold
2026-04-07,306.1918,2265500,301.7041,306.2816,300.8863,0.0043,0.0353,0.0202,0.0229,-0.0469,59.2799,0.0131,-0.0155,0.0091,0.9651,0.0367,0.6696,buy
2026-04-08,315.4764,3654200,316.3839,321.6196,314.0802,0.0303,0.0491,0.0508,0.0485,-0.0152,75.4367,0.0158,-0.0102,0.0110,1.2295,0.6130,1.0775,hold
2026-04-09,316.9025,1996200,313.4520,317.2815,311.3278,0.0045,0.0575,0.0617,0.0469,-0.0082,75.9143,0.0153,-0.0059,0.0122,1.1298,-0.4537,0.6020,sell
2026-04-10,312.6442,1991300,316.5036,317.1319,312.2752,-0.0134,0.0444,0.0504,0.0277,-0.0190,69.0980,0.0163,-0.0036,0.0118,0.9131,-0.0025,0.6155,buy
2026-04-13,322.9360,2581800,310.3305,323.3349,309.1537,0.0329,0.0592,0.1115,0.0504,0.0155,71.3684,0.0150,0.0009,0.0126,1.0988,0.2965,0.7988,buy
2026-04-14,326.0674,2288700,324.1128,328.0121,322.8662,0.0097,0.0649,0.1025,0.0502,0.0269,72.9129,0.0148,0.0051,0.0133,1.0559,-0.1135,0.7229,buy
2026-04-15,328.1617,2542300,327.9822,331.4926,326.3467,0.0064,0.0402,0.0913,0.0477,0.0349,76.1614,0.0146,0.0087,0.0135,1.0051,0.1108,0.8168,sell
2026-04-16,324.8707,2018700,327.8725,330.2660,324.3422,-0.0100,0.0251,0.0841,0.0289,0.0260,73.0136,0.0154,0.0108,0.0126,0.8841,-0.2060,0.6622,buy
2026-04-17,330.7845,4775500,329.0991,339.0519,328.6304,0.0182,0.0580,0.1050,0.0373,0.0461,84.6724,0.0153,0.0135,0.0122,0.9406,1.3656,1.5230,sell
2026-04-20,328.9695,2280600,330.7745,333.8262,328.6304,-0.0055,0.0187,0.0790,0.0239,0.0419,80.4042,0.0157,0.0152,0.0111,0.8617,-0.5224,0.7881,hold
2026-04-21,328.8897,2916800,330.8942,337.1670,327.5534,-0.0002,0.0087,0.0741,0.0164,0.0435,78.3218,0.0159,0.0163,0.0098,0.8222,0.2790,1.0330,buy
2026-04-22,331.9912,4339800,330.2061,333.5868,327.1046,0.0094,0.0117,0.0523,0.0208,0.0551,81.1658,0.0137,0.0176,0.0089,0.8384,0.4879,1.5181,sell
2026-04-23,317.6804,4580600,331.2932,331.2932,313.8908,-0.0431,-0.0221,0.0025,-0.0234,0.0124,63.9146,0.0206,0.0157,0.0053,0.5675,0.0555,1.5545,sell
2026-04-24,313.2226,2968100,315.6460,317.9497,311.6469,-0.0140,-0.0531,0.0019,-0.0373,0.0006,56.4300,0.0206,0.0125,0.0016,0.4700,-0.3520,1.0059,buy
2026-04-27,317.9696,2553000,312.1655,318.0893,312.1655,0.0152,-0.0334,-0.0154,-0.0212,0.0173,58.6343,0.0181,0.0108,-0.0000,0.5386,-0.1399,0.8681,sell
2026-04-28,315.0376,6101400,320.8218,322.8164,314.1002,-0.0092,-0.0421,-0.0338,-0.0269,0.0092,49.6453,0.0178,0.0087,-0.0017,0.4514,1.3899,1.9983,hold
2026-04-29,314.7883,3136000,316.0150,316.6831,313.1528,-0.0008,-0.0518,-0.0408,-0.0237,0.0102,48.2577,0.0175,0.0069,-0.0028,0.4243,-0.4860,1.0335,buy
2026-04-30,322.1681,4587900,312.5145,322.9659,311.3777,0.0234,0.0141,-0.0083,0.0001,0.0354,57.4644,0.0193,0.0071,-0.0019,0.5884,0.4630,1.4831,sell
2026-05-01,318.8073,2385600,323.5842,324.1128,318.5879,-0.0104,0.0178,-0.0362,-0.0067,0.0260,46.3697,0.0183,0.0065,-0.0021,0.4645,-0.4800,0.7677,hold
2026-05-04,318.3386,2692000,319.8943,322.0185,316.5934,-0.0015,0.0012,-0.0323,-0.0048,0.0262,42.8703,0.0183,0.0059,-0.0022,0.4198,0.1284,0.8593,sell
2026-05-05,315.0875,2658400,319.4057,319.7248,313.6414,-0.0102,0.0002,-0.0420,-0.0107,0.0160,38.1913,0.0184,0.0045,-0.0030,0.2644,-0.0125,0.8433,buy
2026-05-06,321.0212,2933600,319.1264,323.8934,319.1264,0.0188,0.0198,-0.0330,0.0114,0.0350,46.6815,0.0194,0.0047,-0.0021,0.4880,0.1035,0.9413,sell
2026-05-07,317.8200,3350500,321.4501,323.6540,315.9352,-0.0100,-0.0135,0.0004,0.0012,0.0251,38.2756,0.0139,0.0041,-0.0022,0.3560,0.1421,1.0522,sell
2026-05-08,315.1673,6802200,318.2189,319.1763,312.7539,-0.0083,-0.0114,0.0062,-0.0077,0.0178,37.7043,0.0133,0.0030,-0.0027,0.2359,1.0302,1.9862,sell
2026-05-11,311.4674,3081600,314.4293,315.5363,310.9588,-0.0117,-0.0216,-0.0204,-0.0174,0.0055,35.4198,0.0128,0.0011,-0.0037,0.1295,-0.5470,0.8933,buy
2026-05-12,313.4520,2275500,311.4774,314.0902,310.2308,0.0064,-0.0052,-0.0050,-0.0106,0.0114,34.1895,0.0128,0.0001,-0.0038,0.2356,-0.2616,0.6598,sell
2026-05-13,308.7648,2967000,310.2707,311.2480,306.9198,-0.0150,-0.0382,-0.0191,-0.0235,-0.0039,40.9035,0.0136,-0.0020,-0.0047,0.1045,0.3039,0.8550,buy
2026-05-14,311.9162,3240500,312.1655,313.8210,310.1809,0.0102,-0.0186,-0.0318,-0.0104,0.0061,48.6306,0.0113,-0.0027,-0.0043,0.2492,0.0922,0.9176,hold
2026-05-15,312.6242,2649600,311.4375,314.6287,311.1483,0.0023,-0.0081,-0.0194,-0.0062,0.0080,43.8785,0.0111,-0.0030,-0.0037,0.2934,-0.1823,0.7736,sell
2026-05-18,311.3876,2274200,313.4320,314.7983,309.5526,-0.0040,-0.0003,-0.0218,-0.0079,0.0032,45.6511,0.0111,-0.0036,-0.0034,0.2622,-0.1417,0.6641,sell
2026-05-19,308.4656,2918400,309.8917,312.1356,306.7902,-0.0094,-0.0159,-0.0210,-0.0151,-0.0065,42.9178,0.0110,-0.0048,-0.0037,0.1530,0.2833,0.8521,hold
2026-05-20,308.9742,4577100,309.1537,310.0214,302.2128,0.0016,0.0007,-0.0375,-0.0097,-0.0054,32.5324,0.0085,-0.0055,-0.0035,0.1391,0.5684,1.3318,hold
2026-05-21,308.8546,1992700,307.7077,309.9017,304.7757,-0.0004,-0.0098,-0.0282,-0.0072,-0.0061,35.5864,0.0082,-0.0061,-0.0033,0.1710,-0.5646,0.6025,buy
2026-05-22,310.9289,2209200,312.4248,313.5716,309.8019,0.0067,-0.0054,-0.0134,0.0008,-0.0001,39.7461,0.0085,-0.0058,-0.0024,0.3070,0.1086,0.6757,sell
2026-05-26,309.8718,2410400,313.1827,313.7113,308.7548,-0.0034,-0.0049,-0.0051,-0.0021,-0.0042,42.3156,0.0077,-0.0059,-0.0020,0.2681,0.0911,0.7389,buy
2026-05-27,311.6868,3015600,312.9633,316.6233,310.8291,0.0059,0.0104,-0.0056,0.0043,0.0006,34.3479,0.0077,-0.0054,-0.0012,0.3871,0.2511,0.9703,buy
2026-05-28,314.2598,3599800,310.1510,314.6387,305.3940,0.0083,0.0171,0.0178,0.0108,0.0078,43.9016,0.0062,-0.0043,-0.0001,0.5422,0.1937,1.1497,buy
2026-05-29,315.6061,4530400,314.7085,318.3685,311.7367,0.0043,0.0219,0.0118,0.0139,0.0107,50.7869,0.0055,-0.0030,0.0009,0.6608,0.2585,1.4482,sell
2026-06-01,312.6841,2621800,312.3051,313.9406,309.7521,-0.0093,0.0056,0.0002,0.0045,0.0001,52.2443,0.0064,-0.0028,0.0010,0.4830,-0.4213,0.8350,sell
2026-06-02,310.1211,2116700,312.4746,312.8437,309.4928,-0.0082,0.0008,-0.0041,-0.0033,-0.0092,43.9842,0.0068,-0.0032,0.0004,0.3173,-0.1927,0.6803,sell
2026-06-03,299.7495,3939200,307.8373,309.5127,299.2109,-0.0334,-0.0383,-0.0283,-0.0339,-0.0423,36.4914,0.0124,-0.0064,-0.0021,-0.2014,0.8610,1.2406,buy
2026-06-04,311.6768,2992200,304.9353,314.1002,304.6062,0.0398,-0.0082,0.0087,0.0036,-0.0049,49.7160,0.0183,-0.0053,-0.0009,0.5274,-0.2404,0.9415,sell
2026-06-05,309.8119,2445700,313.0630,313.6414,307.4683,-0.0060,-0.0184,0.0031,-0.0027,-0.0116,46.7526,0.0185,-0.0051,-0.0006,0.4207,-0.1826,0.7806,hold
2026-06-08,311.4474,2500500,309.1537,313.1029,308.9044,0.0053,-0.0040,0.0017,0.0024,-0.0072,50.0685,0.0184,-0.0044,0.0001,0.5595,0.0224,0.8570,buy
2026-06-09,317.5109,2634300,314.1401,321.6595,313.7811,0.0195,0.0238,0.0247,0.0194,0.0104,59.6551,0.0193,-0.0023,0.0017,0.9606,0.0535,0.9098,sell
2026-06-10,312.4846,2525400,318.0095,319.4356,312.4248,-0.0158,0.0425,0.0026,0.0030,-0.0067,53.4175,0.0201,-0.0019,0.0017,0.6099,-0.0413,0.8684,buy
2026-06-11,317.6205,2589900,314.1102,318.6577,308.7947,0.0164,0.0191,0.0107,0.0184,0.0086,57.7746,0.0206,-0.0003,0.0026,0.9135,0.0255,0.8964,buy
2026-06-12,324.5516,2223000,320.9215,324.7311,318.2089,0.0218,0.0476,0.0283,0.0377,0.0289,61.1238,0.0216,0.0027,0.0044,1.1548,-0.1417,0.7832,buy
2026-06-15,334.4644,3353000,328.8000,339.0718,328.8000,0.0305,0.0739,0.0697,0.0620,0.0580,67.5441,0.0227,0.0072,0.0071,1.2694,0.5083,1.1669,buy
2026-06-16,339.8098,3657300,335.9105,341.2559,334.5343,0.0160,0.0702,0.0957,0.0689,0.0726,69.1005,0.0222,0.0118,0.0093,1.1921,0.0908,1.2429,hold
2026-06-17,339.6104,3982100,340.4581,346.0029,338.4037,-0.0006,0.0868,0.1330,0.0550,0.0697,67.7912,0.0170,0.0153,0.0103,1.0557,0.0888,1.3292,sell
2026-06-18,337.0773,4490800,345.4045,347.2495,337.0474,-0.0075,0.0613,0.0815,0.0390,0.0602,64.8217,0.0151,0.0174,0.0099,0.9287,0.1277,1.5012,hold
2026-06-22,337.1471,3006200,337.0574,339.3212,334.9631,0.0002,0.0388,0.0882,0.0305,0.0591,67.5792,0.0146,0.0188,0.0090,0.8790,-0.3306,0.9882,hold
2026-06-23,336.8579,3549800,334.2650,337.6059,333.0284,-0.0009,0.0072,0.0816,0.0217,0.0566,69.8622,0.0149,0.0196,0.0078,0.8327,0.1808,1.1417,buy
2026-06-24,341.6248,2639300,335.9205,343.5795,335.2922,0.0142,0.0053,0.0759,0.0286,0.0703,83.9340,0.0145,0.0208,0.0074,0.8776,-0.2565,0.8458,hold
2026-06-25,341.5251,3523100,344.0582,351.5577,339.9893,-0.0003,0.0056,0.0929,0.0194,0.0689,79.9240,0.0124,0.0217,0.0067,0.8351,0.3349,1.1199,sell
2026-06-26,339.4308,5899700,341.0564,343.0709,337.3964,-0.0061,0.0070,0.0687,0.0066,0.0616,79.5581,0.0129,0.0219,0.0054,0.7679,0.6746,1.8092,hold
2026-06-29,339.9494,2604900,340.8470,343.1108,338.3638,0.0015,0.0083,0.0474,0.0035,0.0623,79.0920,0.0118,0.0217,0.0042,0.7510,-0.5585,0.8231,sell
2026-06-30,337.3266,3527300,341.0664,343.2005,335.6512,-0.0077,0.0014,0.0086,-0.0050,0.0536,71.7539,0.0082,0.0209,0.0026,0.6845,0.3541,1.0988,buy
2026-07-01,347.0500,2918000,340.5976,349.5432,336.8080,0.0288,0.0159,0.0213,0.0215,0.0828,84.3985,0.0113,0.0215,0.0030,0.8229,-0.1727,0.8978,buy
2026-07-02,351.9600,2440600,349.4700,352.0900,346.0200,0.0141,0.0306,0.0364,0.0322,0.0965,84.3281,0.0118,0.0231,0.0038,0.8873,-0.1636,0.7687,buy
2026-07-06,356.0300,3525200,352.2100,358.1700,350.5900,0.0116,0.0489,0.0562,0.0383,0.1075,83.3772,0.0113,0.0249,0.0047,0.9152,0.4444,1.1010,sell
2026-07-07,349.5800,2909000,358.5400,359.5900,349.2400,-0.0181,0.0283,0.0369,0.0158,0.0853,67.2976,0.0136,0.0253,0.0038,0.7748,-0.1748,0.9020,sell
2026-07-08,336.3900,3568800,345.4500,346.8100,333.5600,-0.0377,-0.0028,-0.0014,-0.0224,0.0429,46.6822,0.0189,0.0227,0.0003,0.4887,0.2268,1.0886,buy
2026-07-09,346.7200,3474000,337.0100,348.5100,335.2900,0.0307,-0.0010,0.0149,0.0062,0.0730,55.7644,0.0209,0.0215,-0.0002,0.6982,-0.0266,1.0463,buy
2026-07-10,350.5800,2792700,351.2200,352.9900,345.9300,0.0111,-0.0039,0.0265,0.0147,0.0826,60.7173,0.0211,0.0215,0.0000,0.7884,-0.1961,0.8377,buy
2026-07-13,354.4300,2624600,356.6000,357.5900,352.7000,0.0110,-0.0045,0.0442,0.0214,0.0918,62.9411,0.0210,0.0221,0.0006,0.8978,-0.0602,0.7869,hold
2026-07-14,355.0600,3530900,353.0900,361.0000,352.4700,0.0018,0.0157,0.0444,0.0188,0.0915,63.5602,0.0210,0.0225,0.0009,0.9035,0.3453,1.0382,buy
2026-07-15,358.4400,2525600,356.1400,362.7200,356.1400,0.0095,0.0655,0.0626,0.0223,0.0992,62.7913,0.0206,0.0232,0.0014,0.9557,-0.2847,0.7518,buy
2026-07-16,361.5700,2441600,359.3500,363.1400,358.1600,0.0087,0.0428,0.0418,0.0270,0.1059,64.5762,0.0190,0.0241,0.0020,0.9748,-0.0333,0.7402,sell
2026-07-17,355.3500,2647200,356.5800,358.8000,351.8200,-0.0172,0.0136,0.0096,0.0083,0.0842,60.9208,0.0198,0.0238,0.0010,0.7586,0.0842,0.8191,sell
2026-07-20,351.9300,2311200,355.8000,357.4000,350.9600,-0.0096,-0.0071,-0.0115,-0.0002,0.0717,57.9042,0.0197,0.0223,-0.0005,0.6381,-0.1269,0.7401,hold
2026-07-21,350.7900,2456600,353.5700,354.8700,348.2400,-0.0032,-0.0120,0.0035,-0.0038,0.0661,59.0598,0.0188,0.0206,-0.0019,0.5856,0.0629,0.7936,sell
2026-07-22,348.7400,2465900,348.8200,349.7000,345.0400,-0.0058,-0.0271,0.0367,-0.0131,0.0577,51.2682,0.0136,0.0186,-0.0032,0.5006,0.0038,0.8108,sell
2026-07-23,340.8400,4310600,343.3900,344.9100,338.2000,-0.0227,-0.0573,-0.0170,-0.0338,0.0319,42.0138,0.0122,0.0152,-0.0057,0.2330,0.7481,1.3794,sell
2026-07-24,326.1700,6365100,326.1200,329.0500,318.2000,-0.0430,-0.0821,-0.0696,-0.0690,-0.0132,31.3887,0.0170,0.0090,-0.0102,-0.1184,0.4766,1.9483,buy
2026-07-27,335.3900,3774200,331.5000,336.6100,329.7900,0.0283,-0.0470,-0.0537,-0.0374,0.0130,41.4508,0.0197,0.0056,-0.0105,0.1592,-0.4070,1.1941,hold
2026-07-28,336.6300,3535700,335.5000,336.8200,331.4300,0.0037,-0.0404,-0.0519,-0.0287,0.0152,50.1689,0.0198,0.0034,-0.0101,0.2039,-0.0632,1.1024,sell
2026-07-29,331.5000,3437900,333.6200,336.3900,330.0000,-0.0152,-0.0494,-0.0752,-0.0360,-0.0014,38.4417,0.0193,0.0004,-0.0106,0.0914,-0.0277,1.0734,buy
2026-07-30,337.5200,2859500,331.9700,337.8000,329.0700,0.0182,-0.0097,-0.0665,-0.0116,0.0152,40.3971,0.0204,-0.0005,-0.0091,0.2658,-0.1682,0.8936,hold
2026-07-31,336.2500,2353700,338.2800,340.3000,336.0000,-0.0038,0.0309,-0.0537,-0.0098,0.0097,36.1052,0.0200,-0.0015,-0.0081,0.2581,-0.1769,0.7366,buy
2026-08-03,344.7200,2864600,340.9000,345.1600,340.0000,0.0252,0.0278,-0.0205,0.0173,0.0329,42.9429,0.0221,-0.0003,-0.0054,0.4819,0.2171,0.9058,hold
