date,close,volume,open,high,low,return_1d,return_5d,return_10d,price_vs_ma10,price_vs_ma50,rsi_14,volatility_10d,macd_norm,macd_hist_norm,bb_position,volume_change,volume_vs_avg20,label
2021-09-10,210.3000,6959700,215.1600,215.8900,210.1200,-0.0170,-0.0477,-0.0286,-0.0290,-0.0646,47.3436,0.0156,-0.0181,-0.0030,0.1409,-0.2470,0.8007,buy
2021-09-13,214.4800,10175900,211.3500,215.6400,209.8800,0.0199,-0.0169,-0.0328,-0.0064,-0.0438,44.1512,0.0148,-0.0171,-0.0018,0.3244,0.4621,1.1457,sell
2021-09-14,211.5700,9947000,215.8400,216.1100,210.7100,-0.0136,-0.0125,-0.0280,-0.0171,-0.0547,38.5189,0.0143,-0.0177,-0.0018,0.1645,-0.0225,1.1055,buy
2021-09-15,214.2200,7916300,211.7900,214.3500,210.3200,0.0125,0.0134,-0.0241,-0.0024,-0.0410,42.4651,0.0148,-0.0166,-0.0007,0.3528,-0.2042,0.9060,hold
2021-09-16,213.3600,6370900,213.9600,216.3100,213.3100,-0.0040,-0.0027,-0.0218,-0.0041,-0.0432,46.2187,0.0147,-0.0161,-0.0001,0.3145,-0.1952,0.7403,hold
2021-09-17,213.3600,7932700,213.1200,215.3700,211.9100,0.0000,0.0146,-0.0338,-0.0007,-0.0412,38.4340,0.0138,-0.0155,0.0004,0.3075,0.2451,0.9407,sell
2021-09-20,209.5000,10567400,210.8100,212.4300,206.5300,-0.0181,-0.0232,-0.0397,-0.0147,-0.0560,38.6792,0.0144,-0.0166,-0.0003,0.0814,0.3321,1.2441,sell
2021-09-21,208.5100,7139000,210.2500,211.7600,207.7200,-0.0047,-0.0145,-0.0267,-0.0167,-0.0580,34.3848,0.0135,-0.0175,-0.0009,0.0805,-0.3244,0.8569,buy
2021-09-22,216.9800,10953000,210.0000,217.9900,209.6500,0.0406,0.0129,0.0265,0.0205,-0.0187,48.6518,0.0186,-0.0141,0.0015,0.6085,0.5342,1.2990,buy
2021-09-23,221.1000,9344600,217.8100,222.6200,217.1500,0.0190,0.0363,0.0335,0.0364,0.0002,50.3090,0.0191,-0.0101,0.0041,0.8691,-0.1468,1.0901,hold
2021-09-24,221.3900,6498200,219.1300,222.4100,218.6600,0.0013,0.0376,0.0527,0.0324,0.0017,53.8964,0.0177,-0.0070,0.0058,0.8520,-0.3046,0.7663,buy
2021-09-27,224.1600,9749200,224.0000,228.6000,223.8800,0.0125,0.0700,0.0451,0.0406,0.0136,62.3506,0.0172,-0.0034,0.0074,0.9853,0.5003,1.1358,sell
2021-09-28,218.4100,9639800,222.9000,224.5800,216.4200,-0.0257,0.0475,0.0323,0.0107,-0.0134,58.1649,0.0190,-0.0028,0.0066,0.6550,-0.0112,1.1098,buy
2021-09-29,225.3600,16808000,227.8000,229.9400,224.8600,0.0318,0.0386,0.0520,0.0375,0.0172,62.0363,0.0209,0.0004,0.0076,0.9840,0.7436,1.8293,sell
2021-09-30,219.9400,10366900,226.0800,226.1500,219.4600,-0.0241,-0.0052,0.0308,0.0095,-0.0070,59.7928,0.0228,0.0009,0.0066,0.6975,-0.3832,1.1089,buy
2021-10-01,226.0000,9113600,222.8500,226.7200,220.6000,0.0276,0.0208,0.0592,0.0313,0.0199,61.2720,0.0240,0.0033,0.0071,0.9571,-0.1209,0.9737,sell
2021-10-04,223.7900,6946100,225.6800,227.9700,222.0000,-0.0098,-0.0017,0.0682,0.0146,0.0097,62.1230,0.0232,0.0045,0.0067,0.8243,-0.2378,0.7400,hold
2021-10-05,224.4200,5687300,224.2700,226.4500,222.4200,0.0028,0.0275,0.0763,0.0102,0.0127,60.5415,0.0229,0.0056,0.0062,0.8164,-0.1812,0.6311,hold
2021-10-06,224.9900,7157600,221.0800,225.0700,219.2000,0.0025,-0.0016,0.0369,0.0091,0.0150,62.0919,0.0197,0.0065,0.0057,0.8068,0.2585,0.8019,buy
2021-10-07,226.4800,7748500,227.3400,229.0000,225.9000,0.0066,0.0297,0.0243,0.0134,0.0222,63.2311,0.0190,0.0077,0.0055,0.8305,0.0826,0.8754,hold
2021-10-08,226.3900,4515000,226.7500,228.7100,225.4000,-0.0004,0.0017,0.0226,0.0107,0.0223,68.4348,0.0190,0.0085,0.0051,0.7971,-0.4173,0.5173,hold
2021-10-11,226.4500,7287000,226.5000,232.1000,225.3200,0.0003,0.0119,0.0102,0.0099,0.0226,69.9866,0.0187,0.0091,0.0045,0.7704,0.6140,0.8489,sell
2021-10-12,223.5700,8486800,226.0000,228.6600,223.1200,-0.0127,-0.0038,0.0236,-0.0052,0.0097,58.3864,0.0170,0.0085,0.0031,0.6344,0.1646,0.9971,sell
2021-10-13,221.7800,8240200,224.0000,224.3000,219.3600,-0.0080,-0.0143,-0.0159,-0.0116,0.0023,50.9199,0.0137,0.0073,0.0015,0.5432,-0.0291,0.9663,sell
2021-10-14,217.4400,10427300,221.0700,222.1800,217.0400,-0.0196,-0.0399,-0.0114,-0.0299,-0.0165,45.1841,0.0130,0.0048,-0.0009,0.3373,0.2654,1.1944,hold
2021-10-15,217.0400,8773400,218.1700,219.6100,216.2800,-0.0018,-0.0413,-0.0396,-0.0278,-0.0172,40.7867,0.0082,0.0025,-0.0026,0.3030,-0.1586,1.0001,hold
2021-10-18,216.9800,6553500,216.0000,217.2800,214.0500,-0.0003,-0.0418,-0.0304,-0.0250,-0.0162,47.8300,0.0080,0.0006,-0.0036,0.2517,-0.2530,0.7645,sell
2021-10-19,215.9700,5963400,217.4700,217.6600,215.2800,-0.0047,-0.0340,-0.0377,-0.0259,-0.0193,32.6175,0.0077,-0.0012,-0.0044,0.0986,-0.0900,0.7005,hold
2021-10-20,216.1700,8485200,215.4900,218.6600,214.3500,0.0009,-0.0253,-0.0392,-0.0211,-0.0166,41.3492,0.0076,-0.0026,-0.0046,0.1210,0.4229,1.0114,sell
2021-10-21,214.3400,8691500,216.5400,218.1100,213.8100,-0.0085,-0.0143,-0.0536,-0.0240,-0.0227,16.7995,0.0067,-0.0044,-0.0051,0.0638,0.0243,1.0400,sell
2021-10-22,212.9700,7077600,214.6000,216.7200,212.5800,-0.0064,-0.0188,-0.0593,-0.0243,-0.0267,17.6435,0.0065,-0.0062,-0.0055,0.0524,-0.1857,0.8440,hold
2021-10-25,212.8700,7239100,213.2500,213.9800,211.7000,-0.0005,-0.0189,-0.0600,-0.0186,-0.0253,14.3298,0.0064,-0.0076,-0.0056,0.1035,0.0228,0.8764,sell
2021-10-26,209.8100,11014500,213.1900,214.8500,208.1800,-0.0144,-0.0285,-0.0615,-0.0266,-0.0376,9.3682,0.0066,-0.0099,-0.0063,0.0223,0.5215,1.3224,sell
2021-10-27,206.6100,14761700,212.8500,212.9000,205.6400,-0.0153,-0.0442,-0.0684,-0.0346,-0.0509,1.2751,0.0072,-0.0129,-0.0074,-0.0211,0.3402,1.7943,buy
2021-10-28,207.8500,8825500,206.0000,208.7400,204.6000,0.0060,-0.0303,-0.0441,-0.0245,-0.0442,6.9638,0.0068,-0.0144,-0.0071,0.0896,-0.4021,1.0829,sell
2021-10-29,207.0300,8559500,206.8400,208.2400,205.2900,-0.0039,-0.0279,-0.0461,-0.0237,-0.0475,6.4574,0.0067,-0.0159,-0.0069,0.1089,-0.0301,1.0539,buy
2021-11-01,214.5800,9284900,207.0000,214.6900,206.8100,0.0365,0.0080,-0.0111,0.0130,-0.0130,33.3333,0.0147,-0.0134,-0.0038,0.4021,0.0847,1.1269,sell
2021-11-02,212.7700,6160200,213.8300,215.7200,210.7000,-0.0084,0.0141,-0.0148,0.0060,-0.0207,33.3086,0.0149,-0.0126,-0.0023,0.3525,-0.3365,0.7456,hold
2021-11-03,213.3800,4636100,211.4700,213.7600,210.8700,0.0029,0.0328,-0.0129,0.0102,-0.0172,41.2726,0.0149,-0.0114,-0.0009,0.3938,-0.2474,0.5698,hold
2021-11-04,213.0300,5849600,213.8000,214.8200,211.8700,-0.0016,0.0249,-0.0061,0.0092,-0.0181,41.3615,0.0147,-0.0105,0.0000,0.3990,0.2618,0.7274,buy
2021-11-05,224.4600,16936300,217.7000,224.5800,217.7000,0.0537,0.0842,0.0540,0.0576,0.0339,60.8155,0.0223,-0.0051,0.0039,0.9137,1.8953,1.9551,sell
2021-11-08,222.6800,9456100,225.2400,226.9900,222.1100,-0.0079,0.0377,0.0461,0.0444,0.0256,59.4908,0.0227,-0.0019,0.0057,0.8649,-0.4417,1.0781,sell
2021-11-09,220.7900,6863700,222.4900,222.8500,217.5400,-0.0085,0.0377,0.0523,0.0302,0.0166,56.2365,0.0222,-0.0000,0.0061,0.7925,-0.2742,0.7898,sell
2021-11-10,218.5000,8197600,219.3600,225.6800,217.2700,-0.0104,0.0240,0.0575,0.0139,0.0061,55.5467,0.0217,0.0006,0.0055,0.6936,0.1943,0.9436,hold
2021-11-11,219.3800,6567300,220.5000,222.6500,218.9000,0.0040,0.0298,0.0555,0.0126,0.0101,58.6598,0.0217,0.0015,0.0051,0.7306,-0.1989,0.7731,buy
2021-11-12,220.9600,6419900,219.7200,223.7500,218.9000,0.0072,-0.0156,0.0673,0.0133,0.0173,60.5092,0.0215,0.0027,0.0050,0.7913,-0.0224,0.7664,buy
2021-11-15,233.0900,21921900,227.3700,233.9400,226.9200,0.0549,0.0467,0.0863,0.0600,0.0717,74.4743,0.0248,0.0075,0.0078,1.1653,2.4147,2.3970,sell
2021-11-16,225.8000,10120200,232.9400,232.9500,225.5100,-0.0313,0.0227,0.0612,0.0208,0.0371,68.5770,0.0275,0.0092,0.0075,0.8450,-0.5384,1.0820,hold
2021-11-17,226.6200,10750900,229.5400,231.3200,224.2000,0.0036,0.0372,0.0620,0.0184,0.0394,68.3193,0.0275,0.0104,0.0070,0.8374,0.0623,1.1357,hold
2021-11-18,227.2500,10983700,230.3000,231.5000,224.9500,0.0028,0.0359,0.0668,0.0147,0.0410,69.8080,0.0274,0.0115,0.0065,0.8221,0.0217,1.1464,sell
2021-11-19,214.1300,20844100,225.0700,225.3300,213.2300,-0.0577,-0.0309,-0.0460,-0.0394,-0.0194,49.6025,0.0288,0.0081,0.0022,0.3853,0.8977,2.0297,sell
2021-11-22,209.9000,10764300,215.0000,215.0200,208.9500,-0.0198,-0.0995,-0.0574,-0.0530,-0.0384,47.5690,0.0292,0.0032,-0.0022,0.2537,-0.4836,1.0305,hold
2021-11-23,209.1300,8882800,211.5000,212.9900,207.7700,-0.0037,-0.0738,-0.0528,-0.0515,-0.0417,46.4099,0.0292,-0.0010,-0.0052,0.2309,-0.1748,0.8591,hold
2021-11-24,210.6000,5437600,207.5200,211.2200,206.8700,0.0070,-0.0707,-0.0362,-0.0414,-0.0347,47.9854,0.0294,-0.0037,-0.0063,0.2647,-0.3879,0.5507,sell
2021-11-26,199.2100,17636600,197.5700,199.4200,194.0000,-0.0541,-0.1234,-0.0919,-0.0848,-0.0857,29.0526,0.0332,-0.0107,-0.0107,-0.0449,2.2435,1.7100,hold
2021-11-29,198.5000,12276200,201.8700,204.2800,195.3300,-0.0036,-0.0730,-0.1016,-0.0786,-0.0877,29.5777,0.0328,-0.0163,-0.0130,-0.0079,-0.3039,1.1692,hold
2021-11-30,197.8500,12638900,196.0200,198.8200,193.8500,-0.0033,-0.0574,-0.1512,-0.0663,-0.0897,30.2105,0.0240,-0.0207,-0.0140,0.0450,0.0295,1.1848,sell
2021-12-01,188.1900,13268700,200.8100,201.6200,188.0000,-0.0488,-0.1001,-0.1666,-0.0958,-0.1325,26.8024,0.0258,-0.0293,-0.0177,-0.0663,0.0498,1.2038,buy
2021-12-02,202.3800,20435400,196.8000,202.5400,192.4100,0.0754,-0.0390,-0.1070,-0.0162,-0.0659,39.1912,0.0390,-0.0267,-0.0128,0.2556,0.5401,1.7300,sell
2021-12-03,198.4900,10742700,198.7000,199.9000,195.4200,-0.0192,-0.0036,-0.1266,-0.0214,-0.0819,36.1211,0.0388,-0.0282,-0.0112,0.2021,-0.4743,0.8910,buy
2021-12-06,205.8800,11587900,199.7700,206.4200,199.2000,0.0372,0.0372,-0.0385,0.0191,-0.0464,32.1480,0.0382,-0.0246,-0.0066,0.3665,0.0787,0.9829,buy
2021-12-07,208.8300,10387900,207.0600,211.6500,206.3800,0.0143,0.0555,-0.0051,0.0343,-0.0313,38.1940,0.0381,-0.0210,-0.0025,0.4393,-0.1036,0.8776,hold
2021-12-08,211.0300,6986800,209.1800,212.6800,207.7100,0.0105,0.1214,0.0091,0.0442,-0.0204,39.3584,0.0382,-0.0171,0.0009,0.4946,-0.3274,0.5900,sell
2021-12-09,207.5600,7011000,207.5300,208.5500,205.2000,-0.0164,0.0256,-0.0144,0.0286,-0.0350,37.0614,0.0385,-0.0156,0.0022,0.4328,0.0035,0.5950,sell
2021-12-10,205.0600,6040000,208.8100,209.0000,203.4800,-0.0120,0.0331,0.0294,0.0133,-0.0453,43.0732,0.0341,-0.0152,0.0022,0.3941,-0.1385,0.5137,sell
2021-12-13,197.4000,10619600,202.5000,202.8100,195.5500,-0.0374,-0.0412,-0.0055,-0.0241,-0.0785,40.9289,0.0365,-0.0182,-0.0001,0.2563,0.7582,0.8874,hold
2021-12-14,195.5000,8445100,195.6000,200.5000,195.1800,-0.0096,-0.0638,-0.0119,-0.0323,-0.0849,40.2685,0.0366,-0.0208,-0.0020,0.2298,-0.2048,0.7478,hold
2021-12-15,195.4300,10535900,195.2800,196.5800,190.3200,-0.0004,-0.0739,0.0385,-0.0361,-0.0828,38.9480,0.0325,-0.0226,-0.0030,0.2476,0.2476,0.9312,sell
2021-12-16,190.7900,8216800,197.0000,198.3200,190.4400,-0.0237,-0.0808,-0.0573,-0.0536,-0.1016,43.1965,0.0216,-0.0262,-0.0049,0.1465,-0.2201,0.7345,buy
2021-12-17,192.6300,12618300,190.2700,194.7700,187.8800,0.0096,-0.0606,-0.0295,-0.0417,-0.0901,45.3420,0.0216,-0.0272,-0.0050,0.1915,0.5357,1.1198,sell
2021-12-20,188.4800,10256400,188.1100,190.3600,185.2600,-0.0215,-0.0452,-0.0845,-0.0542,-0.1065,42.9559,0.0170,-0.0303,-0.0061,0.0962,-0.1872,0.9550,buy
2021-12-21,199.5200,12082300,190.2800,199.6900,190.0400,0.0586,0.0206,-0.0446,0.0059,-0.0517,58.3444,0.0266,-0.0258,-0.0023,0.4791,0.1780,1.1182,buy
2021-12-22,201.6900,8145300,199.4600,202.9300,197.9400,0.0109,0.0320,-0.0443,0.0217,-0.0394,49.3825,0.0267,-0.0221,0.0009,0.5702,-0.3258,0.7564,buy
2021-12-23,204.2200,7415200,202.1300,205.1300,201.3200,0.0125,0.0704,-0.0161,0.0363,-0.0257,55.2559,0.0268,-0.0180,0.0038,0.6838,-0.0896,0.6823,hold
2021-12-27,203.1700,7818900,201.9900,203.4300,199.1000,-0.0051,0.0547,-0.0092,0.0319,-0.0294,47.1870,0.0265,-0.0152,0.0053,0.6348,0.0544,0.7535,buy
2021-12-28,206.1300,8879700,202.2300,208.9400,201.6500,0.0146,0.0936,0.0442,0.0423,-0.0143,47.1980,0.0235,-0.0115,0.0070,0.7277,0.1357,0.8700,sell
2021-12-29,203.6600,6119000,205.3600,205.4100,202.6000,-0.0120,0.0207,0.0417,0.0256,-0.0248,42.3942,0.0236,-0.0097,0.0072,0.6245,-0.3109,0.6193,hold
2021-12-30,202.7100,7012600,203.0000,206.0000,202.6000,-0.0047,0.0051,0.0373,0.0171,-0.0281,44.7202,0.0238,-0.0085,0.0068,0.5687,0.1460,0.7329,hold
2021-12-31,201.3200,8053000,202.2000,203.6900,200.0300,-0.0069,-0.0142,0.0552,0.0048,-0.0334,45.8278,0.0221,-0.0080,0.0059,0.5141,0.1484,0.8999,buy
2022-01-03,207.8600,9060200,204.0000,210.5500,203.3400,0.0325,0.0231,0.0791,0.0296,-0.0014,61.9680,0.0237,-0.0047,0.0070,0.7557,0.1251,1.0221,buy
2022-01-04,213.6300,11414600,211.3000,214.5600,209.7800,0.0278,0.0364,0.1334,0.0452,0.0262,69.0561,0.0220,-0.0001,0.0091,0.9350,0.2599,1.2889,hold
2022-01-05,213.0700,11564700,216.6400,218.9300,211.8100,-0.0026,0.0462,0.0679,0.0356,0.0235,68.3521,0.0153,0.0032,0.0099,0.8898,0.0131,1.2973,sell
2022-01-06,211.3400,7142200,214.6400,216.0000,207.8600,-0.0081,0.0426,0.0478,0.0224,0.0151,72.7575,0.0159,0.0052,0.0096,0.8272,-0.3824,0.8005,buy
2022-01-07,215.5000,9526400,212.9800,218.3200,212.3800,0.0197,0.0704,0.0552,0.0369,0.0342,74.0889,0.0164,0.0081,0.0099,0.9280,0.3338,1.0528,sell
2022-01-10,209.3100,8229000,214.2600,215.2800,207.1300,-0.0287,0.0070,0.0302,0.0041,0.0043,71.0361,0.0195,0.0083,0.0081,0.7142,-0.1362,0.8986,buy
2022-01-11,216.0200,8098400,209.0000,217.0300,208.4100,0.0321,0.0112,0.0480,0.0314,0.0356,68.2603,0.0214,0.0103,0.0081,0.8790,-0.0159,0.8967,buy
2022-01-12,217.4500,9134500,217.0900,221.2400,216.3000,0.0066,0.0206,0.0677,0.0314,0.0422,67.7318,0.0205,0.0125,0.0083,0.8744,0.1279,1.0075,buy
2022-01-13,223.9000,17628000,222.2500,226.8900,220.0500,0.0297,0.0594,0.1045,0.0515,0.0720,70.3474,0.0213,0.0160,0.0095,0.9814,0.9298,1.8712,buy
2022-01-14,225.9600,8053500,222.1600,226.2000,220.2500,0.0092,0.0485,0.1224,0.0490,0.0805,73.0808,0.0204,0.0194,0.0104,0.9755,-0.5431,0.8556,hold
2022-01-18,225.0100,8930700,224.5000,229.6700,224.2600,-0.0042,0.0750,0.0825,0.0363,0.0748,69.9324,0.0196,0.0217,0.0101,0.9070,0.1089,0.9678,sell
2022-01-19,217.0800,9382800,225.1000,225.4200,216.9400,-0.0352,0.0049,0.0161,-0.0018,0.0376,62.7035,0.0225,0.0211,0.0073,0.6859,0.0506,1.0216,sell
2022-01-20,214.1900,7636800,217.3800,221.9500,213.4200,-0.0133,-0.0150,0.0053,-0.0156,0.0246,60.4821,0.0230,0.0190,0.0040,0.5806,-0.1861,0.8521,sell
2022-01-21,205.4400,11548500,213.7900,213.7900,204.5700,-0.0409,-0.0824,-0.0279,-0.0532,-0.0158,53.3162,0.0264,0.0142,-0.0011,0.2903,0.5122,1.2646,hold
2022-01-24,204.2000,13796500,199.8500,204.8000,192.5100,-0.0060,-0.0963,-0.0524,-0.0540,-0.0204,46.7793,0.0253,0.0093,-0.0050,0.2497,0.1947,1.4597,hold
2022-01-25,204.1000,8824500,200.1000,205.6300,197.5500,-0.0005,-0.0929,-0.0249,-0.0522,-0.0194,40.6843,0.0239,0.0052,-0.0072,0.2432,-0.3604,0.9287,sell
2022-01-26,194.2700,19974400,206.2100,206.2100,191.9200,-0.0482,-0.1051,-0.1007,-0.0886,-0.0643,34.4422,0.0245,-0.0020,-0.0121,-0.0025,1.2635,1.9862,sell
2022-01-27,189.7500,12670100,196.3800,199.7100,188.6400,-0.0233,-0.1141,-0.1274,-0.0981,-0.0822,32.9220,0.0241,-0.0100,-0.0162,-0.0417,-0.3657,1.2201,hold
2022-01-28,190.5700,10966700,188.7800,190.7200,183.7700,0.0043,-0.0724,-0.1489,-0.0796,-0.0751,29.1799,0.0200,-0.0156,-0.0174,0.0371,-0.1344,1.0364,buy
2022-01-31,200.2400,15504600,190.7300,200.3400,190.0000,0.0507,-0.0194,-0.1138,-0.0208,-0.0256,42.8414,0.0284,-0.0151,-0.0135,0.2699,0.4138,1.4154,buy
2022-02-01,208.3400,12265100,202.4800,208.8900,200.5000,0.0405,0.0208,-0.0741,0.0272,0.0156,44.0686,0.0328,-0.0114,-0.0079,0.4614,-0.2089,1.1035,hold
2022-02-02,207.5200,7843700,205.4300,208.3900,203.2100,-0.0039,0.0682,-0.0440,0.0280,0.0123,42.2579,0.0313,-0.0092,-0.0045,0.4490,-0.3605,0.7172,hold
2022-02-03,206.3900,7054700,206.0600,209.1000,204.2600,-0.0054,0.0877,-0.0364,0.0264,0.0071,35.1131,0.0312,-0.0078,-0.0025,0.4301,-0.1006,0.6587,hold
2022-02-04,206.4500,5952600,205.0000,208.2500,203.1000,0.0003,0.0833,0.0049,0.0262,0.0077,32.8287,0.0282,-0.0065,-0.0010,0.4374,-0.1562,0.5589,buy
2022-02-07,211.9200,11816900,205.7900,214.3700,205.4200,0.0265,0.0583,0.0378,0.0493,0.0342,39.3282,0.0292,-0.0033,0.0017,0.5723,0.9852,1.0977,hold
2022-02-08,213.2700,7356200,212.6800,213.8700,209.6900,0.0064,0.0237,0.0449,0.0513,0.0394,46.5206,0.0292,-0.0003,0.0037,0.5994,-0.3775,0.6861,buy
2022-02-09,215.8600,7587700,214.9100,217.0400,213.3000,0.0121,0.0402,0.1111,0.0528,0.0503,51.5335,0.0225,0.0029,0.0055,0.6615,0.0315,0.7094,buy
2022-02-10,218.7500,11695900,213.7100,223.2300,213.7000,0.0134,0.0599,0.1528,0.0520,0.0622,63.6962,0.0190,0.0064,0.0072,0.7277,0.5414,1.0805,sell
2022-02-11,212.3000,11443700,217.8700,221.4200,210.2700,-0.0295,0.0283,0.1140,0.0105,0.0284,57.5279,0.0235,0.0070,0.0062,0.5932,-0.0216,1.0883,sell
2022-02-14,210.0400,6481400,213.0000,215.6300,208.7600,-0.0106,-0.0089,0.0489,-0.0049,0.0167,55.3074,0.0197,0.0064,0.0045,0.5618,-0.4336,0.6210,buy
2022-02-15,217.7300,10448500,214.8400,219.5400,213.6900,0.0366,0.0209,0.0451,0.0269,0.0520,71.7949,0.0189,0.0084,0.0052,0.8025,0.6121,0.9939,hold
2022-02-16,218.9300,5698900,216.1000,219.6800,215.2800,0.0055,0.0142,0.0550,0.0270,0.0565,78.8911,0.0187,0.0104,0.0058,0.8304,-0.4546,0.5518,sell
2022-02-17,213.5800,6176600,218.4700,218.5800,212.6700,-0.0244,-0.0236,0.0348,-0.0014,0.0302,70.9068,0.0208,0.0102,0.0044,0.6769,0.0838,0.6023,sell
2022-02-18,209.0300,6973600,212.5600,214.7300,208.6000,-0.0213,-0.0154,0.0125,-0.0239,0.0084,58.8058,0.0222,0.0083,0.0019,0.5397,0.1290,0.6955,sell
2022-02-22,198.7400,10382100,205.0000,206.9000,197.8200,-0.0492,-0.0538,-0.0622,-0.0662,-0.0404,40.7870,0.0254,0.0026,-0.0033,0.2545,0.4888,1.0534,sell
2022-02-23,196.4200,7326300,201.1300,203.2500,195.9100,-0.0117,-0.0979,-0.0790,-0.0697,-0.0508,39.6455,0.0251,-0.0031,-0.0073,0.2099,-0.2943,0.7490,buy
2022-02-24,198.4300,12207600,189.2900,198.8600,186.8800,0.0102,-0.0936,-0.0807,-0.0524,-0.0412,42.6946,0.0249,-0.0067,-0.0087,0.2521,0.6663,1.2997,buy
2022-02-25,201.4800,8730300,201.0900,204.0700,199.1000,0.0154,-0.0567,-0.0789,-0.0298,-0.0270,45.6760,0.0251,-0.0081,-0.0080,0.3022,-0.2848,0.9494,buy
2022-02-28,205.3400,9859300,198.5800,207.3100,196.7500,0.0192,-0.0177,-0.0328,-0.0079,-0.0093,44.1103,0.0252,-0.0075,-0.0060,0.3845,0.1293,1.0787,sell
2022-03-01,194.9100,11799500,203.1100,203.5000,192.9300,-0.0508,-0.0193,-0.0720,-0.0513,-0.0600,35.8639,0.0294,-0.0118,-0.0081,0.0454,0.1968,1.3176,buy
2022-03-02,197.8100,7463400,196.2700,199.8500,194.6400,0.0149,0.0071,-0.0915,-0.0278,-0.0465,36.1686,0.0265,-0.0132,-0.0077,0.1779,-0.3675,0.8564,sell
2022-03-03,188.8500,12424500,197.9400,198.5000,188.7100,-0.0453,-0.0483,-0.1374,-0.0579,-0.0897,29.0381,0.0281,-0.0189,-0.0104,-0.0107,0.6647,1.3891,sell
2022-03-04,180.8400,13084000,187.3700,188.3200,178.9700,-0.0424,-0.1024,-0.1533,-0.0829,-0.1268,28.4166,0.0294,-0.0271,-0.0146,-0.0857,0.0531,1.4152,sell
2022-03-07,169.1700,12847500,181.0300,182.7200,169.0600,-0.0645,-0.1761,-0.1907,-0.1244,-0.1806,25.1671,0.0332,-0.0403,-0.0216,-0.1483,-0.0181,1.3396,buy
2022-03-08,173.8000,13715500,169.7300,180.8200,167.5800,0.0274,-0.1083,-0.1255,-0.0886,-0.1556,22.2769,0.0346,-0.0453,-0.0217,0.0249,0.0676,1.4161,buy
2022-03-09,178.5600,10062100,179.8000,182.8700,177.4100,0.0274,-0.0973,-0.0909,-0.0548,-0.1304,25.6190,0.0369,-0.0461,-0.0185,0.1497,-0.2664,1.0246,hold
2022-03-10,178.3900,8364100,175.7600,182.0200,175.3900,-0.0010,-0.0554,-0.1010,-0.0456,-0.1289,27.3289,0.0364,-0.0473,-0.0157,0.1827,-0.1688,0.8484,sell
2022-03-11,176.2300,9373600,183.5900,184.8600,175.9500,-0.0121,-0.0255,-0.1253,-0.0443,-0.1371,28.1973,0.0353,-0.0492,-0.0138,0.1810,0.1207,0.9621,hold
2022-03-14,175.5200,8138900,175.8800,178.2300,172.5700,-0.0040,0.0375,-0.1452,-0.0325,-0.1383,32.3126,0.0337,-0.0502,-0.0117,0.2020,-0.1317,0.8498,buy
2022-03-15,179.8900,8051500,176.3000,180.5000,175.6000,0.0249,0.0350,-0.0771,-0.0001,-0.1150,37.7899,0.0333,-0.0471,-0.0076,0.2938,-0.0107,0.8338,buy
2022-03-16,188.9900,12077500,183.3900,189.6000,182.3000,0.0506,0.0584,-0.0446,0.0557,-0.0685,43.6882,0.0376,-0.0391,-0.0012,0.4607,0.5000,1.2403,hold
2022-03-17,190.1900,8126600,186.3600,190.2400,185.2700,0.0063,0.0661,0.0071,0.0616,-0.0604,42.2597,0.0347,-0.0334,0.0034,0.5075,-0.3271,0.8243,buy
2022-03-18,192.8300,12849600,192.0700,193.3800,190.1000,0.0139,0.0942,0.0663,0.0692,-0.0455,41.2774,0.0312,-0.0273,0.0072,0.5879,0.5812,1.2606,sell
2022-03-21,185.9000,27369600,184.4000,187.2700,180.6100,-0.0359,0.0591,0.0989,0.0213,-0.0775,43.3954,0.0245,-0.0264,0.0075,0.4592,1.1300,2.4410,buy
2022-03-22,191.0400,14378500,185.2400,192.8600,184.5200,0.0276,0.0620,0.0992,0.0397,-0.0496,45.1952,0.0246,-0.0217,0.0090,0.5932,-0.4747,1.2599,sell
2022-03-23,186.0400,8297800,189.6700,190.1600,185.0300,-0.0262,-0.0156,0.0419,0.0083,-0.0724,47.8869,0.0261,-0.0211,0.0084,0.4832,-0.4229,0.7240,buy
2022-03-24,189.0500,7094400,186.3500,189.1900,184.7200,0.0162,-0.0060,0.0598,0.0188,-0.0548,56.6759,0.0263,-0.0182,0.0086,0.5729,-0.1450,0.6331,hold
2022-03-25,188.9500,6365600,187.7600,191.7000,186.9300,-0.0005,-0.0201,0.0722,0.0113,-0.0526,69.8117,0.0256,-0.0161,0.0086,0.5929,-0.1027,0.5741,hold
2022-03-28,188.1600,6904100,188.4300,189.2600,184.4700,-0.0042,0.0122,0.0720,0.0003,-0.0532,65.5816,0.0256,-0.0147,0.0081,0.6103,0.0846,0.6311,buy
2022-03-29,193.8000,8438700,191.6200,196.3600,191.2000,0.0300,0.0144,0.0773,0.0227,-0.0216,66.2266,0.0260,-0.0106,0.0092,0.7976,0.2223,0.7834,hold
2022-03-30,194.9100,9959300,192.3200,197.4500,191.3600,0.0057,0.0477,0.0313,0.0254,-0.0130,67.2443,0.0213,-0.0072,0.0100,0.8495,0.1802,0.9140,sell
2022-03-31,191.5000,6447900,195.0000,197.5800,191.4500,-0.0175,0.0130,0.0069,0.0067,-0.0278,65.5341,0.0222,-0.0059,0.0093,0.7267,-0.3526,0.6084,hold
2022-04-01,190.7600,4862100,192.5800,192.6200,188.7800,-0.0039,0.0096,-0.0107,0.0039,-0.0292,65.4941,0.0218,-0.0051,0.0081,0.6841,-0.2459,0.4773,hold
2022-04-04,191.1800,7792100,190.0200,191.8400,186.9100,0.0022,0.0161,0.0284,0.0034,-0.0257,62.4806,0.0179,-0.0042,0.0072,0.6836,0.6026,0.7844,sell
2022-04-05,182.6500,9371600,189.7000,192.3500,182.5200,-0.0446,-0.0575,-0.0439,-0.0372,-0.0671,42.9019,0.0212,-0.0073,0.0037,0.3318,0.2027,0.9645,sell
2022-04-06,178.7200,8173900,180.4000,180.5700,176.5800,-0.0215,-0.0831,-0.0393,-0.0542,-0.0848,37.8983,0.0207,-0.0115,-0.0002,0.1687,-0.1278,0.8495,hold
2022-04-07,177.9700,7517800,178.1300,178.6600,173.8700,-0.0042,-0.0707,-0.0586,-0.0526,-0.0871,33.6703,0.0194,-0.0149,-0.0029,0.1404,-0.0803,0.7848,sell
2022-04-08,175.2000,6524100,176.5400,178.1300,174.2400,-0.0156,-0.0816,-0.0728,-0.0605,-0.1000,37.0585,0.0196,-0.0189,-0.0054,0.0361,-0.1322,0.6913,hold
2022-04-11,175.0300,6001100,173.8400,179.6700,173.4000,-0.0010,-0.0845,-0.0698,-0.0548,-0.0994,27.9901,0.0197,-0.0218,-0.0065,0.0338,-0.0802,0.6432,buy
2022-04-12,176.2800,6125100,175.5000,178.5000,174.5300,0.0071,-0.0349,-0.0904,-0.0389,-0.0907,35.0399,0.0158,-0.0230,-0.0063,0.1072,0.0207,0.6633,buy
2022-04-13,182.8700,7399900,176.9600,183.4600,176.9600,0.0374,0.0232,-0.0618,0.0036,-0.0543,41.4641,0.0214,-0.0201,-0.0032,0.3737,0.2081,0.8222,hold
2022-04-14,181.9400,5144600,182.7500,185.5400,181.6400,-0.0051,0.0223,-0.0499,0.0038,-0.0566,40.5347,0.0210,-0.0187,-0.0014,0.3536,-0.3048,0.5813,sell
2022-04-18,179.8500,5042600,181.4500,182.4600,178.5500,-0.0115,0.0265,-0.0572,-0.0018,-0.0648,39.1599,0.0211,-0.0185,-0.0008,0.2950,-0.0198,0.5960,buy
2022-04-19,185.9800,7485600,180.3600,187.6100,180.2800,0.0341,0.0626,-0.0272,0.0352,-0.0309,39.9279,0.0245,-0.0147,0.0019,0.5347,0.4845,1.0026,sell
2022-04-20,183.5500,6824300,187.2400,187.3400,182.8600,-0.0131,0.0412,0.0049,0.0212,-0.0407,35.8495,0.0202,-0.0133,0.0029,0.4532,-0.0883,0.9627,sell
2022-04-21,181.0200,7446100,188.7300,189.8500,180.5500,-0.0138,-0.0101,0.0129,0.0058,-0.0508,36.6531,0.0193,-0.0131,0.0026,0.3629,0.0911,1.0568,sell
2022-04-22,176.9200,6372400,180.7800,182.6700,176.5000,-0.0226,-0.0276,-0.0059,-0.0164,-0.0685,33.7635,0.0208,-0.0149,0.0010,0.2290,-0.1442,0.9091,hold
2022-04-25,175.9100,6293100,174.5100,176.0800,172.4500,-0.0057,-0.0219,0.0041,-0.0224,-0.0696,32.3305,0.0202,-0.0164,-0.0003,0.2202,-0.0124,0.8982,sell
2022-04-26,167.0400,9277300,174.7600,174.8700,166.8500,-0.0504,-0.1018,-0.0456,-0.0675,-0.1122,32.0781,0.0259,-0.0224,-0.0044,-0.0150,0.4742,1.3021,sell
2022-04-27,154.4600,40371700,161.2500,161.2500,146.0000,-0.0753,-0.1585,-0.1238,-0.1271,-0.1742,26.7624,0.0337,-0.0349,-0.0123,-0.2060,3.3517,4.6289,hold
2022-04-28,154.2200,13518800,156.6100,156.7900,149.0000,-0.0016,-0.1480,-0.1567,-0.1141,-0.1699,27.0265,0.0293,-0.0430,-0.0163,-0.0903,-0.6651,1.5190,sell
2022-04-29,148.8400,10880300,153.4400,157.0300,148.5200,-0.0349,-0.1587,-0.1819,-0.1285,-0.1927,25.7274,0.0295,-0.0535,-0.0207,-0.0875,-0.1952,1.1929,hold
2022-05-02,148.6100,12399200,148.0200,149.4500,143.3800,-0.0015,-0.1552,-0.1737,-0.1136,-0.1883,25.6990,0.0300,-0.0601,-0.0218,-0.0045,0.1396,1.3054,buy
2022-05-03,153.5800,10149500,149.0900,154.4500,147.9100,0.0334,-0.0806,-0.1742,-0.0659,-0.1560,30.4580,0.0299,-0.0598,-0.0182,0.1348,-0.1814,1.0555,buy
2022-05-04,156.9700,9550600,152.9100,157.1400,150.7700,0.0221,0.0163,-0.1448,-0.0296,-0.1334,26.4031,0.0325,-0.0575,-0.0134,0.2309,-0.0590,0.9923,sell
2022-05-05,150.4700,7950800,155.6900,157.9900,149.0500,-0.0414,-0.0243,-0.1688,-0.0519,-0.1650,23.9702,0.0336,-0.0618,-0.0127,0.1485,-0.1675,0.8270,sell
2022-05-06,148.9000,7697900,149.9600,150.9000,145.8500,-0.0104,0.0004,-0.1584,-0.0449,-0.1692,24.1782,0.0336,-0.0641,-0.0115,0.1609,-0.0318,0.8000,sell
2022-05-09,133.3100,12593800,146.0000,146.9500,132.6500,-0.1047,-0.1030,-0.2422,-0.1209,-0.2505,12.0478,0.0432,-0.0815,-0.0182,-0.0122,0.6360,1.2687,hold
2022-05-10,132.9500,11781400,136.7600,137.8400,130.3300,-0.0027,-0.1343,-0.2041,-0.1031,-0.2464,12.4183,0.0429,-0.0888,-0.0203,0.0556,-0.0645,1.1533,sell
2022-05-11,129.3900,11388400,132.9500,138.9600,129.1100,-0.0268,-0.1757,-0.1623,-0.1121,-0.2610,12.2312,0.0387,-0.0981,-0.0222,0.0710,-0.0334,1.0868,sell
2022-05-12,123.1400,15891300,126.8900,128.5300,120.2800,-0.0483,-0.1816,-0.2015,-0.1366,-0.2907,11.8582,0.0395,-0.1116,-0.0255,0.0541,0.3954,1.4575,buy
2022-05-13,127.2000,20891500,124.9800,130.8000,122.3800,0.0330,-0.1457,-0.1454,-0.0944,-0.2621,16.8865,0.0426,-0.1107,-0.0219,0.1464,0.3147,1.7871,sell
2022-05-16,124.0500,10631600,127.0500,131.1200,122.3500,-0.0248,-0.0695,-0.1653,-0.1011,-0.2756,18.3105,0.0425,-0.1164,-0.0202,0.1477,-0.4911,0.8882,buy
2022-05-17,132.0500,12154200,126.9100,132.8300,125.7900,0.0645,-0.0068,-0.1402,-0.0279,-0.2255,32.2846,0.0474,-0.1054,-0.0120,0.2663,0.1432,0.9960,sell
2022-05-18,125.5200,9567600,130.3400,132.1000,124.3600,-0.0495,-0.0299,-0.2004,-0.0541,-0.2596,29.3644,0.0468,-0.1105,-0.0098,0.2050,-0.2128,0.7753,hold
2022-05-19,127.1400,8075800,124.4000,128.4000,123.7000,0.0129,0.0325,-0.1550,-0.0247,-0.2455,33.5056,0.0473,-0.1066,-0.0057,0.2455,-0.1559,0.6528,sell
2022-05-20,120.7000,18822200,128.7700,128.8500,117.0800,-0.0507,-0.0511,-0.1894,-0.0537,-0.2787,30.6154,0.0485,-0.1131,-0.0055,0.1729,1.3307,1.4485,buy
2022-05-23,124.0700,9341500,121.7000,124.4800,120.3400,0.0279,0.0002,-0.0693,-0.0201,-0.2540,29.0382,0.0401,-0.1073,-0.0021,0.2377,-0.5037,0.7106,sell
2022-05-24,119.4000,9092400,122.4400,122.7000,117.2900,-0.0376,-0.0958,-0.1019,-0.0468,-0.2772,23.7896,0.0412,-0.1111,-0.0014,0.1763,-0.0267,0.6921,buy
2022-05-25,122.0600,7707900,119.1700,122.6000,118.7600,0.0223,-0.0276,-0.0567,-0.0199,-0.2558,29.0579,0.0419,-0.1054,0.0015,0.2506,-0.1523,0.6700,buy
2022-05-26,127.7300,8333900,123.1000,128.8400,122.7400,0.0465,0.0046,0.0373,0.0219,-0.2154,35.2843,0.0418,-0.0936,0.0069,0.3774,0.0812,0.7411,buy
2022-05-27,132.2300,7261500,128.7700,132.2300,128.3200,0.0352,0.0955,0.0395,0.0537,-0.1820,49.1124,0.0419,-0.0812,0.0126,0.4843,-0.1287,0.6563,hold
2022-05-31,131.4000,7953700,131.0300,132.9900,128.8600,-0.0063,0.0591,0.0593,0.0410,-0.1809,48.7359,0.0409,-0.0741,0.0163,0.4842,0.0953,0.7336,hold
2022-06-01,130.6500,9991600,133.0000,134.3300,127.0100,-0.0057,0.0942,-0.0106,0.0362,-0.1799,51.0769,0.0355,-0.0681,0.0182,0.4922,0.2562,0.9222,buy
2022-06-02,140.5000,12777000,132.1400,140.5500,131.8700,0.0754,0.1511,0.1193,0.1012,-0.1124,63.9775,0.0382,-0.0524,0.0223,0.8085,0.2788,1.1620,hold
2022-06-03,139.2500,10091800,138.5200,140.7000,137.5900,-0.0089,0.0902,0.0952,0.0811,-0.1151,60.1619,0.0388,-0.0443,0.0249,0.8328,-0.2102,0.9090,hold
2022-06-06,139.2400,6354800,139.9900,141.1400,136.8300,-0.0001,0.0530,0.1536,0.0657,-0.1095,63.5263,0.0329,-0.0370,0.0257,0.9126,-0.3703,0.5759,buy
2022-06-07,140.8200,5436100,137.4900,141.2400,135.9100,0.0113,0.0717,0.1350,0.0642,-0.0938,58.8176,0.0325,-0.0297,0.0258,0.9281,-0.1446,0.5091,hold
2022-06-08,139.6300,5833700,139.1300,142.2100,138.4400,-0.0085,0.0687,0.1694,0.0393,-0.0958,65.8932,0.0285,-0.0249,0.0249,0.8523,0.0731,0.5620,sell
2022-06-09,133.7300,6010100,139.3500,139.6600,133.7000,-0.0423,-0.0482,0.0956,-0.0132,-0.1273,56.7701,0.0338,-0.0250,0.0216,0.6319,0.0302,0.5944,sell
2022-06-10,127.0000,7770700,130.2700,132.1900,126.8500,-0.0503,-0.0880,-0.0057,-0.0624,-0.1638,56.4338,0.0359,-0.0295,0.0157,0.3830,0.2929,0.8007,sell
2022-06-13,115.8600,16778500,123.0000,123.2500,114.1400,-0.0877,-0.1679,-0.1238,-0.1341,-0.2294,42.7640,0.0429,-0.0423,0.0058,0.0445,1.1592,1.7663,buy
2022-06-14,122.1600,17549800,116.6500,122.1900,113.0200,0.0544,-0.1325,-0.0703,-0.0807,-0.1801,52.3646,0.0478,-0.0430,0.0021,0.2584,0.0460,1.7826,buy
2022-06-15,133.7200,25997800,124.3500,134.9900,123.8300,0.0946,-0.0423,0.0235,0.0040,-0.0955,58.6679,0.0575,-0.0339,0.0058,0.6326,0.4814,2.4672,hold
2022-06-16,133.3600,19543600,131.7000,135.3400,131.2600,-0.0027,-0.0028,-0.0508,0.0067,-0.0919,54.5440,0.0517,-0.0297,0.0081,0.6084,-0.2483,1.7709,buy
2022-06-17,136.8000,16042500,132.2500,138.9800,131.5000,0.0258,0.0772,-0.0176,0.0345,-0.0631,53.7527,0.0525,-0.0233,0.0108,0.7019,-0.1791,1.4030,hold
2022-06-21,136.7500,10519900,139.1700,140.9400,135.8400,-0.0004,0.1803,-0.0179,0.0361,-0.0581,54.4502,0.0525,-0.0187,0.0124,0.6801,-0.3442,0.9547,hold
2022-06-22,137.1600,7713300,134.0300,138.7900,133.2800,0.0030,0.1228,-0.0260,0.0421,-0.0503,55.4459,0.0523,-0.0145,0.0132,0.6742,-0.2668,0.7052,sell
2022-06-23,133.9700,10746900,136.4200,137.4200,130.0900,-0.0233,0.0019,-0.0405,0.0223,-0.0671,43.8524,0.0528,-0.0133,0.0120,0.5464,0.3933,0.9752,buy
2022-06-24,141.5300,13626200,135.0100,141.8700,134.9500,0.0564,0.0613,0.0583,0.0736,-0.0097,51.9185,0.0538,-0.0070,0.0136,0.7963,0.2679,1.2041,sell
2022-06-27,138.7200,8457400,140.2800,140.5700,136.2200,-0.0199,0.0140,0.0923,0.0430,-0.0233,49.5821,0.0510,-0.0043,0.0134,0.6712,-0.3793,0.7469,hold
2022-06-28,138.7000,12125400,140.8900,147.1800,138.5400,-0.0001,0.0143,0.1971,0.0252,-0.0175,48.2525,0.0383,-0.0020,0.0126,0.6568,0.4337,1.0484,hold
2022-06-29,138.4500,7489200,138.6100,138.9200,134.8400,-0.0018,0.0094,0.1333,0.0112,-0.0134,49.0120,0.0366,-0.0003,0.0114,0.6338,-0.3824,0.6488,sell
2022-06-30,136.7200,8455100,134.3000,137.4900,131.6000,-0.0125,0.0205,0.0224,-0.0036,-0.0189,52.6913,0.0233,0.0001,0.0095,0.5577,0.1290,0.7374,buy
2022-07-01,139.8400,7627100,135.8800,141.7900,135.4000,0.0228,-0.0119,0.0486,0.0143,0.0098,62.3604,0.0241,0.0021,0.0091,0.6785,-0.0979,0.6805,sell
2022-07-05,137.7000,10065900,136.2500,138.0700,131.2900,-0.0153,-0.0074,0.0066,-0.0018,0.0007,75.4308,0.0237,0.0025,0.0077,0.6003,0.3198,0.8982,sell
2022-07-06,136.3100,6608000,137.5400,138.7100,134.4600,-0.0101,-0.0172,-0.0032,-0.0116,-0.0036,68.6037,0.0239,0.0020,0.0057,0.5530,-0.3435,0.5890,buy
2022-07-07,139.9700,7674400,137.9300,142.2800,137.9000,0.0269,0.0110,0.0205,0.0129,0.0286,60.3717,0.0254,0.0036,0.0058,0.6981,0.1614,0.6772,hold
2022-07-08,139.0700,5655500,139.7000,140.7400,137.3700,-0.0064,0.0172,0.0381,0.0027,0.0262,59.3088,0.0240,0.0043,0.0052,0.6645,-0.2631,0.4995,sell
2022-07-11,136.9900,6176500,137.7700,139.2400,134.8900,-0.0150,-0.0204,-0.0321,-0.0091,0.0135,50.3241,0.0160,0.0037,0.0037,0.5764,0.0921,0.5451,buy
2022-07-12,147.1500,18598200,136.8600,149.3200,136.8100,0.0742,0.0686,0.0608,0.0579,0.0898,63.1913,0.0281,0.0084,0.0068,0.9185,2.0111,1.5665,sell
2022-07-13,143.9500,9038700,142.7900,146.4100,142.1800,-0.0217,0.0560,0.0379,0.0310,0.0668,58.0431,0.0295,0.0107,0.0072,0.8333,-0.5140,0.7870,buy
2022-07-14,147.1500,9456100,141.1100,147.4900,140.6100,0.0222,0.0513,0.0628,0.0474,0.0908,65.6087,0.0299,0.0137,0.0082,1.0498,0.0462,0.8534,hold
2022-07-15,147.7400,7910400,149.1700,149.7400,144.6500,0.0040,0.0623,0.0806,0.0435,0.0961,58.8085,0.0292,0.0164,0.0087,1.0020,-0.1635,0.7773,hold
2022-07-18,147.7200,13948500,153.3100,155.9400,147.2000,-0.0001,0.0783,0.0564,0.0375,0.0975,63.8632,0.0288,0.0183,0.0085,0.9427,0.7633,1.4094,buy
2022-07-19,156.1300,14183000,149.6100,156.2800,148.9700,0.0569,0.0610,0.1338,0.0826,0.1590,71.3342,0.0318,0.0228,0.0108,1.1827,0.0168,1.4467,buy
2022-07-20,158.3800,8668600,156.0000,159.4000,154.2600,0.0144,0.1002,0.1619,0.0816,0.1740,73.2556,0.0307,0.0276,0.0127,1.1119,-0.3888,0.8926,buy
2022-07-21,161.4100,8044100,158.8900,161.6600,156.1900,0.0191,0.0969,0.1532,0.0864,0.1915,77.9615,0.0305,0.0322,0.0140,1.0796,-0.0720,0.8269,sell
2022-07-22,158.1600,7594900,161.8000,163.3400,157.7700,-0.0201,0.0705,0.1373,0.0511,0.1632,70.6865,0.0319,0.0350,0.0131,0.9183,-0.0558,0.7936,sell
2022-07-25,156.6400,5764700,156.9400,157.3100,152.8400,-0.0096,0.0604,0.1434,0.0275,0.1474,71.6903,0.0314,0.0358,0.0110,0.8320,-0.2410,0.6282,hold
2022-07-26,155.9200,6053100,155.2400,158.1800,154.5000,-0.0046,-0.0013,0.0596,0.0170,0.1367,72.8076,0.0235,0.0356,0.0085,0.7802,0.0500,0.6683,hold
2022-07-27,156.0900,16356600,161.1200,162.7400,152.8000,0.0011,-0.0145,0.0843,0.0101,0.1332,70.4051,0.0215,0.0349,0.0063,0.7577,1.7022,1.7648,buy
2022-07-28,159.0900,8729100,154.0200,160.1000,153.0300,0.0192,-0.0144,0.0811,0.0216,0.1491,74.0625,0.0213,0.0349,0.0055,0.8088,-0.4663,0.9356,hold
2022-07-29,159.3100,5743500,157.9500,159.8400,155.5400,0.0014,0.0073,0.0783,0.0155,0.1462,78.0825,0.0214,0.0350,0.0045,0.7860,-0.3420,0.6246,buy
2022-08-01,169.0700,18321600,165.9500,171.7600,164.2500,0.0613,0.0794,0.1445,0.0632,0.2088,77.8597,0.0269,0.0374,0.0069,0.9806,2.1900,1.8831,sell
2022-08-02,163.2800,10874300,167.0000,167.3300,163.1400,-0.0342,0.0472,0.0458,0.0222,0.1614,73.0503,0.0262,0.0390,0.0060,0.7995,-0.4065,1.1130,buy
2022-08-03,166.6400,6709100,164.5100,167.5200,162.3300,0.0206,0.0676,0.0522,0.0379,0.1776,73.1528,0.0265,0.0396,0.0058,0.8564,-0.3830,0.6863,hold
2022-08-04,166.5000,5039600,165.7700,168.1200,164.4100,-0.0008,0.0466,0.0315,0.0337,0.1696,72.5264,0.0261,0.0402,0.0051,0.8216,-0.2488,0.5226,sell
2022-08-05,165.0400,4709100,164.4000,167.0700,163.9300,-0.0088,0.0360,0.0435,0.0203,0.1520,70.1021,0.0252,0.0398,0.0035,0.7608,-0.0656,0.4907,hold
2022-08-08,165.8900,11293200,166.4100,171.0900,164.7100,0.0052,-0.0188,0.0591,0.0197,0.1509,63.7387,0.0247,0.0390,0.0023,0.7765,1.3982,1.1463,hold
2022-08-09,164.8500,6064800,166.5100,166.5100,163.4500,-0.0063,0.0096,0.0573,0.0078,0.1378,59.4287,0.0248,0.0379,0.0007,0.7199,-0.4630,0.6574,buy
2022-08-10,169.0200,7181700,168.3500,171.1400,167.2500,0.0253,0.0143,0.0828,0.0252,0.1607,60.7334,0.0254,0.0374,0.0009,0.8430,0.1842,0.7864,hold
2022-08-11,167.8800,4996800,170.5000,171.7600,167.0500,-0.0067,0.0083,0.0553,0.0129,0.1471,64.5771,0.0255,0.0370,0.0003,0.7815,-0.3042,0.5608,buy
2022-08-12,169.9900,4345200,168.3900,170.1100,167.5700,0.0126,0.0300,0.0670,0.0190,0.1553,69.6729,0.0255,0.0367,0.0003,0.8463,-0.1304,0.4977,hold
2022-08-15,170.4700,4734700,169.2900,172.5500,168.3200,0.0028,0.0276,0.0083,0.0210,0.1539,71.5939,0.0169,0.0365,0.0001,0.8629,0.0896,0.5725,buy
2022-08-16,172.0800,5259600,170.0000,173.8500,169.1500,0.0094,0.0439,0.0539,0.0253,0.1596,72.7583,0.0117,0.0364,0.0003,0.8935,0.1109,0.6722,sell
2022-08-17,167.2000,6533500,169.6100,169.8500,166.0900,-0.0284,-0.0108,0.0034,-0.0041,0.1225,60.9565,0.0145,0.0349,-0.0018,0.6440,0.2422,0.8466,buy
2022-08-18,168.6900,4404600,167.2000,169.1800,165.7700,0.0089,0.0048,0.0132,0.0034,0.1283,62.2518,0.0147,0.0329,-0.0028,0.6967,-0.3258,0.5845,sell
2022-08-19,162.9200,5736100,166.3300,166.8400,162.5800,-0.0342,-0.0416,-0.0128,-0.0297,0.0863,41.0324,0.0184,0.0295,-0.0059,0.4047,0.3023,0.7707,sell
2022-08-22,158.9800,5312300,159.4000,160.2700,157.9100,-0.0242,-0.0674,-0.0417,-0.0492,0.0565,43.3724,0.0196,0.0242,-0.0097,0.1911,-0.0739,0.7160,buy
2022-08-23,160.0700,3425200,159.1400,161.6900,159.0800,0.0069,-0.0698,-0.0290,-0.0399,0.0591,39.1117,0.0199,0.0197,-0.0112,0.2174,-0.3552,0.4699,buy
2022-08-24,163.6000,4211300,162.2700,164.1400,161.3800,0.0221,-0.0215,-0.0321,-0.0156,0.0756,45.6794,0.0194,0.0174,-0.0103,0.3790,0.2295,0.6303,buy
2022-08-25,169.3800,4949400,164.5600,169.6500,163.7000,0.0353,0.0041,0.0089,0.0183,0.1067,55.7286,0.0228,0.0179,-0.0070,0.7214,0.1753,0.7624,sell
2022-08-26,164.5300,4957400,170.0000,171.3700,164.2700,-0.0286,0.0099,-0.0321,-0.0076,0.0707,48.3763,0.0241,0.0168,-0.0071,0.3712,0.0016,0.7682,hold
2022-08-29,165.4200,4727600,162.2800,166.9000,162.2000,0.0054,0.0405,-0.0296,0.0008,0.0721,50.6830,0.0242,0.0156,-0.0065,0.4482,-0.0464,0.8189,sell
2022-08-30,162.2100,6248600,167.2700,169.9200,160.7200,-0.0194,0.0134,-0.0574,-0.0127,0.0478,41.6483,0.0243,0.0133,-0.0074,0.2197,0.3217,1.1275,sell
2022-08-31,160.2500,4123500,163.0000,163.5500,160.1400,-0.0121,-0.0205,-0.0416,-0.0205,0.0320,40.8271,0.0232,0.0103,-0.0085,0.1259,-0.3401,0.7618,sell
2022-09-01,153.6600,7652000,158.0000,158.9000,150.8200,-0.0411,-0.0928,-0.0891,-0.0521,-0.0125,32.2770,0.0254,0.0046,-0.0120,-0.1286,0.8557,1.3804,sell
2022-09-02,151.8200,5262800,155.1900,156.9900,151.4800,-0.0120,-0.0773,-0.0681,-0.0570,-0.0266,30.3395,0.0238,-0.0013,-0.0145,-0.0806,-0.3122,0.9447,hold
2022-09-06,152.3900,5210500,152.3900,154.4800,150.4600,0.0038,-0.0788,-0.0415,-0.0495,-0.0243,28.7778,0.0232,-0.0055,-0.0150,0.0298,-0.0099,0.9893,buy
2022-09-07,155.9500,5298600,151.2600,156.3500,150.8700,0.0234,-0.0386,-0.0257,-0.0248,-0.0037,37.5194,0.0246,-0.0068,-0.0128,0.2069,0.0169,1.0134,buy
2022-09-08,157.7900,4949100,155.0000,158.3000,153.8400,0.0118,-0.0154,-0.0355,-0.0097,0.0056,38.0009,0.0237,-0.0068,-0.0102,0.3012,-0.0660,0.9672,hold
2022-09-09,157.5200,5775800,158.0000,159.7500,156.9500,-0.0017,0.0251,-0.0700,-0.0040,0.0015,43.2365,0.0195,-0.0069,-0.0083,0.3106,0.1670,1.1202,buy
2022-09-12,158.7200,5363100,158.4600,160.9700,157.4500,0.0076,0.0454,-0.0353,0.0073,0.0063,49.6504,0.0183,-0.0063,-0.0061,0.3767,-0.0715,1.0300,sell
2022-09-13,147.3100,8724900,153.6000,155.1900,147.1300,-0.0719,-0.0333,-0.1095,-0.0543,-0.0669,36.5684,0.0280,-0.0124,-0.0097,-0.0129,0.6268,1.6138,buy
2022-09-14,149.2600,8478000,146.9000,149.7000,144.3000,0.0132,-0.0429,-0.0798,-0.0337,-0.0560,34.3859,0.0288,-0.0154,-0.0102,0.0987,-0.0283,1.5228,hold
2022-09-15,149.7800,9792800,147.8800,153.4500,147.2800,0.0035,-0.0508,-0.0653,-0.0237,-0.0543,25.8977,0.0290,-0.0173,-0.0097,0.1574,0.1551,1.7090,sell
2022-09-16,144.2900,10310700,145.2300,145.6300,141.3500,-0.0367,-0.0840,-0.0610,-0.0537,-0.0895,25.4963,0.0284,-0.0225,-0.0117,0.0113,0.0529,1.7112,hold
2022-09-19,144.8800,5150700,142.6200,146.9900,142.3500,0.0041,-0.0872,-0.0457,-0.0455,-0.0864,24.9512,0.0285,-0.0253,-0.0116,0.0923,-0.5005,0.8590,hold
2022-09-20,145.9400,6737600,145.2600,147.6700,143.9000,0.0073,-0.0093,-0.0423,-0.0344,-0.0808,29.0605,0.0286,-0.0265,-0.0103,0.1690,0.3081,1.1104,sell
2022-09-21,143.2900,6244300,146.7700,149.8700,143.2100,-0.0182,-0.0400,-0.0812,-0.0440,-0.0970,28.5534,0.0272,-0.0293,-0.0103,0.1290,-0.0732,1.0058,sell
2022-09-22,138.7100,6311800,143.1300,143.7000,138.2900,-0.0320,-0.0739,-0.1209,-0.0626,-0.1253,30.0826,0.0271,-0.0344,-0.0118,0.0514,0.0108,0.9997,sell
2022-09-23,131.2600,8927900,135.6500,136.1900,129.5000,-0.0537,-0.0903,-0.1667,-0.0969,-0.1706,26.1706,0.0297,-0.0439,-0.0160,-0.0765,0.4145,1.3709,sell
2022-09-26,127.3400,7095100,129.7700,132.4500,126.8800,-0.0299,-0.1211,-0.1977,-0.1045,-0.1933,23.0587,0.0285,-0.0532,-0.0196,-0.0693,-0.2053,1.0719,hold
2022-09-27,127.5100,6682300,129.3200,130.4500,125.6000,0.0013,-0.1263,-0.1344,-0.0907,-0.1902,17.0070,0.0230,-0.0587,-0.0201,0.0071,-0.0582,0.9948,buy
2022-09-28,133.4400,10257200,128.0400,133.8900,127.4000,0.0465,-0.0687,-0.1060,-0.0375,-0.1500,24.2001,0.0290,-0.0561,-0.0154,0.1819,0.5350,1.4828,sell
2022-09-29,125.3300,8905400,131.2000,131.6100,123.8000,-0.0608,-0.0965,-0.1632,-0.0798,-0.1983,20.7523,0.0324,-0.0642,-0.0167,0.0496,-0.1318,1.2444,sell
2022-09-30,121.0800,8383000,123.1400,125.4800,120.9900,-0.0339,-0.0776,-0.1609,-0.0956,-0.2215,17.5964,0.0322,-0.0721,-0.0183,0.0324,-0.0587,1.1654,buy
2022-10-03,126.0500,7962400,122.0000,127.1500,121.0200,0.0410,-0.0101,-0.1300,-0.0450,-0.1862,29.4152,0.0367,-0.0696,-0.0144,0.1760,-0.0502,1.0866,buy
2022-10-04,133.5100,7235700,129.4000,133.5700,129.3300,0.0592,0.0471,-0.0852,0.0211,-0.1354,36.2205,0.0430,-0.0608,-0.0069,0.3463,-0.0913,0.9739,hold
2022-10-05,132.1100,6268300,130.2800,133.5500,128.2600,-0.0105,-0.0100,-0.0780,0.0191,-0.1419,34.7751,0.0429,-0.0576,-0.0025,0.3368,-0.1337,0.8383,hold
2022-10-06,132.2000,4454700,131.1300,133.3100,129.7400,0.0007,0.0548,-0.0469,0.0249,-0.1386,38.5142,0.0421,-0.0539,0.0009,0.3575,-0.2893,0.5977,sell
2022-10-07,129.7900,5097400,130.3600,130.6100,128.0200,-0.0182,0.0719,-0.0112,0.0074,-0.1511,36.1432,0.0388,-0.0528,0.0024,0.3212,0.1443,0.6871,buy
2022-10-10,131.9000,6829900,131.4200,135.7400,130.2000,0.0163,0.0464,0.0358,0.0202,-0.1341,37.3513,0.0376,-0.0485,0.0047,0.3918,0.3399,0.9116,hold
2022-10-11,131.5700,8508400,132.9600,135.3600,129.5100,-0.0025,-0.0145,0.0318,0.0144,-0.1320,38.9808,0.0377,-0.0456,0.0062,0.4003,0.2458,1.1372,hold
2022-10-12,130.4200,6393000,128.4300,131.3400,127.8600,-0.0087,-0.0128,-0.0226,0.0079,-0.1359,41.6683,0.0346,-0.0437,0.0068,0.3854,-0.2486,0.8666,buy
2022-10-13,132.4000,7842300,126.5000,134.7000,124.1700,0.0152,0.0015,0.0564,0.0177,-0.1188,51.2873,0.0279,-0.0396,0.0081,0.4729,0.2267,1.0773,hold
2022-10-14,133.1500,6093900,135.5900,136.4100,131.3700,0.0057,0.0259,0.0997,0.0140,-0.1098,57.0664,0.0242,-0.0358,0.0093,0.5217,-0.2229,0.8621,buy
2022-10-17,136.0900,9073500,136.9800,137.2800,133.2600,0.0221,0.0318,0.0797,0.0285,-0.0866,59.7767,0.0222,-0.0302,0.0112,0.6698,0.4889,1.2489,buy
2022-10-18,137.3400,6146300,139.0000,139.4200,135.2200,0.0092,0.0439,0.0287,0.0350,-0.0747,54.9745,0.0131,-0.0251,0.0127,0.7819,-0.3226,0.8494,buy
2022-10-19,138.3900,6321900,137.1700,141.2000,136.6300,0.0076,0.0611,0.0475,0.0380,-0.0643,70.3174,0.0122,-0.0203,0.0138,0.8860,0.0286,0.8732,buy
2022-10-20,139.1300,4331700,138.3600,141.8800,138.3600,0.0053,0.0508,0.0524,0.0381,-0.0555,81.5229,0.0122,-0.0159,0.0144,0.9227,-0.3148,0.6066,buy
2022-10-21,141.3200,5451300,138.4800,141.3300,136.6200,0.0157,0.0614,0.0888,0.0455,-0.0371,79.5358,0.0093,-0.0109,0.0151,0.9642,0.2585,0.7825,buy
2022-10-24,142.0500,5177800,142.8500,142.8800,139.2800,0.0052,0.0438,0.0770,0.0431,-0.0285,72.3327,0.0089,-0.0066,0.0154,0.9340,-0.0502,0.7536,buy
2022-10-25,146.6500,6515600,142.0900,146.8800,141.8800,0.0324,0.0678,0.1146,0.0650,0.0063,82.5717,0.0111,-0.0007,0.0166,1.0357,0.2584,0.9495,sell
2022-10-26,133.7900,29406500,147.0500,150.1400,132.2100,-0.0877,-0.0332,0.0258,-0.0307,-0.0771,52.2656,0.0331,-0.0034,0.0124,0.5032,3.5132,3.7604,buy
2022-10-27,139.7600,13754900,137.1000,143.1000,136.6200,0.0446,0.0045,0.0556,0.0072,-0.0323,62.8978,0.0355,-0.0019,0.0106,0.7276,-0.5322,1.7060,buy
2022-10-28,143.8400,7941100,141.1600,144.7300,139.9300,0.0292,0.0178,0.0803,0.0286,-0.0006,64.6972,0.0362,0.0015,0.0109,0.8897,-0.4227,0.9877,hold
2022-10-31,142.5100,6212200,141.8800,144.4500,139.5200,-0.0092,0.0032,0.0472,0.0145,-0.0070,63.1427,0.0363,0.0034,0.0103,0.8046,-0.2177,0.7811,hold
2022-11-01,143.3800,5758600,143.9900,145.2500,141.8400,0.0061,-0.0223,0.0440,0.0163,0.0012,65.6749,0.0362,0.0053,0.0098,0.8120,-0.0730,0.7309,buy
2022-11-02,147.4100,20236100,142.1200,153.5900,141.5400,0.0281,0.1018,0.0652,0.0382,0.0312,67.2966,0.0370,0.0088,0.0105,0.9376,2.5141,2.3592,buy
2022-11-03,156.7500,16212600,148.7900,158.6900,147.5000,0.0634,0.1216,0.1266,0.0905,0.0976,72.7010,0.0410,0.0156,0.0137,1.1509,-0.1988,1.7689,buy
2022-11-04,160.0100,9396200,156.6600,160.9800,154.5000,0.0208,0.1124,0.1323,0.0989,0.1219,72.8681,0.0411,0.0223,0.0164,1.1138,-0.4204,1.0017,buy
2022-11-07,164.9100,10220300,161.4000,166.7000,160.6300,0.0306,0.1572,0.1609,0.1150,0.1562,74.6381,0.0413,0.0291,0.0187,1.1066,0.0877,1.0702,buy
2022-11-08,169.6200,11274500,166.0000,170.5500,164.9100,0.0286,0.1830,0.1566,0.1293,0.1885,76.1953,0.0412,0.0359,0.0206,1.0878,0.1031,1.1638,hold
2022-11-09,168.7400,8893800,169.2900,171.6200,166.8600,-0.0052,0.1447,0.2612,0.0979,0.1813,74.7782,0.0220,0.0413,0.0207,0.9867,-0.2112,0.9063,buy
2022-11-10,177.5800,12375000,172.1400,179.3200,171.7500,0.0524,0.1329,0.2706,0.1277,0.2401,77.3042,0.0230,0.0466,0.0216,1.0549,0.3914,1.2326,hold
2022-11-11,177.4900,8894300,176.4000,178.0300,172.9900,-0.0005,0.1092,0.2339,0.1035,0.2354,76.9465,0.0242,0.0518,0.0215,0.9746,-0.2813,0.8737,sell
2022-11-14,173.5500,5598300,176.5000,178.1900,173.5000,-0.0222,0.0524,0.2178,0.0586,0.2043,70.6605,0.0263,0.0547,0.0190,0.8609,-0.3706,0.5595,buy
2022-11-15,175.3500,7207900,175.4900,176.6900,172.7500,0.0104,0.0338,0.2230,0.0491,0.2130,88.4530,0.0260,0.0557,0.0163,0.8491,0.2875,0.7166,sell
2022-11-16,172.6900,4438600,174.1100,174.7900,171.8500,-0.0152,0.0234,0.1715,0.0178,0.1918,82.4562,0.0282,0.0559,0.0127,0.7760,-0.3842,0.4454,hold
2022-11-17,172.7800,4878600,169.3000,173.1500,168.5200,0.0005,-0.0270,0.1023,0.0088,0.1900,80.9585,0.0231,0.0548,0.0093,0.7513,0.0991,0.4882,hold
2022-11-18,173.8900,4693200,173.9800,175.1900,171.5300,0.0064,-0.0203,0.0867,0.0071,0.1949,83.7274,0.0228,0.0535,0.0066,0.7441,-0.0380,0.4715,hold
2022-11-21,172.9400,3501800,172.5300,174.7200,171.1200,-0.0055,-0.0035,0.0487,-0.0030,0.1861,81.7168,0.0217,0.0520,0.0039,0.7064,-0.2539,0.3548,hold
2022-11-22,172.5000,4370600,173.6500,174.9900,171.0000,-0.0025,-0.0163,0.0170,-0.0072,0.1790,79.1676,0.0201,0.0499,0.0013,0.6791,0.2481,0.4477,buy
2022-11-23,174.8500,3523500,172.0900,175.0000,171.7700,0.0136,0.0125,0.0362,0.0028,0.1909,75.1249,0.0203,0.0480,0.0001,0.7027,-0.1938,0.4160,buy
2022-11-25,178.3600,3476900,174.3500,178.4600,174.0300,0.0201,0.0323,0.0044,0.0225,0.2101,75.2964,0.0129,0.0472,0.0002,0.7498,-0.0132,0.4371,sell
2022-11-28,171.8300,5355500,176.1700,177.1400,171.7000,-0.0366,-0.0118,-0.0319,-0.0118,0.1614,59.1293,0.0175,0.0455,-0.0027,0.5988,0.5403,0.6843,buy
2022-11-29,175.3200,5077800,172.8800,175.9500,172.5600,0.0203,0.0138,0.0102,0.0073,0.1802,57.7699,0.0175,0.0430,-0.0034,0.6612,-0.0519,0.6536,buy
2022-11-30,178.8800,6778700,178.0000,179.9800,174.2000,0.0203,0.0370,0.0201,0.0257,0.1988,62.8811,0.0183,0.0420,-0.0028,0.7545,0.3350,0.8668,sell
2022-12-01,175.7800,4517500,178.8800,179.7000,174.6900,-0.0173,0.0053,0.0179,0.0061,0.1729,47.3230,0.0185,0.0407,-0.0038,0.6541,-0.3336,0.6422,buy
2022-12-02,182.8700,10563800,173.1200,183.4500,172.8500,0.0403,0.0253,0.0584,0.0407,0.2131,56.6223,0.0221,0.0403,-0.0020,0.9635,1.3384,1.5646,buy
2022-12-05,185.1000,10456300,182.0000,188.4500,180.8000,0.0122,0.0772,0.0645,0.0467,0.2192,64.8419,0.0222,0.0412,-0.0005,1.0591,-0.0102,1.5366,sell
2022-12-06,178.4300,8236900,184.0100,184.7900,177.0100,-0.0360,0.0177,0.0317,0.0059,0.1674,53.5176,0.0259,0.0404,-0.0023,0.6845,-0.2123,1.2283,sell
2022-12-07,176.5000,5871200,176.2800,178.4300,174.6200,-0.0108,-0.0133,0.0232,-0.0073,0.1474,54.4251,0.0262,0.0377,-0.0044,0.5475,-0.2872,0.9123,buy
2022-12-08,179.0800,6707700,179.3200,184.8800,178.6100,0.0146,0.0188,0.0242,0.0049,0.1573,56.9170,0.0262,0.0354,-0.0049,0.6982,0.1425,1.0603,hold
2022-12-09,179.5400,6359000,180.7500,183.8900,179.2500,0.0026,-0.0182,0.0066,0.0068,0.1522,56.2932,0.0255,0.0337,-0.0051,0.7199,-0.0520,1.0554,buy
2022-12-12,186.2700,8098400,180.8000,186.6900,180.5000,0.0375,0.0063,0.0840,0.0361,0.1855,63.1537,0.0241,0.0339,-0.0029,1.0607,0.2735,1.3530,hold
2022-12-13,187.1300,10975300,191.1100,191.1100,184.8500,0.0046,0.0488,0.0674,0.0341,0.1818,64.3179,0.0238,0.0347,-0.0015,1.0099,0.3552,1.7548,hold
2022-12-14,188.2500,5814900,187.3300,189.6700,185.4100,0.0060,0.0666,0.0524,0.0349,0.1807,63.4376,0.0233,0.0354,-0.0005,0.9801,-0.4702,0.9402,sell
2022-12-15,183.7200,5343200,186.2500,187.9800,181.2800,-0.0241,0.0259,0.0452,0.0056,0.1448,55.2673,0.0241,0.0346,-0.0017,0.7397,-0.0811,0.8577,hold
2022-12-16,184.7000,7906800,182.7900,186.6100,181.3000,0.0053,0.0287,0.0100,0.0100,0.1435,64.1959,0.0207,0.0331,-0.0024,0.7595,0.4798,1.2390,hold
2022-12-19,185.6800,6605400,184.9200,188.0400,184.7100,0.0053,-0.0032,0.0031,0.0150,0.1416,62.0971,0.0204,0.0320,-0.0027,0.7771,-0.1646,1.0198,buy
2022-12-20,188.2900,6156800,186.1800,189.9100,185.7400,0.0141,0.0062,0.0553,0.0238,0.1497,61.2371,0.0161,0.0316,-0.0021,0.8615,-0.0679,0.9315,buy
2022-12-21,196.0000,9175400,190.0400,196.4000,189.7200,0.0409,0.0412,0.1105,0.0545,0.1874,71.7513,0.0184,0.0332,0.0006,1.0961,0.4903,1.3395,sell
2022-12-22,188.2500,6924800,193.8200,194.1700,185.6700,-0.0395,0.0247,0.0512,0.0079,0.1326,55.7064,0.0242,0.0331,-0.0006,0.7449,-0.2453,0.9864,hold
2022-12-23,189.0600,3983600,188.2500,189.4300,184.7200,0.0043,0.0236,0.0530,0.0071,0.1297,54.3307,0.0242,0.0319,-0.0014,0.7528,-0.4247,0.5654,hold
2022-12-27,189.4000,5014800,189.5800,192.4400,187.6200,0.0018,0.0200,0.0168,0.0072,0.1242,63.9249,0.0214,0.0307,-0.0020,0.7495,0.2589,0.7135,hold
2022-12-28,188.3800,4426300,189.3200,191.3200,187.4300,-0.0054,0.0005,0.0067,0.0011,0.1113,65.4366,0.0215,0.0292,-0.0029,0.6837,-0.1174,0.6327,hold
2022-12-29,188.9100,4518900,189.0000,190.2500,186.1900,0.0028,-0.0362,0.0035,0.0036,0.1076,63.4916,0.0214,0.0278,-0.0034,0.6885,0.0209,0.6565,buy
2022-12-30,190.4900,4007400,187.5000,190.6500,187.0400,0.0084,0.0119,0.0368,0.0083,0.1101,64.5806,0.0197,0.0268,-0.0033,0.7475,-0.1132,0.5844,buy
2023-01-03,195.3900,8624600,192.9500,197.1800,192.4000,0.0257,0.0335,0.0579,0.0284,0.1313,62.7660,0.0209,0.0273,-0.0017,0.9361,1.1522,1.2758,buy
2023-01-04,203.6400,9746900,195.1800,203.7600,195.1800,0.0422,0.0752,0.0967,0.0618,0.1706,69.1487,0.0238,0.0299,0.0018,1.1359,0.1301,1.4494,hold
2023-01-05,204.9900,6913300,201.7200,204.9900,200.7800,0.0066,0.0882,0.0887,0.0596,0.1699,69.3124,0.0238,0.0329,0.0039,1.0692,-0.2907,1.0382,buy
2023-01-06,213.0000,11256400,205.3000,213.0400,203.5500,0.0391,0.1275,0.0867,0.0915,0.2064,81.2687,0.0235,0.0367,0.0070,1.1668,0.6282,1.6248,sell
2023-01-09,208.5700,9005600,212.3600,213.8800,207.9100,-0.0208,0.0949,0.1079,0.0577,0.1714,73.7418,0.0197,0.0393,0.0072,0.9662,-0.2000,1.2787,sell
2023-01-10,206.6900,8183200,203.9000,209.6000,203.4600,-0.0090,0.0578,0.0933,0.0389,0.1522,70.5296,0.0206,0.0400,0.0061,0.8722,-0.0913,1.1471,buy
2023-01-11,208.0300,7190700,209.8700,210.4700,206.6900,0.0065,0.0216,0.0984,0.0360,0.1514,69.7796,0.0204,0.0400,0.0051,0.8627,-0.1213,1.0144,buy
2023-01-12,214.3200,8208100,209.5800,214.9200,207.3700,0.0302,0.0455,0.1377,0.0537,0.1769,68.8944,0.0206,0.0410,0.0057,0.9544,0.1415,1.1810,hold
2023-01-13,214.1300,6213200,212.0000,216.6400,211.5800,-0.0009,0.0053,0.1335,0.0398,0.1668,81.6227,0.0209,0.0422,0.0054,0.8942,-0.2430,0.8914,sell
2023-01-17,211.4100,6150700,212.7100,213.3400,209.0700,-0.0127,0.0136,0.1098,0.0163,0.1440,76.0915,0.0224,0.0421,0.0039,0.8000,-0.0101,0.8773,sell
2023-01-18,209.4100,5403100,212.9000,213.4200,209.2000,-0.0095,0.0132,0.0718,-0.0000,0.1267,72.4882,0.0225,0.0408,0.0018,0.7303,-0.1215,0.7847,sell
2023-01-19,207.0900,5813500,206.7700,209.6700,204.8200,-0.0111,-0.0045,0.0169,-0.0127,0.1086,70.4302,0.0194,0.0385,-0.0008,0.6561,0.0760,0.8492,hold
2023-01-20,206.7600,5475400,207.4700,207.9900,204.7800,-0.0016,-0.0353,0.0086,-0.0152,0.1019,69.5766,0.0193,0.0358,-0.0028,0.6298,-0.0582,0.8038,buy
2023-01-23,209.9700,5481900,208.3600,211.0900,206.9900,0.0155,-0.0194,-0.0142,0.0016,0.1143,70.6268,0.0152,0.0340,-0.0032,0.6928,0.0012,0.8272,buy
2023-01-24,211.9800,4753700,205.0000,212.1500,205.0000,0.0096,0.0027,0.0163,0.0095,0.1198,68.7119,0.0138,0.0331,-0.0030,0.7221,-0.1328,0.7293,hold
2023-01-25,212.6800,16106500,205.8000,214.7500,203.1100,0.0033,0.0156,0.0290,0.0100,0.1193,62.2893,0.0133,0.0324,-0.0029,0.7198,2.3882,2.2607,hold
2023-01-26,212.7300,7288100,213.4800,213.7900,207.2000,0.0002,0.0272,0.0226,0.0080,0.1155,60.9075,0.0133,0.0315,-0.0030,0.7023,-0.5475,1.0069,sell
2023-01-27,211.1700,5237900,211.3200,212.8800,209.4200,-0.0073,0.0213,-0.0147,0.0021,0.1029,46.8481,0.0092,0.0302,-0.0037,0.6389,-0.2813,0.7196,sell
2023-01-30,209.6700,6066800,209.1900,211.3600,207.7100,-0.0071,-0.0014,-0.0208,-0.0029,0.0912,52.1073,0.0093,0.0282,-0.0047,0.5648,0.1583,0.8247,buy
2023-01-31,213.0000,5163000,210.1500,213.1100,208.2400,0.0159,0.0048,0.0075,0.0121,0.1039,61.4519,0.0100,0.0270,-0.0043,0.7109,-0.1490,0.6964,buy
2023-02-01,214.7500,8462100,212.1100,218.9700,211.9000,0.0082,0.0097,0.0255,0.0179,0.1081,62.0172,0.0096,0.0266,-0.0036,0.8513,0.6390,1.1426,sell
2023-02-02,209.3400,6513400,215.1500,215.2900,208.3000,-0.0252,-0.0159,0.0109,-0.0088,0.0763,40.8050,0.0124,0.0247,-0.0050,0.3999,-0.2303,0.8991,sell
2023-02-03,206.0100,5400300,207.7100,210.7500,205.6200,-0.0159,-0.0244,-0.0036,-0.0243,0.0556,36.5652,0.0136,0.0215,-0.0070,0.0906,-0.1709,0.7533,hold
2023-02-06,206.8100,3903000,205.1900,208.2100,203.6900,0.0039,-0.0136,-0.0150,-0.0190,0.0559,41.8728,0.0125,0.0186,-0.0078,0.1971,-0.2773,0.5739,buy
2023-02-07,214.7600,7311200,208.0400,215.1500,206.9200,0.0384,0.0083,0.0131,0.0174,0.0921,57.8102,0.0176,0.0186,-0.0054,0.8563,0.8732,1.0886,sell
2023-02-08,213.5000,4229800,213.0700,215.7700,211.7800,-0.0059,-0.0058,0.0039,0.0110,0.0818,59.6565,0.0178,0.0186,-0.0045,0.7271,-0.4215,0.6489,sell
2023-02-09,211.9900,5018900,214.4600,215.4500,210.0600,-0.0071,0.0127,-0.0035,0.0042,0.0698,57.6084,0.0179,0.0178,-0.0043,0.5812,0.1866,0.7830,hold
2023-02-10,212.8900,4862900,212.0100,214.5000,210.5000,0.0042,0.0334,0.0081,0.0077,0.0703,54.5540,0.0178,0.0171,-0.0039,0.6716,-0.0311,0.7790,buy
2023-02-13,215.6500,5193300,213.6000,216.3600,211.5000,0.0130,0.0427,0.0285,0.0178,0.0802,55.5928,0.0179,0.0173,-0.0028,0.8997,0.0679,0.8387,buy
2023-02-14,218.4500,10033100,214.0200,221.3300,213.1500,0.0130,0.0172,0.0256,0.0284,0.0895,58.2641,0.0177,0.0182,-0.0013,1.0316,0.9319,1.5711,hold
2023-02-15,217.4400,4846800,217.1600,218.2500,214.6000,-0.0046,0.0185,0.0125,0.0224,0.0808,56.5654,0.0177,0.0186,-0.0008,0.8979,-0.5169,0.7623,sell
2023-02-16,212.2100,4388000,215.0000,216.5200,212.1700,-0.0241,0.0010,0.0137,-0.0036,0.0519,51.3151,0.0175,0.0171,-0.0022,0.5091,-0.0947,0.6980,hold
2023-02-17,211.6600,4985700,211.2100,211.7600,207.6200,-0.0026,-0.0058,0.0274,-0.0088,0.0458,52.5784,0.0165,0.0153,-0.0033,0.4458,0.1362,0.7961,sell
2023-02-21,205.5200,4663800,208.9900,210.8400,205.0500,-0.0290,-0.0470,-0.0062,-0.0370,0.0125,40.9662,0.0193,0.0116,-0.0060,0.0187,-0.0646,0.7496,hold
2023-02-22,205.7600,2920000,205.3100,207.6700,204.6500,0.0012,-0.0581,-0.0419,-0.0317,0.0111,38.7315,0.0138,0.0083,-0.0074,0.0926,-0.3739,0.4764,buy
2023-02-23,208.1300,4139400,207.4500,209.6900,205.7600,0.0115,-0.0428,-0.0252,-0.0181,0.0198,48.3582,0.0146,0.0065,-0.0072,0.2729,0.4176,0.7483,sell
2023-02-24,198.1500,9658700,200.0000,201.7000,197.3600,-0.0480,-0.0663,-0.0653,-0.0591,-0.0302,40.9655,0.0206,0.0013,-0.0105,-0.1588,1.3334,1.7095,buy
2023-02-27,200.4600,4318900,199.8700,203.1300,199.0600,0.0117,-0.0529,-0.0584,-0.0424,-0.0202,42.9460,0.0211,-0.0020,-0.0110,0.0394,-0.5528,0.7707,hold
2023-02-28,201.5500,3589900,201.0000,202.3800,199.3200,0.0054,-0.0193,-0.0654,-0.0307,-0.0161,32.6868,0.0205,-0.0042,-0.0105,0.1333,-0.1688,0.6551,buy
2023-03-01,204.5500,4402300,201.4700,205.4400,200.8500,0.0149,-0.0059,-0.0636,-0.0096,-0.0035,38.7817,0.0207,-0.0046,-0.0086,0.2862,0.2263,0.8089,buy
2023-03-02,210.0600,5451500,203.7800,210.3300,203.1500,0.0269,0.0093,-0.0339,0.0207,0.0208,47.8013,0.0233,-0.0027,-0.0053,0.5362,0.2383,1.0302,buy
2023-03-03,215.1100,7496800,210.2500,216.1200,209.4000,0.0240,0.0856,0.0137,0.0437,0.0424,52.3106,0.0234,0.0007,-0.0015,0.7411,0.3752,1.4037,sell
2023-03-06,211.9200,7004400,214.1200,214.7500,209.6000,-0.0148,0.0572,0.0012,0.0281,0.0246,46.1523,0.0240,0.0021,-0.0001,0.5910,-0.0657,1.2921,sell
2023-03-07,207.9200,4619700,211.3100,213.1800,207.7800,-0.0189,0.0316,0.0117,0.0076,0.0041,39.4000,0.0228,0.0017,-0.0004,0.4141,-0.3405,0.8466,hold
2023-03-08,207.2000,2406900,208.2500,208.8800,205.9400,-0.0035,0.0130,0.0070,0.0034,-0.0012,39.6314,0.0229,0.0011,-0.0009,0.3976,-0.4790,0.4618,sell
2023-03-09,201.2400,4284000,208.3200,209.0200,200.3000,-0.0288,-0.0420,-0.0331,-0.0222,-0.0311,39.0541,0.0243,-0.0018,-0.0030,0.1721,0.7799,0.8216,buy
2023-03-10,203.0700,8547100,201.4300,205.0000,197.7900,0.0091,-0.0560,0.0248,-0.0157,-0.0236,41.6423,0.0186,-0.0033,-0.0036,0.2732,0.9951,1.5855,hold
2023-03-13,203.3700,6671200,200.2000,207.0800,197.1100,0.0015,-0.0403,0.0145,-0.0156,-0.0235,47.6399,0.0183,-0.0043,-0.0037,0.3061,-0.2195,1.2171,buy
2023-03-14,207.2800,8245700,207.5300,213.5600,205.0000,0.0192,-0.0031,0.0284,0.0005,-0.0065,51.5441,0.0192,-0.0035,-0.0023,0.4879,0.2360,1.4636,sell
2023-03-15,198.2100,10894200,201.9200,202.2100,192.4100,-0.0438,-0.0434,-0.0310,-0.0403,-0.0507,41.1302,0.0236,-0.0066,-0.0043,0.1146,0.3212,1.9191,buy
2023-03-16,203.1900,6747300,196.2100,203.9100,194.4300,0.0251,0.0097,-0.0327,-0.0129,-0.0276,54.9489,0.0233,-0.0067,-0.0036,0.3625,-0.3807,1.1690,sell
2023-03-17,201.0500,9858900,201.3500,202.8300,199.0000,-0.0105,-0.0099,-0.0654,-0.0166,-0.0376,50.5813,0.0213,-0.0077,-0.0037,0.2737,0.4612,1.6308,buy
2023-03-20,204.7700,4764000,201.1200,205.8700,200.8700,0.0185,0.0069,-0.0337,0.0051,-0.0197,53.0161,0.0225,-0.0068,-0.0022,0.4912,-0.5168,0.7895,hold
2023-03-21,204.7000,4673300,207.3000,207.8600,203.8900,-0.0003,-0.0124,-0.0155,0.0064,-0.0193,50.1487,0.0218,-0.0061,-0.0013,0.4895,-0.0190,0.7744,sell
2023-03-22,196.1600,7311600,203.6800,203.8300,196.0100,-0.0417,-0.0103,-0.0533,-0.0304,-0.0591,37.0045,0.0253,-0.0093,-0.0033,0.0719,0.5645,1.1691,buy
2023-03-23,197.9000,6266900,197.9000,201.5000,195.1400,0.0089,-0.0260,-0.0166,-0.0202,-0.0499,32.8483,0.0242,-0.0106,-0.0038,0.1967,-0.1429,0.9853,hold
2023-03-24,197.5300,4511600,195.5000,197.5700,193.9200,-0.0019,-0.0175,-0.0273,-0.0193,-0.0508,34.8046,0.0239,-0.0117,-0.0039,0.1821,-0.2801,0.7392,buy
2023-03-27,200.5700,3891700,198.6300,201.5500,198.6300,0.0154,-0.0205,-0.0138,-0.0028,-0.0349,42.0780,0.0245,-0.0111,-0.0027,0.3343,-0.1374,0.6399,buy
2023-03-28,204.9600,5460600,200.8200,206.3000,200.4900,0.0219,0.0013,-0.0112,0.0202,-0.0129,47.7627,0.0248,-0.0087,-0.0004,0.5466,0.4031,0.8842,buy
2023-03-29,207.9700,3572200,206.5000,208.6500,205.8800,0.0147,0.0602,0.0492,0.0302,0.0020,57.1429,0.0200,-0.0056,0.0021,0.6870,-0.3458,0.5824,buy
2023-03-30,211.0400,6583400,208.9700,212.8700,206.5200,0.0148,0.0664,0.0386,0.0413,0.0166,58.2420,0.0191,-0.0020,0.0044,0.8330,0.8430,1.0635,buy
2023-03-31,212.4300,5147500,211.7500,214.8000,211.3900,0.0066,0.0754,0.0566,0.0423,0.0228,59.1626,0.0184,0.0012,0.0061,0.9309,-0.2181,0.8476,buy
2023-04-03,215.3900,6085900,212.8000,218.5700,212.5300,0.0139,0.0739,0.0519,0.0514,0.0361,58.3626,0.0181,0.0048,0.0077,1.0370,0.1823,1.0097,sell
2023-04-04,213.9000,6192300,212.0000,213.9900,209.1200,-0.0069,0.0436,0.0449,0.0394,0.0286,69.1762,0.0184,0.0071,0.0080,0.9195,0.0175,1.0142,sell
2023-04-05,210.0000,4138400,212.2300,214.2300,208.6700,-0.0182,0.0098,0.0706,0.0137,0.0100,58.5488,0.0123,0.0075,0.0067,0.7330,-0.3317,0.6683,buy
2023-04-06,211.3700,5618100,210.0000,212.3700,208.2200,0.0065,0.0016,0.0681,0.0137,0.0167,63.2104,0.0123,0.0080,0.0058,0.7654,0.3576,0.8976,hold
2023-04-10,210.7800,3729300,211.0000,214.1000,209.7300,-0.0028,-0.0078,0.0671,0.0045,0.0141,58.3635,0.0124,0.0082,0.0048,0.7192,-0.3362,0.6197,buy
2023-04-11,212.3200,5277500,213.2900,214.5000,211.8600,0.0073,-0.0143,0.0586,0.0062,0.0214,60.1872,0.0120,0.0087,0.0043,0.7588,0.4151,0.8872,hold
2023-04-12,212.3400,4600300,213.6600,214.3000,210.1300,0.0001,-0.0073,0.0360,0.0028,0.0212,78.0125,0.0107,0.0091,0.0037,0.7428,-0.1283,0.7978,buy
2023-04-13,213.5900,4501600,213.0000,213.6800,211.5000,0.0059,0.0171,0.0270,0.0060,0.0272,77.6330,0.0100,0.0097,0.0035,0.7668,-0.0215,0.8265,sell
2023-04-14,201.7100,19066500,202.5900,204.2800,198.1500,-0.0556,-0.0457,-0.0442,-0.0458,-0.0287,55.2381,0.0202,0.0060,-0.0004,0.2837,3.2355,3.1449,buy
2023-04-17,205.0300,6306800,202.0000,206.1000,200.8000,0.0165,-0.0273,-0.0348,-0.0266,-0.0123,55.5500,0.0210,0.0039,-0.0020,0.4086,-0.6692,1.0717,buy
2023-04-18,208.3700,7445800,205.5000,208.9400,203.7200,0.0163,-0.0186,-0.0326,-0.0075,0.0035,54.3573,0.0212,0.0035,-0.0019,0.5404,0.1806,1.2370,hold
2023-04-19,208.7100,4757400,207.1200,210.8700,206.9400,0.0016,-0.0171,-0.0243,-0.0034,0.0050,51.0148,0.0212,0.0033,-0.0016,0.5465,-0.3611,0.7898,sell
2023-04-20,207.2300,3322900,207.4200,209.8800,206.0800,-0.0071,-0.0298,-0.0132,-0.0092,-0.0014,44.5369,0.0206,0.0025,-0.0019,0.4563,-0.3015,0.5706,sell
2023-04-21,205.1500,3432300,208.0000,208.3800,204.1800,-0.0100,0.0171,-0.0294,-0.0162,-0.0107,39.7638,0.0206,0.0011,-0.0027,0.3243,0.0329,0.6041,hold
2023-04-24,205.7700,3058900,204.8700,206.5000,203.2500,0.0030,0.0036,-0.0238,-0.0108,-0.0071,35.5208,0.0206,0.0002,-0.0029,0.3074,-0.1088,0.5453,sell
2023-04-25,202.1900,4699500,204.5400,204.9400,201.1200,-0.0174,-0.0297,-0.0477,-0.0233,-0.0233,33.4183,0.0208,-0.0019,-0.0040,0.0674,0.5363,0.8318,hold
2023-04-26,203.0300,9137200,208.2500,211.7000,202.6800,0.0042,-0.0272,-0.0438,-0.0148,-0.0181,39.1938,0.0210,-0.0032,-0.0043,0.1383,0.9443,1.5663,buy
2023-04-27,206.0400,5105200,204.6500,209.0900,203.5300,0.0148,-0.0057,-0.0353,0.0035,-0.0023,42.1363,0.0216,-0.0030,-0.0032,0.3311,-0.4413,0.8638,hold
2023-04-28,206.7800,3716100,204.5100,206.9500,202.9000,0.0036,0.0079,0.0251,0.0046,0.0023,44.1246,0.0115,-0.0025,-0.0022,0.3887,-0.2721,0.6444,sell
2023-05-01,203.8700,3776800,206.2500,208.5200,203.6200,-0.0141,-0.0092,-0.0057,-0.0090,-0.0110,38.0683,0.0114,-0.0033,-0.0024,0.2392,0.0163,0.6628,hold
2023-05-02,203.2500,3970800,203.0000,204.1900,200.0900,-0.0030,0.0052,-0.0246,-0.0095,-0.0132,37.3785,0.0098,-0.0040,-0.0025,0.2230,0.0514,0.7100,sell
2023-05-03,200.9300,4537900,204.3600,206.1000,200.5500,-0.0114,-0.0103,-0.0373,-0.0171,-0.0240,32.9288,0.0101,-0.0056,-0.0032,0.1130,0.1428,0.8236,sell
2023-05-04,197.0500,6934100,200.6500,201.2500,193.2700,-0.0193,-0.0436,-0.0491,-0.0312,-0.0421,41.9876,0.0112,-0.0084,-0.0048,-0.0267,0.5280,1.2273,buy
2023-05-05,198.3400,3872200,198.0900,199.0400,196.7600,0.0065,-0.0408,-0.0332,-0.0216,-0.0349,37.6340,0.0116,-0.0098,-0.0050,0.0995,-0.4416,0.6961,sell
2023-05-08,197.2600,4677400,199.1600,199.6600,196.4000,-0.0054,-0.0324,-0.0414,-0.0229,-0.0401,27.5918,0.0114,-0.0114,-0.0052,0.0946,0.2079,0.8338,buy
2023-05-09,201.8800,9329500,201.2100,204.6100,198.7800,0.0234,-0.0067,-0.0015,0.0002,-0.0177,38.2525,0.0133,-0.0103,-0.0034,0.3571,0.9946,1.6051,sell
2023-05-10,200.8400,3923700,203.1400,203.2000,198.2500,-0.0052,-0.0004,-0.0108,-0.0039,-0.0227,38.8404,0.0133,-0.0100,-0.0025,0.3167,-0.5794,0.6790,buy
2023-05-11,201.8400,3322000,199.3900,202.5500,198.0700,0.0050,0.0243,-0.0204,0.0032,-0.0176,43.9927,0.0123,-0.0092,-0.0014,0.3960,-0.1534,0.5808,sell
2023-05-12,200.7000,3169800,201.8400,203.1100,198.8200,-0.0056,0.0119,-0.0294,0.0005,-0.0222,40.9690,0.0122,-0.0090,-0.0009,0.3181,-0.0458,0.6436,buy
2023-05-15,202.7700,2842700,200.0100,203.3200,198.6500,0.0103,0.0279,-0.0054,0.0114,-0.0110,51.0919,0.0121,-0.0078,0.0002,0.4759,-0.1032,0.5983,sell
2023-05-16,200.8700,3012100,201.8200,202.3600,199.9400,-0.0094,-0.0050,-0.0117,0.0031,-0.0192,46.0898,0.0124,-0.0076,0.0003,0.3563,0.0596,0.6649,buy
2023-05-17,206.8700,6641900,202.7100,208.5800,202.7100,0.0299,0.0300,0.0296,0.0300,0.0102,51.3558,0.0152,-0.0049,0.0023,0.8451,1.2051,1.4364,hold
2023-05-18,207.2400,4349700,206.4500,208.1700,204.0100,0.0018,0.0268,0.0517,0.0266,0.0120,50.7606,0.0130,-0.0026,0.0036,0.8751,-0.3451,0.9303,sell
2023-05-19,205.4900,3896200,208.1100,208.3700,204.6300,-0.0084,0.0239,0.0360,0.0144,0.0031,52.7854,0.0137,-0.0016,0.0038,0.7301,-0.1043,0.8292,hold
2023-05-22,205.9100,3094300,205.5100,206.9800,203.9000,0.0020,0.0155,0.0439,0.0121,0.0048,54.6053,0.0134,-0.0005,0.0039,0.7629,-0.2058,0.6583,sell
2023-05-23,202.6000,4011100,204.5800,207.4900,202.4500,-0.0161,0.0086,0.0036,-0.0045,-0.0112,52.7955,0.0129,-0.0010,0.0028,0.4937,0.2963,0.8596,sell
2023-05-24,199.2700,4371600,201.3200,201.3200,197.5000,-0.0164,-0.0367,-0.0078,-0.0201,-0.0267,53.7858,0.0139,-0.0027,0.0009,0.2470,0.0899,0.9873,buy
2023-05-25,200.8700,3909200,199.9900,201.7500,196.6000,0.0080,-0.0307,-0.0048,-0.0118,-0.0192,54.2693,0.0141,-0.0034,0.0002,0.3897,-0.1058,0.8950,buy
2023-05-26,203.6300,3820300,201.6000,204.8000,201.1800,0.0137,-0.0091,0.0146,0.0004,-0.0057,60.1725,0.0146,-0.0027,0.0006,0.6333,-0.0227,0.8736,buy
2023-05-30,204.6900,3978200,204.0900,207.8000,203.3100,0.0052,-0.0059,0.0095,0.0046,-0.0009,55.0631,0.0144,-0.0018,0.0012,0.7182,0.0413,0.9076,buy
2023-05-31,205.7000,5461600,203.5000,206.1900,200.9100,0.0049,0.0153,0.0240,0.0072,0.0039,58.7662,0.0139,-0.0006,0.0019,0.7839,0.3729,1.2252,buy
2023-06-01,207.9600,5125100,206.4600,210.2300,206.0000,0.0110,0.0436,0.0053,0.0177,0.0146,60.5590,0.0107,0.0011,0.0029,0.9086,-0.0616,1.1422,buy
2023-06-02,213.3200,7486300,210.0000,215.2400,210.0000,0.0258,0.0620,0.0293,0.0409,0.0390,69.0060,0.0134,0.0044,0.0049,1.1500,0.4607,1.6582,sell
2023-06-05,208.7800,4996800,213.2800,213.2800,207.5000,-0.0213,0.0253,0.0160,0.0171,0.0158,58.4244,0.0151,0.0054,0.0047,0.8195,-0.3325,1.0932,sell
2023-06-06,207.2900,10957200,208.3700,211.6800,200.6100,-0.0071,0.0127,0.0067,0.0091,0.0076,59.1038,0.0153,0.0055,0.0039,0.7031,1.1928,2.2430,buy
2023-06-07,211.9300,6462400,207.9900,212.3800,207.2000,0.0224,0.0303,0.0461,0.0271,0.0291,57.4631,0.0155,0.0071,0.0044,0.9552,-0.4102,1.3629,buy
2023-06-08,218.1100,9359300,212.3400,220.0000,212.0500,0.0292,0.0488,0.0945,0.0475,0.0577,63.6867,0.0153,0.0104,0.0062,1.1526,0.4483,1.8669,hold
2023-06-09,217.3100,5297800,217.9900,219.1600,215.6900,-0.0037,0.0187,0.0818,0.0354,0.0529,65.2477,0.0158,0.0128,0.0069,1.0095,-0.4340,1.0363,buy
2023-06-12,221.5600,8065400,217.1600,223.9100,216.6300,0.0196,0.0612,0.0881,0.0467,0.0724,68.3728,0.0162,0.0157,0.0079,1.0759,0.5224,1.5056,sell
2023-06-13,220.3800,5881000,222.3500,223.1200,219.3500,-0.0053,0.0631,0.0767,0.0335,0.0659,71.9723,0.0167,0.0177,0.0079,0.9522,-0.2708,1.0676,sell
2023-06-14,216.9000,5629100,221.4000,221.5900,216.0300,-0.0158,0.0235,0.0544,0.0119,0.0489,71.7064,0.0183,0.0180,0.0064,0.7894,-0.0428,0.9981,buy
2023-06-15,219.4100,5001400,217.1700,220.6100,215.3100,0.0116,0.0060,0.0551,0.0181,0.0604,72.3266,0.0183,0.0185,0.0057,0.8430,-0.1115,0.8999,hold
2023-06-16,219.9900,7803900,220.7200,223.8700,218.9800,0.0026,0.0123,0.0313,0.0177,0.0622,70.7931,0.0169,0.0191,0.0050,0.8258,0.5603,1.3618,sell
2023-06-20,212.3700,8226400,218.8900,219.2900,211.8800,-0.0346,-0.0415,0.0172,-0.0192,0.0253,58.3660,0.0194,0.0171,0.0020,0.5514,0.0541,1.3833,hold
2023-06-21,212.0800,5356400,211.8300,212.9900,209.3900,-0.0014,-0.0377,0.0231,-0.0227,0.0238,57.0606,0.0192,0.0148,-0.0003,0.5309,-0.3489,0.8839,sell
2023-06-22,205.6100,7057500,205.6100,208.5000,203.6500,-0.0305,-0.0521,-0.0298,-0.0497,-0.0068,47.6210,0.0203,0.0107,-0.0039,0.2915,0.3176,1.1360,hold
2023-06-23,205.4100,6338200,204.0200,205.6100,202.5500,-0.0010,-0.0638,-0.0582,-0.0451,-0.0071,41.0581,0.0170,0.0069,-0.0062,0.2575,-0.1019,1.0044,hold
2023-06-26,205.5800,3444900,206.1100,207.0900,204.6600,0.0008,-0.0655,-0.0540,-0.0390,-0.0055,45.9860,0.0171,0.0039,-0.0073,0.2414,-0.4565,0.5479,buy
2023-06-27,209.4300,4465500,206.1500,209.6600,206.0800,0.0187,-0.0138,-0.0547,-0.0154,0.0124,52.5343,0.0170,0.0029,-0.0064,0.3816,0.2963,0.7066,buy
2023-06-28,210.7200,4276100,211.2100,212.1900,209.4500,0.0062,-0.0064,-0.0438,-0.0049,0.0180,48.4435,0.0174,0.0027,-0.0053,0.4205,-0.0424,0.6750,buy
2023-06-29,211.8300,3443600,211.1200,213.2200,210.2300,0.0053,0.0303,-0.0234,0.0028,0.0231,40.7101,0.0171,0.0029,-0.0041,0.4547,-0.1947,0.5524,hold
2023-06-30,211.1600,5488700,213.1400,213.2400,209.3800,-0.0032,0.0280,-0.0376,0.0035,0.0196,40.8673,0.0164,0.0028,-0.0033,0.4141,0.5939,0.8779,hold
2023-07-03,210.9200,2143000,210.5000,212.1700,210.2400,-0.0011,0.0260,-0.0412,0.0067,0.0181,32.0634,0.0163,0.0026,-0.0029,0.4087,-0.6096,0.3581,buy
2023-07-05,213.3100,4921000,210.0000,214.2800,207.8900,0.0113,0.0185,0.0044,0.0177,0.0288,38.5488,0.0129,0.0032,-0.0017,0.5119,1.2963,0.8228,hold
2023-07-06,212.6200,4674700,212.4800,213.6100,209.5800,-0.0032,0.0090,0.0025,0.0141,0.0248,42.3789,0.0129,0.0035,-0.0012,0.4643,-0.0501,0.8249,hold
2023-07-07,212.1000,4893600,212.9400,215.6600,211.8300,-0.0024,0.0013,0.0316,0.0085,0.0213,35.9908,0.0073,0.0035,-0.0010,0.4378,0.0468,0.8757,buy
2023-07-10,213.3100,3497100,211.8400,213.5900,211.2200,0.0057,0.0102,0.0385,0.0105,0.0261,37.5000,0.0072,0.0038,-0.0005,0.5108,-0.2854,0.6604,buy
2023-07-11,218.7600,7451400,212.9200,218.9800,211.3500,0.0255,0.0372,0.0641,0.0299,0.0510,63.0143,0.0098,0.0060,0.0014,0.7832,1.1307,1.3791,sell
2023-07-12,217.1100,5123200,219.5100,221.5600,216.9200,-0.0075,0.0178,0.0367,0.0184,0.0421,59.7067,0.0096,0.0071,0.0020,0.7249,-0.3125,0.9748,hold
2023-07-13,216.8500,4291700,218.1300,218.9000,216.3000,-0.0012,0.0199,0.0291,0.0143,0.0395,78.5280,0.0097,0.0078,0.0022,0.7323,-0.1623,0.8291,sell
2023-07-14,213.1200,4294800,217.0000,217.0200,212.8100,-0.0172,0.0048,0.0061,-0.0038,0.0207,66.5949,0.0115,0.0070,0.0010,0.5313,0.0007,0.8405,sell
2023-07-17,211.8700,3621500,212.5000,214.2300,211.7400,-0.0059,-0.0068,0.0034,-0.0099,0.0136,62.9371,0.0116,0.0057,-0.0002,0.4787,-0.1568,0.7185,hold
2023-07-18,211.5700,5895800,211.0000,213.0400,209.5700,-0.0014,-0.0329,0.0031,-0.0116,0.0108,55.1542,0.0116,0.0045,-0.0011,0.4846,0.6280,1.1922,sell
2023-07-19,208.6000,4814100,211.1200,211.8700,208.2400,-0.0140,-0.0392,-0.0221,-0.0234,-0.0044,45.2763,0.0117,0.0025,-0.0026,0.2911,-0.1835,1.0083,buy
2023-07-20,213.6100,5782200,208.8300,215.1000,208.8000,0.0240,-0.0149,0.0047,-0.0004,0.0180,53.3789,0.0143,0.0026,-0.0019,0.6339,0.2011,1.2056,sell
2023-07-21,211.8000,4056800,213.8900,215.6000,211.6400,-0.0085,-0.0062,-0.0014,-0.0087,0.0084,51.1645,0.0146,0.0021,-0.0020,0.4862,-0.2984,0.8732,buy
2023-07-24,215.8700,4898300,212.0600,215.9400,211.4600,0.0192,0.0189,0.0120,0.0091,0.0263,57.9048,0.0158,0.0031,-0.0007,0.7762,0.2074,1.0709,sell
2023-07-25,214.1200,6513300,214.2000,214.8200,210.8100,-0.0081,0.0121,-0.0212,0.0031,0.0168,51.3205,0.0135,0.0033,-0.0004,0.6147,0.3297,1.3778,buy
2023-07-26,232.8000,24923800,222.1600,233.0900,221.7700,0.0872,0.1160,0.0723,0.0827,0.1021,70.7357,0.0310,0.0095,0.0049,1.4280,2.8266,4.3344,hold
2023-07-27,233.7500,12018300,235.2500,238.6700,231.8300,0.0041,0.0943,0.0779,0.0786,0.1034,72.0513,0.0309,0.0147,0.0081,1.1996,-0.5178,1.9582,buy
2023-07-28,238.6900,7054600,236.1200,240.1300,235.7000,0.0211,0.1270,0.1200,0.0886,0.1227,74.0250,0.0298,0.0200,0.0108,1.1598,-0.4130,1.1166,hold
2023-07-31,238.8500,4894900,238.9900,239.0700,236.2100,0.0007,0.1065,0.1273,0.0761,0.1201,71.1340,0.0295,0.0241,0.0119,1.0422,-0.3061,0.7784,hold
2023-08-01,238.0100,4975200,237.5500,243.1000,237.3100,-0.0035,0.1116,0.1250,0.0597,0.1129,72.3673,0.0296,0.0269,0.0117,0.9469,0.0164,0.7738,sell
2023-08-02,231.3800,5326700,234.9900,236.6800,230.6900,-0.0279,-0.0061,0.1092,0.0198,0.0793,63.6843,0.0312,0.0272,0.0093,0.7609,0.0707,0.8258,hold
2023-08-03,231.3600,3282900,231.0000,233.5800,230.4000,-0.0001,-0.0102,0.0831,0.0118,0.0767,68.4690,0.0310,0.0266,0.0069,0.7358,-0.3837,0.5145,hold
2023-08-04,231.3600,3500700,232.2900,234.9100,230.0800,0.0000,-0.0307,0.0924,0.0032,0.0738,70.2473,0.0306,0.0258,0.0049,0.7134,0.0663,0.5547,buy
2023-08-07,238.2500,6068000,232.7400,238.9800,232.7400,0.0298,-0.0025,0.1037,0.0232,0.1018,74.3786,0.0312,0.0265,0.0049,0.8329,0.7334,0.9423,hold
2023-08-08,238.0400,5149200,236.5200,240.7300,236.0000,-0.0009,0.0001,0.1117,0.0119,0.0970,78.3295,0.0308,0.0272,0.0045,0.7959,-0.1514,0.8142,hold
2023-08-09,237.8600,4044400,238.5400,241.2400,236.4100,-0.0008,0.0280,0.0217,0.0089,0.0928,75.7267,0.0152,0.0274,0.0038,0.7640,-0.2146,0.6450,hold
2023-08-10,238.2600,3710800,238.4500,241.5800,237.0400,0.0017,0.0298,0.0193,0.0087,0.0912,78.9370,0.0152,0.0274,0.0030,0.7466,-0.0825,0.5946,sell
2023-08-11,235.7200,2652100,237.6100,238.2600,235.1200,-0.0107,0.0188,-0.0124,-0.0008,0.0766,72.4598,0.0141,0.0265,0.0015,0.6737,-0.2853,0.4306,hold
2023-08-14,236.7100,2486300,237.0000,238.6500,235.7500,0.0042,-0.0065,-0.0090,0.0043,0.0783,76.0074,0.0142,0.0255,0.0005,0.6750,-0.0625,0.4074,sell
2023-08-15,232.2600,3201900,235.0000,235.5600,231.5400,-0.0188,-0.0243,-0.0242,-0.0122,0.0562,49.0753,0.0153,0.0234,-0.0016,0.5569,0.2878,0.5365,sell
2023-08-16,229.9500,2273300,231.5000,234.6700,229.6000,-0.0099,-0.0333,-0.0062,-0.0214,0.0437,43.7827,0.0128,0.0206,-0.0038,0.4734,-0.2900,0.3892,sell
2023-08-17,224.5400,4359400,230.5700,231.6400,224.2600,-0.0235,-0.0576,-0.0295,-0.0416,0.0176,27.1995,0.0147,0.0164,-0.0068,0.2950,0.9177,0.7556,buy
2023-08-18,226.6500,3583200,222.2300,226.7900,221.6800,0.0094,-0.0385,-0.0204,-0.0307,0.0258,31.5039,0.0152,0.0132,-0.0078,0.3066,-0.1781,0.6236,hold
2023-08-21,227.2200,2734600,226.8000,227.6900,225.1000,0.0025,-0.0401,-0.0463,-0.0236,0.0275,33.5066,0.0106,0.0109,-0.0081,0.2764,-0.2368,0.4851,buy
2023-08-22,230.0700,3011000,228.0800,230.4800,226.9300,0.0125,-0.0094,-0.0335,-0.0080,0.0392,47.7359,0.0119,0.0098,-0.0072,0.3041,0.1011,0.5512,sell
2023-08-23,228.5800,3004500,230.0000,230.5400,227.1100,-0.0065,-0.0060,-0.0390,-0.0105,0.0318,45.4276,0.0119,0.0085,-0.0069,0.2407,-0.0022,0.6881,sell
2023-08-24,217.3100,9132600,222.5100,224.2000,217.0900,-0.0493,-0.0322,-0.0879,-0.0506,-0.0188,33.1414,0.0184,0.0036,-0.0101,-0.1513,2.0396,2.1629,buy
2023-08-25,223.4100,12352300,218.4100,223.7700,212.8800,0.0281,-0.0143,-0.0522,-0.0187,0.0082,31.8493,0.0218,0.0015,-0.0094,0.1511,0.3526,2.7528,buy
2023-08-28,227.0600,4641800,224.2100,227.4500,223.2900,0.0163,-0.0007,-0.0408,0.0016,0.0239,37.6128,0.0227,0.0013,-0.0076,0.3231,-0.6242,1.0374,hold
2023-08-29,227.2500,3716700,225.8800,229.4000,225.6600,0.0008,-0.0123,-0.0216,0.0046,0.0241,38.0329,0.0221,0.0011,-0.0062,0.3499,-0.1993,0.8425,buy
2023-08-30,228.8500,3328300,227.0800,231.1700,226.6500,0.0070,0.0012,-0.0048,0.0122,0.0298,39.6662,0.0221,0.0016,-0.0046,0.4260,-0.1045,0.7719,sell
2023-08-31,224.0300,6953800,229.3300,230.4300,222.9300,-0.0211,0.0309,-0.0023,-0.0089,0.0070,37.7745,0.0218,0.0002,-0.0048,0.2387,1.0893,1.5469,hold
2023-09-01,223.4000,3658400,226.0000,226.2300,221.9500,-0.0028,-0.0000,-0.0143,-0.0103,0.0026,35.9747,0.0215,-0.0011,-0.0049,0.2369,-0.4739,0.8124,hold
2023-09-05,222.5700,3246500,223.1000,224.0900,221.2000,-0.0037,-0.0198,-0.0205,-0.0119,-0.0027,38.9460,0.0215,-0.0024,-0.0050,0.2287,-0.1126,0.7443,sell
2023-09-06,217.9500,4233500,221.7700,222.7900,216.4200,-0.0208,-0.0409,-0.0527,-0.0272,-0.0245,36.9961,0.0216,-0.0052,-0.0063,0.0819,0.3040,0.9808,sell
2023-09-07,216.0500,4929600,217.5000,220.5500,214.8600,-0.0087,-0.0559,-0.0548,-0.0302,-0.0335,40.0422,0.0216,-0.0080,-0.0073,0.0550,0.1644,1.1305,sell
2023-09-08,211.2700,5752000,215.8300,216.0000,210.5100,-0.0221,-0.0570,-0.0278,-0.0491,-0.0550,33.0243,0.0166,-0.0122,-0.0091,-0.0557,0.1668,1.2889,hold
2023-09-11,211.0100,4522300,213.7600,214.2000,208.7700,-0.0012,-0.0555,-0.0555,-0.0450,-0.0561,31.9849,0.0128,-0.0152,-0.0097,0.0060,-0.2138,0.9926,hold
2023-09-12,210.6500,3256500,209.3500,212.2600,208.5800,-0.0017,-0.0536,-0.0723,-0.0395,-0.0576,27.1529,0.0104,-0.0176,-0.0097,0.0407,-0.2799,0.7088,sell
2023-09-13,208.4000,3538100,210.0000,212.1800,207.7500,-0.0107,-0.0438,-0.0829,-0.0415,-0.0675,26.6759,0.0100,-0.0203,-0.0099,0.0279,0.0865,0.7672,buy
2023-09-14,209.0500,3974800,209.1400,210.4400,208.1000,0.0031,-0.0324,-0.0865,-0.0297,-0.0642,37.3468,0.0093,-0.0218,-0.0091,0.1028,0.1234,0.8463,sell
2023-09-15,208.1100,4670600,209.2800,209.8300,206.8800,-0.0045,-0.0150,-0.0711,-0.0268,-0.0681,22.1616,0.0084,-0.0231,-0.0083,0.1222,0.1751,0.9912,sell
2023-09-18,205.1200,4299200,207.9100,207.9100,204.9800,-0.0144,-0.0279,-0.0818,-0.0325,-0.0809,9.0977,0.0085,-0.0254,-0.0083,0.0872,-0.0795,0.9055,sell
2023-09-19,204.4800,4039900,205.4000,205.6600,202.3900,-0.0031,-0.0293,-0.0813,-0.0273,-0.0830,8.2509,0.0085,-0.0269,-0.0078,0.1179,-0.0603,0.8394,sell
2023-09-20,202.3700,3738800,205.8700,206.2500,202.3100,-0.0103,-0.0289,-0.0715,-0.0301,-0.0911,2.3398,0.0074,-0.0289,-0.0077,0.1033,-0.0745,0.7710,sell
2023-09-21,199.9500,4745700,201.0000,203.6000,199.7100,-0.0120,-0.0435,-0.0745,-0.0342,-0.1006,2.5611,0.0075,-0.0312,-0.0078,0.0861,0.2693,0.9613,sell
2023-09-22,197.7100,4450900,199.9600,200.7400,197.1400,-0.0112,-0.0500,-0.0642,-0.0388,-0.1092,2.4083,0.0058,-0.0337,-0.0080,0.0859,-0.0621,0.9465,buy
2023-09-25,198.7800,3527100,196.8400,198.9800,195.1900,0.0054,-0.0309,-0.0580,-0.0278,-0.1032,6.3166,0.0068,-0.0343,-0.0070,0.1549,-0.2076,0.8277,sell
2023-09-26,195.6400,3666300,197.7900,199.3900,195.4200,-0.0158,-0.0432,-0.0713,-0.0361,-0.1161,6.6796,0.0073,-0.0364,-0.0069,0.1195,0.0395,0.8703,hold
2023-09-27,195.4600,4015500,196.0100,196.4000,192.7700,-0.0009,-0.0341,-0.0621,-0.0308,-0.1156,7.1577,0.0074,-0.0373,-0.0062,0.1483,0.0952,0.9499,sell
2023-09-28,190.4300,8009500,193.7000,195.2600,190.0300,-0.0257,-0.0476,-0.0891,-0.0469,-0.1369,7.0840,0.0088,-0.0407,-0.0070,0.0611,0.9946,1.7953,buy
2023-09-29,191.6800,5158400,191.9200,192.9500,190.1700,0.0066,-0.0305,-0.0789,-0.0327,-0.1295,11.7531,0.0101,-0.0413,-0.0063,0.1274,-0.3560,1.1800,sell
2023-10-02,187.8300,5244700,191.4700,192.4400,186.9300,-0.0201,-0.0551,-0.0843,-0.0438,-0.1451,10.3268,0.0106,-0.0440,-0.0066,0.0691,0.0167,1.1783,buy
2023-10-03,188.9200,7285500,188.6300,192.4900,188.2000,0.0058,-0.0343,-0.0761,-0.0306,-0.1381,14.7101,0.0115,-0.0442,-0.0056,0.1242,0.3891,1.5658,sell
2023-10-04,186.7300,7419800,188.8500,190.6300,184.3400,-0.0116,-0.0447,-0.0773,-0.0341,-0.1459,11.7021,0.0115,-0.0455,-0.0052,0.1022,0.0184,1.5419,hold
2023-10-05,186.2900,4331700,186.1600,188.1000,184.1400,-0.0024,-0.0217,-0.0683,-0.0295,-0.1443,11.9064,0.0115,-0.0459,-0.0044,0.1246,-0.4162,0.9058,buy
2023-10-06,187.3800,5364300,185.3700,188.6400,182.5500,0.0059,-0.0224,-0.0522,-0.0185,-0.1356,16.8287,0.0121,-0.0449,-0.0029,0.1873,0.2384,1.1262,buy
2023-10-09,188.4900,4575800,188.0000,189.4900,185.6800,0.0059,0.0035,-0.0518,-0.0073,-0.1264,20.6174,0.0121,-0.0431,-0.0011,0.2432,-0.1470,0.9602,buy
2023-10-10,193.5300,8062400,190.0100,194.3000,188.7600,0.0267,0.0244,-0.0108,0.0203,-0.0993,35.3351,0.0151,-0.0382,0.0022,0.4114,0.7620,1.6106,buy
2023-10-11,196.0700,7394000,195.4700,199.6200,194.2700,0.0131,0.0500,0.0031,0.0334,-0.0839,43.5889,0.0158,-0.0333,0.0052,0.5126,-0.0829,1.4223,sell
2023-10-12,191.3000,5668300,195.1000,195.7000,189.9600,-0.0243,0.0269,0.0046,0.0078,-0.1028,40.2257,0.0155,-0.0323,0.0058,0.3684,-0.2334,1.0728,sell
2023-10-13,184.9100,8215700,186.2700,187.2900,183.1800,-0.0334,-0.0132,-0.0353,-0.0224,-0.1290,31.8027,0.0186,-0.0342,0.0041,0.1500,0.4494,1.5045,hold
2023-10-16,184.9300,4701000,185.9100,186.2300,182.5000,0.0001,-0.0189,-0.0154,-0.0208,-0.1251,34.6956,0.0177,-0.0345,0.0031,0.1741,-0.4278,0.8577,hold
2023-10-17,185.6000,5121800,183.7500,188.3300,183.3000,0.0036,-0.0410,-0.0176,-0.0155,-0.1175,36.1049,0.0176,-0.0339,0.0029,0.2183,0.0895,0.9254,hold
2023-10-18,185.6900,6268100,187.2200,190.2500,185.0500,0.0005,-0.0529,-0.0056,-0.0145,-0.1127,42.2397,0.0173,-0.0331,0.0029,0.2385,0.2238,1.1072,sell
2023-10-19,182.7900,4043700,185.5000,187.0500,182.5400,-0.0156,-0.0445,-0.0188,-0.0281,-0.1219,36.1914,0.0179,-0.0338,0.0022,0.1221,-0.3549,0.7187,sell
2023-10-20,180.0400,4523500,182.6800,183.3900,179.8500,-0.0150,-0.0263,-0.0392,-0.0389,-0.1303,37.4719,0.0182,-0.0354,0.0010,0.0372,0.1187,0.8035,buy
2023-10-23,181.0300,4146200,179.4400,183.7200,178.4300,0.0055,-0.0211,-0.0396,-0.0298,-0.1208,37.2701,0.0181,-0.0351,0.0008,0.1141,-0.0834,0.7324,buy
2023-10-24,182.3600,4652900,183.2100,184.3500,181.8000,0.0073,-0.0175,-0.0577,-0.0168,-0.1097,42.7481,0.0153,-0.0339,0.0014,0.2105,0.1222,0.8148,sell
2023-10-25,177.7300,13806400,186.0000,187.0000,176.2500,-0.0254,-0.0429,-0.0935,-0.0322,-0.1276,37.5292,0.0148,-0.0356,0.0005,0.0144,1.9673,2.2270,buy
2023-10-26,179.0900,6961800,177.1100,182.9500,176.5300,0.0077,-0.0202,-0.0638,-0.0182,-0.1165,38.0168,0.0148,-0.0350,0.0006,0.1353,-0.4958,1.1325,hold
2023-10-27,179.6900,4606300,180.0000,182.3300,179.0100,0.0034,-0.0019,-0.0282,-0.0121,-0.1096,37.0892,0.0116,-0.0340,0.0013,0.1987,-0.3383,0.7527,buy
2023-10-30,182.3500,5507100,179.4200,184.1600,179.4200,0.0148,0.0073,-0.0140,0.0039,-0.0925,32.3660,0.0128,-0.0312,0.0028,0.3509,0.1956,0.8980,buy
2023-10-31,186.8200,5043000,183.3800,187.2900,181.3200,0.0245,0.0245,0.0066,0.0278,-0.0665,36.2474,0.0152,-0.0265,0.0054,0.5876,-0.0843,0.8376,buy
2023-11-01,189.3800,5832200,189.6900,190.7800,187.5000,0.0137,0.0655,0.0199,0.0398,-0.0498,46.9446,0.0158,-0.0217,0.0078,0.7106,0.1565,0.9816,buy
2023-11-02,192.0100,4313000,190.9000,192.9400,190.3400,0.0139,0.0721,0.0504,0.0489,-0.0331,62.8344,0.0148,-0.0166,0.0100,0.8162,-0.2605,0.7260,buy
2023-11-03,195.0500,4485100,194.0000,197.1400,193.7100,0.0158,0.0855,0.0834,0.0569,-0.0156,66.4928,0.0133,-0.0112,0.0120,0.9128,0.0399,0.7606,sell
2023-11-06,192.9500,4222200,195.8800,196.1500,192.4600,-0.0108,0.0581,0.0658,0.0388,-0.0232,61.4450,0.0146,-0.0080,0.0123,0.7970,-0.0586,0.7182,sell
2023-11-07,191.4100,4012900,192.1700,192.1700,189.5700,-0.0080,0.0246,0.0496,0.0255,-0.0274,58.5220,0.0153,-0.0060,0.0116,0.7395,-0.0496,0.7070,hold
2023-11-08,191.8300,2984200,191.4500,192.4400,190.1400,0.0022,0.0129,0.0793,0.0201,-0.0218,64.5431,0.0111,-0.0042,0.0107,0.7845,-0.2563,0.5470,buy
2023-11-09,193.3300,4576300,193.0300,197.0700,192.5600,0.0078,0.0069,0.0795,0.0203,-0.0106,72.2762,0.0111,-0.0020,0.0102,0.8426,0.5335,0.8473,buy
2023-11-10,196.6500,4788500,195.0000,197.2600,194.2100,0.0172,0.0082,0.0944,0.0286,0.0093,74.2848,0.0114,0.0010,0.0104,0.9298,0.0464,0.9156,buy
2023-11-13,204.5400,13040300,203.4900,206.8500,202.5100,0.0401,0.0601,0.1217,0.0576,0.0518,78.6415,0.0150,0.0063,0.0123,1.0988,1.7233,2.3093,buy
2023-11-14,207.4700,7280100,207.2500,208.5600,205.9800,0.0143,0.0839,0.1105,0.0614,0.0685,90.1675,0.0144,0.0114,0.0138,1.0635,-0.4417,1.2651,buy
2023-11-15,208.7100,5205900,208.2100,211.0900,207.6000,0.0060,0.0880,0.1021,0.0573,0.0759,90.1355,0.0144,0.0157,0.0145,1.0009,-0.2849,0.9131,sell
2023-11-16,206.6000,4655100,207.5000,207.8900,204.8100,-0.0101,0.0686,0.0760,0.0390,0.0661,85.0299,0.0156,0.0183,0.0137,0.8906,-0.1058,0.8121,buy
2023-11-17,208.0400,3564600,208.3600,209.4200,206.8200,0.0070,0.0579,0.0666,0.0394,0.0739,84.5388,0.0153,0.0204,0.0127,0.8785,-0.2343,0.6271,buy
2023-11-20,217.7100,11568100,211.0100,218.8800,210.9400,0.0465,0.0644,0.1283,0.0744,0.1230,86.4355,0.0185,0.0245,0.0137,1.0140,2.2453,1.9104,hold
2023-11-21,218.2700,5362100,216.5000,219.3800,216.0700,0.0026,0.0521,0.1403,0.0631,0.1250,85.7638,0.0175,0.0283,0.0140,0.9539,-0.5365,0.8804,buy
2023-11-22,219.9100,5384400,218.0000,221.5000,217.7000,0.0075,0.0537,0.1464,0.0566,0.1321,85.4061,0.0172,0.0314,0.0137,0.9331,0.0042,0.9497,hold
2023-11-24,220.0000,2312100,220.6100,221.5900,218.9600,0.0004,0.0649,0.1380,0.0437,0.1313,84.2250,0.0176,0.0336,0.0128,0.8920,-0.5706,0.4252,hold
2023-11-27,219.3000,3691200,218.8100,219.5300,217.6600,-0.0032,0.0541,0.1152,0.0293,0.1264,87.5892,0.0183,0.0348,0.0111,0.8466,0.5965,0.6846,buy
2023-11-28,222.3700,7817800,222.0100,224.8000,219.4100,0.0140,0.0214,0.0872,0.0351,0.1402,92.3182,0.0153,0.0359,0.0100,0.8720,1.1180,1.4196,buy
2023-11-29,224.4300,5424400,223.3500,224.9900,221.3400,0.0093,0.0282,0.0817,0.0365,0.1484,92.6478,0.0151,0.0371,0.0092,0.8729,-0.3061,0.9816,buy
2023-11-30,231.6300,8736200,225.0000,233.0000,225.0000,0.0321,0.0533,0.1098,0.0585,0.1817,93.6020,0.0169,0.0392,0.0097,0.9536,0.6105,1.5404,buy
2023-12-01,233.8700,6956200,231.7700,235.3800,231.3800,0.0097,0.0630,0.1320,0.0556,0.1890,93.4407,0.0153,0.0417,0.0100,0.9353,-0.2037,1.1986,hold
2023-12-04,234.8700,5228500,231.3000,234.9400,230.0700,0.0043,0.0710,0.1290,0.0474,0.1896,92.1836,0.0154,0.0436,0.0096,0.9004,-0.2484,0.8952,hold
2023-12-05,234.1600,3589800,233.5400,234.7400,231.4900,-0.0030,0.0530,0.0756,0.0367,0.1818,89.5642,0.0103,0.0446,0.0084,0.8502,-0.3134,0.6180,buy
2023-12-06,236.8900,4740600,234.7800,239.2300,234.4300,0.0117,0.0555,0.0853,0.0402,0.1906,90.0057,0.0103,0.0452,0.0076,0.8636,0.3206,0.8110,hold
2023-12-07,237.3300,6363700,236.9000,238.3000,230.0000,0.0019,0.0246,0.0792,0.0342,0.1878,95.7973,0.0105,0.0456,0.0064,0.8441,0.3424,1.0581,buy
2023-12-08,244.7000,7171200,237.3200,244.7000,237.3200,0.0311,0.0463,0.1123,0.0549,0.2181,96.4286,0.0124,0.0465,0.0068,0.9403,0.1269,1.1672,buy
2023-12-11,248.0800,7545000,243.5000,248.0800,243.3100,0.0138,0.0562,0.1312,0.0564,0.2280,95.7518,0.0114,0.0482,0.0072,0.9577,0.0521,1.2011,hold
2023-12-12,248.6300,5719200,247.9500,250.5700,247.4000,0.0022,0.0618,0.1181,0.0470,0.2233,95.7505,0.0118,0.0496,0.0069,0.9178,-0.2420,0.9668,buy
2023-12-13,250.9100,5513400,249.1000,251.8700,247.5300,0.0092,0.0592,0.1180,0.0450,0.2271,95.8309,0.0118,0.0504,0.0065,0.9098,-0.0360,0.9461,buy
2023-12-14,256.2400,7883600,250.9100,257.1200,249.2600,0.0212,0.0797,0.1062,0.0564,0.2447,96.3902,0.0101,0.0514,0.0068,0.9463,0.4299,1.3224,buy
2023-12-15,264.2700,14995900,255.7000,265.5200,255.7000,0.0313,0.0800,0.1300,0.0760,0.2740,98.4695,0.0121,0.0533,0.0080,1.0118,0.9022,2.3148,sell
2023-12-18,260.4100,6140100,260.6300,263.1300,260.2500,-0.0146,0.0497,0.1087,0.0494,0.2467,90.3137,0.0147,0.0550,0.0073,0.9071,-0.5905,0.9293,buy
2023-12-19,263.5100,6089500,261.0400,265.3400,260.8000,0.0119,0.0598,0.1253,0.0494,0.2525,90.5226,0.0139,0.0554,0.0066,0.9065,-0.0082,0.9615,sell
2023-12-20,260.2500,5151700,262.2500,266.1300,260.1500,-0.0124,0.0372,0.0986,0.0269,0.2292,82.3171,0.0159,0.0553,0.0047,0.8202,-0.1540,0.8148,buy
2023-12-21,262.0200,6487200,265.9500,267.5400,260.1900,0.0068,0.0226,0.1040,0.0239,0.2299,82.1274,0.0157,0.0542,0.0031,0.8168,0.2592,1.0171,sell
2023-12-22,260.4400,4434000,261.8300,262.8400,259.2000,-0.0060,-0.0145,0.0643,0.0115,0.2146,78.8016,0.0145,0.0529,0.0012,0.7664,-0.3165,0.6838,buy
2023-12-26,262.7900,3938600,259.8000,263.7600,259.5400,0.0090,0.0091,0.0593,0.0148,0.2167,81.0993,0.0143,0.0512,-0.0000,0.7839,-0.1117,0.6063,hold
2023-12-27,262.1000,3484900,262.6300,264.6600,260.9000,-0.0026,-0.0054,0.0542,0.0069,0.2049,78.6543,0.0146,0.0496,-0.0014,0.7518,-0.1152,0.5549,sell
2023-12-28,260.3500,5096400,261.5300,262.1000,257.6800,-0.0067,0.0004,0.0376,-0.0034,0.1887,75.4084,0.0150,0.0475,-0.0031,0.7013,0.4624,0.8137,hold
2023-12-29,260.6600,3686600,260.6700,262.2200,259.5600,0.0012,-0.0052,0.0172,-0.0039,0.1820,70.8682,0.0136,0.0451,-0.0044,0.6883,-0.2766,0.6133,sell
2024-01-02,251.7600,5815200,257.2800,258.5900,250.8700,-0.0341,-0.0333,-0.0473,-0.0333,0.1346,54.2047,0.0136,0.0414,-0.0078,0.4700,0.5774,0.9767,sell
2024-01-03,243.9100,7219900,248.3200,250.1300,243.0000,-0.0312,-0.0718,-0.0634,-0.0575,0.0929,45.3780,0.0158,0.0354,-0.0123,0.2571,0.2416,1.1927,hold
2024-01-04,244.9400,5170700,244.5800,248.2800,244.1800,0.0042,-0.0655,-0.0705,-0.0466,0.0913,44.0072,0.0149,0.0295,-0.0144,0.2477,-0.2838,0.8432,buy
2024-01-05,249.0000,3849700,245.0400,250.1900,245.0400,0.0166,-0.0436,-0.0432,-0.0266,0.1028,42.5422,0.0165,0.0255,-0.0142,0.3275,-0.2555,0.6324,sell
2024-01-08,229.0000,40730400,228.0000,233.8500,225.7900,-0.0803,-0.1215,-0.1260,-0.0931,0.0096,20.8561,0.0286,0.0175,-0.0205,-0.1838,9.5801,5.2177,sell
2024-01-09,225.7600,20687500,225.6600,228.7900,223.2000,-0.0141,-0.1033,-0.1332,-0.0934,-0.0087,21.0720,0.0285,0.0082,-0.0242,-0.1229,-0.4921,2.4390,buy
2024-01-10,227.8400,12883700,226.9000,231.6100,226.6400,0.0092,-0.0659,-0.1330,-0.0721,-0.0038,19.7044,0.0285,0.0014,-0.0246,0.0072,-0.3772,1.4726,sell
2024-01-11,222.6600,11830500,228.0700,228.2800,222.6200,-0.0227,-0.0910,-0.1505,-0.0783,-0.0299,19.0821,0.0284,-0.0058,-0.0260,-0.0040,-0.0817,1.3066,sell
2024-01-12,217.7000,11285500,219.9700,222.0700,217.0400,-0.0223,-0.1257,-0.1638,-0.0827,-0.0540,15.3642,0.0282,-0.0135,-0.0273,0.0027,-0.0461,1.2079,sell
2024-01-16,200.5200,35290000,210.0700,210.9800,199.5000,-0.0789,-0.1244,-0.2307,-0.1331,-0.1295,12.3524,0.0333,-0.0278,-0.0342,-0.1004,2.1270,3.2940,buy
2024-01-17,203.0600,20140100,202.6300,206.3000,201.6500,0.0127,-0.1005,-0.1934,-0.1032,-0.1193,12.5611,0.0352,-0.0363,-0.0341,0.0184,-0.4293,1.8358,buy
2024-01-18,211.6100,20046800,205.6400,213.0400,203.3200,0.0421,-0.0712,-0.1324,-0.0520,-0.0836,21.1914,0.0400,-0.0378,-0.0286,0.1616,-0.0046,1.7184,buy
2024-01-19,215.0200,14345400,210.8900,215.1600,209.2300,0.0161,-0.0343,-0.1222,-0.0236,-0.0706,24.6164,0.0408,-0.0379,-0.0230,0.2295,-0.2844,1.1877,hold
2024-01-22,214.9300,10760800,213.0700,217.0000,212.3600,-0.0004,-0.0127,-0.1368,-0.0087,-0.0729,24.3292,0.0398,-0.0380,-0.0185,0.2543,-0.2499,0.8707,sell
2024-01-23,211.5000,9076900,215.3500,216.8500,211.1300,-0.0160,0.0548,-0.0764,-0.0166,-0.0892,25.9211,0.0324,-0.0395,-0.0158,0.2414,-0.1565,0.7268,buy
2024-01-24,214.1300,15119100,209.8300,217.5900,209.3600,0.0124,0.0545,-0.0515,0.0011,-0.0795,31.0028,0.0328,-0.0384,-0.0119,0.2937,0.6657,1.1610,sell
2024-01-25,201.8800,22112500,208.2000,208.7300,198.3200,-0.0572,-0.0460,-0.1139,-0.0446,-0.1326,25.9710,0.0362,-0.0445,-0.0131,0.1785,0.4626,1.5872,buy
2024-01-26,205.4700,9911200,203.0800,206.7500,203.0000,0.0178,-0.0444,-0.0772,-0.0196,-0.1172,25.5806,0.0371,-0.0447,-0.0112,0.2438,-0.5518,0.6954,hold
2024-01-29,205.1900,7535400,206.0600,207.0400,203.8500,-0.0014,-0.0453,-0.0575,-0.0151,-0.1182,32.8483,0.0367,-0.0452,-0.0093,0.2593,-0.2397,0.5242,sell
2024-01-30,200.4400,13321200,203.6500,203.9800,199.1400,-0.0231,-0.0523,-0.0004,-0.0378,-0.1380,32.1489,0.0273,-0.0480,-0.0089,0.2090,0.7678,0.8967,buy
2024-01-31,211.0400,22409400,204.9200,213.7700,203.2500,0.0529,-0.0144,0.0393,0.0092,-0.0928,39.4260,0.0319,-0.0423,-0.0042,0.3872,0.6822,1.4286,hold
2024-02-01,209.8100,10679200,213.8400,214.6300,206.8100,-0.0058,0.0393,-0.0085,0.0042,-0.0982,41.4889,0.0291,-0.0399,-0.0013,0.3856,-0.5234,0.6734,hold
2024-02-02,209.3800,6275300,209.0600,209.5400,206.3500,-0.0020,0.0190,-0.0262,0.0048,-0.0994,44.1375,0.0285,-0.0377,0.0008,0.3971,-0.4124,0.3943,sell
2024-02-05,206.6300,8682500,204.6400,207.3400,202.0000,-0.0131,0.0070,-0.0386,-0.0044,-0.1104,55.4042,0.0287,-0.0370,0.0017,0.3426,0.3836,0.5374,buy
2024-02-06,208.5800,7556900,206.0200,210.6400,203.8900,0.0094,0.0406,-0.0138,0.0064,-0.1011,54.9339,0.0286,-0.0345,0.0030,0.4184,-0.1296,0.5213,buy
2024-02-07,211.9200,7747700,208.7600,213.7700,207.9900,0.0160,0.0042,-0.0103,0.0236,-0.0861,50.3055,0.0288,-0.0307,0.0050,0.5511,0.0252,0.5594,sell
2024-02-08,209.2200,5787700,212.4000,213.1000,208.7200,-0.0127,-0.0028,0.0364,0.0070,-0.0969,44.2023,0.0217,-0.0292,0.0056,0.4865,-0.2530,0.4289,hold
2024-02-09,209.2000,4349700,209.7700,211.4400,207.9000,-0.0001,-0.0009,0.0182,0.0051,-0.0960,44.2643,0.0211,-0.0273,0.0059,0.5171,-0.2485,0.3315,hold
2024-02-12,209.3300,4077400,208.7000,209.8000,207.6000,0.0006,0.0131,0.0202,0.0037,-0.0942,47.6742,0.0211,-0.0255,0.0062,0.5494,-0.0626,0.3195,sell
2024-02-13,204.4600,8263600,206.9000,207.8100,202.3300,-0.0233,-0.0198,0.0201,-0.0215,-0.1132,40.1104,0.0211,-0.0263,0.0049,0.2509,1.0267,0.7242,hold
2024-02-14,203.3800,6503000,205.9500,206.5800,202.2100,-0.0053,-0.0403,-0.0363,-0.0231,-0.1156,51.9883,0.0113,-0.0267,0.0038,0.1840,-0.2131,0.6062,buy
2024-02-15,205.3300,5309100,204.1200,206.5500,203.4000,0.0096,-0.0186,-0.0214,-0.0116,-0.1048,49.8060,0.0120,-0.0256,0.0037,0.3197,-0.1836,0.5314,sell
2024-02-16,203.8900,5986500,204.8800,205.0500,202.8100,-0.0070,-0.0254,-0.0262,-0.0159,-0.1087,48.2546,0.0121,-0.0253,0.0033,0.2551,0.1276,0.6253,hold
2024-02-20,203.3700,5248400,203.5500,205.5800,202.7100,-0.0026,-0.0285,-0.0158,-0.0169,-0.1084,54.4380,0.0116,-0.0250,0.0030,0.2417,-0.1233,0.5645,sell
2024-02-21,201.5700,4171600,202.9000,203.6300,201.2100,-0.0089,-0.0141,-0.0336,-0.0223,-0.1135,30.4420,0.0111,-0.0253,0.0023,0.1595,-0.2052,0.4608,hold
2024-02-22,201.5000,6513500,202.0000,204.1000,200.4000,-0.0003,-0.0092,-0.0492,-0.0177,-0.1104,31.9740,0.0089,-0.0251,0.0020,0.1743,0.5614,0.7554,sell
2024-02-23,200.8300,7433400,200.9900,202.0700,197.1500,-0.0033,-0.0219,-0.0401,-0.0169,-0.1097,31.6445,0.0084,-0.0251,0.0017,0.1379,0.1412,0.9424,hold
2024-02-26,200.5400,4807200,201.0100,202.7500,200.0000,-0.0014,-0.0164,-0.0414,-0.0142,-0.1071,35.3816,0.0084,-0.0248,0.0016,0.1545,-0.3533,0.6298,buy
2024-02-27,201.4000,3932900,200.9300,202.0000,200.0400,0.0043,-0.0097,-0.0379,-0.0061,-0.0993,31.8136,0.0087,-0.0238,0.0020,0.2324,-0.1819,0.5277,buy
2024-02-28,207.0000,9654700,201.1400,208.1000,200.1800,0.0278,0.0269,0.0124,0.0203,-0.0702,38.8182,0.0108,-0.0201,0.0040,0.5724,1.4549,1.3281,sell
2024-02-29,203.7200,6670300,206.4400,206.6200,202.7000,-0.0158,0.0110,0.0017,0.0040,-0.0799,37.8211,0.0119,-0.0191,0.0044,0.3712,-0.3091,1.0290,sell
2024-03-01,200.0000,11609500,204.0000,205.0600,199.0100,-0.0183,-0.0041,-0.0260,-0.0118,-0.0918,32.4962,0.0127,-0.0196,0.0034,0.1500,0.7405,1.7781,hold
2024-03-04,200.5400,7213900,199.5000,201.5400,196.9200,0.0027,0.0000,-0.0164,-0.0075,-0.0841,33.5331,0.0127,-0.0192,0.0030,0.2167,-0.3786,1.0970,hold
2024-03-05,201.1400,5034700,199.4900,202.8500,198.7000,0.0030,-0.0013,-0.0110,-0.0034,-0.0764,42.5959,0.0128,-0.0184,0.0030,0.2803,-0.3021,0.7875,hold
2024-03-06,201.0000,4736600,201.7700,202.3500,199.8600,-0.0007,-0.0290,-0.0028,-0.0038,-0.0718,44.4600,0.0125,-0.0177,0.0029,0.2927,-0.0592,0.7575,buy
2024-03-07,203.0300,5965300,200.7000,203.7300,200.5700,0.0101,-0.0034,0.0076,0.0055,-0.0574,44.6660,0.0129,-0.0160,0.0036,0.4597,0.2594,0.9679,sell
2024-03-08,198.4900,9010200,201.8400,203.8000,198.4600,-0.0224,-0.0075,-0.0117,-0.0158,-0.0730,39.0511,0.0149,-0.0168,0.0026,0.1176,0.5104,1.4246,sell
2024-03-11,192.4900,14160600,194.2100,196.0700,189.8000,-0.0302,-0.0401,-0.0401,-0.0418,-0.0951,31.9509,0.0175,-0.0199,0.0001,-0.2070,0.5716,2.0778,sell
2024-03-12,184.2400,18714800,188.2400,188.5800,183.1600,-0.0429,-0.0840,-0.0852,-0.0749,-0.1277,26.3187,0.0210,-0.0263,-0.0043,-0.3467,0.3216,2.4798,sell
2024-03-13,182.3500,10196100,183.1600,185.9700,182.0800,-0.0103,-0.0928,-0.1191,-0.0730,-0.1302,25.0716,0.0167,-0.0314,-0.0074,-0.1866,-0.4552,1.3339,sell
2024-03-14,181.1500,10016200,182.0000,184.9400,180.5200,-0.0066,-0.1078,-0.1108,-0.0684,-0.1300,24.7304,0.0167,-0.0356,-0.0091,-0.0823,-0.0176,1.2810,buy
2024-03-15,182.5300,10800700,180.9900,184.1800,180.9100,0.0076,-0.0804,-0.0874,-0.0528,-0.1182,27.5044,0.0176,-0.0374,-0.0089,0.0405,0.0783,1.3344,sell
2024-03-18,179.8400,9497800,180.2600,181.1900,177.5200,-0.0147,-0.0657,-0.1032,-0.0566,-0.1257,24.2475,0.0171,-0.0404,-0.0092,0.0375,-0.1206,1.1485,buy
2024-03-19,181.1400,7648000,180.1100,181.8600,179.7400,0.0072,-0.0168,-0.0994,-0.0397,-0.1135,15.5751,0.0176,-0.0410,-0.0080,0.1241,-0.1948,0.9116,buy
2024-03-20,187.7800,12770000,178.9900,188.3000,178.6000,0.0367,0.0298,-0.0658,0.0025,-0.0773,30.5230,0.0230,-0.0369,-0.0041,0.3200,0.6697,1.4480,hold
2024-03-21,187.7000,7436400,189.7900,190.3800,187.5500,-0.0004,0.0362,-0.0755,0.0104,-0.0742,33.5032,0.0223,-0.0345,-0.0013,0.3357,-0.4177,0.8388,hold
2024-03-22,188.8500,7827000,188.7500,192.9400,188.1900,0.0061,0.0346,-0.0486,0.0219,-0.0650,34.5738,0.0221,-0.0315,0.0012,0.3814,0.0525,0.8809,buy
2024-03-25,191.4100,12953000,196.0100,196.1800,189.5000,0.0136,0.0643,-0.0056,0.0363,-0.0493,37.7917,0.0208,-0.0275,0.0038,0.4621,0.6549,1.3939,sell
2024-03-26,187.5000,8972200,192.0200,192.0300,186.8100,-0.0204,0.0351,0.0177,0.0134,-0.0660,34.5255,0.0164,-0.0266,0.0043,0.3716,-0.3073,0.9400,buy
2024-03-27,191.9500,7372800,188.8400,191.9900,188.3300,0.0237,0.0222,0.0526,0.0321,-0.0430,37.9670,0.0171,-0.0227,0.0060,0.5184,-0.1783,0.7818,buy
2024-03-28,192.9900,4471700,192.0000,193.3800,191.2000,0.0054,0.0282,0.0654,0.0311,-0.0368,43.5355,0.0166,-0.0193,0.0074,0.5708,-0.3935,0.4798,sell
2024-04-01,189.5000,5107800,192.2400,192.8700,189.0300,-0.0181,0.0034,0.0382,0.0087,-0.0521,46.2653,0.0183,-0.0183,0.0071,0.4736,0.1423,0.5678,sell
2024-04-02,188.0400,4477200,189.0000,189.2300,187.1300,-0.0077,-0.0176,0.0456,-0.0034,-0.0569,55.7160,0.0176,-0.0178,0.0063,0.4424,-0.1235,0.5054,sell
2024-04-03,184.9200,6609300,187.6800,188.7800,184.2700,-0.0166,-0.0138,0.0209,-0.0219,-0.0698,53.7279,0.0188,-0.0187,0.0046,0.3499,0.4762,0.7395,sell
2024-04-04,183.2900,6513800,185.9300,188.0000,182.8100,-0.0088,-0.0451,-0.0239,-0.0282,-0.0753,53.0659,0.0146,-0.0198,0.0029,0.3048,-0.0144,0.7217,hold
2024-04-05,183.1400,4130400,184.1600,184.6600,182.4400,-0.0008,-0.0510,-0.0243,-0.0267,-0.0732,50.9059,0.0146,-0.0205,0.0019,0.3048,-0.3659,0.4623,sell
2024-04-08,181.5600,6176400,182.1400,184.5500,181.4900,-0.0086,-0.0419,-0.0386,-0.0313,-0.0793,52.6413,0.0144,-0.0216,0.0007,0.2299,0.4954,0.7025,sell
2024-04-09,178.1200,11427800,181.5100,183.0500,176.5700,-0.0189,-0.0528,-0.0694,-0.0429,-0.0942,45.6484,0.0137,-0.0240,-0.0010,0.0767,0.8502,1.3202,sell
2024-04-10,174.6300,9727700,176.3100,178.1000,172.4400,-0.0196,-0.0556,-0.0686,-0.0551,-0.1092,29.1601,0.0136,-0.0275,-0.0032,-0.0221,-0.1488,1.1853,sell
2024-04-11,173.3600,7625100,174.4700,174.7000,171.3800,-0.0073,-0.0542,-0.0968,-0.0524,-0.1132,28.1002,0.0083,-0.0302,-0.0046,-0.0009,-0.2161,0.9439,sell
2024-04-12,169.5500,7568300,172.2000,173.2400,169.3700,-0.0220,-0.0742,-0.1215,-0.0612,-0.1290,22.7401,0.0070,-0.0344,-0.0066,-0.0563,-0.0074,0.9513,sell
2024-04-15,167.8200,6490700,170.7400,171.1800,167.5300,-0.0102,-0.0757,-0.1144,-0.0595,-0.1342,15.8808,0.0068,-0.0380,-0.0079,-0.0195,-0.1424,0.8386,buy
2024-04-16,170.5500,7986700,168.1400,170.6400,167.7500,0.0163,-0.0425,-0.0930,-0.0348,-0.1165,24.6182,0.0113,-0.0382,-0.0068,0.1146,0.2305,1.0420,hold
2024-04-17,170.2100,8162600,170.0000,170.8500,168.1200,-0.0020,-0.0253,-0.0795,-0.0286,-0.1150,12.8757,0.0112,-0.0386,-0.0058,0.1428,0.0220,1.0614,hold
2024-04-18,170.2300,5123000,169.4800,172.0400,169.1000,0.0001,-0.0181,-0.0713,-0.0212,-0.1113,9.7310,0.0115,-0.0384,-0.0044,0.1809,-0.3724,0.7010,hold
2024-04-19,169.8200,4693900,170.0000,172.0000,169.6500,-0.0024,0.0016,-0.0727,-0.0160,-0.1095,10.9213,0.0114,-0.0381,-0.0033,0.2025,-0.0838,0.6546,buy
2024-04-22,170.4800,4724900,169.8200,172.1500,168.1600,0.0039,0.0159,-0.0610,-0.0058,-0.1024,13.9868,0.0120,-0.0369,-0.0018,0.2478,0.0066,0.6735,sell
2024-04-23,169.1800,7632100,170.9500,171.1800,168.4300,-0.0076,-0.0080,-0.0502,-0.0082,-0.1055,15.1152,0.0111,-0.0365,-0.0009,0.2370,0.6153,1.1307,sell
2024-04-24,164.3300,20889300,176.5000,177.6400,162.7400,-0.0287,-0.0345,-0.0590,-0.0308,-0.1270,13.2272,0.0127,-0.0390,-0.0019,0.1415,1.7370,2.8438,buy
2024-04-25,166.8100,12504700,163.5900,168.1300,159.7000,0.0151,-0.0201,-0.0378,-0.0124,-0.1103,20.9533,0.0143,-0.0379,-0.0010,0.2330,-0.4014,1.6449,hold
2024-04-26,167.2200,7208100,165.9800,168.6500,164.9300,0.0025,-0.0153,-0.0137,-0.0086,-0.1046,23.3852,0.0129,-0.0368,0.0000,0.2602,-0.4236,0.9314,buy
2024-04-29,173.4900,7788600,167.9000,173.8100,167.5500,0.0375,0.0177,0.0338,0.0252,-0.0679,42.2237,0.0173,-0.0314,0.0033,0.4874,0.0805,0.9893,sell
2024-04-30,167.8400,8248800,171.4900,174.0700,167.7600,-0.0326,-0.0079,-0.0159,-0.0066,-0.0947,39.3673,0.0200,-0.0314,0.0035,0.2971,0.0591,1.0232,buy
2024-05-01,171.4600,6191900,167.5000,173.8600,167.5000,0.0216,0.0434,0.0073,0.0140,-0.0720,47.2287,0.0212,-0.0280,0.0050,0.4681,-0.2494,0.7701,buy
2024-05-02,178.8500,10223700,173.0000,178.9000,172.2500,0.0431,0.0722,0.0506,0.0524,-0.0296,62.2821,0.0251,-0.0211,0.0084,0.8427,0.6511,1.2428,hold
2024-05-03,179.7900,5416300,179.5900,180.4900,177.9000,0.0053,0.0752,0.0587,0.0517,-0.0222,66.1451,0.0249,-0.0159,0.0107,0.9270,-0.4702,0.6533,sell
2024-05-06,178.3500,11913400,180.8800,183.9800,174.7100,-0.0080,0.0280,0.0462,0.0385,-0.0277,60.9000,0.0253,-0.0125,0.0115,0.8840,1.1995,1.3889,sell
2024-05-07,176.7100,5097500,177.2200,178.3500,176.1300,-0.0092,0.0528,0.0445,0.0245,-0.0341,58.7648,0.0254,-0.0104,0.0111,0.8015,-0.5721,0.6171,buy
2024-05-08,180.3500,4956800,175.9500,181.6600,175.9500,0.0206,0.0518,0.0975,0.0360,-0.0119,62.4325,0.0229,-0.0067,0.0114,0.9555,-0.0276,0.6179,hold
2024-05-09,181.2500,5107400,179.5500,181.7500,179.3100,0.0050,0.0134,0.0866,0.0326,-0.0042,63.8747,0.0228,-0.0035,0.0116,0.9404,0.0304,0.6468,sell
2024-05-10,178.5100,3715500,181.2500,181.8800,177.9200,-0.0151,-0.0071,0.0675,0.0105,-0.0165,59.2789,0.0240,-0.0023,0.0105,0.7772,-0.2725,0.4823,hold
2024-05-13,178.4400,3105200,179.0400,180.7500,178.0700,-0.0004,0.0005,0.0285,0.0073,-0.0146,61.0133,0.0215,-0.0013,0.0092,0.7477,-0.1643,0.4121,buy
2024-05-14,180.7600,4686500,180.2300,183.6600,179.6300,0.0130,0.0229,0.0770,0.0130,0.0004,70.7922,0.0175,0.0006,0.0087,0.8199,0.5092,0.6359,sell
2024-05-15,176.9900,5858900,180.1400,180.6700,176.1700,-0.0209,-0.0186,0.0323,-0.0112,-0.0178,62.4755,0.0189,0.0004,0.0070,0.6340,0.2502,0.8076,buy
2024-05-16,182.9600,6993200,177.6000,183.7600,177.2500,0.0337,0.0094,0.0230,0.0198,0.0174,66.9759,0.0168,0.0028,0.0073,0.8593,0.1936,0.9517,buy
2024-05-17,184.9500,5562400,183.2500,185.3800,181.2200,0.0109,0.0361,0.0287,0.0279,0.0305,63.6169,0.0170,0.0054,0.0080,0.8915,-0.2046,0.7526,buy
2024-05-20,186.6100,6228600,184.6500,188.6300,184.0100,0.0090,0.0458,0.0463,0.0324,0.0411,74.6391,0.0166,0.0081,0.0085,0.9023,0.1198,0.8342,sell
2024-05-21,184.7800,4349100,185.3000,186.3900,183.1100,-0.0098,0.0222,0.0457,0.0177,0.0318,68.3471,0.0167,0.0095,0.0079,0.7990,-0.3018,0.5956,buy
2024-05-22,186.2800,3785400,184.6000,186.8200,183.4100,0.0081,0.0525,0.0329,0.0227,0.0399,62.2164,0.0158,0.0110,0.0075,0.8361,-0.1296,0.5871,sell
2024-05-23,172.2100,17116000,185.7900,186.0000,171.6100,-0.0755,-0.0588,-0.0499,-0.0499,-0.0375,41.2954,0.0295,0.0065,0.0022,0.2263,3.5216,2.5632,buy
2024-05-24,174.5200,9489400,173.2000,174.8600,169.5700,0.0134,-0.0564,-0.0224,-0.0350,-0.0239,45.6879,0.0297,0.0033,-0.0008,0.2922,-0.4456,1.3972,hold
2024-05-28,175.0800,5274400,174.7300,178.4900,173.3800,0.0032,-0.0618,-0.0188,-0.0301,-0.0199,48.1191,0.0298,0.0010,-0.0024,0.3130,-0.4442,0.7912,sell
2024-05-29,171.6500,3666400,173.6100,175.8300,171.6100,-0.0196,-0.0711,-0.0504,-0.0443,-0.0383,39.9119,0.0298,-0.0024,-0.0047,0.1025,-0.3049,0.5696,hold
2024-05-30,172.7500,3924700,172.6400,174.6800,171.5500,0.0064,-0.0726,-0.0240,-0.0359,-0.0312,40.1893,0.0294,-0.0045,-0.0054,0.1505,0.0705,0.6206,buy
2024-05-31,177.6100,5774500,173.1200,177.9000,172.2100,0.0281,0.0314,-0.0292,-0.0058,-0.0028,49.0097,0.0287,-0.0037,-0.0037,0.4221,0.4713,0.9465,buy
2024-06-03,184.5700,8951600,178.0900,186.0100,178.0200,0.0392,0.0576,-0.0021,0.0334,0.0367,55.8571,0.0314,-0.0001,-0.0000,0.7814,0.5502,1.4259,buy
2024-06-04,188.6200,7176800,185.0500,188.8400,183.2500,0.0219,0.0773,0.0108,0.0549,0.0594,57.2697,0.0321,0.0044,0.0035,0.9294,-0.1983,1.1880,hold
2024-06-05,189.8500,5944000,187.9000,190.3400,186.5300,0.0065,0.1060,0.0274,0.0588,0.0665,62.4806,0.0319,0.0082,0.0059,0.9235,-0.1718,0.9771,hold
2024-06-06,191.4200,5942200,188.8300,192.1000,187.3500,0.0083,0.1081,0.0276,0.0645,0.0749,58.9771,0.0319,0.0118,0.0076,0.9293,-0.0003,0.9690,hold
2024-06-07,190.2400,3374500,190.4600,191.9800,189.6600,-0.0062,0.0711,0.1047,0.0474,0.0684,55.7115,0.0168,0.0140,0.0078,0.8428,-0.4321,0.5581,hold
2024-06-10,190.1200,4385000,190.0000,192.6300,189.6000,-0.0006,0.0301,0.0894,0.0378,0.0681,53.9200,0.0171,0.0156,0.0075,0.8041,0.2995,0.7213,sell
2024-06-11,185.5000,5010100,189.3200,189.3200,182.7500,-0.0243,-0.0165,0.0595,0.0069,0.0426,50.7569,0.0200,0.0150,0.0054,0.6176,0.1426,0.8114,sell
2024-06-12,182.6700,5245200,186.5000,187.1600,181.7100,-0.0153,-0.0378,0.0642,-0.0144,0.0273,46.3080,0.0195,0.0131,0.0026,0.5076,0.0469,0.8456,sell
2024-06-13,180.7000,4201000,181.7400,183.8700,178.9900,-0.0108,-0.0560,0.0460,-0.0292,0.0167,61.5384,0.0202,0.0105,-0.0001,0.4251,-0.1991,0.6865,sell
2024-06-14,177.2700,5106000,178.9000,180.2900,175.2200,-0.0190,-0.0682,-0.0019,-0.0474,-0.0019,53.6270,0.0196,0.0068,-0.0031,0.3078,0.2154,0.8474,buy
2024-06-17,178.3900,4790000,176.7500,180.4500,176.3200,0.0063,-0.0617,-0.0335,-0.0382,0.0050,54.3021,0.0144,0.0042,-0.0045,0.3630,-0.0619,0.8001,sell
2024-06-18,174.9900,6179900,177.6100,178.0000,173.8200,-0.0191,-0.0567,-0.0723,-0.0496,-0.0135,54.3444,0.0120,0.0006,-0.0066,0.2603,0.2902,1.0327,buy
2024-06-20,176.3000,5479300,173.0200,176.6500,172.0500,0.0075,-0.0349,-0.0714,-0.0353,-0.0059,54.5925,0.0122,-0.0016,-0.0071,0.3257,-0.1134,0.9070,hold
2024-06-21,176.5600,8628200,176.8300,178.4100,175.6600,0.0015,-0.0229,-0.0776,-0.0260,-0.0046,48.4581,0.0114,-0.0033,-0.0069,0.3522,0.5747,1.3733,buy
2024-06-24,179.1000,7388300,176.1500,180.6000,175.5900,0.0144,0.0103,-0.0586,-0.0059,0.0090,40.7695,0.0134,-0.0033,-0.0056,0.4306,-0.1437,1.2746,sell
2024-06-25,175.1000,7434000,176.2900,178.7600,173.2900,-0.0223,-0.0184,-0.0790,-0.0199,-0.0141,27.1467,0.0142,-0.0052,-0.0060,0.2739,0.0062,1.3056,buy
2024-06-26,178.5000,6553900,174.9600,178.8200,173.7600,0.0194,0.0201,-0.0377,0.0030,0.0038,32.1260,0.0153,-0.0050,-0.0046,0.3974,-0.1184,1.1383,buy
2024-06-27,182.5100,8199000,178.9100,183.6800,178.0100,0.0225,0.0352,-0.0009,0.0257,0.0250,36.9699,0.0168,-0.0029,-0.0021,0.5368,0.2510,1.3701,hold
2024-06-28,182.0100,5899900,182.6000,184.4400,180.6500,-0.0027,0.0309,0.0072,0.0221,0.0208,37.7201,0.0164,-0.0016,-0.0006,0.4959,-0.2804,0.9699,buy
2024-07-01,186.7000,9056700,182.2000,189.4700,182.2000,0.0258,0.0424,0.0532,0.0429,0.0452,45.5095,0.0165,0.0014,0.0020,0.6875,0.5351,1.4497,sell
2024-07-02,185.4200,4110500,186.3400,189.2300,184.5200,-0.0069,0.0589,0.0394,0.0317,0.0362,49.8849,0.0169,0.0033,0.0030,0.6272,-0.5461,0.6845,sell
2024-07-03,184.3100,2764800,185.0500,185.4200,182.8500,-0.0060,0.0325,0.0533,0.0203,0.0284,52.4833,0.0153,0.0042,0.0032,0.5895,-0.3274,0.4780,hold
2024-07-05,184.8300,3290400,184.0000,185.3800,182.2300,0.0028,0.0127,0.0484,0.0183,0.0296,56.5410,0.0153,0.0051,0.0033,0.6316,0.1901,0.5822,buy
2024-07-08,185.8400,9878100,186.9400,191.5000,182.2800,0.0055,0.0210,0.0526,0.0187,0.0327,64.6998,0.0153,0.0062,0.0035,0.7108,2.0021,1.6889,sell
2024-07-09,183.2400,3942900,185.1100,186.2500,183.1500,-0.0140,-0.0185,0.0231,0.0022,0.0164,57.9171,0.0160,0.0059,0.0025,0.6006,-0.6008,0.6709,hold
2024-07-10,183.7300,3583200,183.6000,184.9000,182.8000,0.0027,-0.0091,0.0493,0.0001,0.0173,65.7648,0.0135,0.0058,0.0019,0.6651,-0.0912,0.6139,hold
2024-07-11,183.9100,4840600,184.1700,186.1000,183.4000,0.0010,-0.0022,0.0303,-0.0018,0.0171,64.3099,0.0125,0.0057,0.0015,0.6856,0.3509,0.8305,sell
2024-07-12,182.3100,5129300,183.7300,184.4900,180.4500,-0.0087,-0.0136,-0.0011,-0.0104,0.0066,60.2936,0.0109,0.0049,0.0005,0.5811,0.0596,0.8809,sell
2024-07-15,179.1100,5189000,183.5000,183.7200,178.8800,-0.0176,-0.0362,-0.0159,-0.0263,-0.0119,50.0175,0.0122,0.0028,-0.0013,0.3751,0.0116,0.8837,buy
2024-07-16,186.0500,8546400,180.0500,187.4400,179.2000,0.0387,0.0153,-0.0035,0.0118,0.0256,67.3644,0.0157,0.0040,0.0001,0.7990,0.6470,1.4140,sell
2024-07-17,184.8400,4899600,185.3200,188.4500,183.7900,-0.0065,0.0060,-0.0031,0.0056,0.0183,60.8044,0.0157,0.0045,0.0004,0.6995,-0.4267,0.8099,sell
2024-07-18,180.2300,5354800,184.2400,187.3700,179.8800,-0.0249,-0.0200,-0.0221,-0.0173,-0.0073,46.1924,0.0175,0.0029,-0.0010,0.3725,0.0929,0.8912,hold
2024-07-19,179.6700,5121300,181.4000,181.5000,177.3900,-0.0031,-0.0145,-0.0279,-0.0176,-0.0107,46.1000,0.0174,0.0013,-0.0021,0.3093,-0.0436,0.8549,hold
2024-07-22,178.9000,4883500,181.3600,182.7200,177.2300,-0.0043,-0.0012,-0.0373,-0.0181,-0.0147,35.0460,0.0171,-0.0003,-0.0030,0.2283,-0.0464,0.8415,buy
2024-07-23,186.4800,7614300,179.1000,187.0400,179.0000,0.0424,0.0023,0.0177,0.0217,0.0264,51.6368,0.0220,0.0017,-0.0007,0.7985,0.5592,1.3095,sell
2024-07-24,180.0700,5109100,185.6200,187.0000,179.9700,-0.0344,-0.0258,-0.0199,-0.0115,-0.0090,44.3737,0.0248,0.0006,-0.0016,0.2364,-0.3290,0.8966,buy
2024-07-25,184.3500,6128000,179.4500,188.3500,179.4500,0.0238,0.0229,0.0024,0.0118,0.0139,49.4209,0.0261,0.0015,-0.0005,0.6115,0.1994,1.0794,buy
2024-07-26,186.8900,6272000,185.8600,189.5900,184.6300,0.0138,0.0402,0.0251,0.0232,0.0271,51.2218,0.0262,0.0032,0.0010,0.8260,0.0235,1.1239,hold
2024-07-29,185.4300,3608600,186.7000,187.0800,183.8300,-0.0078,0.0365,0.0353,0.0117,0.0182,52.6177,0.0255,0.0040,0.0014,0.6708,-0.4246,0.6602,buy
2024-07-30,186.8600,4789000,186.1000,188.1300,185.1500,0.0077,0.0020,0.0044,0.0190,0.0256,53.6591,0.0225,0.0051,0.0020,0.8036,0.3271,0.9117,buy
2024-07-31,190.6000,15417000,189.8800,196.9500,183.8600,0.0200,0.0585,0.0312,0.0362,0.0455,57.2199,0.0231,0.0073,0.0035,1.0471,2.2193,2.6498,sell
2024-08-01,178.3100,13887000,190.0000,191.1700,176.6900,-0.0645,-0.0328,-0.0107,-0.0296,-0.0211,46.4925,0.0306,0.0043,0.0001,0.1017,-0.0992,2.1786,sell
2024-08-02,169.9500,11742800,175.2200,175.4600,167.2500,-0.0469,-0.0906,-0.0541,-0.0702,-0.0654,42.6343,0.0340,-0.0025,-0.0054,-0.2192,-0.1544,1.7277,sell
2024-08-05,167.0300,9255100,162.5200,167.6800,162.5000,-0.0172,-0.0992,-0.0663,-0.0802,-0.0796,33.6486,0.0342,-0.0094,-0.0099,-0.1589,-0.2118,1.3679,sell
2024-08-06,165.0400,5817300,168.8900,169.1900,163.3900,-0.0119,-0.1168,-0.1150,-0.0803,-0.0898,33.2033,0.0296,-0.0158,-0.0131,-0.0891,-0.3714,0.8481,sell
2024-08-07,163.2400,5186400,167.0000,167.9800,162.9900,-0.0109,-0.1435,-0.0935,-0.0817,-0.0986,34.8655,0.0285,-0.0217,-0.0152,-0.0358,-0.1085,0.7474,buy
2024-08-08,168.8700,6063800,164.2300,169.3500,164.0000,0.0345,-0.0529,-0.0840,-0.0417,-0.0669,41.1765,0.0300,-0.0224,-0.0129,0.1816,0.1692,0.8662,hold
2024-08-09,167.9100,3635600,168.3900,169.8500,166.9000,-0.0057,-0.0120,-0.1016,-0.0368,-0.0718,41.0490,0.0291,-0.0238,-0.0114,0.1874,-0.4004,0.5249,sell
2024-08-12,164.1300,4715600,167.7300,168.0500,163.5200,-0.0225,-0.0174,-0.1149,-0.0468,-0.0918,30.5956,0.0293,-0.0270,-0.0114,0.1239,0.2971,0.6832,buy
2024-08-13,168.7600,6475500,164.5000,168.8800,162.6200,0.0282,0.0225,-0.0969,-0.0095,-0.0653,39.8674,0.0314,-0.0258,-0.0085,0.2755,0.3732,0.9524,hold
2024-08-14,168.5000,3852700,167.8900,169.7500,167.3300,-0.0015,0.0322,-0.1159,0.0019,-0.0651,34.6978,0.0299,-0.0252,-0.0064,0.2904,-0.4050,0.5711,buy
2024-08-15,176.4100,5942200,170.0000,176.5600,169.9800,0.0469,0.0446,-0.0107,0.0502,-0.0199,40.8328,0.0288,-0.0198,-0.0014,0.5151,0.5423,0.8770,buy
2024-08-16,179.9900,6731500,176.3000,180.5100,176.3000,0.0203,0.0719,0.0591,0.0651,0.0011,45.4116,0.0243,-0.0144,0.0029,0.6143,0.1328,0.9818,hold
2024-08-19,179.6400,3894200,180.0400,180.7000,177.6300,-0.0019,0.0945,0.0755,0.0552,0.0005,43.7972,0.0232,-0.0104,0.0056,0.6034,-0.4215,0.5721,sell
2024-08-20,172.1000,9549100,176.4900,177.5000,170.0400,-0.0420,0.0198,0.0428,0.0067,-0.0396,35.0806,0.0275,-0.0109,0.0046,0.4105,1.4521,1.3832,hold
2024-08-21,173.4300,4493600,173.0000,174.2000,171.0400,0.0077,0.0293,0.0624,0.0085,-0.0303,45.2194,0.0270,-0.0102,0.0042,0.4581,-0.5294,0.6538,hold
2024-08-22,172.7600,2788000,173.0000,175.2100,172.3000,-0.0039,-0.0207,0.0230,0.0023,-0.0327,53.2411,0.0252,-0.0099,0.0036,0.4539,-0.3796,0.4158,buy
2024-08-23,174.9600,4405900,173.8800,176.9200,173.1700,0.0127,-0.0279,0.0420,0.0109,-0.0195,59.3010,0.0252,-0.0084,0.0039,0.5407,0.5803,0.6663,sell
2024-08-26,173.4800,4034300,173.0000,174.9200,172.3000,-0.0085,-0.0343,0.0570,-0.0030,-0.0270,60.0190,0.0239,-0.0080,0.0036,0.5131,-0.0843,0.6081,hold
2024-08-27,173.0500,3295800,173.6200,173.9300,171.2500,-0.0025,0.0055,0.0254,-0.0079,-0.0290,62.0368,0.0227,-0.0077,0.0031,0.5247,-0.1831,0.5025,sell
2024-08-28,170.7100,4550300,172.3000,174.2500,170.1500,-0.0135,-0.0157,0.0131,-0.0226,-0.0413,52.4560,0.0232,-0.0086,0.0019,0.4641,0.3806,0.7564,buy
2024-08-29,172.2600,4119500,171.7100,175.2800,170.6200,0.0091,-0.0029,-0.0235,-0.0114,-0.0323,55.7162,0.0173,-0.0083,0.0017,0.5620,-0.0947,0.7453,buy
2024-08-30,173.7400,4146200,173.1400,174.3600,171.4900,0.0086,-0.0070,-0.0347,0.0007,-0.0237,63.4406,0.0160,-0.0073,0.0021,0.6309,0.0065,0.8055,sell
2024-09-03,161.0200,17925400,167.0300,169.6000,158.3000,-0.0732,-0.0718,-0.1037,-0.0625,-0.0936,41.1725,0.0272,-0.0133,-0.0026,0.0127,3.3233,3.2118,buy
2024-09-04,163.2200,7316300,160.2800,166.7000,160.2800,0.0137,-0.0568,-0.0516,-0.0447,-0.0796,44.2333,0.0257,-0.0161,-0.0044,0.1336,-0.5918,1.2935,hold
2024-09-05,162.1500,4717500,164.1500,164.6200,160.1000,-0.0066,-0.0501,-0.0650,-0.0447,-0.0843,31.6898,0.0253,-0.0189,-0.0057,0.0921,-0.3552,0.8375,sell
2024-09-06,157.6200,7328600,162.5000,162.8500,156.7000,-0.0279,-0.0850,-0.0876,-0.0630,-0.1077,21.9604,0.0262,-0.0237,-0.0081,-0.0198,0.5535,1.2866,buy
2024-09-09,162.9100,9091500,162.3000,164.5500,161.1100,0.0336,-0.0623,-0.0689,-0.0246,-0.0757,31.3406,0.0288,-0.0233,-0.0065,0.2168,0.2406,1.5232,sell
2024-09-10,160.0700,6367100,162.6100,163.9000,157.9300,-0.0174,-0.0059,-0.0773,-0.0338,-0.0896,35.0112,0.0290,-0.0251,-0.0065,0.1275,-0.2997,1.0522,hold
2024-09-11,161.3300,6664800,159.7900,161.8700,156.1000,0.0079,-0.0116,-0.0677,-0.0193,-0.0798,34.8977,0.0294,-0.0251,-0.0053,0.2020,0.0468,1.0997,buy
2024-09-12,162.7700,4742700,159.4200,163.5000,159.0600,0.0089,0.0038,-0.0465,-0.0057,-0.0691,37.7664,0.0296,-0.0241,-0.0035,0.2706,-0.2884,0.7768,sell
2024-09-13,156.7700,19003400,159.7800,162.8900,155.6000,-0.0369,-0.0054,-0.0899,-0.0332,-0.1006,29.6213,0.0309,-0.0271,-0.0046,0.1081,3.0069,2.8119,hold
2024-09-16,155.5500,9955200,156.2500,157.7600,154.0200,-0.0078,-0.0452,-0.1047,-0.0299,-0.1046,29.7949,0.0303,-0.0292,-0.0053,0.1065,-0.4761,1.4387,hold
2024-09-17,156.3900,8123200,156.1700,158.8800,155.1400,0.0054,-0.0230,-0.0288,-0.0218,-0.0967,31.3979,0.0210,-0.0299,-0.0048,0.1625,-0.1840,1.1392,sell
2024-09-18,155.1100,7714400,157.0000,158.4500,154.8000,-0.0082,-0.0386,-0.0497,-0.0249,-0.1012,32.1592,0.0202,-0.0310,-0.0046,0.1581,-0.0503,1.0959,hold
2024-09-19,154.5900,9570000,157.0000,157.1800,154.2700,-0.0034,-0.0503,-0.0466,-0.0235,-0.1012,29.3043,0.0202,-0.0318,-0.0042,0.1757,0.2405,1.3122,sell
2024-09-20,153.2900,13919400,154.0100,154.6400,152.6000,-0.0084,-0.0222,-0.0275,-0.0291,-0.1055,25.9468,0.0186,-0.0329,-0.0041,0.1678,0.4545,1.7733,buy
2024-09-23,156.3000,12476800,153.0000,158.4300,151.6500,0.0196,0.0048,-0.0406,-0.0058,-0.0852,42.8049,0.0159,-0.0310,-0.0022,0.2900,-0.1036,1.5118,hold
2024-09-24,155.8100,7414900,155.8000,155.9000,153.6900,-0.0031,-0.0037,-0.0266,-0.0063,-0.0856,38.0830,0.0152,-0.0300,-0.0009,0.2918,-0.4057,0.8804,sell
2024-09-25,152.2200,9587700,156.4200,157.2200,152.0400,-0.0230,-0.0186,-0.0565,-0.0235,-0.1031,35.2276,0.0159,-0.0313,-0.0012,0.1776,0.2930,1.0974,buy
2024-09-26,154.5800,11414400,153.9400,157.3300,152.6600,0.0155,-0.0001,-0.0503,-0.0031,-0.0859,45.1654,0.0167,-0.0298,-0.0001,0.2920,0.1905,1.2571,buy
2024-09-27,156.3200,7637000,155.3700,157.3300,154.3900,0.0113,0.0198,-0.0029,0.0084,-0.0730,38.1857,0.0130,-0.0274,0.0016,0.3853,-0.3309,0.8251,sell
2024-09-30,152.0400,10902200,154.7900,155.3000,151.2400,-0.0274,-0.0273,-0.0226,-0.0170,-0.0954,36.3109,0.0155,-0.0284,0.0011,0.1268,0.4276,1.1364,buy
2024-10-01,154.2200,12588800,151.4600,156.4000,149.4900,0.0143,-0.0102,-0.0139,-0.0015,-0.0797,38.2480,0.0163,-0.0268,0.0018,0.2974,0.1547,1.3497,sell
2024-10-02,152.8900,4357000,153.7600,154.8500,152.8400,-0.0086,0.0044,-0.0143,-0.0087,-0.0840,33.6098,0.0163,-0.0264,0.0020,0.2282,-0.6539,0.4747,sell
2024-10-03,150.5200,5704800,152.1200,152.7400,150.5100,-0.0155,-0.0263,-0.0263,-0.0214,-0.0950,38.2120,0.0169,-0.0273,0.0012,0.0992,0.3093,0.6182,buy
2024-10-04,155.0000,6657500,152.2600,155.0000,150.8500,0.0298,-0.0084,0.0112,0.0066,-0.0648,49.0762,0.0195,-0.0243,0.0027,0.4322,0.1670,0.7241,buy
2024-10-07,155.9100,6267900,155.0000,158.7600,154.6800,0.0059,0.0255,-0.0025,0.0127,-0.0558,49.1957,0.0186,-0.0216,0.0042,0.5269,-0.0585,0.6923,sell
2024-10-08,154.6500,5336300,155.9900,156.7000,154.1400,-0.0081,0.0028,-0.0074,0.0053,-0.0599,49.2287,0.0187,-0.0203,0.0046,0.4417,-0.1486,0.5928,sell
2024-10-09,149.3700,12488500,152.0500,152.1900,148.8000,-0.0341,-0.0230,-0.0187,-0.0272,-0.0878,42.4523,0.0204,-0.0223,0.0028,0.0175,1.3403,1.3438,sell
2024-10-10,146.6200,11275800,149.0700,149.1100,146.2600,-0.0184,-0.0259,-0.0515,-0.0402,-0.0998,40.7438,0.0201,-0.0250,0.0004,-0.1877,-0.0971,1.1721,buy
2024-10-11,151.0200,10688600,146.3000,151.1200,146.3000,0.0300,-0.0257,-0.0339,-0.0079,-0.0696,42.9450,0.0225,-0.0234,0.0010,0.2533,-0.0521,1.1613,sell
2024-10-14,148.9900,9737000,148.0000,150.0900,146.0200,-0.0134,-0.0444,-0.0201,-0.0193,-0.0798,41.2475,0.0212,-0.0239,0.0007,0.1139,-0.0890,1.0592,buy
2024-10-15,152.3500,11241700,150.5000,153.9500,148.5500,0.0226,-0.0149,-0.0121,0.0041,-0.0573,50.1678,0.0221,-0.0214,0.0021,0.4313,0.1545,1.2024,buy
2024-10-16,154.9000,8356200,151.9100,154.9900,151.3400,0.0167,0.0370,0.0131,0.0195,-0.0403,50.4111,0.0226,-0.0180,0.0041,0.6694,-0.2567,0.8907,hold
2024-10-17,155.3100,6291800,155.0000,157.1400,154.2500,0.0026,0.0593,0.0318,0.0190,-0.0368,48.6565,0.0217,-0.0152,0.0055,0.7023,-0.2471,0.6826,hold
2024-10-18,155.0000,6030200,155.8400,156.3700,153.9000,-0.0020,0.0264,0.0000,0.0170,-0.0371,54.4022,0.0197,-0.0130,0.0062,0.6639,-0.0416,0.6835,buy
2024-10-21,159.8200,13277600,160.2500,163.4400,158.3600,0.0311,0.0727,0.0251,0.0459,-0.0062,57.7220,0.0220,-0.0084,0.0082,1.0282,1.2019,1.4981,hold
2024-10-22,159.8800,7380800,160.5000,160.6600,158.3700,0.0004,0.0494,0.0338,0.0427,-0.0053,59.9886,0.0217,-0.0050,0.0093,0.9712,-0.4441,0.8329,sell
2024-10-23,157.0600,15931500,160.0000,161.4700,153.5300,-0.0176,0.0139,0.0515,0.0192,-0.0214,59.2268,0.0189,-0.0037,0.0086,0.7371,1.1585,1.7358,sell
2024-10-24,155.2000,9774400,152.6100,155.8900,151.9800,-0.0118,-0.0007,0.0585,0.0016,-0.0314,50.3047,0.0181,-0.0036,0.0071,0.5983,-0.3865,1.0745,hold
2024-10-25,155.0100,8153000,156.2000,157.4800,154.5200,-0.0012,0.0001,0.0264,-0.0022,-0.0300,48.5981,0.0161,-0.0035,0.0058,0.5902,-0.1659,0.8938,sell
2024-10-28,150.6900,20992500,153.5000,155.2000,150.6100,-0.0279,-0.0571,0.0114,-0.0311,-0.0535,44.3686,0.0182,-0.0058,0.0030,0.2795,1.5748,2.1807,buy
2024-10-29,152.9800,66387700,147.8600,155.9900,147.5800,0.0152,-0.0432,0.0041,-0.0167,-0.0359,55.6108,0.0174,-0.0061,0.0020,0.4507,2.1624,5.3901,buy
2024-10-30,154.2900,50738400,152.5100,156.9100,152.5100,0.0086,-0.0176,-0.0039,-0.0079,-0.0255,62.4797,0.0167,-0.0057,0.0019,0.5409,-0.2357,3.4668,sell
2024-10-31,149.3100,29388200,154.3100,154.4800,147.8800,-0.0323,-0.0380,-0.0386,-0.0362,-0.0540,47.2692,0.0195,-0.0081,-0.0002,0.1891,-0.4208,1.8577,buy
2024-11-01,154.5900,18894500,152.7800,156.0000,151.2300,0.0354,-0.0027,-0.0026,-0.0019,-0.0183,58.1018,0.0231,-0.0067,0.0007,0.5674,-0.3571,1.1499,hold
2024-11-04,155.0700,10290400,154.6200,156.7200,152.4600,0.0031,0.0291,-0.0297,0.0043,-0.0128,54.2929,0.0204,-0.0055,0.0015,0.6054,-0.4554,0.6187,sell
2024-11-05,151.0000,23126600,157.4700,157.6600,150.6500,-0.0262,-0.0129,-0.0555,-0.0164,-0.0359,44.1265,0.0217,-0.0068,0.0003,0.3275,1.2474,1.3198,sell
2024-11-06,147.1600,28069300,152.3000,153.2000,144.1300,-0.0254,-0.0462,-0.0630,-0.0352,-0.0573,38.8752,0.0223,-0.0099,-0.0020,0.0817,0.2137,1.5337,buy
2024-11-07,150.9800,14709200,148.8000,152.8000,148.0300,0.0260,0.0112,-0.0272,-0.0074,-0.0304,44.9925,0.0243,-0.0097,-0.0017,0.3111,-0.4760,0.7963,hold
2024-11-08,151.6800,12996800,151.1200,152.6000,149.4300,0.0046,-0.0188,-0.0215,-0.0006,-0.0233,38.7007,0.0244,-0.0093,-0.0010,0.3596,-0.1164,0.6992,sell
2024-11-11,148.9600,12799100,152.0000,152.5000,148.0700,-0.0179,-0.0394,-0.0115,-0.0174,-0.0378,35.8842,0.0235,-0.0105,-0.0016,0.1571,-0.0152,0.6829,sell
2024-11-12,145.1700,16746700,148.4000,148.5000,143.8500,-0.0254,-0.0386,-0.0511,-0.0375,-0.0603,35.0063,0.0239,-0.0135,-0.0036,-0.0228,0.3084,0.8806,sell
2024-11-13,139.9700,21249600,145.5800,145.5800,139.1000,-0.0358,-0.0489,-0.0928,-0.0631,-0.0913,32.2866,0.0252,-0.0191,-0.0070,-0.1476,0.2689,1.0808,sell
2024-11-14,138.1400,15646700,140.8000,141.5500,137.2200,-0.0131,-0.0850,-0.0748,-0.0683,-0.1003,31.1002,0.0239,-0.0242,-0.0096,-0.0873,-0.2637,0.7773,buy
2024-11-15,140.1900,12120100,138.1400,140.3200,137.0300,0.0148,-0.0758,-0.0931,-0.0452,-0.0849,37.6062,0.0205,-0.0262,-0.0094,0.0701,-0.2254,0.5931,buy
2024-11-18,143.8700,12251600,140.2600,144.6900,138.2000,0.0263,-0.0342,-0.0722,-0.0126,-0.0586,39.5886,0.0232,-0.0249,-0.0069,0.2426,0.0108,0.6011,buy
2024-11-19,145.6000,8247300,143.0000,145.9900,142.6900,0.0120,0.0030,-0.0358,0.0029,-0.0454,40.1630,0.0229,-0.0230,-0.0041,0.3334,-0.3268,0.4038,hold
2024-11-20,146.0800,9232100,146.0400,147.3000,145.0200,0.0033,0.0437,-0.0073,0.0070,-0.0404,45.9289,0.0216,-0.0211,-0.0018,0.3732,0.1194,0.4595,sell
2024-11-21,143.4100,7845100,146.3900,146.4200,141.3400,-0.0183,0.0381,-0.0501,-0.0062,-0.0555,34.9164,0.0200,-0.0213,-0.0013,0.2721,-0.1502,0.3924,buy
2024-11-22,149.2900,13353100,143.6100,150.3400,143.4900,0.0410,0.0649,-0.0158,0.0362,-0.0158,43.1936,0.0247,-0.0169,0.0018,0.5681,0.7021,0.6593,buy
2024-11-25,153.1000,11479400,150.7000,153.2800,150.2600,0.0255,0.0642,0.0278,0.0596,0.0096,52.4882,0.0253,-0.0116,0.0053,0.7469,-0.1403,0.5804,sell
2024-11-26,150.7600,8235000,152.5000,153.1400,149.8000,-0.0153,0.0354,0.0385,0.0394,-0.0051,54.4226,0.0242,-0.0090,0.0065,0.6405,-0.2826,0.4881,buy
2024-11-27,152.4000,5210100,151.1100,152.9100,150.2500,0.0109,0.0433,0.0888,0.0418,0.0061,51.8432,0.0197,-0.0058,0.0077,0.7317,-0.3673,0.3570,buy
2024-11-29,155.4400,7100100,153.0000,157.5000,152.8500,0.0199,0.0839,0.1252,0.0502,0.0261,54.6011,0.0184,-0.0017,0.0092,0.8506,0.3628,0.5267,buy
2024-12-02,156.5400,10097900,155.9100,160.3500,155.7000,0.0071,0.0486,0.1166,0.0460,0.0329,59.6585,0.0184,0.0021,0.0103,0.8881,0.4222,0.7744,sell
2024-12-03,155.0000,6130300,156.0000,156.6500,154.4200,-0.0098,0.0124,0.0774,0.0281,0.0229,63.2874,0.0187,0.0042,0.0100,0.8165,-0.3929,0.4777,buy
2024-12-04,158.2800,9269300,155.8800,160.2000,154.2100,0.0212,0.0499,0.0871,0.0411,0.0442,76.1049,0.0191,0.0073,0.0104,0.9193,0.5120,0.7636,sell
2024-12-05,156.6700,7119800,158.5000,160.0200,156.0500,-0.0102,0.0280,0.0725,0.0234,0.0330,76.5854,0.0200,0.0091,0.0097,0.8147,-0.2319,0.6419,sell
2024-12-06,153.9300,8182700,157.0300,158.9500,153.3700,-0.0175,-0.0097,0.0734,-0.0014,0.0150,69.3303,0.0199,0.0090,0.0078,0.6924,0.1493,0.7601,buy
2024-12-09,157.0400,13540000,154.2700,161.9500,154.2700,0.0202,0.0032,0.0519,0.0137,0.0354,68.8304,0.0168,0.0102,0.0071,0.7975,0.6547,1.2545,buy
2024-12-10,164.1000,17149200,160.0000,166.6800,159.4200,0.0450,0.0587,0.0718,0.0518,0.0803,72.9528,0.0202,0.0140,0.0089,0.9856,0.2666,1.5576,buy
2024-12-11,165.9600,13116600,165.5200,169.3000,164.3800,0.0113,0.0485,0.1008,0.0535,0.0908,73.8484,0.0186,0.0179,0.0103,0.9683,-0.2351,1.2113,buy
2024-12-12,167.7500,10617700,168.2300,168.8200,165.6500,0.0108,0.0707,0.1007,0.0546,0.1004,79.8284,0.0186,0.0216,0.0112,0.9609,-0.1905,1.0311,buy
2024-12-13,169.6500,9754900,168.0000,170.4300,166.3300,0.0113,0.1021,0.0914,0.0571,0.1101,77.6480,0.0183,0.0249,0.0117,0.9659,-0.0813,0.9752,buy
2024-12-16,173.1700,13050700,168.0900,175.2000,166.1000,0.0207,0.1027,0.1062,0.0679,0.1305,77.4706,0.0186,0.0285,0.0125,1.0025,0.3379,1.2987,hold
2024-12-17,173.0300,13557100,173.0400,175.7900,171.7100,-0.0008,0.0544,0.1163,0.0553,0.1270,82.4352,0.0177,0.0314,0.0123,0.9396,0.0388,1.3404,hold
2024-12-18,172.6200,15437200,173.2800,177.9400,171.0000,-0.0024,0.0401,0.0906,0.0437,0.1217,80.5438,0.0178,0.0331,0.0112,0.8829,0.1387,1.4739,buy
2024-12-19,177.0400,14777100,175.0000,179.5800,173.7200,0.0256,0.0554,0.1300,0.0574,0.1463,81.3225,0.0172,0.0352,0.0110,0.9442,-0.0428,1.3745,hold
2024-12-20,177.3500,23233700,176.8600,182.0000,175.3100,0.0018,0.0454,0.1521,0.0446,0.1438,80.8845,0.0143,0.0371,0.0104,0.9135,0.5723,2.0167,hold
2024-12-23,177.6900,8486400,178.1200,179.6500,174.2900,0.0019,0.0261,0.1315,0.0341,0.1420,84.9184,0.0146,0.0384,0.0094,0.8791,-0.6347,0.7525,buy
2024-12-24,179.3400,4317000,177.6900,180.9500,177.5000,0.0093,0.0365,0.0929,0.0345,0.1482,84.1218,0.0092,0.0393,0.0085,0.8756,-0.4913,0.3954,buy
2024-12-26,180.3800,5905700,178.9800,182.5700,178.3300,0.0058,0.0450,0.0869,0.0319,0.1507,89.1383,0.0092,0.0401,0.0076,0.8634,0.3680,0.5467,hold
2024-12-27,180.7200,6806900,180.0100,181.4300,179.4000,0.0019,0.0208,0.0773,0.0262,0.1491,98.0280,0.0093,0.0406,0.0064,0.8376,0.1526,0.6255,sell
2024-12-30,176.5500,18082300,173.7200,178.1700,170.1500,-0.0231,-0.0045,0.0407,-0.0014,0.1195,83.6960,0.0133,0.0396,0.0037,0.7085,1.6565,1.5818,hold
2024-12-31,177.0000,9748600,177.5400,179.3500,175.8200,0.0025,-0.0039,0.0221,-0.0010,0.1193,78.8720,0.0119,0.0377,0.0015,0.6992,-0.4609,0.8541,sell
2025-01-02,171.8700,12450000,178.3100,179.1900,169.8200,-0.0290,-0.0417,-0.0067,-0.0293,0.0852,61.5384,0.0155,0.0346,-0.0021,0.5399,0.2771,1.0614,sell
2025-01-03,169.9000,10513800,171.4000,173.9800,169.8000,-0.0115,-0.0581,-0.0158,-0.0389,0.0714,54.1683,0.0159,0.0303,-0.0055,0.4631,-0.1555,0.8916,buy
2025-01-06,170.7800,11133400,173.5000,173.9400,170.1900,0.0052,-0.0550,-0.0354,-0.0305,0.0751,52.2810,0.0131,0.0265,-0.0072,0.4653,0.0589,0.9283,buy
2025-01-07,172.5100,7045000,171.1700,175.0200,170.8000,0.0101,-0.0229,-0.0273,-0.0180,0.0836,48.5640,0.0137,0.0240,-0.0076,0.4911,-0.3672,0.5902,sell
2025-01-08,171.7600,5108700,171.1500,173.7800,169.6100,-0.0043,-0.0296,-0.0334,-0.0190,0.0766,47.3082,0.0136,0.0217,-0.0080,0.4098,-0.2748,0.4437,hold
2025-01-10,172.0000,7556800,171.4900,173.5400,167.4100,0.0014,0.0008,-0.0409,-0.0135,0.0753,48.6764,0.0130,0.0196,-0.0080,0.3893,0.4792,0.6848,sell
2025-01-13,170.5700,6049600,171.1800,172.5000,167.9100,-0.0083,0.0039,-0.0544,-0.0161,0.0640,34.1655,0.0126,0.0173,-0.0085,0.2712,-0.1994,0.5664,sell
2025-01-14,167.0200,7966900,171.3700,171.8800,164.6200,-0.0208,-0.0220,-0.0758,-0.0289,0.0402,28.1791,0.0132,0.0137,-0.0100,0.0502,0.3169,0.7552,sell
2025-01-15,166.2000,6451000,169.0100,169.9900,165.9700,-0.0049,-0.0366,-0.0586,-0.0278,0.0329,26.2112,0.0120,0.0102,-0.0110,0.0406,-0.1903,0.6213,buy
2025-01-16,168.9300,5812300,166.7900,170.6400,166.5700,0.0164,-0.0165,-0.0456,-0.0072,0.0480,29.3698,0.0138,0.0084,-0.0099,0.2261,-0.0990,0.5800,buy
2025-01-17,171.0900,9557100,169.8000,171.7700,169.4500,0.0128,-0.0053,-0.0045,0.0060,0.0593,32.3719,0.0117,0.0080,-0.0081,0.3579,0.6443,0.9730,buy
2025-01-21,175.5600,8755300,172.3800,177.0900,171.9300,0.0261,0.0293,0.0333,0.0288,0.0837,41.5354,0.0137,0.0095,-0.0050,0.6056,-0.0839,0.9228,sell
2025-01-22,174.8000,5134400,175.2900,176.2300,173.8800,-0.0043,0.0466,0.0235,0.0220,0.0753,46.7676,0.0138,0.0104,-0.0033,0.5695,-0.4136,0.5701,buy
2025-01-23,178.5000,7097300,174.0100,178.6700,173.7500,0.0212,0.0740,0.0347,0.0399,0.0944,52.4736,0.0149,0.0124,-0.0008,0.7769,0.3823,0.8656,sell
2025-01-24,176.0600,9304200,176.0000,180.4300,174.3700,-0.0137,0.0422,0.0250,0.0232,0.0762,57.5823,0.0157,0.0130,-0.0003,0.6442,0.3109,1.1292,sell
2025-01-27,175.1600,7148600,175.5500,178.1800,174.4000,-0.0051,0.0238,0.0184,0.0161,0.0673,59.9021,0.0159,0.0129,-0.0003,0.6090,-0.2317,0.8529,buy
2025-01-28,177.7800,22768900,181.3100,188.4800,174.0200,0.0150,0.0126,0.0423,0.0270,0.0790,62.3675,0.0160,0.0137,0.0005,0.7903,2.1851,2.4683,sell
2025-01-29,173.6600,12263500,179.1300,182.5500,170.6500,-0.0232,-0.0065,0.0398,-0.0007,0.0497,51.8736,0.0164,0.0127,-0.0007,0.5554,-0.4614,1.2913,buy
2025-01-30,179.5300,6996300,174.5900,179.9400,173.7200,0.0338,0.0058,0.0802,0.0253,0.0797,60.8489,0.0185,0.0137,0.0006,0.9368,-0.4295,0.7823,sell
2025-01-31,176.5200,6104000,180.5100,181.7800,175.7400,-0.0168,0.0026,0.0449,0.0037,0.0570,55.8580,0.0197,0.0136,0.0002,0.7376,-0.1275,0.6967,hold
2025-02-03,175.8700,6501700,174.1100,178.2000,173.1300,-0.0037,0.0041,0.0279,-0.0027,0.0491,57.0106,0.0196,0.0129,-0.0004,0.6780,0.0652,0.7682,hold
2025-02-04,176.2300,4503600,176.9000,177.4500,174.2500,0.0020,-0.0087,0.0038,-0.0010,0.0474,63.3054,0.0179,0.0123,-0.0008,0.6822,-0.3073,0.5517,buy
2025-02-05,181.8400,7430400,176.0000,181.8600,175.5100,0.0318,0.0471,0.0403,0.0267,0.0762,69.8477,0.0203,0.0139,0.0009,0.9751,0.6499,0.9314,buy
2025-02-06,184.8000,6919400,182.0000,185.8500,182.0000,0.0163,0.0294,0.0353,0.0397,0.0884,70.0227,0.0199,0.0162,0.0028,1.0363,-0.0688,0.8680,sell
2025-02-07,181.4900,5392300,185.2600,186.1100,180.9300,-0.0179,0.0282,0.0308,0.0180,0.0648,62.7514,0.0203,0.0169,0.0026,0.8225,-0.2207,0.6752,hold
2025-02-10,180.5500,3989100,183.1200,183.5500,179.9000,-0.0052,0.0266,0.0308,0.0096,0.0559,56.6980,0.0203,0.0168,0.0019,0.7485,-0.2602,0.5109,hold
2025-02-11,180.4400,4366700,179.7800,182.1400,177.6000,-0.0006,0.0239,0.0150,0.0075,0.0516,57.7049,0.0199,0.0163,0.0012,0.7198,0.0947,0.5654,buy
2025-02-12,186.2500,7686800,178.3400,186.2700,178.2500,0.0322,0.0243,0.0725,0.0327,0.0812,60.0103,0.0200,0.0178,0.0025,0.9644,0.7603,0.9971,hold
2025-02-13,185.4400,6846300,187.0000,188.2400,185.0900,-0.0043,0.0035,0.0329,0.0249,0.0728,62.6483,0.0178,0.0188,0.0028,0.9048,-0.1093,0.8858,sell
2025-02-14,184.4200,5044700,186.7500,186.8200,183.5800,-0.0055,0.0161,0.0448,0.0148,0.0635,62.4462,0.0168,0.0191,0.0023,0.8300,-0.2631,0.6560,hold
2025-02-18,184.9700,6929600,185.6800,188.6600,184.2200,0.0030,0.0245,0.0517,0.0127,0.0630,60.2334,0.0165,0.0191,0.0020,0.8370,0.3736,0.9167,buy
2025-02-19,186.1500,7264800,185.3100,187.2300,181.8300,0.0064,0.0316,0.0563,0.0137,0.0663,69.4004,0.0165,0.0194,0.0019,0.8638,0.0484,0.9706,sell
2025-02-20,180.8800,7863000,185.5800,185.8000,180.1100,-0.0283,-0.0288,-0.0053,-0.0145,0.0333,52.1368,0.0168,0.0177,-0.0003,0.5343,0.0823,1.0317,sell
2025-02-21,177.1500,8980300,181.2800,182.2000,174.7100,-0.0206,-0.0447,-0.0414,-0.0308,0.0093,50.9749,0.0168,0.0144,-0.0032,0.3091,0.1421,1.1640,buy
2025-02-24,179.9100,8392900,177.4800,183.0400,176.5500,0.0156,-0.0245,-0.0087,-0.0148,0.0223,55.8687,0.0171,0.0124,-0.0039,0.4657,-0.0654,1.0943,sell
2025-02-25,178.2700,5613900,180.4500,181.8800,176.3400,-0.0091,-0.0362,-0.0126,-0.0226,0.0114,52.8572,0.0172,0.0102,-0.0050,0.3459,-0.3311,0.7394,sell
2025-02-26,173.0400,7111700,179.4900,179.4900,171.8300,-0.0293,-0.0704,-0.0410,-0.0474,-0.0191,37.5425,0.0194,0.0062,-0.0076,0.0543,0.2668,1.0443,hold
2025-02-27,173.8300,4695200,174.5200,177.1500,173.5900,0.0046,-0.0390,-0.0667,-0.0365,-0.0153,33.4540,0.0152,0.0030,-0.0086,0.1004,-0.3398,0.7300,buy
2025-02-28,174.6300,5803300,174.3600,176.3000,173.4800,0.0046,-0.0142,-0.0583,-0.0262,-0.0113,38.8055,0.0156,0.0009,-0.0085,0.1795,0.2360,0.9108,sell
2025-03-03,170.0600,6045600,177.0200,178.4000,169.4600,-0.0262,-0.0547,-0.0779,-0.0440,-0.0368,34.6951,0.0169,-0.0029,-0.0101,-0.0086,0.0418,0.9492,sell
2025-03-04,158.9000,15870200,167.3700,168.3800,156.6900,-0.0656,-0.1087,-0.1409,-0.0935,-0.0986,26.2357,0.0243,-0.0119,-0.0156,-0.2526,1.6251,2.3211,buy
2025-03-05,163.1600,7355800,159.9600,164.3300,158.8100,0.0268,-0.0571,-0.1235,-0.0568,-0.0734,23.6235,0.0269,-0.0161,-0.0158,-0.0029,-0.5365,1.0538,sell
2025-03-06,158.4300,6892600,161.4200,162.6900,157.9400,-0.0290,-0.0886,-0.1241,-0.0721,-0.0984,21.6817,0.0270,-0.0224,-0.0177,-0.0386,-0.0630,0.9913,sell
2025-03-07,154.1800,12526700,157.1900,158.3600,149.0500,-0.0268,-0.1171,-0.1297,-0.0847,-0.1203,20.3064,0.0273,-0.0296,-0.0198,-0.0422,0.8174,1.7317,sell
2025-03-10,148.1500,10204000,150.0300,150.3900,146.3000,-0.0391,-0.1288,-0.1765,-0.1036,-0.1518,17.3582,0.0263,-0.0391,-0.0231,-0.0601,-0.1854,1.3652,buy
2025-03-11,154.0600,10030500,148.0000,155.0100,145.4500,0.0399,-0.0305,-0.1358,-0.0539,-0.1154,23.7527,0.0322,-0.0404,-0.0200,0.1202,-0.0170,1.2899,buy
2025-03-12,158.8000,8706900,157.0000,159.5400,153.6100,0.0308,-0.0267,-0.0823,-0.0162,-0.0859,31.7822,0.0345,-0.0384,-0.0149,0.2441,-0.1320,1.0893,hold
2025-03-13,159.3200,5701600,159.2200,161.7400,157.2500,0.0033,0.0056,-0.0835,-0.0041,-0.0807,34.4660,0.0345,-0.0371,-0.0109,0.2777,-0.3452,0.7223,buy
2025-03-14,161.8100,5215100,160.9200,162.3200,159.2000,0.0156,0.0495,-0.0734,0.0197,-0.0647,34.1562,0.0351,-0.0339,-0.0065,0.3476,-0.0853,0.6675,hold
2025-03-17,161.8500,5602700,160.5000,162.7700,159.6200,0.0002,0.0925,-0.0483,0.0252,-0.0628,35.2126,0.0345,-0.0314,-0.0032,0.3669,0.0743,0.7146,hold
2025-03-18,161.5700,4195200,161.4400,162.2300,158.7900,-0.0017,0.0487,0.0168,0.0217,-0.0633,38.6593,0.0270,-0.0293,-0.0009,0.3794,-0.2512,0.5446,buy
2025-03-19,172.6200,14114800,165.3200,174.2000,165.0000,0.0684,0.0870,0.0580,0.0851,0.0004,49.0054,0.0336,-0.0204,0.0050,0.6691,2.3645,1.7542,hold
2025-03-20,172.8300,4934400,171.1400,173.1000,170.3100,0.0012,0.0848,0.0909,0.0767,0.0014,48.5060,0.0314,-0.0146,0.0086,0.6946,-0.6504,0.6246,buy
2025-03-21,178.1100,26802400,172.0600,183.4600,170.7700,0.0306,0.1007,0.1552,0.0933,0.0313,56.6038,0.0293,-0.0072,0.0122,0.8337,4.4317,3.0489,buy
2025-03-24,180.9000,9986100,182.0300,184.4000,180.4400,0.0157,0.1177,0.2211,0.0885,0.0464,70.9205,0.0224,-0.0005,0.0150,0.9037,-0.6274,1.1258,buy
2025-03-25,182.5900,7174400,182.1600,183.8500,180.3600,0.0093,0.1301,0.1852,0.0802,0.0548,69.4261,0.0215,0.0055,0.0166,0.9272,-0.2816,0.8017,sell
2025-03-26,178.5500,6615900,182.5300,183.2300,177.2800,-0.0221,0.0344,0.1244,0.0441,0.0305,70.3974,0.0241,0.0085,0.0159,0.8074,-0.0778,0.7414,hold
2025-03-27,179.1100,4788600,178.5300,182.2200,178.0300,0.0031,0.0363,0.1242,0.0354,0.0323,77.3176,0.0241,0.0108,0.0146,0.8064,-0.2762,0.5363,sell
2025-03-28,173.3100,8211100,177.7500,178.5000,172.4500,-0.0324,-0.0269,0.0711,-0.0048,-0.0019,77.7093,0.0278,0.0103,0.0114,0.6681,0.7147,0.9074,sell
2025-03-31,170.5500,7477500,170.6500,172.2100,166.7900,-0.0159,-0.0572,0.0538,-0.0255,-0.0180,69.5148,0.0287,0.0084,0.0076,0.6001,-0.0893,0.8199,sell
2025-04-01,168.1700,8252800,170.0000,170.9800,164.2200,-0.0140,-0.0790,0.0408,-0.0427,-0.0314,61.7448,0.0293,0.0056,0.0038,0.5313,0.1037,0.9443,hold
2025-04-02,168.5600,5826600,166.4000,170.3800,165.5500,0.0023,-0.0560,-0.0235,-0.0383,-0.0283,61.6197,0.0189,0.0035,0.0013,0.5344,-0.2940,0.6726,sell
2025-04-03,150.9100,15877400,160.0000,160.2100,150.4100,-0.1047,-0.1574,-0.1268,-0.1281,-0.1277,40.0765,0.0374,-0.0074,-0.0078,0.1236,1.7250,1.7424,sell
2025-04-04,136.5900,22282000,143.3000,146.0000,132.7900,-0.0949,-0.2119,-0.2331,-0.1914,-0.2066,31.7485,0.0420,-0.0261,-0.0213,-0.0983,0.4034,2.3210,buy
2025-04-07,138.8600,18825000,132.0500,143.9700,128.8800,0.0166,-0.1858,-0.2324,-0.1570,-0.1899,34.0497,0.0421,-0.0380,-0.0266,-0.0071,-0.1551,1.8767,hold
2025-04-08,139.3900,14527900,146.8500,147.7700,137.4000,0.0038,-0.1711,-0.2366,-0.1310,-0.1834,22.6141,0.0416,-0.0467,-0.0283,0.0525,-0.2283,1.4165,buy
2025-04-09,160.8200,16775200,138.8500,162.4300,137.9400,0.1537,-0.0459,-0.0993,0.0138,-0.0560,42.6670,0.0705,-0.0354,-0.0155,0.4291,0.1547,1.5738,sell
2025-04-10,155.5200,10375000,154.9800,157.3500,149.4100,-0.0330,0.0305,-0.1317,-0.0048,-0.0852,36.2105,0.0708,-0.0348,-0.0114,0.3398,-0.3815,0.9524,hold
2025-04-11,156.8400,8810700,154.6200,157.5900,152.0000,0.0085,0.1483,-0.0950,0.0144,-0.0749,35.0448,0.0706,-0.0320,-0.0071,0.3682,-0.1508,0.7957,hold
2025-04-14,159.2800,7288700,159.8200,162.5500,157.6000,0.0156,0.1471,-0.0661,0.0377,-0.0586,35.6448,0.0709,-0.0280,-0.0028,0.4133,-0.1727,0.6533,sell
2025-04-15,155.5200,11541100,155.2800,159.1200,155.2800,-0.0236,0.1157,-0.0752,0.0216,-0.0786,35.7681,0.0711,-0.0275,-0.0013,0.3543,0.5834,1.0015,hold
2025-04-16,156.4700,6809600,154.3700,157.6600,153.5400,0.0061,-0.0270,-0.0717,0.0361,-0.0708,36.0763,0.0712,-0.0256,0.0003,0.3842,-0.4100,0.6102,buy
2025-04-17,161.9000,9227300,157.1300,163.9000,157.0000,0.0347,0.0410,0.0728,0.0643,-0.0363,42.9507,0.0627,-0.0205,0.0037,0.4877,0.3550,0.8113,hold
2025-04-21,159.3400,5703800,160.0000,160.0000,156.4700,-0.0158,0.0159,0.1666,0.0320,-0.0487,43.0571,0.0523,-0.0185,0.0049,0.4579,-0.3819,0.5528,buy
2025-04-22,162.5200,9147300,162.5000,163.0900,158.5000,0.0200,0.0203,0.1704,0.0367,-0.0275,46.5350,0.0523,-0.0145,0.0067,0.5342,0.6037,0.8901,buy
2025-04-23,172.3700,16264700,174.0000,176.5800,169.9100,0.0606,0.1083,0.2366,0.0769,0.0325,52.0936,0.0538,-0.0063,0.0109,0.7471,0.7781,1.5156,buy
2025-04-24,176.2600,10984200,171.2000,177.4000,169.0000,0.0226,0.1265,0.0960,0.0907,0.0563,66.4120,0.0281,0.0013,0.0145,0.8333,-0.3247,1.0031,buy
2025-04-25,177.9500,7644200,176.5000,180.3300,175.8600,0.0096,0.0991,0.1442,0.0861,0.0675,82.0124,0.0239,0.0078,0.0167,0.8722,-0.3041,0.6891,buy
2025-04-28,182.3000,9302600,182.7500,184.5300,180.7500,0.0244,0.1441,0.1623,0.0956,0.0940,82.5735,0.0240,0.0144,0.0185,0.9294,0.2169,0.8345,hold
2025-04-29,182.0000,6795000,182.5200,184.2500,181.2000,-0.0016,0.1199,0.1426,0.0791,0.0925,82.0617,0.0246,0.0195,0.0189,0.8902,-0.2696,0.6114,hold
2025-04-30,183.2400,6266800,178.4700,183.7900,177.6300,0.0068,0.0631,0.1782,0.0689,0.1002,74.2326,0.0211,0.0236,0.0184,0.8763,-0.0777,0.5690,hold
2025-05-01,182.8900,7322900,182.8500,184.7500,182.0300,-0.0019,0.0376,0.1689,0.0506,0.0985,83.1276,0.0217,0.0266,0.0171,0.8408,0.1685,0.6604,buy
2025-05-02,185.4600,8695900,185.0000,187.5800,184.0800,0.0141,0.0422,0.1455,0.0512,0.1134,83.6231,0.0207,0.0293,0.0159,0.8418,0.1875,0.8105,hold
2025-05-05,186.4600,5413700,184.3900,187.5800,184.3900,0.0054,0.0228,0.1702,0.0408,0.1181,83.0496,0.0182,0.0316,0.0147,0.8326,-0.3774,0.5476,hold
2025-05-06,185.9600,4948000,184.7100,186.2000,183.6300,-0.0027,0.0218,0.1442,0.0246,0.1143,90.2007,0.0191,0.0331,0.0129,0.8040,-0.0860,0.5383,hold
2025-05-07,185.5600,6094800,185.0000,186.7200,183.5000,-0.0022,0.0127,0.0765,0.0151,0.1109,88.9842,0.0102,0.0337,0.0107,0.7849,0.2318,0.6949,buy
2025-05-08,191.7000,15344100,186.7600,194.7500,186.2200,0.0331,0.0482,0.0876,0.0399,0.1451,89.1899,0.0123,0.0352,0.0104,0.8623,1.5176,1.7639,buy
2025-05-09,194.8500,7669900,193.5500,195.3000,192.1800,0.0164,0.0506,0.0950,0.0473,0.1610,95.9855,0.0125,0.0375,0.0105,0.8795,-0.5001,0.8956,buy
2025-05-12,198.5300,9340700,198.1600,198.7800,193.0600,0.0189,0.0647,0.0890,0.0579,0.1796,96.0368,0.0119,0.0401,0.0108,0.9013,0.2178,1.0874,buy
2025-05-13,203.4200,13509500,200.3000,205.7300,199.6700,0.0246,0.0939,0.1177,0.0717,0.2039,95.4612,0.0122,0.0431,0.0117,0.9337,0.4463,1.5177,buy
2025-05-14,204.7200,16872300,205.8000,209.6600,204.0500,0.0064,0.1033,0.1172,0.0665,0.2050,95.0887,0.0123,0.0459,0.0118,0.9148,0.2489,1.8404,buy
2025-05-15,206.2400,9583900,207.3500,208.6000,205.4200,0.0074,0.0758,0.1277,0.0615,0.2079,95.0621,0.0115,0.0481,0.0113,0.9062,-0.4320,1.0298,hold
2025-05-16,205.8200,8496800,205.6900,206.2400,203.0200,-0.0020,0.0563,0.1098,0.0484,0.1988,92.8259,0.0123,0.0494,0.0101,0.8646,-0.1134,0.9166,hold
2025-05-19,205.2500,5740200,203.0000,205.6000,202.3000,-0.0028,0.0338,0.1008,0.0355,0.1884,91.9220,0.0129,0.0498,0.0082,0.8356,-0.3244,0.6191,buy
2025-05-20,207.6700,5876000,205.0000,208.6200,205.0000,0.0118,0.0209,0.1167,0.0364,0.1941,92.2518,0.0122,0.0497,0.0069,0.8669,0.0237,0.6451,sell
2025-05-21,203.2100,6616300,206.6000,207.1200,202.4300,-0.0215,-0.0074,0.0951,0.0053,0.1619,80.7692,0.0156,0.0489,0.0041,0.7478,0.1260,0.7670,hold
2025-05-22,203.4100,3634500,202.5300,204.7300,201.8500,0.0010,-0.0137,0.0611,0.0005,0.1572,79.2822,0.0132,0.0468,0.0017,0.7306,-0.4507,0.4401,sell
2025-05-23,202.3600,5255200,199.9500,203.2000,198.7500,-0.0052,-0.0168,0.0385,-0.0083,0.1456,75.8957,0.0131,0.0446,-0.0006,0.6856,0.4459,0.6457,sell
2025-05-27,201.0300,5857900,204.2800,205.0000,200.8800,-0.0066,-0.0206,0.0126,-0.0161,0.1330,73.8979,0.0123,0.0419,-0.0029,0.6334,0.1147,0.7353,hold
2025-05-28,201.5000,5481500,201.9500,202.4500,200.2200,0.0023,-0.0297,-0.0094,-0.0128,0.1306,75.2215,0.0093,0.0391,-0.0044,0.6272,-0.0643,0.6938,buy
2025-05-29,208.1800,16334000,201.7800,212.2800,201.5000,0.0332,0.0245,0.0169,0.0182,0.1620,75.6378,0.0142,0.0380,-0.0033,0.7885,1.9798,1.9435,hold
2025-05-30,207.3200,7485100,206.7700,207.7000,204.3500,-0.0041,0.0192,0.0052,0.0134,0.1528,70.8878,0.0141,0.0375,-0.0032,0.7445,-0.5417,0.8898,buy
2025-06-02,211.4700,7561800,210.9800,212.3400,207.9000,0.0200,0.0450,0.0275,0.0309,0.1708,71.3391,0.0154,0.0374,-0.0020,0.8447,0.0102,0.9050,buy
2025-06-03,213.4300,8106100,212.0000,215.8000,211.7700,0.0093,0.0617,0.0399,0.0363,0.1771,68.2731,0.0153,0.0378,-0.0010,0.8775,0.0720,0.9547,sell
2025-06-04,211.9800,5705300,214.7700,214.9900,211.0300,-0.0068,0.0520,0.0208,0.0271,0.1651,63.1808,0.0154,0.0377,-0.0011,0.8163,-0.2962,0.6690,sell
2025-06-05,209.0200,4733800,212.5000,212.9900,208.2200,-0.0140,0.0040,0.0286,0.0099,0.1455,54.7964,0.0143,0.0364,-0.0023,0.7049,-0.1703,0.5595,buy
2025-06-06,210.8000,6079700,210.2400,211.1100,208.0400,0.0085,0.0168,0.0363,0.0149,0.1512,58.2070,0.0144,0.0349,-0.0028,0.7815,0.2843,0.7602,buy
2025-06-09,217.5100,9419200,211.2300,218.8000,211.0900,0.0318,0.0286,0.0749,0.0396,0.1828,66.8038,0.0165,0.0351,-0.0012,1.0751,0.5493,1.1651,sell
2025-06-10,215.7300,8190100,217.5800,217.9000,213.2500,-0.0082,0.0108,0.0731,0.0239,0.1678,61.2444,0.0166,0.0352,-0.0011,0.9344,-0.1305,1.0203,sell
2025-06-11,214.0000,5398800,215.5000,216.2100,212.2100,-0.0080,0.0095,0.0620,0.0097,0.1530,66.2942,0.0173,0.0344,-0.0018,0.8080,-0.3408,0.7084,sell
2025-06-12,203.7500,30586600,202.1700,206.3400,201.2800,-0.0479,-0.0252,-0.0213,-0.0366,0.0936,50.3939,0.0216,0.0307,-0.0058,0.2833,4.6654,3.6820,sell
2025-06-13,200.3200,16093500,200.6800,202.2300,195.2800,-0.0168,-0.0497,-0.0338,-0.0497,0.0715,47.7602,0.0222,0.0252,-0.0095,0.1435,-0.4738,1.8643,buy
2025-06-16,201.7000,6902700,200.5700,204.0000,199.0800,0.0069,-0.0727,-0.0462,-0.0387,0.0731,50.7348,0.0210,0.0207,-0.0111,0.2285,-0.5711,0.8071,sell
2025-06-17,200.2600,10844600,201.3100,205.3100,198.8700,-0.0071,-0.0717,-0.0617,-0.0396,0.0582,48.6684,0.0204,0.0165,-0.0124,0.1857,0.5711,1.2312,sell
2025-06-18,197.6800,7928300,199.0000,201.0600,196.8000,-0.0129,-0.0763,-0.0675,-0.0454,0.0381,37.6354,0.0205,0.0121,-0.0137,0.1190,-0.2689,0.8897,hold
2025-06-20,198.7500,8934700,198.6600,200.6800,197.4500,0.0054,-0.0245,-0.0491,-0.0354,0.0373,39.9578,0.0207,0.0087,-0.0136,0.1851,0.1269,0.9898,buy
2025-06-23,201.3100,5875200,197.8300,202.2000,197.4700,0.0129,0.0049,-0.0450,-0.0185,0.0462,37.6339,0.0211,0.0070,-0.0120,0.2956,-0.3424,0.6429,hold
2025-06-24,200.9400,5900900,203.0000,203.5100,200.1800,-0.0018,-0.0038,-0.0762,-0.0123,0.0394,34.1859,0.0169,0.0054,-0.0109,0.2856,0.0044,0.6434,sell
2025-06-25,198.9000,4690900,201.0000,201.1300,198.3000,-0.0102,-0.0068,-0.0780,-0.0142,0.0244,33.6826,0.0169,0.0034,-0.0105,0.2138,-0.2051,0.5148,buy
2025-06-26,202.5800,6931700,200.4100,204.3900,199.7600,0.0185,0.0248,-0.0534,0.0098,0.0387,42.1078,0.0189,0.0032,-0.0084,0.3546,0.4777,0.7547,buy
2025-06-27,214.5500,14805400,205.1100,214.8100,204.3800,0.0591,0.0795,0.0530,0.0637,0.0935,53.6772,0.0221,0.0073,-0.0029,0.8003,1.1359,1.6254,sell
2025-06-30,209.5300,9087100,213.8800,214.7100,208.0200,-0.0234,0.0408,0.0460,0.0341,0.0621,41.9067,0.0229,0.0089,-0.0012,0.6060,-0.3862,0.9889,hold
2025-07-01,209.7900,5978900,209.5000,211.8600,206.7700,0.0012,0.0440,0.0401,0.0313,0.0583,43.7840,0.0229,0.0100,-0.0001,0.6199,-0.3420,0.6563,buy
2025-07-02,212.0300,5870900,210.4000,214.4000,208.2500,0.0107,0.0660,0.0588,0.0363,0.0640,47.9602,0.0226,0.0115,0.0012,0.7096,-0.0181,0.6525,buy
2025-07-03,215.9200,4476100,211.7900,217.6800,211.6700,0.0183,0.0659,0.0923,0.0460,0.0777,64.5123,0.0219,0.0138,0.0030,0.8393,-0.2376,0.5009,buy
2025-07-07,218.6300,5807400,215.6000,218.6300,214.5000,0.0126,0.0190,0.1000,0.0490,0.0862,72.2155,0.0219,0.0164,0.0046,0.8931,0.2974,0.6460,hold
2025-07-08,218.5200,6769600,219.0000,220.0000,214.7200,-0.0005,0.0429,0.0855,0.0399,0.0811,71.0566,0.0221,0.0184,0.0052,0.8565,0.1657,0.7501,buy
2025-07-09,226.6000,16462300,220.1200,230.2000,220.0100,0.0370,0.0801,0.1277,0.0653,0.1157,78.2739,0.0234,0.0219,0.0074,1.0458,1.4318,1.7556,hold
2025-07-10,226.0900,6116600,226.6500,228.5000,223.9300,-0.0023,0.0663,0.1367,0.0495,0.1084,81.9142,0.0227,0.0247,0.0081,0.9725,-0.6284,0.6596,hold
2025-07-11,226.8400,6632000,225.4300,228.7400,225.4300,0.0033,0.0506,0.1198,0.0413,0.1072,81.7832,0.0228,0.0268,0.0082,0.9374,0.0843,0.7105,buy
2025-07-14,230.5100,8750200,231.4000,233.0400,227.2700,0.0162,0.0543,0.0744,0.0504,0.1200,82.2296,0.0159,0.0290,0.0086,0.9519,0.3194,1.0615,hold
2025-07-15,230.0000,9156800,230.1200,233.6100,228.4200,-0.0022,0.0525,0.0977,0.0384,0.1124,81.9762,0.0123,0.0307,0.0082,0.8880,0.0465,1.1597,hold
2025-07-16,229.9000,7474300,232.1300,233.5700,227.3000,-0.0004,0.0146,0.0959,0.0286,0.1072,85.6322,0.0125,0.0315,0.0072,0.8440,-0.1837,0.9432,buy
2025-07-17,231.0000,7892600,230.1100,232.5900,227.7500,0.0048,0.0217,0.0895,0.0248,0.1077,84.7263,0.0125,0.0321,0.0063,0.8296,0.0560,1.0149,sell
2025-07-18,229.3400,5974500,231.4300,232.2500,227.5200,-0.0072,0.0110,0.0622,0.0115,0.0952,74.1587,0.0129,0.0319,0.0047,0.7699,-0.2430,0.7780,hold
2025-07-21,229.3200,4183300,229.4000,232.5000,228.0200,-0.0001,-0.0052,0.0489,0.0066,0.0906,88.6372,0.0129,0.0312,0.0032,0.7467,-0.2998,0.5621,hold
2025-07-22,228.4800,4737700,228.3000,230.3100,225.5500,-0.0037,-0.0066,0.0456,-0.0014,0.0828,85.6815,0.0130,0.0301,0.0016,0.7075,0.1325,0.6415,buy
2025-07-23,233.8800,7302900,230.3200,235.2700,229.3100,0.0236,0.0173,0.0321,0.0189,0.1043,87.2231,0.0096,0.0300,0.0018,0.8073,0.5414,0.9796,sell
2025-07-24,231.2700,6160200,233.9100,235.2300,231.0500,-0.0112,0.0012,0.0229,0.0053,0.0886,77.3423,0.0105,0.0296,0.0008,0.7321,-0.1565,0.8182,buy
2025-07-25,233.0600,4628500,232.0200,233.3100,228.8400,0.0077,0.0162,0.0274,0.0103,0.0940,76.5745,0.0107,0.0290,0.0004,0.7703,-0.2486,0.6243,buy
2025-07-28,236.4100,7923800,233.2400,236.6300,232.9100,0.0144,0.0309,0.0256,0.0222,0.1064,79.4340,0.0104,0.0292,0.0007,0.8358,0.7120,1.1209,sell
2025-07-29,226.0800,20163600,239.5000,242.6900,225.2600,-0.0437,-0.0105,-0.0170,-0.0208,0.0561,49.2034,0.0180,0.0270,-0.0022,0.4965,1.5447,2.6451,hold
2025-07-30,225.8400,9354600,227.8400,231.7200,224.3500,-0.0011,-0.0344,-0.0177,-0.0201,0.0530,49.6138,0.0180,0.0238,-0.0043,0.4541,-0.5361,1.2006,sell
2025-07-31,221.8400,7825000,224.0200,225.0000,221.1500,-0.0177,-0.0408,-0.0397,-0.0336,0.0328,42.9815,0.0185,0.0200,-0.0069,0.2356,-0.1635,0.9918,hold
2025-08-01,221.9000,8572200,219.4500,222.4600,215.9000,0.0003,-0.0479,-0.0324,-0.0302,0.0317,36.5511,0.0185,0.0165,-0.0083,0.1932,0.0955,1.0590,hold
2025-08-04,222.3400,5997300,220.1500,222.8500,218.0300,0.0020,-0.0595,-0.0304,-0.0253,0.0319,38.0088,0.0186,0.0137,-0.0089,0.1860,-0.3004,0.7401,buy
2025-08-05,224.8600,5687400,222.3700,226.0300,221.0700,0.0113,-0.0054,-0.0158,-0.0127,0.0415,42.6659,0.0191,0.0121,-0.0082,0.2846,-0.0517,0.7065,hold
2025-08-06,225.0400,3898800,225.7000,226.5700,224.0400,0.0008,-0.0035,-0.0378,-0.0080,0.0401,41.0885,0.0170,0.0109,-0.0075,0.3034,-0.3145,0.5253,buy
2025-08-07,227.3300,4563100,226.1500,230.3900,224.5800,0.0102,0.0247,-0.0170,0.0038,0.0482,47.0502,0.0173,0.0105,-0.0061,0.4416,0.1704,0.6213,buy
2025-08-08,229.1200,4724200,227.5000,230.9000,227.3800,0.0079,0.0325,-0.0169,0.0135,0.0537,49.7210,0.0173,0.0108,-0.0046,0.5467,0.0353,0.6517,sell
2025-08-11,225.9600,4872700,229.0000,229.3200,225.1700,-0.0138,0.0163,-0.0442,0.0041,0.0375,46.6981,0.0167,0.0099,-0.0045,0.3627,0.0314,0.6907,buy
2025-08-12,232.6100,7396400,226.9500,232.6100,226.4600,0.0294,0.0345,0.0289,0.0307,0.0656,48.3887,0.0133,0.0111,-0.0024,0.7648,0.5179,1.0617,hold
2025-08-13,233.3700,6670400,233.2500,235.6000,229.3300,0.0033,0.0370,0.0333,0.0306,0.0669,52.7955,0.0132,0.0123,-0.0009,0.7905,-0.0982,0.9630,hold
2025-08-14,233.1900,5320800,231.6500,233.9700,230.8600,-0.0008,0.0258,0.0512,0.0247,0.0642,50.1808,0.0111,0.0131,-0.0001,0.7673,-0.2023,0.7827,buy
2025-08-15,235.2600,6291400,233.3600,236.4500,231.4300,0.0089,0.0268,0.0602,0.0277,0.0713,48.3415,0.0110,0.0141,0.0008,0.8494,0.1824,0.9233,sell
2025-08-18,232.4100,8456000,234.4700,235.1600,229.1100,-0.0121,0.0285,0.0453,0.0109,0.0561,61.6403,0.0124,0.0141,0.0005,0.6827,0.3441,1.2033,sell
2025-08-19,225.0000,9061100,232.0000,232.4300,223.7500,-0.0319,-0.0327,0.0006,-0.0214,0.0211,48.7777,0.0166,0.0115,-0.0020,0.2973,0.0716,1.2509,hold
2025-08-20,225.6200,5016000,224.4900,226.3700,223.6000,0.0028,-0.0332,0.0026,-0.0190,0.0232,56.1007,0.0166,0.0093,-0.0034,0.3485,-0.4464,0.7036,sell
2025-08-21,224.4600,6101100,227.1300,227.5800,223.7100,-0.0051,-0.0374,-0.0126,-0.0228,0.0171,53.9901,0.0163,0.0070,-0.0045,0.3055,0.2163,0.8561,buy
2025-08-22,230.1200,8678400,225.4100,233.7000,225.2400,0.0252,-0.0218,0.0044,0.0014,0.0412,60.4290,0.0182,0.0070,-0.0034,0.6202,0.4224,1.1842,sell
2025-08-25,226.8700,4757600,229.6000,230.2500,226.6000,-0.0141,-0.0238,0.0040,-0.0131,0.0244,52.6426,0.0182,0.0060,-0.0037,0.4638,-0.4518,0.6635,buy
2025-08-26,234.8300,7380200,228.0000,234.8300,227.9800,0.0351,0.0437,0.0095,0.0205,0.0570,60.6855,0.0193,0.0076,-0.0014,0.8954,0.5512,1.1300,hold
2025-08-27,235.6200,4757400,235.3600,236.3400,232.4000,0.0034,0.0443,0.0096,0.0229,0.0574,59.3546,0.0193,0.0092,0.0002,0.8866,-0.3554,0.7550,hold
2025-08-28,236.1600,4039600,235.8500,237.3500,234.5000,0.0023,0.0521,0.0127,0.0240,0.0564,58.1747,0.0193,0.0104,0.0012,0.8740,-0.1509,0.6609,sell
2025-08-29,234.6800,5008600,236.1300,238.0500,233.1700,-0.0063,0.0198,-0.0025,0.0178,0.0463,60.5365,0.0192,0.0109,0.0013,0.7711,0.2399,0.8441,buy
2025-09-02,237.3800,6339100,231.2800,238.3300,230.8000,0.0115,0.0463,0.0214,0.0273,0.0547,56.3719,0.0190,0.0119,0.0019,0.8819,0.2656,1.0652,sell
2025-09-03,232.3800,5999000,237.0600,237.0600,230.7600,-0.0211,-0.0104,0.0328,0.0025,0.0297,48.8121,0.0171,0.0112,0.0008,0.5873,-0.0537,1.0054,sell
2025-09-04,230.7500,4093200,233.0100,233.1000,229.2100,-0.0070,-0.0207,0.0227,-0.0068,0.0197,47.1707,0.0174,0.0098,-0.0005,0.4752,-0.3177,0.6849,hold
2025-09-05,229.6100,8203600,231.8000,232.2300,225.5000,-0.0049,-0.0277,0.0229,-0.0139,0.0120,43.3041,0.0174,0.0082,-0.0018,0.3967,1.0042,1.3321,buy
2025-09-08,230.9500,5955000,231.7000,232.2000,228.0900,0.0058,-0.0159,0.0036,-0.0085,0.0153,48.2055,0.0155,0.0072,-0.0021,0.4742,-0.2741,0.9574,sell
2025-09-09,229.5200,5510400,231.0100,232.2800,228.4500,-0.0062,-0.0331,0.0117,-0.0157,0.0077,56.5130,0.0149,0.0060,-0.0028,0.3675,-0.0747,0.8814,sell
2025-09-10,227.5200,4949500,229.6000,230.1000,226.5900,-0.0087,-0.0209,-0.0311,-0.0212,-0.0026,52.6331,0.0092,0.0042,-0.0037,0.2589,-0.1018,0.8075,sell
2025-09-11,219.9900,12010800,228.0000,229.6900,219.6500,-0.0331,-0.0466,-0.0663,-0.0472,-0.0365,44.7350,0.0128,0.0001,-0.0064,-0.0762,1.4267,1.8777,sell
2025-09-12,215.9400,11094900,219.8900,220.0000,215.7000,-0.0184,-0.0595,-0.0856,-0.0565,-0.0546,32.6396,0.0129,-0.0047,-0.0091,-0.1157,-0.0763,1.6596,hold
2025-09-15,215.7500,6896200,216.2500,217.2600,214.0700,-0.0009,-0.0658,-0.0807,-0.0495,-0.0554,35.2832,0.0131,-0.0086,-0.0104,-0.0203,-0.3784,1.0269,hold
2025-09-16,215.0200,6330600,216.8600,217.1300,213.7500,-0.0034,-0.0632,-0.0942,-0.0433,-0.0583,17.5778,0.0113,-0.0118,-0.0109,0.0332,-0.0820,0.9579,hold
2025-09-17,214.6300,6019500,215.5900,218.0500,213.1300,-0.0018,-0.0567,-0.0764,-0.0374,-0.0597,15.1908,0.0108,-0.0144,-0.0108,0.0745,-0.0491,0.9322,buy
2025-09-18,215.6600,6414000,215.2300,217.4000,213.7000,0.0048,-0.0197,-0.0654,-0.0262,-0.0543,16.5470,0.0115,-0.0157,-0.0097,0.1463,0.0655,0.9827,hold
2025-09-19,215.6500,10513700,217.7300,217.7300,213.6200,-0.0000,-0.0013,-0.0608,-0.0201,-0.0534,17.3809,0.0117,-0.0166,-0.0085,0.1753,0.6392,1.5581,sell
2025-09-22,212.0900,7467700,215.1700,215.9000,211.4300,-0.0165,-0.0170,-0.0817,-0.0279,-0.0679,7.8921,0.0113,-0.0188,-0.0084,0.1201,-0.2897,1.1167,buy
2025-09-23,216.3400,12760900,217.1200,219.8200,214.0100,0.0200,0.0061,-0.0574,-0.0024,-0.0480,22.6093,0.0145,-0.0181,-0.0064,0.2610,0.7088,1.8006,sell
2025-09-24,215.1000,7354800,217.5600,218.1800,214.7700,-0.0057,0.0022,-0.0546,-0.0024,-0.0522,22.9145,0.0144,-0.0182,-0.0051,0.2527,-0.4236,1.0379,sell
2025-09-25,213.5300,6649300,214.8700,216.8600,211.9800,-0.0073,-0.0099,-0.0294,-0.0067,-0.0578,22.5784,0.0108,-0.0187,-0.0044,0.2357,-0.0959,0.9260,buy
2025-09-26,221.2600,17281700,223.3600,224.1000,219.1100,0.0362,0.0260,0.0246,0.0267,-0.0228,36.4324,0.0151,-0.0154,-0.0012,0.4722,1.5990,2.2036,sell
2025-09-29,217.0800,11290600,222.3700,222.8100,215.1200,-0.0189,0.0235,0.0062,0.0067,-0.0402,33.8273,0.0165,-0.0149,-0.0004,0.3655,-0.3467,1.3842,sell
2025-09-30,215.8300,9289300,217.1000,217.6800,212.8300,-0.0058,-0.0024,0.0038,0.0005,-0.0446,34.5001,0.0166,-0.0146,-0.0000,0.3421,-0.1773,1.1186,hold
2025-10-01,215.2000,7178000,214.0100,215.6300,213.7000,-0.0029,0.0005,0.0027,-0.0027,-0.0463,42.2265,0.0166,-0.0144,0.0001,0.3378,-0.2273,0.8583,buy
2025-10-02,217.4300,8281100,215.4500,218.8600,215.3100,0.0104,0.0183,0.0082,0.0068,-0.0350,52.5698,0.0169,-0.0132,0.0010,0.4455,0.1537,0.9660,sell
2025-10-03,216.3000,6634100,216.7500,218.8300,215.2500,-0.0052,-0.0224,0.0030,0.0013,-0.0387,50.9188,0.0170,-0.0126,0.0013,0.4176,-0.1989,0.7810,buy
2025-10-06,219.7300,7665300,217.8700,221.8000,215.9000,0.0159,0.0122,0.0360,0.0136,-0.0223,57.2173,0.0165,-0.0105,0.0025,0.6295,0.1554,0.8934,buy
2025-10-07,221.8200,7610600,220.1100,223.9500,219.2000,0.0095,0.0278,0.0253,0.0207,-0.0118,60.4719,0.0156,-0.0081,0.0039,0.8399,-0.0071,0.8763,buy
2025-10-08,225.3200,6189700,222.7300,226.1900,221.4700,0.0158,0.0470,0.0475,0.0319,0.0039,63.1250,0.0158,-0.0049,0.0056,1.1620,-0.1867,0.7077,sell
2025-10-09,216.0000,12974800,225.7000,225.7000,215.9000,-0.0414,-0.0066,0.0116,-0.0119,-0.0368,50.3795,0.0214,-0.0059,0.0040,0.4362,1.0962,1.4753,sell
2025-10-10,210.7300,10647900,217.0000,217.9000,210.7300,-0.0244,-0.0258,-0.0476,-0.0313,-0.0593,48.5780,0.0189,-0.0086,0.0012,0.0685,-0.1793,1.2138,buy
2025-10-13,215.5600,5657300,212.0900,215.8000,212.0600,0.0229,-0.0190,-0.0070,-0.0084,-0.0372,49.1942,0.0200,-0.0085,0.0008,0.4290,-0.4687,0.6495,hold
2025-10-14,214.3000,5975700,213.5400,217.9500,212.2400,-0.0058,-0.0339,-0.0071,-0.0135,-0.0422,49.1739,0.0200,-0.0090,0.0003,0.3389,0.0563,0.6874,hold
2025-10-15,214.0000,5055600,215.0400,215.9300,212.4800,-0.0014,-0.0502,-0.0056,-0.0144,-0.0426,50.4984,0.0200,-0.0094,-0.0000,0.3201,-0.1540,0.5848,sell
2025-10-16,211.8900,5555200,214.6600,214.9600,210.6600,-0.0099,-0.0190,-0.0255,-0.0216,-0.0509,38.7190,0.0198,-0.0105,-0.0008,0.1922,0.0988,0.6458,hold
2025-10-17,212.9400,6482700,210.9100,214.6800,210.7500,0.0050,0.0105,-0.0155,-0.0152,-0.0450,44.6094,0.0199,-0.0107,-0.0008,0.2804,0.1670,0.7717,buy
2025-10-20,216.8200,5865100,215.1300,217.3800,214.5600,0.0182,0.0058,-0.0132,0.0041,-0.0265,51.2064,0.0201,-0.0091,0.0004,0.5329,-0.0953,0.7049,hold
2025-10-21,217.2600,4209500,217.2100,217.7000,215.5500,0.0020,0.0138,-0.0206,0.0083,-0.0238,52.5220,0.0198,-0.0078,0.0014,0.5610,-0.2823,0.5334,hold
2025-10-22,216.5900,6310300,216.6800,217.4000,213.8000,-0.0031,0.0121,-0.0387,0.0092,-0.0254,48.9308,0.0188,-0.0069,0.0018,0.5079,0.4991,0.8049,hold
2025-10-23,217.7700,5356200,216.4000,219.3000,216.2500,0.0054,0.0278,0.0082,0.0139,-0.0187,51.8688,0.0135,-0.0057,0.0024,0.5786,-0.1512,0.6889,buy
2025-10-24,221.3500,5238100,219.0400,221.7400,218.5100,0.0164,0.0395,0.0504,0.0255,-0.0015,52.0517,0.0110,-0.0033,0.0037,0.8386,-0.0220,0.7302,buy
2025-10-27,223.0000,6084300,222.7800,223.5800,221.8200,0.0075,0.0285,0.0345,0.0296,0.0071,51.5113,0.0091,-0.0009,0.0049,0.9043,0.1615,0.8801,hold
2025-10-28,223.3300,7027200,224.3600,225.5600,222.6000,0.0015,0.0279,0.0421,0.0268,0.0094,47.2261,0.0085,0.0011,0.0055,0.8763,0.1550,1.0334,sell
2025-10-29,213.5800,20940100,221.3600,221.9000,212.5000,-0.0437,-0.0139,-0.0020,-0.0178,-0.0337,46.6667,0.0174,-0.0009,0.0030,0.2698,1.9799,2.7965,sell
2025-10-30,200.0800,19417000,210.0100,210.2800,200.0200,-0.0632,-0.0812,-0.0557,-0.0749,-0.0927,38.0418,0.0265,-0.0080,-0.0031,-0.2338,-0.0727,2.4136,hold
2025-10-31,201.0200,10696600,201.2500,202.6000,198.3000,0.0047,-0.0918,-0.0560,-0.0654,-0.0865,32.1112,0.0265,-0.0130,-0.0065,-0.0589,-0.4491,1.2969,buy
2025-11-03,204.5500,8103900,202.0400,205.6600,201.5800,0.0176,-0.0827,-0.0566,-0.0435,-0.0683,38.6390,0.0265,-0.0151,-0.0070,0.1261,-0.2424,0.9799,sell
2025-11-04,198.0500,8619600,201.8000,202.2200,197.5700,-0.0318,-0.1132,-0.0884,-0.0655,-0.0955,33.7609,0.0275,-0.0199,-0.0093,-0.0105,0.0636,1.0360,hold
2025-11-05,197.6200,9885700,197.7500,198.5100,195.3100,-0.0022,-0.0747,-0.0876,-0.0591,-0.0944,34.9568,0.0276,-0.0233,-0.0101,0.0380,0.1469,1.1623,hold
2025-11-06,196.5000,7740500,198.1000,201.2700,195.4500,-0.0057,-0.0179,-0.0977,-0.0549,-0.0963,32.6947,0.0271,-0.0263,-0.0104,0.0707,-0.2170,0.9390,sell
2025-11-07,194.6100,7869500,195.5000,195.8500,191.4900,-0.0096,-0.0319,-0.1208,-0.0518,-0.1015,25.5988,0.0255,-0.0293,-0.0106,0.0773,0.0167,0.9710,hold
2025-11-10,194.8100,7447400,195.8900,196.4400,193.1900,0.0010,-0.0476,-0.1264,-0.0376,-0.0973,25.2043,0.0251,-0.0310,-0.0098,0.1315,-0.0536,0.9089,hold
2025-11-11,195.2100,5783400,194.7400,196.4000,194.3500,0.0021,-0.0143,-0.1259,-0.0220,-0.0919,26.2445,0.0251,-0.0317,-0.0085,0.1790,-0.2234,0.7066,hold
2025-11-12,195.5000,8288300,195.7500,196.6600,193.8000,0.0015,-0.0107,-0.0847,-0.0116,-0.0874,24.7563,0.0229,-0.0318,-0.0069,0.2167,0.4331,0.9931,hold
2025-11-13,194.5800,6739300,195.6300,196.2000,193.1100,-0.0047,-0.0098,-0.0275,-0.0135,-0.0886,17.7081,0.0126,-0.0321,-0.0057,0.2240,-0.1869,0.8018,hold
2025-11-14,194.5200,6189800,192.8800,197.0300,192.1500,-0.0003,-0.0005,-0.0323,-0.0106,-0.0859,14.2750,0.0124,-0.0319,-0.0044,0.2486,-0.0815,0.7377,sell
2025-11-17,191.8100,5877800,194.8400,194.8400,190.2300,-0.0139,-0.0154,-0.0623,-0.0180,-0.0953,12.6894,0.0103,-0.0329,-0.0040,0.2187,-0.0504,0.7005,sell
2025-11-18,189.6300,8195800,190.0000,191.1600,187.8500,-0.0114,-0.0286,-0.0425,-0.0249,-0.1022,15.4601,0.0057,-0.0343,-0.0040,0.2027,0.3944,0.9540,sell
2025-11-19,185.7000,12550400,189.2100,189.2100,183.0100,-0.0207,-0.0501,-0.0603,-0.0393,-0.1173,21.3546,0.0076,-0.0371,-0.0050,0.1559,0.5313,1.4098,sell
2025-11-20,179.3800,13706400,187.7400,188.1000,178.4200,-0.0340,-0.0781,-0.0871,-0.0637,-0.1440,14.5013,0.0116,-0.0425,-0.0074,0.0744,0.0921,1.4706,hold
2025-11-21,179.7000,10134000,180.5600,181.4300,176.7700,0.0018,-0.0762,-0.0766,-0.0546,-0.1395,4.4371,0.0121,-0.0450,-0.0079,0.1137,-0.2606,1.0595,hold
2025-11-24,179.1200,9386000,180.3100,180.3100,177.3000,-0.0032,-0.0662,-0.0805,-0.0498,-0.1393,5.6674,0.0119,-0.0469,-0.0078,0.1178,-0.0738,0.9647,buy
2025-11-25,182.4400,9676200,179.4900,183.4800,177.5200,0.0185,-0.0379,-0.0654,-0.0256,-0.1206,18.6881,0.0143,-0.0454,-0.0056,0.1891,0.0309,0.9811,buy
2025-11-26,186.9200,7644500,184.0000,188.1800,183.0300,0.0246,0.0066,-0.0439,0.0029,-0.0966,32.6449,0.0173,-0.0414,-0.0020,0.3288,-0.2100,0.8311,buy
2025-11-28,189.0000,3757000,187.8700,189.7500,186.9100,0.0111,0.0536,-0.0287,0.0171,-0.0842,39.9064,0.0180,-0.0373,0.0013,0.4136,-0.5085,0.4465,sell
2025-12-01,186.4600,6763700,188.9600,189.9500,186.4100,-0.0134,0.0376,-0.0414,0.0078,-0.0939,36.1434,0.0183,-0.0357,0.0028,0.3461,0.8003,0.8230,buy
2025-12-02,205.3800,22624000,198.3000,205.7800,195.5100,0.1015,0.1466,0.0707,0.1020,-0.0013,60.4522,0.0376,-0.0231,0.0094,1.0085,2.3449,2.5295,sell
2025-12-03,202.5400,14139900,204.6000,205.8500,197.4000,-0.0138,0.1102,0.0681,0.0793,-0.0138,56.8750,0.0377,-0.0169,0.0129,0.8850,-0.3750,1.5336,hold
2025-12-04,201.8700,9513300,202.8500,202.8900,198.5300,-0.0033,0.0800,0.0871,0.0665,-0.0158,57.1541,0.0367,-0.0119,0.0144,0.8437,-0.3272,1.0339,hold
2025-12-05,201.8900,6857200,201.4000,202.9500,200.5600,0.0001,0.0682,0.1255,0.0541,-0.0146,57.2383,0.0337,-0.0078,0.0148,0.8238,-0.2792,0.7488,buy
2025-12-08,206.2700,8823900,203.6100,206.8600,202.5600,0.0217,0.1062,0.1479,0.0622,0.0083,63.7505,0.0336,-0.0027,0.0155,0.9101,0.2868,0.9586,sell
2025-12-09,200.3700,9101900,205.3500,207.1000,200.0200,-0.0286,-0.0244,0.1186,0.0207,-0.0190,59.5382,0.0360,-0.0011,0.0141,0.7261,0.0315,0.9800,hold
2025-12-10,198.7200,15159600,200.3700,201.3500,198.3500,-0.0082,-0.0189,0.0892,0.0039,-0.0254,62.0511,0.0364,-0.0005,0.0119,0.6724,0.6655,1.5538,hold
2025-12-11,200.7100,7917800,198.7300,201.8600,198.0500,0.0100,-0.0057,0.0738,0.0070,-0.0143,71.4631,0.0360,0.0008,0.0105,0.7170,-0.4777,0.8131,buy
2025-12-12,204.3800,7069700,202.2000,206.1200,201.5800,0.0183,0.0123,0.0814,0.0175,0.0051,73.2655,0.0362,0.0033,0.0102,0.7933,-0.1071,0.7248,hold
2025-12-15,205.5000,6721600,204.3800,206.6300,203.1700,0.0055,-0.0037,0.1021,0.0135,0.0116,74.6174,0.0354,0.0055,0.0099,0.7963,-0.0492,0.6872,hold
2025-12-16,206.7100,6120200,205.0000,208.6500,204.3900,0.0059,0.0316,0.0065,0.0188,0.0189,73.5768,0.0151,0.0077,0.0096,0.7963,-0.0895,0.6249,hold
2025-12-17,206.3300,7301100,206.7800,210.6600,205.8200,-0.0018,0.0383,0.0187,0.0150,0.0186,70.4876,0.0143,0.0092,0.0089,0.7602,0.1930,0.7490,buy
2025-12-18,208.2700,5652100,207.9900,210.5500,207.6600,0.0094,0.0377,0.0317,0.0214,0.0299,70.4002,0.0143,0.0109,0.0085,0.7767,-0.2259,0.6011,buy
2025-12-19,214.0800,14793700,209.7600,215.9800,209.2700,0.0279,0.0475,0.0604,0.0436,0.0588,77.3465,0.0162,0.0140,0.0093,0.8779,1.6174,1.5642,buy
2025-12-22,216.8400,5458900,215.3400,217.1500,214.2200,0.0129,0.0552,0.0512,0.0516,0.0718,66.6861,0.0155,0.0173,0.0102,0.9069,-0.6310,0.5918,hold
2025-12-23,216.8500,4496300,216.9000,217.5600,215.3200,0.0000,0.0491,0.0822,0.0434,0.0717,72.7071,0.0104,0.0199,0.0102,0.8848,-0.1763,0.5007,buy
2025-12-24,218.1600,2943500,217.0000,219.2700,216.1900,0.0060,0.0573,0.0978,0.0399,0.0778,75.3344,0.0087,0.0220,0.0099,0.8945,-0.3454,0.3406,sell
2025-12-26,216.4400,2801500,218.0500,218.6700,216.1400,-0.0079,0.0392,0.0784,0.0241,0.0690,71.4919,0.0103,0.0230,0.0087,0.8248,-0.0482,0.3335,buy
2025-12-29,217.2500,5292000,215.9000,218.1400,215.1100,0.0037,0.0148,0.0630,0.0217,0.0725,68.1308,0.0096,0.0237,0.0075,0.8273,0.8890,0.6242,buy
2025-12-30,218.5000,5653500,219.1400,221.8800,218.4000,0.0058,0.0077,0.0633,0.0213,0.0781,85.3687,0.0096,0.0243,0.0066,0.8692,0.0683,0.6713,sell
2025-12-31,217.1200,5563000,218.9300,219.3200,216.1400,-0.0063,0.0012,0.0504,0.0099,0.0712,86.2776,0.0104,0.0242,0.0051,0.7880,-0.0160,0.7350,buy
2026-01-02,227.7700,11261000,218.1500,227.7700,215.2400,0.0491,0.0441,0.1039,0.0490,0.1226,89.7707,0.0170,0.0264,0.0066,1.0437,1.0243,1.5166,hold
2026-01-05,228.1300,8278800,228.7900,230.9600,227.5000,0.0016,0.0540,0.0954,0.0411,0.1231,88.6682,0.0172,0.0288,0.0072,0.9743,-0.2648,1.1243,buy
2026-01-06,229.8400,6714300,229.2300,231.6400,228.6000,0.0075,0.0580,0.0736,0.0415,0.1302,88.8818,0.0160,0.0308,0.0074,0.9525,-0.1890,0.9127,sell
2026-01-07,228.1200,9693100,232.1500,233.5700,227.3100,-0.0075,0.0440,0.0520,0.0284,0.1210,83.6529,0.0165,0.0317,0.0066,0.8601,0.4437,1.3099,hold
2026-01-08,227.3800,7126800,231.7900,233.1100,225.1000,-0.0032,0.0473,0.0486,0.0202,0.1168,82.7168,0.0166,0.0318,0.0053,0.8105,-0.2648,0.9762,buy
2026-01-09,234.5300,8621600,228.3400,235.1400,228.3000,0.0314,0.0297,0.0750,0.0446,0.1507,85.1257,0.0186,0.0329,0.0057,0.9455,0.2097,1.2362,buy
2026-01-12,239.8100,7894000,234.2900,239.9500,234.0000,0.0225,0.0512,0.1080,0.0572,0.1736,84.9118,0.0183,0.0351,0.0068,1.0077,-0.0844,1.1321,buy
2026-01-13,244.5500,11460500,241.1200,247.4000,240.1000,0.0198,0.0640,0.1257,0.0652,0.1916,85.6812,0.0184,0.0379,0.0081,1.0297,0.4518,1.5934,sell
2026-01-14,242.6100,7748600,244.4400,244.8900,239.6000,-0.0079,0.0635,0.1103,0.0458,0.1774,81.5996,0.0194,0.0398,0.0078,0.9303,-0.3239,1.0697,buy
2026-01-15,247.7400,6517200,244.3800,248.7500,243.9700,0.0211,0.0895,0.1410,0.0540,0.1972,83.1763,0.0186,0.0414,0.0081,0.9730,-0.1589,0.8972,hold
2026-01-16,247.6800,5944200,247.7500,248.1900,244.9600,-0.0002,0.0561,0.0874,0.0449,0.1912,86.3933,0.0141,0.0429,0.0076,0.9227,-0.0879,0.8261,buy
2026-01-20,249.0000,11293200,244.4000,249.5200,243.7000,0.0053,0.0383,0.0915,0.0413,0.1917,86.5531,0.0140,0.0437,0.0069,0.9048,0.8999,1.5102,buy
2026-01-21,250.0700,8160700,248.8900,251.3100,244.6800,0.0043,0.0226,0.0880,0.0370,0.1907,86.4971,0.0141,0.0442,0.0061,0.8803,-0.2774,1.1420,buy
2026-01-22,251.4100,9742600,252.0000,254.1400,249.7800,0.0054,0.0363,0.1021,0.0326,0.1907,89.6783,0.0130,0.0444,0.0052,0.8629,0.1938,1.3237,hold
2026-01-23,252.1500,7078700,252.7400,253.7700,249.0200,0.0029,0.0178,0.1089,0.0252,0.1877,86.6066,0.0124,0.0444,0.0042,0.8395,-0.2734,0.9452,sell
2026-01-26,248.4300,8469200,251.4900,251.5900,247.4100,-0.0148,0.0030,0.0593,0.0044,0.1644,77.6868,0.0123,0.0434,0.0021,0.7436,0.1964,1.0906,sell
2026-01-27,244.5600,20509200,242.5000,254.3500,238.7500,-0.0156,-0.0178,0.0198,-0.0132,0.1410,68.9593,0.0125,0.0410,-0.0008,0.6493,1.4216,2.3707,sell
2026-01-28,241.5900,9999200,244.0900,245.8600,237.1000,-0.0121,-0.0339,-0.0121,-0.0240,0.1222,66.8081,0.0115,0.0376,-0.0037,0.5681,-0.5125,1.1252,sell
2026-01-29,234.0400,9142500,242.0800,243.7700,233.3500,-0.0313,-0.0691,-0.0353,-0.0512,0.0831,57.1032,0.0149,0.0327,-0.0080,0.3704,-0.0857,1.0090,hold
2026-01-30,233.7200,6916100,233.5000,234.6500,229.9400,-0.0014,-0.0731,-0.0566,-0.0471,0.0775,48.9888,0.0122,0.0274,-0.0107,0.3189,-0.2435,0.7576,hold
2026-02-02,233.0200,6105300,232.6400,236.2900,230.3300,-0.0030,-0.0620,-0.0592,-0.0442,0.0700,40.4285,0.0121,0.0227,-0.0123,0.2842,-0.1172,0.6882,hold
2026-02-03,233.1500,7655200,236.4200,238.8500,228.9600,0.0006,-0.0467,-0.0637,-0.0374,0.0659,31.5295,0.0117,0.0188,-0.0130,0.2724,0.2539,0.8660,buy
2026-02-04,235.9500,7053400,233.2400,236.5700,229.9100,0.0120,-0.0233,-0.0565,-0.0201,0.0732,39.5019,0.0127,0.0163,-0.0121,0.3419,-0.0786,0.7964,buy
2026-02-05,236.9500,7377300,234.1100,240.3300,232.6000,0.0042,0.0124,-0.0575,-0.0101,0.0721,30.4458,0.0126,0.0146,-0.0110,0.3495,0.0459,0.8440,buy
2026-02-06,243.0300,6701200,239.4000,246.3000,239.4000,0.0257,0.0398,-0.0362,0.0192,0.0933,43.0824,0.0159,0.0148,-0.0081,0.5312,-0.0916,0.7685,buy
2026-02-09,244.7100,4707200,242.0000,245.8400,240.5000,0.0069,0.0502,-0.0150,0.0279,0.0948,43.6856,0.0157,0.0155,-0.0058,0.5780,-0.2976,0.5522,sell
2026-02-10,242.5900,5184400,245.0000,247.8600,240.8600,-0.0087,0.0405,-0.0081,0.0198,0.0799,39.3204,0.0152,0.0154,-0.0048,0.4899,0.1014,0.6181,sell
2026-02-11,236.2600,5791000,244.4800,244.7000,235.5000,-0.0261,0.0013,-0.0221,-0.0046,0.0473,31.0672,0.0169,0.0134,-0.0060,0.2637,0.1170,0.7145,buy
2026-02-12,239.3500,6980800,239.2600,245.6700,235.9700,0.0131,0.0101,0.0227,0.0062,0.0561,34.8914,0.0140,0.0121,-0.0055,0.3888,0.2055,0.8654,buy
2026-02-13,242.9600,6835400,241.2400,246.5100,240.7200,0.0151,-0.0003,0.0395,0.0174,0.0684,43.5266,0.0144,0.0122,-0.0042,0.5360,-0.0208,0.8457,buy
2026-02-17,244.0400,4864700,243.6100,245.4200,238.9300,0.0044,-0.0027,0.0473,0.0173,0.0693,49.3411,0.0142,0.0125,-0.0030,0.5866,-0.2883,0.6059,sell
2026-02-18,238.9300,4923000,244.5500,245.0800,238.6000,-0.0209,-0.0151,0.0248,-0.0064,0.0435,46.8029,0.0164,0.0113,-0.0037,0.4014,0.0120,0.6385,sell
2026-02-19,233.7100,5827500,238.9100,240.0000,233.4200,-0.0218,-0.0108,-0.0095,-0.0272,0.0179,49.5798,0.0177,0.0084,-0.0055,0.2154,0.1837,0.7675,sell
2026-02-20,232.0300,5460900,232.6300,236.0800,231.1400,-0.0072,-0.0306,-0.0208,-0.0322,0.0083,47.9203,0.0177,0.0053,-0.0070,0.1695,-0.0629,0.7400,sell
2026-02-23,230.4400,5380000,231.5000,233.5000,227.4600,-0.0069,-0.0515,-0.0518,-0.0338,-0.0012,46.8931,0.0148,0.0022,-0.0081,0.1151,-0.0148,0.7376,buy
2026-02-24,233.3900,4408900,229.2700,236.1300,228.3900,0.0128,-0.0436,-0.0463,-0.0168,0.0085,50.2706,0.0154,0.0008,-0.0075,0.2731,-0.1805,0.6217,sell
2026-02-25,230.3600,4442600,234.1000,234.1600,229.1900,-0.0130,-0.0359,-0.0504,-0.0245,-0.0071,43.7290,0.0156,-0.0014,-0.0078,0.1505,0.0076,0.7065,hold
2026-02-26,229.4100,4613300,230.3800,230.6600,225.6700,-0.0041,-0.0184,-0.0290,-0.0257,-0.0133,41.5319,0.0137,-0.0034,-0.0079,0.1445,0.0384,0.7665,sell
2026-02-27,227.5300,6278100,227.4700,228.8000,224.9100,-0.0082,-0.0194,-0.0494,-0.0288,-0.0233,30.7788,0.0126,-0.0057,-0.0082,0.0956,0.3609,1.0686,buy
2026-03-02,229.7400,4709000,226.0000,230.2300,223.6200,0.0097,-0.0030,-0.0544,-0.0138,-0.0157,31.6769,0.0117,-0.0065,-0.0072,0.2184,-0.2499,0.8168,sell
2026-03-03,224.1200,6211600,225.7500,226.5000,221.1100,-0.0245,-0.0397,-0.0816,-0.0296,-0.0413,29.1770,0.0125,-0.0093,-0.0080,0.0308,0.3191,1.0765,buy
2026-03-04,227.3100,5068700,226.3800,227.5300,221.7900,0.0142,-0.0132,-0.0486,-0.0109,-0.0292,39.1410,0.0135,-0.0100,-0.0070,0.1883,-0.1840,0.8986,sell
2026-03-05,222.0600,7199300,226.1200,227.6800,218.1300,-0.0231,-0.0320,-0.0498,-0.0288,-0.0523,30.0669,0.0137,-0.0127,-0.0076,0.0526,0.4203,1.2746,buy
2026-03-06,231.1100,10684700,219.4800,231.9600,218.6400,0.0408,0.0157,-0.0040,0.0112,-0.0148,37.8611,0.0199,-0.0107,-0.0047,0.3902,0.4841,1.8379,sell
2026-03-09,225.0000,8400100,226.7500,227.5900,220.4500,-0.0264,-0.0206,-0.0236,-0.0132,-0.0416,32.3180,0.0215,-0.0119,-0.0046,0.2006,-0.2138,1.4241,sell
2026-03-10,217.7600,9285300,224.1000,226.1100,217.0300,-0.0322,-0.0284,-0.0670,-0.0383,-0.0724,31.0881,0.0227,-0.0155,-0.0064,0.0062,0.1054,1.5154,sell
2026-03-11,214.1000,7937400,217.9400,217.9400,213.5300,-0.0168,-0.0581,-0.0706,-0.0477,-0.0878,31.9794,0.0228,-0.0195,-0.0082,-0.0294,-0.1452,1.2669,sell
2026-03-12,204.7600,10758600,212.2100,212.6100,204.3000,-0.0436,-0.0779,-0.1074,-0.0791,-0.1266,28.0329,0.0255,-0.0269,-0.0120,-0.1353,0.3554,1.6517,buy
2026-03-13,209.8900,8926600,205.0000,210.8400,204.9200,0.0251,-0.0918,-0.0775,-0.0485,-0.1041,34.3393,0.0280,-0.0290,-0.0116,0.0642,-0.1703,1.3503,buy
2026-03-16,213.4700,7347100,210.7500,216.1500,210.7500,0.0171,-0.0512,-0.0708,-0.0251,-0.0885,34.9638,0.0286,-0.0289,-0.0094,0.1823,-0.1769,1.1071,sell
2026-03-17,210.8200,7308100,214.6800,217.1500,206.6700,-0.0124,-0.0319,-0.0593,-0.0313,-0.0985,35.1655,0.0280,-0.0303,-0.0084,0.1419,-0.0053,1.0813,sell
2026-03-18,205.9900,5881900,209.0000,210.5000,205.7500,-0.0229,-0.0379,-0.0938,-0.0441,-0.1175,33.2091,0.0275,-0.0333,-0.0088,0.0658,-0.1952,0.8642,sell
2026-03-19,201.1800,9967600,203.0500,203.0500,197.4600,-0.0234,-0.0175,-0.0940,-0.0573,-0.1360,31.8701,0.0275,-0.0375,-0.0099,0.0206,0.6946,1.4212,sell
2026-03-20,195.1200,12925400,201.0500,201.9900,192.5400,-0.0301,-0.0704,-0.1557,-0.0700,-0.1597,27.3785,0.0217,-0.0434,-0.0120,-0.0227,0.2967,1.7498,buy
2026-03-23,198.4100,6247900,198.9100,201.6900,197.1900,0.0169,-0.0705,-0.1182,-0.0422,-0.1433,32.6729,0.0237,-0.0446,-0.0109,0.1031,-0.5166,0.8409,sell
2026-03-24,196.4200,5691800,196.1100,197.6200,194.3600,-0.0100,-0.0683,-0.0980,-0.0419,-0.1491,28.8396,0.0226,-0.0468,-0.0102,0.1092,-0.0890,0.7595,buy
2026-03-25,199.6100,5055900,198.1900,200.7500,198.0000,0.0162,-0.0310,-0.0677,-0.0194,-0.1323,34.1745,0.0239,-0.0456,-0.0077,0.2048,-0.1117,0.6719,sell
2026-03-26,194.3600,5772600,197.3000,198.2400,194.2700,-0.0263,-0.0339,-0.0508,-0.0403,-0.1514,22.6278,0.0215,-0.0481,-0.0074,0.1401,0.1418,0.7613,sell
2026-03-27,190.5200,6000100,192.9300,193.6400,189.2800,-0.0198,-0.0236,-0.0923,-0.0502,-0.1644,23.4197,0.0190,-0.0511,-0.0077,0.1123,0.0394,0.7927,sell
2026-03-30,189.2100,6606100,191.4800,192.5000,187.7200,-0.0069,-0.0464,-0.1136,-0.0452,-0.1658,25.7764,0.0167,-0.0531,-0.0074,0.1266,0.1010,0.8620,buy
2026-03-31,199.0300,9668300,191.1300,199.3300,190.3500,0.0519,0.0133,-0.0559,0.0104,-0.1188,38.4237,0.0261,-0.0471,-0.0030,0.3355,0.4635,1.2337,buy
2026-04-01,207.3200,9664500,203.5000,210.2800,203.5000,0.0417,0.0386,0.0065,0.0518,-0.0787,51.9988,0.0292,-0.0391,0.0027,0.5217,-0.0004,1.1981,hold
2026-04-02,208.2200,6698600,203.0000,208.7800,202.3000,0.0043,0.0713,0.0350,0.0526,-0.0712,48.6039,0.0279,-0.0333,0.0066,0.5588,-0.3069,0.8330,buy
2026-04-06,212.3000,4172300,207.3700,212.4000,207.3700,0.0196,0.1143,0.0880,0.0639,-0.0497,49.0300,0.0255,-0.0264,0.0102,0.7010,-0.3771,0.5407,sell
2026-04-07,210.0000,4084800,211.0100,211.9900,206.9200,-0.0108,0.1099,0.0584,0.0463,-0.0564,49.3162,0.0260,-0.0223,0.0117,0.6827,-0.0210,0.5446,buy
2026-04-08,217.8000,6267200,218.9400,220.8500,216.0000,0.0371,0.0943,0.1088,0.0738,-0.0187,59.3834,0.0270,-0.0151,0.0142,0.9170,0.5343,0.8528,buy
2026-04-09,220.0600,4768700,216.0000,221.2900,216.0000,0.0104,0.0615,0.1024,0.0741,-0.0063,65.6343,0.0270,-0.0090,0.0160,0.9502,-0.2391,0.6632,sell
2026-04-10,217.6300,4829000,220.1700,220.3700,216.6600,-0.0110,0.0452,0.1197,0.0503,-0.0151,69.8326,0.0250,-0.0052,0.0161,0.8434,0.0126,0.7004,buy
2026-04-13,222.1400,4136900,216.2500,222.2100,215.4600,0.0207,0.0463,0.1660,0.0559,0.0063,70.4675,0.0225,-0.0004,0.0163,0.9158,-0.1433,0.6216,buy
2026-04-14,223.7700,4820900,221.6900,225.1000,221.3200,0.0073,0.0656,0.1827,0.0465,0.0146,73.7372,0.0214,0.0039,0.0164,0.9157,0.1653,0.7384,hold
2026-04-15,223.9300,4397700,224.1800,224.7200,221.6500,0.0007,0.0281,0.1251,0.0352,0.0162,72.2792,0.0180,0.0072,0.0157,0.8795,-0.0878,0.6890,sell
2026-04-16,218.8800,7089600,225.0000,225.1000,215.4000,-0.0226,-0.0054,0.0558,0.0065,-0.0054,72.5451,0.0177,0.0081,0.0135,0.7475,0.6121,1.1003,buy
2026-04-17,223.3800,8874900,223.0700,230.2400,222.5000,0.0206,0.0264,0.0728,0.0201,0.0162,79.8510,0.0183,0.0100,0.0122,0.8085,0.2518,1.3892,buy
2026-04-20,225.0800,5014500,222.2300,225.3700,220.3500,0.0076,0.0132,0.0602,0.0219,0.0250,82.3561,0.0178,0.0121,0.0114,0.8095,-0.4350,0.8367,sell
2026-04-21,219.1600,7566300,223.2900,225.6600,218.9000,-0.0263,-0.0206,0.0436,-0.0091,0.0002,69.5323,0.0199,0.0118,0.0089,0.6696,0.5089,1.2488,buy
2026-04-22,231.2800,15779500,227.0500,232.6000,221.2200,0.0553,0.0328,0.0619,0.0393,0.0569,71.6402,0.0237,0.0148,0.0096,0.8744,1.0855,2.4042,buy
2026-04-23,234.1500,8087600,231.5100,235.9100,228.7700,0.0124,0.0698,0.0640,0.0456,0.0708,72.6147,0.0238,0.0182,0.0105,0.8827,-0.4875,1.2044,sell
2026-04-24,232.4400,5732700,234.9900,236.4500,232.0700,-0.0073,0.0406,0.0681,0.0311,0.0633,68.3224,0.0235,0.0204,0.0101,0.8203,-0.2912,0.8540,hold
2026-04-27,231.3300,4402600,233.0000,235.4500,229.3900,-0.0048,0.0278,0.0414,0.0220,0.0590,69.8345,0.0232,0.0215,0.0089,0.7835,-0.2320,0.6637,hold
2026-04-28,230.7200,3807800,231.0500,231.3300,227.0700,-0.0026,0.0527,0.0311,0.0162,0.0574,63.8686,0.0233,0.0219,0.0074,0.7716,-0.1351,0.5864,sell
2026-04-29,224.1100,6377700,230.2200,230.2600,221.1500,-0.0286,-0.0310,0.0008,-0.0130,0.0290,53.9761,0.0254,0.0202,0.0042,0.5754,0.6749,1.0077,buy
2026-04-30,229.0300,4841300,225.9000,229.5500,224.6100,0.0220,-0.0219,0.0464,0.0042,0.0526,60.6702,0.0248,0.0194,0.0031,0.7103,-0.2409,0.7953,hold
2026-05-01,227.3800,3494200,230.4000,231.5100,227.2600,-0.0072,-0.0218,0.0179,-0.0048,0.0456,55.1820,0.0244,0.0185,0.0016,0.6370,-0.2783,0.5895,sell
2026-05-04,221.3000,4860900,226.4900,227.8700,221.0400,-0.0267,-0.0434,-0.0168,-0.0298,0.0186,47.7550,0.0259,0.0158,-0.0013,0.3827,0.3911,0.8153,buy
2026-05-05,224.3800,3852100,223.1000,225.5600,221.7400,0.0139,-0.0275,0.0238,-0.0185,0.0334,50.3884,0.0247,0.0140,-0.0023,0.4749,-0.2075,0.6474,buy
2026-05-06,229.9300,7166900,230.9300,232.0800,228.1000,0.0247,0.0260,-0.0058,0.0064,0.0593,59.4558,0.0186,0.0142,-0.0013,0.7222,0.8605,1.1955,hold
2026-05-07,231.0300,8489800,231.4500,236.6300,229.6000,0.0048,0.0087,-0.0133,0.0126,0.0643,56.9508,0.0182,0.0148,-0.0005,0.7513,0.1846,1.3735,buy
2026-05-08,237.3600,7525300,233.8000,238.5400,231.7500,0.0274,0.0439,0.0212,0.0381,0.0927,60.2917,0.0201,0.0168,0.0015,1.0013,-0.1136,1.1915,hold
2026-05-11,238.2100,6267000,239.4400,241.2100,236.5200,0.0036,0.0764,0.0297,0.0387,0.0955,67.4483,0.0199,0.0188,0.0028,0.9646,-0.1672,0.9758,hold
2026-05-12,236.8700,7041000,239.0000,239.0200,231.1100,-0.0056,0.0557,0.0267,0.0300,0.0886,56.3798,0.0200,0.0198,0.0030,0.8585,0.1235,1.0777,buy
2026-05-13,240.6000,7438700,237.2300,242.2700,234.4000,0.0157,0.0464,0.0736,0.0388,0.1041,57.2196,0.0170,0.0212,0.0038,0.9456,0.0565,1.1127,sell
2026-05-14,229.2100,17761100,243.5200,244.0700,227.5000,-0.0473,-0.0079,0.0008,-0.0104,0.0516,47.0285,0.0233,0.0195,0.0009,0.4726,1.3877,2.4603,sell
2026-05-15,220.4900,9479900,226.8500,226.8500,220.4500,-0.0380,-0.0711,-0.0303,-0.0452,0.0118,41.2524,0.0262,0.0146,-0.0038,0.1178,-0.4663,1.3077,hold
2026-05-18,220.6100,6568200,220.4800,221.1700,216.7900,0.0005,-0.0739,-0.0031,-0.0444,0.0133,41.7765,0.0249,0.0100,-0.0067,0.1472,-0.3071,0.8964,sell
2026-05-19,215.0100,5355300,218.8400,220.0500,214.0000,-0.0254,-0.0923,-0.0418,-0.0649,-0.0115,42.4744,0.0255,0.0044,-0.0102,-0.0323,-0.1847,0.7421,buy
2026-05-20,222.2000,7708500,216.8000,223.0200,216.5000,0.0334,-0.0765,-0.0336,-0.0304,0.0211,44.5560,0.0267,0.0024,-0.0094,0.2588,0.4394,1.1315,sell
2026-05-21,219.6100,6412800,219.3900,221.1700,215.7200,-0.0117,-0.0419,-0.0494,-0.0369,0.0087,43.8982,0.0267,-0.0001,-0.0096,0.1986,-0.1681,0.9530,hold
2026-05-22,219.0200,4647100,220.8500,221.1100,217.1700,-0.0027,-0.0067,-0.0773,-0.0317,0.0047,48.0406,0.0242,-0.0023,-0.0094,0.2097,-0.2753,0.6962,hold
2026-05-26,218.9000,5908000,221.3000,222.4100,217.9100,-0.0005,-0.0078,-0.0811,-0.0239,0.0033,45.0380,0.0241,-0.0040,-0.0089,0.2336,0.2713,0.8752,buy
2026-05-27,224.3000,11049100,221.5000,226.9000,220.7000,0.0247,0.0432,-0.0531,0.0059,0.0270,44.8883,0.0262,-0.0032,-0.0064,0.4262,0.8702,1.5535,buy
2026-05-28,228.7800,6526400,224.0000,229.9100,222.8500,0.0200,0.0296,-0.0491,0.0314,0.0458,48.0753,0.0266,-0.0011,-0.0034,0.5702,-0.4093,0.9167,buy
2026-05-29,231.1500,6938100,228.4400,232.3000,226.2500,0.0104,0.0525,0.0085,0.0412,0.0542,44.3017,0.0223,0.0014,-0.0007,0.6460,0.0631,0.9604,sell
2026-06-01,224.3000,6400900,228.3600,228.8000,222.2100,-0.0296,0.0241,0.0173,0.0086,0.0208,38.5022,0.0207,0.0010,-0.0010,0.4206,-0.0774,0.8685,sell
2026-06-02,217.7000,7655600,222.5200,224.6900,215.0100,-0.0294,-0.0055,-0.0132,-0.0198,-0.0112,35.4221,0.0230,-0.0018,-0.0030,0.2117,0.1960,1.0194,sell
2026-06-03,210.5800,9105900,216.1000,216.3500,209.6300,-0.0327,-0.0612,-0.0206,-0.0500,-0.0446,28.2904,0.0239,-0.0068,-0.0065,0.0473,0.1894,1.1716,buy
2026-06-04,217.4200,8055000,213.0000,221.6000,212.8000,0.0325,-0.0497,-0.0215,-0.0170,-0.0155,40.8732,0.0238,-0.0078,-0.0059,0.2732,-0.1154,1.0305,sell
2026-06-05,215.4500,4804000,216.5800,218.3700,213.6300,-0.0091,-0.0679,-0.0189,-0.0241,-0.0258,45.6431,0.0237,-0.0094,-0.0061,0.2428,-0.4036,0.6294,hold
2026-06-08,215.9200,3711700,216.3000,217.7900,215.0000,0.0022,-0.0374,-0.0142,-0.0205,-0.0256,45.9701,0.0237,-0.0103,-0.0056,0.2777,-0.2274,0.4988,hold
2026-06-09,214.5100,5198800,216.5000,220.0100,212.2300,-0.0065,-0.0147,-0.0201,-0.0250,-0.0340,49.5370,0.0238,-0.0115,-0.0054,0.2542,0.4007,0.7037,sell
2026-06-10,209.0000,7038100,213.0700,213.7000,207.9500,-0.0257,-0.0075,-0.0682,-0.0434,-0.0605,37.3853,0.0229,-0.0147,-0.0068,0.1068,0.3538,0.9526,buy
2026-06-11,221.6300,6651500,209.8400,221.7700,209.8000,0.0604,0.0194,-0.0313,0.0177,-0.0057,51.6196,0.0304,-0.0113,-0.0031,0.5789,-0.0549,0.9051,sell
2026-06-12,219.0500,5665800,222.3700,223.5100,216.7000,-0.0116,0.0167,-0.0523,0.0115,-0.0184,50.0233,0.0302,-0.0102,-0.0015,0.4893,-0.1482,0.8401,buy
2026-06-15,228.9500,8596000,225.3000,231.3400,225.2200,0.0452,0.0603,0.0207,0.0550,0.0241,56.7786,0.0326,-0.0053,0.0024,0.8977,0.5172,1.2830,hold
2026-06-16,227.4900,3705900,229.4700,230.3000,225.3000,-0.0064,0.0605,0.0450,0.0435,0.0162,52.2724,0.0308,-0.0023,0.0044,0.8066,-0.5689,0.5652,hold
2026-06-17,225.6300,5006800,227.0200,230.5400,225.3000,-0.0082,0.0796,0.0715,0.0279,0.0065,47.6691,0.0284,-0.0005,0.0050,0.7081,0.3510,0.7656,sell
2026-06-18,222.7200,8822500,227.7500,228.9900,220.1200,-0.0129,0.0049,0.0244,0.0122,-0.0069,43.8115,0.0275,-0.0001,0.0044,0.5870,0.7621,1.3378,sell
2026-06-22,220.8300,4300300,223.0000,223.5500,220.1100,-0.0085,0.0081,0.0250,0.0012,-0.0154,47.2526,0.0275,-0.0005,0.0032,0.5067,-0.5126,0.6627,sell
2026-06-23,216.7100,4572500,218.8900,221.4800,216.6400,-0.0187,-0.0535,0.0037,-0.0179,-0.0337,49.1841,0.0283,-0.0023,0.0012,0.3433,0.0633,0.7050,buy
2026-06-24,220.2500,4354300,218.1900,222.2500,217.6800,0.0163,-0.0318,0.0268,-0.0044,-0.0178,58.4691,0.0286,-0.0023,0.0009,0.4849,-0.0477,0.6795,sell
2026-06-25,218.1200,4687600,220.6000,224.1300,217.1600,-0.0097,-0.0333,0.0436,-0.0181,-0.0268,50.6682,0.0272,-0.0032,0.0000,0.4099,0.0765,0.7697,hold
2026-06-26,217.2500,11704500,217.5500,222.5800,215.3600,-0.0040,-0.0246,-0.0198,-0.0201,-0.0301,51.7551,0.0189,-0.0041,-0.0007,0.3924,1.4969,1.8436,sell
2026-06-29,214.6900,5848500,218.6300,219.5100,213.9500,-0.0118,-0.0278,-0.0199,-0.0297,-0.0412,48.8477,0.0189,-0.0058,-0.0019,0.2971,-0.5003,0.9292,buy
2026-06-30,216.4700,7013700,216.5000,219.2300,214.7300,0.0083,-0.0011,-0.0545,-0.0161,-0.0326,51.8236,0.0104,-0.0063,-0.0019,0.3989,0.1992,1.1089,buy
2026-07-01,218.5800,4205600,217.2600,220.7500,216.1600,0.0097,-0.0076,-0.0392,-0.0025,-0.0226,59.5153,0.0114,-0.0058,-0.0012,0.5009,-0.4004,0.6836,buy
2026-07-02,226.4900,6050800,221.0000,227.5200,220.6800,0.0362,0.0384,0.0038,0.0332,0.0121,55.3266,0.0169,-0.0025,0.0016,0.8573,0.4387,1.0085,buy
2026-07-06,234.5400,7029200,227.1500,234.8500,227.0000,0.0355,0.0796,0.0531,0.0642,0.0478,65.1595,0.0194,0.0028,0.0054,1.0963,0.1617,1.1817,sell
2026-07-07,231.6800,4364700,235.9000,237.4800,230.4600,-0.0122,0.0791,0.0491,0.0461,0.0352,53.0987,0.0197,0.0059,0.0068,0.9155,-0.3791,0.7365,sell
2026-07-08,224.9500,4732800,227.0000,228.9000,222.7500,-0.0290,0.0392,0.0380,0.0119,0.0058,47.4250,0.0213,0.0061,0.0056,0.6367,0.0843,0.7918,sell
2026-07-09,223.1100,3474500,225.3000,225.5000,222.6900,-0.0082,0.0207,0.0130,0.0023,-0.0017,47.4442,0.0211,0.0054,0.0040,0.5490,-0.2659,0.5898,hold
2026-07-10,222.2800,3828300,223.6900,223.8400,219.5700,-0.0037,-0.0186,0.0191,-0.0032,-0.0046,49.5341,0.0209,0.0045,0.0025,0.4864,0.1018,0.6680,sell
2026-07-13,215.5100,4675700,222.0000,222.0000,215.1100,-0.0305,-0.0811,-0.0080,-0.0329,-0.0342,44.8944,0.0233,0.0014,-0.0006,0.1965,0.2214,0.8302,buy
2026-07-14,217.1100,3849700,216.9600,220.2900,216.3800,0.0074,-0.0629,0.0113,-0.0267,-0.0260,50.4034,0.0230,-0.0006,-0.0021,0.2758,-0.1767,0.6947,hold
2026-07-15,218.1200,3305100,217.7900,221.9300,217.2500,0.0047,-0.0304,0.0076,-0.0229,-0.0207,47.7364,0.0229,-0.0018,-0.0026,0.3398,-0.1415,0.6264,sell
2026-07-16,214.3400,4763900,216.5200,217.9600,214.2000,-0.0173,-0.0393,-0.0194,-0.0380,-0.0370,46.1191,0.0234,-0.0042,-0.0040,0.1998,0.4414,0.8939,hold
2026-07-17,214.0300,4220500,211.5000,216.9600,211.0000,-0.0014,-0.0371,-0.0550,-0.0340,-0.0375,46.6556,0.0193,-0.0061,-0.0047,0.2168,-0.1141,0.7978,sell
2026-07-20,209.4800,5896700,216.1800,216.7300,208.7000,-0.0213,-0.0280,-0.1068,-0.0437,-0.0562,44.8035,0.0133,-0.0094,-0.0064,0.0790,0.3972,1.1463,sell
2026-07-21,204.8000,10037900,209.4800,211.7000,203.9000,-0.0223,-0.0567,-0.1160,-0.0535,-0.0751,38.9968,0.0137,-0.0138,-0.0086,-0.0096,0.7023,1.8483,buy
2026-07-22,208.6500,6061400,205.0000,209.2500,204.8800,0.0188,-0.0434,-0.0725,-0.0284,-0.0553,40.9348,0.0154,-0.0152,-0.0081,0.1614,-0.3961,1.1010,hold
2026-07-23,209.2300,4853800,206.0000,211.3000,205.0600,0.0028,-0.0238,-0.0622,-0.0193,-0.0502,31.8086,0.0158,-0.0161,-0.0072,0.2111,-0.1992,0.8777,hold
2026-07-24,209.5200,3742700,210.0900,212.4900,208.4000,0.0014,-0.0211,-0.0574,-0.0121,-0.0465,18.4728,0.0159,-0.0165,-0.0061,0.2428,-0.2289,0.6826,buy
2026-07-27,211.5000,6657300,212.5400,215.2200,211.1500,0.0095,0.0096,-0.0186,-0.0008,-0.0349,23.9948,0.0139,-0.0157,-0.0043,0.3182,0.7787,1.2728,buy
2026-07-28,221.5600,10465400,214.0000,223.7700,209.3500,0.0476,0.0818,0.0205,0.0445,0.0117,45.9767,0.0209,-0.0107,0.0001,0.6247,0.5720,1.9162,sell
2026-07-29,214.0100,9030600,218.5000,219.7900,210.5400,-0.0341,0.0257,-0.0188,0.0109,-0.0222,40.4891,0.0238,-0.0104,0.0007,0.3915,-0.1371,1.6235,buy
2026-07-30,220.9000,5661300,214.9400,221.6400,213.0000,0.0322,0.0558,0.0306,0.0402,0.0092,48.7198,0.0253,-0.0068,0.0031,0.6032,-0.3731,1.0046,sell
2026-07-31,216.1400,7320700,221.1600,221.5000,211.3000,-0.0215,0.0316,0.0099,0.0168,-0.0126,50.6071,0.0265,-0.0061,0.0032,0.4699,0.2931,1.2846,buy
2026-08-03,233.4900,10994600,221.0000,234.0900,219.2100,0.0803,0.1040,0.1146,0.0861,0.0655,62.1082,0.0350,0.0010,0.0077,1.0405,0.5019,1.8645,buy
