date,close,volume,open,high,low,return_1d,return_5d,return_10d,price_vs_ma10,price_vs_ma50,rsi_14,volatility_10d,macd_norm,macd_hist_norm,bb_position,volume_change,volume_vs_avg20,label
2021-09-10,58.6529,15422800,59.7995,59.8501,58.6108,-0.0126,-0.0270,-0.0396,-0.0221,-0.0016,46.3597,0.0087,0.0006,-0.0052,0.0702,0.0851,1.0444,buy
2021-09-13,59.4539,16337300,59.1166,59.5719,58.8131,0.0137,-0.0091,-0.0338,-0.0053,0.0120,48.0827,0.0097,0.0001,-0.0045,0.3124,0.0593,1.0953,sell
2021-09-14,57.9869,26568900,59.7237,60.1789,57.7677,-0.0247,-0.0288,-0.0403,-0.0259,-0.0126,34.0819,0.0110,-0.0023,-0.0056,-0.0167,0.6263,1.7177,buy
2021-09-15,59.3949,22392100,58.0206,59.7489,57.8520,0.0243,0.0059,-0.0203,-0.0002,0.0106,37.3258,0.0141,-0.0022,-0.0043,0.3675,-0.1572,1.4122,sell
2021-09-16,59.0155,19245400,59.8838,60.0103,59.0070,-0.0064,-0.0065,-0.0184,-0.0047,0.0034,38.3587,0.0140,-0.0026,-0.0038,0.2847,-0.1405,1.1939,hold
2021-09-17,58.9817,30768300,58.8216,59.5045,58.7288,-0.0006,0.0056,-0.0215,-0.0031,0.0017,34.8044,0.0139,-0.0030,-0.0033,0.2736,0.5987,1.8528,sell
2021-09-20,56.7392,36955400,57.3715,57.4726,55.6179,-0.0380,-0.0457,-0.0544,-0.0357,-0.0362,30.6807,0.0180,-0.0065,-0.0055,-0.1308,0.2011,2.0817,hold
2021-09-21,56.4356,21169900,57.0342,57.1101,56.0815,-0.0053,-0.0268,-0.0548,-0.0355,-0.0408,28.2589,0.0180,-0.0096,-0.0068,-0.0604,-0.4272,1.1659,buy
2021-09-22,57.5317,21160200,57.2366,58.3157,57.1523,0.0194,-0.0314,-0.0257,-0.0142,-0.0223,37.3454,0.0195,-0.0101,-0.0059,0.1743,-0.0005,1.1388,buy
2021-09-23,59.7574,21451500,58.3494,60.1874,58.1724,0.0387,0.0126,0.0060,0.0233,0.0146,47.8738,0.0234,-0.0072,-0.0025,0.5839,0.0138,1.1431,hold
2021-09-24,60.0103,15788400,59.6141,60.3475,59.6141,0.0042,0.0174,0.0231,0.0253,0.0180,50.0344,0.0229,-0.0047,-0.0001,0.6470,-0.2640,0.8376,buy
2021-09-27,60.9208,19857500,60.5752,61.2159,60.4909,0.0152,0.0737,0.0247,0.0382,0.0317,54.7121,0.0230,-0.0015,0.0024,0.8441,0.2577,1.0365,sell
2021-09-28,60.1705,20835000,61.0979,61.7808,60.0609,-0.0123,0.0662,0.0377,0.0216,0.0170,54.3210,0.0217,-0.0001,0.0031,0.6963,0.0492,1.0649,hold
2021-09-29,60.3054,13683900,60.4403,60.5499,59.8417,0.0022,0.0482,0.0153,0.0224,0.0176,53.5360,0.0205,0.0013,0.0036,0.7305,-0.3432,0.7059,sell
2021-09-30,59.1672,22090900,60.3897,60.4487,58.9733,-0.0189,-0.0099,0.0026,0.0028,-0.0024,51.9564,0.0214,0.0008,0.0025,0.5040,0.6144,1.1194,buy
2021-10-01,60.0103,23701900,59.3864,60.4318,59.0913,0.0142,0.0000,0.0174,0.0153,0.0105,52.1100,0.0218,0.0015,0.0026,0.6869,0.0729,1.1709,hold
2021-10-04,60.1030,18957200,59.9260,61.5279,59.7321,0.0015,-0.0134,0.0593,0.0111,0.0106,58.9579,0.0167,0.0022,0.0026,0.7049,-0.2002,0.9245,buy
2021-10-05,61.1485,15587200,60.4993,61.4857,60.1368,0.0174,0.0163,0.0835,0.0206,0.0266,57.6583,0.0166,0.0040,0.0036,0.8862,-0.1778,0.7584,hold
2021-10-06,61.0557,15997200,60.6342,61.2159,59.8754,-0.0015,0.0124,0.0613,0.0131,0.0236,59.1389,0.0163,0.0053,0.0039,0.8306,0.0263,0.7762,hold
2021-10-07,60.8618,15349900,61.5531,61.8398,60.7438,-0.0032,0.0286,0.0185,0.0081,0.0191,58.3024,0.0118,0.0061,0.0037,0.7708,-0.0405,0.7428,hold
2021-10-08,60.9967,11960700,60.5752,61.3845,60.2885,0.0022,0.0164,0.0164,0.0086,0.0202,73.1017,0.0117,0.0067,0.0035,0.7673,-0.2208,0.5836,sell
2021-10-11,60.4318,14985500,61.2918,62.1517,60.3728,-0.0093,0.0055,-0.0080,0.0001,0.0096,71.0856,0.0111,0.0065,0.0026,0.6558,0.2529,0.7337,sell
2021-10-12,59.5550,17593400,60.3138,60.6510,59.3864,-0.0145,-0.0261,-0.0102,-0.0134,-0.0059,60.9290,0.0114,0.0051,0.0009,0.4863,0.1740,0.8807,sell
2021-10-13,59.2347,23451900,59.4792,59.5045,57.9532,-0.0054,-0.0298,-0.0178,-0.0170,-0.0116,46.4449,0.0114,0.0034,-0.0006,0.4292,0.3330,1.1709,buy
2021-10-14,59.6899,24707900,59.9176,60.0862,58.7794,0.0077,-0.0193,0.0088,-0.0103,-0.0047,47.8794,0.0100,0.0027,-0.0011,0.5064,0.0536,1.2170,buy
2021-10-15,60.9461,21884500,60.5499,61.7302,60.2885,0.0210,-0.0008,0.0156,0.0090,0.0155,50.1601,0.0112,0.0037,0.0000,0.7163,-0.1143,1.1020,sell
2021-10-18,60.3728,15026100,60.7606,61.1653,60.1958,-0.0094,-0.0010,0.0045,-0.0009,0.0058,51.3101,0.0117,0.0038,0.0000,0.5922,-0.3134,0.8009,hold
2021-10-19,60.4993,15173900,60.9124,61.1232,60.0778,0.0021,0.0159,-0.0106,0.0022,0.0079,51.2570,0.0101,0.0039,0.0002,0.6052,0.0098,0.8219,hold
2021-10-20,60.5499,14350400,60.3307,60.9377,59.6984,0.0008,0.0222,-0.0083,0.0039,0.0090,60.4326,0.0102,0.0041,0.0002,0.6082,-0.0543,0.7919,sell
2021-10-21,59.4454,18519000,60.0778,60.5583,59.0239,-0.0182,-0.0041,-0.0233,-0.0121,-0.0083,45.8997,0.0116,0.0027,-0.0009,0.1660,0.2905,1.0303,buy
2021-10-22,60.1705,14625100,59.6646,60.6089,59.5888,0.0122,-0.0127,-0.0135,0.0013,0.0046,50.4484,0.0124,0.0025,-0.0009,0.4549,-0.2103,0.8163,sell
2021-10-25,59.7152,15103000,60.3475,60.5752,59.6140,-0.0076,-0.0109,-0.0119,-0.0050,-0.0024,39.6593,0.0123,0.0018,-0.0013,0.2927,0.0327,0.8543,hold
2021-10-26,59.5635,18647900,59.8585,60.3728,59.5297,-0.0025,-0.0155,0.0001,-0.0076,-0.0045,39.3244,0.0114,0.0009,-0.0017,0.2502,0.2347,1.0614,sell
2021-10-27,59.2768,25475900,59.4454,59.6140,58.4337,-0.0048,-0.0210,0.0007,-0.0124,-0.0090,38.8094,0.0114,-0.0001,-0.0022,0.1730,0.3662,1.4029,buy
2021-10-28,59.7574,16367800,59.6731,60.1283,59.2515,0.0081,0.0052,0.0011,-0.0045,-0.0009,41.6573,0.0114,-0.0003,-0.0019,0.3356,-0.3575,0.9158,sell
2021-10-29,58.7299,22403000,59.8508,59.9612,58.5685,-0.0172,-0.0239,-0.0364,-0.0180,-0.0180,39.2146,0.0099,-0.0018,-0.0028,0.0115,0.3687,1.2580,buy
2021-11-01,59.1120,19106600,59.3837,59.3837,58.6195,0.0065,-0.0101,-0.0209,-0.0096,-0.0116,47.0047,0.0102,-0.0024,-0.0027,0.1804,-0.1471,1.0724,sell
2021-11-02,58.2543,25539000,59.0440,59.1290,58.2033,-0.0145,-0.0220,-0.0371,-0.0202,-0.0254,43.8208,0.0108,-0.0041,-0.0035,-0.0215,0.3367,1.3945,buy
2021-11-03,58.5940,21755600,57.9996,59.0865,57.8212,0.0058,-0.0115,-0.0323,-0.0113,-0.0190,42.9903,0.0111,-0.0049,-0.0034,0.1261,-0.1481,1.1696,sell
2021-11-04,56.8956,32148900,58.3817,58.3987,56.4880,-0.0290,-0.0479,-0.0429,-0.0358,-0.0459,25.4796,0.0131,-0.0080,-0.0052,-0.1820,0.4777,1.6536,hold
2021-11-05,56.8871,20902600,57.5919,57.7363,56.8531,-0.0001,-0.0314,-0.0546,-0.0305,-0.0447,27.3498,0.0119,-0.0103,-0.0060,-0.0673,-0.3498,1.0510,buy
2021-11-08,58.1269,25122000,57.6514,58.6110,57.2098,0.0218,-0.0167,-0.0266,-0.0067,-0.0228,36.5329,0.0146,-0.0099,-0.0046,0.2418,0.2019,1.2318,sell
2021-11-09,57.7363,18513000,57.5580,57.9571,57.2692,-0.0067,-0.0089,-0.0307,-0.0103,-0.0285,34.6219,0.0147,-0.0104,-0.0040,0.1878,-0.2631,0.9057,hold
2021-11-10,57.9231,19290200,57.8467,58.1184,57.4985,0.0032,-0.0114,-0.0228,-0.0048,-0.0244,40.7519,0.0148,-0.0102,-0.0031,0.2497,0.0420,0.9534,buy
2021-11-11,58.4836,20296200,57.9656,58.7468,57.8892,0.0097,0.0279,-0.0213,0.0070,-0.0145,39.5431,0.0149,-0.0092,-0.0017,0.3804,0.0522,1.0142,hold
2021-11-12,58.7299,13867400,58.5940,58.7383,57.9996,0.0042,0.0324,0.0000,0.0113,-0.0098,43.7294,0.0140,-0.0079,-0.0004,0.4521,-0.3167,0.7071,sell
2021-11-15,58.3732,12965100,58.9591,59.1629,58.2034,-0.0061,0.0042,-0.0125,0.0064,-0.0153,42.6179,0.0139,-0.0074,0.0001,0.3891,-0.0651,0.6646,sell
2021-11-16,57.5240,19042800,58.4072,58.4072,57.1504,-0.0145,-0.0037,-0.0125,-0.0070,-0.0289,39.8380,0.0139,-0.0082,-0.0004,0.2130,0.4688,0.9665,sell
2021-11-17,56.7682,16468300,57.4561,57.4816,56.7003,-0.0131,-0.0199,-0.0312,-0.0169,-0.0409,33.2061,0.0142,-0.0098,-0.0015,0.0688,-0.1352,0.8314,hold
2021-11-18,56.9890,14994700,56.6494,57.0230,56.2163,0.0039,-0.0256,0.0016,-0.0132,-0.0364,39.2446,0.0109,-0.0105,-0.0018,0.1637,-0.0895,0.7638,sell
2021-11-19,56.3351,19766900,56.1483,56.4031,55.3925,-0.0115,-0.0408,-0.0097,-0.0236,-0.0467,33.4011,0.0116,-0.0120,-0.0026,0.0547,0.3183,0.9939,buy
2021-11-22,56.9296,24020500,57.7108,57.8382,56.7258,0.0106,-0.0247,-0.0206,-0.0113,-0.0358,41.8241,0.0095,-0.0120,-0.0021,0.2232,0.2152,1.1813,buy
2021-11-23,57.8042,18142200,57.3797,58.0590,56.9890,0.0154,0.0049,0.0012,0.0038,-0.0209,45.4278,0.0107,-0.0106,-0.0007,0.4585,-0.2447,0.8933,sell
2021-11-24,57.1334,14975500,57.7448,57.7958,57.0909,-0.0116,0.0064,-0.0136,-0.0065,-0.0316,51.5626,0.0113,-0.0105,-0.0004,0.3022,-0.1745,0.7569,sell
2021-11-26,55.6218,24542000,55.2057,55.8256,54.1867,-0.0265,-0.0240,-0.0489,-0.0279,-0.0561,43.0569,0.0130,-0.0127,-0.0019,-0.0470,0.6388,1.2154,sell
2021-11-29,55.2312,24340700,56.0379,56.2927,54.7387,-0.0070,-0.0196,-0.0596,-0.0288,-0.0615,32.4771,0.0126,-0.0147,-0.0030,-0.0416,-0.0082,1.1996,sell
2021-11-30,54.0933,35574000,54.6198,55.0359,53.8046,-0.0206,-0.0498,-0.0733,-0.0416,-0.0800,29.7835,0.0134,-0.0181,-0.0049,-0.1464,0.4615,1.6849,sell
2021-12-01,53.0912,27379200,54.9085,55.2736,53.0743,-0.0185,-0.0815,-0.0771,-0.0519,-0.0960,25.4107,0.0137,-0.0221,-0.0070,-0.1475,-0.2304,1.2911,buy
2021-12-02,54.1867,24890700,53.7876,54.5773,53.2950,0.0206,-0.0516,-0.0455,-0.0279,-0.0763,29.2624,0.0162,-0.0227,-0.0063,0.0917,-0.0909,1.1652,sell
2021-12-03,53.2951,25458700,54.1273,54.4500,53.0148,-0.0165,-0.0418,-0.0648,-0.0375,-0.0895,25.3088,0.0163,-0.0249,-0.0066,0.0315,0.0228,1.2107,hold
2021-12-06,53.0912,25105500,53.4479,53.9829,52.7685,-0.0038,-0.0387,-0.0576,-0.0355,-0.0909,25.6652,0.0162,-0.0265,-0.0065,0.0694,-0.0139,1.1821,buy
2021-12-07,53.4139,28301200,53.4564,53.7961,52.9214,0.0061,-0.0126,-0.0618,-0.0234,-0.0830,30.0989,0.0158,-0.0267,-0.0055,0.1540,0.1273,1.3227,sell
2021-12-08,53.0403,20697200,53.5158,53.6347,52.9469,-0.0070,-0.0010,-0.0824,-0.0218,-0.0872,31.2555,0.0139,-0.0275,-0.0048,0.1502,-0.2687,0.9624,sell
2021-12-09,52.7686,29960500,52.5393,53.0743,51.6731,-0.0051,-0.0262,-0.0764,-0.0189,-0.0895,28.8871,0.0139,-0.0282,-0.0043,0.1578,0.4476,1.3594,sell
2021-12-10,51.5542,39726500,52.3779,52.8705,51.1211,-0.0230,-0.0327,-0.0731,-0.0341,-0.1081,27.3534,0.0134,-0.0308,-0.0051,0.0704,0.3260,1.7264,sell
2021-12-13,51.1041,20489500,51.3674,51.6901,50.7645,-0.0087,-0.0374,-0.0747,-0.0351,-0.1131,22.0229,0.0134,-0.0330,-0.0057,0.0694,-0.4842,0.8778,buy
2021-12-14,51.4948,19571100,51.3334,52.0722,51.2740,0.0076,-0.0359,-0.0480,-0.0229,-0.1037,18.2209,0.0133,-0.0332,-0.0049,0.1474,-0.0448,0.8267,sell
2021-12-15,51.1551,33861300,51.7495,51.8090,50.5607,-0.0066,-0.0355,-0.0365,-0.0258,-0.1065,18.8498,0.0125,-0.0340,-0.0044,0.1468,0.7302,1.3870,buy
2021-12-16,51.8599,25688300,51.8854,52.5732,51.6476,0.0138,-0.0172,-0.0429,-0.0080,-0.0913,28.5992,0.0111,-0.0325,-0.0026,0.2526,-0.2414,1.0327,sell
2021-12-17,50.5607,47383500,51.1806,51.3759,50.0681,-0.0251,-0.0193,-0.0513,-0.0278,-0.1108,25.9196,0.0124,-0.0342,-0.0028,0.1420,0.8446,1.7885,sell
2021-12-20,49.4907,31619600,49.7624,49.8728,48.9048,-0.0212,-0.0316,-0.0678,-0.0417,-0.1261,26.1024,0.0134,-0.0369,-0.0039,0.0776,-0.3327,1.1674,buy
2021-12-21,50.4248,23175100,49.8813,50.8324,49.8049,0.0189,-0.0208,-0.0560,-0.0179,-0.1064,36.0569,0.0152,-0.0359,-0.0028,0.2059,-0.2671,0.8569,hold
2021-12-22,50.6116,14760600,50.3654,50.9003,50.1870,0.0037,-0.0106,-0.0458,-0.0096,-0.1003,29.3426,0.0155,-0.0347,-0.0014,0.2383,-0.3631,0.5492,buy
2021-12-23,51.1296,15223300,50.9428,51.6137,50.9088,0.0102,-0.0141,-0.0311,0.0038,-0.0884,36.9231,0.0162,-0.0324,0.0004,0.3163,0.0313,0.5662,buy
2021-12-27,51.5033,14035400,51.2910,51.7495,50.9513,0.0073,0.0186,-0.0010,0.0112,-0.0791,40.6031,0.0148,-0.0297,0.0023,0.3912,-0.0780,0.5324,hold
2021-12-28,51.4778,12697900,51.3249,52.0807,51.2145,-0.0005,0.0402,0.0073,0.0099,-0.0764,38.1250,0.0145,-0.0275,0.0036,0.4070,-0.0953,0.4925,hold
2021-12-29,51.4099,13284000,51.6391,51.7835,51.1806,-0.0013,0.0195,-0.0016,0.0088,-0.0747,39.6104,0.0143,-0.0256,0.0045,0.4134,0.0462,0.5386,hold
2021-12-30,51.3164,11380500,51.4778,51.8599,51.2825,-0.0018,0.0139,0.0032,0.0066,-0.0733,40.5316,0.0141,-0.0239,0.0050,0.4100,-0.1433,0.4769,hold
2021-12-31,51.2825,12307200,51.3165,51.5967,51.0532,-0.0007,0.0030,-0.0111,0.0071,-0.0708,47.9058,0.0133,-0.0224,0.0052,0.4241,0.0814,0.5297,buy
2022-01-03,53.5838,30508500,51.9533,54.0169,51.8939,0.0449,0.0404,0.0598,0.0461,-0.0270,64.8677,0.0171,-0.0166,0.0078,0.9602,1.4789,1.2989,buy
2022-01-04,53.9999,30303600,54.3990,54.9679,53.9574,0.0078,0.0490,0.0911,0.0450,-0.0173,64.9746,0.0142,-0.0119,0.0099,1.0078,-0.0067,1.2760,sell
2022-01-05,53.3715,25149100,54.4330,54.6962,53.3120,-0.0116,0.0382,0.0584,0.0270,-0.0265,62.8067,0.0151,-0.0093,0.0102,0.8731,-0.1701,1.0660,buy
2022-01-06,55.1208,33334200,54.5349,55.4605,53.9319,0.0328,0.0741,0.0891,0.0515,0.0071,66.8127,0.0173,-0.0042,0.0117,1.1193,0.3255,1.3761,buy
2022-01-07,55.8596,26548200,55.3501,56.5135,55.3501,0.0134,0.0893,0.0925,0.0561,0.0219,78.9964,0.0173,0.0006,0.0131,1.1063,-0.2036,1.1038,hold
2022-01-10,56.0719,28693700,56.4371,56.8786,55.3841,0.0038,0.0464,0.0887,0.0510,0.0271,89.7438,0.0174,0.0047,0.0137,1.0257,0.0808,1.2210,buy
2022-01-11,56.9890,23453000,56.3691,57.1334,56.1908,0.0164,0.0554,0.1071,0.0573,0.0446,89.7227,0.0173,0.0089,0.0142,1.0317,-0.1826,0.9917,hold
2022-01-12,57.1334,27976200,57.5580,58.2968,56.8277,0.0025,0.0705,0.1113,0.0488,0.0480,89.6696,0.0170,0.0124,0.0141,0.9659,0.1929,1.1623,buy
2022-01-13,57.5580,29222000,57.3457,58.1185,56.9126,0.0074,0.0442,0.1216,0.0447,0.0561,89.5509,0.0165,0.0155,0.0138,0.9395,0.0445,1.2259,sell
2022-01-14,56.8362,35994400,55.5029,56.9636,55.2652,-0.0125,0.0175,0.1083,0.0213,0.0435,81.4631,0.0178,0.0170,0.0122,0.8300,0.2318,1.4781,sell
2022-01-18,55.4520,26353600,56.6324,56.7597,55.2822,-0.0244,-0.0111,0.0349,-0.0069,0.0186,70.2074,0.0164,0.0163,0.0091,0.6812,-0.2678,1.1310,sell
2022-01-19,54.5518,22817100,55.7577,55.7577,54.3226,-0.0162,-0.0428,0.0102,-0.0240,0.0029,64.7293,0.0174,0.0141,0.0055,0.5774,-0.1342,0.9981,hold
2022-01-20,54.7387,22794100,54.5943,55.5794,54.0933,0.0034,-0.0419,0.0256,-0.0231,0.0076,65.9038,0.0168,0.0123,0.0030,0.5783,-0.0010,0.9979,sell
2022-01-21,53.7281,28637900,54.3395,54.7302,53.2866,-0.0185,-0.0665,-0.0253,-0.0387,-0.0095,60.4196,0.0143,0.0095,-0.0000,0.4519,0.2564,1.2168,sell
2022-01-24,53.2441,38601700,52.2336,53.3290,50.9768,-0.0090,-0.0632,-0.0468,-0.0429,-0.0167,48.2877,0.0132,0.0063,-0.0026,0.3799,0.3479,1.5625,buy
2022-01-25,54.4415,34371100,52.6242,54.7387,51.9109,0.0225,-0.0182,-0.0291,-0.0185,0.0069,52.0635,0.0156,0.0054,-0.0027,0.5041,-0.1096,1.3363,buy
2022-01-26,54.9849,31803400,54.9425,55.8596,54.2377,0.0100,0.0079,-0.0352,-0.0051,0.0183,57.6000,0.0149,0.0054,-0.0021,0.5529,-0.0747,1.1922,sell
2022-01-27,54.4754,24674000,55.3841,55.9190,54.2631,-0.0093,-0.0048,-0.0465,-0.0096,0.0104,46.5580,0.0148,0.0048,-0.0022,0.4625,-0.2242,0.9056,buy
2022-01-28,54.9340,20953500,54.0254,54.9510,53.3545,0.0084,0.0224,-0.0456,0.0036,0.0198,44.9113,0.0149,0.0048,-0.0017,0.5026,-0.1508,0.7558,buy
2022-01-31,55.2991,23067400,54.3565,55.4095,54.0084,0.0066,0.0386,-0.0270,0.0131,0.0272,45.8218,0.0150,0.0053,-0.0010,0.5350,0.1009,0.8162,buy
2022-02-01,56.5220,26868400,55.5709,56.6324,55.2312,0.0221,0.0382,0.0193,0.0335,0.0501,47.5555,0.0147,0.0072,0.0009,0.7469,0.1648,0.9568,sell
2022-02-02,56.2417,18194200,56.3436,56.7258,55.6898,-0.0050,0.0229,0.0310,0.0252,0.0449,45.3988,0.0136,0.0084,0.0016,0.6724,-0.3228,0.6622,sell
2022-02-03,55.4180,18219100,56.2672,56.3691,55.2227,-0.0146,0.0173,0.0124,0.0089,0.0302,39.3939,0.0147,0.0081,0.0010,0.4867,0.0014,0.6716,buy
2022-02-04,56.5563,23267900,55.6662,57.0527,55.4950,0.0205,0.0295,0.0526,0.0244,0.0518,48.6681,0.0140,0.0092,0.0018,0.7125,0.2771,0.8739,buy
2022-02-07,56.7960,20081600,56.5649,57.1640,56.0599,0.0042,0.0271,0.0667,0.0221,0.0564,57.1791,0.0131,0.0103,0.0024,0.7468,-0.1369,0.7635,buy
2022-02-08,57.4465,23191000,57.3951,58.1740,57.0014,0.0115,0.0164,0.0552,0.0283,0.0678,65.8859,0.0120,0.0119,0.0032,0.8480,0.1548,0.8910,buy
2022-02-09,58.0627,20902700,57.6946,58.3622,57.4636,0.0107,0.0324,0.0560,0.0336,0.0781,67.4213,0.0121,0.0138,0.0042,0.9315,-0.0987,0.8071,sell
2022-02-10,57.7717,22522300,58.1568,58.6703,57.5320,-0.0050,0.0425,0.0605,0.0224,0.0713,72.9214,0.0115,0.0149,0.0042,0.8609,0.0775,0.8789,sell
2022-02-11,57.4721,27226700,57.5577,59.1496,57.0014,-0.0052,0.0162,0.0462,0.0126,0.0640,74.4791,0.0120,0.0153,0.0036,0.8094,0.2089,1.0666,sell
2022-02-14,56.8816,24544000,57.2325,57.5320,56.3338,-0.0103,0.0015,0.0286,-0.0006,0.0520,65.1953,0.0129,0.0146,0.0022,0.7027,-0.0985,0.9835,buy
2022-02-15,57.3437,15487600,57.4807,57.7546,56.9415,0.0081,-0.0018,0.0145,0.0060,0.0589,64.8392,0.0112,0.0143,0.0016,0.7607,-0.3690,0.6344,hold
2022-02-16,57.3009,13067400,56.9500,57.7118,56.8559,-0.0007,-0.0131,0.0188,0.0034,0.0565,68.8843,0.0110,0.0140,0.0010,0.7291,-0.1563,0.5462,sell
2022-02-17,55.3838,23150000,56.7703,57.0356,54.9558,-0.0335,-0.0413,-0.0006,-0.0301,0.0204,52.5157,0.0150,0.0113,-0.0017,0.3885,0.7716,0.9669,sell
2022-02-18,54.8959,18114800,54.8703,55.6063,54.5193,-0.0088,-0.0448,-0.0294,-0.0358,0.0107,47.7754,0.0133,0.0080,-0.0041,0.2800,-0.2175,0.7736,hold
2022-02-22,54.6820,19057000,53.9801,55.0842,53.9801,-0.0039,-0.0387,-0.0372,-0.0360,0.0061,38.5765,0.0131,0.0050,-0.0057,0.1979,0.0520,0.8493,sell
2022-02-23,54.1085,17563500,55.1356,55.4266,53.9545,-0.0105,-0.0564,-0.0581,-0.0405,-0.0054,37.2214,0.0121,0.0017,-0.0073,0.0919,-0.0784,0.8132,sell
2022-02-24,51.9260,46453500,51.7720,52.2598,49.9575,-0.0403,-0.0938,-0.1057,-0.0690,-0.0458,32.0104,0.0148,-0.0043,-0.0109,-0.1579,1.6449,2.0803,buy
2022-02-25,53.0472,30518900,52.4738,53.8261,52.2170,0.0216,-0.0422,-0.0818,-0.0408,-0.0257,31.8903,0.0180,-0.0072,-0.0109,0.0649,-0.3430,1.3490,sell
2022-02-28,50.6936,48212900,51.2927,51.7121,49.9832,-0.0444,-0.0766,-0.1179,-0.0720,-0.0688,24.1479,0.0212,-0.0135,-0.0140,-0.1227,0.5798,2.0101,sell
2022-03-01,50.1458,51389000,49.9746,50.7706,49.5724,-0.0108,-0.0830,-0.1184,-0.0706,-0.0783,18.8000,0.0212,-0.0192,-0.0157,-0.0603,0.0659,2.0231,buy
2022-03-02,50.9760,60206500,48.7593,51.2328,47.8692,0.0166,-0.0579,-0.1110,-0.0439,-0.0632,20.2586,0.0223,-0.0216,-0.0145,0.0891,0.1716,2.2242,sell
2022-03-03,49.3156,54027300,50.2828,50.4882,48.7764,-0.0326,-0.0503,-0.1394,-0.0610,-0.0936,18.1701,0.0228,-0.0269,-0.0157,0.0167,-0.1026,1.8720,sell
2022-03-04,48.4341,54263000,47.8521,48.4940,47.2358,-0.0179,-0.0870,-0.1255,-0.0654,-0.1092,17.4074,0.0219,-0.0322,-0.0167,0.0252,0.0044,1.7697,sell
2022-03-07,47.5439,49710700,47.0989,48.1602,46.2772,-0.0184,-0.0621,-0.1339,-0.0694,-0.1246,17.0392,0.0219,-0.0378,-0.0176,0.0361,-0.0839,1.5542,sell
2022-03-08,46.9620,43858100,48.4084,49.0332,46.8678,-0.0122,-0.0635,-0.1412,-0.0666,-0.1340,13.6609,0.0216,-0.0428,-0.0178,0.0634,-0.1177,1.3221,buy
2022-03-09,47.8863,32757100,48.6994,49.0246,47.7665,0.0197,-0.0606,-0.1150,-0.0364,-0.1157,18.9616,0.0243,-0.0434,-0.0151,0.1641,-0.2531,0.9734,sell
2022-03-10,46.9705,31942500,47.0903,47.3899,46.1746,-0.0191,-0.0476,-0.0954,-0.0453,-0.1312,20.3021,0.0223,-0.0464,-0.0141,0.1440,-0.0249,0.9339,sell
2022-03-11,46.3543,20550900,47.3899,47.6638,46.2773,-0.0131,-0.0429,-0.1262,-0.0448,-0.1410,20.1198,0.0194,-0.0493,-0.0132,0.1430,-0.3566,0.6026,hold
2022-03-14,46.4142,25046000,46.8165,47.3043,46.0718,0.0013,-0.0238,-0.0844,-0.0351,-0.1383,20.7627,0.0165,-0.0504,-0.0115,0.1786,0.2187,0.7367,buy
2022-03-15,47.1674,20747100,46.6110,47.6039,46.5169,0.0162,0.0044,-0.0594,-0.0133,-0.1230,25.7621,0.0182,-0.0486,-0.0082,0.2512,-0.1716,0.6137,buy
2022-03-16,48.6138,31659800,47.9462,49.2472,47.9034,0.0307,0.0152,-0.0463,0.0220,-0.0944,37.8072,0.0205,-0.0435,-0.0035,0.3668,0.5260,0.9146,buy
2022-03-17,49.0332,21432300,47.6809,49.0417,47.0989,0.0086,0.0439,-0.0057,0.0315,-0.0849,34.4186,0.0183,-0.0391,0.0005,0.4181,-0.3230,0.6118,hold
2022-03-18,49.0845,30900500,48.7336,49.3242,48.5539,0.0010,0.0589,0.0134,0.0311,-0.0825,42.3948,0.0172,-0.0354,0.0033,0.4432,0.4418,0.8724,sell
2022-03-21,48.7679,21661200,49.4954,49.4954,48.5710,-0.0065,0.0507,0.0257,0.0218,-0.0862,43.3416,0.0161,-0.0328,0.0049,0.4358,-0.2990,0.6085,buy
2022-03-22,49.2129,23407400,49.4868,49.8548,49.0503,0.0091,0.0434,0.0479,0.0263,-0.0756,41.1512,0.0153,-0.0293,0.0065,0.5093,0.0806,0.6536,sell
2022-03-23,48.2287,23070200,48.8877,49.2129,47.9291,-0.0200,-0.0079,0.0071,0.0051,-0.0914,44.1475,0.0161,-0.0286,0.0063,0.4159,-0.0144,0.6392,hold
2022-03-24,48.2886,16770200,48.4512,48.4769,48.1003,0.0012,-0.0152,0.0281,0.0036,-0.0873,49.1406,0.0145,-0.0271,0.0062,0.4446,-0.2731,0.4846,buy
2022-03-25,48.5625,21206300,48.3827,48.9818,48.3057,0.0057,-0.0106,0.0476,0.0047,-0.0791,56.4887,0.0134,-0.0251,0.0065,0.5249,0.2645,0.6211,sell
2022-03-28,47.8606,25546300,48.1003,48.1688,46.8421,-0.0145,-0.0186,0.0312,-0.0128,-0.0891,55.6392,0.0147,-0.0248,0.0057,0.4099,0.2047,0.7740,buy
2022-03-29,48.3314,21463500,49.0246,49.1273,48.0404,0.0098,-0.0179,0.0247,-0.0055,-0.0771,52.9613,0.0142,-0.0230,0.0058,0.5294,-0.1598,0.6811,sell
2022-03-30,47.0475,32222400,47.9377,48.3142,46.6881,-0.0266,-0.0245,-0.0322,-0.0288,-0.0988,50.4886,0.0131,-0.0243,0.0042,0.2423,0.5013,1.0701,sell
2022-03-31,45.7038,29202400,46.6538,46.9534,45.6696,-0.0286,-0.0535,-0.0679,-0.0500,-0.1215,46.2227,0.0146,-0.0276,0.0014,-0.0260,-0.0937,1.0115,sell
2022-04-01,44.7880,40073100,45.7637,45.9948,44.3087,-0.0200,-0.0777,-0.0875,-0.0606,-0.1358,41.4105,0.0148,-0.0316,-0.0016,-0.0933,0.3723,1.4230,buy
2022-04-04,45.1903,29296200,44.7196,45.3615,44.2146,0.0090,-0.0558,-0.0734,-0.0450,-0.1252,39.1550,0.0159,-0.0329,-0.0025,0.0586,-0.2689,1.0794,sell
2022-04-05,44.1461,23065500,44.5569,44.9164,44.0092,-0.0231,-0.0866,-0.1030,-0.0570,-0.1424,24.3614,0.0154,-0.0364,-0.0043,-0.0325,-0.2127,0.8837,sell
2022-04-06,43.2475,25196600,43.6583,43.7267,43.1362,-0.0204,-0.0808,-0.1033,-0.0663,-0.1562,18.5288,0.0154,-0.0406,-0.0062,-0.0508,0.0924,0.9795,sell
2022-04-07,42.8195,28689900,43.2731,43.3159,41.9722,-0.0099,-0.0631,-0.1133,-0.0645,-0.1605,17.2629,0.0148,-0.0441,-0.0075,-0.0104,0.1386,1.1224,buy
2022-04-08,43.5470,26853300,42.6569,43.9065,42.6483,0.0170,-0.0277,-0.1033,-0.0380,-0.1426,23.8422,0.0167,-0.0438,-0.0063,0.1224,-0.0640,1.0378,sell
2022-04-11,43.2646,20895700,43.4700,44.7196,43.1191,-0.0065,-0.0426,-0.0960,-0.0345,-0.1442,19.7035,0.0166,-0.0446,-0.0054,0.1319,-0.2219,0.8141,hold
2022-04-12,43.0848,18755500,43.3074,43.7524,42.8366,-0.0042,-0.0240,-0.1086,-0.0271,-0.1436,21.4625,0.0153,-0.0449,-0.0045,0.1540,-0.1024,0.7335,hold
2022-04-13,42.9222,21194200,42.1776,42.9479,42.1091,-0.0038,-0.0075,-0.0877,-0.0216,-0.1422,20.5633,0.0145,-0.0450,-0.0035,0.1752,0.1300,0.8462,buy
2022-04-14,43.5898,34043100,43.3587,44.4200,43.0335,0.0156,0.0180,-0.0463,-0.0016,-0.1245,23.8523,0.0146,-0.0425,-0.0013,0.2664,0.6062,1.3259,buy
2022-04-18,44.7709,28396300,43.5128,45.5412,43.4614,0.0271,0.0281,-0.0004,0.0255,-0.0969,34.5329,0.0166,-0.0375,0.0021,0.4044,-0.1659,1.1114,buy
2022-04-19,45.2930,19996800,45.1304,45.5155,44.9335,0.0117,0.0469,0.0023,0.0372,-0.0822,34.8678,0.0167,-0.0326,0.0052,0.4774,-0.2958,0.7852,hold
2022-04-20,45.4471,20532800,45.7038,46.2002,45.2673,0.0034,0.0548,0.0295,0.0376,-0.0748,41.0183,0.0146,-0.0284,0.0074,0.5171,0.0268,0.8108,sell
2022-04-21,45.0448,15952900,45.8236,46.0205,44.9506,-0.0089,0.0495,0.0416,0.0242,-0.0783,45.8646,0.0129,-0.0259,0.0082,0.4867,-0.2231,0.6389,sell
2022-04-22,43.8466,23073900,44.8822,45.0191,43.7952,-0.0266,0.0059,0.0240,-0.0053,-0.0976,44.2946,0.0157,-0.0262,0.0071,0.3506,0.4464,0.9126,hold
2022-04-25,43.7610,22079300,43.4614,43.8551,42.5200,-0.0020,-0.0226,0.0049,-0.0077,-0.0941,40.9924,0.0148,-0.0258,0.0060,0.3560,-0.0431,0.8718,sell
2022-04-26,42.9907,18335800,43.2474,44.1632,42.9821,-0.0176,-0.0508,-0.0063,-0.0246,-0.1047,42.4581,0.0158,-0.0270,0.0043,0.2516,-0.1695,0.7344,sell
2022-04-27,42.4515,24707500,42.5884,43.3245,42.4001,-0.0125,-0.0659,-0.0147,-0.0355,-0.1106,44.5487,0.0162,-0.0286,0.0024,0.1484,0.3475,0.9833,buy
2022-04-28,42.8110,20112100,42.7168,42.8195,41.9465,0.0085,-0.0496,-0.0026,-0.0270,-0.0976,49.9408,0.0165,-0.0284,0.0019,0.2267,-0.1860,0.8201,sell
2022-04-29,41.6869,21844900,42.9407,43.1568,41.5485,-0.0263,-0.0493,-0.0437,-0.0485,-0.1154,37.8083,0.0174,-0.0310,0.0001,0.0157,0.0862,0.9044,buy
2022-05-02,42.1192,25904000,41.9030,42.2489,41.3150,0.0104,-0.0375,-0.0592,-0.0327,-0.1012,42.6378,0.0146,-0.0310,-0.0001,0.1586,0.1858,1.1048,buy
2022-05-03,43.3211,25374500,42.6553,43.9351,42.4391,0.0285,0.0077,-0.0435,-0.0006,-0.0710,51.3424,0.0175,-0.0277,0.0018,0.4541,-0.0204,1.0914,buy
2022-05-04,45.1629,26643600,43.3817,45.3099,43.2692,0.0425,0.0639,-0.0063,0.0426,-0.0275,60.6903,0.0230,-0.0213,0.0056,0.8722,0.0500,1.1372,sell
2022-05-05,44.3674,25756000,44.4798,45.0765,43.8313,-0.0176,0.0364,-0.0150,0.0258,-0.0406,53.6652,0.0235,-0.0186,0.0071,0.6727,-0.0333,1.0980,hold
2022-05-06,44.6355,25912900,44.3069,44.9640,43.7362,0.0060,0.0707,0.0180,0.0301,-0.0318,49.3014,0.0218,-0.0154,0.0081,0.7122,0.0061,1.1113,sell
2022-05-09,43.1395,28888400,44.0907,44.2896,42.8801,-0.0335,0.0242,-0.0142,-0.0030,-0.0602,39.9077,0.0245,-0.0160,0.0066,0.3761,0.1148,1.2335,sell
2022-05-10,42.1538,31054700,43.7016,43.8313,41.2113,-0.0229,-0.0269,-0.0195,-0.0239,-0.0782,35.6820,0.0250,-0.0181,0.0040,0.1794,0.0750,1.2978,sell
2022-05-11,41.2113,30179000,42.3267,43.1828,41.1248,-0.0224,-0.0875,-0.0292,-0.0430,-0.0953,34.0810,0.0256,-0.0216,0.0009,0.0417,-0.0282,1.2318,sell
2022-05-12,40.2601,36301500,40.8654,40.9865,39.2571,-0.0231,-0.0926,-0.0596,-0.0595,-0.1120,34.7950,0.0260,-0.0261,-0.0025,-0.0378,0.2029,1.4374,buy
2022-05-13,41.1940,21739400,40.4763,41.3756,40.4763,0.0232,-0.0771,-0.0118,-0.0365,-0.0881,39.8473,0.0264,-0.0265,-0.0028,0.1610,-0.4011,0.8823,hold
2022-05-16,41.0383,16919100,41.1507,41.5658,40.6406,-0.0038,-0.0487,-0.0257,-0.0378,-0.0886,41.8836,0.0261,-0.0274,-0.0029,0.1737,-0.2217,0.7030,buy
2022-05-17,44.1426,46643400,43.0963,44.6268,42.9753,0.0756,0.0472,0.0190,0.0330,-0.0182,55.7945,0.0350,-0.0202,0.0021,0.6824,1.7568,1.8365,sell
2022-05-18,42.6467,32181600,43.8659,44.1512,42.3786,-0.0339,0.0348,-0.0557,0.0039,-0.0496,49.4777,0.0336,-0.0191,0.0032,0.4550,-0.3101,1.2387,hold
2022-05-19,43.0444,27279400,42.0760,43.4941,42.0154,0.0093,0.0692,-0.0298,0.0165,-0.0387,54.5245,0.0336,-0.0166,0.0044,0.5468,-0.1523,1.0276,hold
2022-05-20,43.0185,29025500,43.4595,43.8659,41.9463,-0.0006,0.0443,-0.0362,0.0198,-0.0375,53.0806,0.0335,-0.0147,0.0051,0.5506,0.0640,1.0813,buy
2022-05-23,45.6299,35166800,44.4020,46.3475,44.2291,0.0607,0.1119,0.0577,0.0753,0.0212,57.2123,0.0371,-0.0077,0.0088,0.9872,0.2116,1.2789,hold
2022-05-24,45.5520,24344800,45.3704,45.8374,44.5230,-0.0017,0.0319,0.0806,0.0650,0.0199,51.3661,0.0358,-0.0029,0.0109,0.9153,-0.3077,0.8757,hold
2022-05-25,45.5693,23507900,45.4483,45.9325,44.9813,0.0004,0.0685,0.1057,0.0546,0.0210,54.4637,0.0343,0.0009,0.0117,0.8696,-0.0344,0.8475,buy
2022-05-26,46.7712,19140700,46.2265,46.9096,45.9757,0.0264,0.0866,0.1617,0.0664,0.0488,57.4174,0.0324,0.0059,0.0131,0.9689,-0.1858,0.6912,hold
2022-05-27,46.3648,19509300,46.6934,46.6934,45.8633,-0.0087,0.0778,0.1255,0.0448,0.0409,62.1183,0.0332,0.0091,0.0131,0.8664,0.0193,0.7075,hold
2022-05-31,46.1833,25805400,45.8547,46.5724,45.3445,-0.0039,0.0121,0.1254,0.0288,0.0382,66.1135,0.0332,0.0112,0.0122,0.8074,0.3227,0.9360,sell
2022-06-01,45.3013,23902000,46.2611,46.4686,44.7306,-0.0191,-0.0055,0.0262,0.0065,0.0199,66.4351,0.0258,0.0113,0.0099,0.6801,-0.0738,0.8693,hold
2022-06-02,45.3359,17473600,45.3099,45.3964,44.6182,0.0008,-0.0051,0.0631,0.0013,0.0225,72.0180,0.0224,0.0112,0.0078,0.6827,-0.2689,0.6463,sell
2022-06-03,44.3847,16550000,45.0246,45.2494,44.2896,-0.0210,-0.0510,0.0311,-0.0226,0.0028,63.8202,0.0240,0.0096,0.0049,0.5634,-0.0529,0.6227,hold
2022-06-06,44.4452,18473200,44.7911,45.4569,44.4193,0.0014,-0.0414,0.0332,-0.0243,0.0059,64.8792,0.0239,0.0080,0.0027,0.5723,0.1162,0.7050,buy
2022-06-07,45.0505,15528800,44.1253,45.1629,43.9524,0.0136,-0.0245,-0.0127,-0.0098,0.0212,55.0724,0.0140,0.0077,0.0020,0.6357,-0.1594,0.6081,sell
2022-06-08,44.4539,13207700,44.7046,45.0592,44.1512,-0.0132,-0.0187,-0.0241,-0.0205,0.0093,61.2245,0.0145,0.0066,0.0006,0.5478,-0.1495,0.5359,sell
2022-06-09,43.2087,14272900,44.5663,44.6182,43.2001,-0.0280,-0.0469,-0.0518,-0.0430,-0.0167,50.9232,0.0166,0.0033,-0.0023,0.3688,0.0806,0.5985,sell
2022-06-10,41.2545,28910800,42.1279,42.4997,40.9605,-0.0452,-0.0705,-0.1180,-0.0750,-0.0587,41.8530,0.0169,-0.0032,-0.0072,0.0750,1.0256,1.2313,sell
2022-06-13,39.5078,30308400,40.3466,40.6492,39.2571,-0.0423,-0.1111,-0.1479,-0.1003,-0.0960,19.2708,0.0193,-0.0122,-0.0132,-0.0992,0.0483,1.2677,buy
2022-06-14,39.7413,25223600,39.9402,40.4071,39.3868,0.0059,-0.1179,-0.1395,-0.0815,-0.0886,21.2820,0.0202,-0.0185,-0.0155,-0.0261,-0.1678,1.0370,buy
2022-06-15,41.1421,30001500,40.1823,41.6609,40.1650,0.0352,-0.0745,-0.0918,-0.0399,-0.0547,30.7518,0.0255,-0.0197,-0.0135,0.1779,0.1894,1.2772,sell
2022-06-16,40.5455,24744900,40.4676,40.8049,39.7413,-0.0145,-0.0616,-0.1057,-0.0431,-0.0668,21.4286,0.0253,-0.0224,-0.0129,0.1400,-0.1752,1.0703,sell
2022-06-17,40.2255,35111400,40.7443,40.8913,39.7672,-0.0079,-0.0249,-0.0937,-0.0413,-0.0729,21.6000,0.0250,-0.0249,-0.0122,0.1414,0.4189,1.4934,buy
2022-06-21,41.4707,20289700,41.4707,41.7993,41.0902,0.0310,0.0497,-0.0669,-0.0045,-0.0436,30.1529,0.0280,-0.0233,-0.0088,0.2828,-0.4221,0.8793,sell
2022-06-22,40.8135,19752800,40.9259,41.4966,40.5887,-0.0158,0.0270,-0.0940,-0.0103,-0.0576,30.7349,0.0272,-0.0239,-0.0074,0.2433,-0.0265,0.8857,sell
2022-06-23,40.0785,24137200,40.5282,40.5628,39.4214,-0.0180,-0.0259,-0.0984,-0.0177,-0.0732,28.7114,0.0273,-0.0258,-0.0071,0.2026,0.2220,1.0827,buy
2022-06-24,41.3842,27322600,39.3954,41.7301,39.3695,0.0326,0.0207,-0.0422,0.0189,-0.0422,38.1892,0.0295,-0.0232,-0.0041,0.3495,0.1320,1.2152,hold
2022-06-27,41.3583,21198200,41.5572,41.8511,40.8567,-0.0006,0.0282,0.0025,0.0180,-0.0422,37.8157,0.0257,-0.0217,-0.0020,0.3657,-0.2242,0.9385,sell
2022-06-28,40.8222,21643600,41.8511,42.4651,40.5887,-0.0130,-0.0156,0.0333,0.0016,-0.0534,33.2189,0.0216,-0.0215,-0.0013,0.3273,0.0210,0.9538,hold
2022-06-29,40.7271,20981000,40.8654,41.3323,40.3206,-0.0023,-0.0021,0.0248,-0.0032,-0.0538,34.5962,0.0216,-0.0211,-0.0007,0.3346,-0.0306,0.9345,sell
2022-06-30,39.7672,21207900,39.9661,40.3898,39.1360,-0.0236,-0.0078,-0.0334,-0.0234,-0.0737,35.4319,0.0197,-0.0230,-0.0017,0.2384,0.0108,0.9503,buy
2022-07-01,40.5282,16539600,39.5511,40.6752,39.2052,0.0191,-0.0207,-0.0004,-0.0047,-0.0538,46.5798,0.0204,-0.0218,-0.0007,0.3551,-0.2201,0.7427,hold
2022-07-05,40.3033,19156800,39.5078,40.3379,38.8507,-0.0055,-0.0255,0.0019,-0.0104,-0.0570,54.3727,0.0203,-0.0216,-0.0003,0.3419,0.1582,0.8552,sell
2022-07-06,39.9056,14952800,40.0353,40.3639,39.3089,-0.0099,-0.0225,-0.0377,-0.0163,-0.0646,50.8870,0.0174,-0.0221,-0.0004,0.2981,-0.2195,0.6728,buy
2022-07-07,40.5800,15598900,40.5627,40.9000,40.3033,0.0169,-0.0036,-0.0057,0.0009,-0.0473,46.7072,0.0179,-0.0203,0.0008,0.4340,0.0432,0.7018,hold
2022-07-08,40.4849,11789900,40.8654,41.1248,40.2774,-0.0023,0.0180,0.0101,-0.0025,-0.0484,49.6233,0.0169,-0.0192,0.0015,0.4374,-0.2442,0.5321,sell
2022-07-11,39.9402,12778200,40.1390,40.4676,39.8537,-0.0135,-0.0145,-0.0349,-0.0124,-0.0601,48.2722,0.0132,-0.0195,0.0012,0.2529,0.0838,0.5787,hold
2022-07-12,39.8883,16966700,39.4127,40.5800,39.3435,-0.0013,-0.0103,-0.0355,-0.0101,-0.0601,38.8005,0.0132,-0.0193,0.0011,0.2560,0.3278,0.7897,sell
2022-07-13,39.3435,21793600,39.5165,39.5857,38.6172,-0.0137,-0.0141,-0.0362,-0.0200,-0.0719,39.4278,0.0133,-0.0204,0.0003,0.0391,0.2845,1.0349,sell
2022-07-14,38.1676,27337600,38.4616,38.4616,37.5623,-0.0299,-0.0595,-0.0628,-0.0432,-0.0979,37.0760,0.0156,-0.0238,-0.0020,-0.2101,0.2544,1.2916,buy
2022-07-15,43.2174,86566200,40.6406,43.7708,39.9402,0.1323,0.0675,0.0868,0.0741,0.0215,58.2298,0.0456,-0.0135,0.0046,1.1896,2.1666,3.6079,hold
2022-07-18,43.2952,26042500,43.8054,44.5317,43.0012,0.0018,0.0840,0.0683,0.0687,0.0242,58.6553,0.0455,-0.0072,0.0087,1.0695,-0.6992,1.0825,buy
2022-07-19,45.0765,28113600,43.9956,45.3186,43.9524,0.0411,0.1301,0.1184,0.0997,0.0660,67.1072,0.0464,0.0010,0.0130,1.1863,0.0795,1.1858,hold
2022-07-20,45.3531,24546500,44.5317,45.3531,44.4885,0.0061,0.1527,0.1365,0.0919,0.0722,68.3345,0.0458,0.0076,0.0157,1.0861,-0.1269,1.0261,hold
2022-07-21,45.4742,18261900,45.0592,45.5088,44.7825,0.0027,0.1914,0.1206,0.0821,0.0738,74.2291,0.0459,0.0129,0.0168,1.0030,-0.2560,0.7658,hold
2022-07-22,44.8862,14903400,45.4137,45.8460,44.5230,-0.0129,0.0386,0.1087,0.0570,0.0586,68.7779,0.0464,0.0161,0.0160,0.8803,-0.1839,0.6373,hold
2022-07-25,45.1024,16794700,45.3359,45.9584,45.0246,0.0048,0.0417,0.1292,0.0494,0.0617,70.6935,0.0457,0.0186,0.0148,0.8610,0.1269,0.7347,sell
2022-07-26,44.4452,18960800,44.7652,45.6558,44.3069,-0.0146,-0.0140,0.1142,0.0232,0.0442,69.1466,0.0464,0.0195,0.0125,0.7660,0.1290,0.8336,buy
2022-07-27,45.2667,17087300,44.7046,45.5780,44.3761,0.0185,-0.0019,0.1505,0.0281,0.0615,69.5245,0.0455,0.0209,0.0112,0.8147,-0.0988,0.7588,hold
2022-07-28,45.1629,12729200,45.0419,45.5866,44.3674,-0.0023,-0.0068,0.1833,0.0097,0.0570,69.4745,0.0433,0.0219,0.0097,0.7751,-0.2550,0.5758,hold
2022-07-29,45.3201,16783500,45.1629,45.6257,44.9708,0.0035,0.0097,0.0487,0.0085,0.0601,73.1435,0.0159,0.0226,0.0084,0.7624,0.3185,0.7669,hold
2022-08-01,45.3376,13051800,44.9621,45.5908,44.6565,0.0004,0.0052,0.0472,0.0043,0.0592,73.5114,0.0159,0.0229,0.0070,0.7389,-0.2223,0.6012,sell
2022-08-02,44.3159,17378500,45.1978,45.4947,44.2984,-0.0225,-0.0029,-0.0169,-0.0167,0.0347,70.6057,0.0120,0.0216,0.0043,0.6250,0.3315,0.8037,buy
2022-08-03,45.0669,13570600,44.7438,45.2153,44.3858,0.0169,-0.0044,-0.0063,0.0006,0.0512,79.6350,0.0132,0.0210,0.0031,0.6778,-0.2191,0.6296,sell
2022-08-04,44.7612,10152200,45.0232,45.1891,44.5953,-0.0068,-0.0089,-0.0157,-0.0046,0.0445,61.1935,0.0133,0.0201,0.0017,0.6297,-0.2519,0.4771,buy
2022-08-05,45.1105,13868800,44.6390,45.7043,44.4556,0.0078,-0.0046,0.0050,0.0027,0.0529,62.6632,0.0129,0.0195,0.0010,0.6468,0.3661,0.6485,hold
2022-08-08,44.9446,11594400,45.3812,45.5471,44.8922,-0.0037,-0.0087,-0.0035,-0.0006,0.0493,48.8127,0.0128,0.0187,0.0001,0.6103,-0.1640,0.5437,buy
2022-08-09,45.4860,9739300,45.0931,45.5035,44.9010,0.0120,0.0264,0.0234,0.0091,0.0626,51.1420,0.0123,0.0186,0.0002,0.6542,-0.1600,0.4646,buy
2022-08-10,46.4466,32416200,46.1147,47.5032,46.0536,0.0211,0.0306,0.0261,0.0277,0.0850,57.3036,0.0127,0.0197,0.0013,0.7730,2.3284,1.5081,buy
2022-08-11,47.1539,13450300,47.0665,47.5643,46.9356,0.0152,0.0535,0.0441,0.0388,0.1010,66.7332,0.0132,0.0216,0.0028,1.0984,-0.5851,0.6466,buy
2022-08-12,47.4857,15493600,47.3110,47.5031,46.8308,0.0070,0.0527,0.0478,0.0411,0.1076,67.2914,0.0132,0.0234,0.0038,1.1007,0.1519,0.8983,sell
2022-08-15,47.2150,11595200,46.9356,47.3198,46.6911,-0.0057,0.0505,0.0414,0.0309,0.1004,71.2891,0.0135,0.0244,0.0037,0.9881,-0.2516,0.7017,hold
2022-08-16,47.3110,14708000,46.9880,47.6429,46.9268,0.0020,0.0401,0.0676,0.0263,0.1011,67.6857,0.0099,0.0249,0.0034,0.9422,0.2685,0.9277,sell
2022-08-17,46.9443,13370800,46.6474,47.1713,46.5426,-0.0078,0.0107,0.0417,0.0142,0.0913,64.7398,0.0101,0.0246,0.0023,0.8138,-0.0909,0.8742,sell
2022-08-18,46.7609,10573300,46.8046,46.9094,46.3156,-0.0039,-0.0083,0.0447,0.0059,0.0862,61.8705,0.0098,0.0237,0.0011,0.7465,-0.2092,0.7091,sell
2022-08-19,45.9401,14798800,46.4116,46.6387,45.7305,-0.0176,-0.0325,0.0184,-0.0135,0.0664,54.3837,0.0119,0.0216,-0.0011,0.5391,0.3996,0.9928,sell
2022-08-22,44.7525,16749600,45.0232,45.2066,44.5255,-0.0259,-0.0522,-0.0043,-0.0386,0.0380,53.1018,0.0148,0.0178,-0.0044,0.2589,0.1318,1.1239,sell
2022-08-23,44.4905,11126100,44.7612,45.1280,44.4119,-0.0059,-0.0596,-0.0219,-0.0422,0.0304,45.6000,0.0142,0.0138,-0.0068,0.1949,-0.3357,0.7667,hold
2022-08-24,44.5429,11159300,44.4731,44.7874,44.2111,0.0012,-0.0512,-0.0410,-0.0371,0.0292,48.2663,0.0117,0.0105,-0.0081,0.2241,0.0030,0.7850,buy
2022-08-25,45.4598,12569000,44.7176,45.6257,44.5953,0.0206,-0.0278,-0.0359,-0.0137,0.0477,52.5445,0.0128,0.0093,-0.0071,0.4338,0.1263,0.8847,sell
2022-08-26,43.4689,20049700,45.6519,45.7043,43.4427,-0.0438,-0.0538,-0.0846,-0.0486,0.0007,41.5075,0.0174,0.0051,-0.0097,0.0380,0.5952,1.3952,sell
2022-08-29,43.1109,15103100,43.3728,43.4165,42.8140,-0.0082,-0.0367,-0.0869,-0.0479,-0.0087,36.0369,0.0173,0.0008,-0.0113,0.0364,-0.2467,1.0435,sell
2022-08-30,42.8576,16735500,43.5213,43.5213,42.5258,-0.0059,-0.0367,-0.0941,-0.0441,-0.0157,26.9876,0.0170,-0.0031,-0.0122,0.0399,0.1081,1.1589,sell
2022-08-31,42.6219,16582100,43.0323,43.2680,42.4996,-0.0055,-0.0431,-0.0921,-0.0401,-0.0217,19.0702,0.0170,-0.0066,-0.0126,0.0617,-0.0092,1.1364,hold
2022-09-01,42.5695,14470900,42.5869,42.5869,41.7486,-0.0012,-0.0636,-0.0896,-0.0321,-0.0237,15.1177,0.0171,-0.0094,-0.0123,0.1008,-0.1273,0.9773,hold
2022-09-02,42.6480,15568100,43.0585,43.7920,42.4559,0.0018,-0.0189,-0.0717,-0.0230,-0.0230,16.6880,0.0172,-0.0113,-0.0114,0.1514,0.0758,1.0454,sell
2022-09-06,42.1067,15544500,42.7616,42.8751,41.5827,-0.0127,-0.0233,-0.0591,-0.0295,-0.0357,14.3541,0.0161,-0.0138,-0.0111,0.1214,-0.0015,1.0301,buy
2022-09-07,42.4647,15413900,41.6875,42.5607,41.5653,0.0085,-0.0092,-0.0455,-0.0167,-0.0280,19.2815,0.0167,-0.0148,-0.0097,0.2007,-0.0084,1.0026,buy
2022-09-08,43.5737,18088800,42.2638,43.6173,42.0193,0.0261,0.0223,-0.0218,0.0113,-0.0039,30.6057,0.0193,-0.0130,-0.0064,0.3586,0.1735,1.2341,buy
2022-09-09,44.2460,18711800,43.9317,44.5429,43.8793,0.0154,0.0394,-0.0267,0.0298,0.0099,39.5021,0.0187,-0.0104,-0.0031,0.4620,0.0344,1.2541,hold
2022-09-12,44.4207,13506500,44.7612,45.0931,44.2722,0.0039,0.0416,0.0219,0.0316,0.0117,47.6485,0.0118,-0.0080,-0.0006,0.5066,-0.2782,0.9113,sell
2022-09-13,42.7878,22148200,43.5737,43.8356,42.4123,-0.0368,0.0162,-0.0075,-0.0056,-0.0265,39.8964,0.0170,-0.0093,-0.0013,0.2890,0.6398,1.4430,sell
2022-09-14,42.2900,25701700,42.9013,43.2331,41.6526,-0.0116,-0.0041,-0.0132,-0.0159,-0.0387,37.3032,0.0172,-0.0111,-0.0024,0.2288,0.1604,1.6166,hold
2022-09-15,42.2988,16556900,42.2289,43.0061,42.1591,0.0002,-0.0293,-0.0076,-0.0149,-0.0395,30.1536,0.0172,-0.0123,-0.0029,0.2446,-0.3558,1.0311,sell
2022-09-16,42.0106,19995600,41.9058,42.1241,41.4517,-0.0068,-0.0505,-0.0131,-0.0204,-0.0467,38.3544,0.0173,-0.0137,-0.0034,0.1979,0.2077,1.2097,hold
2022-09-19,42.1241,14716100,41.4692,42.3337,41.4255,0.0027,-0.0517,-0.0123,-0.0165,-0.0448,41.7997,0.0173,-0.0143,-0.0032,0.2343,-0.2640,0.8905,sell
2022-09-20,41.2596,16650200,41.7574,41.8884,40.9191,-0.0205,-0.0357,-0.0201,-0.0348,-0.0650,37.9447,0.0181,-0.0166,-0.0043,0.0806,0.1314,1.0079,sell
2022-09-21,40.4563,18641800,41.2596,41.6788,40.4388,-0.0195,-0.0434,-0.0473,-0.0491,-0.0834,34.9515,0.0184,-0.0200,-0.0059,-0.0145,0.1196,1.1033,sell
2022-09-22,39.8014,18443100,40.7008,40.9278,39.7228,-0.0162,-0.0590,-0.0866,-0.0562,-0.0985,32.2509,0.0151,-0.0238,-0.0076,-0.0490,-0.0107,1.0686,sell
2022-09-23,38.6487,30918000,39.2774,39.3909,37.8104,-0.0290,-0.0800,-0.1265,-0.0712,-0.1248,27.4606,0.0136,-0.0294,-0.0102,-0.1519,0.6764,1.7009,sell
2022-09-26,37.5397,23684400,38.1510,38.5788,37.1817,-0.0287,-0.1088,-0.1549,-0.0826,-0.1477,25.8094,0.0129,-0.0363,-0.0132,-0.1460,-0.2340,1.2901,sell
2022-09-27,37.1904,21255500,37.7493,37.8890,36.7451,-0.0093,-0.0986,-0.1308,-0.0786,-0.1533,22.0371,0.0109,-0.0417,-0.0147,-0.0615,-0.1026,1.1387,buy
2022-09-28,37.8977,19818100,37.1904,38.0898,37.0682,0.0190,-0.0632,-0.1039,-0.0507,-0.1343,18.5686,0.0151,-0.0428,-0.0131,0.0883,-0.0676,1.0530,sell
2022-09-29,37.0158,20982200,37.4611,37.6183,36.6840,-0.0233,-0.0700,-0.1249,-0.0604,-0.1512,10.8696,0.0151,-0.0468,-0.0131,0.0585,0.0587,1.1020,sell
2022-09-30,36.3871,22266400,37.0158,37.5223,36.3347,-0.0170,-0.0585,-0.1339,-0.0630,-0.1622,8.5585,0.0149,-0.0508,-0.0132,0.0624,0.0612,1.1459,buy
2022-10-03,37.1642,22001000,36.2823,37.4786,35.8544,0.0214,-0.0100,-0.1177,-0.0306,-0.1412,18.1817,0.0181,-0.0499,-0.0105,0.1767,-0.0119,1.1138,buy
2022-10-04,38.7797,20660000,38.0462,39.0766,37.9589,0.0435,0.0427,-0.0601,0.0182,-0.1013,32.3684,0.0249,-0.0441,-0.0051,0.3454,-0.0610,1.0326,sell
2022-10-05,38.2820,15458500,38.2121,38.4217,37.6445,-0.0128,0.0101,-0.0537,0.0109,-0.1103,30.7691,0.0246,-0.0423,-0.0022,0.3178,-0.2518,0.7725,sell
2022-10-06,37.6008,17738400,37.9152,38.2470,37.3651,-0.0178,0.0158,-0.0553,-0.0013,-0.1230,29.6534,0.0247,-0.0421,-0.0010,0.2763,0.1475,0.8872,sell
2022-10-07,36.8411,18101300,37.2865,37.3651,36.6228,-0.0202,0.0125,-0.0468,-0.0168,-0.1373,26.9961,0.0239,-0.0433,-0.0011,0.2250,0.0205,0.9068,sell
2022-10-10,36.3259,13768800,37.1031,37.2079,36.2648,-0.0140,-0.0226,-0.0323,-0.0274,-0.1458,27.8431,0.0226,-0.0449,-0.0016,0.1901,-0.2393,0.6893,sell
2022-10-11,35.3217,20176100,36.0378,36.2910,35.2955,-0.0276,-0.0892,-0.0502,-0.0495,-0.1655,27.3497,0.0239,-0.0486,-0.0033,0.1174,0.4653,1.0151,buy
2022-10-12,35.6623,20862200,35.2693,36.1164,34.9724,0.0096,-0.0684,-0.0590,-0.0345,-0.1540,31.2202,0.0230,-0.0488,-0.0032,0.1837,0.0340,1.0625,buy
2022-10-13,37.5048,27964900,35.1034,37.7056,34.9375,0.0517,-0.0026,0.0132,0.0140,-0.1071,45.1155,0.0283,-0.0424,0.0008,0.4141,0.3405,1.3840,hold
2022-10-14,37.7493,28885100,37.6270,38.7884,37.3738,0.0065,0.0247,0.0374,0.0169,-0.0982,50.9662,0.0276,-0.0380,0.0039,0.4680,0.0329,1.3988,buy
2022-10-17,38.0636,20835400,38.6924,38.7972,37.7144,0.0083,0.0478,0.0242,0.0229,-0.0877,54.0387,0.0270,-0.0335,0.0065,0.5484,-0.2787,0.9943,buy
2022-10-18,38.5527,21302100,38.9980,39.2512,38.1160,0.0128,0.0915,-0.0059,0.0366,-0.0731,53.0915,0.0233,-0.0283,0.0089,0.6803,0.0224,1.0054,sell
2022-10-19,37.8453,15142800,38.2732,38.5090,37.4524,-0.0183,0.0612,-0.0114,0.0188,-0.0867,53.9816,0.0237,-0.0263,0.0093,0.5778,-0.2891,0.7206,sell
2022-10-20,37.4786,15421600,37.8890,38.3693,37.3039,-0.0097,-0.0007,-0.0033,0.0093,-0.0917,55.3740,0.0232,-0.0250,0.0088,0.5229,0.0184,0.7392,buy
2022-10-21,38.6487,18783600,37.4961,38.7011,37.2690,0.0312,0.0238,0.0491,0.0357,-0.0594,57.0364,0.0239,-0.0203,0.0099,0.8346,0.2180,0.9273,hold
2022-10-24,38.7797,14392300,38.7011,39.0067,38.3955,0.0034,0.0188,0.0675,0.0325,-0.0522,50.0000,0.0230,-0.0167,0.0107,0.8352,-0.2338,0.7272,buy
2022-10-25,39.5743,20085700,38.4653,39.8101,38.3431,0.0205,0.0265,0.1204,0.0418,-0.0292,56.9030,0.0198,-0.0119,0.0120,0.9576,0.3956,1.0179,hold
2022-10-26,39.6529,16516200,39.7315,40.1506,39.4870,0.0020,0.0478,0.1119,0.0330,-0.0236,61.7148,0.0200,-0.0081,0.0126,0.9195,-0.1777,0.8441,hold
2022-10-27,39.6791,15687900,40.0546,40.2904,39.6005,0.0007,0.0587,0.0580,0.0279,-0.0194,67.6822,0.0141,-0.0049,0.0126,0.8745,-0.0502,0.8127,buy
2022-10-28,40.2816,13457900,39.7839,40.4126,39.3211,0.0152,0.0423,0.0671,0.0367,-0.0013,74.3810,0.0144,-0.0012,0.0129,0.9315,-0.1421,0.7135,sell
2022-10-31,40.0459,15600400,39.9149,40.3602,39.7926,-0.0059,0.0327,0.0521,0.0254,-0.0043,82.1640,0.0149,0.0012,0.0123,0.8443,0.1592,0.8414,buy
2022-11-01,40.3602,15505200,40.4301,40.5872,40.1681,0.0079,0.0199,0.0469,0.0287,0.0057,82.1001,0.0147,0.0037,0.0118,0.8653,-0.0061,0.8480,sell
2022-11-02,39.7752,20306800,40.2816,41.0501,39.7664,-0.0145,0.0031,0.0510,0.0088,-0.0065,68.7320,0.0141,0.0045,0.0102,0.7462,0.3097,1.0961,sell
2022-11-03,38.9281,16025800,39.4346,39.6529,38.8670,-0.0213,-0.0189,0.0387,-0.0163,-0.0249,58.8466,0.0158,0.0035,0.0074,0.5952,-0.2108,0.8690,buy
2022-11-04,39.8645,15204100,39.4051,40.1471,39.1048,0.0241,-0.0104,0.0315,0.0043,0.0013,62.3603,0.0145,0.0043,0.0065,0.7266,-0.0513,0.8310,buy
2022-11-07,40.3945,11792300,40.1736,40.5093,39.9351,0.0133,0.0087,0.0416,0.0135,0.0162,62.5709,0.0149,0.0060,0.0065,0.7878,-0.2244,0.6480,buy
2022-11-08,40.7389,16737100,40.4563,41.1011,40.3061,0.0085,0.0094,0.0294,0.0192,0.0261,70.7789,0.0139,0.0079,0.0067,0.8393,0.4193,0.9285,sell
2022-11-09,40.0676,13299000,40.3945,40.5093,39.8821,-0.0165,0.0074,0.0105,0.0014,0.0106,67.8127,0.0152,0.0081,0.0056,0.7057,-0.2054,0.7536,buy
2022-11-10,42.7706,27915500,41.2601,43.0709,41.1276,0.0675,0.0987,0.0779,0.0607,0.0787,73.4192,0.0259,0.0127,0.0082,1.1619,1.0991,1.5821,buy
2022-11-11,44.3341,26009200,42.8413,44.6697,42.7883,0.0366,0.1121,0.1006,0.0885,0.1172,77.1403,0.0274,0.0187,0.0115,1.2123,-0.0683,1.4862,sell
2022-11-14,43.3006,19631600,44.1132,44.1486,43.3006,-0.0233,0.0719,0.0813,0.0547,0.0908,67.7923,0.0290,0.0222,0.0119,0.9718,-0.2452,1.1256,hold
2022-11-15,43.3094,19839400,44.0161,44.5373,42.8324,0.0002,0.0631,0.0731,0.0474,0.0903,67.5763,0.0291,0.0244,0.0113,0.9128,0.0106,1.1423,sell
2022-11-16,42.7264,18052100,43.1769,43.2476,42.5233,-0.0135,0.0664,0.0742,0.0260,0.0755,63.9037,0.0290,0.0251,0.0094,0.8027,-0.0901,1.0308,hold
2022-11-17,42.6204,11962700,42.1169,42.6293,41.8696,-0.0025,-0.0035,0.0948,0.0145,0.0733,61.1774,0.0275,0.0250,0.0074,0.7664,-0.3373,0.6899,buy
2022-11-18,42.9826,12884300,43.0444,43.3448,42.5409,0.0085,-0.0305,0.0782,0.0155,0.0832,63.8676,0.0271,0.0250,0.0060,0.7895,0.0770,0.7559,hold
2022-11-21,43.1769,9884100,42.9826,43.3183,42.6469,0.0045,-0.0029,0.0689,0.0135,0.0887,63.4533,0.0270,0.0251,0.0050,0.7891,-0.2329,0.5876,buy
2022-11-22,43.5744,13132000,43.4066,43.8836,43.3978,0.0092,0.0061,0.0696,0.0160,0.0983,68.4772,0.0270,0.0255,0.0045,0.8127,0.3286,0.7972,sell
2022-11-23,42.6116,22863300,43.5833,43.6981,42.2671,-0.0221,-0.0027,0.0635,-0.0123,0.0739,67.7145,0.0276,0.0245,0.0024,0.6539,0.7410,1.3618,hold
2022-11-25,42.6558,6823600,42.5763,42.8678,42.5144,0.0010,0.0008,-0.0027,-0.0110,0.0748,64.6840,0.0174,0.0231,0.0008,0.6422,-0.7015,0.4174,sell
2022-11-28,41.7194,18987100,42.3201,42.5674,41.3661,-0.0220,-0.0294,-0.0590,-0.0268,0.0514,56.6844,0.0130,0.0204,-0.0019,0.4877,1.7826,1.1422,buy
2022-11-29,42.0198,12224700,41.7194,42.3113,41.7018,0.0072,-0.0268,-0.0296,-0.0168,0.0590,56.4906,0.0120,0.0181,-0.0033,0.5199,-0.3562,0.7430,buy
2022-11-30,42.7618,23993100,41.5869,42.7794,40.8008,0.0177,-0.0186,-0.0126,0.0018,0.0769,63.5555,0.0137,0.0173,-0.0029,0.6231,0.9627,1.4215,sell
2022-12-01,42.2053,19797600,42.6469,42.9914,41.8254,-0.0130,-0.0095,-0.0122,-0.0100,0.0619,46.3719,0.0136,0.0159,-0.0037,0.5118,-0.1749,1.1747,sell
2022-12-02,41.7283,12745400,41.7636,41.9138,41.3484,-0.0113,-0.0217,-0.0209,-0.0192,0.0489,30.5667,0.0140,0.0137,-0.0049,0.3861,-0.3562,0.7637,sell
2022-12-05,40.3150,20397500,41.4633,41.6223,40.0853,-0.0339,-0.0337,-0.0621,-0.0464,0.0125,28.9279,0.0166,0.0093,-0.0080,0.0732,0.6004,1.2035,sell
2022-12-06,39.7320,22160800,40.3238,40.5358,39.0430,-0.0145,-0.0544,-0.0798,-0.0525,-0.0032,26.6437,0.0164,0.0042,-0.0106,-0.0163,0.0864,1.2687,sell
2022-12-07,39.4581,20233400,39.4316,40.1471,39.1401,-0.0069,-0.0773,-0.0945,-0.0497,-0.0112,27.7645,0.0152,-0.0004,-0.0123,-0.0122,-0.0870,1.1469,hold
2022-12-08,39.4758,15622200,39.6171,40.0765,39.0960,0.0004,-0.0647,-0.0736,-0.0420,-0.0115,28.3456,0.0148,-0.0041,-0.0127,0.0165,-0.2279,0.8797,hold
2022-12-09,39.6260,14030600,39.3963,39.9175,39.3521,0.0038,-0.0504,-0.0710,-0.0312,-0.0091,26.1906,0.0150,-0.0065,-0.0121,0.1010,-0.1019,0.8222,buy
2022-12-12,40.4298,19045100,39.4405,40.4563,39.1843,0.0203,0.0028,-0.0309,-0.0085,0.0090,32.0645,0.0163,-0.0066,-0.0097,0.2572,0.3574,1.1394,buy
2022-12-13,41.1541,25655400,41.3749,42.2671,40.8450,0.0179,0.0358,-0.0206,0.0114,0.0250,34.8452,0.0174,-0.0052,-0.0066,0.3997,0.3471,1.5077,sell
2022-12-14,40.6153,16587500,41.0834,41.5516,40.3856,-0.0131,0.0293,-0.0502,0.0035,0.0107,36.7991,0.0162,-0.0053,-0.0053,0.3233,-0.3534,0.9842,sell
2022-12-15,39.4140,20201900,39.8291,39.9793,38.9811,-0.0296,-0.0016,-0.0661,-0.0194,-0.0198,31.4083,0.0179,-0.0078,-0.0063,0.1472,0.2179,1.1910,sell
2022-12-16,39.1755,26955400,39.0430,39.4493,38.6985,-0.0061,-0.0114,-0.0612,-0.0191,-0.0265,34.1410,0.0178,-0.0101,-0.0068,0.1489,0.3343,1.5219,sell
2022-12-19,38.8045,18019100,39.1843,39.2903,38.4070,-0.0095,-0.0402,-0.0375,-0.0247,-0.0366,30.1310,0.0151,-0.0126,-0.0075,0.1304,-0.3315,1.0028,hold
2022-12-20,38.6985,14412700,38.9988,39.3521,38.6896,-0.0027,-0.0597,-0.0260,-0.0249,-0.0404,22.7488,0.0146,-0.0146,-0.0076,0.1493,-0.2001,0.7921,buy
2022-12-21,39.5818,22492300,39.0518,39.6525,39.0165,0.0228,-0.0254,0.0031,-0.0029,-0.0206,33.1442,0.0165,-0.0139,-0.0056,0.3136,0.5606,1.2052,sell
2022-12-22,38.8575,24476100,39.2550,39.2550,37.9035,-0.0183,-0.0141,-0.0157,-0.0196,-0.0400,32.1233,0.0175,-0.0151,-0.0053,0.2095,0.0882,1.3059,buy
2022-12-23,39.0960,15143800,38.8663,39.1843,38.7603,0.0061,-0.0020,-0.0134,-0.0123,-0.0349,41.1082,0.0176,-0.0151,-0.0043,0.2738,-0.3813,0.7904,hold
2022-12-27,39.2108,14777800,39.1136,39.3433,38.8398,0.0029,0.0105,-0.0302,-0.0063,-0.0327,45.9198,0.0160,-0.0148,-0.0032,0.3168,-0.0242,0.7799,buy
2022-12-28,39.4140,12882200,39.2461,39.6348,39.0341,0.0052,0.0185,-0.0423,0.0032,-0.0284,49.6503,0.0146,-0.0139,-0.0019,0.3766,-0.1283,0.6787,buy
2022-12-29,39.8910,14124100,39.6083,39.9616,39.4405,0.0121,0.0078,-0.0178,0.0173,-0.0173,53.0639,0.0151,-0.0119,-0.0001,0.5122,0.0964,0.7640,hold
2022-12-30,39.9528,11802800,39.6878,39.9970,39.5376,0.0016,0.0282,0.0137,0.0174,-0.0167,52.4438,0.0115,-0.0103,0.0012,0.5704,-0.1644,0.6525,buy
2023-01-03,40.4386,19564000,40.4121,41.2955,40.2266,0.0122,0.0343,0.0322,0.0265,-0.0062,50.0695,0.0116,-0.0078,0.0028,0.7941,0.6576,1.0616,buy
2023-01-04,41.4809,21507200,41.1099,41.9933,40.9333,0.0258,0.0579,0.0690,0.0459,0.0180,52.4438,0.0126,-0.0038,0.0053,1.0774,0.0993,1.1635,sell
2023-01-05,41.2954,12314900,41.2513,41.4809,40.6064,-0.0045,0.0477,0.0671,0.0344,0.0122,55.3695,0.0128,-0.0010,0.0065,0.9455,-0.4274,0.6844,buy
2023-01-06,41.7901,16736300,41.5693,42.1258,41.1718,0.0120,0.0476,0.0558,0.0410,0.0232,71.1147,0.0117,0.0020,0.0076,0.9961,0.3590,0.9393,buy
2023-01-09,41.9933,16745500,42.3024,42.6823,41.9314,0.0049,0.0511,0.0807,0.0380,0.0270,75.1975,0.0082,0.0048,0.0082,0.9669,0.0005,0.9369,buy
2023-01-10,42.5674,12429900,42.0109,42.5851,41.6929,0.0137,0.0526,0.0888,0.0432,0.0395,82.4695,0.0084,0.0079,0.0090,1.0035,-0.2577,0.6986,buy
2023-01-11,43.0268,17143700,42.5851,43.0533,42.2759,0.0108,0.0373,0.0973,0.0447,0.0493,85.2011,0.0082,0.0110,0.0097,1.0050,0.3792,0.9686,buy
2023-01-12,43.3624,16287800,43.3359,43.7069,42.8854,0.0078,0.0501,0.1002,0.0429,0.0558,83.7539,0.0081,0.0139,0.0101,0.9905,-0.0499,0.9453,buy
2023-01-13,44.0956,28037000,42.8501,44.3694,42.1699,0.0169,0.0552,0.1054,0.0499,0.0717,96.6929,0.0084,0.0171,0.0107,1.0120,0.7213,1.5749,buy
2023-01-17,44.4401,28193500,44.0426,44.8199,43.9366,0.0078,0.0583,0.1123,0.0469,0.0777,96.7542,0.0079,0.0201,0.0110,0.9764,0.0056,1.5489,sell
2023-01-18,43.6628,18952000,44.3782,44.5902,43.4949,-0.0175,0.0257,0.0797,0.0208,0.0564,84.9029,0.0119,0.0213,0.0096,0.8333,-0.3278,1.0646,hold
2023-01-19,43.6098,14869100,42.9738,43.8129,42.8148,-0.0012,0.0135,0.0513,0.0145,0.0532,83.6879,0.0103,0.0217,0.0080,0.7953,-0.2154,0.8427,buy
2023-01-20,45.1291,19957300,43.8836,45.1467,43.5126,0.0348,0.0407,0.0928,0.0406,0.0874,86.0267,0.0133,0.0236,0.0083,0.9335,0.3422,1.1136,buy
2023-01-23,45.9152,18531200,45.0937,46.1891,44.9436,0.0174,0.0413,0.0987,0.0488,0.1036,87.2928,0.0135,0.0264,0.0091,0.9575,-0.0715,1.0456,sell
2023-01-24,45.4206,13303200,45.4206,45.8887,44.5372,-0.0108,0.0221,0.0816,0.0294,0.0889,81.1257,0.0150,0.0280,0.0084,0.8619,-0.2821,0.7750,buy
2023-01-25,45.8446,20719000,44.9171,45.8799,44.9171,0.0093,0.0500,0.0770,0.0314,0.0974,79.5454,0.0148,0.0292,0.0078,0.8716,0.5574,1.1877,buy
2023-01-26,46.1007,22393300,46.0036,46.1626,45.5001,0.0056,0.0571,0.0714,0.0300,0.1026,82.2274,0.0148,0.0303,0.0072,0.8655,0.0808,1.2563,sell
2023-01-27,45.8092,18294000,45.8976,46.1007,45.6326,-0.0063,0.0151,0.0564,0.0179,0.0944,77.7100,0.0154,0.0306,0.0059,0.8060,-0.1831,1.0110,hold
2023-01-30,45.7121,11126200,45.4382,45.9682,45.3499,-0.0021,-0.0044,0.0367,0.0121,0.0908,76.0197,0.0150,0.0303,0.0044,0.7716,-0.3918,0.6200,buy
2023-01-31,46.1272,34823400,45.8092,46.1272,45.6061,0.0091,0.0156,0.0380,0.0175,0.0989,75.4740,0.0151,0.0301,0.0035,0.8037,2.1299,1.8236,hold
2023-02-01,46.0654,22111900,45.5266,46.5866,45.4117,-0.0013,0.0048,0.0550,0.0108,0.0956,73.0563,0.0133,0.0297,0.0025,0.7766,-0.3650,1.1502,hold
2023-02-02,46.1272,22331700,46.4452,47.0194,45.6944,0.0013,0.0006,0.0577,0.0066,0.0955,71.8881,0.0132,0.0291,0.0016,0.7625,0.0099,1.1592,sell
2023-02-03,45.4493,20050600,45.5117,45.9756,45.0746,-0.0147,-0.0079,0.0071,-0.0089,0.0782,60.8113,0.0099,0.0276,-0.0003,0.6413,-0.1021,1.0203,hold
2023-02-06,45.3690,16152000,44.9587,45.4850,44.5216,-0.0018,-0.0075,-0.0119,-0.0095,0.0754,57.7457,0.0080,0.0256,-0.0018,0.6085,-0.1944,0.8231,buy
2023-02-07,45.6098,14361000,45.2709,46.1718,45.1281,0.0053,-0.0112,0.0042,-0.0046,0.0796,67.8310,0.0074,0.0241,-0.0026,0.6367,-0.1109,0.7363,hold
2023-02-08,45.6277,13242300,45.2887,45.9488,45.1371,0.0004,-0.0095,-0.0047,-0.0038,0.0785,68.5995,0.0067,0.0227,-0.0032,0.6224,-0.0779,0.6776,sell
2023-02-09,44.5840,16794900,45.8061,45.9042,44.4770,-0.0229,-0.0335,-0.0329,-0.0233,0.0524,44.4932,0.0094,0.0200,-0.0052,0.3302,0.2683,0.8601,hold
2023-02-10,44.7000,16519900,44.4413,44.7713,43.8436,0.0026,-0.0165,-0.0242,-0.0184,0.0538,35.7993,0.0095,0.0174,-0.0062,0.3247,-0.0164,0.8455,buy
2023-02-13,45.4939,11626900,44.5929,45.5653,44.5305,0.0178,0.0028,-0.0048,-0.0005,0.0711,50.8007,0.0114,0.0163,-0.0054,0.5503,-0.2962,0.6212,buy
2023-02-14,46.0380,16283300,45.4315,46.1629,45.0390,0.0120,0.0094,-0.0019,0.0117,0.0820,52.0589,0.0117,0.0163,-0.0042,0.7062,0.4005,0.8985,buy
2023-02-15,46.2254,9216600,45.3512,46.2789,45.3244,0.0041,0.0131,0.0035,0.0154,0.0841,51.3460,0.0118,0.0165,-0.0031,0.7624,-0.4340,0.5226,sell
2023-02-16,45.9042,9398000,45.8061,46.2343,45.5831,-0.0069,0.0296,-0.0048,0.0089,0.0737,51.0194,0.0120,0.0161,-0.0029,0.6313,0.0197,0.5413,hold
2023-02-17,45.8685,12297700,45.7258,46.0202,45.4225,-0.0008,0.0261,0.0092,0.0072,0.0698,51.7016,0.0109,0.0155,-0.0029,0.5951,0.3085,0.7243,sell
2023-02-21,44.4591,22899200,45.2620,45.4136,44.0934,-0.0307,-0.0227,-0.0201,-0.0218,0.0345,35.0844,0.0149,0.0127,-0.0050,-0.0614,0.8621,1.3316,hold
2023-02-22,44.6375,14431500,44.5037,45.0300,44.0399,0.0040,-0.0304,-0.0213,-0.0158,0.0362,37.4933,0.0148,0.0103,-0.0058,0.0788,-0.3698,0.8364,buy
2023-02-23,44.9408,12550700,44.9051,45.1549,44.3342,0.0068,-0.0278,-0.0151,-0.0076,0.0407,40.0299,0.0151,0.0088,-0.0058,0.2399,-0.1303,0.7451,hold
2023-02-24,44.7624,14547300,44.6018,44.9051,44.2896,-0.0040,-0.0249,0.0040,-0.0119,0.0345,43.6989,0.0131,0.0073,-0.0059,0.1966,0.1591,0.8842,buy
2023-02-27,45.0211,14190200,45.0479,45.6634,44.9497,0.0058,-0.0185,0.0072,-0.0069,0.0386,46.9097,0.0132,0.0065,-0.0053,0.3243,-0.0245,0.8734,buy
2023-02-28,45.2174,12932400,45.0300,45.3779,44.8249,0.0044,0.0171,-0.0061,-0.0020,0.0409,46.4856,0.0119,0.0061,-0.0045,0.4176,-0.0886,0.7915,buy
2023-03-01,45.9399,15966000,45.0122,45.9756,44.8695,0.0160,0.0292,-0.0021,0.0142,0.0544,52.4823,0.0125,0.0069,-0.0028,0.7326,0.2346,1.0371,hold
2023-03-02,45.8507,18104500,45.6544,45.8953,45.0122,-0.0019,0.0202,-0.0081,0.0130,0.0491,61.8729,0.0124,0.0074,-0.0019,0.7025,0.1339,1.1915,buy
2023-03-03,46.6981,15879900,45.9221,46.7338,45.9221,0.0185,0.0432,0.0173,0.0300,0.0647,66.4706,0.0135,0.0090,-0.0001,1.0170,-0.1229,1.0678,hold
2023-03-06,46.5465,12693300,46.7071,46.7873,46.3948,-0.0032,0.0339,0.0148,0.0251,0.0574,59.7040,0.0136,0.0100,0.0007,0.9014,-0.2007,0.8751,sell
2023-03-07,45.5653,30953800,46.2075,46.5019,45.2530,-0.0211,0.0077,0.0249,0.0010,0.0323,45.9665,0.0112,0.0092,-0.0002,0.5302,1.4386,2.0305,sell
2023-03-08,45.2084,12847700,45.5474,45.7347,44.8695,-0.0078,-0.0159,0.0128,-0.0080,0.0213,41.5680,0.0116,0.0077,-0.0014,0.4044,-0.5849,0.8470,sell
2023-03-09,43.3530,29460100,45.1192,45.3422,43.1835,-0.0410,-0.0545,-0.0353,-0.0454,-0.0225,33.1368,0.0175,0.0033,-0.0050,-0.1112,1.2930,1.8436,sell
2023-03-10,43.1211,29770800,42.8891,44.0488,42.0417,-0.0053,-0.0766,-0.0367,-0.0471,-0.0294,32.2989,0.0175,-0.0010,-0.0074,-0.0706,0.0105,1.7903,sell
2023-03-13,39.9097,50709200,41.9257,42.1398,39.7848,-0.0745,-0.1426,-0.1135,-0.1080,-0.1019,26.2126,0.0280,-0.0110,-0.0144,-0.3397,0.7033,2.7653,buy
2023-03-14,42.2826,42165900,42.1131,42.8089,41.5332,0.0595,-0.0720,-0.0649,-0.0487,-0.0496,39.9848,0.0358,-0.0132,-0.0131,0.1047,-0.1685,2.1226,sell
2023-03-15,39.9811,41832800,40.5342,40.5877,39.3388,-0.0544,-0.1156,-0.1297,-0.0883,-0.1013,31.9715,0.0378,-0.0207,-0.0165,-0.0901,-0.0079,1.9786,buy
2023-03-16,40.6947,28877300,39.8384,41.1140,38.9820,0.0178,-0.0613,-0.1125,-0.0609,-0.0854,35.7678,0.0390,-0.0239,-0.0158,0.0684,-0.3097,1.3052,sell
2023-03-17,39.4726,37130200,40.1238,40.1238,39.0891,-0.0300,-0.0846,-0.1547,-0.0737,-0.1120,31.8128,0.0379,-0.0297,-0.0171,0.0126,0.2858,1.5792,hold
2023-03-20,39.3299,31899900,39.8830,40.8018,39.1693,-0.0036,-0.0145,-0.1550,-0.0612,-0.1145,30.6338,0.0379,-0.0337,-0.0169,0.0653,-0.1409,1.3025,buy
2023-03-21,40.2041,29835600,40.6501,41.0515,40.0971,0.0222,-0.0492,-0.1177,-0.0278,-0.0941,31.3190,0.0397,-0.0339,-0.0139,0.1881,-0.0647,1.2012,sell
2023-03-22,38.9909,21672000,40.3022,40.4182,38.9642,-0.0302,-0.0248,-0.1375,-0.0428,-0.1203,29.1825,0.0401,-0.0378,-0.0137,0.1223,-0.2736,0.8600,hold
2023-03-23,38.7590,24112600,39.5262,40.0079,38.4557,-0.0059,-0.0476,-0.1060,-0.0376,-0.1240,24.9719,0.0390,-0.0403,-0.0129,0.1463,0.1126,0.9354,hold
2023-03-24,38.4557,25453900,38.2149,38.4646,37.4745,-0.0078,-0.0258,-0.1082,-0.0340,-0.1291,24.7354,0.0389,-0.0425,-0.0119,0.1616,0.0556,0.9669,buy
2023-03-27,39.9454,29335200,39.3032,40.1417,39.1426,0.0387,0.0156,0.0009,0.0034,-0.0939,32.9914,0.0345,-0.0390,-0.0076,0.3059,0.1525,1.0832,hold
2023-03-28,40.3379,16206000,39.8919,40.3468,39.6867,0.0098,0.0033,-0.0460,0.0182,-0.0834,35.2910,0.0281,-0.0359,-0.0038,0.3564,-0.4476,0.5948,buy
2023-03-29,40.9891,15047000,40.6680,41.0426,40.5520,0.0161,0.0512,0.0252,0.0320,-0.0672,42.3010,0.0224,-0.0315,0.0000,0.4292,-0.0715,0.5532,hold
2023-03-30,41.0961,14226400,41.4619,41.6046,40.8018,0.0026,0.0603,0.0099,0.0337,-0.0637,43.3509,0.0218,-0.0279,0.0028,0.4573,-0.0545,0.5268,buy
2023-03-31,41.8276,16009200,41.5689,41.8990,41.3281,0.0178,0.0877,0.0597,0.0459,-0.0462,57.5228,0.0193,-0.0230,0.0058,0.5557,0.1253,0.5927,hold
2023-04-03,41.6670,16633100,42.0506,42.3628,41.4173,-0.0038,0.0431,0.0594,0.0358,-0.0484,47.0787,0.0193,-0.0196,0.0074,0.5757,0.0390,0.6113,sell
2023-04-04,41.1140,15542400,41.8365,41.9436,40.7215,-0.0133,0.0192,0.0226,0.0197,-0.0589,56.4467,0.0192,-0.0180,0.0075,0.5406,-0.0656,0.5879,sell
2023-04-05,40.8285,11739100,40.5609,41.2032,40.4182,-0.0069,-0.0039,0.0471,0.0081,-0.0635,50.8004,0.0160,-0.0170,0.0069,0.5387,-0.2447,0.4450,hold
2023-04-06,40.9088,11918100,40.8553,41.2210,40.6055,0.0020,-0.0046,0.0555,0.0047,-0.0595,59.9505,0.0156,-0.0158,0.0065,0.5860,0.0152,0.4673,buy
2023-04-10,41.4976,11777100,40.8464,41.7116,40.8285,0.0144,-0.0079,0.0791,0.0116,-0.0440,64.1443,0.0150,-0.0133,0.0070,0.7552,-0.0118,0.4786,buy
2023-04-11,42.1041,14177300,41.6314,42.2558,41.5600,0.0146,0.0105,0.0540,0.0210,-0.0283,62.8468,0.0109,-0.0100,0.0079,0.8533,0.2038,0.6224,sell
2023-04-12,41.8544,14330900,42.3539,42.4966,41.4976,-0.0059,0.0180,0.0376,0.0113,-0.0324,72.2606,0.0113,-0.0081,0.0080,0.8111,0.0108,0.6701,buy
2023-04-13,42.1934,15578900,41.8365,42.4520,41.5511,0.0081,0.0334,0.0294,0.0165,-0.0228,76.2618,0.0105,-0.0057,0.0082,0.8460,0.0871,0.7760,buy
2023-04-14,44.2094,33064500,42.9694,44.5037,42.8356,0.0478,0.0807,0.0758,0.0571,0.0248,84.8647,0.0177,0.0000,0.0106,1.1122,1.1224,1.6300,hold
2023-04-17,44.3253,19590400,44.3878,44.4324,43.7901,0.0026,0.0681,0.0597,0.0536,0.0283,81.8416,0.0173,0.0045,0.0120,1.0254,-0.4075,1.0094,buy
2023-04-18,44.6732,16616200,44.5394,44.8695,44.1112,0.0078,0.0610,0.0721,0.0543,0.0368,81.7231,0.0170,0.0085,0.0128,0.9932,-0.1518,0.8913,buy
2023-04-19,44.9587,14894000,44.3610,45.0033,44.0488,0.0064,0.0742,0.0935,0.0515,0.0436,80.6895,0.0154,0.0120,0.0130,0.9567,-0.1036,0.8322,sell
2023-04-20,44.0666,20410200,44.4324,44.6465,43.7990,-0.0198,0.0444,0.0793,0.0229,0.0236,70.4797,0.0173,0.0133,0.0115,0.8070,0.3704,1.1445,sell
2023-04-21,43.7366,14377300,43.6741,43.9061,43.1032,-0.0075,-0.0107,0.0691,0.0086,0.0169,63.9322,0.0179,0.0135,0.0093,0.7415,-0.2956,0.8288,hold
2023-04-24,43.7366,11208800,43.7366,43.9863,43.4868,0.0000,-0.0133,0.0540,0.0035,0.0173,65.4666,0.0178,0.0134,0.0074,0.7271,-0.2204,0.6738,sell
2023-04-25,42.7286,15374000,43.2638,43.3976,42.5680,-0.0230,-0.0435,0.0148,-0.0211,-0.0053,61.2984,0.0196,0.0116,0.0044,0.5484,0.3716,0.9647,sell
2023-04-26,41.8009,16984600,42.6394,42.6929,41.3816,-0.0217,-0.0702,-0.0013,-0.0422,-0.0252,56.2429,0.0208,0.0083,0.0007,0.3726,0.1048,1.0632,hold
2023-04-27,41.9525,16541400,41.9614,42.2380,41.4262,0.0036,-0.0480,-0.0057,-0.0382,-0.0198,56.6402,0.0207,0.0057,-0.0015,0.3879,-0.0261,1.0306,buy
2023-04-28,42.4485,15222100,41.6549,42.6830,41.5196,0.0118,-0.0295,-0.0398,-0.0229,-0.0064,56.1224,0.0132,0.0045,-0.0021,0.4653,-0.0798,0.9455,hold
2023-05-01,42.6108,18314800,43.1790,43.6299,42.5387,0.0038,-0.0257,-0.0387,-0.0153,-0.0011,53.4601,0.0132,0.0038,-0.0022,0.4885,0.2032,1.1295,sell
2023-05-02,41.4836,19450100,42.2231,42.4395,41.0868,-0.0265,-0.0291,-0.0714,-0.0342,-0.0255,47.7388,0.0143,0.0012,-0.0040,0.2759,0.0620,1.1892,sell
2023-05-03,41.1860,14533500,41.6008,42.0246,41.1499,-0.0072,-0.0147,-0.0839,-0.0326,-0.0310,43.8257,0.0134,-0.0016,-0.0054,0.2177,-0.2528,0.8913,sell
2023-05-04,40.4916,20601800,40.6178,40.9425,39.7521,-0.0169,-0.0348,-0.0811,-0.0409,-0.0455,22.8087,0.0132,-0.0051,-0.0072,0.0966,0.4175,1.2301,buy
2023-05-05,41.7721,13384500,41.3032,41.9345,41.1860,0.0316,-0.0159,-0.0449,-0.0059,-0.0138,34.0445,0.0183,-0.0052,-0.0058,0.3219,-0.3503,0.7957,hold
2023-05-08,41.8082,8760900,42.2772,42.5206,41.7270,0.0009,-0.0188,-0.0441,-0.0005,-0.0116,31.3699,0.0183,-0.0052,-0.0046,0.3241,-0.3454,0.5255,hold
2023-05-09,41.9525,10188800,41.4024,42.1689,41.2942,0.0035,0.0113,-0.0182,0.0048,-0.0068,30.0864,0.0172,-0.0048,-0.0034,0.3543,0.1630,0.6186,hold
2023-05-10,41.8172,11840000,42.5206,42.5567,41.1138,-0.0032,0.0153,0.0004,0.0016,-0.0084,33.4390,0.0157,-0.0048,-0.0027,0.3284,0.1621,0.7243,sell
2023-05-11,41.5106,11222800,41.2491,41.6008,40.9695,-0.0073,0.0252,-0.0105,-0.0047,-0.0136,33.5547,0.0158,-0.0053,-0.0026,0.2793,-0.0521,0.6958,sell
2023-05-12,40.9876,12812800,41.7812,41.8262,40.6449,-0.0126,-0.0188,-0.0344,-0.0138,-0.0237,31.1475,0.0155,-0.0067,-0.0032,0.2096,0.1417,0.8476,buy
2023-05-15,41.5286,11911300,41.2040,41.7631,41.1499,0.0132,-0.0067,-0.0254,0.0018,-0.0084,41.2079,0.0163,-0.0066,-0.0024,0.3328,-0.0704,0.8085,sell
2023-05-16,40.8342,9201200,41.4204,41.6278,40.8162,-0.0167,-0.0267,-0.0157,-0.0134,-0.0223,42.6667,0.0149,-0.0079,-0.0030,0.2133,-0.2275,0.6407,buy
2023-05-17,42.4575,16359100,41.2852,42.4846,41.2852,0.0398,0.0153,0.0309,0.0227,0.0181,53.1320,0.0196,-0.0054,-0.0005,0.6064,0.7779,1.1333,sell
2023-05-18,41.8353,17618000,42.3673,42.3673,41.3573,-0.0147,0.0078,0.0332,0.0044,0.0048,46.2555,0.0193,-0.0048,0.0001,0.4707,0.0770,1.2324,sell
2023-05-19,41.2220,15416200,41.8984,42.1419,41.1409,-0.0147,0.0057,-0.0132,-0.0090,-0.0089,41.9624,0.0173,-0.0055,-0.0004,0.3023,-0.1250,1.0745,hold
2023-05-22,41.2942,14471000,41.4565,41.5737,40.9876,0.0018,-0.0056,-0.0123,-0.0060,-0.0063,48.7515,0.0173,-0.0058,-0.0006,0.3349,-0.0613,0.9973,hold
2023-05-23,41.4024,13797100,41.3393,42.2230,41.3032,0.0026,0.0139,-0.0131,-0.0021,-0.0044,51.4635,0.0173,-0.0058,-0.0004,0.3999,-0.0466,0.9560,sell
2023-05-24,40.1218,23744900,40.7260,40.7982,39.8693,-0.0309,-0.0550,-0.0405,-0.0290,-0.0342,47.6837,0.0197,-0.0084,-0.0023,-0.0565,0.7210,1.6077,hold
2023-05-25,39.8873,18109400,39.9505,40.4014,39.5717,-0.0058,-0.0466,-0.0391,-0.0309,-0.0398,36.4110,0.0197,-0.0107,-0.0037,-0.0325,-0.2373,1.2197,buy
2023-05-26,40.2210,11962600,40.0948,40.2661,39.6709,0.0084,-0.0243,-0.0187,-0.0209,-0.0316,39.0274,0.0197,-0.0116,-0.0037,0.1243,-0.3394,0.8146,hold
2023-05-30,40.3112,12431100,40.3382,40.4825,39.9054,0.0022,-0.0238,-0.0293,-0.0158,-0.0298,38.5679,0.0191,-0.0121,-0.0033,0.1798,0.0392,0.8638,sell
2023-05-31,39.9685,18154100,39.8603,40.0497,39.4184,-0.0085,-0.0346,-0.0212,-0.0221,-0.0383,37.4847,0.0186,-0.0131,-0.0034,0.1114,0.4604,1.2672,buy
2023-06-01,40.4375,15757100,40.2932,40.8974,39.9595,0.0117,0.0079,-0.0476,-0.0057,-0.0272,42.8914,0.0129,-0.0126,-0.0024,0.2853,-0.1320,1.0952,buy
2023-06-02,41.7721,19455600,41.0056,42.0968,40.9064,0.0330,0.0473,-0.0015,0.0273,0.0036,54.6925,0.0170,-0.0092,0.0005,0.7013,0.2347,1.3577,hold
2023-06-05,41.7000,11004700,41.8082,41.9164,41.3122,-0.0017,0.0368,0.0116,0.0243,0.0004,51.0858,0.0162,-0.0069,0.0022,0.6795,-0.4344,0.7744,buy
2023-06-06,42.5838,14189200,41.6549,42.8453,41.6188,0.0212,0.0564,0.0312,0.0427,0.0196,60.8259,0.0174,-0.0033,0.0045,0.9274,0.2894,0.9798,buy
2023-06-07,43.2962,15457400,42.8092,43.4495,42.5297,0.0167,0.0833,0.0457,0.0552,0.0350,55.8491,0.0179,0.0008,0.0068,1.0490,0.0894,1.0483,hold
2023-06-08,43.3774,12058600,43.0437,43.5126,42.8633,0.0019,0.0727,0.0811,0.0489,0.0355,61.6326,0.0130,0.0041,0.0081,0.9922,-0.2199,0.8172,buy
2023-06-09,43.5577,11744000,43.3774,43.8012,43.2060,0.0042,0.0427,0.0920,0.0440,0.0385,68.8501,0.0122,0.0069,0.0087,0.9608,-0.0261,0.7944,hold
2023-06-12,43.6930,13801000,43.5307,43.7381,43.2601,0.0031,0.0478,0.0863,0.0386,0.0404,69.1642,0.0123,0.0093,0.0089,0.9242,0.1752,0.9305,buy
2023-06-13,43.9094,14062700,43.6930,44.5678,43.6930,0.0050,0.0311,0.0893,0.0349,0.0445,69.6883,0.0122,0.0114,0.0088,0.9095,0.0190,0.9413,sell
2023-06-14,43.5036,22053000,44.0357,44.4325,42.8904,-0.0092,0.0048,0.0884,0.0168,0.0340,80.7882,0.0123,0.0124,0.0078,0.8005,0.5682,1.4153,buy
2023-06-15,43.7922,14926100,43.4044,43.8193,42.9084,0.0066,0.0096,0.0830,0.0156,0.0395,85.2035,0.0123,0.0133,0.0070,0.8257,-0.3232,0.9623,sell
2023-06-16,43.4585,18223000,44.0447,44.0447,43.4315,-0.0076,-0.0023,0.0404,0.0040,0.0303,79.1873,0.0095,0.0135,0.0057,0.7475,0.2209,1.1726,sell
2023-06-20,42.9355,12777700,43.2060,43.2060,42.4575,-0.0120,-0.0173,0.0296,-0.0109,0.0169,71.9459,0.0107,0.0125,0.0037,0.6456,-0.2988,0.8292,sell
2023-06-21,42.7551,10550700,42.8363,43.1519,42.5928,-0.0042,-0.0263,0.0040,-0.0155,0.0121,73.9536,0.0087,0.0113,0.0019,0.6036,-0.1743,0.6935,sell
2023-06-22,42.0517,11841900,42.5838,42.6198,41.8713,-0.0165,-0.0334,-0.0287,-0.0289,-0.0046,63.3384,0.0081,0.0089,-0.0005,0.4807,0.1224,0.7834,sell
2023-06-23,41.5016,13249100,41.5737,41.7090,41.3393,-0.0131,-0.0523,-0.0432,-0.0374,-0.0174,47.4315,0.0085,0.0059,-0.0029,0.3706,0.1188,0.9081,buy
2023-06-26,41.7000,13253900,41.5918,42.1058,41.4926,0.0048,-0.0405,-0.0427,-0.0287,-0.0125,50.0000,0.0086,0.0037,-0.0040,0.3809,0.0004,0.9238,buy
2023-06-27,41.8443,11863300,41.6639,42.0337,41.3934,0.0035,-0.0254,-0.0423,-0.0211,-0.0080,42.0542,0.0086,0.0022,-0.0044,0.3851,-0.1049,0.8271,sell
2023-06-28,41.6910,13394900,41.8172,41.8353,41.3212,-0.0037,-0.0249,-0.0505,-0.0196,-0.0104,30.3964,0.0080,0.0008,-0.0047,0.3272,0.1291,0.9308,hold
2023-06-29,41.7451,18840800,41.6369,42.1960,41.4926,0.0013,-0.0073,-0.0404,-0.0142,-0.0077,29.9334,0.0081,-0.0003,-0.0046,0.2929,0.4066,1.3061,sell
2023-06-30,41.5196,15228200,42.1870,42.2050,41.5106,-0.0054,0.0004,-0.0519,-0.0143,-0.0114,25.2190,0.0072,-0.0015,-0.0047,0.1919,-0.1917,1.0576,buy
2023-07-03,42.1509,10159900,41.5557,42.6469,41.5016,0.0152,0.0108,-0.0301,0.0038,0.0045,33.2680,0.0096,-0.0013,-0.0035,0.3611,-0.3328,0.7291,hold
2023-07-05,42.2050,11852900,42.1238,42.4305,41.8533,0.0013,0.0086,-0.0170,0.0069,0.0065,30.8316,0.0091,-0.0010,-0.0026,0.3660,0.1666,0.8481,sell
2023-07-06,40.9244,17431400,41.9345,41.9345,40.6809,-0.0303,-0.0184,-0.0428,-0.0194,-0.0227,25.7626,0.0129,-0.0032,-0.0039,0.0596,0.4706,1.2329,buy
2023-07-07,41.2491,13160700,40.7892,41.7992,40.7711,0.0079,-0.0119,-0.0191,-0.0097,-0.0142,26.2626,0.0126,-0.0043,-0.0040,0.1830,-0.2450,0.9385,hold
2023-07-10,41.1860,14307600,41.1228,41.8353,41.0687,-0.0015,-0.0080,-0.0076,-0.0105,-0.0155,27.6595,0.0120,-0.0052,-0.0039,0.2001,0.0871,1.0121,buy
2023-07-11,41.9615,14131700,41.3032,42.0337,41.1499,0.0188,-0.0045,0.0063,0.0075,0.0031,40.8783,0.0134,-0.0043,-0.0024,0.4137,-0.0123,0.9913,buy
2023-07-12,42.7281,17960500,42.6198,43.5307,42.5838,0.0183,0.0124,0.0211,0.0238,0.0213,49.7717,0.0145,-0.0021,-0.0002,0.6359,0.2709,1.2418,buy
2023-07-13,42.9986,26210700,42.8904,43.1519,42.5116,0.0063,0.0507,0.0314,0.0270,0.0275,58.6206,0.0144,0.0001,0.0016,0.7427,0.4594,1.7392,sell
2023-07-14,41.2581,38634500,43.7201,43.7832,41.2040,-0.0405,0.0002,-0.0117,-0.0134,-0.0140,48.1782,0.0200,-0.0015,0.0000,0.2398,0.4740,2.4298,buy
2023-07-17,41.7180,18521400,41.3122,42.0427,41.2310,0.0111,0.0129,0.0048,-0.0029,-0.0032,50.1298,0.0203,-0.0018,-0.0002,0.4048,-0.5206,1.1518,buy
2023-07-18,42.4034,24678000,42.1599,42.9806,42.0968,0.0164,0.0105,0.0060,0.0129,0.0122,53.7349,0.0204,-0.0007,0.0007,0.6984,0.3324,1.5045,buy
2023-07-19,42.8543,15789100,42.4575,43.1429,42.0427,0.0106,0.0030,0.0154,0.0221,0.0225,57.4738,0.0206,0.0009,0.0018,0.8922,-0.3602,0.9538,hold
2023-07-20,42.7551,17647200,42.7371,43.1790,42.5928,-0.0023,-0.0057,0.0447,0.0153,0.0196,56.4516,0.0174,0.0021,0.0024,0.8505,0.1177,1.0437,sell
2023-07-21,42.4305,18251600,42.8723,42.9265,42.2230,-0.0076,0.0284,0.0286,0.0048,0.0117,55.7451,0.0178,0.0023,0.0021,0.7024,0.0342,1.0594,buy
2023-07-24,42.9806,19006200,42.3673,43.1429,42.3673,0.0130,0.0303,0.0436,0.0135,0.0242,55.2873,0.0180,0.0035,0.0026,0.8787,0.0413,1.0851,sell
2023-07-25,42.4665,14729900,42.8273,43.0888,42.4395,-0.0120,0.0015,0.0120,0.0002,0.0115,51.5744,0.0179,0.0034,0.0021,0.6612,-0.2250,0.8374,buy
2023-07-26,42.8273,12267900,42.7371,43.0617,42.4034,0.0085,-0.0006,0.0023,0.0084,0.0192,62.8815,0.0171,0.0040,0.0021,0.7741,-0.1671,0.6966,buy
2023-07-27,43.1790,25162700,42.9265,44.2972,42.7822,0.0082,0.0099,0.0042,0.0163,0.0268,63.0170,0.0172,0.0050,0.0025,0.8604,1.0511,1.3827,sell
2023-07-28,42.7551,20871700,43.5758,43.6118,42.4665,-0.0098,0.0077,0.0363,0.0028,0.0158,60.0928,0.0105,0.0050,0.0020,0.6888,-0.1705,1.1405,buy
2023-07-31,42.9806,14377200,42.9174,43.3323,42.7100,0.0053,0.0000,0.0303,0.0051,0.0209,57.0536,0.0102,0.0054,0.0019,0.7439,-0.3112,0.7875,sell
2023-08-01,42.4485,15219100,42.6830,42.8092,42.2140,-0.0124,-0.0004,0.0011,-0.0075,0.0079,48.0000,0.0100,0.0047,0.0009,0.5477,0.0586,0.8222,sell
2023-08-02,41.7631,13101100,41.8623,42.0968,41.4385,-0.0161,-0.0248,-0.0255,-0.0210,-0.0086,41.6565,0.0105,0.0027,-0.0009,0.3126,-0.1392,0.7054,hold
2023-08-03,41.6729,13467100,41.4565,41.9074,41.2220,-0.0022,-0.0349,-0.0253,-0.0206,-0.0109,53.6050,0.0105,0.0010,-0.0021,0.2464,0.0279,0.7329,hold
2023-08-04,41.7003,18329500,41.7185,42.5943,41.5635,0.0007,-0.0247,-0.0172,-0.0183,-0.0104,49.8335,0.0104,-0.0004,-0.0028,0.2350,0.3611,0.9837,hold
2023-08-07,41.8098,16972000,41.9193,42.1838,41.6273,0.0026,-0.0272,-0.0272,-0.0130,-0.0086,43.7449,0.0092,-0.0012,-0.0029,0.2469,-0.0741,0.9044,sell
2023-08-08,41.1986,18524500,41.0708,41.2624,40.2680,-0.0146,-0.0294,-0.0299,-0.0245,-0.0237,33.1232,0.0095,-0.0030,-0.0038,0.0378,0.0915,0.9757,sell
2023-08-09,40.5417,13957100,41.0708,41.2259,40.5143,-0.0159,-0.0292,-0.0534,-0.0348,-0.0394,29.7421,0.0094,-0.0058,-0.0053,-0.0786,-0.2466,0.7430,hold
2023-08-10,40.4505,12112300,40.7880,41.0435,40.3684,-0.0023,-0.0293,-0.0632,-0.0307,-0.0416,31.0697,0.0082,-0.0081,-0.0060,-0.0118,-0.1322,0.6699,buy
2023-08-11,40.6603,11973200,40.1768,40.7059,40.1221,0.0052,-0.0249,-0.0490,-0.0208,-0.0370,26.2724,0.0089,-0.0093,-0.0058,0.0842,-0.0115,0.7149,sell
2023-08-14,40.2315,14280300,40.2133,40.5143,40.1221,-0.0105,-0.0377,-0.0640,-0.0246,-0.0470,26.7387,0.0082,-0.0111,-0.0061,0.0314,0.1927,0.8636,sell
2023-08-15,39.4196,17125100,39.8210,39.8210,39.3922,-0.0202,-0.0432,-0.0714,-0.0373,-0.0652,17.5789,0.0091,-0.0142,-0.0073,-0.0525,0.1992,1.0598,sell
2023-08-16,38.8996,13963600,39.2463,39.3740,38.8357,-0.0132,-0.0405,-0.0686,-0.0433,-0.0763,10.5486,0.0089,-0.0176,-0.0085,-0.0483,-0.1846,0.8691,sell
2023-08-17,38.7354,16123600,39.0821,39.3010,38.3979,-0.0042,-0.0424,-0.0705,-0.0404,-0.0786,11.0790,0.0088,-0.0204,-0.0089,0.0096,0.1547,1.0083,sell
2023-08-18,38.5438,12908700,38.4526,39.0456,38.3979,-0.0049,-0.0521,-0.0757,-0.0376,-0.0810,6.7575,0.0084,-0.0227,-0.0090,0.0501,-0.1994,0.8210,sell
2023-08-21,38.3796,14486300,38.8814,39.0091,38.0147,-0.0043,-0.0460,-0.0820,-0.0334,-0.0828,7.2795,0.0077,-0.0247,-0.0087,0.0813,0.1222,0.9347,sell
2023-08-22,37.4217,20507900,38.5986,38.6624,37.3761,-0.0250,-0.0507,-0.0917,-0.0485,-0.1030,6.8854,0.0092,-0.0285,-0.0097,0.0169,0.4157,1.2991,hold
2023-08-23,37.4765,16214500,37.4582,37.6133,37.1936,0.0015,-0.0366,-0.0756,-0.0396,-0.0990,8.0293,0.0094,-0.0306,-0.0095,0.0821,-0.2094,1.0144,hold
2023-08-24,37.4765,15579600,37.4217,38.0147,37.1480,0.0000,-0.0325,-0.0735,-0.0322,-0.0962,7.5231,0.0096,-0.0319,-0.0086,0.1228,-0.0392,1.0048,buy
2023-08-25,37.6224,16881900,37.6407,38.0056,37.2028,0.0039,-0.0239,-0.0747,-0.0208,-0.0901,8.1967,0.0094,-0.0321,-0.0071,0.1756,0.0836,1.1030,hold
2023-08-28,37.6954,14125900,37.8414,38.1880,37.5403,0.0019,-0.0178,-0.0630,-0.0124,-0.0857,10.8163,0.0098,-0.0318,-0.0055,0.2096,-0.1633,0.9237,buy
2023-08-29,38.0603,13199700,37.6772,38.1059,37.6407,0.0097,0.0171,-0.0345,0.0008,-0.0744,20.3057,0.0097,-0.0302,-0.0033,0.2827,-0.0656,0.8689,sell
2023-08-30,37.7410,18211400,38.0329,38.1698,37.7136,-0.0084,0.0071,-0.0298,-0.0046,-0.0798,19.2547,0.0093,-0.0297,-0.0021,0.2577,0.3797,1.1789,hold
2023-08-31,37.6680,17795700,37.8687,38.0238,37.4126,-0.0019,0.0051,-0.0276,-0.0037,-0.0793,14.9573,0.0093,-0.0290,-0.0011,0.2681,-0.0228,1.1361,buy
2023-09-01,37.9417,12413500,37.9417,38.1515,37.7501,0.0073,0.0085,-0.0156,0.0051,-0.0708,22.1731,0.0098,-0.0273,0.0003,0.3313,-0.3024,0.8078,sell
2023-09-05,37.7319,15843400,37.8870,38.2519,37.5768,-0.0055,0.0010,-0.0169,0.0013,-0.0742,25.9742,0.0098,-0.0264,0.0011,0.3093,0.2763,1.0347,hold
2023-09-06,37.7410,13675200,37.4217,37.8505,37.3214,0.0002,-0.0084,0.0085,0.0007,-0.0722,30.6993,0.0054,-0.0253,0.0018,0.3274,-0.1369,0.9075,sell
2023-09-07,37.1572,12406100,37.4673,37.7410,37.1298,-0.0155,-0.0155,-0.0085,-0.0140,-0.0844,26.9334,0.0075,-0.0257,0.0014,0.2192,-0.0928,0.8275,sell
2023-09-08,37.0294,15055400,37.0477,37.1207,36.7466,-0.0034,-0.0170,-0.0119,-0.0162,-0.0855,27.4458,0.0075,-0.0259,0.0011,0.2065,0.2135,0.9945,hold
2023-09-11,37.0294,11404200,37.2301,37.7410,36.9747,0.0000,-0.0240,-0.0158,-0.0146,-0.0833,28.8573,0.0073,-0.0256,0.0011,0.2046,-0.2425,0.7547,buy
2023-09-12,38.0238,24774700,37.0112,38.3705,37.0021,0.0269,0.0077,0.0087,0.0109,-0.0571,59.3222,0.0116,-0.0223,0.0029,0.5530,1.1724,1.5846,buy
2023-09-13,38.6533,31031900,38.2610,39.1368,38.0238,0.0166,0.0242,0.0156,0.0261,-0.0398,65.4676,0.0124,-0.0184,0.0051,0.8625,0.2526,1.9003,buy
2023-09-14,39.3557,19422800,39.0365,39.6294,38.9817,0.0182,0.0592,0.0428,0.0402,-0.0210,70.8502,0.0128,-0.0138,0.0075,1.1117,-0.3741,1.1698,sell
2023-09-15,38.9635,22983200,39.0000,39.4470,38.9179,-0.0100,0.0522,0.0344,0.0264,-0.0298,64.1075,0.0135,-0.0111,0.0083,0.9316,0.1833,1.3563,hold
2023-09-18,38.8996,10467400,38.8631,39.0273,38.6807,-0.0016,0.0505,0.0252,0.0221,-0.0302,62.6922,0.0135,-0.0089,0.0084,0.8839,-0.5446,0.6222,hold
2023-09-19,38.9361,11031700,39.0364,39.1003,38.7445,0.0009,0.0240,0.0319,0.0198,-0.0282,59.9173,0.0132,-0.0070,0.0082,0.8687,0.0539,0.6625,sell
2023-09-20,38.5894,11240700,39.1824,39.3466,38.5621,-0.0089,-0.0017,0.0225,0.0085,-0.0353,59.5482,0.0138,-0.0062,0.0073,0.7188,0.0189,0.6944,sell
2023-09-21,38.0512,12260100,38.3705,38.6442,38.0329,-0.0139,-0.0331,0.0241,-0.0079,-0.0465,53.9033,0.0136,-0.0067,0.0057,0.5122,0.0907,0.7667,sell
2023-09-22,37.3305,15438200,38.0877,38.1880,37.2757,-0.0189,-0.0419,0.0081,-0.0274,-0.0619,44.2928,0.0151,-0.0086,0.0032,0.2504,0.2592,0.9659,hold
2023-09-25,37.4217,10866800,37.1754,37.4856,37.0203,0.0024,-0.0380,0.0106,-0.0260,-0.0578,47.0383,0.0151,-0.0096,0.0017,0.2898,-0.2961,0.6929,sell
2023-09-26,36.6919,21786500,37.1024,37.4400,36.5459,-0.0195,-0.0576,-0.0350,-0.0417,-0.0738,41.1945,0.0134,-0.0122,-0.0005,0.0785,1.0049,1.3561,buy
2023-09-27,36.9108,15083400,36.7557,37.0659,36.4364,0.0060,-0.0435,-0.0451,-0.0316,-0.0657,47.7977,0.0119,-0.0133,-0.0014,0.1856,-0.3077,0.9334,buy
2023-09-28,37.5859,14409800,36.9291,37.7228,36.8652,0.0183,-0.0122,-0.0450,-0.0093,-0.0461,54.5319,0.0120,-0.0124,-0.0006,0.4044,-0.0447,0.9023,hold
2023-09-29,37.5221,16916100,37.8140,38.2154,37.3305,-0.0017,0.0051,-0.0370,-0.0072,-0.0451,53.9706,0.0118,-0.0119,-0.0000,0.3867,0.1739,1.0622,sell
2023-10-02,36.9473,16178900,37.3943,37.4491,36.7558,-0.0153,-0.0127,-0.0502,-0.0173,-0.0571,40.6940,0.0123,-0.0128,-0.0006,0.2291,-0.0436,1.0040,sell
2023-10-03,36.3635,19283400,36.6736,36.9838,36.1172,-0.0158,-0.0090,-0.0661,-0.0262,-0.0689,30.0479,0.0126,-0.0147,-0.0018,0.1018,0.1919,1.1841,hold
2023-10-04,36.3179,23342000,36.2084,36.4273,35.7066,-0.0013,-0.0161,-0.0589,-0.0215,-0.0671,20.1079,0.0127,-0.0160,-0.0025,0.1331,0.2105,1.3920,hold
2023-10-05,36.3817,18734100,36.1445,36.3817,35.7522,0.0018,-0.0320,-0.0439,-0.0153,-0.0624,22.8409,0.0125,-0.0166,-0.0025,0.1740,-0.1974,1.0965,buy
2023-10-06,37.0112,17080000,36.1993,37.2666,36.0442,0.0173,-0.0136,-0.0086,0.0026,-0.0431,32.2472,0.0131,-0.0153,-0.0011,0.3361,-0.0883,0.9938,buy
2023-10-09,37.1663,14859700,36.6554,37.4126,36.4456,0.0042,0.0059,-0.0068,0.0075,-0.0363,33.7249,0.0131,-0.0139,0.0002,0.3737,-0.1300,0.8560,buy
2023-10-10,37.8049,18902100,37.5312,38.0968,37.5312,0.0172,0.0396,0.0303,0.0217,-0.0171,43.1529,0.0124,-0.0112,0.0021,0.5413,0.2720,1.1076,hold
2023-10-11,37.8870,12763900,37.9873,38.3157,37.7319,0.0022,0.0432,0.0264,0.0212,-0.0126,48.4429,0.0123,-0.0089,0.0035,0.5746,-0.3247,0.7902,hold
2023-10-12,37.8870,18112500,37.7684,38.1242,37.5129,0.0000,0.0414,0.0080,0.0204,-0.0106,56.1123,0.0111,-0.0070,0.0043,0.6042,0.4190,1.1259,hold
2023-10-13,37.7957,32082900,39.1915,39.5200,37.7228,-0.0024,0.0212,0.0073,0.0172,-0.0110,54.1082,0.0111,-0.0056,0.0045,0.6025,0.7713,1.9395,sell
2023-10-16,37.3579,25044200,38.2701,38.3157,36.9747,-0.0116,0.0052,0.0111,0.0043,-0.0203,57.8159,0.0105,-0.0055,0.0038,0.4858,-0.2194,1.4501,buy
2023-10-17,37.5859,20258100,37.0842,38.0147,37.0386,0.0061,-0.0058,0.0336,0.0071,-0.0121,57.9060,0.0087,-0.0048,0.0036,0.6047,-0.1911,1.1424,sell
2023-10-18,36.9200,23232600,37.3487,37.3487,36.6463,-0.0177,-0.0255,0.0166,-0.0123,-0.0274,42.1840,0.0110,-0.0057,0.0023,0.3481,0.1468,1.2673,sell
2023-10-19,36.5459,17483300,36.7284,37.1754,36.5186,-0.0101,-0.0354,0.0045,-0.0227,-0.0352,39.3213,0.0116,-0.0071,0.0007,0.2020,-0.2475,0.9403,sell
2023-10-20,36.1993,21396500,36.4638,36.7101,36.0898,-0.0095,-0.0422,-0.0219,-0.0299,-0.0422,41.3865,0.0103,-0.0090,-0.0008,0.0957,0.2238,1.1326,sell
2023-10-23,35.4786,21333500,36.1080,36.1445,35.3873,-0.0199,-0.0503,-0.0454,-0.0449,-0.0587,40.1221,0.0114,-0.0121,-0.0030,-0.0758,-0.0029,1.0989,hold
2023-10-24,35.5151,17181000,35.5059,35.8526,35.3417,0.0010,-0.0551,-0.0606,-0.0380,-0.0554,41.0204,0.0088,-0.0142,-0.0041,0.0160,-0.1946,0.8956,sell
2023-10-25,35.2231,15570100,35.3052,35.4421,34.9038,-0.0082,-0.0460,-0.0703,-0.0390,-0.0611,37.6699,0.0083,-0.0164,-0.0050,0.0091,-0.0938,0.8106,buy
2023-10-26,35.8891,25109600,35.1228,36.2631,35.0954,0.0189,-0.0180,-0.0527,-0.0154,-0.0418,38.1502,0.0116,-0.0161,-0.0039,0.2354,0.6127,1.2718,sell
2023-10-27,34.8856,20654700,35.8800,35.9165,34.8217,-0.0280,-0.0363,-0.0770,-0.0352,-0.0666,29.5752,0.0136,-0.0187,-0.0049,0.0246,-0.1774,1.0364,buy
2023-10-30,35.5151,21777500,35.1684,35.5515,35.0407,0.0180,0.0010,-0.0493,-0.0128,-0.0483,29.4599,0.0157,-0.0183,-0.0039,0.2219,0.0544,1.0776,buy
2023-10-31,36.0259,16373100,35.6154,36.0624,35.5059,0.0144,0.0144,-0.0415,0.0058,-0.0333,34.4985,0.0166,-0.0167,-0.0020,0.3599,-0.2482,0.8160,hold
2023-11-01,36.1263,16011000,36.0715,36.3452,35.8343,0.0028,0.0256,-0.0215,0.0108,-0.0300,35.5755,0.0160,-0.0152,-0.0004,0.3886,-0.0221,0.8128,buy
2023-11-02,37.7228,23283600,36.4821,37.7410,36.4273,0.0442,0.0511,0.0322,0.0520,0.0128,49.5204,0.0213,-0.0099,0.0034,0.7721,0.4542,1.1685,buy
2023-11-03,39.0535,20287700,38.4066,39.2476,38.3881,0.0353,0.1195,0.0788,0.0805,0.0476,59.9729,0.0229,-0.0033,0.0077,1.0088,-0.1287,1.0100,hold
2023-11-06,38.8502,20843900,39.1552,39.1552,38.5914,-0.0052,0.0939,0.0950,0.0650,0.0415,57.4575,0.0214,0.0013,0.0099,0.9125,0.0274,1.0225,hold
2023-11-07,38.7763,11463200,38.5360,38.9611,38.4898,-0.0019,0.0763,0.0918,0.0535,0.0389,61.7720,0.0215,0.0048,0.0107,0.8701,-0.4500,0.5728,hold
2023-11-08,38.6469,14761600,38.6746,38.9611,38.3789,-0.0033,0.0698,0.0972,0.0403,0.0351,63.7502,0.0211,0.0072,0.0105,0.8271,0.2877,0.7339,sell
2023-11-09,38.3512,19128400,38.8872,39.0720,38.1571,-0.0077,0.0167,0.0686,0.0256,0.0268,64.1781,0.0215,0.0084,0.0094,0.7630,0.2958,0.9486,buy
2023-11-10,38.8872,11912500,38.5360,38.9519,38.3234,0.0140,-0.0043,0.1147,0.0289,0.0405,73.0182,0.0177,0.0103,0.0090,0.8374,-0.3772,0.6219,buy
2023-11-13,39.4601,16332100,38.7763,39.6542,38.7485,0.0147,0.0157,0.1111,0.0333,0.0550,74.8411,0.0176,0.0126,0.0091,0.8913,0.3710,0.8725,buy
2023-11-14,40.9942,26218500,39.8390,41.3731,39.8298,0.0389,0.0572,0.1379,0.0596,0.0941,81.4234,0.0197,0.0169,0.0108,1.0339,0.6053,1.3786,buy
2023-11-15,41.4747,18894900,41.1051,41.7889,41.1051,0.0117,0.0732,0.1480,0.0574,0.1047,81.0406,0.0194,0.0211,0.0121,1.0026,-0.2793,1.0050,hold
2023-11-16,41.2806,14744800,41.3638,41.6780,40.9572,-0.0047,0.0764,0.0943,0.0430,0.0971,89.0521,0.0169,0.0241,0.0120,0.9153,-0.2196,0.7900,buy
2023-11-17,41.9183,15573100,41.5302,41.9460,41.2622,0.0154,0.0779,0.0734,0.0515,0.1112,89.0630,0.0145,0.0269,0.0120,0.9242,0.0562,0.8476,hold
2023-11-20,41.8259,19670300,41.8444,42.2695,41.7797,-0.0022,0.0600,0.0766,0.0414,0.1059,87.2863,0.0143,0.0289,0.0112,0.8687,0.2631,1.0755,hold
2023-11-21,41.6688,14466700,41.6965,41.8906,41.3084,-0.0038,0.0165,0.0746,0.0301,0.0996,85.3732,0.0144,0.0300,0.0097,0.8176,-0.2645,0.7969,hold
2023-11-22,41.6041,9441200,41.8721,41.8813,41.4377,-0.0016,0.0031,0.0765,0.0210,0.0962,80.7918,0.0143,0.0303,0.0080,0.7839,-0.3474,0.5290,buy
2023-11-24,41.7981,5941000,41.4839,42.0661,41.4377,0.0047,0.0125,0.0899,0.0172,0.0999,76.5653,0.0133,0.0304,0.0066,0.7770,-0.3707,0.3518,hold
2023-11-27,41.6595,14679700,41.5486,41.7612,41.4562,-0.0033,-0.0062,0.0713,0.0070,0.0947,77.5364,0.0137,0.0300,0.0049,0.7448,1.4709,0.8848,sell
2023-11-28,41.4562,14064700,41.6133,41.6226,41.1790,-0.0049,-0.0088,0.0506,-0.0027,0.0879,75.6183,0.0139,0.0291,0.0031,0.7043,-0.0419,0.8679,buy
2023-11-29,42.2787,14027600,41.7982,42.5375,41.7335,0.0198,0.0146,0.0313,0.0140,0.1076,80.6552,0.0093,0.0290,0.0028,0.7943,-0.0026,0.8720,buy
2023-11-30,42.6021,16249000,42.3157,42.6668,42.1216,0.0077,0.0240,0.0272,0.0190,0.1137,85.7142,0.0089,0.0293,0.0027,0.8320,0.1584,1.0093,buy
2023-12-01,43.6464,20053400,42.5097,43.6741,42.4081,0.0245,0.0442,0.0573,0.0381,0.1377,86.8383,0.0108,0.0307,0.0037,0.9498,0.2341,1.2582,hold
2023-12-04,43.7758,19351000,43.2398,43.8774,43.1566,0.0030,0.0508,0.0443,0.0366,0.1372,85.8679,0.0103,0.0320,0.0041,0.9133,-0.0350,1.2177,sell
2023-12-05,43.1566,14813100,43.4431,43.7850,42.8886,-0.0141,0.0410,0.0318,0.0187,0.1178,71.1957,0.0117,0.0322,0.0031,0.7906,-0.2345,0.9502,buy
2023-12-06,44.2286,33903400,44.1732,45.3930,44.1547,0.0248,0.0461,0.0614,0.0377,0.1411,74.1883,0.0132,0.0327,0.0035,0.9087,1.2887,2.0288,buy
2023-12-07,44.8200,14896800,44.3025,45.0603,44.1547,0.0134,0.0521,0.0773,0.0437,0.1517,79.0592,0.0131,0.0340,0.0041,0.9493,-0.5606,0.8911,buy
2023-12-08,45.1804,17591600,44.8293,45.4392,44.7461,0.0080,0.0351,0.0809,0.0439,0.1564,78.0604,0.0131,0.0353,0.0045,0.9677,0.1809,1.0571,sell
2023-12-11,44.4966,17666000,45.0511,45.2359,44.4689,-0.0151,0.0165,0.0681,0.0214,0.1349,70.8514,0.0146,0.0354,0.0034,0.8431,0.0042,1.0435,hold
2023-12-12,44.4134,14735600,44.3672,44.4596,44.0900,-0.0019,0.0291,0.0713,0.0126,0.1284,71.6789,0.0144,0.0346,0.0020,0.8126,-0.1659,0.8746,buy
2023-12-13,45.5963,22212500,44.3580,45.7719,44.2286,0.0266,0.0309,0.0785,0.0318,0.1531,76.7991,0.0152,0.0348,0.0024,0.9605,0.5074,1.3342,buy
2023-12-14,46.4280,51664900,46.2155,47.6386,46.2155,0.0182,0.0359,0.0898,0.0416,0.1681,78.6287,0.0156,0.0360,0.0033,1.0083,1.3259,2.8252,sell
2023-12-15,46.0491,35156100,45.9197,46.2986,45.4669,-0.0082,0.0192,0.0550,0.0275,0.1530,76.3595,0.0153,0.0367,0.0030,0.8976,-0.3195,1.8208,hold
2023-12-18,45.8920,17871400,46.3541,46.7237,45.7904,-0.0034,0.0314,0.0483,0.0192,0.1440,76.7857,0.0156,0.0364,0.0021,0.8341,-0.4917,0.9201,buy
2023-12-19,47.0657,23161500,45.6702,47.4168,45.4392,0.0256,0.0597,0.0906,0.0363,0.1675,77.7302,0.0152,0.0368,0.0027,0.9405,0.2960,1.1819,sell
2023-12-20,46.2709,17452100,46.8531,47.2135,46.0861,-0.0169,0.0148,0.0462,0.0142,0.1430,70.1523,0.0161,0.0366,0.0015,0.7991,-0.2465,0.8838,buy
2023-12-21,46.7607,13089000,46.5851,46.8254,46.1785,0.0106,0.0072,0.0433,0.0206,0.1500,68.2161,0.0159,0.0361,0.0011,0.8333,-0.2500,0.6568,buy
2023-12-22,47.0010,14440600,46.8808,47.3706,46.8439,0.0051,0.0207,0.0403,0.0218,0.1508,68.6232,0.0159,0.0358,0.0008,0.8336,0.1033,0.7095,buy
2023-12-26,47.4446,11501500,47.0195,47.6201,46.9363,0.0094,0.0338,0.0663,0.0249,0.1562,75.2723,0.0144,0.0357,0.0008,0.8637,-0.2035,0.5695,hold
2023-12-27,47.5554,9901300,47.2597,47.6663,47.0657,0.0023,0.0104,0.0707,0.0204,0.1531,72.1129,0.0142,0.0355,0.0006,0.8585,-0.1391,0.4954,hold
2023-12-28,47.6109,10218500,47.5000,47.8697,47.5000,0.0012,0.0290,0.0442,0.0172,0.1489,69.9735,0.0124,0.0351,0.0002,0.8417,0.0320,0.5162,hold
2023-12-29,47.5370,13149400,47.6479,47.6941,47.3337,-0.0016,0.0166,0.0239,0.0132,0.1413,67.5862,0.0115,0.0344,-0.0005,0.8090,0.2868,0.6695,buy
2024-01-02,49.0156,24784900,47.4076,49.1172,47.3059,0.0311,0.0429,0.0644,0.0381,0.1698,80.1479,0.0140,0.0348,0.0008,0.9890,0.8849,1.2468,buy
2024-01-03,49.5700,30897600,49.2096,50.2446,48.2670,0.0113,0.0448,0.0801,0.0418,0.1755,82.3665,0.0136,0.0360,0.0019,0.9999,0.2466,1.5105,hold
2024-01-04,49.6902,23714300,49.8288,50.5958,49.5885,0.0024,0.0449,0.0558,0.0386,0.1705,79.6519,0.0121,0.0370,0.0023,0.9710,-0.2325,1.1346,buy
2024-01-05,50.2077,17782200,49.9305,50.5219,49.8011,0.0104,0.0545,0.0851,0.0408,0.1745,78.6815,0.0092,0.0378,0.0028,0.9802,-0.2501,0.8849,sell
2024-01-08,49.9120,17359500,49.8935,49.9859,48.9971,-0.0059,0.0500,0.0674,0.0280,0.1596,79.6874,0.0102,0.0381,0.0023,0.8887,-0.0238,0.8586,sell
2024-01-09,49.4222,17237400,49.7641,49.8196,49.2281,-0.0098,0.0083,0.0515,0.0128,0.1411,75.8107,0.0114,0.0372,0.0009,0.7885,-0.0070,0.8533,sell
2024-01-10,48.9971,16532700,49.0248,49.1819,48.6182,-0.0086,-0.0116,0.0327,0.0009,0.1239,65.8573,0.0121,0.0355,-0.0009,0.7085,-0.0409,0.8208,sell
2024-01-11,48.1284,25444400,47.9066,48.1839,47.3706,-0.0177,-0.0314,0.0120,-0.0180,0.0977,65.0675,0.0138,0.0327,-0.0035,0.5546,0.5390,1.2305,buy
2024-01-12,48.6274,37908000,48.3317,49.7641,47.3799,0.0104,-0.0315,0.0214,-0.0098,0.1027,65.1198,0.0141,0.0301,-0.0046,0.6209,0.4898,1.7662,sell
2024-01-16,47.9343,21209400,47.8512,48.2578,47.0102,-0.0143,-0.0396,0.0084,-0.0247,0.0812,57.0432,0.0150,0.0272,-0.0064,0.4812,-0.4405,1.0636,sell
2024-01-17,47.4630,17393500,47.2320,47.7680,47.1304,-0.0098,-0.0396,-0.0317,-0.0313,0.0659,50.1389,0.0109,0.0238,-0.0081,0.3724,-0.1799,0.9129,sell
2024-01-18,47.2320,15788100,47.5462,47.6663,46.6775,-0.0049,-0.0360,-0.0472,-0.0314,0.0568,47.6126,0.0096,0.0203,-0.0094,0.2985,-0.0923,0.8332,buy
2024-01-19,47.6109,18211000,47.2412,47.7588,46.7792,0.0080,-0.0108,-0.0418,-0.0194,0.0611,50.0000,0.0102,0.0177,-0.0094,0.3716,0.1535,0.9738,buy
2024-01-22,48.8307,21573200,48.0452,49.0710,48.0083,0.0256,0.0042,-0.0274,0.0086,0.0835,57.8475,0.0133,0.0173,-0.0073,0.6188,0.1846,1.1410,buy
2024-01-23,49.2558,12962500,48.8954,49.3575,48.5997,0.0087,0.0276,-0.0131,0.0187,0.0878,51.6709,0.0137,0.0176,-0.0054,0.6989,-0.3991,0.6858,hold
2024-01-24,49.2189,14402200,49.4776,49.5793,48.9694,-0.0008,0.0370,-0.0041,0.0184,0.0818,47.3685,0.0134,0.0177,-0.0043,0.6702,0.1111,0.7621,buy
2024-01-25,49.6532,15634000,49.3483,49.6902,49.0156,0.0088,0.0513,0.0134,0.0260,0.0862,49.7354,0.0133,0.0181,-0.0029,0.7565,0.0855,0.8183,hold
2024-01-26,49.5978,14041200,49.7733,49.8935,49.5423,-0.0011,0.0417,0.0305,0.0217,0.0802,45.3257,0.0116,0.0183,-0.0022,0.7191,-0.1019,0.7271,buy
2024-01-29,50.0044,12158300,49.4129,50.1153,49.3852,0.0082,0.0240,0.0283,0.0272,0.0848,50.6964,0.0115,0.0188,-0.0013,0.7968,-0.1341,0.6264,buy
2024-01-30,52.7583,40086100,50.8638,52.8599,50.8361,0.0551,0.0711,0.1006,0.0731,0.1389,68.7435,0.0187,0.0222,0.0025,1.2379,2.2970,1.9313,sell
2024-01-31,51.9081,28967800,52.4348,53.5530,51.8804,-0.0161,0.0546,0.0937,0.0464,0.1154,65.6095,0.0195,0.0244,0.0036,0.9773,-0.2774,1.3817,hold
2024-02-01,51.8064,21178700,51.7695,52.2962,50.6882,-0.0020,0.0434,0.0969,0.0348,0.1086,71.4902,0.0193,0.0256,0.0037,0.9055,-0.2689,1.0342,hold
2024-02-02,51.8157,19283100,51.8717,52.2262,51.3026,0.0002,0.0447,0.0883,0.0264,0.1040,69.7597,0.0195,0.0261,0.0034,0.8656,-0.0895,0.9519,sell
2024-02-05,50.8455,14040600,51.2560,51.4426,50.4816,-0.0187,0.0168,0.0413,0.0031,0.0791,67.4428,0.0203,0.0253,0.0017,0.7034,-0.2719,0.6996,hold
2024-02-06,50.7055,14832700,50.7335,51.2840,50.4816,-0.0028,-0.0389,0.0294,-0.0025,0.0720,70.2316,0.0203,0.0237,0.0001,0.6730,0.0564,0.7437,hold
2024-02-07,50.8828,13383300,50.8455,51.0321,50.1644,0.0035,-0.0198,0.0338,-0.0023,0.0717,72.9330,0.0202,0.0224,-0.0009,0.6863,-0.0977,0.6776,hold
2024-02-08,50.6496,15822200,50.5469,50.8362,49.9965,-0.0046,-0.0223,0.0201,-0.0088,0.0627,69.4436,0.0203,0.0209,-0.0020,0.6375,0.1822,0.8025,hold
2024-02-09,50.3697,13843300,50.6496,50.7895,49.9405,-0.0055,-0.0279,0.0156,-0.0157,0.0529,61.1938,0.0204,0.0191,-0.0032,0.5798,-0.1251,0.7234,hold
2024-02-12,50.3044,17162300,49.9779,50.8828,49.4461,-0.0013,-0.0106,0.0060,-0.0176,0.0480,58.0480,0.0203,0.0173,-0.0040,0.5574,0.2398,0.9483,sell
2024-02-13,49.2222,17672100,49.7166,49.8752,48.7370,-0.0215,-0.0293,-0.0670,-0.0320,0.0227,50.0217,0.0087,0.0142,-0.0060,0.3706,0.0297,0.9861,buy
2024-02-14,50.3604,14891900,50.0432,50.4723,49.9965,0.0231,-0.0103,-0.0298,-0.0066,0.0434,54.2788,0.0122,0.0129,-0.0055,0.5374,-0.1573,0.8368,buy
2024-02-15,51.5079,16865000,50.5843,51.7598,50.5096,0.0228,0.0169,-0.0058,0.0166,0.0638,60.2085,0.0147,0.0135,-0.0036,0.7300,0.1325,0.9448,sell
2024-02-16,51.1720,11527500,51.2746,51.4985,50.8921,-0.0065,0.0159,-0.0124,0.0113,0.0533,56.2879,0.0148,0.0136,-0.0029,0.6469,-0.3165,0.6581,buy
2024-02-20,51.7038,16537900,50.9201,51.9277,50.7149,0.0104,0.0278,0.0169,0.0200,0.0610,42.5348,0.0138,0.0142,-0.0017,0.7494,0.4346,0.9579,hold
2024-02-21,51.6198,9317200,51.5545,51.7411,51.2933,-0.0016,0.0487,0.0180,0.0166,0.0564,47.7111,0.0137,0.0144,-0.0012,0.7076,-0.4366,0.5454,buy
2024-02-22,52.1516,12904800,51.7225,52.6834,51.6945,0.0103,0.0356,0.0249,0.0245,0.0642,52.5658,0.0140,0.0151,-0.0003,0.8157,0.3851,0.7588,hold
2024-02-23,52.1796,11668900,52.2356,52.5621,52.0117,0.0005,0.0130,0.0302,0.0219,0.0614,52.6971,0.0138,0.0156,0.0002,0.7941,-0.0958,0.6942,sell
2024-02-26,51.6478,12307100,52.2076,52.7207,51.6292,-0.0102,0.0093,0.0254,0.0090,0.0475,56.3609,0.0142,0.0152,-0.0003,0.6333,0.0547,0.7360,buy
2024-02-27,51.9744,11039300,51.9464,52.1703,51.5172,0.0063,0.0052,0.0332,0.0121,0.0514,59.7701,0.0142,0.0150,-0.0003,0.7052,-0.1030,0.6624,sell
2024-02-28,51.3586,13448100,51.7971,52.4128,51.3026,-0.0118,-0.0051,0.0434,-0.0041,0.0369,53.4320,0.0125,0.0140,-0.0013,0.5483,0.2182,0.8770,buy
2024-02-29,51.7691,23744600,51.7784,51.9184,50.9761,0.0080,-0.0073,0.0280,0.0012,0.0428,57.8740,0.0108,0.0134,-0.0014,0.6848,0.7656,1.5753,hold
2024-03-01,51.8717,12922400,51.7598,52.1983,51.3773,0.0020,-0.0059,0.0071,0.0025,0.0424,60.8344,0.0082,0.0130,-0.0014,0.7164,-0.4558,0.8814,buy
2024-03-04,52.3755,14314700,51.6945,52.7767,51.5825,0.0097,0.0141,0.0235,0.0098,0.0502,64.0507,0.0082,0.0132,-0.0008,0.8558,0.1077,0.9932,hold
2024-03-05,52.4875,19653900,52.0117,53.7003,52.0117,0.0021,0.0099,0.0152,0.0105,0.0499,75.5103,0.0077,0.0134,-0.0005,0.8473,0.3730,1.3376,buy
2024-03-06,53.4484,17845000,53.2431,53.6910,52.2542,0.0183,0.0407,0.0354,0.0254,0.0662,74.8126,0.0092,0.0147,0.0008,1.0225,-0.0920,1.2022,buy
2024-03-07,53.8496,14720300,53.6816,54.2227,53.2058,0.0075,0.0402,0.0326,0.0297,0.0713,71.3800,0.0091,0.0162,0.0019,1.0189,-0.1751,0.9872,sell
2024-03-08,53.6537,13028000,54.1481,54.4746,53.4204,-0.0036,0.0344,0.0282,0.0231,0.0648,73.2520,0.0093,0.0170,0.0022,0.9133,-0.1150,0.8820,hold
2024-03-11,53.5604,9176900,53.3178,53.6816,52.8327,-0.0017,0.0226,0.0370,0.0176,0.0604,68.9526,0.0083,0.0173,0.0020,0.8524,-0.2956,0.6313,hold
2024-03-12,53.5977,10954000,53.6537,54.0455,53.2525,0.0007,0.0212,0.0312,0.0152,0.0586,70.3847,0.0083,0.0174,0.0016,0.8270,0.1936,0.7699,buy
2024-03-13,53.8869,12982800,53.6443,54.4560,53.6070,0.0054,0.0082,0.0492,0.0158,0.0617,68.8260,0.0064,0.0176,0.0015,0.8866,0.1852,0.9278,sell
2024-03-14,53.2618,18833600,54.4187,54.7359,52.8420,-0.0116,-0.0109,0.0288,0.0012,0.0476,60.3944,0.0081,0.0169,0.0005,0.7169,0.4507,1.3273,buy
2024-03-15,53.7469,26164300,52.6647,53.8776,52.6647,0.0091,0.0017,0.0362,0.0067,0.0554,70.3437,0.0083,0.0165,0.0003,0.8122,0.3892,1.7854,buy
2024-03-18,54.6986,13994600,53.9709,54.7265,53.7003,0.0177,0.0213,0.0444,0.0201,0.0720,73.5486,0.0093,0.0173,0.0011,0.9893,-0.4651,0.9470,buy
2024-03-19,54.9131,13455300,54.6612,55.3423,54.6146,0.0039,0.0245,0.0462,0.0195,0.0742,83.0158,0.0093,0.0182,0.0016,0.9660,-0.0385,0.9201,buy
2024-03-20,56.0980,20269900,54.5679,56.2939,54.5399,0.0216,0.0410,0.0496,0.0364,0.0947,85.1517,0.0099,0.0200,0.0030,1.0945,0.5065,1.3361,buy
2024-03-21,57.2175,17892100,56.2659,57.4227,56.2659,0.0200,0.0743,0.0625,0.0506,0.1132,87.2564,0.0110,0.0227,0.0048,1.1293,-0.1173,1.1603,sell
2024-03-22,56.7417,16206800,56.9470,57.5347,56.5178,-0.0083,0.0557,0.0576,0.0360,0.1006,80.5485,0.0115,0.0243,0.0050,0.9691,-0.0942,1.0357,hold
2024-03-25,56.8630,12040300,56.8070,57.3948,56.5178,0.0021,0.0396,0.0617,0.0319,0.0993,80.5739,0.0113,0.0253,0.0049,0.9270,-0.2571,0.7701,buy
2024-03-26,57.5254,17947400,57.0496,57.7959,56.9096,0.0116,0.0476,0.0733,0.0366,0.1083,79.7281,0.0112,0.0265,0.0050,0.9511,0.4906,1.1231,buy
2024-03-27,58.5423,16684400,57.8706,58.5516,57.5814,0.0177,0.0436,0.0864,0.0461,0.1233,81.3985,0.0117,0.0282,0.0057,1.0059,-0.0704,1.0336,buy
2024-03-28,58.9994,19012000,58.5236,59.1207,58.3837,0.0078,0.0311,0.1077,0.0436,0.1270,84.5598,0.0094,0.0300,0.0061,0.9865,0.1395,1.1954,buy
2024-04-01,59.2047,14223900,59.3353,59.6152,58.7942,0.0035,0.0434,0.1015,0.0372,0.1258,85.9692,0.0096,0.0314,0.0061,0.9491,-0.2518,0.8907,sell
2024-04-02,58.6262,16062000,58.4490,59.3260,58.4490,-0.0098,0.0310,0.0718,0.0201,0.1102,79.9778,0.0109,0.0317,0.0049,0.8458,0.1292,1.0003,sell
2024-04-03,57.5534,18079900,58.6449,59.1394,57.3948,-0.0183,0.0005,0.0481,-0.0032,0.0863,69.9899,0.0136,0.0305,0.0026,0.7042,0.1256,1.1315,sell
2024-04-04,56.8257,13401100,57.9825,58.5330,56.6764,-0.0126,-0.0293,0.0130,-0.0170,0.0695,69.2153,0.0132,0.0281,-0.0002,0.6028,-0.2588,0.8505,buy
2024-04-05,57.4694,12686300,56.7417,57.8799,56.3685,0.0113,-0.0259,0.0044,-0.0063,0.0782,69.7330,0.0121,0.0262,-0.0014,0.6611,-0.0533,0.8104,hold
2024-04-08,57.5907,10708300,57.5347,58.1411,57.5254,0.0021,-0.0273,0.0150,-0.0057,0.0773,66.8113,0.0117,0.0247,-0.0022,0.6568,-0.1559,0.6891,hold
2024-04-09,57.5254,10301200,57.6093,57.9265,56.8257,-0.0011,-0.0188,0.0116,-0.0079,0.0729,65.4526,0.0117,0.0233,-0.0030,0.6300,-0.0380,0.6605,sell
2024-04-10,56.1446,18088000,56.4618,57.1989,55.9487,-0.0240,-0.0245,-0.0240,-0.0294,0.0447,50.2697,0.0135,0.0205,-0.0052,0.4251,0.7559,1.1339,buy
2024-04-11,56.6391,18181900,56.3032,56.8070,55.5102,0.0088,-0.0033,-0.0325,-0.0177,0.0524,46.3953,0.0122,0.0181,-0.0058,0.4739,0.0052,1.1215,sell
2024-04-12,55.6781,28561900,58.1131,58.4023,54.8105,-0.0170,-0.0312,-0.0563,-0.0287,0.0331,43.7499,0.0123,0.0151,-0.0074,0.2816,0.5709,1.7105,sell
2024-04-15,54.6333,19242300,56.1446,56.8257,54.2881,-0.0188,-0.0514,-0.0772,-0.0393,0.0127,38.1800,0.0124,0.0110,-0.0095,0.0633,-0.3263,1.1768,sell
2024-04-16,53.1965,23211400,54.2787,54.6239,52.9353,-0.0263,-0.0753,-0.0926,-0.0556,-0.0145,28.7933,0.0137,0.0055,-0.0125,-0.1145,0.2063,1.3806,buy
2024-04-17,54.2694,15971600,53.6350,54.9411,53.5137,0.0202,-0.0334,-0.0571,-0.0309,0.0041,29.1817,0.0162,0.0025,-0.0121,0.0829,-0.3119,0.9429,hold
2024-04-18,54.4093,12272500,54.5679,55.0158,54.0455,0.0026,-0.0394,-0.0425,-0.0241,0.0054,26.9230,0.0162,0.0004,-0.0114,0.1392,-0.2316,0.7420,buy
2024-04-19,55.1744,13410100,54.3254,55.4542,54.3254,0.0141,-0.0090,-0.0399,-0.0063,0.0179,30.8170,0.0165,-0.0002,-0.0094,0.2757,0.0927,0.8220,buy
2024-04-22,56.8630,14513100,55.4542,56.9656,55.2303,0.0306,0.0408,-0.0126,0.0254,0.0466,42.4096,0.0198,0.0018,-0.0057,0.5262,0.0823,0.8942,buy
2024-04-23,58.4676,17427800,56.9843,58.5609,56.9283,0.0282,0.0991,0.0164,0.0526,0.0730,53.7635,0.0218,0.0054,-0.0015,0.7463,0.2008,1.0563,hold
2024-04-24,58.2811,10123000,57.9639,58.5236,57.6933,-0.0032,0.0739,0.0381,0.0452,0.0664,56.2701,0.0200,0.0080,0.0008,0.7107,-0.4191,0.6284,sell
2024-04-25,57.6467,13339100,57.6933,58.2437,57.0029,-0.0109,0.0595,0.0178,0.0319,0.0516,50.7643,0.0205,0.0092,0.0015,0.6292,0.3177,0.8368,buy
2024-04-26,58.4583,16364100,57.3854,58.9901,57.3854,0.0141,0.0595,0.0499,0.0413,0.0632,53.5308,0.0196,0.0109,0.0027,0.7564,0.2268,1.0351,sell
2024-04-29,58.0851,10857100,58.5330,59.1114,57.8053,-0.0064,0.0215,0.0632,0.0283,0.0539,52.2222,0.0183,0.0117,0.0028,0.7182,-0.3365,0.6942,sell
2024-04-30,57.2175,11163400,57.7586,58.1598,57.1802,-0.0149,-0.0214,0.0756,0.0058,0.0359,54.4401,0.0163,0.0112,0.0017,0.5983,0.0282,0.7251,hold
2024-05-01,57.2362,14086600,57.3574,58.0945,56.7977,0.0003,-0.0179,0.0547,0.0009,0.0342,52.5723,0.0157,0.0105,0.0008,0.6045,0.2619,0.9270,hold
2024-05-02,57.4134,11292500,58.0198,58.0198,56.8910,0.0031,-0.0040,0.0552,-0.0012,0.0352,58.0172,0.0157,0.0101,0.0004,0.6276,-0.1984,0.7483,buy
2024-05-03,57.8934,11048900,57.8839,58.4862,57.7898,0.0084,-0.0097,0.0493,0.0024,0.0417,65.8918,0.0155,0.0103,0.0005,0.6994,-0.0216,0.7362,buy
2024-05-06,59.1073,13386700,58.4015,59.2296,58.0816,0.0210,0.0176,0.0395,0.0194,0.0609,79.4527,0.0139,0.0118,0.0017,0.8616,0.2116,0.8841,sell
2024-05-07,58.3451,10158200,59.1167,59.4367,58.3168,-0.0129,0.0197,-0.0021,0.0065,0.0447,70.9571,0.0119,0.0121,0.0016,0.7356,-0.2412,0.6712,buy
2024-05-08,59.0508,9755200,58.0063,59.2391,57.8839,0.0121,0.0317,0.0132,0.0173,0.0547,72.5543,0.0124,0.0129,0.0020,0.8064,-0.0397,0.6628,buy
2024-05-09,59.5872,11563000,58.7027,59.6908,58.6180,0.0091,0.0379,0.0337,0.0231,0.0611,71.9306,0.0118,0.0141,0.0026,0.8428,0.1853,0.8037,hold
2024-05-10,59.7849,9548700,59.8319,60.1519,59.3990,0.0033,0.0327,0.0227,0.0242,0.0616,67.0471,0.0112,0.0152,0.0030,0.8299,-0.1742,0.7106,hold
2024-05-13,59.6625,6617900,59.8696,60.1801,59.6343,-0.0020,0.0094,0.0272,0.0194,0.0565,58.4293,0.0109,0.0158,0.0029,0.7860,-0.3069,0.5168,hold
2024-05-14,59.8413,8322500,59.7660,60.1989,59.5025,0.0030,0.0256,0.0459,0.0178,0.0569,61.0190,0.0090,0.0162,0.0027,0.8023,0.2576,0.6900,buy
2024-05-15,60.4530,9461300,59.8790,60.5942,59.8507,0.0102,0.0237,0.0562,0.0227,0.0647,69.8829,0.0091,0.0171,0.0029,0.8775,0.1368,0.8062,hold
2024-05-16,60.3589,11682200,60.3213,60.6694,59.6908,-0.0016,0.0129,0.0513,0.0160,0.0605,64.9898,0.0093,0.0176,0.0027,0.8608,0.2347,0.9980,hold
2024-05-17,60.2930,8418400,60.5848,60.7447,60.1331,-0.0011,0.0085,0.0414,0.0108,0.0569,68.3006,0.0094,0.0177,0.0022,0.8483,-0.2794,0.7348,sell
2024-05-20,59.4367,11792100,60.2930,60.4624,59.2108,-0.0142,-0.0038,0.0056,-0.0041,0.0398,68.4286,0.0090,0.0166,0.0008,0.6420,0.4008,1.0417,buy
2024-05-21,60.9235,11197200,59.5308,61.0553,59.4743,0.0250,0.0181,0.0442,0.0164,0.0631,74.6179,0.0105,0.0170,0.0012,0.9248,-0.0504,1.0171,sell
2024-05-22,60.0578,8855300,60.5001,61.1494,59.8884,-0.0142,-0.0065,0.0171,0.0003,0.0456,66.1680,0.0116,0.0165,0.0004,0.7163,-0.2092,0.8090,sell
2024-05-23,59.3049,11535000,60.0389,60.2554,58.8156,-0.0125,-0.0175,-0.0047,-0.0118,0.0306,58.3519,0.0121,0.0149,-0.0011,0.5398,0.3026,1.0626,buy
2024-05-24,59.8319,9424600,59.5967,60.1989,59.5402,0.0089,-0.0076,0.0008,-0.0031,0.0373,54.6666,0.0124,0.0140,-0.0015,0.6416,-0.1830,0.8969,sell
2024-05-28,58.7685,8404400,59.5025,59.8225,58.6744,-0.0178,-0.0112,-0.0150,-0.0193,0.0171,52.6255,0.0137,0.0119,-0.0031,0.3955,-0.1082,0.8092,sell
2024-05-29,58.3545,7224200,57.9310,58.5144,57.5922,-0.0070,-0.0422,-0.0248,-0.0238,0.0087,45.5205,0.0137,0.0095,-0.0045,0.2713,-0.1404,0.7090,hold
2024-05-30,58.2792,10061500,58.4392,58.7968,57.9780,-0.0013,-0.0296,-0.0360,-0.0215,0.0062,41.0552,0.0129,0.0073,-0.0053,0.2155,0.3927,1.0074,buy
2024-05-31,58.6368,17351600,58.3451,58.7121,57.8181,0.0061,-0.0113,-0.0285,-0.0127,0.0115,42.3173,0.0133,0.0060,-0.0053,0.2710,0.7246,1.6862,sell
2024-06-03,58.2698,11373900,59.2108,59.2861,57.7051,-0.0063,-0.0261,-0.0336,-0.0155,0.0048,40.9755,0.0133,0.0045,-0.0055,0.1412,-0.3445,1.1035,sell
2024-06-04,57.4322,10424200,57.4228,58.3733,57.1782,-0.0144,-0.0227,-0.0337,-0.0263,-0.0099,35.6180,0.0133,0.0020,-0.0065,-0.0204,-0.0835,1.0261,buy
2024-06-05,58.1286,8780700,57.6675,58.2133,57.3381,0.0121,-0.0039,-0.0459,-0.0098,0.0017,36.2625,0.0107,0.0010,-0.0059,0.1779,-0.1577,0.8703,hold
2024-06-06,58.2886,8537900,58.1568,58.3921,57.6393,0.0028,0.0002,-0.0295,-0.0041,0.0042,37.8587,0.0103,0.0005,-0.0052,0.2389,-0.0277,0.8513,hold
2024-06-07,58.1380,8260800,57.9686,58.9003,57.9498,-0.0026,-0.0085,-0.0197,-0.0047,0.0017,37.4863,0.0097,-0.0002,-0.0047,0.2272,-0.0325,0.8375,sell
2024-06-10,57.8087,9302300,57.6393,58.0251,57.1593,-0.0057,-0.0079,-0.0338,-0.0069,-0.0035,39.9301,0.0090,-0.0012,-0.0045,0.1809,0.1261,0.9443,sell
2024-06-11,55.6537,16966800,57.1876,57.2064,55.4278,-0.0373,-0.0310,-0.0530,-0.0388,-0.0395,19.8924,0.0135,-0.0051,-0.0068,-0.1408,0.8239,1.6363,buy
2024-06-12,56.4724,15398500,57.3193,57.6016,56.3689,0.0147,-0.0285,-0.0323,-0.0215,-0.0246,29.4054,0.0148,-0.0068,-0.0068,0.0829,-0.0924,1.4361,hold
2024-06-13,56.6794,9358200,56.2277,56.8112,55.6631,0.0037,-0.0276,-0.0275,-0.0151,-0.0208,33.9100,0.0150,-0.0077,-0.0062,0.1586,-0.3923,0.8732,sell
2024-06-14,55.8325,10511000,55.9360,56.3030,55.2020,-0.0149,-0.0397,-0.0478,-0.0251,-0.0351,26.4151,0.0151,-0.0098,-0.0066,0.0644,0.1232,0.9861,buy
2024-06-17,56.5194,15527500,55.7289,56.9617,55.3808,0.0123,-0.0223,-0.0300,-0.0101,-0.0229,36.1208,0.0160,-0.0101,-0.0056,0.2124,0.4773,1.4097,buy
2024-06-18,57.1970,15768100,56.8111,57.9969,56.5477,0.0120,0.0277,-0.0041,0.0022,-0.0110,43.0821,0.0161,-0.0092,-0.0038,0.3503,0.0155,1.4062,hold
2024-06-20,57.0464,9519200,56.8582,57.4228,56.7923,-0.0026,0.0102,-0.0186,0.0015,-0.0135,42.6979,0.0155,-0.0088,-0.0027,0.3391,-0.3963,0.8553,sell
2024-06-21,56.4536,18976200,56.6512,56.7076,55.8419,-0.0104,-0.0040,-0.0315,-0.0058,-0.0238,37.4187,0.0156,-0.0092,-0.0024,0.2374,0.9935,1.6309,buy
2024-06-24,57.7240,13290500,56.5571,58.1380,56.3124,0.0225,0.0339,-0.0071,0.0174,-0.0022,47.1513,0.0176,-0.0074,-0.0006,0.5344,-0.2996,1.1337,hold
2024-06-25,57.9498,11643100,57.5922,58.1851,57.2723,0.0039,0.0253,0.0024,0.0211,0.0009,52.8856,0.0176,-0.0058,0.0008,0.6242,-0.1240,0.9839,sell
2024-06-26,57.6393,12409300,57.6205,57.7898,56.9900,-0.0054,0.0077,0.0357,0.0121,-0.0055,47.1491,0.0120,-0.0049,0.0014,0.5599,0.0658,1.0312,buy
2024-06-27,57.9216,11285100,57.8745,58.2792,57.3664,0.0049,0.0153,0.0257,0.0145,-0.0023,47.8919,0.0113,-0.0037,0.0020,0.6480,-0.0906,0.9222,buy
2024-06-28,59.7190,20053200,58.3733,59.8319,58.1663,0.0310,0.0578,0.0536,0.0404,0.0268,57.6364,0.0145,-0.0003,0.0042,1.0602,0.7770,1.5744,hold
2024-07-01,59.6908,15334400,59.8978,60.5095,59.2767,-0.0005,0.0341,0.0691,0.0330,0.0244,59.3633,0.0129,0.0023,0.0054,0.9963,-0.2353,1.2135,buy
2024-07-02,60.8671,10965600,59.5590,60.8953,59.5496,0.0197,0.0503,0.0769,0.0455,0.0426,78.7345,0.0134,0.0058,0.0071,1.1105,-0.2849,0.8692,hold
2024-07-03,60.6600,6574100,60.8671,61.3752,60.6130,-0.0034,0.0524,0.0605,0.0357,0.0377,74.7498,0.0137,0.0082,0.0076,0.9820,-0.4005,0.5292,sell
2024-07-05,60.2554,7226200,60.6977,60.7541,59.9919,-0.0067,0.0403,0.0563,0.0232,0.0301,70.6522,0.0141,0.0095,0.0071,0.8708,0.0992,0.5853,buy
2024-07-08,60.9235,10349000,60.5095,61.0459,60.4342,0.0111,0.0202,0.0792,0.0268,0.0406,80.0222,0.0129,0.0112,0.0070,0.9197,0.4321,0.8322,buy
2024-07-09,62.6268,16904300,60.9800,62.8245,60.9235,0.0280,0.0492,0.0849,0.0468,0.0679,82.1606,0.0137,0.0142,0.0082,1.0459,0.6334,1.3137,buy
2024-07-10,63.0315,9817100,62.3539,63.0409,62.3163,0.0065,0.0356,0.0877,0.0447,0.0731,81.6327,0.0137,0.0171,0.0089,0.9987,-0.4193,0.7614,sell
2024-07-11,61.8363,20112300,62.2881,62.5798,61.4599,-0.0190,0.0194,0.0728,0.0178,0.0514,73.3273,0.0157,0.0181,0.0078,0.8305,1.0487,1.5410,sell
2024-07-12,60.7165,30125400,62.6833,62.7586,59.6155,-0.0181,0.0077,0.0483,-0.0052,0.0312,69.7472,0.0177,0.0173,0.0054,0.6860,0.4979,2.1850,buy
2024-07-15,61.3000,16656600,60.8671,61.6858,60.1142,0.0096,0.0062,0.0265,0.0018,0.0396,67.6909,0.0153,0.0167,0.0040,0.7278,-0.4471,1.1769,buy
2024-07-16,63.3044,21170200,61.1682,63.5396,60.8859,0.0327,0.0108,0.0605,0.0285,0.0715,72.5258,0.0179,0.0183,0.0048,0.9103,0.2710,1.4416,hold
2024-07-17,63.6244,17215300,62.8997,63.8126,62.6927,0.0051,0.0094,0.0453,0.0291,0.0748,75.1583,0.0172,0.0200,0.0052,0.8995,-0.1868,1.1656,sell
2024-07-18,61.0647,15796200,63.5679,63.7561,61.0176,-0.0402,-0.0125,0.0067,-0.0130,0.0309,61.0890,0.0223,0.0188,0.0027,0.5980,-0.0824,1.0694,hold
2024-07-19,61.3000,8583100,61.1023,62.0904,60.7447,0.0039,0.0096,0.0173,-0.0109,0.0338,56.2687,0.0222,0.0171,0.0009,0.6066,-0.4566,0.5829,sell
2024-07-22,60.6977,9925100,61.2999,61.7799,60.3683,-0.0098,-0.0098,-0.0037,-0.0202,0.0231,53.8187,0.0222,0.0151,-0.0010,0.5076,0.1564,0.6954,hold
2024-07-23,60.8483,6961200,60.7071,61.2058,60.4906,0.0025,-0.0388,-0.0284,-0.0150,0.0252,49.9226,0.0199,0.0134,-0.0022,0.5074,-0.2986,0.4988,sell
2024-07-24,59.9072,11591100,60.6036,60.8577,59.8131,-0.0155,-0.0584,-0.0496,-0.0253,0.0093,47.0803,0.0200,0.0108,-0.0040,0.3408,0.6651,0.8307,buy
2024-07-25,60.5753,12819700,60.0484,61.7799,59.6061,0.0112,-0.0080,-0.0204,-0.0124,0.0203,51.2160,0.0199,0.0093,-0.0043,0.4137,0.1060,0.9174,buy
2024-07-26,61.3376,9661300,60.7447,61.7799,60.6412,0.0126,0.0006,0.0102,-0.0010,0.0326,51.5625,0.0195,0.0090,-0.0035,0.5270,-0.2464,0.6955,sell
2024-07-29,60.5095,7901900,61.4505,61.4882,60.3589,-0.0135,-0.0031,-0.0129,-0.0132,0.0186,41.4449,0.0198,0.0078,-0.0039,0.3305,-0.1821,0.5948,buy
2024-07-30,61.9869,13554300,61.1776,62.3257,61.1776,0.0244,0.0187,-0.0208,0.0131,0.0429,46.1162,0.0183,0.0084,-0.0024,0.6480,0.7153,1.0272,sell
2024-07-31,61.0553,15046500,62.0246,62.1375,61.0082,-0.0150,0.0192,-0.0404,0.0021,0.0270,47.0378,0.0186,0.0078,-0.0025,0.4224,0.1101,1.1229,sell
2024-08-01,59.5496,18052700,61.2435,61.3752,58.2980,-0.0247,-0.0169,-0.0248,-0.0202,0.0016,45.7004,0.0156,0.0054,-0.0042,0.1001,0.1998,1.2919,sell
2024-08-02,55.2961,30289300,56.1524,57.0276,54.9573,-0.0714,-0.0985,-0.0979,-0.0811,-0.0682,32.5874,0.0266,-0.0027,-0.0104,-0.3320,0.6778,2.0024,sell
2024-08-05,53.4054,27977300,51.3816,54.0609,50.8401,-0.0342,-0.1174,-0.1201,-0.1016,-0.0980,21.1000,0.0277,-0.0124,-0.0163,-0.2468,-0.0763,1.7477,hold
2024-08-06,53.7379,16643100,53.5764,54.7830,53.2913,0.0062,-0.1331,-0.1169,-0.0851,-0.0907,21.1578,0.0279,-0.0192,-0.0185,-0.0721,-0.4051,1.0405,hold
2024-08-07,53.3103,19221200,55.2676,55.5336,53.0823,-0.0080,-0.1269,-0.1101,-0.0821,-0.0959,24.1638,0.0279,-0.0252,-0.0196,-0.0108,0.1549,1.1674,buy
2024-08-08,55.1060,17933300,54.0134,55.4481,53.9754,0.0337,-0.0746,-0.0903,-0.0421,-0.0643,31.3067,0.0307,-0.0259,-0.0164,0.1708,-0.0670,1.0964,hold
2024-08-09,54.9540,11421000,55.1345,55.5431,54.5835,-0.0028,-0.0062,-0.1041,-0.0340,-0.0658,32.1813,0.0299,-0.0272,-0.0141,0.1934,-0.3631,0.7406,hold
2024-08-12,54.9540,15123500,55.3911,55.7521,54.8495,0.0000,0.0290,-0.0918,-0.0245,-0.0648,31.5417,0.0300,-0.0277,-0.0117,0.2233,0.3242,0.9856,hold
2024-08-13,55.2486,7478500,55.3246,55.3816,54.8875,0.0054,0.0281,-0.1087,-0.0074,-0.0587,34.7954,0.0282,-0.0273,-0.0091,0.2679,-0.5055,0.5101,buy
2024-08-14,56.3222,12419500,55.4576,56.5597,55.3721,0.0194,0.0565,-0.0775,0.0205,-0.0397,36.4766,0.0297,-0.0248,-0.0055,0.3652,0.6607,0.8613,buy
2024-08-15,57.5003,14159000,57.3293,57.9659,57.1013,0.0209,0.0434,-0.0344,0.0458,-0.0197,38.1133,0.0303,-0.0208,-0.0015,0.4698,0.1401,0.9875,buy
2024-08-16,58.3364,9939700,57.3198,58.4504,57.3198,0.0145,0.0615,0.0550,0.0551,-0.0055,43.2718,0.0187,-0.0164,0.0020,0.5497,-0.2980,0.6900,buy
2024-08-19,58.9350,8882500,58.4314,58.9540,58.2889,0.0103,0.0724,0.1035,0.0554,0.0045,40.0069,0.0125,-0.0121,0.0049,0.6085,-0.1064,0.6188,sell
2024-08-20,58.2509,8661300,58.5169,58.6214,58.0419,-0.0116,0.0543,0.0840,0.0348,-0.0072,40.6662,0.0143,-0.0098,0.0060,0.5639,-0.0249,0.5999,sell
2024-08-21,57.5098,14414900,58.3364,58.3839,56.8922,-0.0127,0.0211,0.0788,0.0141,-0.0197,42.8469,0.0149,-0.0088,0.0057,0.5102,0.6643,0.9887,hold
2024-08-22,57.4053,7848500,57.7188,57.7188,57.1108,-0.0018,-0.0017,0.0417,0.0081,-0.0221,60.4324,0.0120,-0.0080,0.0052,0.5156,-0.4555,0.5476,buy
2024-08-23,59.0395,13299700,57.8328,59.3435,57.7093,0.0285,0.0121,0.0743,0.0295,0.0049,78.5921,0.0139,-0.0049,0.0064,0.6853,0.6946,0.9164,sell
2024-08-26,58.7069,9384200,59.2485,59.4765,58.4979,-0.0056,-0.0039,0.0683,0.0170,-0.0015,75.2170,0.0143,-0.0031,0.0066,0.6680,-0.2944,0.6433,hold
2024-08-27,58.6024,7294800,58.8209,59.0775,58.3934,-0.0018,0.0060,0.0607,0.0093,-0.0042,77.7667,0.0146,-0.0017,0.0064,0.6941,-0.2227,0.5110,hold
2024-08-28,58.5074,7692900,58.2889,58.8970,58.0989,-0.0016,0.0173,0.0388,0.0039,-0.0065,71.7233,0.0139,-0.0007,0.0059,0.7156,0.0546,0.5532,buy
2024-08-29,58.7924,8368000,58.9160,59.1155,58.1179,0.0049,0.0242,0.0225,0.0066,-0.0022,74.1050,0.0126,0.0004,0.0056,0.7610,0.0878,0.6234,buy
2024-08-30,59.5145,10806500,58.8589,59.5715,58.5834,0.0123,0.0080,0.0202,0.0169,0.0092,76.2582,0.0124,0.0023,0.0059,0.8144,0.2914,0.8681,sell
2024-09-03,58.3934,11055200,58.9445,59.2770,57.9278,-0.0188,-0.0053,-0.0092,-0.0013,-0.0104,66.5334,0.0136,0.0022,0.0048,0.6606,0.0230,0.9528,sell
2024-09-04,57.9184,11436800,58.4979,58.9730,57.3958,-0.0081,-0.0117,-0.0057,-0.0089,-0.0185,58.9553,0.0134,0.0015,0.0033,0.5788,0.0345,1.0084,sell
2024-09-05,57.6048,10243900,58.5359,58.7069,57.3293,-0.0054,-0.0154,0.0017,-0.0144,-0.0237,50.6494,0.0128,0.0005,0.0018,0.5042,-0.1043,0.9404,sell
2024-09-06,56.1417,14094000,57.6713,58.0324,55.8661,-0.0254,-0.0451,-0.0220,-0.0374,-0.0481,37.3494,0.0152,-0.0024,-0.0009,0.2331,0.3758,1.3170,buy
2024-09-09,56.5692,19811700,56.9207,57.6428,55.2676,0.0076,-0.0495,-0.0418,-0.0259,-0.0404,36.0894,0.0115,-0.0040,-0.0020,0.2756,0.4057,1.7815,sell
2024-09-10,55.0585,22482300,56.9017,56.9017,53.8614,-0.0267,-0.0571,-0.0621,-0.0459,-0.0645,32.8920,0.0135,-0.0076,-0.0044,-0.0266,0.1348,1.9569,sell
2024-09-11,54.4410,16569400,54.7165,54.7165,53.3769,-0.0112,-0.0600,-0.0710,-0.0498,-0.0734,33.3333,0.0135,-0.0113,-0.0064,-0.0971,-0.2630,1.3873,hold
2024-09-12,54.4695,12937800,54.5075,54.9730,53.9944,0.0005,-0.0544,-0.0690,-0.0426,-0.0708,33.9230,0.0136,-0.0139,-0.0072,-0.0167,-0.2192,1.0809,buy
2024-09-13,54.7925,10379400,54.8305,55.3721,54.5645,0.0059,-0.0240,-0.0680,-0.0301,-0.0635,22.8432,0.0137,-0.0152,-0.0069,0.0929,-0.1977,0.8811,buy
2024-09-16,55.4766,9912700,55.0395,55.8566,55.0395,0.0125,-0.0193,-0.0678,-0.0109,-0.0502,30.2326,0.0138,-0.0149,-0.0054,0.2268,-0.0450,0.8416,buy
2024-09-17,56.3317,10630400,55.9231,56.4457,55.8281,0.0154,0.0231,-0.0353,0.0081,-0.0341,37.2737,0.0147,-0.0133,-0.0031,0.3714,0.0724,0.8959,buy
2024-09-18,56.9112,13638700,56.7687,57.8423,56.3317,0.0103,0.0454,-0.0174,0.0203,-0.0222,41.5151,0.0152,-0.0111,-0.0008,0.4695,0.2830,1.1258,buy
2024-09-19,59.8756,21860600,57.8803,60.0181,57.5763,0.0521,0.0992,0.0394,0.0691,0.0298,54.4811,0.0227,-0.0049,0.0039,0.8812,0.6028,1.7506,sell
2024-09-20,59.0395,18331800,59.4005,59.5240,58.6024,-0.0140,0.0775,0.0516,0.0487,0.0164,48.0530,0.0213,-0.0016,0.0059,0.7426,-0.1614,1.4089,buy
2024-09-23,59.4575,11508200,59.1155,59.7330,59.0680,0.0071,0.0718,0.0511,0.0508,0.0241,54.6281,0.0212,0.0016,0.0072,0.7944,-0.3722,0.8906,sell
2024-09-24,58.3079,12046200,59.5525,59.7615,58.0704,-0.0193,0.0351,0.0590,0.0246,0.0053,51.6003,0.0201,0.0026,0.0067,0.6391,0.0467,0.9227,sell
2024-09-25,57.3673,12763800,58.0704,58.2319,57.1108,-0.0161,0.0080,0.0538,0.0029,-0.0089,49.0720,0.0206,0.0021,0.0050,0.5168,0.0596,0.9576,buy
2024-09-26,58.6309,12844500,58.0039,58.9065,57.8233,0.0220,-0.0208,0.0764,0.0176,0.0147,59.8793,0.0212,0.0033,0.0049,0.6942,0.0063,0.9454,hold
2024-09-27,58.7829,8144600,58.9160,59.4860,58.7069,0.0026,-0.0043,0.0728,0.0132,0.0181,58.9822,0.0212,0.0045,0.0048,0.7157,-0.3659,0.6000,buy
2024-09-30,59.4765,11316400,58.6024,59.5145,58.1844,0.0118,0.0003,0.0721,0.0181,0.0308,69.1990,0.0212,0.0062,0.0052,0.8143,0.3894,0.8321,sell
2024-10-01,58.7259,13550100,59.1155,59.2390,57.9659,-0.0126,0.0072,0.0425,0.0012,0.0185,68.4082,0.0218,0.0066,0.0045,0.7044,0.1974,0.9872,hold
2024-10-02,58.9350,7380800,58.6214,59.4100,58.2509,0.0036,0.0273,0.0356,0.0013,0.0228,68.8907,0.0218,0.0070,0.0040,0.7224,-0.4553,0.5458,sell
2024-10-03,58.2509,7939800,58.4314,58.5834,57.8898,-0.0116,-0.0065,-0.0271,-0.0076,0.0115,64.1966,0.0139,0.0064,0.0027,0.6230,0.0757,0.5922,buy
2024-10-04,59.5145,10097900,59.3530,59.7900,58.7259,0.0217,0.0124,0.0080,0.0131,0.0338,65.8228,0.0152,0.0074,0.0030,0.7674,0.2718,0.7646,hold
2024-10-07,59.4765,6954300,59.3720,59.8851,58.9730,-0.0006,0.0000,0.0003,0.0124,0.0338,63.1663,0.0151,0.0082,0.0030,0.7383,-0.3113,0.5535,buy
2024-10-08,60.0846,8245700,59.7616,60.1986,59.3720,0.0102,0.0231,0.0305,0.0197,0.0446,63.2540,0.0137,0.0094,0.0034,0.7900,0.1857,0.6957,buy
2024-10-09,60.9207,8636400,60.0181,61.0442,59.8946,0.0139,0.0337,0.0619,0.0277,0.0595,55.3089,0.0122,0.0112,0.0043,0.8734,0.0474,0.7539,sell
2024-10-10,60.3126,8708600,60.8067,60.9112,59.9611,-0.0100,0.0354,0.0287,0.0145,0.0492,56.6206,0.0117,0.0120,0.0040,0.7755,0.0084,0.7745,buy
2024-10-11,62.4598,15512400,60.9207,62.8019,60.9017,0.0356,0.0495,0.0626,0.0442,0.0854,63.2328,0.0156,0.0147,0.0055,1.0574,0.7813,1.3488,hold
2024-10-14,62.7164,14682900,62.5263,63.1154,62.3743,0.0041,0.0545,0.0545,0.0428,0.0871,71.0909,0.0155,0.0172,0.0065,1.0409,-0.0535,1.2507,sell
2024-10-15,59.5145,35348100,63.4194,63.8090,59.4100,-0.0511,-0.0095,0.0134,-0.0117,0.0294,58.4454,0.0233,0.0157,0.0036,0.5134,1.4074,2.7242,buy
2024-10-16,61.0442,20208800,60.2746,61.2247,60.2366,0.0257,0.0020,0.0358,0.0102,0.0532,59.2972,0.0245,0.0154,0.0028,0.7609,-0.4283,1.5190,hold
2024-10-17,60.7782,13439600,61.5002,61.9183,60.5881,-0.0044,0.0077,0.0434,0.0016,0.0459,57.6198,0.0241,0.0149,0.0018,0.6995,-0.3350,1.0432,sell
2024-10-18,59.7140,13841200,60.9207,60.9207,59.6000,-0.0175,-0.0440,0.0034,-0.0163,0.0260,50.8821,0.0242,0.0132,-0.0001,0.4982,0.0299,1.0934,sell
2024-10-21,58.7449,12188500,59.6570,59.7710,58.6499,-0.0162,-0.0633,-0.0123,-0.0311,0.0080,50.0694,0.0248,0.0103,-0.0026,0.3282,-0.1194,0.9603,buy
2024-10-22,60.3886,14347300,58.5169,60.5121,58.2414,0.0280,0.0147,0.0051,-0.0045,0.0343,54.8083,0.0263,0.0098,-0.0022,0.6113,0.1771,1.1202,hold
2024-10-23,59.9516,8720500,60.0276,60.4551,59.4955,-0.0072,-0.0179,-0.0159,-0.0101,0.0252,55.7189,0.0259,0.0089,-0.0025,0.5063,-0.3922,0.6918,hold
2024-10-24,59.8566,11420300,59.8661,60.1416,59.2770,-0.0016,-0.0152,-0.0076,-0.0109,0.0223,51.2483,0.0258,0.0080,-0.0028,0.4732,0.3096,0.9111,sell
2024-10-25,58.6784,9697800,60.4741,60.5596,58.6119,-0.0197,-0.0173,-0.0605,-0.0243,0.0018,47.3112,0.0229,0.0057,-0.0042,0.2250,-0.1508,0.7689,buy
2024-10-28,60.9587,14637700,59.2390,61.1392,59.1155,0.0389,0.0377,-0.0280,0.0166,0.0398,52.6467,0.0269,0.0066,-0.0024,0.6900,0.5094,1.1455,buy
2024-10-29,61.4622,13134100,60.8732,61.6903,60.6451,0.0083,0.0178,0.0327,0.0217,0.0475,51.6735,0.0209,0.0079,-0.0008,0.7675,-0.1027,1.0295,hold
2024-10-30,61.2817,11717600,60.9967,61.9753,60.9397,-0.0029,0.0222,0.0039,0.0183,0.0433,53.0760,0.0194,0.0087,0.0000,0.7075,-0.1078,0.9032,hold
2024-10-31,60.9682,10042800,61.3387,61.7758,60.8922,-0.0051,0.0186,0.0031,0.0128,0.0367,44.6416,0.0195,0.0089,0.0001,0.6220,-0.1429,0.7678,sell
2024-11-01,60.5311,11557700,61.1202,61.5762,60.5121,-0.0072,0.0316,0.0137,0.0041,0.0282,42.2507,0.0186,0.0083,-0.0004,0.5092,0.1508,0.8788,sell
2024-11-04,59.7643,9419600,60.3778,60.9912,59.6493,-0.0127,-0.0196,0.0174,-0.0103,0.0149,51.0707,0.0183,0.0069,-0.0016,0.3224,-0.1850,0.7096,buy
2024-11-05,61.0296,12649800,60.3874,61.0967,60.1286,0.0212,-0.0070,0.0106,0.0096,0.0356,49.9359,0.0173,0.0071,-0.0010,0.6137,0.3429,0.9373,buy
2024-11-06,66.1673,41957700,65.5634,67.1833,65.4580,0.0842,0.0797,0.1037,0.0835,0.1199,66.5597,0.0311,0.0129,0.0044,1.3183,2.3169,2.7674,sell
2024-11-07,65.2855,18582000,65.3717,66.0906,64.9500,-0.0133,0.0708,0.0907,0.0596,0.1025,67.3138,0.0318,0.0169,0.0066,1.0526,-0.5571,1.1869,hold
2024-11-08,65.7839,14973300,65.8701,66.2631,65.2663,0.0076,0.0868,0.1211,0.0555,0.1083,72.5335,0.0302,0.0202,0.0080,1.0258,-0.1942,0.9581,buy
2024-11-11,66.9054,19173100,66.6178,67.2888,66.3302,0.0170,0.1195,0.0976,0.0634,0.1244,71.5834,0.0287,0.0236,0.0093,1.0479,0.2805,1.2094,sell
2024-11-12,66.1577,15766500,66.6466,67.0875,66.0139,-0.0112,0.0840,0.0764,0.0437,0.1089,70.1403,0.0295,0.0256,0.0089,0.9120,-0.1777,1.0600,hold
2024-11-13,66.0331,10525300,66.2056,66.8958,65.9564,-0.0019,-0.0020,0.0775,0.0340,0.1038,70.0058,0.0295,0.0266,0.0079,0.8559,-0.3324,0.7315,sell
2024-11-14,65.3238,15043500,66.4261,66.4261,64.6720,-0.0107,0.0006,0.0714,0.0160,0.0891,72.1985,0.0298,0.0265,0.0061,0.7655,0.4293,1.0396,buy
2024-11-15,65.9085,15372900,65.1800,66.1002,65.0746,0.0090,0.0019,0.0888,0.0165,0.0953,68.6468,0.0293,0.0263,0.0049,0.7848,0.0219,1.0568,hold
2024-11-18,66.1385,11519000,65.8318,66.4069,65.5347,0.0035,-0.0115,0.1067,0.0102,0.0957,67.9871,0.0285,0.0263,0.0039,0.7767,-0.2507,0.7937,hold
2024-11-19,65.7551,14428200,65.1800,66.0331,64.8924,-0.0058,-0.0061,0.0774,-0.0029,0.0855,66.9423,0.0286,0.0257,0.0026,0.7205,0.2526,0.9939,hold
2024-11-20,65.4484,10495600,66.2727,66.6082,65.1800,-0.0047,-0.0089,-0.0109,-0.0065,0.0765,66.9769,0.0100,0.0246,0.0011,0.6742,-0.2726,0.7186,buy
2024-11-21,66.0906,11390300,65.9468,66.5890,65.5730,0.0098,0.0117,0.0123,0.0021,0.0829,70.7439,0.0095,0.0239,0.0005,0.7090,0.0852,0.7799,buy
2024-11-22,66.9437,16671600,66.0523,67.2888,65.6113,0.0129,0.0157,0.0176,0.0132,0.0925,76.6169,0.0101,0.0240,0.0007,0.7675,0.4637,1.1149,buy
2024-11-25,67.8160,19558100,67.5188,68.2377,67.1258,0.0130,0.0254,0.0136,0.0250,0.1023,75.9151,0.0095,0.0247,0.0014,0.8187,0.1731,1.2868,sell
2024-11-26,66.8574,11605200,67.4421,67.5572,66.4548,-0.0141,0.0168,0.0106,0.0095,0.0831,53.8710,0.0099,0.0245,0.0006,0.7038,-0.4066,0.7674,buy
2024-11-27,67.2504,9736100,66.8766,67.4805,66.7712,0.0059,0.0275,0.0184,0.0135,0.0858,61.6609,0.0100,0.0241,0.0003,0.7209,-0.1611,0.6481,buy
2024-11-29,67.9310,8606500,67.3559,68.1419,67.3080,0.0101,0.0278,0.0399,0.0198,0.0939,62.4723,0.0092,0.0241,0.0005,0.7696,-0.1160,0.5756,buy
2024-12-02,68.4294,11932600,68.3048,68.6786,67.9406,0.0073,0.0222,0.0382,0.0234,0.0986,59.5438,0.0091,0.0245,0.0008,0.8111,0.3865,0.7971,hold
2024-12-03,68.4582,17544200,69.1962,69.7809,68.3144,0.0004,0.0095,0.0351,0.0203,0.0959,65.8311,0.0092,0.0247,0.0008,0.8434,0.4703,1.1410,hold
2024-12-04,68.5349,12331900,68.5349,68.7457,67.5763,0.0011,0.0251,0.0423,0.0172,0.0936,67.3308,0.0086,0.0246,0.0006,0.9340,-0.2971,0.8028,buy
2024-12-05,69.2346,14307600,68.8512,69.8289,68.6690,0.0102,0.0295,0.0578,0.0218,0.1006,77.1277,0.0082,0.0249,0.0009,0.9980,0.1602,1.0236,hold
2024-12-06,69.1579,8781100,69.3113,69.5892,68.7361,-0.0011,0.0181,0.0464,0.0161,0.0957,74.2490,0.0083,0.0249,0.0007,0.9246,-0.3863,0.6510,sell
2024-12-09,68.8799,11957500,69.3017,69.7809,68.8607,-0.0040,0.0066,0.0289,0.0092,0.0878,70.3125,0.0082,0.0244,0.0001,0.8309,0.3617,0.8965,buy
2024-12-10,69.4934,16833400,69.0141,70.3369,68.6115,0.0089,0.0151,0.0247,0.0156,0.0940,76.7857,0.0077,0.0242,0.0001,0.8943,0.4078,1.2733,sell
2024-12-11,68.9758,22533600,69.9726,70.2219,68.3144,-0.0074,0.0064,0.0317,0.0050,0.0824,74.5334,0.0062,0.0235,-0.0007,0.7721,0.3386,1.6619,sell
2024-12-12,68.4678,8893000,68.8799,69.3304,68.4486,-0.0074,-0.0111,0.0181,-0.0042,0.0712,66.8478,0.0070,0.0221,-0.0018,0.6636,-0.6053,0.6599,sell
2024-12-13,68.0652,9819900,68.7361,68.9279,67.8255,-0.0059,-0.0158,0.0020,-0.0102,0.0616,58.4906,0.0067,0.0202,-0.0030,0.5721,0.1042,0.7430,buy
2024-12-16,68.5253,11833800,68.3144,68.7937,67.8927,0.0068,-0.0051,0.0014,-0.0037,0.0658,55.7276,0.0066,0.0189,-0.0034,0.6420,0.2051,0.9076,sell
2024-12-17,68.1706,12639000,67.9597,68.3911,67.8639,-0.0052,-0.0190,-0.0042,-0.0084,0.0574,61.7496,0.0068,0.0174,-0.0040,0.5525,0.0680,0.9652,sell
2024-12-18,65.2950,18028000,68.2281,68.5061,65.1033,-0.0422,-0.0534,-0.0473,-0.0458,0.0112,37.8860,0.0148,0.0131,-0.0074,-0.0336,0.4264,1.3580,hold
2024-12-19,65.5826,13464300,66.3398,66.9437,65.4867,0.0044,-0.0421,-0.0527,-0.0364,0.0142,34.7065,0.0143,0.0093,-0.0088,0.0184,-0.2531,1.0030,buy
2024-12-20,66.3207,27720100,65.4580,67.3463,65.2088,0.0113,-0.0256,-0.0410,-0.0215,0.0237,36.6828,0.0152,0.0071,-0.0087,0.1641,1.0588,1.9467,buy
2024-12-23,66.8766,8248000,66.4836,66.9820,66.0139,0.0084,-0.0241,-0.0291,-0.0104,0.0309,40.6356,0.0157,0.0060,-0.0077,0.2821,-0.7025,0.5969,buy
2024-12-24,68.0556,6544900,67.1929,68.2569,67.0395,0.0176,-0.0017,-0.0207,0.0092,0.0473,47.4899,0.0166,0.0064,-0.0057,0.5267,-0.2065,0.4970,hold
2024-12-26,68.3911,6341700,67.6147,68.5061,67.5859,0.0049,0.0474,-0.0085,0.0151,0.0496,45.4071,0.0166,0.0071,-0.0039,0.5826,-0.0310,0.4914,hold
2024-12-27,68.0556,7743100,67.9214,68.5636,67.6147,-0.0049,0.0377,-0.0060,0.0107,0.0422,44.1624,0.0165,0.0072,-0.0031,0.5023,0.2210,0.6047,sell
2024-12-30,67.4709,6664400,67.2696,67.8926,66.8958,-0.0086,0.0173,-0.0087,0.0029,0.0312,42.7728,0.0167,0.0066,-0.0031,0.3815,-0.1393,0.5244,hold
2024-12-31,67.4709,6393000,67.6242,68.0172,67.2408,0.0000,0.0089,-0.0154,0.0045,0.0287,38.9297,0.0164,0.0060,-0.0029,0.3920,-0.0407,0.5143,sell
2025-01-02,67.0396,9827400,67.9981,68.2090,66.7616,-0.0064,-0.0149,-0.0166,-0.0002,0.0196,39.3009,0.0165,0.0049,-0.0032,0.3166,0.5372,0.8159,buy
2025-01-03,68.0556,11342900,67.9406,68.1419,66.9533,0.0152,-0.0049,0.0423,0.0107,0.0326,47.8435,0.0091,0.0052,-0.0023,0.5377,0.1542,0.9456,buy
2025-01-06,69.7234,19199700,69.2346,70.9216,68.8991,0.0245,0.0245,0.0631,0.0292,0.0548,57.6616,0.0111,0.0071,-0.0001,0.8782,0.6927,1.5685,buy
2025-01-07,70.6245,18309400,70.8353,71.2092,69.7234,0.0129,0.0467,0.0649,0.0359,0.0650,59.3192,0.0112,0.0096,0.0019,1.0006,-0.0464,1.4398,sell
2025-01-08,70.2219,13742800,70.4040,70.4232,69.6755,-0.0057,0.0408,0.0500,0.0250,0.0552,59.0678,0.0118,0.0111,0.0027,0.8883,-0.2494,1.0731,sell
2025-01-10,68.4390,13217700,69.4550,69.4550,68.0747,-0.0254,0.0209,0.0056,-0.0016,0.0261,65.3846,0.0143,0.0103,0.0014,0.5820,-0.0382,1.0469,buy
2025-01-13,69.7522,16720600,68.0364,69.9726,68.0364,0.0192,0.0249,0.0199,0.0155,0.0432,68.5422,0.0154,0.0107,0.0016,0.8066,0.2650,1.3556,buy
2025-01-14,70.4519,19576000,70.2794,70.9216,70.1068,0.0100,0.0104,0.0352,0.0222,0.0508,68.4346,0.0154,0.0117,0.0021,0.8863,0.1708,1.5212,buy
2025-01-15,75.0241,44903000,73.0399,75.9635,72.7140,0.0649,0.0623,0.1119,0.0767,0.1143,76.7633,0.0240,0.0166,0.0060,1.2603,1.2938,3.0707,hold
2025-01-16,75.2541,21463100,74.6023,75.4938,74.5352,0.0031,0.0717,0.1154,0.0681,0.1129,75.2183,0.0239,0.0209,0.0083,1.1115,-0.5220,1.4210,buy
2025-01-17,76.6728,22084800,75.2925,77.1137,74.9187,0.0189,0.1203,0.1437,0.0735,0.1282,76.9663,0.0232,0.0252,0.0103,1.0886,0.0290,1.4178,buy
2025-01-21,78.2831,21297400,77.0945,78.4556,76.6057,0.0210,0.1223,0.1503,0.0806,0.1461,80.7493,0.0233,0.0295,0.0120,1.0818,-0.0357,1.3531,hold
2025-01-22,78.3023,14725700,78.0914,78.8678,77.8613,0.0002,0.1114,0.1230,0.0682,0.1423,83.7113,0.0234,0.0331,0.0124,0.9965,-0.3086,0.9318,hold
2025-01-23,78.5802,14435200,78.5994,79.3375,78.4077,0.0036,0.0474,0.1126,0.0605,0.1419,83.9883,0.0235,0.0356,0.0120,0.9457,-0.0197,0.9535,hold
2025-01-24,78.1010,16025200,78.1106,78.7144,77.9668,-0.0061,0.0378,0.1122,0.0429,0.1309,83.7426,0.0235,0.0370,0.0106,0.8702,0.1101,1.0320,hold
2025-01-27,77.7080,12782800,77.4012,78.0339,76.8932,-0.0050,0.0135,0.1354,0.0250,0.1217,80.6078,0.0208,0.0373,0.0086,0.8117,-0.2023,0.8070,sell
2025-01-28,76.6248,16521700,77.8518,78.0243,76.1839,-0.0139,-0.0212,0.0985,0.0016,0.1027,72.7273,0.0222,0.0364,0.0058,0.7268,0.2925,1.0106,buy
2025-01-29,77.2862,10573000,76.5673,78.2160,76.5673,0.0086,-0.0130,0.0970,0.0013,0.1087,72.2899,0.0223,0.0352,0.0039,0.7389,-0.3601,0.6412,buy
2025-01-30,78.4652,10775500,77.9188,79.1937,77.6313,0.0153,-0.0015,0.0459,0.0121,0.1214,76.2195,0.0114,0.0348,0.0032,0.7774,0.0192,0.6454,sell
2025-01-31,78.0531,12818300,78.3023,78.9253,77.7080,-0.0053,-0.0006,0.0372,0.0032,0.1116,83.5004,0.0118,0.0343,0.0020,0.7313,0.1896,0.7533,sell
2025-02-03,76.8369,20998500,75.7656,77.1265,74.2117,-0.0156,-0.0112,0.0021,-0.0127,0.0910,74.8552,0.0120,0.0326,-0.0002,0.6409,0.6382,1.1947,sell
2025-02-04,75.7463,13417700,77.3195,77.4450,75.6305,-0.0142,-0.0115,-0.0324,-0.0235,0.0724,68.0782,0.0102,0.0298,-0.0028,0.5511,-0.3610,0.7589,buy
2025-02-05,76.6922,10736100,76.2868,76.8273,75.4857,0.0125,-0.0077,-0.0206,-0.0093,0.0824,57.5706,0.0114,0.0275,-0.0037,0.5979,-0.1999,0.6222,buy
2025-02-06,79.4622,19545700,77.4450,79.6263,77.1458,0.0361,0.0127,0.0112,0.0254,0.1173,65.5202,0.0166,0.0276,-0.0020,0.7745,0.8206,1.1286,sell
2025-02-07,78.8735,10310300,79.5587,80.0220,78.5163,-0.0074,0.0105,0.0099,0.0167,0.1053,58.6458,0.0167,0.0277,-0.0017,0.7111,-0.4725,0.6013,sell
2025-02-10,77.9179,10681600,78.7866,78.9700,77.2809,-0.0121,0.0141,0.0027,0.0042,0.0888,48.4875,0.0171,0.0267,-0.0025,0.6188,0.0360,0.6276,hold
2025-02-11,78.2847,9993800,77.6573,78.6901,77.4257,0.0047,0.0335,0.0217,0.0067,0.0904,49.9292,0.0164,0.0256,-0.0028,0.6458,-0.0644,0.5990,hold
2025-02-12,78.4391,10448100,77.3774,78.4584,77.2230,0.0020,0.0228,0.0149,0.0072,0.0892,49.4261,0.0162,0.0246,-0.0029,0.6862,0.0455,0.6439,buy
2025-02-13,79.2402,11108400,78.5646,79.2692,77.9662,0.0102,-0.0028,0.0099,0.0165,0.0969,54.5144,0.0158,0.0242,-0.0025,0.8331,0.0632,0.7641,buy
2025-02-14,81.6628,16035000,79.5394,81.7207,79.3657,0.0306,0.0354,0.0462,0.0427,0.1263,63.5000,0.0181,0.0254,-0.0004,1.2027,0.4435,1.1240,hold
2025-02-18,81.6821,17907000,81.0161,81.7882,80.6397,0.0002,0.0483,0.0631,0.0366,0.1225,68.6152,0.0168,0.0267,0.0007,1.0728,0.1167,1.2739,sell
2025-02-19,81.0161,9710800,81.1319,81.2960,80.5432,-0.0082,0.0349,0.0696,0.0213,0.1095,63.7248,0.0161,0.0269,0.0006,0.9036,-0.4577,0.7205,sell
2025-02-20,78.5067,15160300,80.9196,81.1319,78.1206,-0.0310,0.0009,0.0237,-0.0126,0.0724,50.1390,0.0198,0.0250,-0.0018,0.5075,0.5612,1.1230,sell
2025-02-21,76.8756,14907800,78.9507,79.0568,76.8369,-0.0208,-0.0298,-0.0326,-0.0300,0.0479,46.3517,0.0171,0.0212,-0.0048,0.2700,-0.0167,1.1024,sell
2025-02-24,75.8042,12830000,77.4257,77.8793,74.3854,-0.0139,-0.0717,-0.0389,-0.0398,0.0314,46.7713,0.0174,0.0168,-0.0077,0.1446,-0.1394,0.9601,hold
2025-02-25,75.4181,14501400,76.4219,76.7983,73.7967,-0.0051,-0.0767,-0.0321,-0.0416,0.0245,48.9268,0.0171,0.0125,-0.0097,0.1291,0.1303,1.0782,buy
2025-02-26,76.3158,13115000,76.0552,77.3002,75.7367,0.0119,-0.0580,-0.0252,-0.0278,0.0346,48.7651,0.0177,0.0098,-0.0097,0.2553,-0.0956,0.9877,hold
2025-02-27,76.1227,8485900,76.7887,77.5705,75.9200,-0.0025,-0.0304,-0.0295,-0.0274,0.0298,36.8141,0.0176,0.0075,-0.0096,0.2434,-0.3530,0.6441,buy
2025-02-28,77.1651,21233600,76.4605,77.1844,74.9066,0.0137,0.0038,-0.0262,-0.0114,0.0414,43.4878,0.0179,0.0066,-0.0083,0.3897,1.5022,1.5502,sell
2025-03-03,74.4819,20121100,77.2134,77.6284,73.5940,-0.0348,-0.0174,-0.0879,-0.0369,0.0036,38.4265,0.0163,0.0032,-0.0097,0.0944,-0.0524,1.4308,sell
2025-03-04,69.8298,33983900,71.9435,72.2524,68.1697,-0.0625,-0.0741,-0.1451,-0.0830,-0.0595,27.9011,0.0230,-0.0049,-0.0150,-0.2010,0.6890,2.3100,buy
2025-03-05,70.4186,17214200,70.0711,70.9687,69.2025,0.0084,-0.0773,-0.1308,-0.0623,-0.0529,29.5017,0.0242,-0.0107,-0.0165,-0.0417,-0.4935,1.1552,sell
2025-03-06,68.1215,18550800,69.3086,69.8684,67.6003,-0.0326,-0.1051,-0.1323,-0.0801,-0.0844,23.6022,0.0243,-0.0183,-0.0195,-0.0793,0.0776,1.2131,hold
2025-03-07,68.0057,18212900,67.7354,68.2759,65.6989,-0.0017,-0.1187,-0.1154,-0.0706,-0.0864,13.5872,0.0245,-0.0239,-0.0201,0.0069,-0.0182,1.1962,sell
2025-03-10,65.0619,22378400,66.1043,66.3359,63.7493,-0.0433,-0.1265,-0.1417,-0.0975,-0.1255,11.6652,0.0264,-0.0329,-0.0231,-0.0455,0.2287,1.4138,hold
2025-03-11,65.1488,21269200,64.9461,66.0850,63.8651,0.0013,-0.0670,-0.1362,-0.0833,-0.1237,12.3971,0.0268,-0.0386,-0.0231,0.0393,-0.0496,1.3002,hold
2025-03-12,65.5831,16131100,66.3938,66.7027,64.5407,0.0067,-0.0687,-0.1406,-0.0630,-0.1172,16.0324,0.0262,-0.0418,-0.0211,0.1136,-0.2416,0.9679,sell
2025-03-13,64.8882,17125200,66.0174,66.7316,64.4056,-0.0106,-0.0475,-0.1476,-0.0578,-0.1258,16.8623,0.0259,-0.0454,-0.0196,0.1311,0.0616,1.0074,buy
2025-03-14,66.3842,12727300,65.6024,66.5965,65.2260,0.0231,-0.0238,-0.1397,-0.0208,-0.1054,24.5568,0.0272,-0.0445,-0.0154,0.2244,-0.2568,0.7452,buy
2025-03-17,67.5038,12531700,66.4903,67.9091,66.2877,0.0169,0.0375,-0.0937,0.0061,-0.0903,29.4383,0.0279,-0.0420,-0.0107,0.2923,-0.0154,0.7413,hold
2025-03-18,67.7740,12289900,67.5327,68.0346,67.1660,0.0040,0.0403,-0.0294,0.0132,-0.0868,27.0606,0.0209,-0.0397,-0.0068,0.3230,-0.0193,0.7393,buy
2025-03-19,68.9515,14400600,67.9091,69.6658,67.2432,0.0174,0.0514,-0.0208,0.0331,-0.0712,31.7085,0.0216,-0.0355,-0.0026,0.3980,0.1717,0.8542,hold
2025-03-20,69.3183,15315600,68.5075,70.4379,68.0829,0.0053,0.0683,0.0176,0.0367,-0.0661,29.2707,0.0187,-0.0318,0.0008,0.4364,0.0635,0.9081,hold
2025-03-21,69.4727,21724000,68.7971,69.7333,68.3049,0.0022,0.0465,0.0216,0.0368,-0.0638,34.7263,0.0187,-0.0284,0.0033,0.4636,0.4184,1.2625,buy
2025-03-24,71.4610,15310600,70.7081,71.7602,70.1387,0.0286,0.0586,0.0984,0.0564,-0.0373,55.9382,0.0118,-0.0226,0.0066,0.5988,-0.2952,0.8834,buy
2025-03-25,71.8760,10922200,71.7602,72.1945,71.1521,0.0058,0.0605,0.1033,0.0520,-0.0326,55.3737,0.0115,-0.0178,0.0089,0.6421,-0.2866,0.6368,sell
2025-03-26,70.6888,12345800,72.2138,72.4454,70.5151,-0.0165,0.0252,0.0779,0.0270,-0.0488,60.3100,0.0142,-0.0155,0.0093,0.5906,0.1303,0.7214,sell
2025-03-27,69.3472,13155800,70.4475,70.4475,69.2604,-0.0190,0.0004,0.0687,0.0010,-0.0666,54.9047,0.0156,-0.0152,0.0082,0.5217,0.0656,0.7584,sell
2025-03-28,67.8802,13630700,69.0963,69.6850,67.2528,-0.0212,-0.0229,0.0225,-0.0223,-0.0846,61.5506,0.0167,-0.0165,0.0059,0.4274,0.0361,0.8034,buy
2025-03-31,68.5172,15568400,67.0791,68.7199,66.0271,0.0094,-0.0412,0.0150,-0.0145,-0.0743,63.2096,0.0161,-0.0162,0.0048,0.5245,0.1422,0.9300,sell
2025-04-01,68.0829,10957100,67.9285,68.4110,66.8668,-0.0063,-0.0528,0.0046,-0.0212,-0.0780,59.8032,0.0163,-0.0165,0.0037,0.4829,-0.2962,0.7029,buy
2025-04-02,69.2604,9731700,67.2432,69.4534,67.1756,0.0173,-0.0202,0.0045,-0.0047,-0.0598,66.5208,0.0163,-0.0148,0.0040,0.6355,-0.1118,0.6397,sell
2025-04-03,60.8538,39469500,63.8651,64.4732,60.7090,-0.1214,-0.1225,-0.1221,-0.1148,-0.1700,36.2722,0.0417,-0.0264,-0.0040,-0.1688,3.0558,2.4274,sell
2025-04-04,56.1052,51730500,58.1513,58.3154,54.3486,-0.0780,-0.1735,-0.1924,-0.1677,-0.2300,26.0252,0.0461,-0.0433,-0.0152,-0.2533,0.3106,2.8842,hold
2025-04-07,56.8001,37487700,54.2038,59.1937,53.5764,0.0124,-0.1710,-0.2052,-0.1386,-0.2159,27.3235,0.0445,-0.0526,-0.0198,-0.0754,-0.2753,2.0056,hold
2025-04-08,56.7229,30272300,59.1068,60.4774,55.5647,-0.0014,-0.1669,-0.2108,-0.1196,-0.2124,23.5269,0.0440,-0.0598,-0.0217,0.0061,-0.1925,1.5815,buy
2025-04-09,61.9155,49437900,54.7829,63.4597,54.1169,0.0915,-0.1060,-0.1241,-0.0257,-0.1368,36.7439,0.0570,-0.0527,-0.0142,0.2856,0.6331,2.3761,sell
2025-04-10,59.4446,25912800,59.9272,60.3229,57.0221,-0.0399,-0.0232,-0.1428,-0.0498,-0.1671,33.4184,0.0577,-0.0558,-0.0126,0.1890,-0.4759,1.2196,hold
2025-04-11,59.4929,24776000,58.7594,60.1396,57.8328,0.0008,0.0604,-0.1236,-0.0361,-0.1620,28.8540,0.0578,-0.0558,-0.0101,0.2182,-0.0439,1.1340,buy
2025-04-14,61.0179,20385900,61.1433,62.1857,60.5160,0.0256,0.0743,-0.1095,0.0008,-0.1363,31.5392,0.0587,-0.0518,-0.0058,0.3065,-0.1772,0.9166,hold
2025-04-15,62.0892,24738400,61.9541,63.9809,61.6163,0.0176,0.0946,-0.0880,0.0285,-0.1175,35.3212,0.0593,-0.0470,-0.0014,0.3687,0.2135,1.0820,sell
2025-04-16,59.9369,21922600,60.8634,61.5970,59.1647,-0.0347,-0.0320,-0.1346,0.0084,-0.1442,34.3700,0.0592,-0.0478,-0.0004,0.2920,-0.1138,0.9433,buy
2025-04-17,61.0468,14656300,60.0141,61.5584,59.6859,0.0185,0.0270,0.0032,0.0267,-0.1245,38.5140,0.0456,-0.0442,0.0018,0.3595,-0.3315,0.6316,hold
2025-04-21,60.5063,15136000,60.5642,60.9406,59.7921,-0.0089,0.0170,0.0784,0.0102,-0.1275,36.4909,0.0366,-0.0427,0.0030,0.3526,0.0327,0.6616,buy
2025-04-22,62.3015,13252300,61.3074,62.7069,61.2977,0.0297,0.0210,0.0969,0.0307,-0.0973,40.6785,0.0372,-0.0373,0.0057,0.4555,-0.1245,0.5819,buy
2025-04-23,63.9906,17243900,64.1547,66.4228,63.8555,0.0271,0.0306,0.1281,0.0460,-0.0690,41.6412,0.0373,-0.0305,0.0090,0.5649,0.3012,0.7468,buy
2025-04-24,65.7858,13672300,63.9520,65.9595,63.4887,0.0281,0.0976,0.0625,0.0686,-0.0394,59.8993,0.0262,-0.0228,0.0125,0.6895,-0.2071,0.5904,hold
2025-04-25,66.0464,12253400,65.4962,66.3166,65.3997,0.0040,0.0819,0.1111,0.0615,-0.0321,74.3384,0.0207,-0.0168,0.0147,0.7261,-0.1038,0.5302,hold
2025-04-28,65.9016,14304800,66.2684,66.9826,65.4094,-0.0022,0.0892,0.1077,0.0483,-0.0305,72.8994,0.0209,-0.0121,0.0156,0.7300,0.1674,0.6180,buy
2025-04-29,66.4807,8862800,65.6603,66.7027,65.6024,0.0088,0.0671,0.0895,0.0484,-0.0175,73.9459,0.0202,-0.0076,0.0159,0.7840,-0.3804,0.3885,sell
2025-04-30,65.9981,15756500,65.1584,66.2684,64.3959,-0.0073,0.0314,0.0630,0.0345,-0.0201,63.0314,0.0205,-0.0046,0.0153,0.7693,0.7778,0.6836,hold
2025-05-01,65.7665,9682300,65.8340,66.5000,65.5252,-0.0035,-0.0003,0.0973,0.0215,-0.0191,73.5442,0.0153,-0.0024,0.0140,0.7885,-0.3855,0.4201,buy
2025-05-02,68.1311,13291200,67.1563,68.3628,66.9440,0.0360,0.0316,0.1160,0.0467,0.0193,77.4371,0.0173,0.0021,0.0143,0.9060,0.3727,0.6114,hold
2025-05-05,68.3354,10318500,67.4015,69.0165,67.3626,0.0030,0.0369,0.1294,0.0374,0.0250,75.3709,0.0161,0.0057,0.0144,0.8847,-0.2237,0.5246,sell
2025-05-06,67.5863,7744300,67.5669,68.3646,67.2945,-0.0110,0.0166,0.0848,0.0178,0.0162,69.4947,0.0164,0.0078,0.0132,0.8074,-0.2495,0.4260,buy
2025-05-07,68.3452,11619200,67.8587,68.7732,67.7614,0.0112,0.0356,0.0681,0.0226,0.0298,83.0891,0.0151,0.0100,0.0123,0.8429,0.5004,0.6736,buy
2025-05-08,69.6975,12698400,69.0748,70.2812,69.0262,0.0198,0.0598,0.0595,0.0367,0.0523,83.4057,0.0140,0.0130,0.0122,0.8939,0.0929,0.8240,hold
2025-05-09,69.5126,8941900,70.0866,70.3007,69.3570,-0.0027,0.0203,0.0525,0.0287,0.0516,85.7613,0.0142,0.0152,0.0115,0.8455,-0.2958,0.6140,buy
2025-05-12,72.8788,18464100,72.5772,73.5987,72.2756,0.0484,0.0665,0.1059,0.0675,0.1040,87.3407,0.0194,0.0197,0.0129,1.0172,1.0649,1.2960,buy
2025-05-13,73.5209,12397800,73.0928,74.2019,72.9956,0.0088,0.0878,0.1059,0.0659,0.1140,86.3302,0.0194,0.0239,0.0138,0.9842,-0.3285,0.8953,hold
2025-05-14,73.2485,11372000,73.5793,73.8031,72.9372,-0.0037,0.0717,0.1099,0.0509,0.1087,82.1851,0.0190,0.0270,0.0134,0.9097,-0.0827,0.8629,buy
2025-05-15,73.9003,12627700,72.5675,74.1046,72.4507,0.0089,0.0603,0.1237,0.0480,0.1174,82.7666,0.0184,0.0294,0.0128,0.9103,0.1104,0.9932,hold
2025-05-16,73.6669,14008700,73.3361,73.8322,73.0831,-0.0032,0.0598,0.0813,0.0366,0.1120,82.1585,0.0168,0.0310,0.0115,0.8617,0.1094,1.1046,buy
2025-05-19,74.0657,12691700,72.9664,74.2506,72.7621,0.0054,0.0163,0.0839,0.0338,0.1160,81.8881,0.0168,0.0321,0.0102,0.8639,-0.0940,1.0105,hold
2025-05-20,73.8420,8930900,73.7933,73.9879,73.3750,-0.0030,0.0044,0.0926,0.0218,0.1097,83.7098,0.0159,0.0326,0.0085,0.8238,-0.2963,0.7235,sell
2025-05-21,71.4292,17143800,72.9469,73.3750,71.2152,-0.0327,-0.0248,0.0451,-0.0158,0.0714,70.4941,0.0206,0.0309,0.0048,0.6317,0.9196,1.3894,hold
2025-05-22,71.4292,12067800,71.2346,71.9059,70.9428,0.0000,-0.0334,0.0248,-0.0181,0.0696,64.4010,0.0199,0.0284,0.0018,0.6141,-0.2961,0.9844,hold
2025-05-23,71.1082,9851900,69.7072,71.4098,69.7072,-0.0045,-0.0347,0.0230,-0.0247,0.0628,61.9849,0.0200,0.0259,-0.0007,0.5716,-0.1836,0.8116,buy
2025-05-27,73.4236,12148500,72.1492,73.5015,71.4973,0.0326,-0.0087,0.0075,0.0063,0.0951,72.2223,0.0162,0.0253,-0.0004,0.7401,0.2331,1.0098,sell
2025-05-28,72.9956,9993200,73.5209,73.6960,72.7621,-0.0058,-0.0115,-0.0071,0.0012,0.0869,68.1611,0.0161,0.0248,-0.0008,0.6835,-0.1774,0.8267,buy
2025-05-29,73.4820,11879200,73.5501,73.6668,72.6550,0.0067,0.0287,0.0032,0.0075,0.0923,65.8516,0.0162,0.0244,-0.0008,0.7087,0.1887,0.9988,hold
2025-05-30,73.2777,12512200,73.2680,73.4723,72.4605,-0.0028,0.0259,-0.0084,0.0056,0.0879,65.7446,0.0159,0.0238,-0.0012,0.6745,0.0533,1.0396,buy
2025-06-02,73.7447,9073400,73.1220,73.8420,72.2854,0.0064,0.0371,0.0011,0.0119,0.0934,54.7798,0.0160,0.0234,-0.0012,0.7059,-0.2748,0.7674,buy
2025-06-03,74.4549,9802600,73.5793,74.6592,73.3944,0.0096,0.0140,0.0053,0.0211,0.1023,55.1173,0.0162,0.0234,-0.0007,0.7669,0.0804,0.8308,hold
2025-06-04,74.3284,10119600,74.4257,75.4764,74.2798,-0.0017,0.0183,0.0066,0.0187,0.0994,56.0130,0.0162,0.0233,-0.0007,0.7433,0.0323,0.8492,hold
2025-06-05,74.5911,14760500,74.5327,75.1748,73.6085,0.0035,0.0151,0.0443,0.0178,0.1024,54.0204,0.0112,0.0231,-0.0007,0.7780,0.4586,1.2225,buy
2025-06-06,76.1380,11515200,75.6029,76.2839,75.3791,0.0207,0.0390,0.0659,0.0323,0.1235,62.4754,0.0121,0.0239,0.0005,0.9963,-0.2199,0.9584,hold
2025-06-09,76.0504,9288000,76.4688,76.7704,75.9920,-0.0011,0.0313,0.0695,0.0243,0.1200,60.3449,0.0118,0.0245,0.0009,0.9771,-0.1934,0.7719,hold
2025-06-10,75.9142,10942400,75.7196,76.1964,75.4180,-0.0018,0.0196,0.0339,0.0190,0.1153,60.9007,0.0079,0.0246,0.0008,0.8946,0.1781,0.9387,buy
2025-06-11,76.2547,9030500,76.0796,76.7801,75.7488,0.0045,0.0259,0.0446,0.0191,0.1178,82.4609,0.0072,0.0247,0.0007,0.8999,-0.1747,0.7861,hold
2025-06-12,76.1088,6739700,75.6905,76.1380,75.2429,-0.0019,0.0203,0.0357,0.0136,0.1131,80.8731,0.0074,0.0244,0.0003,0.8351,-0.2537,0.5987,sell
2025-06-13,74.2895,11987200,74.9511,75.1359,74.0463,-0.0239,-0.0243,0.0138,-0.0119,0.0848,67.5241,0.0113,0.0225,-0.0018,0.5415,0.7786,1.0680,buy
2025-06-16,75.9531,10396600,75.0386,76.1769,74.8635,0.0224,-0.0013,0.0299,0.0072,0.1043,65.0115,0.0131,0.0215,-0.0017,0.7790,-0.1327,0.9414,sell
2025-06-17,75.2624,8078600,75.3986,75.8753,75.0192,-0.0091,-0.0086,0.0108,-0.0030,0.0882,63.0459,0.0134,0.0204,-0.0024,0.6614,-0.2230,0.7471,buy
2025-06-18,76.2255,14866100,75.3013,76.8287,75.1651,0.0128,-0.0004,0.0255,0.0072,0.0959,64.9682,0.0138,0.0199,-0.0021,0.7801,0.8402,1.3381,hold
2025-06-20,76.3228,17336500,76.7412,77.1206,76.2061,0.0013,0.0028,0.0232,0.0062,0.0912,66.8098,0.0138,0.0196,-0.0019,0.7727,0.1662,1.5591,buy
2025-06-23,77.2081,12007200,76.2450,77.2957,75.4083,0.0116,0.0393,0.0141,0.0164,0.0990,68.2751,0.0127,0.0198,-0.0012,0.8835,-0.3074,1.0801,buy
2025-06-24,78.9399,18393000,77.8308,79.2415,77.7141,0.0224,0.0393,0.0380,0.0353,0.1175,71.3624,0.0143,0.0213,0.0006,1.1051,0.5318,1.5934,buy
2025-06-25,80.3895,13221900,78.9399,80.4673,78.8815,0.0184,0.0681,0.0590,0.0482,0.1313,75.6379,0.0148,0.0235,0.0026,1.1484,-0.2811,1.1401,buy
2025-06-26,82.0823,18600500,80.4284,82.4909,80.4284,0.0211,0.0768,0.0764,0.0622,0.1483,78.2673,0.0156,0.0265,0.0047,1.1706,0.4068,1.5465,hold
2025-06-27,82.0920,21872400,82.1991,82.2769,81.5375,0.0001,0.0756,0.0786,0.0541,0.1421,75.4153,0.0154,0.0288,0.0057,1.0530,0.1759,1.7460,buy
2025-06-30,82.8120,18035200,82.5979,83.1233,82.3158,0.0088,0.0726,0.1147,0.0519,0.1448,77.3838,0.0108,0.0308,0.0063,1.0252,-0.1754,1.4086,buy
2025-07-01,83.9308,17088900,82.6952,84.1351,82.4715,0.0135,0.0632,0.1050,0.0554,0.1530,80.0729,0.0101,0.0328,0.0069,1.0241,-0.0525,1.2942,buy
2025-07-02,84.4075,13420200,84.1448,84.5729,83.1428,0.0057,0.0500,0.1215,0.0493,0.1520,80.2745,0.0077,0.0346,0.0071,0.9791,-0.2147,1.0026,buy
2025-07-03,86.3143,13229900,84.7675,86.3922,84.4950,0.0226,0.0516,0.1324,0.0597,0.1703,83.5143,0.0085,0.0367,0.0078,1.0197,-0.0142,0.9771,sell
2025-07-07,85.2247,12407300,85.7404,86.4214,84.7772,-0.0126,0.0382,0.1166,0.0350,0.1489,87.7182,0.0112,0.0380,0.0070,0.8942,-0.0622,0.9243,sell
2025-07-08,83.2498,18075600,85.2345,85.4096,83.1622,-0.0232,0.0053,0.0783,0.0037,0.1170,74.6387,0.0156,0.0373,0.0044,0.7418,0.4569,1.3145,hold
2025-07-09,83.4638,9929400,84.2908,84.2908,83.2692,0.0026,-0.0056,0.0573,0.0008,0.1147,78.6151,0.0148,0.0357,0.0023,0.7311,-0.4507,0.7204,buy
2025-07-10,84.7188,9586100,83.5027,84.7188,83.4346,0.0150,0.0037,0.0539,0.0106,0.1258,79.0420,0.0145,0.0348,0.0015,0.7806,-0.0346,0.6989,hold
2025-07-11,84.3783,10256000,83.5903,84.6021,83.2984,-0.0040,-0.0224,0.0280,0.0038,0.1160,77.0943,0.0136,0.0339,0.0004,0.7345,0.0699,0.7445,buy
2025-07-14,85.1274,13450800,84.1351,85.1566,83.8821,0.0089,-0.0011,0.0370,0.0091,0.1202,76.8825,0.0137,0.0331,-0.0001,0.7555,0.3115,0.9531,buy
2025-07-15,88.2601,39270900,86.2463,89.3108,85.7306,0.0368,0.0602,0.0658,0.0395,0.1546,78.8903,0.0172,0.0340,0.0016,0.9146,1.9196,2.5375,sell
2025-07-16,87.5791,23321000,88.9995,89.1357,85.8376,-0.0077,0.0493,0.0435,0.0271,0.1399,73.4009,0.0176,0.0350,0.0018,0.8381,-0.4062,1.4465,buy
2025-07-17,90.5659,23949200,87.6861,90.6729,87.4429,0.0341,0.0690,0.0730,0.0545,0.1720,75.4673,0.0200,0.0365,0.0036,0.9796,0.0269,1.4158,hold
2025-07-18,90.9161,16603700,90.6242,91.2566,90.2254,0.0039,0.0775,0.0533,0.0529,0.1695,75.9588,0.0192,0.0384,0.0045,0.9538,-0.3067,0.9765,sell
2025-07-21,90.1378,11894500,91.0523,91.5290,90.0210,-0.0086,0.0589,0.0576,0.0380,0.1530,71.4775,0.0188,0.0392,0.0040,0.8779,-0.2836,0.7109,buy
2025-07-22,91.4512,15282600,91.0328,91.9182,90.2059,0.0146,0.0362,0.0985,0.0433,0.1633,71.7993,0.0160,0.0397,0.0040,0.9340,0.2848,0.9046,buy
2025-07-23,93.3872,22339800,91.9376,93.3872,91.9182,0.0212,0.0663,0.1189,0.0534,0.1808,73.9990,0.0161,0.0410,0.0048,1.0046,0.4618,1.3070,sell
2025-07-24,92.8035,15644400,93.6791,94.2823,92.7159,-0.0063,0.0247,0.0954,0.0374,0.1675,68.6626,0.0170,0.0418,0.0044,0.9167,-0.2997,0.9089,buy
2025-07-25,93.4651,13543400,92.8035,93.5818,91.8695,0.0071,0.0280,0.1077,0.0343,0.1699,74.2972,0.0164,0.0421,0.0039,0.9081,-0.1343,0.7985,sell
2025-07-28,92.9592,19370700,93.4651,93.5915,92.4922,-0.0054,0.0313,0.0920,0.0198,0.1579,81.3443,0.0171,0.0419,0.0028,0.8391,0.4303,1.1506,sell
2025-07-29,91.9182,13169900,93.3970,93.5040,91.8014,-0.0112,0.0051,0.0414,0.0044,0.1398,75.9094,0.0151,0.0406,0.0009,0.7466,-0.3201,0.7938,buy
2025-07-30,93.2121,13998000,92.3268,93.3872,92.0155,0.0141,-0.0019,0.0643,0.0123,0.1503,75.9667,0.0147,0.0394,0.0001,0.8005,0.0629,0.8516,sell
2025-07-31,91.1593,14638800,92.8813,93.5429,91.0134,-0.0220,-0.0177,0.0066,-0.0107,0.1202,68.7668,0.0136,0.0374,-0.0022,0.6460,0.0458,0.8873,sell
2025-08-01,89.3400,17725600,89.3595,89.5346,85.5555,-0.0200,-0.0441,-0.0173,-0.0287,0.0937,61.0066,0.0150,0.0339,-0.0052,0.5120,0.2109,1.0600,buy
2025-08-04,90.1724,11611400,89.8493,90.8971,89.6338,0.0093,-0.0300,0.0004,-0.0197,0.0989,55.6791,0.0152,0.0306,-0.0065,0.5542,-0.3449,0.6960,sell
2025-08-05,89.6240,19836100,90.4172,90.7992,87.8221,-0.0061,-0.0250,-0.0200,-0.0237,0.0873,56.1211,0.0144,0.0276,-0.0078,0.4915,0.7083,1.1828,buy
2025-08-06,90.3193,13153600,89.9766,90.7110,89.7122,0.0078,-0.0310,-0.0329,-0.0129,0.0907,49.1447,0.0125,0.0252,-0.0079,0.5217,-0.3369,0.7768,sell
2025-08-07,89.3400,12964000,91.3084,91.3182,89.2127,-0.0108,-0.0200,-0.0373,-0.0199,0.0747,44.7609,0.0127,0.0226,-0.0087,0.4048,-0.0144,0.7581,buy
2025-08-08,90.8090,10772600,90.0647,91.3574,89.4477,0.0164,0.0164,-0.0284,-0.0008,0.0878,52.1331,0.0139,0.0210,-0.0078,0.5214,-0.1690,0.6290,sell
2025-08-11,90.3976,12133300,91.1027,91.2398,88.9189,-0.0045,0.0025,-0.0276,-0.0026,0.0785,46.4479,0.0138,0.0195,-0.0075,0.4267,0.1263,0.7112,buy
2025-08-12,93.7566,21046400,91.2888,93.7762,91.0832,0.0372,0.0461,0.0200,0.0324,0.1131,51.1363,0.0183,0.0203,-0.0046,0.8861,0.7346,1.3032,sell
2025-08-13,92.6892,16605000,94.0112,94.2071,92.6206,-0.0114,0.0262,-0.0056,0.0212,0.0955,49.6585,0.0182,0.0206,-0.0037,0.7142,-0.2110,1.0500,buy
2025-08-14,93.4824,13288800,92.5031,93.5118,92.2779,0.0086,0.0464,0.0255,0.0274,0.0999,50.0514,0.0167,0.0209,-0.0026,0.8121,-0.1997,0.8696,sell
2025-08-15,91.7491,12000400,93.4824,93.5216,91.6511,-0.0185,0.0104,0.0270,0.0056,0.0751,46.6563,0.0165,0.0199,-0.0032,0.5230,-0.0970,0.7973,buy
2025-08-18,92.2681,8780700,91.4161,92.4052,91.3965,0.0057,0.0207,0.0232,0.0090,0.0767,50.9956,0.0164,0.0189,-0.0032,0.5926,-0.2683,0.5895,sell
2025-08-19,91.7980,11504400,92.0233,92.3954,91.4945,-0.0051,-0.0209,0.0243,0.0015,0.0673,45.7788,0.0163,0.0177,-0.0036,0.5110,0.3102,0.7823,sell
2025-08-20,91.2398,13447400,91.5924,91.8078,88.8014,-0.0061,-0.0156,0.0102,-0.0056,0.0571,50.2639,0.0164,0.0161,-0.0043,0.4332,0.1689,0.9429,sell
2025-08-21,90.6719,17635200,90.9265,90.9363,89.5653,-0.0062,-0.0301,0.0149,-0.0132,0.0470,54.7552,0.0161,0.0142,-0.0051,0.3519,0.3114,1.2280,buy
2025-08-22,93.2865,20124400,91.0342,93.6391,90.9167,0.0288,0.0168,0.0273,0.0125,0.0729,59.8635,0.0177,0.0143,-0.0035,0.8134,0.1411,1.3699,hold
2025-08-25,93.0319,8647000,93.2572,93.4726,92.9144,-0.0027,0.0083,0.0291,0.0069,0.0659,60.9987,0.0177,0.0144,-0.0028,0.7671,-0.5703,0.6109,buy
2025-08-26,93.7370,11031100,92.7186,93.7566,92.0820,0.0076,0.0211,-0.0002,0.0145,0.0692,61.0233,0.0132,0.0147,-0.0019,0.8544,0.2757,0.7853,buy
2025-08-27,94.8632,11315600,93.1788,95.4312,93.1201,0.0120,0.0397,0.0235,0.0243,0.0774,67.6470,0.0131,0.0157,-0.0006,0.9852,0.0258,0.8133,hold
2025-08-28,94.8142,10878900,95.3528,95.4703,94.5400,-0.0005,0.0457,0.0142,0.0223,0.0721,64.0743,0.0129,0.0164,0.0001,0.9152,-0.0386,0.7926,hold
2025-08-29,94.5694,8362600,94.6477,94.9807,94.0602,-0.0026,0.0138,0.0307,0.0166,0.0649,64.8329,0.0110,0.0166,0.0002,0.8452,-0.2313,0.6308,sell
2025-09-02,92.8165,15128800,93.0515,93.0515,91.0342,-0.0185,-0.0023,0.0059,-0.0029,0.0413,46.2264,0.0129,0.0153,-0.0011,0.5809,0.8091,1.1263,hold
2025-09-03,93.0613,14158800,92.9242,93.2670,91.4651,0.0026,-0.0072,0.0138,-0.0016,0.0403,51.5993,0.0127,0.0140,-0.0019,0.5979,-0.0641,1.0768,buy
2025-09-04,95.0688,12900100,93.3257,95.1374,93.3257,0.0216,0.0022,0.0420,0.0158,0.0589,56.1738,0.0138,0.0143,-0.0010,0.8694,-0.0889,0.9820,sell
2025-09-05,93.4236,17020800,95.3528,95.9502,92.1995,-0.0173,-0.0147,0.0303,-0.0047,0.0376,56.5618,0.0152,0.0135,-0.0017,0.5960,0.3194,1.2760,buy
2025-09-08,93.8839,11398800,93.8741,93.9818,92.6794,0.0049,-0.0072,0.0064,-0.0005,0.0400,56.3609,0.0123,0.0128,-0.0018,0.6575,-0.3303,0.8525,buy
2025-09-09,95.3234,18101600,93.5216,96.1069,93.4726,0.0153,0.0270,0.0246,0.0124,0.0528,62.8939,0.0130,0.0132,-0.0010,0.8945,0.5880,1.3243,hold
2025-09-10,95.1570,12238300,95.4801,96.3419,94.5106,-0.0017,0.0225,0.0151,0.0091,0.0481,64.7492,0.0129,0.0134,-0.0006,0.8326,-0.3239,0.9252,buy
2025-09-11,96.7728,13426500,95.3332,96.9882,94.8828,0.0170,0.0179,0.0201,0.0242,0.0629,71.2918,0.0135,0.0145,0.0006,1.0197,0.0971,1.0273,buy
2025-09-12,97.3799,9502900,96.7336,97.6346,96.4007,0.0063,0.0423,0.0271,0.0278,0.0666,66.6136,0.0135,0.0158,0.0015,1.0132,-0.2922,0.7378,hold
2025-09-15,97.7227,10620100,97.7325,98.0948,97.3408,0.0035,0.0409,0.0333,0.0280,0.0676,68.9029,0.0134,0.0169,0.0021,0.9805,0.1176,0.8290,buy
2025-09-16,98.5551,12350700,97.7912,98.7607,97.1547,0.0085,0.0339,0.0618,0.0305,0.0736,69.2187,0.0109,0.0181,0.0028,0.9966,0.1630,0.9508,buy
2025-09-17,99.6519,14371600,98.4082,100.0926,98.3299,0.0111,0.0472,0.0708,0.0349,0.0817,69.1464,0.0110,0.0197,0.0036,1.0257,0.1636,1.0943,buy
2025-09-18,100.2884,11677600,99.8575,100.5724,99.5833,0.0064,0.0363,0.0549,0.0359,0.0846,70.9050,0.0097,0.0212,0.0042,1.0114,-0.1875,0.8952,hold
2025-09-19,100.5528,24745700,100.4157,100.9935,99.7596,0.0026,0.0326,0.0763,0.0310,0.0838,72.8155,0.0058,0.0224,0.0043,0.9818,1.1191,1.8467,buy
2025-09-22,101.3460,11474500,99.6519,101.6594,99.5931,0.0079,0.0371,0.0795,0.0312,0.0884,85.0927,0.0057,0.0235,0.0045,0.9773,-0.5363,0.8849,sell
2025-09-23,100.8662,15747900,101.3852,103.4025,100.2884,-0.0047,0.0235,0.0581,0.0206,0.0796,81.5021,0.0062,0.0241,0.0040,0.8845,0.3724,1.1820,sell
2025-09-24,99.5442,12272400,101.2481,101.9140,99.5148,-0.0131,-0.0011,0.0461,0.0028,0.0628,69.1214,0.0084,0.0234,0.0024,0.7427,-0.2207,0.9169,buy
2025-09-25,99.9946,11232900,98.9370,100.1415,98.0752,0.0045,-0.0029,0.0333,0.0041,0.0648,81.2675,0.0072,0.0226,0.0014,0.7554,-0.0847,0.8395,buy
2025-09-26,101.2775,11296300,100.3863,102.1588,100.3863,0.0128,0.0072,0.0400,0.0130,0.0760,82.6275,0.0078,0.0225,0.0012,0.8273,0.0056,0.8429,sell
2025-09-29,101.0229,10748700,101.9924,102.2274,100.7487,-0.0025,-0.0032,0.0338,0.0071,0.0710,78.0889,0.0080,0.0223,0.0008,0.7762,-0.0485,0.7950,sell
2025-09-30,99.3973,17789100,100.9641,101.4733,97.0862,-0.0161,-0.0146,0.0085,-0.0099,0.0517,68.2701,0.0098,0.0208,-0.0008,0.6228,0.6550,1.3029,sell
2025-10-01,96.6651,13793300,98.8489,99.0447,96.5769,-0.0275,-0.0289,-0.0300,-0.0343,0.0217,49.5766,0.0126,0.0175,-0.0038,0.3522,-0.2246,1.0116,sell
2025-10-02,95.3234,14511900,97.0274,97.3897,94.6967,-0.0139,-0.0467,-0.0495,-0.0429,0.0071,42.3580,0.0125,0.0133,-0.0067,0.2196,0.0521,1.0580,buy
2025-10-03,95.7152,13863600,95.3234,96.5378,95.2843,0.0041,-0.0549,-0.0481,-0.0343,0.0106,42.5670,0.0126,0.0099,-0.0079,0.2275,-0.0447,1.0225,hold
2025-10-06,96.0187,10398000,97.1449,97.9871,95.0297,0.0032,-0.0495,-0.0526,-0.0260,0.0133,40.2264,0.0122,0.0075,-0.0083,0.2292,-0.2500,0.7698,hold
2025-10-07,95.7739,8519400,96.4104,96.8120,94.6771,-0.0025,-0.0365,-0.0505,-0.0234,0.0101,34.0064,0.0122,0.0053,-0.0084,0.1949,-0.1807,0.6539,sell
2025-10-08,94.6967,8496000,96.1558,96.1558,94.5890,-0.0112,-0.0204,-0.0487,-0.0296,-0.0019,27.7474,0.0121,0.0026,-0.0090,0.0820,-0.0027,0.6616,sell
2025-10-09,93.9329,11300600,95.0101,95.2843,93.4824,-0.0081,-0.0146,-0.0606,-0.0314,-0.0101,24.6627,0.0117,-0.0002,-0.0095,0.0512,0.3301,0.8873,sell
2025-10-10,91.9841,18619500,94.2071,95.8719,91.7197,-0.0207,-0.0390,-0.0918,-0.0424,-0.0308,17.0799,0.0103,-0.0041,-0.0109,-0.0382,0.6477,1.4115,buy
2025-10-13,94.1091,18463600,93.5901,94.9513,93.4334,0.0231,-0.0199,-0.0684,-0.0131,-0.0094,28.7037,0.0146,-0.0052,-0.0095,0.1826,-0.0084,1.3593,buy
2025-10-14,97.7717,33164600,93.3943,99.1231,93.0711,0.0389,0.0209,-0.0164,0.0270,0.0275,45.1318,0.0201,-0.0029,-0.0056,0.4979,0.7962,2.2678,hold
2025-10-15,97.7129,15730100,99.0937,100.0338,96.7924,-0.0006,0.0319,0.0108,0.0253,0.0252,43.5954,0.0179,-0.0012,-0.0031,0.5011,-0.5257,1.0706,sell
2025-10-16,94.2658,20534000,98.1340,98.6138,93.2670,-0.0353,0.0035,-0.0111,-0.0098,-0.0118,32.4510,0.0209,-0.0028,-0.0038,0.2324,0.3054,1.3567,buy
2025-10-17,95.0590,14007800,94.2169,95.9796,93.3061,0.0084,0.0334,-0.0069,-0.0008,-0.0047,35.4654,0.0211,-0.0032,-0.0034,0.3203,-0.3178,0.9596,buy
2025-10-20,97.2429,11302700,95.4508,97.5366,95.1080,0.0230,0.0333,0.0127,0.0209,0.0168,44.8885,0.0224,-0.0017,-0.0015,0.5301,-0.1931,0.7747,sell
2025-10-21,96.2146,9150100,96.8805,97.3408,95.9404,-0.0106,-0.0159,0.0046,0.0096,0.0048,48.8372,0.0227,-0.0014,-0.0010,0.4535,-0.1905,0.6417,sell
2025-10-22,94.3050,14369200,96.1558,96.4398,93.0319,-0.0198,-0.0349,-0.0041,-0.0100,-0.0152,47.4460,0.0233,-0.0028,-0.0019,0.2875,0.5704,1.0003,hold
2025-10-23,94.6869,8189100,94.8142,95.5095,94.3050,0.0040,0.0045,0.0080,-0.0068,-0.0116,47.4202,0.0232,-0.0035,-0.0021,0.3449,-0.4301,0.5762,buy
2025-10-24,96.7336,11870700,95.3724,97.4485,95.3332,0.0216,0.0176,0.0516,0.0096,0.0090,51.6493,0.0226,-0.0022,-0.0007,0.5977,0.4496,0.8336,buy
2025-10-27,98.8978,13214200,97.2429,99.1329,97.0470,0.0224,0.0170,0.0509,0.0271,0.0301,56.6210,0.0226,0.0005,0.0016,0.9227,0.1132,0.9199,hold
2025-10-28,99.2895,8766400,98.9076,99.4266,98.0556,0.0040,0.0320,0.0155,0.0295,0.0326,60.0257,0.0192,0.0029,0.0032,0.9803,-0.3366,0.6301,sell
2025-10-29,97.0666,11878800,99.1916,99.8282,96.9784,-0.0224,0.0293,-0.0066,0.0072,0.0084,56.4309,0.0207,0.0030,0.0027,0.6687,0.3550,0.8597,buy
2025-10-30,98.1438,9584000,96.5867,99.3581,96.2733,0.0111,0.0365,0.0411,0.0143,0.0182,63.1096,0.0168,0.0039,0.0028,0.7870,-0.1932,0.7062,buy
2025-10-31,99.1329,11190300,97.8304,99.4071,97.6541,0.0101,0.0248,0.0429,0.0202,0.0266,61.2352,0.0169,0.0053,0.0034,0.8709,0.1676,0.8328,buy
2025-11-03,100.0983,10829100,99.2215,100.1278,97.5764,0.0097,0.0121,0.0294,0.0271,0.0352,55.9171,0.0158,0.0071,0.0042,0.9265,-0.0323,0.8046,sell
2025-11-04,99.5072,13449100,98.6600,101.0243,97.2217,-0.0059,0.0022,0.0342,0.0176,0.0277,54.4431,0.0154,0.0080,0.0041,0.8225,0.2419,0.9813,buy
2025-11-05,100.1771,9992400,99.7436,100.7583,97.5370,0.0067,0.0320,0.0623,0.0183,0.0332,66.9717,0.0130,0.0091,0.0041,0.8513,-0.2570,0.7251,sell
2025-11-06,99.3496,9282500,99.9604,100.8174,98.4827,-0.0083,0.0123,0.0492,0.0052,0.0237,62.2943,0.0138,0.0093,0.0034,0.7403,-0.0710,0.6786,hold
2025-11-07,99.2905,14887100,98.5221,99.3299,95.9214,-0.0006,0.0016,0.0264,0.0020,0.0222,56.6809,0.0125,0.0092,0.0027,0.7219,0.6038,1.1033,buy
2025-11-10,99.9801,11270600,99.7535,101.3691,98.8176,0.0069,-0.0012,0.0109,0.0078,0.0281,62.5633,0.0106,0.0096,0.0025,0.7813,-0.2429,0.8582,sell
2025-11-11,99.2609,9639500,100.1278,100.5711,98.8176,-0.0072,-0.0025,-0.0003,0.0006,0.0194,67.9622,0.0109,0.0093,0.0017,0.6788,-0.1447,0.8062,buy
2025-11-12,101.3395,15069200,99.7042,102.3148,99.6747,0.0209,0.0116,0.0440,0.0172,0.0390,71.4709,0.0095,0.0103,0.0023,0.8860,0.5633,1.2638,sell
2025-11-13,99.1723,11427000,100.9258,102.0291,98.9752,-0.0214,-0.0018,0.0105,-0.0056,0.0159,57.8098,0.0122,0.0097,0.0012,0.6164,-0.2417,0.9964,sell
2025-11-14,98.8078,10134500,98.3448,100.0392,96.6898,-0.0037,-0.0049,-0.0033,-0.0089,0.0110,49.6740,0.0118,0.0086,0.0001,0.5506,-0.1131,0.8989,sell
2025-11-17,96.7292,11389600,98.5910,98.7881,95.7736,-0.0210,-0.0325,-0.0337,-0.0265,-0.0108,41.7407,0.0129,0.0061,-0.0021,0.2745,0.1238,1.0098,hold
2025-11-18,96.8572,10463700,96.0494,98.0886,94.9461,0.0013,-0.0242,-0.0266,-0.0226,-0.0098,49.2191,0.0129,0.0041,-0.0033,0.2834,-0.0813,0.9223,buy
2025-11-19,98.3448,8426800,96.7095,99.0935,96.6306,0.0154,-0.0296,-0.0183,-0.0057,0.0047,50.7274,0.0139,0.0036,-0.0029,0.4518,-0.1947,0.7628,sell
2025-11-20,96.1775,12633700,99.5663,101.3297,96.0100,-0.0220,-0.0302,-0.0319,-0.0245,-0.0173,40.1445,0.0152,0.0015,-0.0042,0.0380,0.4992,1.1210,buy
2025-11-21,97.2316,14404700,96.6701,97.8522,94.4043,0.0110,-0.0160,-0.0207,-0.0118,-0.0065,40.4964,0.0158,0.0006,-0.0040,0.2182,0.1402,1.2639,buy
2025-11-24,98.2068,17389200,97.2513,99.1230,97.1331,0.0100,0.0153,-0.0177,-0.0001,0.0034,45.7962,0.0161,0.0007,-0.0030,0.4069,0.2072,1.4984,buy
2025-11-25,99.6648,10881900,98.8669,100.2362,98.0492,0.0148,0.0290,0.0041,0.0144,0.0181,48.4242,0.0167,0.0020,-0.0014,0.6728,-0.3742,0.9292,buy
2025-11-26,100.9750,11384100,100.2066,101.7631,99.9505,0.0131,0.0267,-0.0036,0.0281,0.0312,54.8558,0.0158,0.0040,0.0005,0.8703,0.0462,0.9741,buy
2025-11-28,102.0587,5865200,101.2706,102.8172,100.9849,0.0107,0.0611,0.0291,0.0361,0.0418,57.7926,0.0142,0.0063,0.0023,0.9779,-0.4848,0.5100,sell
2025-12-01,101.1524,9663700,101.5661,102.7975,100.8864,-0.0089,0.0403,0.0237,0.0244,0.0325,53.2603,0.0146,0.0074,0.0027,0.8013,0.6476,0.8459,buy
2025-12-02,101.6548,8056900,102.0587,102.6497,101.4774,0.0050,0.0351,0.0509,0.0244,0.0375,56.7388,0.0120,0.0085,0.0030,0.8499,-0.1663,0.7139,buy
2025-12-03,105.1323,14003600,101.5661,105.3982,101.5661,0.0342,0.0549,0.0854,0.0507,0.0721,59.8972,0.0150,0.0116,0.0051,1.1513,0.7381,1.2378,buy
2025-12-04,106.1863,12811300,105.0732,107.0927,105.0436,0.0100,0.0516,0.0797,0.0530,0.0814,69.4324,0.0148,0.0148,0.0067,1.1079,-0.0851,1.1185,buy
2025-12-05,107.2601,14936300,106.0681,107.7428,105.9105,0.0101,0.0510,0.1152,0.0521,0.0907,72.5315,0.0105,0.0178,0.0078,1.0691,0.1659,1.2726,hold
2025-12-08,107.2995,11394800,107.5753,108.6097,106.1371,0.0004,0.0608,0.1035,0.0422,0.0898,81.6146,0.0110,0.0202,0.0081,0.9822,-0.2371,0.9855,buy
2025-12-09,107.8019,15822700,107.1813,108.2157,105.4179,0.0047,0.0605,0.0977,0.0374,0.0934,82.0173,0.0112,0.0220,0.0080,0.9456,0.3886,1.3421,buy
2025-12-10,109.4372,16584300,107.7330,110.2450,107.6345,0.0152,0.0409,0.0981,0.0433,0.1077,82.1714,0.0112,0.0242,0.0083,0.9695,0.0481,1.3664,buy
2025-12-11,110.0776,10829700,109.6146,110.6686,109.4569,0.0059,0.0366,0.0901,0.0404,0.1112,94.2320,0.0111,0.0261,0.0083,0.9387,-0.3470,0.9081,hold
2025-12-12,110.1367,11227900,111.6144,111.7424,109.5358,0.0005,0.0268,0.0792,0.0330,0.1084,93.8420,0.0114,0.0275,0.0077,0.8878,0.0368,0.9423,buy
2025-12-15,111.1218,10692100,110.7770,111.8311,110.5504,0.0089,0.0356,0.0986,0.0326,0.1149,93.8462,0.0098,0.0287,0.0073,0.8853,-0.0477,0.8953,sell
2025-12-16,109.6244,12418200,111.1218,111.6932,108.9053,-0.0135,0.0169,0.0784,0.0112,0.0969,83.7225,0.0122,0.0289,0.0057,0.7838,0.1614,1.0353,hold
2025-12-17,109.8017,9949700,110.2253,111.3287,109.3092,0.0016,0.0033,0.0444,0.0085,0.0956,82.3699,0.0079,0.0284,0.0043,0.7665,-0.1988,0.8313,buy
2025-12-18,111.1513,21155800,110.5504,112.1562,110.4519,0.0123,0.0098,0.0468,0.0163,0.1054,82.7073,0.0081,0.0284,0.0036,0.8023,1.1263,1.6783,buy
2025-12-19,113.1512,37660800,111.5158,113.8900,111.3681,0.0180,0.0274,0.0549,0.0290,0.1210,90.0131,0.0090,0.0293,0.0040,0.8716,0.7802,2.7179,buy
2025-12-22,116.3331,20178100,113.4959,116.8848,113.1610,0.0281,0.0469,0.0842,0.0493,0.1470,91.5273,0.0113,0.0314,0.0054,0.9795,-0.4642,1.4265,buy
2025-12-23,117.6236,16135000,116.4021,118.4807,116.3134,0.0111,0.0730,0.0911,0.0517,0.1544,90.3308,0.0113,0.0338,0.0065,0.9852,-0.2004,1.1457,buy
2025-12-24,119.7515,13529600,117.9290,121.0124,117.4758,0.0181,0.0906,0.0942,0.0609,0.1702,90.9577,0.0115,0.0364,0.0076,1.0134,-0.1615,0.9518,sell
2025-12-26,118.6284,10603700,119.8401,120.2243,117.8896,-0.0094,0.0673,0.0777,0.0430,0.1545,84.2230,0.0129,0.0380,0.0072,0.9122,-0.2163,0.7480,sell
2025-12-29,116.3725,11000600,118.5693,118.7762,116.2247,-0.0190,0.0285,0.0566,0.0176,0.1277,74.0973,0.0153,0.0378,0.0051,0.7807,0.0374,0.7622,sell
2025-12-30,115.4662,8636100,116.5301,116.6483,114.7963,-0.0078,-0.0075,0.0391,0.0059,0.1145,69.9283,0.0158,0.0363,0.0027,0.7191,-0.2149,0.6005,hold
2025-12-31,114.9539,6203300,115.6534,115.8701,114.6387,-0.0044,-0.0227,0.0486,-0.0032,0.1058,65.2339,0.0150,0.0343,0.0004,0.6764,-0.2817,0.4341,buy
2026-01-02,116.9340,9245400,115.4662,116.9537,114.8554,0.0172,-0.0235,0.0650,0.0077,0.1204,67.6292,0.0154,0.0330,-0.0002,0.7657,0.4904,0.6580,buy
2026-01-05,121.4656,19993400,117.5349,122.2537,117.5251,0.0388,0.0239,0.0928,0.0376,0.1578,73.6820,0.0185,0.0339,0.0015,0.9686,1.1625,1.3875,sell
2026-01-06,120.6775,11940100,121.8399,122.3226,120.3918,-0.0065,0.0370,0.0665,0.0242,0.1446,70.1412,0.0188,0.0348,0.0018,0.8800,-0.4028,0.8373,sell
2026-01-07,119.5643,11595800,120.4903,120.7563,118.9043,-0.0092,0.0355,0.0278,0.0120,0.1291,71.2959,0.0177,0.0346,0.0010,0.7906,-0.0288,0.8126,sell
2026-01-08,118.8058,14801500,119.0816,120.5987,118.3723,-0.0063,0.0335,0.0101,0.0046,0.1178,68.8221,0.0177,0.0334,-0.0003,0.7259,0.2765,1.0410,buy
2026-01-09,119.5150,7565700,119.1407,119.9288,118.3624,0.0060,0.0221,-0.0020,0.0108,0.1202,67.9645,0.0168,0.0323,-0.0010,0.7446,-0.4889,0.5495,sell
2026-01-12,115.9489,19926900,115.1608,116.9734,114.9342,-0.0298,-0.0454,-0.0226,-0.0171,0.0829,55.6304,0.0191,0.0297,-0.0037,0.5064,1.6338,1.4010,sell
2026-01-13,114.5697,18332300,115.9686,116.4710,113.8210,-0.0119,-0.0506,-0.0155,-0.0273,0.0668,46.1736,0.0185,0.0259,-0.0063,0.3958,-0.0800,1.2575,sell
2026-01-14,110.7376,27984600,116.1558,116.9833,108.8265,-0.0334,-0.0738,-0.0410,-0.0561,0.0289,36.5422,0.0211,0.0203,-0.0104,0.1345,0.5265,1.8121,buy
2026-01-15,115.7125,18719700,112.1562,116.2050,111.0725,0.0449,-0.0260,0.0066,-0.0143,0.0720,42.8967,0.0262,0.0178,-0.0093,0.4512,-0.3311,1.1880,hold
2026-01-16,116.2838,17153800,116.0474,117.5743,115.2593,0.0049,-0.0270,-0.0056,-0.0089,0.0739,45.7950,0.0256,0.0167,-0.0082,0.4660,-0.0836,1.0643,sell
2026-01-20,111.1218,20451300,112.7571,114.7865,110.7179,-0.0444,-0.0416,-0.0852,-0.0445,0.0242,41.4720,0.0250,0.0127,-0.0107,0.0260,0.1922,1.2716,buy
2026-01-21,112.1660,14199900,111.4567,113.8703,111.4567,0.0094,-0.0210,-0.0705,-0.0284,0.0314,44.6639,0.0257,0.0094,-0.0110,0.1281,-0.3057,0.9524,buy
2026-01-22,113.9393,11271500,112.8655,114.9047,112.3532,0.0158,0.0289,-0.0470,-0.0082,0.0449,48.4236,0.0266,0.0080,-0.0097,0.2899,-0.2062,0.7793,sell
2026-01-23,111.9000,12164400,113.2595,113.9097,111.5158,-0.0179,-0.0329,-0.0581,-0.0200,0.0239,42.1937,0.0270,0.0056,-0.0099,0.1637,0.0792,0.8527,buy
2026-01-26,113.1117,11728700,112.2054,113.7619,112.1660,0.0108,-0.0273,-0.0536,-0.0039,0.0324,35.5586,0.0272,0.0043,-0.0088,0.2810,-0.0358,0.8274,hold
2026-01-27,113.0822,11976800,113.1906,114.2446,112.0084,-0.0003,0.0176,-0.0247,-0.0016,0.0299,36.5163,0.0258,0.0033,-0.0078,0.2999,0.0212,0.8408,hold
2026-01-28,112.5010,11378300,112.8950,113.9885,111.4567,-0.0051,0.0030,-0.0181,-0.0049,0.0221,37.2192,0.0256,0.0021,-0.0073,0.2742,-0.0500,0.7977,buy
2026-01-29,113.4861,14443200,113.1314,114.6288,111.7129,0.0088,-0.0040,0.0248,0.0014,0.0283,40.4526,0.0231,0.0018,-0.0060,0.3592,0.2694,0.9924,hold
2026-01-30,113.9885,12396600,112.7177,114.9145,112.4813,0.0044,0.0187,-0.0149,0.0073,0.0297,40.0071,0.0179,0.0019,-0.0047,0.4018,-0.1417,0.8340,buy
2026-02-02,115.0976,11773700,113.8400,115.8403,113.4835,0.0097,0.0176,-0.0102,0.0182,0.0363,48.3106,0.0181,0.0027,-0.0031,0.4934,-0.0502,0.7854,buy
2026-02-03,116.5632,15332100,115.8601,117.7614,114.2559,0.0127,0.0308,0.0490,0.0262,0.0460,53.9425,0.0101,0.0043,-0.0011,0.6389,0.3022,1.0390,hold
2026-02-04,116.2859,12408300,116.6325,118.7715,115.7908,-0.0024,0.0336,0.0367,0.0201,0.0398,62.7683,0.0102,0.0053,-0.0001,0.6496,-0.1907,0.8395,sell
2026-02-05,114.6124,18704600,115.2758,115.2758,111.8198,-0.0144,0.0099,0.0059,0.0048,0.0217,47.0147,0.0107,0.0050,-0.0004,0.5149,0.5074,1.2358,buy
2026-02-06,121.4947,15248800,116.2166,121.7719,116.2166,0.0600,0.0659,0.0857,0.0563,0.0785,60.5327,0.0200,0.0089,0.0030,1.1443,-0.1848,1.0060,buy
2026-02-09,122.5641,12887500,120.9995,123.9406,120.5044,0.0088,0.0649,0.0836,0.0569,0.0836,77.7136,0.0200,0.0126,0.0055,1.1439,-0.1549,0.8355,sell
2026-02-10,120.9599,12121300,122.5146,123.7821,118.3357,-0.0131,0.0377,0.0697,0.0360,0.0657,70.7365,0.0210,0.0146,0.0059,0.9472,-0.0595,0.8063,sell
2026-02-11,116.2463,13771400,122.3859,123.0295,116.2166,-0.0390,-0.0003,0.0333,-0.0075,0.0216,54.7776,0.0254,0.0133,0.0034,0.5864,0.1361,0.9301,sell
2026-02-12,110.0671,19353300,116.8900,118.0188,109.8591,-0.0532,-0.0397,-0.0301,-0.0575,-0.0342,46.7598,0.0309,0.0078,-0.0021,0.1313,0.4053,1.3464,hold
2026-02-13,109.7799,16665200,108.7005,110.3444,107.3340,-0.0026,-0.0964,-0.0369,-0.0566,-0.0381,43.9111,0.0308,0.0027,-0.0059,0.1520,-0.1389,1.1677,buy
2026-02-17,112.6715,12314600,111.2059,113.3943,110.8989,0.0263,-0.0807,-0.0211,-0.0297,-0.0141,49.3205,0.0321,0.0007,-0.0061,0.3669,-0.2611,0.8778,buy
2026-02-18,115.1372,11678900,113.9192,115.8997,113.8499,0.0219,-0.0481,-0.0122,-0.0073,0.0059,54.1055,0.0326,0.0009,-0.0046,0.5253,-0.0516,0.8593,hold
2026-02-19,114.4242,8085300,113.8697,114.7807,113.0676,-0.0062,-0.0157,-0.0160,-0.0118,-0.0016,51.4735,0.0327,0.0005,-0.0040,0.4658,-0.3077,0.6086,hold
2026-02-20,114.8698,12986800,114.1370,114.9986,112.7309,0.0039,0.0436,0.0022,-0.0082,0.0010,51.3867,0.0324,0.0006,-0.0031,0.4947,0.6062,0.9713,sell
2026-02-23,109.6710,17996400,114.2163,115.7710,107.7994,-0.0453,-0.0010,-0.0973,-0.0433,-0.0446,42.4351,0.0277,-0.0032,-0.0056,0.1391,0.3857,1.3172,sell
2026-02-24,108.4926,14981000,108.3836,110.3146,106.4526,-0.0107,-0.0371,-0.1148,-0.0419,-0.0547,38.6585,0.0269,-0.0070,-0.0076,0.1015,-0.1676,1.0836,buy
2026-02-25,113.2260,13649100,110.2354,113.3944,109.7502,0.0436,-0.0166,-0.0639,0.0068,-0.0140,46.1786,0.0321,-0.0062,-0.0054,0.4098,-0.0889,0.9813,buy
2026-02-26,115.0580,14759400,113.5825,115.8601,113.3448,0.0162,0.0055,-0.0102,0.0242,0.0011,50.5543,0.0305,-0.0043,-0.0028,0.5213,0.0813,1.0484,sell
2026-02-27,109.1164,29106900,112.0773,112.0773,107.6014,-0.0516,-0.0501,-0.0086,-0.0279,-0.0503,34.2331,0.0302,-0.0074,-0.0046,0.1619,0.9721,1.9652,buy
2026-03-02,110.3642,18976600,105.2247,110.7999,105.1653,0.0114,0.0063,0.0053,-0.0173,-0.0396,34.5304,0.0304,-0.0085,-0.0046,0.2578,-0.3480,1.2534,hold
2026-03-03,109.6809,15813300,106.3833,111.2851,105.7100,-0.0062,0.0110,-0.0265,-0.0207,-0.0455,35.3561,0.0291,-0.0099,-0.0048,0.2405,-0.1667,1.0307,hold
2026-03-04,110.2354,13042200,110.5820,111.2356,109.4135,0.0051,-0.0264,-0.0426,-0.0115,-0.0405,41.2511,0.0281,-0.0104,-0.0043,0.2940,-0.1752,0.8565,sell
2026-03-05,107.8885,15549100,109.4927,110.5127,106.8388,-0.0213,-0.0623,-0.0571,-0.0268,-0.0601,46.4309,0.0286,-0.0127,-0.0051,0.1917,0.1922,1.0107,sell
2026-03-06,105.4921,16586900,104.1652,105.5515,102.0856,-0.0222,-0.0332,-0.0816,-0.0403,-0.0792,43.4294,0.0288,-0.0162,-0.0068,0.1100,0.0667,1.0856,hold
2026-03-09,105.5515,18525600,103.4324,106.0070,101.0161,0.0006,-0.0436,-0.0376,-0.0362,-0.0767,38.0525,0.0257,-0.0186,-0.0074,0.1409,0.1169,1.1996,buy
2026-03-10,107.9083,17843900,107.3538,109.8294,106.3239,0.0223,-0.0162,-0.0054,-0.0141,-0.0542,37.8252,0.0268,-0.0180,-0.0056,0.2797,-0.0368,1.1373,hold
2026-03-11,108.1262,12958400,107.2845,108.4728,106.4328,0.0020,-0.0191,-0.0450,-0.0075,-0.0505,39.2130,0.0221,-0.0175,-0.0041,0.3006,-0.2738,0.8237,sell
2026-03-12,104.4721,17487000,105.3238,105.9575,103.6205,-0.0338,-0.0317,-0.0920,-0.0316,-0.0807,33.9548,0.0225,-0.0203,-0.0052,0.0644,0.3495,1.0986,hold
2026-03-13,104.6603,11406900,105.0861,106.8488,104.3632,0.0018,-0.0079,-0.0408,-0.0259,-0.0773,40.8532,0.0171,-0.0217,-0.0052,0.1255,-0.3477,0.7349,buy
2026-03-16,106.3041,11902600,106.2645,107.6311,105.5713,0.0157,0.0071,-0.0368,-0.0068,-0.0613,46.0718,0.0176,-0.0209,-0.0037,0.2630,0.0435,0.7788,hold
2026-03-17,106.6606,12758400,107.4429,108.6708,106.3734,0.0034,-0.0116,-0.0275,-0.0006,-0.0565,36.0185,0.0177,-0.0200,-0.0023,0.3086,0.0719,0.8336,buy
2026-03-18,107.6113,12337200,106.0665,108.4827,106.0665,0.0089,-0.0048,-0.0238,0.0107,-0.0457,33.5232,0.0179,-0.0182,-0.0006,0.3949,-0.0330,0.8044,buy
2026-03-19,108.7797,16714500,106.2843,109.5026,105.7892,0.0109,0.0412,0.0083,0.0209,-0.0333,49.0555,0.0170,-0.0157,0.0014,0.5059,0.3548,1.0600,hold
2026-03-20,108.4530,29718400,108.5322,110.1265,107.7994,-0.0030,0.0362,0.0281,0.0150,-0.0343,44.3468,0.0150,-0.0140,0.0025,0.5062,0.7780,1.7897,buy
2026-03-23,110.5523,16883200,112.0278,112.2853,109.8888,0.0194,0.0400,0.0474,0.0298,-0.0142,52.3784,0.0158,-0.0107,0.0044,0.6979,-0.4319,1.0201,buy
2026-03-24,112.6319,14105700,109.0966,113.6815,108.4233,0.0188,0.0560,0.0438,0.0446,0.0056,56.0379,0.0155,-0.0066,0.0066,0.8516,-0.1645,0.8546,buy
2026-03-25,113.3646,11314900,113.8697,114.9986,112.4833,0.0065,0.0535,0.0484,0.0463,0.0126,65.0190,0.0154,-0.0030,0.0081,0.9138,-0.1978,0.6904,sell
2026-03-26,111.3148,12689900,112.9487,113.6716,110.4830,-0.0181,0.0233,0.0655,0.0209,-0.0051,66.2791,0.0113,-0.0015,0.0078,0.7844,0.1215,0.7792,sell
2026-03-27,106.3338,23143000,109.9879,110.7702,105.9179,-0.0447,-0.0195,0.0160,-0.0263,-0.0489,51.7152,0.0198,-0.0041,0.0045,0.3053,0.8237,1.4475,hold
2026-03-30,106.2249,20319300,107.4033,108.3539,105.4822,-0.0010,-0.0391,-0.0007,-0.0272,-0.0483,45.9056,0.0192,-0.0061,0.0020,0.3144,-0.1220,1.2656,buy
2026-03-31,112.3051,18267700,108.0371,112.6616,107.2944,0.0572,-0.0029,0.0529,0.0232,0.0069,57.9086,0.0264,-0.0029,0.0038,0.8774,-0.1010,1.1292,buy
2026-04-01,114.1767,13273700,114.3450,115.6521,112.9586,0.0167,0.0072,0.0610,0.0341,0.0232,69.6945,0.0266,0.0007,0.0059,0.9822,-0.2734,0.8199,hold
2026-04-02,114.1271,9833900,111.2257,114.4836,110.6612,-0.0004,0.0253,0.0492,0.0287,0.0224,69.3209,0.0267,0.0035,0.0069,0.9161,-0.2591,0.6183,buy
2026-04-06,116.2166,13319700,114.6718,116.5533,114.6718,0.0183,0.0929,0.0716,0.0402,0.0407,69.8690,0.0268,0.0069,0.0082,0.9899,0.3545,0.8462,hold
2026-04-07,115.9888,8450100,115.3452,116.5533,114.6223,-0.0020,0.0919,0.0492,0.0331,0.0379,68.7949,0.0266,0.0095,0.0086,0.9152,-0.3656,0.5546,buy
2026-04-08,122.2869,16312000,120.7619,123.2771,120.5440,0.0543,0.0889,0.0857,0.0799,0.0924,74.3270,0.0307,0.0148,0.0113,1.1369,0.9304,1.0760,buy
2026-04-09,123.7029,8835400,121.6135,124.2575,121.1382,0.0116,0.0834,0.0912,0.0826,0.1030,74.5360,0.0307,0.0200,0.0131,1.0706,-0.4583,0.5909,hold
2026-04-10,123.1781,8958000,124.0198,124.2476,122.4057,-0.0042,0.0793,0.1066,0.0669,0.0962,74.0537,0.0296,0.0237,0.0134,0.9721,0.0139,0.6166,buy
2026-04-13,125.0497,14416800,121.8115,125.0794,121.1580,0.0152,0.0760,0.1760,0.0658,0.1106,73.8592,0.0223,0.0270,0.0136,0.9778,0.6094,0.9822,buy
2026-04-14,128.3175,17034700,126.8222,129.7138,125.6141,0.0261,0.1063,0.2080,0.0735,0.1367,74.8431,0.0216,0.0309,0.0142,1.0136,0.1816,1.1406,buy
2026-04-15,130.4070,14738900,129.9713,131.5656,129.2979,0.0163,0.0664,0.1612,0.0747,0.1521,75.8797,0.0170,0.0349,0.0148,1.0004,-0.1348,0.9804,sell
2026-04-16,128.0799,9290300,129.9614,131.4765,127.9610,-0.0178,0.0354,0.1218,0.0435,0.1292,75.2460,0.0199,0.0372,0.0134,0.8747,-0.3697,0.6243,buy
2026-04-17,130.8922,15929400,129.8029,132.2687,129.3870,0.0220,0.0626,0.1469,0.0521,0.1511,89.5660,0.0196,0.0390,0.0125,0.9090,0.7146,1.0733,buy
2026-04-20,131.7537,10151800,130.6941,132.1399,130.3674,0.0066,0.0536,0.1337,0.0459,0.1552,90.1558,0.0197,0.0408,0.0117,0.8864,-0.3627,0.7323,sell
2026-04-21,130.3971,8081400,132.2984,133.9719,129.9812,-0.0103,0.0162,0.1242,0.0235,0.1415,83.4248,0.0205,0.0416,0.0097,0.8109,-0.2039,0.6020,sell
2026-04-22,128.4661,10439100,131.1200,131.1794,128.1393,-0.0148,-0.0149,0.0505,0.0034,0.1234,76.3417,0.0158,0.0409,0.0068,0.7299,0.2917,0.7885,sell
2026-04-23,127.2579,9084600,128.2284,128.7235,125.6042,-0.0094,-0.0064,0.0287,-0.0087,0.1116,73.2143,0.0162,0.0389,0.0036,0.6753,-0.1298,0.6920,hold
2026-04-24,126.7331,6835000,127.0302,127.8026,126.2578,-0.0041,-0.0318,0.0289,-0.0156,0.1050,69.6812,0.0162,0.0365,0.0008,0.6414,-0.2476,0.5325,buy
2026-04-27,127.8818,6155900,126.6143,128.1393,126.3964,0.0091,-0.0294,0.0226,-0.0088,0.1116,71.5156,0.0158,0.0344,-0.0007,0.6591,-0.0994,0.5136,hold
2026-04-28,127.2778,9585300,129.1890,130.0307,126.7628,-0.0047,-0.0239,-0.0081,-0.0127,0.1030,61.3718,0.0135,0.0325,-0.0023,0.6216,0.5571,0.8372,sell
2026-04-29,126.3667,12796000,127.3075,127.6640,125.3468,-0.0072,-0.0163,-0.0310,-0.0167,0.0925,56.2125,0.0122,0.0301,-0.0039,0.5640,0.3350,1.1449,hold
2026-04-30,126.7331,12127700,126.4558,127.6640,125.3170,0.0029,-0.0041,-0.0105,-0.0128,0.0935,58.3527,0.0111,0.0278,-0.0049,0.5585,-0.0522,1.0907,sell
2026-05-01,126.1984,10616500,127.3867,129.2088,125.6240,-0.0042,-0.0042,-0.0359,-0.0134,0.0866,52.8799,0.0076,0.0256,-0.0058,0.5023,-0.1246,0.9515,sell
2026-05-04,124.9945,15027900,126.2183,126.4073,123.9697,-0.0095,-0.0226,-0.0513,-0.0176,0.0744,40.7073,0.0069,0.0229,-0.0070,0.3876,0.4155,1.3366,buy
2026-05-05,127.3624,13566900,125.6711,127.9296,125.4124,0.0189,0.0007,-0.0233,0.0034,0.0914,41.6167,0.0100,0.0215,-0.0063,0.5192,-0.0972,1.1798,sell
2026-05-06,126.9545,13363800,129.8299,130.9144,126.8252,-0.0032,0.0047,-0.0118,0.0014,0.0845,46.5351,0.0090,0.0202,-0.0061,0.4510,-0.0150,1.1772,buy
2026-05-07,128.4370,18802300,126.9744,130.5662,126.4173,0.0117,0.0134,0.0093,0.0122,0.0943,41.7662,0.0093,0.0197,-0.0051,0.5948,0.4070,1.5867,sell
2026-05-08,124.9149,17505500,129.5314,131.2825,124.5866,-0.0274,-0.0102,-0.0143,-0.0142,0.0625,30.5382,0.0130,0.0175,-0.0064,0.1391,-0.0690,1.4258,hold
2026-05-11,125.2134,11377100,125.2333,127.4421,124.0593,0.0024,0.0018,-0.0209,-0.0097,0.0622,34.3030,0.0125,0.0153,-0.0068,0.1745,-0.3501,0.9383,buy
2026-05-12,125.8004,9937100,125.4323,125.9198,122.6265,0.0047,-0.0123,-0.0116,-0.0039,0.0644,41.2127,0.0127,0.0137,-0.0066,0.2715,-0.1266,0.8442,sell
2026-05-13,123.4722,7207100,124.3677,125.2134,123.1340,-0.0185,-0.0274,-0.0229,-0.0201,0.0422,38.3787,0.0137,0.0112,-0.0077,0.0415,-0.2747,0.6325,buy
2026-05-14,124.1886,8226300,124.4473,125.7109,122.8554,0.0058,-0.0331,-0.0201,-0.0124,0.0458,42.2796,0.0139,0.0092,-0.0076,0.1678,0.1414,0.7254,sell
2026-05-15,122.7957,7762100,123.8503,123.8702,122.1092,-0.0112,-0.0170,-0.0270,-0.0209,0.0315,34.7934,0.0142,0.0068,-0.0081,0.0544,-0.0564,0.7100,sell
2026-05-18,121.7908,8770600,122.6862,123.8205,121.1938,-0.0082,-0.0273,-0.0256,-0.0264,0.0203,33.9790,0.0141,0.0042,-0.0087,-0.0257,0.1299,0.8074,sell
2026-05-19,119.3631,11092200,120.8356,120.8356,119.1542,-0.0199,-0.0512,-0.0628,-0.0397,-0.0024,31.2145,0.0128,0.0004,-0.0102,-0.1666,0.2647,1.0071,buy
2026-05-20,124.1886,11182000,120.3581,124.6463,119.2835,0.0404,0.0058,-0.0218,0.0014,0.0351,44.4924,0.0197,0.0006,-0.0077,0.3666,0.0081,1.0118,hold
2026-05-21,124.5866,6834900,123.4026,124.8154,122.6564,0.0032,0.0032,-0.0300,0.0077,0.0356,46.4905,0.0192,0.0010,-0.0058,0.4240,-0.3888,0.6248,hold
2026-05-22,124.4572,6331000,125.3527,125.8501,124.2483,-0.0010,0.0135,-0.0037,0.0071,0.0311,48.7727,0.0171,0.0012,-0.0045,0.4216,-0.0737,0.5801,buy
2026-05-26,126.2183,8966900,125.6114,126.7854,124.6264,0.0141,0.0364,0.0080,0.0205,0.0420,47.3119,0.0177,0.0025,-0.0025,0.6356,0.4163,0.8112,sell
2026-05-27,124.7557,8246300,126.4471,127.1237,123.8304,-0.0116,0.0452,-0.0083,0.0095,0.0268,45.0780,0.0181,0.0026,-0.0020,0.4777,-0.0804,0.7505,sell
2026-05-28,124.0493,7933200,123.8404,124.7159,122.6166,-0.0057,-0.0011,0.0047,0.0033,0.0180,39.8246,0.0171,0.0021,-0.0020,0.4052,-0.0380,0.7384,buy
2026-05-29,125.2631,17325700,124.0195,126.2083,122.8952,0.0098,0.0054,0.0087,0.0123,0.0250,50.9044,0.0173,0.0025,-0.0012,0.5643,1.1839,1.5745,buy
2026-06-01,128.4370,12543700,123.4523,128.4470,122.9748,0.0253,0.0320,0.0459,0.0332,0.0476,57.2842,0.0183,0.0047,0.0008,0.9179,-0.2760,1.1300,buy
2026-06-02,130.5960,13589300,128.0390,131.7900,128.0390,0.0168,0.0347,0.0723,0.0432,0.0614,60.1175,0.0180,0.0076,0.0031,1.0467,0.0834,1.2322,sell
2026-06-03,129.2727,11146400,130.2677,131.1830,127.6211,-0.0101,0.0362,0.0830,0.0245,0.0475,62.7795,0.0166,0.0092,0.0036,0.8854,-0.1798,1.0219,buy
2026-06-04,134.4663,11482600,130.6060,134.9837,130.2080,0.0402,0.0840,0.0828,0.0570,0.0857,68.9125,0.0165,0.0129,0.0061,1.1665,0.0302,1.0619,sell
2026-06-05,131.7999,12557900,134.7250,135.1429,130.5264,-0.0198,0.0522,0.0579,0.0302,0.0610,65.8272,0.0187,0.0147,0.0062,0.9240,0.0936,1.1959,buy
2026-06-08,132.6058,11550500,132.7252,134.1977,132.2974,0.0061,0.0325,0.0655,0.0300,0.0639,69.1441,0.0186,0.0161,0.0061,0.9178,-0.0802,1.1321,buy
2026-06-09,134.0485,11663300,134.0485,135.2424,131.2527,0.0109,0.0264,0.0620,0.0349,0.0707,76.9343,0.0185,0.0177,0.0063,0.9401,0.0098,1.1415,sell
2026-06-10,132.7053,15085500,133.5112,136.4264,131.8894,-0.0100,0.0266,0.0637,0.0183,0.0555,67.9079,0.0183,0.0183,0.0054,0.8243,0.2934,1.4402,buy
2026-06-11,137.3716,12464200,133.7201,137.5308,133.1331,0.0352,0.0216,0.1074,0.0434,0.0882,72.7918,0.0198,0.0206,0.0065,0.9938,-0.1738,1.1608,buy
2026-06-12,139.1227,10359700,139.0431,140.4061,137.5109,0.0127,0.0556,0.1106,0.0457,0.0978,74.7150,0.0198,0.0233,0.0075,0.9901,-0.1688,0.9553,buy
2026-06-15,140.4957,12775600,141.7095,142.8338,140.1674,0.0099,0.0595,0.0939,0.0465,0.1040,74.3799,0.0192,0.0259,0.0082,0.9728,0.2332,1.1515,buy
2026-06-16,142.2667,13234700,142.3164,142.7741,140.3365,0.0126,0.0613,0.0894,0.0506,0.1134,79.5898,0.0190,0.0284,0.0088,0.9729,0.0359,1.1693,hold
2026-06-17,143.0527,13140300,142.4756,145.7987,142.3164,0.0055,0.0780,0.1066,0.0458,0.1148,82.0255,0.0179,0.0306,0.0089,0.9528,-0.0071,1.1506,hold
2026-06-18,142.3363,29331200,145.7490,147.2115,142.3164,-0.0050,0.0361,0.0585,0.0346,0.1058,79.2633,0.0150,0.0319,0.0080,0.8777,1.2322,2.3792,buy
2026-06-22,144.9331,14979400,143.9780,145.6296,143.7491,0.0182,0.0418,0.0996,0.0435,0.1222,78.8448,0.0124,0.0333,0.0078,0.9189,-0.4893,1.1762,sell
2026-06-23,144.2367,13297300,143.4009,145.4007,142.4159,-0.0048,0.0266,0.0877,0.0298,0.1132,75.1375,0.0132,0.0342,0.0069,0.8542,-0.1123,1.0163,sell
2026-06-24,142.8636,13904300,144.2566,145.1819,142.4557,-0.0095,0.0042,0.0658,0.0137,0.0996,75.0000,0.0143,0.0339,0.0051,0.7762,0.0456,1.0430,buy
2026-06-25,144.2466,12155900,144.1571,147.0424,144.0874,0.0097,0.0083,0.0870,0.0152,0.1075,70.9238,0.0131,0.0335,0.0040,0.7989,-0.1257,0.8987,sell
2026-06-26,141.0429,17927100,143.8984,144.3660,140.0480,-0.0222,-0.0091,0.0267,-0.0099,0.0812,69.3300,0.0126,0.0321,0.0015,0.6618,0.4748,1.2782,buy
2026-06-29,141.7692,9526100,141.1324,143.1124,140.7146,0.0051,-0.0218,0.0190,-0.0067,0.0845,69.2275,0.0122,0.0302,-0.0002,0.6744,-0.4686,0.6986,sell
2026-06-30,139.2520,22118600,140.2867,141.1822,138.6749,-0.0178,-0.0346,-0.0089,-0.0235,0.0638,60.4475,0.0133,0.0276,-0.0027,0.5405,1.3219,1.5671,hold
2026-07-01,139.4212,13702800,139.5306,140.5653,137.5606,0.0012,-0.0241,-0.0200,-0.0203,0.0639,64.1509,0.0124,0.0249,-0.0043,0.5291,-0.3805,0.9704,hold
2026-07-02,139.2620,9500100,141.1623,141.3911,137.5208,-0.0011,-0.0346,-0.0265,-0.0188,0.0612,54.9172,0.0122,0.0224,-0.0054,0.4939,-0.3067,0.6767,buy
2026-07-06,143.1323,14139700,141.1523,143.1621,140.8439,0.0278,0.0148,0.0056,0.0079,0.0883,59.3939,0.0154,0.0218,-0.0042,0.7026,0.4884,0.9978,sell
2026-07-07,140.0579,9737600,143.3313,143.9780,139.9485,-0.0215,-0.0121,-0.0336,-0.0104,0.0628,49.0501,0.0155,0.0203,-0.0050,0.4895,-0.3113,0.6941,sell
2026-07-08,136.6950,9831400,139.4311,139.5306,136.4562,-0.0240,-0.0184,-0.0523,-0.0290,0.0358,38.6914,0.0169,0.0170,-0.0072,0.2188,0.0096,0.7051,buy
2026-07-09,138.8640,10269000,138.0581,139.1326,137.3119,0.0159,-0.0040,-0.0280,-0.0108,0.0505,41.9503,0.0180,0.0149,-0.0071,0.3496,0.0445,0.7402,buy
2026-07-10,140.0778,10517800,140.6748,140.7245,139.0431,0.0087,0.0059,-0.0289,0.0009,0.0576,45.7411,0.0179,0.0138,-0.0064,0.3983,0.0242,0.7708,hold
2026-07-13,139.9982,12439900,140.3862,140.7544,136.8741,-0.0006,-0.0219,-0.0074,0.0010,0.0548,39.7181,0.0166,0.0129,-0.0059,0.3673,0.1827,0.9117,sell
2026-07-14,132.5959,32127800,137.0432,143.5601,131.4915,-0.0529,-0.0533,-0.0647,-0.0456,-0.0018,31.0434,0.0232,0.0082,-0.0093,-0.2152,1.5826,2.1807,buy
2026-07-15,134.2077,18092200,133.4018,134.4365,131.1034,0.0122,-0.0182,-0.0362,-0.0305,0.0091,36.0129,0.0235,0.0048,-0.0100,0.0129,-0.4369,1.2063,sell
2026-07-16,131.0437,13763500,134.0385,134.3171,130.5463,-0.0236,-0.0563,-0.0601,-0.0476,-0.0156,29.8267,0.0242,0.0003,-0.0119,-0.0808,-0.2393,0.9160,sell
2026-07-17,128.7056,15691900,128.7852,130.5861,126.4372,-0.0178,-0.0812,-0.0758,-0.0574,-0.0334,30.6371,0.0245,-0.0048,-0.0138,-0.0840,0.1401,1.0356,hold
2026-07-20,128.0689,10961300,128.9046,130.6060,127.7903,-0.0049,-0.0852,-0.1052,-0.0516,-0.0383,28.4372,0.0212,-0.0093,-0.0146,-0.0141,-0.3015,0.7701,buy
2026-07-21,132.1680,11224200,128.9146,132.8645,128.5166,0.0320,-0.0032,-0.0563,-0.0155,-0.0081,39.3794,0.0246,-0.0097,-0.0119,0.2163,0.0240,0.7991,hold
2026-07-22,131.5810,10635500,132.0486,133.2326,131.4318,-0.0044,-0.0196,-0.0374,-0.0161,-0.0135,38.3913,0.0238,-0.0106,-0.0103,0.2160,-0.0524,0.7644,hold
2026-07-23,131.2129,10724500,129.8399,131.7999,129.3623,-0.0028,0.0013,-0.0551,-0.0132,-0.0171,38.1552,0.0228,-0.0114,-0.0088,0.2262,0.0084,0.7797,hold
2026-07-24,131.5213,10822000,131.5711,132.6058,130.7353,0.0024,0.0219,-0.0611,-0.0045,-0.0157,30.9126,0.0224,-0.0117,-0.0073,0.2637,0.0091,0.7906,buy
2026-07-27,132.4267,12451600,133.5709,134.6653,130.3572,0.0069,0.0340,-0.0541,0.0082,-0.0102,36.4917,0.0228,-0.0111,-0.0054,0.3305,0.1506,0.9283,hold
2026-07-28,131.7999,9420800,132.1083,132.3272,130.0886,-0.0047,-0.0028,-0.0060,0.0040,-0.0160,40.4056,0.0155,-0.0111,-0.0043,0.3173,-0.2434,0.7026,sell
2026-07-29,126.4869,12942600,131.0935,131.7601,126.1387,-0.0403,-0.0387,-0.0575,-0.0308,-0.0562,28.4027,0.0192,-0.0147,-0.0061,0.0843,0.3738,0.9994,buy
2026-07-30,131.6507,10467700,128.3176,131.9093,128.1485,0.0408,0.0033,0.0046,0.0083,-0.0191,37.0766,0.0230,-0.0131,-0.0039,0.3706,-0.1912,0.8186,hold
2026-07-31,131.7800,9604900,132.8744,134.7549,131.2726,0.0010,0.0020,0.0239,0.0070,-0.0200,37.4162,0.0221,-0.0122,-0.0024,0.3943,-0.0824,0.7508,buy
2026-08-03,133.5700,8084100,132.4700,133.6200,131.1800,0.0136,0.0086,0.0430,0.0164,-0.0080,51.8012,0.0221,-0.0101,-0.0003,0.5217,-0.1583,0.6472,buy
