date,close,volume,open,high,low,return_1d,return_5d,return_10d,price_vs_ma10,price_vs_ma50,rsi_14,volatility_10d,macd_norm,macd_hist_norm,bb_position,volume_change,volume_vs_avg20,label
2021-09-10,333.7495,1903000,348.7982,348.9662,331.8078,-0.0375,-0.0636,-0.0310,-0.0384,-0.0579,34.8670,0.0200,-0.0078,-0.0018,-0.2075,1.4025,2.0260,buy
2021-09-13,344.1399,1287500,336.1861,347.9020,334.5711,0.0311,-0.0237,-0.0078,-0.0077,-0.0278,44.9219,0.0226,-0.0075,-0.0014,0.3026,-0.3234,1.3603,hold
2021-09-14,342.1140,1025500,345.5121,346.4270,340.6017,-0.0059,-0.0268,-0.0080,-0.0127,-0.0326,43.9860,0.0226,-0.0079,-0.0014,0.2276,-0.2035,1.0722,buy
2021-09-15,349.6290,1652100,341.2552,353.4752,341.2552,0.0220,0.0127,0.0014,0.0088,-0.0108,51.5400,0.0234,-0.0063,0.0001,0.6165,0.6110,1.6696,hold
2021-09-16,350.0211,1110400,350.2639,354.5021,348.4061,0.0011,0.0094,0.0182,0.0081,-0.0091,53.8574,0.0228,-0.0049,0.0012,0.6251,-0.3279,1.0998,buy
2021-09-17,354.2967,1845000,349.1249,356.1358,348.9195,0.0122,0.0616,-0.0059,0.0210,0.0032,55.0080,0.0197,-0.0028,0.0026,0.8204,0.6616,1.7343,sell
2021-09-20,351.8509,1084800,350.7587,353.1298,348.4155,-0.0069,0.0224,-0.0018,0.0142,-0.0032,54.6472,0.0195,-0.0017,0.0030,0.6992,-0.4120,0.9938,hold
2021-09-21,353.8766,927800,353.6899,356.7426,352.4483,0.0058,0.0344,0.0067,0.0193,0.0034,53.2634,0.0196,-0.0003,0.0034,0.7855,-0.1447,0.8394,sell
2021-09-22,350.5345,1011600,354.7448,357.3494,350.2171,-0.0094,0.0026,0.0153,0.0082,-0.0050,54.7775,0.0189,-0.0000,0.0030,0.6247,0.0903,0.8978,buy
2021-09-23,355.0249,794600,351.0481,357.4148,350.5346,0.0128,0.0143,0.0239,0.0187,0.0085,48.9007,0.0192,0.0012,0.0034,0.8089,-0.2145,0.7034,hold
2021-09-24,355.9865,655300,354.9876,357.2934,353.2419,0.0027,0.0048,0.0666,0.0149,0.0120,52.9397,0.0131,0.0024,0.0036,0.8163,-0.1753,0.5808,buy
2021-09-27,362.6613,1209500,354.5768,364.2389,354.5768,0.0188,0.0307,0.0538,0.0285,0.0312,58.5172,0.0109,0.0047,0.0047,1.0102,0.8457,1.0486,sell
2021-09-28,360.0660,1467000,360.3367,363.4080,357.1627,-0.0072,0.0175,0.0525,0.0160,0.0237,62.0266,0.0111,0.0059,0.0048,0.8614,0.2129,1.2258,buy
2021-09-29,362.9600,948300,359.9540,363.1187,357.5548,0.0080,0.0354,0.0381,0.0203,0.0319,62.8647,0.0095,0.0074,0.0050,0.9102,-0.3536,0.8235,sell
2021-09-30,348.0233,1321200,363.2867,365.4152,347.7899,-0.0412,-0.0197,-0.0057,-0.0211,-0.0101,60.9857,0.0172,0.0054,0.0024,0.3810,0.3932,1.1648,buy
2021-10-01,350.9454,1213500,349.4610,352.0936,339.2201,0.0084,-0.0142,-0.0095,-0.0120,-0.0014,55.9182,0.0169,0.0042,0.0009,0.4946,-0.0815,1.0743,sell
2021-10-04,345.5962,943000,350.0678,355.0529,344.2705,-0.0152,-0.0471,-0.0178,-0.0253,-0.0160,52.8627,0.0174,0.0021,-0.0010,0.3166,-0.2229,0.8236,buy
2021-10-05,348.7235,1001200,346.5950,352.6257,346.5950,0.0090,-0.0315,-0.0146,-0.0151,-0.0069,49.1977,0.0176,0.0010,-0.0016,0.4330,0.0617,0.8667,sell
2021-10-06,345.4841,1397300,345.8669,346.3430,339.5095,-0.0093,-0.0481,-0.0144,-0.0228,-0.0156,46.1732,0.0176,-0.0005,-0.0026,0.3172,0.3956,1.1846,buy
2021-10-07,355.3610,896900,349.8064,358.1056,347.4259,0.0286,0.0211,0.0009,0.0050,0.0125,50.8202,0.0196,0.0005,-0.0012,0.6530,-0.3581,0.7570,buy
2021-10-08,360.5048,773700,357.0321,360.6262,354.6889,0.0145,0.0272,0.0127,0.0183,0.0270,56.4028,0.0201,0.0024,0.0006,0.8353,-0.1374,0.6857,sell
2021-10-11,355.5944,837200,361.3356,362.6519,355.0249,-0.0136,0.0289,-0.0195,0.0064,0.0131,51.2189,0.0196,0.0029,0.0008,0.6141,0.0821,0.7571,sell
2021-10-12,352.4017,973100,355.5944,356.9294,351.5802,-0.0090,0.0105,-0.0213,-0.0004,0.0046,51.3277,0.0197,0.0025,0.0003,0.4480,0.1623,0.8821,hold
2021-10-13,350.4972,1103400,352.5230,352.5230,345.4094,-0.0054,0.0145,-0.0343,-0.0023,0.0002,46.6574,0.0194,0.0017,-0.0004,0.3530,0.1339,1.0257,buy
2021-10-14,364.7430,1753900,361.9423,372.6314,361.1395,0.0406,0.0264,0.0480,0.0333,0.0410,55.4044,0.0189,0.0041,0.0017,0.9644,0.5895,1.5831,buy
2021-10-15,366.9275,1145500,366.4234,368.2718,363.4267,0.0060,0.0178,0.0455,0.0348,0.0463,52.7876,0.0188,0.0064,0.0032,0.9765,-0.3469,1.0676,sell
2021-10-18,362.4091,928100,365.6112,366.7408,361.5596,-0.0123,0.0192,0.0486,0.0172,0.0329,51.4935,0.0185,0.0073,0.0033,0.7695,-0.1898,0.8714,buy
2021-10-19,367.5810,1319500,364.9297,370.8857,364.7524,0.0143,0.0431,0.0541,0.0263,0.0466,52.8622,0.0187,0.0089,0.0039,0.9089,0.4217,1.2165,buy
2021-10-20,395.8672,2376600,373.4156,397.1649,373.4156,0.0770,0.1294,0.1458,0.0900,0.1242,75.4291,0.0285,0.0151,0.0084,1.3370,0.8011,2.0613,buy
2021-10-21,401.8045,1606600,392.0863,402.0752,391.6569,0.0150,0.1016,0.1307,0.0924,0.1372,76.1922,0.0281,0.0211,0.0116,1.1952,-0.3240,1.3461,hold
2021-10-22,404.5398,910300,402.4114,406.9857,399.3307,0.0068,0.1025,0.1221,0.0868,0.1410,81.1956,0.0281,0.0262,0.0134,1.0859,-0.4334,0.7546,hold
2021-10-25,405.6788,893900,404.5585,407.3218,402.4954,0.0028,0.1194,0.1408,0.0754,0.1401,80.7913,0.0269,0.0301,0.0138,1.0033,-0.0180,0.7509,hold
2021-10-26,407.2470,1107800,407.2004,409.5342,400.5349,0.0039,0.1079,0.1556,0.0641,0.1408,84.0048,0.0260,0.0330,0.0135,0.9482,0.2393,0.9448,hold
2021-10-27,404.8572,962200,407.7979,410.6638,404.4838,-0.0059,0.0227,0.1551,0.0430,0.1309,79.6997,0.0260,0.0348,0.0121,0.8727,-0.1314,0.8201,hold
2021-10-28,404.5585,989200,403.7837,407.4992,402.8968,-0.0007,0.0069,0.1092,0.0317,0.1264,78.0659,0.0247,0.0356,0.0103,0.8305,0.0281,0.8552,hold
2021-10-29,406.2108,844700,403.7370,406.7896,401.9446,0.0041,0.0041,0.1071,0.0256,0.1274,83.6436,0.0248,0.0360,0.0086,0.8119,-0.1461,0.7421,sell
2021-11-01,400.2642,1002400,407.3124,410.0104,394.8310,-0.0146,-0.0133,0.1045,0.0010,0.1079,80.6895,0.0250,0.0353,0.0061,0.7283,0.1867,0.8784,sell
2021-11-02,392.2731,1291300,402.3367,402.3553,390.5554,-0.0200,-0.0368,0.0672,-0.0250,0.0834,74.8474,0.0267,0.0330,0.0026,0.6281,0.2882,1.1174,buy
2021-11-03,396.4086,1160000,387.8854,397.1368,385.7943,0.0105,-0.0209,0.0014,-0.0149,0.0920,71.4088,0.0109,0.0308,0.0005,0.6531,-0.1017,1.0142,sell
2021-11-04,394.5229,924900,396.7541,397.1555,389.6125,-0.0048,-0.0248,-0.0181,-0.0178,0.0840,68.7326,0.0096,0.0288,-0.0013,0.6142,-0.2027,0.8076,hold
2021-11-05,394.0095,944900,396.7541,401.8326,392.9079,-0.0013,-0.0300,-0.0260,-0.0165,0.0797,72.6848,0.0092,0.0267,-0.0028,0.5916,0.0216,0.8190,buy
2021-11-08,398.2385,636100,394.9711,399.4427,393.1600,0.0107,-0.0051,-0.0183,-0.0041,0.0882,72.3099,0.0100,0.0253,-0.0031,0.6240,-0.3268,0.5562,buy
2021-11-09,401.5338,859400,397.1275,401.8326,395.3538,0.0083,0.0236,-0.0140,0.0056,0.0938,56.4810,0.0104,0.0246,-0.0029,0.6482,0.3510,0.7552,sell
2021-11-10,396.6981,872700,404.0357,406.8270,395.3258,-0.0120,0.0007,-0.0202,-0.0045,0.0778,44.0089,0.0108,0.0232,-0.0036,0.5563,0.0155,0.7747,buy
2021-11-11,402.0472,826500,397.0435,402.4020,394.6536,0.0135,0.0191,-0.0062,0.0096,0.0889,47.2445,0.0119,0.0224,-0.0033,0.6271,-0.0529,0.7652,buy
2021-11-12,407.9659,977400,404.3998,408.7781,402.8314,0.0147,0.0354,0.0043,0.0240,0.1019,52.2867,0.0128,0.0226,-0.0021,0.7233,0.1826,0.9120,sell
2021-11-15,405.5200,1116000,407.4338,409.0488,404.2317,-0.0060,0.0183,0.0131,0.0165,0.0921,48.3031,0.0119,0.0225,-0.0020,0.6721,0.1418,1.0323,sell
2021-11-16,401.8512,983500,405.5201,407.9566,401.6458,-0.0090,0.0008,0.0244,0.0049,0.0793,47.1188,0.0101,0.0214,-0.0026,0.5387,-0.1187,0.9241,hold
2021-11-17,401.1230,1644200,402.6447,405.1279,398.1731,-0.0018,0.0112,0.0119,0.0019,0.0741,46.7340,0.0098,0.0201,-0.0032,0.4869,0.6718,1.5999,sell
2021-11-18,397.5756,1592900,402.2900,404.8292,397.1182,-0.0088,-0.0111,0.0077,-0.0077,0.0618,42.0764,0.0101,0.0183,-0.0042,0.3108,-0.0312,1.5510,sell
2021-11-19,387.6147,1064100,397.1928,397.1928,386.5131,-0.0251,-0.0499,-0.0162,-0.0310,0.0322,39.1893,0.0130,0.0148,-0.0065,-0.0731,-0.3320,1.0284,buy
2021-11-22,391.5262,1034900,391.6009,397.6783,389.0430,0.0101,-0.0345,-0.0169,-0.0196,0.0400,49.3138,0.0130,0.0123,-0.0071,0.1469,-0.0274,0.9934,buy
2021-11-23,395.5031,1026900,390.8540,396.3339,388.6042,0.0102,-0.0158,-0.0150,-0.0081,0.0476,49.1656,0.0131,0.0110,-0.0066,0.3401,-0.0077,0.9896,hold
2021-11-24,396.5580,732500,394.8216,397.2115,392.7212,0.0027,-0.0114,-0.0004,-0.0054,0.0478,51.9043,0.0126,0.0101,-0.0059,0.4043,-0.2867,0.7138,sell
2021-11-26,387.9041,627600,393.9441,395.2044,384.0113,-0.0218,-0.0243,-0.0352,-0.0237,0.0228,45.0424,0.0134,0.0078,-0.0069,0.0634,-0.1432,0.6225,hold
2021-11-29,388.5576,765900,390.5554,391.3862,385.5703,0.0017,0.0024,-0.0476,-0.0172,0.0227,41.6546,0.0120,0.0058,-0.0071,0.1308,0.2204,0.7627,sell
2021-11-30,379.2315,2238600,385.9717,387.4187,378.3820,-0.0240,-0.0314,-0.0648,-0.0344,-0.0033,32.5849,0.0134,0.0023,-0.0087,-0.1091,1.9228,2.1000,hold
2021-12-01,377.7566,1414100,384.3287,388.2682,377.2618,-0.0039,-0.0449,-0.0600,-0.0322,-0.0084,34.3899,0.0134,-0.0008,-0.0095,-0.0491,-0.3683,1.3189,sell
2021-12-02,374.2179,2032400,377.6442,380.8178,370.1363,-0.0094,-0.0563,-0.0671,-0.0346,-0.0189,26.3599,0.0134,-0.0041,-0.0103,-0.0396,0.4372,1.8215,sell
2021-12-03,369.7806,1495700,373.9839,378.1123,367.3466,-0.0119,-0.0467,-0.0699,-0.0392,-0.0313,16.7254,0.0135,-0.0076,-0.0111,-0.0399,-0.2641,1.3071,buy
2021-12-06,377.8502,1383700,375.3507,381.4825,373.5907,0.0218,-0.0276,-0.0252,-0.0157,-0.0113,28.0408,0.0146,-0.0084,-0.0094,0.1836,-0.0749,1.1864,buy
2021-12-07,384.9836,1507200,380.5369,388.4568,379.5165,0.0189,0.0152,-0.0167,0.0046,0.0062,37.3114,0.0157,-0.0073,-0.0067,0.3585,0.0893,1.2458,buy
2021-12-08,389.4117,924400,385.2739,390.3759,383.8884,0.0115,0.0309,-0.0154,0.0177,0.0162,41.6547,0.0158,-0.0055,-0.0039,0.4708,-0.3867,0.7620,buy
2021-12-09,392.8661,651200,388.5036,393.5027,387.4458,0.0089,0.0498,-0.0093,0.0278,0.0237,46.6396,0.0161,-0.0034,-0.0015,0.5549,-0.2955,0.5418,buy
2021-12-10,403.4821,1221100,394.2984,403.9876,393.0252,0.0270,0.0911,0.0402,0.0512,0.0483,61.2170,0.0164,0.0004,0.0018,0.7965,0.8752,0.9995,hold
2021-12-13,402.5833,842400,402.8548,404.6803,398.3893,-0.0022,0.0655,0.0361,0.0451,0.0432,58.1642,0.0165,0.0031,0.0036,0.7927,-0.3101,0.6934,buy
2021-12-14,406.2343,938700,404.7365,410.9151,401.0106,0.0091,0.0552,0.0712,0.0472,0.0493,57.9620,0.0134,0.0059,0.0051,0.8768,0.1143,0.7783,buy
2021-12-15,415.2401,1075100,407.8913,415.5865,406.2437,0.0222,0.0663,0.0992,0.0602,0.0689,62.3983,0.0136,0.0096,0.0071,1.0186,0.1453,0.8880,buy
2021-12-16,419.2843,1158100,415.5303,422.8698,413.6393,0.0097,0.0672,0.1204,0.0583,0.0752,72.1825,0.0119,0.0131,0.0085,1.0212,0.0772,0.9762,sell
2021-12-17,416.6818,1815600,417.8239,422.2051,413.2461,-0.0062,0.0327,0.1268,0.0395,0.0652,69.3477,0.0107,0.0154,0.0086,0.9189,0.5677,1.5161,sell
2021-12-20,411.4019,1047200,419.2281,420.3141,404.3059,-0.0127,0.0219,0.0888,0.0178,0.0490,73.4359,0.0126,0.0161,0.0074,0.7943,-0.4232,0.8751,buy
2021-12-21,417.9831,797500,414.4070,419.3967,412.5159,0.0160,0.0289,0.0857,0.0257,0.0624,77.2756,0.0124,0.0174,0.0070,0.8610,-0.2384,0.6731,buy
2021-12-22,424.9294,664900,416.6163,427.0357,416.6069,0.0166,0.0233,0.0912,0.0337,0.0761,82.8661,0.0126,0.0194,0.0073,0.9131,-0.1663,0.5699,buy
2021-12-23,426.6143,646700,427.0356,429.5164,425.9871,0.0040,0.0175,0.0859,0.0294,0.0762,88.1967,0.0127,0.0211,0.0073,0.8872,-0.0274,0.5563,buy
2021-12-27,430.1812,313900,428.8706,430.3310,426.7361,0.0084,0.0324,0.0662,0.0313,0.0816,87.4363,0.0109,0.0228,0.0073,0.8831,-0.5146,0.2737,buy
2021-12-28,434.5717,752800,430.6305,435.8168,430.6211,0.0102,0.0563,0.0795,0.0339,0.0889,86.9231,0.0105,0.0246,0.0074,0.8861,1.3982,0.6569,buy
2021-12-29,437.8109,590100,432.8118,439.2900,432.8118,0.0075,0.0474,0.0777,0.0339,0.0929,86.6874,0.0105,0.0263,0.0074,0.8782,-0.2161,0.5548,hold
2021-12-30,437.3240,646700,438.7282,440.0108,436.4721,-0.0011,0.0292,0.0532,0.0274,0.0879,85.2874,0.0094,0.0274,0.0068,0.8366,0.0959,0.6308,sell
2021-12-31,433.9445,447000,436.9496,438.4474,433.9258,-0.0077,0.0172,0.0350,0.0159,0.0775,77.3169,0.0101,0.0275,0.0054,0.7736,-0.3088,0.4725,hold
2022-01-03,435.1802,927200,432.3156,435.3394,427.0076,0.0028,0.0116,0.0444,0.0144,0.0788,79.0553,0.0095,0.0273,0.0042,0.7745,1.0743,1.0105,sell
2022-01-04,428.9174,957300,436.0321,437.1836,428.3557,-0.0144,-0.0130,0.0426,-0.0042,0.0620,69.3191,0.0099,0.0261,0.0021,0.6736,0.0325,1.0681,hold
2022-01-05,428.9641,835300,431.5105,435.4330,428.8050,0.0001,-0.0202,0.0263,-0.0067,0.0608,63.7937,0.0090,0.0245,0.0004,0.6573,-0.1274,0.9683,sell
2022-01-06,411.3926,1763000,417.3652,424.0119,405.3263,-0.0410,-0.0593,-0.0319,-0.0444,0.0172,43.7639,0.0153,0.0206,-0.0036,0.3209,1.1106,1.9489,sell
2022-01-07,407.2173,1355400,408.0037,410.4283,399.0634,-0.0101,-0.0616,-0.0455,-0.0498,0.0067,42.7025,0.0152,0.0159,-0.0069,0.1981,-0.2312,1.4422,buy
2022-01-10,409.8759,1104200,406.4871,411.4955,403.2854,0.0065,-0.0581,-0.0472,-0.0390,0.0130,48.7739,0.0150,0.0122,-0.0083,0.2379,-0.1853,1.1823,buy
2022-01-11,424.7608,1080000,411.7014,425.9216,410.0257,0.0363,-0.0097,-0.0226,-0.0018,0.0489,54.8049,0.0195,0.0118,-0.0064,0.5439,-0.0219,1.1418,hold
2022-01-12,422.9821,732200,423.8715,425.9404,419.8554,-0.0042,-0.0139,-0.0339,-0.0025,0.0433,48.5104,0.0192,0.0113,-0.0055,0.4799,-0.3220,0.7827,sell
2022-01-13,418.3013,601500,421.2034,423.0289,416.1669,-0.0111,0.0168,-0.0435,-0.0091,0.0304,43.9195,0.0194,0.0101,-0.0056,0.3535,-0.1785,0.6597,buy
2022-01-14,423.2723,830600,419.7149,423.5064,417.8426,0.0119,0.0394,-0.0246,0.0052,0.0413,45.0483,0.0200,0.0097,-0.0046,0.4779,0.3809,0.9276,sell
2022-01-18,419.4809,1053200,419.2843,421.6902,415.6707,-0.0090,0.0234,-0.0361,-0.0001,0.0307,39.0904,0.0200,0.0087,-0.0046,0.3733,0.2680,1.2285,hold
2022-01-19,419.6681,1168500,420.9974,429.8909,418.0299,0.0004,-0.0120,-0.0216,0.0026,0.0299,36.2786,0.0196,0.0078,-0.0044,0.3611,0.1095,1.3534,buy
2022-01-20,423.8152,1303000,419.6962,432.0721,418.6758,0.0099,0.0020,-0.0120,0.0137,0.0388,40.3193,0.0200,0.0078,-0.0035,0.4677,0.1151,1.4662,sell
2022-01-21,413.3678,1103900,423.1225,426.8297,412.1602,-0.0247,-0.0118,0.0048,-0.0117,0.0126,36.6106,0.0168,0.0059,-0.0045,0.2020,-0.1528,1.2122,buy
2022-01-24,420.8009,1798100,411.2240,423.6281,403.5757,0.0180,-0.0058,0.0334,0.0028,0.0296,41.3416,0.0171,0.0055,-0.0038,0.4111,0.6289,1.8572,sell
2022-01-25,411.1398,2109200,414.8470,416.7567,406.5995,-0.0230,-0.0199,0.0031,-0.0205,0.0055,39.7162,0.0190,0.0035,-0.0048,0.1866,0.1730,1.9936,sell
2022-01-26,401.0855,2261200,403.6506,411.5798,393.8678,-0.0245,-0.0443,-0.0557,-0.0391,-0.0188,35.5465,0.0156,-0.0002,-0.0070,0.0083,0.0721,1.9951,buy
2022-01-27,408.0036,1637600,405.0922,416.7566,401.6752,0.0172,-0.0373,-0.0354,-0.0190,-0.0020,48.0248,0.0172,-0.0018,-0.0067,0.2015,-0.2758,1.3811,buy
2022-01-28,413.8640,906700,406.8897,414.1916,403.9501,0.0144,0.0012,-0.0106,-0.0038,0.0118,53.7992,0.0179,-0.0018,-0.0053,0.3663,-0.4463,0.7564,hold
2022-01-31,412.8343,1127100,410.9526,414.3789,408.1161,-0.0025,-0.0189,-0.0247,-0.0038,0.0087,51.7230,0.0173,-0.0020,-0.0044,0.3571,0.2431,0.9143,hold
2022-02-01,410.8777,1137400,415.9797,415.9797,404.3808,-0.0047,-0.0006,-0.0205,-0.0065,0.0032,40.4802,0.0172,-0.0025,-0.0040,0.3156,0.0091,0.9148,buy
2022-02-02,415.8019,1771400,410.8777,419.2095,409.5765,0.0120,0.0367,-0.0092,0.0064,0.0139,45.2800,0.0177,-0.0020,-0.0027,0.4974,0.5574,1.3796,buy
2022-02-03,422.9447,1720900,425.8280,428.0561,416.1950,0.0172,0.0366,-0.0021,0.0239,0.0297,52.9567,0.0183,-0.0001,-0.0007,0.7785,-0.0285,1.2956,sell
2022-02-04,417.7677,1027100,417.2622,423.4408,413.3397,-0.0122,0.0094,0.0106,0.0103,0.0160,46.5041,0.0169,0.0003,-0.0002,0.5715,-0.4032,0.7953,buy
2022-02-07,420.7354,1077300,421.2877,425.3412,416.2886,0.0071,0.0191,-0.0002,0.0175,0.0220,50.8051,0.0160,0.0012,0.0006,0.6651,0.0489,0.8433,buy
2022-02-08,436.0227,1314000,419.9396,438.2601,419.1345,0.0363,0.0612,0.0605,0.0481,0.0567,58.7922,0.0174,0.0047,0.0032,1.1087,0.2197,1.0202,hold
2022-02-09,438.1292,949600,441.8550,441.8738,435.6390,0.0048,0.0537,0.0924,0.0439,0.0592,57.8677,0.0138,0.0077,0.0050,1.0685,-0.2773,0.7410,sell
2022-02-10,428.3838,880500,433.3173,438.2882,426.0527,-0.0222,0.0129,0.0500,0.0158,0.0332,58.3178,0.0165,0.0084,0.0045,0.7706,-0.0728,0.6831,sell
2022-02-11,419.3124,877000,426.7361,432.6713,418.1328,-0.0212,0.0037,0.0132,-0.0070,0.0093,49.1902,0.0181,0.0071,0.0026,0.5126,-0.0040,0.6732,sell
2022-02-14,415.6240,1187300,419.8273,421.3065,410.9994,-0.0088,-0.0121,0.0068,-0.0164,-0.0016,52.6092,0.0183,0.0053,0.0005,0.4188,0.3538,0.8991,buy
2022-02-15,421.1660,878200,419.7524,423.4970,417.7022,0.0133,-0.0341,0.0250,-0.0057,0.0093,62.3318,0.0186,0.0048,0.0000,0.5736,-0.2603,0.6695,buy
2022-02-16,429.3011,1062700,419.4809,430.5181,419.4809,0.0193,-0.0201,0.0325,0.0103,0.0262,62.8866,0.0191,0.0058,0.0009,0.7803,0.2101,0.8134,sell
2022-02-17,422.5234,649800,426.3148,428.4867,419.3967,-0.0158,-0.0137,-0.0010,-0.0056,0.0082,55.1821,0.0193,0.0054,0.0004,0.5971,-0.3885,0.5101,sell
2022-02-18,417.7489,838500,421.3718,427.8781,417.4775,-0.0113,-0.0037,-0.0000,-0.0168,-0.0045,52.8149,0.0193,0.0041,-0.0008,0.4597,0.2904,0.6652,hold
2022-02-22,415.6614,811800,416.7005,419.8554,410.9713,-0.0050,0.0001,-0.0121,-0.0206,-0.0106,52.7358,0.0192,0.0026,-0.0018,0.4092,-0.0318,0.6702,hold
2022-02-23,414.2759,828200,418.0673,421.3626,413.6861,-0.0033,-0.0164,-0.0499,-0.0188,-0.0144,49.0905,0.0140,0.0011,-0.0027,0.3649,0.0202,0.7219,hold
2022-02-24,413.6018,1076400,407.6853,415.2963,404.4463,-0.0016,-0.0366,-0.0560,-0.0147,-0.0165,43.9661,0.0136,-0.0002,-0.0032,0.3083,0.2997,0.9894,buy
2022-02-25,424.7234,1090700,415.6146,426.0995,415.2495,0.0269,0.0052,-0.0085,0.0127,0.0091,54.1718,0.0157,0.0009,-0.0016,0.6374,0.0133,1.0284,hold
2022-02-28,423.0009,1221300,415.7270,423.6562,414.8470,-0.0041,0.0126,0.0088,0.0077,0.0046,51.3794,0.0140,0.0014,-0.0009,0.5667,0.1197,1.1347,hold
2022-03-01,422.6732,1418700,420.4733,423.3753,411.5705,-0.0008,0.0169,0.0170,0.0052,0.0037,40.0614,0.0136,0.0018,-0.0004,0.5405,0.1616,1.3004,buy
2022-03-02,433.8976,1550200,425.5565,439.2898,425.5565,0.0266,0.0474,0.0302,0.0288,0.0295,47.2262,0.0154,0.0040,0.0015,0.8893,0.0927,1.3946,buy
2022-03-03,439.0747,1211300,434.4688,441.6866,432.5123,0.0119,0.0616,0.0228,0.0387,0.0404,57.4543,0.0147,0.0067,0.0033,0.9829,-0.2186,1.1179,buy
2022-03-04,446.3954,1234600,431.5105,446.9851,427.8221,0.0167,0.0510,0.0565,0.0501,0.0563,69.3564,0.0138,0.0098,0.0053,1.0714,0.0192,1.1655,sell
2022-03-07,425.5097,1529300,440.7129,443.5681,424.2740,-0.0468,0.0059,0.0186,-0.0009,0.0069,55.6713,0.0212,0.0090,0.0033,0.5033,0.2387,1.4103,hold
2022-03-08,426.9515,1774800,423.7405,437.2772,422.9635,0.0034,0.0101,0.0272,-0.0001,0.0103,53.4829,0.0211,0.0081,0.0020,0.5342,0.1605,1.5857,buy
2022-03-09,436.8838,1168300,432.7719,440.7892,428.0404,0.0233,0.0069,0.0546,0.0177,0.0334,54.4681,0.0219,0.0090,0.0024,0.8029,-0.3417,1.0507,buy
2022-03-10,444.2345,1243000,430.5658,445.4549,429.5894,0.0168,0.0118,0.0741,0.0275,0.0503,62.7076,0.0220,0.0109,0.0035,0.9680,0.0639,1.1033,sell
2022-03-11,436.7805,1074500,444.7602,448.7407,435.6071,-0.0168,-0.0215,0.0284,0.0075,0.0328,60.8005,0.0220,0.0112,0.0030,0.7579,-0.1356,0.9456,sell
2022-03-14,430.2747,1427800,441.5871,444.4129,426.2755,-0.0149,0.0112,0.0172,-0.0092,0.0177,57.8971,0.0226,0.0101,0.0014,0.5824,0.3288,1.2268,buy
2022-03-15,439.0618,1303900,433.8046,440.5357,432.0866,0.0204,0.0284,0.0388,0.0072,0.0383,62.4023,0.0233,0.0105,0.0015,0.7759,-0.0868,1.1147,hold
2022-03-16,442.0002,1337700,441.3431,447.0884,433.7670,0.0067,0.0117,0.0187,0.0121,0.0449,63.8950,0.0220,0.0112,0.0019,0.8140,0.0259,1.1216,buy
2022-03-17,448.8627,1246400,439.3058,449.1819,438.3952,0.0155,0.0104,0.0223,0.0255,0.0601,62.3247,0.0222,0.0128,0.0029,0.9211,-0.0683,1.0371,hold
2022-03-18,448.7595,2823500,446.7223,452.6461,443.8871,-0.0002,0.0274,0.0053,0.0247,0.0589,63.3726,0.0217,0.0140,0.0033,0.8697,1.2653,2.1544,hold
2022-03-21,446.8632,1659100,448.7595,456.0633,443.5492,-0.0042,0.0386,0.0502,0.0154,0.0526,62.3570,0.0142,0.0145,0.0030,0.7977,-0.4124,1.2275,sell
2022-03-22,442.6762,1612200,448.6187,450.7310,441.0427,-0.0094,0.0082,0.0368,0.0023,0.0410,54.8318,0.0149,0.0141,0.0019,0.6880,-0.0283,1.1585,sell
2022-03-23,433.8797,1092300,438.4516,441.5777,433.6543,-0.0199,-0.0184,-0.0069,-0.0169,0.0192,47.2502,0.0149,0.0121,-0.0002,0.4646,-0.3225,0.7775,buy
2022-03-24,444.7321,882200,435.8418,446.5158,434.9687,0.0250,-0.0092,0.0011,0.0076,0.0437,49.1514,0.0161,0.0119,-0.0001,0.7221,-0.1923,0.6324,buy
2022-03-25,451.3318,857300,444.7978,451.5195,444.6664,0.0148,0.0057,0.0333,0.0192,0.0578,65.4239,0.0155,0.0128,0.0008,0.8675,-0.0282,0.6197,buy
2022-03-28,455.1151,904000,453.9604,455.4812,447.8207,0.0084,0.0185,0.0577,0.0220,0.0648,66.3648,0.0141,0.0141,0.0018,0.9278,0.0545,0.6610,buy
2022-03-29,460.9731,1271500,459.7246,462.0903,455.4812,0.0129,0.0413,0.0499,0.0301,0.0766,64.6931,0.0134,0.0159,0.0029,1.0240,0.4065,0.9348,buy
2022-03-30,471.7223,1442500,462.2405,471.8819,462.1372,0.0233,0.0872,0.0672,0.0471,0.0990,66.0985,0.0146,0.0186,0.0048,1.1291,0.1345,1.0647,sell
2022-03-31,461.1515,1445600,469.3940,474.9798,461.1139,-0.0224,0.0369,0.0274,0.0209,0.0723,63.7704,0.0168,0.0195,0.0043,0.8491,0.0021,1.0579,buy
2022-04-01,468.7650,1226100,463.5547,469.4879,459.5179,0.0165,0.0386,0.0446,0.0332,0.0878,71.4794,0.0173,0.0206,0.0045,0.9429,-0.1518,0.8975,sell
2022-04-04,459.3865,1065700,468.2111,470.2952,457.2555,-0.0200,0.0094,0.0280,0.0097,0.0637,61.2678,0.0188,0.0203,0.0031,0.7401,-0.1308,0.7936,buy
2022-04-05,464.4936,1032700,456.9270,471.0651,456.2604,0.0111,0.0076,0.0493,0.0161,0.0734,62.1773,0.0185,0.0202,0.0025,0.8169,-0.0310,0.7908,buy
2022-04-06,475.8435,1524100,467.2442,476.7729,464.7752,0.0244,0.0087,0.0967,0.0314,0.0963,63.9298,0.0171,0.0214,0.0034,0.9748,0.4758,1.1515,buy
2022-04-07,483.1566,1357800,474.8484,485.1656,473.5528,0.0154,0.0477,0.0864,0.0386,0.1090,66.5283,0.0164,0.0234,0.0045,1.0116,-0.1091,1.0214,buy
2022-04-08,488.7987,1368500,486.3204,494.3845,486.0763,0.0117,0.0427,0.0830,0.0423,0.1178,69.4504,0.0163,0.0256,0.0055,1.0123,0.0079,1.0182,sell
2022-04-11,479.3828,915400,489.2306,491.4837,477.5709,-0.0193,0.0435,0.0533,0.0170,0.0930,66.2375,0.0184,0.0262,0.0046,0.8353,-0.3311,0.6943,hold
2022-04-12,478.4158,897700,478.7820,483.0441,475.4023,-0.0020,0.0300,0.0378,0.0112,0.0875,71.1673,0.0184,0.0258,0.0034,0.7899,-0.0193,0.6915,hold
2022-04-13,480.8566,1062200,477.6178,481.7015,475.6088,0.0051,0.0105,0.0194,0.0144,0.0896,68.6615,0.0171,0.0255,0.0025,0.7976,0.1832,0.8270,buy
2022-04-14,485.0905,1571800,482.8563,490.7703,482.8563,0.0088,0.0040,0.0519,0.0182,0.0958,67.8763,0.0148,0.0255,0.0022,0.8267,0.4798,1.2085,sell
2022-04-18,481.5513,740900,482.3305,487.5502,479.5423,-0.0073,-0.0148,0.0273,0.0081,0.0849,64.0351,0.0147,0.0251,0.0012,0.7458,-0.5286,0.6192,buy
2022-04-19,485.3909,1157300,484.4803,488.5828,482.0676,0.0080,0.0125,0.0566,0.0106,0.0902,63.2474,0.0124,0.0247,0.0008,0.7767,0.5620,0.9880,buy
2022-04-20,497.4075,1590900,490.4229,499.5854,484.5648,0.0248,0.0397,0.0709,0.0286,0.1134,63.7460,0.0137,0.0256,0.0019,0.9165,0.3747,1.3594,sell
2022-04-21,490.8641,932000,501.0124,501.0124,488.7988,-0.0132,0.0208,0.0316,0.0119,0.0960,66.6177,0.0135,0.0258,0.0014,0.8067,-0.4142,0.8019,sell
2022-04-22,471.8631,956600,487.1372,487.3531,471.2717,-0.0387,-0.0273,-0.0234,-0.0250,0.0520,51.5369,0.0182,0.0232,-0.0018,0.4467,0.0264,0.8204,buy
2022-04-25,475.8435,1211500,469.3940,477.4770,462.3625,0.0084,-0.0119,-0.0265,-0.0141,0.0587,58.6262,0.0179,0.0206,-0.0033,0.5009,0.2665,1.0235,sell
2022-04-26,471.5627,1119200,473.2807,480.0681,471.3092,-0.0090,-0.0285,-0.0163,-0.0214,0.0467,53.7377,0.0171,0.0179,-0.0050,0.3793,-0.0762,0.9370,buy
2022-04-27,477.2611,1140500,472.7455,483.1849,467.6667,0.0121,-0.0405,-0.0024,-0.0094,0.0565,50.7972,0.0176,0.0162,-0.0051,0.4954,0.0190,0.9601,buy
2022-04-28,485.1093,1181200,478.8101,487.4094,474.2194,0.0164,-0.0117,0.0088,0.0060,0.0708,51.0915,0.0184,0.0159,-0.0041,0.6773,0.0357,1.0054,sell
2022-04-29,471.2059,937600,478.9884,481.8424,470.3328,-0.0287,-0.0014,-0.0286,-0.0200,0.0382,40.9973,0.0203,0.0138,-0.0054,0.2986,-0.2062,0.8157,sell
2022-05-02,466.6809,1095200,474.5574,478.7631,458.4384,-0.0096,-0.0193,-0.0309,-0.0264,0.0262,43.1576,0.0204,0.0110,-0.0067,0.1828,0.1681,0.9582,hold
2022-05-03,467.9671,841700,469.0279,472.8488,466.4932,0.0028,-0.0076,-0.0359,-0.0201,0.0268,44.3906,0.0201,0.0087,-0.0071,0.1796,-0.2315,0.7437,buy
2022-05-04,479.0542,1227200,468.9153,481.7204,462.3626,0.0237,0.0038,-0.0369,0.0070,0.0482,49.1146,0.0200,0.0086,-0.0055,0.4806,0.4580,1.0751,sell
2022-05-05,475.8341,985200,479.7770,485.5224,468.5303,-0.0067,-0.0191,-0.0306,0.0034,0.0384,45.4071,0.0197,0.0080,-0.0049,0.3781,-0.1972,0.8840,hold
2022-05-06,473.7500,946600,470.2201,476.9700,467.7417,-0.0044,0.0054,0.0040,-0.0014,0.0311,46.0724,0.0153,0.0072,-0.0047,0.3281,-0.0392,0.8653,sell
2022-05-09,460.8323,1115100,469.6945,470.9524,457.7906,-0.0273,-0.0125,-0.0315,-0.0256,0.0014,38.6715,0.0173,0.0043,-0.0063,0.0055,0.1780,1.0313,hold
2022-05-10,459.3678,1296400,464.1931,466.8593,455.0212,-0.0032,-0.0184,-0.0259,-0.0262,-0.0033,30.5603,0.0172,0.0016,-0.0072,0.0413,0.1626,1.1782,hold
2022-05-11,457.5277,1166800,459.3678,474.3978,456.1102,-0.0040,-0.0449,-0.0413,-0.0260,-0.0088,32.1036,0.0164,-0.0009,-0.0078,0.0626,-0.1000,1.0476,sell
2022-05-12,454.8616,1280500,456.0821,456.8519,445.7554,-0.0058,-0.0441,-0.0624,-0.0254,-0.0155,38.9317,0.0147,-0.0033,-0.0082,0.0676,0.0974,1.1385,hold
2022-05-13,456.6735,1065200,457.3869,458.6167,450.7497,0.0040,-0.0360,-0.0308,-0.0184,-0.0123,37.1572,0.0127,-0.0048,-0.0077,0.1505,-0.1681,0.9689,buy
2022-05-16,463.3764,851900,458.1849,467.5915,456.9175,0.0147,0.0055,-0.0071,-0.0033,0.0014,44.6881,0.0136,-0.0047,-0.0061,0.3133,-0.2002,0.7710,buy
2022-05-17,466.7560,916500,467.3193,468.6712,460.9543,0.0073,0.0161,-0.0026,0.0042,0.0069,42.9720,0.0138,-0.0040,-0.0043,0.4022,0.0758,0.8386,sell
2022-05-18,447.2292,981300,463.2261,466.0237,444.6569,-0.0418,-0.0225,-0.0664,-0.0312,-0.0360,28.0826,0.0165,-0.0070,-0.0059,0.0017,0.0707,0.9237,buy
2022-05-19,450.5432,1284900,440.1790,454.1951,438.2075,0.0074,-0.0095,-0.0532,-0.0186,-0.0295,36.3749,0.0171,-0.0086,-0.0060,0.1028,0.3094,1.1897,buy
2022-05-20,462.6817,1365000,453.9041,463.3295,450.7216,0.0269,0.0132,-0.0234,0.0103,-0.0041,47.6036,0.0199,-0.0074,-0.0039,0.4128,0.0623,1.2404,hold
2022-05-23,464.5593,1194300,460.5413,469.9667,460.2972,0.0041,0.0026,0.0081,0.0135,-0.0013,47.9723,0.0179,-0.0062,-0.0021,0.4725,-0.1251,1.0861,buy
2022-05-24,474.3602,1397400,466.5119,475.3365,461.8837,0.0211,0.0163,0.0326,0.0315,0.0179,47.1635,0.0189,-0.0034,0.0004,0.7153,0.1701,1.2549,hold
2022-05-25,473.8814,1027400,473.5435,479.7113,469.6757,-0.0010,0.0596,0.0357,0.0268,0.0153,48.7797,0.0188,-0.0014,0.0019,0.7113,-0.2648,0.9274,buy
2022-05-26,481.0631,987900,476.0313,483.4758,474.6606,0.0152,0.0677,0.0576,0.0365,0.0290,54.2967,0.0188,0.0013,0.0037,0.9167,-0.0384,0.8996,buy
2022-05-27,488.6861,1190300,481.1946,489.5968,478.8101,0.0158,0.0562,0.0701,0.0457,0.0435,67.4509,0.0190,0.0047,0.0056,1.0242,0.2049,1.0715,sell
2022-05-31,478.4158,3939100,483.8515,488.7425,475.7778,-0.0210,0.0298,0.0325,0.0205,0.0203,60.7480,0.0207,0.0057,0.0053,0.7618,2.3093,3.1436,sell
2022-06-01,468.6336,813600,479.5329,481.0819,468.2769,-0.0204,-0.0121,0.0040,-0.0008,-0.0015,55.7511,0.0219,0.0048,0.0036,0.5392,-0.7935,0.6500,hold
2022-06-02,466.5119,1186500,470.2952,470.2952,458.4383,-0.0045,-0.0156,0.0431,-0.0094,-0.0070,56.0672,0.0164,0.0036,0.0019,0.5055,0.4583,0.9495,sell
2022-06-03,463.0666,744100,462.6535,464.5592,459.6212,-0.0074,-0.0374,0.0278,-0.0193,-0.0156,53.2737,0.0167,0.0021,0.0003,0.4383,-0.3729,0.6013,buy
2022-06-06,466.9720,634000,465.9674,470.4267,464.8784,0.0084,-0.0444,0.0093,-0.0119,-0.0082,51.8955,0.0147,0.0015,-0.0003,0.5407,-0.1480,0.5189,buy
2022-06-07,469.7789,996900,466.8593,470.5393,461.6584,0.0060,-0.0181,0.0112,-0.0071,-0.0030,51.6032,0.0147,0.0015,-0.0002,0.5983,0.5724,0.8198,hold
2022-06-08,467.7981,582200,467.5070,469.3940,464.7001,-0.0042,-0.0018,-0.0138,-0.0099,-0.0078,63.4039,0.0130,0.0011,-0.0004,0.5401,-0.4160,0.4933,sell
2022-06-09,457.6143,887200,466.5275,468.6546,457.4260,-0.0218,-0.0191,-0.0343,-0.0281,-0.0292,54.2293,0.0145,-0.0009,-0.0020,0.2890,0.5239,0.7607,sell
2022-06-10,454.4424,922900,450.6964,459.4872,445.3033,-0.0069,-0.0186,-0.0553,-0.0294,-0.0352,44.4799,0.0130,-0.0031,-0.0034,0.2121,0.0402,0.8036,sell
2022-06-13,435.6747,1112300,445.2185,448.6915,432.5781,-0.0413,-0.0670,-0.1085,-0.0588,-0.0741,34.2196,0.0149,-0.0084,-0.0070,-0.1081,0.2052,0.9666,sell
2022-06-14,433.3311,1060500,433.3405,435.7312,429.9898,-0.0054,-0.0776,-0.0942,-0.0547,-0.0777,25.5962,0.0146,-0.0129,-0.0091,-0.0392,-0.0466,0.9133,buy
2022-06-15,435.6653,961300,436.0041,439.9101,427.2509,0.0054,-0.0687,-0.0703,-0.0427,-0.0718,27.7602,0.0148,-0.0157,-0.0096,0.0698,-0.0935,0.8262,sell
2022-06-16,428.0227,1140600,430.1122,430.3946,421.2272,-0.0175,-0.0647,-0.0825,-0.0514,-0.0866,19.2980,0.0151,-0.0195,-0.0106,0.0090,0.1865,0.9737,sell
2022-06-17,418.1966,2265300,428.0321,432.4746,417.8201,-0.0230,-0.0798,-0.0969,-0.0639,-0.1054,10.2125,0.0158,-0.0244,-0.0123,-0.0353,0.9861,1.8561,buy
2022-06-21,433.6699,1402100,428.4368,437.6700,425.4250,0.0370,-0.0046,-0.0713,-0.0220,-0.0703,26.1446,0.0212,-0.0238,-0.0097,0.1971,-0.3811,1.1471,buy
2022-06-22,438.3666,1474200,427.7121,442.3573,426.2815,0.0108,0.0116,-0.0669,-0.0043,-0.0582,32.9386,0.0215,-0.0227,-0.0069,0.2763,0.0514,1.1924,buy
2022-06-23,444.5691,795000,441.3784,447.4680,437.6230,0.0141,0.0204,-0.0497,0.0151,-0.0435,38.1749,0.0225,-0.0203,-0.0038,0.3684,-0.4607,0.6591,hold
2022-06-24,442.2443,2358800,447.3363,449.4728,439.9195,-0.0052,0.0332,-0.0336,0.0133,-0.0470,38.6416,0.0218,-0.0189,-0.0019,0.3571,1.9670,1.8533,buy
2022-06-27,454.2071,1274500,441.9243,457.1907,438.8748,0.0271,0.0861,-0.0005,0.0408,-0.0201,43.5995,0.0237,-0.0150,0.0013,0.5254,-0.4597,0.9902,sell
2022-06-28,445.2751,752800,457.3884,461.8685,443.7127,-0.0197,0.0268,0.0220,0.0181,-0.0377,38.4244,0.0202,-0.0140,0.0021,0.4280,-0.4093,0.5950,buy
2022-06-29,457.0212,1087200,444.8326,459.0731,444.6162,0.0264,0.0426,0.0547,0.0393,-0.0113,45.3391,0.0213,-0.0104,0.0042,0.6279,0.4442,0.9685,hold
2022-06-30,454.2071,1519400,456.9083,460.2402,451.3929,-0.0062,0.0217,0.0426,0.0286,-0.0160,48.4261,0.0216,-0.0084,0.0051,0.5983,0.3975,1.3122,buy
2022-07-01,457.4072,997300,452.0894,458.1978,442.1785,0.0070,0.0343,0.0687,0.0290,-0.0074,51.3692,0.0202,-0.0060,0.0059,0.6644,-0.3436,0.8684,sell
2022-07-05,448.8987,1043100,453.2471,453.2471,434.7430,-0.0186,-0.0117,0.0734,0.0029,-0.0241,56.7464,0.0195,-0.0057,0.0051,0.5308,0.0459,0.8966,buy
2022-07-06,455.7977,803700,448.3528,457.9719,445.2656,0.0154,0.0236,0.0510,0.0133,-0.0084,60.9526,0.0169,-0.0040,0.0053,0.6710,-0.2295,0.6858,sell
2022-07-07,450.6776,857400,454.6024,458.1978,449.1622,-0.0112,-0.0139,0.0281,-0.0008,-0.0184,57.1250,0.0175,-0.0037,0.0046,0.6018,0.0668,0.7360,buy
2022-07-08,455.8166,751400,455.1577,462.2073,452.6917,0.0114,0.0035,0.0253,0.0081,-0.0066,63.5125,0.0173,-0.0024,0.0047,0.7348,-0.1236,0.6404,sell
2022-07-11,453.3034,629500,451.9669,457.1436,449.2280,-0.0055,-0.0090,0.0250,0.0001,-0.0110,68.3744,0.0173,-0.0018,0.0042,0.6881,-0.1622,0.5425,sell
2022-07-12,449.8681,801600,452.2776,457.4260,447.1480,-0.0076,0.0022,-0.0096,-0.0065,-0.0170,59.7002,0.0152,-0.0020,0.0033,0.6185,0.2734,0.6944,sell
2022-07-13,443.0349,802200,445.5197,449.5387,442.6867,-0.0152,-0.0280,-0.0050,-0.0211,-0.0307,52.7259,0.0147,-0.0033,0.0016,0.4554,0.0007,0.7044,sell
2022-07-14,438.9689,861400,437.4818,440.3713,431.0816,-0.0092,-0.0260,-0.0395,-0.0262,-0.0385,46.6464,0.0114,-0.0051,-0.0001,0.3523,0.0738,0.7630,buy
2022-07-15,460.1743,1035400,450.0469,461.6426,447.0633,0.0483,0.0096,0.0131,0.0194,0.0083,58.7570,0.0200,-0.0024,0.0019,0.8141,0.2020,0.9141,sell
2022-07-18,452.5317,687900,462.1320,463.0168,451.4776,-0.0166,-0.0017,-0.0107,0.0036,-0.0073,49.1457,0.0207,-0.0018,0.0020,0.6199,-0.3356,0.6197,buy
2022-07-19,468.1840,933100,457.5766,469.9722,456.9648,0.0346,0.0407,0.0430,0.0339,0.0274,60.9324,0.0224,0.0014,0.0041,1.0343,0.3564,0.8943,sell
2022-07-20,432.5218,2653700,453.6612,458.3673,424.8321,-0.0762,-0.0237,-0.0511,-0.0399,-0.0491,40.4813,0.0334,-0.0024,0.0004,-0.0167,1.8440,2.3994,hold
2022-07-21,434.7806,1547200,431.6181,437.5289,425.0297,0.0052,-0.0095,-0.0353,-0.0315,-0.0431,42.4196,0.0335,-0.0050,-0.0018,0.0695,-0.4170,1.3943,hold
2022-07-22,432.5781,1008400,434.7429,437.1524,428.9451,-0.0051,-0.0600,-0.0510,-0.0314,-0.0468,40.2354,0.0331,-0.0075,-0.0034,0.0619,-0.3482,0.9001,buy
2022-07-25,443.1761,861500,437.3689,446.4798,435.1476,0.0245,-0.0207,-0.0223,-0.0054,-0.0228,47.7858,0.0343,-0.0071,-0.0025,0.3365,-0.1457,0.8241,hold
2022-07-26,441.3878,818100,446.6303,447.3833,440.9078,-0.0040,-0.0572,-0.0189,-0.0075,-0.0262,44.1950,0.0343,-0.0073,-0.0021,0.3083,-0.0504,0.8000,hold
2022-07-27,440.4843,1122800,439.7502,442.7150,432.5311,-0.0020,0.0184,-0.0058,-0.0090,-0.0275,45.7493,0.0339,-0.0075,-0.0018,0.2943,0.3724,1.0785,buy
2022-07-28,447.7598,836000,441.7926,449.2846,437.8772,0.0165,0.0299,0.0200,0.0054,-0.0107,46.6991,0.0341,-0.0061,-0.0004,0.4917,-0.2554,0.8128,hold
2022-07-29,449.0492,885100,447.9104,451.7411,443.5337,0.0029,0.0381,-0.0242,0.0108,-0.0071,48.2393,0.0302,-0.0048,0.0007,0.5324,0.0587,0.8879,sell
2022-08-01,443.2138,837600,447.0728,455.2801,438.1783,-0.0130,0.0001,-0.0206,-0.0002,-0.0198,47.2997,0.0300,-0.0049,0.0005,0.3948,-0.0537,0.8470,hold
2022-08-02,444.3809,1164600,444.3244,451.7317,438.1690,0.0026,0.0068,-0.0508,0.0078,-0.0170,50.5725,0.0273,-0.0046,0.0007,0.4324,0.3904,1.1705,buy
2022-08-03,451.3363,810200,447.4680,455.3270,445.4726,0.0157,0.0246,0.0435,0.0192,-0.0011,55.1344,0.0115,-0.0030,0.0017,0.6286,-0.3043,0.8141,sell
2022-08-04,446.9786,615000,451.6941,451.6941,445.8868,-0.0097,-0.0017,0.0281,0.0066,-0.0100,43.6307,0.0123,-0.0026,0.0017,0.5139,-0.2409,0.6255,hold
2022-08-05,447.1951,624500,443.1479,448.9457,443.1479,0.0005,-0.0041,0.0338,0.0038,-0.0083,47.2252,0.0120,-0.0022,0.0017,0.5328,0.0154,0.6393,hold
2022-08-08,447.7504,479100,450.1787,451.4211,444.3903,0.0012,0.0102,0.0103,0.0040,-0.0059,37.3969,0.0095,-0.0018,0.0017,0.5575,-0.2328,0.4943,buy
2022-08-09,455.5154,798800,451.0729,460.2402,448.9834,0.0173,0.0251,0.0320,0.0182,0.0125,71.6233,0.0105,-0.0000,0.0027,0.7673,0.6673,0.8242,sell
2022-08-10,453.0306,619800,460.0990,461.0685,451.7411,-0.0055,0.0038,0.0285,0.0098,0.0086,67.0898,0.0108,0.0009,0.0029,0.6810,-0.2241,0.6456,sell
2022-08-11,449.0587,894700,453.3035,455.1294,446.3292,-0.0088,0.0047,0.0029,0.0007,0.0010,64.9378,0.0102,0.0009,0.0024,0.5570,0.4435,0.9304,buy
2022-08-12,462.7909,801300,451.7788,463.6380,451.4682,0.0306,0.0349,0.0306,0.0281,0.0319,66.8229,0.0140,0.0033,0.0037,0.9331,-0.1044,0.8435,hold
2022-08-15,464.2215,429900,460.2026,466.5557,457.8966,0.0031,0.0368,0.0474,0.0265,0.0352,69.7045,0.0128,0.0053,0.0046,0.9229,-0.4635,0.4588,hold
2022-08-16,463.3368,567200,464.1556,468.8899,460.4097,-0.0019,0.0172,0.0427,0.0203,0.0332,69.7271,0.0130,0.0067,0.0048,0.9279,0.3194,0.6173,hold
2022-08-17,461.9909,459900,459.0167,463.9768,458.0190,-0.0029,0.0198,0.0236,0.0149,0.0304,63.6858,0.0125,0.0075,0.0045,0.8582,-0.1892,0.5684,hold
2022-08-18,462.8568,407700,460.7767,464.2027,459.1390,0.0019,0.0307,0.0355,0.0133,0.0327,63.3876,0.0118,0.0082,0.0041,0.8489,-0.1135,0.5421,buy
2022-08-19,473.9348,711900,463.2804,476.9937,462.7250,0.0239,0.0241,0.0598,0.0315,0.0571,77.0379,0.0133,0.0103,0.0051,1.0736,0.7461,0.9656,buy
2022-08-22,477.1913,972300,475.5442,482.8291,474.2171,0.0069,0.0279,0.0658,0.0320,0.0634,77.8524,0.0132,0.0125,0.0058,1.0436,0.3658,1.3089,sell
2022-08-23,464.2310,577800,472.3253,474.5371,464.0239,-0.0272,0.0019,0.0191,0.0021,0.0341,59.9334,0.0163,0.0122,0.0043,0.7151,-0.4057,0.7906,hold
2022-08-24,464.3910,664500,463.5721,466.3957,460.2779,0.0003,0.0052,0.0251,-0.0000,0.0331,64.3411,0.0161,0.0116,0.0030,0.6983,0.1501,0.9387,hold
2022-08-25,463.3932,714300,461.3131,463.4779,453.9529,-0.0021,0.0012,0.0319,-0.0052,0.0296,63.1715,0.0157,0.0109,0.0018,0.6553,0.0749,1.0178,sell
2022-08-26,455.0542,619700,463.1203,465.6428,454.6777,-0.0180,-0.0398,-0.0167,-0.0215,0.0102,55.2718,0.0137,0.0089,-0.0003,0.4342,-0.1324,0.9000,buy
2022-08-29,459.7884,602300,452.8423,461.9908,450.6587,0.0104,-0.0365,-0.0095,-0.0104,0.0192,53.2254,0.0142,0.0078,-0.0010,0.5378,-0.0281,0.8900,hold
2022-08-30,458.2261,984300,459.5626,463.2145,455.4684,-0.0034,-0.0129,-0.0110,-0.0127,0.0140,53.9770,0.0142,0.0067,-0.0017,0.4736,0.6342,1.4740,hold
2022-08-31,456.5883,1350600,456.3248,463.6568,456.3248,-0.0036,-0.0168,-0.0117,-0.0151,0.0093,55.9773,0.0142,0.0055,-0.0024,0.4154,0.3721,1.9439,buy
2022-09-01,461.3508,712300,459.1672,465.8027,455.4212,0.0104,-0.0044,-0.0033,-0.0045,0.0188,48.6670,0.0146,0.0052,-0.0021,0.5407,-0.4726,1.0181,sell
2022-09-02,453.6518,741100,463.9110,465.4922,451.4682,-0.0167,-0.0031,-0.0428,-0.0168,0.0014,41.2334,0.0127,0.0038,-0.0029,0.2673,0.0404,1.0505,sell
2022-09-06,448.9551,1013900,452.8611,458.6402,448.0704,-0.0104,-0.0236,-0.0592,-0.0210,-0.0093,38.7812,0.0122,0.0017,-0.0041,0.0978,0.3681,1.3847,buy
2022-09-07,456.5036,795800,448.8704,458.3390,446.6398,0.0168,-0.0038,-0.0166,-0.0028,0.0073,46.0971,0.0116,0.0013,-0.0035,0.3589,-0.2151,1.0871,buy
2022-09-08,461.7977,522000,455.3712,462.0620,455.3712,0.0116,0.0114,-0.0056,0.0093,0.0182,49.2914,0.0123,0.0019,-0.0022,0.5301,-0.3441,0.7178,buy
2022-09-09,465.8084,958500,468.9321,471.2725,464.7892,0.0087,0.0097,0.0052,0.0176,0.0267,43.9947,0.0126,0.0031,-0.0009,0.6568,0.8362,1.3124,hold
2022-09-12,465.8650,883500,465.5442,470.3570,462.6470,0.0001,0.0269,0.0238,0.0153,0.0263,41.2144,0.0109,0.0039,0.0000,0.6515,-0.0782,1.2029,sell
2022-09-13,453.5027,864800,460.2218,461.8355,451.9456,-0.0265,0.0101,-0.0137,-0.0103,-0.0008,41.6003,0.0137,0.0025,-0.0012,0.2041,-0.0212,1.1436,sell
2022-09-14,443.6410,1152100,454.8615,455.3051,441.2345,-0.0217,-0.0282,-0.0318,-0.0287,-0.0223,35.8965,0.0152,-0.0004,-0.0034,-0.0412,0.3322,1.4668,buy
2022-09-15,458.0040,736400,448.7275,460.8729,446.3871,0.0324,-0.0082,0.0031,0.0024,0.0093,46.9002,0.0189,-0.0002,-0.0024,0.4281,-0.3608,0.9213,sell
2022-09-16,453.1913,1112800,455.0315,457.5983,446.7930,-0.0105,-0.0271,-0.0177,-0.0064,-0.0014,48.8832,0.0188,-0.0009,-0.0025,0.2922,0.5111,1.3334,hold
2022-09-19,452.9647,648600,450.9830,454.8615,444.2733,-0.0005,-0.0277,-0.0015,-0.0067,-0.0018,45.6754,0.0181,-0.0014,-0.0025,0.3029,-0.4171,0.7801,sell
2022-09-20,448.6992,793800,451.4549,451.4549,442.7351,-0.0094,-0.0106,-0.0006,-0.0160,-0.0110,44.1623,0.0180,-0.0026,-0.0029,0.1527,0.2239,0.9652,sell
2022-09-21,439.5171,725900,452.1249,456.7112,439.2340,-0.0205,-0.0093,-0.0372,-0.0325,-0.0308,40.4247,0.0180,-0.0052,-0.0045,-0.0807,-0.0855,0.8747,sell
2022-09-22,436.8181,873200,436.2801,439.6869,431.6938,-0.0061,-0.0463,-0.0541,-0.0332,-0.0365,35.9134,0.0172,-0.0077,-0.0056,-0.0560,0.2029,1.0392,sell
2022-09-23,428.2965,850400,432.2223,432.2223,420.8885,-0.0195,-0.0549,-0.0805,-0.0441,-0.0549,35.5774,0.0169,-0.0114,-0.0073,-0.1355,-0.0261,1.0039,sell
2022-09-26,422.9080,827700,422.1813,427.6925,416.6607,-0.0126,-0.0664,-0.0922,-0.0470,-0.0652,35.2996,0.0167,-0.0151,-0.0088,-0.1039,-0.0267,0.9652,hold
2022-09-27,420.8697,902800,427.6454,429.9103,418.8596,-0.0048,-0.0620,-0.0720,-0.0445,-0.0684,28.5552,0.0156,-0.0183,-0.0096,-0.0321,0.0907,1.0347,buy
2022-09-28,427.5887,1120100,424.4085,430.1744,415.2452,0.0160,-0.0271,-0.0362,-0.0257,-0.0518,29.7599,0.0163,-0.0189,-0.0083,0.1400,0.2407,1.2738,buy
2022-09-29,431.0710,1070400,428.2776,432.9584,422.9457,0.0081,-0.0132,-0.0588,-0.0117,-0.0440,29.3179,0.0115,-0.0186,-0.0064,0.2307,-0.0444,1.2370,sell
2022-09-30,428.6646,1120500,431.0427,444.1129,428.6646,-0.0056,0.0009,-0.0541,-0.0117,-0.0491,28.4543,0.0113,-0.0188,-0.0053,0.2190,0.0468,1.2651,buy
2022-10-03,443.5938,908400,429.4761,444.8017,428.3437,0.0348,0.0489,-0.0207,0.0249,-0.0165,44.4267,0.0171,-0.0154,-0.0018,0.4857,-0.1893,1.0160,buy
2022-10-04,452.2475,946200,445.7454,454.4463,443.3013,0.0195,0.0746,0.0079,0.0441,0.0023,54.9075,0.0181,-0.0113,0.0016,0.6333,0.0416,1.0623,hold
2022-10-05,451.8418,855800,451.6436,454.0595,445.4435,-0.0009,0.0567,0.0280,0.0402,0.0009,45.8211,0.0165,-0.0082,0.0038,0.6318,-0.0955,0.9576,hold
2022-10-06,451.0397,822100,451.3322,454.2577,449.2750,-0.0018,0.0463,0.0326,0.0349,-0.0013,48.4570,0.0163,-0.0058,0.0049,0.6318,-0.0394,0.9047,sell
2022-10-07,440.7628,708100,447.3120,447.3120,438.5923,-0.0228,0.0282,0.0291,0.0085,-0.0238,42.3519,0.0169,-0.0059,0.0041,0.4648,-0.1387,0.7901,hold
2022-10-10,440.8477,784800,442.4048,444.1884,434.9213,0.0002,-0.0062,0.0424,0.0045,-0.0232,44.8065,0.0160,-0.0057,0.0034,0.4901,0.1083,0.8806,buy
2022-10-11,444.2262,751400,439.9984,450.6527,437.8939,0.0077,-0.0177,0.0555,0.0069,-0.0158,53.3739,0.0157,-0.0049,0.0034,0.5761,-0.0426,0.8485,sell
2022-10-12,439.0358,706900,444.6036,448.1424,438.8376,-0.0117,-0.0283,0.0268,-0.0075,-0.0271,51.5342,0.0161,-0.0052,0.0025,0.4646,-0.0592,0.8188,buy
2022-10-13,447.4442,1087800,431.7033,451.0586,430.0141,0.0192,-0.0080,0.0380,0.0078,-0.0082,63.2667,0.0169,-0.0037,0.0031,0.6757,0.5388,1.2349,sell
2022-10-14,444.2638,872400,451.0868,454.8615,443.2163,-0.0071,0.0079,0.0364,-0.0028,-0.0152,65.2637,0.0170,-0.0032,0.0029,0.6149,-0.1980,1.0041,buy
2022-10-17,450.2186,868700,448.1519,452.7760,445.5756,0.0134,0.0213,0.0149,0.0090,-0.0021,69.8645,0.0136,-0.0016,0.0035,0.7708,-0.0042,0.9873,hold
2022-10-18,451.3416,1291800,458.2212,458.2212,447.9066,0.0025,0.0160,-0.0020,0.0117,0.0002,67.3946,0.0121,-0.0002,0.0039,0.7915,0.4870,1.4278,buy
2022-10-19,460.3445,1416300,459.9481,465.7141,450.6055,0.0199,0.0485,0.0188,0.0300,0.0200,69.8337,0.0137,0.0024,0.0052,0.9447,0.0964,1.5078,buy
2022-10-20,473.9431,1946500,463.3454,480.6528,461.7694,0.0295,0.0592,0.0508,0.0550,0.0491,76.6377,0.0161,0.0066,0.0074,1.0917,0.3744,1.9603,buy
2022-10-21,482.2665,1581800,474.8962,492.8736,474.5659,0.0176,0.0855,0.0942,0.0637,0.0660,74.6688,0.0131,0.0111,0.0095,1.0965,-0.1874,1.5364,buy
2022-10-24,496.8561,1502600,486.2301,499.2059,485.6073,0.0303,0.1036,0.1270,0.0825,0.0966,76.4521,0.0142,0.0165,0.0120,1.1492,-0.0501,1.4132,sell
2022-10-25,494.4497,1411300,494.7894,499.4513,489.0706,-0.0048,0.0955,0.1131,0.0656,0.0898,74.6801,0.0152,0.0205,0.0128,1.0270,-0.0608,1.2963,buy
2022-10-26,503.5280,1278600,498.8661,509.9168,497.3656,0.0184,0.0938,0.1469,0.0703,0.1078,77.7432,0.0130,0.0243,0.0134,1.0364,-0.0940,1.1659,hold
2022-10-27,501.6879,904600,503.9905,506.1421,499.0927,-0.0037,0.0585,0.1212,0.0542,0.1019,85.3559,0.0140,0.0272,0.0130,0.9478,-0.2925,0.8312,buy
2022-10-28,513.0404,777200,505.9815,514.4842,499.8569,0.0226,0.0638,0.1548,0.0627,0.1243,87.0495,0.0127,0.0301,0.0130,0.9902,-0.1408,0.7256,buy
2022-10-31,515.9847,1131700,509.1524,518.5799,508.5579,0.0057,0.0385,0.1461,0.0544,0.1287,86.9916,0.0130,0.0329,0.0127,0.9470,0.4561,1.0456,sell
2022-11-01,513.8710,918500,514.3145,517.1834,507.8596,-0.0041,0.0393,0.1385,0.0369,0.1223,89.8414,0.0138,0.0346,0.0114,0.8764,-0.1884,0.8497,sell
2022-11-02,507.8218,1053600,511.8042,516.9002,507.5764,-0.0118,0.0085,0.1031,0.0149,0.1070,82.9726,0.0155,0.0349,0.0092,0.7911,0.1471,0.9659,sell
2022-11-03,503.8016,735000,506.3591,509.8508,502.1030,-0.0079,0.0042,0.0630,0.0009,0.0963,82.2185,0.0148,0.0340,0.0065,0.7326,-0.3024,0.6765,sell
2022-11-04,497.0070,1109100,502.6692,506.7271,490.3539,-0.0135,-0.0313,0.0306,-0.0154,0.0799,75.0911,0.0154,0.0321,0.0034,0.6561,0.5090,1.0023,hold
2022-11-07,498.7057,1041900,488.4289,501.3197,488.3439,0.0034,-0.0335,0.0037,-0.0124,0.0816,75.2440,0.0121,0.0301,0.0011,0.6519,-0.0606,0.9308,hold
2022-11-08,500.4515,1262100,502.3484,507.1140,495.0347,0.0035,-0.0261,0.0121,-0.0102,0.0835,73.1684,0.0120,0.0284,-0.0004,0.6488,0.2113,1.1023,sell
2022-11-09,490.7221,873500,497.6866,502.1503,490.2314,-0.0194,-0.0337,-0.0254,-0.0269,0.0609,60.1462,0.0120,0.0258,-0.0028,0.5347,-0.3079,0.7574,buy
2022-11-10,492.4962,969500,500.6875,502.9901,481.1718,0.0036,-0.0224,-0.0183,-0.0216,0.0631,56.7179,0.0121,0.0232,-0.0042,0.5323,0.1099,0.8450,sell
2022-11-11,463.6945,2411400,489.7123,490.2030,453.5876,-0.0585,-0.0670,-0.0962,-0.0697,0.0008,31.6481,0.0191,0.0173,-0.0095,0.1694,1.4873,1.9696,hold
2022-11-14,463.1660,1344500,466.9597,471.3857,462.7036,-0.0011,-0.0713,-0.1024,-0.0608,-0.0007,32.3199,0.0186,0.0113,-0.0124,0.1337,-0.4424,1.0773,sell
2022-11-15,452.0399,1922500,465.7895,466.5162,451.0113,-0.0240,-0.0967,-0.1203,-0.0718,-0.0249,21.5595,0.0189,0.0047,-0.0157,-0.0139,0.4299,1.5024,sell
2022-11-16,449.3315,1862100,454.4841,461.0711,447.7838,-0.0060,-0.0843,-0.1152,-0.0661,-0.0304,21.3547,0.0190,-0.0013,-0.0174,-0.0134,-0.0314,1.4303,hold
2022-11-17,450.1525,1868300,447.8404,458.2872,447.5479,0.0018,-0.0860,-0.1065,-0.0539,-0.0282,11.1111,0.0195,-0.0058,-0.0175,0.0490,0.0033,1.4394,buy
2022-11-18,467.4316,1585900,456.2677,469.2435,454.0972,0.0384,0.0081,-0.0595,-0.0114,0.0091,24.4969,0.0249,-0.0060,-0.0138,0.2608,-0.1512,1.2216,buy
2022-11-21,471.7631,1460500,466.9314,474.3677,466.2142,0.0093,0.0186,-0.0540,0.0035,0.0182,28.3859,0.0252,-0.0054,-0.0106,0.3251,-0.0791,1.1269,buy
2022-11-22,476.6233,955600,475.9060,480.0300,475.8683,0.0103,0.0544,-0.0476,0.0190,0.0276,33.7878,0.0256,-0.0041,-0.0074,0.3891,-0.3457,0.7505,hold
2022-11-23,478.6050,656500,477.7179,483.0121,477.5669,0.0042,0.0651,-0.0247,0.0259,0.0304,36.6233,0.0251,-0.0028,-0.0048,0.4238,-0.3130,0.5285,buy
2022-11-25,484.9277,464000,480.9736,485.7487,479.7373,0.0132,0.0773,-0.0154,0.0411,0.0428,43.5549,0.0256,-0.0006,-0.0021,0.5039,-0.2932,0.3803,hold
2022-11-28,483.9086,722400,482.2005,487.4946,481.9174,-0.0021,0.0353,0.0436,0.0344,0.0392,42.0470,0.0159,0.0009,-0.0005,0.5093,0.5569,0.5934,buy
2022-11-29,486.3432,894300,484.9277,488.4099,482.3231,0.0050,0.0309,0.0500,0.0345,0.0429,42.4730,0.0158,0.0024,0.0009,0.5602,0.2380,0.7418,buy
2022-11-30,502.9146,2586500,487.7306,503.2072,485.3053,0.0341,0.0552,0.1125,0.0583,0.0760,56.0623,0.0146,0.0062,0.0037,0.7915,1.8922,2.0067,sell
2022-12-01,495.6765,900700,505.3210,506.8404,494.6101,-0.0144,0.0357,0.1031,0.0330,0.0579,51.4998,0.0159,0.0080,0.0044,0.7112,-0.6518,0.7029,hold
2022-12-02,495.3264,630300,494.0777,499.2428,493.5952,-0.0007,0.0214,0.1004,0.0227,0.0546,70.3886,0.0160,0.0093,0.0045,0.7181,-0.3002,0.4939,hold
2022-12-05,494.1345,714100,489.3193,497.2090,489.1301,-0.0024,0.0211,0.0571,0.0146,0.0491,69.7917,0.0128,0.0100,0.0042,0.7047,0.1330,0.5684,buy
2022-12-06,499.8672,1380600,495.1845,501.6268,495.0805,0.0116,0.0278,0.0596,0.0205,0.0578,82.8292,0.0129,0.0112,0.0044,0.7853,0.9333,1.0843,hold
2022-12-07,501.2863,1634300,500.0564,505.9406,499.6875,0.0028,-0.0032,0.0517,0.0183,0.0572,86.3050,0.0128,0.0123,0.0044,0.8041,0.1838,1.2651,hold
2022-12-08,500.5484,604500,503.1404,504.8906,499.5267,-0.0015,0.0098,0.0458,0.0122,0.0524,85.2566,0.0130,0.0129,0.0040,0.7794,-0.6301,0.4728,sell
2022-12-09,496.5752,873100,500.5389,503.3486,495.7049,-0.0079,0.0025,0.0240,0.0019,0.0412,75.0528,0.0131,0.0127,0.0030,0.7191,0.4443,0.6855,buy
2022-12-12,505.3350,769500,498.3441,505.6377,497.1427,0.0176,0.0227,0.0443,0.0151,0.0561,76.8178,0.0138,0.0135,0.0032,0.8058,-0.1187,0.6458,sell
2022-12-13,491.2775,1059400,510.8219,514.6343,489.8585,-0.0278,-0.0172,0.0101,-0.0141,0.0247,60.2063,0.0172,0.0123,0.0013,0.5987,0.3767,0.8999,hold
2022-12-14,492.0627,874400,493.0182,494.8629,486.9448,0.0016,-0.0184,-0.0216,-0.0104,0.0247,59.5319,0.0128,0.0110,0.0000,0.5899,-0.1746,0.7773,sell
2022-12-15,481.4959,1250200,488.2693,488.2976,478.5822,-0.0215,-0.0381,-0.0286,-0.0288,0.0014,47.7072,0.0137,0.0083,-0.0023,0.3862,0.4298,1.1425,sell
2022-12-16,474.9402,2903800,477.2200,479.2066,464.9598,-0.0136,-0.0436,-0.0412,-0.0381,-0.0132,44.4208,0.0141,0.0050,-0.0047,0.1843,1.3227,2.5338,hold
2022-12-19,475.7347,783000,474.6279,480.1242,472.2061,0.0017,-0.0586,-0.0372,-0.0329,-0.0130,43.2631,0.0142,0.0023,-0.0059,0.1718,-0.7304,0.7080,hold
2022-12-20,477.3997,675000,477.8632,478.7903,472.8399,0.0035,-0.0282,-0.0449,-0.0250,-0.0110,30.0127,0.0134,0.0005,-0.0061,0.1921,-0.1379,0.6328,buy
2022-12-21,483.2554,721300,480.5404,483.6717,468.5167,0.0123,-0.0179,-0.0360,-0.0094,-0.0005,40.0545,0.0143,-0.0000,-0.0052,0.3236,0.0686,0.6838,hold
2022-12-22,482.5175,652400,484.3149,486.3394,477.5699,-0.0015,0.0021,-0.0360,-0.0073,-0.0038,39.8073,0.0143,-0.0005,-0.0046,0.2951,-0.0955,0.6186,buy
2022-12-23,486.5191,711000,482.4607,487.1245,478.9227,0.0083,0.0244,-0.0203,0.0030,0.0028,44.1994,0.0147,-0.0002,-0.0034,0.3982,0.0898,0.6663,hold
2022-12-27,486.4435,641500,488.8936,491.9208,485.8380,-0.0002,0.0225,-0.0374,0.0068,0.0009,38.8108,0.0130,0.0000,-0.0025,0.3920,-0.0977,0.6035,hold
2022-12-28,484.9962,576900,489.0072,493.6804,483.8326,-0.0030,0.0159,-0.0128,0.0051,-0.0035,36.4280,0.0099,-0.0000,-0.0021,0.3557,-0.1007,0.5509,hold
2022-12-29,485.1853,301700,487.7395,487.7395,483.6812,0.0004,0.0040,-0.0140,0.0069,-0.0045,37.0823,0.0099,-0.0001,-0.0017,0.3790,-0.4770,0.3234,hold
2022-12-30,485.2703,468200,485.2514,486.3015,481.0039,0.0002,0.0057,0.0078,0.0063,-0.0053,39.8296,0.0069,-0.0001,-0.0013,0.3950,0.5519,0.5138,sell
2023-01-03,475.0820,1075600,481.2121,484.3245,466.8802,-0.0210,-0.0235,0.0003,-0.0148,-0.0263,23.4648,0.0087,-0.0018,-0.0025,0.1523,1.2973,1.1522,sell
2023-01-04,459.2270,1632500,475.2049,477.7307,457.5809,-0.0334,-0.0560,-0.0347,-0.0445,-0.0579,22.7475,0.0137,-0.0060,-0.0053,-0.1053,0.5178,1.6668,sell
2023-01-05,447.4587,1845500,458.8013,458.8013,445.5951,-0.0256,-0.0774,-0.0627,-0.0631,-0.0801,18.0423,0.0150,-0.0115,-0.0087,-0.1617,0.1305,1.8405,buy
2023-01-06,449.8048,2329400,449.0953,452.1225,439.5502,0.0052,-0.0729,-0.0692,-0.0515,-0.0736,24.2622,0.0142,-0.0150,-0.0098,-0.0225,0.2622,2.2453,sell
2023-01-09,445.2924,1254700,451.2049,456.7201,444.3274,-0.0100,-0.0824,-0.0771,-0.0536,-0.0807,25.0950,0.0141,-0.0187,-0.0107,-0.0088,-0.4614,1.1727,hold
2023-01-10,445.2640,855300,446.7303,448.3669,442.7098,-0.0001,-0.0628,-0.0848,-0.0453,-0.0786,24.0700,0.0133,-0.0212,-0.0106,0.0572,-0.3183,0.8000,buy
2023-01-11,454.5916,1240200,445.2546,457.4107,445.2546,0.0209,-0.0101,-0.0655,-0.0186,-0.0570,32.8300,0.0162,-0.0208,-0.0084,0.2151,0.4500,1.1351,sell
2023-01-12,451.3184,1386600,452.2928,457.7796,448.9440,-0.0072,0.0086,-0.0694,-0.0186,-0.0613,24.9850,0.0161,-0.0214,-0.0070,0.1977,0.1180,1.2504,buy
2023-01-13,456.9188,1007900,447.6196,463.1813,445.9925,0.0124,0.0158,-0.0583,-0.0002,-0.0474,31.3687,0.0171,-0.0202,-0.0048,0.3039,-0.2731,0.9034,hold
2023-01-17,454.9889,967800,458.1012,461.6488,453.4753,-0.0042,0.0218,-0.0624,0.0022,-0.0493,26.3381,0.0170,-0.0197,-0.0034,0.2951,-0.0398,0.8786,sell
2023-01-18,446.2384,1003600,455.9538,460.0595,445.6613,-0.0192,0.0022,-0.0607,-0.0108,-0.0654,23.3039,0.0169,-0.0209,-0.0035,0.1929,0.0370,0.9971,buy
2023-01-19,454.2888,941000,449.6913,455.9727,448.0358,0.0180,-0.0007,-0.0108,0.0081,-0.0468,31.2542,0.0154,-0.0195,-0.0019,0.3308,-0.0624,0.9276,hold
2023-01-20,453.5983,987600,454.6484,455.9728,447.1655,-0.0015,0.0051,0.0137,0.0052,-0.0464,30.8345,0.0128,-0.0187,-0.0008,0.3379,0.0495,0.9588,hold
2023-01-23,452.1320,926200,454.9227,458.1013,450.9306,-0.0032,-0.0105,0.0052,0.0015,-0.0476,30.2248,0.0128,-0.0181,-0.0001,0.3352,-0.0622,0.8903,hold
2023-01-24,452.6806,1269700,453.9861,455.9727,449.1142,0.0012,-0.0051,0.0166,0.0011,-0.0449,34.8940,0.0122,-0.0173,0.0005,0.3620,0.3709,1.1854,buy
2023-01-25,468.8289,2059500,456.9188,472.8873,454.5065,0.0357,0.0506,0.0529,0.0314,-0.0098,56.4494,0.0162,-0.0131,0.0033,0.6419,0.6220,1.8088,buy
2023-01-26,475.0726,1267900,472.8778,477.5227,463.6165,0.0133,0.0458,0.0451,0.0404,0.0029,70.0343,0.0156,-0.0090,0.0057,0.7737,-0.3844,1.0838,sell
2023-01-27,465.9341,1145300,476.0090,477.2483,462.7177,-0.0192,0.0272,0.0324,0.0172,-0.0165,60.6522,0.0170,-0.0075,0.0060,0.6380,-0.0967,0.9558,sell
2023-01-30,462.6704,818100,465.2530,469.8600,462.2352,-0.0070,0.0233,0.0126,0.0088,-0.0239,61.6694,0.0169,-0.0067,0.0055,0.6091,-0.2857,0.6683,buy
2023-01-31,472.9913,1293900,465.4328,481.3067,464.0138,0.0223,0.0449,0.0396,0.0273,-0.0031,66.3578,0.0180,-0.0041,0.0063,0.9049,0.5816,1.0225,hold
2023-02-01,471.8372,1242500,472.0642,476.5104,466.6909,-0.0024,0.0064,0.0574,0.0191,-0.0064,61.2599,0.0163,-0.0023,0.0065,0.8911,-0.0397,0.9755,sell
2023-02-02,454.4686,1704700,465.2719,467.0220,447.4114,-0.0368,-0.0434,0.0004,-0.0185,-0.0425,51.7371,0.0204,-0.0040,0.0041,0.4378,0.3720,1.3345,hold
2023-02-03,451.9144,1172000,455.2065,460.9298,450.7130,-0.0056,-0.0301,-0.0037,-0.0236,-0.0471,47.1446,0.0205,-0.0056,0.0020,0.3617,-0.3125,0.9424,hold
2023-02-06,452.8226,977700,454.5538,458.0824,451.9144,0.0020,-0.0213,0.0015,-0.0218,-0.0442,48.7494,0.0204,-0.0067,0.0008,0.3808,-0.1658,0.8313,hold
2023-02-07,452.0657,1007800,449.9183,452.2171,444.8856,-0.0017,-0.0442,-0.0014,-0.0233,-0.0447,53.7064,0.0205,-0.0076,-0.0001,0.3452,0.0308,0.8660,buy
2023-02-08,457.4296,1010600,450.7035,459.0000,449.3602,0.0119,-0.0305,-0.0243,-0.0093,-0.0323,52.0683,0.0169,-0.0071,0.0002,0.4787,0.0028,0.8626,hold
2023-02-09,459.3783,948100,458.6215,461.8852,456.3322,0.0043,0.0108,-0.0330,-0.0017,-0.0271,53.7443,0.0162,-0.0064,0.0007,0.5301,-0.0618,0.8195,buy
2023-02-10,464.2786,656600,462.0082,467.0599,461.7339,0.0107,0.0274,-0.0036,0.0093,-0.0158,57.5334,0.0157,-0.0049,0.0017,0.6596,-0.3075,0.5860,buy
2023-02-13,468.4694,880800,464.1840,474.6847,464.1840,0.0090,0.0346,0.0125,0.0172,-0.0055,59.3690,0.0158,-0.0030,0.0029,0.7615,0.3415,0.7906,sell
2023-02-14,464.9409,670300,470.5128,473.0008,463.7205,-0.0075,0.0285,-0.0170,0.0113,-0.0117,47.2864,0.0141,-0.0021,0.0030,0.6426,-0.2390,0.6098,sell
2023-02-15,460.8257,769400,459.5392,464.5057,458.9148,-0.0089,0.0074,-0.0233,0.0047,-0.0190,39.7523,0.0143,-0.0021,0.0025,0.4998,0.1478,0.7075,hold
2023-02-16,460.6933,640100,460.6555,465.4423,459.6906,-0.0003,0.0029,0.0137,0.0031,-0.0179,45.6692,0.0075,-0.0020,0.0020,0.4851,-0.1681,0.5969,buy
2023-02-17,468.3086,798700,460.4568,468.7249,458.8202,0.0165,0.0087,0.0363,0.0160,-0.0003,54.3466,0.0084,-0.0007,0.0027,0.7107,0.2478,0.7514,sell
2023-02-21,452.9645,1422100,467.4194,470.4182,451.9995,-0.0328,-0.0331,0.0003,-0.0173,-0.0311,35.6708,0.0143,-0.0023,0.0009,0.2037,0.7805,1.3073,buy
2023-02-22,457.6945,783000,455.1687,459.5486,452.3874,0.0104,-0.0156,0.0125,-0.0082,-0.0191,40.3735,0.0146,-0.0027,0.0004,0.3468,-0.4494,0.7363,buy
2023-02-23,459.8702,766400,458.4229,465.5179,456.7768,0.0048,-0.0021,0.0053,-0.0041,-0.0129,54.6355,0.0142,-0.0025,0.0004,0.4351,-0.0212,0.7673,sell
2023-02-24,452.2172,1145400,459.2176,459.4824,450.4008,-0.0166,-0.0184,-0.0156,-0.0191,-0.0271,50.2389,0.0151,-0.0038,-0.0007,0.1892,0.4945,1.1539,hold
2023-02-27,450.5805,947500,455.9633,456.8809,449.2183,-0.0036,-0.0379,-0.0295,-0.0197,-0.0290,48.2509,0.0145,-0.0051,-0.0015,0.1683,-0.1728,0.9641,sell
2023-02-28,444.3086,1533900,449.7481,450.0886,441.5935,-0.0139,-0.0191,-0.0516,-0.0283,-0.0405,44.4279,0.0143,-0.0072,-0.0029,0.0284,0.6189,1.5059,hold
2023-03-01,443.7032,807700,439.2286,445.0087,437.9988,-0.0014,-0.0306,-0.0457,-0.0251,-0.0402,39.4165,0.0143,-0.0088,-0.0036,0.0541,-0.4734,0.8124,hold
2023-03-02,443.4666,887000,443.3058,446.1628,440.0421,-0.0005,-0.0357,-0.0377,-0.0219,-0.0394,37.3989,0.0142,-0.0100,-0.0038,0.0827,0.0982,0.9084,hold
2023-03-03,444.8477,1236000,445.7653,445.7653,440.0231,0.0031,-0.0163,-0.0344,-0.0154,-0.0352,33.7035,0.0144,-0.0106,-0.0035,0.1626,0.3935,1.2969,buy
2023-03-06,447.3074,1517300,446.0019,448.1682,443.9112,0.0055,-0.0073,-0.0448,-0.0053,-0.0286,31.7208,0.0130,-0.0104,-0.0027,0.2530,0.2276,1.5637,sell
2023-03-07,441.5841,1221900,449.8143,451.2427,438.6988,-0.0128,-0.0061,-0.0251,-0.0155,-0.0393,30.5620,0.0092,-0.0114,-0.0029,0.1196,-0.1947,1.2436,hold
2023-03-08,441.4706,1346400,439.1340,442.6815,437.9987,-0.0003,-0.0050,-0.0354,-0.0122,-0.0378,32.7429,0.0081,-0.0119,-0.0027,0.1511,0.1019,1.3471,sell
2023-03-09,436.5072,1061400,445.2097,446.2251,434.8370,-0.0112,-0.0157,-0.0508,-0.0182,-0.0465,30.1459,0.0078,-0.0133,-0.0032,0.0797,-0.2117,1.0593,sell
2023-03-10,431.3825,1282900,435.1976,440.8442,430.0919,-0.0117,-0.0303,-0.0461,-0.0252,-0.0554,18.3955,0.0071,-0.0152,-0.0040,0.0330,0.2087,1.2593,buy
2023-03-13,435.5488,944600,430.6139,442.5145,430.5949,0.0097,-0.0263,-0.0334,-0.0124,-0.0443,31.5672,0.0085,-0.0155,-0.0035,0.1661,-0.2637,0.9143,hold
2023-03-14,435.1975,1610800,436.8963,439.5820,430.6613,-0.0008,-0.0145,-0.0205,-0.0111,-0.0429,23.7568,0.0076,-0.0157,-0.0030,0.1851,0.7053,1.5059,sell
2023-03-15,433.2047,1136400,428.4216,436.1276,427.9566,-0.0046,-0.0187,-0.0237,-0.0133,-0.0451,18.7607,0.0077,-0.0161,-0.0027,0.1698,-0.2945,1.0398,buy
2023-03-16,444.6118,1230100,431.4964,445.5418,430.3197,0.0263,0.0186,0.0026,0.0124,-0.0187,41.8105,0.0119,-0.0138,-0.0005,0.4585,0.0825,1.1023,sell
2023-03-17,439.5536,1743100,444.5548,444.9629,437.3613,-0.0114,0.0189,-0.0119,0.0021,-0.0290,38.9410,0.0124,-0.0131,0.0002,0.3511,0.4170,1.4884,buy
2023-03-20,443.1788,927900,439.6959,446.8420,439.6959,0.0082,0.0175,-0.0092,0.0113,-0.0208,48.8034,0.0126,-0.0116,0.0013,0.4750,-0.4677,0.7880,buy
2023-03-21,445.7506,847200,444.0708,447.0982,442.4860,0.0058,0.0242,0.0094,0.0162,-0.0149,52.0818,0.0120,-0.0099,0.0024,0.5715,-0.0870,0.7374,sell
2023-03-22,441.6603,717300,447.8859,450.6759,441.4895,-0.0092,0.0195,0.0004,0.0068,-0.0238,48.2969,0.0124,-0.0092,0.0025,0.4579,-0.1533,0.6262,sell
2023-03-23,423.5437,1900400,442.8751,446.4244,420.5449,-0.0410,-0.0474,-0.0297,-0.0316,-0.0629,34.7314,0.0178,-0.0123,-0.0001,-0.1400,1.6494,1.5807,buy
2023-03-24,433.4040,1668200,422.8984,433.5748,417.8592,0.0233,-0.0140,0.0047,-0.0095,-0.0402,40.9911,0.0193,-0.0122,-0.0002,0.2435,-0.1222,1.3580,buy
2023-03-27,440.3128,1104200,443.9759,446.3580,438.6805,0.0159,-0.0065,0.0109,0.0052,-0.0245,49.1887,0.0197,-0.0107,0.0009,0.5329,-0.3381,0.8932,sell
2023-03-28,435.1501,865100,444.0233,445.6177,434.1157,-0.0117,-0.0238,-0.0001,-0.0066,-0.0350,46.2107,0.0201,-0.0106,0.0009,0.3351,-0.2165,0.7192,hold
2023-03-29,432.9105,805000,436.3743,436.5926,430.2722,-0.0051,-0.0198,-0.0007,-0.0116,-0.0390,47.7708,0.0201,-0.0108,0.0006,0.2654,-0.0695,0.6693,hold
2023-03-30,435.5202,1034300,434.4004,437.4183,426.6754,0.0060,0.0283,-0.0204,-0.0036,-0.0327,52.6469,0.0181,-0.0103,0.0009,0.3895,0.2848,0.8548,hold
2023-03-31,436.3649,1084000,437.8074,438.2629,434.1062,0.0019,0.0068,-0.0073,-0.0009,-0.0301,50.5452,0.0178,-0.0096,0.0012,0.4411,0.0481,0.9015,buy
2023-04-03,452.1944,1224200,443.6533,454.4056,440.8537,0.0363,0.0270,0.0203,0.0332,0.0052,59.4095,0.0213,-0.0059,0.0037,1.0729,0.1293,1.0307,hold
2023-04-04,451.1884,846800,450.7803,452.0520,448.5597,-0.0022,0.0369,0.0122,0.0296,0.0030,60.0658,0.0213,-0.0033,0.0050,0.9656,-0.3083,0.7244,buy
2023-04-05,459.9763,1428500,454.3581,462.6050,449.7364,0.0195,0.0625,0.0415,0.0453,0.0222,58.8596,0.0216,0.0003,0.0067,1.1163,0.6869,1.2177,hold
2023-04-06,458.8849,815900,461.9502,463.6109,456.2087,-0.0024,0.0536,0.0834,0.0345,0.0202,61.6813,0.0151,0.0028,0.0075,0.9898,-0.4288,0.7029,hold
2023-04-10,460.2040,826800,456.7306,460.2894,455.0509,0.0029,0.0546,0.0618,0.0312,0.0238,60.5828,0.0141,0.0050,0.0077,0.9522,0.0134,0.7265,buy
2023-04-11,464.7118,1121500,462.7189,465.7652,460.6216,0.0098,0.0277,0.0554,0.0357,0.0339,61.5092,0.0138,0.0074,0.0081,0.9767,0.3564,0.9779,buy
2023-04-12,467.8530,1152600,463.2788,470.9088,462.2444,0.0068,0.0369,0.0752,0.0351,0.0406,66.0839,0.0124,0.0097,0.0083,0.9657,0.0277,1.0255,buy
2023-04-13,470.8993,932600,469.8269,472.9871,465.8506,0.0065,0.0237,0.0878,0.0332,0.0475,85.6836,0.0116,0.0119,0.0084,0.9542,-0.1909,0.8373,sell
2023-04-14,459.7580,941400,470.2636,472.1901,457.9075,-0.0237,0.0019,0.0557,0.0034,0.0233,69.4823,0.0155,0.0119,0.0066,0.7241,0.0094,0.8563,hold
2023-04-17,459.5777,881500,458.7995,459.9003,454.7567,-0.0004,-0.0014,0.0532,-0.0021,0.0226,65.8149,0.0156,0.0115,0.0050,0.7006,-0.0636,0.8345,hold
2023-04-18,458.4484,943800,458.3725,460.0712,455.0509,-0.0025,-0.0135,0.0138,-0.0059,0.0198,70.4823,0.0112,0.0109,0.0035,0.6646,0.0707,0.8928,sell
2023-04-19,434.0112,2960200,443.9853,445.4658,430.2342,-0.0533,-0.0723,-0.0381,-0.0553,-0.0337,50.6961,0.0207,0.0064,-0.0012,0.2379,2.1365,2.5459,hold
2023-04-20,431.7337,1952900,433.9544,433.9544,427.2923,-0.0052,-0.0832,-0.0614,-0.0545,-0.0379,47.5955,0.0190,0.0019,-0.0046,0.2151,-0.3403,1.5949,sell
2023-04-21,427.7573,1456300,431.7906,432.3030,421.0288,-0.0092,-0.0696,-0.0678,-0.0568,-0.0455,44.7432,0.0190,-0.0025,-0.0072,0.1344,-0.2543,1.2113,buy
2023-04-24,439.3163,1535600,428.7632,441.4610,427.1499,0.0270,-0.0441,-0.0454,-0.0268,-0.0189,41.7023,0.0217,-0.0036,-0.0066,0.3292,0.0545,1.2843,hold
2023-04-25,437.3708,1125900,441.3851,446.1017,437.0766,-0.0044,-0.0460,-0.0588,-0.0252,-0.0220,41.2034,0.0211,-0.0049,-0.0063,0.2986,-0.2668,0.9408,sell
2023-04-26,429.3138,1156300,432.7492,434.9888,424.9768,-0.0184,-0.0108,-0.0824,-0.0349,-0.0384,30.2964,0.0210,-0.0074,-0.0071,0.1687,0.0270,0.9546,buy
2023-04-27,441.6697,1122500,434.3339,442.5333,434.3339,0.0288,0.0230,-0.0621,-0.0005,-0.0096,40.3366,0.0237,-0.0068,-0.0051,0.3723,-0.0292,0.9147,hold
2023-04-28,444.7541,1083300,441.2523,448.2180,440.8632,0.0070,0.0397,-0.0326,0.0099,-0.0020,41.4960,0.0232,-0.0057,-0.0033,0.4172,-0.0349,0.8810,buy
2023-05-01,448.1990,785000,444.9154,452.8397,444.6877,0.0077,0.0202,-0.0248,0.0204,0.0063,40.8034,0.0234,-0.0042,-0.0015,0.4684,-0.2754,0.6463,sell
2023-05-02,442.5429,809900,447.3639,450.4766,437.3423,-0.0126,0.0118,-0.0347,0.0111,-0.0053,36.2879,0.0236,-0.0041,-0.0010,0.3726,0.0317,0.6783,sell
2023-05-03,434.8180,937900,443.2262,444.0044,433.1952,-0.0175,0.0128,0.0019,-0.0067,-0.0218,31.3956,0.0170,-0.0054,-0.0018,0.2514,0.1580,0.7825,hold
2023-05-04,433.4040,695600,434.6472,436.0897,429.1334,-0.0033,-0.0187,0.0039,-0.0103,-0.0239,34.8961,0.0169,-0.0066,-0.0024,0.2521,-0.2583,0.5987,buy
2023-05-05,440.7873,800300,438.7944,445.4469,435.4539,0.0170,-0.0089,0.0305,0.0036,-0.0065,40.0523,0.0173,-0.0060,-0.0015,0.3989,0.1505,0.6893,hold
2023-05-08,441.4706,648000,439.9806,442.0020,435.7955,0.0016,-0.0150,0.0049,0.0046,-0.0044,40.9692,0.0151,-0.0054,-0.0007,0.4264,-0.1903,0.5624,sell
2023-05-09,437.0007,601900,441.9165,445.4184,436.6685,-0.0101,-0.0125,-0.0008,-0.0055,-0.0139,52.0190,0.0154,-0.0057,-0.0008,0.3618,-0.0711,0.5345,hold
2023-05-10,435.9283,779100,436.1181,439.0885,433.5178,-0.0025,0.0026,0.0154,-0.0094,-0.0160,52.8798,0.0141,-0.0061,-0.0009,0.3588,0.2944,0.7035,sell
2023-05-11,433.4894,823600,435.4254,435.6152,431.3351,-0.0056,0.0002,-0.0185,-0.0131,-0.0210,54.0203,0.0104,-0.0068,-0.0013,0.3142,0.0571,0.7473,hold
2023-05-12,434.1346,600500,434.2960,436.1181,431.1263,0.0015,-0.0151,-0.0239,-0.0092,-0.0191,45.7089,0.0101,-0.0071,-0.0013,0.3480,-0.2709,0.5535,sell
2023-05-15,429.4750,936800,434.5997,434.5997,426.3907,-0.0107,-0.0272,-0.0418,-0.0157,-0.0290,43.7424,0.0097,-0.0082,-0.0019,0.2142,0.5600,0.8612,sell
2023-05-16,423.1451,767700,430.6708,431.1073,422.4523,-0.0147,-0.0317,-0.0438,-0.0258,-0.0423,44.9736,0.0099,-0.0103,-0.0030,-0.0199,-0.1805,0.7115,buy
2023-05-17,436.2984,1175600,424.1605,437.2854,423.4393,0.0311,0.0008,0.0034,0.0041,-0.0123,45.6794,0.0139,-0.0089,-0.0015,0.5068,0.5313,1.1878,sell
2023-05-18,431.8096,954400,433.6032,434.0113,426.3623,-0.0103,-0.0039,-0.0037,-0.0059,-0.0220,39.8178,0.0143,-0.0089,-0.0011,0.3247,-0.1882,1.0155,buy
2023-05-19,434.4858,891000,432.5878,438.2344,431.1833,0.0062,0.0008,-0.0143,0.0018,-0.0158,39.0811,0.0132,-0.0081,-0.0004,0.4154,-0.0664,0.9775,hold
2023-05-22,433.7361,709900,435.3020,437.7599,431.6957,-0.0017,0.0099,-0.0175,0.0018,-0.0176,42.3934,0.0132,-0.0077,0.0001,0.3951,-0.2033,0.8157,hold
2023-05-23,434.1822,1012900,430.8796,436.6686,427.0835,0.0010,0.0261,-0.0064,0.0035,-0.0166,49.3719,0.0128,-0.0071,0.0005,0.4211,0.4268,1.1715,hold
2023-05-24,433.3091,763100,435.9853,437.3044,433.0528,-0.0020,-0.0069,-0.0060,0.0021,-0.0185,49.9052,0.0128,-0.0068,0.0007,0.3715,-0.2466,0.9031,sell
2023-05-25,427.1310,979700,429.5794,431.2307,423.3539,-0.0143,-0.0108,-0.0147,-0.0107,-0.0322,36.0263,0.0135,-0.0077,-0.0001,0.1440,0.2838,1.1694,sell
2023-05-26,423.1546,1201400,426.2104,431.0409,422.7371,-0.0093,-0.0261,-0.0253,-0.0175,-0.0403,32.4417,0.0137,-0.0090,-0.0011,0.0361,0.2263,1.4239,sell
2023-05-30,419.2067,1635500,420.1747,421.2851,416.1983,-0.0093,-0.0335,-0.0239,-0.0243,-0.0483,32.7696,0.0136,-0.0108,-0.0022,-0.0668,0.3613,1.8454,buy
2023-05-31,424.9863,2453000,418.4286,427.3019,416.4072,0.0138,-0.0212,0.0044,-0.0113,-0.0344,40.2897,0.0137,-0.0107,-0.0018,0.1978,0.4998,2.5331,buy
2023-06-01,440.7493,1629900,426.8653,443.6817,425.2045,0.0371,0.0172,0.0102,0.0243,0.0016,55.2105,0.0152,-0.0074,0.0009,0.8385,-0.3355,1.6250,buy
2023-06-02,447.0033,1618200,443.8905,449.1765,438.7469,0.0142,0.0465,0.0352,0.0352,0.0156,58.5477,0.0151,-0.0039,0.0035,0.9987,-0.0072,1.5424,buy
2023-06-05,455.9334,1526000,448.2939,457.5088,447.0602,0.0200,0.0775,0.0494,0.0507,0.0343,66.6309,0.0160,0.0005,0.0061,1.1488,-0.0570,1.4059,sell
2023-06-06,440.9106,1359800,455.8860,456.0853,437.0766,-0.0329,0.0518,0.0165,0.0144,-0.0001,60.0667,0.0200,0.0012,0.0057,0.7093,-0.1089,1.2130,sell
2023-06-07,436.6685,1497400,439.9426,441.9545,436.1086,-0.0096,0.0275,0.0057,0.0041,-0.0095,50.2333,0.0203,0.0010,0.0044,0.5849,0.1012,1.2845,buy
2023-06-08,443.9138,977400,435.8688,445.2753,435.8688,0.0166,0.0072,0.0245,0.0182,0.0065,57.3730,0.0209,0.0021,0.0044,0.7772,-0.3473,0.8313,buy
2023-06-09,447.6364,740700,444.8754,454.3771,442.1239,0.0084,0.0014,0.0480,0.0220,0.0143,57.9096,0.0201,0.0036,0.0047,0.8436,-0.2422,0.6322,hold
2023-06-12,450.2166,829400,447.6365,452.5587,443.7425,0.0058,-0.0125,0.0640,0.0215,0.0194,59.6988,0.0194,0.0052,0.0050,0.8674,0.1198,0.7011,sell
2023-06-13,446.1703,1566600,449.3216,453.0252,444.2661,-0.0090,0.0119,0.0643,0.0062,0.0098,56.7683,0.0194,0.0057,0.0044,0.7402,0.8888,1.2899,sell
2023-06-14,415.4182,3353500,418.9028,423.3490,408.3158,-0.0689,-0.0487,-0.0225,-0.0611,-0.0582,42.4473,0.0304,0.0005,-0.0007,0.0157,1.1406,2.4956,buy
2023-06-15,430.0802,1753200,418.5601,434.5074,416.8845,0.0353,-0.0312,-0.0242,-0.0256,-0.0240,51.1618,0.0302,-0.0010,-0.0017,0.3666,-0.4772,1.2772,sell
2023-06-16,421.9686,2487200,431.3275,432.2415,419.1980,-0.0189,-0.0573,-0.0560,-0.0386,-0.0408,49.5475,0.0300,-0.0037,-0.0036,0.2013,0.4187,1.7162,sell
2023-06-20,416.9416,2582300,416.8178,419.5598,411.0197,-0.0119,-0.0739,-0.0855,-0.0415,-0.0504,49.1429,0.0287,-0.0069,-0.0054,0.1327,0.0382,1.6835,buy
2023-06-21,423.7013,1383900,416.9320,429.7279,416.4655,0.0162,-0.0504,-0.0390,-0.0221,-0.0334,49.5173,0.0282,-0.0078,-0.0050,0.2892,-0.4641,0.8828,buy
2023-06-22,428.3094,1146800,425.4627,429.6232,422.7207,0.0109,0.0310,-0.0191,-0.0095,-0.0213,44.9002,0.0285,-0.0075,-0.0039,0.3905,-0.1713,0.7285,hold
2023-06-23,428.8140,1906500,426.8813,431.8321,425.8150,0.0012,-0.0029,-0.0340,-0.0049,-0.0184,42.1743,0.0278,-0.0072,-0.0028,0.4057,0.6625,1.1686,hold
2023-06-26,427.2621,667300,428.3951,430.4230,424.4344,-0.0036,0.0125,-0.0455,-0.0038,-0.0200,36.8282,0.0275,-0.0072,-0.0023,0.3740,-0.6500,0.4130,sell
2023-06-27,423.2157,1372600,425.8530,427.0431,420.2548,-0.0095,0.0150,-0.0600,-0.0070,-0.0276,40.9591,0.0273,-0.0079,-0.0024,0.2915,1.0569,0.8450,sell
2023-06-28,416.1609,1369700,419.5693,421.4259,415.3707,-0.0167,-0.0178,-0.0673,-0.0166,-0.0419,39.8147,0.0275,-0.0099,-0.0033,0.1566,-0.0021,0.8502,hold
2023-06-29,419.0076,1380500,416.1323,419.7312,414.7042,0.0068,-0.0217,0.0086,-0.0107,-0.0336,37.0649,0.0168,-0.0105,-0.0032,0.2257,0.0079,0.8864,buy
2023-06-30,422.9967,1472800,417.3604,425.2341,415.1136,0.0095,-0.0136,-0.0165,0.0004,-0.0239,37.2387,0.0124,-0.0101,-0.0023,0.3220,0.0669,0.9504,hold
2023-07-03,423.1776,754200,421.3306,425.9101,418.1316,0.0004,-0.0096,0.0029,0.0005,-0.0231,35.6392,0.0108,-0.0097,-0.0016,0.3445,-0.4879,0.5007,sell
2023-07-05,421.7972,1659400,422.5684,425.6340,419.8169,-0.0033,-0.0034,0.0116,-0.0039,-0.0260,36.6778,0.0100,-0.0096,-0.0011,0.3331,1.2002,1.0967,sell
2023-07-06,418.2460,1421000,421.0165,421.5878,416.4085,-0.0084,0.0050,-0.0129,-0.0110,-0.0333,52.1997,0.0088,-0.0101,-0.0013,0.2766,-0.1437,0.9373,sell
2023-07-07,408.8204,1497300,414.7233,420.3405,408.1825,-0.0225,-0.0243,-0.0455,-0.0288,-0.0538,31.9949,0.0100,-0.0125,-0.0027,0.1153,0.0537,0.9876,buy
2023-07-10,411.6956,1349900,409.3535,414.5804,408.7347,0.0070,-0.0267,-0.0399,-0.0180,-0.0464,40.4530,0.0105,-0.0133,-0.0029,0.2047,-0.0984,0.8796,buy
2023-07-11,414.0759,1206400,411.0959,416.1990,409.6392,0.0058,-0.0215,-0.0309,-0.0092,-0.0396,47.1990,0.0110,-0.0133,-0.0024,0.2725,-0.1063,0.7743,sell
2023-07-12,394.2822,3284400,406.5353,408.3633,392.2542,-0.0478,-0.0652,-0.0684,-0.0500,-0.0834,27.0840,0.0179,-0.0179,-0.0051,-0.1466,1.7225,1.9541,buy
2023-07-13,397.6145,1904600,396.3101,401.0419,394.9106,0.0085,-0.0493,-0.0446,-0.0377,-0.0735,25.6054,0.0182,-0.0200,-0.0058,-0.0395,-0.4201,1.1219,buy
2023-07-14,417.7032,2512900,414.3329,422.3493,414.1520,0.0505,0.0217,-0.0031,0.0113,-0.0255,43.2660,0.0251,-0.0166,-0.0025,0.4845,0.3194,1.5178,hold
2023-07-17,416.2180,1351100,414.5995,417.5699,413.8188,-0.0036,0.0110,-0.0160,0.0093,-0.0282,43.3010,0.0249,-0.0148,-0.0006,0.4620,-0.4623,0.8261,buy
2023-07-18,422.4255,1895300,420.1119,428.4140,417.1986,0.0149,0.0202,-0.0018,0.0246,-0.0132,49.5329,0.0254,-0.0119,0.0018,0.6317,0.4028,1.1802,buy
2023-07-19,441.0100,2649400,451.2829,457.9093,440.6863,0.0440,0.1185,0.0455,0.0647,0.0302,62.9259,0.0289,-0.0058,0.0058,1.0281,0.3979,1.6463,buy
2023-07-20,452.9585,1942900,446.7129,455.3577,444.6850,0.0271,0.1392,0.0830,0.0845,0.0576,66.1328,0.0293,0.0007,0.0096,1.1299,-0.2667,1.1867,hold
2023-07-21,453.1204,2300600,455.3673,457.0620,452.1397,0.0004,0.0848,0.1084,0.0735,0.0572,64.8545,0.0274,0.0058,0.0117,1.0327,0.1841,1.3573,sell
2023-07-24,448.5790,1372100,449.3502,452.5301,446.9224,-0.0100,0.0778,0.0896,0.0535,0.0460,62.0094,0.0282,0.0089,0.0120,0.9084,-0.4036,0.8225,buy
2023-07-25,453.0443,990300,450.2737,455.5577,449.5787,0.0100,0.0725,0.0941,0.0543,0.0554,64.3544,0.0281,0.0119,0.0119,0.9216,-0.2783,0.5879,sell
2023-07-26,447.0843,1291900,453.1585,456.9858,444.9516,-0.0132,0.0138,0.1339,0.0278,0.0409,62.9610,0.0217,0.0134,0.0107,0.8050,0.3046,0.7688,hold
2023-07-27,448.1315,900200,448.3695,452.1207,446.5511,0.0023,-0.0107,0.1271,0.0184,0.0424,69.1069,0.0219,0.0143,0.0093,0.7882,-0.3032,0.5433,sell
2023-07-28,444.6565,947100,447.5698,450.7783,441.0386,-0.0078,-0.0187,0.0645,0.0044,0.0333,65.9275,0.0180,0.0145,0.0075,0.7206,0.0521,0.5792,buy
2023-07-31,449.0265,857500,444.7231,450.2927,442.9523,0.0098,0.0010,0.0788,0.0068,0.0429,66.5704,0.0177,0.0149,0.0065,0.7539,-0.0946,0.5345,sell
2023-08-01,445.5514,835900,449.9309,451.5685,443.8948,-0.0077,-0.0165,0.0547,-0.0062,0.0341,78.7568,0.0181,0.0148,0.0050,0.6924,-0.0252,0.5197,buy
2023-08-02,449.1122,963700,451.9779,454.6913,447.7412,0.0080,0.0045,0.0184,-0.0000,0.0417,78.8111,0.0123,0.0149,0.0041,0.7165,0.1529,0.6124,sell
2023-08-03,445.5800,1309700,446.7987,448.2173,441.6575,-0.0079,-0.0057,-0.0163,-0.0063,0.0329,69.1423,0.0088,0.0144,0.0028,0.6560,0.3590,0.8352,sell
2023-08-04,440.9815,663600,447.8650,448.8647,439.8295,-0.0103,-0.0083,-0.0268,-0.0138,0.0219,66.3072,0.0092,0.0130,0.0011,0.5819,-0.4933,0.4347,buy
2023-08-07,448.2553,621100,442.9427,449.3787,442.3619,0.0165,-0.0017,-0.0007,0.0025,0.0381,66.7739,0.0105,0.0128,0.0009,0.6569,-0.0640,0.4168,sell
2023-08-08,440.4959,938900,442.7047,444.6184,434.6121,-0.0173,-0.0113,-0.0277,-0.0121,0.0195,49.6115,0.0112,0.0115,-0.0005,0.5375,0.5117,0.6358,sell
2023-08-09,438.2680,711000,440.6387,442.6380,437.1350,-0.0051,-0.0241,-0.0197,-0.0151,0.0136,36.9876,0.0106,0.0098,-0.0018,0.4710,-0.2427,0.5275,buy
2023-08-10,443.7710,665300,439.7819,447.9031,439.1535,0.0126,-0.0041,-0.0097,-0.0018,0.0252,42.4345,0.0115,0.0092,-0.0018,0.5334,-0.0643,0.5173,buy
2023-08-11,451.3400,1030800,446.1702,452.6729,444.6279,0.0171,0.0235,0.0150,0.0137,0.0414,52.1298,0.0125,0.0099,-0.0008,0.6933,0.5494,0.8506,sell
2023-08-14,448.8075,864200,449.5216,453.7012,446.7986,-0.0056,0.0012,-0.0005,0.0081,0.0352,46.6313,0.0123,0.0101,-0.0005,0.6148,-0.1616,0.7277,sell
2023-08-15,445.3990,648000,447.1985,449.0550,444.1137,-0.0076,0.0111,-0.0003,0.0004,0.0274,48.6034,0.0123,0.0095,-0.0009,0.4217,-0.2502,0.5759,sell
2023-08-16,442.8570,682300,446.1703,448.7218,442.6857,-0.0057,0.0105,-0.0139,-0.0039,0.0221,45.7345,0.0121,0.0085,-0.0016,0.2638,0.0529,0.6645,sell
2023-08-17,437.3636,1065500,437.4968,442.7142,435.6117,-0.0124,-0.0144,-0.0184,-0.0144,0.0096,44.2887,0.0125,0.0067,-0.0028,0.0133,0.5616,1.0839,buy
2023-08-18,440.6006,619000,436.8590,442.5809,436.8590,0.0074,-0.0238,-0.0009,-0.0070,0.0169,43.2822,0.0124,0.0056,-0.0031,0.2188,-0.4191,0.6886,buy
2023-08-21,443.9233,729300,439.7056,444.6373,438.7345,0.0075,-0.0109,-0.0097,0.0014,0.0246,48.6988,0.0113,0.0053,-0.0026,0.4243,0.1782,0.8414,sell
2023-08-22,441.0957,734200,441.4003,445.0563,440.5054,-0.0064,-0.0097,0.0014,-0.0051,0.0184,43.5170,0.0100,0.0046,-0.0027,0.2757,0.0067,0.8598,sell
2023-08-23,437.8015,671100,441.2956,442.8094,435.2119,-0.0075,-0.0114,-0.0011,-0.0124,0.0113,43.6852,0.0102,0.0034,-0.0032,0.1182,-0.0859,0.8155,sell
2023-08-24,434.1455,827900,437.6682,440.9719,433.0221,-0.0084,-0.0074,-0.0217,-0.0185,0.0034,44.3641,0.0094,0.0017,-0.0040,-0.0052,0.2336,1.0105,sell
2023-08-25,430.8323,935600,436.2115,436.5067,427.5667,-0.0076,-0.0222,-0.0454,-0.0215,-0.0049,34.6322,0.0067,-0.0003,-0.0048,-0.0537,0.1301,1.1427,buy
2023-08-28,432.6317,628500,431.4892,434.0694,430.6800,0.0042,-0.0254,-0.0360,-0.0138,-0.0009,42.2485,0.0072,-0.0015,-0.0048,0.0862,-0.3282,0.7785,buy
2023-08-29,435.8688,698400,433.1935,436.0402,431.0704,0.0075,-0.0118,-0.0214,-0.0042,0.0059,47.6813,0.0078,-0.0018,-0.0040,0.2555,0.1112,0.8726,buy
2023-08-30,437.5445,875700,437.3159,441.0291,435.7070,0.0038,-0.0006,-0.0120,0.0008,0.0088,43.5016,0.0079,-0.0017,-0.0032,0.3479,0.2539,1.1001,sell
2023-08-31,420.8261,2054900,438.8393,438.8393,420.0644,-0.0382,-0.0307,-0.0378,-0.0338,-0.0296,23.2605,0.0139,-0.0049,-0.0051,-0.1761,1.3466,2.4661,hold
2023-09-01,421.1783,1319600,424.4629,426.5670,418.4744,0.0008,-0.0224,-0.0441,-0.0286,-0.0284,24.8264,0.0135,-0.0072,-0.0059,-0.0409,-0.3578,1.5237,buy
2023-09-05,428.5759,1053800,423.2157,429.5566,422.9777,0.0176,-0.0094,-0.0346,-0.0080,-0.0114,35.7108,0.0148,-0.0074,-0.0049,0.2174,-0.2014,1.1871,sell
2023-09-06,424.6248,1149900,428.5759,431.8701,423.9584,-0.0092,-0.0258,-0.0373,-0.0134,-0.0204,34.8760,0.0149,-0.0083,-0.0047,0.1405,0.0912,1.2802,buy
2023-09-07,430.1748,980800,427.3186,432.6393,425.3508,0.0131,-0.0168,-0.0174,0.0012,-0.0079,44.0423,0.0157,-0.0078,-0.0034,0.3179,-0.1471,1.0757,hold
2023-09-08,428.6656,993400,429.2292,430.5856,426.9366,-0.0035,0.0186,-0.0126,-0.0010,-0.0119,39.8173,0.0155,-0.0077,-0.0026,0.2958,0.0128,1.0703,hold
2023-09-11,429.1526,766600,429.6589,433.3079,427.0224,0.0011,0.0189,-0.0039,0.0005,-0.0113,36.7572,0.0154,-0.0074,-0.0018,0.3277,-0.2283,0.8379,sell
2023-09-12,425.3699,1217100,426.0386,428.1210,416.0850,-0.0088,-0.0075,-0.0168,-0.0066,-0.0201,36.1383,0.0155,-0.0079,-0.0018,0.2282,0.5877,1.3051,sell
2023-09-13,423.3544,1372000,426.0386,427.0034,420.7848,-0.0047,-0.0030,-0.0287,-0.0084,-0.0247,36.9717,0.0152,-0.0085,-0.0019,0.1873,0.1273,1.4162,hold
2023-09-14,424.4720,878600,426.6308,427.6243,420.1065,0.0026,-0.0133,-0.0299,-0.0027,-0.0223,40.8579,0.0151,-0.0086,-0.0017,0.2497,-0.3596,0.8978,sell
2023-09-15,422.1412,1581600,422.9818,428.4840,421.1095,-0.0055,-0.0152,0.0031,-0.0085,-0.0278,41.6310,0.0089,-0.0092,-0.0017,0.1994,0.8001,1.5747,hold
2023-09-18,422.9054,786600,425.4463,425.4463,419.8391,0.0018,-0.0146,0.0041,-0.0071,-0.0267,40.4436,0.0089,-0.0093,-0.0015,0.2504,-0.5027,0.7767,sell
2023-09-19,419.1417,1235100,421.2624,423.0869,414.3178,-0.0089,-0.0146,-0.0220,-0.0138,-0.0357,33.7335,0.0070,-0.0101,-0.0017,0.1335,0.5702,1.1898,buy
2023-09-20,425.8762,1085700,421.6922,427.4715,415.3017,0.0161,0.0060,0.0029,0.0018,-0.0207,39.6694,0.0086,-0.0091,-0.0007,0.4171,-0.1210,1.0285,buy
2023-09-21,430.6524,1340400,426.6977,435.5051,424.7108,0.0112,0.0146,0.0011,0.0129,-0.0114,61.0328,0.0083,-0.0073,0.0007,0.6550,0.2346,1.2307,sell
2023-09-22,427.0893,820700,428.1687,431.3592,426.1914,-0.0083,0.0117,-0.0037,0.0049,-0.0209,56.1904,0.0086,-0.0067,0.0012,0.5018,-0.3877,0.7538,buy
2023-09-25,433.7187,706200,427.8058,433.9766,427.2040,0.0155,0.0256,0.0106,0.0194,-0.0064,55.4740,0.0100,-0.0047,0.0024,0.8169,-0.1395,0.6555,sell
2023-09-26,428.1019,886000,430.8530,432.7252,423.5645,-0.0130,0.0214,0.0064,0.0055,-0.0198,53.5742,0.0105,-0.0043,0.0023,0.5566,0.2546,0.8127,sell
2023-09-27,424.8541,1001500,428.0159,428.8470,424.0039,-0.0076,-0.0024,0.0035,-0.0024,-0.0274,44.2589,0.0107,-0.0046,0.0017,0.4138,0.1304,0.9061,buy
2023-09-28,427.2613,1045300,427.3759,431.1969,425.4368,0.0057,-0.0079,0.0066,0.0026,-0.0213,48.5136,0.0108,-0.0042,0.0016,0.5909,0.0437,0.9385,sell
2023-09-29,415.9321,1374400,425.6183,425.9144,415.6551,-0.0265,-0.0261,-0.0147,-0.0226,-0.0456,38.6185,0.0138,-0.0061,-0.0001,-0.0782,0.3148,1.2729,buy
2023-10-02,420.4886,1174800,416.5052,421.0331,412.0729,0.0110,-0.0305,-0.0057,-0.0113,-0.0337,45.8529,0.0143,-0.0066,-0.0005,0.1976,-0.1452,1.0954,sell
2023-10-03,414.1076,887400,418.8265,419.6003,412.2353,-0.0152,-0.0327,-0.0120,-0.0252,-0.0468,42.6866,0.0149,-0.0082,-0.0016,-0.0507,-0.2446,0.8339,buy
2023-10-04,418.3489,747600,414.0980,418.5686,413.6108,0.0102,-0.0153,-0.0177,-0.0135,-0.0355,45.3852,0.0142,-0.0084,-0.0015,0.1950,-0.1575,0.7160,buy
2023-10-05,424.0039,1088300,417.0401,425.0546,415.8270,0.0135,-0.0076,-0.0154,0.0014,-0.0215,51.3369,0.0145,-0.0074,-0.0005,0.4859,0.4557,1.0370,buy
2023-10-06,429.8214,1112700,424.2427,432.8781,422.4946,0.0137,0.0334,0.0064,0.0145,-0.0072,54.6280,0.0150,-0.0054,0.0011,0.7738,0.0224,1.0543,buy
2023-10-09,432.7348,712100,428.3789,433.1933,426.1245,0.0068,0.0291,-0.0023,0.0216,0.0001,59.2008,0.0143,-0.0033,0.0026,0.8916,-0.3600,0.6764,buy
2023-10-10,434.7599,898600,435.2089,438.7720,432.8399,0.0047,0.0499,0.0156,0.0248,0.0054,56.4227,0.0136,-0.0013,0.0036,0.9268,0.2619,0.8667,hold
2023-10-11,433.2697,922000,431.4930,433.6041,429.0667,-0.0034,0.0357,0.0198,0.0193,0.0026,51.9866,0.0133,0.0001,0.0040,0.8245,0.0260,0.9090,hold
2023-10-12,433.2315,852300,433.8143,435.9253,429.9551,-0.0001,0.0218,0.0140,0.0178,0.0032,54.9257,0.0133,0.0011,0.0040,0.7931,-0.0756,0.8414,hold
2023-10-13,433.7856,1665100,438.0651,445.7739,430.4995,0.0013,0.0092,0.0429,0.0148,0.0050,50.0594,0.0090,0.0020,0.0039,0.7842,0.9537,1.6370,buy
2023-10-16,441.9148,2759100,416.4862,448.7639,416.4766,0.0187,0.0212,0.0510,0.0287,0.0238,61.7485,0.0099,0.0041,0.0048,1.0018,0.6570,2.4728,buy
2023-10-17,444.8473,1453600,442.3732,450.6074,440.6729,0.0066,0.0232,0.0742,0.0281,0.0308,67.0968,0.0069,0.0062,0.0055,1.0096,-0.4732,1.2902,buy
2023-10-18,448.3053,2076700,459.4434,460.9050,442.5929,0.0078,0.0347,0.0716,0.0290,0.0384,67.6777,0.0069,0.0084,0.0061,1.0129,0.4287,1.7655,sell
2023-10-19,442.5452,1238000,447.4265,452.0499,440.0138,-0.0128,0.0215,0.0437,0.0115,0.0249,74.6636,0.0088,0.0091,0.0055,0.8206,-0.4039,1.0571,sell
2023-10-20,433.4704,1159600,442.9941,443.3571,433.2411,-0.0205,-0.0007,0.0085,-0.0101,0.0043,61.1011,0.0111,0.0080,0.0035,0.5716,-0.0633,0.9760,sell
2023-10-23,431.5503,1644200,432.8208,434.3969,424.3668,-0.0044,-0.0235,-0.0027,-0.0142,0.0008,66.1478,0.0110,0.0066,0.0016,0.5235,0.4179,1.3314,hold
2023-10-24,432.3336,1180300,431.8082,440.5391,431.7700,0.0018,-0.0281,-0.0056,-0.0119,0.0034,63.8321,0.0109,0.0055,0.0004,0.5388,-0.2821,0.9445,sell
2023-10-25,429.9264,640100,432.7062,434.8841,427.6625,-0.0056,-0.0410,-0.0077,-0.0166,-0.0015,56.2601,0.0110,0.0042,-0.0007,0.4675,-0.4577,0.5197,hold
2023-10-26,429.6590,676200,426.8028,433.4608,426.8028,-0.0006,-0.0291,-0.0082,-0.0164,-0.0015,49.8055,0.0110,0.0030,-0.0015,0.4569,0.0564,0.5574,sell
2023-10-27,421.7018,880100,427.9013,429.6971,419.6384,-0.0185,-0.0271,-0.0279,-0.0320,-0.0193,38.2120,0.0123,0.0006,-0.0032,0.2210,0.3015,0.7406,buy
2023-10-30,427.9681,1114500,423.3161,429.0476,421.1955,0.0149,-0.0083,-0.0316,-0.0144,-0.0041,43.3464,0.0116,-0.0001,-0.0031,0.3836,0.2663,0.9402,buy
2023-10-31,429.9455,1253700,429.8595,432.0375,428.2261,0.0046,-0.0055,-0.0335,-0.0065,0.0011,46.7742,0.0114,-0.0003,-0.0026,0.4067,0.1249,1.0415,sell
2023-11-01,426.6691,1556700,428.4458,430.5187,423.2302,-0.0076,-0.0076,-0.0483,-0.0091,-0.0058,44.0084,0.0108,-0.0011,-0.0028,0.2610,0.2417,1.2512,buy
2023-11-02,431.3020,1183900,426.2392,431.6937,417.8426,0.0109,0.0038,-0.0254,0.0043,0.0053,47.8897,0.0114,-0.0008,-0.0020,0.4149,-0.2395,0.9479,sell
2023-11-03,429.7258,673100,431.8369,432.7730,426.4493,-0.0037,0.0190,-0.0086,0.0015,0.0018,38.3448,0.0096,-0.0009,-0.0016,0.3538,-0.4315,0.5486,buy
2023-11-06,434.1773,723000,430.7766,435.8012,430.0888,0.0104,0.0145,0.0061,0.0113,0.0120,40.0853,0.0101,-0.0001,-0.0007,0.5242,0.0741,0.5890,buy
2023-11-07,436.7755,1202400,436.0686,440.4723,434.3396,0.0060,0.0159,0.0103,0.0163,0.0179,39.1124,0.0102,0.0010,0.0003,0.6208,0.6631,0.9675,sell
2023-11-08,432.9068,973800,438.6096,439.1636,429.9073,-0.0089,0.0146,0.0069,0.0066,0.0090,40.5612,0.0105,0.0011,0.0004,0.4717,-0.1901,0.7820,hold
2023-11-09,432.7826,793200,434.5116,435.7343,430.3371,-0.0003,0.0034,0.0073,0.0055,0.0090,49.1833,0.0105,0.0012,0.0003,0.4678,-0.1855,0.6385,buy
2023-11-10,437.7403,762200,434.0053,438.9057,430.9772,0.0115,0.0187,0.0380,0.0133,0.0197,56.8558,0.0084,0.0021,0.0010,0.6504,-0.0391,0.6366,buy
2023-11-13,440.7398,581900,438.0842,442.2491,435.4095,0.0069,0.0151,0.0298,0.0172,0.0258,58.8746,0.0076,0.0033,0.0018,0.7706,-0.2366,0.5347,hold
2023-11-14,441.0836,687300,439.2973,444.2264,435.9444,0.0008,0.0099,0.0259,0.0154,0.0260,62.3155,0.0076,0.0043,0.0023,0.8050,0.1811,0.6545,sell
2023-11-15,436.2788,1316000,440.2813,441.5517,432.4196,-0.0109,0.0078,0.0225,0.0021,0.0142,56.6418,0.0082,0.0042,0.0017,0.6608,0.9147,1.3004,buy
2023-11-16,442.8604,1082400,437.3296,444.3697,435.6101,0.0151,0.0233,0.0268,0.0146,0.0289,71.8313,0.0087,0.0052,0.0022,0.9764,-0.1775,1.0778,hold
2023-11-17,442.2299,983400,444.3314,444.7040,436.9188,-0.0014,0.0103,0.0291,0.0102,0.0268,66.6518,0.0086,0.0059,0.0023,0.8946,-0.0915,0.9879,buy
2023-11-20,444.5416,799600,439.2973,446.5476,439.2973,0.0052,0.0086,0.0239,0.0131,0.0314,66.9102,0.0082,0.0067,0.0025,0.9302,-0.1869,0.8389,buy
2023-11-21,449.5376,868300,446.1178,450.2349,443.7202,0.0112,0.0192,0.0292,0.0215,0.0419,75.4789,0.0087,0.0081,0.0031,1.0233,0.0859,0.9261,buy
2023-11-22,458.4882,979800,451.4767,459.5294,451.4767,0.0199,0.0509,0.0591,0.0358,0.0609,77.6310,0.0091,0.0105,0.0045,1.1412,0.1284,1.0264,hold
2023-11-24,457.3036,310000,458.2589,460.6183,456.6063,-0.0026,0.0326,0.0567,0.0275,0.0565,78.2540,0.0093,0.0122,0.0050,1.0067,-0.6836,0.3311,hold
2023-11-27,456.0428,1048100,457.5139,460.2649,454.5717,-0.0028,0.0312,0.0418,0.0204,0.0520,73.9686,0.0094,0.0133,0.0048,0.9273,2.3810,1.1095,sell
2023-11-28,454.2086,767700,455.9568,458.7174,454.0176,-0.0040,0.0217,0.0306,0.0133,0.0462,69.4355,0.0096,0.0136,0.0041,0.8414,-0.2675,0.8279,sell
2023-11-29,444.5321,1687800,448.5919,451.5341,442.0294,-0.0213,-0.0111,0.0078,-0.0091,0.0228,61.4747,0.0124,0.0123,0.0020,0.5796,1.1985,1.7784,buy
2023-11-30,458.0297,2083800,446.7291,458.9658,444.2742,0.0304,-0.0010,0.0499,0.0161,0.0523,69.7151,0.0147,0.0128,0.0023,0.8919,0.2346,2.1364,buy
2023-12-01,461.4972,1361500,457.0076,463.5032,457.0076,0.0076,0.0092,0.0421,0.0196,0.0587,68.9934,0.0143,0.0140,0.0028,0.9245,-0.3466,1.3833,hold
2023-12-04,461.4781,877800,461.6405,463.9044,456.2052,-0.0000,0.0119,0.0435,0.0152,0.0570,67.4098,0.0142,0.0147,0.0029,0.8827,-0.3553,0.8827,hold
2023-12-05,461.8901,1037800,461.0374,464.8126,457.8562,0.0009,0.0169,0.0390,0.0122,0.0566,67.4471,0.0143,0.0152,0.0027,0.8523,0.1823,1.0273,sell
2023-12-06,458.2969,596900,461.8997,463.0399,456.9363,-0.0078,0.0310,0.0195,0.0025,0.0469,68.8460,0.0145,0.0149,0.0019,0.7391,-0.4248,0.6091,hold
2023-12-07,457.0130,803800,459.5234,459.5234,454.8283,-0.0028,-0.0022,-0.0032,-0.0000,0.0425,63.3218,0.0130,0.0143,0.0009,0.6878,0.3466,0.8274,hold
2023-12-08,457.9808,1099200,460.0409,460.0409,452.6341,0.0021,-0.0076,0.0015,0.0019,0.0432,64.7327,0.0130,0.0137,0.0003,0.6951,0.3675,1.1139,sell
2023-12-11,456.1890,1423100,458.3544,460.4145,448.9164,-0.0039,-0.0115,0.0003,-0.0020,0.0372,61.0014,0.0131,0.0129,-0.0005,0.6256,0.2947,1.3955,buy
2023-12-12,463.3083,1178700,459.2168,465.8762,455.4704,0.0156,0.0031,0.0200,0.0115,0.0514,62.5054,0.0138,0.0131,-0.0001,0.8087,-0.1717,1.1229,buy
2023-12-13,467.6488,822900,462.4267,468.5495,456.9268,0.0094,0.0204,0.0520,0.0159,0.0586,59.0791,0.0112,0.0138,0.0007,0.8956,-0.3019,0.7789,sell
2023-12-14,459.8013,1107500,463.7777,465.6654,454.8858,-0.0168,0.0061,0.0039,-0.0015,0.0389,52.1866,0.0092,0.0133,-0.0001,0.6441,0.3459,1.0588,sell
2023-12-15,448.8684,3222500,454.6271,456.1506,443.5601,-0.0238,-0.0199,-0.0274,-0.0226,0.0131,44.6287,0.0115,0.0108,-0.0023,0.2384,1.9097,2.7949,hold
2023-12-18,449.7404,926600,449.4050,451.6567,447.1054,0.0019,-0.0141,-0.0254,-0.0182,0.0141,46.6058,0.0116,0.0087,-0.0035,0.2322,-0.7125,0.8056,sell
2023-12-19,446.3006,1790600,448.6194,449.5105,442.8607,-0.0076,-0.0367,-0.0338,-0.0224,0.0058,51.4840,0.0116,0.0064,-0.0047,0.0770,0.9324,1.4925,sell
2023-12-20,440.0245,1386300,445.8598,446.7988,439.8520,-0.0141,-0.0591,-0.0399,-0.0322,-0.0086,32.8075,0.0120,0.0034,-0.0063,-0.0795,-0.2258,1.1311,buy
2023-12-21,444.6812,1525100,441.8929,445.7160,441.0305,0.0106,-0.0329,-0.0270,-0.0193,0.0014,34.2995,0.0129,0.0017,-0.0063,0.1370,0.1001,1.2173,buy
2023-12-22,447.0767,613400,445.9939,448.3319,444.1159,0.0054,-0.0040,-0.0238,-0.0117,0.0061,37.1253,0.0131,0.0008,-0.0057,0.2441,-0.5978,0.4837,hold
2023-12-26,447.0001,396200,446.5114,449.0793,446.1473,-0.0002,-0.0061,-0.0201,-0.0098,0.0054,36.6081,0.0131,0.0002,-0.0051,0.2626,-0.3541,0.3207,hold
2023-12-27,446.3293,488700,447.1534,448.1020,445.2562,-0.0015,0.0001,-0.0366,-0.0076,0.0036,38.6394,0.0116,-0.0005,-0.0046,0.2600,0.2335,0.4001,buy
2023-12-28,449.0697,489700,447.2491,451.0339,447.2491,0.0061,0.0206,-0.0397,0.0026,0.0096,42.6624,0.0112,-0.0005,-0.0037,0.3352,0.0020,0.4216,buy
2023-12-29,451.8388,606100,450.2674,452.3850,447.9773,0.0062,0.0161,-0.0173,0.0106,0.0157,44.5091,0.0106,-0.0000,-0.0026,0.4355,0.2377,0.5572,buy
2024-01-02,458.8048,1358900,452.0209,460.5583,451.4556,0.0154,0.0262,0.0221,0.0239,0.0306,52.1405,0.0086,0.0015,-0.0007,0.6716,1.2420,1.2495,buy
2024-01-03,460.3953,1205400,462.0817,467.5817,459.0539,0.0035,0.0300,0.0237,0.0250,0.0329,47.3792,0.0086,0.0030,0.0006,0.7282,-0.1130,1.0919,buy
2024-01-04,464.5634,1037600,464.9563,468.2908,462.7812,0.0091,0.0409,0.0409,0.0301,0.0407,47.2155,0.0081,0.0048,0.0019,0.8554,-0.1392,0.9399,sell
2024-01-05,459.9546,1044200,463.8161,466.1253,457.5879,-0.0099,0.0242,0.0453,0.0154,0.0291,50.1470,0.0071,0.0055,0.0021,0.6997,0.0064,0.9271,hold
2024-01-08,459.9738,815800,461.4878,464.4294,449.0793,0.0000,0.0180,0.0344,0.0120,0.0278,63.4612,0.0068,0.0059,0.0020,0.6931,-0.2187,0.7239,buy
2024-01-09,463.0304,688000,459.9738,463.7203,457.9329,0.0066,0.0092,0.0357,0.0152,0.0331,65.2990,0.0069,0.0066,0.0022,0.7758,-0.1567,0.6219,sell
2024-01-10,460.1558,574100,462.3883,463.5861,458.9485,-0.0062,-0.0005,0.0294,0.0060,0.0249,66.1599,0.0075,0.0067,0.0018,0.6773,-0.1656,0.5396,buy
2024-01-11,462.1393,749600,459.2072,462.4363,456.5531,0.0043,-0.0052,0.0354,0.0069,0.0278,78.6636,0.0073,0.0070,0.0017,0.7424,0.3057,0.7191,sell
2024-01-12,455.2499,1218800,450.3632,457.3483,450.0470,-0.0149,-0.0102,0.0138,-0.0095,0.0113,62.9490,0.0093,0.0060,0.0005,0.5508,0.6259,1.1474,sell
2024-01-16,453.4965,775600,458.5652,458.5652,451.9059,-0.0039,-0.0141,0.0037,-0.0137,0.0062,57.9914,0.0092,0.0049,-0.0006,0.5021,-0.3636,0.7417,buy
2024-01-17,456.2081,1111100,456.0644,463.2029,455.3937,0.0060,-0.0147,-0.0057,-0.0072,0.0111,60.7565,0.0079,0.0043,-0.0009,0.5837,0.4326,1.1819,sell
2024-01-18,449.7021,2246100,435.6648,450.6699,430.2415,-0.0143,-0.0227,-0.0232,-0.0191,-0.0042,53.4672,0.0088,0.0028,-0.0020,0.3576,1.0215,2.2326,sell
2024-01-19,445.1795,2008800,451.0819,451.0819,444.1351,-0.0101,-0.0367,-0.0417,-0.0248,-0.0147,46.1422,0.0082,0.0007,-0.0033,0.2050,-0.1056,1.9753,buy
2024-01-22,452.1071,1727100,446.7125,454.7517,445.3998,0.0156,-0.0069,-0.0171,-0.0079,-0.0000,50.2458,0.0100,0.0002,-0.0029,0.4141,-0.1402,1.6703,hold
2024-01-23,452.4137,1581200,450.5836,457.2430,450.5836,0.0007,-0.0024,-0.0164,-0.0056,-0.0002,43.3313,0.0100,-0.0000,-0.0026,0.4055,-0.0845,1.5250,buy
2024-01-24,453.8606,2378900,469.0286,476.2053,453.3240,0.0032,-0.0051,-0.0198,-0.0004,0.0020,43.1609,0.0097,-0.0000,-0.0020,0.4484,0.5045,2.1144,buy
2024-01-25,460.2229,2233600,452.0784,460.5870,442.1804,0.0140,0.0234,0.0001,0.0136,0.0151,45.6568,0.0108,0.0011,-0.0007,0.6984,-0.0611,1.8354,buy
2024-01-26,463.5669,1272400,460.8265,465.3779,459.7055,0.0073,0.0413,0.0031,0.0206,0.0214,53.7084,0.0109,0.0026,0.0006,0.8193,-0.4303,1.0129,buy
2024-01-29,466.1828,1256000,463.5574,466.9110,460.8170,0.0056,0.0311,0.0240,0.0239,0.0261,56.0515,0.0096,0.0041,0.0017,0.8929,-0.0129,0.9703,buy
2024-01-30,471.7594,1016200,469.2682,472.2193,466.3361,0.0120,0.0428,0.0403,0.0320,0.0367,58.1093,0.0098,0.0061,0.0030,1.0333,-0.1909,0.7728,hold
2024-01-31,472.8038,1018600,473.9345,476.5024,471.9702,0.0022,0.0417,0.0364,0.0306,0.0376,62.1637,0.0097,0.0079,0.0038,0.9864,0.0024,0.7848,buy
2024-02-01,474.7106,997300,470.2646,476.2053,467.9746,0.0040,0.0315,0.0556,0.0291,0.0403,62.1078,0.0075,0.0094,0.0043,0.9737,-0.0209,0.7746,hold
2024-02-02,474.4135,1005200,475.2376,476.7227,470.0634,-0.0006,0.0234,0.0657,0.0220,0.0383,71.1416,0.0057,0.0105,0.0043,0.9167,0.0079,0.7817,sell
2024-02-05,469.8238,916900,475.1034,477.3935,468.1470,-0.0097,0.0078,0.0392,0.0083,0.0274,66.9518,0.0067,0.0106,0.0035,0.7581,-0.0878,0.7166,buy
2024-02-06,473.1775,773600,469.8238,475.0555,466.1253,0.0071,0.0030,0.0459,0.0110,0.0340,67.3866,0.0066,0.0109,0.0031,0.8200,-0.1563,0.6056,buy
2024-02-07,476.9719,852600,476.8186,481.1400,475.1609,0.0080,0.0088,0.0509,0.0140,0.0414,79.5842,0.0067,0.0117,0.0031,0.8787,0.1021,0.6631,buy
2024-02-08,481.1495,913300,479.4248,482.9988,479.0798,0.0088,0.0136,0.0455,0.0184,0.0494,89.3171,0.0061,0.0128,0.0034,0.9217,0.0712,0.7011,buy
2024-02-09,484.9151,800900,479.9997,485.6242,479.2619,0.0078,0.0221,0.0461,0.0218,0.0562,88.5238,0.0061,0.0141,0.0039,0.9403,-0.1231,0.6136,hold
2024-02-12,484.1103,703100,484.7139,485.7775,482.6635,-0.0017,0.0304,0.0385,0.0162,0.0526,86.7882,0.0064,0.0149,0.0037,0.8734,-0.1221,0.5495,hold
2024-02-13,484.1774,1064800,483.4588,491.7662,482.4527,0.0001,0.0232,0.0263,0.0137,0.0516,86.3511,0.0058,0.0154,0.0034,0.8355,0.5144,0.8229,hold
2024-02-14,484.9439,649200,484.2924,486.0554,481.2932,0.0016,0.0167,0.0257,0.0127,0.0522,84.2356,0.0058,0.0157,0.0030,0.8146,-0.3903,0.5109,buy
2024-02-15,487.5502,690600,485.9788,489.8306,485.0972,0.0054,0.0133,0.0270,0.0155,0.0566,83.9068,0.0059,0.0161,0.0028,0.8331,0.0638,0.5789,buy
2024-02-16,491.1913,620100,489.2366,492.8393,484.9535,0.0075,0.0129,0.0354,0.0195,0.0632,84.3602,0.0059,0.0168,0.0028,0.8815,-0.1021,0.5519,sell
2024-02-20,487.6268,611200,491.1912,493.7974,487.0327,-0.0073,0.0073,0.0379,0.0084,0.0541,73.0768,0.0053,0.0168,0.0022,0.7850,-0.0144,0.5724,hold
2024-02-21,488.0771,647600,489.4761,490.1372,484.8960,0.0009,0.0081,0.0315,0.0062,0.0537,72.6034,0.0053,0.0165,0.0015,0.7787,0.0596,0.6342,buy
2024-02-22,490.7505,815900,492.9543,492.9543,485.1547,0.0055,0.0120,0.0289,0.0088,0.0580,73.2112,0.0050,0.0165,0.0013,0.8317,0.2599,0.8653,buy
2024-02-23,492.5902,598100,490.3672,492.7339,487.1573,0.0037,0.0103,0.0238,0.0102,0.0603,75.1792,0.0046,0.0166,0.0012,0.8580,-0.2669,0.6945,sell
2024-02-26,485.3655,831000,493.6921,495.0048,485.0301,-0.0147,-0.0119,0.0009,-0.0047,0.0437,70.0642,0.0067,0.0156,-0.0001,0.6339,0.3894,0.9903,hold
2024-02-27,486.1896,930300,484.4840,487.9047,482.1365,0.0017,-0.0029,0.0043,-0.0034,0.0447,67.9724,0.0067,0.0146,-0.0009,0.6419,0.1195,1.1306,sell
2024-02-28,482.0693,1083200,482.1556,486.6111,478.6966,-0.0085,-0.0123,-0.0044,-0.0114,0.0348,56.9778,0.0072,0.0130,-0.0020,0.4792,0.1644,1.3111,sell
2024-02-29,480.2872,1646000,481.9736,483.8612,477.7959,-0.0037,-0.0213,-0.0096,-0.0141,0.0296,48.7367,0.0073,0.0113,-0.0030,0.3935,0.5196,1.9194,sell
2024-03-01,478.2366,1443900,478.7253,479.5494,471.4815,-0.0043,-0.0291,-0.0191,-0.0165,0.0240,39.6986,0.0070,0.0095,-0.0039,0.3001,-0.1228,1.6410,buy
2024-03-04,483.2671,1029800,479.2619,491.0379,478.0067,0.0105,-0.0043,-0.0161,-0.0045,0.0331,48.8494,0.0075,0.0087,-0.0037,0.4847,-0.2868,1.1688,sell
2024-03-05,477.5085,829000,482.2993,482.4143,475.9275,-0.0119,-0.0179,-0.0208,-0.0143,0.0191,42.1232,0.0080,0.0072,-0.0043,0.1800,-0.1950,0.9456,buy
2024-03-06,483.6599,1104300,479.6644,485.1355,479.3673,0.0129,0.0033,-0.0091,-0.0007,0.0306,48.6546,0.0093,0.0068,-0.0036,0.4504,0.3321,1.2363,sell
2024-03-07,482.1604,1120200,486.4958,488.3510,481.8432,-0.0031,0.0039,-0.0175,-0.0020,0.0258,44.2183,0.0090,0.0062,-0.0034,0.3383,0.0144,1.2356,buy
2024-03-08,483.4966,1055800,480.9299,489.5238,480.2762,0.0028,0.0110,-0.0185,0.0026,0.0271,41.3164,0.0090,0.0059,-0.0029,0.4115,-0.0575,1.1555,buy
2024-03-11,487.1686,940700,482.7467,488.9951,480.4973,0.0076,0.0081,0.0037,0.0099,0.0331,49.4842,0.0082,0.0062,-0.0021,0.6335,-0.1090,1.0217,hold
2024-03-12,485.9958,689600,486.4477,488.1683,483.9387,-0.0024,0.0178,-0.0004,0.0075,0.0290,47.6944,0.0082,0.0062,-0.0017,0.5547,-0.2669,0.7495,buy
2024-03-13,489.7641,924600,488.7067,492.9075,486.8802,0.0078,0.0126,0.0160,0.0137,0.0353,48.9332,0.0079,0.0066,-0.0009,0.7635,0.3408,1.0126,hold
2024-03-14,490.8023,1062900,489.0528,491.2060,485.7459,0.0021,0.0179,0.0219,0.0136,0.0361,48.0322,0.0077,0.0071,-0.0003,0.7963,0.1496,1.1383,buy
2024-03-15,493.2151,1444900,480.9876,493.6188,480.9876,0.0049,0.0201,0.0313,0.0155,0.0398,59.6629,0.0074,0.0078,0.0003,0.8921,0.3594,1.4874,sell
2024-03-18,491.5040,724200,492.1289,493.2439,488.6202,-0.0035,0.0089,0.0170,0.0102,0.0350,56.4022,0.0072,0.0080,0.0004,0.7974,-0.4988,0.7415,buy
2024-03-19,495.8586,659600,493.9168,496.0220,491.5136,0.0089,0.0203,0.0384,0.0153,0.0426,66.5185,0.0056,0.0087,0.0009,0.9610,-0.0892,0.6737,sell
2024-03-20,494.3879,577800,493.8496,496.4354,491.4560,-0.0030,0.0094,0.0222,0.0101,0.0380,67.0185,0.0049,0.0090,0.0009,0.8536,-0.1240,0.5923,hold
2024-03-21,494.7435,649800,493.4554,495.8778,492.4365,0.0007,0.0080,0.0261,0.0083,0.0373,70.7725,0.0046,0.0091,0.0009,0.8465,0.1246,0.6718,sell
2024-03-22,493.9553,608600,497.4352,499.2616,493.7439,-0.0016,0.0015,0.0216,0.0045,0.0342,65.0579,0.0048,0.0090,0.0006,0.8043,-0.0634,0.6288,sell
2024-03-25,490.6004,572200,494.6859,495.8587,490.0813,-0.0068,-0.0018,0.0070,-0.0030,0.0260,69.7843,0.0051,0.0083,-0.0001,0.6454,-0.0598,0.5992,buy
2024-03-26,497.2140,983100,491.6962,498.0888,490.8791,0.0135,0.0027,0.0231,0.0081,0.0380,70.2005,0.0064,0.0086,0.0002,0.8812,0.7181,1.0267,buy
2024-03-27,499.8288,685900,499.8672,501.0015,497.3775,0.0053,0.0110,0.0206,0.0114,0.0414,75.4853,0.0062,0.0092,0.0007,0.9238,-0.3023,0.7315,sell
2024-03-28,498.4637,875600,499.8287,501.0015,497.9062,-0.0027,0.0075,0.0156,0.0070,0.0368,71.5709,0.0064,0.0094,0.0007,0.8356,0.2766,0.9738,sell
2024-04-01,496.0220,647700,496.4546,497.9446,494.7147,-0.0049,0.0042,0.0057,0.0015,0.0297,63.2288,0.0065,0.0091,0.0003,0.7240,-0.2603,0.7537,sell
2024-04-02,479.8917,1811500,484.4290,487.3032,474.5278,-0.0325,-0.0218,-0.0236,-0.0287,-0.0052,43.6967,0.0124,0.0063,-0.0022,0.0950,1.7968,2.0164,buy
2024-04-03,486.4092,1085200,479.7668,486.7361,479.6514,0.0136,-0.0217,-0.0191,-0.0137,0.0068,46.7218,0.0129,0.0048,-0.0029,0.3118,-0.4009,1.1909,sell
2024-04-04,479.2957,1041900,487.6397,488.4664,477.5270,-0.0146,-0.0411,-0.0305,-0.0251,-0.0090,39.9496,0.0136,0.0026,-0.0042,0.0413,-0.0399,1.1474,buy
2024-04-05,487.7070,1005900,479.3438,488.6490,478.1518,0.0175,-0.0216,-0.0142,-0.0066,0.0070,45.6452,0.0150,0.0021,-0.0037,0.3671,-0.0346,1.1147,buy
2024-04-08,490.2543,983600,485.6017,490.7157,484.5731,0.0052,-0.0116,-0.0075,-0.0006,0.0110,49.0249,0.0152,0.0021,-0.0029,0.4598,-0.0222,1.0944,buy
2024-04-09,494.4840,940600,490.0525,494.5801,487.3705,0.0086,0.0304,0.0079,0.0072,0.0184,48.9253,0.0153,0.0028,-0.0018,0.6333,-0.0437,1.0466,sell
2024-04-10,488.0818,851300,492.5806,494.0706,486.1977,-0.0129,0.0034,-0.0184,-0.0040,0.0043,45.4228,0.0151,0.0023,-0.0018,0.3380,-0.0949,0.9387,sell
2024-04-11,482.5256,880200,489.0720,489.0720,480.1705,-0.0114,0.0067,-0.0346,-0.0119,-0.0075,41.7543,0.0152,0.0009,-0.0026,0.1250,0.0339,0.9730,sell
2024-04-12,478.2287,1188700,480.9972,481.9008,475.1718,-0.0089,-0.0194,-0.0406,-0.0166,-0.0166,39.8662,0.0153,-0.0009,-0.0035,0.0240,0.3505,1.3050,buy
2024-04-15,480.7281,1031800,485.8133,486.3131,479.1900,0.0052,-0.0194,-0.0308,-0.0083,-0.0117,43.5676,0.0156,-0.0019,-0.0036,0.1610,-0.1320,1.1590,buy
2024-04-16,487.3417,1127300,492.5903,494.1091,484.1598,0.0138,-0.0144,0.0155,0.0038,0.0014,43.5676,0.0124,-0.0015,-0.0026,0.4104,0.0926,1.2382,buy
2024-04-17,489.2643,1401400,489.3123,493.7535,486.8803,0.0039,0.0024,0.0059,0.0071,0.0045,43.0540,0.0117,-0.0009,-0.0016,0.4923,0.2431,1.4790,buy
2024-04-18,504.8563,2595100,500.4248,518.2373,500.4248,0.0319,0.0463,0.0533,0.0338,0.0352,53.5406,0.0140,0.0021,0.0011,0.9968,0.8518,2.4754,buy
2024-04-19,510.8450,1791400,512.0658,515.2957,505.5387,0.0119,0.0682,0.0474,0.0411,0.0460,57.8996,0.0135,0.0052,0.0034,1.0713,-0.3097,1.6205,hold
2024-04-22,511.6140,1525100,509.5857,516.1224,507.0287,0.0015,0.0642,0.0436,0.0382,0.0463,70.2156,0.0135,0.0078,0.0048,1.0023,-0.1487,1.3247,hold
2024-04-23,512.2869,811700,513.8538,517.7951,509.6626,0.0013,0.0512,0.0360,0.0358,0.0465,67.8183,0.0135,0.0098,0.0054,0.9465,-0.4678,0.6978,hold
2024-04-24,513.0655,915900,511.4025,514.2383,506.6441,0.0015,0.0486,0.0512,0.0322,0.0468,75.4749,0.0122,0.0113,0.0056,0.9130,0.1284,0.7896,buy
2024-04-25,518.7853,1067000,514.2481,521.0828,514.2481,0.0111,0.0276,0.0751,0.0361,0.0570,74.4369,0.0109,0.0132,0.0060,0.9656,0.1650,0.9050,sell
2024-04-26,516.4590,700700,515.6515,519.0929,509.4608,-0.0045,0.0110,0.0799,0.0237,0.0509,70.6766,0.0102,0.0143,0.0057,0.8783,-0.3433,0.5988,sell
2024-04-29,513.3060,640500,518.2085,519.7081,512.1236,-0.0061,0.0033,0.0678,0.0109,0.0434,65.1080,0.0111,0.0145,0.0047,0.7941,-0.0859,0.5475,sell
2024-04-30,508.1151,950300,513.0176,513.9020,506.7020,-0.0101,-0.0081,0.0426,-0.0034,0.0322,66.3993,0.0119,0.0138,0.0031,0.6841,0.4837,0.8434,sell
2024-05-01,504.5198,977600,504.4525,507.4325,499.6173,-0.0071,-0.0167,0.0312,-0.0134,0.0241,68.6016,0.0125,0.0125,0.0014,0.6060,0.0287,0.8718,hold
2024-05-02,505.2599,1339700,507.2978,508.1438,503.4527,0.0015,-0.0261,0.0008,-0.0121,0.0249,74.3252,0.0073,0.0114,0.0002,0.6011,0.3704,1.1790,buy
2024-05-03,506.5577,819400,504.9428,507.8747,498.8098,0.0026,-0.0192,-0.0084,-0.0087,0.0269,73.7577,0.0062,0.0106,-0.0005,0.6098,-0.3884,0.7271,buy
2024-05-06,509.4127,757000,509.1532,510.0568,506.9230,0.0056,-0.0076,-0.0043,-0.0027,0.0320,71.8085,0.0065,0.0102,-0.0006,0.6474,-0.0762,0.6785,buy
2024-05-07,515.4111,692900,511.7871,516.1033,511.6622,0.0118,0.0144,0.0061,0.0085,0.0429,73.9100,0.0075,0.0107,-0.0000,0.7390,-0.0847,0.6281,sell
2024-05-08,512.7003,807700,517.7952,518.8622,511.5853,-0.0053,0.0162,-0.0007,0.0032,0.0363,59.3836,0.0078,0.0107,-0.0001,0.6680,0.1657,0.7336,buy
2024-05-09,517.7278,456600,512.9887,518.4968,512.9887,0.0098,0.0247,-0.0020,0.0133,0.0449,58.4275,0.0075,0.0112,0.0004,0.7452,-0.4347,0.4228,hold
2024-05-10,518.3045,841400,518.2372,522.1016,517.3817,0.0011,0.0232,0.0036,0.0140,0.0445,58.2309,0.0074,0.0116,0.0007,0.7483,0.8428,0.7919,hold
2024-05-13,517.9104,1090500,517.7758,519.1408,514.6228,-0.0008,0.0167,0.0090,0.0124,0.0420,56.9660,0.0071,0.0117,0.0006,0.7385,0.2961,1.0235,sell
2024-05-14,513.9308,656400,518.7756,519.3043,512.8830,-0.0077,-0.0029,0.0114,0.0034,0.0328,50.9931,0.0067,0.0112,0.0000,0.6061,-0.3981,0.6300,buy
2024-05-15,519.0833,693300,514.1422,520.3714,514.1422,0.0100,0.0124,0.0289,0.0106,0.0414,50.3465,0.0065,0.0112,0.0001,0.8406,0.0562,0.6888,buy
2024-05-16,522.8322,943500,519.9483,525.1392,519.1024,0.0072,0.0099,0.0348,0.0144,0.0472,57.1737,0.0066,0.0117,0.0006,0.9716,0.3609,1.0212,buy
2024-05-17,526.5044,897600,525.3028,526.7735,520.4483,0.0070,0.0158,0.0394,0.0176,0.0527,64.6846,0.0067,0.0125,0.0012,1.0359,-0.0486,1.0209,sell
2024-05-20,520.6501,534700,525.8218,526.7638,520.2271,-0.0111,0.0053,0.0221,0.0041,0.0395,63.7435,0.0082,0.0123,0.0007,0.7552,-0.4043,0.6444,buy
2024-05-21,524.4856,606400,521.6979,525.3412,519.8234,0.0074,0.0205,0.0176,0.0098,0.0456,71.7760,0.0077,0.0124,0.0007,0.8694,0.1341,0.7400,buy
2024-05-22,526.5908,766400,523.2936,529.0325,521.9286,0.0040,0.0145,0.0271,0.0111,0.0481,72.5921,0.0073,0.0126,0.0008,0.8970,0.2639,0.9439,sell
2024-05-23,522.8804,532700,524.4569,526.1679,521.5922,-0.0070,0.0001,0.0100,0.0030,0.0393,66.4473,0.0074,0.0123,0.0002,0.7457,-0.3049,0.6784,sell
2024-05-24,501.2226,1533600,523.9954,525.0720,500.4439,-0.0414,-0.0480,-0.0330,-0.0354,-0.0041,44.0151,0.0153,0.0088,-0.0030,0.0366,1.8789,1.8546,hold
2024-05-28,499.0886,1522000,499.8672,500.6939,493.8303,-0.0043,-0.0414,-0.0363,-0.0360,-0.0086,37.3585,0.0153,0.0053,-0.0052,0.0395,-0.0076,1.7474,sell
2024-05-29,485.9478,1412200,495.5414,495.5414,472.1630,-0.0263,-0.0735,-0.0544,-0.0563,-0.0345,32.1625,0.0169,0.0003,-0.0084,-0.1542,-0.0721,1.5795,hold
2024-05-30,487.6974,1016100,485.4768,491.5713,481.1318,0.0036,-0.0739,-0.0605,-0.0471,-0.0307,29.0617,0.0164,-0.0034,-0.0096,-0.0258,-0.2805,1.1340,buy
2024-05-31,517.6317,4148700,503.5873,521.3711,497.9446,0.0614,-0.0100,-0.0099,0.0124,0.0278,49.6671,0.0269,-0.0012,-0.0057,0.5911,3.0830,4.0028,hold
2024-06-03,521.7075,1238200,513.2963,523.1110,512.6811,0.0079,0.0409,-0.0091,0.0214,0.0348,51.8125,0.0269,0.0009,-0.0028,0.6610,-0.7015,1.1710,hold
2024-06-04,519.5063,1246500,521.3135,522.7458,516.7282,-0.0042,0.0409,-0.0022,0.0173,0.0294,52.7073,0.0267,0.0022,-0.0012,0.6038,0.0067,1.1522,hold
2024-06-05,519.1024,650800,523.8415,523.8415,512.1619,-0.0008,0.0682,-0.0103,0.0176,0.0274,50.0098,0.0266,0.0032,-0.0002,0.5910,-0.4779,0.6027,hold
2024-06-06,520.0926,615000,519.4293,521.4000,516.9780,0.0019,0.0664,-0.0123,0.0208,0.0285,48.5652,0.0265,0.0041,0.0005,0.6037,-0.0550,0.5747,hold
2024-06-07,518.0739,742400,521.2846,524.7645,517.7759,-0.0039,0.0009,-0.0092,0.0178,0.0237,45.5067,0.0265,0.0044,0.0007,0.5610,0.2072,0.6846,hold
2024-06-10,517.0519,670900,518.9224,521.8439,512.6455,-0.0020,-0.0089,0.0316,0.0127,0.0210,47.9781,0.0223,0.0044,0.0006,0.5410,-0.0963,0.6236,hold
2024-06-11,517.7075,597500,516.3769,518.4981,514.4099,0.0013,-0.0035,0.0373,0.0103,0.0214,46.0500,0.0222,0.0045,0.0005,0.5549,-0.1094,0.5684,sell
2024-06-12,511.6137,1282200,517.9678,518.7392,504.2569,-0.0118,-0.0144,0.0528,-0.0066,0.0081,41.6598,0.0204,0.0036,-0.0003,0.4297,1.1459,1.1844,buy
2024-06-13,519.4623,1458300,510.8135,530.2999,503.0999,0.0153,-0.0012,0.0651,0.0024,0.0222,48.1805,0.0206,0.0040,0.0001,0.5935,0.1373,1.3011,sell
2024-06-14,515.6634,584300,517.5436,518.8163,512.6069,-0.0073,-0.0047,-0.0038,-0.0045,0.0133,59.4921,0.0077,0.0038,-0.0001,0.5218,-0.5993,0.5298,hold
2024-06-17,515.2488,668500,511.2763,515.5862,510.2542,-0.0008,-0.0035,-0.0124,-0.0041,0.0114,60.8679,0.0071,0.0035,-0.0004,0.5257,0.1441,0.6125,sell
2024-06-18,508.4318,688600,515.8465,516.7047,507.8437,-0.0132,-0.0179,-0.0213,-0.0151,-0.0027,66.5265,0.0080,0.0021,-0.0014,0.3900,0.0301,0.6265,buy
2024-06-20,515.6441,843900,509.1358,516.5023,506.3203,0.0142,0.0079,-0.0067,-0.0005,0.0106,69.0148,0.0096,0.0021,-0.0011,0.5589,0.2255,0.7596,hold
2024-06-21,515.2874,1790600,515.4609,516.9169,510.2253,-0.0007,-0.0080,-0.0092,-0.0003,0.0088,47.3305,0.0095,0.0021,-0.0009,0.5662,1.1218,1.5408,buy
2024-06-24,522.3163,651200,520.3204,523.0009,516.3093,0.0136,0.0129,0.0082,0.0125,0.0210,50.6496,0.0105,0.0031,0.0001,0.7317,-0.6363,0.5575,sell
2024-06-25,516.1262,441500,522.9624,522.9624,512.6455,-0.0119,0.0017,-0.0018,0.0007,0.0074,46.6765,0.0112,0.0029,-0.0001,0.5713,-0.3220,0.3965,hold
2024-06-26,515.1909,659500,513.8218,516.5312,510.0903,-0.0018,0.0133,-0.0049,-0.0006,0.0043,46.1938,0.0112,0.0026,-0.0003,0.5309,0.4938,0.6162,hold
2024-06-27,516.5891,503600,515.6442,517.9486,512.6841,0.0027,0.0018,0.0097,0.0011,0.0058,46.6177,0.0105,0.0025,-0.0003,0.5371,-0.2364,0.4914,buy
2024-06-28,522.4609,1711400,523.2612,526.2792,513.9760,0.0114,0.0139,0.0058,0.0119,0.0159,53.9420,0.0100,0.0033,0.0004,0.8800,2.3983,1.6150,sell
2024-07-01,515.4127,678600,521.9982,527.0024,511.2377,-0.0135,-0.0132,-0.0005,-0.0017,0.0018,48.6710,0.0107,0.0028,-0.0001,0.3754,-0.6035,0.7658,hold
2024-07-02,516.7336,1035400,515.2680,519.1248,511.8933,0.0026,0.0012,0.0029,0.0006,0.0042,49.2188,0.0107,0.0026,-0.0002,0.4884,0.5258,1.1819,sell
2024-07-03,511.4017,656200,520.5423,520.5423,506.1757,-0.0103,-0.0074,0.0058,-0.0103,-0.0062,49.8278,0.0103,0.0016,-0.0010,0.1307,-0.3662,0.7752,hold
2024-07-05,511.3245,785300,511.3245,512.0283,504.1123,-0.0002,-0.0102,-0.0084,-0.0096,-0.0063,42.4372,0.0092,0.0008,-0.0015,0.1655,0.1967,0.9204,sell
2024-07-08,507.6991,658900,511.8066,513.2626,507.2363,-0.0071,-0.0283,-0.0147,-0.0152,-0.0131,42.5746,0.0094,-0.0004,-0.0022,0.0009,-0.1610,0.7702,buy
2024-07-09,510.2928,644600,508.3259,512.5876,504.1220,0.0051,-0.0099,-0.0230,-0.0078,-0.0078,45.5598,0.0082,-0.0010,-0.0022,0.2011,-0.0217,0.7579,buy
2024-07-10,515.4512,632700,509.7046,515.5573,508.5765,0.0101,-0.0025,-0.0013,0.0023,0.0023,56.4815,0.0083,-0.0006,-0.0014,0.5282,-0.0185,0.7455,hold
2024-07-11,514.7089,896900,512.4623,515.6634,510.3314,-0.0014,0.0065,-0.0009,0.0010,0.0008,49.0192,0.0082,-0.0004,-0.0010,0.4908,0.4176,1.0385,buy
2024-07-12,516.3673,960000,517.4376,518.1993,511.4596,0.0032,0.0099,-0.0004,0.0042,0.0037,51.1024,0.0083,0.0000,-0.0005,0.5825,0.0704,1.1327,sell
2024-07-15,511.6619,1486700,523.0106,523.0395,511.0545,-0.0091,0.0078,-0.0207,-0.0028,-0.0057,38.5823,0.0076,-0.0004,-0.0007,0.2999,0.5486,1.7513,buy
2024-07-16,533.3372,1887900,524.3797,535.4777,516.8783,0.0424,0.0452,0.0348,0.0358,0.0353,63.8480,0.0151,0.0026,0.0018,1.2868,0.2699,2.0653,sell
2024-07-17,502.2803,4192800,507.1688,511.5462,490.7774,-0.0582,-0.0256,-0.0280,-0.0218,-0.0248,43.0034,0.0247,0.0002,-0.0005,0.0040,1.2209,3.8455,sell
2024-07-18,486.6506,3225600,489.2154,495.3477,476.4783,-0.0311,-0.0545,-0.0484,-0.0476,-0.0544,35.9438,0.0263,-0.0044,-0.0041,-0.2634,-0.2307,2.6501,sell
2024-07-19,482.2154,1290300,489.9772,491.2596,481.8104,-0.0091,-0.0661,-0.0569,-0.0509,-0.0618,30.8462,0.0263,-0.0088,-0.0067,-0.1598,-0.6000,1.0410,hold
2024-07-22,485.8504,921500,482.4660,487.3352,480.1423,0.0075,-0.0504,-0.0430,-0.0396,-0.0537,35.4582,0.0266,-0.0114,-0.0075,0.0127,-0.2858,0.7705,hold
2024-07-23,484.4330,956400,485.9757,489.2347,483.1024,-0.0029,-0.0917,-0.0507,-0.0375,-0.0552,34.1263,0.0264,-0.0136,-0.0078,0.0555,0.0379,0.7896,buy
2024-07-24,493.7857,1444500,486.8145,495.9551,485.0500,0.0193,-0.0169,-0.0420,-0.0147,-0.0361,41.6719,0.0271,-0.0134,-0.0061,0.2515,0.5104,1.1451,hold
2024-07-25,495.6274,943700,498.5007,506.9471,492.7540,0.0037,0.0184,-0.0371,-0.0072,-0.0316,42.7009,0.0272,-0.0129,-0.0045,0.3037,-0.3467,0.7398,buy
2024-07-26,508.6150,1434100,497.4592,515.0944,497.3242,0.0262,0.0547,-0.0150,0.0204,-0.0061,50.3918,0.0288,-0.0100,-0.0015,0.5412,0.5197,1.0847,hold
2024-07-29,510.8907,1055400,508.2488,512.7902,501.4512,0.0045,0.0515,-0.0015,0.0251,-0.0013,50.2564,0.0287,-0.0076,0.0007,0.5957,-0.2641,0.8185,buy
2024-07-30,517.0615,1028400,511.1027,522.6056,511.1027,0.0121,0.0674,-0.0305,0.0409,0.0110,50.6847,0.0251,-0.0046,0.0029,0.7077,-0.0256,0.7869,sell
2024-07-31,512.9829,1128500,513.7061,517.2929,509.9264,-0.0079,0.0389,0.0213,0.0305,0.0036,49.2863,0.0162,-0.0029,0.0037,0.6371,0.0973,0.8605,hold
2024-08-01,513.1757,1053200,514.6413,519.4334,498.5006,0.0004,0.0354,0.0545,0.0254,0.0042,48.6641,0.0114,-0.0015,0.0041,0.6386,-0.0667,0.7911,buy
2024-08-02,516.0106,874600,514.8246,517.9872,509.4926,0.0055,0.0145,0.0701,0.0241,0.0101,51.8492,0.0102,0.0001,0.0045,0.6850,-0.1696,0.6547,sell
2024-08-05,504.7487,1006400,512.4912,514.7474,500.6990,-0.0218,-0.0120,0.0389,-0.0019,-0.0111,36.6622,0.0136,-0.0005,0.0033,0.4805,0.1507,0.7437,hold
2024-08-06,504.9318,848600,504.7004,512.1055,502.2899,0.0004,-0.0235,0.0423,-0.0056,-0.0100,51.7376,0.0135,-0.0008,0.0023,0.4888,-0.1568,0.6224,sell
2024-08-07,502.4828,731500,503.2156,511.0546,501.0654,-0.0049,-0.0205,0.0176,-0.0121,-0.0149,62.5420,0.0126,-0.0015,0.0013,0.4549,-0.1380,0.5346,buy
2024-08-08,507.6702,611300,500.5062,511.1509,499.9662,0.0103,-0.0107,0.0243,-0.0043,-0.0051,69.9275,0.0129,-0.0012,0.0013,0.5594,-0.1643,0.4515,buy
2024-08-09,513.0215,664100,506.1950,513.8893,504.0449,0.0105,-0.0058,0.0087,0.0053,0.0044,70.7145,0.0104,-0.0001,0.0019,0.6659,0.0864,0.4959,sell
2024-08-12,507.0241,605500,512.5779,512.5779,506.5131,-0.0117,0.0045,-0.0076,-0.0057,-0.0081,66.0986,0.0110,-0.0002,0.0014,0.5557,-0.0882,0.4675,buy
2024-08-13,512.6165,448700,508.3162,513.1468,507.6894,0.0110,0.0152,-0.0086,0.0062,0.0030,64.1789,0.0109,0.0006,0.0018,0.7125,-0.2590,0.3668,buy
2024-08-14,519.9155,805000,512.2308,520.3880,512.2308,0.0142,0.0347,0.0135,0.0191,0.0174,66.8992,0.0115,0.0023,0.0028,0.8375,0.7941,0.7639,buy
2024-08-15,522.3258,857600,520.9278,523.0876,518.4594,0.0046,0.0289,0.0178,0.0220,0.0220,61.1862,0.0115,0.0040,0.0036,0.8526,0.0653,0.9168,buy
2024-08-16,524.2351,910200,522.5670,526.7710,518.8645,0.0037,0.0219,0.0159,0.0241,0.0255,60.9527,0.0115,0.0056,0.0041,0.8705,0.0613,0.9932,hold
2024-08-19,523.9362,880200,524.6497,527.0602,522.7502,-0.0006,0.0334,0.0380,0.0197,0.0248,56.2445,0.0081,0.0067,0.0042,0.8436,-0.0330,0.9626,hold
2024-08-20,523.5987,510400,524.8136,527.2241,522.1138,-0.0006,0.0214,0.0370,0.0154,0.0239,60.3457,0.0082,0.0074,0.0040,0.8351,-0.4201,0.5721,hold
2024-08-21,522.9238,558700,523.9941,525.9417,521.9210,-0.0013,0.0058,0.0407,0.0100,0.0223,59.4117,0.0078,0.0079,0.0035,0.8000,0.0946,0.6590,hold
2024-08-22,523.8688,549400,523.5602,525.6718,518.7585,0.0018,0.0030,0.0319,0.0087,0.0239,57.8744,0.0075,0.0082,0.0031,0.8169,-0.0166,0.6635,buy
2024-08-23,526.4141,429100,525.4885,530.0588,523.5601,0.0049,0.0042,0.0261,0.0110,0.0283,76.3053,0.0071,0.0088,0.0029,0.8583,-0.2190,0.5517,sell
2024-08-26,525.1318,358400,527.3591,530.8013,524.6786,-0.0024,0.0023,0.0357,0.0050,0.0256,73.8884,0.0055,0.0089,0.0025,0.7850,-0.1648,0.4824,buy
2024-08-27,528.7957,458900,528.6703,530.4059,524.8425,0.0070,0.0099,0.0316,0.0089,0.0322,80.2483,0.0050,0.0094,0.0024,0.8606,0.2804,0.6423,buy
2024-08-28,531.3607,464800,529.5672,535.1307,526.7229,0.0049,0.0161,0.0220,0.0116,0.0366,78.9810,0.0032,0.0101,0.0025,0.8845,0.0129,0.6822,buy
2024-08-29,532.3248,456100,532.8165,535.0342,526.3949,0.0018,0.0161,0.0191,0.0115,0.0375,76.4535,0.0031,0.0107,0.0025,0.8640,-0.0187,0.7001,buy
2024-08-30,536.9529,1226400,531.7944,537.6375,530.1167,0.0087,0.0200,0.0243,0.0179,0.0456,92.6143,0.0038,0.0116,0.0028,0.9225,1.6889,1.8330,buy
2024-09-03,542.1595,902000,536.2587,546.9516,536.2587,0.0097,0.0324,0.0348,0.0242,0.0547,92.5322,0.0042,0.0130,0.0034,0.9795,-0.2645,1.3588,sell
2024-09-04,527.7159,1489200,541.7065,541.9957,517.1291,-0.0266,-0.0020,0.0079,-0.0039,0.0263,59.3140,0.0104,0.0121,0.0018,0.6241,0.6510,2.1400,sell
2024-09-05,524.9101,877400,528.4680,528.4680,516.5794,-0.0053,-0.0121,0.0038,-0.0095,0.0205,53.0569,0.0106,0.0107,0.0003,0.5301,-0.4108,1.2478,sell
2024-09-06,522.5092,1059200,528.5259,531.2353,522.3260,-0.0046,-0.0184,-0.0026,-0.0138,0.0156,47.9820,0.0107,0.0091,-0.0011,0.4352,0.2072,1.4598,buy
2024-09-09,524.1965,721800,525.8838,528.3618,521.4389,0.0032,-0.0238,-0.0042,-0.0102,0.0186,50.2947,0.0106,0.0079,-0.0018,0.4685,-0.3185,0.9909,buy
2024-09-10,526.2468,881200,525.5408,527.6684,519.9027,0.0039,-0.0294,0.0021,-0.0066,0.0224,52.8870,0.0107,0.0072,-0.0020,0.5056,0.2208,1.1872,hold
2024-09-11,525.5118,788600,524.1676,526.3822,515.8215,-0.0014,-0.0042,-0.0062,-0.0073,0.0206,52.8178,0.0104,0.0065,-0.0022,0.4421,-0.1051,1.0387,buy
2024-09-12,527.8908,731500,526.0437,528.8192,520.4635,0.0045,0.0057,-0.0065,-0.0022,0.0247,54.2465,0.0104,0.0062,-0.0019,0.5362,-0.0724,0.9682,buy
2024-09-13,532.7167,471300,529.1288,534.7476,525.9083,0.0091,0.0195,0.0007,0.0069,0.0333,56.3486,0.0109,0.0066,-0.0012,0.7463,-0.3557,0.6401,buy
2024-09-16,535.2891,709200,535.8887,541.5269,534.3704,0.0048,0.0212,-0.0031,0.0121,0.0373,59.9722,0.0106,0.0072,-0.0004,0.8318,0.5048,0.9766,sell
2024-09-17,525.6278,792200,535.8017,535.8017,522.5911,-0.0180,-0.0012,-0.0305,-0.0031,0.0179,47.2175,0.0113,0.0063,-0.0012,0.3728,0.1170,1.0975,sell
2024-09-18,521.7111,851000,526.1791,526.6819,520.4345,-0.0075,-0.0072,-0.0114,-0.0094,0.0098,41.7209,0.0080,0.0049,-0.0021,0.1973,0.0742,1.1518,sell
2024-09-19,520.2992,721200,523.5003,526.6240,517.8911,-0.0027,-0.0144,-0.0088,-0.0112,0.0069,39.7611,0.0079,0.0034,-0.0029,0.1486,-0.1525,0.9655,buy
2024-09-20,522.0980,1677100,519.3031,522.5139,518.3941,0.0035,-0.0199,-0.0008,-0.0077,0.0101,36.7119,0.0079,0.0025,-0.0030,0.2378,1.3254,2.0877,sell
2024-09-23,516.3340,964700,522.7555,524.3803,515.8505,-0.0110,-0.0354,-0.0150,-0.0172,-0.0011,27.1265,0.0085,0.0009,-0.0037,0.0497,-0.4248,1.1621,sell
2024-09-24,509.9995,1057100,515.0092,517.1464,509.7288,-0.0123,-0.0297,-0.0309,-0.0262,-0.0133,31.6767,0.0089,-0.0013,-0.0048,-0.0716,0.0958,1.2220,sell
2024-09-25,503.3652,1157700,512.0787,516.7691,503.0654,-0.0130,-0.0352,-0.0421,-0.0348,-0.0250,29.3522,0.0094,-0.0042,-0.0062,-0.1162,0.0952,1.2864,hold
2024-09-26,503.1621,726200,503.8971,506.6630,500.1544,-0.0004,-0.0329,-0.0468,-0.0306,-0.0254,30.6431,0.0090,-0.0064,-0.0067,-0.0155,-0.3727,0.7954,buy
2024-09-27,506.7113,776000,505.1446,511.1310,504.3709,0.0071,-0.0295,-0.0488,-0.0189,-0.0193,33.1343,0.0086,-0.0075,-0.0062,0.1225,0.0686,0.8353,sell
2024-09-30,502.8914,1318900,506.3053,506.3246,498.9167,-0.0075,-0.0260,-0.0605,-0.0201,-0.0274,28.2157,0.0079,-0.0089,-0.0061,0.0856,0.6996,1.4126,sell
2024-10-01,494.4389,1233900,505.5025,507.4174,493.9940,-0.0168,-0.0305,-0.0593,-0.0307,-0.0441,24.6647,0.0077,-0.0114,-0.0069,-0.0353,-0.0644,1.2985,sell
2024-10-02,488.5396,2142100,482.6790,488.9362,475.8223,-0.0119,-0.0295,-0.0636,-0.0360,-0.0557,19.6569,0.0079,-0.0143,-0.0077,-0.0441,0.7360,2.1793,sell
2024-10-03,481.8570,1086900,488.4332,489.1102,479.8551,-0.0137,-0.0423,-0.0739,-0.0419,-0.0681,11.8745,0.0081,-0.0176,-0.0087,-0.0474,-0.4926,1.0941,sell
2024-10-04,475.8803,1473700,483.3269,484.9613,474.0331,-0.0124,-0.0608,-0.0885,-0.0450,-0.0790,7.6286,0.0072,-0.0210,-0.0097,-0.0310,0.3559,1.4532,hold
2024-10-07,475.8319,1783900,475.8513,477.3406,470.6773,-0.0001,-0.0538,-0.0784,-0.0373,-0.0779,8.8408,0.0077,-0.0234,-0.0096,0.0452,0.2105,1.6715,sell
2024-10-08,473.3658,924300,479.1490,482.1857,470.3194,-0.0052,-0.0426,-0.0718,-0.0351,-0.0814,9.0581,0.0076,-0.0255,-0.0093,0.0760,-0.4819,0.8643,buy
2024-10-09,477.2729,705700,474.7197,477.7854,472.5438,0.0083,-0.0231,-0.0518,-0.0220,-0.0724,15.0400,0.0088,-0.0258,-0.0079,0.1649,-0.2365,0.6625,sell
2024-10-10,475.9867,1088800,478.5011,481.7506,475.2033,-0.0027,-0.0122,-0.0540,-0.0191,-0.0735,12.2186,0.0086,-0.0263,-0.0066,0.1840,0.5429,1.0053,buy
2024-10-11,485.3675,1026700,477.7178,488.9071,477.2245,0.0197,0.0199,-0.0421,0.0046,-0.0542,26.0472,0.0112,-0.0242,-0.0040,0.3170,-0.0570,0.9242,buy
2024-10-14,492.2726,1184400,485.4739,493.4525,483.6848,0.0142,0.0346,-0.0211,0.0211,-0.0399,36.4081,0.0125,-0.0213,-0.0011,0.4249,0.1536,1.0439,sell
2024-10-15,467.9501,2236100,470.0583,476.7797,466.8282,-0.0494,-0.0114,-0.0536,-0.0239,-0.0860,28.6398,0.0192,-0.0242,-0.0023,0.1236,0.8880,1.8529,buy
2024-10-16,480.6094,1828500,468.0758,480.9769,468.0758,0.0271,0.0070,-0.0162,0.0041,-0.0604,38.1744,0.0216,-0.0225,-0.0010,0.3208,-0.1823,1.4562,sell
2024-10-17,429.7303,8287000,391.5880,432.5252,384.8860,-0.1059,-0.0972,-0.1082,-0.0923,-0.1575,23.0243,0.0396,-0.0335,-0.0075,-0.2029,3.5321,5.0716,sell
2024-10-18,416.5971,3318800,422.0806,428.4151,412.1872,-0.0306,-0.1417,-0.1246,-0.1089,-0.1803,21.6136,0.0401,-0.0433,-0.0132,-0.1701,-0.5995,1.9340,sell
2024-10-21,408.3671,2212400,414.1213,421.2779,406.9165,-0.0198,-0.1704,-0.1418,-0.1137,-0.1932,21.6452,0.0399,-0.0523,-0.0173,-0.1055,-0.3334,1.2440,hold
2024-10-22,406.0267,2234200,401.4137,408.3865,399.5665,-0.0057,-0.1323,-0.1423,-0.1057,-0.1946,22.1650,0.0399,-0.0589,-0.0189,-0.0240,0.0099,1.2160,hold
2024-10-23,401.8682,1835600,401.9262,406.7520,398.8412,-0.0102,-0.1638,-0.1580,-0.0999,-0.1993,22.5490,0.0391,-0.0646,-0.0194,0.0249,-0.1784,0.9810,hold
2024-10-24,405.2531,2352100,405.1370,414.7693,404.8275,0.0084,-0.0570,-0.1486,-0.0777,-0.1889,25.3227,0.0397,-0.0667,-0.0174,0.1030,0.2814,1.2047,buy
2024-10-25,411.2781,2089400,409.0828,419.5758,409.0828,0.0149,-0.0128,-0.1526,-0.0480,-0.1731,28.3491,0.0393,-0.0657,-0.0138,0.1793,-0.1117,1.0353,sell
2024-10-28,403.5316,1518300,412.7287,413.8796,403.3285,-0.0188,-0.0118,-0.1803,-0.0463,-0.1847,27.3793,0.0378,-0.0678,-0.0119,0.1626,-0.2733,0.7486,sell
2024-10-29,397.0617,1650100,403.6767,404.0732,397.0617,-0.0160,-0.0221,-0.1515,-0.0456,-0.1937,24.4423,0.0363,-0.0701,-0.0106,0.1574,0.0868,0.8053,hold
2024-10-30,397.2455,1930300,397.1101,401.4427,395.9496,0.0005,-0.0115,-0.1735,-0.0256,-0.1891,24.7332,0.0337,-0.0702,-0.0086,0.1922,0.1698,0.9470,sell
2024-10-31,392.4100,1878800,397.0327,399.4118,392.2746,-0.0122,-0.0317,-0.0868,-0.0286,-0.1947,19.2751,0.0138,-0.0713,-0.0071,0.1937,-0.0267,0.9042,buy
2024-11-01,400.3886,2410100,395.5531,402.9128,395.0212,0.0203,-0.0265,-0.0389,-0.0049,-0.1742,19.8439,0.0143,-0.0676,-0.0038,0.2706,0.2828,1.1343,buy
2024-11-04,404.1119,1931000,401.3460,405.8043,400.0114,0.0093,0.0014,-0.0104,0.0055,-0.1623,25.7726,0.0137,-0.0638,-0.0005,0.3158,-0.1988,0.9057,hold
2024-11-05,404.0248,2185200,403.0287,408.0479,401.3460,-0.0002,0.0175,-0.0049,0.0057,-0.1582,17.8691,0.0136,-0.0606,0.0022,0.3346,0.1316,0.9955,buy
2024-11-06,414.8177,3173000,399.2957,418.2509,394.6440,0.0267,0.0442,0.0322,0.0293,-0.1316,40.5723,0.0155,-0.0538,0.0059,0.4274,0.4520,1.3685,hold
2024-11-07,415.2142,2263900,416.6358,419.1213,411.1330,0.0010,0.0581,0.0246,0.0277,-0.1265,48.9579,0.0154,-0.0490,0.0085,0.4493,-0.2865,0.9523,sell
2024-11-08,408.7152,1569500,415.9782,416.9453,407.7385,-0.0157,0.0208,-0.0062,0.0123,-0.1357,50.2693,0.0157,-0.0467,0.0094,0.4193,-0.3067,0.6528,buy
2024-11-11,411.3942,1620600,410.0306,416.8679,409.4986,0.0066,0.0180,0.0195,0.0169,-0.1254,54.1313,0.0144,-0.0429,0.0102,0.4728,0.0326,0.6679,sell
2024-11-12,399.3344,2029400,410.1756,411.2684,396.8200,-0.0293,-0.0116,0.0057,-0.0134,-0.1458,48.2613,0.0167,-0.0433,0.0091,0.3509,0.2523,0.8400,hold
2024-11-13,397.3712,1448100,399.2184,402.0617,396.6943,-0.0049,-0.0421,0.0003,-0.0183,-0.1453,44.4836,0.0168,-0.0427,0.0080,0.2445,-0.2864,0.6042,sell
2024-11-14,393.6479,1784600,398.0192,400.7270,391.8201,-0.0094,-0.0519,0.0032,-0.0278,-0.1485,37.2500,0.0166,-0.0428,0.0067,0.1229,0.2324,0.8614,sell
2024-11-15,387.5068,2616500,391.6750,395.2533,385.3212,-0.0156,-0.0519,-0.0322,-0.0399,-0.1568,38.1355,0.0156,-0.0439,0.0051,-0.0161,0.4662,1.2847,hold
2024-11-18,387.5165,1465500,386.8395,390.3984,384.8279,0.0000,-0.0580,-0.0411,-0.0359,-0.1518,42.1853,0.0151,-0.0438,0.0042,0.0566,-0.4399,0.7330,sell
2024-11-19,381.2304,2000100,384.1027,386.8395,378.9383,-0.0162,-0.0453,-0.0564,-0.0461,-0.1602,38.0795,0.0155,-0.0452,0.0028,-0.0243,0.3648,1.0063,buy
2024-11-20,384.4024,2389800,383.1065,386.8685,378.1550,0.0083,-0.0326,-0.0733,-0.0308,-0.1479,43.8884,0.0119,-0.0442,0.0027,0.1130,0.1948,1.1858,buy
2024-11-21,390.3211,1380700,385.8144,390.5435,384.6539,0.0154,-0.0085,-0.0600,-0.0097,-0.1295,42.0667,0.0138,-0.0414,0.0039,0.2831,-0.4223,0.7020,hold
2024-11-22,389.3056,1180200,389.8858,393.3481,387.1683,-0.0026,0.0046,-0.0475,-0.0074,-0.1262,37.8125,0.0134,-0.0395,0.0047,0.2808,-0.1452,0.6143,buy
2024-11-25,394.1895,2468000,391.1625,396.2881,390.2437,0.0125,0.0172,-0.0418,0.0095,-0.1096,42.4968,0.0140,-0.0361,0.0061,0.4156,1.0912,1.2536,sell
2024-11-26,388.7350,1611200,395.3113,395.3113,384.9247,-0.0138,0.0197,-0.0265,-0.0018,-0.1164,28.3374,0.0116,-0.0349,0.0063,0.2916,-0.3472,0.8192,hold
2024-11-27,389.4991,1179400,388.2612,394.3152,388.2515,0.0020,0.0133,-0.0198,0.0022,-0.1093,28.7722,0.0117,-0.0330,0.0065,0.3228,-0.2680,0.6113,buy
2024-11-29,393.5705,1580900,387.8163,396.2687,387.2650,0.0105,0.0083,-0.0002,0.0127,-0.0948,36.9761,0.0119,-0.0300,0.0072,0.4213,0.3404,0.8258,buy
2024-12-02,396.8877,2030500,395.3403,398.6478,390.7659,0.0084,0.0195,0.0242,0.0188,-0.0818,37.6604,0.0108,-0.0267,0.0082,0.5074,0.2844,1.0713,sell
2024-12-03,394.6440,1692000,397.9515,398.7735,393.3964,-0.0057,0.0012,0.0184,0.0112,-0.0819,45.2103,0.0111,-0.0246,0.0084,0.4630,-0.1667,0.8983,sell
2024-12-04,386.9459,1903500,394.1218,396.5105,384.5185,-0.0195,-0.0046,0.0150,-0.0100,-0.0946,40.4703,0.0117,-0.0246,0.0072,0.2917,0.1250,1.0183,sell
2024-12-05,381.6051,1693500,388.0821,388.5579,380.5078,-0.0138,-0.0203,-0.0073,-0.0230,-0.1020,39.3080,0.0124,-0.0254,0.0055,0.1773,-0.1103,0.9432,sell
2024-12-06,371.0789,2731100,382.4402,382.9743,368.3113,-0.0276,-0.0571,-0.0493,-0.0452,-0.1213,36.4683,0.0136,-0.0284,0.0027,-0.0563,0.6127,1.5016,buy
2024-12-09,384.2075,2433000,372.5840,386.2759,372.4286,0.0354,-0.0319,-0.0131,-0.0101,-0.0849,47.7588,0.0187,-0.0262,0.0031,0.3202,-0.1092,1.3067,sell
2024-12-10,378.5754,2201300,383.1393,386.7128,376.4779,-0.0147,-0.0407,-0.0396,-0.0207,-0.0929,48.1857,0.0184,-0.0264,0.0026,0.1454,-0.0952,1.1641,sell
2024-12-11,374.3998,2163900,376.3517,378.5560,369.3698,-0.0110,-0.0324,-0.0369,-0.0279,-0.0977,43.2570,0.0183,-0.0272,0.0018,0.0533,-0.0170,1.1403,sell
2024-12-12,367.4374,1730000,376.4293,378.9735,367.0295,-0.0186,-0.0371,-0.0566,-0.0405,-0.1093,34.7876,0.0187,-0.0293,0.0002,-0.0690,-0.2005,0.9049,buy
2024-12-13,370.3700,1921100,367.2626,376.4779,364.4271,0.0080,-0.0019,-0.0589,-0.0269,-0.0973,37.7251,0.0185,-0.0293,-0.0001,0.0825,0.1105,1.0013,sell
2024-12-16,362.4947,2636300,369.7485,373.6813,361.0770,-0.0213,-0.0565,-0.0867,-0.0389,-0.1116,30.2211,0.0183,-0.0315,-0.0013,-0.0313,0.3723,1.3734,sell
2024-12-17,355.6973,2964400,357.1830,363.1745,353.0172,-0.0188,-0.0604,-0.0987,-0.0471,-0.1231,29.7229,0.0185,-0.0346,-0.0030,-0.0649,0.1245,1.4863,hold
2024-12-18,355.6585,2237100,354.9399,363.5532,354.1534,-0.0001,-0.0501,-0.0809,-0.0392,-0.1181,29.0436,0.0185,-0.0361,-0.0037,0.0200,-0.2453,1.1150,hold
2024-12-19,355.8721,2362500,354.5321,360.1642,351.7257,0.0006,-0.0315,-0.0674,-0.0318,-0.1122,25.4831,0.0186,-0.0368,-0.0035,0.0861,0.0561,1.1783,hold
2024-12-20,355.3672,3445400,355.0759,361.2323,354.2990,-0.0014,-0.0405,-0.0423,-0.0291,-0.1081,21.9722,0.0171,-0.0371,-0.0030,0.1265,0.4584,1.6342,buy
2024-12-23,360.1545,1458400,356.9889,360.6789,355.7168,0.0135,-0.0065,-0.0626,-0.0095,-0.0904,27.4914,0.0121,-0.0354,-0.0014,0.2362,-0.5767,0.6872,buy
2024-12-24,362.1452,468200,357.7851,362.4753,357.0860,0.0055,0.0181,-0.0434,0.0005,-0.0793,32.5117,0.0123,-0.0334,0.0004,0.2916,-0.6790,0.2315,hold
2024-12-26,362.8443,1252200,361.2615,364.0193,359.3000,0.0019,0.0202,-0.0309,0.0057,-0.0726,35.8441,0.0122,-0.0313,0.0019,0.3234,1.6745,0.6248,sell
2024-12-27,360.3293,812100,360.8148,363.2716,357.8725,-0.0069,0.0125,-0.0193,0.0007,-0.0733,40.7735,0.0110,-0.0302,0.0026,0.3009,-0.3515,0.4089,sell
2024-12-30,358.1250,1303800,358.8144,358.9212,354.4738,-0.0061,0.0078,-0.0331,-0.0021,-0.0756,22.4457,0.0105,-0.0295,0.0028,0.2822,0.6055,0.6612,hold
2024-12-31,358.2221,1205800,359.2902,361.9121,357.2705,0.0003,-0.0054,-0.0118,-0.0006,-0.0725,25.6506,0.0084,-0.0284,0.0031,0.2989,-0.0752,0.6245,sell
2025-01-02,355.2409,1218900,361.5916,363.9901,354.0659,-0.0083,-0.0191,-0.0013,-0.0088,-0.0777,26.4052,0.0064,-0.0281,0.0029,0.2455,0.0109,0.6391,buy
2025-01-03,360.8051,1251300,356.1537,363.5532,355.6197,0.0157,-0.0056,0.0145,0.0053,-0.0610,41.5408,0.0081,-0.0257,0.0039,0.3986,0.0266,0.6675,buy
2025-01-06,368.6609,1908500,362.5530,372.6811,362.2229,0.0218,0.0231,0.0359,0.0235,-0.0389,48.0634,0.0103,-0.0217,0.0058,0.6432,0.5252,1.0123,hold
2025-01-07,369.7291,1190500,370.0981,374.2251,368.0103,0.0029,0.0324,0.0404,0.0224,-0.0344,59.6929,0.0102,-0.0185,0.0072,0.6784,-0.3762,0.6584,buy
2025-01-08,372.1470,1517600,368.1074,373.0598,365.6215,0.0065,0.0389,0.0333,0.0257,-0.0261,74.9704,0.0097,-0.0151,0.0083,0.8157,0.2748,0.8611,sell
2025-01-10,370.1175,1779900,370.2049,379.4882,368.0395,-0.0055,0.0419,0.0220,0.0179,-0.0297,70.6977,0.0101,-0.0129,0.0085,0.7898,0.1728,1.0221,buy
2025-01-13,385.0135,2012900,373.8755,386.8973,370.1272,0.0402,0.0671,0.0611,0.0524,0.0100,79.3697,0.0157,-0.0075,0.0105,1.2088,0.1309,1.1609,sell
2025-01-14,381.7799,1345400,379.8280,383.9647,377.5364,-0.0084,0.0356,0.0595,0.0375,0.0023,75.2319,0.0158,-0.0043,0.0111,1.0120,-0.3316,0.7847,sell
2025-01-15,378.0219,1857100,381.0224,381.6245,369.3601,-0.0098,0.0224,0.0556,0.0218,-0.0068,67.4110,0.0162,-0.0024,0.0105,0.8731,0.3803,1.0851,sell
2025-01-16,374.1085,2406700,366.4760,374.1765,364.2717,-0.0104,0.0053,0.0443,0.0069,-0.0157,61.2367,0.0169,-0.0018,0.0090,0.7434,0.2959,1.4158,hold
2025-01-17,374.1377,2699400,375.8176,378.6142,372.7199,0.0001,0.0109,0.0532,0.0018,-0.0141,60.7426,0.0164,-0.0012,0.0076,0.7209,0.1216,1.6004,buy
2025-01-21,377.9539,1999100,377.5460,380.2747,375.7302,0.0102,-0.0183,0.0475,0.0074,-0.0026,66.3601,0.0161,0.0000,0.0071,0.7923,-0.2594,1.1936,hold
2025-01-22,379.4203,2450900,371.4091,381.1876,368.7969,0.0039,-0.0062,0.0292,0.0084,0.0031,70.0420,0.0149,0.0013,0.0066,0.7999,0.2260,1.4596,buy
2025-01-23,389.7425,3157700,393.0053,398.1324,378.0413,0.0272,0.0310,0.0541,0.0304,0.0318,74.8773,0.0168,0.0044,0.0076,0.9957,0.2884,1.8967,hold
2025-01-24,389.3541,1551400,385.6641,391.2865,383.4015,-0.0010,0.0408,0.0462,0.0247,0.0318,78.0726,0.0169,0.0067,0.0079,0.9236,-0.5087,0.9293,buy
2025-01-27,399.3365,1961100,393.4034,403.4635,392.5586,0.0256,0.0674,0.0789,0.0430,0.0590,79.5590,0.0177,0.0102,0.0091,1.0409,0.2641,1.1244,sell
2025-01-28,393.6656,1885000,398.3072,400.4338,390.1989,-0.0142,0.0416,0.0225,0.0258,0.0442,69.8474,0.0147,0.0119,0.0087,0.8741,-0.0388,1.0615,sell
2025-01-29,388.7132,1418400,392.6945,394.4618,388.1402,-0.0126,0.0245,0.0182,0.0111,0.0316,64.1934,0.0151,0.0123,0.0072,0.7501,-0.2475,0.7854,hold
2025-01-30,387.7615,1484200,387.8198,388.7132,381.8672,-0.0024,-0.0051,0.0258,0.0061,0.0294,61.9358,0.0146,0.0121,0.0056,0.7100,0.0464,0.8177,sell
2025-01-31,384.2464,1184000,386.7808,389.3929,383.8774,-0.0091,-0.0131,0.0271,-0.0057,0.0202,60.5603,0.0145,0.0111,0.0037,0.6178,-0.2023,0.6527,buy
2025-02-03,393.3743,2031200,384.5862,396.6759,384.5377,0.0238,-0.0149,0.0514,0.0129,0.0441,56.8388,0.0159,0.0118,0.0036,0.8095,0.7155,1.0952,sell
2025-02-04,390.3445,1349600,388.5869,396.4913,386.7905,-0.0077,-0.0084,0.0328,0.0019,0.0356,57.0290,0.0162,0.0119,0.0029,0.7191,-0.3356,0.7258,hold
2025-02-05,390.5193,1205400,388.4121,391.0049,384.3046,0.0004,0.0046,0.0293,-0.0005,0.0357,60.8975,0.0163,0.0118,0.0022,0.7035,-0.1068,0.6607,sell
2025-02-06,379.1677,1453300,388.7229,389.8590,377.6529,-0.0291,-0.0222,-0.0271,-0.0269,0.0062,53.9049,0.0167,0.0095,-0.0003,0.3526,0.2057,0.7909,hold
2025-02-07,380.0903,1078000,379.8087,383.2947,378.3326,0.0024,-0.0108,-0.0238,-0.0222,0.0091,54.5320,0.0168,0.0075,-0.0018,0.3615,-0.2582,0.5938,buy
2025-02-10,384.6736,858000,381.0127,385.0037,378.9541,0.0121,-0.0221,-0.0367,-0.0067,0.0218,55.0570,0.0147,0.0068,-0.0019,0.4856,-0.2041,0.4849,sell
2025-02-11,379.8960,1229500,384.6736,386.8293,376.5362,-0.0124,-0.0268,-0.0350,-0.0155,0.0096,50.3410,0.0145,0.0053,-0.0028,0.3245,0.4330,0.7106,sell
2025-02-12,374.4970,1443600,379.9155,385.6058,368.4279,-0.0142,-0.0410,-0.0366,-0.0259,-0.0040,38.2415,0.0147,0.0028,-0.0043,0.1617,0.1741,0.8320,buy
2025-02-13,380.2650,1227300,376.8760,381.0127,373.9434,0.0154,0.0029,-0.0193,-0.0090,0.0121,43.5270,0.0159,0.0021,-0.0040,0.3522,-0.1498,0.7204,sell
2025-02-14,377.9830,1202200,380.6923,383.6540,376.8469,-0.0060,-0.0055,-0.0163,-0.0133,0.0070,32.9191,0.0157,0.0010,-0.0041,0.2589,-0.0205,0.7315,sell
2025-02-18,371.4091,1588900,375.1185,376.5556,367.7676,-0.0174,-0.0345,-0.0558,-0.0249,-0.0092,32.4503,0.0136,-0.0013,-0.0051,0.0452,0.3217,1.0006,buy
2025-02-19,380.3719,1123900,371.7586,380.6535,371.4285,0.0241,0.0013,-0.0255,0.0013,0.0150,43.8139,0.0165,-0.0011,-0.0039,0.3475,-0.2927,0.7278,hold
2025-02-20,379.1969,1324900,378.6919,384.7513,377.4101,-0.0031,0.0125,-0.0290,0.0012,0.0120,43.6693,0.0165,-0.0012,-0.0032,0.3072,0.1788,0.8905,sell
2025-02-21,373.9532,1737100,368.0297,378.3812,367.0587,-0.0138,-0.0166,-0.0138,-0.0113,-0.0021,42.5812,0.0143,-0.0024,-0.0036,0.1651,0.3111,1.2260,hold
2025-02-24,374.1085,1299300,373.9531,377.1285,367.6607,0.0004,-0.0103,-0.0157,-0.0093,-0.0012,34.0514,0.0143,-0.0033,-0.0036,0.2036,-0.2520,0.9253,buy
2025-02-25,390.2960,2174400,375.7593,391.4904,374.9145,0.0433,0.0509,0.0146,0.0320,0.0414,49.9670,0.0199,-0.0005,-0.0006,0.7753,0.6735,1.5368,sell
2025-02-26,374.9533,2209000,385.2465,387.5479,373.6909,-0.0393,-0.0142,-0.0130,-0.0073,0.0004,41.2280,0.0235,-0.0016,-0.0013,0.2399,0.0159,1.5436,buy
2025-02-27,381.4983,1327100,377.6821,387.8684,375.7011,0.0175,0.0061,0.0187,0.0082,0.0171,51.3886,0.0237,-0.0010,-0.0006,0.5027,-0.3992,0.9303,buy
2025-02-28,385.3922,1554600,381.0127,385.8098,378.3812,0.0102,0.0306,0.0135,0.0171,0.0267,53.0510,0.0234,0.0003,0.0005,0.6628,0.1714,1.0871,hold
2025-03-03,384.0522,1526000,388.4219,391.7429,383.3530,-0.0035,0.0266,0.0161,0.0119,0.0219,49.6285,0.0233,0.0010,0.0010,0.6098,-0.0184,1.0545,hold
2025-03-04,385.7709,1485300,384.0521,392.1313,381.4594,0.0045,-0.0116,0.0387,0.0126,0.0249,53.6450,0.0223,0.0019,0.0015,0.7129,-0.0267,1.0461,hold
2025-03-05,385.9651,911200,383.0617,388.4413,382.3528,0.0005,0.0294,0.0147,0.0117,0.0237,57.6066,0.0212,0.0026,0.0018,0.7441,-0.3865,0.6518,buy
2025-03-06,391.1117,1393900,386.3341,392.7236,381.6827,0.0133,0.0252,0.0314,0.0220,0.0355,57.2542,0.0214,0.0041,0.0027,0.9764,0.5297,0.9904,buy
2025-03-07,397.6080,1638100,388.4801,400.9291,387.7130,0.0166,0.0317,0.0633,0.0325,0.0503,62.4247,0.0208,0.0065,0.0041,1.1038,0.1752,1.1563,hold
2025-03-10,399.3633,2139500,398.6709,409.4461,398.1834,0.0044,0.0399,0.0675,0.0303,0.0528,68.8480,0.0208,0.0087,0.0050,1.0449,0.3061,1.4557,buy
2025-03-11,411.5426,3153800,414.5558,416.8961,401.7523,0.0305,0.0668,0.0544,0.0560,0.0820,70.1430,0.0185,0.0124,0.0070,1.1863,0.4741,1.9904,sell
2025-03-12,400.8163,2135400,407.2911,410.2555,400.4359,-0.0261,0.0385,0.0690,0.0217,0.0517,62.4357,0.0151,0.0136,0.0065,0.8704,-0.3229,1.3102,buy
2025-03-13,406.8718,1753400,402.6397,408.8123,400.8162,0.0151,0.0403,0.0665,0.0304,0.0650,68.7598,0.0150,0.0151,0.0065,0.9431,-0.1789,1.0657,buy
2025-03-14,410.4700,1451700,406.4525,411.9425,404.2194,0.0088,0.0323,0.0651,0.0330,0.0715,69.9395,0.0149,0.0169,0.0066,0.9472,-0.1721,0.8764,buy
2025-03-17,419.8800,1494400,410.7430,421.2257,410.7430,0.0229,0.0514,0.0933,0.0472,0.0926,67.5256,0.0153,0.0195,0.0076,1.0256,0.0294,0.8943,buy
2025-03-18,425.3992,2135000,422.5031,427.2422,420.0262,0.0131,0.0337,0.1027,0.0506,0.1029,83.8205,0.0153,0.0224,0.0085,1.0266,0.4287,1.2571,sell
2025-03-19,419.7727,1365600,422.5323,424.5118,414.4095,-0.0132,0.0473,0.0876,0.0281,0.0850,75.9804,0.0168,0.0239,0.0079,0.8833,-0.3604,0.7984,buy
2025-03-20,423.4782,1331000,419.7240,425.5942,417.5787,0.0088,0.0408,0.0828,0.0291,0.0915,75.9188,0.0167,0.0250,0.0073,0.8884,-0.0253,0.7780,sell
2025-03-21,416.5645,3034700,421.5279,425.4772,414.3998,-0.0163,0.0148,0.0477,0.0076,0.0711,70.5656,0.0180,0.0249,0.0055,0.7611,1.2800,1.7090,hold
2025-03-24,416.6035,972100,415.3944,421.5669,414.2145,0.0001,-0.0078,0.0432,0.0035,0.0687,69.9266,0.0181,0.0242,0.0038,0.7396,-0.6797,0.5525,sell
2025-03-25,412.9371,1309700,418.1637,418.2808,409.0951,-0.0088,-0.0293,0.0034,-0.0056,0.0570,66.6827,0.0159,0.0229,0.0019,0.6643,0.3473,0.7632,buy
2025-03-26,419.8215,1224400,414.0780,423.7902,411.9522,0.0167,0.0001,0.0474,0.0063,0.0727,67.3839,0.0136,0.0224,0.0014,0.7527,-0.0651,0.7346,hold
2025-03-27,421.2062,1075200,419.3437,422.9419,414.2145,0.0033,-0.0054,0.0352,0.0062,0.0741,65.2317,0.0131,0.0222,0.0010,0.7533,-0.1219,0.6500,hold
2025-03-28,421.2549,1134100,425.4382,425.8088,420.7479,0.0001,0.0113,0.0263,0.0037,0.0718,64.4485,0.0130,0.0219,0.0006,0.7322,0.0548,0.6944,buy
2025-03-31,424.1413,1560600,423.9170,427.6615,420.2018,0.0069,0.0181,0.0101,0.0096,0.0764,59.4777,0.0110,0.0218,0.0005,0.7649,0.3761,0.9545,sell
2025-04-01,421.9180,1283500,427.0471,427.0471,421.2451,-0.0052,0.0217,-0.0082,0.0051,0.0682,68.2032,0.0103,0.0212,-0.0001,0.7053,-0.1776,0.7899,sell
2025-04-02,418.6513,1156300,419.4509,421.9180,415.7064,-0.0077,-0.0028,-0.0027,-0.0024,0.0578,60.6751,0.0097,0.0200,-0.0012,0.6177,-0.0991,0.7063,buy
2025-04-03,441.4303,3314800,423.1174,443.1562,423.1174,0.0544,0.0480,0.0424,0.0474,0.1118,70.8197,0.0198,0.0219,0.0014,1.1105,1.8667,1.9126,sell
2025-04-04,418.2223,4515500,439.0900,447.3201,417.8127,-0.0526,-0.0072,0.0040,-0.0081,0.0519,49.0598,0.0263,0.0208,-0.0007,0.5192,0.3622,2.4057,sell
2025-04-07,412.6153,2422100,410.9380,419.1584,401.7718,-0.0134,-0.0272,-0.0096,-0.0204,0.0366,42.7561,0.0267,0.0179,-0.0031,0.3314,-0.4636,1.2807,buy
2025-04-08,420.1822,3101900,443.7315,447.3395,415.5894,0.0183,-0.0041,0.0175,-0.0042,0.0545,50.2270,0.0271,0.0164,-0.0034,0.5484,0.2807,1.6425,buy
2025-04-09,424.8434,2416700,419.7727,431.1719,410.5772,0.0111,0.0148,0.0120,0.0057,0.0645,50.7490,0.0268,0.0160,-0.0028,0.6785,-0.2209,1.2702,hold
2025-04-10,425.5162,1617600,427.2909,433.3172,417.6372,0.0016,-0.0361,0.0102,0.0062,0.0642,55.2722,0.0268,0.0157,-0.0025,0.6849,-0.3307,0.8532,hold
2025-04-11,428.8706,1350200,423.8390,431.4645,420.9916,0.0079,0.0255,0.0181,0.0123,0.0704,56.9533,0.0269,0.0159,-0.0017,0.7897,-0.1653,0.7141,hold
2025-04-14,430.1968,1017100,428.7439,432.2641,424.1803,0.0031,0.0426,0.0143,0.0140,0.0713,60.0500,0.0269,0.0161,-0.0012,0.8091,-0.2467,0.5448,hold
2025-04-15,426.8814,1076300,430.4894,430.4894,423.6732,-0.0077,0.0159,0.0118,0.0050,0.0612,54.2891,0.0269,0.0156,-0.0014,0.6771,0.0582,0.5933,hold
2025-04-16,424.2193,1170400,426.6961,430.4114,421.5474,-0.0062,-0.0015,0.0133,-0.0025,0.0528,51.8026,0.0269,0.0146,-0.0021,0.5668,0.0874,0.6487,sell
2025-04-17,413.9707,3569400,380.2996,427.0959,380.2996,-0.0242,-0.0271,-0.0622,-0.0203,0.0262,46.1162,0.0205,0.0119,-0.0041,0.2039,2.0497,1.8628,sell
2025-04-21,396.5745,2294400,411.1721,411.9425,392.2059,-0.0420,-0.0753,-0.0518,-0.0566,-0.0178,37.2715,0.0179,0.0063,-0.0084,-0.1941,-0.3572,1.2210,buy
2025-04-22,405.5554,1890500,400.2117,408.1005,392.4887,0.0226,-0.0573,-0.0171,-0.0337,0.0032,42.8886,0.0196,0.0031,-0.0090,0.1045,-0.1760,0.9821,buy
2025-04-23,416.2525,1801400,404.4340,422.1618,404.4340,0.0264,-0.0249,-0.0094,-0.0072,0.0281,49.0207,0.0207,0.0027,-0.0072,0.3827,-0.0471,0.9240,hold
2025-04-24,418.1247,1485400,414.7118,418.5733,407.9834,0.0045,-0.0144,-0.0158,-0.0012,0.0307,38.5273,0.0204,0.0028,-0.0057,0.4354,-0.1754,0.7568,sell
2025-04-25,411.1916,1534500,416.1452,416.1452,404.1024,-0.0166,-0.0067,-0.0337,-0.0144,0.0118,45.8786,0.0209,0.0016,-0.0056,0.2685,0.0331,0.7728,sell
2025-04-28,403.5271,1534500,411.3281,416.9058,399.5193,-0.0186,0.0175,-0.0591,-0.0268,-0.0082,44.7979,0.0210,-0.0010,-0.0067,0.1182,0.0000,0.7651,hold
2025-04-29,403.3613,1140700,404.5802,405.2141,398.3882,-0.0004,-0.0054,-0.0624,-0.0209,-0.0098,39.4805,0.0208,-0.0030,-0.0070,0.1566,-0.2566,0.5748,buy
2025-04-30,410.1189,1356200,408.5977,412.1667,402.1814,0.0168,-0.0147,-0.0393,-0.0004,0.0049,41.0268,0.0221,-0.0032,-0.0056,0.3294,0.1889,0.6821,sell
2025-05-01,398.1541,1321800,407.9444,408.9488,397.9591,-0.0292,-0.0478,-0.0614,-0.0234,-0.0253,35.3427,0.0235,-0.0058,-0.0067,0.1069,-0.0254,0.6620,hold
2025-05-02,399.7826,1048500,402.0449,403.8099,396.4379,0.0041,-0.0277,-0.0343,-0.0160,-0.0223,34.1245,0.0228,-0.0074,-0.0066,0.1567,-0.2068,0.5567,buy
2025-05-05,405.9454,1222000,402.0547,407.5251,397.8519,0.0154,0.0060,0.0236,-0.0031,-0.0088,37.4279,0.0188,-0.0072,-0.0051,0.3178,0.1655,0.7111,hold
2025-05-06,403.6831,1080700,405.4773,407.4178,402.2497,-0.0056,0.0008,-0.0046,-0.0082,-0.0157,37.8411,0.0175,-0.0075,-0.0044,0.2805,-0.1156,0.6544,buy
2025-05-07,407.0473,822200,405.0093,408.4807,403.3711,0.0083,-0.0075,-0.0221,0.0023,-0.0083,41.0654,0.0152,-0.0070,-0.0031,0.3714,-0.2392,0.5348,sell
2025-05-08,402.1229,897100,405.1360,409.5436,401.6743,-0.0121,0.0100,-0.0383,-0.0059,-0.0216,43.4740,0.0153,-0.0075,-0.0029,0.2820,0.0911,0.6138,sell
2025-05-09,394.5169,948100,402.3569,403.3808,392.1083,-0.0189,-0.0132,-0.0406,-0.0206,-0.0407,48.7296,0.0156,-0.0095,-0.0038,0.1458,0.0568,0.6639,buy
2025-05-12,406.3257,2027900,396.8767,413.6879,396.4477,0.0299,0.0009,0.0069,0.0080,-0.0130,50.4596,0.0179,-0.0082,-0.0022,0.4363,1.1389,1.3871,sell
2025-05-13,366.0627,3575000,389.8363,389.8363,365.4581,-0.0991,-0.0932,-0.0925,-0.0834,-0.1100,27.8662,0.0363,-0.0169,-0.0081,-0.2782,0.7629,2.2486,hold
2025-05-14,364.9803,2188600,374.4488,378.8174,364.0149,-0.0030,-0.1033,-0.1101,-0.0757,-0.1118,26.3988,0.0353,-0.0231,-0.0115,-0.1406,-0.3878,1.3301,buy
2025-05-15,380.2996,2954300,357.2671,380.5336,348.5592,0.0420,-0.0543,-0.0448,-0.0325,-0.0742,37.2320,0.0383,-0.0234,-0.0097,0.1550,0.3499,1.7031,buy
2025-05-16,393.2590,2542600,381.5769,393.3565,380.4263,0.0341,-0.0032,-0.0163,0.0021,-0.0428,45.9340,0.0401,-0.0206,-0.0059,0.3934,-0.1394,1.5105,hold
2025-05-19,393.7661,1329200,395.1897,396.8767,387.9348,0.0013,-0.0309,-0.0300,0.0065,-0.0414,46.2107,0.0397,-0.0187,-0.0032,0.4050,-0.4772,0.8129,buy
2025-05-20,402.2301,1221200,395.3555,402.6884,393.2882,0.0215,0.0988,-0.0036,0.0286,-0.0209,46.9261,0.0404,-0.0149,0.0002,0.5560,-0.0813,0.7625,sell
2025-05-21,390.1678,1540000,392.9957,401.0795,389.9728,-0.0300,0.0690,-0.0415,0.0020,-0.0493,46.8904,0.0414,-0.0150,0.0005,0.3627,0.2611,0.9695,sell
2025-05-22,374.9461,1965000,385.6725,390.0996,374.1953,-0.0390,-0.0141,-0.0676,-0.0303,-0.0852,41.2552,0.0428,-0.0183,-0.0018,0.1262,0.2760,1.2186,sell
2025-05-23,363.0106,2479600,375.6287,376.6819,359.5781,-0.0318,-0.0769,-0.0799,-0.0534,-0.1124,35.4734,0.0435,-0.0235,-0.0052,-0.0002,0.2619,1.4940,hold
2025-05-27,366.6283,1938400,366.3455,368.3542,359.6561,0.0100,-0.0689,-0.0977,-0.0340,-0.1017,37.5768,0.0420,-0.0258,-0.0061,0.1134,-0.2183,1.1538,hold
2025-05-28,368.5493,2158800,365.6727,375.0241,363.7029,0.0052,-0.0837,0.0068,-0.0296,-0.0947,36.9669,0.0278,-0.0269,-0.0059,0.1809,0.1137,1.2472,hold
2025-05-29,371.0652,1629200,368.8321,373.4445,366.7551,0.0068,-0.0490,0.0167,-0.0245,-0.0861,39.3114,0.0278,-0.0269,-0.0048,0.2448,-0.2453,0.9339,buy
2025-05-30,374.2928,3195000,370.4703,379.7145,369.8852,0.0087,-0.0017,-0.0158,-0.0145,-0.0761,42.8235,0.0242,-0.0258,-0.0031,0.3137,0.9611,1.7381,sell
2025-06-02,367.6717,1767400,372.8008,376.2918,364.9413,-0.0177,0.0128,-0.0651,-0.0253,-0.0899,35.7594,0.0212,-0.0267,-0.0028,0.2398,-0.4468,0.9431,hold
2025-06-03,369.5341,1911600,366.0822,369.5829,359.8317,0.0051,0.0079,-0.0615,-0.0141,-0.0831,51.7836,0.0214,-0.0262,-0.0020,0.2899,0.0816,1.0016,hold
2025-06-04,370.6165,1083800,370.0900,375.7067,370.0900,0.0029,0.0056,-0.0786,-0.0028,-0.0784,52.8958,0.0194,-0.0253,-0.0009,0.3267,-0.4330,0.5678,buy
2025-06-05,375.0826,2130300,371.5527,375.2776,368.2177,0.0121,0.0108,-0.0387,0.0134,-0.0655,46.9832,0.0187,-0.0231,0.0008,0.4183,0.9656,1.0791,buy
2025-06-06,383.5760,2749700,376.5551,384.3463,375.0729,0.0226,0.0248,0.0230,0.0339,-0.0426,44.0956,0.0157,-0.0191,0.0034,0.5889,0.2908,1.3304,sell
2025-06-09,379.9193,1605300,382.8837,384.4536,377.3937,-0.0095,0.0333,0.0466,0.0194,-0.0498,41.8690,0.0112,-0.0171,0.0045,0.5355,-0.4162,0.7646,sell
2025-06-10,376.0211,1676800,379.9389,382.0054,372.6225,-0.0103,0.0176,0.0256,0.0064,-0.0574,33.7377,0.0119,-0.0162,0.0045,0.4872,0.0445,0.8053,sell
2025-06-11,373.0927,1247800,375.3062,377.9310,372.6225,-0.0078,0.0067,0.0123,-0.0027,-0.0623,38.0507,0.0123,-0.0159,0.0040,0.4105,-0.2558,0.6348,buy
2025-06-12,378.2738,897900,372.3385,378.4599,368.9399,0.0139,0.0085,0.0194,0.0092,-0.0472,52.7095,0.0129,-0.0141,0.0044,0.5163,-0.2804,0.4723,sell
2025-06-13,376.6382,958500,375.9330,380.1739,374.5422,-0.0043,-0.0181,0.0063,0.0043,-0.0493,63.3322,0.0128,-0.0131,0.0044,0.4812,0.0675,0.5321,sell
2025-06-16,368.7832,1709300,376.9614,377.1671,364.0036,-0.0209,-0.0293,0.0030,-0.0170,-0.0657,51.9468,0.0133,-0.0140,0.0030,0.3109,0.7833,0.9713,hold
2025-06-17,367.4708,1279700,368.0486,371.2513,366.8243,-0.0036,-0.0227,-0.0056,-0.0199,-0.0666,49.0148,0.0133,-0.0148,0.0019,0.2954,-0.2513,0.7282,hold
2025-06-18,368.1759,1155100,367.8331,371.0554,365.2279,0.0019,-0.0132,-0.0066,-0.0174,-0.0627,47.2705,0.0132,-0.0149,0.0014,0.3068,-0.0974,0.6586,hold
2025-06-20,366.8145,2950400,369.0574,372.1818,363.2495,-0.0037,-0.0303,-0.0220,-0.0189,-0.0637,42.6769,0.0125,-0.0153,0.0009,0.2518,1.5542,1.6171,sell
2025-06-23,364.7578,1419900,368.1074,368.1074,362.1916,-0.0056,-0.0315,-0.0491,-0.0195,-0.0660,46.8664,0.0089,-0.0158,0.0003,0.1892,-0.5187,0.7901,buy
2025-06-24,368.6755,1068500,364.6402,370.0956,362.8087,0.0107,-0.0003,-0.0296,-0.0059,-0.0533,49.1157,0.0100,-0.0150,0.0008,0.3475,-0.2475,0.6188,sell
2025-06-25,366.1681,1228400,366.0114,368.6754,363.5041,-0.0068,-0.0035,-0.0262,-0.0100,-0.0567,45.5494,0.0098,-0.0150,0.0007,0.2270,0.1496,0.7264,hold
2025-06-26,365.5021,1367400,365.6196,371.4766,363.2984,-0.0018,-0.0073,-0.0203,-0.0098,-0.0552,39.6259,0.0096,-0.0149,0.0007,0.2100,0.1132,0.8279,buy
2025-06-27,373.6411,1774400,366.2171,374.2288,365.2278,0.0223,0.0186,-0.0122,0.0135,-0.0315,39.1590,0.0114,-0.0126,0.0021,0.5902,0.2976,1.0697,buy
2025-06-30,380.9575,1728400,373.1710,381.8879,371.2024,0.0196,0.0444,0.0115,0.0321,-0.0103,51.0491,0.0130,-0.0091,0.0042,0.8934,-0.0259,1.0901,buy
2025-07-01,387.6176,1703300,381.1142,392.2894,379.7528,0.0175,0.0514,0.0511,0.0449,0.0083,61.0986,0.0113,-0.0050,0.0065,1.0576,-0.0145,1.0765,sell
2025-07-02,343.0439,4805800,359.6452,366.8733,342.4268,-0.1150,-0.0632,-0.0665,-0.0692,-0.1051,33.9975,0.0398,-0.0125,0.0004,-0.2670,1.8215,2.7827,hold
2025-07-03,340.6834,2006200,347.7059,349.8900,340.0664,-0.0069,-0.0679,-0.0747,-0.0686,-0.1083,29.3612,0.0397,-0.0183,-0.0043,-0.1341,-0.5825,1.1314,hold
2025-07-07,339.7432,2255800,340.8402,343.2887,336.6482,-0.0028,-0.0907,-0.0738,-0.0643,-0.1071,29.5871,0.0397,-0.0229,-0.0071,-0.0350,0.1244,1.2677,hold
2025-07-08,342.2701,1619500,338.6364,343.4650,337.8039,0.0074,-0.1016,-0.0617,-0.0514,-0.0969,34.4121,0.0400,-0.0255,-0.0078,0.0732,-0.2821,0.9400,hold
2025-07-09,339.2339,1822100,339.8608,340.8402,335.5807,-0.0089,-0.1248,-0.0799,-0.0521,-0.1015,33.7284,0.0396,-0.0282,-0.0083,0.0808,0.1251,1.0510,hold
2025-07-10,338.7442,2218500,335.5513,341.3299,332.4073,-0.0014,-0.0125,-0.0749,-0.0462,-0.0997,32.9976,0.0396,-0.0301,-0.0081,0.1232,0.2176,1.2599,sell
2025-07-11,333.6610,1698100,336.6189,337.2555,330.6639,-0.0150,-0.0206,-0.0871,-0.0520,-0.1099,31.6372,0.0396,-0.0328,-0.0084,0.1002,-0.2346,0.9522,hold
2025-07-14,333.0733,1652700,330.8011,333.2692,328.2742,-0.0018,-0.0196,-0.1086,-0.0426,-0.1078,32.1606,0.0383,-0.0345,-0.0080,0.1363,-0.0267,0.9075,hold
2025-07-15,329.2928,1739400,332.4465,336.6189,328.7737,-0.0114,-0.0379,-0.1356,-0.0392,-0.1147,27.7919,0.0368,-0.0366,-0.0079,0.1285,0.0525,0.9351,buy
2025-07-16,337.4612,2488100,330.6542,339.2339,329.2830,0.0248,-0.0052,-0.1294,-0.0008,-0.0897,34.7835,0.0375,-0.0347,-0.0054,0.2667,0.4304,1.3102,sell
2025-07-17,296.2274,7408700,327.1282,327.1282,290.2920,-0.1222,-0.1255,-0.1365,-0.1105,-0.1961,24.3230,0.0397,-0.0493,-0.0127,-0.1207,1.9777,3.3591,sell
2025-07-18,271.3891,8394400,284.3371,287.2754,270.7231,-0.0838,-0.1866,-0.2034,-0.1678,-0.2582,16.2747,0.0453,-0.0689,-0.0231,-0.1699,0.1330,3.2695,hold
2025-07-21,270.7623,3583400,272.6232,275.3460,268.7544,-0.0023,-0.1871,-0.2030,-0.1518,-0.2544,11.9770,0.0453,-0.0803,-0.0275,-0.0497,-0.5731,1.3787,buy
2025-07-22,275.9238,3505400,270.3117,277.6280,270.3117,0.0191,-0.1621,-0.1938,-0.1173,-0.2348,11.0572,0.0463,-0.0850,-0.0266,0.0610,-0.0218,1.2967,buy
2025-07-23,290.4977,3249800,277.7651,290.5369,275.9924,0.0528,-0.1392,-0.1437,-0.0559,-0.1898,26.8330,0.0517,-0.0804,-0.0200,0.1998,-0.0729,1.1555,sell
2025-07-24,274.6603,3569400,284.0335,289.5966,274.0041,-0.0545,-0.0728,-0.1892,-0.0884,-0.2283,23.9830,0.0530,-0.0885,-0.0196,0.1339,0.0983,1.2184,buy
2025-07-25,283.1520,4807800,277.8239,288.2646,277.1775,0.0309,0.0433,-0.1514,-0.0442,-0.2007,28.9523,0.0554,-0.0850,-0.0146,0.2218,0.3469,1.5501,hold
2025-07-28,280.0962,2470400,282.8386,285.5026,277.6672,-0.0108,0.0345,-0.1591,-0.0373,-0.2055,26.9666,0.0552,-0.0852,-0.0112,0.2277,-0.4862,0.7877,hold
2025-07-29,282.7896,2661200,278.6466,289.1265,275.4635,0.0096,0.0249,-0.1412,-0.0122,-0.1934,29.0360,0.0558,-0.0821,-0.0070,0.2661,0.0772,0.8361,hold
2025-07-30,287.5104,2132900,284.9541,288.5388,280.3312,0.0167,-0.0103,-0.1480,0.0221,-0.1750,31.5511,0.0552,-0.0768,-0.0023,0.3146,-0.1985,0.6656,sell
2025-07-31,277.2558,3261000,284.1706,286.9717,276.8347,-0.0357,0.0094,-0.0640,-0.0077,-0.1990,30.4182,0.0416,-0.0784,-0.0010,0.2537,0.5289,1.0428,sell
2025-08-01,269.0091,3382600,280.1158,282.1628,268.2060,-0.0297,-0.0499,-0.0088,-0.0364,-0.2168,28.8823,0.0329,-0.0813,-0.0012,0.2135,0.0373,1.0584,hold
2025-08-04,269.2735,3387400,268.7544,274.6898,268.4019,0.0010,-0.0386,-0.0055,-0.0349,-0.2105,29.7462,0.0329,-0.0807,-0.0005,0.2417,0.0014,1.0414,hold
2025-08-05,270.7231,2012700,268.6663,276.9327,268.6369,0.0054,-0.0427,-0.0188,-0.0279,-0.2014,26.4091,0.0323,-0.0785,0.0010,0.2758,-0.4058,0.6151,hold
2025-08-06,270.6153,2487000,270.3313,275.0227,268.0786,-0.0004,-0.0588,-0.0684,-0.0213,-0.1973,37.2352,0.0261,-0.0762,0.0026,0.2947,0.2357,0.7524,buy
2025-08-07,277.6476,2237000,273.1814,278.6956,272.4762,0.0260,0.0014,0.0109,0.0030,-0.1721,53.7923,0.0218,-0.0697,0.0057,0.3808,-0.1005,0.6766,buy
2025-08-08,287.9413,2405100,277.8827,289.1069,277.8827,0.0371,0.0704,0.0169,0.0384,-0.1372,59.3179,0.0228,-0.0601,0.0101,0.5137,0.0751,0.7197,sell
2025-08-11,284.8072,1650200,288.9208,293.2891,284.0041,-0.0109,0.0577,0.0168,0.0254,-0.1422,54.9267,0.0228,-0.0554,0.0125,0.5061,-0.3139,0.4938,hold
2025-08-12,286.4625,1522800,285.1794,287.3635,283.7592,0.0058,0.0581,0.0130,0.0300,-0.1326,47.3878,0.0227,-0.0497,0.0142,0.5698,-0.0772,0.4572,hold
2025-08-13,288.3723,2471500,288.0393,292.7602,285.5712,0.0067,0.0656,0.0030,0.0365,-0.1226,60.8292,0.0222,-0.0442,0.0155,0.7633,0.6230,0.7422,hold
2025-08-14,289.3517,2153000,288.0883,290.8111,284.4938,0.0034,0.0422,0.0436,0.0355,-0.1153,55.5555,0.0182,-0.0392,0.0162,0.8280,-0.1289,0.7019,buy
2025-08-15,303.2008,3415600,304.6014,305.5808,297.8434,0.0479,0.0530,0.1271,0.0720,-0.0691,67.3481,0.0185,-0.0297,0.0185,1.1161,0.5864,1.2119,hold
2025-08-18,302.9560,2509200,306.5603,310.0764,302.8678,-0.0008,0.0637,0.1251,0.0585,-0.0658,65.7200,0.0187,-0.0234,0.0199,1.0131,-0.2654,0.9076,buy
2025-08-19,305.5808,2644200,303.8864,309.4887,302.1822,0.0087,0.0667,0.1288,0.0548,-0.0531,64.5620,0.0186,-0.0173,0.0205,0.9876,0.0538,0.9716,sell
2025-08-20,303.6220,2135300,306.1783,310.3017,303.4653,-0.0064,0.0529,0.1220,0.0363,-0.0547,74.5263,0.0191,-0.0131,0.0199,0.9004,-0.1925,0.8010,hold
2025-08-21,303.2302,1593100,303.6220,307.1773,302.2606,-0.0013,0.0480,0.0921,0.0260,-0.0516,87.2813,0.0188,-0.0097,0.0187,0.8489,-0.2539,0.6206,buy
2025-08-22,310.0372,2961400,306.2273,312.6523,306.1195,0.0224,0.0225,0.0767,0.0412,-0.0265,88.8681,0.0168,-0.0050,0.0182,0.9232,0.8589,1.1967,sell
2025-08-25,307.5397,1239000,309.8021,310.5367,306.1979,-0.0081,0.0151,0.0798,0.0250,-0.0300,84.4167,0.0165,-0.0021,0.0170,0.8355,-0.5816,0.5134,sell
2025-08-26,303.6513,1843700,306.0020,307.3829,301.2713,-0.0126,-0.0063,0.0600,0.0063,-0.0379,78.8439,0.0178,-0.0008,0.0149,0.7416,0.4881,0.7772,hold
2025-08-27,303.4359,1462900,303.1127,306.0901,300.5368,-0.0007,-0.0006,0.0522,0.0006,-0.0345,75.5582,0.0179,0.0002,0.0127,0.7191,-0.2065,0.6255,hold
2025-08-28,304.0236,1193700,304.7483,304.7777,299.0579,0.0019,0.0026,0.0507,-0.0023,-0.0288,69.7356,0.0179,0.0011,0.0109,0.7072,-0.1840,0.5340,buy
2025-08-29,312.0940,3115300,304.3468,313.5142,304.0628,0.0265,0.0066,0.0293,0.0212,0.0006,79.8671,0.0128,0.0039,0.0107,0.8190,1.6098,1.4020,buy
2025-09-02,315.6983,1950100,312.9167,318.9500,311.2125,0.0115,0.0265,0.0421,0.0287,0.0155,80.6909,0.0130,0.0068,0.0109,0.8550,-0.3740,0.9070,hold
2025-09-03,314.9735,1645600,313.0832,317.2947,310.9285,-0.0023,0.0373,0.0307,0.0232,0.0164,78.6377,0.0130,0.0089,0.0104,0.8209,-0.1561,0.7719,sell
2025-09-04,301.7121,2826900,302.2508,307.3928,300.0765,-0.0421,-0.0057,-0.0063,-0.0193,-0.0221,60.5237,0.0193,0.0074,0.0072,0.5324,0.7179,1.3156,buy
2025-09-05,307.1871,1862300,302.1528,308.7835,297.9021,0.0181,0.0104,0.0130,-0.0028,-0.0006,53.9584,0.0202,0.0072,0.0055,0.6431,-0.3412,0.8743,sell
2025-09-08,301.8199,2006100,309.1264,311.5847,300.3899,-0.0175,-0.0329,-0.0265,-0.0176,-0.0140,48.9760,0.0195,0.0057,0.0032,0.4811,0.0772,0.9507,buy
2025-09-09,308.6072,1926800,304.1606,310.3604,302.9364,0.0225,-0.0225,0.0035,0.0042,0.0125,52.5373,0.0209,0.0061,0.0029,0.6562,-0.0395,0.9072,sell
2025-09-10,302.0782,1723600,305.4954,308.0460,299.9905,-0.0212,-0.0409,-0.0052,-0.0166,-0.0037,48.7979,0.0216,0.0048,0.0012,0.4124,-0.1055,0.8077,buy
2025-09-11,310.0943,3594500,309.2277,312.7630,306.4014,0.0265,0.0278,0.0219,0.0074,0.0279,54.7779,0.0232,0.0056,0.0017,0.6981,1.0855,1.6412,sell
2025-09-12,307.0120,1503300,312.5858,314.3780,306.5983,-0.0099,-0.0006,0.0098,-0.0036,0.0202,47.7790,0.0236,0.0055,0.0013,0.5340,-0.5818,0.6967,sell
2025-09-15,302.2358,2001800,307.0513,308.6860,301.3396,-0.0156,0.0014,-0.0316,-0.0160,0.0069,46.2323,0.0222,0.0042,-0.0001,0.2612,0.3316,0.9592,buy
2025-09-16,305.2787,2068100,303.0039,306.5884,299.6951,0.0101,-0.0108,-0.0330,-0.0027,0.0193,51.1701,0.0221,0.0038,-0.0004,0.4288,0.0331,1.0016,hold
2025-09-17,303.7819,1621200,306.7559,310.9806,302.5017,-0.0049,0.0056,-0.0355,-0.0039,0.0170,50.2443,0.0222,0.0031,-0.0009,0.3479,-0.2161,0.8051,buy
2025-09-18,310.9609,2309800,304.5205,311.6798,303.2698,0.0236,0.0028,0.0307,0.0165,0.0430,54.4807,0.0189,0.0042,0.0003,0.7394,0.4247,1.1421,sell
2025-09-19,308.9322,3117400,311.9949,313.3637,308.6269,-0.0065,0.0063,0.0057,0.0093,0.0382,47.7850,0.0183,0.0047,0.0006,0.6086,0.3496,1.4854,buy
2025-09-22,313.0486,1456200,307.2286,314.1121,306.2635,0.0133,0.0358,0.0372,0.0190,0.0535,48.1569,0.0175,0.0059,0.0015,0.8262,-0.5329,0.7197,buy
2025-09-23,318.7997,2118400,312.4380,319.9617,312.4380,0.0184,0.0443,0.0330,0.0343,0.0739,52.4874,0.0171,0.0082,0.0031,1.0329,0.4547,1.0247,buy
2025-09-24,321.4093,2096500,319.6662,324.0386,314.9787,0.0082,0.0580,0.0640,0.0363,0.0833,64.8641,0.0147,0.0106,0.0044,1.0401,-0.0103,1.0079,sell
2025-09-25,311.8767,1860700,321.0351,323.0440,310.7147,-0.0297,0.0029,0.0057,0.0050,0.0530,53.3347,0.0167,0.0103,0.0031,0.6203,-0.1125,0.8861,buy
2025-09-26,313.7576,1482000,314.4864,315.2939,311.4631,0.0060,0.0156,0.0220,0.0088,0.0581,58.9316,0.0164,0.0101,0.0024,0.6815,-0.2035,0.7009,hold
2025-09-29,314.8212,1139300,313.4622,316.7316,311.1972,0.0034,0.0057,0.0416,0.0082,0.0586,55.0846,0.0151,0.0101,0.0020,0.7181,-0.2312,0.5653,buy
2025-09-30,318.1989,1854800,314.3485,320.2669,312.3888,0.0107,-0.0019,0.0423,0.0148,0.0665,63.9082,0.0152,0.0108,0.0022,0.8473,0.6280,0.9224,buy
2025-10-01,327.5936,2128400,319.0951,327.7019,318.1398,0.0295,0.0192,0.0784,0.0369,0.0942,64.7469,0.0167,0.0132,0.0039,1.0992,0.1475,1.0459,buy
2025-10-02,335.0582,2181800,323.9894,336.1907,323.8909,0.0228,0.0743,0.0775,0.0525,0.1158,72.0092,0.0166,0.0167,0.0060,1.1577,0.0251,1.0895,buy
2025-10-03,345.1619,2683000,336.0823,351.5629,335.8952,0.0302,0.1001,0.1173,0.0720,0.1441,81.0869,0.0172,0.0212,0.0087,1.1871,0.2297,1.3128,hold
2025-10-06,344.6105,1725300,348.5200,349.8199,343.7439,-0.0016,0.0946,0.1008,0.0599,0.1376,79.5502,0.0176,0.0248,0.0098,1.0538,-0.3570,0.8501,buy
2025-10-07,352.0455,1782100,348.5200,353.7393,346.9838,0.0216,0.1064,0.1043,0.0718,0.1567,83.2903,0.0178,0.0284,0.0110,1.0622,0.0329,0.8812,buy
2025-10-08,356.8216,1833900,352.6560,359.2737,352.0553,0.0136,0.0892,0.1102,0.0748,0.1667,82.7175,0.0178,0.0320,0.0118,1.0333,0.0291,0.9043,sell
2025-10-09,352.6758,1291600,358.3579,359.3131,352.6560,-0.0116,0.0526,0.1308,0.0494,0.1483,80.2920,0.0137,0.0342,0.0110,0.9104,-0.2957,0.6752,sell
2025-10-10,347.8602,1769000,354.7438,356.1323,346.6686,-0.0137,0.0078,0.1087,0.0247,0.1274,73.8755,0.0160,0.0346,0.0089,0.8084,0.3696,0.9185,sell
2025-10-13,346.0680,1173300,345.8021,349.8790,345.1423,-0.0052,0.0042,0.0993,0.0101,0.1160,69.7758,0.0166,0.0339,0.0065,0.7580,-0.3367,0.6226,hold
2025-10-14,345.1422,1638300,339.8639,346.0778,339.1253,-0.0027,-0.0196,0.0847,-0.0005,0.1076,67.6428,0.0171,0.0327,0.0042,0.7222,0.3963,0.8793,hold
2025-10-15,344.1673,1764700,341.9220,345.9300,337.5103,-0.0028,-0.0355,0.0506,-0.0081,0.0993,77.5038,0.0156,0.0312,0.0021,0.6883,0.0772,0.9435,hold
2025-10-16,342.8773,1162200,342.4341,346.1959,341.7054,-0.0037,-0.0278,0.0233,-0.0140,0.0901,75.0551,0.0145,0.0294,0.0001,0.6504,-0.3414,0.6411,hold
2025-10-17,343.4583,1440100,343.2318,345.8611,340.6615,0.0017,-0.0127,-0.0049,-0.0118,0.0874,74.8463,0.0107,0.0277,-0.0013,0.6405,0.2391,0.8329,buy
2025-10-20,348.6776,1946900,343.4583,350.3714,342.3258,0.0152,0.0075,0.0118,0.0020,0.0997,75.6252,0.0118,0.0268,-0.0013,0.7039,0.3519,1.1102,sell
2025-10-21,344.4234,4061800,339.4503,349.1798,331.8774,-0.0122,-0.0021,-0.0217,-0.0080,0.0822,65.4885,0.0100,0.0255,-0.0024,0.6148,1.0863,2.1946,sell
2025-10-22,339.9525,3056900,341.6955,342.9561,332.7637,-0.0130,-0.0122,-0.0473,-0.0161,0.0646,54.7669,0.0088,0.0232,-0.0040,0.5215,-0.2474,1.6099,buy
2025-10-23,341.0062,2493900,333.5023,343.3697,329.9965,0.0031,-0.0055,-0.0331,-0.0097,0.0644,45.0862,0.0088,0.0211,-0.0049,0.5160,-0.1842,1.2919,sell
2025-10-24,337.1361,1318300,341.7251,343.7143,334.8613,-0.0113,-0.0184,-0.0308,-0.0179,0.0492,41.8052,0.0085,0.0185,-0.0062,0.4001,-0.4714,0.6858,hold
2025-10-27,337.2739,1137700,335.8263,337.5103,332.9311,0.0004,-0.0327,-0.0254,-0.0150,0.0474,30.7198,0.0085,0.0161,-0.0069,0.3495,-0.1370,0.5919,sell
2025-10-28,334.2310,1368700,337.2739,341.9713,332.3599,-0.0090,-0.0296,-0.0316,-0.0208,0.0359,19.1169,0.0088,0.0135,-0.0078,0.1707,0.2030,0.7212,sell
2025-10-29,331.2373,1572900,336.0233,337.0179,329.4352,-0.0090,-0.0256,-0.0376,-0.0259,0.0250,19.7387,0.0090,0.0105,-0.0087,0.0281,0.1492,0.8411,sell
2025-10-30,317.0468,1709900,327.9285,330.2722,316.8990,-0.0428,-0.0703,-0.0753,-0.0604,-0.0197,15.6079,0.0153,0.0048,-0.0123,-0.2406,0.0871,0.9260,sell
2025-10-31,312.3691,1613900,315.1265,315.8847,309.2474,-0.0148,-0.0735,-0.0905,-0.0657,-0.0347,14.6634,0.0150,-0.0013,-0.0149,-0.1543,-0.0561,0.9001,sell
2025-11-03,308.4202,1530000,313.0781,313.6493,304.1266,-0.0126,-0.0855,-0.1155,-0.0663,-0.0468,13.7891,0.0123,-0.0073,-0.0168,-0.0877,-0.0520,0.8580,buy
2025-11-04,311.7979,1548700,305.7317,313.9841,305.2787,0.0110,-0.0671,-0.0947,-0.0466,-0.0366,19.5253,0.0143,-0.0108,-0.0162,0.0490,0.0122,0.8742,buy
2025-11-05,313.2357,1299800,310.2912,314.1613,307.3763,0.0046,-0.0543,-0.0786,-0.0343,-0.0328,22.1708,0.0149,-0.0131,-0.0148,0.1178,-0.1607,0.7449,sell
2025-11-06,309.6511,1259200,313.3243,318.1792,309.6511,-0.0114,-0.0233,-0.0919,-0.0361,-0.0442,19.9545,0.0144,-0.0159,-0.0141,0.1045,-0.0312,0.7223,buy
2025-11-07,312.9402,1151500,308.7057,312.9895,305.9779,0.0106,0.0018,-0.0718,-0.0184,-0.0346,17.1107,0.0157,-0.0168,-0.0120,0.1945,-0.0855,0.6724,sell
2025-11-10,299.1535,1964900,304.8258,308.6860,296.2287,-0.0441,-0.0300,-0.1130,-0.0503,-0.0764,14.5566,0.0192,-0.0219,-0.0135,0.0379,0.7064,1.1215,buy
2025-11-11,310.4488,1449600,302.0881,312.5168,298.9762,0.0378,-0.0043,-0.0712,-0.0070,-0.0412,29.1307,0.0248,-0.0212,-0.0105,0.2417,-0.2623,0.8319,buy
2025-11-12,322.6402,2020700,310.1435,327.5050,309.2178,0.0393,0.0300,-0.0260,0.0349,-0.0040,38.7772,0.0288,-0.0172,-0.0055,0.4474,0.3940,1.1511,hold
2025-11-13,323.2803,1759600,320.6510,327.5936,316.6430,0.0020,0.0440,0.0197,0.0348,-0.0034,41.1853,0.0250,-0.0144,-0.0022,0.4726,-0.1292,0.9856,hold
2025-11-14,320.8676,1392800,324.6590,326.7369,315.5204,-0.0075,0.0253,0.0272,0.0243,-0.0116,39.8563,0.0246,-0.0127,-0.0003,0.4491,-0.2085,0.7812,buy
2025-11-17,325.8703,1995800,320.5328,331.3555,319.4496,0.0156,0.0893,0.0566,0.0345,0.0023,44.9530,0.0242,-0.0098,0.0020,0.5614,0.4329,1.1179,sell
2025-11-18,319.5874,1416100,324.4719,324.4817,318.0906,-0.0193,0.0294,0.0250,0.0121,-0.0177,43.2361,0.0253,-0.0092,0.0022,0.4623,-0.2905,0.8567,sell
2025-11-19,311.5517,1497700,319.2330,319.4693,311.0003,-0.0251,-0.0344,-0.0054,-0.0128,-0.0429,46.5640,0.0268,-0.0108,0.0007,0.3155,0.0576,0.9509,hold
2025-11-20,309.2079,1120600,312.7433,314.1909,307.1301,-0.0075,-0.0435,-0.0014,-0.0201,-0.0501,47.9639,0.0266,-0.0124,-0.0007,0.2819,-0.2518,0.7439,buy
2025-11-21,316.8301,1173700,310.7344,319.4102,309.2966,0.0247,-0.0126,0.0124,0.0028,-0.0273,55.1720,0.0276,-0.0112,0.0002,0.4856,0.0474,0.7829,buy
2025-11-24,324.5802,2549200,326.0180,331.2176,318.8587,0.0245,-0.0040,0.0850,0.0191,-0.0048,57.4598,0.0232,-0.0083,0.0023,0.7293,1.1719,1.6239,buy
2025-11-25,331.1487,1389500,326.4907,333.8371,325.0726,0.0202,0.0362,0.0667,0.0330,0.0137,59.8634,0.0213,-0.0044,0.0048,0.9421,-0.4549,0.8846,buy
2025-11-26,333.3643,1691000,331.0403,336.6830,327.1505,0.0067,0.0700,0.0332,0.0365,0.0186,63.2570,0.0180,-0.0008,0.0066,0.9935,0.2170,1.0725,hold
2025-11-28,333.1084,570800,333.3939,334.7529,330.4593,-0.0008,0.0773,0.0304,0.0325,0.0165,61.6709,0.0180,0.0018,0.0074,0.9238,-0.6624,0.3756,sell
2025-12-01,324.6590,1583900,331.6706,334.1128,324.3636,-0.0254,0.0247,0.0118,0.0052,-0.0103,65.7313,0.0200,0.0020,0.0062,0.6767,1.7749,1.0432,hold
2025-12-02,325.8801,1034800,324.5310,326.6482,321.2320,0.0038,0.0040,0.0000,0.0089,-0.0073,60.8683,0.0194,0.0023,0.0052,0.6890,-0.3467,0.6929,hold
2025-12-03,325.7127,1691800,326.9732,329.8684,324.6098,-0.0005,-0.0164,0.0192,0.0065,-0.0082,52.6052,0.0182,0.0025,0.0043,0.6662,0.6349,1.1274,buy
2025-12-04,328.4110,2357300,325.7029,331.3259,323.3099,0.0083,-0.0149,0.0541,0.0096,-0.0004,54.2036,0.0155,0.0032,0.0040,0.7180,0.3934,1.5174,hold
2025-12-05,327.3914,1324200,329.9155,330.5491,324.6793,-0.0031,-0.0172,0.0588,0.0009,-0.0045,55.4700,0.0151,0.0036,0.0035,0.6704,-0.4383,0.8506,hold
2025-12-08,327.2528,1765500,328.6485,328.6980,319.7597,-0.0004,0.0080,0.0329,-0.0027,-0.0057,51.2622,0.0137,0.0037,0.0029,0.6487,0.3333,1.1121,hold
2025-12-09,326.4610,1296200,328.1833,332.3803,323.8874,-0.0024,0.0018,0.0058,-0.0057,-0.0088,56.9743,0.0115,0.0036,0.0023,0.6099,-0.2658,0.8341,buy
2025-12-10,337.5770,1318000,325.5108,337.6265,321.9869,0.0341,0.0364,0.0194,0.0261,0.0237,74.8530,0.0146,0.0060,0.0038,0.9628,0.0168,0.8517,buy
2025-12-11,356.5622,2990500,339.7843,358.5815,338.0818,0.0562,0.0857,0.0696,0.0762,0.0794,84.3148,0.0226,0.0118,0.0077,1.2609,1.2690,1.8738,hold
2025-12-12,355.4239,2090600,356.7701,359.7297,354.2460,-0.0032,0.0856,0.0670,0.0656,0.0746,80.8672,0.0227,0.0162,0.0097,1.0806,-0.3009,1.2965,hold
2025-12-15,357.0077,1314900,355.3546,359.8089,351.2171,0.0045,0.0909,0.0996,0.0601,0.0786,78.7735,0.0197,0.0197,0.0106,1.0104,-0.3710,0.8174,sell
2025-12-16,348.3267,1206100,356.7503,357.8787,345.0503,-0.0243,0.0670,0.0689,0.0275,0.0522,64.6916,0.0225,0.0208,0.0092,0.8123,-0.0827,0.7686,sell
2025-12-17,342.4470,1586400,346.0203,347.4358,339.5171,-0.0169,0.0144,0.0514,0.0052,0.0350,57.3098,0.0237,0.0201,0.0066,0.6864,0.3153,1.0056,hold
2025-12-18,341.1008,1860400,338.6064,342.8628,334.1125,-0.0039,-0.0434,0.0386,-0.0025,0.0319,56.3215,0.0238,0.0188,0.0042,0.6431,0.1727,1.1658,sell
2025-12-19,337.2305,4158300,334.2214,343.0904,334.1818,-0.0113,-0.0512,0.0301,-0.0166,0.0212,60.7198,0.0242,0.0167,0.0016,0.5470,1.2352,2.3794,buy
2025-12-22,340.7741,1354700,337.2305,342.4866,335.5577,0.0105,-0.0455,0.0413,-0.0102,0.0323,62.2163,0.0243,0.0155,0.0004,0.6036,-0.6742,0.7712,hold
2025-12-23,339.7348,806400,339.2498,341.8234,338.2501,-0.0030,-0.0247,0.0407,-0.0170,0.0296,61.3390,0.0243,0.0142,-0.0007,0.5647,-0.4047,0.4830,hold
2025-12-24,339.8140,458300,340.9028,343.3378,339.0617,0.0002,-0.0077,0.0066,-0.0174,0.0302,59.6289,0.0219,0.0131,-0.0015,0.5567,-0.4317,0.2824,buy
2025-12-26,346.3272,624800,339.5072,346.4460,339.5072,0.0192,0.0153,-0.0287,0.0044,0.0498,64.6321,0.0127,0.0133,-0.0008,0.6928,0.3633,0.3980,sell
2025-12-29,344.8424,1634900,344.8127,346.9112,343.7734,-0.0043,0.0226,-0.0298,0.0031,0.0451,63.3149,0.0127,0.0132,-0.0007,0.6440,1.6167,1.0074,hold
2025-12-30,345.2582,787400,344.7237,347.8516,343.4072,0.0012,0.0132,-0.0329,0.0078,0.0463,64.3105,0.0126,0.0131,-0.0007,0.6352,-0.5184,0.4974,buy
2025-12-31,346.9904,855500,345.6343,348.1683,345.4858,0.0050,0.0214,-0.0038,0.0133,0.0516,58.3612,0.0103,0.0131,-0.0005,0.6579,0.0865,0.5435,buy
2026-01-02,350.6528,792300,347.1884,353.3155,341.5067,0.0106,0.0319,0.0240,0.0215,0.0623,42.7881,0.0090,0.0138,0.0003,0.7288,-0.0739,0.5181,buy
2026-01-05,359.8188,1310000,349.5046,363.2041,348.7127,0.0261,0.0390,0.0549,0.0425,0.0888,54.4849,0.0114,0.0159,0.0022,0.9189,0.6534,0.8871,buy
2026-01-06,367.5990,2212600,360.1752,371.3802,359.5615,0.0216,0.0660,0.0901,0.0558,0.1106,59.5947,0.0107,0.0190,0.0044,1.0333,0.6890,1.4545,sell
2026-01-07,362.9665,1149200,369.3411,371.1228,362.3330,-0.0126,0.0513,0.0651,0.0359,0.0949,64.3120,0.0126,0.0207,0.0048,0.8873,-0.4806,0.7711,buy
2026-01-08,370.9644,1417200,368.3810,375.7454,366.7675,0.0220,0.0691,0.0919,0.0493,0.1167,76.7701,0.0130,0.0229,0.0058,1.0273,0.2332,0.9471,sell
2026-01-09,369.0441,887200,372.3799,374.4388,368.5690,-0.0052,0.0524,0.0860,0.0353,0.1086,75.9514,0.0135,0.0244,0.0058,0.9216,-0.3740,0.6015,buy
2026-01-12,371.1624,984600,371.0931,371.7761,361.3927,0.0057,0.0315,0.0717,0.0341,0.1123,82.5731,0.0130,0.0255,0.0056,0.9203,0.1098,0.7163,sell
2026-01-13,366.9160,820000,369.4599,372.1820,364.3424,-0.0114,-0.0019,0.0640,0.0160,0.0963,74.7609,0.0138,0.0256,0.0044,0.8030,-0.1672,0.6254,buy
2026-01-14,369.0540,1143800,368.2226,372.6571,367.5891,0.0058,0.0168,0.0689,0.0152,0.0990,77.2042,0.0137,0.0254,0.0035,0.8208,0.3949,0.8782,buy
2026-01-15,378.0518,1531100,371.4495,379.1109,361.8975,0.0244,0.0191,0.0895,0.0312,0.1211,80.4412,0.0148,0.0264,0.0040,0.9322,0.3386,1.1610,sell
2026-01-16,371.0634,1074700,376.2700,377.3094,369.2520,-0.0185,0.0055,0.0582,0.0065,0.0965,69.5448,0.0171,0.0264,0.0029,0.7742,-0.2981,0.8311,sell
2026-01-20,363.3328,1573800,366.3122,372.1820,362.3429,-0.0208,-0.0211,0.0098,-0.0154,0.0705,63.2972,0.0173,0.0245,0.0004,0.6167,0.4644,1.2306,buy
2026-01-21,366.1241,1422100,364.2632,366.2429,360.8779,0.0077,-0.0022,-0.0040,-0.0074,0.0752,64.5099,0.0160,0.0228,-0.0009,0.6498,-0.0964,1.2452,buy
2026-01-22,368.4601,1482700,364.9165,369.1630,361.1848,0.0064,-0.0016,0.0151,-0.0026,0.0785,64.8054,0.0155,0.0217,-0.0015,0.6761,0.0426,1.2911,hold
2026-01-23,367.2921,1387000,366.6290,369.1927,362.9665,-0.0032,-0.0285,-0.0099,-0.0048,0.0708,61.8832,0.0137,0.0205,-0.0022,0.6333,-0.0645,1.1780,buy
2026-01-26,373.1025,1465300,367.5693,374.5972,364.1444,0.0158,0.0055,0.0110,0.0099,0.0838,59.9643,0.0146,0.0202,-0.0017,0.7454,0.0565,1.1934,sell
2026-01-27,319.6410,5780300,348.0297,349.4155,317.1267,-0.1433,-0.1203,-0.1388,-0.1226,-0.0713,28.6545,0.0478,0.0100,-0.0125,-0.2627,2.9448,3.8909,buy
2026-01-28,338.3788,4362600,312.2567,343.9417,312.2567,0.0586,-0.0758,-0.0778,-0.0638,-0.0178,40.2771,0.0530,0.0038,-0.0140,0.0977,-0.2453,2.6897,hold
2026-01-29,343.4567,2732700,338.5272,347.1587,337.5869,0.0150,-0.0679,-0.0694,-0.0430,-0.0043,38.8653,0.0533,0.0004,-0.0137,0.1909,-0.3736,1.5895,hold
2026-01-30,342.2292,1669900,344.3673,347.2774,338.5371,-0.0036,-0.0682,-0.0948,-0.0368,-0.0088,39.0845,0.0523,-0.0025,-0.0133,0.1800,-0.3889,0.9488,hold
2026-02-02,338.3589,1950700,338.8143,341.6650,335.6665,-0.0113,-0.0931,-0.0881,-0.0389,-0.0211,36.8346,0.0522,-0.0057,-0.0133,0.1415,0.1682,1.0731,hold
2026-02-03,335.2112,1568100,337.1414,343.6942,330.2224,-0.0093,0.0487,-0.0774,-0.0401,-0.0315,37.1623,0.0520,-0.0089,-0.0133,0.1341,-0.1961,0.8565,hold
2026-02-04,337.1414,1634700,333.9442,343.3676,332.6278,0.0058,-0.0037,-0.0792,-0.0265,-0.0275,37.0564,0.0519,-0.0108,-0.0121,0.1976,0.0425,0.9072,sell
2026-02-05,328.8762,1831800,335.1321,341.9521,328.0844,-0.0245,-0.0425,-0.1074,-0.0394,-0.0520,29.9354,0.0520,-0.0145,-0.0127,0.1253,0.1206,0.9977,buy
2026-02-06,335.5379,2055000,326.6491,335.7260,324.5011,0.0203,-0.0196,-0.0865,-0.0108,-0.0334,35.4661,0.0528,-0.0151,-0.0106,0.2448,0.1218,1.1002,sell
2026-02-09,324.1745,1966500,331.0044,336.1219,321.3732,-0.0339,-0.0419,-0.1311,-0.0303,-0.0658,34.4424,0.0527,-0.0189,-0.0115,0.1358,-0.0431,1.0232,hold
2026-02-10,322.3333,1650100,325.7186,328.4407,320.4130,-0.0057,-0.0384,0.0084,-0.0366,-0.0705,32.4695,0.0260,-0.0219,-0.0115,0.1532,-0.1609,0.8440,buy
2026-02-11,326.8965,1500500,321.6999,327.9458,320.0171,0.0142,-0.0304,-0.0339,-0.0196,-0.0570,33.6526,0.0175,-0.0225,-0.0098,0.2394,-0.0907,0.7543,buy
2026-02-12,332.6277,1638900,326.4907,341.2592,324.4417,0.0175,0.0114,-0.0315,0.0009,-0.0409,36.8386,0.0178,-0.0211,-0.0069,0.3316,0.0922,0.8138,buy
2026-02-13,343.2785,1427600,333.4691,343.3280,330.9846,0.0320,0.0231,0.0031,0.0326,-0.0112,39.0778,0.0210,-0.0170,-0.0026,0.4916,-0.1289,0.7107,hold
2026-02-17,341.2790,1133700,343.6942,348.4257,338.5767,-0.0058,0.0528,0.0086,0.0257,-0.0178,62.7182,0.0207,-0.0147,-0.0001,0.4832,-0.2059,0.5636,hold
2026-02-18,342.7242,967400,339.2696,343.3478,337.5869,0.0042,0.0633,0.0224,0.0277,-0.0145,53.2058,0.0204,-0.0122,0.0018,0.5217,-0.1467,0.4882,hold
2026-02-19,344.6444,1020900,343.3378,344.8820,338.3787,0.0056,0.0543,0.0223,0.0311,-0.0100,50.9191,0.0204,-0.0097,0.0034,0.5743,0.0553,0.5205,sell
2026-02-20,339.4478,1130400,344.4861,345.2087,334.3501,-0.0151,0.0205,0.0321,0.0124,-0.0256,47.9723,0.0192,-0.0090,0.0034,0.5118,0.1073,0.5816,sell
2026-02-23,332.4594,1011800,336.4782,342.5064,331.8260,-0.0206,-0.0315,-0.0092,-0.0075,-0.0460,45.8863,0.0196,-0.0101,0.0021,0.3975,-0.1049,0.5256,sell
2026-02-24,323.8181,1253500,331.7369,331.7369,317.4237,-0.0260,-0.0512,-0.0011,-0.0332,-0.0700,42.6209,0.0182,-0.0131,-0.0005,0.1576,0.2389,0.6548,buy
2026-02-25,327.1539,1200100,328.3615,335.1518,325.0653,0.0103,-0.0454,0.0150,-0.0247,-0.0589,43.6469,0.0183,-0.0141,-0.0013,0.2311,-0.0426,0.7121,sell
2026-02-26,319.7696,2164500,327.4508,330.6184,318.9481,-0.0226,-0.0722,-0.0218,-0.0447,-0.0782,44.1416,0.0192,-0.0170,-0.0031,0.0528,0.8036,1.3739,sell
2026-02-27,316.7506,4354300,319.3836,320.7892,307.8420,-0.0094,-0.0669,-0.0477,-0.0492,-0.0848,37.3196,0.0180,-0.0198,-0.0046,0.0329,1.0117,2.6286,sell
2026-03-02,291.0839,4482000,311.8608,312.8209,287.0256,-0.0810,-0.1245,-0.1520,-0.1123,-0.1562,31.2801,0.0261,-0.0306,-0.0113,-0.2905,0.0293,2.4940,sell
2026-03-03,281.1459,5202400,287.0553,291.6580,280.5520,-0.0341,-0.1318,-0.1762,-0.1266,-0.1821,28.6550,0.0264,-0.0414,-0.0172,-0.2060,0.1607,2.6547,buy
2026-03-04,288.4905,2344100,281.4824,290.7375,280.4530,0.0261,-0.1182,-0.1582,-0.0884,-0.1581,30.6542,0.0292,-0.0454,-0.0174,0.0035,-0.5494,1.1729,sell
2026-03-05,283.5710,3246800,285.7982,291.9847,280.2649,-0.0171,-0.1132,-0.1772,-0.0863,-0.1699,25.0855,0.0282,-0.0510,-0.0180,0.0233,0.3851,1.5616,buy
2026-03-06,286.6989,2772500,283.5908,287.0156,278.6416,0.0110,-0.0949,-0.1554,-0.0603,-0.1580,18.8874,0.0297,-0.0527,-0.0161,0.1147,-0.1461,1.3040,sell
2026-03-09,277.8893,2758300,284.0857,285.1250,272.0492,-0.0307,-0.0453,-0.1641,-0.0726,-0.1809,17.5714,0.0301,-0.0581,-0.0163,0.0780,-0.0051,1.2762,buy
2026-03-10,281.5344,2914000,286.0560,289.4024,279.7816,0.0131,0.0014,-0.1306,-0.0470,-0.1673,19.3860,0.0313,-0.0586,-0.0138,0.1582,0.0564,1.3193,buy
2026-03-11,288.6156,2692700,279.0545,288.8248,278.1482,0.0252,0.0004,-0.1178,-0.0101,-0.1435,23.3446,0.0329,-0.0555,-0.0095,0.2536,-0.0759,1.1910,hold
2026-03-12,286.7233,2831500,290.8167,294.5913,281.9527,-0.0066,0.0111,-0.1033,-0.0053,-0.1461,24.1024,0.0327,-0.0544,-0.0065,0.2592,0.0515,1.2166,buy
2026-03-13,290.4482,2364900,290.1394,293.2368,288.4264,0.0130,0.0131,-0.0830,0.0169,-0.1322,28.6811,0.0335,-0.0510,-0.0029,0.3152,-0.1648,1.0005,hold
2026-03-16,290.8864,1837400,292.3504,293.7547,290.4482,0.0015,0.0468,-0.0007,0.0185,-0.1280,31.7709,0.0217,-0.0481,-0.0001,0.3389,-0.2231,0.7707,buy
2026-03-17,294.5515,1614500,293.8045,299.7802,292.5894,0.0126,0.0462,0.0477,0.0265,-0.1140,32.0187,0.0182,-0.0437,0.0029,0.3944,-0.1213,0.6704,hold
2026-03-18,293.7547,1305100,291.5338,294.6013,289.2929,-0.0027,0.0178,0.0182,0.0219,-0.1129,34.5277,0.0167,-0.0406,0.0049,0.4051,-0.1916,0.5382,sell
2026-03-19,289.9701,1132900,292.8882,298.1369,289.8904,-0.0129,0.0113,0.0226,0.0065,-0.1202,34.2160,0.0162,-0.0392,0.0056,0.3799,-0.1319,0.4661,hold
2026-03-20,290.2988,2452300,289.4024,292.7687,286.5341,0.0011,-0.0005,0.0126,0.0063,-0.1153,49.3402,0.0159,-0.0371,0.0061,0.4040,1.1646,0.9822,sell
2026-03-23,288.0678,1435900,292.6592,294.1730,285.3987,-0.0077,-0.0097,0.0366,-0.0049,-0.1176,56.6828,0.0119,-0.0359,0.0061,0.3897,-0.4145,0.5703,buy
2026-03-24,289.1534,1203000,287.2213,289.2032,282.7694,0.0038,-0.0183,0.0271,-0.0038,-0.1099,50.7279,0.0114,-0.0339,0.0063,0.4295,-0.1622,0.4782,buy
2026-03-25,294.8901,1910800,295.5773,298.6647,288.1276,0.0198,0.0039,0.0217,0.0138,-0.0880,62.2110,0.0104,-0.0299,0.0077,0.5895,0.5884,0.7490,sell
2026-03-26,293.0576,1015600,294.8502,296.6430,291.6134,-0.0062,0.0106,0.0221,0.0053,-0.0895,57.0570,0.0103,-0.0276,0.0081,0.6020,-0.4685,0.4073,sell
2026-03-27,285.2294,1353200,290.0099,292.6791,281.3153,-0.0267,-0.0175,-0.0180,-0.0198,-0.1092,58.3277,0.0130,-0.0282,0.0068,0.3333,0.3324,0.5774,sell
2026-03-30,283.6359,1747700,287.4504,288.7949,282.1220,-0.0056,-0.0154,-0.0249,-0.0228,-0.1089,52.5006,0.0130,-0.0284,0.0055,0.2703,0.2915,0.7920,buy
2026-03-31,291.5636,2455500,285.9764,293.9738,284.8808,0.0280,0.0083,-0.0101,0.0055,-0.0794,53.4387,0.0156,-0.0252,0.0062,0.6747,0.4050,1.1866,buy
2026-04-01,297.2903,1310500,291.6433,298.1070,290.8864,0.0196,0.0081,0.0120,0.0240,-0.0574,61.3137,0.0169,-0.0210,0.0079,0.9309,-0.4663,0.6495,buy
2026-04-02,299.5212,1192500,294.0435,301.7123,293.6950,0.0075,0.0221,0.0329,0.0283,-0.0463,60.0352,0.0162,-0.0171,0.0092,0.9685,-0.0900,0.6227,buy
2026-04-06,301.3837,1949100,298.8839,304.7599,297.6090,0.0062,0.0566,0.0382,0.0308,-0.0363,61.2559,0.0162,-0.0134,0.0102,0.9721,0.6345,1.0401,buy
2026-04-07,310.5663,2409800,315.7153,317.6774,307.7577,0.0305,0.0949,0.0781,0.0541,-0.0033,65.3552,0.0176,-0.0078,0.0121,1.1979,0.2364,1.2981,buy
2026-04-08,316.9404,1109000,314.3609,318.0857,312.6578,0.0205,0.0870,0.0961,0.0657,0.0209,70.0828,0.0180,-0.0019,0.0140,1.2037,-0.5398,0.6279,hold
2026-04-09,315.5859,1162300,314.2413,318.3945,313.5143,-0.0043,0.0615,0.0702,0.0538,0.0168,73.1628,0.0180,0.0022,0.0146,1.0409,0.0481,0.6879,sell
2026-04-10,310.2675,1050300,317.1296,318.5140,309.9887,-0.0169,0.0359,0.0587,0.0301,0.0014,66.5620,0.0192,0.0042,0.0134,0.8555,-0.0964,0.6562,buy
2026-04-13,314.7891,1661900,308.2557,315.1975,306.6622,0.0146,0.0445,0.1036,0.0350,0.0179,71.3513,0.0155,0.0067,0.0127,0.9099,0.5823,1.0616,sell
2026-04-14,312.0801,1687100,316.5718,321.5018,311.6120,-0.0086,0.0049,0.1003,0.0166,0.0111,67.8561,0.0158,0.0081,0.0112,0.8098,0.0152,1.0829,sell
2026-04-15,309.9189,1375300,312.3092,313.6438,305.0587,-0.0069,-0.0222,0.0630,0.0035,0.0060,62.3953,0.0152,0.0085,0.0093,0.7371,-0.1848,0.8896,buy
2026-04-16,314.5401,1350000,309.6201,314.8489,307.8274,0.0149,-0.0033,0.0580,0.0128,0.0224,66.9389,0.0148,0.0097,0.0084,0.8065,-0.0184,0.8720,buy
2026-04-17,321.7408,1336100,314.8190,323.2945,313.0661,0.0229,0.0370,0.0742,0.0286,0.0468,79.0768,0.0158,0.0122,0.0088,0.9055,-0.0103,0.8574,sell
2026-04-20,318.0658,1607600,320.1274,322.8762,314.0422,-0.0114,0.0104,0.0554,0.0115,0.0356,76.5392,0.0169,0.0134,0.0080,0.7971,0.2032,1.0603,buy
2026-04-21,326.7803,2102100,329.6586,331.5808,324.0215,0.0274,0.0471,0.0522,0.0339,0.0646,76.8204,0.0164,0.0159,0.0085,0.9178,0.3076,1.3567,hold
2026-04-22,326.8700,2997300,336.5107,338.1242,324.1012,0.0003,0.0547,0.0313,0.0309,0.0647,74.6432,0.0155,0.0179,0.0084,0.8751,0.4259,1.8285,buy
2026-04-23,344.8867,2778300,328.0252,345.7432,328.0252,0.0551,0.0965,0.0928,0.0778,0.1217,79.9238,0.0222,0.0225,0.0108,1.0779,-0.0731,1.6512,hold
2026-04-24,343.3629,1630600,346.5897,349.3684,341.3610,-0.0044,0.0672,0.1067,0.0620,0.1156,77.8144,0.0209,0.0263,0.0116,0.9738,-0.4131,0.9517,buy
2026-04-27,354.6868,2502100,341.6000,356.5492,341.6000,0.0330,0.1151,0.1267,0.0837,0.1507,78.4266,0.0221,0.0305,0.0130,1.0505,0.5345,1.4130,buy
2026-04-28,361.2700,1759500,357.7145,365.1044,355.7823,0.0186,0.1055,0.1576,0.0875,0.1707,78.4846,0.0209,0.0350,0.0143,1.0550,-0.2968,0.9933,buy
2026-04-29,375.1037,2568000,363.7200,375.3228,363.7200,0.0383,0.1476,0.2103,0.1074,0.2129,82.9583,0.0205,0.0400,0.0161,1.1018,0.4595,1.4452,hold
2026-04-30,374.8946,1730600,371.9864,375.1037,364.8355,-0.0006,0.0870,0.1919,0.0874,0.2097,87.9340,0.0215,0.0445,0.0164,1.0085,-0.3261,0.9625,sell
2026-05-01,371.1697,763200,372.2852,373.8388,367.5943,-0.0099,0.0810,0.1536,0.0614,0.1956,83.4061,0.0231,0.0472,0.0151,0.9131,-0.5590,0.4296,hold
2026-05-04,370.3929,1052300,369.8849,372.5740,368.8989,-0.0021,0.0443,0.1645,0.0435,0.1907,85.3605,0.0221,0.0483,0.0129,0.8628,0.3788,0.6077,sell
2026-05-05,367.5743,1358700,370.6219,372.2155,365.4629,-0.0076,0.0175,0.1248,0.0238,0.1790,84.6854,0.0228,0.0483,0.0101,0.8009,0.2912,0.8092,buy
2026-05-06,373.1915,1177600,371.5183,376.3387,367.8731,0.0153,-0.0051,0.1417,0.0262,0.1932,84.8668,0.0224,0.0480,0.0083,0.8198,-0.1333,0.6999,hold
2026-05-07,371.4088,1410400,370.9207,374.1177,367.9030,-0.0048,-0.0093,0.0769,0.0139,0.1842,81.5593,0.0175,0.0476,0.0062,0.7731,0.1977,0.8321,buy
2026-05-08,376.5379,1305900,374.7153,377.6932,369.5861,0.0138,0.0145,0.0966,0.0187,0.1962,86.4795,0.0171,0.0470,0.0049,0.7928,-0.0741,0.7647,buy
2026-05-11,380.2029,1947400,378.2608,380.9399,371.6577,0.0097,0.0265,0.0719,0.0216,0.2030,85.5703,0.0150,0.0469,0.0041,0.7976,0.4912,1.1309,buy
2026-05-12,391.7061,2376200,380.9001,393.3993,373.7891,0.0303,0.0657,0.0842,0.0439,0.2316,87.4741,0.0163,0.0475,0.0048,0.8707,0.2202,1.3528,buy
2026-05-13,398.0205,3160000,394.3952,399.5044,384.6349,0.0161,0.0665,0.0611,0.0543,0.2423,85.5146,0.0130,0.0491,0.0057,0.8948,0.3299,1.7121,sell
2026-05-14,395.1023,1720700,395.4708,397.0544,389.9234,-0.0073,0.0638,0.0539,0.0410,0.2250,83.9498,0.0135,0.0501,0.0051,0.8382,-0.4555,0.9230,sell
2026-05-15,391.0887,1972800,392.6722,396.6560,390.6206,-0.0102,0.0386,0.0537,0.0251,0.2045,76.4204,0.0136,0.0498,0.0034,0.7743,0.1465,1.0405,hold
2026-05-18,392.4730,1508400,388.4195,393.2797,383.4896,0.0035,0.0323,0.0596,0.0228,0.2010,74.4957,0.0133,0.0486,0.0020,0.7747,-0.2354,0.7976,buy
2026-05-19,400.6398,1607600,392.0846,404.2451,386.9156,0.0208,0.0228,0.0900,0.0351,0.2168,72.0048,0.0132,0.0480,0.0018,0.8517,0.0658,0.8613,sell
2026-05-20,394.6043,1539600,401.3668,406.3466,390.4313,-0.0151,-0.0086,0.0574,0.0139,0.1903,65.4344,0.0149,0.0472,0.0003,0.7691,-0.0423,0.8584,sell
2026-05-21,388.2403,1254000,392.2041,392.4033,386.1786,-0.0161,-0.0174,0.0453,-0.0067,0.1641,62.8371,0.0161,0.0450,-0.0022,0.6573,-0.1855,0.7302,buy
2026-05-22,393.0905,1090600,392.0448,394.9828,390.4313,0.0125,0.0051,0.0440,0.0015,0.1712,66.0833,0.0161,0.0425,-0.0033,0.7273,-0.1303,0.6452,sell
2026-05-26,386.2782,1518500,387.3339,391.0986,382.7426,-0.0173,-0.0158,0.0160,-0.0174,0.1444,62.5434,0.0173,0.0399,-0.0054,0.5775,0.3924,0.9253,buy
2026-05-27,389.8836,1337600,387.1348,391.0787,385.1927,0.0093,-0.0268,-0.0047,-0.0078,0.1483,61.5047,0.0145,0.0372,-0.0061,0.6361,-0.1191,0.8257,hold
2026-05-28,391.1584,1355400,389.9135,391.7261,385.7006,0.0033,-0.0087,-0.0172,-0.0028,0.1456,63.7080,0.0134,0.0350,-0.0065,0.6487,0.0133,0.8692,hold
2026-05-29,391.5966,2469700,394.3255,394.9131,387.9713,0.0011,0.0086,-0.0089,-0.0008,0.1403,61.1801,0.0133,0.0331,-0.0067,0.6416,0.8221,1.5471,buy
2026-06-01,401.0282,2037800,389.2362,401.6357,389.2362,0.0241,0.0202,0.0254,0.0207,0.1603,64.2419,0.0149,0.0324,-0.0052,0.8347,-0.1749,1.2275,sell
2026-06-02,387.4535,2188800,399.3750,400.4506,385.6608,-0.0338,0.0030,-0.0128,-0.0126,0.1147,47.1718,0.0188,0.0304,-0.0068,0.4840,0.0741,1.2749,buy
2026-06-03,389.6844,1483400,390.6704,395.1422,388.7083,0.0058,-0.0005,-0.0273,-0.0041,0.1146,44.1378,0.0174,0.0279,-0.0072,0.5157,-0.3223,0.8609,buy
2026-06-04,407.7807,1424800,398.5782,410.1312,395.8194,0.0464,0.0425,0.0334,0.0386,0.1585,57.3473,0.0226,0.0282,-0.0043,1.0070,-0.0395,0.8210,buy
2026-06-05,413.8461,1739200,409.1651,414.8719,407.3127,0.0149,0.0568,0.0660,0.0472,0.1679,62.8820,0.0217,0.0298,-0.0018,1.1124,0.2207,0.9927,hold
2026-06-08,416.4554,1785400,409.8822,419.2939,408.8365,0.0063,0.0385,0.0594,0.0476,0.1671,63.3897,0.0216,0.0313,-0.0001,1.0894,0.0266,1.0054,buy
2026-06-09,422.7100,1767500,418.4972,424.9310,416.9534,0.0150,0.0910,0.0943,0.0537,0.1756,62.5909,0.0201,0.0330,0.0017,1.1187,-0.0100,1.0003,sell
2026-06-10,404.5600,2507800,425.0000,426.9800,401.6400,-0.0429,0.0382,0.0376,0.0048,0.1176,54.9899,0.0260,0.0323,-0.0004,0.6633,0.4188,1.4141,sell
2026-06-11,399.1800,2127500,404.9500,406.9200,395.0000,-0.0133,-0.0211,0.0205,-0.0105,0.0962,55.5378,0.0266,0.0296,-0.0028,0.5322,-0.1516,1.2356,buy
2026-06-12,404.0700,1553700,398.5700,404.0700,393.3500,0.0123,-0.0236,0.0319,-0.0015,0.1031,55.5557,0.0268,0.0274,-0.0037,0.6383,-0.2697,0.9067,hold
2026-06-15,401.8900,1019900,402.5600,405.5800,395.0000,-0.0054,-0.0350,0.0021,-0.0071,0.0911,58.2882,0.0259,0.0253,-0.0047,0.5740,-0.3436,0.6122,sell
2026-06-16,397.8000,1193900,402.8100,402.8100,393.7700,-0.0102,-0.0589,0.0267,-0.0197,0.0744,54.1812,0.0233,0.0227,-0.0061,0.4683,0.1706,0.7235,sell
2026-06-17,391.2700,1288200,395.6800,396.8900,388.0000,-0.0164,-0.0329,0.0041,-0.0362,0.0521,50.0558,0.0241,0.0192,-0.0081,0.3226,0.0790,0.7883,hold
2026-06-18,388.5000,3536900,392.6700,393.9100,387.0800,-0.0071,-0.0268,-0.0473,-0.0384,0.0407,48.4858,0.0179,0.0155,-0.0096,0.2679,1.7456,2.0397,buy
2026-06-22,394.8200,1172000,389.1100,397.1300,388.9400,0.0163,-0.0229,-0.0460,-0.0182,0.0532,46.8690,0.0181,0.0134,-0.0090,0.4074,-0.6686,0.6775,hold
2026-06-23,395.1000,1257000,398.8800,399.2800,393.2800,0.0007,-0.0169,-0.0513,-0.0122,0.0492,54.4536,0.0178,0.0119,-0.0085,0.4114,0.0725,0.7231,sell
2026-06-24,384.0000,2166700,396.5900,397.2700,381.2400,-0.0281,-0.0347,-0.0916,-0.0306,0.0159,46.9993,0.0176,0.0085,-0.0099,0.1502,0.7237,1.2237,buy
2026-06-25,387.3200,1762800,387.0000,389.8900,383.4200,0.0086,-0.0101,-0.0426,-0.0179,0.0207,37.2023,0.0139,0.0062,-0.0097,0.2358,-0.1864,0.9837,buy
2026-06-26,395.1800,2913700,386.2500,395.5800,384.4400,0.0203,0.0172,-0.0100,0.0030,0.0367,38.5812,0.0154,0.0058,-0.0078,0.4157,0.6529,1.5583,sell
2026-06-29,388.0300,1222700,393.1600,395.0000,386.8100,-0.0181,-0.0172,-0.0397,-0.0111,0.0140,33.5262,0.0155,0.0042,-0.0077,0.2531,-0.5804,0.6765,hold
2026-06-30,386.7300,1841800,389.7700,391.1200,384.5400,-0.0034,-0.0212,-0.0377,-0.0106,0.0072,27.8775,0.0155,0.0025,-0.0075,0.2465,0.5063,1.0245,buy
2026-07-01,416.1900,2106500,389.9000,416.2600,388.7000,0.0762,0.0838,0.0462,0.0598,0.0784,56.2777,0.0294,0.0068,-0.0021,0.8720,0.1437,1.1745,hold
2026-07-02,417.8900,1626200,422.0000,427.1900,414.6800,0.0041,0.0789,0.0680,0.0569,0.0778,60.5172,0.0284,0.0104,0.0013,0.8627,-0.2280,0.9031,sell
2026-07-06,408.1700,1680300,416.4400,418.0000,406.9100,-0.0233,0.0329,0.0506,0.0272,0.0483,52.1860,0.0297,0.0116,0.0018,0.6575,0.0333,0.9266,buy
2026-07-07,418.8500,1225000,412.8500,420.0700,412.2900,0.0262,0.0794,0.0609,0.0478,0.0717,58.2910,0.0303,0.0139,0.0035,0.8664,-0.2710,0.6852,hold
2026-07-08,416.0800,1280100,418.3800,427.0000,414.2000,-0.0066,0.0759,0.0531,0.0354,0.0606,59.0531,0.0305,0.0154,0.0039,0.8108,0.0450,0.7263,buy
2026-07-09,420.3900,1062400,415.7600,427.6400,415.7600,0.0104,0.0101,0.0948,0.0368,0.0680,64.7458,0.0281,0.0169,0.0045,0.9085,-0.1701,0.6151,sell
2026-07-10,416.2300,779500,420.0800,422.0700,415.4900,-0.0099,-0.0040,0.0746,0.0192,0.0545,63.8470,0.0288,0.0175,0.0039,0.7980,-0.2663,0.4751,buy
2026-07-13,425.1700,1244800,422.4600,426.4700,419.6200,0.0215,0.0416,0.0759,0.0335,0.0744,64.7689,0.0289,0.0189,0.0045,0.9157,0.5969,0.7796,hold
2026-07-14,426.7900,2192600,436.2400,436.2400,422.3200,0.0038,0.0190,0.0999,0.0278,0.0757,65.2224,0.0275,0.0202,0.0047,0.8944,0.7614,1.3463,sell
2026-07-15,390.3300,3897300,392.7800,395.8600,376.1600,-0.0854,-0.0619,0.0093,-0.0608,-0.0171,52.4450,0.0409,0.0157,-0.0010,0.2829,0.7775,2.1987,sell
2026-07-16,372.8500,2902800,394.4000,396.0500,370.0000,-0.0448,-0.1131,-0.1041,-0.0934,-0.0613,44.9621,0.0336,0.0072,-0.0082,0.0537,-0.2552,1.5624,hold
2026-07-17,373.1100,1940400,371.7000,377.7600,365.3800,0.0007,-0.1036,-0.1072,-0.0828,-0.0609,41.8866,0.0335,-0.0000,-0.0124,0.0985,-0.3315,1.0264,buy
2026-07-20,382.2300,1743500,376.4200,388.6000,374.4600,0.0244,-0.1010,-0.0636,-0.0544,-0.0384,47.8983,0.0349,-0.0037,-0.0126,0.2383,-0.1015,0.9681,buy
2026-07-21,393.4400,1414200,386.0900,393.8700,378.0700,0.0293,-0.0781,-0.0607,-0.0205,-0.0112,52.2686,0.0352,-0.0040,-0.0101,0.3976,-0.1889,0.7800,sell
2026-07-22,389.0900,1198500,392.8000,396.0000,386.9300,-0.0111,-0.0032,-0.0649,-0.0247,-0.0228,38.9640,0.0353,-0.0053,-0.0092,0.3419,-0.1525,0.6621,sell
2026-07-23,379.3100,1134100,387.6900,389.2400,376.6000,-0.0251,0.0173,-0.0977,-0.0394,-0.0473,35.2591,0.0352,-0.0084,-0.0099,0.2126,-0.0537,0.6449,hold
2026-07-24,377.6800,969500,380.5600,382.7900,375.9100,-0.0043,0.0122,-0.0926,-0.0341,-0.0507,37.5825,0.0352,-0.0110,-0.0100,0.2046,-0.1451,0.5641,hold
2026-07-27,378.3600,1179700,378.8000,379.3400,372.3900,0.0018,-0.0101,-0.1101,-0.0206,-0.0481,32.0475,0.0339,-0.0127,-0.0094,0.2334,0.2168,0.7228,buy
2026-07-28,385.7300,1758600,374.5100,386.6600,362.9800,0.0195,-0.0196,-0.0962,0.0092,-0.0291,37.0708,0.0350,-0.0122,-0.0071,0.3315,0.4907,1.0601,sell
2026-07-29,375.9800,1061300,386.2800,388.7300,375.7500,-0.0253,-0.0337,-0.0368,-0.0126,-0.0529,31.9192,0.0239,-0.0141,-0.0072,0.2193,-0.3965,0.6552,hold
2026-07-30,376.4000,783800,371.4700,378.1700,368.6900,0.0011,-0.0077,0.0095,-0.0124,-0.0511,33.2745,0.0190,-0.0152,-0.0066,0.2509,-0.2615,0.5045,hold
2026-07-31,375.8400,976900,376.0100,380.0400,373.1600,-0.0015,-0.0049,0.0073,-0.0146,-0.0513,27.7170,0.0190,-0.0160,-0.0059,0.2681,0.2464,0.6422,buy
2026-08-03,382.7700,1140000,375.8400,383.8100,374.0300,0.0184,0.0117,0.0014,0.0034,-0.0332,31.0259,0.0182,-0.0147,-0.0038,0.3713,0.1670,0.7629,sell
