date,close,volume,open,high,low,return_1d,return_5d,return_10d,price_vs_ma10,price_vs_ma50,rsi_14,volatility_10d,macd_norm,macd_hist_norm,bb_position,volume_change,volume_vs_avg20,label
2021-09-10,62.0980,3319500,62.6460,62.9640,61.7160,-0.0008,-0.0109,0.0012,-0.0104,0.0830,58.6875,0.0165,0.0229,-0.0049,0.5828,-0.1835,0.7584,sell
2021-09-13,59.3840,8885500,62.1120,62.2880,58.8540,-0.0437,-0.0727,-0.0606,-0.0479,0.0317,43.0464,0.0201,0.0185,-0.0084,0.1834,1.6768,1.9020,buy
2021-09-14,60.1160,6213000,59.6000,61.1360,59.2640,0.0123,-0.0430,-0.0589,-0.0303,0.0406,50.5125,0.0202,0.0148,-0.0094,0.2998,-0.3008,1.2963,hold
2021-09-15,60.3060,5027500,60.4460,60.7980,59.8380,0.0032,-0.0248,-0.0432,-0.0229,0.0403,46.6398,0.0202,0.0121,-0.0096,0.3213,-0.1908,1.0430,buy
2021-09-16,60.8120,3354000,60.1780,60.8760,59.7140,0.0084,-0.0215,-0.0143,-0.0133,0.0454,45.3586,0.0196,0.0105,-0.0088,0.3704,-0.3329,0.7034,sell
2021-09-17,59.8980,7779000,60.5060,60.8820,59.3620,-0.0150,-0.0354,-0.0459,-0.0236,0.0264,37.0607,0.0188,0.0081,-0.0092,0.1985,1.3193,1.5708,sell
2021-09-20,59.4140,5185500,58.4020,59.5500,56.8280,-0.0081,0.0005,-0.0722,-0.0241,0.0153,32.3194,0.0168,0.0054,-0.0096,0.1188,-0.3334,1.0312,buy
2021-09-21,59.9200,3565500,60.4000,60.6580,59.0240,0.0085,-0.0033,-0.0461,-0.0111,0.0209,37.3453,0.0169,0.0039,-0.0089,0.2296,-0.3124,0.7171,buy
2021-09-22,60.3240,3515000,60.2000,60.6380,59.4700,0.0067,0.0003,-0.0245,-0.0020,0.0246,43.9648,0.0167,0.0032,-0.0076,0.2921,-0.0142,0.7192,buy
2021-09-23,62.1080,4887000,60.8920,62.2900,60.4740,0.0296,0.0213,-0.0006,0.0276,0.0510,47.2112,0.0195,0.0048,-0.0045,0.5876,0.3903,0.9911,hold
2021-09-24,62.3800,3283000,61.6400,62.5660,61.4240,0.0044,0.0414,0.0045,0.0317,0.0517,42.5059,0.0196,0.0064,-0.0023,0.6301,-0.3282,0.6683,sell
2021-09-27,60.1140,4127000,61.6920,61.9760,59.8380,-0.0363,0.0118,0.0123,-0.0070,0.0106,38.8402,0.0178,0.0049,-0.0033,0.2714,0.2571,0.8430,sell
2021-09-28,57.5760,7433000,59.5740,60.1900,57.4140,-0.0422,-0.0391,-0.0423,-0.0449,-0.0341,34.4015,0.0219,0.0001,-0.0068,-0.0603,0.8011,1.4581,hold
2021-09-29,57.7660,5604000,58.2500,58.8060,57.6160,0.0033,-0.0424,-0.0421,-0.0377,-0.0325,33.8303,0.0219,-0.0035,-0.0083,0.0407,-0.2461,1.1020,buy
2021-09-30,58.4080,4332000,57.6780,59.0240,57.6780,0.0111,-0.0596,-0.0395,-0.0231,-0.0236,36.9538,0.0221,-0.0054,-0.0081,0.1741,-0.2270,0.8873,buy
2021-10-01,59.6000,4479000,58.2340,59.9000,57.8100,0.0204,-0.0446,-0.0050,-0.0027,-0.0055,50.8558,0.0229,-0.0051,-0.0062,0.3609,0.0339,0.9136,sell
2021-10-04,57.7740,5075500,58.5080,58.8660,56.9540,-0.0306,-0.0389,-0.0276,-0.0306,-0.0368,41.4613,0.0248,-0.0076,-0.0070,0.1177,0.1332,1.0192,buy
2021-10-05,59.7040,5241000,58.7240,60.2000,58.3240,0.0334,0.0370,-0.0036,0.0022,-0.0063,48.0523,0.0272,-0.0064,-0.0047,0.4365,0.0326,1.0402,buy
2021-10-06,60.3600,4171000,58.8840,60.9420,58.5780,0.0110,0.0449,0.0006,0.0131,0.0025,48.5517,0.0273,-0.0047,-0.0024,0.5606,-0.2042,0.8380,buy
2021-10-07,61.9240,3705000,60.9260,62.6480,60.8040,0.0259,0.0602,-0.0030,0.0397,0.0259,56.2323,0.0269,-0.0013,0.0008,0.8377,-0.1117,0.7471,hold
2021-10-08,61.4340,2363000,62.0360,62.4480,61.0700,-0.0079,0.0308,-0.0152,0.0331,0.0156,56.2116,0.0270,0.0007,0.0023,0.7659,-0.3622,0.4811,hold
2021-10-11,61.3600,2524000,61.0320,61.8220,60.5700,-0.0012,0.0621,0.0207,0.0297,0.0120,54.5489,0.0240,0.0022,0.0030,0.7301,0.0681,0.5495,hold
2021-10-12,61.3160,2510500,62.1720,62.1720,61.1460,-0.0007,0.0270,0.0650,0.0225,0.0099,53.2066,0.0184,0.0033,0.0032,0.7076,-0.0053,0.5695,buy
2021-10-13,62.0200,3788000,61.7780,62.8000,61.6020,0.0115,0.0275,0.0736,0.0270,0.0206,49.6942,0.0184,0.0049,0.0039,0.8024,0.5089,0.8716,buy
2021-10-14,62.7620,4454000,62.9780,63.7760,62.2200,0.0120,0.0135,0.0745,0.0318,0.0322,51.2855,0.0184,0.0071,0.0049,0.8841,0.1758,1.0120,hold
2021-10-15,63.0580,3697500,62.9920,63.3160,62.3460,0.0047,0.0264,0.0580,0.0308,0.0360,61.4215,0.0179,0.0091,0.0055,0.8796,-0.1698,0.8810,buy
2021-10-18,65.3480,4646500,63.0920,65.3780,63.0920,0.0363,0.0650,0.1311,0.0552,0.0720,80.7437,0.0150,0.0129,0.0076,1.0719,0.2567,1.1142,buy
2021-10-19,66.4240,4547000,65.7700,66.6180,65.3000,0.0165,0.0833,0.1126,0.0611,0.0874,82.0050,0.0132,0.0171,0.0095,1.0660,-0.0214,1.0777,buy
2021-10-20,66.6900,3533000,66.8420,67.3220,65.7240,0.0040,0.0753,0.1049,0.0547,0.0894,81.4905,0.0134,0.0206,0.0104,0.9968,-0.2230,0.8372,hold
2021-10-21,66.8680,3108500,66.7680,66.8920,65.5400,0.0027,0.0654,0.0798,0.0493,0.0898,79.9440,0.0123,0.0233,0.0105,0.9465,-0.1202,0.7525,hold
2021-10-22,67.0580,2282500,66.9720,67.7640,66.2600,0.0028,0.0634,0.0915,0.0430,0.0908,94.2095,0.0112,0.0254,0.0101,0.9093,-0.2657,0.5593,sell
2021-10-25,66.3820,4970000,67.5200,69.0500,66.2040,-0.0101,0.0158,0.0818,0.0245,0.0782,86.1130,0.0124,0.0262,0.0086,0.8186,1.1774,1.2054,sell
2021-10-26,64.5260,7187000,66.7920,66.8200,64.0000,-0.0280,-0.0286,0.0524,-0.0090,0.0467,69.9407,0.0168,0.0248,0.0054,0.6583,0.4461,1.7483,sell
2021-10-27,64.1220,3491500,64.8400,65.7040,64.0440,-0.0063,-0.0385,0.0339,-0.0184,0.0387,61.8350,0.0170,0.0225,0.0023,0.6074,-0.5142,0.8717,buy
2021-10-28,65.4760,2842500,64.1360,65.5280,64.1360,0.0211,-0.0208,0.0432,-0.0018,0.0582,69.9114,0.0177,0.0215,0.0014,0.7020,-0.1859,0.7231,buy
2021-10-29,67.2680,4276500,65.0520,67.5880,65.0100,0.0274,0.0031,0.0668,0.0190,0.0843,74.8905,0.0191,0.0224,0.0023,0.8270,0.5045,1.0907,sell
2021-11-01,64.8220,5875000,67.2680,67.5980,63.8120,-0.0364,-0.0235,-0.0080,-0.0173,0.0431,62.2845,0.0204,0.0212,0.0003,0.5890,0.3738,1.4833,buy
2021-11-02,65.6860,3826500,64.9960,66.3960,64.9420,0.0133,0.0180,-0.0111,-0.0031,0.0556,62.7027,0.0201,0.0202,-0.0004,0.6584,-0.3487,0.9837,hold
2021-11-03,65.9840,3431500,66.0120,66.4720,64.4440,0.0045,0.0290,-0.0106,0.0025,0.0584,61.5187,0.0201,0.0196,-0.0007,0.6726,-0.1032,0.8906,buy
2021-11-04,67.6800,5747500,65.7320,67.7060,65.7180,0.0257,0.0337,0.0121,0.0270,0.0833,65.0202,0.0218,0.0205,0.0006,0.8364,0.6749,1.4532,buy
2021-11-05,68.2380,8395000,69.8460,69.8460,65.5020,0.0082,0.0144,0.0176,0.0336,0.0901,60.5830,0.0219,0.0219,0.0017,0.8663,0.4606,1.9722,buy
2021-11-08,70.2380,6589000,69.0000,71.0700,68.2720,0.0293,0.0836,0.0581,0.0577,0.1195,63.0814,0.0230,0.0245,0.0039,1.0281,-0.2151,1.4774,hold
2021-11-09,69.8120,5009500,70.3940,70.8280,68.6620,-0.0061,0.0628,0.0819,0.0430,0.1106,60.5917,0.0203,0.0264,0.0045,0.9415,-0.2397,1.0926,sell
2021-11-10,66.6320,5811500,69.1340,69.2000,65.8800,-0.0456,0.0098,0.0391,-0.0082,0.0588,49.3349,0.0263,0.0249,0.0016,0.5490,0.1601,1.2402,buy
2021-11-11,67.3760,3304500,67.7780,67.9820,66.9080,0.0112,-0.0045,0.0290,0.0000,0.0687,50.8691,0.0258,0.0232,0.0001,0.6268,-0.4314,0.7139,buy
2021-11-12,68.4340,2909000,67.8680,68.7480,67.8500,0.0157,0.0029,0.0173,0.0140,0.0836,55.4937,0.0248,0.0226,-0.0001,0.7607,-0.1197,0.6339,sell
2021-11-15,67.0260,3757000,68.9500,68.9500,66.3580,-0.0206,-0.0457,0.0340,-0.0101,0.0603,56.8576,0.0225,0.0210,-0.0017,0.5299,0.2915,0.8267,buy
2021-11-16,68.2020,3391000,66.4220,68.4960,66.4220,0.0175,-0.0231,0.0383,0.0035,0.0770,60.7369,0.0228,0.0202,-0.0017,0.6989,-0.0974,0.7558,hold
2021-11-17,68.2700,3756500,68.2460,68.8280,66.9580,0.0010,0.0246,0.0346,0.0012,0.0759,57.8864,0.0228,0.0197,-0.0018,0.6940,0.1078,0.8351,hold
2021-11-18,68.7020,3465000,68.2000,69.2800,67.6140,0.0063,0.0197,0.0151,0.0060,0.0805,54.3843,0.0215,0.0194,-0.0015,0.7399,-0.0776,0.7673,hold
2021-11-19,68.5020,3608000,69.3720,70.1280,68.3840,-0.0029,0.0010,0.0039,0.0027,0.0752,63.0423,0.0214,0.0190,-0.0016,0.6958,0.0413,0.7874,sell
2021-11-22,66.1600,5159500,68.7400,68.9080,65.0620,-0.0342,-0.0129,-0.0581,-0.0258,0.0362,51.5206,0.0213,0.0161,-0.0042,0.3540,0.4300,1.1237,sell
2021-11-23,65.4960,5327500,65.3140,66.6300,63.6540,-0.0100,-0.0397,-0.0618,-0.0294,0.0241,48.4704,0.0214,0.0125,-0.0064,0.2396,0.0326,1.1842,buy
2021-11-24,66.6480,2946000,65.3700,66.6760,63.9940,0.0176,-0.0238,0.0002,-0.0124,0.0400,46.6511,0.0174,0.0107,-0.0063,0.3845,-0.4470,0.6589,sell
2021-11-26,65.4780,3236000,66.0900,68.2080,65.0420,-0.0176,-0.0469,-0.0282,-0.0270,0.0203,41.3858,0.0178,0.0080,-0.0074,0.1870,0.0984,0.7205,buy
2021-11-29,68.6600,5235500,66.6000,69.1000,66.3660,0.0486,0.0023,0.0033,0.0200,0.0670,45.4133,0.0236,0.0091,-0.0045,0.7081,0.6179,1.1534,sell
2021-11-30,66.4220,8660000,68.9280,69.5540,66.0660,-0.0326,0.0040,-0.0090,-0.0124,0.0299,41.0855,0.0251,0.0078,-0.0050,0.3114,0.6541,1.8511,sell
2021-12-01,61.0520,11505500,67.5200,67.6100,60.9020,-0.0808,-0.0679,-0.1048,-0.0825,-0.0537,36.8421,0.0346,-0.0000,-0.0112,-0.2821,0.3286,2.2728,buy
2021-12-02,62.6220,8490500,61.0520,62.9320,60.2200,0.0257,-0.0604,-0.0827,-0.0508,-0.0300,39.2102,0.0364,-0.0045,-0.0123,-0.0018,-0.2620,1.5974,sell
2021-12-03,60.5640,10449000,62.1760,62.6500,59.3340,-0.0329,-0.0750,-0.1185,-0.0705,-0.0614,32.9136,0.0368,-0.0109,-0.0152,-0.0814,0.2307,1.8826,sell
2021-12-06,58.4080,11292500,59.5580,60.1040,57.8480,-0.0356,-0.1493,-0.1474,-0.0895,-0.0937,31.8782,0.0373,-0.0193,-0.0189,-0.1100,0.0807,1.9828,buy
2021-12-07,63.4480,6454000,60.6380,63.5400,60.5980,0.0863,-0.0448,-0.0410,-0.0068,-0.0165,41.4008,0.0483,-0.0169,-0.0133,0.3039,-0.4285,1.1346,buy
2021-12-08,64.4880,5147000,63.4460,64.7760,62.2860,0.0164,0.0563,-0.0154,0.0111,-0.0026,43.3914,0.0486,-0.0145,-0.0088,0.4046,-0.2025,0.9037,sell
2021-12-09,63.2840,4041500,64.5760,64.8920,62.9680,-0.0187,0.0106,-0.0505,-0.0025,-0.0229,40.7813,0.0485,-0.0145,-0.0069,0.3201,-0.2148,0.7208,buy
2021-12-10,66.5260,6902000,64.0200,66.8560,64.0200,0.0512,0.0984,0.0160,0.0469,0.0246,46.9533,0.0512,-0.0095,-0.0018,0.5920,0.7078,1.1927,hold
2021-12-13,66.3200,7119500,66.9120,67.8760,65.7500,-0.0031,0.1355,-0.0341,0.0475,0.0193,50.2641,0.0486,-0.0063,0.0011,0.5859,0.0315,1.1871,sell
2021-12-14,63.1600,8491500,64.5760,64.6300,61.2160,-0.0476,-0.0045,-0.0491,0.0027,-0.0308,46.4377,0.0498,-0.0078,-0.0000,0.3332,0.1927,1.3621,buy
2021-12-15,67.3560,8266000,63.2000,67.5220,63.1840,0.0664,0.0445,0.1033,0.0588,0.0311,50.9879,0.0462,-0.0032,0.0033,0.6965,-0.0266,1.2761,sell
2021-12-16,64.5840,7288000,67.0960,67.5400,63.9960,-0.0412,0.0205,0.0313,0.0121,-0.0126,48.8059,0.0486,-0.0033,0.0027,0.4723,-0.1183,1.0952,buy
2021-12-17,66.7660,48309500,63.2740,67.4380,63.0240,0.0338,0.0036,0.1024,0.0362,0.0193,47.4008,0.0475,-0.0006,0.0042,0.6828,5.6286,5.4302,hold
2021-12-20,66.1060,7360500,64.7300,66.8720,64.1460,-0.0099,-0.0032,0.1318,0.0138,0.0078,49.5467,0.0454,0.0007,0.0044,0.6390,-0.8476,0.8103,buy
2021-12-21,67.8500,5662000,66.9560,67.9560,64.6400,0.0264,0.0743,0.0694,0.0336,0.0323,60.8838,0.0380,0.0037,0.0059,0.7917,-0.2308,0.6216,buy
2021-12-22,69.6320,4233500,68.0000,69.7580,67.0000,0.0263,0.0338,0.0798,0.0525,0.0567,61.1475,0.0384,0.0079,0.0080,0.9076,-0.2523,0.4676,hold
2021-12-23,69.8040,3536000,69.6000,70.9680,69.2160,0.0025,0.0808,0.1030,0.0448,0.0569,65.6313,0.0373,0.0114,0.0092,0.8848,-0.1648,0.3893,buy
2021-12-27,73.5340,5094000,70.7780,73.5580,70.7520,0.0534,0.1014,0.1053,0.0892,0.1097,74.2949,0.0376,0.0173,0.0122,1.0598,0.4406,0.5551,hold
2021-12-28,73.2000,3828500,74.0000,74.0000,72.3040,-0.0045,0.1073,0.1037,0.0733,0.1013,68.4529,0.0377,0.0220,0.0135,0.9757,-0.2484,0.4204,hold
2021-12-29,73.3480,2975500,73.2500,74.3540,72.5420,0.0020,0.0810,0.1613,0.0597,0.1009,67.3508,0.0320,0.0254,0.0135,0.9247,-0.2228,0.3373,sell
2021-12-30,71.9560,3754000,73.4460,74.0580,71.7600,-0.0190,0.0334,0.0683,0.0327,0.0782,66.8585,0.0280,0.0268,0.0118,0.8099,0.2616,0.4451,hold
2021-12-31,71.8800,2640500,71.9520,72.7120,71.7860,-0.0011,0.0297,0.1130,0.0209,0.0754,61.8693,0.0228,0.0272,0.0097,0.7757,-0.2966,0.3243,sell
2022-01-03,66.6240,9515000,72.4240,72.4240,66.4880,-0.0731,-0.0940,-0.0021,-0.0535,-0.0032,50.5506,0.0335,0.0230,0.0033,0.4512,2.6035,1.1753,sell
2022-01-04,64.4280,9829000,66.1000,66.6840,62.5340,-0.0330,-0.1198,-0.0254,-0.0826,-0.0353,52.3799,0.0350,0.0157,-0.0038,0.2673,0.0330,1.2252,sell
2022-01-05,60.6980,12033000,63.1760,63.9400,60.5820,-0.0579,-0.1725,-0.1054,-0.1268,-0.0896,37.2813,0.0375,0.0048,-0.0127,0.0417,0.2242,1.4495,buy
2022-01-06,62.8000,12004000,58.8980,63.9340,58.7380,0.0346,-0.1272,-0.0981,-0.0876,-0.0576,46.5025,0.0385,-0.0017,-0.0149,0.1947,-0.0024,1.3887,hold
2022-01-07,62.9320,8805000,61.8880,63.9660,61.8160,0.0021,-0.1245,-0.0984,-0.0764,-0.0552,41.8266,0.0384,-0.0065,-0.0157,0.2061,-0.2665,0.9913,buy
2022-01-10,64.9420,11657500,60.8440,64.9820,60.4840,0.0319,-0.0252,-0.1168,-0.0348,-0.0249,47.6536,0.0350,-0.0074,-0.0130,0.3427,0.3240,1.2782,hold
2022-01-11,64.7120,7455500,63.5460,64.8000,62.8000,-0.0035,0.0044,-0.1160,-0.0259,-0.0276,43.2632,0.0350,-0.0085,-0.0113,0.3348,-0.3605,0.8160,hold
2022-01-12,64.1580,7013500,65.1080,66.0500,63.6420,-0.0086,0.0570,-0.1253,-0.0207,-0.0357,37.5940,0.0347,-0.0100,-0.0103,0.2939,-0.0593,0.7739,sell
2022-01-13,61.5760,6471000,64.1080,64.5600,61.4520,-0.0402,-0.0195,-0.1443,-0.0450,-0.0734,33.1889,0.0358,-0.0148,-0.0121,0.1647,-0.0774,0.7211,buy
2022-01-14,62.5080,6412000,61.0500,62.7760,60.6320,0.0151,-0.0067,-0.1304,-0.0162,-0.0584,24.5640,0.0368,-0.0166,-0.0111,0.2338,-0.0091,0.7181,sell
2022-01-18,61.6940,7610000,60.8160,63.5280,60.6100,-0.0130,-0.0500,-0.0740,-0.0214,-0.0690,24.0318,0.0303,-0.0193,-0.0110,0.2116,0.1868,1.1038,hold
2022-01-19,61.4320,5922000,62.4700,64.6320,61.3480,-0.0042,-0.0507,-0.0465,-0.0209,-0.0710,23.2441,0.0289,-0.0214,-0.0105,0.2201,-0.2218,0.8680,hold
2022-01-20,60.9980,5268000,61.9960,63.5880,60.9300,-0.0071,-0.0493,0.0049,-0.0283,-0.0750,24.2891,0.0221,-0.0235,-0.0100,0.2241,-0.1104,0.7744,sell
2022-01-21,57.7300,9746500,60.3720,60.8800,57.6500,-0.0536,-0.0625,-0.0807,-0.0729,-0.1213,21.1248,0.0245,-0.0307,-0.0131,0.1047,0.8501,1.3769,hold
2022-01-24,58.0740,16821500,56.5320,58.1500,52.5680,0.0060,-0.0709,-0.0772,-0.0600,-0.1138,28.1776,0.0247,-0.0343,-0.0134,0.1628,0.7259,2.1725,sell
2022-01-25,54.5900,8703000,56.7560,56.8860,54.2260,-0.0600,-0.1151,-0.1594,-0.1014,-0.1637,26.4393,0.0254,-0.0442,-0.0177,0.0459,-0.4826,1.0984,hold
2022-01-26,54.2300,8629000,56.3600,57.3020,53.6620,-0.0066,-0.1172,-0.1620,-0.0916,-0.1656,31.5284,0.0253,-0.0507,-0.0192,0.0714,-0.0085,1.0571,hold
2022-01-27,53.9440,6165500,55.1300,56.3340,53.7320,-0.0053,-0.1156,-0.1592,-0.0807,-0.1666,21.7818,0.0254,-0.0557,-0.0192,0.0874,-0.2855,0.7408,buy
2022-01-28,56.4320,7346500,54.7500,56.5120,53.0400,0.0461,-0.0225,-0.0835,-0.0298,-0.1250,31.9925,0.0307,-0.0526,-0.0142,0.2290,0.1915,0.8641,buy
2022-01-31,59.4480,9103500,56.4320,59.6200,55.9120,0.0534,0.0237,-0.0490,0.0275,-0.0757,35.5831,0.0359,-0.0449,-0.0067,0.4172,0.2392,1.0315,buy
2022-02-01,60.4360,6467000,59.5680,60.6260,58.3580,0.0166,0.1071,-0.0204,0.0468,-0.0579,39.2086,0.0363,-0.0384,-0.0007,0.5034,-0.2896,0.7456,buy
2022-02-02,61.9760,8535500,61.2240,62.2000,60.6040,0.0255,0.1428,0.0089,0.0725,-0.0320,44.7543,0.0373,-0.0307,0.0049,0.6259,0.3199,0.9915,sell
2022-02-03,59.4000,8857500,59.8960,62.1060,59.0740,-0.0416,0.1011,-0.0262,0.0308,-0.0702,44.7672,0.0397,-0.0296,0.0060,0.4412,0.0377,1.0483,buy
2022-02-04,62.8660,12722500,60.8140,63.4660,57.8360,0.0584,0.1140,0.0890,0.0813,-0.0152,50.7674,0.0393,-0.0214,0.0098,0.6955,0.4364,1.4993,sell
2022-02-07,61.4440,5925000,62.2840,63.3800,61.1540,-0.0226,0.0336,0.0580,0.0507,-0.0359,49.4777,0.0406,-0.0183,0.0109,0.5979,-0.5343,0.7103,buy
2022-02-08,62.9720,4988000,61.1860,63.1940,60.8900,0.0249,0.0420,0.1535,0.0617,-0.0111,53.0556,0.0334,-0.0129,0.0124,0.7273,-0.1581,0.6229,buy
2022-02-09,65.9680,6909000,64.0000,66.0520,63.7100,0.0476,0.0644,0.2164,0.0906,0.0368,58.9511,0.0339,-0.0049,0.0155,0.9395,0.3851,0.8657,sell
2022-02-10,65.0720,5765000,64.2500,66.4720,64.1040,-0.0136,0.0955,0.2063,0.0563,0.0232,64.4584,0.0347,-0.0001,0.0164,0.8621,-0.1656,0.7281,sell
2022-02-11,62.0540,5881000,65.2580,65.9560,61.6380,-0.0464,-0.0129,0.0996,-0.0018,-0.0246,57.0909,0.0389,0.0000,0.0139,0.6383,0.0201,0.7455,hold
2022-02-14,62.0700,5370000,62.2240,63.3560,61.2900,0.0003,0.0102,0.0441,-0.0057,-0.0242,65.2057,0.0358,0.0001,0.0112,0.6417,-0.0869,0.6852,buy
2022-02-15,64.4840,3830000,63.3720,64.6720,62.9800,0.0389,0.0240,0.0670,0.0263,0.0125,69.2383,0.0373,0.0032,0.0111,0.7981,-0.2868,0.5008,hold
2022-02-16,64.0720,4955500,63.4920,64.3040,62.0680,-0.0064,-0.0287,0.0338,0.0164,0.0043,68.9124,0.0369,0.0051,0.0104,0.7528,0.2939,0.6521,sell
2022-02-17,62.1080,3957000,63.5260,63.5260,61.8460,-0.0307,-0.0455,0.0456,-0.0190,-0.0261,60.8106,0.0355,0.0042,0.0077,0.6127,-0.2015,0.5252,sell
2022-02-18,60.9700,4612000,62.2140,62.8620,60.7880,-0.0183,-0.0175,-0.0302,-0.0341,-0.0429,53.1222,0.0307,0.0019,0.0044,0.5237,0.1655,0.6338,sell
2022-02-22,59.4800,6688500,60.4060,61.3400,58.5900,-0.0244,-0.0417,-0.0320,-0.0547,-0.0652,48.0785,0.0308,-0.0020,0.0005,0.4138,0.4502,0.9879,sell
2022-02-23,56.9020,6862000,60.0900,60.7400,56.6840,-0.0433,-0.1176,-0.0964,-0.0869,-0.1030,40.2099,0.0316,-0.0089,-0.0051,0.2091,0.0259,1.0275,buy
2022-02-24,63.2900,12905500,55.5760,63.6940,55.1880,0.1123,-0.0122,-0.0406,0.0200,-0.0013,56.5431,0.0473,-0.0047,-0.0010,0.6671,0.8807,1.8724,buy
2022-02-25,64.9940,6182500,63.3920,65.1120,62.0000,0.0269,0.0465,-0.0012,0.0476,0.0250,53.8049,0.0480,0.0001,0.0030,0.8058,-0.5209,0.8969,buy
2022-02-28,68.9040,12006500,64.5100,69.0900,64.3040,0.0602,0.1301,0.1104,0.0985,0.0861,62.2488,0.0482,0.0081,0.0087,1.0925,0.9420,1.6848,sell
2022-03-01,67.5660,8148000,69.2100,70.3040,66.8440,-0.0194,0.1359,0.0885,0.0678,0.0640,57.5904,0.0491,0.0130,0.0108,0.9126,-0.3214,1.1511,buy
2022-03-02,68.9620,5867000,67.9300,69.3740,66.4740,0.0207,0.2119,0.0694,0.0822,0.0852,55.2229,0.0482,0.0178,0.0126,0.9580,-0.2799,0.8324,sell
2022-03-03,67.2700,5678000,69.2260,69.6580,66.3080,-0.0245,0.0629,0.0499,0.0504,0.0582,53.7307,0.0492,0.0201,0.0118,0.7903,-0.0322,0.8222,hold
2022-03-04,67.0920,6077500,67.2560,67.8100,65.2920,-0.0026,0.0323,0.0802,0.0395,0.0557,59.4635,0.0476,0.0212,0.0103,0.7514,0.0704,0.8982,sell
2022-03-07,58.2740,12903000,66.7440,67.5920,58.1680,-0.1314,-0.1543,-0.0442,-0.0933,-0.0798,44.6414,0.0650,0.0130,0.0003,0.0997,1.1231,1.9043,sell
2022-03-08,55.3660,10565500,56.9140,57.3000,54.5000,-0.0499,-0.1806,-0.0692,-0.1330,-0.1217,37.3058,0.0664,-0.0001,-0.0107,-0.0223,-0.1812,1.5077,buy
2022-03-09,57.4860,10994500,57.0220,57.8600,54.8060,0.0383,-0.1664,0.0103,-0.1007,-0.0834,41.2471,0.0662,-0.0075,-0.0142,0.1534,0.0406,1.5045,hold
2022-03-10,57.3520,7338000,56.8600,57.9460,55.5120,-0.0023,-0.1474,-0.0938,-0.0943,-0.0809,43.3561,0.0540,-0.0135,-0.0162,0.1824,-0.3326,1.0012,sell
2022-03-11,55.8260,6845000,58.4120,58.4120,55.7040,-0.0266,-0.1679,-0.1411,-0.1055,-0.1003,42.8911,0.0528,-0.0207,-0.0187,0.1385,-0.0672,0.9271,hold
2022-03-14,55.0880,9983000,55.2660,56.4220,53.0540,-0.0132,-0.0547,-0.2005,-0.0973,-0.1073,43.8015,0.0460,-0.0272,-0.0202,0.1393,0.4584,1.3156,buy
2022-03-15,56.6640,6130000,55.6900,56.7960,54.7520,0.0286,0.0234,-0.1614,-0.0546,-0.0772,49.6543,0.0487,-0.0287,-0.0175,0.2451,-0.3860,0.8038,buy
2022-03-16,59.5080,9152500,56.7700,59.5660,56.3400,0.0502,0.0352,-0.1371,0.0087,-0.0287,43.8767,0.0519,-0.0248,-0.0113,0.4040,0.4931,1.1596,buy
2022-03-17,60.6960,8120000,58.7420,60.7080,57.8400,0.0200,0.0583,-0.0977,0.0405,-0.0081,42.9230,0.0528,-0.0206,-0.0059,0.4742,-0.1128,1.0086,buy
2022-03-18,63.9940,13095000,60.5980,64.2320,60.0600,0.0543,0.1463,-0.0462,0.1029,0.0447,41.7490,0.0565,-0.0124,0.0012,0.6407,0.6127,1.5392,sell
2022-03-21,62.9060,7950500,63.0680,63.7720,61.1620,-0.0170,0.1419,0.0795,0.0755,0.0269,42.1028,0.0352,-0.0082,0.0045,0.5789,-0.3929,0.9165,buy
2022-03-22,65.1380,6457500,62.6440,65.3560,62.4000,0.0355,0.1495,0.1765,0.0954,0.0626,43.6981,0.0294,-0.0018,0.0084,0.6781,-0.1878,0.7454,sell
2022-03-23,64.2860,3931500,64.7500,65.9100,63.6340,-0.0131,0.0803,0.1183,0.0688,0.0489,44.9424,0.0297,0.0021,0.0099,0.6179,-0.3912,0.4616,buy
2022-03-24,67.1420,4998500,64.5040,67.2700,63.6660,0.0444,0.1062,0.1707,0.0984,0.0946,50.0777,0.0309,0.0082,0.0126,0.7505,0.2714,0.6155,hold
2022-03-25,66.5460,4292500,66.6000,67.2300,64.4060,-0.0089,0.0399,0.1920,0.0699,0.0841,67.2650,0.0286,0.0125,0.0135,0.7137,-0.1412,0.5348,buy
2022-03-28,67.7060,3872000,66.6000,68.2460,65.9220,0.0174,0.0763,0.2291,0.0669,0.1008,77.7828,0.0264,0.0167,0.0142,0.7795,-0.0980,0.5081,buy
2022-03-29,69.4960,6421000,68.9120,69.7180,67.2720,0.0264,0.0669,0.2265,0.0734,0.1273,77.4477,0.0264,0.0215,0.0152,0.8568,0.6583,0.8523,sell
2022-03-30,68.3860,3578000,69.0000,70.1600,68.0020,-0.0160,0.0638,0.1492,0.0420,0.1069,74.1402,0.0265,0.0245,0.0145,0.8052,-0.4428,0.4823,hold
2022-03-31,68.3480,6092500,68.2520,70.5960,68.2520,-0.0006,0.0180,0.1261,0.0294,0.1038,79.3036,0.0268,0.0262,0.0130,0.7969,0.7028,0.8189,hold
2022-04-01,67.8020,3621500,68.2020,69.0200,67.2040,-0.0080,0.0189,0.0595,0.0154,0.0926,80.0227,0.0229,0.0269,0.0108,0.7661,-0.4056,0.4949,buy
2022-04-04,69.3380,3355000,68.4960,69.5260,68.0700,0.0227,0.0241,0.1022,0.0285,0.1132,79.9849,0.0219,0.0281,0.0099,0.8067,-0.0736,0.4905,sell
2022-04-05,68.3780,4341500,69.2480,69.3960,67.7300,-0.0138,-0.0161,0.0497,0.0094,0.0941,73.0390,0.0211,0.0284,0.0080,0.7380,0.2940,0.6650,sell
2022-04-06,66.4140,4918500,67.0620,67.5580,65.7040,-0.0287,-0.0288,0.0331,-0.0227,0.0587,64.2765,0.0231,0.0266,0.0044,0.6222,0.1329,0.7902,buy
2022-04-07,67.6240,5227500,66.2540,68.9040,66.2540,0.0182,-0.0106,0.0072,-0.0056,0.0734,60.1182,0.0190,0.0251,0.0027,0.6653,0.0628,0.8543,sell
2022-04-08,67.1660,3617500,67.0240,68.3420,66.7800,-0.0068,-0.0094,0.0093,-0.0132,0.0617,62.3065,0.0189,0.0237,0.0009,0.6219,-0.3080,0.6072,sell
2022-04-11,65.6140,4485000,66.1380,66.7680,64.9300,-0.0231,-0.0537,-0.0309,-0.0330,0.0342,51.4313,0.0194,0.0209,-0.0020,0.4968,0.2398,0.7892,buy
2022-04-12,66.0200,3894000,67.0620,68.3440,65.4900,0.0062,-0.0345,-0.0500,-0.0221,0.0384,55.3578,0.0168,0.0183,-0.0035,0.4903,-0.1318,0.6990,buy
2022-04-13,68.1720,3954500,66.3980,68.5400,66.1040,0.0326,0.0265,-0.0031,0.0101,0.0696,53.3273,0.0200,0.0182,-0.0023,0.6793,0.0155,0.7446,sell
2022-04-14,66.3520,3645000,68.5700,68.6780,66.2100,-0.0267,-0.0188,-0.0292,-0.0139,0.0397,49.4192,0.0217,0.0167,-0.0035,0.4313,-0.0783,0.7165,hold
2022-04-18,66.0840,3188000,65.8860,66.8440,64.6500,-0.0040,-0.0161,-0.0253,-0.0154,0.0333,44.8703,0.0216,0.0147,-0.0045,0.3704,-0.1254,0.6942,buy
2022-04-19,67.0380,3805000,65.8740,67.2320,65.0920,0.0144,0.0217,-0.0332,0.0023,0.0469,41.7924,0.0207,0.0138,-0.0041,0.4790,0.1935,0.8678,buy
2022-04-20,68.1160,5339000,67.6000,69.7300,67.3460,0.0161,0.0317,-0.0038,0.0188,0.0615,49.0965,0.0212,0.0142,-0.0027,0.6575,0.4032,1.2333,sell
2022-04-21,64.2520,6071000,68.9160,71.5160,64.0860,-0.0567,-0.0575,-0.0326,-0.0359,0.0009,39.0878,0.0265,0.0106,-0.0059,-0.0873,0.1371,1.3686,sell
2022-04-22,60.8580,5262000,64.1800,64.7680,60.7280,-0.0528,-0.0828,-0.1001,-0.0775,-0.0505,33.9378,0.0296,0.0029,-0.0116,-0.2898,-0.1333,1.1827,buy
2022-04-25,64.6980,6626000,60.4260,64.8620,60.2020,0.0631,-0.0210,-0.0367,-0.0156,0.0095,40.3010,0.0376,0.0013,-0.0098,0.2262,0.2592,1.4512,sell
2022-04-26,61.3000,4976500,63.8660,64.2880,61.2880,-0.0525,-0.0856,-0.0657,-0.0611,-0.0433,36.5733,0.0404,-0.0042,-0.0128,-0.0610,-0.2489,1.0769,sell
2022-04-27,60.0640,5187000,61.3160,63.1480,59.9280,-0.0202,-0.1182,-0.0902,-0.0716,-0.0620,37.6122,0.0404,-0.0103,-0.0153,-0.0677,0.0423,1.1377,buy
2022-04-28,61.7300,5961500,60.8480,62.3780,59.3340,0.0277,-0.0393,-0.0945,-0.0362,-0.0351,38.7027,0.0398,-0.0124,-0.0138,0.1357,0.1493,1.2743,sell
2022-04-29,57.8020,6013000,61.2440,61.9760,57.5280,-0.0636,-0.0502,-0.1289,-0.0853,-0.0947,34.1589,0.0432,-0.0205,-0.0176,-0.0773,0.0086,1.2864,hold
2022-05-02,58.4040,6456000,57.7120,58.8980,56.7060,0.0104,-0.0973,-0.1162,-0.0644,-0.0843,37.3977,0.0438,-0.0248,-0.0176,0.0454,0.0737,1.3405,sell
2022-05-03,57.3060,5069500,58.4040,58.8000,56.7260,-0.0188,-0.0652,-0.1452,-0.0675,-0.1004,35.1287,0.0428,-0.0302,-0.0182,0.0367,-0.2148,1.0342,hold
2022-05-04,57.4740,11359000,56.8380,57.6980,53.5520,0.0029,-0.0431,-0.1562,-0.0483,-0.0972,30.4166,0.0420,-0.0333,-0.0171,0.1007,1.2407,2.1625,hold
2022-05-05,56.9040,13191000,60.6000,61.2780,55.1600,-0.0099,-0.0782,-0.1144,-0.0461,-0.1062,31.8754,0.0395,-0.0366,-0.0162,0.1164,0.1613,2.3279,sell
2022-05-06,53.2740,7995000,55.8240,55.9000,52.6520,-0.0638,-0.0783,-0.1246,-0.0955,-0.1606,28.2335,0.0409,-0.0466,-0.0198,-0.0107,-0.3939,1.3773,sell
2022-05-09,49.0440,10737000,51.9520,52.3800,48.7260,-0.0794,-0.1603,-0.2420,-0.1445,-0.2233,22.4879,0.0362,-0.0633,-0.0274,-0.0952,0.3430,1.7428,buy
2022-05-10,52.3580,13170000,51.7560,53.4600,49.1040,0.0676,-0.0863,-0.1459,-0.0723,-0.1665,27.4486,0.0454,-0.0629,-0.0234,0.1154,0.2266,1.9970,hold
2022-05-11,52.1920,15667500,52.3200,55.7480,51.8760,-0.0032,-0.0919,-0.1311,-0.0621,-0.1650,30.6978,0.0455,-0.0654,-0.0206,0.1507,0.1896,2.1810,buy
2022-05-12,53.3320,10798000,51.4000,55.4800,50.8000,0.0218,-0.0628,-0.1360,-0.0269,-0.1425,37.0179,0.0450,-0.0634,-0.0156,0.2268,-0.3108,1.4348,buy
2022-05-13,56.3100,8673500,54.5120,56.6980,54.4680,0.0558,0.0570,-0.0258,0.0302,-0.0914,35.0875,0.0461,-0.0547,-0.0076,0.3782,-0.1967,1.1152,sell
2022-05-16,55.1140,6360500,55.8600,57.4760,54.9560,-0.0212,0.1238,-0.0563,0.0144,-0.1072,38.0681,0.0462,-0.0526,-0.0036,0.3418,-0.2667,0.8015,buy
2022-05-17,56.5620,7720500,56.6860,57.4000,55.0340,0.0263,0.0803,-0.0130,0.0425,-0.0833,43.2999,0.0469,-0.0462,0.0013,0.4319,0.2138,0.9494,sell
2022-05-18,54.1160,11199000,55.3160,56.6560,53.6860,-0.0432,0.0369,-0.0584,0.0036,-0.1226,35.8550,0.0488,-0.0472,0.0019,0.3170,0.4506,1.3293,buy
2022-05-19,55.0320,8350500,53.5180,56.3220,53.1440,0.0169,0.0319,-0.0329,0.0242,-0.1070,44.2055,0.0492,-0.0437,0.0037,0.3912,-0.2544,0.9780,buy
2022-05-20,57.0560,11468000,57.2600,57.8000,54.2460,0.0368,0.0132,0.0710,0.0544,-0.0741,47.3385,0.0454,-0.0368,0.0071,0.5374,0.3733,1.2960,hold
2022-05-23,57.2740,7018000,57.2900,58.5060,56.7180,0.0038,0.0392,0.1678,0.0426,-0.0710,49.9345,0.0337,-0.0318,0.0096,0.5903,-0.3880,0.7913,hold
2022-05-24,57.1680,8979500,56.4080,61.9200,55.3140,-0.0019,0.0107,0.0919,0.0316,-0.0733,49.3725,0.0287,-0.0278,0.0109,0.6059,0.2795,0.9902,hold
2022-05-25,57.4640,6623500,56.1900,58.1440,56.0360,0.0052,0.0619,0.1010,0.0272,-0.0688,51.1614,0.0284,-0.0237,0.0118,0.6493,-0.2624,0.7246,buy
2022-05-26,58.8600,6211000,57.5380,59.4280,56.9160,0.0243,0.0696,0.1037,0.0419,-0.0459,62.7686,0.0286,-0.0180,0.0133,0.8163,-0.0623,0.6786,buy
2022-05-27,59.5740,9173000,59.4300,59.9280,58.4560,0.0121,0.0441,0.0580,0.0484,-0.0340,78.6796,0.0238,-0.0127,0.0146,0.8626,0.4769,0.9852,sell
2022-05-31,58.8280,9866000,59.4540,59.6320,57.8140,-0.0125,0.0271,0.0674,0.0286,-0.0445,70.4876,0.0228,-0.0096,0.0144,0.7874,0.0755,1.0406,sell
2022-06-01,57.8120,5257000,59.2520,59.8500,57.4440,-0.0173,0.0113,0.0221,0.0086,-0.0595,66.8870,0.0228,-0.0085,0.0128,0.6885,-0.4672,0.5539,buy
2022-06-02,60.6440,5513000,57.9120,61.0660,57.6420,0.0490,0.0553,0.1206,0.0461,-0.0119,69.9433,0.0209,-0.0034,0.0135,0.9083,0.0487,0.5993,sell
2022-06-03,59.3280,4924500,59.6240,59.9280,58.3960,-0.0217,0.0080,0.0781,0.0159,-0.0318,59.0522,0.0232,-0.0014,0.0127,0.7746,-0.1067,0.5605,hold
2022-06-06,59.3940,3275500,60.1840,60.2980,59.0320,0.0011,-0.0030,0.0410,0.0130,-0.0283,63.7709,0.0209,0.0004,0.0116,0.7534,-0.3349,0.3831,buy
2022-06-07,61.0760,4148000,58.7440,61.2960,58.5480,0.0283,0.0382,0.0664,0.0349,0.0010,64.3084,0.0222,0.0039,0.0118,0.8920,0.2664,0.5046,sell
2022-06-08,60.1060,3418500,60.8200,61.4160,60.0420,-0.0159,0.0397,0.0514,0.0134,-0.0124,70.9470,0.0233,0.0054,0.0108,0.7783,-0.1759,0.4421,buy
2022-06-09,60.7000,5970000,60.5120,62.4060,59.5340,0.0099,0.0009,0.0563,0.0179,0.0002,70.2776,0.0233,0.0072,0.0100,0.8235,0.7464,0.8237,sell
2022-06-10,57.6620,6866000,59.5920,59.9420,57.3640,-0.0500,-0.0281,-0.0204,-0.0311,-0.0464,52.0213,0.0281,0.0048,0.0062,0.4571,0.1501,0.9738,sell
2022-06-13,53.2980,6939000,55.5980,55.8300,53.0100,-0.0757,-0.1026,-0.1053,-0.0949,-0.1142,39.6112,0.0359,-0.0037,-0.0017,-0.0112,0.0106,0.9964,hold
2022-06-14,53.8460,4913500,53.7480,54.3060,53.0240,0.0103,-0.1184,-0.0847,-0.0778,-0.1009,41.5160,0.0365,-0.0097,-0.0062,0.0761,-0.2919,0.7130,buy
2022-06-15,55.5040,5361000,54.4900,56.5880,54.1380,0.0308,-0.0766,-0.0399,-0.0456,-0.0689,45.3200,0.0383,-0.0116,-0.0065,0.2641,0.0911,0.7914,sell
2022-06-16,52.7460,5731000,54.0880,54.5540,52.3360,-0.0497,-0.1310,-0.1302,-0.0805,-0.1105,36.2927,0.0359,-0.0180,-0.0101,0.0065,0.0690,0.8816,buy
2022-06-17,53.7980,11750500,52.6240,54.2980,52.6000,0.0199,-0.0670,-0.0932,-0.0531,-0.0889,37.2438,0.0372,-0.0203,-0.0101,0.1304,1.0503,1.7616,buy
2022-06-21,56.2020,5768500,55.1800,57.0000,55.0940,0.0447,0.0545,-0.0537,-0.0052,-0.0445,44.5963,0.0409,-0.0178,-0.0064,0.3687,-0.5091,0.9034,hold
2022-06-22,55.6880,4096500,55.1980,56.9120,55.1000,-0.0091,0.0342,-0.0882,-0.0048,-0.0495,45.5371,0.0392,-0.0172,-0.0046,0.3289,-0.2899,0.6566,buy
2022-06-23,56.8000,4602300,56.2000,57.3600,55.1900,0.0200,0.0233,-0.0550,0.0211,-0.0276,41.2937,0.0401,-0.0145,-0.0017,0.4366,0.1235,0.7644,buy
2022-06-24,59.1300,7996900,57.5100,59.3800,56.3800,0.0410,0.1210,-0.0259,0.0660,0.0146,49.5712,0.0425,-0.0089,0.0027,0.6487,0.7376,1.3133,hold
2022-06-27,58.8500,3179500,58.9700,60.3900,57.5800,-0.0047,0.0939,0.0206,0.0587,0.0131,48.8328,0.0391,-0.0052,0.0051,0.6224,-0.6024,0.5355,sell
2022-06-28,57.2900,4750500,59.6100,60.5900,57.0600,-0.0265,0.0194,0.0749,0.0233,-0.0107,41.8342,0.0302,-0.0045,0.0049,0.4861,0.4941,0.8310,hold
2022-06-29,57.1700,3357600,57.2500,57.9500,56.4500,-0.0021,0.0266,0.0617,0.0151,-0.0097,43.4265,0.0304,-0.0040,0.0044,0.4824,-0.2932,0.6228,sell
2022-06-30,56.5800,4280000,56.7500,57.3600,55.8500,-0.0103,-0.0039,0.0194,0.0027,-0.0164,40.7739,0.0295,-0.0043,0.0033,0.4316,0.2747,0.8012,buy
2022-07-01,57.3700,2661700,56.4000,57.6300,55.7800,0.0140,-0.0298,0.0877,0.0085,0.0011,49.2729,0.0232,-0.0034,0.0033,0.5246,-0.3781,0.5119,buy
2022-07-05,59.0000,3437600,56.1300,59.2000,56.0400,0.0284,0.0025,0.0967,0.0277,0.0314,66.4361,0.0238,-0.0004,0.0049,0.6921,0.2915,0.6707,buy
2022-07-06,59.8700,4152500,59.5200,60.6000,59.0900,0.0147,0.0450,0.0653,0.0363,0.0470,67.0478,0.0205,0.0030,0.0066,0.7753,0.2080,0.8033,buy
2022-07-07,61.6200,5456500,60.2500,61.9200,59.8100,0.0292,0.0778,0.1065,0.0557,0.0788,67.2185,0.0209,0.0078,0.0090,0.9401,0.3140,1.0424,buy
2022-07-08,62.7000,3691500,61.2600,63.1100,60.5900,0.0175,0.1082,0.1039,0.0635,0.0971,80.9476,0.0207,0.0127,0.0111,0.9920,-0.3235,0.7034,sell
2022-07-11,62.2800,3544000,62.2300,62.6400,61.3600,-0.0067,0.0856,0.0533,0.0507,0.0889,77.4498,0.0182,0.0160,0.0115,0.9275,-0.0400,0.6913,sell
2022-07-12,59.6200,5614700,63.0000,63.5600,59.1400,-0.0427,0.0105,0.0131,0.0045,0.0432,60.8812,0.0237,0.0156,0.0088,0.6845,0.5843,1.1087,sell
2022-07-13,58.9100,3750900,58.1000,59.9100,57.4400,-0.0119,-0.0160,0.0283,-0.0101,0.0304,60.1308,0.0221,0.0138,0.0055,0.6053,-0.3320,0.7647,sell
2022-07-14,57.6400,4630600,58.2900,58.3200,55.5700,-0.0216,-0.0646,0.0082,-0.0322,0.0084,52.6152,0.0235,0.0106,0.0017,0.4713,0.2345,0.9468,buy
2022-07-15,60.2200,4738200,58.0800,60.5800,58.0800,0.0448,-0.0396,0.0643,0.0050,0.0525,53.3415,0.0267,0.0108,0.0018,0.6980,0.0232,0.9750,sell
2022-07-18,58.0000,4819300,60.4300,60.9000,57.7800,-0.0369,-0.0687,0.0110,-0.0331,0.0135,47.6712,0.0298,0.0086,-0.0006,0.4514,0.0171,1.0011,buy
2022-07-19,59.2000,7184900,59.3200,59.5900,58.3400,0.0207,-0.0070,0.0034,-0.0134,0.0337,55.3382,0.0291,0.0079,-0.0009,0.5626,0.4909,1.5668,hold
2022-07-20,59.6400,5244700,59.5300,60.6300,58.8400,0.0074,0.0124,-0.0038,-0.0057,0.0390,56.7820,0.0288,0.0080,-0.0006,0.6009,-0.2700,1.1503,buy
2022-07-21,61.8600,3901200,59.9700,61.9300,59.0200,0.0372,0.0732,0.0039,0.0309,0.0729,63.3064,0.0298,0.0105,0.0018,0.8629,-0.2562,0.8575,sell
2022-07-22,61.2300,2397600,62.3200,63.4000,60.9100,-0.0102,0.0168,-0.0234,0.0229,0.0587,59.8069,0.0294,0.0120,0.0025,0.7523,-0.3854,0.5401,hold
2022-07-25,61.0000,3182800,61.1800,61.2400,59.9500,-0.0038,0.0517,-0.0206,0.0212,0.0516,55.4705,0.0293,0.0126,0.0025,0.7037,0.3275,0.7580,sell
2022-07-26,56.2600,6507200,61.2100,61.2100,55.2100,-0.0777,-0.0497,-0.0564,-0.0528,-0.0311,41.8510,0.0361,0.0073,-0.0029,0.1054,1.0445,1.4907,buy
2022-07-27,57.9300,4262400,57.3100,58.5400,56.3500,0.0297,-0.0287,-0.0166,-0.0231,-0.0029,41.6402,0.0376,0.0045,-0.0044,0.3101,-0.3450,0.9819,buy
2022-07-28,59.4000,3886300,58.2600,59.6300,57.3500,0.0254,-0.0398,0.0305,-0.0012,0.0209,42.6536,0.0377,0.0043,-0.0035,0.4844,-0.0882,0.8899,hold
2022-07-29,59.6500,4806100,59.4600,59.9300,58.5300,0.0042,-0.0258,-0.0095,0.0039,0.0241,44.1005,0.0348,0.0045,-0.0026,0.4971,0.2367,1.0939,hold
2022-08-01,60.0600,3960200,59.0300,60.9500,58.5800,0.0069,-0.0154,0.0355,0.0073,0.0290,51.0978,0.0324,0.0051,-0.0015,0.5387,-0.1760,0.8882,hold
2022-08-02,60.3700,4032500,59.5500,61.0300,59.4000,0.0052,0.0731,0.0198,0.0105,0.0324,53.7169,0.0319,0.0060,-0.0005,0.5755,0.0183,0.8985,buy
2022-08-03,62.8800,6500500,61.1900,63.1600,60.8300,0.0416,0.0854,0.0543,0.0469,0.0732,62.5479,0.0342,0.0095,0.0026,0.9019,0.6120,1.4114,sell
2022-08-04,52.6100,19687500,56.8300,56.9600,52.0000,-0.1633,-0.1143,-0.1495,-0.1104,-0.1006,36.6818,0.0616,-0.0008,-0.0072,-0.2290,2.0286,3.7026,hold
2022-08-05,53.3900,11779800,52.0000,53.4500,51.2400,0.0148,-0.1049,-0.1280,-0.0851,-0.0861,41.5039,0.0623,-0.0090,-0.0123,-0.0414,-0.4017,2.0588,hold
2022-08-08,53.3200,6171000,53.5200,54.3700,53.1700,-0.0013,-0.1122,-0.1259,-0.0741,-0.0860,38.6923,0.0623,-0.0155,-0.0150,0.0278,-0.4761,1.0543,sell
2022-08-09,52.1900,4391000,52.9100,53.3600,51.9000,-0.0212,-0.1355,-0.0723,-0.0873,-0.1033,36.0435,0.0581,-0.0225,-0.0176,0.0180,-0.2884,0.7581,buy
2022-08-10,53.8900,6173500,54.0400,54.3200,53.3400,0.0326,-0.1430,-0.0697,-0.0508,-0.0723,34.7726,0.0583,-0.0241,-0.0155,0.1865,0.4059,1.0441,sell
2022-08-11,52.5200,5496400,54.2900,54.8700,52.4100,-0.0254,-0.0017,-0.1158,-0.0636,-0.0939,33.8164,0.0575,-0.0284,-0.0157,0.1274,-0.1097,0.9228,buy
2022-08-12,54.2900,5007700,53.0700,54.4100,52.7900,0.0337,0.0169,-0.0899,-0.0227,-0.0623,38.2074,0.0591,-0.0274,-0.0120,0.2758,-0.0889,0.8389,hold
2022-08-15,54.0800,3109700,53.9000,54.5300,53.7600,-0.0039,0.0143,-0.0996,-0.0159,-0.0638,45.4432,0.0589,-0.0274,-0.0096,0.2796,-0.3790,0.5285,sell
2022-08-16,52.9400,4902300,53.8400,54.2700,52.3200,-0.0211,0.0144,-0.1231,-0.0234,-0.0815,39.3330,0.0588,-0.0293,-0.0089,0.2299,0.5765,0.8496,sell
2022-08-17,51.9300,4814200,52.3300,52.6400,51.6300,-0.0191,-0.0364,-0.1741,-0.0223,-0.0967,33.7113,0.0558,-0.0321,-0.0090,0.1968,-0.0180,0.8375,hold
2022-08-18,52.2700,3793700,52.0700,52.5600,51.8200,0.0065,-0.0048,-0.0065,-0.0153,-0.0879,33.9705,0.0221,-0.0328,-0.0079,0.2437,-0.2120,0.6606,sell
2022-08-19,51.2900,4369400,51.8700,52.1600,51.0700,-0.0187,-0.0553,-0.0393,-0.0299,-0.1023,31.4116,0.0220,-0.0352,-0.0079,0.2071,0.1518,0.7480,sell
2022-08-22,50.3200,6160800,50.2800,50.7900,49.7100,-0.0189,-0.0695,-0.0563,-0.0428,-0.1160,29.2784,0.0225,-0.0385,-0.0085,0.1733,0.4100,1.0284,hold
2022-08-23,50.5900,6809900,50.9100,52.3200,50.5100,0.0054,-0.0444,-0.0307,-0.0348,-0.1091,22.0809,0.0220,-0.0395,-0.0077,0.2207,0.1054,1.1339,sell
2022-08-24,50.1600,3366000,50.7400,50.9000,49.9800,-0.0085,-0.0341,-0.0692,-0.0361,-0.1157,39.9343,0.0182,-0.0410,-0.0071,0.2224,-0.5057,0.5647,buy
2022-08-25,50.8700,4258900,50.6700,50.9700,50.1800,0.0142,-0.0268,-0.0314,-0.0194,-0.1022,39.5868,0.0180,-0.0397,-0.0051,0.2905,0.2653,0.7122,sell
2022-08-26,49.5700,7008600,51.2200,51.2200,49.4200,-0.0256,-0.0335,-0.0869,-0.0356,-0.1233,35.9340,0.0138,-0.0418,-0.0050,0.2275,0.6456,1.1509,sell
2022-08-29,48.6900,5837100,49.3500,49.4900,48.5700,-0.0178,-0.0324,-0.0997,-0.0427,-0.1377,36.6208,0.0140,-0.0444,-0.0056,0.1881,-0.1672,0.9440,buy
2022-08-30,49.0400,6129900,49.1900,49.3600,48.3100,0.0072,-0.0306,-0.0737,-0.0284,-0.1300,29.3265,0.0144,-0.0444,-0.0047,0.2241,0.0502,0.9748,sell
2022-08-31,48.6900,5860000,49.4500,50.1800,48.4900,-0.0071,-0.0293,-0.0624,-0.0291,-0.1339,32.1195,0.0138,-0.0451,-0.0040,0.0938,-0.0440,0.9366,hold
2022-09-01,48.5500,5723800,48.0400,48.6000,47.3700,-0.0029,-0.0456,-0.0712,-0.0246,-0.1342,18.3921,0.0132,-0.0452,-0.0032,0.1250,-0.0232,1.0298,hold
2022-09-02,48.6000,6405100,49.0800,49.5500,48.3400,0.0010,-0.0196,-0.0524,-0.0183,-0.1308,19.2825,0.0127,-0.0445,-0.0021,0.1698,0.1190,1.2109,buy
2022-09-06,49.6500,7441800,48.6800,49.9400,48.0300,0.0216,0.0197,-0.0133,0.0042,-0.1090,31.3704,0.0143,-0.0409,0.0005,0.3236,0.1619,1.3902,buy
2022-09-07,50.4500,5120600,49.8800,50.6400,49.2900,0.0161,0.0288,-0.0028,0.0207,-0.0919,41.4153,0.0152,-0.0365,0.0034,0.4384,-0.3119,0.9501,buy
2022-09-08,51.7100,4492200,50.2100,51.8400,49.9800,0.0250,0.0620,0.0309,0.0429,-0.0673,47.0650,0.0168,-0.0304,0.0068,0.6260,-0.1227,0.8467,buy
2022-09-09,53.5900,5488200,52.0800,53.6900,52.0800,0.0364,0.1038,0.0535,0.0749,-0.0321,61.0153,0.0196,-0.0222,0.0110,0.8677,0.2217,1.0345,buy
2022-09-12,55.8400,7382400,53.7800,55.9400,53.7500,0.0420,0.1490,0.1265,0.1062,0.0088,73.5495,0.0194,-0.0125,0.0154,1.1037,0.3451,1.3611,sell
2022-09-13,51.8700,7693700,53.2300,53.6200,51.8000,-0.0711,0.0447,0.0653,0.0211,-0.0611,54.1504,0.0319,-0.0120,0.0145,0.6364,0.0422,1.3610,hold
2022-09-14,51.9400,4542200,52.2500,52.3200,51.0500,0.0013,0.0295,0.0591,0.0167,-0.0574,55.9097,0.0319,-0.0106,0.0127,0.6558,-0.4096,0.8061,sell
2022-09-15,50.8200,6011900,51.9200,52.4800,50.5400,-0.0216,-0.0172,0.0437,-0.0094,-0.0747,49.8384,0.0329,-0.0114,0.0099,0.5128,0.3236,1.0557,hold
2022-09-16,50.4200,10405500,50.1900,50.6400,49.6000,-0.0079,-0.0592,0.0385,-0.0208,-0.0782,52.9169,0.0331,-0.0124,0.0073,0.4705,0.7308,1.7269,hold
2022-09-19,50.7400,3593400,49.6100,50.8400,49.6100,0.0063,-0.0913,0.0440,-0.0186,-0.0683,57.3162,0.0330,-0.0124,0.0057,0.5187,-0.6547,0.6002,hold
2022-09-20,50.7700,3590100,50.3300,51.1000,50.1700,0.0006,-0.0212,0.0226,-0.0202,-0.0638,56.3185,0.0325,-0.0123,0.0047,0.5198,-0.0009,0.6128,sell
2022-09-21,49.8000,4367600,51.1100,51.8000,49.7600,-0.0191,-0.0412,-0.0129,-0.0377,-0.0783,53.8784,0.0328,-0.0138,0.0028,0.3909,0.2166,0.7614,sell
2022-09-22,48.7400,4057600,49.5100,50.1700,48.6400,-0.0213,-0.0409,-0.0574,-0.0527,-0.0946,50.6238,0.0320,-0.0167,0.0002,0.2600,-0.0710,0.7032,hold
2022-09-23,48.5900,4248100,48.5000,48.9200,47.9500,-0.0031,-0.0363,-0.0933,-0.0464,-0.0943,49.9674,0.0285,-0.0189,-0.0015,0.2611,0.0469,0.7362,hold
2022-09-26,48.2900,3514600,48.7700,49.5400,48.2100,-0.0062,-0.0483,-0.1352,-0.0380,-0.0959,45.3361,0.0223,-0.0209,-0.0028,0.2371,-0.1727,0.6281,hold
2022-09-27,48.5000,4214800,49.0100,49.7400,47.8700,0.0043,-0.0447,-0.0650,-0.0273,-0.0887,43.0307,0.0106,-0.0218,-0.0030,0.2663,0.1992,0.7644,buy
2022-09-28,49.9700,3878500,48.9400,50.2300,48.4000,0.0303,0.0034,-0.0379,0.0062,-0.0578,43.8732,0.0157,-0.0193,-0.0008,0.4475,-0.0798,0.7180,sell
2022-09-29,49.6300,3470000,49.5000,49.8600,48.4900,-0.0068,0.0183,-0.0234,0.0017,-0.0607,34.3602,0.0145,-0.0182,0.0003,0.3958,-0.1053,0.6569,sell
2022-09-30,49.1300,4727200,49.5900,50.5900,49.0600,-0.0101,0.0111,-0.0256,-0.0058,-0.0656,19.2484,0.0146,-0.0181,0.0005,0.3240,0.3623,0.9035,buy
2022-10-03,50.9600,5040400,49.5800,51.3900,49.3300,0.0372,0.0553,0.0043,0.0308,-0.0270,44.8119,0.0193,-0.0142,0.0030,0.5532,0.0663,0.9761,buy
2022-10-04,52.6800,3892400,52.2700,53.0800,52.1100,0.0338,0.0862,0.0376,0.0615,0.0090,53.5509,0.0219,-0.0084,0.0065,0.7612,-0.2278,0.7806,buy
2022-10-05,53.5900,3368100,51.7000,53.8500,51.6900,0.0173,0.0724,0.0761,0.0716,0.0275,63.5651,0.0207,-0.0028,0.0095,0.8425,-0.1347,0.6875,hold
2022-10-06,53.7400,4983300,53.7900,54.7500,53.5600,0.0028,0.0828,0.1026,0.0640,0.0320,66.6667,0.0182,0.0018,0.0113,0.8327,0.4796,1.0121,sell
2022-10-07,51.4700,5489900,52.6800,53.1600,50.9500,-0.0422,0.0476,0.0593,0.0133,-0.0085,53.0646,0.0244,0.0020,0.0095,0.5750,0.1017,1.1150,hold
2022-10-10,51.2300,6975000,53.3100,53.8400,50.8300,-0.0047,0.0053,0.0609,0.0027,-0.0099,51.8977,0.0244,0.0018,0.0075,0.5910,0.2705,1.4225,sell
2022-10-11,48.5800,6377600,50.8100,51.0600,48.2900,-0.0517,-0.0778,0.0016,-0.0493,-0.0570,45.5797,0.0305,-0.0027,0.0026,0.2116,-0.0856,1.3184,hold
2022-10-12,48.2100,4970400,48.8100,48.9500,47.4000,-0.0076,-0.1004,-0.0352,-0.0533,-0.0597,47.9786,0.0287,-0.0069,-0.0012,0.1906,-0.2206,1.0230,buy
2022-10-13,49.2000,5114200,46.4600,49.6300,45.7400,0.0205,-0.0845,-0.0087,-0.0330,-0.0353,52.1864,0.0296,-0.0083,-0.0022,0.3508,0.0289,1.0624,sell
2022-10-14,48.1300,4751700,50.0600,50.2700,48.0700,-0.0217,-0.0649,-0.0204,-0.0522,-0.0546,49.4565,0.0303,-0.0114,-0.0041,0.2200,-0.0709,1.0487,buy
2022-10-17,50.4600,5594600,49.6700,50.7400,49.6700,0.0484,-0.0150,-0.0098,-0.0053,-0.0077,55.8195,0.0320,-0.0093,-0.0018,0.5537,0.1774,1.2080,buy
2022-10-18,51.5600,5122000,52.1900,52.7500,50.6600,0.0218,0.0613,-0.0213,0.0186,0.0147,54.8270,0.0308,-0.0060,0.0010,0.7021,-0.0845,1.0880,hold
2022-10-19,51.7900,4373800,51.1700,52.7400,51.0900,0.0045,0.0743,-0.0336,0.0268,0.0194,56.6015,0.0302,-0.0032,0.0030,0.7160,-0.1461,0.9290,hold
2022-10-20,51.5900,4433500,52.0200,53.1300,51.3000,-0.0039,0.0486,-0.0400,0.0272,0.0163,57.6588,0.0301,-0.0012,0.0040,0.6698,0.0136,0.9379,buy
2022-10-21,53.7500,5512200,51.7200,53.8700,50.9400,0.0419,0.1168,0.0443,0.0654,0.0584,58.5113,0.0299,0.0035,0.0068,0.9109,0.2433,1.1507,buy
2022-10-24,54.9000,5905900,54.3400,55.5000,52.8300,0.0214,0.0880,0.0716,0.0803,0.0808,57.0164,0.0301,0.0086,0.0095,0.9826,0.0714,1.2029,buy
2022-10-25,55.9200,5524300,54.9800,56.7500,54.9800,0.0186,0.0846,0.1511,0.0848,0.1000,57.3132,0.0218,0.0138,0.0118,1.0129,-0.0646,1.1104,sell
2022-10-26,55.4900,5972700,55.0900,57.2500,54.8000,-0.0077,0.0714,0.1510,0.0614,0.0905,55.3979,0.0219,0.0174,0.0123,0.9054,0.0812,1.1757,buy
2022-10-27,56.0100,4246200,56.2000,57.0000,55.5100,0.0094,0.0857,0.1384,0.0576,0.0989,65.6985,0.0218,0.0205,0.0123,0.9022,-0.2891,0.8295,buy
2022-10-28,57.1000,3795400,56.3600,57.1600,55.2700,0.0195,0.0623,0.1864,0.0602,0.1182,69.1705,0.0180,0.0239,0.0127,0.9425,-0.1062,0.7483,hold
2022-10-31,57.1600,5405900,56.3900,57.3400,55.9000,0.0011,0.0412,0.1328,0.0483,0.1168,83.7264,0.0149,0.0266,0.0123,0.8924,0.4243,1.0620,sell
2022-11-01,56.4200,4765900,57.8600,58.2900,56.3900,-0.0129,0.0089,0.0943,0.0256,0.0997,81.3598,0.0165,0.0278,0.0107,0.7995,-0.1184,0.9283,sell
2022-11-02,53.2300,9976900,56.2000,56.3300,53.0900,-0.0565,-0.0407,0.0278,-0.0349,0.0365,63.1785,0.0266,0.0251,0.0055,0.5360,1.0934,1.8257,sell
2022-11-03,45.9300,16959800,45.5500,47.3400,42.6100,-0.1371,-0.1800,-0.1097,-0.1587,-0.1042,44.8885,0.0519,0.0120,-0.0085,0.0185,0.6999,2.7971,buy
2022-11-04,47.1000,9579800,46.2100,47.3100,45.1500,0.0255,-0.1751,-0.1237,-0.1266,-0.0800,41.7485,0.0503,0.0006,-0.0155,0.1430,-0.4351,1.5284,buy
2022-11-07,47.8600,6168100,47.2200,48.2700,45.9400,0.0161,-0.1627,-0.1282,-0.1007,-0.0645,40.7592,0.0499,-0.0068,-0.0181,0.2180,-0.3561,0.9905,buy
2022-11-08,50.6000,7081000,48.5100,51.2400,48.1500,0.0573,-0.1032,-0.0951,-0.0397,-0.0117,47.3591,0.0539,-0.0075,-0.0145,0.3949,0.1480,1.1307,hold
2022-11-09,49.8800,4717300,50.2500,50.5200,49.5900,-0.0142,-0.0629,-0.1011,-0.0431,-0.0261,46.2907,0.0539,-0.0095,-0.0133,0.3358,-0.3338,0.7548,buy
2022-11-10,54.3900,7428200,53.2700,54.7400,52.7800,0.0904,0.1842,-0.0289,0.0466,0.0596,51.2598,0.0625,-0.0033,-0.0055,0.6377,0.5747,1.1669,buy
2022-11-11,56.1300,6267100,54.0000,56.2300,53.7600,0.0320,0.1917,-0.0170,0.0821,0.0903,52.3663,0.0630,0.0033,0.0010,0.7379,-0.1563,0.9729,hold
2022-11-14,55.5200,5687800,55.7000,56.9100,54.8000,-0.0109,0.1601,-0.0287,0.0738,0.0755,49.2181,0.0631,0.0077,0.0042,0.6751,-0.0924,0.8824,hold
2022-11-15,56.2000,4498100,56.9000,57.3900,55.6600,0.0122,0.1107,-0.0039,0.0874,0.0860,51.3744,0.0631,0.0118,0.0067,0.7049,-0.2092,0.7012,sell
2022-11-16,54.6900,4280700,55.6800,55.9800,54.5100,-0.0269,0.0964,0.0274,0.0552,0.0551,47.5392,0.0607,0.0131,0.0063,0.5862,-0.0483,0.6678,hold
2022-11-17,54.1400,5429300,53.4600,54.5400,52.6800,-0.0101,-0.0046,0.1788,0.0283,0.0435,44.3683,0.0361,0.0131,0.0050,0.5377,0.2683,0.8404,sell
2022-11-18,52.1500,6357000,55.8000,55.8000,51.2600,-0.0368,-0.0709,0.1072,-0.0189,0.0057,41.1202,0.0397,0.0103,0.0015,0.3995,0.1709,0.9776,hold
2022-11-21,52.3200,3731600,51.5600,52.5900,51.4000,0.0033,-0.0576,0.0932,-0.0239,0.0103,42.5832,0.0397,0.0079,-0.0007,0.4210,-0.4130,0.5836,hold
2022-11-22,52.2800,4935600,52.7800,52.8500,51.2200,-0.0008,-0.0698,0.0332,-0.0277,0.0094,48.0604,0.0361,0.0058,-0.0022,0.4304,0.3226,0.7755,buy
2022-11-23,53.3500,2997200,52.2500,53.5800,51.8400,0.0205,-0.0245,0.0696,-0.0142,0.0295,70.3176,0.0358,0.0056,-0.0018,0.5168,-0.3927,0.4822,hold
2022-11-25,52.9100,2117800,53.0800,53.4800,52.8700,-0.0082,-0.0227,-0.0272,-0.0196,0.0202,66.5716,0.0208,0.0049,-0.0021,0.4956,-0.2934,0.3467,sell
2022-11-28,52.0800,3905800,52.9700,53.2400,51.8900,-0.0157,-0.0013,-0.0722,-0.0277,0.0035,61.9886,0.0172,0.0030,-0.0032,0.4496,0.8443,0.6388,sell
2022-11-29,51.5900,5729100,52.2500,52.3000,50.8400,-0.0094,-0.0140,-0.0708,-0.0297,-0.0062,53.2248,0.0171,0.0007,-0.0045,0.4289,0.4668,0.9345,buy
2022-11-30,53.1600,11465700,51.2300,53.1900,50.4800,0.0304,0.0168,-0.0541,0.0055,0.0231,60.1235,0.0201,0.0013,-0.0030,0.5778,1.0013,1.7733,buy
2022-12-01,55.3800,4410200,53.6300,55.5500,53.3500,0.0418,0.0381,0.0126,0.0462,0.0635,53.5586,0.0234,0.0049,0.0006,0.7567,-0.6154,0.7128,sell
2022-12-02,53.6100,4685400,54.1100,54.3600,52.9600,-0.0320,0.0132,-0.0098,0.0137,0.0276,40.9613,0.0255,0.0053,0.0007,0.5843,0.0624,0.8406,sell
2022-12-05,51.6700,3644100,52.7200,52.8300,51.1400,-0.0362,-0.0079,-0.0092,-0.0220,-0.0108,37.3936,0.0255,0.0026,-0.0017,0.3450,-0.2222,0.6906,sell
2022-12-06,50.8500,3714300,51.7700,51.8900,50.6300,-0.0159,-0.0143,-0.0281,-0.0349,-0.0274,32.6411,0.0258,-0.0010,-0.0043,0.1890,0.0193,0.7206,buy
2022-12-07,51.6000,3172400,50.7400,51.7700,50.3700,0.0147,-0.0293,-0.0130,-0.0194,-0.0142,39.4539,0.0264,-0.0026,-0.0047,0.2766,-0.1459,0.6398,buy
2022-12-08,52.9100,4109000,51.9200,53.3900,51.1700,0.0254,-0.0446,-0.0082,0.0064,0.0096,46.0091,0.0269,-0.0017,-0.0030,0.4322,0.2952,0.8338,sell
2022-12-09,52.1300,3784700,52.7800,52.9500,51.8800,-0.0147,-0.0276,-0.0147,-0.0070,-0.0062,49.9296,0.0272,-0.0023,-0.0029,0.3287,-0.0789,0.7974,buy
2022-12-12,53.6400,3808500,52.4600,54.0600,52.3000,0.0290,0.0381,0.0300,0.0187,0.0208,54.2471,0.0282,-0.0004,-0.0008,0.5906,0.0063,0.8238,buy
2022-12-13,54.7100,4640600,56.6500,56.7100,53.8100,0.0199,0.0759,0.0605,0.0329,0.0397,57.3325,0.0282,0.0026,0.0018,0.7922,0.2185,1.0153,hold
2022-12-14,54.2700,3709400,55.0100,55.8000,53.6800,-0.0080,0.0517,0.0209,0.0225,0.0307,52.8858,0.0272,0.0043,0.0028,0.7630,-0.2007,0.8186,sell
2022-12-15,52.1700,4501600,53.5400,54.0000,52.0100,-0.0387,-0.0140,-0.0580,-0.0111,-0.0086,47.8977,0.0261,0.0026,0.0008,0.3564,0.2136,0.9910,hold
2022-12-16,51.9200,14845300,51.5400,52.5000,51.3700,-0.0048,-0.0040,-0.0315,-0.0127,-0.0127,49.5300,0.0244,0.0007,-0.0009,0.3232,2.2978,2.9612,sell
2022-12-19,49.9800,4871600,51.7400,51.7400,49.6700,-0.0374,-0.0682,-0.0327,-0.0465,-0.0490,45.6416,0.0246,-0.0039,-0.0045,-0.0078,-0.6718,0.9864,buy
2022-12-20,50.4700,4342100,49.5200,50.7300,49.2600,0.0098,-0.0775,-0.0075,-0.0365,-0.0394,42.2657,0.0245,-0.0067,-0.0058,0.1284,-0.1087,0.8737,sell
2022-12-21,50.0100,6803100,50.3000,50.3000,47.0400,-0.0091,-0.0785,-0.0308,-0.0423,-0.0487,32.8215,0.0240,-0.0096,-0.0069,0.0980,0.5668,1.3437,sell
2022-12-22,49.1500,4906400,49.6400,49.9900,48.4500,-0.0172,-0.0579,-0.0711,-0.0520,-0.0654,34.8505,0.0221,-0.0133,-0.0085,0.0359,-0.2788,0.9512,sell
2022-12-23,48.7300,2958800,48.9700,49.2200,48.2900,-0.0085,-0.0614,-0.0652,-0.0539,-0.0732,38.8636,0.0220,-0.0168,-0.0095,0.0487,-0.3970,0.5690,hold
2022-12-27,48.5500,2804500,48.4400,49.2300,47.9000,-0.0037,-0.0286,-0.0949,-0.0480,-0.0768,40.8440,0.0182,-0.0196,-0.0099,0.0842,-0.0521,0.5451,sell
2022-12-28,47.8600,2633100,48.5000,49.0300,47.8000,-0.0142,-0.0517,-0.1252,-0.0487,-0.0890,35.0400,0.0149,-0.0230,-0.0105,0.0627,-0.0611,0.5276,buy
2022-12-29,49.2100,2668100,48.1000,49.3700,48.0000,0.0282,-0.0160,-0.0932,-0.0119,-0.0625,35.2472,0.0199,-0.0223,-0.0081,0.2458,0.0133,0.5863,sell
2022-12-30,48.8900,2338900,48.5500,48.9200,48.1500,-0.0065,-0.0053,-0.0629,-0.0119,-0.0675,36.5894,0.0171,-0.0226,-0.0067,0.2293,-0.1234,0.5259,sell
2023-01-03,48.5200,4647500,49.5300,50.2500,48.0200,-0.0076,-0.0043,-0.0655,-0.0126,-0.0735,26.5996,0.0171,-0.0233,-0.0058,0.2139,0.9870,1.0455,hold
2023-01-04,48.3000,4674800,49.0200,49.4700,47.9600,-0.0045,-0.0051,-0.0336,-0.0137,-0.0758,18.2359,0.0132,-0.0239,-0.0051,0.2169,0.0059,1.0396,sell
2023-01-05,47.4500,6585100,47.7700,48.1800,46.5500,-0.0176,-0.0086,-0.0598,-0.0250,-0.0895,17.5238,0.0130,-0.0259,-0.0054,0.1561,0.4086,1.4191,buy
2023-01-06,48.6900,5223700,48.3200,48.8600,47.0800,0.0261,-0.0106,-0.0264,0.0032,-0.0631,31.9502,0.0164,-0.0241,-0.0033,0.3128,-0.2067,1.1014,buy
2023-01-09,49.4100,4539700,49.4100,50.6700,49.3000,0.0148,0.0106,0.0053,0.0175,-0.0470,37.5866,0.0164,-0.0214,-0.0007,0.4092,-0.1309,0.9528,sell
2023-01-10,48.4200,5314100,49.1200,50.1500,48.1000,-0.0200,-0.0021,-0.0064,-0.0023,-0.0633,41.4847,0.0175,-0.0214,-0.0002,0.3158,0.1706,1.0978,buy
2023-01-11,48.8000,4111100,48.8400,49.0600,48.1500,0.0078,0.0104,0.0051,0.0050,-0.0529,40.7735,0.0176,-0.0200,0.0008,0.3784,-0.2264,0.8466,sell
2023-01-12,48.4000,4932500,48.1300,48.6400,47.1900,-0.0082,0.0200,0.0113,-0.0043,-0.0575,41.0456,0.0171,-0.0196,0.0011,0.3399,0.1998,1.0127,buy
2023-01-13,48.8700,6281700,46.2500,49.0400,45.8800,0.0097,0.0037,-0.0069,0.0061,-0.0455,48.3721,0.0147,-0.0181,0.0020,0.4338,0.2735,1.2565,buy
2023-01-17,50.1000,5436600,48.7600,50.4500,48.4300,0.0252,0.0140,0.0247,0.0288,-0.0203,57.2795,0.0166,-0.0144,0.0041,0.7500,-0.1345,1.0774,sell
2023-01-18,48.3800,4894800,50.6800,51.5200,48.3100,-0.0343,-0.0008,-0.0029,-0.0062,-0.0549,49.2238,0.0202,-0.0149,0.0034,0.3289,-0.0997,1.0762,hold
2023-01-19,48.4200,4631900,48.1100,49.0200,47.7800,0.0008,-0.0078,0.0025,-0.0056,-0.0546,52.7184,0.0201,-0.0147,0.0029,0.3605,-0.0537,1.0210,buy
2023-01-20,49.2700,5372900,48.5500,49.3600,48.5000,0.0176,0.0180,0.0384,0.0081,-0.0385,50.3061,0.0197,-0.0128,0.0036,0.6948,0.1600,1.1711,buy
2023-01-23,50.5100,5771300,49.2700,50.5500,48.8900,0.0252,0.0336,0.0374,0.0296,-0.0143,57.5560,0.0196,-0.0091,0.0055,1.1140,0.0741,1.2722,buy
2023-01-24,51.0900,4698000,50.4700,51.4500,50.1000,0.0115,0.0198,0.0340,0.0379,-0.0034,61.7566,0.0194,-0.0053,0.0073,1.1353,-0.1860,1.0380,buy
2023-01-25,51.7600,5872700,50.2100,51.9100,49.4300,0.0131,0.0699,0.0690,0.0444,0.0107,65.2021,0.0177,-0.0013,0.0089,1.1318,0.2500,1.2571,buy
2023-01-26,53.2100,6410600,53.3300,54.5700,51.9400,0.0280,0.0989,0.0904,0.0642,0.0402,74.0401,0.0189,0.0039,0.0110,1.1956,0.0916,1.3212,sell
2023-01-27,52.7000,5257100,51.9000,53.1300,51.7100,-0.0096,0.0696,0.0888,0.0450,0.0314,67.8222,0.0191,0.0072,0.0115,1.0083,-0.1799,1.0550,sell
2023-01-30,51.0500,5248800,52.3400,52.4100,50.9200,-0.0313,0.0107,0.0446,0.0079,0.0011,56.7323,0.0229,0.0074,0.0095,0.7249,-0.0016,1.0267,buy
2023-01-31,52.3400,6031300,51.0900,52.5300,50.9200,0.0253,0.0245,0.0447,0.0288,0.0273,65.7051,0.0229,0.0091,0.0089,0.8759,0.1491,1.1387,buy
2023-02-01,53.0900,9170600,52.1500,53.5900,51.4200,0.0143,0.0257,0.0974,0.0340,0.0425,66.6926,0.0184,0.0114,0.0090,0.9219,0.5205,1.6604,buy
2023-02-02,53.8500,6790000,53.0100,54.3300,53.0000,0.0143,0.0120,0.1121,0.0378,0.0567,70.6283,0.0182,0.0142,0.0094,0.9527,-0.2596,1.2063,sell
2023-02-03,53.0000,5467600,52.8700,53.7400,52.5400,-0.0158,0.0057,0.0757,0.0142,0.0397,65.1950,0.0198,0.0153,0.0084,0.8142,-0.1948,0.9811,sell
2023-02-06,51.9900,4853600,52.4700,53.4700,51.8800,-0.0191,0.0184,0.0293,-0.0080,0.0200,57.0681,0.0203,0.0145,0.0060,0.6648,-0.1123,0.8738,buy
2023-02-07,53.7800,9785500,52.5500,54.1900,51.7900,0.0344,0.0275,0.0527,0.0209,0.0550,70.0893,0.0226,0.0158,0.0060,0.8543,1.0161,1.6823,buy
2023-02-08,59.6400,18344600,60.7500,61.4500,58.7200,0.1090,0.1234,0.1522,0.1155,0.1669,79.1277,0.0399,0.0231,0.0114,1.2527,0.8747,2.8361,sell
2023-02-09,57.8200,9973100,60.7600,60.8300,57.6500,-0.0305,0.0737,0.0866,0.0722,0.1287,71.1320,0.0420,0.0282,0.0130,0.9941,-0.4563,1.4750,buy
2023-02-10,59.6100,5564400,57.4200,59.6900,57.1000,0.0310,0.1247,0.1311,0.0914,0.1600,71.8961,0.0420,0.0328,0.0144,1.0376,-0.4421,0.8192,hold
2023-02-13,60.1500,4507500,59.7600,60.4600,59.3300,0.0091,0.1570,0.1783,0.0833,0.1674,71.8419,0.0391,0.0371,0.0151,0.9919,-0.1899,0.6723,buy
2023-02-14,61.1900,5190100,60.1500,61.5000,59.8800,0.0173,0.1378,0.1691,0.0847,0.1849,72.3354,0.0390,0.0409,0.0154,0.9786,0.1514,0.7756,buy
2023-02-15,62.8100,5235100,60.9900,63.0200,60.7100,0.0265,0.0532,0.1831,0.0946,0.2119,72.5564,0.0391,0.0448,0.0160,0.9982,0.0087,0.7803,sell
2023-02-16,61.3900,4033900,62.0000,62.6100,61.2300,-0.0226,0.0617,0.1400,0.0559,0.1801,69.5809,0.0411,0.0475,0.0144,0.8732,-0.2295,0.6040,hold
2023-02-17,60.6400,3687200,60.8700,61.3000,60.2900,-0.0122,0.0173,0.1442,0.0295,0.1613,72.5223,0.0408,0.0479,0.0115,0.7994,-0.0859,0.5591,sell
2023-02-21,59.7100,4515500,59.7900,60.3700,59.3000,-0.0153,-0.0073,0.1485,0.0006,0.1400,67.6063,0.0405,0.0466,0.0077,0.7214,0.2246,0.6913,hold
2023-02-22,60.2100,5662900,60.6000,61.2500,59.7700,0.0084,-0.0160,0.1196,-0.0018,0.1463,67.2147,0.0399,0.0448,0.0050,0.7280,0.2541,0.8606,hold
2023-02-23,60.5800,4123800,60.6100,60.7900,59.3400,0.0061,-0.0355,0.0158,0.0028,0.1497,66.5845,0.0209,0.0434,0.0031,0.7272,-0.2718,0.6351,sell
2023-02-24,58.8600,3730400,59.3900,59.8500,58.5700,-0.0284,-0.0412,0.0180,-0.0273,0.1148,63.8469,0.0206,0.0410,-0.0004,0.6043,-0.0954,0.5867,buy
2023-02-27,59.6200,3597100,59.6800,60.1400,59.3800,0.0129,-0.0168,0.0002,-0.0148,0.1271,68.2448,0.0184,0.0381,-0.0022,0.6346,-0.0357,0.5732,hold
2023-02-28,59.4400,3962300,59.6300,60.0900,59.0800,-0.0030,-0.0045,-0.0118,-0.0166,0.1215,64.6632,0.0182,0.0357,-0.0038,0.6036,0.1015,0.6379,sell
2023-03-01,58.4400,3353000,59.5400,59.5400,58.3000,-0.0168,-0.0294,-0.0449,-0.0288,0.1000,45.8449,0.0175,0.0326,-0.0061,0.5115,-0.1538,0.5517,buy
2023-03-02,59.6400,3442100,58.4100,60.0400,58.1600,0.0205,-0.0155,-0.0505,-0.0036,0.1194,56.5847,0.0165,0.0302,-0.0061,0.5846,0.0266,0.5944,buy
2023-03-03,60.8400,3870900,59.6800,60.9000,59.5300,0.0201,0.0336,-0.0090,0.0174,0.1373,54.6485,0.0169,0.0296,-0.0048,0.6651,0.1246,0.6857,buy
2023-03-06,61.3100,2542900,61.1100,61.7600,60.6600,0.0077,0.0283,0.0110,0.0241,0.1414,54.4073,0.0166,0.0296,-0.0036,0.6923,-0.3431,0.4624,sell
2023-03-07,60.3700,5258100,61.0000,61.9900,60.1100,-0.0153,0.0156,0.0111,0.0073,0.1196,46.8606,0.0166,0.0287,-0.0041,0.5786,1.0678,0.9527,buy
2023-03-08,61.7900,5047400,60.6600,61.9900,59.7500,0.0235,0.0573,0.0262,0.0283,0.1406,46.0342,0.0180,0.0285,-0.0028,0.8364,-0.0401,0.9556,sell
2023-03-09,59.9500,4940400,61.4600,62.0800,59.8600,-0.0298,0.0052,-0.0104,-0.0013,0.1021,44.5783,0.0206,0.0269,-0.0043,0.4428,-0.0212,1.0712,sell
2023-03-10,58.7600,4381600,60.0200,60.4700,58.6000,-0.0198,-0.0342,-0.0017,-0.0209,0.0761,43.1487,0.0195,0.0236,-0.0066,0.1542,-0.1131,1.0114,buy
2023-03-13,59.2700,4772300,58.2200,60.1700,57.6300,0.0087,-0.0333,-0.0059,-0.0119,0.0810,48.3459,0.0192,0.0208,-0.0073,0.2780,0.0892,1.1117,buy
2023-03-14,60.8900,3887400,60.3500,61.0900,59.8900,0.0273,0.0086,0.0244,0.0127,0.1058,52.3578,0.0211,0.0202,-0.0057,0.6361,-0.1854,0.9122,sell
2023-03-15,60.3900,3450400,60.6100,61.2200,59.7200,-0.0082,-0.0227,0.0334,0.0011,0.0922,49.3471,0.0203,0.0194,-0.0054,0.5331,-0.1124,0.8265,buy
2023-03-16,61.8800,3994000,60.3400,61.9700,59.9000,0.0247,0.0322,0.0376,0.0220,0.1137,60.5447,0.0208,0.0199,-0.0034,0.9242,0.1575,0.9711,sell
2023-03-17,61.2200,8197000,61.7200,62.4700,60.7000,-0.0107,0.0419,0.0062,0.0105,0.0967,55.6259,0.0204,0.0198,-0.0030,0.7625,1.0523,1.8971,hold
2023-03-20,61.5400,4768300,60.9100,61.5800,60.7600,0.0052,0.0383,0.0038,0.0154,0.0969,57.3120,0.0203,0.0197,-0.0024,0.8191,-0.4183,1.0899,buy
2023-03-21,62.4600,3661900,61.7500,62.6100,60.8700,0.0149,0.0258,0.0346,0.0270,0.1079,64.0756,0.0199,0.0203,-0.0012,0.9628,-0.2320,0.8453,sell
2023-03-22,61.2100,2859400,62.3000,63.2000,61.1700,-0.0200,0.0136,-0.0094,0.0075,0.0812,55.4780,0.0198,0.0196,-0.0019,0.6723,-0.2191,0.6821,buy
2023-03-23,63.2500,4429700,62.1000,63.9500,62.0000,0.0333,0.0221,0.0550,0.0354,0.1114,57.9433,0.0196,0.0204,-0.0003,1.0158,0.5492,1.0529,hold
2023-03-24,62.9900,3384500,62.9200,63.2500,62.0200,-0.0041,0.0289,0.0720,0.0241,0.1013,55.6150,0.0179,0.0211,0.0003,0.9127,-0.2360,0.8077,buy
2023-03-27,63.9800,5029800,63.2600,64.3300,63.1700,0.0157,0.0396,0.0795,0.0323,0.1126,62.0253,0.0181,0.0223,0.0014,1.0003,0.4861,1.1802,hold
2023-03-28,64.2700,3993200,63.7300,64.6000,63.5100,0.0045,0.0290,0.0555,0.0313,0.1117,58.9337,0.0168,0.0234,0.0021,0.9699,-0.2061,0.9367,buy
2023-03-29,64.8100,4280300,65.0400,65.1000,64.3600,0.0084,0.0588,0.0732,0.0326,0.1153,69.3164,0.0161,0.0246,0.0028,0.9891,0.0719,0.9932,buy
2023-03-30,65.8100,3681600,65.2000,65.8800,65.0900,0.0154,0.0405,0.0635,0.0421,0.1258,78.4504,0.0152,0.0262,0.0038,1.0323,-0.1399,0.8519,buy
2023-03-31,66.4600,5714900,66.0200,66.5700,65.5500,0.0099,0.0551,0.0856,0.0437,0.1299,78.6911,0.0140,0.0280,0.0046,1.0135,0.5523,1.2948,hold
2023-04-03,66.3100,3343000,65.8200,66.3800,65.6500,-0.0023,0.0364,0.0775,0.0336,0.1209,74.5027,0.0144,0.0292,0.0046,0.9283,-0.4150,0.7506,sell
2023-04-04,65.9700,3401900,66.5700,66.7200,65.5300,-0.0051,0.0265,0.0562,0.0227,0.1094,75.5964,0.0146,0.0294,0.0038,0.8483,0.0176,0.7801,sell
2023-04-05,65.1500,3864900,65.6800,66.2600,64.7100,-0.0124,0.0052,0.0644,0.0039,0.0904,65.9824,0.0133,0.0285,0.0021,0.7389,0.1361,0.8984,buy
2023-04-06,65.5200,2772200,64.7500,65.5800,64.2600,0.0057,-0.0044,0.0359,0.0060,0.0916,71.6298,0.0093,0.0275,0.0010,0.7513,-0.2827,0.6611,buy
2023-04-10,66.9100,5934700,64.8000,67.4400,64.6500,0.0212,0.0068,0.0622,0.0212,0.1097,74.3869,0.0104,0.0277,0.0013,0.8668,1.1408,1.3895,hold
2023-04-11,67.0000,3107900,66.7100,67.6400,66.5500,0.0013,0.0104,0.0472,0.0179,0.1059,72.2986,0.0099,0.0280,0.0013,0.8504,-0.4763,0.7421,hold
2023-04-12,67.1900,3890200,67.5700,68.1800,66.9600,0.0028,0.0185,0.0454,0.0163,0.1032,82.7851,0.0099,0.0281,0.0012,0.8367,0.2517,0.9289,buy
2023-04-13,68.3900,4195300,67.6700,68.8500,67.5100,0.0179,0.0497,0.0552,0.0289,0.1170,81.0387,0.0107,0.0288,0.0019,0.9282,0.0784,0.9929,sell
2023-04-14,68.0700,4049500,68.2700,69.0700,67.4200,-0.0047,0.0389,0.0343,0.0206,0.1064,80.4557,0.0105,0.0292,0.0017,0.8520,-0.0348,0.9578,sell
2023-04-17,67.7100,3342300,68.3600,68.7700,67.0700,-0.0053,0.0120,0.0188,0.0133,0.0956,74.1894,0.0106,0.0288,0.0010,0.7879,-0.1746,0.8387,hold
2023-04-18,67.8200,3526700,68.5100,68.7000,67.5500,0.0016,0.0122,0.0228,0.0126,0.0921,73.5724,0.0105,0.0281,0.0003,0.7791,0.0552,0.8989,sell
2023-04-19,67.3200,2458400,67.3700,67.5100,66.9200,-0.0074,0.0019,0.0205,0.0032,0.0787,66.7557,0.0107,0.0269,-0.0009,0.6973,-0.3029,0.6364,sell
2023-04-20,66.9000,2702500,66.8400,67.6300,66.5300,-0.0062,-0.0218,0.0269,-0.0057,0.0675,57.8872,0.0099,0.0251,-0.0023,0.6268,0.0993,0.7010,hold
2023-04-21,66.7800,2876500,67.3200,67.3200,66.5100,-0.0018,-0.0190,0.0192,-0.0093,0.0632,52.5078,0.0099,0.0232,-0.0034,0.5882,0.0644,0.7615,sell
2023-04-24,66.2500,2933600,67.0800,67.2100,65.7000,-0.0079,-0.0216,-0.0099,-0.0162,0.0519,49.5562,0.0077,0.0210,-0.0047,0.4632,0.0199,0.7813,sell
2023-04-25,63.1700,5726600,65.3600,65.9300,63.1000,-0.0465,-0.0686,-0.0572,-0.0566,0.0019,35.2631,0.0162,0.0159,-0.0088,-0.1076,0.9521,1.5111,hold
2023-04-26,63.4000,3650200,63.2700,64.1300,63.0900,0.0036,-0.0582,-0.0564,-0.0478,0.0045,40.1796,0.0163,0.0111,-0.0108,-0.0225,-0.3626,0.9675,sell
2023-04-27,63.0600,5012000,64.0800,64.2000,62.3300,-0.0054,-0.0574,-0.0779,-0.0452,-0.0015,36.1487,0.0141,0.0069,-0.0121,-0.0137,0.3731,1.3157,hold
2023-04-28,63.0500,5597600,62.6700,63.0800,61.7300,-0.0002,-0.0559,-0.0737,-0.0381,-0.0017,24.2667,0.0142,0.0035,-0.0124,0.0519,0.1168,1.4334,hold
2023-05-01,62.8100,3827300,62.3000,63.3000,61.6600,-0.0038,-0.0519,-0.0724,-0.0345,-0.0060,22.6144,0.0143,0.0005,-0.0124,0.0802,-0.3163,1.0044,sell
2023-05-02,61.4400,5430000,62.6000,62.8300,61.0100,-0.0218,-0.0274,-0.0941,-0.0462,-0.0279,17.4405,0.0146,-0.0037,-0.0135,-0.0033,0.4188,1.3870,sell
2023-05-03,60.4900,6497300,61.6400,61.7000,60.3300,-0.0155,-0.0459,-0.1015,-0.0509,-0.0432,3.9627,0.0146,-0.0083,-0.0146,-0.0114,0.1966,1.5965,buy
2023-05-04,61.1800,5939300,61.2900,61.6100,60.3700,0.0114,-0.0298,-0.0855,-0.0314,-0.0325,11.5084,0.0162,-0.0108,-0.0136,0.1099,-0.0859,1.4231,buy
2023-05-05,64.5900,9353900,60.7500,65.4500,60.5000,0.0557,0.0244,-0.0328,0.0262,0.0201,37.0000,0.0261,-0.0078,-0.0084,0.4435,0.5749,2.0774,buy
2023-05-08,66.0800,5872800,65.7400,66.4800,64.6000,0.0231,0.0521,-0.0026,0.0501,0.0412,43.4978,0.0273,-0.0038,-0.0035,0.5919,-0.3722,1.3052,hold
2023-05-09,66.4000,4814400,66.4600,67.0000,66.0600,0.0048,0.0807,0.0511,0.0498,0.0440,46.5152,0.0218,-0.0005,-0.0001,0.6269,-0.1802,1.0501,buy
2023-05-10,67.0100,4056000,66.9700,67.8000,66.5400,0.0092,0.1078,0.0569,0.0534,0.0511,50.4108,0.0219,0.0029,0.0026,0.6881,-0.1575,0.8831,buy
2023-05-11,67.5000,4397000,67.2900,67.7600,66.9600,0.0073,0.1033,0.0704,0.0538,0.0558,52.6163,0.0215,0.0060,0.0046,0.7458,0.0841,0.9552,hold
2023-05-12,67.7700,3702900,67.6800,68.1800,66.9600,0.0040,0.0492,0.0749,0.0503,0.0574,55.6296,0.0214,0.0087,0.0058,0.7764,-0.1579,0.8075,buy
2023-05-15,68.5600,4580000,67.6800,68.7800,67.4600,0.0117,0.0375,0.0915,0.0531,0.0671,74.0410,0.0211,0.0115,0.0069,0.8443,0.2369,0.9854,hold
2023-05-16,68.3100,3399100,68.4900,68.9700,68.2200,-0.0036,0.0288,0.1118,0.0383,0.0609,71.8611,0.0188,0.0134,0.0070,0.8134,-0.2578,0.7323,hold
2023-05-17,68.4300,3466300,68.4000,68.9900,67.6400,0.0018,0.0212,0.1313,0.0277,0.0601,74.3869,0.0168,0.0148,0.0068,0.8122,0.0198,0.7388,hold
2023-05-18,68.1400,4576200,68.6800,68.7600,67.7500,-0.0042,0.0095,0.1138,0.0128,0.0536,72.5421,0.0176,0.0155,0.0060,0.7726,0.3202,0.9563,buy
2023-05-19,69.6300,4745600,68.5000,69.6800,68.1900,0.0219,0.0274,0.0780,0.0272,0.0734,77.1930,0.0093,0.0172,0.0063,0.8762,0.0370,0.9727,hold
2023-05-22,69.5200,4493100,69.7500,71.2900,69.4700,-0.0016,0.0140,0.0521,0.0204,0.0681,85.8156,0.0079,0.0185,0.0060,0.8350,-0.0532,0.9064,sell
2023-05-23,68.0900,5495400,69.3700,69.4600,67.4600,-0.0206,-0.0032,0.0255,-0.0030,0.0433,82.3129,0.0114,0.0180,0.0042,0.6945,0.2231,1.1112,sell
2023-05-24,66.5900,9000600,68.5000,69.4600,66.0100,-0.0220,-0.0269,-0.0063,-0.0244,0.0186,71.5195,0.0134,0.0157,0.0013,0.5561,0.6378,1.7266,buy
2023-05-25,67.1700,8565600,66.8900,67.8800,64.4600,0.0087,-0.0142,-0.0049,-0.0154,0.0253,63.2444,0.0135,0.0140,-0.0003,0.5902,-0.0483,1.5890,buy
2023-05-26,67.7700,5343700,67.3600,68.8200,67.3000,0.0089,-0.0267,0.0000,-0.0066,0.0326,59.5480,0.0138,0.0131,-0.0008,0.6253,-0.3761,0.9937,buy
2023-05-30,68.5400,4419600,68.1100,69.1000,67.4100,0.0114,-0.0141,-0.0003,0.0047,0.0420,61.5054,0.0138,0.0132,-0.0004,0.6745,-0.1729,0.8173,hold
2023-05-31,68.3300,6605100,68.3400,69.2700,67.8600,-0.0031,0.0035,0.0003,0.0016,0.0367,57.4157,0.0138,0.0130,-0.0005,0.6371,0.4945,1.2084,buy
2023-06-01,68.6400,4694400,67.6400,69.1100,66.9300,0.0045,0.0308,0.0031,0.0058,0.0395,56.5367,0.0138,0.0130,-0.0004,0.6623,-0.2893,0.8732,sell
2023-06-02,68.1300,4186200,68.6400,69.3700,67.8500,-0.0074,0.0143,-0.0001,-0.0016,0.0296,52.0089,0.0140,0.0124,-0.0009,0.5774,-0.1083,0.7916,buy
2023-06-05,71.2700,8966800,67.9800,71.6300,67.9500,0.0461,0.0516,0.0236,0.0419,0.0744,61.9805,0.0193,0.0147,0.0016,1.1637,1.1420,1.7018,sell
2023-06-06,69.5400,5113000,71.3500,71.3800,68.8400,-0.0243,0.0146,0.0003,0.0166,0.0463,54.8085,0.0211,0.0152,0.0014,0.7795,-0.4298,0.9774,sell
2023-06-07,67.0600,5446400,69.5400,69.9300,66.8400,-0.0357,-0.0186,-0.0151,-0.0182,0.0080,45.4785,0.0232,0.0127,-0.0013,0.2156,0.0652,1.0349,buy
2023-06-08,69.0000,4742700,67.0700,69.3500,67.0200,0.0289,0.0052,0.0362,0.0066,0.0357,52.5595,0.0237,0.0121,-0.0011,0.6421,-0.1292,0.8954,sell
2023-06-09,68.0100,4212700,68.9500,69.8000,67.0100,-0.0143,-0.0018,0.0125,-0.0090,0.0199,45.0307,0.0243,0.0108,-0.0021,0.4002,-0.1118,0.7967,buy
2023-06-12,69.8400,5487200,68.2000,69.9800,68.1300,0.0269,-0.0201,0.0305,0.0146,0.0461,50.8879,0.0255,0.0114,-0.0009,0.8054,0.3025,1.0205,buy
2023-06-13,70.4900,4761600,70.5000,70.7500,69.3600,0.0093,0.0137,0.0285,0.0211,0.0545,56.9606,0.0254,0.0126,0.0003,0.9020,-0.1322,0.8841,buy
2023-06-14,71.4800,4875400,70.0700,71.5900,69.7000,0.0140,0.0659,0.0461,0.0308,0.0677,64.6145,0.0256,0.0143,0.0018,1.0107,0.0239,0.8930,buy
2023-06-15,73.5900,5438000,71.2900,73.8500,71.1500,0.0295,0.0665,0.0721,0.0537,0.0967,67.5794,0.0267,0.0175,0.0043,1.1699,0.1154,0.9783,sell
2023-06-16,72.7800,10916000,74.4600,74.7700,72.3700,-0.0110,0.0701,0.0683,0.0352,0.0822,63.5625,0.0270,0.0195,0.0049,0.9674,1.0074,1.8579,sell
2023-06-20,71.6600,4286100,72.4500,72.7700,70.9200,-0.0154,0.0261,0.0055,0.0187,0.0636,58.2891,0.0239,0.0197,0.0039,0.7930,-0.6074,0.7324,sell
2023-06-21,71.1100,7128100,71.6600,71.8400,70.5800,-0.0077,0.0088,0.0226,0.0086,0.0541,57.2547,0.0225,0.0190,0.0024,0.7082,0.6631,1.1911,buy
2023-06-22,71.8600,3234000,71.1100,72.2400,70.8100,0.0105,0.0053,0.0716,0.0124,0.0637,58.2143,0.0181,0.0187,0.0019,0.7731,-0.5463,0.5508,hold
2023-06-23,71.5900,14856000,71.1100,71.7600,70.1500,-0.0038,-0.0272,0.0375,0.0049,0.0583,58.9360,0.0166,0.0182,0.0010,0.7187,3.5937,2.4102,sell
2023-06-26,71.0600,3416400,71.6900,72.7200,70.9000,-0.0074,-0.0236,0.0448,-0.0068,0.0496,49.3731,0.0159,0.0171,-0.0002,0.6318,-0.7700,0.5784,buy
2023-06-27,73.6600,4602500,71.6400,73.8900,71.5500,0.0366,0.0279,0.0547,0.0241,0.0862,61.6913,0.0176,0.0182,0.0012,0.9259,0.3472,0.7842,buy
2023-06-28,74.3300,5834400,73.4900,74.9300,72.9500,0.0091,0.0453,0.0545,0.0279,0.0940,72.9918,0.0176,0.0198,0.0024,0.9434,0.2677,0.9822,buy
2023-06-29,75.0900,6114400,74.5400,75.3000,73.9000,0.0102,0.0449,0.0505,0.0333,0.1028,70.8134,0.0174,0.0216,0.0035,0.9620,0.0480,1.0336,buy
2023-06-30,75.5900,4578400,75.5500,76.2700,75.2600,0.0067,0.0559,0.0272,0.0373,0.1075,76.8034,0.0152,0.0233,0.0042,0.9489,-0.2512,0.7747,sell
2023-07-03,74.6600,2253900,75.3000,75.3600,73.6500,-0.0123,0.0507,0.0258,0.0219,0.0914,68.2025,0.0154,0.0238,0.0036,0.8182,-0.5077,0.3877,sell
2023-07-05,74.3100,3763800,74.4200,74.7100,74.0100,-0.0047,0.0088,0.0370,0.0134,0.0839,64.7604,0.0143,0.0234,0.0025,0.7569,0.6699,0.6778,buy
2023-07-06,74.6500,4329100,73.8400,74.7700,72.4500,0.0046,0.0043,0.0498,0.0132,0.0862,62.8967,0.0137,0.0230,0.0018,0.7640,0.1502,0.7851,hold
2023-07-07,74.6800,4011700,74.4100,75.4600,73.9900,0.0004,-0.0055,0.0392,0.0097,0.0830,55.3379,0.0137,0.0225,0.0010,0.7536,-0.0733,0.7372,buy
2023-07-10,77.8600,8176700,74.7900,78.6600,74.7900,0.0426,0.0300,0.0876,0.0439,0.1244,70.1908,0.0179,0.0243,0.0029,1.0307,1.0382,1.4565,buy
2023-07-11,78.3200,4294700,78.6100,78.6300,77.2200,0.0059,0.0490,0.1022,0.0399,0.1260,77.9362,0.0171,0.0264,0.0041,1.0252,-0.4748,0.7645,sell
2023-07-12,76.7200,6147900,78.8700,79.0300,75.5100,-0.0204,0.0324,0.0415,0.0145,0.0987,71.6268,0.0167,0.0268,0.0033,0.8234,0.4315,1.0879,buy
2023-07-13,78.2500,4709500,77.4000,78.2900,76.7300,0.0199,0.0482,0.0527,0.0294,0.1157,73.2364,0.0174,0.0274,0.0035,0.9353,-0.2340,0.8338,buy
2023-07-14,78.9200,4913700,78.5500,80.0300,78.3400,0.0086,0.0568,0.0510,0.0330,0.1197,75.9011,0.0174,0.0285,0.0038,0.9411,0.0434,0.8696,buy
2023-07-17,80.2800,4185300,78.7200,80.6000,78.5800,0.0172,0.0311,0.0620,0.0444,0.1326,80.7744,0.0178,0.0300,0.0046,0.9859,-0.1482,0.7490,hold
2023-07-18,80.2400,4586200,79.9600,80.4400,79.1600,-0.0005,0.0245,0.0747,0.0364,0.1260,76.4895,0.0168,0.0312,0.0046,0.9190,0.0958,0.8701,sell
2023-07-19,78.6900,5985000,80.4500,81.2400,78.3000,-0.0193,0.0257,0.0589,0.0106,0.0999,66.3910,0.0185,0.0308,0.0030,0.7622,0.3050,1.1174,sell
2023-07-20,77.7000,3623900,78.6700,79.3700,77.5300,-0.0126,-0.0070,0.0409,-0.0060,0.0825,59.6452,0.0194,0.0290,0.0007,0.6593,-0.3945,0.6995,buy
2023-07-21,78.1600,12134100,78.3700,79.1400,78.0600,0.0059,-0.0096,0.0466,-0.0045,0.0854,59.5256,0.0194,0.0273,-0.0007,0.6808,2.3484,2.1568,sell
2023-07-24,77.2700,3870200,78.6900,78.8200,76.3200,-0.0114,-0.0375,-0.0076,-0.0151,0.0700,59.7026,0.0146,0.0252,-0.0025,0.5770,-0.6810,0.7624,buy
2023-07-25,78.3400,3679000,77.7300,78.6200,77.4100,0.0138,-0.0237,0.0003,-0.0015,0.0815,64.2202,0.0152,0.0238,-0.0029,0.6740,-0.0494,0.7228,sell
2023-07-26,77.2600,3378500,77.5600,78.7500,76.8600,-0.0138,-0.0182,0.0070,-0.0159,0.0638,58.7525,0.0143,0.0218,-0.0041,0.5249,-0.0817,0.6719,sell
2023-07-27,76.5800,3957700,78.3900,78.5200,76.3100,-0.0088,-0.0144,-0.0213,-0.0225,0.0522,56.1054,0.0128,0.0193,-0.0055,0.4188,0.1714,0.8020,hold
2023-07-28,76.8000,3544400,77.2400,77.6300,76.1500,0.0029,-0.0174,-0.0269,-0.0170,0.0527,45.7937,0.0124,0.0171,-0.0061,0.4348,-0.1044,0.7375,buy
2023-07-31,77.7200,3543600,77.0900,77.7500,76.7900,0.0120,0.0058,-0.0319,-0.0020,0.0626,47.7029,0.0116,0.0160,-0.0056,0.5503,-0.0002,0.7453,buy
2023-08-01,78.0300,2619600,77.6400,78.5800,76.9100,0.0040,-0.0040,-0.0275,0.0048,0.0640,55.5650,0.0118,0.0154,-0.0049,0.5758,-0.2608,0.5489,sell
2023-08-02,74.3200,5674300,77.2400,77.2400,74.0100,-0.0475,-0.0381,-0.0555,-0.0375,0.0121,35.9140,0.0180,0.0115,-0.0078,0.0026,1.1661,1.1656,buy
2023-08-03,75.7600,6020300,74.2000,76.0000,74.1500,0.0194,-0.0107,-0.0250,-0.0164,0.0300,39.2663,0.0194,0.0091,-0.0079,0.2003,0.0610,1.2155,sell
2023-08-04,56.7700,32831500,60.4200,61.3600,56.1000,-0.2507,-0.2608,-0.2737,-0.2419,-0.2258,13.6631,0.0805,-0.0169,-0.0317,-0.5196,4.4535,5.1349,hold
2023-08-07,57.7000,14402400,57.5800,58.1800,56.8600,0.0164,-0.2576,-0.2533,-0.2088,-0.2112,16.0951,0.0816,-0.0376,-0.0417,-0.1962,-0.5613,2.1480,hold
2023-08-08,58.5700,16011800,56.8800,59.1200,56.5700,0.0151,-0.2494,-0.2524,-0.1745,-0.1974,19.1032,0.0817,-0.0516,-0.0445,-0.0401,0.1117,2.1961,hold
2023-08-09,59.7800,13133500,58.8400,60.3500,58.4600,0.0207,-0.1956,-0.2262,-0.1362,-0.1791,22.6663,0.0830,-0.0596,-0.0421,0.0685,-0.1798,1.7190,hold
2023-08-10,60.5600,10993600,61.1600,62.2100,60.0700,0.0130,-0.2006,-0.2092,-0.1042,-0.1665,23.4139,0.0836,-0.0640,-0.0374,0.1393,-0.1629,1.3821,hold
2023-08-11,59.6800,7695700,60.0500,61.2100,59.3500,-0.0145,0.0513,-0.2229,-0.0942,-0.1767,23.4210,0.0833,-0.0696,-0.0341,0.1563,-0.3000,0.9508,hold
2023-08-14,59.6600,7340000,59.6900,60.1000,59.2000,-0.0003,0.0340,-0.2324,-0.0690,-0.1749,20.8489,0.0828,-0.0725,-0.0295,0.1908,-0.0462,0.8896,hold
2023-08-15,59.1700,7210700,59.5700,60.2300,59.0100,-0.0082,0.0102,-0.2417,-0.0487,-0.1797,21.2401,0.0825,-0.0752,-0.0255,0.2091,-0.0176,0.8602,hold
2023-08-16,58.1800,3596700,59.0000,59.5900,58.1500,-0.0167,-0.0268,-0.2172,-0.0397,-0.1904,21.0327,0.0821,-0.0786,-0.0225,0.2135,-0.5012,0.4353,hold
2023-08-17,57.4100,5045600,58.6000,58.8300,57.3400,-0.0132,-0.0520,-0.2422,-0.0228,-0.1985,19.9938,0.0809,-0.0815,-0.0197,0.2229,0.4028,0.6054,hold
2023-08-18,57.1600,5390400,56.9800,57.6900,56.8400,-0.0044,-0.0422,0.0069,-0.0277,-0.1997,17.5095,0.0143,-0.0827,-0.0165,0.2431,0.0683,0.6741,buy
2023-08-21,58.3900,6711700,58.0700,58.7200,57.7900,0.0215,-0.0213,0.0120,-0.0079,-0.1801,19.8403,0.0150,-0.0791,-0.0114,0.2975,0.2451,0.8246,hold
2023-08-22,58.3200,4841800,58.3200,58.6100,57.7800,-0.0012,-0.0144,-0.0043,-0.0087,-0.1788,22.3375,0.0142,-0.0768,-0.0073,0.3158,-0.2786,0.5907,buy
2023-08-23,59.1900,4689700,58.8100,59.5000,58.1400,0.0149,0.0174,-0.0099,0.0071,-0.1641,20.7760,0.0133,-0.0719,-0.0027,0.3590,-0.0314,0.5676,sell
2023-08-24,58.1500,4833700,59.6000,59.8300,58.1200,-0.0176,0.0129,-0.0398,-0.0065,-0.1759,56.6346,0.0133,-0.0707,-0.0002,0.3475,0.0307,0.5819,buy
2023-08-25,58.8100,4241100,58.2000,58.9600,57.9600,0.0113,0.0289,-0.0146,0.0063,-0.1635,55.4788,0.0135,-0.0663,0.0027,0.3869,-0.1226,0.5084,hold
2023-08-28,58.7000,4840900,59.1000,59.4300,58.2000,-0.0019,0.0053,-0.0161,0.0060,-0.1615,50.6937,0.0135,-0.0630,0.0049,0.4030,0.1414,0.5759,buy
2023-08-29,60.6300,5632200,58.7000,60.9300,58.5100,0.0329,0.0396,0.0247,0.0365,-0.1310,54.2121,0.0171,-0.0552,0.0085,0.5138,0.1635,0.6582,buy
2023-08-30,61.2200,5045800,60.5700,61.4500,60.5000,0.0097,0.0343,0.0523,0.0412,-0.1199,53.3333,0.0157,-0.0487,0.0114,0.5965,-0.1041,0.5919,sell
2023-08-31,60.2100,6428600,61.5000,61.8300,60.1700,-0.0165,0.0354,0.0488,0.0192,-0.1317,52.6421,0.0162,-0.0456,0.0125,0.7670,0.2740,0.7522,buy
2023-09-01,60.8700,4957900,60.5000,60.9600,60.3900,0.0110,0.0350,0.0649,0.0239,-0.1194,55.6701,0.0159,-0.0407,0.0134,0.8715,-0.2288,0.6932,buy
2023-09-05,61.9100,4904800,60.9200,61.9700,60.5600,0.0171,0.0547,0.0603,0.0353,-0.1018,62.2103,0.0155,-0.0348,0.0147,1.0027,-0.0107,0.7345,buy
2023-09-06,62.2300,5225500,61.9000,62.3900,61.7200,0.0052,0.0264,0.0670,0.0339,-0.0948,69.1943,0.0153,-0.0297,0.0156,0.9775,0.0654,0.8513,buy
2023-09-07,63.1700,5440700,61.8800,63.3300,61.6200,0.0151,0.0319,0.0672,0.0426,-0.0783,76.8657,0.0153,-0.0240,0.0165,1.0312,0.0412,0.9457,buy
2023-09-08,64.0700,5817300,63.0500,64.3000,63.0500,0.0142,0.0641,0.1018,0.0472,-0.0624,80.3870,0.0129,-0.0182,0.0174,1.0524,0.0692,1.0587,buy
2023-09-11,65.0700,4575500,64.8200,65.4600,64.5200,0.0156,0.0690,0.1064,0.0528,-0.0450,79.9820,0.0130,-0.0123,0.0182,1.0533,-0.2135,0.8571,sell
2023-09-12,63.5000,5316900,64.6100,65.6800,63.4700,-0.0241,0.0257,0.0818,0.0195,-0.0647,70.4905,0.0167,-0.0099,0.0171,0.8380,0.1620,1.0152,sell
2023-09-13,62.6200,3995900,63.2700,63.8800,62.5700,-0.0139,0.0063,0.0328,0.0021,-0.0744,63.5573,0.0154,-0.0089,0.0148,0.7227,-0.2485,0.7871,buy
2023-09-14,63.1000,4289100,62.7800,63.3900,62.6600,0.0077,-0.0011,0.0307,0.0068,-0.0642,70.4714,0.0153,-0.0072,0.0130,0.7468,0.0734,0.8391,sell
2023-09-15,61.0200,10314000,62.5000,62.6700,60.6800,-0.0330,-0.0476,0.0135,-0.0277,-0.0913,58.1791,0.0183,-0.0088,0.0097,0.5114,1.4047,1.9190,sell
2023-09-18,60.4500,3429300,60.8300,61.2800,60.3300,-0.0093,-0.0710,-0.0069,-0.0361,-0.0960,56.2634,0.0182,-0.0106,0.0065,0.4244,-0.6675,0.6499,hold
2023-09-19,60.4400,4220100,59.9500,60.5100,58.4500,-0.0002,-0.0482,-0.0237,-0.0340,-0.0914,49.2116,0.0172,-0.0118,0.0042,0.4069,0.2306,0.8191,hold
2023-09-20,60.1500,3451900,60.6800,61.3900,60.1400,-0.0048,-0.0394,-0.0334,-0.0354,-0.0908,45.4468,0.0170,-0.0131,0.0024,0.3518,-0.1820,0.6792,sell
2023-09-21,58.7800,4388800,59.6600,60.1500,58.6700,-0.0228,-0.0685,-0.0695,-0.0507,-0.1067,44.0958,0.0167,-0.0161,-0.0002,0.1784,0.2714,0.8661,sell
2023-09-22,58.2400,3458500,58.7500,59.0900,58.1100,-0.0092,-0.0456,-0.0910,-0.0505,-0.1095,39.0325,0.0149,-0.0189,-0.0023,0.1061,-0.2120,0.6919,hold
2023-09-25,58.1100,3811300,57.8400,58.1500,57.6300,-0.0022,-0.0387,-0.1070,-0.0417,-0.1058,32.8520,0.0124,-0.0210,-0.0035,0.1046,0.1020,0.7657,sell
2023-09-26,57.4300,4347400,57.8400,58.0400,57.1900,-0.0117,-0.0498,-0.0956,-0.0434,-0.1100,29.0210,0.0116,-0.0236,-0.0047,0.0500,0.1407,0.8778,buy
2023-09-27,58.1400,3285600,57.9400,58.3400,57.5000,0.0124,-0.0334,-0.0715,-0.0243,-0.0928,27.5647,0.0134,-0.0239,-0.0042,0.1676,-0.2442,0.6795,buy
2023-09-28,58.6000,3545900,58.1800,59.2400,57.7100,0.0079,-0.0031,-0.0713,-0.0091,-0.0798,24.6054,0.0134,-0.0233,-0.0029,0.2432,0.0792,0.7449,hold
2023-09-29,58.6800,4665100,59.6400,59.6700,58.3500,0.0014,0.0076,-0.0383,-0.0038,-0.0730,17.5634,0.0101,-0.0225,-0.0018,0.2659,0.3156,0.9985,hold
2023-10-02,58.6300,4098800,58.7900,59.5700,58.3400,-0.0009,0.0089,-0.0301,-0.0015,-0.0680,20.7683,0.0100,-0.0218,-0.0008,0.2777,-0.1214,0.8854,sell
2023-10-03,57.6100,6914100,58.0300,58.3700,57.0800,-0.0174,0.0031,-0.0468,-0.0142,-0.0785,20.4250,0.0109,-0.0227,-0.0011,0.2021,0.6869,1.4619,buy
2023-10-04,58.2600,4875600,57.9700,58.7500,57.4700,0.0113,0.0021,-0.0314,0.0002,-0.0621,21.9907,0.0120,-0.0217,-0.0003,0.2907,-0.2948,1.0347,sell
2023-10-05,58.0200,7429100,58.1100,58.3100,56.6400,-0.0041,-0.0099,-0.0129,-0.0026,-0.0601,27.9412,0.0099,-0.0213,0.0001,0.2884,0.5237,1.5440,buy
2023-10-06,59.9300,4752600,57.6200,60.2100,57.5000,0.0329,0.0213,0.0290,0.0272,-0.0239,46.8059,0.0142,-0.0175,0.0026,0.5103,-0.3603,0.9988,sell
2023-10-09,59.5100,4918300,59.7200,60.6000,58.4500,-0.0070,0.0150,0.0241,0.0176,-0.0253,44.5614,0.0144,-0.0155,0.0038,0.4930,0.0349,1.0299,hold
2023-10-10,59.4000,5051000,59.6000,60.3500,59.3400,-0.0018,0.0311,0.0343,0.0123,-0.0212,45.5197,0.0137,-0.0139,0.0044,0.5070,0.0270,1.0607,sell
2023-10-11,58.9700,9492400,59.4300,59.4700,57.0000,-0.0072,0.0122,0.0143,0.0036,-0.0221,51.2786,0.0137,-0.0130,0.0043,0.4628,0.8793,1.8846,sell
2023-10-12,58.0000,8388300,58.8500,59.1000,57.7600,-0.0164,-0.0003,-0.0102,-0.0119,-0.0330,48.4733,0.0145,-0.0137,0.0031,0.2773,-0.1163,1.6002,hold
2023-10-13,57.7600,11560900,56.6100,58.0500,56.0700,-0.0041,-0.0362,-0.0157,-0.0145,-0.0312,47.8043,0.0145,-0.0143,0.0021,0.2336,0.3782,2.1796,buy
2023-10-16,59.1400,5498600,58.5600,59.7500,57.8400,0.0239,-0.0062,0.0087,0.0082,-0.0088,59.8616,0.0166,-0.0124,0.0029,0.6321,-0.5244,1.0168,sell
2023-10-17,58.6500,4774700,58.4200,59.3700,57.7100,-0.0083,-0.0126,0.0181,-0.0019,-0.0173,53.0178,0.0157,-0.0117,0.0030,0.5166,-0.1317,0.8784,sell
2023-10-18,57.6700,4671300,57.8800,58.5000,57.5900,-0.0167,-0.0220,-0.0101,-0.0176,-0.0335,44.8161,0.0163,-0.0125,0.0019,0.2023,-0.0217,0.8499,hold
2023-10-19,57.7700,7383300,57.6300,58.4500,57.4600,0.0017,-0.0040,-0.0043,-0.0155,-0.0311,44.9388,0.0163,-0.0127,0.0014,0.2627,0.5806,1.3077,sell
2023-10-20,56.3600,6500800,57.9100,57.9400,55.9200,-0.0244,-0.0242,-0.0596,-0.0337,-0.0535,39.0338,0.0131,-0.0151,-0.0005,-0.0931,-0.1195,1.1212,sell
2023-10-23,56.1000,4085000,56.0100,56.5700,55.5200,-0.0046,-0.0514,-0.0573,-0.0325,-0.0567,42.1272,0.0131,-0.0169,-0.0018,-0.0496,-0.3716,0.7029,buy
2023-10-24,57.5400,4714800,56.2800,57.7000,56.1400,0.0257,-0.0189,-0.0313,-0.0044,-0.0318,46.5318,0.0165,-0.0157,-0.0008,0.3194,0.1542,0.8087,sell
2023-10-25,55.9400,4252300,57.0800,57.4500,55.9000,-0.0278,-0.0300,-0.0514,-0.0270,-0.0577,41.1414,0.0182,-0.0175,-0.0018,-0.0000,-0.0981,0.7233,hold
2023-10-26,55.7200,5490500,56.0000,56.4200,55.4600,-0.0039,-0.0355,-0.0393,-0.0270,-0.0606,29.0548,0.0178,-0.0189,-0.0024,0.0329,0.2912,0.9188,buy
2023-10-27,56.2600,5317800,55.7900,56.5700,55.5800,0.0097,-0.0018,-0.0260,-0.0150,-0.0511,34.0216,0.0183,-0.0187,-0.0019,0.1816,-0.0315,0.8850,hold
2023-10-30,56.3200,5594200,56.5100,56.8200,55.9400,0.0011,0.0039,-0.0477,-0.0090,-0.0499,34.7826,0.0159,-0.0183,-0.0013,0.2234,0.0520,0.9196,buy
2023-10-31,57.1700,4076500,56.4900,57.4000,56.0800,0.0151,-0.0064,-0.0252,0.0086,-0.0351,41.4611,0.0170,-0.0164,0.0003,0.3930,-0.2713,0.6861,hold
2023-11-01,57.3100,5825500,57.4300,57.6800,56.2100,0.0024,0.0245,-0.0062,0.0117,-0.0324,46.4470,0.0163,-0.0147,0.0016,0.4290,0.4290,0.9727,hold
2023-11-02,57.5900,9607500,57.3400,58.1900,57.1500,0.0049,0.0336,-0.0031,0.0169,-0.0272,49.1282,0.0164,-0.0128,0.0027,0.4873,0.6492,1.5756,sell
2023-11-03,50.4800,38074400,44.5000,50.5700,44.1200,-0.1235,-0.1027,-0.1043,-0.0993,-0.1451,22.0284,0.0422,-0.0240,-0.0051,-0.3522,2.9630,4.9040,hold
2023-11-06,50.1000,16649700,50.0900,50.8000,48.2900,-0.0075,-0.1104,-0.1070,-0.0964,-0.1490,22.1861,0.0422,-0.0320,-0.0103,-0.1755,-0.5627,1.9939,hold
2023-11-07,49.5200,14908300,50.1700,50.3400,47.6600,-0.0116,-0.1338,-0.1394,-0.0937,-0.1562,22.7789,0.0403,-0.0391,-0.0137,-0.0893,-0.1046,1.6858,buy
2023-11-08,50.2400,13597000,49.8200,51.3400,49.4400,0.0145,-0.1234,-0.1019,-0.0709,-0.1409,25.8499,0.0409,-0.0421,-0.0137,0.0471,-0.0880,1.5027,hold
2023-11-09,49.6700,9651300,50.5100,50.9600,49.6300,-0.0113,-0.1375,-0.1086,-0.0710,-0.1473,27.3220,0.0408,-0.0459,-0.0137,0.0683,-0.2902,1.0592,buy
2023-11-10,50.8200,6708900,50.0000,50.8300,49.9000,0.0232,0.0067,-0.0967,-0.0397,-0.1247,33.1202,0.0418,-0.0451,-0.0109,0.1910,-0.3049,0.7564,hold
2023-11-13,50.3000,6038900,50.4400,50.7300,49.7000,-0.0102,0.0040,-0.1069,-0.0386,-0.1305,25.4076,0.0416,-0.0460,-0.0092,0.1863,-0.0999,0.6788,buy
2023-11-14,51.3200,6778100,51.0100,51.9800,50.9100,0.0203,0.0363,-0.1023,-0.0080,-0.1096,33.6634,0.0420,-0.0433,-0.0058,0.2837,0.1224,0.7534,hold
2023-11-15,51.0600,6946400,51.4300,51.8100,50.7100,-0.0051,0.0163,-0.1091,-0.0010,-0.1107,33.5684,0.0418,-0.0421,-0.0035,0.2868,0.0248,0.7625,hold
2023-11-16,50.4200,8052100,50.7100,51.2400,49.9700,-0.0125,0.0151,-0.1245,0.0005,-0.1179,29.5518,0.0415,-0.0420,-0.0023,0.2628,0.1592,0.8806,buy
2023-11-17,51.2600,5021300,50.5900,51.3200,50.3200,0.0167,0.0087,0.0155,0.0156,-0.0992,33.2005,0.0150,-0.0390,-0.0000,0.3452,-0.3764,0.5536,buy
2023-11-20,51.9100,4915200,51.5900,52.0800,51.2700,0.0127,0.0320,0.0361,0.0248,-0.0835,32.3015,0.0150,-0.0354,0.0025,0.4102,-0.0211,0.5395,buy
2023-11-21,52.5800,5441900,51.7700,52.7700,51.5500,0.0129,0.0246,0.0618,0.0318,-0.0681,34.6329,0.0142,-0.0310,0.0051,0.4816,0.1072,0.5949,buy
2023-11-22,52.9700,5586800,52.9000,53.7100,52.7600,0.0074,0.0374,0.0543,0.0339,-0.0579,35.0968,0.0139,-0.0268,0.0072,0.5276,0.0266,0.6063,buy
2023-11-24,53.4300,2847400,52.9700,53.6900,52.8200,0.0087,0.0597,0.0757,0.0353,-0.0465,66.6667,0.0126,-0.0225,0.0090,0.5795,-0.4903,0.3135,buy
2023-11-27,53.7400,7096000,53.3200,53.9500,53.2100,0.0058,0.0484,0.0575,0.0355,-0.0385,70.7289,0.0113,-0.0185,0.0103,0.6237,1.4921,0.7738,sell
2023-11-28,52.7900,5731200,53.2500,53.9300,52.6900,-0.0177,0.0170,0.0495,0.0123,-0.0529,67.8688,0.0126,-0.0170,0.0098,0.5550,-0.1923,0.6245,buy
2023-11-29,53.6000,7385000,53.4800,53.9300,52.8400,0.0153,0.0194,0.0444,0.0234,-0.0360,68.1818,0.0120,-0.0139,0.0100,0.6698,0.2886,0.7904,sell
2023-11-30,52.5600,16805100,53.8800,54.8900,52.4300,-0.0194,-0.0077,0.0294,0.0006,-0.0521,64.8816,0.0140,-0.0133,0.0089,0.5968,1.2756,1.6988,hold
2023-12-01,52.4900,7175500,52.0500,52.7000,51.6900,-0.0013,-0.0176,0.0411,-0.0046,-0.0512,59.6756,0.0130,-0.0126,0.0077,0.6694,-0.5730,0.7344,sell
2023-12-04,52.2500,4726200,51.9800,52.6700,51.8600,-0.0046,-0.0277,0.0193,-0.0110,-0.0535,61.6766,0.0125,-0.0123,0.0064,0.6107,-0.3413,0.5833,buy
2023-12-05,52.5200,4242000,52.0700,52.9700,51.8300,0.0052,-0.0051,0.0118,-0.0071,-0.0467,57.8947,0.0120,-0.0115,0.0058,0.6424,-0.1025,0.5669,sell
2023-12-06,51.8300,4055800,52.8400,52.9900,51.7900,-0.0131,-0.0330,-0.0143,-0.0187,-0.0573,54.7945,0.0120,-0.0119,0.0045,0.4879,-0.0439,0.5844,sell
2023-12-07,51.3200,6341100,51.9100,51.9100,50.6500,-0.0098,-0.0236,-0.0311,-0.0253,-0.0642,55.6962,0.0118,-0.0129,0.0029,0.3643,0.5635,0.9641,buy
2023-12-08,52.1600,4620400,51.1400,52.3600,50.9700,0.0164,-0.0063,-0.0238,-0.0070,-0.0467,55.6962,0.0129,-0.0119,0.0029,0.5231,-0.2714,0.7304,buy
2023-12-11,53.6400,5135300,52.3900,53.7500,52.2000,0.0284,0.0266,-0.0019,0.0214,-0.0178,59.9084,0.0160,-0.0087,0.0046,0.8486,0.1114,0.8220,buy
2023-12-12,55.0400,7815400,53.8400,55.6400,53.4000,0.0261,0.0480,0.0426,0.0436,0.0092,63.0021,0.0167,-0.0041,0.0070,1.0858,0.5219,1.2335,buy
2023-12-13,55.3500,5551300,55.1000,55.5300,54.6700,0.0056,0.0679,0.0326,0.0460,0.0157,62.6866,0.0162,-0.0002,0.0087,1.0409,-0.2897,0.8847,buy
2023-12-14,57.0500,9119700,55.8000,57.4700,55.7200,0.0307,0.1117,0.0854,0.0691,0.0473,67.0433,0.0162,0.0051,0.0110,1.1685,0.6428,1.4287,buy
2023-12-15,57.8300,16924000,57.0500,58.0100,56.3800,0.0137,0.1087,0.1017,0.0729,0.0617,68.4400,0.0159,0.0102,0.0128,1.1377,0.8558,2.4790,sell
2023-12-18,56.1100,11621300,57.7100,57.8100,56.0800,-0.0297,0.0460,0.0739,0.0336,0.0316,63.9966,0.0199,0.0121,0.0118,0.8534,-0.3133,1.6238,buy
2023-12-19,57.7600,6341800,56.3000,57.8100,55.8000,0.0294,0.0494,0.0998,0.0538,0.0626,66.3780,0.0210,0.0151,0.0119,0.9915,-0.4543,0.8774,hold
2023-12-20,57.4500,6049700,57.6600,58.6400,56.9400,-0.0054,0.0379,0.1084,0.0375,0.0577,70.4261,0.0202,0.0172,0.0112,0.8960,-0.0461,0.8335,buy
2023-12-21,58.5100,4444300,57.7700,58.6600,57.5400,0.0185,0.0256,0.1401,0.0431,0.0774,73.2253,0.0190,0.0197,0.0110,0.9466,-0.2654,0.6171,buy
2023-12-22,59.2700,5057400,58.8400,59.5300,58.5600,0.0130,0.0249,0.1363,0.0435,0.0909,76.0386,0.0190,0.0224,0.0111,0.9519,0.1380,0.6917,buy
2023-12-26,59.8000,3134400,59.4600,59.8700,59.1300,0.0089,0.0658,0.1148,0.0415,0.0998,76.4920,0.0182,0.0250,0.0110,0.9343,-0.3802,0.4406,sell
2023-12-27,59.3400,2878100,59.6600,59.8300,59.0200,-0.0077,0.0274,0.0781,0.0258,0.0913,77.7942,0.0182,0.0265,0.0099,0.8493,-0.0818,0.4129,hold
2023-12-28,59.4000,2900100,59.5000,59.5800,59.0600,0.0010,0.0339,0.0732,0.0197,0.0921,80.9342,0.0184,0.0272,0.0085,0.8174,0.0076,0.4298,sell
2023-12-29,58.5300,2880600,59.3000,59.3900,58.2700,-0.0146,0.0003,0.0259,0.0022,0.0757,74.3315,0.0175,0.0268,0.0062,0.7217,-0.0067,0.4761,sell
2024-01-02,57.7800,6012300,58.1000,58.7700,57.3500,-0.0128,-0.0251,-0.0009,-0.0105,0.0619,66.7476,0.0177,0.0251,0.0034,0.6407,1.0872,1.0033,hold
2024-01-03,57.8500,5329500,57.2800,58.2200,56.9400,0.0012,-0.0326,0.0310,-0.0123,0.0626,62.7380,0.0142,0.0232,0.0013,0.6282,-0.1136,0.8849,buy
2024-01-04,58.3900,5365400,58.0000,58.7300,57.7800,0.0093,-0.0160,0.0109,-0.0041,0.0717,63.4991,0.0112,0.0221,0.0003,0.6577,0.0067,0.8826,hold
2024-01-05,58.3400,4914200,58.2600,58.9300,58.0800,-0.0009,-0.0178,0.0155,-0.0065,0.0704,56.7118,0.0110,0.0211,-0.0006,0.6346,-0.0841,0.8027,buy
2024-01-08,61.2600,6054500,58.5500,61.3000,58.4500,0.0501,0.0466,0.0470,0.0384,0.1218,64.5957,0.0184,0.0229,0.0018,0.9277,0.2320,0.9913,sell
2024-01-09,59.4000,9085900,60.3100,61.2000,59.3100,-0.0304,0.0280,0.0022,0.0066,0.0863,63.8352,0.0212,0.0231,0.0011,0.7077,0.5007,1.4352,buy
2024-01-10,61.3700,6296100,59.3800,61.6000,59.1300,0.0332,0.0608,0.0263,0.0373,0.1202,64.7830,0.0235,0.0243,0.0024,0.9635,-0.3070,0.9855,buy
2024-01-11,62.2500,5072200,62.0000,62.3300,60.9600,0.0143,0.0661,0.0490,0.0470,0.1338,68.7793,0.0234,0.0263,0.0037,1.0293,-0.1944,0.8113,hold
2024-01-12,62.4400,4794000,62.6300,63.0400,61.7600,0.0031,0.0703,0.0512,0.0448,0.1351,66.4987,0.0234,0.0280,0.0044,1.0008,-0.0548,0.7715,sell
2024-01-16,62.0000,6578200,61.0900,62.3900,61.0100,-0.0070,0.0121,0.0593,0.0315,0.1252,61.7774,0.0228,0.0287,0.0040,0.8872,0.3722,1.0807,sell
2024-01-17,60.6200,5407700,61.2000,61.6200,59.7300,-0.0223,0.0205,0.0492,0.0038,0.0989,53.2958,0.0239,0.0276,0.0018,0.6738,-0.1779,0.9813,buy
2024-01-18,61.4100,4429100,61.0000,61.4900,60.2900,0.0130,0.0007,0.0615,0.0109,0.1089,58.1049,0.0239,0.0266,0.0010,0.7671,-0.1810,0.8598,sell
2024-01-19,60.9000,9170500,61.5500,62.1000,60.0800,-0.0083,-0.0217,0.0430,-0.0016,0.0954,55.6732,0.0243,0.0254,-0.0004,0.6697,1.0705,1.7327,buy
2024-01-22,62.6600,8398000,61.8800,62.8000,61.4000,0.0289,0.0035,0.0740,0.0200,0.1217,64.6350,0.0254,0.0255,0.0004,0.8997,-0.0842,1.5523,buy
2024-01-23,64.4100,8220600,64.2600,64.7800,63.7700,0.0279,0.0389,0.0514,0.0431,0.1472,71.9391,0.0220,0.0273,0.0023,1.0492,-0.0211,1.4682,buy
2024-01-24,66.1100,7735400,65.0600,66.7200,64.7700,0.0264,0.0906,0.1130,0.0592,0.1707,74.6715,0.0189,0.0303,0.0047,1.1079,-0.0590,1.3493,sell
2024-01-25,65.5500,6800400,67.2700,67.3600,65.0200,-0.0085,0.0674,0.0681,0.0432,0.1547,71.3604,0.0180,0.0324,0.0053,0.9633,-0.1209,1.1495,buy
2024-01-26,66.1200,6691500,65.4600,66.7700,65.3500,0.0087,0.0857,0.0622,0.0458,0.1583,72.5116,0.0179,0.0339,0.0056,0.9472,-0.0160,1.0957,hold
2024-01-29,66.4500,4443400,65.8100,66.6400,65.6600,0.0050,0.0605,0.0642,0.0444,0.1580,67.6651,0.0178,0.0352,0.0056,0.9157,-0.3360,0.7185,hold
2024-01-30,66.7100,5830000,66.1900,66.9200,65.8000,0.0039,0.0357,0.0760,0.0408,0.1562,77.9221,0.0172,0.0360,0.0053,0.8882,0.3121,0.9208,sell
2024-01-31,64.4900,9668100,64.8700,65.2800,63.5900,-0.0333,-0.0245,0.0638,0.0001,0.1123,61.6942,0.0195,0.0349,0.0025,0.6814,0.6583,1.4841,buy
2024-02-01,66.4500,9622500,64.7100,66.6900,64.5900,0.0304,0.0137,0.0821,0.0225,0.1401,64.5631,0.0209,0.0340,0.0021,0.8259,-0.0047,1.4300,hold
2024-02-02,66.4400,8320000,66.3400,66.9900,65.9000,-0.0002,0.0048,0.0910,0.0137,0.1343,64.0450,0.0204,0.0338,0.0014,0.7996,-0.1354,1.2099,hold
2024-02-05,66.0900,9137500,66.4100,66.4400,64.8600,-0.0053,-0.0054,0.0547,0.0032,0.1231,64.4523,0.0195,0.0329,0.0003,0.7487,0.0983,1.2892,buy
2024-02-06,67.4800,13315800,66.5000,67.5600,65.8900,0.0210,0.0115,0.0477,0.0195,0.1411,74.2232,0.0187,0.0328,0.0007,0.8485,0.4573,1.7872,buy
2024-02-07,70.0300,25551100,73.8300,73.9100,67.2200,0.0378,0.0859,0.0593,0.0518,0.1776,77.0729,0.0204,0.0345,0.0028,1.0269,0.9189,3.0881,sell
2024-02-08,67.8500,8370900,69.7900,70.6400,67.7600,-0.0311,0.0211,0.0351,0.0156,0.1356,69.7555,0.0233,0.0350,0.0019,0.7891,-0.6724,0.9992,buy
2024-02-09,70.4400,7522400,68.2500,70.8600,68.2000,0.0382,0.0602,0.0653,0.0475,0.1720,71.1184,0.0257,0.0358,0.0031,0.9606,-0.1014,0.8850,hold
2024-02-12,70.2600,4790800,70.6600,71.0900,70.1300,-0.0026,0.0631,0.0573,0.0390,0.1626,67.3590,0.0259,0.0369,0.0033,0.8919,-0.3631,0.5636,sell
2024-02-13,69.4000,5427300,68.5200,69.5600,68.2500,-0.0122,0.0285,0.0403,0.0222,0.1420,60.2748,0.0265,0.0368,0.0022,0.7893,0.1329,0.6428,buy
2024-02-14,70.8800,3703400,70.0800,70.9400,69.9300,0.0213,0.0121,0.0991,0.0343,0.1593,65.7413,0.0234,0.0368,0.0024,0.8836,-0.3176,0.4431,sell
2024-02-15,70.2600,3186000,71.4500,71.4900,70.0400,-0.0087,0.0355,0.0573,0.0195,0.1424,62.1908,0.0228,0.0366,0.0015,0.8065,-0.1397,0.3841,sell
2024-02-16,68.4800,4528400,70.0800,70.0800,67.9000,-0.0253,-0.0278,0.0307,-0.0092,0.1077,55.5073,0.0248,0.0347,-0.0011,0.6247,0.4213,0.5616,sell
2024-02-20,67.9100,3271400,68.1600,68.3600,66.7600,-0.0083,-0.0334,0.0275,-0.0200,0.0928,53.2017,0.0250,0.0316,-0.0036,0.5393,-0.2776,0.4190,sell
2024-02-21,65.3400,12815400,62.0300,65.5200,61.0000,-0.0378,-0.0585,-0.0317,-0.0542,0.0468,52.2263,0.0271,0.0266,-0.0080,0.2080,2.9174,1.5946,buy
2024-02-22,66.9600,7627600,66.9500,67.2300,65.7700,0.0248,-0.0553,-0.0438,-0.0264,0.0676,51.3600,0.0252,0.0228,-0.0087,0.4073,-0.4048,0.9497,buy
2024-02-23,67.6400,3772600,67.5000,67.8900,67.1900,0.0102,-0.0373,-0.0031,-0.0162,0.0737,53.0896,0.0236,0.0207,-0.0084,0.4808,-0.5054,0.4788,buy
2024-02-26,68.4000,5205000,68.0000,69.4800,67.7700,0.0112,-0.0012,-0.0290,-0.0022,0.0812,55.8245,0.0200,0.0196,-0.0073,0.5683,0.3797,0.6668,buy
2024-02-27,69.9500,4991500,69.3200,70.2800,68.8700,0.0227,0.0300,-0.0044,0.0208,0.1006,56.1781,0.0216,0.0201,-0.0050,0.7524,-0.0410,0.6372,hold
2024-02-28,69.5100,2744800,69.9500,70.0500,68.7800,-0.0063,0.0638,0.0016,0.0143,0.0894,48.5459,0.0213,0.0203,-0.0040,0.6746,-0.4501,0.3575,hold
2024-02-29,69.1100,5782100,70.0500,70.1500,68.1500,-0.0058,0.0321,-0.0250,0.0110,0.0793,53.9131,0.0200,0.0197,-0.0038,0.6013,1.1066,0.7726,buy
2024-03-01,70.4400,4840800,69.0900,70.4900,68.5700,0.0192,0.0414,0.0026,0.0302,0.0952,50.0000,0.0209,0.0201,-0.0024,0.7752,-0.1628,0.6681,buy
2024-03-04,71.3900,4277700,70.6900,71.6900,70.5000,0.0135,0.0437,0.0425,0.0397,0.1053,53.6195,0.0191,0.0212,-0.0007,0.8774,-0.1163,0.6074,sell
2024-03-05,69.0400,6840700,71.0700,71.0700,67.3100,-0.0329,-0.0130,0.0166,0.0038,0.0651,48.9474,0.0223,0.0201,-0.0021,0.5002,0.5992,0.9874,buy
2024-03-06,71.3200,7401200,70.9700,71.7300,69.1100,0.0330,0.0260,0.0915,0.0280,0.0959,51.2291,0.0193,0.0204,-0.0008,0.8363,0.0819,1.1159,buy
2024-03-07,73.0700,6314300,71.9500,73.3300,71.1900,0.0245,0.0573,0.0912,0.0441,0.1181,57.3831,0.0193,0.0223,0.0013,1.0211,-0.1469,1.1135,sell
2024-03-08,71.3500,5278900,73.2600,73.5000,71.0900,-0.0235,0.0129,0.0548,0.0141,0.0879,57.5646,0.0218,0.0226,0.0008,0.7514,-0.1640,0.9570,hold
2024-03-11,71.4600,3139300,70.9300,71.8000,69.9100,0.0015,0.0010,0.0447,0.0113,0.0856,59.5894,0.0218,0.0223,0.0004,0.7538,-0.4053,0.5927,hold
2024-03-12,71.3400,3858500,71.6800,71.9500,70.7400,-0.0017,0.0333,0.0199,0.0076,0.0798,68.6800,0.0209,0.0216,-0.0002,0.7255,0.2291,0.7349,sell
2024-03-13,70.1800,4078200,71.5900,71.5900,70.0000,-0.0163,-0.0160,0.0096,-0.0097,0.0585,60.3205,0.0215,0.0199,-0.0018,0.5643,0.0569,0.7869,sell
2024-03-14,68.0400,6500100,69.2900,69.7500,67.6200,-0.0305,-0.0688,-0.0155,-0.0385,0.0231,51.1723,0.0237,0.0161,-0.0050,0.2974,0.5939,1.2212,sell
2024-03-15,66.7200,10118000,67.7200,67.9700,66.5100,-0.0194,-0.0649,-0.0528,-0.0522,0.0006,45.2327,0.0231,0.0111,-0.0084,0.1622,0.5566,1.7847,buy
2024-03-18,67.5500,3909000,66.9900,68.1800,66.8100,0.0124,-0.0547,-0.0538,-0.0351,0.0102,42.8994,0.0231,0.0077,-0.0092,0.2771,-0.6137,0.6933,hold
2024-03-19,67.7900,3059400,67.1300,67.8800,66.4500,0.0036,-0.0498,-0.0181,-0.0299,0.0110,44.8503,0.0210,0.0054,-0.0092,0.3083,-0.2173,0.5436,hold
2024-03-20,67.8700,4230300,67.7900,68.0600,67.0200,0.0012,-0.0329,-0.0484,-0.0240,0.0102,46.2149,0.0172,0.0036,-0.0088,0.2813,0.3827,0.8138,buy
2024-03-21,68.5700,3716300,68.5800,68.7200,67.7500,0.0103,0.0078,-0.0616,-0.0075,0.0178,44.0635,0.0150,0.0029,-0.0075,0.3604,-0.1215,0.7428,hold
2024-03-22,68.3000,2832800,68.9200,68.9300,67.5300,-0.0039,0.0237,-0.0427,-0.0070,0.0117,39.7479,0.0137,0.0021,-0.0067,0.3131,-0.2377,0.5716,sell
2024-03-25,67.8900,3296100,67.8500,68.4100,67.6100,-0.0060,0.0050,-0.0500,-0.0078,0.0040,45.6207,0.0135,0.0009,-0.0063,0.2597,0.1635,0.6781,sell
2024-03-26,67.4500,3312400,67.9600,68.1700,67.0400,-0.0065,-0.0050,-0.0545,-0.0086,-0.0040,32.8609,0.0135,-0.0005,-0.0062,0.2234,0.0049,0.6935,hold
2024-03-27,67.2700,3535000,68.2900,68.3200,66.1900,-0.0027,-0.0088,-0.0415,-0.0070,-0.0082,20.1646,0.0130,-0.0019,-0.0061,0.2237,0.0672,0.7340,buy
2024-03-28,68.3100,3922200,67.2100,68.6000,67.0000,0.0155,-0.0038,0.0040,0.0079,0.0048,33.1858,0.0105,-0.0016,-0.0046,0.3711,0.1095,0.8304,sell
2024-04-01,67.8200,3003400,68.7300,68.7300,66.7300,-0.0072,-0.0070,0.0165,-0.0009,-0.0042,30.6794,0.0084,-0.0021,-0.0041,0.3232,-0.2343,0.6485,buy
2024-04-02,68.8500,4711600,66.9700,68.9300,66.6000,0.0152,0.0141,0.0192,0.0123,0.0085,37.9477,0.0088,-0.0011,-0.0025,0.4777,0.5688,1.0126,buy
2024-04-03,71.3200,7868900,68.6100,72.0200,68.5800,0.0359,0.0574,0.0521,0.0432,0.0421,54.8969,0.0139,0.0024,0.0009,0.7955,0.6701,1.6727,sell
2024-04-04,69.2300,6959700,72.0300,73.6300,69.2100,-0.0293,0.0291,0.0200,0.0106,0.0101,55.1337,0.0177,0.0028,0.0010,0.5295,-0.1155,1.4864,buy
2024-04-05,70.9100,7475400,69.7500,71.8300,69.3400,0.0243,0.0381,0.0341,0.0316,0.0332,67.5314,0.0190,0.0049,0.0025,0.8160,0.0741,1.5770,sell
2024-04-08,68.3900,5099900,70.0400,70.2400,68.2300,-0.0355,0.0084,0.0013,-0.0051,-0.0044,53.0792,0.0226,0.0038,0.0010,0.4368,-0.3178,1.0779,hold
2024-04-09,68.2200,2799300,69.1400,69.1400,67.8000,-0.0025,-0.0092,0.0049,-0.0081,-0.0075,51.5844,0.0225,0.0026,-0.0002,0.4287,-0.4511,0.5938,hold
2024-04-10,68.1300,3641300,67.0800,68.5000,67.0800,-0.0013,-0.0447,0.0101,-0.0104,-0.0092,50.9573,0.0224,0.0015,-0.0010,0.4338,0.3008,0.7742,hold
2024-04-11,68.2200,2917900,68.6100,68.8600,67.4400,0.0013,-0.0146,0.0141,-0.0104,-0.0084,48.6507,0.0224,0.0007,-0.0014,0.4721,-0.1987,0.6281,sell
2024-04-12,66.4500,5134700,67.4700,67.7200,65.9300,-0.0259,-0.0629,-0.0272,-0.0335,-0.0347,43.6074,0.0233,-0.0021,-0.0034,0.1148,0.7597,1.1218,sell
2024-04-15,64.7300,4911100,67.0800,67.1900,64.5800,-0.0259,-0.0535,-0.0456,-0.0543,-0.0592,39.9873,0.0245,-0.0064,-0.0062,-0.1218,-0.0435,1.1377,hold
2024-04-16,64.4800,3015000,64.6200,65.5700,64.2600,-0.0039,-0.0548,-0.0635,-0.0519,-0.0623,40.4747,0.0235,-0.0101,-0.0079,-0.0499,-0.3861,0.7057,hold
2024-04-17,64.6600,3278400,64.8900,65.5500,64.5000,0.0028,-0.0509,-0.0934,-0.0398,-0.0593,41.6293,0.0188,-0.0125,-0.0083,0.0493,0.0874,0.7654,sell
2024-04-18,64.0300,3087300,64.7700,65.0100,63.5300,-0.0097,-0.0614,-0.0751,-0.0418,-0.0675,35.9025,0.0174,-0.0153,-0.0088,0.0384,-0.0583,0.7306,sell
2024-04-19,63.4000,4836100,63.7900,64.4100,62.9200,-0.0098,-0.0459,-0.1059,-0.0404,-0.0749,35.5744,0.0134,-0.0181,-0.0093,0.0389,0.5664,1.1294,buy
2024-04-22,63.6900,3629200,63.9700,64.2300,62.6100,0.0046,-0.0161,-0.0687,-0.0291,-0.0695,32.3045,0.0110,-0.0196,-0.0086,0.1232,-0.2496,0.8398,buy
2024-04-23,64.8000,3544100,64.0800,65.1000,63.9800,0.0174,0.0050,-0.0501,-0.0070,-0.0517,25.3404,0.0135,-0.0188,-0.0064,0.2653,-0.0234,0.8177,buy
2024-04-24,65.4500,3817100,64.8900,65.8000,64.5900,0.0100,0.0122,-0.0393,0.0071,-0.0409,33.9558,0.0143,-0.0173,-0.0040,0.3462,0.0770,0.8756,sell
2024-04-25,64.0300,3670800,64.6100,64.6900,62.8700,-0.0217,0.0000,-0.0614,-0.0084,-0.0602,20.1389,0.0152,-0.0182,-0.0037,0.2240,-0.0383,0.8407,hold
2024-04-26,64.1800,4138200,64.4200,65.1500,63.9000,0.0023,0.0123,-0.0342,-0.0026,-0.0561,26.9945,0.0136,-0.0182,-0.0030,0.2635,0.1273,0.9454,hold
2024-04-29,64.3000,3824400,64.3500,65.1400,63.7000,0.0019,0.0096,-0.0066,-0.0000,-0.0527,28.4616,0.0111,-0.0178,-0.0021,0.2954,-0.0758,0.8656,sell
2024-04-30,63.1800,5324400,63.7900,64.4400,63.1600,-0.0174,-0.0250,-0.0202,-0.0155,-0.0678,25.5676,0.0123,-0.0190,-0.0024,0.2158,0.3922,1.1969,buy
2024-05-01,63.5300,4337000,63.5100,64.8700,63.1400,0.0055,-0.0293,-0.0175,-0.0083,-0.0614,27.4302,0.0125,-0.0190,-0.0020,0.2642,-0.1854,1.0152,buy
2024-05-02,65.2000,8288900,63.1500,65.2600,63.0100,0.0263,0.0183,0.0183,0.0160,-0.0367,43.9261,0.0149,-0.0163,0.0002,0.4652,0.9112,1.9105,sell
2024-05-03,58.8800,15896600,61.8600,62.4900,58.7900,-0.0969,-0.0826,-0.0713,-0.0760,-0.1280,30.3559,0.0347,-0.0245,-0.0050,-0.1731,0.9178,3.3399,hold
2024-05-06,58.8100,14472600,59.2500,60.3500,58.4300,-0.0012,-0.0854,-0.0766,-0.0700,-0.1267,30.7274,0.0346,-0.0294,-0.0079,-0.0695,-0.0896,2.7682,buy
2024-05-07,59.4300,18440300,59.0000,60.4000,58.4100,0.0105,-0.0594,-0.0829,-0.0521,-0.1152,32.7393,0.0341,-0.0317,-0.0083,0.0507,0.2742,3.0681,hold
2024-05-08,59.6300,10886900,59.4200,59.8000,57.8400,0.0034,-0.0614,-0.0889,-0.0400,-0.1094,35.0543,0.0338,-0.0330,-0.0078,0.1094,-0.4096,1.7084,sell
2024-05-09,58.1100,6929800,59.4000,59.7500,58.0100,-0.0255,-0.1087,-0.0925,-0.0555,-0.1292,33.0557,0.0340,-0.0367,-0.0086,0.0139,-0.3635,1.0543,hold
2024-05-10,58.1600,3934500,58.2500,59.4000,58.0700,0.0009,-0.0122,-0.0938,-0.0454,-0.1256,32.0104,0.0339,-0.0384,-0.0083,0.0748,-0.4322,0.6041,buy
2024-05-13,59.6300,5492000,58.5600,59.9200,58.4000,0.0253,0.0139,-0.0726,-0.0137,-0.1005,33.5664,0.0355,-0.0364,-0.0056,0.2420,0.3959,0.8395,hold
2024-05-14,60.2000,4269800,59.8000,60.5000,59.2300,0.0096,0.0130,-0.0472,0.0007,-0.0889,33.2268,0.0357,-0.0341,-0.0029,0.3152,-0.2225,0.6465,hold
2024-05-15,60.7300,3551800,60.8200,61.2800,60.6100,0.0088,0.0184,-0.0441,0.0142,-0.0785,38.8211,0.0358,-0.0311,-0.0002,0.3813,-0.1682,0.5366,hold
2024-05-16,61.2400,4443100,60.6100,61.3500,59.5800,0.0084,0.0539,-0.0607,0.0296,-0.0679,40.2778,0.0345,-0.0278,0.0023,0.4426,0.2509,0.6645,hold
2024-05-17,61.4300,2799700,61.0400,61.8600,60.7800,0.0031,0.0562,0.0433,0.0283,-0.0617,40.5530,0.0128,-0.0248,0.0042,0.4704,-0.3699,0.4252,buy
2024-05-20,62.3400,2842400,61.1700,62.4100,60.8600,0.0148,0.0454,0.0600,0.0374,-0.0452,47.1963,0.0130,-0.0207,0.0063,0.5676,0.0153,0.4343,sell
2024-05-21,61.3100,5127600,61.7400,61.8000,59.8500,-0.0165,0.0184,0.0316,0.0171,-0.0580,42.9119,0.0147,-0.0192,0.0066,0.4814,0.8040,0.7740,hold
2024-05-22,61.5700,3048400,61.4300,61.6900,60.7500,0.0042,0.0138,0.0325,0.0182,-0.0512,37.2632,0.0147,-0.0171,0.0069,0.5312,-0.4055,0.4629,sell
2024-05-23,60.9300,3714100,61.9700,62.0800,60.6500,-0.0104,-0.0051,0.0485,0.0029,-0.0584,61.9603,0.0119,-0.0163,0.0063,0.4752,0.2184,0.5638,buy
2024-05-24,61.3500,2654000,61.1100,61.7600,60.6800,0.0069,-0.0013,0.0548,0.0045,-0.0499,64.2377,0.0118,-0.0147,0.0062,0.5443,-0.2854,0.4074,sell
2024-05-28,59.4500,4875300,61.0000,61.0800,59.2800,-0.0310,-0.0464,-0.0030,-0.0263,-0.0773,50.0980,0.0144,-0.0164,0.0042,0.3239,0.8370,0.7425,buy
2024-05-29,59.7300,4598000,58.9300,60.3000,58.7000,0.0047,-0.0258,-0.0078,-0.0209,-0.0707,50.4864,0.0141,-0.0167,0.0030,0.3798,-0.0569,0.7041,sell
2024-05-30,58.0000,5437000,59.1200,59.2300,57.8600,-0.0290,-0.0580,-0.0450,-0.0450,-0.0948,49.4757,0.0162,-0.0197,0.0005,0.1649,0.1825,0.8256,buy
2024-05-31,59.3200,16363000,58.8700,59.4100,57.7100,0.0228,-0.0264,-0.0314,-0.0202,-0.0717,54.9320,0.0180,-0.0191,0.0005,0.3657,2.0096,2.3413,sell
2024-06-03,58.8000,3565500,59.6100,59.6100,58.1800,-0.0088,-0.0416,-0.0428,-0.0246,-0.0771,46.1610,0.0180,-0.0197,0.0001,0.2663,-0.7821,0.5595,hold
2024-06-04,58.6400,3688000,58.6600,59.4800,58.6100,-0.0027,-0.0136,-0.0594,-0.0212,-0.0768,42.5000,0.0167,-0.0201,-0.0002,0.2388,0.0344,0.6323,buy
2024-06-05,59.7100,3614700,59.3900,60.1400,58.4500,0.0182,-0.0003,-0.0261,-0.0007,-0.0575,45.3382,0.0178,-0.0183,0.0010,0.4414,-0.0199,0.7099,hold
2024-06-06,59.7500,3060300,59.8400,60.0600,59.2100,0.0007,0.0302,-0.0296,0.0031,-0.0546,42.8844,0.0177,-0.0169,0.0019,0.4479,-0.1534,0.6511,hold
2024-06-07,59.7200,2613200,59.3800,59.9900,59.0100,-0.0005,0.0067,-0.0199,0.0046,-0.0528,41.7071,0.0175,-0.0157,0.0025,0.4219,-0.1461,0.5827,buy
2024-06-10,60.0900,3462500,59.1100,60.2500,58.9400,0.0062,0.0219,-0.0205,0.0130,-0.0444,38.4851,0.0175,-0.0140,0.0033,0.4763,0.3250,0.7762,sell
2024-06-11,59.7400,5133400,60.0000,60.0900,58.1600,-0.0058,0.0188,0.0049,0.0066,-0.0475,41.3641,0.0144,-0.0131,0.0034,0.3974,0.4826,1.1554,buy
2024-06-12,60.6200,5706000,59.6900,60.7500,59.0500,0.0147,0.0152,0.0149,0.0199,-0.0310,45.1081,0.0151,-0.0108,0.0043,0.5877,0.1115,1.2638,sell
2024-06-13,60.2300,3574800,60.5100,60.6900,59.6500,-0.0064,0.0080,0.0384,0.0095,-0.0338,46.3002,0.0112,-0.0097,0.0045,0.5070,-0.3735,0.7916,buy
2024-06-14,60.7800,3212900,60.4500,60.8900,60.1300,0.0091,0.0177,0.0246,0.0163,-0.0223,47.0282,0.0093,-0.0078,0.0050,0.6366,-0.1012,0.7213,hold
2024-06-17,60.9000,4979300,60.6400,61.4800,60.1800,0.0020,0.0135,0.0357,0.0147,-0.0172,59.2830,0.0084,-0.0062,0.0053,0.6738,0.5498,1.0911,sell
2024-06-18,59.1500,5501800,60.8800,61.2500,59.0000,-0.0287,-0.0099,0.0087,-0.0153,-0.0426,46.8750,0.0132,-0.0073,0.0036,0.2836,0.1049,1.1715,sell
2024-06-20,57.9400,10407500,58.6000,58.7600,57.1700,-0.0205,-0.0442,-0.0296,-0.0326,-0.0590,49.6575,0.0132,-0.0098,0.0010,0.0389,0.8917,2.0981,buy
2024-06-21,58.5600,16729000,58.2800,58.6500,57.7700,0.0107,-0.0277,-0.0199,-0.0203,-0.0460,45.2854,0.0139,-0.0106,0.0001,0.2135,0.6074,2.9638,sell
2024-06-24,58.2800,4147900,58.4000,59.1800,58.2600,-0.0048,-0.0411,-0.0241,-0.0226,-0.0475,46.6752,0.0139,-0.0116,-0.0007,0.1754,-0.7521,0.7320,buy
2024-06-25,58.6900,5203700,58.4400,59.0800,57.9000,0.0070,-0.0363,-0.0233,-0.0134,-0.0383,50.3098,0.0140,-0.0115,-0.0006,0.2983,0.2545,0.8982,sell
2024-06-26,58.1100,6374200,58.1700,58.4300,57.0000,-0.0099,-0.0176,-0.0273,-0.0205,-0.0458,39.4459,0.0142,-0.0124,-0.0010,0.1706,0.2249,1.0861,buy
2024-06-27,60.0400,5019500,58.3100,60.1800,57.9300,0.0332,0.0362,-0.0096,0.0130,-0.0126,51.5312,0.0175,-0.0098,0.0010,0.6823,-0.2125,0.8522,hold
2024-06-28,60.2700,7987400,60.0300,60.8400,59.7900,0.0038,0.0292,0.0007,0.0168,-0.0074,52.8438,0.0174,-0.0076,0.0024,0.7216,0.5913,1.3274,sell
2024-07-01,59.8500,4884500,60.4300,60.4300,59.5800,-0.0070,0.0269,-0.0153,0.0113,-0.0130,48.7654,0.0173,-0.0065,0.0029,0.5980,-0.3885,0.8973,buy
2024-07-02,61.0100,4604900,59.6600,61.0400,59.6600,0.0194,0.0395,0.0018,0.0307,0.0069,56.0304,0.0185,-0.0039,0.0043,0.8687,-0.0572,0.8380,hold
2024-07-03,60.7300,3039800,61.1400,61.4800,60.6600,-0.0046,0.0451,0.0267,0.0233,0.0033,50.5539,0.0156,-0.0022,0.0048,0.7669,-0.3399,0.5564,buy
2024-07-05,61.0900,3120600,60.6200,61.3800,60.3700,0.0059,0.0175,0.0544,0.0239,0.0105,54.3434,0.0133,-0.0005,0.0052,0.8264,0.0266,0.5738,sell
2024-07-08,60.1100,4845400,60.9800,61.0500,59.5200,-0.0160,-0.0027,0.0265,0.0049,-0.0040,46.7570,0.0147,-0.0003,0.0043,0.5780,0.5527,0.8766,hold
2024-07-09,60.2800,3563500,60.2600,60.7800,59.3200,0.0028,0.0072,0.0343,0.0044,0.0001,47.0135,0.0145,-0.0000,0.0037,0.6126,-0.2646,0.6392,sell
2024-07-10,59.5900,3905200,60.5000,60.5500,58.9800,-0.0114,-0.0233,0.0153,-0.0086,-0.0098,52.3605,0.0152,-0.0007,0.0025,0.4485,0.0959,0.6977,sell
2024-07-11,58.7900,4377700,59.6300,59.9200,58.7800,-0.0134,-0.0319,0.0117,-0.0230,-0.0214,54.7699,0.0155,-0.0023,0.0007,0.2685,0.1210,0.7875,buy
2024-07-12,59.5500,4398900,58.9300,59.9000,58.7700,0.0129,-0.0252,-0.0082,-0.0096,-0.0075,55.4696,0.0117,-0.0025,0.0004,0.4638,0.0048,0.8007,buy
2024-07-15,59.9000,3879500,59.7400,60.7200,59.2600,0.0059,-0.0035,-0.0061,-0.0032,-0.0005,58.8816,0.0118,-0.0021,0.0006,0.5541,-0.1181,0.7042,sell
2024-07-16,59.4800,4158800,60.1500,60.2700,59.4100,-0.0070,-0.0133,-0.0062,-0.0095,-0.0056,54.3264,0.0118,-0.0024,0.0003,0.4653,0.0720,0.7485,sell
2024-07-17,59.1100,7022600,58.4900,59.5900,57.9700,-0.0062,-0.0081,-0.0311,-0.0126,-0.0118,55.6054,0.0096,-0.0031,-0.0003,0.3887,0.6886,1.2410,sell
2024-07-18,58.1300,5599000,60.4800,60.5100,58.0700,-0.0166,-0.0112,-0.0428,-0.0247,-0.0280,38.0176,0.0105,-0.0050,-0.0018,0.1581,-0.2027,0.9886,buy
2024-07-19,58.4800,8563200,58.1200,58.7800,57.5800,0.0060,-0.0180,-0.0427,-0.0145,-0.0218,38.9369,0.0105,-0.0059,-0.0021,0.2299,0.5294,1.5370,hold
2024-07-22,58.4500,4386500,59.0000,59.0000,58.0400,-0.0005,-0.0242,-0.0276,-0.0123,-0.0219,40.9091,0.0097,-0.0066,-0.0023,0.2252,-0.4877,0.8854,sell
2024-07-23,57.9400,5989400,58.3400,58.9500,57.6800,-0.0087,-0.0259,-0.0388,-0.0170,-0.0304,28.2269,0.0096,-0.0078,-0.0028,0.1063,0.3654,1.1869,sell
2024-07-24,56.6400,5379100,57.8300,58.7000,56.5200,-0.0224,-0.0418,-0.0495,-0.0342,-0.0517,24.6592,0.0111,-0.0107,-0.0044,-0.0919,-0.1019,1.0641,buy
2024-07-25,57.3100,5262400,57.1300,58.6200,56.8100,0.0118,-0.0141,-0.0252,-0.0203,-0.0397,27.4463,0.0118,-0.0116,-0.0043,0.0827,-0.0217,1.0526,sell
2024-07-26,57.0000,4245000,57.6600,57.8100,56.8400,-0.0054,-0.0253,-0.0428,-0.0214,-0.0439,29.8314,0.0105,-0.0127,-0.0043,0.0825,-0.1933,0.8557,buy
2024-07-29,57.3900,4001700,57.0000,58.0600,56.4200,0.0068,-0.0181,-0.0419,-0.0104,-0.0363,31.7781,0.0106,-0.0128,-0.0036,0.1922,-0.0573,0.8404,hold
2024-07-30,57.5000,4116100,57.4900,58.4500,56.9300,0.0019,-0.0076,-0.0333,-0.0051,-0.0332,35.7823,0.0107,-0.0126,-0.0027,0.2400,0.0286,0.8715,buy
2024-07-31,58.0400,4676300,58.3000,59.0700,57.9400,0.0094,0.0247,-0.0181,0.0061,-0.0230,44.7109,0.0114,-0.0115,-0.0014,0.3575,0.1361,0.9894,sell
2024-08-01,57.2000,4542900,58.0300,58.3000,56.4700,-0.0145,-0.0019,-0.0160,-0.0069,-0.0355,33.6123,0.0111,-0.0119,-0.0013,0.2200,-0.0285,0.9461,sell
2024-08-02,56.5100,5940800,56.6200,56.7500,55.5200,-0.0121,-0.0086,-0.0337,-0.0155,-0.0456,27.4301,0.0112,-0.0131,-0.0019,0.1082,0.3077,1.2019,sell
2024-08-05,55.3900,7664700,54.9100,56.3600,54.5700,-0.0198,-0.0348,-0.0524,-0.0298,-0.0625,25.0914,0.0123,-0.0156,-0.0033,-0.0328,0.2902,1.5077,buy
2024-08-06,55.8100,9433800,56.0000,56.8600,55.1900,0.0076,-0.0294,-0.0368,-0.0188,-0.0538,30.0242,0.0128,-0.0165,-0.0035,0.0909,0.2308,1.7544,buy
2024-08-07,69.9300,23535600,65.6800,71.8200,65.0000,0.2530,0.2049,0.2346,0.2014,0.1822,77.5701,0.0813,0.0025,0.0103,1.4682,1.4948,3.7013,hold
2024-08-08,68.6800,10955100,69.7200,70.9900,68.3900,-0.0179,0.2007,0.1984,0.1573,0.1574,72.8699,0.0823,0.0135,0.0172,1.1499,-0.5345,1.6381,hold
2024-08-09,69.6900,6988600,68.9900,69.9800,67.9700,0.0147,0.2332,0.2226,0.1497,0.1705,74.1409,0.0818,0.0228,0.0211,1.0750,-0.3621,1.0252,hold
2024-08-12,70.3600,6173300,69.8000,71.5400,69.4000,0.0096,0.2703,0.2260,0.1365,0.1769,76.4932,0.0818,0.0305,0.0230,1.0114,-0.1167,0.8906,hold
2024-08-13,71.5000,5524300,70.3200,71.5900,69.6500,0.0162,0.2811,0.2435,0.1293,0.1911,81.9158,0.0815,0.0370,0.0237,0.9799,-0.1051,0.7892,hold
2024-08-14,72.7900,6099300,71.6100,73.6700,71.4400,0.0180,0.0409,0.2541,0.1235,0.2070,82.3849,0.0813,0.0427,0.0238,0.9578,0.1041,0.8771,hold
2024-08-15,73.4000,4589800,73.2800,73.8300,72.5300,0.0084,0.0687,0.2832,0.1053,0.2111,83.8843,0.0804,0.0475,0.0230,0.9181,-0.2475,0.6649,hold
2024-08-16,74.7200,4798600,73.2500,74.9000,72.9000,0.0180,0.0722,0.3222,0.0952,0.2268,84.4807,0.0793,0.0515,0.0219,0.9065,0.0455,0.7146,hold
2024-08-19,74.7700,5248300,74.6900,75.1900,74.3600,0.0007,0.0627,0.3499,0.0656,0.2216,84.4436,0.0781,0.0547,0.0201,0.8612,0.0937,0.7766,hold
2024-08-20,75.5700,5733200,75.0000,76.3100,74.7700,0.0107,0.0569,0.3541,0.0475,0.2283,84.6032,0.0780,0.0569,0.0181,0.8445,0.0924,0.8499,hold
2024-08-21,75.4200,3065800,75.3000,75.8000,74.6400,-0.0020,0.0361,0.0785,0.0376,0.2198,86.9724,0.0113,0.0583,0.0156,0.8057,-0.4653,0.4624,sell
2024-08-22,74.4900,5006800,75.6000,75.8100,74.3900,-0.0123,0.0149,0.0846,0.0166,0.1991,86.1334,0.0099,0.0585,0.0122,0.7507,0.6331,0.7567,buy
2024-08-23,74.7300,3182500,74.8800,75.1000,73.7500,0.0032,0.0001,0.0723,0.0129,0.1975,90.2917,0.0098,0.0574,0.0090,0.7339,-0.3644,0.4849,buy
2024-08-26,75.1800,2751200,74.9800,75.4000,74.8000,0.0060,0.0055,0.0685,0.0124,0.1990,90.3038,0.0097,0.0562,0.0065,0.7246,-0.1355,0.4232,buy
2024-08-27,75.9700,2471100,74.8500,75.9900,74.6100,0.0105,0.0053,0.0625,0.0169,0.2057,78.2243,0.0093,0.0551,0.0048,0.7269,-0.1018,0.3850,sell
2024-08-28,75.6100,2635300,76.0000,76.2800,75.1900,-0.0047,0.0025,0.0387,0.0083,0.1944,85.3211,0.0088,0.0540,0.0027,0.6947,0.0664,0.4172,buy
2024-08-29,76.2700,3054500,76.0000,77.1800,75.5400,0.0087,0.0239,0.0391,0.0132,0.1984,84.7780,0.0088,0.0526,0.0014,0.6986,0.1591,0.4893,buy
2024-08-30,76.7100,3585700,76.3100,76.9100,76.0800,0.0058,0.0265,0.0266,0.0164,0.1982,84.3987,0.0074,0.0514,0.0004,0.7007,0.1739,0.5854,buy
2024-09-03,77.1300,5807900,76.6200,78.0800,76.0800,0.0055,0.0259,0.0316,0.0188,0.1978,83.0787,0.0074,0.0502,-0.0004,0.7205,0.6197,0.9628,sell
2024-09-04,76.8700,4181600,76.5500,77.1800,75.7100,-0.0034,0.0118,0.0172,0.0136,0.1869,77.2728,0.0071,0.0489,-0.0015,0.7758,-0.2800,0.7248,sell
2024-09-05,75.8000,4469100,76.4400,76.6700,75.2500,-0.0139,0.0025,0.0050,-0.0010,0.1643,65.1134,0.0086,0.0467,-0.0036,0.6544,0.0688,0.9280,sell
2024-09-06,75.1600,5364400,76.0200,76.4200,74.6000,-0.0084,-0.0146,0.0090,-0.0103,0.1484,53.0303,0.0081,0.0436,-0.0057,0.5666,0.2003,1.1825,hold
2024-09-09,75.1000,4088900,75.2700,75.9200,74.9200,-0.0008,-0.0210,0.0050,-0.0116,0.1422,52.2696,0.0080,0.0403,-0.0072,0.5323,-0.2378,0.9311,buy
2024-09-10,76.0700,3853900,75.4300,76.1300,75.0200,0.0129,-0.0137,0.0118,0.0000,0.1515,53.3602,0.0088,0.0378,-0.0073,0.6650,-0.0575,0.9014,buy
2024-09-11,76.6400,4102300,75.7800,76.8400,74.7100,0.0075,-0.0030,0.0088,0.0066,0.1542,57.7608,0.0085,0.0361,-0.0069,0.7754,0.0645,0.9757,sell
2024-09-12,74.4900,8617100,76.8500,76.8900,73.2900,-0.0281,-0.0173,-0.0148,-0.0202,0.1173,50.0000,0.0125,0.0333,-0.0087,0.2326,1.1006,1.9899,buy
2024-09-13,75.0100,4637500,74.6700,75.6000,74.1300,0.0070,-0.0020,-0.0165,-0.0117,0.1203,51.4957,0.0124,0.0303,-0.0092,0.3247,-0.4618,1.0703,buy
2024-09-16,76.3400,4401900,74.8700,76.6500,74.8000,0.0177,0.0165,-0.0048,0.0063,0.1350,55.6640,0.0137,0.0286,-0.0081,0.7077,-0.0508,1.0206,sell
2024-09-17,75.6100,2677900,76.1000,76.4700,75.3800,-0.0096,-0.0060,-0.0197,-0.0013,0.1190,48.2318,0.0138,0.0269,-0.0081,0.4686,-0.3916,0.6400,sell
2024-09-18,74.6800,2876400,75.8100,75.8400,74.5400,-0.0123,-0.0256,-0.0285,-0.0107,0.1005,45.6744,0.0142,0.0244,-0.0089,0.1985,0.0741,0.7117,buy
2024-09-19,75.6600,3947400,76.0800,76.2000,74.8500,0.0131,0.0157,-0.0018,0.0024,0.1097,47.2448,0.0144,0.0226,-0.0082,0.4951,0.3723,0.9662,buy
2024-09-20,76.7800,12542800,75.5200,76.8600,75.5200,0.0148,0.0236,0.0216,0.0151,0.1202,50.2979,0.0147,0.0220,-0.0066,0.8095,2.1775,2.8107,buy
2024-09-23,77.4400,3252200,77.2000,77.8200,76.9700,0.0086,0.0144,0.0312,0.0207,0.1240,51.2928,0.0148,0.0221,-0.0051,0.9513,-0.7407,0.7282,hold
2024-09-24,77.4600,2943100,77.3700,78.1800,77.1300,0.0003,0.0245,0.0183,0.0191,0.1186,52.5106,0.0144,0.0221,-0.0041,0.9009,-0.0950,0.6576,sell
2024-09-25,76.6100,4286300,77.4200,77.8300,75.9400,-0.0110,0.0258,-0.0004,0.0079,0.1009,53.5126,0.0148,0.0212,-0.0042,0.6504,0.4564,0.9387,buy
2024-09-26,77.2100,5170100,77.1400,77.7400,76.0700,0.0078,0.0205,0.0365,0.0122,0.1037,58.9208,0.0112,0.0205,-0.0038,0.7869,0.2062,1.1017,hold
2024-09-27,77.4500,2987900,77.2000,77.7800,76.4300,0.0031,0.0087,0.0325,0.0121,0.1011,60.0686,0.0111,0.0200,-0.0033,0.8204,-0.4221,0.6371,hold
2024-09-30,77.5500,3453100,77.6500,78.0800,76.7100,0.0013,0.0014,0.0159,0.0118,0.0966,56.8519,0.0099,0.0196,-0.0030,0.8220,0.1557,0.7374,sell
2024-10-01,76.4900,3966200,78.2100,78.5000,76.1800,-0.0137,-0.0125,0.0116,-0.0032,0.0761,49.3357,0.0104,0.0182,-0.0038,0.5681,0.1486,0.8639,buy
2024-10-02,77.5900,3000100,76.4900,77.8300,76.0000,0.0144,0.0128,0.0390,0.0073,0.0856,65.1367,0.0100,0.0175,-0.0033,0.8252,-0.2436,0.6620,sell
2024-10-03,76.9800,3717000,77.3000,77.6100,76.7800,-0.0079,-0.0030,0.0174,-0.0023,0.0709,59.5354,0.0101,0.0165,-0.0035,0.6610,0.2390,0.8270,buy
2024-10-04,78.0100,3144100,77.6900,78.2000,76.8200,0.0134,0.0072,0.0160,0.0095,0.0790,58.3251,0.0099,0.0163,-0.0028,0.8661,-0.1541,0.7173,sell
2024-10-07,77.4800,4213000,78.0200,79.0800,77.3400,-0.0068,-0.0009,0.0005,0.0025,0.0657,59.5117,0.0099,0.0157,-0.0028,0.7186,0.3400,0.9598,buy
2024-10-08,77.7800,3879100,77.8100,78.0400,76.8200,0.0039,0.0169,0.0041,0.0060,0.0638,66.8478,0.0099,0.0152,-0.0026,0.7638,-0.0793,0.8835,buy
2024-10-09,80.3300,4709400,78.0700,80.3700,78.0000,0.0328,0.0353,0.0486,0.0340,0.0919,71.6806,0.0134,0.0167,-0.0004,1.1503,0.2140,1.0652,buy
2024-10-10,82.4800,5288300,79.6600,82.5000,79.6600,0.0268,0.0714,0.0683,0.0545,0.1137,74.1526,0.0151,0.0198,0.0024,1.2551,0.1229,1.2429,buy
2024-10-11,82.8700,2966200,82.4400,83.0400,81.9200,0.0047,0.0623,0.0700,0.0522,0.1113,73.5473,0.0150,0.0225,0.0042,1.1350,-0.4391,0.7111,hold
2024-10-14,82.8300,2777100,83.4500,83.7700,81.9300,-0.0005,0.0691,0.0681,0.0447,0.1030,73.2468,0.0151,0.0244,0.0049,1.0207,-0.0638,0.6790,hold
2024-10-15,82.6400,5379000,82.6600,82.9900,82.1800,-0.0023,0.0625,0.0804,0.0343,0.0925,77.6859,0.0138,0.0255,0.0048,0.9346,0.9369,1.2732,sell
2024-10-16,82.1200,2696400,82.6100,82.6100,81.4000,-0.0063,0.0223,0.0584,0.0220,0.0781,72.7105,0.0142,0.0257,0.0039,0.8472,-0.4987,0.6396,sell
2024-10-17,80.8600,4093100,80.0200,81.7200,79.5600,-0.0153,-0.0196,0.0504,0.0015,0.0585,64.4125,0.0152,0.0246,0.0019,0.6985,0.5180,0.9692,hold
2024-10-18,81.0700,2955900,80.5100,81.2900,80.2400,0.0026,-0.0217,0.0392,0.0003,0.0579,64.7404,0.0149,0.0233,0.0005,0.6990,-0.2778,0.7895,buy
2024-10-21,82.0500,3798900,82.6600,83.2200,81.7700,0.0121,-0.0094,0.0590,0.0067,0.0672,73.4402,0.0146,0.0227,0.0002,0.7719,0.2852,1.0073,buy
2024-10-22,82.4400,3046800,81.3800,82.9700,81.2000,0.0048,-0.0024,0.0599,0.0057,0.0689,71.7489,0.0146,0.0225,0.0001,0.7810,-0.1980,0.8068,sell
2024-10-23,80.3700,4067900,82.0300,82.8900,80.2400,-0.0251,-0.0213,0.0005,-0.0196,0.0397,63.4417,0.0142,0.0207,-0.0019,0.5565,0.3351,1.0803,hold
2024-10-24,80.6200,2828600,80.6500,81.3400,80.3600,0.0031,-0.0030,-0.0226,-0.0143,0.0408,61.0313,0.0109,0.0188,-0.0030,0.5670,-0.3047,0.7753,sell
2024-10-25,80.3400,3111700,80.7900,81.8000,80.2200,-0.0035,-0.0090,-0.0305,-0.0146,0.0353,62.3488,0.0106,0.0169,-0.0040,0.5218,0.1001,0.8514,buy
2024-10-28,80.7600,2492200,81.1600,81.4800,80.4700,0.0052,-0.0157,-0.0250,-0.0070,0.0391,62.7350,0.0109,0.0155,-0.0042,0.5528,-0.1991,0.6910,sell
2024-10-29,79.3700,3806000,79.7700,80.3900,78.5100,-0.0172,-0.0372,-0.0396,-0.0201,0.0201,45.4459,0.0119,0.0132,-0.0055,0.3630,0.5272,1.0577,sell
2024-10-30,78.7400,2595500,79.2500,79.9200,78.5900,-0.0079,-0.0203,-0.0412,-0.0238,0.0111,29.2683,0.0119,0.0104,-0.0067,0.2672,-0.3181,0.7253,hold
2024-10-31,78.6600,4584900,78.9900,79.5100,78.1500,-0.0010,-0.0243,-0.0272,-0.0222,0.0093,25.8324,0.0113,0.0080,-0.0073,0.2266,0.7665,1.2660,hold
2024-11-01,78.8000,4055400,78.1800,79.4200,77.8200,0.0018,-0.0192,-0.0280,-0.0176,0.0099,27.1283,0.0112,0.0061,-0.0073,0.2329,-0.1155,1.1058,hold
2024-11-04,78.8400,3488000,78.6300,79.3700,77.8000,0.0005,-0.0238,-0.0391,-0.0132,0.0094,28.0600,0.0101,0.0046,-0.0071,0.2106,-0.1399,0.9606,sell
2024-11-05,77.9200,4408000,79.3500,79.4500,77.7200,-0.0117,-0.0183,-0.0548,-0.0192,-0.0031,26.8212,0.0098,0.0025,-0.0074,0.0626,0.2638,1.2052,buy
2024-11-06,80.8700,5711300,80.2100,81.0800,79.7800,0.0379,0.0271,0.0062,0.0173,0.0334,50.0465,0.0148,0.0037,-0.0047,0.5216,0.2957,1.5404,buy
2024-11-07,83.6800,6375000,82.4500,83.8300,81.5000,0.0347,0.0638,0.0380,0.0486,0.0671,59.7753,0.0183,0.0071,-0.0008,0.9298,0.1162,1.6946,buy
2024-11-08,92.0400,13790400,84.5000,92.5300,84.2600,0.0999,0.1680,0.1456,0.1367,0.1690,74.0955,0.0352,0.0162,0.0072,1.3976,1.1632,3.2048,buy
2024-11-11,97.1800,8393300,92.4200,97.3500,92.3000,0.0558,0.2326,0.2033,0.1764,0.2279,78.9246,0.0373,0.0266,0.0145,1.3161,-0.3914,1.8310,buy
2024-11-12,99.1500,7146000,97.1600,99.5100,96.9100,0.0203,0.2725,0.2492,0.1722,0.2458,86.9976,0.0350,0.0360,0.0193,1.1767,-0.1486,1.5295,sell
2024-11-13,97.8800,6571800,98.0500,100.5900,97.6000,-0.0128,0.2103,0.2431,0.1315,0.2234,82.6894,0.0356,0.0429,0.0208,1.0170,-0.0804,1.3505,sell
2024-11-14,94.4600,7275800,96.5400,97.0600,94.1100,-0.0349,0.1288,0.2009,0.0724,0.1752,73.8998,0.0395,0.0463,0.0187,0.8497,0.1071,1.4479,hold
2024-11-15,94.2000,5915600,94.8000,96.3800,92.7300,-0.0028,0.0235,0.1954,0.0511,0.1664,72.8727,0.0397,0.0471,0.0155,0.8064,-0.1869,1.1435,sell
2024-11-18,91.8800,8702100,94.5700,96.7400,90.9600,-0.0246,-0.0545,0.1654,0.0105,0.1330,70.6367,0.0417,0.0463,0.0111,0.7102,0.4710,1.6061,hold
2024-11-19,90.7900,5706900,90.5900,91.7800,89.6700,-0.0119,-0.0843,0.1652,-0.0154,0.1155,69.5808,0.0417,0.0437,0.0065,0.6600,-0.3442,1.0280,buy
2024-11-20,92.4500,5026800,91.3000,92.4900,90.6100,0.0183,-0.0555,0.1432,-0.0099,0.1315,71.3138,0.0411,0.0415,0.0040,0.6935,-0.1192,0.8978,buy
2024-11-21,94.0200,4379700,93.0000,94.3500,92.5200,0.0170,-0.0047,0.1236,-0.0041,0.1452,72.5281,0.0405,0.0406,0.0030,0.7210,-0.1287,0.7715,sell
2024-11-22,92.7700,4060500,94.3200,94.5000,92.3300,-0.0133,-0.0152,0.0079,-0.0181,0.1251,69.9057,0.0268,0.0394,0.0010,0.6627,-0.0729,0.7093,hold
2024-11-25,93.1200,8804500,93.1100,94.9000,92.6800,0.0038,0.0135,-0.0418,-0.0101,0.1248,72.0802,0.0188,0.0378,-0.0004,0.6559,1.1683,1.4577,buy
2024-11-26,96.4400,4729300,93.9700,96.7000,93.9700,0.0357,0.0622,-0.0273,0.0281,0.1591,72.3771,0.0215,0.0377,0.0007,0.7396,-0.4629,0.7771,sell
2024-11-27,94.0600,3834700,96.6800,96.7900,93.8600,-0.0247,0.0174,-0.0390,0.0069,0.1252,65.1048,0.0224,0.0371,-0.0007,0.6421,-0.1892,0.6237,buy
2024-11-29,95.0500,2124100,94.3300,95.4700,94.1100,0.0105,0.0110,0.0062,0.0168,0.1318,55.5761,0.0199,0.0360,-0.0011,0.6575,-0.4461,0.3526,hold
2024-12-02,95.3200,4379500,95.3600,97.1800,94.9300,0.0028,0.0275,0.0119,0.0185,0.1300,45.7957,0.0198,0.0351,-0.0015,0.6491,1.0618,0.7249,hold
2024-12-03,95.2900,3716700,95.0000,95.7900,93.3800,-0.0003,0.0233,0.0371,0.0145,0.1249,40.4361,0.0177,0.0341,-0.0020,0.6302,-0.1513,0.6141,buy
2024-12-04,98.1900,4979200,96.9900,98.5000,96.0500,0.0304,0.0181,0.0815,0.0372,0.1535,50.7107,0.0185,0.0343,-0.0006,0.7668,0.3397,0.8188,hold
2024-12-05,98.4600,3940700,98.3100,99.7400,97.7000,0.0027,0.0468,0.0650,0.0335,0.1508,60.7181,0.0182,0.0350,0.0001,0.7989,-0.2086,0.6576,buy
2024-12-06,99.2100,3219900,98.5200,99.7100,98.1000,0.0076,0.0438,0.0552,0.0357,0.1536,63.0809,0.0179,0.0355,0.0007,0.8989,-0.1829,0.5518,sell
2024-12-09,97.0400,4260800,99.7100,100.4000,96.2000,-0.0219,0.0180,0.0460,0.0085,0.1233,63.5790,0.0190,0.0347,-0.0006,0.6687,0.3233,0.7952,hold
2024-12-10,97.1300,3915600,96.5200,98.3700,96.0600,0.0009,0.0193,0.0431,0.0053,0.1192,67.6111,0.0191,0.0332,-0.0017,0.6781,-0.0810,0.7626,buy
2024-12-11,98.0400,3417400,98.0000,98.6800,97.0300,0.0094,-0.0015,0.0166,0.0130,0.1241,66.2029,0.0158,0.0320,-0.0020,0.7833,-0.1272,0.6907,buy
2024-12-12,98.6000,2859800,98.0400,98.9000,97.2500,0.0057,0.0014,0.0483,0.0141,0.1251,64.1010,0.0128,0.0313,-0.0021,0.8310,-0.1632,0.6005,sell
2024-12-13,97.9500,3165900,98.2900,99.1900,96.8600,-0.0066,-0.0127,0.0305,0.0044,0.1124,66.5601,0.0131,0.0302,-0.0027,0.7420,0.1070,0.6947,hold
2024-12-16,98.1600,3822400,98.2100,98.5000,97.0300,0.0021,0.0115,0.0298,0.0036,0.1097,66.2581,0.0131,0.0289,-0.0031,0.7387,0.2074,0.8585,sell
2024-12-17,97.6200,4009800,98.1600,99.3700,97.0100,-0.0055,0.0050,0.0245,-0.0043,0.0986,54.6384,0.0134,0.0273,-0.0039,0.6670,0.0490,0.9507,sell
2024-12-18,93.3600,5751000,98.0500,98.5700,92.8300,-0.0436,-0.0477,-0.0492,-0.0430,0.0470,47.6028,0.0164,0.0232,-0.0076,0.1893,0.4342,1.3628,buy
2024-12-19,94.8500,4582600,95.9400,96.8700,94.2300,0.0160,-0.0380,-0.0367,-0.0241,0.0602,49.3377,0.0175,0.0197,-0.0085,0.3326,-0.2032,1.0917,buy
2024-12-20,97.1900,13324400,93.7200,97.8300,93.3600,0.0247,-0.0078,-0.0204,0.0020,0.0828,55.4456,0.0195,0.0185,-0.0072,0.5992,1.9076,2.8686,sell
2024-12-23,96.4200,3107900,96.9300,97.0700,95.3400,-0.0079,-0.0177,-0.0064,-0.0053,0.0710,53.1547,0.0183,0.0172,-0.0069,0.4787,-0.7668,0.6760,buy
2024-12-24,97.8100,1764900,96.6500,97.8300,96.3200,0.0144,0.0019,0.0070,0.0084,0.0829,48.8414,0.0189,0.0168,-0.0056,0.6521,-0.4321,0.4157,hold
2024-12-26,97.2900,1661500,97.1600,97.6000,96.7300,-0.0053,0.0421,-0.0076,0.0038,0.0736,46.4865,0.0188,0.0162,-0.0051,0.5665,-0.0586,0.4060,sell
2024-12-27,96.0800,2774700,96.5100,96.5100,94.8000,-0.0124,0.0130,-0.0256,-0.0061,0.0570,40.8533,0.0190,0.0146,-0.0055,0.3567,0.6700,0.6870,sell
2024-12-30,95.1300,2127900,94.8800,95.7300,94.0000,-0.0099,-0.0212,-0.0288,-0.0131,0.0433,43.9899,0.0191,0.0124,-0.0064,0.1990,-0.2331,0.5268,sell
2024-12-31,94.4800,2183900,95.7900,96.0000,93.8700,-0.0068,-0.0201,-0.0375,-0.0161,0.0331,41.9453,0.0190,0.0099,-0.0072,0.1137,0.0263,0.5558,hold
2025-01-02,94.7500,2850700,95.3600,96.1700,93.2100,0.0029,-0.0313,-0.0294,-0.0103,0.0332,39.5952,0.0191,0.0080,-0.0072,0.1679,0.3053,0.7336,buy
2025-01-03,97.4700,4270700,95.7300,98.3800,95.3700,0.0287,0.0019,0.0440,0.0138,0.0594,46.8559,0.0153,0.0085,-0.0051,0.5974,0.4981,1.1091,buy
2025-01-06,97.9400,4193200,100.8800,101.0000,97.1200,0.0048,0.0194,0.0326,0.0154,0.0604,49.9719,0.0147,0.0093,-0.0034,0.6782,-0.0181,1.0854,sell
2025-01-07,95.9300,4006900,97.6900,98.0000,94.4000,-0.0205,0.0084,-0.0130,-0.0042,0.0353,44.3083,0.0144,0.0084,-0.0036,0.3754,-0.0444,1.0267,hold
2025-01-08,96.0400,4756100,95.2000,96.2700,93.3300,0.0011,0.0165,-0.0039,-0.0026,0.0329,45.8768,0.0142,0.0075,-0.0036,0.4029,0.1870,1.2110,sell
2025-01-10,94.5600,4019400,95.4400,95.6700,94.1500,-0.0154,-0.0020,-0.0332,-0.0147,0.0140,53.6630,0.0139,0.0056,-0.0046,0.1869,-0.1549,1.0221,sell
2025-01-13,93.8300,4148800,93.9700,94.3500,92.6400,-0.0077,-0.0373,-0.0356,-0.0187,0.0031,46.7350,0.0139,0.0033,-0.0055,0.1179,0.0322,1.0453,sell
2025-01-14,92.4900,5432800,92.5700,93.3300,90.8000,-0.0143,-0.0556,-0.0374,-0.0291,-0.0142,33.9261,0.0141,0.0003,-0.0069,-0.0084,0.3095,1.3258,buy
2025-01-15,93.0600,4846800,93.8800,94.1600,92.7600,0.0062,-0.0299,-0.0218,-0.0210,-0.0111,38.3495,0.0142,-0.0015,-0.0070,0.1219,-0.1079,1.1590,buy
2025-01-16,94.0500,2907900,93.9200,94.8500,93.4100,0.0106,-0.0207,-0.0046,-0.0101,-0.0038,36.5906,0.0146,-0.0021,-0.0060,0.2842,-0.4000,0.7031,hold
2025-01-17,94.2300,4917000,96.0900,96.0900,93.8800,0.0019,-0.0035,-0.0055,-0.0077,-0.0052,38.8158,0.0146,-0.0024,-0.0050,0.3304,0.6909,1.1759,buy
2025-01-21,97.2000,3850100,95.6500,97.2800,94.8200,0.0315,0.0359,-0.0028,0.0239,0.0220,53.6269,0.0153,-0.0000,-0.0021,0.7550,-0.2170,0.9422,buy
2025-01-22,98.2400,3542100,98.0000,98.3400,96.5900,0.0107,0.0622,0.0031,0.0345,0.0292,60.0129,0.0156,0.0025,0.0004,0.8667,-0.0800,0.8780,sell
2025-01-23,97.4500,3704700,97.6500,98.0700,95.9400,-0.0080,0.0472,0.0158,0.0245,0.0180,59.4767,0.0142,0.0039,0.0014,0.7485,0.0459,1.0426,sell
2025-01-24,96.9000,4139600,97.5700,97.5700,96.1100,-0.0056,0.0303,0.0090,0.0178,0.0112,56.7398,0.0143,0.0045,0.0016,0.6647,0.1174,1.1483,hold
2025-01-27,96.7700,4245500,94.9100,98.3300,94.1000,-0.0013,0.0270,0.0234,0.0141,0.0100,47.3802,0.0132,0.0048,0.0015,0.6580,0.0256,1.1385,buy
2025-01-28,99.8300,4380100,96.5300,100.3800,95.5500,0.0316,0.0271,0.0639,0.0397,0.0417,55.9248,0.0155,0.0073,0.0033,1.0249,0.0317,1.1333,sell
2025-01-29,99.3300,3124500,99.9200,100.2100,98.2000,-0.0050,0.0111,0.0740,0.0271,0.0362,61.7729,0.0144,0.0089,0.0039,0.9052,-0.2867,0.8048,buy
2025-01-30,100.9300,4168500,100.4100,102.1700,100.0200,0.0161,0.0357,0.0846,0.0353,0.0515,65.3484,0.0146,0.0112,0.0050,0.9999,0.3341,1.0462,hold
2025-01-31,100.8800,4089800,101.1400,102.8700,100.4700,-0.0005,0.0411,0.0726,0.0275,0.0495,71.7931,0.0149,0.0129,0.0053,0.9282,-0.0189,1.0025,hold
2025-02-03,100.9000,4943900,98.8700,101.4100,98.1200,0.0002,0.0427,0.0708,0.0208,0.0477,75.6345,0.0149,0.0141,0.0052,0.8790,0.2088,1.1815,buy
2025-02-04,102.7800,3900000,101.0000,102.8300,100.7000,0.0186,0.0296,0.0574,0.0340,0.0646,85.9037,0.0130,0.0160,0.0059,0.9761,-0.2111,0.9362,buy
2025-02-05,105.0700,4160000,103.1500,105.1200,101.8500,0.0223,0.0578,0.0695,0.0498,0.0855,87.4143,0.0140,0.0189,0.0072,1.0490,0.0667,0.9990,hold
2025-02-06,104.7200,6937700,105.4000,105.8200,103.9600,-0.0033,0.0376,0.0746,0.0388,0.0795,84.6204,0.0135,0.0211,0.0075,0.9483,0.6677,1.6094,buy
2025-02-07,107.6600,11183600,109.4900,110.5300,102.3700,0.0281,0.0672,0.1110,0.0567,0.1064,86.9565,0.0141,0.0240,0.0086,1.0285,0.6120,2.4143,buy
2025-02-10,109.5500,5111300,108.6500,110.9900,107.4500,0.0176,0.0857,0.1321,0.0619,0.1220,86.1322,0.0136,0.0275,0.0098,1.0284,-0.5430,1.0906,sell
2025-02-11,108.3300,4430100,109.5000,110.3300,107.8100,-0.0111,0.0540,0.0851,0.0415,0.1068,79.2125,0.0136,0.0296,0.0094,0.9097,-0.1333,0.9424,sell
2025-02-12,107.7000,4412300,107.0300,107.8000,104.2700,-0.0058,0.0250,0.0843,0.0272,0.0974,79.9532,0.0137,0.0304,0.0081,0.8445,-0.0040,0.9489,buy
2025-02-13,109.9800,3601400,108.9900,110.0300,107.6100,0.0212,0.0502,0.0897,0.0399,0.1172,84.7133,0.0141,0.0315,0.0078,0.9112,-0.1838,0.7850,buy
2025-02-14,111.6400,4981100,110.2700,112.3700,108.7200,0.0151,0.0370,0.1067,0.0450,0.1303,86.4997,0.0139,0.0333,0.0079,0.9376,0.3831,1.0618,buy
2025-02-18,114.2600,6666600,112.7000,114.8200,112.4600,0.0235,0.0430,0.1324,0.0563,0.1524,86.2017,0.0139,0.0357,0.0087,0.9920,0.3384,1.3951,hold
2025-02-19,114.5700,4912100,114.1100,114.6300,111.8800,0.0027,0.0576,0.1147,0.0478,0.1517,88.6018,0.0141,0.0379,0.0088,0.9410,-0.2632,1.0166,hold
2025-02-20,114.2100,6895600,113.8000,114.5300,110.8300,-0.0031,0.0604,0.0870,0.0358,0.1445,85.8919,0.0141,0.0391,0.0079,0.8773,0.4038,1.3793,sell
2025-02-21,110.0200,5172100,113.9600,114.5700,109.9300,-0.0367,0.0004,0.0506,-0.0070,0.1001,70.1855,0.0199,0.0380,0.0045,0.6821,-0.2499,1.0196,sell
2025-02-24,108.6900,5413900,109.3200,110.0200,107.3300,-0.0121,-0.0264,0.0096,-0.0199,0.0843,66.2630,0.0188,0.0350,0.0009,0.6059,0.0468,1.0540,sell
2025-02-25,108.0600,4429600,108.0800,108.5700,105.7800,-0.0058,-0.0543,-0.0136,-0.0243,0.0757,61.6299,0.0180,0.0316,-0.0022,0.5559,-0.1818,0.8608,buy
2025-02-26,109.0200,3799700,108.4600,110.2900,107.8300,0.0089,-0.0484,0.0064,-0.0162,0.0828,59.2419,0.0179,0.0288,-0.0037,0.5861,-0.1422,0.7426,sell
2025-02-27,107.0900,4305500,109.9800,111.3100,107.0000,-0.0177,-0.0623,-0.0057,-0.0331,0.0619,55.1634,0.0187,0.0256,-0.0060,0.4581,0.1331,0.8319,buy
2025-02-28,108.0100,5126300,106.9800,108.2600,105.9000,0.0086,-0.0183,-0.0179,-0.0230,0.0689,50.8361,0.0175,0.0229,-0.0068,0.4907,0.1906,0.9814,sell
2025-03-03,106.5400,5292000,108.8200,110.6700,106.0400,-0.0136,-0.0198,-0.0457,-0.0319,0.0526,42.6621,0.0168,0.0199,-0.0082,0.3670,0.0323,1.0016,hold
2025-03-04,106.4800,5443000,106.8100,107.7100,103.9300,-0.0006,-0.0146,-0.0681,-0.0255,0.0501,45.2196,0.0138,0.0170,-0.0089,0.3220,0.0285,1.0253,hold
2025-03-05,106.8000,4953800,105.3800,107.5000,103.7200,0.0030,-0.0204,-0.0678,-0.0156,0.0505,47.6366,0.0138,0.0147,-0.0088,0.3148,-0.0899,0.9240,sell
2025-03-06,101.7200,4443100,105.6500,106.6800,101.5000,-0.0476,-0.0501,-0.1094,-0.0515,-0.0008,31.0897,0.0187,0.0094,-0.0122,-0.0531,-0.1031,0.8265,hold
2025-03-07,101.2800,5560900,102.0000,102.3500,98.0500,-0.0043,-0.0623,-0.0794,-0.0478,-0.0059,24.8788,0.0165,0.0043,-0.0140,-0.0235,0.2516,1.0479,sell
2025-03-10,96.0400,5573600,99.3200,99.5400,95.7200,-0.0517,-0.0986,-0.1164,-0.0862,-0.0573,10.8004,0.0216,-0.0041,-0.0187,-0.1680,0.0023,1.1089,buy
2025-03-11,98.2800,6312000,96.4900,99.9400,95.5000,0.0233,-0.0770,-0.0905,-0.0561,-0.0354,17.6401,0.0243,-0.0088,-0.0184,0.0380,0.1325,1.2410,hold
2025-03-12,97.9300,4301600,99.5300,100.8500,97.6100,-0.0036,-0.0831,-0.1017,-0.0494,-0.0389,17.6471,0.0236,-0.0128,-0.0180,0.0826,-0.3185,0.8468,sell
2025-03-13,93.4200,4261600,97.4000,97.5000,93.2700,-0.0461,-0.0816,-0.1276,-0.0810,-0.0827,17.4254,0.0261,-0.0203,-0.0206,-0.0184,-0.0093,0.8402,buy
2025-03-14,96.2500,3973000,94.6400,96.6900,94.0000,0.0303,-0.0497,-0.1089,-0.0420,-0.0551,26.9459,0.0289,-0.0224,-0.0182,0.1424,-0.0677,0.7804,hold
2025-03-17,96.6700,4146300,95.7400,97.4900,95.5800,0.0044,0.0066,-0.0926,-0.0283,-0.0514,28.7262,0.0293,-0.0238,-0.0157,0.1931,0.0436,0.8212,hold
2025-03-18,96.9100,3481400,96.0800,97.2900,94.8100,0.0025,-0.0139,-0.0899,-0.0164,-0.0495,26.7563,0.0294,-0.0245,-0.0131,0.2279,-0.1604,0.7120,buy
2025-03-19,98.1700,4320800,97.3300,99.1800,97.0600,0.0130,0.0025,-0.0808,0.0052,-0.0372,32.4271,0.0300,-0.0234,-0.0097,0.2962,0.2411,0.8890,hold
2025-03-20,98.4500,4249100,97.1400,99.5900,97.1100,0.0029,0.0538,-0.0321,0.0114,-0.0346,30.6791,0.0267,-0.0223,-0.0069,0.3253,-0.0166,0.8987,hold
2025-03-21,98.6500,5778500,97.3200,98.7300,95.9400,0.0020,0.0249,-0.0260,0.0162,-0.0332,33.1913,0.0267,-0.0210,-0.0045,0.3533,0.3599,1.2144,buy
2025-03-24,99.7900,4047000,100.0000,100.2900,98.8100,0.0116,0.0323,0.0390,0.0240,-0.0227,36.3747,0.0205,-0.0186,-0.0019,0.4254,-0.2996,0.8629,buy
2025-03-25,102.0900,3423600,99.7200,102.2200,99.5500,0.0230,0.0535,0.0388,0.0435,-0.0016,41.1232,0.0204,-0.0146,0.0015,0.5587,-0.1540,0.7379,sell
2025-03-26,101.0100,2997300,101.6200,102.3400,100.4200,-0.0106,0.0289,0.0315,0.0292,-0.0136,48.4243,0.0209,-0.0125,0.0029,0.5248,-0.1245,0.6517,sell
2025-03-27,99.5400,3358300,100.2600,100.9700,98.9900,-0.0146,0.0111,0.0655,0.0080,-0.0293,46.3073,0.0137,-0.0120,0.0029,0.4593,0.1204,0.7377,sell
2025-03-28,96.6000,4501200,99.0700,99.4800,95.3700,-0.0295,-0.0208,0.0036,-0.0221,-0.0586,51.3170,0.0151,-0.0141,0.0011,0.2946,0.3403,0.9956,hold
2025-03-31,96.2600,6285500,94.4600,96.9700,93.2600,-0.0035,-0.0354,-0.0042,-0.0252,-0.0623,44.7831,0.0151,-0.0156,-0.0003,0.2886,0.3964,1.3752,hold
2025-04-01,96.6700,4109000,95.2200,96.8300,94.5400,0.0043,-0.0531,-0.0025,-0.0208,-0.0588,46.7559,0.0152,-0.0162,-0.0008,0.3335,-0.3463,0.9123,buy
2025-04-02,98.0800,3438300,95.0800,98.4000,95.0000,0.0146,-0.0290,-0.0009,-0.0064,-0.0452,64.2770,0.0153,-0.0151,0.0001,0.4876,-0.1632,0.7765,sell
2025-04-03,89.4400,8699100,92.7600,93.4800,89.3300,-0.0881,-0.1015,-0.0915,-0.0856,-0.1278,34.6136,0.0317,-0.0234,-0.0054,-0.2236,1.5301,1.8744,sell
2025-04-04,84.7100,11174900,86.5100,87.7900,84.2800,-0.0529,-0.1231,-0.1413,-0.1214,-0.1719,27.3828,0.0342,-0.0344,-0.0124,-0.2727,0.2846,2.2706,buy
2025-04-07,88.0000,11000400,82.3200,91.3800,81.7000,0.0388,-0.0858,-0.1181,-0.0760,-0.1382,34.8932,0.0375,-0.0372,-0.0128,0.0214,-0.0156,2.1183,hold
2025-04-08,88.1500,9188600,91.6600,91.9200,86.8200,0.0017,-0.0881,-0.1365,-0.0607,-0.1353,32.3467,0.0358,-0.0397,-0.0123,0.0908,-0.1647,1.7218,buy
2025-04-09,99.9300,9263400,88.8100,100.5000,87.8300,0.1336,0.0189,-0.0107,0.0661,-0.0198,51.8556,0.0589,-0.0270,-0.0022,0.7093,0.0081,1.6587,sell
2025-04-10,96.3200,6807700,97.2600,98.1900,93.5800,-0.0361,0.0769,-0.0323,0.0311,-0.0546,47.3088,0.0599,-0.0242,0.0012,0.5125,-0.2651,1.1918,hold
2025-04-11,97.7300,5502900,96.0100,98.1800,94.9700,0.0146,0.1537,0.0117,0.0449,-0.0402,47.6354,0.0593,-0.0195,0.0045,0.5828,-0.1917,0.9506,hold
2025-04-14,96.8500,4615600,99.8900,100.5000,95.3600,-0.0090,0.1006,0.0061,0.0349,-0.0481,43.7826,0.0594,-0.0167,0.0060,0.5360,-0.1612,0.7941,buy
2025-04-15,99.2000,3584000,97.3900,99.2400,97.2000,0.0243,0.1254,0.0262,0.0571,-0.0246,47.9152,0.0598,-0.0119,0.0082,0.6523,-0.2235,0.6161,sell
2025-04-16,96.0700,5678100,97.2000,98.6000,94.8000,-0.0316,-0.0386,-0.0205,0.0260,-0.0542,46.1504,0.0607,-0.0112,0.0076,0.4944,0.5843,0.9648,hold
2025-04-17,96.1300,2979100,96.8300,97.3500,95.8000,0.0006,-0.0020,0.0748,0.0193,-0.0519,49.4430,0.0523,-0.0102,0.0069,0.5036,-0.4753,0.5117,sell
2025-04-21,92.7200,3071500,94.8700,95.7100,91.3300,-0.0355,-0.0513,0.0946,-0.0251,-0.0834,46.0893,0.0503,-0.0126,0.0041,0.3399,0.0310,0.5402,buy
2025-04-22,94.3700,4621000,93.5100,95.0600,91.2400,0.0178,-0.0256,0.0724,-0.0144,-0.0646,47.5269,0.0494,-0.0124,0.0032,0.4398,0.5045,0.8086,buy
2025-04-23,97.0000,4330100,97.4500,99.5400,96.2900,0.0279,-0.0222,0.1004,0.0038,-0.0361,48.8684,0.0497,-0.0098,0.0043,0.5996,-0.0630,0.7517,buy
2025-04-24,100.7200,4087900,96.9900,101.1900,96.7500,0.0384,0.0484,0.0079,0.0415,0.0023,63.1776,0.0279,-0.0046,0.0072,0.8122,-0.0559,0.7030,buy
2025-04-25,101.8000,3350000,100.2700,101.9200,99.9900,0.0107,0.0590,0.0569,0.0467,0.0143,71.8263,0.0247,0.0001,0.0094,0.8555,-0.1805,0.5762,buy
2025-04-28,102.6400,3079100,102.3900,103.0800,100.9400,0.0083,0.1070,0.0502,0.0500,0.0242,69.9455,0.0245,0.0043,0.0108,0.8627,-0.0809,0.5361,buy
2025-04-29,104.2100,3128900,102.0200,104.5400,101.9700,0.0153,0.1043,0.0760,0.0581,0.0414,71.0651,0.0241,0.0086,0.0121,0.8935,0.0162,0.5602,hold
2025-04-30,103.7600,5456900,101.8600,103.9800,100.3400,-0.0043,0.0697,0.0460,0.0487,0.0390,57.1482,0.0236,0.0117,0.0121,0.8366,0.7440,0.9653,hold
2025-05-01,104.2100,4088300,104.8800,106.4100,104.1400,0.0043,0.0347,0.0847,0.0446,0.0457,66.6949,0.0199,0.0142,0.0117,0.8273,-0.2508,0.7191,buy
2025-05-02,106.1800,3795600,105.7100,106.6500,104.6300,0.0189,0.0430,0.1045,0.0538,0.0672,67.4659,0.0200,0.0173,0.0118,0.8699,-0.0716,0.6977,buy
2025-05-05,108.6900,5447100,104.5700,109.3300,104.4600,0.0236,0.0589,0.1722,0.0619,0.0927,72.9280,0.0122,0.0211,0.0126,0.9506,0.4351,1.0569,sell
2025-05-06,107.1400,4775200,105.9900,108.5100,105.4300,-0.0143,0.0281,0.1353,0.0338,0.0775,65.8673,0.0155,0.0233,0.0118,0.8570,-0.1234,0.9861,hold
2025-05-07,106.7200,6859300,106.0400,107.4400,105.4700,-0.0039,0.0285,0.1002,0.0202,0.0735,73.8682,0.0153,0.0243,0.0102,0.8260,0.4364,1.4514,sell
2025-05-08,97.7400,15635100,97.6000,99.2700,93.2500,-0.0841,-0.0621,-0.0296,-0.0630,-0.0146,52.5777,0.0309,0.0197,0.0034,0.3533,1.2794,3.0993,hold
2025-05-09,97.4200,5721200,98.3300,98.3800,95.4200,-0.0033,-0.0825,-0.0430,-0.0621,-0.0159,58.3511,0.0306,0.0139,-0.0019,0.3318,-0.6341,1.1465,buy
2025-05-12,102.0400,6251500,99.8500,102.1300,99.1900,0.0474,-0.0612,-0.0058,-0.0171,0.0321,62.3272,0.0346,0.0124,-0.0022,0.5679,0.0927,1.2434,buy
2025-05-13,105.0500,5890000,101.4900,105.5000,101.2800,0.0295,-0.0195,0.0081,0.0111,0.0628,62.7818,0.0355,0.0135,-0.0006,0.7082,-0.0578,1.1568,sell
2025-05-14,103.2300,4513500,105.1000,105.9700,102.6800,-0.0173,-0.0327,-0.0051,-0.0059,0.0451,54.2413,0.0360,0.0133,-0.0008,0.5992,-0.2337,0.8785,hold
2025-05-15,102.5600,4680100,102.5000,103.4000,101.3400,-0.0065,0.0493,-0.0158,-0.0108,0.0392,51.3023,0.0360,0.0124,-0.0014,0.5473,0.0369,0.9198,buy
2025-05-16,104.5900,4510500,103.2300,105.1100,102.6900,0.0198,0.0736,-0.0150,0.0104,0.0592,53.2104,0.0361,0.0128,-0.0006,0.6424,-0.0362,0.8733,hold
2025-05-19,104.7500,3562300,103.5600,104.9500,103.5000,0.0015,0.0266,-0.0362,0.0158,0.0600,50.9323,0.0351,0.0132,-0.0001,0.6351,-0.2102,0.6865,hold
2025-05-20,104.7900,3958300,104.8900,104.8900,103.2000,0.0004,-0.0025,-0.0219,0.0185,0.0586,51.8038,0.0349,0.0135,0.0001,0.6204,0.1112,0.7677,sell
2025-05-21,102.8400,4423700,103.7000,104.7800,102.7500,-0.0186,-0.0038,-0.0364,0.0033,0.0379,47.7205,0.0353,0.0123,-0.0011,0.4366,0.1176,0.8572,hold
2025-05-22,103.6200,3655100,103.3300,104.6900,103.0800,0.0076,0.0103,0.0602,0.0052,0.0446,45.5648,0.0208,0.0115,-0.0014,0.4928,-0.1737,0.7112,hold
2025-05-23,103.1600,3768800,102.1600,103.5300,101.5800,-0.0044,-0.0137,0.0589,-0.0049,0.0379,39.6867,0.0209,0.0105,-0.0019,0.4438,0.0311,0.7304,buy
2025-05-27,104.7400,4249100,104.2000,106.0600,104.1700,0.0153,-0.0001,0.0265,0.0078,0.0520,45.5291,0.0156,0.0107,-0.0013,0.5805,0.1274,0.8142,hold
2025-05-28,104.5100,3740100,104.7400,105.5800,104.2200,-0.0022,-0.0027,-0.0051,0.0061,0.0480,45.8537,0.0125,0.0106,-0.0011,0.5577,-0.1198,0.7125,sell
2025-05-29,102.0400,4731600,105.2200,105.5000,100.9000,-0.0236,-0.0078,-0.0115,-0.0166,0.0222,60.6753,0.0135,0.0088,-0.0026,0.3388,0.2651,0.9077,hold
2025-05-30,101.7800,17093000,102.2000,102.4800,100.5400,-0.0025,-0.0178,-0.0076,-0.0183,0.0189,60.8566,0.0134,0.0069,-0.0036,0.3283,2.6125,2.9154,buy
2025-06-02,102.4700,5242600,101.1000,102.5200,99.8500,0.0068,-0.0067,-0.0203,-0.0097,0.0250,51.3313,0.0117,0.0057,-0.0037,0.4056,-0.6933,0.8833,buy
2025-06-03,102.8800,3789900,102.2600,103.1700,102.0600,0.0040,-0.0178,-0.0179,-0.0039,0.0282,41.9926,0.0118,0.0051,-0.0034,0.4666,-0.2771,0.6476,sell
2025-06-04,101.6200,3392800,102.5000,102.8400,101.3200,-0.0122,-0.0277,-0.0303,-0.0131,0.0152,43.8029,0.0122,0.0037,-0.0040,0.3554,-0.1048,0.5866,buy
2025-06-05,103.5000,3368100,102.0700,103.9800,101.7500,0.0185,0.0143,0.0064,0.0045,0.0337,53.3099,0.0126,0.0039,-0.0029,0.5880,-0.0073,0.6005,buy
2025-06-06,104.9400,3296600,104.3200,105.2000,103.7300,0.0139,0.0310,0.0127,0.0172,0.0473,51.2858,0.0131,0.0051,-0.0013,0.7565,-0.0212,0.6604,sell
2025-06-09,102.0800,3904800,104.7300,105.0000,101.9400,-0.0273,-0.0038,-0.0105,-0.0095,0.0182,41.8148,0.0159,0.0039,-0.0021,0.2306,0.1845,0.7967,hold
2025-06-10,101.6300,3789300,102.3300,102.9000,101.0700,-0.0044,-0.0122,-0.0297,-0.0109,0.0127,40.5502,0.0149,0.0025,-0.0028,0.1483,-0.0296,0.7931,hold
2025-06-11,102.0200,4220300,101.4200,104.0100,100.1400,0.0038,0.0039,-0.0238,-0.0046,0.0154,47.2955,0.0150,0.0017,-0.0029,0.2523,0.1137,0.8990,hold
2025-06-12,101.6600,2946600,101.8400,102.7900,101.4700,-0.0035,-0.0178,-0.0037,-0.0078,0.0109,43.3514,0.0131,0.0007,-0.0031,0.2047,-0.3018,0.6383,sell
2025-06-13,100.8300,3425200,100.7800,103.3400,100.3100,-0.0082,-0.0392,-0.0093,-0.0150,0.0021,42.2899,0.0133,-0.0007,-0.0036,0.0862,0.1624,0.7522,buy
2025-06-16,101.9500,3519800,101.1000,103.2300,101.1000,0.0111,-0.0013,-0.0051,-0.0035,0.0107,40.4778,0.0137,-0.0009,-0.0031,0.3179,0.0276,0.7815,buy
2025-06-17,102.8800,4096000,101.5300,104.5000,101.3000,0.0091,0.0123,0.0000,0.0056,0.0162,44.6905,0.0139,-0.0003,-0.0020,0.5171,0.1637,0.9041,sell
2025-06-18,100.8200,4337300,103.2600,103.4000,99.8400,-0.0200,-0.0118,-0.0079,-0.0138,-0.0066,45.9170,0.0149,-0.0015,-0.0025,0.1284,0.0589,0.9534,sell
2025-06-20,99.8500,6944000,101.3200,101.9900,98.8600,-0.0096,-0.0178,-0.0353,-0.0198,-0.0185,43.8339,0.0134,-0.0032,-0.0034,0.0161,0.6010,1.4852,buy
2025-06-23,103.1500,4523500,99.7800,103.4600,98.6000,0.0330,0.0230,-0.0171,0.0144,0.0133,51.8620,0.0171,-0.0018,-0.0016,0.6367,-0.3486,0.9586,buy
2025-06-24,104.4200,3540500,104.3200,104.9900,103.3900,0.0123,0.0242,0.0229,0.0245,0.0242,54.0272,0.0149,0.0002,0.0003,0.8474,-0.2173,0.7521,sell
2025-06-25,103.6900,2791900,104.8700,105.7900,103.5200,-0.0070,0.0079,0.0203,0.0153,0.0158,55.5675,0.0151,0.0013,0.0011,0.7377,-0.2114,0.6024,hold
2025-06-26,103.8600,2816300,103.7300,104.7400,103.1000,0.0016,0.0302,0.0180,0.0151,0.0161,51.0664,0.0151,0.0022,0.0016,0.7863,0.0087,0.6138,sell
2025-06-27,103.1100,5706100,103.9200,104.4700,102.9400,-0.0072,0.0326,0.0143,0.0064,0.0080,44.3484,0.0152,0.0023,0.0014,0.6277,1.0261,1.2305,buy
2025-06-30,105.7200,4095400,103.9000,105.9600,103.4100,0.0253,0.0249,0.0485,0.0270,0.0316,61.4178,0.0165,0.0043,0.0027,1.0252,-0.2823,1.0271,sell
2025-07-01,102.4300,6138000,105.3600,105.8500,100.9100,-0.0311,-0.0191,0.0047,-0.0055,-0.0018,52.1299,0.0198,0.0034,0.0015,0.4620,0.4988,1.5223,hold
2025-07-02,102.2100,3749300,101.8100,102.6500,100.9100,-0.0021,-0.0143,-0.0065,-0.0070,-0.0057,50.5105,0.0196,0.0025,0.0004,0.4301,-0.3892,0.9303,buy
2025-07-03,105.6600,2864100,102.6800,106.1200,102.6200,0.0338,0.0173,0.0480,0.0218,0.0256,59.2166,0.0210,0.0042,0.0018,0.9464,-0.2361,0.7154,buy
2025-07-07,106.6500,4762200,105.6000,107.5600,105.0200,0.0094,0.0343,0.0681,0.0246,0.0332,63.3120,0.0203,0.0063,0.0031,1.0092,0.6627,1.1691,buy
2025-07-08,107.5400,5288500,106.9700,107.8300,103.3600,0.0083,0.0172,0.0426,0.0288,0.0405,62.9219,0.0182,0.0085,0.0042,1.0456,0.1105,1.2673,hold
2025-07-09,107.6500,4442500,108.6500,108.7700,105.6200,0.0010,0.0510,0.0309,0.0267,0.0404,61.4608,0.0180,0.0102,0.0048,0.9732,-0.1600,1.0578,sell
2025-07-10,100.2000,5972600,107.7100,108.0900,99.9100,-0.0692,-0.0197,-0.0337,-0.0412,-0.0312,48.8168,0.0292,0.0064,0.0004,0.1661,0.3444,1.3861,sell
2025-07-11,99.0600,4132000,100.0000,100.6200,98.7000,-0.0114,-0.0625,-0.0462,-0.0477,-0.0412,48.5021,0.0292,0.0018,-0.0034,0.0903,-0.3082,0.9599,buy
2025-07-14,102.9700,6019600,99.3600,103.5600,99.2500,0.0395,-0.0345,-0.0014,-0.0100,-0.0032,49.6664,0.0323,0.0013,-0.0030,0.4736,0.4568,1.3502,buy
2025-07-15,104.9300,4172800,103.4100,105.4400,103.3800,0.0190,-0.0243,-0.0075,0.0096,0.0156,50.9216,0.0318,0.0024,-0.0014,0.6528,-0.3068,0.9282,sell
2025-07-16,103.4400,3509300,104.9300,105.1900,101.5500,-0.0142,-0.0391,0.0099,-0.0057,0.0017,49.5603,0.0304,0.0021,-0.0014,0.4926,-0.1590,0.7807,buy
2025-07-17,104.9200,3480900,103.5000,105.4600,103.3500,0.0143,0.0471,0.0265,0.0059,0.0168,51.7821,0.0306,0.0029,-0.0004,0.6343,-0.0081,0.7797,hold
2025-07-18,105.4200,3640800,105.7100,106.5700,104.7200,0.0048,0.0642,-0.0023,0.0110,0.0220,53.9166,0.0287,0.0039,0.0005,0.6662,0.0459,0.8219,buy
2025-07-21,106.9400,3533600,105.1600,107.5200,104.3600,0.0144,0.0386,0.0027,0.0252,0.0367,52.1479,0.0289,0.0058,0.0019,0.8020,-0.0294,0.8297,sell
2025-07-22,104.8100,2951400,106.9300,107.4000,104.6400,-0.0199,-0.0011,-0.0254,0.0075,0.0146,54.3686,0.0295,0.0057,0.0014,0.5585,-0.1648,0.7060,hold
2025-07-23,105.0600,2582700,104.9100,105.1500,103.1400,0.0024,0.0157,-0.0241,0.0124,0.0155,55.2255,0.0295,0.0057,0.0011,0.5824,-0.1249,0.6250,hold
2025-07-24,104.7700,2440000,105.3100,106.1900,104.0300,-0.0028,-0.0014,0.0456,0.0052,0.0122,48.1543,0.0179,0.0054,0.0006,0.5445,-0.0553,0.5930,hold
2025-07-25,104.8200,2087900,105.2300,105.8500,104.7200,0.0005,-0.0057,0.0581,0.0001,0.0127,46.0509,0.0171,0.0051,0.0003,0.5447,-0.1443,0.5119,hold
2025-07-28,104.8800,2129000,104.9800,106.2100,104.1200,0.0006,-0.0193,0.0185,-0.0011,0.0130,44.0465,0.0124,0.0049,0.0001,0.5419,0.0197,0.5459,hold
2025-07-29,104.7700,3246900,105.6300,106.9500,103.2100,-0.0010,-0.0004,-0.0015,-0.0020,0.0115,43.5542,0.0108,0.0046,-0.0002,0.5352,0.5251,0.8418,sell
2025-07-30,101.7100,5326200,104.8800,104.8800,99.7800,-0.0292,-0.0319,-0.0167,-0.0296,-0.0175,54.2061,0.0136,0.0020,-0.0023,0.2009,0.6404,1.3955,sell
2025-07-31,99.9000,4311900,102.2700,102.6000,99.6700,-0.0178,-0.0465,-0.0478,-0.0423,-0.0341,52.2556,0.0133,-0.0016,-0.0048,0.0481,-0.1904,1.1215,sell
2025-08-01,97.3600,4709400,99.3800,99.3800,96.8300,-0.0254,-0.0712,-0.0765,-0.0593,-0.0573,33.7391,0.0142,-0.0066,-0.0079,-0.0701,0.0922,1.1962,buy
2025-08-04,98.5500,5383000,97.8200,99.3500,96.5400,0.0122,-0.0604,-0.0785,-0.0401,-0.0450,30.6432,0.0139,-0.0093,-0.0085,0.0916,0.1430,1.3566,sell
2025-08-05,96.2100,4034200,98.4500,99.4000,96.1200,-0.0237,-0.0817,-0.0821,-0.0549,-0.0663,29.1402,0.0143,-0.0136,-0.0102,-0.0125,-0.2506,1.0330,hold
2025-08-06,96.5800,8765700,96.9900,97.5900,96.3000,0.0038,-0.0504,-0.0807,-0.0433,-0.0615,24.2910,0.0144,-0.0163,-0.0103,0.0702,1.1728,2.1268,sell
2025-08-07,75.3000,47433000,74.3000,75.3500,70.1200,-0.2203,-0.2462,-0.2813,-0.2317,-0.2641,9.2973,0.0684,-0.0460,-0.0307,-0.4317,4.4112,7.6573,hold
2025-08-08,74.3900,17024500,76.1100,76.7100,72.8300,-0.0121,-0.2359,-0.2903,-0.2167,-0.2687,5.2762,0.0679,-0.0668,-0.0411,-0.1964,-0.6411,2.4893,hold
2025-08-11,74.5700,13429600,74.0200,76.9000,73.8100,0.0024,-0.2433,-0.2890,-0.1889,-0.2629,6.0976,0.0680,-0.0816,-0.0447,-0.0574,-0.2112,1.8627,buy
2025-08-12,78.4700,15463900,75.0000,78.9900,74.9800,0.0523,-0.1844,-0.2510,-0.1213,-0.2208,15.0958,0.0725,-0.0838,-0.0390,0.0935,0.1515,1.9891,hold
2025-08-13,79.3300,14129000,79.8800,80.1000,78.0500,0.0110,-0.1786,-0.2200,-0.0889,-0.2086,17.0978,0.0734,-0.0859,-0.0333,0.1552,-0.0863,1.7012,sell
2025-08-14,77.2500,11823100,78.0500,78.6000,76.8200,-0.0262,0.0259,-0.2267,-0.0890,-0.2254,16.1219,0.0734,-0.0919,-0.0302,0.1548,-0.1632,1.3555,buy
2025-08-15,79.1100,10868800,77.6800,79.8200,77.0400,0.0241,0.0634,-0.1874,-0.0466,-0.2032,19.6752,0.0749,-0.0895,-0.0235,0.2222,-0.0807,1.1965,hold
2025-08-18,80.7600,12268400,79.5700,81.2000,78.9400,0.0209,0.0830,-0.1805,-0.0054,-0.1828,22.7345,0.0753,-0.0850,-0.0162,0.2779,0.1288,1.2886,sell
2025-08-19,78.0900,15012600,81.2800,81.2800,77.1000,-0.0331,-0.0048,-0.1883,-0.0163,-0.2055,22.9377,0.0754,-0.0874,-0.0130,0.2510,0.2237,1.4829,hold
2025-08-20,79.6100,12247300,78.0900,80.3000,77.3000,0.0195,0.0035,-0.1757,0.0247,-0.1863,26.5975,0.0761,-0.0828,-0.0079,0.3026,-0.1842,1.1547,sell
2025-08-21,77.7500,9966800,78.9100,79.1100,76.8600,-0.0234,0.0065,0.0325,-0.0023,-0.2014,27.0213,0.0271,-0.0834,-0.0054,0.2869,-0.1862,0.9075,buy
2025-08-22,80.0200,6175800,78.3100,80.6200,78.2100,0.0292,0.0115,0.0757,0.0194,-0.1744,28.8229,0.0276,-0.0768,-0.0008,0.3532,-0.3804,0.5520,sell
2025-08-25,77.6400,7269000,79.9000,79.9900,77.6100,-0.0297,-0.0386,0.0412,-0.0148,-0.1949,28.7965,0.0300,-0.0773,0.0008,0.3203,0.1770,0.6352,hold
2025-08-26,77.6500,6114300,77.9500,78.3300,77.2100,0.0001,-0.0056,-0.0104,-0.0136,-0.1909,28.2063,0.0249,-0.0750,0.0026,0.3385,-0.1589,0.5276,hold
2025-08-27,78.1300,5711000,78.0400,78.3400,77.5100,0.0062,-0.0186,-0.0151,-0.0060,-0.1819,56.2527,0.0247,-0.0713,0.0046,0.3693,-0.0660,0.4920,buy
2025-08-28,79.2900,4929700,78.1800,79.4100,77.9400,0.0148,0.0198,0.0264,0.0062,-0.1656,60.7080,0.0234,-0.0659,0.0071,0.4221,-0.1368,0.4236,hold
2025-08-29,78.7700,4458200,79.1700,79.5200,78.3200,-0.0066,-0.0156,-0.0043,-0.0000,-0.1672,59.0439,0.0223,-0.0626,0.0087,0.4270,-0.0956,0.3835,sell
2025-09-02,76.9300,7353500,75.2400,77.2600,75.0000,-0.0234,-0.0091,-0.0474,-0.0186,-0.1827,46.3611,0.0221,-0.0623,0.0086,0.3792,0.6494,0.6272,hold
2025-09-03,76.5800,4857800,76.7300,77.1300,76.1000,-0.0045,-0.0138,-0.0193,-0.0212,-0.1818,43.3414,0.0197,-0.0608,0.0083,0.3766,-0.3394,0.4129,hold
2025-09-04,76.4400,6127700,76.2600,76.6300,75.1100,-0.0018,-0.0216,-0.0398,-0.0190,-0.1784,47.8354,0.0183,-0.0590,0.0082,0.3041,0.2614,0.5267,buy
2025-09-05,78.8300,10495900,76.9100,79.4900,76.8800,0.0313,-0.0058,0.0139,0.0103,-0.1482,49.2724,0.0199,-0.0526,0.0100,0.6287,0.7129,1.0725,buy
2025-09-08,80.3600,6728800,79.1800,80.4000,79.1800,0.0194,0.0202,0.0042,0.0294,-0.1272,48.9540,0.0186,-0.0460,0.0123,0.8469,-0.3589,0.7257,sell
2025-09-09,79.8400,4507700,80.4000,80.4000,79.2500,-0.0065,0.0378,0.0283,0.0199,-0.1284,55.1562,0.0156,-0.0419,0.0135,0.7580,-0.3301,0.5108,hold
2025-09-10,79.4800,5899400,79.9300,80.6000,78.9000,-0.0045,0.0379,0.0236,0.0129,-0.1274,49.5889,0.0157,-0.0385,0.0137,0.6740,0.3087,0.7067,buy
2025-09-11,80.8900,6932300,80.0400,81.2200,79.6800,0.0177,0.0582,0.0353,0.0273,-0.1077,60.2214,0.0164,-0.0332,0.0144,0.9061,0.1751,0.8679,sell
2025-09-12,79.6800,4428900,80.9300,81.2700,79.6500,-0.0150,0.0108,0.0049,0.0114,-0.1166,48.8112,0.0169,-0.0309,0.0140,0.6655,-0.3611,0.5814,buy
2025-09-15,81.0000,6220500,80.2500,81.0600,79.6100,0.0166,0.0080,0.0283,0.0253,-0.0971,62.6888,0.0174,-0.0266,0.0141,0.8699,0.4045,0.8423,sell
2025-09-16,79.7800,5585100,80.9400,81.0000,79.4900,-0.0151,-0.0008,0.0370,0.0062,-0.1053,57.3702,0.0161,-0.0249,0.0131,0.6711,-0.1021,0.7921,buy
2025-09-17,80.2900,4978200,79.8500,80.8700,79.7200,0.0064,0.0102,0.0484,0.0079,-0.0940,57.4586,0.0159,-0.0223,0.0124,0.7394,-0.1087,0.7601,buy
2025-09-18,80.9900,5119700,81.3300,81.8700,80.7600,0.0087,0.0012,0.0595,0.0109,-0.0806,56.0628,0.0157,-0.0192,0.0121,0.8360,0.0284,0.8267,buy
2025-09-19,84.2100,22847000,82.4600,84.7000,82.1700,0.0398,0.0569,0.0682,0.0441,-0.0406,66.2680,0.0174,-0.0131,0.0136,1.1623,3.4626,3.3417,buy
2025-09-22,85.0100,6172900,83.1300,85.1200,81.9000,0.0095,0.0495,0.0579,0.0480,-0.0283,75.7653,0.0169,-0.0079,0.0149,1.1071,-0.7298,0.9029,hold
2025-09-23,85.2700,5370400,85.1200,86.0600,84.1400,0.0031,0.0688,0.0680,0.0442,-0.0214,77.8704,0.0163,-0.0035,0.0153,1.0267,-0.1300,0.7966,sell
2025-09-24,83.6000,5658600,85.2900,86.2100,83.3400,-0.0196,0.0412,0.0518,0.0186,-0.0359,70.9112,0.0181,-0.0017,0.0140,0.8231,0.0537,0.8422,hold
2025-09-25,83.2100,4756400,82.9600,83.4000,81.7600,-0.0047,0.0274,0.0287,0.0110,-0.0359,64.4841,0.0178,-0.0006,0.0122,0.7578,-0.1594,0.7130,buy
2025-09-26,84.3200,4171900,83.2000,84.8900,82.9700,0.0133,0.0013,0.0582,0.0188,-0.0183,63.4694,0.0168,0.0013,0.0112,0.8258,-0.1229,0.6289,hold
2025-09-29,84.6500,4652000,84.8800,85.1600,83.6000,0.0039,-0.0042,0.0451,0.0182,-0.0097,66.5748,0.0164,0.0031,0.0103,0.8188,0.1151,0.7003,sell
2025-09-30,84.0800,3967000,84.3300,84.9900,83.5000,-0.0067,-0.0140,0.0539,0.0062,-0.0111,65.6250,0.0155,0.0040,0.0090,0.7451,-0.1472,0.6128,buy
2025-10-01,85.1800,4314900,83.9200,85.3300,83.6700,0.0131,0.0189,0.0609,0.0134,0.0065,64.8855,0.0157,0.0056,0.0084,0.8224,0.0877,0.6693,buy
2025-10-02,86.2900,4639200,85.2500,86.3900,84.6600,0.0130,0.0370,0.0654,0.0202,0.0242,73.0957,0.0158,0.0078,0.0084,0.9064,0.0752,0.7280,sell
2025-10-03,85.7900,4247400,86.8000,87.2400,85.5400,-0.0058,0.0174,0.0188,0.0124,0.0229,67.7539,0.0110,0.0090,0.0078,0.8233,-0.0845,0.7009,buy
2025-10-06,86.3800,3844800,86.3500,87.1900,85.9600,0.0069,0.0204,0.0161,0.0177,0.0344,75.6610,0.0108,0.0103,0.0073,0.8437,-0.0948,0.6499,sell
2025-10-07,84.9200,4330300,86.3600,87.0500,84.6600,-0.0169,0.0100,-0.0041,0.0009,0.0218,66.7632,0.0122,0.0101,0.0056,0.6754,0.1263,0.7331,buy
2025-10-08,86.4600,5614300,85.6000,86.7300,85.1300,0.0181,0.0150,0.0342,0.0156,0.0450,68.6690,0.0114,0.0109,0.0052,0.8099,0.2965,0.9528,hold
2025-10-09,86.1900,3926700,85.7000,86.5200,84.1500,-0.0031,-0.0012,0.0358,0.0089,0.0456,58.4616,0.0113,0.0114,0.0045,0.7545,-0.3006,0.6838,sell
2025-10-10,83.0400,4604600,86.5000,87.1000,82.9800,-0.0365,-0.0321,-0.0152,-0.0265,0.0116,42.9893,0.0164,0.0090,0.0015,0.3803,0.1726,0.8006,buy
2025-10-13,84.2000,4433600,84.7000,85.2000,83.5900,0.0140,-0.0252,-0.0053,-0.0124,0.0290,46.4214,0.0171,0.0077,0.0002,0.5009,-0.0371,0.7831,sell
2025-10-14,83.0800,4915200,82.5000,83.9000,82.2000,-0.0133,-0.0217,-0.0119,-0.0243,0.0192,48.1945,0.0175,0.0057,-0.0015,0.3092,0.1086,0.8733,buy
2025-10-15,83.5800,4136100,83.7200,84.7800,83.0700,0.0060,-0.0333,-0.0188,-0.0166,0.0285,51.2750,0.0170,0.0044,-0.0022,0.3306,-0.1585,0.7404,sell
2025-10-16,83.1400,4020000,83.7400,84.3400,82.1700,-0.0053,-0.0354,-0.0365,-0.0182,0.0265,45.7370,0.0162,0.0030,-0.0029,0.1814,-0.0281,0.7268,hold
2025-10-17,83.4400,4162000,82.5900,83.7700,82.3100,0.0036,0.0048,-0.0274,-0.0119,0.0281,45.6191,0.0163,0.0021,-0.0030,0.2593,0.0353,0.9054,buy
2025-10-20,84.8600,3968300,83.0500,84.9600,83.0500,0.0170,0.0078,-0.0176,0.0068,0.0429,52.6603,0.0172,0.0027,-0.0019,0.5578,-0.0465,0.8845,hold
2025-10-21,84.7800,4828900,83.4100,85.1200,81.1000,-0.0009,0.0205,-0.0016,0.0060,0.0393,48.5337,0.0164,0.0031,-0.0012,0.5466,0.2169,1.0828,hold
2025-10-22,84.6600,4101800,85.0000,85.4900,84.0700,-0.0014,0.0129,-0.0208,0.0067,0.0363,43.5573,0.0151,0.0033,-0.0008,0.5102,-0.1506,0.9361,hold
2025-10-23,84.9300,2548700,84.6600,85.4700,84.3400,0.0032,0.0215,-0.0146,0.0114,0.0382,46.5378,0.0152,0.0036,-0.0004,0.5519,-0.3786,0.5967,buy
2025-10-24,85.5600,3367500,85.7700,85.8600,84.9800,0.0074,0.0254,0.0303,0.0159,0.0437,46.7095,0.0089,0.0044,0.0004,0.6772,0.3213,0.7959,sell
2025-10-27,85.2900,4166100,86.1300,86.5600,85.1400,-0.0032,0.0051,0.0129,0.0114,0.0389,51.6415,0.0082,0.0048,0.0006,0.6097,0.2371,0.9903,buy
2025-10-28,85.8700,4895600,86.0700,87.0400,84.9800,0.0068,0.0129,0.0336,0.0149,0.0446,47.1387,0.0065,0.0055,0.0010,0.7157,0.1751,1.1510,sell
2025-10-29,84.2200,5430700,84.8500,85.0000,83.5600,-0.0192,-0.0052,0.0077,-0.0054,0.0230,41.5740,0.0095,0.0046,0.0000,0.3668,0.1093,1.2603,hold
2025-10-30,84.2000,4575300,84.5800,85.6000,84.1500,-0.0002,-0.0086,0.0127,-0.0069,0.0217,56.7757,0.0093,0.0037,-0.0007,0.3804,-0.1575,1.0626,buy
2025-10-31,86.4300,4680400,84.2100,86.8300,84.0000,0.0265,0.0102,0.0358,0.0159,0.0465,61.5784,0.0123,0.0049,0.0005,0.8634,0.0230,1.0815,buy
2025-11-03,87.5200,6239600,86.0200,87.6600,84.8800,0.0126,0.0261,0.0313,0.0255,0.0578,73.1250,0.0118,0.0069,0.0020,1.0378,0.3331,1.4030,sell
2025-11-04,85.2200,5906500,86.5000,86.8400,84.4200,-0.0263,-0.0076,0.0052,-0.0020,0.0281,57.1930,0.0151,0.0064,0.0011,0.5768,-0.0534,1.3050,buy
2025-11-05,85.9900,8713500,84.6100,86.3200,84.0000,0.0090,0.0210,0.0157,0.0055,0.0353,62.1483,0.0153,0.0065,0.0010,0.7397,0.4752,1.8614,sell
2025-11-06,80.5400,13371800,76.0500,81.6900,75.3100,-0.0634,-0.0435,-0.0517,-0.0534,-0.0309,41.4099,0.0256,0.0016,-0.0034,-0.1587,0.5346,2.5948,buy
2025-11-07,81.7900,7152600,79.7800,81.9800,79.5500,0.0155,-0.0537,-0.0441,-0.0344,-0.0164,40.8139,0.0261,-0.0014,-0.0050,0.0824,-0.4651,1.3545,hold
2025-11-10,82.2800,6447900,82.3000,82.6200,80.2700,0.0060,-0.0599,-0.0353,-0.0252,-0.0114,42.6986,0.0263,-0.0032,-0.0054,0.1880,-0.0985,1.1982,buy
2025-11-11,83.6600,5108100,82.2800,84.2400,82.0900,0.0168,-0.0183,-0.0257,-0.0062,0.0036,47.2797,0.0269,-0.0031,-0.0043,0.3885,-0.2078,0.9475,sell
2025-11-12,82.1400,4786400,83.3500,84.0300,81.7600,-0.0182,-0.0448,-0.0247,-0.0219,-0.0159,42.8935,0.0269,-0.0047,-0.0047,0.1828,-0.0630,0.8825,sell
2025-11-13,81.0300,4735300,81.4500,82.5500,80.9500,-0.0135,0.0061,-0.0376,-0.0314,-0.0303,38.7370,0.0271,-0.0069,-0.0056,0.0708,-0.0107,0.8674,buy
2025-11-14,82.3100,5149800,80.1400,83.2600,79.7500,0.0158,0.0064,-0.0477,-0.0113,-0.0158,42.9451,0.0259,-0.0072,-0.0047,0.2561,0.0875,0.9348,hold
2025-11-17,81.9400,4479000,82.1000,82.9600,81.7700,-0.0045,-0.0041,-0.0638,-0.0091,-0.0206,40.6026,0.0252,-0.0078,-0.0042,0.2343,-0.1303,0.8093,sell
2025-11-18,80.1500,6448400,81.6000,82.2600,79.1400,-0.0218,-0.0420,-0.0595,-0.0247,-0.0421,40.3325,0.0249,-0.0101,-0.0052,0.0726,0.4397,1.1484,hold
2025-11-19,79.7300,4190100,79.8200,80.3700,79.3200,-0.0052,-0.0293,-0.0728,-0.0224,-0.0472,39.5804,0.0243,-0.0122,-0.0058,0.0857,-0.3502,0.7456,sell
2025-11-20,78.0400,5994200,80.5000,81.2100,77.7900,-0.0212,-0.0369,-0.0310,-0.0402,-0.0667,29.9378,0.0156,-0.0156,-0.0073,0.0002,0.4306,1.0349,buy
2025-11-21,78.8600,5531300,77.8000,79.5000,77.1700,0.0105,-0.0419,-0.0358,-0.0266,-0.0567,29.0213,0.0151,-0.0169,-0.0069,0.1280,-0.0772,0.9375,buy
2025-11-24,79.7700,8416900,78.8900,80.0100,78.7000,0.0115,-0.0265,-0.0305,-0.0123,-0.0456,35.8441,0.0155,-0.0168,-0.0055,0.2403,0.5217,1.3770,buy
2025-11-25,80.8700,3816400,79.3800,81.1900,79.3000,0.0138,0.0090,-0.0333,0.0048,-0.0326,36.9254,0.0151,-0.0153,-0.0033,0.3602,-0.5466,0.6299,hold
2025-11-26,80.5500,4527000,80.8100,80.8600,78.6300,-0.0040,0.0103,-0.0194,0.0028,-0.0365,50.0346,0.0142,-0.0145,-0.0020,0.3466,0.1862,0.7528,buy
2025-11-28,81.1300,2199100,80.6700,81.3600,80.3600,0.0072,0.0396,0.0012,0.0099,-0.0296,47.6052,0.0138,-0.0130,-0.0005,0.4157,-0.5142,0.3731,buy
2025-12-01,81.8200,4092800,80.4900,82.1000,80.4300,0.0085,0.0375,-0.0060,0.0191,-0.0208,48.3548,0.0131,-0.0110,0.0011,0.5056,0.8611,0.6978,buy
2025-12-02,82.9400,3869700,82.5100,83.2700,82.0000,0.0137,0.0397,0.0122,0.0318,-0.0069,47.3761,0.0137,-0.0082,0.0030,0.6798,-0.0545,0.6734,hold
2025-12-03,82.7600,5133700,82.2100,82.9600,81.4200,-0.0022,0.0234,0.0326,0.0262,-0.0085,52.5041,0.0112,-0.0062,0.0040,0.6894,0.3266,0.8994,buy
2025-12-04,85.1800,6709900,82.9800,85.2400,82.4100,0.0292,0.0575,0.0684,0.0491,0.0201,65.1571,0.0134,-0.0022,0.0062,1.0692,0.3070,1.1965,buy
2025-12-05,86.9200,6172200,85.5400,86.9400,85.2000,0.0204,0.0714,0.1138,0.0590,0.0400,66.2898,0.0097,0.0025,0.0086,1.1324,-0.0801,1.1761,sell
2025-12-08,83.5300,6075000,86.9600,87.1100,83.2600,-0.0390,0.0209,0.0592,0.0119,-0.0003,54.6302,0.0186,0.0030,0.0075,0.7076,-0.0157,1.1696,hold
2025-12-09,83.5000,3991200,83.0900,84.1600,82.1500,-0.0004,0.0068,0.0468,0.0070,-0.0004,60.8696,0.0185,0.0034,0.0063,0.6938,-0.3430,0.7870,sell
2025-12-10,81.6000,7383600,82.9000,83.2200,80.2400,-0.0228,-0.0140,0.0090,-0.0168,-0.0226,55.5358,0.0201,0.0018,0.0038,0.4835,0.8500,1.4240,buy
2025-12-11,82.4700,4523600,81.6000,83.2200,81.4500,0.0107,-0.0318,0.0238,-0.0086,-0.0115,63.7834,0.0202,0.0013,0.0026,0.5851,-0.3873,0.8746,hold
2025-12-12,82.2200,4283800,81.9800,82.6600,81.6600,-0.0030,-0.0541,0.0134,-0.0129,-0.0136,60.8387,0.0202,0.0007,0.0016,0.5484,-0.0530,0.8319,sell
2025-12-15,81.5200,5101400,82.1000,82.8300,80.7900,-0.0085,-0.0241,-0.0037,-0.0209,-0.0209,55.7227,0.0203,-0.0005,0.0004,0.4695,0.1909,0.9911,buy
2025-12-16,82.4700,5264000,81.3100,82.8300,81.1300,0.0117,-0.0123,-0.0057,-0.0090,-0.0086,55.2840,0.0201,-0.0005,0.0003,0.5796,0.0319,1.0150,sell
2025-12-17,79.3800,9268900,80.0900,81.4400,79.3800,-0.0375,-0.0272,-0.0408,-0.0422,-0.0445,46.7337,0.0233,-0.0036,-0.0022,0.2213,0.7608,1.7399,hold
2025-12-18,79.7500,8070000,80.5400,80.6000,78.5700,0.0047,-0.0330,-0.0637,-0.0314,-0.0385,46.1017,0.0206,-0.0055,-0.0034,0.2644,-0.1293,1.4616,hold
2025-12-19,80.2400,20115500,79.7300,80.4400,79.0000,0.0061,-0.0241,-0.0769,-0.0175,-0.0312,45.4857,0.0189,-0.0065,-0.0035,0.2943,1.4926,3.2302,buy
2025-12-22,81.7400,4714500,81.3500,81.8300,80.1300,0.0187,0.0027,-0.0214,0.0031,-0.0128,46.6443,0.0171,-0.0056,-0.0021,0.4626,-0.7656,0.7621,sell
2025-12-23,80.6600,3465700,81.6100,81.7100,80.1000,-0.0132,-0.0219,-0.0340,-0.0067,-0.0250,44.4090,0.0174,-0.0061,-0.0020,0.3063,-0.2649,0.5836,buy
2025-12-24,81.1800,1241000,80.5300,81.3800,80.2800,0.0064,0.0227,-0.0051,0.0002,-0.0182,38.1517,0.0162,-0.0058,-0.0014,0.3753,-0.6419,0.2136,hold
2025-12-26,81.5600,2973900,80.9100,81.6500,80.5900,0.0047,0.0227,-0.0110,0.0060,-0.0131,32.7320,0.0158,-0.0051,-0.0006,0.4197,1.3964,0.5188,sell
2025-12-29,80.8200,4864300,81.2800,81.7900,80.4200,-0.0091,0.0072,-0.0170,-0.0014,-0.0216,39.4716,0.0160,-0.0053,-0.0006,0.3184,0.6357,0.8293,sell
2025-12-30,80.3100,2493900,80.6100,80.8700,80.2800,-0.0063,-0.0175,-0.0148,-0.0062,-0.0270,38.0524,0.0160,-0.0059,-0.0010,0.2633,-0.4873,0.4310,sell
2025-12-31,79.4100,2867600,80.1200,80.4100,79.3700,-0.0112,-0.0155,-0.0371,-0.0136,-0.0366,41.1336,0.0155,-0.0073,-0.0018,0.1777,0.1498,0.5000,sell
2026-01-02,77.8800,7548800,79.9700,79.9700,77.1800,-0.0193,-0.0407,-0.0189,-0.0308,-0.0536,32.3597,0.0117,-0.0099,-0.0035,0.0518,1.6324,1.2890,hold
2026-01-05,77.9400,6068200,78.5100,79.9000,77.8300,0.0008,-0.0444,-0.0227,-0.0279,-0.0513,33.3073,0.0115,-0.0117,-0.0042,0.0980,-0.1961,1.0419,buy
2026-01-06,78.4400,6477800,77.7300,79.2000,77.6000,0.0064,-0.0294,-0.0224,-0.0194,-0.0437,37.7972,0.0115,-0.0124,-0.0040,0.1420,0.0675,1.1093,buy
2026-01-07,80.0200,6870600,78.6100,80.8600,78.3500,0.0201,-0.0036,-0.0210,0.0025,-0.0231,40.7547,0.0118,-0.0110,-0.0022,0.3976,0.0606,1.1686,sell
2026-01-08,78.0500,6441700,79.5400,79.5400,77.7600,-0.0246,-0.0171,-0.0324,-0.0190,-0.0455,44.5177,0.0135,-0.0123,-0.0026,0.1121,-0.0624,1.0733,buy
2026-01-09,79.2200,5003200,78.1500,79.3700,77.9700,0.0150,0.0172,-0.0241,-0.0018,-0.0296,47.9505,0.0144,-0.0115,-0.0016,0.3256,-0.2233,0.8505,sell
2026-01-12,78.6600,3857900,78.9200,79.0800,77.9900,-0.0071,0.0092,-0.0356,-0.0052,-0.0352,43.9231,0.0142,-0.0116,-0.0013,0.2550,-0.2289,0.6595,hold
2026-01-13,78.3300,5748700,78.7000,79.7200,77.7600,-0.0042,-0.0014,-0.0308,-0.0063,-0.0378,35.5875,0.0141,-0.0118,-0.0012,0.2232,0.4901,0.9706,sell
2026-01-14,76.3900,10181100,76.4500,78.3100,75.8100,-0.0248,-0.0454,-0.0488,-0.0261,-0.0593,33.1757,0.0157,-0.0142,-0.0026,-0.0230,0.7710,1.6483,hold
2026-01-15,76.3200,6345400,76.5400,78.3300,76.1800,-0.0009,-0.0222,-0.0389,-0.0231,-0.0576,30.1470,0.0156,-0.0157,-0.0033,0.0202,-0.3767,1.0184,sell
2026-01-16,75.3800,7913700,76.5400,76.6100,75.1500,-0.0123,-0.0485,-0.0321,-0.0320,-0.0669,25.8594,0.0150,-0.0179,-0.0043,-0.0213,0.2472,1.2840,hold
2026-01-20,75.4600,6870600,74.1100,75.6000,73.5500,0.0011,-0.0407,-0.0318,-0.0279,-0.0635,27.9242,0.0150,-0.0192,-0.0044,0.0611,-0.1318,1.1257,hold
2026-01-21,75.7500,6368300,75.8100,76.0200,74.7100,0.0038,-0.0329,-0.0343,-0.0208,-0.0588,30.8725,0.0148,-0.0196,-0.0039,0.1437,-0.0731,1.1759,buy
2026-01-22,77.6200,4853300,76.4900,77.8100,76.3300,0.0247,0.0161,-0.0300,0.0065,-0.0346,43.0566,0.0156,-0.0174,-0.0017,0.3901,-0.2379,0.8950,buy
2026-01-23,81.6400,10960100,83.5000,85.0600,81.1000,0.0518,0.0697,0.0460,0.0537,0.0156,62.2237,0.0215,-0.0111,0.0031,0.8896,1.2583,1.8905,buy
2026-01-26,83.0700,5708800,81.6500,83.1300,81.0400,0.0175,0.1020,0.0486,0.0669,0.0336,65.3134,0.0216,-0.0052,0.0070,1.0129,-0.4791,0.9482,sell
2026-01-27,81.7100,4818400,83.2100,83.5600,81.2600,-0.0164,0.0828,0.0388,0.0453,0.0167,59.2845,0.0224,-0.0020,0.0083,0.8538,-0.1560,0.7882,hold
2026-01-28,82.0800,3918000,82.1800,82.5500,81.6400,0.0045,0.0836,0.0479,0.0450,0.0211,56.2805,0.0222,0.0009,0.0089,0.8746,-0.1869,0.6459,sell
2026-01-29,81.5100,6266300,81.5000,82.1100,79.7400,-0.0069,0.0501,0.0670,0.0311,0.0142,61.5333,0.0202,0.0026,0.0086,0.7972,0.5994,1.0019,hold
2026-01-30,81.2600,7499100,80.6400,81.4800,80.1800,-0.0031,-0.0047,0.0647,0.0215,0.0112,57.2443,0.0203,0.0037,0.0078,0.7534,0.1967,1.1562,hold
2026-02-02,81.2900,7788200,80.8600,82.3600,80.1500,0.0004,-0.0214,0.0784,0.0144,0.0113,59.7048,0.0193,0.0046,0.0069,0.7339,0.0386,1.1986,sell
2026-02-03,79.3000,6663400,80.9800,81.2300,77.7900,-0.0245,-0.0295,0.0509,-0.0152,-0.0133,53.1887,0.0218,0.0033,0.0045,0.5232,-0.1444,1.0208,buy
2026-02-04,81.1200,7824800,78.8700,81.4500,77.7900,0.0230,-0.0117,0.0709,0.0007,0.0086,65.6726,0.0225,0.0039,0.0041,0.6939,0.1743,1.1865,sell
2026-02-05,78.9300,12691300,80.9500,81.7800,78.0300,-0.0270,-0.0317,0.0169,-0.0278,-0.0187,57.5828,0.0239,0.0024,0.0020,0.4772,0.6219,1.8430,buy
2026-02-06,82.7600,15226300,81.8000,83.5200,77.2700,0.0485,0.0185,0.0137,0.0179,0.0282,68.3582,0.0232,0.0046,0.0035,0.8279,0.1997,2.0786,buy
2026-02-09,85.9300,9897000,82.2700,86.1700,81.3700,0.0383,0.0571,0.0344,0.0532,0.0662,72.5744,0.0256,0.0092,0.0064,1.0249,-0.3500,1.3074,hold
2026-02-10,85.5300,7859100,86.3500,87.4900,85.1700,-0.0047,0.0786,0.0468,0.0434,0.0599,70.9871,0.0248,0.0124,0.0077,0.9250,-0.2059,1.0115,buy
2026-02-11,87.8200,7987300,85.4100,88.3000,84.2000,0.0268,0.0826,0.0699,0.0639,0.0865,71.5008,0.0258,0.0165,0.0096,1.0029,0.0163,1.0134,sell
2026-02-12,84.2600,7805800,87.5500,88.6000,82.9700,-0.0405,0.0675,0.0337,0.0174,0.0418,55.6320,0.0297,0.0172,0.0080,0.7327,-0.0227,1.0055,buy
2026-02-13,85.5600,8091300,84.5500,86.5300,83.6000,0.0154,0.0338,0.0529,0.0277,0.0572,55.3826,0.0298,0.0180,0.0071,0.7940,0.0366,1.0307,sell
2026-02-17,81.6900,6061100,85.1700,85.4200,81.0500,-0.0452,-0.0493,0.0049,-0.0192,0.0097,49.9610,0.0339,0.0157,0.0035,0.4981,-0.2509,0.7813,sell
2026-02-18,80.6900,5853300,80.9000,81.2600,79.3400,-0.0122,-0.0566,0.0175,-0.0328,-0.0016,47.3544,0.0331,0.0123,-0.0001,0.3893,-0.0343,0.7595,buy
2026-02-19,81.6700,4584100,81.0100,81.7700,80.2400,0.0121,-0.0700,0.0068,-0.0217,0.0119,50.2998,0.0325,0.0101,-0.0017,0.4401,-0.2168,0.6018,sell
2026-02-20,80.0000,6703800,81.1700,83.0800,79.4000,-0.0204,-0.0506,0.0136,-0.0430,-0.0080,47.7580,0.0319,0.0069,-0.0041,0.2435,0.4624,0.8695,sell
2026-02-23,75.6000,8323500,78.4200,79.4800,74.6600,-0.0550,-0.1164,-0.0865,-0.0878,-0.0607,41.2381,0.0319,-0.0002,-0.0095,-0.0835,0.2416,1.0983,hold
2026-02-24,75.2300,10049400,75.3700,77.0500,74.3100,-0.0049,-0.0791,-0.1245,-0.0804,-0.0638,43.4036,0.0274,-0.0066,-0.0127,-0.0114,0.2074,1.2891,buy
2026-02-25,77.3500,5527400,74.4900,77.6000,74.3500,0.0282,-0.0414,-0.0956,-0.0449,-0.0362,43.9486,0.0303,-0.0089,-0.0119,0.1879,-0.4500,0.7058,buy
2026-02-26,79.2000,5872000,77.3200,79.7400,76.8500,0.0239,-0.0302,-0.0982,-0.0115,-0.0124,50.4382,0.0300,-0.0087,-0.0093,0.3403,0.0623,0.7406,hold
2026-02-27,79.0300,7548200,77.3000,79.1200,76.6400,-0.0021,-0.0121,-0.0621,-0.0072,-0.0139,43.1307,0.0280,-0.0088,-0.0075,0.3387,0.2855,0.9444,hold
2026-03-02,79.1800,5247300,78.2900,79.7700,77.5600,0.0019,0.0474,-0.0746,0.0027,-0.0112,36.0132,0.0272,-0.0086,-0.0059,0.3588,-0.3048,0.6659,buy
2026-03-03,81.1000,7475200,77.2600,81.9800,77.1900,0.0242,0.0780,-0.0072,0.0278,0.0123,41.3645,0.0252,-0.0063,-0.0029,0.5002,0.4246,0.9505,buy
2026-03-04,82.7900,6280700,81.0400,83.9800,80.9500,0.0208,0.0703,0.0260,0.0465,0.0326,39.9601,0.0257,-0.0028,0.0004,0.6115,-0.1598,0.8006,buy
2026-03-05,84.4200,5544100,82.2800,84.7300,82.2500,0.0197,0.0659,0.0337,0.0634,0.0519,50.3460,0.0261,0.0014,0.0036,0.7146,-0.1173,0.7171,sell
2026-03-06,83.6700,5658000,83.9900,84.4800,82.9000,-0.0089,0.0587,0.0459,0.0491,0.0420,45.8130,0.0251,0.0039,0.0050,0.6444,0.0205,0.7667,hold
2026-03-09,83.8100,6446500,83.0600,84.6000,82.1800,0.0017,0.0585,0.1086,0.0401,0.0429,55.6263,0.0141,0.0060,0.0056,0.6496,0.1394,0.9288,buy
2026-03-10,84.2000,5829400,84.2900,85.0500,81.6200,0.0047,0.0382,0.1192,0.0334,0.0470,59.6270,0.0133,0.0079,0.0060,0.6887,-0.0957,0.8652,sell
2026-03-11,83.4800,5437700,84.3000,85.3700,82.3500,-0.0086,0.0083,0.0793,0.0170,0.0376,55.0362,0.0132,0.0087,0.0054,0.6472,-0.0672,0.8219,buy
2026-03-12,84.4000,5220900,82.9200,85.0700,82.3100,0.0110,-0.0002,0.0657,0.0217,0.0481,62.7759,0.0120,0.0100,0.0054,0.7500,-0.0399,0.8059,sell
2026-03-13,83.4400,3963600,84.4000,85.1000,82.8100,-0.0114,-0.0027,0.0558,0.0047,0.0353,78.4471,0.0131,0.0101,0.0044,0.6763,-0.2408,0.6306,buy
2026-03-16,84.4900,5725100,84.3900,85.8600,83.9700,0.0126,0.0081,0.0671,0.0109,0.0470,82.0194,0.0132,0.0109,0.0042,0.7749,0.4444,0.9283,sell
2026-03-17,83.1600,3938200,84.5800,86.4200,83.0600,-0.0157,-0.0124,0.0254,-0.0075,0.0292,71.2510,0.0133,0.0104,0.0029,0.6534,-0.3121,0.6497,hold
2026-03-18,83.3900,4343600,82.4400,84.3300,82.2000,0.0028,-0.0011,0.0072,-0.0054,0.0307,67.3859,0.0117,0.0099,0.0019,0.6599,0.1029,0.7256,hold
2026-03-19,83.1200,4539100,83.5200,84.9500,82.2900,-0.0032,-0.0152,-0.0154,-0.0071,0.0262,66.8313,0.0096,0.0092,0.0010,0.6302,0.0450,0.7586,sell
2026-03-20,81.4000,16257800,82.9600,82.9600,80.2700,-0.0207,-0.0244,-0.0271,-0.0250,0.0046,58.0904,0.0112,0.0071,-0.0011,0.4813,2.5817,2.5161,buy
2026-03-23,82.7700,5000000,82.0100,83.7200,81.2200,0.0168,-0.0204,-0.0124,-0.0074,0.0203,56.3402,0.0128,0.0064,-0.0013,0.5748,-0.6925,0.7943,sell
2026-03-24,79.3400,6174000,82.3300,82.8000,79.1200,-0.0414,-0.0459,-0.0577,-0.0429,-0.0220,38.4305,0.0178,0.0026,-0.0043,0.1775,0.2348,1.0119,sell
2026-03-25,78.8900,6052900,80.1300,81.5200,78.4600,-0.0057,-0.0540,-0.0550,-0.0431,-0.0276,29.8616,0.0177,-0.0010,-0.0064,0.0886,-0.0196,0.9878,buy
2026-03-26,81.0300,4489100,78.2900,81.7200,78.2900,0.0271,-0.0251,-0.0399,-0.0131,-0.0019,41.2698,0.0200,-0.0016,-0.0055,0.3296,-0.2584,0.7410,sell
2026-03-27,78.2000,8771200,79.6900,79.6900,76.4200,-0.0349,-0.0393,-0.0628,-0.0414,-0.0372,34.2504,0.0222,-0.0051,-0.0073,-0.0076,0.9539,1.4333,buy
2026-03-30,79.0500,7015900,78.1100,80.9400,78.0800,0.0109,-0.0449,-0.0644,-0.0245,-0.0274,35.9059,0.0221,-0.0067,-0.0071,0.1002,-0.2001,1.1301,buy
2026-03-31,81.7200,6045200,79.7500,81.8300,79.5600,0.0338,0.0300,-0.0173,0.0102,0.0039,45.6479,0.0251,-0.0051,-0.0044,0.4235,-0.1384,0.9851,hold
2026-04-01,81.1500,5255500,81.7700,82.1400,80.0000,-0.0070,0.0286,-0.0269,0.0060,-0.0045,41.8218,0.0251,-0.0046,-0.0031,0.3642,-0.1306,0.8636,buy
2026-04-02,82.5300,4139300,80.8500,82.5600,80.0200,0.0170,0.0185,-0.0071,0.0238,0.0108,47.7575,0.0258,-0.0027,-0.0010,0.5466,-0.2124,0.6881,hold
2026-04-06,82.2900,3459300,82.7400,83.3800,81.8300,-0.0029,0.0523,0.0109,0.0197,0.0067,44.3532,0.0249,-0.0014,0.0002,0.5254,-0.1643,0.5858,buy
2026-04-07,83.7200,5591500,81.8600,83.9500,81.6300,0.0174,0.0591,0.0115,0.0362,0.0236,51.4300,0.0249,0.0009,0.0020,0.7105,0.6164,0.9538,hold
2026-04-08,83.5100,5954900,85.1000,86.1400,82.2800,-0.0025,0.0219,0.0526,0.0283,0.0210,50.3068,0.0201,0.0025,0.0029,0.6912,0.0650,1.0147,sell
2026-04-09,80.6600,6656500,83.2700,83.7100,79.5600,-0.0341,-0.0060,0.0224,-0.0089,-0.0136,44.4444,0.0235,0.0011,0.0012,0.3349,0.1178,1.1226,sell
2026-04-10,76.7000,12401100,80.5200,80.5200,76.0100,-0.0491,-0.0706,-0.0534,-0.0525,-0.0608,40.3609,0.0268,-0.0042,-0.0033,-0.0659,0.8630,1.9720,buy
2026-04-13,78.7400,6716300,76.9500,78.8000,76.1000,0.0266,-0.0431,0.0069,-0.0280,-0.0352,41.9561,0.0262,-0.0061,-0.0042,0.2058,-0.4584,1.0451,hold
2026-04-14,78.7000,5838500,79.0600,80.0200,77.7300,-0.0005,-0.0600,-0.0044,-0.0281,-0.0351,48.5226,0.0260,-0.0077,-0.0046,0.2265,-0.1307,0.9077,buy
2026-04-15,79.6400,6151400,78.8200,80.0700,77.4100,0.0119,-0.0463,-0.0255,-0.0139,-0.0231,51.6930,0.0236,-0.0078,-0.0037,0.3561,0.0536,0.9402,buy
2026-04-16,82.4000,5517900,79.9800,82.5000,79.8900,0.0347,0.0216,0.0154,0.0187,0.0099,53.0083,0.0262,-0.0049,-0.0008,0.7018,-0.1030,0.8359,hold
2026-04-17,81.8400,4968300,83.9500,84.2500,81.0200,-0.0068,0.0670,-0.0084,0.0126,0.0029,58.8780,0.0258,-0.0033,0.0006,0.6443,-0.0996,0.7502,buy
2026-04-20,82.6000,4049300,82.1000,83.3300,81.4700,0.0093,0.0490,0.0038,0.0216,0.0113,58.6967,0.0260,-0.0013,0.0021,0.7293,-0.1850,0.6735,buy
2026-04-21,85.2600,5158100,82.2300,85.6800,82.1000,0.0322,0.0834,0.0184,0.0525,0.0432,58.6765,0.0274,0.0028,0.0048,0.9979,0.2738,0.8568,buy
2026-04-22,87.0900,4443100,86.2700,87.6400,85.7800,0.0215,0.0935,0.0429,0.0704,0.0653,63.7119,0.0280,0.0075,0.0076,1.0679,-0.1386,0.7488,sell
2026-04-23,82.7600,5417700,85.0600,85.3500,81.8100,-0.0497,0.0044,0.0260,0.0146,0.0130,50.4673,0.0307,0.0075,0.0061,0.6275,0.2194,0.9179,buy
2026-04-24,84.3400,5778400,83.1000,84.5600,82.5000,0.0191,0.0305,0.0996,0.0243,0.0333,53.9499,0.0248,0.0085,0.0057,0.7605,0.0666,0.9685,buy
2026-04-27,85.6700,5679500,84.1000,86.7600,83.7800,0.0158,0.0372,0.0880,0.0318,0.0492,53.7718,0.0243,0.0104,0.0061,0.8508,-0.0171,0.9772,hold
2026-04-28,85.7200,3890500,86.7400,87.4400,85.4400,0.0006,0.0054,0.0892,0.0237,0.0498,54.3013,0.0242,0.0119,0.0061,0.8202,-0.3150,0.6879,hold
2026-04-29,86.1100,3061400,85.4200,86.3900,84.4300,0.0045,-0.0113,0.0812,0.0205,0.0534,61.7305,0.0242,0.0132,0.0060,0.8212,-0.2131,0.5560,sell
2026-04-30,84.3100,5810500,85.1200,85.2200,82.4400,-0.0209,0.0187,0.0232,-0.0031,0.0305,68.0588,0.0238,0.0128,0.0043,0.6432,0.8980,1.0499,buy
2026-05-01,86.2900,4041100,86.1200,86.7500,84.9700,0.0235,0.0231,0.0544,0.0150,0.0535,67.9676,0.0244,0.0136,0.0042,0.7937,-0.3045,0.7309,buy
2026-05-04,89.2400,5451900,86.5100,89.7600,86.3600,0.0342,0.0417,0.0804,0.0416,0.0870,72.0318,0.0261,0.0165,0.0060,0.9678,0.3491,0.9686,hold
2026-05-05,89.9200,3965300,89.7000,90.2900,88.5500,0.0076,0.0490,0.0547,0.0438,0.0915,71.7244,0.0246,0.0194,0.0071,0.9502,-0.2727,0.7148,hold
2026-05-06,89.9500,8050800,88.7800,90.1100,87.2900,0.0003,0.0446,0.0328,0.0407,0.0880,68.0363,0.0240,0.0215,0.0074,0.8982,1.0303,1.4243,buy
2026-05-07,107.9700,18110100,105.2600,112.3900,104.5100,0.2003,0.2806,0.3046,0.2138,0.2963,84.0323,0.0622,0.0325,0.0166,1.3715,1.2495,2.9092,buy
2026-05-08,114.0700,9904400,107.3000,114.6600,106.6700,0.0565,0.3219,0.3525,0.2409,0.3582,85.9822,0.0627,0.0454,0.0243,1.2598,-0.4531,1.6236,hold
2026-05-11,115.4400,6718100,112.1000,115.4900,112.1000,0.0120,0.2936,0.3475,0.2164,0.3627,85.5561,0.0628,0.0567,0.0287,1.1212,-0.3217,1.1013,hold
2026-05-12,113.8700,4910400,115.1900,116.4600,113.1600,-0.0136,0.2663,0.3284,0.1653,0.3333,81.7449,0.0638,0.0651,0.0293,0.9937,-0.2691,0.8111,buy
2026-05-13,117.6900,5236600,113.2100,117.8400,112.7100,0.0335,0.3084,0.3667,0.1667,0.3663,91.9126,0.0631,0.0706,0.0288,0.9873,0.0664,0.8716,buy
2026-05-14,121.8600,5784300,118.0300,121.9700,115.7700,0.0354,0.1286,0.4454,0.1647,0.4020,92.3859,0.0602,0.0759,0.0285,0.9810,0.1046,0.9606,hold
2026-05-15,122.7800,5533800,121.1700,123.3300,119.4900,0.0075,0.0764,0.4229,0.1339,0.4002,92.3147,0.0609,0.0811,0.0272,0.9312,-0.0433,0.9147,buy
2026-05-18,126.5000,5624900,121.6900,126.6100,120.8700,0.0303,0.0958,0.4175,0.1294,0.4287,92.9082,0.0609,0.0846,0.0258,0.9280,0.0165,0.9178,hold
2026-05-19,127.6400,7005900,127.8100,128.2000,123.7600,0.0090,0.1209,0.4195,0.1025,0.4274,93.0184,0.0608,0.0881,0.0239,0.8915,0.2455,1.1262,buy
2026-05-20,130.0000,5981000,125.9100,130.3600,125.3300,0.0185,0.1046,0.4452,0.0853,0.4391,96.7848,0.0599,0.0903,0.0218,0.8761,-0.1463,0.9497,hold
2026-05-21,129.4600,4266200,128.9100,129.7100,127.4000,-0.0042,0.0624,0.1990,0.0617,0.4186,95.5476,0.0208,0.0922,0.0187,0.8312,-0.2867,0.6837,buy
2026-05-22,133.9300,5819100,130.0000,134.1900,128.5700,0.0345,0.0908,0.1741,0.0808,0.4519,95.6860,0.0172,0.0920,0.0168,0.8519,0.3640,0.9322,hold
2026-05-26,133.9600,4820100,132.9800,134.9100,130.6000,0.0002,0.0590,0.1604,0.0651,0.4365,95.6279,0.0179,0.0932,0.0144,0.8180,-0.1717,0.7775,sell
2026-05-27,127.9300,6861400,129.5500,131.5000,126.7800,-0.0450,0.0023,0.1235,0.0059,0.3591,84.9982,0.0249,0.0937,0.0089,0.7148,0.4235,1.0809,buy
2026-05-28,129.7000,5806200,128.5800,129.9400,126.6100,0.0138,-0.0023,0.1020,0.0103,0.3644,78.5846,0.0238,0.0894,0.0047,0.7180,-0.1538,0.8953,buy
2026-05-29,137.9700,9627800,129.5900,138.1100,129.0000,0.0638,0.0657,0.1322,0.0614,0.4350,79.7412,0.0284,0.0857,0.0048,0.8135,0.6582,1.4422,buy
2026-06-01,147.1400,7537400,141.1600,147.4900,140.2500,0.0665,0.0986,0.1984,0.1111,0.5102,83.0346,0.0329,0.0856,0.0078,0.9170,-0.2171,1.1002,buy
2026-06-02,148.8600,7275600,144.3400,149.0300,141.7500,0.0117,0.1112,0.1768,0.1055,0.5070,86.3495,0.0327,0.0887,0.0094,0.9116,-0.0347,1.0481,sell
2026-06-03,146.4800,7983400,145.3800,148.4700,143.3900,-0.0160,0.1450,0.1476,0.0728,0.4640,80.8310,0.0343,0.0910,0.0084,0.8579,0.0973,1.1177,buy
2026-06-04,149.6700,5393000,146.2000,150.0700,144.3200,0.0218,0.1540,0.1513,0.0806,0.4752,80.4200,0.0343,0.0904,0.0076,0.9159,-0.3245,0.7693,sell
2026-06-05,144.6800,7122700,148.4600,149.0500,143.4600,-0.0333,0.0486,0.1176,0.0332,0.4077,71.9968,0.0372,0.0908,0.0042,0.7918,0.3207,1.1025,sell
2026-06-08,143.0400,5333500,145.5100,147.0000,142.5100,-0.0113,-0.0279,0.0680,0.0149,0.3752,67.3375,0.0370,0.0878,0.0001,0.7343,-0.2512,0.8558,sell
2026-06-09,138.3900,7801500,143.1300,144.3000,133.0500,-0.0325,-0.0703,0.0331,-0.0212,0.3153,60.4960,0.0390,0.0837,-0.0056,0.6130,0.4627,1.2410,hold
2026-06-10,138.8800,6267100,137.8000,141.3000,137.0100,0.0035,-0.0519,0.0856,-0.0253,0.3051,58.9988,0.0351,0.0772,-0.0094,0.6051,-0.1967,0.9863,buy
2026-06-11,145.0600,7433800,141.0100,146.3100,139.4000,0.0445,-0.0308,0.1184,0.0072,0.3471,64.1870,0.0369,0.0718,-0.0088,0.7464,0.1862,1.1500,hold
2026-06-12,146.3000,5083700,143.6400,146.3800,142.1500,0.0085,0.0112,0.0604,0.0100,0.3424,61.9517,0.0321,0.0695,-0.0084,0.7583,-0.3161,0.7908,buy
2026-06-15,149.4900,5207300,146.3200,149.5000,143.9800,0.0218,0.0451,0.0160,0.0304,0.3550,64.1413,0.0251,0.0676,-0.0069,0.8245,0.0243,0.8120,sell
2026-06-16,147.0200,5194600,148.8800,148.8800,144.3300,-0.0165,0.0624,-0.0124,0.0146,0.3172,68.5881,0.0255,0.0663,-0.0076,0.7281,-0.0024,0.8128,sell
2026-06-17,144.1400,7649100,145.8100,148.0000,141.6900,-0.0196,0.0379,-0.0160,-0.0036,0.2775,63.7629,0.0257,0.0633,-0.0096,0.6186,0.4725,1.1909,hold
2026-06-18,144.7300,18432900,143.4900,147.2000,139.7900,0.0041,-0.0023,-0.0330,0.0039,0.2690,57.5480,0.0245,0.0593,-0.0107,0.6199,1.4098,2.6161,hold
2026-06-22,145.3900,5607500,146.3600,149.1900,143.5900,0.0046,-0.0062,0.0049,0.0079,0.2605,47.5875,0.0222,0.0558,-0.0111,0.6244,-0.6958,0.7884,buy
2026-06-23,148.0000,5921200,144.8300,148.3600,143.4700,0.0180,-0.0100,0.0347,0.0225,0.2674,48.8428,0.0223,0.0531,-0.0101,0.7028,0.0559,0.8319,sell
2026-06-24,145.2800,4742300,147.7000,148.8200,144.5700,-0.0184,-0.0118,0.0498,-0.0010,0.2301,48.4000,0.0201,0.0506,-0.0110,0.5778,-0.1991,0.6666,buy
2026-06-25,149.9300,6546900,144.6200,151.9700,144.6200,0.0320,0.0402,0.0796,0.0232,0.2544,50.3337,0.0218,0.0483,-0.0091,0.7733,0.3805,0.9223,buy
2026-06-26,151.3500,9199700,150.8100,152.7700,147.5500,0.0095,0.0457,0.0434,0.0285,0.2512,59.4236,0.0177,0.0475,-0.0075,0.8808,0.4052,1.2658,buy
2026-06-29,155.4200,6780300,152.9700,159.0700,152.1300,0.0269,0.0690,0.0623,0.0496,0.2695,66.3670,0.0191,0.0475,-0.0048,1.0683,-0.2630,0.9515,sell
2026-06-30,153.6200,6678700,151.0400,154.4700,150.7300,-0.0116,0.0380,0.0276,0.0346,0.2403,71.7758,0.0190,0.0476,-0.0043,0.9017,-0.0150,0.9430,buy
2026-07-01,158.9800,4734400,154.7400,159.8000,152.5400,0.0349,0.0943,0.0813,0.0621,0.2679,75.2259,0.0201,0.0478,-0.0019,1.0796,-0.2911,0.6807,sell
2026-07-02,156.2500,4490600,158.6400,158.9600,156.2000,-0.0172,0.0422,0.0840,0.0355,0.2322,65.3751,0.0197,0.0481,-0.0019,0.8908,-0.0515,0.6622,buy
2026-07-06,162.3500,5163700,154.7500,163.5700,153.4300,0.0390,0.0727,0.1217,0.0635,0.2653,69.4545,0.0219,0.0484,0.0002,1.0514,0.1499,0.7628,sell
2026-07-07,158.6700,5828000,162.3900,163.3100,155.6800,-0.0227,0.0209,0.0913,0.0304,0.2221,60.9966,0.0244,0.0488,-0.0004,0.8593,0.1286,0.8692,sell
2026-07-08,156.7100,4770200,157.0000,159.4500,154.4200,-0.0124,0.0201,0.0589,0.0120,0.1937,61.7512,0.0251,0.0473,-0.0021,0.7582,-0.1815,0.7145,buy
2026-07-09,163.7300,4626500,153.2700,164.0100,152.2500,0.0448,0.0299,0.1270,0.0449,0.2326,71.5892,0.0262,0.0465,-0.0005,0.9644,-0.0301,0.7098,sell
2026-07-10,157.5100,3519000,164.4400,165.2800,156.6200,-0.0380,0.0081,0.0506,0.0003,0.1731,62.5294,0.0295,0.0457,-0.0026,0.7181,-0.2394,0.5515,buy
2026-07-13,160.6200,4099000,157.6700,161.9500,155.7200,0.0197,-0.0107,0.0612,0.0141,0.1831,64.2470,0.0298,0.0438,-0.0028,0.8075,0.1648,0.6597,buy
2026-07-14,166.8300,4685200,158.7800,167.2700,158.0600,0.0387,0.0514,0.0734,0.0458,0.2141,66.5031,0.0309,0.0440,-0.0008,0.9713,0.1430,0.7564,sell
2026-07-15,164.5100,5089000,169.3900,170.3500,163.0300,-0.0139,0.0498,0.0709,0.0242,0.1837,66.9726,0.0311,0.0443,-0.0008,0.8445,0.0862,0.8224,sell
2026-07-16,160.7800,4145300,164.0700,165.0000,159.0800,-0.0227,-0.0180,0.0113,-0.0001,0.1451,59.7344,0.0307,0.0428,-0.0027,0.6943,-0.1854,0.6756,hold
2026-07-17,161.6100,5651600,160.5000,163.8300,158.9300,0.0052,0.0260,0.0343,0.0017,0.1394,59.3036,0.0300,0.0405,-0.0038,0.7034,0.3634,0.9364,hold
2026-07-20,160.3600,3775400,160.6400,164.5700,160.0000,-0.0077,-0.0016,-0.0123,-0.0048,0.1194,54.7209,0.0275,0.0381,-0.0053,0.6385,-0.3320,0.7120,sell
2026-07-21,158.1000,5548700,163.3800,163.5000,156.0200,-0.0141,-0.0523,-0.0036,-0.0185,0.0960,54.2440,0.0268,0.0349,-0.0073,0.5252,0.4697,1.0470,sell
2026-07-22,155.0500,4570400,158.5700,159.0000,154.5100,-0.0193,-0.0575,-0.0106,-0.0364,0.0688,46.1066,0.0273,0.0306,-0.0099,0.3642,-0.1763,0.8735,sell
2026-07-23,151.5400,4590500,155.2900,156.4900,150.9200,-0.0226,-0.0575,-0.0745,-0.0510,0.0394,45.4049,0.0227,0.0251,-0.0131,0.1358,0.0044,0.8786,hold
