date,close,volume,open,high,low,return_1d,return_5d,return_10d,price_vs_ma10,price_vs_ma50,rsi_14,volatility_10d,macd_norm,macd_hist_norm,bb_position,volume_change,volume_vs_avg20,label
2021-09-10,140.6806,32896000,144.1724,144.7428,140.5027,-0.0207,-0.0159,-0.0014,-0.0196,0.0350,61.1275,0.0103,0.0157,-0.0021,0.4837,1.2230,1.7877,buy
2021-09-13,142.2112,20176000,141.9495,142.9308,141.0390,0.0109,-0.0090,-0.0075,-0.0082,0.0436,58.1364,0.0093,0.0143,-0.0026,0.5858,-0.3867,1.0743,hold
2021-09-14,142.1527,18916000,142.9011,143.4626,141.6566,-0.0004,-0.0145,-0.0142,-0.0072,0.0410,53.7888,0.0089,0.0132,-0.0030,0.5654,-0.0625,1.0049,buy
2021-09-15,143.9369,20648000,142.5026,144.3092,141.0127,0.0126,0.0022,-0.0018,0.0055,0.0517,57.7553,0.0100,0.0130,-0.0024,0.6950,0.0916,1.0987,sell
2021-09-16,143.1117,20292000,143.8527,143.9310,142.1629,-0.0057,-0.0037,-0.0101,0.0007,0.0435,57.7335,0.0101,0.0124,-0.0025,0.6022,-0.0172,1.0646,sell
2021-09-17,140.2272,60040000,142.5417,142.9888,139.8287,-0.0202,-0.0032,-0.0191,-0.0176,0.0207,39.7324,0.0114,0.0103,-0.0038,0.2171,1.9588,2.8390,sell
2021-09-20,137.8020,34918000,137.7854,138.1445,135.8552,-0.0173,-0.0310,-0.0398,-0.0307,0.0016,30.5181,0.0121,0.0072,-0.0058,-0.1336,-0.4184,1.5788,buy
2021-09-21,138.4260,18130000,138.8924,139.5810,137.6915,0.0045,-0.0262,-0.0404,-0.0223,0.0049,33.0771,0.0121,0.0048,-0.0065,-0.0017,-0.4808,0.8253,buy
2021-09-22,139.7068,22068000,138.8265,140.3461,138.2528,0.0093,-0.0294,-0.0272,-0.0105,0.0127,36.4503,0.0128,0.0036,-0.0061,0.1840,0.2172,0.9889,buy
2021-09-23,140.5870,17272000,140.3719,141.0092,139.8633,0.0063,-0.0176,-0.0213,-0.0021,0.0177,43.1088,0.0131,0.0032,-0.0052,0.3032,-0.2173,0.7664,buy
2021-09-24,141.3864,14950000,139.7142,141.6546,139.6195,0.0057,0.0083,0.0050,0.0031,0.0218,43.9182,0.0115,0.0032,-0.0040,0.3971,-0.1344,0.6633,sell
2021-09-27,140.2643,18844000,140.3481,141.2546,139.2721,-0.0079,0.0179,-0.0137,-0.0035,0.0123,38.8376,0.0112,0.0027,-0.0037,0.2808,0.2605,0.8468,sell
2021-09-28,134.9938,42190000,137.8729,138.3864,134.5140,-0.0376,-0.0248,-0.0504,-0.0361,-0.0267,30.8207,0.0160,-0.0009,-0.0060,-0.1528,1.2389,1.7941,sell
2021-09-29,133.3453,26338000,135.9114,136.1977,133.0767,-0.0122,-0.0455,-0.0736,-0.0406,-0.0391,28.6272,0.0148,-0.0048,-0.0080,-0.1312,-0.3757,1.1210,sell
2021-09-30,132.1008,35294000,133.1510,134.4050,131.8376,-0.0093,-0.0604,-0.0769,-0.0419,-0.0481,30.8298,0.0148,-0.0086,-0.0094,-0.0892,0.3400,1.4424,buy
2021-10-01,135.2699,28388000,132.3873,135.8730,132.2118,0.0240,-0.0433,-0.0354,-0.0154,-0.0257,35.5490,0.0171,-0.0093,-0.0081,0.1735,-0.1957,1.1449,sell
2021-10-04,132.5959,31530000,134.5135,134.5140,130.0201,-0.0198,-0.0547,-0.0378,-0.0312,-0.0445,32.0578,0.0174,-0.0117,-0.0084,0.0599,0.1107,1.2405,buy
2021-10-05,134.9869,24126000,132.8289,136.1615,132.8289,0.0180,-0.0001,-0.0248,-0.0113,-0.0267,33.5711,0.0186,-0.0116,-0.0067,0.2387,-0.2348,0.9328,buy
2021-10-06,136.1536,19764000,133.4489,136.6472,133.3111,0.0086,0.0211,-0.0254,-0.0001,-0.0184,37.3857,0.0185,-0.0109,-0.0048,0.3332,-0.1808,0.7579,buy
2021-10-07,137.9691,18250000,137.6494,138.9296,137.3520,0.0133,0.0444,-0.0186,0.0152,-0.0057,45.7413,0.0190,-0.0090,-0.0024,0.4704,-0.0766,0.6952,buy
2021-10-08,138.8320,18924000,138.6833,139.0907,138.2108,0.0063,0.0263,-0.0181,0.0234,0.0000,52.0641,0.0191,-0.0070,-0.0004,0.5371,0.0369,0.7406,sell
2021-10-11,137.6340,16584000,138.5782,139.5334,137.5934,-0.0086,0.0380,-0.0188,0.0166,-0.0091,48.4484,0.0191,-0.0062,0.0004,0.4681,-0.1237,0.6536,sell
2021-10-12,135.5182,22536000,138.4171,138.4741,135.0592,-0.0154,0.0039,0.0039,0.0006,-0.0245,42.0544,0.0154,-0.0067,-0.0000,0.3340,0.3589,0.8819,buy
2021-10-13,136.6948,16380000,136.5461,137.3391,135.7794,0.0087,0.0040,0.0251,0.0068,-0.0162,42.6988,0.0149,-0.0063,0.0003,0.4432,-0.2732,0.6464,buy
2021-10-14,140.1761,21426000,138.7289,140.4135,138.1212,0.0255,0.0160,0.0611,0.0263,0.0080,47.9372,0.0158,-0.0038,0.0021,0.7638,0.3081,0.8436,hold
2021-10-15,140.4368,21250000,140.9572,140.9572,139.8316,0.0019,0.0116,0.0382,0.0243,0.0092,50.3028,0.0145,-0.0017,0.0033,0.7850,-0.0082,0.9059,buy
2021-10-18,141.7111,16564000,139.9794,141.7490,139.9794,0.0091,0.0296,0.0687,0.0268,0.0175,63.7207,0.0119,0.0006,0.0045,0.8593,-0.2205,0.7349,buy
2021-10-19,142.5651,15316000,142.0392,142.8476,141.8454,0.0060,0.0520,0.0561,0.0274,0.0228,69.4639,0.0113,0.0029,0.0054,0.8865,-0.0753,0.6838,sell
2021-10-20,141.1703,17940000,142.9620,142.9871,140.6717,-0.0098,0.0327,0.0368,0.0136,0.0122,69.0261,0.0122,0.0039,0.0051,0.7656,0.1713,0.8084,hold
2021-10-21,141.5326,14850000,140.9493,141.6010,140.3991,0.0026,0.0097,0.0258,0.0136,0.0141,64.8918,0.0117,0.0048,0.0048,0.7855,-0.1722,0.6728,sell
2021-10-22,137.4135,30182000,139.1244,140.3213,135.9717,-0.0291,-0.0215,-0.0102,-0.0149,-0.0155,60.7185,0.0153,0.0033,0.0026,0.4879,1.0325,1.3218,hold
2021-10-25,137.5602,21082000,137.5973,137.9892,135.5534,0.0011,-0.0293,-0.0005,-0.0137,-0.0145,56.3605,0.0150,0.0020,0.0011,0.5102,-0.3015,0.9188,buy
2021-10-26,138.4513,28258000,139.3772,139.6086,137.7906,0.0065,-0.0289,0.0216,-0.0094,-0.0082,55.7578,0.0141,0.0015,0.0005,0.5687,0.3404,1.2701,buy
2021-10-27,145.1478,51850000,138.6798,147.8147,138.6798,0.0484,0.0282,0.0618,0.0322,0.0384,64.4533,0.0203,0.0047,0.0030,1.0209,0.8349,2.2041,hold
2021-10-28,144.8519,32418000,146.0117,146.1361,143.4983,-0.0020,0.0235,0.0334,0.0267,0.0349,62.4035,0.0193,0.0071,0.0043,0.9520,-0.3748,1.3865,buy
2021-10-29,146.9747,28954000,144.2482,147.3142,143.8978,0.0147,0.0696,0.0466,0.0369,0.0484,68.5390,0.0196,0.0098,0.0057,1.0133,-0.1069,1.2369,sell
2021-11-01,142.5175,32272000,146.8701,147.1025,142.3247,-0.0303,0.0360,0.0057,0.0049,0.0158,62.7107,0.0224,0.0099,0.0045,0.6932,0.1146,1.3764,buy
2021-11-02,144.5882,21150000,143.5438,145.6364,143.3769,0.0145,0.0443,0.0142,0.0181,0.0299,63.8835,0.0227,0.0106,0.0042,0.8166,-0.3446,0.9078,hold
2021-11-03,145.5071,17886000,144.9966,145.6266,143.7858,0.0064,0.0025,0.0307,0.0214,0.0358,60.3055,0.0224,0.0115,0.0041,0.8475,-0.1543,0.7708,buy
2021-11-04,147.3836,24700000,145.9135,148.6395,145.3535,0.0129,0.0175,0.0413,0.0304,0.0483,62.6394,0.0226,0.0131,0.0046,0.9240,0.3810,1.0499,hold
2021-11-05,147.9367,20408000,148.0482,149.2548,147.3528,0.0038,0.0065,0.0766,0.0267,0.0512,61.6325,0.0194,0.0145,0.0049,0.9040,-0.1738,0.8647,hold
2021-11-08,148.0462,18388000,148.6890,149.7145,147.8167,0.0007,0.0388,0.0762,0.0200,0.0512,60.5346,0.0194,0.0155,0.0047,0.8662,-0.0990,0.7762,hold
2021-11-09,147.9441,16876000,148.4373,149.0643,146.2179,-0.0007,0.0232,0.0686,0.0127,0.0500,63.6997,0.0196,0.0161,0.0042,0.8329,-0.0822,0.7210,sell
2021-11-10,145.3445,22708000,146.7162,147.4004,144.0549,-0.0176,-0.0011,0.0014,-0.0052,0.0313,57.0696,0.0145,0.0152,0.0025,0.6416,0.3456,0.9572,hold
2021-11-11,145.4655,12464000,145.8213,147.2044,145.4124,0.0008,-0.0130,0.0042,-0.0048,0.0321,67.5337,0.0144,0.0142,0.0012,0.6334,-0.4511,0.5355,buy
2021-11-12,148.3376,17048000,146.5395,148.5498,145.1740,0.0197,0.0027,0.0093,0.0139,0.0516,70.9785,0.0151,0.0145,0.0014,0.8072,0.3678,0.7391,hold
2021-11-15,148.0824,16248000,148.6890,149.1619,147.3533,-0.0017,0.0002,0.0390,0.0083,0.0492,69.2229,0.0105,0.0147,0.0013,0.7613,-0.0469,0.7049,hold
2021-11-16,147.7731,17254000,147.8668,148.5230,147.0535,-0.0021,-0.0012,0.0220,0.0040,0.0464,57.0333,0.0099,0.0146,0.0009,0.7183,0.0619,0.7454,hold
2021-11-17,147.7592,15290000,147.9248,148.3183,147.2646,-0.0001,0.0166,0.0155,0.0024,0.0457,57.9082,0.0098,0.0143,0.0004,0.6962,-0.1138,0.6644,buy
2021-11-18,149.3918,26658000,147.8425,150.2850,147.6963,0.0110,0.0270,0.0136,0.0121,0.0564,56.7550,0.0096,0.0146,0.0007,0.7792,0.7435,1.1294,sell
2021-11-19,148.6420,19766000,149.6803,150.5229,148.5775,-0.0050,0.0021,0.0048,0.0065,0.0499,71.5889,0.0097,0.0144,0.0004,0.7156,-0.2585,0.8563,sell
2021-11-22,145.7931,24608000,148.8296,149.4271,145.7207,-0.0192,-0.0155,-0.0152,-0.0113,0.0293,54.0264,0.0115,0.0128,-0.0012,0.4502,0.2450,1.0579,hold
2021-11-23,145.4744,18126000,145.8273,146.4032,143.6232,-0.0022,-0.0156,-0.0167,-0.0118,0.0266,49.8861,0.0115,0.0110,-0.0024,0.3323,-0.2634,0.7966,hold
2021-11-24,145.4352,16464000,145.0710,145.7153,143.9300,-0.0003,-0.0157,0.0006,-0.0121,0.0261,42.2222,0.0101,0.0095,-0.0032,0.3234,-0.0917,0.7846,sell
2021-11-26,141.5579,16992000,143.7481,144.0271,141.2402,-0.0267,-0.0524,-0.0269,-0.0359,-0.0011,29.8767,0.0132,0.0062,-0.0054,-0.1034,0.0321,0.8406,buy
2021-11-29,144.8370,26276000,143.0374,145.5785,143.0374,0.0232,-0.0256,-0.0236,-0.0112,0.0214,41.5630,0.0138,0.0050,-0.0050,0.3129,0.5464,1.3086,sell
2021-11-30,141.2070,41590000,144.1791,145.3470,140.8244,-0.0251,-0.0315,-0.0464,-0.0314,-0.0047,35.0596,0.0156,0.0023,-0.0065,-0.0762,0.5828,2.0243,sell
2021-12-01,140.3803,28476000,142.9521,145.2188,140.2633,-0.0059,-0.0350,-0.0500,-0.0322,-0.0108,38.0516,0.0156,-0.0005,-0.0074,-0.0587,-0.3153,1.3618,buy
2021-12-02,142.5200,21250000,140.5845,143.4106,139.7499,0.0152,-0.0200,-0.0355,-0.0139,0.0039,43.5384,0.0168,-0.0014,-0.0066,0.1795,-0.2538,1.0081,sell
2021-12-03,141.2749,26688000,143.2326,143.9439,139.9164,-0.0087,-0.0020,-0.0543,-0.0170,-0.0050,33.3154,0.0160,-0.0029,-0.0065,0.1166,0.2559,1.2601,buy
2021-12-06,142.5398,22198000,142.3192,143.0899,139.4178,0.0090,-0.0159,-0.0411,-0.0039,0.0038,37.5026,0.0167,-0.0032,-0.0054,0.2532,-0.1682,1.0437,buy
2021-12-07,146.7427,23258000,144.6744,147.0039,144.4291,0.0295,0.0392,0.0065,0.0248,0.0324,48.0236,0.0188,-0.0011,-0.0026,0.6248,0.0478,1.0812,hold
2021-12-08,147.4207,18964000,147.0351,147.8529,145.9135,0.0046,0.0502,0.0134,0.0281,0.0354,49.3669,0.0188,0.0009,-0.0005,0.6884,-0.1846,0.8773,hold
2021-12-09,146.8116,18580000,146.8810,148.2975,146.2397,-0.0041,0.0301,0.0095,0.0229,0.0292,44.9819,0.0188,0.0021,0.0006,0.6269,-0.0202,0.8678,hold
2021-12-10,147.3756,21634000,147.7969,148.0943,146.0697,0.0038,0.0432,0.0411,0.0227,0.0309,47.5193,0.0161,0.0033,0.0014,0.6661,0.1644,0.9893,sell
2021-12-13,145.4223,24104000,147.1466,147.2641,145.0809,-0.0133,0.0202,0.0040,0.0087,0.0158,49.2473,0.0154,0.0032,0.0011,0.5090,0.1142,1.0847,sell
2021-12-14,143.7035,24778000,143.5048,144.1709,140.9994,-0.0118,-0.0207,0.0177,-0.0050,0.0023,46.5982,0.0134,0.0022,-0.0000,0.3720,0.0280,1.0941,buy
2021-12-15,146.0805,27280000,143.1043,146.2280,141.4583,0.0165,-0.0091,0.0406,0.0075,0.0173,51.1374,0.0139,0.0025,0.0003,0.5993,0.1010,1.1785,sell
2021-12-16,143.5727,27400000,146.7829,147.2533,142.8332,-0.0172,-0.0221,0.0074,-0.0105,-0.0012,53.7316,0.0147,0.0015,-0.0006,0.3816,0.0044,1.1535,sell
2021-12-17,141.5549,43404000,141.4672,143.1976,140.5488,-0.0141,-0.0395,0.0020,-0.0246,-0.0158,43.6234,0.0152,-0.0005,-0.0021,0.2103,0.5841,1.7650,hold
2021-12-20,141.1570,20264000,139.4501,141.3641,139.0243,-0.0028,-0.0293,-0.0097,-0.0264,-0.0188,49.8888,0.0149,-0.0023,-0.0031,0.1944,-0.5331,0.8232,buy
2021-12-21,142.9601,19548000,141.8989,143.4275,140.4963,0.0128,-0.0052,-0.0258,-0.0114,-0.0070,55.4936,0.0117,-0.0026,-0.0028,0.3992,-0.0353,0.8023,buy
2021-12-22,145.6647,18438000,142.8406,146.0156,142.7048,0.0189,-0.0028,-0.0119,0.0085,0.0103,56.5395,0.0135,-0.0013,-0.0012,0.6872,-0.0568,0.7563,hold
2021-12-23,145.8565,13818000,145.8040,147.2741,145.6666,0.0013,0.0159,-0.0065,0.0105,0.0104,59.9639,0.0134,-0.0003,-0.0001,0.7040,-0.2506,0.5699,buy
2021-12-27,146.7699,13256000,146.1747,147.1293,145.9631,0.0063,0.0368,-0.0041,0.0173,0.0158,59.3423,0.0135,0.0011,0.0010,0.7718,-0.0407,0.5510,sell
2021-12-28,145.1681,18624000,147.0778,147.0778,144.6601,-0.0109,0.0284,-0.0017,0.0064,0.0040,46.0711,0.0133,0.0013,0.0010,0.6009,0.4049,0.7866,hold
2021-12-29,145.2241,17022000,145.1498,145.8974,144.2328,0.0004,0.0158,0.0106,0.0057,0.0039,44.3434,0.0127,0.0014,0.0009,0.5894,-0.0860,0.7582,hold
2021-12-30,144.7265,12978000,145.1701,145.7772,144.4846,-0.0034,-0.0064,-0.0093,0.0032,0.0002,44.5995,0.0115,0.0012,0.0006,0.5120,-0.2376,0.5988,sell
2021-12-31,143.4151,17298000,144.2720,145.0858,143.4131,-0.0091,-0.0167,-0.0011,-0.0058,-0.0092,40.1245,0.0104,0.0004,-0.0002,0.3453,0.3329,0.8054,hold
2022-01-03,143.8066,25214000,143.2128,144.2779,142.2483,0.0027,-0.0202,0.0159,-0.0046,-0.0068,45.6309,0.0092,-0.0001,-0.0006,0.3682,0.4576,1.1781,sell
2022-01-04,143.1544,22928000,144.2784,145.3287,142.5592,-0.0045,-0.0139,0.0142,-0.0105,-0.0121,48.4241,0.0093,-0.0008,-0.0010,0.2734,-0.0907,1.0694,sell
2022-01-05,136.4505,49642000,142.9209,143.0369,136.3216,-0.0468,-0.0604,-0.0455,-0.0526,-0.0582,27.8630,0.0171,-0.0054,-0.0045,-0.2630,1.1651,2.1812,hold
2022-01-06,136.3488,29050000,136.2958,138.4652,135.5682,-0.0007,-0.0579,-0.0640,-0.0471,-0.0586,31.3288,0.0151,-0.0089,-0.0064,-0.1126,-0.4148,1.2488,hold
2022-01-07,135.8071,19408000,136.6998,137.0465,134.6023,-0.0040,-0.0530,-0.0689,-0.0442,-0.0612,33.9167,0.0149,-0.0120,-0.0076,-0.0418,-0.3319,0.8328,buy
2022-01-10,137.3629,34096000,133.9183,137.4283,131.9769,0.0115,-0.0448,-0.0641,-0.0268,-0.0494,40.0297,0.0155,-0.0131,-0.0070,0.1187,0.7568,1.4250,buy
2022-01-11,138.7938,23502000,136.9729,139.1031,135.6178,0.0104,-0.0305,-0.0439,-0.0122,-0.0384,38.8331,0.0163,-0.0130,-0.0056,0.2475,-0.3107,0.9835,buy
2022-01-12,140.4100,23642000,140.3174,141.5661,139.8787,0.0116,0.0290,-0.0331,0.0027,-0.0270,35.0431,0.0170,-0.0118,-0.0036,0.3733,0.0060,0.9917,sell
2022-01-13,137.9151,26566000,140.6009,141.9341,137.7000,-0.0178,0.0115,-0.0471,-0.0103,-0.0434,30.0156,0.0176,-0.0125,-0.0033,0.2270,0.1237,1.1160,hold
2022-01-14,138.5648,23826000,136.2983,139.9664,136.2983,0.0047,0.0203,-0.0338,-0.0021,-0.0379,29.0744,0.0178,-0.0123,-0.0025,0.2927,-0.1031,1.0085,sell
2022-01-18,135.0993,27382000,135.4062,136.1907,134.4317,-0.0250,-0.0165,-0.0605,-0.0210,-0.0604,26.5507,0.0189,-0.0144,-0.0035,0.1054,0.1492,1.1996,hold
2022-01-19,134.4665,20796000,135.7417,137.1900,134.3158,-0.0047,-0.0312,-0.0607,-0.0194,-0.0630,25.6018,0.0189,-0.0161,-0.0041,0.1144,-0.2405,0.9100,sell
2022-01-20,132.3397,21930000,135.3209,136.7067,131.9809,-0.0158,-0.0575,-0.0301,-0.0320,-0.0758,23.8401,0.0131,-0.0187,-0.0052,0.0592,0.0545,0.9547,sell
2022-01-21,128.9550,41920000,131.8495,133.5827,128.8649,-0.0256,-0.0650,-0.0542,-0.0516,-0.0971,21.9205,0.0148,-0.0230,-0.0073,-0.0250,0.9115,1.7362,hold
2022-01-24,129.2326,55148000,124.9260,129.6355,123.5526,0.0022,-0.0673,-0.0484,-0.0449,-0.0931,21.5733,0.0150,-0.0255,-0.0079,0.0536,0.3156,2.1040,sell
2022-01-25,125.6279,36008000,127.3130,128.2081,125.2735,-0.0279,-0.0701,-0.0854,-0.0635,-0.1159,19.3452,0.0154,-0.0302,-0.0097,-0.0268,-0.3471,1.3166,buy
2022-01-26,128.1105,39630000,129.4512,131.6468,126.0422,0.0198,-0.0473,-0.0770,-0.0373,-0.0959,32.8858,0.0169,-0.0309,-0.0086,0.1253,0.1006,1.3955,hold
2022-01-27,127.9925,30248000,130.2129,131.4510,127.8181,-0.0009,-0.0328,-0.0884,-0.0291,-0.0941,32.8637,0.0158,-0.0316,-0.0074,0.1551,-0.2367,1.0409,buy
2022-01-28,132.1246,30518000,128.8638,132.2049,127.5698,0.0323,0.0246,-0.0420,0.0067,-0.0628,43.4175,0.0201,-0.0282,-0.0039,0.3536,0.0089,1.0194,buy
2022-01-31,134.5125,34056000,133.0252,134.6563,131.1180,0.0181,0.0409,-0.0292,0.0280,-0.0441,45.0522,0.0211,-0.0242,-0.0002,0.4832,0.1159,1.1066,buy
2022-02-01,136.6735,51204000,136.6304,136.9922,133.3922,0.0161,0.0879,0.0117,0.0433,-0.0270,46.4104,0.0203,-0.0196,0.0032,0.6172,0.5035,1.5964,buy
2022-02-02,146.7427,89750000,150.5363,150.7707,144.2854,0.0737,0.1454,0.0913,0.1097,0.0450,58.3352,0.0304,-0.0094,0.0094,1.0979,0.7528,2.5342,sell
2022-02-03,141.4038,56930000,144.0252,147.8145,140.9622,-0.0364,0.1048,0.0685,0.0621,0.0076,54.2721,0.0328,-0.0056,0.0112,0.8083,-0.3657,1.5911,hold
2022-02-04,141.7661,49224000,141.7671,143.2721,138.5956,0.0026,0.0730,0.0993,0.0547,0.0107,53.9479,0.0309,-0.0020,0.0118,0.8005,-0.1354,1.3380,sell
2022-02-07,137.7237,44610000,142.4530,142.5893,137.4868,-0.0285,0.0239,0.0657,0.0182,-0.0170,53.1911,0.0332,-0.0015,0.0102,0.6107,-0.0937,1.1724,hold
2022-02-08,137.9963,34256000,137.7765,138.6150,135.6768,0.0020,0.0097,0.0985,0.0109,-0.0146,54.3300,0.0310,-0.0008,0.0086,0.6213,-0.2321,0.9001,buy
2022-02-09,140.2168,28628000,139.6188,140.9329,139.1502,0.0161,-0.0445,0.0945,0.0182,0.0020,59.6404,0.0308,0.0009,0.0082,0.7166,-0.1643,0.7472,sell
2022-02-10,137.3912,33018000,138.2808,140.1949,136.8435,-0.0202,-0.0284,0.0734,-0.0091,-0.0177,60.4679,0.0321,0.0007,0.0065,0.5983,0.1533,0.8514,sell
2022-02-11,132.9577,38808000,137.5374,138.0660,132.1236,-0.0323,-0.0621,0.0063,-0.0417,-0.0484,54.1902,0.0331,-0.0021,0.0031,0.4065,0.1754,0.9851,hold
2022-02-14,134.1175,26792000,132.1999,134.9765,132.1370,0.0087,-0.0262,-0.0029,-0.0330,-0.0389,60.1053,0.0327,-0.0036,0.0012,0.4696,-0.3096,0.6775,hold
2022-02-15,135.2332,26578000,136.2701,136.6948,134.3550,0.0083,-0.0200,-0.0105,-0.0240,-0.0301,58.7634,0.0324,-0.0041,0.0006,0.5211,-0.0080,0.6728,hold
2022-02-16,136.2859,25610000,135.2382,136.7404,133.6454,0.0078,-0.0280,-0.0713,-0.0089,-0.0217,59.9743,0.0198,-0.0038,0.0007,0.5656,-0.0364,0.6444,sell
2022-02-17,131.1522,30968000,134.9601,135.6436,131.0466,-0.0377,-0.0454,-0.0725,-0.0391,-0.0564,48.8580,0.0201,-0.0068,-0.0017,0.3316,0.2092,0.7704,sell
2022-02-18,129.3273,31858000,131.8748,132.6544,129.1682,-0.0139,-0.0273,-0.0877,-0.0437,-0.0671,43.8289,0.0198,-0.0102,-0.0040,0.2457,0.0287,0.8026,sell
2022-02-22,128.2716,38906000,128.8490,130.7480,126.6246,-0.0082,-0.0436,-0.0686,-0.0449,-0.0722,39.7306,0.0186,-0.0134,-0.0058,0.2023,0.2212,1.0007,sell
2022-02-23,126.4699,26432000,129.9329,130.5975,126.3892,-0.0140,-0.0648,-0.0835,-0.0501,-0.0825,18.9447,0.0184,-0.0171,-0.0075,0.1129,-0.3206,0.6883,buy
2022-02-24,131.5140,43166000,123.9075,131.8743,123.6741,0.0399,-0.0350,-0.0621,-0.0057,-0.0440,34.7119,0.0230,-0.0158,-0.0052,0.3334,0.6331,1.1189,buy
2022-02-25,133.3438,26236000,132.3585,134.2057,130.6134,0.0139,0.0167,-0.0295,0.0112,-0.0292,37.5456,0.0232,-0.0138,-0.0027,0.4037,-0.3922,0.6836,hold
2022-02-28,133.7121,29676000,132.1196,134.4550,131.6644,0.0028,0.0339,0.0057,0.0134,-0.0248,43.3446,0.0207,-0.0120,-0.0008,0.4175,0.1311,0.7741,hold
2022-03-01,132.9954,24640000,133.3047,134.9214,132.2128,-0.0054,0.0368,-0.0084,0.0088,-0.0285,41.8239,0.0206,-0.0110,0.0002,0.3856,-0.1697,0.6507,hold
2022-03-02,133.5738,23966000,133.4318,134.4302,132.2663,0.0043,0.0562,-0.0123,0.0145,-0.0231,38.5230,0.0205,-0.0097,0.0012,0.4226,-0.0274,0.6566,hold
2022-03-03,133.1342,19780000,134.7901,135.5190,132.2649,-0.0033,0.0123,-0.0231,0.0136,-0.0252,41.9845,0.0202,-0.0088,0.0017,0.4220,-0.1747,0.5993,sell
2022-03-04,130.9673,24446000,132.2168,133.0262,129.2688,-0.0163,-0.0178,-0.0014,-0.0028,-0.0394,45.9024,0.0169,-0.0095,0.0010,0.3103,0.2359,0.7790,sell
2022-03-07,125.3592,39178000,130.7512,130.7512,125.3052,-0.0428,-0.0625,-0.0307,-0.0426,-0.0778,34.7608,0.0214,-0.0138,-0.0023,-0.0005,0.6026,1.2688,buy
2022-03-08,126.1661,35250000,125.1471,130.0995,124.7608,0.0064,-0.0513,-0.0164,-0.0349,-0.0691,34.0522,0.0215,-0.0160,-0.0037,0.1028,-0.1003,1.1592,buy
2022-03-09,132.6960,32258000,130.2516,133.0256,128.9511,0.0518,-0.0066,0.0492,0.0103,-0.0189,44.7059,0.0267,-0.0129,-0.0009,0.5299,-0.0849,1.0643,sell
2022-03-10,131.5224,24266000,130.3135,132.3714,130.2526,-0.0088,-0.0121,0.0001,0.0013,-0.0256,50.6182,0.0239,-0.0117,0.0003,0.4781,-0.2478,0.8064,sell
2022-03-11,129.3352,26600000,132.8284,133.0271,129.1577,-0.0166,-0.0125,-0.0301,-0.0123,-0.0396,50.0131,0.0239,-0.0121,0.0001,0.3300,0.0962,0.8935,sell
2022-03-14,125.6333,30254000,129.4318,129.8809,125.3082,-0.0286,0.0022,-0.0604,-0.0346,-0.0644,45.9969,0.0252,-0.0148,-0.0018,0.0880,0.1374,1.0310,buy
2022-03-15,128.5273,30292000,126.6251,129.3766,125.4618,0.0230,0.0187,-0.0336,-0.0090,-0.0407,53.0215,0.0268,-0.0143,-0.0013,0.3278,0.0013,1.0262,buy
2022-03-16,132.5221,32058000,129.8551,132.6019,128.0718,0.0311,-0.0013,-0.0079,0.0227,-0.0093,51.5277,0.0289,-0.0112,0.0011,0.6530,0.0583,1.0761,hold
2022-03-17,133.4241,23994000,132.1558,133.5619,131.5591,0.0068,0.0145,0.0022,0.0294,-0.0011,50.1252,0.0289,-0.0084,0.0031,0.7551,-0.2515,0.8076,buy
2022-03-18,135.6059,45900000,132.7139,135.7169,131.7703,0.0164,0.0485,0.0354,0.0425,0.0154,52.7948,0.0287,-0.0048,0.0052,0.8951,0.9130,1.5070,hold
2022-03-21,135.2857,26632000,135.6515,136.3801,133.4350,-0.0024,0.0768,0.0792,0.0321,0.0132,53.4199,0.0238,-0.0022,0.0063,0.8300,-0.4198,0.8820,buy
2022-03-22,139.0515,29776000,135.3071,140.2634,135.3071,0.0278,0.0819,0.1021,0.0506,0.0409,57.4684,0.0246,0.0021,0.0082,1.0160,0.1181,1.0012,sell
2022-03-23,137.2930,25302000,137.9225,138.8012,136.9590,-0.0126,0.0360,0.0346,0.0337,0.0277,55.4733,0.0205,0.0044,0.0085,0.8569,-0.1503,0.8524,buy
2022-03-24,140.0770,20544000,138.0553,140.1607,136.8330,0.0203,0.0499,0.0650,0.0479,0.0484,61.7974,0.0206,0.0076,0.0093,0.9660,-0.1880,0.7195,hold
2022-03-25,140.2847,19270000,140.5151,140.7188,138.4786,0.0015,0.0345,0.0847,0.0409,0.0499,72.4724,0.0191,0.0102,0.0095,0.9206,-0.0620,0.6832,hold
2022-03-28,140.7094,23774000,139.4550,140.7357,138.6061,0.0030,0.0401,0.1200,0.0325,0.0527,72.1519,0.0143,0.0123,0.0093,0.8948,0.2337,0.8518,buy
2022-03-29,141.9980,28678000,141.9093,142.9026,141.2387,0.0092,0.0212,0.1048,0.0318,0.0618,66.8606,0.0138,0.0144,0.0092,0.9057,0.2063,1.0202,sell
2022-03-30,141.3978,21046000,141.6214,142.2265,140.9255,-0.0042,0.0299,0.0670,0.0208,0.0563,68.2801,0.0122,0.0158,0.0084,0.8388,-0.2661,0.7526,sell
2022-03-31,138.4290,29516000,141.2035,141.3978,138.3987,-0.0210,-0.0118,0.0375,-0.0042,0.0335,66.3599,0.0150,0.0152,0.0062,0.6869,0.4025,1.0374,buy
2022-04-01,139.4703,23480000,138.7863,139.7181,137.5840,0.0075,-0.0058,0.0285,0.0005,0.0402,77.5280,0.0144,0.0148,0.0047,0.7127,-0.2045,0.8267,buy
2022-04-04,142.3871,19076000,139.5937,142.7849,139.5937,0.0209,0.0119,0.0525,0.0163,0.0598,77.5484,0.0153,0.0158,0.0047,0.8177,-0.1876,0.6962,sell
2022-04-05,139.8302,19256000,142.1463,142.3351,139.7117,-0.0180,-0.0153,0.0056,-0.0025,0.0391,65.4065,0.0147,0.0155,0.0033,0.6800,0.0094,0.7239,sell
2022-04-06,135.9771,23574000,137.9453,138.6263,135.2259,-0.0276,-0.0383,-0.0096,-0.0291,0.0089,54.7866,0.0168,0.0130,0.0004,0.4763,0.2242,0.9010,sell
2022-04-07,135.2723,19448000,135.4240,136.4980,133.6786,-0.0052,-0.0228,-0.0343,-0.0308,0.0026,49.3379,0.0151,0.0101,-0.0020,0.4286,-0.1750,0.7502,sell
2022-04-08,132.8393,16434000,135.0592,135.0592,132.5836,-0.0180,-0.0475,-0.0531,-0.0432,-0.0161,45.5201,0.0156,0.0065,-0.0047,0.2806,-0.1550,0.6466,sell
2022-04-11,128.6621,24188000,131.7385,131.7774,128.4847,-0.0314,-0.0964,-0.0856,-0.0651,-0.0466,31.2572,0.0173,0.0009,-0.0086,0.0013,0.4718,0.9632,sell
2022-04-12,127.2526,23004000,131.2662,131.2662,126.4610,-0.0110,-0.0899,-0.1038,-0.0654,-0.0560,31.6558,0.0161,-0.0046,-0.0113,-0.0604,-0.0489,0.9295,buy
2022-04-13,129.1473,19542000,127.5023,129.5138,127.3161,0.0149,-0.0502,-0.0866,-0.0428,-0.0409,29.3605,0.0180,-0.0076,-0.0113,0.0829,-0.1505,0.8101,sell
2022-04-14,126.1409,23484000,129.5077,129.5679,126.0006,-0.0233,-0.0675,-0.0888,-0.0565,-0.0603,25.8443,0.0182,-0.0120,-0.0127,-0.0029,0.2017,0.9746,buy
2022-04-18,126.8427,14918000,126.2965,127.5871,125.4722,0.0056,-0.0451,-0.0905,-0.0422,-0.0530,26.5395,0.0180,-0.0146,-0.0123,0.0879,-0.3648,0.6616,buy
2022-04-19,129.3902,22720000,126.9577,129.7597,126.3376,0.0201,0.0057,-0.0913,-0.0133,-0.0322,29.5409,0.0178,-0.0147,-0.0099,0.2264,0.5230,1.0165,sell
2022-04-20,127.1247,22610000,130.1366,130.7705,126.7763,-0.0175,-0.0010,-0.0909,-0.0211,-0.0477,28.0262,0.0178,-0.0165,-0.0093,0.1673,-0.0048,1.0280,sell
2022-04-21,123.8456,30158000,128.2195,129.1687,123.5606,-0.0258,-0.0411,-0.0892,-0.0374,-0.0703,27.7610,0.0176,-0.0201,-0.0101,0.0901,0.3338,1.3563,sell
2022-04-22,118.5686,46410000,123.9076,124.3556,118.0993,-0.0426,-0.0600,-0.1235,-0.0663,-0.1070,21.7724,0.0204,-0.0269,-0.0132,-0.0137,0.5389,1.9724,buy
2022-04-25,122.1728,34522000,118.3857,122.2006,117.7312,0.0304,-0.0368,-0.0803,-0.0297,-0.0777,23.1984,0.0244,-0.0279,-0.0117,0.1539,-0.2562,1.4211,sell
2022-04-26,118.4616,49394000,121.6772,121.6772,118.1204,-0.0304,-0.0845,-0.0793,-0.0515,-0.1038,22.5093,0.0243,-0.0324,-0.0126,0.0853,0.4308,1.9315,sell
2022-04-27,114.0153,62238000,113.3734,116.4731,112.1356,-0.0375,-0.1031,-0.1040,-0.0773,-0.1348,22.1709,0.0261,-0.0394,-0.0150,0.0162,0.2600,2.2839,buy
2022-04-28,118.3679,36790000,116.0915,119.3859,114.1376,0.0382,-0.0442,-0.0835,-0.0337,-0.0994,30.3921,0.0294,-0.0389,-0.0123,0.1808,-0.4089,1.3121,sell
2022-04-29,113.9617,33694000,116.5504,117.9203,113.6916,-0.0372,-0.0389,-0.0966,-0.0603,-0.1300,29.0619,0.0305,-0.0438,-0.0129,0.0973,-0.0842,1.1928,buy
2022-05-02,116.1331,30280000,112.9110,116.3140,112.4084,0.0191,-0.0494,-0.0844,-0.0339,-0.1114,35.4562,0.0315,-0.0436,-0.0107,0.1918,-0.1013,1.0592,hold
2022-05-03,117.0971,21216000,115.7445,118.2574,115.6077,0.0083,-0.0115,-0.0950,-0.0158,-0.1023,38.0883,0.0306,-0.0426,-0.0079,0.2376,-0.2993,0.7394,buy
2022-05-04,121.5037,33232000,116.9722,122.0668,114.7270,0.0376,0.0657,-0.0442,0.0261,-0.0676,41.5334,0.0338,-0.0371,-0.0030,0.4026,0.5664,1.1306,sell
2022-05-05,115.7262,43090000,119.1698,120.1737,114.1758,-0.0476,-0.0223,-0.0656,-0.0159,-0.1104,39.1312,0.0360,-0.0394,-0.0028,0.2113,0.2966,1.4189,hold
2022-05-06,114.6492,35310000,114.5094,116.4716,113.1454,-0.0093,0.0060,-0.0331,-0.0218,-0.1164,37.3737,0.0337,-0.0403,-0.0027,0.1896,-0.1806,1.1331,sell
2022-05-09,112.0957,34520000,112.3133,114.5529,111.5678,-0.0223,-0.0348,-0.0825,-0.0353,-0.1333,32.0939,0.0320,-0.0430,-0.0037,0.1158,-0.0224,1.0765,buy
2022-05-10,113.5831,31158000,115.0264,115.6712,112.3924,0.0133,-0.0300,-0.0412,-0.0184,-0.1190,35.7499,0.0316,-0.0424,-0.0028,0.2089,-0.0974,0.9612,hold
2022-05-11,112.9650,36502000,112.7167,115.6513,112.6567,-0.0054,-0.0703,-0.0092,-0.0229,-0.1211,37.8709,0.0293,-0.0424,-0.0021,0.2120,0.1715,1.1031,hold
2022-05-12,112.1720,41464000,110.9597,113.8527,109.1512,-0.0070,-0.0307,-0.0523,-0.0245,-0.1244,42.0773,0.0260,-0.0427,-0.0017,0.2022,0.1359,1.2129,buy
2022-05-13,115.4972,29738000,113.8418,117.0530,113.0037,0.0296,0.0074,0.0135,0.0031,-0.0959,41.6742,0.0254,-0.0387,0.0009,0.3714,-0.2828,0.8620,sell
2022-05-16,113.7893,23282000,114.3756,115.5884,113.3357,-0.0148,0.0151,-0.0202,-0.0097,-0.1069,43.8662,0.0251,-0.0378,0.0019,0.3095,-0.2171,0.6668,buy
2022-05-17,115.6816,21576000,116.2030,116.2030,114.3295,0.0166,0.0185,-0.0121,0.0080,-0.0906,52.3448,0.0256,-0.0343,0.0038,0.4274,-0.0733,0.6189,sell
2022-05-18,111.4186,27982000,114.2304,114.6845,111.1619,-0.0369,-0.0137,-0.0830,-0.0206,-0.1221,40.1966,0.0239,-0.0359,0.0029,0.1650,0.2969,0.7966,sell
2022-05-19,109.7776,29192000,110.8636,112.5948,109.5026,-0.0147,-0.0213,-0.0514,-0.0299,-0.1319,43.5980,0.0198,-0.0375,0.0015,0.0683,0.0432,0.8322,sell
2022-05-20,108.3576,37586000,111.1059,111.5663,105.4433,-0.0129,-0.0618,-0.0549,-0.0371,-0.1400,37.8229,0.0199,-0.0394,0.0001,0.0361,0.2875,1.0851,buy
2022-05-23,110.6906,31558000,109.1417,111.0266,108.2003,0.0215,-0.0272,-0.0125,-0.0151,-0.1189,40.3793,0.0206,-0.0375,0.0009,0.2161,-0.1604,0.9150,sell
2022-05-24,105.0002,60386000,105.4478,105.4651,101.3147,-0.0514,-0.0923,-0.0756,-0.0586,-0.1614,26.1367,0.0252,-0.0426,-0.0017,-0.0923,0.9135,1.7234,hold
2022-05-25,104.9145,37900000,104.2231,105.6135,103.3005,-0.0008,-0.0584,-0.0713,-0.0525,-0.1589,31.2865,0.0253,-0.0446,-0.0029,-0.0003,-0.3724,1.1205,buy
2022-05-26,107.3495,30288000,105.1236,108.0030,104.5661,0.0232,-0.0221,-0.0430,-0.0263,-0.1359,37.9326,0.0271,-0.0428,-0.0016,0.1811,-0.2008,0.9042,buy
2022-05-27,111.8132,29924000,108.8290,111.8816,108.5926,0.0416,0.0319,-0.0319,0.0176,-0.0968,49.5607,0.0289,-0.0368,0.0022,0.4577,-0.0120,0.8984,buy
2022-05-31,113.0423,51302000,112.0907,115.4159,111.5887,0.0110,0.0212,-0.0066,0.0295,-0.0836,49.1524,0.0289,-0.0318,0.0054,0.5425,0.7144,1.4931,hold
2022-06-01,113.1395,28630000,113.9270,116.3730,112.5581,0.0009,0.0775,-0.0220,0.0328,-0.0795,50.2780,0.0283,-0.0278,0.0075,0.5631,-0.4419,0.8243,buy
2022-06-02,116.7169,27472000,113.1900,116.8676,112.3177,0.0316,0.1125,0.0476,0.0603,-0.0469,56.6523,0.0271,-0.0211,0.0105,0.8533,-0.0404,0.7976,sell
2022-06-03,113.5628,25052000,114.9788,115.3475,112.6746,-0.0270,0.0579,0.0345,0.0281,-0.0691,47.1544,0.0284,-0.0190,0.0108,0.6327,-0.0881,0.7469,buy
2022-06-06,115.9879,23786000,115.7222,118.3550,115.5099,0.0214,0.0373,0.0704,0.0429,-0.0454,53.1674,0.0282,-0.0146,0.0116,0.8046,-0.0505,0.7216,hold
2022-06-07,116.2050,26414000,114.6373,116.7196,114.1193,0.0019,0.0280,0.0498,0.0396,-0.0398,50.7922,0.0278,-0.0112,0.0120,0.7936,0.1105,0.8113,hold
2022-06-08,116.2134,22544000,115.8550,117.6091,115.6769,0.0001,0.0272,0.1068,0.0294,-0.0358,58.3308,0.0197,-0.0084,0.0118,0.7764,-0.1465,0.7017,sell
2022-06-09,113.9136,23142000,115.3247,117.3156,113.8631,-0.0198,-0.0240,0.0858,0.0010,-0.0505,57.0254,0.0217,-0.0078,0.0102,0.6136,0.0265,0.7356,sell
2022-06-10,110.4537,31324000,111.7956,112.5051,109.8921,-0.0304,-0.0274,0.0289,-0.0320,-0.0746,53.3296,0.0242,-0.0099,0.0070,0.3822,0.3536,1.0120,sell
2022-06-13,105.9424,36756000,106.5070,108.2640,105.6565,-0.0408,-0.0866,-0.0525,-0.0667,-0.1075,42.9457,0.0236,-0.0151,0.0020,0.1233,0.1734,1.1741,hold
2022-06-14,106.2572,25480000,105.9558,107.5096,105.4225,0.0030,-0.0856,-0.0600,-0.0583,-0.0998,52.2224,0.0232,-0.0184,-0.0010,0.1811,-0.3068,0.8111,buy
2022-06-15,109.4257,33192000,107.9478,111.0836,107.1738,0.0298,-0.0584,-0.0328,-0.0270,-0.0678,57.1923,0.0258,-0.0178,-0.0008,0.3973,0.3027,1.0374,sell
2022-06-16,105.7040,35314000,107.2043,108.3353,104.8679,-0.0340,-0.0721,-0.0944,-0.0508,-0.0942,47.4800,0.0243,-0.0211,-0.0028,0.1886,0.0639,1.0912,buy
2022-06-17,106.9228,43516000,105.6039,108.2947,104.7054,0.0115,-0.0320,-0.0585,-0.0341,-0.0792,41.6839,0.0243,-0.0217,-0.0029,0.2778,0.2323,1.3155,buy
2022-06-21,111.0360,39010000,108.7433,111.6883,108.3383,0.0385,0.0481,-0.0427,0.0075,-0.0397,46.8930,0.0269,-0.0184,-0.0002,0.5197,-0.1035,1.1768,hold
2022-06-22,111.0549,23922000,110.1915,112.7752,109.7566,0.0002,0.0452,-0.0443,0.0124,-0.0359,46.7639,0.0268,-0.0161,0.0016,0.5197,-0.3868,0.7300,hold
2022-06-23,111.6997,24710000,111.9629,112.2072,110.0587,0.0058,0.0208,-0.0388,0.0225,-0.0275,41.4312,0.0270,-0.0137,0.0032,0.5410,0.0329,0.7975,buy
2022-06-24,117.5020,39122000,112.6101,117.6006,112.6101,0.0519,0.1116,0.0315,0.0721,0.0248,56.1696,0.0314,-0.0072,0.0071,0.8793,0.5832,1.2602,sell
2022-06-27,115.6032,32840000,117.8955,118.2078,114.9869,-0.0162,0.0812,0.0466,0.0498,0.0106,49.3875,0.0300,-0.0038,0.0085,0.7312,-0.1606,1.0535,sell
2022-06-28,111.5876,28232000,115.3341,116.8265,111.4613,-0.0347,0.0050,0.0533,0.0082,-0.0220,43.4407,0.0290,-0.0040,0.0070,0.4662,-0.1403,0.9081,hold
2022-06-29,111.2754,18628000,111.1684,112.6711,110.5791,-0.0028,0.0020,0.0472,0.0008,-0.0221,43.0452,0.0291,-0.0042,0.0055,0.4514,-0.3402,0.6324,sell
2022-06-30,108.4166,38046000,109.5338,110.3568,106.3722,-0.0257,-0.0294,-0.0092,-0.0240,-0.0437,42.3779,0.0291,-0.0066,0.0027,0.2819,1.0424,1.2714,hold
2022-07-01,108.1277,31028000,107.3902,108.8467,106.1689,-0.0027,-0.0798,0.0229,-0.0287,-0.0430,46.4638,0.0267,-0.0085,0.0007,0.2853,-0.1845,1.0307,buy
2022-07-05,112.8917,36398000,106.5749,113.0558,105.3209,0.0441,-0.0235,0.0558,0.0087,0.0011,60.4843,0.0297,-0.0061,0.0021,0.6060,0.1731,1.1868,buy
2022-07-06,114.2066,28852000,113.0949,115.3351,111.2695,0.0116,0.0235,0.0286,0.0176,0.0135,61.6419,0.0276,-0.0034,0.0038,0.7055,-0.2073,0.9330,buy
2022-07-07,118.2633,32184000,114.9941,118.8144,114.5243,0.0355,0.0628,0.0649,0.0470,0.0503,62.6144,0.0294,0.0014,0.0067,0.9559,0.1155,1.0311,hold
2022-07-08,119.1183,29082000,116.5226,119.3824,116.4870,0.0072,0.0987,0.0664,0.0477,0.0577,70.8535,0.0294,0.0056,0.0087,0.9723,-0.0964,0.9221,sell
2022-07-11,115.5041,26718000,117.6130,117.7563,115.2186,-0.0303,0.0682,-0.0170,0.0177,0.0254,62.4157,0.0267,0.0066,0.0078,0.7403,-0.0813,0.8424,sell
2022-07-12,113.8458,24970000,115.8174,116.8195,113.6133,-0.0144,0.0085,-0.0152,0.0046,0.0115,54.3760,0.0266,0.0062,0.0059,0.6285,-0.0654,0.7952,sell
2022-07-13,111.2065,38958000,111.6546,114.1506,110.8457,-0.0232,-0.0263,-0.0034,-0.0184,-0.0115,50.2184,0.0252,0.0039,0.0029,0.4504,0.5602,1.2364,hold
2022-07-14,110.4661,32366000,109.8574,111.0088,108.3700,-0.0067,-0.0659,-0.0073,-0.0242,-0.0171,48.2286,0.0253,0.0015,0.0004,0.3831,-0.1692,1.0161,buy
2022-07-15,111.7814,34330000,111.9757,113.0042,110.8452,0.0119,-0.0616,0.0310,-0.0155,-0.0045,40.5702,0.0239,0.0004,-0.0005,0.4636,0.0607,1.0758,sell
2022-07-18,108.9494,33354000,112.4486,113.7967,108.3448,-0.0253,-0.0567,0.0076,-0.0411,-0.0275,39.3593,0.0255,-0.0024,-0.0027,0.2403,-0.0284,1.0484,buy
2022-07-19,113.6183,30992300,110.7535,113.8066,109.5343,0.0429,-0.0020,0.0064,-0.0007,0.0146,53.1809,0.0253,-0.0012,-0.0012,0.5646,-0.0708,0.9938,hold
2022-07-20,113.6976,26780100,113.0632,115.3133,112.2702,0.0007,0.0224,-0.0045,0.0005,0.0154,53.8221,0.0250,-0.0002,-0.0002,0.5608,-0.1359,0.8759,hold
2022-07-21,114.0346,27267800,114.0841,114.2031,110.9319,0.0030,0.0323,-0.0358,0.0072,0.0181,59.6316,0.0218,0.0008,0.0007,0.5765,0.0182,0.8870,sell
2022-07-22,107.4130,44455300,110.8328,112.1908,106.6596,-0.0581,-0.0391,-0.0983,-0.0414,-0.0400,48.9933,0.0273,-0.0033,-0.0027,0.0899,0.6303,1.4010,hold
2022-07-25,107.2643,28289900,107.9284,109.6136,106.0748,-0.0014,-0.0155,-0.0713,-0.0356,-0.0403,40.8888,0.0264,-0.0066,-0.0048,0.1215,-0.3636,0.9071,sell
2022-07-26,104.5185,36626600,106.4911,106.7984,103.8444,-0.0256,-0.0801,-0.0819,-0.0524,-0.0636,35.0088,0.0270,-0.0114,-0.0077,0.0077,0.2947,1.1673,buy
2022-07-27,112.6072,41474600,108.6421,113.4002,107.4724,0.0774,-0.0096,0.0126,0.0197,0.0094,42.2187,0.0375,-0.0082,-0.0037,0.5504,0.1324,1.2945,hold
2022-07-28,113.5885,23303800,111.8142,113.6976,110.8735,0.0087,-0.0039,0.0283,0.0257,0.0182,42.4189,0.0374,-0.0054,-0.0008,0.6083,-0.4381,0.7221,buy
2022-07-29,115.6206,31336200,112.4089,115.8784,112.2404,0.0179,0.0764,0.0343,0.0404,0.0365,50.1669,0.0376,-0.0018,0.0022,0.7214,0.3447,0.9811,hold
2022-08-01,114.4707,22856200,114.5203,116.0964,113.6876,-0.0099,0.0672,0.0507,0.0250,0.0256,50.9089,0.0366,0.0002,0.0034,0.6262,-0.2706,0.7249,hold
2022-08-02,114.8871,17911000,113.4299,116.0568,113.2614,0.0036,0.0992,0.0112,0.0275,0.0284,55.7227,0.0342,0.0021,0.0042,0.6468,-0.2164,0.5852,buy
2022-08-03,117.7419,25302800,115.3232,118.3763,115.1349,0.0248,0.0456,0.0356,0.0493,0.0522,60.6149,0.0349,0.0054,0.0059,0.8173,0.4127,0.8316,hold
2022-08-04,117.8311,15757700,117.2661,118.4556,116.6813,0.0008,0.0374,0.0333,0.0465,0.0516,59.1535,0.0350,0.0080,0.0068,0.8273,-0.3772,0.5322,hold
2022-08-05,117.1868,15615700,115.9081,117.8212,115.6900,-0.0055,0.0135,0.0910,0.0318,0.0436,63.3472,0.0278,0.0095,0.0067,0.8026,-0.0090,0.5397,hold
2022-08-08,117.1075,17061100,118.0789,119.8037,116.8002,-0.0007,0.0230,0.0918,0.0223,0.0406,56.6415,0.0278,0.0106,0.0062,0.7853,0.0926,0.5997,hold
2022-08-09,116.4731,15424300,116.9588,117.1670,115.5413,-0.0054,0.0138,0.1144,0.0062,0.0333,55.1737,0.0257,0.0109,0.0052,0.7284,-0.0959,0.5514,buy
2022-08-10,119.5956,20497000,118.5448,120.7157,118.3168,0.0268,0.0157,0.0621,0.0270,0.0596,59.3907,0.0130,0.0128,0.0058,0.8825,0.3289,0.7577,sell
2022-08-11,118.7728,16671600,121.0131,121.2708,118.5052,-0.0069,0.0080,0.0456,0.0154,0.0512,73.8551,0.0136,0.0139,0.0055,0.7978,-0.1866,0.6347,buy
2022-08-12,121.5781,16121100,120.1011,121.5781,119.3477,0.0236,0.0375,0.0515,0.0341,0.0744,77.0412,0.0143,0.0160,0.0062,0.9075,-0.0330,0.6358,hold
2022-08-15,121.8061,15525000,121.1419,122.1828,120.5075,0.0019,0.0401,0.0641,0.0297,0.0755,86.0927,0.0134,0.0179,0.0065,0.8751,-0.0370,0.6346,hold
2022-08-16,121.4393,15626200,121.2510,122.1510,120.4728,-0.0030,0.0426,0.0570,0.0209,0.0707,77.2144,0.0137,0.0189,0.0060,0.8188,0.0065,0.6595,sell
2022-08-17,119.2685,17589200,119.8731,121.0825,119.1495,-0.0179,-0.0027,0.0130,0.0014,0.0510,66.3062,0.0137,0.0184,0.0042,0.6876,0.1256,0.7570,buy
2022-08-18,119.8037,15652000,119.1792,120.6265,118.5052,0.0045,0.0087,0.0167,0.0042,0.0550,63.1382,0.0138,0.0179,0.0030,0.6975,-0.1101,0.6909,sell
2022-08-19,117.0877,20187000,118.8224,118.9512,116.6416,-0.0227,-0.0369,-0.0008,-0.0185,0.0310,57.4830,0.0157,0.0158,0.0005,0.5368,0.2897,0.9415,sell
2022-08-22,114.0643,19316000,115.0853,115.4818,113.6678,-0.0258,-0.0636,-0.0260,-0.0414,0.0043,47.9527,0.0177,0.0119,-0.0031,0.3283,-0.0431,0.9201,hold
2022-08-23,113.7669,14390700,113.3209,114.9168,113.3011,-0.0026,-0.0632,-0.0232,-0.0417,0.0011,38.6659,0.0177,0.0083,-0.0054,0.1913,-0.2550,0.7238,hold
2022-08-24,113.6976,16051200,113.4497,114.7057,112.7856,-0.0006,-0.0467,-0.0493,-0.0375,-0.0009,38.2003,0.0145,0.0052,-0.0068,0.1703,0.1154,0.8625,buy
2022-08-25,116.6713,14874700,114.1436,116.7506,114.0445,0.0262,-0.0261,-0.0177,-0.0106,0.0234,48.7013,0.0175,0.0047,-0.0056,0.4254,-0.0733,0.8178,sell
2022-08-26,110.3273,31698700,114.7978,115.5809,110.2480,-0.0544,-0.0577,-0.0925,-0.0554,-0.0324,37.0159,0.0218,0.0001,-0.0087,-0.0676,1.1310,1.7411,sell
2022-08-29,109.3757,20386100,109.8118,110.9815,108.8503,-0.0086,-0.0411,-0.1021,-0.0534,-0.0414,36.5716,0.0215,-0.0045,-0.0107,-0.0480,-0.3569,1.1274,hold
2022-08-30,108.9494,20548200,110.0596,110.3967,107.8491,-0.0039,-0.0423,-0.1028,-0.0468,-0.0454,27.5689,0.0214,-0.0084,-0.0117,0.0026,0.0080,1.1281,sell
2022-08-31,108.1961,25898000,110.6544,110.7932,108.0969,-0.0069,-0.0484,-0.0928,-0.0442,-0.0516,27.6497,0.0213,-0.0120,-0.0122,0.0356,0.2604,1.4195,buy
2022-09-01,109.5838,22784400,108.2456,110.2480,107.2445,0.0128,-0.0607,-0.0853,-0.0231,-0.0392,23.0392,0.0221,-0.0134,-0.0109,0.1583,-0.1202,1.2252,sell
2022-09-02,107.7302,20618100,110.3669,110.6990,107.1850,-0.0169,-0.0235,-0.0799,-0.0315,-0.0548,20.5149,0.0217,-0.0161,-0.0109,0.1098,-0.0951,1.0940,sell
2022-09-06,106.5407,20565100,107.1899,107.9284,105.5791,-0.0110,-0.0259,-0.0660,-0.0357,-0.0634,19.8314,0.0209,-0.0190,-0.0109,0.1045,-0.0026,1.0812,buy
2022-09-07,109.5144,22987200,106.8182,110.0200,106.6745,0.0279,0.0052,-0.0374,-0.0049,-0.0362,30.8709,0.0236,-0.0181,-0.0082,0.2697,0.1178,1.1849,sell
2022-09-08,108.4637,21660700,108.2258,109.6136,107.1156,-0.0096,0.0025,-0.0460,-0.0098,-0.0449,28.2012,0.0236,-0.0186,-0.0069,0.2467,-0.0577,1.1132,buy
2022-09-09,110.8031,21732900,109.0882,111.0212,109.0386,0.0216,0.0111,-0.0503,0.0170,-0.0243,37.7417,0.0230,-0.0165,-0.0040,0.3737,0.0033,1.1026,hold
2022-09-12,110.8923,19732900,111.0112,111.6556,109.9605,0.0008,0.0294,0.0051,0.0173,-0.0239,43.0131,0.0151,-0.0149,-0.0020,0.3968,-0.0920,0.9920,sell
2022-09-13,104.3896,33015000,107.9383,108.4141,104.0823,-0.0586,-0.0202,-0.0456,-0.0379,-0.0805,33.7791,0.0241,-0.0194,-0.0045,0.0974,0.6731,1.5899,hold
2022-09-14,104.9447,22115800,104.5185,105.1727,103.5867,0.0053,-0.0417,-0.0368,-0.0292,-0.0743,35.1096,0.0243,-0.0213,-0.0052,0.1480,-0.3301,1.0486,sell
2022-09-15,102.9920,26494900,104.0923,105.2818,102.4071,-0.0186,-0.0504,-0.0481,-0.0427,-0.0898,25.8910,0.0247,-0.0247,-0.0066,0.0778,0.1980,1.2303,hold
2022-09-16,102.7243,64540100,102.0701,103.1208,100.9648,-0.0026,-0.0729,-0.0626,-0.0391,-0.0896,32.9480,0.0240,-0.0270,-0.0071,0.0851,1.4359,2.6914,hold
2022-09-19,102.9424,19738600,101.6438,103.1109,101.4753,0.0021,-0.0717,-0.0444,-0.0327,-0.0851,35.0805,0.0238,-0.0282,-0.0067,0.1275,-0.6942,0.8239,sell
2022-09-20,100.9400,24001700,101.9809,102.2683,100.2362,-0.0195,-0.0330,-0.0526,-0.0465,-0.1005,32.6907,0.0242,-0.0310,-0.0072,0.0613,0.2160,0.9921,sell
2022-09-21,99.1359,26596800,101.3465,102.5855,99.1161,-0.0179,-0.0554,-0.0948,-0.0543,-0.1143,31.2706,0.0214,-0.0345,-0.0082,0.0246,0.1081,1.0724,hold
2022-09-22,99.6911,21272700,98.5808,100.7914,98.5412,0.0056,-0.0321,-0.0809,-0.0409,-0.1075,28.8201,0.0220,-0.0357,-0.0077,0.1025,-0.2002,0.8488,sell
2022-09-23,98.3033,25657000,99.1855,99.2351,97.1534,-0.0139,-0.0430,-0.1128,-0.0428,-0.1180,29.4067,0.0194,-0.0380,-0.0077,0.0484,0.2061,1.0021,hold
2022-09-26,97.9464,22437900,97.7482,99.5622,97.5202,-0.0036,-0.0485,-0.1167,-0.0341,-0.1190,30.5169,0.0191,-0.0395,-0.0072,0.0851,-0.1255,0.8925,sell
2022-09-27,97.2327,24225000,99.0368,99.5820,96.4893,-0.0073,-0.0367,-0.0686,-0.0343,-0.1236,18.9786,0.0099,-0.0409,-0.0068,0.0998,0.0796,0.9563,buy
2022-09-28,99.8596,24617000,97.1633,100.5138,96.9453,0.0270,0.0073,-0.0485,-0.0032,-0.0977,29.8702,0.0143,-0.0382,-0.0039,0.2671,0.0162,0.9641,sell
2022-09-29,97.2327,21921500,98.4322,98.4322,95.6764,-0.0263,-0.0247,-0.0559,-0.0238,-0.1188,18.6729,0.0153,-0.0396,-0.0035,0.1644,-0.1095,0.8652,sell
2022-09-30,95.3097,26277800,96.8759,98.6245,95.1907,-0.0198,-0.0305,-0.0722,-0.0359,-0.1333,16.8356,0.0159,-0.0418,-0.0040,0.1108,0.1987,1.0301,buy
2022-10-03,98.4322,24840000,96.3703,99.0963,96.1721,0.0328,0.0050,-0.0438,0.0002,-0.1034,35.1899,0.0203,-0.0386,-0.0016,0.2934,-0.0547,0.9657,buy
2022-10-04,101.5150,22580900,100.1569,101.8223,100.1569,0.0313,0.0440,0.0057,0.0310,-0.0744,42.4256,0.0223,-0.0331,0.0022,0.4657,-0.0909,0.8745,hold
2022-10-05,101.3266,18475500,99.8100,101.8421,98.8683,-0.0019,0.0147,0.0221,0.0268,-0.0755,46.0114,0.0214,-0.0296,0.0046,0.4757,-0.1818,0.7218,hold
2022-10-06,101.3465,17156200,100.6129,102.8234,100.6129,0.0002,0.0423,0.0166,0.0253,-0.0735,46.6603,0.0213,-0.0264,0.0062,0.4969,-0.0714,0.6762,sell
2022-10-07,98.6998,24249900,99.7704,100.5336,98.3429,-0.0261,0.0356,0.0040,-0.0019,-0.0952,40.7997,0.0226,-0.0264,0.0057,0.3499,0.4135,0.9511,sell
2022-10-10,97.8473,16529900,98.9773,99.1161,97.0147,-0.0086,-0.0059,-0.0010,-0.0104,-0.1001,42.9412,0.0228,-0.0265,0.0047,0.2801,-0.3184,0.6524,hold
2022-10-11,97.1931,21617700,97.3913,99.2450,96.4001,-0.0067,-0.0426,-0.0004,-0.0170,-0.1032,45.3200,0.0228,-0.0267,0.0037,0.2395,0.3078,0.8728,hold
2022-10-12,97.4409,17343400,97.4112,98.7771,96.8164,0.0025,-0.0383,-0.0242,-0.0121,-0.0981,44.4983,0.0208,-0.0262,0.0033,0.2782,-0.1977,0.7071,buy
2022-10-13,98.8386,32812200,95.0916,99.6514,94.4374,0.0143,-0.0247,0.0165,0.0004,-0.0819,51.3081,0.0195,-0.0241,0.0040,0.4562,0.8919,1.3207,sell
2022-10-14,96.3307,22624800,99.7456,100.4048,96.1820,-0.0254,-0.0240,0.0107,-0.0259,-0.1016,46.4270,0.0203,-0.0251,0.0030,0.1763,-0.3105,0.9945,buy
2022-10-17,99.8992,23311600,98.6502,100.8806,98.6403,0.0370,0.0210,0.0149,0.0086,-0.0653,55.2355,0.0210,-0.0214,0.0046,0.6684,0.0304,1.0168,hold
2022-10-18,100.5039,21610500,103.0316,103.3092,99.7704,0.0061,0.0341,-0.0100,0.0158,-0.0567,51.3742,0.0184,-0.0183,0.0060,0.7624,-0.0730,0.9475,sell
2022-10-19,99.4135,21573700,99.8199,100.7705,98.7642,-0.0108,0.0202,-0.0189,0.0067,-0.0640,54.9774,0.0187,-0.0169,0.0062,0.6011,-0.0017,0.9564,hold
2022-10-20,99.6514,25125100,99.9389,102.0998,99.0963,0.0024,0.0082,-0.0167,0.0108,-0.0582,60.7353,0.0188,-0.0151,0.0063,0.6361,0.1646,1.1044,buy
2022-10-21,100.5931,28988700,97.5995,100.7319,97.3715,0.0095,0.0442,0.0192,0.0184,-0.0460,55.9890,0.0169,-0.0128,0.0067,0.7497,0.1538,1.2650,buy
2022-10-24,102.0701,24680800,101.1978,102.1989,99.4234,0.0147,0.0217,0.0432,0.0290,-0.0284,51.6888,0.0168,-0.0096,0.0077,0.9007,-0.1486,1.0718,buy
2022-10-25,104.0130,29910200,102.3972,104.1815,102.1196,0.0190,0.0349,0.0702,0.0414,-0.0065,57.3842,0.0169,-0.0055,0.0092,1.0410,0.2119,1.2830,sell
2022-10-26,93.9913,71504300,95.9143,97.6788,93.7435,-0.0964,-0.0545,-0.0354,-0.0557,-0.0975,36.9550,0.0369,-0.0111,0.0041,-0.0190,1.3906,2.7870,sell
2022-10-27,91.7907,54036500,93.4858,94.3382,91.0968,-0.0234,-0.0789,-0.0713,-0.0712,-0.1140,37.5491,0.0369,-0.0172,-0.0013,-0.1000,-0.2443,1.9821,buy
2022-10-28,95.7359,35696900,91.7213,96.0135,91.5161,0.0430,-0.0483,-0.0062,-0.0307,-0.0716,46.5767,0.0393,-0.0174,-0.0017,0.2331,-0.3394,1.2871,sell
2022-10-31,93.8327,29868700,94.9429,95.5079,93.5551,-0.0199,-0.0807,-0.0607,-0.0441,-0.0859,44.7637,0.0374,-0.0199,-0.0031,0.1164,-0.1633,1.0673,sell
2022-11-01,89.7091,43220600,94.7546,95.3246,89.6397,-0.0439,-0.1375,-0.1074,-0.0759,-0.1219,39.2503,0.0390,-0.0260,-0.0067,-0.0755,0.4470,1.4895,sell
2022-11-02,86.3090,43553600,90.1155,90.5021,86.2496,-0.0379,-0.0817,-0.1318,-0.0988,-0.1506,33.4987,0.0399,-0.0341,-0.0113,-0.1274,0.0077,1.4388,sell
2022-11-03,82.7603,48510400,85.5904,85.7936,82.7207,-0.0411,-0.0984,-0.1695,-0.1203,-0.1806,32.6048,0.0404,-0.0443,-0.0164,-0.1375,0.1138,1.5236,buy
2022-11-04,85.9423,40173300,84.7627,85.9720,83.1469,0.0384,-0.1023,-0.1456,-0.0721,-0.1439,31.9302,0.0435,-0.0459,-0.0152,0.0774,-0.1719,1.2310,buy
2022-11-07,87.8752,26899900,86.5767,88.1627,86.2000,0.0225,-0.0635,-0.1391,-0.0364,-0.1207,34.1936,0.0441,-0.0450,-0.0120,0.1950,-0.3304,0.8114,hold
2022-11-08,88.1330,30172000,88.3808,89.6149,86.8840,0.0029,-0.0176,-0.1527,-0.0165,-0.1143,35.5804,0.0431,-0.0443,-0.0091,0.2326,0.1216,0.8985,sell
2022-11-09,86.6362,26743900,87.7712,88.7079,86.5965,-0.0170,0.0038,-0.0783,-0.0252,-0.1255,33.8817,0.0326,-0.0454,-0.0077,0.2045,-0.1136,0.7854,buy
2022-11-10,93.3470,42371200,91.5330,93.7237,90.8490,0.0775,0.1279,0.0170,0.0485,-0.0549,42.1482,0.0415,-0.0362,-0.0010,0.4770,0.5843,1.2271,buy
2022-11-11,95.8846,30569100,93.8823,96.5091,93.3371,0.0272,0.1157,0.0016,0.0768,-0.0265,43.4481,0.0401,-0.0282,0.0049,0.5786,-0.2785,0.8753,hold
2022-11-14,95.1907,24170100,94.6654,96.3307,94.2817,-0.0072,0.0832,0.0145,0.0674,-0.0311,40.4012,0.0396,-0.0231,0.0082,0.5619,-0.2093,0.6912,buy
2022-11-15,97.8572,31831000,97.8076,99.5424,96.1721,0.0280,0.1103,0.0908,0.0874,-0.0022,55.0077,0.0367,-0.0160,0.0115,0.6794,0.3170,0.8972,hold
2022-11-16,98.1248,24660200,97.1633,98.9773,97.0464,0.0027,0.1326,0.1369,0.0762,0.0029,58.6374,0.0329,-0.0105,0.0136,0.6951,-0.2253,0.6920,hold
2022-11-17,97.6391,21818700,96.3307,98.6106,96.2514,-0.0049,0.0460,0.1798,0.0537,0.0002,52.8656,0.0279,-0.0066,0.0141,0.6818,-0.1152,0.6151,hold
2022-11-18,96.9453,24969900,98.1447,98.2934,95.8945,-0.0071,0.0111,0.1280,0.0339,-0.0041,54.8637,0.0277,-0.0039,0.0135,0.6651,0.1444,0.7080,sell
2022-11-21,94.9925,18696900,96.7074,97.8572,94.8339,-0.0201,-0.0021,0.0810,0.0055,-0.0210,58.8568,0.0292,-0.0035,0.0115,0.6015,-0.2512,0.5347,buy
2022-11-22,96.4794,18868900,95.3196,96.6955,93.5849,0.0157,-0.0141,0.0947,0.0123,-0.0040,68.2173,0.0293,-0.0017,0.0104,0.7133,0.0092,0.5482,buy
2022-11-23,97.9563,17568900,96.4893,98.2032,96.4893,0.0153,-0.0017,0.1307,0.0157,0.0127,79.4016,0.0278,0.0008,0.0102,0.7726,-0.0689,0.5539,sell
2022-11-25,96.7470,8567800,97.6044,98.0753,96.6776,-0.0123,-0.0091,0.0364,-0.0004,0.0015,72.6329,0.0169,0.0018,0.0091,0.6945,-0.5123,0.2910,sell
2022-11-28,95.4088,19974500,96.3505,96.9750,95.0520,-0.0138,-0.0158,-0.0050,-0.0137,-0.0109,66.1840,0.0154,0.0015,0.0071,0.6278,1.3313,0.6969,sell
2022-11-29,94.6059,20220000,95.1610,95.5476,93.5651,-0.0084,-0.0041,-0.0061,-0.0214,-0.0175,63.5872,0.0155,0.0006,0.0049,0.5849,0.0123,0.7176,buy
2022-11-30,100.5634,39888100,94.2887,100.5634,93.8426,0.0630,0.0423,0.0277,0.0373,0.0444,74.6232,0.0242,0.0045,0.0069,0.8437,0.9727,1.4240,hold
2022-12-01,100.3948,21771500,100.5138,101.6934,99.7902,-0.0017,0.0249,0.0231,0.0332,0.0424,66.2107,0.0242,0.0075,0.0079,0.8054,-0.4542,0.8087,hold
2022-12-02,99.9488,18821500,98.5015,100.2660,98.3033,-0.0044,0.0331,0.0237,0.0261,0.0377,60.3431,0.0242,0.0094,0.0079,0.7744,-0.1355,0.7399,sell
2022-12-05,98.9972,19955500,98.9426,100.8607,98.4867,-0.0095,0.0376,0.0212,0.0142,0.0277,59.5618,0.0243,0.0101,0.0068,0.7064,0.0603,0.8169,sell
2022-12-06,96.4595,20877600,98.7989,99.3342,95.9144,-0.0256,0.0196,0.0154,-0.0133,0.0017,46.4662,0.0249,0.0087,0.0042,0.5241,0.0462,0.8654,sell
2022-12-07,94.3184,26647900,95.9243,96.4595,94.1945,-0.0222,-0.0621,-0.0224,-0.0330,-0.0200,41.2088,0.0255,0.0056,0.0008,0.3284,0.2764,1.1127,sell
2022-12-08,93.1289,25593200,94.8537,95.0321,92.9802,-0.0126,-0.0724,-0.0493,-0.0405,-0.0310,39.9113,0.0249,0.0019,-0.0023,0.0885,-0.0396,1.0712,sell
2022-12-09,92.2566,21885300,93.0794,93.6642,92.2070,-0.0094,-0.0770,-0.0464,-0.0450,-0.0391,39.5952,0.0248,-0.0017,-0.0048,0.0175,-0.1449,0.9570,hold
2022-12-12,92.7423,27380900,92.2764,93.0546,91.0968,0.0053,-0.0632,-0.0279,-0.0374,-0.0335,44.6588,0.0247,-0.0042,-0.0058,0.1142,0.2511,1.2058,buy
2022-12-13,95.0123,34788500,97.2129,98.9278,94.5464,0.0245,-0.0150,0.0043,-0.0142,-0.0091,46.6425,0.0260,-0.0040,-0.0044,0.3462,0.2705,1.4970,hold
2022-12-14,94.4770,26452900,94.7050,96.3703,93.1190,-0.0056,0.0017,-0.0605,-0.0135,-0.0133,41.6785,0.0141,-0.0044,-0.0038,0.3106,-0.2396,1.1516,sell
2022-12-15,90.4029,28298800,92.7225,93.2082,89.6397,-0.0431,-0.0293,-0.0995,-0.0461,-0.0537,36.6555,0.0182,-0.0084,-0.0063,-0.0012,0.0698,1.2223,hold
2022-12-16,90.0659,48485500,90.4029,90.9481,89.2233,-0.0037,-0.0237,-0.0989,-0.0397,-0.0550,38.2673,0.0182,-0.0116,-0.0076,0.0458,0.7133,1.9802,sell
2022-12-19,88.3709,23020500,90.0857,90.4029,88.1478,-0.0188,-0.0471,-0.1073,-0.0469,-0.0707,36.8245,0.0184,-0.0158,-0.0094,0.0038,-0.5252,0.9439,hold
2022-12-20,88.8467,21976800,87.9545,88.9953,87.2706,0.0054,-0.0649,-0.0789,-0.0339,-0.0639,17.7753,0.0183,-0.0182,-0.0094,0.0942,-0.0453,0.8951,buy
2022-12-21,89.4613,20336400,88.9458,90.1204,88.1330,0.0069,-0.0531,-0.0515,-0.0220,-0.0559,20.6493,0.0181,-0.0192,-0.0084,0.1741,-0.0746,0.8258,sell
2022-12-22,87.4886,23656100,88.1528,88.4006,86.1802,-0.0220,-0.0322,-0.0606,-0.0377,-0.0748,19.0851,0.0188,-0.0222,-0.0089,0.1022,0.1632,0.9489,buy
2022-12-23,89.0251,17815000,86.8542,89.3126,86.8542,0.0176,-0.0116,-0.0350,-0.0173,-0.0566,25.9560,0.0201,-0.0221,-0.0073,0.2259,-0.2469,0.7016,sell
2022-12-27,87.1615,15470900,88.5295,88.7178,86.7700,-0.0209,-0.0137,-0.0602,-0.0319,-0.0746,26.8281,0.0206,-0.0243,-0.0073,0.1565,-0.1316,0.6147,sell
2022-12-28,85.7044,17879600,86.7353,87.7464,85.6152,-0.0167,-0.0354,-0.0980,-0.0381,-0.0873,27.7749,0.0177,-0.0271,-0.0079,0.1238,0.1557,0.7138,buy
2022-12-29,88.1726,18280700,86.2694,88.5840,86.2297,0.0288,-0.0144,-0.0667,-0.0034,-0.0585,38.0039,0.0216,-0.0257,-0.0056,0.2755,0.0224,0.7627,hold
2022-12-30,87.9545,19190300,86.6015,88.0537,86.2694,-0.0025,0.0053,-0.0271,-0.0031,-0.0585,39.2468,0.0174,-0.0251,-0.0040,0.2801,0.0498,0.8049,buy
2023-01-03,88.9160,20738500,89.0449,90.7499,88.2420,0.0109,-0.0012,-0.0128,0.0091,-0.0461,40.6583,0.0179,-0.0232,-0.0018,0.3564,0.0807,0.8664,sell
2023-01-04,87.9347,27046500,90.2146,90.4426,87.0327,-0.0110,0.0089,-0.0049,-0.0015,-0.0540,31.5599,0.0172,-0.0228,-0.0009,0.2979,0.3042,1.1134,sell
2023-01-05,86.0117,23136100,87.3003,87.4391,85.8035,-0.0219,0.0036,-0.0319,-0.0202,-0.0715,29.4316,0.0183,-0.0243,-0.0016,0.1598,-0.1446,0.9480,buy
2023-01-06,87.3895,26612600,86.5965,87.6968,84.8222,0.0160,-0.0089,-0.0232,-0.0021,-0.0532,41.5744,0.0191,-0.0231,-0.0006,0.3011,0.1503,1.0906,buy
2023-01-09,88.0239,22996700,88.4155,90.0362,87.8058,0.0073,0.0008,0.0061,0.0045,-0.0451,44.3839,0.0179,-0.0215,0.0007,0.3784,-0.1359,0.9474,hold
2023-01-10,88.4601,22855600,85.9621,88.6930,85.9423,0.0050,-0.0051,-0.0063,0.0101,-0.0397,50.2636,0.0170,-0.0196,0.0019,0.4372,-0.0061,0.9397,buy
2023-01-11,91.4537,25998800,89.2729,91.6420,88.9557,0.0338,0.0400,0.0492,0.0392,-0.0063,56.7058,0.0185,-0.0148,0.0048,0.7554,0.1375,1.0720,hold
2023-01-12,91.1067,22754200,91.5925,91.8105,89.7784,-0.0038,0.0592,0.0630,0.0290,-0.0094,54.2916,0.0172,-0.0118,0.0064,0.7861,-0.1248,0.9621,buy
2023-01-13,91.9890,18630700,90.7281,92.1674,90.1353,0.0097,0.0526,0.0433,0.0345,-0.0004,62.4451,0.0154,-0.0083,0.0077,0.9904,-0.1812,0.8010,sell
2023-01-17,91.3545,22935800,91.9691,92.1575,90.0461,-0.0069,0.0378,0.0387,0.0234,-0.0083,56.7801,0.0156,-0.0062,0.0080,0.8747,0.2311,0.9976,hold
2023-01-18,90.9779,19641600,92.1277,92.7701,90.6012,-0.0041,0.0285,0.0232,0.0169,-0.0142,62.1604,0.0156,-0.0048,0.0076,0.8057,-0.1436,0.9115,buy
2023-01-19,93.0893,28707700,90.5913,93.5750,90.5814,0.0232,0.0179,0.0586,0.0345,0.0071,72.5895,0.0161,-0.0017,0.0083,1.0013,0.4616,1.3149,buy
2023-01-20,98.4123,53704800,95.1114,98.5511,95.0718,0.0572,0.0802,0.1442,0.0788,0.0623,76.6650,0.0199,0.0049,0.0115,1.2638,0.8707,2.2932,buy
2023-01-23,100.3254,31791800,98.2636,100.5138,97.8869,0.0194,0.0906,0.1480,0.0844,0.0801,79.6015,0.0200,0.0113,0.0142,1.1782,-0.4080,1.3251,sell
2023-01-24,98.3429,27391400,98.6800,100.2065,97.8374,-0.0198,0.0765,0.1172,0.0512,0.0561,71.5062,0.0227,0.0150,0.0144,0.9657,-0.1384,1.1329,sell
2023-01-25,95.8846,31000900,96.3505,96.8660,94.4294,-0.0250,0.0539,0.0839,0.0169,0.0291,66.9915,0.0254,0.0159,0.0122,0.7875,0.1318,1.2481,buy
2023-01-26,98.2934,24542100,97.4211,98.3429,95.9738,0.0251,0.0559,0.0748,0.0349,0.0545,75.7161,0.0246,0.0177,0.0113,0.8773,-0.2083,0.9704,buy
2023-01-27,99.8298,29020400,98.1843,100.6922,98.1050,0.0156,0.0144,0.0957,0.0415,0.0699,75.8763,0.0244,0.0202,0.0111,0.9098,0.1825,1.1227,sell
2023-01-30,97.0939,24365100,97.8820,98.5402,96.6677,-0.0274,-0.0322,0.0555,0.0076,0.0407,67.3493,0.0270,0.0205,0.0089,0.7379,-0.1604,0.9316,buy
2023-01-31,98.9972,22306800,97.0047,99.0368,96.9353,0.0196,0.0067,0.0837,0.0193,0.0609,69.0844,0.0269,0.0212,0.0078,0.8056,-0.0845,0.8479,buy
2023-02-01,100.5436,26392600,98.8683,101.2969,97.5599,0.0156,0.0486,0.1051,0.0251,0.0768,67.3740,0.0266,0.0227,0.0076,0.8449,0.1832,0.9925,buy
2023-02-02,107.8491,46622600,105.8567,107.8690,105.6089,0.0727,0.0972,0.1586,0.0833,0.1524,75.2769,0.0331,0.0276,0.0109,1.0811,0.7665,1.6910,sell
2023-02-03,104.3004,36823400,102.6054,107.0759,102.3972,-0.0329,0.0448,0.0598,0.0415,0.1122,67.2022,0.0327,0.0308,0.0108,0.8837,-0.2102,1.3033,sell
2023-02-06,102.5657,25573000,101.7876,103.7850,101.3167,-0.0166,0.0564,0.0223,0.0219,0.0923,65.1975,0.0331,0.0314,0.0088,0.7805,-0.3055,0.9068,buy
2023-02-07,107.0958,33738800,102.7243,107.7203,102.6430,0.0442,0.0818,0.0890,0.0578,0.1384,69.6377,0.0344,0.0331,0.0092,0.9351,0.3193,1.1739,sell
2023-02-08,99.1260,73546000,101.7925,102.6748,97.5945,-0.0744,-0.0141,0.0338,-0.0241,0.0531,56.4363,0.0424,0.0316,0.0046,0.5578,1.1799,2.3516,sell
2023-02-09,94.6257,97798600,99.6613,99.7307,93.0397,-0.0454,-0.1226,-0.0373,-0.0650,0.0055,45.8907,0.0444,0.0254,-0.0022,0.3269,0.3298,2.8051,hold
2023-02-10,94.0310,49325300,94.9033,96.1721,93.7038,-0.0063,-0.0985,-0.0581,-0.0655,-0.0007,42.9679,0.0439,0.0188,-0.0073,0.2823,-0.4956,1.3628,hold
2023-02-13,94.1697,43116600,94.1796,94.5167,93.2280,0.0015,-0.0819,-0.0301,-0.0614,0.0021,45.1374,0.0432,0.0133,-0.0101,0.2781,-0.1259,1.1523,hold
2023-02-14,94.1202,42513100,93.8327,94.3432,91.8403,-0.0005,-0.1212,-0.0493,-0.0573,0.0029,47.8218,0.0426,0.0089,-0.0117,0.2589,-0.0140,1.1072,buy
2023-02-15,96.2514,36964500,93.9120,96.4893,93.5353,0.0226,-0.0290,-0.0427,-0.0318,0.0264,47.4618,0.0430,0.0070,-0.0105,0.3517,-0.1305,0.9415,sell
2023-02-16,94.9429,35642100,94.7050,97.0246,94.1400,-0.0136,0.0034,-0.1197,-0.0324,0.0134,43.8910,0.0336,0.0045,-0.0106,0.2621,-0.0358,0.8998,sell
2023-02-17,93.7633,31095100,94.2391,94.9132,92.6333,-0.0124,-0.0028,-0.1010,-0.0341,0.0013,45.6679,0.0328,0.0015,-0.0110,0.2150,-0.1276,0.8081,sell
2023-02-21,91.2455,28367200,92.4251,92.5986,91.1959,-0.0269,-0.0311,-0.1104,-0.0489,-0.0249,40.0761,0.0332,-0.0032,-0.0128,0.1189,-0.0877,0.7405,hold
2023-02-22,90.9977,29891100,91.1305,91.5528,90.0758,-0.0027,-0.0332,-0.1503,-0.0353,-0.0271,37.3589,0.0273,-0.0071,-0.0134,0.1468,0.0537,0.7778,hold
2023-02-23,90.2741,32423700,91.3248,91.3248,89.2233,-0.0080,-0.0621,-0.0893,-0.0339,-0.0344,21.8124,0.0180,-0.0108,-0.0137,0.1440,0.0847,0.8421,sell
2023-02-24,88.5691,31295600,88.8467,89.3423,88.0834,-0.0189,-0.0671,-0.0640,-0.0460,-0.0518,23.1835,0.0134,-0.0153,-0.0146,0.1124,-0.0348,0.8057,buy
2023-02-27,89.3126,22724300,89.3026,89.6595,88.8268,0.0084,-0.0475,-0.0502,-0.0330,-0.0427,26.6177,0.0142,-0.0176,-0.0136,0.1833,-0.2739,0.5898,hold
2023-02-28,89.5108,30546900,88.7575,90.6508,88.7376,0.0022,-0.0190,-0.0495,-0.0260,-0.0395,13.3774,0.0143,-0.0192,-0.0121,0.2190,0.3442,0.7866,hold
2023-03-01,89.7190,26323900,89.3720,90.4029,89.0647,0.0023,-0.0141,-0.0468,-0.0190,-0.0372,21.0494,0.0144,-0.0200,-0.0103,0.2529,-0.1382,0.6743,buy
2023-03-02,91.5032,23328600,89.0747,91.6718,88.9854,0.0199,0.0136,-0.0493,0.0057,-0.0183,38.4615,0.0138,-0.0184,-0.0072,0.3448,-0.1138,0.6000,buy
2023-03-03,93.1983,30242500,91.9295,93.2875,91.8502,0.0185,0.0523,-0.0184,0.0263,-0.0012,47.1545,0.0152,-0.0156,-0.0036,0.4386,0.2964,0.7945,buy
2023-03-06,94.7447,28288200,93.5353,95.4584,93.4759,0.0166,0.0608,0.0105,0.0422,0.0141,51.7924,0.0157,-0.0119,-0.0001,0.5409,-0.0646,0.7516,sell
2023-03-07,93.3470,24101500,94.5861,95.2502,93.0238,-0.0148,0.0429,0.0230,0.0245,-0.0017,47.7765,0.0137,-0.0104,0.0012,0.4891,-0.1480,0.6416,buy
2023-03-08,93.8228,25395200,93.5799,95.3989,93.5799,0.0051,0.0457,0.0310,0.0265,0.0021,42.2810,0.0136,-0.0085,0.0025,0.5899,0.0537,0.6836,sell
2023-03-09,91.8502,24438900,93.6642,95.0817,91.5478,-0.0210,0.0038,0.0175,0.0032,-0.0196,40.5683,0.0153,-0.0089,0.0019,0.4271,-0.0377,0.7045,sell
2023-03-10,90.2146,32850100,91.6916,92.3656,90.0064,-0.0178,-0.0320,0.0186,-0.0164,-0.0377,39.4706,0.0151,-0.0105,0.0004,0.2681,0.3442,1.0447,buy
2023-03-13,90.8589,31508600,89.7735,92.2665,89.1540,0.0071,-0.0410,0.0173,-0.0111,-0.0319,48.7095,0.0151,-0.0109,-0.0001,0.3571,-0.0408,1.0313,buy
2023-03-14,93.4263,32303900,92.2566,94.0012,91.9691,0.0283,0.0008,0.0437,0.0125,-0.0056,57.0200,0.0172,-0.0086,0.0015,0.6542,0.0252,1.0764,buy
2023-03-15,95.7062,38367300,92.7225,96.4001,92.2269,0.0244,0.0201,0.0667,0.0306,0.0169,64.4059,0.0183,-0.0049,0.0040,0.8883,0.1877,1.2873,buy
2023-03-16,100.1867,54499500,95.7260,101.0788,95.0321,0.0468,0.0908,0.0949,0.0688,0.0620,76.8561,0.0221,0.0016,0.0080,1.2064,0.4205,1.7763,buy
2023-03-17,101.5645,76140300,99.9587,102.5855,99.8695,0.0138,0.1258,0.0898,0.0739,0.0735,77.5156,0.0219,0.0074,0.0110,1.1495,0.3971,2.3280,hold
2023-03-20,101.0392,26033900,100.1768,101.6835,99.9091,-0.0052,0.1120,0.0664,0.0613,0.0646,75.5156,0.0221,0.0116,0.0122,1.0131,-0.6581,0.8022,buy
2023-03-21,104.9150,33122800,101.0887,105.0339,100.9698,0.0384,0.1230,0.1239,0.0888,0.1013,78.9355,0.0228,0.0171,0.0141,1.0975,0.2723,1.0132,sell
2023-03-22,103.3092,32336900,104.2211,106.5704,103.2992,-0.0153,0.0794,0.1011,0.0617,0.0810,72.6340,0.0243,0.0207,0.0141,0.9399,-0.0237,0.9855,buy
2023-03-23,105.3313,31385800,104.9646,106.1650,104.4888,0.0196,0.0514,0.1468,0.0677,0.0983,72.9730,0.0219,0.0241,0.0141,0.9608,-0.0294,0.9580,hold
2023-03-24,105.1331,25236200,104.8159,105.2322,103.8246,-0.0019,0.0351,0.1654,0.0498,0.0931,70.7279,0.0198,0.0267,0.0134,0.8998,-0.1959,0.7775,sell
2023-03-27,102.1593,25393400,104.3995,104.4788,101.7330,-0.0283,0.0111,0.1244,0.0087,0.0598,66.5426,0.0241,0.0269,0.0106,0.7452,0.0062,0.7791,sell
2023-03-28,100.4742,24913500,102.0998,102.0998,99.4036,-0.0165,-0.0423,0.0754,-0.0148,0.0404,61.9438,0.0249,0.0253,0.0069,0.6522,-0.0189,0.7711,hold
2023-03-29,101.0094,26148300,101.8223,101.9214,100.1470,0.0053,-0.0223,0.0554,-0.0147,0.0439,67.3424,0.0242,0.0237,0.0043,0.6574,0.0496,0.8095,hold
2023-03-30,100.4345,25009800,100.5535,100.7220,99.4135,-0.0057,-0.0465,0.0025,-0.0205,0.0359,70.1604,0.0195,0.0219,0.0020,0.6127,-0.0435,0.7722,buy
2023-03-31,103.0911,28108000,100.8211,103.2794,100.5535,0.0265,-0.0194,0.0150,0.0039,0.0612,72.3551,0.0209,0.0217,0.0018,0.7198,0.1239,0.8708,buy
2023-04-03,103.9931,20719900,101.7727,104.0328,101.4852,0.0087,0.0180,0.0292,0.0098,0.0692,70.5633,0.0208,0.0222,0.0020,0.7392,-0.2628,0.6495,hold
2023-04-04,104.2013,20377200,103.9237,105.1727,103.6858,0.0020,0.0371,-0.0068,0.0125,0.0705,67.9816,0.0168,0.0227,0.0020,0.7258,-0.0165,0.6425,hold
2023-04-05,104.0328,21864200,105.1925,105.6089,103.1922,-0.0016,0.0299,0.0070,0.0102,0.0675,59.9589,0.0160,0.0227,0.0016,0.6962,0.0730,0.6933,buy
2023-04-06,107.9483,34684200,104.8456,108.6719,103.8990,0.0376,0.0748,0.0248,0.0455,0.1050,64.6098,0.0191,0.0245,0.0033,0.8614,0.5863,1.0822,sell
2023-04-10,106.0153,19741500,106.4514,107.0264,104.6771,-0.0179,0.0284,0.0084,0.0259,0.0835,60.6990,0.0201,0.0253,0.0030,0.7515,-0.4308,0.6288,sell
2023-04-11,105.1926,18721300,105.9856,106.2829,104.3599,-0.0078,0.0115,0.0297,0.0150,0.0739,50.6870,0.0177,0.0249,0.0019,0.6982,-0.0517,0.6087,sell
2023-04-12,104.3004,22761600,106.4514,106.6467,104.0526,-0.0085,0.0010,0.0381,0.0027,0.0632,52.5432,0.0169,0.0236,0.0004,0.6188,0.2158,0.7517,buy
2023-04-13,107.2445,21650700,105.5395,107.3188,105.5098,0.0282,0.0309,0.0617,0.0248,0.0914,54.6867,0.0186,0.0238,0.0009,0.8993,-0.0488,0.7354,buy
2023-04-14,108.5034,20758700,106.7488,108.6223,106.6497,0.0117,0.0051,0.0803,0.0289,0.1024,57.8486,0.0181,0.0248,0.0018,0.9698,-0.0412,0.7479,sell
2023-04-17,105.4899,29043400,104.5086,105.7774,104.3995,-0.0278,-0.0050,0.0233,-0.0019,0.0723,57.7419,0.0200,0.0240,0.0002,0.6382,0.3991,1.1434,sell
2023-04-18,104.2013,17641400,106.0649,106.1144,103.8643,-0.0122,-0.0094,0.0020,-0.0143,0.0592,58.8263,0.0204,0.0218,-0.0018,0.4834,-0.3926,0.7062,hold
2023-04-19,104.1022,16732000,103.3042,104.8010,102.8928,-0.0010,-0.0019,-0.0010,-0.0151,0.0579,57.4784,0.0204,0.0195,-0.0033,0.4769,-0.0515,0.6925,buy
2023-04-20,104.9745,22515300,103.7354,105.9538,103.7255,0.0084,-0.0212,0.0091,-0.0078,0.0672,60.8223,0.0205,0.0180,-0.0036,0.5657,0.3456,0.9512,hold
2023-04-21,104.9844,22379000,105.1628,105.7080,104.5631,0.0001,-0.0324,-0.0275,-0.0049,0.0660,55.1649,0.0160,0.0168,-0.0039,0.5689,-0.0061,0.9638,buy
2023-04-24,105.8468,21410900,105.1232,106.3821,104.4392,0.0082,0.0034,-0.0016,0.0034,0.0724,55.0677,0.0154,0.0162,-0.0035,0.6610,-0.0433,0.9297,sell
2023-04-25,103.6958,31408100,105.6783,106.5010,103.6462,-0.0203,-0.0049,-0.0142,-0.0156,0.0485,48.7506,0.0165,0.0143,-0.0046,0.4091,0.4669,1.3463,hold
2023-04-26,103.5371,37068200,104.6374,106.0847,102.3675,-0.0015,-0.0054,-0.0073,-0.0163,0.0449,48.7745,0.0163,0.0123,-0.0054,0.3605,0.1802,1.5486,buy
2023-04-27,107.4229,38235200,104.3103,108.1961,103.5074,0.0375,0.0233,0.0017,0.0204,0.0812,48.6990,0.0183,0.0130,-0.0032,0.8285,0.0315,1.5580,hold
2023-04-28,107.2742,23957900,106.8579,107.3436,105.1133,-0.0014,0.0218,-0.0113,0.0202,0.0773,53.4195,0.0179,0.0137,-0.0020,0.8062,-0.3734,0.9783,hold
2023-05-01,106.7687,20926300,106.7786,107.7302,106.5605,-0.0047,0.0087,0.0121,0.0141,0.0697,54.3562,0.0153,0.0138,-0.0016,0.7064,-0.1265,0.8672,sell
2023-05-02,105.0538,20343100,106.7191,106.7885,103.5867,-0.0161,0.0131,0.0082,-0.0030,0.0502,51.9916,0.0158,0.0126,-0.0025,0.4200,-0.0279,0.8437,hold
2023-05-03,105.1926,17116300,105.2917,107.1850,104.6969,0.0013,0.0160,0.0105,-0.0027,0.0486,43.6308,0.0157,0.0114,-0.0029,0.4333,-0.1586,0.7147,sell
2023-05-04,104.2905,19780600,105.2322,105.3710,103.7850,-0.0086,-0.0292,-0.0065,-0.0106,0.0369,36.6268,0.0158,0.0097,-0.0037,0.2775,0.1557,0.8296,buy
2023-05-05,105.2867,20710600,104.3995,105.5097,103.8236,0.0096,-0.0185,0.0029,-0.0014,0.0437,49.2601,0.0161,0.0089,-0.0035,0.4667,0.0470,0.8948,buy
2023-05-08,107.2940,17266000,104.8704,107.4725,104.8654,0.0191,0.0049,0.0137,0.0162,0.0597,60.6996,0.0170,0.0096,-0.0021,0.8095,-0.1663,0.7500,hold
2023-05-09,106.9966,24782400,107.8293,109.6284,106.7835,-0.0028,0.0185,0.0318,0.0102,0.0530,59.8782,0.0154,0.0099,-0.0014,0.7357,0.4353,1.0625,buy
2023-05-10,111.2987,47533500,107.6013,112.5179,107.5319,0.0402,0.0580,0.0750,0.0432,0.0907,67.4890,0.0191,0.0128,0.0015,1.2020,0.9180,1.9352,buy
2023-05-11,115.8783,57115100,114.8474,117.4049,113.9255,0.0411,0.1111,0.0787,0.0776,0.1298,74.0481,0.0198,0.0177,0.0055,1.3133,0.2016,2.1687,buy
2023-05-12,116.8894,31293800,115.9775,117.2265,115.5314,0.0087,0.1102,0.0896,0.0774,0.1340,74.2174,0.0195,0.0223,0.0081,1.1762,-0.4521,1.1649,sell
2023-05-15,115.9378,22107900,115.4719,117.7568,115.4620,-0.0081,0.0806,0.0859,0.0596,0.1199,78.3386,0.0198,0.0253,0.0088,1.0085,-0.2935,0.8338,buy
2023-05-16,119.0405,32370100,115.8090,120.1408,115.8090,0.0268,0.1126,0.1331,0.0743,0.1445,81.5831,0.0185,0.0286,0.0100,1.0596,0.4642,1.1878,buy
2023-05-17,120.4183,26659600,119.1297,121.2113,118.4160,0.0116,0.0819,0.1447,0.0720,0.1517,79.4871,0.0181,0.0319,0.0108,1.0221,-0.1764,0.9607,buy
2023-05-18,122.4405,27014500,120.4976,122.8172,120.4282,0.0168,0.0566,0.1740,0.0726,0.1647,81.7163,0.0163,0.0351,0.0115,1.0107,0.0133,0.9657,hold
2023-05-19,122.1728,30268900,123.1145,125.3736,121.6475,-0.0022,0.0452,0.1604,0.0547,0.1555,82.5376,0.0172,0.0376,0.0112,0.9322,0.1205,1.0670,buy
2023-05-22,124.7699,29760200,122.4306,125.9396,122.3711,0.0213,0.0762,0.1629,0.0611,0.1724,90.1493,0.0173,0.0399,0.0112,0.9533,-0.0168,1.0338,sell
2023-05-23,122.2125,24477900,123.8382,124.3239,121.9746,-0.0205,0.0266,0.1422,0.0261,0.1416,81.5508,0.0201,0.0410,0.0094,0.8281,-0.1775,0.8607,sell
2023-05-24,120.5769,23087900,120.8148,121.6772,119.6947,-0.0134,0.0013,0.0834,0.0045,0.1206,79.3917,0.0193,0.0403,0.0066,0.7476,-0.0568,0.8323,buy
2023-05-25,123.2632,33812700,124.1157,124.8790,121.8259,0.0223,0.0067,0.0637,0.0206,0.1398,80.5766,0.0164,0.0397,0.0054,0.8051,0.4645,1.2287,buy
2023-05-26,124.3338,25154700,122.9807,124.8988,122.2125,0.0087,0.0177,0.0637,0.0232,0.1446,79.9372,0.0164,0.0398,0.0046,0.8064,-0.2561,0.9121,sell
2023-05-30,123.5507,27230700,125.1863,125.2755,121.8160,-0.0063,-0.0098,0.0657,0.0104,0.1328,78.5958,0.0163,0.0395,0.0033,0.7541,0.0825,0.9762,sell
2023-05-31,122.2918,41548800,122.6189,123.8084,122.0242,-0.0102,0.0006,0.0273,-0.0025,0.1169,71.2208,0.0153,0.0381,0.0012,0.6923,0.5258,1.4350,buy
2023-06-01,123.2831,25017700,122.4207,123.9472,122.2224,0.0081,0.0224,0.0238,0.0032,0.1222,66.5926,0.0151,0.0367,0.0001,0.7064,-0.3979,0.8524,buy
2023-06-02,124.1355,19367500,123.4020,125.6373,123.2632,0.0069,0.0071,0.0138,0.0087,0.1256,66.3534,0.0144,0.0357,-0.0006,0.7213,-0.2258,0.6604,buy
2023-06-05,125.5233,22672500,123.5210,126.8714,123.2930,0.0112,0.0096,0.0274,0.0173,0.1341,71.2154,0.0146,0.0352,-0.0005,0.7646,0.1706,0.7705,buy
2023-06-06,126.7921,19450100,125.4936,127.7536,124.8691,0.0101,0.0262,0.0162,0.0259,0.1411,68.6724,0.0134,0.0351,-0.0002,0.8109,-0.1421,0.6585,sell
2023-06-07,121.8655,34179300,126.4600,128.4178,121.5583,-0.0389,-0.0035,-0.0028,-0.0137,0.0929,52.9771,0.0175,0.0332,-0.0028,0.5347,0.7573,1.1391,hold
2023-06-08,121.5979,24815000,121.5136,122.6486,120.9437,-0.0022,-0.0137,0.0085,-0.0167,0.0863,48.1318,0.0169,0.0300,-0.0048,0.4792,-0.2740,0.8595,hold
2023-06-09,121.7962,20304500,121.4889,123.1988,121.3501,0.0016,-0.0188,-0.0119,-0.0139,0.0841,49.1623,0.0151,0.0273,-0.0061,0.4673,-0.1818,0.7512,buy
2023-06-12,123.2632,22255700,122.3166,123.6597,121.2807,0.0120,-0.0180,-0.0086,-0.0012,0.0927,46.4717,0.0154,0.0255,-0.0060,0.5844,0.0961,0.8374,hold
2023-06-13,123.3425,19287700,124.5519,124.7600,122.7626,0.0006,-0.0272,-0.0017,-0.0004,0.0895,52.9937,0.0153,0.0241,-0.0059,0.5704,-0.1334,0.7296,hold
2023-06-14,123.2930,24659600,122.7180,123.6994,121.0924,-0.0004,0.0117,0.0082,-0.0016,0.0854,57.8555,0.0149,0.0227,-0.0058,0.5392,0.2785,0.9466,buy
2023-06-15,124.6907,24517100,122.7973,125.0574,122.0638,0.0113,0.0254,0.0114,0.0086,0.0937,54.4610,0.0151,0.0220,-0.0050,0.7410,-0.0058,0.9450,sell
2023-06-16,122.9758,56699200,125.5927,125.5927,122.7081,-0.0138,0.0097,-0.0093,-0.0044,0.0751,45.9202,0.0156,0.0206,-0.0054,0.4473,1.3126,2.0672,hold
2023-06-20,122.7676,22698000,122.4554,124.0810,121.7565,-0.0017,-0.0040,-0.0220,-0.0038,0.0705,47.5632,0.0151,0.0189,-0.0057,0.4058,-0.5997,0.8391,sell
2023-06-21,120.2002,22612000,122.1580,122.3314,119.8037,-0.0209,-0.0255,-0.0520,-0.0194,0.0455,43.9817,0.0155,0.0160,-0.0073,0.0402,-0.0038,0.8471,buy
2023-06-22,122.7874,20781900,119.6055,122.8519,118.5547,0.0215,-0.0041,0.0076,0.0009,0.0648,48.6938,0.0123,0.0146,-0.0065,0.4472,-0.0809,0.7840,sell
2023-06-23,121.9448,29573100,120.9734,122.3612,120.7950,-0.0069,-0.0220,0.0029,-0.0062,0.0542,44.2237,0.0125,0.0132,-0.0065,0.2889,0.4230,1.1022,sell
2023-06-26,118.0492,23185000,120.4044,121.6475,117.9501,-0.0319,-0.0401,-0.0308,-0.0350,0.0187,32.5947,0.0161,0.0096,-0.0086,-0.1540,-0.2160,0.8815,hold
2023-06-27,117.9699,27221700,116.8101,118.8471,115.8882,-0.0007,-0.0391,-0.0429,-0.0315,0.0163,28.2503,0.0153,0.0063,-0.0095,-0.0432,0.1741,1.0310,buy
2023-06-28,120.0218,19753100,116.9291,120.2101,116.5722,0.0174,-0.0015,-0.0269,-0.0119,0.0314,44.7039,0.0167,0.0049,-0.0085,0.2260,-0.2744,0.7589,sell
2023-06-29,118.9612,18517500,119.0405,119.8533,118.1681,-0.0088,-0.0312,-0.0351,-0.0171,0.0197,42.7561,0.0168,0.0032,-0.0083,0.1457,-0.0626,0.7443,buy
2023-06-30,119.9128,23871800,120.0416,120.9635,119.8235,0.0080,-0.0167,-0.0383,-0.0054,0.0251,45.0314,0.0165,0.0024,-0.0072,0.2702,0.2891,0.9618,hold
2023-07-03,119.5063,13888300,119.2684,119.9623,118.6588,-0.0034,0.0123,-0.0282,-0.0059,0.0191,39.5014,0.0162,0.0015,-0.0065,0.2535,-0.4182,0.5658,buy
2023-07-05,121.5583,17830300,119.0107,122.2918,119.0107,0.0172,0.0304,-0.0099,0.0122,0.0337,45.5090,0.0174,0.0021,-0.0046,0.4880,0.2838,0.7336,sell
2023-07-06,119.8731,17732500,119.5856,120.0912,118.2078,-0.0139,-0.0012,-0.0027,-0.0015,0.0169,42.0470,0.0166,0.0015,-0.0043,0.3103,-0.0055,0.7322,sell
2023-07-07,119.0900,20997700,119.8335,120.6859,119.0405,-0.0065,0.0011,-0.0301,-0.0050,0.0076,36.5923,0.0148,0.0005,-0.0043,0.2338,0.1841,0.8912,sell
2023-07-10,115.8486,32960100,118.0294,118.0294,115.6206,-0.0272,-0.0339,-0.0500,-0.0271,-0.0218,34.1000,0.0167,-0.0026,-0.0060,-0.0501,0.5697,1.3752,buy
2023-07-11,116.6813,18286600,115.7396,117.1917,114.8177,0.0072,-0.0236,-0.0116,-0.0190,-0.0163,36.7900,0.0140,-0.0044,-0.0062,0.0988,-0.4452,0.7662,buy
2023-07-12,118.5746,22059600,118.2574,119.9029,117.9600,0.0162,-0.0245,0.0051,-0.0036,-0.0023,46.3653,0.0150,-0.0044,-0.0049,0.3115,0.2063,0.9247,buy
2023-07-13,123.7390,31535900,120.4778,124.2396,120.0020,0.0436,0.0323,0.0310,0.0366,0.0382,51.9078,0.0198,-0.0009,-0.0011,0.8383,0.4296,1.2888,buy
2023-07-14,124.6014,20499800,124.0364,125.9793,123.8084,0.0070,0.0463,0.0474,0.0389,0.0420,55.3217,0.0194,0.0023,0.0016,0.9037,-0.3500,0.8450,hold
2023-07-17,123.9670,20675300,124.9583,126.1676,123.4119,-0.0051,0.0701,0.0338,0.0301,0.0335,63.6364,0.0196,0.0043,0.0030,0.8531,0.0086,0.8590,sell
2023-07-18,122.9956,21045800,123.8134,123.8976,122.2224,-0.0078,0.0541,0.0292,0.0191,0.0222,61.1233,0.0198,0.0053,0.0031,0.7553,0.0179,0.9443,sell
2023-07-19,121.7069,22313800,123.6994,124.3734,121.3997,-0.0105,0.0264,0.0012,0.0083,0.0087,53.8601,0.0195,0.0052,0.0024,0.6334,0.0602,1.0021,sell
2023-07-20,118.4853,27541700,121.0527,123.6101,117.6477,-0.0265,-0.0425,-0.0116,-0.0173,-0.0198,49.0082,0.0209,0.0030,0.0001,0.3162,0.2343,1.2233,buy
2023-07-21,119.2585,56514600,119.8136,120.2399,118.0294,0.0065,-0.0429,0.0014,-0.0110,-0.0154,48.6261,0.0209,0.0016,-0.0010,0.4094,1.0520,2.3257,buy
2023-07-24,120.8148,22276100,120.8604,122.2720,120.3192,0.0130,-0.0254,0.0429,-0.0022,-0.0041,52.6211,0.0188,0.0016,-0.0008,0.5766,-0.6058,0.9307,buy
2023-07-25,121.7169,31820800,120.8148,122.6090,120.4679,0.0075,-0.0104,0.0432,0.0011,0.0024,50.3331,0.0188,0.0021,-0.0002,0.6531,0.4285,1.3059,buy
2023-07-26,128.5268,46216900,129.2207,130.2219,127.5851,0.0559,0.0560,0.0839,0.0485,0.0564,64.9538,0.0248,0.0066,0.0035,1.1576,0.4524,1.8255,hold
2023-07-27,128.7350,35931600,130.6481,132.4324,128.0510,0.0016,0.0865,0.0404,0.0459,0.0559,67.0045,0.0215,0.0102,0.0057,1.0479,-0.2225,1.3753,buy
2023-07-28,131.8475,26971000,129.8254,132.8983,129.7758,0.0242,0.1056,0.0582,0.0650,0.0792,78.3356,0.0225,0.0146,0.0081,1.1055,-0.2494,1.0159,hold
2023-07-31,131.9467,18381900,131.8475,132.6604,130.9752,0.0008,0.0921,0.0644,0.0589,0.0779,77.7577,0.0222,0.0180,0.0093,1.0081,-0.3185,0.6996,sell
2023-08-01,130.7373,22154300,129.7114,131.7583,129.6073,-0.0092,0.0741,0.0629,0.0427,0.0666,72.6802,0.0223,0.0200,0.0089,0.8888,0.2052,0.8301,sell
2023-08-02,127.5157,22705800,128.7052,129.2802,126.7326,-0.0246,-0.0079,0.0477,0.0124,0.0394,57.5927,0.0239,0.0197,0.0067,0.7076,0.0249,0.8431,hold
2023-08-03,127.6446,15018100,127.2481,128.6359,126.6583,0.0010,-0.0085,0.0773,0.0061,0.0400,56.3039,0.0213,0.0189,0.0047,0.6940,-0.3386,0.5605,hold
2023-08-04,127.4166,20521900,128.4673,130.7770,127.1936,-0.0018,-0.0336,0.0684,-0.0021,0.0373,57.2681,0.0215,0.0180,0.0030,0.6640,0.3665,0.7666,buy
2023-08-07,130.7869,17621000,128.3781,130.9058,128.2988,0.0265,-0.0088,0.0825,0.0163,0.0629,64.9089,0.0224,0.0186,0.0032,0.8071,-0.1414,0.6776,hold
2023-08-08,130.6878,16836000,129.8353,130.7869,128.9927,-0.0008,-0.0004,0.0737,0.0085,0.0608,68.0048,0.0225,0.0192,0.0031,0.7797,-0.0445,0.6492,sell
2023-08-09,129.0125,17745200,131.0347,131.3123,128.3732,-0.0128,0.0117,0.0038,-0.0048,0.0465,72.5000,0.0154,0.0187,0.0019,0.6687,0.0540,0.6900,hold
2023-08-10,129.0720,17855700,130.8166,131.4877,128.8985,0.0005,0.0112,0.0026,-0.0046,0.0460,71.6346,0.0154,0.0179,0.0009,0.6562,0.0062,0.7133,hold
2023-08-11,129.0323,15205500,128.0728,129.3000,127.6247,-0.0003,0.0127,-0.0214,-0.0027,0.0445,69.4145,0.0130,0.0171,0.0000,0.6405,-0.1484,0.6139,buy
2023-08-14,130.6778,17526200,128.7152,130.7571,128.4574,0.0128,-0.0008,-0.0096,0.0110,0.0566,70.4525,0.0138,0.0170,0.0001,0.7138,0.1526,0.7122,sell
2023-08-15,129.1315,14769200,130.4400,130.8365,128.6845,-0.0118,-0.0119,-0.0123,0.0003,0.0432,51.8166,0.0140,0.0162,-0.0007,0.6100,-0.1573,0.6079,sell
2023-08-16,127.9816,17548400,128.1501,129.7540,127.3373,-0.0089,-0.0080,0.0037,-0.0090,0.0335,47.8579,0.0118,0.0146,-0.0019,0.5262,0.1882,0.7294,buy
2023-08-17,129.3199,23665600,129.3099,131.3331,128.7152,0.0105,0.0019,0.0131,0.0001,0.0439,42.0065,0.0122,0.0138,-0.0021,0.5872,0.3486,0.9917,sell
2023-08-18,126.9904,23627200,127.9321,128.6953,125.8901,-0.0180,-0.0158,-0.0033,-0.0176,0.0243,36.2638,0.0137,0.0119,-0.0034,0.3698,-0.0016,1.0633,buy
2023-08-21,127.8032,21851100,126.7326,128.1303,126.0487,0.0064,-0.0220,-0.0228,-0.0091,0.0298,41.6855,0.0104,0.0105,-0.0038,0.3851,-0.0752,0.9843,buy
2023-08-22,128.5565,15557900,128.0014,129.8055,127.7982,0.0059,-0.0045,-0.0163,-0.0016,0.0347,53.4290,0.0107,0.0098,-0.0035,0.3964,-0.2880,0.7275,buy
2023-08-23,132.0458,26497000,129.7064,132.8983,129.3694,0.0271,0.0318,0.0235,0.0231,0.0613,61.8715,0.0132,0.0110,-0.0016,0.9202,0.7031,1.2989,sell
2023-08-24,129.2802,18680400,133.5496,133.7904,129.1613,-0.0209,-0.0003,0.0016,0.0015,0.0381,54.4215,0.0152,0.0106,-0.0018,0.4853,-0.2950,0.9562,hold
2023-08-25,129.5478,20678100,129.0026,130.2516,126.9210,0.0021,0.0201,0.0040,0.0032,0.0392,46.5527,0.0152,0.0101,-0.0018,0.5484,0.1069,1.0757,buy
2023-08-28,130.6382,16715500,130.9257,132.0755,129.7064,0.0084,0.0222,-0.0003,0.0117,0.0470,49.8692,0.0148,0.0102,-0.0013,0.7593,-0.1916,0.8734,buy
2023-08-29,134.3059,30803300,131.8357,136.0951,131.8178,0.0281,0.0447,0.0401,0.0359,0.0744,62.6301,0.0165,0.0122,0.0008,1.1943,0.8428,1.5739,buy
2023-08-30,135.7332,21773400,134.3851,136.0505,133.8409,0.0106,0.0279,0.0606,0.0407,0.0836,64.9200,0.0160,0.0145,0.0026,1.1702,-0.2931,1.1152,hold
2023-08-31,136.1496,28147900,135.8522,137.1904,135.6242,0.0031,0.0531,0.0528,0.0385,0.0841,65.6769,0.0159,0.0164,0.0036,1.0769,0.2928,1.3947,hold
2023-09-01,135.6044,16671600,137.2202,137.3689,134.7519,-0.0040,0.0468,0.0678,0.0276,0.0776,61.4044,0.0142,0.0175,0.0037,0.9530,-0.4077,0.8340,hold
2023-09-05,135.5152,17730200,135.2476,136.1694,134.3752,-0.0007,0.0373,0.0603,0.0209,0.0746,65.8463,0.0144,0.0181,0.0034,0.8933,0.0635,0.8868,sell
2023-09-06,134.1869,15814300,135.8176,136.2785,133.5129,-0.0098,-0.0009,0.0438,0.0066,0.0613,65.2683,0.0152,0.0177,0.0023,0.7585,-0.1081,0.7930,buy
2023-09-07,135.0096,16976000,133.4236,135.3863,132.7892,0.0061,-0.0053,0.0224,0.0106,0.0650,64.3643,0.0130,0.0174,0.0017,0.7932,0.0735,0.8529,buy
2023-09-08,136.0009,17810700,134.6825,136.3132,134.6825,0.0073,-0.0011,0.0520,0.0129,0.0701,74.3962,0.0101,0.0176,0.0016,0.8320,0.0492,0.8949,buy
2023-09-11,136.5362,17180800,136.1794,137.0556,135.3566,0.0039,0.0069,0.0539,0.0116,0.0713,74.0056,0.0101,0.0178,0.0015,0.8331,-0.0354,0.8590,sell
2023-09-12,134.8808,15212900,135.9315,136.4371,134.7420,-0.0121,-0.0047,0.0325,-0.0038,0.0559,66.5628,0.0114,0.0171,0.0005,0.6922,-0.1145,0.7650,buy
2023-09-13,136.2983,16394900,134.7123,136.4965,133.7507,0.0105,0.0157,0.0148,0.0052,0.0642,62.4927,0.0080,0.0169,0.0003,0.7676,0.0777,0.8211,buy
2023-09-14,137.7753,19064600,137.1805,138.3304,135.8621,0.0108,0.0205,0.0150,0.0146,0.0730,77.0005,0.0080,0.0173,0.0007,0.8392,0.1628,0.9512,sell
2023-09-15,137.0913,48958800,137.5869,138.1420,135.9811,-0.0050,0.0080,0.0069,0.0088,0.0648,73.3578,0.0083,0.0173,0.0005,0.7621,1.5680,2.2977,buy
2023-09-18,137.7455,16233600,136.4272,138.7070,136.4272,0.0048,0.0089,0.0158,0.0121,0.0668,72.6182,0.0082,0.0173,0.0005,0.7909,-0.6684,0.7753,hold
2023-09-19,137.6167,15479100,137.0417,137.9587,136.2983,-0.0009,0.0203,0.0155,0.0096,0.0622,63.5992,0.0082,0.0171,0.0002,0.7643,-0.0465,0.7507,sell
2023-09-20,133.4137,21473500,137.6167,137.6266,133.3443,-0.0305,-0.0212,-0.0058,-0.0207,0.0271,42.2415,0.0127,0.0147,-0.0021,0.3689,0.3873,1.0267,sell
2023-09-21,130.2119,22058400,131.2329,132.0260,129.9443,-0.0240,-0.0549,-0.0355,-0.0408,0.0007,33.2588,0.0144,0.0107,-0.0053,0.0887,0.0272,1.0660,hold
2023-09-22,130.1029,17348700,130.5291,131.8475,129.3694,-0.0008,-0.0510,-0.0434,-0.0375,-0.0012,34.0974,0.0140,0.0070,-0.0072,0.0618,-0.2135,0.8411,buy
2023-09-25,131.0149,14650000,129.6271,131.0644,128.8936,0.0070,-0.0489,-0.0404,-0.0267,0.0049,37.5821,0.0142,0.0046,-0.0076,0.1221,-0.1556,0.7208,sell
2023-09-26,128.3186,20378800,129.7698,130.2565,127.0697,-0.0206,-0.0676,-0.0487,-0.0421,-0.0165,34.9440,0.0150,0.0010,-0.0091,-0.0793,0.3910,0.9937,buy
2023-09-27,130.3111,18764200,128.3087,130.5688,128.2493,0.0155,-0.0233,-0.0439,-0.0229,-0.0023,38.6278,0.0156,-0.0006,-0.0085,0.1424,-0.0792,0.9426,buy
2023-09-28,131.9665,18201400,129.5478,133.0073,129.5478,0.0127,0.0135,-0.0422,-0.0061,0.0088,40.5394,0.0158,-0.0008,-0.0069,0.3032,-0.0300,0.9226,sell
2023-09-29,130.6977,23237300,132.9082,133.7111,130.1723,-0.0096,0.0046,-0.0466,-0.0109,-0.0028,36.7641,0.0159,-0.0018,-0.0063,0.2252,0.2767,1.1928,buy
2023-10-02,133.9887,19210400,131.0000,134.1770,130.9108,0.0252,0.0227,-0.0273,0.0169,0.0200,48.1172,0.0184,-0.0005,-0.0039,0.5046,-0.1733,0.9797,sell
2023-10-03,132.1350,19628700,133.7508,134.0581,131.6542,-0.0138,0.0297,-0.0398,0.0070,0.0042,41.3723,0.0187,-0.0006,-0.0033,0.3640,0.0218,0.9962,buy
2023-10-04,135.0791,22848000,132.4919,135.3764,132.2639,0.0223,0.0366,0.0125,0.0281,0.0245,44.7328,0.0178,0.0011,-0.0012,0.6054,0.1640,1.1392,hold
2023-10-05,134.8015,15922900,134.9403,135.3071,133.2799,-0.0021,0.0215,0.0352,0.0225,0.0214,45.4546,0.0155,0.0022,-0.0001,0.5834,-0.3031,0.7960,buy
2023-10-06,137.5175,20826700,133.7607,137.9696,133.7607,0.0201,0.0522,0.0570,0.0372,0.0406,49.5817,0.0163,0.0046,0.0019,0.7955,0.3080,1.0334,buy
2023-10-09,138.2808,16599100,136.7840,138.7467,135.5053,0.0056,0.0320,0.0555,0.0373,0.0453,51.1909,0.0162,0.0068,0.0033,0.8390,-0.2030,0.8248,hold
2023-10-10,137.9834,19554900,138.2907,139.5100,137.2202,-0.0022,0.0443,0.0753,0.0276,0.0421,59.5287,0.0138,0.0084,0.0039,0.7925,0.1781,0.9613,buy
2023-10-11,140.4616,20146300,138.6278,140.9770,138.6178,0.0180,0.0398,0.0779,0.0382,0.0593,72.0375,0.0140,0.0107,0.0050,0.9297,0.0302,0.9813,sell
2023-10-12,139.0639,18173100,140.9176,141.1356,138.2312,-0.0100,0.0316,0.0538,0.0225,0.0469,68.2553,0.0149,0.0119,0.0049,0.8205,-0.0979,0.8872,sell
2023-10-13,137.3688,19438700,139.4207,140.1047,136.7642,-0.0122,-0.0011,0.0510,0.0051,0.0327,62.5440,0.0152,0.0117,0.0037,0.7027,0.0696,1.0226,buy
2023-10-16,139.2622,17345600,138.5088,139.6735,138.1024,0.0138,0.0071,0.0394,0.0151,0.0450,72.3121,0.0139,0.0123,0.0035,0.8192,-0.1077,0.9098,hold
2023-10-17,139.7578,17424000,138.8062,140.0155,137.3183,0.0036,0.0129,0.0577,0.0130,0.0474,70.5122,0.0124,0.0130,0.0034,0.8342,0.0045,0.9093,sell
2023-10-18,138.0627,18304900,139.5199,140.7491,137.4928,-0.0121,-0.0171,0.0221,-0.0014,0.0335,63.2145,0.0121,0.0126,0.0023,0.7062,0.0506,0.9633,hold
2023-10-19,137.7654,21831200,138.5782,139.7727,137.3887,-0.0022,-0.0093,0.0220,-0.0057,0.0299,65.9937,0.0121,0.0118,0.0012,0.6677,0.1926,1.1495,sell
2023-10-20,135.5449,24970300,137.3787,137.8248,135.0542,-0.0161,-0.0133,-0.0143,-0.0203,0.0124,53.7010,0.0115,0.0100,-0.0006,0.5052,0.1438,1.2889,buy
2023-10-23,136.6948,20780700,135.0394,137.8050,133.9292,0.0085,-0.0184,-0.0115,-0.0109,0.0198,61.2195,0.0118,0.0089,-0.0013,0.5675,-0.1678,1.0560,buy
2023-10-24,138.8954,26535200,137.9438,139.4803,137.5374,0.0161,-0.0062,0.0066,0.0044,0.0349,59.7468,0.0130,0.0091,-0.0008,0.7121,0.2769,1.3276,sell
2023-10-25,125.5630,58796100,128.6359,128.9630,124.9880,-0.0960,-0.0905,-0.1061,-0.0821,-0.0639,35.8445,0.0321,0.0018,-0.0073,-0.2106,1.2158,2.6739,sell
2023-10-26,122.3612,33907400,123.3822,124.3635,121.2510,-0.0255,-0.1118,-0.1201,-0.0945,-0.0870,27.1177,0.0324,-0.0069,-0.0130,-0.1984,-0.4233,1.4889,hold
2023-10-27,122.3215,37367700,122.9460,123.3524,120.3985,-0.0003,-0.0976,-0.1095,-0.0846,-0.0864,25.3672,0.0326,-0.0137,-0.0158,-0.0840,0.1021,1.5914,buy
2023-10-30,124.6510,24165600,123.3723,125.4440,122.7973,0.0190,-0.0881,-0.1049,-0.0568,-0.0686,30.6364,0.0331,-0.0171,-0.0153,0.0800,-0.3533,1.0184,hold
2023-10-31,124.2049,21123400,125.1664,125.4539,122.8419,-0.0036,-0.1058,-0.1113,-0.0490,-0.0715,24.9083,0.0329,-0.0200,-0.0146,0.1061,-0.1259,0.8874,buy
2023-11-01,126.4551,26536600,124.2446,126.6236,123.8332,0.0181,0.0071,-0.0841,-0.0231,-0.0544,31.0376,0.0341,-0.0203,-0.0120,0.2209,0.2563,1.1063,hold
2023-11-02,127.4563,24091700,128.4277,128.9531,126.9904,0.0079,0.0416,-0.0748,-0.0075,-0.0462,34.7747,0.0345,-0.0197,-0.0092,0.2775,-0.0921,0.9875,buy
2023-11-03,129.2306,19529400,127.9618,129.5875,127.8825,0.0139,0.0565,-0.0466,0.0113,-0.0329,34.5355,0.0349,-0.0178,-0.0060,0.3581,-0.1894,0.8027,hold
2023-11-06,130.3012,15360400,129.0819,130.4102,128.7945,0.0083,0.0453,-0.0468,0.0248,-0.0250,35.6757,0.0349,-0.0156,-0.0030,0.4113,-0.2135,0.6329,hold
2023-11-07,131.2429,19223800,130.8265,132.1152,129.9939,0.0072,0.0567,-0.0551,0.0385,-0.0181,39.4284,0.0345,-0.0131,-0.0005,0.4585,0.2515,0.7926,hold
2023-11-08,132.0954,15093600,131.2032,132.3729,131.0050,0.0065,0.0446,0.0520,0.0399,-0.0114,41.3595,0.0129,-0.0105,0.0016,0.5072,-0.2148,0.6289,sell
2023-11-09,130.5391,17976500,132.1945,132.7892,130.3606,-0.0118,0.0242,0.0668,0.0210,-0.0223,42.2140,0.0096,-0.0094,0.0023,0.4608,0.1910,0.7493,buy
2023-11-10,132.8884,20872900,130.3805,133.0965,129.7262,0.0180,0.0283,0.0864,0.0309,-0.0042,44.2925,0.0099,-0.0068,0.0037,0.5687,0.1611,0.8675,sell
2023-11-13,132.4720,16409900,132.1945,132.9379,131.6096,-0.0031,0.0167,0.0627,0.0215,-0.0068,39.8241,0.0097,-0.0051,0.0044,0.5689,-0.2138,0.6833,buy
2023-11-14,134.2464,22317300,134.4644,136.0406,133.9193,0.0134,0.0229,0.0808,0.0272,0.0067,71.7046,0.0093,-0.0026,0.0054,0.6704,0.3600,0.9199,buy
2023-11-15,135.1881,15840900,135.4458,135.6441,134.1473,0.0070,0.0234,0.0691,0.0275,0.0136,86.1453,0.0086,-0.0001,0.0063,0.7295,-0.2902,0.6563,buy
2023-11-16,137.4878,17615100,135.7630,137.6662,134.8907,0.0170,0.0532,0.0787,0.0371,0.0304,87.9088,0.0092,0.0032,0.0075,0.8442,0.1120,0.7362,sell
2023-11-17,135.7432,25565300,136.6155,136.7939,134.2959,-0.0127,0.0215,0.0504,0.0189,0.0174,78.5604,0.0109,0.0047,0.0073,0.7574,0.4513,1.0672,buy
2023-11-20,136.7146,19569400,134.3158,137.2152,134.3059,0.0072,0.0320,0.0492,0.0213,0.0247,81.3618,0.0109,0.0064,0.0072,0.8049,-0.2345,0.8190,buy
2023-11-21,137.4085,17648100,136.7344,137.7505,136.5015,0.0051,0.0236,0.0470,0.0218,0.0295,79.7843,0.0108,0.0080,0.0070,0.8509,-0.0982,0.7526,buy
2023-11-22,138.7963,17306400,137.8844,139.8669,137.7852,0.0101,0.0267,0.0507,0.0270,0.0395,80.2006,0.0109,0.0099,0.0072,0.8728,-0.0194,0.8096,sell
2023-11-24,137.0120,8828600,138.3204,138.4562,136.2685,-0.0129,-0.0035,0.0496,0.0090,0.0262,70.7122,0.0111,0.0105,0.0061,0.7649,-0.4899,0.4388,hold
2023-11-27,136.8435,17886400,136.3677,138.4097,136.3379,-0.0012,0.0081,0.0298,0.0048,0.0250,68.2925,0.0102,0.0106,0.0050,0.7401,1.0260,0.9341,buy
2023-11-28,137.4085,17046900,136.4272,137.4482,135.8423,0.0041,0.0051,0.0373,0.0053,0.0293,67.6103,0.0100,0.0108,0.0042,0.7521,-0.0469,0.9071,sell
2023-11-29,135.2079,21014700,137.7703,138.4493,135.1038,-0.0160,-0.0160,0.0072,-0.0115,0.0132,58.2544,0.0111,0.0098,0.0025,0.6013,0.2328,1.1186,sell
2023-11-30,132.7496,29913500,135.2079,135.7630,131.6295,-0.0182,-0.0436,-0.0180,-0.0277,-0.0052,55.5946,0.0123,0.0075,0.0000,0.3988,0.4235,1.5781,sell
2023-12-01,132.1548,24268000,132.1548,132.3333,130.9970,-0.0045,-0.0355,-0.0388,-0.0283,-0.0099,47.9626,0.0104,0.0051,-0.0020,0.3137,-0.1887,1.2797,sell
2023-12-04,129.4883,24117100,130.1465,130.3012,128.2691,-0.0202,-0.0537,-0.0461,-0.0435,-0.0298,42.6334,0.0114,0.0015,-0.0045,0.0760,-0.0062,1.2565,buy
2023-12-05,131.2329,19235100,129.2306,132.3729,128.5962,0.0135,-0.0449,-0.0401,-0.0267,-0.0167,42.5491,0.0122,-0.0003,-0.0050,0.2195,-0.2024,0.9921,sell
2023-12-06,130.2813,16360600,131.7385,132.1449,130.1624,-0.0073,-0.0364,-0.0519,-0.0286,-0.0242,37.8736,0.0118,-0.0023,-0.0056,0.1463,-0.1494,0.8502,buy
2023-12-07,137.2400,38419400,135.4062,138.7765,135.0394,0.0534,0.0338,-0.0112,0.0245,0.0269,49.5022,0.0218,0.0004,-0.0022,0.7346,1.3483,1.8823,sell
2023-12-08,135.4458,23016100,134.4744,136.7840,134.3852,-0.0131,0.0249,-0.0114,0.0123,0.0129,49.4039,0.0218,0.0014,-0.0010,0.5596,-0.4009,1.1139,sell
2023-12-11,133.5228,24502900,132.6505,133.6120,131.7286,-0.0142,0.0312,-0.0243,0.0004,-0.0019,43.8362,0.0222,0.0011,-0.0011,0.3781,0.0646,1.1755,sell
2023-12-12,132.4720,26584000,132.1053,133.3642,131.6691,-0.0079,0.0094,-0.0359,-0.0038,-0.0095,40.5967,0.0222,0.0002,-0.0016,0.2803,0.0849,1.2450,hold
2023-12-13,132.7991,25414500,133.3691,133.6021,131.7881,0.0025,0.0193,-0.0178,0.0005,-0.0071,38.0952,0.0218,-0.0004,-0.0017,0.3199,-0.0440,1.1816,hold
2023-12-14,132.0359,29619100,133.5922,133.8549,129.9146,-0.0057,-0.0379,-0.0054,-0.0048,-0.0124,39.7047,0.0210,-0.0013,-0.0021,0.2697,0.1654,1.3344,hold
2023-12-15,132.6703,58594000,131.7583,133.6516,131.4709,0.0048,-0.0205,0.0039,-0.0004,-0.0073,41.5292,0.0210,-0.0016,-0.0019,0.3452,0.9783,2.4167,buy
2023-12-18,135.9910,25699800,132.6901,137.1706,132.6009,0.0250,0.0185,0.0502,0.0197,0.0177,47.4122,0.0209,0.0002,-0.0001,0.6477,-0.5614,1.0597,buy
2023-12-19,136.8931,20661000,136.7939,137.5572,136.2487,0.0066,0.0334,0.0431,0.0221,0.0247,53.2295,0.0208,0.0021,0.0014,0.7285,-0.1961,0.8500,buy
2023-12-20,138.4394,33507300,139.1036,141.8276,138.1916,0.0113,0.0425,0.0626,0.0274,0.0362,61.2992,0.0204,0.0044,0.0030,0.8557,0.6218,1.3350,buy
2023-12-21,140.5607,18101500,139.5397,140.7887,139.2453,0.0153,0.0646,0.0242,0.0406,0.0521,65.7387,0.0128,0.0073,0.0047,1.0063,-0.4598,0.7200,buy
2023-12-22,141.4727,18513500,140.8878,141.9981,140.8135,0.0065,0.0663,0.0445,0.0426,0.0585,74.0167,0.0116,0.0100,0.0059,1.0059,0.0228,0.7225,hold
2023-12-26,141.5718,11170100,141.7304,142.6870,141.2546,0.0007,0.0410,0.0603,0.0372,0.0586,72.1821,0.0097,0.0120,0.0064,0.9532,-0.3967,0.4417,sell
2023-12-27,140.2039,17288400,141.5817,142.0674,139.8183,-0.0097,0.0242,0.0584,0.0214,0.0482,70.9152,0.0100,0.0129,0.0057,0.8358,0.5477,0.6833,hold
2023-12-28,140.0453,12192500,140.6103,141.0266,139.5972,-0.0011,0.0116,0.0546,0.0149,0.0470,58.2894,0.0102,0.0132,0.0049,0.7970,-0.2948,0.4905,hold
2023-12-29,139.6983,14881000,139.4505,140.1989,138.6773,-0.0025,-0.0061,0.0580,0.0068,0.0441,63.7410,0.0099,0.0132,0.0038,0.7489,0.2205,0.6173,sell
2024-01-02,138.3403,20071900,138.3799,139.3861,136.5362,-0.0097,-0.0221,0.0427,-0.0070,0.0339,66.1569,0.0110,0.0123,0.0023,0.6467,0.3488,0.8399,buy
2024-01-03,139.1333,18974300,137.3887,139.8569,137.2202,0.0057,-0.0172,0.0231,-0.0036,0.0393,72.7334,0.0083,0.0118,0.0015,0.6780,-0.0547,0.8026,sell
2024-01-04,136.8336,18253300,138.6278,139.4059,136.8039,-0.0165,-0.0240,-0.0004,-0.0200,0.0221,62.1348,0.0100,0.0101,-0.0003,0.5037,-0.0380,0.7737,sell
2024-01-05,136.1893,15439500,137.1429,137.5969,135.6540,-0.0047,-0.0275,-0.0163,-0.0231,0.0177,62.5826,0.0093,0.0082,-0.0018,0.4291,-0.1542,0.6557,buy
2024-01-08,139.3018,17645300,136.7939,139.4109,136.6750,0.0229,-0.0028,-0.0090,0.0002,0.0388,67.4673,0.0110,0.0082,-0.0012,0.6671,0.1429,0.7840,buy
2024-01-09,141.3141,19579700,138.8359,141.5520,138.5683,0.0144,0.0215,-0.0011,0.0147,0.0508,65.0589,0.0118,0.0093,-0.0000,0.7933,0.1096,0.8767,buy
2024-01-10,142.5433,16641900,141.2744,143.2619,141.2150,0.0087,0.0245,0.0069,0.0228,0.0568,65.6939,0.0121,0.0107,0.0012,0.8476,-0.1500,0.7585,hold
2024-01-11,142.4144,17471100,143.6287,145.3782,140.9721,-0.0009,0.0408,0.0158,0.0203,0.0531,61.9843,0.0116,0.0117,0.0017,0.8115,0.0498,0.8131,buy
2024-01-12,142.9794,13998700,143.0785,143.4750,142.1071,0.0040,0.0499,0.0210,0.0222,0.0543,58.0474,0.0116,0.0126,0.0022,0.8297,-0.1988,0.6693,hold
2024-01-16,142.8208,19198900,142.1765,144.5654,141.8058,-0.0011,0.0253,0.0224,0.0188,0.0506,54.7223,0.0115,0.0132,0.0021,0.8077,0.3715,0.9414,sell
2024-01-17,141.6412,17884500,141.6610,142.1567,139.2820,-0.0083,0.0023,0.0239,0.0080,0.0398,50.2259,0.0114,0.0129,0.0014,0.6923,-0.0685,0.9742,buy
2024-01-18,143.7228,18876800,142.1864,144.3126,142.0972,0.0147,0.0083,0.0330,0.0195,0.0528,60.9500,0.0120,0.0134,0.0017,0.8898,0.0555,1.0477,buy
2024-01-19,146.6768,27181000,145.0263,146.7462,144.5257,0.0206,0.0299,0.0719,0.0332,0.0719,67.5774,0.0109,0.0151,0.0029,1.0966,0.4399,1.4818,hold
2024-01-22,146.4191,21829200,147.4103,148.7039,146.2902,-0.0018,0.0241,0.0751,0.0240,0.0676,67.8988,0.0105,0.0164,0.0033,0.9841,-0.1969,1.2291,buy
2024-01-23,147.3806,14113600,146.4290,147.5590,145.9036,0.0066,0.0319,0.0580,0.0250,0.0722,74.5955,0.0090,0.0176,0.0037,0.9831,-0.3535,0.8037,buy
2024-01-24,149.0360,19245000,148.9765,150.2453,148.5305,0.0112,0.0522,0.0546,0.0309,0.0814,75.7343,0.0087,0.0191,0.0043,1.0149,0.3636,1.0937,buy
2024-01-25,152.2972,21495100,150.4139,153.4074,149.8984,0.0219,0.0597,0.0684,0.0464,0.1019,88.2729,0.0102,0.0215,0.0056,1.0914,0.1169,1.1867,hold
2024-01-26,152.4459,19494500,151.5340,152.7631,151.4646,0.0010,0.0393,0.0704,0.0403,0.0998,91.2475,0.0100,0.0235,0.0061,1.0010,-0.0931,1.0698,buy
2024-01-29,153.4868,20909300,152.2972,153.8436,151.5835,0.0068,0.0483,0.0735,0.0399,0.1043,90.2193,0.0100,0.0252,0.0063,0.9719,0.0726,1.1206,sell
2024-01-30,151.7124,26578900,152.6640,153.6850,151.4398,-0.0116,0.0294,0.0623,0.0218,0.0889,79.8860,0.0114,0.0257,0.0053,0.8437,0.2712,1.3811,sell
2024-01-31,140.5607,43908600,144.1194,144.3176,140.3129,-0.0735,-0.0569,-0.0076,-0.0527,0.0084,46.3715,0.0276,0.0213,-0.0006,0.3153,0.6520,2.1486,hold
2024-02-01,141.4628,25526900,142.4342,143.3560,141.0167,0.0064,-0.0711,-0.0157,-0.0451,0.0141,48.3063,0.0273,0.0164,-0.0042,0.3498,-0.4186,1.2294,hold
2024-02-02,142.2855,42136100,139.6587,142.6225,136.9624,0.0058,-0.0666,-0.0299,-0.0367,0.0191,48.7762,0.0263,0.0129,-0.0061,0.3690,0.6507,1.9190,buy
2024-02-05,143.6634,29254400,142.7811,145.3882,142.6523,0.0097,-0.0640,-0.0188,-0.0256,0.0281,51.4247,0.0266,0.0108,-0.0065,0.4129,-0.3057,1.2917,hold
2024-02-06,144.1391,21517700,144.6843,145.4575,143.2569,0.0033,-0.0499,-0.0220,-0.0202,0.0307,54.3269,0.0265,0.0093,-0.0063,0.4224,-0.2645,0.9420,buy
2024-02-07,145.3981,21436100,144.8430,145.7153,143.9409,0.0087,0.0344,-0.0244,-0.0092,0.0385,52.9869,0.0264,0.0087,-0.0054,0.4844,-0.0038,0.9346,hold
2024-02-08,145.9333,18241300,145.6855,146.3199,145.1403,0.0037,0.0316,-0.0418,-0.0012,0.0409,48.5494,0.0252,0.0084,-0.0045,0.5068,-0.1490,0.7926,buy
2024-02-09,148.9072,21877700,146.6570,149.3780,146.1415,0.0204,0.0465,-0.0232,0.0216,0.0604,54.3897,0.0263,0.0096,-0.0025,0.6718,0.1993,0.9416,sell
2024-02-12,147.4301,17236100,148.2330,149.2739,147.2616,-0.0099,0.0262,-0.0395,0.0157,0.0481,50.0859,0.0262,0.0098,-0.0019,0.5670,-0.2122,0.7367,sell
2024-02-13,145.0908,18138500,144.7934,146.7462,143.8418,-0.0159,0.0066,-0.0436,0.0042,0.0296,43.3221,0.0264,0.0087,-0.0026,0.4101,0.0524,0.7770,hold
2024-02-14,145.8541,16651800,146.0821,146.5380,144.2829,0.0053,0.0031,0.0377,0.0058,0.0330,38.0866,0.0101,0.0079,-0.0026,0.4434,-0.0820,0.7152,sell
2024-02-15,142.6820,26724300,143.1975,143.4948,140.6400,-0.0217,-0.0223,0.0086,-0.0169,0.0087,33.7620,0.0128,0.0057,-0.0041,0.2368,0.6049,1.1288,sell
2024-02-16,140.5211,21865100,142.9497,143.2173,140.2832,-0.0151,-0.0563,-0.0124,-0.0306,-0.0079,29.2117,0.0136,0.0026,-0.0059,0.1369,-0.1818,0.9340,hold
2024-02-20,140.9572,18625600,139.7082,142.0763,139.5695,0.0031,-0.0439,-0.0188,-0.0258,-0.0063,31.9828,0.0132,0.0003,-0.0065,0.1947,-0.1482,0.8011,buy
2024-02-21,142.5829,16440800,141.3934,142.7217,140.6698,0.0115,-0.0173,-0.0108,-0.0135,0.0044,54.9756,0.0138,-0.0006,-0.0058,0.3089,-0.1173,0.7036,buy
2024-02-22,144.0500,23024700,144.8430,144.9223,142.7514,0.0103,-0.0124,-0.0093,-0.0024,0.0135,56.1936,0.0139,-0.0005,-0.0045,0.4090,0.4005,0.9775,hold
2024-02-23,144.0202,14519400,143.7030,144.6794,143.5246,-0.0002,0.0094,-0.0131,-0.0013,0.0118,54.3167,0.0139,-0.0004,-0.0035,0.4267,-0.3694,0.6257,sell
2024-02-26,137.5374,33513000,142.1963,142.5829,137.5275,-0.0450,-0.0212,-0.0764,-0.0387,-0.0344,37.8443,0.0175,-0.0040,-0.0059,0.0525,1.3082,1.4018,buy
2024-02-27,138.8756,22364000,138.1916,139.2622,137.2896,0.0097,-0.0148,-0.0580,-0.0235,-0.0259,39.9012,0.0183,-0.0060,-0.0063,0.1453,-0.3327,0.9326,sell
2024-02-28,136.2289,30628700,137.8843,138.0627,135.4458,-0.0191,-0.0446,-0.0611,-0.0361,-0.0450,33.2973,0.0185,-0.0093,-0.0076,-0.0183,0.3696,1.2666,buy
2024-02-29,138.5584,35485000,137.1409,138.7269,136.3677,0.0171,-0.0381,-0.0500,-0.0145,-0.0295,37.3900,0.0197,-0.0100,-0.0067,0.1807,0.1586,1.4935,sell
2024-03-01,136.8732,28551500,138.3898,138.7764,136.7691,-0.0122,-0.0496,-0.0407,-0.0225,-0.0414,28.4752,0.0190,-0.0118,-0.0068,0.1009,-0.1954,1.1940,sell
2024-03-04,133.0271,43571500,135.3467,135.4359,131.6989,-0.0281,-0.0328,-0.0533,-0.0448,-0.0678,26.2506,0.0202,-0.0156,-0.0083,-0.0455,0.5261,1.8167,hold
2024-03-05,132.6108,28447600,131.5799,132.8487,130.4003,-0.0031,-0.0451,-0.0592,-0.0421,-0.0700,28.0280,0.0200,-0.0185,-0.0089,0.0191,-0.3471,1.1881,sell
2024-03-06,131.4014,23175200,133.0668,133.5624,130.7968,-0.0091,-0.0354,-0.0784,-0.0431,-0.0773,24.9485,0.0191,-0.0214,-0.0094,0.0358,-0.1853,0.9646,buy
2024-03-07,134.0580,24107300,132.7198,134.6330,131.5006,0.0202,-0.0325,-0.0694,-0.0166,-0.0576,34.7796,0.0204,-0.0212,-0.0076,0.1991,0.0402,0.9978,buy
2024-03-08,135.0989,26495200,133.8548,137.7703,133.6219,0.0078,-0.0130,-0.0619,-0.0024,-0.0495,40.0365,0.0208,-0.0204,-0.0055,0.2726,0.0991,1.0783,buy
2024-03-11,137.7257,22536400,135.8721,138.7566,135.8721,0.0194,0.0353,0.0014,0.0168,-0.0306,44.5044,0.0171,-0.0178,-0.0025,0.4191,-0.1494,0.9159,hold
2024-03-12,138.3998,19019700,137.0417,139.0540,137.0021,0.0049,0.0437,-0.0034,0.0222,-0.0257,42.6481,0.0169,-0.0154,-0.0002,0.4765,-0.1560,0.7702,buy
2024-03-13,139.5397,19637000,138.8359,140.9473,138.7864,0.0082,0.0619,0.0243,0.0281,-0.0176,41.9810,0.0156,-0.0126,0.0020,0.5618,0.0325,0.7928,buy
2024-03-14,143.0785,36117900,141.0564,143.4651,140.2485,0.0254,0.0673,0.0326,0.0506,0.0066,48.5115,0.0167,-0.0082,0.0049,0.8035,0.8393,1.4030,sell
2024-03-15,140.9275,41039500,142.1567,143.0785,139.8966,-0.0150,0.0431,0.0296,0.0318,-0.0088,56.2091,0.0170,-0.0061,0.0057,0.6737,0.1363,1.5511,buy
2024-03-18,147.1824,47676700,148.0646,151.5935,146.8453,0.0444,0.0687,0.1064,0.0665,0.0337,62.8923,0.0177,-0.0008,0.0084,1.0030,0.1617,1.7182,hold
2024-03-19,146.6272,17748400,147.6780,148.3124,145.7252,-0.0038,0.0594,0.1057,0.0518,0.0283,67.2589,0.0177,0.0029,0.0097,0.9201,-0.6277,0.6406,buy
2024-03-20,148.3719,17730000,147.4896,148.4512,146.3745,0.0119,0.0633,0.1291,0.0515,0.0392,66.6107,0.0164,0.0067,0.0107,0.9587,-0.0010,0.6385,sell
2024-03-21,147.4401,19843900,149.0063,149.9826,146.7164,-0.0063,0.0305,0.0998,0.0351,0.0318,68.3540,0.0171,0.0091,0.0105,0.8861,0.1192,0.7187,buy
2024-03-22,150.4436,19252900,148.9270,151.2267,148.7783,0.0204,0.0675,0.1136,0.0449,0.0517,81.1634,0.0174,0.0122,0.0109,0.9715,-0.0298,0.6914,hold
2024-03-25,149.8290,15114700,149.6308,150.1323,147.4996,-0.0041,0.0180,0.0879,0.0320,0.0463,80.5916,0.0177,0.0144,0.0105,0.8900,-0.2149,0.5613,hold
2024-03-26,150.3742,19312700,149.9182,151.8611,149.7101,0.0036,0.0256,0.0865,0.0273,0.0490,84.5238,0.0177,0.0162,0.0098,0.8656,0.2777,0.7213,hold
2024-03-27,150.6121,16622000,150.8153,151.3556,148.8179,0.0016,0.0151,0.0793,0.0212,0.0495,83.0300,0.0179,0.0175,0.0089,0.8342,-0.1393,0.6375,hold
2024-03-28,150.9293,21105600,150.6716,151.3357,150.0074,0.0021,0.0237,0.0549,0.0179,0.0504,82.5254,0.0168,0.0185,0.0079,0.8107,0.2697,0.8324,buy
2024-04-01,155.1322,24469800,150.5031,155.6279,150.3246,0.0278,0.0312,0.1008,0.0363,0.0779,83.5883,0.0165,0.0207,0.0084,0.9027,0.1594,0.9729,hold
2024-04-02,154.5078,17598100,153.3975,154.6267,152.1188,-0.0040,0.0312,0.0498,0.0271,0.0724,81.1421,0.0115,0.0224,0.0080,0.8451,-0.2808,0.7378,hold
2024-04-03,155.0034,17266200,153.5660,155.1818,152.7849,0.0032,0.0308,0.0571,0.0247,0.0746,80.6603,0.0111,0.0236,0.0074,0.8310,-0.0189,0.7412,sell
2024-04-04,150.6121,24184800,153.7247,154.8150,150.5526,-0.0283,0.0000,0.0151,-0.0058,0.0437,64.4487,0.0152,0.0227,0.0048,0.6634,0.4007,1.0360,buy
2024-04-05,152.5946,16297300,150.3544,153.4867,149.7606,0.0132,0.0110,0.0350,0.0039,0.0569,72.5220,0.0153,0.0219,0.0034,0.7211,-0.3261,0.7100,buy
2024-04-08,154.7754,16641500,152.6690,155.2859,152.6442,0.0143,-0.0023,0.0288,0.0153,0.0716,67.3932,0.0147,0.0222,0.0031,0.7942,0.0211,0.7409,buy
2024-04-09,156.7579,21521500,155.9748,158.4926,155.2710,0.0128,0.0146,0.0462,0.0237,0.0847,71.7817,0.0147,0.0230,0.0034,0.8573,0.2932,0.9604,hold
2024-04-10,156.2821,16339200,156.5002,156.7777,154.8349,-0.0030,0.0082,0.0393,0.0167,0.0810,67.9893,0.0149,0.0235,0.0031,0.8178,-0.2408,0.7335,buy
2024-04-11,159.3848,17841700,156.9562,159.7119,156.5498,0.0199,0.0582,0.0582,0.0310,0.1013,74.7232,0.0157,0.0247,0.0037,0.9471,0.0920,0.8042,sell
2024-04-12,157.7987,16989800,158.0119,160.2868,157.2139,-0.0100,0.0341,0.0455,0.0162,0.0877,66.1727,0.0165,0.0251,0.0031,0.8344,-0.0477,0.8003,sell
2024-04-15,154.9637,21140900,158.8792,159.4244,154.7853,-0.0180,0.0012,-0.0011,-0.0020,0.0662,60.2859,0.0156,0.0240,0.0013,0.6655,0.2443,1.0448,hold
2024-04-16,154.6366,15413200,154.2798,155.8559,153.6949,-0.0021,-0.0135,0.0008,-0.0041,0.0621,58.6138,0.0156,0.0223,-0.0003,0.6251,-0.2709,0.8277,buy
2024-04-17,155.5089,16237800,155.8162,157.2942,154.7704,0.0056,-0.0049,0.0033,0.0011,0.0664,59.6485,0.0156,0.0210,-0.0012,0.6681,0.0535,0.8755,hold
2024-04-18,156.0839,14016100,155.5535,157.0999,154.8448,0.0037,-0.0207,0.0363,0.0013,0.0686,60.0542,0.0119,0.0201,-0.0016,0.6918,-0.1368,0.7634,sell
2024-04-19,154.3591,21479900,156.3713,156.6092,152.5649,-0.0111,-0.0218,0.0116,-0.0109,0.0555,48.3304,0.0123,0.0186,-0.0027,0.5298,0.5325,1.1647,buy
2024-04-22,156.5696,17243900,154.6465,157.7938,154.2996,0.0143,0.0104,0.0116,0.0021,0.0691,54.1667,0.0123,0.0179,-0.0025,0.7082,-0.1972,0.9401,buy
2024-04-23,158.5223,16115400,157.2040,159.0774,156.5844,0.0125,0.0251,0.0113,0.0135,0.0810,56.7159,0.0122,0.0181,-0.0016,0.8584,-0.0654,0.8762,buy
2024-04-24,159.6920,19485700,157.6996,159.9795,157.4320,0.0074,0.0269,0.0218,0.0188,0.0871,69.7584,0.0123,0.0187,-0.0007,0.9247,0.2091,1.0590,sell
2024-04-25,156.5696,36197800,152.0197,156.8967,151.4329,-0.0196,0.0031,-0.0177,0.0006,0.0642,58.2408,0.0123,0.0178,-0.0016,0.6079,0.8577,1.8679,buy
2024-04-26,172.1720,56500800,174.4519,174.8781,169.9020,0.0997,0.1154,0.0911,0.0903,0.1661,73.1714,0.0339,0.0223,0.0038,1.4173,0.5609,2.6716,sell
2024-04-29,166.4326,35914600,169.2775,169.8822,165.6000,-0.0333,0.0630,0.0740,0.0464,0.1236,61.7139,0.0356,0.0251,0.0047,0.9869,-0.3644,1.6534,sell
2024-04-30,163.2011,29420800,165.9172,168.3854,163.0623,-0.0194,0.0295,0.0554,0.0206,0.0984,57.8533,0.0366,0.0253,0.0036,0.7860,-0.1808,1.3186,hold
2024-05-01,164.1230,25223200,164.7276,167.3347,163.4588,0.0056,0.0277,0.0554,0.0208,0.1012,55.6581,0.0366,0.0251,0.0028,0.7995,-0.1427,1.1107,buy
2024-05-02,166.9877,17041100,165.2134,167.0571,164.2419,0.0175,0.0665,0.0699,0.0317,0.1168,60.6478,0.0367,0.0257,0.0030,0.8959,-0.3244,0.7624,hold
2024-05-03,167.5131,22767100,168.0583,168.3656,163.5381,0.0031,-0.0271,0.0852,0.0266,0.1168,65.3641,0.0362,0.0264,0.0030,0.8762,0.3360,1.0040,hold
2024-05-06,168.3458,15147900,167.7411,168.4151,166.4227,0.0050,0.0115,0.0752,0.0243,0.1187,66.5788,0.0362,0.0270,0.0030,0.8685,-0.3347,0.6702,buy
2024-05-07,171.4682,21102400,168.6332,171.9539,168.5143,0.0185,0.0507,0.0817,0.0351,0.1343,68.3038,0.0363,0.0282,0.0037,0.9400,0.3931,0.9345,hold
2024-05-08,169.6641,14569900,169.2577,170.4065,169.0317,-0.0105,0.0338,0.0624,0.0181,0.1178,65.1481,0.0368,0.0286,0.0031,0.8254,-0.3096,0.6478,hold
2024-05-09,170.0804,11937700,169.6542,170.9329,168.4448,0.0025,0.0185,0.0863,0.0124,0.1156,68.0638,0.0357,0.0285,0.0025,0.8080,-0.1807,0.5378,hold
2024-05-10,168.8017,18740500,168.2070,169.8426,166.4425,-0.0075,0.0077,-0.0196,0.0068,0.1028,64.3622,0.0161,0.0278,0.0013,0.7336,0.5699,0.8410,hold
2024-05-13,169.4064,19648600,164.3976,169.4560,164.3113,0.0036,0.0063,0.0179,0.0086,0.1021,63.1971,0.0118,0.0270,0.0004,0.7332,0.0485,0.8847,buy
2024-05-14,170.4274,18729500,170.0904,171.2700,168.9306,0.0060,-0.0061,0.0443,0.0103,0.1034,63.0639,0.0091,0.0264,-0.0000,0.7495,-0.0468,0.8370,buy
2024-05-15,172.3603,20958200,170.7941,172.5249,170.5265,0.0113,0.0159,0.0502,0.0168,0.1102,69.7888,0.0094,0.0264,0.0002,0.7995,0.1190,0.9269,buy
2024-05-16,173.8968,17247300,173.0741,174.7988,172.5289,0.0089,0.0224,0.0414,0.0217,0.1140,53.3385,0.0084,0.0267,0.0007,0.8314,-0.1771,0.7573,buy
2024-05-17,175.7405,16546400,174.0158,175.9437,173.4507,0.0106,0.0411,0.0491,0.0276,0.1198,71.2155,0.0087,0.0275,0.0013,0.8830,-0.0406,0.7345,buy
2024-05-20,176.9003,17495100,175.7603,178.3773,175.6761,0.0066,0.0442,0.0508,0.0292,0.1212,84.4810,0.0087,0.0283,0.0019,0.9013,0.0573,0.7762,buy
2024-05-21,177.9709,14706000,176.8408,178.2484,175.7603,0.0061,0.0443,0.0379,0.0316,0.1223,84.5963,0.0073,0.0291,0.0022,0.9108,-0.1594,0.6545,sell
2024-05-22,176.4443,16189400,176.8408,177.2889,175.2350,-0.0086,0.0237,0.0400,0.0187,0.1073,75.3185,0.0069,0.0290,0.0016,0.8155,0.1009,0.7258,sell
2024-05-23,173.5300,14928400,177.2175,178.3376,173.0146,-0.0165,-0.0021,0.0203,-0.0001,0.0844,64.2823,0.0095,0.0276,-0.0002,0.6660,-0.0779,0.7028,buy
2024-05-24,174.7889,11403600,174.9773,175.7544,173.6688,0.0073,-0.0054,0.0355,0.0037,0.0880,64.9907,0.0090,0.0262,-0.0012,0.7292,-0.2361,0.6006,buy
2024-05-28,176.4642,15655300,174.2041,176.9499,174.1446,0.0096,-0.0025,0.0417,0.0092,0.0936,62.4630,0.0092,0.0255,-0.0013,0.7959,0.3728,0.8710,sell
2024-05-29,175.8496,15023800,175.2648,176.6723,174.7196,-0.0035,-0.0119,0.0318,0.0026,0.0859,66.4039,0.0094,0.0246,-0.0018,0.7433,-0.0403,0.8708,sell
2024-05-30,172.0432,18826300,175.1458,175.1458,171.7160,-0.0216,-0.0249,-0.0018,-0.0189,0.0591,54.4119,0.0118,0.0223,-0.0037,0.4716,0.2531,1.1118,hold
2024-05-31,172.4397,28085200,171.8845,172.8956,169.4758,0.0023,-0.0063,-0.0084,-0.0159,0.0584,58.5151,0.0114,0.0200,-0.0048,0.4791,0.4918,1.6062,hold
2024-06-03,172.8956,20742800,172.3603,174.3230,170.9428,0.0026,-0.0108,-0.0162,-0.0116,0.0579,58.2243,0.0107,0.0182,-0.0053,0.4932,-0.2614,1.1932,buy
2024-06-04,173.5994,14066600,172.9254,173.6589,171.7061,0.0041,-0.0162,-0.0187,-0.0057,0.0592,57.5902,0.0106,0.0168,-0.0052,0.5328,-0.3219,0.8117,buy
2024-06-05,175.5225,15233900,174.9921,176.4146,173.7580,0.0111,-0.0019,-0.0138,0.0067,0.0676,57.5701,0.0111,0.0163,-0.0044,0.6883,0.0830,0.8942,buy
2024-06-06,176.7913,14255800,175.8793,177.1481,175.6613,0.0072,0.0276,0.0020,0.0138,0.0718,57.0193,0.0111,0.0164,-0.0034,0.7763,-0.0642,0.8375,sell
2024-06-07,174.4122,14716300,176.9003,177.8519,174.2536,-0.0135,0.0114,0.0051,-0.0004,0.0544,46.8603,0.0106,0.0154,-0.0036,0.5388,0.0323,0.8576,buy
2024-06-10,175.2856,17099800,175.1069,177.1116,173.0527,0.0050,0.0138,0.0028,0.0043,0.0565,46.1309,0.0104,0.0147,-0.0034,0.6046,0.1620,1.0013,buy
2024-06-11,176.8337,14402400,176.3673,177.0322,174.1046,0.0088,0.0186,0.0021,0.0130,0.0631,47.3361,0.0104,0.0146,-0.0027,0.7646,-0.1577,0.8565,buy
2024-06-12,178.1933,18600400,178.3818,180.6941,176.4268,0.0077,0.0152,0.0133,0.0194,0.0682,54.1292,0.0105,0.0149,-0.0018,0.9112,0.2915,1.1066,sell
2024-06-13,175.3947,15956900,176.4863,177.1512,175.3153,-0.0157,-0.0079,0.0195,0.0015,0.0489,54.4267,0.0092,0.0140,-0.0023,0.5205,-0.1421,0.9636,buy
2024-06-14,177.0123,12361600,174.5135,177.3695,174.5135,0.0092,0.0149,0.0265,0.0081,0.0552,55.1898,0.0094,0.0136,-0.0021,0.7256,-0.2253,0.7577,hold
2024-06-17,177.4192,15272900,175.6329,178.5505,175.1466,0.0023,0.0122,0.0262,0.0078,0.0545,52.3695,0.0094,0.0134,-0.0018,0.7628,0.2355,0.9398,sell
2024-06-18,175.1069,15640300,177.4291,177.5482,174.2832,-0.0130,-0.0098,0.0087,-0.0062,0.0383,48.3005,0.0106,0.0122,-0.0026,0.4595,0.0241,0.9679,buy
2024-06-20,176.3573,16753200,175.3650,177.3795,175.1169,0.0071,-0.0103,0.0048,0.0004,0.0433,61.1802,0.0103,0.0115,-0.0025,0.6509,0.0712,1.0303,buy
2024-06-21,178.8879,58903200,177.1314,181.1228,176.7047,0.0143,0.0199,0.0119,0.0136,0.0554,65.0464,0.0110,0.0119,-0.0016,0.9576,2.5159,3.2019,hold
2024-06-24,179.4139,18198300,179.9002,180.6941,178.8581,0.0029,0.0136,0.0287,0.0137,0.0560,65.1602,0.0097,0.0123,-0.0009,0.9546,-0.6910,0.9805,buy
2024-06-25,184.1674,18797000,179.7662,184.3361,179.7265,0.0265,0.0380,0.0507,0.0354,0.0806,70.6828,0.0123,0.0143,0.0012,1.2242,0.0329,0.9930,hold
2024-06-26,183.9590,13375700,182.7979,184.5147,182.5895,-0.0011,0.0506,0.0403,0.0301,0.0758,67.6992,0.0123,0.0159,0.0022,1.0675,-0.2884,0.7109,buy
2024-06-27,185.4377,13025700,184.2319,186.0728,184.0384,0.0080,0.0515,0.0407,0.0341,0.0805,67.9812,0.0124,0.0174,0.0031,1.0515,-0.0262,0.6960,sell
2024-06-28,182.0239,23032400,184.3064,185.1598,181.9296,-0.0184,0.0175,0.0378,0.0114,0.0573,65.1761,0.0129,0.0174,0.0022,0.7969,0.7682,1.2170,buy
2024-07-01,183.0858,11815900,183.0758,183.9293,181.3391,0.0058,0.0205,0.0343,0.0138,0.0602,65.4360,0.0127,0.0173,0.0017,0.8329,-0.4870,0.6524,buy
2024-07-02,185.1896,12555500,182.0735,185.5270,181.6666,0.0115,0.0056,0.0438,0.0211,0.0686,66.1798,0.0130,0.0178,0.0019,0.9199,0.0626,0.7092,buy
2024-07-03,185.9637,7409100,184.8820,186.1919,183.9739,0.0042,0.0109,0.0620,0.0193,0.0694,65.3952,0.0115,0.0184,0.0021,0.9163,-0.4099,0.4265,buy
2024-07-05,190.4989,14303400,185.8942,190.7966,185.8942,0.0244,0.0273,0.0802,0.0361,0.0915,77.9985,0.0129,0.0201,0.0034,1.0671,0.9305,0.8257,sell
2024-07-08,189.0301,12097600,189.9084,190.2200,187.8790,-0.0077,0.0385,0.0567,0.0225,0.0794,72.4010,0.0135,0.0212,0.0034,0.9225,-0.1542,0.7027,hold
2024-07-09,188.9904,10198500,190.2905,191.3920,188.7820,-0.0002,0.0323,0.0534,0.0170,0.0752,71.8679,0.0136,0.0216,0.0031,0.8759,-0.1570,0.6003,buy
2024-07-10,191.1936,12052900,189.2981,191.8386,189.1691,0.0117,0.0324,0.0382,0.0250,0.0854,80.5273,0.0117,0.0224,0.0033,0.9261,0.1818,0.7201,sell
2024-07-11,185.8743,16452000,189.8836,190.9454,185.3980,-0.0278,-0.0005,0.0104,-0.0046,0.0529,65.6443,0.0154,0.0213,0.0013,0.6553,0.3650,0.9770,hold
2024-07-12,185.3583,14449100,185.4972,187.2538,184.7232,-0.0028,-0.0270,-0.0004,-0.0073,0.0473,61.3906,0.0153,0.0195,-0.0004,0.6148,-0.1217,0.8687,buy
2024-07-15,186.7576,12186000,185.0705,188.4545,185.0705,0.0075,-0.0120,0.0260,-0.0023,0.0525,62.5424,0.0139,0.0184,-0.0012,0.6643,-0.1566,0.7411,sell
2024-07-16,184.0880,12760100,187.5217,188.8912,183.7109,-0.0143,-0.0259,0.0055,-0.0171,0.0355,49.8541,0.0148,0.0164,-0.0027,0.5081,0.0471,0.7750,sell
2024-07-17,181.2299,17376600,183.2743,183.8201,180.2376,-0.0155,-0.0521,-0.0214,-0.0303,0.0178,45.4274,0.0151,0.0135,-0.0047,0.3337,0.3618,1.0487,sell
2024-07-18,177.8559,17877200,182.1430,182.6491,176.8536,-0.0186,-0.0431,-0.0436,-0.0442,-0.0022,38.0551,0.0158,0.0095,-0.0072,0.1087,0.0288,1.0717,hold
2024-07-19,178.0245,14485900,178.9971,180.5849,177.4986,0.0009,-0.0396,-0.0655,-0.0369,-0.0020,42.9815,0.0124,0.0062,-0.0085,0.0986,-0.1897,0.8744,buy
2024-07-22,181.9544,16303900,180.9620,182.8972,180.5154,0.0221,-0.0257,-0.0374,-0.0118,0.0187,48.1962,0.0153,0.0051,-0.0073,0.3310,0.1255,1.1293,hold
2024-07-23,182.2025,23772600,182.4407,183.8102,181.9346,0.0014,-0.0102,-0.0359,-0.0068,0.0187,44.9378,0.0154,0.0045,-0.0064,0.3315,0.4581,1.6154,sell
2024-07-24,173.0428,31250700,174.0550,176.5955,172.2489,-0.0503,-0.0452,-0.0949,-0.0473,-0.0330,32.9492,0.0203,-0.0001,-0.0092,-0.1193,0.3146,2.0373,sell
2024-07-25,167.8724,28967900,172.9237,173.8664,167.7633,-0.0299,-0.0561,-0.0968,-0.0665,-0.0617,20.6337,0.0205,-0.0064,-0.0127,-0.1703,-0.0730,1.7972,hold
2024-07-26,167.3961,25150100,167.4854,168.5473,164.6025,-0.0028,-0.0597,-0.0969,-0.0598,-0.0641,21.1793,0.0205,-0.0116,-0.0143,-0.0571,-0.1318,1.5038,buy
2024-07-29,169.8274,13768900,169.2022,170.8496,168.4282,0.0145,-0.0666,-0.0907,-0.0370,-0.0502,26.0005,0.0213,-0.0141,-0.0134,0.0903,-0.4525,0.8467,hold
2024-07-30,170.5519,13681400,170.5221,171.6336,168.8251,0.0043,-0.0639,-0.0735,-0.0254,-0.0458,23.1543,0.0216,-0.0157,-0.0120,0.1559,-0.0064,0.8365,buy
2024-07-31,171.8320,15650200,173.5886,174.5710,170.4129,0.0075,-0.0070,-0.0519,-0.0128,-0.0382,29.5933,0.0218,-0.0160,-0.0099,0.2266,0.1439,0.9479,hold
2024-08-01,171.1374,17177800,170.6710,174.3428,169.2121,-0.0040,0.0194,-0.0378,-0.0130,-0.0415,29.4404,0.0213,-0.0166,-0.0084,0.2332,0.0976,1.0106,sell
2024-08-02,167.1182,18907800,166.9098,168.9144,165.1235,-0.0235,-0.0017,-0.0613,-0.0300,-0.0629,23.6062,0.0221,-0.0192,-0.0086,0.1470,0.1007,1.0975,sell
2024-08-05,159.4173,34907800,156.1722,164.6769,155.4080,-0.0461,-0.0613,-0.1239,-0.0625,-0.1043,20.7941,0.0230,-0.0255,-0.0115,-0.0035,0.8462,1.9004,hold
2024-08-06,159.3180,36146500,159.7200,161.1143,156.9264,-0.0006,-0.0659,-0.1256,-0.0503,-0.1035,22.2473,0.0228,-0.0295,-0.0124,0.0553,0.0355,1.8380,hold
2024-08-07,159.5264,19334200,161.9975,163.5357,159.0203,0.0013,-0.0716,-0.0781,-0.0413,-0.1007,24.7608,0.0190,-0.0321,-0.0120,0.0999,-0.4651,0.9652,buy
2024-08-08,162.5929,15733600,161.1083,164.2403,160.7967,0.0192,-0.0499,-0.0314,-0.0198,-0.0820,30.3215,0.0190,-0.0317,-0.0096,0.2132,-0.1862,0.7869,buy
2024-08-09,164.1311,13549200,160.4146,164.2601,159.7051,0.0095,-0.0179,-0.0195,-0.0085,-0.0721,25.7951,0.0195,-0.0304,-0.0068,0.2782,-0.1388,0.6792,sell
2024-08-12,162.7021,12435000,164.7315,165.4311,162.3051,-0.0087,0.0206,-0.0420,-0.0129,-0.0792,24.3405,0.0187,-0.0303,-0.0052,0.2566,-0.0822,0.6229,buy
2024-08-13,164.6670,12717600,163.9277,165.2723,163.5158,0.0121,0.0336,-0.0345,0.0026,-0.0673,36.4046,0.0192,-0.0283,-0.0028,0.3359,0.0227,0.6372,sell
2024-08-14,160.7967,22515900,162.9601,163.7044,158.3157,-0.0235,0.0080,-0.0642,-0.0144,-0.0879,38.0087,0.0198,-0.0293,-0.0025,0.2317,0.7705,1.1137,buy
2024-08-15,161.9280,18392500,160.9753,162.2753,160.2608,0.0070,-0.0041,-0.0538,-0.0018,-0.0803,40.9345,0.0202,-0.0284,-0.0015,0.2923,-0.1831,0.9086,buy
2024-08-16,163.4861,16853100,162.1662,165.6792,161.8387,0.0096,-0.0039,-0.0217,0.0101,-0.0702,39.1731,0.0196,-0.0266,0.0001,0.3661,-0.0837,0.8277,buy
2024-08-19,167.1182,13100800,165.7289,167.1877,164.8258,0.0222,0.0271,0.0483,0.0276,-0.0485,44.6671,0.0135,-0.0228,0.0027,0.5343,-0.2226,0.6485,hold
2024-08-20,167.6739,12622500,167.4556,169.1129,167.3762,0.0033,0.0183,0.0524,0.0258,-0.0446,43.3933,0.0134,-0.0196,0.0046,0.6186,-0.0365,0.6426,sell
2024-08-21,166.3540,15269600,165.7189,167.3564,165.3021,-0.0079,0.0346,0.0428,0.0135,-0.0511,42.5479,0.0140,-0.0178,0.0053,0.5676,0.2097,0.8103,sell
2024-08-22,164.2304,19123800,167.7533,168.1305,163.7739,-0.0128,0.0142,0.0101,-0.0005,-0.0619,45.2186,0.0138,-0.0172,0.0049,0.4457,0.2524,1.0421,buy
2024-08-23,166.1556,14281600,165.2823,166.6716,164.3990,0.0117,0.0163,0.0123,0.0100,-0.0496,63.7952,0.0140,-0.0153,0.0052,0.5718,-0.2532,0.8020,hold
2024-08-26,166.6518,11990300,166.8751,168.0907,165.0540,0.0030,-0.0028,0.0243,0.0106,-0.0458,64.7741,0.0136,-0.0135,0.0056,0.6177,-0.1604,0.6767,sell
2024-08-27,165.1136,13718200,166.3342,166.9644,164.8953,-0.0092,-0.0153,0.0027,0.0010,-0.0533,60.6831,0.0136,-0.0129,0.0051,0.5364,0.1441,0.7741,sell
2024-08-28,163.2479,15208700,165.5106,166.1159,162.0372,-0.0113,-0.0187,0.0152,-0.0118,-0.0625,51.3127,0.0116,-0.0131,0.0041,0.4261,0.1087,0.8593,sell
2024-08-29,162.1562,17133800,164.7960,166.3540,160.7490,-0.0067,-0.0126,0.0014,-0.0185,-0.0674,45.9700,0.0117,-0.0137,0.0029,0.3538,0.1266,0.9682,buy
2024-08-30,163.8532,18498800,162.9700,164.0219,162.1662,0.0105,-0.0139,0.0022,-0.0085,-0.0563,52.3237,0.0117,-0.0130,0.0028,0.5291,0.0797,1.0465,sell
2024-09-03,157.4027,26533100,162.0719,162.1364,156.6534,-0.0394,-0.0555,-0.0581,-0.0419,-0.0912,37.5848,0.0147,-0.0161,0.0002,-0.0493,0.4343,1.5374,sell
2024-09-04,156.6088,17410700,156.8718,159.1791,156.2416,-0.0050,-0.0515,-0.0660,-0.0403,-0.0934,42.0015,0.0144,-0.0185,-0.0017,-0.0551,-0.3438,1.0668,buy
2024-09-05,157.3928,14139500,156.5790,159.7894,156.3210,0.0050,-0.0359,-0.0539,-0.0301,-0.0860,41.2217,0.0148,-0.0196,-0.0023,0.0447,-0.1879,0.8803,sell
2024-09-06,150.9720,24999100,157.4821,158.0081,150.7785,-0.0408,-0.0690,-0.0807,-0.0620,-0.1199,29.6153,0.0186,-0.0245,-0.0052,-0.1924,0.7680,1.5128,sell
2024-09-09,148.5971,28057700,152.6613,153.6649,147.2655,-0.0157,-0.0931,-0.1057,-0.0666,-0.1300,18.5415,0.0173,-0.0292,-0.0076,-0.1339,0.1223,1.6265,hold
2024-09-10,149.0641,20401800,150.4950,151.3397,148.6001,0.0031,-0.0530,-0.1055,-0.0532,-0.1239,18.2953,0.0173,-0.0319,-0.0083,-0.0086,-0.2729,1.1560,buy
2024-09-11,151.1907,18991500,150.1373,151.5186,147.7624,0.0143,-0.0346,-0.0843,-0.0311,-0.1081,24.8579,0.0191,-0.0321,-0.0071,0.1299,-0.0691,1.0573,buy
2024-09-12,154.5593,20980800,153.8339,154.6288,152.5321,0.0223,-0.0180,-0.0532,-0.0040,-0.0849,34.6003,0.0213,-0.0298,-0.0042,0.2810,0.1047,1.1731,buy
2024-09-13,157.3714,16733900,155.3761,158.2707,155.1257,0.0182,0.0424,-0.0295,0.0173,-0.0651,36.3969,0.0226,-0.0262,-0.0009,0.3995,-0.2024,0.9400,hold
2024-09-16,157.9875,14157600,157.3317,158.2360,156.6162,0.0039,0.0632,-0.0358,0.0251,-0.0578,36.6322,0.0222,-0.0232,0.0016,0.4337,-0.1540,0.8013,buy
2024-09-17,159.2694,12064800,159.0806,160.5711,158.4049,0.0081,0.0685,0.0119,0.0322,-0.0467,40.9113,0.0185,-0.0198,0.0038,0.4991,-0.1478,0.6849,hold
2024-09-18,159.7960,16756500,159.8358,160.6109,158.6533,0.0033,0.0569,0.0204,0.0335,-0.0402,44.3985,0.0183,-0.0168,0.0054,0.5384,0.3889,0.9402,buy
2024-09-19,162.2107,17548200,163.7807,163.9497,161.4972,0.0151,0.0495,0.0306,0.0458,-0.0223,50.0848,0.0188,-0.0128,0.0072,0.6563,0.0472,0.9784,buy
2024-09-20,163.6019,46362700,163.4826,163.7112,162.1511,0.0086,0.0396,0.0837,0.0463,-0.0113,49.6051,0.0107,-0.0091,0.0087,0.7207,1.6420,2.4024,sell
2024-09-23,162.0418,15648400,164.2975,165.5595,161.9225,-0.0095,0.0257,0.0905,0.0275,-0.0179,58.6105,0.0092,-0.0069,0.0088,0.6667,-0.6625,0.8080,buy
2024-09-24,162.6082,18774100,163.2144,163.5125,161.0084,0.0035,0.0210,0.0909,0.0223,-0.0116,61.2302,0.0092,-0.0048,0.0087,0.7125,0.1997,0.9527,sell
2024-09-25,161.9623,13607900,161.9424,163.1816,161.7487,-0.0040,0.0136,0.0712,0.0114,-0.0129,58.5981,0.0098,-0.0034,0.0081,0.6954,-0.2752,0.6907,buy
2024-09-26,162.7970,18234500,163.9894,164.4565,162.4691,0.0052,0.0036,0.0533,0.0114,-0.0056,78.1723,0.0081,-0.0018,0.0077,0.7399,0.3400,0.9185,buy
2024-09-27,164.2478,13604300,162.8765,165.9172,162.7970,0.0089,0.0039,0.0437,0.0161,0.0050,89.0046,0.0069,0.0001,0.0076,0.8014,-0.2539,0.6914,buy
2024-09-30,166.1358,14070100,163.7410,166.3047,163.6019,0.0115,0.0253,0.0516,0.0226,0.0180,89.7318,0.0073,0.0025,0.0079,0.8776,0.0342,0.7233,buy
2024-10-01,167.3581,18629500,167.7953,169.3653,164.8539,0.0074,0.0292,0.0508,0.0250,0.0273,89.2806,0.0073,0.0049,0.0082,0.8847,0.3240,0.9775,sell
2024-10-02,166.2551,12745000,166.7022,167.8152,165.2018,-0.0066,0.0265,0.0404,0.0142,0.0226,81.9317,0.0081,0.0062,0.0077,0.8019,-0.3159,0.6770,hold
2024-10-03,166.1557,11004300,164.7745,166.8513,164.3273,-0.0006,0.0206,0.0243,0.0112,0.0228,78.1529,0.0072,0.0072,0.0069,0.7703,-0.1366,0.5895,buy
2024-10-04,167.4972,11422100,168.2723,168.4809,165.9073,0.0081,0.0198,0.0238,0.0169,0.0311,79.1236,0.0072,0.0084,0.0065,0.7984,0.0380,0.6349,sell
2024-10-07,163.3535,14034700,168.0735,168.8287,163.0951,-0.0247,-0.0167,0.0081,-0.0090,0.0061,60.6422,0.0107,0.0075,0.0044,0.6013,0.2287,0.8118,buy
2024-10-08,164.6552,11723900,164.3869,165.0527,163.2740,0.0080,-0.0162,0.0126,-0.0023,0.0148,62.1702,0.0109,0.0071,0.0033,0.6514,-0.1646,0.6956,sell
2024-10-09,162.0318,19666400,163.8155,165.2117,160.1041,-0.0159,-0.0254,0.0004,-0.0183,-0.0003,49.5567,0.0122,0.0056,0.0014,0.4593,0.6775,1.1645,hold
2024-10-10,162.1511,12900500,161.0879,163.2750,160.6208,0.0007,-0.0241,-0.0040,-0.0172,0.0016,46.1620,0.0120,0.0043,0.0001,0.4290,-0.3440,0.7826,buy
2024-10-11,163.4827,10946000,162.3002,164.2279,161.4754,0.0082,-0.0240,-0.0047,-0.0086,0.0108,53.8584,0.0120,0.0039,-0.0003,0.5196,-0.1515,0.6759,buy
2024-10-14,165.3011,9981800,163.8702,166.5631,163.7410,0.0111,0.0119,-0.0050,0.0029,0.0222,56.7581,0.0119,0.0044,0.0002,0.6802,-0.0881,0.6244,hold
2024-10-15,165.8476,14829300,166.0861,168.0238,165.0030,0.0033,0.0072,-0.0090,0.0071,0.0248,59.7994,0.0117,0.0050,0.0007,0.7230,0.4856,0.9197,hold
2024-10-16,165.6887,9968500,164.9831,166.2252,164.1743,-0.0010,0.0226,-0.0034,0.0065,0.0230,57.5506,0.0115,0.0054,0.0008,0.6883,-0.3278,0.6315,sell
2024-10-17,163.4727,15113400,166.3246,166.8711,163.3336,-0.0134,0.0082,-0.0161,-0.0053,0.0089,48.0538,0.0123,0.0046,-0.0000,0.3828,0.5161,0.9649,hold
2024-10-18,164.0093,13091300,163.8305,165.3210,163.7112,0.0033,0.0032,-0.0208,0.0001,0.0120,44.2720,0.0119,0.0041,-0.0004,0.4530,-0.1338,0.9351,buy
2024-10-21,164.7546,11384000,163.5423,165.1719,163.2690,0.0045,-0.0033,0.0086,0.0037,0.0165,42.8022,0.0090,0.0040,-0.0003,0.5382,-0.1304,0.8257,buy
2024-10-22,165.7682,11958600,163.6615,166.4141,163.6317,0.0062,-0.0005,0.0068,0.0092,0.0224,48.6472,0.0088,0.0044,0.0001,0.6642,0.0505,0.8894,sell
2024-10-23,163.4429,12754300,165.3806,166.5432,162.6012,-0.0140,-0.0136,0.0087,-0.0058,0.0082,43.2924,0.0084,0.0036,-0.0006,0.3023,0.0665,0.9516,hold
2024-10-24,163.4926,12764400,163.5522,164.0093,161.7437,0.0003,0.0001,0.0083,-0.0063,0.0082,39.4226,0.0084,0.0029,-0.0011,0.3001,0.0008,0.9722,buy
2024-10-25,165.9371,14566400,164.3223,166.3445,164.1882,0.0150,0.0118,0.0150,0.0071,0.0227,57.4972,0.0093,0.0035,-0.0004,0.6720,0.1412,1.1054,buy
2024-10-28,167.2786,20858300,169.5144,169.5303,164.7446,0.0081,0.0153,0.0120,0.0140,0.0305,57.5950,0.0090,0.0045,0.0006,0.8580,0.4319,1.5431,buy
2024-10-29,170.0609,28916100,168.3170,170.7764,167.5965,0.0166,0.0259,0.0254,0.0282,0.0473,73.0331,0.0103,0.0065,0.0021,1.1422,0.3863,2.0608,buy
2024-10-30,175.0294,49698300,181.2599,182.6311,174.6369,0.0292,0.0709,0.0564,0.0523,0.0769,78.9028,0.0131,0.0101,0.0047,1.3050,0.7187,3.1298,sell
2024-10-31,171.6011,32801900,173.6183,177.2950,171.4720,-0.0196,0.0496,0.0497,0.0267,0.0551,66.6531,0.0142,0.0116,0.0049,0.9480,-0.3400,1.9330,hold
2024-11-01,171.5614,21752900,170.4584,172.7240,169.2361,-0.0002,0.0339,0.0460,0.0219,0.0539,63.8521,0.0143,0.0125,0.0046,0.9009,-0.3368,1.2441,sell
2024-11-04,169.6038,16194000,170.1603,170.8360,168.4163,-0.0114,0.0139,0.0294,0.0073,0.0415,57.8229,0.0152,0.0123,0.0034,0.7364,-0.2555,0.9205,hold
2024-11-05,170.3292,12518300,169.7529,171.0119,169.2958,0.0043,0.0016,0.0275,0.0089,0.0454,59.4419,0.0152,0.0121,0.0026,0.7609,-0.2270,0.7099,buy
2024-11-06,177.2056,27061500,174.2444,177.5136,173.9363,0.0404,0.0124,0.0842,0.0411,0.0860,73.4874,0.0179,0.0146,0.0043,1.0924,1.1618,1.5032,buy
2024-11-07,181.1307,16730400,177.9807,181.4288,177.7621,0.0222,0.0555,0.1079,0.0532,0.1077,76.2412,0.0182,0.0180,0.0064,1.1416,-0.3818,0.9195,sell
2024-11-08,178.7259,15021500,180.8524,181.2002,178.4378,-0.0133,0.0418,0.0771,0.0316,0.0907,70.3768,0.0196,0.0200,0.0066,0.9497,-0.1021,0.8165,buy
2024-11-11,180.8226,12503400,178.9346,180.9369,178.8551,0.0117,0.0661,0.0810,0.0356,0.1013,71.2840,0.0196,0.0218,0.0068,0.9653,-0.1676,0.6750,buy
2024-11-12,182.1641,14065800,180.2364,182.8647,179.8488,0.0074,0.0695,0.0712,0.0361,0.1061,77.2254,0.0194,0.0236,0.0070,0.9476,0.1250,0.7609,sell
2024-11-13,179.3520,13969700,181.0015,181.4636,178.9843,-0.0154,0.0121,0.0247,0.0176,0.0860,71.3483,0.0188,0.0239,0.0057,0.8041,-0.0068,0.7476,sell
2024-11-14,176.2318,17925800,178.6166,179.3073,174.9201,-0.0174,-0.0270,0.0270,-0.0027,0.0647,63.6101,0.0186,0.0227,0.0033,0.6669,0.2832,0.9521,sell
2024-11-15,172.7936,21708900,174.5325,174.7710,171.6558,-0.0195,-0.0332,0.0072,-0.0229,0.0412,56.9081,0.0199,0.0199,0.0001,0.5174,0.2110,1.1273,buy
2024-11-18,175.6852,18662800,173.8519,175.7945,173.3202,0.0167,-0.0284,0.0359,-0.0099,0.0552,57.0258,0.0199,0.0182,-0.0010,0.6167,-0.1403,0.9511,buy
2024-11-19,178.4477,15392900,174.1301,179.0340,174.0118,0.0157,-0.0204,0.0477,0.0011,0.0680,54.5192,0.0203,0.0179,-0.0008,0.7106,-0.1752,0.7777,sell
2024-11-20,176.2119,15729800,177.7024,177.9807,174.2245,-0.0125,-0.0175,-0.0056,-0.0109,0.0514,56.2941,0.0165,0.0169,-0.0017,0.5951,0.0219,0.7888,sell
2024-11-21,168.1729,38839400,174.3487,174.4729,164.2677,-0.0456,-0.0457,-0.0715,-0.0491,0.0019,46.2035,0.0198,0.0127,-0.0054,0.1831,1.4692,1.8281,sell
2024-11-22,165.5197,24497000,166.1060,167.2040,164.6652,-0.0158,-0.0421,-0.0739,-0.0571,-0.0149,45.4944,0.0199,0.0074,-0.0088,0.0530,-0.3693,1.1267,buy
2024-11-25,168.3617,21395700,166.9308,169.3852,166.3445,0.0172,-0.0417,-0.0689,-0.0340,0.0008,47.9262,0.0206,0.0044,-0.0092,0.1886,-0.1266,0.9828,buy
2024-11-26,169.5442,14937500,168.4213,170.4137,168.3617,0.0070,-0.0499,-0.0693,-0.0202,0.0066,40.8236,0.0205,0.0026,-0.0087,0.2517,-0.3018,0.7089,hold
2024-11-27,169.7429,12433400,169.6038,170.0609,168.6002,0.0012,-0.0367,-0.0536,-0.0135,0.0066,35.0235,0.0204,0.0013,-0.0080,0.2800,-0.1676,0.6473,hold
2024-11-29,169.4150,9250700,168.9877,169.7926,167.6860,-0.0019,0.0074,-0.0387,-0.0115,0.0038,37.0473,0.0200,0.0001,-0.0074,0.2728,-0.2560,0.5131,buy
2024-12-02,171.8893,16593400,169.2461,172.5054,169.1964,0.0146,0.0385,-0.0052,0.0034,0.0174,37.7017,0.0199,0.0003,-0.0057,0.3931,0.7937,0.9337,hold
2024-12-03,171.9291,15721500,172.0284,173.2209,171.4223,0.0002,0.0212,-0.0214,0.0059,0.0165,35.3859,0.0190,0.0005,-0.0044,0.3876,-0.0525,0.8858,buy
2024-12-04,174.9797,18239800,171.6906,175.3175,171.6608,0.0177,0.0321,-0.0194,0.0258,0.0330,43.7993,0.0192,0.0020,-0.0022,0.5286,0.1602,1.0114,sell
2024-12-05,173.2109,16145500,176.2020,176.5895,172.9128,-0.0101,0.0204,-0.0170,0.0172,0.0212,45.5451,0.0191,0.0024,-0.0015,0.4486,-0.1148,0.9232,buy
2024-12-06,175.3772,13319500,172.7836,175.7240,172.4557,0.0125,0.0352,0.0428,0.0256,0.0324,53.9586,0.0116,0.0036,-0.0002,0.5782,-0.1750,0.7691,buy
2024-12-09,176.1830,19887800,174.8051,177.1181,174.4918,0.0046,0.0250,0.0644,0.0239,0.0357,50.8147,0.0092,0.0049,0.0009,0.6316,0.4931,1.1325,buy
2024-12-10,185.5641,34317400,183.5795,187.0564,181.7241,0.0532,0.0793,0.1022,0.0678,0.0884,59.5739,0.0174,0.0096,0.0046,1.0753,0.7256,1.8399,buy
2024-12-11,195.6915,41664500,185.7333,195.8705,185.2955,0.0546,0.1184,0.1542,0.1094,0.1440,71.6165,0.0223,0.0168,0.0097,1.2749,0.2141,2.0799,sell
2024-12-12,192.6274,25197800,195.2836,195.6865,192.2792,-0.0157,0.1121,0.1348,0.0780,0.1226,80.5054,0.0240,0.0217,0.0116,1.0517,-0.3952,1.2236,sell
2024-12-13,190.3890,18883200,191.7122,193.3337,190.2696,-0.0116,0.0856,0.1238,0.0531,0.1064,81.3472,0.0249,0.0245,0.0114,0.9203,-0.2506,0.9148,buy
2024-12-16,197.1339,32248600,193.3586,199.6011,193.1049,0.0354,0.1189,0.1469,0.0754,0.1417,83.0181,0.0259,0.0280,0.0123,1.0125,0.7078,1.5235,hold
2024-12-17,196.0993,24129500,197.5020,201.8295,195.6716,-0.0052,0.0568,0.1406,0.0559,0.1314,80.5775,0.0263,0.0308,0.0120,0.9219,-0.2518,1.1254,sell
2024-12-18,189.1654,27638400,195.8108,197.6612,188.2999,-0.0354,-0.0333,0.0811,0.0108,0.0883,69.3614,0.0304,0.0309,0.0091,0.7384,0.1454,1.2532,hold
2024-12-19,188.7177,26981200,192.2792,193.5924,188.5387,-0.0024,-0.0203,0.0895,0.0001,0.0824,69.1962,0.0300,0.0295,0.0062,0.7097,-0.0238,1.1930,buy
2024-12-20,191.9609,45319700,186.0417,193.1298,185.4050,0.0172,0.0083,0.0946,0.0084,0.0973,69.6601,0.0301,0.0290,0.0048,0.7564,0.6797,1.9756,buy
2024-12-23,194.9752,15235900,193.0253,195.4726,190.6377,0.0157,-0.0110,0.1067,0.0143,0.1105,71.3307,0.0301,0.0294,0.0045,0.7958,-0.6638,0.6778,hold
2024-12-24,196.5470,6809800,195.1542,196.6465,194.1873,0.0081,0.0023,0.0592,0.0166,0.1155,70.5238,0.0261,0.0301,0.0043,0.8011,-0.5530,0.3131,hold
2024-12-26,196.0795,7907900,195.7213,197.1340,194.8558,-0.0024,0.0366,0.0020,0.0140,0.1090,72.3147,0.0198,0.0304,0.0036,0.7640,0.1613,0.3696,sell
2024-12-27,193.0353,14693000,195.4527,195.7810,190.9780,-0.0155,0.0229,0.0021,-0.0019,0.0885,66.9402,0.0198,0.0295,0.0018,0.6726,0.8580,0.6831,sell
2024-12-30,191.6923,12209500,189.8767,192.7766,189.3743,-0.0070,-0.0014,0.0068,-0.0096,0.0775,64.7270,0.0195,0.0276,-0.0002,0.6206,-0.1690,0.5638,sell
2024-12-31,189.4539,14355200,191.4485,192.2494,188.5984,-0.0117,-0.0283,-0.0390,-0.0172,0.0618,54.2732,0.0155,0.0251,-0.0024,0.5407,0.1757,0.6663,hold
2025-01-02,189.6429,17545200,190.4935,192.1996,187.7329,0.0010,-0.0351,-0.0329,-0.0129,0.0599,41.4989,0.0156,0.0226,-0.0039,0.5229,0.2222,0.8109,buy
2025-01-03,192.1300,12875000,191.7271,193.4929,190.3592,0.0131,-0.0201,0.0157,-0.0015,0.0707,49.2894,0.0115,0.0212,-0.0040,0.5825,-0.2662,0.6025,buy
2025-01-06,196.9350,19483300,194.1395,198.5267,194.0500,0.0250,0.0202,0.0435,0.0191,0.0934,58.7129,0.0135,0.0216,-0.0024,0.7441,0.5133,0.9047,sell
2025-01-07,195.6915,16966800,197.2434,201.0933,194.9254,-0.0063,0.0209,0.0194,0.0107,0.0826,47.7505,0.0131,0.0216,-0.0020,0.6868,-0.1292,0.7813,sell
2025-01-08,194.3783,14335300,192.9457,196.6166,192.7468,-0.0067,0.0260,-0.0031,0.0042,0.0720,47.3393,0.0124,0.0209,-0.0023,0.6123,-0.1551,0.6686,sell
2025-01-10,192.1698,20753800,194.4081,196.5967,190.6079,-0.0114,0.0133,-0.0223,-0.0049,0.0569,55.4395,0.0125,0.0193,-0.0033,0.4065,0.4477,0.9996,sell
2025-01-13,191.2943,13169100,190.3592,191.4933,187.6831,-0.0046,-0.0043,-0.0244,-0.0070,0.0496,54.5938,0.0125,0.0174,-0.0043,0.3468,-0.3655,0.6810,sell
2025-01-14,190.0607,13651200,191.5032,192.2693,188.6580,-0.0064,-0.0349,-0.0154,-0.0119,0.0411,46.3508,0.0117,0.0152,-0.0053,0.2546,0.0366,0.7277,buy
2025-01-15,195.9600,12894900,193.3437,196.7758,192.3289,0.0310,0.0014,0.0223,0.0165,0.0706,51.7027,0.0154,0.0152,-0.0037,0.7429,-0.0554,0.6985,sell
2025-01-16,193.4034,13449600,194.8110,195.9601,193.2939,-0.0130,-0.0050,0.0208,0.0012,0.0541,44.7438,0.0155,0.0146,-0.0037,0.5397,0.0430,0.7677,buy
2025-01-17,196.5271,22109100,197.0245,197.7806,194.2987,0.0162,0.0227,0.0363,0.0138,0.0680,50.6874,0.0161,0.0148,-0.0026,0.8204,0.6438,1.2692,buy
2025-01-21,198.5963,19005200,199.4718,202.7845,198.4073,0.0105,0.0382,0.0337,0.0211,0.0759,58.8032,0.0159,0.0156,-0.0012,0.9465,-0.1404,1.1188,hold
2025-01-22,198.9942,15477400,199.5116,201.0734,198.1685,0.0020,0.0470,0.0105,0.0220,0.0756,61.9156,0.0140,0.0164,-0.0004,0.9326,-0.1856,0.9430,hold
2025-01-23,198.5466,15170800,198.9445,200.8944,195.8009,-0.0022,0.0132,0.0146,0.0182,0.0711,65.7587,0.0139,0.0166,-0.0001,0.8499,-0.0198,1.0178,buy
2025-01-24,200.8546,12732400,198.8152,201.5211,198.7495,0.0116,0.0385,0.0333,0.0267,0.0810,68.1016,0.0139,0.0174,0.0007,0.9647,-0.1607,0.8615,sell
2025-01-27,192.7667,24970200,193.1845,197.6413,191.7022,-0.0403,-0.0191,0.0031,-0.0150,0.0361,50.8705,0.0192,0.0153,-0.0017,0.3775,0.9612,1.5917,buy
2025-01-28,196.0496,15939200,193.6421,196.2087,191.6127,0.0170,-0.0128,0.0249,-0.0006,0.0522,48.7369,0.0198,0.0140,-0.0021,0.6222,-0.3617,0.9907,hold
2025-01-29,196.1590,12287800,196.3480,197.4324,194.1793,0.0006,-0.0142,0.0321,-0.0032,0.0509,50.6893,0.0196,0.0131,-0.0024,0.6186,-0.2291,0.7695,buy
2025-01-30,201.5808,14571500,198.7256,202.1856,198.4391,0.0276,0.0153,0.0287,0.0214,0.0770,59.4715,0.0191,0.0141,-0.0008,0.9488,0.1859,0.9058,buy
2025-01-31,204.5354,17060300,202.6602,206.0077,202.5259,0.0147,0.0183,0.0576,0.0306,0.0891,65.9482,0.0185,0.0159,0.0010,1.0509,0.1708,1.0517,sell
2025-02-03,201.5907,16719500,201.1679,204.1574,200.6158,-0.0144,0.0458,0.0258,0.0132,0.0705,62.6066,0.0191,0.0164,0.0010,0.8339,-0.0200,1.0333,buy
2025-02-04,206.6345,28285400,203.4411,207.6193,203.2023,0.0250,0.0540,0.0405,0.0344,0.0940,68.5607,0.0203,0.0179,0.0023,1.0444,0.6918,1.6686,sell
2025-02-05,192.2991,43666400,192.1002,193.5426,188.9267,-0.0694,-0.0197,-0.0336,-0.0342,0.0164,46.5518,0.0309,0.0148,-0.0016,0.2438,0.5438,2.4044,hold
2025-02-06,192.3090,20816600,190.0011,192.8263,189.5036,0.0001,-0.0460,-0.0314,-0.0311,0.0138,48.9173,0.0309,0.0110,-0.0043,0.2597,-0.5233,1.1342,sell
2025-02-07,186.1710,29565700,191.7420,192.0156,184.1416,-0.0319,-0.0898,-0.0731,-0.0550,-0.0207,40.3306,0.0317,0.0057,-0.0081,0.0079,0.4203,1.5467,hold
2025-02-10,187.2255,16606000,188.0811,189.0062,186.6386,0.0057,-0.0713,-0.0287,-0.0470,-0.0171,39.1782,0.0296,0.0015,-0.0097,0.0959,-0.4383,0.8783,hold
2025-02-11,186.1014,13028100,185.8676,187.8224,185.1165,-0.0060,-0.0994,-0.0507,-0.0479,-0.0247,37.8969,0.0288,-0.0022,-0.0108,0.0831,-0.2155,0.6893,sell
2025-02-12,184.4698,17632300,184.2709,185.8626,182.6792,-0.0088,-0.0407,-0.0596,-0.0506,-0.0347,37.0729,0.0288,-0.0059,-0.0116,0.0564,0.3534,0.9232,buy
2025-02-13,186.9072,12729300,184.9673,187.0166,183.9227,0.0132,-0.0281,-0.0728,-0.0307,-0.0237,37.2220,0.0272,-0.0075,-0.0106,0.1867,-0.2781,0.6668,hold
2025-02-14,185.9024,12714200,185.8626,187.1758,185.1463,-0.0054,-0.0014,-0.0911,-0.0265,-0.0304,42.7733,0.0262,-0.0092,-0.0098,0.1779,-0.0012,0.6673,hold
2025-02-18,184.8379,19796000,186.4694,186.8077,182.6294,-0.0057,-0.0128,-0.0831,-0.0235,-0.0373,37.6181,0.0261,-0.0109,-0.0093,0.1759,0.5570,1.0453,hold
2025-02-19,186.1611,13120500,185.2209,186.3899,184.5395,0.0072,0.0003,-0.0991,-0.0058,-0.0315,39.2467,0.0241,-0.0115,-0.0078,0.2483,-0.3372,0.7037,hold
2025-02-20,185.6736,12063800,185.5343,186.1511,183.6442,-0.0026,0.0065,-0.0345,-0.0048,-0.0353,30.8594,0.0122,-0.0121,-0.0067,0.2571,-0.0805,0.6530,sell
2025-02-21,180.6398,19520800,186.3202,186.4993,180.1921,-0.0271,-0.0335,-0.0607,-0.0257,-0.0620,22.6174,0.0142,-0.0149,-0.0076,0.1342,0.6181,1.0444,hold
2025-02-24,180.2518,18734000,182.8483,184.1316,179.9434,-0.0021,-0.0304,-0.0318,-0.0247,-0.0644,24.0252,0.0109,-0.0170,-0.0077,0.1603,-0.0403,0.9864,sell
2025-02-25,176.4516,20832500,179.2222,179.8240,175.8547,-0.0211,-0.0454,-0.0575,-0.0397,-0.0832,12.1129,0.0118,-0.0204,-0.0088,0.0971,0.1120,1.1090,sell
2025-02-26,173.7954,23637200,176.0288,177.1579,172.6912,-0.0151,-0.0664,-0.0661,-0.0477,-0.0950,17.1378,0.0121,-0.0242,-0.0099,0.0820,0.1346,1.2331,sell
2025-02-27,169.3287,25930500,175.0290,175.6756,168.8730,-0.0257,-0.0880,-0.0821,-0.0645,-0.1161,14.7651,0.0136,-0.0295,-0.0118,0.0381,0.0970,1.3062,buy
2025-02-28,171.3282,30049800,169.4182,171.6068,167.5181,0.0118,-0.0515,-0.0834,-0.0452,-0.1039,23.9343,0.0133,-0.0314,-0.0112,0.1292,0.1589,1.4569,sell
2025-03-03,167.7867,24122000,172.8304,174.0939,166.7720,-0.0207,-0.0692,-0.0974,-0.0554,-0.1197,18.6054,0.0138,-0.0352,-0.0117,0.0787,-0.1973,1.1498,buy
2025-03-04,171.7162,30711400,167.0704,174.2580,166.6725,0.0234,-0.0268,-0.0710,-0.0261,-0.0968,28.6977,0.0174,-0.0346,-0.0093,0.2015,0.2732,1.4167,buy
2025-03-05,174.0839,18848000,171.4277,174.8400,170.0449,0.0138,0.0017,-0.0649,-0.0058,-0.0828,34.9481,0.0181,-0.0328,-0.0063,0.2663,-0.3863,0.8888,hold
2025-03-06,173.3080,19082400,171.6565,175.8149,171.6148,-0.0045,0.0235,-0.0666,-0.0032,-0.0854,29.2941,0.0181,-0.0319,-0.0042,0.2632,0.0124,0.9552,buy
2025-03-07,174.8400,16395300,172.3450,175.9840,171.3581,0.0088,0.0205,-0.0321,0.0089,-0.0757,33.4227,0.0171,-0.0298,-0.0018,0.3344,-0.1408,0.8299,sell
2025-03-10,167.1313,28990700,169.4718,169.7606,164.8954,-0.0441,-0.0039,-0.0728,-0.0282,-0.1138,27.8725,0.0215,-0.0329,-0.0029,0.1047,0.7682,1.4696,sell
2025-03-11,165.3087,23705900,166.0058,167.9729,162.5798,-0.0109,-0.0373,-0.0631,-0.0325,-0.1206,24.2627,0.0210,-0.0352,-0.0039,0.0936,-0.1823,1.1804,buy
2025-03-12,168.3165,19880100,167.7886,168.8443,164.8107,0.0182,-0.0331,-0.0315,-0.0117,-0.1019,29.8315,0.0220,-0.0342,-0.0028,0.2240,-0.1614,0.9733,sell
2025-03-13,164.0638,15206200,167.3006,167.4400,163.4064,-0.0253,-0.0533,-0.0311,-0.0337,-0.1219,30.3830,0.0220,-0.0365,-0.0034,0.1258,-0.2351,0.7489,buy
2025-03-14,166.9420,18611100,164.6464,167.5695,163.8446,0.0175,-0.0452,-0.0256,-0.0142,-0.1041,35.1253,0.0225,-0.0352,-0.0021,0.2441,0.2239,0.9036,hold
2025-03-17,165.8963,17839100,166.6482,167.7787,165.1394,-0.0063,-0.0074,-0.0113,-0.0193,-0.1075,37.4297,0.0216,-0.0349,-0.0013,0.2316,-0.0415,0.8554,sell
2025-03-18,162.0121,24616800,165.2888,165.7668,158.1577,-0.0234,-0.0199,-0.0565,-0.0367,-0.1258,36.3660,0.0208,-0.0369,-0.0020,0.1279,0.3799,1.1670,buy
2025-03-19,165.6075,24955700,163.2520,167.4530,162.3905,0.0222,-0.0161,-0.0487,-0.0104,-0.1038,45.6058,0.0218,-0.0348,-0.0005,0.2733,0.0138,1.1507,sell
2025-03-20,164.3824,19981500,163.1624,166.3544,162.4802,-0.0074,0.0019,-0.0515,-0.0124,-0.1073,41.6451,0.0219,-0.0343,0.0002,0.2301,-0.1993,0.9049,buy
2025-03-21,165.5776,29882100,162.7192,165.7967,162.3706,0.0073,-0.0082,-0.0530,0.0003,-0.0979,47.1838,0.0217,-0.0324,0.0014,0.3020,0.4955,1.3222,buy
2025-03-24,169.2427,18742800,168.5804,169.8104,166.7628,0.0221,0.0202,0.0126,0.0212,-0.0754,46.8252,0.0184,-0.0284,0.0038,0.5235,-0.3728,0.8293,buy
2025-03-25,172.0911,13841600,170.4876,172.2107,169.8602,0.0168,0.0622,0.0410,0.0341,-0.0577,47.4735,0.0184,-0.0237,0.0063,0.7281,-0.2615,0.6221,sell
2025-03-26,166.4640,22498000,170.6072,171.2446,166.1861,-0.0327,0.0052,-0.0110,0.0014,-0.0861,42.2734,0.0210,-0.0236,0.0060,0.3748,0.6254,1.0137,sell
2025-03-27,163.4164,21571200,166.0357,166.7628,163.1873,-0.0183,-0.0059,-0.0039,-0.0165,-0.1002,37.5299,0.0202,-0.0244,0.0046,0.1966,-0.0412,0.9816,sell
2025-03-28,155.4288,34866500,161.7033,163.1475,154.7107,-0.0489,-0.0613,-0.0690,-0.0581,-0.1403,37.3028,0.0242,-0.0299,0.0005,-0.1389,0.6163,1.5693,hold
2025-03-31,155.5981,33591600,154.1839,156.4945,151.5944,0.0011,-0.0806,-0.0621,-0.0511,-0.1357,39.0720,0.0244,-0.0327,-0.0019,-0.0203,-0.0366,1.4804,buy
2025-04-01,158.2374,20111400,154.6719,159.4325,154.6271,0.0170,-0.0805,-0.0233,-0.0328,-0.1173,38.5624,0.0245,-0.0326,-0.0019,0.1479,-0.4013,0.9075,hold
2025-04-02,158.2175,17113300,156.3252,159.6267,155.8969,-0.0001,-0.0495,-0.0446,-0.0285,-0.1135,42.6606,0.0230,-0.0326,-0.0015,0.1775,-0.1491,0.7753,sell
2025-04-03,152.0127,28416100,152.2169,154.0614,151.5645,-0.0392,-0.0698,-0.0752,-0.0595,-0.1437,32.7025,0.0256,-0.0368,-0.0036,-0.0251,0.6605,1.2606,sell
2025-04-04,147.1425,39832200,149.2937,152.4708,146.9433,-0.0320,-0.0533,-0.1113,-0.0791,-0.1663,30.0403,0.0261,-0.0426,-0.0066,-0.1159,0.4017,1.6798,buy
2025-04-07,148.6364,47823000,142.8101,154.3034,142.0830,0.0102,-0.0447,-0.1218,-0.0576,-0.1528,35.0011,0.0246,-0.0444,-0.0070,0.0277,0.2006,1.9397,sell
2025-04-08,145.9871,35304400,152.9538,153.8153,144.6227,-0.0178,-0.0774,-0.1517,-0.0588,-0.1635,27.5217,0.0223,-0.0479,-0.0079,0.0208,-0.2618,1.3991,buy
2025-04-09,160.4086,46479500,145.7382,161.2153,145.2202,0.0988,0.0138,-0.0364,0.0382,-0.0771,46.5043,0.0417,-0.0379,-0.0011,0.5013,0.3165,1.7497,sell
2025-04-10,154.7416,35270500,158.1179,159.3828,151.5844,-0.0353,0.0180,-0.0531,0.0072,-0.1054,41.1631,0.0428,-0.0371,0.0008,0.3291,-0.2412,1.2794,buy
2025-04-11,158.7553,22582000,154.9557,159.2134,154.9557,0.0259,0.0789,0.0214,0.0311,-0.0776,41.4957,0.0407,-0.0321,0.0039,0.4750,-0.3597,0.8133,buy
2025-04-14,160.8169,18255900,161.6535,163.3666,159.2732,0.0130,0.0819,0.0335,0.0409,-0.0609,40.7395,0.0408,-0.0271,0.0067,0.5546,-0.1916,0.6570,sell
2025-04-15,158.0382,15690800,160.9165,161.3946,157.0074,-0.0173,0.0825,-0.0013,0.0231,-0.0724,42.7394,0.0410,-0.0251,0.0075,0.4652,-0.1405,0.5739,sell
2025-04-16,154.8711,16921500,154.8412,157.5402,153.2875,-0.0200,-0.0345,-0.0212,0.0047,-0.0854,42.6516,0.0415,-0.0249,0.0067,0.3717,0.0784,0.6281,sell
2025-04-17,152.7397,19513400,155.9766,156.4347,150.2897,-0.0138,-0.0129,0.0048,-0.0096,-0.0938,47.4286,0.0397,-0.0255,0.0052,0.3162,0.1532,0.7250,sell
2025-04-21,149.2539,16147800,150.3544,150.4490,147.7998,-0.0228,-0.0598,0.0143,-0.0335,-0.1099,44.2952,0.0389,-0.0279,0.0028,0.2220,-0.1725,0.6157,buy
2025-04-22,153.2775,15910300,150.4590,153.9847,150.2598,0.0270,-0.0469,0.0312,-0.0104,-0.0823,45.6484,0.0397,-0.0261,0.0030,0.3834,-0.0147,0.6099,buy
2025-04-23,157.0821,18575700,157.2713,159.3728,155.7176,0.0248,-0.0060,0.0760,0.0069,-0.0561,49.0659,0.0394,-0.0225,0.0048,0.5714,0.1675,0.7057,buy
2025-04-24,160.8169,30787500,157.8838,161.0560,157.4506,0.0238,0.0384,0.0025,0.0306,-0.0308,57.5504,0.0245,-0.0175,0.0073,0.7851,0.6574,1.1514,buy
2025-04-25,163.1873,35148100,166.4241,167.5595,162.3407,0.0147,0.0684,0.0546,0.0402,-0.0139,64.3762,0.0213,-0.0125,0.0095,0.9093,0.1416,1.2820,sell
2025-04-28,161.7631,20871200,163.5956,164.2829,159.7313,-0.0087,0.0838,0.0189,0.0291,-0.0196,61.7763,0.0204,-0.0094,0.0103,0.8059,-0.4062,0.7812,hold
2025-04-29,161.4045,15955200,161.3896,162.0220,158.7453,-0.0022,0.0530,0.0037,0.0265,-0.0188,64.4242,0.0200,-0.0070,0.0102,0.7651,-0.2355,0.6176,sell
2025-04-30,160.2393,20639500,159.2134,160.7213,156.5194,-0.0072,0.0201,0.0139,0.0176,-0.0230,49.7893,0.0193,-0.0056,0.0094,0.7019,0.2936,0.7981,buy
2025-05-01,162.1316,21904300,161.8627,163.2769,160.2791,0.0118,0.0082,0.0469,0.0249,-0.0085,60.1477,0.0179,-0.0034,0.0091,0.7740,0.0613,0.8392,buy
2025-05-02,165.1394,16844900,164.2878,166.0258,162.9981,0.0186,0.0120,0.0812,0.0358,0.0124,59.0155,0.0171,-0.0003,0.0096,0.8647,-0.2310,0.6600,hold
2025-05-05,165.3784,15309300,163.8496,166.4242,163.8048,0.0014,0.0223,0.1080,0.0269,0.0158,56.7912,0.0136,0.0023,0.0097,0.8457,-0.0912,0.6301,sell
2025-05-06,164.5318,10691900,163.2969,166.0656,162.4702,-0.0051,0.0194,0.0734,0.0146,0.0125,60.2580,0.0130,0.0039,0.0091,0.7838,-0.3016,0.4765,sell
2025-05-07,152.1820,78729800,165.3983,166.3146,148.8854,-0.0751,-0.0503,-0.0312,-0.0587,-0.0607,46.7073,0.0279,-0.0010,0.0037,0.1429,6.3635,3.1989,buy
2025-05-08,155.1201,38387500,155.2894,156.7733,153.4767,0.0193,-0.0432,-0.0354,-0.0372,-0.0403,52.8582,0.0274,-0.0035,0.0009,0.3169,-0.5124,1.5858,sell
2025-05-09,153.7556,22871000,154.9209,155.7973,153.2078,-0.0088,-0.0689,-0.0578,-0.0400,-0.0469,55.6956,0.0267,-0.0061,-0.0013,0.2497,-0.4042,0.9696,buy
2025-05-12,158.9346,31884900,158.4565,159.7911,157.2514,0.0337,-0.0390,-0.0175,-0.0059,-0.0133,56.9540,0.0294,-0.0052,-0.0005,0.5211,0.3941,1.3257,hold
2025-05-13,160.2393,24944300,159.2732,161.4045,156.9426,0.0082,-0.0261,-0.0072,0.0030,-0.0043,54.1351,0.0295,-0.0039,0.0006,0.5913,-0.2177,1.0229,buy
2025-05-14,166.1353,31769200,160.6576,167.6591,160.2791,0.0368,0.0917,0.0368,0.0360,0.0331,56.5926,0.0316,0.0000,0.0035,0.8581,0.2736,1.2612,hold
2025-05-15,164.7310,22717600,166.4640,166.8325,163.1773,-0.0085,0.0620,0.0160,0.0256,0.0255,51.9605,0.0317,0.0023,0.0047,0.7607,-0.2849,0.8916,buy
2025-05-16,166.7528,36271400,168.2467,169.9598,166.2748,0.0123,0.0845,0.0098,0.0372,0.0390,56.2422,0.0314,0.0051,0.0059,0.8254,0.5966,1.3782,hold
2025-05-19,167.1910,21374700,165.0448,167.2707,164.7460,0.0026,0.0519,0.0110,0.0387,0.0427,57.2246,0.0314,0.0073,0.0066,0.8322,-0.4107,0.8042,sell
2025-05-20,164.6513,33563300,167.0814,168.9937,163.5956,-0.0152,0.0275,0.0007,0.0229,0.0272,55.3258,0.0318,0.0080,0.0057,0.6771,0.5702,1.2222,buy
2025-05-21,169.3722,45567600,164.2828,173.8241,164.2231,0.0287,0.0195,0.1130,0.0411,0.0561,58.1814,0.0185,0.0103,0.0065,0.8952,0.3577,1.5816,buy
2025-05-22,171.2844,45024100,172.6489,177.4096,171.1848,0.0113,0.0398,0.1042,0.0425,0.0676,57.1198,0.0183,0.0129,0.0073,0.9319,-0.0119,1.5250,sell
2025-05-23,168.9041,24963600,169.5913,170.5125,168.5754,-0.0139,0.0129,0.0985,0.0186,0.0521,53.8918,0.0190,0.0140,0.0066,0.7867,-0.4456,0.8604,buy
2025-05-27,173.2763,24341300,170.6072,173.5851,170.5175,0.0259,0.0364,0.0902,0.0360,0.0785,58.9555,0.0180,0.0161,0.0072,0.9310,-0.0249,0.8340,hold
2025-05-28,172.6788,25999200,173.2763,175.7662,172.3152,-0.0034,0.0488,0.0776,0.0248,0.0739,77.6464,0.0184,0.0177,0.0070,0.8586,0.0681,0.8757,hold
2025-05-29,172.2605,21174700,174.2922,174.6906,171.0852,-0.0024,0.0171,0.0369,0.0186,0.0699,74.8054,0.0155,0.0186,0.0063,0.8061,-0.1856,0.7126,hold
2025-05-30,172.1509,36258300,171.7127,172.7385,167.8434,-0.0006,0.0051,0.0450,0.0135,0.0684,77.6248,0.0150,0.0190,0.0053,0.7731,0.7123,1.1914,sell
2025-06-02,169.6809,24742900,168.3264,170.3701,167.9679,-0.0143,0.0046,0.0176,-0.0027,0.0524,67.5675,0.0158,0.0182,0.0035,0.6646,-0.3176,0.8026,sell
2025-06-03,167.0317,25386700,168.1820,169.1132,166.0058,-0.0156,-0.0360,-0.0010,-0.0182,0.0357,60.6363,0.0167,0.0161,0.0009,0.5580,0.0260,0.8102,buy
2025-06-04,168.7049,18508700,167.5994,168.8941,167.1163,0.0100,-0.0230,0.0246,-0.0107,0.0462,54.6369,0.0160,0.0148,-0.0002,0.6144,-0.2709,0.5834,hold
2025-06-05,169.1232,25375400,170.9258,171.6629,168.6650,0.0025,-0.0182,-0.0015,-0.0081,0.0492,58.2184,0.0132,0.0138,-0.0009,0.6120,0.3710,0.8733,buy
2025-06-06,174.2125,22258100,171.6031,175.1188,171.6031,0.0301,0.0120,0.0171,0.0200,0.0797,62.5209,0.0160,0.0149,0.0005,0.8208,-0.1228,0.7879,buy
2025-06-09,177.1242,18817600,175.3692,177.4084,175.1598,0.0167,0.0439,0.0487,0.0320,0.0959,65.3943,0.0156,0.0169,0.0022,0.9663,-0.1546,0.6709,buy
2025-06-10,179.4974,32908000,177.2538,181.9255,175.9725,0.0134,0.0746,0.0359,0.0421,0.1073,73.1276,0.0142,0.0193,0.0039,1.0415,0.7488,1.1712,sell
2025-06-11,178.2809,18994400,180.7139,181.2325,177.4931,-0.0068,0.0568,0.0324,0.0317,0.0967,65.5792,0.0144,0.0208,0.0042,0.9439,-0.4228,0.6832,sell
2025-06-12,176.4661,17345900,176.9746,177.6228,175.6085,-0.0102,0.0434,0.0244,0.0187,0.0831,59.0924,0.0149,0.0210,0.0033,0.8047,-0.0868,0.6406,sell
2025-06-13,175.3792,20873200,173.0857,177.8352,173.0758,-0.0062,0.0067,0.0188,0.0105,0.0742,61.9024,0.0152,0.0204,0.0021,0.7208,0.2034,0.7734,buy
2025-06-16,177.4333,18132500,175.4041,177.7374,175.3194,0.0117,0.0017,0.0457,0.0178,0.0834,58.3532,0.0143,0.0202,0.0017,0.8108,-0.1313,0.6953,hold
2025-06-17,176.7253,17656100,176.4960,178.2061,175.4390,-0.0040,-0.0154,0.0580,0.0082,0.0752,58.0954,0.0128,0.0199,0.0010,0.7436,-0.0263,0.6818,sell
2025-06-18,173.4846,32531800,176.7752,177.3177,172.3478,-0.0183,-0.0269,0.0283,-0.0130,0.0523,52.2004,0.0148,0.0181,-0.0008,0.5226,0.8425,1.2588,sell
2025-06-20,167.2524,55402600,174.3671,174.8656,165.7965,-0.0359,-0.0522,-0.0111,-0.0475,0.0119,42.7832,0.0192,0.0139,-0.0046,0.1187,0.7030,2.1038,sell
2025-06-23,165.5373,36975600,166.8436,168.0003,162.8649,-0.0103,-0.0561,-0.0498,-0.0525,0.0009,43.7565,0.0159,0.0092,-0.0076,0.0640,-0.3326,1.4258,buy
2025-06-24,167.2624,27310300,167.2075,168.7681,166.4347,0.0104,-0.0573,-0.0557,-0.0372,0.0098,50.3575,0.0151,0.0061,-0.0085,0.1805,-0.2614,1.0484,buy
2025-06-25,171.0017,23627400,168.1698,172.8664,168.0810,0.0224,-0.0324,-0.0473,-0.0109,0.0308,53.3457,0.0165,0.0053,-0.0071,0.4081,-0.1349,0.9083,buy
2025-06-26,173.9333,25909100,172.8913,174.1527,170.3735,0.0171,0.0026,-0.0244,0.0086,0.0468,56.5286,0.0179,0.0060,-0.0050,0.5766,0.0966,0.9961,buy
2025-06-27,177.7624,74053100,174.1327,178.3307,172.2182,0.0220,0.0628,0.0073,0.0300,0.0673,54.9888,0.0192,0.0081,-0.0021,0.7754,1.8582,2.5844,hold
2025-06-30,176.8849,43964600,180.2702,181.0630,175.0003,-0.0049,0.0686,0.0086,0.0241,0.0593,49.6433,0.0191,0.0094,-0.0007,0.7083,-0.4063,1.5140,hold
2025-07-01,176.4063,25778500,176.3016,176.7154,174.1627,-0.0027,0.0547,-0.0058,0.0219,0.0534,45.1166,0.0188,0.0101,0.0000,0.6637,-0.4137,0.8861,buy
2025-07-02,179.2481,19325900,176.0423,179.4226,175.5886,0.0161,0.0482,0.0143,0.0369,0.0666,51.4534,0.0194,0.0116,0.0013,0.7945,-0.2503,0.6713,hold
2025-07-03,180.0359,13287400,179.3080,180.2553,177.6826,0.0044,0.0351,0.0378,0.0375,0.0679,55.5350,0.0181,0.0131,0.0023,0.8071,-0.3125,0.4658,sell
2025-07-07,177.0544,20991400,179.6221,179.8265,176.1370,-0.0166,-0.0040,0.0586,0.0146,0.0477,52.4533,0.0139,0.0131,0.0016,0.6191,0.5798,0.7416,sell
2025-07-08,174.6613,24108600,178.2709,178.2809,173.4248,-0.0135,-0.0126,0.0551,-0.0044,0.0318,45.9804,0.0144,0.0118,0.0002,0.4756,0.1485,0.8489,buy
2025-07-09,177.1541,31288000,175.6085,179.7666,173.3849,0.0143,0.0042,0.0591,0.0042,0.0448,50.5911,0.0146,0.0115,0.0000,0.6236,0.2978,1.0780,buy
2025-07-10,178.1911,24693700,176.1669,179.0786,175.2396,0.0059,-0.0059,0.0420,0.0060,0.0489,56.9087,0.0134,0.0116,0.0002,0.6920,-0.2108,0.8630,buy
2025-07-11,180.7937,23975700,177.4034,182.0900,177.0355,0.0146,0.0042,0.0394,0.0167,0.0618,72.2478,0.0131,0.0126,0.0011,0.8302,-0.0291,0.8307,buy
2025-07-14,182.2895,20990400,181.5516,184.2040,180.1964,0.0083,0.0296,0.0255,0.0225,0.0678,77.7228,0.0116,0.0140,0.0020,0.8756,-0.1245,0.7227,hold
2025-07-15,182.5786,23911600,183.4162,184.8820,181.8706,0.0016,0.0453,0.0322,0.0209,0.0670,76.6113,0.0114,0.0150,0.0025,0.8508,0.1392,0.8190,buy
2025-07-16,183.2467,21152600,183.7952,184.8073,182.5587,0.0037,0.0344,0.0388,0.0207,0.0686,73.8170,0.0112,0.0160,0.0028,0.8507,-0.1154,0.7208,buy
2025-07-17,184.1741,21654400,182.5936,184.6597,180.9832,0.0051,0.0336,0.0275,0.0231,0.0717,71.6030,0.0103,0.0169,0.0030,0.8561,0.0237,0.7329,buy
2025-07-18,185.4105,21033400,186.0886,186.8265,184.2040,0.0067,0.0255,0.0299,0.0269,0.0763,68.1153,0.0104,0.0179,0.0033,0.8652,-0.0287,0.7260,buy
2025-07-21,190.6057,24665000,186.5672,190.7154,186.5174,0.0280,0.0456,0.0765,0.0478,0.1015,76.9804,0.0106,0.0202,0.0048,1.0163,0.1727,0.8990,buy
2025-07-22,191.5630,26212900,191.8721,192.8094,187.9583,0.0050,0.0492,0.0968,0.0434,0.1024,79.2533,0.0078,0.0224,0.0057,1.0081,0.0628,0.9746,sell
2025-07-23,190.9647,34068100,191.8123,192.8094,189.6385,-0.0031,0.0421,0.0780,0.0323,0.0943,74.7577,0.0085,0.0239,0.0057,0.9490,0.2997,1.2509,buy
2025-07-24,192.6499,45252100,197.5459,198.4034,191.4034,0.0088,0.0460,0.0811,0.0334,0.0997,75.6801,0.0085,0.0251,0.0057,0.9659,0.3283,1.5981,buy
2025-07-25,193.5274,31101800,192.3806,194.7190,191.5829,0.0046,0.0438,0.0704,0.0310,0.1005,86.6785,0.0082,0.0263,0.0055,0.9424,-0.3127,1.0884,sell
2025-07-28,192.8693,25553500,193.8564,194.2653,191.3087,-0.0034,0.0119,0.0580,0.0218,0.0934,93.9365,0.0088,0.0267,0.0047,0.8675,-0.1784,0.9772,buy
2025-07-29,195.8707,31891600,192.7496,196.1000,192.4405,0.0156,0.0225,0.0728,0.0304,0.1065,94.0817,0.0092,0.0276,0.0047,0.9238,0.2480,1.2484,buy
2025-07-30,196.8778,21150500,195.7410,197.9148,195.0031,0.0051,0.0310,0.0744,0.0283,0.1085,94.0734,0.0091,0.0285,0.0046,0.9074,-0.3368,0.8355,sell
2025-07-31,192.3108,27852000,196.0402,196.2695,191.5331,-0.0232,-0.0018,0.0442,0.0002,0.0797,74.8601,0.0133,0.0278,0.0027,0.7208,0.3168,1.0820,sell
2025-08-01,189.4091,21236700,189.2396,191.0724,188.1627,-0.0151,-0.0213,0.0216,-0.0169,0.0605,64.4887,0.0146,0.0255,0.0000,0.6019,-0.2375,0.8124,buy
2025-08-04,195.1926,23386000,190.6306,195.5217,190.3763,0.0305,0.0120,0.0241,0.0107,0.0897,70.9785,0.0151,0.0249,0.0001,0.7849,0.1012,0.8906,hold
2025-08-05,194.7639,19010200,194.9882,198.1342,194.1207,-0.0022,-0.0057,0.0167,0.0068,0.0844,69.3080,0.0151,0.0245,-0.0003,0.7519,-0.1871,0.7310,buy
2025-08-06,196.3593,15383700,194.6940,196.8180,193.9133,0.0082,-0.0026,0.0282,0.0122,0.0900,69.9804,0.0151,0.0244,-0.0002,0.7955,-0.1908,0.6103,hold
2025-08-07,196.7183,14660600,197.1470,197.8052,194.6641,0.0018,0.0229,0.0211,0.0120,0.0892,69.0910,0.0150,0.0242,-0.0002,0.7930,-0.0470,0.5934,buy
2025-08-08,201.5146,24379900,197.4163,202.8507,197.3365,0.0244,0.0639,0.0413,0.0324,0.1122,68.6690,0.0166,0.0252,0.0011,0.9637,0.6630,0.9859,hold
2025-08-11,201.0559,16690200,200.9811,201.5844,199.2311,-0.0023,0.0300,0.0424,0.0258,0.1061,66.5278,0.0165,0.0260,0.0015,0.9026,-0.3154,0.6809,buy
2025-08-12,203.5787,19854000,201.5195,204.5459,200.8265,0.0125,0.0453,0.0394,0.0346,0.1161,70.5826,0.0163,0.0270,0.0022,0.9679,0.1896,0.8167,sell
2025-08-13,202.4519,19573000,204.3963,204.8450,198.0744,-0.0055,0.0310,0.0283,0.0259,0.1060,66.2911,0.0166,0.0274,0.0020,0.8861,-0.0142,0.8078,hold
2025-08-14,203.2396,17777100,201.9832,204.8351,201.7489,0.0039,0.0332,0.0568,0.0242,0.1059,66.1902,0.0138,0.0275,0.0017,0.8955,-0.0918,0.7396,buy
2025-08-15,204.3265,21111400,204.1371,206.7396,201.5096,0.0053,0.0140,0.0788,0.0220,0.1075,68.8299,0.0118,0.0276,0.0016,0.9188,0.1876,0.8782,hold
2025-08-18,203.7083,13000200,204.4861,205.5530,202.8308,-0.0030,0.0132,0.0436,0.0146,0.1001,63.9758,0.0090,0.0273,0.0010,0.8469,-0.3842,0.5542,sell
2025-08-19,201.9134,13476600,203.3244,203.7083,200.3579,-0.0088,-0.0082,0.0367,0.0021,0.0871,58.7340,0.0097,0.0263,-0.0002,0.7307,0.0366,0.5905,sell
2025-08-20,199.6200,13971700,201.1057,201.5943,196.8977,-0.0114,-0.0140,0.0166,-0.0109,0.0722,63.7627,0.0107,0.0243,-0.0020,0.5938,0.0367,0.6404,hold
2025-08-21,200.0488,11768900,200.1485,202.7810,199.8294,0.0021,-0.0157,0.0169,-0.0104,0.0721,72.0911,0.0107,0.0224,-0.0031,0.6003,-0.1577,0.5843,buy
2025-08-22,206.1314,25723700,203.3792,208.6342,201.5545,0.0304,0.0088,0.0229,0.0174,0.1014,72.4336,0.0121,0.0225,-0.0018,0.8913,1.1857,1.2944,buy
2025-08-25,208.5644,22788800,206.4106,210.4889,205.3636,0.0118,0.0238,0.0373,0.0256,0.1106,76.1526,0.0124,0.0234,-0.0005,0.9560,-0.1141,1.1548,sell
2025-08-26,207.3579,23051000,207.7767,207.8664,205.8622,-0.0058,0.0270,0.0186,0.0178,0.1004,71.1546,0.0123,0.0238,-0.0002,0.8501,0.0115,1.1948,hold
2025-08-27,207.6172,15249000,205.8721,208.9733,205.8023,0.0013,0.0401,0.0255,0.0165,0.0983,71.0435,0.0120,0.0237,-0.0002,0.8244,-0.3385,0.8027,buy
2025-08-28,211.7653,20915700,207.2482,212.2938,207.0089,0.0200,0.0586,0.0419,0.0325,0.1161,70.3001,0.0132,0.0246,0.0009,0.9626,0.3716,1.1215,buy
2025-08-29,212.9220,24682200,210.6684,214.7268,210.3693,0.0055,0.0329,0.0421,0.0338,0.1175,72.8670,0.0132,0.0256,0.0017,0.9869,0.1801,1.3113,sell
2025-09-02,211.3864,28900100,208.3949,211.7643,206.3707,-0.0072,0.0135,0.0377,0.0225,0.1044,65.6412,0.0135,0.0258,0.0014,0.8732,0.1709,1.5132,buy
2025-09-03,230.4420,72250300,225.8351,231.1400,224.4790,0.0901,0.1113,0.1413,0.0995,0.1958,82.6320,0.0298,0.0301,0.0061,1.3317,1.5000,3.3203,hold
2025-09-04,231.9975,32196000,229.4996,232.1072,226.1143,0.0068,0.1174,0.1622,0.0901,0.1958,82.9374,0.0286,0.0350,0.0090,1.1687,-0.5544,1.4245,buy
2025-09-05,234.5004,26127700,231.9975,235.4576,231.7183,0.0108,0.1074,0.1722,0.0843,0.2009,83.4734,0.0283,0.0391,0.0106,1.0913,-0.1885,1.1274,hold
2025-09-08,233.7019,23128800,235.3287,237.9336,233.2728,-0.0034,0.0976,0.1338,0.0670,0.1895,83.1411,0.0284,0.0420,0.0108,0.9834,-0.1148,1.0007,buy
2025-09-09,239.4706,22854800,233.7319,240.1194,232.9235,0.0247,0.1329,0.1482,0.0781,0.2113,88.1483,0.0287,0.0446,0.0113,1.0061,-0.0118,0.9759,hold
2025-09-10,239.0914,19990100,238.7820,241.6064,237.6442,-0.0016,0.0375,0.1530,0.0613,0.2018,91.7147,0.0284,0.0468,0.0108,0.9310,-0.1253,0.8533,hold
2025-09-11,240.3090,21308600,239.6702,242.0955,236.1172,0.0051,0.0358,0.1575,0.0514,0.2002,91.8506,0.0282,0.0481,0.0098,0.8968,0.0660,0.9062,hold
2025-09-12,240.9078,14536600,240.3289,241.9488,238.0334,0.0025,0.0273,0.1376,0.0408,0.1958,90.8019,0.0284,0.0489,0.0085,0.8609,-0.3178,0.6225,buy
2025-09-15,251.2675,29935200,244.6605,252.2556,244.5008,0.0430,0.0752,0.1801,0.0678,0.2385,92.2445,0.0297,0.0503,0.0093,0.9522,1.0593,1.2582,hold
2025-09-16,250.9282,24493500,251.8364,252.7346,249.2265,-0.0014,0.0478,0.1871,0.0488,0.2279,93.8548,0.0292,0.0523,0.0090,0.8940,-0.1818,1.0052,hold
2025-09-17,249.3613,20491300,250.9681,251.4571,246.0976,-0.0062,0.0430,0.0821,0.0340,0.2114,90.9390,0.0151,0.0531,0.0076,0.8346,-0.1634,0.8290,buy
2025-09-18,251.8364,21166400,251.3673,253.6429,249.6207,0.0099,0.0480,0.0855,0.0358,0.2146,90.6316,0.0151,0.0532,0.0065,0.8354,0.0329,0.8440,buy
2025-09-19,254.7407,41616800,252.9043,256.1979,251.5749,0.0115,0.0574,0.0863,0.0391,0.2196,90.9523,0.0152,0.0533,0.0057,0.8440,0.9662,1.5663,sell
2025-09-22,252.3853,20079000,254.2816,255.8086,250.3194,-0.0092,0.0044,0.0799,0.0217,0.2001,89.5150,0.0158,0.0530,0.0040,0.7831,-0.5175,0.7638,hold
2025-09-23,251.8464,17521100,253.1588,254.2716,250.5988,-0.0021,0.0037,0.0517,0.0144,0.1896,82.0800,0.0148,0.0517,0.0021,0.7514,-0.1274,0.6732,sell
2025-09-24,247.3452,16958500,251.6567,252.4652,246.7364,-0.0179,-0.0081,0.0345,-0.0070,0.1613,71.1362,0.0165,0.0495,-0.0008,0.6648,-0.0321,0.6593,sell
2025-09-25,246.0877,17379800,244.3611,246.8312,241.1773,-0.0051,-0.0228,0.0240,-0.0144,0.1486,66.5244,0.0167,0.0463,-0.0034,0.6260,0.0248,0.6729,hold
2025-09-26,246.6965,16594600,247.3003,249.6307,246.1575,0.0025,-0.0316,0.0240,-0.0142,0.1447,68.6320,0.0167,0.0432,-0.0052,0.6184,-0.0452,0.6480,sell
2025-09-29,243.8820,23157200,247.7893,251.1557,242.7243,-0.0114,-0.0337,-0.0294,-0.0226,0.1256,56.9106,0.0092,0.0399,-0.0072,0.5353,0.3955,0.9069,sell
2025-09-30,243.0736,22541200,242.5845,243.1983,239.1024,-0.0033,-0.0348,-0.0313,-0.0227,0.1164,56.1555,0.0092,0.0363,-0.0088,0.4691,-0.0266,0.8939,buy
2025-10-01,245.0597,23967700,240.7082,246.6665,238.7321,0.0082,-0.0092,-0.0173,-0.0130,0.1201,57.1730,0.0097,0.0333,-0.0091,0.5125,0.0633,1.0511,buy
2025-10-02,245.9479,20657500,245.1595,247.1506,242.6294,0.0036,-0.0006,-0.0234,-0.0071,0.1185,57.5441,0.0091,0.0310,-0.0090,0.5218,-0.1381,0.9295,hold
2025-10-03,245.9679,19941400,244.7503,246.6346,241.9957,0.0001,-0.0030,-0.0344,-0.0035,0.1132,38.5114,0.0078,0.0290,-0.0088,0.4987,-0.0347,0.9099,buy
2025-10-06,251.0180,18309000,245.2992,251.7066,245.2094,0.0205,0.0293,-0.0054,0.0175,0.1302,50.1617,0.0105,0.0281,-0.0071,0.7200,-0.0819,0.8447,sell
2025-10-07,246.6466,13811200,248.4430,251.0579,246.3272,-0.0174,0.0147,-0.0206,0.0019,0.1051,45.5614,0.0118,0.0266,-0.0074,0.4674,-0.2457,0.6508,sell
2025-10-08,244.9798,14136500,245.7184,246.7763,244.6105,-0.0068,-0.0003,-0.0096,-0.0039,0.0928,38.4847,0.0106,0.0244,-0.0079,0.3416,0.0236,0.6754,sell
2025-10-09,241.7362,19375700,244.5806,245.0746,239.2111,-0.0132,-0.0171,-0.0177,-0.0153,0.0741,28.4057,0.0113,0.0215,-0.0090,0.1227,0.3706,0.9300,sell
2025-10-10,237.0254,22449100,241.6863,244.3610,236.2220,-0.0195,-0.0364,-0.0392,-0.0307,0.0490,26.3449,0.0124,0.0175,-0.0109,-0.1024,0.1586,1.0575,buy
2025-10-13,244.1614,12465000,240.5585,244.5108,240.2790,0.0301,-0.0273,0.0011,-0.0016,0.0753,40.1635,0.0161,0.0157,-0.0094,0.3312,-0.4447,0.6124,buy
2025-10-14,245.7084,17705400,241.2821,247.5398,240.7062,0.0063,-0.0038,0.0108,0.0036,0.0774,47.7335,0.0161,0.0150,-0.0080,0.4360,0.4204,0.8846,buy
2025-10-15,251.2176,16048100,247.5997,252.2655,246.3072,0.0224,0.0255,0.0251,0.0235,0.0961,56.3551,0.0174,0.0157,-0.0054,0.7561,-0.0936,0.8108,hold
2025-10-16,251.3873,18946000,251.9711,257.0761,250.1796,0.0007,0.0399,0.0221,0.0220,0.0916,55.8750,0.0174,0.0165,-0.0037,0.7691,0.1806,0.9626,buy
2025-10-17,253.2935,17653800,250.8583,254.3814,248.1037,0.0076,0.0686,0.0298,0.0267,0.0945,62.0619,0.0174,0.0173,-0.0022,0.8988,-0.0682,0.9550,buy
2025-10-20,256.5172,13726800,254.7307,257.3755,254.1020,0.0127,0.0506,0.0219,0.0374,0.1032,66.2250,0.0167,0.0187,-0.0005,1.0331,-0.2224,0.7556,sell
2025-10-21,250.8483,27836400,254.7507,254.8804,244.1914,-0.0221,0.0209,0.0170,0.0128,0.0742,56.4159,0.0174,0.0183,-0.0010,0.7216,1.0279,1.4899,hold
2025-10-22,252.0360,19650200,254.5111,256.6769,249.9611,0.0047,0.0033,0.0288,0.0147,0.0748,56.7033,0.0171,0.0178,-0.0011,0.7667,-0.2941,1.0442,hold
2025-10-23,253.2336,13241300,253.2037,255.3595,252.2735,0.0048,0.0073,0.0476,0.0148,0.0753,57.7978,0.0162,0.0176,-0.0010,0.8004,-0.3261,0.7115,buy
2025-10-24,260.0004,18406000,256.7967,261.9965,255.5990,0.0267,0.0265,0.0969,0.0324,0.0987,59.2975,0.0150,0.0189,0.0006,1.0367,0.3900,0.9842,buy
2025-10-27,269.4019,22987700,264.8409,270.2702,264.4217,0.0362,0.0502,0.1034,0.0591,0.1322,71.3323,0.0160,0.0221,0.0036,1.1961,0.2489,1.2298,sell
2025-10-28,267.9049,20101200,269.6714,270.8491,266.6474,-0.0056,0.0680,0.0903,0.0441,0.1199,71.5600,0.0168,0.0246,0.0048,1.0317,-0.1256,1.0824,buy
2025-10-29,274.6317,26287900,268.0845,275.4302,267.9049,0.0251,0.0897,0.0932,0.0607,0.1411,79.0345,0.0170,0.0275,0.0065,1.0865,0.3078,1.4068,buy
2025-10-30,281.3485,48570000,291.1493,291.3589,279.9014,0.0245,0.1110,0.1192,0.0742,0.1611,87.7829,0.0174,0.0311,0.0085,1.0984,0.8476,2.4185,hold
2025-10-31,281.2687,29932800,282.6510,285.7250,276.9801,-0.0003,0.0818,0.1104,0.0625,0.1530,85.9575,0.0178,0.0341,0.0092,0.9994,-0.3837,1.4543,buy
2025-11-03,283.5642,19691800,281.8676,285.3807,279.8215,0.0082,0.0526,0.1054,0.0604,0.1551,86.1583,0.0178,0.0364,0.0094,0.9629,-0.3421,0.9535,sell
2025-11-04,277.5161,18123700,276.5230,281.2827,276.3234,-0.0213,0.0359,0.1063,0.0275,0.1242,74.8632,0.0176,0.0371,0.0076,0.8188,-0.0796,0.8685,buy
2025-11-05,284.1930,20063200,278.8335,286.1392,277.3364,0.0241,0.0348,0.1276,0.0398,0.1441,77.6172,0.0180,0.0376,0.0070,0.8824,0.1070,0.9480,hold
2025-11-06,284.7818,23103800,285.1760,288.2450,281.0691,0.0021,0.0122,0.1246,0.0301,0.1394,77.1095,0.0181,0.0383,0.0063,0.8523,0.1516,1.0822,sell
2025-11-07,279.1529,21991100,283.6540,283.9435,275.2006,-0.0198,-0.0075,0.0737,0.0028,0.1109,68.7129,0.0198,0.0377,0.0040,0.7409,-0.0482,1.0312,buy
2025-11-10,290.0216,19508200,284.7070,290.8899,282.9854,0.0389,0.0228,0.0765,0.0342,0.1471,79.8207,0.0203,0.0378,0.0043,0.8844,-0.1129,0.8999,hold
2025-11-11,291.1693,14156700,287.6362,291.7681,287.3168,0.0040,0.0492,0.0868,0.0297,0.1444,79.8084,0.0198,0.0387,0.0043,0.8656,-0.2743,0.6584,sell
2025-11-12,286.8677,16998800,291.5136,291.7881,283.8237,-0.0148,0.0094,0.0446,0.0101,0.1225,74.4628,0.0201,0.0385,0.0028,0.7657,0.2008,0.7888,sell
2025-11-13,278.5740,18060200,282.4314,282.9554,277.4562,-0.0289,-0.0218,-0.0099,-0.0181,0.0861,63.2155,0.0213,0.0362,-0.0004,0.6045,0.0624,0.8398,sell
2025-11-14,276.4382,18330500,271.3631,278.6039,270.8791,-0.0077,-0.0097,-0.0172,-0.0240,0.0743,55.5837,0.0214,0.0327,-0.0034,0.5474,0.0150,0.8511,buy
2025-11-17,285.0413,34286100,285.8397,293.9439,283.6740,0.0311,-0.0172,0.0052,0.0059,0.1033,62.2207,0.0237,0.0309,-0.0033,0.6922,0.8704,1.5193,hold
2025-11-18,284.4026,29702200,287.9207,288.8688,278.4642,-0.0022,-0.0232,0.0248,0.0012,0.0970,57.6305,0.0224,0.0298,-0.0036,0.6626,-0.1337,1.3108,buy
2025-11-19,292.4168,43123600,287.1222,303.6548,287.1072,0.0282,0.0193,0.0289,0.0264,0.1233,58.4721,0.0229,0.0300,-0.0020,0.8298,0.4519,1.8094,sell
2025-11-20,289.4128,34801400,304.1439,306.2897,288.6044,-0.0103,0.0389,0.0163,0.0142,0.1076,55.9667,0.0233,0.0299,-0.0019,0.7562,-0.1930,1.3970,buy
2025-11-21,299.0638,43670600,296.2893,303.3654,293.7842,0.0333,0.0818,0.0713,0.0408,0.1394,60.2508,0.0238,0.0308,0.0000,1.0264,0.2549,1.6684,buy
2025-11-24,317.8470,55311800,310.4016,319.1744,308.7948,0.0628,0.1151,0.0959,0.0956,0.2049,72.8280,0.0282,0.0348,0.0047,1.2836,0.2666,1.9903,buy
2025-11-25,323.0069,50899300,326.1607,328.0271,317.1943,0.0162,0.1357,0.1093,0.1013,0.2178,72.3532,0.0282,0.0396,0.0080,1.1934,-0.0798,1.7354,sell
2025-11-26,319.6535,29839600,320.1525,324.3543,316.5795,-0.0104,0.0931,0.1143,0.0778,0.1988,69.4630,0.0278,0.0430,0.0088,1.0233,-0.4138,1.0112,hold
2025-11-28,319.4938,19695800,322.7973,326.2406,316.3200,-0.0005,0.1039,0.1469,0.0626,0.1921,73.9796,0.0245,0.0448,0.0085,0.9465,-0.3399,0.7018,sell
2025-12-01,314.5035,28520600,316.8539,319.0047,313.3658,-0.0156,0.0516,0.1377,0.0329,0.1683,65.6461,0.0254,0.0451,0.0066,0.8260,0.4481,1.0188,hold
2025-12-02,315.4018,24668200,316.2801,317.9768,313.6053,0.0029,-0.0077,0.1065,0.0256,0.1662,65.5362,0.0247,0.0444,0.0048,0.8054,-0.1351,0.8734,buy
2025-12-03,319.9928,32285100,315.4118,321.4100,313.6652,0.0146,-0.0093,0.1251,0.0287,0.1772,71.1590,0.0243,0.0440,0.0040,0.8368,0.3088,1.1152,hold
2025-12-04,317.7672,20831600,322.4131,322.4670,314.9726,-0.0070,-0.0059,0.0867,0.0132,0.1630,77.1390,0.0243,0.0434,0.0025,0.7737,-0.3548,0.7186,buy
2025-12-05,321.4599,15719900,319.3740,323.1965,319.3540,0.0116,0.0062,0.1107,0.0146,0.1701,80.5169,0.0234,0.0426,0.0017,0.7954,-0.2454,0.5493,sell
2025-12-08,314.0397,22006900,320.6111,320.8108,311.5030,-0.0231,-0.0015,0.0501,-0.0134,0.1375,69.9762,0.0241,0.0410,-0.0007,0.6682,0.3999,0.7689,buy
2025-12-09,317.3353,14151300,312.6914,318.2931,312.2120,0.0105,0.0061,-0.0016,-0.0029,0.1433,71.8854,0.0136,0.0390,-0.0018,0.6970,-0.3570,0.4991,buy
2025-12-10,320.5811,22764500,316.2068,321.4499,314.9884,0.0102,0.0018,-0.0075,0.0080,0.1486,69.9830,0.0129,0.0377,-0.0022,0.7224,0.6087,0.7909,sell
2025-12-11,313.2906,25912100,320.6810,321.5698,309.4756,-0.0227,-0.0141,-0.0199,-0.0129,0.1170,65.9703,0.0144,0.0355,-0.0042,0.5971,0.1383,0.8865,sell
2025-12-12,310.1147,21264800,314.3842,315.7274,306.5594,-0.0101,-0.0353,-0.0294,-0.0200,0.1007,58.0921,0.0147,0.0323,-0.0063,0.5262,-0.1793,0.7236,hold
2025-12-15,308.9164,22028900,312.2170,312.2919,305.3410,-0.0039,-0.0163,-0.0178,-0.0221,0.0915,41.1922,0.0140,0.0289,-0.0079,0.4750,0.0359,0.7449,sell
2025-12-16,307.3284,21285200,305.6006,311.4380,303.4335,-0.0051,-0.0315,-0.0256,-0.0246,0.0816,33.3651,0.0139,0.0255,-0.0092,0.4122,-0.0338,0.7359,sell
2025-12-17,297.6710,29120400,308.6067,308.7915,297.0618,-0.0314,-0.0715,-0.0698,-0.0485,0.0439,29.4284,0.0152,0.0206,-0.0121,0.1411,0.3681,1.0078,buy
2025-12-18,303.3536,21040500,302.6645,304.8616,300.2377,0.0191,-0.0317,-0.0454,-0.0259,0.0595,36.3107,0.0173,0.0170,-0.0121,0.2481,-0.2775,0.7571,buy
2025-12-19,308.2072,45234400,302.8742,308.5868,301.9454,0.0160,-0.0062,-0.0412,-0.0061,0.0715,44.6474,0.0178,0.0154,-0.0106,0.3225,1.1499,1.5977,buy
2025-12-22,310.9237,14091400,310.8188,311.2932,306.1899,0.0088,0.0065,-0.0099,0.0037,0.0754,46.3072,0.0168,0.0147,-0.0088,0.3819,-0.6885,0.5251,buy
2025-12-23,315.2680,13961400,310.7290,315.8872,310.3444,0.0140,0.0258,-0.0065,0.0184,0.0851,46.0879,0.0171,0.0151,-0.0065,0.5516,-0.0092,0.5637,hold
2025-12-24,315.2580,6138200,315.7374,315.8772,312.9111,-0.0000,0.0591,-0.0166,0.0201,0.0799,47.8433,0.0167,0.0153,-0.0050,0.5697,-0.5603,0.2725,hold
2025-12-26,314.5490,6730900,315.5077,316.1469,313.3106,-0.0022,0.0369,0.0040,0.0174,0.0728,43.7387,0.0150,0.0152,-0.0042,0.5528,0.0966,0.3149,hold
2025-12-29,313.9797,12317700,312.4118,314.5590,311.4930,-0.0018,0.0187,0.0125,0.0143,0.0663,49.9380,0.0146,0.0147,-0.0037,0.5418,0.8300,0.5865,hold
2025-12-30,314.1395,11052500,313.0010,317.2854,312.8412,0.0005,0.0103,0.0169,0.0131,0.0624,46.4649,0.0145,0.0143,-0.0034,0.5495,-0.1027,0.5490,hold
2025-12-31,313.3905,10821500,312.9610,314.9784,311.7926,-0.0024,-0.0060,0.0197,0.0087,0.0558,41.5809,0.0143,0.0136,-0.0033,0.5219,-0.0209,0.5567,buy
2026-01-02,314.9085,22043700,317.1755,322.4926,310.2446,0.0048,-0.0011,0.0579,0.0080,0.0564,52.1903,0.0082,0.0131,-0.0029,0.6016,1.0370,1.1647,buy
2026-01-05,316.9059,19934000,317.2804,318.8334,314.8376,0.0063,0.0075,0.0447,0.0100,0.0585,59.4973,0.0068,0.0132,-0.0022,0.6937,-0.0957,1.0558,sell
2026-01-06,314.1395,18989900,316.8959,321.1404,311.9324,-0.0087,0.0005,0.0192,-0.0007,0.0450,56.9976,0.0066,0.0125,-0.0024,0.5926,-0.0474,0.9971,buy
2026-01-07,322.0092,24681800,314.1595,326.0390,314.0896,0.0251,0.0251,0.0357,0.0208,0.0668,66.8347,0.0097,0.0134,-0.0009,0.9172,0.2997,1.2870,buy
2026-01-08,325.5846,21789600,328.8353,330.1087,321.5698,0.0111,0.0389,0.0327,0.0287,0.0746,87.1973,0.0094,0.0149,0.0006,1.0015,-0.1172,1.1140,buy
2026-01-09,328.7105,17917700,327.0626,331.0474,325.8242,0.0096,0.0438,0.0427,0.0342,0.0806,86.2612,0.0095,0.0167,0.0020,1.0458,-0.1777,0.9275,buy
2026-01-12,332.2958,23893800,326.0739,334.0035,325.0852,0.0109,0.0486,0.0564,0.0397,0.0883,85.7440,0.0095,0.0186,0.0033,1.0481,0.3335,1.2434,buy
2026-01-13,335.9909,24616700,334.8424,340.7547,333.9137,0.0111,0.0696,0.0701,0.0441,0.0964,86.1464,0.0092,0.0207,0.0044,1.0395,0.0303,1.2699,hold
2026-01-14,335.8711,17839300,334.5478,336.5902,330.7079,-0.0004,0.0430,0.0692,0.0367,0.0922,83.8310,0.0093,0.0223,0.0048,0.9582,-0.2753,0.9303,sell
2026-01-15,332.7252,16424900,337.6138,337.6887,330.8577,-0.0094,0.0219,0.0617,0.0209,0.0785,76.0037,0.0103,0.0227,0.0041,0.8408,-0.0793,0.8676,sell
2026-01-16,329.9089,21868600,334.4979,334.8025,327.7417,-0.0085,0.0036,0.0476,0.0076,0.0657,71.5165,0.0112,0.0221,0.0027,0.7579,0.3314,1.1777,sell
2026-01-20,321.7396,27169900,320.8208,327.6618,320.4713,-0.0248,-0.0318,0.0153,-0.0188,0.0368,58.9619,0.0146,0.0198,-0.0001,0.5257,0.2424,1.4394,buy
2026-01-21,327.9514,22791700,320.6760,332.2908,319.1230,0.0193,-0.0239,0.0440,-0.0040,0.0539,63.9952,0.0150,0.0185,-0.0009,0.6806,-0.1611,1.2838,buy
2026-01-22,330.4082,19902100,333.8288,334.7725,328.4508,0.0075,-0.0163,0.0261,0.0009,0.0583,66.6667,0.0133,0.0180,-0.0010,0.7296,-0.1268,1.1030,sell
2026-01-23,328.0014,19110600,332.2209,333.5941,327.5420,-0.0073,-0.0142,0.0074,-0.0071,0.0481,62.6034,0.0133,0.0171,-0.0016,0.6400,-0.0398,1.0442,buy
2026-01-26,333.1546,18502500,327.7717,335.9110,327.0626,0.0157,0.0098,0.0135,0.0071,0.0617,64.7453,0.0138,0.0170,-0.0011,0.7689,-0.0318,0.9779,buy
2026-01-27,334.5628,16080900,335.1920,337.7736,333.3144,0.0042,0.0399,0.0068,0.0107,0.0629,69.0021,0.0135,0.0173,-0.0006,0.7824,-0.1309,0.8294,hold
2026-01-28,335.8411,17538500,336.1707,337.1894,331.6965,0.0038,0.0241,-0.0004,0.0146,0.0631,64.6685,0.0131,0.0175,-0.0002,0.7929,0.0906,0.8926,buy
2026-01-29,338.2180,24548300,339.9058,341.8433,326.2936,0.0071,0.0236,0.0070,0.0210,0.0665,63.7470,0.0132,0.0181,0.0003,0.8349,0.3997,1.2079,hold
2026-01-30,338.0882,21740200,334.0235,339.8459,332.2059,-0.0004,0.0308,0.0161,0.0190,0.0625,60.9161,0.0128,0.0183,0.0005,0.8082,-0.1144,1.0417,buy
2026-02-02,344.4499,22775200,336.1108,344.7146,335.5715,0.0188,0.0339,0.0441,0.0336,0.0784,63.2889,0.0133,0.0195,0.0016,0.9700,0.0476,1.0894,sell
2026-02-03,340.2554,25786500,348.0602,349.6930,338.1481,-0.0122,0.0170,0.0575,0.0154,0.0621,54.6122,0.0105,0.0197,0.0012,0.8076,0.1322,1.2164,sell
2026-02-04,332.9050,36991100,343.3064,343.8007,328.9401,-0.0216,-0.0087,0.0151,-0.0080,0.0364,47.2258,0.0124,0.0181,-0.0006,0.5202,0.4345,1.6739,sell
2026-02-05,330.8976,51842000,312.7913,332.2099,306.5195,-0.0060,-0.0216,0.0015,-0.0141,0.0281,48.2535,0.0124,0.0159,-0.0023,0.4068,0.4015,2.2101,sell
2026-02-06,322.6783,33877000,326.9228,330.2085,319.7322,-0.0248,-0.0456,-0.0162,-0.0371,0.0022,43.7370,0.0146,0.0122,-0.0052,0.0476,-0.3465,1.4080,hold
2026-02-09,323.9766,26103300,320.8207,327.3123,317.2854,0.0040,-0.0594,-0.0275,-0.0306,0.0062,52.1995,0.0135,0.0092,-0.0065,0.1347,-0.2295,1.0667,sell
2026-02-10,318.2142,25281900,320.4912,321.2103,314.2494,-0.0178,-0.0648,-0.0489,-0.0431,-0.0116,40.3408,0.0141,0.0054,-0.0084,-0.0105,-0.0315,1.0303,sell
2026-02-11,310.9237,24008100,318.5437,320.6260,309.7253,-0.0229,-0.0660,-0.0742,-0.0580,-0.0337,32.3630,0.0147,0.0005,-0.0110,-0.1103,-0.0504,0.9796,sell
2026-02-12,308.9663,28194000,311.9424,316.0670,307.7479,-0.0063,-0.0663,-0.0865,-0.0555,-0.0395,32.6285,0.0138,-0.0040,-0.0125,-0.0464,0.1744,1.1265,sell
2026-02-13,305.6206,20236000,307.5831,308.4869,303.5034,-0.0108,-0.0529,-0.0960,-0.0564,-0.0493,24.0151,0.0135,-0.0085,-0.0136,-0.0241,-0.2823,0.8025,sell
2026-02-17,302.4248,23750800,300.2477,304.4921,296.5125,-0.0105,-0.0665,-0.1220,-0.0540,-0.0582,20.6601,0.0090,-0.0128,-0.0144,-0.0007,0.1737,0.9383,buy
2026-02-18,303.5434,15847700,302.0373,305.5108,301.5859,0.0037,-0.0461,-0.1079,-0.0395,-0.0539,20.4279,0.0104,-0.0156,-0.0138,0.0776,-0.3328,0.6404,hold
2026-02-19,303.1638,13448600,302.1252,305.6306,300.2776,-0.0013,-0.0250,-0.0893,-0.0316,-0.0540,16.6856,0.0102,-0.0178,-0.0128,0.1205,-0.1514,0.5539,buy
2026-02-20,314.4890,33663100,304.4022,316.3466,304.0227,0.0374,0.0179,-0.0496,0.0099,-0.0187,31.5073,0.0180,-0.0157,-0.0087,0.3390,1.5031,1.3483,sell
2026-02-23,311.2832,17641200,318.7235,319.0381,309.5854,-0.0102,0.0185,-0.0353,0.0033,-0.0283,22.6576,0.0167,-0.0154,-0.0066,0.2998,-0.4759,0.7087,hold
2026-02-24,310.5143,15040700,310.2346,311.9623,305.6905,-0.0025,0.0267,-0.0416,0.0052,-0.0301,24.0139,0.0165,-0.0151,-0.0050,0.3065,-0.1474,0.6084,buy
2026-02-25,312.6215,20209100,311.7126,313.2506,308.9562,0.0068,0.0299,-0.0176,0.0138,-0.0235,30.4898,0.0161,-0.0140,-0.0032,0.3606,0.3436,0.8108,sell
2026-02-26,306.7491,22380000,312.3968,312.5915,302.0153,-0.0188,0.0118,-0.0134,-0.0039,-0.0416,28.3798,0.0155,-0.0148,-0.0031,0.2793,0.1074,0.8892,buy
2026-02-27,311.0236,33389200,303.5433,311.6727,303.1948,0.0139,-0.0110,0.0067,0.0093,-0.0284,38.7723,0.0161,-0.0138,-0.0018,0.3748,0.4919,1.3037,sell
2026-03-02,305.9602,21854400,302.5696,307.7379,300.6671,-0.0163,-0.0171,0.0011,-0.0072,-0.0441,33.8177,0.0166,-0.0145,-0.0018,0.2990,-0.3455,0.8532,sell
2026-03-03,303.1638,20361100,298.0306,303.5434,296.3118,-0.0091,-0.0237,0.0024,-0.0165,-0.0532,35.7210,0.0165,-0.0157,-0.0023,0.2521,-0.0683,0.7986,hold
2026-03-04,303.0540,20015600,302.2900,305.0613,300.4074,-0.0004,-0.0306,-0.0016,-0.0167,-0.0535,41.3559,0.0165,-0.0163,-0.0023,0.2545,-0.0170,0.7941,sell
2026-03-05,300.5173,22643900,302.8043,302.9741,297.6810,-0.0084,-0.0203,-0.0087,-0.0241,-0.0610,40.8362,0.0167,-0.0174,-0.0026,0.1944,0.1313,0.9246,sell
2026-03-06,297.9107,17598000,295.6856,299.9381,294.8647,-0.0087,-0.0422,-0.0527,-0.0273,-0.0684,41.5015,0.0101,-0.0188,-0.0031,0.1139,-0.2228,0.7726,buy
2026-03-09,305.8260,19632700,293.9581,306.3157,293.7532,0.0266,-0.0004,-0.0175,0.0003,-0.0431,53.3957,0.0140,-0.0170,-0.0014,0.4139,0.1156,0.8898,hold
2026-03-10,306.7454,14386400,305.6910,308.9641,305.1264,0.0030,0.0118,-0.0121,0.0045,-0.0397,53.2097,0.0141,-0.0155,0.0001,0.4807,-0.2672,0.6698,buy
2026-03-11,308.2345,13376700,306.1157,310.8819,305.6560,0.0049,0.0171,-0.0140,0.0109,-0.0346,54.9721,0.0140,-0.0137,0.0014,0.5918,-0.0702,0.6405,sell
2026-03-12,303.0276,15610200,306.0258,308.4544,300.6590,-0.0169,0.0084,-0.0121,-0.0050,-0.0503,37.2288,0.0137,-0.0138,0.0012,0.3131,0.1670,0.7628,sell
2026-03-13,301.2787,16857500,306.4706,307.0752,299.5997,-0.0058,0.0113,-0.0313,-0.0076,-0.0550,38.4781,0.0127,-0.0141,0.0008,0.2390,0.0799,0.8472,buy
2026-03-16,304.2369,14822000,303.4174,305.3862,301.6285,0.0098,-0.0052,-0.0056,0.0028,-0.0452,43.1176,0.0124,-0.0132,0.0013,0.4119,-0.1207,0.7552,buy
2026-03-17,309.2239,14423600,304.4868,309.8635,304.1670,0.0164,0.0081,0.0200,0.0172,-0.0292,46.4962,0.0130,-0.0109,0.0027,0.6763,-0.0269,0.7528,sell
2026-03-18,306.1158,13848400,307.7198,310.5631,305.3612,-0.0101,-0.0069,0.0101,0.0059,-0.0383,49.3073,0.0136,-0.0101,0.0029,0.4919,-0.0399,0.7266,hold
2026-03-19,305.5461,15399700,303.0276,306.4955,300.8189,-0.0019,0.0083,0.0167,0.0024,-0.0396,43.4816,0.0132,-0.0094,0.0029,0.4516,0.1120,0.8038,sell
2026-03-20,298.6103,34763500,303.8871,304.1869,296.5715,-0.0227,-0.0089,0.0023,-0.0206,-0.0600,41.6265,0.0151,-0.0108,0.0014,0.0828,1.2574,1.8094,hold
2026-03-23,298.8401,22204100,300.3493,303.1875,297.8508,0.0008,-0.0177,-0.0228,-0.0176,-0.0577,44.7682,0.0120,-0.0116,0.0005,0.1367,-0.3613,1.1421,sell
2026-03-24,289.0261,27411200,296.0318,296.9213,288.6813,-0.0328,-0.0653,-0.0578,-0.0443,-0.0863,36.2541,0.0152,-0.0151,-0.0021,-0.1989,0.2345,1.3665,hold
2026-03-25,289.4158,22343000,291.9743,294.4828,287.1971,0.0013,-0.0546,-0.0611,-0.0370,-0.0826,38.6438,0.0149,-0.0173,-0.0034,-0.0720,-0.1849,1.1080,sell
2026-03-26,280.5711,29281200,286.0179,286.3427,278.8822,-0.0306,-0.0817,-0.0741,-0.0594,-0.1075,34.2702,0.0165,-0.0220,-0.0061,-0.1901,0.3105,1.4276,sell
2026-03-27,273.5953,25703300,277.2331,278.9221,273.3155,-0.0249,-0.0838,-0.0919,-0.0742,-0.1262,20.2545,0.0174,-0.0276,-0.0091,-0.1868,-0.1222,1.2771,hold
2026-03-30,272.9757,22752300,275.2743,276.0939,271.3717,-0.0023,-0.0865,-0.1028,-0.0664,-0.1249,18.6607,0.0163,-0.0315,-0.0103,-0.0656,-0.1148,1.1279,buy
2026-03-31,286.6874,31625100,277.3731,286.8773,276.5935,0.0502,-0.0081,-0.0729,-0.0119,-0.0784,33.7012,0.0242,-0.0287,-0.0069,0.2685,0.3900,1.5252,buy
2026-04-01,294.7226,24403600,289.8056,297.8058,289.2959,0.0280,0.0183,-0.0372,0.0198,-0.0509,43.9756,0.0266,-0.0244,-0.0026,0.4566,-0.2283,1.1646,hold
2026-04-02,294.2829,13433400,288.8162,295.7220,287.3970,-0.0015,0.0489,-0.0369,0.0223,-0.0502,44.8270,0.0266,-0.0216,0.0003,0.4536,-0.4495,0.6555,buy
2026-04-06,297.4810,10121700,294.5227,298.2455,293.6133,0.0109,0.0873,-0.0038,0.0338,-0.0379,45.0221,0.0260,-0.0180,0.0029,0.5261,-0.2465,0.5031,buy
2026-04-07,303.7472,17317700,299.9595,303.9171,295.2473,0.0211,0.1127,0.0164,0.0538,-0.0161,46.0393,0.0268,-0.0132,0.0058,0.6708,0.7109,0.8657,buy
2026-04-08,314.5507,20887500,317.6388,319.1979,312.5169,0.0356,0.0972,0.0883,0.0817,0.0202,55.4891,0.0257,-0.0066,0.0094,0.8887,0.2061,1.0275,hold
2026-04-09,316.1797,14606800,313.0016,317.2391,309.2839,0.0052,0.0728,0.0925,0.0773,0.0267,56.8258,0.0256,-0.0012,0.0118,0.8966,-0.3007,0.7163,hold
2026-04-10,315.5301,11997600,318.0336,319.3078,314.3508,-0.0021,0.0722,0.1246,0.0625,0.0259,61.8144,0.0220,0.0028,0.0127,0.8518,-0.1786,0.5936,buy
2026-04-13,319.0180,12212800,315.2303,319.2379,313.5013,0.0111,0.0724,0.1660,0.0580,0.0385,63.4762,0.0178,0.0068,0.0132,0.8775,0.0179,0.6113,buy
2026-04-14,330.3812,18557500,321.8713,330.4412,320.9568,0.0356,0.0877,0.2103,0.0753,0.0761,77.0599,0.0176,0.0122,0.0147,0.9991,0.5195,0.9203,buy
2026-04-15,334.2688,15104100,330.3612,334.7985,328.4623,0.0118,0.0627,0.1660,0.0713,0.0895,78.0640,0.0140,0.0173,0.0158,0.9869,-0.1861,0.7478,sell
2026-04-16,332.5698,13949600,335.6480,337.1771,331.4505,-0.0051,0.0518,0.1284,0.0531,0.0845,85.7299,0.0146,0.0208,0.0155,0.9094,-0.0764,0.6904,buy
2026-04-17,339.1959,19683800,334.2288,339.7805,333.0896,0.0199,0.0750,0.1526,0.0590,0.1056,95.2939,0.0139,0.0244,0.0153,0.9350,0.4111,0.9640,sell
2026-04-20,335.1983,12897300,338.3564,338.9560,334.4287,-0.0118,0.0507,0.1268,0.0344,0.0923,91.0469,0.0162,0.0266,0.0140,0.8440,-0.3448,0.6674,sell
2026-04-21,330.2712,14623800,335.3832,336.9672,329.4317,-0.0147,-0.0003,0.0873,0.0109,0.0757,82.5205,0.0179,0.0271,0.0114,0.7603,0.1339,0.7719,buy
2026-04-22,337.5269,12954200,334.6836,337.8267,332.7597,0.0220,0.0097,0.0730,0.0259,0.0984,82.3147,0.0160,0.0279,0.0101,0.8080,-0.1142,0.7109,hold
2026-04-23,337.5468,13442100,339.3708,339.9554,334.8585,0.0001,0.0150,0.0676,0.0193,0.0970,82.8701,0.0162,0.0288,0.0087,0.7781,0.0377,0.7561,buy
2026-04-24,342.1141,18260900,337.5169,343.4833,333.8491,0.0135,0.0086,0.0843,0.0249,0.1096,83.2192,0.0160,0.0297,0.0080,0.7993,0.3585,1.0600,buy
2026-04-27,348.3104,17443000,343.6732,350.6889,340.6050,0.0181,0.0391,0.0918,0.0344,0.1269,83.2017,0.0163,0.0314,0.0080,0.8445,-0.0448,1.0374,hold
2026-04-28,347.2910,18502300,346.7113,349.6895,344.0729,-0.0029,0.0515,0.0512,0.0262,0.1205,78.5565,0.0136,0.0325,0.0073,0.8205,0.0607,1.1145,hold
2026-04-29,347.1011,22232200,345.2722,353.1874,342.2240,-0.0005,0.0284,0.0384,0.0217,0.1167,77.6645,0.0135,0.0330,0.0062,0.7986,0.2016,1.3782,buy
2026-04-30,381.7103,44570500,371.0317,382.3999,362.8716,0.0997,0.1308,0.1478,0.1076,0.2219,86.8298,0.0327,0.0372,0.0103,1.1363,1.0048,2.6004,hold
2026-05-01,382.9895,28047900,377.7527,383.1594,375.0343,0.0034,0.1195,0.1291,0.0974,0.2198,86.4979,0.0328,0.0426,0.0126,1.0590,-0.3707,1.5695,hold
2026-05-04,379.4117,18275000,382.0901,383.9489,376.5434,-0.0093,0.0893,0.1319,0.0735,0.2034,80.7009,0.0326,0.0460,0.0126,0.9629,-0.3484,0.9998,buy
2026-05-05,384.0388,15432500,381.6403,388.7260,380.1212,0.0122,0.1058,0.1628,0.0703,0.2125,80.8780,0.0312,0.0483,0.0122,0.9574,-0.1555,0.8487,buy
2026-05-06,394.9023,23097300,389.3557,396.1416,386.8672,0.0283,0.1377,0.1700,0.0833,0.2402,84.7233,0.0314,0.0508,0.0126,0.9940,0.4967,1.2625,hold
2026-05-07,395.0622,15153600,396.8212,397.1160,390.0752,0.0004,0.0350,0.1704,0.0669,0.2343,83.5374,0.0314,0.0532,0.0120,0.9347,-0.3439,0.8271,hold
2026-05-08,396.8112,13762500,394.0329,398.1304,393.4332,0.0044,0.0361,0.1599,0.0560,0.2328,88.0134,0.0316,0.0546,0.0109,0.9031,-0.0918,0.7475,sell
2026-05-11,386.5374,16314900,390.4550,394.0928,385.9977,-0.0259,0.0188,0.1097,0.0183,0.1953,82.5660,0.0341,0.0547,0.0078,0.7776,0.1855,0.8764,hold
2026-05-12,383.5891,17103900,384.7684,386.2076,379.4916,-0.0076,-0.0012,0.1045,0.0010,0.1805,78.0592,0.0344,0.0527,0.0044,0.7251,0.0484,0.9224,buy
2026-05-13,398.8000,18160100,381.6753,399.6894,381.3505,0.0397,0.0099,0.1489,0.0268,0.2201,81.4857,0.0353,0.0514,0.0039,0.8364,0.0618,0.9714,hold
2026-05-14,396.9311,13805400,393.5531,398.8639,392.4918,-0.0047,0.0047,0.0399,0.0180,0.2075,78.9813,0.0189,0.0512,0.0028,0.7885,-0.2398,0.7387,sell
2026-05-15,393.0834,15801900,392.9785,395.6419,389.5256,-0.0097,-0.0094,0.0264,0.0055,0.1891,74.2740,0.0194,0.0500,0.0009,0.7273,0.1446,0.8544,hold
2026-05-18,392.8735,18592800,391.8891,404.2267,390.6649,-0.0005,0.0164,0.0355,0.0016,0.1816,74.9317,0.0190,0.0481,-0.0008,0.7041,0.1766,0.9901,sell
2026-05-19,384.6685,25559400,393.0634,393.1264,382.7696,-0.0209,0.0028,0.0016,-0.0195,0.1515,68.8914,0.0202,0.0453,-0.0037,0.6011,0.3747,1.3226,hold
2026-05-20,384.6685,16488100,384.8084,390.4650,379.7714,0.0000,-0.0354,-0.0259,-0.0170,0.1462,52.2818,0.0177,0.0417,-0.0058,0.5815,-0.3549,0.8454,hold
2026-05-21,383.2393,16837600,381.7802,388.4462,379.2518,-0.0037,-0.0345,-0.0299,-0.0176,0.1368,50.1923,0.0176,0.0384,-0.0075,0.5412,0.0212,0.8559,sell
2026-05-22,379.1518,13382800,383.0295,384.6385,378.0325,-0.0107,-0.0354,-0.0445,-0.0237,0.1196,49.8016,0.0176,0.0347,-0.0093,0.4548,-0.2052,0.6888,buy
2026-05-26,384.6085,16150900,380.7658,385.1582,378.9120,0.0144,-0.0210,-0.0050,-0.0092,0.1302,50.4296,0.0167,0.0318,-0.0093,0.5131,0.2068,0.8341,hold
2026-05-27,384.5985,16893100,382.5348,389.4906,381.7702,-0.0000,-0.0002,0.0026,-0.0094,0.1248,40.7100,0.0165,0.0295,-0.0093,0.4742,0.0460,0.8761,hold
2026-05-28,385.8878,20795400,383.6291,389.7654,381.0207,0.0034,0.0032,-0.0324,-0.0028,0.1236,41.8933,0.0094,0.0276,-0.0089,0.4285,0.2310,1.0825,sell
2026-05-29,376.2036,48018600,380.9957,381.4204,374.0749,-0.0251,-0.0184,-0.0522,-0.0226,0.0909,34.0304,0.0117,0.0244,-0.0103,0.0789,1.3091,2.4773,sell
2026-06-01,372.3559,19091900,372.3509,374.3747,369.4876,-0.0102,-0.0179,-0.0527,-0.0273,0.0756,37.7946,0.0117,0.0205,-0.0117,0.0098,-0.6024,1.0082,sell
2026-06-02,358.1744,34648600,362.9416,369.5676,354.7865,-0.0381,-0.0687,-0.0883,-0.0558,0.0311,31.6708,0.0154,0.0145,-0.0151,-0.2125,0.8148,1.7540,sell
2026-06-03,355.4661,43031000,358.1195,362.2820,354.1669,-0.0076,-0.0757,-0.0759,-0.0557,0.0200,11.8713,0.0149,0.0085,-0.0171,-0.1105,0.2419,2.0361,buy
2026-06-04,369.0479,37746200,355.2262,369.6375,354.5866,0.0382,-0.0436,-0.0406,-0.0155,0.0541,29.6588,0.0208,0.0064,-0.0146,0.2085,-0.1228,1.7262,sell
2026-06-05,365.5400,23411500,363.1614,368.9779,361.4125,-0.0095,-0.0283,-0.0462,-0.0203,0.0396,29.8066,0.0209,0.0042,-0.0136,0.1734,-0.3798,1.0508,sell
2026-06-08,361.1700,18739000,362.4850,363.3800,357.8900,-0.0120,-0.0300,-0.0474,-0.0273,0.0224,28.0929,0.0209,0.0015,-0.0133,0.1287,-0.1996,0.8318,hold
2026-06-09,362.2900,19873600,364.8850,369.6920,354.7200,0.0031,0.0115,-0.0580,-0.0184,0.0205,32.8580,0.0201,-0.0005,-0.0121,0.1870,0.0605,0.8752,sell
2026-06-10,353.3200,19878600,361.0500,366.3100,352.8100,-0.0248,-0.0060,-0.0813,-0.0345,-0.0093,28.8882,0.0208,-0.0041,-0.0128,0.0796,0.0003,0.8701,buy
2026-06-11,356.5600,28771800,353.0500,358.0100,343.6300,0.0092,-0.0338,-0.0760,-0.0178,-0.0041,32.4605,0.0212,-0.0061,-0.0118,0.1681,0.4474,1.2308,hold
2026-06-12,358.1600,17637100,361.1000,364.7730,353.3400,0.0045,-0.0202,-0.0480,-0.0084,-0.0031,35.7329,0.0206,-0.0072,-0.0103,0.2213,-0.3870,0.7484,buy
2026-06-15,367.1100,17268600,365.9900,370.6500,364.6500,0.0250,0.0164,-0.0141,0.0178,0.0176,38.6463,0.0225,-0.0059,-0.0071,0.4074,-0.0209,0.7305,buy
2026-06-16,371.1000,16492800,367.4650,373.6000,365.3200,0.0109,0.0243,0.0361,0.0252,0.0245,41.6718,0.0185,-0.0040,-0.0042,0.5094,-0.0449,0.7008,sell
2026-06-17,362.1000,16003500,367.0500,370.1500,360.2300,-0.0243,0.0248,0.0187,-0.0015,-0.0035,36.5987,0.0203,-0.0046,-0.0038,0.3336,-0.0297,0.6941,buy
2026-06-18,367.4600,29339100,363.8900,369.0000,356.6080,0.0148,0.0306,-0.0043,0.0137,0.0083,44.8218,0.0167,-0.0037,-0.0023,0.4713,0.8333,1.2379,sell
2026-06-22,348.7800,32211200,357.1350,358.2000,340.9400,-0.0508,-0.0262,-0.0459,-0.0333,-0.0447,38.1241,0.0231,-0.0074,-0.0048,0.0832,0.0979,1.3164,sell
2026-06-23,346.0800,21820900,340.1050,348.7200,339.7150,-0.0077,-0.0573,-0.0418,-0.0368,-0.0537,43.1108,0.0230,-0.0108,-0.0065,0.0803,-0.3226,0.8767,hold
2026-06-24,345.0400,23898400,348.7200,352.8300,341.5000,-0.0030,-0.0702,-0.0476,-0.0350,-0.0578,43.9461,0.0229,-0.0135,-0.0074,0.0975,0.0952,0.9454,sell
2026-06-25,342.1900,27687600,336.9200,343.1900,335.9000,-0.0083,-0.0550,-0.0315,-0.0400,-0.0662,32.1845,0.0218,-0.0163,-0.0081,0.0730,0.1586,1.0724,sell
2026-06-26,334.6900,82484600,340.9800,344.1200,333.6900,-0.0219,-0.0892,-0.0613,-0.0553,-0.0867,30.5657,0.0221,-0.0204,-0.0096,-0.0423,1.9791,2.8539,buy
2026-06-29,351.2800,25565700,339.9500,351.9700,338.8100,0.0496,0.0072,-0.0192,-0.0065,-0.0424,44.6009,0.0283,-0.0182,-0.0064,0.3521,-0.6901,0.9203,hold
2026-06-30,353.3300,21278400,350.9600,355.3900,348.1100,0.0058,0.0209,-0.0375,0.0032,-0.0376,45.1578,0.0269,-0.0165,-0.0038,0.4201,-0.1677,0.7630,buy
2026-07-01,357.8900,19546800,354.6150,359.5600,353.2300,0.0129,0.0372,-0.0356,0.0200,-0.0264,52.5934,0.0270,-0.0139,-0.0010,0.5374,-0.0814,0.7204,hold
2026-07-02,356.1800,15532900,356.1500,360.9900,350.3200,-0.0048,0.0409,-0.0163,0.0168,-0.0324,49.7805,0.0260,-0.0122,0.0005,0.4927,-0.2053,0.6030,buy
2026-07-06,364.9000,22652700,358.1950,365.6800,354.1900,0.0245,0.0903,-0.0070,0.0425,-0.0102,53.5966,0.0268,-0.0086,0.0031,0.7273,0.4584,0.9059,hold
2026-07-07,363.6200,16443900,367.2350,370.8900,362.4200,-0.0035,0.0351,0.0425,0.0344,-0.0150,47.9716,0.0203,-0.0062,0.0044,0.6981,-0.2741,0.6669,sell
2026-07-08,358.7100,14710400,362.2100,364.9800,354.7000,-0.0135,0.0152,0.0365,0.0168,-0.0292,42.8752,0.0208,-0.0054,0.0043,0.5713,-0.1054,0.6015,sell
2026-07-09,356.2400,17217400,351.0850,356.7300,348.6600,-0.0069,-0.0046,0.0325,0.0066,-0.0363,46.3566,0.0210,-0.0052,0.0037,0.5136,0.1704,0.7079,hold
2026-07-10,355.0300,11618500,354.9540,355.6800,350.7000,-0.0034,-0.0032,0.0375,-0.0004,-0.0400,41.8513,0.0207,-0.0052,0.0029,0.4785,-0.3252,0.4859,sell
2026-07-13,350.6700,10583500,353.9900,355.7500,349.8200,-0.0123,-0.0390,0.0477,-0.0171,-0.0519,51.5254,0.0196,-0.0062,0.0016,0.3694,-0.0891,0.4602,buy
2026-07-14,357.3300,11252600,348.8400,357.8800,348.8400,0.0190,-0.0173,0.0172,-0.0002,-0.0327,58.5344,0.0131,-0.0053,0.0019,0.5496,0.0632,0.4961,buy
2026-07-15,370.2100,20258200,356.0100,372.1400,355.6700,0.0360,0.0321,0.0478,0.0310,0.0029,66.1865,0.0171,-0.0016,0.0042,0.8828,0.8003,0.8874,sell
2026-07-16,353.8100,23603700,372.1700,374.3500,351.6700,-0.0443,-0.0068,-0.0114,-0.0136,-0.0402,56.3636,0.0227,-0.0026,0.0029,0.4725,0.1651,1.0180,sell
2026-07-17,346.1200,22023900,345.7700,348.1700,341.1250,-0.0217,-0.0251,-0.0282,-0.0323,-0.0591,56.2466,0.0236,-0.0050,0.0004,0.2773,-0.0669,0.9377,buy
2026-07-20,351.3700,13203300,350.1700,359.4900,350.0050,0.0152,0.0020,-0.0371,-0.0139,-0.0426,50.0561,0.0226,-0.0056,-0.0002,0.4453,-0.4005,0.5822,sell
2026-07-21,346.1900,17419500,350.5600,350.7400,346.0100,-0.0147,-0.0312,-0.0479,-0.0236,-0.0542,45.7133,0.0229,-0.0073,-0.0014,0.2944,0.3193,0.7940,sell
2026-07-22,341.9100,23273800,347.1800,349.4500,341.6400,-0.0124,-0.0764,-0.0468,-0.0311,-0.0631,40.3735,0.0228,-0.0096,-0.0029,0.1811,0.3361,1.0573,sell
2026-07-23,318.3400,46751900,321.6300,324.4500,314.8900,-0.0689,-0.1003,-0.1064,-0.0881,-0.1244,31.9569,0.0306,-0.0179,-0.0086,-0.2245,1.0088,2.0190,hold
