date,close,volume,open,high,low,return_1d,return_5d,return_10d,price_vs_ma10,price_vs_ma50,rsi_14,volatility_10d,macd_norm,macd_hist_norm,bb_position,volume_change,volume_vs_avg20,label
2021-09-10,382.3694,1276100,398.7493,398.7493,380.0864,-0.0363,-0.0341,-0.0019,-0.0196,-0.0678,37.9082,0.0155,-0.0118,0.0038,0.0523,1.0957,2.0049,buy
2021-09-13,389.0945,908000,384.6428,393.4130,383.2255,0.0176,-0.0157,0.0081,-0.0032,-0.0497,45.0092,0.0163,-0.0111,0.0034,0.4324,-0.2885,1.3808,sell
2021-09-14,382.3788,742300,391.3582,391.3582,381.9983,-0.0173,-0.0283,-0.0087,-0.0196,-0.0639,41.2629,0.0173,-0.0122,0.0020,0.1122,-0.1825,1.1157,hold
2021-09-15,381.4371,1206600,384.4525,387.0873,380.5715,-0.0025,-0.0302,-0.0109,-0.0209,-0.0639,44.8606,0.0173,-0.0130,0.0010,0.1159,0.6255,1.7499,hold
2021-09-16,379.6964,1090400,382.1695,384.4619,378.1649,-0.0046,-0.0430,-0.0159,-0.0239,-0.0656,46.5880,0.0173,-0.0138,0.0002,0.0863,-0.0963,1.5279,buy
2021-09-17,387.8958,1363600,377.8700,388.8756,377.8700,0.0216,0.0145,-0.0201,-0.0007,-0.0434,51.7478,0.0166,-0.0123,0.0011,0.4707,0.2506,1.8228,sell
2021-09-20,384.3954,656500,385.0993,387.1634,381.0281,-0.0090,-0.0121,-0.0276,-0.0070,-0.0497,48.8618,0.0168,-0.0121,0.0012,0.3277,-0.5186,0.8659,sell
2021-09-21,381.1993,455200,385.3276,388.4571,381.1613,-0.0083,-0.0031,-0.0313,-0.0121,-0.0550,46.3950,0.0168,-0.0124,0.0008,0.2089,-0.3066,0.5978,hold
2021-09-22,380.8188,592800,379.4205,383.2444,376.7571,-0.0010,-0.0016,-0.0318,-0.0098,-0.0533,45.9610,0.0168,-0.0125,0.0005,0.2213,0.3023,0.7648,hold
2021-09-23,381.8651,612400,381.8271,388.0671,380.9329,0.0027,0.0057,-0.0376,-0.0033,-0.0481,36.7549,0.0165,-0.0122,0.0007,0.2855,0.0331,0.7868,sell
2021-09-24,379.4491,550800,381.2754,384.1481,378.9925,-0.0063,-0.0218,-0.0076,-0.0088,-0.0510,35.5142,0.0120,-0.0124,0.0004,0.1944,-0.1006,0.7168,buy
2021-09-27,381.4371,432600,381.1612,385.2229,379.7725,0.0052,-0.0077,-0.0197,-0.0016,-0.0429,38.9880,0.0104,-0.0119,0.0007,0.2953,-0.2146,0.5719,sell
2021-09-28,375.7298,569100,379.0305,380.4954,373.7703,-0.0150,-0.0143,-0.0174,-0.0148,-0.0542,35.4330,0.0101,-0.0128,-0.0000,0.1025,0.3155,0.7602,hold
2021-09-29,376.7304,513500,376.3969,379.9131,373.8717,0.0027,-0.0107,-0.0123,-0.0110,-0.0488,32.7117,0.0102,-0.0130,-0.0002,0.1763,-0.0977,0.6908,sell
2021-09-30,370.8224,836000,378.7887,380.1990,370.6795,-0.0157,-0.0289,-0.0234,-0.0242,-0.0604,38.3284,0.0111,-0.0145,-0.0012,0.0332,0.6280,1.0999,buy
2021-10-01,373.1093,614600,372.7186,374.4720,365.0478,0.0062,-0.0167,-0.0381,-0.0144,-0.0513,32.2497,0.0081,-0.0148,-0.0012,0.1457,-0.2648,0.8114,sell
2021-10-04,366.8297,622700,373.4905,374.8817,365.0859,-0.0168,-0.0383,-0.0457,-0.0265,-0.0634,32.5651,0.0090,-0.0165,-0.0022,0.0002,0.0132,0.8191,buy
2021-10-05,370.0219,624300,366.4580,374.7292,366.4104,0.0087,-0.0152,-0.0293,-0.0151,-0.0516,37.8153,0.0098,-0.0166,-0.0019,0.1414,0.0026,0.8171,buy
2021-10-06,374.0145,760500,367.0964,374.5195,363.8756,0.0108,-0.0072,-0.0179,-0.0026,-0.0379,44.2133,0.0107,-0.0156,-0.0009,0.2938,0.2182,1.0115,buy
2021-10-07,384.8395,753200,376.5302,385.8401,376.0824,0.0289,0.0378,0.0078,0.0254,-0.0083,47.0453,0.0145,-0.0121,0.0018,0.7378,-0.0096,0.9923,buy
2021-10-08,393.3204,943000,386.3166,393.3490,383.7723,0.0220,0.0542,0.0366,0.0442,0.0144,57.8704,0.0156,-0.0077,0.0047,1.0073,0.2520,1.2702,buy
2021-10-11,395.3310,893800,393.0631,397.2654,389.8042,0.0051,0.0777,0.0364,0.0456,0.0201,62.7279,0.0156,-0.0039,0.0068,1.0253,-0.0522,1.2051,buy
2021-10-12,400.6196,1112200,396.4078,402.1538,394.5591,0.0134,0.0827,0.0662,0.0527,0.0342,66.3852,0.0144,0.0002,0.0086,1.0714,0.2443,1.4631,hold
2021-10-13,400.8769,1039300,401.0389,402.0013,395.3405,0.0006,0.0718,0.0641,0.0467,0.0350,65.9404,0.0145,0.0034,0.0094,0.9889,-0.0655,1.3824,buy
2021-10-14,414.4939,1696200,412.6072,423.0891,410.0629,0.0340,0.0771,0.1178,0.0701,0.0697,74.7370,0.0146,0.0082,0.0113,1.1374,0.6321,2.1687,buy
2021-10-15,420.2304,1833000,416.1615,423.6323,414.5130,0.0138,0.0684,0.1263,0.0719,0.0831,76.0067,0.0145,0.0130,0.0128,1.0988,0.0807,2.2754,sell
2021-10-18,417.8958,796100,420.7259,421.0880,414.3415,-0.0056,0.0571,0.1392,0.0522,0.0761,79.6066,0.0123,0.0163,0.0129,0.9743,-0.5657,0.9797,buy
2021-10-19,420.7068,657400,420.0112,421.9361,416.3044,0.0067,0.0501,0.1370,0.0459,0.0819,80.1122,0.0124,0.0191,0.0125,0.9441,-0.1742,0.7991,buy
2021-10-20,433.0756,1063300,423.4036,435.5722,423.4036,0.0294,0.0803,0.1579,0.0611,0.1115,89.1619,0.0134,0.0228,0.0131,1.0117,0.6174,1.2566,buy
2021-10-21,439.1074,507700,431.9892,439.7173,431.0077,0.0139,0.0594,0.1410,0.0618,0.1241,89.6496,0.0124,0.0266,0.0136,0.9914,-0.5225,0.6037,hold
2021-10-22,440.0984,423900,437.8400,443.1191,437.5446,0.0023,0.0473,0.1189,0.0523,0.1235,97.0045,0.0125,0.0296,0.0134,0.9334,-0.1651,0.5079,hold
2021-10-25,441.5945,583800,441.2515,443.4336,437.7543,0.0034,0.0567,0.1170,0.0443,0.1244,96.9379,0.0126,0.0319,0.0125,0.8930,0.3772,0.6932,buy
2021-10-26,445.1012,602000,442.6522,447.6073,440.9274,0.0079,0.0580,0.1110,0.0416,0.1303,96.9182,0.0126,0.0337,0.0116,0.8772,0.0312,0.7134,sell
2021-10-27,437.0397,699900,446.3495,446.3495,436.0010,-0.0181,0.0092,0.0902,0.0142,0.1074,85.7573,0.0153,0.0341,0.0093,0.7740,0.1626,0.8204,buy
2021-10-28,445.5776,805500,439.4695,447.0260,439.2884,0.0195,0.0147,0.0750,0.0266,0.1257,85.7684,0.0132,0.0345,0.0081,0.8188,0.1509,0.9458,sell
2021-10-29,441.3467,1079600,443.4145,445.7110,439.1550,-0.0095,0.0028,0.0502,0.0119,0.1124,80.5672,0.0140,0.0345,0.0063,0.7553,0.3403,1.2340,sell
2021-11-01,437.8687,924400,443.4050,445.0059,435.0385,-0.0079,-0.0084,0.0478,-0.0006,0.1011,75.3536,0.0142,0.0334,0.0040,0.7046,-0.1438,1.0387,sell
2021-11-02,435.5817,740300,439.5839,440.7369,433.1994,-0.0052,-0.0214,0.0354,-0.0092,0.0931,72.9867,0.0145,0.0317,0.0017,0.6644,-0.1992,0.8265,buy
2021-11-03,437.8115,1516900,415.9424,446.9022,415.9424,0.0051,0.0018,0.0109,-0.0052,0.0962,68.1880,0.0114,0.0302,0.0003,0.6744,1.0490,1.6248,sell
2021-11-04,432.1893,993200,435.5245,437.2683,428.7207,-0.0128,-0.0300,-0.0158,-0.0165,0.0797,59.3447,0.0112,0.0281,-0.0018,0.5821,-0.3452,1.0504,hold
2021-11-05,432.0750,725100,433.2185,442.8238,431.3413,-0.0003,-0.0210,-0.0182,-0.0149,0.0767,61.4780,0.0112,0.0258,-0.0032,0.5587,-0.2699,0.7758,hold
2021-11-08,433.0946,713800,433.4948,435.8866,427.0532,0.0024,-0.0109,-0.0192,-0.0107,0.0768,60.3273,0.0111,0.0238,-0.0041,0.5516,-0.0156,0.7711,sell
2021-11-09,429.1877,611800,433.2756,433.9999,426.5291,-0.0090,-0.0147,-0.0358,-0.0160,0.0647,46.2264,0.0107,0.0216,-0.0053,0.4443,-0.1429,0.6793,sell
2021-11-10,427.3867,457400,429.7690,433.5139,424.9854,-0.0042,-0.0238,-0.0221,-0.0180,0.0581,37.6058,0.0095,0.0191,-0.0063,0.3420,-0.2524,0.5248,sell
2021-11-11,425.4714,463100,426.9484,427.5678,418.9154,-0.0045,-0.0155,-0.0451,-0.0178,0.0513,34.8290,0.0056,0.0166,-0.0071,0.2482,0.0125,0.5718,sell
2021-11-12,424.4422,497300,426.7863,427.4819,422.4316,-0.0024,-0.0177,-0.0383,-0.0164,0.0473,32.0358,0.0054,0.0142,-0.0077,0.1981,0.0739,0.6692,sell
2021-11-15,417.5527,610400,424.5089,424.5089,416.9143,-0.0162,-0.0359,-0.0464,-0.0278,0.0291,23.0568,0.0066,0.0111,-0.0089,-0.0204,0.2274,0.8318,buy
2021-11-16,423.2130,720600,419.5729,430.5694,416.4283,0.0136,-0.0139,-0.0284,-0.0117,0.0415,35.8106,0.0087,0.0092,-0.0084,0.1475,0.1805,0.9777,sell
2021-11-17,417.7528,609500,423.0891,424.0420,417.3812,-0.0129,-0.0225,-0.0458,-0.0199,0.0269,19.5198,0.0088,0.0069,-0.0088,0.0425,-0.1542,0.8533,buy
2021-11-18,424.9664,774500,418.3818,425.0903,416.6380,0.0173,-0.0012,-0.0167,-0.0013,0.0432,33.1570,0.0106,0.0061,-0.0074,0.2793,0.2707,1.0644,sell
2021-11-19,414.3891,675900,426.8245,426.8245,413.1027,-0.0249,-0.0237,-0.0409,-0.0221,0.0156,28.9330,0.0129,0.0036,-0.0082,0.0435,-0.1273,0.9131,sell
2021-11-22,412.0259,443200,415.8375,417.4193,410.0248,-0.0057,-0.0132,-0.0486,-0.0228,0.0087,28.8935,0.0127,0.0011,-0.0087,0.0487,-0.3443,0.6045,buy
2021-11-23,416.6380,452900,411.6066,417.3050,410.9396,0.0112,-0.0155,-0.0292,-0.0089,0.0183,31.8048,0.0135,-0.0000,-0.0077,0.1937,0.0219,0.6240,hold
2021-11-24,415.6469,476600,415.9519,417.7338,412.9597,-0.0024,-0.0050,-0.0275,-0.0085,0.0141,34.5552,0.0135,-0.0011,-0.0071,0.2009,0.0523,0.6669,sell
2021-11-26,408.3096,651000,410.2249,411.7210,402.1253,-0.0177,-0.0392,-0.0403,-0.0220,-0.0052,30.4484,0.0143,-0.0034,-0.0076,0.0530,0.3659,0.9210,hold
2021-11-29,407.9094,463200,411.1874,411.4160,403.6785,-0.0010,-0.0156,-0.0390,-0.0191,-0.0071,29.0671,0.0144,-0.0052,-0.0075,0.0855,-0.2885,0.6852,sell
2021-11-30,399.9430,1184600,404.9744,406.8897,396.5221,-0.0195,-0.0293,-0.0422,-0.0341,-0.0272,27.2296,0.0147,-0.0083,-0.0085,-0.0311,1.5574,1.7191,sell
2021-12-01,397.9515,664800,403.2496,408.8051,397.7228,-0.0050,-0.0449,-0.0597,-0.0330,-0.0329,27.1490,0.0133,-0.0110,-0.0090,0.0029,-0.4388,0.9701,buy
2021-12-02,401.5916,790100,397.9515,404.2312,393.1966,0.0091,-0.0338,-0.0387,-0.0204,-0.0250,31.9453,0.0139,-0.0121,-0.0081,0.1221,0.1885,1.2175,hold
2021-12-03,401.8394,545800,403.4307,407.1375,398.2088,0.0006,-0.0158,-0.0544,-0.0142,-0.0253,32.7064,0.0119,-0.0129,-0.0071,0.1640,-0.3092,0.8711,buy
2021-12-06,412.1307,680900,406.2322,416.1901,404.0310,0.0256,0.0103,-0.0055,0.0116,-0.0020,46.0568,0.0134,-0.0110,-0.0043,0.4170,0.2475,1.0905,hold
2021-12-07,412.6168,468200,414.4083,415.9615,411.5591,0.0012,0.0317,0.0014,0.0127,-0.0023,41.6668,0.0133,-0.0095,-0.0023,0.4493,-0.3124,0.7649,buy
2021-12-08,419.2774,898400,413.1502,419.4108,409.2624,0.0161,0.0536,0.0063,0.0283,0.0117,51.1768,0.0138,-0.0069,0.0002,0.6458,0.9188,1.4342,buy
2021-12-09,430.9791,1120300,418.3913,431.2174,412.9025,0.0279,0.0732,0.0369,0.0531,0.0372,54.3403,0.0162,-0.0026,0.0035,0.9516,0.2470,1.6985,buy
2021-12-10,439.4695,905600,430.5980,441.0799,427.2818,0.0197,0.0936,0.0763,0.0657,0.0542,68.6666,0.0150,0.0022,0.0065,1.0788,-0.1916,1.3285,buy
2021-12-13,442.4998,709600,439.2790,444.9011,433.5235,0.0069,0.0737,0.0848,0.0641,0.0579,72.4579,0.0147,0.0064,0.0085,1.0504,-0.2164,1.0250,sell
2021-12-14,440.1080,985400,439.9460,445.4633,438.1069,-0.0054,0.0666,0.1004,0.0483,0.0485,67.8815,0.0122,0.0092,0.0091,0.9359,0.3887,1.3858,hold
2021-12-15,440.0508,767300,441.7375,443.0715,433.3138,-0.0001,0.0495,0.1058,0.0377,0.0449,68.8614,0.0116,0.0113,0.0090,0.8918,-0.2213,1.0756,sell
2021-12-16,435.9247,1005800,435.6198,440.4320,430.4551,-0.0094,0.0115,0.0855,0.0197,0.0321,72.4581,0.0132,0.0122,0.0079,0.7915,0.3108,1.3718,sell
2021-12-17,431.9797,1329500,437.4875,439.1741,430.5694,-0.0090,-0.0170,0.0750,0.0034,0.0204,68.5082,0.0141,0.0121,0.0061,0.7153,0.3218,1.7471,sell
2021-12-20,429.8547,878700,428.4730,433.4662,424.8043,-0.0049,-0.0286,0.0430,-0.0056,0.0137,75.2697,0.0130,0.0114,0.0043,0.6654,-0.3391,1.1395,hold
2021-12-21,428.9400,508000,430.2169,432.1893,425.5476,-0.0021,-0.0254,0.0396,-0.0115,0.0099,76.6645,0.0131,0.0105,0.0028,0.6362,-0.4219,0.6560,buy
2021-12-22,434.5621,477400,429.0734,435.0576,426.9293,0.0131,-0.0125,0.0365,-0.0020,0.0215,77.4342,0.0128,0.0106,0.0024,0.7103,-0.0602,0.6156,buy
2021-12-23,438.8502,352500,437.8306,440.9275,434.2572,0.0099,0.0067,0.0183,0.0060,0.0298,78.8559,0.0100,0.0114,0.0026,0.7545,-0.2616,0.4582,buy
2021-12-27,442.3664,259300,440.2224,442.4141,435.9629,0.0080,0.0240,0.0066,0.0134,0.0367,76.3582,0.0082,0.0124,0.0030,0.7796,-0.2644,0.3458,buy
2021-12-28,444.5294,315700,443.0905,447.8646,442.3854,0.0049,0.0341,0.0046,0.0179,0.0405,77.0298,0.0080,0.0135,0.0033,0.7830,0.2175,0.4252,buy
2021-12-29,446.9307,321300,444.2721,447.7312,443.9291,0.0054,0.0419,0.0155,0.0218,0.0447,75.2436,0.0079,0.0146,0.0035,0.7953,0.0177,0.4595,sell
2021-12-30,444.9839,804300,447.9710,450.4427,444.5450,-0.0044,0.0240,0.0112,0.0162,0.0390,65.5547,0.0081,0.0151,0.0032,0.7482,1.5033,1.1389,sell
2021-12-31,442.6745,347600,445.8810,447.0167,442.1400,-0.0052,0.0087,0.0155,0.0094,0.0332,54.1262,0.0076,0.0149,0.0023,0.6928,-0.5678,0.5081,buy
2022-01-03,444.1918,627000,440.3077,444.4590,435.6029,0.0034,0.0041,0.0283,0.0100,0.0365,52.2667,0.0066,0.0147,0.0018,0.7186,0.8038,0.9112,sell
2022-01-04,438.0269,650100,442.8844,444.5831,437.3207,-0.0139,-0.0146,0.0190,-0.0059,0.0222,47.4681,0.0082,0.0136,0.0003,0.5449,0.0368,0.9468,sell
2022-01-05,435.0112,725900,438.3132,443.9438,434.6200,-0.0069,-0.0267,0.0142,-0.0141,0.0154,44.2805,0.0086,0.0119,-0.0012,0.4068,0.1166,1.0378,sell
2022-01-06,350.7441,7652200,393.9561,402.8504,342.8709,-0.1937,-0.2118,-0.1929,-0.1897,-0.1776,15.7074,0.0618,-0.0064,-0.0180,-0.5253,9.5417,7.3779,hold
2022-01-07,346.5832,5517300,350.2669,353.7502,335.1599,-0.0119,-0.2171,-0.2102,-0.1818,-0.1839,15.6802,0.0610,-0.0240,-0.0287,-0.2376,-0.2790,4.3892,buy
2022-01-10,367.5880,3131800,342.1265,369.3153,342.1265,0.0606,-0.1725,-0.1690,-0.1166,-0.1313,28.2729,0.0659,-0.0308,-0.0282,0.0318,-0.4324,2.2888,hold
2022-01-11,373.7721,1878000,366.4047,374.4783,363.5226,0.0168,-0.1467,-0.1592,-0.0862,-0.1138,31.4327,0.0664,-0.0350,-0.0259,0.1303,-0.4003,1.3163,hold
2022-01-12,377.2266,1602600,372.7222,380.2613,371.8633,0.0092,-0.1328,-0.1560,-0.0618,-0.1031,30.4174,0.0666,-0.0371,-0.0225,0.1914,-0.1466,1.0995,hold
2022-01-13,375.6139,1615300,376.1292,379.4884,368.2656,-0.0043,0.0709,-0.1559,-0.0494,-0.1044,28.0000,0.0666,-0.0392,-0.0196,0.2115,0.0079,1.0769,hold
2022-01-14,373.7721,1113600,376.0147,381.6357,369.0863,-0.0049,0.0784,-0.1557,-0.0373,-0.1060,25.8546,0.0666,-0.0408,-0.0169,0.2275,-0.3106,0.7397,hold
2022-01-18,370.1647,1512500,369.9452,383.2867,367.5689,-0.0097,0.0070,-0.1667,-0.0281,-0.1120,24.0869,0.0663,-0.0426,-0.0148,0.2310,0.3582,0.9986,sell
2022-01-19,360.5832,1827600,370.5082,374.1251,358.2069,-0.0259,-0.0353,-0.1768,-0.0336,-0.1320,21.3453,0.0664,-0.0465,-0.0143,0.2003,0.2083,1.1700,hold
2022-01-20,365.5171,1267700,362.9786,371.3766,362.9786,0.0137,-0.0310,-0.1598,-0.0017,-0.1173,24.1413,0.0670,-0.0464,-0.0117,0.2572,-0.3064,0.7923,sell
2022-01-21,358.1115,2621300,369.4967,372.8845,355.2963,-0.0203,-0.0466,0.0210,-0.0239,-0.1322,23.3664,0.0248,-0.0489,-0.0108,0.2380,1.0678,1.5355,buy
2022-01-24,361.7857,1554800,356.9186,364.3433,347.1177,0.0103,-0.0321,0.0439,-0.0180,-0.1205,24.3935,0.0244,-0.0482,-0.0084,0.2840,-0.4069,0.8798,sell
2022-01-25,357.9111,1154900,355.9547,360.9554,348.6541,-0.0107,-0.0331,-0.0263,-0.0259,-0.1270,24.7458,0.0146,-0.0489,-0.0070,0.2823,-0.2572,0.6373,buy
2022-01-26,359.8675,1718000,356.9472,364.6677,354.4087,0.0055,-0.0020,-0.0372,-0.0169,-0.1195,26.1538,0.0133,-0.0478,-0.0049,0.3151,0.4876,0.9128,buy
2022-01-27,365.5552,1335600,360.8981,371.5866,360.2205,0.0158,0.0001,-0.0309,0.0018,-0.1033,59.3765,0.0142,-0.0446,-0.0019,0.3719,-0.2226,0.6910,buy
2022-01-28,368.5423,1233100,363.1504,369.5634,361.6043,0.0082,0.0291,-0.0188,0.0120,-0.0935,64.1114,0.0146,-0.0412,0.0009,0.4130,-0.0767,0.6310,buy
2022-01-31,374.5735,1471800,365.2784,376.6922,365.2116,0.0164,0.0353,0.0021,0.0283,-0.0767,55.5589,0.0156,-0.0365,0.0040,0.4851,0.1936,0.7320,hold
2022-02-01,372.8368,1580100,376.9595,379.3167,366.8341,-0.0046,0.0417,0.0072,0.0228,-0.0786,49.1991,0.0153,-0.0334,0.0058,0.5016,0.0736,0.7677,buy
2022-02-02,382.8954,1873100,389.7284,390.1960,374.0869,0.0270,0.0640,0.0619,0.0440,-0.0523,54.3613,0.0142,-0.0275,0.0085,0.6817,0.1854,0.8838,buy
2022-02-03,406.7440,3772300,413.2716,419.3316,398.9090,0.0623,0.1127,0.1128,0.0967,0.0070,67.8447,0.0228,-0.0173,0.0133,1.2449,1.0139,1.6606,buy
2022-02-04,410.2178,1912400,403.3180,418.9403,402.2873,0.0085,0.1131,0.1455,0.0907,0.0159,70.5081,0.0200,-0.0096,0.0166,1.1381,-0.4930,0.9636,hold
2022-02-07,410.6949,1180900,410.9144,414.7031,406.5341,0.0012,0.0964,0.1352,0.0780,0.0173,73.6392,0.0204,-0.0034,0.0182,1.0502,-0.3825,0.6680,buy
2022-02-08,413.2238,1277500,410.4467,415.4474,408.3663,0.0062,0.1083,0.1545,0.0691,0.0234,83.4548,0.0189,0.0019,0.0187,0.9932,0.0818,0.7626,buy
2022-02-09,416.6023,1632300,415.1135,420.1714,414.1973,0.0082,0.0880,0.1577,0.0622,0.0313,83.1211,0.0188,0.0066,0.0186,0.9601,0.2777,0.9816,sell
2022-02-10,412.4319,921500,414.1783,420.4578,410.8858,-0.0100,0.0140,0.1282,0.0392,0.0203,86.7607,0.0203,0.0095,0.0174,0.8639,-0.4355,0.5657,sell
2022-02-11,404.6063,1254400,410.7331,415.7242,402.5259,-0.0190,-0.0137,0.0979,0.0103,0.0006,77.4368,0.0226,0.0104,0.0147,0.7501,0.3613,0.7788,sell
2022-02-14,400.4742,749400,402.9936,405.7230,398.3746,-0.0102,-0.0249,0.0691,-0.0064,-0.0095,77.1820,0.0233,0.0100,0.0115,0.6866,-0.4026,0.4706,hold
2022-02-15,402.8217,1098600,404.3009,407.5265,401.5429,0.0059,-0.0252,0.0804,-0.0080,-0.0038,77.2954,0.0230,0.0100,0.0092,0.6932,0.4660,0.6989,buy
2022-02-16,409.1872,1017400,400.4169,411.4298,399.9493,0.0158,-0.0178,0.0687,0.0012,0.0121,77.4893,0.0222,0.0110,0.0081,0.7385,-0.0739,0.6644,sell
2022-02-17,405.3126,530600,408.1469,408.6527,402.5927,-0.0095,-0.0173,-0.0035,-0.0079,0.0029,72.9101,0.0111,0.0111,0.0066,0.6757,-0.4785,0.3550,sell
2022-02-18,402.4876,836200,405.3697,409.8646,401.4188,-0.0070,-0.0052,-0.0188,-0.0130,-0.0033,68.1160,0.0108,0.0105,0.0048,0.6253,0.5760,0.5951,hold
2022-02-22,401.3617,937900,403.5852,406.2955,398.0788,-0.0028,0.0022,-0.0227,-0.0135,-0.0046,68.6603,0.0108,0.0096,0.0031,0.5936,0.1216,0.6824,sell
2022-02-23,394.8626,946600,404.1101,405.9233,394.4904,-0.0162,-0.0198,-0.0444,-0.0251,-0.0185,58.2111,0.0112,0.0077,0.0008,0.4875,0.0093,0.6940,buy
2022-02-24,402.0583,1059500,391.2744,402.5450,389.5566,0.0182,-0.0174,-0.0349,-0.0037,0.0014,45.8326,0.0128,0.0073,0.0004,0.5657,0.1193,0.7960,buy
2022-02-25,412.8994,795800,402.7454,414.9894,402.4305,0.0270,0.0187,0.0011,0.0230,0.0298,52.1086,0.0157,0.0089,0.0018,0.7214,-0.2489,0.6102,hold
2022-02-28,414.4836,721200,406.0187,414.9702,406.0187,0.0038,0.0298,0.0244,0.0244,0.0350,52.9281,0.0142,0.0104,0.0027,0.7387,-0.0937,0.5641,sell
2022-03-01,411.3153,691800,411.1149,416.5450,405.3603,-0.0076,0.0248,0.0271,0.0139,0.0284,48.5394,0.0139,0.0110,0.0026,0.6612,-0.0408,0.5581,buy
2022-03-02,416.5164,904400,412.6132,420.5437,412.6132,0.0126,0.0548,0.0340,0.0233,0.0422,49.9361,0.0143,0.0122,0.0031,0.8058,0.3073,0.7501,hold
2022-03-03,416.0965,736200,417.2321,419.6561,412.5559,-0.0010,0.0349,0.0169,0.0205,0.0419,52.8898,0.0136,0.0130,0.0031,0.8166,-0.1860,0.6408,buy
2022-03-04,421.2308,900300,411.8593,421.9274,408.9581,0.0123,0.0202,0.0393,0.0291,0.0551,63.6908,0.0134,0.0143,0.0036,0.9484,0.2229,0.8956,sell
2022-03-07,407.3358,867000,420.5341,421.2308,406.6868,-0.0330,-0.0172,0.0120,-0.0061,0.0217,54.8680,0.0176,0.0130,0.0016,0.4466,-0.0370,0.9098,hold
2022-03-08,405.2648,782800,404.5395,413.5197,402.7263,-0.0051,-0.0147,0.0097,-0.0120,0.0182,51.7401,0.0177,0.0112,-0.0003,0.3814,-0.0971,0.8390,buy
2022-03-09,409.5688,725800,412.8422,412.8422,405.8661,0.0106,-0.0167,0.0372,-0.0051,0.0307,50.2801,0.0168,0.0103,-0.0008,0.5450,-0.0728,0.8016,hold
2022-03-10,411.6015,828700,404.0051,413.1284,401.9723,0.0050,-0.0108,0.0237,-0.0025,0.0376,54.7430,0.0160,0.0099,-0.0009,0.6335,0.1418,0.9577,sell
2022-03-11,406.6581,618800,419.8947,419.8947,406.2192,-0.0120,-0.0346,-0.0151,-0.0130,0.0272,53.0479,0.0140,0.0087,-0.0018,0.4557,-0.2533,0.7279,buy
2022-03-14,412.2123,1021300,410.6091,414.8749,406.3719,0.0137,0.0120,-0.0055,0.0010,0.0430,57.4479,0.0147,0.0085,-0.0015,0.6544,0.6505,1.2180,buy
2022-03-15,419.7801,1144500,416.0869,422.8626,413.6820,0.0184,0.0358,0.0206,0.0173,0.0633,66.8560,0.0156,0.0096,-0.0001,0.8942,0.1206,1.3335,buy
2022-03-16,422.5954,800600,421.9655,426.5844,415.2280,0.0067,0.0318,0.0146,0.0227,0.0716,64.7680,0.0153,0.0110,0.0010,0.9326,-0.3005,0.9493,hold
2022-03-17,420.9444,1241200,420.4291,423.1489,418.7686,-0.0039,0.0227,0.0117,0.0175,0.0684,56.6662,0.0153,0.0117,0.0014,0.8367,0.5503,1.4524,hold
2022-03-18,420.4863,2086100,425.6874,425.6874,419.0262,-0.0011,0.0340,-0.0018,0.0165,0.0680,55.0685,0.0148,0.0121,0.0014,0.7895,0.6807,2.2375,sell
2022-03-21,416.9171,1095100,418.5872,423.0248,415.4952,-0.0085,0.0114,0.0235,0.0056,0.0554,54.6982,0.0100,0.0116,0.0006,0.6557,-0.4750,1.1585,buy
2022-03-22,418.4059,1251500,417.2320,421.9846,416.9171,0.0036,-0.0033,0.0324,0.0060,0.0553,51.6899,0.0097,0.0113,0.0003,0.6849,0.1428,1.3023,sell
2022-03-23,410.9431,906800,416.7740,418.6064,410.5900,-0.0178,-0.0276,0.0034,-0.0123,0.0342,45.9066,0.0113,0.0097,-0.0012,0.3753,-0.2754,0.9456,buy
2022-03-24,417.4420,819500,411.7828,418.8067,410.7712,0.0158,-0.0083,0.0142,0.0019,0.0483,47.0544,0.0123,0.0092,-0.0012,0.6350,-0.0963,0.8654,sell
2022-03-25,415.6480,702800,419.9043,419.9043,415.4381,-0.0043,-0.0115,0.0221,-0.0045,0.0418,57.9603,0.0116,0.0086,-0.0015,0.5422,-0.1424,0.7458,hold
2022-03-28,415.1803,600800,420.2669,421.6984,413.7298,-0.0011,-0.0042,0.0072,-0.0064,0.0385,59.7965,0.0109,0.0079,-0.0017,0.5180,-0.1451,0.6417,buy
2022-03-29,418.9022,619700,419.3698,420.7249,415.3807,0.0090,0.0012,-0.0021,0.0028,0.0455,59.3286,0.0095,0.0079,-0.0013,0.6788,0.0315,0.6644,hold
2022-03-30,420.0762,1093700,419.5217,421.4529,413.4508,0.0028,0.0222,-0.0060,0.0062,0.0458,58.6183,0.0093,0.0081,-0.0009,0.7221,0.7649,1.1608,sell
2022-03-31,416.0417,1412700,418.2214,425.8124,415.6114,-0.0096,-0.0034,-0.0116,-0.0023,0.0329,59.7222,0.0097,0.0075,-0.0013,0.5321,0.2917,1.4475,buy
2022-04-01,422.0074,750300,417.4471,424.4071,413.3457,0.0143,0.0153,0.0036,0.0116,0.0448,60.0628,0.0108,0.0078,-0.0006,0.8087,-0.4689,0.7747,sell
2022-04-04,418.4509,669300,421.6537,424.0629,416.7396,-0.0084,0.0079,0.0037,0.0027,0.0329,48.5118,0.0108,0.0075,-0.0008,0.6238,-0.1080,0.6982,buy
2022-04-05,423.7379,786000,416.0609,428.2408,416.0609,0.0126,0.0115,0.0127,0.0141,0.0428,51.2121,0.0115,0.0081,-0.0002,0.8685,0.1744,0.8198,buy
2022-04-06,429.3116,834200,425.2580,430.1625,422.0839,0.0132,0.0220,0.0447,0.0230,0.0528,58.1946,0.0098,0.0094,0.0010,1.0617,0.0613,0.8652,buy
2022-04-07,437.4857,1527000,430.0477,438.8146,429.1108,0.0190,0.0515,0.0480,0.0375,0.0688,64.4629,0.0103,0.0117,0.0028,1.2038,0.8305,1.5284,hold
2022-04-08,437.6865,968500,439.7803,440.9466,435.6884,0.0005,0.0372,0.0530,0.0326,0.0655,68.7448,0.0099,0.0135,0.0037,1.1021,-0.3657,0.9527,sell
2022-04-11,431.4914,853300,439.7803,440.5451,430.3441,-0.0142,0.0312,0.0393,0.0140,0.0472,60.8852,0.0115,0.0139,0.0031,0.8436,-0.1189,0.8464,sell
2022-04-12,429.3021,905500,429.8757,433.0307,427.0554,-0.0051,0.0131,0.0248,0.0064,0.0391,66.7407,0.0117,0.0135,0.0022,0.7440,0.0612,0.9089,buy
2022-04-13,438.6139,1146700,437.1512,441.4438,433.2123,0.0217,0.0217,0.0441,0.0238,0.0583,68.3636,0.0132,0.0144,0.0027,0.9775,0.2664,1.1314,hold
2022-04-14,440.3157,1602500,440.7841,444.7900,438.4705,0.0039,0.0065,0.0583,0.0220,0.0595,71.4300,0.0123,0.0155,0.0030,0.9529,0.3975,1.5534,sell
2022-04-18,434.0152,563200,438.8337,443.8911,432.1892,-0.0143,-0.0084,0.0285,0.0046,0.0429,64.8571,0.0133,0.0152,0.0021,0.7537,-0.6485,0.5895,buy
2022-04-19,438.5278,1148700,436.3193,444.1971,435.4684,0.0104,0.0163,0.0480,0.0103,0.0524,65.2901,0.0129,0.0153,0.0019,0.8349,1.0396,1.1989,buy
2022-04-20,445.0289,852200,441.0614,446.5777,437.7534,0.0148,0.0366,0.0502,0.0203,0.0662,67.9504,0.0130,0.0163,0.0024,0.9353,-0.2581,0.9084,sell
2022-04-21,435.8797,839100,448.4708,448.7098,435.6693,-0.0206,-0.0062,0.0153,-0.0022,0.0431,63.2928,0.0149,0.0158,0.0013,0.6945,-0.0154,0.8976,sell
2022-04-22,424.9425,715500,432.9350,433.3079,424.6939,-0.0251,-0.0349,-0.0287,-0.0244,0.0166,51.8438,0.0157,0.0132,-0.0013,0.4029,-0.1473,0.7697,sell
2022-04-25,422.1221,1052700,424.4357,424.5696,413.9001,-0.0066,-0.0274,-0.0356,-0.0274,0.0093,52.3278,0.0157,0.0103,-0.0035,0.3130,0.4713,1.1115,sell
2022-04-26,411.5769,969900,420.1526,423.1450,411.5291,-0.0250,-0.0615,-0.0462,-0.0473,-0.0162,42.7710,0.0168,0.0060,-0.0065,0.0452,-0.0787,1.0045,buy
2022-04-27,423.8813,1184500,423.8239,428.3651,411.8064,0.0299,-0.0475,-0.0126,-0.0176,0.0121,47.0112,0.0201,0.0046,-0.0061,0.3609,0.2213,1.1919,buy
2022-04-28,438.8146,1258300,425.5639,440.6024,421.8926,0.0352,0.0067,0.0005,0.0169,0.0459,50.6807,0.0221,0.0061,-0.0033,0.7396,0.0623,1.2558,sell
2022-04-29,425.0189,986500,435.0670,436.4723,423.6135,-0.0314,0.0002,-0.0347,-0.0115,0.0123,44.3040,0.0242,0.0051,-0.0037,0.3456,-0.2160,1.0059,sell
2022-05-02,414.4547,1031300,427.7245,428.8431,407.1791,-0.0249,-0.0182,-0.0451,-0.0317,-0.0133,42.6291,0.0250,0.0021,-0.0056,0.0794,0.0454,1.0367,hold
2022-05-03,414.7128,597100,417.1889,422.6671,413.9479,0.0006,0.0076,-0.0543,-0.0257,-0.0133,43.5806,0.0245,-0.0003,-0.0064,0.1034,-0.4210,0.6024,buy
2022-05-04,422.8965,669600,418.4222,423.8142,411.5100,0.0197,-0.0023,-0.0497,-0.0013,0.0052,43.0149,0.0250,-0.0006,-0.0052,0.3196,0.1214,0.6796,sell
2022-05-05,414.9231,679400,420.4872,423.2502,411.4526,-0.0189,-0.0544,-0.0481,-0.0152,-0.0147,39.3110,0.0249,-0.0024,-0.0057,0.1506,0.0146,0.6950,sell
2022-05-06,411.7300,784200,411.4623,418.0303,407.6190,-0.0077,-0.0313,-0.0311,-0.0197,-0.0227,40.3670,0.0239,-0.0044,-0.0062,0.1223,0.1543,0.8339,sell
2022-05-09,405.8503,896700,408.3838,410.1429,402.9822,-0.0143,-0.0208,-0.0385,-0.0300,-0.0364,36.0399,0.0241,-0.0072,-0.0072,0.0547,0.1435,0.9571,buy
2022-05-10,413.7758,1047200,408.9000,416.7300,405.4104,0.0195,-0.0023,0.0053,-0.0115,-0.0175,36.8089,0.0239,-0.0075,-0.0060,0.2529,0.1678,1.1063,hold
2022-05-11,412.7529,925100,412.4947,425.4396,411.8924,-0.0025,-0.0240,-0.0263,-0.0114,-0.0200,39.5199,0.0216,-0.0080,-0.0052,0.2548,-0.1166,0.9763,hold
2022-05-12,410.0855,1065700,412.4565,414.1870,403.2881,-0.0065,-0.0117,-0.0655,-0.0109,-0.0261,42.7220,0.0170,-0.0088,-0.0048,0.2272,0.1520,1.1296,buy
2022-05-13,419.5982,838500,411.1180,421.3382,407.8484,0.0232,0.0191,-0.0128,0.0133,-0.0036,48.8397,0.0169,-0.0073,-0.0027,0.4457,-0.2132,0.9262,hold
2022-05-16,421.5963,461000,419.9041,425.2962,416.5102,0.0048,0.0388,0.0172,0.0164,0.0011,54.9991,0.0148,-0.0058,-0.0010,0.5043,-0.4502,0.5121,hold
2022-05-17,421.2234,564000,426.0896,426.3573,419.1966,-0.0009,0.0180,0.0157,0.0139,-0.0004,48.4947,0.0148,-0.0047,0.0001,0.5169,0.2234,0.6476,sell
2022-05-18,401.5767,948700,417.5618,418.1736,398.6225,-0.0466,-0.0271,-0.0504,-0.0284,-0.0469,29.9784,0.0198,-0.0078,-0.0022,0.0407,0.6821,1.0833,buy
2022-05-19,413.0110,1065700,395.6110,416.7205,392.8098,0.0285,0.0071,-0.0046,-0.0003,-0.0199,43.3755,0.0217,-0.0075,-0.0017,0.3718,0.1233,1.2014,buy
2022-05-20,420.2961,646700,413.6611,421.4720,407.5042,0.0176,0.0017,0.0208,0.0153,-0.0030,53.3436,0.0222,-0.0058,-0.0001,0.6025,-0.3932,0.7319,hold
2022-05-23,421.9883,596800,422.3803,426.1949,420.7550,0.0040,0.0009,0.0398,0.0154,0.0002,54.0972,0.0214,-0.0042,0.0012,0.6553,-0.0772,0.6933,hold
2022-05-24,421.0609,629600,420.1813,421.5007,413.0014,-0.0022,-0.0004,0.0176,0.0114,-0.0024,48.8743,0.0208,-0.0031,0.0019,0.6125,0.0550,0.7461,buy
2022-05-25,425.1433,534700,422.4759,427.2944,419.4453,0.0097,0.0587,0.0300,0.0182,0.0070,56.5818,0.0209,-0.0014,0.0028,0.7365,-0.1507,0.6590,buy
2022-05-26,432.3423,496500,428.6615,434.1779,425.7933,0.0169,0.0468,0.0543,0.0299,0.0236,62.6229,0.0210,0.0012,0.0043,1.0228,-0.0714,0.6421,buy
2022-05-27,440.9370,522500,432.9923,441.5680,430.0095,0.0199,0.0491,0.0509,0.0451,0.0430,70.7955,0.0207,0.0048,0.0062,1.1485,0.0524,0.6966,sell
2022-05-31,434.2639,1028600,437.4762,439.0154,432.9637,-0.0151,0.0291,0.0300,0.0262,0.0265,62.3260,0.0217,0.0064,0.0063,0.9016,0.9686,1.3716,sell
2022-06-01,427.9157,521700,435.7266,437.2945,425.2005,-0.0146,0.0163,0.0159,0.0096,0.0110,58.5730,0.0224,0.0065,0.0051,0.7141,-0.4928,0.6992,hold
2022-06-02,429.7896,474300,429.2637,430.3632,420.1240,0.0044,0.0109,0.0703,0.0073,0.0149,61.2414,0.0145,0.0067,0.0043,0.7475,-0.0909,0.6441,sell
2022-06-03,422.9635,256400,426.7876,427.5716,422.3898,-0.0159,-0.0217,0.0241,-0.0110,-0.0018,51.9807,0.0140,0.0056,0.0025,0.5652,-0.4594,0.3585,hold
2022-06-06,424.5791,365700,424.4644,429.2637,422.0361,0.0038,-0.0371,0.0102,-0.0082,0.0017,51.7635,0.0130,0.0049,0.0015,0.5916,0.4263,0.5267,buy
2022-06-07,430.0095,400200,425.6117,430.8508,421.9883,0.0128,-0.0098,0.0190,0.0026,0.0138,54.9014,0.0135,0.0053,0.0015,0.7118,0.0943,0.5978,hold
2022-06-08,430.7170,424100,426.8546,435.4781,425.8125,0.0016,0.0065,0.0229,0.0020,0.0147,70.6113,0.0134,0.0057,0.0015,0.7090,0.0597,0.6644,hold
2022-06-09,429.8565,693000,430.6691,433.9483,427.0744,-0.0020,0.0002,0.0111,-0.0011,0.0122,64.0107,0.0132,0.0058,0.0013,0.6660,0.6340,1.1058,sell
2022-06-10,424.6653,627100,424.1681,429.0344,423.1069,-0.0121,0.0040,-0.0178,-0.0114,-0.0003,53.7651,0.0125,0.0049,0.0003,0.4997,-0.0951,1.0369,sell
2022-06-13,407.5424,984800,414.9230,417.2175,404.7603,-0.0403,-0.0401,-0.0757,-0.0438,-0.0402,40.1665,0.0152,0.0009,-0.0031,0.0444,0.5704,1.6089,sell
2022-06-14,405.2957,686800,405.3818,409.1581,401.0891,-0.0055,-0.0575,-0.0667,-0.0426,-0.0447,39.4578,0.0150,-0.0028,-0.0055,0.0505,-0.3026,1.1017,buy
2022-06-15,414.1774,820600,407.1027,418.6804,407.1027,0.0219,-0.0384,-0.0321,-0.0184,-0.0236,43.1094,0.0171,-0.0039,-0.0052,0.2858,0.1948,1.2898,sell
2022-06-16,404.6074,982600,404.6934,406.8541,400.2957,-0.0231,-0.0587,-0.0586,-0.0354,-0.0453,33.0766,0.0180,-0.0067,-0.0065,0.0328,0.1974,1.5403,buy
2022-06-17,409.6075,1693400,408.0108,411.8828,404.0433,0.0124,-0.0355,-0.0316,-0.0203,-0.0326,30.0061,0.0184,-0.0077,-0.0060,0.1707,0.7234,2.5301,buy
2022-06-21,429.2446,1063000,415.4871,435.3728,413.3647,0.0479,0.0533,0.0110,0.0255,0.0142,47.2516,0.0245,-0.0045,-0.0022,0.6454,-0.3723,1.5403,hold
2022-06-22,428.3554,932100,424.4835,436.4245,424.4835,-0.0021,0.0569,-0.0038,0.0238,0.0125,50.2561,0.0242,-0.0023,-0.0000,0.6151,-0.1231,1.3186,buy
2022-06-23,434.6559,1021400,431.0803,436.9121,428.9100,0.0147,0.0494,0.0091,0.0379,0.0273,52.6952,0.0247,0.0006,0.0023,0.7462,0.0958,1.4060,hold
2022-06-24,436.7305,2498300,434.7133,437.2563,426.4339,0.0048,0.0794,0.0160,0.0411,0.0318,58.0483,0.0247,0.0032,0.0039,0.7725,1.4460,3.0295,buy
2022-06-27,443.9773,856300,436.9790,449.1973,435.7171,0.0166,0.0839,0.0455,0.0535,0.0486,60.6397,0.0245,0.0064,0.0057,0.9000,-0.6572,1.0162,hold
2022-06-28,441.8740,912000,446.4056,456.4536,441.2908,-0.0047,0.0294,0.0842,0.0401,0.0436,56.7541,0.0193,0.0086,0.0063,0.8514,0.0650,1.0579,buy
2022-06-29,448.5087,719400,443.0021,451.7265,438.2041,0.0150,0.0470,0.1066,0.0451,0.0585,59.4880,0.0187,0.0112,0.0071,0.9423,-0.2112,0.8497,hold
2022-06-30,448.2597,1210000,447.6660,451.8798,445.1377,-0.0006,0.0313,0.0823,0.0362,0.0575,59.8785,0.0186,0.0132,0.0073,0.8884,0.6820,1.3733,buy
2022-07-01,458.6888,902300,446.9382,459.4263,443.6150,0.0233,0.0503,0.1337,0.0473,0.0814,67.2909,0.0154,0.0160,0.0082,0.9921,-0.2543,0.9998,sell
2022-07-05,452.9044,877700,454.0728,456.7256,439.9950,-0.0126,0.0201,0.1057,0.0239,0.0669,76.0560,0.0174,0.0175,0.0077,0.8528,-0.0273,0.9402,buy
2022-07-06,457.2715,926700,455.2508,460.4415,452.2150,0.0096,0.0348,0.0653,0.0273,0.0755,79.1450,0.0113,0.0190,0.0074,0.8715,0.0558,0.9637,hold
2022-07-07,456.1894,667800,457.7696,460.3457,455.3754,-0.0024,0.0171,0.0650,0.0185,0.0713,75.8160,0.0113,0.0198,0.0066,0.8210,-0.2794,0.6849,buy
2022-07-08,462.9218,914200,453.3546,469.3765,451.9660,0.0148,0.0327,0.0650,0.0270,0.0845,87.1286,0.0113,0.0211,0.0065,0.8682,0.3690,0.9147,buy
2022-07-11,466.4173,805700,460.0679,469.9990,460.0679,0.0076,0.0168,0.0680,0.0280,0.0905,86.8771,0.0113,0.0226,0.0064,0.8667,-0.1187,0.8016,sell
2022-07-12,462.7207,696500,462.7877,468.2944,460.7575,-0.0079,0.0217,0.0422,0.0157,0.0806,77.4012,0.0116,0.0231,0.0054,0.7894,-0.1355,0.6906,sell
2022-07-13,453.5174,849900,458.5931,464.0423,453.2205,-0.0199,-0.0082,0.0264,-0.0071,0.0577,68.1284,0.0137,0.0220,0.0032,0.6602,0.2202,0.8483,hold
2022-07-14,452.5981,868800,450.1081,454.5421,443.9502,-0.0020,-0.0079,0.0091,-0.0100,0.0537,64.0133,0.0130,0.0203,0.0012,0.6301,0.0222,0.8594,buy
2022-07-15,466.9058,2043800,461.9354,468.6966,458.0377,0.0316,0.0086,0.0416,0.0172,0.0844,69.7867,0.0162,0.0207,0.0017,0.8011,1.3524,1.9064,sell
2022-07-18,463.9561,774800,465.9864,470.0661,462.5770,-0.0063,-0.0053,0.0115,0.0096,0.0755,63.8830,0.0150,0.0208,0.0014,0.7527,-0.6209,0.7298,buy
2022-07-19,474.3469,622900,467.5091,476.4155,463.8987,0.0224,0.0251,0.0473,0.0274,0.0966,70.2345,0.0155,0.0219,0.0023,0.9302,-0.1961,0.6178,sell
2022-07-20,463.2187,1079700,475.1322,475.1322,460.9394,-0.0235,0.0214,0.0130,0.0020,0.0683,58.6800,0.0177,0.0215,0.0011,0.6976,0.7333,1.0701,hold
2022-07-21,465.1436,708900,462.3472,466.8004,457.5684,0.0042,0.0277,0.0196,0.0043,0.0698,59.7695,0.0176,0.0207,0.0004,0.7244,-0.3434,0.7104,buy
2022-07-22,468.2752,504800,467.5857,469.7021,462.6057,0.0067,0.0029,0.0116,0.0098,0.0743,56.0586,0.0172,0.0204,0.0001,0.7805,-0.2879,0.5193,buy
2022-07-25,470.9759,896700,467.8251,472.6997,466.7621,0.0058,0.0151,0.0098,0.0147,0.0776,61.8844,0.0171,0.0203,0.0001,0.8327,0.7763,1.0053,hold
2022-07-26,471.4451,862500,472.1347,473.5616,468.1124,0.0010,-0.0061,0.0189,0.0138,0.0757,59.8247,0.0168,0.0202,0.0000,0.8187,-0.0381,0.9667,sell
2022-07-27,458.1047,1749300,466.8196,466.8196,451.3435,-0.0283,-0.0110,0.0101,-0.0159,0.0434,51.1348,0.0182,0.0181,-0.0021,0.4011,1.0282,1.8727,buy
2022-07-28,463.5252,1077200,460.5851,464.8564,455.3562,0.0118,-0.0035,0.0241,-0.0066,0.0537,50.3631,0.0185,0.0166,-0.0027,0.5589,-0.3842,1.1315,hold
2022-07-29,461.6002,823200,460.8819,463.8124,455.5381,-0.0042,-0.0143,-0.0114,-0.0096,0.0474,47.0450,0.0154,0.0151,-0.0034,0.4626,-0.2358,0.8826,sell
2022-08-01,454.5518,1047200,461.6002,463.5156,447.4937,-0.0153,-0.0349,-0.0203,-0.0227,0.0290,45.1868,0.0160,0.0127,-0.0049,0.1988,0.2721,1.1141,buy
2022-08-02,458.1430,752900,454.4368,460.2595,451.2956,0.0079,-0.0282,-0.0342,-0.0116,0.0350,52.9185,0.0141,0.0110,-0.0052,0.3192,-0.2810,0.8064,buy
2022-08-03,461.4087,670900,459.8286,464.7702,458.4112,0.0071,0.0072,-0.0039,-0.0041,0.0404,55.3991,0.0125,0.0101,-0.0047,0.4424,-0.1089,0.7285,sell
2022-08-04,459.6178,411200,462.8452,462.8452,457.1566,-0.0039,-0.0084,-0.0119,-0.0068,0.0346,44.7248,0.0124,0.0091,-0.0046,0.3575,-0.3871,0.4528,buy
2022-08-05,463.5347,552000,457.4726,463.6975,455.9499,0.0085,0.0042,-0.0101,0.0027,0.0415,49.6992,0.0125,0.0088,-0.0039,0.5227,0.3424,0.6203,hold
2022-08-08,462.1078,427600,466.4173,467.8922,460.7575,-0.0031,0.0166,-0.0188,0.0015,0.0365,39.9812,0.0123,0.0083,-0.0035,0.4710,-0.2254,0.4909,buy
2022-08-09,467.0973,354000,464.7606,471.7229,464.4637,0.0108,0.0195,-0.0092,0.0133,0.0461,53.5297,0.0130,0.0086,-0.0025,0.6732,-0.1721,0.4146,hold
2022-08-10,465.4310,381100,470.9663,472.3454,462.9889,-0.0036,0.0087,0.0160,0.0081,0.0412,50.2627,0.0088,0.0085,-0.0021,0.5834,0.0766,0.4589,sell
2022-08-11,463.5826,664400,463.8507,466.4939,459.0431,-0.0040,0.0086,0.0001,0.0041,0.0357,45.6061,0.0082,0.0080,-0.0021,0.4708,0.7434,0.8100,buy
2022-08-12,475.8504,556600,466.6663,476.3197,464.4828,0.0265,0.0266,0.0309,0.0275,0.0609,53.8707,0.0115,0.0094,-0.0004,1.0135,-0.1623,0.7462,buy
2022-08-15,477.5073,472700,472.8721,480.7634,472.8721,0.0035,0.0333,0.0505,0.0260,0.0623,54.7246,0.0095,0.0107,0.0008,0.9942,-0.1507,0.6468,sell
2022-08-16,474.2607,531000,477.8998,478.7713,470.3342,-0.0068,0.0153,0.0352,0.0155,0.0527,64.9423,0.0102,0.0113,0.0010,0.8636,0.1233,0.7312,hold
2022-08-17,474.7396,404500,472.5561,477.9478,472.5561,0.0010,0.0200,0.0289,0.0136,0.0514,61.4154,0.0101,0.0115,0.0010,0.8416,-0.2382,0.5842,hold
2022-08-18,474.9023,568800,476.9134,477.9573,471.5696,0.0003,0.0244,0.0333,0.0106,0.0497,64.0444,0.0099,0.0117,0.0009,0.8145,0.4062,0.8298,buy
2022-08-19,478.7044,551600,476.0516,481.2997,473.9639,0.0080,0.0060,0.0327,0.0155,0.0558,77.3771,0.0098,0.0122,0.0012,0.9032,-0.0302,0.8020,hold
2022-08-22,479.7195,477100,474.5671,483.6172,474.5671,0.0021,0.0046,0.0381,0.0138,0.0557,75.9739,0.0096,0.0127,0.0014,0.8959,-0.1351,0.7155,sell
2022-08-23,472.3166,571500,478.0722,480.5813,470.4874,-0.0154,-0.0041,0.0112,-0.0029,0.0373,61.9415,0.0110,0.0119,0.0003,0.6581,0.1979,0.8762,buy
2022-08-24,474.6629,411900,472.5177,477.4784,472.4124,0.0050,-0.0002,0.0198,0.0001,0.0394,66.2729,0.0109,0.0113,-0.0002,0.7104,-0.2793,0.7037,hold
2022-08-25,474.3085,555700,475.1608,475.2374,471.2440,-0.0007,-0.0013,0.0231,-0.0029,0.0355,62.6260,0.0107,0.0107,-0.0006,0.6807,0.3491,0.9936,sell
2022-08-26,466.1109,589000,474.5672,476.5304,465.4788,-0.0173,-0.0263,-0.0205,-0.0181,0.0153,54.0488,0.0085,0.0089,-0.0021,0.4074,0.0599,1.0756,buy
2022-08-29,467.5282,540200,463.3527,469.9128,460.0679,0.0030,-0.0254,-0.0209,-0.0131,0.0156,50.4698,0.0085,0.0074,-0.0028,0.4250,-0.0829,1.0344,sell
2022-08-30,465.1053,402700,468.3805,469.6926,464.2434,-0.0052,-0.0153,-0.0193,-0.0163,0.0079,49.6507,0.0084,0.0058,-0.0036,0.3110,-0.2545,0.7979,sell
2022-08-31,461.3896,1161700,465.0383,469.4245,461.2651,-0.0080,-0.0280,-0.0281,-0.0214,-0.0016,47.7386,0.0085,0.0039,-0.0045,0.1654,1.8848,2.1949,buy
2022-09-01,466.3694,574900,461.0256,467.4516,459.7998,0.0108,-0.0167,-0.0180,-0.0090,0.0076,38.4938,0.0095,0.0031,-0.0041,0.3370,-0.5051,1.0697,sell
2022-09-02,463.8986,597300,468.5817,470.2384,462.0024,-0.0053,-0.0047,-0.0309,-0.0112,0.0009,33.8044,0.0089,0.0021,-0.0041,0.2318,0.0390,1.1067,sell
2022-09-06,459.2348,564100,463.9370,468.8499,458.3729,-0.0101,-0.0177,-0.0427,-0.0168,-0.0101,32.7012,0.0090,0.0005,-0.0047,0.0594,-0.0556,1.0321,buy
2022-09-07,461.2841,946400,457.8844,463.6017,455.0688,0.0045,-0.0082,-0.0234,-0.0101,-0.0064,35.0499,0.0084,-0.0005,-0.0045,0.1690,0.6777,1.6426,buy
2022-09-08,465.7756,598700,461.1118,468.3039,461.1118,0.0097,0.0095,-0.0187,0.0015,0.0022,40.7493,0.0090,-0.0004,-0.0035,0.3417,-0.3674,1.0199,sell
2022-09-09,458.2484,798200,465.4022,466.8387,457.8844,-0.0162,-0.0174,-0.0339,-0.0113,-0.0144,30.7219,0.0100,-0.0017,-0.0039,0.0844,0.3332,1.3444,buy
2022-09-12,465.5650,779500,460.7383,467.8826,457.0609,0.0160,0.0036,-0.0012,0.0046,0.0006,38.0768,0.0104,-0.0014,-0.0028,0.3691,-0.0234,1.2887,sell
2022-09-13,448.4705,733400,460.2403,461.6003,446.3828,-0.0367,-0.0234,-0.0408,-0.0283,-0.0357,32.7323,0.0155,-0.0042,-0.0046,-0.1107,-0.0591,1.1869,sell
2022-09-14,439.4300,1099500,446.9095,447.2734,434.8523,-0.0202,-0.0474,-0.0552,-0.0426,-0.0546,26.7416,0.0163,-0.0081,-0.0068,-0.1686,0.4992,1.7011,buy
2022-09-15,476.1952,2671800,467.1931,480.0547,463.5156,0.0837,0.0224,0.0321,0.0342,0.0237,50.8411,0.0325,-0.0040,-0.0022,0.7567,1.4300,3.5169,hold
2022-09-16,478.6373,1511800,478.2542,479.7195,470.2672,0.0051,0.0445,0.0263,0.0367,0.0279,55.8866,0.0324,-0.0008,0.0008,0.8068,-0.4342,1.8737,hold
2022-09-19,479.8631,679700,475.9079,481.0793,469.2712,0.0026,0.0307,0.0344,0.0358,0.0298,55.8070,0.0323,0.0019,0.0028,0.8330,-0.5504,0.8358,hold
2022-09-20,481.6061,1641300,488.1758,493.1844,480.5144,0.0036,0.0739,0.0487,0.0346,0.0329,57.8184,0.0319,0.0042,0.0041,0.8682,1.4147,1.8834,sell
2022-09-21,469.8649,927800,483.5406,486.4519,469.8458,-0.0244,0.0693,0.0186,0.0075,0.0074,53.7319,0.0333,0.0042,0.0032,0.5892,-0.4347,1.0433,hold
2022-09-22,473.0061,1005800,468.7636,481.2326,464.8850,0.0067,-0.0067,0.0155,0.0127,0.0133,52.9704,0.0332,0.0045,0.0029,0.6683,0.0841,1.0945,sell
2022-09-23,466.2928,1758300,470.4300,472.5847,458.0759,-0.0142,-0.0258,0.0176,-0.0034,-0.0017,51.0324,0.0331,0.0037,0.0016,0.5148,0.7482,1.7958,hold
2022-09-26,462.2035,863600,461.8683,465.1531,456.5149,-0.0088,-0.0368,-0.0072,-0.0114,-0.0102,51.2865,0.0329,0.0022,0.0001,0.4186,-0.5088,0.8698,hold
2022-09-27,466.6855,944200,465.9098,472.7572,461.7439,0.0097,-0.0310,0.0406,-0.0057,-0.0008,52.2923,0.0303,0.0018,-0.0002,0.5304,0.0933,0.9321,buy
2022-09-28,472.9104,1279400,462.8069,476.6932,456.0553,0.0133,0.0065,0.0762,0.0004,0.0126,52.9841,0.0291,0.0025,0.0004,0.6724,0.3550,1.2106,hold
2022-09-29,471.0284,684600,474.4240,474.4240,468.4961,-0.0040,-0.0042,-0.0109,-0.0025,0.0083,55.6101,0.0117,0.0028,0.0005,0.6147,-0.4649,0.6627,sell
2022-09-30,465.3978,1611400,472.4288,479.6421,464.6592,-0.0120,-0.0019,-0.0277,-0.0117,-0.0038,49.9255,0.0120,0.0020,-0.0002,0.4785,1.3538,1.4854,buy
2022-10-03,479.1433,712000,466.7695,480.8891,465.7912,0.0295,0.0367,-0.0015,0.0177,0.0252,64.0873,0.0158,0.0036,0.0011,0.7848,-0.5581,0.6529,buy
2022-10-04,483.2295,944600,480.3040,486.5196,478.8364,0.0085,0.0355,0.0034,0.0260,0.0334,71.0752,0.0160,0.0054,0.0024,0.8393,0.3267,0.8513,hold
2022-10-05,484.1216,675400,481.3207,486.9032,477.8484,0.0018,0.0237,0.0303,0.0248,0.0347,55.8248,0.0134,0.0070,0.0032,0.8216,-0.2850,0.6162,sell
2022-10-06,478.9323,729400,482.9322,483.9201,477.5702,-0.0107,0.0168,0.0125,0.0126,0.0227,50.2083,0.0140,0.0074,0.0028,0.6913,0.0800,0.6615,buy
2022-10-07,482.9226,871100,477.6757,483.7763,476.3904,0.0083,0.0377,0.0357,0.0174,0.0304,52.0799,0.0130,0.0081,0.0029,0.7508,0.1943,0.7874,sell
2022-10-10,476.7644,1043800,481.6276,486.2030,470.1075,-0.0128,-0.0050,0.0315,0.0014,0.0166,46.8950,0.0134,0.0078,0.0020,0.6063,0.1983,0.9324,hold
2022-10-11,478.1553,752300,477.3304,485.9153,473.3209,0.0029,-0.0105,0.0246,0.0019,0.0185,56.1305,0.0132,0.0075,0.0014,0.6178,-0.2793,0.6715,sell
2022-10-12,474.0307,573000,478.4335,485.0520,473.7430,-0.0086,-0.0208,0.0024,-0.0070,0.0090,50.7468,0.0131,0.0066,0.0003,0.4606,-0.2383,0.5237,buy
2022-10-13,479.7572,1071600,467.6903,485.1287,466.3762,0.0121,0.0017,0.0185,0.0032,0.0204,59.9571,0.0135,0.0067,0.0004,0.6730,0.8702,1.0567,hold
2022-10-14,479.6037,992100,486.4621,488.6874,472.9372,-0.0003,-0.0069,0.0305,-0.0001,0.0192,63.6631,0.0126,0.0067,0.0003,0.6646,-0.0742,1.0041,hold
2022-10-17,478.4431,734700,481.6469,484.0641,477.9923,-0.0024,0.0035,-0.0015,-0.0024,0.0161,59.7404,0.0085,0.0064,0.0000,0.6240,-0.2594,0.7415,buy
2022-10-18,481.2151,724100,481.8195,484.3997,477.5030,0.0058,0.0064,-0.0042,0.0038,0.0212,57.2974,0.0083,0.0066,0.0002,0.7315,-0.0144,0.7663,sell
2022-10-19,479.8052,695000,483.4406,484.3039,474.6255,-0.0029,0.0122,-0.0089,0.0018,0.0176,57.7767,0.0083,0.0064,-0.0000,0.6595,-0.0402,0.7447,buy
2022-10-20,484.7355,923200,482.3471,492.0830,481.5222,0.0103,0.0104,0.0121,0.0108,0.0273,67.3495,0.0082,0.0070,0.0005,0.8144,0.3283,0.9936,buy
2022-10-21,489.7138,1479100,483.7475,492.4763,482.8458,0.0103,0.0211,0.0141,0.0198,0.0367,61.2541,0.0084,0.0081,0.0013,0.9421,0.6021,1.6161,buy
2022-10-24,500.6487,713900,494.1837,503.3824,494.1837,0.0223,0.0464,0.0501,0.0374,0.0587,66.1854,0.0091,0.0105,0.0031,1.1847,-0.5173,0.7865,buy
2022-10-25,507.8620,1179200,499.7279,518.1639,499.3154,0.0144,0.0554,0.0621,0.0459,0.0726,69.7401,0.0095,0.0133,0.0049,1.1959,0.6518,1.2824,buy
2022-10-26,517.1087,1080400,512.2168,518.7202,511.9674,0.0182,0.0777,0.0909,0.0556,0.0901,79.7371,0.0087,0.0167,0.0067,1.1872,-0.0838,1.1878,buy
2022-10-27,522.2885,953200,518.2310,524.1781,514.0009,0.0100,0.0775,0.0887,0.0570,0.0989,80.1057,0.0086,0.0199,0.0080,1.1202,-0.1177,1.0327,buy
2022-10-28,532.1970,1169400,526.8829,537.1848,523.5928,0.0190,0.0868,0.1097,0.0657,0.1170,90.0931,0.0085,0.0234,0.0094,1.1279,0.2268,1.2981,buy
2022-10-31,535.3145,1166700,529.2331,540.1585,527.5641,0.0059,0.0692,0.1189,0.0598,0.1209,90.3345,0.0075,0.0265,0.0100,1.0476,-0.0023,1.2632,sell
2022-11-01,531.8710,1635600,532.8686,539.3720,527.9191,-0.0064,0.0473,0.1053,0.0426,0.1112,91.2113,0.0093,0.0284,0.0094,0.9340,0.4019,1.7070,buy
2022-11-02,536.7534,1491800,529.6361,546.0577,528.5234,0.0092,0.0380,0.1187,0.0405,0.1184,91.1043,0.0081,0.0298,0.0089,0.9249,-0.0879,1.4933,buy
2022-11-03,540.0336,1566300,539.5732,547.9950,537.9330,0.0061,0.0340,0.1141,0.0358,0.1222,91.6999,0.0083,0.0312,0.0083,0.9026,0.0499,1.5049,sell
2022-11-04,529.5305,1519400,543.1512,547.1990,523.9095,-0.0194,-0.0050,0.0813,0.0079,0.0979,81.2268,0.0127,0.0310,0.0061,0.7671,-0.0299,1.4157,buy
2022-11-07,532.2930,1390000,529.8471,534.6814,525.7416,0.0052,-0.0056,0.0632,0.0071,0.1006,81.2246,0.0116,0.0303,0.0045,0.7665,-0.0852,1.2746,buy
2022-11-08,534.9882,777000,533.0506,538.1152,528.8301,0.0051,0.0059,0.0534,0.0071,0.1031,83.2122,0.0113,0.0298,0.0033,0.7656,-0.4410,0.7117,sell
2022-11-09,530.8924,842000,536.1489,539.2279,529.9428,-0.0077,-0.0109,0.0267,-0.0032,0.0917,78.0617,0.0109,0.0288,0.0017,0.7035,0.0837,0.7618,buy
2022-11-10,535.5255,1150900,541.5685,541.5685,521.4636,0.0087,-0.0083,0.0253,0.0030,0.0978,77.9692,0.0108,0.0280,0.0008,0.7285,0.3669,1.0376,sell
2022-11-11,506.9701,2193000,533.9526,535.5736,495.9104,-0.0533,-0.0426,-0.0474,-0.0460,0.0376,53.1760,0.0194,0.0243,-0.0035,0.4048,0.9055,1.8756,hold
2022-11-14,508.3799,1034600,509.1760,512.7251,504.0731,0.0028,-0.0449,-0.0503,-0.0385,0.0386,50.2763,0.0192,0.0200,-0.0062,0.3959,-0.5282,0.8736,sell
2022-11-15,491.9775,1943400,507.5455,510.6725,489.8864,-0.0323,-0.0804,-0.0750,-0.0624,0.0037,37.5427,0.0211,0.0143,-0.0102,0.1753,0.8784,1.5607,buy
2022-11-16,496.4858,1040400,497.2340,500.7351,490.1550,0.0092,-0.0648,-0.0750,-0.0465,0.0115,37.1241,0.0211,0.0099,-0.0115,0.2011,-0.4646,0.8241,hold
2022-11-17,499.0373,963200,495.8815,507.6222,495.6705,0.0051,-0.0681,-0.0759,-0.0340,0.0153,32.1417,0.0210,0.0067,-0.0116,0.2080,-0.0742,0.7617,buy
2022-11-18,508.2841,952900,505.8860,512.5813,503.4113,0.0185,0.0026,-0.0401,-0.0120,0.0320,36.3441,0.0221,0.0056,-0.0099,0.3167,-0.0107,0.7696,sell
2022-11-21,503.7565,1020200,506.4998,509.0609,499.3346,-0.0089,-0.0091,-0.0536,-0.0154,0.0212,35.9503,0.0219,0.0041,-0.0093,0.2399,0.0706,0.8139,buy
2022-11-22,509.1473,817600,508.9555,510.9219,507.0083,0.0107,0.0349,-0.0483,0.0002,0.0296,36.2742,0.0222,0.0036,-0.0077,0.3242,-0.1986,0.6618,buy
2022-11-23,516.3414,839500,510.3367,516.8114,508.4855,0.0141,0.0400,-0.0274,0.0172,0.0409,38.6614,0.0230,0.0043,-0.0055,0.4399,0.0268,0.6862,hold
2022-11-25,518.8832,339400,519.6506,523.0558,516.6675,0.0049,0.0398,-0.0311,0.0256,0.0443,44.4842,0.0228,0.0052,-0.0036,0.4832,-0.5957,0.2846,sell
2022-11-28,512.4949,766000,516.3413,519.6602,511.8714,-0.0123,0.0083,0.0109,0.0119,0.0300,40.1148,0.0151,0.0050,-0.0032,0.3956,1.2569,0.6533,hold
2022-11-29,511.3918,919000,509.4254,513.2238,507.8907,-0.0022,0.0152,0.0059,0.0091,0.0265,38.0280,0.0151,0.0045,-0.0029,0.3942,0.1997,0.7922,buy
2022-11-30,527.4682,2162700,510.2696,527.8614,507.0179,0.0314,0.0360,0.0721,0.0336,0.0568,48.4510,0.0130,0.0064,-0.0007,0.6673,1.3533,1.8228,hold
2022-12-01,526.0007,1251100,529.6073,535.2762,522.2789,-0.0028,0.0187,0.0594,0.0248,0.0515,45.5642,0.0133,0.0077,0.0005,0.6575,-0.4215,1.0653,hold
2022-12-02,524.4754,517000,524.3315,528.2546,521.6073,-0.0029,0.0108,0.0510,0.0168,0.0463,60.8954,0.0136,0.0084,0.0010,0.6544,-0.5868,0.4608,hold
2022-12-05,525.0893,548600,519.2382,528.1588,518.1926,0.0012,0.0246,0.0331,0.0147,0.0451,60.5041,0.0128,0.0089,0.0012,0.6726,0.0611,0.5111,hold
2022-12-06,524.0630,898200,524.2452,528.7535,517.4924,-0.0020,0.0248,0.0403,0.0087,0.0405,75.0036,0.0122,0.0091,0.0011,0.6661,0.6373,0.8564,buy
2022-12-07,526.7774,718400,524.1779,530.0675,523.5161,0.0052,-0.0013,0.0346,0.0105,0.0434,74.2846,0.0120,0.0095,0.0012,0.7373,-0.2002,0.6869,hold
2022-12-08,525.0317,628900,526.2403,531.1035,523.8903,-0.0033,-0.0018,0.0168,0.0055,0.0378,71.1124,0.0115,0.0095,0.0010,0.7134,-0.1246,0.6075,sell
2022-12-09,511.6604,1068800,523.8327,524.5521,511.2575,-0.0255,-0.0244,-0.0139,-0.0188,0.0097,52.5700,0.0143,0.0075,-0.0010,0.4534,0.6995,1.0365,sell
2022-12-12,508.3703,1543900,512.8690,515.0656,503.9484,-0.0064,-0.0318,-0.0080,-0.0243,0.0015,53.5794,0.0139,0.0052,-0.0027,0.3756,0.4445,1.5459,sell
2022-12-13,501.7230,1658300,515.8905,515.8905,498.9605,-0.0131,-0.0426,-0.0189,-0.0353,-0.0125,44.3503,0.0144,0.0023,-0.0046,0.2365,0.0741,1.6102,hold
2022-12-14,500.2363,1068300,504.5910,504.8212,495.8143,-0.0030,-0.0504,-0.0516,-0.0331,-0.0160,36.5787,0.0085,-0.0003,-0.0058,0.1728,-0.3558,1.0833,sell
2022-12-15,487.6995,1487100,496.6105,496.6105,481.8195,-0.0251,-0.0711,-0.0728,-0.0503,-0.0408,27.7237,0.0105,-0.0044,-0.0080,-0.0681,0.3920,1.4746,sell
2022-12-16,482.9897,1918200,485.7427,486.0880,474.6638,-0.0097,-0.0560,-0.0791,-0.0518,-0.0502,28.4050,0.0104,-0.0085,-0.0097,-0.0762,0.2899,1.8161,hold
2022-12-19,484.2462,824900,483.2007,486.6251,480.0833,0.0026,-0.0475,-0.0778,-0.0416,-0.0478,30.1765,0.0105,-0.0113,-0.0100,0.0258,-0.5700,0.7858,sell
2022-12-20,481.2536,637400,484.0545,487.3350,479.8915,-0.0062,-0.0408,-0.0817,-0.0394,-0.0539,8.2782,0.0103,-0.0140,-0.0101,0.0396,-0.2273,0.6184,buy
2022-12-21,487.3829,656800,484.3998,487.3829,479.2872,0.0127,-0.0257,-0.0748,-0.0195,-0.0422,17.8431,0.0116,-0.0146,-0.0087,0.1711,0.0304,0.6423,buy
2022-12-22,491.5266,661700,487.1814,491.7952,484.4477,0.0085,0.0078,-0.0638,-0.0044,-0.0347,23.7101,0.0127,-0.0143,-0.0067,0.2576,0.0075,0.6527,hold
2022-12-23,492.9944,357900,489.6371,494.9511,488.7930,0.0030,0.0207,-0.0365,0.0023,-0.0323,24.7356,0.0110,-0.0137,-0.0049,0.2997,-0.4591,0.3527,hold
2022-12-27,493.3971,423300,494.6441,498.7878,491.9870,0.0008,0.0189,-0.0295,0.0062,-0.0321,25.6212,0.0111,-0.0131,-0.0034,0.3216,0.1827,0.4244,hold
2022-12-28,494.2892,603500,495.9870,499.5265,493.4259,0.0018,0.0271,-0.0148,0.0096,-0.0309,23.4019,0.0105,-0.0123,-0.0021,0.3481,0.4257,0.6147,hold
2022-12-29,493.0192,303300,496.8811,496.9003,491.9048,-0.0026,0.0116,-0.0144,0.0085,-0.0338,23.5856,0.0105,-0.0117,-0.0012,0.3488,-0.4974,0.3413,hold
2022-12-30,492.0489,398600,493.0576,493.2978,487.1591,-0.0020,0.0011,0.0089,0.0056,-0.0362,29.6543,0.0066,-0.0113,-0.0007,0.3531,0.3142,0.4711,sell
2023-01-03,480.8090,1089500,488.2542,490.9153,470.4145,-0.0228,-0.0247,-0.0045,-0.0169,-0.0581,25.4554,0.0096,-0.0130,-0.0017,0.2049,1.7333,1.2455,sell
2023-01-04,472.7681,1137100,480.4631,481.7984,465.6879,-0.0167,-0.0418,-0.0237,-0.0311,-0.0732,24.8389,0.0108,-0.0155,-0.0032,0.1135,0.0437,1.2576,sell
2023-01-05,468.8293,1273800,472.8450,473.9689,464.6888,-0.0083,-0.0515,-0.0258,-0.0367,-0.0798,23.8237,0.0109,-0.0180,-0.0044,0.0883,0.1202,1.3801,buy
2023-01-06,473.1716,977600,470.9524,475.2082,468.8389,0.0093,-0.0403,-0.0292,-0.0250,-0.0700,35.9760,0.0104,-0.0187,-0.0042,0.1725,-0.2325,1.0445,sell
2023-01-09,462.7675,1065400,476.0825,480.1846,460.9422,-0.0220,-0.0595,-0.0585,-0.0407,-0.0885,32.4127,0.0111,-0.0214,-0.0053,0.0012,0.0898,1.1124,hold
2023-01-10,462.6521,997600,465.3420,466.6966,459.5972,-0.0002,-0.0378,-0.0615,-0.0349,-0.0866,30.8392,0.0109,-0.0230,-0.0055,0.0449,-0.0636,1.0455,buy
2023-01-11,473.6135,941900,463.3150,473.7191,461.6434,0.0237,0.0018,-0.0401,-0.0079,-0.0628,44.0607,0.0144,-0.0215,-0.0035,0.2802,-0.0558,1.0193,hold
2023-01-12,474.8527,1092000,473.1235,476.3417,463.5936,0.0026,0.0128,-0.0393,-0.0013,-0.0581,39.4578,0.0144,-0.0203,-0.0019,0.3261,0.1594,1.2190,sell
2023-01-13,472.0379,1280400,474.8527,484.9879,470.1358,-0.0059,-0.0024,-0.0426,-0.0028,-0.0614,33.2282,0.0144,-0.0197,-0.0010,0.2826,0.1725,1.4126,hold
2023-01-17,471.1733,816600,474.1226,475.1121,470.1166,-0.0018,0.0182,-0.0424,-0.0002,-0.0607,31.0240,0.0144,-0.0192,-0.0003,0.2838,-0.3622,0.9355,sell
2023-01-18,465.6879,845100,472.0572,474.3532,465.0442,-0.0116,0.0066,-0.0314,-0.0087,-0.0689,27.8607,0.0132,-0.0196,-0.0004,0.1881,0.0349,1.0316,buy
2023-01-19,472.3838,675100,468.3874,477.3121,467.6380,0.0144,-0.0026,-0.0008,0.0057,-0.0533,33.9833,0.0133,-0.0182,0.0006,0.3542,-0.2012,0.8317,buy
2023-01-20,477.7444,1882600,472.3262,477.8501,471.0869,0.0113,0.0061,0.0190,0.0152,-0.0405,39.4618,0.0134,-0.0160,0.0021,0.4793,1.7886,2.1540,sell
2023-01-23,475.1025,806500,478.7723,481.1260,473.8441,-0.0055,0.0065,0.0041,0.0091,-0.0435,38.5722,0.0133,-0.0147,0.0027,0.4324,-0.5716,0.9149,buy
2023-01-24,480.6744,723700,476.9566,482.7014,471.8842,0.0117,0.0202,0.0387,0.0171,-0.0303,49.9017,0.0110,-0.0125,0.0038,0.5761,-0.1027,0.8181,buy
2023-01-25,482.4709,852000,476.5916,492.3466,476.5916,0.0037,0.0360,0.0428,0.0166,-0.0246,57.7956,0.0109,-0.0103,0.0047,0.6395,0.1773,0.9370,sell
2023-01-26,479.7234,821900,483.0858,485.3914,478.7243,-0.0057,0.0155,0.0129,0.0096,-0.0291,58.9235,0.0089,-0.0091,0.0049,0.5943,-0.0353,0.8845,sell
2023-01-27,462.7482,1387900,478.4169,478.7051,461.3745,-0.0354,-0.0314,-0.0255,-0.0237,-0.0617,42.9260,0.0146,-0.0112,0.0026,0.1494,0.6886,1.4331,buy
2023-01-30,465.8416,1569400,466.1683,476.3226,465.3325,0.0067,-0.0195,-0.0131,-0.0159,-0.0544,52.3162,0.0148,-0.0118,0.0015,0.2520,0.1308,1.5211,buy
2023-01-31,491.5782,2266200,476.0248,492.8270,474.7759,0.0552,0.0227,0.0433,0.0340,-0.0020,65.7233,0.0232,-0.0074,0.0042,1.1072,0.4440,2.0142,hold
2023-02-01,493.0961,1995700,486.1888,507.0259,479.0029,0.0031,0.0220,0.0589,0.0313,0.0013,61.8017,0.0225,-0.0041,0.0059,1.0579,-0.1194,1.7051,sell
2023-02-02,470.5105,2594100,479.5024,486.5922,464.4006,-0.0458,-0.0192,-0.0040,-0.0156,-0.0431,47.9101,0.0275,-0.0054,0.0041,0.4036,0.2998,2.0865,sell
2023-02-03,457.8296,1519500,472.3070,479.0221,457.0899,-0.0270,-0.0106,-0.0417,-0.0381,-0.0671,43.7548,0.0284,-0.0086,0.0010,0.0835,-0.4142,1.2102,buy
2023-02-06,467.1002,1518200,462.6522,472.9219,461.6627,0.0202,0.0027,-0.0168,-0.0170,-0.0466,48.3328,0.0294,-0.0090,0.0002,0.3433,-0.0009,1.1837,sell
2023-02-07,462.0854,1301500,462.1622,463.1997,453.0166,-0.0107,-0.0600,-0.0387,-0.0237,-0.0547,48.5198,0.0291,-0.0104,-0.0008,0.2117,-0.1427,1.0055,buy
2023-02-08,474.7758,1208800,463.3822,475.7269,463.3822,0.0275,-0.0372,-0.0159,0.0048,-0.0270,50.9367,0.0307,-0.0089,0.0004,0.5336,-0.0712,0.9263,hold
2023-02-09,472.5855,979800,475.1409,476.5339,468.6371,-0.0046,0.0044,-0.0149,0.0016,-0.0299,47.9284,0.0307,-0.0082,0.0009,0.4749,-0.1894,0.7497,buy
2023-02-10,479.0125,832500,473.6808,481.3566,473.6808,0.0136,0.0463,0.0351,0.0118,-0.0154,51.5238,0.0284,-0.0063,0.0021,0.6443,-0.1503,0.6434,hold
2023-02-13,482.2019,567800,479.3679,485.4106,478.3688,0.0067,0.0323,0.0351,0.0150,-0.0070,50.6066,0.0284,-0.0043,0.0032,0.7131,-0.3180,0.4513,hold
2023-02-14,481.9521,516700,483.2875,488.7153,480.9626,-0.0005,0.0430,-0.0196,0.0165,-0.0057,49.7914,0.0219,-0.0028,0.0038,0.6895,-0.0900,0.4156,sell
2023-02-15,478.7243,662700,477.1488,482.2116,476.5916,-0.0067,0.0083,-0.0291,0.0128,-0.0105,49.5999,0.0219,-0.0021,0.0036,0.5893,0.2826,0.5370,buy
2023-02-16,485.8045,713300,479.5698,490.9922,477.7829,0.0148,0.0280,0.0325,0.0245,0.0058,60.0284,0.0164,-0.0003,0.0042,0.7550,0.0764,0.5771,buy
2023-02-17,490.0795,1352300,484.3635,492.9519,484.1809,0.0088,0.0231,0.0704,0.0265,0.0160,60.4351,0.0125,0.0017,0.0050,0.8334,0.8958,1.1180,sell
2023-02-21,483.5853,1136400,488.1293,494.6427,482.7687,-0.0133,0.0029,0.0353,0.0094,0.0044,45.8755,0.0130,0.0023,0.0045,0.6594,-0.1597,0.9269,hold
2023-02-22,483.7870,576500,483.8831,486.9573,482.2692,0.0004,0.0038,0.0470,0.0053,0.0065,45.1301,0.0120,0.0027,0.0039,0.6592,-0.4927,0.4731,buy
2023-02-23,490.5694,998300,482.1347,491.6358,479.2046,0.0140,0.0247,0.0333,0.0160,0.0215,62.5723,0.0097,0.0040,0.0042,0.8042,0.7317,0.8143,sell
2023-02-24,487.4665,1205300,490.9057,494.2873,486.0735,-0.0063,0.0034,0.0315,0.0065,0.0160,71.1099,0.0099,0.0046,0.0038,0.7173,0.2074,0.9680,hold
2023-02-27,486.5923,849400,489.5896,492.4332,484.9975,-0.0018,-0.0071,0.0158,0.0031,0.0148,65.7702,0.0093,0.0049,0.0033,0.6773,-0.2953,0.6972,sell
2023-02-28,475.5540,1240400,486.1023,488.7633,471.5192,-0.0227,-0.0166,-0.0138,-0.0183,-0.0072,59.9292,0.0118,0.0033,0.0013,0.3941,0.4603,1.0321,hold
2023-03-01,476.6396,507900,472.5087,477.3409,471.5480,0.0023,-0.0148,-0.0110,-0.0150,-0.0045,51.6576,0.0119,0.0020,0.0001,0.4380,-0.5905,0.4560,hold
2023-03-02,476.2650,815100,476.2842,478.4937,472.3358,-0.0008,-0.0292,-0.0051,-0.0152,-0.0050,53.3816,0.0117,0.0010,-0.0008,0.4470,0.6048,0.7727,buy
2023-03-03,480.5400,842600,477.0720,480.9435,471.9612,0.0090,-0.0142,-0.0108,-0.0053,0.0041,51.4617,0.0110,0.0009,-0.0007,0.5538,0.0337,0.8711,hold
2023-03-06,479.4448,819500,480.8570,486.5826,478.4937,-0.0023,-0.0147,-0.0217,-0.0054,0.0019,47.2515,0.0104,0.0006,-0.0008,0.4899,-0.0274,0.8791,sell
2023-03-07,476.5340,647300,481.8946,483.3452,472.7297,-0.0061,0.0021,-0.0146,-0.0100,-0.0038,44.8710,0.0098,-0.0001,-0.0012,0.3622,-0.2101,0.7284,sell
2023-03-08,470.0686,637800,474.4013,477.4274,468.6180,-0.0136,-0.0138,-0.0284,-0.0206,-0.0164,42.2794,0.0105,-0.0017,-0.0023,0.0371,-0.0147,0.7455,sell
2023-03-09,467.2057,642500,474.3916,474.6894,464.3525,-0.0061,-0.0190,-0.0476,-0.0218,-0.0213,32.0607,0.0087,-0.0035,-0.0033,-0.0154,0.0074,0.7767,sell
2023-03-10,460.7981,887400,467.3499,472.7874,459.6934,-0.0137,-0.0411,-0.0547,-0.0298,-0.0334,22.8730,0.0091,-0.0060,-0.0046,-0.1275,0.3812,1.0788,buy
2023-03-13,463.5072,1017500,458.2907,472.4222,458.0697,0.0059,-0.0332,-0.0474,-0.0194,-0.0265,29.9961,0.0098,-0.0074,-0.0048,0.0391,0.1466,1.2232,hold
2023-03-14,463.0172,902500,465.8608,469.0022,458.2906,-0.0011,-0.0284,-0.0264,-0.0178,-0.0263,29.4252,0.0075,-0.0085,-0.0047,0.0866,-0.1130,1.0636,buy
2023-03-15,464.8425,867500,456.5903,467.5516,456.5903,0.0039,-0.0111,-0.0248,-0.0114,-0.0213,21.7391,0.0076,-0.0089,-0.0041,0.1754,-0.0388,1.0016,buy
2023-03-16,474.9392,1086200,464.4871,477.3794,463.4976,0.0217,0.0166,-0.0028,0.0103,0.0002,38.0717,0.0108,-0.0073,-0.0021,0.4489,0.2521,1.2242,hold
2023-03-17,476.0632,1962700,477.2929,479.5121,468.5988,0.0024,0.0331,-0.0093,0.0137,0.0024,40.0219,0.0104,-0.0058,-0.0005,0.4915,0.8069,2.0665,hold
2023-03-20,474.9488,1102300,476.3802,485.3626,474.5261,-0.0023,0.0247,-0.0094,0.0123,-0.0002,49.2936,0.0104,-0.0049,0.0004,0.4805,-0.4384,1.1761,buy
2023-03-21,481.1740,944200,477.8116,487.5817,477.8116,0.0131,0.0392,0.0097,0.0245,0.0126,54.7256,0.0111,-0.0030,0.0018,0.6673,-0.1434,1.0178,sell
2023-03-22,478.7339,618600,484.6997,487.8796,478.5706,-0.0051,0.0299,0.0184,0.0175,0.0067,52.4669,0.0101,-0.0019,0.0023,0.6052,-0.3448,0.6653,sell
2023-03-23,472.0284,853200,479.7138,482.9224,468.2337,-0.0140,-0.0061,0.0103,0.0022,-0.0077,41.8894,0.0111,-0.0022,0.0017,0.4236,0.3792,0.9249,buy
2023-03-24,482.6727,659700,472.5280,483.5085,472.2974,0.0226,0.0139,0.0475,0.0200,0.0142,52.6023,0.0116,-0.0005,0.0026,0.8021,-0.2268,0.7369,buy
2023-03-27,487.0534,665500,488.8018,490.8673,483.2683,0.0091,0.0255,0.0508,0.0242,0.0229,58.2841,0.0117,0.0014,0.0036,0.9525,0.0088,0.7511,sell
2023-03-28,464.4006,1688900,487.8507,488.9266,461.4129,-0.0465,-0.0349,0.0030,-0.0237,-0.0243,46.4432,0.0201,-0.0008,0.0012,0.1938,1.5378,1.8591,hold
2023-03-29,466.6485,1228500,464.5831,466.8503,459.2129,0.0048,-0.0252,0.0039,-0.0194,-0.0194,49.6476,0.0201,-0.0022,-0.0002,0.2891,-0.2726,1.3007,buy
2023-03-30,470.0123,717700,467.7409,470.3491,461.3312,0.0072,-0.0043,-0.0104,-0.0113,-0.0125,56.0604,0.0189,-0.0027,-0.0005,0.4102,-0.4158,0.7638,sell
2023-03-31,467.2213,1274600,472.0623,472.2356,465.4793,-0.0059,-0.0320,-0.0186,-0.0153,-0.0182,52.4402,0.0190,-0.0035,-0.0011,0.3370,0.7760,1.3260,buy
2023-04-03,491.0799,1479000,481.2919,491.8691,473.8042,0.0511,0.0083,0.0340,0.0315,0.0314,64.1061,0.0252,-0.0001,0.0018,1.0468,0.1604,1.4877,sell
2023-04-04,484.4006,957400,491.2050,491.6862,482.6105,-0.0136,0.0431,0.0067,0.0167,0.0169,59.3737,0.0255,0.0015,0.0027,0.8229,-0.3527,0.9482,buy
2023-04-05,496.8352,1546100,488.6738,497.7495,483.5922,0.0257,0.0647,0.0378,0.0389,0.0423,60.2642,0.0266,0.0046,0.0046,1.0484,0.6149,1.4654,hold
2023-04-06,500.4347,1082100,500.2519,504.9100,495.9305,0.0072,0.0647,0.0602,0.0402,0.0491,61.1655,0.0258,0.0075,0.0060,1.0251,-0.3001,1.0047,buy
2023-04-10,504.8522,809400,499.9342,505.1506,499.2027,0.0088,0.0805,0.0460,0.0446,0.0572,63.2974,0.0252,0.0103,0.0071,1.0238,-0.2520,0.7542,buy
2023-04-11,513.7066,856600,507.0177,514.6113,507.0177,0.0175,0.0461,0.0547,0.0571,0.0735,64.1360,0.0255,0.0137,0.0084,1.0693,0.0583,0.8042,hold
2023-04-12,512.0609,751800,511.1465,516.1512,509.5778,-0.0032,0.0571,0.1026,0.0435,0.0680,64.5818,0.0183,0.0160,0.0086,0.9675,-0.1223,0.7109,buy
2023-04-13,515.1502,864900,514.0530,519.7121,510.7904,0.0060,0.0369,0.1039,0.0395,0.0734,69.4840,0.0183,0.0181,0.0085,0.9499,0.1504,0.8179,sell
2023-04-14,504.1497,1007500,513.5430,518.9615,503.5530,-0.0214,0.0074,0.0726,0.0103,0.0500,59.6730,0.0208,0.0182,0.0068,0.7549,0.1649,0.9563,sell
2023-04-17,499.3279,708500,502.8407,504.6405,495.0836,-0.0096,-0.0109,0.0687,-0.0057,0.0387,55.5064,0.0211,0.0172,0.0045,0.6651,-0.2968,0.7151,sell
2023-04-18,493.4185,610100,496.6619,498.2500,490.9066,-0.0118,-0.0395,0.0048,-0.0179,0.0249,65.3189,0.0150,0.0153,0.0020,0.5634,-0.1389,0.6314,sell
2023-04-19,474.3817,1389800,488.1444,488.9144,471.0998,-0.0386,-0.0736,-0.0207,-0.0539,-0.0150,53.4677,0.0191,0.0109,-0.0024,0.2810,1.2780,1.4060,hold
2023-04-20,471.8890,1074200,473.6214,473.6214,468.6937,-0.0053,-0.0840,-0.0502,-0.0542,-0.0205,50.8482,0.0165,0.0064,-0.0056,0.2530,-0.2271,1.0622,hold
2023-04-21,472.7552,1096900,476.9899,479.2227,467.3560,0.0018,-0.0623,-0.0553,-0.0472,-0.0187,52.5453,0.0161,0.0029,-0.0072,0.2647,0.0211,1.0718,buy
2023-04-24,482.8800,1040800,473.2653,485.3053,471.7158,0.0214,-0.0329,-0.0435,-0.0225,0.0019,45.6831,0.0177,0.0018,-0.0065,0.4147,-0.0511,0.9984,hold
2023-04-25,482.8415,867100,485.9309,489.7421,481.0129,-0.0001,-0.0214,-0.0601,-0.0164,0.0017,49.1175,0.0161,0.0009,-0.0059,0.4175,-0.1669,0.8238,buy
2023-04-26,486.4795,1487800,490.8393,494.1211,477.3652,0.0075,0.0255,-0.0500,-0.0038,0.0091,43.4898,0.0167,0.0009,-0.0047,0.4522,0.7158,1.4271,buy
2023-04-27,505.5452,1039300,487.6921,507.4701,487.1435,0.0392,0.0713,-0.0186,0.0373,0.0476,52.6897,0.0217,0.0038,-0.0013,0.7289,-0.3015,1.0060,buy
2023-04-28,510.5594,806100,506.5845,511.2715,503.6106,0.0099,0.0800,0.0127,0.0462,0.0566,52.9850,0.0208,0.0068,0.0014,0.7832,-0.2244,0.7770,buy
2023-05-01,515.0251,792600,511.2716,519.0192,511.2427,0.0087,0.0666,0.0314,0.0520,0.0645,50.7228,0.0205,0.0097,0.0035,0.8310,-0.0167,0.7821,hold
2023-05-02,513.0328,1026700,515.9586,518.4610,510.3477,-0.0039,0.0625,0.0398,0.0437,0.0594,50.5308,0.0200,0.0116,0.0043,0.7693,0.2954,1.0362,sell
2023-05-03,509.8857,676100,514.9000,516.8249,506.7867,-0.0061,0.0481,0.0748,0.0299,0.0518,47.1268,0.0140,0.0126,0.0042,0.6957,-0.3415,0.6922,hold
2023-05-04,508.6442,549300,510.3477,510.7616,503.9668,-0.0024,0.0061,0.0779,0.0198,0.0481,52.7454,0.0138,0.0130,0.0037,0.6629,-0.1875,0.5926,buy
2023-05-05,514.9193,549900,511.2139,519.2213,511.2139,0.0123,0.0085,0.0892,0.0237,0.0600,59.3577,0.0137,0.0139,0.0038,0.7483,0.0011,0.6108,hold
2023-05-08,515.8240,672400,512.8405,517.2195,511.0600,0.0018,0.0016,0.0682,0.0189,0.0606,64.3068,0.0131,0.0147,0.0037,0.7478,0.2228,0.7526,sell
2023-05-09,510.2805,941100,517.0175,520.8768,506.7484,-0.0107,-0.0054,0.0568,0.0025,0.0482,77.6953,0.0141,0.0145,0.0027,0.6644,0.3996,1.0484,hold
2023-05-10,509.7318,646900,510.1841,513.1773,507.8743,-0.0011,-0.0003,0.0478,-0.0032,0.0456,80.0979,0.0142,0.0140,0.0017,0.6584,-0.3126,0.7249,hold
2023-05-11,509.1158,559000,509.1254,510.1553,505.5741,-0.0012,0.0009,0.0071,-0.0051,0.0430,79.0346,0.0075,0.0133,0.0008,0.6560,-0.1359,0.6373,sell
2023-05-12,507.5374,459900,509.5393,510.0783,504.3711,-0.0031,-0.0143,-0.0059,-0.0076,0.0384,72.8016,0.0068,0.0124,-0.0001,0.6269,-0.1773,0.5412,sell
2023-05-15,502.8696,447000,505.4874,506.6135,501.5511,-0.0092,-0.0251,-0.0236,-0.0143,0.0279,67.0601,0.0064,0.0109,-0.0014,0.5484,-0.0280,0.5343,sell
2023-05-16,498.8755,630700,504.1882,507.1910,497.5570,-0.0079,-0.0224,-0.0276,-0.0194,0.0189,60.4954,0.0066,0.0090,-0.0027,0.4792,0.4110,0.7529,buy
2023-05-17,500.7426,637500,500.0786,501.2239,493.0817,0.0037,-0.0176,-0.0179,-0.0140,0.0217,44.2630,0.0068,0.0075,-0.0033,0.4871,0.0108,0.7968,sell
2023-05-18,494.5638,874500,499.4145,499.4145,489.4822,-0.0123,-0.0286,-0.0277,-0.0235,0.0081,31.4096,0.0076,0.0054,-0.0044,0.3384,0.3718,1.1068,hold
2023-05-19,494.2270,1034300,494.6119,499.3856,492.0711,-0.0007,-0.0262,-0.0402,-0.0201,0.0063,23.2617,0.0056,0.0036,-0.0050,0.2750,0.1827,1.3143,hold
2023-05-22,494.6697,439400,495.5936,497.6917,492.3406,0.0009,-0.0163,-0.0410,-0.0151,0.0058,25.4124,0.0055,0.0022,-0.0051,0.2491,-0.5752,0.5805,sell
2023-05-23,487.8846,944900,491.5418,493.2453,478.1640,-0.0137,-0.0220,-0.0439,-0.0243,-0.0089,23.1565,0.0059,-0.0000,-0.0060,0.0389,1.1504,1.2420,hold
2023-05-24,487.5959,651000,489.4919,492.7256,485.8924,-0.0006,-0.0263,-0.0434,-0.0205,-0.0105,23.7077,0.0060,-0.0018,-0.0062,0.0233,-0.3110,0.9055,sell
2023-05-25,481.2823,722900,483.1206,483.5536,477.3556,-0.0129,-0.0269,-0.0547,-0.0278,-0.0240,8.0230,0.0064,-0.0043,-0.0070,-0.0355,0.1104,1.0281,sell
2023-05-26,477.9428,648800,480.9552,484.3622,476.6627,-0.0069,-0.0329,-0.0583,-0.0287,-0.0309,5.4347,0.0063,-0.0068,-0.0076,-0.0124,-0.1025,0.9332,sell
2023-05-30,476.4991,705400,475.4019,482.6778,473.6887,-0.0030,-0.0367,-0.0524,-0.0264,-0.0338,6.0149,0.0063,-0.0089,-0.0078,0.0321,0.0872,1.0210,buy
2023-05-31,483.0148,1992700,477.2402,485.7577,476.7109,0.0137,-0.0100,-0.0318,-0.0099,-0.0209,19.8916,0.0086,-0.0092,-0.0065,0.1962,1.8249,2.6958,buy
2023-06-01,495.7958,786500,484.0831,499.1258,483.9579,0.0265,0.0168,-0.0099,0.0173,0.0044,38.2193,0.0127,-0.0072,-0.0036,0.4633,-0.6053,1.0561,buy
2023-06-02,501.2143,785200,495.0355,503.3605,493.3031,0.0109,0.0414,0.0134,0.0271,0.0144,44.7633,0.0125,-0.0047,-0.0010,0.5827,-0.0017,1.0379,buy
2023-06-05,504.2555,562400,502.8792,507.8261,501.5510,0.0061,0.0551,0.0203,0.0312,0.0193,51.1795,0.0125,-0.0023,0.0011,0.6651,-0.2837,0.7428,sell
2023-06-06,491.9172,1005400,503.7166,503.9957,487.4900,-0.0245,0.0324,-0.0056,0.0065,-0.0060,44.8142,0.0151,-0.0025,0.0009,0.4151,0.7877,1.2993,sell
2023-06-07,485.7288,924200,489.2320,492.1867,483.1687,-0.0126,0.0056,-0.0044,-0.0057,-0.0185,39.4879,0.0150,-0.0036,-0.0001,0.2899,-0.0808,1.1957,buy
2023-06-08,490.6757,561400,482.7453,490.9548,482.4950,0.0102,-0.0103,0.0063,0.0038,-0.0096,47.2299,0.0154,-0.0035,-0.0001,0.4305,-0.3926,0.7304,buy
2023-06-09,494.0538,661200,490.8393,500.1460,488.4717,0.0069,-0.0143,0.0265,0.0080,-0.0038,49.8818,0.0147,-0.0028,0.0004,0.5424,0.1778,0.8545,hold
2023-06-12,493.9479,486900,494.2463,497.3068,489.4149,-0.0002,-0.0204,0.0335,0.0046,-0.0050,49.5049,0.0143,-0.0024,0.0007,0.5640,-0.2636,0.6282,hold
2023-06-13,493.3705,792600,489.8384,496.4022,489.8384,-0.0012,0.0030,0.0354,-0.0001,-0.0072,54.1138,0.0142,-0.0020,0.0009,0.5642,0.6278,1.0003,sell
2023-06-14,437.9056,6917300,439.3396,442.7177,418.6570,-0.1124,-0.0985,-0.0934,-0.1043,-0.1169,29.6106,0.0389,-0.0121,-0.0071,-0.4007,7.7274,6.2502,buy
2023-06-15,446.4232,2885900,439.1279,451.9090,437.2223,0.0195,-0.0902,-0.0996,-0.0775,-0.0984,35.9504,0.0382,-0.0177,-0.0102,-0.0936,-0.5828,2.3672,sell
2023-06-16,428.9069,5301400,434.6526,443.5743,427.0783,-0.0392,-0.1319,-0.1443,-0.1003,-0.1314,32.2634,0.0385,-0.0263,-0.0148,-0.1469,0.8370,3.6803,hold
2023-06-20,429.9270,2218600,425.5961,431.6979,422.6222,0.0024,-0.1296,-0.1474,-0.0839,-0.1268,33.1029,0.0383,-0.0319,-0.0163,-0.0232,-0.5815,1.4794,buy
2023-06-21,435.7017,1586800,427.0013,440.2443,426.8185,0.0134,-0.1169,-0.1143,-0.0603,-0.1126,32.7412,0.0391,-0.0344,-0.0152,0.0969,-0.2848,1.0191,hold
2023-06-22,439.2915,1190400,438.5793,441.2934,435.0376,0.0082,0.0032,-0.0956,-0.0430,-0.1026,27.9070,0.0396,-0.0353,-0.0131,0.1716,-0.2498,0.7585,sell
2023-06-23,429.1956,1986000,434.5564,437.9056,428.6278,-0.0230,-0.0386,-0.1253,-0.0523,-0.1202,22.8345,0.0392,-0.0386,-0.0127,0.1258,0.6683,1.2139,hold
2023-06-26,429.6288,998100,429.2438,431.7942,425.8945,0.0010,0.0017,-0.1304,-0.0376,-0.1162,21.2858,0.0389,-0.0400,-0.0113,0.1689,-0.4974,0.6050,hold
2023-06-27,429.1668,1025500,428.7433,430.2639,424.7492,-0.0011,-0.0018,-0.1311,-0.0245,-0.1144,23.4269,0.0389,-0.0408,-0.0096,0.1979,0.0275,0.6146,hold
2023-06-28,428.1177,820000,427.8482,430.4756,425.6346,-0.0024,-0.0174,-0.1323,-0.0122,-0.1140,24.4930,0.0388,-0.0412,-0.0079,0.2186,-0.2004,0.4897,hold
2023-06-29,428.0358,769100,430.2249,430.3599,427.1775,-0.0002,-0.0256,-0.0225,-0.0102,-0.1118,21.0180,0.0172,-0.0410,-0.0062,0.2447,-0.0621,0.4767,buy
2023-06-30,431.1892,1295800,428.9037,433.1179,425.6056,0.0074,0.0046,-0.0341,0.0006,-0.1036,20.8534,0.0159,-0.0395,-0.0039,0.2916,0.6848,0.7907,hold
2023-07-03,430.3598,569700,428.1707,431.6713,426.8496,-0.0019,0.0017,0.0034,-0.0016,-0.1038,20.7144,0.0097,-0.0383,-0.0022,0.3056,-0.5603,0.3500,hold
2023-07-05,429.1255,1346500,431.9800,434.7476,428.3829,-0.0029,-0.0001,-0.0019,-0.0043,-0.1047,20.5898,0.0097,-0.0372,-0.0008,0.3142,1.3635,0.8077,sell
2023-07-06,425.2680,1358700,426.4735,429.1544,424.8823,-0.0090,-0.0067,-0.0239,-0.0109,-0.1106,39.0328,0.0088,-0.0369,-0.0001,0.3005,0.0091,0.8064,sell
2023-07-07,414.8049,2189400,421.1117,422.8668,414.3130,-0.0246,-0.0309,-0.0557,-0.0297,-0.1301,23.4570,0.0104,-0.0389,-0.0009,0.2291,0.6114,1.2525,buy
2023-07-10,419.2023,1578500,415.3063,420.8610,411.9793,0.0106,-0.0278,-0.0233,-0.0171,-0.1183,39.5519,0.0095,-0.0380,-0.0004,0.2888,-0.2790,0.8775,buy
2023-07-11,421.6324,1215900,419.0672,422.8571,417.9293,0.0058,-0.0203,-0.0186,-0.0095,-0.1101,41.3330,0.0098,-0.0366,0.0007,0.3272,-0.2297,0.6656,sell
2023-07-12,409.9253,3183700,424.3616,424.3616,408.8548,-0.0278,-0.0447,-0.0448,-0.0327,-0.1311,26.0372,0.0128,-0.0385,-0.0001,0.1702,1.6184,1.6231,hold
2023-07-13,409.1635,2387500,412.2204,412.9341,408.1991,-0.0019,-0.0379,-0.0443,-0.0301,-0.1288,20.4373,0.0128,-0.0389,-0.0004,0.0011,-0.2501,1.1696,buy
2023-07-14,419.4241,3255400,420.2631,424.1976,417.6593,0.0251,0.0111,-0.0201,-0.0038,-0.1034,40.4427,0.0159,-0.0359,0.0014,0.2996,0.3635,1.7520,hold
2023-07-17,418.9226,1188600,417.8811,422.3268,416.5985,-0.0012,-0.0007,-0.0284,-0.0020,-0.1010,39.5426,0.0155,-0.0339,0.0027,0.2987,-0.6349,0.6703,buy
2023-07-18,425.0173,2232700,419.1637,428.1418,417.3315,0.0145,0.0080,-0.0124,0.0138,-0.0846,46.3487,0.0165,-0.0304,0.0045,0.4957,0.8784,1.3783,buy
2023-07-19,431.3145,2068600,437.8818,442.6360,429.0772,0.0148,0.0522,0.0051,0.0282,-0.0677,52.5752,0.0172,-0.0261,0.0067,0.6906,-0.0735,1.2830,hold
2023-07-20,431.4592,1897700,435.4034,435.8759,429.8777,0.0003,0.0545,0.0146,0.0271,-0.0640,52.7549,0.0169,-0.0228,0.0080,0.7081,-0.0826,1.1657,buy
2023-07-21,440.6012,3147100,432.8286,442.1345,431.4110,0.0212,0.0505,0.0622,0.0424,-0.0412,56.9083,0.0151,-0.0178,0.0098,0.9926,0.6584,1.8236,sell
2023-07-24,437.2742,1440900,440.6591,442.7421,436.2713,-0.0076,0.0438,0.0431,0.0302,-0.0455,54.8956,0.0156,-0.0148,0.0104,0.8553,-0.5421,0.8484,hold
2023-07-25,438.1422,1549500,437.1778,440.7459,434.8055,0.0020,0.0309,0.0392,0.0282,-0.0406,56.4173,0.0156,-0.0120,0.0106,0.8505,0.0754,0.8977,sell
2023-07-26,432.2307,1226300,438.0746,440.1962,431.5942,-0.0135,0.0021,0.0544,0.0090,-0.0504,54.8147,0.0128,-0.0109,0.0096,0.6750,-0.2086,0.7064,buy
2023-07-27,434.9212,1811800,432.7996,441.0737,432.3849,0.0062,0.0080,0.0630,0.0093,-0.0416,65.5858,0.0125,-0.0093,0.0089,0.7360,0.4775,1.0146,buy
2023-07-28,437.1392,1504200,437.0620,439.4632,429.8294,0.0051,-0.0079,0.0422,0.0103,-0.0341,64.3829,0.0106,-0.0075,0.0085,0.7753,-0.1698,0.8254,buy
2023-07-31,440.5433,1151200,438.8172,441.8934,435.4226,0.0078,0.0075,0.0516,0.0131,-0.0240,64.9308,0.0105,-0.0054,0.0084,0.8376,-0.2347,0.6342,hold
2023-08-01,441.7777,1532600,441.8934,444.7286,438.8750,0.0028,0.0083,0.0394,0.0120,-0.0190,80.1314,0.0100,-0.0035,0.0082,0.8371,0.3313,0.8225,buy
2023-08-02,466.5036,3297700,466.8604,471.3639,461.1225,0.0560,0.0793,0.0816,0.0601,0.0372,87.3211,0.0192,0.0024,0.0107,1.1833,1.1517,1.6817,buy
2023-08-03,469.7823,1871300,465.9635,474.2955,463.6202,0.0070,0.0802,0.0888,0.0583,0.0457,86.0536,0.0190,0.0073,0.0125,1.0874,-0.4325,0.9420,sell
2023-08-04,467.0147,1425500,472.0100,474.0255,466.9086,-0.0059,0.0683,0.0599,0.0459,0.0405,83.3490,0.0190,0.0107,0.0127,0.9674,-0.2382,0.7317,buy
2023-08-07,477.0343,1643500,468.6156,480.2359,467.4583,0.0215,0.0828,0.0909,0.0589,0.0633,84.2086,0.0189,0.0146,0.0133,1.0111,0.1529,0.8421,hold
2023-08-08,475.6360,976600,475.4817,478.5001,471.8846,-0.0029,0.0766,0.0856,0.0471,0.0605,81.1551,0.0191,0.0175,0.0129,0.9275,-0.4058,0.5035,hold
2023-08-09,475.7903,876000,475.8963,480.7277,473.2058,0.0003,0.0199,0.1008,0.0375,0.0609,81.1576,0.0178,0.0195,0.0120,0.8864,-0.1030,0.4802,hold
2023-08-10,477.3815,746900,476.6390,482.5215,476.0314,0.0033,0.0162,0.0976,0.0314,0.0644,78.9202,0.0179,0.0211,0.0108,0.8706,-0.1474,0.4287,hold
2023-08-11,476.3015,657800,478.2591,479.4163,475.3853,-0.0023,0.0199,0.0896,0.0204,0.0623,81.8110,0.0183,0.0220,0.0094,0.8239,-0.1193,0.4080,buy
2023-08-14,479.4837,632800,476.9089,481.3642,476.0603,0.0067,0.0051,0.0884,0.0187,0.0702,82.4723,0.0183,0.0228,0.0082,0.8310,-0.0380,0.3994,hold
2023-08-15,477.6515,889900,478.2687,479.0691,474.8066,-0.0038,0.0042,0.0812,0.0072,0.0672,88.1191,0.0186,0.0231,0.0068,0.7810,0.4063,0.5865,hold
2023-08-16,477.0247,817700,478.0951,481.3450,474.9031,-0.0013,0.0026,0.0226,0.0036,0.0671,86.6030,0.0080,0.0229,0.0052,0.7478,-0.0811,0.5621,sell
2023-08-17,471.3157,1128500,475.3949,478.0758,469.8402,-0.0120,-0.0127,0.0033,-0.0087,0.0553,78.0113,0.0090,0.0218,0.0031,0.6555,0.3801,0.7967,buy
2023-08-18,472.9069,706600,471.0843,475.3660,470.1681,0.0034,-0.0071,0.0126,-0.0066,0.0595,77.3379,0.0087,0.0206,0.0016,0.6581,-0.3739,0.5459,hold
2023-08-21,473.7652,747700,470.3900,474.4306,469.8789,0.0018,-0.0119,-0.0069,-0.0041,0.0622,77.1930,0.0052,0.0196,0.0005,0.6508,0.0582,0.5936,sell
2023-08-22,466.9279,725700,470.9300,475.1152,466.0311,-0.0144,-0.0225,-0.0183,-0.0167,0.0482,50.5184,0.0068,0.0178,-0.0013,0.5356,-0.0294,0.5956,sell
2023-08-23,464.2663,725200,468.2877,468.4034,462.0965,-0.0057,-0.0267,-0.0242,-0.0199,0.0436,43.1580,0.0068,0.0155,-0.0029,0.4681,-0.0007,0.6076,buy
2023-08-24,465.4235,830700,464.3048,469.5702,463.0319,0.0025,-0.0125,-0.0250,-0.0150,0.0475,47.9441,0.0067,0.0137,-0.0038,0.4561,0.1455,0.7259,sell
2023-08-25,461.8651,579200,465.9539,468.1430,461.4890,-0.0076,-0.0233,-0.0303,-0.0195,0.0384,26.4732,0.0069,0.0116,-0.0048,0.3369,-0.3028,0.5274,buy
2023-08-28,463.5045,491900,462.1159,464.8932,460.9972,0.0035,-0.0217,-0.0333,-0.0127,0.0413,31.3244,0.0065,0.0100,-0.0051,0.3102,-0.1507,0.4618,hold
2023-08-29,464.1410,513400,463.1863,465.1728,460.3704,0.0014,-0.0060,-0.0283,-0.0085,0.0410,32.3289,0.0067,0.0087,-0.0050,0.1942,0.0437,0.5062,sell
2023-08-30,458.3163,1107900,464.5363,466.7158,457.6798,-0.0125,-0.0128,-0.0392,-0.0170,0.0267,24.3712,0.0073,0.0068,-0.0058,0.0108,1.1580,1.2246,sell
2023-08-31,445.1722,1541100,460.1678,460.1678,444.8347,-0.0287,-0.0435,-0.0555,-0.0398,-0.0032,18.4025,0.0105,0.0028,-0.0080,-0.2112,0.3910,1.7350,hold
2023-09-01,444.1885,991300,447.4577,449.9843,439.7526,-0.0022,-0.0383,-0.0607,-0.0360,-0.0056,12.5001,0.0101,-0.0006,-0.0092,-0.0893,-0.3568,1.1440,buy
2023-09-05,453.4560,1159500,444.5165,457.0145,443.0218,0.0209,-0.0217,-0.0429,-0.0115,0.0140,27.8005,0.0131,-0.0016,-0.0080,0.1746,0.1697,1.3766,sell
2023-09-06,448.4896,956500,452.6556,454.1503,445.4133,-0.0110,-0.0337,-0.0395,-0.0184,0.0021,25.7500,0.0129,-0.0033,-0.0078,0.1110,-0.1751,1.1369,buy
2023-09-07,455.1533,829600,450.5823,458.0367,449.0393,0.0149,-0.0069,-0.0196,-0.0018,0.0158,36.4840,0.0142,-0.0033,-0.0062,0.2830,-0.1327,0.9888,sell
2023-09-08,451.0547,909700,455.1243,455.1243,448.0460,-0.0090,0.0132,-0.0309,-0.0077,0.0056,32.4614,0.0142,-0.0041,-0.0056,0.2206,0.0966,1.0739,hold
2023-09-11,450.5244,757800,452.1059,456.0694,448.4992,-0.0012,0.0143,-0.0246,-0.0063,0.0034,31.2481,0.0141,-0.0047,-0.0050,0.2360,-0.1670,0.8893,hold
2023-09-12,452.3470,808600,449.0875,455.5487,443.9668,0.0040,-0.0024,-0.0241,0.0001,0.0065,37.1996,0.0142,-0.0048,-0.0041,0.2971,0.0670,0.9392,buy
2023-09-13,455.6547,1605900,454.2371,462.7041,444.5165,0.0073,0.0160,-0.0183,0.0093,0.0127,42.5247,0.0145,-0.0043,-0.0028,0.3948,0.9860,1.7909,hold
2023-09-14,454.7578,656900,459.3192,461.3926,451.4212,-0.0020,-0.0009,-0.0078,0.0082,0.0096,40.6997,0.0140,-0.0039,-0.0020,0.3910,-0.5909,0.7392,hold
2023-09-15,453.9863,1183000,453.6681,458.0559,452.3373,-0.0017,0.0065,0.0198,0.0045,0.0066,42.7789,0.0100,-0.0038,-0.0015,0.3879,0.8009,1.3271,buy
2023-09-18,457.1205,649900,457.7280,457.7280,452.0770,0.0069,0.0146,0.0291,0.0085,0.0117,44.3049,0.0100,-0.0031,-0.0006,0.5037,-0.4506,0.7314,hold
2023-09-19,456.9084,782800,456.9855,460.7658,454.0828,-0.0005,0.0101,0.0076,0.0073,0.0095,43.4987,0.0078,-0.0025,-0.0000,0.5281,0.2045,0.8792,buy
2023-09-20,467.4872,1035000,458.8081,468.7313,454.6807,0.0232,0.0260,0.0424,0.0263,0.0308,57.5946,0.0094,-0.0002,0.0018,0.9231,0.3222,1.1426,buy
2023-09-21,476.4461,2111600,469.2424,481.0267,468.7024,0.0192,0.0477,0.0468,0.0411,0.0475,77.8272,0.0100,0.0031,0.0040,1.1221,1.0402,2.1655,hold
2023-09-22,476.4461,946200,476.1279,481.2582,472.9551,0.0000,0.0495,0.0563,0.0354,0.0444,79.2139,0.0090,0.0056,0.0052,1.0391,-0.5519,0.9646,buy
2023-09-25,483.2061,679200,477.6708,483.8233,475.4335,0.0142,0.0571,0.0725,0.0427,0.0562,78.2249,0.0090,0.0085,0.0065,1.0873,-0.2822,0.6889,sell
2023-09-26,475.4238,756700,482.4732,482.9361,474.9995,-0.0161,0.0405,0.0510,0.0208,0.0367,74.2573,0.0116,0.0096,0.0060,0.8672,0.1141,0.7574,hold
2023-09-27,475.9735,677900,475.3370,476.8800,470.9107,0.0012,0.0182,0.0446,0.0175,0.0356,71.0715,0.0117,0.0103,0.0054,0.8481,-0.1041,0.6730,buy
2023-09-28,478.4129,814300,478.7800,484.7987,473.4665,0.0051,0.0041,0.0520,0.0176,0.0387,78.6505,0.0114,0.0111,0.0050,0.8567,0.2012,0.8203,sell
2023-09-29,470.0176,1005000,477.8235,478.6157,469.9500,-0.0175,-0.0135,0.0353,-0.0037,0.0188,67.5269,0.0134,0.0105,0.0034,0.6688,0.2342,1.0405,buy
2023-10-02,475.0606,1001000,469.7471,477.1860,463.0909,0.0107,-0.0169,0.0392,0.0032,0.0282,69.3045,0.0136,0.0104,0.0027,0.7497,-0.0040,1.0359,sell
2023-10-03,471.8726,625500,472.4233,474.7805,468.7425,-0.0067,-0.0075,0.0328,-0.0067,0.0198,63.8118,0.0139,0.0099,0.0017,0.6631,-0.3751,0.6657,sell
2023-10-04,469.3028,1140200,471.9982,473.0609,466.1051,-0.0054,-0.0140,0.0039,-0.0124,0.0129,62.0439,0.0123,0.0089,0.0006,0.5896,0.8229,1.2017,buy
2023-10-05,472.3942,850000,470.1336,473.0801,467.8247,0.0066,-0.0126,-0.0085,-0.0051,0.0178,64.6787,0.0107,0.0085,0.0001,0.6425,-0.2545,0.8949,buy
2023-10-06,481.2725,803800,472.8965,486.0449,472.4135,0.0188,0.0239,0.0101,0.0126,0.0348,67.6428,0.0123,0.0094,0.0010,0.8159,-0.0544,0.8510,buy
2023-10-09,484.5282,716200,481.4560,485.9386,478.2100,0.0068,0.0199,0.0027,0.0191,0.0397,69.3171,0.0117,0.0106,0.0018,0.8581,-0.1090,0.7599,hold
2023-10-10,483.4268,1014900,484.5282,486.4410,481.5140,-0.0023,0.0245,0.0168,0.0151,0.0354,62.8518,0.0102,0.0113,0.0020,0.8058,0.4171,1.0652,sell
2023-10-11,476.6836,1587300,477.2439,480.6059,470.0949,-0.0139,0.0157,0.0015,0.0008,0.0195,50.1986,0.0114,0.0108,0.0011,0.6214,0.5640,1.6676,buy
2023-10-12,482.8569,1167500,476.6643,485.9387,472.5295,0.0130,0.0221,0.0093,0.0128,0.0320,54.8588,0.0120,0.0110,0.0011,0.7631,-0.2645,1.1945,buy
2023-10-13,488.8079,1533300,490.5275,497.2031,483.1563,0.0123,0.0157,0.0400,0.0213,0.0438,54.2984,0.0105,0.0120,0.0018,0.9091,0.3133,1.5411,buy
2023-10-16,506.4293,1482900,497.5317,507.9653,495.5319,0.0360,0.0452,0.0660,0.0512,0.0796,70.6701,0.0146,0.0151,0.0042,1.2300,-0.0329,1.4306,sell
2023-10-17,502.2364,714100,507.9749,512.5445,501.9756,-0.0083,0.0389,0.0643,0.0360,0.0696,66.6974,0.0147,0.0171,0.0049,1.0555,-0.5184,0.6912,hold
2023-10-18,503.9948,1047200,508.7382,511.8876,502.9417,0.0035,0.0573,0.0739,0.0322,0.0720,66.4065,0.0142,0.0186,0.0052,1.0083,0.4665,1.0130,hold
2023-10-19,504.9897,836000,503.3184,507.1731,500.2849,0.0020,0.0458,0.0690,0.0274,0.0728,74.7810,0.0143,0.0198,0.0051,0.9536,-0.2017,0.8619,hold
2023-10-20,503.4731,1008700,507.1731,509.2502,501.8790,-0.0030,0.0300,0.0461,0.0197,0.0684,71.1919,0.0139,0.0203,0.0044,0.8723,0.2066,1.0366,sell
2023-10-23,497.9954,568900,502.2365,503.1252,495.7637,-0.0109,-0.0167,0.0278,0.0059,0.0558,68.8406,0.0147,0.0198,0.0030,0.7436,-0.4360,0.5880,hold
2023-10-24,498.8357,545600,500.3042,506.6417,498.3624,0.0017,-0.0068,0.0319,0.0044,0.0567,71.8450,0.0146,0.0191,0.0019,0.7351,-0.0410,0.5701,buy
2023-10-25,505.0381,733800,501.0965,507.0475,495.5995,0.0124,0.0021,0.0595,0.0112,0.0686,73.0838,0.0135,0.0191,0.0017,0.8159,0.3449,0.7645,sell
2023-10-26,495.9569,688200,501.2221,503.4634,494.9619,-0.0180,-0.0179,0.0271,-0.0096,0.0485,60.3542,0.0152,0.0179,0.0002,0.6333,-0.0621,0.7218,sell
2023-10-27,492.8848,758600,493.2422,498.5943,491.1072,-0.0062,-0.0210,0.0083,-0.0166,0.0411,55.9077,0.0150,0.0162,-0.0014,0.5584,0.1023,0.8060,buy
2023-10-30,500.4008,1093800,494.0344,502.8354,491.5129,0.0152,0.0048,-0.0119,-0.0004,0.0557,61.0018,0.0103,0.0155,-0.0014,0.6849,0.4419,1.1565,buy
2023-10-31,505.9268,1282800,502.9415,507.6657,500.8645,0.0110,0.0142,0.0073,0.0099,0.0660,69.2581,0.0106,0.0157,-0.0008,0.7714,0.1728,1.3107,sell
2023-11-01,472.7613,2752700,483.3689,498.4977,472.1527,-0.0656,-0.0639,-0.0620,-0.0503,-0.0042,45.0953,0.0234,0.0113,-0.0051,0.0662,1.1459,2.5986,sell
2023-11-02,465.0712,2604500,468.0564,471.4474,455.7968,-0.0163,-0.0623,-0.0790,-0.0582,-0.0204,38.6596,0.0234,0.0057,-0.0088,-0.0539,-0.0538,2.2706,sell
2023-11-03,460.8302,1453000,462.2310,467.3996,458.9464,-0.0091,-0.0650,-0.0847,-0.0587,-0.0291,25.0211,0.0233,0.0003,-0.0114,-0.0440,-0.4421,1.2319,buy
2023-11-06,470.7808,1546400,461.7866,473.5245,457.6808,0.0216,-0.0592,-0.0546,-0.0330,-0.0085,33.7913,0.0252,-0.0021,-0.0109,0.1601,0.0643,1.2665,buy
2023-11-07,481.2822,1845900,474.1428,486.5570,474.1235,0.0223,-0.0487,-0.0352,-0.0079,0.0128,39.2638,0.0266,-0.0022,-0.0086,0.3394,0.1937,1.4620,sell
2023-11-08,471.6986,911400,482.7023,485.9869,471.1093,-0.0199,-0.0022,-0.0660,-0.0209,-0.0077,35.4452,0.0265,-0.0039,-0.0084,0.1889,-0.5063,0.7417,buy
2023-11-09,478.3839,1056400,471.7179,481.3014,470.3461,0.0142,0.0286,-0.0354,-0.0034,0.0055,39.5053,0.0269,-0.0040,-0.0067,0.3045,0.1591,0.8636,hold
2023-11-10,476.3840,691800,479.7267,480.2677,472.3652,-0.0042,0.0338,-0.0335,-0.0041,0.0000,40.6892,0.0268,-0.0045,-0.0057,0.2865,-0.3451,0.5857,buy
2023-11-13,480.2871,550500,476.3068,481.4947,475.9591,0.0082,0.0202,-0.0402,0.0083,0.0067,42.2142,0.0264,-0.0040,-0.0042,0.3664,-0.2042,0.4852,buy
2023-11-14,484.9243,1121100,474.3264,488.2379,473.5535,0.0097,0.0076,-0.0415,0.0225,0.0151,41.4448,0.0263,-0.0029,-0.0025,0.4554,1.0365,0.9708,buy
2023-11-15,489.6001,1107300,483.1757,491.9574,478.7220,0.0096,0.0380,0.0356,0.0287,0.0231,47.1909,0.0151,-0.0012,-0.0006,0.5471,-0.0123,0.9563,buy
2023-11-16,495.5124,1053800,489.8802,502.3620,489.8802,0.0121,0.0358,0.0655,0.0345,0.0337,51.1327,0.0135,0.0011,0.0013,0.6628,-0.0483,0.9016,sell
2023-11-17,481.1952,1499600,496.2467,496.2467,479.2147,-0.0289,0.0101,0.0442,0.0004,0.0026,42.1794,0.0170,0.0005,0.0006,0.4238,0.4230,1.2567,buy
2023-11-20,484.7697,1066000,480.6832,485.5522,477.9492,0.0074,0.0093,0.0297,0.0049,0.0086,41.2456,0.0160,0.0006,0.0006,0.5027,-0.2891,0.8751,buy
2023-11-21,489.8706,708500,485.3686,491.6288,483.3978,0.0105,0.0102,0.0178,0.0137,0.0176,59.2211,0.0148,0.0016,0.0012,0.6118,-0.3354,0.5778,buy
2023-11-22,498.1112,892100,493.3291,499.2995,489.8029,0.0168,0.0174,0.0560,0.0251,0.0329,67.7019,0.0133,0.0036,0.0026,0.7922,0.2591,0.7228,buy
2023-11-24,500.6811,312000,501.3960,503.1252,497.0003,0.0052,0.0104,0.0466,0.0257,0.0363,71.7403,0.0130,0.0055,0.0036,0.8321,-0.6503,0.2567,sell
2023-11-27,493.3871,986300,502.6615,509.2985,493.1166,-0.0146,0.0253,0.0357,0.0073,0.0195,62.7008,0.0141,0.0059,0.0032,0.6855,2.1612,0.8040,hold
2023-11-28,493.1360,718100,494.4788,497.9084,493.0587,-0.0005,0.0173,0.0268,0.0041,0.0175,57.5267,0.0141,0.0060,0.0026,0.6939,-0.2719,0.5944,sell
2023-11-29,466.0470,5041800,479.1857,508.6125,464.0665,-0.0549,-0.0486,-0.0389,-0.0474,-0.0388,47.0641,0.0227,0.0017,-0.0015,0.1604,6.0210,3.6117,hold
2023-11-30,468.4140,4128300,467.5059,472.9739,461.8736,0.0051,-0.0596,-0.0433,-0.0384,-0.0339,44.5776,0.0225,-0.0015,-0.0037,0.2216,-0.1812,2.8185,buy
2023-12-01,478.4129,2178500,466.6460,487.6679,464.1922,0.0213,-0.0445,-0.0345,-0.0144,-0.0134,51.0151,0.0234,-0.0022,-0.0035,0.4154,-0.4723,1.5092,hold
2023-12-04,475.2924,1119400,479.1761,481.8521,470.2109,-0.0065,-0.0367,-0.0123,-0.0196,-0.0198,47.4812,0.0217,-0.0033,-0.0037,0.3117,-0.4862,0.7846,buy
2023-12-05,483.3785,1197100,475.8527,485.6778,471.7276,0.0170,-0.0198,-0.0029,-0.0027,-0.0031,49.2467,0.0223,-0.0028,-0.0025,0.4959,0.0694,0.8494,sell
2023-12-06,467.3899,1734100,480.3933,481.2725,466.8295,-0.0331,0.0029,-0.0459,-0.0312,-0.0358,40.2510,0.0242,-0.0051,-0.0039,0.1265,0.4486,1.2354,hold
2023-12-07,464.0086,2022600,468.2014,468.8873,456.1157,-0.0072,-0.0094,-0.0685,-0.0313,-0.0423,35.8574,0.0230,-0.0075,-0.0050,0.0771,0.1664,1.3860,hold
2023-12-08,465.2839,1083100,466.3176,466.3176,458.9464,0.0027,-0.0274,-0.0707,-0.0214,-0.0391,41.9098,0.0228,-0.0090,-0.0052,0.1421,-0.4645,0.7415,sell
2023-12-11,460.4438,2389600,466.2596,466.6170,451.5268,-0.0104,-0.0312,-0.0668,-0.0249,-0.0487,37.7885,0.0227,-0.0110,-0.0057,0.0871,1.2063,1.5462,buy
2023-12-12,465.5930,1645700,463.7188,467.4093,461.5935,0.0112,-0.0368,-0.0559,-0.0082,-0.0377,37.8188,0.0234,-0.0114,-0.0049,0.2159,-0.3113,1.0284,buy
2023-12-13,471.5344,1036100,465.5930,472.3073,463.8251,0.0128,0.0089,0.0118,0.0033,-0.0254,36.3502,0.0161,-0.0105,-0.0033,0.3450,-0.3704,0.6492,sell
2023-12-14,453.1402,2396000,469.5153,469.5153,450.8410,-0.0390,-0.0234,-0.0326,-0.0327,-0.0628,28.9970,0.0204,-0.0134,-0.0047,0.0616,1.3125,1.4430,sell
2023-12-15,445.8076,2763000,451.7007,452.0292,443.6823,-0.0162,-0.0419,-0.0682,-0.0417,-0.0770,28.9871,0.0188,-0.0168,-0.0064,0.0120,0.1532,1.5826,hold
2023-12-18,444.4261,1803600,445.4985,446.3970,440.4362,-0.0031,-0.0348,-0.0649,-0.0382,-0.0784,28.7006,0.0189,-0.0193,-0.0071,0.0607,-0.3472,1.0241,buy
2023-12-19,447.8557,1331400,442.4747,448.0103,441.0159,0.0077,-0.0381,-0.0735,-0.0233,-0.0699,39.9702,0.0178,-0.0203,-0.0066,0.1554,-0.2618,0.7504,sell
2023-12-20,436.5623,1928000,446.5322,446.5322,436.2628,-0.0252,-0.0742,-0.0660,-0.0415,-0.0916,34.0122,0.0167,-0.0236,-0.0076,0.0588,0.4481,1.0505,hold
2023-12-21,438.5427,1554600,437.2192,439.5184,435.7700,0.0045,-0.0322,-0.0549,-0.0317,-0.0860,28.2354,0.0170,-0.0250,-0.0073,0.1233,-0.1937,0.8320,hold
2023-12-22,437.8278,1054100,439.4508,439.8469,436.2241,-0.0016,-0.0179,-0.0590,-0.0274,-0.0858,28.9969,0.0169,-0.0261,-0.0066,0.1387,-0.3219,0.5532,hold
2023-12-26,437.4704,912700,436.5526,438.1756,434.5045,-0.0008,-0.0157,-0.0499,-0.0232,-0.0846,21.8216,0.0168,-0.0267,-0.0058,0.1603,-0.1341,0.4799,hold
2023-12-27,436.1082,1517200,437.1999,437.6346,433.6833,-0.0031,-0.0262,-0.0633,-0.0198,-0.0847,26.5973,0.0159,-0.0271,-0.0049,0.1596,0.6623,0.7813,buy
2023-12-28,441.0207,1035000,436.2680,444.5055,435.5904,0.0113,0.0102,-0.0647,-0.0019,-0.0720,33.1873,0.0157,-0.0260,-0.0032,0.2631,-0.3178,0.5943,buy
2023-12-29,443.1503,803900,442.5114,444.2344,440.3334,0.0048,0.0105,-0.0220,0.0052,-0.0652,34.0119,0.0111,-0.0245,-0.0015,0.3165,-0.2233,0.5103,buy
2024-01-02,455.0467,1966900,445.0184,456.4502,443.4793,0.0268,0.0393,0.0207,0.0300,-0.0380,46.4621,0.0132,-0.0204,0.0016,0.5265,1.4467,1.2570,sell
2024-01-03,449.6454,1307400,459.7027,459.7898,448.9872,-0.0119,0.0278,0.0117,0.0166,-0.0473,39.5804,0.0138,-0.0187,0.0029,0.4533,-0.3353,0.8306,buy
2024-01-04,451.6007,951800,454.0787,456.2760,451.2425,0.0043,0.0355,0.0084,0.0201,-0.0413,36.2604,0.0137,-0.0165,0.0040,0.5210,-0.2720,0.6094,sell
2024-01-05,443.5955,1693100,449.1710,449.8680,439.2009,-0.0177,0.0058,0.0161,0.0004,-0.0560,42.3215,0.0123,-0.0164,0.0036,0.3676,0.7788,1.0855,buy
2024-01-08,445.9864,1584500,444.2828,449.5098,437.5166,0.0054,0.0064,0.0170,0.0041,-0.0486,50.1562,0.0123,-0.0154,0.0036,0.4394,-0.0641,1.0303,hold
2024-01-09,444.5926,1430300,447.2836,447.2836,441.2821,-0.0031,-0.0230,0.0155,-0.0005,-0.0494,50.1454,0.0123,-0.0147,0.0034,0.4255,-0.0973,0.9197,hold
2024-01-10,444.3795,1151600,443.3922,445.6186,441.5531,-0.0005,-0.0117,0.0158,-0.0025,-0.0479,46.7817,0.0123,-0.0141,0.0033,0.4376,-0.1949,0.7712,sell
2024-01-11,440.4206,1162100,442.6469,445.0378,438.8428,-0.0089,-0.0248,0.0099,-0.0124,-0.0540,54.1334,0.0127,-0.0143,0.0026,0.3476,0.0091,0.7910,sell
2024-01-12,424.6619,2743600,417.1116,430.7408,415.3886,-0.0358,-0.0427,-0.0371,-0.0442,-0.0846,38.5188,0.0166,-0.0176,-0.0001,-0.1599,1.3609,1.7649,hold
2024-01-16,424.7393,1831300,427.3432,427.3432,419.6768,0.0002,-0.0476,-0.0415,-0.0401,-0.0826,39.0588,0.0164,-0.0196,-0.0017,-0.0509,-0.3325,1.1998,buy
2024-01-17,433.4221,2529700,426.8204,440.9432,425.2910,0.0204,-0.0251,-0.0475,-0.0156,-0.0625,47.0293,0.0151,-0.0189,-0.0011,0.2564,0.3814,1.6702,sell
2024-01-18,398.7878,9405300,379.8735,402.4177,377.9956,-0.0799,-0.1026,-0.1131,-0.0837,-0.1351,31.5993,0.0283,-0.0270,-0.0061,-0.3182,2.7180,4.9639,sell
2024-01-19,388.6724,3034000,397.3552,399.1847,388.1303,-0.0254,-0.1175,-0.1393,-0.0938,-0.1540,25.4494,0.0280,-0.0347,-0.0106,-0.2202,-0.6774,1.5324,buy
2024-01-22,396.5324,2447800,387.1914,398.5361,384.2875,0.0202,-0.0662,-0.1061,-0.0653,-0.1337,29.2521,0.0300,-0.0373,-0.0110,-0.0019,-0.1932,1.2203,hold
2024-01-23,394.4706,1615700,394.9643,397.1326,391.0634,-0.0052,-0.0713,-0.1155,-0.0587,-0.1353,20.4533,0.0296,-0.0402,-0.0109,0.0469,-0.3399,0.8043,sell
2024-01-24,389.5146,2120400,394.0350,398.6135,388.1400,-0.0126,-0.1013,-0.1239,-0.0581,-0.1429,20.5425,0.0294,-0.0433,-0.0110,0.0586,0.3124,1.0282,sell
2024-01-25,343.9808,10864900,339.4023,353.1379,331.7165,-0.1169,-0.1374,-0.2259,-0.1476,-0.2386,13.0533,0.0436,-0.0614,-0.0198,-0.1864,4.1240,4.2444,buy
2024-01-26,349.6628,4460500,343.5549,356.9517,342.9160,0.0165,-0.1004,-0.2061,-0.1135,-0.2215,17.2295,0.0453,-0.0680,-0.0216,-0.0249,-0.5895,1.6478,hold
2024-01-29,354.2221,2854100,351.3762,355.9838,346.6331,0.0130,-0.1067,-0.1659,-0.0856,-0.2068,18.4631,0.0463,-0.0711,-0.0203,0.0751,-0.3601,1.0201,buy
2024-01-30,364.7634,3059400,358.5296,365.8959,354.1737,0.0298,-0.0753,-0.1412,-0.0436,-0.1786,24.1878,0.0484,-0.0690,-0.0158,0.1845,0.0719,1.0511,hold
2024-01-31,365.9539,2264300,367.8512,371.1617,363.4856,0.0033,-0.0605,-0.1557,-0.0232,-0.1711,24.8010,0.0473,-0.0678,-0.0117,0.2215,-0.2599,0.7740,hold
2024-02-01,363.7857,3045500,363.0597,367.3478,358.1520,-0.0059,0.0576,-0.0878,-0.0199,-0.1716,25.0897,0.0416,-0.0670,-0.0085,0.2346,0.3450,1.0110,hold
2024-02-02,366.7380,1784700,366.2637,370.5809,362.2369,0.0081,0.0488,-0.0564,-0.0060,-0.1603,29.4618,0.0414,-0.0642,-0.0049,0.2771,-0.4140,0.5844,sell
2024-02-05,349.4595,3401900,361.3560,363.7856,347.1558,-0.0471,-0.0134,-0.1187,-0.0406,-0.1947,26.2098,0.0423,-0.0687,-0.0052,0.1902,0.9061,1.0836,buy
2024-02-06,354.6190,2271400,349.8759,356.6227,347.5237,0.0148,-0.0278,-0.1010,-0.0157,-0.1774,24.5292,0.0432,-0.0667,-0.0033,0.2497,-0.3323,0.7156,hold
2024-02-07,356.7678,2309500,356.8743,359.9428,353.9510,0.0061,-0.0251,-0.0841,-0.0006,-0.1668,32.8079,0.0434,-0.0644,-0.0011,0.2854,0.0168,0.7177,hold
2024-02-08,356.0225,1579100,358.5683,360.9882,355.1804,-0.0021,-0.0213,0.0350,-0.0061,-0.1632,35.5323,0.0205,-0.0624,0.0008,0.2979,-0.3163,0.4875,buy
2024-02-09,358.4231,1122400,356.4775,359.2750,354.4060,0.0067,-0.0227,0.0251,-0.0018,-0.1522,32.2546,0.0201,-0.0591,0.0030,0.3343,-0.2892,0.3467,hold
2024-02-12,357.3195,990300,358.4424,359.8072,355.5288,-0.0031,0.0225,0.0087,-0.0057,-0.1504,32.5451,0.0198,-0.0566,0.0045,0.3427,-0.1177,0.3144,sell
2024-02-13,352.8088,1255000,357.9682,361.3173,352.6733,-0.0126,-0.0051,-0.0328,-0.0150,-0.1565,32.6818,0.0173,-0.0555,0.0051,0.3143,0.2673,0.4021,sell
2024-02-14,350.6889,1124700,352.0054,352.4603,349.3338,-0.0060,-0.0170,-0.0417,-0.0168,-0.1564,55.3613,0.0172,-0.0543,0.0053,0.2878,-0.1038,0.3687,hold
2024-02-15,352.3248,1245600,352.9830,354.9964,350.9019,0.0047,-0.0104,-0.0315,-0.0090,-0.1475,52.2746,0.0174,-0.0519,0.0060,0.3282,0.1075,0.4714,buy
2024-02-16,355.1707,954700,353.7478,357.1163,353.5639,0.0081,-0.0091,-0.0315,0.0023,-0.1352,50.8351,0.0174,-0.0485,0.0071,0.3915,-0.2335,0.3761,hold
2024-02-20,355.3836,1121000,354.6673,357.4067,353.3121,0.0006,-0.0054,0.0170,0.0012,-0.1299,39.9084,0.0079,-0.0456,0.0080,0.4159,0.1742,0.4534,hold
2024-02-21,355.8289,876700,356.7678,357.6874,353.2153,0.0013,0.0086,0.0034,0.0021,-0.1242,38.9289,0.0065,-0.0427,0.0087,0.4515,-0.2179,0.3600,hold
2024-02-22,356.2935,1226200,355.2481,357.5132,351.2504,0.0013,0.0160,-0.0013,0.0036,-0.1183,41.4908,0.0062,-0.0398,0.0092,0.5121,0.3987,0.5129,sell
2024-02-23,351.2891,1371900,356.9711,357.5810,349.9726,-0.0140,-0.0029,-0.0133,-0.0092,-0.1260,33.2354,0.0076,-0.0387,0.0088,0.2570,0.1188,0.7160,sell
2024-02-26,348.4238,1217600,352.2377,354.9673,346.4298,-0.0082,-0.0190,-0.0279,-0.0145,-0.1280,48.3645,0.0073,-0.0380,0.0079,0.1295,-0.1125,0.6943,buy
2024-02-27,351.0858,1454600,349.5854,354.8415,345.7426,0.0076,-0.0121,-0.0174,-0.0052,-0.1161,43.9429,0.0080,-0.0359,0.0077,0.2667,0.1946,0.8639,sell
2024-02-28,339.9154,2128500,348.4626,349.7307,339.2862,-0.0318,-0.0447,-0.0365,-0.0333,-0.1393,27.9342,0.0121,-0.0378,0.0058,-0.1092,0.4633,1.3000,hold
2024-02-29,339.1022,2291600,340.4961,342.1416,335.2303,-0.0024,-0.0483,-0.0330,-0.0325,-0.1367,27.8847,0.0121,-0.0382,0.0044,-0.0534,0.0766,1.3985,buy
2024-03-01,340.7574,1640000,338.8893,340.8349,335.1722,0.0049,-0.0300,-0.0328,-0.0245,-0.1278,26.4516,0.0121,-0.0374,0.0040,0.0629,-0.2843,1.0457,sell
2024-03-04,335.7240,1792600,339.7605,341.5125,335.5014,-0.0148,-0.0364,-0.0548,-0.0336,-0.1358,23.9431,0.0119,-0.0383,0.0030,-0.0592,0.0930,1.1427,sell
2024-03-05,327.0993,2569500,337.8245,340.5542,326.3443,-0.0257,-0.0683,-0.0796,-0.0507,-0.1532,21.7807,0.0132,-0.0412,0.0009,-0.1576,0.4334,1.6826,hold
2024-03-06,328.2221,1554600,326.6056,331.1357,325.7441,0.0034,-0.0344,-0.0776,-0.0397,-0.1454,24.7882,0.0134,-0.0418,0.0002,-0.0171,-0.3950,1.0424,buy
2024-03-07,329.8097,1576300,327.9318,331.1939,323.8276,0.0048,-0.0274,-0.0743,-0.0275,-0.1364,24.7065,0.0137,-0.0413,0.0003,0.0848,0.0140,1.0836,hold
2024-03-08,328.4835,1164300,329.6547,333.4008,327.6026,-0.0040,-0.0360,-0.0649,-0.0249,-0.1350,18.9598,0.0136,-0.0411,0.0006,0.1072,-0.2614,0.8120,buy
2024-03-11,335.8885,1165000,327.7575,338.0181,327.7575,0.0225,0.0005,-0.0360,0.0008,-0.1108,30.5749,0.0164,-0.0377,0.0024,0.2977,0.0006,0.8113,sell
2024-03-12,334.0977,1315800,335.2400,337.2146,329.1998,-0.0053,0.0214,-0.0484,0.0006,-0.1105,28.9124,0.0159,-0.0359,0.0035,0.2790,0.1294,0.9060,hold
2024-03-13,334.1462,1056000,334.3204,340.1089,333.5073,0.0001,0.0180,-0.0170,0.0024,-0.1051,28.3335,0.0128,-0.0340,0.0044,0.3014,-0.1974,0.7321,buy
2024-03-14,337.7180,947500,333.8558,338.2795,332.0360,0.0107,0.0240,-0.0041,0.0136,-0.0899,36.3407,0.0133,-0.0309,0.0057,0.4006,-0.1027,0.6610,hold
2024-03-15,337.0017,2469100,335.6853,338.0956,333.4686,-0.0021,0.0259,-0.0110,0.0126,-0.0862,37.9838,0.0132,-0.0286,0.0064,0.3994,1.6059,1.6519,hold
2024-03-18,336.0725,1008300,336.1015,338.7344,333.1492,-0.0028,0.0005,0.0010,0.0097,-0.0830,33.6082,0.0124,-0.0267,0.0067,0.3947,-0.5916,0.6734,buy
2024-03-19,340.3316,1445800,338.1149,341.1737,336.9824,0.0127,0.0187,0.0405,0.0184,-0.0661,50.5352,0.0089,-0.0236,0.0076,0.5272,0.4339,0.9552,sell
2024-03-20,337.0404,1464600,338.3278,340.8446,336.2079,-0.0097,0.0087,0.0269,0.0059,-0.0696,47.5076,0.0099,-0.0221,0.0075,0.4569,0.0130,0.9492,hold
2024-03-21,336.2661,1460600,336.6049,340.8446,335.7143,-0.0023,-0.0043,0.0196,0.0017,-0.0662,44.4525,0.0100,-0.0207,0.0071,0.4577,-0.0027,0.9395,buy
2024-03-22,337.3793,1116300,336.8759,342.6644,336.8759,0.0033,0.0011,0.0271,0.0023,-0.0575,52.2638,0.0098,-0.0191,0.0070,0.5271,-0.2357,0.7240,sell
2024-03-25,335.9756,1004000,337.8245,338.5311,334.7269,-0.0042,-0.0003,0.0003,-0.0019,-0.0559,65.1269,0.0070,-0.0180,0.0065,0.4939,-0.1006,0.6557,buy
2024-03-26,337.2243,1498400,337.8245,339.0538,336.2273,0.0037,-0.0091,0.0094,0.0009,-0.0477,65.2759,0.0068,-0.0165,0.0063,0.6122,0.4924,0.9771,buy
2024-03-27,339.1701,1000300,339.2477,340.8101,337.3845,0.0058,0.0063,0.0150,0.0052,-0.0375,65.6929,0.0070,-0.0147,0.0064,0.7374,-0.3324,0.6772,sell
2024-03-28,336.4723,1583000,339.2672,340.5676,335.6668,-0.0080,0.0006,-0.0037,-0.0024,-0.0399,62.8045,0.0067,-0.0139,0.0059,0.5785,0.5825,1.0981,buy
2024-04-01,341.0624,1074400,335.7735,342.5666,335.6862,0.0136,0.0109,0.0120,0.0100,-0.0236,59.1154,0.0080,-0.0118,0.0062,0.8689,-0.3213,0.7602,sell
2024-04-02,295.3351,9517500,306.1653,310.6585,290.3859,-0.1341,-0.1210,-0.1212,-0.1148,-0.1500,23.1995,0.0436,-0.0241,-0.0027,-0.4720,7.8584,5.2888,hold
2024-04-03,298.9549,2835900,296.8102,303.6422,293.7533,0.0123,-0.1135,-0.1216,-0.0927,-0.1347,26.8137,0.0436,-0.0307,-0.0076,-0.1648,-0.7020,1.5643,hold
2024-04-04,300.8763,1845600,299.9835,305.1463,298.9354,0.0064,-0.1129,-0.1073,-0.0767,-0.1244,25.1867,0.0440,-0.0350,-0.0096,-0.0222,-0.3492,1.0099,hold
2024-04-05,303.8557,1238800,298.6153,304.9523,298.6153,0.0099,-0.0969,-0.0964,-0.0582,-0.1113,28.3361,0.0444,-0.0369,-0.0095,0.0882,-0.3288,0.6842,hold
2024-04-08,307.6307,1299700,302.6232,309.3775,301.5363,0.0124,-0.0980,-0.0882,-0.0376,-0.0983,32.0775,0.0448,-0.0368,-0.0078,0.1819,0.0492,0.7152,hold
2024-04-09,310.1732,850300,307.1454,310.1732,306.4661,0.0083,0.0502,-0.0768,-0.0218,-0.0888,30.5756,0.0451,-0.0358,-0.0056,0.2471,-0.3458,0.4720,hold
2024-04-10,309.7366,1101200,307.4366,311.8230,306.0780,-0.0014,0.0361,-0.0815,-0.0146,-0.0877,31.7428,0.0450,-0.0349,-0.0037,0.2637,0.2951,0.6149,hold
2024-04-11,306.9417,992400,311.2990,311.2990,306.1750,-0.0090,0.0202,-0.0950,-0.0134,-0.0928,30.9076,0.0447,-0.0348,-0.0027,0.2479,-0.0988,0.5551,hold
2024-04-12,303.3510,1467600,306.6020,306.7476,301.1578,-0.0117,-0.0017,-0.0984,-0.0144,-0.1001,28.5374,0.0448,-0.0355,-0.0024,0.2255,0.4788,0.8092,hold
2024-04-15,305.3404,1184700,305.8548,308.1838,303.7489,0.0066,-0.0074,-0.1047,0.0037,-0.0910,30.8193,0.0444,-0.0345,-0.0013,0.2773,-0.1928,0.6772,hold
2024-04-16,308.1352,1683300,320.2367,320.2464,308.0091,0.0092,-0.0066,0.0433,0.0086,-0.0795,32.1332,0.0087,-0.0325,0.0003,0.3356,0.4209,0.9440,buy
2024-04-17,313.8997,1958800,310.1829,314.7925,308.6982,0.0187,0.0134,0.0500,0.0225,-0.0603,35.1742,0.0095,-0.0288,0.0028,0.4350,0.1637,1.0829,buy
2024-04-18,315.2293,1557400,317.9174,321.2169,314.4820,0.0042,0.0270,0.0477,0.0220,-0.0541,37.3336,0.0095,-0.0256,0.0047,0.4702,-0.2049,0.8588,buy
2024-04-19,318.6258,1143700,317.3351,320.0038,317.2381,0.0108,0.0504,0.0486,0.0281,-0.0417,36.4287,0.0096,-0.0218,0.0065,0.5381,-0.2656,0.6362,sell
2024-04-22,315.6854,1591100,317.0828,324.5358,315.0352,-0.0092,0.0339,0.0262,0.0160,-0.0482,75.5172,0.0101,-0.0197,0.0071,0.5085,0.3912,0.8736,buy
2024-04-23,318.2862,1624700,315.8115,318.4802,310.9981,0.0082,0.0329,0.0262,0.0217,-0.0380,74.8752,0.0101,-0.0168,0.0078,0.5719,0.0211,0.8771,sell
2024-04-24,306.6408,3489000,325.0987,326.4573,299.8671,-0.0366,-0.0231,-0.0100,-0.0147,-0.0704,55.9330,0.0160,-0.0181,0.0059,0.3807,1.1475,1.7874,sell
2024-04-25,302.2059,1837600,305.4278,306.3788,299.0811,-0.0145,-0.0413,-0.0154,-0.0275,-0.0810,48.3514,0.0164,-0.0199,0.0036,0.3093,-0.4733,0.9216,sell
2024-04-26,296.8587,1213100,300.1097,301.7983,296.7908,-0.0177,-0.0683,-0.0214,-0.0427,-0.0943,39.5637,0.0169,-0.0226,0.0010,0.2017,-0.3398,0.6141,sell
2024-04-29,294.1900,1655700,296.4997,298.4115,292.8994,-0.0090,-0.0681,-0.0365,-0.0479,-0.0993,34.5526,0.0168,-0.0252,-0.0010,0.0774,0.3649,0.8260,hold
2024-04-30,293.1614,1879000,294.6559,297.0723,292.1036,-0.0035,-0.0789,-0.0486,-0.0466,-0.0990,34.1617,0.0162,-0.0271,-0.0023,0.0575,0.1349,1.1581,buy
2024-05-01,304.9231,2625200,290.6479,311.0661,289.7842,0.0401,-0.0056,-0.0286,-0.0054,-0.0599,48.3534,0.0205,-0.0241,-0.0002,0.4364,0.3971,1.6286,buy
2024-05-02,311.4930,1677900,305.1075,311.8133,303.1957,0.0215,0.0307,-0.0119,0.0173,-0.0370,56.3340,0.0218,-0.0201,0.0026,0.6437,-0.3608,1.0464,hold
2024-05-03,311.0661,1802600,310.3479,311.5513,307.2425,-0.0014,0.0479,-0.0237,0.0184,-0.0357,54.5652,0.0214,-0.0173,0.0044,0.6166,0.0743,1.1047,hold
2024-05-06,309.7948,1420300,311.9686,313.3466,308.6108,-0.0041,0.0530,-0.0187,0.0162,-0.0371,51.3561,0.0213,-0.0152,0.0052,0.5690,-0.2121,0.8672,buy
2024-05-07,315.0352,1072200,308.9020,315.3748,308.9020,0.0169,0.0746,-0.0102,0.0345,-0.0188,50.9359,0.0219,-0.0119,0.0066,0.7354,-0.2451,0.6503,hold
2024-05-08,314.5597,1500200,315.4039,317.6457,312.7158,-0.0015,0.0316,0.0258,0.0302,-0.0180,49.4402,0.0180,-0.0094,0.0073,0.7075,0.3992,0.8990,buy
2024-05-09,324.7881,1977600,315.7727,325.0986,315.1128,0.0325,0.0427,0.0747,0.0559,0.0148,54.6235,0.0191,-0.0046,0.0092,0.9642,0.3182,1.1510,hold
2024-05-10,325.6712,1340000,326.0691,328.4564,324.3126,0.0027,0.0470,0.0971,0.0490,0.0185,57.7310,0.0172,-0.0009,0.0104,0.9247,-0.3224,0.7828,buy
2024-05-13,329.5433,1852800,325.4966,334.4538,325.4966,0.0119,0.0637,0.1202,0.0495,0.0313,58.5470,0.0159,0.0030,0.0113,0.9541,0.3827,1.0617,buy
2024-05-14,334.3179,2037800,331.1251,334.6575,328.3982,0.0145,0.0612,0.1404,0.0509,0.0463,73.4617,0.0150,0.0071,0.0122,0.9835,0.0998,1.1560,buy
2024-05-15,336.8896,1687100,335.0457,337.0933,332.3673,0.0077,0.0710,0.1048,0.0485,0.0537,80.3602,0.0117,0.0107,0.0126,0.9638,-0.1721,0.9645,buy
2024-05-16,344.6919,2168300,338.0735,345.8759,337.8212,0.0232,0.0613,0.1066,0.0618,0.0770,90.1450,0.0119,0.0150,0.0135,1.0171,0.2852,1.2183,hold
2024-05-17,345.6721,1435600,345.0898,346.2350,342.4308,0.0028,0.0614,0.1112,0.0536,0.0790,94.4677,0.0115,0.0186,0.0136,0.9606,-0.3379,0.8000,hold
2024-05-20,344.7211,1430400,345.6721,346.0506,343.1004,-0.0028,0.0461,0.1127,0.0396,0.0750,94.5946,0.0113,0.0210,0.0129,0.8925,-0.0036,0.8007,hold
2024-05-21,345.1189,953600,346.4096,346.5843,343.4983,0.0012,0.0323,0.0955,0.0314,0.0756,93.2720,0.0115,0.0227,0.0117,0.8566,-0.3333,0.5440,hold
2024-05-22,346.0602,795400,344.6822,347.3315,344.4008,0.0027,0.0272,0.1001,0.0246,0.0777,92.3442,0.0111,0.0240,0.0103,0.8300,-0.1659,0.4916,sell
2024-05-23,341.8097,2132500,343.6244,344.1582,341.1401,-0.0123,-0.0084,0.0524,0.0070,0.0640,84.4348,0.0098,0.0240,0.0082,0.7470,1.6810,1.3060,sell
2024-05-24,338.9760,1583400,342.8675,342.8675,337.4233,-0.0083,-0.0194,0.0409,-0.0053,0.0551,81.5794,0.0107,0.0231,0.0057,0.6886,-0.2575,0.9588,hold
2024-05-28,338.8886,1604300,338.9372,340.2181,336.1132,-0.0003,-0.0169,0.0284,-0.0083,0.0547,79.0543,0.0104,0.0219,0.0036,0.6693,0.0132,0.9730,sell
2024-05-29,335.1039,2159000,335.7347,337.7338,318.3929,-0.0112,-0.0290,0.0024,-0.0196,0.0430,73.1568,0.0103,0.0201,0.0013,0.5910,0.3458,1.2984,buy
2024-05-30,337.1128,1350100,334.9002,342.1688,333.1145,0.0060,-0.0259,0.0007,-0.0138,0.0494,67.0516,0.0102,0.0186,-0.0001,0.6073,-0.3747,0.8443,buy
2024-05-31,347.5353,1757900,339.8009,347.7391,338.6558,0.0309,0.0168,0.0082,0.0159,0.0812,73.9324,0.0123,0.0192,0.0009,0.7837,0.3021,1.0966,buy
2024-06-03,353.4356,1285100,345.8370,354.3381,345.4294,0.0170,0.0427,0.0225,0.0308,0.0983,75.0406,0.0133,0.0209,0.0023,0.8711,-0.2690,0.8148,sell
2024-06-04,350.2040,1526600,352.0091,352.6593,347.4577,-0.0091,0.0334,0.0159,0.0197,0.0874,67.2062,0.0137,0.0217,0.0023,0.7915,0.1879,0.9647,hold
2024-06-05,350.3302,1275200,350.9998,352.0188,346.9434,0.0004,0.0454,0.0151,0.0186,0.0868,65.3718,0.0137,0.0219,0.0021,0.7802,-0.1647,0.8007,sell
2024-06-06,344.9249,1562500,349.6218,354.6972,342.9840,-0.0154,0.0232,-0.0033,0.0032,0.0696,50.2819,0.0147,0.0210,0.0006,0.6287,0.2253,0.9792,sell
2024-06-07,341.4021,875900,345.1383,345.3810,340.1503,-0.0102,-0.0176,-0.0012,-0.0069,0.0585,45.1327,0.0145,0.0191,-0.0012,0.4923,-0.4394,0.5685,sell
2024-06-10,339.0148,1168600,338.8693,341.5477,333.4736,-0.0070,-0.0408,0.0001,-0.0139,0.0509,43.7018,0.0145,0.0168,-0.0029,0.3651,0.3342,0.7627,buy
2024-06-11,341.3730,913000,339.4516,344.1388,338.6849,0.0070,-0.0252,0.0073,-0.0078,0.0582,46.0370,0.0146,0.0151,-0.0035,0.4288,-0.2187,0.6148,hold
2024-06-12,341.9650,1042100,342.3240,342.3240,337.9570,0.0017,-0.0239,0.0205,-0.0080,0.0570,45.6351,0.0140,0.0139,-0.0038,0.4338,0.1414,0.7260,buy
2024-06-13,347.5160,1480700,343.0810,354.6875,338.7917,0.0162,0.0075,0.0309,0.0050,0.0709,55.9179,0.0147,0.0138,-0.0029,0.6963,0.4209,1.0391,hold
2024-06-14,348.3214,867000,344.2261,348.9037,342.7317,0.0023,0.0203,0.0023,0.0071,0.0703,60.1177,0.0110,0.0140,-0.0022,0.7243,-0.4145,0.6375,sell
2024-06-17,344.7502,610000,345.0413,346.3514,342.7414,-0.0103,0.0169,-0.0246,-0.0007,0.0567,55.9008,0.0097,0.0132,-0.0024,0.5425,-0.2964,0.4626,sell
2024-06-18,339.2186,693500,345.8079,347.5839,338.8693,-0.0160,-0.0063,-0.0314,-0.0136,0.0377,54.0015,0.0104,0.0113,-0.0037,0.2756,0.1369,0.5410,buy
2024-06-20,346.8560,1473600,340.3443,347.8653,339.2186,0.0225,0.0143,-0.0099,0.0097,0.0587,58.5403,0.0132,0.0111,-0.0029,0.6563,1.1249,1.1268,sell
2024-06-21,344.9733,1632800,347.8167,349.8838,344.2455,-0.0054,-0.0073,0.0001,0.0042,0.0507,47.3589,0.0123,0.0105,-0.0028,0.5649,0.1080,1.2098,buy
2024-06-24,347.4577,1441500,346.2155,348.2243,343.4886,0.0072,-0.0025,0.0177,0.0096,0.0556,43.3707,0.0120,0.0105,-0.0022,0.6741,-0.1172,1.0961,sell
2024-06-25,345.2839,611200,346.8366,348.1176,345.1772,-0.0063,0.0015,0.0185,0.0015,0.0464,44.4126,0.0119,0.0099,-0.0023,0.5513,-0.5760,0.4826,buy
2024-06-26,350.4175,642700,346.8851,351.1065,346.7396,0.0149,0.0330,0.0265,0.0137,0.0590,50.0890,0.0125,0.0104,-0.0013,0.7843,0.0515,0.5275,buy
2024-06-27,352.2517,664100,349.4665,352.6884,348.1661,0.0052,0.0156,0.0301,0.0160,0.0618,58.0576,0.0125,0.0111,-0.0004,0.8567,0.0333,0.5807,buy
2024-06-28,363.4926,5489700,362.0139,378.0070,359.9418,0.0319,0.0537,0.0460,0.0436,0.0924,70.7681,0.0151,0.0136,0.0020,1.2287,7.2664,4.0644,hold
2024-07-01,363.3369,1054000,363.3077,369.6699,361.4496,-0.0004,0.0457,0.0431,0.0387,0.0888,73.8676,0.0152,0.0157,0.0033,1.0768,-0.8080,0.8012,hold
2024-07-02,364.6308,1136600,363.6191,368.0259,363.0257,0.0036,0.0560,0.0577,0.0365,0.0896,73.3101,0.0143,0.0174,0.0040,1.0330,0.0784,0.8689,sell
2024-07-03,352.9861,750700,365.5938,365.7787,352.9180,-0.0319,0.0073,0.0406,-0.0005,0.0525,59.0426,0.0175,0.0166,0.0022,0.6452,-0.3395,0.5914,buy
2024-07-05,358.7939,690200,354.5913,359.3776,351.2254,0.0165,0.0186,0.0344,0.0125,0.0672,59.2144,0.0169,0.0163,0.0017,0.8073,-0.0806,0.5566,hold
2024-07-08,360.3601,977700,359.0079,365.4965,357.1790,0.0044,-0.0086,0.0446,0.0125,0.0685,59.7152,0.0166,0.0164,0.0015,0.8190,0.4165,0.8075,buy
2024-07-09,363.2104,1352900,360.0390,365.6619,355.4084,0.0079,-0.0003,0.0453,0.0160,0.0730,65.0728,0.0166,0.0168,0.0016,0.8598,0.3838,1.0958,buy
2024-07-10,368.8625,950400,363.5315,369.0668,360.2434,0.0156,0.0116,0.0683,0.0251,0.0851,74.1567,0.0165,0.0181,0.0025,0.9580,-0.2975,0.7766,hold
2024-07-11,369.4073,939800,367.6757,373.9503,366.3137,0.0015,0.0465,0.0542,0.0212,0.0819,70.7789,0.0163,0.0191,0.0028,0.9167,-0.0112,0.7671,buy
2024-07-12,371.8296,1071900,370.3023,372.6857,362.7532,0.0066,0.0363,0.0556,0.0224,0.0840,74.5018,0.0163,0.0201,0.0031,0.9234,0.1406,0.8739,buy
2024-07-15,373.7655,1567400,382.3166,384.3400,373.2694,0.0052,0.0372,0.0283,0.0248,0.0853,74.2441,0.0134,0.0211,0.0034,0.9119,0.4623,1.2734,buy
2024-07-16,384.8459,1773700,384.2816,390.2061,380.3904,0.0296,0.0596,0.0592,0.0490,0.1127,81.3175,0.0157,0.0233,0.0049,1.0506,0.1316,1.3898,buy
2024-07-17,391.2373,1832400,380.6530,393.3775,380.6530,0.0166,0.0607,0.0730,0.0587,0.1260,81.6823,0.0161,0.0262,0.0065,1.0598,0.0331,1.3702,sell
2024-07-18,378.3183,1873300,387.7254,395.4106,376.3921,-0.0330,0.0241,0.0718,0.0168,0.0845,67.2614,0.0164,0.0267,0.0050,0.7970,0.0223,1.3416,hold
2024-07-19,376.8493,1075200,375.5068,378.7462,369.8450,-0.0039,0.0135,0.0503,0.0080,0.0765,60.1598,0.0163,0.0259,0.0033,0.7442,-0.4260,0.7812,sell
2024-07-22,374.4951,702900,372.5884,376.4797,370.1077,-0.0062,0.0020,0.0392,-0.0021,0.0661,58.2128,0.0167,0.0245,0.0014,0.6794,-0.3463,0.5285,hold
2024-07-23,375.3803,816400,374.1351,378.0361,369.6894,0.0024,-0.0246,0.0335,-0.0030,0.0656,57.9599,0.0167,0.0232,0.0001,0.6775,0.1615,0.6286,hold
2024-07-24,375.7987,866000,374.5341,378.2599,370.8763,0.0011,-0.0395,0.0188,-0.0037,0.0638,70.2609,0.0161,0.0220,-0.0008,0.6687,0.0608,0.6604,hold
2024-07-25,375.8960,1116600,381.5869,387.5406,375.4387,0.0003,-0.0064,0.0176,-0.0051,0.0612,66.9038,0.0161,0.0208,-0.0016,0.6524,0.2894,0.8363,buy
2024-07-26,381.9566,1004000,377.1704,389.6516,377.1704,0.0161,0.0136,0.0272,0.0082,0.0755,69.6044,0.0167,0.0206,-0.0011,0.7820,-0.1008,0.7426,hold
2024-07-29,381.4604,1297600,380.4293,382.6473,374.1351,-0.0013,0.0186,0.0206,0.0048,0.0714,67.3063,0.0167,0.0204,-0.0011,0.7433,0.2924,1.1358,buy
2024-07-30,393.5233,1715400,381.9177,395.0507,381.1199,0.0316,0.0483,0.0225,0.0342,0.1022,70.8504,0.0171,0.0218,0.0008,0.9760,0.3220,1.4592,sell
2024-07-31,351.7798,4378000,355.2041,370.5357,346.6920,-0.1061,-0.0639,-0.1009,-0.0658,-0.0150,41.2158,0.0375,0.0165,-0.0057,0.0323,1.5522,3.2730,hold
2024-08-01,349.2213,1919100,351.4491,353.8617,341.3610,-0.0073,-0.0710,-0.0769,-0.0653,-0.0224,38.7490,0.0367,0.0096,-0.0102,-0.0032,-0.5616,1.3747,buy
2024-08-02,353.7352,1076100,352.1398,353.9882,345.4079,0.0129,-0.0739,-0.0613,-0.0474,-0.0103,40.2813,0.0372,0.0049,-0.0117,0.1105,-0.4393,0.7603,sell
2024-08-05,346.6045,1304200,349.3089,352.4511,342.4603,-0.0202,-0.0914,-0.0745,-0.0595,-0.0303,30.7058,0.0375,-0.0003,-0.0138,0.0200,0.2120,0.9110,hold
2024-08-06,345.5928,930700,346.7699,350.4277,343.9973,-0.0029,-0.1218,-0.0794,-0.0546,-0.0333,25.6488,0.0374,-0.0048,-0.0146,0.0563,-0.2864,0.6598,sell
2024-08-07,336.1662,944000,346.2057,347.3147,335.4560,-0.0273,-0.0444,-0.1055,-0.0703,-0.0595,26.6415,0.0377,-0.0106,-0.0166,-0.0091,0.0143,0.6694,buy
2024-08-08,340.7968,908700,334.4832,341.2345,333.8411,0.0138,-0.0241,-0.0934,-0.0483,-0.0467,30.6979,0.0384,-0.0137,-0.0157,0.1125,-0.0374,0.6451,hold
2024-08-09,341.2929,628100,339.8726,341.7209,338.0243,0.0015,-0.0352,-0.1065,-0.0359,-0.0456,31.8631,0.0376,-0.0159,-0.0143,0.1598,-0.3088,0.4530,hold
2024-08-12,338.8220,485900,341.8961,342.5576,338.6761,-0.0072,-0.0225,-0.1118,-0.0313,-0.0526,30.3699,0.0375,-0.0182,-0.0133,0.1663,-0.2264,0.3647,buy
2024-08-13,347.1395,525900,340.0282,347.2951,338.8900,0.0245,0.0045,-0.1179,0.0059,-0.0293,35.8147,0.0366,-0.0174,-0.0100,0.2955,0.0823,0.4141,hold
2024-08-14,346.6920,541100,345.7873,350.7584,345.7873,-0.0013,0.0313,-0.0145,0.0061,-0.0302,35.5950,0.0157,-0.0169,-0.0077,0.3096,0.0289,0.4489,hold
2024-08-15,347.5190,730600,347.6746,348.7544,344.9994,0.0024,0.0197,-0.0049,0.0090,-0.0277,32.0886,0.0156,-0.0162,-0.0055,0.3396,0.3502,0.6362,sell
2024-08-16,340.8357,754900,347.7622,347.7719,340.5244,-0.0192,-0.0013,-0.0365,-0.0067,-0.0459,30.1483,0.0158,-0.0173,-0.0052,0.2707,0.0333,0.6667,buy
2024-08-19,343.6471,740600,340.8551,347.7816,340.8551,0.0082,0.0142,-0.0085,0.0023,-0.0380,23.2047,0.0151,-0.0169,-0.0039,0.3293,-0.0189,0.6530,buy
2024-08-20,347.2758,1025900,344.1433,348.6571,341.5848,0.0106,0.0004,0.0049,0.0124,-0.0282,45.9020,0.0154,-0.0155,-0.0021,0.3975,0.3852,0.8962,hold
2024-08-21,348.8225,768200,347.7135,350.9141,346.4391,0.0045,0.0061,0.0376,0.0132,-0.0244,49.6303,0.0119,-0.0140,-0.0005,0.4371,-0.2512,0.6740,sell
2024-08-22,345.1064,970500,349.6494,350.2136,339.0165,-0.0107,-0.0069,0.0126,0.0011,-0.0350,41.8817,0.0122,-0.0137,-0.0000,0.3986,0.2633,0.8570,sell
2024-08-23,343.3066,999800,345.6219,346.4488,341.2832,-0.0052,0.0072,0.0059,-0.0047,-0.0401,46.5514,0.0123,-0.0136,0.0000,0.3886,0.0302,0.8830,hold
2024-08-26,343.4039,678400,344.5518,346.8769,342.0711,0.0003,-0.0007,0.0135,-0.0057,-0.0396,47.6664,0.0120,-0.0134,0.0002,0.4106,-0.3215,0.6160,hold
2024-08-27,343.8417,793900,343.9390,345.0966,339.9018,0.0013,-0.0099,-0.0095,-0.0035,-0.0381,60.1232,0.0089,-0.0129,0.0006,0.4279,0.1703,0.7523,sell
2024-08-28,342.8494,595100,344.4837,345.9235,339.5224,-0.0029,-0.0171,-0.0111,-0.0053,-0.0408,52.9947,0.0089,-0.0127,0.0007,0.3889,-0.2504,0.6871,sell
2024-08-29,341.8085,608500,343.7444,343.7444,338.7928,-0.0030,-0.0096,-0.0164,-0.0066,-0.0438,50.7404,0.0088,-0.0126,0.0006,0.3430,0.0225,0.7601,buy
2024-08-30,344.8340,1135100,341.8182,345.0382,340.0963,0.0089,0.0044,0.0117,0.0010,-0.0353,58.4983,0.0069,-0.0115,0.0012,0.5789,0.8654,1.4127,buy
2024-09-03,353.6476,956800,345.3495,354.6010,344.5518,0.0256,0.0298,0.0291,0.0236,-0.0111,59.0724,0.0102,-0.0084,0.0032,1.1136,-0.1571,1.2171,buy
2024-09-04,361.3037,1473700,349.4840,372.3160,348.7349,0.0216,0.0508,0.0404,0.0415,0.0095,66.9602,0.0116,-0.0043,0.0057,1.2511,0.5402,1.8120,sell
2024-09-05,355.2139,1281500,362.5586,364.8058,348.5501,-0.0169,0.0361,0.0183,0.0221,-0.0080,57.9593,0.0134,-0.0025,0.0061,0.9239,-0.1304,1.5437,sell
2024-09-06,348.1318,1080100,357.9184,359.1344,347.4703,-0.0199,0.0185,0.0088,0.0009,-0.0277,57.4850,0.0146,-0.0027,0.0049,0.5864,-0.1572,1.2878,sell
2024-09-09,334.4150,2058000,347.2951,347.2951,329.0354,-0.0394,-0.0302,-0.0259,-0.0361,-0.0651,42.2606,0.0194,-0.0062,0.0014,0.0123,0.9054,2.2610,buy
2024-09-10,337.0028,1162900,334.1622,338.7733,330.7671,0.0077,-0.0471,-0.0186,-0.0269,-0.0564,41.2351,0.0197,-0.0080,-0.0004,0.1337,-0.4349,1.2318,sell
2024-09-11,319.2683,2677100,321.4377,324.7161,316.4083,-0.0526,-0.1163,-0.0715,-0.0715,-0.1039,30.2420,0.0253,-0.0144,-0.0051,-0.2450,1.3021,2.5457,sell
2024-09-12,315.6787,1634700,320.6595,322.0020,312.5560,-0.0112,-0.1113,-0.0792,-0.0746,-0.1115,30.2932,0.0253,-0.0200,-0.0085,-0.1425,-0.3894,1.4776,sell
2024-09-13,312.8186,2062600,316.2429,316.8947,311.8458,-0.0091,-0.1014,-0.0848,-0.0751,-0.1176,29.8690,0.0253,-0.0250,-0.0107,-0.0683,0.2618,1.7585,sell
2024-09-16,306.6607,2692200,312.7602,313.6941,304.7929,-0.0197,-0.0830,-0.1107,-0.0830,-0.1324,27.5366,0.0247,-0.0306,-0.0128,-0.0590,0.3052,2.1202,sell
2024-09-17,303.3239,1826300,306.0770,307.3028,302.3706,-0.0109,-0.0999,-0.1423,-0.0791,-0.1390,26.0770,0.0210,-0.0355,-0.0141,-0.0110,-0.3216,1.3793,buy
2024-09-18,306.7190,1785000,303.5185,308.9954,302.8180,0.0112,-0.0393,-0.1511,-0.0531,-0.1266,29.2560,0.0192,-0.0374,-0.0129,0.0983,-0.0226,1.3106,sell
2024-09-19,303.5185,1100500,307.6335,310.3866,303.3921,-0.0104,-0.0385,-0.1455,-0.0478,-0.1325,28.5481,0.0193,-0.0400,-0.0122,0.1083,-0.3835,0.7983,hold
2024-09-20,301.9717,1830100,301.5729,304.0146,299.2770,-0.0051,-0.0347,-0.1326,-0.0387,-0.1336,25.5819,0.0195,-0.0419,-0.0112,0.1356,0.6630,1.2873,buy
2024-09-23,304.2675,1533100,301.4269,305.9894,299.8801,0.0076,-0.0078,-0.0902,-0.0220,-0.1236,19.6120,0.0183,-0.0419,-0.0091,0.1985,-0.1623,1.0586,hold
2024-09-24,303.7422,1202800,304.0730,308.7133,302.5457,-0.0017,0.0014,-0.0987,-0.0132,-0.1216,11.1694,0.0175,-0.0418,-0.0072,0.2223,-0.2154,0.8157,hold
2024-09-25,303.4698,911800,305.1139,305.8435,300.6000,-0.0009,-0.0106,-0.0495,-0.0090,-0.1182,12.1207,0.0093,-0.0413,-0.0053,0.2460,-0.2419,0.6159,buy
2024-09-26,304.5302,1485200,303.4699,306.2132,301.7285,0.0035,0.0033,-0.0353,-0.0019,-0.1106,14.9953,0.0094,-0.0400,-0.0033,0.2815,0.6289,0.9740,buy
2024-09-27,310.8827,1217300,307.4876,313.3829,305.3474,0.0209,0.0295,-0.0062,0.0196,-0.0885,28.5740,0.0119,-0.0362,-0.0002,0.3725,-0.1804,0.7827,sell
2024-09-30,308.9853,1520600,312.8094,316.4383,308.2634,-0.0061,0.0155,0.0076,0.0126,-0.0904,24.1655,0.0101,-0.0342,0.0016,0.3676,0.2492,0.9657,sell
2024-10-01,272.6082,7056500,307.2879,307.6781,270.0231,-0.1177,-0.1025,-0.1013,-0.0975,-0.1927,17.9829,0.0390,-0.0469,-0.0051,-0.0054,3.6406,3.7543,sell
2024-10-02,240.4552,19640500,214.3796,243.7622,208.0876,-0.1179,-0.2076,-0.2160,-0.1861,-0.2822,12.9189,0.0508,-0.0706,-0.0185,-0.2034,1.7833,7.0448,sell
2024-10-03,235.8605,5396800,239.6650,239.7724,231.2073,-0.0191,-0.2255,-0.2229,-0.1830,-0.2899,12.7017,0.0507,-0.0865,-0.0267,-0.1213,-0.7252,1.8027,hold
2024-10-04,234.1534,3607800,235.7825,240.9137,233.7632,-0.0072,-0.2468,-0.2246,-0.1694,-0.2890,13.2743,0.0506,-0.0982,-0.0304,-0.0437,-0.3315,1.1563,sell
2024-10-07,230.5049,3252900,229.7343,232.2023,224.8470,-0.0156,-0.2540,-0.2424,-0.1603,-0.2936,13.2326,0.0495,-0.1088,-0.0319,0.0083,-0.0984,1.0230,buy
2024-10-08,237.2458,3205100,234.4753,240.6699,234.1241,0.0292,-0.1297,-0.2189,-0.1143,-0.2664,16.0683,0.0521,-0.1090,-0.0275,0.1074,-0.0147,0.9766,hold
2024-10-09,239.4407,1841600,237.0507,239.7821,236.0752,0.0093,-0.0042,-0.2110,-0.0842,-0.2525,18.3930,0.0527,-0.1087,-0.0223,0.1641,-0.4254,0.5684,buy
2024-10-10,245.2840,2494100,239.7041,246.0937,239.4797,0.0244,0.0400,-0.1945,-0.0401,-0.2292,23.1753,0.0542,-0.1034,-0.0153,0.2364,0.3543,0.7597,buy
2024-10-11,251.7517,4020200,240.9040,254.1027,240.6894,0.0264,0.0752,-0.1902,0.0085,-0.2040,26.0934,0.0547,-0.0956,-0.0078,0.3060,0.6119,1.1890,buy
2024-10-14,261.0484,2902300,253.6345,264.6676,253.0589,0.0369,0.1325,-0.1551,0.0662,-0.1697,32.0019,0.0575,-0.0844,0.0003,0.3922,-0.2781,0.8558,sell
2024-10-15,251.2932,3151000,245.0890,258.8437,245.0890,-0.0374,0.0592,-0.0782,0.0354,-0.1959,29.6327,0.0460,-0.0834,0.0036,0.3353,0.0857,0.9113,hold
2024-10-16,249.3129,1773300,251.8980,254.2002,249.0300,-0.0079,0.0412,0.0368,0.0235,-0.1972,28.5995,0.0249,-0.0803,0.0059,0.3388,-0.4372,0.5129,buy
2024-10-17,259.8192,3694500,243.0013,260.1704,241.2747,0.0421,0.0593,0.1016,0.0562,-0.1593,30.8267,0.0261,-0.0702,0.0100,0.4381,1.0834,1.0300,hold
2024-10-18,260.5997,4660800,258.0634,265.3407,252.6395,0.0030,0.0351,0.1129,0.0481,-0.1524,31.6785,0.0255,-0.0636,0.0131,0.4601,0.2616,1.2501,sell
2024-10-21,254.1905,3500200,263.3896,268.7062,251.4298,-0.0246,-0.0263,0.1028,0.0127,-0.1685,40.9786,0.0267,-0.0613,0.0139,0.4231,-0.2490,0.9147,hold
2024-10-22,255.8879,1859900,254.6002,258.6487,253.1467,0.0067,0.0183,0.0786,0.0120,-0.1584,60.7736,0.0258,-0.0567,0.0144,0.4572,-0.4686,0.4819,sell
2024-10-23,252.3175,1518500,255.8879,257.1561,250.2787,-0.0140,0.0121,0.0538,-0.0072,-0.1649,61.6553,0.0267,-0.0546,0.0140,0.4431,-0.1836,0.3904,hold
2024-10-24,252.2492,1696200,256.3171,258.6681,251.7810,-0.0003,-0.0291,0.0284,-0.0102,-0.1599,63.1206,0.0259,-0.0517,0.0135,0.4657,0.1170,0.4349,buy
2024-10-25,254.3466,1824300,256.5903,260.2972,253.4004,0.0083,-0.0240,0.0103,-0.0030,-0.1476,67.6845,0.0247,-0.0478,0.0135,0.5290,0.0755,0.4641,hold
2024-10-28,254.6978,1630500,254.6295,259.3022,252.5712,0.0014,0.0020,-0.0243,0.0009,-0.1415,64.3005,0.0214,-0.0444,0.0135,0.6181,-0.1062,0.4142,sell
2024-10-29,251.4590,1801000,254.1905,257.7902,251.1274,-0.0127,-0.0173,0.0007,-0.0119,-0.1471,59.6824,0.0180,-0.0428,0.0127,0.5775,0.1046,0.4903,buy
2024-10-30,259.7997,3358200,253.6344,266.5893,253.4589,0.0332,0.0297,0.0421,0.0167,-0.1135,61.2420,0.0205,-0.0367,0.0135,0.7737,0.8646,1.1744,sell
2024-10-31,251.5176,1864900,251.0981,258.9803,249.7324,-0.0319,-0.0029,-0.0320,-0.0125,-0.1361,49.8236,0.0186,-0.0364,0.0125,0.5334,-0.4447,0.6951,buy
2024-11-01,254.3271,1424000,252.7272,258.5120,251.8493,0.0112,-0.0001,-0.0241,0.0010,-0.1209,44.3883,0.0191,-0.0334,0.0119,0.5936,-0.2364,0.5533,sell
2024-11-04,249.2934,1910900,254.5124,255.6733,245.6645,-0.0198,-0.0212,-0.0193,-0.0169,-0.1327,48.1874,0.0185,-0.0333,0.0103,0.3806,0.3419,0.7624,buy
2024-11-05,254.2198,1460900,249.9275,255.5172,246.0352,0.0198,0.0110,-0.0065,0.0031,-0.1100,54.2219,0.0196,-0.0301,0.0101,0.5518,-0.2355,0.6038,buy
2024-11-06,281.4464,5199400,283.1536,283.5925,271.2132,0.1071,0.0833,0.1154,0.0980,-0.0104,64.4505,0.0386,-0.0174,0.0152,1.3861,2.5590,2.0096,hold
2024-11-07,280.7148,2492800,281.4172,290.2164,278.4907,-0.0026,0.1161,0.1128,0.0831,-0.0086,63.4490,0.0386,-0.0098,0.0183,1.1613,-0.5206,0.9635,hold
2024-11-08,281.0660,1691700,281.6416,286.0802,278.9979,0.0013,0.1051,0.1051,0.0734,-0.0031,69.5529,0.0388,-0.0035,0.0196,1.0458,-0.3214,0.6847,sell
2024-11-11,275.5251,2213200,266.3162,276.6567,264.0920,-0.0197,0.1052,0.0818,0.0439,-0.0179,63.5301,0.0399,-0.0002,0.0188,0.8703,0.3083,0.9084,hold
2024-11-12,273.2034,1684500,276.3640,278.9882,267.5356,-0.0084,0.0747,0.0865,0.0267,-0.0206,64.6424,0.0397,0.0019,0.0168,0.7861,-0.2389,0.7129,buy
2024-11-13,282.3342,2191300,272.1498,283.9633,270.4719,0.0334,0.0032,0.0867,0.0521,0.0179,68.7136,0.0397,0.0059,0.0162,0.9254,0.3009,0.9192,sell
2024-11-14,276.2079,2049000,279.0759,282.1293,273.4667,-0.0217,-0.0161,0.0982,0.0198,0.0015,62.9493,0.0386,0.0075,0.0144,0.7714,-0.0649,0.8902,sell
2024-11-15,268.9208,1842700,277.6322,277.6322,267.8672,-0.0264,-0.0432,0.0574,-0.0124,-0.0193,57.7851,0.0403,0.0066,0.0110,0.6152,-0.1007,0.8528,sell
2024-11-18,264.7066,1929800,268.2672,272.5887,264.1798,-0.0157,-0.0393,0.0618,-0.0333,-0.0297,57.1746,0.0400,0.0045,0.0072,0.5203,0.0473,0.9268,buy
2024-11-19,270.9791,1447500,263.4872,271.5547,261.8385,0.0237,-0.0081,0.0659,-0.0164,-0.0019,56.1933,0.0402,0.0045,0.0057,0.6332,-0.2499,0.7021,buy
2024-11-20,286.7728,2286700,276.2957,288.4799,275.5836,0.0583,0.0157,0.0189,0.0389,0.0588,68.0304,0.0277,0.0087,0.0078,0.9011,0.5798,1.0889,hold
2024-11-21,288.4702,1214700,286.0314,289.2604,284.4901,0.0059,0.0444,0.0276,0.0421,0.0672,67.6626,0.0277,0.0124,0.0093,0.8846,-0.4688,0.5851,hold
2024-11-22,290.8114,1450600,288.7531,295.6110,288.1775,0.0081,0.0814,0.0347,0.0469,0.0776,72.0931,0.0277,0.0158,0.0101,0.8795,0.1942,0.7051,buy
2024-11-25,296.7328,2656600,304.3614,305.3369,296.1963,0.0204,0.1210,0.0770,0.0601,0.1004,72.3855,0.0268,0.0195,0.0112,0.9254,0.8314,1.2599,sell
2024-11-26,288.3531,1556000,296.5572,296.5572,287.2605,-0.0282,0.0641,0.0555,0.0246,0.0705,54.5373,0.0288,0.0209,0.0098,0.7571,-0.4143,0.7423,hold
2024-11-27,289.4164,995700,289.4067,291.8650,287.7385,0.0037,0.0092,0.0251,0.0258,0.0758,55.6917,0.0271,0.0214,0.0083,0.7495,-0.3601,0.5034,hold
2024-11-29,289.1238,533900,287.6996,291.6016,287.6313,-0.0010,0.0023,0.0468,0.0201,0.0759,55.2746,0.0258,0.0216,0.0068,0.7246,-0.4638,0.2793,sell
2024-12-02,285.9534,1261300,288.7531,289.7676,284.5389,-0.0110,-0.0167,0.0633,0.0029,0.0654,57.0450,0.0241,0.0209,0.0047,0.6467,1.3624,0.6626,hold
2024-12-03,284.0023,1045900,283.8462,287.6897,279.7978,-0.0068,-0.0429,0.0729,-0.0107,0.0597,57.3321,0.0234,0.0194,0.0025,0.5867,-0.1708,0.5622,sell
2024-12-04,281.0270,1269600,282.6561,284.0023,276.3250,-0.0105,-0.0254,0.0371,-0.0244,0.0504,49.0315,0.0232,0.0173,0.0002,0.4767,0.2139,0.6860,sell
2024-12-05,276.1299,1081300,281.3782,281.3782,275.0080,-0.0174,-0.0459,-0.0371,-0.0379,0.0342,49.9411,0.0140,0.0142,-0.0026,0.3372,-0.1483,0.6574,sell
2024-12-06,274.8325,1751000,277.6322,277.6322,267.8087,-0.0047,-0.0494,-0.0473,-0.0378,0.0316,54.9045,0.0136,0.0110,-0.0047,0.3100,0.6193,1.0892,buy
2024-12-09,279.2320,1125400,275.3982,281.9147,274.9690,0.0160,-0.0235,-0.0398,-0.0184,0.0506,62.0139,0.0146,0.0094,-0.0048,0.4435,-0.3573,0.7126,hold
2024-12-10,278.8223,1131400,279.9832,283.6316,277.8078,-0.0015,-0.0182,-0.0604,-0.0137,0.0515,57.1837,0.0120,0.0081,-0.0049,0.4257,0.0053,0.7418,sell
2024-12-11,271.3889,1812800,276.2762,281.1050,268.8818,-0.0267,-0.0343,-0.0588,-0.0342,0.0235,33.3615,0.0117,0.0050,-0.0067,0.2092,0.6023,1.1836,sell
2024-12-12,266.1016,1666300,271.1938,273.0570,266.0626,-0.0195,-0.0363,-0.0806,-0.0451,0.0017,27.5504,0.0118,0.0008,-0.0089,0.1066,-0.0808,1.1069,buy
2024-12-13,267.4088,1383400,265.1358,267.5063,262.5410,0.0049,-0.0270,-0.0751,-0.0328,0.0042,26.0148,0.0124,-0.0022,-0.0095,0.1699,-0.1698,0.9397,sell
2024-12-16,254.0832,3129500,265.0968,269.3598,251.0884,-0.0498,-0.0901,-0.1115,-0.0703,-0.0473,12.0486,0.0182,-0.0089,-0.0133,-0.0770,1.2622,2.0368,sell
2024-12-17,228.1637,5641300,252.0834,253.8393,227.2955,-0.1020,-0.1817,-0.1966,-0.1477,-0.1443,9.1823,0.0337,-0.0246,-0.0236,-0.2925,0.8026,3.2759,buy
2024-12-18,233.9778,2677900,231.3732,236.4654,229.7343,0.0255,-0.1379,-0.1674,-0.1104,-0.1223,14.6799,0.0368,-0.0330,-0.0256,-0.0681,-0.5253,1.5014,sell
2024-12-19,230.0074,2424500,232.1048,234.1241,225.9786,-0.0170,-0.1356,-0.1670,-0.1099,-0.1366,14.0228,0.0368,-0.0418,-0.0274,-0.0156,-0.0946,1.3541,buy
2024-12-20,241.0503,4223200,229.5782,246.3571,228.9149,0.0480,-0.0986,-0.1229,-0.0548,-0.0948,25.0623,0.0422,-0.0418,-0.0225,0.1595,0.7419,2.1759,buy
2024-12-23,249.4788,2089600,241.2161,250.2201,238.5237,0.0350,-0.0181,-0.1066,-0.0102,-0.0630,32.1136,0.0440,-0.0388,-0.0161,0.2807,-0.5052,1.0592,hold
2024-12-24,249.2641,483200,248.0740,250.3665,246.2985,-0.0009,0.0925,-0.1060,0.0007,-0.0630,33.0593,0.0440,-0.0371,-0.0115,0.2993,-0.7688,0.2592,hold
2024-12-26,249.8690,846900,248.2106,252.0444,247.3814,0.0024,0.0679,-0.0793,0.0119,-0.0606,35.3217,0.0438,-0.0351,-0.0077,0.3264,0.7527,0.4631,hold
2024-12-27,249.3812,1049900,247.7814,251.0689,246.8058,-0.0020,0.0842,-0.0628,0.0168,-0.0625,35.6443,0.0436,-0.0334,-0.0047,0.3397,0.2397,0.5733,hold
2024-12-30,248.0350,951100,247.3912,250.0738,244.3670,-0.0054,0.0290,-0.0725,0.0193,-0.0667,31.7757,0.0434,-0.0323,-0.0027,0.3417,-0.0941,0.5135,hold
2024-12-31,248.3629,873800,248.5195,253.1205,245.9939,0.0013,-0.0045,-0.0225,0.0231,-0.0646,32.1896,0.0407,-0.0307,-0.0010,0.3648,-0.0813,0.4767,hold
2025-01-02,247.3253,878400,251.5444,253.6295,246.6890,-0.0042,-0.0078,0.0840,0.0108,-0.0680,34.7919,0.0206,-0.0297,0.0002,0.3690,0.0053,0.4814,buy
2025-01-03,256.9383,1373800,248.1476,260.2177,246.3953,0.0389,0.0283,0.0981,0.0404,-0.0319,44.5091,0.0223,-0.0243,0.0035,0.5306,0.5640,0.7508,buy
2025-01-06,258.7200,1736900,258.3284,265.6409,257.6333,0.0069,0.0374,0.1248,0.0355,-0.0256,44.8228,0.0203,-0.0201,0.0061,0.5760,0.2643,0.9326,buy
2025-01-07,261.5784,976800,260.2471,265.7388,259.4444,0.0110,0.0546,0.0852,0.0384,-0.0156,55.1024,0.0159,-0.0156,0.0082,0.6404,-0.4376,0.5356,hold
2025-01-08,262.4791,892300,261.0009,263.2426,254.9609,0.0034,0.0568,0.0521,0.0367,-0.0128,85.4288,0.0128,-0.0117,0.0096,0.6850,-0.0865,0.4924,hold
2025-01-10,263.3699,1660800,262.3518,269.6937,261.4903,0.0034,0.0649,0.0566,0.0344,-0.0101,83.7799,0.0127,-0.0083,0.0103,0.7377,0.8613,0.9033,buy
2025-01-13,281.3037,1989000,275.9099,284.5440,273.0710,0.0681,0.0948,0.1258,0.0914,0.0550,94.6297,0.0234,-0.0001,0.0139,1.0519,0.1976,1.0766,sell
2025-01-14,276.6734,1092700,277.5349,282.2239,275.2735,-0.0165,0.0694,0.1094,0.0622,0.0363,84.8861,0.0248,0.0046,0.0151,0.9283,-0.4506,0.6008,sell
2025-01-15,273.5996,1204400,274.8330,278.3767,273.3842,-0.0111,0.0460,0.1031,0.0402,0.0231,76.3895,0.0252,0.0075,0.0145,0.8570,0.1022,0.6655,sell
2025-01-16,269.9874,1600200,269.2141,273.4332,262.7825,-0.0132,0.0286,0.0871,0.0181,0.0084,71.1035,0.0262,0.0087,0.0126,0.7707,0.3286,0.9232,buy
2025-01-17,276.6734,1835500,269.5958,281.0100,265.1514,0.0248,0.0505,0.1187,0.0319,0.0313,74.2880,0.0262,0.0111,0.0120,0.8545,0.1470,1.1895,hold
2025-01-21,278.6704,958700,277.1825,278.9445,274.4512,0.0072,-0.0094,0.0846,0.0309,0.0368,75.8330,0.0244,0.0136,0.0115,0.8552,-0.4777,0.6580,hold
2025-01-22,278.9152,908300,275.2051,279.8452,272.4249,0.0009,0.0081,0.0781,0.0242,0.0379,77.7759,0.0245,0.0154,0.0107,0.8409,-0.0526,0.6576,buy
2025-01-23,287.6080,5077400,283.5553,300.8039,276.2134,0.0312,0.0512,0.0995,0.0461,0.0697,80.6827,0.0256,0.0186,0.0112,0.9494,4.5900,3.5656,hold
2025-01-24,288.4205,1216100,285.4544,292.2090,283.7119,0.0028,0.0683,0.0988,0.0393,0.0722,82.2428,0.0256,0.0215,0.0113,0.9078,-0.7605,0.8810,buy
2025-01-27,291.4846,2177700,291.8664,297.2504,290.4959,0.0106,0.0535,0.1067,0.0398,0.0823,80.2089,0.0255,0.0241,0.0112,0.9071,0.7907,1.4864,buy
2025-01-28,296.7218,1134300,290.4469,297.5539,290.2511,0.0180,0.0648,0.0548,0.0527,0.0998,81.3368,0.0162,0.0270,0.0114,0.9339,-0.4791,0.7667,sell
2025-01-29,288.0290,1252700,295.9680,298.4447,285.9438,-0.0293,0.0327,0.0410,0.0177,0.0671,69.8970,0.0184,0.0277,0.0094,0.7673,0.1044,0.8410,buy
2025-01-30,290.6525,1196000,286.6780,291.7293,282.6253,0.0091,0.0106,0.0623,0.0208,0.0757,70.6575,0.0177,0.0278,0.0077,0.7851,-0.0453,0.7964,sell
2025-01-31,287.0500,1250800,289.7617,290.7406,286.5410,-0.0124,-0.0048,0.0632,0.0022,0.0609,66.6989,0.0176,0.0272,0.0055,0.7053,0.0458,0.8225,hold
2025-02-03,286.8249,1555600,285.0922,289.3798,283.8489,-0.0008,-0.0160,0.0367,-0.0021,0.0584,55.1896,0.0164,0.0260,0.0034,0.6864,0.2437,1.0007,buy
2025-02-04,289.3016,1577000,283.9567,291.2888,280.2074,0.0086,-0.0250,0.0381,0.0028,0.0661,62.3706,0.0165,0.0253,0.0023,0.7185,0.0138,1.0079,sell
2025-02-05,284.4070,1102600,288.6848,289.1254,280.4325,-0.0169,-0.0126,0.0197,-0.0161,0.0482,60.2223,0.0177,0.0236,0.0002,0.5906,-0.3008,0.7193,sell
2025-02-06,273.6877,1523500,283.1441,285.5033,271.4949,-0.0377,-0.0584,-0.0484,-0.0486,0.0098,53.0852,0.0185,0.0194,-0.0039,0.2977,0.3817,0.9764,sell
2025-02-07,268.5483,984900,273.6877,275.6064,267.4519,-0.0188,-0.0645,-0.0689,-0.0599,-0.0075,43.0463,0.0188,0.0140,-0.0079,0.1310,-0.3535,0.6294,sell
2025-02-10,261.1770,3030500,266.9918,266.9918,253.6100,-0.0274,-0.0894,-0.1040,-0.0759,-0.0322,36.2897,0.0187,0.0073,-0.0121,-0.0586,2.0770,1.8553,sell
2025-02-11,251.9164,4535200,267.8631,267.8631,237.6339,-0.0355,-0.1292,-0.1510,-0.0943,-0.0640,31.4600,0.0172,-0.0013,-0.0171,-0.1250,0.4965,2.5758,buy
2025-02-12,254.5497,2649800,253.9330,262.7042,253.0226,0.0105,-0.1050,-0.1162,-0.0737,-0.0518,25.2383,0.0183,-0.0072,-0.0183,0.0164,-0.4157,1.4412,sell
2025-02-13,247.5504,1735000,256.4684,257.7019,246.6694,-0.0275,-0.0955,-0.1483,-0.0848,-0.0750,21.9836,0.0172,-0.0144,-0.0207,-0.0222,-0.3452,0.9303,hold
2025-02-14,248.4804,2386200,248.6468,252.8660,244.6137,0.0038,-0.0747,-0.1344,-0.0681,-0.0689,19.6322,0.0183,-0.0194,-0.0205,0.0542,0.3753,1.2530,buy
2025-02-18,251.8185,1419000,247.5798,253.7079,245.7981,0.0134,-0.0358,-0.1220,-0.0430,-0.0541,17.4172,0.0199,-0.0217,-0.0182,0.1481,-0.4053,0.7534,buy
2025-02-19,259.9240,1233200,251.1431,260.3156,249.7432,0.0322,0.0318,-0.1015,-0.0011,-0.0221,29.4311,0.0238,-0.0202,-0.0135,0.2878,-0.1309,0.6500,buy
2025-02-20,265.5822,1037700,257.7900,266.3947,256.5565,0.0218,0.0433,-0.0662,0.0281,-0.0000,32.4324,0.0257,-0.0173,-0.0086,0.3813,-0.1585,0.5451,sell
2025-02-21,250.5166,2863200,252.5625,258.4361,247.8147,-0.0567,0.0120,-0.0847,-0.0214,-0.0550,27.9433,0.0288,-0.0208,-0.0093,0.1953,1.7592,1.5968,hold
2025-02-24,249.6257,1721400,252.5919,254.4029,248.5000,-0.0036,0.0046,-0.0705,-0.0177,-0.0563,27.7205,0.0285,-0.0229,-0.0091,0.2138,-0.3988,0.9467,buy
2025-02-25,253.8058,1770900,249.5572,254.2561,243.5564,0.0167,0.0079,-0.0282,0.0017,-0.0387,29.1657,0.0284,-0.0225,-0.0071,0.2946,0.0288,0.9849,sell
2025-02-26,249.6943,1490900,252.2297,253.5904,246.9337,-0.0162,-0.0394,-0.0088,-0.0137,-0.0527,29.4363,0.0265,-0.0239,-0.0066,0.2558,-0.1581,0.8211,buy
2025-02-27,255.9300,1448300,253.5806,257.6431,251.3780,0.0250,-0.0363,0.0054,0.0104,-0.0283,38.8903,0.0276,-0.0219,-0.0040,0.3698,-0.0286,0.7933,buy
2025-02-28,264.7208,2250700,254.9022,265.5626,254.9022,0.0343,0.0567,0.0694,0.0381,0.0053,47.7100,0.0274,-0.0172,0.0001,0.5344,0.5540,1.1983,sell
2025-03-03,256.0279,1561100,265.0144,267.0310,255.4014,-0.0328,0.0256,0.0304,0.0010,-0.0278,46.9673,0.0302,-0.0171,0.0006,0.4016,-0.3064,0.8243,hold
2025-03-04,257.2418,1317000,255.0196,260.8246,253.9232,0.0047,0.0135,0.0215,0.0036,-0.0254,53.4650,0.0300,-0.0159,0.0014,0.4469,-0.1564,0.6998,hold
2025-03-05,256.5957,1033800,257.0460,259.2583,253.6393,-0.0025,0.0276,-0.0128,0.0024,-0.0295,51.3665,0.0282,-0.0151,0.0018,0.4603,-0.2150,0.5574,buy
2025-03-06,260.1590,1434800,256.0867,261.7155,254.5302,0.0139,0.0165,-0.0204,0.0185,-0.0182,58.8268,0.0276,-0.0130,0.0030,0.6152,0.3879,0.7667,sell
2025-03-07,254.2854,1553000,256.8894,262.8412,253.6687,-0.0226,-0.0394,0.0150,-0.0060,-0.0414,53.8008,0.0214,-0.0134,0.0023,0.4317,0.0824,0.8292,sell
2025-03-10,245.9548,2108400,253.0618,258.1130,243.7718,-0.0328,-0.0393,-0.0147,-0.0371,-0.0725,46.3964,0.0241,-0.0165,-0.0002,0.1017,0.3576,1.0930,hold
2025-03-11,244.9269,1387800,246.8456,249.7628,242.6656,-0.0042,-0.0479,-0.0350,-0.0378,-0.0761,39.9051,0.0232,-0.0188,-0.0020,0.1062,-0.3418,0.7514,hold
2025-03-12,243.8599,1150900,244.9563,247.5308,241.7943,-0.0044,-0.0496,-0.0234,-0.0398,-0.0797,34.4150,0.0228,-0.0208,-0.0031,0.1060,-0.1707,0.6860,buy
2025-03-13,246.4247,1074900,242.7635,247.5896,239.8365,0.0105,-0.0528,-0.0371,-0.0261,-0.0698,46.4224,0.0213,-0.0210,-0.0028,0.2351,-0.0660,0.6723,hold
2025-03-14,247.5504,1331300,249.3125,253.7862,245.9450,0.0046,-0.0265,-0.0649,-0.0149,-0.0655,48.1930,0.0171,-0.0206,-0.0020,0.2794,0.2385,0.8433,buy
2025-03-17,258.8374,1103900,250.3404,260.0317,248.7154,0.0456,0.0524,0.0110,0.0288,-0.0237,53.8987,0.0212,-0.0158,0.0016,0.7025,-0.1708,0.7288,buy
2025-03-18,264.0942,1632500,259.5422,265.6703,258.2990,0.0203,0.0783,0.0266,0.0469,-0.0051,60.9629,0.0220,-0.0107,0.0051,0.8624,0.4788,1.0703,sell
2025-03-19,261.7056,1614200,262.7727,263.9767,258.6122,-0.0090,0.0732,0.0199,0.0353,-0.0145,54.6706,0.0223,-0.0076,0.0066,0.7673,-0.0112,1.0452,hold
2025-03-20,261.2064,1069900,260.9617,262.8412,259.4150,-0.0019,0.0600,0.0040,0.0329,-0.0166,46.7178,0.0219,-0.0052,0.0073,0.7694,-0.3372,0.6921,hold
2025-03-21,260.5603,1963600,260.5310,263.6341,257.6823,-0.0025,0.0526,0.0247,0.0278,-0.0189,54.9817,0.0204,-0.0035,0.0072,0.7224,0.8353,1.3082,buy
2025-03-24,265.9934,1252800,260.4918,266.9919,259.9730,0.0209,0.0276,0.0815,0.0410,0.0013,58.8027,0.0168,-0.0004,0.0081,0.8767,-0.3620,0.8479,buy
2025-03-25,268.0002,1392700,266.7276,268.2253,263.2915,0.0075,0.0148,0.0942,0.0395,0.0085,61.1654,0.0163,0.0026,0.0088,0.8937,0.1117,0.9548,sell
2025-03-26,264.7795,822600,269.0085,269.5469,261.0400,-0.0120,0.0117,0.0858,0.0187,-0.0024,54.5543,0.0171,0.0039,0.0082,0.7587,-0.4093,0.5772,hold
2025-03-27,264.6816,1284400,265.6213,269.0476,261.6763,-0.0004,0.0133,0.0741,0.0112,-0.0019,61.5636,0.0173,0.0049,0.0073,0.7352,0.5614,0.9064,sell
2025-03-28,259.8544,967900,265.1383,266.8276,258.7053,-0.0182,-0.0027,0.0497,-0.0119,-0.0190,66.7673,0.0191,0.0042,0.0054,0.5895,-0.2464,0.7154,hold
2025-03-31,259.8740,1201500,258.6562,262.2312,256.0928,0.0001,-0.0230,0.0040,-0.0122,-0.0182,68.4804,0.0128,0.0036,0.0038,0.5836,0.2413,0.9001,hold
2025-04-01,260.0115,927200,260.3455,263.4490,257.2223,0.0005,-0.0298,-0.0155,-0.0101,-0.0165,70.4395,0.0107,0.0031,0.0026,0.5833,-0.2283,0.7049,buy
2025-04-02,261.0526,1117300,258.0571,261.0526,256.3383,0.0040,-0.0141,-0.0025,-0.0059,-0.0112,69.2538,0.0105,0.0030,0.0020,0.6095,0.2050,0.8467,hold
2025-04-03,260.7383,1808700,257.9982,270.0195,257.2812,-0.0012,-0.0149,-0.0018,-0.0069,-0.0110,67.7373,0.0105,0.0028,0.0014,0.5982,0.6188,1.3515,sell
2025-04-04,249.2375,2435100,258.8821,265.8749,248.5696,-0.0441,-0.0409,-0.0435,-0.0466,-0.0519,37.1622,0.0175,-0.0010,-0.0019,0.2390,0.3463,1.7615,hold
2025-04-07,250.1607,1838800,242.9125,251.8107,237.8938,0.0037,-0.0374,-0.0595,-0.0372,-0.0456,28.9243,0.0155,-0.0037,-0.0037,0.2531,-0.2449,1.3433,buy
2025-04-08,276.9142,4637900,286.9025,287.5114,269.7151,0.1069,0.0650,0.0333,0.0621,0.0576,63.2430,0.0391,0.0025,0.0020,1.0421,1.5222,3.0285,buy
2025-04-09,280.4302,2653600,276.8257,285.6847,266.0026,0.0127,0.0742,0.0591,0.0691,0.0724,65.9038,0.0387,0.0079,0.0059,1.0628,-0.4278,1.6517,buy
2025-04-10,285.0659,2277700,281.4713,288.6311,274.4588,0.0165,0.0933,0.0770,0.0784,0.0904,69.0180,0.0388,0.0132,0.0090,1.0850,-0.1417,1.3666,buy
2025-04-11,289.7704,1674600,284.8105,290.9686,279.8114,0.0165,0.1626,0.1151,0.0840,0.1084,68.6636,0.0377,0.0183,0.0114,1.0898,-0.2648,0.9945,sell
2025-04-14,279.7329,1473200,290.7132,292.6775,276.8257,-0.0346,0.1182,0.0764,0.0387,0.0706,58.1785,0.0404,0.0202,0.0104,0.8131,-0.1203,0.8654,hold
2025-04-15,281.6579,1150900,281.5204,283.5043,275.3034,0.0069,0.0171,0.0833,0.0375,0.0784,61.9817,0.0403,0.0214,0.0093,0.8218,-0.2188,0.6858,hold
2025-04-16,280.5088,1338400,281.0490,286.1266,276.9633,-0.0041,0.0003,0.0745,0.0259,0.0748,61.0703,0.0405,0.0219,0.0078,0.7684,0.1629,0.8041,sell
2025-04-17,259.7562,3670300,252.3705,265.4919,251.4669,-0.0740,-0.0888,-0.0038,-0.0496,-0.0029,49.9438,0.0481,0.0174,0.0017,0.3250,1.7423,2.0454,sell
2025-04-21,241.5179,2050400,257.8214,259.4615,239.2982,-0.0702,-0.1665,-0.0310,-0.1139,-0.0706,41.3110,0.0514,0.0072,-0.0077,0.0110,-0.4414,1.1399,buy
2025-04-22,254.2955,1340700,243.7179,254.5803,242.4215,0.0529,-0.0909,0.0165,-0.0684,-0.0203,47.5835,0.0543,0.0022,-0.0096,0.2729,-0.3461,0.7435,buy
2025-04-23,258.9017,1092400,254.7080,261.5830,250.6518,0.0181,-0.0808,-0.0650,-0.0452,-0.0024,49.1173,0.0410,-0.0001,-0.0093,0.3688,-0.1852,0.6109,buy
2025-04-24,263.0464,1061100,256.7214,263.2232,255.1107,0.0160,-0.0623,-0.0620,-0.0237,0.0127,50.9183,0.0412,-0.0005,-0.0076,0.4476,-0.0287,0.5895,sell
2025-04-25,259.6776,1097900,261.3571,262.5356,257.3303,-0.0128,-0.0003,-0.0891,-0.0270,-0.0007,54.4414,0.0405,-0.0018,-0.0073,0.3902,0.0347,0.6131,hold
2025-04-28,258.4991,1717300,259.5008,261.8874,255.3758,-0.0045,0.0703,-0.1079,-0.0199,-0.0061,53.5396,0.0396,-0.0033,-0.0070,0.3700,0.5642,0.9393,sell
2025-04-29,254.7276,2472500,259.7955,259.7955,253.3330,-0.0146,0.0017,-0.0894,-0.0250,-0.0210,38.2990,0.0387,-0.0056,-0.0075,0.3074,0.4398,1.3070,hold
2025-04-30,257.5562,3488800,268.5660,271.2079,249.9544,0.0111,-0.0052,-0.0856,-0.0050,-0.0106,37.8483,0.0389,-0.0063,-0.0066,0.3618,0.4110,1.7272,sell
2025-05-01,251.4669,1755600,259.4713,262.2410,251.0348,-0.0236,-0.0440,-0.1035,-0.0175,-0.0334,32.4221,0.0392,-0.0090,-0.0074,0.2653,-0.4968,0.8556,hold
2025-05-02,253.8634,1740000,254.2464,255.5527,249.6009,0.0095,-0.0224,-0.0227,-0.0058,-0.0233,30.7498,0.0324,-0.0100,-0.0067,0.3164,-0.0089,0.8495,hold
2025-05-05,252.1053,1348200,252.3901,255.3857,251.4767,-0.0069,-0.0247,0.0438,-0.0168,-0.0301,33.7455,0.0221,-0.0114,-0.0065,0.2808,-0.2252,0.6761,sell
2025-05-06,247.2732,985500,250.5143,253.3919,246.3107,-0.0192,-0.0293,-0.0276,-0.0330,-0.0486,30.4392,0.0153,-0.0141,-0.0073,0.2013,-0.2690,0.5050,buy
2025-05-07,248.5991,782900,250.3178,250.3178,245.5348,0.0054,-0.0348,-0.0398,-0.0239,-0.0431,31.8836,0.0138,-0.0154,-0.0068,0.2509,-0.2056,0.4452,hold
2025-05-08,248.8250,1234900,248.2259,251.5357,247.0080,0.0009,-0.0105,-0.0541,-0.0175,-0.0421,41.9078,0.0121,-0.0161,-0.0061,0.2778,0.5773,0.7317,sell
2025-05-09,245.0732,1088200,248.8250,249.6205,244.1598,-0.0151,-0.0346,-0.0562,-0.0267,-0.0558,53.3506,0.0123,-0.0181,-0.0063,0.2329,-0.1188,0.6683,buy
2025-05-12,248.3437,1425100,246.2419,251.0348,243.1286,0.0133,-0.0149,-0.0393,-0.0097,-0.0420,43.1664,0.0137,-0.0179,-0.0050,0.3054,0.3096,0.8820,sell
2025-05-13,224.8018,3848500,240.0643,240.0643,224.4876,-0.0948,-0.0909,-0.1175,-0.0928,-0.1307,22.7130,0.0319,-0.0279,-0.0110,-0.1017,1.7005,2.2188,hold
2025-05-14,226.3536,2532300,230.7340,230.7831,224.3501,0.0069,-0.0895,-0.1211,-0.0749,-0.1226,19.3670,0.0316,-0.0332,-0.0131,-0.0230,-0.3420,1.4041,sell
2025-05-15,223.4072,4230000,221.3251,223.5349,208.6555,-0.0130,-0.1022,-0.1116,-0.0763,-0.1318,19.5046,0.0314,-0.0387,-0.0146,-0.0431,0.6704,2.1713,buy
2025-05-16,233.7099,2572000,225.6367,234.8590,223.9277,0.0461,-0.0464,-0.0794,-0.0256,-0.0899,31.9301,0.0359,-0.0368,-0.0111,0.2084,-0.3920,1.3585,buy
2025-05-19,242.9223,2095700,240.6241,243.6982,235.3795,0.0394,-0.0218,-0.0364,0.0167,-0.0532,42.0271,0.0389,-0.0318,-0.0057,0.4000,-0.1852,1.1056,buy
2025-05-20,250.7500,1878500,244.5527,251.3000,242.0777,0.0322,0.1154,0.0141,0.0479,-0.0230,45.6941,0.0399,-0.0253,0.0000,0.5690,-0.1036,0.9772,sell
2025-05-21,241.3804,1554600,245.3187,249.4339,241.3116,-0.0374,0.0664,-0.0290,0.0118,-0.0593,43.8731,0.0417,-0.0246,0.0014,0.3867,-0.1724,0.7991,sell
2025-05-22,223.0831,3009100,227.4634,234.0438,222.0617,-0.0758,-0.0015,-0.1035,-0.0547,-0.1292,34.3300,0.0477,-0.0314,-0.0026,0.0518,0.9356,1.4730,hold
2025-05-23,220.9126,1674900,223.5545,224.9197,218.2510,-0.0097,-0.0548,-0.0986,-0.0542,-0.1359,34.1864,0.0477,-0.0359,-0.0055,0.0670,-0.4434,0.8085,hold
2025-05-27,222.5626,1555400,222.4643,223.6233,217.0528,0.0075,-0.0838,-0.1038,-0.0365,-0.1278,37.0549,0.0474,-0.0379,-0.0062,0.1409,-0.0713,0.7537,hold
2025-05-28,223.7215,1581100,222.9456,228.4063,222.6215,0.0052,-0.1078,-0.0048,-0.0310,-0.1208,36.9446,0.0369,-0.0386,-0.0057,0.1967,0.0165,0.7831,hold
2025-05-29,225.9706,1283000,225.1161,227.2572,222.0715,0.0101,-0.0638,-0.0017,-0.0211,-0.1093,38.2558,0.0370,-0.0377,-0.0041,0.2633,-0.1885,0.6722,buy
2025-05-30,228.9661,2524800,225.4893,229.6733,224.2911,0.0133,0.0264,0.0249,-0.0105,-0.0952,41.6582,0.0368,-0.0354,-0.0017,0.3424,0.9679,1.2966,hold
2025-06-02,227.2572,1300500,228.1706,228.6911,221.9144,-0.0075,0.0287,-0.0276,-0.0151,-0.0995,38.8998,0.0337,-0.0344,-0.0004,0.3269,-0.4849,0.6755,hold
2025-06-03,229.2509,1129400,225.4501,231.0974,223.0536,0.0088,0.0301,-0.0563,-0.0006,-0.0893,53.0293,0.0307,-0.0320,0.0014,0.3883,-0.1316,0.5900,sell
2025-06-04,226.7072,1106100,229.2706,232.3348,226.5108,-0.0111,0.0133,-0.0959,-0.0012,-0.0966,50.2375,0.0277,-0.0312,0.0020,0.3492,-0.0206,0.5760,sell
2025-06-05,223.1028,1708800,226.6090,229.5947,221.8162,-0.0159,-0.0127,-0.0757,-0.0091,-0.1078,49.7972,0.0261,-0.0318,0.0016,0.2858,0.5449,0.8689,buy
2025-06-06,226.5795,3453600,226.5501,227.9349,223.3483,0.0156,-0.0104,0.0157,0.0048,-0.0911,44.7770,0.0114,-0.0297,0.0025,0.3899,1.0211,1.6623,buy
2025-06-09,228.9072,1251900,227.8563,232.0991,226.8742,0.0103,0.0073,0.0362,0.0115,-0.0791,38.5822,0.0110,-0.0271,0.0039,0.4709,-0.6375,0.6002,sell
2025-06-10,227.8366,1137400,229.5848,231.7652,227.0804,-0.0047,-0.0062,0.0237,0.0044,-0.0811,29.0235,0.0112,-0.0254,0.0045,0.4652,-0.0915,0.5491,hold
2025-06-11,227.6009,1293200,227.1099,233.5723,226.9134,-0.0010,0.0039,0.0173,0.0017,-0.0796,34.8521,0.0112,-0.0239,0.0049,0.4527,0.1370,0.6654,buy
2025-06-12,230.7634,1419500,226.4715,230.8813,223.6920,0.0139,0.0343,0.0212,0.0135,-0.0646,62.6537,0.0116,-0.0209,0.0060,0.5489,0.0977,0.7519,hold
2025-06-13,231.0581,1512500,228.1902,232.2072,227.0608,0.0013,0.0198,0.0091,0.0138,-0.0611,67.8165,0.0109,-0.0185,0.0067,0.5468,0.0655,0.8632,hold
2025-06-16,231.1858,2307100,232.4822,232.6786,225.1358,0.0006,0.0100,0.0173,0.0126,-0.0584,65.9986,0.0105,-0.0164,0.0070,0.5556,0.5254,1.3268,buy
2025-06-17,237.1375,3163900,230.2527,240.5456,230.2527,0.0257,0.0408,0.0344,0.0351,-0.0332,71.1324,0.0128,-0.0122,0.0085,0.7816,0.3714,1.7653,buy
2025-06-18,239.0527,1686200,238.0116,241.4884,235.6545,0.0081,0.0503,0.0545,0.0379,-0.0245,70.8255,0.0118,-0.0084,0.0097,0.9783,-0.4671,0.9459,sell
2025-06-20,235.3402,2045300,239.4553,241.9991,235.0357,-0.0155,0.0198,0.0549,0.0164,-0.0364,59.9205,0.0117,-0.0067,0.0094,0.8622,0.2130,1.1318,sell
2025-06-23,230.4688,1826800,234.7411,236.2830,229.4768,-0.0207,-0.0026,0.0172,-0.0063,-0.0524,54.5505,0.0137,-0.0070,0.0075,0.5934,-0.1068,1.0450,buy
2025-06-24,234.5250,1281300,230.8911,235.2813,229.1134,0.0176,0.0144,0.0245,0.0087,-0.0317,57.0602,0.0144,-0.0055,0.0070,0.7866,-0.2986,0.7413,hold
2025-06-25,234.2500,1346200,234.7018,236.7348,232.3742,-0.0012,-0.0122,0.0281,0.0048,-0.0284,60.7503,0.0142,-0.0045,0.0064,0.7485,0.0507,0.7836,buy
2025-06-26,235.6152,1096800,234.9179,239.0821,234.0732,0.0058,-0.0144,0.0352,0.0072,-0.0192,69.0491,0.0142,-0.0032,0.0061,0.7997,-0.1853,0.6476,buy
2025-06-27,238.4395,1755400,235.4920,240.7067,235.4920,0.0120,0.0132,0.0333,0.0159,-0.0038,68.4217,0.0140,-0.0012,0.0064,0.9111,0.6005,1.0222,buy
2025-06-30,241.0024,1232900,237.6410,241.2095,237.5128,0.0107,0.0457,0.0430,0.0225,0.0102,68.6508,0.0142,0.0013,0.0070,0.9716,-0.2977,0.7460,buy
2025-07-01,248.9873,1456000,238.3803,249.2830,238.3803,0.0331,0.0617,0.0770,0.0484,0.0446,76.8820,0.0168,0.0056,0.0089,1.1617,0.1810,0.8768,sell
2025-07-02,240.3223,2586900,244.6597,247.2523,238.3704,-0.0348,0.0259,0.0134,0.0106,0.0084,63.3154,0.0201,0.0064,0.0079,0.7758,0.7767,1.4924,sell
2025-07-03,236.2707,960800,243.1219,243.1219,234.6837,-0.0169,0.0028,-0.0116,-0.0053,-0.0071,55.6592,0.0207,0.0055,0.0056,0.5970,-0.6286,0.5566,sell
2025-07-07,233.8359,1367200,235.6004,235.6497,231.0461,-0.0103,-0.0193,-0.0064,-0.0149,-0.0153,52.7342,0.0204,0.0039,0.0032,0.4717,0.4230,0.8000,hold
2025-07-08,234.1119,912200,233.8359,236.3792,231.3813,0.0012,-0.0286,0.0158,-0.0152,-0.0117,52.8718,0.0191,0.0027,0.0016,0.4650,-0.3328,0.5766,hold
2025-07-09,233.3331,770300,233.3824,234.3780,230.4054,-0.0033,-0.0629,-0.0051,-0.0180,-0.0128,45.8443,0.0183,0.0014,0.0003,0.4138,-0.1556,0.4944,sell
2025-07-10,228.8774,1183200,231.2236,233.5204,228.1480,-0.0191,-0.0476,-0.0229,-0.0346,-0.0292,39.4697,0.0192,-0.0011,-0.0019,0.1838,0.5360,0.7584,sell
2025-07-11,227.3889,1077600,226.1369,228.5422,225.2103,-0.0065,-0.0376,-0.0349,-0.0375,-0.0333,41.3742,0.0190,-0.0037,-0.0035,0.1102,-0.0892,0.6955,sell
2025-07-14,224.2246,1234000,227.5171,227.5171,223.3472,-0.0139,-0.0411,-0.0596,-0.0452,-0.0440,42.9656,0.0185,-0.0069,-0.0054,0.0151,0.1451,0.8012,sell
2025-07-15,218.7436,1469600,224.6189,226.5313,218.1226,-0.0244,-0.0656,-0.0924,-0.0596,-0.0648,32.7744,0.0183,-0.0115,-0.0079,-0.0948,0.1909,0.9555,buy
2025-07-16,223.3374,1097200,219.3351,224.1063,218.0635,0.0210,-0.0428,-0.1030,-0.0292,-0.0426,39.1149,0.0153,-0.0128,-0.0075,0.1218,-0.2534,0.7426,sell
2025-07-17,220.3702,1775500,222.0362,224.4809,213.5683,-0.0133,-0.0372,-0.0830,-0.0337,-0.0528,35.2645,0.0129,-0.0152,-0.0079,0.0791,0.6182,1.2609,sell
2025-07-18,217.2749,4320000,219.7787,220.9814,203.9274,-0.0140,-0.0445,-0.0804,-0.0392,-0.0637,29.6493,0.0127,-0.0182,-0.0085,0.0494,1.4331,2.8056,buy
2025-07-21,220.2519,2139300,220.5673,223.4754,217.8170,0.0137,-0.0177,-0.0581,-0.0202,-0.0485,30.2050,0.0144,-0.0187,-0.0074,0.1789,-0.5048,1.3851,buy
2025-07-22,227.8325,1622600,220.8631,228.6310,220.7251,0.0344,0.0416,-0.0268,0.0164,-0.0140,29.6626,0.0192,-0.0159,-0.0039,0.4079,-0.2415,1.0576,buy
2025-07-23,233.7471,1914900,232.1009,233.9147,227.3495,0.0260,0.0466,0.0018,0.0426,0.0126,43.3260,0.0212,-0.0116,0.0001,0.5840,0.1801,1.2229,sell
2025-07-24,225.9497,1235000,231.4109,234.3583,224.7175,-0.0334,0.0253,-0.0128,0.0091,-0.0193,40.2641,0.0231,-0.0114,0.0005,0.3659,-0.3551,0.7915,buy
2025-07-25,234.5949,1569800,227.8128,236.4088,227.8128,0.0383,0.0797,0.0317,0.0443,0.0174,50.6409,0.0261,-0.0075,0.0032,0.6228,0.2711,0.9910,sell
2025-07-28,228.2268,1791700,233.7275,236.0243,227.8128,-0.0271,0.0362,0.0178,0.0142,-0.0104,45.4943,0.0273,-0.0071,0.0031,0.4482,0.1414,1.1298,hold
2025-07-29,229.3112,2089100,226.5510,233.9049,224.2739,0.0048,0.0065,0.0483,0.0142,-0.0062,46.9351,0.0257,-0.0060,0.0033,0.4988,0.1660,1.2827,buy
2025-07-30,257.7508,6384000,246.0398,261.4770,237.4142,0.1240,0.1027,0.1541,0.1229,0.1147,66.1129,0.0457,0.0042,0.0100,1.2666,2.0559,3.4047,sell
2025-07-31,246.3158,3140900,256.4299,257.7508,244.4231,-0.0444,0.0901,0.1177,0.0611,0.0650,59.5068,0.0488,0.0084,0.0116,0.9239,-0.5080,1.6507,hold
2025-08-01,243.7429,1756100,245.9609,248.4155,241.3475,-0.0104,0.0390,0.1218,0.0382,0.0545,59.8625,0.0486,0.0108,0.0112,0.8333,-0.4409,0.9040,hold
2025-08-04,243.8317,1316300,245.2906,247.0946,241.8601,0.0004,0.0684,0.1071,0.0283,0.0546,63.4075,0.0487,0.0125,0.0103,0.8099,-0.2504,0.6785,buy
2025-08-05,250.8504,1936900,241.4460,255.2075,240.6279,0.0288,0.0939,0.1010,0.0477,0.0824,64.3319,0.0485,0.0155,0.0107,0.9221,0.4715,0.9727,hold
2025-08-06,252.9698,1263400,249.8547,255.7694,248.8394,0.0084,-0.0185,0.0822,0.0481,0.0885,67.1329,0.0482,0.0185,0.0110,0.9124,-0.3477,0.6267,hold
2025-08-07,252.4966,850400,253.8668,255.3159,248.9577,-0.0019,0.0251,0.1175,0.0348,0.0837,69.0357,0.0461,0.0206,0.0105,0.8575,-0.3269,0.4254,buy
2025-08-08,262.8867,1678300,253.1078,263.6162,252.0037,0.0411,0.0785,0.1206,0.0650,0.1245,71.3328,0.0463,0.0243,0.0117,0.9724,0.9735,0.8271,hold
2025-08-11,262.8768,1749500,263.4486,268.0719,261.2306,-0.0000,0.0781,0.1518,0.0502,0.1209,68.9722,0.0445,0.0276,0.0119,0.9117,0.0424,0.8513,buy
2025-08-12,271.0292,1547200,263.1529,271.7094,262.0685,0.0310,0.0804,0.1819,0.0651,0.1516,69.7062,0.0446,0.0313,0.0129,0.9706,-0.1156,0.7515,buy
2025-08-13,277.9789,2064400,272.5867,279.4575,271.4038,0.0256,0.0989,0.0785,0.0837,0.1760,77.7498,0.0251,0.0357,0.0142,0.9897,0.3343,0.9797,hold
2025-08-14,277.3381,1144800,276.8255,279.8617,275.1201,-0.0023,0.0984,0.1259,0.0683,0.1686,74.9253,0.0179,0.0392,0.0141,0.9236,-0.4455,0.5515,buy
2025-08-15,282.3164,1738600,283.1149,286.5158,280.5715,0.0180,0.0739,0.1583,0.0716,0.1840,82.0615,0.0161,0.0421,0.0140,0.9369,0.5187,0.8931,hold
2025-08-18,283.1049,1298000,285.2441,286.7326,282.9177,0.0028,0.0769,0.1611,0.0588,0.1814,81.9984,0.0158,0.0445,0.0132,0.9023,-0.2534,0.6815,hold
2025-08-19,284.1499,1534200,282.6022,287.8662,281.1531,0.0037,0.0484,0.1327,0.0496,0.1800,73.2951,0.0154,0.0462,0.0120,0.8723,0.1820,0.8074,buy
2025-08-20,285.8750,1247700,284.1991,286.0426,281.3503,0.0061,0.0284,0.1301,0.0433,0.1816,92.1269,0.0155,0.0472,0.0106,0.8524,-0.1867,0.6684,buy
2025-08-21,290.2814,1496200,286.1510,292.5191,284.1794,0.0154,0.0467,0.1496,0.0450,0.1937,97.6966,0.0147,0.0483,0.0097,0.8709,0.1992,0.7959,buy
2025-08-22,295.2497,1615500,292.6276,297.3297,291.6911,0.0171,0.0458,0.1231,0.0506,0.2074,97.9060,0.0113,0.0496,0.0094,0.8875,0.0797,0.8583,sell
2025-08-25,292.9726,880100,295.3286,296.2256,290.8039,-0.0077,0.0349,0.1145,0.0315,0.1920,93.0487,0.0124,0.0505,0.0079,0.8334,-0.4552,0.4792,buy
2025-08-26,294.6188,1010500,292.5487,296.5016,290.8039,0.0056,0.0368,0.0870,0.0287,0.1925,92.9808,0.0103,0.0504,0.0065,0.8341,0.1482,0.5669,sell
2025-08-27,293.0317,859300,294.0569,297.0340,292.2234,-0.0054,0.0250,0.0542,0.0178,0.1802,90.8911,0.0091,0.0499,0.0046,0.7814,-0.1496,0.5704,hold
2025-08-28,293.6528,997500,293.0120,295.5454,290.1138,0.0021,0.0116,0.0588,0.0143,0.1773,88.6551,0.0088,0.0488,0.0028,0.7644,0.1608,0.7129,buy
2025-08-29,299.3407,1100000,293.3274,299.7448,292.7754,0.0194,0.0139,0.0603,0.0279,0.1944,90.0932,0.0091,0.0480,0.0024,0.8176,0.1028,0.8050,buy
2025-09-02,305.6497,1966100,300.2575,309.8096,298.7000,0.0211,0.0433,0.0796,0.0415,0.2127,89.6747,0.0101,0.0483,0.0029,0.8816,0.7874,1.4054,buy
2025-09-03,307.5423,1739400,304.5160,309.8096,301.7854,0.0062,0.0439,0.0823,0.0396,0.2128,88.3210,0.0101,0.0489,0.0030,0.8785,-0.1153,1.2522,hold
2025-09-04,307.5620,1621300,306.5073,309.2477,303.6386,0.0001,0.0496,0.0759,0.0321,0.2060,89.8182,0.0104,0.0491,0.0025,0.8539,-0.0679,1.1524,sell
2025-09-05,303.5401,1504600,307.0297,310.8644,302.1699,-0.0131,0.0337,0.0457,0.0141,0.1838,78.6838,0.0117,0.0482,0.0009,0.7776,-0.0720,1.0451,buy
2025-09-08,305.9651,1147300,305.4919,307.1579,298.4633,0.0080,0.0221,0.0363,0.0186,0.1867,79.5867,0.0110,0.0468,-0.0002,0.8029,-0.2375,0.8119,sell
2025-09-09,269.1365,4844000,307.7001,310.0659,267.3424,-0.1204,-0.1195,-0.0814,-0.0969,0.0414,39.9126,0.0409,0.0407,-0.0101,0.0415,3.2221,3.0896,hold
2025-09-10,269.6885,4315700,266.1693,269.9744,250.3871,0.0021,-0.1231,-0.0846,-0.0874,0.0412,38.9502,0.0408,0.0305,-0.0161,0.0589,-0.1091,2.5293,buy
2025-09-11,274.7554,2057000,271.7882,278.4718,267.1649,0.0188,-0.1067,-0.0624,-0.0644,0.0587,39.4958,0.0417,0.0234,-0.0180,0.1729,-0.5234,1.2058,hold
2025-09-12,272.5079,1138400,273.0500,275.9581,270.2997,-0.0082,-0.1022,-0.0720,-0.0654,0.0474,34.0257,0.0416,0.0174,-0.0194,0.1414,-0.4466,0.6675,hold
2025-09-15,271.5024,1277600,271.3841,272.9613,267.2438,-0.0037,-0.1126,-0.0930,-0.0598,0.0407,34.6446,0.0406,0.0122,-0.0198,0.1487,0.1223,0.7593,hold
2025-09-16,268.4464,2637100,268.1310,269.6096,261.0728,-0.0113,-0.0026,-0.1217,-0.0583,0.0263,31.6517,0.0392,0.0070,-0.0203,0.1269,1.0641,1.5074,hold
2025-09-17,265.5582,1491900,269.1168,269.9547,263.8528,-0.0108,-0.0153,-0.1365,-0.0545,0.0128,31.0846,0.0387,0.0020,-0.0205,0.1177,-0.4343,0.8538,sell
2025-09-18,261.0926,1355100,266.3961,268.1310,261.0334,-0.0168,-0.0497,-0.1511,-0.0548,-0.0063,28.7095,0.0384,-0.0034,-0.0210,0.0961,-0.0917,0.7731,sell
2025-09-19,249.0661,4957800,259.9392,259.9392,246.6805,-0.0461,-0.0860,-0.1795,-0.0802,-0.0536,19.6428,0.0396,-0.0119,-0.0243,0.0052,2.6586,2.5744,buy
2025-09-22,254.2020,1927000,247.2326,254.9019,244.9653,0.0206,-0.0637,-0.1692,-0.0429,-0.0360,18.4881,0.0407,-0.0163,-0.0227,0.1261,-0.6113,0.9926,hold
2025-09-23,254.6456,1612900,253.8668,258.8943,252.6445,0.0017,-0.0514,-0.0538,-0.0360,-0.0365,17.0150,0.0189,-0.0196,-0.0208,0.1711,-0.1630,0.8154,buy
2025-09-24,258.2437,1569100,254.0541,259.6533,254.0541,0.0141,-0.0275,-0.0424,-0.0181,-0.0258,20.5602,0.0198,-0.0205,-0.0174,0.2431,-0.0272,0.7822,sell
2025-09-25,250.8109,2208600,258.2733,259.5449,249.0858,-0.0288,-0.0394,-0.0871,-0.0376,-0.0558,19.7557,0.0194,-0.0242,-0.0168,0.1882,0.4076,1.0652,hold
2025-09-26,252.2008,1255900,253.4373,255.1486,250.4301,0.0055,0.0126,-0.0745,-0.0247,-0.0529,18.7914,0.0199,-0.0258,-0.0147,0.2333,-0.4314,0.6020,hold
2025-09-29,252.4778,1184600,252.6261,253.3384,249.7277,0.0011,-0.0068,-0.0701,-0.0164,-0.0543,33.2020,0.0201,-0.0267,-0.0125,0.2613,-0.0568,0.5666,buy
2025-09-30,257.3645,1603100,250.9346,259.0857,250.9346,0.0194,0.0107,-0.0413,0.0070,-0.0387,38.5720,0.0217,-0.0251,-0.0090,0.3379,0.3533,0.7735,sell
2025-10-01,244.1090,2802400,257.1567,258.9571,241.8239,-0.0515,-0.0547,-0.0808,-0.0367,-0.0893,25.3284,0.0264,-0.0296,-0.0101,0.1930,0.7481,1.3184,buy
2025-10-02,253.8528,5300500,243.5649,263.9922,236.4228,0.0399,0.0121,-0.0277,0.0046,-0.0544,36.5993,0.0301,-0.0275,-0.0069,0.3379,0.8914,2.2951,buy
2025-10-03,280.6605,4476300,253.7143,284.4097,252.2601,0.1056,0.1128,0.1269,0.0969,0.0412,54.7995,0.0417,-0.0162,0.0019,0.8070,-0.1555,1.8210,buy
2025-10-06,292.0168,2777800,281.3431,293.0554,279.9483,0.0405,0.1566,0.1488,0.1247,0.0788,61.3638,0.0426,-0.0058,0.0093,1.1069,-0.3794,1.0938,hold
2025-10-07,292.0662,1787400,295.0735,295.5285,287.6543,0.0002,0.1348,0.1470,0.1089,0.0739,63.1399,0.0426,0.0019,0.0136,1.0151,-0.3565,0.7489,hold
2025-10-08,294.8261,1551300,292.4817,299.5249,290.2658,0.0094,0.2078,0.1417,0.1041,0.0788,67.0091,0.0426,0.0086,0.0162,0.9851,-0.1321,0.6899,sell
2025-10-09,287.4664,948000,297.7740,297.7740,286.9322,-0.0250,0.1324,0.1461,0.0619,0.0496,70.3184,0.0422,0.0121,0.0159,0.8401,-0.3889,0.4323,sell
2025-10-10,277.1983,1610500,282.8863,282.9060,272.9545,-0.0357,-0.0123,0.0991,0.0146,0.0098,61.5410,0.0451,0.0121,0.0128,0.6748,0.6988,0.7265,sell
2025-10-13,268.0777,1671600,277.2180,277.9699,267.4347,-0.0329,-0.0820,0.0618,-0.0243,-0.0251,56.2010,0.0471,0.0093,0.0080,0.5366,0.0379,0.7474,sell
2025-10-14,258.7889,2745200,263.2503,265.1100,255.1585,-0.0346,-0.1139,0.0055,-0.0586,-0.0599,50.2392,0.0486,0.0041,0.0022,0.4004,0.6423,1.2245,hold
2025-10-15,259.3430,1422700,257.7899,259.6793,253.9220,0.0021,-0.1204,0.0624,-0.0618,-0.0585,53.9826,0.0449,-0.0002,-0.0016,0.4141,-0.4817,0.6356,buy
2025-10-16,264.3978,1521000,259.3429,264.4968,258.3834,0.0195,-0.0802,0.0415,-0.0472,-0.0409,55.5050,0.0437,-0.0019,-0.0027,0.4893,0.0691,0.6770,buy
2025-10-17,272.0445,2142500,263.1316,276.1300,263.1316,0.0289,-0.0186,-0.0307,-0.0165,-0.0146,58.2803,0.0280,-0.0009,-0.0013,0.5917,0.4086,1.0174,buy
2025-10-20,280.9375,1071300,272.6776,280.9771,272.6776,0.0327,0.0480,-0.0379,0.0197,0.0163,59.6485,0.0267,0.0024,0.0016,0.7102,-0.5000,0.5193,buy
2025-10-21,292.0168,1909900,281.6003,292.3036,278.8898,0.0394,0.1284,-0.0002,0.0599,0.0542,69.9645,0.0300,0.0077,0.0056,0.8425,0.7828,0.9191,sell
2025-10-22,284.6174,972200,291.8189,292.0168,284.2019,-0.0253,0.0975,-0.0346,0.0369,0.0264,63.0760,0.0309,0.0102,0.0063,0.7088,-0.4910,0.4747,buy
2025-10-23,288.1588,881600,280.3242,289.9790,277.6731,0.0124,0.0899,0.0024,0.0495,0.0384,53.9727,0.0302,0.0126,0.0071,0.7379,-0.0932,0.4449,hold
2025-10-24,287.5158,791900,287.8917,288.8513,284.5482,-0.0022,0.0569,0.0372,0.0433,0.0354,47.3099,0.0274,0.0143,0.0070,0.7063,-0.1017,0.4043,hold
2025-10-27,289.1876,1027000,287.3081,291.3837,287.1894,0.0058,0.0294,0.0787,0.0414,0.0409,48.3123,0.0242,0.0159,0.0069,0.7111,0.2969,0.5265,buy
2025-10-28,291.6211,1329400,294.0051,296.4484,284.9043,0.0084,-0.0014,0.1269,0.0379,0.0490,48.1136,0.0191,0.0175,0.0069,0.7274,0.2944,0.6863,sell
2025-10-29,289.5140,1337300,290.7110,293.2928,288.1984,-0.0072,0.0172,0.1163,0.0194,0.0410,51.2846,0.0198,0.0182,0.0060,0.6796,0.0059,0.7175,sell
2025-10-30,282.5302,1790900,289.8405,290.6813,280.9375,-0.0241,-0.0195,0.0686,-0.0115,0.0161,53.4887,0.0224,0.0170,0.0036,0.5194,0.3392,1.0608,sell
2025-10-31,275.1902,1782400,282.6192,284.0536,274.6066,-0.0260,-0.0429,0.0116,-0.0382,-0.0092,54.7648,0.0231,0.0137,-0.0000,0.3649,-0.0047,1.1473,hold
2025-11-03,276.9015,1295100,274.9923,277.7325,268.4833,0.0062,-0.0425,-0.0144,-0.0309,-0.0017,63.5050,0.0205,0.0111,-0.0021,0.4170,-0.2734,0.8754,buy
2025-11-04,278.8305,1413500,276.8718,281.2046,273.7162,0.0070,-0.0439,-0.0452,-0.0196,0.0063,64.2382,0.0153,0.0095,-0.0029,0.4741,0.0914,0.9676,sell
2025-11-05,262.0831,3485400,257.9283,262.8349,248.4517,-0.0601,-0.0947,-0.0792,-0.0711,-0.0519,48.5556,0.0227,0.0036,-0.0076,0.1305,1.4658,2.2379,sell
2025-11-06,248.4022,2465900,258.9374,261.5588,248.1252,-0.0522,-0.1208,-0.1380,-0.1070,-0.0985,36.2801,0.0253,-0.0060,-0.0143,-0.0537,-0.2925,1.5097,hold
2025-11-07,249.3222,1472200,248.3033,253.4670,245.8995,0.0037,-0.0940,-0.1328,-0.0913,-0.0923,29.7823,0.0257,-0.0133,-0.0172,0.0417,-0.4030,0.9052,sell
2025-11-10,235.8490,1974400,245.4642,246.8194,235.0774,-0.0540,-0.1483,-0.1844,-0.1233,-0.1373,15.1485,0.0275,-0.0245,-0.0229,-0.0695,0.3411,1.2027,buy
2025-11-11,240.8446,1491900,237.3922,242.8527,235.9282,0.0212,-0.1362,-0.1741,-0.0875,-0.1148,22.0042,0.0292,-0.0301,-0.0228,0.0545,-0.2444,0.9449,sell
2025-11-12,237.8868,1829000,241.0820,244.0595,237.8275,-0.0123,-0.0923,-0.1783,-0.0808,-0.1212,17.6058,0.0290,-0.0359,-0.0229,0.0630,0.2260,1.1437,sell
2025-11-13,234.1872,1456900,237.9066,240.3005,233.5046,-0.0156,-0.0572,-0.1711,-0.0778,-0.1302,16.9385,0.0290,-0.0417,-0.0227,0.0723,-0.2034,0.9128,hold
2025-11-14,234.5630,1540400,232.8220,234.8796,228.2222,0.0016,-0.0592,-0.1476,-0.0613,-0.1243,15.5821,0.0295,-0.0451,-0.0209,0.1250,0.0573,0.9837,sell
2025-11-17,231.5855,1261600,233.9497,236.4228,230.7743,-0.0127,-0.0181,-0.1637,-0.0561,-0.1306,12.4303,0.0285,-0.0489,-0.0196,0.1386,-0.1810,0.8008,hold
2025-11-18,231.5756,1423200,230.4281,236.3436,228.3211,-0.0000,-0.0385,-0.1695,-0.0376,-0.1282,12.7654,0.0279,-0.0509,-0.0172,0.1748,0.1281,0.9175,sell
2025-11-19,226.4317,1493300,235.3149,236.5118,224.3642,-0.0222,-0.0482,-0.1360,-0.0449,-0.1447,13.0746,0.0239,-0.0549,-0.0164,0.1613,0.0493,0.9468,sell
2025-11-20,220.8822,1442400,229.4785,231.0612,220.3975,-0.0245,-0.0568,-0.1108,-0.0573,-0.1623,13.3902,0.0203,-0.0599,-0.0163,0.1461,-0.0341,0.8986,buy
2025-11-21,224.6511,1779600,220.9712,229.2608,219.1115,0.0171,-0.0423,-0.0990,-0.0310,-0.1449,15.7280,0.0218,-0.0597,-0.0135,0.2131,0.2338,1.0756,buy
2025-11-24,226.7285,2121100,227.0351,227.3715,219.6457,0.0092,-0.0210,-0.0387,-0.0182,-0.1340,15.8917,0.0161,-0.0583,-0.0100,0.2570,0.1919,1.2409,buy
2025-11-25,235.3148,2181900,225.9371,235.5622,225.9371,0.0379,0.0161,-0.0230,0.0214,-0.0990,30.3799,0.0195,-0.0521,-0.0044,0.3654,0.0287,1.2454,buy
2025-11-26,243.3374,1993500,235.0774,243.5155,233.0199,0.0341,0.0747,0.0229,0.0537,-0.0666,45.9519,0.0221,-0.0440,0.0017,0.4807,-0.0863,1.1170,hold
2025-11-28,243.1198,621900,243.5353,244.5937,240.1917,-0.0009,0.1007,0.0381,0.0487,-0.0662,44.9864,0.0213,-0.0386,0.0057,0.5034,-0.6880,0.3603,sell
2025-12-01,239.6180,1623500,243.3473,244.1090,239.2025,-0.0144,0.0666,0.0216,0.0314,-0.0790,53.6320,0.0221,-0.0356,0.0075,0.4764,1.6105,0.9448,hold
2025-12-02,239.3509,1696400,239.4794,241.3689,236.2348,-0.0011,0.0557,0.0335,0.0268,-0.0789,48.4162,0.0215,-0.0325,0.0085,0.5023,0.0449,0.9758,buy
2025-12-03,254.1495,2530800,240.1620,255.5542,238.9947,0.0618,0.0800,0.0975,0.0798,-0.0220,63.7827,0.0282,-0.0233,0.0122,0.8939,0.4919,1.4105,sell
2025-12-04,250.2916,2097400,252.7448,254.7035,248.3230,-0.0152,0.0286,0.1054,0.0528,-0.0362,63.6120,0.0274,-0.0188,0.0138,0.8554,-0.1713,1.2160,buy
2025-12-05,255.0695,1626900,259.6891,261.9446,253.3780,0.0191,0.0492,0.1548,0.0577,-0.0181,66.1323,0.0245,-0.0130,0.0152,0.9515,-0.2243,0.9667,hold
2025-12-08,253.6253,1282100,257.1963,259.5012,253.4571,-0.0057,0.0585,0.1290,0.0392,-0.0238,67.7672,0.0253,-0.0091,0.0154,0.8952,-0.2119,0.7662,sell
2025-12-09,247.6899,970700,252.9031,255.8609,247.1360,-0.0234,0.0348,0.0925,0.0062,-0.0463,61.8576,0.0278,-0.0080,0.0137,0.7256,-0.2429,0.5980,buy
2025-12-10,253.8923,1046900,246.5721,254.0704,244.8608,0.0250,-0.0010,0.0789,0.0237,-0.0222,69.8968,0.0266,-0.0047,0.0132,0.8436,0.0785,0.6539,buy
2025-12-11,263.6164,1902200,253.8627,268.2657,251.9634,0.0383,0.0532,0.0833,0.0543,0.0138,79.1971,0.0271,0.0008,0.0144,0.9821,0.8170,1.1854,hold
2025-12-12,265.5552,1130700,264.4769,272.0247,264.3484,0.0074,0.0411,0.0923,0.0526,0.0203,78.6635,0.0269,0.0055,0.0152,0.9476,-0.4056,0.7119,buy
2025-12-15,271.7774,2028800,265.9311,271.9653,262.5183,0.0234,0.0716,0.1342,0.0637,0.0449,79.8349,0.0258,0.0108,0.0162,0.9782,0.7943,1.2580,sell
2025-12-16,255.3762,2999800,265.2287,267.4347,253.2889,-0.0603,0.0310,0.0670,-0.0067,-0.0154,62.0399,0.0347,0.0107,0.0132,0.6774,0.4786,1.7649,hold
2025-12-17,257.4733,1081900,254.6936,263.2107,253.5857,0.0082,0.0141,0.0131,0.0001,-0.0046,59.1333,0.0290,0.0105,0.0104,0.6928,-0.6393,0.6430,hold
2025-12-18,257.8591,1302000,256.5039,263.8241,254.6343,0.0015,-0.0218,0.0302,-0.0013,-0.0003,59.5026,0.0284,0.0105,0.0083,0.6796,0.2034,0.7782,hold
2025-12-19,256.6028,1860100,257.0381,259.8969,255.4751,-0.0049,-0.0337,0.0060,-0.0068,-0.0028,61.2768,0.0279,0.0100,0.0062,0.6391,0.4286,1.0981,hold
2025-12-22,254.9013,1111700,253.2296,260.1640,253.2296,-0.0066,-0.0621,0.0050,-0.0138,-0.0076,60.1315,0.0279,0.0090,0.0041,0.5838,-0.4023,0.6695,hold
2025-12-23,254.3474,924800,253.7341,255.3267,252.8240,-0.0022,-0.0040,0.0269,-0.0185,-0.0087,50.1583,0.0267,0.0078,0.0024,0.5463,-0.1681,0.5777,buy
2025-12-24,256.4544,365400,255.3861,256.4544,253.9022,0.0083,-0.0040,0.0101,-0.0113,-0.0004,55.0724,0.0256,0.0075,0.0017,0.5834,-0.6049,0.2420,hold
2025-12-26,256.9160,557200,256.3502,257.1046,252.4989,0.0018,-0.0037,-0.0254,-0.0070,0.0016,51.6360,0.0221,0.0073,0.0012,0.5801,0.5249,0.3875,hold
2025-12-29,256.4296,901400,256.6976,258.0773,255.1988,-0.0019,-0.0007,-0.0344,-0.0054,0.0004,52.5276,0.0219,0.0069,0.0006,0.5463,0.6177,0.6208,hold
2025-12-30,257.1343,598700,256.1814,259.2883,255.5263,0.0027,0.0088,-0.0539,0.0031,0.0043,59.3987,0.0200,0.0067,0.0004,0.5464,-0.3358,0.4274,sell
2025-12-31,254.2359,617600,256.4594,259.6953,254.2161,-0.0113,-0.0004,-0.0045,-0.0078,-0.0050,50.3660,0.0062,0.0057,-0.0006,0.3838,0.0316,0.4585,buy
2026-01-02,262.5242,1443200,254.1466,264.0329,254.1466,0.0326,0.0237,0.0196,0.0225,0.0299,48.7999,0.0121,0.0071,0.0008,0.7536,1.3368,1.1166,buy
2026-01-05,273.7605,1214900,262.6433,275.6266,261.3430,0.0428,0.0656,0.0617,0.0597,0.0748,57.4865,0.0176,0.0112,0.0042,1.1168,-0.1582,0.9732,buy
2026-01-06,277.7706,1014700,272.8175,282.3366,272.6388,0.0146,0.0832,0.0825,0.0665,0.0915,55.6982,0.0174,0.0155,0.0068,1.1052,-0.1648,0.8333,sell
2026-01-07,273.0259,737100,274.5148,276.8177,271.6363,-0.0171,0.0618,0.0711,0.0411,0.0741,71.5599,0.0186,0.0178,0.0071,0.8936,-0.2736,0.6192,buy
2026-01-08,275.5174,750200,274.6340,280.6194,273.5520,0.0091,0.0837,0.0832,0.0421,0.0850,71.8312,0.0183,0.0196,0.0073,0.9227,0.0178,0.6361,hold
2026-01-09,274.8027,610600,277.4232,278.7533,274.6935,-0.0026,0.0468,0.0715,0.0323,0.0836,70.3379,0.0186,0.0209,0.0068,0.8566,-0.1861,0.5274,hold
2026-01-12,274.5446,719000,274.6836,275.0608,269.7206,-0.0009,0.0029,0.0686,0.0245,0.0839,72.0648,0.0188,0.0215,0.0059,0.8175,0.1775,0.6545,sell
2026-01-13,271.9341,441600,274.3957,275.9045,270.8422,-0.0095,-0.0210,0.0605,0.0089,0.0745,70.4887,0.0193,0.0212,0.0044,0.7293,-0.3858,0.4150,hold
2026-01-14,272.1128,941600,271.1499,276.4107,270.7628,0.0007,-0.0033,0.0583,0.0040,0.0755,71.5647,0.0193,0.0205,0.0030,0.7334,1.1322,0.9326,buy
2026-01-15,281.8502,976900,272.6686,283.4979,267.2192,0.0358,0.0230,0.1086,0.0295,0.1135,76.0090,0.0204,0.0219,0.0040,0.9357,0.0375,1.0753,sell
2026-01-16,271.2591,885500,280.3514,280.9866,269.5618,-0.0376,-0.0129,0.0333,-0.0124,0.0723,62.1654,0.0238,0.0211,0.0020,0.6450,-0.0936,0.9853,sell
2026-01-20,266.0182,1537100,269.3037,277.5125,265.9090,-0.0193,-0.0311,-0.0283,-0.0287,0.0513,57.5257,0.0202,0.0183,-0.0009,0.4976,0.7359,1.6883,buy
2026-01-21,268.6684,1255500,268.1721,269.5518,263.2091,0.0100,-0.0120,-0.0328,-0.0158,0.0601,58.7844,0.0198,0.0163,-0.0022,0.5535,-0.1832,1.4263,sell
2026-01-22,264.3208,1096100,268.8471,272.6885,263.0403,-0.0162,-0.0286,-0.0319,-0.0286,0.0417,57.5148,0.0198,0.0135,-0.0042,0.4182,-0.1270,1.2463,hold
2026-01-23,264.5293,1268500,263.0900,267.1994,262.0478,0.0008,-0.0615,-0.0399,-0.0239,0.0401,51.6986,0.0194,0.0111,-0.0053,0.4041,0.1573,1.4147,sell
2026-01-26,261.6805,1707800,262.8915,267.1001,259.5365,-0.0108,-0.0353,-0.0478,-0.0297,0.0272,38.0710,0.0195,0.0083,-0.0066,0.3026,0.3463,1.7720,sell
2026-01-27,206.3924,10459200,218.3533,221.3509,204.6851,-0.2113,-0.2241,-0.2482,-0.2149,-0.1878,14.9801,0.0680,-0.0139,-0.0263,-0.4345,5.1244,7.1694,sell
2026-01-28,192.5753,8300200,205.2211,206.4519,189.9747,-0.0669,-0.2832,-0.2918,-0.2446,-0.2397,13.7555,0.0689,-0.0409,-0.0433,-0.2683,-0.2064,4.5386,hold
2026-01-29,195.2156,3255300,194.5208,196.3174,191.7912,0.0137,-0.2614,-0.2826,-0.2105,-0.2268,13.8711,0.0697,-0.0589,-0.0491,-0.0880,-0.6078,1.6595,hold
2026-01-30,193.7565,3220400,193.3297,196.0395,190.9772,-0.0075,-0.2675,-0.3126,-0.1874,-0.2303,13.7788,0.0664,-0.0740,-0.0512,-0.0050,-0.0107,1.5396,sell
2026-02-02,185.8157,2819800,187.4138,190.9673,184.6246,-0.0410,-0.2899,-0.3150,-0.1917,-0.2592,12.8934,0.0665,-0.0916,-0.0543,0.0194,-0.1244,1.3051,buy
2026-02-03,191.5926,2541800,185.6568,191.9798,185.5675,0.0311,-0.0717,-0.2798,-0.1387,-0.2340,17.2679,0.0696,-0.0964,-0.0482,0.1146,-0.0986,1.1414,hold
2026-02-04,190.6497,2104100,188.6247,194.8881,188.5950,-0.0049,-0.0100,-0.2904,-0.1118,-0.2359,17.0163,0.0688,-0.1021,-0.0429,0.1516,-0.1722,0.9223,hold
2026-02-05,192.1187,2019800,190.3519,194.7491,188.4064,0.0077,-0.0159,-0.2732,-0.0738,-0.2280,11.0614,0.0698,-0.1037,-0.0359,0.1958,-0.0401,0.8611,hold
2026-02-06,192.5058,1986400,187.8307,195.2950,187.8307,0.0020,-0.0065,-0.2723,-0.0386,-0.2243,12.5048,0.0699,-0.1039,-0.0291,0.2276,-0.0165,0.8251,sell
2026-02-09,188.0887,2228200,191.5529,193.7565,187.2748,-0.0229,0.0122,-0.2812,-0.0248,-0.2392,12.6036,0.0696,-0.1074,-0.0246,0.2287,0.1217,0.8955,sell
2026-02-10,179.9593,4244800,188.1682,190.1434,179.5523,-0.0432,-0.0607,-0.1281,-0.0540,-0.2684,9.5574,0.0300,-0.1154,-0.0231,0.2088,0.9050,1.5931,sell
2026-02-11,174.1029,6919300,169.6958,181.5673,168.3557,-0.0325,-0.0868,-0.0959,-0.0758,-0.2882,9.4277,0.0247,-0.1232,-0.0222,0.2038,0.6301,2.3154,buy
2026-02-12,177.5076,3327000,171.4229,180.4457,169.2392,0.0196,-0.0761,-0.0907,-0.0488,-0.2706,11.9587,0.0254,-0.1209,-0.0175,0.2502,-0.5192,1.0706,buy
2026-02-13,182.7386,2740700,177.5175,183.1356,177.1006,0.0295,-0.0507,-0.0569,-0.0149,-0.2456,16.1949,0.0282,-0.1139,-0.0108,0.3026,-0.1762,0.8576,hold
2026-02-17,183.6220,1987700,182.9173,186.2623,181.6467,0.0048,-0.0237,-0.0118,-0.0090,-0.2375,31.7415,0.0253,-0.1089,-0.0050,0.3276,-0.2747,0.6114,buy
2026-02-18,185.7363,1415800,183.9099,186.5800,181.6964,0.0115,0.0321,-0.0306,0.0056,-0.2245,43.2491,0.0233,-0.1021,0.0005,0.3614,-0.2877,0.4363,buy
2026-02-19,189.0913,1653800,186.4708,190.6000,182.3118,0.0181,0.0861,-0.0082,0.0246,-0.2061,44.0386,0.0241,-0.0934,0.0059,0.4076,0.1681,0.5065,hold
2026-02-20,188.4262,1582500,189.1409,190.3916,186.1135,-0.0035,0.0615,-0.0192,0.0231,-0.2046,44.7301,0.0240,-0.0876,0.0097,0.4233,-0.0431,0.4811,sell
2026-02-23,179.8203,1259800,187.4832,188.2178,179.4928,-0.0457,-0.0160,-0.0659,-0.0169,-0.2365,44.1495,0.0276,-0.0895,0.0099,0.3370,-0.2039,0.3831,sell
2026-02-24,173.3485,2041800,179.1652,179.5523,171.9887,-0.0360,-0.0559,-0.0784,-0.0446,-0.2589,32.4350,0.0288,-0.0929,0.0082,0.0648,0.6207,0.6177,hold
2026-02-25,174.7580,1894500,176.4852,177.8550,173.9540,0.0081,-0.0591,-0.0289,-0.0340,-0.2472,34.8361,0.0262,-0.0905,0.0078,0.1132,-0.0721,0.6585,buy
2026-02-26,185.4484,1925600,177.5274,186.0539,176.4356,0.0612,-0.0193,0.0652,0.0187,-0.1956,44.5876,0.0307,-0.0785,0.0113,0.5086,0.0164,0.7526,buy
2026-02-27,189.1310,2346200,184.3168,190.5802,182.6989,0.0199,0.0037,0.0655,0.0323,-0.1737,47.4006,0.0307,-0.0693,0.0150,0.6636,0.2184,0.9336,sell
2026-03-02,185.8951,1271600,187.0366,188.0986,180.6541,-0.0171,0.0338,0.0173,0.0129,-0.1829,48.2791,0.0304,-0.0650,0.0166,0.5563,-0.4580,0.5264,sell
2026-03-03,180.2372,1707300,183.1059,183.4831,175.4032,-0.0304,0.0397,-0.0184,-0.0161,-0.2023,50.2268,0.0321,-0.0643,0.0159,0.3380,0.3426,0.7235,hold
2026-03-04,181.7559,1441900,179.9494,183.4533,179.1751,0.0084,0.0400,-0.0214,-0.0057,-0.1902,56.7219,0.0319,-0.0603,0.0154,0.4163,-0.1555,0.6256,sell
2026-03-05,179.4134,1734100,179.8799,182.3316,176.5348,-0.0129,-0.0325,-0.0512,-0.0133,-0.1951,51.7058,0.0313,-0.0586,0.0144,0.3371,0.2026,0.7584,hold
2026-03-06,177.8252,1149900,180.1181,180.1181,176.8723,-0.0089,-0.0598,-0.0563,-0.0163,-0.1966,45.2955,0.0313,-0.0573,0.0132,0.2890,-0.3369,0.5127,hold
2026-03-09,177.2098,1747200,176.6341,177.9443,172.5346,-0.0035,-0.0467,-0.0145,-0.0182,-0.1938,43.8288,0.0280,-0.0556,0.0120,0.2789,0.5194,0.7832,sell
2026-03-10,172.3361,1405800,178.3811,178.6490,170.6884,-0.0275,-0.0438,-0.0058,-0.0447,-0.2099,37.7540,0.0269,-0.0573,0.0098,0.0921,-0.1954,0.6420,sell
2026-03-11,169.6858,1379500,171.7207,173.3386,168.5245,-0.0154,-0.0664,-0.0290,-0.0567,-0.2158,32.0345,0.0271,-0.0588,0.0074,0.0403,-0.0187,0.6740,sell
2026-03-12,162.4597,1810000,169.3781,169.6759,162.3902,-0.0426,-0.0945,-0.1240,-0.0852,-0.2426,28.5644,0.0184,-0.0649,0.0035,-0.1234,0.3121,1.0105,buy
2026-03-13,164.2066,1274900,164.2265,167.9091,163.7798,0.0108,-0.0766,-0.1318,-0.0622,-0.2278,35.4648,0.0168,-0.0652,0.0019,0.0197,-0.2956,0.7550,buy
2026-03-16,168.7329,1410600,166.3507,171.8299,165.9338,0.0276,-0.0478,-0.0923,-0.0268,-0.2001,45.5417,0.0212,-0.0614,0.0032,0.1987,0.1064,0.8697,hold
2026-03-17,169.5072,1111400,170.3013,171.8199,167.9885,0.0046,-0.0164,-0.0595,-0.0163,-0.1892,44.8651,0.0202,-0.0585,0.0046,0.2489,-0.2121,0.7042,hold
2026-03-18,169.1598,1482700,167.7503,171.1450,166.3209,-0.0020,-0.0031,-0.0693,-0.0111,-0.1827,30.0316,0.0197,-0.0560,0.0058,0.2632,0.3341,0.9375,sell
2026-03-19,165.2191,1502200,169.4873,171.8001,164.2464,-0.0233,0.0170,-0.0791,-0.0260,-0.1930,20.8706,0.0203,-0.0565,0.0054,0.1744,0.0132,0.9544,buy
2026-03-20,168.6436,3986100,163.7798,169.3285,161.9038,0.0207,0.0270,-0.0516,-0.0004,-0.1678,29.0804,0.0222,-0.0524,0.0066,0.3003,1.6535,2.3529,hold
2026-03-23,168.8818,1654100,171.0953,172.2964,165.2985,0.0014,0.0009,-0.0470,0.0059,-0.1577,34.1464,0.0223,-0.0494,0.0076,0.3262,-0.5850,0.9651,buy
2026-03-24,170.9564,2042200,167.9091,173.5372,166.3408,0.0123,0.0085,-0.0080,0.0191,-0.1385,35.1529,0.0213,-0.0450,0.0091,0.3984,0.2346,1.1916,buy
2026-03-25,172.9515,1197600,172.7133,173.8746,168.0381,0.0117,0.0224,0.0192,0.0290,-0.1194,41.0306,0.0209,-0.0401,0.0107,0.4664,-0.4136,0.7133,hold
2026-03-26,173.8448,1198000,171.9490,173.9044,171.2343,0.0052,0.0522,0.0701,0.0274,-0.1059,44.3664,0.0138,-0.0356,0.0119,0.5154,0.0003,0.7293,sell
2026-03-27,168.6920,1682500,173.0916,174.1890,166.7167,-0.0296,0.0003,0.0273,-0.0057,-0.1231,39.3165,0.0179,-0.0352,0.0110,0.3517,0.4044,1.0454,sell
2026-03-30,165.6093,1766200,170.1087,170.1087,164.1128,-0.0183,-0.0194,-0.0185,-0.0221,-0.1286,41.1660,0.0167,-0.0358,0.0090,0.2389,0.0497,1.0808,buy
2026-03-31,172.9819,1468100,167.2155,173.8000,166.7167,0.0445,0.0118,0.0205,0.0194,-0.0803,53.8509,0.0222,-0.0304,0.0100,0.5965,-0.1688,0.9050,buy
2026-04-01,176.5335,1528900,173.1216,178.4191,171.6351,0.0205,0.0207,0.0436,0.0358,-0.0524,67.9875,0.0229,-0.0249,0.0117,0.8108,0.0414,0.9399,hold
2026-04-02,177.4114,972900,176.0846,180.5740,174.4285,0.0050,0.0205,0.0738,0.0336,-0.0382,67.2602,0.0207,-0.0203,0.0129,0.8777,-0.3637,0.6124,buy
2026-04-06,182.2201,2055800,177.9801,184.2653,177.1221,0.0271,0.0802,0.0805,0.0532,-0.0033,67.5001,0.0212,-0.0140,0.0147,1.0753,1.1131,1.2583,buy
2026-04-07,196.6860,5411500,201.5245,203.0210,189.6027,0.0794,0.1877,0.1646,0.1189,0.0839,76.0203,0.0307,-0.0028,0.0190,1.3277,1.6323,2.9782,hold
2026-04-08,197.9230,1985200,199.0005,200.9958,195.2693,0.0063,0.1442,0.1577,0.1089,0.0984,77.0761,0.0309,0.0057,0.0219,1.1522,-0.6332,1.0754,hold
2026-04-09,196.8556,1319900,196.5862,199.9682,194.0821,-0.0054,0.1151,0.1382,0.0883,0.0937,81.4837,0.0316,0.0119,0.0226,1.0161,-0.3351,0.7162,sell
2026-04-10,191.6977,1371200,198.2423,199.3197,191.4383,-0.0262,0.0805,0.1027,0.0495,0.0651,72.1777,0.0339,0.0149,0.0207,0.8549,0.0389,0.7530,buy
2026-04-13,197.7634,1424200,190.5504,197.9829,189.5727,0.0316,0.0853,0.1723,0.0657,0.0985,74.9826,0.0314,0.0188,0.0195,0.9286,0.0387,0.7789,sell
2026-04-14,195.7482,1123400,198.0428,201.3150,195.0897,-0.0102,-0.0048,0.1820,0.0380,0.0871,71.4670,0.0304,0.0213,0.0177,0.8433,-0.2112,0.6192,buy
2026-04-15,197.9031,1294600,196.2670,198.2722,192.5457,0.0110,-0.0001,0.1441,0.0357,0.0976,71.5457,0.0289,0.0236,0.0160,0.8447,0.1524,0.7100,buy
2026-04-16,200.2875,1825300,198.3520,201.2751,195.7482,0.0120,0.0174,0.1346,0.0353,0.1097,72.2600,0.0288,0.0259,0.0147,0.8486,0.4099,0.9917,buy
2026-04-17,204.6572,1896600,201.3250,205.0462,199.8585,0.0218,0.0676,0.1536,0.0432,0.1322,80.6809,0.0288,0.0288,0.0142,0.8850,0.0391,1.0196,buy
2026-04-20,209.8449,1506700,203.8091,210.0943,203.4400,0.0253,0.0611,0.1516,0.0548,0.1586,86.4279,0.0287,0.0323,0.0145,0.9219,-0.2056,0.8678,buy
2026-04-21,216.8484,3067200,221.1882,223.2134,215.9804,0.0334,0.1078,0.1025,0.0791,0.1941,86.3449,0.0193,0.0367,0.0156,0.9706,1.0357,1.6975,hold
2026-04-22,216.8883,1639400,218.7439,219.3425,213.3866,0.0002,0.0959,0.0958,0.0692,0.1905,85.5011,0.0196,0.0406,0.0156,0.9145,-0.4655,0.9175,sell
2026-04-23,214.4441,1228300,217.9458,219.2827,212.2891,-0.0113,0.0707,0.0893,0.0481,0.1726,81.7048,0.0201,0.0427,0.0139,0.8372,-0.2508,0.6869,hold
2026-04-24,214.7234,1011700,213.6260,214.8930,211.1818,0.0013,0.0492,0.1201,0.0378,0.1690,80.1667,0.0163,0.0436,0.0119,0.8085,-0.1763,0.5687,buy
2026-04-27,223.0937,1348300,214.4940,224.1512,213.7457,0.0390,0.0631,0.1281,0.0652,0.2085,77.6363,0.0175,0.0452,0.0117,0.8970,0.3327,0.7651,buy
2026-04-28,229.1793,2945000,224.4704,233.6587,224.4704,0.0273,0.0569,0.1708,0.0770,0.2353,79.6967,0.0161,0.0480,0.0124,0.9521,1.1842,1.6171,buy
2026-04-29,242.5478,4028000,216.6788,243.9744,213.3965,0.0583,0.1183,0.2256,0.1164,0.2991,85.1875,0.0207,0.0523,0.0149,1.0661,0.3677,2.0665,sell
2026-04-30,235.8835,2164800,242.3682,246.2391,235.7338,-0.0275,0.1000,0.1777,0.0683,0.2567,83.2558,0.0257,0.0565,0.0144,0.9215,-0.4626,1.0928,sell
2026-05-01,233.0801,1493300,237.2004,237.5695,230.5760,-0.0119,0.0855,0.1389,0.0421,0.2359,77.9533,0.0272,0.0577,0.0121,0.8514,-0.3102,0.7440,buy
2026-05-04,237.3999,1058600,233.6188,237.8289,233.1599,0.0185,0.0641,0.1313,0.0485,0.2523,81.8071,0.0269,0.0578,0.0104,0.8811,-0.2911,0.5409,hold
2026-05-05,238.9662,1183400,237.3700,242.1288,237.0408,0.0066,0.0427,0.1020,0.0453,0.2528,81.6421,0.0260,0.0582,0.0089,0.8604,0.1179,0.6779,buy
2026-05-06,245.7502,1544800,240.7420,251.1874,240.5026,0.0284,0.0132,0.1331,0.0615,0.2786,82.8078,0.0263,0.0588,0.0087,0.9052,0.3054,0.8962,hold
2026-05-07,246.5383,1178500,245.2015,247.7255,239.0859,0.0032,0.0452,0.1497,0.0504,0.2732,81.8707,0.0252,0.0599,0.0080,0.8710,-0.2371,0.6865,buy
2026-05-08,274.3128,3151900,249.4116,274.3228,246.9174,0.1127,0.1769,0.2775,0.1398,0.4038,86.5085,0.0394,0.0622,0.0124,1.1119,1.6745,1.7455,hold
2026-05-11,273.6145,2485000,271.4396,283.6308,269.3246,-0.0025,0.1525,0.2265,0.1135,0.3882,84.6192,0.0400,0.0680,0.0145,1.0116,-0.2116,1.3369,buy
2026-05-12,294.6548,2904400,273.1655,296.7599,271.3199,0.0769,0.2330,0.2857,0.1680,0.4786,87.7555,0.0437,0.0723,0.0180,1.1029,0.1688,1.4911,buy
2026-05-13,304.1325,3077800,297.6378,307.7739,291.3826,0.0322,0.2376,0.2539,0.1768,0.5074,90.7599,0.0424,0.0786,0.0209,1.0716,0.0597,1.5110,hold
2026-05-14,300.6407,2036800,302.0673,305.2698,297.3884,-0.0115,0.2194,0.2745,0.1349,0.4728,87.9383,0.0405,0.0845,0.0209,0.9693,-0.3382,0.9948,buy
2026-05-15,304.4018,1975700,301.2892,310.2081,294.3056,0.0125,0.1097,0.3060,0.1190,0.4732,87.4265,0.0387,0.0873,0.0196,0.9376,-0.0300,0.9631,hold
2026-05-18,305.2798,1744700,299.8326,305.8384,292.6695,0.0029,0.1157,0.2859,0.0949,0.4594,86.7934,0.0394,0.0893,0.0174,0.8939,-0.1169,0.8456,buy
2026-05-19,309.8190,1720300,304.0626,312.4528,301.3790,0.0149,0.0515,0.2965,0.0836,0.4626,85.5606,0.0390,0.0900,0.0153,0.8793,-0.0140,0.8619,sell
2026-05-20,303.3842,1593900,313.7598,314.9170,303.3343,-0.0208,-0.0025,0.2345,0.0401,0.4147,85.7687,0.0418,0.0907,0.0115,0.8009,-0.0735,0.7994,hold
2026-05-21,302.9652,939300,302.9752,305.9282,299.2939,-0.0014,0.0077,0.2289,0.0190,0.3954,87.9922,0.0421,0.0887,0.0076,0.7714,-0.4107,0.4746,buy
2026-05-22,307.2252,677900,304.3220,308.4822,301.2892,0.0141,0.0093,0.1200,0.0220,0.3964,87.9844,0.0273,0.0860,0.0048,0.7774,-0.2783,0.3454,sell
2026-05-26,300.9799,698100,304.8807,305.7387,299.6032,-0.0203,-0.0141,0.1000,-0.0078,0.3512,82.1008,0.0289,0.0839,0.0008,0.7090,0.0298,0.3617,buy
2026-05-27,305.5491,724900,303.9230,306.9758,301.3291,0.0152,-0.0138,0.0370,0.0037,0.3551,81.6808,0.0173,0.0799,-0.0015,0.7233,0.0384,0.3985,buy
2026-05-28,307.9734,576600,305.5890,308.9810,303.2845,0.0079,0.0151,0.0126,0.0103,0.3493,81.9930,0.0143,0.0769,-0.0031,0.7202,-0.2046,0.3502,sell
2026-05-29,304.7011,1575200,308.4024,308.5121,302.2968,-0.0106,0.0057,0.0135,-0.0017,0.3192,71.2472,0.0142,0.0741,-0.0055,0.6735,1.7319,0.9741,buy
2026-06-01,327.5372,1954600,317.8002,332.5255,315.2562,0.0749,0.0661,0.0760,0.0650,0.3985,78.7898,0.0273,0.0710,-0.0024,0.8495,0.2409,1.1917,sell
2026-06-02,320.1248,919700,324.3847,327.5373,317.3812,-0.0226,0.0636,0.0486,0.0359,0.3494,65.9145,0.0289,0.0717,-0.0027,0.7641,-0.5295,0.5631,buy
2026-06-03,326.7691,1125100,320.4440,331.4780,320.4440,0.0208,0.0694,0.0547,0.0516,0.3593,64.6633,0.0292,0.0703,-0.0021,0.8205,0.2233,0.6901,buy
2026-06-04,348.9767,1892200,335.4885,351.0518,332.7649,0.0680,0.1331,0.1503,0.1069,0.4305,75.2003,0.0334,0.0702,0.0020,1.0337,0.6818,1.1484,hold
2026-06-05,349.2560,1739400,348.0189,351.0518,341.9033,0.0008,0.1462,0.1528,0.0917,0.4112,74.2660,0.0333,0.0729,0.0037,1.0310,-0.0808,1.0380,buy
2026-06-08,355.1421,1117700,344.8165,355.1720,343.1105,0.0169,0.0843,0.1560,0.0938,0.4143,75.5888,0.0333,0.0742,0.0050,1.0305,-0.3574,0.7101,buy
2026-06-09,362.3252,1436000,356.4889,364.3604,354.4637,0.0202,0.1318,0.2038,0.0952,0.4210,76.2337,0.0309,0.0755,0.0061,1.0454,0.2848,0.9438,hold
2026-06-10,363.6021,960800,363.4824,368.4707,358.7336,0.0035,0.1127,0.1900,0.0801,0.4042,81.7217,0.0313,0.0768,0.0061,0.9792,-0.3309,0.6746,buy
2026-06-11,367.8222,1097700,367.9818,371.8228,363.5024,0.0116,0.0540,0.1943,0.0735,0.3994,82.8499,0.0312,0.0772,0.0058,0.9510,0.1425,0.8282,buy
2026-06-12,378.3274,980000,369.8674,378.6068,364.6497,0.0286,0.0832,0.2416,0.0810,0.4176,83.8704,0.0296,0.0773,0.0064,0.9757,-0.1072,0.7701,hold
2026-06-15,379.3650,1784600,373.1596,379.8937,362.9338,0.0027,0.0682,0.1582,0.0681,0.4003,89.2890,0.0235,0.0783,0.0060,0.9221,0.8210,1.4131,sell
2026-06-16,368.6203,1697100,379.5645,379.9635,367.8222,-0.0283,0.0174,0.1515,0.0239,0.3422,79.7702,0.0245,0.0782,0.0031,0.7950,-0.0490,1.3463,sell
2026-06-17,361.1479,1420200,366.8645,367.4232,358.6040,-0.0203,-0.0067,0.1052,-0.0064,0.2994,73.9572,0.0267,0.0755,-0.0010,0.7083,-0.1632,1.1402,hold
2026-06-18,359.8011,3571100,362.6743,369.0194,356.5787,-0.0037,-0.0218,0.0310,-0.0130,0.2797,75.2630,0.0176,0.0711,-0.0045,0.6767,1.5145,2.6563,hold
2026-06-22,359.8710,1705900,362.3751,369.0892,355.5412,0.0002,-0.0488,0.0304,-0.0157,0.2652,68.7363,0.0176,0.0667,-0.0071,0.6580,-0.5223,1.2337,hold
2026-06-23,358.2847,1568500,361.0482,365.1285,357.8856,-0.0044,-0.0556,0.0088,-0.0209,0.2451,73.7135,0.0170,0.0624,-0.0094,0.6251,-0.0805,1.0990,buy
2026-06-24,360.7888,1663000,361.0781,364.7694,352.2290,0.0070,-0.0212,-0.0042,-0.0136,0.2397,72.2876,0.0159,0.0582,-0.0105,0.6305,0.0602,1.1271,buy
2026-06-25,375.1150,1151100,357.7061,378.7564,357.7061,0.0397,0.0387,0.0317,0.0224,0.2733,69.0962,0.0203,0.0556,-0.0084,0.7607,-0.3078,0.7690,buy
2026-06-26,383.8400,1704900,374.3300,385.4900,372.6100,0.0233,0.0668,0.0435,0.0416,0.2866,72.4909,0.0212,0.0552,-0.0058,0.8373,0.4811,1.0976,buy
2026-06-29,388.9000,1231100,381.3800,390.0200,377.5400,0.0132,0.0807,0.0279,0.0523,0.2873,72.1921,0.0197,0.0556,-0.0037,0.8933,-0.2779,0.8015,buy
2026-06-30,397.2200,1548500,389.3600,398.8000,385.8400,0.0214,0.1087,0.0471,0.0696,0.2983,72.6017,0.0206,0.0563,-0.0014,0.9545,0.2578,1.0216,buy
2026-07-01,409.4200,1689300,395.6700,414.8200,391.9700,0.0307,0.1348,0.1107,0.0905,0.3209,75.9980,0.0184,0.0578,0.0015,1.0635,0.0909,1.0869,sell
2026-07-02,396.7500,1398900,412.2200,415.0000,391.6400,-0.0309,0.0577,0.0986,0.0468,0.2654,64.9779,0.0206,0.0590,0.0007,0.8778,-0.1719,0.8922,sell
2026-07-06,392.8600,1349400,398.0000,400.0000,388.1000,-0.0098,0.0235,0.0919,0.0276,0.2391,58.0779,0.0211,0.0576,-0.0010,0.7911,-0.0354,0.8758,hold
2026-07-07,394.6200,831100,395.1500,400.0000,391.8200,0.0045,0.0147,0.0966,0.0229,0.2306,58.4119,0.0209,0.0555,-0.0023,0.7900,-0.3841,0.5558,hold
2026-07-08,396.2900,1181900,396.2000,405.0500,393.3400,0.0042,-0.0023,0.1061,0.0172,0.2220,66.9543,0.0205,0.0536,-0.0032,0.7865,0.4221,0.7887,hold
2026-07-09,397.7600,1225700,394.9600,403.4100,390.9700,0.0037,-0.0285,0.1025,0.0114,0.2135,74.2149,0.0205,0.0517,-0.0039,0.7790,0.0371,0.8237,sell
2026-07-10,392.2200,1788300,398.6600,398.6600,390.4600,-0.0139,-0.0114,0.0456,-0.0070,0.1848,70.3147,0.0189,0.0494,-0.0056,0.6747,0.4590,1.1693,buy
2026-07-13,406.0000,1156700,399.7100,409.3700,396.5200,0.0351,0.0334,0.0577,0.0221,0.2144,74.6675,0.0205,0.0476,-0.0044,0.8456,-0.3532,0.7548,hold
2026-07-14,406.7700,967100,410.0000,412.6700,403.8100,0.0019,0.0308,0.0460,0.0195,0.2044,76.1559,0.0203,0.0470,-0.0039,0.8208,-0.1639,0.6314,hold
2026-07-15,407.7800,1565800,401.8300,412.3300,394.4600,0.0025,0.0290,0.0266,0.0193,0.1950,75.7652,0.0195,0.0461,-0.0037,0.8026,0.6191,1.0296,sell
2026-07-16,386.4800,2288100,424.5400,428.8800,385.2200,-0.0522,-0.0284,-0.0560,-0.0283,0.1228,55.7887,0.0235,0.0431,-0.0076,0.4984,0.4613,1.4759,buy
2026-07-17,400.0000,2047900,387.5000,401.3700,385.7900,0.0350,0.0198,0.0082,0.0048,0.1513,57.8477,0.0248,0.0397,-0.0075,0.6688,-0.1050,1.2947,hold
2026-07-20,398.2000,1052400,400.3200,406.5400,396.4400,-0.0045,-0.0192,0.0136,-0.0010,0.1361,54.6640,0.0246,0.0375,-0.0079,0.6235,-0.4861,0.7229,buy
2026-07-21,404.3400,724900,399.4200,407.3400,396.5100,0.0154,-0.0060,0.0246,0.0119,0.1434,53.6505,0.0250,0.0359,-0.0071,0.7054,-0.3112,0.5153,sell
2026-07-22,397.6000,689700,400.6800,404.6100,394.8600,-0.0167,-0.0250,0.0033,-0.0053,0.1165,43.5803,0.0257,0.0339,-0.0078,0.5632,-0.0486,0.5061,sell
2026-07-23,394.5000,1182600,394.5000,397.4000,389.2100,-0.0078,0.0208,-0.0082,-0.0122,0.1003,48.6362,0.0258,0.0311,-0.0088,0.4463,0.7147,0.8833,sell
2026-07-24,389.3200,740300,395.4900,399.6100,387.4100,-0.0131,-0.0267,-0.0074,-0.0245,0.0802,47.8873,0.0257,0.0277,-0.0102,0.2302,-0.3740,0.5616,sell
2026-07-27,381.1500,1361800,390.5800,391.4100,376.5100,-0.0210,-0.0428,-0.0612,-0.0390,0.0530,42.5324,0.0231,0.0231,-0.0124,-0.0297,0.8395,1.0467,buy
2026-07-28,388.7100,2253600,378.6800,389.2400,371.5000,0.0198,-0.0387,-0.0444,-0.0154,0.0687,46.0554,0.0244,0.0200,-0.0119,0.2251,0.6549,1.6666,sell
2026-07-29,365.4100,4110200,388.2000,395.3000,355.8100,-0.0599,-0.0810,-0.1039,-0.0644,0.0013,36.2819,0.0299,0.0138,-0.0161,-0.2295,0.8238,2.7766,hold
2026-07-30,366.6600,2368100,363.7700,376.4500,357.3800,0.0034,-0.0706,-0.0513,-0.0564,0.0014,38.7520,0.0262,0.0080,-0.0175,-0.0749,-0.4238,1.5639,hold
2026-07-31,363.8600,1454600,371.6900,372.1500,362.8600,-0.0076,-0.0654,-0.0904,-0.0548,-0.0092,29.4719,0.0222,0.0028,-0.0183,-0.0234,-0.3858,0.9589,buy
2026-08-03,374.5000,1394300,365.0000,374.5200,360.7600,0.0292,-0.0174,-0.0595,-0.0212,0.0158,35.6591,0.0253,0.0009,-0.0156,0.2070,-0.0415,0.9178,sell
