date,close,volume,open,high,low,return_1d,return_5d,return_10d,price_vs_ma10,price_vs_ma50,rsi_14,volatility_10d,macd_norm,macd_hist_norm,bb_position,volume_change,volume_vs_avg20,label
2021-09-10,49.5899,20324700,49.5991,50.6399,49.5623,0.0082,0.0020,0.0134,0.0021,-0.0045,68.6354,0.0062,-0.0011,0.0014,0.6950,0.5060,1.1134,buy
2021-09-13,50.6492,22639200,50.2992,51.1097,50.1149,0.0214,0.0277,0.0204,0.0214,0.0170,68.1818,0.0080,0.0010,0.0028,1.0532,0.1139,1.2157,sell
2021-09-14,50.2163,22072700,50.9992,51.0636,49.9860,-0.0085,0.0162,0.0108,0.0116,0.0090,57.5053,0.0087,0.0020,0.0030,0.8454,-0.0250,1.1715,buy
2021-09-15,50.7689,18796200,50.3544,50.7965,50.1241,0.0110,0.0289,0.0196,0.0207,0.0203,62.2889,0.0092,0.0036,0.0036,0.9716,-0.1484,1.0062,sell
2021-09-16,50.5018,19863100,50.5294,50.6123,49.9584,-0.0053,0.0268,0.0216,0.0132,0.0152,67.2064,0.0090,0.0044,0.0036,0.8529,0.0568,1.0498,sell
2021-09-17,49.9768,35359200,50.2807,50.2807,49.4334,-0.0104,0.0078,0.0099,0.0017,0.0050,53.8948,0.0099,0.0042,0.0027,0.6469,0.7801,1.8097,sell
2021-09-20,48.7978,35051900,49.0097,49.2768,48.1899,-0.0236,-0.0366,-0.0099,-0.0210,-0.0178,41.9733,0.0126,0.0021,0.0004,0.1124,-0.0087,1.7522,hold
2021-09-21,48.6965,17968900,49.0005,49.2307,48.6597,-0.0021,-0.0303,-0.0145,-0.0216,-0.0185,40.0335,0.0125,0.0002,-0.0012,0.0916,-0.4874,0.9119,buy
2021-09-22,49.2768,18594100,49.1847,49.6176,48.8162,0.0119,-0.0294,-0.0013,-0.0098,-0.0057,48.6313,0.0132,-0.0004,-0.0014,0.3542,0.0348,0.9479,buy
2021-09-23,49.7649,16474300,49.5070,50.0136,49.3689,0.0099,-0.0146,0.0118,-0.0012,0.0049,52.2455,0.0135,-0.0000,-0.0008,0.5623,-0.1140,0.8368,hold
2021-09-24,49.9399,12976200,49.5347,50.1241,49.4886,0.0035,-0.0007,0.0071,0.0016,0.0089,55.3384,0.0133,0.0006,-0.0002,0.6206,-0.2123,0.6703,buy
2021-09-27,50.3452,13899900,49.6820,50.5386,49.5715,0.0081,0.0317,-0.0060,0.0104,0.0171,57.2662,0.0116,0.0016,0.0007,0.7771,0.0712,0.7229,sell
2021-09-28,49.7373,24691300,49.9031,50.2807,49.7005,-0.0121,0.0214,-0.0095,-0.0009,0.0049,52.8553,0.0119,0.0015,0.0005,0.5118,0.7764,1.2513,sell
2021-09-29,49.2676,20514300,49.7373,49.7834,48.9820,-0.0094,-0.0002,-0.0296,-0.0073,-0.0041,50.5718,0.0114,0.0006,-0.0003,0.3216,-0.1692,1.0445,sell
2021-09-30,49.0741,20534100,49.5162,49.7189,49.0557,-0.0039,-0.0139,-0.0283,-0.0084,-0.0070,46.3351,0.0113,-0.0004,-0.0011,0.2521,0.0010,1.0404,buy
2021-10-01,49.6084,19895100,49.4149,49.8386,48.8623,0.0109,-0.0066,-0.0074,0.0032,0.0044,42.0085,0.0118,-0.0003,-0.0008,0.4733,-0.0311,0.9979,sell
2021-10-04,49.2491,27353300,49.6728,50.0413,48.8899,-0.0072,-0.0218,0.0092,-0.0050,-0.0031,42.4892,0.0090,-0.0008,-0.0011,0.3237,0.3749,1.3257,buy
2021-10-05,49.6912,18129400,49.3228,50.0505,49.2583,0.0090,-0.0009,0.0204,0.0019,0.0058,41.4847,0.0093,-0.0005,-0.0006,0.5031,-0.3372,0.8698,hold
2021-10-06,49.7189,20059600,49.2584,49.8018,48.8807,0.0006,0.0092,0.0090,0.0016,0.0059,43.5704,0.0086,-0.0002,-0.0002,0.5068,0.1065,0.9582,buy
2021-10-07,49.9031,20704400,50.0320,50.6492,49.8478,0.0037,0.0169,0.0028,0.0050,0.0091,49.3589,0.0081,0.0003,0.0002,0.5712,0.0321,0.9723,sell
2021-10-08,49.5623,16068000,50.2439,50.2715,49.4610,-0.0068,-0.0009,-0.0076,-0.0011,0.0021,57.7860,0.0083,0.0002,0.0001,0.4242,-0.2239,0.7622,sell
2021-10-11,49.2215,14398800,49.5623,50.1149,49.2031,-0.0069,-0.0006,-0.0223,-0.0057,-0.0049,55.0984,0.0079,-0.0005,-0.0005,0.2965,-0.1039,0.6966,sell
2021-10-12,48.0518,32784300,49.3412,49.4794,47.9044,-0.0238,-0.0330,-0.0339,-0.0260,-0.0281,39.3257,0.0101,-0.0030,-0.0024,-0.0901,1.2769,1.5460,hold
2021-10-13,48.1347,18534000,48.2452,48.4294,47.7754,0.0017,-0.0319,-0.0230,-0.0221,-0.0259,34.7151,0.0099,-0.0047,-0.0033,0.0007,-0.4347,0.8745,buy
2021-10-14,49.6452,26586700,48.7241,49.7373,48.5676,0.0314,-0.0052,0.0116,0.0074,0.0046,47.7901,0.0145,-0.0034,-0.0016,0.6095,0.4345,1.2349,buy
2021-10-15,50.1610,25231100,49.9215,50.1886,49.5623,0.0104,0.0121,0.0111,0.0168,0.0148,48.6413,0.0145,-0.0016,0.0001,0.8155,-0.0510,1.2002,hold
2021-10-18,50.1702,22407600,49.9123,50.2531,49.4794,0.0002,0.0193,0.0187,0.0151,0.0148,53.5022,0.0142,-0.0002,0.0012,0.7879,-0.1119,1.0989,buy
2021-10-19,50.8518,18392900,50.3176,50.8610,50.0781,0.0136,0.0583,0.0234,0.0264,0.0281,62.3919,0.0145,0.0019,0.0027,0.9846,-0.1792,0.9011,hold
2021-10-20,50.9992,16850300,50.8886,51.1097,50.7321,0.0029,0.0595,0.0258,0.0268,0.0305,65.1669,0.0145,0.0038,0.0036,0.9601,-0.0839,0.8291,buy
2021-10-21,51.5794,38390900,50.5939,51.6439,50.5018,0.0114,0.0390,0.0336,0.0349,0.0415,65.4179,0.0148,0.0061,0.0047,1.0406,1.2784,1.7923,sell
2021-10-22,45.5557,109971900,46.4123,46.5596,45.2610,-0.1168,-0.0918,-0.0808,-0.0785,-0.0787,34.6830,0.0410,-0.0017,-0.0026,-0.2871,1.8645,4.1862,hold
2021-10-25,45.5096,43178800,45.8965,46.1175,45.4175,-0.0010,-0.0929,-0.0754,-0.0725,-0.0782,32.0696,0.0410,-0.0085,-0.0075,-0.1166,-0.6074,1.5569,sell
2021-10-26,44.4688,68405400,45.5004,45.5373,44.1465,-0.0229,-0.1255,-0.0746,-0.0870,-0.0976,29.2878,0.0410,-0.0159,-0.0119,-0.1101,0.5842,2.2863,hold
2021-10-27,44.1096,41081500,44.6899,44.9662,44.0912,-0.0081,-0.1351,-0.0836,-0.0869,-0.1033,27.4552,0.0409,-0.0222,-0.0145,-0.0380,-0.3994,1.3274,hold
2021-10-28,44.2846,31317200,44.3399,44.5425,44.1004,0.0040,-0.1414,-0.1080,-0.0729,-0.0983,29.1940,0.0388,-0.0263,-0.0150,0.0548,-0.2377,0.9946,buy
2021-10-29,45.1320,42301000,44.3030,45.3899,44.1372,0.0191,-0.0093,-0.1003,-0.0452,-0.0799,34.4973,0.0394,-0.0273,-0.0129,0.1808,0.3507,1.2973,hold
2021-11-01,45.6386,28013700,45.5004,45.6846,45.1320,0.0112,0.0028,-0.0903,-0.0251,-0.0687,40.3677,0.0399,-0.0269,-0.0102,0.2558,-0.3378,0.8583,hold
2021-11-02,45.9241,27193300,45.6938,45.9610,45.3438,0.0063,0.0327,-0.0969,-0.0086,-0.0617,41.3170,0.0395,-0.0259,-0.0074,0.3037,-0.0293,0.8217,hold
2021-11-03,46.4123,23962100,45.9886,46.4675,45.7860,0.0106,0.0522,-0.0899,0.0120,-0.0505,36.1920,0.0398,-0.0239,-0.0044,0.3669,-0.1188,0.7198,hold
2021-11-04,46.6608,24806000,46.5959,46.6979,46.1229,0.0054,0.0537,-0.0954,0.0285,-0.0442,34.7015,0.0395,-0.0216,-0.0019,0.4058,0.0352,0.7406,buy
2021-11-05,47.2266,36816200,46.8834,47.8387,46.8742,0.0121,0.0464,0.0367,0.0371,-0.0320,37.7309,0.0120,-0.0186,0.0008,0.4735,0.4842,1.0662,buy
2021-11-08,47.8109,31647800,47.7274,48.2190,47.3564,0.0124,0.0476,0.0506,0.0447,-0.0193,37.2218,0.0121,-0.0150,0.0033,0.5406,-0.1404,0.8942,sell
2021-11-09,47.4863,22508400,47.8016,48.0149,47.0875,-0.0068,0.0340,0.0679,0.0308,-0.0250,35.4551,0.0086,-0.0128,0.0045,0.5101,-0.2888,0.6453,sell
2021-11-10,47.0782,25040700,47.2822,47.6625,47.0318,-0.0086,0.0143,0.0673,0.0154,-0.0323,31.0933,0.0087,-0.0117,0.0046,0.4734,0.1125,0.7113,sell
2021-11-11,46.8649,25420000,47.3101,47.3657,46.7536,-0.0045,0.0044,0.0583,0.0052,-0.0357,60.7427,0.0093,-0.0109,0.0043,0.4648,0.0151,0.7233,sell
2021-11-12,46.6608,23884800,46.9298,47.2080,46.5403,-0.0044,-0.0120,0.0339,-0.0025,-0.0388,59.2076,0.0085,-0.0106,0.0038,0.4600,-0.0604,0.6809,hold
2021-11-15,46.6701,24695800,46.7536,46.9576,46.4846,0.0002,-0.0239,0.0226,-0.0045,-0.0376,71.0857,0.0081,-0.0102,0.0034,0.4793,0.0340,0.7017,buy
2021-11-16,46.9391,30927800,46.7165,47.4399,46.6887,0.0058,-0.0115,0.0221,-0.0009,-0.0310,77.5798,0.0081,-0.0092,0.0034,0.5378,0.2524,0.8634,sell
2021-11-17,46.5866,23546900,46.9298,47.2451,46.3548,-0.0075,-0.0104,0.0038,-0.0088,-0.0372,71.6884,0.0080,-0.0091,0.0029,0.5243,-0.2386,0.6513,sell
2021-11-18,46.0765,30658200,46.5959,46.5959,45.4180,-0.0109,-0.0168,-0.0125,-0.0184,-0.0465,59.5028,0.0085,-0.0098,0.0019,0.4815,0.3020,0.8571,sell
2021-11-19,45.9281,27607600,46.0023,46.1229,45.6684,-0.0032,-0.0157,-0.0275,-0.0188,-0.0482,53.1395,0.0071,-0.0104,0.0010,0.4417,-0.0995,0.8723,buy
2021-11-22,46.2157,33389600,45.9560,47.1617,45.8261,0.0063,-0.0097,-0.0334,-0.0093,-0.0404,53.1596,0.0058,-0.0102,0.0009,0.5017,0.2094,1.0715,sell
2021-11-23,45.5386,44713300,46.5217,46.7907,45.1120,-0.0146,-0.0298,-0.0410,-0.0197,-0.0527,40.9038,0.0068,-0.0114,-0.0000,0.3137,0.3391,1.4916,buy
2021-11-24,46.1507,26035800,45.3160,46.1693,45.1027,0.0134,-0.0094,-0.0197,-0.0046,-0.0381,45.0628,0.0085,-0.0108,0.0003,0.4357,-0.4177,0.8909,sell
2021-11-26,45.2418,25269000,45.3531,45.6128,44.6297,-0.0197,-0.0181,-0.0346,-0.0208,-0.0549,31.9865,0.0102,-0.0121,-0.0006,0.0963,-0.0295,0.8737,buy
2021-11-29,46.3733,31478900,45.7241,46.4939,45.1862,0.0250,0.0097,-0.0062,0.0044,-0.0298,38.1317,0.0136,-0.0106,0.0005,0.4618,0.2458,1.1092,sell
2021-11-30,45.6313,49460800,45.9096,46.7443,45.1491,-0.0160,-0.0126,-0.0223,-0.0095,-0.0441,35.6734,0.0144,-0.0110,0.0002,0.1809,0.5712,1.6793,sell
2021-12-01,45.0749,35093500,46.2249,46.6608,45.0007,-0.0122,-0.0102,-0.0397,-0.0176,-0.0543,34.8740,0.0145,-0.0121,-0.0006,0.0302,-0.2905,1.1757,buy
2021-12-02,45.9096,37240800,45.0841,46.1786,44.8245,0.0185,-0.0052,-0.0145,0.0021,-0.0354,43.4059,0.0160,-0.0111,0.0001,0.3302,0.0612,1.2205,sell
2021-12-03,45.6777,32224900,46.0765,46.4290,45.2233,-0.0051,0.0096,-0.0087,-0.0021,-0.0387,43.2398,0.0157,-0.0108,0.0004,0.2724,-0.1347,1.0434,buy
2021-12-06,47.2915,40336000,45.8910,47.4955,45.6128,0.0353,0.0198,0.0297,0.0301,-0.0036,53.5005,0.0194,-0.0073,0.0028,0.8103,0.2517,1.2987,buy
2021-12-07,48.7569,91731500,50.6953,51.0107,48.4230,0.0310,0.0685,0.0550,0.0562,0.0280,59.0239,0.0213,-0.0023,0.0060,1.1773,1.2742,2.6930,sell
2021-12-08,47.9964,37143400,48.7569,49.0444,47.6532,-0.0156,0.0648,0.0540,0.0342,0.0127,56.7257,0.0214,0.0003,0.0070,0.9308,-0.5951,1.0675,sell
2021-12-09,46.8185,31694200,47.5790,47.8480,46.7721,-0.0245,0.0198,0.0145,0.0073,-0.0112,53.3278,0.0231,0.0004,0.0058,0.6107,-0.1467,0.9023,hold
2021-12-10,46.9205,23783600,47.1524,47.3657,46.4197,0.0022,0.0272,0.0371,0.0059,-0.0081,54.4695,0.0219,0.0007,0.0048,0.6381,-0.2496,0.6786,sell
2021-12-13,46.3733,35726900,47.1617,47.3193,46.3269,-0.0117,-0.0194,0.0000,-0.0058,-0.0183,50.6939,0.0210,-0.0001,0.0033,0.4902,0.5022,1.0025,hold
2021-12-14,46.0951,34120400,46.2064,46.6237,45.7426,-0.0060,-0.0546,0.0102,-0.0128,-0.0229,52.5381,0.0204,-0.0012,0.0018,0.4209,-0.0450,0.9449,buy
2021-12-15,46.9947,32590300,46.2527,47.0967,45.7519,0.0195,-0.0209,0.0426,0.0024,-0.0027,53.7510,0.0205,-0.0004,0.0020,0.6698,-0.0448,0.9005,hold
2021-12-16,47.1431,33132300,47.0596,47.6718,46.9112,0.0032,0.0069,0.0269,0.0029,0.0015,59.0628,0.0199,0.0004,0.0022,0.6999,0.0166,0.9035,hold
2021-12-17,46.9484,50102300,46.9205,47.3193,46.3826,-0.0041,0.0006,0.0278,-0.0039,-0.0013,53.0097,0.0199,0.0007,0.0020,0.6343,0.5122,1.3310,sell
2021-12-20,46.0023,30140300,46.2898,46.4939,45.4087,-0.0202,-0.0080,-0.0273,-0.0213,-0.0200,51.9011,0.0174,-0.0007,0.0005,0.3760,-0.3984,0.7980,buy
2021-12-21,47.0875,31956300,46.3177,47.1524,46.3177,0.0236,0.0215,-0.0342,0.0053,0.0041,59.7835,0.0159,0.0001,0.0010,0.6581,0.0603,0.8477,hold
2021-12-22,47.2730,23307900,46.9669,47.3193,46.5681,0.0039,0.0059,-0.0151,0.0108,0.0083,57.0741,0.0154,0.0010,0.0016,0.6875,-0.2706,0.6363,buy
2021-12-23,47.5883,25198200,47.3750,47.9778,47.3472,0.0067,0.0094,0.0164,0.0159,0.0153,59.8282,0.0132,0.0022,0.0022,0.7487,0.0811,0.6887,buy
2021-12-27,48.1726,20985400,47.6254,48.2839,47.5790,0.0123,0.0261,0.0267,0.0257,0.0284,55.0693,0.0137,0.0041,0.0033,0.8676,-0.1672,0.5770,hold
2021-12-28,48.0057,19290400,48.1633,48.3395,47.8851,-0.0035,0.0435,0.0352,0.0186,0.0258,44.9184,0.0129,0.0052,0.0036,0.7910,-0.0808,0.5394,hold
2021-12-29,48.0706,14174800,48.0520,48.3581,47.9129,0.0014,0.0209,0.0429,0.0157,0.0281,50.5540,0.0125,0.0062,0.0036,0.7800,-0.2652,0.4169,hold
2021-12-30,47.9871,18359400,48.1541,48.3581,47.9036,-0.0017,0.0151,0.0211,0.0118,0.0276,60.4305,0.0114,0.0068,0.0033,0.7437,0.2952,0.5536,sell
2021-12-31,47.7645,16319000,48.1262,48.3766,47.7274,-0.0046,0.0037,0.0132,0.0058,0.0242,57.3744,0.0116,0.0068,0.0027,0.6593,-0.1111,0.5081,buy
2022-01-03,49.3505,33857600,47.9036,49.3690,47.8573,0.0332,0.0245,0.0512,0.0339,0.0593,72.0164,0.0151,0.0090,0.0040,1.0639,1.0747,1.0516,hold
2022-01-04,49.2856,45681400,49.6844,50.0275,48.8311,-0.0013,0.0267,0.0714,0.0255,0.0562,74.3626,0.0126,0.0108,0.0046,0.9640,0.3492,1.4071,buy
2022-01-05,49.9626,59109300,50.2594,52.0958,49.9255,0.0137,0.0394,0.0611,0.0334,0.0686,73.4604,0.0115,0.0129,0.0055,1.0598,0.2939,1.9170,hold
2022-01-06,50.0925,35757900,50.6489,50.7046,49.5453,0.0026,0.0439,0.0596,0.0301,0.0689,73.3823,0.0115,0.0147,0.0059,1.0009,-0.3951,1.1623,sell
2022-01-07,49.5638,30717200,50.2594,50.4449,49.2948,-0.0106,0.0377,0.0415,0.0151,0.0551,69.6926,0.0126,0.0153,0.0051,0.8470,-0.1410,1.0001,buy
2022-01-10,51.2054,49260800,50.0554,51.2982,49.4432,0.0331,0.0376,0.0630,0.0423,0.0869,85.4614,0.0155,0.0176,0.0061,1.0501,0.6037,1.5399,buy
2022-01-11,51.8546,39795200,51.4744,52.0123,50.7602,0.0127,0.0521,0.0802,0.0473,0.0975,84.5429,0.0152,0.0203,0.0072,1.0482,-0.1922,1.2362,hold
2022-01-12,51.6970,29136800,52.0680,52.1978,50.8344,-0.0030,0.0347,0.0754,0.0365,0.0914,82.1862,0.0155,0.0222,0.0072,0.9582,-0.2678,0.9121,sell
2022-01-13,50.9550,29605400,51.9381,52.1329,50.7973,-0.0144,0.0172,0.0618,0.0156,0.0734,73.0623,0.0168,0.0225,0.0059,0.8128,0.0161,0.9312,buy
2022-01-14,51.6599,30151500,50.8715,51.7248,50.5747,0.0138,0.0423,0.0816,0.0217,0.0859,73.5000,0.0165,0.0230,0.0053,0.8683,0.0184,0.9528,sell
2022-01-18,50.7881,35313800,51.2982,51.6135,50.7139,-0.0169,-0.0082,0.0291,0.0016,0.0657,67.1233,0.0155,0.0225,0.0036,0.7231,0.1712,1.1426,sell
2022-01-19,49.7307,30595100,50.6675,50.8715,49.6751,-0.0208,-0.0410,0.0090,-0.0201,0.0424,59.1047,0.0173,0.0202,0.0007,0.5513,-0.1336,0.9892,sell
2022-01-20,48.2654,28582600,49.9533,50.1667,48.1726,-0.0295,-0.0664,-0.0340,-0.0458,0.0115,51.3251,0.0190,0.0160,-0.0033,0.3028,-0.0658,0.9292,hold
2022-01-21,48.2654,46372400,48.3024,49.2763,48.1819,0.0000,-0.0528,-0.0365,-0.0423,0.0112,52.4368,0.0190,0.0120,-0.0058,0.2862,0.6224,1.4531,hold
2022-01-24,48.1726,64198400,47.7460,48.3488,46.2620,-0.0019,-0.0675,-0.0281,-0.0415,0.0088,43.2946,0.0188,0.0086,-0.0074,0.2595,0.3844,1.8958,sell
2022-01-25,47.3008,44095400,47.3101,47.8758,46.6052,-0.0181,-0.0687,-0.0763,-0.0515,-0.0097,39.6519,0.0144,0.0045,-0.0095,0.1288,-0.3131,1.2592,buy
2022-01-26,47.9407,54895400,47.4214,48.8960,47.0689,0.0135,-0.0360,-0.0755,-0.0311,0.0032,39.4175,0.0146,0.0021,-0.0093,0.2380,0.2449,1.4918,sell
2022-01-27,44.5648,89642800,46.3548,46.4290,44.3143,-0.0704,-0.0767,-0.1380,-0.0861,-0.0666,28.4058,0.0244,-0.0058,-0.0144,-0.1503,0.6330,2.2095,hold
2022-01-28,44.2680,61945400,44.2494,44.7039,42.9417,-0.0067,-0.0828,-0.1312,-0.0796,-0.0718,28.9298,0.0245,-0.0126,-0.0171,-0.0700,-0.3090,1.4490,buy
2022-01-31,45.2789,51828400,44.2216,45.3253,43.8784,0.0228,-0.0601,-0.1235,-0.0459,-0.0501,25.1747,0.0258,-0.0156,-0.0160,0.0918,-0.1633,1.1640,hold
2022-02-01,45.3995,35386100,45.2418,45.4737,44.8523,0.0027,-0.0402,-0.1061,-0.0324,-0.0473,21.7073,0.0262,-0.0177,-0.0145,0.1476,-0.3172,0.7933,buy
2022-02-02,45.9189,37962700,44.7503,45.9838,44.6019,0.0114,-0.0422,-0.0767,-0.0133,-0.0364,25.4530,0.0268,-0.0181,-0.0119,0.2277,0.0728,0.8585,sell
2022-02-03,44.7781,42145800,45.6777,46.0858,44.7503,-0.0248,0.0048,-0.0723,-0.0305,-0.0598,24.6188,0.0264,-0.0208,-0.0116,0.1564,0.1102,0.9718,hold
2022-02-04,44.8669,32431500,44.7267,45.0818,44.0445,0.0020,0.0135,-0.0704,-0.0214,-0.0576,20.5987,0.0265,-0.0222,-0.0104,0.1989,-0.2305,0.7507,hold
2022-02-07,45.0257,27558500,44.9790,45.4743,44.8201,0.0035,-0.0056,-0.0653,-0.0112,-0.0538,23.4193,0.0267,-0.0227,-0.0087,0.2405,-0.1503,0.6402,buy
2022-02-08,45.6145,28051200,44.8388,45.7360,44.7641,0.0131,0.0047,-0.0357,0.0055,-0.0416,30.1545,0.0270,-0.0215,-0.0062,0.3143,0.0179,0.6681,buy
2022-02-09,46.6425,35217300,46.1004,46.6985,45.6332,0.0225,0.0158,-0.0271,0.0311,-0.0201,41.8311,0.0277,-0.0184,-0.0027,0.4289,0.2555,0.8434,sell
2022-02-10,45.6612,32762700,45.9603,46.6612,45.5678,-0.0210,0.0197,0.0246,0.0070,-0.0408,38.0704,0.0163,-0.0182,-0.0017,0.3496,-0.0697,0.7812,sell
2022-02-11,44.5117,37208200,45.7453,45.8948,44.3902,-0.0252,-0.0079,0.0055,-0.0189,-0.0647,34.7099,0.0184,-0.0200,-0.0025,0.2465,0.1357,0.8793,hold
2022-02-14,44.4650,28456900,44.7827,45.0257,44.0258,-0.0010,-0.0125,-0.0180,-0.0182,-0.0651,37.2792,0.0167,-0.0209,-0.0027,0.2505,-0.2352,0.6738,buy
2022-02-15,45.2687,35837900,44.5771,45.2874,44.1005,0.0181,-0.0076,-0.0029,-0.0001,-0.0480,38.1873,0.0178,-0.0196,-0.0014,0.3719,0.2594,0.8481,hold
2022-02-16,45.0724,26022900,44.9136,45.3154,44.4837,-0.0043,-0.0337,-0.0184,-0.0026,-0.0513,53.1222,0.0173,-0.0191,-0.0006,0.3570,-0.2739,0.6191,sell
2022-02-17,44.4557,32030600,44.7267,45.1005,44.2781,-0.0137,-0.0264,-0.0072,-0.0156,-0.0626,51.1106,0.0160,-0.0197,-0.0008,0.2649,0.2309,0.7590,sell
2022-02-18,42.0913,76520100,43.1660,43.1847,41.5960,-0.0532,-0.0544,-0.0619,-0.0622,-0.1102,33.7428,0.0230,-0.0254,-0.0043,-0.0938,1.3890,1.7506,sell
2022-02-22,41.7642,57093300,41.7642,42.4371,40.9792,-0.0078,-0.0607,-0.0724,-0.0626,-0.1152,31.8422,0.0227,-0.0295,-0.0067,-0.0715,-0.2539,1.3169,hold
2022-02-23,41.7268,38176700,42.2128,42.7174,41.6334,-0.0009,-0.0782,-0.0852,-0.0552,-0.1141,28.0020,0.0218,-0.0324,-0.0076,-0.0022,-0.3313,0.8866,buy
2022-02-24,43.6613,72740100,41.0259,43.7267,40.7736,0.0464,-0.0313,-0.0639,-0.0047,-0.0719,44.5903,0.0264,-0.0292,-0.0044,0.3329,0.9054,1.6550,buy
2022-02-25,44.5865,39266300,43.8576,44.6613,43.2221,0.0212,0.0029,-0.0235,0.0189,-0.0517,48.7437,0.0271,-0.0252,-0.0008,0.5063,-0.4602,0.9477,hold
2022-02-28,44.5772,41946100,43.9230,44.6893,43.7828,-0.0002,0.0591,0.0015,0.0185,-0.0509,47.9626,0.0259,-0.0223,0.0017,0.5017,0.0682,1.0374,sell
2022-03-01,43.7548,53853000,44.4276,44.7641,43.1940,-0.0184,0.0477,-0.0160,0.0013,-0.0670,41.7290,0.0266,-0.0217,0.0022,0.3615,0.2839,1.3286,buy
2022-03-02,45.6706,46936500,44.4089,45.7827,44.3716,0.0438,0.0945,0.0089,0.0442,-0.0257,45.9938,0.0297,-0.0164,0.0052,0.7170,-0.1284,1.1417,sell
2022-03-03,44.7921,36389900,45.0257,45.3715,44.5024,-0.0192,0.0259,-0.0062,0.0248,-0.0439,46.3869,0.0304,-0.0146,0.0060,0.5658,-0.2247,0.8869,hold
2022-03-04,44.9229,38310700,44.2688,45.1098,44.2688,0.0029,0.0075,0.0105,0.0267,-0.0402,51.8676,0.0300,-0.0125,0.0064,0.5893,0.0528,0.9381,hold
2022-03-07,44.5585,43813700,44.8669,45.3622,44.4837,-0.0081,-0.0004,0.0586,0.0127,-0.0469,50.4125,0.0236,-0.0115,0.0061,0.5225,0.1436,1.0581,hold
2022-03-08,44.3902,44813900,44.5678,45.5304,43.8202,-0.0038,0.0145,0.0629,0.0029,-0.0492,45.8916,0.0234,-0.0108,0.0054,0.4963,0.0228,1.0601,hold
2022-03-09,44.5117,36076500,45.2407,45.2874,43.8202,0.0027,-0.0254,0.0667,-0.0007,-0.0451,47.3592,0.0233,-0.0099,0.0051,0.5312,-0.1950,0.8454,sell
2022-03-10,43.6052,36456000,44.1940,44.2127,43.1380,-0.0204,-0.0265,-0.0013,-0.0209,-0.0628,46.1011,0.0200,-0.0109,0.0035,0.3704,0.0105,0.8531,sell
2022-03-11,42.8296,27082100,44.0632,44.1846,42.7735,-0.0178,-0.0466,-0.0394,-0.0345,-0.0774,53.9618,0.0192,-0.0131,0.0012,0.2292,-0.2571,0.6380,sell
2022-03-14,41.4932,35993900,42.8950,42.9698,41.3997,-0.0312,-0.0688,-0.0692,-0.0581,-0.1037,48.6878,0.0209,-0.0175,-0.0022,0.0230,0.3291,0.8491,buy
2022-03-15,41.8764,34448900,41.5867,41.9605,41.1848,0.0092,-0.0566,-0.0429,-0.0453,-0.0931,50.7005,0.0211,-0.0196,-0.0035,0.1440,-0.0429,0.8069,buy
2022-03-16,43.5772,38885500,42.3343,43.5772,42.3062,0.0406,-0.0210,-0.0458,-0.0018,-0.0539,49.5971,0.0203,-0.0171,-0.0013,0.4770,0.1288,0.9076,buy
2022-03-17,44.0538,28555000,43.2875,44.1940,42.7361,0.0109,0.0103,-0.0165,0.0108,-0.0413,47.3339,0.0201,-0.0146,0.0008,0.5816,-0.2657,0.6645,buy
2022-03-18,44.3435,46237100,43.7548,44.4837,43.3155,0.0066,0.0353,-0.0129,0.0188,-0.0327,48.8626,0.0202,-0.0120,0.0027,0.6409,0.6192,1.0585,hold
2022-03-21,44.2874,32910900,44.3529,44.7547,43.9884,-0.0013,0.0673,-0.0061,0.0182,-0.0314,52.8024,0.0201,-0.0100,0.0038,0.6119,-0.2882,0.7930,buy
2022-03-22,45.2220,27923300,44.3902,45.2967,44.2968,0.0211,0.0799,0.0187,0.0377,-0.0091,47.3684,0.0211,-0.0065,0.0056,0.7828,-0.1515,0.6974,hold
2022-03-23,45.1098,37126400,45.2874,46.3341,44.9136,-0.0025,0.0352,0.0134,0.0337,-0.0089,52.0482,0.0212,-0.0040,0.0065,0.7416,0.3296,0.9284,buy
2022-03-24,48.2405,51677900,45.4743,48.2685,45.4089,0.0694,0.0950,0.1063,0.0938,0.0615,65.4214,0.0286,0.0033,0.0105,1.2015,0.3919,1.3273,hold
2022-03-25,48.4368,33239800,47.3714,48.5769,47.1471,0.0041,0.0923,0.1309,0.0845,0.0674,68.3142,0.0270,0.0090,0.0129,1.0861,-0.3568,0.8604,hold
2022-03-28,48.1377,22932400,47.9975,48.1938,47.2499,-0.0062,0.0869,0.1601,0.0620,0.0621,67.4803,0.0234,0.0131,0.0136,0.9633,-0.3101,0.6086,buy
2022-03-29,48.8293,27303700,48.5956,48.8667,47.9228,0.0144,0.0798,0.1660,0.0610,0.0787,69.1225,0.0233,0.0169,0.0139,0.9713,0.1906,0.7510,sell
2022-03-30,48.0630,24623300,48.8293,49.0722,47.8667,-0.0157,0.0655,0.1029,0.0342,0.0631,69.9916,0.0234,0.0189,0.0127,0.8452,-0.0982,0.6987,sell
2022-03-31,46.3154,43698300,47.8480,47.9041,46.2687,-0.0364,-0.0399,0.0513,-0.0082,0.0260,64.3793,0.0276,0.0178,0.0091,0.6343,0.7747,1.2273,sell
2022-04-01,44.9603,46598600,46.5677,46.6331,44.2314,-0.0293,-0.0718,0.0139,-0.0385,-0.0026,64.2802,0.0297,0.0143,0.0042,0.4792,0.0664,1.2937,buy
2022-04-04,45.9790,23784900,45.0164,46.0070,44.7827,0.0227,-0.0448,0.0382,-0.0203,0.0210,66.0570,0.0304,0.0124,0.0021,0.5874,-0.4896,0.6792,sell
2022-04-05,44.9790,25779200,45.6332,45.7733,44.8762,-0.0217,-0.0789,-0.0054,-0.0411,0.0003,55.8049,0.0307,0.0096,-0.0008,0.4698,0.0838,0.7567,sell
2022-04-06,44.4276,31518700,44.3342,45.0164,44.1473,-0.0123,-0.0756,-0.0151,-0.0514,-0.0107,51.5385,0.0310,0.0061,-0.0035,0.4072,0.2226,0.9314,hold
2022-04-07,44.4463,24117000,44.3248,44.7734,43.7080,0.0004,-0.0404,-0.0787,-0.0433,-0.0088,50.4327,0.0188,0.0033,-0.0051,0.4035,-0.2348,0.7259,sell
2022-04-08,43.9417,22167300,44.1846,44.4650,43.7828,-0.0114,-0.0227,-0.0928,-0.0449,-0.0198,48.5974,0.0183,0.0001,-0.0067,0.3346,-0.0808,0.6722,sell
2022-04-11,43.5211,30352500,43.8295,44.2033,43.4837,-0.0096,-0.0535,-0.0959,-0.0445,-0.0288,42.8006,0.0183,-0.0032,-0.0080,0.2551,0.3692,0.9284,hold
2022-04-12,43.4557,29861400,44.2220,44.7734,43.3716,-0.0015,-0.0339,-0.1100,-0.0345,-0.0295,42.9706,0.0166,-0.0059,-0.0086,0.2189,-0.0162,0.9198,buy
2022-04-13,43.9323,22171300,43.6893,44.1753,43.5024,0.0110,-0.0111,-0.0859,-0.0149,-0.0182,26.3590,0.0179,-0.0070,-0.0077,0.2793,-0.2575,0.7010,sell
2022-04-14,42.6800,36181800,43.6893,43.6893,42.6333,-0.0285,-0.0397,-0.0785,-0.0351,-0.0448,21.6912,0.0167,-0.0104,-0.0089,0.1330,0.6319,1.1303,buy
2022-04-18,43.5866,25593100,42.5492,43.8202,42.5399,0.0212,-0.0081,-0.0306,-0.0115,-0.0240,28.8812,0.0172,-0.0108,-0.0075,0.2613,-0.2927,0.8262,buy
2022-04-19,44.7921,31483100,43.5492,44.8575,43.3062,0.0277,0.0292,-0.0258,0.0186,0.0030,32.1192,0.0181,-0.0088,-0.0044,0.4138,0.2301,1.0186,hold
2022-04-20,44.9603,22787100,45.1939,45.5584,44.8388,0.0038,0.0346,-0.0004,0.0224,0.0068,35.4895,0.0168,-0.0070,-0.0021,0.4375,-0.2762,0.7435,sell
2022-04-21,44.3902,27316900,45.4369,45.6986,44.2968,-0.0127,0.0104,-0.0008,0.0095,-0.0054,39.8821,0.0168,-0.0066,-0.0013,0.3688,0.1988,0.9058,sell
2022-04-22,43.4931,28219900,44.3435,44.5304,43.4557,-0.0202,0.0190,-0.0214,-0.0087,-0.0241,41.8989,0.0180,-0.0079,-0.0021,0.2745,0.0331,0.9736,buy
2022-04-25,43.9791,35999300,43.1847,44.0538,43.1567,0.0112,0.0090,0.0009,0.0023,-0.0125,38.2676,0.0181,-0.0078,-0.0016,0.3584,0.2757,1.2360,sell
2022-04-26,42.5399,35356600,43.6333,43.7735,42.5305,-0.0327,-0.0503,-0.0225,-0.0283,-0.0439,36.3921,0.0208,-0.0106,-0.0034,0.1697,-0.0179,1.1886,sell
2022-04-27,42.2595,28320900,42.5025,43.0445,42.0633,-0.0066,-0.0601,-0.0275,-0.0321,-0.0493,37.5269,0.0208,-0.0131,-0.0047,0.1197,-0.1990,0.9505,buy
2022-04-28,43.7734,41097000,42.7922,44.1753,42.5586,0.0358,-0.0139,-0.0036,0.0029,-0.0146,46.6972,0.0239,-0.0116,-0.0028,0.4172,0.4511,1.3422,sell
2022-04-29,40.7362,70765900,42.0446,42.3904,40.6521,-0.0694,-0.0634,-0.0455,-0.0625,-0.0812,37.3990,0.0316,-0.0174,-0.0063,-0.1643,0.7219,2.2133,buy
2022-05-02,42.0165,45446500,40.8577,42.0446,40.6615,0.0314,-0.0446,-0.0360,-0.0295,-0.0512,44.4597,0.0326,-0.0180,-0.0058,0.1519,-0.3578,1.4239,hold
2022-05-03,42.1100,40158400,41.8577,42.5118,41.3343,0.0022,-0.0101,-0.0599,-0.0213,-0.0491,45.0550,0.0309,-0.0184,-0.0050,0.1915,-0.1164,1.2268,buy
2022-05-04,43.4931,44625600,42.1100,43.5865,41.5025,0.0328,0.0292,-0.0326,0.0143,-0.0187,48.4868,0.0332,-0.0155,-0.0020,0.5155,0.1112,1.3251,sell
2022-05-05,42.0096,52996700,42.9515,43.2435,41.5669,-0.0341,-0.0403,-0.0536,-0.0148,-0.0523,47.7264,0.0345,-0.0167,-0.0022,0.2026,0.1876,1.5250,hold
2022-05-06,41.7270,40916600,41.9060,42.5276,41.2937,-0.0067,0.0243,-0.0406,-0.0174,-0.0578,43.4154,0.0341,-0.0178,-0.0025,0.1748,-0.2279,1.1496,sell
2022-05-09,40.5684,44925800,41.2655,41.6328,40.3801,-0.0278,-0.0345,-0.0776,-0.0369,-0.0823,34.9944,0.0345,-0.0211,-0.0043,0.0076,0.0980,1.2232,buy
2022-05-10,41.4538,42770000,41.7741,42.1414,40.9735,0.0218,-0.0156,-0.0255,-0.0134,-0.0610,38.1465,0.0344,-0.0208,-0.0035,0.2169,-0.0480,1.1451,sell
2022-05-11,40.3424,40351700,41.4633,41.7176,40.2953,-0.0268,-0.0724,-0.0454,-0.0354,-0.0847,36.7994,0.0352,-0.0235,-0.0046,0.0679,-0.0565,1.0654,hold
2022-05-12,40.3518,42329600,40.2482,40.4177,39.5700,0.0002,-0.0395,-0.0782,-0.0272,-0.0823,39.1263,0.0325,-0.0249,-0.0048,0.1203,0.0490,1.0887,buy
2022-05-13,41.0677,32034100,40.8981,41.2937,40.4743,0.0177,-0.0158,0.0081,-0.0108,-0.0644,40.0800,0.0248,-0.0238,-0.0033,0.2632,-0.2432,0.8283,sell
2022-05-16,40.5779,25071900,40.8981,41.0771,40.3047,-0.0119,0.0002,-0.0342,-0.0192,-0.0737,42.8524,0.0226,-0.0243,-0.0028,0.2129,-0.2173,0.6487,buy
2022-05-17,41.8212,28596600,41.2749,41.8400,41.1148,0.0306,0.0089,-0.0069,0.0116,-0.0442,48.5079,0.0251,-0.0211,-0.0002,0.4360,0.1406,0.7427,sell
2022-05-18,39.8903,35218400,41.4256,41.4256,39.7678,-0.0462,-0.0112,-0.0828,-0.0266,-0.0864,37.1460,0.0258,-0.0237,-0.0014,0.1208,0.2316,0.9001,sell
2022-05-19,39.5700,29181000,39.8620,40.2199,39.2968,-0.0080,-0.0194,-0.0581,-0.0286,-0.0917,45.2929,0.0242,-0.0255,-0.0024,0.0963,-0.1714,0.7441,sell
2022-05-20,39.2309,44802300,39.7961,39.8337,37.9687,-0.0086,-0.0447,-0.0598,-0.0310,-0.0977,37.8323,0.0242,-0.0274,-0.0033,0.0841,0.5353,1.1187,buy
2022-05-23,39.5606,27199500,39.2686,39.7961,38.9295,0.0084,-0.0251,-0.0248,-0.0205,-0.0887,39.0892,0.0233,-0.0275,-0.0029,0.1685,-0.3929,0.6867,sell
2022-05-24,39.2498,29837500,39.2780,39.4570,38.7129,-0.0079,-0.0615,-0.0532,-0.0228,-0.0949,30.0045,0.0217,-0.0283,-0.0028,0.1501,0.0970,0.7586,buy
2022-05-25,39.7490,26283100,39.0331,40.0504,38.9860,0.0127,-0.0035,-0.0147,-0.0089,-0.0825,38.2583,0.0209,-0.0271,-0.0015,0.2692,-0.1191,0.6700,buy
2022-05-26,40.9546,28826700,39.7207,41.1430,39.6359,0.0303,0.0350,0.0149,0.0196,-0.0536,46.3393,0.0232,-0.0229,0.0015,0.5286,0.0968,0.7465,buy
2022-05-27,41.9625,30553300,41.0582,41.9625,41.0206,0.0246,0.0696,0.0218,0.0424,-0.0293,56.7029,0.0238,-0.0177,0.0049,0.7306,0.0599,0.8346,hold
2022-05-31,41.8400,41111500,41.6799,42.1509,41.1148,-0.0029,0.0576,0.0311,0.0361,-0.0310,52.0039,0.0234,-0.0141,0.0069,0.7078,0.3456,1.1298,hold
2022-06-01,41.5480,29885500,42.1697,42.3204,41.0017,-0.0070,0.0586,-0.0065,0.0295,-0.0366,56.8376,0.0215,-0.0117,0.0075,0.6542,-0.2731,0.8330,buy
2022-06-02,42.2356,28727600,41.6234,42.2733,41.3879,0.0165,0.0626,0.0588,0.0405,-0.0193,59.9206,0.0147,-0.0081,0.0086,0.8597,-0.0387,0.8189,sell
2022-06-03,40.8699,33174700,41.5480,41.6799,40.8228,-0.0323,-0.0021,0.0328,0.0037,-0.0491,49.0251,0.0187,-0.0083,0.0072,0.5366,0.1548,0.9732,hold
2022-06-06,40.8228,25437100,41.2655,41.4821,40.5779,-0.0012,-0.0272,0.0406,-0.0014,-0.0469,51.2622,0.0183,-0.0082,0.0059,0.5372,-0.2332,0.7635,hold
2022-06-07,41.0017,25168700,40.5590,41.0582,40.1823,0.0044,-0.0200,0.0364,-0.0005,-0.0394,45.2563,0.0183,-0.0076,0.0051,0.5789,-0.0106,0.7785,sell
2022-06-08,38.8353,59649900,39.7961,39.8055,38.6469,-0.0528,-0.0653,-0.0106,-0.0524,-0.0862,44.0552,0.0255,-0.0119,0.0012,0.0696,1.3700,1.7982,sell
2022-06-09,37.6862,39047200,38.6281,38.9483,37.6862,-0.0296,-0.1077,-0.0519,-0.0758,-0.1086,40.2913,0.0265,-0.0178,-0.0034,-0.0744,-0.3454,1.1794,sell
2022-06-10,36.9044,43066200,37.5355,37.7521,36.9044,-0.0207,-0.0970,-0.0989,-0.0859,-0.1224,38.5329,0.0238,-0.0240,-0.0074,-0.0854,0.1029,1.2994,sell
2022-06-13,35.5763,50335900,36.3110,36.5559,35.4821,-0.0360,-0.1285,-0.1522,-0.1046,-0.1497,32.1217,0.0215,-0.0323,-0.0121,-0.1263,0.1688,1.4779,hold
2022-06-14,35.7270,31351700,35.8023,35.9813,35.3596,0.0042,-0.1286,-0.1461,-0.0868,-0.1423,33.9623,0.0221,-0.0373,-0.0138,-0.0038,-0.3772,0.9121,buy
2022-06-15,36.4052,37652300,36.3204,36.8949,35.7176,0.0190,-0.0626,-0.1238,-0.0570,-0.1219,35.0211,0.0246,-0.0386,-0.0124,0.1281,0.2010,1.0812,sell
2022-06-16,35.1712,45576500,35.5103,35.5951,34.7851,-0.0339,-0.0667,-0.1673,-0.0720,-0.1477,24.1582,0.0231,-0.0440,-0.0135,0.0528,0.2105,1.2895,sell
2022-06-17,34.8227,71393200,35.3031,35.9059,34.4742,-0.0099,-0.0564,-0.1480,-0.0663,-0.1522,16.1001,0.0226,-0.0479,-0.0136,0.0781,0.5664,1.9062,buy
2022-06-21,35.5386,34004900,35.1901,35.8212,35.1618,0.0206,-0.0011,-0.1294,-0.0334,-0.1310,21.6765,0.0250,-0.0474,-0.0111,0.1838,-0.5237,0.9212,sell
2022-06-22,35.2089,32571000,35.1618,35.5763,35.0582,-0.0093,-0.0145,-0.1413,-0.0270,-0.1353,21.6033,0.0243,-0.0484,-0.0094,0.1869,-0.0422,0.8760,hold
2022-06-23,35.2372,30163000,35.4256,35.4350,34.7662,0.0008,-0.0321,-0.0927,-0.0165,-0.1311,16.6816,0.0206,-0.0483,-0.0074,0.2180,-0.0739,0.8109,buy
2022-06-24,36.3675,38159900,35.6516,36.3957,35.5480,0.0321,0.0340,-0.0350,0.0188,-0.1001,28.0734,0.0230,-0.0436,-0.0033,0.3347,0.2651,1.0097,hold
2022-06-27,36.3863,29585300,36.6124,36.7914,36.2356,0.0005,0.0449,-0.0140,0.0208,-0.0963,28.3348,0.0222,-0.0406,-0.0002,0.3541,-0.2247,0.7820,sell
2022-06-28,35.5857,37824200,36.3392,36.7537,35.5480,-0.0220,0.0013,0.0003,-0.0017,-0.1130,25.0650,0.0201,-0.0405,0.0007,0.3026,0.2785,0.9903,sell
2022-06-29,35.1241,25437200,35.3596,35.4161,34.8698,-0.0130,-0.0024,-0.0169,-0.0129,-0.1208,29.7325,0.0205,-0.0407,0.0008,0.2800,-0.3275,0.6799,hold
2022-06-30,35.2372,35141000,35.0488,35.7929,34.5967,0.0032,0.0000,-0.0321,-0.0065,-0.1137,34.9188,0.0193,-0.0397,0.0013,0.3102,0.3815,0.9328,sell
2022-07-01,34.2293,40596300,34.9358,35.0394,33.7960,-0.0286,-0.0588,-0.0268,-0.0324,-0.1344,33.9729,0.0184,-0.0420,0.0002,0.2145,0.1552,1.0609,buy
2022-07-05,34.5590,33215000,33.8431,34.6061,33.4758,0.0096,-0.0502,-0.0076,-0.0223,-0.1217,43.0769,0.0186,-0.0412,0.0004,0.2685,-0.1818,0.8679,buy
2022-07-06,34.8416,26258300,34.6814,35.2466,34.3424,0.0082,-0.0209,-0.0196,-0.0124,-0.1106,44.0806,0.0174,-0.0395,0.0015,0.3162,-0.2094,0.6854,buy
2022-07-07,35.9248,33165400,35.6893,36.1037,35.5386,0.0311,0.0228,0.0203,0.0163,-0.0792,46.9534,0.0200,-0.0344,0.0043,0.5356,0.2630,0.8568,hold
2022-07-08,35.7835,22566300,35.4727,35.9248,35.2183,-0.0039,0.0155,0.0155,0.0107,-0.0796,54.5077,0.0201,-0.0314,0.0059,0.5506,-0.3196,0.6123,sell
2022-07-11,35.0394,25904300,35.4727,35.4821,34.8793,-0.0208,0.0237,-0.0365,-0.0066,-0.0954,51.5072,0.0180,-0.0309,0.0058,0.3362,0.1479,0.7156,hold
2022-07-12,35.0488,30546300,35.4632,35.5103,34.8416,0.0003,0.0142,-0.0368,-0.0025,-0.0911,46.2209,0.0180,-0.0296,0.0057,0.3563,0.1792,0.8587,hold
2022-07-13,35.0488,27059200,34.5496,35.2560,34.4931,0.0000,0.0059,-0.0151,-0.0010,-0.0884,48.6983,0.0168,-0.0282,0.0056,0.3681,-0.1142,0.7864,buy
2022-07-14,35.5198,36690700,34.8416,35.9436,34.1822,0.0134,-0.0113,0.0113,0.0113,-0.0730,52.1428,0.0169,-0.0254,0.0064,0.5699,0.3559,1.0581,buy
2022-07-15,36.3769,32892300,36.0472,36.4240,35.5386,0.0241,0.0166,0.0323,0.0323,-0.0478,50.0745,0.0184,-0.0208,0.0082,0.9336,-0.1035,0.9551,hold
2022-07-18,36.4617,30814400,36.8290,37.0551,36.2921,0.0023,0.0406,0.0652,0.0282,-0.0420,50.5900,0.0146,-0.0172,0.0094,0.9092,-0.0632,0.9144,buy
2022-07-19,37.8840,53095300,37.0362,38.3643,36.9609,0.0390,0.0809,0.0962,0.0584,-0.0025,66.3979,0.0179,-0.0107,0.0119,1.1992,0.7231,1.6195,buy
2022-07-20,38.2042,36387900,37.8745,38.3078,37.2623,0.0085,0.0900,0.0965,0.0574,0.0078,72.4280,0.0179,-0.0052,0.0137,1.1158,-0.3147,1.1059,hold
2022-07-21,38.2513,29661200,38.1571,38.2890,37.5072,0.0012,0.0769,0.0648,0.0520,0.0103,72.1606,0.0163,-0.0009,0.0145,1.0183,-0.1849,0.9055,sell
2022-07-22,36.9232,41350000,38.0253,38.1571,36.6783,-0.0347,0.0150,0.0319,0.0123,-0.0224,68.9154,0.0208,-0.0003,0.0125,0.7102,0.3941,1.2411,hold
2022-07-25,36.8855,32263400,36.9986,37.1210,36.3110,-0.0010,0.0116,0.0527,0.0061,-0.0217,67.0345,0.0191,0.0002,0.0104,0.6940,-0.2197,0.9770,hold
2022-07-26,36.6972,35925500,36.8290,37.2717,36.6218,-0.0051,-0.0313,0.0470,-0.0035,-0.0248,63.7762,0.0193,0.0001,0.0083,0.6500,0.1135,1.0776,buy
2022-07-27,37.8463,42571600,36.9891,38.0723,36.9515,0.0313,-0.0094,0.0798,0.0200,0.0075,64.1274,0.0210,0.0025,0.0083,0.8480,0.1850,1.2679,sell
2022-07-28,37.4036,56662300,37.7615,37.7898,36.7725,-0.0117,-0.0222,0.0530,0.0030,-0.0026,61.4058,0.0217,0.0034,0.0075,0.7354,0.3310,1.6125,sell
2022-07-29,34.2011,125292400,33.5323,34.4931,33.1932,-0.0856,-0.0737,-0.0598,-0.0775,-0.0843,45.6157,0.0349,-0.0030,0.0012,0.1327,1.2112,3.1603,buy
2022-08-01,34.8133,52513400,33.9562,35.5009,33.9562,0.0179,-0.0562,-0.0452,-0.0568,-0.0653,48.8415,0.0356,-0.0067,-0.0021,0.2345,-0.5809,1.3049,sell
2022-08-02,33.9185,53929400,34.4648,34.5307,33.9091,-0.0257,-0.0757,-0.1047,-0.0711,-0.0866,44.8893,0.0327,-0.0119,-0.0058,0.0835,0.0270,1.3065,buy
2022-08-03,34.3989,59513900,33.9938,34.4648,33.2120,0.0142,-0.0911,-0.0996,-0.0480,-0.0712,44.9361,0.0331,-0.0144,-0.0067,0.1833,0.1036,1.3860,sell
2022-08-04,33.9279,54046300,34.2609,34.3465,33.6425,-0.0137,-0.0929,-0.1130,-0.0497,-0.0812,38.5362,0.0329,-0.0176,-0.0078,0.1382,-0.0919,1.2288,hold
2022-08-05,33.6710,40205100,33.6330,33.9565,33.4712,-0.0076,-0.0155,-0.0881,-0.0482,-0.0854,37.1440,0.0319,-0.0205,-0.0086,0.1355,-0.2561,0.8961,hold
2022-08-08,33.6615,41534600,33.6425,34.2133,33.4903,-0.0003,-0.0331,-0.0874,-0.0397,-0.0826,27.6369,0.0319,-0.0225,-0.0084,0.1606,0.0331,0.9099,sell
2022-08-09,32.8433,48202300,33.5093,33.5854,32.7291,-0.0243,-0.0317,-0.1050,-0.0526,-0.1009,23.0298,0.0322,-0.0264,-0.0096,0.0841,0.1605,1.0359,buy
2022-08-10,33.6520,42243300,33.2905,33.6805,32.9099,0.0246,-0.0217,-0.1108,-0.0174,-0.0746,28.5084,0.0313,-0.0261,-0.0077,0.2190,-0.1236,0.8933,hold
2022-08-11,33.8613,35569700,33.9089,34.5273,33.7662,0.0062,-0.0020,-0.0947,-0.0010,-0.0647,34.0217,0.0318,-0.0254,-0.0057,0.2655,-0.1580,0.7531,buy
2022-08-12,34.3561,37675200,34.0611,34.3846,33.9374,0.0146,0.0203,0.0045,0.0131,-0.0472,37.4012,0.0179,-0.0232,-0.0030,0.3469,0.0592,0.7936,buy
2022-08-15,34.5749,25400600,34.3465,34.6605,33.9755,0.0064,0.0271,-0.0068,0.0203,-0.0371,39.4614,0.0170,-0.0209,-0.0007,0.3889,-0.3258,0.5381,hold
2022-08-16,34.4322,25000200,34.4036,34.8032,33.9660,-0.0041,0.0484,0.0151,0.0146,-0.0376,31.1636,0.0146,-0.0193,0.0008,0.3878,-0.0158,0.5459,sell
2022-08-17,34.0421,29176100,34.0706,34.3275,33.5569,-0.0113,0.0116,-0.0104,0.0041,-0.0449,31.3456,0.0144,-0.0189,0.0011,0.3512,0.1670,0.6421,buy
2022-08-18,34.4417,24598200,33.9469,34.5654,33.8423,0.0117,0.0171,0.0151,0.0144,-0.0301,51.9383,0.0142,-0.0171,0.0022,0.4337,-0.1569,0.5444,sell
2022-08-19,33.6615,31425500,34.0611,34.2799,33.4807,-0.0227,-0.0202,-0.0003,-0.0086,-0.0493,40.9662,0.0159,-0.0178,0.0015,0.3195,0.2776,0.7032,sell
2022-08-22,32.1963,51006100,33.3000,33.3571,32.0917,-0.0435,-0.0688,-0.0435,-0.0476,-0.0879,37.6019,0.0211,-0.0224,-0.0017,0.0984,0.6231,1.1180,hold
2022-08-23,32.3010,30687100,32.3295,32.7196,32.2629,0.0033,-0.0619,-0.0165,-0.0430,-0.0825,34.0333,0.0199,-0.0247,-0.0033,0.1491,-0.3984,0.6765,hold
2022-08-24,32.2153,25105700,32.3200,32.3390,31.9680,-0.0027,-0.0537,-0.0427,-0.0414,-0.0832,36.1538,0.0177,-0.0265,-0.0041,0.1215,-0.1819,0.5643,buy
2022-08-25,33.1953,29799100,32.2249,33.2334,32.1773,0.0304,-0.0362,-0.0197,-0.0103,-0.0539,46.5565,0.0207,-0.0245,-0.0021,0.3349,0.1869,0.6907,sell
2022-08-26,31.7396,44851500,33.2524,33.3285,31.7301,-0.0439,-0.0571,-0.0762,-0.0463,-0.0930,38.4966,0.0236,-0.0279,-0.0036,-0.0171,0.5051,1.1464,sell
2022-08-29,31.3400,32976800,31.6159,31.7872,31.2163,-0.0126,-0.0266,-0.0936,-0.0490,-0.1025,40.5276,0.0231,-0.0308,-0.0050,-0.0303,-0.2648,0.8645,sell
2022-08-30,30.6931,40182500,31.4352,31.4637,30.5884,-0.0206,-0.0498,-0.1086,-0.0580,-0.1189,30.9670,0.0233,-0.0348,-0.0068,-0.0598,0.2185,1.0727,sell
2022-08-31,30.3696,44074500,30.8167,30.8167,30.2269,-0.0105,-0.0573,-0.1079,-0.0573,-0.1256,27.8649,0.0233,-0.0383,-0.0079,-0.0245,0.0969,1.2013,hold
2022-09-01,30.2173,36440700,30.0366,30.2839,29.6179,-0.0050,-0.0897,-0.1227,-0.0496,-0.1275,22.5725,0.0220,-0.0409,-0.0083,0.0295,-0.1732,1.0177,sell
2022-09-02,29.7036,34893300,30.6455,30.8072,29.5513,-0.0170,-0.0641,-0.1176,-0.0539,-0.1396,18.9321,0.0218,-0.0444,-0.0090,0.0250,-0.0425,0.9817,sell
2022-09-06,28.8853,46989600,29.8653,29.8653,28.8568,-0.0275,-0.0783,-0.1028,-0.0702,-0.1596,17.4302,0.0197,-0.0497,-0.0106,-0.0050,0.3467,1.3120,buy
2022-09-07,29.1613,37329500,28.9424,29.2945,28.5904,0.0096,-0.0499,-0.0972,-0.0517,-0.1480,20.9513,0.0203,-0.0510,-0.0099,0.0934,-0.2056,1.0584,hold
2022-09-08,29.2564,37359500,28.8949,29.3515,28.4572,0.0033,-0.0367,-0.0918,-0.0394,-0.1421,17.9789,0.0206,-0.0514,-0.0083,0.1499,0.0008,1.0666,buy
2022-09-09,29.9319,34069500,29.6750,29.9700,29.5704,0.0231,-0.0094,-0.0983,-0.0066,-0.1196,26.6667,0.0192,-0.0483,-0.0050,0.2603,-0.0881,0.9747,hold
2022-09-12,30.0271,38305500,30.1983,30.3125,29.5894,0.0032,0.0109,-0.0540,0.0023,-0.1140,33.6207,0.0153,-0.0459,-0.0021,0.2940,0.1243,1.0950,sell
2022-09-13,27.8673,71417900,29.3325,29.4277,27.8293,-0.0719,-0.0352,-0.1108,-0.0589,-0.1747,24.4518,0.0261,-0.0531,-0.0047,0.0672,0.8644,1.9155,hold
2022-09-14,27.7627,40767200,28.1147,28.3240,27.6009,-0.0038,-0.0480,-0.0955,-0.0531,-0.1744,24.3983,0.0260,-0.0559,-0.0059,0.0969,-0.4292,1.0708,sell
2022-09-15,27.4392,39919100,27.7341,27.9815,27.3155,-0.0117,-0.0621,-0.0965,-0.0546,-0.1805,14.2012,0.0260,-0.0588,-0.0066,0.0994,-0.0208,1.0339,buy
2022-09-16,27.8197,72748000,27.3060,27.8959,27.0396,0.0139,-0.0706,-0.0793,-0.0335,-0.1651,21.8579,0.0271,-0.0581,-0.0053,0.1685,0.8224,1.7736,hold
2022-09-19,28.0100,33151900,27.6104,28.0671,27.4963,0.0068,-0.0672,-0.0570,-0.0212,-0.1554,25.3521,0.0272,-0.0565,-0.0033,0.2147,-0.5443,0.8065,sell
2022-09-20,27.5533,31129000,27.6580,27.7531,27.3155,-0.0163,-0.0113,-0.0461,-0.0326,-0.1654,26.0870,0.0264,-0.0572,-0.0024,0.1830,-0.0610,0.7761,sell
2022-09-21,27.0871,39977300,27.7341,28.1527,27.0776,-0.0169,-0.0243,-0.0711,-0.0420,-0.1755,25.5319,0.0262,-0.0587,-0.0024,0.1521,0.2842,0.9853,sell
2022-09-22,26.7066,36092700,27.0205,27.1157,26.6780,-0.0140,-0.0267,-0.0872,-0.0469,-0.1830,24.6914,0.0260,-0.0604,-0.0026,0.1340,-0.0972,0.8777,sell
2022-09-23,26.1833,43491100,26.5448,26.5448,25.8693,-0.0196,-0.0588,-0.1252,-0.0529,-0.1944,24.6575,0.0236,-0.0632,-0.0034,0.0748,0.2050,1.0402,sell
2022-09-26,25.6600,44786400,26.2213,26.3545,25.5553,-0.0200,-0.0839,-0.1454,-0.0569,-0.2052,25.7511,0.0229,-0.0666,-0.0045,0.0424,0.0298,1.0713,hold
2022-09-27,25.5839,44121400,26.0691,26.2594,25.3270,-0.0030,-0.0715,-0.0819,-0.0518,-0.2022,22.2714,0.0116,-0.0680,-0.0046,0.0744,-0.0148,1.0415,buy
2022-09-28,25.8122,40433400,25.5554,25.9550,25.3080,0.0089,-0.0471,-0.0703,-0.0363,-0.1890,23.8439,0.0128,-0.0668,-0.0032,0.1457,-0.0836,0.9542,sell
2022-09-29,25.0987,41831300,25.4792,25.4792,24.9179,-0.0276,-0.0602,-0.0853,-0.0547,-0.2049,13.5058,0.0143,-0.0698,-0.0034,0.0831,0.0346,0.9898,sell
2022-09-30,24.5183,43821000,25.0225,25.2794,24.4897,-0.0231,-0.0636,-0.1187,-0.0649,-0.2164,11.2450,0.0125,-0.0733,-0.0043,0.0514,0.0476,1.0279,buy
2022-10-03,25.6600,44096200,25.0511,25.9264,24.8037,0.0466,0.0000,-0.0839,-0.0126,-0.1740,31.8750,0.0220,-0.0671,-0.0010,0.2479,0.0063,1.0233,buy
2022-10-04,26.3546,42427500,26.0977,26.4497,25.7742,0.0271,0.0301,-0.0435,0.0189,-0.1459,39.4587,0.0245,-0.0603,0.0033,0.3715,-0.0378,0.9898,hold
2022-10-05,26.2975,30120000,26.0406,26.4877,25.5839,-0.0022,0.0188,-0.0292,0.0198,-0.1419,41.0979,0.0240,-0.0559,0.0063,0.3805,-0.2901,0.7087,sell
2022-10-06,25.8598,33985100,26.1072,26.4116,25.6885,-0.0166,0.0303,-0.0317,0.0061,-0.1496,34.8529,0.0242,-0.0540,0.0074,0.3288,0.1283,0.8028,sell
2022-10-07,24.4707,57215500,24.8989,25.0035,24.4041,-0.0537,-0.0019,-0.0654,-0.0416,-0.1883,26.9231,0.0288,-0.0585,0.0051,0.1124,0.6835,1.3155,sell
2022-10-10,23.9760,43409300,24.6800,24.7276,23.8713,-0.0202,-0.0656,-0.0656,-0.0547,-0.1993,26.7901,0.0288,-0.0619,0.0024,0.0295,-0.2413,0.9923,hold
2022-10-11,23.8238,48134900,23.7952,24.2424,23.4908,-0.0063,-0.0960,-0.0688,-0.0541,-0.1985,27.9280,0.0288,-0.0638,0.0007,0.0603,0.1089,1.1304,buy
2022-10-12,24.0997,39634100,23.8333,24.2804,23.4622,0.0116,-0.0836,-0.0663,-0.0366,-0.1838,32.1149,0.0289,-0.0626,0.0010,0.1521,-0.1766,0.9320,buy
2022-10-13,25.1367,62447000,23.5288,25.5363,23.3956,0.0430,-0.0280,0.0015,0.0047,-0.1433,43.2927,0.0317,-0.0557,0.0042,0.3704,0.5756,1.4305,sell
2022-10-14,24.6515,48185400,25.1748,25.3365,24.5088,-0.0193,0.0074,0.0054,-0.0152,-0.1545,43.5049,0.0314,-0.0542,0.0055,0.2931,-0.2284,1.1358,buy
2022-10-17,25.1367,39416500,25.0321,25.4507,24.8989,0.0197,0.0484,-0.0204,0.0062,-0.1328,47.2643,0.0280,-0.0491,0.0076,0.4167,-0.1820,0.9223,sell
2022-10-18,24.6134,51126900,25.4412,25.6505,24.2995,-0.0208,0.0331,-0.0661,-0.0078,-0.1455,42.9213,0.0266,-0.0480,0.0079,0.3066,0.2971,1.1689,hold
2022-10-19,24.7371,33882300,24.4897,24.9750,24.4422,0.0050,0.0265,-0.0593,0.0035,-0.1364,47.7053,0.0268,-0.0451,0.0084,0.3577,-0.3373,0.7801,hold
2022-10-20,24.8132,33247700,24.8798,25.6410,24.6895,0.0031,-0.0129,-0.0405,0.0109,-0.1283,52.0000,0.0267,-0.0422,0.0089,0.3996,-0.0187,0.7680,buy
2022-10-21,25.6600,53058700,24.5944,25.7361,24.5373,0.0341,0.0409,0.0486,0.0403,-0.0934,50.0000,0.0226,-0.0356,0.0111,0.6885,0.5959,1.2122,buy
2022-10-24,25.8598,43831600,25.4507,26.1452,25.2319,0.0078,0.0288,0.0786,0.0405,-0.0808,46.2428,0.0207,-0.0302,0.0129,0.7491,-0.1739,1.0025,buy
2022-10-25,26.0786,32205300,25.8598,26.2213,25.6886,0.0085,0.0595,0.0946,0.0399,-0.0674,48.3780,0.0201,-0.0250,0.0142,0.8037,-0.2652,0.7468,sell
2022-10-26,25.8883,37111100,25.8693,26.4497,25.6790,-0.0073,0.0465,0.0742,0.0250,-0.0685,50.2196,0.0208,-0.0216,0.0143,0.7402,0.1523,0.8639,sell
2022-10-27,24.9940,56305100,26.1167,26.2499,24.8608,-0.0345,0.0073,-0.0057,-0.0099,-0.0948,54.3582,0.0205,-0.0220,0.0121,0.4561,0.5172,1.2889,buy
2022-10-28,27.6580,91695700,26.8112,27.8007,26.5068,0.1066,0.0779,0.1220,0.0828,0.0066,72.5262,0.0384,-0.0118,0.0153,1.1234,0.6286,1.9901,sell
2022-10-31,27.0491,59507700,27.6675,27.7627,26.6875,-0.0220,0.0460,0.0761,0.0511,-0.0108,68.6880,0.0397,-0.0072,0.0164,0.9119,-0.3510,1.2702,hold
2022-11-01,26.9254,44418700,27.4011,27.4487,26.5353,-0.0046,0.0325,0.0939,0.0369,-0.0115,66.6667,0.0387,-0.0036,0.0160,0.8619,-0.2536,0.9461,sell
2022-11-02,26.0882,51956100,26.8969,27.4487,26.0786,-0.0311,0.0077,0.0546,-0.0005,-0.0378,55.7472,0.0409,-0.0034,0.0135,0.6688,0.1697,1.0815,hold
2022-11-03,26.0596,39678200,26.1167,26.5258,25.8503,-0.0011,0.0426,0.0502,-0.0063,-0.0345,59.0025,0.0409,-0.0032,0.0110,0.6588,-0.2363,0.8211,buy
2022-11-04,27.1926,43051900,26.5851,27.2312,26.4309,0.0435,-0.0168,0.0597,0.0308,0.0120,62.1386,0.0417,0.0005,0.0112,0.8762,0.0850,0.9042,hold
2022-11-07,27.3951,34389800,27.3469,27.4530,26.8937,0.0074,0.0128,0.0594,0.0325,0.0228,67.0703,0.0417,0.0038,0.0116,0.8790,-0.2012,0.7291,hold
2022-11-08,27.4626,36258000,27.7326,27.9158,26.9323,0.0025,0.0200,0.0531,0.0297,0.0283,66.8417,0.0417,0.0065,0.0115,0.8613,0.0543,0.7786,sell
2022-11-09,26.5369,30544800,27.2119,27.2891,26.5369,-0.0337,0.0172,0.0251,-0.0075,-0.0032,59.6391,0.0435,0.0061,0.0090,0.6319,-0.1576,0.6623,buy
2022-11-10,28.6969,62943900,27.8483,28.7644,27.6266,0.0814,0.1012,0.1482,0.0587,0.0793,64.8079,0.0475,0.0112,0.0110,1.0408,1.0607,1.3642,buy
2022-11-11,29.3430,49826500,27.8966,29.5358,27.8387,0.0225,0.0791,0.0609,0.0758,0.1043,66.2755,0.0354,0.0168,0.0133,1.0612,-0.2084,1.0780,hold
2022-11-14,29.2658,39395300,29.2562,29.8830,29.1019,-0.0026,0.0683,0.0820,0.0643,0.1018,65.0924,0.0342,0.0210,0.0140,0.9676,-0.2094,0.8523,buy
2022-11-15,29.6130,40933200,29.9890,30.2205,29.0923,0.0119,0.0783,0.0998,0.0665,0.1142,67.3791,0.0339,0.0247,0.0142,0.9627,0.0390,0.8955,sell
2022-11-16,28.4751,35582800,29.0344,29.1501,28.3883,-0.0384,0.0730,0.0915,0.0168,0.0720,65.8820,0.0349,0.0254,0.0116,0.7475,-0.1307,0.7770,buy
2022-11-17,28.8223,31983300,28.0316,28.8801,27.9641,0.0122,0.0044,0.1060,0.0192,0.0854,56.7357,0.0347,0.0255,0.0096,0.7829,-0.1012,0.6993,hold
2022-11-18,28.8030,27122200,29.1790,29.1790,28.5523,-0.0007,-0.0184,0.0592,0.0127,0.0856,60.8899,0.0329,0.0256,0.0077,0.7533,-0.1520,0.6104,sell
2022-11-21,27.9062,36086800,28.6005,28.6583,27.8773,-0.0311,-0.0465,0.0187,-0.0206,0.0535,55.5563,0.0349,0.0236,0.0040,0.5741,0.3305,0.8192,buy
2022-11-22,28.7548,25584100,28.0991,28.7933,28.0219,0.0304,-0.0290,0.0471,0.0046,0.0848,65.0874,0.0360,0.0228,0.0031,0.7113,-0.2910,0.5852,hold
2022-11-23,28.6101,23143900,28.6680,29.0055,28.4366,-0.0050,0.0047,0.0781,-0.0076,0.0786,64.2434,0.0336,0.0222,0.0019,0.6643,-0.0954,0.5380,sell
2022-11-25,28.2919,11314900,28.6198,28.6198,28.2919,-0.0111,-0.0184,-0.0141,-0.0173,0.0659,56.7536,0.0219,0.0207,0.0002,0.5799,-0.5111,0.2775,sell
2022-11-28,27.7037,28267900,28.0605,28.1473,27.5205,-0.0208,-0.0382,-0.0559,-0.0322,0.0439,51.8100,0.0209,0.0178,-0.0025,0.4429,1.4983,0.7518,hold
2022-11-29,27.8676,24361500,27.8194,28.1376,27.7133,0.0059,-0.0014,-0.0478,-0.0217,0.0502,52.3490,0.0212,0.0154,-0.0039,0.4709,-0.1382,0.6797,buy
2022-11-30,28.9958,72072500,27.7423,29.0055,27.2119,0.0405,0.0084,-0.0208,0.0202,0.0915,63.9344,0.0253,0.0160,-0.0020,0.7151,1.9585,1.9361,sell
2022-12-01,28.7644,38896300,29.1598,29.3912,28.4655,-0.0080,0.0054,0.0102,0.0110,0.0814,50.4895,0.0220,0.0162,-0.0015,0.6421,-0.4603,1.0636,sell
2022-12-02,28.3594,31546000,28.1280,28.3787,27.6844,-0.0141,0.0024,-0.0161,-0.0016,0.0649,42.6087,0.0221,0.0152,-0.0022,0.5052,-0.1890,0.8723,sell
2022-12-05,28.1280,34040400,28.3691,28.6873,27.8580,-0.0082,0.0153,-0.0234,-0.0074,0.0546,41.6431,0.0222,0.0136,-0.0032,0.4126,0.0791,0.9531,sell
2022-12-06,27.5783,27701200,28.1473,28.2630,27.3276,-0.0195,-0.0104,-0.0117,-0.0257,0.0325,35.4883,0.0208,0.0106,-0.0052,0.2217,-0.1862,0.7830,sell
2022-12-07,27.3180,28239900,27.2698,27.5301,27.1444,-0.0094,-0.0579,-0.0500,-0.0300,0.0215,40.5660,0.0177,0.0073,-0.0069,0.1409,0.0194,0.8073,hold
2022-12-08,27.4241,28486100,27.3083,27.5783,27.0673,0.0039,-0.0466,-0.0415,-0.0221,0.0242,38.1342,0.0179,0.0049,-0.0075,0.1119,0.0087,0.8168,sell
2022-12-09,27.2312,25641300,27.3758,27.7519,27.1830,-0.0070,-0.0398,-0.0375,-0.0253,0.0154,37.0429,0.0177,0.0024,-0.0080,0.0967,-0.0999,0.7767,buy
2022-12-12,27.6651,35117900,27.1251,27.6844,26.8648,0.0159,-0.0165,-0.0014,-0.0096,0.0291,47.8485,0.0176,0.0016,-0.0069,0.2737,0.3696,1.0881,hold
2022-12-13,27.7037,58546800,28.7258,29.0151,27.3566,0.0014,0.0045,-0.0059,-0.0076,0.0290,39.0342,0.0175,0.0011,-0.0059,0.3081,0.6671,1.7617,sell
2022-12-14,27.2505,37141100,27.4916,28.0798,27.0094,-0.0164,-0.0025,-0.0602,-0.0177,0.0115,36.6729,0.0106,-0.0006,-0.0062,0.1470,-0.3656,1.1240,sell
2022-12-15,26.1801,45682700,26.9419,26.9998,26.1512,-0.0393,-0.0454,-0.0898,-0.0474,-0.0281,31.9605,0.0149,-0.0053,-0.0089,-0.1222,0.2300,1.3617,sell
2022-12-16,25.9584,81104200,26.0355,26.1705,25.5051,-0.0085,-0.0467,-0.0847,-0.0472,-0.0365,34.0949,0.0148,-0.0096,-0.0106,-0.0707,0.7754,2.2526,sell
2022-12-19,25.8330,37662500,25.9391,26.0066,25.5534,-0.0048,-0.0662,-0.0816,-0.0437,-0.0421,31.3275,0.0149,-0.0133,-0.0115,-0.0140,-0.5356,1.0309,sell
2022-12-20,25.4955,31863300,25.5919,25.9101,25.4762,-0.0131,-0.0797,-0.0755,-0.0489,-0.0557,12.4224,0.0145,-0.0173,-0.0123,-0.0060,-0.1540,0.8773,buy
2022-12-21,25.8716,28100900,25.6401,26.0066,25.6305,0.0148,-0.0506,-0.0529,-0.0296,-0.0432,19.8795,0.0161,-0.0187,-0.0110,0.1308,-0.1181,0.7710,sell
2022-12-22,25.0423,47478300,25.5052,25.5052,24.4444,-0.0321,-0.0435,-0.0868,-0.0523,-0.0745,18.2657,0.0177,-0.0230,-0.0121,0.0147,0.6896,1.2606,hold
2022-12-23,25.1580,23600900,24.9941,25.2544,24.7627,0.0046,-0.0308,-0.0761,-0.0404,-0.0702,20.9434,0.0183,-0.0251,-0.0114,0.0969,-0.5029,0.6166,sell
2022-12-27,25.0134,29548100,24.9266,25.1677,24.7337,-0.0057,-0.0317,-0.0959,-0.0361,-0.0758,22.7459,0.0163,-0.0272,-0.0107,0.1188,0.2520,0.7707,sell
2022-12-28,24.6277,26176900,24.9169,25.1869,24.5891,-0.0154,-0.0340,-0.1110,-0.0396,-0.0897,22.1557,0.0159,-0.0302,-0.0107,0.1000,-0.1141,0.6811,buy
2022-12-29,25.2737,30944800,24.8494,25.3509,24.8302,0.0262,-0.0231,-0.0725,-0.0067,-0.0663,29.9820,0.0197,-0.0289,-0.0080,0.2418,0.1821,0.8507,buy
2022-12-30,25.4859,31030100,24.9748,25.5148,24.8784,0.0084,0.0177,-0.0265,0.0043,-0.0590,33.8104,0.0167,-0.0273,-0.0052,0.3021,0.0028,0.8624,buy
2023-01-03,25.7751,31308000,26.0837,26.1030,25.4280,0.0114,0.0245,-0.0071,0.0165,-0.0490,31.9853,0.0170,-0.0248,-0.0023,0.3816,0.0090,0.8704,buy
2023-01-04,26.6912,37665200,26.4309,26.9226,26.1898,0.0355,0.0671,0.0332,0.0490,-0.0159,41.7323,0.0204,-0.0192,0.0020,0.6124,0.2031,1.0419,hold
2023-01-05,26.5755,33552600,26.4598,26.7876,26.4019,-0.0043,0.0791,0.0424,0.0401,-0.0207,44.1667,0.0198,-0.0157,0.0044,0.6009,-0.1092,0.9206,buy
2023-01-06,27.7037,31788600,26.9323,27.8001,26.4019,0.0425,0.0961,0.0708,0.0765,0.0196,63.0363,0.0231,-0.0089,0.0083,0.8728,-0.0526,0.8680,buy
2023-01-09,28.2630,37493200,27.8098,28.8030,27.8098,0.0202,0.1090,0.1286,0.0847,0.0384,68.6428,0.0187,-0.0024,0.0116,0.9690,0.1795,1.0114,hold
2023-01-10,28.3883,23008100,28.1955,28.4558,27.8869,0.0044,0.1014,0.1284,0.0761,0.0404,70.6708,0.0187,0.0030,0.0135,0.9497,-0.3863,0.6228,buy
2023-01-11,28.7837,30375400,28.6198,28.8126,27.9641,0.0139,0.0784,0.1507,0.0758,0.0540,76.3524,0.0176,0.0081,0.0148,0.9842,0.3202,0.8276,buy
2023-01-12,29.2080,28963900,28.9090,29.2948,28.4173,0.0147,0.0991,0.1860,0.0732,0.0679,76.5338,0.0142,0.0131,0.0158,1.0039,-0.0465,0.8223,sell
2023-01-13,29.0344,31361900,28.8994,29.0923,28.7451,-0.0059,0.0480,0.1488,0.0523,0.0599,85.4452,0.0155,0.0165,0.0154,0.9227,0.0828,0.8977,sell
2023-01-17,28.5426,34759100,29.1019,29.1790,28.4655,-0.0169,0.0099,0.1199,0.0232,0.0401,78.1701,0.0184,0.0180,0.0134,0.8070,0.1083,1.0108,sell
2023-01-18,27.7808,44199600,28.7355,28.7548,27.6073,-0.0267,-0.0214,0.0778,-0.0113,0.0111,70.8879,0.0220,0.0170,0.0098,0.6684,0.2716,1.3581,sell
2023-01-19,27.4048,36886600,27.5880,27.7326,27.2312,-0.0135,-0.0479,0.0267,-0.0271,-0.0028,70.9913,0.0205,0.0147,0.0060,0.5962,-0.1655,1.1348,buy
2023-01-20,28.1762,35158500,27.4048,28.1858,27.2408,0.0281,-0.0353,0.0602,-0.0054,0.0247,71.5308,0.0218,0.0144,0.0048,0.6991,-0.0468,1.0762,buy
2023-01-23,29.1887,38795800,28.2823,29.4008,28.1376,0.0359,0.0053,0.0536,0.0250,0.0602,74.5524,0.0207,0.0167,0.0059,0.8237,0.1035,1.1684,sell
2023-01-24,28.8512,24855100,28.8705,29.1115,28.6680,-0.0116,0.0108,0.0208,0.0110,0.0462,70.2668,0.0206,0.0179,0.0056,0.7466,-0.3593,0.7749,sell
2023-01-25,28.6390,28268000,28.4655,28.8223,28.1280,-0.0074,0.0309,0.0088,0.0027,0.0385,64.1457,0.0208,0.0180,0.0045,0.6923,0.1373,0.8750,buy
2023-01-26,29.0151,56088100,28.9862,29.0344,28.2823,0.0131,0.0588,0.0080,0.0151,0.0524,67.0715,0.0207,0.0186,0.0042,0.7334,0.9842,1.6676,sell
2023-01-27,27.1541,148548200,26.1030,27.2312,25.8234,-0.0641,-0.0363,-0.0703,-0.0432,-0.0136,46.5116,0.0285,0.0149,-0.0004,0.3723,1.6485,3.7368,hold
2023-01-30,26.9516,55145800,26.7298,27.4916,26.6816,-0.0075,-0.0766,-0.0717,-0.0433,-0.0190,41.2821,0.0285,0.0103,-0.0041,0.2946,-0.6288,1.3462,buy
2023-01-31,27.2505,52621600,26.7876,27.2794,26.5466,0.0111,-0.0555,-0.0453,-0.0282,-0.0073,42.6065,0.0288,0.0073,-0.0055,0.3195,-0.0458,1.2516,buy
2023-02-01,28.0316,63330600,26.8937,28.3787,26.6912,0.0287,-0.0212,0.0090,-0.0012,0.0218,45.3460,0.0293,0.0070,-0.0044,0.4853,0.2035,1.4511,buy
2023-02-02,29.1115,62230700,28.2051,29.2176,27.7712,0.0385,0.0033,0.0623,0.0310,0.0609,49.4481,0.0309,0.0096,-0.0011,0.7793,-0.0174,1.3869,hold
2023-02-03,29.2369,57603100,28.5619,30.0565,28.4751,0.0043,0.0767,0.0376,0.0315,0.0644,51.1654,0.0300,0.0120,0.0011,0.8010,-0.0744,1.2502,sell
2023-02-06,28.0022,48726400,28.8416,28.9392,27.9241,-0.0422,0.0390,-0.0406,-0.0079,0.0200,47.1350,0.0310,0.0109,-0.0004,0.3820,-0.1541,1.0385,buy
2023-02-07,28.3536,50780800,27.9632,28.5683,27.7485,0.0125,0.0405,-0.0172,0.0064,0.0330,53.1747,0.0312,0.0103,-0.0007,0.4994,0.0422,1.0672,sell
2023-02-08,27.5630,36479100,28.2560,28.4219,27.5337,-0.0279,-0.0167,-0.0376,-0.0180,0.0048,50.8386,0.0323,0.0079,-0.0027,0.2525,-0.2816,0.7559,sell
2023-02-09,27.0652,43906400,27.9925,28.1291,26.9091,-0.0181,-0.0703,-0.0672,-0.0289,-0.0129,43.9368,0.0320,0.0043,-0.0052,0.1361,0.2036,0.8972,hold
2023-02-10,27.1336,31232500,26.9676,27.3190,26.6846,0.0025,-0.0719,-0.0008,-0.0264,-0.0099,37.4952,0.0248,0.0015,-0.0064,0.1902,-0.2887,0.6368,buy
2023-02-13,27.8656,32347500,27.2019,27.8656,27.0555,0.0270,-0.0049,0.0339,-0.0034,0.0177,44.2776,0.0260,0.0014,-0.0050,0.4351,0.0357,0.6588,hold
2023-02-14,27.9534,27928900,27.6997,28.0315,27.3190,0.0032,-0.0141,0.0258,-0.0028,0.0215,45.9610,0.0259,0.0016,-0.0038,0.4728,-0.1366,0.5728,hold
2023-02-15,28.1584,23359400,27.6801,28.1877,27.4849,0.0073,0.0216,0.0045,0.0041,0.0291,44.8492,0.0244,0.0023,-0.0025,0.5338,-0.1636,0.4896,sell
2023-02-16,27.5240,28972500,27.8168,28.1389,27.4556,-0.0225,0.0169,-0.0545,-0.0130,0.0064,52.6088,0.0213,0.0011,-0.0031,0.3226,0.2403,0.6123,sell
2023-02-17,26.9481,32086200,27.3288,27.3971,26.7236,-0.0209,-0.0068,-0.0783,-0.0256,-0.0142,49.9769,0.0215,-0.0016,-0.0047,0.1697,0.1075,0.6803,sell
2023-02-21,25.4353,63668400,26.4601,26.6163,25.4158,-0.0561,-0.0872,-0.0917,-0.0717,-0.0683,39.5402,0.0242,-0.0087,-0.0096,-0.1377,0.9843,1.3152,sell
2023-02-22,24.8594,89195300,25.2889,26.2551,24.6935,-0.0226,-0.1107,-0.1232,-0.0810,-0.0877,31.2784,0.0233,-0.0163,-0.0137,-0.1210,0.4009,1.7277,hold
2023-02-23,24.9961,56473200,25.1620,25.4548,24.7130,0.0055,-0.1123,-0.0931,-0.0671,-0.0811,22.6673,0.0232,-0.0213,-0.0150,0.0028,-0.3669,1.0648,sell
2023-02-24,24.5373,44089900,24.6154,24.7423,24.3226,-0.0184,-0.1085,-0.0934,-0.0755,-0.0959,20.1117,0.0233,-0.0271,-0.0165,-0.0039,-0.2193,0.8408,sell
2023-02-27,24.3031,37657000,24.9375,24.9668,24.2836,-0.0095,-0.0982,-0.1043,-0.0745,-0.1023,23.0441,0.0229,-0.0320,-0.0171,0.0321,-0.1459,0.8031,hold
2023-02-28,24.3324,50255300,24.3421,24.5178,24.1372,0.0012,-0.0434,-0.1268,-0.0607,-0.0993,19.2537,0.0193,-0.0351,-0.0162,0.0929,0.3346,1.0773,buy
2023-03-01,24.7228,47823400,24.4300,25.2986,24.3714,0.0160,-0.0055,-0.1156,-0.0336,-0.0838,26.8680,0.0209,-0.0354,-0.0134,0.1878,-0.0484,1.0305,buy
2023-03-02,25.5719,48309300,24.6056,25.6695,24.5178,0.0343,0.0230,-0.0919,0.0098,-0.0521,38.4962,0.0250,-0.0318,-0.0084,0.3330,0.0102,1.0581,buy
2023-03-03,25.7671,36744900,25.5719,25.8452,25.3865,0.0076,0.0501,-0.0638,0.0246,-0.0448,39.6755,0.0251,-0.0287,-0.0044,0.3809,-0.2394,0.8279,sell
2023-03-06,25.3670,37879800,25.8354,25.9038,25.3084,-0.0155,0.0438,-0.0587,0.0151,-0.0596,30.1242,0.0248,-0.0278,-0.0025,0.3357,0.0309,0.8729,sell
2023-03-07,24.9180,43164600,25.2206,25.3670,24.8887,-0.0177,0.0241,-0.0203,-0.0008,-0.0756,27.1659,0.0182,-0.0284,-0.0021,0.2814,0.1395,1.0011,buy
2023-03-08,25.3572,36071900,24.9473,25.3865,24.8399,0.0176,0.0257,0.0200,0.0148,-0.0595,29.6454,0.0176,-0.0262,-0.0003,0.3769,-0.1643,0.8511,buy
2023-03-09,25.8062,54886100,25.3572,26.3332,25.3474,0.0177,0.0092,0.0324,0.0294,-0.0433,37.1720,0.0182,-0.0228,0.0021,0.4759,0.5216,1.2675,buy
2023-03-10,26.5675,65187000,25.9135,26.8603,25.6890,0.0295,0.0311,0.0827,0.0513,-0.0162,47.2340,0.0182,-0.0173,0.0055,0.6296,0.1877,1.4693,sell
2023-03-13,26.3039,50977000,26.0990,26.6553,25.9721,-0.0099,0.0369,0.0823,0.0327,-0.0272,57.7123,0.0182,-0.0143,0.0070,0.5881,-0.2180,1.1240,buy
2023-03-14,27.3385,47689800,26.6943,27.4264,26.5967,0.0393,0.0971,0.1235,0.0608,0.0096,70.3526,0.0205,-0.0082,0.0098,0.8106,-0.0645,1.0340,buy
2023-03-15,27.7289,49322800,27.0652,27.8168,26.9969,0.0143,0.0935,0.1216,0.0635,0.0223,71.5385,0.0204,-0.0026,0.0122,0.9003,0.0342,1.0452,buy
2023-03-16,29.4565,75779500,27.7094,29.5443,27.7094,0.0623,0.1415,0.1519,0.1132,0.0830,82.3077,0.0252,0.0064,0.0162,1.1618,0.5364,1.5213,sell
2023-03-17,29.0954,80628500,29.2027,30.2568,28.7342,-0.0123,0.0952,0.1292,0.0859,0.0679,80.9584,0.0266,0.0124,0.0178,1.0259,0.0640,1.5389,sell
2023-03-20,28.4610,38780100,29.0856,29.1832,27.9437,-0.0218,0.0820,0.1220,0.0501,0.0431,74.7369,0.0274,0.0154,0.0168,0.8836,-0.5190,0.7355,sell
2023-03-21,27.7777,55650800,28.3048,28.4707,27.3092,-0.0240,0.0161,0.1148,0.0142,0.0180,67.6836,0.0282,0.0159,0.0139,0.7503,0.4350,1.0635,sell
2023-03-22,27.4557,37415500,27.7973,28.4219,27.4264,-0.0116,-0.0099,0.0828,-0.0052,0.0068,61.6125,0.0290,0.0151,0.0104,0.6809,-0.3277,0.7522,buy
2023-03-23,28.3341,43785500,27.6997,28.4610,27.5435,0.0320,-0.0381,0.0980,0.0173,0.0391,64.5949,0.0298,0.0161,0.0093,0.7861,0.1703,0.8917,buy
2023-03-24,28.6562,55912100,28.3438,29.0954,28.2365,0.0114,-0.0151,0.0786,0.0212,0.0510,68.8690,0.0290,0.0179,0.0089,0.8030,0.2770,1.1251,hold
2023-03-27,28.4805,34758200,28.6659,29.0173,28.3829,-0.0061,0.0007,0.0827,0.0071,0.0451,71.0983,0.0288,0.0188,0.0078,0.7523,-0.3783,0.7015,hold
2023-03-28,28.5878,37407900,28.3829,28.6269,27.9437,0.0038,0.0292,0.0457,0.0065,0.0494,69.9158,0.0267,0.0194,0.0068,0.7475,0.0762,0.7649,buy
2023-03-29,30.7644,85556200,29.0563,31.1255,29.0466,0.0761,0.1205,0.1095,0.0717,0.1274,75.1984,0.0350,0.0240,0.0098,1.0214,1.2871,1.6843,buy
2023-03-30,31.3207,70077600,31.0865,31.7990,31.0474,0.0181,0.1054,0.0633,0.0840,0.1449,74.6707,0.0302,0.0293,0.0123,1.0116,-0.1809,1.3507,buy
2023-03-31,31.8868,59765000,31.0377,32.1113,30.9693,0.0181,0.1127,0.0959,0.0930,0.1617,78.0943,0.0297,0.0343,0.0140,0.9998,-0.1472,1.1269,hold
2023-04-03,32.1015,57038300,32.1503,32.7555,31.7599,0.0067,0.1271,0.1279,0.0868,0.1662,76.1242,0.0276,0.0385,0.0147,0.9599,-0.0456,1.0564,hold
2023-04-04,32.3065,55714100,32.0625,33.0288,32.0527,0.0064,0.1301,0.1630,0.0773,0.1710,75.6284,0.0247,0.0417,0.0145,0.9356,-0.0232,1.0200,sell
2023-04-05,32.0430,39615700,32.0137,32.1991,31.5647,-0.0082,0.0416,0.1671,0.0524,0.1588,67.3203,0.0243,0.0437,0.0130,0.8684,-0.2889,0.7229,hold
2023-04-06,32.0235,28551900,31.8185,32.2089,31.6819,-0.0006,0.0224,0.1302,0.0391,0.1553,70.5480,0.0240,0.0445,0.0110,0.8350,-0.2793,0.5339,sell
2023-04-10,31.7404,30534400,31.8185,31.9747,31.4281,-0.0088,-0.0046,0.1076,0.0198,0.1428,74.2074,0.0250,0.0442,0.0084,0.7733,0.0694,0.5901,hold
2023-04-11,31.5745,27059100,31.8771,32.3163,31.5452,-0.0052,-0.0164,0.1086,0.0044,0.1332,80.3432,0.0249,0.0430,0.0056,0.7322,-0.1138,0.5353,sell
2023-04-12,31.2524,37070800,31.9844,32.1015,31.1938,-0.0102,-0.0326,0.0932,-0.0142,0.1182,80.3432,0.0257,0.0410,0.0026,0.6690,0.3700,0.7411,hold
2023-04-13,31.3598,29722300,31.0572,31.6526,30.8913,0.0034,-0.0213,0.0194,-0.0126,0.1188,77.5800,0.0105,0.0388,0.0004,0.6647,-0.1982,0.6061,sell
2023-04-14,31.1255,24623600,31.2329,31.4671,30.9303,-0.0075,-0.0280,-0.0062,-0.0194,0.1080,72.8752,0.0091,0.0364,-0.0019,0.6182,-0.1715,0.5297,buy
2023-04-17,31.3695,29601100,31.1841,31.8575,31.0084,0.0078,-0.0117,-0.0162,-0.0101,0.1149,76.4286,0.0072,0.0342,-0.0030,0.6380,0.2021,0.6738,sell
2023-04-18,31.0670,26041400,31.6526,31.6819,31.0182,-0.0096,-0.0161,-0.0322,-0.0164,0.1027,71.8966,0.0069,0.0319,-0.0046,0.5771,-0.1203,0.6015,sell
2023-04-19,30.4033,25746600,30.3545,30.7644,30.3349,-0.0214,-0.0272,-0.0589,-0.0316,0.0773,45.6471,0.0081,0.0283,-0.0071,0.4519,-0.0113,0.6159,sell
2023-04-20,30.1202,30255100,30.0226,30.5009,29.9738,-0.0093,-0.0395,-0.0600,-0.0347,0.0659,34.5088,0.0082,0.0241,-0.0093,0.3652,0.1751,0.7301,sell
2023-04-21,29.5736,28655800,30.1007,30.1007,29.5053,-0.0181,-0.0499,-0.0765,-0.0447,0.0451,20.0001,0.0087,0.0193,-0.0118,0.2284,-0.0529,0.7043,sell
2023-04-24,28.9490,38732500,29.4077,29.6420,28.9002,-0.0211,-0.0772,-0.0879,-0.0564,0.0216,13.0435,0.0097,0.0135,-0.0146,0.0871,0.3516,0.9725,sell
2023-04-25,28.1877,38289900,28.7342,28.8611,28.1779,-0.0263,-0.0927,-0.1073,-0.0710,-0.0060,7.2874,0.0109,0.0066,-0.0178,-0.0553,-0.0114,0.9572,buy
2023-04-26,28.3536,41218800,28.5000,29.0954,28.1486,0.0059,-0.0674,-0.0928,-0.0565,-0.0005,10.9504,0.0122,0.0013,-0.0184,-0.0087,0.0765,1.0255,buy
2023-04-27,29.1442,60186200,28.0608,29.2320,27.8265,0.0279,-0.0324,-0.0707,-0.0230,0.0266,23.8011,0.0167,-0.0006,-0.0158,0.1823,0.4602,1.5462,buy
2023-04-28,30.3154,80252400,31.2134,31.7892,30.0714,0.0402,0.0251,-0.0260,0.0191,0.0662,38.8379,0.0224,0.0011,-0.0108,0.4172,0.3334,2.0351,sell
2023-05-01,29.5736,36918500,30.3642,30.4911,29.5541,-0.0245,0.0216,-0.0572,0.0002,0.0386,35.6241,0.0231,0.0004,-0.0094,0.2959,-0.5400,0.9641,sell
2023-05-02,29.0563,33463400,29.5736,29.8469,29.0368,-0.0175,0.0308,-0.0647,-0.0106,0.0189,34.6521,0.0234,-0.0015,-0.0092,0.2246,-0.0936,0.9017,buy
2023-05-03,29.9152,45554500,29.9055,30.3642,29.5248,0.0296,0.0551,-0.0161,0.0203,0.0458,40.8642,0.0253,-0.0007,-0.0065,0.4094,0.3613,1.2445,buy
2023-05-04,30.6160,46104000,29.8319,31.0864,29.7731,0.0234,0.0505,0.0165,0.0425,0.0660,46.9569,0.0262,0.0018,-0.0031,0.5713,0.0121,1.2484,sell
2023-05-05,30.3710,35024600,30.7532,30.7826,30.1161,-0.0080,0.0018,0.0270,0.0313,0.0535,44.0372,0.0255,0.0031,-0.0015,0.5387,-0.2403,0.9402,hold
2023-05-08,30.1553,30882800,30.0867,30.2239,29.7829,-0.0071,0.0197,0.0417,0.0198,0.0420,44.4993,0.0244,0.0035,-0.0009,0.5076,-0.1183,0.8286,sell
2023-05-09,29.4987,30706500,29.7731,29.9691,29.3125,-0.0218,0.0152,0.0465,-0.0068,0.0156,44.5374,0.0238,0.0021,-0.0019,0.3655,-0.0057,0.8199,hold
2023-05-10,29.3713,40526500,29.6849,29.7927,28.9009,-0.0043,-0.0182,0.0359,-0.0144,0.0077,45.3907,0.0240,0.0006,-0.0028,0.3515,0.3198,1.0771,sell
2023-05-11,28.2835,47144400,29.0087,29.0871,28.2443,-0.0370,-0.0762,-0.0295,-0.0482,-0.0320,42.5554,0.0255,-0.0037,-0.0058,0.1035,0.1633,1.2246,hold
2023-05-12,28.3717,24153800,28.4501,28.5187,28.1463,0.0031,-0.0658,-0.0641,-0.0389,-0.0308,46.4491,0.0208,-0.0068,-0.0071,0.1612,-0.4877,0.6278,buy
2023-05-15,29.2047,28717500,28.3227,29.2341,28.3031,0.0294,-0.0315,-0.0125,-0.0095,-0.0047,56.2015,0.0225,-0.0066,-0.0055,0.4043,0.1889,0.7473,sell
2023-05-16,28.6363,22812000,29.0283,29.3027,28.6265,-0.0195,-0.0292,-0.0145,-0.0274,-0.0262,51.6432,0.0227,-0.0083,-0.0057,0.2537,-0.2056,0.5961,sell
2023-05-17,28.2933,41667300,28.9303,28.9695,28.1071,-0.0120,-0.0367,-0.0542,-0.0337,-0.0401,44.7831,0.0201,-0.0104,-0.0063,0.1778,0.8266,1.0667,buy
2023-05-18,29.0871,36529200,28.4207,29.1655,28.2933,0.0281,0.0284,-0.0499,-0.0014,-0.0156,42.1037,0.0209,-0.0094,-0.0043,0.4469,-0.1233,0.9277,buy
2023-05-19,29.3321,40683000,29.0087,29.6359,28.9107,0.0084,0.0339,-0.0342,0.0106,-0.0097,48.3415,0.0212,-0.0080,-0.0024,0.5319,0.1137,1.0176,buy
2023-05-22,29.6751,28693400,29.2537,29.8417,29.2243,0.0117,0.0161,-0.0159,0.0241,-0.0002,54.3537,0.0217,-0.0059,-0.0002,0.6331,-0.2947,0.7268,sell
2023-05-23,28.9205,29400900,29.4497,29.5967,28.9009,-0.0254,0.0099,-0.0196,0.0001,-0.0274,42.8971,0.0221,-0.0064,-0.0005,0.3649,0.0247,0.7533,sell
2023-05-24,28.4207,28045800,28.7245,28.9009,28.2443,-0.0173,0.0045,-0.0324,-0.0139,-0.0449,33.8617,0.0226,-0.0082,-0.0017,0.1878,-0.0461,0.7309,sell
2023-05-25,26.8527,78009400,27.7249,27.7249,26.3235,-0.0552,-0.0768,-0.0506,-0.0637,-0.0970,28.3474,0.0261,-0.0145,-0.0062,-0.1503,1.7815,1.9868,buy
2023-05-26,28.4207,71910600,26.8919,28.5089,26.5587,0.0584,-0.0311,0.0017,-0.0092,-0.0436,40.8480,0.0330,-0.0136,-0.0045,0.3056,-0.0782,1.8511,buy
2023-05-30,29.3909,54874800,29.1067,29.4399,28.4207,0.0341,-0.0096,0.0064,0.0240,-0.0112,49.4494,0.0334,-0.0102,-0.0011,0.5851,-0.2369,1.3807,buy
2023-05-31,30.8120,136243800,29.1067,31.6450,29.0773,0.0483,0.0654,0.0760,0.0654,0.0350,56.4987,0.0356,-0.0037,0.0039,0.9275,1.4828,3.0354,hold
2023-06-01,30.5082,52667400,31.1648,31.3020,30.4004,-0.0099,0.0734,0.0783,0.0469,0.0229,60.7992,0.0355,0.0002,0.0063,0.8288,-0.6134,1.1642,hold
2023-06-02,30.6846,36521000,30.7728,30.9590,30.2141,0.0058,0.1427,0.0549,0.0472,0.0266,61.1321,0.0348,0.0038,0.0079,0.8707,-0.3066,0.8159,sell
2023-06-05,29.2635,48244100,30.6846,30.7728,29.2341,-0.0463,0.0297,-0.0023,-0.0011,-0.0216,50.2679,0.0385,0.0029,0.0058,0.5274,0.3210,1.0621,buy
2023-06-06,30.3416,42295300,29.1753,30.8218,29.1067,0.0368,0.0323,0.0225,0.0334,0.0133,57.4232,0.0401,0.0049,0.0061,0.8040,-0.1233,0.9196,hold
2023-06-07,30.6552,39098000,30.4102,30.7434,30.3122,0.0103,-0.0051,0.0600,0.0379,0.0223,60.3080,0.0388,0.0072,0.0067,0.8507,-0.0756,0.8424,buy
2023-06-08,31.1844,35199000,30.8022,31.2138,30.4396,0.0173,0.0222,0.0972,0.0461,0.0382,59.3695,0.0380,0.0101,0.0078,0.9210,-0.0997,0.7628,sell
2023-06-09,30.7140,40218000,31.2922,31.3510,30.0671,-0.0151,0.0010,0.1438,0.0171,0.0226,56.0515,0.0320,0.0114,0.0072,0.7840,0.1426,0.8781,buy
2023-06-12,32.4094,59881600,30.7728,32.6348,30.7336,0.0552,0.1075,0.1403,0.0593,0.0782,60.7061,0.0315,0.0157,0.0094,1.0435,0.4889,1.2584,buy
2023-06-13,33.2326,51990000,33.0954,33.2718,32.4094,0.0254,0.0953,0.1307,0.0727,0.1046,66.7939,0.0310,0.0208,0.0117,1.0653,-0.1318,1.0665,buy
2023-06-14,34.8693,74404300,33.1934,34.8889,33.1248,0.0492,0.1375,0.1317,0.1110,0.1569,73.0715,0.0311,0.0275,0.0151,1.1393,0.4311,1.4496,hold
2023-06-15,35.1045,67676300,34.5753,35.6925,34.5165,0.0067,0.1257,0.1507,0.1023,0.1625,82.6357,0.0302,0.0335,0.0169,1.0503,-0.0904,1.2859,buy
2023-06-16,35.6435,110240300,35.6337,36.0649,34.8889,0.0154,0.1605,0.1616,0.1021,0.1776,81.0970,0.0301,0.0386,0.0178,1.0110,0.6289,1.9576,sell
2023-06-20,34.3008,65970200,36.0355,36.3687,34.0264,-0.0377,0.0584,0.1721,0.0443,0.1315,70.4824,0.0281,0.0411,0.0156,0.8292,-0.4016,1.1457,sell
2023-06-21,32.2428,70973500,34.2224,34.3499,32.1742,-0.0600,-0.0298,0.0627,-0.0240,0.0633,55.6677,0.0359,0.0389,0.0094,0.6068,0.0758,1.1890,hold
2023-06-22,32.0566,45740300,32.0370,32.5760,31.4882,-0.0058,-0.0807,0.0457,-0.0337,0.0568,56.1912,0.0361,0.0344,0.0038,0.5733,-0.3555,0.7559,hold
2023-06-23,32.3408,46327100,31.5666,32.7818,31.3902,0.0089,-0.0787,0.0371,-0.0286,0.0654,56.5657,0.0359,0.0308,0.0004,0.5860,0.0128,0.7542,hold
2023-06-26,32.6740,38952400,32.5270,33.3110,32.4388,0.0103,-0.0833,0.0638,-0.0243,0.0754,64.7959,0.0352,0.0284,-0.0014,0.6029,-0.1592,0.6550,buy
2023-06-27,33.4188,33038900,32.5564,33.5462,32.3506,0.0228,-0.0257,0.0311,-0.0050,0.0983,63.7478,0.0316,0.0276,-0.0012,0.6764,-0.1518,0.5743,sell
2023-06-28,32.8994,33906900,32.9386,33.1346,32.3702,-0.0155,0.0204,-0.0100,-0.0195,0.0801,59.8452,0.0311,0.0264,-0.0023,0.5889,0.0263,0.6003,sell
2023-06-29,32.2526,38313000,32.6740,32.6740,31.8410,-0.0197,0.0061,-0.0750,-0.0313,0.0581,54.6383,0.0261,0.0236,-0.0045,0.4875,0.1299,0.7427,buy
2023-06-30,32.7720,33811300,32.6936,32.8896,32.4976,0.0161,0.0133,-0.0664,-0.0087,0.0735,58.8983,0.0268,0.0217,-0.0048,0.5472,-0.1175,0.6677,hold
2023-07-03,32.9484,15753000,32.8700,33.2130,32.4780,0.0054,0.0084,-0.0756,0.0048,0.0772,52.6829,0.0261,0.0206,-0.0046,0.5583,-0.5341,0.3176,sell
2023-07-05,31.8606,37664700,32.6446,32.6642,31.8508,-0.0330,-0.0466,-0.0711,-0.0211,0.0401,43.3460,0.0255,0.0175,-0.0068,0.3567,1.3910,0.7675,sell
2023-07-06,31.3314,41693600,31.2628,31.4000,30.7532,-0.0166,-0.0477,-0.0283,-0.0346,0.0213,30.7774,0.0181,0.0133,-0.0092,0.2453,0.1070,0.8502,hold
2023-07-07,31.2138,28356300,31.3608,31.7626,31.1844,-0.0038,-0.0322,-0.0263,-0.0358,0.0154,28.5868,0.0181,0.0093,-0.0106,0.2110,-0.3199,0.5846,buy
2023-07-10,32.0860,36305700,31.2334,32.1742,31.1354,0.0279,-0.0209,-0.0079,-0.0080,0.0413,31.1135,0.0203,0.0080,-0.0091,0.3599,0.2803,0.7476,buy
2023-07-11,32.6348,28148800,32.1644,32.6936,31.8508,0.0171,-0.0095,-0.0012,0.0091,0.0567,40.3409,0.0208,0.0084,-0.0068,0.4423,-0.2247,0.5870,buy
2023-07-12,33.3012,37762200,33.0170,33.3992,32.3996,0.0204,0.0452,-0.0035,0.0300,0.0762,57.3171,0.0205,0.0100,-0.0038,0.5707,0.3415,0.8060,hold
2023-07-13,33.1934,32745800,33.4678,33.6148,32.9484,-0.0032,0.0594,0.0089,0.0258,0.0702,57.9452,0.0198,0.0112,-0.0022,0.5489,-0.1328,0.7136,sell
2023-07-14,32.4878,30438700,33.1052,33.1934,32.3408,-0.0213,0.0408,0.0073,0.0032,0.0451,50.9703,0.0200,0.0104,-0.0026,0.4221,-0.0705,0.6967,buy
2023-07-17,33.6834,34111200,32.4976,33.9088,32.4094,0.0368,0.0498,0.0278,0.0372,0.0810,55.9814,0.0227,0.0120,-0.0004,0.7261,0.1207,0.8119,hold
2023-07-18,33.8108,29662200,33.5952,34.0068,33.1542,0.0038,0.0360,0.0262,0.0384,0.0828,52.5063,0.0227,0.0137,0.0010,0.8550,-0.1304,0.7809,hold
2023-07-19,33.7716,26486700,33.7128,34.1440,33.6442,-0.0012,0.0141,0.0600,0.0311,0.0792,55.9412,0.0190,0.0148,0.0017,0.8741,-0.1071,0.7355,sell
2023-07-20,32.7034,37878000,33.0268,33.5266,32.5662,-0.0316,-0.0148,0.0438,-0.0056,0.0434,52.9040,0.0214,0.0134,-0.0001,0.5105,0.4301,1.1026,buy
2023-07-21,33.3404,79737000,33.0562,33.5658,32.7524,0.0195,0.0262,0.0681,0.0072,0.0611,53.6070,0.0217,0.0130,-0.0002,0.7031,1.1051,2.2116,sell
2023-07-24,32.9582,25225800,33.1640,33.7716,32.8896,-0.0115,-0.0215,0.0272,-0.0069,0.0466,50.0606,0.0210,0.0120,-0.0010,0.5646,-0.6836,0.7207,buy
2023-07-25,33.4188,31771100,33.0268,33.6540,32.7328,0.0140,-0.0116,0.0240,0.0046,0.0577,60.4467,0.0208,0.0119,-0.0008,0.7041,0.2595,0.9172,buy
2023-07-26,33.6736,32643200,33.0464,33.8402,33.0268,0.0076,-0.0029,0.0112,0.0111,0.0622,66.3028,0.0199,0.0124,-0.0002,0.7796,0.0274,0.9429,hold
2023-07-27,33.8598,58890800,34.1244,34.3303,33.4286,0.0055,0.0354,0.0201,0.0147,0.0650,68.2432,0.0199,0.0130,0.0004,0.8106,0.8041,1.6418,buy
2023-07-28,36.0943,90863000,36.0159,36.2511,34.8007,0.0660,0.0826,0.1110,0.0700,0.1300,73.2650,0.0265,0.0175,0.0046,1.2139,0.5429,2.3602,sell
2023-07-31,35.0555,55630700,36.1335,36.4471,34.9575,-0.0288,0.0636,0.0407,0.0350,0.0928,63.2939,0.0275,0.0198,0.0052,0.9095,-0.3878,1.4052,hold
2023-08-01,35.0849,24702200,35.1045,35.3005,34.5753,0.0008,0.0499,0.0377,0.0320,0.0897,60.5324,0.0275,0.0210,0.0051,0.8686,-0.5560,0.6170,sell
2023-08-02,33.7030,39052000,34.4479,34.4773,33.5952,-0.0394,0.0009,-0.0020,-0.0084,0.0439,52.6157,0.0308,0.0193,0.0022,0.5704,0.5809,0.9737,buy
2023-08-03,34.1734,24817900,33.6050,34.3303,33.4482,0.0140,0.0093,0.0450,0.0011,0.0555,58.8660,0.0289,0.0179,0.0009,0.6515,-0.3645,0.6321,buy
2023-08-04,34.5620,26674900,33.9128,34.9750,33.9128,0.0114,-0.0425,0.0366,0.0089,0.0638,55.0495,0.0285,0.0176,0.0006,0.7274,0.0748,0.6809,hold
2023-08-07,34.6505,22486900,34.8275,34.9652,34.1784,0.0026,-0.0116,0.0513,0.0065,0.0625,54.8476,0.0280,0.0174,0.0004,0.7299,-0.1570,0.5843,hold
2023-08-08,34.4439,34753600,34.0997,34.5226,33.3030,-0.0060,-0.0183,0.0307,-0.0025,0.0512,53.8079,0.0280,0.0168,-0.0003,0.6545,0.5455,0.8953,sell
2023-08-09,33.7161,28720200,34.4243,34.5226,33.6669,-0.0211,0.0004,0.0013,-0.0237,0.0257,55.9660,0.0290,0.0146,-0.0023,0.4418,-0.1736,0.7486,buy
2023-08-10,34.1095,30957300,34.1292,34.5128,33.9128,0.0117,-0.0019,0.0074,-0.0130,0.0347,54.6648,0.0292,0.0132,-0.0028,0.5422,0.0779,0.8088,hold
2023-08-11,34.3161,28783700,33.8931,34.3751,33.7948,0.0061,-0.0071,-0.0493,-0.0019,0.0388,58.4151,0.0186,0.0125,-0.0027,0.5827,-0.0702,0.7536,buy
2023-08-14,35.0931,36896100,34.0997,35.1226,33.9030,0.0226,0.0128,0.0011,0.0206,0.0594,59.9844,0.0184,0.0134,-0.0012,0.7972,0.2818,0.9625,sell
2023-08-15,34.1980,27420300,34.8275,35.0439,34.1784,-0.0255,-0.0071,-0.0253,-0.0029,0.0302,52.9054,0.0201,0.0125,-0.0020,0.5160,-0.2568,0.7174,sell
2023-08-16,32.9784,35757300,33.9521,34.0603,32.9096,-0.0357,-0.0219,-0.0215,-0.0364,-0.0088,45.6183,0.0194,0.0088,-0.0050,0.1671,0.3040,0.9244,sell
2023-08-17,32.0441,39906700,33.0079,33.0374,31.8178,-0.0283,-0.0606,-0.0623,-0.0578,-0.0379,26.8765,0.0201,0.0032,-0.0087,-0.0546,0.1160,1.0289,hold
2023-08-18,32.2113,23701100,31.6998,32.3686,31.6506,0.0052,-0.0613,-0.0680,-0.0463,-0.0338,31.9672,0.0196,-0.0009,-0.0103,0.0458,-0.4061,0.6587,buy
2023-08-21,32.5948,43718200,32.0637,32.6244,31.4933,0.0119,-0.0712,-0.0593,-0.0291,-0.0231,34.8914,0.0203,-0.0032,-0.0099,0.1549,0.8446,1.1845,sell
2023-08-22,32.3490,23425300,32.6735,33.2440,32.2900,-0.0075,-0.0541,-0.0608,-0.0303,-0.0314,40.4703,0.0203,-0.0055,-0.0099,0.1290,-0.4642,0.6420,buy
2023-08-23,33.4210,32324300,32.3391,33.5882,32.2604,0.0331,0.0134,-0.0088,0.0027,0.0001,45.1181,0.0229,-0.0045,-0.0070,0.3816,0.3799,0.8862,sell
2023-08-24,32.0539,37931000,33.1653,33.5292,31.9555,-0.0409,0.0003,-0.0603,-0.0324,-0.0401,35.5606,0.0257,-0.0074,-0.0079,0.1144,0.1735,1.0707,buy
2023-08-25,32.7030,27324800,31.9949,32.8506,31.8178,0.0203,0.0153,-0.0470,-0.0079,-0.0194,39.4681,0.0268,-0.0076,-0.0065,0.2705,-0.2796,0.8473,buy
2023-08-28,33.0670,22341800,32.9489,33.2243,32.6637,0.0111,0.0145,-0.0577,0.0093,-0.0073,42.6778,0.0257,-0.0068,-0.0046,0.3749,-0.1824,0.7305,buy
2023-08-29,33.7456,29943600,32.9391,33.9128,32.9194,0.0205,0.0432,-0.0132,0.0314,0.0142,50.1577,0.0259,-0.0045,-0.0019,0.5629,0.3403,0.9707,hold
2023-08-30,33.9620,26279200,33.4997,34.0898,33.2243,0.0064,0.0162,0.0298,0.0349,0.0209,49.1961,0.0228,-0.0022,0.0003,0.6159,-0.1224,0.8699,buy
2023-08-31,34.5620,48157600,33.7554,34.9750,33.7358,0.0177,0.0782,0.0786,0.0452,0.0375,51.2847,0.0203,0.0010,0.0028,0.7632,0.8325,1.5349,buy
2023-09-01,36.0078,43808500,35.2013,36.1455,35.1422,0.0418,0.1011,0.1179,0.0766,0.0784,54.4669,0.0229,0.0065,0.0066,1.0459,-0.0903,1.3592,hold
2023-09-05,36.1061,43379400,35.9783,36.7946,35.8602,0.0027,0.0919,0.1077,0.0683,0.0789,60.1042,0.0231,0.0110,0.0088,0.9995,-0.0098,1.3036,buy
2023-09-06,36.3717,39643400,35.9586,36.4307,35.4373,0.0074,0.0778,0.1244,0.0635,0.0844,69.9884,0.0222,0.0149,0.0102,0.9816,-0.0861,1.1826,buy
2023-09-07,37.5519,67659700,36.2241,37.7093,36.1455,0.0324,0.1057,0.1236,0.0849,0.1169,81.5315,0.0222,0.0197,0.0122,1.0638,0.7067,1.9076,hold
2023-09-08,37.3847,44255200,37.4929,38.1912,37.0897,-0.0045,0.0817,0.1663,0.0637,0.1089,79.6171,0.0140,0.0234,0.0127,0.9611,-0.3459,1.2248,buy
2023-09-11,37.9552,36349300,37.6110,38.1027,37.2175,0.0153,0.0541,0.1606,0.0640,0.1221,80.0441,0.0139,0.0268,0.0130,0.9644,-0.1786,0.9956,buy
2023-09-12,38.2208,55326600,38.0142,39.4109,38.0142,0.0070,0.0586,0.1559,0.0562,0.1263,82.8383,0.0141,0.0298,0.0128,0.9377,0.5221,1.4780,hold
2023-09-13,38.0732,35407800,38.1617,38.5060,37.6208,-0.0039,0.0468,0.1282,0.0397,0.1186,79.0184,0.0150,0.0317,0.0118,0.8727,-0.3600,0.9359,hold
2023-09-14,38.0339,30616500,38.1716,38.2601,37.6700,-0.0010,0.0128,0.1199,0.0272,0.1134,94.7059,0.0155,0.0328,0.0102,0.8290,-0.1353,0.8148,sell
2023-09-15,37.2569,68881200,37.7880,37.8863,37.0011,-0.0204,-0.0034,0.0780,-0.0011,0.0868,83.4054,0.0183,0.0322,0.0073,0.7238,1.2498,1.7651,hold
2023-09-18,37.3651,29322200,37.0012,37.7585,36.8930,0.0029,-0.0155,0.0377,-0.0018,0.0861,82.7586,0.0138,0.0310,0.0050,0.7134,-0.5743,0.7460,sell
2023-09-19,35.7422,53288100,37.4142,37.4733,35.4275,-0.0434,-0.0648,-0.0101,-0.0442,0.0367,63.3027,0.0204,0.0275,0.0002,0.5169,0.8173,1.3395,sell
2023-09-20,34.1194,57660800,35.6242,35.6537,34.0603,-0.0454,-0.1038,-0.0619,-0.0821,-0.0112,50.8830,0.0244,0.0206,-0.0063,0.3089,0.0821,1.3896,hold
2023-09-21,34.0800,45240600,34.0013,34.6701,33.8931,-0.0012,-0.1040,-0.0925,-0.0745,-0.0128,47.1142,0.0205,0.0139,-0.0104,0.2968,-0.2154,1.0736,sell
2023-09-22,33.6177,29232700,34.2374,34.3161,33.5784,-0.0136,-0.0977,-0.1008,-0.0776,-0.0264,33.7784,0.0205,0.0075,-0.0137,0.2121,-0.3538,0.7009,hold
2023-09-25,33.7259,21729400,33.4407,33.8046,33.2145,0.0032,-0.0974,-0.1114,-0.0638,-0.0240,33.8667,0.0191,0.0025,-0.0149,0.2080,-0.2567,0.5245,sell
2023-09-26,33.2735,34198300,33.5784,34.2079,33.0866,-0.0134,-0.0691,-0.1294,-0.0635,-0.0368,29.5189,0.0180,-0.0025,-0.0162,0.1411,0.5738,0.8139,buy
2023-09-27,34.0407,44369100,33.3620,34.2571,33.3227,0.0231,-0.0023,-0.1059,-0.0309,-0.0148,25.4471,0.0213,-0.0045,-0.0143,0.2432,0.2974,1.0381,buy
2023-09-28,34.6013,32265300,34.0800,35.0734,33.8145,0.0165,0.0153,-0.0903,-0.0052,0.0010,31.5516,0.0229,-0.0047,-0.0114,0.3141,-0.2728,0.7497,buy
2023-09-29,34.9652,28763700,35.0636,35.3193,34.5816,0.0105,0.0401,-0.0615,0.0119,0.0102,29.6246,0.0233,-0.0039,-0.0085,0.3620,-0.1085,0.6837,hold
2023-10-02,34.8767,26086200,35.0242,35.3881,34.4046,-0.0025,0.0341,-0.0666,0.0167,0.0067,26.6483,0.0231,-0.0035,-0.0065,0.3587,-0.0931,0.6334,hold
2023-10-03,35.1029,45292600,34.6898,35.9389,34.6898,0.0065,0.0550,-0.0179,0.0252,0.0120,29.4837,0.0194,-0.0027,-0.0045,0.3985,0.7363,1.0972,buy
2023-10-04,35.3390,39842200,35.9192,35.9192,34.7488,0.0067,0.0381,0.0357,0.0284,0.0177,31.8783,0.0118,-0.0014,-0.0026,0.4393,-0.1203,0.9650,hold
2023-10-05,35.2996,25771200,35.3783,35.5062,35.0144,-0.0011,0.0202,0.0358,0.0236,0.0156,35.3891,0.0118,-0.0005,-0.0014,0.4482,-0.3532,0.6575,buy
2023-10-06,35.5947,33262200,35.2799,35.8602,34.6013,0.0084,0.0180,0.0588,0.0263,0.0231,37.1428,0.0102,0.0008,0.0000,0.5046,0.2907,0.8607,sell
2023-10-09,35.4668,19376100,35.1127,35.5750,34.9160,-0.0036,0.0169,0.0516,0.0175,0.0198,47.4452,0.0106,0.0016,0.0006,0.5043,-0.4175,0.5126,buy
2023-10-10,35.8307,24044100,35.5455,36.1356,35.2209,0.0103,0.0207,0.0769,0.0205,0.0298,70.7144,0.0084,0.0030,0.0016,0.5896,0.2409,0.6636,buy
2023-10-11,36.2733,19262600,36.0176,36.4209,35.7816,0.0124,0.0264,0.0656,0.0266,0.0418,74.1866,0.0067,0.0050,0.0029,0.7018,-0.1989,0.5438,hold
2023-10-12,36.2340,23639200,36.1946,36.6077,35.7914,-0.0011,0.0265,0.0472,0.0207,0.0391,81.8182,0.0061,0.0064,0.0035,0.7398,0.2272,0.6739,sell
2023-10-13,35.3783,28390100,36.1356,36.1848,35.2701,-0.0236,-0.0061,0.0118,-0.0045,0.0139,67.0041,0.0104,0.0057,0.0022,0.5807,0.2010,0.8590,buy
2023-10-16,35.9586,29555800,35.5455,36.3323,35.4865,0.0164,0.0139,0.0310,0.0087,0.0297,76.9230,0.0114,0.0062,0.0022,0.7724,0.0411,0.8939,sell
2023-10-17,35.4668,24993600,35.3291,35.7520,34.4931,-0.0137,-0.0102,0.0104,-0.0061,0.0151,65.1357,0.0124,0.0056,0.0012,0.6415,-0.1544,0.7897,sell
2023-10-18,35.0537,22086000,34.9357,35.4275,34.8669,-0.0116,-0.0336,-0.0081,-0.0169,0.0030,54.9569,0.0129,0.0040,-0.0003,0.5129,-0.1163,0.7394,hold
2023-10-19,35.0832,29201800,35.3685,35.7619,34.9357,0.0008,-0.0318,-0.0061,-0.0155,0.0030,51.3954,0.0129,0.0028,-0.0012,0.5072,0.3222,1.0046,sell
2023-10-20,34.3456,32303300,35.0636,35.6832,34.2964,-0.0210,-0.0292,-0.0351,-0.0328,-0.0182,44.5564,0.0139,0.0002,-0.0032,0.2627,0.1062,1.1055,sell
2023-10-23,33.2932,53924700,34.0308,34.6111,32.8407,-0.0306,-0.0741,-0.0613,-0.0566,-0.0477,34.1379,0.0164,-0.0046,-0.0064,-0.0337,0.6693,1.7490,buy
2023-10-24,34.0210,52673900,33.0866,34.1390,33.0866,0.0219,-0.0408,-0.0505,-0.0310,-0.0263,39.3651,0.0180,-0.0063,-0.0065,0.1427,-0.0232,1.6587,sell
2023-10-25,32.2900,44658500,33.6177,33.8833,32.0146,-0.0509,-0.0788,-0.1098,-0.0698,-0.0748,30.9228,0.0219,-0.0124,-0.0101,-0.2077,-0.1522,1.4057,sell
2023-10-26,31.9850,59142500,32.3490,32.6735,31.6211,-0.0094,-0.0883,-0.1173,-0.0672,-0.0831,27.1482,0.0216,-0.0177,-0.0123,-0.1163,0.3243,1.7861,buy
2023-10-27,34.9554,84128200,34.0898,35.7816,34.0308,0.0929,0.0178,-0.0120,0.0207,0.0004,47.6191,0.0391,-0.0129,-0.0064,0.5133,0.4225,2.3446,hold
2023-10-30,35.1029,36656300,34.8865,35.3685,34.3456,0.0042,0.0544,-0.0238,0.0276,0.0030,46.5421,0.0387,-0.0098,-0.0026,0.5422,-0.5643,1.0068,buy
2023-10-31,35.8996,41185200,35.0734,35.9684,35.0340,0.0227,0.0552,0.0122,0.0496,0.0238,48.2821,0.0392,-0.0054,0.0013,0.6990,0.1236,1.1376,buy
2023-11-01,36.6766,41710700,35.8996,36.7061,35.6832,0.0216,0.1359,0.0463,0.0673,0.0434,51.9052,0.0393,-0.0003,0.0050,0.8307,0.0128,1.1491,hold
2023-11-02,37.0798,35440000,36.9618,37.1979,36.3028,0.0110,0.1593,0.0569,0.0728,0.0527,57.6212,0.0393,0.0044,0.0077,0.8691,-0.1503,0.9635,hold
2023-11-03,37.5126,30502700,37.3749,37.6896,37.0503,0.0117,0.0732,0.0922,0.0754,0.0617,57.0535,0.0381,0.0089,0.0097,0.9014,-0.1393,0.8324,hold
2023-11-06,37.4485,23877200,37.5175,37.6952,37.3498,-0.0017,0.0668,0.1248,0.0609,0.0570,59.3578,0.0358,0.0122,0.0105,0.8523,-0.2172,0.6476,buy
2023-11-07,38.2576,32052000,37.7346,38.3859,37.4781,0.0216,0.0657,0.1245,0.0710,0.0767,64.5841,0.0357,0.0161,0.0115,0.9270,0.3424,0.8600,sell
2023-11-08,37.4189,33483400,38.3366,38.3760,37.2511,-0.0219,0.0202,0.1588,0.0327,0.0509,59.9022,0.0309,0.0177,0.0104,0.7839,0.0447,0.8816,hold
2023-11-09,37.3004,48955800,37.5471,38.0109,37.2708,-0.0032,0.0059,0.1662,0.0146,0.0457,63.2218,0.0304,0.0183,0.0088,0.7528,0.4621,1.2474,buy
2023-11-10,38.3464,38862500,37.7346,38.4747,37.7346,0.0280,0.0222,0.0970,0.0335,0.0727,72.6242,0.0153,0.0203,0.0088,0.8584,-0.2062,0.9772,sell
2023-11-13,37.7248,24558300,37.8432,38.0603,37.6359,-0.0162,0.0074,0.0747,0.0096,0.0543,66.7414,0.0173,0.0210,0.0074,0.7556,-0.3681,0.6214,buy
2023-11-14,38.8892,45457400,38.2872,38.9681,37.5669,0.0309,0.0165,0.0833,0.0325,0.0851,81.4397,0.0183,0.0228,0.0077,0.8622,0.8510,1.1212,buy
2023-11-15,40.0733,47392100,39.0668,40.3003,39.0569,0.0304,0.0709,0.0926,0.0544,0.1159,85.5551,0.0192,0.0260,0.0092,0.9366,0.0426,1.1336,buy
2023-11-16,42.7771,86405700,40.4582,42.8264,40.2805,0.0675,0.1468,0.1536,0.1089,0.1877,85.2085,0.0267,0.0321,0.0130,1.0856,0.8232,1.9344,buy
2023-11-17,43.2310,49735000,42.3429,43.2310,41.9975,0.0106,0.1274,0.1524,0.1043,0.1964,85.6056,0.0267,0.0382,0.0154,1.0213,-0.4244,1.0921,buy
2023-11-20,44.1487,44564900,43.2014,44.3362,43.2014,0.0212,0.1703,0.1789,0.1088,0.2177,85.7566,0.0261,0.0435,0.0170,1.0078,-0.1040,0.9887,sell
2023-11-21,43.0633,37252100,43.9119,44.0698,42.7278,-0.0246,0.1073,0.1256,0.0686,0.1846,76.9626,0.0291,0.0470,0.0159,0.8767,-0.1641,0.8409,hold
2023-11-22,43.0929,31481200,43.4481,44.0402,42.9646,0.0007,0.0754,0.1516,0.0545,0.1821,76.2121,0.0270,0.0484,0.0138,0.8491,-0.1549,0.7213,hold
2023-11-24,43.3790,13037100,43.1027,43.4185,43.0337,0.0066,0.0141,0.1630,0.0460,0.1865,75.9041,0.0264,0.0492,0.0119,0.8511,-0.5859,0.3154,hold
2023-11-27,43.4974,33339900,43.0731,43.9612,43.0731,0.0027,0.0062,0.1343,0.0360,0.1857,76.5828,0.0263,0.0496,0.0099,0.8273,1.5573,0.8593,hold
2023-11-28,43.6455,24548900,43.1126,43.7935,43.0830,0.0034,-0.0114,0.1569,0.0250,0.1856,75.1381,0.0246,0.0495,0.0080,0.8102,-0.2637,0.6428,buy
2023-11-29,44.3461,38982000,44.0106,44.7408,44.0106,0.0161,0.0298,0.1403,0.0283,0.1991,82.7425,0.0239,0.0495,0.0069,0.8347,0.5879,1.0236,hold
2023-11-30,44.1092,46263000,44.0599,44.4941,43.8231,-0.0053,0.0236,0.1007,0.0133,0.1863,81.8265,0.0238,0.0494,0.0052,0.7856,0.1868,1.2076,sell
2023-12-01,43.1619,43928400,43.7737,43.7737,42.2936,-0.0215,-0.0050,0.0090,-0.0093,0.1551,72.7188,0.0148,0.0478,0.0022,0.6842,-0.0505,1.1341,sell
2023-12-04,41.7903,50417600,42.7278,42.7376,41.1390,-0.0318,-0.0392,-0.0333,-0.0376,0.1136,67.9130,0.0175,0.0441,-0.0024,0.5466,0.1477,1.2690,sell
2023-12-05,41.3660,31859300,41.3561,41.7311,41.0601,-0.0102,-0.0522,-0.0630,-0.0412,0.0978,61.6744,0.0154,0.0390,-0.0064,0.4888,-0.3681,0.7939,sell
2023-12-06,40.7246,31992300,41.9186,42.0271,40.6259,-0.0155,-0.0817,-0.0543,-0.0510,0.0765,53.2353,0.0144,0.0335,-0.0101,0.4103,0.0042,0.7973,buy
2023-12-07,41.5930,29118700,41.1982,41.8791,40.6358,0.0213,-0.0570,-0.0348,-0.0273,0.0951,42.8058,0.0167,0.0294,-0.0106,0.4755,-0.0898,0.7297,buy
2023-12-08,42.1357,42815000,41.2870,42.3922,41.2574,0.0130,-0.0238,-0.0287,-0.0118,0.1050,43.4164,0.0172,0.0271,-0.0099,0.5102,0.4704,1.0812,buy
2023-12-11,43.9514,48288200,42.5896,44.1389,42.5107,0.0431,0.0517,0.0104,0.0297,0.1472,48.9293,0.0226,0.0276,-0.0064,0.7224,0.1278,1.2050,sell
2023-12-12,43.4580,31452200,43.7737,43.8527,43.0534,-0.0112,0.0506,-0.0043,0.0186,0.1293,52.2884,0.0229,0.0279,-0.0052,0.6422,-0.3487,0.7782,buy
2023-12-13,43.9810,35216100,43.4974,44.1290,42.7574,0.0120,0.0800,-0.0082,0.0318,0.1376,54.8701,0.0226,0.0282,-0.0036,0.7288,0.1197,0.8825,buy
2023-12-14,44.5829,70620800,44.4152,46.4479,44.0599,0.0137,0.0719,0.0107,0.0447,0.1477,56.3808,0.0229,0.0291,-0.0018,0.8463,1.0054,1.7197,buy
2023-12-15,45.5500,84583400,45.3329,46.6453,45.0664,0.0217,0.0810,0.0553,0.0614,0.1664,59.9808,0.0222,0.0308,0.0004,0.9823,0.1977,2.0643,sell
2023-12-18,45.0862,27895700,45.5401,45.6190,44.8000,-0.0102,0.0258,0.0789,0.0426,0.1490,56.7970,0.0190,0.0318,0.0009,0.8461,-0.6702,0.6994,buy
2023-12-19,46.0434,35358800,44.9974,46.0631,44.9085,0.0212,0.0595,0.1131,0.0534,0.1671,57.8182,0.0183,0.0329,0.0022,0.9688,0.2675,0.8969,sell
2023-12-20,45.1552,38159100,46.0236,46.3295,45.0960,-0.0193,0.0267,0.1088,0.0227,0.1392,54.5454,0.0189,0.0331,0.0014,0.7810,0.0792,0.9668,buy
2023-12-21,46.4578,28320500,45.8657,46.4973,45.4118,0.0288,0.0421,0.1170,0.0407,0.1660,63.8935,0.0195,0.0336,0.0023,0.9364,-0.2578,0.7204,buy
2023-12-22,47.3656,30095700,46.6256,47.5235,46.5762,0.0195,0.0399,0.1241,0.0488,0.1822,74.4589,0.0197,0.0353,0.0036,0.9878,0.0627,0.7493,buy
2023-12-26,49.8326,60287400,48.2735,49.8523,48.0663,0.0521,0.1053,0.1338,0.0892,0.2349,81.4978,0.0214,0.0388,0.0070,1.1347,1.0032,1.4524,hold
2023-12-27,50.0892,52148000,49.9609,50.6023,49.5267,0.0051,0.0879,0.1526,0.0792,0.2326,85.8654,0.0200,0.0427,0.0088,1.0409,-0.1350,1.2159,sell
2023-12-28,49.7241,27705200,50.1385,50.1977,49.4971,-0.0073,0.1012,0.1306,0.0582,0.2151,82.3899,0.0211,0.0452,0.0088,0.9368,-0.4687,0.6546,hold
2023-12-29,49.5859,29288700,49.6352,49.9017,49.1122,-0.0028,0.0673,0.1122,0.0442,0.2032,80.6661,0.0217,0.0462,0.0078,0.8750,0.0572,0.7061,sell
2024-01-02,47.1683,45905700,48.5498,48.7274,46.8229,-0.0488,-0.0042,0.0355,-0.0101,0.1378,62.6161,0.0282,0.0447,0.0035,0.6571,0.5674,1.1041,sell
2024-01-03,46.4282,35858400,46.4775,47.1782,46.1815,-0.0157,-0.0683,0.0298,-0.0284,0.1135,61.4275,0.0286,0.0406,-0.0010,0.5790,-0.2189,0.8778,hold
2024-01-04,46.2506,47797800,45.1158,46.5367,44.6421,-0.0038,-0.0766,0.0045,-0.0325,0.1024,58.9704,0.0279,0.0362,-0.0045,0.5451,0.3330,1.1477,hold
2024-01-05,46.2703,34344000,46.4085,47.1979,46.0236,0.0004,-0.0695,0.0247,-0.0344,0.0965,56.9910,0.0270,0.0322,-0.0068,0.5239,-0.2815,0.8224,buy
2024-01-08,47.8097,42135100,46.4479,48.1156,46.3493,0.0333,-0.0358,0.0291,-0.0051,0.1247,58.9383,0.0275,0.0303,-0.0059,0.6626,0.2269,0.9934,hold
2024-01-09,47.4150,30097000,47.3755,47.9182,47.1683,-0.0083,0.0052,0.0010,-0.0134,0.1073,59.2622,0.0271,0.0289,-0.0061,0.5992,-0.2857,0.7204,sell
2024-01-10,46.8426,31480200,47.6025,47.6617,46.3196,-0.0121,0.0089,-0.0600,-0.0192,0.0879,53.2794,0.0202,0.0267,-0.0070,0.5114,0.0460,0.7690,hold
2024-01-11,47.0104,31707900,46.8130,47.2078,46.1124,0.0036,0.0164,-0.0615,-0.0093,0.0858,58.0895,0.0202,0.0245,-0.0072,0.5110,0.0072,0.7743,sell
2024-01-12,46.4973,27587900,46.9709,47.0400,45.9940,-0.0109,0.0049,-0.0649,-0.0134,0.0687,50.1848,0.0202,0.0220,-0.0081,0.4140,-0.1299,0.6800,hold
2024-01-16,46.4381,43720700,46.3591,46.5960,45.7671,-0.0013,-0.0287,-0.0635,-0.0080,0.0626,45.2811,0.0202,0.0195,-0.0085,0.3837,0.5848,1.1146,sell
2024-01-17,45.4513,33488000,45.8065,45.8065,45.0467,-0.0212,-0.0414,-0.0364,-0.0255,0.0361,23.7588,0.0150,0.0159,-0.0102,0.2245,-0.2340,0.9132,buy
2024-01-18,46.1223,46681300,46.4085,46.9413,45.5598,0.0148,-0.0154,-0.0066,-0.0105,0.0472,27.3648,0.0154,0.0136,-0.0097,0.3184,0.3940,1.2412,buy
2024-01-19,47.5137,55979800,46.3789,48.1156,45.8263,0.0302,0.0107,0.0273,0.0166,0.0739,38.7097,0.0181,0.0138,-0.0071,0.5416,0.1992,1.4488,hold
2024-01-22,47.5827,45639500,48.2044,48.5202,47.0104,0.0015,0.0233,0.0284,0.0152,0.0710,39.6955,0.0181,0.0142,-0.0053,0.5347,-0.1847,1.1698,buy
2024-01-23,48.2439,37224100,47.4841,48.2932,46.6946,0.0139,0.0389,0.0091,0.0284,0.0806,56.7534,0.0153,0.0152,-0.0032,0.6396,-0.1844,0.9434,hold
2024-01-24,48.4412,49375800,48.5202,49.1122,47.6321,0.0041,0.0658,0.0216,0.0304,0.0796,63.5639,0.0150,0.0163,-0.0016,0.6640,0.3264,1.2215,buy
2024-01-25,48.8952,84845100,49.3392,49.6352,48.3228,0.0094,0.0601,0.0438,0.0355,0.0846,67.1795,0.0142,0.0176,-0.0001,0.7679,0.7184,2.0371,sell
2024-01-26,43.0731,127665300,43.5961,44.8099,42.7771,-0.1191,-0.0935,-0.0838,-0.0801,-0.0468,38.1579,0.0416,0.0102,-0.0079,-0.1755,0.5047,2.8104,hold
2024-01-29,43.2606,51790900,43.1323,43.4086,42.2442,0.0044,-0.0908,-0.0696,-0.0697,-0.0445,31.2754,0.0417,0.0028,-0.0122,-0.0518,-0.5943,1.1107,sell
2024-01-30,42.3528,47958800,43.0929,43.2409,42.3232,-0.0210,-0.1221,-0.0880,-0.0812,-0.0655,30.0078,0.0419,-0.0048,-0.0161,-0.0823,-0.0740,1.0083,hold
2024-01-31,42.5107,51584200,42.0074,43.2113,41.8002,0.0037,-0.1224,-0.0647,-0.0718,-0.0619,32.3126,0.0418,-0.0104,-0.0173,0.0263,0.0756,1.0781,hold
2024-02-01,42.7870,38819900,42.5797,42.9942,41.9285,0.0065,-0.1249,-0.0723,-0.0589,-0.0556,32.9074,0.0414,-0.0140,-0.0167,0.1132,-0.2474,0.8088,sell
2024-02-02,42.0370,53683500,42.4317,42.5699,41.0502,-0.0175,-0.0241,-0.1153,-0.0641,-0.0713,32.2884,0.0394,-0.0185,-0.0170,0.0848,0.3829,1.1117,hold
2024-02-05,42.2048,28890300,42.0567,42.5797,41.8693,0.0040,-0.0244,-0.1130,-0.0490,-0.0672,33.3333,0.0395,-0.0212,-0.0158,0.1464,-0.4618,0.6017,hold
2024-02-06,42.2988,34068200,42.2592,42.3384,41.7050,0.0022,-0.0013,-0.1232,-0.0340,-0.0648,36.6500,0.0389,-0.0229,-0.0140,0.1912,0.1792,0.7155,hold
2024-02-07,42.3384,34269200,42.4472,42.6551,42.1107,0.0009,-0.0041,-0.1260,-0.0194,-0.0635,33.0708,0.0387,-0.0239,-0.0120,0.2250,0.0059,0.7166,hold
2024-02-08,42.0613,33206500,42.2790,42.5264,41.8930,-0.0065,-0.0170,-0.1398,-0.0101,-0.0690,22.9046,0.0381,-0.0252,-0.0105,0.2269,-0.0310,0.6931,buy
2024-02-09,42.8629,51193000,42.1107,43.0707,41.9623,0.0191,0.0196,-0.0049,0.0092,-0.0510,28.1368,0.0118,-0.0237,-0.0075,0.3244,0.5417,1.0472,buy
2024-02-12,43.5755,51107300,42.9421,44.5750,42.8728,0.0166,0.0325,0.0073,0.0252,-0.0349,28.4775,0.0129,-0.0211,-0.0041,0.4078,-0.0017,1.0209,sell
2024-02-13,42.7144,36622200,42.5561,43.1796,42.3186,-0.0198,0.0098,0.0085,0.0041,-0.0534,25.1206,0.0127,-0.0210,-0.0029,0.3399,-0.2834,0.7368,buy
2024-02-14,43.7338,36186200,43.3676,43.8328,42.9421,0.0239,0.0330,0.0288,0.0251,-0.0310,28.6272,0.0146,-0.0180,-0.0003,0.4501,-0.0119,0.7261,hold
2024-02-15,43.5953,44024500,44.2979,44.8027,43.5656,-0.0032,0.0365,0.0189,0.0200,-0.0348,54.0848,0.0147,-0.0162,0.0012,0.4481,0.2166,0.8857,sell
2024-02-16,43.0608,29975300,43.5755,43.7635,42.6749,-0.0123,0.0046,0.0244,0.0050,-0.0474,48.5175,0.0140,-0.0157,0.0016,0.4118,-0.3191,0.6192,buy
2024-02-20,44.0604,61514100,43.8031,44.7037,42.9718,0.0232,0.0111,0.0440,0.0239,-0.0267,62.5014,0.0155,-0.0129,0.0032,0.5411,1.0522,1.2503,sell
2024-02-21,43.0212,57485200,44.0208,44.2286,42.6353,-0.0236,0.0072,0.0171,-0.0019,-0.0503,53.3107,0.0178,-0.0129,0.0028,0.4437,-0.0655,1.1448,sell
2024-02-22,42.5363,62809300,44.2188,44.2188,42.0909,-0.0113,-0.0274,0.0047,-0.0136,-0.0611,48.4175,0.0183,-0.0136,0.0018,0.3959,0.0926,1.2343,hold
2024-02-23,42.5462,33810700,42.6848,43.0608,42.2196,0.0002,-0.0241,0.0115,-0.0145,-0.0603,53.5461,0.0182,-0.0139,0.0013,0.3776,-0.4617,0.6995,hold
2024-02-26,42.5462,27035400,43.0509,43.2291,42.3779,0.0000,-0.0120,-0.0074,-0.0137,-0.0600,52.4347,0.0170,-0.0140,0.0010,0.3890,-0.2004,0.6243,sell
2024-02-27,42.2889,25126400,42.8035,42.8233,42.0711,-0.0060,-0.0402,-0.0295,-0.0168,-0.0650,49.9310,0.0160,-0.0144,0.0005,0.2997,-0.0706,0.5987,sell
2024-02-28,41.5565,26928500,42.0019,42.0118,41.4773,-0.0173,-0.0340,-0.0271,-0.0312,-0.0799,45.0314,0.0157,-0.0162,-0.0008,0.0449,0.0717,0.6581,buy
2024-02-29,42.6056,48875100,41.9326,42.7045,41.9227,0.0252,0.0016,-0.0258,-0.0041,-0.0555,53.1500,0.0160,-0.0148,0.0001,0.4544,0.8150,1.1985,buy
2024-03-01,43.3676,41426100,42.9619,43.8130,42.6848,0.0179,0.0193,-0.0052,0.0142,-0.0378,52.9344,0.0172,-0.0123,0.0020,0.7365,-0.1524,1.0126,buy
2024-03-04,45.1392,59990800,43.8130,46.1288,43.3973,0.0408,0.0609,0.0483,0.0506,0.0019,58.0943,0.0209,-0.0068,0.0055,1.1803,0.4481,1.4551,sell
2024-03-05,42.7144,56655100,44.1000,44.4068,42.2493,-0.0537,0.0101,-0.0305,-0.0027,-0.0509,50.0000,0.0268,-0.0074,0.0044,0.4327,-0.0556,1.3294,buy
2024-03-06,44.0505,52652000,43.4765,45.0402,43.1103,0.0313,0.0600,0.0239,0.0260,-0.0202,51.3722,0.0276,-0.0049,0.0052,0.8114,-0.0707,1.2091,buy
2024-03-07,45.6736,50378200,45.0798,45.9408,44.7136,0.0368,0.0720,0.0738,0.0561,0.0167,57.9787,0.0291,-0.0002,0.0077,1.1210,-0.0432,1.1359,sell
2024-03-08,43.5458,54916600,45.9606,46.1486,43.5458,-0.0466,0.0041,0.0235,0.0045,-0.0280,51.6588,0.0338,-0.0003,0.0064,0.5738,0.0901,1.2087,buy
2024-03-11,44.3969,35051000,43.4171,44.4662,43.2093,0.0195,-0.0164,0.0435,0.0198,-0.0064,51.1628,0.0342,0.0012,0.0062,0.7663,-0.3617,0.7854,hold
2024-03-12,44.7730,31795800,44.5948,44.8027,44.0010,0.0085,0.0482,0.0587,0.0226,0.0042,56.3441,0.0340,0.0029,0.0063,0.8292,-0.0929,0.7282,sell
2024-03-13,42.7837,53195900,44.0505,44.5157,42.7540,-0.0444,-0.0288,0.0295,-0.0255,-0.0375,50.8080,0.0370,0.0008,0.0035,0.3524,0.6730,1.1956,sell
2024-03-14,42.3087,38100000,42.7837,42.9025,42.0711,-0.0111,-0.0737,-0.0070,-0.0357,-0.0461,49.2472,0.0364,-0.0019,0.0006,0.2612,-0.2838,0.8545,hold
2024-03-15,42.1998,66952900,42.0118,42.7045,41.9128,-0.0026,-0.0309,-0.0269,-0.0356,-0.0467,48.9096,0.0359,-0.0042,-0.0013,0.2581,0.7573,1.4640,hold
2024-03-18,42.2691,27668300,42.6452,42.9322,42.1602,0.0016,-0.0479,-0.0636,-0.0277,-0.0434,49.9370,0.0326,-0.0059,-0.0024,0.2872,-0.5867,0.6065,sell
2024-03-19,41.6159,34673000,41.8138,41.8534,41.0122,-0.0155,-0.0705,-0.0257,-0.0403,-0.0562,50.1901,0.0284,-0.0084,-0.0039,0.1787,0.2532,0.7831,hold
2024-03-20,41.7644,74865000,42.5462,42.5660,40.9825,0.0036,-0.0238,-0.0519,-0.0317,-0.0502,47.1419,0.0260,-0.0100,-0.0044,0.2334,1.1592,1.6583,hold
2024-03-21,41.9821,50807600,42.5462,43.1499,41.8831,0.0052,-0.0077,-0.0808,-0.0183,-0.0429,45.1117,0.0220,-0.0106,-0.0040,0.2882,-0.3213,1.1406,hold
2024-03-22,42.1305,28503100,41.8138,42.3582,41.6555,0.0035,-0.0016,-0.0325,-0.0115,-0.0375,38.0126,0.0175,-0.0107,-0.0033,0.3249,-0.4390,0.6437,sell
2024-03-25,41.3982,47276500,40.4679,41.7841,40.1512,-0.0174,-0.0206,-0.0675,-0.0218,-0.0518,43.9380,0.0160,-0.0123,-0.0038,0.1985,0.6586,1.0438,hold
2024-03-26,41.5565,39109700,41.5169,41.8336,41.2299,0.0038,-0.0014,-0.0718,-0.0106,-0.0460,37.1166,0.0156,-0.0129,-0.0036,0.2429,-0.1727,0.8504,buy
2024-03-27,43.3181,51017800,42.1008,43.3775,42.0613,0.0424,0.0372,0.0125,0.0301,-0.0041,38.0041,0.0167,-0.0095,-0.0004,0.5670,0.3045,1.0810,buy
2024-03-28,43.7140,54204200,43.3082,44.1396,43.2588,0.0091,0.0413,0.0332,0.0360,0.0058,51.0404,0.0163,-0.0063,0.0021,0.6337,0.0625,1.1421,buy
2024-04-01,44.0604,31712600,43.8328,44.9412,43.7239,0.0079,0.0458,0.0441,0.0396,0.0147,47.7807,0.0162,-0.0031,0.0042,0.6923,-0.4149,0.6751,sell
2024-04-02,43.4864,32748400,43.4765,43.6249,43.0509,-0.0130,0.0504,0.0288,0.0231,0.0034,41.7303,0.0171,-0.0018,0.0045,0.6042,0.0327,0.7179,sell
2024-04-03,39.9137,83718000,40.9726,41.2200,39.8048,-0.0822,-0.0395,-0.0409,-0.0571,-0.0758,34.6723,0.0318,-0.0078,-0.0008,-0.0309,1.5564,1.7825,sell
2024-04-04,39.3199,57307200,40.1710,40.3590,39.2902,-0.0149,-0.0923,-0.0585,-0.0658,-0.0858,34.2380,0.0319,-0.0137,-0.0053,-0.0280,-0.3155,1.2141,sell
2024-04-05,38.3104,67263000,38.9438,39.0526,38.1124,-0.0257,-0.1236,-0.0875,-0.0817,-0.1050,31.2679,0.0322,-0.0207,-0.0096,-0.0912,0.1737,1.4000,sell
2024-04-08,37.5879,56967800,38.2411,38.4588,37.5186,-0.0189,-0.1469,-0.1078,-0.0891,-0.1172,28.7892,0.0320,-0.0276,-0.0131,-0.0645,-0.1531,1.1832,hold
2024-04-09,37.9343,78671700,37.6572,38.1817,36.9446,0.0092,-0.1277,-0.0837,-0.0730,-0.1070,32.8413,0.0325,-0.0315,-0.0136,0.0471,0.3810,1.5632,sell
2024-04-10,36.8160,51108400,37.6275,37.8254,36.6378,-0.0295,-0.0776,-0.1141,-0.0898,-0.1306,28.8494,0.0329,-0.0377,-0.0155,-0.0100,-0.3504,0.9964,buy
2024-04-11,37.2415,41909100,37.0436,37.2811,36.6972,0.0116,-0.0529,-0.1403,-0.0652,-0.1185,30.0914,0.0284,-0.0401,-0.0145,0.0974,-0.1800,0.8261,sell
2024-04-12,35.3216,80254800,36.3112,36.3211,35.2325,-0.0516,-0.0780,-0.1920,-0.0943,-0.1611,25.1085,0.0292,-0.0484,-0.0171,-0.0083,0.9150,1.5189,buy
2024-04-15,35.9352,50751600,35.6679,36.3211,35.5195,0.0174,-0.0440,-0.1844,-0.0590,-0.1437,29.8540,0.0304,-0.0505,-0.0158,0.1066,-0.3676,0.9755,hold
2024-04-16,35.8857,30607500,35.8956,36.1331,35.3908,-0.0014,-0.0540,-0.1748,-0.0412,-0.1424,28.9183,0.0309,-0.0523,-0.0140,0.1469,-0.3969,0.5866,sell
2024-04-17,35.3117,41173300,35.7273,35.7570,35.0049,-0.0160,-0.0409,-0.1153,-0.0448,-0.1533,17.3527,0.0214,-0.0552,-0.0131,0.1431,0.3452,0.7843,sell
2024-04-18,34.6783,42334400,35.0543,35.2919,34.4111,-0.0179,-0.0688,-0.1180,-0.0500,-0.1654,13.8559,0.0214,-0.0587,-0.0126,0.1380,0.0282,0.8322,sell
2024-04-19,33.8469,59070300,34.7673,34.7673,33.8271,-0.0240,-0.0417,-0.1165,-0.0613,-0.1821,10.6707,0.0213,-0.0634,-0.0130,0.1230,0.3953,1.1518,hold
2024-04-22,34.0548,39909900,34.0647,34.2131,33.7282,0.0061,-0.0523,-0.0940,-0.0462,-0.1739,12.6275,0.0219,-0.0644,-0.0114,0.1759,-0.3244,0.7696,hold
2024-04-23,33.9261,46834000,33.9855,34.2428,33.8271,-0.0038,-0.0546,-0.1057,-0.0390,-0.1734,17.3678,0.0210,-0.0653,-0.0096,0.2002,0.1735,0.9035,buy
2024-04-24,34.1438,53261100,34.5001,34.8168,33.9855,0.0064,-0.0331,-0.0726,-0.0254,-0.1643,20.5849,0.0206,-0.0641,-0.0071,0.2430,0.1372,1.0137,buy
2024-04-25,34.7475,66549400,34.2032,34.9356,34.1438,0.0177,0.0020,-0.0670,-0.0011,-0.1462,28.7736,0.0213,-0.0603,-0.0034,0.3056,0.2495,1.2482,sell
2024-04-26,31.5509,119742500,31.4519,31.9072,30.3237,-0.0920,-0.0678,-0.1068,-0.0830,-0.2200,22.2222,0.0319,-0.0714,-0.0070,0.0942,0.7993,2.1158,sell
2024-04-29,31.0363,58533300,31.5311,31.5806,30.7493,-0.0163,-0.0886,-0.1363,-0.0850,-0.2280,18.7444,0.0304,-0.0770,-0.0093,0.0692,-0.5112,1.0103,sell
2024-04-30,30.1554,72346400,30.7196,30.8581,30.1060,-0.0284,-0.1111,-0.1597,-0.0957,-0.2450,19.1567,0.0303,-0.0843,-0.0117,0.0032,0.2360,1.2075,hold
2024-05-01,30.0565,60654800,29.8585,30.7196,29.7101,-0.0033,-0.1197,-0.1488,-0.0842,-0.2422,15.6900,0.0306,-0.0879,-0.0120,0.0458,-0.1616,1.0322,hold
2024-05-02,30.1950,50899400,30.2742,30.3534,29.8783,0.0046,-0.1310,-0.1293,-0.0672,-0.2337,20.5011,0.0312,-0.0886,-0.0105,0.0992,-0.1608,0.8709,buy
2024-05-03,30.5810,36794800,30.6602,30.7394,30.3831,0.0128,-0.0307,-0.0965,-0.0457,-0.2192,18.3625,0.0320,-0.0864,-0.0074,0.1682,-0.2771,0.6464,hold
2024-05-06,30.7748,36185600,30.9238,31.0033,30.5363,0.0063,-0.0084,-0.0963,-0.0297,-0.2095,20.3063,0.0320,-0.0836,-0.0040,0.2148,-0.0166,0.6476,hold
2024-05-07,30.4866,44683400,30.8940,31.2518,30.4170,-0.0094,0.0110,-0.1014,-0.0282,-0.2120,21.0039,0.0319,-0.0823,-0.0016,0.2110,0.2348,0.8247,sell
2024-05-08,29.8109,63734600,29.8109,29.9599,29.5426,-0.0222,-0.0082,-0.1269,-0.0365,-0.2245,20.8976,0.0316,-0.0834,-0.0007,0.1750,0.4264,1.1628,hold
2024-05-09,29.9003,45003400,29.7413,30.1984,29.6221,0.0030,-0.0098,-0.1395,-0.0182,-0.2174,24.1056,0.0303,-0.0813,0.0009,0.2067,-0.2939,0.8187,hold
2024-05-10,29.6618,42931300,30.1388,30.2680,29.6519,-0.0080,-0.0301,-0.0599,-0.0200,-0.2184,21.2927,0.0133,-0.0802,0.0021,0.2113,-0.0460,0.8085,buy
2024-05-13,30.3177,51459100,29.8407,30.9338,29.8109,0.0221,-0.0149,-0.0232,0.0041,-0.1956,27.9393,0.0154,-0.0746,0.0048,0.3020,0.1986,0.9685,buy
2024-05-14,30.8543,47759900,30.4270,30.9139,30.4170,0.0177,0.0121,0.0232,0.0195,-0.1751,30.6435,0.0135,-0.0680,0.0080,0.3820,-0.0719,0.8846,buy
2024-05-15,31.0729,36992900,31.1822,31.2021,30.6158,0.0071,0.0423,0.0338,0.0233,-0.1640,27.3511,0.0134,-0.0621,0.0107,0.4294,-0.2254,0.6878,buy
2024-05-16,31.8281,47752800,31.4306,32.0566,31.3213,0.0243,0.0645,0.0541,0.0426,-0.1380,52.4442,0.0149,-0.0539,0.0137,0.5558,0.2909,0.8834,sell
2024-05-17,31.6294,41449800,31.8579,31.9076,31.3909,-0.0062,0.0663,0.0343,0.0325,-0.1368,55.5379,0.0151,-0.0488,0.0154,0.5454,-0.1320,0.7795,buy
2024-05-20,31.8977,31989000,31.6492,32.2156,31.5598,0.0085,0.0521,0.0365,0.0375,-0.1240,68.3686,0.0152,-0.0430,0.0165,0.6130,-0.2282,0.6061,sell
2024-05-21,31.5399,42975400,31.7784,32.0368,31.4207,-0.0112,0.0222,0.0346,0.0223,-0.1276,64.8311,0.0153,-0.0396,0.0165,0.5802,0.3434,0.8173,sell
2024-05-22,31.2219,36706400,31.7089,31.8678,30.9040,-0.0101,0.0048,0.0473,0.0074,-0.1299,59.9112,0.0135,-0.0373,0.0155,0.5567,-0.1459,0.7092,sell
2024-05-23,29.8904,62014500,31.2518,31.3710,29.6817,-0.0426,-0.0609,-0.0003,-0.0355,-0.1610,44.3633,0.0202,-0.0398,0.0123,0.2113,0.6895,1.2035,buy
2024-05-24,30.5264,42434500,30.0991,30.8245,29.9401,0.0213,-0.0349,0.0291,-0.0177,-0.1374,48.1089,0.0210,-0.0375,0.0108,0.4477,-0.3157,0.8903,buy
2024-05-28,30.8642,36799100,30.7450,31.1723,30.4667,0.0111,-0.0324,0.0180,-0.0086,-0.1222,52.8529,0.0201,-0.0347,0.0104,0.5727,-0.1328,0.7900,sell
2024-05-29,29.9401,35848600,30.2779,30.4767,29.9202,-0.0299,-0.0507,-0.0296,-0.0355,-0.1425,50.9407,0.0216,-0.0359,0.0085,0.2460,-0.0258,0.8010,hold
2024-05-30,29.9997,33351000,30.0196,30.3077,29.8705,0.0020,-0.0391,-0.0345,-0.0302,-0.1350,50.7268,0.0214,-0.0353,0.0072,0.2692,-0.0697,0.7687,buy
2024-05-31,30.6555,95797500,30.0295,30.7648,29.7513,0.0219,0.0256,-0.0368,-0.0052,-0.1104,56.8493,0.0210,-0.0321,0.0076,0.4938,1.8724,2.0993,sell
2024-06-03,30.0991,35544900,30.8344,30.8741,29.8606,-0.0182,-0.0140,-0.0484,-0.0184,-0.1205,48.4722,0.0215,-0.0318,0.0069,0.3058,-0.6290,0.7800,sell
2024-06-04,29.8407,51027200,30.5562,30.5562,29.7513,-0.0086,-0.0332,-0.0645,-0.0203,-0.1218,42.6301,0.0211,-0.0318,0.0058,0.2390,0.4356,1.1018,buy
2024-06-05,30.5860,44161700,30.0792,30.6456,29.8208,0.0250,0.0216,-0.0302,0.0074,-0.0941,46.7114,0.0231,-0.0284,0.0066,0.4928,-0.1345,0.9541,sell
2024-06-06,30.2282,34248100,30.3574,30.3972,29.9699,-0.0117,0.0076,-0.0318,-0.0011,-0.0986,38.5816,0.0232,-0.0273,0.0065,0.3594,-0.2245,0.7643,buy
2024-06-07,30.5462,34085500,30.0593,30.5860,30.0196,0.0105,-0.0036,0.0219,0.0072,-0.0821,42.3989,0.0188,-0.0248,0.0069,0.4588,-0.0047,0.7700,hold
2024-06-10,30.7152,37396500,30.3574,30.7549,30.0991,0.0055,0.0205,0.0062,0.0121,-0.0698,41.5842,0.0176,-0.0222,0.0075,0.5010,0.0971,0.8501,hold
2024-06-11,30.7251,25326900,30.5760,30.8344,30.3376,0.0003,0.0296,-0.0045,0.0129,-0.0619,43.8988,0.0173,-0.0200,0.0078,0.4969,-0.3227,0.5934,hold
2024-06-12,30.5661,51323900,31.2617,31.2816,30.1984,-0.0052,-0.0006,0.0209,0.0056,-0.0593,44.9695,0.0140,-0.0185,0.0075,0.4406,1.0265,1.1974,sell
2024-06-13,30.2680,33787200,30.1885,30.3872,29.9500,-0.0098,0.0013,0.0089,-0.0051,-0.0630,53.4420,0.0145,-0.0181,0.0066,0.3407,-0.3417,0.7913,hold
2024-06-14,30.2581,28125900,30.0991,30.3674,30.0196,-0.0003,-0.0094,-0.0130,-0.0041,-0.0580,47.2393,0.0125,-0.0174,0.0058,0.3552,-0.1676,0.6742,buy
2024-06-17,30.7847,36235300,30.1487,30.8046,29.9898,0.0174,0.0023,0.0228,0.0109,-0.0371,49.2126,0.0122,-0.0150,0.0062,0.6050,0.2883,0.8740,sell
2024-06-18,30.4369,33294700,30.7947,31.2716,30.3077,-0.0113,-0.0094,0.0200,-0.0024,-0.0437,55.5556,0.0125,-0.0142,0.0058,0.4729,-0.0812,0.8018,hold
2024-06-20,30.4270,43826300,30.3674,30.9139,30.2581,-0.0003,-0.0046,-0.0052,-0.0022,-0.0395,54.8315,0.0096,-0.0134,0.0053,0.4986,0.3163,1.0544,buy
2024-06-21,30.8940,90795200,30.6555,31.1623,30.4767,0.0153,0.0207,0.0220,0.0109,-0.0210,52.8169,0.0099,-0.0111,0.0058,0.8639,1.0717,2.0509,sell
2024-06-24,30.3773,40611800,30.9437,31.2219,30.3376,-0.0167,0.0039,-0.0055,-0.0055,-0.0332,53.3175,0.0110,-0.0110,0.0050,0.4515,-0.5527,0.9401,buy
2024-06-25,30.5462,29323600,30.5065,30.6357,30.0991,0.0056,-0.0077,-0.0055,0.0006,-0.0249,58.5956,0.0110,-0.0100,0.0047,0.5880,-0.2780,0.6892,sell
2024-06-26,30.3475,30743000,30.4469,30.4866,30.0792,-0.0065,-0.0029,-0.0123,-0.0047,-0.0278,46.6480,0.0112,-0.0098,0.0040,0.4446,0.0484,0.7278,hold
2024-06-27,30.3972,30184300,30.2282,30.4667,30.0991,0.0016,-0.0010,-0.0055,-0.0025,-0.0227,52.5994,0.0111,-0.0094,0.0036,0.4650,-0.0182,0.7194,buy
2024-06-28,30.7748,41467700,30.5562,31.1126,30.5264,0.0124,-0.0039,0.0167,0.0082,-0.0077,53.4535,0.0113,-0.0078,0.0040,0.7906,0.3738,0.9788,sell
2024-07-01,30.6456,32401800,30.7152,30.8245,30.4170,-0.0042,0.0088,0.0128,0.0027,-0.0093,48.9362,0.0114,-0.0070,0.0039,0.6666,-0.2186,0.8267,buy
2024-07-02,30.8741,35999300,30.6655,31.1126,30.3972,0.0075,0.0107,0.0029,0.0099,0.0000,52.1368,0.0102,-0.0056,0.0042,0.8513,0.1110,0.9179,buy
2024-07-03,31.0331,24065700,30.9238,31.1424,30.7152,0.0051,0.0226,0.0196,0.0131,0.0072,56.6952,0.0095,-0.0040,0.0045,0.9999,-0.3315,0.6355,buy
2024-07-05,31.8182,45309400,31.2021,32.1361,31.1126,0.0253,0.0467,0.0457,0.0340,0.0340,69.5001,0.0119,-0.0007,0.0061,1.3183,0.8827,1.1946,buy
2024-07-08,33.7757,82315900,32.8218,33.8751,32.6131,0.0615,0.0975,0.0933,0.0875,0.0979,79.6980,0.0216,0.0063,0.0102,1.4498,0.8168,2.0410,buy
2024-07-09,34.3720,97546900,34.7992,34.9980,33.5074,0.0177,0.1216,0.1315,0.0926,0.1176,79.9337,0.0197,0.0129,0.0133,1.2583,0.1850,2.2422,buy
2024-07-10,34.6502,52256200,34.2229,34.7496,33.9149,0.0081,0.1223,0.1344,0.0873,0.1244,85.5705,0.0196,0.0185,0.0151,1.1277,-0.4643,1.1810,sell
2024-07-11,33.2888,55213700,34.8092,34.9284,33.1000,-0.0393,0.0727,0.0969,0.0350,0.0786,69.6722,0.0251,0.0204,0.0135,0.8392,0.0566,1.2071,buy
2024-07-12,34.2726,62792600,33.5571,35.2563,33.5571,0.0296,0.0771,0.1275,0.0529,0.1075,71.6837,0.0257,0.0227,0.0129,0.9381,0.1373,1.3558,hold
2024-07-15,34.2428,39847900,34.4813,35.0079,34.0937,-0.0009,0.0138,0.1127,0.0409,0.1036,76.4626,0.0260,0.0247,0.0119,0.8817,-0.3654,0.8548,hold
2024-07-16,34.1235,28409900,34.1434,34.2328,33.6267,-0.0035,-0.0072,0.1135,0.0264,0.0970,74.6576,0.0260,0.0258,0.0103,0.8255,-0.2870,0.6092,hold
2024-07-17,34.2428,112304200,35.8526,36.9258,34.1832,0.0035,-0.0118,0.1091,0.0197,0.0982,77.1468,0.0261,0.0265,0.0089,0.8077,2.9530,2.2267,buy
2024-07-18,34.6502,84188600,34.7396,36.0712,34.3123,0.0119,0.0409,0.1166,0.0208,0.1085,78.2322,0.0260,0.0274,0.0080,0.8273,-0.2504,1.5891,sell
2024-07-19,32.7721,69628700,34.3521,34.3620,32.6429,-0.0542,-0.0438,0.0300,-0.0372,0.0469,61.0561,0.0326,0.0251,0.0036,0.5524,-0.1729,1.2830,buy
2024-07-22,33.1596,48503700,33.0702,33.1994,32.5535,0.0118,-0.0316,-0.0182,-0.0241,0.0570,63.5294,0.0259,0.0225,0.0010,0.5931,-0.3034,0.9300,sell
2024-07-23,32.7423,29466400,32.7522,33.0205,32.6231,-0.0126,-0.0405,-0.0474,-0.0317,0.0418,59.8533,0.0251,0.0196,-0.0017,0.5161,-0.3925,0.5711,sell
2024-07-24,31.5002,62216700,32.3249,32.5932,31.4604,-0.0379,-0.0801,-0.0909,-0.0597,0.0011,52.2107,0.0267,0.0144,-0.0062,0.3147,1.1114,1.1685,sell
2024-07-25,30.9040,49774000,31.1723,31.7883,30.7549,-0.0189,-0.1081,-0.0716,-0.0709,-0.0182,45.5939,0.0249,0.0083,-0.0102,0.2100,-0.2000,0.9184,buy
2024-07-26,31.1524,38352500,31.2319,31.3611,30.8245,0.0080,-0.0494,-0.0910,-0.0545,-0.0105,34.8624,0.0221,0.0037,-0.0117,0.2352,-0.2295,0.7024,sell
2024-07-29,30.6357,32342200,31.2219,31.2716,30.5959,-0.0166,-0.0761,-0.1053,-0.0599,-0.0266,28.2407,0.0220,-0.0012,-0.0135,0.1530,-0.1567,0.5973,sell
2024-07-30,29.9401,48256600,30.6555,30.7152,29.8208,-0.0227,-0.0856,-0.1226,-0.0693,-0.0476,23.8411,0.0221,-0.0070,-0.0157,0.0611,0.4921,0.8784,buy
2024-07-31,30.5462,56110600,30.3475,30.6754,30.0891,0.0202,-0.0303,-0.1080,-0.0394,-0.0276,33.3735,0.0241,-0.0097,-0.0145,0.1644,0.1628,1.0030,sell
2024-08-01,28.8669,107672500,30.2382,30.5164,28.7079,-0.0550,-0.0659,-0.1669,-0.0754,-0.0793,19.7778,0.0262,-0.0171,-0.0178,-0.0221,0.9189,1.7908,sell
2024-08-02,21.3446,300895900,21.8017,21.8414,20.2913,-0.2606,-0.3148,-0.3487,-0.2904,-0.3148,10.7618,0.0813,-0.0582,-0.0473,-0.3693,1.7945,4.1272,sell
2024-08-05,19.9832,147385700,20.0727,20.2615,19.1684,-0.0638,-0.3477,-0.3974,-0.3052,-0.3538,10.0056,0.0796,-0.0963,-0.0677,-0.2005,-0.5102,1.9353,hold
2024-08-06,19.7050,106670400,20.1919,20.5000,19.6255,-0.0139,-0.3419,-0.3982,-0.2824,-0.3586,9.2479,0.0796,-0.1247,-0.0766,-0.0744,-0.2763,1.3923,sell
2024-08-07,18.9900,97972300,19.9200,20.2500,18.9500,-0.0363,-0.3783,-0.3971,-0.2754,-0.3772,6.8457,0.0796,-0.1530,-0.0825,-0.0107,-0.0815,1.2417,buy
2024-08-08,20.4900,96836800,19.1000,20.5500,18.8400,0.0790,-0.2902,-0.3370,-0.1858,-0.3234,15.4344,0.0888,-0.1514,-0.0689,0.1135,-0.0116,1.1958,sell
2024-08-09,19.7100,76394500,20.0800,20.1500,19.5000,-0.0381,-0.0766,-0.3673,-0.1795,-0.3447,12.9666,0.0874,-0.1667,-0.0647,0.1275,-0.2111,0.9355,hold
2024-08-12,19.3600,54677600,19.8700,19.9700,19.0000,-0.0178,-0.0312,-0.3681,-0.1543,-0.3518,13.0149,0.0874,-0.1765,-0.0582,0.1543,-0.2843,0.6635,buy
2024-08-13,20.4700,77511300,19.4800,20.4800,19.4700,0.0573,0.0388,-0.3163,-0.0673,-0.3099,19.2912,0.0927,-0.1658,-0.0431,0.2288,0.4176,0.9134,hold
2024-08-14,19.9200,56758200,20.4900,20.5000,19.7900,-0.0269,0.0490,-0.3479,-0.0462,-0.3238,19.3410,0.0909,-0.1698,-0.0349,0.2336,-0.2677,0.6915,buy
2024-08-15,20.6900,84814900,20.3200,21.0600,20.2300,0.0387,0.0098,-0.2833,0.0311,-0.2933,21.6231,0.0937,-0.1581,-0.0226,0.2871,0.4943,1.0329,hold
2024-08-16,20.8700,48582700,20.5300,20.9000,20.4100,0.0087,0.0589,-0.0222,0.0425,-0.2823,23.0200,0.0461,-0.1501,-0.0126,0.3153,-0.4272,0.5993,buy
2024-08-19,21.5200,65956300,20.8900,21.8600,20.8400,0.0311,0.1116,0.0769,0.0668,-0.2555,26.6788,0.0414,-0.1365,-0.0025,0.3628,0.3576,0.8050,sell
2024-08-20,20.9900,84161300,21.2100,21.2300,20.8200,-0.0246,0.0254,0.0652,0.0339,-0.2690,23.4198,0.0421,-0.1331,0.0034,0.3570,0.2760,0.9940,buy
2024-08-21,21.4100,57028900,21.0700,21.4400,21.0700,0.0200,0.0748,0.1274,0.0422,-0.2495,27.6966,0.0393,-0.1221,0.0094,0.3965,-0.3224,0.6756,sell
2024-08-22,20.1000,81444700,21.3900,21.4000,20.0400,-0.0612,-0.0285,-0.0190,-0.0197,-0.2902,44.0759,0.0381,-0.1268,0.0106,0.3463,0.4281,0.9471,buy
2024-08-23,20.5400,73398400,20.3200,20.9300,20.2600,0.0219,-0.0158,0.0421,-0.0023,-0.2695,52.9049,0.0363,-0.1185,0.0128,0.3902,-0.0988,0.8365,sell
2024-08-26,20.1300,58534800,20.5300,20.5600,19.9500,-0.0200,-0.0646,0.0398,-0.0258,-0.2788,52.1873,0.0365,-0.1167,0.0138,0.3831,-0.2025,0.6573,hold
2024-08-27,20.0700,43862000,20.1300,20.2600,19.8400,-0.0030,-0.0438,-0.0195,-0.0269,-0.2757,55.9603,0.0314,-0.1126,0.0146,0.3977,-0.2507,0.4938,sell
2024-08-28,19.6100,50144900,19.9800,20.1100,19.5100,-0.0229,-0.0841,-0.0156,-0.0477,-0.2866,44.5137,0.0311,-0.1123,0.0144,0.3613,0.1432,0.5664,buy
2024-08-29,20.1300,64529700,19.7600,20.6000,19.7500,0.0265,0.0015,-0.0271,-0.0198,-0.2621,52.7062,0.0295,-0.1038,0.0157,0.4379,0.2869,0.7471,buy
2024-08-30,22.0400,177785400,21.2500,22.1200,21.0000,0.0949,0.0730,0.0561,0.0671,-0.1871,64.3777,0.0427,-0.0828,0.0210,1.0605,1.7551,2.2162,sell
2024-09-03,20.1000,115305500,21.5400,21.6900,19.9900,-0.0880,-0.0015,-0.0660,-0.0201,-0.2527,48.1773,0.0509,-0.0871,0.0214,0.4200,-0.3514,1.4666,sell
2024-09-04,19.4300,85871900,19.7600,20.0500,19.2800,-0.0333,-0.0319,-0.0743,-0.0455,-0.2717,47.6144,0.0513,-0.0889,0.0187,0.2090,-0.2553,1.1069,hold
2024-09-05,19.4000,65388800,19.2800,19.9000,19.2400,-0.0015,-0.0107,-0.0939,-0.0375,-0.2667,43.2319,0.0505,-0.0872,0.0164,0.1791,-0.2385,0.8610,sell
2024-09-06,18.8900,92686500,19.4400,19.4900,18.6400,-0.0263,-0.0616,-0.0602,-0.0571,-0.2797,39.9594,0.0476,-0.0892,0.0138,0.0727,0.4175,1.2237,hold
2024-09-09,19.0700,64244100,19.0000,19.5400,18.9500,0.0095,-0.1348,-0.0716,-0.0411,-0.2665,36.9542,0.0470,-0.0863,0.0126,0.1535,-0.3069,0.8551,hold
2024-09-10,18.9800,55621300,19.0300,19.1100,18.5100,-0.0047,-0.0557,-0.0571,-0.0401,-0.2633,38.7710,0.0467,-0.0845,0.0119,0.1429,-0.1342,0.7398,buy
2024-09-11,19.6400,71403100,19.0100,19.6900,18.5200,0.0348,0.0108,-0.0214,-0.0045,-0.2311,40.3700,0.0484,-0.0764,0.0134,0.3465,0.2837,0.9536,hold
2024-09-12,19.3600,51520600,19.4300,19.5400,19.0400,-0.0143,-0.0021,-0.0127,-0.0175,-0.2352,45.4657,0.0481,-0.0736,0.0140,0.2789,-0.2785,0.6905,buy
2024-09-13,19.6600,44236300,19.4900,19.8000,19.4900,0.0155,0.0408,-0.0233,0.0002,-0.2163,44.5137,0.0475,-0.0674,0.0151,0.3770,-0.1414,0.6094,buy
2024-09-16,20.9100,149337000,20.0300,21.0700,19.7600,0.0636,0.0965,-0.0513,0.0699,-0.1591,54.4018,0.0410,-0.0541,0.0187,0.7278,2.3759,1.9239,buy
2024-09-17,21.4700,196249800,21.7100,22.5800,21.2400,0.0268,0.1312,0.0682,0.0909,-0.1280,57.4786,0.0295,-0.0430,0.0224,0.8876,0.3141,2.3325,sell
2024-09-18,20.7700,118727900,21.3600,21.7400,20.7200,-0.0326,0.0575,0.0690,0.0482,-0.1470,56.0417,0.0294,-0.0387,0.0231,0.6955,-0.3950,1.3827,buy
2024-09-19,21.1400,99829200,21.2800,21.6900,21.0300,0.0178,0.0919,0.0897,0.0576,-0.1220,55.3439,0.0294,-0.0318,0.0231,0.8120,-0.1592,1.1343,buy
2024-09-20,21.8400,260377900,20.8900,23.1400,20.3500,0.0331,0.1109,0.1562,0.0767,-0.0843,48.7864,0.0274,-0.0232,0.0240,0.9457,1.6082,2.6856,buy
2024-09-23,22.5600,184439100,22.4300,22.8200,22.0300,0.0330,0.0789,0.1830,0.0934,-0.0447,67.5214,0.0279,-0.0139,0.0254,1.0307,-0.2916,1.7993,buy
2024-09-24,22.8100,113082500,22.5300,23.1100,22.2900,0.0111,0.0624,0.2018,0.0854,-0.0247,75.6061,0.0269,-0.0060,0.0263,0.9937,-0.3869,1.0746,buy
2024-09-25,23.5400,117013400,22.8000,24.0600,22.7300,0.0320,0.1334,0.1986,0.0997,0.0157,78.3562,0.0268,0.0025,0.0271,1.0281,0.0348,1.0746,buy
2024-09-26,23.9200,95416900,24.2800,24.4200,23.2500,0.0161,0.1315,0.2355,0.0941,0.0414,85.0767,0.0242,0.0102,0.0275,0.9985,-0.1846,0.8584,hold
2024-09-27,23.9100,85883300,24.1600,24.6600,23.7000,-0.0004,0.0948,0.2162,0.0728,0.0508,84.5714,0.0252,0.0161,0.0267,0.9292,-0.0999,0.7653,sell
2024-09-30,23.4600,66308200,23.7400,23.9500,23.0900,-0.0188,0.0399,0.1220,0.0407,0.0395,80.4348,0.0227,0.0193,0.0241,0.8383,-0.2279,0.6218,sell
2024-10-01,22.6900,86344400,23.4600,23.7200,22.2600,-0.0328,-0.0053,0.0568,0.0011,0.0148,70.4150,0.0260,0.0195,0.0195,0.7099,0.3022,0.8208,sell
2024-10-02,22.3900,59033900,22.6700,23.0700,22.3500,-0.0132,-0.0489,0.0780,-0.0191,0.0108,70.2270,0.0234,0.0180,0.0145,0.6503,-0.3163,0.5684,hold
2024-10-03,22.2600,49565900,22.1400,22.7300,21.6500,-0.0058,-0.0694,0.0530,-0.0296,0.0134,67.7596,0.0234,0.0161,0.0100,0.6151,-0.1604,0.4809,buy
2024-10-04,22.5900,49845500,22.7000,22.9100,22.3000,0.0148,-0.0552,0.0343,-0.0184,0.0362,63.1250,0.0217,0.0153,0.0075,0.6439,0.0056,0.4939,sell
2024-10-07,22.3800,54928700,22.4000,22.6500,22.0200,-0.0093,-0.0460,-0.0080,-0.0267,0.0349,57.5207,0.0193,0.0141,0.0049,0.5928,0.1020,0.5468,buy
2024-10-08,23.3200,58650500,22.2500,23.4200,22.0500,0.0420,0.0278,0.0224,0.0119,0.0857,70.2703,0.0234,0.0155,0.0054,0.7294,0.0678,0.5830,hold
2024-10-09,23.4600,44759000,23.2500,23.4800,23.0600,0.0060,0.0478,-0.0034,0.0183,0.0989,69.1419,0.0211,0.0173,0.0058,0.7346,-0.2369,0.4508,sell
2024-10-10,23.2200,44874600,23.1900,23.5300,22.9600,-0.0102,0.0431,-0.0293,0.0110,0.0952,62.3214,0.0205,0.0180,0.0051,0.6750,0.0026,0.4535,buy
2024-10-11,23.5600,43585300,23.0500,23.8200,22.9800,0.0146,0.0429,-0.0146,0.0273,0.1168,59.5785,0.0212,0.0190,0.0050,0.7434,-0.0287,0.4406,hold
2024-10-14,23.4400,35403600,23.5800,23.7700,23.2700,-0.0051,0.0474,-0.0009,0.0222,0.1089,56.1886,0.0204,0.0195,0.0044,0.6942,-0.1877,0.3798,sell
2024-10-15,22.6600,68900600,23.4100,23.7200,22.4700,-0.0333,-0.0283,-0.0013,-0.0117,0.0693,41.4397,0.0205,0.0175,0.0015,0.4603,0.9461,0.7933,sell
2024-10-16,22.3100,62151800,22.3800,22.5400,21.7400,-0.0154,-0.0490,-0.0036,-0.0266,0.0502,34.2466,0.0206,0.0142,-0.0016,0.3052,-0.0979,0.7397,hold
2024-10-17,22.4400,43807600,22.7200,22.8200,22.4000,0.0058,-0.0336,0.0081,-0.0217,0.0529,35.9465,0.0206,0.0117,-0.0033,0.2952,-0.2952,0.5394,buy
2024-10-18,22.7700,39971700,22.6100,22.8200,22.5000,0.0147,-0.0335,0.0080,-0.0081,0.0661,43.2485,0.0206,0.0106,-0.0033,0.4029,-0.0876,0.5694,hold
2024-10-21,22.8400,39727000,22.6100,22.8800,22.2500,0.0031,-0.0256,0.0206,-0.0070,0.0663,51.7007,0.0203,0.0100,-0.0031,0.4272,-0.0061,0.6310,sell
2024-10-22,22.4000,50160400,22.7300,22.8200,22.1700,-0.0193,-0.0115,-0.0395,-0.0223,0.0428,50.1099,0.0157,0.0081,-0.0042,0.2418,0.2626,0.8386,sell
2024-10-23,21.9800,45799100,22.3000,22.4300,21.5800,-0.0188,-0.0148,-0.0631,-0.0344,0.0218,47.1074,0.0159,0.0049,-0.0061,0.1070,-0.0869,0.8141,buy
2024-10-24,22.3400,40554400,22.0900,22.3700,21.9700,0.0164,-0.0045,-0.0379,-0.0147,0.0362,47.4333,0.0173,0.0035,-0.0059,0.2796,-0.1145,0.7578,buy
2024-10-25,22.6800,67503000,22.4200,23.3400,22.4100,0.0152,-0.0040,-0.0374,0.0042,0.0500,53.0000,0.0174,0.0036,-0.0045,0.4588,0.6645,1.2835,buy
2024-10-28,22.9200,41915000,22.6700,23.2700,22.5600,0.0106,0.0035,-0.0222,0.0171,0.0591,45.3488,0.0179,0.0044,-0.0029,0.6030,-0.3791,0.8159,hold
2024-10-29,22.9000,83422200,22.8700,23.1400,22.4100,-0.0009,0.0223,0.0106,0.0152,0.0568,43.3014,0.0142,0.0050,-0.0018,0.5860,0.9903,1.6284,sell
2024-10-30,22.3000,50941200,22.4200,22.9300,22.2600,-0.0262,0.0146,-0.0004,-0.0114,0.0279,39.8678,0.0159,0.0034,-0.0029,0.2620,-0.3894,1.0023,sell
2024-10-31,21.5200,112485500,22.1500,22.2500,21.4700,-0.0350,-0.0367,-0.0410,-0.0421,-0.0082,29.5181,0.0192,-0.0008,-0.0059,-0.0614,1.2081,2.0842,buy
2024-11-01,23.2000,173471100,23.0000,23.5800,21.9100,0.0781,0.0229,0.0189,0.0307,0.0662,48.1651,0.0321,0.0019,-0.0023,0.7179,0.5422,2.8839,sell
2024-11-04,22.5200,84616300,22.9600,23.0000,22.0000,-0.0293,-0.0175,-0.0140,0.0020,0.0331,48.9130,0.0336,0.0016,-0.0021,0.3973,-0.5122,1.3729,buy
2024-11-05,23.3200,59153300,22.5800,23.5800,22.4000,0.0355,0.0183,0.0411,0.0333,0.0667,57.3295,0.0348,0.0041,0.0004,0.7725,-0.3009,0.9593,buy
2024-11-06,25.0500,116760500,24.3000,25.1200,24.0500,0.0742,0.1233,0.1397,0.0951,0.1406,65.3710,0.0399,0.0111,0.0061,1.2655,0.9739,1.7892,buy
2024-11-07,26.2300,101489300,25.4300,26.3800,25.1900,0.0471,0.2189,0.1741,0.1275,0.1872,68.5225,0.0413,0.0195,0.0118,1.2733,-0.1308,1.4905,hold
2024-11-08,26.2000,76428000,26.0000,26.4300,25.8300,-0.0011,0.1293,0.1552,0.1094,0.1793,68.0645,0.0417,0.0262,0.0148,1.1079,-0.2469,1.0960,sell
2024-11-11,25.0500,80185300,25.9600,26.2900,24.8300,-0.0439,0.1123,0.0929,0.0512,0.1245,63.2368,0.0457,0.0289,0.0136,0.8471,0.0492,1.1141,sell
2024-11-12,24.1600,62539700,24.6600,24.9600,23.8900,-0.0355,0.0360,0.0550,0.0086,0.0806,60.4008,0.0479,0.0279,0.0096,0.6665,-0.2201,0.8728,buy
2024-11-13,24.9200,58202000,24.0600,25.1400,24.0200,0.0315,-0.0052,0.1175,0.0290,0.1092,61.8566,0.0470,0.0276,0.0079,0.7765,-0.0694,0.8145,hold
2024-11-14,25.0300,49252100,25.1200,25.6100,24.9300,0.0044,-0.0457,0.1631,0.0188,0.1085,61.0329,0.0442,0.0279,0.0067,0.7676,-0.1538,0.6866,sell
2024-11-15,24.3500,55104900,24.8100,24.8200,24.2300,-0.0272,-0.0706,0.0496,-0.0135,0.0732,56.4473,0.0401,0.0265,0.0037,0.6334,0.1188,0.7602,buy
2024-11-18,24.8400,59589500,24.3300,25.0200,24.1600,0.0201,-0.0084,0.1030,-0.0030,0.0893,58.3910,0.0383,0.0256,0.0026,0.7003,0.0814,0.8110,sell
2024-11-19,24.2000,61190900,24.5000,24.5400,24.1000,-0.0258,0.0017,0.0377,-0.0321,0.0564,58.1897,0.0388,0.0236,-0.0000,0.5741,0.0269,0.8266,hold
2024-11-20,24.0100,50191500,24.0700,24.2100,23.5500,-0.0079,-0.0365,-0.0415,-0.0357,0.0441,61.3079,0.0301,0.0207,-0.0025,0.5231,-0.1798,0.6760,buy
2024-11-21,24.4400,58928400,24.0800,24.7700,23.8300,0.0179,-0.0236,-0.0682,-0.0113,0.0581,56.3525,0.0257,0.0192,-0.0029,0.5870,0.1741,0.7840,hold
2024-11-22,24.5000,36784700,24.3500,24.6800,24.1400,0.0025,0.0062,-0.0649,-0.0020,0.0563,60.8315,0.0258,0.0182,-0.0031,0.5832,-0.3758,0.4996,buy
2024-11-25,24.8700,91128400,25.0400,25.5700,24.7600,0.0151,0.0012,-0.0072,0.0138,0.0686,58.8978,0.0228,0.0182,-0.0022,0.6397,1.4773,1.1976,sell
2024-11-26,24.0500,69613600,24.9500,24.9900,23.8100,-0.0330,-0.0062,-0.0046,-0.0192,0.0311,43.5897,0.0224,0.0161,-0.0040,0.4607,-0.2361,0.9232,sell
2024-11-27,23.6500,53992300,23.8300,23.9300,23.0600,-0.0166,-0.0150,-0.0510,-0.0305,0.0114,31.6239,0.0199,0.0126,-0.0062,0.3533,-0.2244,0.7146,buy
2024-11-29,24.0500,36616800,23.7200,24.2800,23.6000,0.0169,-0.0160,-0.0392,-0.0101,0.0260,35.4533,0.0209,0.0107,-0.0062,0.3950,-0.3218,0.5103,hold
2024-12-02,23.9300,150497900,24.8400,25.4800,23.4400,-0.0050,-0.0233,-0.0172,-0.0134,0.0190,41.1950,0.0193,0.0089,-0.0065,0.3454,3.1101,2.1313,sell
2024-12-03,22.4700,138160500,23.6800,23.7500,22.4400,-0.0610,-0.0965,-0.0954,-0.0644,-0.0431,37.8066,0.0253,0.0027,-0.0110,-0.0690,-0.0820,1.8851,sell
2024-12-04,21.9600,104649000,22.5300,22.5400,21.8100,-0.0227,-0.0869,-0.0926,-0.0770,-0.0641,27.8443,0.0251,-0.0046,-0.0149,-0.1018,-0.2426,1.3849,sell
2024-12-05,20.8000,167993500,22.0400,22.1900,20.6600,-0.0528,-0.1205,-0.1337,-0.1138,-0.1115,22.6391,0.0285,-0.0153,-0.0210,-0.1615,0.6053,2.1503,hold
2024-12-06,20.9200,78539100,20.9500,21.0500,20.6600,0.0058,-0.1301,-0.1440,-0.0952,-0.1040,26.0809,0.0273,-0.0228,-0.0227,-0.0435,-0.5325,1.0203,hold
2024-12-09,20.8100,68818200,20.9200,21.0600,20.7300,-0.0053,-0.1304,-0.1506,-0.0853,-0.1064,20.3240,0.0268,-0.0290,-0.0231,0.0056,-0.1238,0.8984,sell
2024-12-10,20.1600,90004800,20.8300,20.8600,19.9600,-0.0312,-0.1028,-0.1894,-0.0952,-0.1318,20.2941,0.0248,-0.0371,-0.0248,-0.0093,0.3079,1.1675,hold
2024-12-11,20.1200,75209300,20.1400,20.2500,19.8700,-0.0020,-0.0838,-0.1634,-0.0807,-0.1316,20.7519,0.0250,-0.0425,-0.0242,0.0573,-0.1644,0.9677,buy
2024-12-12,20.7800,77695000,20.0200,20.9000,19.9200,0.0328,-0.0010,-0.1214,-0.0380,-0.1019,23.4012,0.0296,-0.0422,-0.0196,0.1874,0.0331,0.9873,sell
2024-12-13,20.3400,55104100,20.6000,20.8000,20.2500,-0.0212,-0.0277,-0.1543,-0.0419,-0.1195,21.3499,0.0278,-0.0452,-0.0177,0.1635,-0.2908,0.6976,buy
2024-12-16,20.8300,73832900,20.1700,21.1000,20.0000,0.0241,0.0010,-0.1295,-0.0043,-0.0969,22.6287,0.0305,-0.0434,-0.0132,0.2572,0.3399,0.9238,sell
2024-12-17,20.4400,51767200,20.6400,20.7700,20.2900,-0.0187,0.0139,-0.0903,-0.0133,-0.1123,24.0288,0.0258,-0.0446,-0.0111,0.2305,-0.2989,0.6509,sell
2024-12-18,19.3000,86041200,20.4800,20.5800,19.2100,-0.0558,-0.0408,-0.1211,-0.0562,-0.1589,21.7165,0.0295,-0.0517,-0.0130,0.1202,0.6621,1.0652,sell
2024-12-19,19.0600,69117800,19.5300,19.6900,19.0300,-0.0124,-0.0828,-0.0837,-0.0600,-0.1661,16.8659,0.0259,-0.0563,-0.0137,0.1338,-0.1967,0.8457,buy
2024-12-20,19.5200,108453700,18.9700,19.7600,18.9000,0.0241,-0.0403,-0.0669,-0.0306,-0.1432,21.9822,0.0276,-0.0555,-0.0111,0.2212,0.5691,1.2880,buy
2024-12-23,20.2000,57988400,19.5800,20.2300,19.5200,0.0348,-0.0302,-0.0293,0.0062,-0.1107,33.9916,0.0306,-0.0508,-0.0063,0.3304,-0.4653,0.6801,buy
2024-12-24,20.4000,29884000,20.2200,20.4000,19.9600,0.0099,-0.0020,0.0119,0.0150,-0.0995,38.4956,0.0290,-0.0467,-0.0021,0.3769,-0.4847,0.3636,hold
2024-12-26,20.4400,39846200,20.2300,20.6700,20.0800,0.0020,0.0591,0.0159,0.0153,-0.0960,46.8198,0.0290,-0.0431,0.0011,0.4026,0.3334,0.4937,hold
2024-12-27,20.3000,48260800,20.2100,20.6100,20.0900,-0.0068,0.0651,-0.0231,0.0108,-0.1006,44.5422,0.0270,-0.0407,0.0031,0.3981,0.2112,0.6001,sell
2024-12-30,19.8200,59608100,20.0100,20.1100,19.7300,-0.0236,0.0154,-0.0256,-0.0105,-0.1198,41.8182,0.0272,-0.0410,0.0031,0.3174,0.2351,0.7307,buy
2024-12-31,20.0500,49846700,19.9900,20.4000,19.8800,0.0116,-0.0074,-0.0374,0.0049,-0.1074,49.0231,0.0261,-0.0386,0.0040,0.3788,-0.1638,0.6512,buy
2025-01-02,20.2200,46438500,20.2300,20.4300,20.0000,0.0085,-0.0088,-0.0108,0.0145,-0.0978,50.8680,0.0258,-0.0356,0.0052,0.4594,-0.0684,0.6454,buy
2025-01-03,20.5600,48983900,20.3900,20.6700,20.0600,0.0168,0.0059,0.0653,0.0251,-0.0811,47.9779,0.0174,-0.0313,0.0071,0.6495,0.0548,0.7081,sell
2025-01-06,19.8700,83271000,20.8300,20.9800,19.7800,-0.0336,-0.0212,0.0425,-0.0133,-0.1102,45.8700,0.0209,-0.0318,0.0064,0.3323,0.7000,1.2824,buy
2025-01-07,20.0100,61726100,20.0200,20.3400,19.9000,0.0070,0.0096,0.0251,-0.0088,-0.1021,42.3221,0.0198,-0.0302,0.0062,0.4202,-0.2587,0.9630,sell
2025-01-08,19.8800,47897100,19.8300,20.1200,19.7100,-0.0065,-0.0085,-0.0158,-0.0136,-0.1057,44.4882,0.0163,-0.0294,0.0057,0.3703,-0.2240,0.7597,sell
2025-01-10,19.1500,71244600,19.6600,19.6600,18.9100,-0.0367,-0.0529,-0.0613,-0.0439,-0.1356,48.3940,0.0191,-0.0325,0.0032,0.0440,0.4875,1.1471,hold
2025-01-13,19.2000,50669000,18.9200,19.2500,18.7300,0.0026,-0.0661,-0.0607,-0.0355,-0.1304,51.5625,0.0191,-0.0333,0.0018,0.1189,-0.2888,0.8322,hold
2025-01-14,19.2000,47147500,19.3600,19.5200,18.8200,0.0000,-0.0337,-0.0542,-0.0301,-0.1280,46.0199,0.0192,-0.0337,0.0012,0.1546,-0.0695,0.7943,buy
2025-01-15,19.7200,56306000,19.4000,19.7700,19.1700,0.0271,-0.0145,-0.0050,-0.0033,-0.1029,43.7824,0.0205,-0.0306,0.0027,0.4109,0.1943,0.9476,hold
2025-01-16,19.6700,44898100,19.7500,19.9500,19.4000,-0.0025,-0.0106,-0.0190,-0.0039,-0.1023,40.1617,0.0201,-0.0288,0.0036,0.4068,-0.2026,0.7745,buy
2025-01-17,21.4900,166483900,21.2600,21.6200,20.7900,0.0925,0.1222,0.0628,0.0813,-0.0183,59.5628,0.0361,-0.0179,0.0094,1.1663,2.7080,2.6133,buy
2025-01-21,21.7700,96262200,22.0300,22.4100,21.7500,0.0130,0.1339,0.0589,0.0887,-0.0041,63.0551,0.0360,-0.0100,0.0136,1.1147,-0.4218,1.4990,hold
2025-01-22,21.8600,60972600,21.7300,22.2900,21.5700,0.0041,0.1385,0.1002,0.0824,0.0029,69.4657,0.0332,-0.0035,0.0160,1.0421,-0.3666,0.9555,sell
2025-01-23,21.5700,55778200,21.6900,21.7500,21.3500,-0.0133,0.0938,0.0780,0.0599,-0.0061,64.3396,0.0340,0.0006,0.0163,0.8942,-0.0852,0.9118,sell
2025-01-24,20.8300,66300600,21.3600,21.4100,20.7500,-0.0343,0.0590,0.0478,0.0188,-0.0354,55.1959,0.0364,0.0011,0.0139,0.6587,0.1886,1.0765,sell
2025-01-27,20.2900,83582100,20.8100,21.0600,20.1400,-0.0259,-0.0558,0.0595,-0.0131,-0.0563,47.7760,0.0351,-0.0006,0.0100,0.4985,0.2607,1.3004,sell
2025-01-28,19.8000,73411400,20.3400,20.3400,19.7400,-0.0241,-0.0905,0.0312,-0.0398,-0.0753,49.4037,0.0365,-0.0040,0.0055,0.3622,-0.1217,1.1131,hold
2025-01-29,19.7500,86506800,19.8700,20.0800,19.6600,-0.0025,-0.0965,0.0286,-0.0447,-0.0732,47.7509,0.0365,-0.0068,0.0022,0.3569,0.1784,1.2747,buy
2025-01-30,20.0100,108167000,19.7200,20.1000,19.4300,0.0132,-0.0723,0.0147,-0.0335,-0.0565,51.0998,0.0357,-0.0078,0.0009,0.4304,0.2504,1.5388,sell
2025-01-31,19.4300,117081700,20.1000,20.3300,19.3800,-0.0290,-0.0672,-0.0122,-0.0604,-0.0796,52.4306,0.0371,-0.0111,-0.0018,0.2728,0.0824,1.5896,hold
2025-02-03,19.3800,77523100,18.9700,19.7500,18.7800,-0.0026,-0.0448,-0.0982,-0.0532,-0.0772,51.5625,0.0176,-0.0137,-0.0035,0.2757,-0.3379,1.0307,hold
2025-02-04,19.2900,54098200,19.1000,19.5300,19.0200,-0.0046,-0.0258,-0.1139,-0.0460,-0.0772,50.7692,0.0158,-0.0160,-0.0046,0.2724,-0.3022,0.7169,buy
2025-02-05,19.6500,66059200,19.1900,19.7700,18.9100,0.0187,-0.0051,-0.1011,-0.0175,-0.0560,49.3849,0.0180,-0.0158,-0.0036,0.3761,0.2211,0.8854,sell
2025-02-06,19.3800,45553800,19.5100,19.7000,19.2200,-0.0137,-0.0315,-0.1015,-0.0203,-0.0644,47.5465,0.0180,-0.0170,-0.0037,0.3131,-0.3104,0.6173,sell
2025-02-07,19.1000,58277900,19.3500,19.3600,19.0300,-0.0144,-0.0170,-0.0831,-0.0259,-0.0731,22.6545,0.0161,-0.0190,-0.0044,0.2540,0.2793,0.7842,buy
2025-02-10,19.7700,73007300,19.2500,20.0800,19.2400,0.0351,0.0201,-0.0256,0.0109,-0.0358,28.9916,0.0199,-0.0167,-0.0022,0.4219,0.2527,0.9812,buy
2025-02-11,20.9700,150960700,19.8700,21.8800,19.8600,0.0607,0.0871,0.0591,0.0659,0.0258,42.4191,0.0265,-0.0099,0.0031,0.7238,1.0677,1.9008,buy
2025-02-12,22.4800,162631200,21.9800,22.5600,20.9300,0.0720,0.1440,0.1382,0.1270,0.1009,56.4175,0.0334,0.0006,0.0101,1.0275,0.0773,1.9090,buy
2025-02-13,24.1300,248661300,22.8400,24.8300,22.7900,0.0734,0.2451,0.2059,0.1853,0.1816,70.6250,0.0384,0.0131,0.0176,1.1791,0.5290,2.6227,sell
2025-02-14,23.6000,230254100,24.3600,25.1900,22.8600,-0.0220,0.2356,0.2146,0.1360,0.1560,70.7134,0.0375,0.0216,0.0209,0.9873,-0.0740,2.2123,buy
2025-02-18,27.3900,284292200,24.6000,27.5500,24.4900,0.1606,0.3854,0.4133,0.2695,0.3352,83.6138,0.0569,0.0349,0.0275,1.2601,0.2347,2.5852,sell
2025-02-19,25.7200,151881700,25.9800,26.3300,25.4600,-0.0610,0.2265,0.3333,0.1576,0.2492,73.1216,0.0638,0.0452,0.0298,0.9807,-0.4658,1.3471,hold
2025-02-20,26.0900,144939600,25.5600,26.1200,24.4800,0.0144,0.1606,0.3277,0.1411,0.2607,73.3487,0.0639,0.0514,0.0290,0.9514,-0.0457,1.2393,sell
2025-02-21,24.8700,111630900,25.9600,26.2900,24.8400,-0.0468,0.0307,0.2833,0.0623,0.1972,69.9122,0.0672,0.0550,0.0252,0.8040,-0.2298,0.9323,sell
2025-02-24,24.2700,91358100,24.5500,24.8000,23.6200,-0.0241,0.0284,0.2707,0.0143,0.1644,67.2062,0.0680,0.0546,0.0192,0.7274,-0.1816,0.7551,sell
2025-02-25,22.9900,88886500,24.2100,24.2800,22.7700,-0.0527,-0.1606,0.1629,-0.0520,0.1000,62.0130,0.0722,0.0511,0.0110,0.5991,-0.0271,0.7330,buy
2025-02-26,23.5200,67449300,23.2500,23.8200,23.2100,0.0231,-0.0855,0.1216,-0.0402,0.1218,62.4278,0.0707,0.0461,0.0056,0.6317,-0.2412,0.5576,hold
2025-02-27,23.0900,97871900,23.7000,24.4000,23.0700,-0.0183,-0.1150,0.0271,-0.0601,0.0988,61.7928,0.0681,0.0419,0.0005,0.5781,0.4510,0.8053,buy
2025-02-28,23.7300,104133800,23.0200,24.4400,22.6400,0.0277,-0.0458,-0.0166,-0.0325,0.1256,64.3878,0.0644,0.0387,-0.0013,0.6223,0.0640,0.8583,sell
2025-03-03,22.7400,141348700,25.0000,25.0400,22.5200,-0.0417,-0.0630,-0.0364,-0.0696,0.0767,59.0494,0.0655,0.0346,-0.0057,0.5130,0.3574,1.1535,sell
2025-03-04,21.3300,152182200,22.5400,22.6300,20.7600,-0.0620,-0.0722,-0.2212,-0.1051,0.0091,51.0830,0.0347,0.0265,-0.0132,0.3590,0.0766,1.2052,sell
2025-03-05,20.8100,127219300,21.3300,21.3600,20.1800,-0.0244,-0.1152,-0.1909,-0.1086,-0.0169,44.6577,0.0323,0.0164,-0.0194,0.2902,-0.1640,0.9791,hold
2025-03-06,20.7500,96466400,20.2600,21.1300,20.0000,-0.0029,-0.1013,-0.2047,-0.0903,-0.0213,37.9630,0.0306,0.0077,-0.0226,0.2716,-0.2417,0.7339,hold
2025-03-07,20.6400,81099600,20.2700,21.2000,20.1100,-0.0053,-0.1302,-0.1701,-0.0780,-0.0275,39.1336,0.0297,0.0002,-0.0241,0.2431,-0.1593,0.6087,sell
2025-03-10,19.9300,82760600,20.2400,20.5100,19.6500,-0.0344,-0.1236,-0.1788,-0.0922,-0.0607,14.6110,0.0301,-0.0086,-0.0271,0.1467,0.0205,0.6155,hold
2025-03-11,19.7800,80789000,19.9700,20.0600,19.2900,-0.0075,-0.0727,-0.1396,-0.0856,-0.0672,17.0732,0.0278,-0.0162,-0.0279,0.1289,-0.0238,0.5991,buy
2025-03-12,20.6800,128671100,20.7900,21.1700,20.2100,0.0455,-0.0062,-0.1207,-0.0313,-0.0250,21.6754,0.0318,-0.0175,-0.0229,0.2381,0.5927,0.9622,buy
2025-03-13,23.7000,243261000,23.5000,24.5300,23.1300,0.1460,0.1422,0.0264,0.1070,0.1138,44.8458,0.0591,-0.0063,-0.0088,0.5828,0.8906,1.7659,hold
2025-03-14,24.0500,116901600,23.6800,24.3700,23.5200,0.0148,0.1652,0.0135,0.1217,0.1258,49.0090,0.0587,0.0019,-0.0004,0.6242,-0.5194,0.8912,buy
2025-03-17,25.6900,160723600,24.4200,26.1500,24.3700,0.0682,0.2890,0.1297,0.1819,0.1962,61.7801,0.0597,0.0129,0.0085,0.7920,0.3749,1.2587,hold
2025-03-18,25.9200,132488800,25.5500,26.4100,25.3900,0.0090,0.3104,0.2152,0.1678,0.2006,60.7527,0.0536,0.0219,0.0141,0.8461,-0.1757,1.1031,sell
2025-03-19,24.1200,135491400,24.9000,25.2300,24.0300,-0.0694,0.1663,0.1591,0.0708,0.1135,54.1101,0.0594,0.0250,0.0133,0.6467,0.0227,1.1359,hold
2025-03-20,23.9600,68937600,23.7700,24.3100,23.7300,-0.0066,0.0110,0.1547,0.0487,0.1020,50.9544,0.0595,0.0255,0.0110,0.6492,-0.4912,0.5969,hold
2025-03-21,24.2600,94110700,23.6000,24.7000,23.4900,0.0125,0.0087,0.1754,0.0453,0.1114,56.6901,0.0591,0.0262,0.0095,0.6958,0.3652,0.8212,hold
2025-03-24,24.2200,69169000,24.7200,24.9900,24.1300,-0.0016,-0.0572,0.2153,0.0246,0.1052,64.4645,0.0568,0.0266,0.0078,0.6910,-0.2650,0.6094,hold
2025-03-25,24.2000,51743300,24.1800,24.7500,24.1100,-0.0008,-0.0664,0.2235,0.0050,0.0992,67.8609,0.0564,0.0265,0.0062,0.6777,-0.2519,0.4635,sell
2025-03-26,23.4200,59496700,24.2500,24.4200,23.2500,-0.0322,-0.0290,0.1325,-0.0384,0.0597,63.0754,0.0581,0.0243,0.0027,0.5753,0.1498,0.5348,hold
2025-03-27,23.6200,57720600,23.2900,23.7600,22.8600,0.0085,-0.0142,-0.0034,-0.0298,0.0645,64.4660,0.0351,0.0221,0.0005,0.5979,-0.0299,0.5284,sell
2025-03-28,22.7100,58365300,23.3500,23.5800,22.5600,-0.0385,-0.0639,-0.0557,-0.0620,0.0207,63.2381,0.0367,0.0179,-0.0036,0.4846,0.0112,0.5457,hold
2025-03-31,22.7100,65832000,22.3800,22.7500,21.7500,0.0000,-0.0623,-0.1160,-0.0503,0.0180,64.1546,0.0264,0.0138,-0.0062,0.4848,0.1279,0.6381,sell
2025-04-01,22.0500,64060400,22.5600,22.6200,21.6600,-0.0291,-0.0888,-0.1493,-0.0628,-0.0121,56.7755,0.0258,0.0083,-0.0099,0.3911,-0.0269,0.6486,hold
2025-04-02,21.9800,58878800,21.8900,22.3800,21.7000,-0.0032,-0.0615,-0.0887,-0.0572,-0.0154,37.9888,0.0177,0.0033,-0.0119,0.3704,-0.0809,0.6175,buy
2025-04-03,22.4300,242972100,21.4000,23.9000,20.8600,0.0205,-0.0504,-0.0639,-0.0315,0.0042,38.8430,0.0201,0.0009,-0.0112,0.4178,3.1266,2.3665,sell
2025-04-04,19.8500,175014700,21.7000,22.2000,19.7000,-0.1150,-0.1259,-0.1818,-0.1263,-0.1099,14.3903,0.0386,-0.0113,-0.0200,0.0694,-0.2797,1.6300,sell
2025-04-07,19.5700,142491200,19.1400,20.6700,18.5600,-0.0141,-0.1383,-0.1920,-0.1206,-0.1215,11.5152,0.0382,-0.0224,-0.0249,0.0417,-0.1858,1.2912,sell
2025-04-08,18.1300,163982700,20.0600,20.3900,17.6700,-0.0736,-0.1778,-0.2508,-0.1625,-0.1846,12.0406,0.0409,-0.0394,-0.0337,-0.0861,0.1508,1.4320,buy
2025-04-09,21.5300,224183500,18.0700,21.7300,17.9800,0.1875,-0.0205,-0.0807,0.0034,-0.0331,39.0836,0.0792,-0.0302,-0.0204,0.3262,0.3671,1.8793,sell
2025-04-10,19.8800,129064900,20.6800,20.8200,19.1600,-0.0766,-0.1137,-0.1583,-0.0571,-0.1073,32.4519,0.0821,-0.0365,-0.0207,0.1593,-0.4243,1.1363,hold
2025-04-11,19.7400,128425800,19.2500,19.8000,18.1800,-0.0070,-0.0055,-0.1308,-0.0504,-0.1134,32.1940,0.0816,-0.0399,-0.0192,0.1801,-0.0050,1.1250,buy
2025-04-14,20.3100,101964400,20.5900,21.0500,19.9800,0.0289,0.0378,-0.1057,-0.0115,-0.0885,35.1866,0.0826,-0.0385,-0.0147,0.2682,-0.2060,0.9168,hold
2025-04-15,19.8500,64056900,20.2000,20.4700,19.8100,-0.0226,0.0949,-0.0998,-0.0235,-0.1095,36.0656,0.0824,-0.0405,-0.0129,0.2328,-0.3718,0.5942,sell
2025-04-16,19.2300,89469700,19.3400,19.4300,18.7200,-0.0312,-0.1068,-0.1251,-0.0410,-0.1373,33.4089,0.0827,-0.0449,-0.0131,0.1872,0.3967,0.8481,hold
2025-04-17,18.9300,85646700,18.9100,19.1000,18.5600,-0.0156,-0.0478,-0.1560,-0.0392,-0.1502,35.0238,0.0820,-0.0487,-0.0132,0.1835,-0.0427,0.8055,hold
2025-04-21,18.8400,72409900,18.9300,18.9900,18.2500,-0.0048,-0.0456,-0.0509,-0.0388,-0.1539,34.7758,0.0739,-0.0513,-0.0124,0.2008,-0.1546,0.6880,buy
2025-04-22,19.5100,83365600,19.0600,19.7400,19.0400,0.0356,-0.0394,-0.0031,-0.0043,-0.1241,40.0157,0.0748,-0.0480,-0.0084,0.3068,0.1513,0.7868,buy
2025-04-23,20.5900,97188100,20.7200,21.0300,20.3100,0.0554,0.0373,0.1357,0.0378,-0.0763,44.9381,0.0713,-0.0396,-0.0016,0.4768,0.1658,0.8980,buy
2025-04-24,21.4900,117086200,21.0400,21.5500,20.8800,0.0437,0.1175,-0.0019,0.0833,-0.0363,46.6855,0.0405,-0.0298,0.0053,0.6360,0.2047,1.0538,sell
2025-04-25,20.0500,147711200,19.7300,20.1800,19.3400,-0.0670,0.0592,0.0086,0.0099,-0.0990,50.7669,0.0385,-0.0304,0.0057,0.4244,0.2616,1.2777,buy
2025-04-28,20.5100,96624400,20.1200,21.0800,20.0500,0.0229,0.0886,0.0390,0.0291,-0.0753,53.5552,0.0389,-0.0264,0.0071,0.5295,-0.3459,0.8222,hold
2025-04-29,20.3400,70031900,20.3100,20.8500,20.2200,-0.0083,0.0425,0.0015,0.0204,-0.0802,59.2469,0.0381,-0.0244,0.0075,0.5215,-0.2752,0.5948,sell
2025-04-30,20.1000,68297300,19.7100,20.1800,19.5500,-0.0118,-0.0238,0.0126,0.0071,-0.0851,41.8658,0.0375,-0.0236,0.0069,0.4900,-0.0248,0.5791,hold
2025-05-01,19.9800,72607500,20.2200,20.6500,19.9400,-0.0060,-0.0703,0.0390,-0.0027,-0.0857,50.6887,0.0359,-0.0231,0.0061,0.4840,0.0631,0.6121,buy
2025-05-02,20.6200,63298500,20.2600,20.7800,20.2100,0.0320,0.0284,0.0893,0.0206,-0.0517,55.6701,0.0361,-0.0192,0.0073,0.7028,-0.1282,0.5773,sell
2025-05-05,20.2700,44237000,20.3900,20.5800,20.2400,-0.0170,-0.0117,0.0759,-0.0037,-0.0638,49.7348,0.0368,-0.0181,0.0071,0.5898,-0.3011,0.4290,sell
2025-05-06,19.9400,51330800,19.9200,20.1200,19.7700,-0.0163,-0.0197,0.0220,-0.0220,-0.0754,50.6073,0.0361,-0.0184,0.0058,0.4841,0.1604,0.5209,buy
2025-05-07,20.3100,61002600,19.9700,20.3700,19.8200,0.0186,0.0104,-0.0136,-0.0025,-0.0559,57.5419,0.0318,-0.0164,0.0059,0.5752,0.1884,0.6531,buy
2025-05-08,21.0000,71651700,21.0100,21.2400,20.6400,0.0340,0.0511,-0.0228,0.0339,-0.0215,63.7086,0.0304,-0.0118,0.0078,0.8582,0.1746,0.8354,buy
2025-05-09,21.4200,51768600,21.2000,21.4500,20.8300,0.0200,0.0388,0.0683,0.0475,-0.0004,66.3706,0.0205,-0.0067,0.0100,0.9466,-0.2775,0.6320,buy
2025-05-12,22.1800,94578700,22.1800,22.6700,21.8800,0.0355,0.0942,0.0814,0.0759,0.0366,66.7503,0.0219,-0.0000,0.0129,1.0712,0.8270,1.1790,buy
2025-05-13,22.5600,76850400,22.3600,22.8800,22.3000,0.0171,0.1314,0.1091,0.0826,0.0545,63.5488,0.0213,0.0063,0.0152,1.0553,-0.1874,0.9733,sell
2025-05-14,21.5200,91584800,22.3500,22.4600,21.4600,-0.0461,0.0596,0.0706,0.0257,0.0057,50.2024,0.0272,0.0078,0.0137,0.7622,0.1917,1.1400,hold
2025-05-15,21.5500,66705500,21.2300,21.6300,21.1900,0.0014,0.0262,0.0786,0.0195,0.0064,62.5000,0.0269,0.0088,0.0118,0.7449,-0.2717,0.8423,hold
2025-05-16,21.6600,55795100,21.5300,21.7600,21.3500,0.0051,0.0112,0.0504,0.0197,0.0107,60.1770,0.0256,0.0099,0.0102,0.7519,-0.1636,0.7180,sell
2025-05-19,21.3800,64279100,21.1800,21.5600,21.0500,-0.0129,-0.0361,0.0548,0.0013,-0.0030,59.0278,0.0252,0.0097,0.0081,0.6603,0.1521,0.8316,hold
2025-05-20,21.2700,48497400,21.3300,21.4100,21.1200,-0.0051,-0.0572,0.0667,-0.0100,-0.0094,60.3908,0.0244,0.0090,0.0059,0.6081,-0.2455,0.6419,sell
2025-05-21,20.6900,62904700,21.1900,21.6300,20.5900,-0.0273,-0.0386,0.0187,-0.0387,-0.0372,55.8292,0.0261,0.0063,0.0025,0.4180,0.2971,0.8519,hold
2025-05-22,20.5500,56077500,20.7300,20.9000,20.5100,-0.0068,-0.0464,-0.0214,-0.0432,-0.0436,49.3739,0.0237,0.0034,-0.0004,0.3867,-0.1085,0.7921,sell
2025-05-23,20.0500,68206100,20.1600,20.2700,19.9400,-0.0243,-0.0743,-0.0640,-0.0605,-0.0637,48.0836,0.0233,-0.0009,-0.0038,0.2225,0.2163,1.0208,buy
2025-05-27,20.5500,69504600,20.4400,20.6700,20.1800,0.0249,-0.0388,-0.0735,-0.0297,-0.0372,55.1607,0.0213,-0.0023,-0.0041,0.3859,0.0190,1.0618,sell
2025-05-28,20.3700,46096500,20.5700,20.6400,20.3300,-0.0088,-0.0423,-0.0971,-0.0281,-0.0409,50.5245,0.0195,-0.0041,-0.0047,0.3260,-0.3368,0.7173,sell
2025-05-29,20.2500,66372200,20.5400,20.6000,20.1000,-0.0059,-0.0213,-0.0590,-0.0279,-0.0414,42.7184,0.0148,-0.0059,-0.0053,0.2818,0.4399,1.0344,sell
2025-05-30,19.5500,114281900,20.2600,20.2600,19.3100,-0.0346,-0.0487,-0.0928,-0.0524,-0.0705,32.7808,0.0170,-0.0104,-0.0078,0.0749,0.7218,1.7250,buy
2025-06-02,19.7400,67885500,19.4800,19.8200,19.3700,0.0097,-0.0155,-0.0886,-0.0342,-0.0577,24.8971,0.0175,-0.0128,-0.0081,0.1662,-0.4060,1.0211,buy
2025-06-03,20.2900,80401900,19.7500,20.4100,19.4000,0.0279,-0.0127,-0.0510,-0.0020,-0.0278,27.4354,0.0210,-0.0120,-0.0060,0.3326,0.1844,1.1774,hold
2025-06-04,20.2500,71166500,20.3400,20.5000,20.0100,-0.0020,-0.0059,-0.0480,0.0010,-0.0260,34.2432,0.0210,-0.0117,-0.0045,0.3123,-0.1149,1.0272,sell
2025-06-05,19.9900,72458400,20.2700,20.5500,19.8500,-0.0128,-0.0128,-0.0338,-0.0084,-0.0346,31.6902,0.0197,-0.0125,-0.0042,0.2414,0.0182,1.0373,hold
2025-06-06,20.0600,70072800,20.1700,20.4400,20.0300,0.0035,0.0261,-0.0238,-0.0025,-0.0281,31.0427,0.0198,-0.0125,-0.0034,0.2815,-0.0329,1.0043,buy
2025-06-09,20.4800,92893900,20.2200,20.9600,20.2200,0.0209,0.0375,0.0214,0.0162,-0.0047,39.6789,0.0193,-0.0105,-0.0013,0.4195,0.3257,1.2932,buy
2025-06-10,22.0800,171457000,20.5000,22.4400,20.2800,0.0781,0.0882,0.0745,0.0874,0.0737,56.9231,0.0304,-0.0026,0.0048,0.9077,0.8457,2.2657,sell
2025-06-11,20.6800,146784500,21.7800,21.8300,20.3800,-0.0634,0.0212,0.0152,0.0169,0.0076,49.9250,0.0377,-0.0022,0.0045,0.5114,-0.1439,1.8540,hold
2025-06-12,20.7700,78175900,20.5000,20.9800,20.4100,0.0044,0.0390,0.0257,0.0187,0.0133,51.6616,0.0376,-0.0013,0.0043,0.5595,-0.4674,0.9959,sell
2025-06-13,20.1400,87655900,20.3300,20.6000,20.1000,-0.0303,0.0040,0.0302,-0.0151,-0.0157,50.6667,0.0372,-0.0032,0.0021,0.3437,0.1213,1.1019,buy
2025-06-16,20.7400,86745100,20.4100,20.9300,20.3000,0.0298,0.0127,0.0507,0.0093,0.0153,51.3869,0.0381,-0.0021,0.0024,0.6050,-0.0104,1.0697,hold
2025-06-17,20.8000,87512200,20.6300,21.4800,20.6200,0.0029,-0.0580,0.0251,0.0098,0.0173,53.1946,0.0372,-0.0011,0.0027,0.6514,0.0088,1.0639,buy
2025-06-18,21.4900,94200600,20.8100,21.6000,20.6600,0.0332,0.0392,0.0612,0.0370,0.0491,58.4931,0.0383,0.0023,0.0048,0.9434,0.0764,1.1142,sell
2025-06-20,21.0800,133472800,21.7000,21.8900,20.8800,-0.0191,0.0149,0.0545,0.0119,0.0261,60.9130,0.0388,0.0034,0.0048,0.7494,0.4169,1.5155,hold
2025-06-23,21.1900,81461000,21.0700,21.5800,20.7300,0.0052,0.0521,0.0563,0.0117,0.0318,60.4618,0.0387,0.0046,0.0048,0.7732,-0.3897,0.9118,buy
2025-06-24,22.5500,130368700,21.3400,22.6900,21.3300,0.0642,0.0873,0.1011,0.0661,0.0952,64.5995,0.0428,0.0100,0.0081,1.1372,0.6004,1.4102,sell
2025-06-25,22.2000,64975100,22.5800,22.7700,22.1300,-0.0155,0.0673,0.0054,0.0490,0.0756,62.1118,0.0360,0.0133,0.0091,0.9466,-0.5016,0.7046,buy
2025-06-26,22.5000,63229300,22.4000,22.6200,22.2100,0.0135,0.0470,0.0880,0.0541,0.0879,65.5130,0.0281,0.0165,0.0099,0.9585,-0.0269,0.6793,buy
2025-06-27,22.6900,95542400,22.7100,23.3800,22.4200,0.0084,0.0764,0.0924,0.0535,0.0940,66.0171,0.0280,0.0194,0.0103,0.9398,0.5110,1.0106,sell
2025-06-30,22.4000,77102400,22.9700,22.9700,22.2700,-0.0128,0.0571,0.1122,0.0292,0.0768,61.8812,0.0257,0.0208,0.0093,0.8327,-0.1930,0.8319,buy
2025-07-01,22.8500,79094900,22.3300,23.1600,22.2800,0.0201,0.0133,0.1017,0.0398,0.0943,55.5556,0.0251,0.0227,0.0091,0.9008,0.0258,0.8483,sell
2025-07-02,21.8800,138245300,22.5300,22.7700,21.5200,-0.0425,-0.0144,0.0519,-0.0092,0.0448,59.2308,0.0301,0.0217,0.0060,0.6386,0.7478,1.4381,buy
2025-07-03,22.4900,61176000,22.1500,22.6300,21.9900,0.0279,-0.0004,0.0465,0.0138,0.0709,62.2507,0.0296,0.0215,0.0050,0.7675,-0.5575,0.6397,sell
2025-07-07,22.0000,80725200,22.2100,22.3900,21.8600,-0.0218,-0.0304,0.0436,-0.0123,0.0461,63.5174,0.0299,0.0203,0.0028,0.6224,0.3196,0.8405,buy
2025-07-08,23.5900,119545500,22.1800,23.7900,22.1300,0.0723,0.0531,0.1133,0.0477,0.1195,68.1067,0.0368,0.0229,0.0052,0.9902,0.4809,1.2134,hold
2025-07-09,23.4400,70247700,23.2900,23.5300,23.1300,-0.0064,0.0258,0.0395,0.0370,0.1088,66.5829,0.0320,0.0254,0.0060,0.9010,-0.4124,0.7213,buy
2025-07-10,23.8200,54599800,23.6300,24.0400,23.4800,0.0162,0.0887,0.0730,0.0463,0.1233,65.2288,0.0313,0.0277,0.0070,0.9349,-0.2228,0.5964,sell
2025-07-11,23.4300,49367900,23.5600,23.6600,23.1600,-0.0164,0.0418,0.0413,0.0250,0.1017,65.3997,0.0321,0.0288,0.0061,0.8104,-0.0958,0.5696,hold
2025-07-14,23.3000,48420500,23.2400,23.4000,22.8800,-0.0055,0.0591,0.0269,0.0166,0.0923,63.7908,0.0322,0.0286,0.0047,0.7543,-0.0192,0.5684,sell
2025-07-15,22.9200,66099400,23.5700,23.7800,22.9000,-0.0163,-0.0284,0.0232,-0.0023,0.0715,52.7736,0.0324,0.0271,0.0023,0.6468,0.3651,0.7859,sell
2025-07-16,22.6900,58865900,22.9900,23.1300,22.2500,-0.0100,-0.0320,-0.0070,-0.0116,0.0587,53.7405,0.0321,0.0248,-0.0003,0.5653,-0.1094,0.7117,hold
2025-07-17,22.8000,49384000,22.6600,23.0500,22.5900,0.0048,-0.0428,0.0420,-0.0108,0.0613,52.3585,0.0284,0.0227,-0.0018,0.5764,-0.1611,0.6111,buy
2025-07-18,23.1000,60195600,23.2200,23.5900,22.9000,0.0132,-0.0141,0.0271,-0.0004,0.0721,53.1685,0.0274,0.0217,-0.0020,0.6550,0.2189,0.7609,hold
2025-07-21,23.2600,61658000,23.4000,23.8300,23.1600,0.0069,-0.0017,0.0573,0.0011,0.0766,56.7823,0.0260,0.0213,-0.0018,0.6962,0.0243,0.8165,hold
2025-07-22,23.2400,53969800,23.3400,23.5400,23.0800,-0.0009,0.0140,-0.0148,0.0017,0.0735,53.2995,0.0115,0.0208,-0.0019,0.6786,-0.1247,0.7279,buy
2025-07-23,23.4900,68711700,23.2600,23.6200,22.9200,0.0108,0.0353,0.0021,0.0123,0.0829,65.5106,0.0120,0.0208,-0.0013,0.7671,0.2732,0.9670,sell
2025-07-24,22.6300,131963300,23.4900,23.5800,22.6000,-0.0366,-0.0075,-0.0500,-0.0198,0.0429,51.2868,0.0153,0.0184,-0.0036,0.3596,0.9205,1.7735,sell
2025-07-25,20.7000,245077700,20.6800,21.0500,20.3600,-0.0853,-0.1039,-0.1165,-0.0926,-0.0444,40.5523,0.0297,0.0098,-0.0114,-0.2402,0.8572,2.9351,hold
2025-07-28,20.6800,86105600,20.8200,21.2900,20.6500,-0.0010,-0.1109,-0.1124,-0.0830,-0.0446,22.5989,0.0299,0.0016,-0.0157,-0.0920,-0.6487,1.0371,sell
2025-07-29,20.4100,100831500,20.6900,20.8500,20.3400,-0.0131,-0.1218,-0.1095,-0.0848,-0.0561,22.0994,0.0298,-0.0061,-0.0189,-0.0506,0.1710,1.1973,hold
2025-07-30,20.3400,67420300,20.4300,20.6200,20.0800,-0.0034,-0.1341,-0.1036,-0.0782,-0.0582,16.0156,0.0299,-0.0123,-0.0201,0.0204,-0.3314,0.8062,sell
2025-07-31,19.8000,90665200,20.1700,20.2300,19.6600,-0.0265,-0.1251,-0.1316,-0.0903,-0.0819,15.5598,0.0298,-0.0197,-0.0222,-0.0097,0.3448,1.1159,sell
2025-08-01,19.3100,86496100,19.5000,19.5500,18.9700,-0.0247,-0.0671,-0.1641,-0.0971,-0.1029,14.5648,0.0284,-0.0276,-0.0242,-0.0053,-0.0460,1.0482,buy
2025-08-04,19.5000,69249400,19.5200,19.5900,19.3500,0.0098,-0.0571,-0.1617,-0.0719,-0.0931,18.5662,0.0287,-0.0321,-0.0229,0.0845,-0.1994,0.8451,buy
2025-08-05,20.1900,97338200,19.7000,20.5400,19.6800,0.0354,-0.0108,-0.1312,-0.0249,-0.0607,28.8136,0.0329,-0.0314,-0.0181,0.2237,0.4056,1.2042,buy
2025-08-06,20.4100,67074200,20.1200,20.4800,19.8700,0.0109,0.0034,-0.1311,0.0006,-0.0508,30.1165,0.0330,-0.0302,-0.0136,0.2812,-0.3109,0.8314,sell
2025-08-07,19.7700,131382800,20.0000,20.4400,19.6000,-0.0314,-0.0015,-0.1264,-0.0170,-0.0799,23.7795,0.0326,-0.0328,-0.0125,0.2101,0.9588,1.5546,hold
2025-08-08,19.9500,75415000,20.0000,20.0200,19.6100,0.0091,0.0331,-0.0362,-0.0043,-0.0712,24.0188,0.0209,-0.0326,-0.0100,0.2631,-0.4260,0.8788,buy
2025-08-11,20.6500,175545600,20.4500,21.6000,20.4400,0.0351,0.0590,-0.0015,0.0308,-0.0389,31.6312,0.0242,-0.0285,-0.0053,0.3930,1.3277,1.9045,buy
2025-08-12,21.8100,134153600,21.2000,21.8600,20.7600,0.0562,0.0802,0.0686,0.0811,0.0129,39.4472,0.0294,-0.0202,0.0014,0.5985,-0.2358,1.4036,buy
2025-08-13,22.2200,86024400,21.6200,22.3000,21.3600,0.0188,0.0887,0.0924,0.0913,0.0296,47.2703,0.0293,-0.0129,0.0066,0.6754,-0.3588,0.8875,buy
2025-08-14,23.8600,188052500,21.9900,24.2000,21.9000,0.0738,0.2069,0.2051,0.1489,0.1020,71.8837,0.0327,-0.0014,0.0134,0.9283,1.1860,1.8105,buy
2025-08-15,24.5600,310161100,25.0100,25.6500,24.1100,0.0293,0.2311,0.2719,0.1535,0.1298,74.5570,0.0288,0.0090,0.0188,0.9918,0.6493,2.6654,sell
2025-08-18,23.6600,212515600,24.0000,24.9000,23.2100,-0.0366,0.1458,0.2133,0.0899,0.0847,69.0504,0.0346,0.0147,0.0198,0.8456,-0.3148,1.7151,buy
2025-08-19,25.3100,297659200,24.9400,26.5300,24.9400,0.0697,0.1605,0.2536,0.1391,0.1548,74.5796,0.0379,0.0227,0.0220,1.0221,0.4006,2.1872,sell
2025-08-20,23.5400,161149400,24.9000,24.9300,23.3300,-0.0699,0.0594,0.1534,0.0447,0.0711,66.4903,0.0481,0.0256,0.0199,0.7811,-0.4586,1.1452,hold
2025-08-21,23.5000,97718300,23.5300,23.5700,22.7800,-0.0017,-0.0151,0.1887,0.0259,0.0679,69.2378,0.0458,0.0262,0.0164,0.7643,-0.3936,0.7030,buy
2025-08-22,24.8000,200266800,23.6500,25.2300,23.6500,0.0553,0.0098,0.2431,0.0602,0.1227,72.0833,0.0470,0.0292,0.0159,0.8838,1.0494,1.4644,hold
2025-08-25,24.5500,156825600,25.5000,25.8800,24.4400,-0.0101,0.0376,0.1889,0.0323,0.1076,68.8581,0.0479,0.0317,0.0146,0.8161,-0.2169,1.1178,hold
2025-08-26,24.3500,78558200,24.5800,24.7400,24.1000,-0.0081,-0.0379,0.1165,0.0131,0.0944,67.0711,0.0466,0.0328,0.0124,0.7640,-0.4991,0.5644,buy
2025-08-27,24.8500,90934400,24.1900,24.9900,24.0500,0.0205,0.0556,0.1184,0.0227,0.1128,72.2807,0.0466,0.0339,0.0112,0.7905,0.1575,0.6479,hold
2025-08-28,24.9300,60035100,24.9600,25.1400,24.6100,0.0032,0.0609,0.0448,0.0215,0.1123,72.0354,0.0413,0.0351,0.0100,0.7716,-0.3398,0.4324,sell
2025-08-29,24.3500,63734400,24.7600,24.9700,24.2800,-0.0233,-0.0181,-0.0086,-0.0014,0.0836,66.5474,0.0412,0.0347,0.0072,0.6848,0.0616,0.4629,hold
2025-09-02,24.2100,57661800,23.8800,24.2400,23.6800,-0.0057,-0.0138,0.0232,-0.0094,0.0744,61.8110,0.0393,0.0330,0.0043,0.6489,-0.0953,0.4206,hold
2025-09-03,24.0000,47822900,24.0900,24.0900,23.7200,-0.0087,-0.0144,-0.0518,-0.0127,0.0624,58.9357,0.0316,0.0308,0.0014,0.6027,-0.1706,0.3552,buy
2025-09-04,24.6100,59056500,23.8500,24.6400,23.7500,0.0254,-0.0097,0.0455,0.0080,0.0875,54.1993,0.0229,0.0297,0.0008,0.6688,0.2349,0.4400,hold
2025-09-05,24.4900,55975300,24.6000,24.7100,24.1700,-0.0049,-0.0176,0.0421,-0.0010,0.0800,49.5808,0.0231,0.0289,-0.0001,0.6345,-0.0522,0.4291,hold
2025-09-08,24.4800,51122100,24.4800,24.7400,24.1200,-0.0004,0.0053,-0.0129,-0.0001,0.0776,55.4960,0.0145,0.0278,-0.0010,0.6175,-0.0867,0.3955,hold
2025-09-09,24.4400,42146200,24.5300,24.8100,24.2700,-0.0016,0.0095,-0.0045,-0.0013,0.0742,42.5641,0.0142,0.0265,-0.0018,0.5910,-0.1756,0.3438,buy
2025-09-10,24.7700,61600700,24.4200,24.8700,24.2800,0.0135,0.0321,0.0172,0.0105,0.0865,63.9456,0.0145,0.0259,-0.0017,0.6828,0.4616,0.5179,sell
2025-09-11,24.6100,55536900,24.7600,24.9300,24.5700,-0.0065,0.0000,-0.0097,0.0049,0.0778,62.2517,0.0131,0.0250,-0.0022,0.6131,-0.0984,0.4729,sell
2025-09-12,24.0800,52672800,24.6100,24.6300,24.0500,-0.0215,-0.0167,-0.0341,-0.0133,0.0525,40.4255,0.0145,0.0227,-0.0041,0.3266,-0.0516,0.4760,buy
2025-09-15,24.7700,83951600,24.3300,25.4600,24.2200,0.0287,0.0118,0.0172,0.0133,0.0806,52.6191,0.0158,0.0218,-0.0033,0.6872,0.5938,0.8450,buy
2025-09-16,25.2700,60336600,24.8200,25.3400,24.6900,0.0202,0.0340,0.0438,0.0292,0.0992,60.2222,0.0166,0.0226,-0.0017,0.9070,-0.2813,0.6577,sell
2025-09-17,24.9000,63093700,25.0800,25.2600,24.4500,-0.0146,0.0052,0.0375,0.0105,0.0819,50.5721,0.0172,0.0224,-0.0018,0.7378,0.0457,0.7886,buy
2025-09-18,30.5700,523908000,31.7800,32.3800,30.1600,0.2277,0.2422,0.2422,0.2113,0.3201,78.3132,0.0732,0.0325,0.0103,1.5208,7.3036,5.3379,sell
2025-09-19,29.5800,225702900,30.3800,30.6300,29.3300,-0.0324,0.2284,0.2078,0.1489,0.2710,75.2170,0.0749,0.0421,0.0153,1.1446,-0.5692,2.1589,sell
2025-09-22,28.7600,130314500,29.6700,30.1000,28.7300,-0.0277,0.1611,0.1748,0.0988,0.2301,70.5882,0.0763,0.0474,0.0158,0.9506,-0.4226,1.2896,hold
2025-09-23,29.3400,126317900,28.9900,30.2000,28.8200,0.0202,0.1611,0.2005,0.1003,0.2485,73.3800,0.0759,0.0506,0.0158,0.9506,-0.0307,1.2692,buy
2025-09-24,31.2200,164458500,29.3800,31.7000,29.2300,0.0641,0.2538,0.2604,0.1432,0.3192,76.0441,0.0771,0.0549,0.0177,1.0483,0.3019,1.5841,buy
2025-09-25,33.9900,295709300,31.6100,34.2500,31.2100,0.0887,0.1119,0.3811,0.2033,0.4226,80.9648,0.0785,0.0616,0.0220,1.1346,0.7981,2.5926,buy
2025-09-26,35.5000,268583300,35.0200,36.3000,34.4900,0.0444,0.2001,0.4743,0.2079,0.4702,82.7197,0.0759,0.0701,0.0257,1.0965,-0.0917,2.1576,sell
2025-09-29,34.4800,152605900,34.5200,35.0500,33.7300,-0.0287,0.1989,0.3920,0.1357,0.4146,78.1706,0.0792,0.0780,0.0258,0.9506,-0.4318,1.1836,sell
2025-09-30,33.5500,124818400,33.9300,34.2400,33.0200,-0.0270,0.1435,0.3277,0.0757,0.3650,73.8328,0.0816,0.0817,0.0225,0.8481,-0.1821,0.9435,buy
2025-10-01,35.9400,162649700,33.5300,36.0600,33.5000,0.0712,0.1512,0.4434,0.1129,0.4472,77.4334,0.0807,0.0818,0.0212,0.9297,0.3031,1.1784,buy
2025-10-02,37.3000,149361700,35.7600,37.5700,35.4400,0.0378,0.0974,0.2202,0.1315,0.4855,80.7728,0.0469,0.0851,0.0213,0.9390,-0.0817,1.0478,hold
2025-10-03,36.8300,125359300,37.9500,38.0800,36.4500,-0.0126,0.0375,0.2451,0.0932,0.4504,78.3631,0.0448,0.0891,0.0196,0.8673,-0.1607,0.8586,hold
2025-10-06,36.5900,112086100,37.1900,38.6800,36.4300,-0.0065,0.0612,0.2723,0.0614,0.4231,76.9524,0.0425,0.0904,0.0164,0.8192,-0.1059,0.7519,buy
2025-10-07,37.1700,111140200,36.6400,38.0500,36.3500,0.0159,0.1079,0.2669,0.0543,0.4273,78.9250,0.0426,0.0898,0.0136,0.8149,-0.0084,0.7287,hold
2025-10-08,37.4300,103202100,36.5500,37.7900,35.9100,0.0070,0.0415,0.1989,0.0433,0.4188,71.7089,0.0405,0.0894,0.0109,0.7975,-0.0714,0.6676,hold
2025-10-09,37.8000,89884700,37.5300,38.1000,36.8600,0.0099,0.0134,0.1121,0.0425,0.4141,77.0751,0.0323,0.0884,0.0086,0.7888,-0.1290,0.5750,sell
2025-10-10,36.3700,183063300,38.4600,39.6500,36.3000,-0.0378,-0.0125,0.0245,0.0007,0.3439,74.0975,0.0333,0.0876,0.0037,0.6956,1.0366,1.1243,buy
2025-10-13,37.2200,104020700,36.4400,37.5100,36.2800,0.0234,0.0172,0.0795,0.0164,0.3574,74.5330,0.0319,0.0832,0.0010,0.7250,-0.4318,0.6349,sell
2025-10-14,35.6300,117908300,36.0000,36.5500,34.6900,-0.0427,-0.0414,0.0620,-0.0325,0.2843,63.9822,0.0341,0.0804,-0.0044,0.6100,0.1335,0.7073,buy
2025-10-15,37.1500,99242700,36.4000,37.4900,35.6400,0.0427,-0.0075,0.0337,0.0054,0.3229,60.8815,0.0289,0.0746,-0.0054,0.7069,-0.1583,0.5889,hold
2025-10-16,36.8400,83357800,37.1500,38.0200,36.4100,-0.0083,-0.0254,-0.0123,-0.0017,0.2967,55.0300,0.0264,0.0717,-0.0072,0.6622,-0.1601,0.5690,hold
2025-10-17,37.0100,119394700,36.3600,38.3800,36.0800,0.0046,0.0176,0.0049,0.0024,0.2870,60.1443,0.0261,0.0682,-0.0083,0.6588,0.4323,0.8457,buy
2025-10-20,38.1000,80230200,37.5700,38.5200,37.5600,0.0295,0.0236,0.0413,0.0277,0.3084,68.0127,0.0275,0.0653,-0.0071,0.7570,-0.3280,0.5786,hold
2025-10-21,38.1200,73134900,38.1400,38.3500,37.6700,0.0005,0.0699,0.0256,0.0256,0.2936,60.6238,0.0272,0.0639,-0.0068,0.7738,-0.0884,0.5377,sell
2025-10-22,36.9200,87099900,37.8400,37.9300,36.0400,-0.0315,-0.0062,-0.0136,-0.0053,0.2402,48.1188,0.0292,0.0615,-0.0092,0.5820,0.1909,0.6591,buy
2025-10-23,38.1600,121974200,36.6000,38.4000,36.4300,0.0336,0.0358,0.0095,0.0271,0.2682,56.1177,0.0311,0.0580,-0.0083,0.8038,0.4004,0.9880,hold
2025-10-24,38.2800,246380000,40.0200,41.1200,37.8300,0.0031,0.0343,0.0525,0.0251,0.2601,57.8605,0.0278,0.0562,-0.0079,0.7964,1.0199,2.0138,buy
2025-10-27,39.5400,160007600,38.3900,40.6700,38.2300,0.0329,0.0378,0.0623,0.0523,0.2889,60.3675,0.0287,0.0552,-0.0055,1.0007,-0.3506,1.3039,buy
2025-10-28,41.5300,181256400,39.5900,42.4800,39.5400,0.0503,0.0895,0.1656,0.0882,0.3382,65.5775,0.0259,0.0563,-0.0012,1.2754,0.1328,1.4438,hold
2025-10-29,41.3400,106962900,41.6000,42.0400,40.9200,-0.0046,0.1197,0.1128,0.0714,0.3184,63.6364,0.0247,0.0585,0.0006,1.0937,-0.4099,0.8714,sell
2025-10-30,40.1600,84855500,40.9700,41.4300,40.1100,-0.0285,0.0524,0.0901,0.0320,0.2674,64.8861,0.0272,0.0588,-0.0007,0.8535,-0.2067,0.7099,hold
2025-10-31,39.9900,80471400,40.6800,40.8300,39.7900,-0.0042,0.0447,0.0805,0.0198,0.2490,61.4938,0.0275,0.0569,-0.0023,0.7940,-0.0517,0.6861,sell
2025-11-03,39.5000,61267500,40.2500,40.4500,39.0500,-0.0123,-0.0010,0.0367,0.0037,0.2225,67.6712,0.0271,0.0542,-0.0045,0.6979,-0.2386,0.5340,sell
2025-11-04,37.0300,102250300,38.1400,38.2500,36.6300,-0.0625,-0.1084,-0.0286,-0.0564,0.1373,49.4958,0.0343,0.0491,-0.0109,0.3197,0.6689,0.8946,buy
2025-11-05,38.3800,74631600,37.4200,38.6900,37.1100,0.0365,-0.0716,0.0395,-0.0257,0.1686,55.9505,0.0346,0.0430,-0.0119,0.5195,-0.2701,0.6612,sell
2025-11-06,37.2400,77629900,38.3400,39.8400,36.8000,-0.0297,-0.0727,-0.0241,-0.0524,0.1254,50.8268,0.0345,0.0378,-0.0150,0.3492,0.0402,0.6915,buy
2025-11-07,38.1300,95521400,37.2600,38.2700,36.9700,0.0239,-0.0465,-0.0039,-0.0294,0.1432,50.1094,0.0355,0.0334,-0.0145,0.4709,0.2305,0.8854,hold
2025-11-10,38.4500,77820300,38.9300,39.5300,37.9700,0.0084,-0.0266,-0.0276,-0.0185,0.1431,51.1777,0.0337,0.0307,-0.0135,0.5121,-0.1853,0.7302,sell
2025-11-11,37.8800,53741900,38.1500,38.2200,37.4900,-0.0148,0.0230,-0.0879,-0.0240,0.1171,53.5875,0.0283,0.0276,-0.0137,0.3931,-0.3094,0.5199,hold
2025-11-12,37.8900,53876000,38.0600,38.2000,37.3500,0.0003,-0.0128,-0.0835,-0.0149,0.1083,48.8889,0.0284,0.0246,-0.0134,0.3862,0.0025,0.5329,sell
2025-11-13,35.9100,95593200,37.2700,37.3100,35.4500,-0.0523,-0.0357,-0.1058,-0.0560,0.0435,41.5418,0.0312,0.0188,-0.0171,0.0621,0.7743,0.9399,sell
2025-11-14,35.5200,71716200,35.0300,36.1000,34.6200,-0.0109,-0.0685,-0.1118,-0.0551,0.0256,34.7032,0.0311,0.0122,-0.0193,0.0433,-0.2498,0.7221,sell
2025-11-17,34.7100,72580100,35.4500,35.7300,34.2300,-0.0228,-0.0973,-0.1213,-0.0648,-0.0037,21.4883,0.0313,0.0050,-0.0217,0.0055,0.0120,0.7336,sell
2025-11-18,34.3300,61504800,34.2500,34.7600,33.5700,-0.0109,-0.0937,-0.0729,-0.0682,-0.0201,21.1523,0.0259,-0.0018,-0.0231,0.0320,-0.1526,0.6253,buy
2025-11-19,35.1100,67115500,34.3300,35.7500,34.2500,0.0227,-0.0734,-0.0852,-0.0385,-0.0038,28.5106,0.0236,-0.0052,-0.0208,0.1577,0.0912,0.6894,sell
2025-11-20,33.6200,96389100,36.0000,36.6800,33.4800,-0.0424,-0.0638,-0.0972,-0.0701,-0.0509,25.6312,0.0251,-0.0117,-0.0224,0.0518,0.4362,1.0032,buy
2025-11-21,34.5000,105641700,33.5100,34.9800,32.8900,0.0262,-0.0287,-0.0952,-0.0361,-0.0317,31.4264,0.0255,-0.0141,-0.0196,0.1831,0.0960,1.1864,buy
2025-11-24,35.7900,103804200,34.9700,36.1600,34.6900,0.0374,0.0311,-0.0692,0.0074,-0.0017,44.9511,0.0292,-0.0125,-0.0143,0.3359,-0.0174,1.2038,hold
2025-11-25,35.8300,62203300,35.5500,36.1300,34.6800,0.0011,0.0437,-0.0541,0.0144,-0.0064,38.3774,0.0291,-0.0115,-0.0106,0.3586,-0.4008,0.7748,buy
2025-11-26,36.8100,54563400,36.2000,37.2400,36.1300,0.0274,0.0484,-0.0285,0.0454,0.0140,48.0111,0.0309,-0.0081,-0.0058,0.4963,-0.1228,0.7026,buy
2025-11-28,40.5600,95799500,37.4000,40.5900,37.3400,0.1019,0.2064,0.1295,0.1368,0.1112,58.8881,0.0403,0.0022,0.0035,0.9681,0.7557,1.2250,sell
2025-12-01,40.0100,74534900,39.8600,40.3800,39.6000,-0.0136,0.1597,0.1264,0.1075,0.0899,55.6115,0.0405,0.0088,0.0080,0.8980,-0.2220,0.9567,buy
2025-12-02,43.4700,167205800,40.4700,43.6800,40.0500,0.0865,0.2146,0.2524,0.1748,0.1748,66.6468,0.0444,0.0191,0.0147,1.1652,1.2433,2.0095,hold
2025-12-03,43.7600,91957200,43.3900,44.0200,42.5100,0.0067,0.2213,0.2747,0.1532,0.1734,67.1939,0.0432,0.0278,0.0188,1.0608,-0.4500,1.1121,sell
2025-12-04,40.5000,107850200,43.2600,43.2800,40.1400,-0.0745,0.1002,0.1535,0.0524,0.0807,62.5068,0.0536,0.0307,0.0168,0.7572,0.1728,1.2786,buy
2025-12-05,41.4100,103042000,41.1600,42.8300,41.1500,0.0225,0.0210,0.2317,0.0547,0.1006,65.6068,0.0495,0.0320,0.0147,0.8042,-0.0446,1.2034,sell
2025-12-08,40.3000,93953600,41.9400,42.1200,39.7000,-0.0268,0.0072,0.1681,0.0114,0.0683,64.5801,0.0518,0.0319,0.0113,0.7005,-0.0882,1.0983,hold
2025-12-09,40.5000,61877200,40.7300,41.2600,40.0300,0.0050,-0.0683,0.1316,0.0046,0.0702,66.2454,0.0514,0.0310,0.0084,0.7047,-0.3414,0.7301,hold
2025-12-10,40.7800,75974900,40.1100,40.9900,38.8900,0.0069,-0.0681,0.1382,-0.0007,0.0735,65.3326,0.0513,0.0304,0.0064,0.7111,0.2278,0.8849,sell
2025-12-11,39.5100,59096800,40.0700,40.1900,39.0800,-0.0311,-0.0244,0.0733,-0.0382,0.0381,66.1193,0.0529,0.0282,0.0027,0.6055,-0.2222,0.6862,sell
2025-12-12,37.8100,87784500,39.2500,40.0300,37.6200,-0.0430,-0.0869,-0.0678,-0.0734,-0.0068,58.6695,0.0435,0.0229,-0.0030,0.4662,0.4854,1.0240,hold
2025-12-15,37.5100,60898500,38.3300,38.4800,37.3200,-0.0079,-0.0692,-0.0625,-0.0751,-0.0150,54.7514,0.0434,0.0170,-0.0073,0.4336,-0.3063,0.7149,hold
2025-12-16,37.3100,50490300,37.5800,37.9600,36.9200,-0.0053,-0.0788,-0.1417,-0.0658,-0.0206,54.0526,0.0291,0.0116,-0.0102,0.4040,-0.1709,0.6005,sell
2025-12-17,36.0500,54792000,37.5900,37.8400,35.9700,-0.0338,-0.1160,-0.1762,-0.0796,-0.0532,47.9504,0.0286,0.0047,-0.0143,0.2855,0.0852,0.6542,hold
2025-12-18,36.2800,69468400,37.3800,37.4900,35.6700,0.0064,-0.0818,-0.1042,-0.0636,-0.0465,35.7523,0.0217,-0.0005,-0.0156,0.2959,0.2679,0.8283,buy
2025-12-19,36.8200,163221300,36.4800,37.5800,36.4400,0.0149,-0.0262,-0.1108,-0.0383,-0.0319,39.3738,0.0205,-0.0034,-0.0146,0.3154,1.3496,1.8716,sell
2025-12-22,36.3700,51685400,37.8900,37.9000,36.2900,-0.0122,-0.0304,-0.0975,-0.0402,-0.0437,20.4166,0.0198,-0.0067,-0.0144,0.2520,-0.6833,0.6116,hold
2025-12-23,36.3500,35958000,36.2400,36.8000,36.0300,-0.0005,-0.0257,-0.1025,-0.0301,-0.0438,18.4143,0.0194,-0.0092,-0.0135,0.2439,-0.3043,0.4433,hold
2025-12-24,36.1600,37443800,35.1700,36.1800,34.9500,-0.0052,0.0031,-0.1133,-0.0232,-0.0490,24.9423,0.0186,-0.0115,-0.0127,0.2208,0.0413,0.4688,hold
2025-12-26,36.2000,28779400,36.1700,36.4900,35.8500,0.0011,-0.0022,-0.0838,-0.0132,-0.0475,16.5597,0.0176,-0.0131,-0.0114,0.2313,-0.2314,0.3662,buy
2025-12-29,36.6800,38062300,36.0100,36.8000,35.8200,0.0133,-0.0038,-0.0299,0.0029,-0.0348,24.7207,0.0140,-0.0129,-0.0090,0.2999,0.3226,0.5028,buy
2025-12-30,37.3000,61935300,36.9100,38.2600,36.8200,0.0169,0.0256,-0.0056,0.0205,-0.0186,28.8918,0.0152,-0.0112,-0.0059,0.3751,0.6272,0.8250,sell
2025-12-31,36.9000,51524700,37.4000,37.5800,36.8700,-0.0107,0.0151,-0.0110,0.0107,-0.0285,24.8052,0.0154,-0.0109,-0.0045,0.3526,-0.1681,0.7436,buy
2026-01-02,39.3800,95396400,37.7700,39.8600,37.7600,0.0672,0.0890,0.0924,0.0688,0.0361,49.2705,0.0229,-0.0048,0.0010,0.6847,0.8515,1.3734,hold
2026-01-05,39.3700,96665400,41.5900,42.1000,39.2700,-0.0003,0.0876,0.0852,0.0597,0.0345,60.8033,0.0230,-0.0005,0.0043,0.6978,0.0133,1.4029,buy
2026-01-06,40.0400,66395100,39.8600,40.3100,38.9500,0.0170,0.0916,0.0875,0.0684,0.0510,66.6667,0.0231,0.0042,0.0071,0.8215,-0.3131,0.9899,buy
2026-01-07,42.6300,166028400,40.1800,44.5700,40.1200,0.0647,0.1429,0.1721,0.1189,0.1165,76.6533,0.0277,0.0121,0.0119,1.1034,1.5006,2.3492,sell
2026-01-08,41.1100,88242000,42.6200,43.3400,40.6800,-0.0357,0.1141,0.1309,0.0657,0.0758,74.7070,0.0320,0.0162,0.0127,0.8920,-0.4685,1.2257,buy
2026-01-09,45.5500,186691400,41.8300,45.7300,41.5700,0.1080,0.1567,0.2597,0.1527,0.1895,82.0761,0.0430,0.0248,0.0173,1.2208,1.1157,2.4081,sell
2026-01-12,44.0600,101989100,44.2400,45.4500,43.8900,-0.0327,0.1191,0.2171,0.0932,0.1489,73.5065,0.0463,0.0308,0.0185,0.9916,-0.4537,1.2801,buy
2026-01-13,47.2900,168656400,45.8900,48.2400,45.2200,0.0733,0.1811,0.2893,0.1433,0.2286,80.0330,0.0490,0.0377,0.0209,1.1050,0.6537,2.0146,buy
2026-01-14,48.7200,148225800,48.9500,49.0000,47.4200,0.0302,0.1429,0.3062,0.1462,0.2600,81.5722,0.0489,0.0453,0.0232,1.0676,-0.1211,1.6828,hold
2026-01-15,48.3200,132328900,49.3500,50.3900,47.8300,-0.0082,0.1754,0.3095,0.1071,0.2440,80.7071,0.0487,0.0514,0.0233,0.9621,-0.1072,1.4356,sell
2026-01-16,46.9600,127314700,49.2700,50.2100,46.7100,-0.0281,0.0310,0.1925,0.0575,0.2028,75.4735,0.0495,0.0545,0.0205,0.8440,-0.0379,1.3290,buy
2026-01-20,48.5600,150153000,47.3000,50.2300,47.0000,0.0341,0.1021,0.2334,0.0714,0.2374,76.7086,0.0493,0.0560,0.0185,0.8806,0.1794,1.5040,buy
2026-01-21,54.2500,220565300,50.3200,54.4100,50.1500,0.1172,0.1472,0.3549,0.1606,0.3705,81.0326,0.0576,0.0603,0.0214,1.0522,0.4689,2.1476,hold
2026-01-22,54.3200,190066400,54.2100,54.6000,53.0800,0.0013,0.1149,0.2742,0.1337,0.3611,82.2832,0.0571,0.0675,0.0229,0.9748,-0.1383,1.7338,sell
2026-01-23,45.0700,294675400,46.8600,48.1300,44.4500,-0.1703,-0.0673,0.0963,-0.0671,0.1256,58.4296,0.0831,0.0710,0.0138,0.5706,0.5504,2.4044,sell
2026-01-26,42.4900,149407800,44.2800,44.4600,42.2800,-0.0572,-0.0952,-0.0672,-0.1149,0.0587,54.2952,0.0783,0.0610,0.0003,0.4423,-0.4930,1.1658,buy
2026-01-27,43.9300,121832200,43.9700,44.5300,43.1000,0.0339,-0.0953,-0.0030,-0.0846,0.0913,55.2440,0.0785,0.0501,-0.0069,0.4896,-0.1846,0.9174,buy
2026-01-28,48.7800,201995100,46.6000,49.2900,46.3200,0.1104,-0.1008,0.0315,0.0133,0.2041,57.8145,0.0829,0.0462,-0.0041,0.7016,0.6580,1.4325,hold
2026-01-29,48.6600,124256600,47.5600,48.7700,46.9900,-0.0025,-0.1042,-0.0012,0.0109,0.1934,59.9473,0.0825,0.0465,-0.0031,0.6760,-0.3849,0.8622,sell
2026-01-30,46.4700,114920100,48.9800,49.5800,45.9600,-0.0450,0.0311,-0.0383,-0.0308,0.1331,51.2885,0.0839,0.0445,-0.0060,0.5390,-0.0751,0.7802,buy
2026-02-02,48.8100,101414600,45.6300,49.8400,45.5000,0.0504,0.1487,0.0394,0.0140,0.1819,56.4979,0.0847,0.0426,-0.0044,0.6555,-0.1175,0.6871,hold
2026-02-03,49.2500,122205100,50.0600,51.4900,48.4300,0.0090,0.1211,0.0142,0.0217,0.1844,52.9028,0.0842,0.0426,-0.0032,0.6639,0.2050,0.8209,hold
2026-02-04,48.6000,128702300,49.5400,49.7000,47.0000,-0.0132,-0.0037,-0.1041,0.0202,0.1604,49.8181,0.0743,0.0420,-0.0035,0.6017,0.0532,0.8468,hold
2026-02-05,48.2400,114307800,47.5900,50.8600,46.7900,-0.0074,-0.0086,-0.1119,0.0257,0.1443,49.8786,0.0743,0.0402,-0.0045,0.5582,-0.1118,0.7651,buy
2026-02-06,50.5900,115600200,49.1000,51.3000,48.8300,0.0487,0.0887,0.1225,0.0632,0.1917,55.3493,0.0497,0.0401,-0.0020,0.7202,0.0113,0.7668,hold
2026-02-09,50.2400,94841400,49.5900,51.2200,47.5900,-0.0069,0.0293,0.1824,0.0389,0.1755,52.5704,0.0441,0.0407,-0.0014,0.6723,-0.1796,0.6488,sell
2026-02-10,47.1300,99832900,50.4100,50.5400,46.7700,-0.0619,-0.0430,0.0728,-0.0318,0.0974,38.1728,0.0502,0.0379,-0.0055,0.3940,0.0526,0.6835,buy
2026-02-11,48.2900,107681200,48.1100,49.5500,46.8600,0.0246,-0.0064,-0.0100,-0.0070,0.1204,40.3334,0.0361,0.0343,-0.0065,0.4917,0.0786,0.7529,sell
2026-02-12,46.4800,88321200,47.8000,48.9500,46.1900,-0.0375,-0.0365,-0.0448,-0.0399,0.0751,52.9684,0.0380,0.0300,-0.0099,0.3434,-0.1798,0.6308,hold
2026-02-13,46.7900,69740400,45.7600,47.6900,44.9700,0.0067,-0.0751,0.0069,-0.0341,0.0807,60.0093,0.0352,0.0255,-0.0113,0.3780,-0.2104,0.5095,sell
2026-02-17,46.1800,65802200,45.9300,46.8300,45.4600,-0.0130,-0.0808,-0.0539,-0.0415,0.0654,55.4479,0.0308,0.0212,-0.0129,0.3297,-0.0565,0.4917,sell
2026-02-18,45.4600,65306100,45.9200,46.7700,44.8800,-0.0156,-0.0354,-0.0770,-0.0490,0.0464,39.9516,0.0305,0.0162,-0.0147,0.2855,-0.0075,0.5040,sell
2026-02-19,44.6200,72724900,44.9500,45.1700,43.9200,-0.0185,-0.0760,-0.0819,-0.0587,0.0255,38.2831,0.0307,0.0106,-0.0167,0.2274,0.1136,0.5952,sell
2026-02-20,44.1100,90743600,43.8900,44.3900,42.8800,-0.0114,-0.0510,-0.0856,-0.0613,0.0120,42.4164,0.0307,0.0051,-0.0181,0.1751,0.2478,0.7742,sell
2026-02-23,43.6300,57130900,44.0900,44.5500,43.1800,-0.0109,-0.0675,-0.1376,-0.0575,-0.0004,31.0949,0.0232,-0.0004,-0.0190,0.1433,-0.3704,0.5424,buy
2026-02-24,46.1200,98872300,44.1000,46.6000,43.5400,0.0571,-0.0013,-0.0820,0.0052,0.0541,40.0635,0.0325,-0.0001,-0.0142,0.3800,0.7306,0.9617,buy
2026-02-25,46.8800,75645300,46.0900,46.9700,45.0800,0.0165,0.0312,-0.0053,0.0223,0.0678,44.5776,0.0271,0.0014,-0.0100,0.4503,-0.2349,0.7527,sell
2026-02-26,45.4600,71457500,46.7700,46.9500,44.3900,-0.0303,0.0188,-0.0586,-0.0025,0.0319,41.7849,0.0270,0.0002,-0.0093,0.2897,-0.0554,0.7604,hold
2026-02-27,45.6100,79327200,44.4600,46.5600,44.4000,0.0033,0.0340,-0.0187,0.0027,0.0315,33.0842,0.0247,-0.0006,-0.0080,0.3276,0.1101,0.8648,hold
2026-03-02,45.5000,60705100,44.2000,45.8100,43.9500,-0.0024,0.0429,-0.0276,0.0032,0.0252,33.6326,0.0245,-0.0014,-0.0070,0.3220,-0.2348,0.6819,sell
2026-03-03,43.1000,83971000,43.4400,43.6900,42.1400,-0.0527,-0.0655,-0.0667,-0.0433,-0.0319,35.3667,0.0292,-0.0065,-0.0100,0.0785,0.3833,0.9526,buy
2026-03-04,45.5800,96628100,44.0700,46.1300,43.2700,0.0575,-0.0277,0.0026,0.0115,0.0195,41.0206,0.0352,-0.0055,-0.0070,0.3937,0.1507,1.1124,hold
2026-03-05,45.9500,78229400,44.8700,46.4800,44.7000,0.0081,0.0108,0.0298,0.0167,0.0236,48.0586,0.0346,-0.0042,-0.0046,0.4550,-0.1904,0.9275,sell
2026-03-06,43.4200,74698300,44.6700,45.1800,43.2800,-0.0551,-0.0480,-0.0156,-0.0378,-0.0358,39.3825,0.0391,-0.0081,-0.0068,0.1671,-0.0451,0.9069,buy
2026-03-09,45.5800,82937400,42.7400,45.7600,41.6400,0.0497,0.0018,0.0447,0.0057,0.0080,48.2778,0.0420,-0.0065,-0.0042,0.4661,0.1103,1.0273,buy
2026-03-10,46.7800,85233300,45.4100,47.8800,45.4100,0.0263,0.0854,0.0143,0.0307,0.0297,53.6871,0.0388,-0.0033,-0.0009,0.7155,0.0277,1.0621,buy
2026-03-11,47.9800,72480600,46.8200,48.8300,46.6600,0.0257,0.0527,0.0235,0.0546,0.0507,59.2004,0.0392,0.0011,0.0028,0.9136,-0.1496,0.9189,sell
2026-03-12,45.2500,85110200,47.4000,47.4400,45.1700,-0.0569,-0.0152,-0.0046,-0.0049,-0.0128,52.7832,0.0425,-0.0000,0.0014,0.4452,0.1742,1.0946,hold
2026-03-13,45.7700,68386200,45.9700,46.6500,45.3900,0.0115,0.0541,0.0035,0.0061,-0.0051,55.2144,0.0427,-0.0001,0.0011,0.5571,-0.1965,0.8909,hold
2026-03-16,45.7600,114199400,47.9100,49.1700,45.6900,-0.0002,0.0039,0.0057,0.0053,-0.0091,49.0022,0.0426,-0.0001,0.0008,0.5675,0.6699,1.4459,sell
2026-03-17,44.0600,89061600,46.0800,46.0800,43.9100,-0.0372,-0.0581,0.0223,-0.0340,-0.0479,42.5711,0.0407,-0.0032,-0.0018,0.2397,-0.2201,1.1113,buy
2026-03-18,45.0300,78056200,44.2000,45.7100,44.0500,0.0220,-0.0615,-0.0121,-0.0116,-0.0293,48.8397,0.0367,-0.0038,-0.0019,0.4428,-0.1236,0.9663,buy
2026-03-19,46.1800,74051500,43.9900,46.4400,43.6500,0.0255,0.0206,0.0050,0.0131,-0.0071,51.4593,0.0376,-0.0022,-0.0003,0.6617,-0.0513,0.9160,sell
2026-03-20,43.8700,162814200,46.9500,47.5500,43.6400,-0.0500,-0.0415,0.0104,-0.0385,-0.0573,46.2494,0.0368,-0.0052,-0.0025,0.1964,1.1987,1.9279,hold
2026-03-23,44.0100,80772200,44.5000,45.4600,43.7400,0.0032,-0.0382,-0.0344,-0.0321,-0.0555,52.3369,0.0328,-0.0071,-0.0036,0.2149,-0.5039,0.9432,hold
2026-03-24,44.0600,65323500,43.5400,44.3100,43.2000,0.0011,0.0000,-0.0581,-0.0252,-0.0538,45.5399,0.0312,-0.0085,-0.0039,0.2510,-0.1913,0.7781,buy
2026-03-25,47.1800,97467900,45.8500,47.8500,45.4500,0.0708,0.0477,-0.0167,0.0457,0.0119,53.1076,0.0386,-0.0035,0.0005,0.8722,0.4921,1.1461,sell
2026-03-26,44.1000,82841400,46.3000,46.6000,43.9200,-0.0653,-0.0450,-0.0254,-0.0200,-0.0529,51.6716,0.0400,-0.0056,-0.0010,0.2787,-0.1501,0.9676,sell
2026-03-27,43.1300,70002200,43.6200,44.1300,42.8600,-0.0220,-0.0169,-0.0577,-0.0359,-0.0715,43.6031,0.0402,-0.0090,-0.0034,0.1367,-0.1550,0.8221,sell
2026-03-30,41.1900,84596000,43.7200,43.9900,40.6300,-0.0450,-0.0641,-0.0999,-0.0698,-0.1105,35.9477,0.0420,-0.0157,-0.0079,-0.0730,0.2085,0.9798,buy
2026-03-31,44.1300,95294900,41.9500,44.2300,41.6000,0.0714,0.0016,0.0016,-0.0036,-0.0459,41.1003,0.0477,-0.0138,-0.0052,0.3697,0.1265,1.0965,buy
2026-04-01,48.0300,129598500,45.0000,48.7700,44.9800,0.0884,0.0180,0.0666,0.0772,0.0387,56.0965,0.0550,-0.0054,0.0020,0.9312,0.3600,1.4634,buy
2026-04-02,50.3800,117134200,46.0600,50.4900,46.0400,0.0489,0.1424,0.0909,0.1194,0.0913,59.3585,0.0563,0.0040,0.0089,1.1110,-0.0962,1.2943,hold
2026-04-06,50.7800,79978800,50.8800,52.3900,49.8700,0.0079,0.1774,0.1575,0.1112,0.1017,60.0320,0.0523,0.0118,0.0132,1.0413,-0.3172,0.8811,buy
2026-04-07,52.9100,129543800,51.9100,53.2700,51.2200,0.0419,0.2845,0.2022,0.1357,0.1440,67.3870,0.0527,0.0202,0.0173,1.1004,0.6197,1.3915,buy
2026-04-08,58.9500,184599900,55.3700,59.1700,54.8000,0.1142,0.3358,0.3379,0.2261,0.2656,72.8047,0.0599,0.0323,0.0238,1.2560,0.4250,1.8824,buy
2026-04-09,61.7200,155609900,58.4000,62.0800,58.3900,0.0470,0.2850,0.3082,0.2461,0.3150,74.1755,0.0586,0.0448,0.0293,1.1806,-0.1570,1.5223,hold
2026-04-10,62.3800,98624400,61.5200,63.3900,60.7500,0.0107,0.2382,0.4145,0.2146,0.3214,80.3542,0.0492,0.0554,0.0320,1.0692,-0.3662,0.9585,buy
2026-04-13,65.1800,112111000,62.1800,65.6500,62.1800,0.0449,0.2836,0.5112,0.2168,0.3711,81.9306,0.0447,0.0641,0.0334,1.0515,0.1367,1.0669,sell
2026-04-14,63.8100,112796100,65.1600,65.1800,62.0900,-0.0210,0.2060,0.5492,0.1430,0.3326,78.6481,0.0399,0.0720,0.0325,0.9345,0.0061,1.0741,buy
2026-04-15,64.9400,92051500,63.7700,65.8400,62.8800,0.0177,0.1016,0.4716,0.1214,0.3471,77.3399,0.0396,0.0763,0.0300,0.9099,-0.1839,0.8753,buy
2026-04-16,68.5000,108328300,64.9300,68.6100,64.2700,0.0548,0.1099,0.4262,0.1425,0.4097,87.0146,0.0363,0.0798,0.0287,0.9431,0.1768,1.0155,hold
2026-04-17,68.5000,118831500,68.8500,70.3300,67.7400,0.0000,0.0981,0.3597,0.1090,0.3982,89.6530,0.0378,0.0847,0.0269,0.8888,0.0970,1.0910,sell
2026-04-20,65.7000,96851100,68.4500,69.2100,64.4700,-0.0409,0.0080,0.2938,0.0386,0.3316,87.3059,0.0439,0.0879,0.0221,0.7858,-0.1850,0.9170,hold
2026-04-21,66.2600,91402300,67.1400,67.6700,65.6400,0.0085,0.0384,0.2523,0.0258,0.3345,86.3144,0.0439,0.0865,0.0171,0.7714,-0.0563,0.8611,sell
2026-04-22,65.2700,90267300,67.9400,68.7700,64.9800,-0.0149,0.0051,0.1072,0.0007,0.3066,81.2772,0.0315,0.0852,0.0117,0.7230,-0.0124,0.8405,buy
2026-04-23,66.7800,155141800,66.1000,68.2800,65.4200,0.0231,-0.0251,0.0820,0.0159,0.3264,80.6886,0.0293,0.0820,0.0082,0.7371,0.7187,1.4068,buy
2026-04-24,82.5400,281405200,82.2000,85.2200,79.6200,0.2360,0.2050,0.3232,0.2183,0.6174,87.7376,0.0778,0.0801,0.0163,1.0426,0.8139,2.3410,buy
2026-04-27,84.9900,178820200,83.6700,87.1000,82.6100,0.0297,0.2936,0.3039,0.2189,0.6407,87.8302,0.0776,0.0896,0.0221,1.0170,-0.3645,1.4232,hold
2026-04-28,84.5200,147773500,81.2800,84.5900,80.8000,-0.0055,0.2756,0.3246,0.1772,0.6082,84.7135,0.0767,0.0980,0.0241,0.9576,-0.1736,1.1472,buy
2026-04-29,94.7500,235070900,86.1400,94.9500,85.8700,0.1210,0.4517,0.4590,0.2670,0.7701,87.2883,0.0815,0.1005,0.0277,1.0775,0.5908,1.7310,hold
2026-04-30,94.4800,160597300,95.6000,95.6900,91.5000,-0.0028,0.4148,0.3793,0.2210,0.7333,86.5604,0.0825,0.1097,0.0293,0.9956,-0.3168,1.1693,buy
2026-05-01,99.6200,158502800,93.2000,100.4500,92.6100,0.0544,0.2069,0.4543,0.2377,0.7915,87.2405,0.0817,0.1136,0.0299,1.0088,-0.0130,1.1369,sell
2026-05-04,95.7800,119294000,99.1800,99.8200,95.6000,-0.0385,0.1270,0.4578,0.1471,0.6910,82.8167,0.0814,0.1214,0.0275,0.8952,-0.2474,0.8438,buy
2026-05-05,108.1500,198482000,100.5100,110.4800,100.0800,0.1292,0.2796,0.6322,0.2334,0.8668,86.0384,0.0849,0.1177,0.0276,1.0227,0.6638,1.3705,buy
2026-05-06,113.0100,157320100,110.9800,113.5000,106.5800,0.0449,0.1927,0.7314,0.2222,0.9067,86.3347,0.0816,0.1224,0.0289,1.0080,-0.2074,1.0966,sell
2026-05-07,109.6200,122699900,111.0200,114.5100,109.1500,-0.0300,0.1602,0.6415,0.1331,0.8112,81.8069,0.0859,0.1301,0.0270,0.9023,-0.2201,0.8652,buy
2026-05-08,124.9200,227681300,111.8100,130.5700,111.8000,0.1396,0.2540,0.5134,0.2370,1.0111,88.3847,0.0663,0.1254,0.0279,1.0184,0.8556,1.5356,buy
2026-05-11,129.4400,179486500,130.8800,132.7500,123.9200,0.0362,0.3514,0.5230,0.2277,1.0291,88.9519,0.0662,0.1309,0.0295,0.9884,-0.2117,1.1836,sell
2026-05-12,120.6100,172516500,124.3600,127.7900,115.0000,-0.0682,0.1152,0.4270,0.1061,0.8472,81.1109,0.0740,0.1413,0.0260,0.8451,-0.0388,1.1157,hold
2026-05-13,120.2900,115364400,124.1000,125.0000,116.4100,-0.0027,0.0644,0.2696,0.0779,0.7998,80.4900,0.0688,0.1406,0.0199,0.8083,-0.3313,0.7405,sell
2026-05-14,115.9300,118279800,114.6600,118.5700,113.1700,-0.0362,0.0576,0.2270,0.0193,0.6988,71.8664,0.0712,0.1403,0.0121,0.7343,0.0253,0.7568,sell
2026-05-15,108.7700,135206000,109.7900,110.5700,105.0200,-0.0618,-0.1293,0.0918,-0.0513,0.5650,64.6681,0.0748,0.1379,0.0010,0.6337,0.1431,0.8606,hold
2026-05-18,108.1700,145764000,113.4700,115.5400,103.8500,-0.0055,-0.1643,0.1294,-0.0666,0.5279,64.5646,0.0731,0.1274,-0.0081,0.6078,0.0781,0.9136,buy
2026-05-19,110.8000,150234900,106.9800,113.0700,102.4000,0.0243,-0.0813,0.0245,-0.0461,0.5368,60.9050,0.0614,0.1163,-0.0128,0.6224,0.0307,0.9245,buy
2026-05-20,118.9600,165086900,116.2200,121.9400,114.8000,0.0736,-0.0111,0.0527,0.0189,0.6176,65.0221,0.0642,0.1067,-0.0109,0.7201,0.0989,0.9931,hold
2026-05-21,118.5000,102452500,116.5800,119.4100,113.1700,-0.0039,0.0222,0.0810,0.0073,0.5810,62.2917,0.0630,0.1043,-0.0110,0.7031,-0.3794,0.6262,hold
2026-05-22,119.8400,82663000,120.3400,122.7800,118.0900,0.0113,0.1018,-0.0407,0.0231,0.5677,66.1911,0.0437,0.1006,-0.0107,0.7090,-0.1932,0.5379,buy
2026-05-26,123.5200,108167300,122.1000,125.6200,117.3500,0.0307,0.1419,-0.0457,0.0599,0.5836,61.7131,0.0432,0.0970,-0.0088,0.7620,0.3085,0.7205,sell
2026-05-27,121.7700,93323300,124.3900,125.2700,117.0000,-0.0142,0.0990,0.0096,0.0438,0.5313,57.0080,0.0372,0.0957,-0.0093,0.7140,-0.1372,0.6331,hold
2026-05-28,120.8900,97321000,121.4500,123.0800,116.3100,-0.0072,0.0162,0.0050,0.0358,0.4914,59.3932,0.0373,0.0925,-0.0106,0.6746,0.0428,0.6926,sell
2026-05-29,114.6800,191676100,123.8500,126.6400,113.5400,-0.0514,-0.0322,-0.0108,-0.0164,0.3909,39.9411,0.0392,0.0889,-0.0158,0.4857,0.9695,1.3491,sell
2026-06-01,109.3300,134900400,109.4300,113.3000,106.3300,-0.0467,-0.0877,0.0051,-0.0627,0.3060,30.5625,0.0368,0.0812,-0.0229,0.2968,-0.2962,0.9574,sell
2026-06-02,107.9300,106336200,107.4500,109.0000,104.1700,-0.0128,-0.1262,-0.0022,-0.0745,0.2699,35.6885,0.0370,0.0707,-0.0278,0.1803,-0.2117,0.7582,buy
2026-06-03,112.7100,118928800,116.4200,118.2900,110.8600,0.0443,-0.0744,0.0172,-0.0351,0.3050,42.2272,0.0389,0.0617,-0.0261,0.3499,0.1184,0.8727,hold
2026-06-04,111.7800,77325800,108.4000,113.1400,107.4800,-0.0083,-0.0754,-0.0604,-0.0372,0.2742,45.4225,0.0298,0.0560,-0.0260,0.3166,-0.3498,0.5846,sell
2026-06-05,99.1700,145209400,106.4800,106.4800,98.3300,-0.1128,-0.1352,-0.1631,-0.1313,0.1173,40.5475,0.0451,0.0469,-0.0365,-0.0745,0.8779,1.0886,buy
2026-06-08,110.2700,136973900,111.0000,112.5400,106.6600,0.1119,0.0086,-0.0799,-0.0259,0.2241,51.7134,0.0606,0.0382,-0.0294,0.3265,-0.0567,1.0630,sell
2026-06-09,107.9200,149623100,112.9900,114.0000,99.4600,-0.0213,-0.0001,-0.1263,-0.0334,0.1810,47.6393,0.0592,0.0337,-0.0283,0.2580,0.0923,1.1747,hold
2026-06-10,107.0400,122653500,106.0300,111.5000,104.9200,-0.0082,-0.0503,-0.1210,-0.0284,0.1547,38.9054,0.0592,0.0288,-0.0270,0.2498,-0.1803,0.9822,buy
2026-06-11,116.9600,188430300,113.5200,119.4400,110.5100,0.0927,0.0463,-0.0325,0.0654,0.2422,48.7813,0.0678,0.0290,-0.0176,0.6492,0.5363,1.4661,buy
2026-06-12,124.5700,151169400,117.4200,127.6000,115.3300,0.0651,0.2561,0.0862,0.1246,0.3019,53.4053,0.0682,0.0338,-0.0080,0.9065,-0.1977,1.1613,buy
2026-06-15,127.8600,134507500,129.4900,132.6100,126.6600,0.0264,0.1595,0.1695,0.1353,0.3150,53.1422,0.0653,0.0396,-0.0009,0.9533,-0.1102,1.0336,sell
2026-06-16,117.0500,132962600,125.1100,128.7000,116.0000,-0.0845,0.0846,0.0845,0.0310,0.1876,46.9790,0.0725,0.0411,-0.0025,0.5690,-0.0115,1.0268,buy
2026-06-17,121.1000,115324900,121.8500,125.2000,118.0600,0.0346,0.1314,0.0744,0.0588,0.2119,50.1292,0.0721,0.0403,-0.0015,0.6913,-0.1327,0.9027,buy
2026-06-18,133.9900,233906600,131.8100,135.4800,127.9000,0.1064,0.1456,0.1987,0.1492,0.3211,60.9753,0.0779,0.0441,0.0051,1.0334,1.0282,1.7829,buy
2026-06-22,140.9400,127190600,139.1200,141.4500,136.2100,0.0519,0.1314,0.4212,0.1670,0.3682,67.6454,0.0622,0.0511,0.0112,1.0908,-0.4562,0.9604,sell
2026-06-23,132.2800,132976700,129.7300,137.9800,128.3000,-0.0614,0.0346,0.1996,0.0757,0.2670,62.5736,0.0633,0.0563,0.0110,0.8390,0.0455,0.9854,hold
2026-06-24,131.6500,104591700,133.0500,136.0800,127.9500,-0.0048,0.1247,0.2199,0.0503,0.2451,60.2180,0.0624,0.0570,0.0092,0.8034,-0.2135,0.7761,hold
2026-06-25,132.8700,122588800,139.7300,140.7200,125.4100,0.0093,0.0972,0.2413,0.0386,0.2404,61.3424,0.0617,0.0568,0.0076,0.8060,0.1721,0.8999,sell
2026-06-26,128.3200,99475400,128.7100,131.2300,125.5000,-0.0342,-0.0423,0.0971,-0.0058,0.1839,67.1652,0.0589,0.0557,0.0037,0.6939,-0.1885,0.7296,buy
2026-06-29,131.7200,106805300,127.0000,132.0500,118.5000,0.0265,-0.0654,0.0574,0.0150,0.2013,63.8907,0.0561,0.0533,0.0021,0.7439,0.0737,0.8086,buy
2026-06-30,139.6300,116996700,131.9900,142.3500,131.5200,0.0601,0.0556,0.0921,0.0662,0.2571,69.1555,0.0584,0.0535,0.0042,0.8658,0.0954,0.8918,sell
2026-07-01,127.0200,113107200,135.0000,135.7400,126.6800,-0.0903,-0.0352,0.0852,-0.0374,0.1311,60.5714,0.0594,0.0530,-0.0010,0.5907,-0.0332,0.8599,sell
2026-07-02,120.3500,124577600,128.9200,130.7400,117.6300,-0.0525,-0.0942,-0.0062,-0.0874,0.0615,51.8575,0.0617,0.0460,-0.0087,0.4401,0.1014,0.9451,hold
2026-07-06,122.2000,86950200,122.5700,127.3000,121.5200,0.0154,-0.0477,-0.0880,-0.0650,0.0671,48.6139,0.0501,0.0384,-0.0124,0.4679,-0.3020,0.6572,sell
2026-07-07,110.3900,140405900,116.3000,116.4700,108.3000,-0.0966,-0.1619,-0.2168,-0.1352,-0.0433,40.7084,0.0523,0.0275,-0.0230,0.1618,0.6148,1.0632,hold
2026-07-08,110.2400,105488100,108.3000,110.4900,104.4100,-0.0014,-0.2105,-0.1666,-0.1212,-0.0492,45.9148,0.0508,0.0153,-0.0282,0.1582,-0.2487,0.8084,buy
2026-07-09,112.5400,99352500,114.8700,116.7700,111.5100,0.0209,-0.1140,-0.1452,-0.0890,-0.0340,44.7549,0.0521,0.0071,-0.0284,0.1988,-0.0582,0.7764,sell
2026-07-10,109.8400,70846600,109.5800,110.8500,107.4500,-0.0240,-0.0873,-0.1733,-0.0939,-0.0612,33.0906,0.0515,-0.0011,-0.0300,0.1174,-0.2869,0.5650,sell
2026-07-13,103.1200,100988800,105.9800,106.1700,101.7900,-0.0612,-0.1561,-0.1964,-0.1313,-0.1199,23.4335,0.0531,-0.0134,-0.0353,0.0126,0.4255,0.8345,buy
2026-07-14,107.7600,91129000,107.9800,109.1900,103.5900,0.0450,-0.0238,-0.1819,-0.0735,-0.0824,31.7451,0.0552,-0.0184,-0.0315,0.1600,-0.0976,0.7722,sell
2026-07-15,102.9900,120625500,109.3000,109.6100,99.2000,-0.0443,-0.0658,-0.2624,-0.0857,-0.1235,29.9018,0.0482,-0.0272,-0.0328,0.1090,0.3237,1.0282,sell
2026-07-16,96.9800,107742900,101.1400,101.8800,95.4800,-0.0584,-0.1383,-0.2365,-0.1155,-0.1748,26.4161,0.0446,-0.0402,-0.0369,0.0497,-0.1068,0.9284,sell
2026-07-17,95.0400,126779300,92.1400,98.0500,89.5900,-0.0200,-0.1347,-0.2103,-0.1127,-0.1895,27.3544,0.0436,-0.0512,-0.0383,0.0761,0.1767,1.0871,buy
2026-07-20,97.0600,89741400,97.5800,100.9800,96.9200,0.0213,-0.0588,-0.2057,-0.0720,-0.1700,25.9639,0.0442,-0.0558,-0.0344,0.1528,-0.2921,0.8202,buy
2026-07-21,105.4500,105429400,103.1900,106.3400,101.2200,0.0864,-0.0214,-0.0448,0.0129,-0.0977,26.4536,0.0475,-0.0484,-0.0230,0.3138,0.1748,0.9732,sell
2026-07-22,102.6200,78431000,101.5500,106.8500,101.4800,-0.0268,-0.0036,-0.0691,-0.0070,-0.1185,30.5732,0.0481,-0.0491,-0.0184,0.2857,-0.2561,0.7427,sell
2026-07-23,100.2300,140806900,101.1400,104.1800,99.2400,-0.0233,0.0335,-0.1094,-0.0184,-0.1347,32.8093,0.0474,-0.0510,-0.0157,0.2659,0.7953,1.3109,sell
