date,close,volume,open,high,low,return_1d,return_5d,return_10d,price_vs_ma10,price_vs_ma50,rsi_14,volatility_10d,macd_norm,macd_hist_norm,bb_position,volume_change,volume_vs_avg20,label
2021-09-10,547.0380,1088400,550.9235,552.4565,546.7102,-0.0007,0.0136,0.0267,0.0047,0.0653,73.1449,0.0094,0.0179,-0.0005,0.7689,0.4038,0.9463,sell
2021-09-13,537.4349,1192700,549.7471,550.9812,531.4958,-0.0176,-0.0104,-0.0151,-0.0114,0.0439,54.8839,0.0080,0.0163,-0.0019,0.5331,0.0958,1.0084,buy
2021-09-14,547.8961,1182800,545.6592,550.7210,542.8343,0.0195,0.0139,0.0048,0.0074,0.0614,61.9167,0.0104,0.0158,-0.0016,0.7567,-0.0083,0.9835,buy
2021-09-15,551.5984,1025700,549.5641,551.8491,544.3577,0.0068,0.0080,0.0106,0.0131,0.0658,63.2979,0.0106,0.0160,-0.0011,0.8273,-0.1328,0.8548,hold
2021-09-16,552.3408,999900,550.4414,554.1148,547.5779,0.0013,0.0090,0.0173,0.0127,0.0645,66.9116,0.0103,0.0161,-0.0007,0.8549,-0.0252,0.8238,sell
2021-09-17,541.7063,1860900,552.3023,552.3023,540.5686,-0.0193,-0.0097,0.0037,-0.0072,0.0418,46.4479,0.0121,0.0147,-0.0019,0.4956,0.8611,1.5104,sell
2021-09-20,534.5234,1300000,533.1832,540.1251,527.8804,-0.0133,-0.0054,-0.0157,-0.0188,0.0261,41.3612,0.0127,0.0124,-0.0036,0.1837,-0.3014,1.0527,hold
2021-09-21,535.3427,758100,539.6717,539.7970,533.6650,0.0015,-0.0229,-0.0093,-0.0164,0.0258,41.6409,0.0126,0.0104,-0.0045,0.2023,-0.4168,0.6295,buy
2021-09-22,542.6222,911100,540.5011,544.7433,533.7906,0.0136,-0.0163,-0.0084,-0.0021,0.0376,49.7627,0.0127,0.0096,-0.0040,0.4909,0.2018,0.7808,buy
2021-09-23,556.6699,1235100,545.8811,557.5762,544.8206,0.0259,0.0078,0.0169,0.0219,0.0616,60.8842,0.0153,0.0108,-0.0020,1.0215,0.3556,1.1060,hold
2021-09-24,557.2001,1168700,552.8326,558.4053,549.8919,0.0010,0.0286,0.0186,0.0210,0.0597,59.4219,0.0153,0.0119,-0.0007,0.9847,-0.0538,1.0651,sell
2021-09-27,546.6813,1279100,552.3119,553.2568,541.1760,-0.0189,0.0227,0.0172,0.0000,0.0372,53.8033,0.0155,0.0113,-0.0012,0.5614,0.0945,1.1729,sell
2021-09-28,525.4700,1647600,540.3468,542.6030,524.9590,-0.0388,-0.0184,-0.0409,-0.0348,-0.0047,38.8063,0.0187,0.0078,-0.0042,-0.1110,0.2881,1.4603,hold
2021-09-29,527.3209,994800,529.2010,533.3179,525.4987,0.0035,-0.0282,-0.0440,-0.0271,-0.0026,39.8556,0.0185,0.0048,-0.0057,0.0323,-0.3962,0.8911,sell
2021-09-30,520.1672,1540800,529.6930,534.6101,519.8779,-0.0136,-0.0656,-0.0582,-0.0345,-0.0170,37.2936,0.0186,0.0014,-0.0074,-0.0510,0.5489,1.3630,buy
2021-10-01,524.4672,1439900,521.8351,526.4727,514.1605,0.0083,-0.0587,-0.0318,-0.0234,-0.0097,43.5442,0.0185,-0.0007,-0.0076,0.1059,-0.0655,1.2541,sell
2021-10-04,506.5149,1456000,520.3408,522.1149,500.3926,-0.0342,-0.0735,-0.0524,-0.0519,-0.0435,30.8289,0.0208,-0.0052,-0.0099,-0.1243,0.0112,1.2309,buy
2021-10-05,514.2279,958300,510.0917,517.6796,507.5271,0.0152,-0.0214,-0.0394,-0.0336,-0.0291,33.3073,0.0217,-0.0074,-0.0095,0.0828,-0.3418,0.8076,hold
2021-10-06,515.4429,977600,507.5466,518.6439,507.1513,0.0024,-0.0225,-0.0501,-0.0264,-0.0272,33.5877,0.0210,-0.0088,-0.0088,0.1485,0.0201,0.8218,buy
2021-10-07,519.1113,955600,519.5360,525.8882,518.4838,0.0071,-0.0020,-0.0675,-0.0125,-0.0208,39.2857,0.0186,-0.0092,-0.0074,0.2375,-0.0225,0.7972,sell
2021-10-08,512.7302,937000,520.3953,522.6446,511.1084,-0.0123,-0.0224,-0.0798,-0.0163,-0.0331,39.5867,0.0185,-0.0106,-0.0070,0.1723,-0.0195,0.7867,sell
2021-10-11,507.2177,1025300,510.4421,514.9891,506.8606,-0.0108,0.0014,-0.0722,-0.0194,-0.0433,37.1381,0.0181,-0.0125,-0.0070,0.1326,0.0942,0.8669,hold
2021-10-12,508.8010,873000,508.7721,514.9312,505.9918,0.0031,-0.0106,-0.0317,-0.0132,-0.0404,33.6830,0.0145,-0.0134,-0.0064,0.1910,-0.1485,0.7479,buy
2021-10-13,516.4177,866500,515.7516,520.9550,513.8209,0.0150,0.0019,-0.0207,0.0037,-0.0262,29.2957,0.0155,-0.0126,-0.0046,0.3221,-0.0074,0.7475,buy
2021-10-14,524.9518,1068300,524.5367,530.8792,523.2334,0.0165,0.0113,0.0092,0.0193,-0.0104,34.6745,0.0160,-0.0105,-0.0021,0.4692,0.2329,0.9188,buy
2021-10-15,533.0417,1602700,526.1296,534.1230,524.4595,0.0154,0.0396,0.0163,0.0333,0.0043,43.3648,0.0165,-0.0076,0.0006,0.6077,0.5002,1.3939,buy
2021-10-18,545.0123,1321800,533.6209,545.2537,529.2864,0.0225,0.0745,0.0760,0.0487,0.0257,60.4458,0.0118,-0.0035,0.0036,0.7858,-0.1753,1.1485,buy
2021-10-19,552.9670,978000,548.4780,553.2856,544.4331,0.0146,0.0868,0.0753,0.0561,0.0392,62.8687,0.0118,0.0008,0.0063,0.8752,-0.2601,0.8418,sell
2021-10-20,550.7756,836200,554.4537,555.7473,549.2117,-0.0040,0.0665,0.0685,0.0449,0.0336,66.1637,0.0122,0.0039,0.0074,0.8272,-0.1450,0.7220,buy
2021-10-21,558.3248,729600,550.2639,558.8847,545.7266,0.0137,0.0636,0.0755,0.0514,0.0460,67.2863,0.0124,0.0072,0.0086,0.9319,-0.1275,0.6440,buy
2021-10-22,570.3438,991800,560.7866,571.1451,559.9178,0.0215,0.0700,0.1124,0.0625,0.0664,84.6901,0.0110,0.0112,0.0101,1.0527,0.3594,0.8824,buy
2021-10-25,581.6965,1104600,570.3437,583.3087,569.3301,0.0199,0.0673,0.1468,0.0688,0.0851,85.2728,0.0083,0.0156,0.0116,1.0837,0.1137,0.9904,buy
2021-10-26,587.5372,1418600,584.6121,592.1227,581.6001,0.0100,0.0625,0.1547,0.0642,0.0934,85.9522,0.0075,0.0197,0.0126,1.0329,0.2843,1.2852,buy
2021-10-27,591.9005,1457700,588.1258,595.9454,585.8862,0.0074,0.0747,0.1462,0.0576,0.0985,86.0489,0.0078,0.0232,0.0129,0.9850,0.0276,1.2935,buy
2021-10-28,594.1016,1066600,591.9199,598.9284,584.8436,0.0037,0.0641,0.1317,0.0486,0.0993,92.0398,0.0084,0.0260,0.0126,0.9348,-0.2683,0.9668,buy
2021-10-29,604.3152,1038200,592.1226,604.9041,589.7284,0.0172,0.0596,0.1337,0.0534,0.1149,97.8406,0.0085,0.0288,0.0125,0.9445,-0.0266,0.9585,sell
2021-11-01,587.7301,1246300,606.7673,608.1671,586.2820,-0.0274,0.0104,0.0784,0.0169,0.0818,83.8804,0.0146,0.0297,0.0103,0.7900,0.2004,1.1619,buy
2021-11-02,596.9785,1024500,590.8967,603.9968,589.3617,0.0157,0.0161,0.0796,0.0251,0.0962,84.1030,0.0146,0.0302,0.0089,0.8223,-0.1780,0.9521,buy
2021-11-03,601.3032,1093900,598.4457,603.9966,588.1645,0.0072,0.0159,0.0917,0.0236,0.1015,83.5156,0.0140,0.0309,0.0078,0.8185,0.0677,1.0112,buy
2021-11-04,604.0161,1267100,599.7685,609.6925,598.8321,0.0045,0.0167,0.0818,0.0203,0.1037,82.6988,0.0140,0.0315,0.0068,0.8050,0.1583,1.1547,sell
2021-11-05,593.6963,1428200,606.4393,607.5205,591.5725,-0.0171,-0.0176,0.0409,-0.0011,0.0824,72.7758,0.0151,0.0309,0.0047,0.7096,0.1271,1.2730,hold
2021-11-08,593.9471,1222800,597.5770,598.0403,587.1509,0.0004,0.0106,0.0211,-0.0027,0.0809,70.6610,0.0141,0.0297,0.0027,0.6931,-0.1438,1.0804,hold
2021-11-09,591.5627,1205100,594.6229,596.7274,590.0566,-0.0040,-0.0091,0.0069,-0.0074,0.0748,70.5237,0.0139,0.0282,0.0009,0.6569,-0.0145,1.0494,sell
2021-11-10,583.0673,1197300,590.2207,596.5922,582.6618,-0.0144,-0.0303,-0.0149,-0.0202,0.0579,62.3327,0.0144,0.0258,-0.0015,0.5583,-0.0065,1.0278,buy
2021-11-11,585.8573,684300,586.2241,589.4581,584.9305,0.0048,-0.0301,-0.0139,-0.0141,0.0613,58.5161,0.0145,0.0236,-0.0028,0.5644,-0.4285,0.5972,buy
2021-11-12,605.2806,1182600,589.7767,606.6225,589.7767,0.0332,0.0195,0.0016,0.0184,0.0939,61.8927,0.0174,0.0236,-0.0016,0.7848,0.7282,1.0514,hold
2021-11-15,604.4603,1402500,606.4393,611.0345,600.9945,-0.0014,0.0177,0.0285,0.0142,0.0900,58.9889,0.0144,0.0238,-0.0011,0.7606,0.1859,1.2425,buy
2021-11-16,623.4006,1331700,604.4792,624.0957,604.2766,0.0313,0.0538,0.0443,0.0413,0.1208,64.4881,0.0166,0.0254,0.0010,0.9943,-0.0505,1.1616,sell
2021-11-17,613.0714,1321900,621.2964,622.2328,608.0321,-0.0166,0.0515,0.0196,0.0221,0.0997,58.1179,0.0179,0.0260,0.0009,0.8353,-0.0074,1.1291,sell
2021-11-18,607.1631,1319900,614.4806,614.6737,604.7400,-0.0096,0.0364,0.0052,0.0117,0.0867,51.2653,0.0182,0.0254,0.0000,0.7280,-0.0015,1.0997,buy
2021-11-19,668.3679,3615700,691.0832,692.0389,657.8646,0.1008,0.1042,0.1258,0.1000,0.1911,75.6558,0.0354,0.0294,0.0051,1.3845,1.7394,2.7156,sell
2021-11-22,638.7213,2177000,668.0011,669.4974,637.9296,-0.0444,0.0567,0.0754,0.0435,0.1342,61.7551,0.0397,0.0320,0.0052,0.9310,-0.3979,1.5717,buy
2021-11-23,647.4096,2112500,630.1487,648.8673,626.3354,0.0136,0.0385,0.0944,0.0481,0.1456,62.6725,0.0395,0.0332,0.0054,0.9602,-0.0296,1.4879,buy
2021-11-24,660.3167,1715100,638.5958,660.9442,636.8388,0.0199,0.0771,0.1325,0.0558,0.1639,64.6533,0.0387,0.0350,0.0062,1.0057,-0.1881,1.1971,sell
2021-11-26,643.8185,1279300,660.3168,667.1227,640.7293,-0.0250,0.0604,0.0989,0.0200,0.1312,62.6388,0.0405,0.0354,0.0047,0.8044,-0.2541,0.8864,buy
2021-11-29,670.6075,2009300,650.9814,673.1272,650.9814,0.0416,0.0034,0.1079,0.0515,0.1729,67.0488,0.0411,0.0364,0.0056,0.9784,0.5706,1.3469,sell
2021-11-30,629.7143,4186000,645.7878,657.9708,629.4247,-0.0610,-0.0141,0.0418,-0.0165,0.0978,57.2439,0.0470,0.0352,0.0019,0.6039,1.0833,2.5543,buy
2021-12-01,640.9030,5184800,644.7741,651.5800,634.8307,0.0178,-0.0101,0.0281,-0.0017,0.1132,60.8702,0.0463,0.0328,0.0000,0.6847,0.2386,2.8074,hold
2021-12-02,648.8481,1961900,637.3408,654.3411,637.3408,0.0124,-0.0174,0.0584,0.0051,0.1228,61.6141,0.0458,0.0316,-0.0006,0.7321,-0.6216,1.0379,sell
2021-12-03,625.5245,2277100,648.1819,650.1319,612.9939,-0.0359,-0.0284,0.0302,-0.0338,0.0799,53.6796,0.0476,0.0288,-0.0037,0.5156,0.1607,1.1733,hold
2021-12-06,622.9952,1687000,627.4842,629.4825,617.3864,-0.0040,-0.0710,-0.0679,-0.0309,0.0731,53.3482,0.0333,0.0252,-0.0060,0.4790,-0.2591,0.8635,buy
2021-12-07,649.9871,1615300,631.5677,651.0973,631.3168,0.0433,0.0322,0.0176,0.0093,0.1156,54.6669,0.0338,0.0243,-0.0044,0.7079,-0.0425,0.8186,hold
2021-12-08,649.7554,1332800,649.8616,652.7867,643.6929,-0.0004,0.0138,0.0036,0.0086,0.1105,56.6760,0.0335,0.0242,-0.0036,0.6855,-0.1749,0.6732,sell
2021-12-09,642.4669,1180200,650.6919,656.6965,639.7639,-0.0112,-0.0098,-0.0270,0.0000,0.0937,56.3927,0.0330,0.0232,-0.0040,0.5937,-0.1145,0.5964,buy
2021-12-10,654.4763,1276500,647.1008,654.7465,643.7992,0.0187,0.0463,0.0166,0.0170,0.1091,46.9392,0.0325,0.0229,-0.0030,0.7121,0.0816,0.6356,sell
2021-12-13,645.5852,1430800,654.5246,660.3844,645.2570,-0.0136,0.0363,-0.0373,0.0071,0.0895,51.6646,0.0297,0.0221,-0.0034,0.5827,0.1209,0.7080,sell
2021-12-14,617.3383,1865900,632.9388,634.2902,605.1456,-0.0438,-0.0502,-0.0197,-0.0351,0.0380,43.3392,0.0262,0.0182,-0.0067,0.1793,0.3041,0.9129,buy
2021-12-15,625.0708,2555000,622.8698,626.2775,603.6009,0.0125,-0.0380,-0.0247,-0.0206,0.0471,42.0099,0.0259,0.0149,-0.0077,0.2865,0.3693,1.2137,sell
2021-12-16,612.0094,1954700,626.5286,627.4843,603.1762,-0.0209,-0.0474,-0.0568,-0.0355,0.0219,42.6748,0.0259,0.0110,-0.0097,0.1038,-0.2350,0.9148,sell
2021-12-17,598.7934,4330300,599.8843,609.8662,590.9931,-0.0216,-0.0851,-0.0427,-0.0523,-0.0028,32.3595,0.0244,0.0059,-0.0122,-0.0493,1.2153,1.8931,sell
2021-12-20,583.6949,2236700,588.0101,593.0591,578.5205,-0.0252,-0.0959,-0.0631,-0.0704,-0.0303,37.0554,0.0253,-0.0004,-0.0152,-0.1108,-0.4835,1.0082,buy
2021-12-21,599.5657,1875800,589.4003,601.5254,580.2389,0.0272,-0.0288,-0.0776,-0.0374,-0.0069,38.6708,0.0221,-0.0031,-0.0140,0.1253,-0.1614,0.8513,buy
2021-12-22,609.7889,1014600,599.4595,610.5226,595.3662,0.0171,-0.0244,-0.0615,-0.0147,0.0066,39.4272,0.0234,-0.0038,-0.0116,0.2627,-0.4591,0.4722,hold
2021-12-23,613.6988,759800,609.7890,616.6914,608.9105,0.0064,0.0028,-0.0448,-0.0037,0.0098,46.4230,0.0236,-0.0038,-0.0093,0.3253,-0.2511,0.3617,buy
2021-12-27,630.1681,1068700,616.9618,631.0176,615.9095,0.0268,0.0524,-0.0371,0.0270,0.0334,52.0009,0.0246,-0.0016,-0.0056,0.5184,0.4066,0.5113,hold
2021-12-28,627.2816,955700,635.0818,636.0279,624.9840,-0.0046,0.0747,-0.0284,0.0254,0.0255,42.6820,0.0244,-0.0004,-0.0034,0.5115,-0.1057,0.4691,hold
2021-12-29,625.5923,651300,626.6156,628.2375,619.8483,-0.0027,0.0434,0.0134,0.0213,0.0200,42.2848,0.0197,0.0005,-0.0021,0.4925,-0.3185,0.3500,sell
2021-12-30,621.0838,776400,625.6018,628.1697,620.2053,-0.0072,0.0185,-0.0064,0.0146,0.0104,43.0490,0.0195,0.0005,-0.0016,0.4469,0.1921,0.4733,hold
2021-12-31,620.9487,821500,622.0203,624.9357,616.6045,-0.0002,0.0118,0.0146,0.0129,0.0079,38.1894,0.0181,0.0005,-0.0013,0.4616,0.0581,0.5189,sell
2022-01-03,609.6056,1360600,617.8693,623.2560,599.7685,-0.0183,-0.0326,0.0181,-0.0074,-0.0122,37.5409,0.0177,-0.0009,-0.0022,0.3216,0.6562,0.8850,sell
2022-01-04,596.9111,1998900,609.6057,609.6057,585.1431,-0.0208,-0.0484,0.0226,-0.0301,-0.0336,42.0726,0.0169,-0.0038,-0.0041,0.1846,0.4691,1.2871,sell
2022-01-05,573.1433,2295800,588.3286,593.4065,572.6316,-0.0398,-0.0838,-0.0441,-0.0647,-0.0718,32.0784,0.0191,-0.0096,-0.0079,-0.0255,0.1485,1.4465,sell
2022-01-06,566.0865,1789000,566.4823,575.2189,560.1205,-0.0123,-0.0886,-0.0717,-0.0696,-0.0826,33.4654,0.0177,-0.0150,-0.0107,-0.0210,-0.2208,1.1112,sell
2022-01-07,548.5445,2275200,566.7919,569.2565,544.8815,-0.0310,-0.1166,-0.1062,-0.0887,-0.1098,32.4544,0.0184,-0.0222,-0.0142,-0.0803,0.2718,1.3668,hold
2022-01-10,551.0864,2956700,534.9749,551.7629,525.6385,0.0046,-0.0960,-0.1255,-0.0723,-0.1044,37.5195,0.0142,-0.0267,-0.0149,0.0078,0.2995,1.6908,buy
2022-01-11,559.3306,1696500,547.2301,560.1908,539.8075,0.0150,-0.0630,-0.1083,-0.0475,-0.0897,33.6459,0.0167,-0.0283,-0.0134,0.1231,-0.4262,0.9629,hold
2022-01-12,557.9195,1433700,565.2165,569.8171,556.5084,-0.0025,-0.0266,-0.1082,-0.0388,-0.0911,27.2901,0.0167,-0.0299,-0.0120,0.1532,-0.1549,0.8238,sell
2022-01-13,534.3950,1633400,561.4279,563.0130,533.2159,-0.0422,-0.0560,-0.1396,-0.0654,-0.1276,20.3681,0.0192,-0.0356,-0.0135,0.0235,0.1393,0.9641,hold
2022-01-14,532.3362,1722600,532.8581,538.6668,525.1938,-0.0039,-0.0295,-0.1427,-0.0544,-0.1290,9.0333,0.0189,-0.0391,-0.0135,0.0730,0.0546,1.0237,sell
2022-01-18,519.8008,1888100,521.2506,530.5096,518.1481,-0.0235,-0.0568,-0.1473,-0.0617,-0.1472,8.3579,0.0191,-0.0442,-0.0144,0.0518,0.0961,1.2099,buy
2022-01-19,527.0784,1904500,523.9470,539.8555,522.6906,0.0140,-0.0577,-0.1170,-0.0364,-0.1333,13.4162,0.0211,-0.0452,-0.0127,0.1442,0.0087,1.2335,hold
2022-01-20,526.3732,1924000,533.6026,547.5008,525.5517,-0.0013,-0.0565,-0.0816,-0.0294,-0.1326,13.8062,0.0189,-0.0461,-0.0108,0.1774,0.0102,1.2442,sell
2022-01-21,510.8415,2574900,528.6637,534.2404,510.1359,-0.0295,-0.0441,-0.0976,-0.0483,-0.1559,12.3526,0.0201,-0.0501,-0.0110,0.1284,0.3383,1.5852,buy
2022-01-24,516.7661,2850100,508.3769,517.7809,483.5960,0.0116,-0.0292,-0.0579,-0.0315,-0.1443,17.0352,0.0196,-0.0500,-0.0091,0.1976,0.1069,1.6485,sell
2022-01-25,498.7023,2418200,499.5915,511.1314,491.9658,-0.0350,-0.0406,-0.0951,-0.0561,-0.1718,16.4095,0.0212,-0.0546,-0.0097,0.1296,-0.1515,1.3462,sell
2022-01-26,490.4774,2503100,514.2146,518.8634,483.0064,-0.0165,-0.0694,-0.1231,-0.0594,-0.1823,18.3618,0.0194,-0.0584,-0.0102,0.1196,0.0351,1.3359,buy
2022-01-27,499.8911,2485400,499.1082,508.3769,496.0928,0.0192,-0.0503,-0.1040,-0.0306,-0.1637,25.1144,0.0218,-0.0573,-0.0080,0.1998,-0.0071,1.2646,buy
2022-01-28,516.9014,1760600,502.7326,518.2642,489.2113,0.0340,0.0119,-0.0327,0.0058,-0.1322,38.0563,0.0228,-0.0522,-0.0037,0.3235,-0.2916,0.8739,buy
2022-01-31,536.6276,2209400,517.8969,537.9904,514.2145,0.0382,0.0384,0.0081,0.0433,-0.0967,45.1692,0.0263,-0.0444,0.0019,0.4842,0.2549,1.0602,buy
2022-02-01,542.0399,1706300,537.7583,543.0257,529.8234,0.0101,0.0869,0.0428,0.0493,-0.0856,44.1116,0.0249,-0.0380,0.0063,0.5624,-0.2277,0.8120,hold
2022-02-02,543.4606,1245500,543.9052,545.9445,535.8254,0.0026,0.1080,0.0311,0.0487,-0.0793,45.0763,0.0247,-0.0327,0.0092,0.6176,-0.2701,0.6035,sell
2022-02-03,517.6458,1372400,525.6484,534.2502,515.7031,-0.0475,0.0355,-0.0166,0.0006,-0.1195,44.3840,0.0295,-0.0336,0.0083,0.3567,0.1019,0.6803,buy
2022-02-04,525.7932,1504500,513.2384,531.8435,513.2384,0.0157,0.0172,0.0293,0.0134,-0.1019,47.8922,0.0281,-0.0309,0.0083,0.4742,0.0963,0.7510,hold
2022-02-07,527.0109,1411600,526.1604,537.2751,524.3240,0.0023,-0.0179,0.0198,0.0138,-0.0957,52.5054,0.0280,-0.0286,0.0084,0.5038,-0.0617,0.7202,buy
2022-02-08,535.6611,915500,521.2120,537.7584,520.3711,0.0164,-0.0118,0.0741,0.0231,-0.0774,52.9542,0.0249,-0.0248,0.0093,0.6343,-0.3514,0.4927,buy
2022-02-09,559.9878,1670700,547.1333,560.5290,546.0702,0.0454,0.0304,0.1417,0.0556,-0.0318,59.9519,0.0260,-0.0175,0.0121,0.9687,0.8249,0.8998,sell
2022-02-10,538.8989,1594200,543.7700,556.6148,533.8248,-0.0377,0.0411,0.0780,0.0084,-0.0653,58.0421,0.0305,-0.0160,0.0118,0.7060,-0.0458,0.8549,sell
2022-02-11,517.8583,1250400,541.0446,542.8809,514.8235,-0.0390,-0.0151,0.0019,-0.0311,-0.0980,50.2881,0.0322,-0.0179,0.0088,0.4052,-0.2157,0.6775,sell
2022-02-14,511.3247,1165400,518.1772,520.2842,506.5889,-0.0126,-0.0298,-0.0472,-0.0388,-0.1051,53.5451,0.0295,-0.0200,0.0056,0.3247,-0.0680,0.6411,hold
2022-02-15,510.0974,2170300,519.7236,521.2604,498.4898,-0.0024,-0.0477,-0.0589,-0.0353,-0.1036,55.7358,0.0291,-0.0214,0.0034,0.3163,0.8623,1.1848,hold
2022-02-16,510.4550,1318400,508.3480,512.6489,494.5658,0.0007,-0.0885,-0.0607,-0.0286,-0.0994,53.2610,0.0291,-0.0222,0.0021,0.3353,-0.3925,0.7314,sell
2022-02-17,479.5560,2145400,505.7481,508.2803,478.1450,-0.0605,-0.1101,-0.0736,-0.0807,-0.1488,39.3822,0.0313,-0.0292,-0.0027,-0.0082,0.6273,1.1829,sell
2022-02-18,465.0779,2323300,481.0251,481.9626,462.7100,-0.0302,-0.1019,-0.1155,-0.0980,-0.1691,29.0318,0.0310,-0.0367,-0.0075,-0.0648,0.0829,1.2900,hold
2022-02-22,467.0592,2282900,463.8504,477.8066,460.8930,0.0043,-0.0866,-0.1138,-0.0835,-0.1603,27.5754,0.0311,-0.0410,-0.0095,0.0356,-0.0174,1.2878,sell
2022-02-23,451.3537,1799500,475.4291,475.4291,449.9522,-0.0336,-0.1152,-0.1574,-0.0994,-0.1825,24.6218,0.0301,-0.0483,-0.0125,-0.0230,-0.2117,1.0332,buy
2022-02-24,480.4742,2683700,442.6552,481.6050,435.1745,0.0645,-0.0587,-0.1420,-0.0258,-0.1246,39.9414,0.0347,-0.0443,-0.0086,0.2353,0.4914,1.5329,sell
2022-02-25,470.8575,2846500,472.6455,475.6417,458.7087,-0.0200,-0.0181,-0.1263,-0.0320,-0.1375,35.2517,0.0339,-0.0455,-0.0073,0.1804,0.0607,1.6093,sell
2022-02-28,458.4768,2525400,462.7970,468.2287,447.8647,-0.0263,-0.0142,-0.1147,-0.0458,-0.1550,32.6414,0.0330,-0.0486,-0.0074,0.1285,-0.1128,1.3975,sell
2022-03-01,452.8807,2176700,460.1778,468.3253,450.2422,-0.0122,-0.0304,-0.1143,-0.0458,-0.1604,28.7036,0.0330,-0.0511,-0.0075,0.1333,-0.1381,1.2056,buy
2022-03-02,469.7170,2083000,456.2924,472.9451,452.3201,0.0372,0.0407,-0.0792,-0.0019,-0.1250,25.8456,0.0364,-0.0472,-0.0042,0.2789,-0.0430,1.1418,sell
2022-03-03,456.8627,1640400,473.7280,476.3569,453.2770,-0.0274,-0.0491,-0.1050,-0.0180,-0.1449,27.0371,0.0368,-0.0487,-0.0035,0.2130,-0.2125,0.8896,sell
2022-03-04,449.3723,1611900,455.0360,458.7280,445.5160,-0.0164,-0.0456,-0.0629,-0.0278,-0.1541,29.2564,0.0325,-0.0503,-0.0036,0.1924,-0.0174,0.8685,sell
2022-03-07,422.7357,2312700,448.6668,451.1023,421.8852,-0.0593,-0.0780,-0.0910,-0.0770,-0.1986,26.0804,0.0360,-0.0586,-0.0071,0.0659,0.4348,1.2195,buy
2022-03-08,427.3943,2669000,423.7409,439.9974,417.6713,0.0110,-0.0563,-0.0849,-0.0586,-0.1840,28.0758,0.0363,-0.0604,-0.0076,0.1409,0.1541,1.3622,buy
2022-03-09,449.1694,1950400,441.1861,454.2145,436.8562,0.0509,-0.0437,-0.0048,-0.0102,-0.1365,35.4102,0.0395,-0.0547,-0.0036,0.3051,-0.2692,0.9699,sell
2022-03-10,437.2138,1756200,444.7332,444.7332,428.4864,-0.0266,-0.0430,-0.0900,-0.0273,-0.1533,38.9206,0.0330,-0.0556,-0.0024,0.2310,-0.0996,0.8714,sell
2022-03-11,424.6011,2303200,442.2396,446.4245,423.8182,-0.0288,-0.0551,-0.0982,-0.0455,-0.1713,39.3043,0.0334,-0.0585,-0.0030,0.1475,0.3115,1.1231,sell
2022-03-14,410.4032,2353900,425.1810,430.3614,408.8568,-0.0334,-0.0292,-0.1049,-0.0673,-0.1923,35.9371,0.0339,-0.0635,-0.0049,0.0682,0.0220,1.1178,buy
2022-03-15,424.9489,1953400,413.4669,426.6983,411.2827,0.0354,-0.0057,-0.0617,-0.0281,-0.1572,43.4079,0.0368,-0.0602,-0.0029,0.2156,-0.1701,0.9105,buy
2022-03-16,442.5585,2487400,430.0907,442.5585,423.3156,0.0414,-0.0147,-0.0578,0.0185,-0.1164,39.9570,0.0374,-0.0531,0.0015,0.3966,0.2734,1.1510,buy
2022-03-17,457.8775,2680700,439.5914,459.0857,438.0450,0.0346,0.0473,0.0022,0.0535,-0.0808,46.6627,0.0385,-0.0446,0.0066,0.5990,0.0777,1.2025,buy
2022-03-18,463.7925,3112900,459.7525,467.1269,452.1849,0.0129,0.0923,0.0321,0.0636,-0.0648,51.4137,0.0381,-0.0372,0.0107,0.6915,0.1612,1.3667,sell
2022-03-21,450.8703,2044600,457.2202,460.5353,448.0288,-0.0279,0.0986,0.0666,0.0273,-0.0866,49.4854,0.0333,-0.0347,0.0117,0.5325,-0.3432,0.9032,buy
2022-03-22,460.0425,1979900,450.8318,462.6714,450.3679,0.0203,0.0826,0.0764,0.0405,-0.0647,47.4224,0.0336,-0.0292,0.0129,0.6620,-0.0316,0.8805,sell
2022-03-23,445.9800,1718700,455.3840,456.1669,444.3466,-0.0306,0.0077,-0.0071,0.0094,-0.0894,47.1190,0.0318,-0.0285,0.0120,0.4752,-0.1319,0.7657,hold
2022-03-24,450.0296,1567200,448.6088,451.5663,437.8614,0.0091,-0.0171,0.0293,0.0156,-0.0770,50.1772,0.0305,-0.0259,0.0114,0.5557,-0.0881,0.7160,sell
2022-03-25,443.9600,1312200,451.8562,453.3253,437.6488,-0.0135,-0.0428,0.0456,-0.0024,-0.0851,56.4369,0.0291,-0.0252,0.0101,0.4844,-0.1627,0.6213,buy
2022-03-28,464.4014,2085000,445.1101,465.5708,442.8485,0.0460,0.0300,0.1316,0.0310,-0.0402,60.2429,0.0283,-0.0195,0.0114,0.7977,0.5889,0.9976,buy
2022-03-29,469.0985,1918000,471.7757,473.6700,459.8588,0.0101,0.0197,0.1039,0.0313,-0.0280,56.0919,0.0272,-0.0147,0.0127,0.8412,-0.0801,0.9234,sell
2022-03-30,456.1378,1747800,464.8459,465.3872,452.5328,-0.0276,0.0228,0.0307,-0.0002,-0.0524,55.7493,0.0271,-0.0136,0.0117,0.6667,-0.0887,0.8483,buy
2022-03-31,464.7300,2647900,461.6662,472.4813,457.7036,0.0188,0.0327,0.0150,0.0171,-0.0320,62.4970,0.0255,-0.0105,0.0115,0.7869,0.5150,1.2545,hold
2022-04-01,467.7165,1316200,464.5367,471.1572,461.0863,0.0064,0.0535,0.0085,0.0228,-0.0234,69.1885,0.0253,-0.0075,0.0114,0.8052,-0.5029,0.6280,buy
2022-04-04,488.7087,2326700,469.1178,490.6997,468.7506,0.0449,0.0523,0.0839,0.0599,0.0214,70.4634,0.0265,-0.0016,0.0132,1.0188,0.7677,1.1098,sell
2022-04-05,479.4304,1632600,485.0940,489.3949,474.5496,-0.0190,0.0220,0.0421,0.0354,0.0036,62.5025,0.0274,0.0014,0.0132,0.8538,-0.2983,0.7984,sell
2022-04-06,473.7860,2041300,469.0115,477.0528,465.9284,-0.0118,0.0387,0.0623,0.0171,-0.0072,55.7730,0.0253,0.0028,0.0118,0.7557,0.2503,0.9961,buy
2022-04-07,478.4253,1568200,468.3834,481.7500,468.0064,0.0098,0.0295,0.0631,0.0209,0.0030,55.3597,0.0253,0.0046,0.0108,0.7839,-0.2318,0.7688,sell
2022-04-08,467.3049,1717500,477.4477,477.4477,466.0177,-0.0232,-0.0009,0.0526,-0.0078,-0.0190,56.1002,0.0263,0.0042,0.0085,0.6251,0.0952,0.8542,sell
2022-04-11,458.1105,1595600,462.9787,463.2303,449.7872,-0.0197,-0.0626,-0.0135,-0.0260,-0.0359,49.2830,0.0231,0.0023,0.0053,0.4615,-0.0710,0.8088,sell
2022-04-12,446.7676,1509700,464.4498,468.9017,446.3321,-0.0248,-0.0681,-0.0476,-0.0456,-0.0562,50.2983,0.0238,-0.0014,0.0014,0.2109,-0.0538,0.7740,buy
2022-04-13,455.2846,1477800,449.4099,458.0138,445.1998,0.0191,-0.0391,-0.0019,-0.0272,-0.0347,51.9252,0.0234,-0.0027,0.0000,0.3579,-0.0211,0.7778,sell
2022-04-14,450.1453,1646100,452.6520,454.1811,445.0836,-0.0113,-0.0591,-0.0314,-0.0352,-0.0418,52.2816,0.0226,-0.0046,-0.0015,0.2643,0.1139,0.8906,buy
2022-04-18,453.9489,989300,446.8257,458.9139,445.7805,0.0084,-0.0286,-0.0294,-0.0242,-0.0310,45.6048,0.0227,-0.0054,-0.0018,0.3530,-0.3990,0.5679,buy
2022-04-19,469.4632,1184300,451.2971,470.0342,449.9518,0.0342,0.0248,-0.0394,0.0134,0.0045,50.1406,0.0203,-0.0031,0.0003,0.6484,0.1971,0.6970,sell
2022-04-20,466.4436,1184600,471.8924,476.5283,465.7564,-0.0064,0.0440,-0.0271,0.0097,0.0006,54.3018,0.0197,-0.0019,0.0011,0.5802,0.0003,0.7139,sell
2022-04-21,450.6680,1426600,469.2309,475.8121,448.6452,-0.0338,-0.0101,-0.0488,-0.0196,-0.0297,44.4624,0.0219,-0.0038,-0.0005,0.2491,0.2043,0.8674,sell
2022-04-22,429.0274,1699300,451.2583,452.9617,428.5338,-0.0480,-0.0469,-0.1033,-0.0565,-0.0710,36.7159,0.0251,-0.0095,-0.0048,-0.0852,0.1912,1.0290,buy
2022-04-25,432.5503,2094000,427.3821,433.0342,419.6492,0.0082,-0.0471,-0.0744,-0.0414,-0.0591,28.0892,0.0253,-0.0129,-0.0066,0.0212,0.2323,1.2387,sell
2022-04-26,407.7934,2218200,430.2469,430.9437,407.5611,-0.0572,-0.1314,-0.1098,-0.0861,-0.1087,25.0621,0.0297,-0.0213,-0.0117,-0.1625,0.0593,1.3071,hold
2022-04-27,404.7930,1927900,407.6191,415.0230,402.7703,-0.0074,-0.1322,-0.0940,-0.0842,-0.1111,25.5321,0.0293,-0.0278,-0.0145,-0.0640,-0.1309,1.1357,buy
2022-04-28,430.2759,1791000,410.3484,433.5955,408.2192,0.0630,-0.0452,-0.0549,-0.0210,-0.0518,35.1235,0.0365,-0.0258,-0.0106,0.2442,-0.0710,1.0537,sell
2022-04-29,405.2769,1898500,427.3627,428.2628,404.1930,-0.0581,-0.0554,-0.0997,-0.0684,-0.1027,32.3492,0.0402,-0.0317,-0.0125,0.0484,0.0600,1.1421,buy
2022-05-02,413.2712,1778700,406.5642,414.1326,399.9346,0.0197,-0.0446,-0.0896,-0.0410,-0.0823,37.1527,0.0409,-0.0325,-0.0109,0.1679,-0.0631,1.0554,hold
2022-05-03,416.9780,1324300,415.7972,419.5911,411.9646,0.0090,0.0225,-0.1118,-0.0205,-0.0721,41.0742,0.0387,-0.0322,-0.0087,0.2275,-0.2555,0.8098,buy
2022-05-04,433.5084,1599300,418.1006,433.9246,404.7059,0.0396,0.0709,-0.0706,0.0263,-0.0339,43.7742,0.0419,-0.0276,-0.0040,0.4093,0.2077,0.9790,sell
2022-05-05,396.6729,2110600,423.7817,425.6013,391.7467,-0.0850,-0.0781,-0.1198,-0.0488,-0.1138,37.0579,0.0483,-0.0344,-0.0068,0.0797,0.3197,1.2893,sell
2022-05-06,382.9783,1989700,393.1114,393.4598,378.2359,-0.0345,-0.0550,-0.1073,-0.0714,-0.1407,33.6076,0.0473,-0.0414,-0.0103,0.0103,-0.0573,1.2000,sell
2022-05-09,355.2016,3485200,374.3839,378.3520,352.0659,-0.0725,-0.1405,-0.1788,-0.1223,-0.1988,25.0233,0.0506,-0.0553,-0.0174,-0.1073,0.7516,1.9955,hold
2022-05-10,359.2472,2271000,369.3900,371.1321,352.7821,0.0114,-0.1385,-0.1190,-0.1015,-0.1861,26.6723,0.0493,-0.0614,-0.0192,0.0131,-0.3484,1.2756,sell
2022-05-11,344.7104,2563400,355.0468,364.3185,343.1135,-0.0405,-0.2048,-0.1484,-0.1247,-0.2152,26.8169,0.0501,-0.0722,-0.0225,-0.0004,0.1288,1.3985,hold
2022-05-12,342.5038,3268000,331.5480,344.0330,328.4413,-0.0064,-0.1366,-0.2040,-0.1105,-0.2156,29.3094,0.0424,-0.0787,-0.0230,0.0541,0.2749,1.6999,buy
2022-05-13,359.7989,1894200,350.4497,364.8219,349.0076,0.0505,-0.0605,-0.1122,-0.0544,-0.1723,33.6779,0.0458,-0.0748,-0.0174,0.1982,-0.4204,0.9790,sell
2022-05-16,348.0204,1554800,358.1923,358.4149,344.9234,-0.0327,-0.0202,-0.1579,-0.0694,-0.1957,35.7604,0.0449,-0.0790,-0.0157,0.1623,-0.1792,0.7920,buy
2022-05-17,359.9054,1643100,357.2245,361.7055,347.6624,0.0342,0.0018,-0.1369,-0.0227,-0.1658,39.7408,0.0471,-0.0742,-0.0104,0.2567,0.0568,0.8273,sell
2022-05-18,341.9424,1721100,352.4337,356.9728,340.5778,-0.0499,-0.0080,-0.2112,-0.0478,-0.2043,29.0924,0.0443,-0.0796,-0.0099,0.1636,0.0475,0.8550,buy
2022-05-19,350.6722,2102900,344.1200,357.2438,343.2490,0.0255,0.0238,-0.1160,-0.0108,-0.1802,35.9972,0.0406,-0.0759,-0.0064,0.2452,0.2218,1.0274,buy
2022-05-20,355.9469,1921600,355.9857,359.8279,344.8072,0.0150,-0.0107,-0.0706,0.0118,-0.1647,35.0919,0.0405,-0.0714,-0.0023,0.3046,-0.0862,0.9338,hold
2022-05-23,359.4214,1799400,359.2085,360.0312,351.3207,0.0098,0.0328,0.0119,0.0205,-0.1540,35.0134,0.0334,-0.0665,0.0015,0.3495,-0.0636,0.8807,sell
2022-05-24,347.4204,2877700,351.4272,353.9435,344.2943,-0.0334,-0.0347,-0.0329,-0.0103,-0.1798,27.0428,0.0349,-0.0673,0.0024,0.2779,0.5993,1.3861,buy
2022-05-25,375.9518,5277100,360.7957,382.8524,351.8046,0.0821,0.0995,0.0906,0.0615,-0.1104,44.2182,0.0412,-0.0544,0.0080,0.5160,0.8338,2.3521,buy
2022-05-26,393.3438,3508100,373.8614,400.6799,373.4356,0.0463,0.1217,0.1484,0.0949,-0.0670,52.8338,0.0423,-0.0421,0.0141,0.6879,-0.3352,1.5060,buy
2022-05-27,408.8869,2932400,397.7763,409.2256,397.4763,0.0395,0.1487,0.1364,0.1228,-0.0279,65.7290,0.0414,-0.0295,0.0197,0.8214,-0.1641,1.2315,sell
2022-05-31,401.1251,4297700,406.3126,411.3260,399.2959,-0.0190,0.1160,0.1526,0.0857,-0.0435,62.0081,0.0399,-0.0224,0.0221,0.7660,0.4656,1.7142,sell
2022-06-01,395.2310,1598400,406.6900,410.9291,393.2856,-0.0147,0.1376,0.0982,0.0596,-0.0551,65.2418,0.0402,-0.0177,0.0220,0.7352,-0.6281,0.6341,buy
2022-06-02,413.1260,1453400,396.1891,413.5035,395.3374,0.0453,0.0989,0.2082,0.0869,-0.0101,69.4639,0.0354,-0.0094,0.0228,0.9556,-0.0907,0.5782,sell
2022-06-03,395.7923,1519000,403.2929,407.1448,392.3371,-0.0420,0.0062,0.1287,0.0290,-0.0493,59.9179,0.0403,-0.0071,0.0212,0.7752,0.0451,0.6115,hold
2022-06-06,395.8116,859900,403.1767,406.3512,393.6630,0.0000,-0.0320,0.1120,0.0185,-0.0468,64.0812,0.0405,-0.0049,0.0188,0.7627,-0.4339,0.3542,buy
2022-06-07,403.2445,1218100,391.1080,405.2770,390.1789,0.0188,0.0053,0.1219,0.0261,-0.0270,63.1135,0.0405,-0.0016,0.0173,0.8043,0.4166,0.5264,hold
2022-06-08,401.1251,1335100,401.9768,406.6610,399.0926,-0.0053,0.0149,0.1546,0.0069,-0.0291,69.8064,0.0379,0.0006,0.0157,0.7567,0.0961,0.5889,sell
2022-06-09,387.6625,1186300,396.3729,401.0863,387.2367,-0.0336,-0.0616,0.0311,-0.0297,-0.0580,61.9993,0.0324,-0.0005,0.0121,0.6087,-0.1115,0.5396,sell
2022-06-10,368.9544,2197200,377.8390,380.7425,366.6510,-0.0483,-0.0678,-0.0620,-0.0709,-0.0996,53.8812,0.0324,-0.0054,0.0063,0.4025,0.8521,1.0244,sell
2022-06-13,352.2788,2191200,356.4405,360.9893,350.1206,-0.0452,-0.1100,-0.1384,-0.1000,-0.1356,48.0244,0.0302,-0.0134,-0.0009,0.2342,-0.0027,1.0146,hold
2022-06-14,353.0434,1401500,355.0081,359.1697,348.2623,0.0022,-0.1245,-0.1199,-0.0869,-0.1288,51.6584,0.0306,-0.0191,-0.0053,0.2362,-0.3604,0.6512,buy
2022-06-15,366.3607,1830300,358.4729,374.3453,356.6147,0.0377,-0.0867,-0.0730,-0.0453,-0.0904,46.8925,0.0344,-0.0196,-0.0051,0.3721,0.3060,0.8468,sell
2022-06-16,348.0591,2106100,353.7016,358.4826,343.7910,-0.0500,-0.1022,-0.1575,-0.0773,-0.1302,35.4137,0.0313,-0.0256,-0.0082,0.1674,0.1507,0.9658,buy
2022-06-17,357.8148,2776200,351.3691,363.0895,350.8756,0.0280,-0.0302,-0.0960,-0.0418,-0.1006,32.9124,0.0328,-0.0262,-0.0075,0.2654,0.3182,1.2537,buy
2022-06-21,365.2864,2019000,364.9089,370.7062,362.3539,0.0209,0.0369,-0.0771,-0.0138,-0.0766,37.9858,0.0341,-0.0247,-0.0051,0.3399,-0.2727,0.9098,hold
2022-06-22,368.5867,1773500,359.8085,378.5650,359.6053,0.0090,0.0440,-0.0859,0.0046,-0.0636,40.9100,0.0334,-0.0228,-0.0027,0.3699,-0.1216,0.7996,buy
2022-06-23,387.8562,2111700,374.8486,388.5627,368.5480,0.0523,0.0587,-0.0331,0.0609,-0.0111,41.4590,0.0386,-0.0162,0.0023,0.5717,0.1907,0.9688,buy
2022-06-24,404.1833,2632900,394.6502,406.1770,394.2244,0.0421,0.1612,0.0426,0.1006,0.0328,52.8555,0.0393,-0.0080,0.0078,0.7471,0.2468,1.2860,sell
2022-06-27,391.6984,1783800,401.9961,406.4868,389.8596,-0.0309,0.0947,0.0616,0.0600,0.0041,48.7097,0.0370,-0.0046,0.0093,0.5999,-0.3225,0.9096,sell
2022-06-28,373.8613,1631100,392.6952,396.5858,372.1192,-0.0455,0.0235,0.0613,0.0059,-0.0378,41.3475,0.0370,-0.0056,0.0072,0.4048,-0.0856,0.8602,hold
2022-06-29,377.1229,1066300,376.8519,379.9199,370.4256,0.0087,0.0232,0.0682,0.0081,-0.0256,42.9793,0.0370,-0.0054,0.0058,0.4590,-0.3463,0.6147,hold
2022-06-30,373.0388,1670400,375.2261,377.0455,364.0767,-0.0108,-0.0382,0.0182,-0.0046,-0.0313,45.4742,0.0357,-0.0062,0.0042,0.4201,0.5665,0.9610,hold
2022-07-01,375.8163,1133800,370.1932,378.5456,365.9154,0.0074,-0.0702,0.0797,-0.0045,-0.0195,52.3560,0.0306,-0.0060,0.0034,0.4779,-0.3212,0.6584,buy
2022-07-05,387.3432,1590500,372.3903,387.4593,368.0931,0.0307,-0.0111,0.0825,0.0180,0.0140,62.4802,0.0308,-0.0033,0.0047,0.6496,0.4028,0.9216,buy
2022-07-06,391.8822,1356400,390.3627,395.4341,383.9654,0.0117,0.0482,0.0728,0.0228,0.0278,63.4619,0.0305,-0.0003,0.0060,0.7204,-0.1472,0.7748,buy
2022-07-07,397.6215,1585100,386.5205,398.3764,385.0688,0.0146,0.0544,0.0788,0.0300,0.0448,61.4361,0.0306,0.0031,0.0075,0.8159,0.1686,0.8961,hold
2022-07-08,394.3738,1173100,390.1084,397.2724,386.0464,-0.0082,0.0572,0.0168,0.0199,0.0370,69.0404,0.0266,0.0051,0.0076,0.7801,-0.2599,0.6662,sell
2022-07-11,390.2538,1019400,392.2799,394.4999,383.2836,-0.0104,0.0384,-0.0345,0.0129,0.0270,63.9839,0.0227,0.0058,0.0067,0.7134,-0.1310,0.5817,sell
2022-07-12,374.0740,1611300,392.7355,393.5886,369.4789,-0.0415,-0.0343,-0.0450,-0.0247,-0.0127,53.5237,0.0243,0.0031,0.0032,0.4624,0.5806,0.9351,hold
2022-07-13,371.5923,1255400,365.4654,375.3246,362.5184,-0.0066,-0.0518,-0.0061,-0.0306,-0.0175,51.2131,0.0197,0.0003,0.0003,0.4038,-0.2209,0.7489,sell
2022-07-14,368.2575,1312400,368.9458,371.6408,359.4357,-0.0090,-0.0738,-0.0235,-0.0370,-0.0240,40.9216,0.0195,-0.0028,-0.0022,0.3265,0.0454,0.7850,buy
2022-07-15,380.9472,1520700,376.1777,382.3820,370.9718,0.0345,-0.0340,0.0212,-0.0059,0.0116,38.8614,0.0224,-0.0023,-0.0014,0.5347,0.1587,0.9180,sell
2022-07-18,376.3812,1085600,383.9428,387.7720,374.8980,-0.0120,-0.0355,0.0015,-0.0180,0.0025,42.0542,0.0227,-0.0029,-0.0016,0.4173,-0.2861,0.6762,buy
2022-07-19,391.5141,1358900,385.4648,392.2218,379.1926,0.0402,0.0466,0.0108,0.0204,0.0431,59.4217,0.0243,-0.0002,0.0009,0.7114,0.2518,0.8855,buy
2022-07-20,407.5969,1663600,395.8668,409.5260,393.4820,0.0411,0.0969,0.0401,0.0580,0.0845,64.3067,0.0273,0.0050,0.0048,0.9960,0.2242,1.0968,buy
2022-07-21,421.4113,2076400,407.7229,423.5150,407.7229,0.0339,0.1443,0.0598,0.0871,0.1173,70.8085,0.0287,0.0113,0.0089,1.1241,0.2481,1.3554,hold
2022-07-22,421.4501,1590300,423.3405,432.3659,416.0504,0.0001,0.1063,0.0687,0.0797,0.1138,70.1041,0.0284,0.0162,0.0110,1.0188,-0.2341,1.0561,sell
2022-07-25,413.1711,1026500,418.4157,419.4918,409.1674,-0.0196,0.0977,0.0587,0.0523,0.0879,61.7138,0.0291,0.0187,0.0107,0.8678,-0.3545,0.7201,sell
2022-07-26,401.5573,1540000,410.9026,411.5134,396.8944,-0.0281,0.0257,0.0735,0.0156,0.0541,54.1234,0.0269,0.0184,0.0082,0.6812,0.5002,1.0896,buy
2022-07-27,419.9184,1758500,405.3285,423.7573,403.9713,0.0457,0.0302,0.1301,0.0492,0.0988,58.5795,0.0289,0.0203,0.0084,0.9005,0.1419,1.2386,buy
2022-07-28,434.8766,1754000,421.6148,436.3889,417.8534,0.0356,0.0320,0.1809,0.0688,0.1328,64.2965,0.0286,0.0242,0.0102,1.0115,-0.0026,1.2062,buy
2022-07-29,442.2250,2178600,431.6291,445.5307,431.6291,0.0169,0.0493,0.1609,0.0707,0.1470,67.9358,0.0280,0.0284,0.0117,1.0095,0.2421,1.4725,sell
2022-08-01,434.7506,1696800,435.0706,442.5739,430.8632,-0.0169,0.0522,0.1551,0.0380,0.1222,72.2788,0.0286,0.0308,0.0110,0.8753,-0.2212,1.1254,hold
2022-08-02,433.3062,1064700,429.4479,437.4942,427.5381,-0.0033,0.0791,0.1067,0.0243,0.1138,72.8336,0.0276,0.0318,0.0096,0.8213,-0.3725,0.7187,buy
2022-08-03,451.5121,1565400,437.6687,452.6076,436.4472,0.0420,0.0752,0.1077,0.0564,0.1549,77.7498,0.0277,0.0341,0.0102,0.9434,0.4703,1.0493,hold
2022-08-04,452.0453,1421400,451.5121,453.5576,444.1929,0.0012,0.0395,0.0727,0.0501,0.1508,75.7876,0.0265,0.0365,0.0101,0.8932,-0.0920,0.9580,hold
2022-08-05,454.6530,933800,442.5255,456.2623,441.3040,0.0058,0.0281,0.0788,0.0481,0.1511,78.7987,0.0264,0.0383,0.0096,0.8683,-0.3430,0.6345,hold
2022-08-08,452.4912,1218800,456.9118,461.7880,449.6508,-0.0048,0.0408,0.0952,0.0337,0.1412,74.8028,0.0251,0.0392,0.0083,0.8133,0.3052,0.8226,sell
2022-08-09,447.9446,1067900,446.6843,451.8320,444.5904,-0.0100,0.0338,0.1155,0.0126,0.1267,68.1114,0.0226,0.0389,0.0062,0.7508,-0.1238,0.7342,buy
2022-08-10,463.4749,1408700,463.1840,464.9290,459.8977,0.0347,0.0265,0.1037,0.0375,0.1625,68.5952,0.0210,0.0394,0.0062,0.8527,0.3191,0.9634,hold
2022-08-11,464.1341,1259600,471.4920,474.3131,460.9834,0.0014,0.0267,0.0673,0.0322,0.1605,68.7665,0.0190,0.0403,0.0058,0.8374,-0.1058,0.8630,buy
2022-08-12,471.7829,1178700,465.9469,472.6942,460.9253,0.0165,0.0377,0.0668,0.0424,0.1752,75.9130,0.0190,0.0413,0.0058,0.8774,-0.0642,0.8172,hold
2022-08-15,474.2744,830800,470.3676,475.2438,468.9134,0.0053,0.0481,0.0909,0.0388,0.1778,84.9698,0.0172,0.0423,0.0056,0.8849,-0.2952,0.5811,hold
2022-08-16,473.2564,1031500,468.1282,475.8254,466.3541,-0.0021,0.0565,0.0922,0.0276,0.1707,80.7856,0.0171,0.0427,0.0047,0.8515,0.2416,0.7299,sell
2022-08-17,463.6785,1422600,463.6882,469.0491,460.3630,-0.0202,0.0004,0.0269,0.0041,0.1432,67.7247,0.0149,0.0417,0.0024,0.7234,0.3792,1.0152,hold
2022-08-18,463.1549,1162100,462.7089,466.0147,457.6485,-0.0011,-0.0021,0.0246,0.0006,0.1386,64.0614,0.0150,0.0397,0.0002,0.6960,-0.1831,0.8573,sell
2022-08-19,449.7671,1509600,455.0796,456.3689,445.7149,-0.0289,-0.0467,-0.0107,-0.0273,0.1030,59.3460,0.0179,0.0363,-0.0034,0.5207,0.2990,1.1170,sell
2022-08-22,432.4821,1692800,442.7678,443.4658,431.4061,-0.0384,-0.0881,-0.0442,-0.0606,0.0583,49.5716,0.0215,0.0305,-0.0087,0.2797,0.1214,1.2224,buy
2022-08-23,435.8170,2339700,438.1533,439.1906,430.7954,0.0077,-0.0791,-0.0271,-0.0509,0.0630,40.3481,0.0217,0.0249,-0.0112,0.2593,0.3821,1.6421,buy
2022-08-24,451.5315,3587400,464.9872,472.8880,451.1049,0.0361,-0.0262,-0.0258,-0.0141,0.0960,49.7337,0.0219,0.0224,-0.0099,0.4850,0.5333,2.3660,hold
2022-08-25,451.6091,1701800,450.5912,452.4234,443.6986,0.0002,-0.0249,-0.0270,-0.0112,0.0910,48.3802,0.0219,0.0209,-0.0091,0.4698,-0.5256,1.1243,sell
2022-08-26,434.7506,1777600,452.6754,453.5479,434.1496,-0.0373,-0.0334,-0.0785,-0.0404,0.0468,41.8362,0.0233,0.0172,-0.0112,0.1663,0.0445,1.1902,sell
2022-08-29,423.4471,1796600,424.8527,432.7439,422.8363,-0.0260,-0.0209,-0.1072,-0.0547,0.0159,39.3868,0.0234,0.0117,-0.0140,0.0044,0.0107,1.1989,sell
2022-08-30,419.9572,1251000,426.5493,430.2525,415.0712,-0.0082,-0.0364,-0.1126,-0.0512,0.0045,28.9507,0.0233,0.0063,-0.0157,-0.0035,-0.3037,0.8296,hold
2022-08-31,418.5805,1294300,425.6671,427.7901,416.7192,-0.0033,-0.0730,-0.0973,-0.0446,-0.0013,28.1178,0.0232,0.0016,-0.0164,0.0482,0.0346,0.8661,sell
2022-09-01,412.4925,1994300,414.3248,415.1100,402.9533,-0.0145,-0.0866,-0.1094,-0.0475,-0.0179,21.0856,0.0230,-0.0033,-0.0172,0.0394,0.5408,1.3095,sell
2022-09-02,407.2188,1299800,419.5112,420.7133,405.2218,-0.0128,-0.0633,-0.0946,-0.0503,-0.0314,18.1626,0.0222,-0.0082,-0.0179,0.0476,-0.3482,0.8433,hold
2022-09-06,405.9586,1391000,407.6454,409.7102,401.0823,-0.0031,-0.0413,-0.0613,-0.0474,-0.0344,18.1209,0.0198,-0.0123,-0.0175,0.0926,0.0702,0.8975,buy
2022-09-07,421.9832,1421900,408.4112,425.3084,406.2009,0.0395,0.0048,-0.0317,-0.0065,0.0022,31.3858,0.0243,-0.0116,-0.0134,0.2860,0.0222,0.9071,buy
2022-09-08,425.6186,1131100,416.3896,427.3926,414.5574,0.0086,0.0168,-0.0574,0.0082,0.0084,33.6955,0.0207,-0.0106,-0.0099,0.3432,-0.2045,0.7280,buy
2022-09-09,436.2727,1292200,427.8774,438.7641,427.8289,0.0250,0.0576,-0.0340,0.0372,0.0307,43.9959,0.0228,-0.0076,-0.0055,0.4730,0.1424,0.8308,buy
2022-09-12,441.4494,1250300,443.3494,445.9281,436.1272,0.0119,0.0841,0.0154,0.0478,0.0396,54.4716,0.0197,-0.0043,-0.0018,0.5511,-0.0324,0.8020,sell
2022-09-13,416.1860,1697600,420.9847,426.2487,414.9355,-0.0572,0.0252,-0.0171,-0.0104,-0.0218,41.9675,0.0261,-0.0067,-0.0033,0.2686,0.3578,1.0595,buy
2022-09-14,423.4859,1475100,417.5723,423.8930,412.7155,0.0175,0.0036,0.0084,0.0061,-0.0063,37.6758,0.0266,-0.0068,-0.0027,0.3806,-0.1311,0.9081,sell
2022-09-15,409.2159,1468000,419.9960,423.5732,406.8311,-0.0337,-0.0385,-0.0224,-0.0256,-0.0405,33.4369,0.0288,-0.0099,-0.0046,0.1962,-0.0048,0.9024,hold
2022-09-16,410.0689,2095700,405.9004,411.4165,401.3634,0.0021,-0.0601,-0.0059,-0.0231,-0.0391,38.9783,0.0285,-0.0119,-0.0052,0.2228,0.4276,1.2524,hold
2022-09-19,410.7379,1270000,402.5850,411.2517,402.3620,0.0016,-0.0696,0.0086,-0.0223,-0.0383,43.7291,0.0281,-0.0131,-0.0052,0.2558,-0.3940,0.7644,sell
2022-09-20,405.0473,1271400,407.2188,408.3142,401.4216,-0.0139,-0.0268,-0.0022,-0.0356,-0.0523,42.7996,0.0285,-0.0153,-0.0058,0.1900,0.0011,0.7751,sell
2022-09-21,396.1867,1485800,409.2352,414.8385,396.0122,-0.0219,-0.0645,-0.0611,-0.0509,-0.0740,39.9144,0.0256,-0.0188,-0.0073,0.0953,0.1686,0.9300,sell
2022-09-22,384.5826,2261300,392.4447,394.2187,383.3611,-0.0293,-0.0602,-0.0964,-0.0695,-0.1016,38.0251,0.0260,-0.0242,-0.0098,-0.0283,0.5219,1.4767,hold
2022-09-23,381.9264,1680700,382.8280,383.3709,374.5587,-0.0069,-0.0686,-0.1246,-0.0637,-0.1084,38.8988,0.0230,-0.0284,-0.0111,-0.0211,-0.2568,1.0983,hold
2022-09-26,383.7005,1819200,382.3045,392.4544,381.0830,0.0046,-0.0658,-0.1308,-0.0458,-0.1044,40.2745,0.0222,-0.0307,-0.0108,0.0665,0.0824,1.1872,buy
2022-09-27,388.5186,1624300,387.4813,394.8393,383.1479,0.0126,-0.0408,-0.0665,-0.0271,-0.0936,33.7904,0.0175,-0.0309,-0.0090,0.1789,-0.1071,1.0660,buy
2022-09-28,396.7781,1710600,391.7080,399.4053,386.6185,0.0213,0.0015,-0.0631,0.0003,-0.0746,36.6293,0.0181,-0.0287,-0.0058,0.3207,0.0531,1.1059,sell
2022-09-29,384.6796,1999000,388.8773,392.4157,382.0719,-0.0305,0.0003,-0.0600,-0.0242,-0.1019,26.3970,0.0176,-0.0305,-0.0055,0.1783,0.1686,1.2636,sell
2022-09-30,375.4797,2001500,383.1867,390.6804,375.1792,-0.0239,-0.0169,-0.0843,-0.0391,-0.1214,20.8915,0.0182,-0.0335,-0.0064,0.1028,0.0013,1.2649,buy
2022-10-03,384.6699,1819000,377.4186,387.3164,376.1389,0.0245,0.0025,-0.0635,-0.0090,-0.0984,33.7953,0.0208,-0.0322,-0.0046,0.2478,-0.0912,1.1310,buy
2022-10-04,399.4149,1788900,394.0152,402.0421,392.7937,0.0383,0.0280,-0.0139,0.0305,-0.0632,38.5036,0.0249,-0.0274,-0.0006,0.4432,-0.0165,1.0987,hold
2022-10-05,400.9369,1200800,392.9100,404.6789,388.5379,0.0038,0.0105,0.0120,0.0332,-0.0596,45.4977,0.0238,-0.0238,0.0023,0.4760,-0.3287,0.7426,hold
2022-10-06,399.4995,1282700,400.5193,405.3076,395.5173,-0.0036,0.0385,0.0388,0.0255,-0.0621,44.2883,0.0214,-0.0211,0.0040,0.4731,0.0682,0.7895,sell
2022-10-07,381.6671,1414300,390.6027,392.1178,380.1422,-0.0446,0.0165,-0.0007,-0.0202,-0.1017,36.7485,0.0263,-0.0234,0.0024,0.2429,0.1026,0.8672,sell
2022-10-10,376.5000,1305300,381.7059,383.5611,368.7979,-0.0135,-0.0212,-0.0188,-0.0317,-0.1111,36.9247,0.0266,-0.0255,0.0005,0.1592,-0.0771,0.7991,sell
2022-10-11,372.4596,1786800,373.2754,378.2580,363.7668,-0.0107,-0.0675,-0.0413,-0.0381,-0.1181,38.6304,0.0262,-0.0278,-0.0012,0.1261,0.3689,1.0908,buy
2022-10-12,376.9079,2210700,375.3733,388.3008,372.0904,0.0119,-0.0599,-0.0501,-0.0216,-0.1052,46.0517,0.0254,-0.0278,-0.0012,0.2172,0.2372,1.3200,buy
2022-10-13,384.4060,1731500,362.3972,387.5238,360.3479,0.0199,-0.0378,-0.0007,-0.0020,-0.0844,51.2151,0.0247,-0.0256,0.0004,0.3868,-0.2168,1.0258,sell
2022-10-14,369.1864,1804400,390.7969,391.4963,368.6619,-0.0396,-0.0327,-0.0168,-0.0400,-0.1172,43.7156,0.0268,-0.0283,-0.0010,0.0996,0.0421,1.0783,buy
2022-10-17,392.1372,2311500,381.9293,393.4970,380.5307,0.0622,0.0415,0.0194,0.0177,-0.0595,51.3542,0.0328,-0.0229,0.0022,0.6317,0.2810,1.3396,buy
2022-10-18,396.9061,1704500,403.8992,407.9300,389.9713,0.0122,0.0656,-0.0063,0.0308,-0.0455,50.0492,0.0306,-0.0185,0.0051,0.7744,-0.2626,0.9756,sell
2022-10-19,390.5153,1291800,397.0713,400.3638,388.2911,-0.0161,0.0361,-0.0260,0.0169,-0.0583,52.3453,0.0310,-0.0166,0.0059,0.6188,-0.2421,0.7435,hold
2022-10-20,389.6217,1399100,391.6322,396.8673,386.5331,-0.0023,0.0136,-0.0247,0.0172,-0.0571,56.0902,0.0310,-0.0149,0.0061,0.5881,0.0831,0.8258,buy
2022-10-21,405.1910,1488900,392.4092,406.5799,384.4449,0.0400,0.0975,0.0616,0.0514,-0.0166,58.3771,0.0296,-0.0098,0.0083,0.9317,0.0642,0.8838,hold
2022-10-24,405.7544,1411900,407.9300,408.9693,393.5068,0.0014,0.0347,0.0777,0.0449,-0.0121,52.9267,0.0288,-0.0060,0.0097,0.8907,-0.0517,0.8483,buy
2022-10-25,419.6629,1292000,408.7362,421.3238,408.2603,0.0343,0.0573,0.1267,0.0678,0.0245,57.7579,0.0291,-0.0002,0.0119,1.0675,-0.0849,0.7841,sell
2022-10-26,412.1939,1355200,413.3788,424.5677,408.0174,-0.0178,0.0555,0.0936,0.0394,0.0093,55.0088,0.0306,0.0027,0.0121,0.8843,0.0489,0.8314,hold
2022-10-27,409.8725,998300,417.8660,419.2646,408.0562,-0.0056,0.0520,0.0662,0.0270,0.0063,62.6812,0.0307,0.0046,0.0112,0.8077,-0.2634,0.6319,buy
2022-10-28,419.3812,1169600,409.8725,420.3718,404.6471,0.0232,0.0350,0.1360,0.0378,0.0318,68.5551,0.0263,0.0077,0.0113,0.9157,0.1716,0.7603,sell
2022-10-31,415.2145,1038500,415.2728,418.4197,411.6306,-0.0099,0.0233,0.0589,0.0216,0.0233,68.4803,0.0206,0.0094,0.0105,0.8107,-0.1121,0.6926,sell
2022-11-01,383.4251,4241900,421.0227,421.6637,375.9367,-0.0766,-0.0863,-0.0340,-0.0535,-0.0527,52.2784,0.0330,0.0049,0.0048,0.3155,3.0846,2.6153,sell
2022-11-02,373.9650,2702400,390.9523,397.2364,373.7610,-0.0247,-0.0927,-0.0424,-0.0730,-0.0733,46.3991,0.0335,-0.0014,-0.0012,0.1987,-0.3629,1.5924,sell
2022-11-03,354.5009,3252100,365.0391,371.6242,353.8598,-0.0520,-0.1351,-0.0901,-0.1136,-0.1173,45.0794,0.0368,-0.0111,-0.0087,0.0007,0.2034,1.8112,hold
2022-11-04,350.8101,3187600,360.9792,360.9792,342.4961,-0.0104,-0.1635,-0.1342,-0.1107,-0.1221,34.1006,0.0326,-0.0195,-0.0137,0.0240,-0.0198,1.6918,buy
2022-11-07,359.4738,1650000,353.1120,359.8526,347.2067,0.0247,-0.1342,-0.1141,-0.0779,-0.0970,36.0180,0.0345,-0.0233,-0.0141,0.1552,-0.4824,0.8678,buy
2022-11-08,371.5756,2668500,361.7465,379.8605,359.4931,0.0337,-0.0309,-0.1146,-0.0350,-0.0641,43.2150,0.0345,-0.0229,-0.0112,0.2970,0.6173,1.3716,sell
2022-11-09,357.9586,1446900,366.1366,368.7396,357.5506,-0.0366,-0.0428,-0.1316,-0.0571,-0.0956,39.6046,0.0353,-0.0268,-0.0117,0.1646,-0.4578,0.7586,buy
2022-11-10,391.6516,3088200,385.9309,392.1470,376.8496,0.0941,0.1048,-0.0445,0.0367,-0.0091,46.0276,0.0492,-0.0195,-0.0046,0.5356,1.1344,1.5635,hold
2022-11-11,396.3137,1720200,390.6998,400.1016,387.1839,0.0119,0.1297,-0.0550,0.0555,0.0035,47.2952,0.0486,-0.0143,0.0004,0.5738,-0.4430,0.8728,sell
2022-11-14,386.2320,1801700,388.5533,391.9722,379.8023,-0.0254,0.0744,-0.0698,0.0366,-0.0210,40.2071,0.0490,-0.0126,0.0020,0.4628,0.0474,0.9261,buy
2022-11-15,395.3230,2076400,402.5880,404.5112,390.2336,0.0235,0.0639,0.0310,0.0576,0.0026,45.1045,0.0429,-0.0087,0.0044,0.5669,0.1525,1.0572,sell
2022-11-16,382.3470,1260100,395.3230,395.4007,379.5983,-0.0328,0.0681,0.0224,0.0206,-0.0284,42.4780,0.0436,-0.0087,0.0039,0.4244,-0.3931,0.6421,sell
2022-11-17,370.9055,2049800,373.5473,377.3255,367.1564,-0.0299,-0.0530,0.0463,-0.0142,-0.0548,36.8913,0.0410,-0.0111,0.0015,0.3087,0.6267,1.0275,hold
2022-11-18,369.1475,2046100,377.3061,378.2385,359.3086,-0.0047,-0.0685,0.0523,-0.0237,-0.0561,37.3782,0.0407,-0.0131,-0.0003,0.3092,-0.0018,1.0115,sell
2022-11-21,364.2232,1429400,365.7481,369.4680,361.4648,-0.0133,-0.0570,0.0132,-0.0379,-0.0650,43.8307,0.0406,-0.0157,-0.0022,0.2777,-0.3014,0.7063,buy
2022-11-22,380.9580,2298700,369.0697,382.6771,364.2231,0.0459,-0.0363,0.0253,0.0038,-0.0202,52.1464,0.0418,-0.0132,-0.0002,0.4842,0.6082,1.1083,hold
2022-11-23,384.4740,1488700,379.2001,388.6019,378.8504,0.0092,0.0056,0.0741,0.0061,-0.0092,60.1983,0.0394,-0.0107,0.0017,0.5456,-0.3524,0.7155,hold
2022-11-25,381.1912,861800,383.5028,384.4546,380.2297,-0.0085,0.0277,-0.0267,0.0002,-0.0162,60.3659,0.0252,-0.0096,0.0023,0.5235,-0.4211,0.4155,sell
2022-11-28,374.5575,1690700,383.0463,387.2421,372.4595,-0.0174,0.0147,-0.0549,-0.0116,-0.0316,55.2188,0.0251,-0.0100,0.0017,0.4582,0.9618,0.8051,sell
2022-11-29,368.7979,1716300,370.6627,374.2661,366.5834,-0.0154,0.0126,-0.0451,-0.0223,-0.0444,48.9948,0.0244,-0.0116,0.0003,0.3847,0.0151,0.8043,buy
2022-11-30,395.8766,4902300,364.6991,399.6646,363.2520,0.0734,0.0392,0.0014,0.0494,0.0262,62.5032,0.0339,-0.0062,0.0039,0.8661,1.8563,2.2624,buy
2022-12-01,404.1129,1943100,396.1680,406.2011,393.3610,0.0208,0.0511,0.0569,0.0651,0.0472,54.9380,0.0323,-0.0008,0.0072,0.9428,-0.6036,0.9127,sell
2022-12-02,396.1972,1876000,390.3211,397.4113,388.6602,-0.0196,0.0394,0.0682,0.0373,0.0260,49.9550,0.0311,0.0017,0.0079,0.7868,-0.0345,0.9106,sell
2022-12-05,383.7844,1499000,389.6314,392.5841,381.8807,-0.0313,0.0246,0.0397,0.0010,-0.0062,49.0712,0.0333,0.0013,0.0061,0.5567,-0.2010,0.7587,sell
2022-12-06,378.5785,1209800,384.0855,384.1244,374.0912,-0.0136,0.0265,0.0394,-0.0163,-0.0194,43.4528,0.0333,-0.0002,0.0038,0.4368,-0.1929,0.6192,hold
2022-12-07,377.4809,968600,376.9079,382.8617,374.3146,-0.0029,-0.0465,-0.0091,-0.0183,-0.0217,47.9025,0.0300,-0.0017,0.0019,0.4073,-0.1994,0.5183,buy
2022-12-08,393.7107,1525700,380.3462,395.0317,378.2677,0.0430,-0.0257,0.0240,0.0215,0.0205,59.4404,0.0329,0.0006,0.0032,0.7241,0.5752,0.8147,sell
2022-12-09,388.3396,1061300,392.5743,394.1672,387.8054,-0.0136,-0.0198,0.0188,0.0057,0.0064,57.7139,0.0332,0.0013,0.0032,0.6074,-0.3044,0.5992,buy
2022-12-12,398.9749,1810500,389.2138,399.1692,386.8827,0.0274,0.0396,0.0652,0.0267,0.0327,63.3547,0.0332,0.0039,0.0046,0.8413,0.7059,1.0195,buy
2022-12-13,416.0789,3247700,419.6920,429.2784,410.0765,0.0429,0.0991,0.1282,0.0579,0.0752,63.4584,0.0340,0.0089,0.0077,1.0801,0.7938,1.7573,sell
2022-12-14,406.8810,1631400,414.2723,421.7608,404.1906,-0.0221,0.0779,0.0278,0.0316,0.0511,58.2281,0.0279,0.0114,0.0081,0.8765,-0.4977,0.8935,sell
2022-12-15,385.1345,1741300,399.1304,403.2291,382.9103,-0.0534,-0.0218,-0.0470,-0.0188,-0.0043,51.2751,0.0322,0.0093,0.0046,0.4850,0.0674,0.9413,sell
2022-12-16,373.9164,3565600,381.4437,382.6675,369.6137,-0.0291,-0.0371,-0.0562,-0.0419,-0.0320,49.7987,0.0328,0.0048,0.0000,0.2789,1.0477,1.8516,hold
2022-12-19,372.4984,1535400,377.5684,377.5684,366.6514,-0.0038,-0.0664,-0.0294,-0.0428,-0.0352,51.1947,0.0316,0.0008,-0.0033,0.2466,-0.5694,0.8080,hold
2022-12-20,375.9560,1320100,370.8958,378.8504,369.8759,0.0093,-0.0964,-0.0069,-0.0333,-0.0263,42.4110,0.0315,-0.0017,-0.0045,0.2873,-0.1402,0.6967,buy
2022-12-21,382.0264,1330100,378.2385,384.9985,373.2171,0.0161,-0.0611,0.0120,-0.0188,-0.0110,41.4447,0.0319,-0.0023,-0.0041,0.4043,0.0076,0.7204,sell
2022-12-22,372.9160,1312600,374.2757,376.6068,365.9326,-0.0238,-0.0317,-0.0528,-0.0371,-0.0344,41.0646,0.0291,-0.0047,-0.0052,0.2452,-0.0132,0.7144,hold
2022-12-23,373.4406,705200,372.3042,374.3535,367.6227,0.0014,-0.0013,-0.0384,-0.0320,-0.0325,45.6313,0.0290,-0.0064,-0.0056,0.2673,-0.4627,0.3854,hold
2022-12-27,372.1001,823300,372.4206,374.2660,366.6125,-0.0036,-0.0011,-0.0674,-0.0287,-0.0361,47.1716,0.0270,-0.0080,-0.0057,0.2469,0.1675,0.4609,sell
2022-12-28,365.6801,843600,374.2855,377.3353,364.0484,-0.0173,-0.0273,-0.1211,-0.0327,-0.0515,45.0766,0.0207,-0.0107,-0.0067,0.1374,0.0247,0.4841,buy
2022-12-29,379.6371,1004600,369.4486,380.7152,366.7096,0.0382,-0.0063,-0.0670,0.0115,-0.0144,44.0149,0.0258,-0.0092,-0.0043,0.4040,0.1908,0.6491,hold
2022-12-30,378.0346,948900,374.9168,378.2483,371.6825,-0.0042,0.0137,-0.0184,0.0091,-0.0179,45.4724,0.0198,-0.0086,-0.0029,0.3930,-0.0554,0.6334,hold
2023-01-03,379.9383,1874000,385.2996,392.8269,374.1495,0.0050,0.0174,0.0161,0.0126,-0.0124,40.9411,0.0174,-0.0075,-0.0015,0.4441,0.9749,1.2511,hold
2023-01-04,380.3170,1209700,386.1543,388.2328,376.4611,0.0010,0.0221,0.0210,0.0115,-0.0102,29.7603,0.0173,-0.0066,-0.0004,0.4551,-0.3545,0.8155,sell
2023-01-05,364.8254,1263800,375.2470,376.3348,364.2232,-0.0407,-0.0023,-0.0296,-0.0269,-0.0485,27.7812,0.0217,-0.0094,-0.0024,0.1768,0.0447,0.8504,buy
2023-01-06,375.4121,1312700,369.3126,378.1511,359.9691,0.0290,-0.0111,-0.0173,0.0032,-0.0186,44.1768,0.0232,-0.0087,-0.0015,0.3796,0.0387,0.8732,buy
2023-01-09,384.7552,1331600,380.6287,391.8597,377.7674,0.0249,0.0178,0.0317,0.0249,0.0073,56.6410,0.0231,-0.0061,0.0007,0.5658,0.0144,0.8915,sell
2023-01-10,378.2735,1069900,377.2029,384.3853,375.2078,-0.0168,-0.0044,0.0129,0.0063,-0.0081,53.3317,0.0240,-0.0056,0.0010,0.4502,-0.1965,0.7161,buy
2023-01-11,384.7259,1587300,377.8841,385.2320,374.0010,0.0171,0.0116,0.0339,0.0201,0.0107,54.8904,0.0244,-0.0037,0.0023,0.5942,0.4836,1.0704,hold
2023-01-12,386.0787,1099000,387.6066,387.6066,375.6944,0.0035,0.0583,0.0558,0.0181,0.0158,52.3852,0.0233,-0.0019,0.0032,0.7079,-0.3076,0.7990,sell
2023-01-13,382.6822,1311100,379.5581,384.0642,376.1129,-0.0088,0.0194,0.0080,0.0084,0.0069,56.1631,0.0206,-0.0012,0.0032,0.7146,0.1930,0.9644,sell
2023-01-17,379.7528,1658700,381.5046,384.7065,376.3952,-0.0077,-0.0130,0.0045,0.0002,-0.0011,53.8661,0.0207,-0.0013,0.0025,0.6105,0.2651,1.2238,sell
2023-01-18,375.7333,1603200,381.6019,390.5750,375.3149,-0.0106,-0.0067,-0.0111,-0.0093,-0.0128,52.1545,0.0209,-0.0022,0.0014,0.4357,-0.0335,1.2752,sell
2023-01-19,368.4634,1082000,372.8818,378.5557,368.0935,-0.0193,-0.0423,-0.0312,-0.0254,-0.0328,51.6340,0.0217,-0.0044,-0.0007,0.1480,-0.3251,0.8764,buy
2023-01-20,387.4120,1702000,373.0083,389.5920,372.3075,0.0514,0.0035,0.0619,0.0186,0.0155,54.3119,0.0234,-0.0020,0.0013,0.8766,0.5730,1.3576,buy
2023-01-23,399.0226,2211800,390.0008,399.5190,388.4339,0.0300,0.0427,0.0629,0.0427,0.0444,60.4767,0.0235,0.0022,0.0043,1.1392,0.2995,1.7043,sell
2023-01-24,390.7989,1189600,399.0226,399.0226,388.0641,-0.0206,0.0291,0.0157,0.0196,0.0211,55.0996,0.0239,0.0038,0.0047,0.8414,-0.4622,0.9210,hold
2023-01-25,391.1395,1131900,383.7430,393.1346,375.1689,0.0009,0.0410,0.0340,0.0171,0.0220,55.0835,0.0230,0.0050,0.0048,0.8149,-0.0485,0.8621,buy
2023-01-26,401.5043,1282600,398.9739,402.1564,391.3146,0.0265,0.0897,0.0436,0.0395,0.0488,68.1005,0.0238,0.0078,0.0061,1.0134,0.1331,0.9601,buy
2023-01-27,411.3047,1724800,397.3876,417.2220,396.3657,0.0244,0.0617,0.0653,0.0579,0.0730,67.8510,0.0246,0.0117,0.0080,1.1233,0.3448,1.2499,sell
2023-01-30,405.2999,1543400,404.9982,409.2706,401.2026,-0.0146,0.0157,0.0591,0.0365,0.0568,60.5687,0.0251,0.0138,0.0080,0.9214,-0.1052,1.0970,buy
2023-01-31,411.3534,1174600,405.2999,411.5967,403.9861,0.0149,0.0526,0.0832,0.0435,0.0710,67.0924,0.0247,0.0161,0.0083,0.9663,-0.2390,0.8282,buy
2023-02-01,423.8885,1521700,409.0955,426.2340,404.8717,0.0305,0.0837,0.1282,0.0623,0.1006,69.0386,0.0246,0.0197,0.0097,1.0661,0.2955,1.0865,buy
2023-02-02,440.0538,1917600,432.0733,445.6790,430.2534,0.0381,0.0960,0.1943,0.0834,0.1384,72.9363,0.0231,0.0248,0.0121,1.1329,0.2602,1.3354,sell
2023-02-03,412.4142,1843200,428.9590,429.1050,410.3996,-0.0628,0.0027,0.0645,0.0091,0.0642,60.4759,0.0315,0.0257,0.0097,0.7447,-0.0388,1.2582,sell
2023-02-06,403.8789,1337900,406.4677,407.0614,401.6503,-0.0207,-0.0035,0.0122,-0.0129,0.0410,58.1777,0.0314,0.0236,0.0058,0.6114,-0.2741,0.9125,buy
2023-02-07,416.2195,1400700,401.6893,418.3704,398.0689,0.0306,0.0118,0.0650,0.0110,0.0710,62.9902,0.0316,0.0230,0.0046,0.7573,0.0469,0.9531,sell
2023-02-08,410.4482,1055000,415.2268,419.1197,406.5164,-0.0139,-0.0317,0.0494,-0.0077,0.0546,63.6019,0.0322,0.0220,0.0027,0.6591,-0.2468,0.7182,hold
2023-02-09,408.5018,1098500,419.1100,420.4238,407.0906,-0.0047,-0.0717,0.0174,-0.0141,0.0477,57.6784,0.0314,0.0204,0.0008,0.6166,0.0412,0.7605,sell
2023-02-10,402.4484,998400,403.8888,404.9690,397.9521,-0.0148,-0.0242,-0.0215,-0.0266,0.0304,51.2999,0.0308,0.0180,-0.0015,0.5193,-0.0911,0.6936,buy
2023-02-13,406.8960,1028900,404.8425,407.9957,402.8279,0.0111,0.0075,0.0039,-0.0162,0.0412,56.2880,0.0307,0.0163,-0.0024,0.5682,0.0305,0.7219,buy
2023-02-14,410.6721,878500,405.2804,414.8083,401.2318,0.0093,-0.0133,-0.0017,-0.0069,0.0505,57.4306,0.0304,0.0156,-0.0023,0.6064,-0.1462,0.6337,hold
2023-02-15,409.9617,865200,407.0907,411.8595,403.3438,-0.0017,-0.0012,-0.0329,-0.0053,0.0480,53.4724,0.0285,0.0149,-0.0025,0.5751,-0.0151,0.6412,sell
2023-02-16,397.4265,1281600,398.2149,405.4264,395.6650,-0.0306,-0.0271,-0.0969,-0.0256,0.0152,44.4271,0.0256,0.0120,-0.0047,0.2979,0.4813,0.9428,sell
2023-02-17,393.5531,1626100,395.5287,395.6260,386.2441,-0.0097,-0.0221,-0.0457,-0.0307,0.0046,45.2008,0.0177,0.0086,-0.0067,0.1982,0.2688,1.1995,sell
2023-02-21,385.6506,1331700,385.7382,389.4461,383.1494,-0.0201,-0.0522,-0.0451,-0.0458,-0.0160,39.6553,0.0177,0.0042,-0.0091,0.0724,-0.1810,1.0153,buy
2023-02-22,395.4996,1688000,389.8062,397.1638,387.1396,0.0255,-0.0369,-0.0498,-0.0164,0.0090,38.3218,0.0166,0.0025,-0.0083,0.2626,0.2676,1.2630,buy
2023-02-23,400.8522,2476100,399.8303,405.0955,393.2221,0.0135,-0.0222,-0.0234,-0.0007,0.0220,32.2991,0.0172,0.0023,-0.0067,0.3582,0.4669,1.7639,buy
2023-02-24,408.5699,4044700,394.1467,418.4773,393.2903,0.0193,0.0280,0.0002,0.0185,0.0412,47.8834,0.0185,0.0036,-0.0042,0.5180,0.6335,2.6233,sell
2023-02-27,401.5724,2166400,410.0979,411.2365,401.0080,-0.0171,0.0204,-0.0022,0.0013,0.0241,48.7082,0.0187,0.0033,-0.0037,0.3763,-0.4644,1.3852,sell
2023-02-28,396.2781,2218800,399.0226,402.0202,394.5166,-0.0132,0.0276,-0.0261,-0.0093,0.0112,37.8742,0.0187,0.0020,-0.0041,0.2759,0.0242,1.3888,sell
2023-03-01,390.5263,1651100,394.1565,395.4995,385.8062,-0.0145,-0.0126,-0.0491,-0.0188,-0.0038,37.8832,0.0185,-0.0003,-0.0052,0.1887,-0.2559,1.0183,hold
2023-03-02,389.6505,1516400,388.1809,392.1030,383.3245,-0.0022,-0.0279,-0.0495,-0.0159,-0.0068,38.3831,0.0185,-0.0022,-0.0057,0.1989,-0.0816,0.9353,buy
2023-03-03,397.5822,1550900,390.8378,399.7233,389.3779,0.0204,-0.0269,0.0004,0.0041,0.0121,47.0691,0.0176,-0.0021,-0.0044,0.3722,0.0228,0.9676,buy
2023-03-06,401.6600,1459200,397.6406,408.4726,395.8304,0.0103,0.0002,0.0206,0.0123,0.0212,46.8323,0.0175,-0.0012,-0.0028,0.5082,-0.0591,0.9214,sell
2023-03-07,398.3316,1261400,402.0201,407.0031,397.5044,-0.0083,0.0052,0.0329,0.0007,0.0119,42.4935,0.0162,-0.0011,-0.0022,0.4145,-0.1356,0.7984,buy
2023-03-08,405.5140,1448800,397.2318,406.9836,397.0761,0.0180,0.0384,0.0253,0.0162,0.0284,47.4920,0.0152,0.0004,-0.0005,0.6663,0.1486,0.9156,sell
2023-03-09,393.7477,1723800,407.5870,413.3096,392.9302,-0.0290,0.0105,-0.0177,-0.0115,-0.0025,47.9074,0.0176,-0.0008,-0.0014,0.2913,0.1898,1.0669,sell
2023-03-10,382.0982,2855200,392.6285,393.7964,378.4097,-0.0296,-0.0389,-0.0648,-0.0344,-0.0325,44.0138,0.0179,-0.0042,-0.0039,-0.0179,0.6563,1.6760,hold
2023-03-13,381.0763,2394700,381.9036,387.1687,373.7674,-0.0027,-0.0512,-0.0510,-0.0319,-0.0358,47.4243,0.0175,-0.0071,-0.0054,0.0328,-0.1613,1.3504,buy
2023-03-14,397.3682,2236600,389.9035,398.1857,388.2685,0.0428,-0.0024,0.0028,0.0092,0.0045,50.9810,0.0228,-0.0056,-0.0031,0.5145,-0.0660,1.2197,hold
2023-03-15,395.4412,1852700,393.4558,397.3487,390.8767,-0.0048,-0.0248,0.0126,0.0030,-0.0012,47.0532,0.0223,-0.0049,-0.0020,0.4782,-0.1716,0.9842,buy
2023-03-16,406.9544,1965700,394.5361,409.0274,390.4680,0.0291,0.0335,0.0444,0.0277,0.0264,49.1552,0.0239,-0.0020,0.0007,0.8657,0.0610,1.0146,sell
2023-03-17,402.6138,3124300,405.6697,406.9544,397.5822,-0.0107,0.0537,0.0127,0.0155,0.0144,50.5602,0.0236,-0.0007,0.0016,0.7086,0.5894,1.5393,hold
2023-03-20,400.8134,1520000,401.1249,402.7015,394.8962,-0.0045,0.0518,-0.0021,0.0111,0.0080,52.5349,0.0235,0.0001,0.0019,0.6373,-0.5135,0.7509,buy
2023-03-21,410.7306,1439600,403.2465,411.3729,400.1808,0.0247,0.0336,0.0311,0.0329,0.0311,60.7901,0.0245,0.0026,0.0035,0.9101,-0.0529,0.7093,sell
2023-03-22,403.1199,1558500,409.4653,416.7742,402.9252,-0.0185,0.0194,-0.0059,0.0144,0.0111,56.7106,0.0247,0.0031,0.0032,0.6545,0.0826,0.7703,buy
2023-03-23,420.9105,2737900,407.9568,423.3241,404.4532,0.0441,0.0343,0.0690,0.0520,0.0534,60.5828,0.0261,0.0066,0.0054,1.0765,0.7568,1.3445,hold
2023-03-24,418.0687,1659700,417.2414,420.4336,411.1101,-0.0068,0.0384,0.0941,0.0356,0.0446,57.5282,0.0234,0.0089,0.0062,0.9540,-0.3938,0.8657,hold
2023-03-27,415.5090,1677000,418.1465,419.9761,411.9081,-0.0061,0.0367,0.0904,0.0205,0.0366,57.9368,0.0236,0.0102,0.0059,0.8527,0.0104,0.8861,sell
2023-03-28,408.1028,1322300,415.5090,416.2779,405.7865,-0.0178,-0.0064,0.0270,-0.0003,0.0169,51.1937,0.0217,0.0098,0.0043,0.6647,-0.2115,0.7156,buy
2023-03-29,421.6891,1320100,415.6356,422.6039,412.6576,0.0333,0.0461,0.0664,0.0264,0.0485,62.6710,0.0234,0.0115,0.0050,0.9184,-0.0017,0.7209,buy
2023-03-30,428.3069,1515700,427.9469,430.5648,425.7084,0.0157,0.0176,0.0525,0.0371,0.0622,71.9570,0.0224,0.0139,0.0060,0.9815,0.1482,0.8277,buy
2023-03-31,433.8933,1700900,430.7790,436.0441,429.6792,0.0130,0.0379,0.0777,0.0427,0.0726,74.0537,0.0217,0.0167,0.0071,0.9971,0.1222,0.9251,sell
2023-04-03,428.8715,1234100,431.1488,431.1488,424.4822,-0.0116,0.0322,0.0700,0.0238,0.0580,65.9883,0.0223,0.0181,0.0067,0.8606,-0.2744,0.6753,hold
2023-04-04,428.0345,1120000,428.3654,434.7692,425.4068,-0.0020,0.0488,0.0421,0.0176,0.0544,66.7266,0.0215,0.0187,0.0058,0.8105,-0.0925,0.6153,hold
2023-04-05,427.3922,1494700,427.8593,428.2680,420.3071,-0.0015,0.0135,0.0602,0.0102,0.0510,61.8057,0.0201,0.0188,0.0048,0.7730,0.3346,0.8201,buy
2023-04-06,435.5721,1673600,422.9659,436.7225,421.5327,0.0191,0.0170,0.0348,0.0260,0.0687,68.2295,0.0160,0.0198,0.0048,0.8592,0.1197,0.9195,hold
2023-04-10,433.5831,1165900,430.2390,434.7921,425.0230,-0.0046,-0.0007,0.0371,0.0176,0.0622,68.0875,0.0159,0.0204,0.0043,0.8077,-0.3034,0.6717,sell
2023-04-11,426.5439,1267300,430.7850,432.5009,423.5118,-0.0162,-0.0054,0.0266,-0.0015,0.0442,59.0147,0.0169,0.0196,0.0025,0.6786,0.0870,0.7546,sell
2023-04-12,424.1943,981600,432.3645,433.4077,423.5606,-0.0055,-0.0090,0.0394,-0.0108,0.0375,62.7805,0.0156,0.0181,0.0008,0.6151,-0.2254,0.6072,buy
2023-04-13,430.7460,970600,428.4646,432.4229,427.2166,0.0154,0.0078,0.0215,0.0024,0.0525,56.9061,0.0126,0.0176,0.0004,0.7307,-0.0112,0.6172,hold
2023-04-14,430.5608,1328700,428.0162,432.5790,425.3155,-0.0004,-0.0115,0.0053,0.0014,0.0517,59.1114,0.0117,0.0172,0.0000,0.7049,0.3689,0.8624,hold
2023-04-17,429.0690,993100,432.7934,432.7934,425.0425,-0.0035,-0.0104,-0.0111,-0.0009,0.0486,60.0468,0.0109,0.0165,-0.0006,0.6527,-0.2526,0.6925,buy
2023-04-18,431.5065,878400,433.8562,434.4899,428.5817,0.0057,0.0116,0.0061,0.0042,0.0536,68.7184,0.0104,0.0161,-0.0008,0.6985,-0.1155,0.6265,buy
2023-04-19,434.3338,802700,426.5341,434.4606,426.0564,0.0066,0.0239,0.0147,0.0093,0.0589,62.2156,0.0105,0.0160,-0.0006,0.7534,-0.0862,0.5859,buy
2023-04-20,436.1960,1103700,428.8643,439.8228,428.8643,0.0043,0.0127,0.0206,0.0115,0.0624,58.3925,0.0104,0.0162,-0.0003,0.8112,0.3750,0.8191,hold
2023-04-21,435.2210,1280600,437.4050,441.3730,432.1694,-0.0022,0.0108,-0.0008,0.0093,0.0588,51.5661,0.0086,0.0160,-0.0004,0.7511,0.1603,1.0048,sell
2023-04-24,431.2433,1177100,438.7992,438.9552,428.5914,-0.0091,0.0051,-0.0054,0.0007,0.0479,52.8683,0.0090,0.0151,-0.0012,0.5973,-0.0808,0.9414,sell
2023-04-25,409.3164,2269100,426.0077,427.5969,408.3610,-0.0508,-0.0514,-0.0404,-0.0464,-0.0057,35.0100,0.0179,0.0105,-0.0053,-0.1148,0.9277,1.7727,sell
2023-04-26,403.3400,1947900,407.8443,411.9293,402.5990,-0.0146,-0.0714,-0.0492,-0.0557,-0.0200,32.2543,0.0182,0.0051,-0.0087,-0.2347,-0.1416,1.4855,buy
2023-04-27,418.4128,1479300,406.4208,419.6120,403.9639,0.0374,-0.0408,-0.0286,-0.0176,0.0162,38.5087,0.0219,0.0036,-0.0078,0.2248,-0.2406,1.1213,buy
2023-04-28,432.8324,2538000,417.9936,450.9179,414.1522,0.0345,-0.0055,0.0053,0.0157,0.0501,49.5690,0.0249,0.0050,-0.0048,0.6389,0.7157,1.8521,hold
2023-05-01,431.4285,1419200,430.7265,435.5525,428.9521,-0.0032,0.0004,0.0055,0.0118,0.0449,52.9982,0.0249,0.0060,-0.0031,0.6026,-0.4408,1.0464,sell
2023-05-02,425.5300,1213500,433.9341,434.2169,420.0215,-0.0137,0.0396,-0.0139,-0.0006,0.0290,50.7856,0.0252,0.0056,-0.0029,0.4351,-0.1449,0.8954,sell
2023-05-03,418.8905,1274800,429.1763,429.9172,417.4768,-0.0156,0.0386,-0.0356,-0.0126,0.0114,43.0339,0.0254,0.0040,-0.0037,0.2608,0.0505,0.9353,sell
2023-05-04,411.8708,1283800,421.8057,421.9129,410.7594,-0.0168,-0.0156,-0.0558,-0.0236,-0.0064,39.8346,0.0256,0.0013,-0.0052,0.1119,0.0071,0.9492,buy
2023-05-05,415.2832,1800100,417.1648,428.2501,414.5324,0.0083,-0.0405,-0.0458,-0.0108,0.0012,42.6553,0.0260,-0.0002,-0.0053,0.2311,0.4022,1.3248,hold
2023-05-08,416.1997,1359600,411.8513,417.0576,406.1381,0.0022,-0.0353,-0.0349,-0.0050,0.0030,41.7106,0.0260,-0.0012,-0.0050,0.2785,-0.2447,0.9935,hold
2023-05-09,416.9698,783700,413.8110,419.7387,412.2218,0.0019,-0.0201,0.0187,-0.0050,0.0041,40.3823,0.0199,-0.0018,-0.0045,0.3140,-0.4236,0.5830,buy
2023-05-10,420.7137,1425100,422.1372,425.3838,416.2387,0.0090,0.0044,0.0431,-0.0002,0.0119,41.5997,0.0191,-0.0015,-0.0034,0.4156,0.8184,1.0429,sell
2023-05-11,414.2498,1573300,421.5034,422.1177,413.0408,-0.0154,0.0058,-0.0099,-0.0146,-0.0047,39.2611,0.0160,-0.0026,-0.0036,0.2724,0.1040,1.1265,buy
2023-05-12,416.9113,1224200,415.7122,419.2415,413.7623,0.0064,0.0039,-0.0368,-0.0045,0.0003,42.5607,0.0106,-0.0028,-0.0030,0.3568,-0.2219,0.8799,sell
2023-05-15,415.5367,2088000,402.6575,416.5701,400.1908,-0.0033,-0.0016,-0.0368,-0.0040,-0.0038,54.1045,0.0106,-0.0032,-0.0028,0.3387,0.7056,1.4439,sell
2023-05-16,410.8569,1574100,411.5784,419.3098,408.5852,-0.0113,-0.0147,-0.0345,-0.0118,-0.0155,55.0465,0.0104,-0.0045,-0.0032,0.2450,-0.2461,1.0629,buy
2023-05-17,421.0452,1280900,412.7191,422.0104,409.6285,0.0248,0.0008,0.0051,0.0122,0.0078,51.8913,0.0128,-0.0033,-0.0017,0.5257,-0.1863,0.8512,buy
2023-05-18,436.4495,1770900,422.7026,437.4732,421.4936,0.0366,0.0536,0.0597,0.0431,0.0432,52.5625,0.0155,0.0004,0.0016,0.9437,0.3825,1.1513,hold
2023-05-19,434.8603,1234400,438.2629,438.9941,433.6806,-0.0036,0.0431,0.0471,0.0344,0.0373,52.4249,0.0158,0.0030,0.0034,0.9024,-0.3030,0.8037,buy
2023-05-22,442.7380,1948500,438.3507,443.9957,434.3241,0.0181,0.0655,0.0638,0.0466,0.0531,61.8282,0.0163,0.0063,0.0053,1.0403,0.5785,1.2376,sell
2023-05-23,438.5359,2658600,444.1712,449.2117,438.5359,-0.0095,0.0674,0.0517,0.0314,0.0402,63.9718,0.0170,0.0082,0.0058,0.8875,0.3644,1.6680,sell
2023-05-24,405.5044,6664400,410.4571,415.0687,403.0084,-0.0753,-0.0369,-0.0362,-0.0429,-0.0385,46.6950,0.0305,0.0038,0.0009,0.0973,1.5067,3.6423,hold
2023-05-25,402.7550,4119800,408.0197,410.4571,397.3342,-0.0068,-0.0772,-0.0277,-0.0468,-0.0453,43.4512,0.0302,-0.0007,-0.0029,0.0843,-0.3818,2.1001,buy
2023-05-26,407.9515,3287100,403.3985,417.2819,402.7648,0.0129,-0.0619,-0.0215,-0.0324,-0.0331,45.8732,0.0305,-0.0032,-0.0043,0.2287,-0.2021,1.6442,sell
2023-05-30,395.9205,3400700,413.7427,416.6676,395.4525,-0.0295,-0.1057,-0.0472,-0.0566,-0.0613,40.5348,0.0318,-0.0078,-0.0071,0.0385,0.0346,1.6207,buy
2023-05-31,408.6242,6180600,390.7533,409.7259,390.1975,0.0321,-0.0682,-0.0054,-0.0258,-0.0315,44.9691,0.0336,-0.0083,-0.0061,0.3172,0.8174,2.6338,hold
2023-06-01,411.5492,1910500,407.1326,415.3320,405.8359,0.0072,0.0149,-0.0226,-0.0166,-0.0246,48.8421,0.0326,-0.0082,-0.0048,0.3849,-0.6909,0.8033,buy
2023-06-02,419.7095,1702000,412.6508,421.7764,412.6508,0.0198,0.0421,-0.0384,0.0069,-0.0061,51.1457,0.0308,-0.0064,-0.0024,0.5426,-0.1091,0.7094,buy
2023-06-05,431.7503,2201400,419.6706,433.6417,419.2026,0.0287,0.0583,-0.0072,0.0366,0.0219,56.1055,0.0324,-0.0026,0.0010,0.7628,0.2934,0.9099,buy
2023-06-06,437.2587,1839600,435.4355,446.6475,434.8993,0.0128,0.1044,-0.0124,0.0512,0.0340,59.8803,0.0321,0.0012,0.0038,0.8333,-0.1643,0.7529,sell
2023-06-07,411.7830,2429900,436.8979,441.5875,410.8861,-0.0583,0.0077,-0.0610,-0.0036,-0.0260,46.8897,0.0370,-0.0005,0.0018,0.3612,0.3209,0.9621,hold
2023-06-08,412.7580,1612300,410.8276,416.7944,408.7997,0.0024,0.0029,0.0179,-0.0030,-0.0240,41.1906,0.0277,-0.0017,0.0005,0.3874,-0.3365,0.6360,buy
2023-06-09,420.7429,1696600,412.2218,421.2304,409.7259,0.0193,0.0025,0.0447,0.0119,-0.0050,44.9889,0.0280,-0.0010,0.0009,0.5294,0.0523,0.6676,buy
2023-06-12,434.9481,1937200,424.3990,435.7475,423.6970,0.0338,0.0074,0.0662,0.0393,0.0282,47.3538,0.0294,0.0021,0.0031,0.7677,0.1418,0.7518,hold
2023-06-13,436.3422,1324400,440.3396,440.6710,430.9312,0.0032,-0.0021,0.1021,0.0326,0.0314,49.2403,0.0266,0.0047,0.0046,0.7661,-0.3163,0.5217,hold
2023-06-14,435.0455,1709100,436.7517,442.0165,429.4298,-0.0030,0.0565,0.0647,0.0232,0.0280,63.1123,0.0257,0.0065,0.0051,0.7207,0.2905,0.6714,buy
2023-06-15,444.8828,1658300,431.1164,447.6615,429.9953,0.0226,0.0778,0.0810,0.0382,0.0505,67.5922,0.0262,0.0094,0.0064,0.8499,-0.0297,0.6467,hold
2023-06-16,443.6349,2619600,449.7187,450.1282,438.9162,-0.0028,0.0544,0.0570,0.0295,0.0467,65.4092,0.0260,0.0115,0.0068,0.8154,0.5797,1.0049,hold
2023-06-20,443.7325,1395000,442.9330,449.4554,439.8229,0.0002,0.0202,0.0278,0.0269,0.0465,73.0192,0.0248,0.0130,0.0067,0.8012,-0.4675,0.5335,sell
2023-06-21,439.2476,1106500,443.3132,444.1126,438.0387,-0.0101,0.0067,0.0045,0.0160,0.0357,66.0108,0.0248,0.0134,0.0056,0.7372,-0.2068,0.4301,hold
2023-06-22,439.5499,1034800,437.5122,440.4469,434.4899,0.0007,0.0104,0.0674,0.0103,0.0358,65.0524,0.0138,0.0134,0.0045,0.7404,-0.0648,0.4153,hold
2023-06-23,441.3536,1489900,432.7447,445.6434,431.6527,0.0041,-0.0079,0.0693,0.0078,0.0392,62.4888,0.0138,0.0136,0.0038,0.7436,0.4398,0.6673,hold
2023-06-26,441.9483,1418200,440.3494,450.8399,440.3494,0.0013,-0.0038,0.0504,0.0043,0.0400,56.7798,0.0131,0.0137,0.0031,0.7310,-0.0481,0.6761,buy
2023-06-27,447.5348,1253800,444.4734,449.2702,441.9483,0.0126,0.0086,0.0289,0.0141,0.0523,56.8247,0.0090,0.0145,0.0032,0.7936,-0.1159,0.6282,hold
2023-06-28,448.1198,1495400,447.6615,448.3927,441.1781,0.0013,0.0202,0.0270,0.0127,0.0528,86.0515,0.0091,0.0152,0.0031,0.7951,0.1927,0.7867,sell
2023-06-29,444.4052,1133100,449.2020,449.4067,442.0263,-0.0083,0.0110,0.0215,0.0022,0.0434,79.7799,0.0096,0.0150,0.0023,0.7070,-0.2423,0.6874,buy
2023-06-30,446.7159,1967100,445.3412,450.4109,442.7868,0.0052,0.0121,0.0041,0.0070,0.0482,77.3624,0.0065,0.0149,0.0018,0.7369,0.7360,1.1913,sell
2023-07-03,440.2616,1454500,441.4022,443.5862,437.7559,-0.0144,-0.0038,-0.0076,-0.0068,0.0329,56.6904,0.0080,0.0138,0.0004,0.5747,-0.2606,0.8875,buy
2023-07-05,446.3745,1360700,436.7810,446.7938,435.8158,0.0139,-0.0026,0.0060,0.0064,0.0467,61.2903,0.0093,0.0135,0.0002,0.6998,-0.0645,0.8521,sell
2023-07-06,440.1934,1156700,439.1209,442.4942,433.0664,-0.0138,-0.0177,0.0022,-0.0078,0.0317,55.2195,0.0098,0.0124,-0.0009,0.5517,-0.1499,0.7402,sell
2023-07-07,437.7224,847800,440.2031,446.7368,437.3708,-0.0056,-0.0150,-0.0042,-0.0129,0.0246,41.4649,0.0100,0.0108,-0.0020,0.4556,-0.2671,0.5715,buy
2023-07-10,453.4855,2217700,437.0388,455.6927,436.5700,0.0360,0.0152,0.0275,0.0198,0.0590,58.7231,0.0153,0.0118,-0.0005,0.9492,1.6158,1.4650,hold
2023-07-11,452.8702,1176500,454.7747,455.9760,444.9203,-0.0014,0.0286,0.0247,0.0159,0.0559,58.0184,0.0153,0.0127,0.0003,0.9706,-0.4695,0.7908,buy
2023-07-12,465.7033,1681500,461.2303,467.2562,458.2711,0.0283,0.0433,0.0406,0.0405,0.0841,70.2483,0.0172,0.0150,0.0024,1.2554,0.4292,1.1400,buy
2023-07-13,470.1080,1477600,468.9360,472.3152,467.4710,0.0095,0.0680,0.0491,0.0452,0.0924,72.0062,0.0172,0.0176,0.0041,1.1800,-0.1213,0.9966,buy
2023-07-14,472.6864,1158100,467.8130,475.1183,467.2563,0.0055,0.0799,0.0636,0.0444,0.0960,72.3151,0.0166,0.0198,0.0051,1.1031,-0.2162,0.7959,buy
2023-07-17,479.3568,1330500,470.6939,481.2319,469.2583,0.0141,0.0570,0.0731,0.0515,0.1084,74.5202,0.0168,0.0222,0.0062,1.0994,0.1489,0.9248,buy
2023-07-18,483.8592,1242700,479.3373,486.0664,477.0910,0.0094,0.0684,0.0990,0.0513,0.1151,74.1528,0.0149,0.0246,0.0069,1.0571,-0.0660,0.9071,buy
2023-07-19,488.8694,2003800,492.1021,496.2235,486.6133,0.0104,0.0497,0.0952,0.0525,0.1228,75.5894,0.0149,0.0269,0.0075,1.0291,0.6125,1.4309,sell
2023-07-20,480.2944,1277000,486.4961,491.6333,479.4642,-0.0175,0.0217,0.0911,0.0252,0.0999,71.2406,0.0155,0.0276,0.0064,0.8546,-0.3627,0.9064,hold
2023-07-21,481.0171,4574000,485.2558,490.2171,480.4409,0.0015,0.0176,0.0989,0.0173,0.0983,70.6897,0.0149,0.0276,0.0051,0.8272,2.5818,2.8843,sell
2023-07-24,477.0910,1251600,484.9921,486.9258,474.5713,-0.0082,-0.0047,0.0521,0.0040,0.0865,72.9134,0.0126,0.0269,0.0034,0.7452,-0.7264,0.7952,buy
2023-07-25,484.8748,1122700,477.3742,488.1661,477.3742,0.0163,0.0021,0.0707,0.0136,0.1007,73.4651,0.0128,0.0267,0.0028,0.8201,-0.1030,0.7201,hold
2023-07-26,485.2557,1760900,481.1929,487.1211,480.4116,0.0008,-0.0074,0.0420,0.0102,0.0982,79.5541,0.0105,0.0266,0.0022,0.7928,0.5685,1.1113,hold
2023-07-27,484.9334,1620300,492.3559,493.9869,483.2341,-0.0007,0.0097,0.0315,0.0065,0.0940,81.8613,0.0104,0.0263,0.0015,0.7606,-0.0798,1.0186,buy
2023-07-28,499.8859,1867100,489.7776,501.2336,489.7776,0.0308,0.0392,0.0575,0.0317,0.1232,81.6607,0.0136,0.0273,0.0026,0.9092,0.1523,1.1473,hold
2023-07-31,499.7491,1531100,499.6026,502.1322,496.6825,-0.0003,0.0475,0.0425,0.0271,0.1190,82.1975,0.0134,0.0284,0.0029,0.8637,-0.1800,0.9536,sell
2023-08-01,496.6239,1495700,498.6358,498.6358,491.0863,-0.0063,0.0242,0.0264,0.0180,0.1090,74.5047,0.0136,0.0286,0.0024,0.7977,-0.0231,0.9303,sell
2023-08-02,486.4179,1170300,490.0510,491.5746,481.3101,-0.0206,0.0024,-0.0050,-0.0025,0.0837,61.8372,0.0151,0.0272,0.0003,0.6442,-0.2176,0.7323,hold
2023-08-03,485.3730,911200,483.7712,488.6349,479.4935,-0.0021,0.0009,0.0106,-0.0056,0.0793,59.4171,0.0139,0.0252,-0.0014,0.6107,-0.2214,0.5746,hold
2023-08-04,485.3730,1179000,491.4770,496.9852,484.6795,0.0000,-0.0290,0.0091,-0.0065,0.0771,54.9566,0.0139,0.0233,-0.0026,0.5913,0.2939,0.7357,buy
2023-08-07,493.4596,784200,488.6643,494.1139,488.1564,0.0167,-0.0126,0.0343,0.0067,0.0908,57.4685,0.0143,0.0225,-0.0024,0.7362,-0.3349,0.5123,sell
2023-08-08,489.1135,987100,488.1173,489.7385,479.6596,-0.0088,-0.0151,0.0087,-0.0031,0.0770,50.1919,0.0140,0.0214,-0.0029,0.6274,0.2587,0.6488,sell
2023-08-09,485.0995,1081600,489.5725,491.3988,482.5504,-0.0082,-0.0027,-0.0003,-0.0112,0.0646,54.0688,0.0143,0.0197,-0.0039,0.4882,0.0957,0.7253,buy
2023-08-10,489.7581,1012700,492.2290,498.8213,486.7012,0.0096,0.0090,0.0099,-0.0027,0.0704,56.9390,0.0146,0.0185,-0.0039,0.6171,-0.0637,0.6898,sell
2023-08-11,486.1445,1005500,486.1835,492.0336,484.6502,-0.0074,0.0016,-0.0275,-0.0073,0.0589,57.2230,0.0103,0.0171,-0.0044,0.4608,-0.0071,0.6885,buy
2023-08-14,493.9869,1453200,485.9296,494.8659,483.6833,0.0161,0.0011,-0.0115,0.0099,0.0721,57.2630,0.0119,0.0167,-0.0035,0.7483,0.4453,0.9909,sell
2023-08-15,485.5682,1136700,490.6175,494.3385,484.2107,-0.0170,-0.0072,-0.0223,-0.0050,0.0509,50.2208,0.0129,0.0153,-0.0042,0.4030,-0.2178,0.7779,hold
2023-08-16,484.0740,1056300,485.4999,492.3169,483.9177,-0.0031,-0.0021,-0.0048,-0.0076,0.0453,49.4027,0.0112,0.0136,-0.0048,0.3531,-0.0707,0.7471,sell
2023-08-17,475.0889,1098600,484.2694,485.2069,473.8192,-0.0186,-0.0300,-0.0212,-0.0240,0.0242,31.2065,0.0126,0.0108,-0.0063,0.0321,0.0400,0.7819,hold
2023-08-18,474.6103,954400,468.7016,477.3547,466.6018,-0.0010,-0.0237,-0.0222,-0.0228,0.0204,31.0456,0.0126,0.0082,-0.0072,0.0575,-0.1313,0.7797,buy
2023-08-21,476.8567,1206100,476.3781,478.5560,470.6257,0.0047,-0.0347,-0.0336,-0.0148,0.0224,34.8956,0.0111,0.0064,-0.0071,0.1382,0.2637,0.9872,hold
2023-08-22,476.5050,898700,478.7318,482.8825,474.6103,-0.0007,-0.0187,-0.0258,-0.0130,0.0192,41.0825,0.0109,0.0049,-0.0069,0.1587,-0.2549,0.7424,buy
2023-08-23,489.1624,1458600,477.8430,491.3696,477.8430,0.0266,0.0105,0.0084,0.0124,0.0439,52.8198,0.0140,0.0057,-0.0047,0.5760,0.6230,1.2202,sell
2023-08-24,486.8574,2217600,492.6392,496.6727,484.8553,-0.0047,0.0248,-0.0059,0.0082,0.0367,51.0680,0.0138,0.0059,-0.0036,0.4957,0.5204,1.8099,buy
2023-08-25,506.9275,2457300,482.6969,509.6328,482.6969,0.0412,0.0681,0.0428,0.0453,0.0762,58.2644,0.0188,0.0090,-0.0001,1.0952,0.1081,1.9583,hold
2023-08-28,506.7516,1307800,506.9274,510.4629,501.8294,-0.0003,0.0627,0.0258,0.0422,0.0730,61.4072,0.0183,0.0114,0.0018,1.0352,-0.4678,1.0516,buy
2023-08-29,523.9602,1570200,505.7555,524.9173,504.5641,0.0340,0.0996,0.0791,0.0691,0.1056,71.4686,0.0193,0.0154,0.0049,1.2313,0.2006,1.2588,buy
2023-08-30,527.9547,1688000,525.1419,530.3181,523.7551,0.0076,0.0793,0.0906,0.0677,0.1101,71.2577,0.0189,0.0191,0.0069,1.1248,0.0750,1.3258,hold
2023-08-31,529.1559,1776200,527.9546,532.2714,522.1045,0.0023,0.0869,0.1138,0.0586,0.1085,74.5978,0.0166,0.0220,0.0079,1.0294,0.0523,1.3492,buy
2023-09-01,536.7640,1336500,532.5937,537.0081,527.8375,0.0144,0.0589,0.1310,0.0606,0.1198,74.5295,0.0160,0.0248,0.0087,1.0273,-0.2476,1.0092,hold
2023-09-05,537.7210,1372200,535.8263,542.0378,532.7987,0.0018,0.0611,0.1276,0.0499,0.1173,82.7044,0.0162,0.0271,0.0088,0.9607,0.0267,1.0136,hold
2023-09-06,538.0823,1237000,536.5880,540.6900,532.8670,0.0007,0.0270,0.1292,0.0381,0.1136,84.3562,0.0161,0.0286,0.0083,0.9054,-0.0985,0.9054,buy
2023-09-07,540.6803,1209700,536.9788,544.4404,535.1232,0.0048,0.0241,0.1053,0.0328,0.1147,95.4149,0.0154,0.0298,0.0076,0.8813,-0.0221,0.8813,sell
2023-09-08,537.7016,1245000,539.4107,545.5929,536.9301,-0.0055,0.0161,0.1044,0.0173,0.1045,92.2221,0.0155,0.0302,0.0063,0.8145,0.0292,0.8994,hold
2023-09-11,536.4710,1242500,538.3364,540.7585,535.1818,-0.0023,-0.0005,0.0583,0.0093,0.0978,90.4451,0.0113,0.0299,0.0048,0.7728,-0.0020,0.8900,sell
2023-09-12,533.2480,1312600,530.3181,534.9278,527.3980,-0.0060,-0.0083,0.0523,-0.0017,0.0874,87.0535,0.0118,0.0290,0.0030,0.7197,0.0564,0.9449,sell
2023-09-13,529.2927,1136200,531.5292,532.9063,526.2749,-0.0074,-0.0163,0.0102,-0.0101,0.0754,79.5654,0.0068,0.0274,0.0010,0.6633,-0.1344,0.8180,buy
2023-09-14,534.8107,973400,532.3886,536.6859,525.3959,0.0104,-0.0109,0.0130,-0.0011,0.0827,83.7318,0.0071,0.0262,0.0001,0.6954,-0.1433,0.7029,sell
2023-09-15,525.5131,2445500,535.3381,535.3479,524.4680,-0.0174,-0.0227,-0.0069,-0.0178,0.0602,65.4090,0.0092,0.0243,-0.0019,0.5850,1.5123,1.6839,sell
2023-09-18,522.5147,886900,523.7941,525.8548,521.2841,-0.0057,-0.0260,-0.0265,-0.0208,0.0506,62.4846,0.0076,0.0218,-0.0036,0.5311,-0.6373,0.6121,sell
2023-09-19,516.8307,1026400,517.7488,518.4422,513.8422,-0.0109,-0.0308,-0.0388,-0.0276,0.0365,43.0924,0.0079,0.0188,-0.0055,0.4340,0.1573,0.7128,sell
2023-09-20,511.3615,945300,518.6961,519.0086,511.1857,-0.0106,-0.0339,-0.0497,-0.0331,0.0232,34.3698,0.0079,0.0154,-0.0074,0.3084,-0.0790,0.6554,sell
2023-09-21,492.5903,1729200,507.4451,509.1933,491.6039,-0.0367,-0.0789,-0.0889,-0.0600,-0.0155,24.1221,0.0120,0.0098,-0.0110,-0.0001,0.8293,1.1878,buy
2023-09-22,496.6922,1233800,492.2290,500.1789,488.9670,0.0083,-0.0548,-0.0763,-0.0447,-0.0083,20.1599,0.0132,0.0055,-0.0121,0.0239,-0.2865,0.8772,hold
2023-09-25,496.4383,1279200,494.3874,499.2608,492.5708,-0.0005,-0.0499,-0.0746,-0.0378,-0.0098,18.9328,0.0133,0.0020,-0.0125,0.0541,0.0368,0.9492,sell
2023-09-26,491.4379,1233600,495.6863,496.9852,488.5079,-0.0101,-0.0491,-0.0784,-0.0397,-0.0202,17.1888,0.0133,-0.0015,-0.0129,0.0232,-0.0356,0.9179,buy
2023-09-27,496.3699,1260200,495.7253,499.4854,491.2230,0.0100,-0.0293,-0.0622,-0.0238,-0.0109,19.8217,0.0145,-0.0034,-0.0118,0.1410,0.0216,0.9486,buy
2023-09-28,500.2766,1262700,492.6783,505.5797,489.4749,0.0079,0.0156,-0.0646,-0.0094,-0.0035,24.8292,0.0142,-0.0042,-0.0100,0.2250,0.0020,0.9660,hold
2023-09-29,499.0069,1499600,509.8379,511.8791,496.1258,-0.0025,0.0047,-0.0504,-0.0067,-0.0068,24.8161,0.0137,-0.0051,-0.0087,0.2351,0.1876,1.1594,buy
2023-10-02,505.7067,1621600,498.8995,506.1657,497.0341,0.0134,0.0187,-0.0322,0.0101,0.0055,32.3131,0.0149,-0.0045,-0.0065,0.3437,0.0814,1.2401,sell
2023-10-03,495.6277,1741600,499.3487,506.3610,492.6001,-0.0199,0.0085,-0.0410,-0.0059,-0.0152,29.9569,0.0157,-0.0058,-0.0062,0.2336,0.0740,1.3133,buy
2023-10-04,505.3746,1561000,501.3508,507.7576,496.7899,0.0197,0.0181,-0.0117,0.0149,0.0033,33.3149,0.0171,-0.0050,-0.0043,0.3853,-0.1037,1.1629,hold
2023-10-05,505.1202,1118700,504.8267,508.8184,499.5045,-0.0005,0.0097,0.0254,0.0118,0.0020,37.1204,0.0117,-0.0044,-0.0030,0.4005,-0.2833,0.8363,buy
2023-10-06,521.7521,1766700,500.9134,523.0827,500.2090,0.0329,0.0456,0.0505,0.0399,0.0335,49.5891,0.0152,-0.0013,0.0001,0.6780,0.5792,1.2954,hold
2023-10-09,523.3272,1047700,516.3321,523.9534,514.8548,0.0030,0.0348,0.0542,0.0375,0.0357,53.6624,0.0150,0.0013,0.0021,0.7277,-0.4070,0.7737,buy
2023-10-10,528.4147,1369300,520.6271,533.4532,519.1693,0.0097,0.0662,0.0752,0.0400,0.0445,59.6553,0.0141,0.0041,0.0039,0.8283,0.3070,1.0091,hold
2023-10-11,529.8528,884200,529.9213,532.8171,525.1371,0.0027,0.0484,0.0675,0.0360,0.0460,76.2496,0.0141,0.0064,0.0050,0.8523,-0.3543,0.6577,hold
2023-10-12,531.6432,1520700,533.2869,538.2079,528.9136,0.0034,0.0525,0.0627,0.0332,0.0477,75.4501,0.0141,0.0084,0.0056,0.8945,0.7199,1.1086,sell
2023-10-13,521.5076,1627000,531.6432,533.8152,518.8171,-0.0191,-0.0005,0.0451,0.0090,0.0262,65.9580,0.0161,0.0086,0.0045,0.7185,0.0699,1.2226,buy
2023-10-16,529.1876,1063900,528.1506,531.7313,522.8968,0.0147,0.0112,0.0464,0.0193,0.0396,73.2372,0.0162,0.0095,0.0044,0.8429,-0.3461,0.7942,hold
2023-10-17,527.1135,1396100,524.3643,534.2456,521.5174,-0.0039,-0.0025,0.0635,0.0092,0.0341,69.6146,0.0141,0.0099,0.0039,0.7877,0.3122,1.0280,sell
2023-10-18,515.9995,1143100,523.7088,525.5188,514.1895,-0.0211,-0.0261,0.0210,-0.0141,0.0113,59.1865,0.0156,0.0086,0.0019,0.5916,-0.1812,0.8356,sell
2023-10-19,510.2272,1328300,519.0127,522.5250,508.6423,-0.0112,-0.0403,0.0101,-0.0261,-0.0010,56.2280,0.0162,0.0065,-0.0002,0.4762,0.1620,0.9854,sell
2023-10-20,495.8358,1873300,509.0239,510.2468,493.8399,-0.0282,-0.0492,-0.0497,-0.0489,-0.0295,44.9520,0.0143,0.0025,-0.0035,0.2192,0.4103,1.3575,sell
2023-10-23,493.1159,1523300,494.0649,501.9993,487.6861,-0.0055,-0.0682,-0.0577,-0.0486,-0.0350,48.6109,0.0140,-0.0012,-0.0058,0.1783,-0.1868,1.0942,hold
2023-10-24,494.8672,958900,495.5227,502.0287,488.6352,0.0036,-0.0612,-0.0635,-0.0390,-0.0316,43.6254,0.0134,-0.0039,-0.0067,0.2012,-0.3705,0.6957,sell
2023-10-25,472.5706,2459400,489.5645,489.7602,471.8369,-0.0451,-0.0842,-0.1081,-0.0719,-0.0748,34.4198,0.0176,-0.0099,-0.0104,-0.0850,1.5648,1.7099,sell
2023-10-26,469.0682,1584400,472.5413,476.3765,463.3057,-0.0074,-0.0807,-0.1177,-0.0674,-0.0811,21.1570,0.0169,-0.0151,-0.0124,-0.0366,-0.3558,1.0894,hold
2023-10-27,469.1367,1563800,469.2541,472.0620,463.6286,0.0001,-0.0538,-0.1004,-0.0574,-0.0808,19.8346,0.0171,-0.0189,-0.0130,0.0333,-0.0130,1.0728,buy
2023-10-30,476.9439,1410200,473.2164,479.0865,471.3575,0.0166,-0.0328,-0.0987,-0.0316,-0.0656,22.1905,0.0175,-0.0201,-0.0114,0.1645,-0.0982,0.9745,buy
2023-10-31,484.2325,1071900,478.4309,485.8468,474.9383,0.0153,-0.0215,-0.0814,-0.0081,-0.0516,26.8172,0.0192,-0.0194,-0.0087,0.2605,-0.2399,0.7583,sell
2023-11-01,478.5777,2041200,482.0215,482.8237,471.5043,-0.0117,0.0127,-0.0725,-0.0121,-0.0627,24.0529,0.0187,-0.0201,-0.0074,0.2215,0.9043,1.4199,buy
2023-11-02,489.5157,1509200,488.1068,493.0866,479.7322,0.0229,0.0436,-0.0406,0.0148,-0.0413,34.4789,0.0209,-0.0180,-0.0045,0.3517,-0.2606,1.0357,hold
2023-11-03,487.7155,2419600,482.2074,492.0691,478.9495,-0.0037,0.0396,-0.0164,0.0128,-0.0449,28.6621,0.0191,-0.0169,-0.0026,0.3494,0.6032,1.6241,hold
2023-11-06,489.6624,1475500,488.2731,489.7798,483.6455,0.0040,0.0267,-0.0070,0.0175,-0.0404,30.7056,0.0191,-0.0154,-0.0009,0.3869,-0.3902,0.9764,buy
2023-11-07,502.7820,1409200,497.1760,506.1279,495.9923,0.0268,0.0383,0.0160,0.0431,-0.0145,43.3284,0.0210,-0.0116,0.0020,0.5505,-0.0449,0.9313,buy
2023-11-08,511.0686,1428400,509.9240,512.8883,504.1713,0.0165,0.0679,0.0815,0.0519,0.0022,50.4142,0.0134,-0.0074,0.0048,0.6672,0.0136,0.9273,sell
2023-11-09,503.3983,1384000,507.4095,515.8527,502.8406,-0.0150,0.0284,0.0732,0.0288,-0.0119,53.9865,0.0145,-0.0055,0.0055,0.5975,-0.0311,0.9025,buy
2023-11-10,517.4376,1147800,508.2803,518.6018,505.0713,0.0279,0.0609,0.1030,0.0472,0.0162,61.4541,0.0156,-0.0015,0.0073,0.7926,-0.1707,0.7603,buy
2023-11-13,520.6564,1177100,514.2483,522.8577,511.9883,0.0062,0.0633,0.0917,0.0444,0.0231,61.9796,0.0155,0.0020,0.0086,0.8563,0.0255,0.7768,buy
2023-11-14,543.4910,2005700,529.6767,545.9075,529.6767,0.0439,0.0810,0.1224,0.0774,0.0678,82.7801,0.0190,0.0078,0.0113,1.1053,0.7039,1.2976,hold
2023-11-15,543.5105,1711300,546.8858,554.7517,542.6691,0.0000,0.0635,0.1357,0.0638,0.0676,85.5527,0.0177,0.0124,0.0127,1.0259,-0.1468,1.0871,hold
2023-11-16,544.8901,1198400,545.1445,548.3436,540.7125,0.0025,0.0824,0.1131,0.0550,0.0701,85.7314,0.0176,0.0160,0.0130,0.9719,-0.2997,0.7645,buy
2023-11-17,548.0306,1127100,544.5868,549.0383,542.0236,0.0058,0.0591,0.1237,0.0489,0.0758,85.0743,0.0170,0.0190,0.0129,0.9356,-0.0595,0.7365,buy
2023-11-20,552.2765,1008800,551.7873,553.3429,546.7391,0.0077,0.0607,0.1279,0.0445,0.0835,84.6123,0.0169,0.0216,0.0125,0.9138,-0.1050,0.6705,hold
2023-11-21,550.0067,1001000,547.9620,552.6678,547.8739,-0.0041,0.0120,0.0939,0.0310,0.0783,87.6300,0.0167,0.0234,0.0113,0.8503,-0.0077,0.6644,hold
2023-11-22,552.0125,899300,555.6910,559.4381,551.2885,0.0036,0.0156,0.0801,0.0269,0.0813,86.3449,0.0166,0.0246,0.0101,0.8301,-0.1016,0.6295,hold
2023-11-24,551.8559,607300,550.3101,552.6875,547.9229,-0.0003,0.0128,0.0963,0.0174,0.0803,88.0277,0.0149,0.0253,0.0086,0.7997,-0.3247,0.4401,sell
2023-11-27,549.0774,1633600,549.7427,554.0181,546.8957,-0.0050,0.0019,0.0611,0.0064,0.0738,84.8821,0.0140,0.0253,0.0068,0.7538,1.6899,1.1809,buy
2023-11-28,552.8342,1745500,547.4826,554.8691,545.8683,0.0068,0.0010,0.0618,0.0074,0.0799,83.0148,0.0140,0.0253,0.0055,0.7623,0.0685,1.2467,buy
2023-11-29,564.7308,2489600,570.3661,586.0295,563.4297,0.0215,0.0268,0.0391,0.0251,0.1011,83.7870,0.0076,0.0263,0.0056,0.8353,0.4263,1.6925,sell
2023-11-30,559.0859,1941100,564.8875,569.5541,553.4408,-0.0100,0.0128,0.0287,0.0120,0.0881,85.9799,0.0087,0.0266,0.0046,0.7642,-0.2203,1.3241,buy
2023-12-01,561.8839,1334000,559.0272,564.1928,552.2276,0.0050,0.0182,0.0312,0.0139,0.0906,83.5972,0.0087,0.0267,0.0038,0.7685,-0.3128,0.9154,sell
2023-12-04,558.1172,1335800,556.3073,558.8119,548.5393,-0.0067,0.0165,0.0184,0.0053,0.0807,78.0842,0.0092,0.0261,0.0025,0.7141,0.0013,0.9521,hold
2023-12-05,559.3989,988900,553.0983,559.8782,551.1905,0.0023,0.0119,0.0129,0.0063,0.0805,67.6203,0.0090,0.0254,0.0014,0.7164,-0.2597,0.7173,sell
2023-12-06,553.9691,1109500,562.9405,563.7427,553.4506,-0.0097,-0.0191,0.0072,-0.0042,0.0674,60.3445,0.0095,0.0240,-0.0001,0.6296,0.1220,0.8136,buy
2023-12-07,559.1152,898900,557.8825,560.5925,552.6386,0.0093,0.0001,0.0129,0.0038,0.0748,63.0944,0.0099,0.0230,-0.0007,0.6865,-0.1898,0.6722,buy
2023-12-08,561.4730,1195200,553.9006,562.1872,552.1689,0.0042,-0.0007,0.0174,0.0063,0.0768,62.5548,0.0099,0.0224,-0.0010,0.7290,0.3296,0.9001,buy
2023-12-11,573.9567,1617300,564.8189,576.3047,564.5059,0.0222,0.0284,0.0453,0.0241,0.0976,67.5483,0.0114,0.0230,0.0001,0.9849,0.3532,1.1969,buy
2023-12-12,581.3138,1252000,575.5318,581.9889,570.9042,0.0128,0.0392,0.0515,0.0320,0.1084,73.4124,0.0117,0.0243,0.0013,1.1518,-0.2259,0.9240,buy
2023-12-13,597.0066,1606600,585.1001,597.2121,580.8541,0.0270,0.0777,0.0572,0.0538,0.1340,77.9303,0.0127,0.0267,0.0035,1.2421,0.2832,1.2034,sell
2023-12-14,588.1622,2546800,601.3797,604.2365,583.0553,-0.0148,0.0520,0.0520,0.0329,0.1137,70.3431,0.0134,0.0280,0.0035,0.9877,0.5852,1.8497,buy
2023-12-15,595.3336,3455500,589.0624,598.6208,589.0624,0.0122,0.0603,0.0595,0.0394,0.1234,74.7022,0.0136,0.0290,0.0039,1.0179,0.3568,2.3196,buy
2023-12-18,605.0388,1538700,597.1631,606.8585,596.5369,0.0163,0.0542,0.0841,0.0477,0.1381,76.2134,0.0131,0.0305,0.0046,1.0530,-0.5547,1.0188,buy
2023-12-19,608.0031,1252100,602.1526,608.7369,601.3993,0.0049,0.0459,0.0869,0.0441,0.1401,73.8694,0.0130,0.0320,0.0050,0.9994,-0.1863,0.8224,sell
2023-12-20,602.3776,1536500,605.6159,614.2352,602.1722,-0.0093,0.0090,0.0874,0.0259,0.1264,73.8853,0.0130,0.0324,0.0041,0.8780,0.2271,0.9918,buy
2023-12-21,607.5433,1000900,606.5748,610.1164,604.7942,0.0086,0.0330,0.0866,0.0262,0.1328,74.5502,0.0130,0.0326,0.0036,0.8894,-0.3486,0.6440,buy
2023-12-22,610.5566,820800,609.3435,611.6133,604.3050,0.0050,0.0256,0.0874,0.0228,0.1350,78.4259,0.0129,0.0328,0.0032,0.8770,-0.1799,0.5245,hold
2023-12-26,611.3198,638300,611.6328,614.7244,609.2457,0.0012,0.0104,0.0651,0.0177,0.1327,78.3040,0.0121,0.0327,0.0025,0.8475,-0.2223,0.4213,buy
2023-12-27,615.4973,734400,610.4783,616.1625,608.7858,0.0068,0.0123,0.0588,0.0189,0.1368,84.0055,0.0119,0.0327,0.0022,0.8544,0.1506,0.5014,hold
2023-12-28,614.4211,680700,617.0822,617.4051,613.5993,-0.0017,0.0200,0.0292,0.0142,0.1312,82.0065,0.0095,0.0324,0.0014,0.8074,-0.0731,0.4953,sell
2023-12-29,611.4959,724700,614.4212,617.1703,608.9816,-0.0048,0.0065,0.0397,0.0055,0.1218,78.7603,0.0078,0.0315,0.0003,0.7500,0.0646,0.5518,sell
2024-01-02,590.6865,1666700,608.7761,609.5685,586.6459,-0.0340,-0.0325,-0.0078,-0.0280,0.0805,58.7783,0.0137,0.0286,-0.0030,0.5051,1.2998,1.2531,sell
2024-01-03,578.3397,1439400,584.6206,585.4229,576.6471,-0.0209,-0.0539,-0.0441,-0.0441,0.0547,48.5171,0.0137,0.0239,-0.0066,0.3439,-0.1364,1.0780,sell
2024-01-04,574.1132,956700,577.8211,581.6367,573.1251,-0.0073,-0.0672,-0.0557,-0.0457,0.0439,37.1117,0.0133,0.0191,-0.0094,0.2734,-0.3353,0.7174,hold
2024-01-05,576.2657,838900,574.1133,579.3474,573.4578,0.0037,-0.0621,-0.0433,-0.0380,0.0447,42.7568,0.0135,0.0152,-0.0105,0.2663,-0.1231,0.6355,buy
2024-01-08,585.4230,1689700,580.2573,587.5460,579.1028,0.0159,-0.0426,-0.0364,-0.0191,0.0570,44.1084,0.0145,0.0130,-0.0098,0.3619,1.0142,1.2428,buy
2024-01-09,592.9675,1271100,579.2207,594.4960,578.2311,0.0129,0.0039,-0.0288,-0.0035,0.0658,42.6348,0.0152,0.0123,-0.0082,0.4472,-0.2477,0.9323,buy
2024-01-10,596.4166,1292400,590.9492,600.9825,590.8512,0.0058,0.0313,-0.0244,0.0048,0.0672,42.9721,0.0154,0.0121,-0.0066,0.4869,0.0168,0.9594,hold
2024-01-11,596.4265,1315200,598.8368,603.2460,588.3919,0.0000,0.0389,-0.0310,0.0081,0.0626,46.1264,0.0151,0.0119,-0.0055,0.4719,0.0176,0.9740,buy
2024-01-12,599.4539,802400,599.6499,601.5997,593.8494,0.0051,0.0402,-0.0244,0.0158,0.0637,44.5838,0.0153,0.0119,-0.0043,0.5285,-0.3899,0.6125,sell
2024-01-16,591.6447,1433100,595.4856,600.5905,589.0873,-0.0130,0.0106,-0.0325,0.0059,0.0456,38.1019,0.0157,0.0109,-0.0044,0.3718,0.7860,1.1424,sell
2024-01-17,587.7354,1540000,588.4408,589.6950,581.3175,-0.0066,-0.0088,-0.0050,-0.0002,0.0351,35.7273,0.0115,0.0094,-0.0048,0.3055,0.0746,1.3292,buy
2024-01-18,599.0228,1147700,591.2234,599.7674,589.6557,0.0192,0.0044,0.0358,0.0154,0.0509,40.8200,0.0105,0.0095,-0.0036,0.5300,-0.2547,1.0076,buy
2024-01-19,609.6245,1334400,602.4718,611.5547,598.6406,0.0177,0.0221,0.0619,0.0272,0.0650,47.5837,0.0106,0.0107,-0.0017,0.7339,0.1627,1.1672,buy
2024-01-22,617.8844,954400,613.9063,619.6775,613.3674,0.0135,0.0307,0.0722,0.0338,0.0751,53.0540,0.0109,0.0127,0.0003,0.8583,-0.2848,0.8567,buy
2024-01-23,622.9893,853500,617.8648,623.8417,611.5450,0.0083,0.0530,0.0642,0.0359,0.0798,68.1708,0.0104,0.0147,0.0020,0.9091,-0.1057,0.7712,hold
2024-01-24,623.3420,1017300,628.7996,631.7194,621.9898,0.0006,0.0606,0.0512,0.0312,0.0759,79.2632,0.0103,0.0162,0.0028,0.8836,0.1919,0.9111,buy
2024-01-25,628.5447,1043400,636.3637,636.3637,624.2140,0.0083,0.0493,0.0539,0.0344,0.0807,84.9509,0.0103,0.0177,0.0036,0.9232,0.0257,0.9178,hold
2024-01-26,628.4174,770900,629.8283,633.1597,626.8007,-0.0002,0.0308,0.0536,0.0287,0.0765,84.3811,0.0103,0.0188,0.0037,0.8915,-0.2612,0.6770,buy
2024-01-29,639.7049,869200,630.0243,640.8219,629.1327,0.0180,0.0353,0.0671,0.0404,0.0923,84.8078,0.0111,0.0205,0.0045,0.9847,0.1275,0.7571,sell
2024-01-30,634.6491,1114600,634.8157,638.9800,633.0912,-0.0079,0.0187,0.0727,0.0250,0.0803,77.6092,0.0102,0.0214,0.0043,0.8794,0.2823,0.9546,sell
2024-01-31,618.5900,1208500,628.8781,629.5640,613.5733,-0.0253,-0.0076,0.0525,-0.0059,0.0503,62.5849,0.0140,0.0202,0.0021,0.6654,0.0842,1.0558,hold
2024-02-01,620.0891,1034100,618.7761,622.0683,610.6240,0.0024,-0.0135,0.0352,-0.0069,0.0503,63.2069,0.0131,0.0188,0.0006,0.6643,-0.1443,0.9197,buy
2024-02-02,626.6734,1287300,615.5426,629.5639,615.5426,0.0106,-0.0028,0.0280,0.0009,0.0588,64.6119,0.0124,0.0182,0.0001,0.7282,0.2449,1.1283,hold
2024-02-05,627.6727,1007900,625.7915,628.9073,616.5812,0.0016,-0.0188,0.0158,0.0010,0.0577,70.8661,0.0118,0.0177,-0.0003,0.7237,-0.2170,0.8769,sell
2024-02-06,622.4797,908600,631.5823,632.8168,618.2175,-0.0083,-0.0192,-0.0008,-0.0072,0.0464,69.8279,0.0119,0.0166,-0.0012,0.6290,-0.0985,0.8183,buy
2024-02-07,630.1909,970400,627.6139,636.2070,624.1258,0.0124,0.0188,0.0110,0.0040,0.0566,68.5439,0.0126,0.0163,-0.0011,0.7266,0.0680,0.8860,buy
2024-02-08,639.8912,1005700,633.3852,641.0375,630.1909,0.0154,0.0319,0.0181,0.0176,0.0696,68.2028,0.0132,0.0170,-0.0001,0.8443,0.0364,0.9304,buy
2024-02-09,644.8784,1005100,644.2612,649.4542,641.4785,0.0078,0.0291,0.0262,0.0228,0.0747,66.8999,0.0133,0.0180,0.0008,0.8804,-0.0006,0.9434,hold
2024-02-12,643.7321,1279100,642.4877,646.4069,638.7350,-0.0018,0.0256,0.0063,0.0204,0.0699,63.6635,0.0122,0.0185,0.0011,0.8282,0.2726,1.1743,sell
2024-02-13,625.4094,1785100,621.7254,633.3558,616.0130,-0.0285,0.0047,-0.0146,-0.0072,0.0372,51.1012,0.0152,0.0170,-0.0008,0.5148,0.3956,1.6128,buy
2024-02-14,643.8693,1285400,630.0147,644.3788,630.0147,0.0295,0.0217,0.0409,0.0180,0.0649,57.1521,0.0155,0.0170,-0.0002,0.8509,-0.2799,1.1748,buy
2024-02-15,650.8750,1438000,649.2876,651.4139,643.7419,0.0109,0.0172,0.0496,0.0241,0.0732,59.8489,0.0156,0.0178,0.0007,0.9818,0.1187,1.2971,sell
2024-02-16,642.5073,1336800,649.5817,649.6208,637.9806,-0.0129,-0.0037,0.0253,0.0084,0.0565,51.2613,0.0164,0.0176,0.0002,0.7706,-0.0704,1.2057,sell
2024-02-20,632.8757,1470600,637.5789,642.2134,628.1138,-0.0150,-0.0169,0.0083,-0.0075,0.0380,49.2334,0.0173,0.0162,-0.0012,0.5133,0.1001,1.2962,sell
2024-02-21,625.3898,1144700,627.5748,630.8474,617.7962,-0.0118,-0.0000,0.0047,-0.0197,0.0235,53.1747,0.0176,0.0138,-0.0030,0.3115,-0.2216,0.9961,buy
2024-02-22,644.6432,1975600,636.9615,646.0738,636.4128,0.0308,0.0012,0.0229,0.0082,0.0521,59.8336,0.0198,0.0137,-0.0021,0.7908,0.7259,1.6504,hold
2024-02-23,646.4951,1740400,639.5873,654.7549,633.1107,0.0029,-0.0067,0.0103,0.0100,0.0526,58.2510,0.0193,0.0140,-0.0014,0.8049,-0.1191,1.4128,buy
2024-02-26,650.4438,1579400,645.7407,654.8040,638.3137,0.0061,0.0124,0.0086,0.0153,0.0567,59.2516,0.0192,0.0145,-0.0007,0.8586,-0.0925,1.2413,buy
2024-02-27,655.8525,1059200,651.5805,657.1948,647.9846,0.0083,0.0363,0.0188,0.0218,0.0635,63.5352,0.0193,0.0153,0.0002,0.9309,-0.3294,0.8263,sell
2024-02-28,645.8582,1059700,648.5430,652.2956,643.0168,-0.0152,0.0327,0.0327,0.0031,0.0453,56.2388,0.0173,0.0149,-0.0004,0.6944,0.0005,0.8285,buy
2024-02-29,649.5130,1934100,648.1707,654.0986,646.6813,0.0057,0.0076,0.0088,0.0079,0.0494,54.0252,0.0148,0.0146,-0.0005,0.7518,0.8251,1.4704,buy
2024-03-01,653.0698,1003900,645.7505,653.6478,642.9776,0.0055,0.0102,0.0034,0.0130,0.0535,53.4683,0.0145,0.0146,-0.0003,0.8076,-0.4809,0.7641,hold
2024-03-04,654.9214,896700,650.9336,657.4690,647.2691,0.0028,0.0069,0.0193,0.0140,0.0549,54.7096,0.0137,0.0146,-0.0001,0.8181,-0.1068,0.6928,sell
2024-03-05,626.8204,1382000,651.2473,652.0900,618.8544,-0.0429,-0.0443,-0.0096,-0.0286,0.0088,50.5487,0.0193,0.0116,-0.0030,0.1537,0.5412,1.0525,buy
2024-03-06,637.1573,1070900,632.7384,637.8432,627.3787,0.0165,-0.0135,0.0188,-0.0144,0.0245,47.2138,0.0195,0.0098,-0.0037,0.3691,-0.2251,0.8106,hold
2024-03-07,636.2365,903200,642.7620,643.7418,633.5125,-0.0014,-0.0204,-0.0130,-0.0146,0.0221,43.6000,0.0167,0.0083,-0.0042,0.3322,-0.1566,0.6854,hold
2024-03-08,638.5782,1054500,631.1512,643.9378,628.9270,0.0037,-0.0222,-0.0122,-0.0097,0.0250,48.1866,0.0168,0.0073,-0.0041,0.3967,0.1675,0.7987,hold
2024-03-11,637.7355,1045700,636.0502,639.9792,625.7229,-0.0013,-0.0262,-0.0195,-0.0091,0.0229,52.4409,0.0166,0.0063,-0.0041,0.3843,-0.0083,0.7908,buy
2024-03-12,649.2680,1097300,642.4974,653.0109,634.5609,0.0181,0.0358,-0.0100,0.0099,0.0403,61.5247,0.0175,0.0068,-0.0027,0.6803,0.0493,0.8356,sell
2024-03-13,641.8508,954900,646.6813,648.2000,640.4889,-0.0114,0.0074,-0.0062,-0.0010,0.0274,48.4784,0.0172,0.0064,-0.0026,0.4612,-0.1298,0.7509,sell
2024-03-14,636.9223,1129100,646.6813,646.6813,632.5327,-0.0077,0.0011,-0.0194,-0.0068,0.0180,44.9530,0.0172,0.0053,-0.0030,0.3315,0.1824,0.8934,sell
2024-03-15,612.8971,3145800,632.4641,635.9033,608.5075,-0.0377,-0.0402,-0.0615,-0.0382,-0.0215,33.6630,0.0203,0.0014,-0.0058,-0.1472,1.7861,2.3316,buy
2024-03-18,617.6689,1811000,617.4729,623.9005,616.2677,0.0078,-0.0315,-0.0569,-0.0250,-0.0152,33.2933,0.0206,-0.0011,-0.0066,0.0412,-0.4243,1.3191,buy
2024-03-19,621.7449,1675700,618.7564,622.5190,612.9657,0.0066,-0.0424,-0.0081,-0.0178,-0.0102,38.8733,0.0161,-0.0026,-0.0064,0.1542,-0.0747,1.2115,buy
2024-03-20,626.7420,1335500,622.3720,629.2209,620.5299,0.0080,-0.0235,-0.0163,-0.0083,-0.0035,39.6213,0.0153,-0.0031,-0.0055,0.2507,-0.2030,0.9589,buy
2024-03-21,638.1472,1347500,630.5242,645.8192,627.5749,0.0182,0.0019,0.0030,0.0095,0.0131,43.6526,0.0165,-0.0019,-0.0034,0.4850,0.0090,0.9898,sell
2024-03-22,630.7495,838600,636.3736,637.4613,626.5166,-0.0116,0.0291,-0.0123,-0.0010,0.0003,40.1815,0.0169,-0.0020,-0.0028,0.3521,-0.3777,0.6371,sell
2024-03-25,626.1932,1020900,624.7137,629.0151,619.1679,-0.0072,0.0138,-0.0181,-0.0064,-0.0079,49.6850,0.0170,-0.0026,-0.0028,0.2834,0.2174,0.7924,hold
2024-03-26,627.1339,1002100,629.2013,631.1119,626.0659,0.0015,0.0087,-0.0341,-0.0014,-0.0072,44.4409,0.0156,-0.0029,-0.0025,0.3219,-0.0184,0.7796,buy
2024-03-27,635.6484,1119700,632.7874,636.8536,627.5649,0.0136,0.0142,-0.0097,0.0132,0.0048,49.6992,0.0162,-0.0020,-0.0013,0.5153,0.1174,0.8690,hold
2024-03-28,636.8831,1163200,637.7747,641.7822,634.6588,0.0019,-0.0020,-0.0001,0.0151,0.0052,49.1230,0.0160,-0.0012,-0.0003,0.5587,0.0388,0.9306,sell
2024-04-01,626.9282,697000,639.9500,641.1944,623.0481,-0.0156,-0.0061,0.0229,-0.0030,-0.0114,44.8903,0.0109,-0.0018,-0.0007,0.3493,-0.4008,0.5646,sell
2024-04-02,613.9455,2119200,617.7178,617.7178,609.7322,-0.0207,-0.0196,-0.0060,-0.0230,-0.0320,33.5253,0.0129,-0.0039,-0.0023,0.0547,2.0405,1.6356,sell
2024-04-03,610.4279,1566500,613.9454,620.0889,608.9091,-0.0057,-0.0266,-0.0182,-0.0269,-0.0373,34.7908,0.0127,-0.0060,-0.0035,0.0340,-0.2608,1.2005,hold
2024-04-04,608.7427,1293300,620.9905,624.2043,607.8119,-0.0028,-0.0423,-0.0287,-0.0268,-0.0395,35.9186,0.0122,-0.0079,-0.0043,0.0640,-0.1744,0.9827,buy
2024-04-05,622.9108,1619800,610.9178,624.3903,609.0071,0.0233,-0.0219,-0.0239,-0.0017,-0.0171,55.5507,0.0132,-0.0071,-0.0029,0.3870,0.2525,1.1982,buy
2024-04-08,632.2584,1016600,626.2717,634.3258,624.2239,0.0150,0.0085,0.0024,0.0131,-0.0025,57.6967,0.0138,-0.0054,-0.0010,0.6012,-0.3724,0.7531,hold
2024-04-09,631.9738,847600,637.7726,638.1847,624.3500,-0.0005,0.0294,0.0092,0.0117,-0.0031,55.6211,0.0136,-0.0040,0.0003,0.6031,-0.1662,0.6325,sell
2024-04-10,616.5397,962100,618.8749,623.3295,614.7637,-0.0244,0.0100,-0.0169,-0.0114,-0.0267,44.9704,0.0158,-0.0050,-0.0005,0.2664,0.1351,0.7216,hold
2024-04-11,615.9019,1612700,619.0613,621.7890,612.0949,-0.0010,0.0118,-0.0311,-0.0092,-0.0271,37.7310,0.0149,-0.0057,-0.0009,0.2710,0.6762,1.1804,sell
2024-04-12,609.4261,1454600,606.8554,614.4498,604.5006,-0.0105,-0.0216,-0.0431,-0.0153,-0.0371,38.1186,0.0149,-0.0072,-0.0018,0.1392,-0.0980,1.0522,sell
2024-04-15,600.6052,1065800,617.4424,618.1488,599.0058,-0.0145,-0.0501,-0.0420,-0.0254,-0.0504,36.3892,0.0148,-0.0094,-0.0032,-0.0199,-0.2673,0.8337,hold
2024-04-16,599.9870,1264800,602.1064,606.9240,599.4277,-0.0010,-0.0506,-0.0227,-0.0242,-0.0506,35.5103,0.0137,-0.0111,-0.0039,0.0354,0.1867,1.0109,hold
2024-04-17,601.6747,1117400,603.8137,606.1784,600.3305,0.0028,-0.0241,-0.0143,-0.0201,-0.0472,30.4411,0.0137,-0.0120,-0.0039,0.1201,-0.1165,0.9135,sell
2024-04-18,596.9355,790900,605.2855,605.2855,594.8751,-0.0079,-0.0308,-0.0194,-0.0259,-0.0539,27.8940,0.0138,-0.0134,-0.0041,0.0872,-0.2922,0.6613,sell
2024-04-19,593.7859,1608900,597.6714,599.6927,586.7606,-0.0053,-0.0257,-0.0468,-0.0264,-0.0578,30.1660,0.0106,-0.0147,-0.0043,0.0810,1.0343,1.3307,buy
2024-04-22,598.2994,1056800,597.0140,602.5185,589.5962,0.0076,-0.0038,-0.0537,-0.0135,-0.0494,39.5804,0.0093,-0.0148,-0.0036,0.1964,-0.3432,0.8662,buy
2024-04-23,619.0122,1461900,603.5487,620.9255,600.5561,0.0346,0.0317,-0.0205,0.0228,-0.0157,54.6515,0.0158,-0.0116,-0.0006,0.5736,0.3833,1.1770,buy
2024-04-24,623.5356,1378200,611.7711,630.0310,610.8488,0.0073,0.0363,0.0113,0.0291,-0.0078,57.7764,0.0138,-0.0087,0.0017,0.6604,-0.0573,1.0931,sell
2024-04-25,614.6068,1243000,618.7964,620.9158,608.1309,-0.0143,0.0296,-0.0021,0.0146,-0.0217,45.3802,0.0147,-0.0077,0.0023,0.5174,-0.0981,0.9810,buy
2024-04-26,624.5757,1192500,615.2740,628.0884,614.8031,0.0162,0.0519,0.0249,0.0284,-0.0052,45.7552,0.0150,-0.0053,0.0036,0.7424,-0.0406,0.9401,hold
2024-04-29,626.3810,886500,625.3409,632.8568,622.4464,0.0029,0.0469,0.0429,0.0271,-0.0016,46.9610,0.0137,-0.0033,0.0045,0.7819,-0.2566,0.6937,sell
2024-04-30,613.8513,1309700,625.0270,625.9199,613.4686,-0.0200,-0.0083,0.0231,0.0042,-0.0207,48.4915,0.0157,-0.0033,0.0037,0.5165,0.4774,1.0584,sell
2024-05-01,603.6272,1199100,613.3704,617.8151,598.5642,-0.0167,-0.0319,0.0032,-0.0128,-0.0361,43.7817,0.0168,-0.0046,0.0020,0.3100,-0.0844,0.9836,hold
2024-05-02,602.4891,1103500,605.4523,609.1808,595.8661,-0.0019,-0.0197,0.0093,-0.0156,-0.0372,46.2848,0.0166,-0.0057,0.0007,0.2960,-0.0797,0.9123,buy
2024-05-03,617.4326,1109500,612.0458,619.5127,610.4465,0.0248,-0.0114,0.0398,0.0050,-0.0124,58.4574,0.0180,-0.0044,0.0015,0.6104,0.0054,0.9370,buy
2024-05-06,622.7015,802900,620.3761,623.0548,615.7743,0.0085,-0.0059,0.0408,0.0095,-0.0032,60.9064,0.0180,-0.0028,0.0025,0.7440,-0.2763,0.6842,buy
2024-05-07,629.0892,757700,623.1432,629.5405,619.4342,0.0103,0.0248,0.0163,0.0182,0.0077,62.5947,0.0148,-0.0006,0.0037,0.8975,-0.0563,0.6482,sell
2024-05-08,620.5331,889800,629.0891,629.3638,617.6877,-0.0136,0.0280,-0.0048,0.0049,-0.0049,60.4738,0.0154,-0.0001,0.0034,0.6970,0.1743,0.7636,sell
2024-05-09,615.0679,1292700,620.5332,621.9559,612.4678,-0.0088,0.0209,0.0008,-0.0041,-0.0127,59.2558,0.0149,-0.0003,0.0026,0.5758,0.4528,1.1248,buy
2024-05-10,620.4153,917400,616.7751,625.8806,616.1962,0.0087,0.0048,-0.0067,0.0053,-0.0032,59.5492,0.0142,0.0002,0.0024,0.6808,-0.2903,0.8173,sell
2024-05-13,615.3916,916200,626.1650,626.1650,614.0964,-0.0081,-0.0117,-0.0175,-0.0011,-0.0101,48.1917,0.0143,-0.0001,0.0017,0.5551,-0.0013,0.8217,buy
2024-05-14,623.4669,879700,612.9584,625.4686,611.4375,0.0131,-0.0089,0.0157,0.0104,0.0039,49.9669,0.0134,0.0007,0.0020,0.7161,-0.0398,0.8029,buy
2024-05-15,642.8061,1082800,631.7874,644.5428,629.9231,0.0310,0.0359,0.0649,0.0352,0.0346,62.3602,0.0146,0.0037,0.0040,1.0486,0.2309,0.9898,hold
2024-05-16,641.0792,957200,642.3743,645.9066,639.5682,-0.0027,0.0423,0.0641,0.0261,0.0316,57.7971,0.0147,0.0059,0.0049,0.9554,-0.1160,0.8684,buy
2024-05-17,648.7423,774700,642.9239,649.3016,642.4038,0.0120,0.0457,0.0507,0.0331,0.0436,60.0105,0.0134,0.0083,0.0059,1.0394,-0.1907,0.7304,buy
2024-05-20,657.5435,931500,647.4667,658.8583,647.0644,0.0136,0.0685,0.0560,0.0414,0.0571,70.2353,0.0136,0.0111,0.0070,1.0962,0.2024,0.8835,hold
2024-05-21,655.2574,1092000,657.9851,657.9851,652.6180,-0.0035,0.0510,0.0416,0.0335,0.0528,75.8093,0.0138,0.0131,0.0071,0.9707,0.1723,1.0542,hold
2024-05-22,657.6613,987000,657.7692,660.9581,653.6679,0.0037,0.0231,0.0598,0.0312,0.0564,77.2352,0.0123,0.0146,0.0070,0.9391,-0.0962,0.9712,sell
2024-05-23,649.8020,1886200,662.3023,663.8919,647.0939,-0.0120,0.0136,0.0565,0.0134,0.0435,67.1805,0.0128,0.0150,0.0058,0.7917,0.9110,1.7991,sell
2024-05-24,595.5717,4252600,609.3181,612.2617,589.1939,-0.0835,-0.0820,-0.0400,-0.0676,-0.0423,40.5250,0.0308,0.0090,-0.0008,0.0750,1.2546,3.5396,sell
2024-05-28,588.7327,2640000,593.2069,593.7171,581.0010,-0.0115,-0.1046,-0.0433,-0.0744,-0.0526,35.9500,0.0309,0.0023,-0.0061,0.0550,-0.3792,2.0479,hold
2024-05-29,587.0256,1892800,582.0411,599.8006,582.0411,-0.0029,-0.1041,-0.0584,-0.0718,-0.0544,37.7502,0.0303,-0.0034,-0.0094,0.0828,-0.2830,1.4358,sell
2024-05-30,552.3797,3409600,577.3902,577.3902,550.3585,-0.0590,-0.1601,-0.1407,-0.1139,-0.1082,31.1122,0.0316,-0.0132,-0.0157,-0.1347,0.8014,2.3864,buy
2024-05-31,565.5964,3136200,551.1828,566.5482,546.8066,0.0239,-0.1296,-0.1177,-0.0816,-0.0851,34.2309,0.0337,-0.0183,-0.0166,0.0440,-0.0802,2.0492,sell
2024-06-03,556.5498,1566900,564.7820,565.6749,552.0265,-0.0160,-0.0655,-0.1421,-0.0825,-0.0973,33.4566,0.0327,-0.0239,-0.0178,0.0430,-0.5004,1.0088,hold
2024-06-04,561.2987,1171900,557.6879,563.5456,553.0960,0.0085,-0.0466,-0.1464,-0.0598,-0.0876,32.1882,0.0322,-0.0270,-0.0167,0.1270,-0.2521,0.7456,hold
2024-06-05,563.4672,1595800,561.1222,564.0265,549.9857,0.0039,-0.0401,-0.1401,-0.0414,-0.0822,24.7880,0.0326,-0.0288,-0.0148,0.1794,0.3617,0.9889,hold
2024-06-06,561.8776,1448700,562.9471,564.7721,559.2873,-0.0028,0.0172,-0.1456,-0.0283,-0.0828,24.8097,0.0323,-0.0302,-0.0130,0.2006,-0.0922,0.8825,hold
2024-06-07,563.1042,1048600,561.8973,565.4492,555.8041,0.0022,-0.0044,-0.1334,-0.0113,-0.0786,21.5997,0.0327,-0.0307,-0.0108,0.2339,-0.2762,0.6436,sell
2024-06-10,556.5695,1567000,558.7183,561.9464,555.1272,-0.0116,0.0000,-0.0655,-0.0161,-0.0869,16.0028,0.0218,-0.0321,-0.0096,0.2218,0.4944,0.9429,hold
2024-06-11,556.0397,1571000,554.3717,558.7085,551.9874,-0.0010,-0.0094,-0.0555,-0.0113,-0.0857,16.1943,0.0217,-0.0327,-0.0081,0.2437,0.0026,0.9271,buy
2024-06-12,581.0796,2591800,569.0895,591.3330,567.7649,0.0450,0.0313,-0.0101,0.0343,-0.0435,27.3939,0.0270,-0.0279,-0.0035,0.4044,0.6498,1.4559,hold
2024-06-13,583.4343,2132100,583.3461,589.1154,575.0060,0.0041,0.0384,0.0562,0.0328,-0.0387,29.7509,0.0176,-0.0245,-0.0001,0.4341,-0.1774,1.1634,hold
2024-06-14,584.4941,1070500,587.1434,588.6936,583.4050,0.0018,0.0380,0.0334,0.0312,-0.0362,44.9970,0.0164,-0.0214,0.0023,0.4564,-0.4979,0.5823,buy
2024-06-17,591.1859,1248700,578.7444,593.2562,575.2220,0.0114,0.0622,0.0622,0.0367,-0.0242,51.1094,0.0150,-0.0177,0.0046,0.5188,0.1665,0.6706,buy
2024-06-18,598.2111,1375900,592.3730,598.9666,590.5774,0.0119,0.0758,0.0658,0.0423,-0.0114,54.8264,0.0151,-0.0137,0.0067,0.5965,0.1019,0.7302,buy
2024-06-20,604.4908,1840000,599.0059,606.0410,596.8571,0.0105,0.0403,0.0728,0.0457,-0.0002,79.7735,0.0152,-0.0096,0.0084,0.6854,0.3373,0.9575,buy
2024-06-21,620.2584,3682500,614.0671,622.2208,606.9142,0.0261,0.0631,0.1039,0.0623,0.0258,80.3464,0.0158,-0.0042,0.0107,0.8931,1.0014,1.7907,sell
2024-06-24,612.1439,1606000,618.8552,621.7988,610.7506,-0.0131,0.0473,0.0871,0.0397,0.0125,81.1867,0.0173,-0.0012,0.0111,0.9022,-0.5639,0.7863,buy
2024-06-25,618.6099,1271900,617.3344,618.6884,612.6443,0.0106,0.0464,0.1115,0.0397,0.0229,81.5423,0.0158,0.0021,0.0114,0.9340,-0.2080,0.6718,buy
2024-06-26,625.4881,1169600,616.1864,626.6361,612.7425,0.0111,0.0456,0.1249,0.0391,0.0334,82.4520,0.0152,0.0054,0.0117,0.9473,-0.0804,0.6427,buy
2024-06-27,639.1856,1478000,627.0581,644.7980,623.5553,0.0219,0.0574,0.1000,0.0517,0.0547,85.9018,0.0108,0.0095,0.0125,0.9970,0.2637,0.8215,buy
2024-06-28,644.8469,1754000,639.7349,650.0472,635.7905,0.0089,0.0396,0.1053,0.0504,0.0625,86.4595,0.0106,0.0133,0.0130,0.9724,0.1867,1.0219,sell
2024-07-01,638.5281,1195000,640.2354,640.8437,630.3940,-0.0098,0.0431,0.0924,0.0311,0.0506,86.6264,0.0121,0.0156,0.0122,0.8700,-0.3187,0.7380,buy
2024-07-02,643.8756,951100,638.7538,644.6410,637.4685,0.0084,0.0408,0.0891,0.0309,0.0577,87.6324,0.0121,0.0176,0.0114,0.8691,-0.2041,0.5987,buy
2024-07-03,647.4865,931900,639.0188,649.9786,638.3123,0.0056,0.0352,0.0824,0.0286,0.0619,84.8507,0.0121,0.0194,0.0106,0.8558,-0.0202,0.5911,buy
2024-07-05,656.1699,1517100,642.6786,661.6548,641.0694,0.0134,0.0266,0.0855,0.0339,0.0749,85.7943,0.0122,0.0214,0.0102,0.8771,0.6280,0.9647,sell
2024-07-08,647.1725,1022500,648.1537,650.6165,643.6009,-0.0137,0.0036,0.0434,0.0154,0.0593,78.6099,0.0122,0.0222,0.0087,0.7814,-0.3260,0.6591,sell
2024-07-09,638.1847,861300,647.1724,647.5845,636.8798,-0.0139,-0.0005,0.0425,-0.0028,0.0438,71.0124,0.0123,0.0215,0.0062,0.6920,-0.1577,0.5586,sell
2024-07-10,621.7960,1962600,625.5787,625.5787,611.7838,-0.0257,-0.0343,0.0052,-0.0289,0.0171,59.7298,0.0153,0.0189,0.0026,0.5373,1.2786,1.2567,sell
2024-07-11,618.4257,1234600,627.4455,631.9455,616.2739,-0.0054,-0.0449,-0.0113,-0.0331,0.0118,55.8901,0.0149,0.0159,-0.0004,0.4756,-0.3709,0.7992,buy
2024-07-12,630.7468,1044900,620.6168,634.8244,618.6123,0.0199,-0.0387,-0.0132,-0.0125,0.0314,54.5664,0.0146,0.0146,-0.0012,0.5854,-0.1537,0.7120,buy
2024-07-15,646.6935,1043700,629.8527,647.0472,629.0077,0.0253,-0.0007,0.0029,0.0122,0.0560,64.0817,0.0166,0.0152,-0.0001,0.7481,-0.0011,0.7386,buy
2024-07-16,654.5245,988700,648.4818,656.9710,644.0898,0.0121,0.0256,0.0251,0.0219,0.0670,64.4769,0.0166,0.0166,0.0012,0.8269,-0.0527,0.7017,sell
2024-07-17,647.4109,1156300,651.4983,654.6916,646.5757,-0.0109,0.0412,0.0055,0.0102,0.0543,58.8202,0.0169,0.0170,0.0011,0.7183,0.1695,0.8234,sell
2024-07-18,626.3450,1383900,650.1128,650.1128,621.6583,-0.0325,0.0128,-0.0327,-0.0194,0.0199,45.1230,0.0198,0.0148,-0.0013,0.3692,0.1968,0.9851,hold
2024-07-19,625.4509,1056400,627.6322,629.2731,621.3636,-0.0014,-0.0084,-0.0468,-0.0161,0.0186,42.3564,0.0189,0.0124,-0.0030,0.3177,-0.2367,0.7736,buy
2024-07-22,633.2720,1473500,632.3778,634.7065,624.8122,0.0125,-0.0208,-0.0215,-0.0016,0.0309,47.9529,0.0193,0.0112,-0.0032,0.4505,0.3948,1.1740,sell
2024-07-23,625.9814,1193600,632.4466,636.9467,625.4999,-0.0115,-0.0436,-0.0191,-0.0112,0.0187,43.1346,0.0192,0.0095,-0.0041,0.2780,-0.1900,0.9668,sell
2024-07-24,609.4157,1590200,618.8285,625.9422,608.2956,-0.0265,-0.0587,-0.0199,-0.0355,-0.0079,36.7143,0.0193,0.0059,-0.0064,-0.0229,0.3323,1.2717,buy
2024-07-25,615.3895,1241000,618.8776,629.9312,609.4451,0.0098,-0.0175,-0.0049,-0.0255,0.0018,35.4944,0.0196,0.0036,-0.0068,0.1228,-0.2196,0.9896,buy
2024-07-26,622.3068,987100,621.5600,632.2698,617.4334,0.0112,-0.0050,-0.0134,-0.0133,0.0131,41.0224,0.0187,0.0027,-0.0061,0.2729,-0.2046,0.8029,hold
2024-07-29,625.2544,1242200,626.3254,631.4248,618.6026,0.0047,-0.0127,-0.0332,-0.0052,0.0185,45.1187,0.0165,0.0023,-0.0052,0.3442,0.2584,1.0318,hold
2024-07-30,624.7042,1064200,628.8309,634.2152,618.5436,-0.0009,-0.0020,-0.0456,-0.0014,0.0181,51.2470,0.0157,0.0020,-0.0044,0.3478,-0.1433,0.8888,buy
2024-07-31,636.0526,1423900,640.6215,651.1053,630.7075,0.0182,0.0437,-0.0175,0.0186,0.0370,57.0742,0.0170,0.0031,-0.0026,0.5634,0.3380,1.1662,sell
2024-08-01,626.6888,1301200,635.7086,648.6881,619.0938,-0.0147,0.0184,0.0005,0.0036,0.0228,48.3318,0.0141,0.0028,-0.0024,0.4059,-0.0862,1.0498,sell
2024-08-02,613.0314,1788700,615.9987,615.9987,600.4254,-0.0218,-0.0149,-0.0199,-0.0163,0.0019,35.8966,0.0157,0.0007,-0.0036,0.1670,0.3747,1.4275,sell
2024-08-05,592.4470,1786900,597.6447,604.0411,586.7974,-0.0336,-0.0525,-0.0645,-0.0431,-0.0297,26.5025,0.0177,-0.0037,-0.0066,-0.1065,-0.0010,1.3839,buy
2024-08-06,601.6044,1339500,599.4822,611.2039,596.4264,0.0155,-0.0370,-0.0389,-0.0245,-0.0131,32.9256,0.0188,-0.0058,-0.0069,0.1096,-0.2504,1.0185,hold
2024-08-07,598.8140,1123400,612.0883,619.1233,597.4188,-0.0046,-0.0585,-0.0174,-0.0273,-0.0178,38.1191,0.0171,-0.0079,-0.0072,0.1107,-0.1613,0.8823,buy
2024-08-08,615.1931,1042400,604.7781,617.5708,603.0291,0.0274,-0.0183,-0.0003,-0.0007,0.0082,46.0951,0.0192,-0.0070,-0.0051,0.3698,-0.0721,0.8250,buy
2024-08-09,619.2018,802800,614.0926,623.7117,611.3415,0.0065,0.0101,-0.0050,0.0063,0.0137,44.4838,0.0189,-0.0059,-0.0031,0.4409,-0.2299,0.6415,hold
2024-08-12,616.4605,647000,618.2389,624.2030,613.9256,-0.0044,0.0405,-0.0141,0.0033,0.0071,46.1293,0.0189,-0.0053,-0.0020,0.4167,-0.1941,0.5253,buy
2024-08-13,634.5591,1040100,623.6135,637.2414,619.0152,0.0294,0.0548,0.0158,0.0311,0.0343,60.0962,0.0212,-0.0024,0.0006,0.7646,0.6076,0.8427,sell
2024-08-14,625.6277,1501200,616.3230,629.0568,614.0926,-0.0141,0.0448,-0.0164,0.0183,0.0175,54.0157,0.0209,-0.0013,0.0014,0.6323,0.4433,1.1996,buy
2024-08-15,640.7591,937100,634.1269,641.5648,632.9577,0.0242,0.0416,0.0225,0.0406,0.0394,56.7994,0.0218,0.0015,0.0033,0.9082,-0.3758,0.7624,hold
2024-08-16,642.1248,765800,641.2602,645.7308,639.5800,0.0021,0.0370,0.0475,0.0379,0.0389,56.2899,0.0200,0.0038,0.0045,0.8912,-0.1828,0.6305,buy
2024-08-19,651.7242,1217300,643.0778,653.1097,641.6237,0.0149,0.0572,0.1001,0.0434,0.0514,59.4372,0.0149,0.0066,0.0058,0.9986,0.5896,1.0129,buy
2024-08-20,655.6348,1110800,651.7242,658.0125,650.3290,0.0060,0.0332,0.0898,0.0407,0.0546,57.2142,0.0148,0.0092,0.0068,0.9815,-0.0875,0.9275,buy
2024-08-21,658.7887,1256100,658.0027,660.8029,653.3650,0.0048,0.0530,0.1002,0.0358,0.0562,62.3928,0.0142,0.0115,0.0073,0.9535,0.1308,1.0636,sell
2024-08-22,653.6794,1467700,661.2647,663.0039,651.5572,-0.0078,0.0202,0.0626,0.0216,0.0447,66.8020,0.0136,0.0127,0.0067,0.8411,0.1685,1.2310,sell
2024-08-23,609.0325,4113400,648.4819,648.4819,599.7475,-0.0683,-0.0515,-0.0164,-0.0467,-0.0275,55.7182,0.0272,0.0086,0.0017,0.2681,1.8026,3.0502,hold
2024-08-26,606.3502,1968100,612.1275,622.8865,604.9844,-0.0044,-0.0696,-0.0164,-0.0494,-0.0325,51.7127,0.0272,0.0042,-0.0022,0.2527,-0.5215,1.4211,buy
2024-08-27,615.3895,1477700,604.7387,617.4136,601.0148,0.0149,-0.0614,-0.0302,-0.0323,-0.0190,55.7237,0.0257,0.0018,-0.0036,0.3725,-0.2492,1.0513,sell
2024-08-28,606.2715,1035000,613.4245,616.9126,603.6874,-0.0148,-0.0797,-0.0309,-0.0437,-0.0340,46.7567,0.0258,-0.0012,-0.0053,0.2809,-0.2996,0.7467,buy
2024-08-29,611.9311,986600,611.7739,620.5186,610.3786,0.0093,-0.0639,-0.0450,-0.0304,-0.0254,47.3881,0.0244,-0.0028,-0.0055,0.3604,-0.0468,0.7199,buy
2024-08-30,619.2608,2069500,614.1123,620.1549,606.6252,0.0120,0.0168,-0.0356,-0.0152,-0.0142,50.9738,0.0249,-0.0031,-0.0046,0.4453,1.0976,1.4948,sell
2024-09-03,613.9059,1324700,621.5993,627.7304,610.1624,-0.0086,0.0125,-0.0580,-0.0178,-0.0226,42.1191,0.0241,-0.0040,-0.0044,0.3585,-0.3599,0.9731,hold
2024-09-04,612.2258,866900,610.1919,615.4486,606.7334,-0.0027,-0.0051,-0.0662,-0.0136,-0.0252,44.5864,0.0238,-0.0049,-0.0042,0.3250,-0.3456,0.6481,hold
2024-09-05,610.6342,773500,610.5163,612.0589,601.2410,-0.0026,0.0072,-0.0731,-0.0085,-0.0275,36.3368,0.0235,-0.0057,-0.0041,0.2878,-0.1077,0.5859,sell
2024-09-06,604.3851,999700,614.0927,615.1833,601.1328,-0.0102,-0.0123,-0.0754,-0.0107,-0.0368,33.6092,0.0235,-0.0072,-0.0044,0.2164,0.2924,0.7585,buy
2024-09-09,616.0479,1005800,610.6438,617.7673,606.2322,0.0193,-0.0052,0.0115,0.0072,-0.0175,34.7782,0.0118,-0.0065,-0.0031,0.3764,0.0061,0.7573,buy
2024-09-10,622.5622,1022200,619.6047,622.6899,610.0249,0.0106,0.0141,0.0267,0.0152,-0.0064,36.1958,0.0119,-0.0052,-0.0014,0.4597,0.0163,0.7589,buy
2024-09-11,632.6825,1327000,620.6659,634.4806,603.2356,0.0163,0.0334,0.0281,0.0288,0.0099,39.7024,0.0121,-0.0028,0.0008,0.5980,0.2982,0.9748,buy
2024-09-12,635.0897,1178500,632.4957,635.6006,627.1998,0.0038,0.0400,0.0475,0.0279,0.0140,42.5075,0.0104,-0.0006,0.0023,0.6234,-0.1119,0.8761,buy
2024-09-13,643.8737,1226500,631.6803,649.3662,630.1770,0.0138,0.0653,0.0522,0.0367,0.0282,69.7527,0.0107,0.0022,0.0041,0.7377,0.0407,0.9021,sell
2024-09-16,634.9717,939700,643.8048,644.5614,632.2009,-0.0138,0.0307,0.0254,0.0198,0.0147,65.1577,0.0119,0.0033,0.0041,0.6253,-0.2338,0.6867,hold
2024-09-17,633.5667,934600,638.6563,638.6563,632.9674,-0.0022,0.0177,0.0320,0.0143,0.0128,60.4733,0.0114,0.0039,0.0038,0.6248,-0.0054,0.6901,sell
2024-09-18,622.0218,1000200,631.7097,634.8539,621.0687,-0.0182,-0.0169,0.0160,-0.0057,-0.0051,58.8281,0.0132,0.0029,0.0023,0.4826,0.0702,0.7416,buy
2024-09-19,642.8223,1567400,639.6978,649.0812,634.7851,0.0334,0.0122,0.0527,0.0223,0.0275,64.8022,0.0164,0.0046,0.0032,0.8552,0.5671,1.1489,sell
2024-09-20,633.7338,2961000,633.1148,639.8649,627.6322,-0.0141,-0.0157,0.0486,0.0032,0.0125,56.8201,0.0169,0.0048,0.0027,0.7435,0.8891,2.0578,hold
2024-09-23,630.7665,1069400,638.1651,638.1651,628.3494,-0.0047,-0.0066,0.0239,-0.0039,0.0077,58.1281,0.0163,0.0046,0.0020,0.6662,-0.6388,0.8311,sell
2024-09-24,627.0623,1454600,629.7742,632.7316,624.4291,-0.0059,-0.0103,0.0072,-0.0104,0.0024,57.0155,0.0162,0.0039,0.0010,0.5751,0.3602,1.1535,sell
2024-09-25,623.6626,1414600,623.8100,631.9651,621.3045,-0.0054,0.0026,-0.0143,-0.0144,-0.0020,56.0569,0.0153,0.0028,-0.0000,0.4955,-0.0275,1.1246,hold
2024-09-26,625.7162,1084500,633.7437,634.6476,622.8079,0.0033,-0.0266,-0.0148,-0.0097,0.0020,60.3194,0.0153,0.0022,-0.0005,0.5196,-0.2334,0.8605,sell
2024-09-27,608.2269,1425200,625.7162,627.3472,607.5391,-0.0280,-0.0402,-0.0554,-0.0319,-0.0255,46.4183,0.0164,-0.0005,-0.0027,0.1381,0.3142,1.1115,hold
2024-09-30,610.1624,1361500,607.4113,612.8153,605.4462,0.0032,-0.0327,-0.0391,-0.0249,-0.0219,44.0729,0.0163,-0.0024,-0.0037,0.2013,-0.0447,1.0919,sell
2024-10-01,595.6993,1869100,607.2344,607.8043,593.3117,-0.0237,-0.0500,-0.0598,-0.0423,-0.0439,33.0267,0.0174,-0.0059,-0.0058,-0.0223,0.3728,1.4670,hold
2024-10-02,596.6819,1164600,596.7998,601.9385,593.7146,0.0016,-0.0433,-0.0407,-0.0368,-0.0415,32.1393,0.0170,-0.0084,-0.0066,0.0485,-0.3769,0.9035,sell
2024-10-03,593.2724,1289800,590.8160,596.4067,589.4208,-0.0057,-0.0519,-0.0771,-0.0345,-0.0464,25.2309,0.0108,-0.0108,-0.0072,0.0434,0.1075,0.9810,buy
2024-10-04,600.0126,1220200,597.5858,603.6186,594.5595,0.0114,-0.0135,-0.0532,-0.0182,-0.0351,32.5177,0.0121,-0.0115,-0.0063,0.1616,-0.0540,0.9203,sell
2024-10-07,591.9165,1711200,596.4363,599.8850,590.2265,-0.0135,-0.0299,-0.0616,-0.0252,-0.0472,30.4780,0.0124,-0.0132,-0.0064,0.0867,0.4024,1.2572,buy
2024-10-08,602.6656,1201900,597.3992,603.8250,593.2823,0.0182,0.0117,-0.0389,-0.0035,-0.0292,40.8594,0.0146,-0.0127,-0.0047,0.2641,-0.2976,0.8773,buy
2024-10-09,610.7617,1183600,604.2671,611.1154,600.9362,0.0134,0.0236,-0.0207,0.0120,-0.0157,32.7955,0.0156,-0.0110,-0.0026,0.3938,-0.0152,0.8684,hold
2024-10-10,609.5120,1127800,608.2325,611.6674,606.2641,-0.0020,0.0274,-0.0259,0.0127,-0.0169,35.8080,0.0155,-0.0099,-0.0012,0.3918,-0.0471,0.8290,hold
2024-10-11,606.9332,1275700,609.3937,612.5136,604.0298,-0.0042,0.0115,-0.0021,0.0086,-0.0204,35.9718,0.0127,-0.0093,-0.0004,0.3726,0.1311,0.9361,hold
2024-10-14,607.4056,990100,610.5059,610.5059,603.1146,0.0008,0.0262,-0.0045,0.0098,-0.0195,37.9725,0.0126,-0.0086,0.0002,0.3977,-0.2239,0.7252,hold
2024-10-15,608.1242,1259300,610.0237,613.1928,606.0279,0.0012,0.0091,0.0209,0.0090,-0.0188,40.1699,0.0096,-0.0079,0.0007,0.4270,0.2719,0.9115,sell
2024-10-16,599.7585,1132400,606.8348,608.3013,597.8590,-0.0138,-0.0180,0.0052,-0.0054,-0.0323,34.7928,0.0109,-0.0084,0.0003,0.3030,-0.1008,0.8157,hold
2024-10-17,599.6011,1135300,609.2954,609.3545,598.2429,-0.0003,-0.0163,0.0107,-0.0067,-0.0325,43.6589,0.0107,-0.0087,-0.0000,0.3138,0.0026,0.8308,buy
2024-10-18,603.5969,1299500,591.8358,605.7129,590.6252,0.0067,-0.0055,0.0060,-0.0007,-0.0257,45.3153,0.0103,-0.0083,0.0003,0.4125,0.1446,1.0125,hold
2024-10-21,604.2267,1057900,598.6168,605.8900,597.5145,0.0010,-0.0052,0.0208,-0.0017,-0.0242,57.5810,0.0090,-0.0077,0.0007,0.4494,-0.1859,0.8246,sell
2024-10-22,599.9553,1088400,599.2959,603.5968,595.7134,-0.0071,-0.0134,-0.0045,-0.0083,-0.0306,52.7494,0.0074,-0.0079,0.0005,0.3594,0.0288,0.8606,sell
2024-10-23,592.4952,1119200,598.4102,600.3490,590.1725,-0.0124,-0.0121,-0.0299,-0.0177,-0.0414,49.3888,0.0064,-0.0090,-0.0004,0.1617,0.0283,0.8955,buy
2024-10-24,594.4340,883200,593.3809,599.1679,592.4853,0.0033,-0.0086,-0.0247,-0.0120,-0.0373,45.2546,0.0067,-0.0093,-0.0007,0.2078,-0.2109,0.7124,buy
2024-10-25,599.6405,1000700,600.3589,607.4648,598.2233,0.0088,-0.0066,-0.0120,-0.0021,-0.0275,56.9100,0.0076,-0.0088,-0.0001,0.4303,0.1330,0.8212,buy
2024-10-28,602.4158,1292000,603.1539,604.0692,598.2821,0.0046,-0.0030,-0.0082,0.0033,-0.0218,49.7393,0.0078,-0.0079,0.0006,0.5635,0.2911,1.0633,buy
2024-10-29,613.8424,1134700,603.3017,615.7123,599.7487,0.0190,0.0231,0.0094,0.0214,-0.0020,53.0057,0.0100,-0.0055,0.0022,0.9765,-0.1217,0.9629,sell
2024-10-30,611.2932,1082400,613.9308,619.5211,610.1122,-0.0042,0.0317,0.0192,0.0152,-0.0047,51.6949,0.0088,-0.0041,0.0030,0.8348,-0.0461,0.9218,sell
2024-10-31,600.6542,1478600,610.3682,611.9134,598.9318,-0.0174,0.0105,0.0018,-0.0027,-0.0202,44.8198,0.0107,-0.0043,0.0023,0.4060,0.3660,1.2491,buy
2024-11-01,611.9133,1437000,595.4379,616.4800,593.4695,0.0187,0.0205,0.0138,0.0146,-0.0004,53.1569,0.0121,-0.0029,0.0029,0.8260,-0.0281,1.2030,sell
2024-11-04,609.2264,1152500,613.1534,614.6494,606.0967,-0.0044,0.0113,0.0083,0.0093,-0.0048,50.7512,0.0123,-0.0021,0.0029,0.7034,-0.1980,0.9879,hold
2024-11-05,609.0493,1564100,610.0630,612.4546,601.0577,-0.0003,-0.0078,0.0152,0.0075,-0.0052,57.1278,0.0120,-0.0015,0.0028,0.6802,0.3571,1.3202,buy
2024-11-06,638.1421,2963700,632.9554,657.4421,632.5912,0.0478,0.0439,0.0770,0.0477,0.0415,70.4769,0.0178,0.0027,0.0054,1.3416,0.8948,2.3268,buy
2024-11-07,663.4951,1927600,641.4392,664.4300,641.4392,0.0397,0.1046,0.1162,0.0772,0.0809,75.9376,0.0204,0.0087,0.0091,1.3552,-0.3496,1.4673,buy
2024-11-08,673.4058,1705800,667.2842,677.9922,661.6053,0.0149,0.1005,0.1230,0.0803,0.0948,77.7278,0.0204,0.0143,0.0118,1.2116,-0.1151,1.2775,buy
2024-11-11,686.3282,1514400,672.9826,687.9128,671.5161,0.0192,0.1266,0.1393,0.0864,0.1134,82.3742,0.0204,0.0198,0.0139,1.1476,-0.1122,1.1124,hold
2024-11-12,688.4148,1409500,684.0155,692.7551,683.3265,0.0030,0.1303,0.1215,0.0770,0.1141,87.4615,0.0205,0.0243,0.0147,1.0427,-0.0693,1.0296,buy
2024-11-13,695.0876,1472300,686.2298,703.4828,684.0351,0.0097,0.0892,0.1371,0.0734,0.1219,87.9087,0.0198,0.0281,0.0149,0.9984,0.0446,1.0623,sell
2024-11-14,689.6844,1769600,690.4915,694.8416,682.4408,-0.0078,0.0395,0.1482,0.0506,0.1104,83.8626,0.0183,0.0306,0.0138,0.9020,0.2019,1.2483,sell
2024-11-15,676.9981,1798900,680.2361,681.8994,669.4592,-0.0184,0.0053,0.1064,0.0211,0.0874,76.1022,0.0208,0.0311,0.0112,0.7859,0.0166,1.2470,sell
2024-11-18,668.0814,1580300,674.8133,677.2443,665.1190,-0.0132,-0.0266,0.0966,-0.0012,0.0713,69.3220,0.0217,0.0300,0.0079,0.7065,-0.1215,1.0760,sell
2024-11-19,633.9888,2536000,626.0463,636.6461,622.4048,-0.0510,-0.0791,0.0409,-0.0557,0.0162,56.6014,0.0289,0.0257,0.0019,0.4738,0.6048,1.6456,buy
2024-11-20,640.3171,1880700,631.9417,641.9706,627.5226,0.0100,-0.0788,0.0034,-0.0466,0.0261,61.8334,0.0248,0.0214,-0.0017,0.5000,-0.2584,1.1909,buy
2024-11-21,667.9731,2318300,649.3521,670.8174,646.3700,0.0432,-0.0315,0.0067,-0.0060,0.0693,65.2348,0.0254,0.0205,-0.0013,0.6719,0.2327,1.4042,sell
2024-11-22,630.0028,3294200,657.6193,664.3315,629.0482,-0.0568,-0.0694,-0.0645,-0.0564,0.0090,54.7376,0.0307,0.0167,-0.0051,0.3842,0.4210,1.8657,hold
2024-11-25,624.5898,2951500,631.4693,640.8191,622.8773,-0.0086,-0.0651,-0.0900,-0.0558,0.0006,53.4611,0.0293,0.0120,-0.0080,0.3296,-0.1040,1.5966,hold
2024-11-26,628.7332,1784200,622.9953,631.3610,620.3676,0.0066,-0.0083,-0.0867,-0.0409,0.0074,47.6425,0.0295,0.0085,-0.0091,0.3530,-0.3955,0.9485,hold
2024-11-27,626.1151,1376100,623.9007,630.9574,621.2237,-0.0042,-0.0222,-0.0992,-0.0347,0.0031,39.4300,0.0289,0.0055,-0.0098,0.3225,-0.2287,0.7259,buy
2024-11-29,631.5873,828900,630.7508,635.1600,626.2727,0.0087,-0.0545,-0.0842,-0.0175,0.0122,37.8704,0.0295,0.0036,-0.0092,0.3453,-0.3976,0.4449,sell
2024-12-02,624.0485,1502100,626.9813,630.2686,621.6864,-0.0119,-0.0095,-0.0782,-0.0212,0.0005,31.3532,0.0293,0.0013,-0.0094,0.2700,0.8122,0.8048,hold
2024-12-03,625.9677,1104800,619.6491,626.6173,616.4998,0.0031,0.0022,-0.0630,-0.0116,0.0037,31.2843,0.0294,-0.0004,-0.0088,0.2711,-0.2645,0.5927,buy
2024-12-04,644.2933,1619700,628.9005,649.9525,626.8829,0.0293,0.0247,0.0163,0.0157,0.0325,35.7706,0.0266,0.0006,-0.0060,0.4166,0.4661,0.8676,sell
2024-12-05,638.4472,1219700,641.6557,642.7284,631.3118,-0.0091,0.0197,-0.0029,0.0067,0.0227,35.6821,0.0267,0.0007,-0.0048,0.3595,-0.2470,0.6853,hold
2024-12-06,636.2524,1125100,638.9097,643.7716,635.6127,-0.0034,0.0074,-0.0475,0.0083,0.0188,37.9046,0.0219,0.0005,-0.0041,0.3521,-0.0776,0.6468,hold
2024-12-09,636.3607,1379800,633.4376,640.4943,630.0520,0.0002,0.0197,0.0101,0.0075,0.0181,40.0641,0.0120,0.0003,-0.0034,0.3694,0.2264,0.8007,hold
2024-12-10,636.8430,1485600,639.0278,648.8206,634.5104,0.0008,0.0174,0.0196,0.0063,0.0180,51.1325,0.0116,0.0002,-0.0028,0.3926,0.0767,0.8628,buy
2024-12-11,659.9617,1868800,636.8430,660.1389,636.0458,0.0363,0.0243,0.0497,0.0377,0.0528,56.8780,0.0159,0.0029,0.0000,0.6591,0.2579,1.0710,hold
2024-12-12,661.6251,1629700,663.3770,665.4634,652.4721,0.0025,0.0363,0.0567,0.0345,0.0532,47.2829,0.0156,0.0052,0.0019,0.7249,-0.1279,0.9298,sell
2024-12-13,646.0748,1634800,658.4166,662.0679,643.6438,-0.0235,0.0154,0.0229,0.0079,0.0267,58.5132,0.0180,0.0052,0.0014,0.5639,0.0031,0.9363,buy
2024-12-16,660.8868,1684200,646.3995,662.2844,646.3995,0.0229,0.0385,0.0590,0.0252,0.0483,67.4852,0.0183,0.0067,0.0024,0.8342,0.0302,0.9678,buy
2024-12-17,667.0578,1814900,659.4106,669.1049,653.5546,0.0093,0.0474,0.0656,0.0282,0.0555,68.1082,0.0183,0.0086,0.0035,0.9422,0.0776,1.0359,sell
2024-12-18,639.5397,2408200,666.3098,666.3098,637.0792,-0.0413,-0.0309,-0.0074,-0.0135,0.0108,55.1348,0.0218,0.0070,0.0013,0.4693,0.3269,1.3796,sell
2024-12-19,626.8829,2313300,643.4272,651.4877,626.6467,-0.0198,-0.0525,-0.0181,-0.0313,-0.0097,48.2943,0.0225,0.0039,-0.0015,0.2698,-0.0394,1.3090,buy
2024-12-20,633.2212,3451000,619.2555,638.7327,614.1672,0.0101,-0.0199,-0.0048,-0.0211,-0.0004,53.3549,0.0228,0.0021,-0.0026,0.3950,0.4918,1.8922,sell
2024-12-23,628.2116,1614300,630.5245,632.0992,623.7335,-0.0079,-0.0494,-0.0128,-0.0276,-0.0090,50.8026,0.0229,0.0000,-0.0038,0.3054,-0.5322,0.9278,buy
2024-12-24,635.0911,668700,628.9005,635.3371,626.0267,0.0110,-0.0479,-0.0028,-0.0167,0.0010,46.4151,0.0233,-0.0007,-0.0036,0.4196,-0.5858,0.4113,hold
2024-12-26,635.9770,639300,631.2135,638.7327,630.6722,0.0014,-0.0056,-0.0363,-0.0116,0.0015,48.9990,0.0195,-0.0012,-0.0032,0.4283,-0.0440,0.4076,sell
2024-12-27,628.4773,966400,633.0735,633.0735,621.2041,-0.0118,0.0025,-0.0501,-0.0182,-0.0112,46.9792,0.0195,-0.0025,-0.0036,0.2805,0.5117,0.6243,sell
2024-12-30,620.3380,1102800,622.8476,624.1074,613.5568,-0.0130,-0.0203,-0.0398,-0.0270,-0.0247,44.1405,0.0187,-0.0046,-0.0046,0.1505,0.1411,0.7062,hold
2024-12-31,618.5665,988500,620.9286,623.6449,616.4898,-0.0029,-0.0154,-0.0640,-0.0233,-0.0279,43.3788,0.0162,-0.0064,-0.0051,0.1330,-0.1036,0.6436,sell
2025-01-02,612.9467,1179400,626.9321,627.6505,609.6398,-0.0091,-0.0349,-0.0811,-0.0239,-0.0370,30.4941,0.0152,-0.0085,-0.0058,0.0720,0.1931,0.7660,buy
2025-01-03,620.2690,993400,618.5664,621.0269,614.6493,0.0119,-0.0247,-0.0301,-0.0092,-0.0261,33.6115,0.0112,-0.0090,-0.0050,0.2241,-0.1577,0.6586,sell
2025-01-06,615.2793,1260700,617.0607,623.3891,613.1535,-0.0080,-0.0210,-0.0185,-0.0153,-0.0346,36.6817,0.0098,-0.0100,-0.0048,0.1774,0.2691,0.8347,sell
2025-01-07,605.7030,1030200,613.5077,616.7457,602.2485,-0.0156,-0.0236,-0.0435,-0.0263,-0.0500,25.0023,0.0097,-0.0121,-0.0055,0.0873,-0.1828,0.6842,buy
2025-01-08,616.1552,1226000,606.6873,617.6906,604.0103,0.0173,-0.0039,-0.0192,-0.0076,-0.0341,27.8027,0.0117,-0.0119,-0.0043,0.2582,0.1901,0.8184,hold
2025-01-10,614.5975,2390000,610.0726,624.6432,608.5445,-0.0025,0.0027,-0.0323,-0.0068,-0.0369,35.9399,0.0108,-0.0120,-0.0035,0.2582,0.9494,1.5487,sell
2025-01-13,604.5322,1684400,611.5908,613.1879,603.6253,-0.0164,-0.0254,-0.0494,-0.0181,-0.0524,37.0216,0.0114,-0.0134,-0.0039,0.1550,-0.2952,1.0980,buy
2025-01-14,614.9623,1697300,606.2870,615.1497,605.5575,0.0173,-0.0005,-0.0215,0.0010,-0.0362,39.8786,0.0131,-0.0127,-0.0026,0.3168,0.0077,1.1040,hold
2025-01-15,612.6457,1938100,614.9624,618.6100,601.9592,-0.0038,0.0115,-0.0124,-0.0015,-0.0402,41.1058,0.0125,-0.0124,-0.0019,0.3035,0.1419,1.2483,sell
2025-01-16,598.6665,2834100,614.4891,614.9130,598.1539,-0.0228,-0.0284,-0.0322,-0.0211,-0.0617,30.7493,0.0143,-0.0142,-0.0027,0.1099,0.4623,1.7603,sell
2025-01-17,595.5710,2836700,607.1446,607.1446,587.7533,-0.0052,-0.0310,-0.0283,-0.0234,-0.0661,29.1325,0.0142,-0.0157,-0.0033,0.0278,0.0009,1.7077,buy
2025-01-21,600.7762,1665900,597.4047,602.4028,594.1416,0.0087,-0.0062,-0.0314,-0.0117,-0.0577,35.3466,0.0138,-0.0158,-0.0028,0.1622,-0.4127,1.0258,hold
2025-01-22,603.0140,1213700,601.0423,608.7909,601.0423,0.0037,-0.0194,-0.0199,-0.0060,-0.0532,40.2256,0.0139,-0.0155,-0.0020,0.2371,-0.2714,0.7735,sell
2025-01-23,589.8235,2241400,600.1748,600.1748,589.0250,-0.0219,-0.0373,-0.0262,-0.0252,-0.0717,35.6340,0.0147,-0.0172,-0.0028,0.0320,0.8467,1.4858,hold
2025-01-24,589.4786,1901200,593.4613,593.9937,587.0041,-0.0006,-0.0153,-0.0433,-0.0215,-0.0698,37.6176,0.0130,-0.0182,-0.0030,0.0828,-0.1518,1.2484,buy
2025-01-27,598.0257,1985500,578.6443,605.6856,577.6978,0.0145,0.0041,-0.0270,-0.0045,-0.0537,38.4135,0.0143,-0.0173,-0.0018,0.2627,0.0443,1.2497,sell
2025-01-28,592.1501,1675000,599.9973,605.0152,591.6868,-0.0098,-0.0144,-0.0205,-0.0123,-0.0601,38.0622,0.0137,-0.0175,-0.0016,0.1598,-0.1564,1.0210,sell
2025-01-29,584.5889,1457500,591.1545,594.9894,581.8285,-0.0128,-0.0306,-0.0494,-0.0199,-0.0689,38.8708,0.0123,-0.0187,-0.0020,0.0413,-0.1299,0.8753,buy
2025-01-30,596.0343,1219700,586.9055,597.0793,585.2888,0.0196,0.0105,-0.0271,0.0021,-0.0478,39.5042,0.0145,-0.0173,-0.0007,0.3139,-0.1632,0.7300,sell
2025-01-31,592.9882,1640100,596.3104,602.2451,591.3615,-0.0051,0.0060,-0.0095,-0.0021,-0.0501,38.9001,0.0128,-0.0167,-0.0001,0.2677,0.3447,0.9628,hold
2025-02-03,592.2487,2244500,591.8938,593.3036,576.7219,-0.0012,-0.0097,-0.0056,-0.0028,-0.0490,43.0219,0.0127,-0.0162,0.0004,0.2742,0.3685,1.2776,sell
2025-02-04,583.3368,1737500,587.8914,599.8594,581.7595,-0.0150,-0.0149,-0.0290,-0.0149,-0.0618,31.7186,0.0130,-0.0170,-0.0002,0.1026,-0.2259,0.9685,sell
2025-02-05,579.9259,2134400,585.0128,585.1804,571.8815,-0.0058,-0.0080,-0.0383,-0.0168,-0.0654,31.3224,0.0128,-0.0178,-0.0007,0.0744,0.2284,1.1615,hold
2025-02-06,581.8383,1533900,579.9258,586.7280,577.5006,0.0033,-0.0238,-0.0135,-0.0123,-0.0598,38.8591,0.0112,-0.0179,-0.0006,0.1605,-0.2813,0.8234,sell
2025-02-07,570.6491,1430900,582.2228,587.7336,569.0422,-0.0192,-0.0377,-0.0319,-0.0282,-0.0761,35.0977,0.0126,-0.0197,-0.0017,-0.0140,-0.0671,0.7639,buy
2025-02-10,578.5260,1571300,566.8537,580.4582,566.8537,0.0138,-0.0232,-0.0326,-0.0115,-0.0619,37.1072,0.0125,-0.0192,-0.0012,0.1801,0.0981,0.8576,hold
2025-02-11,577.5796,1856700,572.8575,583.5931,572.8575,-0.0016,-0.0099,-0.0246,-0.0106,-0.0619,35.0383,0.0122,-0.0190,-0.0007,0.1933,0.1816,1.0087,sell
2025-02-12,568.3718,1737800,569.8802,572.7391,560.6528,-0.0159,-0.0199,-0.0277,-0.0237,-0.0751,36.7607,0.0126,-0.0202,-0.0013,0.0327,-0.0640,0.9430,buy
2025-02-13,575.6276,1609900,572.3349,583.6128,570.7970,0.0128,-0.0107,-0.0342,-0.0077,-0.0616,42.1235,0.0114,-0.0194,-0.0006,0.2086,-0.0736,0.8815,buy
2025-02-14,579.0583,1348800,576.4064,583.0115,571.8716,0.0060,0.0147,-0.0235,0.0006,-0.0546,38.5476,0.0117,-0.0182,0.0004,0.3137,-0.1622,0.7698,sell
2025-02-18,571.7238,2053900,581.5032,581.6806,567.8987,-0.0127,-0.0118,-0.0347,-0.0086,-0.0649,37.8802,0.0121,-0.0183,0.0004,0.1688,0.5228,1.1990,buy
2025-02-19,573.9418,2063000,570.5407,574.6221,567.4354,0.0039,-0.0063,-0.0161,-0.0031,-0.0591,43.2550,0.0116,-0.0177,0.0008,0.2461,0.0044,1.1905,sell
2025-02-20,570.8759,2703900,574.7601,577.7964,565.2665,-0.0053,0.0044,-0.0156,-0.0069,-0.0621,32.1688,0.0116,-0.0175,0.0008,0.1877,0.3107,1.4961,sell
2025-02-21,557.4587,2006400,572.3251,573.9025,553.2986,-0.0235,-0.0316,-0.0419,-0.0261,-0.0818,28.0458,0.0133,-0.0195,-0.0006,-0.0518,-0.2580,1.1174,hold
2025-02-24,559.2037,2040900,557.9418,564.6356,555.3195,0.0031,-0.0343,-0.0201,-0.0211,-0.0765,29.8315,0.0124,-0.0202,-0.0010,0.0597,0.0172,1.1322,sell
2025-02-25,547.7582,3014500,559.2727,563.3245,545.4020,-0.0205,-0.0419,-0.0532,-0.0359,-0.0928,28.9366,0.0123,-0.0226,-0.0024,-0.0796,0.4770,1.6259,buy
2025-02-26,616.6481,4674200,626.4966,629.9371,606.7208,0.1258,0.0744,0.0676,0.0779,0.0228,62.2460,0.0434,-0.0123,0.0045,1.1446,0.5506,2.3324,sell
2025-02-27,591.9135,2451700,616.1453,619.0929,591.1347,-0.0401,0.0369,0.0414,0.0305,-0.0159,52.9160,0.0454,-0.0097,0.0062,0.7230,-0.4755,1.1938,buy
2025-02-28,605.1434,2444400,592.4064,606.1390,589.8925,0.0224,0.0855,0.0513,0.0481,0.0074,59.8669,0.0457,-0.0052,0.0083,0.9136,-0.0030,1.1558,sell
2025-03-03,592.5740,1597400,609.1064,612.0146,590.9080,-0.0208,0.0597,0.0233,0.0239,-0.0113,53.9133,0.0465,-0.0036,0.0082,0.7173,-0.3465,0.7561,hold
2025-03-04,589.5969,2308200,595.7189,600.2734,578.9598,-0.0050,0.0764,0.0313,0.0157,-0.0137,53.3102,0.0462,-0.0026,0.0074,0.6739,0.4450,1.0908,buy
2025-03-05,608.7615,1615200,600.2931,609.6389,592.6924,0.0325,-0.0128,0.0607,0.0424,0.0194,60.5468,0.0471,0.0008,0.0084,0.9202,-0.3002,0.7655,sell
2025-03-06,597.7793,1671000,604.3351,611.0683,593.5895,-0.0180,0.0099,0.0471,0.0189,0.0020,55.6740,0.0476,0.0020,0.0078,0.7411,0.0345,0.8008,hold
2025-03-07,600.9734,1689700,597.2765,605.9223,586.1071,0.0053,-0.0069,0.0781,0.0168,0.0085,55.6202,0.0466,0.0033,0.0072,0.7643,0.0112,0.8067,sell
2025-03-10,571.5660,2375900,595.3344,597.7595,567.2874,-0.0489,-0.0355,0.0221,-0.0350,-0.0391,49.9637,0.0500,0.0004,0.0036,0.3600,0.4061,1.1093,hold
2025-03-11,578.3978,1909300,571.5660,586.6788,569.2000,0.0120,-0.0190,0.0559,-0.0285,-0.0257,51.0052,0.0493,-0.0010,0.0017,0.4540,-0.1964,0.8845,hold
2025-03-12,582.7650,1874700,580.6652,588.8082,577.2937,0.0076,-0.0427,-0.0549,-0.0155,-0.0166,52.6662,0.0264,-0.0015,0.0010,0.5104,-0.0181,0.8681,sell
2025-03-13,573.0841,2269800,577.7767,577.8752,555.7334,-0.0166,-0.0413,-0.0318,-0.0288,-0.0311,53.5639,0.0239,-0.0032,-0.0006,0.3729,0.2108,1.0383,buy
2025-03-14,590.3165,2063100,580.8722,593.0176,578.5161,0.0301,-0.0177,-0.0245,0.0029,-0.0010,56.6280,0.0249,-0.0021,0.0004,0.6018,-0.0911,0.9340,hold
2025-03-17,593.5797,1558800,586.9844,596.7541,583.5340,0.0055,0.0385,0.0017,0.0083,0.0054,60.1140,0.0241,-0.0008,0.0013,0.6360,-0.2444,0.7024,hold
2025-03-18,590.5433,1230400,590.4152,593.0375,583.4157,-0.0051,0.0210,0.0016,0.0030,0.0010,41.8763,0.0241,-0.0002,0.0015,0.5820,-0.2107,0.5649,hold
2025-03-19,594.5656,1247700,597.1978,600.4115,589.0449,0.0068,0.0202,-0.0233,0.0123,0.0087,50.9474,0.0216,0.0008,0.0020,0.6239,0.0141,0.5838,hold
2025-03-20,591.9135,1088200,590.6221,597.0004,587.6449,-0.0045,0.0329,-0.0098,0.0088,0.0050,44.8872,0.0209,0.0012,0.0020,0.5735,-0.1278,0.5291,hold
2025-03-21,595.4823,2391400,584.5889,596.6752,581.6610,0.0060,0.0088,-0.0091,0.0158,0.0114,51.2079,0.0209,0.0020,0.0022,0.6050,1.1976,1.1520,buy
2025-03-24,604.4042,1703000,601.3579,605.5871,596.7146,0.0150,0.0182,0.0575,0.0253,0.0270,55.8608,0.0127,0.0038,0.0032,0.7236,-0.2879,0.8271,buy
2025-03-25,609.9542,1126500,602.8563,612.1329,596.6455,0.0092,0.0329,0.0546,0.0292,0.0366,50.5291,0.0125,0.0058,0.0042,0.8378,-0.3385,0.5734,sell
2025-03-26,606.1490,1715500,610.0135,611.4824,604.3844,-0.0062,0.0195,0.0401,0.0187,0.0301,53.9654,0.0130,0.0069,0.0042,0.7894,0.5229,0.9443,hold
2025-03-27,606.5828,1206200,606.7701,611.8175,603.6351,0.0007,0.0248,0.0585,0.0138,0.0311,52.7290,0.0110,0.0077,0.0040,0.7732,-0.2969,0.6876,sell
2025-03-28,590.4348,1574600,602.9056,605.0941,587.1126,-0.0266,-0.0085,0.0002,-0.0132,0.0044,60.5396,0.0116,0.0063,0.0020,0.4313,0.3054,0.9204,buy
2025-03-31,605.2914,3071400,591.8348,609.2446,585.3184,0.0252,0.0015,0.0197,0.0096,0.0294,63.7861,0.0141,0.0068,0.0021,0.7461,0.9506,1.7211,hold
2025-04-01,605.0844,1826500,602.2155,608.3770,597.5624,-0.0003,-0.0080,0.0246,0.0068,0.0288,61.9510,0.0139,0.0072,0.0020,0.7206,-0.4053,1.0375,buy
2025-04-02,612.1133,1604500,596.4879,616.1454,596.3894,0.0116,0.0098,0.0295,0.0155,0.0403,71.5093,0.0141,0.0082,0.0025,0.8617,-0.1215,0.9117,sell
2025-04-03,590.0504,2833900,595.4428,607.6869,589.7250,-0.0360,-0.0273,-0.0031,-0.0208,0.0033,49.8608,0.0187,0.0064,0.0003,0.4025,0.7662,1.5588,sell
2025-04-04,553.5746,3335200,579.7681,585.7916,552.9929,-0.0618,-0.0624,-0.0704,-0.0749,-0.0576,34.4664,0.0268,-0.0003,-0.0054,-0.1515,0.1769,1.7551,sell
2025-04-07,548.3594,2834700,540.2461,567.7311,525.1037,-0.0094,-0.0941,-0.0927,-0.0749,-0.0652,33.8929,0.0257,-0.0067,-0.0095,-0.1191,-0.1501,1.4739,sell
2025-04-08,536.3619,2764000,556.6307,560.5542,529.9343,-0.0219,-0.1136,-0.1207,-0.0838,-0.0837,29.0520,0.0250,-0.0137,-0.0132,-0.1256,-0.0249,1.4059,buy
2025-04-09,588.0294,2883800,533.8677,590.0700,531.4820,0.0963,-0.0393,-0.0299,0.0076,0.0047,48.9666,0.0427,-0.0102,-0.0078,0.4849,0.0433,1.4301,sell
2025-04-10,570.2830,2289100,575.8232,578.6772,551.7071,-0.0302,-0.0335,-0.0598,-0.0167,-0.0251,43.7662,0.0436,-0.0110,-0.0069,0.2766,-0.2062,1.1347,buy
2025-04-11,579.7339,1479900,566.1550,581.1363,562.3825,0.0166,0.0473,-0.0181,0.0015,-0.0084,43.9129,0.0433,-0.0098,-0.0046,0.3953,-0.3535,0.7443,hold
2025-04-14,586.1628,1227400,592.5326,592.5326,578.5291,0.0111,0.0689,-0.0316,0.0159,0.0028,44.1552,0.0426,-0.0080,-0.0022,0.4753,-0.1706,0.6225,hold
2025-04-15,586.6863,1177800,591.5154,593.0856,583.9902,0.0009,0.0938,-0.0304,0.0201,0.0039,45.1402,0.0426,-0.0064,-0.0005,0.4838,-0.0404,0.5982,hold
2025-04-16,580.7610,1985500,580.3363,590.6266,573.8481,-0.0101,-0.0124,-0.0512,0.0153,-0.0062,43.7245,0.0424,-0.0060,-0.0000,0.4220,0.6858,0.9898,hold
2025-04-17,578.0945,1642900,584.6321,586.5184,577.5514,-0.0046,0.0137,-0.0203,0.0128,-0.0107,46.7906,0.0409,-0.0059,0.0000,0.3991,-0.1726,0.8078,sell
2025-04-21,561.7605,1502600,571.2311,574.1345,552.1417,-0.0283,-0.0310,0.0148,-0.0173,-0.0380,38.7651,0.0366,-0.0083,-0.0017,0.2343,-0.0854,0.7554,buy
2025-04-22,576.2972,1467500,567.0339,577.5613,564.3576,0.0259,-0.0168,0.0509,0.0033,-0.0133,43.0820,0.0370,-0.0076,-0.0010,0.4150,-0.0234,0.7421,buy
2025-04-23,588.6318,1744800,589.5700,601.1540,586.4197,0.0214,0.0033,0.0975,0.0155,0.0075,44.4973,0.0360,-0.0054,0.0009,0.5742,0.1890,0.8688,buy
2025-04-24,607.1781,1601000,591.3772,609.4198,589.2441,0.0315,0.0455,0.0326,0.0441,0.0382,54.0810,0.0217,-0.0011,0.0040,0.7980,-0.0824,0.7994,buy
2025-04-25,616.3525,1540600,608.3928,617.4289,605.3511,0.0151,0.0662,0.0808,0.0515,0.0522,67.1950,0.0184,0.0032,0.0066,0.8900,-0.0377,0.7629,sell
2025-04-28,610.5358,1357300,615.5624,620.7767,606.9213,-0.0094,0.0868,0.0531,0.0361,0.0410,66.9742,0.0188,0.0059,0.0075,0.7986,-0.1190,0.6758,buy
2025-04-29,615.3946,843300,610.9802,616.4216,608.4126,0.0080,0.0678,0.0499,0.0392,0.0480,72.4511,0.0188,0.0085,0.0080,0.8383,-0.3787,0.4445,buy
2025-04-30,619.6607,1315400,606.4473,621.4679,602.6254,0.0069,0.0527,0.0562,0.0406,0.0535,62.2975,0.0187,0.0109,0.0084,0.8627,0.5598,0.7028,sell
2025-05-01,615.4340,1449900,616.7277,627.2748,614.6736,-0.0068,0.0136,0.0597,0.0275,0.0449,69.6156,0.0184,0.0123,0.0078,0.8135,0.1023,0.7779,buy
2025-05-02,623.8183,1367300,625.5762,628.8845,619.7397,0.0136,0.0121,0.0791,0.0337,0.0572,69.3314,0.0182,0.0141,0.0077,0.8611,-0.0570,0.7636,hold
2025-05-05,624.3121,1434100,622.8209,633.5260,621.5568,0.0008,0.0226,0.1113,0.0239,0.0556,67.6474,0.0135,0.0155,0.0073,0.8311,0.0489,0.8459,sell
2025-05-06,618.7522,905800,617.7153,626.0206,615.1871,-0.0089,0.0055,0.0737,0.0077,0.0441,64.1729,0.0136,0.0158,0.0060,0.7551,-0.3684,0.5665,buy
2025-05-07,633.1606,1650500,618.8015,634.4740,618.8015,0.0233,0.0218,0.0756,0.0238,0.0654,71.5446,0.0139,0.0173,0.0062,0.8987,0.8221,1.0694,buy
2025-05-08,647.9147,2059800,635.5209,654.2449,633.3285,0.0233,0.0528,0.0671,0.0408,0.0891,76.1118,0.0124,0.0199,0.0072,0.9814,0.2480,1.3713,hold
2025-05-09,645.7421,1158800,647.1049,649.9984,641.9795,-0.0034,0.0351,0.0477,0.0324,0.0835,85.1289,0.0124,0.0218,0.0073,0.9076,-0.4374,0.8016,buy
2025-05-12,654.0573,1842000,656.7237,662.2539,646.7691,0.0129,0.0476,0.0713,0.0385,0.0956,84.3124,0.0115,0.0238,0.0075,0.9294,0.5896,1.2584,sell
2025-05-13,648.6257,1560500,652.2204,653.1586,643.6188,-0.0083,0.0483,0.0540,0.0244,0.0845,78.1903,0.0125,0.0248,0.0067,0.8367,-0.1528,1.0541,sell
2025-05-14,644.7052,1947900,647.8357,652.2501,643.9941,-0.0060,0.0182,0.0404,0.0142,0.0759,70.4434,0.0130,0.0248,0.0053,0.7710,0.2483,1.2825,buy
2025-05-15,653.0796,1548500,646.1766,657.0891,644.0434,0.0130,0.0080,0.0612,0.0214,0.0883,70.1835,0.0126,0.0251,0.0047,0.8160,-0.2050,1.0344,buy
2025-05-16,661.9380,1555200,664.4365,664.4365,653.9486,0.0136,0.0251,0.0611,0.0291,0.1007,77.3344,0.0126,0.0261,0.0047,0.8623,0.0043,1.0419,hold
2025-05-19,662.5107,1327800,658.1655,666.5992,654.9461,0.0009,0.0129,0.0612,0.0239,0.0994,76.2519,0.0126,0.0268,0.0044,0.8595,-0.1462,0.8948,hold
2025-05-20,662.8069,1047500,657.0989,663.1427,654.9756,0.0004,0.0219,0.0712,0.0174,0.0966,75.1527,0.0117,0.0271,0.0038,0.8497,-0.2111,0.7160,sell
2025-05-21,651.7662,1478800,660.4172,662.7182,651.4008,-0.0167,0.0110,0.0294,-0.0024,0.0757,69.6214,0.0123,0.0262,0.0020,0.7068,0.4117,1.0201,buy
2025-05-22,657.7804,2301200,654.2647,662.2145,650.7984,0.0092,0.0072,0.0152,0.0053,0.0830,68.8233,0.0104,0.0253,0.0010,0.7611,0.5561,1.5500,buy
2025-05-23,711.1675,5327700,711.0391,725.0426,705.1138,0.0812,0.0744,0.1013,0.0762,0.1655,80.3465,0.0270,0.0287,0.0050,1.2103,1.3152,3.1827,buy
2025-05-27,742.6014,4079800,715.4930,742.6014,713.4586,0.0442,0.1209,0.1354,0.1089,0.2110,86.6461,0.0291,0.0345,0.0094,1.2371,-0.2342,2.2539,hold
2025-05-28,745.0604,2504600,742.6408,749.3266,741.6533,0.0033,0.1241,0.1487,0.0967,0.2091,85.6299,0.0284,0.0397,0.0118,1.1014,-0.3861,1.3230,hold
2025-05-29,747.7959,1589700,750.0476,750.0476,737.5155,0.0037,0.1473,0.1599,0.0843,0.2073,84.4389,0.0278,0.0435,0.0126,1.0177,-0.3653,0.8337,hold
2025-05-30,744.0926,2887100,750.5413,751.5487,737.9698,-0.0050,0.1312,0.1394,0.0649,0.1956,83.5569,0.0285,0.0460,0.0119,0.9326,0.8161,1.4591,buy
2025-06-02,755.4692,1870000,741.2090,755.5581,739.0265,0.0153,0.0623,0.1413,0.0669,0.2075,83.8934,0.0285,0.0478,0.0113,0.9335,-0.3523,0.9332,hold
2025-06-03,755.1434,1526800,753.3362,758.5307,748.7243,-0.0004,0.0169,0.1398,0.0527,0.2009,86.8577,0.0286,0.0491,0.0101,0.8830,-0.1835,0.7602,hold
2025-06-04,757.2665,1280800,752.8423,758.5010,752.5164,0.0028,0.0164,0.1425,0.0419,0.1984,89.4395,0.0285,0.0497,0.0087,0.8551,-0.1611,0.6318,hold
2025-06-05,757.0988,1242200,756.5358,763.8240,754.3040,-0.0002,0.0124,0.1616,0.0268,0.1926,88.6704,0.0270,0.0496,0.0069,0.8193,-0.0301,0.6190,hold
2025-06-06,761.9772,1475300,760.5552,762.2537,754.7582,0.0064,0.0240,0.1584,0.0190,0.1944,88.3249,0.0270,0.0493,0.0054,0.8097,0.1877,0.7460,sell
2025-06-09,754.8668,1342400,760.6341,762.3920,753.1485,-0.0093,-0.0008,0.0614,0.0036,0.1778,83.6937,0.0149,0.0483,0.0033,0.7479,-0.0901,0.6757,hold
2025-06-10,752.6152,1422900,752.8720,756.6544,744.7247,-0.0030,-0.0033,0.0135,-0.0007,0.1684,82.3033,0.0067,0.0466,0.0011,0.7137,0.0600,0.7238,buy
2025-06-11,755.2322,1276500,749.3661,755.9334,745.1394,0.0035,-0.0027,0.0137,0.0014,0.1670,89.6167,0.0068,0.0447,-0.0005,0.7058,-0.1029,0.6541,hold
2025-06-12,756.6741,1300200,753.8496,761.1773,753.8496,0.0019,-0.0006,0.0119,0.0022,0.1638,89.2399,0.0067,0.0429,-0.0017,0.6937,0.0186,0.6775,sell
2025-06-13,744.5962,1148000,749.2871,753.5138,742.9766,-0.0160,-0.0228,0.0007,-0.0139,0.1406,69.7330,0.0085,0.0405,-0.0039,0.6067,-0.1171,0.6045,buy
2025-06-16,758.5208,1428900,752.3387,760.3378,748.1415,0.0187,0.0048,0.0040,0.0041,0.1559,61.8460,0.0092,0.0383,-0.0042,0.6716,0.2447,0.7549,sell
2025-06-17,755.3804,1344500,758.8961,760.0614,752.1709,-0.0041,0.0037,0.0003,-0.0001,0.1441,57.6023,0.0093,0.0366,-0.0049,0.6329,-0.0591,0.7100,sell
2025-06-18,745.4357,2223400,752.8818,756.0618,741.0410,-0.0132,-0.0130,-0.0156,-0.0117,0.1223,48.4283,0.0101,0.0341,-0.0063,0.5393,0.6537,1.1387,buy
2025-06-20,751.6671,2709400,751.1930,752.9016,745.6529,0.0084,-0.0066,-0.0072,-0.0027,0.1244,54.8798,0.0106,0.0318,-0.0067,0.5660,0.2186,1.3452,hold
2025-06-23,753.0596,1223300,750.2154,755.4791,745.0110,0.0019,0.0114,-0.0117,0.0003,0.1210,48.2184,0.0104,0.0300,-0.0068,0.5645,-0.5485,0.6241,sell
2025-06-24,749.5835,1900400,759.5677,761.5428,748.7046,-0.0046,-0.0118,-0.0070,-0.0036,0.1099,46.0723,0.0101,0.0280,-0.0071,0.3824,0.5535,1.0624,hold
2025-06-25,748.4280,1531100,748.6255,750.1661,741.7126,-0.0015,-0.0092,-0.0056,-0.0046,0.1027,43.6696,0.0100,0.0259,-0.0074,0.3038,-0.1943,0.9216,buy
2025-06-26,763.2412,1420100,749.9290,763.7548,749.0896,0.0198,0.0239,0.0106,0.0141,0.1186,53.6365,0.0119,0.0250,-0.0061,0.9550,-0.0725,0.8836,buy
2025-06-27,766.9050,2051800,761.5623,777.4224,761.5623,0.0048,0.0203,0.0135,0.0175,0.1181,52.9600,0.0120,0.0247,-0.0050,1.0214,0.4448,1.2586,buy
2025-06-30,777.8274,1946900,772.7810,780.6617,769.4332,0.0142,0.0329,0.0446,0.0275,0.1275,63.1877,0.0108,0.0250,-0.0034,1.2237,-0.0511,1.2297,sell
2025-07-01,769.9072,1923800,778.8841,780.7604,756.2790,-0.0102,0.0271,0.0150,0.0155,0.1099,59.3247,0.0105,0.0247,-0.0032,0.9038,-0.0119,1.2130,sell
2025-07-02,764.0708,1493000,764.2683,765.6805,756.3777,-0.0076,0.0209,0.0115,0.0067,0.0951,54.6063,0.0107,0.0236,-0.0036,0.7069,-0.2239,0.9424,buy
2025-07-03,770.9244,823000,767.8926,774.7759,767.0236,0.0090,0.0101,0.0342,0.0123,0.0988,57.0301,0.0097,0.0228,-0.0034,0.8687,-0.4488,0.5271,buy
2025-07-07,773.8574,1296000,770.5590,778.3212,769.0678,0.0038,0.0091,0.0295,0.0132,0.0972,65.8670,0.0095,0.0223,-0.0030,0.8971,0.5747,0.8286,hold
2025-07-08,771.7540,1437600,774.8056,774.8550,766.1843,-0.0027,-0.0078,0.0248,0.0080,0.0891,58.2310,0.0097,0.0216,-0.0031,0.8152,0.1093,0.9203,sell
2025-07-09,760.0120,1486200,772.9291,773.2550,756.5160,-0.0152,-0.0129,0.0139,-0.0087,0.0682,52.6023,0.0110,0.0198,-0.0042,0.5133,0.0338,0.9470,sell
2025-07-10,739.5914,1783700,759.8933,761.4261,736.8522,-0.0269,-0.0320,-0.0118,-0.0342,0.0357,47.0621,0.0142,0.0162,-0.0068,0.0526,0.2002,1.1237,hold
2025-07-11,739.5914,1047800,737.2675,743.5074,735.2403,0.0000,-0.0406,-0.0310,-0.0312,0.0322,43.5239,0.0122,0.0127,-0.0081,0.1010,-0.4126,0.6649,buy
2025-07-14,744.3875,1114900,741.2626,750.4296,739.1958,0.0065,-0.0381,-0.0294,-0.0221,0.0352,45.5130,0.0124,0.0104,-0.0083,0.2273,0.0640,0.7116,sell
2025-07-15,737.6631,1452400,742.5679,746.1181,734.6371,-0.0090,-0.0442,-0.0516,-0.0258,0.0224,44.0329,0.0109,0.0078,-0.0088,0.1097,0.3027,0.9181,buy
2025-07-16,742.3800,1263100,743.4480,743.4480,734.1426,0.0064,-0.0232,-0.0358,-0.0160,0.0256,47.0767,0.0113,0.0061,-0.0084,0.2298,-0.1303,0.8027,buy
2025-07-17,746.9784,1071300,740.8869,748.0464,740.5901,0.0062,0.0100,-0.0224,-0.0076,0.0285,41.2782,0.0116,0.0052,-0.0073,0.3295,-0.1518,0.6867,sell
2025-07-18,744.2688,1509400,754.7510,754.7510,742.4987,-0.0036,0.0063,-0.0346,-0.0077,0.0212,37.7346,0.0109,0.0042,-0.0067,0.2795,0.4089,0.9903,buy
2025-07-21,755.2060,1411800,745.6137,759.3989,743.1613,0.0147,0.0145,-0.0241,0.0094,0.0327,37.7446,0.0122,0.0044,-0.0050,0.4851,-0.0647,0.9674,buy
2025-07-22,758.2617,1027400,758.9242,762.5534,751.8536,0.0040,0.0279,-0.0175,0.0153,0.0338,43.3398,0.0124,0.0049,-0.0036,0.5387,-0.2723,0.7088,buy
2025-07-23,767.3792,1939600,757.2826,769.4163,751.0922,0.0120,0.0337,0.0097,0.0265,0.0428,51.8236,0.0120,0.0062,-0.0018,0.6946,0.8879,1.3362,buy
2025-07-24,772.5314,1379900,769.3570,775.4585,766.6673,0.0067,0.0342,0.0445,0.0289,0.0464,50.9027,0.0070,0.0076,-0.0003,0.7643,-0.2886,0.9556,buy
2025-07-25,777.2187,1406400,774.2124,781.7181,771.8292,0.0061,0.0443,0.0509,0.0299,0.0491,51.8517,0.0069,0.0091,0.0010,0.8236,0.0192,0.9744,buy
2025-07-28,789.8566,1933200,776.3089,791.6070,774.3014,0.0163,0.0459,0.0611,0.0404,0.0620,58.9355,0.0077,0.0113,0.0027,0.9762,0.3746,1.3450,buy
2025-07-29,797.3821,1693800,795.5428,798.9544,786.0000,0.0095,0.0516,0.0810,0.0421,0.0680,69.2473,0.0057,0.0136,0.0041,1.0245,-0.1238,1.1889,hold
2025-07-30,798.4205,1606400,795.9285,804.6604,792.0620,0.0013,0.0405,0.0755,0.0359,0.0655,87.8580,0.0061,0.0155,0.0048,0.9689,-0.0516,1.1402,sell
2025-07-31,776.4078,1779100,798.1832,798.1832,775.2310,-0.0276,0.0050,0.0394,0.0035,0.0329,68.4618,0.0126,0.0150,0.0032,0.6706,0.1075,1.2501,sell
2025-08-01,767.5276,1490100,777.4066,778.6229,763.7698,-0.0114,-0.0125,0.0313,-0.0109,0.0183,61.1472,0.0134,0.0133,0.0011,0.5582,-0.1624,1.0231,buy
2025-08-04,776.1507,1484400,775.4684,781.7577,772.6302,0.0112,-0.0174,0.0277,-0.0025,0.0263,68.2073,0.0131,0.0125,0.0003,0.6678,-0.0038,1.0126,sell
2025-08-05,760.7240,1257800,776.6945,785.2683,759.3890,-0.0199,-0.0460,0.0032,-0.0227,0.0032,57.8796,0.0149,0.0104,-0.0016,0.4757,-0.1527,0.8633,buy
2025-08-06,770.8107,1154700,765.2729,771.0085,757.1739,0.0133,-0.0346,0.0045,-0.0101,0.0149,59.7761,0.0150,0.0094,-0.0019,0.5992,-0.0820,0.8017,sell
2025-08-07,753.1490,1435900,774.7761,777.5450,743.6854,-0.0229,-0.0300,-0.0251,-0.0304,-0.0086,53.2447,0.0165,0.0070,-0.0037,0.3574,0.2435,1.0091,sell
2025-08-08,740.6791,1670200,752.0514,754.0094,738.9486,-0.0166,-0.0350,-0.0470,-0.0419,-0.0249,44.7509,0.0168,0.0036,-0.0059,0.1888,0.1632,1.1486,sell
2025-08-11,698.2459,3195300,739.3145,742.2120,694.8738,-0.0573,-0.1004,-0.1160,-0.0860,-0.0796,33.1182,0.0219,-0.0041,-0.0113,-0.1761,0.9131,2.0508,buy
2025-08-12,705.5538,2146000,699.2842,706.5328,691.2940,0.0105,-0.0725,-0.1152,-0.0652,-0.0690,32.4303,0.0220,-0.0092,-0.0131,-0.0214,-0.3284,1.3473,hold
2025-08-13,703.8035,1602400,705.5538,709.5786,696.1396,-0.0025,-0.0869,-0.1185,-0.0557,-0.0700,30.0837,0.0218,-0.0135,-0.0138,0.0284,-0.2533,0.9954,hold
2025-08-14,702.7453,1241000,704.0803,708.0259,698.2755,-0.0015,-0.0669,-0.0949,-0.0477,-0.0701,27.9550,0.0213,-0.0167,-0.0137,0.0752,-0.2255,0.7669,buy
2025-08-15,708.7775,1751700,704.4264,712.0903,699.6401,0.0086,-0.0431,-0.0765,-0.0318,-0.0610,25.0228,0.0221,-0.0182,-0.0122,0.1559,0.4115,1.0744,hold
2025-08-18,709.2423,1628800,709.1335,713.5242,706.9085,0.0007,0.0157,-0.0862,-0.0222,-0.0591,21.6128,0.0213,-0.0193,-0.0106,0.1909,-0.0702,0.9924,sell
2025-08-19,693.2421,2582100,707.1360,711.1113,691.0072,-0.0226,-0.0174,-0.0887,-0.0353,-0.0787,19.1029,0.0215,-0.0222,-0.0106,0.1238,0.5853,1.5021,hold
2025-08-20,691.3829,2096200,696.1592,697.2668,687.9614,-0.0027,-0.0176,-0.1030,-0.0272,-0.0796,21.6686,0.0202,-0.0241,-0.0100,0.1543,-0.1882,1.2139,hold
2025-08-21,690.0084,2511500,689.2668,693.2124,685.1332,-0.0020,-0.0181,-0.0838,-0.0204,-0.0799,22.8095,0.0198,-0.0255,-0.0091,0.1825,0.1981,1.4083,sell
2025-08-22,655.2983,6368800,647.7235,662.9425,635.3821,-0.0503,-0.0755,-0.1153,-0.0582,-0.1239,14.1676,0.0238,-0.0319,-0.0117,0.0408,1.5359,3.1351,sell
2025-08-25,649.6617,2201500,657.6025,662.9821,648.4652,-0.0086,-0.0840,-0.0696,-0.0598,-0.1289,15.0408,0.0177,-0.0365,-0.0129,0.0676,-0.6543,1.0766,hold
2025-08-26,652.2129,3762900,650.6900,659.0165,649.1474,0.0039,-0.0592,-0.0756,-0.0487,-0.1233,10.8096,0.0171,-0.0390,-0.0124,0.1207,0.7092,1.7515,buy
2025-08-27,655.8026,1690200,654.4478,656.9498,647.0905,0.0055,-0.0515,-0.0682,-0.0368,-0.1160,14.5337,0.0175,-0.0399,-0.0108,0.1672,-0.5508,0.7852,buy
2025-08-28,660.7768,2071100,656.2872,667.1255,654.6259,0.0076,-0.0424,-0.0597,-0.0234,-0.1071,19.2073,0.0181,-0.0395,-0.0085,0.2219,0.2254,0.9557,hold
2025-08-29,659.5901,1594100,660.7768,666.2552,656.9695,-0.0018,0.0065,-0.0694,-0.0181,-0.1066,28.1595,0.0174,-0.0392,-0.0065,0.2394,-0.2303,0.7338,sell
2025-09-02,654.6357,1679900,647.9805,657.2860,647.8025,-0.0075,0.0077,-0.0770,-0.0174,-0.1110,20.4453,0.0172,-0.0393,-0.0051,0.2282,0.0538,0.7699,buy
2025-09-03,661.2515,1986900,657.8991,662.4777,650.9967,0.0101,0.0139,-0.0461,-0.0027,-0.0997,26.6217,0.0172,-0.0375,-0.0029,0.2908,0.1827,0.8956,hold
2025-09-04,660.8657,1719100,657.6123,664.3466,651.9064,-0.0006,0.0077,-0.0441,0.0013,-0.0981,26.8199,0.0173,-0.0361,-0.0012,0.2992,-0.1348,0.7651,buy
2025-09-05,665.3455,1614100,664.7521,669.4791,659.8374,0.0068,0.0069,-0.0357,0.0119,-0.0899,25.5403,0.0176,-0.0338,0.0007,0.3512,-0.0611,0.7156,hold
2025-09-08,664.2181,1558700,669.0637,671.8524,660.5395,-0.0017,0.0070,0.0136,0.0088,-0.0890,24.8315,0.0064,-0.0319,0.0021,0.3556,-0.0343,0.6927,hold
2025-09-09,663.4369,1254900,661.8744,666.2157,657.3750,-0.0012,0.0134,0.0212,0.0055,-0.0875,29.9228,0.0055,-0.0302,0.0031,0.3640,-0.1949,0.5828,sell
2025-09-10,648.9695,2789400,661.9536,662.5568,646.0918,-0.0218,-0.0186,-0.0050,-0.0160,-0.1042,25.5780,0.0093,-0.0309,0.0025,0.2260,1.2228,1.2765,buy
2025-09-11,653.1821,2201300,652.9546,658.9869,649.6122,0.0065,-0.0116,-0.0040,-0.0092,-0.0955,29.4663,0.0093,-0.0299,0.0027,0.2957,-0.2108,0.9937,sell
2025-09-12,638.8531,2202100,651.1451,653.0635,638.1411,-0.0219,-0.0398,-0.0332,-0.0277,-0.1122,38.1333,0.0111,-0.0313,0.0016,0.1541,0.0004,0.9730,buy
2025-09-15,644.0942,2186900,640.1682,645.3896,633.1472,0.0082,-0.0303,-0.0235,-0.0174,-0.1018,45.9594,0.0117,-0.0306,0.0016,0.2326,-0.0069,0.9571,hold
2025-09-16,644.0645,1578400,644.5986,647.8322,637.3005,-0.0000,-0.0292,-0.0161,-0.0158,-0.0985,43.8618,0.0115,-0.0300,0.0018,0.2328,-0.2782,0.6915,buy
2025-09-17,655.3181,1861000,646.4180,658.6309,645.2512,0.0175,0.0098,-0.0090,0.0023,-0.0798,49.6728,0.0125,-0.0273,0.0032,0.4404,0.1790,0.8284,buy
2025-09-18,667.4617,3006800,659.6692,685.6770,658.1463,0.0185,0.0219,0.0100,0.0198,-0.0603,54.1159,0.0140,-0.0233,0.0053,0.7347,0.6157,1.3119,buy
2025-09-19,680.2776,4226700,685.1628,692.2235,675.3728,0.0192,0.0648,0.0224,0.0370,-0.0407,61.1419,0.0150,-0.0184,0.0077,1.1216,0.4057,1.7776,buy
2025-09-22,694.2903,2403400,678.9031,697.2471,677.9340,0.0206,0.0779,0.0453,0.0536,-0.0196,69.4585,0.0160,-0.0128,0.0102,1.2044,-0.4314,1.1027,hold
2025-09-23,691.4126,2400000,692.0257,694.7353,686.5077,-0.0041,0.0735,0.0422,0.0448,-0.0222,65.3637,0.0161,-0.0090,0.0113,1.0321,-0.0014,1.0962,sell
2025-09-24,687.0713,1727800,695.8922,695.8922,681.3061,-0.0063,0.0485,0.0587,0.0323,-0.0270,62.8317,0.0140,-0.0064,0.0113,0.8991,-0.2801,0.8276,hold
2025-09-25,684.9848,1548000,683.9069,688.0602,675.9365,-0.0030,0.0263,0.0487,0.0242,-0.0284,59.8473,0.0142,-0.0044,0.0106,0.8266,-0.1041,0.7440,buy
2025-09-26,690.5029,1480500,684.9947,692.2235,682.5521,0.0081,0.0150,0.0808,0.0246,-0.0190,62.6235,0.0107,-0.0022,0.0102,0.8659,-0.0436,0.7218,sell
2025-09-29,686.9725,1816500,692.2730,696.1396,683.7883,-0.0051,-0.0105,0.0666,0.0129,-0.0224,61.0124,0.0114,-0.0009,0.0092,0.7844,0.2270,0.8809,sell
2025-09-30,675.3233,2378600,689.2766,694.3199,672.5643,-0.0170,-0.0233,0.0485,-0.0089,-0.0368,62.6651,0.0136,-0.0012,0.0073,0.6060,0.3094,1.1343,sell
2025-10-01,671.9512,2151600,672.2875,678.5669,666.5915,-0.0050,-0.0220,0.0254,-0.0162,-0.0392,59.0935,0.0131,-0.0018,0.0054,0.5504,-0.0954,1.0220,hold
2025-10-02,674.2850,2289100,669.2516,675.3630,660.9350,0.0035,-0.0156,0.0102,-0.0138,-0.0333,69.4242,0.0118,-0.0020,0.0041,0.5744,0.0639,1.0728,hold
2025-10-03,672.3863,1293900,669.5383,680.7226,669.5383,-0.0028,-0.0262,-0.0116,-0.0154,-0.0333,66.1001,0.0100,-0.0023,0.0030,0.5421,-0.4348,0.6110,sell
2025-10-06,662.6458,2538400,659.6099,668.6582,651.0164,-0.0145,-0.0354,-0.0456,-0.0252,-0.0441,59.5216,0.0073,-0.0038,0.0013,0.4036,0.9618,1.1715,sell
2025-10-07,650.6802,1597800,663.4665,664.2675,647.0708,-0.0181,-0.0365,-0.0589,-0.0370,-0.0576,47.6406,0.0085,-0.0064,-0.0010,0.2479,-0.3705,0.7316,hold
2025-10-08,650.4923,1699800,652.2427,656.6234,647.9509,-0.0003,-0.0319,-0.0532,-0.0320,-0.0538,40.1718,0.0087,-0.0084,-0.0023,0.2430,0.0638,0.7982,sell
2025-10-09,638.9210,1698300,648.9072,651.8793,637.1773,-0.0178,-0.0524,-0.0672,-0.0427,-0.0663,25.6970,0.0094,-0.0114,-0.0042,0.1107,-0.0009,0.8071,sell
2025-10-10,635.8200,3059300,639.3965,647.1041,635.2652,-0.0049,-0.0544,-0.0792,-0.0395,-0.0670,10.5857,0.0079,-0.0140,-0.0054,0.0772,0.8014,1.4248,buy
2025-10-13,649.5809,1344900,637.2170,650.3635,636.6622,0.0216,-0.0197,-0.0544,-0.0131,-0.0435,25.4096,0.0124,-0.0138,-0.0043,0.2504,-0.5604,0.6389,hold
2025-10-14,651.0471,1243700,639.8126,654.5641,638.4553,0.0023,0.0006,-0.0359,-0.0072,-0.0378,28.0827,0.0119,-0.0136,-0.0033,0.2601,-0.0752,0.5956,sell
2025-10-15,646.6187,1693000,650.9877,651.3047,641.7346,-0.0068,-0.0060,-0.0377,-0.0101,-0.0411,27.3046,0.0119,-0.0138,-0.0028,0.2122,0.3613,0.8140,sell
2025-10-16,640.9717,1248000,653.0781,653.2663,636.7613,-0.0087,0.0032,-0.0494,-0.0138,-0.0458,20.7446,0.0117,-0.0147,-0.0028,0.1713,-0.2628,0.6265,buy
2025-10-17,655.2378,1812900,641.5463,656.1096,640.8231,0.0223,0.0305,-0.0255,0.0109,-0.0217,33.3655,0.0146,-0.0130,-0.0011,0.3680,0.4526,0.9688,buy
2025-10-20,658.5863,1205800,657.1102,662.6382,652.3647,0.0051,0.0139,-0.0061,0.0167,-0.0143,40.3907,0.0141,-0.0113,0.0004,0.4294,-0.3349,0.6657,buy
2025-10-21,668.7607,1201600,659.4779,670.5837,654.8514,0.0154,0.0272,0.0278,0.0295,0.0018,48.3009,0.0134,-0.0085,0.0024,0.5887,-0.0035,0.6861,sell
2025-10-22,664.5305,1272000,667.9286,676.1216,664.1937,-0.0063,0.0277,0.0216,0.0208,-0.0033,44.9082,0.0137,-0.0070,0.0032,0.5463,0.0586,0.7358,buy
2025-10-23,671.4158,1474300,665.2141,674.6455,663.3318,0.0104,0.0475,0.0509,0.0262,0.0080,49.5185,0.0119,-0.0047,0.0043,0.6705,0.1590,0.8547,buy
2025-10-24,676.7360,1027700,677.8951,681.6003,673.8926,0.0079,0.0328,0.0644,0.0279,0.0168,57.3117,0.0114,-0.0023,0.0053,0.7881,-0.3029,0.6037,hold
2025-10-27,677.0331,1318200,680.5798,682.7593,670.9898,0.0004,0.0280,0.0423,0.0241,0.0182,65.5595,0.0101,-0.0004,0.0058,0.8202,0.2827,0.7858,sell
2025-10-28,672.6146,1103300,678.3606,682.4919,671.9409,-0.0065,0.0058,0.0331,0.0141,0.0126,62.4401,0.0107,0.0006,0.0054,0.7441,-0.1630,0.6837,sell
2025-10-29,649.9375,1990900,661.3702,663.3912,643.0621,-0.0337,-0.0220,0.0051,-0.0206,-0.0202,55.5071,0.0157,-0.0014,0.0029,0.3400,0.8045,1.2399,hold
2025-10-30,650.0762,1435200,647.0051,659.7355,646.4305,0.0002,-0.0318,0.0142,-0.0217,-0.0188,57.3441,0.0154,-0.0029,0.0011,0.3610,-0.2791,0.9183,buy
2025-10-31,661.3405,1585500,649.8979,665.6401,647.7084,0.0173,-0.0227,0.0093,-0.0057,-0.0009,56.2179,0.0147,-0.0027,0.0010,0.5948,0.1047,1.0051,buy
2025-11-03,669.9001,1270500,663.0445,670.8214,654.4254,0.0129,-0.0105,0.0172,0.0055,0.0116,59.2730,0.0151,-0.0014,0.0018,0.7547,-0.1987,0.8391,sell
2025-11-04,654.2768,1542700,669.9001,669.9001,647.4608,-0.0233,-0.0273,-0.0217,-0.0158,-0.0122,53.3930,0.0162,-0.0023,0.0007,0.4420,0.2142,1.0207,sell
2025-11-05,649.2341,1467100,650.7400,656.4266,647.6391,-0.0077,-0.0011,-0.0230,-0.0211,-0.0197,53.6805,0.0162,-0.0037,-0.0005,0.3435,-0.0490,0.9782,hold
2025-11-06,647.5599,1866300,642.9630,653.2266,634.6114,-0.0026,-0.0039,-0.0355,-0.0201,-0.0220,46.1477,0.0156,-0.0049,-0.0013,0.2933,0.2721,1.2375,sell
2025-11-07,642.8144,1697700,647.6688,648.5208,627.5775,-0.0073,-0.0280,-0.0501,-0.0223,-0.0286,42.1961,0.0151,-0.0064,-0.0022,0.1724,-0.0903,1.1789,buy
2025-11-10,647.1933,1530500,643.4980,648.2038,639.4163,0.0068,-0.0339,-0.0441,-0.0112,-0.0216,38.6792,0.0155,-0.0069,-0.0022,0.2720,-0.0985,1.0560,hold
2025-11-11,648.2336,1150100,646.9457,651.3642,642.7649,0.0016,-0.0092,-0.0362,-0.0059,-0.0199,41.1493,0.0156,-0.0071,-0.0019,0.2992,-0.2485,0.7961,buy
2025-11-12,653.1672,1575200,649.3926,655.3566,645.6577,0.0076,0.0061,0.0050,0.0012,-0.0122,39.8747,0.0117,-0.0065,-0.0011,0.3953,0.3696,1.0948,sell
2025-11-13,644.0627,1779300,649.4125,656.4167,642.9630,-0.0139,-0.0054,-0.0093,-0.0118,-0.0254,32.6018,0.0126,-0.0073,-0.0014,0.1878,0.1296,1.2143,buy
2025-11-14,656.2482,1438300,644.5184,660.6172,638.3661,0.0189,0.0209,-0.0077,0.0076,-0.0067,40.1760,0.0128,-0.0061,-0.0003,0.4570,-0.1916,0.9943,sell
2025-11-17,639.9711,1441500,656.3473,657.8235,637.5142,-0.0248,-0.0112,-0.0447,-0.0128,-0.0307,36.1263,0.0139,-0.0073,-0.0011,0.1391,0.0022,0.9884,buy
2025-11-18,643.6862,2437200,649.6997,655.8420,638.1581,0.0058,-0.0070,-0.0162,-0.0055,-0.0244,46.8326,0.0125,-0.0076,-0.0011,0.2438,0.6907,1.6032,hold
2025-11-19,644.5680,1288100,642.5470,650.7004,639.8622,0.0014,-0.0132,-0.0072,-0.0034,-0.0230,47.2300,0.0123,-0.0076,-0.0009,0.2844,-0.4715,0.8469,sell
2025-11-20,631.5106,2516600,647.5400,658.3585,631.5106,-0.0203,-0.0195,-0.0248,-0.0211,-0.0421,35.2648,0.0138,-0.0094,-0.0020,0.0712,0.9537,1.5998,buy
2025-11-21,656.9814,3802200,663.3714,675.9236,653.3753,0.0403,0.0011,0.0220,0.0161,-0.0041,44.5321,0.0191,-0.0070,0.0000,0.6100,0.5108,2.2211,sell
2025-11-24,647.1536,3184200,659.1906,664.7683,641.1302,-0.0150,0.0112,-0.0001,0.0009,-0.0190,46.8295,0.0198,-0.0067,0.0004,0.4127,-0.1625,1.7640,sell
2025-11-25,642.0416,1921900,645.8855,652.3448,634.3836,-0.0079,-0.0026,-0.0096,-0.0060,-0.0267,46.8006,0.0199,-0.0069,0.0001,0.2904,-0.3964,1.0411,sell
2025-11-26,623.2778,2283300,641.4076,645.8162,614.0544,-0.0292,-0.0330,-0.0458,-0.0306,-0.0543,40.6243,0.0216,-0.0096,-0.0019,-0.1044,0.1880,1.2271,buy
2025-11-28,628.1818,872900,623.2779,629.0140,620.6723,0.0079,-0.0053,-0.0247,-0.0206,-0.0457,44.3570,0.0216,-0.0107,-0.0024,0.0806,-0.6177,0.4763,hold
2025-12-01,625.7447,1864900,623.2580,629.9849,621.3064,-0.0039,-0.0475,-0.0465,-0.0197,-0.0478,41.6027,0.0203,-0.0119,-0.0029,0.0794,1.1364,1.0100,buy
2025-12-02,629.7173,1537300,626.5075,629.8263,618.1856,0.0063,-0.0269,-0.0160,-0.0119,-0.0399,42.9134,0.0192,-0.0121,-0.0025,0.1777,-0.1757,0.8266,buy
2025-12-03,641.6553,1778900,624.9917,642.0713,624.0407,0.0190,-0.0006,-0.0032,0.0072,-0.0202,45.8183,0.0202,-0.0104,-0.0008,0.4873,0.1572,0.9504,buy
2025-12-04,656.9121,2174200,642.5569,659.1313,641.4869,0.0238,0.0540,0.0192,0.0291,0.0040,54.4678,0.0215,-0.0071,0.0018,0.8524,0.2222,1.1401,buy
2025-12-05,667.3639,2356400,658.2990,670.3062,657.3677,0.0159,0.0624,0.0568,0.0397,0.0206,53.9121,0.0204,-0.0033,0.0044,1.0146,0.0838,1.2200,sell
2025-12-08,650.1357,1878900,664.7980,665.5312,647.6589,-0.0258,0.0390,-0.0104,0.0139,-0.0046,53.5536,0.0185,-0.0025,0.0043,0.6337,-0.2026,0.9682,hold
2025-12-09,649.6502,1386700,647.3419,654.6235,644.4193,-0.0007,0.0317,0.0039,0.0128,-0.0042,52.1333,0.0179,-0.0018,0.0040,0.6202,-0.2620,0.7172,buy
2025-12-10,656.2681,1596400,647.8670,663.2030,646.6782,0.0102,0.0228,0.0222,0.0208,0.0066,54.0200,0.0178,-0.0005,0.0042,0.7467,0.1512,0.8163,buy
2025-12-11,669.7217,2815300,653.2960,672.0202,651.8000,0.0205,0.0195,0.0745,0.0343,0.0273,63.0932,0.0147,0.0022,0.0054,0.9650,0.7635,1.3953,sell
2025-12-12,664.6890,1940900,673.0803,674.8635,660.6668,-0.0075,-0.0040,0.0581,0.0207,0.0199,53.0712,0.0154,0.0037,0.0055,0.8323,-0.3106,0.9581,sell
2025-12-15,648.5109,1707100,663.8072,665.1249,646.9456,-0.0243,-0.0025,0.0364,-0.0076,-0.0042,50.5148,0.0180,0.0029,0.0039,0.5480,-0.1205,0.8371,buy
2025-12-16,663.1237,1775000,648.3029,665.2637,642.1804,0.0225,0.0207,0.0530,0.0096,0.0182,57.4583,0.0190,0.0039,0.0039,0.7848,0.0398,0.8634,sell
2025-12-17,654.6335,2237300,664.7782,669.9199,654.0192,-0.0128,-0.0025,0.0202,-0.0053,0.0050,61.9624,0.0191,0.0037,0.0029,0.6241,0.2605,1.0935,buy
2025-12-18,662.6581,2040200,657.5759,670.2469,655.3468,0.0123,-0.0105,0.0087,0.0060,0.0170,62.8470,0.0180,0.0044,0.0029,0.7432,-0.0881,0.9792,hold
2025-12-19,665.0556,4555500,661.5882,669.3156,659.2501,0.0036,0.0006,-0.0035,0.0100,0.0198,64.6529,0.0172,0.0052,0.0030,0.7579,1.2329,2.0844,buy
2025-12-22,668.9292,1184300,668.9391,672.9415,664.7583,0.0058,0.0315,0.0289,0.0130,0.0247,64.6268,0.0147,0.0062,0.0032,0.8034,-0.7400,0.5764,hold
2025-12-23,667.8691,954300,665.3924,669.7118,660.2011,-0.0016,0.0072,0.0280,0.0086,0.0225,60.6419,0.0148,0.0068,0.0031,0.7606,-0.1942,0.4911,hold
2025-12-24,668.5528,334100,666.4129,670.2072,665.7789,0.0010,0.0213,0.0187,0.0078,0.0230,55.3599,0.0145,0.0073,0.0028,0.7461,-0.6499,0.1793,hold
2025-12-26,670.2567,555000,668.0673,671.8220,666.9676,0.0025,0.0115,0.0008,0.0103,0.0249,51.4487,0.0130,0.0078,0.0027,0.7561,0.6612,0.3123,hold
2025-12-29,667.8791,885900,666.5416,672.2580,664.7484,-0.0035,0.0042,0.0048,0.0062,0.0204,60.4383,0.0128,0.0078,0.0022,0.6981,0.5962,0.4983,sell
2025-12-30,663.6487,1192200,665.3131,667.9979,662.3806,-0.0063,-0.0079,0.0233,-0.0024,0.0137,57.8877,0.0099,0.0073,0.0013,0.5987,0.3458,0.6835,sell
2025-12-31,656.2582,948500,661.8061,663.5695,656.0502,-0.0111,-0.0174,-0.0104,-0.0125,0.0025,49.9944,0.0077,0.0059,-0.0001,0.3680,-0.2044,0.5531,sell
2026-01-02,623.6048,2738700,654.4551,655.8322,616.4420,-0.0498,-0.0672,-0.0474,-0.0572,-0.0461,28.7889,0.0171,0.0008,-0.0045,-0.3160,1.8874,1.5536,buy
2026-01-05,627.9440,2170700,623.6048,633.5712,613.9355,0.0070,-0.0631,-0.0524,-0.0457,-0.0384,32.9909,0.0166,-0.0029,-0.0065,-0.0767,-0.2074,1.2315,buy
2026-01-06,641.1797,2564200,624.3379,643.2008,621.8809,0.0211,-0.0400,-0.0359,-0.0220,-0.0172,46.5114,0.0185,-0.0040,-0.0060,0.2071,0.1813,1.4462,buy
2026-01-07,645.0931,1396400,643.9538,651.1264,639.5848,0.0061,-0.0280,-0.0356,-0.0125,-0.0102,40.4472,0.0185,-0.0043,-0.0051,0.2869,-0.4554,0.7984,hold
2026-01-08,646.6782,1651400,634.6412,651.6911,632.8084,0.0025,-0.0146,-0.0317,-0.0068,-0.0069,45.4525,0.0186,-0.0043,-0.0041,0.3198,0.1826,0.9371,sell
2026-01-09,642.0629,1304600,645.5864,647.8295,631.2444,-0.0071,0.0296,-0.0396,-0.0099,-0.0130,37.7496,0.0185,-0.0049,-0.0037,0.2558,-0.2100,0.7465,sell
2026-01-12,630.6886,1601200,635.3137,638.1524,623.9395,-0.0177,0.0044,-0.0590,-0.0214,-0.0299,31.5303,0.0189,-0.0068,-0.0045,0.1083,0.2273,0.9492,sell
2026-01-13,600.7542,2656800,627.3736,632.4950,599.8708,-0.0475,-0.0630,-0.1005,-0.0581,-0.0746,21.3783,0.0229,-0.0126,-0.0081,-0.1656,0.6593,1.5423,sell
2026-01-14,562.3633,4834000,586.5710,588.2285,552.4977,-0.0639,-0.1282,-0.1526,-0.1040,-0.1311,16.2765,0.0284,-0.0233,-0.0148,-0.2706,0.8195,2.5726,sell
2026-01-15,550.4332,3405000,561.5495,567.0679,547.5053,-0.0212,-0.1488,-0.1613,-0.1080,-0.1464,14.7770,0.0284,-0.0331,-0.0195,-0.1574,-0.2956,1.7368,sell
2026-01-16,541.2127,4773200,548.6468,549.8576,531.0989,-0.0168,-0.1571,-0.1321,-0.1111,-0.1577,13.1704,0.0260,-0.0420,-0.0226,-0.0764,0.4018,2.2868,sell
2026-01-20,524.9949,3588800,533.7390,536.8654,522.8014,-0.0300,-0.1676,-0.1639,-0.1229,-0.1798,12.2061,0.0253,-0.0521,-0.0256,-0.0493,-0.2481,1.6578,sell
2026-01-21,520.9949,2643600,528.0220,533.4015,516.7966,-0.0076,-0.1328,-0.1874,-0.1117,-0.1828,12.2210,0.0219,-0.0594,-0.0262,0.0175,-0.2634,1.2776,buy
2026-01-22,543.5947,3228300,522.9007,544.1505,522.9007,0.0434,-0.0334,-0.1573,-0.0569,-0.1447,22.3877,0.0289,-0.0582,-0.0211,0.1661,0.2212,1.4868,buy
2026-01-23,559.7530,3274000,542.7313,560.3485,541.6395,0.0297,0.0169,-0.1344,-0.0140,-0.1168,32.9742,0.0320,-0.0545,-0.0148,0.2664,0.0142,1.4314,hold
2026-01-26,557.5695,2111600,559.9317,565.1225,557.4801,-0.0039,0.0302,-0.1316,-0.0030,-0.1177,31.0167,0.0321,-0.0528,-0.0103,0.2793,-0.3550,0.8886,sell
2026-01-27,541.3219,2459200,556.3884,557.3710,533.3222,-0.0291,0.0311,-0.1417,-0.0163,-0.1404,23.4943,0.0325,-0.0546,-0.0087,0.2291,0.1646,0.9951,sell
2026-01-28,534.6720,2261400,544.6667,548.8651,533.3321,-0.0123,0.0263,-0.1100,-0.0166,-0.1480,21.1102,0.0304,-0.0559,-0.0075,0.2239,-0.0804,0.8902,sell
2026-01-29,499.2191,5915400,508.6282,509.8787,488.0432,-0.0663,-0.0816,-0.1123,-0.0710,-0.2005,17.2277,0.0308,-0.0653,-0.0108,0.0968,1.6158,2.1306,hold
2026-01-30,495.1894,3885500,497.7501,502.3256,492.9463,-0.0081,-0.1153,-0.1004,-0.0689,-0.2033,17.2727,0.0307,-0.0700,-0.0121,0.1196,-0.3432,1.3292,sell
2026-02-02,483.4776,2880600,496.6683,498.8617,482.9814,-0.0237,-0.1329,-0.1067,-0.0810,-0.2181,17.2467,0.0309,-0.0762,-0.0135,0.1148,-0.2586,0.9830,sell
2026-02-03,430.8441,7569100,464.9969,466.4757,424.0652,-0.1089,-0.2041,-0.1793,-0.1661,-0.2983,15.6645,0.0437,-0.0982,-0.0223,-0.0239,1.6276,2.3652,buy
2026-02-04,442.3078,6971000,424.7402,447.1215,408.0360,0.0266,-0.1727,-0.1510,-0.1307,-0.2752,22.7764,0.0460,-0.1022,-0.0226,0.0775,-0.0790,2.0380,sell
2026-02-05,431.6580,5211300,445.1464,456.9773,427.9162,-0.0241,-0.1353,-0.2059,-0.1325,-0.2874,22.9094,0.0411,-0.1108,-0.0234,0.0824,-0.2524,1.4431,buy
2026-02-06,440.4518,3645600,433.8515,444.6501,432.1443,0.0204,-0.1105,-0.2131,-0.0931,-0.2679,26.9733,0.0399,-0.1104,-0.0198,0.1466,-0.3004,0.9824,sell
2026-02-09,434.2287,3720500,435.3899,437.8613,427.7177,-0.0141,-0.1019,-0.2212,-0.0826,-0.2732,28.2645,0.0395,-0.1133,-0.0171,0.1459,0.0205,0.9710,sell
2026-02-10,418.2391,5184000,431.4000,447.7170,417.2168,-0.0368,-0.0293,-0.2274,-0.0928,-0.2951,26.7296,0.0397,-0.1204,-0.0164,0.1045,0.3934,1.2925,sell
2026-02-11,396.7014,6089000,416.4625,418.8446,389.4460,-0.0515,-0.1031,-0.2580,-0.1130,-0.3262,16.5733,0.0402,-0.1321,-0.0180,0.0561,0.1746,1.4558,hold
2026-02-12,394.9843,4334000,394.9744,405.9418,388.2252,-0.0043,-0.0850,-0.2088,-0.0957,-0.3238,9.8680,0.0385,-0.1355,-0.0168,0.1001,-0.2882,1.0424,hold
2026-02-13,396.4135,4888300,394.0513,404.3438,386.4089,0.0036,-0.1000,-0.1995,-0.0715,-0.3159,10.6032,0.0392,-0.1355,-0.0137,0.1481,0.1279,1.1552,sell
2026-02-17,376.3348,5481300,390.1408,394.0315,372.5930,-0.0507,-0.1333,-0.2216,-0.0958,-0.3445,10.4082,0.0403,-0.1457,-0.0139,0.1135,0.1213,1.2845,buy
2026-02-18,386.6571,4526900,377.4068,395.1531,372.6923,0.0274,-0.0755,-0.1026,-0.0611,-0.3201,15.0962,0.0302,-0.1404,-0.0097,0.1908,-0.1741,1.0493,sell
2026-02-19,378.6871,2961700,387.5801,387.5801,376.3249,-0.0206,-0.0454,-0.1438,-0.0660,-0.3273,17.3443,0.0273,-0.1422,-0.0070,0.1937,-0.3458,0.6840,hold
2026-02-20,377.7045,4122800,378.0320,390.0217,376.0470,-0.0026,-0.0437,-0.1250,-0.0558,-0.3225,17.6355,0.0274,-0.1403,-0.0038,0.2176,0.3920,0.9424,sell
2026-02-23,356.8615,5495900,372.1464,372.1464,346.3904,-0.0552,-0.0998,-0.1898,-0.0889,-0.3531,16.7908,0.0276,-0.1495,-0.0041,0.1615,0.3331,1.2252,hold
2026-02-24,356.0278,6576000,365.2583,370.0522,353.8542,-0.0023,-0.0540,-0.1801,-0.0725,-0.3475,23.0555,0.0281,-0.1492,-0.0027,0.1773,0.1965,1.3965,buy
2026-02-25,378.3794,5299400,353.8839,378.7367,350.8865,0.0628,-0.0214,-0.0953,-0.0039,-0.2991,28.6510,0.0373,-0.1335,0.0034,0.2919,-0.1941,1.0924,buy
2026-02-26,391.4708,9787200,385.0988,403.8277,382.6770,0.0346,0.0338,-0.0132,0.0319,-0.2674,36.7947,0.0365,-0.1198,0.0101,0.3734,0.8469,1.8723,buy
2026-02-27,405.9715,8184700,381.8036,406.5670,381.8036,0.0370,0.0748,0.0278,0.0671,-0.2333,39.0796,0.0383,-0.1043,0.0167,0.4825,-0.1637,1.5325,buy
2026-03-02,415.9265,5673400,399.4408,426.4175,398.4482,0.0245,0.1655,0.0492,0.0877,-0.2071,44.3373,0.0389,-0.0902,0.0224,0.5872,-0.3068,1.0448,buy
2026-03-03,430.1097,5902600,411.4900,435.2212,408.5223,0.0341,0.2081,0.1429,0.1092,-0.1730,53.7143,0.0342,-0.0748,0.0273,0.7582,0.0404,1.0576,buy
2026-03-04,436.8489,4242200,429.7127,438.7446,423.9560,0.0157,0.1545,0.1298,0.1121,-0.1527,63.8442,0.0339,-0.0619,0.0308,0.8132,-0.2813,0.7834,buy
2026-03-05,463.2997,7369500,435.8862,467.8553,435.6480,0.0605,0.1835,0.2234,0.1546,-0.0943,70.1245,0.0348,-0.0446,0.0343,1.0078,0.7372,1.3560,buy
2026-03-06,477.5721,5508900,463.5081,479.5969,460.1335,0.0308,0.1764,0.2644,0.1613,-0.0593,72.2261,0.0338,-0.0299,0.0373,1.0389,-0.2525,1.0109,sell
2026-03-09,470.1282,3985900,472.1529,477.4034,462.6148,-0.0156,0.1303,0.3174,0.1125,-0.0667,77.5961,0.0245,-0.0206,0.0381,0.9426,-0.2765,0.7291,sell
2026-03-10,450.5557,5013200,470.4657,471.4483,444.9181,-0.0416,0.0475,0.2655,0.0429,-0.0978,67.8298,0.0320,-0.0167,0.0356,0.7925,0.2577,0.9063,sell
2026-03-11,437.1566,2863500,454.6746,455.0716,432.2536,-0.0297,0.0007,0.1553,-0.0017,-0.1164,65.8352,0.0330,-0.0157,0.0306,0.6913,-0.4288,0.5288,sell
2026-03-12,431.8764,3543800,437.1070,447.2803,431.1816,-0.0121,-0.0678,0.1032,-0.0228,-0.1186,64.3375,0.0332,-0.0154,0.0252,0.6428,0.2376,0.6702,buy
2026-03-13,436.6703,2340000,428.7003,438.6355,425.7823,0.0111,-0.0856,0.0756,-0.0188,-0.1005,73.0838,0.0319,-0.0138,0.0210,0.6600,-0.3397,0.4510,buy
2026-03-16,448.9279,3051500,441.9902,452.4812,438.8042,0.0281,-0.0451,0.0793,0.0014,-0.0673,75.2047,0.0321,-0.0100,0.0191,0.7206,0.3041,0.5987,buy
2026-03-17,455.8458,2532900,451.6772,471.2200,451.1016,0.0154,0.0117,0.0598,0.0110,-0.0463,72.9383,0.0310,-0.0059,0.0182,0.7408,-0.1699,0.5118,sell
2026-03-18,443.4492,2467300,447.2010,455.5580,439.9754,-0.0272,0.0144,0.0151,-0.0179,-0.0650,65.4548,0.0324,-0.0051,0.0158,0.6420,-0.0259,0.5091,buy
2026-03-19,451.8360,2598500,449.4937,466.4856,448.1637,0.0189,0.0462,-0.0247,0.0032,-0.0396,64.1514,0.0261,-0.0027,0.0143,0.6779,0.0532,0.5382,hold
2026-03-20,452.1536,4718500,441.1664,459.3990,437.3750,0.0007,0.0355,-0.0532,0.0096,-0.0310,61.8846,0.0235,-0.0008,0.0129,0.6608,0.8159,0.9713,hold
2026-03-23,453.6027,3124700,452.5903,461.5131,446.3672,0.0032,0.0104,-0.0352,0.0166,-0.0198,58.4097,0.0234,0.0010,0.0117,0.6548,-0.3378,0.6593,sell
2026-03-24,429.2164,2824600,447.9949,449.4639,427.9758,-0.0538,-0.0584,-0.0474,-0.0335,-0.0639,47.5743,0.0258,-0.0021,0.0074,0.4118,-0.0960,0.6206,sell
2026-03-25,423.6682,2212600,434.9830,439.1913,414.0904,-0.0129,-0.0446,-0.0309,-0.0430,-0.0676,35.4747,0.0244,-0.0056,0.0032,0.3027,-0.2167,0.5032,buy
2026-03-26,429.3156,2192900,420.6311,440.3029,420.6311,0.0133,-0.0498,-0.0059,-0.0297,-0.0479,31.1199,0.0247,-0.0071,0.0013,0.3204,-0.0089,0.5458,sell
2026-03-27,413.3261,2649900,423.3010,424.2737,406.4380,-0.0372,-0.0859,-0.0535,-0.0609,-0.0773,29.1694,0.0269,-0.0116,-0.0024,0.0755,0.2084,0.7084,buy
2026-03-30,425.8220,2296300,416.2541,429.0576,415.2715,0.0302,-0.0612,-0.0515,-0.0274,-0.0441,40.4330,0.0272,-0.0121,-0.0025,0.2395,-0.1334,0.6429,hold
2026-03-31,429.1469,3293300,425.0379,432.1543,417.5444,0.0078,-0.0002,-0.0586,-0.0138,-0.0318,46.6400,0.0266,-0.0118,-0.0018,0.2909,0.4342,0.9569,sell
2026-04-01,422.6856,2743600,428.0354,428.3926,410.6563,-0.0151,-0.0023,-0.0468,-0.0240,-0.0419,46.1824,0.0258,-0.0130,-0.0023,0.2141,-0.1669,0.8150,sell
2026-04-02,419.3210,2554800,427.7177,433.3255,417.3458,-0.0080,-0.0233,-0.0720,-0.0244,-0.0451,42.7069,0.0245,-0.0143,-0.0028,0.1968,-0.0688,0.8173,sell
2026-04-06,414.2393,2182700,416.7801,419.4599,408.1253,-0.0121,0.0022,-0.0839,-0.0277,-0.0511,34.4818,0.0243,-0.0163,-0.0037,0.1372,-0.1456,0.7375,sell
2026-04-07,407.1725,2154100,410.5272,415.8273,404.4629,-0.0171,-0.0438,-0.1024,-0.0337,-0.0607,28.2547,0.0241,-0.0193,-0.0052,0.0544,-0.0131,0.7511,sell
2026-04-08,386.5975,4716200,413.6834,414.0805,383.3222,-0.0505,-0.0991,-0.0993,-0.0732,-0.1011,26.3305,0.0235,-0.0265,-0.0093,-0.1200,1.1894,1.6530,sell
2026-04-09,360.0949,7471800,378.5233,380.3452,352.9864,-0.0686,-0.1481,-0.1501,-0.1234,-0.1556,16.8112,0.0299,-0.0392,-0.0166,-0.2050,0.5843,2.4232,sell
2026-04-10,349.3923,7791200,358.2033,358.8106,340.6012,-0.0297,-0.1668,-0.1862,-0.1325,-0.1735,15.4226,0.0283,-0.0510,-0.0222,-0.1264,0.0427,2.3639,buy
2026-04-13,367.8107,3483700,352.9366,368.8163,350.4576,0.0527,-0.1121,-0.1101,-0.0764,-0.1245,24.0912,0.0356,-0.0519,-0.0196,0.0917,-0.5529,1.0390,hold
2026-04-14,365.1823,2483200,371.9822,376.8009,362.7232,-0.0071,-0.1031,-0.1424,-0.0688,-0.1254,27.7362,0.0326,-0.0549,-0.0179,0.1207,-0.2872,0.7469,buy
2026-04-15,388.0013,3352800,373.3462,390.3210,371.1161,0.0625,0.0036,-0.0959,-0.0001,-0.0664,38.9287,0.0405,-0.0484,-0.0108,0.3149,0.3502,0.9962,hold
2026-04-16,385.4028,2675500,398.7337,403.2139,383.9990,-0.0067,0.0703,-0.0882,0.0028,-0.0707,36.1061,0.0404,-0.0460,-0.0066,0.3149,-0.2020,0.7925,buy
2026-04-17,391.5157,3186300,394.5025,397.4395,387.4935,0.0159,0.1206,-0.0663,0.0261,-0.0536,42.6392,0.0411,-0.0415,-0.0022,0.3818,0.1909,0.9357,buy
2026-04-20,403.0446,2814300,392.1628,403.0844,390.1816,0.0294,0.0958,-0.0270,0.0595,-0.0244,42.2624,0.0425,-0.0347,0.0028,0.4984,-0.1167,0.8502,hold
2026-04-21,403.0645,3137700,406.0214,417.1521,398.9030,0.0000,0.1037,-0.0101,0.0607,-0.0226,40.9361,0.0422,-0.0299,0.0061,0.5234,0.1149,0.9477,hold
2026-04-22,406.8777,3354300,403.7217,411.9552,400.9439,0.0095,0.0487,0.0525,0.0650,-0.0120,44.4036,0.0383,-0.0248,0.0087,0.5747,0.0690,1.0051,sell
2026-04-23,381.6096,3900200,383.3021,384.1185,372.3108,-0.0621,-0.0098,0.0597,-0.0067,-0.0717,38.4417,0.0370,-0.0274,0.0066,0.3350,0.1627,1.1398,buy
2026-04-24,394.2038,2336200,380.1859,394.9804,379.3197,0.0330,0.0069,0.1283,0.0142,-0.0410,44.1296,0.0355,-0.0244,0.0069,0.4833,-0.4010,0.6813,sell
2026-04-27,388.2004,2380800,388.3298,397.2304,382.9835,-0.0152,-0.0368,0.0554,-0.0064,-0.0553,44.4063,0.0334,-0.0240,0.0062,0.4304,0.0191,0.6971,buy
2026-04-28,398.6143,2225100,396.2447,402.4274,394.8509,0.0268,-0.0110,0.0915,0.0116,-0.0300,53.7688,0.0336,-0.0205,0.0071,0.5646,-0.0654,0.6522,sell
2026-04-29,393.3376,1885000,394.9405,395.1496,387.2944,-0.0132,-0.0333,0.0138,-0.0032,-0.0437,62.0272,0.0285,-0.0193,0.0070,0.5258,-0.1528,0.5641,sell
2026-04-30,386.7867,2450900,380.3153,388.4692,378.3241,-0.0167,0.0136,0.0036,-0.0201,-0.0596,63.9483,0.0290,-0.0196,0.0057,0.4622,0.3002,0.7367,buy
2026-05-01,397.2802,2102000,400.4262,406.6188,385.0742,0.0271,0.0078,0.0147,0.0050,-0.0349,61.6830,0.0298,-0.0167,0.0063,0.6315,-0.1424,0.6362,buy
2026-05-04,405.1951,2379700,398.4948,416.3059,397.6386,0.0199,0.0438,0.0053,0.0245,-0.0170,65.2246,0.0290,-0.0128,0.0078,0.7655,0.1321,0.7181,sell
2026-05-05,396.5634,2078400,402.8455,402.8455,388.6185,-0.0213,-0.0051,-0.0161,0.0043,-0.0398,53.6521,0.0298,-0.0118,0.0074,0.6451,-0.1266,0.6279,sell
2026-05-06,386.8364,2247700,388.2800,396.5235,379.8275,-0.0245,-0.0165,-0.0493,-0.0153,-0.0648,50.5765,0.0304,-0.0130,0.0054,0.4902,0.0815,0.7053,buy
2026-05-07,404.9861,2200400,393.6363,409.9839,393.2580,0.0469,0.0471,0.0613,0.0248,-0.0221,54.9383,0.0268,-0.0093,0.0066,0.7584,-0.0210,0.7527,sell
2026-05-08,394.5622,2348500,393.7956,397.9472,383.5012,-0.0257,-0.0068,0.0009,-0.0017,-0.0475,46.8649,0.0268,-0.0091,0.0058,0.5574,0.0673,0.8858,hold
2026-05-11,391.5555,1622500,390.7889,398.3156,387.2845,-0.0076,-0.0337,0.0086,-0.0102,-0.0541,45.8381,0.0264,-0.0093,0.0046,0.4598,-0.3091,0.6343,sell
2026-05-12,386.0300,2575200,393.3177,394.4129,383.8895,-0.0141,-0.0266,-0.0316,-0.0210,-0.0661,42.5533,0.0251,-0.0105,0.0028,0.2310,0.5872,1.0049,sell
2026-05-13,370.0707,3494300,381.5101,383.1727,367.9302,-0.0413,-0.0433,-0.0592,-0.0559,-0.1021,45.5848,0.0278,-0.0152,-0.0011,-0.1290,0.3569,1.3598,buy
2026-05-14,376.6217,2461900,370.0209,384.1284,364.6846,0.0177,-0.0700,-0.0263,-0.0367,-0.0835,42.9462,0.0284,-0.0167,-0.0022,0.0866,-0.2955,0.9620,buy
2026-05-15,391.2668,3524200,382.9736,397.6286,382.9736,0.0389,-0.0084,-0.0151,0.0023,-0.0445,51.1505,0.0300,-0.0142,-0.0002,0.4600,0.4315,1.3681,buy
2026-05-18,401.3820,2637200,390.1020,405.9617,385.8110,0.0259,0.0251,-0.0094,0.0292,-0.0161,51.0407,0.0305,-0.0102,0.0027,0.7217,-0.2517,1.0273,hold
2026-05-19,397.9472,3192700,417.2119,422.1201,396.1552,-0.0086,0.0309,0.0035,0.0200,-0.0211,51.7577,0.0298,-0.0080,0.0040,0.6433,0.2106,1.2424,sell
2026-05-20,382.2368,6992600,382.7545,388.7778,373.2566,-0.0395,0.0329,-0.0119,-0.0191,-0.0566,48.3784,0.0315,-0.0097,0.0023,0.2530,1.1902,2.5411,sell
2026-05-21,305.7158,22353500,310.9128,314.1186,301.0265,-0.2002,-0.1883,-0.2451,-0.1949,-0.2405,27.8097,0.0670,-0.0333,-0.0146,-0.4650,2.1967,6.0835,buy
2026-05-22,318.5290,12480800,306.3629,319.6242,305.1583,0.0419,-0.1859,-0.1927,-0.1441,-0.2042,29.4839,0.0703,-0.0442,-0.0211,-0.1241,-0.4417,2.9846,sell
2026-05-26,303.0078,9770100,313.0831,315.6617,301.0465,-0.0487,-0.2451,-0.2261,-0.1659,-0.2379,28.5525,0.0707,-0.0602,-0.0287,-0.1030,-0.2172,2.1467,hold
2026-05-27,306.3729,7921500,300.2599,313.3121,299.1747,0.0111,-0.2301,-0.2063,-0.1377,-0.2238,30.9996,0.0715,-0.0686,-0.0299,0.0147,-0.1892,1.6380,hold
2026-05-28,311.6196,7492200,306.6018,317.5932,301.7732,0.0171,-0.1847,-0.1579,-0.1083,-0.2047,26.5221,0.0720,-0.0723,-0.0274,0.1075,-0.0542,1.4644,buy
2026-05-29,330.0679,8922600,315.6318,331.0535,313.6108,0.0592,0.0797,-0.1236,-0.0428,-0.1528,34.4114,0.0752,-0.0666,-0.0194,0.2544,0.1909,1.6402,buy
2026-06-01,352.1999,6565200,337.2063,361.5783,336.0912,0.0671,0.1057,-0.0998,0.0331,-0.0913,41.2926,0.0777,-0.0555,-0.0090,0.4116,-0.2642,1.1593,sell
2026-06-02,320.7193,7382800,328.4252,330.9639,314.1086,-0.0894,0.0585,-0.2010,-0.0364,-0.1669,37.0387,0.0807,-0.0621,-0.0089,0.2328,0.1245,1.2485,sell
2026-06-03,310.0665,5722600,318.1109,318.1109,308.9216,-0.0332,0.0121,-0.2208,-0.0432,-0.1885,37.8355,0.0807,-0.0672,-0.0097,0.1968,-0.2249,0.9388,sell
2026-06-04,300.6482,7030000,318.3996,319.6938,299.7223,-0.0304,-0.0352,-0.2135,-0.0483,-0.2078,34.7751,0.0806,-0.0734,-0.0113,0.1747,0.2285,1.1098,hold
2026-06-05,295.4513,6306300,302.4801,305.6461,292.3749,-0.0173,-0.1049,-0.0336,-0.0617,-0.2162,30.0431,0.0503,-0.0786,-0.0122,0.1762,-0.1029,0.9643,buy
2026-06-08,304.1627,5587400,293.8981,304.6903,289.9556,0.0295,-0.1364,-0.0451,-0.0296,-0.1877,29.6316,0.0493,-0.0761,-0.0093,0.2557,-0.1140,0.8337,sell
2026-06-09,292.4844,4922900,297.7809,307.3784,289.8958,-0.0384,-0.0880,-0.0347,-0.0637,-0.2138,28.6423,0.0483,-0.0812,-0.0094,0.2115,-0.1189,0.7169,sell
2026-06-10,282.9666,6158300,285.4157,291.0906,280.6866,-0.0325,-0.0874,-0.0764,-0.0873,-0.2335,29.3792,0.0489,-0.0873,-0.0105,0.1846,0.2509,0.8740,sell
2026-06-11,275.6888,6120400,278.6258,281.7519,272.0648,-0.0257,-0.0830,-0.1153,-0.1004,-0.2470,41.2438,0.0485,-0.0935,-0.0117,0.1760,-0.0062,0.8527,hold
2026-06-12,275.5096,5153700,274.8027,275.6390,266.8280,-0.0007,-0.0675,-0.1653,-0.0847,-0.2414,36.4571,0.0421,-0.0955,-0.0110,0.2056,-0.1579,0.7048,buy
2026-06-15,280.5273,5098600,276.5350,286.4212,274.9919,0.0182,-0.0777,-0.2035,-0.0452,-0.2216,42.4218,0.0331,-0.0928,-0.0078,0.2570,-0.0107,0.6899,hold
2026-06-16,279.7508,4813900,280.9555,283.5440,274.1655,-0.0028,-0.0435,-0.1277,-0.0344,-0.2179,40.8662,0.0235,-0.0915,-0.0050,0.2623,-0.0558,0.6419,sell
2026-06-17,267.8933,4709900,278.6158,284.6292,267.2960,-0.0424,-0.0533,-0.1360,-0.0617,-0.2452,35.6489,0.0245,-0.0967,-0.0051,0.1653,-0.0216,0.6217,sell
2026-06-18,265.8225,10059100,259.8489,268.6798,258.0868,-0.0077,-0.0358,-0.1158,-0.0575,-0.2459,26.3748,0.0239,-0.0978,-0.0044,0.1248,1.1357,1.3015,sell
2026-06-22,256.6332,6358200,258.2759,266.2506,251.7249,-0.0346,-0.0685,-0.1314,-0.0773,-0.2677,11.1596,0.0249,-0.1034,-0.0053,0.0836,-0.3679,0.9176,hold
2026-06-23,256.9120,5781700,261.1830,262.5072,254.5225,0.0011,-0.0842,-0.1553,-0.0604,-0.2630,15.2553,0.0207,-0.1036,-0.0045,0.1334,-0.0907,0.8768,buy
2026-06-24,261.0835,5249500,256.9816,269.2672,254.9307,0.0162,-0.0667,-0.1074,-0.0340,-0.2464,21.3019,0.0215,-0.0998,-0.0018,0.2069,-0.0920,0.8244,sell
2026-06-25,253.9451,4314600,255.1398,261.2029,252.0933,-0.0273,-0.0521,-0.1026,-0.0502,-0.2623,21.8866,0.0209,-0.1019,-0.0009,0.1761,-0.1781,0.6973,buy
2026-06-26,266.5393,10779200,259.1719,269.9243,258.2361,0.0496,0.0027,-0.0332,0.0003,-0.2202,34.0193,0.0274,-0.0917,0.0036,0.3135,1.4983,1.6970,hold
2026-06-29,265.2251,5402100,272.8414,276.3459,264.0603,-0.0049,0.0335,-0.0373,-0.0008,-0.2185,26.5612,0.0274,-0.0872,0.0068,0.3202,-0.4988,0.8747,sell
2026-06-30,259.8489,5260600,262.3080,264.9364,257.9673,-0.0203,0.0114,-0.0737,-0.0134,-0.2284,28.7419,0.0267,-0.0858,0.0082,0.2600,-0.0262,0.8609,buy
2026-07-01,265.9021,4807400,268.9487,274.9321,265.2650,0.0233,0.0185,-0.0495,0.0150,-0.2039,38.3591,0.0284,-0.0785,0.0106,0.3535,-0.0861,0.8037,buy
2026-07-02,274.1357,5046900,268.0626,276.0870,267.7639,0.0310,0.0795,0.0233,0.0439,-0.1729,48.9542,0.0271,-0.0689,0.0141,0.5013,0.0498,0.8485,sell
2026-07-06,270.9398,5539900,270.7208,273.7474,262.4972,-0.0117,0.0165,0.0193,0.0297,-0.1758,47.0429,0.0273,-0.0641,0.0159,0.4700,0.0977,0.9432,buy
2026-07-07,279.9300,4819000,279.2928,282.5385,273.1500,0.0332,0.0554,0.0908,0.0546,-0.1431,49.6324,0.0255,-0.0545,0.0183,0.6612,-0.1301,0.8310,sell
2026-07-08,270.9000,4290400,277.9388,277.9388,267.8734,-0.0323,0.0425,0.0544,0.0152,-0.1644,45.0551,0.0286,-0.0522,0.0184,0.5191,-0.1097,0.7482,buy
2026-07-09,273.3800,4013300,260.6300,273.8600,259.3700,0.0092,0.0281,0.0471,0.0198,-0.1508,53.4242,0.0284,-0.0473,0.0182,0.6217,-0.0646,0.7055,hold
2026-07-10,274.9600,2574500,278.1700,280.3500,272.3500,0.0058,0.0030,0.0828,0.0177,-0.1393,55.7378,0.0260,-0.0425,0.0181,0.6901,-0.3585,0.4673,buy
2026-07-13,289.7600,6564700,278.7000,296.0000,278.7000,0.0538,0.0695,0.0871,0.0633,-0.0870,69.4324,0.0268,-0.0325,0.0200,1.0460,1.5499,1.1867,sell
2026-07-14,282.4300,5302600,273.4800,287.6200,271.7000,-0.0253,0.0089,0.0649,0.0299,-0.1042,63.8253,0.0287,-0.0287,0.0201,0.8267,-0.1923,0.9573,sell
2026-07-15,279.7000,3391000,287.6000,289.5000,278.7300,-0.0097,0.0325,0.0764,0.0127,-0.1062,60.2462,0.0277,-0.0257,0.0188,0.7583,-0.3605,0.6218,buy
2026-07-16,294.7900,5043000,286.0000,298.4500,277.5700,0.0540,0.0783,0.1086,0.0562,-0.0513,70.6710,0.0311,-0.0177,0.0197,1.0553,0.4872,0.9227,sell
2026-07-17,291.0900,3629400,295.1000,302.0700,290.0100,-0.0126,0.0587,0.0618,0.0367,-0.0568,63.6540,0.0311,-0.0133,0.0196,0.9103,-0.2803,0.6707,buy
2026-07-20,293.8200,4583800,284.5100,295.4100,279.4400,0.0094,0.0140,0.0844,0.0380,-0.0422,65.6566,0.0304,-0.0088,0.0191,0.9076,0.2630,0.8922,sell
2026-07-21,289.9200,3176600,280.0600,295.3800,278.9600,-0.0133,0.0265,0.0357,0.0206,-0.0477,66.7354,0.0298,-0.0064,0.0175,0.8003,-0.3070,0.6381,sell
2026-07-22,284.4700,3005300,294.5500,296.4400,284.0000,-0.0188,0.0171,0.0501,-0.0034,-0.0588,60.4034,0.0282,-0.0059,0.0147,0.6727,-0.0539,0.6210,sell
2026-07-23,281.5300,2494800,289.1000,289.8900,278.9400,-0.0103,-0.0450,0.0298,-0.0165,-0.0617,54.4042,0.0286,-0.0063,0.0117,0.5944,-0.1699,0.5306,buy
