date,close,volume,open,high,low,return_1d,return_5d,return_10d,price_vs_ma10,price_vs_ma50,rsi_14,volatility_10d,macd_norm,macd_hist_norm,bb_position,volume_change,volume_vs_avg20,label
2021-09-10,138.8555,8311600,141.6792,141.8204,138.7319,-0.0115,-0.0193,-0.0271,-0.0149,0.0096,57.8199,0.0074,0.0052,-0.0023,0.3487,0.0515,0.9364,buy
2021-09-13,141.0615,10052800,139.8879,141.2291,139.4820,0.0159,0.0023,-0.0196,0.0028,0.0252,59.0804,0.0089,0.0052,-0.0018,0.6226,0.2095,1.1258,sell
2021-09-14,138.5996,11685600,141.5821,142.3674,137.8848,-0.0175,-0.0134,-0.0210,-0.0126,0.0071,48.4392,0.0092,0.0038,-0.0026,0.3297,0.1624,1.2875,buy
2021-09-15,139.5614,11691500,138.2907,140.0291,138.0701,0.0069,-0.0021,-0.0112,-0.0047,0.0135,41.9109,0.0096,0.0032,-0.0025,0.4405,0.0005,1.2717,hold
2021-09-16,139.4996,10880900,140.6644,141.9351,138.7320,-0.0004,-0.0069,-0.0102,-0.0041,0.0125,38.7729,0.0096,0.0027,-0.0024,0.4149,-0.0693,1.1657,hold
2021-09-17,139.1378,25581600,138.8731,140.3114,138.5378,-0.0026,0.0020,-0.0173,-0.0049,0.0090,32.5760,0.0094,0.0020,-0.0025,0.3277,1.3511,2.5235,sell
2021-09-20,134.9728,15819900,135.7935,136.3847,132.7933,-0.0299,-0.0432,-0.0409,-0.0307,-0.0209,28.6528,0.0130,-0.0009,-0.0045,-0.1927,-0.3816,1.4953,hold
2021-09-21,134.9905,8999900,135.4759,136.3759,134.6376,0.0001,-0.0260,-0.0391,-0.0268,-0.0201,29.5601,0.0130,-0.0033,-0.0055,-0.0782,-0.4311,0.8464,buy
2021-09-22,137.5760,11236200,136.9495,138.7585,136.8613,0.0192,-0.0142,-0.0163,-0.0065,-0.0014,40.3547,0.0149,-0.0035,-0.0045,0.2330,0.2485,1.0393,buy
2021-09-23,142.2262,12336100,139.4202,142.6939,139.1290,0.0338,0.0195,0.0125,0.0258,0.0316,51.4826,0.0186,-0.0009,-0.0015,0.7464,0.0979,1.1358,buy
2021-09-24,143.8675,10102400,142.4557,144.3529,141.9086,0.0115,0.0340,0.0361,0.0339,0.0425,57.0520,0.0183,0.0019,0.0010,0.9060,-0.1811,0.9341,buy
2021-09-27,147.3442,13220900,145.5971,147.7148,145.2529,0.0242,0.0917,0.0445,0.0541,0.0656,63.4755,0.0191,0.0059,0.0040,1.1491,0.3087,1.1979,hold
2021-09-28,146.5501,13387900,147.9796,149.3914,146.1795,-0.0054,0.0856,0.0574,0.0425,0.0573,63.0600,0.0179,0.0086,0.0054,0.9938,0.0126,1.1838,hold
2021-09-29,146.4353,7777100,146.6648,147.2736,145.6323,-0.0008,0.0644,0.0493,0.0366,0.0543,61.8763,0.0180,0.0105,0.0058,0.9249,-0.4191,0.7018,sell
2021-09-30,144.4411,13161200,147.2913,147.3531,143.6470,-0.0136,0.0156,0.0354,0.0190,0.0385,60.9554,0.0189,0.0109,0.0050,0.7554,0.6923,1.1644,buy
2021-10-01,147.4766,11285000,144.7147,148.5090,144.3617,0.0210,0.0251,0.0599,0.0343,0.0581,62.1858,0.0195,0.0125,0.0053,0.9177,-0.1426,0.9876,hold
2021-10-04,147.3177,14120000,147.3354,150.3973,146.2412,-0.0011,-0.0002,0.0915,0.0243,0.0548,68.1483,0.0153,0.0136,0.0052,0.8623,0.2512,1.2033,buy
2021-10-05,149.7235,12292900,148.4363,151.0373,147.9569,0.0163,0.0217,0.1091,0.0305,0.0696,69.9545,0.0151,0.0154,0.0057,0.9412,-0.1294,1.0343,hold
2021-10-06,150.0431,8692600,149.1287,150.1141,147.3622,0.0021,0.0246,0.0906,0.0239,0.0694,70.4958,0.0150,0.0170,0.0058,0.9011,-0.2929,0.7288,buy
2021-10-07,150.9929,10195400,151.9783,152.2535,150.5046,0.0063,0.0454,0.0616,0.0242,0.0735,72.5305,0.0121,0.0184,0.0058,0.8953,0.1729,0.8467,hold
2021-10-08,151.1083,8190100,150.9308,152.1026,150.2916,0.0008,0.0246,0.0503,0.0200,0.0719,86.2442,0.0120,0.0194,0.0055,0.8560,-0.1967,0.6805,sell
2021-10-11,147.9303,12154700,151.6232,152.0582,147.7705,-0.0210,0.0042,0.0040,-0.0018,0.0473,75.4521,0.0125,0.0188,0.0036,0.6864,0.4841,1.0012,sell
2021-10-12,146.7940,13032600,147.1402,147.9747,146.2702,-0.0077,-0.0196,0.0017,-0.0097,0.0373,69.2276,0.0127,0.0172,0.0016,0.6160,0.0722,1.0676,sell
2021-10-13,142.9235,22753500,145.6488,146.8384,142.5684,-0.0264,-0.0475,-0.0240,-0.0335,0.0088,51.5034,0.0152,0.0139,-0.0017,0.4186,0.7459,1.7830,buy
2021-10-14,145.1162,15176800,143.5893,145.5955,142.0890,0.0153,-0.0389,0.0047,-0.0191,0.0226,52.6296,0.0156,0.0119,-0.0028,0.5136,-0.3330,1.1696,buy
2021-10-15,147.9036,14267400,146.7851,148.4007,145.7109,0.0192,-0.0212,0.0029,-0.0006,0.0403,51.2133,0.0153,0.0116,-0.0022,0.6374,-0.0599,1.1497,hold
2021-10-18,147.8504,12672900,147.7882,149.6791,147.2822,-0.0004,-0.0005,0.0036,-0.0013,0.0387,52.9139,0.0153,0.0114,-0.0019,0.6165,-0.1118,1.0343,buy
2021-10-19,149.6436,8053900,148.6050,149.7146,147.8770,0.0121,0.0194,-0.0005,0.0109,0.0497,56.6865,0.0149,0.0120,-0.0010,0.7264,-0.3645,0.6599,buy
2021-10-20,151.6587,8185600,149.4039,151.6854,148.6582,0.0135,0.0611,0.0108,0.0234,0.0621,65.0294,0.0155,0.0133,0.0004,0.8978,0.0164,0.6791,sell
2021-10-21,150.4691,8415200,151.5877,152.0937,149.7412,-0.0078,0.0369,-0.0035,0.0157,0.0526,56.7504,0.0156,0.0138,0.0006,0.7698,0.0280,0.7097,buy
2021-10-22,152.4931,8817900,150.9396,152.7683,150.6467,0.0135,0.0310,0.0092,0.0284,0.0653,60.7683,0.0162,0.0148,0.0014,0.9239,0.0479,0.7477,sell
2021-10-25,151.7475,10159200,153.3187,153.5407,151.3391,-0.0049,0.0264,0.0258,0.0208,0.0585,54.5238,0.0145,0.0152,0.0014,0.8146,0.1521,0.8728,hold
2021-10-26,152.1558,8015100,151.8008,153.1235,151.3924,0.0027,0.0168,0.0365,0.0198,0.0596,54.7035,0.0140,0.0155,0.0014,0.8164,-0.2111,0.7049,sell
2021-10-27,148.9867,9847000,151.1971,151.5344,148.5517,-0.0208,-0.0176,0.0424,-0.0054,0.0360,45.9353,0.0127,0.0142,-0.0001,0.5139,0.2286,0.8582,buy
2021-10-28,151.2326,7212900,149.4039,151.3658,149.1021,0.0151,0.0051,0.0421,0.0054,0.0496,50.2318,0.0127,0.0138,-0.0003,0.7048,-0.2675,0.6453,hold
2021-10-29,150.8154,8140100,151.9605,152.9015,150.3715,-0.0028,-0.0110,0.0197,0.0007,0.0446,55.9985,0.0117,0.0133,-0.0007,0.6471,0.1285,0.7387,hold
2021-11-01,150.7355,7435500,152.7240,152.9814,150.0342,-0.0005,-0.0067,0.0195,-0.0017,0.0420,58.5714,0.0117,0.0126,-0.0010,0.6234,-0.0866,0.6958,buy
2021-11-02,151.3302,7173800,150.7355,152.4133,149.9543,0.0039,-0.0054,0.0113,0.0011,0.0442,71.3192,0.0112,0.0123,-0.0011,0.6732,-0.0352,0.6878,hold
2021-11-03,151.3835,8402700,151.0284,151.9162,150.1585,0.0004,0.0161,-0.0018,0.0016,0.0428,67.8283,0.0103,0.0119,-0.0011,0.6698,0.1713,0.8068,sell
2021-11-04,149.3950,9574200,150.9130,151.0906,147.7971,-0.0131,-0.0122,-0.0071,-0.0108,0.0281,54.4445,0.0109,0.0106,-0.0021,0.4812,0.1394,0.9220,hold
2021-11-05,149.1819,7975600,149.9365,150.9929,148.6138,-0.0014,-0.0108,-0.0217,-0.0100,0.0257,53.9308,0.0097,0.0092,-0.0028,0.4693,-0.1670,0.7689,buy
2021-11-08,150.0786,6413700,150.0697,151.7297,149.7945,0.0060,-0.0044,-0.0110,-0.0030,0.0310,51.3558,0.0100,0.0084,-0.0028,0.5491,-0.1958,0.6359,sell
2021-11-09,148.9423,7990300,148.5606,149.5548,147.8948,-0.0076,-0.0158,-0.0211,-0.0084,0.0221,41.0422,0.0101,0.0072,-0.0033,0.4202,0.2458,0.8125,hold
2021-11-10,148.8003,6999200,148.6494,149.9809,148.3298,-0.0010,-0.0171,-0.0013,-0.0093,0.0201,44.0882,0.0076,0.0061,-0.0036,0.3331,-0.1240,0.7737,hold
2021-11-11,148.7914,5815300,148.7115,149.7412,148.1611,-0.0001,-0.0040,-0.0161,-0.0077,0.0189,34.7030,0.0054,0.0051,-0.0036,0.2542,-0.1691,0.6779,sell
2021-11-12,148.1256,8113400,148.8269,148.9068,147.1136,-0.0045,-0.0071,-0.0178,-0.0104,0.0135,34.9337,0.0055,0.0039,-0.0039,0.1296,0.3952,0.9810,sell
2021-11-15,147.8592,6492500,148.4363,148.9511,147.3621,-0.0018,-0.0148,-0.0191,-0.0102,0.0107,31.9134,0.0055,0.0028,-0.0040,0.0815,-0.1998,0.8155,sell
2021-11-16,146.7940,9706100,148.3031,148.3120,146.5809,-0.0072,-0.0144,-0.0300,-0.0144,0.0025,38.7830,0.0053,0.0013,-0.0044,-0.0135,0.4950,1.2066,sell
2021-11-17,146.0039,9909600,146.6608,146.9715,145.0452,-0.0054,-0.0188,-0.0355,-0.0161,-0.0037,18.5702,0.0052,-0.0003,-0.0049,-0.0298,0.0210,1.2188,sell
2021-11-18,144.7434,8122500,145.9329,146.3413,144.3084,-0.0086,-0.0272,-0.0311,-0.0216,-0.0129,16.8608,0.0044,-0.0023,-0.0055,-0.0666,-0.1803,1.0008,sell
2021-11-19,142.8525,12193600,143.1898,143.9089,141.5475,-0.0131,-0.0356,-0.0424,-0.0302,-0.0263,14.0779,0.0054,-0.0049,-0.0065,-0.1295,0.5012,1.4718,buy
2021-11-22,145.8974,14549900,145.7287,147.3444,144.6901,0.0213,-0.0133,-0.0279,-0.0067,-0.0062,29.7622,0.0093,-0.0051,-0.0053,0.2128,0.1932,1.7109,buy
2021-11-23,149.3861,12354400,146.9183,149.6347,146.8028,0.0239,0.0177,0.0030,0.0167,0.0161,44.0758,0.0124,-0.0032,-0.0028,0.5885,-0.1509,1.4166,sell
2021-11-24,148.2143,9629800,149.5459,150.4159,147.7527,-0.0078,0.0151,-0.0039,0.0092,0.0069,46.3198,0.0126,-0.0025,-0.0017,0.4661,-0.2205,1.1056,sell
2021-11-26,143.7491,13619300,143.9355,144.3882,140.9883,-0.0301,-0.0069,-0.0339,-0.0179,-0.0240,36.6142,0.0158,-0.0044,-0.0028,0.0511,0.4143,1.5081,hold
2021-11-29,143.1277,12104400,144.9742,146.2791,141.8760,-0.0043,0.0019,-0.0337,-0.0188,-0.0287,32.6385,0.0158,-0.0062,-0.0037,0.0556,-0.1112,1.3116,sell
2021-11-30,140.9972,18922600,141.2901,142.5951,140.5178,-0.0149,-0.0336,-0.0464,-0.0288,-0.0440,31.0942,0.0162,-0.0088,-0.0050,-0.0383,0.5633,1.9303,sell
2021-12-01,140.1627,12253400,142.9235,144.9387,140.0828,-0.0059,-0.0617,-0.0452,-0.0301,-0.0503,30.1022,0.0161,-0.0112,-0.0059,-0.0188,-0.3524,1.2184,buy
2021-12-02,143.1100,12969900,141.8849,144.9209,140.9705,0.0210,-0.0344,-0.0198,-0.0077,-0.0311,38.4727,0.0180,-0.0110,-0.0047,0.2385,0.0585,1.2610,sell
2021-12-03,140.5178,12681800,143.3674,143.6603,139.5413,-0.0181,-0.0225,-0.0292,-0.0228,-0.0484,35.6833,0.0187,-0.0126,-0.0049,0.0857,-0.0222,1.2146,buy
2021-12-06,142.1778,11186500,142.9324,144.3528,141.5564,0.0118,-0.0066,-0.0047,-0.0108,-0.0369,39.8413,0.0188,-0.0124,-0.0039,0.2415,-0.1179,1.0552,buy
2021-12-07,144.3172,9851600,143.7047,145.0452,143.0656,0.0150,0.0235,-0.0108,0.0052,-0.0220,45.7353,0.0181,-0.0109,-0.0020,0.4254,-0.1193,0.9144,sell
2021-12-08,142.6661,11705700,144.3971,144.9386,142.1867,-0.0114,0.0179,-0.0450,-0.0017,-0.0327,44.4180,0.0160,-0.0108,-0.0014,0.3109,0.1882,1.0681,hold
2021-12-09,142.4442,11189600,141.7251,142.8614,140.8374,-0.0016,-0.0047,-0.0389,0.0008,-0.0337,46.0166,0.0160,-0.0106,-0.0010,0.3127,-0.0441,1.0019,hold
2021-12-10,141.8760,10405400,143.2076,143.5449,141.2635,-0.0040,0.0097,-0.0130,-0.0019,-0.0372,48.2269,0.0131,-0.0107,-0.0008,0.2846,-0.0701,0.9129,sell
2021-12-13,140.1893,12069000,141.5919,141.8494,139.6212,-0.0119,-0.0140,-0.0205,-0.0117,-0.0477,39.0979,0.0135,-0.0117,-0.0014,0.1656,0.1599,1.0408,buy
2021-12-14,141.2635,12563600,139.7721,142.8259,139.6390,0.0077,-0.0212,0.0019,-0.0043,-0.0396,32.9102,0.0130,-0.0115,-0.0010,0.2849,0.0410,1.0558,sell
2021-12-15,140.2071,14014200,141.9026,141.9026,139.6833,-0.0075,-0.0172,0.0003,-0.0118,-0.0456,33.0707,0.0131,-0.0121,-0.0012,0.2137,0.1155,1.1568,buy
2021-12-16,142.3997,19542800,142.3820,143.6514,140.8817,0.0156,-0.0003,-0.0050,0.0042,-0.0296,46.8438,0.0122,-0.0108,-0.0001,0.4392,0.3945,1.5514,sell
2021-12-17,139.1596,28082000,141.4322,141.4855,137.7570,-0.0228,-0.0191,-0.0097,-0.0177,-0.0502,41.7315,0.0130,-0.0120,-0.0008,0.1605,0.4369,2.0657,sell
2021-12-20,136.6562,15148000,137.1622,137.3308,134.7919,-0.0180,-0.0252,-0.0388,-0.0316,-0.0654,41.0929,0.0132,-0.0142,-0.0023,0.0131,-0.4606,1.1023,buy
2021-12-21,138.5648,11291300,137.9612,139.5324,137.6771,0.0140,-0.0191,-0.0399,-0.0141,-0.0512,46.8598,0.0130,-0.0144,-0.0020,0.2053,-0.2546,0.8315,hold
2021-12-22,139.1063,7273000,138.2630,139.4259,137.8102,0.0039,-0.0079,-0.0250,-0.0077,-0.0465,41.3102,0.0130,-0.0141,-0.0014,0.2539,-0.3559,0.5458,hold
2021-12-23,139.6034,8055200,139.9141,141.2546,139.5590,0.0036,-0.0196,-0.0199,-0.0021,-0.0426,47.8168,0.0131,-0.0134,-0.0007,0.3063,0.1075,0.6081,buy
2021-12-27,140.4024,6188100,139.9053,140.4379,138.7867,0.0057,0.0089,-0.0104,0.0046,-0.0365,45.5791,0.0133,-0.0122,0.0003,0.4265,-0.2318,0.4806,hold
2021-12-28,140.8285,6342300,140.4379,142.1690,140.3314,0.0030,0.0305,0.0046,0.0072,-0.0327,40.5028,0.0127,-0.0110,0.0013,0.4994,0.0249,0.5039,hold
2021-12-29,140.7575,6398900,141.0149,141.7074,140.3935,-0.0005,0.0158,-0.0036,0.0071,-0.0322,44.3153,0.0125,-0.0099,0.0019,0.4912,0.0089,0.5350,hold
2021-12-30,140.6864,6948200,141.2457,142.2488,140.5888,-0.0005,0.0114,0.0034,0.0062,-0.0315,44.7172,0.0122,-0.0090,0.0022,0.4774,0.0858,0.5941,hold
2021-12-31,140.5711,5805900,140.6598,141.4055,140.2248,-0.0008,0.0069,-0.0128,0.0067,-0.0308,45.9683,0.0110,-0.0083,0.0024,0.4780,-0.1644,0.5121,buy
2022-01-03,143.5449,13120900,141.9115,144.3794,141.6008,0.0212,0.0224,0.0315,0.0248,-0.0094,59.6036,0.0102,-0.0058,0.0037,0.8703,1.2599,1.1551,buy
2022-01-04,148.9867,20195800,145.8619,149.6525,145.7909,0.0379,0.0579,0.0902,0.0544,0.0287,67.6828,0.0124,-0.0009,0.0066,1.2616,0.5392,1.7101,sell
2022-01-05,146.2628,17539400,149.8708,150.3530,146.2182,-0.0183,0.0391,0.0556,0.0295,0.0107,62.8816,0.0149,0.0014,0.0072,0.9572,-0.1315,1.4384,buy
2022-01-06,147.8168,14047500,149.0581,149.4689,146.3432,0.0106,0.0507,0.0626,0.0341,0.0220,61.8448,0.0149,0.0040,0.0078,1.0096,-0.1991,1.1410,buy
2022-01-07,149.2814,13913300,147.9507,149.6118,147.4060,0.0099,0.0620,0.0693,0.0373,0.0321,73.9953,0.0149,0.0067,0.0084,1.0241,-0.0096,1.1178,hold
2022-01-10,149.4242,12922500,150.9871,151.2014,147.8257,0.0010,0.0410,0.0643,0.0318,0.0333,84.0835,0.0150,0.0089,0.0084,0.9578,-0.0712,1.0278,hold
2022-01-11,149.5761,11854100,150.2637,150.4959,148.5223,0.0010,0.0040,0.0621,0.0267,0.0346,82.4361,0.0151,0.0105,0.0081,0.9073,-0.0827,0.9436,buy
2022-01-12,150.4245,12568000,150.4423,151.4514,149.2992,0.0057,0.0285,0.0687,0.0257,0.0405,82.7480,0.0149,0.0121,0.0077,0.9003,0.0602,1.0004,hold
2022-01-13,150.2369,13623400,150.3352,151.6480,149.9333,-0.0012,0.0164,0.0679,0.0178,0.0393,81.3284,0.0150,0.0131,0.0070,0.8465,0.0840,1.0861,sell
2022-01-14,141.0028,40158400,143.5659,143.8070,140.1187,-0.0615,-0.0555,0.0031,-0.0451,-0.0231,51.1817,0.0263,0.0095,0.0024,0.3606,1.9478,2.9585,sell
2022-01-18,135.0909,32324800,139.1185,139.1185,134.4390,-0.0419,-0.0959,-0.0589,-0.0798,-0.0622,40.7134,0.0283,0.0026,-0.0039,0.0840,-0.1951,2.3448,sell
2022-01-19,133.0011,22380000,135.3588,135.9482,132.6618,-0.0155,-0.1108,-0.1073,-0.0841,-0.0747,38.2161,0.0239,-0.0044,-0.0088,0.0193,-0.3077,1.5819,sell
2022-01-20,131.8670,14860800,133.0548,134.5015,131.5991,-0.0085,-0.1234,-0.0984,-0.0828,-0.0802,37.0203,0.0238,-0.0107,-0.0121,0.0260,-0.3360,1.0373,sell
2022-01-21,129.5630,20705400,131.7241,131.7331,128.8396,-0.0175,-0.1376,-0.1235,-0.0872,-0.0938,34.7797,0.0227,-0.0172,-0.0149,0.0054,0.3933,1.3806,hold
2022-01-24,129.4468,28471400,127.0624,129.9201,124.6423,-0.0009,-0.0820,-0.1329,-0.0751,-0.0922,28.8348,0.0217,-0.0220,-0.0157,0.0610,0.3751,1.7774,buy
2022-01-25,130.8579,18915900,128.2859,131.1436,125.7318,0.0109,-0.0313,-0.1243,-0.0525,-0.0800,19.0361,0.0227,-0.0243,-0.0145,0.1479,-0.3356,1.1358,buy
2022-01-26,132.0992,20709100,132.8136,134.4658,130.3488,0.0095,-0.0068,-0.1168,-0.0312,-0.0692,24.5181,0.0234,-0.0251,-0.0123,0.2145,0.0948,1.1920,sell
2022-01-27,129.7683,17536800,133.4388,134.2961,128.7146,-0.0176,-0.0159,-0.1373,-0.0337,-0.0833,18.4121,0.0226,-0.0275,-0.0116,0.1740,-0.1532,0.9781,buy
2022-01-28,130.9293,14117000,128.7682,131.0633,126.9642,0.0089,0.0105,-0.1285,-0.0108,-0.0730,17.5356,0.0235,-0.0277,-0.0096,0.2331,-0.1950,0.7719,buy
2022-01-31,132.7065,13985700,130.0630,132.8761,129.1968,0.0136,0.0252,-0.0588,0.0089,-0.0586,22.0431,0.0177,-0.0264,-0.0067,0.3006,-0.0093,0.7480,buy
2022-02-01,134.9838,14584900,132.7869,135.2695,132.4386,0.0172,0.0315,-0.0008,0.0263,-0.0411,27.2171,0.0137,-0.0235,-0.0034,0.3790,0.0428,0.7770,sell
2022-02-02,133.9032,12441100,134.4033,134.7962,132.2332,-0.0080,0.0137,0.0068,0.0174,-0.0476,24.3911,0.0130,-0.0222,-0.0015,0.3657,-0.1470,0.6768,sell
2022-02-03,132.7957,12474900,133.9567,135.4302,132.4296,-0.0083,0.0233,0.0070,0.0083,-0.0537,23.7148,0.0130,-0.0216,-0.0006,0.3506,0.0027,0.6881,buy
2022-02-04,136.2429,16654400,133.1530,137.0824,132.8583,0.0260,0.0406,0.0516,0.0292,-0.0273,41.3108,0.0134,-0.0181,0.0019,0.4711,0.3350,0.9121,hold
2022-02-07,136.6984,12572300,136.8770,137.1895,134.7158,0.0033,0.0301,0.0560,0.0270,-0.0225,53.6645,0.0133,-0.0154,0.0036,0.5057,-0.2451,0.6910,buy
2022-02-08,139.2704,20411400,138.4220,141.5298,138.2434,0.0188,0.0318,0.0643,0.0398,-0.0034,63.9841,0.0139,-0.0113,0.0058,0.6196,0.6235,1.0993,buy
2022-02-09,139.8509,9131100,139.8419,140.5921,139.1543,0.0042,0.0444,0.0587,0.0381,0.0012,68.2596,0.0138,-0.0079,0.0074,0.6775,-0.5526,0.4954,sell
2022-02-10,139.2704,16455600,139.9044,142.0209,138.6184,-0.0042,0.0488,0.0732,0.0266,-0.0027,74.1016,0.0118,-0.0056,0.0078,0.7117,0.8021,0.8835,sell
2022-02-11,137.4575,16830000,138.9667,141.2708,136.6091,-0.0130,0.0089,0.0499,0.0084,-0.0153,68.3434,0.0134,-0.0047,0.0071,0.7136,0.0228,0.8959,sell
2022-02-14,136.1804,17026500,136.3947,137.2431,134.2425,-0.0093,-0.0038,0.0262,-0.0035,-0.0235,62.2633,0.0137,-0.0047,0.0058,0.6563,0.0117,0.9658,buy
2022-02-15,138.1719,9500000,137.9844,139.2614,137.3950,0.0146,-0.0079,0.0236,0.0087,-0.0089,63.5241,0.0134,-0.0034,0.0055,0.7842,-0.4420,0.5762,hold
2022-02-16,138.4219,9076500,137.2967,139.4043,137.2967,0.0018,-0.0102,0.0337,0.0072,-0.0066,71.2405,0.0129,-0.0023,0.0053,0.7741,-0.0446,0.5736,sell
2022-02-17,135.2338,11367500,136.6359,137.2878,134.5551,-0.0230,-0.0290,0.0184,-0.0178,-0.0282,59.6091,0.0151,-0.0032,0.0036,0.5386,0.2524,0.7264,buy
2022-02-18,135.8679,11733300,135.8589,137.6540,134.9659,0.0047,-0.0116,-0.0028,-0.0129,-0.0227,57.4370,0.0126,-0.0035,0.0026,0.5653,0.0322,0.7719,hold
2022-02-22,135.6267,11333500,134.4926,136.8502,134.3229,-0.0018,-0.0041,-0.0078,-0.0139,-0.0234,51.6727,0.0125,-0.0039,0.0018,0.5256,-0.0341,0.7902,sell
2022-02-23,132.7868,11799000,136.7430,136.9038,132.1438,-0.0209,-0.0390,-0.0466,-0.0300,-0.0426,47.3393,0.0119,-0.0059,-0.0001,0.2737,0.0411,0.8436,sell
2022-02-24,129.0896,25655100,127.6518,129.4825,124.8298,-0.0278,-0.0674,-0.0769,-0.0495,-0.0678,42.1372,0.0135,-0.0099,-0.0031,0.0101,1.1743,1.8023,buy
2022-02-25,132.1439,18367700,129.7148,134.0728,129.4111,0.0237,-0.0228,-0.0512,-0.0219,-0.0445,41.1562,0.0168,-0.0106,-0.0032,0.2276,-0.2841,1.2866,sell
2022-02-28,126.6337,31315300,128.1966,129.5450,125.8121,-0.0417,-0.0680,-0.0787,-0.0551,-0.0825,32.1734,0.0204,-0.0152,-0.0059,-0.1219,0.7049,2.0690,sell
2022-03-01,121.8560,36840400,125.0620,125.4549,119.2929,-0.0377,-0.1015,-0.1052,-0.0809,-0.1145,21.3910,0.0225,-0.0221,-0.0100,-0.2056,0.1764,2.2631,buy
2022-03-02,124.3833,19405600,122.6061,125.0620,121.9989,0.0207,-0.0633,-0.0998,-0.0520,-0.0942,26.1170,0.0233,-0.0246,-0.0102,0.0209,-0.4733,1.1747,sell
2022-03-03,123.4992,16640800,124.8834,125.9015,122.4007,-0.0071,-0.0433,-0.1078,-0.0479,-0.0989,25.8744,0.0229,-0.0274,-0.0103,0.0498,-0.1425,0.9947,sell
2022-03-04,120.0252,21016000,120.5075,120.9361,118.2391,-0.0281,-0.0917,-0.1125,-0.0637,-0.1219,24.6231,0.0233,-0.0323,-0.0118,-0.0071,0.2629,1.2250,sell
2022-03-07,115.3903,27560100,118.0337,118.4981,115.1581,-0.0386,-0.0888,-0.1507,-0.0852,-0.1529,22.4302,0.0239,-0.0398,-0.0147,-0.0564,0.3114,1.5569,hold
2022-03-08,114.5777,19207800,115.7743,117.6944,113.6578,-0.0070,-0.0597,-0.1552,-0.0763,-0.1557,17.7018,0.0237,-0.0450,-0.0159,0.0095,-0.3031,1.0651,buy
2022-03-09,119.1679,17536200,118.6856,120.7754,118.2749,0.0401,-0.0419,-0.1026,-0.0286,-0.1191,26.4424,0.0295,-0.0435,-0.0123,0.1840,-0.0870,0.9802,sell
2022-03-10,117.7569,15604200,117.7569,119.1768,116.3816,-0.0118,-0.0465,-0.0878,-0.0312,-0.1266,27.6446,0.0289,-0.0446,-0.0105,0.1772,-0.1102,0.8567,sell
2022-03-11,115.1046,20061800,118.3195,119.7395,114.6848,-0.0225,-0.0410,-0.1289,-0.0395,-0.1430,24.7448,0.0267,-0.0474,-0.0100,0.1401,0.2857,1.0907,buy
2022-03-14,116.2476,15786900,115.6136,118.7035,115.4082,0.0099,0.0074,-0.0820,-0.0215,-0.1313,26.9346,0.0256,-0.0470,-0.0080,0.2046,-0.2131,0.8607,buy
2022-03-15,118.3106,15096600,117.7033,119.2661,117.1050,0.0177,0.0326,-0.0291,-0.0011,-0.1130,32.4453,0.0245,-0.0443,-0.0048,0.2871,-0.0437,0.8274,buy
2022-03-16,123.5974,20354900,120.4449,123.6778,120.0520,0.0447,0.0372,-0.0063,0.0442,-0.0705,43.5871,0.0280,-0.0372,0.0006,0.4625,0.3483,1.0834,buy
2022-03-17,125.1602,17050500,122.2221,125.1960,121.3827,0.0126,0.0629,0.0134,0.0559,-0.0554,41.5514,0.0281,-0.0312,0.0048,0.5358,-0.1623,0.8887,hold
2022-03-18,125.1156,23656500,125.1960,125.7854,123.6510,-0.0004,0.0870,0.0424,0.0510,-0.0527,47.8835,0.0262,-0.0266,0.0076,0.5554,0.3874,1.1947,hold
2022-03-21,124.7137,12676100,125.3388,125.7050,123.8921,-0.0032,0.0728,0.0808,0.0395,-0.0524,54.5376,0.0217,-0.0229,0.0091,0.5674,-0.4642,0.6387,buy
2022-03-22,127.3660,13548600,127.0535,128.5359,126.5623,0.0213,0.0765,0.1116,0.0504,-0.0291,54.7174,0.0214,-0.0177,0.0109,0.7151,0.0688,0.6788,sell
2022-03-23,124.8298,12093200,125.9015,126.4462,124.3118,-0.0199,0.0100,0.0475,0.0247,-0.0448,52.0000,0.0207,-0.0157,0.0108,0.6297,-0.1074,0.6055,buy
2022-03-24,125.6425,10017600,125.2942,125.6603,124.2315,0.0065,0.0039,0.0670,0.0247,-0.0351,59.1772,0.0198,-0.0130,0.0106,0.6864,-0.1716,0.5220,buy
2022-03-25,126.7409,8383500,125.9997,127.8661,125.7407,0.0087,0.0130,0.1011,0.0240,-0.0231,70.9667,0.0170,-0.0101,0.0107,0.7859,-0.1631,0.4485,sell
2022-03-28,125.8032,10818100,125.0263,125.8925,123.1509,-0.0074,0.0087,0.0822,0.0086,-0.0266,70.6404,0.0178,-0.0084,0.0100,0.7365,0.2904,0.6123,hold
2022-03-29,126.0801,11316500,128.0180,128.2413,125.2406,0.0022,-0.0101,0.0657,0.0046,-0.0222,65.1054,0.0175,-0.0068,0.0093,0.7344,0.0461,0.6904,hold
2022-03-30,125.5085,8771000,126.7231,126.9195,124.9459,-0.0045,0.0054,0.0155,-0.0015,-0.0252,67.5851,0.0115,-0.0058,0.0083,0.6968,-0.2249,0.5530,sell
2022-03-31,121.7398,17353900,124.8744,125.3388,121.6862,-0.0300,-0.0311,-0.0273,-0.0288,-0.0528,64.3269,0.0145,-0.0076,0.0055,0.4884,0.9786,1.0917,sell
2022-04-01,120.8379,15721300,122.7043,122.7133,119.4894,-0.0074,-0.0466,-0.0342,-0.0327,-0.0582,60.0155,0.0145,-0.0094,0.0031,0.4347,-0.0941,1.0058,buy
2022-04-04,121.3737,17416400,119.7752,122.2935,118.6767,0.0044,-0.0352,-0.0268,-0.0258,-0.0528,57.1607,0.0147,-0.0103,0.0017,0.4447,0.1078,1.1516,sell
2022-04-05,119.9613,12110300,120.6180,121.8146,119.6644,-0.0116,-0.0485,-0.0581,-0.0314,-0.0625,39.6195,0.0123,-0.0119,0.0001,0.3267,-0.3047,0.8200,sell
2022-04-06,118.2969,12914700,118.3778,119.2595,117.8201,-0.0139,-0.0575,-0.0523,-0.0398,-0.0737,30.5192,0.0117,-0.0143,-0.0017,0.2218,0.0664,0.8884,hold
2022-04-07,117.9370,12994200,117.8111,118.6837,115.8138,-0.0030,-0.0312,-0.0613,-0.0367,-0.0744,29.9826,0.0109,-0.0162,-0.0028,0.1965,0.0062,0.9019,buy
2022-04-08,120.0962,13126900,118.4588,120.4651,118.2969,0.0183,-0.0061,-0.0524,-0.0137,-0.0561,38.2735,0.0127,-0.0157,-0.0020,0.3038,0.0102,0.9336,hold
2022-04-11,119.6554,10466400,119.6554,121.3647,119.2685,-0.0037,-0.0142,-0.0489,-0.0123,-0.0578,27.9401,0.0127,-0.0157,-0.0016,0.2383,-0.2027,0.7587,sell
2022-04-12,118.3419,12989900,118.8817,121.0768,117.5861,-0.0110,-0.0135,-0.0614,-0.0169,-0.0661,30.0419,0.0125,-0.0165,-0.0018,0.1332,0.2411,0.9489,sell
2022-04-13,114.5273,30838000,114.2034,116.2816,113.3667,-0.0322,-0.0319,-0.0875,-0.0398,-0.0933,21.1381,0.0149,-0.0201,-0.0039,-0.0455,1.3740,2.1697,sell
2022-04-14,113.4657,18835200,113.8075,115.4269,112.4760,-0.0093,-0.0379,-0.0680,-0.0421,-0.0987,15.4633,0.0130,-0.0231,-0.0054,-0.0137,-0.3892,1.3169,buy
2022-04-18,115.5709,11834400,113.0608,116.2726,112.9439,0.0186,-0.0377,-0.0436,-0.0199,-0.0795,24.9043,0.0153,-0.0232,-0.0047,0.1568,-0.3717,0.8631,buy
2022-04-19,117.9640,15015400,115.5619,118.1439,115.3640,0.0207,-0.0141,-0.0281,0.0033,-0.0577,31.9665,0.0171,-0.0213,-0.0025,0.3166,0.2688,1.0858,hold
2022-04-20,118.3778,13430200,119.2235,120.1142,118.1619,0.0035,0.0003,-0.0132,0.0081,-0.0516,34.0441,0.0169,-0.0195,-0.0006,0.3597,-0.1056,0.9716,sell
2022-04-21,117.4602,12174200,118.9536,119.4844,116.9204,-0.0078,0.0256,-0.0071,0.0010,-0.0557,39.0232,0.0165,-0.0187,0.0002,0.3227,-0.0935,0.8805,sell
2022-04-22,114.0864,14318800,117.2083,117.4242,113.9785,-0.0287,0.0055,-0.0326,-0.0245,-0.0790,34.6319,0.0188,-0.0207,-0.0009,0.1477,0.1762,1.0198,hold
2022-04-25,114.0504,17149000,113.3667,114.3653,110.7577,-0.0003,-0.0132,-0.0503,-0.0198,-0.0755,32.9421,0.0172,-0.0216,-0.0014,0.1708,0.1977,1.1843,sell
2022-04-26,110.6767,17209500,112.1342,113.7266,110.5418,-0.0296,-0.0618,-0.0750,-0.0414,-0.0989,30.1843,0.0189,-0.0251,-0.0035,0.0104,0.0035,1.1629,sell
2022-04-27,109.2372,17215200,110.0559,111.1625,109.0573,-0.0130,-0.0772,-0.0769,-0.0463,-0.1067,30.4769,0.0189,-0.0285,-0.0053,-0.0212,0.0003,1.1405,buy
2022-04-28,110.9646,13015600,110.4878,111.2435,108.9853,0.0158,-0.0553,-0.0311,-0.0282,-0.0886,35.8110,0.0181,-0.0288,-0.0048,0.1119,-0.2439,0.8503,sell
2022-04-29,107.3839,14874800,110.7037,111.2075,106.9701,-0.0323,-0.0587,-0.0536,-0.0545,-0.1134,25.5452,0.0203,-0.0328,-0.0063,-0.0305,0.1428,0.9797,buy
2022-05-02,108.3646,18545000,107.8518,108.5985,106.3583,0.0091,-0.0499,-0.0624,-0.0398,-0.1014,28.7216,0.0193,-0.0337,-0.0060,0.0858,0.2467,1.2102,buy
2022-05-03,110.6857,15720900,109.3362,111.7113,108.6615,0.0214,0.0001,-0.0617,-0.0129,-0.0783,36.0993,0.0194,-0.0319,-0.0038,0.2469,-0.1523,1.0316,buy
2022-05-04,114.3473,17128500,110.4788,114.6172,110.4248,0.0331,0.0468,-0.0340,0.0235,-0.0444,49.6714,0.0230,-0.0271,0.0001,0.4856,0.0895,1.1058,sell
2022-05-05,111.4864,15055400,112.6830,113.4477,109.9030,-0.0250,0.0047,-0.0509,0.0032,-0.0650,46.6091,0.0240,-0.0265,0.0011,0.3236,-0.1210,0.9653,hold
2022-05-06,111.3065,14417900,111.3785,111.8193,109.0213,-0.0016,0.0365,-0.0244,0.0041,-0.0637,42.1782,0.0225,-0.0253,0.0018,0.3312,-0.0423,0.9202,sell
2022-05-09,109.6331,14312300,109.8580,110.9556,108.4096,-0.0150,0.0117,-0.0387,-0.0070,-0.0743,34.3050,0.0228,-0.0257,0.0015,0.2445,-0.0073,0.9100,sell
2022-05-10,106.9611,16382400,110.7577,111.3605,105.7645,-0.0244,-0.0337,-0.0336,-0.0280,-0.0938,30.1780,0.0222,-0.0280,-0.0001,0.1006,0.1446,1.0224,hold
2022-05-11,106.2863,14630300,107.3300,110.5598,106.1064,-0.0063,-0.0705,-0.0270,-0.0315,-0.0971,30.4348,0.0220,-0.0297,-0.0013,0.0981,-0.1070,0.9084,hold
2022-05-12,106.1964,16318800,105.2607,106.4483,103.7943,-0.0008,-0.0475,-0.0430,-0.0281,-0.0951,34.3895,0.0211,-0.0307,-0.0018,0.1388,0.1154,1.0611,buy
2022-05-13,107.1410,10443200,107.4289,108.1847,106.1244,0.0089,-0.0374,-0.0023,-0.0192,-0.0845,36.8041,0.0189,-0.0300,-0.0011,0.2289,-0.3601,0.6981,sell
2022-05-16,106.3943,10269000,106.6462,107.4739,105.4677,-0.0070,-0.0295,-0.0182,-0.0243,-0.0888,40.9091,0.0187,-0.0302,-0.0009,0.2124,-0.0167,0.6901,buy
2022-05-17,109.9210,11160200,108.8954,110.6317,108.6885,0.0331,0.0277,-0.0069,0.0088,-0.0577,51.3334,0.0206,-0.0263,0.0017,0.4565,0.0868,0.7598,sell
2022-05-18,108.0407,12664900,109.1293,109.7321,107.5369,-0.0171,0.0165,-0.0552,-0.0027,-0.0728,44.3321,0.0173,-0.0255,0.0024,0.3410,0.1348,0.8645,sell
2022-05-19,106.4393,12765800,106.3313,107.6449,105.8275,-0.0148,0.0023,-0.0453,-0.0129,-0.0845,48.0166,0.0163,-0.0258,0.0020,0.2177,0.0080,0.8696,sell
2022-05-20,105.5666,13150100,107.4739,107.6628,103.4794,-0.0082,-0.0147,-0.0516,-0.0158,-0.0901,44.0987,0.0163,-0.0263,0.0014,0.1644,0.0301,0.8994,buy
2022-05-23,112.0982,24376700,108.3736,113.8705,108.3646,0.0619,0.0536,0.0225,0.0427,-0.0333,52.5298,0.0263,-0.0200,0.0048,0.8229,0.8537,1.6270,buy
2022-05-24,113.6816,19324900,111.8823,114.6982,110.7577,0.0141,0.0342,0.0628,0.0509,-0.0192,48.7117,0.0246,-0.0148,0.0078,0.9351,-0.2072,1.2808,hold
2022-05-25,114.4733,12780400,113.6096,115.0311,112.6110,0.0070,0.0595,0.0770,0.0503,-0.0117,56.2831,0.0242,-0.0101,0.0099,0.9416,-0.3387,0.8597,buy
2022-05-26,116.4526,15990900,115.4899,117.1273,115.3460,0.0173,0.0941,0.0966,0.0585,0.0066,60.0633,0.0242,-0.0049,0.0118,1.0185,0.2512,1.0650,buy
2022-05-27,118.0989,11177800,117.1003,118.0989,116.1827,0.0141,0.1187,0.1023,0.0628,0.0221,66.5727,0.0243,0.0002,0.0133,1.0297,-0.3010,0.7537,buy
2022-05-31,118.9626,17015000,117.1183,119.7903,116.6955,0.0073,0.0612,0.1181,0.0586,0.0307,75.2843,0.0235,0.0047,0.0142,0.9923,0.5222,1.1532,sell
2022-06-01,116.8754,10768000,119.5384,119.5384,115.7598,-0.0175,0.0281,0.0633,0.0337,0.0139,71.0554,0.0238,0.0069,0.0132,0.8319,-0.3671,0.7423,buy
2022-06-02,118.7557,8374800,116.8664,118.7647,115.7598,0.0161,0.0374,0.0992,0.0404,0.0318,73.3132,0.0225,0.0096,0.0127,0.9008,-0.2223,0.5953,sell
2022-06-03,117.1003,8596000,118.0450,118.5488,116.9474,-0.0139,0.0056,0.1002,0.0164,0.0188,68.0117,0.0223,0.0107,0.0111,0.7866,0.0264,0.6253,hold
2022-06-06,116.7134,11323500,117.9370,119.1066,116.4705,-0.0033,-0.0117,0.1056,0.0034,0.0170,68.9086,0.0220,0.0111,0.0092,0.7460,0.3173,0.8331,hold
2022-06-07,117.0194,6722200,115.9038,117.2443,115.7148,0.0026,-0.0163,0.0439,0.0018,0.0214,64.7476,0.0124,0.0115,0.0076,0.7379,-0.4063,0.5088,sell
2022-06-08,115.1570,8422100,116.0567,116.4616,114.1674,-0.0159,-0.0147,0.0130,-0.0154,0.0070,64.7961,0.0134,0.0106,0.0053,0.6295,0.2529,0.6573,sell
2022-06-09,112.7369,13560100,114.5903,115.2470,112.7010,-0.0210,-0.0507,-0.0152,-0.0347,-0.0118,62.6628,0.0149,0.0081,0.0022,0.4919,0.6101,1.0627,sell
2022-06-10,107.5549,12945200,110.2899,111.0186,107.3480,-0.0460,-0.0815,-0.0764,-0.0720,-0.0543,53.4074,0.0190,0.0023,-0.0031,0.2114,-0.0453,1.0281,sell
2022-06-13,104.3521,16805600,105.1348,106.1154,103.5154,-0.0298,-0.1059,-0.1164,-0.0888,-0.0796,35.0157,0.0184,-0.0051,-0.0085,0.0680,0.2982,1.3018,sell
2022-06-14,102.6157,13357900,103.9562,105.5486,101.8600,-0.0166,-0.1231,-0.1374,-0.0910,-0.0920,28.7197,0.0171,-0.0124,-0.0127,0.0207,-0.2052,1.0225,buy
2022-06-15,103.8303,14083500,104.0192,105.2158,101.8150,0.0118,-0.0984,-0.1116,-0.0695,-0.0784,29.8605,0.0190,-0.0168,-0.0137,0.1178,0.0543,1.0661,sell
2022-06-16,102.0489,16724900,102.4358,102.7957,100.6455,-0.0172,-0.0948,-0.1407,-0.0715,-0.0913,22.5387,0.0163,-0.0219,-0.0150,0.0806,0.1876,1.2469,hold
2022-06-17,101.6891,30919900,102.1479,103.1285,100.9064,-0.0035,-0.0545,-0.1316,-0.0617,-0.0919,17.0997,0.0167,-0.0258,-0.0151,0.0972,0.8487,2.1591,buy
2022-06-21,104.2081,11680500,104.2441,105.2877,103.4974,0.0248,-0.0014,-0.1071,-0.0272,-0.0671,22.2599,0.0206,-0.0259,-0.0123,0.2041,-0.6222,0.8198,hold
2022-06-22,103.6233,9842700,103.3534,104.5410,102.9126,-0.0056,0.0098,-0.1145,-0.0204,-0.0696,23.5928,0.0201,-0.0267,-0.0105,0.2092,-0.1573,0.7280,sell
2022-06-23,102.4898,11851500,103.4704,103.6233,100.2946,-0.0109,-0.0129,-0.1100,-0.0194,-0.0769,16.5928,0.0201,-0.0282,-0.0094,0.1992,0.2041,0.9015,buy
2022-06-24,105.5486,14841100,101.8690,105.9985,101.5091,0.0298,0.0343,-0.0638,0.0169,-0.0472,27.5682,0.0235,-0.0256,-0.0059,0.3279,0.2523,1.1201,sell
2022-06-27,104.7029,11280500,106.2144,106.6102,104.0372,-0.0080,0.0296,-0.0265,0.0115,-0.0531,27.0856,0.0191,-0.0248,-0.0039,0.3171,-0.2399,0.8668,hold
2022-06-28,104.1991,11590900,105.8635,107.3210,104.0012,-0.0048,-0.0001,-0.0015,0.0068,-0.0561,25.7240,0.0166,-0.0242,-0.0026,0.3190,0.0275,0.8892,hold
2022-06-29,103.7313,9338400,104.3611,105.0988,103.2185,-0.0045,0.0010,0.0109,0.0012,-0.0583,27.1583,0.0156,-0.0238,-0.0017,0.3210,-0.1943,0.7381,sell
2022-06-30,101.3112,15172600,101.8150,102.6337,99.7998,-0.0233,-0.0115,-0.0243,-0.0198,-0.0775,27.1583,0.0169,-0.0256,-0.0024,0.2494,0.6248,1.1788,buy
2022-07-01,102.6067,10573600,101.3472,102.9396,100.0067,0.0128,-0.0279,0.0055,-0.0078,-0.0630,38.2879,0.0166,-0.0249,-0.0016,0.3196,-0.3031,0.8145,hold
2022-07-05,102.2165,12514200,100.5373,102.2981,99.2031,-0.0038,-0.0237,0.0052,-0.0121,-0.0640,44.1687,0.0166,-0.0248,-0.0011,0.3196,0.1835,0.9497,sell
2022-07-06,101.5539,10656200,101.4087,102.5523,100.5555,-0.0065,-0.0254,-0.0255,-0.0159,-0.0679,46.9201,0.0143,-0.0250,-0.0009,0.3013,-0.1485,0.8107,buy
2022-07-07,104.1225,10347400,103.0152,104.2858,102.9244,0.0253,0.0038,0.0048,0.0085,-0.0426,50.7858,0.0167,-0.0222,0.0011,0.4726,-0.0290,0.7765,hold
2022-07-08,103.7957,8807800,104.5218,104.9665,103.1150,-0.0031,0.0245,0.0127,0.0040,-0.0444,55.0964,0.0163,-0.0205,0.0022,0.4852,-0.1488,0.6600,sell
2022-07-11,102.4343,7939500,103.0605,103.6777,101.8534,-0.0131,-0.0017,-0.0295,-0.0061,-0.0557,52.0542,0.0134,-0.0202,0.0023,0.3356,-0.0986,0.6078,hold
2022-07-12,102.5341,11250900,102.1801,104.5400,101.8897,0.0010,0.0031,-0.0207,-0.0031,-0.0533,44.6754,0.0133,-0.0194,0.0024,0.3625,0.4171,0.8669,sell
2022-07-13,101.5721,12979900,101.4268,102.0894,100.1834,-0.0094,0.0002,-0.0252,-0.0099,-0.0612,43.6283,0.0135,-0.0196,0.0020,0.1923,0.1537,1.0150,sell
2022-07-14,98.0232,26204800,98.0142,98.2320,96.2624,-0.0349,-0.0586,-0.0550,-0.0391,-0.0923,37.9362,0.0170,-0.0229,-0.0004,-0.2305,1.0189,1.9512,buy
2022-07-15,102.5160,18863900,99.0761,103.3600,97.7237,0.0458,-0.0123,0.0119,0.0037,-0.0492,42.3978,0.0222,-0.0201,0.0011,0.4645,-0.2801,1.3800,sell
2022-07-18,101.4631,13977900,104.1678,105.1390,101.0093,-0.0103,-0.0095,-0.0111,-0.0055,-0.0567,41.9620,0.0221,-0.0195,0.0015,0.3089,-0.2590,1.0330,buy
2022-07-19,103.9772,11862300,102.6793,104.3221,102.2618,0.0248,0.0141,0.0172,0.0174,-0.0320,49.4994,0.0235,-0.0162,0.0034,0.6741,-0.1514,0.9430,hold
2022-07-20,103.9591,11667500,103.5597,104.1406,102.9970,-0.0002,0.0235,0.0237,0.0148,-0.0308,50.5245,0.0233,-0.0139,0.0046,0.6743,-0.0164,0.9276,hold
2022-07-21,104.6670,11595900,103.8683,104.8576,102.8972,0.0068,0.0678,0.0052,0.0212,-0.0233,58.3889,0.0220,-0.0113,0.0057,0.7676,-0.0061,0.9155,hold
2022-07-22,104.1588,7645500,104.5944,105.5111,103.1694,-0.0049,0.0160,0.0035,0.0159,-0.0276,54.0387,0.0220,-0.0096,0.0059,0.6771,-0.3407,0.6138,hold
2022-07-25,104.5763,9394000,105.1390,105.7017,104.1679,0.0040,0.0307,0.0209,0.0178,-0.0234,56.1321,0.0215,-0.0078,0.0062,0.7556,0.2287,0.7711,sell
2022-07-26,102.9425,10675100,103.9954,104.9030,102.5886,-0.0156,-0.0100,0.0040,0.0015,-0.0380,53.4351,0.0222,-0.0077,0.0052,0.5197,0.1364,0.8784,buy
2022-07-27,104.5944,9337400,103.4780,105.0482,102.8336,0.0160,0.0061,0.0298,0.0146,-0.0221,51.2229,0.0224,-0.0060,0.0053,0.7746,-0.1253,0.7755,hold
2022-07-28,104.2041,10384800,104.6035,105.2661,103.0424,-0.0037,-0.0044,0.0631,0.0048,-0.0254,51.0549,0.0183,-0.0051,0.0050,0.7077,0.1122,0.8588,hold
2022-07-29,104.7033,12944500,104.9121,105.7380,104.1860,0.0048,0.0052,0.0213,0.0075,-0.0198,56.1335,0.0120,-0.0039,0.0050,0.7576,0.2465,1.0804,sell
2022-08-01,103.6596,14740400,103.9228,104.4764,102.6249,-0.0100,-0.0088,0.0216,-0.0047,-0.0287,52.8945,0.0120,-0.0037,0.0042,0.5886,0.1387,1.2093,sell
2022-08-02,102.0440,14942900,103.3964,103.8320,101.8988,-0.0156,-0.0087,-0.0186,-0.0183,-0.0431,51.1743,0.0102,-0.0049,0.0025,0.3420,0.0137,1.2138,buy
2022-08-03,103.1150,14394500,102.9698,103.5597,101.3905,0.0105,-0.0141,-0.0081,-0.0072,-0.0326,64.4513,0.0109,-0.0048,0.0020,0.4940,-0.0367,1.1518,sell
2022-08-04,101.9805,18033900,102.4252,102.8518,100.7642,-0.0110,-0.0213,-0.0257,-0.0156,-0.0414,48.1222,0.0110,-0.0056,0.0010,0.3329,0.2528,1.3999,buy
2022-08-05,105.0664,14174600,102.1348,105.4567,101.6991,0.0303,0.0035,0.0087,0.0133,-0.0108,61.0585,0.0150,-0.0036,0.0022,0.7964,-0.2140,1.0779,sell
2022-08-08,103.7866,10332500,105.5111,105.9195,103.6323,-0.0122,0.0012,-0.0076,0.0017,-0.0209,49.3671,0.0155,-0.0032,0.0022,0.5924,-0.2711,0.7786,buy
2022-08-09,104.7215,10233800,104.1497,105.2751,103.8048,0.0090,0.0262,0.0173,0.0090,-0.0099,52.3863,0.0148,-0.0020,0.0026,0.7140,-0.0096,0.7742,buy
2022-08-10,107.4534,12847300,107.0632,108.3429,106.6456,0.0261,0.0421,0.0273,0.0325,0.0180,57.7408,0.0162,0.0009,0.0044,1.0191,0.2554,0.9723,buy
2022-08-11,109.0418,11684900,108.8239,110.0038,108.2884,0.0148,0.0692,0.0464,0.0429,0.0350,62.7973,0.0164,0.0043,0.0062,1.1969,-0.0905,0.9358,buy
2022-08-12,110.8479,9906700,109.5228,110.9568,108.4064,0.0166,0.0550,0.0587,0.0540,0.0533,65.3214,0.0168,0.0081,0.0080,1.1935,-0.1522,0.8229,hold
2022-08-15,111.1474,8456200,109.9494,111.3834,109.4593,0.0027,0.0709,0.0722,0.0493,0.0577,71.4421,0.0160,0.0113,0.0089,1.0905,-0.1464,0.7189,buy
2022-08-16,112.2094,9555000,110.9932,112.7630,110.6120,0.0096,0.0715,0.0996,0.0493,0.0688,70.5336,0.0138,0.0142,0.0095,1.0584,0.1299,0.8204,sell
2022-08-17,111.2654,8149300,111.0022,111.7828,110.4486,-0.0084,0.0355,0.0790,0.0326,0.0609,68.4885,0.0149,0.0159,0.0089,0.9169,-0.1471,0.7104,sell
2022-08-18,110.4032,9531800,110.9478,111.1565,109.4139,-0.0077,0.0125,0.0826,0.0167,0.0540,64.6455,0.0145,0.0165,0.0076,0.8154,0.1696,0.8385,sell
2022-08-19,107.6712,13464500,109.4774,109.8132,107.1993,-0.0247,-0.0287,0.0248,-0.0109,0.0294,59.4849,0.0156,0.0151,0.0047,0.6029,0.4126,1.1548,sell
2022-08-22,105.8923,8967600,105.9649,106.3371,104.8304,-0.0165,-0.0473,0.0203,-0.0291,0.0137,59.0289,0.0161,0.0123,0.0014,0.4671,-0.3340,0.7706,sell
2022-08-23,104.8485,7607000,105.9105,106.4550,104.7215,-0.0099,-0.0656,0.0012,-0.0388,0.0043,54.0725,0.0163,0.0091,-0.0015,0.3801,-0.1517,0.6624,hold
2022-08-24,105.1027,9771300,104.6398,105.6563,103.8774,0.0024,-0.0554,-0.0219,-0.0344,0.0066,57.6512,0.0136,0.0066,-0.0032,0.3970,0.2845,0.8492,buy
2022-08-25,107.5986,10758900,105.4294,107.7711,104.9938,0.0237,-0.0254,-0.0132,-0.0101,0.0295,56.3903,0.0151,0.0063,-0.0026,0.5745,0.1011,0.9335,sell
2022-08-26,104.0771,11276200,108.4246,108.9056,104.0135,-0.0327,-0.0334,-0.0611,-0.0365,-0.0043,50.6584,0.0166,0.0037,-0.0044,0.3078,0.0481,0.9856,hold
2022-08-29,103.8229,8117300,103.4690,104.2495,102.9788,-0.0024,-0.0195,-0.0659,-0.0323,-0.0070,47.8980,0.0164,0.0012,-0.0056,0.2873,-0.2801,0.7306,hold
2022-08-30,103.8411,10745400,104.3766,104.9030,102.8881,0.0002,-0.0096,-0.0746,-0.0245,-0.0073,40.3210,0.0156,-0.0008,-0.0060,0.2743,0.3238,0.9858,sell
2022-08-31,103.2239,10738300,103.9046,104.4038,102.8699,-0.0059,-0.0179,-0.0723,-0.0229,-0.0130,33.5557,0.0156,-0.0028,-0.0065,0.2245,-0.0007,1.0019,buy
2022-09-01,103.9319,9979800,102.8246,104.0408,101.5720,0.0069,-0.0341,-0.0586,-0.0102,-0.0063,29.1576,0.0162,-0.0038,-0.0059,0.2634,-0.0706,0.9675,sell
2022-09-02,103.2057,10666600,105.1662,106.6003,102.7338,-0.0070,-0.0084,-0.0415,-0.0129,-0.0133,26.6667,0.0148,-0.0051,-0.0058,0.2189,0.0688,1.0520,hold
2022-09-06,103.2330,9751900,103.7685,104.1497,101.7173,0.0003,-0.0057,-0.0251,-0.0101,-0.0126,21.9195,0.0142,-0.0060,-0.0054,0.2260,-0.0858,0.9645,buy
2022-09-07,105.1935,10647900,102.6793,105.3841,102.3435,0.0190,0.0130,0.0033,0.0083,0.0060,32.1410,0.0154,-0.0051,-0.0036,0.3795,0.0919,1.0510,buy
2022-09-08,107.6440,11435000,104.6307,107.8165,104.0408,0.0233,0.0428,0.0242,0.0293,0.0288,42.5781,0.0170,-0.0025,-0.0008,0.5746,0.0739,1.1366,hold
2022-09-09,108.1614,9299700,108.1341,108.9601,107.7076,0.0048,0.0407,0.0052,0.0337,0.0328,51.4967,0.0154,-0.0001,0.0013,0.6205,-0.1867,0.9355,buy
2022-09-12,109.4411,8614600,109.4774,110.3215,108.7241,0.0118,0.0604,0.0515,0.0406,0.0434,61.1778,0.0102,0.0027,0.0032,0.7358,-0.0737,0.8722,sell
2022-09-13,105.6382,12904600,107.1630,107.9345,105.0845,-0.0347,0.0233,0.0175,0.0027,0.0066,52.1189,0.0162,0.0021,0.0021,0.4396,0.4980,1.2778,hold
2022-09-14,105.3931,9345700,105.9196,106.9542,104.2677,-0.0023,0.0019,0.0149,-0.0011,0.0037,50.7798,0.0163,0.0014,0.0011,0.4406,-0.2758,0.9264,buy
2022-09-15,106.9815,10821400,105.3931,108.3520,105.0664,0.0151,-0.0062,0.0364,0.0104,0.0177,48.2582,0.0165,0.0020,0.0014,0.6416,0.1579,1.0586,sell
2022-09-16,106.2645,14844100,106.5458,106.5549,104.7124,-0.0067,-0.0175,0.0224,0.0014,0.0105,57.3342,0.0168,0.0019,0.0010,0.5951,0.3717,1.4154,buy
2022-09-19,107.2447,8201300,105.2842,107.7620,104.8395,0.0092,-0.0201,0.0391,0.0068,0.0191,60.9403,0.0166,0.0025,0.0013,0.7328,-0.4475,0.8021,sell
2022-09-20,105.1299,9619000,106.5640,106.8181,104.0498,-0.0197,-0.0048,0.0184,-0.0148,-0.0015,53.6335,0.0182,0.0015,0.0002,0.4497,0.1729,0.9378,sell
2022-09-21,102.0984,12606300,105.7743,105.8288,102.0349,-0.0288,-0.0313,-0.0294,-0.0404,-0.0302,47.2072,0.0195,-0.0018,-0.0025,0.0885,0.3106,1.1998,sell
2022-09-22,100.9367,11684500,102.9062,103.1059,100.8096,-0.0114,-0.0565,-0.0623,-0.0453,-0.0411,42.7313,0.0173,-0.0053,-0.0048,0.0244,-0.0731,1.1020,sell
2022-09-23,99.0579,18138600,99.8839,100.1471,97.2608,-0.0186,-0.0678,-0.0842,-0.0550,-0.0591,40.4673,0.0172,-0.0096,-0.0073,-0.0619,0.5524,1.6532,sell
2022-09-26,96.9250,15753600,98.0232,99.4845,96.2625,-0.0215,-0.0962,-0.1144,-0.0641,-0.0784,36.7821,0.0160,-0.0149,-0.0100,-0.1067,-0.1315,1.4071,sell
2022-09-27,96.0718,12793600,97.7963,98.1775,94.9827,-0.0088,-0.0862,-0.0906,-0.0637,-0.0856,29.9561,0.0138,-0.0196,-0.0117,-0.0515,-0.1879,1.1193,buy
2022-09-28,98.0142,12762600,96.1626,98.6858,95.8812,0.0202,-0.0400,-0.0700,-0.0379,-0.0660,28.3558,0.0167,-0.0208,-0.0105,0.1292,-0.0024,1.1069,sell
2022-09-29,96.3532,12713900,97.0702,97.3698,94.7558,-0.0169,-0.0454,-0.0993,-0.0442,-0.0805,24.7575,0.0149,-0.0237,-0.0105,0.0801,-0.0038,1.0933,sell
2022-09-30,94.8466,15973400,96.2624,97.6783,94.7558,-0.0156,-0.0425,-0.1074,-0.0484,-0.0932,19.1007,0.0149,-0.0270,-0.0109,0.0601,0.2564,1.3390,buy
2022-10-03,97.7782,12248100,95.8631,98.3500,94.8102,0.0309,0.0088,-0.0883,-0.0096,-0.0640,32.7214,0.0192,-0.0258,-0.0081,0.2431,-0.2332,1.0200,buy
2022-10-04,102.3526,16013600,100.3921,102.5523,99.7114,0.0468,0.0654,-0.0264,0.0397,-0.0198,44.3848,0.0256,-0.0204,-0.0029,0.4881,0.3074,1.2997,sell
2022-10-05,101.0889,10943500,100.5028,101.6017,99.6603,-0.0123,0.0314,-0.0099,0.0279,-0.0316,38.9857,0.0241,-0.0181,-0.0003,0.4315,-0.3166,0.8871,sell
2022-10-06,99.0284,11521400,100.2372,100.9057,98.8453,-0.0204,0.0278,-0.0189,0.0089,-0.0503,37.1214,0.0248,-0.0179,0.0002,0.3405,0.0528,0.9336,sell
2022-10-07,97.0504,11681100,98.4607,98.6347,96.4003,-0.0200,0.0232,-0.0203,-0.0092,-0.0680,32.4787,0.0249,-0.0192,-0.0006,0.2560,0.0139,0.9375,sell
2022-10-10,96.1438,8931700,97.7372,98.2684,95.7134,-0.0093,-0.0167,-0.0081,-0.0177,-0.0752,33.8860,0.0241,-0.0207,-0.0015,0.2248,-0.2354,0.7160,sell
2022-10-11,93.3691,12739700,95.5761,95.7318,93.2684,-0.0289,-0.0878,-0.0281,-0.0434,-0.1001,34.2009,0.0256,-0.0245,-0.0037,0.1079,0.4263,1.0219,buy
2022-10-12,94.8801,13181000,93.2226,95.9058,92.7464,0.0162,-0.0614,-0.0320,-0.0248,-0.0843,39.1751,0.0252,-0.0250,-0.0037,0.2240,0.0346,1.0413,buy
2022-10-13,100.1548,22398700,93.3875,100.6402,93.1860,0.0556,0.0114,0.0395,0.0254,-0.0328,51.7483,0.0306,-0.0198,0.0003,0.5588,0.6993,1.6921,buy
2022-10-14,101.8215,33387100,102.5266,105.5302,101.3911,0.0166,0.0492,0.0735,0.0351,-0.0167,57.9218,0.0300,-0.0150,0.0038,0.6956,0.4906,2.3571,buy
2022-10-17,106.0980,22276300,105.6859,107.1511,104.6877,0.0420,0.1035,0.0851,0.0695,0.0244,64.6034,0.0311,-0.0077,0.0083,1.0169,-0.3328,1.4982,buy
2022-10-18,108.8269,21539700,109.5778,110.0173,107.1053,0.0257,0.1656,0.0633,0.0899,0.0497,65.3963,0.0289,-0.0003,0.0123,1.1250,-0.0331,1.3929,sell
2022-10-19,106.6932,17072000,108.0485,108.8178,105.9240,-0.0196,0.1245,0.0554,0.0626,0.0288,64.5276,0.0295,0.0039,0.0134,0.9376,-0.2074,1.0882,hold
2022-10-20,106.3452,12207400,107.2885,108.7078,105.9057,-0.0033,0.0618,0.0739,0.0515,0.0256,66.6992,0.0283,0.0069,0.0131,0.8761,-0.2849,0.7769,buy
2022-10-21,111.9313,20593300,106.6474,112.0778,106.5284,0.0525,0.0993,0.1533,0.0907,0.0789,69.0829,0.0297,0.0127,0.0149,1.0568,0.6870,1.3004,hold
2022-10-24,112.0686,12624200,111.7847,112.7280,111.1071,0.0012,0.0563,0.1656,0.0753,0.0800,64.8808,0.0289,0.0174,0.0157,0.9766,-0.3870,0.8051,hold
2022-10-25,112.3617,11289100,111.5833,112.8836,110.7042,0.0026,0.0325,0.2034,0.0588,0.0825,67.7942,0.0250,0.0211,0.0155,0.9249,-0.1058,0.7234,buy
2022-10-26,113.6529,11667000,112.6364,114.6510,112.5265,0.0115,0.0652,0.1979,0.0524,0.0947,73.6593,0.0251,0.0244,0.0151,0.9147,0.0335,0.7503,hold
2022-10-27,114.1016,10727600,114.6510,115.5667,113.7444,0.0039,0.0729,0.1393,0.0431,0.0984,79.0212,0.0217,0.0271,0.0143,0.8812,-0.0805,0.6943,buy
2022-10-28,115.4569,11859500,114.7334,115.6400,113.5979,0.0119,0.0315,0.1339,0.0425,0.1104,82.3765,0.0217,0.0296,0.0135,0.8835,0.1055,0.7779,hold
2022-10-31,115.2737,13295200,115.1089,116.6931,115.0082,-0.0016,0.0286,0.0865,0.0323,0.1070,90.2152,0.0194,0.0314,0.0122,0.8370,0.1211,0.8691,buy
2022-11-01,117.3525,13386900,116.1803,117.4715,115.6858,0.0180,0.0444,0.0783,0.0429,0.1245,90.4150,0.0188,0.0332,0.0115,0.8614,0.0069,0.8827,sell
2022-11-02,116.2719,16546100,116.8946,119.3763,115.9697,-0.0092,0.0230,0.0898,0.0246,0.1117,84.1350,0.0174,0.0343,0.0099,0.7937,0.2360,1.0712,hold
2022-11-03,116.4825,12474400,115.6675,117.3799,115.3012,0.0018,0.0209,0.0953,0.0174,0.1113,83.0922,0.0170,0.0346,0.0082,0.7714,-0.2461,0.8051,buy
2022-11-04,119.6693,14953200,118.5796,119.8067,117.6364,0.0274,0.0365,0.0691,0.0382,0.1391,82.2174,0.0106,0.0357,0.0080,0.8359,0.1987,0.9550,buy
2022-11-07,120.3012,12011200,119.9623,121.1436,119.4861,0.0053,0.0436,0.0735,0.0363,0.1415,80.2511,0.0104,0.0371,0.0076,0.8266,-0.1967,0.7597,hold
2022-11-08,120.3744,9884100,120.1821,120.9330,119.1748,0.0006,0.0258,0.0713,0.0298,0.1387,90.4657,0.0105,0.0379,0.0068,0.8166,-0.1771,0.6308,sell
2022-11-09,118.8085,9494000,120.2554,120.3561,118.3323,-0.0130,0.0218,0.0454,0.0119,0.1207,84.3860,0.0121,0.0376,0.0049,0.7551,-0.0395,0.6131,buy
2022-11-10,123.6986,16351600,121.4550,123.8543,121.3634,0.0412,0.0619,0.0841,0.0450,0.1623,83.7624,0.0167,0.0383,0.0055,0.9311,0.7223,1.0770,hold
2022-11-11,123.9000,10704700,123.7993,124.6967,122.5081,0.0016,0.0354,0.0731,0.0393,0.1599,83.8220,0.0168,0.0396,0.0054,0.9156,-0.3453,0.7620,sell
2022-11-14,122.6272,11085600,123.4422,124.2938,122.6272,-0.0103,0.0193,0.0638,0.0223,0.1438,77.7888,0.0175,0.0398,0.0042,0.8282,0.0356,0.8219,sell
2022-11-15,121.7389,14038300,123.3323,124.2755,120.5118,-0.0072,0.0113,0.0374,0.0112,0.1316,72.3771,0.0175,0.0389,0.0025,0.7600,0.2664,1.0705,hold
2022-11-16,121.9037,7893400,121.7938,122.3066,120.9055,0.0014,0.0261,0.0484,0.0079,0.1296,71.9361,0.0169,0.0376,0.0009,0.7513,-0.4377,0.6238,hold
2022-11-17,121.3726,8820200,120.8781,121.6931,120.2187,-0.0044,-0.0188,0.0420,-0.0006,0.1218,67.4405,0.0171,0.0360,-0.0007,0.7138,0.1174,0.7065,buy
2022-11-18,122.5630,9468500,123.2315,123.3231,121.1345,0.0098,-0.0108,0.0242,0.0069,0.1298,70.2854,0.0153,0.0346,-0.0013,0.7646,0.0735,0.7938,sell
2022-11-21,121.8396,7800500,122.4715,123.2224,121.5649,-0.0059,-0.0064,0.0128,-0.0004,0.1206,63.5061,0.0155,0.0331,-0.0024,0.6985,-0.1762,0.6674,buy
2022-11-22,123.6619,9185700,122.7096,123.8725,122.4257,0.0150,0.0158,0.0273,0.0119,0.1336,71.2928,0.0161,0.0322,-0.0023,0.8041,0.1776,0.7931,buy
2022-11-23,124.9806,7316200,123.5704,124.9989,123.4971,0.0107,0.0252,0.0520,0.0175,0.1416,73.0158,0.0152,0.0319,-0.0017,0.8700,-0.2035,0.6438,hold
2022-11-25,125.2187,3220500,124.9806,125.5850,124.5960,0.0019,0.0317,0.0123,0.0182,0.1400,67.8867,0.0084,0.0317,-0.0015,0.8605,-0.5598,0.2931,sell
2022-11-28,123.0301,9906900,124.6052,125.1912,122.8836,-0.0175,0.0038,-0.0070,0.0011,0.1166,57.9936,0.0103,0.0304,-0.0027,0.6682,2.0762,0.9096,buy
2022-11-29,125.0539,7925300,123.3140,125.1271,123.0850,0.0164,0.0264,0.0198,0.0156,0.1313,62.3014,0.0110,0.0294,-0.0025,0.8212,-0.2000,0.7460,buy
2022-11-30,126.5374,14761200,124.6235,126.5374,121.9678,0.0119,0.0233,0.0394,0.0236,0.1404,70.4061,0.0108,0.0293,-0.0018,0.9103,0.8625,1.3806,sell
2022-12-01,124.7608,8858500,126.5374,126.9769,124.0191,-0.0140,-0.0018,0.0234,0.0069,0.1198,53.3565,0.0122,0.0284,-0.0025,0.7360,-0.3999,0.8594,sell
2022-12-02,123.7718,8931900,123.1583,123.9458,122.1052,-0.0079,-0.0116,0.0198,-0.0030,0.1064,49.6140,0.0125,0.0266,-0.0036,0.6195,0.0083,0.8817,sell
2022-12-05,120.3012,10154500,122.9293,123.2315,119.5960,-0.0280,-0.0222,-0.0185,-0.0292,0.0713,43.8169,0.0153,0.0232,-0.0064,0.1860,0.1369,1.0267,hold
2022-12-06,120.5026,13966700,122.1510,123.7261,118.9276,0.0017,-0.0364,-0.0110,-0.0265,0.0686,46.5892,0.0153,0.0197,-0.0078,0.2079,0.3754,1.3983,hold
2022-12-07,120.4202,11739400,120.2462,121.8671,119.3488,-0.0007,-0.0483,-0.0262,-0.0246,0.0633,45.8884,0.0142,0.0167,-0.0087,0.1969,-0.1595,1.1645,buy
2022-12-08,121.6839,8907300,121.1803,121.7755,120.3561,0.0105,-0.0247,-0.0264,-0.0117,0.0699,50.8293,0.0142,0.0149,-0.0082,0.3179,-0.2412,0.8861,sell
2022-12-09,121.0246,7957800,121.0612,122.4898,120.8781,-0.0054,-0.0222,-0.0335,-0.0137,0.0595,45.7832,0.0141,0.0131,-0.0081,0.2501,-0.1066,0.8262,buy
2022-12-12,122.9019,8841600,121.2444,123.3048,120.5118,0.0155,0.0216,-0.0010,0.0017,0.0707,52.7385,0.0143,0.0125,-0.0067,0.5149,0.1111,0.9269,hold
2022-12-13,122.7828,10025400,125.3560,125.5392,121.8671,-0.0010,0.0189,-0.0182,0.0026,0.0650,47.5156,0.0131,0.0119,-0.0058,0.4973,0.1339,1.0569,sell
2022-12-14,122.1693,9966100,122.5081,124.2755,121.5740,-0.0050,0.0145,-0.0345,0.0011,0.0561,41.7250,0.0122,0.0110,-0.0054,0.4087,-0.0059,1.0737,sell
2022-12-15,119.1382,12087800,120.0997,120.9513,118.1766,-0.0248,-0.0209,-0.0451,-0.0192,0.0267,34.6296,0.0136,0.0084,-0.0068,0.0487,0.2129,1.2735,sell
2022-12-16,118.3964,21133700,118.2682,118.9550,117.6089,-0.0062,-0.0217,-0.0434,-0.0210,0.0169,37.3626,0.0136,0.0055,-0.0078,0.0234,0.7483,2.0908,buy
2022-12-19,119.1015,9017200,118.7261,120.2645,118.2133,0.0060,-0.0309,-0.0100,-0.0142,0.0191,32.5081,0.0110,0.0036,-0.0077,0.1460,-0.5733,0.8941,buy
2022-12-20,119.6785,8549900,119.9349,120.9239,119.2297,0.0048,-0.0253,-0.0068,-0.0087,0.0199,28.7095,0.0111,0.0025,-0.0070,0.2292,-0.0518,0.8446,buy
2022-12-21,121.0246,8051700,121.0429,121.7755,120.6675,0.0112,-0.0094,0.0050,0.0019,0.0266,38.0841,0.0118,0.0025,-0.0055,0.3840,-0.0583,0.7999,sell
2022-12-22,119.6510,8648200,120.0539,120.2371,117.5906,-0.0113,0.0043,-0.0167,-0.0078,0.0107,37.1722,0.0117,0.0016,-0.0052,0.2634,0.0741,0.8535,buy
2022-12-23,120.2187,5091900,119.5777,120.3652,118.7169,0.0047,0.0154,-0.0067,-0.0024,0.0120,49.6868,0.0118,0.0012,-0.0045,0.3434,-0.4112,0.4979,hold
2022-12-27,120.6400,5411000,120.4843,121.0795,119.5502,0.0035,0.0129,-0.0184,0.0030,0.0124,50.5133,0.0105,0.0012,-0.0036,0.4037,0.0627,0.5410,buy
2022-12-28,121.2993,8827700,120.7407,122.1693,119.9715,0.0055,0.0135,-0.0121,0.0097,0.0153,53.1496,0.0108,0.0016,-0.0025,0.4999,0.6314,0.8787,buy
2022-12-29,121.9953,6585200,121.7297,122.0411,121.1619,0.0057,0.0080,-0.0014,0.0157,0.0189,51.1627,0.0109,0.0023,-0.0014,0.6412,-0.2540,0.6833,buy
2022-12-30,122.8011,9292500,121.6198,123.0118,121.2810,0.0066,0.0263,0.0307,0.0193,0.0229,56.5629,0.0067,0.0034,-0.0003,0.8152,0.4111,0.9620,buy
2023-01-03,123.7352,11054800,123.8451,125.2187,122.6088,0.0076,0.0293,0.0451,0.0225,0.0277,53.3090,0.0059,0.0047,0.0009,0.9780,0.1896,1.1320,buy
2023-01-04,124.8891,11687600,124.5319,126.0795,124.1473,0.0093,0.0352,0.0486,0.0271,0.0350,57.7286,0.0061,0.0065,0.0021,1.0493,0.0572,1.1875,hold
2023-01-05,124.8614,8381300,125.1473,125.1935,123.3392,-0.0002,0.0294,0.0433,0.0225,0.0326,60.3222,0.0063,0.0078,0.0028,0.9635,-0.2829,0.8764,buy
2023-01-06,127.2507,10029100,125.5809,127.6566,124.0680,0.0191,0.0431,0.0514,0.0368,0.0498,82.7153,0.0076,0.0100,0.0041,1.1102,0.1966,1.0582,sell
2023-01-09,126.7248,8482300,127.8595,128.1178,126.2728,-0.0041,0.0320,0.0591,0.0266,0.0432,84.1812,0.0061,0.0115,0.0044,0.9697,-0.1542,0.8970,buy
2023-01-10,127.8595,9048700,127.1123,127.9702,126.6695,0.0090,0.0333,0.0636,0.0294,0.0501,84.7200,0.0062,0.0131,0.0049,0.9892,0.0668,0.9514,buy
2023-01-11,128.8097,8703700,128.1362,128.9204,127.3982,0.0074,0.0314,0.0677,0.0303,0.0556,85.1592,0.0061,0.0148,0.0053,0.9870,-0.0381,0.9158,hold
2023-01-12,128.6806,11001700,129.1510,129.9444,128.4315,-0.0010,0.0306,0.0609,0.0232,0.0523,82.5273,0.0066,0.0159,0.0051,0.9171,0.2640,1.1517,buy
2023-01-13,131.9277,20200000,125.0919,132.3705,124.3539,0.0252,0.0368,0.0814,0.0408,0.0763,94.9959,0.0090,0.0182,0.0061,1.0346,0.8361,2.0071,sell
2023-01-17,129.8890,14292900,130.2303,130.5717,128.4407,-0.0155,0.0250,0.0577,0.0190,0.0573,81.9934,0.0116,0.0191,0.0055,0.8620,-0.2924,1.4048,sell
2023-01-18,125.9868,13392600,128.1547,129.8244,125.8392,-0.0300,-0.0146,0.0182,-0.0133,0.0239,64.3779,0.0162,0.0176,0.0028,0.6052,-0.0630,1.3683,sell
2023-01-19,124.3078,13303400,124.8337,125.3687,123.2377,-0.0133,-0.0349,-0.0047,-0.0260,0.0095,57.6695,0.0166,0.0148,-0.0001,0.4794,-0.0067,1.3301,hold
2023-01-20,124.6123,13092500,124.6861,124.9905,123.2009,0.0024,-0.0316,-0.0020,-0.0235,0.0113,56.8073,0.0166,0.0124,-0.0020,0.4824,-0.0159,1.2799,buy
2023-01-23,126.6326,10487100,124.6492,127.2691,124.3724,0.0162,-0.0401,-0.0049,-0.0071,0.0266,59.3740,0.0163,0.0116,-0.0021,0.6098,-0.1990,1.0132,buy
2023-01-24,127.7211,6945000,125.8484,129.4185,124.5385,0.0086,-0.0167,0.0079,0.0006,0.0340,59.6789,0.0164,0.0115,-0.0016,0.6709,-0.3378,0.6765,hold
2023-01-25,128.3392,8967000,127.3521,128.3392,126.6141,0.0048,0.0187,0.0038,0.0051,0.0382,58.6015,0.0162,0.0118,-0.0011,0.7003,0.2911,0.8573,buy
2023-01-26,129.1325,7487600,128.6159,129.2063,127.6381,0.0062,0.0388,0.0025,0.0110,0.0437,60.2570,0.0162,0.0123,-0.0004,0.7476,-0.1650,0.7088,hold
2023-01-27,129.4463,7489900,129.7138,130.3134,128.9204,0.0024,0.0388,0.0060,0.0129,0.0451,55.8564,0.0162,0.0127,0.0001,0.7568,0.0003,0.7136,sell
2023-01-30,128.3484,6729300,128.4407,129.2340,128.1455,-0.0085,0.0135,-0.0271,0.0071,0.0351,54.2025,0.0139,0.0124,-0.0003,0.6327,-0.1016,0.6407,buy
2023-01-31,129.1141,9188700,129.0403,129.2156,127.5366,0.0060,0.0109,-0.0060,0.0137,0.0401,53.3106,0.0133,0.0123,-0.0002,0.6963,0.3655,0.8753,hold
2023-02-01,128.7728,8841800,127.4997,129.9628,127.4167,-0.0026,0.0034,0.0221,0.0089,0.0361,49.8994,0.0085,0.0120,-0.0004,0.6383,-0.0378,0.8512,sell
2023-02-02,128.1732,11822100,129.1510,129.5754,127.3060,-0.0047,-0.0074,0.0311,0.0011,0.0304,48.6512,0.0071,0.0113,-0.0010,0.5454,0.3371,1.1374,buy
2023-02-03,130.1565,11501200,127.4720,131.3004,127.4259,0.0155,0.0055,0.0445,0.0122,0.0449,44.9528,0.0081,0.0116,-0.0004,0.7823,-0.0271,1.0901,buy
2023-02-06,130.9222,8406200,129.3632,131.2174,129.1787,0.0059,0.0201,0.0339,0.0148,0.0498,53.1746,0.0070,0.0122,0.0003,0.8444,-0.2691,0.8029,buy
2023-02-07,132.5181,10447900,130.4241,133.1547,130.2395,0.0122,0.0264,0.0376,0.0234,0.0613,73.3814,0.0074,0.0135,0.0013,0.9700,0.2429,0.9887,sell
2023-02-08,131.5864,6958000,131.5957,132.8779,131.2543,-0.0070,0.0218,0.0253,0.0136,0.0528,77.5295,0.0081,0.0139,0.0013,0.8222,-0.3340,0.6650,sell
2023-02-09,129.5385,6443100,132.0292,132.2322,129.0311,-0.0156,0.0107,0.0031,-0.0025,0.0353,66.4610,0.0097,0.0130,0.0002,0.5848,-0.0740,0.6225,buy
2023-02-10,130.1104,6582900,128.9481,130.3318,127.8503,0.0044,-0.0004,0.0051,0.0014,0.0391,62.8669,0.0098,0.0123,-0.0004,0.6403,0.0217,0.6499,buy
2023-02-13,131.5219,7134600,130.3503,131.6694,129.8337,0.0108,0.0046,0.0247,0.0098,0.0495,63.7332,0.0097,0.0123,-0.0002,0.8050,0.0838,0.7529,buy
2023-02-14,132.1031,9249400,131.4573,132.6658,130.6271,0.0044,-0.0031,0.0231,0.0120,0.0529,63.6364,0.0097,0.0126,0.0002,0.8417,0.2964,1.0028,buy
2023-02-15,132.6565,6728300,130.6362,132.7395,130.3503,0.0042,0.0081,0.0302,0.0132,0.0558,62.9931,0.0095,0.0130,0.0005,0.8607,-0.2726,0.7568,sell
2023-02-16,130.8300,8165300,131.8355,132.2783,130.7008,-0.0138,0.0100,0.0207,-0.0028,0.0396,54.5899,0.0107,0.0123,-0.0003,0.6492,0.2136,0.9458,hold
2023-02-17,131.2174,7948800,130.0550,131.7617,129.2156,0.0030,0.0085,0.0082,-0.0006,0.0409,59.9872,0.0097,0.0117,-0.0007,0.6881,-0.0265,0.9490,sell
2023-02-21,128.8097,9996300,129.7875,130.3872,127.9979,-0.0183,-0.0206,-0.0161,-0.0174,0.0204,49.0489,0.0112,0.0098,-0.0023,0.2976,0.2576,1.1969,sell
2023-02-22,127.8226,11107500,128.1547,128.6252,126.7894,-0.0077,-0.0324,-0.0354,-0.0214,0.0116,47.1468,0.0102,0.0075,-0.0037,0.1339,0.1112,1.2976,buy
2023-02-23,128.8466,8068000,127.9794,129.3078,127.2507,0.0080,-0.0287,-0.0208,-0.0115,0.0184,51.9719,0.0107,0.0061,-0.0040,0.2941,-0.2736,0.9475,buy
2023-02-24,130.0089,9126900,128.3300,130.4056,128.1639,0.0090,-0.0063,0.0036,-0.0029,0.0265,49.5461,0.0101,0.0057,-0.0035,0.4804,0.1312,1.0617,buy
2023-02-27,131.1436,10014700,131.0975,132.2045,130.7377,0.0087,-0.0006,0.0079,0.0050,0.0341,50.6659,0.0103,0.0060,-0.0025,0.6566,0.0973,1.1481,buy
2023-02-28,132.2414,11019800,131.8632,132.6196,130.9037,0.0084,0.0266,0.0055,0.0128,0.0411,49.1419,0.0101,0.0068,-0.0013,0.8085,0.1004,1.2330,sell
2023-03-01,131.5034,7139200,131.0883,132.3429,130.8115,-0.0056,0.0288,-0.0045,0.0076,0.0333,49.7394,0.0102,0.0070,-0.0009,0.6659,-0.3521,0.8080,sell
2023-03-02,130.1381,11106800,131.2175,131.3927,128.7267,-0.0104,0.0100,-0.0190,-0.0009,0.0206,51.9662,0.0105,0.0063,-0.0014,0.4200,0.5557,1.2412,buy
2023-03-03,132.5274,9513100,130.5440,132.6012,130.1473,0.0184,0.0194,0.0130,0.0161,0.0372,57.0811,0.0113,0.0069,-0.0005,0.8150,-0.1435,1.0770,sell
2023-03-06,131.7525,9261300,132.3244,132.8779,131.6049,-0.0058,0.0046,0.0041,0.0098,0.0292,50.7019,0.0115,0.0070,-0.0004,0.6575,-0.0265,1.0620,sell
2023-03-07,127.8779,11747600,131.0052,131.2820,127.1307,-0.0294,-0.0330,-0.0072,-0.0192,-0.0021,39.2888,0.0138,0.0047,-0.0023,0.0314,0.2685,1.3217,sell
2023-03-08,127.1215,10002500,127.3060,127.8503,126.2820,-0.0059,-0.0333,-0.0055,-0.0245,-0.0092,36.1110,0.0137,0.0023,-0.0038,-0.0024,-0.1485,1.1282,sell
2023-03-09,120.2396,25888100,126.1621,126.7064,119.2064,-0.0541,-0.0761,-0.0668,-0.0712,-0.0628,28.8033,0.0214,-0.0042,-0.0085,-0.3607,1.5882,2.6384,buy
2023-03-10,123.2931,37599700,118.9665,124.7783,117.9149,0.0254,-0.0697,-0.0517,-0.0426,-0.0394,35.6690,0.0233,-0.0072,-0.0091,0.0039,0.4524,3.3069,sell
2023-03-13,121.0791,42901100,121.0422,123.5053,119.3817,-0.0180,-0.0810,-0.0767,-0.0524,-0.0567,35.9206,0.0231,-0.0111,-0.0105,-0.0453,0.1410,3.2535,buy
2023-03-14,124.1879,29648100,124.7968,125.0274,121.1160,0.0257,-0.0289,-0.0609,-0.0219,-0.0328,43.8553,0.0250,-0.0116,-0.0088,0.1991,-0.3089,2.0716,sell
2023-03-15,118.3208,34280600,120.8300,120.8392,116.9093,-0.0472,-0.0692,-0.1002,-0.0584,-0.0778,34.7091,0.0282,-0.0167,-0.0109,-0.0575,0.1562,2.2027,buy
2023-03-16,120.6178,24558500,118.0901,121.7248,116.2544,0.0194,0.0031,-0.0732,-0.0327,-0.0595,36.7929,0.0297,-0.0181,-0.0100,0.1221,-0.2836,1.4925,sell
2023-03-17,116.0606,38396000,118.4315,118.5237,115.7285,-0.0378,-0.0587,-0.1243,-0.0568,-0.0937,30.6509,0.0296,-0.0231,-0.0118,-0.0206,0.5635,2.1371,buy
2023-03-20,117.2876,22875500,117.1492,119.4370,116.2451,0.0106,-0.0313,-0.1098,-0.0355,-0.0831,30.8799,0.0305,-0.0251,-0.0111,0.0965,-0.4042,1.2225,buy
2023-03-21,120.4333,17807800,120.4702,121.5219,120.1012,0.0268,-0.0302,-0.0582,-0.0036,-0.0575,36.6666,0.0319,-0.0238,-0.0081,0.2650,-0.2215,0.9322,sell
2023-03-22,117.3245,17250200,120.4425,120.5348,117.2322,-0.0258,-0.0084,-0.0771,-0.0214,-0.0805,35.1887,0.0325,-0.0258,-0.0077,0.1646,-0.0313,0.8887,hold
2023-03-23,117.0108,16677600,117.9887,119.4923,116.2543,-0.0027,-0.0299,-0.0269,-0.0213,-0.0814,31.1604,0.0281,-0.0268,-0.0070,0.1873,-0.0332,0.8406,sell
2023-03-24,115.2304,22311100,115.8946,115.9407,113.5699,-0.0152,-0.0072,-0.0654,-0.0297,-0.0934,30.4177,0.0265,-0.0289,-0.0070,0.1550,0.3378,1.0883,buy
2023-03-27,118.5330,18853900,116.9647,119.3540,116.5034,0.0287,0.0106,-0.0210,0.0003,-0.0659,38.7719,0.0283,-0.0268,-0.0044,0.3093,-0.1550,0.9003,hold
2023-03-28,118.8928,10820500,118.7359,119.3171,117.8411,0.0030,-0.0128,-0.0426,0.0078,-0.0612,40.0179,0.0268,-0.0252,-0.0023,0.3432,-0.4261,0.5169,hold
2023-03-29,119.1326,14595300,120.0182,120.1289,117.8687,0.0020,0.0154,0.0069,0.0092,-0.0577,48.3991,0.0220,-0.0235,-0.0005,0.3725,0.3489,0.6851,hold
2023-03-30,118.7728,12134700,119.8798,120.0366,117.7580,-0.0030,0.0151,-0.0153,0.0077,-0.0594,42.9109,0.0211,-0.0223,0.0006,0.3744,-0.1686,0.5682,buy
2023-03-31,120.2119,13105200,119.6123,120.2396,118.8651,0.0121,0.0432,0.0358,0.0163,-0.0474,48.6062,0.0170,-0.0198,0.0023,0.4731,0.0800,0.6085,hold
2023-04-03,120.0735,11775400,119.8429,121.2543,119.3817,-0.0012,0.0130,0.0238,0.0128,-0.0478,42.6885,0.0168,-0.0179,0.0033,0.4991,-0.1015,0.5436,sell
2023-04-04,118.4684,11579900,120.3872,120.4702,117.5367,-0.0134,-0.0036,-0.0163,0.0009,-0.0594,50.3091,0.0151,-0.0175,0.0032,0.3982,-0.0166,0.5348,hold
2023-04-05,118.6450,9614700,117.8919,119.1471,117.5758,0.0015,-0.0041,0.0113,0.0012,-0.0566,45.4657,0.0125,-0.0167,0.0032,0.4378,-0.1697,0.4444,hold
2023-04-06,118.5148,8760200,118.0779,119.0820,117.9477,-0.0011,-0.0022,0.0129,-0.0011,-0.0562,57.0820,0.0124,-0.0160,0.0031,0.4325,-0.0889,0.4216,hold
2023-04-10,118.9054,9477300,117.6502,119.2215,117.3527,0.0033,-0.0109,0.0319,-0.0009,-0.0515,54.9052,0.0110,-0.0149,0.0033,0.5026,0.0819,0.4892,buy
2023-04-11,119.4911,10516300,119.2866,119.8816,118.5799,0.0049,-0.0049,0.0081,0.0032,-0.0453,46.6182,0.0065,-0.0135,0.0037,0.5908,0.1096,0.5924,hold
2023-04-12,119.4725,11821000,120.1047,121.2669,119.0634,-0.0002,0.0085,0.0049,0.0025,-0.0441,59.9075,0.0065,-0.0123,0.0039,0.6595,0.1241,0.7011,buy
2023-04-13,119.9281,12450200,119.4353,119.9745,117.9198,0.0038,0.0108,0.0067,0.0057,-0.0390,63.2816,0.0065,-0.0109,0.0042,0.7211,0.0532,0.7895,buy
2023-04-14,128.9838,43931300,125.6553,129.3464,125.4229,0.0755,0.0883,0.0860,0.0725,0.0335,87.6649,0.0244,-0.0034,0.0085,1.4162,2.5286,2.6247,buy
2023-04-17,130.0066,16050500,130.1181,130.2204,127.9890,0.0079,0.0934,0.0815,0.0722,0.0414,85.9048,0.0244,0.0025,0.0115,1.2204,-0.6346,1.0275,buy
2023-04-18,131.4662,13760100,130.4156,131.8195,129.2627,0.0112,0.1002,0.0949,0.0742,0.0528,86.8126,0.0241,0.0079,0.0134,1.1307,-0.1427,0.9074,hold
2023-04-19,131.2989,9158100,131.3082,131.5592,130.5365,-0.0013,0.0990,0.1083,0.0617,0.0514,85.7723,0.0232,0.0120,0.0140,1.0157,-0.3344,0.6216,hold
2023-04-20,130.9177,10586200,130.0809,131.4941,130.0158,-0.0029,0.0916,0.1034,0.0482,0.0487,85.6644,0.0234,0.0148,0.0135,0.9296,0.1559,0.7352,hold
2023-04-21,130.6666,11842500,129.9229,131.1966,129.0303,-0.0019,0.0130,0.1025,0.0361,0.0468,83.0041,0.0234,0.0168,0.0123,0.8698,0.1187,0.8365,hold
2023-04-24,130.8433,7567500,130.5923,131.1873,130.2018,0.0014,0.0064,0.1004,0.0278,0.0480,83.9166,0.0235,0.0181,0.0110,0.8405,-0.3610,0.5639,sell
2023-04-25,127.9983,10629300,129.7927,130.1274,127.9611,-0.0217,-0.0264,0.0712,-0.0012,0.0256,77.8381,0.0256,0.0177,0.0083,0.6938,0.4046,0.8171,sell
2023-04-26,125.7297,14416100,127.9518,128.1285,124.5861,-0.0177,-0.0424,0.0524,-0.0237,0.0083,68.4414,0.0267,0.0157,0.0049,0.5792,0.3563,1.0931,buy
2023-04-27,127.4219,9041100,126.4456,128.2214,126.1295,0.0135,-0.0267,0.0625,-0.0163,0.0227,71.4414,0.0268,0.0145,0.0031,0.6388,-0.3728,0.7003,buy
2023-04-28,128.5283,9887300,126.9663,128.6026,126.1388,0.0087,-0.0164,-0.0035,-0.0074,0.0322,72.3929,0.0118,0.0142,0.0023,0.6700,0.0936,0.7725,buy
2023-05-01,131.2803,20415800,132.2658,133.2978,130.9363,0.0214,0.0033,0.0098,0.0128,0.0542,74.9213,0.0135,0.0153,0.0029,0.7692,1.0649,1.5509,sell
2023-05-02,129.1604,14113400,131.4662,132.4053,128.7048,-0.0161,0.0091,-0.0175,-0.0017,0.0376,68.8086,0.0139,0.0151,0.0020,0.6533,-0.3087,1.0627,sell
2023-05-03,126.4270,12930900,128.7142,128.9280,126.2225,-0.0212,0.0055,-0.0371,-0.0192,0.0160,61.5920,0.0152,0.0132,-0.0001,0.5071,-0.0838,0.9687,sell
2023-05-04,124.6977,17089200,125.4787,126.1853,122.5500,-0.0137,-0.0214,-0.0475,-0.0279,0.0026,39.6497,0.0156,0.0104,-0.0025,0.4002,0.3216,1.2454,buy
2023-05-05,127.1337,11261400,126.8547,128.1936,126.3620,0.0195,-0.0109,-0.0270,-0.0062,0.0225,43.5057,0.0174,0.0093,-0.0027,0.5067,-0.3410,0.8133,hold
2023-05-08,127.4404,7484900,127.8309,128.2772,126.8919,0.0024,-0.0292,-0.0260,-0.0011,0.0254,40.3991,0.0174,0.0086,-0.0027,0.4997,-0.3353,0.5444,hold
2023-05-09,126.8268,7343600,126.3805,127.3289,125.7111,-0.0048,-0.0181,-0.0092,-0.0050,0.0211,39.5571,0.0161,0.0077,-0.0029,0.4281,-0.0189,0.5404,hold
2023-05-10,126.8919,8133400,128.2586,128.3609,125.3950,0.0005,0.0037,0.0092,-0.0054,0.0225,40.4584,0.0149,0.0069,-0.0030,0.3856,0.1075,0.6068,hold
2023-05-11,126.4921,7057300,125.5159,127.1987,125.4229,-0.0032,0.0144,-0.0073,-0.0078,0.0201,40.1751,0.0143,0.0059,-0.0032,0.2594,-0.1323,0.5373,sell
2023-05-12,124.6791,9988600,127.2080,127.3661,123.7772,-0.0143,-0.0193,-0.0299,-0.0191,0.0064,36.5298,0.0145,0.0040,-0.0042,0.1001,0.4154,0.8733,buy
2023-05-15,125.7297,7639500,124.8372,126.1388,124.5489,0.0084,-0.0134,-0.0423,-0.0065,0.0160,44.6208,0.0125,0.0031,-0.0041,0.2435,-0.2352,0.6934,sell
2023-05-16,124.8836,6477200,125.9436,126.3898,124.5489,-0.0067,-0.0153,-0.0331,-0.0098,0.0103,47.8487,0.0119,0.0018,-0.0043,0.1817,-0.1521,0.6080,buy
2023-05-17,128.7235,12711500,126.3526,128.8537,125.9436,0.0307,0.0144,0.0182,0.0188,0.0412,52.9838,0.0143,0.0031,-0.0023,0.6304,0.9625,1.1736,buy
2023-05-18,129.6997,10999600,128.5561,129.9136,128.0820,0.0076,0.0254,0.0401,0.0225,0.0487,52.7015,0.0133,0.0047,-0.0005,0.7639,-0.1347,1.0136,hold
2023-05-19,129.4022,13492200,129.9693,130.6202,128.4260,-0.0023,0.0379,0.0178,0.0183,0.0447,45.1161,0.0122,0.0057,0.0004,0.7451,0.2266,1.2340,sell
2023-05-22,128.3330,11402500,131.0943,131.6894,127.9890,-0.0083,0.0207,0.0070,0.0092,0.0352,47.7238,0.0126,0.0059,0.0004,0.6341,-0.1549,1.0249,sell
2023-05-23,126.9942,9514900,127.8774,129.2628,126.8733,-0.0104,0.0169,0.0013,-0.0015,0.0235,51.6898,0.0130,0.0051,-0.0003,0.4538,-0.1655,0.8595,sell
2023-05-24,125.8320,8578000,125.8877,126.7710,125.5902,-0.0092,-0.0225,-0.0084,-0.0098,0.0138,53.4977,0.0133,0.0037,-0.0014,0.2896,-0.0985,0.7959,hold
2023-05-25,126.1388,8472500,125.3485,126.6967,125.1254,0.0024,-0.0275,-0.0028,-0.0071,0.0150,46.4686,0.0133,0.0027,-0.0019,0.3435,-0.0123,0.7882,buy
2023-05-26,127.3195,8579900,126.5479,127.9332,126.1016,0.0094,-0.0161,0.0212,0.0001,0.0234,49.5960,0.0126,0.0026,-0.0016,0.5162,0.0127,0.8030,buy
2023-05-30,127.8031,7399900,127.1894,128.0448,126.4642,0.0038,-0.0041,0.0165,0.0023,0.0254,53.2917,0.0124,0.0028,-0.0011,0.6285,-0.1375,0.7375,sell
2023-05-31,126.1760,14219900,127.1243,127.2266,124.9580,-0.0127,-0.0064,0.0103,-0.0115,0.0109,47.8162,0.0130,0.0020,-0.0016,0.3764,0.9216,1.4165,buy
2023-06-01,127.9146,12248100,126.9291,128.5189,125.9342,0.0138,0.0166,-0.0063,0.0028,0.0236,54.0115,0.0093,0.0023,-0.0009,0.6664,-0.1387,1.2242,buy
2023-06-02,130.6016,12922500,129.7555,131.5406,129.5510,0.0210,0.0354,0.0070,0.0231,0.0429,65.9170,0.0114,0.0042,0.0008,1.0391,0.0551,1.3191,sell
2023-06-05,129.3185,8511900,130.2668,130.2668,128.4259,-0.0098,0.0157,-0.0006,0.0131,0.0306,59.5260,0.0118,0.0049,0.0012,0.8021,-0.3413,0.8812,hold
2023-06-06,129.5510,9329500,128.9373,130.2576,128.5004,0.0018,0.0137,0.0095,0.0140,0.0301,62.8060,0.0115,0.0055,0.0014,0.8079,0.0961,0.9568,buy
2023-06-07,130.8061,9281400,129.7462,131.3454,129.0768,0.0097,0.0367,0.0300,0.0208,0.0380,56.6586,0.0110,0.0066,0.0021,0.9265,-0.0052,0.9425,hold
2023-06-08,130.8433,7368100,130.7875,130.9921,129.6811,0.0003,0.0229,0.0398,0.0171,0.0364,53.8899,0.0102,0.0075,0.0024,0.8798,-0.2061,0.7511,hold
2023-06-09,131.1036,7249100,130.4900,131.8381,130.3598,0.0020,0.0038,0.0394,0.0152,0.0365,55.8020,0.0102,0.0082,0.0025,0.8652,-0.0162,0.7382,hold
2023-06-12,131.0944,7596600,131.1594,131.3919,129.9415,-0.0001,0.0137,0.0296,0.0121,0.0344,60.1505,0.0101,0.0087,0.0024,0.8351,0.0479,0.7832,buy
2023-06-13,132.0427,7701600,130.6109,132.8330,130.2947,0.0072,0.0192,0.0332,0.0161,0.0399,69.1061,0.0102,0.0095,0.0026,0.9037,0.0138,0.7937,sell
2023-06-14,131.5499,9068700,132.9538,133.5210,130.8154,-0.0037,0.0057,0.0426,0.0082,0.0342,72.7946,0.0089,0.0098,0.0023,0.8218,0.1775,0.9223,buy
2023-06-15,133.0375,9343100,130.7131,133.3257,130.1925,0.0113,0.0168,0.0400,0.0156,0.0435,75.1353,0.0087,0.0107,0.0026,0.9425,0.0303,0.9668,hold
2023-06-16,133.1956,13813500,133.0003,133.8557,132.4890,0.0012,0.0160,0.0199,0.0148,0.0423,73.1332,0.0063,0.0114,0.0027,0.9073,0.4785,1.4089,sell
2023-06-20,132.5169,8428600,132.5912,132.9538,131.1315,-0.0051,0.0109,0.0247,0.0072,0.0348,68.2767,0.0054,0.0115,0.0022,0.8033,-0.3898,0.8824,hold
2023-06-21,132.3216,9926500,132.8609,133.9022,131.7359,-0.0015,0.0021,0.0214,0.0036,0.0311,76.8047,0.0055,0.0113,0.0016,0.7564,0.1777,1.0474,sell
2023-06-22,129.7741,10075200,132.3123,132.5819,129.1883,-0.0193,-0.0135,-0.0079,-0.0150,0.0096,57.5758,0.0081,0.0097,-0.0002,0.4817,0.0150,1.0599,sell
2023-06-23,129.0954,9919500,128.8071,129.4022,127.9518,-0.0052,-0.0296,-0.0134,-0.0188,0.0028,42.6630,0.0082,0.0078,-0.0018,0.3828,-0.0155,1.0362,hold
2023-06-26,129.4115,8429700,129.1140,130.1739,128.0169,0.0024,-0.0284,-0.0129,-0.0152,0.0038,50.5002,0.0082,0.0063,-0.0026,0.3902,-0.1502,0.8808,hold
2023-06-27,129.4208,8154000,129.2348,130.0158,128.8071,0.0001,-0.0234,-0.0128,-0.0138,0.0038,49.2826,0.0082,0.0051,-0.0030,0.3705,-0.0327,0.8539,sell
2023-06-28,128.8537,7558600,129.3836,129.4301,128.2679,-0.0044,-0.0262,-0.0242,-0.0158,-0.0004,38.3591,0.0077,0.0037,-0.0035,0.2792,-0.0730,0.7909,buy
2023-06-29,133.3536,15423200,130.2297,133.4745,130.0251,0.0349,0.0276,0.0137,0.0172,0.0342,59.7685,0.0141,0.0052,-0.0014,0.9010,1.0405,1.6037,buy
2023-06-30,135.2224,14212800,134.4414,135.7431,133.5675,0.0140,0.0475,0.0164,0.0297,0.0480,64.2446,0.0143,0.0075,0.0007,1.0859,-0.0785,1.4629,buy
2023-07-03,136.3102,8021600,135.9197,137.1191,135.7431,0.0080,0.0533,0.0234,0.0356,0.0556,66.7863,0.0144,0.0097,0.0024,1.0865,-0.4356,0.8470,sell
2023-07-05,135.4022,8934900,135.6830,136.1417,135.1401,-0.0067,0.0462,0.0218,0.0264,0.0478,60.8401,0.0145,0.0110,0.0029,0.9173,0.1139,0.9413,sell
2023-07-06,134.0635,9709500,133.8857,134.2320,132.4066,-0.0099,0.0404,0.0132,0.0149,0.0369,57.6908,0.0150,0.0111,0.0024,0.7394,0.0867,1.0209,buy
2023-07-07,135.1213,8981500,134.7188,136.5255,133.8669,0.0079,0.0133,0.0412,0.0188,0.0439,56.5480,0.0132,0.0116,0.0023,0.8224,-0.0750,0.9458,buy
2023-07-10,135.8796,9100100,135.2711,136.6660,135.2711,0.0056,0.0049,0.0526,0.0193,0.0482,58.1275,0.0128,0.0122,0.0024,0.8593,0.0132,0.9497,buy
2023-07-11,138.0046,11260900,136.9936,138.3791,136.4038,0.0156,0.0124,0.0664,0.0286,0.0628,65.2791,0.0131,0.0137,0.0032,0.9883,0.2374,1.1511,buy
2023-07-12,138.6880,11323200,138.0327,140.2982,137.6115,0.0050,0.0243,0.0716,0.0266,0.0664,67.2563,0.0130,0.0151,0.0038,0.9689,0.0055,1.1358,buy
2023-07-13,139.3620,11234900,139.2029,139.8301,138.3136,0.0049,0.0395,0.0816,0.0237,0.0703,78.9264,0.0124,0.0164,0.0041,0.9502,-0.0078,1.1073,buy
2023-07-14,140.2045,27028400,141.8708,143.1253,138.9314,0.0060,0.0376,0.0514,0.0247,0.0749,83.1878,0.0080,0.0177,0.0044,0.9426,1.4058,2.4473,buy
2023-07-17,143.5840,17262400,140.7475,143.9303,140.7475,0.0241,0.0567,0.0618,0.0430,0.0979,85.7889,0.0097,0.0200,0.0056,1.0519,-0.3613,1.5090,hold
2023-07-18,143.8461,13491700,143.5840,144.5388,143.0597,0.0018,0.0423,0.0553,0.0392,0.0967,85.9681,0.0097,0.0221,0.0061,0.9792,-0.2184,1.1810,buy
2023-07-19,144.3984,12510000,142.9942,145.2971,142.4981,0.0038,0.0412,0.0664,0.0365,0.0980,88.7879,0.0088,0.0236,0.0062,0.9381,-0.0728,1.0759,buy
2023-07-20,146.1770,9935900,144.6605,146.5889,144.5482,0.0123,0.0489,0.0904,0.0402,0.1084,87.0260,0.0068,0.0254,0.0065,0.9511,-0.2058,0.8545,sell
2023-07-21,145.0537,10636400,145.8494,146.1677,144.8103,-0.0077,0.0346,0.0735,0.0250,0.0969,79.6634,0.0086,0.0262,0.0058,0.8579,0.0705,0.9125,buy
2023-07-24,147.9089,14381400,145.0724,148.6484,144.8477,0.0197,0.0301,0.0885,0.0363,0.1149,81.6234,0.0094,0.0275,0.0059,0.9308,0.3521,1.2106,sell
2023-07-25,146.8043,9944700,147.2536,147.6468,145.9992,-0.0075,0.0206,0.0638,0.0223,0.1032,80.7577,0.0103,0.0281,0.0052,0.8482,-0.3085,0.8318,buy
2023-07-26,147.6842,8728600,146.7013,148.1429,146.2987,0.0060,0.0228,0.0649,0.0220,0.1060,87.6748,0.0103,0.0285,0.0045,0.8551,-0.1223,0.7284,sell
2023-07-27,146.0554,10778400,147.6936,148.6391,145.6154,-0.0110,-0.0008,0.0480,0.0061,0.0905,79.3174,0.0116,0.0280,0.0030,0.7656,0.2348,0.8875,buy
2023-07-28,146.8885,9103800,147.2349,147.5345,146.4486,0.0057,0.0126,0.0477,0.0072,0.0931,79.4001,0.0116,0.0274,0.0020,0.7802,-0.1554,0.7696,buy
2023-07-31,147.8714,8892700,147.1412,149.2008,147.1132,0.0067,-0.0003,0.0299,0.0110,0.0973,78.0619,0.0095,0.0270,0.0015,0.7987,-0.0232,0.7691,sell
2023-08-01,147.1413,6853900,147.3753,147.9089,146.1771,-0.0049,0.0023,0.0229,0.0037,0.0891,73.9779,0.0099,0.0263,0.0005,0.7372,-0.2293,0.5957,sell
2023-08-02,145.4749,8299400,145.6247,145.7464,144.1082,-0.0113,-0.0150,0.0075,-0.0084,0.0742,66.4153,0.0107,0.0247,-0.0011,0.6332,0.2109,0.7234,buy
2023-08-03,146.3643,6084000,145.1005,146.8979,144.4920,0.0061,0.0021,0.0013,-0.0025,0.0779,66.4996,0.0101,0.0233,-0.0019,0.6642,-0.2669,0.5388,hold
2023-08-04,146.0554,6209400,146.4111,147.7217,145.7558,-0.0021,-0.0057,0.0069,-0.0052,0.0726,57.9232,0.0098,0.0220,-0.0026,0.6278,0.0206,0.5567,buy
2023-08-07,146.7481,7251800,146.5983,147.6281,146.5983,0.0047,-0.0076,-0.0078,0.0003,0.0744,59.0538,0.0075,0.0209,-0.0029,0.6608,0.1679,0.6556,sell
2023-08-08,145.9243,8623400,144.4639,146.0179,142.8444,-0.0056,-0.0083,-0.0060,-0.0048,0.0652,54.6811,0.0073,0.0195,-0.0035,0.5740,0.1891,0.7891,sell
2023-08-09,143.9678,6277800,145.4001,145.5873,143.6682,-0.0134,-0.0104,-0.0252,-0.0156,0.0484,43.2954,0.0079,0.0173,-0.0048,0.3478,-0.2720,0.5880,hold
2023-08-10,143.7525,5995100,144.5201,145.5124,143.3125,-0.0015,-0.0178,-0.0158,-0.0155,0.0444,45.8208,0.0073,0.0151,-0.0057,0.2550,-0.0450,0.5757,buy
2023-08-11,144.5856,5180700,143.2563,144.6512,142.8819,0.0058,-0.0101,-0.0157,-0.0083,0.0477,37.7332,0.0073,0.0135,-0.0057,0.2833,-0.1358,0.5557,hold
2023-08-14,144.8852,5044300,143.7993,145.0256,143.1533,0.0021,-0.0127,-0.0202,-0.0042,0.0473,42.4686,0.0069,0.0124,-0.0054,0.3141,-0.0263,0.5791,sell
2023-08-15,141.1968,10300300,143.0878,143.4810,140.6351,-0.0255,-0.0324,-0.0404,-0.0255,0.0190,29.1391,0.0101,0.0096,-0.0070,-0.1916,1.0420,1.2045,sell
2023-08-16,140.5977,6978200,140.9815,141.3185,140.1203,-0.0042,-0.0234,-0.0335,-0.0264,0.0131,31.2057,0.0098,0.0067,-0.0079,-0.1224,-0.3225,0.8433,sell
2023-08-17,139.1373,9953900,141.2436,141.5993,138.9220,-0.0104,-0.0321,-0.0494,-0.0317,0.0012,24.4128,0.0094,0.0035,-0.0090,-0.1200,0.4264,1.2028,hold
2023-08-18,139.4556,8517500,138.2199,139.9518,138.0233,0.0023,-0.0355,-0.0452,-0.0250,0.0022,20.9438,0.0097,0.0011,-0.0091,0.0054,-0.1443,1.0425,buy
2023-08-21,139.9330,8327000,140.0922,140.5135,138.5663,0.0034,-0.0342,-0.0464,-0.0169,0.0043,24.6711,0.0096,-0.0005,-0.0085,0.1018,-0.0224,1.0584,sell
2023-08-22,137.0310,9673300,139.7271,140.0828,136.5349,-0.0207,-0.0295,-0.0609,-0.0313,-0.0173,22.6998,0.0108,-0.0035,-0.0093,-0.0343,0.1617,1.2317,buy
2023-08-23,137.9578,7858000,137.0030,138.1638,136.1698,0.0068,-0.0188,-0.0417,-0.0206,-0.0117,22.8866,0.0112,-0.0052,-0.0088,0.0920,-0.1877,1.0061,hold
2023-08-24,137.8267,6534000,138.0795,139.8675,137.6021,-0.0010,-0.0094,-0.0412,-0.0174,-0.0134,23.1522,0.0112,-0.0065,-0.0082,0.1311,-0.1685,0.8600,hold
2023-08-25,137.6583,6695500,137.8736,139.1280,136.5349,-0.0012,-0.0129,-0.0479,-0.0137,-0.0155,19.2918,0.0107,-0.0076,-0.0074,0.1594,0.0247,0.8954,buy
2023-08-28,138.1357,5094100,138.1450,139.1186,137.7331,0.0035,-0.0128,-0.0466,-0.0055,-0.0128,23.0570,0.0109,-0.0081,-0.0063,0.2188,-0.2392,0.6990,buy
2023-08-29,139.2590,6337000,138.2761,139.3433,137.7799,0.0081,0.0163,-0.0137,0.0040,-0.0056,32.7149,0.0087,-0.0077,-0.0047,0.3168,0.2440,0.8727,sell
2023-08-30,138.6974,6277300,139.1280,139.6241,137.7893,-0.0040,0.0054,-0.0135,0.0014,-0.0105,31.9036,0.0087,-0.0077,-0.0038,0.2979,-0.0094,0.8766,sell
2023-08-31,136.9842,10933900,138.7910,138.8752,136.6379,-0.0124,-0.0061,-0.0155,-0.0095,-0.0234,24.4009,0.0089,-0.0087,-0.0038,0.2011,0.7418,1.4769,buy
2023-09-01,137.4429,7903500,136.7595,138.6225,136.3945,0.0033,-0.0016,-0.0144,-0.0047,-0.0212,25.2027,0.0090,-0.0090,-0.0032,0.2578,-0.2772,1.0555,sell
2023-09-05,135.9264,7854700,137.7612,138.7442,135.7485,-0.0110,-0.0160,-0.0286,-0.0128,-0.0329,29.4676,0.0093,-0.0101,-0.0035,0.1618,-0.0062,1.0448,hold
2023-09-06,135.7018,8629200,135.4584,136.2447,134.9060,-0.0017,-0.0255,-0.0097,-0.0135,-0.0354,30.3532,0.0068,-0.0110,-0.0034,0.1640,0.0986,1.1478,sell
2023-09-07,134.5410,8373700,134.9248,135.9920,134.2320,-0.0086,-0.0300,-0.0248,-0.0195,-0.0443,31.1009,0.0066,-0.0123,-0.0038,0.1036,-0.0296,1.0985,hold
2023-09-08,134.6439,7107900,134.2133,134.9154,133.5393,0.0008,-0.0171,-0.0231,-0.0165,-0.0444,29.8589,0.0067,-0.0130,-0.0036,0.1444,-0.1512,0.9257,buy
2023-09-11,135.2337,6854200,135.5051,135.7860,134.5128,0.0044,-0.0161,-0.0176,-0.0104,-0.0405,30.5124,0.0070,-0.0131,-0.0029,0.2091,-0.0357,0.8830,buy
2023-09-12,136.9936,8363200,135.2711,137.9110,134.8499,0.0130,0.0079,-0.0083,0.0033,-0.0282,49.8285,0.0083,-0.0118,-0.0014,0.4047,0.2202,1.0549,hold
2023-09-13,137.0591,8325900,137.9297,138.2667,136.5068,0.0005,0.0100,-0.0158,0.0054,-0.0279,45.5305,0.0078,-0.0107,-0.0003,0.4342,-0.0045,1.0634,buy
2023-09-14,139.7177,10034900,138.3978,140.3262,138.0982,0.0194,0.0385,0.0074,0.0241,-0.0096,57.5150,0.0101,-0.0081,0.0017,0.8425,0.2053,1.2571,hold
2023-09-15,139.3059,19863400,139.4089,140.1671,138.8378,-0.0029,0.0346,0.0169,0.0194,-0.0133,56.4235,0.0092,-0.0064,0.0028,0.7770,0.9794,2.3430,hold
2023-09-18,139.5960,6512400,138.6974,139.6148,138.3135,0.0021,0.0323,0.0157,0.0199,-0.0118,55.7779,0.0091,-0.0047,0.0035,0.8180,-0.6721,0.7774,hold
2023-09-19,139.4182,7943400,139.9518,140.1577,137.8080,-0.0013,0.0177,0.0257,0.0160,-0.0136,50.6805,0.0081,-0.0035,0.0038,0.8017,0.2197,0.9503,sell
2023-09-20,138.8284,7332000,140.0922,140.6539,138.6786,-0.0042,0.0129,0.0230,0.0094,-0.0179,50.5591,0.0083,-0.0029,0.0036,0.6942,-0.0770,0.8897,sell
2023-09-21,137.7425,8052400,138.1544,139.3433,137.2651,-0.0078,-0.0141,0.0238,-0.0008,-0.0254,53.4178,0.0082,-0.0030,0.0028,0.5314,0.0983,0.9759,sell
2023-09-22,136.4225,7071700,137.8829,138.0888,135.9170,-0.0096,-0.0207,0.0132,-0.0117,-0.0344,45.7321,0.0090,-0.0038,0.0016,0.3434,-0.1218,0.8543,buy
2023-09-25,137.0966,7044700,136.0668,137.1621,134.5222,0.0049,-0.0179,0.0138,-0.0081,-0.0292,55.2654,0.0090,-0.0039,0.0012,0.4489,-0.0038,0.8492,sell
2023-09-26,135.6736,7468400,135.3647,136.5255,135.0183,-0.0104,-0.0269,-0.0096,-0.0175,-0.0382,49.8857,0.0087,-0.0049,0.0002,0.2590,0.0601,0.8876,buy
2023-09-27,136.4694,6717800,135.9170,136.7596,135.2805,0.0059,-0.0170,-0.0043,-0.0113,-0.0315,58.0720,0.0090,-0.0051,-0.0000,0.3930,-0.1005,0.7966,buy
2023-09-28,138.1638,8868100,136.9374,139.3620,136.6847,0.0124,0.0031,-0.0111,0.0021,-0.0186,63.0014,0.0074,-0.0042,0.0007,0.6562,0.3201,1.0357,sell
2023-09-29,135.7579,11917800,139.1093,139.2590,135.6081,-0.0174,-0.0049,-0.0255,-0.0128,-0.0343,51.7073,0.0090,-0.0049,0.0000,0.2993,0.3439,1.3839,sell
2023-10-02,134.5877,9170600,135.5800,136.3196,133.5205,-0.0086,-0.0183,-0.0359,-0.0177,-0.0412,41.8516,0.0091,-0.0061,-0.0009,0.1622,-0.2305,1.0571,sell
2023-10-03,133.5954,9431100,134.0541,134.4192,133.2584,-0.0074,-0.0153,-0.0418,-0.0208,-0.0463,38.9619,0.0091,-0.0076,-0.0019,0.0719,0.0284,1.0773,buy
2023-10-04,134.1945,8128700,134.0448,134.3069,132.8652,0.0045,-0.0167,-0.0334,-0.0131,-0.0403,29.7389,0.0095,-0.0083,-0.0021,0.1743,-0.1381,0.9312,buy
2023-10-05,134.7604,8576200,133.9494,134.9490,132.8083,0.0042,-0.0246,-0.0217,-0.0067,-0.0345,33.5117,0.0096,-0.0083,-0.0017,0.2434,0.0551,0.9813,buy
2023-10-06,136.8351,10270600,134.7698,137.5707,134.0437,0.0154,0.0079,0.0030,0.0083,-0.0183,41.1329,0.0107,-0.0070,-0.0004,0.4950,0.1976,1.1543,hold
2023-10-09,136.5239,6964900,135.4771,137.1180,135.3262,-0.0023,0.0144,-0.0042,0.0064,-0.0191,40.7836,0.0106,-0.0061,0.0004,0.4441,-0.3219,0.7823,buy
2023-10-10,137.3538,11288800,137.1369,138.4100,137.0049,0.0061,0.0281,0.0124,0.0113,-0.0116,45.3750,0.0101,-0.0049,0.0013,0.5538,0.6208,1.2475,buy
2023-10-11,137.8253,8698200,138.1648,138.8438,136.7596,0.0034,0.0271,0.0099,0.0137,-0.0069,50.2700,0.0100,-0.0036,0.0020,0.6117,-0.2295,0.9592,hold
2023-10-12,137.5046,10484400,137.9667,138.5891,136.8634,-0.0023,0.0204,-0.0048,0.0119,-0.0081,53.7761,0.0092,-0.0027,0.0023,0.5887,0.2054,1.1534,buy
2023-10-13,139.5699,29427000,140.0414,144.3888,139.4190,0.0150,0.0200,0.0281,0.0242,0.0078,57.8671,0.0082,-0.0008,0.0033,0.8769,1.8067,3.0754,hold
2023-10-16,139.4285,12663500,140.9373,141.0033,138.3628,-0.0010,0.0213,0.0360,0.0195,0.0078,63.0032,0.0074,0.0006,0.0038,0.8608,-0.5697,1.2822,hold
2023-10-17,139.1267,11482700,139.1644,140.8053,138.4288,-0.0022,0.0129,0.0414,0.0132,0.0067,59.5285,0.0067,0.0015,0.0038,0.8239,-0.0932,1.1422,sell
2023-10-18,137.5989,9620300,138.2402,139.0795,137.0897,-0.0110,-0.0016,0.0254,-0.0004,-0.0032,47.9501,0.0082,0.0013,0.0029,0.6166,-0.1622,0.9462,sell
2023-10-19,137.0143,11143600,137.1934,138.6457,136.6276,-0.0042,-0.0036,0.0167,-0.0063,-0.0064,55.2539,0.0084,0.0009,0.0019,0.5357,0.1583,1.0796,sell
2023-10-20,134.8075,13332900,136.3353,136.8728,134.0248,-0.0161,-0.0341,-0.0148,-0.0208,-0.0211,50.8459,0.0086,-0.0008,0.0002,0.2274,0.1965,1.2537,sell
2023-10-23,132.9686,10133400,134.7981,135.4959,132.7140,-0.0136,-0.0463,-0.0260,-0.0317,-0.0328,47.7353,0.0094,-0.0033,-0.0018,0.0408,-0.2400,0.9392,hold
2023-10-24,133.1289,8881400,133.1478,133.6570,132.3651,0.0012,-0.0431,-0.0308,-0.0275,-0.0300,46.0240,0.0091,-0.0051,-0.0029,0.1064,-0.1236,0.8178,sell
2023-10-25,132.4028,8242600,132.5631,133.1384,131.5635,-0.0055,-0.0378,-0.0393,-0.0290,-0.0341,41.3075,0.0088,-0.0069,-0.0037,0.0799,-0.0719,0.7537,hold
2023-10-26,132.7423,9109400,131.7993,133.6005,131.4880,0.0026,-0.0312,-0.0346,-0.0231,-0.0305,32.6955,0.0090,-0.0080,-0.0039,0.1592,0.1052,0.8320,sell
2023-10-27,127.9611,17434700,131.0354,131.1768,127.4896,-0.0360,-0.0508,-0.0832,-0.0502,-0.0639,23.7270,0.0115,-0.0121,-0.0062,-0.1476,0.9139,1.5533,buy
2023-10-30,129.5925,9855500,128.6683,130.1772,128.2911,0.0127,-0.0254,-0.0705,-0.0310,-0.0506,27.3027,0.0132,-0.0137,-0.0064,0.0571,-0.4347,0.8754,buy
2023-10-31,131.1391,9672500,129.8660,131.3089,129.6397,0.0119,-0.0149,-0.0574,-0.0135,-0.0380,31.6037,0.0145,-0.0138,-0.0053,0.1985,-0.0186,0.8582,hold
2023-11-01,131.0260,9432000,131.3183,132.5254,130.5827,-0.0009,-0.0104,-0.0478,-0.0095,-0.0380,31.9686,0.0144,-0.0140,-0.0043,0.2124,-0.0249,0.8321,buy
2023-11-02,133.3647,10186200,132.1104,133.4213,131.2994,0.0178,0.0047,-0.0266,0.0110,-0.0201,32.9886,0.0161,-0.0123,-0.0022,0.3888,0.0800,0.8923,buy
2023-11-03,134.8547,9538700,134.0909,135.5809,133.7702,0.0112,0.0539,0.0003,0.0223,-0.0088,38.3246,0.0159,-0.0100,-0.0001,0.5043,-0.0636,0.8382,buy
2023-11-06,135.8732,7625100,135.0150,135.9769,134.6566,0.0076,0.0485,0.0218,0.0277,-0.0010,41.9879,0.0152,-0.0076,0.0019,0.5816,-0.2006,0.6681,hold
2023-11-07,135.8071,6297900,135.3356,136.0429,134.6849,-0.0005,0.0356,0.0201,0.0251,-0.0012,45.2452,0.0153,-0.0057,0.0030,0.5835,-0.1741,0.5642,buy
2023-11-08,136.4767,7618200,135.9015,136.5899,135.4394,0.0049,0.0416,0.0308,0.0270,0.0042,48.5800,0.0150,-0.0037,0.0040,0.6407,0.2096,0.6858,hold
2023-11-09,136.0712,7992500,137.1557,137.3538,135.5148,-0.0030,0.0203,0.0251,0.0214,0.0016,53.6894,0.0152,-0.0024,0.0042,0.6172,0.0491,0.7276,buy
2023-11-10,138.0893,7983300,136.6842,138.1364,135.8732,0.0148,0.0240,0.0792,0.0288,0.0163,64.7956,0.0072,-0.0001,0.0051,0.7874,-0.0012,0.8054,sell
2023-11-13,137.4764,6676300,137.4009,137.9196,136.8917,-0.0044,0.0118,0.0608,0.0182,0.0117,62.2412,0.0079,0.0013,0.0052,0.7575,-0.1637,0.6945,buy
2023-11-14,139.9848,9927700,138.3251,140.7487,138.1742,0.0182,0.0308,0.0675,0.0300,0.0296,69.4016,0.0087,0.0037,0.0061,0.9508,0.4870,1.0412,buy
2023-11-15,141.2108,8365300,140.0037,141.6069,140.0037,0.0088,0.0347,0.0777,0.0313,0.0378,70.7295,0.0083,0.0063,0.0069,0.9898,-0.1574,0.8831,buy
2023-11-16,142.8234,8126200,141.5408,142.8988,141.5408,0.0114,0.0496,0.0709,0.0360,0.0483,93.0603,0.0076,0.0091,0.0077,1.0199,-0.0286,0.8718,buy
2023-11-17,144.1153,7812400,143.5306,144.1531,142.9082,0.0090,0.0436,0.0687,0.0383,0.0564,92.9210,0.0075,0.0118,0.0084,1.0050,-0.0386,0.8637,buy
2023-11-20,144.5585,7019000,143.4175,144.9924,143.2666,0.0031,0.0515,0.0639,0.0351,0.0582,92.4271,0.0076,0.0141,0.0085,0.9534,-0.1016,0.7896,hold
2023-11-21,144.2568,7083500,144.4737,144.8792,143.8796,-0.0021,0.0305,0.0622,0.0267,0.0548,91.3381,0.0077,0.0156,0.0080,0.8844,0.0092,0.8049,buy
2023-11-22,144.5963,5174500,144.6717,145.1149,144.1908,0.0024,0.0240,0.0595,0.0232,0.0562,90.1015,0.0078,0.0167,0.0073,0.8560,-0.2695,0.5984,hold
2023-11-24,144.7943,3496900,144.8415,145.6431,144.5491,0.0014,0.0138,0.0641,0.0183,0.0568,89.0954,0.0074,0.0175,0.0065,0.8268,-0.3242,0.4180,sell
2023-11-27,144.4643,6259100,144.6906,144.7849,144.0116,-0.0023,0.0024,0.0462,0.0115,0.0536,85.7260,0.0072,0.0178,0.0055,0.7903,0.7899,0.8017,buy
2023-11-28,144.7943,6582700,144.4926,145.1055,144.0210,0.0023,0.0016,0.0532,0.0086,0.0552,86.5700,0.0065,0.0180,0.0045,0.7847,0.0517,0.8612,buy
2023-11-29,145.5299,9126100,145.3884,146.7653,145.2281,0.0051,0.0088,0.0396,0.0098,0.0596,86.6418,0.0046,0.0182,0.0039,0.7985,0.3864,1.1983,buy
2023-11-30,147.1896,9869800,146.0863,147.2368,145.5865,0.0114,0.0179,0.0423,0.0171,0.0704,90.8529,0.0050,0.0190,0.0038,0.8639,0.0815,1.2922,buy
2023-12-01,147.9064,8916000,146.9445,148.8683,146.9445,0.0049,0.0215,0.0356,0.0185,0.0740,89.8857,0.0043,0.0198,0.0038,0.8715,-0.0966,1.1771,buy
2023-12-04,148.9909,9607500,147.1331,149.0474,147.0010,0.0073,0.0313,0.0338,0.0225,0.0799,95.0557,0.0041,0.0208,0.0039,0.8931,0.0776,1.2678,hold
2023-12-05,148.9720,9135600,148.3024,149.4718,148.0290,-0.0001,0.0289,0.0305,0.0193,0.0780,93.6759,0.0043,0.0214,0.0036,0.8559,-0.0491,1.1936,sell
2023-12-06,147.4065,9366000,149.7924,150.1508,147.1142,-0.0105,0.0129,0.0218,0.0064,0.0648,79.1483,0.0059,0.0210,0.0024,0.7434,0.0252,1.1997,buy
2023-12-07,147.8592,8130900,147.7649,148.3496,147.2557,0.0031,0.0045,0.0226,0.0073,0.0663,76.5938,0.0059,0.0204,0.0015,0.7515,-0.1319,1.0381,buy
2023-12-08,149.4907,7369400,148.3024,149.7359,148.0384,0.0110,0.0107,0.0324,0.0151,0.0763,77.4041,0.0065,0.0205,0.0014,0.8435,-0.0937,0.9446,buy
2023-12-11,150.0377,8093900,149.4907,150.2263,149.1418,0.0037,0.0070,0.0386,0.0150,0.0781,77.6406,0.0062,0.0207,0.0013,0.8583,0.0983,1.0368,buy
2023-12-12,151.3768,10223000,150.1602,151.4993,149.8302,0.0089,0.0161,0.0455,0.0195,0.0851,82.5150,0.0064,0.0212,0.0016,0.9466,0.2630,1.2804,buy
2023-12-13,151.8860,12379100,151.3767,152.8007,150.6695,0.0034,0.0304,0.0437,0.0186,0.0859,82.7820,0.0064,0.0216,0.0017,0.9515,0.2109,1.5270,buy
2023-12-14,154.6491,13643000,152.6121,155.4507,152.4990,0.0182,0.0459,0.0507,0.0320,0.1024,86.0096,0.0075,0.0229,0.0027,1.0848,0.1021,1.6298,buy
2023-12-15,155.8185,20309300,153.7909,155.8656,153.1402,0.0076,0.0423,0.0535,0.0343,0.1074,89.0908,0.0075,0.0243,0.0034,1.0631,0.4886,2.2616,buy
2023-12-18,156.7616,8469600,156.4692,157.6103,156.1957,0.0061,0.0448,0.0522,0.0352,0.1110,89.5327,0.0075,0.0256,0.0038,1.0261,-0.5830,0.9397,buy
2023-12-19,158.8551,10345700,156.5446,158.8739,156.1202,0.0134,0.0494,0.0663,0.0423,0.1222,90.3944,0.0077,0.0271,0.0045,1.0441,0.2215,1.1271,sell
2023-12-20,157.0633,10734700,158.4212,159.7604,156.9690,-0.0113,0.0341,0.0655,0.0240,0.1065,79.6936,0.0079,0.0277,0.0039,0.8917,0.0376,1.1467,buy
2023-12-21,157.9592,7601700,157.3368,158.5156,156.2428,0.0057,0.0214,0.0683,0.0231,0.1097,79.9101,0.0078,0.0279,0.0034,0.8909,-0.2919,0.8016,hold
2023-12-22,157.8648,6576300,157.9591,158.6476,157.7045,-0.0006,0.0131,0.0560,0.0170,0.1058,78.0558,0.0079,0.0278,0.0026,0.8468,-0.1349,0.6824,buy
2023-12-26,158.7985,4683600,157.9215,159.1568,157.6574,0.0059,0.0130,0.0584,0.0173,0.1094,79.3685,0.0079,0.0277,0.0022,0.8578,-0.2878,0.4900,buy
2023-12-27,159.7509,6428600,158.2798,159.8170,158.0346,0.0060,0.0056,0.0553,0.0179,0.1129,88.2971,0.0078,0.0278,0.0019,0.8693,0.3726,0.6731,buy
2023-12-28,160.5997,6320100,159.7038,160.9392,159.3737,0.0053,0.0225,0.0574,0.0177,0.1155,88.5777,0.0078,0.0279,0.0017,0.8746,-0.0169,0.6716,hold
2023-12-29,160.4111,6435100,160.3168,160.9675,159.9678,-0.0012,0.0155,0.0373,0.0128,0.1106,86.2326,0.0066,0.0278,0.0012,0.8299,0.0182,0.6966,buy
2024-01-02,162.2783,9977400,159.4586,162.3632,159.2889,0.0116,0.0280,0.0415,0.0204,0.1196,87.3416,0.0070,0.0279,0.0013,0.8825,0.5505,1.0738,sell
2024-01-03,161.5710,9852300,162.0708,162.2406,160.6657,-0.0044,0.0175,0.0307,0.0129,0.1107,82.3458,0.0075,0.0277,0.0008,0.8126,-0.0125,1.0590,buy
2024-01-04,162.6432,11972500,161.9126,164.4840,161.8177,0.0066,0.0181,0.0238,0.0172,0.1135,82.9547,0.0067,0.0275,0.0006,0.8326,0.2152,1.2675,buy
2024-01-05,163.4592,10066000,162.7001,164.5125,162.7001,0.0050,0.0178,0.0407,0.0182,0.1145,80.6458,0.0047,0.0274,0.0006,0.8474,-0.1592,1.0617,sell
2024-01-08,163.2220,11229900,163.2220,163.5446,160.8214,-0.0015,0.0175,0.0333,0.0134,0.1082,77.5390,0.0049,0.0271,0.0001,0.8154,0.1156,1.1655,sell
2024-01-09,161.9316,9923600,162.8425,163.0038,161.4002,-0.0079,-0.0021,0.0258,0.0029,0.0951,68.7465,0.0060,0.0261,-0.0009,0.7245,-0.1163,1.0164,buy
2024-01-10,162.2732,9670200,161.3053,162.3301,160.3090,0.0021,0.0043,0.0219,0.0028,0.0923,64.1979,0.0059,0.0249,-0.0016,0.7323,-0.0255,0.9825,sell
2024-01-11,161.5900,11919500,161.6185,161.6469,160.0149,-0.0042,-0.0065,0.0115,-0.0025,0.0831,70.7102,0.0060,0.0235,-0.0025,0.6695,0.2326,1.2007,sell
2024-01-12,160.4039,19436500,164.9110,167.2926,160.2616,-0.0073,-0.0187,-0.0012,-0.0097,0.0709,60.8957,0.0064,0.0217,-0.0036,0.5495,0.6306,1.8908,sell
2024-01-16,159.3981,17206400,156.4377,159.4930,155.8969,-0.0063,-0.0234,-0.0063,-0.0153,0.0602,56.3200,0.0067,0.0194,-0.0048,0.4188,-0.1147,1.6453,sell
2024-01-17,158.5442,11107500,158.7814,160.4229,157.9749,-0.0054,-0.0209,-0.0230,-0.0183,0.0510,48.9448,0.0052,0.0170,-0.0059,0.2909,-0.3545,1.1110,buy
2024-01-18,158.8573,9382300,158.5726,158.9617,156.7888,0.0020,-0.0211,-0.0168,-0.0147,0.0497,46.0844,0.0053,0.0150,-0.0063,0.3029,-0.1553,0.9342,buy
2024-01-19,161.5995,13115700,158.9807,161.8462,158.5347,0.0173,0.0001,-0.0064,0.0029,0.0642,53.7573,0.0077,0.0144,-0.0052,0.6427,0.3979,1.2881,hold
2024-01-22,161.4097,12837500,161.7418,163.1841,161.0302,-0.0012,0.0063,-0.0125,0.0030,0.0594,53.7525,0.0074,0.0139,-0.0046,0.5983,-0.0212,1.2479,sell
2024-01-23,160.3470,8360800,160.9922,161.0681,159.8251,-0.0066,0.0060,-0.0176,-0.0018,0.0491,42.2758,0.0076,0.0129,-0.0046,0.4223,-0.3487,0.8098,buy
2024-01-24,161.7798,9967100,160.6981,162.2637,160.2236,0.0089,0.0204,-0.0009,0.0072,0.0550,50.7891,0.0080,0.0124,-0.0039,0.6261,0.1921,0.9497,buy
2024-01-25,164.0950,8873500,163.4972,164.1424,162.1688,0.0143,0.0330,0.0112,0.0205,0.0664,55.0164,0.0092,0.0130,-0.0025,0.9613,-0.1097,0.8290,sell
2024-01-26,163.4687,7443000,163.7818,164.2088,162.9943,-0.0038,0.0116,0.0116,0.0154,0.0588,50.0332,0.0091,0.0132,-0.0019,0.8212,-0.1612,0.6921,hold
2024-01-29,163.8957,6971200,163.4308,164.0001,162.5388,0.0026,0.0154,0.0218,0.0158,0.0583,52.3278,0.0086,0.0133,-0.0014,0.8471,-0.0634,0.6462,buy
2024-01-30,167.2547,10822100,163.9906,167.7196,163.9906,0.0205,0.0431,0.0493,0.0316,0.0763,66.0930,0.0098,0.0147,0.0002,1.1536,0.5524,0.9832,sell
2024-01-31,165.4423,11521800,167.1882,169.1808,165.4234,-0.0108,0.0226,0.0435,0.0161,0.0616,58.7987,0.0106,0.0150,0.0003,0.8814,0.0647,1.0395,sell
2024-02-01,164.8446,9354800,164.7592,165.8978,162.6622,-0.0036,0.0046,0.0377,0.0088,0.0549,59.0788,0.0108,0.0148,0.0000,0.7829,-0.1881,0.8459,buy
2024-02-02,165.7934,8607600,164.4365,166.8277,164.3986,0.0058,0.0142,0.0260,0.0120,0.0581,65.2359,0.0098,0.0148,0.0001,0.8510,-0.0799,0.7904,hold
2024-02-05,165.5752,7820200,164.9679,166.1350,164.0760,-0.0013,0.0102,0.0258,0.0081,0.0539,68.2763,0.0098,0.0145,-0.0001,0.8048,-0.0915,0.7255,buy
2024-02-06,166.1445,6764800,165.6795,166.8751,164.8730,0.0034,-0.0066,0.0362,0.0080,0.0546,72.8727,0.0093,0.0144,-0.0002,0.8313,-0.1350,0.6409,hold
2024-02-07,166.4576,7225500,166.7043,166.8751,165.0628,0.0019,0.0061,0.0289,0.0070,0.0537,72.8727,0.0091,0.0143,-0.0002,0.8243,0.0681,0.6934,sell
2024-02-08,165.8598,6060300,166.0496,166.3438,164.6928,-0.0036,0.0062,0.0108,0.0023,0.0471,64.7213,0.0083,0.0139,-0.0006,0.7459,-0.1613,0.5918,hold
2024-02-09,166.0591,6296700,166.0496,166.1445,164.7876,0.0012,0.0016,0.0158,0.0020,0.0455,66.0551,0.0081,0.0134,-0.0008,0.7395,0.0390,0.6323,buy
2024-02-12,166.7992,8539300,165.8408,167.7670,164.8161,0.0045,0.0074,0.0177,0.0047,0.0474,72.7882,0.0082,0.0132,-0.0008,0.7759,0.3562,0.9071,sell
2024-02-13,165.3475,8397600,166.3533,167.2167,163.7913,-0.0087,-0.0048,-0.0114,-0.0029,0.0359,62.5838,0.0056,0.0123,-0.0014,0.6287,-0.0166,0.9358,buy
2024-02-14,167.0269,7056700,166.1160,167.0933,165.4993,0.0102,0.0034,0.0096,0.0062,0.0439,60.8270,0.0054,0.0121,-0.0012,0.7720,-0.1597,0.8046,buy
2024-02-15,170.6705,8723400,167.1408,170.9931,167.1408,0.0218,0.0290,0.0353,0.0246,0.0638,71.7479,0.0083,0.0134,0.0003,1.0845,0.2362,0.9983,sell
2024-02-16,169.8735,8152600,170.4238,170.7749,169.0480,-0.0047,0.0230,0.0246,0.0173,0.0561,67.6571,0.0086,0.0141,0.0007,0.9426,-0.0654,0.9603,buy
2024-02-20,170.5377,9668000,170.0253,171.2303,169.2852,0.0039,0.0224,0.0300,0.0183,0.0572,61.5333,0.0085,0.0147,0.0011,0.9518,0.1859,1.1604,buy
2024-02-21,171.6479,7024000,170.7464,171.7333,169.3896,0.0065,0.0381,0.0331,0.0215,0.0609,72.9315,0.0086,0.0154,0.0016,1.0113,-0.2735,0.8499,buy
2024-02-22,173.7068,9296500,172.5208,174.0389,171.9704,0.0120,0.0400,0.0435,0.0294,0.0705,79.5572,0.0090,0.0167,0.0024,1.0986,0.3235,1.1295,buy
2024-02-23,174.5798,7105800,174.4090,175.7279,173.8207,0.0050,0.0229,0.0526,0.0292,0.0726,79.4532,0.0085,0.0179,0.0030,1.0544,-0.2356,0.8727,sell
2024-02-26,173.9820,7145400,174.3521,175.0258,173.1470,-0.0034,0.0242,0.0477,0.0209,0.0660,77.4814,0.0089,0.0186,0.0028,0.9440,0.0056,0.8791,hold
2024-02-27,174.0674,5717100,173.9346,174.1528,172.9193,0.0005,0.0207,0.0436,0.0171,0.0636,76.7457,0.0090,0.0188,0.0025,0.8998,-0.1999,0.7089,buy
2024-02-28,174.9499,6131600,174.0485,175.7279,173.6025,0.0051,0.0192,0.0581,0.0165,0.0663,77.6064,0.0078,0.0191,0.0023,0.9048,0.0725,0.7830,buy
2024-02-29,176.5439,9643000,176.1644,176.8950,174.4470,0.0091,0.0163,0.0570,0.0202,0.0733,82.6188,0.0077,0.0198,0.0025,0.9432,0.5727,1.2464,sell
2024-03-01,175.8133,6311800,176.2024,176.9045,175.6331,-0.0041,0.0071,0.0301,0.0129,0.0664,78.8441,0.0057,0.0199,0.0021,0.8555,-0.3455,0.8322,buy
2024-03-04,177.1322,7063600,175.2630,177.9957,174.8455,0.0075,0.0181,0.0427,0.0163,0.0721,79.5444,0.0052,0.0202,0.0020,0.8867,0.1191,0.9409,buy
2024-03-05,178.9066,6617800,176.8286,179.6183,176.8286,0.0100,0.0278,0.0491,0.0215,0.0799,88.0661,0.0055,0.0209,0.0023,0.9314,-0.0631,0.8886,buy
2024-03-06,179.8365,7572900,179.5708,180.3489,178.0337,0.0052,0.0279,0.0477,0.0221,0.0827,87.5418,0.0055,0.0217,0.0025,0.9247,0.1443,1.0114,sell
2024-03-07,178.2614,7618300,180.1971,180.7569,177.0848,-0.0088,0.0097,0.0262,0.0105,0.0706,75.3165,0.0063,0.0216,0.0018,0.8068,0.0060,1.0148,hold
2024-03-08,178.5935,6172200,178.8022,180.7189,178.3088,0.0019,0.0158,0.0230,0.0101,0.0700,80.0130,0.0062,0.0213,0.0012,0.7967,-0.1898,0.8216,hold
2024-03-11,178.6599,5762600,177.7015,178.8022,176.6957,0.0004,0.0086,0.0269,0.0078,0.0680,79.1552,0.0059,0.0208,0.0006,0.7762,-0.0664,0.7698,buy
2024-03-12,180.1306,5708400,179.2861,180.4342,178.2993,0.0082,0.0068,0.0348,0.0126,0.0743,79.6811,0.0061,0.0207,0.0005,0.8313,-0.0094,0.7772,buy
2024-03-13,181.5919,7795500,180.6240,181.9239,180.1306,0.0081,0.0098,0.0380,0.0171,0.0803,78.7941,0.0063,0.0210,0.0008,0.8980,0.3656,1.0658,sell
2024-03-14,178.3562,10310900,181.2597,181.8291,177.5307,-0.0178,0.0005,0.0103,-0.0021,0.0590,61.7611,0.0090,0.0201,-0.0004,0.6777,0.3227,1.3790,buy
2024-03-15,180.5671,17214200,176.9424,181.1743,176.9424,0.0124,0.0111,0.0270,0.0076,0.0697,68.6359,0.0094,0.0196,-0.0005,0.8086,0.6695,2.1786,buy
2024-03-18,182.8064,9013800,180.8802,182.8444,180.1781,0.0124,0.0232,0.0320,0.0169,0.0804,72.0441,0.0098,0.0199,0.0000,0.9358,-0.4764,1.1346,buy
2024-03-19,183.8786,8478700,182.8538,184.0114,182.5407,0.0059,0.0208,0.0278,0.0200,0.0841,72.3091,0.0096,0.0204,0.0005,0.9712,-0.0594,1.0753,buy
2024-03-20,186.2887,9367000,184.2581,186.5069,183.7078,0.0131,0.0259,0.0359,0.0297,0.0954,73.3941,0.0101,0.0215,0.0015,1.0638,0.1048,1.1705,buy
2024-03-21,188.8791,11203800,186.4690,189.2301,186.2887,0.0139,0.0590,0.0596,0.0379,0.1071,78.7954,0.0095,0.0230,0.0027,1.1037,0.1961,1.3836,sell
2024-03-22,186.5639,8108800,188.8316,190.2264,186.4879,-0.0123,0.0332,0.0446,0.0207,0.0904,69.9118,0.0111,0.0235,0.0023,0.9053,-0.2762,0.9952,sell
2024-03-25,184.8559,8620000,186.5449,186.8675,184.4195,-0.0092,0.0112,0.0347,0.0080,0.0775,62.5954,0.0119,0.0229,0.0012,0.7764,0.0630,1.0485,buy
2024-03-26,185.7194,5961500,184.6377,186.6018,184.1348,0.0047,0.0100,0.0310,0.0096,0.0793,62.4899,0.0118,0.0223,0.0005,0.8018,-0.3084,0.7240,buy
2024-03-27,189.3155,8725800,186.4500,189.3914,186.3361,0.0194,0.0162,0.0425,0.0249,0.0964,71.6141,0.0128,0.0227,0.0011,0.9641,0.4637,1.0433,buy
2024-03-28,190.0556,8628300,189.2871,190.4542,188.3857,0.0039,0.0062,0.0656,0.0224,0.0967,72.0599,0.0102,0.0234,0.0015,0.9441,-0.0112,1.0380,sell
2024-04-01,188.7652,7309000,189.7615,190.6629,188.4141,-0.0068,0.0118,0.0454,0.0110,0.0855,68.5735,0.0108,0.0233,0.0010,0.8372,-0.1529,0.8740,hold
2024-04-02,188.6893,7014700,188.2433,189.5622,187.9492,-0.0004,0.0207,0.0322,0.0074,0.0817,66.5809,0.0105,0.0228,0.0004,0.8026,-0.0403,0.8391,hold
2024-04-03,188.1579,9353400,188.8601,189.3535,187.5886,-0.0028,0.0131,0.0233,0.0023,0.0754,63.1960,0.0106,0.0220,-0.0004,0.7458,0.3334,1.1008,sell
2024-04-04,186.7263,9243800,190.0667,190.5725,186.6309,-0.0076,-0.0137,0.0023,-0.0056,0.0640,68.1368,0.0103,0.0206,-0.0015,0.6434,-0.0117,1.0773,buy
2024-04-05,188.4442,6532300,187.2131,189.0837,186.2110,0.0092,-0.0085,-0.0023,0.0038,0.0705,67.4412,0.0097,0.0197,-0.0018,0.7251,-0.2933,0.7661,buy
2024-04-08,189.4273,8001000,188.6065,189.9045,188.6065,0.0052,0.0035,0.0153,0.0075,0.0730,65.5232,0.0088,0.0192,-0.0017,0.7634,0.2248,0.9284,sell
2024-04-09,188.1579,7351500,189.0360,189.8090,186.0201,-0.0067,-0.0028,0.0179,-0.0010,0.0628,59.9413,0.0085,0.0183,-0.0022,0.6623,-0.0812,0.8453,sell
2024-04-10,186.5546,7681400,186.6309,188.0816,185.3234,-0.0085,-0.0085,0.0045,-0.0099,0.0511,50.6417,0.0090,0.0168,-0.0032,0.5280,0.0449,0.8733,hold
2024-04-11,186.5164,10137700,187.0604,187.6044,184.4263,-0.0002,-0.0011,-0.0148,-0.0087,0.0486,43.4962,0.0061,0.0152,-0.0038,0.5065,0.3198,1.1374,sell
2024-04-12,174.4529,31532300,179.7307,180.3128,174.2143,-0.0647,-0.0742,-0.0821,-0.0650,-0.0202,28.3053,0.0206,0.0093,-0.0088,-0.3014,2.1104,3.1615,hold
2024-04-15,174.5483,14766600,176.0849,178.9099,173.8898,0.0005,-0.0785,-0.0753,-0.0573,-0.0207,30.4036,0.0208,0.0037,-0.0115,-0.1546,-0.5317,1.4989,sell
2024-04-16,172.5536,16451800,174.5579,174.8060,171.4561,-0.0114,-0.0829,-0.0855,-0.0599,-0.0327,26.0020,0.0207,-0.0016,-0.0136,-0.1130,0.1141,1.6092,hold
2024-04-17,171.8665,9017100,173.0976,174.0998,171.0266,-0.0040,-0.0787,-0.0866,-0.0553,-0.0372,14.4216,0.0207,-0.0061,-0.0145,-0.0346,-0.4519,0.8797,buy
2024-04-18,172.9831,9557700,172.8400,174.9969,171.7615,0.0065,-0.0726,-0.0736,-0.0419,-0.0317,15.7158,0.0212,-0.0090,-0.0139,0.0765,0.0600,0.9316,buy
2024-04-19,177.3256,13402300,174.0807,177.4019,173.1358,0.0251,0.0165,-0.0590,-0.0118,-0.0086,29.5359,0.0231,-0.0090,-0.0110,0.2654,0.4023,1.2924,buy
2024-04-22,180.7710,11529700,177.5069,181.4581,177.4974,0.0194,0.0356,-0.0457,0.0123,0.0090,37.3590,0.0243,-0.0074,-0.0074,0.4053,-0.1397,1.0938,buy
2024-04-23,183.3764,9144400,182.4125,183.4623,181.8303,0.0144,0.0627,-0.0254,0.0297,0.0216,42.8408,0.0250,-0.0049,-0.0040,0.5059,-0.2069,0.8654,hold
2024-04-24,184.2736,6964900,181.8399,184.4167,181.4963,0.0049,0.0722,-0.0122,0.0360,0.0246,46.2678,0.0250,-0.0026,-0.0014,0.5425,-0.2383,0.6560,hold
2024-04-25,184.5503,9802300,183.4814,185.0943,182.4602,0.0015,0.0669,-0.0105,0.0387,0.0239,43.8031,0.0250,-0.0006,0.0005,0.5633,0.4074,0.9186,hold
2024-04-26,184.6649,6413700,184.7412,185.9819,184.2545,0.0006,0.0414,0.0585,0.0334,0.0226,42.2056,0.0111,0.0009,0.0016,0.5807,-0.3457,0.6073,hold
2024-04-29,184.4644,5387800,184.6553,185.3997,183.6532,-0.0011,0.0204,0.0568,0.0266,0.0199,43.7359,0.0111,0.0021,0.0022,0.5832,-0.1600,0.5149,sell
2024-04-30,182.9947,8153700,184.0159,186.0964,182.8992,-0.0080,-0.0021,0.0605,0.0125,0.0103,43.9350,0.0106,0.0023,0.0020,0.5359,0.5134,0.7750,hold
2024-05-01,183.1092,7445300,183.5005,185.5906,182.0880,0.0006,-0.0063,0.0654,0.0069,0.0095,44.2102,0.0102,0.0025,0.0017,0.5528,-0.0869,0.7141,hold
2024-05-02,182.9183,6501700,184.2640,184.6744,180.8759,-0.0010,-0.0088,0.0574,0.0004,0.0072,74.1163,0.0105,0.0026,0.0014,0.5537,-0.1267,0.6319,sell
2024-05-03,181.8208,8922800,183.2428,183.7486,179.8643,-0.0060,-0.0154,0.0253,-0.0080,0.0003,69.5987,0.0085,0.0021,0.0008,0.5208,0.3724,0.8573,buy
2024-05-06,183.2428,7911100,182.9851,183.4337,181.1623,0.0078,-0.0066,0.0137,-0.0016,0.0071,79.7239,0.0065,0.0023,0.0008,0.6063,-0.1134,0.7604,hold
2024-05-07,183.0042,7688800,182.9565,184.1304,182.9088,-0.0013,0.0001,-0.0020,-0.0027,0.0048,81.7636,0.0046,0.0024,0.0007,0.6128,-0.0281,0.7378,buy
2024-05-08,186.7263,9227600,182.2884,187.6807,182.2884,0.0203,0.0198,0.0133,0.0162,0.0239,84.1231,0.0079,0.0039,0.0018,0.8021,0.2001,0.8790,buy
2024-05-09,188.4919,7977300,186.2682,188.5778,186.2014,0.0095,0.0305,0.0214,0.0236,0.0320,81.7933,0.0083,0.0058,0.0030,0.8765,-0.1355,0.7678,buy
2024-05-10,189.7041,7529800,189.4845,190.2481,189.2269,0.0064,0.0434,0.0273,0.0274,0.0371,79.1406,0.0084,0.0078,0.0039,0.8892,-0.0561,0.8194,hold
2024-05-13,189.6659,7049200,189.7327,190.7348,189.0073,-0.0002,0.0351,0.0282,0.0243,0.0354,74.6445,0.0084,0.0092,0.0043,0.8501,-0.0638,0.8007,buy
2024-05-14,192.3190,8596200,189.9235,192.3859,189.1218,0.0140,0.0509,0.0510,0.0334,0.0481,77.7118,0.0081,0.0112,0.0051,0.9389,0.2195,1.0220,buy
2024-05-15,192.8917,8370000,192.7962,193.4452,190.6584,0.0030,0.0330,0.0534,0.0311,0.0496,78.1570,0.0080,0.0129,0.0054,0.9464,-0.0263,0.9989,hold
2024-05-16,193.2353,8497900,192.9967,195.1536,192.7772,0.0018,0.0252,0.0564,0.0272,0.0500,78.4896,0.0078,0.0142,0.0054,0.9533,0.0153,1.0207,buy
2024-05-17,195.4494,9260500,194.5141,195.6976,193.5598,0.0115,0.0303,0.0750,0.0315,0.0600,82.2046,0.0068,0.0159,0.0057,1.0175,0.0897,1.1406,sell
2024-05-20,186.6595,17373300,195.0677,196.4897,186.4877,-0.0450,-0.0159,0.0186,-0.0166,0.0115,57.5176,0.0179,0.0141,0.0028,0.4989,0.8761,2.0656,buy
2024-05-21,190.4198,14420800,188.0148,190.7825,187.6330,0.0201,-0.0099,0.0405,-0.0007,0.0305,63.0449,0.0187,0.0134,0.0018,0.7028,-0.1699,1.6624,sell
2024-05-22,189.2650,9425300,189.9235,191.7750,188.6733,-0.0061,-0.0188,0.0136,-0.0081,0.0233,60.9482,0.0180,0.0124,0.0007,0.6194,-0.3464,1.0713,sell
2024-05-23,187.9384,8069400,188.7878,189.2555,187.1272,-0.0070,-0.0274,-0.0029,-0.0148,0.0154,60.4704,0.0179,0.0110,-0.0007,0.5298,-0.1439,0.9263,buy
2024-05-24,191.5556,7356200,188.7306,191.6033,188.5492,0.0192,-0.0199,0.0098,0.0032,0.0335,63.2330,0.0189,0.0110,-0.0003,0.7266,-0.0884,0.8399,sell
2024-05-28,190.4007,6910200,190.7443,191.2692,189.5991,-0.0060,0.0200,0.0039,-0.0032,0.0261,61.4408,0.0190,0.0107,-0.0006,0.6405,-0.0606,0.7822,sell
2024-05-29,189.0742,6120000,188.9692,189.9140,187.9098,-0.0070,-0.0071,-0.0169,-0.0085,0.0183,53.9222,0.0185,0.0097,-0.0013,0.5432,-0.1144,0.7008,buy
2024-05-30,190.2385,6829100,189.5036,190.7348,189.3509,0.0062,0.0051,-0.0138,-0.0010,0.0239,52.9776,0.0186,0.0092,-0.0014,0.5992,0.1159,0.7848,buy
2024-05-31,193.3880,14417900,190.2099,194.0274,189.3032,0.0166,0.0290,0.0008,0.0155,0.0400,55.8913,0.0195,0.0100,-0.0004,0.7840,1.1112,1.5848,hold
2024-06-03,192.6149,6444300,193.0826,193.1876,190.1049,-0.0040,0.0055,-0.0145,0.0129,0.0355,54.6078,0.0191,0.0103,-0.0001,0.7164,-0.5530,0.7181,sell
2024-06-04,190.0762,6848300,191.0306,192.7676,189.2364,-0.0132,-0.0017,0.0183,-0.0022,0.0214,46.4831,0.0125,0.0094,-0.0009,0.4930,0.0627,0.7677,sell
2024-06-05,188.2629,8351600,190.6489,190.7061,187.9384,-0.0095,-0.0043,-0.0113,-0.0106,0.0113,43.0135,0.0112,0.0078,-0.0020,0.2702,0.2195,0.9327,hold
2024-06-06,187.9289,7640300,188.2629,188.9883,186.4209,-0.0018,-0.0121,-0.0071,-0.0117,0.0093,41.9885,0.0110,0.0063,-0.0029,0.2179,-0.0852,0.8609,buy
2024-06-07,190.8302,6964500,188.4251,191.7560,188.0243,0.0154,-0.0132,0.0154,0.0021,0.0247,43.1677,0.0119,0.0062,-0.0023,0.5265,-0.0885,0.7893,hold
2024-06-10,190.5057,6070800,190.1526,191.6796,189.3891,-0.0017,-0.0110,-0.0055,0.0009,0.0229,57.5895,0.0101,0.0060,-0.0020,0.4852,-0.1283,0.6937,sell
2024-06-11,185.4952,9235300,188.8833,188.9119,184.7698,-0.0263,-0.0241,-0.0258,-0.0229,-0.0036,40.7394,0.0130,0.0037,-0.0036,0.0025,0.5213,1.0423,sell
2024-06-12,182.7943,12751300,187.0604,187.7475,182.5843,-0.0146,-0.0290,-0.0332,-0.0339,-0.0175,38.5007,0.0135,0.0006,-0.0054,-0.1037,0.3807,1.4062,buy
2024-06-13,184.8271,8587800,183.5482,185.7052,182.1739,0.0111,-0.0165,-0.0284,-0.0204,-0.0063,44.6063,0.0139,-0.0009,-0.0055,0.1179,-0.3265,0.9459,hold
2024-06-14,184.9416,6874000,182.7179,185.9724,182.6893,0.0006,-0.0309,-0.0437,-0.0154,-0.0054,36.9491,0.0123,-0.0021,-0.0054,0.1646,-0.1996,0.7640,buy
2024-06-17,186.0869,8725400,184.6553,186.6596,183.8536,0.0062,-0.0232,-0.0339,-0.0058,0.0010,41.4846,0.0127,-0.0025,-0.0046,0.2709,0.2693,0.9726,buy
2024-06-18,188.0148,9023000,185.7242,188.9310,185.2757,0.0104,0.0136,-0.0108,0.0056,0.0115,47.9573,0.0129,-0.0019,-0.0032,0.4354,0.0341,1.0549,buy
2024-06-20,189.6086,8731100,187.4326,190.3530,187.1654,0.0085,0.0373,0.0071,0.0134,0.0199,48.8052,0.0128,-0.0008,-0.0016,0.5830,-0.0324,1.0559,sell
2024-06-21,187.3467,20972100,187.7380,188.1770,185.3616,-0.0119,0.0136,-0.0031,0.0016,0.0077,38.1416,0.0135,-0.0009,-0.0014,0.3873,1.4020,2.3708,buy
2024-06-24,189.8090,9785900,188.7878,190.1430,188.1102,0.0131,0.0263,-0.0054,0.0153,0.0205,44.8349,0.0132,0.0001,-0.0003,0.6006,-0.5334,1.0956,sell
2024-06-25,189.0360,6862500,189.0550,190.9447,188.7210,-0.0041,0.0158,-0.0077,0.0120,0.0148,47.9519,0.0132,0.0006,0.0001,0.5437,-0.2987,0.7704,hold
2024-06-26,188.4252,7758600,188.4442,188.9119,187.3276,-0.0032,0.0022,0.0158,0.0071,0.0100,50.3354,0.0098,0.0007,0.0002,0.4962,0.1306,0.8669,buy
2024-06-27,190.0858,7913500,188.4347,190.7443,187.9193,0.0088,0.0025,0.0399,0.0121,0.0170,54.2259,0.0082,0.0014,0.0007,0.6461,0.0200,0.8754,buy
2024-06-28,193.0349,15307600,190.8875,193.3594,190.2099,0.0155,0.0304,0.0444,0.0233,0.0304,54.3113,0.0087,0.0032,0.0020,0.8844,0.9344,1.6176,buy
2024-07-01,196.0793,10205800,193.5884,197.6445,193.4166,0.0158,0.0330,0.0602,0.0333,0.0441,59.8515,0.0093,0.0057,0.0036,1.0817,-0.3333,1.1030,buy
2024-07-02,199.3052,7802900,195.9267,199.3338,195.4304,0.0165,0.0543,0.0710,0.0431,0.0588,76.0533,0.0099,0.0088,0.0054,1.1628,-0.2354,0.8372,hold
2024-07-03,199.1716,5560900,199.9923,200.7845,198.1790,-0.0007,0.0570,0.0593,0.0363,0.0560,84.2105,0.0101,0.0112,0.0063,1.0390,-0.2873,0.6008,sell
2024-07-05,196.5325,8093100,198.6438,199.0084,196.2734,-0.0133,0.0339,0.0365,0.0189,0.0406,73.8472,0.0117,0.0121,0.0056,0.8480,0.4554,0.8756,hold
2024-07-08,196.8972,8707000,196.7724,198.5574,195.7456,0.0019,0.0200,0.0510,0.0158,0.0411,74.1112,0.0103,0.0126,0.0049,0.8285,0.0759,0.9366,buy
2024-07-09,199.2580,9058900,197.3386,201.3021,197.1659,0.0120,0.0162,0.0498,0.0230,0.0520,75.3211,0.0103,0.0136,0.0049,0.8964,0.0404,0.9636,hold
2024-07-10,199.4211,8328500,197.8280,199.5842,197.2906,0.0008,0.0006,0.0549,0.0184,0.0512,73.5247,0.0099,0.0145,0.0046,0.8604,-0.0806,0.8754,hold
2024-07-11,199.0852,10658100,197.8952,199.7090,197.0987,-0.0017,-0.0004,0.0566,0.0112,0.0478,70.6144,0.0097,0.0149,0.0040,0.8108,0.2797,1.1119,sell
2024-07-12,196.6764,15443400,195.7743,199.0852,193.9509,-0.0121,0.0007,0.0347,-0.0044,0.0337,70.1660,0.0111,0.0142,0.0025,0.6861,0.4490,1.5888,buy
2024-07-15,201.5804,10719700,198.8357,203.0775,198.3847,0.0249,0.0238,0.0443,0.0160,0.0574,73.0144,0.0126,0.0150,0.0029,0.8744,-0.3059,1.0909,buy
2024-07-16,205.0064,11557000,201.5324,205.1216,199.6898,0.0170,0.0288,0.0455,0.0287,0.0729,78.2894,0.0127,0.0168,0.0039,0.9708,0.0781,1.1487,buy
2024-07-17,208.1254,11572500,205.1792,208.7876,204.6705,0.0152,0.0436,0.0443,0.0397,0.0862,82.0484,0.0126,0.0191,0.0051,1.0230,0.0013,1.1342,sell
2024-07-18,201.5132,12415100,206.9354,207.9047,200.8030,-0.0318,0.0122,0.0118,0.0055,0.0497,66.0108,0.0170,0.0190,0.0036,0.7235,0.0728,1.1969,hold
2024-07-19,201.3213,8095900,202.6840,203.7876,200.4959,-0.0010,0.0236,0.0244,0.0022,0.0467,62.5820,0.0163,0.0182,0.0022,0.6942,-0.3479,0.7829,hold
2024-07-22,201.8011,7663200,201.9738,203.6149,201.2541,0.0024,0.0011,0.0249,0.0021,0.0475,59.4217,0.0163,0.0174,0.0012,0.6962,-0.0534,0.7920,hold
2024-07-23,201.8491,5557300,202.5113,202.9527,200.9086,0.0002,-0.0154,0.0130,0.0010,0.0463,54.6785,0.0159,0.0167,0.0004,0.6787,-0.2748,0.5872,sell
2024-07-24,200.1792,7119000,201.1005,203.4805,199.6802,-0.0083,-0.0382,0.0038,-0.0076,0.0366,51.7541,0.0162,0.0154,-0.0009,0.5764,0.2810,0.7512,hold
2024-07-25,200.2560,6403800,200.2368,201.7147,199.6610,0.0004,-0.0062,0.0059,-0.0078,0.0358,57.1167,0.0162,0.0141,-0.0017,0.5570,-0.1005,0.6806,buy
2024-07-26,203.6821,8027800,200.8030,204.5650,200.2080,0.0171,0.0117,0.0356,0.0057,0.0523,61.6092,0.0163,0.0141,-0.0012,0.7693,0.2536,0.8527,sell
2024-07-29,202.3481,6533600,204.0755,204.9968,202.0602,-0.0065,0.0027,0.0038,-0.0013,0.0444,55.4799,0.0147,0.0136,-0.0014,0.6544,-0.1861,0.7279,buy
2024-07-30,206.5131,8850700,204.6321,207.0889,204.3730,0.0206,0.0231,0.0073,0.0185,0.0644,61.0134,0.0152,0.0144,-0.0002,0.9452,0.3546,0.9935,sell
2024-07-31,204.2195,9071600,206.1196,207.6647,204.0947,-0.0111,0.0202,-0.0188,0.0091,0.0516,57.5162,0.0147,0.0143,-0.0004,0.7353,0.0250,1.0111,sell
2024-08-01,199.5747,10918600,204.6034,205.2080,198.0584,-0.0227,-0.0034,-0.0096,-0.0129,0.0264,53.9821,0.0128,0.0125,-0.0021,0.3624,0.2036,1.1817,sell
2024-08-02,191.1103,18041700,195.6592,196.4173,188.9510,-0.0424,-0.0617,-0.0507,-0.0499,-0.0172,36.8964,0.0183,0.0075,-0.0061,-0.1641,0.6524,1.8529,sell
2024-08-05,187.0412,13927000,186.2255,188.2600,183.2025,-0.0213,-0.0756,-0.0731,-0.0633,-0.0379,27.8723,0.0188,0.0015,-0.0100,-0.2022,-0.2281,1.3930,buy
2024-08-06,192.2619,10605800,187.5211,194.4308,186.1775,0.0279,-0.0690,-0.0475,-0.0325,-0.0115,31.4227,0.0218,-0.0011,-0.0098,0.1151,-0.2385,1.0526,hold
2024-08-07,192.3195,9204400,195.3041,197.4537,192.1275,0.0003,-0.0583,-0.0393,-0.0284,-0.0113,37.2809,0.0218,-0.0031,-0.0095,0.1547,-0.1321,0.9096,buy
2024-08-08,195.8319,7761200,194.3060,196.6476,193.6534,0.0183,-0.0188,-0.0221,-0.0084,0.0062,43.0447,0.0229,-0.0031,-0.0075,0.3261,-0.1568,0.7781,buy
2024-08-09,197.5017,5540200,195.2657,198.1447,194.7186,0.0085,0.0334,-0.0303,0.0032,0.0139,44.7120,0.0223,-0.0025,-0.0054,0.3997,-0.2862,0.5845,hold
2024-08-12,197.8760,6936000,198.0872,198.7877,195.4481,0.0019,0.0579,-0.0221,0.0074,0.0150,45.1523,0.0223,-0.0018,-0.0038,0.4252,0.2519,0.7466,buy
2024-08-13,199.5555,6387800,199.3539,199.6994,197.1179,0.0085,0.0379,-0.0337,0.0195,0.0230,49.2391,0.0212,-0.0005,-0.0020,0.5146,-0.0790,0.7073,buy
2024-08-14,201.7627,6999800,199.3635,202.2617,198.7685,0.0111,0.0491,-0.0120,0.0321,0.0333,51.7472,0.0215,0.0013,-0.0001,0.6434,0.0958,0.7952,hold
2024-08-15,203.0199,7001000,204.4114,205.2655,202.5880,0.0062,0.0367,0.0173,0.0367,0.0384,49.1915,0.0201,0.0032,0.0014,0.7011,0.0002,0.8205,buy
2024-08-16,205.3423,7931200,203.1543,205.4575,203.0583,0.0114,0.0397,0.0745,0.0410,0.0484,53.5698,0.0128,0.0055,0.0030,0.7967,0.1329,0.9304,buy
2024-08-19,206.7626,6090800,205.3711,206.8394,205.1984,0.0069,0.0449,0.1054,0.0378,0.0537,50.3183,0.0080,0.0078,0.0042,0.8374,-0.2320,0.7212,sell
2024-08-20,205.8701,5640000,206.3308,207.2904,205.0640,-0.0043,0.0316,0.0708,0.0264,0.0475,52.1838,0.0064,0.0092,0.0045,0.7785,-0.0740,0.6675,hold
2024-08-21,205.9469,5202300,205.7837,206.3308,204.2579,0.0004,0.0207,0.0709,0.0198,0.0463,59.5898,0.0064,0.0102,0.0044,0.7608,-0.0776,0.6227,buy
2024-08-22,207.8951,5247100,205.9277,208.0582,205.6974,0.0095,0.0240,0.0616,0.0233,0.0538,81.4229,0.0051,0.0115,0.0046,0.8141,0.0086,0.6325,buy
2024-08-23,209.5073,7214000,208.8260,210.3518,207.7703,0.0078,0.0203,0.0608,0.0252,0.0591,96.3197,0.0051,0.0130,0.0049,0.8512,0.3749,0.8739,buy
2024-08-26,210.3326,5105200,210.1791,210.8221,209.2578,0.0039,0.0173,0.0630,0.0230,0.0605,95.5051,0.0049,0.0144,0.0051,0.8484,-0.2923,0.6238,buy
2024-08-27,211.3019,5185200,210.6589,211.5322,210.3518,0.0046,0.0264,0.0589,0.0219,0.0626,95.7024,0.0049,0.0156,0.0051,0.8602,0.0157,0.6481,buy
2024-08-28,212.3672,6506400,210.4094,213.2501,210.3518,0.0050,0.0312,0.0526,0.0218,0.0651,95.1283,0.0045,0.0168,0.0050,0.8626,0.2548,0.8265,buy
2024-08-29,213.2501,6416100,213.1925,213.9890,210.1119,0.0042,0.0258,0.0504,0.0210,0.0668,94.9097,0.0045,0.0178,0.0049,0.8495,-0.0139,0.8390,buy
2024-08-30,215.7356,8574100,213.5284,216.3882,212.9814,0.0117,0.0297,0.0506,0.0278,0.0764,95.4568,0.0045,0.0192,0.0051,0.8859,0.3363,1.1952,sell
2024-09-03,211.4171,8956100,213.3364,215.0639,210.3998,-0.0200,0.0052,0.0225,0.0050,0.0524,76.6150,0.0090,0.0190,0.0037,0.7357,0.0446,1.2933,sell
2024-09-04,210.4862,7389500,212.1272,213.1157,208.4517,-0.0044,-0.0039,0.0224,-0.0016,0.0456,70.7629,0.0090,0.0180,0.0021,0.6846,-0.1749,1.0924,sell
2024-09-05,208.8548,8067900,211.2731,211.8969,207.3193,-0.0078,-0.0165,0.0141,-0.0107,0.0354,63.6445,0.0096,0.0165,0.0004,0.6022,0.0918,1.2028,sell
2024-09-06,203.8932,7777000,208.8259,209.9200,202.5784,-0.0238,-0.0439,-0.0192,-0.0324,0.0093,46.9836,0.0119,0.0134,-0.0024,0.3522,-0.0361,1.1593,buy
2024-09-09,208.0678,8935100,206.5131,209.3538,205.5438,0.0205,-0.0355,-0.0069,-0.0119,0.0281,52.4373,0.0136,0.0120,-0.0029,0.5326,0.1489,1.2991,sell
2024-09-10,197.2714,28406900,209.7856,209.8240,192.5210,-0.0519,-0.0669,-0.0621,-0.0573,-0.0256,38.2784,0.0210,0.0071,-0.0068,-0.0393,2.1792,3.5724,buy
2024-09-11,198.8741,13658700,196.9739,199.3251,193.6918,0.0081,-0.0552,-0.0588,-0.0440,-0.0180,40.7435,0.0212,0.0033,-0.0084,0.0535,-0.5192,1.6426,hold
2024-09-12,198.2695,9054400,199.2772,200.3616,196.6284,-0.0030,-0.0507,-0.0664,-0.0404,-0.0209,36.9435,0.0209,0.0001,-0.0093,0.0564,-0.3371,1.0756,sell
2024-09-13,196.0814,10226700,198.5190,199.4691,194.8338,-0.0110,-0.0383,-0.0805,-0.0430,-0.0314,32.0687,0.0206,-0.0033,-0.0103,0.0148,0.1295,1.1920,buy
2024-09-16,199.4787,8634900,197.5305,199.8146,197.3002,0.0173,-0.0413,-0.0754,-0.0186,-0.0149,36.4356,0.0213,-0.0045,-0.0091,0.1936,-0.1557,1.0024,buy
2024-09-17,200.8126,7573300,199.3539,201.4652,199.2867,0.0067,0.0180,-0.0502,-0.0069,-0.0087,37.0097,0.0212,-0.0048,-0.0075,0.2696,-0.1229,0.8716,sell
2024-09-18,199.1620,8259900,200.5823,202.8184,198.3655,-0.0082,0.0014,-0.0538,-0.0095,-0.0168,33.8800,0.0212,-0.0058,-0.0068,0.2240,0.0907,0.9365,buy
2024-09-19,201.9930,11635200,201.3213,203.3654,198.9796,0.0142,0.0188,-0.0329,0.0080,-0.0031,36.8821,0.0221,-0.0052,-0.0050,0.3487,0.4086,1.2728,hold
2024-09-20,202.5784,20885000,201.4652,202.8951,201.0525,0.0029,0.0331,-0.0064,0.0116,-0.0005,33.9574,0.0209,-0.0045,-0.0034,0.3833,0.7950,2.1047,hold
2024-09-23,202.9143,7223500,202.4921,203.2598,201.5228,0.0017,0.0172,-0.0248,0.0159,0.0005,38.5173,0.0196,-0.0038,-0.0022,0.4093,-0.6541,0.7279,hold
2024-09-24,203.0583,7323200,202.6360,204.3635,201.8875,0.0007,0.0112,0.0293,0.0137,0.0011,39.7511,0.0091,-0.0032,-0.0012,0.4286,0.0138,0.7298,sell
2024-09-25,201.7147,8976500,203.1446,203.6821,200.1984,-0.0066,0.0128,0.0143,0.0055,-0.0052,40.0694,0.0093,-0.0032,-0.0010,0.3900,0.2258,0.8780,hold
2024-09-26,201.3213,7807500,202.6168,203.1638,200.5823,-0.0020,-0.0033,0.0154,0.0020,-0.0065,45.9021,0.0093,-0.0033,-0.0009,0.3915,-0.1302,0.7588,buy
2024-09-27,202.0122,7032500,202.1562,203.8740,200.8894,0.0034,-0.0028,0.0302,0.0025,-0.0032,39.1469,0.0081,-0.0031,-0.0005,0.4426,-0.0993,0.6815,hold
2024-09-30,202.3577,8663800,197.9912,202.4537,196.9835,0.0017,-0.0027,0.0144,0.0028,-0.0016,64.5765,0.0064,-0.0027,-0.0001,0.4898,0.2320,0.8392,sell
2024-10-01,198.6917,8540100,200.4767,200.6591,197.8760,-0.0181,-0.0215,-0.0106,-0.0143,-0.0193,49.5327,0.0086,-0.0039,-0.0010,0.2876,-0.0143,0.8288,hold
2024-10-02,198.9317,5810900,198.7301,200.5247,197.3962,0.0012,-0.0138,-0.0012,-0.0130,-0.0179,51.7293,0.0082,-0.0047,-0.0014,0.3154,-0.3196,0.5683,sell
2024-10-03,196.9547,7251300,197.8568,198.1639,196.1006,-0.0099,-0.0217,-0.0249,-0.0204,-0.0273,52.3061,0.0070,-0.0061,-0.0022,0.1686,0.2479,0.7120,buy
2024-10-04,203.9454,10211700,202.0915,204.3799,199.7838,0.0355,0.0096,0.0067,0.0137,0.0068,59.9137,0.0139,-0.0041,-0.0003,0.7831,0.4083,0.9909,hold
2024-10-07,203.6653,6718900,203.7619,205.9827,202.4681,-0.0014,0.0065,0.0037,0.0119,0.0055,56.6423,0.0139,-0.0028,0.0008,0.8322,-0.3420,0.6591,hold
2024-10-08,203.4916,6021800,203.3274,204.0516,201.2032,-0.0009,0.0242,0.0021,0.0108,0.0045,60.8255,0.0140,-0.0018,0.0015,0.7859,-0.1038,0.6635,buy
2024-10-09,206.0696,7024000,202.4777,206.8614,202.1688,0.0127,0.0359,0.0216,0.0214,0.0173,60.3236,0.0142,0.0001,0.0026,0.9765,0.1664,0.8033,hold
2024-10-10,205.5096,7927100,207.4117,207.4117,204.1868,-0.0027,0.0434,0.0208,0.0166,0.0144,57.4324,0.0142,0.0012,0.0030,0.8753,0.1286,0.9125,buy
2024-10-11,214.6341,18320700,208.2421,216.8935,207.7497,0.0444,0.0524,0.0625,0.0551,0.0578,70.5557,0.0196,0.0055,0.0057,1.3263,1.3111,2.0150,hold
2024-10-14,213.8520,9048900,215.5128,215.9956,211.3416,-0.0036,0.0500,0.0568,0.0453,0.0516,68.5170,0.0198,0.0085,0.0070,1.1061,-0.5061,0.9930,hold
2024-10-15,214.7306,9235800,215.9569,217.6852,214.1803,0.0041,0.0552,0.0807,0.0415,0.0531,72.6912,0.0180,0.0110,0.0076,1.0364,0.0207,1.0043,buy
2024-10-16,215.9376,6382500,214.6727,215.9762,213.4272,0.0056,0.0479,0.0855,0.0388,0.0565,74.7785,0.0178,0.0133,0.0079,1.0012,-0.3089,0.7012,hold
2024-10-17,216.6908,6470200,216.5459,218.0715,215.6190,0.0035,0.0544,0.1002,0.0326,0.0577,74.8315,0.0168,0.0152,0.0079,0.9563,0.0137,0.7316,hold
2024-10-18,217.6080,7000500,217.2508,218.1391,215.4162,0.0042,0.0139,0.0670,0.0302,0.0599,75.3092,0.0141,0.0168,0.0076,0.9266,0.0820,0.8590,sell
2024-10-21,215.3197,5870000,217.4632,217.9267,215.2231,-0.0105,0.0069,0.0572,0.0138,0.0470,78.9177,0.0150,0.0173,0.0064,0.8064,-0.1615,0.7263,buy
2024-10-22,216.4011,9586800,215.3390,217.5211,213.4851,0.0050,0.0078,0.0634,0.0128,0.0503,79.5172,0.0148,0.0176,0.0054,0.8099,0.6332,1.1698,hold
2024-10-23,215.7155,6180500,215.9569,217.0577,214.8658,-0.0032,-0.0010,0.0468,0.0050,0.0453,83.1457,0.0149,0.0176,0.0043,0.7585,-0.3553,0.7673,buy
2024-10-24,217.2315,6002200,214.1900,217.3087,214.0258,0.0070,0.0025,0.0570,0.0066,0.0511,79.1033,0.0147,0.0177,0.0036,0.7802,-0.0288,0.7536,sell
2024-10-25,214.6534,6369700,217.2508,217.8494,213.2727,-0.0119,-0.0136,0.0001,-0.0054,0.0375,71.8679,0.0069,0.0170,0.0022,0.6732,0.0612,0.8031,buy
2024-10-28,217.7336,6843000,215.6576,217.8687,215.2714,0.0143,0.0112,0.0182,0.0071,0.0511,75.4048,0.0081,0.0169,0.0019,0.7525,0.0743,0.8727,sell
2024-10-29,215.2231,6580000,217.4536,218.9405,215.1362,-0.0115,-0.0054,0.0023,-0.0048,0.0381,66.3674,0.0090,0.0162,0.0007,0.6474,-0.0384,0.8498,buy
2024-10-30,216.6811,7110900,214.8755,218.5157,213.9486,0.0068,0.0045,0.0034,0.0016,0.0441,69.3544,0.0091,0.0157,0.0003,0.6833,0.0807,0.9107,sell
2024-10-31,214.2768,7829900,216.9611,217.9170,214.1803,-0.0111,-0.0136,-0.0111,-0.0084,0.0317,49.1932,0.0097,0.0144,-0.0009,0.5637,0.1011,0.9991,buy
2024-11-01,215.2617,6923500,215.8604,218.3612,215.0300,0.0046,0.0028,-0.0108,-0.0027,0.0357,53.1547,0.0097,0.0135,-0.0014,0.5920,-0.1158,0.9024,sell
2024-11-04,212.2105,8229600,214.9817,216.0535,211.6215,-0.0142,-0.0254,-0.0144,-0.0154,0.0207,44.8602,0.0102,0.0117,-0.0028,0.3932,0.1886,1.0622,buy
2024-11-05,213.8617,5600700,212.4520,214.3155,212.4230,0.0078,-0.0063,-0.0117,-0.0066,0.0283,45.8414,0.0104,0.0105,-0.0030,0.4528,-0.3194,0.7248,buy
2024-11-06,238.5510,23987800,226.9064,239.4586,226.6843,0.1154,0.1009,0.1059,0.0964,0.1440,72.3539,0.0382,0.0168,0.0037,1.4521,3.2830,2.7974,sell
2024-11-07,228.2388,16451100,236.0792,236.1468,227.1188,-0.0432,0.0652,0.0507,0.0438,0.0929,59.1188,0.0419,0.0198,0.0049,0.9633,-0.3142,1.8277,hold
2024-11-08,228.8182,9502100,231.0969,231.0969,227.6595,0.0025,0.0630,0.0660,0.0397,0.0941,61.9283,0.0415,0.0215,0.0053,0.9223,-0.4224,1.1100,hold
2024-11-11,231.0486,9017100,231.7342,233.7618,230.7686,0.0097,0.0888,0.0612,0.0435,0.1031,62.6861,0.0414,0.0232,0.0057,0.9382,-0.0510,1.0536,hold
2024-11-12,231.3093,6861000,232.2652,233.1439,230.5369,0.0011,0.0816,0.0747,0.0371,0.1023,63.6057,0.0410,0.0244,0.0056,0.8921,-0.2391,0.8129,hold
2024-11-13,232.8542,11472600,232.2942,235.6833,232.0335,0.0067,-0.0239,0.0746,0.0366,0.1073,63.6241,0.0410,0.0255,0.0055,0.8893,0.6721,1.3195,hold
2024-11-14,233.5397,10172200,234.0708,235.8764,232.7480,0.0029,0.0232,0.0899,0.0308,0.1079,67.0324,0.0405,0.0264,0.0051,0.8635,-0.1133,1.1456,buy
2024-11-15,236.8613,11518800,233.1439,237.9330,233.1439,0.0142,0.0352,0.1003,0.0356,0.1202,67.1753,0.0405,0.0276,0.0052,0.9034,0.1324,1.2650,hold
2024-11-18,236.5909,9051400,239.2269,239.3910,234.3218,-0.0011,0.0240,0.1149,0.0235,0.1159,69.9909,0.0398,0.0284,0.0048,0.8516,-0.2142,0.9770,hold
2024-11-19,234.7177,6792700,233.9067,236.7068,233.2308,-0.0079,0.0147,0.0975,0.0063,0.1032,66.7443,0.0403,0.0283,0.0036,0.7724,-0.2495,0.7444,hold
2024-11-20,232.4873,9015300,235.9826,236.1854,230.4210,-0.0095,-0.0016,-0.0254,-0.0007,0.0892,66.9605,0.0161,0.0272,0.0019,0.6935,0.3272,0.9729,buy
2024-11-21,236.3302,8783500,234.8529,237.0351,233.7715,0.0165,0.0119,0.0355,0.0123,0.1033,68.6305,0.0086,0.0267,0.0014,0.7657,-0.0257,0.9339,buy
2024-11-22,239.9897,7997300,235.2198,240.5690,234.6598,0.0155,0.0132,0.0488,0.0231,0.1158,74.3031,0.0094,0.0272,0.0018,0.8247,-0.0895,0.8430,buy
2024-11-25,241.6697,10295400,240.9939,245.5513,240.4821,0.0070,0.0215,0.0460,0.0256,0.1192,74.3161,0.0092,0.0279,0.0022,0.8295,0.2874,1.0658,hold
2024-11-26,241.3608,6212100,241.8629,242.3553,239.7869,-0.0013,0.0283,0.0435,0.0199,0.1136,54.2832,0.0094,0.0283,0.0020,0.7926,-0.3966,0.6443,hold
2024-11-27,241.1870,5472300,240.7621,242.5387,240.2021,-0.0007,0.0374,0.0358,0.0156,0.1085,78.5684,0.0094,0.0282,0.0015,0.7624,-0.1191,0.5725,hold
2024-11-29,241.1194,5494800,241.2546,243.0988,240.8587,-0.0003,0.0203,0.0325,0.0121,0.1042,77.7682,0.0095,0.0277,0.0008,0.7411,0.0041,0.5819,sell
2024-12-02,237.7689,8899700,240.9552,241.6311,236.5909,-0.0139,-0.0093,0.0038,-0.0023,0.0854,64.4399,0.0101,0.0263,-0.0008,0.6301,0.6197,0.9327,sell
2024-12-03,236.3881,6657700,239.6807,240.4628,236.2047,-0.0058,-0.0219,-0.0009,-0.0080,0.0758,60.4117,0.0102,0.0243,-0.0024,0.5642,-0.2519,0.7036,sell
2024-12-04,235.0171,7346300,236.2723,236.8999,233.8874,-0.0058,-0.0263,0.0013,-0.0139,0.0665,54.4657,0.0101,0.0219,-0.0039,0.4534,0.1034,0.7692,buy
2024-12-05,237.0254,6572500,236.9385,238.6669,236.1950,0.0085,-0.0173,0.0195,-0.0074,0.0721,56.8242,0.0098,0.0203,-0.0043,0.5794,-0.1053,0.7573,buy
2024-12-06,238.8407,5519700,237.2378,239.2076,236.4075,0.0077,-0.0095,0.0106,-0.0008,0.0767,54.1181,0.0086,0.0193,-0.0040,0.6716,-0.1602,0.6787,sell
2024-12-09,235.4129,7076500,238.6186,239.3331,235.3646,-0.0144,-0.0099,-0.0191,-0.0133,0.0581,47.8338,0.0083,0.0176,-0.0049,0.4135,0.2820,0.8833,sell
2024-12-10,234.4957,9108300,235.4902,239.4200,233.8777,-0.0039,-0.0080,-0.0297,-0.0142,0.0509,49.5767,0.0076,0.0156,-0.0056,0.3209,0.2871,1.1363,buy
2024-12-11,235.1426,7884400,235.5964,235.8571,233.8391,0.0028,0.0005,-0.0258,-0.0088,0.0504,55.3858,0.0079,0.0139,-0.0057,0.3452,-0.1344,0.9773,sell
2024-12-12,233.2115,6113800,234.6308,235.6929,232.7383,-0.0082,-0.0161,-0.0331,-0.0137,0.0386,43.1423,0.0080,0.0120,-0.0063,0.1745,-0.2246,0.7839,sell
2024-12-13,231.6762,10392700,233.7329,234.3605,230.9038,-0.0066,-0.0300,-0.0392,-0.0162,0.0285,29.8361,0.0080,0.0098,-0.0069,0.0705,0.6999,1.3306,hold
2024-12-16,231.3286,9032000,232.3232,232.3811,229.3396,-0.0015,-0.0173,-0.0271,-0.0150,0.0245,23.1848,0.0072,0.0077,-0.0072,0.0972,-0.1309,1.1751,sell
2024-12-17,230.1506,8083600,230.4306,230.7879,228.4802,-0.0051,-0.0185,-0.0264,-0.0174,0.0169,22.1849,0.0072,0.0057,-0.0074,0.0714,-0.1050,1.0584,sell
2024-12-18,222.4358,11322400,230.7686,230.8362,221.6248,-0.0335,-0.0540,-0.0535,-0.0452,-0.0188,16.1437,0.0122,0.0013,-0.0098,-0.2001,0.4007,1.4398,buy
2024-12-19,224.9366,11790800,224.2704,228.2195,224.2704,0.0112,-0.0355,-0.0510,-0.0295,-0.0094,23.1410,0.0125,-0.0013,-0.0099,0.0084,0.0414,1.4733,buy
2024-12-20,229.4168,32348400,223.9324,230.9714,223.6138,0.0199,-0.0098,-0.0395,-0.0061,0.0082,36.6389,0.0144,-0.0018,-0.0081,0.2452,1.7435,3.5234,hold
2024-12-23,230.1796,8611500,227.9395,230.4017,226.7905,0.0033,-0.0050,-0.0222,-0.0005,0.0101,39.8676,0.0140,-0.0018,-0.0065,0.3018,-0.7338,0.9348,buy
2024-12-24,233.9646,3729100,231.1838,234.1384,230.8362,0.0164,0.0166,-0.0023,0.0162,0.0249,48.4078,0.0152,-0.0005,-0.0041,0.4957,-0.5670,0.4198,hold
2024-12-26,234.7660,4451800,233.1149,234.8819,232.4970,0.0034,0.0554,-0.0016,0.0198,0.0266,46.4524,0.0152,0.0007,-0.0023,0.5543,0.1938,0.5062,sell
2024-12-27,232.8639,5730200,234.3605,235.0074,231.7728,-0.0081,0.0352,-0.0015,0.0117,0.0168,40.6411,0.0152,0.0011,-0.0016,0.4752,0.2872,0.6505,sell
2024-12-30,231.0776,5723800,230.5465,232.5452,228.9437,-0.0077,0.0072,-0.0026,0.0042,0.0078,42.8435,0.0152,0.0007,-0.0016,0.3945,-0.0011,0.6490,hold
2024-12-31,231.4541,4871000,231.7824,233.1245,230.7975,0.0016,0.0055,0.0005,0.0058,0.0082,44.8880,0.0152,0.0005,-0.0014,0.4342,-0.1490,0.5652,hold
2025-01-02,231.7342,9220900,232.6225,234.9012,231.2031,0.0012,-0.0095,0.0069,0.0063,0.0080,44.1998,0.0151,0.0005,-0.0011,0.4659,0.8930,1.0542,buy
2025-01-03,234.9012,9491100,235.4902,236.4461,231.9852,0.0137,0.0006,0.0560,0.0146,0.0201,52.7594,0.0096,0.0015,-0.0001,0.6735,0.0293,1.0720,sell
2025-01-06,233.7560,9917800,236.5220,238.4534,233.4939,-0.0049,0.0038,0.0392,0.0058,0.0135,53.4401,0.0099,0.0019,0.0003,0.6136,0.0450,1.0994,buy
2025-01-07,236.0076,8753400,235.0080,238.0361,233.8045,0.0096,0.0213,0.0287,0.0126,0.0216,57.2809,0.0085,0.0030,0.0011,0.7948,-0.1174,0.9533,hold
2025-01-08,235.9688,8675300,235.6000,237.0558,233.4162,-0.0002,0.0195,0.0252,0.0099,0.0196,59.3863,0.0085,0.0038,0.0015,0.7873,-0.0089,0.9366,sell
2025-01-10,232.8048,10256800,235.9300,236.6287,231.7081,-0.0134,0.0046,-0.0050,-0.0031,0.0046,69.6070,0.0083,0.0033,0.0008,0.5667,0.1823,1.1005,buy
2025-01-13,237.0170,10005300,232.6107,237.3373,231.9604,0.0181,0.0090,0.0096,0.0139,0.0209,71.4546,0.0102,0.0042,0.0014,0.8546,-0.0245,1.0614,buy
2025-01-14,240.1809,12407400,235.5126,240.4236,235.0565,0.0133,0.0275,0.0314,0.0243,0.0324,70.0545,0.0103,0.0060,0.0025,0.9917,0.2401,1.2738,buy
2025-01-15,244.9172,18448500,243.0246,246.1983,236.5026,0.0197,0.0378,0.0599,0.0383,0.0500,73.9165,0.0107,0.0087,0.0043,1.1113,0.4869,1.8187,buy
2025-01-16,246.7807,15292300,246.5186,249.4691,244.8978,0.0076,0.0458,0.0662,0.0395,0.0551,72.1815,0.0106,0.0113,0.0055,1.0663,-0.1711,1.4625,buy
2025-01-17,251.5266,17678100,246.6545,252.9436,244.7134,0.0192,0.0804,0.0854,0.0507,0.0718,75.5236,0.0111,0.0146,0.0071,1.1040,0.1560,1.6165,buy
2025-01-21,255.2827,13712100,252.4098,256.4667,251.8566,0.0149,0.0771,0.0868,0.0574,0.0840,82.3154,0.0112,0.0180,0.0086,1.1131,-0.2243,1.2403,hold
2025-01-22,255.0983,9021900,255.1565,255.6224,252.5846,-0.0007,0.0621,0.0913,0.0474,0.0817,86.3009,0.0107,0.0207,0.0090,1.0202,-0.3420,0.8264,buy
2025-01-23,258.1167,10749700,256.8938,258.9998,256.0397,0.0118,0.0539,0.0937,0.0502,0.0917,87.3138,0.0108,0.0232,0.0093,1.0132,0.1915,1.0927,sell
2025-01-24,257.0393,7666300,255.9232,259.2328,255.2633,-0.0042,0.0416,0.0893,0.0370,0.0846,84.6412,0.0112,0.0248,0.0087,0.9222,-0.2868,0.7831,buy
2025-01-27,258.0196,7522300,256.3891,258.1361,254.5353,0.0038,0.0258,0.1083,0.0304,0.0862,83.6631,0.0084,0.0259,0.0079,0.8924,-0.0188,0.7538,buy
2025-01-28,259.2716,7375400,258.0196,259.4560,257.0296,0.0049,0.0156,0.0939,0.0263,0.0889,87.0385,0.0081,0.0269,0.0071,0.8732,-0.0195,0.7284,hold
2025-01-29,258.7281,7684900,259.3395,262.7073,257.7866,-0.0021,0.0142,0.0772,0.0167,0.0843,84.7019,0.0087,0.0273,0.0060,0.8232,0.0420,0.7517,buy
2025-01-30,260.3295,8753500,260.7177,261.7562,258.7669,0.0062,0.0086,0.0629,0.0168,0.0886,85.5120,0.0075,0.0276,0.0051,0.8243,0.1391,0.8437,sell
2025-01-31,259.4269,7193800,261.3001,262.8432,259.0969,-0.0035,0.0093,0.0512,0.0083,0.0828,91.5479,0.0081,0.0274,0.0039,0.7765,-0.1782,0.6857,hold
2025-02-03,258.9513,8381400,254.1180,260.2713,253.9918,-0.0018,0.0036,0.0295,0.0036,0.0788,88.7516,0.0066,0.0268,0.0026,0.7424,0.1651,0.8021,buy
2025-02-04,260.0480,5626000,261.8921,261.8921,258.9707,0.0042,0.0030,0.0187,0.0060,0.0810,87.8652,0.0051,0.0262,0.0017,0.7440,-0.3288,0.5486,buy
2025-02-05,262.4647,5704400,260.9894,262.6685,260.4265,0.0093,0.0144,0.0289,0.0124,0.0884,86.6881,0.0055,0.0261,0.0014,0.7781,0.0139,0.5679,buy
2025-02-06,268.7441,7264400,264.4252,268.8218,263.2023,0.0239,0.0323,0.0412,0.0324,0.1114,88.7631,0.0083,0.0271,0.0024,0.8937,0.2735,0.7286,sell
2025-02-07,267.6765,6857900,269.1032,270.3455,266.6186,-0.0040,0.0318,0.0414,0.0241,0.1045,82.7557,0.0083,0.0279,0.0025,0.8388,-0.0560,0.6941,sell
2025-02-10,263.0568,8627400,268.0162,268.0454,261.6495,-0.0173,0.0159,0.0195,0.0045,0.0835,65.2340,0.0107,0.0271,0.0010,0.7082,0.2580,0.8805,buy
2025-02-11,266.8904,7196400,262.2997,268.0842,261.7174,0.0146,0.0263,0.0294,0.0162,0.0970,70.2163,0.0114,0.0267,0.0008,0.8163,-0.1659,0.7451,hold
2025-02-12,267.3368,6683900,266.0072,268.3074,265.2016,0.0017,0.0186,0.0333,0.0146,0.0965,67.3357,0.0113,0.0264,0.0004,0.8276,-0.0712,0.7132,hold
2025-02-13,268.1812,8398700,267.3854,268.8121,265.7451,0.0032,-0.0021,0.0302,0.0148,0.0975,71.1340,0.0112,0.0261,0.0001,0.8484,0.2566,0.9469,hold
2025-02-14,268.4432,5688600,269.2003,271.0055,268.3074,0.0010,0.0029,0.0348,0.0123,0.0958,70.3255,0.0110,0.0256,-0.0002,0.8522,-0.3227,0.6781,buy
2025-02-18,271.7043,7919800,268.6083,271.7237,267.8900,0.0121,0.0329,0.0492,0.0197,0.1059,72.4816,0.0112,0.0257,0.0001,0.9644,0.3922,1.0023,hold
2025-02-19,271.0249,7007200,270.1805,271.9954,269.0547,-0.0025,0.0155,0.0422,0.0130,0.1000,72.1272,0.0114,0.0255,-0.0001,0.8861,-0.1152,0.9261,sell
2025-02-20,258.9416,13846700,270.4717,270.5299,257.9128,-0.0446,-0.0314,-0.0134,-0.0309,0.0490,48.1867,0.0190,0.0225,-0.0034,0.2832,0.9761,1.7735,sell
2025-02-21,256.4570,12835600,260.4168,261.2709,255.0982,-0.0096,-0.0437,-0.0457,-0.0358,0.0375,46.2737,0.0169,0.0184,-0.0063,0.1685,-0.0730,1.6224,sell
2025-02-24,253.6424,10372800,257.6702,259.1357,250.9928,-0.0110,-0.0551,-0.0524,-0.0413,0.0246,43.7083,0.0170,0.0140,-0.0087,0.0605,-0.1919,1.2890,sell
2025-02-25,249.8185,9608400,254.5062,255.2535,245.8878,-0.0151,-0.0806,-0.0503,-0.0510,0.0079,38.6128,0.0169,0.0093,-0.0111,-0.0325,-0.0737,1.1787,buy
2025-02-26,251.1675,5943600,249.5855,253.2251,249.3623,0.0054,-0.0733,-0.0589,-0.0401,0.0120,37.1182,0.0159,0.0056,-0.0117,0.0755,-0.3814,0.7356,hold
2025-02-27,251.4199,8204400,252.5166,255.8747,250.2649,0.0010,-0.0290,-0.0595,-0.0333,0.0116,27.0978,0.0159,0.0028,-0.0115,0.1226,0.3804,1.0122,buy
2025-02-28,256.8549,10467100,253.0504,257.0102,250.2941,0.0216,0.0016,-0.0422,-0.0081,0.0314,37.1751,0.0180,0.0023,-0.0094,0.3288,0.2758,1.2778,sell
2025-03-03,252.9436,9058300,256.2240,258.4757,250.2261,-0.0152,-0.0028,-0.0577,-0.0173,0.0139,37.8099,0.0182,0.0007,-0.0090,0.2104,-0.1346,1.0934,sell
2025-03-04,242.8791,13465600,247.7609,249.6535,238.7057,-0.0398,-0.0278,-0.1061,-0.0457,-0.0274,24.8373,0.0198,-0.0039,-0.0112,-0.0308,0.4865,1.5770,hold
2025-03-05,244.1214,7861400,243.8496,245.5966,240.5303,0.0051,-0.0281,-0.0993,-0.0306,-0.0242,26.0704,0.0203,-0.0071,-0.0114,0.0707,-0.4162,0.9088,sell
2025-03-06,239.2783,9983200,240.8021,242.0153,236.6676,-0.0198,-0.0483,-0.0759,-0.0423,-0.0446,22.4769,0.0169,-0.0113,-0.0126,0.0241,0.2699,1.1262,sell
2025-03-07,235.1438,20498700,238.0069,239.4531,232.3681,-0.0173,-0.0845,-0.0831,-0.0508,-0.0616,20.4683,0.0172,-0.0160,-0.0139,0.0099,1.0533,2.1518,sell
2025-03-10,225.3801,18887200,229.2526,230.5143,221.9638,-0.0415,-0.1090,-0.1114,-0.0797,-0.1002,13.1656,0.0201,-0.0237,-0.0171,-0.0733,-0.0786,1.8649,sell
2025-03-11,222.3909,18143000,224.9240,226.4478,220.0130,-0.0133,-0.0844,-0.1098,-0.0816,-0.1113,12.6991,0.0201,-0.0303,-0.0190,-0.0218,-0.0394,1.7110,hold
2025-03-12,221.1874,16054000,227.1077,227.4183,220.5662,-0.0054,-0.0939,-0.1194,-0.0751,-0.1151,15.2430,0.0194,-0.0355,-0.0193,0.0351,-0.1151,1.4533,sell
2025-03-13,218.5572,16467900,222.5461,222.7402,217.6255,-0.0119,-0.0866,-0.1307,-0.0734,-0.1247,15.2023,0.0188,-0.0405,-0.0193,0.0598,0.0258,1.4276,buy
2025-03-14,225.5937,11962100,221.4009,226.2730,220.8768,0.0322,-0.0406,-0.1217,-0.0307,-0.0961,26.0999,0.0212,-0.0398,-0.0154,0.1970,-0.2736,1.0212,buy
2025-03-17,227.0398,9586000,224.3708,228.7285,223.6720,0.0064,0.0074,-0.1024,-0.0135,-0.0900,29.7707,0.0220,-0.0390,-0.0118,0.2437,-0.1986,0.8050,hold
2025-03-18,228.0491,10344900,227.4183,229.2138,226.6418,0.0044,0.0254,-0.0611,-0.0027,-0.0857,29.3444,0.0198,-0.0376,-0.0084,0.2784,0.0792,0.8599,buy
2025-03-19,232.0672,10120600,228.7965,235.1924,227.9715,0.0176,0.0492,-0.0494,0.0202,-0.0693,33.7992,0.0209,-0.0342,-0.0044,0.3620,-0.0217,0.8305,hold
2025-03-20,231.9701,8328500,229.5923,234.6391,229.2429,-0.0004,0.0614,-0.0305,0.0231,-0.0696,27.1235,0.0203,-0.0317,-0.0015,0.3788,-0.1771,0.6993,buy
2025-03-21,234.5130,19326900,230.8055,235.1632,229.5341,0.0110,0.0395,-0.0027,0.0346,-0.0593,32.6195,0.0200,-0.0282,0.0013,0.4456,1.3206,1.5797,buy
2025-03-24,240.7536,9422700,238.2496,241.3650,237.2111,0.0266,0.0604,0.0682,0.0550,-0.0346,47.8398,0.0154,-0.0227,0.0049,0.5892,-0.5125,0.7732,buy
2025-03-25,243.7331,9287700,241.9667,244.4028,240.3265,0.0124,0.0688,0.0960,0.0581,-0.0235,49.6189,0.0137,-0.0175,0.0078,0.6629,-0.0143,0.7631,hold
2025-03-26,243.6361,12779300,245.1599,247.1689,242.4229,-0.0004,0.0499,0.1015,0.0475,-0.0244,54.7174,0.0132,-0.0134,0.0095,0.6751,0.3759,1.0213,sell
2025-03-27,240.8118,8022500,242.1803,243.2576,239.8995,-0.0116,0.0381,0.1018,0.0255,-0.0358,56.3149,0.0132,-0.0112,0.0096,0.6297,-0.3722,0.6416,sell
2025-03-28,235.6970,11978400,239.6666,242.1609,234.0083,-0.0212,0.0050,0.0448,-0.0006,-0.0556,62.8227,0.0139,-0.0111,0.0081,0.5381,0.4931,0.9523,buy
2025-03-31,238.0749,13603000,232.3584,238.6184,230.3687,0.0101,-0.0111,0.0486,0.0048,-0.0454,69.7942,0.0140,-0.0098,0.0074,0.6380,0.1356,1.0622,sell
2025-04-01,236.4832,8054700,235.4738,238.4534,233.7851,-0.0067,-0.0297,0.0370,-0.0054,-0.0506,69.1169,0.0145,-0.0093,0.0063,0.6026,-0.4079,0.6425,buy
2025-04-02,238.5796,7758800,234.4839,239.9674,234.3480,0.0089,-0.0208,0.0281,0.0006,-0.0409,75.3627,0.0138,-0.0080,0.0060,0.6844,-0.0367,0.6192,sell
2025-04-03,221.9541,17188500,227.3698,228.2141,220.6051,-0.0697,-0.0783,-0.0432,-0.0652,-0.1054,46.2908,0.0268,-0.0135,0.0013,0.1778,1.2154,1.3334,sell
2025-04-04,205.3434,27170700,210.2553,212.5892,204.0251,-0.0748,-0.1288,-0.1244,-0.1244,-0.1688,33.1093,0.0342,-0.0250,-0.0072,-0.1424,0.5807,2.0546,buy
2025-04-07,209.4058,22914400,200.9393,216.8371,197.4141,0.0198,-0.1204,-0.1302,-0.0949,-0.1490,36.1447,0.0334,-0.0307,-0.0106,0.0310,-0.1567,1.7068,buy
2025-04-08,211.7787,19485700,218.2726,222.4912,208.2437,0.0113,-0.1045,-0.1311,-0.0719,-0.1362,34.5441,0.0333,-0.0339,-0.0112,0.1195,-0.1496,1.4441,buy
2025-04-09,228.8386,24022400,207.5113,231.9049,206.0465,0.0806,-0.0408,-0.0607,0.0094,-0.0642,48.1043,0.0447,-0.0276,-0.0053,0.4822,0.2328,1.7293,sell
2025-04-10,221.7783,18896400,224.6005,224.9423,214.9329,-0.0309,-0.0008,-0.0790,-0.0134,-0.0904,42.6908,0.0454,-0.0277,-0.0037,0.3206,-0.2134,1.3485,buy
2025-04-11,230.6549,20284500,220.9971,232.9791,219.7179,0.0400,0.1233,-0.0214,0.0284,-0.0517,44.3740,0.0474,-0.0227,0.0003,0.5134,0.0735,1.4058,hold
2025-04-14,229.2097,13017800,231.5338,234.1509,228.1453,-0.0063,0.0946,-0.0372,0.0260,-0.0552,41.7682,0.0473,-0.0199,0.0026,0.4785,-0.3582,0.8916,hold
2025-04-15,227.6570,10912900,230.5573,233.0474,227.3543,-0.0068,0.0750,-0.0373,0.0231,-0.0592,41.0902,0.0473,-0.0181,0.0036,0.4441,-0.1617,0.7460,sell
2025-04-16,224.2196,9322300,226.5535,228.0964,222.5791,-0.0151,-0.0202,-0.0602,0.0142,-0.0707,40.8111,0.0472,-0.0178,0.0034,0.3764,-0.1458,0.6390,hold
2025-04-17,226.5145,9557900,225.3817,228.8386,225.1376,0.0102,0.0214,0.0205,0.0225,-0.0584,44.7507,0.0415,-0.0162,0.0038,0.4338,0.0253,0.6524,sell
2025-04-21,223.6142,8716200,225.2157,226.3680,221.0264,-0.0128,-0.0305,0.0890,0.0011,-0.0669,41.7825,0.0322,-0.0161,0.0033,0.3813,-0.0881,0.6173,buy
2025-04-22,230.0592,10701400,226.5340,230.4499,225.9383,0.0288,0.0037,0.0986,0.0205,-0.0370,46.5403,0.0327,-0.0130,0.0047,0.5381,0.2278,0.7545,buy
2025-04-23,235.2251,14126800,234.5806,240.9963,234.3657,0.0225,0.0332,0.1107,0.0327,-0.0131,48.2512,0.0329,-0.0088,0.0068,0.6744,0.3201,0.9793,buy
2025-04-24,238.8968,9055200,234.1118,239.7073,232.0025,0.0156,0.0655,0.0440,0.0442,0.0047,60.2119,0.0224,-0.0043,0.0088,0.7771,-0.3590,0.6359,hold
2025-04-25,237.8324,8588600,238.9065,239.8538,236.0746,-0.0045,0.0500,0.0724,0.0323,0.0027,74.0983,0.0191,-0.0012,0.0096,0.7591,-0.0515,0.6020,hold
2025-04-28,237.5101,7394300,238.8187,241.0451,235.1860,-0.0014,0.0621,0.0297,0.0279,0.0039,72.0706,0.0152,0.0011,0.0096,0.7465,-0.1391,0.5267,buy
2025-04-29,238.8773,7216800,236.5043,239.4925,236.0161,0.0058,0.0383,0.0422,0.0295,0.0123,71.6223,0.0149,0.0034,0.0094,0.7785,-0.0240,0.5260,hold
2025-04-30,238.8773,12991700,235.5473,239.4632,232.8326,0.0000,0.0155,0.0493,0.0245,0.0151,61.0065,0.0145,0.0051,0.0089,0.7721,0.8002,0.9302,buy
2025-05-01,241.0940,8689600,237.1391,242.6174,236.4848,0.0093,0.0092,0.0753,0.0266,0.0271,73.6943,0.0127,0.0071,0.0087,0.8188,-0.3311,0.6201,buy
2025-05-02,246.5820,7165000,245.3614,247.6660,243.6036,0.0228,0.0368,0.0886,0.0411,0.0516,71.3091,0.0136,0.0102,0.0094,0.8956,-0.1755,0.5303,hold
2025-05-05,246.6309,5450700,245.2833,249.1698,244.7071,0.0002,0.0384,0.1029,0.0312,0.0527,74.2129,0.0118,0.0126,0.0095,0.8800,-0.2393,0.4387,sell
2025-05-06,243.3986,6369900,244.1310,246.7187,243.1544,-0.0131,0.0189,0.0580,0.0121,0.0398,70.9025,0.0118,0.0135,0.0083,0.7885,0.1686,0.5492,hold
2025-05-07,243.5353,8724100,243.9845,246.5234,242.9884,0.0006,0.0195,0.0353,0.0092,0.0409,78.1126,0.0103,0.0140,0.0070,0.7866,0.3696,0.7888,buy
2025-05-08,247.5195,8320100,245.6641,249.8729,245.6446,0.0164,0.0267,0.0361,0.0220,0.0583,79.1385,0.0104,0.0153,0.0067,0.8659,-0.0463,0.8097,hold
2025-05-09,247.1386,5087600,248.5253,249.5116,246.4160,-0.0015,0.0023,0.0391,0.0165,0.0571,85.0859,0.0102,0.0162,0.0061,0.8266,-0.3885,0.5308,buy
2025-05-12,253.9450,9603900,256.7281,257.4117,252.6267,0.0275,0.0297,0.0692,0.0375,0.0864,85.2450,0.0124,0.0183,0.0068,0.9615,0.8877,1.0611,buy
2025-05-13,256.8355,8589000,254.9020,257.4801,254.2771,0.0114,0.0552,0.0752,0.0417,0.0984,84.1829,0.0125,0.0209,0.0076,0.9668,-0.1057,0.9728,buy
2025-05-14,259.4038,8643100,256.8258,260.3803,256.1324,0.0100,0.0652,0.0859,0.0434,0.1079,83.6108,0.0122,0.0233,0.0081,0.9636,0.0063,0.9917,buy
2025-05-15,261.2103,9214600,260.7025,263.1927,258.5444,0.0070,0.0553,0.0834,0.0423,0.1140,87.4062,0.0122,0.0255,0.0083,0.9546,0.0661,1.0579,hold
2025-05-16,261.2787,8932900,261.2201,262.1576,258.4956,0.0003,0.0572,0.0596,0.0365,0.1122,88.3427,0.0112,0.0271,0.0079,0.9114,-0.0306,1.0292,sell
2025-05-19,258.6617,12145000,259.3159,262.0209,255.7809,-0.0100,0.0186,0.0488,0.0212,0.0988,80.6784,0.0122,0.0275,0.0065,0.8300,0.3596,1.3722,hold
2025-05-20,259.4428,8436300,256.3570,260.3998,256.1422,0.0030,0.0102,0.0659,0.0178,0.0990,81.1354,0.0105,0.0275,0.0052,0.8245,-0.3054,0.9656,sell
2025-05-21,254.9118,7464000,258.1441,259.4135,254.6091,-0.0175,-0.0173,0.0467,-0.0044,0.0768,69.5496,0.0129,0.0262,0.0029,0.6794,-0.1153,0.8881,hold
2025-05-22,254.5505,6514100,253.3493,256.1422,252.7927,-0.0014,-0.0255,0.0284,-0.0085,0.0722,63.1868,0.0124,0.0245,0.0009,0.6503,-0.1273,0.7870,hold
2025-05-23,254.5895,6671800,250.7811,255.8395,249.9901,0.0002,-0.0256,0.0301,-0.0112,0.0692,63.1749,0.0123,0.0229,-0.0006,0.6329,0.0242,0.8155,buy
2025-05-27,259.0620,7506600,255.8883,259.0718,255.8395,0.0176,0.0015,0.0202,0.0041,0.0849,74.9069,0.0103,0.0223,-0.0006,0.7494,0.1251,0.9169,sell
2025-05-28,257.3043,5535400,259.9897,260.4584,256.7281,-0.0068,-0.0082,0.0018,-0.0029,0.0748,70.8210,0.0101,0.0216,-0.0012,0.6734,-0.2626,0.6831,buy
2025-05-29,258.1636,5081200,258.5835,259.1792,256.3668,0.0033,0.0128,-0.0048,0.0010,0.0757,67.7756,0.0096,0.0208,-0.0015,0.6859,-0.0821,0.6593,hold
2025-05-30,257.8023,10977700,257.2652,259.1011,256.5621,-0.0014,0.0128,-0.0130,0.0009,0.0719,67.8199,0.0092,0.0199,-0.0019,0.6544,1.1605,1.4035,hold
2025-06-02,258.4468,6011200,256.8453,258.8081,255.7516,0.0025,0.0152,-0.0108,0.0045,0.0722,59.4740,0.0093,0.0192,-0.0021,0.6619,-0.4524,0.7742,buy
2025-06-03,260.0190,6998400,257.5386,260.3217,256.7086,0.0061,0.0037,0.0052,0.0101,0.0765,57.0931,0.0090,0.0187,-0.0019,0.7084,0.1642,0.8925,sell
2025-06-04,258.0171,5915700,259.6772,260.8490,257.9781,-0.0077,0.0028,-0.0055,0.0028,0.0666,46.8303,0.0093,0.0178,-0.0024,0.5993,-0.1547,0.7566,sell
2025-06-05,255.8004,8173800,258.5249,258.5249,254.1989,-0.0086,-0.0092,0.0035,-0.0061,0.0564,37.8616,0.0078,0.0162,-0.0033,0.4412,0.3817,1.0491,buy
2025-06-06,259.4917,7738100,258.1245,260.3901,258.0562,0.0144,0.0066,0.0194,0.0063,0.0703,46.5511,0.0089,0.0156,-0.0029,0.6696,-0.0533,0.9969,buy
2025-06-09,260.4780,8285000,259.7553,261.6107,257.1676,0.0038,0.0079,0.0231,0.0078,0.0726,53.7409,0.0089,0.0154,-0.0025,0.7795,0.0707,1.0458,buy
2025-06-10,262.2943,7538100,259.6382,262.5873,259.6089,0.0070,0.0088,0.0125,0.0136,0.0777,55.6328,0.0074,0.0155,-0.0018,0.9377,-0.0902,0.9641,hold
2025-06-11,261.8549,7434100,262.3724,263.2903,259.5503,-0.0017,0.0149,0.0177,0.0101,0.0738,66.3598,0.0069,0.0154,-0.0015,0.8454,-0.0138,0.9579,hold
2025-06-12,261.9428,6618000,260.5952,261.9916,258.9156,0.0003,0.0240,0.0146,0.0090,0.0719,67.6457,0.0069,0.0151,-0.0014,0.8258,-0.1098,0.8640,sell
2025-06-13,258.7300,7098300,258.8569,260.7514,256.5425,-0.0123,-0.0029,0.0036,-0.0038,0.0570,58.5830,0.0082,0.0140,-0.0022,0.5093,0.0726,0.9397,buy
2025-06-16,264.0130,8566000,260.7319,265.3509,260.5854,0.0204,0.0136,0.0215,0.0144,0.0749,59.9295,0.0104,0.0141,-0.0014,1.0039,0.2068,1.1368,sell
2025-06-17,263.1927,6739300,261.8744,264.2376,261.5131,-0.0031,0.0034,0.0122,0.0100,0.0666,62.2710,0.0104,0.0140,-0.0012,0.8769,-0.2133,0.9276,buy
2025-06-18,267.5285,9586400,263.6614,271.2002,263.3880,0.0165,0.0217,0.0369,0.0229,0.0791,67.0458,0.0109,0.0149,-0.0001,1.1023,0.4225,1.3091,buy
2025-06-20,268.5440,13969700,269.1007,270.7900,267.3820,0.0038,0.0252,0.0498,0.0218,0.0782,69.0971,0.0100,0.0158,0.0007,1.0609,0.4572,1.8266,buy
2025-06-23,271.7373,8094600,268.6026,272.0107,265.7219,0.0119,0.0503,0.0472,0.0292,0.0873,71.6650,0.0097,0.0171,0.0017,1.1196,-0.4206,1.0476,buy
2025-06-24,274.6571,9267900,273.6317,276.0730,272.9482,0.0107,0.0403,0.0544,0.0347,0.0943,72.8575,0.0099,0.0187,0.0028,1.1272,0.1449,1.1796,buy
2025-06-25,277.3914,6826900,274.8915,277.6062,274.3153,0.0100,0.0539,0.0576,0.0391,0.1011,79.5765,0.0100,0.0205,0.0038,1.0980,-0.2634,0.8727,buy
2025-06-26,281.9713,8942100,278.0163,282.6158,277.7917,0.0165,0.0540,0.0768,0.0483,0.1146,87.2634,0.0102,0.0228,0.0051,1.1146,0.3098,1.1187,sell
2025-06-27,280.3698,17868600,279.1003,281.9225,278.3484,-0.0057,0.0440,0.0703,0.0353,0.1037,81.6083,0.0108,0.0243,0.0052,0.9751,0.9983,2.0699,buy
2025-06-30,283.1040,12689200,283.5825,285.7797,282.1373,0.0098,0.0418,0.0942,0.0361,0.1093,82.5328,0.0085,0.0255,0.0053,0.9772,-0.2899,1.4555,hold
2025-07-01,283.5923,9338300,284.0610,284.2954,279.8620,0.0017,0.0325,0.0742,0.0305,0.1063,81.8392,0.0077,0.0265,0.0051,0.9269,-0.2641,1.0511,buy
2025-07-02,285.1450,8158700,285.1840,285.9457,282.8990,0.0055,0.0280,0.0834,0.0279,0.1070,83.6958,0.0069,0.0273,0.0048,0.9092,-0.1263,0.9124,buy
2025-07-03,290.4436,6541600,286.6658,290.8361,285.7435,0.0186,0.0300,0.0857,0.0384,0.1224,85.8320,0.0072,0.0287,0.0053,0.9674,-0.1982,0.7290,sell
2025-07-07,286.4892,8825700,289.7077,290.4828,284.6347,-0.0136,0.0218,0.0668,0.0178,0.1027,84.2609,0.0100,0.0292,0.0043,0.8392,0.3492,0.9799,sell
2025-07-08,277.4717,15440900,283.8399,284.2619,275.0481,-0.0315,-0.0199,0.0211,-0.0163,0.0648,65.2090,0.0153,0.0272,0.0013,0.6085,0.7495,1.6441,hold
2025-07-09,277.8447,11273800,281.7892,281.8088,277.1774,0.0013,-0.0203,0.0116,-0.0161,0.0630,66.7265,0.0151,0.0247,-0.0010,0.6002,-0.2699,1.1816,buy
2025-07-10,282.7802,8410900,277.6876,282.8979,277.6876,0.0178,-0.0083,0.0194,-0.0005,0.0781,67.1760,0.0157,0.0235,-0.0014,0.7044,-0.2539,0.8775,hold
2025-07-11,281.4751,7384700,280.1603,281.9854,278.3254,-0.0046,-0.0309,-0.0018,-0.0049,0.0697,64.4682,0.0150,0.0224,-0.0021,0.6513,-0.1220,0.7707,buy
2025-07-14,283.2807,9079900,281.6813,283.8694,279.9052,0.0064,-0.0112,0.0104,0.0004,0.0729,63.3295,0.0150,0.0215,-0.0023,0.6810,0.2296,0.9356,sell
2025-07-15,281.1710,12526100,282.5938,286.4697,280.1211,-0.0074,0.0133,-0.0068,-0.0064,0.0617,57.6652,0.0149,0.0203,-0.0030,0.6008,0.3795,1.2556,hold
2025-07-16,280.4547,9979800,282.9863,285.2725,277.6975,-0.0025,0.0094,-0.0111,-0.0078,0.0563,53.7845,0.0148,0.0188,-0.0036,0.5557,-0.2033,0.9933,buy
2025-07-17,284.4581,8509500,278.1194,284.8506,278.1194,0.0143,0.0059,-0.0024,0.0066,0.0684,53.1167,0.0155,0.0182,-0.0031,0.6911,-0.1473,0.8396,buy
2025-07-18,285.8024,12217000,284.0852,287.0093,282.8195,0.0047,0.0154,-0.0160,0.0130,0.0700,56.8528,0.0142,0.0181,-0.0025,0.7363,0.4357,1.1899,hold
2025-07-21,285.5080,7898100,285.5374,288.6577,285.1253,-0.0010,0.0079,-0.0034,0.0124,0.0655,53.2313,0.0136,0.0178,-0.0023,0.7145,-0.3535,0.7927,hold
2025-07-22,285.9594,6717500,286.0281,288.1181,283.7516,0.0016,0.0170,0.0306,0.0109,0.0642,53.1849,0.0080,0.0174,-0.0021,0.7314,-0.1495,0.6789,buy
2025-07-23,291.1893,7083500,287.3429,291.4150,287.0583,0.0183,0.0383,0.0480,0.0246,0.0801,57.4003,0.0093,0.0181,-0.0008,1.0219,0.0545,0.7239,hold
2025-07-24,290.9833,7001200,291.8370,293.9662,290.6399,-0.0007,0.0229,0.0290,0.0209,0.0764,50.7549,0.0082,0.0186,-0.0003,0.9510,-0.0116,0.7148,buy
2025-07-25,293.0144,5918500,291.1305,293.2892,290.4044,0.0070,0.0252,0.0410,0.0239,0.0810,59.6461,0.0078,0.0192,0.0004,0.9886,-0.1546,0.6138,hold
2025-07-28,292.6808,5840400,292.0724,293.8092,291.2482,-0.0011,0.0251,0.0332,0.0194,0.0771,80.2496,0.0079,0.0195,0.0005,0.9107,-0.0132,0.6459,sell
2025-07-29,291.4641,7635700,294.3685,295.6343,290.6399,-0.0042,0.0192,0.0366,0.0115,0.0703,76.2083,0.0075,0.0192,0.0001,0.8094,0.3074,0.8688,buy
2025-07-30,294.0055,8061700,291.8370,294.9670,291.7977,0.0087,0.0097,0.0483,0.0155,0.0770,73.7935,0.0073,0.0193,0.0003,0.8884,0.0558,0.9239,sell
2025-07-31,290.6791,14749700,293.5247,295.3301,289.9530,-0.0113,-0.0010,0.0219,0.0019,0.0623,67.9693,0.0081,0.0185,-0.0006,0.7079,0.8296,1.6289,sell
2025-08-01,283.9380,12007100,284.9487,286.3224,278.9043,-0.0232,-0.0310,-0.0065,-0.0207,0.0358,51.0761,0.0113,0.0161,-0.0028,0.3979,-0.1859,1.2872,buy
2025-08-04,288.7362,6649500,284.8113,288.7951,284.8113,0.0169,-0.0135,0.0113,-0.0053,0.0507,61.3816,0.0126,0.0147,-0.0030,0.6254,-0.4462,0.7213,sell
2025-08-05,285.9005,7182300,289.1582,290.2375,281.8480,-0.0098,-0.0191,-0.0002,-0.0150,0.0381,57.7018,0.0130,0.0130,-0.0039,0.4649,0.0801,0.8156,hold
2025-08-06,285.8809,6330200,286.8130,287.7844,284.7132,-0.0001,-0.0276,-0.0182,-0.0133,0.0356,52.2677,0.0114,0.0115,-0.0044,0.4366,-0.1186,0.7396,sell
2025-08-07,281.5537,8057100,287.4411,287.9513,281.0336,-0.0151,-0.0314,-0.0324,-0.0250,0.0183,43.8161,0.0121,0.0090,-0.0057,0.1930,0.2728,0.9433,buy
2025-08-08,283.3395,6634100,283.5554,285.7632,279.3655,0.0063,-0.0021,-0.0330,-0.0156,0.0228,46.9752,0.0120,0.0073,-0.0058,0.2850,-0.1766,0.7801,hold
2025-08-11,284.1245,5510100,283.9675,285.8515,283.3591,0.0028,-0.0160,-0.0292,-0.0099,0.0237,47.4641,0.0122,0.0062,-0.0055,0.3272,-0.1694,0.6618,buy
2025-08-12,287.3528,8570900,286.0281,289.2171,284.8899,0.0114,0.0051,-0.0141,0.0028,0.0332,44.3871,0.0130,0.0061,-0.0044,0.5001,0.5555,1.0545,sell
2025-08-13,285.0763,8420400,288.4321,289.0208,281.7696,-0.0079,-0.0028,-0.0304,-0.0020,0.0230,41.8517,0.0126,0.0054,-0.0042,0.3303,-0.0176,1.0460,buy
2025-08-14,288.6382,6322400,285.1253,288.6774,284.2030,0.0125,0.0252,-0.0070,0.0112,0.0337,44.2078,0.0131,0.0056,-0.0030,0.5584,-0.2492,0.7962,sell
2025-08-15,285.0370,7340500,289.3054,289.9530,284.3796,-0.0125,0.0060,0.0039,-0.0018,0.0188,40.6885,0.0114,0.0049,-0.0031,0.3139,0.1610,0.9537,buy
2025-08-18,286.0575,5386900,284.5562,286.4205,282.9961,0.0036,0.0068,-0.0093,0.0027,0.0203,43.3822,0.0099,0.0045,-0.0028,0.3814,-0.2661,0.7115,sell
2025-08-19,285.2038,6031500,285.3706,286.9897,284.0950,-0.0030,-0.0075,-0.0024,-0.0001,0.0154,38.7622,0.0094,0.0039,-0.0027,0.3264,0.1197,0.8003,buy
2025-08-20,286.7542,7374200,285.3510,287.8237,281.8774,0.0054,0.0059,0.0031,0.0050,0.0190,44.7506,0.0096,0.0038,-0.0022,0.4463,0.2226,0.9766,hold
2025-08-21,285.9986,6624000,286.4598,287.2742,284.0362,-0.0026,-0.0091,0.0158,0.0008,0.0146,53.2813,0.0081,0.0035,-0.0020,0.4088,-0.1017,0.8794,buy
2025-08-22,290.6791,8552800,287.6962,291.5818,284.6838,0.0164,0.0198,0.0259,0.0146,0.0291,53.1054,0.0092,0.0044,-0.0008,0.7653,0.2912,1.1160,sell
2025-08-25,289.3642,5856300,290.6791,291.7682,288.6185,-0.0045,0.0116,0.0184,0.0082,0.0224,55.8193,0.0095,0.0048,-0.0003,0.6911,-0.3153,0.7640,buy
2025-08-26,292.9654,6714700,288.6381,293.1322,287.9905,0.0124,0.0272,0.0195,0.0187,0.0327,60.6240,0.0096,0.0060,0.0007,0.9559,0.1466,0.8813,hold
2025-08-27,293.6620,6056500,291.6702,295.4185,291.4641,0.0024,0.0241,0.0301,0.0181,0.0330,70.3765,0.0090,0.0070,0.0014,1.0171,-0.0980,0.8055,buy
2025-08-28,295.4184,6410500,294.3881,295.5852,293.0929,0.0060,0.0329,0.0235,0.0218,0.0368,70.3471,0.0085,0.0082,0.0021,1.0605,0.0584,0.9027,hold
2025-08-29,295.7619,6796400,296.3702,297.2631,294.1036,0.0012,0.0175,0.0376,0.0192,0.0359,69.8993,0.0067,0.0092,0.0025,0.9931,0.0602,0.9935,sell
2025-09-02,294.0742,7221900,294.6236,294.8199,288.9718,-0.0057,0.0163,0.0280,0.0106,0.0282,62.1325,0.0073,0.0094,0.0021,0.8506,0.0626,1.0513,hold
2025-09-03,293.8877,6316900,294.9278,294.9278,290.8165,-0.0006,0.0031,0.0304,0.0070,0.0259,67.2031,0.0072,0.0094,0.0017,0.8050,-0.1253,0.9254,buy
2025-09-04,298.1168,6605800,294.3685,298.7154,292.6808,0.0144,0.0152,0.0396,0.0175,0.0390,68.0358,0.0080,0.0103,0.0022,0.9646,0.0457,0.9657,sell
2025-09-05,288.8540,9837700,297.9500,299.4219,288.7853,-0.0311,-0.0222,0.0100,-0.0151,0.0059,55.9755,0.0137,0.0088,0.0003,0.4629,0.4893,1.4197,sell
2025-09-08,287.4116,8188500,289.3545,290.8950,285.9692,-0.0050,-0.0282,-0.0112,-0.0189,0.0005,52.0922,0.0126,0.0069,-0.0013,0.3649,-0.1676,1.1686,buy
2025-09-09,292.2589,7848200,287.1074,293.3873,286.8229,0.0169,-0.0062,0.0100,-0.0033,0.0165,59.7031,0.0137,0.0065,-0.0013,0.6300,-0.0416,1.1017,buy
2025-09-10,294.8984,7787300,291.1305,295.8796,289.8548,0.0090,0.0034,0.0066,0.0050,0.0249,60.8753,0.0135,0.0069,-0.0006,0.7631,-0.0078,1.0992,buy
2025-09-11,299.8242,7942500,295.5852,299.9910,295.1437,0.0167,0.0057,0.0210,0.0196,0.0408,66.6117,0.0144,0.0083,0.0007,0.9813,0.0199,1.1249,buy
2025-09-12,301.1488,6846700,299.2747,301.7768,297.9991,0.0044,0.0426,0.0194,0.0221,0.0443,63.6830,0.0144,0.0098,0.0018,0.9710,-0.1380,0.9661,buy
2025-09-15,303.1014,7122000,301.4039,304.1317,301.4039,0.0065,0.0546,0.0248,0.0262,0.0501,67.6589,0.0144,0.0113,0.0027,0.9916,0.0402,1.0065,hold
2025-09-16,303.3860,10525600,304.1808,305.0639,301.3647,0.0009,0.0381,0.0317,0.0240,0.0499,64.6442,0.0142,0.0124,0.0031,0.9423,0.4779,1.4354,buy
2025-09-17,305.8979,8657800,304.5635,307.0362,302.9739,0.0083,0.0373,0.0409,0.0283,0.0565,66.3605,0.0142,0.0137,0.0036,0.9856,-0.1775,1.1599,buy
2025-09-18,307.3502,8050700,305.9372,307.5562,303.7981,0.0047,0.0251,0.0310,0.0299,0.0593,66.0847,0.0137,0.0150,0.0039,0.9759,-0.0701,1.0737,buy
2025-09-19,308.8711,23568600,307.7133,309.8719,303.3173,0.0049,0.0256,0.0693,0.0281,0.0627,67.1282,0.0066,0.0162,0.0041,0.9740,1.9275,2.8242,sell
2025-09-22,306.5750,7520200,303.9845,307.8113,303.7490,-0.0074,0.0115,0.0667,0.0140,0.0530,66.0777,0.0071,0.0165,0.0035,0.8424,-0.6809,0.9067,hold
2025-09-23,306.8694,8584400,305.9667,310.3724,304.7499,0.0010,0.0115,0.0500,0.0101,0.0523,66.6499,0.0063,0.0165,0.0028,0.8199,0.1415,1.0183,buy
2025-09-24,307.5366,7310500,308.1548,310.6373,305.8195,0.0022,0.0054,0.0429,0.0081,0.0527,63.2964,0.0061,0.0165,0.0023,0.8100,-0.1484,0.8641,hold
2025-09-25,307.5661,7083200,308.2235,309.7248,305.9470,0.0001,0.0007,0.0258,0.0057,0.0508,85.7249,0.0044,0.0164,0.0017,0.7805,-0.0311,0.8322,buy
2025-09-26,310.1270,7258100,308.9888,311.8442,307.8113,0.0083,0.0041,0.0298,0.0111,0.0577,91.5917,0.0047,0.0166,0.0016,0.8341,0.0247,0.8485,hold
2025-09-29,309.7640,6462400,311.1083,312.0405,307.7721,-0.0012,0.0104,0.0220,0.0077,0.0547,88.3491,0.0047,0.0166,0.0013,0.7892,-0.1096,0.7570,hold
2025-09-30,309.5089,11823300,310.3135,311.4517,304.2887,-0.0008,0.0086,0.0202,0.0049,0.0521,85.7416,0.0048,0.0164,0.0008,0.7537,0.8296,1.3486,sell
2025-10-01,304.8775,9235200,308.0763,308.6846,301.6394,-0.0150,-0.0086,-0.0033,-0.0098,0.0351,62.5426,0.0067,0.0150,-0.0006,0.5778,-0.2189,1.0362,sell
2025-10-02,301.7768,7600000,304.1808,304.7303,300.3933,-0.0102,-0.0188,-0.0181,-0.0181,0.0238,51.4324,0.0071,0.0129,-0.0023,0.4602,-0.1771,0.8480,buy
2025-10-03,304.2102,6029900,302.7188,305.8096,302.4244,0.0081,-0.0191,-0.0151,-0.0087,0.0311,52.4748,0.0075,0.0115,-0.0029,0.5231,-0.2066,0.6874,hold
2025-10-06,304.8511,7214500,305.8371,307.3852,300.8579,0.0021,-0.0159,-0.0056,-0.0061,0.0325,53.2190,0.0072,0.0105,-0.0030,0.5174,0.1965,0.8270,sell
2025-10-07,303.3820,8454200,305.0188,305.6695,300.4339,-0.0048,-0.0198,-0.0114,-0.0097,0.0268,44.2069,0.0073,0.0093,-0.0035,0.3883,0.1718,0.9658,sell
2025-10-08,299.7732,6489900,303.8947,304.4567,299.2999,-0.0119,-0.0167,-0.0252,-0.0190,0.0140,34.1298,0.0080,0.0074,-0.0044,0.0687,-0.2323,0.7469,buy
2025-10-09,301.2522,7060300,300.7789,303.7271,299.1422,0.0049,-0.0017,-0.0205,-0.0121,0.0185,34.0139,0.0083,0.0060,-0.0046,0.1662,0.0879,0.8167,sell
2025-10-10,296.6772,8597400,301.3804,306.1231,296.5983,-0.0152,-0.0248,-0.0434,-0.0228,0.0026,31.0450,0.0083,0.0038,-0.0056,-0.0978,0.2177,0.9845,buy
2025-10-13,303.6581,10788700,301.3213,305.1272,301.1734,0.0235,-0.0039,-0.0197,0.0022,0.0248,45.1040,0.0122,0.0037,-0.0044,0.3913,0.2549,1.2101,sell
2025-10-14,297.8505,16178800,301.5579,302.7017,290.0907,-0.0191,-0.0182,-0.0377,-0.0132,0.0046,37.2334,0.0133,0.0022,-0.0048,0.0451,0.4996,1.7589,buy
2025-10-15,301.4100,11354800,302.1002,307.7500,301.1635,0.0120,0.0055,-0.0114,-0.0002,0.0156,42.5769,0.0135,0.0018,-0.0041,0.2923,-0.2982,1.2166,sell
2025-10-16,294.3601,10549400,301.0747,304.3581,292.9107,-0.0234,-0.0229,-0.0246,-0.0212,-0.0088,32.8450,0.0151,-0.0003,-0.0051,-0.0355,-0.0709,1.1154,hold
2025-10-17,293.3938,10153500,294.9714,295.3560,290.0809,-0.0033,-0.0111,-0.0356,-0.0209,-0.0128,32.4194,0.0146,-0.0023,-0.0057,0.0017,-0.0375,1.1555,buy
2025-10-20,298.1266,6894900,294.3206,299.4380,293.9854,0.0161,-0.0182,-0.0221,-0.0029,0.0021,38.8486,0.0158,-0.0025,-0.0046,0.2648,-0.3209,0.7874,sell
2025-10-21,292.9304,7372700,297.4364,299.7929,292.8417,-0.0174,-0.0165,-0.0345,-0.0168,-0.0159,38.4234,0.0166,-0.0041,-0.0050,0.0719,0.0693,0.8479,sell
2025-10-22,289.9921,8054100,293.6009,293.8868,286.4721,-0.0100,-0.0379,-0.0326,-0.0235,-0.0260,38.5447,0.0165,-0.0061,-0.0057,0.0194,0.0924,0.9223,hold
2025-10-23,290.4161,5438800,290.2584,292.2205,288.4146,0.0015,-0.0134,-0.0360,-0.0185,-0.0249,36.0463,0.0163,-0.0075,-0.0056,0.0933,-0.3247,0.6287,buy
2025-10-24,296.2335,7228300,291.9345,298.3633,291.3134,0.0200,0.0097,-0.0015,0.0013,-0.0059,42.1091,0.0173,-0.0068,-0.0040,0.3487,0.3290,0.8357,buy
2025-10-27,299.8915,5642200,297.9294,300.2662,296.7955,0.0123,0.0059,-0.0124,0.0150,0.0054,46.9271,0.0159,-0.0052,-0.0019,0.5315,-0.2194,0.6555,hold
2025-10-28,301.0846,6336000,300.5916,303.6581,298.9154,0.0040,0.0278,0.0109,0.0179,0.0084,51.2058,0.0146,-0.0036,-0.0003,0.6211,0.1230,0.7603,hold
2025-10-29,301.2325,7520300,299.2605,303.9341,298.7675,0.0005,0.0388,-0.0006,0.0185,0.0078,49.9814,0.0141,-0.0023,0.0008,0.6441,0.1869,0.9118,buy
2025-10-30,305.1075,7514600,301.5086,308.2331,300.8283,0.0129,0.0506,0.0365,0.0278,0.0195,58.0524,0.0119,-0.0003,0.0023,0.8358,-0.0008,0.9116,buy
2025-10-31,306.7639,7721300,304.2201,308.4894,302.9481,0.0054,0.0355,0.0456,0.0288,0.0236,53.3025,0.0117,0.0018,0.0034,0.9012,0.0275,0.9271,sell
2025-11-03,305.0188,7770000,306.6457,307.9472,301.9227,-0.0057,0.0171,0.0231,0.0206,0.0168,58.3429,0.0113,0.0029,0.0036,0.8108,0.0063,0.9299,hold
2025-11-04,304.9202,7085200,302.4157,307.8486,300.8283,-0.0003,0.0127,0.0409,0.0162,0.0155,54.4433,0.0090,0.0037,0.0036,0.7967,-0.0881,0.8549,buy
2025-11-05,307.3161,6865200,305.2751,308.7163,301.3509,0.0079,0.0202,0.0597,0.0183,0.0225,68.5909,0.0076,0.0049,0.0038,0.8729,-0.0311,0.8265,buy
2025-11-06,309.0318,7206100,306.6358,310.4319,305.9160,0.0056,0.0129,0.0641,0.0177,0.0271,71.9668,0.0074,0.0062,0.0041,0.9040,0.0497,0.8668,buy
2025-11-07,309.8107,7302300,307.5232,310.0276,303.3327,0.0025,0.0099,0.0458,0.0157,0.0287,68.4638,0.0057,0.0074,0.0042,0.8846,0.0133,0.8852,buy
2025-11-10,312.4532,5794100,310.5896,315.0858,309.8107,0.0085,0.0244,0.0419,0.0202,0.0363,83.5594,0.0052,0.0088,0.0045,0.9364,-0.2065,0.7243,sell
2025-11-11,311.2009,5030200,313.0546,314.5829,310.8657,-0.0040,0.0206,0.0336,0.0127,0.0310,88.7010,0.0058,0.0096,0.0043,0.8462,-0.1318,0.6759,buy
2025-11-12,315.9239,10578300,311.8320,317.7381,311.7827,0.0152,0.0280,0.0488,0.0232,0.0451,90.2333,0.0068,0.0111,0.0047,0.9444,1.1030,1.4289,sell
2025-11-13,305.1469,8973300,314.7604,316.1408,304.7723,-0.0341,-0.0126,0.0001,-0.0117,0.0090,62.1571,0.0135,0.0099,0.0026,0.5785,-0.1517,1.2252,sell
2025-11-14,299.3591,10327000,303.2045,303.3327,297.0124,-0.0190,-0.0337,-0.0241,-0.0281,-0.0108,49.3136,0.0146,0.0072,-0.0002,0.3701,0.1509,1.4083,sell
2025-11-17,296.1645,8344000,299.7436,301.3114,293.5023,-0.0107,-0.0521,-0.0290,-0.0357,-0.0219,43.9691,0.0148,0.0040,-0.0028,0.2653,-0.1920,1.1268,hold
2025-11-18,295.2179,8077300,295.3067,298.7084,292.8614,-0.0032,-0.0514,-0.0318,-0.0357,-0.0252,42.7691,0.0148,0.0011,-0.0045,0.2232,-0.0320,1.0856,buy
2025-11-19,299.0239,5546600,295.5433,300.1874,295.0799,0.0129,-0.0535,-0.0270,-0.0207,-0.0130,42.6739,0.0153,-0.0001,-0.0045,0.3257,-0.3133,0.7582,sell
2025-11-20,294.2024,7501600,302.0509,305.5808,293.9854,-0.0161,-0.0359,-0.0480,-0.0318,-0.0285,35.9444,0.0155,-0.0024,-0.0055,0.1122,0.3525,1.0112,hold
2025-11-21,293.8474,11766800,297.0716,297.4561,288.7103,-0.0012,-0.0184,-0.0515,-0.0278,-0.0292,37.0986,0.0154,-0.0042,-0.0059,0.1136,0.5686,1.5391,hold
2025-11-24,293.8277,10940200,294.0643,295.6222,290.3865,-0.0001,-0.0079,-0.0596,-0.0219,-0.0287,37.1663,0.0148,-0.0056,-0.0058,0.1431,-0.0702,1.3831,buy
2025-11-25,298.7576,8877200,295.8489,300.2366,291.4218,0.0168,0.0120,-0.0400,-0.0013,-0.0121,40.6465,0.0164,-0.0052,-0.0044,0.3341,-0.1886,1.1045,buy
2025-11-26,303.3327,7910900,300.7297,304.2102,298.9549,0.0153,0.0144,-0.0399,0.0183,0.0032,44.1379,0.0165,-0.0037,-0.0023,0.5004,-0.1089,0.9819,buy
2025-11-28,308.6965,4322400,304.7722,309.3276,303.9243,0.0177,0.0493,0.0116,0.0351,0.0209,48.9527,0.0138,-0.0010,0.0003,0.6910,-0.4536,0.5473,sell
2025-12-01,304.5948,7727300,308.5684,309.6431,304.2201,-0.0133,0.0366,0.0175,0.0195,0.0076,42.8108,0.0130,-0.0001,0.0010,0.5444,0.7877,0.9785,hold
2025-12-02,303.5693,7249000,304.4173,306.1329,302.7904,-0.0034,0.0332,0.0250,0.0136,0.0044,42.9892,0.0124,0.0004,0.0012,0.5092,-0.0619,0.9209,buy
2025-12-03,307.7598,8535300,302.8989,307.9866,302.5044,0.0138,0.0301,0.0425,0.0233,0.0182,42.4259,0.0127,0.0019,0.0021,0.6576,0.1774,1.0745,buy
2025-12-04,311.6743,9627800,308.8741,314.0308,308.6177,0.0127,0.0275,0.0423,0.0319,0.0309,56.9392,0.0127,0.0040,0.0034,0.7849,0.1280,1.1913,hold
2025-12-05,310.6291,6518900,311.2207,314.0210,310.2741,-0.0034,0.0063,0.0558,0.0229,0.0272,63.3249,0.0109,0.0054,0.0038,0.7423,-0.3229,0.8101,hold
2025-12-08,310.7967,7417200,310.6488,312.0391,308.9627,0.0005,0.0204,0.0577,0.0178,0.0277,68.6339,0.0108,0.0064,0.0039,0.7449,0.1378,0.9210,sell
2025-12-09,296.3026,18049200,310.5404,314.3365,295.8194,-0.0466,-0.0239,0.0084,-0.0305,-0.0193,51.0269,0.0198,0.0036,0.0007,0.2614,1.4334,2.0828,buy
2025-12-10,305.7681,18874100,296.2926,306.8330,294.2812,0.0319,-0.0065,0.0235,-0.0018,0.0122,55.7673,0.0217,0.0035,0.0006,0.6120,0.0457,2.0168,buy
2025-12-11,312.9363,9721900,304.9103,313.5476,304.9103,0.0234,0.0040,0.0317,0.0184,0.0354,65.4021,0.0224,0.0053,0.0020,0.8979,-0.4849,1.0436,hold
2025-12-12,314.0604,8982900,315.2041,315.7859,312.1673,0.0036,0.0110,0.0174,0.0203,0.0383,66.4105,0.0218,0.0069,0.0029,0.8952,-0.0760,0.9643,hold
2025-12-15,315.5393,10864100,315.1154,318.3593,313.9322,0.0047,0.0153,0.0359,0.0215,0.0424,67.2193,0.0211,0.0085,0.0036,0.8926,0.2094,1.1628,sell
2025-12-16,311.1320,8331300,314.6224,315.0464,309.9981,-0.0140,0.0500,0.0249,0.0048,0.0274,59.8960,0.0218,0.0086,0.0029,0.7214,-0.2331,0.8918,hold
2025-12-17,310.5699,8718700,313.9716,314.8985,310.2544,-0.0018,0.0157,0.0091,0.0020,0.0251,56.1847,0.0214,0.0084,0.0022,0.6821,0.0465,0.9301,hold
2025-12-18,308.6176,11444900,311.5756,313.2519,307.8486,-0.0063,-0.0138,-0.0098,-0.0033,0.0180,49.9284,0.0211,0.0077,0.0011,0.5990,0.3127,1.1837,buy
2025-12-19,312.7687,24494400,309.3966,314.0998,308.8050,0.0135,-0.0041,0.0069,0.0094,0.0309,57.4110,0.0216,0.0080,0.0012,0.7264,1.1402,2.3286,buy
2025-12-22,318.5664,8354600,313.0645,318.7044,313.0645,0.0185,0.0096,0.0250,0.0256,0.0485,62.5144,0.0223,0.0095,0.0023,0.9127,-0.6589,0.8074,buy
2025-12-23,321.3666,6668300,319.0791,323.1907,318.5664,0.0088,0.0329,0.0846,0.0263,0.0565,61.6240,0.0140,0.0113,0.0033,0.9874,-0.2018,0.6580,buy
2025-12-24,324.5612,4289300,321.6722,325.3697,320.9426,0.0099,0.0451,0.0615,0.0303,0.0652,61.1462,0.0113,0.0133,0.0043,1.0342,-0.3568,0.4330,sell
2025-12-26,323.3189,4158300,324.5021,326.2276,321.9681,-0.0038,0.0476,0.0332,0.0230,0.0596,60.9383,0.0099,0.0145,0.0044,0.9257,-0.0305,0.4279,sell
2025-12-29,319.2171,8635300,322.4216,323.1808,319.0002,-0.0127,0.0206,0.0164,0.0084,0.0444,56.7972,0.0111,0.0145,0.0034,0.7508,1.0766,0.8693,hold
2025-12-30,318.8918,7904300,320.2623,320.3905,317.9748,-0.0010,0.0010,0.0106,0.0063,0.0416,73.6430,0.0111,0.0140,0.0024,0.7163,-0.0847,0.7950,sell
2025-12-31,317.7086,5048500,319.7989,320.3313,317.5311,-0.0037,-0.0114,0.0211,0.0005,0.0364,65.1187,0.0099,0.0133,0.0013,0.6545,-0.3613,0.5135,buy
2026-01-02,320.9229,8054000,317.9846,321.1694,316.2493,0.0101,-0.0112,0.0333,0.0073,0.0450,61.2375,0.0101,0.0132,0.0010,0.7492,0.5953,0.8212,buy
2026-01-05,329.3631,10752600,320.9426,332.5281,320.6370,0.0263,0.0187,0.0672,0.0271,0.0697,67.8555,0.0118,0.0148,0.0023,0.9774,0.3351,1.0901,buy
2026-01-06,331.4133,7660800,329.4423,332.6612,327.4911,0.0062,0.0382,0.0596,0.0275,0.0735,68.2784,0.0115,0.0165,0.0033,0.9646,-0.2875,0.7722,sell
2026-01-07,323.8661,9815200,327.9765,328.9768,321.4989,-0.0228,0.0156,0.0166,0.0025,0.0472,63.6742,0.0137,0.0163,0.0022,0.7125,0.2812,0.9775,buy
2026-01-08,326.6393,11737100,323.2718,328.2339,322.5389,0.0086,0.0281,0.0164,0.0094,0.0544,66.4734,0.0137,0.0162,0.0018,0.7968,0.1958,1.2068,hold
2026-01-09,326.0451,6738100,326.1936,328.7292,325.0348,-0.0018,0.0160,0.0046,0.0071,0.0507,68.3773,0.0134,0.0159,0.0012,0.7564,-0.4259,0.7389,sell
2026-01-12,321.3900,12805100,318.8049,322.9053,318.1611,-0.0143,-0.0242,-0.0060,-0.0067,0.0344,58.9955,0.0142,0.0146,-0.0003,0.5628,0.9004,1.3809,sell
2026-01-13,307.9298,19371200,321.2018,323.7373,307.6029,-0.0419,-0.0709,-0.0354,-0.0449,-0.0091,40.4317,0.0191,0.0103,-0.0042,0.0726,0.5128,1.9782,sell
2026-01-14,304.9287,25951500,305.2556,308.7816,303.1955,-0.0097,-0.0585,-0.0438,-0.0501,-0.0186,35.2663,0.0192,0.0055,-0.0073,0.0303,0.3397,2.4606,hold
2026-01-15,306.3055,14751400,305.5230,309.9503,304.8099,0.0045,-0.0623,-0.0359,-0.0424,-0.0143,33.0856,0.0194,0.0020,-0.0086,0.1024,-0.4316,1.3574,buy
2026-01-16,309.4848,14652500,307.3851,314.1795,307.0384,0.0104,-0.0508,-0.0356,-0.0290,-0.0044,37.6265,0.0194,0.0001,-0.0083,0.2083,-0.0067,1.3124,sell
2026-01-20,299.8477,12900600,303.2846,308.1774,298.9762,-0.0311,-0.0670,-0.0896,-0.0505,-0.0349,34.2365,0.0181,-0.0040,-0.0101,-0.0304,-0.1196,1.1480,hold
2026-01-21,299.1545,10270100,300.5312,302.4824,298.2730,-0.0023,-0.0285,-0.0973,-0.0429,-0.0365,34.0327,0.0175,-0.0073,-0.0108,0.0209,-0.2039,0.9757,buy
2026-01-22,300.7292,10535800,301.9475,305.2556,300.0062,0.0053,-0.0138,-0.0714,-0.0307,-0.0309,36.3504,0.0174,-0.0094,-0.0103,0.1135,0.0259,0.9907,sell
2026-01-23,294.8757,11107900,299.1148,299.4813,293.6773,-0.0195,-0.0373,-0.0972,-0.0397,-0.0487,29.9130,0.0169,-0.0127,-0.0109,0.0481,0.0543,1.0231,buy
2026-01-26,298.1640,11752700,294.9648,298.8969,294.6083,0.0112,-0.0366,-0.0855,-0.0201,-0.0372,23.8632,0.0180,-0.0140,-0.0098,0.1619,0.0580,1.0465,hold
2026-01-27,297.4410,11527400,298.4512,299.0851,295.3016,-0.0024,-0.0080,-0.0745,-0.0147,-0.0384,20.8927,0.0180,-0.0152,-0.0088,0.1833,-0.0192,0.9939,hold
2026-01-28,297.8965,9556700,297.4013,299.0356,295.2025,0.0015,-0.0042,-0.0326,-0.0099,-0.0365,24.6715,0.0135,-0.0158,-0.0075,0.2225,-0.1710,0.8207,buy
2026-01-29,303.4926,11580000,299.5110,303.8987,299.3327,0.0188,0.0092,-0.0047,0.0092,-0.0187,28.6028,0.0149,-0.0143,-0.0049,0.3510,0.2117,0.9790,hold
2026-01-30,302.9677,11953200,302.3338,304.9882,299.6695,-0.0017,0.0274,-0.0109,0.0085,-0.0208,28.6395,0.0148,-0.0134,-0.0032,0.3554,0.0322,0.9819,buy
2026-02-02,305.1962,9839400,301.5513,306.3451,298.4909,0.0074,0.0236,-0.0139,0.0174,-0.0142,34.3060,0.0146,-0.0118,-0.0014,0.4146,-0.1768,0.8024,buy
2026-02-03,311.8421,12688000,306.7710,313.2287,306.1470,0.0218,0.0484,0.0400,0.0354,0.0064,54.3685,0.0119,-0.0086,0.0013,0.5746,0.2895,1.0266,buy
2026-02-04,314.2389,9848800,311.4063,316.2594,311.4063,0.0077,0.0549,0.0504,0.0382,0.0128,60.5381,0.0117,-0.0055,0.0034,0.6653,-0.2238,0.7899,sell
2026-02-05,307.1969,9388000,311.9906,312.9910,302.6210,-0.0224,0.0122,0.0215,0.0127,-0.0107,50.8943,0.0146,-0.0050,0.0033,0.5110,-0.0468,0.7542,buy
2026-02-06,319.3199,17797400,311.7034,321.1523,311.7034,0.0395,0.0540,0.0829,0.0443,0.0266,58.3657,0.0166,-0.0013,0.0054,0.8776,0.8958,1.3958,hold
2026-02-09,319.0228,11477500,318.2701,323.2817,317.0518,-0.0009,0.0453,0.0700,0.0363,0.0243,69.3911,0.0168,0.0015,0.0065,0.9149,-0.3551,0.8837,sell
2026-02-10,315.2393,9902200,319.4685,323.0143,312.1095,-0.0119,0.0109,0.0598,0.0181,0.0114,65.3092,0.0176,0.0027,0.0063,0.8258,-0.1373,0.7710,sell
2026-02-11,307.8506,8703500,320.1519,322.1724,305.7806,-0.0234,-0.0203,0.0334,-0.0090,-0.0122,56.1026,0.0199,0.0018,0.0043,0.5719,-0.1211,0.7071,sell
2026-02-12,299.7487,13443400,309.2966,310.6238,297.1537,-0.0263,-0.0242,-0.0123,-0.0339,-0.0379,54.0209,0.0211,-0.0011,0.0012,0.3055,0.5446,1.1506,hold
2026-02-13,299.6595,9114500,295.6680,301.3829,293.6872,-0.0003,-0.0616,-0.0109,-0.0331,-0.0380,51.3028,0.0211,-0.0035,-0.0009,0.3164,-0.3220,0.7994,buy
2026-02-17,304.1958,8896800,299.8676,305.2952,299.6100,0.0151,-0.0465,-0.0033,-0.0182,-0.0232,55.5178,0.0216,-0.0040,-0.0012,0.4762,-0.0239,0.8005,hold
2026-02-18,305.8300,7209600,305.5131,309.2966,304.2850,0.0054,-0.0298,-0.0193,-0.0110,-0.0176,56.3582,0.0204,-0.0040,-0.0009,0.5214,-0.1896,0.6657,hold
2026-02-19,305.1070,6737700,304.2355,306.2262,302.2050,-0.0024,-0.0089,-0.0291,-0.0104,-0.0195,51.4035,0.0201,-0.0041,-0.0008,0.4863,-0.0655,0.6325,buy
2026-02-20,307.8209,7792700,305.4537,308.0288,302.7597,0.0089,0.0269,0.0020,-0.0018,-0.0106,54.0644,0.0191,-0.0034,-0.0001,0.5689,0.1566,0.7410,sell
2026-02-23,294.8262,12955400,305.8499,308.0289,292.2808,-0.0422,-0.0161,-0.0767,-0.0363,-0.0523,42.6423,0.0179,-0.0065,-0.0025,0.1136,0.6625,1.2213,hold
2026-02-24,294.4597,13554100,293.9843,296.8863,288.5963,-0.0012,-0.0320,-0.0770,-0.0297,-0.0528,36.4604,0.0179,-0.0088,-0.0038,0.1207,0.0462,1.2669,buy
2026-02-25,300.4024,8095500,295.7869,300.7590,294.1725,0.0202,-0.0177,-0.0471,-0.0053,-0.0329,39.7865,0.0199,-0.0088,-0.0031,0.3131,-0.4027,0.7690,buy
2026-02-26,303.2054,7007800,301.6702,306.0579,300.7392,0.0093,-0.0062,-0.0151,0.0056,-0.0232,46.8570,0.0191,-0.0080,-0.0019,0.3977,-0.1344,0.6739,sell
2026-02-27,297.4311,18620800,297.1339,300.0558,291.6370,-0.0190,-0.0338,-0.0077,-0.0128,-0.0407,30.8492,0.0182,-0.0090,-0.0022,0.2131,1.6572,1.7320,sell
2026-03-02,294.7173,8508900,291.9935,297.1141,290.4088,-0.0091,-0.0004,-0.0165,-0.0202,-0.0484,29.5976,0.0184,-0.0104,-0.0028,0.1527,-0.5430,0.8043,buy
2026-03-03,297.3914,10278200,289.4976,299.5011,286.7342,0.0091,0.0100,-0.0224,-0.0091,-0.0390,34.7340,0.0179,-0.0105,-0.0024,0.2591,0.2079,0.9695,hold
2026-03-04,296.5298,8055700,297.1240,298.1244,292.9939,-0.0029,-0.0129,-0.0304,-0.0089,-0.0410,39.0998,0.0177,-0.0107,-0.0021,0.2573,-0.2162,0.7769,sell
2026-03-05,290.7455,12732500,295.1332,298.3621,289.6362,-0.0195,-0.0411,-0.0471,-0.0235,-0.0584,40.9263,0.0184,-0.0126,-0.0031,0.1201,0.5806,1.2110,sell
2026-03-06,286.7144,13496500,283.6044,287.2196,280.9996,-0.0139,-0.0360,-0.0686,-0.0302,-0.0695,37.9139,0.0180,-0.0151,-0.0043,0.0653,0.0600,1.2591,hold
2026-03-09,287.1503,12241100,282.7725,288.3190,277.7707,0.0015,-0.0257,-0.0260,-0.0262,-0.0660,32.7659,0.0131,-0.0166,-0.0047,0.1055,-0.0930,1.1724,sell
2026-03-10,285.9716,8344900,286.5263,289.9532,284.4364,-0.0041,-0.0384,-0.0288,-0.0274,-0.0675,29.7352,0.0131,-0.0180,-0.0048,0.0888,-0.3183,0.8114,sell
2026-03-11,284.7732,10205000,286.0508,287.7049,282.1386,-0.0042,-0.0396,-0.0520,-0.0263,-0.0691,29.4495,0.0103,-0.0192,-0.0048,0.0759,0.2229,0.9908,sell
2026-03-12,280.1874,13760500,280.1280,281.1680,276.4336,-0.0161,-0.0363,-0.0759,-0.0344,-0.0817,23.0903,0.0094,-0.0216,-0.0055,-0.0002,0.3484,1.3040,hold
2026-03-13,280.7321,9091200,281.9504,284.4463,280.2468,0.0019,-0.0209,-0.0561,-0.0269,-0.0776,31.8818,0.0089,-0.0227,-0.0053,0.0813,-0.3393,0.8797,buy
2026-03-16,283.4261,8149000,283.6044,286.5064,281.8909,0.0096,-0.0130,-0.0383,-0.0137,-0.0667,36.6170,0.0100,-0.0224,-0.0042,0.1955,-0.1036,0.7922,hold
2026-03-17,284.1492,8961200,286.2390,288.9727,283.2182,0.0026,-0.0064,-0.0445,-0.0066,-0.0620,27.4279,0.0093,-0.0218,-0.0029,0.2427,0.0997,0.8709,buy
2026-03-18,284.9910,10057000,284.0897,286.6451,282.3961,0.0030,0.0008,-0.0389,0.0004,-0.0565,23.2469,0.0096,-0.0208,-0.0016,0.2880,0.1223,0.9640,hold
2026-03-19,285.2189,9846700,284.1393,286.7442,281.9009,0.0008,0.0180,-0.0190,0.0031,-0.0528,28.5714,0.0079,-0.0198,-0.0005,0.3142,-0.0209,0.9300,sell
2026-03-20,283.8223,22436500,285.3278,287.9327,282.5446,-0.0049,0.0110,-0.0101,-0.0008,-0.0550,29.9562,0.0068,-0.0193,0.0001,0.2824,1.2786,1.9820,buy
2026-03-23,287.1403,11470800,291.4983,292.9245,285.2189,0.0117,0.0131,-0.0000,0.0109,-0.0414,31.5770,0.0079,-0.0174,0.0014,0.4153,-0.4887,1.0200,buy
2026-03-24,289.6065,11092300,283.4361,292.6571,282.6437,0.0086,0.0192,0.0127,0.0183,-0.0308,38.2362,0.0082,-0.0151,0.0028,0.5145,-0.0330,0.9973,buy
2026-03-25,292.5977,12188200,291.3398,294.7965,289.6462,0.0103,0.0267,0.0275,0.0260,-0.0189,53.4772,0.0084,-0.0123,0.0044,0.6506,0.0988,1.0760,sell
2026-03-26,288.8736,8669200,289.7848,292.1718,287.9525,-0.0127,0.0128,0.0310,0.0099,-0.0301,54.1008,0.0076,-0.0113,0.0045,0.5363,-0.2887,0.7598,sell
2026-03-27,280.1379,9873300,286.3777,287.3384,279.0583,-0.0302,-0.0130,-0.0021,-0.0205,-0.0579,39.8741,0.0130,-0.0130,0.0026,0.1502,0.1389,0.8998,hold
2026-03-30,281.0590,11734400,282.0197,284.5058,279.6327,0.0033,-0.0212,-0.0084,-0.0164,-0.0532,42.8530,0.0126,-0.0136,0.0015,0.2214,0.1885,1.0539,buy
2026-03-31,291.3497,12956900,285.7141,292.2510,282.2277,0.0366,0.0060,0.0253,0.0170,-0.0173,57.5661,0.0173,-0.0107,0.0032,0.7896,0.1042,1.1499,hold
2026-04-01,292.5581,11267200,292.5680,295.8662,290.1117,0.0041,-0.0001,0.0266,0.0185,-0.0128,65.4311,0.0174,-0.0083,0.0044,0.9086,-0.1304,0.9859,hold
2026-04-02,291.7855,6669300,289.1212,292.7958,285.9617,-0.0026,0.0101,0.0230,0.0135,-0.0149,63.7100,0.0174,-0.0065,0.0049,0.8506,-0.4081,0.5995,buy
2026-04-06,294.1250,7142600,292.7412,295.4988,291.8851,0.0080,0.0499,0.0363,0.0180,-0.0065,63.3880,0.0173,-0.0044,0.0056,0.9317,0.0710,0.6609,buy
2026-04-07,296.0663,7849100,291.8254,296.8428,291.3873,0.0066,0.0534,0.0311,0.0216,-0.0001,64.4713,0.0171,-0.0022,0.0062,0.9645,0.0989,0.7413,buy
2026-04-08,306.5888,10590200,306.5888,309.8641,303.9607,0.0355,0.0523,0.0586,0.0517,0.0349,71.2344,0.0200,0.0023,0.0083,1.2073,0.3492,0.9897,buy
2026-04-09,308.9382,6586600,305.5734,309.8641,304.7372,0.0077,0.0560,0.0558,0.0539,0.0420,72.3864,0.0199,0.0063,0.0098,1.1156,-0.3780,0.6261,hold
2026-04-10,308.4803,6069700,308.6097,308.9582,305.3444,-0.0015,0.0572,0.0679,0.0453,0.0397,73.6920,0.0191,0.0092,0.0102,1.0075,-0.0785,0.5989,buy
2026-04-13,312.2732,8318200,306.0911,312.3330,304.0901,0.0123,0.0617,0.1147,0.0468,0.0519,73.9299,0.0139,0.0123,0.0106,1.0165,0.3704,0.8239,sell
2026-04-14,309.7247,11455500,308.4305,312.9104,307.4848,-0.0082,0.0461,0.1020,0.0283,0.0428,69.1252,0.0151,0.0141,0.0099,0.8961,0.3772,1.1163,sell
2026-04-15,304.5580,9885800,312.5420,312.8307,302.8955,-0.0167,-0.0066,0.0453,0.0068,0.0255,60.9184,0.0139,0.0142,0.0079,0.7444,-0.1370,0.9590,buy
2026-04-16,308.5600,8208600,303.9806,308.5600,303.8313,0.0131,-0.0012,0.0547,0.0146,0.0392,67.8807,0.0142,0.0147,0.0069,0.8069,-0.1697,0.8035,hold
2026-04-17,308.8984,11082400,311.0687,313.4877,308.6993,0.0011,0.0014,0.0586,0.0101,0.0407,80.8246,0.0140,0.0152,0.0059,0.7843,0.3501,1.0783,buy
2026-04-20,315.5684,10772000,309.4559,315.7078,308.9781,0.0216,0.0106,0.0729,0.0247,0.0626,82.9283,0.0149,0.0168,0.0061,0.8925,-0.0280,1.1112,sell
2026-04-21,311.5963,7084300,316.0661,318.8038,311.3474,-0.0126,0.0060,0.0525,0.0067,0.0497,71.9679,0.0161,0.0173,0.0052,0.7725,-0.3423,0.7477,hold
2026-04-22,311.6162,5545900,313.4380,313.7366,310.5410,0.0001,0.0232,0.0164,0.0051,0.0503,71.2258,0.0121,0.0173,0.0042,0.7469,-0.2172,0.6030,sell
2026-04-23,310.2922,6969700,312.1140,313.5774,307.5047,-0.0042,0.0056,0.0044,0.0004,0.0462,70.3615,0.0121,0.0169,0.0030,0.6963,0.2567,0.7799,sell
2026-04-24,306.8975,5215300,309.7546,309.7546,306.5092,-0.0109,-0.0065,-0.0051,-0.0100,0.0348,63.7337,0.0126,0.0156,0.0012,0.6021,-0.2517,0.5951,buy
2026-04-27,310.2324,7925300,305.5037,311.1781,305.5037,0.0109,-0.0169,-0.0065,0.0014,0.0453,64.7890,0.0125,0.0150,0.0006,0.6651,0.5196,0.9145,hold
2026-04-28,310.0533,7398600,313.7864,314.0353,309.7745,-0.0006,-0.0050,0.0011,0.0007,0.0440,54.6130,0.0122,0.0144,0.0000,0.6476,-0.0665,0.8756,sell
2026-04-29,307.8631,8031800,309.1772,310.6505,305.9119,-0.0071,-0.0120,0.0109,-0.0074,0.0364,48.5623,0.0110,0.0133,-0.0009,0.5550,0.0856,0.9791,buy
2026-04-30,311.8253,8865400,305.6929,312.6913,305.1951,0.0129,0.0049,0.0106,0.0043,0.0493,54.0896,0.0110,0.0131,-0.0008,0.6815,0.1038,1.0968,hold
2026-05-01,311.0687,6135400,312.5420,314.6625,310.4315,-0.0024,0.0136,0.0070,0.0012,0.0463,48.4092,0.0110,0.0127,-0.0009,0.6377,-0.3079,0.7615,sell
2026-05-04,306.2703,7338200,309.2269,309.2568,305.1354,-0.0154,-0.0128,-0.0295,-0.0113,0.0303,45.6937,0.0094,0.0112,-0.0021,0.3339,0.1960,0.9097,buy
2026-05-05,308.0124,6316800,306.3300,309.5754,305.4241,0.0057,-0.0066,-0.0115,-0.0045,0.0352,54.7083,0.0090,0.0102,-0.0025,0.3556,-0.1392,0.7906,buy
2026-05-06,313.4878,8629500,310.0533,314.8417,309.9537,0.0178,0.0183,0.0060,0.0126,0.0523,56.4571,0.0109,0.0105,-0.0016,0.8571,0.3661,1.0935,sell
2026-05-07,304.8965,8359600,313.2389,314.8815,304.7671,-0.0274,-0.0222,-0.0174,-0.0135,0.0231,45.6885,0.0140,0.0088,-0.0029,0.0785,-0.0313,1.0475,sell
2026-05-08,300.7452,9464300,306.8676,307.6043,299.1523,-0.0136,-0.0332,-0.0200,-0.0250,0.0094,33.1141,0.0142,0.0062,-0.0045,-0.1189,0.1321,1.1612,sell
2026-05-11,298.6546,9512000,300.7452,301.8303,297.5396,-0.0070,-0.0249,-0.0373,-0.0281,0.0023,34.5971,0.0136,0.0034,-0.0059,-0.1062,0.0050,1.1586,buy
2026-05-12,303.5127,9498200,298.6745,304.6874,294.2245,0.0163,-0.0146,-0.0211,-0.0102,0.0180,41.3515,0.0150,0.0024,-0.0054,0.2203,-0.0015,1.1709,sell
2026-05-13,298.9035,7709500,300.9144,301.6411,298.7243,-0.0152,-0.0465,-0.0291,-0.0224,0.0024,38.6418,0.0155,0.0005,-0.0060,0.0131,-0.1883,0.9633,hold
2026-05-14,298.5650,7364300,300.8945,302.3878,297.4699,-0.0011,-0.0208,-0.0425,-0.0192,0.0011,41.1504,0.0145,-0.0012,-0.0061,0.0637,-0.0448,0.9251,sell
2026-05-15,296.4744,8699300,298.8636,299.4410,295.1205,-0.0070,-0.0142,-0.0469,-0.0214,-0.0063,34.9913,0.0145,-0.0031,-0.0064,0.0406,0.1813,1.1094,buy
2026-05-18,299.3813,7546300,296.6635,299.9089,295.8870,0.0098,0.0024,-0.0225,-0.0095,0.0026,39.0119,0.0146,-0.0037,-0.0056,0.1968,-0.1325,0.9825,sell
2026-05-19,294.3739,8066900,299.7397,300.4366,293.9358,-0.0167,-0.0301,-0.0443,-0.0217,-0.0146,36.8727,0.0150,-0.0055,-0.0060,0.0421,0.0690,1.0436,buy
2026-05-20,300.6257,9327000,295.3694,301.5715,292.3530,0.0212,0.0058,-0.0410,0.0034,0.0053,39.5660,0.0156,-0.0051,-0.0044,0.3273,0.1562,1.1778,hold
2026-05-21,301.6411,7874400,299.8791,302.6168,298.8636,0.0034,0.0103,-0.0107,0.0079,0.0076,41.2590,0.0134,-0.0045,-0.0031,0.3877,-0.1557,0.9888,buy
2026-05-22,305.0060,5973900,303.3136,306.0712,302.4774,0.0112,0.0288,0.0142,0.0177,0.0171,48.7958,0.0131,-0.0031,-0.0013,0.5413,-0.2414,0.7466,hold
2026-05-26,305.3643,7725400,307.1065,308.5400,304.0702,0.0012,0.0200,0.0225,0.0166,0.0167,47.4094,0.0127,-0.0019,-0.0001,0.5704,0.2932,0.9667,sell
2026-05-27,297.9378,11779200,303.6322,304.5281,294.4236,-0.0243,0.0121,-0.0184,-0.0063,-0.0090,35.3471,0.0142,-0.0029,-0.0009,0.2537,0.5247,1.4346,sell
2026-05-28,295.3993,9757700,296.2355,299.7198,294.4236,-0.0085,-0.0174,-0.0117,-0.0136,-0.0182,39.8984,0.0136,-0.0044,-0.0019,0.1740,-0.1716,1.1760,buy
2026-05-29,297.9677,13969000,295.0707,298.5351,293.8761,0.0087,-0.0122,-0.0020,-0.0048,-0.0105,46.9428,0.0140,-0.0047,-0.0018,0.3091,0.4316,1.6334,sell
2026-06-01,295.2499,7930000,296.3549,298.2066,293.9458,-0.0091,-0.0320,-0.0041,-0.0135,-0.0202,46.3035,0.0141,-0.0057,-0.0022,0.2001,-0.4323,0.9176,buy
2026-06-02,299.6103,8296200,295.1703,300.7153,293.9458,0.0148,-0.0188,0.0008,0.0010,-0.0068,45.7168,0.0146,-0.0052,-0.0014,0.4379,0.0462,0.9547,hold
2026-06-03,299.5008,7003900,298.5750,300.6058,295.2300,-0.0004,0.0052,0.0174,-0.0011,-0.0079,50.7275,0.0133,-0.0048,-0.0008,0.4514,-0.1558,0.8028,buy
2026-06-04,309.4958,10345200,304.3688,311.5067,303.0747,0.0334,0.0477,0.0295,0.0292,0.0238,60.7774,0.0156,-0.0017,0.0017,1.1018,0.4771,1.1742,buy
2026-06-05,310.9691,9118800,312.8805,313.5873,308.2115,0.0048,0.0436,0.0309,0.0309,0.0275,64.4674,0.0156,0.0010,0.0035,1.0886,-0.1185,1.0306,hold
2026-06-08,309.7148,6827000,311.8452,314.8815,309.3862,-0.0040,0.0490,0.0154,0.0251,0.0219,60.6658,0.0155,0.0028,0.0043,0.9473,-0.2513,0.7833,buy
2026-06-09,311.2976,11594600,312.1040,315.0010,307.6242,0.0051,0.0390,0.0194,0.0284,0.0250,68.7970,0.0156,0.0045,0.0048,0.9513,0.6983,1.3145,sell
2026-06-10,307.7536,7446200,311.1582,313.3384,307.6441,-0.0114,0.0276,0.0329,0.0134,0.0116,58.4235,0.0135,0.0050,0.0042,0.7693,-0.3578,0.8541,buy
2026-06-11,312.0841,9116600,308.1717,313.3086,307.4948,0.0141,0.0084,0.0565,0.0220,0.0244,61.4445,0.0132,0.0063,0.0044,0.9046,0.2243,1.0374,buy
2026-06-12,319.2817,7426200,314.5530,319.8591,314.1348,0.0231,0.0267,0.0715,0.0383,0.0462,64.4324,0.0143,0.0089,0.0057,1.0669,-0.1854,0.8447,hold
2026-06-15,317.9676,7988900,322.4673,324.4584,317.4101,-0.0041,0.0266,0.0769,0.0265,0.0401,62.5000,0.0138,0.0107,0.0060,0.9489,0.0758,0.9124,buy
2026-06-16,329.6549,11094900,322.8456,330.2622,322.5668,0.0368,0.0590,0.1003,0.0540,0.0758,79.0059,0.0165,0.0144,0.0078,1.1386,0.3888,1.2420,buy
2026-06-17,331.9645,12246400,330.6902,336.2552,330.0133,0.0070,0.0787,0.1084,0.0505,0.0808,83.5802,0.0162,0.0178,0.0091,1.0733,0.1038,1.3396,sell
2026-06-18,323.7615,20111000,335.4389,336.5738,322.7062,-0.0247,0.0374,0.0461,0.0199,0.0530,71.4665,0.0174,0.0189,0.0079,0.8366,0.6422,2.0773,buy
2026-06-22,329.9934,10182500,328.2214,331.2776,325.2846,0.0192,0.0335,0.0612,0.0333,0.0718,77.3169,0.0180,0.0203,0.0076,0.9166,-0.4937,1.0394,buy
2026-06-23,332.6415,7582200,327.9924,333.8659,325.7425,0.0080,0.0461,0.0740,0.0342,0.0787,76.6892,0.0177,0.0219,0.0075,0.9115,-0.2554,0.7677,hold
2026-06-24,331.9546,7907400,331.5763,333.0297,328.2911,-0.0021,0.0070,0.0664,0.0255,0.0751,75.9802,0.0179,0.0229,0.0068,0.8530,0.0429,0.7998,hold
2026-06-25,333.6171,10043100,333.4578,341.9097,333.2587,0.0050,0.0050,0.0840,0.0224,0.0788,72.2825,0.0168,0.0237,0.0061,0.8447,0.2701,1.0249,sell
2026-06-26,327.5743,17640900,334.4931,334.8913,326.0312,-0.0181,0.0118,0.0496,-0.0008,0.0577,64.1452,0.0186,0.0231,0.0042,0.7117,0.7565,1.7306,hold
2026-06-29,327.9128,7981800,326.8077,330.8993,325.7326,0.0010,-0.0063,0.0270,-0.0024,0.0574,65.7478,0.0175,0.0221,0.0025,0.6977,-0.5475,0.8067,sell
2026-06-30,325.8620,8080100,327.4150,328.9581,325.2149,-0.0063,-0.0204,0.0248,-0.0110,0.0497,62.5021,0.0176,0.0207,0.0008,0.6381,0.0123,0.8160,buy
2026-07-01,332.5718,15210200,326.8974,334.1348,323.5524,0.0206,0.0019,0.0088,0.0084,0.0701,70.2059,0.0146,0.0205,0.0008,0.7667,0.8824,1.4843,hold
2026-07-02,332.9700,8413900,336.5041,338.4752,330.2821,0.0012,-0.0019,0.0030,0.0093,0.0699,68.1677,0.0144,0.0205,0.0007,0.7620,-0.4468,0.8155,buy
2026-07-06,337.7200,8673500,335.0000,339.7200,334.1100,0.0143,0.0310,0.0431,0.0194,0.0834,66.7519,0.0119,0.0211,0.0012,0.8497,0.0309,0.8475,buy
2026-07-07,339.2200,7115800,340.9800,341.4000,337.0900,0.0044,0.0345,0.0280,0.0211,0.0862,69.2436,0.0107,0.0218,0.0016,0.8518,-0.1796,0.7022,sell
2026-07-08,330.6200,18505200,336.5300,336.5300,330.1300,-0.0254,0.0146,-0.0061,-0.0042,0.0570,50.9256,0.0137,0.0207,0.0000,0.6077,1.6006,1.7265,buy
2026-07-09,335.4700,15570600,331.4600,337.0000,330.8100,0.0147,0.0087,0.0106,0.0094,0.0708,53.2059,0.0145,0.0201,-0.0003,0.7264,-0.1586,1.4263,hold
2026-07-10,336.4700,6299000,337.4700,338.5900,335.7700,0.0030,0.0105,0.0086,0.0115,0.0722,63.3860,0.0144,0.0197,-0.0005,0.7542,-0.5955,0.5800,sell
2026-07-13,334.5300,7120300,338.3400,338.3500,332.5000,-0.0058,-0.0094,0.0212,0.0036,0.0642,55.2534,0.0131,0.0189,-0.0011,0.6754,0.1304,0.6618,buy
2026-07-14,342.8900,14537900,327.0000,344.7300,325.7500,0.0250,0.0108,0.0457,0.0241,0.0886,60.4813,0.0149,0.0195,-0.0000,0.9967,1.0418,1.3079,buy
2026-07-15,346.9100,10750000,345.8500,351.2400,344.0500,0.0117,0.0493,0.0646,0.0296,0.0989,64.3189,0.0145,0.0208,0.0012,1.1132,-0.2606,0.9553,sell
2026-07-16,343.1500,12432400,349.2800,349.3400,341.1100,-0.0108,0.0229,0.0318,0.0153,0.0845,58.7748,0.0145,0.0211,0.0010,0.8901,0.1565,1.0982,sell
2026-07-17,341.1000,9250900,339.0300,346.1300,335.0500,-0.0060,0.0138,0.0244,0.0068,0.0757,63.4378,0.0148,0.0206,0.0003,0.7756,-0.2559,0.8282,sell
2026-07-20,338.8700,7723300,341.8000,344.2600,337.3700,-0.0065,0.0130,0.0034,-0.0002,0.0670,60.4916,0.0144,0.0194,-0.0008,0.6662,-0.1651,0.7320,buy
2026-07-21,345.2300,6015300,340.1200,345.7400,337.3000,0.0188,0.0068,0.0177,0.0168,0.0843,67.1313,0.0155,0.0193,-0.0004,0.8928,-0.2211,0.5816,buy
2026-07-22,348.2100,8040200,345.0700,349.0700,344.2500,0.0086,0.0037,0.0532,0.0203,0.0904,64.8094,0.0123,0.0199,0.0002,0.9443,0.3366,0.7757,buy
2026-07-23,349.9000,10913000,346.5800,349.9200,345.4200,0.0049,0.0197,0.0430,0.0209,0.0922,65.6498,0.0119,0.0204,0.0007,0.9387,0.3573,1.0378,buy
2026-07-24,353.2100,7520800,350.6400,353.3700,347.5000,0.0095,0.0355,0.0498,0.0256,0.0991,64.7103,0.0120,0.0213,0.0014,0.9713,-0.3108,0.7239,buy
2026-07-27,356.2000,7884900,357.8900,359.0500,352.5800,0.0085,0.0511,0.0648,0.0278,0.1044,65.6816,0.0114,0.0224,0.0021,0.9901,0.0484,0.7963,hold
2026-07-28,357.3100,6533800,357.3000,359.3000,354.1500,0.0031,0.0350,0.0421,0.0267,0.1039,78.6066,0.0093,0.0233,0.0025,0.9597,-0.1714,0.6647,sell
2026-07-29,344.7100,8265300,356.5000,357.3700,343.7800,-0.0353,-0.0101,-0.0063,-0.0089,0.0618,58.4926,0.0151,0.0217,0.0001,0.5748,0.2650,0.8401,buy
2026-07-30,350.8500,7606500,347.5400,352.2800,345.3700,0.0178,0.0027,0.0224,0.0066,0.0773,62.0759,0.0157,0.0206,-0.0005,0.7456,-0.0797,0.8042,hold
2026-07-31,351.7900,6603400,353.3000,354.4700,349.7000,0.0027,-0.0040,0.0313,0.0062,0.0764,64.7421,0.0154,0.0200,-0.0008,0.7514,-0.1319,0.7049,hold
2026-08-03,352.6400,6436600,353.7500,355.6200,350.8400,0.0024,-0.0100,0.0406,0.0047,0.0755,59.5532,0.0150,0.0195,-0.0010,0.7528,-0.0253,0.6954,buy
