date,close,volume,open,high,low,return_1d,return_5d,return_10d,price_vs_ma10,price_vs_ma50,rsi_14,volatility_10d,macd_norm,macd_hist_norm,bb_position,volume_change,volume_vs_avg20,label
2021-09-10,47.9641,10573700,48.3091,48.4126,47.8865,-0.0045,-0.0204,0.0013,-0.0103,-0.0099,39.9217,0.0094,-0.0015,-0.0017,0.1586,-0.1572,0.9403,buy
2021-09-13,48.3608,20274300,48.0762,48.6455,48.0762,0.0083,-0.0116,0.0075,-0.0029,-0.0024,46.5548,0.0097,-0.0015,-0.0014,0.3767,0.9174,1.7075,hold
2021-09-14,48.3956,13918900,48.5955,48.6476,48.2739,0.0007,0.0079,-0.0012,-0.0020,-0.0024,51.0069,0.0093,-0.0015,-0.0011,0.4159,-0.3135,1.1436,buy
2021-09-15,48.5607,15746000,48.3869,48.6650,48.1610,0.0034,-0.0021,-0.0001,0.0014,0.0001,52.2667,0.0093,-0.0011,-0.0006,0.5485,0.1313,1.2657,sell
2021-09-16,48.1001,17430400,48.4217,48.6563,47.6395,-0.0095,-0.0017,-0.0163,-0.0065,-0.0099,52.2259,0.0094,-0.0016,-0.0009,0.2515,0.1070,1.3813,sell
2021-09-17,47.3093,33370200,47.8133,47.9611,47.2485,-0.0164,-0.0137,-0.0338,-0.0195,-0.0264,43.2535,0.0104,-0.0034,-0.0021,-0.1359,0.9145,2.4136,sell
2021-09-20,46.9791,27542500,47.0225,47.2746,46.6923,-0.0070,-0.0286,-0.0399,-0.0223,-0.0332,35.1787,0.0104,-0.0053,-0.0032,-0.1426,-0.1746,1.8767,hold
2021-09-21,46.9704,16418200,47.2659,47.6395,46.8748,-0.0002,-0.0294,-0.0218,-0.0204,-0.0334,33.6260,0.0091,-0.0067,-0.0037,-0.0325,-0.4039,1.0908,hold
2021-09-22,47.0399,12719700,47.3701,47.4136,46.9791,0.0015,-0.0313,-0.0333,-0.0156,-0.0318,29.9158,0.0074,-0.0076,-0.0037,0.0662,-0.2253,0.8433,hold
2021-09-23,46.9617,13836200,47.1529,47.4657,46.9270,-0.0017,-0.0237,-0.0253,-0.0147,-0.0328,28.3657,0.0071,-0.0084,-0.0036,0.0946,0.0878,0.9096,sell
2021-09-24,46.8314,9682200,46.9270,47.1355,46.8053,-0.0028,-0.0101,-0.0236,-0.0151,-0.0347,27.7902,0.0070,-0.0091,-0.0034,0.0979,-0.3002,0.6378,sell
2021-09-27,46.5880,12429500,46.7966,47.1442,46.5533,-0.0052,-0.0083,-0.0367,-0.0166,-0.0389,32.3897,0.0060,-0.0101,-0.0035,0.0770,0.2837,0.8093,sell
2021-09-28,45.7451,19926100,46.4577,46.4577,45.5626,-0.0181,-0.0261,-0.0548,-0.0289,-0.0554,15.6742,0.0073,-0.0123,-0.0045,-0.0560,0.6031,1.2569,buy
2021-09-29,46.0232,13941500,45.7451,46.1970,45.6756,0.0061,-0.0216,-0.0523,-0.0177,-0.0488,23.3431,0.0077,-0.0132,-0.0043,0.0816,-0.3003,0.8801,sell
2021-09-30,45.5974,17672000,46.2057,46.3447,45.5626,-0.0093,-0.0291,-0.0520,-0.0216,-0.0564,22.1900,0.0077,-0.0147,-0.0046,0.0428,0.2676,1.0876,buy
2021-10-01,46.0753,16277400,45.8668,46.2317,45.6843,0.0105,-0.0161,-0.0261,-0.0087,-0.0454,23.6473,0.0080,-0.0146,-0.0037,0.1880,-0.0789,0.9877,hold
2021-10-04,46.0492,18973400,46.1101,46.5185,45.5365,-0.0006,-0.0116,-0.0198,-0.0073,-0.0447,22.8915,0.0079,-0.0146,-0.0029,0.2083,0.1656,1.1315,hold
2021-10-05,46.1275,17173100,46.0753,46.4664,45.9971,0.0017,0.0084,-0.0179,-0.0038,-0.0419,21.3117,0.0080,-0.0142,-0.0020,0.2538,-0.0949,1.0330,buy
2021-10-06,46.6749,21284500,45.8581,46.7271,45.6321,0.0119,0.0142,-0.0078,0.0088,-0.0294,33.5340,0.0090,-0.0126,-0.0005,0.4075,0.2394,1.2457,buy
2021-10-07,46.8227,13774400,46.9183,47.1703,46.7618,0.0032,0.0269,-0.0030,0.0123,-0.0255,43.3964,0.0091,-0.0111,0.0008,0.4627,-0.3528,0.8033,buy
2021-10-08,47.0312,13786800,46.9269,47.2659,46.8400,0.0045,0.0207,0.0043,0.0164,-0.0203,50.7316,0.0092,-0.0095,0.0019,0.5338,0.0009,0.7965,hold
2021-10-11,47.1268,12378500,47.1094,47.2659,46.9356,0.0020,0.0234,0.0116,0.0173,-0.0174,52.1429,0.0090,-0.0079,0.0028,0.5848,-0.1021,0.7318,hold
2021-10-12,47.1268,19474400,47.2919,47.6482,47.1181,0.0000,0.0217,0.0302,0.0142,-0.0166,51.2137,0.0060,-0.0066,0.0032,0.6158,0.5732,1.1328,hold
2021-10-13,47.1355,12143300,47.0747,47.3006,46.7445,0.0002,0.0099,0.0242,0.0120,-0.0157,52.4752,0.0059,-0.0055,0.0035,0.6717,-0.3764,0.7138,buy
2021-10-14,47.4571,13704000,47.2659,47.6309,47.1963,0.0068,0.0135,0.0408,0.0148,-0.0086,58.4507,0.0044,-0.0040,0.0039,0.8527,0.1285,0.8145,sell
2021-10-15,47.3441,17867000,47.4831,47.6917,47.1790,-0.0024,0.0067,0.0275,0.0097,-0.0103,60.5838,0.0042,-0.0030,0.0040,0.7992,0.3038,1.1132,sell
2021-10-18,46.8748,15861800,47.2311,47.2659,46.8053,-0.0099,-0.0053,0.0179,-0.0021,-0.0193,67.6630,0.0057,-0.0030,0.0032,0.5888,-0.1122,1.0256,buy
2021-10-19,47.0573,11068500,46.9617,47.1007,46.7271,0.0039,-0.0015,0.0202,-0.0002,-0.0148,66.6665,0.0058,-0.0026,0.0029,0.6692,-0.3022,0.7283,buy
2021-10-20,47.4744,12474800,47.0834,47.5874,47.0225,0.0089,0.0072,0.0171,0.0070,-0.0054,80.3369,0.0053,-0.0016,0.0031,0.8348,0.1271,0.8214,sell
2021-10-21,47.2311,14388300,47.4484,47.5092,47.1095,-0.0051,-0.0048,0.0087,0.0010,-0.0098,70.2129,0.0056,-0.0012,0.0028,0.7193,0.1534,0.9457,buy
2021-10-22,47.3180,12828600,47.2659,47.3875,46.9878,0.0018,-0.0006,0.0061,0.0022,-0.0073,71.7264,0.0055,-0.0007,0.0026,0.7400,-0.1084,0.8346,sell
2021-10-25,47.1268,11855000,47.2572,47.3354,46.9443,-0.0040,0.0054,0.0000,-0.0019,-0.0104,66.4756,0.0057,-0.0007,0.0022,0.6476,-0.0759,0.7727,buy
2021-10-26,47.3354,12086700,47.2050,47.4310,47.1268,0.0044,0.0059,0.0044,0.0021,-0.0050,62.2582,0.0058,-0.0002,0.0020,0.7151,0.0195,0.8084,buy
2021-10-27,48.2479,24019800,48.6389,48.7345,48.0306,0.0193,0.0163,0.0236,0.0190,0.0146,70.6031,0.0083,0.0016,0.0031,1.0275,0.9873,1.5542,buy
2021-10-28,48.6998,15928000,48.4477,48.7606,48.3348,0.0094,0.0311,0.0262,0.0259,0.0241,72.5354,0.0085,0.0037,0.0041,1.1202,-0.3369,1.0365,buy
2021-10-29,48.9865,24463700,48.5520,49.0734,48.4738,0.0059,0.0353,0.0347,0.0284,0.0302,73.8841,0.0084,0.0058,0.0050,1.1025,0.5359,1.5506,sell
2021-11-01,48.8127,11651100,49.0039,49.0126,48.5781,-0.0035,0.0358,0.0413,0.0206,0.0266,70.7267,0.0074,0.0071,0.0050,0.9801,-0.5237,0.7560,hold
2021-11-02,48.7519,11498900,49.0734,49.0995,48.6389,-0.0012,0.0299,0.0360,0.0157,0.0253,69.6204,0.0076,0.0079,0.0047,0.9176,-0.0131,0.7602,buy
2021-11-03,48.9170,10788300,48.6650,48.9518,48.4738,0.0034,0.0139,0.0304,0.0161,0.0285,68.4212,0.0074,0.0087,0.0044,0.9170,-0.0618,0.7388,buy
2021-11-04,49.1864,10820200,48.7606,49.2125,48.6911,0.0055,0.0100,0.0414,0.0175,0.0338,72.3631,0.0068,0.0097,0.0043,0.9391,0.0030,0.7486,buy
2021-11-05,49.3950,12886700,49.3950,49.6730,49.1777,0.0042,0.0083,0.0439,0.0175,0.0375,82.6578,0.0068,0.0106,0.0042,0.9358,0.1910,0.8943,sell
2021-11-08,48.9518,12828000,49.3168,49.4384,48.7780,-0.0090,0.0028,0.0387,0.0046,0.0278,72.9961,0.0076,0.0107,0.0034,0.7780,-0.0046,0.8889,buy
2021-11-09,49.0908,10155800,49.0213,49.1169,48.7432,0.0028,0.0070,0.0371,0.0038,0.0304,71.0411,0.0076,0.0107,0.0027,0.7863,-0.2083,0.7272,buy
2021-11-10,49.2907,8813600,49.1343,49.4645,48.9170,0.0041,0.0076,0.0216,0.0058,0.0343,77.1168,0.0053,0.0109,0.0024,0.8082,-0.1322,0.6387,hold
2021-11-11,49.3081,7257700,49.3863,49.4297,49.1603,0.0004,0.0025,0.0125,0.0049,0.0345,76.6901,0.0047,0.0110,0.0020,0.7821,-0.1765,0.5385,sell
2021-11-12,49.1951,10162500,49.3168,49.5253,49.1429,-0.0023,-0.0040,0.0043,0.0021,0.0320,78.3334,0.0045,0.0108,0.0014,0.7275,0.4002,0.7762,hold
2021-11-15,49.2038,10289200,49.1256,49.2559,48.8996,0.0002,0.0051,0.0080,0.0015,0.0321,77.0781,0.0043,0.0105,0.0009,0.7101,0.0125,0.8030,sell
2021-11-16,48.8562,13756500,49.2038,49.4819,48.8301,-0.0071,-0.0048,0.0021,-0.0058,0.0244,60.5423,0.0049,0.0097,-0.0000,0.5900,0.3370,1.0625,sell
2021-11-17,48.5868,13288700,48.6997,48.7084,48.3608,-0.0055,-0.0143,-0.0068,-0.0106,0.0188,47.9098,0.0051,0.0084,-0.0010,0.4875,-0.0340,1.0231,sell
2021-11-18,48.1523,15380100,48.5172,48.6041,47.9176,-0.0089,-0.0234,-0.0210,-0.0174,0.0097,35.3657,0.0052,0.0067,-0.0023,0.3124,0.1574,1.1796,sell
2021-11-19,47.9089,15813700,48.1783,48.2218,47.7091,-0.0051,-0.0261,-0.0301,-0.0194,0.0046,34.5237,0.0048,0.0048,-0.0034,0.1913,0.0282,1.1992,buy
2021-11-22,48.2044,16905600,47.8829,48.6824,47.8655,0.0062,-0.0203,-0.0153,-0.0118,0.0109,41.3222,0.0051,0.0037,-0.0035,0.2449,0.0690,1.2579,buy
2021-11-23,48.5607,13835900,48.3695,48.7606,48.2305,0.0074,-0.0060,-0.0108,-0.0034,0.0183,44.6753,0.0057,0.0034,-0.0030,0.3509,-0.1816,1.0228,sell
2021-11-24,48.1696,12598900,48.4130,48.5259,47.8220,-0.0081,-0.0086,-0.0227,-0.0092,0.0103,35.3382,0.0057,0.0025,-0.0032,0.1293,-0.0894,0.9724,sell
2021-11-26,46.6923,14754300,47.4397,47.5787,46.5620,-0.0307,-0.0303,-0.0530,-0.0343,-0.0201,21.4679,0.0105,-0.0007,-0.0052,-0.2859,0.1711,1.1440,buy
2021-11-29,47.4310,22712500,46.9704,47.5613,46.8661,0.0158,-0.0100,-0.0359,-0.0155,-0.0047,34.8877,0.0125,-0.0020,-0.0052,0.0699,0.5394,1.7730,sell
2021-11-30,45.9334,30485200,46.9406,46.9668,45.9247,-0.0316,-0.0471,-0.0665,-0.0400,-0.0357,25.2948,0.0152,-0.0056,-0.0072,-0.1937,0.3422,2.2168,hold
2021-12-01,45.8021,18719600,46.3976,46.8705,45.7846,-0.0029,-0.0568,-0.0625,-0.0366,-0.0380,22.4072,0.0152,-0.0087,-0.0081,-0.0791,-0.3859,1.3264,buy
2021-12-02,46.4764,17074200,46.0648,46.7129,45.9860,0.0147,-0.0352,-0.0434,-0.0181,-0.0236,29.7117,0.0166,-0.0096,-0.0073,0.1252,-0.0879,1.1835,buy
2021-12-03,46.8880,21064400,46.7041,46.9493,46.3976,0.0089,0.0042,-0.0263,-0.0068,-0.0149,34.1485,0.0170,-0.0095,-0.0058,0.2412,0.2337,1.4100,buy
2021-12-06,48.0878,26624100,47.5624,48.3856,47.4135,0.0256,0.0138,0.0037,0.0183,0.0098,43.4109,0.0191,-0.0072,-0.0028,0.5106,0.2639,1.7038,hold
2021-12-07,48.3505,23832700,48.1841,48.5344,48.0353,0.0055,0.0526,0.0030,0.0235,0.0145,46.9842,0.0191,-0.0050,-0.0006,0.5763,-0.1048,1.4733,hold
2021-12-08,48.1666,18026300,48.2717,48.4731,47.6061,-0.0038,0.0516,-0.0081,0.0205,0.0096,47.4684,0.0190,-0.0036,0.0007,0.5467,-0.2436,1.0879,hold
2021-12-09,48.0440,13846400,47.9477,48.2805,47.8076,-0.0025,0.0337,-0.0026,0.0182,0.0062,49.3223,0.0188,-0.0027,0.0013,0.5342,-0.2319,0.8231,buy
2021-12-10,49.2876,23153600,48.3856,49.3226,48.2279,0.0259,0.0512,0.0556,0.0388,0.0307,57.6708,0.0171,0.0002,0.0033,0.8325,0.6722,1.3143,buy
2021-12-13,50.5837,31362800,49.9006,50.7326,49.8831,0.0263,0.0519,0.0665,0.0591,0.0558,61.9121,0.0180,0.0043,0.0059,1.0575,0.3546,1.6793,hold
2021-12-14,50.6187,24806600,50.2684,50.9428,50.2684,0.0007,0.0469,0.1020,0.0495,0.0545,60.6461,0.0125,0.0076,0.0073,1.0006,-0.2090,1.2786,buy
2021-12-15,50.8464,24923800,50.7326,51.0128,50.4874,0.0045,0.0556,0.1101,0.0433,0.0572,64.0849,0.0119,0.0104,0.0081,0.9753,0.0047,1.2487,buy
2021-12-16,51.3631,24696900,50.7764,51.5646,50.7063,0.0102,0.0691,0.1051,0.0435,0.0658,77.3414,0.0118,0.0131,0.0087,0.9836,-0.0091,1.2029,sell
2021-12-17,50.5574,51874400,51.2230,51.5996,50.5312,-0.0157,0.0258,0.0783,0.0195,0.0475,68.1587,0.0143,0.0142,0.0078,0.8225,1.1004,2.3204,hold
2021-12-20,50.3911,20879500,50.0933,50.6012,49.9181,-0.0033,-0.0038,0.0479,0.0114,0.0426,80.6258,0.0132,0.0145,0.0064,0.7705,-0.5975,0.9235,buy
2021-12-21,50.5925,15864900,50.4523,50.7676,50.3823,0.0040,-0.0005,0.0464,0.0109,0.0453,82.5984,0.0132,0.0148,0.0054,0.7732,-0.2402,0.7033,buy
2021-12-22,50.9515,12447400,50.5399,50.9603,50.3473,0.0071,0.0021,0.0578,0.0125,0.0510,81.8182,0.0129,0.0154,0.0048,0.7947,-0.2154,0.5535,hold
2021-12-23,50.9866,11027300,51.2493,51.3281,50.7413,0.0007,-0.0073,0.0612,0.0073,0.0501,80.7895,0.0127,0.0158,0.0042,0.7719,-0.1141,0.4921,buy
2021-12-27,51.3631,9860000,50.7939,51.3982,50.7939,0.0074,0.0159,0.0421,0.0106,0.0561,78.0781,0.0106,0.0164,0.0039,0.7904,-0.1059,0.4449,buy
2021-12-28,51.5646,8979900,51.1442,51.6171,51.0566,0.0039,0.0233,0.0194,0.0126,0.0584,77.8453,0.0073,0.0170,0.0037,0.7854,-0.0893,0.4181,hold
2021-12-29,51.6259,9996000,51.6259,51.7572,51.3719,0.0012,0.0204,0.0199,0.0118,0.0576,80.6201,0.0073,0.0174,0.0033,0.7723,0.1132,0.4887,sell
2021-12-30,51.4770,7703900,51.7222,51.8711,51.4595,-0.0029,0.0103,0.0124,0.0076,0.0527,80.2470,0.0074,0.0174,0.0026,0.7386,-0.2293,0.3871,buy
2021-12-31,51.8535,10021300,51.4507,51.9762,51.4069,0.0073,0.0170,0.0095,0.0140,0.0585,76.6849,0.0071,0.0176,0.0023,0.7825,0.3008,0.5126,hold
2022-01-03,51.9324,20187300,51.5120,51.9411,51.1267,0.0015,0.0111,0.0272,0.0128,0.0581,68.7806,0.0040,0.0177,0.0020,0.7862,1.0144,1.0349,buy
2022-01-04,52.7994,26141600,52.3090,53.0183,52.1863,0.0167,0.0239,0.0478,0.0249,0.0733,74.6536,0.0054,0.0187,0.0025,0.9131,0.2950,1.3419,buy
2022-01-05,53.2372,22507300,52.6242,53.5963,52.5892,0.0083,0.0312,0.0523,0.0282,0.0795,75.8035,0.0055,0.0199,0.0031,0.9503,-0.1390,1.1593,sell
2022-01-06,52.9570,17902300,52.9570,53.5263,52.9307,-0.0053,0.0288,0.0394,0.0188,0.0714,68.1276,0.0063,0.0205,0.0029,0.8775,-0.2046,0.9224,sell
2022-01-07,52.8344,12307900,52.7906,53.1759,52.5979,-0.0023,0.0189,0.0362,0.0128,0.0670,80.6606,0.0066,0.0205,0.0023,0.8590,-0.3125,0.6367,hold
2022-01-10,52.9220,20954300,53.0271,53.2635,52.7030,0.0017,0.0191,0.0303,0.0115,0.0669,84.8192,0.0064,0.0203,0.0017,0.8625,0.7025,1.0901,hold
2022-01-11,52.9395,19369600,52.9220,52.9745,52.4053,0.0003,0.0027,0.0267,0.0092,0.0656,84.0102,0.0065,0.0200,0.0011,0.8295,-0.0756,1.0401,hold
2022-01-12,53.0183,15753800,53.0096,53.1497,52.7118,0.0015,-0.0041,0.0270,0.0080,0.0654,82.5967,0.0065,0.0196,0.0006,0.8156,-0.1867,0.8670,buy
2022-01-13,53.3336,14318000,53.0183,53.4562,52.8870,0.0059,0.0071,0.0361,0.0104,0.0697,84.0102,0.0062,0.0194,0.0005,0.8547,-0.0911,0.8117,buy
2022-01-14,53.7627,19729600,53.3686,53.8152,52.8607,0.0080,0.0176,0.0368,0.0149,0.0762,84.2500,0.0063,0.0197,0.0007,0.9043,0.3780,1.1345,sell
2022-01-18,53.3336,21976700,53.4737,53.5876,52.9395,-0.0080,0.0078,0.0270,0.0041,0.0659,73.7090,0.0073,0.0193,0.0001,0.7764,0.1139,1.3825,hold
2022-01-19,53.4212,18654700,53.1234,53.5788,53.0358,0.0016,0.0091,0.0118,0.0046,0.0659,73.8929,0.0054,0.0187,-0.0003,0.7764,-0.1512,1.1818,sell
2022-01-20,53.2022,23002400,53.4212,53.8065,53.1760,-0.0041,0.0035,-0.0007,0.0006,0.0597,72.5403,0.0050,0.0178,-0.0010,0.7023,0.2331,1.4250,sell
2022-01-21,52.9395,26643200,53.4912,53.6839,52.8957,-0.0049,-0.0074,-0.0003,-0.0043,0.0529,64.6229,0.0049,0.0166,-0.0019,0.6101,0.1583,1.5810,sell
2022-01-24,52.5104,30185100,52.4578,52.8519,51.2931,-0.0081,-0.0233,-0.0061,-0.0118,0.0430,57.1121,0.0055,0.0148,-0.0031,0.4523,0.1329,1.6949,sell
2022-01-25,52.3878,19027100,51.9849,52.5892,51.3982,-0.0023,-0.0177,-0.0101,-0.0131,0.0393,43.7993,0.0055,0.0130,-0.0039,0.3839,-0.3697,1.0415,sell
2022-01-26,52.1951,19190200,52.3615,52.8519,51.8536,-0.0037,-0.0230,-0.0141,-0.0154,0.0343,33.0483,0.0055,0.0111,-0.0047,0.2879,0.0086,1.0219,hold
2022-01-27,52.2389,18893800,52.4403,53.3599,52.1075,0.0008,-0.0181,-0.0147,-0.0131,0.0339,37.3456,0.0055,0.0096,-0.0050,0.2781,-0.0154,0.9828,buy
2022-01-28,53.2810,19101500,52.0112,53.3248,51.6171,0.0199,0.0065,-0.0010,0.0067,0.0527,55.9441,0.0085,0.0096,-0.0037,0.7053,0.0110,0.9650,buy
2022-01-31,53.4299,22045300,52.8081,53.5438,52.6768,0.0028,0.0175,-0.0062,0.0101,0.0536,56.6515,0.0081,0.0099,-0.0027,0.7601,0.1541,1.0809,sell
2022-02-01,53.0358,20841700,53.3423,53.5438,52.6855,-0.0074,0.0124,-0.0056,0.0032,0.0438,51.1481,0.0081,0.0096,-0.0025,0.5282,-0.0546,1.0203,buy
2022-02-02,53.5788,20225600,53.0884,53.6576,53.0358,0.0102,0.0265,0.0030,0.0132,0.0521,56.0150,0.0088,0.0098,-0.0017,0.8187,-0.0296,1.0047,buy
2022-02-03,53.9554,19440500,53.3686,54.1042,53.0621,0.0070,0.0329,0.0142,0.0189,0.0572,56.5862,0.0088,0.0105,-0.0008,0.9664,-0.0388,0.9731,sell
2022-02-04,53.3861,17403700,53.8503,54.0167,53.0446,-0.0106,0.0020,0.0084,0.0073,0.0440,46.1262,0.0094,0.0102,-0.0010,0.6559,-0.1048,0.8722,buy
2022-02-07,53.9466,17846400,53.7540,54.0517,53.2986,0.0105,0.0097,0.0274,0.0151,0.0526,56.1403,0.0093,0.0105,-0.0004,0.8911,0.0254,0.8822,buy
2022-02-08,54.2969,18771700,54.1480,54.5859,54.0692,0.0065,0.0238,0.0364,0.0180,0.0563,58.3333,0.0092,0.0111,0.0002,0.9746,0.0518,0.9329,sell
2022-02-09,53.4562,23595600,54.4458,54.5772,53.3336,-0.0155,-0.0023,0.0242,-0.0001,0.0375,52.1610,0.0108,0.0105,-0.0005,0.5965,0.2570,1.1605,buy
2022-02-10,53.7539,23561500,52.8607,54.5596,52.7206,0.0056,-0.0037,0.0290,0.0026,0.0401,56.8888,0.0109,0.0101,-0.0006,0.7074,-0.0014,1.1370,sell
2022-02-11,52.7994,22781400,54.0955,54.2794,52.6768,-0.0178,-0.0110,-0.0090,-0.0143,0.0189,52.2449,0.0108,0.0085,-0.0020,0.3108,-0.0331,1.0773,buy
2022-02-14,53.1409,23641300,52.6855,53.2372,51.9149,0.0065,-0.0149,-0.0054,-0.0074,0.0229,55.6579,0.0110,0.0074,-0.0024,0.4681,0.0377,1.1078,buy
2022-02-15,53.3423,13408700,53.3861,54.1043,53.0971,0.0038,-0.0176,0.0058,-0.0042,0.0242,58.6071,0.0108,0.0068,-0.0023,0.5552,-0.4328,0.6412,hold
2022-02-16,53.3336,15484700,53.2986,53.7715,53.0358,-0.0002,-0.0023,-0.0046,-0.0039,0.0220,58.2563,0.0103,0.0063,-0.0023,0.5534,0.1548,0.7461,buy
2022-02-17,54.4020,21468700,53.0271,54.5421,52.9045,0.0200,0.0121,0.0083,0.0152,0.0400,58.4210,0.0120,0.0073,-0.0009,0.9457,0.3864,1.0382,buy
2022-02-18,54.7698,21975000,54.4020,55.0150,54.2882,0.0068,0.0373,0.0259,0.0195,0.0444,59.7452,0.0114,0.0085,0.0003,0.9945,0.0236,1.0749,sell
2022-02-22,54.5421,21731400,54.6735,54.8574,54.0517,-0.0042,0.0264,0.0110,0.0141,0.0375,61.2273,0.0112,0.0091,0.0007,0.8701,-0.0111,1.0854,sell
2022-02-23,53.9379,19248500,54.5071,54.5859,53.7189,-0.0111,0.0112,-0.0066,0.0035,0.0242,52.6521,0.0117,0.0087,0.0002,0.6439,-0.1143,0.9608,sell
2022-02-24,52.9920,27207400,52.5191,53.0884,51.8623,-0.0175,-0.0064,-0.0087,-0.0132,0.0053,43.4367,0.0120,0.0069,-0.0014,0.2655,0.4135,1.3315,buy
2022-02-25,55.0413,21487800,53.3686,55.0851,53.3511,0.0387,0.0118,0.0239,0.0225,0.0425,59.3844,0.0173,0.0081,0.0000,1.0279,-0.2102,1.0450,sell
2022-02-28,54.5071,25879100,53.9904,54.5947,53.7802,-0.0097,-0.0048,0.0323,0.0094,0.0309,53.1873,0.0164,0.0084,0.0002,0.7832,0.2044,1.2381,hold
2022-03-01,54.2706,15871100,54.4195,54.9537,53.8678,-0.0043,-0.0050,0.0213,0.0029,0.0253,49.8486,0.0166,0.0082,-0.0000,0.6735,-0.3867,0.7707,buy
2022-03-02,54.6735,17319100,54.4983,55.0676,54.1042,0.0074,0.0136,0.0250,0.0079,0.0313,57.3857,0.0166,0.0085,0.0002,0.7989,0.0912,0.8482,hold
2022-03-03,54.7085,21262800,54.8311,55.1902,54.5509,0.0006,0.0324,0.0258,0.0060,0.0303,55.9825,0.0166,0.0087,0.0003,0.7822,0.2277,1.0388,hold
2022-03-04,54.7961,17163000,53.8240,54.8136,53.5963,0.0016,-0.0045,0.0072,0.0068,0.0303,64.0394,0.0155,0.0088,0.0004,0.7882,-0.1928,0.8432,sell
2022-03-07,53.4912,29151400,54.3057,54.3582,53.1759,-0.0238,-0.0186,-0.0233,-0.0148,0.0048,52.1692,0.0171,0.0071,-0.0012,0.3097,0.6985,1.3920,sell
2022-03-08,51.3719,30242100,53.8153,53.8941,51.3106,-0.0396,-0.0534,-0.0581,-0.0483,-0.0351,40.1402,0.0208,0.0025,-0.0049,-0.1956,0.0374,1.4025,hold
2022-03-09,51.6346,23022700,52.3878,52.4053,51.3719,0.0051,-0.0556,-0.0427,-0.0393,-0.0303,41.7094,0.0210,-0.0010,-0.0067,-0.0153,-0.2387,1.0573,sell
2022-03-10,50.6888,20887300,51.2142,51.3719,50.3560,-0.0183,-0.0735,-0.0435,-0.0529,-0.0477,31.6609,0.0210,-0.0052,-0.0088,-0.0924,-0.0928,0.9652,hold
2022-03-11,50.7238,19855600,50.7589,51.5383,50.6713,0.0007,-0.0743,-0.0784,-0.0445,-0.0468,29.3381,0.0150,-0.0084,-0.0096,0.0082,-0.0494,0.9255,buy
2022-03-14,51.6592,17799400,51.1562,52.1005,51.1562,0.0184,-0.0342,-0.0522,-0.0216,-0.0292,36.2702,0.0171,-0.0092,-0.0083,0.1978,-0.1036,0.8394,buy
2022-03-15,52.6123,18607200,52.1358,52.8506,52.0475,0.0184,0.0241,-0.0306,-0.0005,-0.0116,43.8899,0.0187,-0.0082,-0.0059,0.3686,0.0454,0.8880,hold
2022-03-16,52.4711,17347300,52.7535,52.8947,51.7210,-0.0027,0.0162,-0.0403,0.0011,-0.0145,47.4064,0.0184,-0.0077,-0.0043,0.3532,-0.0677,0.8202,buy
2022-03-17,53.0270,15586200,52.4711,53.0712,52.2681,0.0106,0.0461,-0.0307,0.0149,-0.0041,38.2200,0.0189,-0.0063,-0.0023,0.4507,-0.1015,0.7367,hold
2022-03-18,53.0359,30197800,53.2124,53.2124,52.6917,0.0002,0.0456,-0.0321,0.0185,-0.0039,40.8324,0.0189,-0.0052,-0.0009,0.4633,0.9375,1.3986,buy
2022-03-21,53.4595,17440100,53.3889,53.9183,53.1682,0.0080,0.0348,-0.0006,0.0267,0.0039,45.0605,0.0176,-0.0035,0.0005,0.5495,-0.4225,0.8163,hold
2022-03-22,53.6536,17559500,53.7683,53.7860,53.0006,0.0036,0.0198,0.0444,0.0259,0.0072,43.6277,0.0108,-0.0020,0.0016,0.5941,0.0068,0.8300,sell
2022-03-23,53.3006,15529200,53.6095,53.8124,52.9476,-0.0066,0.0158,0.0323,0.0160,0.0005,41.5395,0.0113,-0.0013,0.0019,0.5359,-0.1156,0.7405,buy
2022-03-24,53.8124,13151300,53.5124,53.8477,53.3536,0.0096,0.0148,0.0616,0.0196,0.0097,44.3757,0.0085,0.0001,0.0026,0.6218,-0.1531,0.6489,buy
2022-03-25,54.2978,12259800,53.9360,54.3684,53.8742,0.0090,0.0238,0.0705,0.0219,0.0184,55.0887,0.0083,0.0018,0.0034,0.7248,-0.0678,0.6190,buy
2022-03-28,54.6420,11485200,54.2978,54.6596,54.0154,0.0063,0.0221,0.0577,0.0227,0.0243,76.5858,0.0073,0.0037,0.0042,0.7869,-0.0632,0.6017,buy
2022-03-29,54.8537,14720600,54.8979,55.1803,54.4831,0.0039,0.0224,0.0426,0.0223,0.0279,76.3903,0.0057,0.0053,0.0047,0.8136,0.2817,0.7736,hold
2022-03-30,54.8979,13641000,54.7214,54.8979,54.3243,0.0008,0.0300,0.0462,0.0186,0.0281,90.4922,0.0053,0.0067,0.0048,0.8163,-0.0733,0.7238,sell
2022-03-31,54.7126,16822900,54.9067,55.2773,54.7126,-0.0034,0.0167,0.0318,0.0119,0.0241,87.2940,0.0054,0.0074,0.0044,0.7826,0.2333,0.9033,buy
2022-04-01,55.4803,12644900,55.0038,55.5509,54.7920,0.0140,0.0218,0.0461,0.0215,0.0376,86.8827,0.0063,0.0089,0.0048,0.9011,-0.2484,0.6873,sell
2022-04-04,55.1891,11505800,55.2420,55.4097,54.4655,-0.0052,0.0100,0.0324,0.0129,0.0313,78.5160,0.0068,0.0096,0.0044,0.8200,-0.0901,0.6569,hold
2022-04-05,55.1273,15721200,55.0655,55.8068,55.0391,-0.0011,0.0050,0.0275,0.0091,0.0291,79.9208,0.0070,0.0100,0.0038,0.7813,0.3664,0.9364,buy
2022-04-06,55.6833,19267400,55.3921,55.8245,54.9773,0.0101,0.0143,0.0447,0.0148,0.0382,79.9209,0.0065,0.0109,0.0038,0.8380,0.2256,1.1606,buy
2022-04-07,55.9833,13960800,55.7097,56.1863,55.3391,0.0054,0.0232,0.0403,0.0163,0.0424,81.1571,0.0062,0.0118,0.0039,0.8658,-0.2754,0.8589,buy
2022-04-08,56.3275,12703500,56.0186,56.5128,55.7362,0.0061,0.0153,0.0374,0.0188,0.0472,80.8353,0.0060,0.0130,0.0040,0.9124,-0.0901,0.7991,hold
2022-04-11,56.3098,12720100,56.3981,56.7422,56.1598,-0.0003,0.0203,0.0305,0.0154,0.0457,79.6847,0.0061,0.0137,0.0038,0.8838,0.0013,0.8131,buy
2022-04-12,56.9717,18089900,56.8128,57.1923,56.3804,0.0118,0.0335,0.0386,0.0234,0.0566,88.3765,0.0067,0.0149,0.0041,0.9583,0.4222,1.1583,buy
2022-04-13,57.1217,11883000,56.8658,57.2452,56.6804,0.0026,0.0258,0.0405,0.0220,0.0577,87.4253,0.0066,0.0160,0.0041,0.9407,-0.3431,0.7744,buy
2022-04-14,57.3776,16388400,57.3246,57.8629,57.2011,0.0045,0.0249,0.0487,0.0217,0.0610,86.7370,0.0061,0.0169,0.0041,0.9360,0.3791,1.0652,sell
2022-04-18,56.8658,11679400,57.1570,57.5188,56.6363,-0.0089,0.0096,0.0250,0.0101,0.0504,75.5062,0.0065,0.0170,0.0032,0.8103,-0.2873,0.8078,buy
2022-04-19,57.4217,11993800,56.9187,57.5806,56.8658,0.0098,0.0197,0.0405,0.0160,0.0591,77.2985,0.0062,0.0173,0.0030,0.8795,0.0269,0.8454,buy
2022-04-20,58.2071,14827100,57.7482,58.4542,57.7129,0.0137,0.0217,0.0559,0.0243,0.0719,80.3892,0.0066,0.0183,0.0034,0.9682,0.2362,1.0553,buy
2022-04-21,58.4277,15120400,58.2247,59.1248,57.9953,0.0038,0.0229,0.0493,0.0232,0.0743,83.8971,0.0064,0.0194,0.0036,0.9609,0.0198,1.0778,sell
2022-04-22,57.5805,14902200,58.3130,58.5424,57.5188,-0.0145,0.0035,0.0285,0.0056,0.0571,68.8891,0.0089,0.0191,0.0025,0.7778,-0.0144,1.0556,buy
2022-04-25,58.1895,25082000,59.1249,59.3013,57.1658,0.0106,0.0233,0.0331,0.0129,0.0666,75.5257,0.0092,0.0191,0.0021,0.8609,0.6831,1.6996,sell
2022-04-26,57.4040,21982600,57.8188,58.5689,57.3952,-0.0135,-0.0003,0.0194,-0.0027,0.0504,67.2459,0.0106,0.0182,0.0008,0.6850,-0.1236,1.4384,buy
2022-04-27,57.8541,16971000,57.3599,58.4895,57.3599,0.0078,-0.0061,0.0155,0.0036,0.0568,66.7119,0.0102,0.0176,0.0002,0.7531,-0.2280,1.1023,buy
2022-04-28,58.4101,22010600,57.0599,58.4895,56.9187,0.0096,-0.0003,0.0226,0.0110,0.0650,67.9738,0.0106,0.0176,0.0003,0.8376,0.2970,1.3919,sell
2022-04-29,57.0158,20137100,58.1277,58.2689,56.9099,-0.0239,-0.0098,-0.0063,-0.0125,0.0382,54.4117,0.0133,0.0161,-0.0013,0.5162,-0.0851,1.2602,sell
2022-05-02,55.9833,24970300,57.6070,57.6335,55.2244,-0.0181,-0.0379,-0.0155,-0.0289,0.0188,48.1481,0.0143,0.0131,-0.0037,0.2589,0.2400,1.5046,sell
2022-05-03,55.6656,21686300,56.2304,56.4245,55.3038,-0.0057,-0.0303,-0.0306,-0.0315,0.0127,42.2916,0.0137,0.0100,-0.0055,0.1628,-0.1315,1.2678,buy
2022-05-04,57.3864,19780200,55.5950,57.4658,55.5421,0.0309,-0.0081,-0.0141,-0.0001,0.0429,51.3181,0.0168,0.0096,-0.0044,0.5782,-0.0879,1.1428,sell
2022-05-05,56.9275,20155200,57.0864,57.3864,56.4863,-0.0080,-0.0254,-0.0257,-0.0055,0.0335,47.8037,0.0168,0.0088,-0.0042,0.4258,0.0190,1.1615,hold
2022-05-06,57.1305,18984000,56.6540,57.6335,56.5392,0.0036,0.0020,-0.0078,-0.0012,0.0356,51.3321,0.0163,0.0083,-0.0037,0.4682,-0.0581,1.0784,hold
2022-05-09,57.0158,20055300,56.8922,57.6776,56.5128,-0.0020,0.0184,-0.0202,-0.0011,0.0328,47.8624,0.0159,0.0077,-0.0035,0.4170,0.0564,1.1160,sell
2022-05-10,56.4863,21322200,56.9187,57.6423,56.3451,-0.0093,0.0147,-0.0160,-0.0088,0.0224,40.6876,0.0156,0.0064,-0.0039,0.2325,0.0632,1.1587,buy
2022-05-11,56.7510,19648400,56.7687,57.5364,56.4422,0.0047,-0.0111,-0.0191,-0.0022,0.0263,40.9697,0.0154,0.0056,-0.0037,0.3279,-0.0785,1.0633,hold
2022-05-12,56.9275,22574700,56.6187,56.9452,55.7803,0.0031,0.0000,-0.0254,0.0035,0.0287,46.2091,0.0150,0.0052,-0.0033,0.3912,0.1489,1.1873,buy
2022-05-13,57.9953,16167000,57.1923,58.0659,56.5834,0.0188,0.0151,0.0172,0.0206,0.0467,48.9299,0.0143,0.0062,-0.0017,0.7339,-0.2838,0.8508,hold
2022-05-16,58.2071,13223200,57.7482,58.5777,57.7482,0.0037,0.0209,0.0397,0.0203,0.0492,54.7248,0.0124,0.0073,-0.0005,0.7741,-0.1821,0.6931,hold
2022-05-17,58.0482,21300600,58.3306,58.3306,57.3688,-0.0027,0.0277,0.0428,0.0133,0.0447,51.1827,0.0122,0.0078,0.0001,0.7092,0.6109,1.0898,sell
2022-05-18,54.0066,31437300,57.7306,57.8188,53.7948,-0.0696,-0.0484,-0.0589,-0.0517,-0.0290,31.1698,0.0238,0.0028,-0.0044,-0.2366,0.4759,1.5429,sell
2022-05-19,52.9476,31493900,53.7948,53.7948,52.6476,-0.0196,-0.0699,-0.0699,-0.0637,-0.0485,32.0901,0.0242,-0.0032,-0.0085,-0.2107,0.0018,1.4860,buy
2022-05-20,53.8124,29133800,53.3800,54.0419,52.6476,0.0163,-0.0721,-0.0581,-0.0428,-0.0340,40.2997,0.0251,-0.0066,-0.0094,0.0296,-0.0749,1.3300,buy
2022-05-23,55.4715,19406900,54.4037,55.6833,54.3507,0.0308,-0.0470,-0.0271,-0.0106,-0.0059,49.2254,0.0277,-0.0065,-0.0074,0.3191,-0.3339,0.8976,buy
2022-05-24,56.4951,16154200,55.4891,56.6451,55.3744,0.0185,-0.0268,0.0002,0.0076,0.0107,46.2342,0.0283,-0.0049,-0.0047,0.4947,-0.1676,0.7573,hold
2022-05-25,56.5392,15360500,56.4775,56.8922,56.1245,0.0008,0.0469,-0.0037,0.0088,0.0100,48.2998,0.0282,-0.0037,-0.0027,0.5132,-0.0491,0.7228,hold
2022-05-26,56.7422,16159800,56.5392,57.4482,56.4422,0.0036,0.0717,-0.0033,0.0128,0.0121,48.2999,0.0282,-0.0024,-0.0012,0.5648,0.0520,0.7711,hold
2022-05-27,57.0775,17709000,56.7069,57.2099,56.6010,0.0059,0.0607,-0.0158,0.0204,0.0166,50.2653,0.0276,-0.0009,0.0003,0.6238,0.0959,0.8499,sell
2022-05-31,55.9303,43159000,56.5481,56.7599,55.6391,-0.0201,0.0083,-0.0391,0.0040,-0.0048,47.7322,0.0281,-0.0013,-0.0001,0.4205,1.4371,1.9847,hold
2022-06-01,55.6568,15408300,55.9656,56.1951,54.8273,-0.0049,-0.0148,-0.0412,0.0034,-0.0105,45.5395,0.0281,-0.0020,-0.0007,0.3720,-0.6430,0.7189,buy
2022-06-02,56.2392,14586000,55.7539,56.2480,54.8096,0.0105,-0.0053,0.0413,0.0098,-0.0010,47.2841,0.0162,-0.0017,-0.0003,0.4854,-0.0534,0.6889,sell
2022-06-03,55.5685,13539900,56.0980,56.1510,55.4274,-0.0119,-0.0207,0.0495,-0.0069,-0.0138,40.1150,0.0151,-0.0024,-0.0008,0.3770,-0.0717,0.6497,hold
2022-06-06,55.4803,15112800,55.8862,56.2745,55.2950,-0.0016,-0.0280,0.0310,-0.0114,-0.0159,38.7799,0.0146,-0.0031,-0.0012,0.3754,0.1162,0.7319,buy
2022-06-07,55.8156,17886300,55.0479,55.9215,54.9067,0.0060,-0.0021,0.0062,-0.0060,-0.0105,40.9449,0.0111,-0.0031,-0.0009,0.4464,0.1835,0.8708,sell
2022-06-08,55.4979,10211500,55.5862,55.7803,55.2067,-0.0057,-0.0029,-0.0177,-0.0099,-0.0164,58.6667,0.0092,-0.0035,-0.0011,0.3977,-0.4291,0.5110,sell
2022-06-09,54.5361,13382200,55.4803,55.9039,54.5184,-0.0173,-0.0303,-0.0354,-0.0236,-0.0334,59.3361,0.0104,-0.0053,-0.0022,0.2485,0.3105,0.6803,sell
2022-06-10,54.1919,14967600,53.8389,54.6155,53.3536,-0.0063,-0.0248,-0.0449,-0.0253,-0.0392,52.3757,0.0101,-0.0071,-0.0032,0.2182,0.1185,0.7759,hold
2022-06-13,54.1301,23064200,53.6095,54.9685,53.5389,-0.0011,-0.0243,-0.0516,-0.0212,-0.0401,39.5027,0.0095,-0.0085,-0.0037,0.2317,0.5409,1.1747,sell
2022-06-14,52.6458,24620000,53.9790,54.1212,52.1391,-0.0274,-0.0568,-0.0587,-0.0424,-0.0655,21.9014,0.0110,-0.0120,-0.0057,0.0184,0.0675,1.2185,buy
2022-06-15,53.0369,19684700,53.3302,53.8990,52.4147,0.0074,-0.0443,-0.0471,-0.0307,-0.0578,25.6666,0.0118,-0.0138,-0.0060,0.1158,-0.2005,0.9782,sell
2022-06-16,52.5036,15053800,52.1214,52.9035,51.7747,-0.0101,-0.0373,-0.0664,-0.0338,-0.0664,21.8437,0.0105,-0.0160,-0.0065,0.0635,-0.2353,0.7798,buy
2022-06-17,52.8235,34781900,53.0635,53.4457,52.5569,0.0061,-0.0253,-0.0494,-0.0230,-0.0598,21.6840,0.0111,-0.0169,-0.0060,0.1227,1.3105,1.7865,buy
2022-06-21,53.9524,17705000,52.8769,54.1123,52.4502,0.0214,-0.0033,-0.0275,0.0007,-0.0390,36.8016,0.0139,-0.0154,-0.0038,0.3156,-0.4910,0.9369,buy
2022-06-22,54.3523,15207100,53.8635,54.6190,53.6146,0.0074,0.0324,-0.0262,0.0109,-0.0312,41.4404,0.0140,-0.0137,-0.0017,0.3948,-0.1411,0.8137,buy
2022-06-23,55.0012,17190900,54.4857,55.0278,54.4234,0.0119,0.0370,-0.0090,0.0239,-0.0192,41.9464,0.0147,-0.0112,0.0005,0.5205,0.1305,0.9174,buy
2022-06-24,56.0322,18147100,55.2056,56.0500,55.2056,0.0187,0.0672,0.0274,0.0402,-0.0005,52.8813,0.0146,-0.0076,0.0032,0.7133,0.0556,0.9612,hold
2022-06-27,55.9167,12142100,55.9789,56.2544,55.6678,-0.0021,0.0586,0.0318,0.0347,-0.0021,52.7026,0.0143,-0.0050,0.0046,0.7070,-0.3309,0.6501,sell
2022-06-28,55.3567,13150100,56.0678,56.6722,55.2056,-0.0100,0.0260,0.0227,0.0221,-0.0114,47.2350,0.0149,-0.0037,0.0048,0.6274,0.0830,0.7127,buy
2022-06-29,55.7567,11795500,55.5878,56.0944,55.4900,0.0072,0.0258,0.0591,0.0236,-0.0038,51.5437,0.0106,-0.0021,0.0051,0.7124,-0.1030,0.6987,hold
2022-06-30,55.9167,15514200,55.3923,56.0945,55.2501,0.0029,0.0166,0.0543,0.0211,-0.0004,59.1084,0.0107,-0.0005,0.0053,0.7403,0.3153,0.9187,buy
2022-07-01,57.2233,15143200,56.1033,57.2855,55.8367,0.0234,0.0213,0.0899,0.0360,0.0233,67.7455,0.0105,0.0025,0.0065,0.9660,-0.0239,0.8953,sell
2022-07-05,56.2456,15921200,57.0455,57.0455,55.4812,-0.0171,0.0059,0.0648,0.0121,0.0066,61.1842,0.0133,0.0035,0.0061,0.7665,0.0514,0.9347,hold
2022-07-06,56.3611,13450500,56.5300,56.9655,56.1656,0.0021,0.0181,0.0446,0.0098,0.0091,72.9670,0.0123,0.0043,0.0056,0.7723,-0.1552,0.7935,sell
2022-07-07,55.9167,14828400,56.2278,56.5122,55.7300,-0.0079,0.0029,0.0288,-0.0010,0.0020,67.6855,0.0128,0.0044,0.0045,0.6900,0.1024,0.8827,hold
2022-07-08,56.1211,11311500,56.0234,56.3700,55.8900,0.0037,0.0037,0.0204,0.0006,0.0061,73.1513,0.0124,0.0046,0.0038,0.7180,-0.2372,0.6712,hold
2022-07-11,55.9434,12702100,55.9878,56.4056,55.6323,-0.0032,-0.0224,-0.0016,-0.0024,0.0036,70.3360,0.0110,0.0045,0.0030,0.6717,0.1229,0.7552,sell
2022-07-12,55.7034,14731100,55.9967,56.3967,55.5256,-0.0043,-0.0096,-0.0038,-0.0063,0.0002,62.9095,0.0111,0.0041,0.0020,0.6162,0.1597,0.8765,sell
2022-07-13,55.4456,13145300,55.4012,55.9967,55.0901,-0.0046,-0.0162,0.0016,-0.0110,-0.0038,58.2329,0.0107,0.0033,0.0010,0.5596,-0.1076,0.8059,sell
2022-07-14,55.2678,14433000,54.5123,55.3301,54.4857,-0.0032,-0.0116,-0.0088,-0.0133,-0.0068,52.1614,0.0104,0.0024,0.0000,0.5047,0.0980,0.9134,buy
2022-07-15,55.5523,21968400,55.7745,55.9700,55.1701,0.0051,-0.0101,-0.0065,-0.0076,-0.0016,45.5738,0.0105,0.0020,-0.0002,0.5393,0.5221,1.3803,sell
2022-07-18,54.7968,10780800,55.5700,55.6056,54.6723,-0.0136,-0.0205,-0.0424,-0.0168,-0.0143,40.7626,0.0071,0.0007,-0.0013,0.3207,-0.5093,0.6866,buy
2022-07-19,55.5789,10998200,55.1878,55.6856,55.0456,0.0143,-0.0022,-0.0119,-0.0016,0.0003,51.7680,0.0078,0.0007,-0.0010,0.4851,0.0202,0.7578,sell
2022-07-20,54.6634,11010500,55.4634,55.6234,54.3523,-0.0165,-0.0141,-0.0301,-0.0151,-0.0153,41.9609,0.0090,-0.0006,-0.0019,0.1196,0.0011,0.7766,hold
2022-07-21,54.5390,11959600,54.4501,55.0012,54.0323,-0.0023,-0.0132,-0.0246,-0.0149,-0.0167,39.8160,0.0088,-0.0018,-0.0025,0.0558,0.0862,0.8533,buy
2022-07-22,54.7434,11644700,54.5568,54.9923,54.5034,0.0037,-0.0146,-0.0245,-0.0087,-0.0124,28.1005,0.0089,-0.0024,-0.0025,0.1505,-0.0263,0.8476,buy
2022-07-25,55.2767,14941700,54.7079,55.3745,54.4945,0.0097,0.0088,-0.0119,0.0022,-0.0022,40.7153,0.0096,-0.0021,-0.0017,0.3695,0.2831,1.1004,buy
2022-07-26,56.1833,20118000,55.7745,56.7078,55.5789,0.0164,0.0109,0.0086,0.0177,0.0144,48.5207,0.0110,-0.0005,-0.0001,0.7099,0.3464,1.4393,hold
2022-07-27,56.0056,12142900,55.8900,56.1656,54.9212,-0.0032,0.0246,0.0101,0.0135,0.0119,50.7741,0.0109,0.0005,0.0007,0.6299,-0.3964,0.8719,buy
2022-07-28,56.9388,10837000,55.9256,57.1077,55.8989,0.0167,0.0440,0.0302,0.0273,0.0293,56.3186,0.0119,0.0025,0.0022,0.9226,-0.1075,0.7808,hold
2022-07-29,57.0366,13734200,56.6277,57.1433,56.5566,0.0017,0.0419,0.0267,0.0263,0.0314,58.5535,0.0118,0.0042,0.0031,0.9049,0.2673,0.9959,buy
2022-08-01,57.3477,12831500,56.9655,57.8099,56.9122,0.0055,0.0375,0.0466,0.0272,0.0358,62.7235,0.0104,0.0059,0.0039,0.9949,-0.0657,0.9384,sell
2022-08-02,56.5655,15241900,57.4099,57.4188,56.3789,-0.0136,0.0068,0.0178,0.0114,0.0203,58.0153,0.0112,0.0062,0.0033,0.7385,0.1879,1.1174,buy
2022-08-03,56.8144,11317000,56.4855,56.9744,56.2722,0.0044,0.0144,0.0393,0.0119,0.0237,60.9572,0.0092,0.0066,0.0030,0.8004,-0.2575,0.8362,sell
2022-08-04,56.5922,11795600,56.5655,56.6455,55.9256,-0.0039,-0.0061,0.0376,0.0043,0.0193,57.4334,0.0093,0.0066,0.0023,0.7182,0.0423,0.8814,sell
2022-08-05,56.3344,10445400,56.5567,56.5567,55.7034,-0.0046,-0.0123,0.0291,-0.0031,0.0147,61.8332,0.0097,0.0061,0.0015,0.6379,-0.1145,0.7831,sell
2022-08-08,55.9700,9165200,56.4411,56.7166,55.7745,-0.0065,-0.0240,0.0125,-0.0108,0.0083,53.2165,0.0098,0.0052,0.0004,0.5301,-0.1226,0.6963,hold
2022-08-09,56.0411,7910900,56.1567,56.2722,55.8634,0.0013,-0.0093,-0.0025,-0.0093,0.0099,63.1579,0.0082,0.0045,-0.0002,0.5461,-0.1369,0.6170,buy
2022-08-10,56.5744,8857300,56.5566,56.6989,56.0856,0.0095,-0.0042,0.0102,-0.0008,0.0197,68.0316,0.0087,0.0046,-0.0001,0.6851,0.1196,0.7026,sell
2022-08-11,56.1922,8507800,56.6100,56.8766,56.0678,-0.0068,-0.0071,-0.0131,-0.0063,0.0127,62.4429,0.0070,0.0041,-0.0004,0.5608,-0.0395,0.6911,buy
2022-08-12,56.6189,9489300,56.3789,56.6722,56.0767,0.0076,0.0050,-0.0073,0.0020,0.0200,61.7420,0.0075,0.0043,-0.0002,0.6707,0.1154,0.8120,buy
2022-08-15,57.3299,9863300,56.5655,57.4988,56.5033,0.0126,0.0243,-0.0003,0.0146,0.0324,60.3866,0.0084,0.0053,0.0007,0.8459,0.0394,0.8473,buy
2022-08-16,57.8010,9569600,57.3922,57.9788,57.1788,0.0082,0.0314,0.0218,0.0207,0.0401,65.4435,0.0072,0.0067,0.0017,0.9216,-0.0298,0.8272,sell
2022-08-17,57.6677,8144000,57.6233,57.9699,57.5610,-0.0023,0.0193,0.0150,0.0168,0.0369,57.2696,0.0073,0.0076,0.0021,0.8563,-0.1490,0.7128,buy
2022-08-18,57.9699,6532000,57.7388,58.0855,57.5166,0.0052,0.0316,0.0243,0.0197,0.0415,58.9440,0.0071,0.0085,0.0024,0.9209,-0.1979,0.5856,hold
2022-08-19,57.9255,8921100,57.9610,58.1921,57.7388,-0.0008,0.0231,0.0282,0.0161,0.0398,55.8349,0.0068,0.0092,0.0025,0.8945,0.3658,0.8097,sell
2022-08-22,57.0633,9087900,57.6321,57.7032,56.8766,-0.0149,-0.0047,0.0195,-0.0010,0.0234,54.9470,0.0084,0.0085,0.0013,0.5821,0.0187,0.8473,hold
2022-08-23,57.1255,8443800,56.7255,57.2144,56.6011,0.0011,-0.0117,0.0193,-0.0018,0.0234,53.2110,0.0084,0.0078,0.0006,0.5902,-0.0709,0.8326,hold
2022-08-24,57.2055,6844700,57.0988,57.4010,56.9300,0.0014,-0.0080,0.0112,-0.0015,0.0237,56.5217,0.0080,0.0074,0.0001,0.6034,-0.1894,0.6930,buy
2022-08-25,57.4810,7913900,57.2055,57.5166,56.7966,0.0048,-0.0084,0.0229,0.0011,0.0269,62.1469,0.0075,0.0072,-0.0000,0.7024,0.1562,0.8133,sell
2022-08-26,56.0945,10089500,57.5344,57.5966,55.9789,-0.0241,-0.0316,-0.0093,-0.0222,0.0010,51.0835,0.0110,0.0053,-0.0017,0.1746,0.2749,1.0566,sell
2022-08-29,55.7567,9115900,55.7211,56.0233,55.4723,-0.0060,-0.0229,-0.0274,-0.0254,-0.0062,47.6331,0.0100,0.0031,-0.0031,0.1013,-0.0965,0.9736,sell
2022-08-30,55.2412,8456800,55.9167,55.9167,55.0990,-0.0092,-0.0330,-0.0443,-0.0301,-0.0162,38.8724,0.0093,0.0006,-0.0046,0.0016,-0.0723,0.9372,sell
2022-08-31,54.8501,14633600,55.4456,55.5789,54.8412,-0.0071,-0.0412,-0.0489,-0.0321,-0.0235,38.8148,0.0093,-0.0020,-0.0057,-0.0176,0.7304,1.5924,buy
2022-09-01,55.1079,14939700,54.7345,55.1434,54.4768,0.0047,-0.0413,-0.0494,-0.0227,-0.0192,37.0428,0.0093,-0.0036,-0.0059,0.1059,0.0209,1.5984,sell
2022-09-02,54.3523,11809800,55.4545,55.7923,54.1301,-0.0137,-0.0311,-0.0617,-0.0299,-0.0324,24.6597,0.0095,-0.0060,-0.0066,-0.0001,-0.2095,1.2544,hold
2022-09-06,54.3790,12181800,54.4768,55.0812,54.2101,0.0005,-0.0247,-0.0470,-0.0248,-0.0313,18.4944,0.0092,-0.0077,-0.0067,0.0634,0.0315,1.2735,buy
2022-09-07,55.3834,13290700,54.5034,55.5434,54.5034,0.0185,0.0026,-0.0305,-0.0036,-0.0133,31.8760,0.0117,-0.0073,-0.0051,0.2870,0.0910,1.3514,hold
2022-09-08,55.2145,17193500,55.1790,55.3745,54.5212,-0.0030,0.0066,-0.0348,-0.0031,-0.0162,27.6658,0.0116,-0.0074,-0.0041,0.2713,0.2936,1.6772,hold
2022-09-09,55.3923,11855900,55.2589,55.8900,54.9834,0.0032,0.0052,-0.0363,0.0039,-0.0129,29.9014,0.0115,-0.0070,-0.0030,0.3183,-0.3104,1.1379,hold
2022-09-12,55.5523,13026900,55.4900,55.8278,55.3478,0.0029,0.0221,-0.0097,0.0078,-0.0099,36.5080,0.0091,-0.0064,-0.0019,0.3620,0.0988,1.2294,sell
2022-09-13,53.7479,18532800,55.2856,55.3034,53.5790,-0.0325,-0.0116,-0.0360,-0.0214,-0.0409,26.9977,0.0135,-0.0088,-0.0033,0.0689,0.4227,1.6803,buy
2022-09-14,54.0324,12881600,53.8990,54.2901,53.7213,0.0053,-0.0244,-0.0219,-0.0140,-0.0351,28.9753,0.0136,-0.0099,-0.0035,0.1589,-0.3049,1.1507,sell
2022-09-15,53.2982,11451900,54.0771,54.0771,53.1460,-0.0136,-0.0347,-0.0283,-0.0247,-0.0471,23.8731,0.0140,-0.0119,-0.0044,0.0784,-0.1110,1.0081,hold
2022-09-16,53.3071,20493500,53.4146,53.5399,52.9222,0.0002,-0.0376,-0.0327,-0.0213,-0.0461,28.9708,0.0138,-0.0132,-0.0046,0.1169,0.7895,1.6995,buy
2022-09-19,53.7100,12596200,53.1729,53.8085,53.0296,0.0076,-0.0332,-0.0118,-0.0127,-0.0380,34.7091,0.0137,-0.0134,-0.0039,0.2107,-0.3854,1.0289,hold
2022-09-20,53.6295,11984600,53.4325,53.7459,53.1102,-0.0015,-0.0022,-0.0138,-0.0128,-0.0387,37.1217,0.0137,-0.0136,-0.0033,0.2217,-0.0486,0.9675,sell
2022-09-21,53.1818,14165300,53.8443,54.3457,53.1729,-0.0083,-0.0157,-0.0398,-0.0171,-0.0459,36.7891,0.0119,-0.0144,-0.0032,0.1631,0.1820,1.1178,hold
2022-09-22,53.0565,11657600,53.3161,53.4773,53.0027,-0.0024,-0.0045,-0.0391,-0.0155,-0.0473,33.4072,0.0119,-0.0150,-0.0030,0.1603,-0.1770,0.9027,sell
2022-09-23,52.4655,14824000,52.7879,52.9132,51.9284,-0.0111,-0.0158,-0.0528,-0.0211,-0.0569,34.3211,0.0118,-0.0163,-0.0033,0.0444,0.2716,1.1180,sell
2022-09-26,51.8120,18670100,52.3671,52.4387,51.6508,-0.0125,-0.0353,-0.0673,-0.0265,-0.0674,30.6813,0.0116,-0.0183,-0.0041,-0.0260,0.2595,1.3640,sell
2022-09-27,50.4780,23829300,52.0000,52.2596,50.4153,-0.0257,-0.0588,-0.0608,-0.0457,-0.0900,14.8280,0.0100,-0.0221,-0.0060,-0.1442,0.2763,1.6521,buy
2022-09-28,51.0151,21480100,50.7286,51.2569,50.0572,0.0106,-0.0407,-0.0558,-0.0300,-0.0788,21.4010,0.0108,-0.0233,-0.0059,0.0342,-0.0986,1.4249,sell
2022-09-29,50.6481,14570700,51.1136,51.2927,50.1377,-0.0072,-0.0454,-0.0497,-0.0321,-0.0841,18.5026,0.0105,-0.0249,-0.0059,0.0461,-0.3217,0.9668,sell
2022-09-30,50.1556,16124600,50.9167,51.1494,50.1377,-0.0097,-0.0440,-0.0591,-0.0358,-0.0916,15.6859,0.0104,-0.0268,-0.0061,0.0415,0.1066,1.0657,buy
2022-10-03,50.7197,16277600,50.4600,50.8987,50.1915,0.0112,-0.0211,-0.0557,-0.0193,-0.0800,27.1394,0.0110,-0.0266,-0.0049,0.1659,0.0095,1.0601,hold
2022-10-04,50.8361,18861400,50.9883,51.7583,50.5496,0.0023,0.0071,-0.0521,-0.0117,-0.0764,25.2428,0.0112,-0.0261,-0.0036,0.2141,0.1587,1.2023,sell
2022-10-05,50.3526,14324900,50.5854,50.7197,49.6990,-0.0095,-0.0130,-0.0532,-0.0157,-0.0833,26.2627,0.0112,-0.0265,-0.0030,0.1787,-0.2405,0.9101,sell
2022-10-06,49.2693,17192800,50.1377,50.2273,49.1260,-0.0215,-0.0272,-0.0714,-0.0297,-0.1008,22.2633,0.0123,-0.0287,-0.0037,0.0777,0.2002,1.0923,sell
2022-10-07,48.8037,11479800,49.2335,49.3230,48.5709,-0.0094,-0.0270,-0.0698,-0.0318,-0.1067,16.5853,0.0122,-0.0306,-0.0043,0.0622,-0.3323,0.7302,hold
2022-10-10,48.6963,10239100,48.8843,49.2066,48.3650,-0.0022,-0.0399,-0.0601,-0.0280,-0.1059,16.5249,0.0121,-0.0318,-0.0044,0.0810,-0.1081,0.6571,hold
2022-10-11,48.7768,14303900,48.7589,49.4394,48.5620,0.0017,-0.0405,-0.0337,-0.0230,-0.1016,18.5422,0.0102,-0.0321,-0.0038,0.1357,0.3970,0.9306,buy
2022-10-12,49.3678,18377400,49.4483,50.1735,49.2782,0.0121,-0.0196,-0.0323,-0.0079,-0.0883,25.2997,0.0104,-0.0307,-0.0022,0.2417,0.2848,1.1746,buy
2022-10-13,50.0213,16220700,48.7768,50.2094,48.5799,0.0132,0.0153,-0.0124,0.0065,-0.0739,33.7693,0.0115,-0.0282,0.0000,0.3536,-0.1174,1.0212,sell
2022-10-14,49.2245,15997900,50.3974,50.5585,49.1887,-0.0159,0.0086,-0.0186,-0.0077,-0.0861,33.1388,0.0121,-0.0279,0.0006,0.2598,-0.0137,1.0216,buy
2022-10-17,49.8602,13721400,49.8065,50.3347,49.7527,0.0129,0.0239,-0.0169,0.0069,-0.0721,45.5713,0.0123,-0.0256,0.0020,0.3748,-0.1423,0.8731,buy
2022-10-18,50.5317,11823100,50.4153,50.8361,50.2273,0.0135,0.0360,-0.0060,0.0210,-0.0577,46.5994,0.0132,-0.0224,0.0039,0.5127,-0.1383,0.7527,sell
2022-10-19,50.1019,10182300,50.4153,50.6212,49.8960,-0.0085,0.0149,-0.0050,0.0129,-0.0636,46.1923,0.0131,-0.0208,0.0046,0.4559,-0.1388,0.6566,sell
2022-10-20,49.3140,16905100,49.9318,50.0661,49.2066,-0.0157,-0.0141,0.0009,-0.0031,-0.0759,44.3645,0.0122,-0.0207,0.0040,0.2982,0.6602,1.0720,buy
2022-10-21,50.1019,15034100,49.2424,50.2362,49.2335,0.0160,0.0178,0.0266,0.0101,-0.0590,45.9837,0.0126,-0.0186,0.0046,0.5292,-0.1107,0.9527,buy
2022-10-24,51.5434,17416700,50.7107,51.6866,50.6481,0.0288,0.0338,0.0585,0.0333,-0.0300,53.9225,0.0149,-0.0143,0.0066,0.9808,0.1585,1.1081,buy
2022-10-25,52.7789,28829900,52.8595,52.9222,51.7045,0.0240,0.0445,0.0820,0.0496,-0.0051,62.4198,0.0158,-0.0090,0.0091,1.1571,0.6553,1.8055,buy
2022-10-26,53.1729,15831400,52.8326,53.5220,52.6983,0.0075,0.0613,0.0771,0.0495,0.0041,71.4990,0.0158,-0.0044,0.0109,1.1094,-0.4509,1.0093,hold
2022-10-27,53.2982,16026100,53.5131,53.5757,53.1639,0.0024,0.0808,0.0655,0.0452,0.0081,75.7173,0.0157,-0.0006,0.0117,1.0290,0.0123,1.0170,buy
2022-10-28,54.3994,12888900,53.3340,54.5337,53.2445,0.0207,0.0858,0.1051,0.0561,0.0304,79.3008,0.0141,0.0039,0.0128,1.0779,-0.1958,0.8264,sell
2022-10-31,53.5847,14016400,54.1756,54.2293,53.4235,-0.0150,0.0396,0.0747,0.0328,0.0166,72.9684,0.0161,0.0063,0.0123,0.9016,0.0875,0.9052,hold
2022-11-01,53.3967,10659500,53.7459,53.9786,53.1550,-0.0035,0.0117,0.0567,0.0235,0.0144,70.0179,0.0163,0.0079,0.0110,0.8390,-0.2395,0.7072,sell
2022-11-02,52.6536,14549200,53.3967,53.9249,52.6178,-0.0139,-0.0098,0.0509,0.0044,0.0020,62.9630,0.0169,0.0079,0.0089,0.7211,0.3649,0.9645,hold
2022-11-03,52.6267,9194000,52.0268,52.8237,52.0179,-0.0005,-0.0126,0.0672,-0.0024,0.0033,68.1298,0.0154,0.0078,0.0070,0.6966,-0.3681,0.6261,buy
2022-11-04,53.0565,9725900,53.0923,53.3519,52.4297,0.0082,-0.0247,0.0590,0.0001,0.0132,67.4147,0.0151,0.0081,0.0059,0.7289,0.0579,0.6663,hold
2022-11-07,53.2624,8849700,53.0565,53.5131,53.0386,0.0039,-0.0060,0.0334,0.0007,0.0182,65.6732,0.0127,0.0087,0.0052,0.7332,-0.0901,0.6092,hold
2022-11-08,53.3609,10081600,53.4952,53.5310,52.7700,0.0018,-0.0007,0.0110,0.0015,0.0210,69.4444,0.0105,0.0091,0.0045,0.7253,0.1392,0.7042,sell
2022-11-09,52.6178,10115200,53.3519,53.3967,52.5998,-0.0139,-0.0007,-0.0104,-0.0114,0.0078,69.8174,0.0112,0.0084,0.0030,0.6011,0.0033,0.7275,buy
2022-11-10,54.5069,16804800,53.9428,54.6501,53.4325,0.0359,0.0357,0.0227,0.0218,0.0441,73.3396,0.0162,0.0102,0.0039,0.8452,0.6613,1.2061,buy
2022-11-11,54.9008,18972100,54.9456,55.0172,53.9070,0.0072,0.0348,0.0092,0.0282,0.0518,70.0107,0.0151,0.0121,0.0047,0.8713,0.1290,1.3473,sell
2022-11-14,54.3726,16361000,54.9008,55.2589,54.3547,-0.0096,0.0208,0.0147,0.0168,0.0416,60.3729,0.0145,0.0129,0.0044,0.7677,-0.1376,1.1511,hold
2022-11-15,54.2830,13295800,54.7307,55.0172,53.7190,-0.0016,0.0173,0.0166,0.0134,0.0400,57.5242,0.0145,0.0132,0.0037,0.7306,-0.1873,0.9306,hold
2022-11-16,54.1846,14199500,54.4263,54.6412,53.9786,-0.0018,0.0298,0.0291,0.0087,0.0385,56.0293,0.0135,0.0132,0.0029,0.6967,0.0680,0.9801,hold
2022-11-17,54.3547,11212600,53.8891,54.3815,53.8354,0.0031,-0.0028,0.0328,0.0086,0.0421,49.6513,0.0134,0.0132,0.0024,0.7280,-0.2104,0.7894,buy
2022-11-18,54.7396,10415600,54.6054,54.9456,54.4352,0.0071,-0.0029,0.0317,0.0126,0.0498,59.6412,0.0134,0.0135,0.0022,0.8347,-0.0711,0.7454,buy
2022-11-21,55.5813,15399400,54.9814,55.6976,54.7934,0.0154,0.0222,0.0435,0.0238,0.0659,66.4420,0.0139,0.0147,0.0029,1.0290,0.4785,1.1102,buy
2022-11-22,55.8230,12319600,55.9304,55.9573,55.5544,0.0043,0.0284,0.0461,0.0236,0.0697,75.8017,0.0139,0.0159,0.0033,1.0063,-0.2000,0.9443,buy
2022-11-23,56.0737,8990400,55.9483,56.2169,55.7782,0.0045,0.0349,0.0657,0.0217,0.0737,77.0746,0.0123,0.0170,0.0036,0.9838,-0.2702,0.7077,hold
2022-11-25,56.1274,5165500,56.1632,56.2348,55.8498,0.0010,0.0326,0.0297,0.0197,0.0735,75.6352,0.0067,0.0178,0.0035,0.9295,-0.4254,0.4248,hold
2022-11-28,56.1363,12267500,56.1274,56.4945,56.0110,0.0002,0.0255,0.0225,0.0176,0.0725,74.8068,0.0065,0.0182,0.0031,0.8846,1.3749,1.0114,sell
2022-11-29,55.9394,10969600,55.9752,56.0200,55.4917,-0.0035,0.0064,0.0288,0.0111,0.0679,71.8845,0.0055,0.0181,0.0024,0.8084,-0.1058,0.9159,buy
2022-11-30,57.3550,30433900,55.9123,57.4181,55.6779,0.0253,0.0274,0.0566,0.0310,0.0933,86.0868,0.0087,0.0193,0.0032,0.9971,1.7744,2.3472,buy
2022-12-01,57.5173,12001400,57.3550,57.8058,57.1927,0.0028,0.0257,0.0615,0.0277,0.0946,81.1196,0.0084,0.0206,0.0036,0.9606,-0.6057,0.9348,buy
2022-12-02,58.0222,13643500,57.3550,58.1755,57.1656,0.0088,0.0338,0.0675,0.0300,0.1022,81.5431,0.0084,0.0218,0.0040,0.9791,0.1368,1.0446,sell
2022-12-05,57.2288,9185100,57.1747,57.5263,57.0394,-0.0137,0.0195,0.0455,0.0115,0.0851,77.3945,0.0105,0.0220,0.0031,0.8164,-0.3268,0.7047,hold
2022-12-06,57.2017,10099500,57.2738,57.5984,57.0124,-0.0005,0.0226,0.0292,0.0081,0.0824,78.3334,0.0099,0.0215,0.0021,0.7841,0.0996,0.7711,hold
2022-12-07,57.2919,12307600,57.2107,57.4542,57.0304,0.0016,-0.0011,0.0263,0.0071,0.0813,80.2133,0.0099,0.0210,0.0013,0.7737,0.2186,0.9318,buy
2022-12-08,57.5353,9946200,57.3460,57.5714,57.1206,0.0042,0.0003,0.0261,0.0088,0.0832,80.4916,0.0099,0.0207,0.0009,0.8035,-0.1919,0.7535,sell
2022-12-09,56.9312,13914900,57.3550,57.5624,56.8861,-0.0105,-0.0188,0.0143,-0.0032,0.0693,70.1624,0.0107,0.0196,-0.0003,0.6677,0.3990,1.0659,buy
2022-12-12,57.6796,11647900,57.0755,57.7157,56.8140,0.0131,0.0079,0.0275,0.0071,0.0803,69.6416,0.0113,0.0192,-0.0004,0.7842,-0.1629,0.9180,hold
2022-12-13,57.6976,17521600,58.2386,58.3378,57.5263,0.0003,0.0087,0.0314,0.0044,0.0779,68.3147,0.0111,0.0188,-0.0006,0.7629,0.5043,1.3746,hold
2022-12-14,57.6976,12826700,57.8780,58.2927,57.3189,0.0000,0.0071,0.0060,0.0038,0.0751,66.6828,0.0080,0.0184,-0.0009,0.7425,-0.2679,1.0081,sell
2022-12-15,56.9042,12212300,57.3370,57.6075,56.3451,-0.0138,-0.0110,-0.0107,-0.0090,0.0577,56.9269,0.0091,0.0169,-0.0021,0.5512,-0.0479,0.9674,sell
2022-12-16,56.5796,33631500,56.5796,56.9312,56.2009,-0.0057,-0.0062,-0.0249,-0.0121,0.0489,53.7417,0.0085,0.0150,-0.0033,0.4366,1.7539,2.4468,hold
2022-12-19,56.6607,10919700,56.6517,57.1747,56.3271,0.0014,-0.0177,-0.0099,-0.0097,0.0473,56.2111,0.0076,0.0134,-0.0039,0.4191,-0.6753,0.7930,hold
2022-12-20,56.6156,10286500,56.6427,56.9402,56.5796,-0.0008,-0.0188,-0.0102,-0.0095,0.0434,41.6666,0.0076,0.0119,-0.0043,0.3756,-0.0580,0.7611,buy
2022-12-21,57.5263,10411300,56.8681,57.7517,56.8681,0.0161,-0.0030,0.0041,0.0060,0.0568,50.0869,0.0093,0.0117,-0.0034,0.6946,0.0121,0.7759,sell
2022-12-22,57.1115,9666700,57.1837,57.3370,56.4894,-0.0072,0.0036,-0.0074,-0.0005,0.0462,41.0619,0.0095,0.0110,-0.0033,0.5100,-0.0715,0.7186,buy
2022-12-23,57.5443,6463300,57.2558,57.5894,56.9853,0.0076,0.0171,0.0108,0.0060,0.0512,53.3333,0.0091,0.0109,-0.0027,0.6753,-0.3314,0.4781,buy
2022-12-27,57.8960,7320700,57.6435,57.9681,57.4452,0.0061,0.0218,0.0038,0.0118,0.0543,56.8628,0.0084,0.0111,-0.0019,0.8136,0.1327,0.5517,sell
2022-12-28,57.3189,7159400,58.1214,58.2927,57.2468,-0.0100,0.0124,-0.0066,0.0023,0.0410,50.2439,0.0090,0.0105,-0.0021,0.5019,-0.0220,0.5474,buy
2022-12-29,57.6616,7169300,57.5263,57.8419,57.4361,0.0060,0.0024,-0.0006,0.0084,0.0445,51.1182,0.0092,0.0103,-0.0018,0.6953,0.0014,0.6016,sell
2022-12-30,57.3550,7650200,57.6345,57.6345,56.9583,-0.0053,0.0043,0.0079,0.0022,0.0362,53.9630,0.0081,0.0096,-0.0020,0.5190,0.0671,0.6539,sell
2023-01-03,56.7599,12180500,57.3099,57.3099,56.0656,-0.0104,-0.0136,0.0032,-0.0085,0.0227,41.1459,0.0087,0.0082,-0.0028,0.1913,0.5922,1.0477,hold
2023-01-04,56.7328,13387900,56.9402,57.1025,56.3632,-0.0005,-0.0201,0.0013,-0.0091,0.0198,40.7278,0.0087,0.0069,-0.0033,0.2023,0.0991,1.1311,sell
2023-01-05,56.0836,9814700,56.4443,56.6246,55.9754,-0.0114,-0.0216,-0.0094,-0.0195,0.0065,36.2095,0.0094,0.0050,-0.0043,-0.0541,-0.2669,0.8302,buy
2023-01-06,57.1656,9990000,56.7238,57.4091,56.4263,0.0193,-0.0086,-0.0063,0.0000,0.0243,52.1293,0.0101,0.0048,-0.0035,0.4963,0.0179,0.8534,sell
2023-01-09,56.4533,9442600,57.0755,57.4542,56.4263,-0.0125,-0.0157,-0.0115,-0.0113,0.0103,49.0331,0.0106,0.0037,-0.0037,0.1743,-0.0548,0.8084,sell
2023-01-10,56.0205,10134600,56.4443,56.5615,55.8312,-0.0077,-0.0130,-0.0265,-0.0162,0.0016,45.3473,0.0103,0.0021,-0.0043,0.0350,0.0733,0.8819,hold
2023-01-11,55.9123,10823000,56.2459,56.4082,55.3713,-0.0019,-0.0145,-0.0343,-0.0147,-0.0009,44.9350,0.0099,0.0007,-0.0045,0.0553,0.0679,0.9452,sell
2023-01-12,55.1910,13907300,56.0025,56.0656,54.9746,-0.0129,-0.0159,-0.0371,-0.0237,-0.0143,32.7103,0.0101,-0.0014,-0.0054,-0.0961,0.2850,1.2340,buy
2023-01-13,55.3894,13986400,54.7311,55.4164,54.6320,0.0036,-0.0311,-0.0394,-0.0163,-0.0115,36.8276,0.0099,-0.0028,-0.0054,0.0443,0.0057,1.2347,buy
2023-01-17,55.6148,18327800,55.6599,56.2459,55.5066,0.0041,-0.0149,-0.0303,-0.0092,-0.0085,34.7579,0.0102,-0.0035,-0.0049,0.1602,0.3104,1.5754,sell
2023-01-18,53.9287,19679400,55.4615,55.5336,53.8114,-0.0303,-0.0373,-0.0499,-0.0344,-0.0390,24.1177,0.0133,-0.0067,-0.0065,-0.1569,0.0737,1.7995,hold
2023-01-19,53.8475,14894500,53.8565,54.6770,53.8385,-0.0015,-0.0369,-0.0509,-0.0308,-0.0407,25.7862,0.0132,-0.0091,-0.0071,-0.0495,-0.2431,1.3377,buy
2023-01-20,54.1721,14237700,53.8475,54.1811,53.5590,0.0060,-0.0185,-0.0341,-0.0216,-0.0353,25.5990,0.0135,-0.0104,-0.0067,0.0825,-0.0441,1.2564,hold
2023-01-23,54.3074,12613400,54.3524,54.6139,54.1451,0.0025,-0.0195,-0.0500,-0.0141,-0.0332,28.1653,0.0112,-0.0111,-0.0059,0.1515,-0.1141,1.1023,buy
2023-01-24,54.5959,10103300,54.1721,55.7681,53.9196,0.0053,-0.0183,-0.0329,-0.0055,-0.0287,33.7838,0.0113,-0.0110,-0.0047,0.2353,-0.1990,0.8813,buy
2023-01-25,54.9385,11265800,54.2803,54.9475,54.0008,0.0063,0.0187,-0.0193,0.0027,-0.0228,37.1613,0.0115,-0.0103,-0.0033,0.3202,0.1151,0.9625,hold
2023-01-26,54.8303,11884800,54.8303,55.0918,54.6139,-0.0020,0.0183,-0.0194,0.0027,-0.0247,40.2797,0.0115,-0.0099,-0.0023,0.3186,0.0549,0.9960,sell
2023-01-27,54.5418,14087000,54.8574,54.9656,54.4336,-0.0053,0.0068,-0.0118,-0.0014,-0.0299,26.7942,0.0110,-0.0099,-0.0018,0.2816,0.1853,1.1472,hold
2023-01-30,54.6770,15632000,54.5869,55.1549,54.5147,0.0025,0.0068,-0.0129,0.0024,-0.0276,32.5044,0.0109,-0.0095,-0.0011,0.3283,0.1097,1.2307,buy
2023-01-31,55.2902,14344400,54.9836,55.3082,54.5598,0.0112,0.0127,-0.0058,0.0143,-0.0171,43.0531,0.0115,-0.0082,0.0001,0.4918,-0.0824,1.1003,hold
2023-02-01,55.2992,12535400,55.1279,55.5246,54.6590,0.0002,0.0066,0.0254,0.0119,-0.0173,44.0561,0.0049,-0.0071,0.0010,0.5133,-0.1261,0.9602,sell
2023-02-02,54.3524,16947200,54.8213,55.0197,54.0188,-0.0171,-0.0087,0.0094,-0.0064,-0.0339,42.2111,0.0079,-0.0076,0.0004,0.2797,0.3519,1.2807,sell
2023-02-03,53.9467,15404400,54.4156,54.4787,53.4057,-0.0075,-0.0109,-0.0042,-0.0134,-0.0406,37.0968,0.0081,-0.0086,-0.0003,0.1978,-0.0910,1.1400,buy
2023-02-06,54.2533,11330900,53.9106,54.4065,53.8475,0.0057,-0.0078,-0.0010,-0.0077,-0.0346,37.9968,0.0082,-0.0086,-0.0004,0.2915,-0.2644,0.8344,hold
2023-02-07,54.1631,14922700,53.8024,54.3164,53.6852,-0.0017,-0.0204,-0.0079,-0.0085,-0.0356,52.8761,0.0080,-0.0088,-0.0004,0.2747,0.3170,1.0772,sell
2023-02-08,53.8475,11012000,54.0278,54.0278,53.7303,-0.0058,-0.0263,-0.0199,-0.0123,-0.0404,50.0000,0.0078,-0.0093,-0.0007,0.1778,-0.2621,0.7924,hold
2023-02-09,53.7573,12515300,54.2352,54.3885,53.7393,-0.0017,-0.0109,-0.0196,-0.0120,-0.0412,44.9115,0.0078,-0.0097,-0.0009,0.1611,0.1365,0.8951,hold
2023-02-10,53.7573,14420700,53.8475,54.0098,53.0901,0.0000,-0.0035,-0.0144,-0.0106,-0.0404,43.0206,0.0077,-0.0099,-0.0009,0.1944,0.1522,1.0295,buy
2023-02-13,54.6410,16191800,54.0098,54.7852,53.8565,0.0164,0.0071,-0.0007,0.0057,-0.0237,50.4970,0.0095,-0.0085,0.0003,0.5924,0.1228,1.1469,sell
2023-02-14,53.7303,20505700,54.2893,54.9115,53.7032,-0.0167,-0.0080,-0.0282,-0.0082,-0.0387,38.1625,0.0099,-0.0089,0.0001,0.1902,0.2664,1.4414,hold
2023-02-15,53.7303,13171400,54.0098,54.0369,53.4057,0.0000,-0.0022,-0.0284,-0.0053,-0.0372,38.9891,0.0099,-0.0090,-0.0000,0.2017,-0.3577,0.9475,sell
2023-02-16,53.3967,16538300,53.4057,53.9377,53.1532,-0.0062,-0.0067,-0.0176,-0.0097,-0.0419,38.6405,0.0087,-0.0095,-0.0004,0.0747,0.2556,1.1827,buy
2023-02-17,54.2082,16814700,53.6491,54.3074,53.5409,0.0152,0.0084,0.0048,0.0048,-0.0263,45.8990,0.0099,-0.0085,0.0004,0.4511,0.0167,1.1915,sell
2023-02-21,53.9196,14278300,54.0910,54.3074,53.8475,-0.0053,-0.0132,-0.0061,0.0001,-0.0303,37.2910,0.0099,-0.0081,0.0007,0.3282,-0.1508,1.0058,buy
2023-02-22,54.0819,12409600,53.9647,54.4246,53.8746,0.0030,0.0065,-0.0015,0.0032,-0.0262,39.0243,0.0100,-0.0074,0.0011,0.4140,-0.1309,0.8672,hold
2023-02-23,54.1811,12222800,54.1090,54.4787,53.9287,0.0018,0.0084,0.0062,0.0045,-0.0234,48.1766,0.0098,-0.0067,0.0014,0.4763,-0.0151,0.8513,sell
2023-02-24,53.9557,9736200,53.8114,54.0188,53.5500,-0.0042,0.0105,0.0037,-0.0001,-0.0262,50.0998,0.0099,-0.0064,0.0014,0.3849,-0.2034,0.6832,hold
2023-02-27,53.9377,8849800,54.2623,54.3705,53.8655,-0.0003,-0.0050,0.0034,-0.0008,-0.0252,46.2686,0.0099,-0.0061,0.0014,0.3901,-0.0910,0.6326,sell
2023-02-28,53.6582,16082200,53.8295,53.8295,53.3245,-0.0052,-0.0048,-0.0180,-0.0041,-0.0288,44.2856,0.0082,-0.0062,0.0010,0.2733,0.8172,1.1478,sell
2023-03-01,53.0721,13275800,53.3155,53.3606,52.6303,-0.0109,-0.0187,-0.0123,-0.0138,-0.0381,41.7307,0.0071,-0.0072,0.0001,-0.0001,-0.1745,0.9511,buy
2023-03-02,53.8475,11758300,53.0540,53.9016,53.0180,0.0146,-0.0062,0.0022,0.0004,-0.0230,50.8390,0.0087,-0.0065,0.0005,0.4460,-0.1143,0.8447,sell
2023-03-03,53.5950,13101800,53.6942,53.8114,53.3877,-0.0047,-0.0067,0.0037,-0.0047,-0.0265,48.5577,0.0086,-0.0065,0.0005,0.2850,0.1143,0.9544,buy
2023-03-06,54.4246,16282700,53.4327,54.4426,53.3967,0.0155,0.0090,0.0040,0.0103,-0.0107,48.0583,0.0087,-0.0050,0.0015,0.8617,0.2428,1.1824,sell
2023-03-07,54.1090,13961200,54.5418,54.6139,53.8746,-0.0058,0.0084,0.0035,0.0041,-0.0152,53.8045,0.0087,-0.0043,0.0018,0.6483,-0.1426,1.0042,hold
2023-03-08,54.1360,10851600,54.1360,54.3975,53.8565,0.0005,0.0200,0.0010,0.0045,-0.0136,54.0542,0.0087,-0.0037,0.0019,0.6690,-0.2227,0.7921,sell
2023-03-09,53.6131,13900900,54.5869,54.5869,53.4508,-0.0097,-0.0044,-0.0105,-0.0041,-0.0218,52.0833,0.0092,-0.0040,0.0013,0.3071,0.2810,1.0041,sell
2023-03-10,53.3877,13745800,53.8295,54.2262,53.1893,-0.0042,-0.0039,-0.0105,-0.0073,-0.0243,41.0959,0.0092,-0.0045,0.0007,0.1766,-0.0112,0.9886,buy
2023-03-13,53.9287,21956000,53.4598,54.8844,53.4237,0.0101,-0.0091,-0.0002,0.0028,-0.0132,50.0927,0.0098,-0.0040,0.0009,0.5343,0.5973,1.5373,buy
2023-03-14,54.1270,19496900,54.1000,54.5148,53.5139,0.0037,0.0003,0.0087,0.0056,-0.0083,50.4605,0.0097,-0.0032,0.0013,0.7074,-0.1120,1.3495,buy
2023-03-15,54.4877,21089900,53.5860,54.5328,53.4147,0.0067,0.0065,0.0267,0.0097,-0.0006,52.9721,0.0089,-0.0021,0.0019,0.9163,0.0817,1.4569,buy
2023-03-16,54.7875,15658300,54.5967,54.8239,54.2424,0.0055,0.0219,0.0175,0.0135,0.0056,57.9494,0.0079,-0.0008,0.0026,1.0168,-0.2575,1.0724,sell
2023-03-17,54.5331,27351200,54.7966,54.8330,54.1879,-0.0046,0.0215,0.0175,0.0070,0.0018,55.4445,0.0079,-0.0001,0.0026,0.8271,0.7468,1.8064,buy
2023-03-20,55.0601,12904100,54.6603,55.0601,54.4877,0.0097,0.0210,0.0117,0.0156,0.0118,62.2638,0.0070,0.0012,0.0031,1.0410,-0.5282,0.8634,sell
2023-03-21,54.8057,13716500,55.0328,55.1964,54.4059,-0.0046,0.0125,0.0129,0.0096,0.0080,66.0993,0.0068,0.0019,0.0030,0.8603,0.0630,0.9195,sell
2023-03-22,54.5604,10494200,54.8784,55.3054,54.5422,-0.0045,0.0013,0.0078,0.0043,0.0042,57.3430,0.0071,0.0020,0.0025,0.7205,-0.2349,0.7080,sell
2023-03-23,54.4423,15479000,54.5967,54.8693,54.2605,-0.0022,-0.0063,0.0155,0.0006,0.0026,58.9754,0.0062,0.0019,0.0019,0.6546,0.4750,1.0330,buy
2023-03-24,55.3327,12975600,54.7421,55.4417,54.4332,0.0164,0.0147,0.0364,0.0133,0.0192,59.4979,0.0074,0.0030,0.0025,0.9917,-0.1617,0.8567,buy
2023-03-27,55.7415,12777400,55.5507,55.8597,55.3781,0.0074,0.0124,0.0336,0.0174,0.0266,66.7481,0.0072,0.0045,0.0031,1.0435,-0.0153,0.8328,hold
2023-03-28,55.8051,10925700,55.7779,56.0959,55.6689,0.0011,0.0182,0.0310,0.0155,0.0276,66.9956,0.0072,0.0057,0.0035,0.9815,-0.1449,0.7243,buy
2023-03-29,56.2049,9441000,56.0777,56.2867,55.9596,0.0072,0.0301,0.0315,0.0195,0.0347,77.0707,0.0072,0.0071,0.0039,1.0370,-0.1359,0.6339,hold
2023-03-30,56.1958,9870700,56.2231,56.4139,56.0232,-0.0002,0.0322,0.0257,0.0168,0.0337,80.7182,0.0072,0.0081,0.0039,0.9581,0.0455,0.6670,buy
2023-03-31,56.3594,14440900,56.3866,56.5593,56.2140,0.0029,0.0186,0.0335,0.0164,0.0357,78.9827,0.0068,0.0090,0.0039,0.9436,0.4630,0.9714,buy
2023-04-03,56.6956,12300700,56.6047,56.8046,56.2049,0.0060,0.0171,0.0297,0.0194,0.0410,79.6514,0.0065,0.0101,0.0040,0.9595,-0.1482,0.8387,sell
2023-04-04,56.5229,11433400,56.6865,57.0045,56.4048,-0.0030,0.0129,0.0313,0.0132,0.0369,74.5611,0.0063,0.0106,0.0036,0.8672,-0.0705,0.7863,buy
2023-04-05,57.0590,12789600,56.8137,57.2589,56.7864,0.0095,0.0152,0.0458,0.0183,0.0458,75.9334,0.0060,0.0115,0.0037,0.9329,0.1186,0.8738,hold
2023-04-06,57.0953,9644200,57.1135,57.2770,56.6774,0.0006,0.0160,0.0487,0.0141,0.0457,80.7856,0.0057,0.0122,0.0035,0.8959,-0.2459,0.6686,sell
2023-04-10,56.9590,7952600,56.7773,56.9590,56.3503,-0.0024,0.0106,0.0294,0.0088,0.0424,75.1803,0.0044,0.0125,0.0030,0.8390,-0.1754,0.5626,sell
2023-04-11,56.8591,9913000,56.9227,56.9772,56.6956,-0.0018,0.0029,0.0200,0.0050,0.0396,78.3918,0.0043,0.0124,0.0023,0.7891,0.2465,0.7325,buy
2023-04-12,56.9590,9593700,56.7682,57.2680,56.6138,0.0018,0.0077,0.0207,0.0047,0.0406,84.5548,0.0043,0.0123,0.0018,0.7877,-0.0322,0.7358,buy
2023-04-13,57.3770,9871400,57.0226,57.3861,56.7682,0.0073,0.0056,0.0209,0.0100,0.0474,88.9154,0.0043,0.0126,0.0017,0.8549,0.0289,0.7912,sell
2023-04-14,57.2861,8946000,57.2861,57.3770,57.0408,-0.0016,0.0033,0.0194,0.0065,0.0450,82.8742,0.0044,0.0127,0.0014,0.8003,-0.0937,0.7368,buy
2023-04-17,57.6586,9452400,57.5314,57.7222,57.3679,0.0065,0.0123,0.0231,0.0107,0.0506,82.6621,0.0046,0.0130,0.0014,0.8592,0.0566,0.8405,buy
2023-04-18,57.7495,9035700,57.7041,57.7859,57.4133,0.0016,0.0157,0.0186,0.0104,0.0508,82.8217,0.0045,0.0133,0.0014,0.8437,-0.0441,0.8175,buy
2023-04-19,57.8585,9769500,57.9040,57.9948,57.6314,0.0019,0.0158,0.0236,0.0100,0.0514,80.9520,0.0041,0.0135,0.0013,0.8398,0.0812,0.9000,buy
2023-04-20,58.1129,10706400,57.8131,58.1493,57.6405,0.0044,0.0128,0.0185,0.0126,0.0545,82.8658,0.0034,0.0138,0.0013,0.8820,0.0959,0.9853,buy
2023-04-21,58.1947,12931100,58.1493,58.3946,57.9676,0.0014,0.0159,0.0193,0.0121,0.0543,82.3716,0.0034,0.0140,0.0012,0.9024,0.2078,1.2042,sell
2023-04-24,58.1039,15532300,58.8307,59.0488,57.8040,-0.0016,0.0077,0.0201,0.0085,0.0510,77.1929,0.0032,0.0139,0.0009,0.8517,0.2012,1.4294,sell
2023-04-25,58.0130,12818900,58.3037,58.3037,57.8131,-0.0016,0.0046,0.0203,0.0049,0.0477,79.7101,0.0032,0.0136,0.0005,0.7981,-0.1747,1.1795,sell
2023-04-26,57.7404,13179600,57.7495,57.9403,57.5950,-0.0047,-0.0020,0.0137,-0.0012,0.0416,65.1820,0.0039,0.0128,-0.0003,0.6864,0.0281,1.2002,buy
2023-04-27,57.8585,13795800,57.7223,57.9312,57.3406,0.0020,-0.0044,0.0084,0.0000,0.0422,66.4062,0.0033,0.0122,-0.0007,0.7113,0.0468,1.2319,buy
2023-04-28,58.2856,13687600,57.7949,58.2947,57.6768,0.0074,0.0016,0.0174,0.0057,0.0482,75.3471,0.0037,0.0121,-0.0006,0.8559,-0.0078,1.2017,buy
2023-05-01,58.4219,9091500,58.2856,58.7762,58.2038,0.0023,0.0055,0.0132,0.0067,0.0487,79.4518,0.0033,0.0121,-0.0005,0.8814,-0.3358,0.8174,sell
2023-05-02,58.1584,10948400,58.2765,58.2765,57.4860,-0.0045,0.0025,0.0071,0.0014,0.0425,71.2903,0.0038,0.0116,-0.0008,0.7444,0.2042,0.9904,sell
2023-05-03,57.8313,11084600,58.1674,58.3128,57.7677,-0.0056,0.0016,-0.0005,-0.0041,0.0352,58.3332,0.0043,0.0107,-0.0014,0.5767,0.0124,1.0043,hold
2023-05-04,57.8949,11938300,57.9131,58.0857,57.7041,0.0011,0.0006,-0.0038,-0.0027,0.0350,61.2796,0.0040,0.0099,-0.0017,0.5914,0.0770,1.0858,buy
2023-05-05,58.1675,9039000,57.8222,58.3401,57.8131,0.0047,-0.0020,-0.0005,0.0021,0.0383,59.7901,0.0043,0.0095,-0.0017,0.7128,-0.2429,0.8244,sell
2023-05-08,58.0766,7240700,57.9767,58.2038,57.7949,-0.0016,-0.0059,-0.0005,0.0005,0.0352,56.2936,0.0043,0.0090,-0.0017,0.6452,-0.1989,0.6625,sell
2023-05-09,57.5950,9067700,57.8222,57.9221,57.4951,-0.0083,-0.0097,-0.0072,-0.0070,0.0253,45.5657,0.0050,0.0079,-0.0023,0.3124,0.2523,0.8329,buy
2023-05-10,57.6950,10134000,57.5314,57.8222,57.2316,0.0017,-0.0024,-0.0008,-0.0052,0.0256,42.5808,0.0049,0.0071,-0.0026,0.3241,0.1176,0.9286,buy
2023-05-11,58.0221,9581500,57.7677,58.0857,57.2498,0.0057,0.0022,0.0028,0.0001,0.0296,47.1810,0.0052,0.0067,-0.0023,0.5793,-0.0545,0.8791,buy
2023-05-12,58.2492,8740800,58.0221,58.3219,57.8767,0.0039,0.0014,-0.0006,0.0041,0.0320,52.2727,0.0047,0.0067,-0.0018,0.7856,-0.0877,0.8027,sell
2023-05-15,58.0948,8150000,58.3492,58.3764,57.8858,-0.0027,0.0003,-0.0056,0.0020,0.0276,51.2534,0.0047,0.0064,-0.0017,0.6008,-0.0676,0.7530,sell
2023-05-16,57.4406,9129600,58.0584,58.0584,57.3861,-0.0113,-0.0027,-0.0123,-0.0080,0.0150,45.8854,0.0057,0.0053,-0.0024,-0.0550,0.1202,0.8431,hold
2023-05-17,57.3770,11583000,57.6041,57.6223,56.9954,-0.0011,-0.0055,-0.0079,-0.0084,0.0127,43.2911,0.0055,0.0042,-0.0028,-0.0221,0.2687,1.0608,sell
2023-05-18,57.0590,13595100,57.2498,57.2770,56.8500,-0.0055,-0.0166,-0.0144,-0.0124,0.0060,32.3759,0.0057,0.0028,-0.0033,-0.1196,0.1737,1.2288,hold
2023-05-19,57.0862,14251400,57.2770,57.3316,56.8863,0.0005,-0.0200,-0.0186,-0.0101,0.0053,30.1887,0.0053,0.0018,-0.0035,-0.0024,0.0483,1.2805,sell
2023-05-22,55.8869,15055400,57.0499,57.1226,55.8233,-0.0210,-0.0380,-0.0377,-0.0272,-0.0167,23.6286,0.0080,-0.0008,-0.0049,-0.3023,0.0564,1.3557,hold
2023-05-23,55.7870,13932700,55.8869,56.0323,55.5780,-0.0018,-0.0288,-0.0314,-0.0259,-0.0191,24.9443,0.0079,-0.0029,-0.0057,-0.1401,-0.0746,1.2483,sell
2023-05-24,55.3145,11090100,55.7688,55.8142,55.1691,-0.0085,-0.0359,-0.0413,-0.0301,-0.0278,21.2549,0.0079,-0.0053,-0.0065,-0.1192,-0.2040,1.0030,sell
2023-05-25,54.8875,14463600,54.9420,55.1782,54.6512,-0.0077,-0.0381,-0.0540,-0.0323,-0.0355,14.6771,0.0071,-0.0078,-0.0071,-0.0847,0.3042,1.3042,sell
2023-05-26,54.7512,12570300,54.9238,55.0964,54.6149,-0.0025,-0.0409,-0.0601,-0.0287,-0.0378,14.5348,0.0064,-0.0098,-0.0073,-0.0141,-0.1309,1.1392,sell
2023-05-30,54.3151,15634200,54.5967,54.6967,54.0788,-0.0080,-0.0281,-0.0651,-0.0299,-0.0454,14.6771,0.0063,-0.0120,-0.0076,-0.0093,0.2437,1.3761,sell
2023-05-31,54.2060,59432200,54.4423,54.7694,53.9426,-0.0020,-0.0283,-0.0563,-0.0262,-0.0471,12.5000,0.0062,-0.0137,-0.0074,0.0448,2.8014,4.3111,buy
2023-06-01,54.5149,13402700,54.4604,54.6694,54.3060,0.0057,-0.0145,-0.0499,-0.0156,-0.0415,12.1567,0.0071,-0.0143,-0.0065,0.1446,-0.7745,0.9641,buy
2023-06-02,55.5689,15259800,54.7603,55.7143,54.5876,0.0193,0.0124,-0.0261,0.0061,-0.0233,25.4574,0.0105,-0.0129,-0.0042,0.3406,0.1386,1.0847,sell
2023-06-05,55.1964,12915600,55.4235,55.8233,55.0147,-0.0067,0.0081,-0.0331,0.0028,-0.0302,24.4799,0.0105,-0.0125,-0.0030,0.2987,-0.1536,0.9056,sell
2023-06-06,54.7966,10943500,55.3781,55.4144,54.6240,-0.0072,0.0089,-0.0195,-0.0025,-0.0370,25.6280,0.0087,-0.0126,-0.0024,0.2544,-0.1527,0.7575,hold
2023-06-07,54.7148,16817900,54.5240,54.8420,54.3514,-0.0015,0.0094,-0.0192,-0.0020,-0.0381,25.5424,0.0087,-0.0127,-0.0019,0.2648,0.5368,1.1337,hold
2023-06-08,54.8511,15585900,54.6331,54.8875,54.4968,0.0025,0.0062,-0.0084,0.0013,-0.0354,29.0153,0.0084,-0.0123,-0.0013,0.3097,-0.0733,1.0317,hold
2023-06-09,54.9420,12581500,54.7603,55.1237,54.6694,0.0017,-0.0113,0.0010,0.0029,-0.0333,29.8634,0.0081,-0.0117,-0.0006,0.3450,-0.1928,0.8247,sell
2023-06-12,54.7057,14208900,55.0510,55.1055,54.5331,-0.0043,-0.0089,-0.0008,-0.0014,-0.0370,36.4582,0.0082,-0.0116,-0.0003,0.3166,0.1293,0.9149,buy
2023-06-13,54.9238,13397800,54.7058,55.1237,54.5513,0.0040,0.0023,0.0112,0.0015,-0.0327,40.3651,0.0077,-0.0109,0.0002,0.3807,-0.0571,0.8484,buy
2023-06-14,55.2963,14099700,55.1782,55.4962,55.0601,0.0068,0.0106,0.0201,0.0063,-0.0256,49.7926,0.0078,-0.0097,0.0011,0.4965,0.0524,0.8790,buy
2023-06-15,56.0562,15271400,55.4886,56.1203,55.2414,0.0137,0.0220,0.0283,0.0173,-0.0121,62.4012,0.0086,-0.0075,0.0025,0.7544,0.0831,0.9412,buy
2023-06-16,56.4590,26738000,56.3949,56.9168,56.2851,0.0072,0.0276,0.0160,0.0229,-0.0048,67.1515,0.0067,-0.0052,0.0038,0.9232,0.7509,1.5838,sell
2023-06-20,56.0837,13971800,56.3858,56.7245,56.0654,-0.0066,0.0252,0.0161,0.0145,-0.0110,67.9811,0.0067,-0.0039,0.0041,0.8666,-0.4775,0.8283,buy
2023-06-21,56.2393,13948700,56.1294,56.5048,55.8273,0.0028,0.0240,0.0263,0.0147,-0.0080,70.4778,0.0059,-0.0026,0.0043,0.9049,-0.0017,0.8296,buy
2023-06-22,56.6238,15193400,56.5872,56.8527,56.3858,0.0068,0.0240,0.0349,0.0181,-0.0012,70.9206,0.0059,-0.0010,0.0047,0.9878,0.0892,0.9003,sell
2023-06-23,56.0287,25112100,56.7062,56.7337,56.0104,-0.0105,-0.0005,0.0215,0.0053,-0.0113,55.0186,0.0074,-0.0006,0.0041,0.7602,0.6528,1.4287,hold
2023-06-26,56.0470,12856100,56.0379,56.1111,55.2872,0.0003,-0.0073,0.0201,0.0036,-0.0105,60.0620,0.0074,-0.0003,0.0036,0.7420,-0.4881,0.7348,hold
2023-06-27,55.9280,9068500,56.0470,56.1752,55.8273,-0.0021,-0.0028,0.0223,-0.0007,-0.0122,64.3351,0.0072,-0.0002,0.0030,0.6832,-0.2946,0.5235,sell
2023-06-28,55.4062,11173200,55.7358,55.8823,55.2963,-0.0093,-0.0148,0.0088,-0.0109,-0.0206,57.8806,0.0080,-0.0008,0.0019,0.4918,0.2321,0.6534,sell
2023-06-29,54.9484,17142300,55.1315,55.2506,54.7196,-0.0083,-0.0296,-0.0063,-0.0185,-0.0277,51.0335,0.0082,-0.0020,0.0006,0.3046,0.5342,1.1440,buy
2023-06-30,55.1315,19739200,54.9301,55.2506,54.8111,0.0033,-0.0160,-0.0165,-0.0136,-0.0236,51.9745,0.0067,-0.0026,-0.0001,0.3548,0.1515,1.2900,buy
2023-07-03,55.4611,9694500,55.1132,55.5069,54.9576,0.0060,-0.0105,-0.0177,-0.0059,-0.0168,57.7183,0.0065,-0.0026,-0.0000,0.4877,-0.5089,0.6453,buy
2023-07-05,55.8731,14716600,55.1865,55.9372,55.0766,0.0074,-0.0010,-0.0038,0.0019,-0.0087,59.3298,0.0069,-0.0020,0.0005,0.6376,0.5180,0.9738,sell
2023-07-06,55.4428,12603900,55.5985,55.8639,55.3879,-0.0077,0.0007,-0.0142,-0.0044,-0.0154,51.4235,0.0071,-0.0021,0.0003,0.4526,-0.1436,0.8294,sell
2023-07-07,54.7104,14574000,55.2139,55.3879,54.6829,-0.0132,-0.0043,-0.0338,-0.0142,-0.0273,36.8515,0.0074,-0.0032,-0.0007,0.1516,0.1563,0.9662,sell
2023-07-10,54.2984,15480600,54.9027,55.0675,54.1428,-0.0075,-0.0151,-0.0309,-0.0186,-0.0334,28.9287,0.0071,-0.0047,-0.0017,0.0283,0.0622,1.0267,buy
2023-07-11,54.4907,15967700,54.4358,54.5273,53.8681,0.0035,-0.0175,-0.0278,-0.0123,-0.0288,33.8889,0.0074,-0.0055,-0.0020,0.1269,0.0315,1.0472,buy
2023-07-12,54.7837,14241300,54.7013,54.9759,54.4266,0.0054,-0.0195,-0.0205,-0.0049,-0.0224,35.6757,0.0078,-0.0056,-0.0017,0.2311,-0.1081,0.9339,buy
2023-07-13,55.2506,11269800,55.0400,55.3513,54.9118,0.0085,-0.0035,-0.0028,0.0038,-0.0129,36.7022,0.0080,-0.0049,-0.0008,0.3958,-0.2087,0.7442,buy
2023-07-14,55.7541,11634200,55.0583,55.8823,55.0125,0.0091,0.0191,0.0147,0.0115,-0.0031,47.2925,0.0079,-0.0036,0.0003,0.5764,0.0323,0.7746,hold
2023-07-17,55.6717,10014300,55.6259,55.9372,55.3787,-0.0015,0.0253,0.0098,0.0090,-0.0038,46.3459,0.0080,-0.0027,0.0010,0.5534,-0.1392,0.6786,sell
2023-07-18,55.4520,11152900,55.8090,56.0745,55.3055,-0.0039,0.0176,-0.0002,0.0051,-0.0068,45.4545,0.0079,-0.0023,0.0012,0.4881,0.1137,0.7979,buy
2023-07-19,56.4316,12936000,55.6351,56.5689,55.5527,0.0177,0.0301,0.0100,0.0218,0.0113,59.0032,0.0095,-0.0005,0.0023,0.8642,0.1599,0.9289,buy
2023-07-20,57.1182,11563000,56.4682,57.1365,56.4590,0.0122,0.0338,0.0302,0.0311,0.0240,68.3152,0.0095,0.0018,0.0037,1.0477,-0.1061,0.8375,hold
2023-07-21,57.1640,12815100,57.1823,57.3837,56.9809,0.0008,0.0253,0.0448,0.0274,0.0250,67.5632,0.0077,0.0037,0.0044,1.0175,0.1083,0.9362,hold
2023-07-24,57.1823,10251100,57.1457,57.5027,57.1273,0.0003,0.0271,0.0531,0.0224,0.0255,65.7190,0.0067,0.0051,0.0047,0.9596,-0.2001,0.7919,sell
2023-07-25,56.9900,13422700,57.0358,57.1182,56.8069,-0.0034,0.0277,0.0459,0.0144,0.0224,60.6272,0.0072,0.0059,0.0044,0.8673,0.3094,1.0347,buy
2023-07-26,57.7224,17145500,56.6330,57.8323,56.2027,0.0129,0.0229,0.0536,0.0221,0.0358,70.5106,0.0077,0.0074,0.0047,0.9870,0.2774,1.2817,sell
2023-07-27,57.1640,11517100,57.7224,57.9238,57.1090,-0.0097,0.0008,0.0346,0.0088,0.0261,72.7891,0.0089,0.0079,0.0041,0.8129,-0.3283,0.8599,hold
2023-07-28,57.2006,9721800,57.3013,57.4661,56.9626,0.0006,0.0006,0.0259,0.0069,0.0268,78.9762,0.0087,0.0081,0.0035,0.7896,-0.1559,0.7465,sell
2023-07-31,56.6971,15577900,57.1731,57.1731,56.5140,-0.0088,-0.0085,0.0184,-0.0038,0.0180,70.7401,0.0094,0.0076,0.0023,0.6543,0.6024,1.2156,hold
2023-08-01,56.5506,9281600,56.8435,57.0907,56.4132,-0.0026,-0.0077,0.0198,-0.0083,0.0156,67.0797,0.0093,0.0069,0.0013,0.6072,-0.4042,0.7254,buy
2023-08-02,56.7245,11059400,56.3583,57.3013,56.3583,0.0031,-0.0173,0.0052,-0.0057,0.0189,65.1032,0.0075,0.0064,0.0007,0.6373,0.1915,0.8769,sell
2023-08-03,56.4316,8037400,56.6421,56.8710,56.3309,-0.0052,-0.0128,-0.0120,-0.0097,0.0134,57.2550,0.0065,0.0056,-0.0001,0.5575,-0.2733,0.6491,sell
2023-08-04,55.5801,9359300,56.4682,56.6604,55.4977,-0.0151,-0.0283,-0.0277,-0.0219,-0.0018,49.1582,0.0078,0.0038,-0.0017,0.3377,0.1645,0.7721,buy
2023-08-07,56.0196,6982600,55.6534,56.1478,55.6076,0.0079,-0.0119,-0.0203,-0.0121,0.0058,55.0162,0.0084,0.0028,-0.0021,0.4168,-0.2539,0.5969,sell
2023-08-08,55.7724,7956100,56.0196,56.1661,55.4977,-0.0044,-0.0138,-0.0214,-0.0144,0.0011,43.3084,0.0085,0.0017,-0.0025,0.3098,0.1394,0.7043,hold
2023-08-09,55.9006,7904100,55.7632,56.4224,55.6168,0.0023,-0.0145,-0.0316,-0.0089,0.0029,36.0587,0.0069,0.0010,-0.0026,0.3131,-0.0065,0.7199,sell
2023-08-10,55.7724,7870300,56.1661,56.5140,55.6534,-0.0023,-0.0117,-0.0243,-0.0088,0.0001,34.3620,0.0065,0.0002,-0.0027,0.2465,-0.0043,0.7280,buy
2023-08-11,56.0013,8483900,55.6992,56.0287,55.5618,0.0041,0.0076,-0.0210,-0.0026,0.0036,37.3280,0.0068,-0.0000,-0.0024,0.3228,0.0780,0.7964,sell
2023-08-14,55.7358,7176300,56.1386,56.2851,55.6168,-0.0047,-0.0051,-0.0170,-0.0056,-0.0016,36.7504,0.0064,-0.0006,-0.0024,0.2212,-0.1541,0.6828,sell
2023-08-15,55.3604,7187400,55.5618,55.7541,55.2689,-0.0067,-0.0074,-0.0210,-0.0102,-0.0083,23.0125,0.0066,-0.0016,-0.0027,0.0872,0.0015,0.6970,hold
2023-08-16,55.3696,8372300,55.4245,55.6808,55.2963,0.0002,-0.0095,-0.0239,-0.0076,-0.0082,26.5548,0.0064,-0.0024,-0.0028,0.1340,0.1649,0.8302,buy
2023-08-17,55.4886,12873500,55.4611,55.8639,55.3421,0.0021,-0.0051,-0.0167,-0.0038,-0.0063,28.1028,0.0065,-0.0028,-0.0025,0.2075,0.5376,1.2684,buy
2023-08-18,55.7999,11083800,55.4245,55.9280,55.2689,0.0056,-0.0036,0.0040,0.0014,-0.0011,37.9310,0.0048,-0.0026,-0.0019,0.3337,-0.1390,1.1014,sell
2023-08-21,55.3238,8648500,55.7175,55.7816,55.2231,-0.0085,-0.0074,-0.0124,-0.0059,-0.0098,34.8415,0.0048,-0.0031,-0.0019,0.1975,-0.2197,0.8663,sell
2023-08-22,54.9851,9411500,55.2414,55.4611,54.9118,-0.0061,-0.0068,-0.0141,-0.0106,-0.0159,29.3478,0.0050,-0.0040,-0.0022,0.1244,0.0882,0.9621,buy
2023-08-23,55.1773,7749500,55.1132,55.3330,55.0766,0.0035,-0.0035,-0.0129,-0.0058,-0.0126,34.7437,0.0051,-0.0043,-0.0021,0.1991,-0.1766,0.8321,sell
2023-08-24,55.0308,8955100,55.1773,55.7358,55.0125,-0.0027,-0.0082,-0.0133,-0.0072,-0.0152,41.9354,0.0051,-0.0048,-0.0020,0.1652,0.1556,0.9750,buy
2023-08-25,55.2872,7629200,55.3055,55.4520,54.9393,0.0047,-0.0092,-0.0128,-0.0012,-0.0107,38.6364,0.0052,-0.0047,-0.0015,0.2814,-0.1481,0.8402,buy
2023-08-28,55.4428,6254300,55.4337,55.5985,55.2689,0.0028,0.0022,-0.0053,0.0021,-0.0076,44.7369,0.0051,-0.0043,-0.0009,0.3735,-0.1802,0.7261,hold
2023-08-29,55.3879,8189600,55.4428,55.5069,55.0675,-0.0010,0.0073,0.0005,0.0011,-0.0083,41.6168,0.0047,-0.0041,-0.0006,0.3637,0.3094,0.9568,hold
2023-08-30,55.3604,9447900,55.5161,55.6076,55.1956,-0.0005,0.0033,-0.0002,0.0006,-0.0085,43.0342,0.0047,-0.0039,-0.0003,0.3618,0.1536,1.1143,sell
2023-08-31,54.7745,14663500,55.2048,55.3604,54.7562,-0.0106,-0.0047,-0.0129,-0.0087,-0.0185,31.4916,0.0057,-0.0046,-0.0008,-0.0130,0.5520,1.6644,sell
2023-09-01,54.2984,11262300,54.9301,55.0491,54.1245,-0.0087,-0.0179,-0.0269,-0.0147,-0.0262,29.6103,0.0055,-0.0058,-0.0016,-0.1466,-0.2320,1.2647,sell
2023-09-05,53.8498,12474600,54.2435,54.3076,53.7125,-0.0083,-0.0287,-0.0266,-0.0202,-0.0335,29.0075,0.0055,-0.0074,-0.0025,-0.1839,0.1076,1.3589,hold
2023-09-06,53.8132,13923500,53.6667,53.8590,53.4836,-0.0007,-0.0284,-0.0213,-0.0188,-0.0334,28.5354,0.0054,-0.0085,-0.0029,-0.0664,0.1161,1.4690,sell
2023-09-07,53.4012,17628600,53.9689,54.1611,53.3738,-0.0077,-0.0354,-0.0322,-0.0231,-0.0399,23.3646,0.0052,-0.0100,-0.0035,-0.0892,0.2661,1.7692,hold
2023-09-08,53.4012,14312300,53.3738,53.4745,53.1083,0.0000,-0.0251,-0.0296,-0.0202,-0.0392,16.7512,0.0053,-0.0110,-0.0036,0.0030,-0.1881,1.3914,buy
2023-09-11,53.9048,14767400,53.4653,54.0055,53.3097,0.0094,-0.0073,-0.0250,-0.0084,-0.0298,30.4784,0.0062,-0.0108,-0.0028,0.1941,0.0318,1.3931,sell
2023-09-12,53.3738,12292700,54.0055,54.0146,53.2731,-0.0099,-0.0088,-0.0373,-0.0145,-0.0387,28.9472,0.0063,-0.0116,-0.0027,0.0823,-0.1676,1.1323,buy
2023-09-13,53.5019,12641400,53.4653,53.7217,53.4104,0.0024,-0.0058,-0.0340,-0.0086,-0.0357,27.7372,0.0066,-0.0117,-0.0023,0.1626,0.0284,1.1359,buy
2023-09-14,53.9449,12311600,53.7419,54.0648,53.6957,0.0083,0.0102,-0.0256,0.0022,-0.0271,36.6233,0.0075,-0.0109,-0.0013,0.3130,-0.0261,1.0870,sell
2023-09-15,53.4650,55727500,53.8987,54.1110,53.2897,-0.0089,0.0012,-0.0239,-0.0043,-0.0350,28.7265,0.0073,-0.0111,-0.0011,0.2033,3.5264,4.1375,buy
2023-09-18,53.7972,13617400,53.5020,53.8434,53.1790,0.0062,-0.0020,-0.0092,0.0028,-0.0287,31.5486,0.0074,-0.0104,-0.0004,0.3202,-0.7556,1.0016,hold
2023-09-19,53.6865,11998900,53.7603,53.8803,53.4466,-0.0021,0.0059,-0.0030,0.0011,-0.0305,31.1586,0.0070,-0.0100,0.0000,0.3068,-0.1189,0.8718,buy
2023-09-20,53.9264,14766600,53.7972,54.2863,53.5942,0.0045,0.0079,0.0021,0.0053,-0.0260,34.8334,0.0072,-0.0092,0.0006,0.3981,0.2307,1.0524,sell
2023-09-21,53.0959,15941800,53.8618,53.9080,52.9852,-0.0154,-0.0157,-0.0057,-0.0096,-0.0404,33.1200,0.0084,-0.0099,0.0001,0.1663,0.0796,1.1040,hold
2023-09-22,53.1513,14644100,53.3820,53.4927,53.0590,0.0010,-0.0059,-0.0047,-0.0081,-0.0387,37.3979,0.0084,-0.0101,-0.0001,0.2142,-0.0814,0.9945,sell
2023-09-25,52.5976,12358800,52.9667,53.0498,52.3577,-0.0104,-0.0223,-0.0242,-0.0160,-0.0476,36.5541,0.0082,-0.0111,-0.0008,0.0831,-0.1561,0.8261,sell
2023-09-26,52.1639,11194700,52.3485,52.5054,52.0440,-0.0082,-0.0284,-0.0227,-0.0219,-0.0542,33.6818,0.0080,-0.0124,-0.0016,0.0005,-0.0942,0.7361,sell
2023-09-27,51.6287,13766300,52.0624,52.1639,51.3796,-0.0103,-0.0426,-0.0350,-0.0285,-0.0626,32.8800,0.0082,-0.0142,-0.0026,-0.0835,0.2297,0.8889,sell
2023-09-28,51.4995,12484800,51.8871,51.9702,51.3980,-0.0025,-0.0301,-0.0453,-0.0265,-0.0633,32.0795,0.0071,-0.0156,-0.0032,-0.0591,-0.0931,0.7983,buy
2023-09-29,51.6564,12271600,51.8041,51.9240,51.3242,0.0030,-0.0281,-0.0338,-0.0202,-0.0586,27.3320,0.0073,-0.0162,-0.0031,0.0422,-0.0171,0.7907,sell
2023-10-02,51.1950,11792500,51.5918,51.6841,50.8259,-0.0089,-0.0267,-0.0484,-0.0241,-0.0650,27.7210,0.0066,-0.0173,-0.0033,-0.0057,-0.0390,0.7586,sell
2023-10-03,50.6414,13604200,50.8997,51.1489,50.5491,-0.0108,-0.0292,-0.0567,-0.0290,-0.0729,23.0905,0.0068,-0.0190,-0.0039,-0.0393,0.1536,0.8719,buy
2023-10-04,50.7890,12100500,50.6506,51.0105,50.4845,0.0029,-0.0163,-0.0582,-0.0203,-0.0680,18.5665,0.0065,-0.0197,-0.0036,0.0640,-0.1105,0.7801,sell
2023-10-05,48.3345,29878100,50.5122,50.7060,48.2053,-0.0483,-0.0615,-0.0897,-0.0590,-0.1100,13.3248,0.0148,-0.0251,-0.0066,-0.2025,1.4692,1.8531,buy
2023-10-06,49.0358,30298900,48.0207,49.1742,47.5686,0.0145,-0.0507,-0.0774,-0.0377,-0.0944,17.6692,0.0164,-0.0267,-0.0068,0.0096,0.0141,1.7904,hold
2023-10-09,48.7959,15704700,48.8697,49.0450,48.0853,-0.0049,-0.0469,-0.0723,-0.0352,-0.0960,17.3646,0.0164,-0.0285,-0.0068,0.0462,-0.4817,0.9254,buy
2023-10-10,49.8570,20909700,49.9493,50.1339,49.4233,0.0217,-0.0155,-0.0442,-0.0097,-0.0740,25.5272,0.0188,-0.0271,-0.0047,0.2256,0.3314,1.2017,sell
2023-10-11,49.5617,21138900,50.0324,50.0877,48.9250,-0.0059,-0.0242,-0.0400,-0.0115,-0.0771,27.2835,0.0187,-0.0268,-0.0034,0.2157,0.0110,1.1859,sell
2023-10-12,48.7312,19330400,49.6079,49.6725,48.3806,-0.0168,0.0082,-0.0538,-0.0226,-0.0899,24.1639,0.0191,-0.0280,-0.0034,0.1429,-0.0856,1.0635,hold
2023-10-13,48.8051,14494600,48.6667,49.2941,48.5744,0.0015,-0.0047,-0.0552,-0.0155,-0.0859,26.5143,0.0190,-0.0281,-0.0028,0.1871,-0.2502,0.8995,buy
2023-10-16,49.3034,12816800,48.9250,49.4233,48.7589,0.0102,0.0104,-0.0370,-0.0017,-0.0744,32.4263,0.0196,-0.0268,-0.0014,0.2757,-0.1158,0.7973,buy
2023-10-17,49.8939,16457200,49.1926,49.9216,49.1004,0.0120,0.0007,-0.0148,0.0118,-0.0611,39.4144,0.0200,-0.0244,0.0006,0.3763,0.2840,1.0098,hold
2023-10-18,49.8755,12809500,49.9216,50.3184,49.7555,-0.0004,0.0063,-0.0180,0.0133,-0.0594,39.9543,0.0200,-0.0226,0.0019,0.3928,-0.2216,0.7907,hold
2023-10-19,50.1523,16202200,49.9770,50.5306,49.7002,0.0056,0.0292,0.0376,0.0152,-0.0521,40.8323,0.0114,-0.0203,0.0032,0.4588,0.2649,0.9993,buy
2023-10-20,50.3553,15686400,50.3184,50.7706,50.2354,0.0040,0.0318,0.0269,0.0166,-0.0463,44.7155,0.0107,-0.0180,0.0044,0.5224,-0.0318,0.9644,sell
2023-10-23,49.9032,21212700,50.1800,50.6506,49.8755,-0.0090,0.0122,0.0227,0.0052,-0.0527,45.2941,0.0111,-0.0169,0.0045,0.4539,0.3523,1.2696,buy
2023-10-24,51.3427,25290800,51.3519,51.8317,51.0289,0.0288,0.0290,0.0298,0.0311,-0.0237,53.0303,0.0126,-0.0131,0.0062,0.8039,0.1922,1.4524,buy
2023-10-25,51.7856,16701000,51.4534,51.8779,51.2689,0.0086,0.0383,0.0449,0.0354,-0.0140,74.2228,0.0123,-0.0095,0.0077,0.9027,-0.3396,0.9511,sell
2023-10-26,51.4719,16228400,52.0163,52.2562,51.4165,-0.0061,0.0263,0.0562,0.0235,-0.0185,68.0823,0.0106,-0.0072,0.0081,0.8298,-0.0283,0.9145,sell
2023-10-27,50.9736,13626500,51.2596,51.8041,50.8444,-0.0097,0.0123,0.0444,0.0093,-0.0263,65.5672,0.0116,-0.0061,0.0074,0.7297,-0.1603,0.7649,buy
2023-10-30,51.8133,15014300,51.1489,51.9332,51.1397,0.0165,0.0383,0.0509,0.0208,-0.0088,64.4414,0.0121,-0.0038,0.0076,0.9104,0.1018,0.8353,buy
2023-10-31,52.1270,16639400,52.2008,52.3393,51.8133,0.0061,0.0153,0.0448,0.0225,-0.0015,68.8858,0.0119,-0.0015,0.0079,0.9302,0.1082,0.9179,hold
2023-11-01,52.0809,14110800,52.4131,52.4869,51.9148,-0.0009,0.0057,0.0442,0.0172,-0.0013,77.8802,0.0119,0.0002,0.0077,0.8823,-0.1520,0.7741,buy
2023-11-02,52.6807,13087200,52.1363,52.7361,52.0071,0.0115,0.0235,0.0504,0.0239,0.0112,79.6610,0.0121,0.0025,0.0079,0.9477,-0.0725,0.7527,sell
2023-11-03,52.3577,13958700,52.9668,53.1421,52.3208,-0.0061,0.0272,0.0398,0.0136,0.0060,74.0204,0.0126,0.0037,0.0074,0.8435,0.0666,0.8424,buy
2023-11-06,52.5700,12673200,52.3946,52.8560,52.3577,0.0041,0.0146,0.0534,0.0125,0.0111,72.3766,0.0118,0.0050,0.0069,0.8483,-0.0921,0.7718,buy
2023-11-07,52.7637,10449300,52.5238,52.9667,52.3485,0.0037,0.0122,0.0277,0.0135,0.0159,73.4633,0.0084,0.0062,0.0064,0.8435,-0.1755,0.6573,hold
2023-11-08,52.6807,13744000,52.8929,53.0313,52.5238,-0.0016,0.0115,0.0173,0.0101,0.0154,71.2075,0.0082,0.0070,0.0058,0.7957,0.3153,0.8852,sell
2023-11-09,52.2839,12021100,52.6253,52.7268,52.0163,-0.0075,-0.0075,0.0158,0.0010,0.0089,65.6672,0.0084,0.0069,0.0046,0.7037,-0.1254,0.7929,hold
2023-11-10,52.3393,11678900,52.4777,52.5331,51.7302,0.0011,-0.0004,0.0268,-0.0006,0.0109,71.1539,0.0074,0.0068,0.0036,0.6987,-0.0285,0.7775,buy
2023-11-13,52.5330,12798200,52.2470,52.6899,52.2285,0.0037,-0.0007,0.0139,0.0017,0.0154,63.1902,0.0057,0.0070,0.0030,0.7244,0.0958,0.8521,buy
2023-11-14,52.6899,12697100,52.6161,52.8191,52.4223,0.0030,-0.0014,0.0108,0.0037,0.0189,60.6988,0.0055,0.0073,0.0026,0.7412,-0.0079,0.8561,buy
2023-11-15,52.7914,10201900,52.8745,52.9114,52.3669,0.0019,0.0021,0.0136,0.0042,0.0212,66.4368,0.0055,0.0075,0.0023,0.7496,-0.1965,0.6940,hold
2023-11-16,52.7361,16010400,52.8283,53.0867,52.4223,-0.0010,0.0086,0.0011,0.0031,0.0204,74.6772,0.0042,0.0076,0.0019,0.7178,0.5694,1.0898,buy
2023-11-17,52.8376,14475800,52.7730,52.9114,52.3208,0.0019,0.0095,0.0092,0.0041,0.0226,68.0783,0.0035,0.0077,0.0016,0.7333,-0.0959,0.9894,buy
2023-11-20,52.9667,13051000,52.6438,53.1328,52.5607,0.0024,0.0083,0.0075,0.0058,0.0255,65.8538,0.0034,0.0079,0.0015,0.8032,-0.0984,0.9176,buy
2023-11-21,53.5481,13891600,53.0221,53.5573,52.9022,0.0110,0.0163,0.0149,0.0153,0.0367,73.0438,0.0047,0.0087,0.0019,0.9966,0.0644,1.0175,buy
2023-11-22,53.9080,11320600,53.7603,54.0187,53.6404,0.0067,0.0212,0.0233,0.0198,0.0435,70.8466,0.0048,0.0098,0.0024,1.0397,-0.1851,0.8458,buy
2023-11-24,54.0464,4816000,53.9449,54.2125,53.8341,0.0026,0.0248,0.0337,0.0190,0.0461,80.6022,0.0033,0.0108,0.0027,1.0133,-0.5746,0.3759,sell
2023-11-27,53.9449,16246500,54.0187,54.1571,53.7696,-0.0019,0.0210,0.0307,0.0140,0.0439,75.9584,0.0037,0.0113,0.0026,0.9626,2.3734,1.2551,buy
2023-11-28,54.0556,13739600,53.8895,54.2863,53.8526,0.0021,0.0206,0.0290,0.0132,0.0460,75.1801,0.0037,0.0117,0.0024,0.9496,-0.1543,1.0667,sell
2023-11-29,53.7326,11263600,54.0556,54.1387,53.6127,-0.0060,0.0034,0.0198,0.0052,0.0397,68.7502,0.0046,0.0115,0.0017,0.7936,-0.1802,0.8931,buy
2023-11-30,54.3558,22727500,53.9094,54.3744,53.5745,0.0116,0.0083,0.0296,0.0139,0.0516,84.1724,0.0055,0.0120,0.0018,0.9673,1.0178,1.7426,buy
2023-12-01,54.5418,15371200,54.1977,54.5883,54.1698,0.0034,0.0092,0.0342,0.0139,0.0546,84.8263,0.0053,0.0125,0.0019,0.9574,-0.3237,1.1683,hold
2023-12-04,54.4767,14942200,54.4953,54.8395,54.3558,-0.0012,0.0099,0.0310,0.0096,0.0528,82.0366,0.0055,0.0128,0.0017,0.8860,-0.0279,1.1315,hold
2023-12-05,54.5604,11891500,54.4581,54.7186,54.3372,0.0015,0.0093,0.0301,0.0082,0.0536,81.5926,0.0055,0.0129,0.0015,0.8665,-0.2042,0.9031,hold
2023-12-06,54.5046,14868500,54.4674,54.6255,54.1419,-0.0010,0.0144,0.0179,0.0054,0.0516,79.3892,0.0049,0.0128,0.0011,0.8129,0.2503,1.1106,buy
2023-12-07,54.6349,11587900,54.5697,54.7744,54.3093,0.0024,0.0051,0.0135,0.0064,0.0529,81.7571,0.0046,0.0127,0.0008,0.8164,-0.2206,0.8726,sell
2023-12-08,54.5139,11178700,54.6349,54.6442,54.2907,-0.0022,-0.0005,0.0087,0.0033,0.0493,77.8563,0.0047,0.0124,0.0004,0.7572,-0.0353,0.8444,buy
2023-12-11,54.9139,14524800,54.7186,54.9604,54.4116,0.0073,0.0080,0.0180,0.0089,0.0557,79.6843,0.0050,0.0125,0.0004,0.8507,0.2993,1.0855,buy
2023-12-12,55.2673,12899000,55.0627,55.2673,54.7837,0.0064,0.0130,0.0224,0.0131,0.0608,78.1671,0.0052,0.0129,0.0008,0.9181,-0.1119,0.9637,buy
2023-12-13,55.7417,16196800,55.2952,55.8254,55.1185,0.0086,0.0227,0.0374,0.0181,0.0679,78.9567,0.0047,0.0137,0.0013,0.9967,0.2557,1.1944,sell
2023-12-14,54.9139,22478300,55.7789,55.8440,54.6628,-0.0149,0.0051,0.0103,0.0020,0.0503,61.2496,0.0067,0.0133,0.0006,0.7250,0.3878,1.5859,sell
2023-12-15,54.5046,65177400,54.7186,55.0348,53.7605,-0.0075,-0.0002,-0.0007,-0.0054,0.0401,56.7222,0.0072,0.0121,-0.0005,0.5734,1.8996,3.9187,buy
2023-12-18,54.8953,16717700,54.6907,55.3324,54.5232,0.0072,-0.0003,0.0077,0.0009,0.0452,59.4486,0.0075,0.0115,-0.0009,0.6980,-0.7435,0.9984,sell
2023-12-19,54.7186,14612200,54.8767,55.0627,54.5418,-0.0032,-0.0099,0.0029,-0.0026,0.0395,61.4718,0.0076,0.0107,-0.0013,0.6089,-0.1259,0.8686,sell
2023-12-20,53.5838,17701000,54.4116,54.5697,53.5466,-0.0207,-0.0387,-0.0169,-0.0216,0.0165,41.9729,0.0101,0.0085,-0.0031,0.0671,0.2114,1.0404,buy
2023-12-21,53.9373,11725100,53.8070,54.0117,53.4536,0.0066,-0.0178,-0.0128,-0.0139,0.0215,43.9252,0.0104,0.0069,-0.0036,0.2342,-0.3376,0.6884,buy
2023-12-22,54.2442,9029400,54.0582,54.3744,53.9652,0.0057,-0.0048,-0.0049,-0.0078,0.0252,47.7718,0.0106,0.0061,-0.0035,0.3748,-0.2299,0.5236,buy
2023-12-26,54.4674,6422500,54.0024,54.6069,54.0024,0.0041,-0.0078,-0.0081,-0.0029,0.0272,49.1320,0.0104,0.0057,-0.0031,0.4695,-0.2887,0.3834,hold
2023-12-27,54.6069,8560100,54.5418,54.6627,54.3186,0.0026,-0.0020,-0.0119,0.0008,0.0278,50.9401,0.0102,0.0056,-0.0026,0.5263,0.3328,0.5190,hold
2023-12-28,54.6441,8400100,54.5511,54.7558,54.4395,0.0007,0.0198,-0.0197,0.0035,0.0266,50.0869,0.0096,0.0054,-0.0022,0.5240,-0.0187,0.5137,buy
2023-12-29,54.8116,9244300,54.6349,54.8581,54.5325,0.0031,0.0162,-0.0019,0.0068,0.0279,52.7586,0.0085,0.0055,-0.0017,0.6055,0.1005,0.5897,buy
2024-01-02,55.6394,16322600,54.6907,55.6952,54.5697,0.0151,0.0257,0.0208,0.0199,0.0412,56.2300,0.0093,0.0066,-0.0003,0.9823,0.7657,1.0381,hold
2024-01-03,55.7696,14830600,55.7417,55.9928,55.5836,0.0023,0.0239,0.0159,0.0206,0.0416,54.4851,0.0092,0.0076,0.0006,0.9653,-0.0914,0.9435,sell
2024-01-04,55.5836,12912900,55.8533,56.0486,55.4906,-0.0033,0.0179,0.0158,0.0156,0.0359,48.5113,0.0092,0.0081,0.0008,0.8399,-0.1293,0.8189,hold
2024-01-05,55.4999,10412800,55.6208,55.7603,54.9604,-0.0015,0.0157,0.0358,0.0106,0.0327,56.4155,0.0051,0.0083,0.0008,0.7747,-0.1936,0.6698,buy
2024-01-08,55.9091,11554600,55.5092,55.9742,55.2673,0.0074,0.0200,0.0366,0.0144,0.0387,65.3769,0.0051,0.0089,0.0011,0.8914,0.1097,0.7433,sell
2024-01-09,55.8068,10493700,55.7975,55.9370,55.4533,-0.0018,0.0030,0.0288,0.0096,0.0352,60.6521,0.0053,0.0091,0.0011,0.8148,-0.0918,0.6765,buy
2024-01-10,55.9928,12258000,56.0114,56.1881,55.7882,0.0033,0.0040,0.0280,0.0102,0.0367,64.8590,0.0053,0.0094,0.0011,0.8450,0.1681,0.7961,sell
2024-01-11,55.6301,13754200,56.0393,56.0486,55.5185,-0.0065,0.0008,0.0187,0.0018,0.0285,79.1006,0.0061,0.0091,0.0006,0.7057,0.1221,0.8908,buy
2024-01-12,56.1695,13218000,55.8812,56.2346,55.6859,0.0097,0.0121,0.0279,0.0088,0.0370,80.1509,0.0065,0.0094,0.0008,0.8731,-0.0390,0.8644,sell
2024-01-16,55.7975,11826900,56.1695,56.2067,55.6673,-0.0066,-0.0020,0.0180,0.0003,0.0287,70.6174,0.0072,0.0091,0.0004,0.7272,-0.1052,0.8014,hold
2024-01-17,55.7975,8982100,55.6766,56.0021,55.6394,0.0000,-0.0002,0.0028,0.0000,0.0275,68.7665,0.0054,0.0088,0.0000,0.7056,-0.2405,0.7517,buy
2024-01-18,55.9556,10397700,55.5185,56.0207,55.3696,0.0028,-0.0007,0.0033,0.0025,0.0290,68.9296,0.0055,0.0086,-0.0001,0.7353,0.1576,0.8938,sell
2024-01-19,55.6487,14392600,56.0486,56.0672,55.4719,-0.0055,0.0003,0.0012,-0.0031,0.0222,63.1069,0.0057,0.0080,-0.0006,0.6216,0.3842,1.2384,sell
2024-01-22,55.4068,14314300,55.5836,55.8719,55.2859,-0.0043,-0.0136,-0.0017,-0.0072,0.0168,57.6191,0.0058,0.0070,-0.0013,0.5156,-0.0054,1.2499,buy
2024-01-23,55.6673,14481600,55.3696,55.8068,55.3045,0.0047,-0.0023,-0.0043,-0.0022,0.0205,50.4178,0.0055,0.0065,-0.0014,0.5947,0.0117,1.2494,sell
2024-01-24,54.7930,16370500,55.6208,55.6301,54.7744,-0.0157,-0.0180,-0.0182,-0.0160,0.0035,38.0409,0.0073,0.0049,-0.0025,0.1677,0.1304,1.3691,buy
2024-01-25,55.0255,14899700,54.8860,55.0348,54.5604,0.0042,-0.0166,-0.0173,-0.0101,0.0068,43.2432,0.0074,0.0039,-0.0028,0.2448,-0.0898,1.2034,buy
2024-01-26,55.2208,13025100,55.1092,55.3324,54.9976,0.0035,-0.0077,-0.0074,-0.0059,0.0094,46.7105,0.0074,0.0033,-0.0027,0.3148,-0.1258,1.0334,buy
2024-01-29,55.5557,14547100,55.1929,55.6115,55.0348,0.0061,0.0027,-0.0109,0.0012,0.0144,45.7589,0.0069,0.0032,-0.0022,0.4810,0.1169,1.1266,buy
2024-01-30,55.7138,22061500,55.6673,55.8254,55.2952,0.0028,0.0008,-0.0015,0.0042,0.0162,48.8988,0.0067,0.0034,-0.0016,0.5647,0.5166,1.6278,sell
2024-01-31,55.3324,22837000,55.8998,56.2253,55.1464,-0.0068,0.0098,-0.0083,-0.0018,0.0083,42.5263,0.0070,0.0030,-0.0016,0.2891,0.0352,1.6455,buy
2024-02-01,56.7183,15870900,55.4068,56.7462,55.2115,0.0250,0.0308,0.0136,0.0218,0.0321,60.0000,0.0108,0.0045,-0.0000,1.1376,-0.3050,1.1393,sell
2024-02-02,56.3091,17544900,56.5695,56.6160,56.0207,-0.0072,0.0197,0.0119,0.0132,0.0234,51.3134,0.0109,0.0051,0.0005,0.8488,0.1055,1.2389,sell
2024-02-05,55.8440,12759600,56.1602,56.1602,55.6952,-0.0083,0.0052,0.0079,0.0041,0.0141,50.4303,0.0112,0.0049,0.0002,0.5740,-0.2727,0.8936,hold
2024-02-06,55.7510,12775200,55.7696,55.8533,55.5092,-0.0017,0.0007,0.0015,0.0022,0.0118,49.5769,0.0112,0.0046,-0.0002,0.5254,0.0012,0.8908,hold
2024-02-07,55.7975,10259900,55.8719,56.0021,55.7510,0.0008,0.0084,0.0183,0.0013,0.0120,48.5321,0.0097,0.0043,-0.0003,0.5524,-0.1969,0.7160,hold
2024-02-08,55.6487,12874800,55.7045,55.7789,55.2580,-0.0027,-0.0189,0.0113,-0.0025,0.0086,50.0000,0.0097,0.0038,-0.0007,0.4764,0.2549,0.8966,sell
2024-02-09,55.3975,15235300,55.3138,55.4161,54.9046,-0.0045,-0.0162,0.0032,-0.0073,0.0036,49.9111,0.0098,0.0030,-0.0012,0.3388,0.1833,1.0555,hold
2024-02-12,55.5278,13516800,55.4906,55.5836,54.8395,0.0024,-0.0057,-0.0005,-0.0050,0.0053,48.6339,0.0097,0.0026,-0.0013,0.4299,-0.1128,0.9355,sell
2024-02-13,55.2022,24195700,55.3417,56.4207,54.6814,-0.0059,-0.0098,-0.0092,-0.0099,-0.0009,54.4898,0.0098,0.0017,-0.0017,0.2591,0.7900,1.6059,hold
2024-02-14,55.1464,15872500,55.0348,55.4254,54.9139,-0.0010,-0.0117,-0.0034,-0.0105,-0.0021,51.3801,0.0095,0.0009,-0.0020,0.2514,-0.3440,1.0299,hold
2024-02-15,55.2487,13695800,55.2673,55.4254,54.9976,0.0019,-0.0072,-0.0259,-0.0061,-0.0006,50.3254,0.0038,0.0005,-0.0020,0.3285,-0.1371,0.8793,hold
2024-02-16,55.2394,13947100,55.2022,55.4533,54.8395,-0.0002,-0.0029,-0.0190,-0.0043,-0.0010,46.0094,0.0034,0.0001,-0.0019,0.3367,0.0183,0.8967,buy
2024-02-20,56.4579,18339300,55.4348,56.5881,55.3510,0.0221,0.0168,0.0110,0.0165,0.0203,57.4074,0.0078,0.0015,-0.0003,0.9518,0.3149,1.1640,buy
2024-02-21,56.9601,14373000,56.7276,56.9973,56.5788,0.0089,0.0318,0.0217,0.0233,0.0286,65.8227,0.0081,0.0033,0.0012,1.0713,-0.2163,0.9126,hold
2024-02-22,56.8764,12982800,56.7276,56.9694,56.2718,-0.0015,0.0314,0.0193,0.0198,0.0262,52.0581,0.0082,0.0045,0.0019,0.9687,-0.0967,0.8333,hold
2024-02-23,56.9229,13612900,56.8206,57.3136,56.7369,0.0008,0.0303,0.0229,0.0183,0.0263,58.8235,0.0080,0.0055,0.0023,0.9281,0.0485,0.8773,sell
2024-02-26,56.4672,10336100,56.9601,56.9880,56.4207,-0.0080,0.0222,0.0193,0.0083,0.0176,58.9810,0.0084,0.0056,0.0019,0.7238,-0.2407,0.6720,sell
2024-02-27,56.1230,9931100,56.3091,56.5323,55.9184,-0.0061,-0.0059,0.0107,0.0010,0.0113,54.9999,0.0088,0.0052,0.0012,0.5757,-0.0392,0.6555,hold
2024-02-28,56.1788,8076500,56.1509,56.2626,55.8626,0.0010,-0.0137,0.0177,0.0003,0.0118,55.1122,0.0085,0.0048,0.0006,0.5888,-0.1867,0.5589,sell
2024-02-29,55.8254,18152700,56.1323,56.4021,55.7138,-0.0063,-0.0185,0.0123,-0.0072,0.0050,52.2459,0.0088,0.0040,-0.0002,0.4354,1.2476,1.2768,sell
2024-03-01,55.3696,10927600,55.7138,55.7138,55.1929,-0.0082,-0.0273,0.0022,-0.0155,-0.0034,49.6629,0.0093,0.0027,-0.0012,0.2712,-0.3980,0.7822,buy
2024-03-04,55.6301,10150200,55.0906,55.7603,55.0813,0.0047,-0.0148,0.0071,-0.0116,0.0010,51.1983,0.0094,0.0019,-0.0016,0.3940,-0.0711,0.7463,sell
2024-03-05,55.3603,12310000,55.7231,55.9091,55.2673,-0.0048,-0.0136,-0.0194,-0.0144,-0.0045,51.8764,0.0058,0.0009,-0.0020,0.2941,0.2128,0.9066,hold
2024-03-06,55.3882,12378800,55.3603,55.8068,55.2301,0.0005,-0.0141,-0.0276,-0.0112,-0.0046,52.8888,0.0045,0.0002,-0.0022,0.3159,0.0056,0.9130,sell
2024-03-07,55.2859,13686900,55.5185,55.5929,55.0999,-0.0018,-0.0097,-0.0280,-0.0102,-0.0068,50.4444,0.0045,-0.0005,-0.0024,0.2888,0.1057,0.9969,buy
2024-03-08,55.3603,13239000,55.1557,55.6115,54.8488,0.0013,-0.0002,-0.0275,-0.0061,-0.0057,51.4223,0.0045,-0.0010,-0.0023,0.3264,-0.0327,0.9630,buy
2024-03-11,56.0300,14114300,55.6022,56.0765,55.4162,0.0121,0.0072,-0.0077,0.0067,0.0058,44.2212,0.0061,-0.0004,-0.0013,0.5799,0.0661,1.0308,buy
2024-03-12,56.2719,12684600,56.1044,56.5044,56.0021,0.0043,0.0165,0.0027,0.0108,0.0095,40.0002,0.0060,0.0005,-0.0004,0.6608,-0.1013,0.9293,buy
2024-03-13,56.8485,13909500,56.6253,56.9322,56.5509,0.0102,0.0264,0.0119,0.0199,0.0191,49.6454,0.0068,0.0019,0.0009,0.8485,0.0966,1.0589,sell
2024-03-14,56.7220,13996600,56.7970,57.0032,56.6282,-0.0022,0.0260,0.0161,0.0160,0.0165,47.4968,0.0064,0.0028,0.0014,0.7719,0.0063,1.0732,sell
2024-03-15,56.1407,36849900,56.2719,56.6751,55.9157,-0.0102,0.0141,0.0139,0.0042,0.0059,46.0568,0.0068,0.0027,0.0011,0.5277,1.6328,2.5951,buy
2024-03-18,56.3751,15856700,56.1500,56.6282,56.0657,0.0042,0.0062,0.0134,0.0071,0.0098,53.1267,0.0067,0.0029,0.0010,0.6055,-0.5697,1.1092,hold
2024-03-19,56.4688,15030600,56.4782,56.5813,56.3094,0.0017,0.0035,0.0200,0.0068,0.0111,53.5638,0.0064,0.0032,0.0010,0.6455,-0.0521,1.0637,buy
2024-03-20,56.9563,15258800,56.4219,57.0126,56.4032,0.0086,0.0019,0.0283,0.0126,0.0195,63.4563,0.0067,0.0040,0.0015,0.8552,0.0152,1.0765,sell
2024-03-21,56.6938,13067100,56.7782,57.1813,56.5532,-0.0046,-0.0005,0.0255,0.0054,0.0145,66.5151,0.0069,0.0043,0.0014,0.7510,-0.1436,0.9216,hold
2024-03-22,56.7126,11502800,56.7407,56.9938,56.6563,0.0003,0.0102,0.0244,0.0034,0.0145,64.3670,0.0070,0.0045,0.0013,0.7704,-0.1197,0.8174,hold
2024-03-25,56.6282,13144700,56.7032,56.9188,56.3657,-0.0015,0.0045,0.0107,0.0008,0.0127,67.6978,0.0061,0.0044,0.0010,0.7262,0.1427,0.9248,buy
2024-03-26,56.7594,13277400,56.7219,56.9188,56.6094,0.0023,0.0051,0.0087,0.0023,0.0148,68.6036,0.0061,0.0045,0.0009,0.7620,0.0101,0.9233,buy
2024-03-27,57.2189,12551200,56.9938,57.5939,56.9095,0.0081,0.0046,0.0065,0.0097,0.0225,73.9081,0.0057,0.0052,0.0012,0.9043,-0.0547,0.8594,buy
2024-03-28,57.3595,13683500,57.3220,57.4345,57.1907,0.0025,0.0117,0.0112,0.0111,0.0244,74.3287,0.0057,0.0058,0.0015,0.9018,0.0902,0.9515,sell
2024-04-01,56.8907,11668700,57.3595,57.4720,56.8438,-0.0082,0.0031,0.0134,0.0015,0.0157,61.0126,0.0052,0.0057,0.0011,0.7062,-0.1472,0.8093,sell
2024-04-02,56.3938,13017300,56.6751,56.9376,56.3563,-0.0087,-0.0041,0.0003,-0.0073,0.0066,51.4647,0.0060,0.0048,0.0001,0.5002,0.1156,0.8940,sell
2024-04-03,56.0938,13672900,56.3000,56.6188,56.0469,-0.0053,-0.0117,-0.0066,-0.0119,0.0010,40.2895,0.0062,0.0036,-0.0009,0.3559,0.0504,0.9346,sell
2024-04-04,55.5969,14320700,56.3376,56.3938,55.4750,-0.0089,-0.0283,-0.0239,-0.0183,-0.0079,36.7841,0.0057,0.0019,-0.0021,0.1268,0.0474,0.9724,buy
2024-04-05,55.7938,10157800,55.5500,55.9532,55.2312,0.0035,-0.0273,-0.0159,-0.0133,-0.0047,45.5205,0.0059,0.0008,-0.0025,0.1770,-0.2907,0.6981,sell
2024-04-08,55.5688,10284500,55.6906,55.7563,55.3813,-0.0040,-0.0232,-0.0202,-0.0153,-0.0089,39.5631,0.0059,-0.0003,-0.0030,0.0448,0.0125,0.7141,buy
2024-04-09,55.9907,10779100,55.7656,56.0094,55.4375,0.0076,-0.0071,-0.0113,-0.0067,-0.0016,44.2953,0.0067,-0.0006,-0.0026,0.2584,0.0481,0.7572,sell
2024-04-10,55.2406,11861900,55.6156,55.6813,55.0250,-0.0134,-0.0152,-0.0268,-0.0173,-0.0149,30.7369,0.0076,-0.0020,-0.0032,-0.0180,0.1005,0.8357,hold
2024-04-11,55.3625,11109000,55.4563,55.6625,55.1187,0.0022,-0.0042,-0.0324,-0.0119,-0.0126,34.5653,0.0068,-0.0028,-0.0032,0.0944,-0.0635,0.7904,sell
2024-04-12,54.6406,12250900,55.2687,55.3250,54.4999,-0.0130,-0.0207,-0.0474,-0.0200,-0.0252,29.3457,0.0071,-0.0045,-0.0039,-0.0648,0.1028,0.8771,sell
2024-04-15,54.5093,12425000,54.9500,55.1375,54.4156,-0.0024,-0.0191,-0.0419,-0.0182,-0.0268,29.0740,0.0071,-0.0060,-0.0043,-0.0108,0.0142,0.9748,hold
2024-04-16,54.4343,11236800,54.6125,54.7343,54.3124,-0.0014,-0.0278,-0.0347,-0.0161,-0.0275,26.7791,0.0069,-0.0072,-0.0044,0.0440,-0.0956,0.8979,buy
2024-04-17,54.8562,13805100,54.6406,54.9031,54.4718,0.0078,-0.0070,-0.0221,-0.0062,-0.0196,26.2264,0.0077,-0.0074,-0.0037,0.1959,0.2286,1.1085,buy
2024-04-18,55.2312,11125900,54.9594,55.2969,54.8843,0.0068,-0.0024,-0.0066,0.0012,-0.0127,29.5496,0.0078,-0.0069,-0.0026,0.3172,-0.1941,0.9085,buy
2024-04-19,56.4126,21207900,55.4094,56.5907,55.3156,0.0214,0.0324,0.0111,0.0215,0.0082,45.9588,0.0105,-0.0046,-0.0003,0.6462,0.9062,1.6760,buy
2024-04-22,56.7688,15624500,56.3844,56.8438,55.9907,0.0063,0.0415,0.0216,0.0257,0.0141,53.2468,0.0104,-0.0024,0.0015,0.7434,-0.2633,1.2149,hold
2024-04-23,56.8532,13689100,56.7501,56.8907,56.3751,0.0015,0.0444,0.0154,0.0257,0.0151,56.8297,0.0102,-0.0006,0.0027,0.7604,-0.1239,1.0622,buy
2024-04-24,57.7064,19548300,56.5532,57.8001,56.1032,0.0150,0.0520,0.0446,0.0364,0.0295,67.8289,0.0095,0.0020,0.0042,0.9468,0.4280,1.4808,buy
2024-04-25,57.8845,19048500,58.0064,58.6814,57.5376,0.0031,0.0480,0.0456,0.0350,0.0317,67.7265,0.0095,0.0043,0.0051,0.9580,-0.0256,1.4083,hold
2024-04-26,57.8845,10994300,57.7064,58.0626,57.5189,0.0000,0.0261,0.0594,0.0290,0.0307,70.4132,0.0075,0.0060,0.0055,0.9340,-0.4228,0.8210,buy
2024-04-29,58.1658,13409300,58.0533,58.1752,57.6876,0.0049,0.0246,0.0671,0.0273,0.0346,69.6610,0.0070,0.0077,0.0057,0.9475,0.2197,0.9949,sell
2024-04-30,57.9126,19349200,58.2595,58.9065,57.6314,-0.0044,0.0186,0.0639,0.0166,0.0292,76.5363,0.0074,0.0086,0.0053,0.8562,0.4430,1.4026,buy
2024-05-01,58.0627,16729800,57.9408,58.6627,57.3876,0.0026,0.0062,0.0585,0.0135,0.0312,76.6667,0.0075,0.0093,0.0048,0.8465,-0.1354,1.1995,hold
2024-05-02,58.1189,10991300,58.2970,58.5033,57.8658,0.0010,0.0040,0.0523,0.0094,0.0318,89.5523,0.0076,0.0099,0.0043,0.8199,-0.3430,0.7975,buy
2024-05-03,58.2877,11628700,58.1189,58.4377,57.7908,0.0029,0.0070,0.0332,0.0091,0.0343,92.6005,0.0050,0.0105,0.0039,0.8148,0.0580,0.8393,buy
2024-05-06,58.4564,9310700,58.4095,58.4846,58.0345,0.0029,0.0050,0.0297,0.0090,0.0367,94.4099,0.0049,0.0110,0.0036,0.8089,-0.1993,0.6744,buy
2024-05-07,58.7096,9807000,58.8408,58.8971,58.3627,0.0043,0.0138,0.0327,0.0102,0.0404,94.1935,0.0049,0.0116,0.0034,0.8157,0.0533,0.7128,buy
2024-05-08,58.9252,10484400,58.9252,59.0377,58.5783,0.0037,0.0149,0.0211,0.0118,0.0432,93.9732,0.0027,0.0122,0.0032,0.8152,0.0691,0.7659,hold
2024-05-09,58.9533,9113700,58.8877,59.2065,58.8314,0.0005,0.0144,0.0185,0.0104,0.0426,91.6923,0.0027,0.0127,0.0029,0.7885,-0.1307,0.6707,buy
2024-05-10,59.3096,8371700,58.9908,59.4034,58.8689,0.0060,0.0175,0.0246,0.0140,0.0477,91.6923,0.0029,0.0133,0.0029,0.8170,-0.0814,0.6250,buy
2024-05-13,59.6096,10137600,59.2908,59.6471,59.2346,0.0051,0.0197,0.0248,0.0166,0.0514,92.2414,0.0029,0.0140,0.0029,0.8422,0.2109,0.7633,sell
2024-05-14,59.1596,10852200,59.6096,59.7784,58.8783,-0.0075,0.0077,0.0215,0.0068,0.0421,75.4099,0.0038,0.0139,0.0022,0.7541,0.0705,0.8183,hold
2024-05-15,59.1877,9838900,59.1221,59.4315,59.0658,0.0005,0.0045,0.0194,0.0054,0.0412,74.0485,0.0038,0.0137,0.0016,0.7535,-0.0934,0.7532,buy
2024-05-16,59.3659,10228000,59.2908,59.7502,59.1315,0.0030,0.0070,0.0215,0.0063,0.0429,75.6494,0.0038,0.0135,0.0012,0.8001,0.0395,0.7857,sell
2024-05-17,59.0940,11539000,59.3846,59.4127,59.0096,-0.0046,-0.0036,0.0138,0.0003,0.0367,66.1238,0.0044,0.0130,0.0005,0.7105,0.1282,0.9206,sell
2024-05-20,58.6627,11000900,59.0002,59.0752,58.5596,-0.0073,-0.0159,0.0035,-0.0074,0.0280,62.2700,0.0051,0.0118,-0.0006,0.5526,-0.0466,0.8941,buy
2024-05-21,58.9815,9796200,58.8971,59.0471,58.5408,0.0054,-0.0030,0.0046,-0.0024,0.0325,64.2442,0.0052,0.0111,-0.0010,0.6535,-0.1095,0.8090,hold
2024-05-22,59.0658,7419400,58.7939,59.0846,58.7471,0.0014,-0.0021,0.0024,-0.0012,0.0330,64.5534,0.0051,0.0106,-0.0012,0.6704,-0.2426,0.6450,sell
2024-05-23,58.2127,9834300,58.5877,58.9533,58.1752,-0.0144,-0.0194,-0.0126,-0.0144,0.0176,49.0476,0.0069,0.0090,-0.0023,0.2676,0.3255,0.8906,hold
2024-05-24,58.1283,8203100,58.3345,58.5220,58.1002,-0.0014,-0.0163,-0.0199,-0.0139,0.0156,45.7420,0.0064,0.0075,-0.0031,0.2127,-0.1659,0.7524,sell
2024-05-28,57.9595,12347000,57.9314,58.2502,57.5657,-0.0029,-0.0120,-0.0277,-0.0140,0.0120,40.0498,0.0059,0.0060,-0.0037,0.1450,0.5052,1.1381,sell
2024-05-29,57.8470,11861800,57.6314,58.0158,57.2564,-0.0019,-0.0192,-0.0222,-0.0137,0.0095,35.2941,0.0057,0.0046,-0.0041,0.0973,-0.0393,1.1324,buy
2024-05-30,58.1002,9433800,57.9876,58.2033,57.7533,0.0044,-0.0163,-0.0184,-0.0075,0.0134,39.0362,0.0060,0.0037,-0.0040,0.2140,-0.2047,0.9331,buy
2024-05-31,59.0002,19816600,58.1189,59.0940,57.8376,0.0155,0.0135,-0.0062,0.0085,0.0283,46.5116,0.0081,0.0042,-0.0027,0.6210,1.1006,1.8781,hold
2024-06-03,59.0002,9369000,58.7939,59.1502,58.5502,0.0000,0.0150,-0.0016,0.0086,0.0275,42.6303,0.0079,0.0046,-0.0018,0.6056,-0.5272,0.8976,buy
2024-06-04,59.9471,11895600,59.2533,59.9753,59.0096,0.0160,0.0343,0.0219,0.0226,0.0428,58.5020,0.0090,0.0060,-0.0003,0.9835,0.2697,1.1257,hold
2024-06-05,59.9284,9632500,59.9940,60.0690,59.3940,-0.0003,0.0360,0.0161,0.0206,0.0413,58.0121,0.0089,0.0071,0.0007,0.9135,-0.1902,0.9123,buy
2024-06-06,60.1440,8658500,59.9284,60.3409,59.8534,0.0036,0.0352,0.0183,0.0224,0.0438,58.3500,0.0089,0.0081,0.0014,0.9352,-0.1011,0.8272,sell
2024-06-07,59.9190,9523100,60.0878,60.2096,59.8253,-0.0037,0.0156,0.0293,0.0156,0.0389,58.9430,0.0072,0.0086,0.0014,0.8175,0.0999,0.9080,sell
2024-06-10,59.6190,15685300,59.9471,59.9940,59.4127,-0.0050,0.0105,0.0256,0.0080,0.0329,60.6693,0.0076,0.0085,0.0010,0.7019,0.6471,1.4452,hold
2024-06-11,59.5815,8396000,59.6190,59.6753,59.1315,-0.0006,-0.0061,0.0280,0.0046,0.0313,57.1429,0.0074,0.0082,0.0006,0.6894,-0.4647,0.7798,sell
2024-06-12,58.9533,9569600,59.7127,59.7127,58.7752,-0.0105,-0.0163,0.0191,-0.0078,0.0195,48.8142,0.0085,0.0071,-0.0004,0.4712,0.1398,0.8942,hold
2024-06-13,59.0565,9668900,58.9346,59.1033,58.5502,0.0017,-0.0181,0.0165,-0.0077,0.0203,60.5635,0.0084,0.0063,-0.0010,0.5100,0.0104,0.9041,hold
2024-06-14,59.0990,8179200,58.9384,59.2313,58.6644,0.0007,-0.0137,0.0017,-0.0072,0.0198,62.2807,0.0069,0.0056,-0.0014,0.5299,-0.1541,0.7722,hold
2024-06-17,59.1651,10532700,58.9289,59.4297,58.7494,0.0011,-0.0076,0.0028,-0.0063,0.0197,65.6591,0.0069,0.0051,-0.0015,0.5521,0.2877,0.9992,hold
2024-06-18,59.1746,10651700,59.0801,59.3541,58.9950,0.0002,-0.0068,-0.0129,-0.0049,0.0186,67.7175,0.0041,0.0046,-0.0015,0.5467,0.0113,1.0122,sell
2024-06-20,58.7494,13306300,58.9572,59.2785,58.5321,-0.0072,-0.0035,-0.0197,-0.0101,0.0103,58.2842,0.0045,0.0037,-0.0020,0.3991,0.2492,1.2437,buy
2024-06-21,59.3068,28278100,58.7494,59.6186,58.7494,0.0095,0.0042,-0.0139,0.0007,0.0185,54.2876,0.0056,0.0036,-0.0016,0.5931,1.1252,2.4083,buy
2024-06-24,60.4406,13212500,59.5147,60.5257,59.4391,0.0191,0.0227,0.0087,0.0190,0.0362,65.2922,0.0084,0.0049,-0.0002,0.9334,-0.5328,1.1093,hold
2024-06-25,60.3178,10235300,60.4123,60.5351,60.0060,-0.0020,0.0195,0.0117,0.0157,0.0321,54.7698,0.0083,0.0059,0.0006,0.8541,-0.2253,0.8520,buy
2024-06-26,60.5162,9402500,59.9021,60.5729,59.7415,0.0033,0.0227,0.0157,0.0175,0.0333,57.2301,0.0083,0.0067,0.0012,0.8866,-0.0814,0.7924,hold
2024-06-27,60.3839,8494100,60.5162,60.7241,60.1099,-0.0022,0.0278,0.0243,0.0128,0.0290,53.0127,0.0072,0.0072,0.0013,0.8270,-0.0966,0.7262,sell
2024-06-28,60.1383,17358800,60.3745,60.5257,60.0155,-0.0041,0.0140,0.0183,0.0068,0.0229,52.7393,0.0075,0.0072,0.0010,0.7216,1.0436,1.4354,sell
2024-07-01,59.7887,10033400,60.4973,60.7524,59.6375,-0.0058,-0.0108,0.0117,-0.0002,0.0154,52.0941,0.0079,0.0066,0.0003,0.5563,-0.4220,0.8646,hold
2024-07-02,59.6659,8878200,59.7698,59.8832,59.3919,-0.0021,-0.0108,0.0085,-0.0030,0.0122,51.0197,0.0080,0.0059,-0.0003,0.4867,-0.1151,0.7667,buy
2024-07-03,59.8359,9154200,59.7037,60.1572,59.4580,0.0029,-0.0112,0.0112,-0.0013,0.0141,61.9942,0.0080,0.0055,-0.0005,0.5679,0.0311,0.8000,buy
2024-07-05,60.2422,11735500,59.8359,60.2706,59.5242,0.0068,-0.0023,0.0254,0.0030,0.0198,64.8872,0.0076,0.0057,-0.0003,0.7432,0.2820,1.0163,sell
2024-07-08,59.4864,11235100,60.0816,60.0816,59.3730,-0.0125,-0.0108,0.0030,-0.0099,0.0064,54.1247,0.0085,0.0048,-0.0010,0.4147,-0.0426,0.9622,sell
2024-07-09,59.2312,11657500,59.5808,59.7415,59.1368,-0.0043,-0.0093,-0.0200,-0.0122,0.0016,50.6770,0.0054,0.0037,-0.0017,0.3152,0.0376,0.9893,buy
2024-07-10,59.3635,11930400,59.2596,59.3919,58.8533,0.0022,-0.0051,-0.0158,-0.0084,0.0033,51.8868,0.0056,0.0029,-0.0020,0.3819,0.0234,1.0289,buy
2024-07-11,59.6186,11431600,59.1840,59.9588,58.9572,0.0043,-0.0036,-0.0148,-0.0026,0.0071,58.9843,0.0057,0.0026,-0.0018,0.4963,-0.0418,0.9731,buy
2024-07-12,60.1855,9201500,59.9588,60.5729,59.8926,0.0095,-0.0009,-0.0033,0.0072,0.0159,59.0643,0.0066,0.0031,-0.0010,0.7291,-0.1951,0.7845,sell
2024-07-15,59.9115,8207500,60.2706,60.4123,59.8548,-0.0046,0.0071,-0.0038,0.0030,0.0107,43.3649,0.0067,0.0031,-0.0008,0.5862,-0.1080,0.7042,buy
2024-07-16,60.7241,9025100,59.9304,60.7619,59.8926,0.0136,0.0252,0.0156,0.0150,0.0235,54.3434,0.0077,0.0041,0.0002,0.9176,0.0996,0.7715,buy
2024-07-17,61.6122,12508200,60.9130,61.7823,60.8564,0.0146,0.0379,0.0326,0.0265,0.0373,60.2112,0.0085,0.0059,0.0017,1.1391,0.3859,1.0603,hold
2024-07-18,61.5933,11128200,61.2248,62.1791,61.1493,-0.0003,0.0331,0.0294,0.0232,0.0359,61.5108,0.0086,0.0073,0.0024,1.0282,-0.1103,0.9414,hold
2024-07-19,61.6878,13775700,62.0185,62.0185,61.2437,0.0015,0.0250,0.0240,0.0223,0.0364,65.1851,0.0085,0.0084,0.0029,0.9974,0.2379,1.1631,sell
2024-07-22,61.1965,11794200,61.6500,61.6878,60.7713,-0.0080,0.0214,0.0287,0.0113,0.0274,63.4234,0.0077,0.0087,0.0024,0.8011,-0.1438,1.0703,buy
2024-07-23,61.3760,11810300,61.8201,62.3964,61.2721,0.0029,0.0107,0.0362,0.0107,0.0296,66.1319,0.0073,0.0089,0.0021,0.8289,0.0014,1.0786,buy
2024-07-24,62.1791,13244600,61.4988,62.3303,61.2532,0.0131,0.0092,0.0474,0.0192,0.0420,69.7451,0.0079,0.0099,0.0026,0.9920,0.1214,1.1932,buy
2024-07-25,62.4248,16328600,62.3964,63.1995,62.2264,0.0040,0.0135,0.0471,0.0185,0.0452,68.9034,0.0079,0.0110,0.0029,0.9775,0.2328,1.4265,buy
2024-07-26,63.3507,13530100,62.4248,63.4074,62.3681,0.0148,0.0270,0.0526,0.0283,0.0592,82.5119,0.0084,0.0127,0.0038,1.0692,-0.1714,1.1566,sell
2024-07-29,63.1428,12140200,63.1901,63.3318,62.7271,-0.0033,0.0318,0.0539,0.0196,0.0543,83.1731,0.0082,0.0138,0.0039,0.9492,-0.1027,1.0614,buy
2024-07-30,63.9459,13258000,62.8122,64.0877,62.6988,0.0127,0.0419,0.0531,0.0272,0.0661,84.8921,0.0081,0.0153,0.0044,1.0060,0.0921,1.1431,sell
2024-07-31,63.0578,15576800,63.7759,63.8798,62.9350,-0.0139,0.0141,0.0235,0.0106,0.0499,73.8845,0.0094,0.0155,0.0036,0.8154,0.1749,1.3053,buy
2024-08-01,64.2105,16495900,63.3035,64.3522,63.0200,0.0183,0.0286,0.0425,0.0248,0.0671,75.8495,0.0106,0.0165,0.0039,0.9425,0.0590,1.3410,buy
2024-08-02,65.5049,22514800,64.7490,65.8262,63.9554,0.0202,0.0340,0.0619,0.0391,0.0863,81.7597,0.0116,0.0186,0.0049,1.0330,0.3649,1.7535,sell
2024-08-05,64.3428,25484300,65.1837,65.7128,63.9932,-0.0177,0.0190,0.0514,0.0156,0.0651,69.7626,0.0132,0.0192,0.0042,0.8339,0.1319,1.8805,hold
2024-08-06,64.2955,12969100,64.3900,65.0419,64.0310,-0.0007,0.0055,0.0476,0.0102,0.0622,66.1365,0.0133,0.0191,0.0033,0.7997,-0.4911,0.9524,buy
2024-08-07,64.6829,13365300,64.2955,65.3632,64.0877,0.0060,0.0258,0.0403,0.0123,0.0663,67.7911,0.0130,0.0192,0.0028,0.8258,0.0305,0.9763,buy
2024-08-08,64.9380,15240900,64.2483,65.0608,64.1066,0.0039,0.0113,0.0403,0.0123,0.0681,68.3761,0.0130,0.0193,0.0024,0.8341,0.1403,1.0981,hold
2024-08-09,64.8908,12080400,64.9097,64.9947,64.4845,-0.0007,-0.0094,0.0243,0.0092,0.0648,71.9911,0.0125,0.0193,0.0019,0.7997,-0.2074,0.8614,sell
2024-08-12,64.4089,11012300,64.6734,64.7585,64.0877,-0.0074,0.0010,0.0201,-0.0003,0.0547,67.4266,0.0128,0.0185,0.0008,0.7082,-0.0884,0.7775,buy
2024-08-13,64.6829,9877600,64.3239,64.8246,64.2577,0.0043,0.0060,0.0115,0.0028,0.0572,65.3179,0.0123,0.0179,0.0002,0.7343,-0.1030,0.6953,hold
2024-08-14,64.7963,14328000,64.4656,65.0892,64.3711,0.0018,0.0018,0.0276,0.0019,0.0571,64.7473,0.0111,0.0173,-0.0003,0.7312,0.4506,1.0021,hold
2024-08-15,64.8624,11285100,64.8341,65.1175,64.7207,0.0010,-0.0012,0.0102,0.0019,0.0565,60.5263,0.0097,0.0168,-0.0006,0.7214,-0.2124,0.7889,buy
2024-08-16,65.3632,12651200,65.0419,65.4766,64.8530,0.0077,0.0073,-0.0022,0.0098,0.0628,64.8545,0.0075,0.0167,-0.0005,0.7905,0.1211,0.8878,sell
2024-08-19,65.1742,9843900,65.5238,65.5899,65.0514,-0.0029,0.0119,0.0129,0.0056,0.0580,58.9531,0.0045,0.0163,-0.0007,0.7406,-0.2219,0.6956,buy
2024-08-20,65.5521,11957400,65.1837,65.5616,64.9758,0.0058,0.0134,0.0195,0.0095,0.0621,69.6427,0.0046,0.0162,-0.0006,0.8200,0.2147,0.8445,buy
2024-08-21,65.7317,8792400,65.6466,66.2608,65.5049,0.0027,0.0144,0.0162,0.0106,0.0630,64.1475,0.0044,0.0162,-0.0005,0.8502,-0.2647,0.6309,sell
2024-08-22,65.5049,12509200,66.0624,66.0624,64.9947,-0.0034,0.0099,0.0087,0.0063,0.0573,50.0000,0.0046,0.0158,-0.0007,0.7791,0.4227,0.9100,buy
2024-08-23,65.9395,11834700,65.5710,65.9962,65.1364,0.0066,0.0088,0.0162,0.0113,0.0619,72.2956,0.0049,0.0157,-0.0006,0.8790,-0.0539,0.8663,buy
2024-08-26,66.9316,12912200,65.9773,67.0072,65.8828,0.0150,0.0270,0.0392,0.0226,0.0751,79.1230,0.0054,0.0164,0.0003,1.0990,0.0910,0.9425,buy
2024-08-27,67.5552,16988400,67.3851,67.5835,67.1300,0.0093,0.0306,0.0444,0.0276,0.0822,80.1585,0.0057,0.0176,0.0013,1.1198,0.3157,1.2234,buy
2024-08-28,67.7914,13272600,67.6591,67.8481,67.3662,0.0035,0.0313,0.0462,0.0265,0.0830,80.0795,0.0056,0.0186,0.0019,1.0920,-0.2187,0.9638,buy
2024-08-29,68.0748,17201700,67.9331,68.2354,67.3001,0.0042,0.0392,0.0495,0.0258,0.0844,81.9732,0.0055,0.0196,0.0023,1.0459,0.2960,1.2460,buy
2024-08-30,68.4717,18624200,68.2166,68.5662,67.8197,0.0058,0.0384,0.0476,0.0270,0.0874,91.5059,0.0054,0.0205,0.0027,1.0222,0.0827,1.3683,buy
2024-09-03,68.9819,14755800,68.4433,69.2464,68.2638,0.0075,0.0306,0.0584,0.0288,0.0921,91.8970,0.0048,0.0215,0.0030,1.0171,-0.2077,1.1285,sell
2024-09-04,68.5567,18140800,69.2559,69.4732,67.9426,-0.0062,0.0148,0.0458,0.0179,0.0826,84.5485,0.0061,0.0217,0.0026,0.8935,0.2294,1.3605,sell
2024-09-05,67.2434,23866100,68.6134,68.6701,67.0639,-0.0192,-0.0081,0.0230,-0.0039,0.0596,67.7967,0.0097,0.0205,0.0008,0.6606,0.3156,1.7221,hold
2024-09-06,67.2150,17485700,67.0733,67.7158,66.9788,-0.0004,-0.0126,0.0261,-0.0068,0.0569,64.8936,0.0095,0.0189,-0.0007,0.6390,-0.2673,1.2516,buy
2024-09-09,67.8859,12939300,67.3001,68.3205,67.0639,0.0100,-0.0086,0.0295,0.0002,0.0649,70.2399,0.0097,0.0181,-0.0010,0.7275,-0.2600,0.9233,sell
2024-09-10,67.6024,10277600,67.9992,68.4244,67.5741,-0.0042,-0.0200,0.0100,-0.0049,0.0580,65.5222,0.0089,0.0171,-0.0017,0.6605,-0.2057,0.7353,sell
2024-09-11,67.1584,11418200,67.4229,67.4324,66.6765,-0.0066,-0.0204,-0.0059,-0.0109,0.0486,60.3852,0.0087,0.0156,-0.0026,0.5635,0.1110,0.8124,hold
2024-09-12,67.3001,12337800,67.0828,67.4418,66.7615,0.0021,0.0008,-0.0072,-0.0081,0.0483,63.2311,0.0086,0.0144,-0.0031,0.5712,0.0805,0.8841,buy
2024-09-13,67.9327,11073800,67.3905,67.9898,67.0480,0.0094,0.0107,-0.0021,0.0014,0.0555,64.2739,0.0091,0.0139,-0.0027,0.6792,-0.1024,0.7942,buy
2024-09-16,68.5891,10786500,68.2752,68.7223,68.1325,0.0097,0.0104,0.0017,0.0109,0.0630,62.4695,0.0095,0.0141,-0.0019,0.7931,-0.0259,0.7788,sell
2024-09-17,68.3037,12974400,68.3988,68.8269,68.2276,-0.0042,0.0104,-0.0098,0.0077,0.0557,55.9331,0.0092,0.0139,-0.0017,0.7127,0.2028,0.9263,hold
2024-09-18,68.2561,10719700,68.3893,68.8555,67.7995,-0.0007,0.0163,-0.0044,0.0075,0.0520,53.7974,0.0090,0.0135,-0.0017,0.6834,-0.1738,0.7687,sell
2024-09-19,67.1812,13635600,68.0754,68.4369,67.1621,-0.0157,-0.0018,-0.0009,-0.0083,0.0329,43.5345,0.0082,0.0119,-0.0028,0.3723,0.2720,0.9611,buy
2024-09-20,68.1515,48578500,66.9814,68.3037,66.9529,0.0144,0.0032,0.0139,0.0046,0.0451,47.8610,0.0094,0.0114,-0.0025,0.6383,2.5626,3.0378,hold
2024-09-23,68.2371,11613000,68.0659,68.6842,67.7139,0.0013,-0.0051,0.0052,0.0054,0.0439,44.7254,0.0089,0.0111,-0.0022,0.6581,-0.7609,0.7267,sell
2024-09-24,67.8566,13330600,67.7520,68.3227,67.1621,-0.0056,-0.0065,0.0038,-0.0006,0.0355,45.0102,0.0090,0.0103,-0.0024,0.4717,0.1479,0.8331,hold
2024-09-25,67.9707,12329100,68.2181,68.4179,67.8376,0.0017,-0.0042,0.0121,-0.0001,0.0350,56.2531,0.0087,0.0097,-0.0025,0.5155,-0.0751,0.7819,hold
2024-09-26,67.9232,10815200,67.4095,68.1230,67.3905,-0.0007,0.0110,0.0093,-0.0017,0.0323,56.0679,0.0087,0.0091,-0.0025,0.4898,-0.1228,0.6913,buy
2024-09-27,68.2942,11175700,68.0564,68.6842,67.9803,0.0055,0.0021,0.0053,0.0032,0.0358,53.6883,0.0084,0.0088,-0.0021,0.6590,0.0333,0.7283,hold
2024-09-30,68.3608,18015300,68.4940,68.6842,68.1991,0.0010,0.0018,-0.0033,0.0045,0.0347,57.1296,0.0077,0.0087,-0.0018,0.6947,0.6120,1.1764,hold
2024-10-01,68.2181,13294500,68.5891,69.2074,68.1420,-0.0021,0.0053,-0.0013,0.0025,0.0304,60.5611,0.0077,0.0083,-0.0018,0.6616,-0.2620,0.8723,sell
2024-10-02,67.5522,11155500,67.9137,67.9517,66.9814,-0.0098,-0.0062,-0.0103,-0.0062,0.0184,52.2747,0.0083,0.0072,-0.0024,0.3298,-0.1609,0.7491,sell
2024-10-03,67.0860,9374800,67.4095,67.5332,66.7816,-0.0069,-0.0123,-0.0014,-0.0129,0.0099,42.1238,0.0069,0.0056,-0.0032,0.0890,-0.1596,0.6618,sell
2024-10-04,66.7531,12684800,66.5533,66.8577,66.3250,-0.0050,-0.0226,-0.0205,-0.0158,0.0036,31.8267,0.0047,0.0040,-0.0039,-0.0285,0.3531,0.9108,sell
2024-10-07,65.6496,14512000,66.6389,66.6865,65.5164,-0.0165,-0.0397,-0.0379,-0.0284,-0.0137,27.3906,0.0064,0.0013,-0.0054,-0.2339,0.1440,1.0362,buy
2024-10-08,65.8113,13549700,65.6781,66.0586,65.5069,0.0025,-0.0353,-0.0301,-0.0230,-0.0121,29.5705,0.0066,-0.0007,-0.0059,-0.0515,-0.0663,0.9563,buy
2024-10-09,66.1823,9037700,65.8208,66.3440,65.7066,0.0056,-0.0203,-0.0263,-0.0149,-0.0072,40.5404,0.0070,-0.0017,-0.0055,0.1030,-0.3330,0.6433,sell
2024-10-10,65.8779,8635200,66.4296,66.5057,65.6305,-0.0046,-0.0180,-0.0301,-0.0164,-0.0126,25.3607,0.0070,-0.0030,-0.0054,0.0744,-0.0445,0.6228,buy
2024-10-11,66.1823,8786300,66.0777,66.2013,65.6401,0.0046,-0.0086,-0.0309,-0.0088,-0.0086,28.7400,0.0069,-0.0035,-0.0047,0.1891,0.0175,0.6390,buy
2024-10-14,66.9148,7659300,66.1823,67.0385,66.0872,0.0111,0.0193,-0.0212,0.0044,0.0020,40.9173,0.0082,-0.0029,-0.0033,0.3901,-0.1283,0.5634,hold
2024-10-15,66.9148,10358700,67.0290,67.7424,66.7436,0.0000,0.0168,-0.0191,0.0064,0.0012,39.5871,0.0082,-0.0025,-0.0023,0.4059,0.3524,0.7694,buy
2024-10-16,67.1336,7937300,66.6770,67.2573,66.5628,0.0033,0.0144,-0.0062,0.0103,0.0036,42.4682,0.0079,-0.0019,-0.0014,0.4783,-0.2338,0.5957,sell
2024-10-17,66.4962,14674600,67.1907,67.2478,66.1918,-0.0095,0.0094,-0.0088,0.0016,-0.0065,33.6787,0.0081,-0.0021,-0.0013,0.3156,0.8488,1.0971,buy
2024-10-18,67.0099,15087500,66.4677,67.1146,66.2204,0.0077,0.0125,0.0038,0.0089,0.0006,38.6582,0.0084,-0.0017,-0.0007,0.4690,0.0281,1.2894,sell
2024-10-21,66.0681,11981200,66.5914,66.9053,65.9350,-0.0141,-0.0127,0.0064,-0.0059,-0.0138,34.0845,0.0079,-0.0025,-0.0012,0.2333,-0.2059,1.0223,hold
2024-10-22,66.0681,18603300,65.6401,66.3535,65.3356,0.0000,-0.0127,0.0039,-0.0063,-0.0143,37.8125,0.0078,-0.0031,-0.0014,0.2587,0.5527,1.5524,sell
2024-10-23,64.6983,24655200,63.7279,65.3547,63.3379,-0.0207,-0.0363,-0.0224,-0.0247,-0.0347,32.9252,0.0100,-0.0052,-0.0028,-0.0261,0.3253,1.9568,sell
2024-10-24,64.0228,17568800,64.3558,64.7268,63.6899,-0.0104,-0.0372,-0.0282,-0.0322,-0.0446,31.3879,0.0103,-0.0077,-0.0042,-0.0700,-0.2874,1.3580,sell
2024-10-25,63.6613,11138100,63.8040,64.4033,63.5377,-0.0056,-0.0500,-0.0381,-0.0340,-0.0497,34.9206,0.0100,-0.0101,-0.0053,-0.0504,-0.3660,0.8610,sell
2024-10-28,63.4235,10761400,63.6994,64.1180,63.3569,-0.0037,-0.0400,-0.0522,-0.0324,-0.0527,32.0971,0.0086,-0.0121,-0.0058,-0.0202,-0.0338,0.8559,sell
2024-10-29,62.3676,16525900,63.0620,63.1096,62.3295,-0.0166,-0.0560,-0.0680,-0.0419,-0.0677,24.0622,0.0090,-0.0151,-0.0070,-0.1003,0.5357,1.2977,buy
2024-10-30,62.7100,14177800,62.3200,63.2998,62.1392,0.0055,-0.0307,-0.0659,-0.0300,-0.0617,28.5714,0.0093,-0.0166,-0.0068,0.0328,-0.1421,1.1003,sell
2024-10-31,62.1297,13383700,62.6054,62.7766,62.0822,-0.0093,-0.0296,-0.0657,-0.0325,-0.0694,23.5732,0.0093,-0.0186,-0.0069,0.0206,-0.0560,1.0228,sell
2024-11-01,61.8443,12163100,62.2819,62.4627,61.7302,-0.0046,-0.0285,-0.0771,-0.0291,-0.0727,14.8881,0.0079,-0.0202,-0.0068,0.0505,-0.0912,0.9313,hold
2024-11-04,61.9395,10984500,61.9109,62.2344,61.5019,0.0015,-0.0234,-0.0625,-0.0213,-0.0701,15.9949,0.0081,-0.0211,-0.0062,0.1163,-0.0969,0.8526,buy
2024-11-05,62.1868,8780200,61.4924,62.2820,61.4924,0.0040,-0.0029,-0.0587,-0.0113,-0.0651,16.3213,0.0085,-0.0211,-0.0050,0.1850,-0.2007,0.6944,sell
2024-11-06,60.5981,22899300,61.2831,61.7016,60.1035,-0.0255,-0.0337,-0.0634,-0.0302,-0.0871,14.4495,0.0095,-0.0236,-0.0057,0.0571,1.6081,1.7168,hold
2024-11-07,60.5601,14856100,61.1594,61.2545,60.5030,-0.0006,-0.0253,-0.0541,-0.0255,-0.0856,8.7591,0.0096,-0.0249,-0.0056,0.1079,-0.3512,1.0884,buy
2024-11-08,60.8074,14719300,60.7979,61.1118,60.6362,0.0041,-0.0168,-0.0448,-0.0170,-0.0799,13.0841,0.0101,-0.0252,-0.0048,0.1733,-0.0092,1.0555,sell
2024-11-11,60.2747,13980900,60.8740,60.9977,60.1700,-0.0088,-0.0269,-0.0496,-0.0206,-0.0857,12.1739,0.0101,-0.0262,-0.0044,0.1545,-0.0502,0.9803,hold
2024-11-12,60.1225,15021000,60.5791,60.6457,60.0464,-0.0025,-0.0332,-0.0360,-0.0195,-0.0855,14.4756,0.0093,-0.0267,-0.0040,0.1713,0.0744,1.0363,sell
2024-11-13,59.9322,13177600,59.9798,60.1796,59.4471,-0.0032,-0.0110,-0.0443,-0.0181,-0.0860,15.6549,0.0087,-0.0272,-0.0034,0.1780,-0.1227,0.8930,sell
2024-11-14,59.5041,15910800,60.0369,60.0369,59.3900,-0.0071,-0.0174,-0.0423,-0.0209,-0.0904,15.4818,0.0086,-0.0279,-0.0032,0.1612,0.2074,1.0737,sell
2024-11-15,58.7336,26284300,59.4471,59.5802,58.4006,-0.0129,-0.0341,-0.0503,-0.0286,-0.0999,14.2235,0.0091,-0.0294,-0.0035,0.0994,0.6520,1.7091,hold
2024-11-18,58.8477,16062100,58.8382,59.1141,58.5623,0.0019,-0.0237,-0.0499,-0.0218,-0.0956,18.6440,0.0091,-0.0297,-0.0031,0.1383,-0.3889,1.0308,buy
2024-11-19,59.5422,16254800,58.8858,59.5707,58.6289,0.0118,-0.0097,-0.0425,-0.0058,-0.0827,23.4450,0.0102,-0.0284,-0.0017,0.2364,0.0120,1.0511,buy
2024-11-20,59.9227,18904900,59.6468,59.9417,58.9999,0.0064,-0.0002,-0.0111,0.0016,-0.0747,30.8582,0.0075,-0.0267,-0.0001,0.3075,0.1630,1.2456,buy
2024-11-21,60.6552,17292300,60.0749,60.7028,59.8847,0.0122,0.0193,0.0016,0.0137,-0.0615,40.4288,0.0086,-0.0239,0.0019,0.4428,-0.0853,1.1404,hold
2024-11-22,60.8074,19562200,61.1118,61.3402,60.5506,0.0025,0.0353,0.0000,0.0163,-0.0571,40.9712,0.0085,-0.0214,0.0035,0.4928,0.1313,1.2552,buy
2024-11-25,61.2450,36805300,61.1879,61.5590,60.7313,0.0072,0.0407,0.0161,0.0219,-0.0481,42.7098,0.0082,-0.0186,0.0049,0.6086,0.8814,2.1795,buy
2024-11-26,61.4067,14473300,61.1784,61.4924,60.9406,0.0026,0.0313,0.0214,0.0224,-0.0435,58.0341,0.0080,-0.0160,0.0059,0.6605,-0.6068,0.8623,hold
2024-11-27,61.2926,13263400,61.7968,61.9300,61.1214,-0.0019,0.0229,0.0227,0.0182,-0.0432,57.1695,0.0079,-0.0140,0.0064,0.6647,-0.0836,0.7924,hold
2024-11-29,61.4220,10648400,61.3645,61.5849,61.1248,0.0021,0.0126,0.0322,0.0171,-0.0395,56.1573,0.0072,-0.0121,0.0066,0.7140,-0.1972,0.6414,sell
2024-12-02,61.0098,16500100,61.3932,61.5274,60.7223,-0.0067,0.0033,0.0388,0.0065,-0.0438,57.5475,0.0058,-0.0111,0.0062,0.6246,0.5495,0.9810,sell
2024-12-03,60.8852,24874500,61.0769,61.4220,60.4155,-0.0020,-0.0059,0.0346,0.0011,-0.0436,57.8755,0.0061,-0.0103,0.0056,0.6120,0.5075,1.4203,sell
2024-12-04,59.6295,28137700,60.6552,60.7223,59.3324,-0.0206,-0.0289,0.0015,-0.0197,-0.0608,47.4384,0.0091,-0.0114,0.0039,0.2745,0.1312,1.5225,buy
2024-12-05,60.3101,21040400,59.8788,60.5018,59.5241,0.0114,-0.0160,0.0065,-0.0091,-0.0478,56.5416,0.0096,-0.0109,0.0033,0.4890,-0.2522,1.1442,sell
2024-12-06,59.9363,15581100,60.2238,60.7319,59.9171,-0.0062,-0.0242,-0.0119,-0.0141,-0.0513,60.4337,0.0088,-0.0111,0.0026,0.3835,-0.2595,0.8457,hold
2024-12-09,60.0034,22348300,60.0896,60.3197,59.3324,0.0011,-0.0165,-0.0132,-0.0117,-0.0478,60.1080,0.0088,-0.0110,0.0022,0.4160,0.4343,1.1883,buy
2024-12-10,60.3005,14949400,60.0992,60.4251,59.2270,0.0050,-0.0096,-0.0154,-0.0053,-0.0406,57.1283,0.0086,-0.0103,0.0022,0.5078,-0.3311,0.7929,sell
2024-12-11,60.0417,32819000,60.3868,60.9907,59.8117,-0.0043,0.0069,-0.0222,-0.0073,-0.0422,51.1449,0.0085,-0.0101,0.0020,0.4288,1.1953,1.6622,buy
2024-12-12,61.1919,17542100,60.9140,61.2686,60.5977,0.0192,0.0146,-0.0016,0.0119,-0.0219,54.7792,0.0108,-0.0081,0.0030,0.7590,-0.4655,0.8787,sell
2024-12-13,60.5018,13429000,60.9331,61.1919,60.4922,-0.0113,0.0094,-0.0150,0.0020,-0.0309,47.5166,0.0114,-0.0075,0.0029,0.5365,-0.2345,0.6769,sell
2024-12-16,59.9554,24559700,60.6072,61.2111,59.7637,-0.0090,-0.0008,-0.0173,-0.0053,-0.0376,39.7030,0.0115,-0.0078,0.0022,0.3285,0.8289,1.2434,buy
2024-12-17,60.7702,21902400,59.8596,60.9140,59.7350,0.0136,0.0078,-0.0019,0.0084,-0.0229,45.3972,0.0125,-0.0066,0.0026,0.5938,-0.1082,1.0927,sell
2024-12-18,60.2430,20946100,60.2047,61.0002,60.1855,-0.0087,0.0034,0.0103,-0.0014,-0.0297,42.8384,0.0107,-0.0065,0.0023,0.3531,-0.0437,1.0329,sell
2024-12-19,59.8596,21300600,60.0992,60.5497,59.8117,-0.0064,-0.0218,-0.0075,-0.0070,-0.0339,39.6966,0.0103,-0.0068,0.0016,0.1878,0.0169,1.0442,hold
2024-12-20,59.9554,42458100,59.8788,60.4443,59.6966,0.0016,-0.0090,0.0003,-0.0054,-0.0305,42.7440,0.0101,-0.0068,0.0013,0.2519,0.9933,1.9605,hold
2024-12-23,59.7925,13010800,59.9075,60.1567,58.9778,-0.0027,-0.0027,-0.0035,-0.0078,-0.0311,42.5197,0.0102,-0.0070,0.0009,0.2135,-0.6936,0.6100,buy
2024-12-24,60.2334,5019100,59.6200,60.2334,59.4379,0.0074,-0.0088,-0.0011,-0.0003,-0.0219,54.6530,0.0103,-0.0064,0.0011,0.4125,-0.6142,0.2543,sell
2024-12-26,59.9746,7943800,60.0225,60.1376,59.8117,-0.0043,-0.0045,-0.0011,-0.0045,-0.0239,47.2354,0.0103,-0.0062,0.0010,0.3200,0.5827,0.4092,hold
2024-12-27,59.8596,8542800,59.8596,60.3389,59.6296,-0.0019,0.0000,-0.0218,-0.0042,-0.0234,49.3400,0.0078,-0.0062,0.0009,0.2861,0.0754,0.4455,sell
2024-12-30,59.4570,8972200,59.7542,59.7542,59.1215,-0.0067,-0.0083,-0.0173,-0.0092,-0.0278,45.5539,0.0073,-0.0067,0.0004,0.1039,0.0503,0.4699,buy
2024-12-31,59.6775,9256700,59.4474,59.8404,59.2366,0.0037,-0.0019,-0.0046,-0.0051,-0.0218,44.8657,0.0070,-0.0066,0.0003,0.2423,0.0317,0.4942,sell
2025-01-02,59.2749,12991000,59.7637,60.1472,59.0640,-0.0067,-0.0159,-0.0246,-0.0093,-0.0262,43.8271,0.0052,-0.0071,-0.0001,0.0602,0.4034,0.7163,hold
2025-01-03,59.1886,10403200,59.3324,59.5049,59.0640,-0.0015,-0.0131,-0.0175,-0.0090,-0.0254,30.5401,0.0047,-0.0075,-0.0004,0.0560,-0.1992,0.6031,sell
2025-01-06,58.2876,17924200,58.9490,59.0161,58.1438,-0.0152,-0.0263,-0.0263,-0.0215,-0.0383,29.3381,0.0063,-0.0091,-0.0015,-0.1762,0.7230,1.0485,hold
2025-01-07,58.3164,17799600,58.5752,59.1599,58.1055,0.0005,-0.0192,-0.0273,-0.0183,-0.0360,33.0693,0.0062,-0.0101,-0.0020,-0.0424,-0.0070,1.0345,buy
2025-01-08,59.1503,14412400,58.4602,59.2078,58.4026,0.0143,-0.0088,-0.0107,-0.0032,-0.0207,33.3333,0.0082,-0.0095,-0.0012,0.2738,-0.1903,0.8574,sell
2025-01-10,58.5368,22425000,59.0257,59.0928,58.2109,-0.0104,-0.0125,-0.0282,-0.0107,-0.0293,32.7519,0.0081,-0.0099,-0.0012,0.1141,0.5560,1.3051,buy
2025-01-13,59.0928,18016200,58.5944,59.2845,58.1918,0.0095,-0.0016,-0.0147,0.0001,-0.0190,42.5093,0.0090,-0.0092,-0.0005,0.3139,-0.1966,1.0957,buy
2025-01-14,59.4666,16658300,59.1024,59.4954,58.7573,0.0063,0.0202,-0.0066,0.0071,-0.0117,45.4707,0.0093,-0.0081,0.0004,0.4585,-0.0754,1.0158,sell
2025-01-15,59.2078,16187200,59.7446,60.0225,59.1215,-0.0044,0.0153,-0.0042,0.0032,-0.0151,44.6771,0.0091,-0.0076,0.0008,0.3819,-0.0283,0.9789,buy
2025-01-16,59.6679,12585500,58.8723,59.7158,58.7765,0.0078,0.0088,-0.0002,0.0110,-0.0067,44.8695,0.0094,-0.0063,0.0016,0.5650,-0.2225,0.7897,buy
2025-01-17,60.1088,17948900,59.7254,60.1663,59.5912,0.0074,0.0269,0.0141,0.0170,0.0012,51.1785,0.0094,-0.0047,0.0025,0.7720,0.4262,1.1403,sell
2025-01-21,59.8308,19817100,60.2909,60.6072,59.7158,-0.0046,0.0125,0.0109,0.0112,-0.0026,49.7545,0.0095,-0.0039,0.0027,0.6691,0.1041,1.2636,sell
2025-01-22,59.2174,18191900,59.5433,59.7062,59.1024,-0.0103,-0.0042,0.0160,-0.0007,-0.0124,48.0252,0.0087,-0.0040,0.0022,0.4120,-0.0820,1.1715,sell
2025-01-23,58.9778,16528400,59.2366,59.4091,58.8244,-0.0040,-0.0039,0.0113,-0.0059,-0.0159,44.2520,0.0089,-0.0043,0.0015,0.3249,-0.0914,1.1614,buy
2025-01-24,59.3516,19244600,59.1599,59.4378,58.8915,0.0063,-0.0053,0.0034,0.0001,-0.0091,50.6329,0.0078,-0.0040,0.0014,0.5035,0.1643,1.3233,buy
2025-01-27,61.2207,20742900,60.2622,61.5178,59.8788,0.0315,0.0185,0.0458,0.0269,0.0217,62.9584,0.0117,-0.0012,0.0032,1.1902,0.0779,1.3531,sell
2025-01-28,59.7733,14956000,60.8756,61.3836,59.6966,-0.0236,-0.0010,0.0115,0.0015,-0.0023,58.8571,0.0145,-0.0009,0.0029,0.6491,-0.2790,0.9538,buy
2025-01-29,60.2238,11325600,59.9650,60.7319,59.9555,0.0075,0.0170,0.0127,0.0078,0.0051,60.8270,0.0146,-0.0001,0.0029,0.8056,-0.2427,0.7159,buy
2025-01-30,61.3932,13201000,61.2015,61.6233,60.6072,0.0194,0.0410,0.0369,0.0236,0.0240,62.2641,0.0154,0.0020,0.0040,1.0869,0.1656,0.8235,sell
2025-01-31,60.8469,12096800,61.0577,61.2782,60.7606,-0.0089,0.0252,0.0198,0.0125,0.0142,62.7244,0.0158,0.0030,0.0040,0.8745,-0.0836,0.7480,hold
2025-02-03,60.7223,12067900,60.5593,60.9907,59.8404,-0.0020,-0.0081,0.0102,0.0094,0.0115,59.4235,0.0158,0.0035,0.0036,0.8048,-0.0024,0.7483,sell
2025-02-04,60.0705,15678000,60.9715,60.9907,59.7637,-0.0107,0.0050,0.0040,-0.0018,0.0004,53.3835,0.0161,0.0031,0.0026,0.6109,0.2991,0.9565,buy
2025-02-05,60.5018,10686800,60.1184,60.6648,59.9938,0.0072,0.0046,0.0217,0.0032,0.0074,57.1128,0.0158,0.0032,0.0022,0.7109,-0.3184,0.6667,hold
2025-02-06,60.7319,13423400,60.9811,61.0961,60.3005,0.0038,-0.0108,0.0297,0.0041,0.0112,56.0000,0.0156,0.0036,0.0020,0.7580,0.2561,0.8491,buy
2025-02-07,61.1919,13184700,60.7989,61.2686,60.6456,0.0076,0.0057,0.0310,0.0086,0.0187,56.0949,0.0157,0.0045,0.0023,0.8570,-0.0178,0.8372,buy
2025-02-10,61.8725,16154300,61.4412,61.9683,61.0194,0.0111,0.0189,0.0106,0.0188,0.0299,60.9908,0.0126,0.0059,0.0030,0.9974,0.2252,1.0466,buy
2025-02-11,64.7960,30589100,64.7001,64.8631,63.6553,0.0473,0.0787,0.0840,0.0582,0.0773,74.0497,0.0165,0.0103,0.0060,1.3300,0.8936,1.9043,buy
2025-02-12,65.8599,26033800,64.0963,65.9654,64.0963,0.0164,0.0886,0.0936,0.0657,0.0933,77.7006,0.0167,0.0149,0.0086,1.2236,-0.1489,1.5747,buy
2025-02-13,66.6172,24393100,66.1379,66.7226,65.9079,0.0115,0.0969,0.0851,0.0689,0.1040,78.3683,0.0163,0.0192,0.0103,1.1372,-0.0630,1.4398,sell
2025-02-14,66.0133,20779100,66.4830,67.1252,65.9079,-0.0091,0.0788,0.0849,0.0505,0.0922,70.7642,0.0163,0.0219,0.0104,0.9792,-0.1482,1.1975,hold
2025-02-18,66.1858,15569100,65.7066,66.4926,65.5820,0.0026,0.0697,0.0900,0.0442,0.0931,81.2325,0.0160,0.0238,0.0098,0.9296,-0.2507,0.9034,buy
2025-02-19,67.1635,16032300,66.3392,67.2210,66.3009,0.0148,0.0365,0.1181,0.0479,0.1065,82.1492,0.0146,0.0258,0.0097,0.9501,0.0298,0.9406,hold
2025-02-20,67.1348,13398000,66.8185,67.1635,66.5405,-0.0004,0.0194,0.1096,0.0367,0.1036,79.7418,0.0150,0.0274,0.0090,0.8947,-0.1643,0.7973,buy
2025-02-21,68.3904,21662300,67.4032,68.6301,67.2210,0.0187,0.0266,0.1261,0.0438,0.1211,86.4015,0.0150,0.0292,0.0089,0.9391,0.6168,1.2697,sell
2025-02-24,67.6619,21418400,67.9016,68.7547,67.4127,-0.0107,0.0250,0.1057,0.0226,0.1064,81.6433,0.0166,0.0302,0.0078,0.8412,-0.0113,1.2475,buy
2025-02-25,68.5246,21555600,67.9208,68.7930,67.7961,0.0127,0.0353,0.1075,0.0253,0.1175,87.8216,0.0166,0.0310,0.0071,0.8633,0.0064,1.2525,sell
2025-02-26,67.8632,14531200,68.3137,68.3233,67.6044,-0.0097,0.0104,0.0473,0.0107,0.1039,82.2689,0.0116,0.0311,0.0056,0.7835,-0.3259,0.8454,hold
2025-02-27,67.9304,16789500,67.7866,68.5726,67.4990,0.0010,0.0119,0.0314,0.0086,0.1025,82.0119,0.0109,0.0307,0.0041,0.7621,0.1554,0.9615,buy
2025-02-28,68.2562,22167400,68.4863,68.6013,67.6332,0.0048,-0.0020,0.0246,0.0110,0.1050,81.7946,0.0105,0.0302,0.0030,0.7600,0.3203,1.2377,buy
2025-03-03,69.3202,21717600,67.3265,69.3585,66.8376,0.0156,0.0245,0.0501,0.0218,0.1189,82.4019,0.0104,0.0304,0.0029,0.8105,-0.0203,1.1808,sell
2025-03-04,67.2785,25411900,69.0806,69.6365,66.9814,-0.0295,-0.0182,0.0165,-0.0099,0.0836,61.6983,0.0151,0.0291,0.0006,0.6325,0.1701,1.3333,hold
2025-03-05,67.1731,23933600,67.0006,67.8057,66.9431,-0.0016,-0.0102,0.0001,-0.0115,0.0795,56.8024,0.0144,0.0269,-0.0013,0.6045,-0.0582,1.2292,buy
2025-03-06,67.5374,21694000,67.4894,67.6044,66.5692,0.0054,-0.0058,0.0060,-0.0067,0.0827,54.9690,0.0145,0.0251,-0.0023,0.6191,-0.0936,1.0835,buy
2025-03-07,68.4671,28393300,66.7610,68.8409,66.7610,0.0138,0.0031,0.0011,0.0069,0.0946,62.8000,0.0138,0.0244,-0.0022,0.7043,0.3088,1.3670,hold
2025-03-10,68.4863,25251200,68.9751,70.1829,68.3617,0.0003,-0.0120,0.0122,0.0059,0.0919,62.1951,0.0133,0.0238,-0.0022,0.7055,-0.1107,1.1814,sell
2025-03-11,68.0933,28076400,68.8985,69.0518,67.6811,-0.0057,0.0121,-0.0063,0.0008,0.0829,55.2547,0.0128,0.0227,-0.0028,0.6478,0.1119,1.2780,sell
2025-03-12,67.0389,18923300,67.4511,67.7961,66.8472,-0.0155,-0.0020,-0.0121,-0.0135,0.0638,49.5146,0.0134,0.0206,-0.0042,0.3621,-0.3260,0.8848,sell
2025-03-13,66.7322,15746600,67.3361,67.3361,66.4063,-0.0046,-0.0119,-0.0176,-0.0163,0.0566,40.7089,0.0134,0.0181,-0.0054,0.2499,-0.1679,0.7544,hold
2025-03-14,66.7805,14205100,66.1528,66.8770,66.0273,0.0007,-0.0246,-0.0216,-0.0134,0.0549,44.6535,0.0133,0.0159,-0.0061,0.2590,-0.0979,0.6976,buy
2025-03-17,67.7074,15634800,66.8577,67.7557,66.7032,0.0139,-0.0114,-0.0233,0.0026,0.0669,45.0819,0.0130,0.0150,-0.0054,0.5069,0.1006,0.7776,sell
2025-03-18,66.9929,12657600,67.6978,67.7750,66.9157,-0.0106,-0.0162,-0.0042,-0.0075,0.0530,44.7952,0.0095,0.0135,-0.0056,0.2382,-0.1904,0.6341,hold
2025-03-19,66.8963,14780000,66.1915,66.9929,66.1818,-0.0014,-0.0021,-0.0041,-0.0085,0.0490,43.8382,0.0095,0.0120,-0.0057,0.2141,0.1677,0.7428,buy
2025-03-20,67.3115,16295300,66.9253,67.4081,66.7129,0.0062,0.0087,-0.0033,-0.0021,0.0525,44.4297,0.0096,0.0111,-0.0052,0.3550,0.1025,0.8130,sell
2025-03-21,66.3073,47479500,67.3115,67.5626,65.8342,-0.0149,-0.0071,-0.0315,-0.0138,0.0342,32.1091,0.0092,0.0093,-0.0059,0.0666,1.9137,2.2256,buy
2025-03-24,66.5777,12575400,66.4328,66.7032,65.9790,0.0041,-0.0167,-0.0279,-0.0070,0.0360,44.7294,0.0094,0.0079,-0.0057,0.1883,-0.7351,0.6020,hold
2025-03-25,66.4425,12513900,66.5777,66.7032,66.2397,-0.0020,-0.0082,-0.0242,-0.0065,0.0314,44.5302,0.0094,0.0066,-0.0057,0.1800,-0.0049,0.6123,buy
2025-03-26,67.6109,14478200,66.5487,67.9295,66.5294,0.0176,0.0107,0.0085,0.0101,0.0468,50.4913,0.0101,0.0068,-0.0042,0.5519,0.1570,0.7085,buy
2025-03-27,68.3061,11663400,67.7654,68.5475,67.6592,0.0103,0.0148,0.0236,0.0181,0.0546,48.8893,0.0103,0.0077,-0.0026,0.7605,-0.1944,0.5780,sell
2025-03-28,67.9488,17412900,68.3737,68.8661,67.1377,-0.0052,0.0248,0.0175,0.0110,0.0463,46.4578,0.0105,0.0080,-0.0019,0.6571,0.4930,0.8732,buy
2025-03-31,69.1558,24016900,68.2965,69.4648,68.0647,0.0178,0.0387,0.0214,0.0267,0.0618,56.3244,0.0111,0.0093,-0.0003,1.0539,0.3793,1.1974,buy
2025-04-01,69.3972,15309100,69.2138,69.4359,68.7406,0.0035,0.0445,0.0359,0.0267,0.0625,65.5413,0.0101,0.0106,0.0009,1.0213,-0.3626,0.7830,sell
2025-04-02,68.8758,14606500,69.4841,69.8704,68.6054,-0.0075,0.0187,0.0296,0.0160,0.0516,63.7376,0.0106,0.0110,0.0010,0.8342,-0.0459,0.7653,buy
2025-04-03,70.6621,24959600,69.9862,71.4057,69.8317,0.0259,0.0345,0.0498,0.0372,0.0751,70.3442,0.0129,0.0129,0.0025,1.1249,0.7088,1.2967,sell
2025-04-04,67.5240,26517300,69.9283,70.4980,67.3888,-0.0444,-0.0063,0.0183,-0.0106,0.0247,49.2194,0.0196,0.0114,0.0004,0.4521,0.0624,1.3843,sell
2025-04-07,66.0176,34258400,63.9513,66.9929,63.7775,-0.0223,-0.0454,-0.0084,-0.0319,-0.0002,46.1124,0.0210,0.0080,-0.0026,0.1628,0.2919,1.7474,hold
2025-04-08,66.0659,22774400,66.5873,67.5723,65.4286,0.0007,-0.0480,-0.0057,-0.0307,-0.0009,46.6769,0.0210,0.0051,-0.0044,0.2050,-0.3352,1.1776,buy
2025-04-09,67.5433,27918700,65.5831,68.0454,64.9651,0.0224,-0.0193,-0.0010,-0.0089,0.0190,50.8547,0.0215,0.0045,-0.0038,0.5001,0.2259,1.4107,buy
2025-04-10,68.3254,22450200,67.7750,68.7599,66.6067,0.0116,-0.0331,0.0003,0.0026,0.0283,57.5670,0.0216,0.0049,-0.0027,0.6439,-0.1959,1.1155,buy
2025-04-11,68.9724,19988200,68.4703,69.3779,68.1130,0.0095,0.0214,0.0151,0.0105,0.0357,58.7324,0.0217,0.0059,-0.0013,0.7500,-0.1097,0.9791,buy
2025-04-14,69.9573,13930200,68.8468,70.1600,68.4896,0.0143,0.0597,0.0116,0.0238,0.0476,62.0689,0.0214,0.0077,0.0005,0.8953,-0.3031,0.6852,sell
2025-04-15,69.3876,14965500,70.1214,70.1311,69.2524,-0.0081,0.0503,-0.0001,0.0154,0.0364,56.3624,0.0216,0.0085,0.0010,0.7611,0.0743,0.7320,hold
2025-04-16,69.2138,15276200,69.8704,70.1697,68.9337,-0.0025,0.0247,0.0049,0.0124,0.0309,53.3764,0.0214,0.0088,0.0010,0.7075,0.0208,0.7463,buy
2025-04-17,70.4883,20754500,69.4262,70.9036,69.2524,0.0184,0.0317,-0.0025,0.0313,0.0468,58.8433,0.0206,0.0102,0.0020,0.8869,0.3586,1.0030,hold
2025-04-21,70.2663,16037200,70.8553,70.9422,69.3489,-0.0032,0.0188,0.0406,0.0239,0.0406,54.1516,0.0137,0.0111,0.0023,0.8162,-0.2273,0.8388,buy
2025-04-22,71.3574,15613500,70.4884,71.8209,70.4111,0.0155,0.0200,0.0809,0.0318,0.0536,56.8907,0.0104,0.0127,0.0032,0.9422,-0.0264,0.8102,sell
2025-04-23,70.7780,16353900,70.7684,71.4057,69.8897,-0.0081,0.0200,0.0713,0.0165,0.0423,56.6599,0.0114,0.0134,0.0031,0.8164,0.0474,0.8402,sell
2025-04-24,70.0249,16893900,70.5077,70.9036,69.8124,-0.0106,0.0117,0.0367,0.0021,0.0296,47.5948,0.0112,0.0130,0.0020,0.6711,0.0330,0.8626,sell
2025-04-25,69.4359,16316000,70.1504,70.4111,68.6827,-0.0084,-0.0149,0.0163,-0.0079,0.0199,58.9351,0.0114,0.0118,0.0006,0.5622,-0.0342,0.8233,hold
2025-04-28,69.3200,15997500,69.6000,69.7738,68.8565,-0.0017,-0.0135,0.0050,-0.0100,0.0173,67.7386,0.0111,0.0106,-0.0005,0.5313,-0.0195,0.8101,buy
2025-04-29,69.8607,16244100,68.7406,70.2083,67.8619,0.0078,-0.0210,-0.0014,-0.0022,0.0241,69.3596,0.0104,0.0100,-0.0008,0.6179,0.0154,0.8391,hold
2025-04-30,70.0538,21074700,70.8263,70.9518,69.2234,0.0028,-0.0102,0.0096,-0.0004,0.0258,64.7393,0.0100,0.0097,-0.0008,0.6442,0.2974,1.0727,sell
2025-05-01,68.8372,18034200,69.5228,69.5614,68.7793,-0.0174,-0.0170,-0.0054,-0.0172,0.0075,52.8587,0.0116,0.0082,-0.0021,0.4375,-0.1443,0.9100,buy
2025-05-02,69.1848,12629600,69.0400,69.3490,68.6537,0.0050,-0.0036,-0.0185,-0.0104,0.0120,51.2278,0.0098,0.0071,-0.0025,0.5095,-0.2997,0.6577,hold
2025-05-05,69.2331,11932700,69.2041,69.3296,68.5668,0.0007,-0.0013,-0.0147,-0.0082,0.0124,45.3067,0.0098,0.0062,-0.0027,0.5031,-0.0552,0.6460,hold
2025-05-06,69.2524,12705500,69.2138,69.4262,68.7117,0.0003,-0.0087,-0.0295,-0.0050,0.0122,49.0566,0.0079,0.0055,-0.0027,0.4728,0.0648,0.7304,buy
2025-05-07,69.9090,15018200,69.2524,70.1890,69.2041,0.0095,-0.0021,-0.0123,0.0057,0.0214,54.5455,0.0086,0.0056,-0.0020,0.5990,0.1820,0.8831,sell
2025-05-08,68.7213,14371100,69.7159,69.9766,68.6827,-0.0170,-0.0017,-0.0186,-0.0095,0.0038,38.3142,0.0095,0.0044,-0.0027,0.1943,-0.0431,0.8801,sell
2025-05-09,68.0937,11228900,68.5475,68.7020,68.0357,-0.0091,-0.0158,-0.0193,-0.0166,-0.0054,36.3637,0.0096,0.0026,-0.0037,0.0022,-0.2186,0.7121,sell
2025-05-12,67.1377,21539000,67.7364,67.9102,66.3363,-0.0140,-0.0303,-0.0315,-0.0274,-0.0190,23.0580,0.0103,-0.0000,-0.0051,-0.1370,0.9182,1.3593,sell
2025-05-13,66.5873,14389100,67.1957,67.2922,66.5004,-0.0082,-0.0385,-0.0469,-0.0308,-0.0263,23.1436,0.0096,-0.0028,-0.0063,-0.1089,-0.3320,0.9068,buy
2025-05-14,66.7805,16286800,66.5101,66.9543,66.2204,0.0029,-0.0448,-0.0467,-0.0233,-0.0233,27.5999,0.0097,-0.0046,-0.0065,0.0202,0.1319,1.0221,buy
2025-05-15,69.1462,19817100,67.3019,69.2620,67.2053,0.0354,0.0062,0.0045,0.0108,0.0107,48.3940,0.0150,-0.0031,-0.0039,0.4848,0.2168,1.2262,buy
2025-05-16,69.5228,18441200,69.3876,69.7738,68.9724,0.0054,0.0210,0.0049,0.0158,0.0156,51.0926,0.0150,-0.0016,-0.0019,0.5700,-0.0694,1.1493,hold
2025-05-19,69.4552,13282800,69.5517,69.6869,69.1751,-0.0010,0.0345,0.0032,0.0145,0.0143,47.6974,0.0150,-0.0004,-0.0006,0.5658,-0.2797,0.8350,hold
2025-05-20,69.2234,12137800,69.3296,69.6483,68.9724,-0.0033,0.0396,-0.0004,0.0112,0.0107,45.3057,0.0150,0.0002,0.0000,0.5444,-0.0862,0.7714,hold
2025-05-21,69.3779,12094400,69.2234,69.6000,69.1172,0.0022,0.0389,-0.0076,0.0142,0.0126,53.4739,0.0147,0.0009,0.0005,0.6024,-0.0036,0.7792,sell
2025-05-22,68.6923,11101800,69.3683,69.5131,68.5185,-0.0099,-0.0066,-0.0004,0.0042,0.0021,46.9678,0.0140,0.0006,0.0002,0.4500,-0.0821,0.7288,buy
2025-05-23,69.3007,12822100,69.0786,69.5034,68.2578,0.0089,-0.0032,0.0177,0.0114,0.0102,50.3893,0.0138,0.0011,0.0006,0.6049,0.1550,0.8515,hold
2025-05-27,69.3103,10666100,69.2717,69.7352,69.0979,0.0001,-0.0021,0.0324,0.0083,0.0096,50.3341,0.0127,0.0015,0.0007,0.6075,-0.1681,0.7211,sell
2025-05-28,68.7020,8710900,69.2331,69.4262,68.6054,-0.0088,-0.0075,0.0318,-0.0036,0.0005,43.0011,0.0127,0.0010,0.0003,0.4679,-0.1833,0.6043,buy
2025-05-29,69.0303,10291100,68.5572,69.1945,68.0357,0.0048,-0.0050,0.0337,-0.0021,0.0046,51.9901,0.0127,0.0011,0.0002,0.5692,0.1814,0.7417,buy
2025-05-30,69.6193,28019500,69.1462,69.9766,69.1462,0.0085,0.0135,0.0068,0.0057,0.0124,59.8750,0.0066,0.0018,0.0007,0.7138,1.7227,1.9493,hold
2025-06-02,69.5228,10202700,69.5517,69.5614,68.9048,-0.0014,0.0032,0.0000,0.0043,0.0104,67.3699,0.0064,0.0022,0.0009,0.6817,-0.6359,0.7158,sell
2025-06-03,68.7117,20139800,69.2427,69.3103,68.0454,-0.0117,-0.0086,-0.0107,-0.0063,-0.0021,64.9052,0.0074,0.0015,0.0002,0.4754,0.9740,1.3735,buy
2025-06-04,68.9144,13565900,68.8082,69.3779,68.2482,0.0030,0.0031,-0.0045,-0.0029,0.0001,64.9528,0.0074,0.0013,-0.0000,0.5336,-0.3264,0.9225,sell
2025-06-05,68.4703,13531400,68.9241,69.0013,68.3930,-0.0064,-0.0081,-0.0131,-0.0081,-0.0069,43.5186,0.0076,0.0005,-0.0006,0.4322,-0.0025,0.9248,buy
2025-06-06,68.8951,9524000,68.6344,69.0207,68.4992,0.0062,-0.0104,0.0030,-0.0022,-0.0011,44.0367,0.0073,0.0004,-0.0006,0.5470,-0.2962,0.6619,buy
2025-06-09,69.3007,12281300,68.8951,69.3586,68.6441,0.0059,-0.0032,0.0000,0.0037,0.0045,48.6207,0.0069,0.0008,-0.0002,0.6428,0.2895,0.8504,buy
2025-06-10,69.8607,12265000,69.4262,70.1890,69.2910,0.0081,0.0167,0.0079,0.0110,0.0120,55.3746,0.0074,0.0017,0.0006,0.7780,-0.0013,0.8774,sell
2025-06-11,69.5903,12718500,69.7835,69.8704,69.2910,-0.0039,0.0098,0.0129,0.0058,0.0080,51.7572,0.0068,0.0021,0.0008,0.6986,0.0370,0.9153,buy
2025-06-12,69.7545,12806900,69.7642,69.9090,69.1365,0.0024,0.0188,0.0105,0.0071,0.0103,59.6154,0.0067,0.0026,0.0010,0.8429,0.0070,0.9334,sell
2025-06-13,69.0640,17467200,69.7934,69.9004,68.7820,-0.0099,0.0025,-0.0080,-0.0021,0.0002,47.8893,0.0070,0.0022,0.0005,0.4029,0.3639,1.2840,sell
2025-06-16,68.5778,15045900,69.2391,69.6475,68.3055,-0.0070,-0.0104,-0.0136,-0.0078,-0.0062,43.9780,0.0073,0.0012,-0.0004,0.1385,-0.1386,1.1200,sell
2025-06-17,67.7026,15437000,68.4417,68.5195,67.6637,-0.0128,-0.0309,-0.0147,-0.0190,-0.0190,42.1292,0.0074,-0.0005,-0.0017,-0.1661,0.0260,1.1400,sell
2025-06-18,67.3039,16227600,68.0721,68.0721,67.1872,-0.0059,-0.0329,-0.0234,-0.0225,-0.0251,36.5527,0.0074,-0.0024,-0.0029,-0.1461,0.0512,1.1805,sell
2025-06-20,66.9441,40859400,67.1872,67.6443,66.8857,-0.0053,-0.0403,-0.0223,-0.0256,-0.0306,28.3906,0.0073,-0.0043,-0.0038,-0.1100,1.5179,2.6909,buy
2025-06-23,67.8193,21822800,67.2358,67.8874,67.0705,0.0131,-0.0180,-0.0156,-0.0113,-0.0180,37.7776,0.0084,-0.0047,-0.0033,0.1950,-0.4659,1.3882,buy
2025-06-24,68.2764,15216100,68.0138,68.4125,67.7707,0.0067,-0.0044,-0.0148,-0.0031,-0.0113,46.7095,0.0085,-0.0043,-0.0024,0.3500,-0.3027,0.9606,sell
2025-06-25,67.7123,12540400,68.0041,68.0916,67.5179,-0.0083,0.0001,-0.0308,-0.0082,-0.0191,41.3838,0.0081,-0.0047,-0.0023,0.2103,-0.1758,0.7870,hold
2025-06-26,67.5567,14454100,67.7804,67.9943,67.2456,-0.0023,0.0038,-0.0292,-0.0076,-0.0207,43.1696,0.0080,-0.0052,-0.0022,0.1946,0.1526,0.8911,buy
2025-06-27,68.3931,23470700,67.6734,68.6167,67.5567,0.0124,0.0216,-0.0195,0.0067,-0.0083,46.4637,0.0093,-0.0044,-0.0011,0.4411,0.6238,1.3905,buy
2025-06-30,68.8015,15429000,68.1986,68.8404,68.1597,0.0060,0.0145,-0.0038,0.0131,-0.0023,46.4855,0.0091,-0.0033,-0.0001,0.5719,-0.3426,0.9495,buy
2025-07-01,69.6962,21729300,69.0349,70.4547,68.9474,0.0130,0.0208,0.0163,0.0246,0.0109,48.8936,0.0097,-0.0014,0.0015,0.8299,0.4083,1.2914,sell
2025-07-02,68.9571,13050200,69.7156,69.8517,68.7918,-0.0106,0.0184,0.0185,0.0119,0.0006,45.9945,0.0094,-0.0008,0.0017,0.6098,-0.3994,0.7923,buy
2025-07-03,69.3850,9440500,69.0835,69.4336,68.5097,0.0062,0.0271,0.0309,0.0151,0.0074,47.7381,0.0090,0.0003,0.0022,0.7233,-0.2766,0.5804,sell
2025-07-07,69.0543,16984700,69.4044,69.4044,68.8501,-0.0048,0.0097,0.0315,0.0071,0.0031,49.9378,0.0090,0.0007,0.0021,0.6198,0.7991,1.0332,sell
2025-07-08,68.3055,17115500,68.7334,68.7334,67.9554,-0.0108,-0.0072,0.0072,-0.0045,-0.0073,48.3132,0.0092,0.0001,0.0012,0.4157,0.0077,1.0177,sell
2025-07-09,67.5665,33704100,68.2277,68.3153,67.0705,-0.0108,-0.0306,-0.0104,-0.0142,-0.0175,49.1421,0.0096,-0.0012,-0.0001,0.2344,0.9692,1.8840,buy
2025-07-10,67.8485,14608400,67.3817,67.9263,67.2553,0.0042,-0.0161,0.0020,-0.0103,-0.0130,53.4826,0.0094,-0.0019,-0.0006,0.3326,-0.5666,0.8113,hold
2025-07-11,67.9457,12916700,67.6540,68.2277,67.3428,0.0014,-0.0207,0.0058,-0.0095,-0.0110,56.6281,0.0093,-0.0023,-0.0008,0.3797,-0.1158,0.7169,sell
2025-07-14,67.5567,13983200,67.8777,68.1499,67.3622,-0.0057,-0.0217,-0.0122,-0.0139,-0.0160,48.1431,0.0085,-0.0030,-0.0012,0.2776,0.0826,0.7736,hold
2025-07-15,67.4498,12639800,67.5956,67.6345,67.2456,-0.0016,-0.0125,-0.0196,-0.0136,-0.0171,43.8495,0.0081,-0.0037,-0.0015,0.2662,-0.0961,0.7088,hold
2025-07-16,67.3623,13178300,67.4400,67.5859,66.8955,-0.0013,-0.0030,-0.0335,-0.0115,-0.0179,47.1962,0.0062,-0.0043,-0.0017,0.2611,0.0426,0.7428,buy
2025-07-17,68.6459,20464700,67.8874,68.7431,67.5956,0.0191,0.0118,-0.0045,0.0078,0.0010,57.3878,0.0089,-0.0031,-0.0005,0.6706,0.5529,1.1374,sell
2025-07-18,67.9263,14928000,68.5000,68.7529,67.9068,-0.0105,-0.0003,-0.0210,-0.0006,-0.0091,46.7829,0.0091,-0.0031,-0.0003,0.4204,-0.2705,0.8327,buy
2025-07-21,68.1402,17811700,68.2569,68.6751,68.0041,0.0031,0.0086,-0.0132,0.0039,-0.0055,45.3168,0.0092,-0.0028,-0.0000,0.4705,0.1932,1.0618,sell
2025-07-22,67.7415,22339900,67.5373,68.3250,66.7982,-0.0059,0.0043,-0.0083,-0.0011,-0.0110,35.1111,0.0087,-0.0030,-0.0002,0.3253,0.2542,1.3297,sell
2025-07-23,67.2553,21030000,67.7415,67.8193,66.7107,-0.0072,-0.0016,-0.0046,-0.0078,-0.0179,36.5176,0.0083,-0.0037,-0.0007,0.1806,-0.0586,1.2305,hold
2025-07-24,67.1969,12511400,67.3525,67.6345,67.0900,-0.0009,-0.0211,-0.0096,-0.0078,-0.0187,31.5876,0.0082,-0.0043,-0.0010,0.1808,-0.4051,0.7321,hold
2025-07-25,67.2650,12574800,67.2261,67.3233,66.8566,0.0010,-0.0097,-0.0100,-0.0057,-0.0179,34.2464,0.0082,-0.0046,-0.0010,0.2146,0.0051,0.7399,sell
2025-07-28,66.2147,13668800,66.8468,67.0024,66.1856,-0.0156,-0.0283,-0.0199,-0.0193,-0.0331,32.5203,0.0093,-0.0061,-0.0020,-0.0225,0.0870,0.8281,buy
2025-07-29,67.4692,16223400,66.4579,67.5081,66.2731,0.0189,-0.0040,0.0003,-0.0008,-0.0143,49.2514,0.0114,-0.0056,-0.0012,0.3587,0.1869,0.9806,sell
2025-07-30,66.8566,10448200,67.2067,67.4206,66.6426,-0.0091,-0.0059,-0.0075,-0.0091,-0.0225,42.7350,0.0118,-0.0059,-0.0013,0.1937,-0.3560,0.6538,sell
2025-07-31,66.0203,17193400,66.2731,66.7593,65.8744,-0.0125,-0.0175,-0.0382,-0.0177,-0.0337,37.2750,0.0100,-0.0072,-0.0020,0.0020,0.6456,1.0621,buy
2025-08-01,66.9635,16107500,66.7107,67.1386,66.3898,0.0143,-0.0045,-0.0142,-0.0022,-0.0193,46.3473,0.0112,-0.0068,-0.0013,0.3026,-0.0632,0.9749,hold
2025-08-04,67.0608,10701500,66.8274,67.1775,66.4287,0.0015,0.0128,-0.0158,0.0008,-0.0172,47.6019,0.0111,-0.0064,-0.0007,0.3525,-0.3356,0.6603,hold
2025-08-05,67.1483,11993400,67.0024,67.5762,66.8566,0.0013,-0.0048,-0.0088,0.0030,-0.0155,48.6811,0.0110,-0.0059,-0.0002,0.4046,0.1207,0.7519,buy
2025-08-06,67.5956,10783000,67.2164,67.8777,66.7399,0.0067,0.0111,0.0051,0.0092,-0.0084,42.7808,0.0110,-0.0049,0.0006,0.5868,-0.1009,0.7283,buy
2025-08-07,68.4903,15790800,67.5470,68.7723,67.4206,0.0132,0.0374,0.0192,0.0206,0.0050,53.7859,0.0117,-0.0030,0.0020,0.9116,0.4644,1.0623,hold
2025-08-08,68.4028,9232700,68.4222,68.9182,68.1499,-0.0013,0.0215,0.0169,0.0176,0.0038,51.7928,0.0117,-0.0016,0.0027,0.8547,-0.4153,0.6289,buy
2025-08-11,68.8015,10909400,68.3639,68.9085,68.0332,0.0058,0.0260,0.0391,0.0196,0.0097,57.2377,0.0101,-0.0000,0.0034,0.9365,0.1816,0.7510,hold
2025-08-12,68.7626,11061100,68.8696,69.1029,68.2861,-0.0006,0.0240,0.0192,0.0170,0.0094,60.9619,0.0086,0.0012,0.0037,0.8756,0.0139,0.7656,sell
2025-08-13,68.5195,10356500,68.7431,68.8209,68.2958,-0.0035,0.0137,0.0249,0.0110,0.0061,59.3664,0.0080,0.0018,0.0034,0.7722,-0.0637,0.7239,sell
2025-08-14,67.6345,10722400,68.4417,68.5195,67.4789,-0.0129,-0.0125,0.0245,-0.0045,-0.0066,52.3457,0.0080,0.0013,0.0023,0.5195,0.0353,0.7759,buy
2025-08-15,67.9943,12381100,67.8193,68.4514,67.6540,0.0053,-0.0060,0.0154,-0.0007,-0.0010,62.3816,0.0070,0.0012,0.0018,0.6324,0.1547,0.9043,sell
2025-08-18,67.2261,14094900,68.0527,68.1208,67.1483,-0.0113,-0.0229,0.0025,-0.0122,-0.0120,48.1857,0.0081,0.0003,0.0007,0.4024,0.1384,1.0436,buy
2025-08-19,68.1986,13862200,67.3914,68.2861,67.3331,0.0145,-0.0082,0.0156,0.0005,0.0025,59.5041,0.0093,0.0007,0.0009,0.7031,-0.0165,1.0596,buy
2025-08-20,68.7529,17530800,68.7918,69.7350,68.4709,0.0081,0.0034,0.0171,0.0070,0.0108,70.1578,0.0094,0.0016,0.0015,0.8371,0.2646,1.3582,hold
2025-08-21,68.7140,8840400,68.6556,68.9571,68.3931,-0.0006,0.0160,0.0033,0.0061,0.0106,64.9007,0.0085,0.0023,0.0017,0.7931,-0.4957,0.6948,sell
2025-08-22,68.1986,12999600,69.0057,69.0641,67.9943,-0.0075,0.0030,-0.0030,-0.0012,0.0034,59.0417,0.0088,0.0022,0.0013,0.6299,0.4705,1.0200,sell
2025-08-25,67.0316,13634600,68.1791,68.2958,66.8274,-0.0171,-0.0029,-0.0257,-0.0157,-0.0129,49.2084,0.0100,0.0008,-0.0001,0.2629,0.0488,1.0699,hold
2025-08-26,66.8371,17964200,67.1386,67.1775,66.6912,-0.0029,-0.0200,-0.0280,-0.0158,-0.0152,44.6721,0.0099,-0.0006,-0.0012,0.2209,0.3175,1.4001,hold
2025-08-27,66.9344,11562700,66.9246,66.9733,66.5843,0.0015,-0.0264,-0.0231,-0.0121,-0.0132,37.6923,0.0100,-0.0016,-0.0018,0.2478,-0.3563,0.8973,sell
2025-08-28,66.4773,16209900,66.9830,67.0024,66.3995,-0.0068,-0.0326,-0.0171,-0.0171,-0.0196,35.6105,0.0095,-0.0029,-0.0025,0.0785,0.4019,1.2628,buy
2025-08-29,67.0900,14601100,66.7788,67.2358,66.5454,0.0092,-0.0163,-0.0133,-0.0068,-0.0105,37.6055,0.0099,-0.0032,-0.0022,0.2717,-0.0992,1.1441,hold
2025-09-02,67.1580,24770100,67.0608,67.4303,66.3801,0.0010,0.0019,-0.0010,-0.0056,-0.0096,38.4291,0.0092,-0.0032,-0.0018,0.2909,0.6965,1.8396,hold
2025-09-03,67.0900,33581500,66.7690,67.1969,65.5146,-0.0010,0.0038,-0.0163,-0.0050,-0.0104,39.4244,0.0077,-0.0033,-0.0015,0.2705,0.3557,2.3089,sell
2025-09-04,66.3703,16736000,67.2067,67.5470,66.2342,-0.0107,-0.0084,-0.0347,-0.0122,-0.0204,40.4130,0.0074,-0.0043,-0.0020,0.0899,-0.5016,1.1276,sell
2025-09-05,66.0883,23978000,66.1369,66.6912,66.0008,-0.0042,-0.0059,-0.0382,-0.0125,-0.0241,35.3732,0.0073,-0.0053,-0.0024,0.0705,0.4327,1.5722,sell
2025-09-08,65.5729,21671700,65.9911,66.0105,65.3104,-0.0078,-0.0226,-0.0385,-0.0164,-0.0312,36.8013,0.0073,-0.0067,-0.0030,0.0138,-0.0962,1.3653,buy
2025-09-09,65.9911,14120600,65.4271,66.2342,65.4271,0.0064,-0.0174,-0.0155,-0.0086,-0.0243,30.6644,0.0063,-0.0072,-0.0028,0.1571,-0.3484,0.8807,hold
2025-09-10,65.9522,16041900,65.9230,66.2147,65.3590,-0.0006,-0.0170,-0.0132,-0.0078,-0.0241,23.0338,0.0063,-0.0075,-0.0025,0.1783,0.1361,0.9852,sell
2025-09-11,65.7577,15128700,66.0494,66.2925,65.7188,-0.0029,-0.0092,-0.0176,-0.0090,-0.0258,22.3637,0.0062,-0.0079,-0.0023,0.1628,-0.0569,0.9157,sell
2025-09-12,65.1645,18712400,65.7382,65.8549,65.0964,-0.0090,-0.0140,-0.0197,-0.0160,-0.0335,22.0431,0.0064,-0.0090,-0.0027,0.0747,0.2369,1.1059,sell
2025-09-15,64.8803,15986100,65.3409,65.4389,64.7725,-0.0044,-0.0106,-0.0329,-0.0170,-0.0364,26.3259,0.0051,-0.0100,-0.0029,0.0701,-0.1457,0.9348,hold
2025-09-16,64.9097,18555900,65.0175,65.1743,64.7333,0.0005,-0.0164,-0.0335,-0.0132,-0.0348,27.9899,0.0051,-0.0107,-0.0029,0.1266,0.1608,1.0711,buy
2025-09-17,65.6936,17372300,65.0763,65.7818,65.0763,0.0121,-0.0039,-0.0208,0.0008,-0.0224,37.7522,0.0070,-0.0100,-0.0018,0.3144,-0.0638,0.9927,sell
2025-09-18,65.1253,17722900,65.4585,65.6936,65.0175,-0.0087,-0.0096,-0.0188,-0.0059,-0.0301,36.9406,0.0068,-0.0102,-0.0016,0.2062,0.0202,1.0122,hold
2025-09-19,65.0959,31192900,65.1547,65.3899,64.7235,-0.0005,-0.0011,-0.0150,-0.0049,-0.0298,28.2933,0.0067,-0.0102,-0.0013,0.2075,0.7600,1.6746,sell
2025-09-22,64.8803,13298700,64.8313,65.2527,64.7529,-0.0033,0.0000,-0.0106,-0.0071,-0.0321,25.9770,0.0064,-0.0104,-0.0011,0.1606,-0.5737,0.7134,buy
2025-09-23,65.3703,15072800,65.0175,65.4193,64.5765,0.0076,0.0071,-0.0094,0.0013,-0.0242,33.3447,0.0066,-0.0097,-0.0004,0.3282,0.1334,0.8054,sell
2025-09-24,65.1155,14759300,65.0763,65.4389,64.6353,-0.0039,-0.0088,-0.0127,-0.0013,-0.0273,36.6440,0.0066,-0.0095,-0.0001,0.2726,-0.0208,0.7955,sell
2025-09-25,64.6549,14395000,65.4095,65.5761,64.6255,-0.0071,-0.0072,-0.0168,-0.0067,-0.0334,35.3024,0.0069,-0.0098,-0.0003,0.1622,-0.0247,0.7700,sell
2025-09-26,64.3512,17821600,64.7431,64.9979,64.1846,-0.0047,-0.0114,-0.0125,-0.0101,-0.0367,36.9039,0.0065,-0.0103,-0.0006,0.1168,0.2380,0.9492,buy
2025-09-29,64.7137,14818500,64.3512,64.7725,64.0376,0.0056,-0.0026,-0.0026,-0.0043,-0.0303,36.1430,0.0067,-0.0101,-0.0003,0.2460,-0.1685,0.7888,buy
2025-09-30,64.9881,13815000,64.7431,65.3017,64.6353,0.0042,-0.0058,0.0012,-0.0002,-0.0253,40.0497,0.0069,-0.0094,0.0002,0.3508,-0.0677,0.7574,buy
2025-10-01,65.4389,14877500,65.1743,65.4879,64.9587,0.0069,0.0050,-0.0039,0.0072,-0.0179,46.8747,0.0060,-0.0082,0.0011,0.5618,0.0769,0.8598,sell
2025-10-02,64.7725,14350700,65.1939,65.3115,64.5373,-0.0102,0.0018,-0.0054,-0.0026,-0.0271,46.2120,0.0063,-0.0081,0.0010,0.2682,-0.0354,0.8351,buy
2025-10-03,65.3115,12249200,64.7725,65.6446,64.7137,0.0083,0.0149,0.0033,0.0054,-0.0185,53.9711,0.0069,-0.0072,0.0015,0.5698,-0.1464,0.7380,sell
2025-10-06,64.7725,14333300,65.1547,65.1645,64.5177,-0.0083,0.0009,-0.0017,-0.0027,-0.0259,48.8449,0.0073,-0.0071,0.0013,0.2897,0.1701,0.8831,buy
2025-10-07,65.4487,13328300,64.8901,65.9092,64.5471,0.0104,0.0071,0.0012,0.0076,-0.0155,47.8992,0.0077,-0.0061,0.0018,0.7025,-0.0701,0.8232,sell
2025-10-08,64.7921,12606700,65.3311,65.5271,64.7333,-0.0100,-0.0099,-0.0050,-0.0020,-0.0246,47.1855,0.0083,-0.0061,0.0015,0.3133,-0.0541,0.7869,buy
2025-10-09,65.0371,12705200,64.9587,65.4585,64.7921,0.0038,0.0041,0.0059,0.0011,-0.0203,49.5209,0.0080,-0.0056,0.0015,0.5088,0.0078,0.7991,buy
2025-10-10,65.6936,17991700,65.1841,66.0464,65.0469,0.0101,0.0059,0.0209,0.0092,-0.0103,56.1847,0.0083,-0.0044,0.0022,0.9529,0.4161,1.1342,sell
2025-10-13,65.4585,13690000,64.8999,65.4585,64.6745,-0.0036,0.0106,0.0115,0.0044,-0.0134,50.6977,0.0084,-0.0037,0.0023,0.7600,-0.2391,0.8693,buy
2025-10-14,66.1542,14245600,65.5271,66.2130,65.4095,0.0106,0.0108,0.0179,0.0133,-0.0027,57.6812,0.0089,-0.0023,0.0029,1.0851,0.0406,0.9172,sell
2025-10-15,65.7328,11193700,65.9190,66.3600,65.5761,-0.0064,0.0145,0.0045,0.0064,-0.0086,58.0174,0.0090,-0.0017,0.0029,0.8379,-0.2142,0.7353,buy
2025-10-16,66.2326,15707200,65.8308,66.7422,65.8112,0.0076,0.0184,0.0225,0.0118,-0.0007,63.5977,0.0084,-0.0005,0.0032,1.0182,0.4032,1.0387,buy
2025-10-17,67.0655,15541800,66.6344,67.1243,66.4384,0.0126,0.0209,0.0269,0.0217,0.0123,65.9151,0.0088,0.0013,0.0040,1.1813,-0.0105,1.0838,hold
2025-10-20,67.0655,17786800,67.0557,67.2615,66.5560,0.0000,0.0246,0.0354,0.0182,0.0127,64.6006,0.0081,0.0028,0.0043,1.0524,0.1444,1.2212,buy
2025-10-21,69.7897,33651300,69.1527,69.9563,68.8196,0.0406,0.0550,0.0663,0.0526,0.0536,73.1732,0.0142,0.0068,0.0067,1.3432,0.8919,2.1720,sell
2025-10-22,69.3879,18293000,69.9269,70.1817,69.0940,-0.0058,0.0556,0.0709,0.0393,0.0473,75.2953,0.0137,0.0096,0.0076,1.0971,-0.4564,1.1674,sell
2025-10-23,68.5354,13989400,69.3879,69.5055,68.3198,-0.0123,0.0348,0.0538,0.0212,0.0344,67.0820,0.0150,0.0108,0.0070,0.8974,-0.2353,0.8939,hold
2025-10-24,68.3100,15688200,68.5060,68.6432,68.2512,-0.0033,0.0186,0.0398,0.0139,0.0308,69.3877,0.0152,0.0113,0.0060,0.8248,0.1214,1.0093,buy
2025-10-27,68.6530,13800000,68.3786,68.7118,67.8593,0.0050,0.0237,0.0488,0.0142,0.0358,68.2274,0.0149,0.0119,0.0053,0.8381,-0.1204,0.8908,hold
2025-10-28,68.7510,12730500,68.6432,69.4761,68.5452,0.0014,-0.0149,0.0393,0.0118,0.0368,74.0476,0.0148,0.0123,0.0046,0.8165,-0.0775,0.8246,sell
2025-10-29,66.9773,19789600,68.5158,68.6236,66.7912,-0.0258,-0.0347,0.0189,-0.0162,0.0104,59.9397,0.0174,0.0108,0.0023,0.5422,0.5545,1.2618,buy
2025-10-30,67.5947,14751700,67.0753,67.8985,67.0165,0.0092,-0.0137,0.0206,-0.0091,0.0201,59.7782,0.0174,0.0098,0.0011,0.6176,-0.2546,0.9394,hold
2025-10-31,67.5163,16742700,67.1733,67.6829,66.5364,-0.0012,-0.0116,0.0067,-0.0109,0.0193,60.7582,0.0171,0.0089,0.0002,0.5902,0.1350,1.0511,sell
2025-11-03,66.6050,15660400,67.4183,67.5065,66.3012,-0.0135,-0.0298,-0.0069,-0.0236,0.0060,52.3046,0.0176,0.0072,-0.0014,0.4270,-0.0646,0.9791,buy
2025-11-04,67.2811,12743800,67.0949,67.3497,66.7912,0.0102,-0.0214,-0.0359,-0.0100,0.0161,57.7148,0.0112,0.0064,-0.0017,0.5259,-0.1862,0.7982,hold
2025-11-05,67.1341,12850100,67.2811,67.4477,66.8108,-0.0022,0.0023,-0.0325,-0.0089,0.0138,54.6559,0.0112,0.0055,-0.0020,0.4785,0.0083,0.8043,buy
2025-11-06,67.6731,15906700,66.9283,67.7515,66.5560,0.0080,0.0012,-0.0126,0.0003,0.0217,53.2359,0.0112,0.0054,-0.0017,0.5594,0.2379,0.9857,buy
2025-11-07,69.1332,25108300,68.4080,69.4467,68.0161,0.0216,0.0239,0.0120,0.0207,0.0429,59.5302,0.0133,0.0069,-0.0000,0.8231,0.5785,1.5223,hold
2025-11-10,69.1038,15318000,68.6040,69.2410,68.0455,-0.0004,0.0375,0.0066,0.0196,0.0419,45.7933,0.0132,0.0080,0.0009,0.7938,-0.3899,0.9242,buy
2025-11-11,70.1719,16160200,69.5545,70.3091,69.2409,0.0155,0.0430,0.0207,0.0332,0.0570,54.4445,0.0140,0.0099,0.0023,0.9572,0.0550,0.9694,hold
2025-11-12,70.0739,13612600,70.0543,70.4462,69.9073,-0.0014,0.0438,0.0462,0.0270,0.0546,59.5383,0.0102,0.0112,0.0029,0.9015,-0.1576,0.8107,sell
2025-11-13,69.6427,14002800,69.9857,70.2307,69.5741,-0.0062,0.0291,0.0303,0.0177,0.0471,58.0568,0.0106,0.0117,0.0027,0.7868,0.0287,0.8382,hold
2025-11-14,69.7309,13172000,69.9759,70.2013,69.1822,0.0013,0.0086,0.0328,0.0157,0.0472,56.7237,0.0105,0.0120,0.0024,0.7767,-0.0593,0.7941,sell
2025-11-17,69.2605,14772300,69.7701,70.0935,69.2018,-0.0067,0.0023,0.0399,0.0049,0.0390,53.0373,0.0095,0.0116,0.0016,0.6555,0.1215,0.8987,buy
2025-11-18,69.7897,12838900,69.5643,69.9073,69.1527,0.0076,-0.0054,0.0373,0.0089,0.0458,69.6844,0.0093,0.0117,0.0013,0.7741,-0.1309,0.8339,hold
2025-11-19,69.6819,12401500,69.7701,70.0151,69.3879,-0.0015,-0.0056,0.0380,0.0037,0.0430,65.7311,0.0093,0.0115,0.0010,0.7438,-0.0341,0.8212,hold
2025-11-20,69.7799,15396500,69.5251,70.0445,69.1919,0.0014,0.0020,0.0311,0.0021,0.0432,67.0102,0.0092,0.0114,0.0006,0.7449,0.2415,1.0148,buy
2025-11-21,71.4850,26492500,70.2405,71.7201,70.0543,0.0244,0.0252,0.0340,0.0231,0.0667,82.7631,0.0098,0.0128,0.0018,1.0086,0.7207,1.6861,sell
2025-11-24,71.1322,39818600,71.6907,71.6907,70.1327,-0.0049,0.0270,0.0294,0.0151,0.0594,77.0288,0.0101,0.0136,0.0021,0.8893,0.5030,2.3404,hold
2025-11-25,71.1518,17451200,71.3380,71.4654,70.6912,0.0003,0.0195,0.0140,0.0140,0.0578,78.7114,0.0091,0.0141,0.0021,0.8509,-0.5617,1.0117,buy
2025-11-26,71.4164,11795100,71.1420,71.6221,70.9362,0.0037,0.0249,0.0192,0.0158,0.0599,77.8425,0.0091,0.0145,0.0020,0.8565,-0.3241,0.7000,buy
2025-11-28,71.6516,7423000,71.5340,71.7593,71.2988,0.0033,0.0268,0.0288,0.0162,0.0613,72.9055,0.0086,0.0150,0.0020,0.8535,-0.3707,0.4503,sell
2025-12-01,71.0003,14388100,71.6417,71.9476,70.9805,-0.0091,-0.0068,0.0182,0.0052,0.0498,65.4961,0.0094,0.0146,0.0012,0.7250,0.9383,0.8792,sell
2025-12-02,69.7372,19871300,70.8522,70.8522,69.5003,-0.0178,-0.0196,0.0069,-0.0134,0.0297,46.5577,0.0111,0.0128,-0.0006,0.4879,0.3811,1.1988,hold
2025-12-03,69.8753,17001700,69.9444,70.4575,69.6779,0.0020,-0.0179,0.0012,-0.0115,0.0304,48.4374,0.0108,0.0112,-0.0018,0.4882,-0.1444,1.0127,sell
2025-12-04,69.5201,17710000,69.8950,70.3983,69.4411,-0.0051,-0.0266,-0.0023,-0.0163,0.0238,49.0232,0.0109,0.0095,-0.0028,0.3665,0.0417,1.0398,sell
2025-12-05,69.0760,13978200,69.3918,69.7766,68.9477,-0.0064,-0.0359,-0.0101,-0.0216,0.0159,45.0642,0.0111,0.0076,-0.0039,0.1953,-0.2107,0.8254,buy
2025-12-08,69.3227,17775100,68.9181,69.4510,68.5727,0.0036,-0.0236,-0.0302,-0.0151,0.0181,50.4847,0.0070,0.0062,-0.0042,0.2615,0.2716,1.0728,sell
2025-12-09,69.1648,13010600,69.4411,69.6977,68.9082,-0.0023,-0.0082,-0.0277,-0.0146,0.0144,44.8266,0.0070,0.0048,-0.0044,0.2127,-0.2680,0.7907,hold
2025-12-10,69.2832,29789400,69.4608,69.5990,68.8589,0.0017,-0.0085,-0.0263,-0.0103,0.0149,46.7051,0.0070,0.0039,-0.0043,0.2668,1.2896,1.7385,sell
2025-12-11,68.1977,23124200,69.6187,69.7569,67.8820,-0.0157,-0.0190,-0.0451,-0.0213,-0.0018,38.7592,0.0077,0.0018,-0.0052,0.0328,-0.2237,1.3131,buy
2025-12-12,69.5891,18444500,68.1977,69.6878,68.1287,0.0204,0.0074,-0.0288,0.0016,0.0171,35.9023,0.0109,0.0018,-0.0041,0.3953,-0.2024,1.0343,buy
2025-12-15,70.0332,18660100,69.5003,70.3786,69.3918,0.0064,0.0102,-0.0136,0.0094,0.0222,41.9372,0.0110,0.0022,-0.0029,0.5067,0.0117,1.0305,sell
2025-12-16,69.4411,17370000,70.3588,70.3588,69.3918,-0.0085,0.0040,-0.0042,0.0013,0.0122,38.4221,0.0098,0.0019,-0.0026,0.3493,-0.0691,0.9525,buy
2025-12-17,69.7372,13672700,69.6385,69.9839,69.3819,0.0043,0.0066,-0.0020,0.0058,0.0152,38.6832,0.0099,0.0020,-0.0020,0.4276,-0.2129,0.7480,sell
2025-12-18,69.4312,15524800,69.3424,69.8654,69.2437,-0.0044,0.0181,-0.0013,0.0015,0.0094,35.1778,0.0098,0.0016,-0.0019,0.3518,0.1355,0.8421,sell
2025-12-19,69.1352,36911100,69.1352,69.8358,69.1056,-0.0043,-0.0065,0.0009,-0.0029,0.0039,36.9295,0.0097,0.0010,-0.0020,0.2872,1.3776,1.8918,hold
2025-12-22,69.2832,12828500,69.0069,69.2931,68.7405,0.0021,-0.0107,-0.0006,-0.0007,0.0050,46.2295,0.0097,0.0007,-0.0019,0.3440,-0.6524,0.6814,sell
2025-12-23,68.9477,9471000,69.2734,69.3326,68.7701,-0.0048,-0.0071,-0.0031,-0.0052,-0.0009,42.5398,0.0098,0.0001,-0.0020,0.2754,-0.2617,0.5471,buy
2025-12-24,69.1845,4515300,68.9773,69.2339,68.8293,0.0034,-0.0079,-0.0014,-0.0016,0.0017,47.2492,0.0098,-0.0002,-0.0018,0.3605,-0.5232,0.2710,sell
2025-12-26,68.9477,5711400,69.0267,69.2339,68.8096,-0.0034,-0.0070,0.0110,-0.0061,-0.0027,48.9113,0.0083,-0.0006,-0.0018,0.3037,0.2649,0.3491,buy
2025-12-29,69.2339,9686900,69.0760,69.4904,68.9280,0.0042,0.0014,-0.0051,-0.0015,0.0006,49.2512,0.0051,-0.0007,-0.0015,0.4207,0.6961,0.5881,hold
2025-12-30,69.1451,8610900,69.0760,69.3128,68.8786,-0.0013,-0.0020,-0.0127,-0.0015,-0.0013,49.8317,0.0045,-0.0008,-0.0013,0.3938,-0.1111,0.5321,sell
2025-12-31,68.9872,8127800,69.1451,69.2339,68.9576,-0.0023,0.0006,-0.0065,-0.0031,-0.0041,47.4917,0.0038,-0.0010,-0.0012,0.3152,-0.0561,0.5211,sell
2026-01-02,68.2076,12151300,68.9280,68.9477,68.0695,-0.0113,-0.0141,-0.0219,-0.0122,-0.0149,50.0882,0.0046,-0.0022,-0.0019,-0.0691,0.4950,0.7914,sell
2026-01-05,67.0432,21186600,68.0102,68.0102,67.0234,-0.0171,-0.0276,-0.0344,-0.0257,-0.0311,26.2866,0.0066,-0.0044,-0.0033,-0.2920,0.7436,1.3645,hold
2026-01-06,66.9445,21019900,67.1123,67.3491,66.6978,-0.0015,-0.0331,-0.0317,-0.0240,-0.0321,19.2532,0.0066,-0.0063,-0.0041,-0.1333,-0.0079,1.3237,sell
2026-01-07,66.6485,20223400,67.0925,67.1715,66.3820,-0.0044,-0.0361,-0.0380,-0.0246,-0.0359,20.4591,0.0064,-0.0080,-0.0047,-0.0775,-0.0379,1.2638,buy
2026-01-08,68.4543,19237000,66.6485,68.5431,66.5596,0.0271,-0.0077,-0.0072,0.0026,-0.0097,39.7151,0.0116,-0.0069,-0.0029,0.4101,-0.0488,1.1792,buy
2026-01-09,69.5793,19638600,68.5135,69.7273,68.2076,0.0164,0.0201,0.0057,0.0184,0.0063,51.0490,0.0128,-0.0048,-0.0007,0.7019,0.0209,1.2425,hold
2026-01-12,69.5694,20582500,69.9641,70.0332,69.3128,-0.0001,0.0377,0.0090,0.0174,0.0054,53.2070,0.0127,-0.0031,0.0008,0.6807,0.0481,1.3128,buy
2026-01-13,70.2996,18324800,69.4905,70.2996,69.3424,0.0105,0.0501,0.0154,0.0265,0.0152,56.9128,0.0131,-0.0009,0.0023,0.8476,-0.1097,1.1692,hold
2026-01-14,70.4970,16739100,70.2306,70.7634,69.8753,0.0028,0.0577,0.0196,0.0273,0.0172,60.7388,0.0130,0.0010,0.0034,0.8789,-0.0865,1.0746,sell
2026-01-15,69.5497,15464100,70.6450,70.6549,69.4411,-0.0134,0.0160,0.0082,0.0127,0.0026,52.3039,0.0139,0.0014,0.0031,0.6472,-0.0762,0.9989,hold
2026-01-16,69.5102,20027500,69.3622,69.8062,69.1155,-0.0006,-0.0010,0.0191,0.0102,0.0014,53.6399,0.0132,0.0017,0.0027,0.6415,0.2951,1.2676,buy
2026-01-20,70.8029,22152200,69.0760,70.8325,68.8688,0.0186,0.0177,0.0561,0.0234,0.0190,58.9831,0.0123,0.0033,0.0034,0.9089,0.1061,1.3733,hold
2026-01-21,71.0595,21660600,71.0299,71.2864,69.8950,0.0036,0.0108,0.0615,0.0210,0.0217,60.7539,0.0121,0.0048,0.0039,0.9107,-0.0222,1.4095,hold
2026-01-22,70.9213,13962800,70.8818,71.0891,70.4970,-0.0019,0.0060,0.0641,0.0128,0.0192,60.8889,0.0119,0.0058,0.0040,0.8452,-0.3554,0.9052,buy
2026-01-23,71.9180,18307100,71.0693,72.0956,70.8325,0.0141,0.0341,0.0506,0.0220,0.0326,70.3904,0.0099,0.0075,0.0046,0.9623,0.3111,1.1538,sell
2026-01-26,71.6022,14017400,71.8982,72.3324,71.5825,-0.0044,0.0301,0.0291,0.0146,0.0277,77.6315,0.0094,0.0085,0.0045,0.8616,-0.2343,0.8578,buy
2026-01-27,72.5791,13239200,71.4838,72.5890,71.3160,0.0136,0.0251,0.0433,0.0241,0.0410,80.8648,0.0099,0.0102,0.0049,0.9498,-0.0555,0.7919,sell
2026-01-28,72.0956,14633700,72.2436,72.6482,71.6121,-0.0067,0.0146,0.0255,0.0147,0.0333,79.2372,0.0102,0.0109,0.0045,0.8366,0.1053,0.8626,buy
2026-01-29,72.4607,20862100,72.2140,73.1120,72.1745,0.0051,0.0217,0.0279,0.0170,0.0377,75.4385,0.0102,0.0117,0.0043,0.8467,0.4256,1.1868,buy
2026-01-30,73.8225,26420500,72.7370,73.9113,72.5693,0.0188,0.0265,0.0614,0.0299,0.0558,76.1556,0.0096,0.0135,0.0049,0.9556,0.2664,1.4287,buy
2026-02-02,74.3356,19301500,74.0199,74.7008,73.4179,0.0070,0.0382,0.0694,0.0302,0.0618,77.6631,0.0093,0.0154,0.0055,0.9486,-0.2694,1.0240,buy
2026-02-03,75.8750,27007100,74.2764,76.4770,74.1383,0.0207,0.0454,0.0716,0.0441,0.0819,79.5810,0.0096,0.0180,0.0066,1.0371,0.3992,1.4110,buy
2026-02-04,76.3290,28607300,76.2500,77.0789,76.0625,0.0060,0.0587,0.0742,0.0428,0.0863,80.1222,0.0096,0.0204,0.0073,1.0132,0.0593,1.4655,buy
2026-02-05,77.4737,21633500,76.7928,77.8190,76.5658,0.0150,0.0692,0.0924,0.0491,0.1007,90.1098,0.0092,0.0231,0.0081,1.0547,-0.2438,1.1043,buy
2026-02-06,77.9868,18512400,77.4638,78.1545,77.2270,0.0066,0.0564,0.0844,0.0474,0.1059,90.9436,0.0091,0.0254,0.0085,1.0166,-0.1443,0.9467,sell
2026-02-09,76.9408,23415600,77.6316,78.0657,76.5165,-0.0134,0.0350,0.0746,0.0260,0.0892,80.3711,0.0108,0.0264,0.0074,0.8726,0.2649,1.1860,sell
2026-02-10,75.7961,28848200,75.6185,76.4869,75.0067,-0.0149,-0.0010,0.0443,0.0064,0.0717,71.5439,0.0125,0.0258,0.0052,0.7448,0.2320,1.4312,buy
2026-02-11,77.5625,22649700,75.8652,78.0065,75.5691,0.0233,0.0162,0.0758,0.0225,0.0949,76.3095,0.0131,0.0260,0.0047,0.8602,-0.2149,1.1117,buy
2026-02-12,77.9572,26043500,77.9375,79.3486,77.7500,0.0051,0.0062,0.0759,0.0203,0.0983,75.1231,0.0131,0.0266,0.0043,0.8523,0.1498,1.2498,sell
2026-02-13,77.6414,16711900,77.4145,78.3519,77.0987,-0.0041,-0.0044,0.0517,0.0111,0.0914,75.1231,0.0129,0.0266,0.0034,0.7973,-0.3583,0.7996,buy
2026-02-17,78.5098,16260200,77.9473,78.5887,77.7006,0.0112,0.0204,0.0562,0.0169,0.1009,74.8964,0.0131,0.0268,0.0031,0.8428,-0.0270,0.7850,hold
2026-02-18,78.4407,16304900,78.4506,78.7861,77.8782,-0.0009,0.0349,0.0338,0.0126,0.0972,77.5966,0.0120,0.0269,0.0025,0.8064,0.0027,0.7985,sell
2026-02-19,77.8684,14924700,78.4111,78.6183,77.5526,-0.0073,0.0039,0.0202,0.0032,0.0865,73.1029,0.0124,0.0262,0.0013,0.7322,-0.0846,0.7431,buy
2026-02-20,78.7861,17175100,78.2828,78.7861,77.8486,0.0118,0.0106,0.0169,0.0133,0.0964,72.0421,0.0121,0.0259,0.0010,0.7949,0.1508,0.8484,buy
2026-02-23,79.4966,17157700,78.4703,79.7828,78.4506,0.0090,0.0239,0.0194,0.0205,0.1032,72.5237,0.0122,0.0260,0.0011,0.8335,-0.0010,0.8500,hold
2026-02-24,79.6545,16448500,79.4769,80.0196,78.7960,0.0020,0.0146,0.0353,0.0190,0.1022,68.7562,0.0110,0.0262,0.0010,0.8262,-0.0413,0.8100,hold
2026-02-25,79.4078,18086900,79.3387,79.6249,78.5098,-0.0031,0.0123,0.0477,0.0111,0.0954,65.6001,0.0093,0.0258,0.0005,0.7777,0.0996,0.8801,hold
2026-02-26,79.4374,12843200,79.6841,79.8222,78.9637,0.0004,0.0201,0.0242,0.0091,0.0928,61.2176,0.0066,0.0252,-0.0001,0.7695,-0.2899,0.6277,buy
2026-02-27,80.4834,28483500,79.8716,80.9176,79.7532,0.0132,0.0215,0.0324,0.0191,0.1040,63.4432,0.0074,0.0252,0.0002,0.8958,1.2178,1.3667,sell
2026-03-02,79.1611,18137200,80.1775,80.3255,79.0920,-0.0164,-0.0042,0.0196,0.0005,0.0830,61.6099,0.0095,0.0242,-0.0010,0.6958,-0.3632,0.8879,sell
2026-03-03,78.2927,20549300,78.8058,79.0229,77.5230,-0.0110,-0.0171,-0.0028,-0.0102,0.0686,63.4432,0.0097,0.0222,-0.0026,0.5269,0.1330,1.0029,sell
2026-03-04,77.0691,21011800,78.2434,78.4210,76.7237,-0.0156,-0.0295,-0.0175,-0.0240,0.0497,47.1783,0.0109,0.0193,-0.0048,0.2599,0.0225,1.0407,sell
2026-03-05,76.0132,23165700,76.6546,76.6941,75.4902,-0.0137,-0.0431,-0.0238,-0.0351,0.0334,39.6642,0.0114,0.0156,-0.0070,0.0524,0.1025,1.1630,hold
2026-03-06,76.0231,15516000,75.7862,76.1711,75.3422,0.0001,-0.0554,-0.0351,-0.0316,0.0316,41.1062,0.0104,0.0123,-0.0083,0.0974,-0.3302,0.7911,buy
2026-03-09,76.7730,18554100,75.6086,77.0395,75.5198,0.0099,-0.0302,-0.0343,-0.0186,0.0396,40.3297,0.0105,0.0102,-0.0081,0.2590,0.1958,0.9459,hold
2026-03-10,76.8520,17243900,76.4573,77.3750,76.0823,0.0010,-0.0184,-0.0352,-0.0141,0.0385,41.1635,0.0104,0.0087,-0.0077,0.2752,-0.0706,0.8932,sell
2026-03-11,76.6053,11546800,76.6842,76.6842,75.5889,-0.0032,-0.0060,-0.0353,-0.0137,0.0331,42.7106,0.0104,0.0072,-0.0074,0.2086,-0.3304,0.6262,hold
2026-03-12,76.5855,16842200,76.3980,77.1283,75.8849,-0.0003,0.0075,-0.0359,-0.0103,0.0307,35.8323,0.0104,0.0059,-0.0070,0.2228,0.4586,0.9279,buy
2026-03-13,76.8439,11974500,76.9730,77.5493,76.6948,0.0034,0.0108,-0.0452,-0.0023,0.0321,31.8653,0.0090,0.0050,-0.0062,0.2866,-0.2890,0.6863,buy
2026-03-16,77.3208,11761200,77.4996,77.9269,77.2413,0.0062,0.0071,-0.0232,0.0063,0.0362,34.7131,0.0085,0.0048,-0.0051,0.3783,-0.0178,0.6838,sell
2026-03-17,77.0823,14900100,77.4996,77.7977,76.9532,-0.0031,0.0030,-0.0155,0.0048,0.0305,34.7506,0.0080,0.0043,-0.0045,0.3485,0.2669,0.8698,sell
2026-03-18,75.4827,13134600,76.5855,76.6352,75.3634,-0.0208,-0.0147,-0.0206,-0.0140,0.0069,28.4947,0.0091,0.0023,-0.0054,0.1102,-0.1185,0.7739,sell
2026-03-19,75.0654,13023300,75.5125,75.9596,75.0455,-0.0055,-0.0198,-0.0125,-0.0183,-0.0009,18.3751,0.0083,0.0002,-0.0060,0.0956,-0.0085,0.7716,sell
2026-03-20,74.2705,33298700,75.0852,75.5621,73.9128,-0.0106,-0.0335,-0.0231,-0.0264,-0.0134,19.5807,0.0087,-0.0024,-0.0069,0.0462,1.5569,1.8830,buy
2026-03-23,74.6282,15054900,74.8567,74.9660,74.0718,0.0048,-0.0348,-0.0279,-0.0190,-0.0103,25.6606,0.0081,-0.0039,-0.0068,0.1400,-0.5479,0.8564,sell
2026-03-24,74.1910,15653700,74.3798,75.2045,74.1513,-0.0059,-0.0375,-0.0346,-0.0213,-0.0173,28.6542,0.0080,-0.0056,-0.0068,0.1199,0.0398,0.8925,buy
2026-03-25,74.7673,14787900,74.1115,75.1647,73.5948,0.0078,-0.0095,-0.0240,-0.0113,-0.0110,40.0516,0.0088,-0.0062,-0.0059,0.2272,-0.0553,0.8511,sell
2026-03-26,74.2109,11202100,74.7077,75.2641,74.1711,-0.0074,-0.0114,-0.0310,-0.0156,-0.0194,36.6917,0.0089,-0.0073,-0.0055,0.1750,-0.2425,0.6478,buy
2026-03-27,75.2243,17461000,74.3400,75.5621,74.2208,0.0137,0.0128,-0.0211,-0.0000,-0.0073,39.0503,0.0102,-0.0068,-0.0041,0.3376,0.5587,1.0430,buy
2026-03-30,75.7807,18502800,75.4429,76.5061,75.2343,0.0074,0.0154,-0.0199,0.0095,-0.0016,42.9051,0.0103,-0.0058,-0.0025,0.4634,0.0597,1.1040,hold
2026-03-31,75.5621,18301800,76.0391,76.5259,75.0256,-0.0029,0.0185,-0.0197,0.0086,-0.0060,43.0655,0.0103,-0.0052,-0.0015,0.4392,-0.0109,1.0994,hold
2026-04-01,75.5920,15834300,75.6615,75.8702,74.7772,0.0004,0.0110,0.0014,0.0088,-0.0069,43.4037,0.0079,-0.0047,-0.0008,0.4624,-0.1348,0.9662,buy
2026-04-02,76.2279,14573400,76.0888,76.4663,75.6317,0.0084,0.0272,0.0155,0.0158,0.0001,46.1055,0.0080,-0.0035,0.0003,0.6168,-0.0796,0.9132,buy
2026-04-06,76.7246,8259900,76.1484,76.7843,75.7311,0.0065,0.0199,0.0330,0.0190,0.0051,46.2406,0.0069,-0.0020,0.0014,0.7258,-0.4332,0.5296,sell
2026-04-07,75.4230,12769200,76.7048,77.1022,75.1448,-0.0170,-0.0047,0.0107,0.0007,-0.0129,40.7735,0.0094,-0.0023,0.0010,0.4261,0.5459,0.8342,buy
2026-04-08,76.7942,12331300,75.3237,76.8737,74.8368,0.0182,0.0163,0.0351,0.0154,0.0037,57.4830,0.0104,-0.0009,0.0018,0.7666,-0.0343,0.8188,buy
2026-04-09,77.6785,14311000,76.1583,77.7878,75.8801,0.0115,0.0276,0.0389,0.0231,0.0139,64.1550,0.0106,0.0010,0.0030,0.9396,0.1605,0.9416,sell
2026-04-10,76.9730,11081400,77.4798,77.6685,76.8141,-0.0091,0.0098,0.0372,0.0102,0.0034,64.7827,0.0108,0.0018,0.0030,0.7678,-0.2257,0.7432,sell
2026-04-13,75.9198,12696200,76.8240,76.9532,75.3436,-0.0137,-0.0105,0.0092,-0.0046,-0.0112,56.5657,0.0115,0.0013,0.0020,0.5404,0.1457,0.8494,sell
2026-04-14,75.4131,12397600,75.4827,76.1285,75.3138,-0.0067,-0.0001,-0.0049,-0.0107,-0.0182,56.1685,0.0115,0.0004,0.0009,0.4412,-0.0235,0.8277,sell
2026-04-15,74.8269,16212100,75.2541,75.2541,74.2407,-0.0078,-0.0256,-0.0097,-0.0175,-0.0260,50.3006,0.0117,-0.0010,-0.0004,0.3162,0.3077,1.0776,hold
2026-04-16,74.6977,11501900,74.5487,75.3535,74.4195,-0.0017,-0.0384,-0.0118,-0.0180,-0.0273,52.5654,0.0117,-0.0022,-0.0013,0.2968,-0.2905,0.7687,buy
2026-04-17,75.2541,15033900,74.4692,75.5721,74.3202,0.0074,-0.0223,-0.0128,-0.0094,-0.0198,50.1650,0.0116,-0.0025,-0.0013,0.4354,0.3071,0.9981,hold
2026-04-20,74.9958,10141800,75.3336,75.7311,74.8766,-0.0034,-0.0122,-0.0225,-0.0106,-0.0225,45.5063,0.0113,-0.0030,-0.0014,0.3551,-0.3254,0.7293,sell
2026-04-21,74.2208,11806900,74.9958,75.0455,74.1413,-0.0103,-0.0158,-0.0159,-0.0192,-0.0317,42.7807,0.0105,-0.0043,-0.0021,0.1646,0.1642,0.8591,hold
2026-04-22,74.1513,9352300,74.4195,74.8964,74.0718,-0.0009,-0.0090,-0.0344,-0.0167,-0.0319,42.2790,0.0079,-0.0052,-0.0025,0.1483,-0.2079,0.6965,buy
2026-04-23,75.7907,12060300,74.9561,76.1682,74.6779,0.0221,0.0146,-0.0243,0.0075,-0.0105,47.8846,0.0105,-0.0041,-0.0011,0.5567,0.2896,0.9074,buy
2026-04-24,76.1384,12008700,76.2179,76.5160,75.6814,0.0046,0.0118,-0.0108,0.0133,-0.0056,47.1220,0.0104,-0.0028,0.0001,0.6287,-0.0043,0.9008,sell
2026-04-27,74.9561,15812200,76.2179,76.2179,74.9163,-0.0155,-0.0005,-0.0127,-0.0012,-0.0203,47.6801,0.0106,-0.0031,-0.0001,0.3097,0.3167,1.1934,buy
2026-04-28,77.8474,30710700,79.0099,79.8048,77.5791,0.0386,0.0489,0.0323,0.0340,0.0175,54.5454,0.0162,-0.0002,0.0022,1.0008,0.9422,2.2158,buy
2026-04-29,78.3641,18294700,77.8673,78.7714,77.6884,0.0066,0.0568,0.0473,0.0360,0.0243,53.0558,0.0158,0.0025,0.0039,1.0169,-0.4043,1.3200,hold
2026-04-30,78.2548,15142200,78.2945,78.6125,77.8275,-0.0014,0.0325,0.0476,0.0297,0.0229,56.0337,0.0157,0.0045,0.0047,0.9275,-0.1723,1.0953,hold
2026-05-01,78.0759,12610400,78.7814,79.1291,77.5394,-0.0023,0.0254,0.0375,0.0236,0.0205,61.0601,0.0159,0.0058,0.0048,0.8540,-0.1672,0.9187,sell
2026-05-04,77.6884,12672400,77.5593,78.2647,77.2314,-0.0050,0.0365,0.0359,0.0149,0.0157,61.8163,0.0159,0.0064,0.0044,0.7675,0.0049,0.9086,hold
2026-05-05,77.9766,11637500,77.6884,78.2746,77.2413,0.0037,0.0017,0.0506,0.0137,0.0199,66.8797,0.0152,0.0071,0.0040,0.7871,-0.0817,0.8378,buy
2026-05-06,78.7217,14060300,78.2746,78.8211,78.0660,0.0096,0.0046,0.0616,0.0173,0.0299,70.2298,0.0151,0.0082,0.0041,0.8739,0.2082,1.0059,sell
2026-05-07,77.9269,16531400,78.2846,78.6423,77.5990,-0.0101,-0.0042,0.0282,0.0043,0.0199,63.1220,0.0147,0.0084,0.0034,0.7422,0.1758,1.1734,hold
2026-05-08,77.9169,12447200,78.0660,78.6919,77.6189,-0.0001,-0.0020,0.0234,0.0019,0.0202,64.7000,0.0147,0.0083,0.0026,0.7285,-0.2471,0.8793,hold
2026-05-11,78.1554,10967900,77.6586,78.2250,77.3407,0.0031,0.0060,0.0427,0.0008,0.0239,70.9303,0.0133,0.0083,0.0022,0.7425,-0.1188,0.7795,buy
2026-05-12,79.5166,19883100,78.4932,79.8048,77.7778,0.0174,0.0198,0.0214,0.0161,0.0416,75.0929,0.0078,0.0095,0.0028,0.8947,0.8128,1.3765,buy
2026-05-13,79.7451,12357000,79.3576,80.5102,79.3278,0.0029,0.0130,0.0176,0.0172,0.0442,71.3062,0.0077,0.0107,0.0032,0.8797,-0.3785,0.8671,buy
2026-05-14,79.9339,10642000,80.2121,80.4009,79.3974,0.0024,0.0258,0.0215,0.0174,0.0459,70.8061,0.0076,0.0116,0.0033,0.8644,-0.1388,0.7490,buy
2026-05-15,80.3016,17527200,80.8381,80.8381,79.9339,0.0046,0.0306,0.0285,0.0192,0.0496,82.1770,0.0074,0.0126,0.0034,0.8694,0.6470,1.2228,buy
2026-05-18,80.6791,12375500,80.3512,80.8679,79.8743,0.0047,0.0323,0.0385,0.0201,0.0532,74.4425,0.0069,0.0135,0.0035,0.8767,-0.2939,0.8567,buy
2026-05-19,81.3945,16595200,80.8878,82.1298,80.7387,0.0089,0.0236,0.0438,0.0247,0.0613,75.2902,0.0071,0.0148,0.0039,0.9324,0.3410,1.1301,sell
2026-05-20,81.0269,16999700,81.6429,81.8714,80.9971,-0.0045,0.0161,0.0293,0.0172,0.0553,72.1780,0.0073,0.0153,0.0035,0.8672,0.0244,1.1283,sell
2026-05-21,80.6493,15708400,81.2653,81.2753,80.2022,-0.0047,0.0089,0.0349,0.0090,0.0493,69.9537,0.0064,0.0153,0.0027,0.7871,-0.0760,1.0301,buy
2026-05-22,80.9573,8240200,80.6592,81.1560,80.4009,0.0038,0.0082,0.0390,0.0090,0.0521,75.6630,0.0063,0.0152,0.0022,0.8072,-0.4754,0.5471,sell
2026-05-26,79.9439,13004200,80.3214,81.0765,79.7253,-0.0125,-0.0091,0.0229,-0.0059,0.0381,63.8654,0.0082,0.0142,0.0008,0.6346,0.5781,0.8716,buy
2026-05-27,81.0964,13209600,80.5798,81.9807,80.2817,0.0144,-0.0037,0.0199,0.0065,0.0520,65.8277,0.0076,0.0141,0.0007,0.8231,0.0158,0.9405,sell
2026-05-28,79.8942,14691400,80.7983,81.2355,79.8246,-0.0148,-0.0140,0.0019,-0.0086,0.0357,62.4371,0.0092,0.0130,-0.0005,0.5784,0.1122,1.0596,sell
2026-05-29,78.5032,32477000,79.5265,79.8147,78.4038,-0.0174,-0.0266,-0.0179,-0.0241,0.0169,53.1551,0.0107,0.0106,-0.0025,0.3025,1.2106,2.2045,sell
2026-06-01,78.1355,12776300,78.0759,78.6919,77.9269,-0.0047,-0.0349,-0.0270,-0.0261,0.0113,49.8945,0.0105,0.0081,-0.0040,0.2287,-0.6066,0.8668,hold
2026-06-02,77.9070,12533200,78.3740,78.6919,77.7480,-0.0029,-0.0255,-0.0344,-0.0256,0.0074,40.2878,0.0102,0.0058,-0.0051,0.1774,-0.0190,0.8507,buy
2026-06-03,78.2548,14964300,77.7878,78.5230,77.6089,0.0045,-0.0350,-0.0386,-0.0174,0.0109,41.1348,0.0097,0.0043,-0.0053,0.2407,0.1940,1.0043,sell
2026-06-04,76.3272,19361600,79.2682,79.5266,76.3173,-0.0246,-0.0446,-0.0580,-0.0359,-0.0145,32.2234,0.0117,0.0011,-0.0070,-0.0441,0.2939,1.2768,buy
2026-06-05,78.9701,25708100,77.0128,80.2221,76.9830,0.0346,0.0059,-0.0208,-0.0004,0.0185,44.6400,0.0174,0.0012,-0.0053,0.4102,0.3278,1.6455,hold
2026-06-08,79.0298,12828900,78.8012,79.4173,78.5926,0.0008,0.0114,-0.0238,0.0028,0.0180,43.1856,0.0173,0.0014,-0.0041,0.4080,-0.5010,0.8201,buy
2026-06-09,80.8182,20591600,79.0397,81.2355,78.8708,0.0226,0.0374,0.0109,0.0244,0.0396,47.8129,0.0185,0.0032,-0.0017,0.7197,0.6051,1.2771,buy
2026-06-10,83.0538,20880500,82.1496,83.3121,81.5932,0.0277,0.0613,0.0241,0.0501,0.0663,56.7371,0.0200,0.0067,0.0015,1.0280,0.0140,1.2910,sell
2026-06-11,82.0006,14264500,83.3817,83.5009,81.9608,-0.0127,0.0743,0.0264,0.0341,0.0511,54.2984,0.0198,0.0085,0.0026,0.8212,-0.3169,0.8768,hold
2026-06-12,82.0900,11757700,82.1794,82.3583,81.3448,0.0011,0.0395,0.0457,0.0305,0.0505,53.6538,0.0185,0.0098,0.0032,0.8050,-0.1757,0.7202,sell
2026-06-15,80.9100,20055200,81.0800,81.2000,80.2500,-0.0144,0.0238,0.0355,0.0122,0.0341,53.0835,0.0193,0.0098,0.0024,0.6231,0.7057,1.2191,sell
2026-06-16,80.2800,17565100,81.1500,81.3900,79.8400,-0.0078,-0.0067,0.0305,0.0013,0.0251,47.3045,0.0195,0.0089,0.0012,0.5325,-0.1242,1.0511,hold
2026-06-17,79.9300,17055400,79.9500,80.3300,78.9900,-0.0044,-0.0376,0.0214,-0.0051,0.0195,50.1253,0.0197,0.0078,0.0000,0.4911,-0.0290,1.0192,sell
2026-06-18,79.3900,46857900,79.8700,80.0100,78.7400,-0.0068,-0.0318,0.0401,-0.0156,0.0119,53.2991,0.0177,0.0063,-0.0012,0.4208,1.7474,2.5709,hold
2026-06-22,79.5300,21205900,79.2500,80.0600,79.0600,0.0018,-0.0312,0.0071,-0.0145,0.0132,55.2769,0.0140,0.0051,-0.0019,0.4506,-0.5474,1.1462,buy
2026-06-23,80.3100,16854000,81.3300,81.3300,79.8300,0.0098,-0.0074,0.0162,-0.0064,0.0223,58.7289,0.0143,0.0049,-0.0016,0.5764,-0.2052,0.8902,hold
2026-06-24,80.6000,20632600,80.8900,81.5800,80.5600,0.0036,0.0040,-0.0027,-0.0026,0.0248,58.5550,0.0123,0.0050,-0.0012,0.6157,0.2242,1.0683,hold
2026-06-25,80.4200,16021400,80.5300,81.3800,79.9700,-0.0022,0.0061,-0.0317,-0.0016,0.0212,67.1115,0.0075,0.0048,-0.0011,0.5943,-0.2235,0.8235,buy
2026-06-26,82.6300,53357500,80.9600,82.8100,80.7000,0.0275,0.0408,0.0077,0.0251,0.0472,65.8762,0.0115,0.0067,0.0007,0.8896,2.3304,2.4948,hold
2026-06-29,82.6500,15015800,82.8300,83.6200,82.2100,0.0002,0.0392,0.0068,0.0246,0.0453,65.7585,0.0115,0.0081,0.0017,0.8491,-0.7186,0.7320,sell
2026-06-30,81.2700,16422100,82.5000,82.5400,81.0100,-0.0167,0.0120,0.0044,0.0071,0.0263,52.0391,0.0119,0.0080,0.0012,0.6374,0.0937,0.7935,hold
2026-07-01,81.2900,21734800,81.7000,81.9800,80.9600,0.0002,0.0086,0.0126,0.0060,0.0249,40.0494,0.0115,0.0077,0.0007,0.6218,0.3235,1.0273,buy
2026-07-02,84.1400,18308400,81.6300,84.1400,81.4000,0.0351,0.0463,0.0527,0.0359,0.0582,60.0353,0.0155,0.0099,0.0025,0.9800,-0.1576,0.8586,sell
2026-07-06,82.9600,18992600,84.1000,84.5600,82.3200,-0.0140,0.0040,0.0450,0.0169,0.0411,53.7021,0.0162,0.0107,0.0025,0.8149,0.0374,0.8914,buy
2026-07-07,84.0500,17835200,84.6000,85.6800,83.6400,0.0131,0.0169,0.0568,0.0246,0.0526,63.4648,0.0164,0.0119,0.0032,0.9429,-0.0609,0.8529,sell
2026-07-08,83.4000,14160000,84.1700,84.8300,83.2700,-0.0077,0.0262,0.0385,0.0129,0.0425,63.3562,0.0169,0.0124,0.0028,0.8077,-0.2061,0.6750,sell
2026-07-09,82.6300,15782500,82.0900,82.8200,81.7100,-0.0092,0.0165,0.0252,0.0010,0.0309,61.1570,0.0174,0.0119,0.0018,0.6611,0.1146,0.7610,buy
2026-07-10,83.4900,10694600,82.7300,83.7400,82.4100,0.0104,-0.0077,0.0382,0.0077,0.0402,66.5056,0.0174,0.0120,0.0016,0.7978,-0.3224,0.5287,buy
2026-07-13,84.2500,12085800,83.9000,84.6800,83.6700,0.0091,0.0155,0.0196,0.0149,0.0481,68.0981,0.0155,0.0127,0.0019,0.8791,0.1301,0.6007,sell
2026-07-14,83.0800,13775400,84.1700,84.6300,83.0800,-0.0139,-0.0115,0.0052,0.0003,0.0323,60.3127,0.0163,0.0122,0.0010,0.6868,0.1398,0.6813,sell
2026-07-15,82.4500,18383800,82.9300,83.2400,82.2300,-0.0076,-0.0114,0.0145,-0.0087,0.0234,56.7175,0.0155,0.0110,-0.0002,0.5790,0.3345,0.9129,buy
2026-07-16,84.9200,17889900,83.5000,84.9500,83.2800,0.0300,0.0277,0.0447,0.0166,0.0522,64.0099,0.0179,0.0119,0.0008,0.9040,-0.0269,0.8877,sell
2026-07-17,81.5600,32903000,85.3700,85.5600,80.8300,-0.0396,-0.0231,-0.0307,-0.0206,0.0096,46.8913,0.0192,0.0100,-0.0013,0.3938,0.8392,1.5709,buy
2026-07-20,82.1200,14967200,81.5500,82.3700,81.3000,0.0069,-0.0253,-0.0101,-0.0129,0.0157,48.5070,0.0190,0.0085,-0.0022,0.4549,-0.5451,0.7735,hold
2026-07-21,81.9700,12949400,81.9700,82.4000,81.3200,-0.0018,-0.0134,-0.0247,-0.0123,0.0128,52.1187,0.0184,0.0071,-0.0028,0.3983,-0.1348,0.6838,hold
2026-07-22,82.2000,11701300,82.8500,82.9200,81.9600,0.0028,-0.0030,-0.0144,-0.0080,0.0146,52.7197,0.0184,0.0061,-0.0030,0.4175,-0.0964,0.6264,sell
2026-07-23,81.1700,13755600,81.6700,81.8700,80.8800,-0.0125,-0.0442,-0.0177,-0.0187,0.0012,40.0402,0.0185,0.0044,-0.0039,0.1906,0.1756,0.7502,buy
2026-07-24,82.2500,11980400,81.5700,82.3300,80.9000,0.0133,0.0085,-0.0149,-0.0042,0.0138,47.6030,0.0188,0.0039,-0.0034,0.3889,-0.1291,0.6606,buy
2026-07-27,84.0700,19937600,83.0800,84.1400,82.5000,0.0221,0.0237,-0.0021,0.0181,0.0351,50.0643,0.0200,0.0052,-0.0016,0.7875,0.6642,1.2110,buy
2026-07-28,88.2700,34982900,88.3000,90.2200,86.2500,0.0500,0.0769,0.0625,0.0622,0.0846,62.7553,0.0247,0.0097,0.0026,1.2872,0.7546,2.0034,buy
2026-07-29,89.0800,21711700,88.6500,90.9200,88.6400,0.0092,0.0837,0.0804,0.0635,0.0922,66.8583,0.0242,0.0139,0.0055,1.1779,-0.3794,1.2248,hold
2026-07-30,88.4900,17616100,87.6300,88.6400,87.2100,-0.0066,0.0902,0.0420,0.0520,0.0829,63.2556,0.0233,0.0167,0.0066,1.0099,-0.1886,1.0054,sell
2026-07-31,87.5900,14725900,87.6600,88.0000,86.8200,-0.0102,0.0649,0.0739,0.0339,0.0703,58.7895,0.0185,0.0180,0.0062,0.8684,-0.1641,0.8492,sell
2026-08-03,86.8600,23197100,88.4800,88.4800,86.6300,-0.0083,0.0332,0.0577,0.0195,0.0598,60.1832,0.0191,0.0182,0.0050,0.7661,0.5753,1.3216,hold
