date,close,volume,open,high,low,return_1d,return_5d,return_10d,price_vs_ma10,price_vs_ma50,rsi_14,volatility_10d,macd_norm,macd_hist_norm,bb_position,volume_change,volume_vs_avg20,label
2021-09-10,71.6726,18240600,71.9359,73.7496,71.6336,0.0086,-0.0066,0.0100,0.0005,-0.0272,64.9589,0.0104,-0.0084,0.0033,0.6890,0.2461,1.0490,buy
2021-09-13,72.5014,15796700,72.7062,73.3498,71.6921,0.0116,0.0073,0.0047,0.0116,-0.0144,62.7070,0.0096,-0.0065,0.0040,0.8080,-0.1340,0.9340,sell
2021-09-14,71.6628,13945100,71.9554,72.2772,71.0973,-0.0116,-0.0020,0.0045,-0.0006,-0.0241,56.9330,0.0096,-0.0060,0.0037,0.6367,-0.1172,0.8349,buy
2021-09-15,71.9846,15258800,71.1362,72.0919,69.9758,0.0045,0.0214,0.0016,0.0037,-0.0178,48.7991,0.0094,-0.0052,0.0037,0.6777,0.0942,0.9198,buy
2021-09-16,72.7745,12867700,71.4776,73.0963,70.9705,0.0110,0.0242,0.0123,0.0135,-0.0061,60.6898,0.0100,-0.0035,0.0042,0.8102,-0.1567,0.7783,sell
2021-09-17,72.4527,20449600,72.5600,72.6477,71.4971,-0.0044,0.0109,0.0042,0.0086,-0.0097,51.9231,0.0101,-0.0026,0.0041,0.7344,0.5892,1.2279,sell
2021-09-20,70.5707,23228300,70.7950,70.9510,69.4200,-0.0260,-0.0266,-0.0195,-0.0157,-0.0338,45.5567,0.0132,-0.0040,0.0023,0.1840,0.1359,1.3596,hold
2021-09-21,70.3464,16026800,71.1070,71.3118,69.8783,-0.0032,-0.0184,-0.0204,-0.0168,-0.0350,40.9090,0.0132,-0.0053,0.0008,0.0884,-0.3100,0.9555,buy
2021-09-22,72.1309,16996100,71.2240,72.7257,70.8340,0.0254,0.0020,0.0235,0.0058,-0.0093,51.2031,0.0143,-0.0041,0.0015,0.6557,0.0605,1.0166,hold
2021-09-23,72.1992,17304500,71.7798,72.9305,71.4288,0.0009,-0.0079,0.0161,0.0051,-0.0072,50.2454,0.0142,-0.0031,0.0020,0.6802,0.0181,1.0983,hold
2021-09-24,72.2089,14804300,71.4776,72.6477,71.2533,0.0001,-0.0034,0.0075,0.0045,-0.0063,51.1978,0.0139,-0.0023,0.0022,0.6646,-0.1445,0.9563,buy
2021-09-27,73.3108,18435200,71.8189,73.9934,71.6823,0.0153,0.0388,0.0112,0.0187,0.0089,57.0127,0.0143,-0.0004,0.0032,0.9911,0.2453,1.1778,sell
2021-09-28,71.2825,27311500,72.6477,73.1255,71.2435,-0.0277,0.0133,-0.0053,-0.0089,-0.0187,53.5501,0.0166,-0.0012,0.0020,0.3249,0.4815,1.6676,sell
2021-09-29,69.8588,38169200,69.3908,71.4970,68.4741,-0.0200,-0.0315,-0.0295,-0.0259,-0.0373,45.0995,0.0176,-0.0035,-0.0001,-0.0287,0.3976,2.1754,sell
2021-09-30,69.3120,16923300,70.5033,70.8939,69.1948,-0.0078,-0.0400,-0.0476,-0.0288,-0.0433,40.3020,0.0169,-0.0059,-0.0020,-0.0535,-0.5566,0.9566,hold
2021-10-01,69.3218,17813800,69.6635,69.8881,68.4527,0.0001,-0.0400,-0.0432,-0.0244,-0.0420,35.9942,0.0170,-0.0076,-0.0030,0.0322,0.0526,0.9984,sell
2021-10-04,68.9605,19525700,68.9409,69.8881,68.7066,-0.0052,-0.0593,-0.0228,-0.0273,-0.0456,37.5741,0.0152,-0.0094,-0.0038,0.0349,0.0961,1.0637,hold
2021-10-05,68.8433,14512100,69.5366,69.5366,67.9742,-0.0017,-0.0342,-0.0214,-0.0269,-0.0458,35.2788,0.0152,-0.0108,-0.0042,0.0771,-0.2568,0.7852,sell
2021-10-06,68.2964,17899300,68.1597,68.7261,67.4078,-0.0079,-0.0224,-0.0532,-0.0293,-0.0523,28.5254,0.0118,-0.0125,-0.0046,0.0426,0.2334,0.9671,buy
2021-10-07,68.8823,15236100,68.7456,69.9858,68.4722,0.0086,-0.0062,-0.0459,-0.0164,-0.0429,33.3012,0.0125,-0.0128,-0.0040,0.1749,-0.1488,0.8219,sell
2021-10-08,68.4722,13666200,69.2632,69.2729,68.0621,-0.0060,-0.0123,-0.0517,-0.0170,-0.0468,38.6182,0.0124,-0.0136,-0.0038,0.1530,-0.1030,0.7464,sell
2021-10-11,67.5933,12700200,68.2574,68.7065,67.5543,-0.0128,-0.0198,-0.0780,-0.0216,-0.0569,36.0579,0.0103,-0.0151,-0.0042,0.0804,-0.0707,0.6996,sell
2021-10-12,65.1521,36911700,67.7593,67.7984,64.1268,-0.0361,-0.0536,-0.0860,-0.0484,-0.0883,16.8621,0.0122,-0.0197,-0.0066,-0.1023,1.9064,1.9123,sell
2021-10-13,64.8201,17532400,65.1716,65.8356,64.6736,-0.0051,-0.0509,-0.0721,-0.0463,-0.0894,15.8177,0.0116,-0.0231,-0.0080,-0.0300,-0.5250,0.9030,buy
2021-10-14,66.2067,15541600,65.6989,66.4801,65.2400,0.0214,-0.0388,-0.0448,-0.0214,-0.0663,25.3412,0.0147,-0.0232,-0.0067,0.1550,-0.1135,0.7950,hold
2021-10-15,66.0895,11786100,66.4899,66.8512,65.8942,-0.0018,-0.0348,-0.0466,-0.0184,-0.0644,17.7213,0.0147,-0.0236,-0.0057,0.1775,-0.2416,0.6165,sell
2021-10-18,65.6794,11849300,65.4353,66.0407,64.7322,-0.0062,-0.0283,-0.0476,-0.0198,-0.0665,20.7185,0.0147,-0.0242,-0.0050,0.1737,0.0054,0.6389,buy
2021-10-19,65.9821,16930300,65.7868,66.2946,65.0740,0.0046,0.0127,-0.0416,-0.0110,-0.0589,27.0520,0.0150,-0.0239,-0.0038,0.2322,0.4288,0.9106,buy
2021-10-20,66.6657,19457800,65.6208,67.5738,65.4353,0.0104,0.0285,-0.0239,0.0017,-0.0471,34.5847,0.0156,-0.0223,-0.0020,0.3190,0.1493,1.0397,buy
2021-10-21,67.0270,11140700,66.3532,67.0856,66.0798,0.0054,0.0124,-0.0269,0.0099,-0.0403,37.1585,0.0153,-0.0205,-0.0002,0.3742,-0.4274,0.6052,sell
2021-10-22,65.9235,17892100,66.9000,67.4664,65.5036,-0.0165,-0.0025,-0.0372,-0.0029,-0.0554,34.3088,0.0159,-0.0206,0.0000,0.2749,0.6060,0.9639,buy
2021-10-25,67.1441,23341300,67.9839,69.4487,66.9293,0.0185,0.0223,-0.0066,0.0163,-0.0373,42.1195,0.0170,-0.0184,0.0015,0.4389,0.3046,1.2411,hold
2021-10-26,67.3199,14267900,67.7398,68.1792,66.8610,0.0026,0.0203,0.0333,0.0156,-0.0343,45.3095,0.0115,-0.0165,0.0027,0.4906,-0.3887,0.7859,sell
2021-10-27,66.6364,13541900,66.9098,67.0758,65.8649,-0.0102,-0.0004,0.0280,0.0025,-0.0435,39.3123,0.0120,-0.0158,0.0029,0.3984,-0.0509,0.8002,buy
2021-10-28,67.9449,16966000,67.6617,68.6968,67.5543,0.0196,0.0137,0.0263,0.0196,-0.0244,47.6883,0.0117,-0.0131,0.0042,0.6473,0.2529,1.0024,sell
2021-10-29,67.4762,11440900,66.7828,67.9156,66.4411,-0.0069,0.0236,0.0210,0.0104,-0.0309,49.4671,0.0121,-0.0117,0.0045,0.5837,-0.3257,0.6889,buy
2021-11-01,69.0385,11988400,67.3492,69.3022,67.3199,0.0232,0.0282,0.0511,0.0286,-0.0086,69.2085,0.0133,-0.0084,0.0060,0.8919,0.0479,0.7387,hold
2021-11-02,69.0972,9761100,68.8335,69.1850,68.3941,0.0008,0.0264,0.0472,0.0248,-0.0075,71.7262,0.0134,-0.0058,0.0068,0.8947,-0.1858,0.6104,buy
2021-11-03,69.5757,10266900,69.0581,69.6538,68.6089,0.0069,0.0441,0.0437,0.0274,-0.0004,68.8525,0.0133,-0.0032,0.0075,0.9435,0.0518,0.6577,buy
2021-11-04,70.5424,15936600,70.6693,70.7767,69.3706,0.0139,0.0382,0.0524,0.0363,0.0139,72.7545,0.0136,-0.0000,0.0084,1.0438,0.5522,1.0186,buy
2021-11-05,71.2064,13019300,71.2845,72.0071,70.6596,0.0094,0.0553,0.0801,0.0380,0.0234,77.5292,0.0113,0.0032,0.0092,1.0495,-0.1831,0.8338,buy
2021-11-08,72.8079,18742300,71.5970,73.2668,71.4017,0.0225,0.0546,0.0844,0.0527,0.0462,80.1034,0.0118,0.0073,0.0106,1.1079,0.4396,1.1776,buy
2021-11-09,73.8137,20127300,73.3352,74.4777,72.8079,0.0138,0.0683,0.0965,0.0573,0.0599,80.6533,0.0117,0.0114,0.0117,1.0852,0.0739,1.3350,sell
2021-11-10,71.6849,15228300,72.4173,73.3840,71.4798,-0.0288,0.0303,0.0758,0.0194,0.0294,67.3455,0.0159,0.0126,0.0104,0.8336,-0.2434,1.0178,buy
2021-11-11,72.7981,12192600,72.2805,73.1985,71.8900,0.0155,0.0320,0.0714,0.0282,0.0451,75.5814,0.0156,0.0142,0.0096,0.8925,-0.1993,0.8242,buy
2021-11-12,75.4835,26553200,73.2571,76.1866,73.1887,0.0369,0.0601,0.1187,0.0542,0.0826,77.9817,0.0173,0.0177,0.0106,1.0379,1.1778,1.7096,sell
2021-11-15,74.9757,12650700,75.9327,76.4405,74.7999,-0.0067,0.0298,0.0860,0.0385,0.0744,75.1283,0.0176,0.0203,0.0105,0.9329,-0.5236,0.8124,hold
2021-11-16,75.0050,11807600,74.7609,75.3370,73.9992,0.0004,0.0161,0.0855,0.0304,0.0739,78.7006,0.0176,0.0220,0.0097,0.8869,-0.0666,0.7709,sell
2021-11-17,73.6867,11600500,74.6827,74.7706,73.4230,-0.0176,0.0279,0.0591,0.0066,0.0540,69.6787,0.0195,0.0220,0.0077,0.7560,-0.0175,0.7773,buy
2021-11-18,75.2100,16848200,75.0929,75.6788,73.9699,0.0207,0.0331,0.0662,0.0209,0.0745,74.7191,0.0199,0.0227,0.0069,0.8378,0.4524,1.1078,buy
2021-11-19,81.0788,47216100,77.0752,81.8893,77.0752,0.0780,0.0741,0.1386,0.0861,0.1553,80.1762,0.0302,0.0274,0.0102,1.1334,1.8024,2.8316,buy
2021-11-22,81.8893,34775200,81.6940,85.6098,81.6940,0.0100,0.0922,0.1247,0.0837,0.1637,80.8962,0.0300,0.0325,0.0124,1.0639,-0.2635,2.0164,buy
2021-11-23,83.4029,31823300,83.0416,85.6489,82.3483,0.0185,0.1120,0.1299,0.0899,0.1813,81.8059,0.0301,0.0372,0.0139,1.0427,-0.0849,1.7558,buy
2021-11-24,84.1841,21666100,82.7584,85.1118,82.6217,0.0094,0.1425,0.1744,0.0825,0.1882,81.6493,0.0264,0.0412,0.0146,1.0014,-0.3192,1.1692,sell
2021-11-26,81.4597,16487200,81.1765,82.0749,80.0535,-0.0324,0.0831,0.1190,0.0359,0.1470,71.7122,0.0306,0.0430,0.0124,0.8303,-0.2390,0.8909,buy
2021-11-29,84.1157,18889800,82.3971,84.2427,82.1823,0.0326,0.0375,0.1144,0.0580,0.1805,72.9216,0.0303,0.0440,0.0115,0.9107,0.1457,1.0006,sell
2021-11-30,82.0260,27301000,83.5689,84.8774,81.9772,-0.0248,0.0017,0.0940,0.0227,0.1475,65.9462,0.0319,0.0445,0.0089,0.7818,0.4453,1.3897,buy
2021-12-01,83.1490,31633400,84.5161,86.9573,83.0025,0.0137,-0.0030,0.1086,0.0263,0.1590,73.1649,0.0318,0.0439,0.0071,0.8058,0.1587,1.5254,sell
2021-12-02,80.9324,22994500,80.6882,81.6257,79.4383,-0.0267,-0.0386,0.0983,-0.0099,0.1254,65.7348,0.0328,0.0425,0.0037,0.6775,-0.2731,1.0758,sell
2021-12-03,79.7020,19167200,81.7428,82.4459,78.7450,-0.0152,-0.0216,0.0597,-0.0303,0.1060,58.6469,0.0335,0.0393,-0.0001,0.5960,-0.1664,0.8900,buy
2021-12-06,80.5124,15094900,79.9070,81.2741,78.6376,0.0102,-0.0428,-0.0070,-0.0198,0.1146,61.2100,0.0223,0.0363,-0.0021,0.6214,-0.2125,0.6975,buy
2021-12-07,83.8130,21716900,82.4361,84.9946,82.3483,0.0410,0.0218,0.0235,0.0180,0.1570,65.7472,0.0258,0.0357,-0.0010,0.7822,0.4387,0.9967,hold
2021-12-08,83.9985,12908500,83.4322,84.3110,82.0553,0.0022,0.0102,0.0071,0.0195,0.1555,69.2140,0.0252,0.0360,-0.0005,0.7657,-0.4056,0.6024,sell
2021-12-09,82.9342,11964300,83.2955,84.5063,82.6412,-0.0127,0.0247,-0.0148,0.0081,0.1367,64.6428,0.0254,0.0353,-0.0013,0.6858,-0.0731,0.5626,hold
2021-12-10,83.5298,11955900,82.3580,83.6666,82.1530,0.0072,0.0480,0.0254,0.0128,0.1405,55.8075,0.0229,0.0343,-0.0016,0.7063,-0.0007,0.5626,sell
2021-12-13,82.3678,13054400,84.5747,85.3266,82.2213,-0.0139,0.0230,-0.0208,0.0009,0.1206,51.1152,0.0208,0.0327,-0.0030,0.6074,0.0919,0.6344,sell
2021-12-14,81.3327,12082500,81.2644,82.7779,80.9616,-0.0126,-0.0296,-0.0085,-0.0109,0.1028,45.0651,0.0197,0.0301,-0.0049,0.5093,-0.0744,0.5880,buy
2021-12-15,83.6470,13971500,81.5183,83.7740,80.1316,0.0285,-0.0042,0.0060,0.0167,0.1297,48.8070,0.0213,0.0288,-0.0041,0.6785,0.1563,0.6763,sell
2021-12-16,80.7468,16503200,83.8618,84.2915,80.2000,-0.0347,-0.0264,-0.0023,-0.0184,0.0868,48.4287,0.0226,0.0263,-0.0063,0.3506,0.1812,0.7895,hold
2021-12-17,81.0495,23165900,79.7019,81.3327,79.0379,0.0037,-0.0297,0.0169,-0.0163,0.0873,42.4591,0.0220,0.0234,-0.0072,0.2767,0.4037,1.0918,sell
2021-12-20,80.1023,22346800,80.2097,81.2937,79.0087,-0.0117,-0.0275,-0.0051,-0.0273,0.0713,44.9873,0.0221,0.0202,-0.0086,0.1315,-0.0354,1.1187,buy
2021-12-21,88.5490,58363600,86.8988,88.9982,85.2973,0.1054,0.0887,0.0565,0.0691,0.1777,60.1842,0.0387,0.0233,-0.0022,1.2390,1.6117,2.7589,hold
2021-12-22,88.2170,18593900,87.8850,88.3538,86.8304,-0.0037,0.0546,0.0502,0.0597,0.1661,64.7898,0.0388,0.0267,0.0009,1.0674,-0.6814,0.9073,buy
2021-12-23,92.2012,36400100,88.5686,92.7675,88.2268,0.0452,0.1419,0.1117,0.0954,0.2100,72.8246,0.0401,0.0312,0.0052,1.2092,0.9576,1.7146,hold
2021-12-27,92.2109,17110100,91.5176,92.6992,90.5509,0.0001,0.1377,0.1039,0.0843,0.2019,72.0059,0.0402,0.0353,0.0074,1.0687,-0.5299,0.8048,sell
2021-12-28,90.7559,13683800,91.5469,91.6836,89.8966,-0.0158,0.1330,0.1018,0.0568,0.1754,64.0348,0.0403,0.0374,0.0073,0.9133,-0.2003,0.6516,buy
2021-12-29,93.9100,32234600,91.7910,94.4764,91.7031,0.0348,0.0605,0.1546,0.0777,0.2074,67.8887,0.0401,0.0396,0.0084,1.0064,1.3557,1.5171,sell
2021-12-30,91.6836,19327800,92.1816,93.2655,91.2344,-0.0237,0.0393,0.0961,0.0425,0.1711,65.1556,0.0416,0.0410,0.0072,0.8426,-0.4004,0.9368,hold
2021-12-31,91.0580,13660600,91.8889,92.2995,90.9407,-0.0068,-0.0124,0.1277,0.0234,0.1559,63.0266,0.0391,0.0405,0.0052,0.7795,-0.2932,0.6774,buy
2022-01-03,93.5996,18705500,91.8009,93.6876,91.3806,0.0279,0.0151,0.1548,0.0374,0.1802,68.5497,0.0392,0.0406,0.0050,0.8667,0.3693,0.9287,hold
2022-01-04,94.1763,19725000,93.4530,94.4207,91.4392,0.0062,0.0377,0.1757,0.0277,0.1790,71.5378,0.0383,0.0413,0.0047,0.8543,0.0545,0.9682,sell
2022-01-05,92.2799,28613100,93.2379,96.2389,92.2310,-0.0201,-0.0174,0.0421,0.0029,0.1481,64.6824,0.0239,0.0408,0.0027,0.7364,0.4506,1.3810,buy
2022-01-06,93.5018,22320300,92.9642,94.5380,92.0062,0.0132,0.0198,0.0599,0.0104,0.1557,73.0067,0.0239,0.0397,0.0018,0.7673,-0.2199,1.0534,sell
2022-01-07,92.3288,14857900,93.9319,95.0072,91.8302,-0.0125,0.0140,0.0014,-0.0024,0.1340,69.7255,0.0201,0.0384,-0.0000,0.6907,-0.3343,0.6964,hold
2022-01-10,91.7813,20290000,92.1430,93.5214,88.9954,-0.0059,-0.0194,-0.0047,-0.0078,0.1208,70.7141,0.0202,0.0363,-0.0019,0.6467,0.3656,0.9329,hold
2022-01-11,92.0844,14924900,90.3835,92.1528,89.5916,0.0033,-0.0222,0.0146,-0.0060,0.1177,58.8175,0.0194,0.0341,-0.0031,0.6429,-0.2644,0.6832,buy
2022-01-12,92.9740,13339200,93.0229,94.0688,91.6738,0.0097,0.0075,-0.0100,0.0046,0.1220,61.5433,0.0160,0.0326,-0.0034,0.6689,-0.1062,0.6089,buy
2022-01-13,93.4725,23679800,94.3327,95.9066,93.1597,0.0054,-0.0003,0.0195,0.0081,0.1214,53.7132,0.0139,0.0316,-0.0034,0.6759,0.7752,1.0575,buy
2022-01-14,95.1734,18385000,92.3190,95.2419,92.2799,0.0182,0.0308,0.0452,0.0219,0.1349,57.8747,0.0143,0.0314,-0.0024,0.7595,-0.2236,0.8176,sell
2022-01-18,90.7843,19900500,93.3845,93.7951,90.4617,-0.0461,-0.0109,-0.0301,-0.0223,0.0773,50.0651,0.0192,0.0291,-0.0051,0.4407,0.0824,0.8915,sell
2022-01-19,87.9787,19043800,91.6152,92.6514,87.7539,-0.0309,-0.0446,-0.0658,-0.0462,0.0399,36.1393,0.0208,0.0240,-0.0090,-0.0046,-0.0430,0.8595,sell
2022-01-20,83.1594,24701300,88.2524,88.3013,83.0226,-0.0548,-0.1056,-0.0988,-0.0894,-0.0195,32.2331,0.0256,0.0154,-0.0156,-0.2916,0.2971,1.2064,sell
2022-01-21,80.0900,29716300,82.3285,83.2279,79.6892,-0.0369,-0.1432,-0.1434,-0.1099,-0.0571,29.2530,0.0255,0.0047,-0.0220,-0.2608,0.2030,1.4130,buy
2022-01-24,81.0871,29757100,78.4672,81.1750,75.8963,0.0124,-0.1480,-0.1218,-0.0875,-0.0474,24.8626,0.0269,-0.0032,-0.0236,-0.0583,0.0014,1.4376,sell
2022-01-25,78.9071,22128400,79.1026,80.5690,77.8612,-0.0269,-0.1308,-0.1403,-0.0989,-0.0744,21.1808,0.0272,-0.0117,-0.0262,-0.0534,-0.2564,1.0563,buy
2022-01-26,80.1291,21018700,81.3803,82.8857,78.7996,0.0155,-0.0892,-0.1298,-0.0723,-0.0610,26.4673,0.0283,-0.0167,-0.0248,0.0728,-0.0501,0.9860,sell
2022-01-27,76.9521,22694000,81.6345,81.8202,76.6295,-0.0396,-0.0746,-0.1723,-0.0923,-0.0987,20.2042,0.0281,-0.0247,-0.0265,0.0165,0.0797,1.0890,hold
2022-01-28,77.4897,24434600,75.6324,77.4995,73.8239,0.0070,-0.0325,-0.1710,-0.0684,-0.0929,22.6585,0.0283,-0.0294,-0.0249,0.0975,0.0767,1.1583,buy
2022-01-31,80.4223,21898200,77.1867,80.4614,76.2678,0.0378,-0.0082,-0.1550,-0.0156,-0.0601,30.7616,0.0316,-0.0288,-0.0196,0.2375,-0.1038,1.0182,sell
2022-02-01,79.6207,15237400,80.3539,80.5396,78.6139,-0.0100,0.0090,-0.1230,-0.0119,-0.0704,29.2413,0.0298,-0.0299,-0.0165,0.2356,-0.3042,0.7143,buy
2022-02-02,82.6120,19862800,81.0577,82.7978,80.6863,0.0376,0.0310,-0.0610,0.0320,-0.0358,33.8710,0.0328,-0.0262,-0.0106,0.3649,0.3036,0.9308,sell
2022-02-03,80.1291,19598200,80.8134,83.2670,79.8749,-0.0301,0.0413,-0.0364,0.0048,-0.0644,30.4386,0.0295,-0.0271,-0.0088,0.2920,-0.0133,0.9382,sell
2022-02-04,79.3470,15657500,79.3959,80.3441,78.0469,-0.0098,0.0240,-0.0093,-0.0040,-0.0727,26.1561,0.0272,-0.0279,-0.0075,0.2844,-0.2011,0.7617,hold
2022-02-07,79.0538,11799800,79.5328,80.1975,78.6725,-0.0037,-0.0170,-0.0251,-0.0052,-0.0750,29.8387,0.0269,-0.0284,-0.0064,0.2946,-0.2464,0.5783,buy
2022-02-08,82.2308,18315700,79.3275,82.5045,79.1809,0.0402,0.0328,0.0421,0.0305,-0.0380,40.2455,0.0283,-0.0242,-0.0024,0.4391,0.5522,0.9020,buy
2022-02-09,86.1410,22386900,82.7000,86.7861,81.6834,0.0476,0.0427,0.0750,0.0714,0.0073,55.2208,0.0314,-0.0169,0.0031,0.6215,0.2223,1.0827,buy
2022-02-10,88.9758,33820700,87.1869,92.5145,86.4929,0.0329,0.1104,0.1562,0.0904,0.0387,65.6887,0.0273,-0.0089,0.0084,0.7694,0.5107,1.5584,sell
2022-02-11,87.7441,31000000,89.2300,92.4559,86.9523,-0.0138,0.1058,0.1323,0.0619,0.0233,61.6570,0.0288,-0.0042,0.0107,0.7456,-0.0834,1.4048,hold
2022-02-14,87.8419,23499100,89.9240,91.0775,86.7177,0.0011,0.1112,0.0923,0.0536,0.0228,66.8759,0.0275,-0.0002,0.0117,0.8171,-0.2420,1.0527,buy
2022-02-15,93.8440,27069700,88.9660,94.3327,88.9660,0.0683,0.1412,0.1786,0.1068,0.0890,71.9424,0.0322,0.0078,0.0152,1.1140,0.1519,1.1934,hold
2022-02-16,93.9026,15573600,92.3190,94.3230,91.4685,0.0006,0.0901,0.1367,0.0929,0.0864,80.1250,0.0317,0.0141,0.0171,1.0386,-0.4247,0.6919,sell
2022-02-17,91.6250,17943300,92.9055,93.8440,91.3904,-0.0243,0.0298,0.1435,0.0523,0.0581,73.6584,0.0309,0.0173,0.0163,0.8787,0.1522,0.8093,sell
2022-02-18,88.7608,19530500,92.4070,92.5536,86.9034,-0.0313,0.0116,0.1186,0.0085,0.0239,63.9882,0.0334,0.0174,0.0131,0.7240,0.0885,0.9016,hold
2022-02-22,88.5359,24825700,87.8223,91.8596,86.6786,-0.0025,0.0079,0.1199,-0.0048,0.0200,65.2508,0.0333,0.0166,0.0099,0.6948,0.2711,1.1593,sell
2022-02-23,85.3491,19135400,89.4157,89.8067,85.1145,-0.0360,-0.0905,0.0379,-0.0439,-0.0171,54.6511,0.0348,0.0135,0.0052,0.5376,-0.2292,0.8999,buy
2022-02-24,86.8350,24472300,82.2406,86.9426,81.9082,0.0174,-0.0753,0.0081,-0.0281,-0.0011,61.7950,0.0318,0.0115,0.0027,0.5922,0.2789,1.1416,buy
2022-02-25,88.0765,15008700,85.9845,88.4480,85.3198,0.0143,-0.0387,-0.0101,-0.0132,0.0116,65.1100,0.0302,0.0110,0.0019,0.6317,-0.3867,0.7129,sell
2022-02-28,86.8643,17269800,86.4635,87.7343,85.2025,-0.0138,-0.0214,-0.0100,-0.0258,-0.0030,63.1026,0.0302,0.0097,0.0003,0.5518,0.1507,0.8345,sell
2022-03-01,84.3227,20794800,86.5711,87.8223,82.7587,-0.0293,-0.0476,-0.0401,-0.0505,-0.0330,53.5858,0.0315,0.0062,-0.0027,0.4021,0.2041,1.0075,buy
2022-03-02,91.2046,28398700,85.2123,91.9573,85.0754,0.0816,0.0686,-0.0281,0.0300,0.0435,57.8771,0.0350,0.0090,0.0006,0.7587,0.3657,1.3334,sell
2022-03-03,87.1771,22099800,89.5624,90.1195,86.4049,-0.0442,0.0039,-0.0716,-0.0079,-0.0042,47.3021,0.0374,0.0083,-0.0004,0.5163,-0.2218,1.0322,sell
2022-03-04,80.0704,28211500,85.4567,85.4567,78.7116,-0.0815,-0.0909,-0.1261,-0.0767,-0.0836,40.2144,0.0441,0.0009,-0.0069,0.1015,0.2766,1.2917,sell
2022-03-07,73.9999,26715500,79.9238,81.1066,73.9315,-0.0758,-0.1481,-0.1663,-0.1319,-0.1503,34.6820,0.0483,-0.0125,-0.0167,-0.1443,-0.0530,1.1930,buy
2022-03-08,75.4271,28343200,74.5375,78.4477,72.2696,0.0193,-0.1055,-0.1481,-0.1013,-0.1306,27.3231,0.0495,-0.0209,-0.0201,-0.0248,0.0609,1.2206,buy
2022-03-09,77.6559,19647900,78.1740,78.6823,75.7985,0.0295,-0.1486,-0.0901,-0.0662,-0.1019,31.0100,0.0507,-0.0244,-0.0189,0.1133,-0.3068,0.8437,sell
2022-03-10,74.0194,21692000,75.9941,75.9941,72.1523,-0.0468,-0.1509,-0.1476,-0.0960,-0.1406,30.0554,0.0511,-0.0326,-0.0214,0.0304,0.1040,0.9329,sell
2022-03-11,71.1846,22786500,74.9383,74.9774,71.0086,-0.0383,-0.1110,-0.1918,-0.1123,-0.1691,30.0753,0.0505,-0.0424,-0.0246,0.0095,0.0505,1.0038,sell
2022-03-14,67.8414,24893400,70.1386,70.8522,67.4112,-0.0470,-0.0832,-0.2190,-0.1335,-0.2037,28.0894,0.0512,-0.0549,-0.0290,-0.0081,0.0925,1.1115,buy
2022-03-15,71.4681,22851000,68.4768,71.8786,66.8052,0.0535,-0.0525,-0.1524,-0.0719,-0.1573,35.4389,0.0565,-0.0552,-0.0245,0.1516,-0.0820,1.0218,buy
2022-03-16,77.8807,35742800,74.7526,77.9198,74.4398,0.0897,0.0029,-0.1461,0.0292,-0.0782,41.4870,0.0581,-0.0458,-0.0140,0.3655,0.5642,1.5679,hold
2022-03-17,78.7116,21612200,76.4437,78.7703,75.4662,0.0107,0.0634,-0.0971,0.0519,-0.0650,41.0266,0.0575,-0.0401,-0.0070,0.4106,-0.3953,0.9356,hold
2022-03-18,77.6266,28601200,77.3235,79.3763,76.3069,-0.0138,0.0905,-0.0305,0.0408,-0.0746,41.1267,0.0517,-0.0372,-0.0029,0.3921,0.3234,1.2103,hold
2022-03-21,76.5904,30878200,77.2160,78.0958,73.8337,-0.0133,0.1290,0.0350,0.0234,-0.0833,42.3516,0.0451,-0.0356,-0.0007,0.3729,0.0796,1.2760,hold
2022-03-22,77.3431,16768000,75.9550,77.9394,75.7692,0.0098,0.0822,0.0254,0.0308,-0.0710,34.3970,0.0449,-0.0325,0.0017,0.4178,-0.4570,0.7047,sell
2022-03-23,73.9510,28059800,76.1114,76.4633,73.3938,-0.0439,-0.0505,-0.0477,-0.0095,-0.1079,34.8962,0.0461,-0.0349,0.0007,0.3082,0.6734,1.1575,buy
2022-03-24,76.4535,23348000,74.1954,76.7761,73.6284,0.0338,-0.0287,0.0329,0.0207,-0.0742,45.3842,0.0448,-0.0315,0.0023,0.4219,-0.1679,0.9653,hold
2022-03-25,76.3460,22491000,76.5122,76.5415,73.4427,-0.0014,-0.0165,0.0725,0.0123,-0.0718,53.5315,0.0424,-0.0295,0.0035,0.4369,-0.0367,0.9157,buy
2022-03-28,78.0665,26605300,76.8250,78.3793,75.5346,0.0225,0.0193,0.1507,0.0212,-0.0473,53.9382,0.0378,-0.0253,0.0056,0.5325,0.1829,1.0631,buy
2022-03-29,80.2073,41290700,80.2562,80.6961,77.4799,0.0274,0.0370,0.1223,0.0374,-0.0176,53.8170,0.0357,-0.0194,0.0085,0.6471,0.5520,1.5849,sell
2022-03-30,77.3822,70087000,82.4067,84.3032,76.8347,-0.0352,0.0464,-0.0064,0.0015,-0.0490,55.1559,0.0261,-0.0186,0.0083,0.5571,0.6974,2.4910,sell
2022-03-31,76.1407,34588600,75.9256,78.1642,75.1045,-0.0160,-0.0041,-0.0327,-0.0113,-0.0616,57.9893,0.0263,-0.0188,0.0068,0.5180,-0.5065,1.2026,sell
2022-04-01,74.4691,33536100,76.6686,77.1378,72.3967,-0.0220,-0.0246,-0.0407,-0.0290,-0.0802,61.2925,0.0267,-0.0207,0.0044,0.4009,-0.0304,1.1553,buy
2022-04-04,75.9257,24305700,75.1729,76.4242,74.7917,0.0196,-0.0274,-0.0087,-0.0092,-0.0612,58.2015,0.0275,-0.0196,0.0040,0.5163,-0.2752,0.8408,sell
2022-04-05,72.9344,21171400,74.9872,76.2678,72.6313,-0.0394,-0.0907,-0.0570,-0.0427,-0.0964,39.5884,0.0297,-0.0230,0.0013,0.2762,-0.1290,0.7416,sell
2022-04-06,72.1230,28080100,71.5365,73.2081,69.8649,-0.0111,-0.0680,-0.0247,-0.0511,-0.1050,36.1202,0.0267,-0.0258,-0.0011,0.2365,0.3263,0.9693,hold
2022-04-07,71.6342,22658600,72.0155,73.0028,70.5101,-0.0068,-0.0592,-0.0630,-0.0515,-0.1091,37.0511,0.0235,-0.0283,-0.0027,0.2154,-0.1931,0.7809,sell
2022-04-08,70.6162,20562600,70.9686,71.3112,69.3339,-0.0142,-0.0517,-0.0751,-0.0578,-0.1204,37.0802,0.0235,-0.0314,-0.0043,0.1414,-0.0925,0.7113,hold
2022-04-11,70.5085,21127900,69.0598,71.3699,68.6095,-0.0015,-0.0713,-0.0968,-0.0497,-0.1202,34.7953,0.0212,-0.0333,-0.0050,0.0860,0.0275,0.7357,hold
2022-04-12,70.4400,18658500,71.2525,72.0356,70.0582,-0.0010,-0.0342,-0.1218,-0.0379,-0.1189,40.8337,0.0172,-0.0345,-0.0049,0.0957,-0.1169,0.6545,buy
2022-04-13,70.8511,18892000,70.8315,72.1922,70.3421,0.0058,-0.0176,-0.0844,-0.0236,-0.1118,33.5806,0.0161,-0.0344,-0.0039,0.1694,0.0125,0.6829,sell
2022-04-14,68.6487,18543500,71.0273,71.2720,68.6095,-0.0311,-0.0417,-0.0984,-0.0441,-0.1364,29.9080,0.0175,-0.0377,-0.0050,0.0550,-0.0184,0.6740,buy
2022-04-18,69.6471,17476700,68.7661,70.5770,68.5704,0.0145,-0.0137,-0.0648,-0.0236,-0.1215,27.1626,0.0186,-0.0372,-0.0040,0.1704,-0.0575,0.6483,buy
2022-04-19,71.1937,15139000,69.4611,71.8594,69.2751,0.0222,0.0097,-0.0623,0.0047,-0.1001,24.7364,0.0190,-0.0344,-0.0015,0.3075,-0.1338,0.5785,buy
2022-04-20,71.6538,19042600,72.2509,74.6198,71.3504,0.0065,0.0172,-0.0176,0.0130,-0.0926,31.4903,0.0153,-0.0317,0.0008,0.3602,0.2579,0.7245,sell
2022-04-21,69.4220,17645300,72.4075,72.9166,69.1577,-0.0311,-0.0202,-0.0375,-0.0148,-0.1180,29.5961,0.0177,-0.0329,0.0005,0.2156,-0.0734,0.6849,sell
2022-04-22,67.9439,18682400,69.1479,69.4807,67.8460,-0.0213,-0.0103,-0.0515,-0.0307,-0.1328,29.9480,0.0186,-0.0351,-0.0008,0.1483,0.0588,0.7318,buy
2022-04-25,68.6389,20072100,66.9748,68.6878,66.4951,0.0102,-0.0145,-0.0280,-0.0180,-0.1194,26.5084,0.0189,-0.0347,-0.0006,0.2276,0.0744,0.7900,sell
2022-04-26,65.6631,18628700,67.2391,67.6992,65.6239,-0.0434,-0.0777,-0.0687,-0.0540,-0.1527,26.5349,0.0228,-0.0394,-0.0030,0.0638,-0.0719,0.7449,sell
2022-04-27,65.0660,17123600,64.7331,67.0335,64.4688,-0.0091,-0.0919,-0.0763,-0.0553,-0.1555,26.9070,0.0227,-0.0425,-0.0047,0.0375,-0.0808,0.7194,buy
2022-04-28,68.6976,21058400,66.2210,69.3143,65.6435,0.0558,-0.0104,-0.0304,0.0006,-0.1025,42.0297,0.0303,-0.0377,-0.0014,0.3352,0.2298,0.9864,sell
2022-04-29,66.7496,16843500,67.6404,69.8233,66.5832,-0.0284,-0.0176,-0.0277,-0.0251,-0.1217,40.0101,0.0300,-0.0385,-0.0010,0.1876,-0.2002,0.8231,buy
2022-05-02,69.1087,15342800,66.7203,69.2458,66.1525,0.0353,0.0068,-0.0077,0.0102,-0.0852,46.7603,0.0320,-0.0339,0.0019,0.4242,-0.0891,0.7847,hold
2022-05-03,69.7548,13539100,68.9815,70.4400,68.7172,0.0093,0.0623,-0.0202,0.0218,-0.0720,48.4554,0.0312,-0.0299,0.0044,0.5228,-0.1176,0.7120,buy
2022-05-04,72.0649,17201900,70.2540,72.3390,68.6780,0.0331,0.1076,0.0057,0.0550,-0.0371,52.5204,0.0331,-0.0233,0.0080,0.8155,0.2705,0.9142,sell
2022-05-05,69.7842,16603600,70.7826,71.0273,68.8738,-0.0316,0.0158,0.0052,0.0210,-0.0636,52.3501,0.0331,-0.0218,0.0084,0.5494,-0.0348,0.9102,sell
2022-05-06,68.8640,15159800,69.0598,70.3911,67.4349,-0.0132,0.0317,0.0135,0.0062,-0.0715,48.3740,0.0326,-0.0211,0.0076,0.4458,-0.0870,0.8485,sell
2022-05-09,66.4951,21770900,67.7383,69.8918,66.0546,-0.0344,-0.0378,-0.0312,-0.0254,-0.0982,40.5661,0.0343,-0.0236,0.0049,0.1664,0.4361,1.2144,buy
2022-05-10,67.4544,17662700,68.1005,69.0989,66.1819,0.0144,-0.0330,0.0273,-0.0139,-0.0804,41.7341,0.0315,-0.0232,0.0039,0.3111,-0.1887,0.9948,sell
2022-05-11,65.5456,17237300,67.2097,69.3828,65.4086,-0.0283,-0.0905,0.0074,-0.0425,-0.1018,42.2717,0.0328,-0.0260,0.0015,0.1153,-0.0241,0.9748,buy
2022-05-12,66.2798,27022900,64.6059,67.4446,64.4786,0.0112,-0.0502,-0.0352,-0.0283,-0.0855,46.5809,0.0271,-0.0261,0.0009,0.2338,0.5677,1.4938,buy
2022-05-13,70.4009,22872000,67.6404,71.0959,66.5832,0.0622,0.0223,0.0547,0.0266,-0.0241,53.1735,0.0324,-0.0199,0.0044,0.7269,-0.1536,1.2494,sell
2022-05-16,68.9815,13394700,69.9995,70.5183,68.8347,-0.0202,0.0374,-0.0018,0.0061,-0.0408,56.3317,0.0315,-0.0180,0.0054,0.5600,-0.4144,0.7400,buy
2022-05-17,72.9068,17671500,70.7239,73.1515,70.6260,0.0569,0.0808,0.0452,0.0585,0.0141,63.2748,0.0363,-0.0108,0.0091,0.9911,0.3193,0.9694,sell
2022-05-18,69.5492,20635100,71.6342,72.6523,68.6095,-0.0461,0.0611,-0.0349,0.0135,-0.0310,51.4553,0.0381,-0.0100,0.0087,0.6287,0.1677,1.1271,sell
2022-05-19,67.9341,17558000,69.2653,70.1855,67.5915,-0.0232,0.0250,-0.0265,-0.0074,-0.0510,52.0473,0.0374,-0.0109,0.0066,0.4449,-0.1491,0.9592,hold
2022-05-20,67.4446,20313300,69.1087,69.1968,64.7136,-0.0072,-0.0420,-0.0206,-0.0125,-0.0561,46.9247,0.0373,-0.0120,0.0045,0.3898,0.1569,1.1048,hold
2022-05-23,68.1201,12356200,67.3174,68.7172,67.0727,0.0100,-0.0125,0.0244,-0.0050,-0.0458,46.9823,0.0355,-0.0117,0.0037,0.4734,-0.3917,0.6865,sell
2022-05-24,65.2128,18764500,66.9160,66.9650,64.6157,-0.0427,-0.1055,-0.0332,-0.0443,-0.0859,37.6238,0.0380,-0.0155,0.0005,0.1352,0.5186,1.0421,buy
2022-05-25,66.4364,16241200,64.5374,67.3957,64.5080,0.0188,-0.0448,0.0136,-0.0277,-0.0674,43.7133,0.0374,-0.0161,-0.0003,0.2607,-0.1345,0.9042,buy
2022-05-26,69.1087,14902500,64.9877,69.5395,64.9485,0.0402,0.0173,0.0427,0.0073,-0.0275,50.4312,0.0393,-0.0129,0.0018,0.5854,-0.0824,0.8441,buy
2022-05-27,71.7713,13078700,70.2442,71.8887,70.1268,0.0385,0.0642,0.0195,0.0440,0.0120,59.2011,0.0360,-0.0073,0.0054,0.8639,-0.1224,0.7488,hold
2022-05-31,72.2803,15453000,71.9181,72.9068,70.4106,0.0071,0.0611,0.0478,0.0464,0.0207,58.5501,0.0351,-0.0027,0.0080,0.8787,0.1815,0.8844,hold
2022-06-01,71.9964,13595400,72.9263,73.7975,71.0175,-0.0039,0.1040,-0.0125,0.0436,0.0180,62.1274,0.0301,0.0006,0.0091,0.8212,-0.1202,0.7780,buy
2022-06-02,73.7780,11373200,71.5853,73.8171,71.5853,0.0247,0.1105,0.0608,0.0630,0.0442,63.5623,0.0264,0.0050,0.0106,0.9704,-0.1635,0.6619,sell
2022-06-03,68.4627,30306600,70.1757,70.1757,67.6502,-0.0720,-0.0093,0.0078,-0.0144,-0.0295,46.6395,0.0354,0.0029,0.0072,0.4517,1.6647,1.6961,hold
2022-06-06,68.9619,13198700,69.2458,70.6162,68.5312,0.0073,-0.0391,0.0225,-0.0094,-0.0203,49.9649,0.0353,0.0015,0.0046,0.5006,-0.5645,0.7427,hold
2022-06-07,69.2653,14328000,67.1999,69.3730,66.6811,0.0044,-0.0417,0.0168,-0.0066,-0.0140,42.5060,0.0352,0.0008,0.0031,0.5174,0.0856,0.8235,sell
2022-06-08,67.1510,16363000,68.3648,68.9130,66.3287,-0.0305,-0.0673,0.0297,-0.0396,-0.0412,44.7983,0.0337,-0.0024,0.0000,0.3049,0.1420,0.9440,sell
2022-06-09,64.6255,15073700,66.5049,67.2391,64.6059,-0.0376,-0.1241,-0.0273,-0.0733,-0.0731,43.0964,0.0355,-0.0081,-0.0045,0.0675,-0.0788,0.8751,sell
2022-06-10,61.2973,26626900,63.4704,64.1752,60.9645,-0.0515,-0.1047,-0.1130,-0.1111,-0.1168,38.5318,0.0352,-0.0174,-0.0109,-0.1179,0.7664,1.5476,sell
2022-06-13,57.5971,24278600,58.7522,59.6724,57.3426,-0.0604,-0.1648,-0.1975,-0.1472,-0.1656,32.3597,0.0335,-0.0309,-0.0191,-0.1764,-0.0882,1.4054,hold
2022-06-14,57.4601,17036000,58.1062,58.6054,56.5008,-0.0024,-0.1704,-0.2050,-0.1302,-0.1635,35.6729,0.0327,-0.0405,-0.0230,-0.0539,-0.2983,0.9758,hold
2022-06-15,57.8712,19726200,58.0768,58.8109,56.3344,0.0072,-0.1382,-0.1962,-0.1048,-0.1530,33.6814,0.0335,-0.0465,-0.0234,0.0404,0.1579,1.1233,sell
2022-06-16,53.8480,22706200,55.7960,55.7960,53.1041,-0.0695,-0.1668,-0.2701,-0.1405,-0.2075,22.3482,0.0325,-0.0608,-0.0287,-0.0429,0.1511,1.2855,buy
2022-06-17,54.5724,24139800,54.7192,55.1304,52.4678,0.0135,-0.1097,-0.2029,-0.1092,-0.1927,16.4822,0.0316,-0.0666,-0.0279,0.0608,0.0631,1.3416,buy
2022-06-21,55.6002,15502800,55.6198,56.6966,55.1499,0.0188,-0.0347,-0.1938,-0.0722,-0.1735,18.1376,0.0329,-0.0682,-0.0242,0.1469,-0.3578,0.8733,hold
2022-06-22,55.1499,13513800,54.7780,55.9330,54.4256,-0.0081,-0.0402,-0.2038,-0.0575,-0.1764,18.0230,0.0321,-0.0708,-0.0212,0.1692,-0.1283,0.7588,hold
2022-06-23,55.0325,13366600,55.4142,55.6296,53.7991,-0.0021,-0.0491,-0.1805,-0.0397,-0.1744,12.0190,0.0325,-0.0720,-0.0178,0.1966,-0.0109,0.7620,buy
2022-06-24,57.2056,15647600,55.9428,57.7538,55.9233,0.0395,0.0624,-0.1148,0.0114,-0.1384,23.8636,0.0366,-0.0662,-0.0113,0.2929,0.1706,0.8936,hold
2022-06-27,57.5384,16159900,58.3215,58.7816,57.1371,0.0058,0.0543,-0.0613,0.0240,-0.1299,23.2707,0.0340,-0.0622,-0.0061,0.3237,0.0327,0.9195,sell
2022-06-28,56.6378,19393600,57.7342,59.3102,56.5889,-0.0157,0.0187,-0.0167,0.0097,-0.1403,21.2567,0.0285,-0.0609,-0.0031,0.3126,0.2001,1.0841,sell
2022-06-29,54.8367,17351400,56.0211,56.3050,54.1515,-0.0318,-0.0057,-0.0457,-0.0178,-0.1639,21.5642,0.0301,-0.0630,-0.0026,0.2692,-0.1053,0.9648,sell
2022-06-30,54.1123,29572400,53.8285,55.2185,53.0747,-0.0132,-0.0167,-0.0650,-0.0242,-0.1706,23.5207,0.0299,-0.0642,-0.0024,0.2621,0.7043,1.5744,sell
2022-07-01,52.5168,43681700,52.1644,52.8202,50.3143,-0.0295,-0.0820,-0.0247,-0.0507,-0.1904,25.7698,0.0222,-0.0681,-0.0035,0.2086,0.4771,2.1414,buy
2022-07-05,55.5317,33745900,51.0778,55.6883,50.9897,0.0574,-0.0349,0.0176,0.0021,-0.1402,44.0764,0.0290,-0.0608,0.0002,0.3630,-0.2275,1.6405,buy
2022-07-06,56.1582,23565000,55.6492,56.8923,55.2674,0.0113,-0.0085,0.0100,0.0124,-0.1273,46.3681,0.0286,-0.0557,0.0037,0.4141,-0.3017,1.1174,buy
2022-07-07,57.6069,22945500,57.8516,58.0572,56.6183,0.0258,0.0505,0.0446,0.0339,-0.1017,49.3031,0.0294,-0.0484,0.0076,0.5342,-0.0263,1.0662,hold
2022-07-08,58.0041,19283000,57.1018,59.2694,56.9841,0.0069,0.0719,0.0540,0.0355,-0.0934,63.5512,0.0293,-0.0423,0.0106,0.6244,-0.1596,0.8900,sell
2022-07-11,56.6997,13941800,56.9939,57.4843,56.6016,-0.0225,0.0796,-0.0088,0.0131,-0.1114,56.6833,0.0278,-0.0400,0.0113,0.5560,-0.2770,0.6452,buy
2022-07-12,58.0434,21523100,57.2980,58.9261,56.9841,0.0237,0.0452,0.0088,0.0362,-0.0873,57.5263,0.0288,-0.0343,0.0127,0.8016,0.5438,1.0079,hold
2022-07-13,57.7295,13987600,56.2780,58.2788,56.2583,-0.0054,0.0280,0.0193,0.0286,-0.0897,58.0139,0.0284,-0.0308,0.0132,0.7508,-0.3501,0.6712,hold
2022-07-14,58.2101,14803800,56.8272,58.5142,56.2191,0.0083,0.0105,0.0615,0.0310,-0.0789,59.6540,0.0257,-0.0266,0.0136,0.8114,0.0584,0.7142,buy
2022-07-15,60.3482,20317800,60.2992,60.5150,58.2592,0.0367,0.0404,0.1152,0.0572,-0.0422,59.5681,0.0264,-0.0196,0.0153,1.0447,0.3725,0.9788,sell
2022-07-18,59.2890,13233000,60.8975,61.1329,58.9849,-0.0176,0.0457,0.1290,0.0264,-0.0552,55.1040,0.0245,-0.0163,0.0154,0.8621,-0.3487,0.6524,buy
2022-07-19,61.2015,19103700,60.2894,61.5546,60.2011,0.0323,0.0544,0.1021,0.0492,-0.0221,62.5646,0.0203,-0.0104,0.0163,1.0146,0.4436,0.9537,buy
2022-07-20,62.0843,15176200,61.0250,62.3000,60.6621,0.0144,0.0754,0.1055,0.0537,-0.0058,71.0165,0.0204,-0.0048,0.0172,1.0138,-0.2056,0.7582,hold
2022-07-21,62.4177,12924700,61.3977,62.4570,60.7406,0.0054,0.0723,0.0835,0.0508,0.0008,74.6426,0.0196,-0.0000,0.0175,0.9681,-0.1484,0.6467,sell
2022-07-22,60.1129,22201700,60.1129,61.7115,59.8382,-0.0369,-0.0039,0.0364,0.0084,-0.0338,71.6278,0.0243,0.0008,0.0151,0.7225,0.7178,1.0868,sell
2022-07-25,58.9947,14479400,60.1717,60.6425,58.5534,-0.0186,-0.0050,0.0405,-0.0142,-0.0498,61.0540,0.0239,-0.0001,0.0116,0.6053,-0.3478,0.7108,sell
2022-07-26,58.5142,11044800,59.1517,59.5244,58.4063,-0.0081,-0.0439,0.0081,-0.0230,-0.0552,57.5910,0.0231,-0.0015,0.0083,0.5541,-0.2372,0.5491,buy
2022-07-27,60.7013,14589800,59.3282,61.1917,58.4651,0.0374,-0.0223,0.0515,0.0085,-0.0168,59.5173,0.0256,0.0004,0.0079,0.7407,0.3210,0.7341,hold
2022-07-28,60.8779,10120300,61.0544,61.1034,59.0340,0.0029,-0.0247,0.0458,0.0070,-0.0113,58.9602,0.0256,0.0021,0.0076,0.7337,-0.3063,0.5187,hold
2022-07-29,60.6719,14199700,60.1717,60.8975,59.6028,-0.0034,0.0093,0.0054,0.0031,-0.0108,63.2962,0.0230,0.0032,0.0070,0.6949,0.4031,0.7576,buy
2022-08-01,61.3388,13347200,61.2996,62.7610,60.8092,0.0110,0.0397,0.0346,0.0107,0.0028,61.5543,0.0223,0.0048,0.0068,0.7666,-0.0600,0.7748,hold
2022-08-02,61.2702,11535800,60.5640,62.0842,59.7107,-0.0011,0.0471,0.0011,0.0094,0.0039,62.6312,0.0199,0.0059,0.0064,0.7403,-0.1357,0.7158,buy
2022-08-03,63.0160,12290100,61.2996,63.2906,61.2408,0.0285,0.0381,0.0150,0.0366,0.0340,65.7253,0.0214,0.0087,0.0074,0.9369,0.0654,0.7902,buy
2022-08-04,63.6045,11338400,62.8885,63.7418,62.4275,0.0093,0.0448,0.0190,0.0442,0.0452,61.8571,0.0215,0.0116,0.0082,0.9514,-0.0774,0.7573,sell
2022-08-05,61.2604,15047100,61.6527,62.0058,60.6131,-0.0369,0.0097,0.0191,0.0039,0.0080,56.5644,0.0215,0.0113,0.0062,0.6269,0.3271,1.0194,sell
2022-08-08,60.2698,11454300,60.7994,61.4173,59.8088,-0.0162,-0.0174,0.0216,-0.0144,-0.0063,46.6945,0.0213,0.0094,0.0034,0.4654,-0.2388,0.7826,sell
2022-08-09,58.0140,33107200,57.8668,59.3773,56.6310,-0.0374,-0.0531,-0.0085,-0.0505,-0.0400,36.8421,0.0246,0.0049,-0.0011,0.1239,1.8904,2.1759,buy
2022-08-10,60.2207,17418400,58.8476,60.3777,58.2493,0.0380,-0.0444,-0.0079,-0.0137,0.0003,43.6651,0.0247,0.0039,-0.0015,0.4341,-0.4739,1.1320,buy
2022-08-11,61.1231,18298500,60.8092,62.8689,60.8092,0.0150,-0.0390,0.0040,0.0007,0.0191,53.1692,0.0252,0.0044,-0.0008,0.5631,0.0505,1.1759,buy
2022-08-12,63.7908,16194000,61.4566,64.1635,61.0348,0.0436,0.0413,0.0514,0.0391,0.0665,63.7129,0.0285,0.0078,0.0023,0.9571,-0.1150,1.0546,hold
2022-08-15,63.4574,9689100,63.4574,63.8693,62.6629,-0.0052,0.0529,0.0345,0.0301,0.0646,64.2534,0.0286,0.0103,0.0038,0.8597,-0.4017,0.6384,sell
2022-08-16,62.6335,9275400,62.8885,63.3200,62.0058,-0.0130,0.0796,0.0223,0.0145,0.0528,56.0466,0.0291,0.0111,0.0036,0.7157,-0.0427,0.6316,sell
2022-08-17,60.4365,14728400,61.6037,61.6037,59.5930,-0.0351,0.0036,-0.0409,-0.0170,0.0188,48.7738,0.0298,0.0091,0.0011,0.3930,0.5879,1.0044,buy
2022-08-18,61.7704,11303900,60.5640,62.2019,60.0736,0.0221,0.0106,-0.0288,0.0077,0.0440,52.8718,0.0306,0.0086,0.0006,0.6032,-0.2325,0.7751,sell
2022-08-19,59.3478,14050300,60.6523,61.0544,59.1222,-0.0392,-0.0696,-0.0312,-0.0288,0.0057,45.2325,0.0309,0.0054,-0.0023,0.2395,0.2430,0.9912,sell
2022-08-22,57.1901,13096800,58.4161,58.4651,56.8566,-0.0364,-0.0988,-0.0511,-0.0593,-0.0284,41.1187,0.0325,-0.0004,-0.0067,-0.0230,-0.0679,0.9284,hold
2022-08-23,56.7487,12769100,57.2293,58.1513,56.6506,-0.0077,-0.0940,-0.0218,-0.0647,-0.0344,35.5365,0.0305,-0.0057,-0.0097,-0.0248,-0.0250,0.8997,hold
2022-08-24,57.1901,9961300,56.7683,57.4451,56.2583,0.0078,-0.0537,-0.0503,-0.0527,-0.0268,35.0958,0.0275,-0.0091,-0.0105,0.0883,-0.2199,0.7135,buy
2022-08-25,60.0246,12171600,57.4745,60.0932,57.4549,0.0496,-0.0283,-0.0180,-0.0039,0.0205,47.1925,0.0320,-0.0074,-0.0069,0.4248,0.2219,0.8655,sell
2022-08-26,56.5231,15754000,59.8971,60.0442,56.5035,-0.0583,-0.0476,-0.1139,-0.0505,-0.0386,42.3600,0.0323,-0.0117,-0.0089,0.0784,0.2943,1.1140,sell
2022-08-29,55.9150,11607600,56.2093,56.8860,55.4345,-0.0108,-0.0223,-0.1189,-0.0487,-0.0496,45.4117,0.0323,-0.0155,-0.0102,0.0783,-0.2632,0.8259,sell
2022-08-30,55.2187,12743700,56.3760,56.6899,54.5125,-0.0125,-0.0270,-0.1184,-0.0486,-0.0616,38.2921,0.0323,-0.0195,-0.0113,0.0756,0.0979,0.9029,hold
2022-08-31,55.4443,14172200,54.9147,56.0622,54.7381,0.0041,-0.0305,-0.0826,-0.0364,-0.0577,36.2732,0.0315,-0.0218,-0.0109,0.1393,0.1121,0.9974,buy
2022-09-01,56.2093,17594500,54.1987,56.2976,53.7377,0.0138,-0.0636,-0.0900,-0.0135,-0.0451,29.8172,0.0308,-0.0221,-0.0091,0.2323,0.2415,1.2116,sell
2022-09-02,55.2481,12809700,57.1803,57.6707,54.9245,-0.0171,-0.0226,-0.0691,-0.0234,-0.0615,28.8529,0.0291,-0.0240,-0.0086,0.1817,-0.2719,0.8889,sell
2022-09-06,54.1692,12133300,55.2481,55.6012,54.0712,-0.0195,-0.0312,-0.0528,-0.0373,-0.0788,28.4788,0.0276,-0.0270,-0.0091,0.1341,-0.0528,0.8400,hold
2022-09-07,53.9437,17030600,54.2477,54.6498,52.9727,-0.0042,-0.0231,-0.0494,-0.0365,-0.0816,31.6519,0.0276,-0.0292,-0.0089,0.1522,0.4036,1.2486,hold
2022-09-08,54.3262,18415300,53.4435,54.8460,52.7079,0.0071,-0.0202,-0.0501,-0.0247,-0.0743,27.7680,0.0276,-0.0297,-0.0076,0.2139,0.0813,1.3452,buy
2022-09-09,56.3368,13925600,55.0912,56.5722,55.0912,0.0370,0.0023,-0.0614,0.0181,-0.0405,40.7808,0.0250,-0.0260,-0.0038,0.3852,-0.2438,1.0337,buy
2022-09-12,56.8272,10711500,56.3564,57.0233,55.9347,0.0087,0.0286,0.0054,0.0264,-0.0331,48.7625,0.0172,-0.0227,-0.0006,0.4456,-0.2308,0.8116,sell
2022-09-13,52.5902,22361800,54.6302,55.1598,52.1194,-0.0746,-0.0292,-0.0595,-0.0444,-0.1052,38.7354,0.0294,-0.0281,-0.0033,0.0969,1.0876,1.6168,sell
2022-09-14,52.0900,19984900,52.8550,53.1885,51.4524,-0.0095,-0.0344,-0.0567,-0.0480,-0.1127,36.2288,0.0293,-0.0316,-0.0053,0.0750,-0.1063,1.3911,hold
2022-09-15,51.6780,15620800,51.6878,52.4234,50.9817,-0.0079,-0.0487,-0.0679,-0.0490,-0.1183,24.0707,0.0292,-0.0347,-0.0066,0.0806,-0.2184,1.0840,hold
2022-09-16,51.8350,24901700,50.8934,51.9919,50.5011,0.0030,-0.0799,-0.0778,-0.0384,-0.1139,31.6154,0.0285,-0.0362,-0.0065,0.1079,0.5941,1.6501,sell
2022-09-19,51.0994,19251400,50.9719,51.7565,50.8836,-0.0142,-0.1008,-0.0751,-0.0447,-0.1244,31.3024,0.0284,-0.0387,-0.0069,0.0732,-0.2269,1.2541,sell
2022-09-20,49.8243,19373800,50.5403,50.5992,49.6184,-0.0250,-0.0526,-0.0802,-0.0609,-0.1443,29.9563,0.0287,-0.0429,-0.0082,0.0197,0.0064,1.2368,sell
2022-09-21,49.1378,31117300,48.7847,51.5015,48.7651,-0.0138,-0.0567,-0.0891,-0.0654,-0.1535,27.3432,0.0287,-0.0467,-0.0092,0.0325,0.6062,1.8766,sell
2022-09-22,48.7062,21317000,48.8435,49.4026,48.4022,-0.0088,-0.0575,-0.1034,-0.0636,-0.1583,22.3827,0.0282,-0.0498,-0.0095,0.0600,-0.3149,1.2430,buy
2022-09-23,49.1378,24591700,48.3335,49.1868,47.5195,0.0089,-0.0520,-0.1278,-0.0420,-0.1482,26.5966,0.0240,-0.0501,-0.0082,0.1169,0.1536,1.3838,sell
2022-09-26,47.9412,19266800,48.9710,49.4909,47.8726,-0.0244,-0.0618,-0.1564,-0.0489,-0.1653,26.3589,0.0229,-0.0534,-0.0084,0.0687,-0.2165,1.0736,buy
2022-09-27,49.6086,17297500,48.8631,49.6772,48.4512,0.0348,-0.0043,-0.0567,-0.0099,-0.1334,35.1678,0.0177,-0.0499,-0.0051,0.2413,-0.1022,0.9488,buy
2022-09-28,50.0205,17784300,49.1476,50.2068,49.1378,0.0083,0.0180,-0.0397,0.0024,-0.1227,35.2981,0.0181,-0.0470,-0.0020,0.2988,0.0281,0.9622,sell
2022-09-29,49.0495,25582100,49.0789,49.3339,48.2747,-0.0194,0.0070,-0.0509,-0.0118,-0.1358,23.2156,0.0188,-0.0469,-0.0008,0.2405,0.4385,1.3426,hold
2022-09-30,49.1378,38917700,49.5693,51.0601,48.8533,0.0018,0.0000,-0.0520,-0.0046,-0.1302,20.8767,0.0187,-0.0453,0.0005,0.2701,0.5213,1.9343,buy
2022-10-03,50.7267,24632400,50.0303,52.0703,49.6674,0.0323,0.0581,-0.0073,0.0283,-0.0991,41.1710,0.0218,-0.0398,0.0037,0.4340,-0.3671,1.1893,buy
2022-10-04,52.9236,24275500,52.5313,53.7573,51.6486,0.0433,0.0668,0.0622,0.0662,-0.0580,53.4027,0.0239,-0.0313,0.0083,0.6559,-0.0145,1.1387,buy
2022-10-05,53.6788,20418300,51.8644,54.1398,51.1680,0.0143,0.0731,0.0924,0.0716,-0.0429,57.9439,0.0229,-0.0241,0.0119,0.7331,-0.1589,0.9502,hold
2022-10-06,53.5710,17149400,53.3552,54.0515,52.2763,-0.0020,0.0922,0.0999,0.0591,-0.0424,56.9194,0.0224,-0.0188,0.0139,0.7299,-0.1601,0.8005,sell
2022-10-07,52.0033,21977700,52.6422,53.7135,51.6101,-0.0293,0.0583,0.0583,0.0224,-0.0675,53.3789,0.0256,-0.0171,0.0132,0.6059,0.2815,1.0069,sell
2022-10-10,50.4995,17227400,52.1605,52.2195,49.9000,-0.0289,-0.0045,0.0534,-0.0122,-0.0911,52.4813,0.0262,-0.0181,0.0106,0.4615,-0.2161,0.7777,buy
2022-10-11,52.7896,32813700,49.7722,53.8412,49.4675,0.0453,-0.0025,0.0641,0.0262,-0.0470,62.0057,0.0277,-0.0139,0.0108,0.7925,0.9047,1.4471,sell
2022-10-12,51.8460,18131900,52.6815,52.8486,51.4922,-0.0179,-0.0341,0.0365,0.0043,-0.0608,59.9862,0.0287,-0.0128,0.0099,0.6582,-0.4474,0.8029,buy
2022-10-13,53.9199,27605000,50.4700,54.9617,49.8705,0.0400,0.0065,0.0993,0.0347,-0.0200,63.7710,0.0295,-0.0080,0.0110,0.9126,0.5225,1.1908,sell
2022-10-14,51.8166,20403000,54.2934,54.4899,51.6986,-0.0390,-0.0036,0.0545,-0.0107,-0.0542,60.6059,0.0333,-0.0081,0.0094,0.6280,-0.2609,0.8888,buy
2022-10-17,52.5832,18261700,53.6643,54.0477,51.9443,0.0148,0.0413,0.0366,0.0004,-0.0371,58.5630,0.0322,-0.0064,0.0086,0.7172,-0.1050,0.7972,sell
2022-10-18,51.6495,19774800,54.0673,54.1951,50.7747,-0.0178,-0.0216,-0.0241,-0.0150,-0.0512,54.5526,0.0296,-0.0067,0.0069,0.5818,0.0829,0.8625,buy
2022-10-19,52.1212,14786100,51.1973,52.5144,51.1679,0.0091,0.0053,-0.0290,-0.0030,-0.0405,58.8311,0.0293,-0.0060,0.0060,0.6277,-0.2523,0.6687,buy
2022-10-20,52.7798,15711800,52.5832,54.1558,52.2588,0.0126,-0.0211,-0.0148,0.0111,-0.0257,60.1381,0.0297,-0.0043,0.0060,0.6968,0.0626,0.7197,buy
2022-10-21,55.0895,20199200,52.5734,55.3155,52.4259,0.0438,0.0632,0.0593,0.0491,0.0192,61.6761,0.0310,0.0004,0.0083,0.9561,0.2856,0.9347,hold
2022-10-24,55.2762,15293600,55.2664,55.8365,54.1263,0.0034,0.0512,0.0946,0.0432,0.0259,57.0554,0.0285,0.0043,0.0097,0.9451,-0.2429,0.7142,hold
2022-10-25,54.9126,17313000,55.7087,56.0527,54.3917,-0.0066,0.0632,0.0402,0.0322,0.0224,53.7889,0.0258,0.0067,0.0097,0.8560,0.1320,0.8085,hold
2022-10-26,54.4998,23511300,55.1190,56.4557,54.0182,-0.0075,0.0456,0.0512,0.0194,0.0178,52.8000,0.0250,0.0080,0.0088,0.7719,0.3580,1.0835,sell
2022-10-27,51.3153,27335800,54.4211,55.2664,51.2268,-0.0584,-0.0277,-0.0483,-0.0355,-0.0384,48.1102,0.0289,0.0045,0.0043,0.2943,0.1627,1.2547,buy
2022-10-28,53.1139,19171100,50.9418,53.5071,50.5781,0.0351,-0.0359,0.0250,-0.0041,-0.0015,57.0670,0.0286,0.0040,0.0030,0.5459,-0.2987,0.9217,hold
2022-10-31,53.1729,15932500,52.9862,53.9887,52.2588,0.0011,-0.0381,0.0112,-0.0041,0.0020,51.1783,0.0283,0.0037,0.0022,0.5371,-0.1689,0.7824,buy
2022-11-01,53.9199,11729700,54.1459,54.4899,53.1827,0.0140,-0.0181,0.0440,0.0056,0.0173,56.4526,0.0277,0.0046,0.0024,0.6676,-0.2638,0.5943,sell
2022-11-02,52.5340,17302700,53.8019,55.3057,52.5046,-0.0257,-0.0361,0.0079,-0.0210,-0.0073,45.4952,0.0292,0.0032,0.0008,0.4177,0.4751,0.8836,hold
2022-11-03,52.5635,12769200,51.8067,53.4383,51.0204,0.0006,0.0243,-0.0041,-0.0201,-0.0050,52.8065,0.0289,0.0021,-0.0002,0.4325,-0.2620,0.6595,buy
2022-11-04,55.1976,18882700,54.3130,55.9347,53.8806,0.0501,0.0392,0.0020,0.0288,0.0468,58.6140,0.0300,0.0049,0.0022,0.8794,0.4788,0.9831,hold
2022-11-07,55.5907,11411300,55.4630,55.8463,54.5096,0.0071,0.0455,0.0057,0.0356,0.0546,63.4654,0.0301,0.0077,0.0040,0.9136,-0.3957,0.6032,buy
2022-11-08,56.5048,14190100,56.3967,56.8783,55.5121,0.0164,0.0479,0.0290,0.0495,0.0717,64.5371,0.0303,0.0109,0.0058,0.9881,0.2435,0.7890,sell
2022-11-09,55.0109,19952500,55.2566,55.6792,54.5587,-0.0264,0.0471,0.0094,0.0208,0.0435,57.0105,0.0316,0.0116,0.0051,0.7206,0.4061,1.1038,buy
2022-11-10,59.2372,24982500,57.5958,59.3453,57.0650,0.0768,0.1270,0.1544,0.0833,0.1220,61.6317,0.0321,0.0166,0.0085,1.1763,0.2521,1.3921,buy
2022-11-11,61.4486,17579400,59.6107,62.0973,58.8538,0.0373,0.1132,0.1569,0.1068,0.1616,65.5445,0.0323,0.0232,0.0122,1.1989,-0.2963,0.9874,sell
2022-11-14,60.7213,13988200,60.8785,61.6747,59.9448,-0.0118,0.0923,0.1420,0.0791,0.1455,64.3656,0.0332,0.0279,0.0134,1.0191,-0.2043,0.7952,buy
2022-11-15,62.0187,16325000,62.4118,63.3357,61.3503,0.0214,0.0976,0.1502,0.0865,0.1665,67.8156,0.0333,0.0320,0.0143,1.0286,0.1671,0.9372,sell
2022-11-16,57.8612,25901900,59.4927,60.3281,57.1240,-0.0670,0.0518,0.1014,0.0043,0.0867,64.8263,0.0406,0.0322,0.0106,0.6790,0.5866,1.4411,hold
2022-11-17,57.7334,14212300,56.3181,57.9791,55.5416,-0.0022,-0.0254,0.0984,-0.0069,0.0829,61.3199,0.0407,0.0300,0.0067,0.6508,-0.4513,0.7940,hold
2022-11-18,57.5761,9703700,58.5393,58.6376,57.1043,-0.0027,-0.0630,0.0431,-0.0136,0.0795,60.7382,0.0383,0.0278,0.0035,0.6272,-0.3172,0.5585,sell
2022-11-21,56.1805,9968400,57.0257,57.0257,55.8463,-0.0242,-0.0748,0.0106,-0.0385,0.0536,55.3438,0.0393,0.0244,-0.0004,0.5102,0.0273,0.5827,buy
2022-11-22,57.6154,8955700,56.5638,57.6744,56.0035,0.0255,-0.0710,0.0197,-0.0158,0.0784,61.9842,0.0398,0.0223,-0.0015,0.6156,-0.1016,0.5366,hold
2022-11-23,57.9201,8996800,57.2420,58.0479,56.7603,0.0053,0.0010,0.0529,-0.0155,0.0818,62.4714,0.0385,0.0212,-0.0020,0.6266,0.0046,0.5635,hold
2022-11-25,57.4090,4360500,57.6646,58.1167,57.3894,-0.0088,-0.0056,-0.0309,-0.0211,0.0699,55.7136,0.0294,0.0197,-0.0030,0.5653,-0.5153,0.2943,sell
2022-11-28,54.7946,15512600,56.3377,56.7702,54.5194,-0.0455,-0.0483,-0.1083,-0.0550,0.0201,48.1549,0.0285,0.0152,-0.0069,0.3226,2.5575,1.0601,sell
2022-11-29,54.1754,12874200,54.7553,55.5514,53.8314,-0.0113,-0.0357,-0.1078,-0.0550,0.0074,44.5266,0.0285,0.0099,-0.0099,0.2566,-0.1701,0.8891,buy
2022-11-30,56.6621,31461400,52.6618,56.6915,51.7084,0.0459,-0.0165,-0.0864,-0.0023,0.0510,53.7070,0.0324,0.0088,-0.0081,0.4736,1.4438,2.0342,sell
2022-12-01,54.5391,21764200,56.8390,56.9274,54.1558,-0.0375,-0.0584,-0.0574,-0.0340,0.0096,38.3528,0.0274,0.0054,-0.0097,0.2467,-0.3082,1.3872,sell
2022-12-02,53.7430,15946500,53.4088,54.4703,52.4652,-0.0146,-0.0639,-0.0691,-0.0414,-0.0070,29.4549,0.0275,0.0013,-0.0113,0.1456,-0.2673,1.0062,sell
2022-12-05,53.1139,13806900,53.4383,54.3229,52.7798,-0.0117,-0.0307,-0.0775,-0.0450,-0.0201,29.6101,0.0275,-0.0030,-0.0126,0.1116,-0.1342,0.8854,hold
2022-12-06,52.7601,17988000,52.9370,53.6938,52.3276,-0.0067,-0.0261,-0.0609,-0.0455,-0.0283,23.8623,0.0269,-0.0069,-0.0132,0.1148,0.3028,1.1296,hold
2022-12-07,52.8977,11367300,52.2097,53.3105,51.5413,0.0026,-0.0664,-0.0819,-0.0347,-0.0270,31.8736,0.0248,-0.0097,-0.0128,0.1630,-0.3681,0.7203,buy
2022-12-08,54.2540,13609100,53.6250,54.7455,53.1238,0.0256,-0.0052,-0.0633,-0.0033,-0.0036,38.3399,0.0268,-0.0094,-0.0100,0.2896,0.1972,0.8800,hold
2022-12-09,53.9297,9932200,53.7430,54.9027,53.5857,-0.0060,0.0035,-0.0606,-0.0029,-0.0113,37.9153,0.0268,-0.0099,-0.0083,0.2838,-0.2702,0.6751,buy
2022-12-12,54.4015,13250600,52.6028,54.4310,52.4259,0.0087,0.0242,-0.0072,0.0065,-0.0046,43.7196,0.0231,-0.0093,-0.0062,0.3437,0.3341,0.9141,hold
2022-12-13,54.2934,14210500,56.2099,56.8980,53.7135,-0.0020,0.0291,0.0022,0.0043,-0.0079,37.0597,0.0228,-0.0089,-0.0047,0.3513,0.0724,0.9795,sell
2022-12-14,53.6545,11235300,54.2934,55.1386,53.1336,-0.0118,0.0143,-0.0531,-0.0019,-0.0198,33.8059,0.0164,-0.0096,-0.0042,0.2825,-0.2094,0.7883,sell
2022-12-15,51.1482,17785000,52.6421,52.7994,50.9615,-0.0467,-0.0572,-0.0622,-0.0425,-0.0647,29.3584,0.0186,-0.0144,-0.0070,0.0199,0.5830,1.2844,hold
2022-12-16,51.1777,22951400,50.8533,51.6396,50.7354,0.0006,-0.0510,-0.0477,-0.0373,-0.0634,35.6250,0.0184,-0.0175,-0.0081,0.0770,0.2905,1.6068,sell
2022-12-19,50.8337,16470000,51.2760,51.3939,50.2243,-0.0067,-0.0656,-0.0429,-0.0397,-0.0693,36.4217,0.0183,-0.0204,-0.0088,0.0846,-0.2824,1.1264,sell
2022-12-20,49.8115,16942000,50.4602,51.0794,49.5855,-0.0201,-0.0825,-0.0559,-0.0537,-0.0877,18.4043,0.0190,-0.0245,-0.0101,0.0384,0.0287,1.1317,buy
2022-12-21,50.3128,20400800,50.0572,50.8632,49.8803,0.0101,-0.0623,-0.0489,-0.0395,-0.0777,27.0789,0.0195,-0.0260,-0.0094,0.1295,0.2042,1.3125,sell
2022-12-22,48.5829,40959600,48.6517,49.1137,47.6001,-0.0344,-0.0502,-0.1045,-0.0624,-0.1084,24.5886,0.0183,-0.0309,-0.0109,-0.0078,1.0077,2.3895,buy
2022-12-23,49.3397,17425700,48.1603,49.6837,48.1505,0.0156,-0.0359,-0.0851,-0.0393,-0.0930,31.6444,0.0201,-0.0319,-0.0098,0.1065,-0.5746,0.9793,hold
2022-12-27,49.1628,15159100,48.7598,49.4479,47.6885,-0.0036,-0.0329,-0.0963,-0.0328,-0.0953,32.1985,0.0192,-0.0331,-0.0087,0.1326,-0.1301,0.8527,sell
2022-12-28,48.2782,12518700,48.9859,50.2145,47.9932,-0.0180,-0.0308,-0.1108,-0.0389,-0.1102,28.7137,0.0192,-0.0356,-0.0087,0.0928,-0.1742,0.7049,buy
2022-12-29,49.7820,13204300,48.5534,50.0572,48.4945,0.0311,-0.0105,-0.0722,-0.0012,-0.0818,29.6694,0.0234,-0.0332,-0.0057,0.2679,0.0548,0.7838,sell
2022-12-30,49.2353,11989800,48.7132,49.2747,48.3980,-0.0110,0.0134,-0.0374,-0.0084,-0.0910,29.0814,0.0191,-0.0330,-0.0042,0.2321,-0.0920,0.7330,buy
2023-01-03,49.6195,12422800,49.8067,50.2007,48.8117,0.0078,0.0057,-0.0304,0.0025,-0.0828,28.5235,0.0194,-0.0314,-0.0022,0.2985,0.0361,0.7677,buy
2023-01-04,53.3924,25077300,52.2596,53.7077,51.9443,0.0760,0.0860,0.0503,0.0732,-0.0124,46.9559,0.0315,-0.0222,0.0040,0.7400,1.0187,1.4976,hold
2023-01-05,53.8948,18030900,53.0870,54.5647,53.0870,0.0094,0.1163,0.0820,0.0745,-0.0026,50.8195,0.0302,-0.0155,0.0083,0.7850,-0.2810,1.0767,buy
2023-01-06,55.9241,21069800,54.6041,56.4364,53.2250,0.0377,0.1234,0.1115,0.1026,0.0345,66.8351,0.0316,-0.0070,0.0127,0.9569,0.1685,1.2227,hold
2023-01-09,55.5202,15715900,55.9734,56.6629,54.8208,-0.0072,0.1277,0.1428,0.0798,0.0267,64.9138,0.0282,-0.0013,0.0149,0.8933,-0.2541,0.9065,buy
2023-01-10,56.3576,10571300,55.3232,56.4265,55.0277,0.0151,0.1358,0.1422,0.0814,0.0402,68.3491,0.0282,0.0043,0.0162,0.9351,-0.3274,0.6086,buy
2023-01-11,57.1949,12143000,56.4955,57.5988,56.0719,0.0149,0.0712,0.1634,0.0808,0.0541,74.8309,0.0276,0.0097,0.0172,0.9637,0.1487,0.7013,sell
2023-01-12,56.4167,14888100,57.2441,57.3722,55.5892,-0.0136,0.0468,0.1686,0.0499,0.0385,70.1524,0.0270,0.0130,0.0164,0.8698,0.2261,0.8582,hold
2023-01-13,56.0817,12520600,55.8847,56.1211,55.2838,-0.0059,0.0028,0.1265,0.0316,0.0315,77.2696,0.0272,0.0149,0.0147,0.8191,-0.1590,0.7191,hold
2023-01-17,56.0029,10962700,56.3083,57.7269,55.7074,-0.0014,0.0087,0.1375,0.0175,0.0288,75.4877,0.0265,0.0161,0.0127,0.7835,-0.1244,0.6422,hold
2023-01-18,55.6680,10035300,56.6531,57.1850,55.5202,-0.0060,-0.0122,0.1219,0.0004,0.0214,74.5860,0.0271,0.0164,0.0104,0.7350,-0.0846,0.6110,hold
2023-01-19,55.5202,12034200,54.8799,56.2394,54.4563,-0.0027,-0.0293,0.0399,-0.0060,0.0186,78.9852,0.0153,0.0163,0.0082,0.7038,0.1992,0.7427,buy
2023-01-20,57.5889,13826400,56.6137,57.6973,55.9143,0.0373,0.0208,0.0685,0.0242,0.0558,79.8944,0.0186,0.0182,0.0084,0.8216,0.1489,0.8616,buy
2023-01-23,60.8989,20175400,58.0421,60.9875,57.9830,0.0575,0.0859,0.0890,0.0736,0.1147,86.8617,0.0228,0.0233,0.0111,0.9783,0.4592,1.2581,sell
2023-01-24,60.3472,10183200,60.2881,60.8004,59.9630,-0.0091,0.0776,0.0869,0.0549,0.1024,83.5490,0.0230,0.0272,0.0120,0.8946,-0.4953,0.7024,hold
2023-01-25,60.6230,10787200,59.7660,60.7511,59.5197,0.0046,0.0890,0.0757,0.0519,0.1069,78.9432,0.0229,0.0301,0.0119,0.8700,0.0593,0.7615,buy
2023-01-26,61.8643,12219500,61.6475,62.1105,60.3768,0.0205,0.1143,0.0816,0.0648,0.1294,80.1191,0.0231,0.0331,0.0122,0.9033,0.1328,0.8716,buy
2023-01-27,62.9183,15895800,61.2141,63.3813,61.0368,0.0170,0.0925,0.1152,0.0709,0.1477,78.5369,0.0219,0.0362,0.0126,0.9298,0.3009,1.1204,sell
2023-01-30,60.7905,16169000,61.8249,62.3371,60.7708,-0.0338,-0.0018,0.0840,0.0265,0.1094,68.8514,0.0258,0.0373,0.0102,0.7705,0.0172,1.1279,sell
2023-01-31,59.4015,23856300,58.2194,59.4409,57.7761,-0.0228,-0.0157,0.0607,-0.0027,0.0834,60.4746,0.0275,0.0357,0.0064,0.6603,0.4754,1.5980,buy
2023-02-01,61.6672,20902200,59.7168,62.2879,59.4902,0.0381,0.0172,0.1078,0.0250,0.1232,64.0123,0.0289,0.0350,0.0055,0.8276,-0.1238,1.3614,buy
2023-02-02,62.2288,15877600,62.6130,62.9676,60.9383,0.0091,0.0059,0.1208,0.0229,0.1315,68.4606,0.0285,0.0356,0.0050,0.8441,-0.2404,1.0661,sell
2023-02-03,61.4801,12187100,61.0762,62.8395,60.9777,-0.0120,-0.0229,0.0676,0.0042,0.1157,66.7073,0.0279,0.0353,0.0035,0.7553,-0.2324,0.8347,sell
2023-02-06,59.0863,11484300,60.0320,60.2684,58.8499,-0.0389,-0.0280,-0.0298,-0.0320,0.0717,58.3467,0.0249,0.0325,-0.0005,0.5194,-0.0577,0.8132,buy
2023-02-07,61.2043,12713100,59.1946,61.4604,58.8105,0.0358,0.0303,0.0142,0.0013,0.1088,63.6673,0.0276,0.0306,-0.0010,0.7005,0.1070,0.9099,sell
2023-02-08,59.3523,9510500,60.5344,61.4013,59.3326,-0.0303,-0.0375,-0.0210,-0.0270,0.0745,58.7259,0.0293,0.0280,-0.0036,0.5036,-0.2519,0.6833,hold
2023-02-09,59.2833,10094700,60.2881,60.8989,58.8006,-0.0012,-0.0473,-0.0417,-0.0240,0.0715,54.2448,0.0283,0.0249,-0.0054,0.4856,0.0614,0.7306,hold
2023-02-10,58.9287,11429700,59.5985,59.8547,58.3672,-0.0060,-0.0415,-0.0634,-0.0234,0.0632,44.2063,0.0273,0.0218,-0.0070,0.4328,0.1322,0.8378,hold
2023-02-13,59.2242,11466200,58.9287,59.3818,57.9633,0.0050,0.0023,-0.0258,-0.0160,0.0676,46.6471,0.0257,0.0193,-0.0074,0.4443,0.0032,0.8437,buy
2023-02-14,61.1451,12496200,58.6331,61.3816,58.1504,0.0324,-0.0010,0.0294,0.0130,0.0996,51.4194,0.0267,0.0192,-0.0054,0.6489,0.0898,0.9143,hold
2023-02-15,60.9186,10457400,60.4162,61.0171,59.5591,-0.0037,0.0264,-0.0121,0.0105,0.0927,47.2789,0.0237,0.0191,-0.0044,0.6010,-0.1632,0.7640,sell
2023-02-16,59.1552,12683400,59.8744,60.4359,58.9582,-0.0289,-0.0022,-0.0494,-0.0137,0.0588,39.5970,0.0249,0.0170,-0.0058,0.2684,0.2129,0.9244,sell
2023-02-17,58.1307,10874900,58.9484,59.2833,57.6382,-0.0173,-0.0135,-0.0545,-0.0254,0.0384,42.1694,0.0252,0.0135,-0.0077,0.0554,-0.1426,0.8012,sell
2023-02-21,56.7418,12667500,57.4707,58.8203,56.6334,-0.0239,-0.0419,-0.0397,-0.0449,0.0122,42.1694,0.0233,0.0087,-0.0105,-0.0698,0.1648,0.9598,sell
2023-02-22,56.1310,12260300,56.8698,57.6973,55.9832,-0.0108,-0.0820,-0.0829,-0.0470,0.0007,31.9409,0.0187,0.0038,-0.0125,-0.0453,-0.0321,0.9217,buy
2023-02-23,57.8746,16094600,58.2588,58.8597,56.5841,0.0311,-0.0500,-0.0249,-0.0150,0.0303,36.8139,0.0207,0.0022,-0.0109,0.2274,0.3127,1.1863,sell
2023-02-24,57.3131,9867400,56.8403,57.5003,56.4955,-0.0097,-0.0311,-0.0332,-0.0212,0.0193,37.2360,0.0208,0.0003,-0.0103,0.1858,-0.3869,0.7337,hold
2023-02-27,57.0373,8514000,58.2884,58.6725,56.9683,-0.0048,-0.0188,-0.0321,-0.0228,0.0134,42.7878,0.0208,-0.0017,-0.0099,0.1740,-0.1372,0.6509,hold
2023-02-28,56.9585,10493300,56.7812,57.8648,56.5447,-0.0014,0.0038,-0.0383,-0.0203,0.0108,32.5506,0.0206,-0.0033,-0.0092,0.1972,0.2325,0.8200,sell
2023-03-01,56.4856,9141400,56.9979,57.6776,56.3674,-0.0083,0.0063,-0.0762,-0.0206,0.0005,36.7123,0.0163,-0.0052,-0.0089,0.1694,-0.1288,0.7579,sell
2023-03-02,55.5892,16625500,54.6730,55.8552,53.9047,-0.0159,-0.0395,-0.0875,-0.0272,-0.0169,34.0967,0.0164,-0.0080,-0.0095,0.1003,0.8187,1.4034,buy
2023-03-03,55.9340,13769200,55.6187,56.0226,54.6139,0.0062,-0.0241,-0.0545,-0.0156,-0.0126,37.0968,0.0154,-0.0095,-0.0088,0.1692,-0.1718,1.1727,hold
2023-03-06,55.9832,14472200,56.4265,57.7761,55.6975,0.0009,-0.0185,-0.0369,-0.0110,-0.0139,35.7329,0.0149,-0.0106,-0.0078,0.2007,0.0511,1.2207,sell
2023-03-07,54.7322,13278300,55.6581,55.8847,54.4859,-0.0223,-0.0391,-0.0354,-0.0296,-0.0374,20.0000,0.0147,-0.0133,-0.0084,0.0877,-0.0825,1.1116,buy
2023-03-08,56.0423,11515700,55.0080,56.0719,54.5253,0.0239,-0.0078,-0.0016,-0.0063,-0.0170,29.2887,0.0167,-0.0129,-0.0065,0.2771,-0.1327,0.9689,sell
2023-03-09,54.7715,10200000,55.7961,56.7023,54.7124,-0.0227,-0.0147,-0.0536,-0.0234,-0.0411,30.5677,0.0140,-0.0149,-0.0067,0.1448,-0.1143,0.8557,sell
2023-03-10,54.1115,14180700,54.8307,55.6680,53.7175,-0.0121,-0.0326,-0.0559,-0.0296,-0.0543,31.5884,0.0141,-0.0172,-0.0071,0.1087,0.3903,1.1696,sell
2023-03-13,53.0969,17365200,53.1658,53.7372,51.9739,-0.0188,-0.0516,-0.0691,-0.0411,-0.0736,32.7103,0.0147,-0.0205,-0.0082,0.0509,0.2246,1.3980,buy
2023-03-14,53.4614,14657000,54.1509,54.5942,52.8999,0.0069,-0.0232,-0.0614,-0.0283,-0.0684,37.0335,0.0153,-0.0219,-0.0077,0.1380,-0.1560,1.1650,hold
2023-03-15,53.3234,14643600,52.5354,53.4614,52.0921,-0.0026,-0.0485,-0.0560,-0.0252,-0.0721,23.8095,0.0153,-0.0232,-0.0071,0.1391,-0.0009,1.1541,buy
2023-03-16,55.7271,14791800,52.8900,55.8650,52.8112,0.0451,0.0174,0.0025,0.0184,-0.0324,42.4696,0.0216,-0.0193,-0.0032,0.4692,0.0101,1.1462,hold
2023-03-17,55.8158,26655200,55.9537,56.8600,55.3823,0.0016,0.0315,-0.0021,0.0203,-0.0316,44.0952,0.0215,-0.0168,-0.0005,0.5090,0.8020,1.9595,buy
2023-03-20,56.7812,10610200,55.8552,57.0077,55.2444,0.0173,0.0694,0.0143,0.0364,-0.0159,49.2105,0.0222,-0.0130,0.0024,0.6977,-0.6019,0.7807,buy
2023-03-21,57.7564,14613700,57.5101,58.6331,56.7417,0.0172,0.0803,0.0553,0.0484,0.0004,55.4156,0.0210,-0.0086,0.0052,0.8512,0.3773,1.0677,sell
2023-03-22,57.3033,16949300,57.5298,59.5099,57.2245,-0.0078,0.0746,0.0225,0.0378,-0.0081,57.5916,0.0203,-0.0059,0.0064,0.7547,0.1598,1.2175,buy
2023-03-23,60.4260,23903100,58.2982,60.8595,58.2490,0.0545,0.0843,0.1032,0.0833,0.0445,65.9664,0.0240,0.0007,0.0099,1.1438,0.4103,1.6701,hold
2023-03-24,60.2487,18735600,59.6084,60.4851,59.5985,-0.0029,0.0794,0.1134,0.0684,0.0404,65.0243,0.0232,0.0054,0.0117,1.0277,-0.2162,1.2697,sell
2023-03-27,58.8991,15901000,60.2783,60.5048,58.2884,-0.0224,0.0373,0.1093,0.0338,0.0162,64.5761,0.0238,0.0073,0.0110,0.8302,-0.1513,1.0513,sell
2023-03-28,58.3967,20496300,58.9090,58.9779,56.9585,-0.0085,0.0111,0.0923,0.0162,0.0067,58.7290,0.0245,0.0081,0.0094,0.7541,0.2890,1.3117,buy
2023-03-29,62.5932,51939800,60.0024,63.4601,59.9630,0.0719,0.0923,0.1738,0.0719,0.0766,73.8295,0.0310,0.0133,0.0117,1.0923,1.5341,2.9237,hold
2023-03-30,62.1499,23038300,63.0759,63.1449,61.5490,-0.0071,0.0285,0.1153,0.0527,0.0666,74.8175,0.0301,0.0172,0.0125,0.9662,-0.5564,1.2738,sell
2023-03-31,59.4409,35416500,59.4508,60.7413,59.0075,-0.0436,-0.0134,0.0649,0.0007,0.0187,67.7313,0.0347,0.0173,0.0099,0.7077,0.5373,1.8477,sell
2023-04-03,58.7218,23610800,58.9188,58.9188,57.0077,-0.0121,-0.0030,0.0342,-0.0146,0.0060,64.4168,0.0350,0.0158,0.0066,0.6327,-0.3333,1.2031,sell
2023-04-04,56.4167,21303200,58.7908,59.2045,56.1014,-0.0393,-0.0339,-0.0232,-0.0512,-0.0320,57.5772,0.0371,0.0116,0.0016,0.4244,-0.0977,1.0638,hold
2023-04-05,56.1704,19456200,55.9734,56.2591,55.1754,-0.0044,-0.1026,-0.0198,-0.0535,-0.0348,51.2142,0.0370,0.0073,-0.0022,0.4020,-0.0867,0.9526,buy
2023-04-06,57.8040,21496500,56.2148,58.3864,56.0667,0.0291,-0.0699,-0.0434,-0.0217,-0.0058,55.0212,0.0335,0.0060,-0.0026,0.5335,0.1049,1.0242,buy
2023-04-10,62.4532,43280100,60.3902,62.9468,60.2125,0.0804,0.0507,0.0366,0.0531,0.0740,62.0771,0.0428,0.0106,0.0022,0.9009,1.0134,1.9284,hold
2023-04-11,62.7494,23090200,62.8185,63.4601,62.2262,0.0047,0.0686,0.0654,0.0513,0.0791,60.9477,0.0418,0.0148,0.0051,0.8887,-0.4665,1.0159,sell
2023-04-12,61.1601,16694100,63.5292,63.5292,61.0417,-0.0253,0.0841,0.0473,0.0199,0.0517,58.0554,0.0428,0.0163,0.0051,0.7294,-0.2770,0.7312,buy
2023-04-13,62.1867,23286500,60.7159,62.5519,60.0052,0.0168,0.1071,-0.0065,0.0377,0.0683,54.0302,0.0364,0.0181,0.0056,0.8094,0.3949,1.0010,hold
2023-04-14,61.8215,14953000,62.3644,62.4039,60.9726,-0.0059,0.0695,-0.0053,0.0322,0.0620,53.5694,0.0364,0.0191,0.0052,0.7481,-0.3579,0.6425,hold
2023-04-17,61.7326,11546800,61.4168,61.9597,61.1799,-0.0014,-0.0115,0.0386,0.0268,0.0606,56.8210,0.0330,0.0195,0.0045,0.7180,-0.2278,0.5128,hold
2023-04-18,61.1305,12175200,62.5125,62.6309,60.6863,-0.0098,-0.0258,0.0410,0.0127,0.0504,56.5495,0.0329,0.0190,0.0031,0.6329,0.0544,0.5389,sell
2023-04-19,59.8671,11652600,60.1928,60.4198,59.6005,-0.0207,-0.0211,0.0612,-0.0138,0.0284,42.4007,0.0306,0.0169,0.0005,0.4743,-0.0429,0.5191,buy
2023-04-20,60.6666,14382200,59.1070,61.1503,59.0971,0.0134,-0.0244,0.0800,-0.0080,0.0423,45.9457,0.0304,0.0156,-0.0004,0.5518,0.2342,0.6444,hold
2023-04-21,60.3409,9606200,60.3606,60.6567,59.9460,-0.0054,-0.0240,0.0439,-0.0174,0.0364,52.8282,0.0297,0.0143,-0.0015,0.5117,-0.3321,0.4447,sell
2023-04-24,58.7418,13402600,59.3241,60.0941,58.5838,-0.0265,-0.0484,-0.0594,-0.0376,0.0091,50.0594,0.0151,0.0112,-0.0040,0.3238,0.3952,0.6282,sell
2023-04-25,57.3894,15987300,58.3667,58.5740,57.2809,-0.0230,-0.0612,-0.0854,-0.0515,-0.0136,53.0712,0.0155,0.0066,-0.0071,0.1787,0.1929,0.7491,buy
2023-04-26,60.2323,25385000,58.8109,60.3902,58.5740,0.0495,0.0061,-0.0152,-0.0030,0.0349,61.0174,0.0229,0.0064,-0.0054,0.5053,0.5878,1.1760,buy
2023-04-27,61.1009,13524600,59.9658,61.1601,59.3538,0.0144,0.0072,-0.0175,0.0132,0.0498,59.3296,0.0227,0.0074,-0.0033,0.6232,-0.4672,0.6878,buy
2023-04-28,63.5292,18094700,61.6241,63.6081,61.4957,0.0397,0.0528,0.0276,0.0505,0.0906,53.4824,0.0261,0.0110,0.0005,0.8988,0.3379,0.9319,sell
2023-05-01,61.5451,12823400,63.0652,63.2725,61.5056,-0.0312,0.0477,-0.0030,0.0180,0.0557,46.4862,0.0282,0.0117,0.0007,0.6489,-0.2913,0.7012,hold
2023-05-02,61.1009,12237600,61.4266,61.7721,60.4593,-0.0072,0.0647,-0.0005,0.0107,0.0470,49.8148,0.0282,0.0114,0.0003,0.5832,-0.0457,0.6907,sell
2023-05-03,60.1237,10818100,60.6962,61.3773,60.0348,-0.0160,-0.0018,0.0043,-0.0058,0.0290,43.5294,0.0278,0.0099,-0.0012,0.4372,-0.1160,0.6292,hold
2023-05-04,59.7289,13357900,59.7683,60.1731,59.1267,-0.0066,-0.0225,-0.0155,-0.0108,0.0210,43.4487,0.0275,0.0079,-0.0026,0.3338,0.2348,0.7909,buy
2023-05-05,60.4396,12312700,59.8276,60.9430,59.3340,0.0119,-0.0486,0.0016,0.0008,0.0323,46.1035,0.0278,0.0071,-0.0026,0.4178,-0.0782,0.7494,hold
2023-05-08,60.0842,11510400,60.4593,60.5580,59.5314,-0.0059,-0.0237,0.0229,-0.0073,0.0252,46.7995,0.0263,0.0060,-0.0030,0.3723,-0.0652,0.7755,hold
2023-05-09,60.1434,11895200,59.1070,60.5975,58.7812,0.0010,-0.0157,0.0480,-0.0108,0.0251,50.9126,0.0247,0.0051,-0.0031,0.4015,0.0334,0.8329,sell
2023-05-10,59.2156,14548700,61.1206,61.5056,59.0181,-0.0154,-0.0151,-0.0169,-0.0245,0.0086,45.2489,0.0197,0.0032,-0.0041,0.2473,0.2231,1.0264,buy
2023-05-11,60.8147,15536600,59.8078,61.0121,59.2945,0.0270,0.0182,-0.0047,0.0023,0.0343,51.4320,0.0212,0.0037,-0.0028,0.5643,0.0679,1.1269,sell
2023-05-12,60.1336,12131400,61.1898,61.3872,59.3735,-0.0112,-0.0051,-0.0534,-0.0033,0.0211,54.4536,0.0160,0.0032,-0.0027,0.4454,-0.2192,0.8890,buy
2023-05-15,63.8055,22227200,61.4266,64.0326,61.0022,0.0611,0.0619,0.0367,0.0536,0.0806,67.8768,0.0240,0.0072,0.0013,1.0791,0.8322,1.5675,sell
2023-05-16,62.9073,15259000,63.7167,64.3781,62.4828,-0.0141,0.0460,0.0296,0.0357,0.0629,58.3590,0.0245,0.0094,0.0028,0.8809,-0.3135,1.0645,buy
2023-05-17,64.0819,15947700,63.7463,64.4768,62.6210,0.0187,0.0822,0.0658,0.0482,0.0793,59.1405,0.0239,0.0122,0.0045,0.9836,0.0451,1.0961,buy
2023-05-18,66.6977,30688000,65.1283,67.7046,64.2399,0.0408,0.0967,0.1167,0.0787,0.1193,59.6050,0.0256,0.0169,0.0077,1.1518,0.9243,1.9973,buy
2023-05-19,67.2900,16812100,66.6977,67.5071,65.5724,0.0089,0.1190,0.1133,0.0763,0.1246,69.0196,0.0256,0.0214,0.0097,1.0743,-0.4522,1.0691,sell
2023-05-22,65.3750,37491000,64.9012,65.8883,63.9240,-0.0285,0.0246,0.0881,0.0369,0.0885,62.8946,0.0282,0.0231,0.0089,0.8451,1.2300,2.2145,hold
2023-05-23,65.1579,15896200,64.9999,66.6879,64.8617,-0.0033,0.0358,0.0834,0.0253,0.0805,65.9177,0.0283,0.0235,0.0074,0.8000,-0.5760,0.9392,hold
2023-05-24,65.6712,15806600,64.1115,65.8686,64.0424,0.0079,0.0248,0.1090,0.0230,0.0846,68.6494,0.0271,0.0239,0.0064,0.8151,-0.0056,0.9611,buy
2023-05-25,68.7114,29021500,68.8496,68.9779,66.6385,0.0463,0.0302,0.1298,0.0574,0.1291,72.6487,0.0290,0.0266,0.0079,1.0087,0.8360,1.6853,buy
2023-05-26,72.9756,33410000,68.9779,73.6271,68.8989,0.0621,0.0845,0.2136,0.1012,0.1924,79.0739,0.0315,0.0322,0.0116,1.1578,0.1512,1.8575,sell
2023-05-30,70.7645,24454700,73.4297,73.8048,70.6559,-0.0303,0.0824,0.1091,0.0568,0.1507,71.8344,0.0315,0.0361,0.0119,0.9368,-0.2680,1.3170,sell
2023-05-31,67.3196,30403600,68.0106,68.9483,67.0432,-0.0487,0.0332,0.0701,-0.0013,0.0909,65.0975,0.0361,0.0358,0.0083,0.7013,0.2433,1.5610,buy
2023-06-01,68.1981,18153000,68.0500,68.8890,67.2209,0.0130,0.0385,0.0642,0.0056,0.1014,64.1345,0.0359,0.0343,0.0057,0.7315,-0.4029,0.9148,hold
2023-06-02,68.2771,13468200,69.0865,69.6393,67.4084,0.0012,-0.0063,0.0237,0.0045,0.0988,65.9575,0.0339,0.0332,0.0037,0.7139,-0.2581,0.6785,sell
2023-06-05,66.8951,12441100,68.6028,68.6028,66.6385,-0.0202,-0.0833,-0.0059,-0.0153,0.0743,56.6511,0.0346,0.0309,0.0007,0.6092,-0.0763,0.6266,hold
2023-06-06,66.6681,12476600,66.1647,67.9513,65.9574,-0.0034,-0.0579,0.0198,-0.0205,0.0685,58.3370,0.0331,0.0281,-0.0018,0.5766,0.0029,0.6269,hold
2023-06-07,66.1943,14610800,67.5269,67.7835,66.0759,-0.0071,-0.0167,0.0159,-0.0289,0.0584,54.8329,0.0332,0.0251,-0.0040,0.5247,0.1711,0.7291,sell
2023-06-08,64.4768,25856800,65.6415,65.6613,63.1837,-0.0259,-0.0546,-0.0182,-0.0525,0.0289,44.7009,0.0343,0.0208,-0.0073,0.3652,0.7697,1.2549,hold
2023-06-09,64.5854,14649300,65.0789,65.5428,63.6377,0.0017,-0.0541,-0.0600,-0.0451,0.0300,43.3944,0.0300,0.0168,-0.0090,0.3466,-0.4334,0.7125,buy
2023-06-12,66.5793,14731100,64.9900,66.6681,64.9407,0.0309,-0.0047,-0.0877,-0.0062,0.0603,52.9299,0.0230,0.0154,-0.0077,0.4946,0.0056,0.7120,hold
2023-06-13,66.9939,11911900,67.6749,67.9908,66.7273,0.0062,0.0049,-0.0533,0.0056,0.0644,54.4244,0.0221,0.0150,-0.0064,0.5219,-0.1914,0.5904,buy
2023-06-14,68.2277,11085800,66.6681,68.3165,66.6484,0.0184,0.0307,0.0135,0.0228,0.0807,55.9540,0.0171,0.0157,-0.0042,0.6367,-0.0694,0.5552,hold
2023-06-15,67.9316,11842600,67.7045,68.6225,67.4775,-0.0043,0.0536,-0.0039,0.0187,0.0721,47.9178,0.0167,0.0161,-0.0031,0.5840,0.0683,0.5993,sell
2023-06-16,66.7866,32259700,69.2444,69.5899,65.2072,-0.0169,0.0341,-0.0218,0.0038,0.0505,30.1708,0.0174,0.0150,-0.0036,0.4424,1.7240,1.6261,sell
2023-06-20,66.0364,13261600,66.4509,66.7471,64.9210,-0.0112,-0.0082,-0.0128,-0.0062,0.0360,33.2869,0.0166,0.0130,-0.0046,0.3589,-0.5889,0.6745,sell
2023-06-21,64.9506,10427200,65.8883,66.3325,64.4965,-0.0164,-0.0305,-0.0258,-0.0200,0.0182,39.9497,0.0173,0.0101,-0.0063,0.2317,-0.2137,0.5695,buy
2023-06-22,65.3947,8639500,64.6840,65.7995,64.6643,0.0068,-0.0415,-0.0121,-0.0121,0.0243,37.6522,0.0175,0.0080,-0.0067,0.2827,-0.1714,0.4814,sell
2023-06-23,64.4373,12663600,64.6051,65.1085,64.0030,-0.0146,-0.0514,-0.0006,-0.0265,0.0083,34.3018,0.0160,0.0052,-0.0077,0.1839,0.4658,0.7119,hold
2023-06-26,64.6051,13815900,64.7828,65.8389,64.5656,0.0026,-0.0327,0.0003,-0.0240,0.0101,39.6057,0.0160,0.0030,-0.0079,0.2324,0.0910,0.8114,buy
2023-06-27,65.9278,18305200,64.4274,65.9771,62.9665,0.0205,-0.0016,-0.0098,-0.0030,0.0295,46.9437,0.0140,0.0029,-0.0062,0.4024,0.3249,1.1249,buy
2023-06-28,66.2042,27100100,64.8025,66.8556,64.5459,0.0042,0.0193,-0.0118,0.0023,0.0324,50.0414,0.0139,0.0031,-0.0048,0.4748,0.4805,1.6519,sell
2023-06-29,63.4995,51141900,66.9642,67.0728,62.7296,-0.0409,-0.0290,-0.0693,-0.0317,-0.0105,46.2127,0.0169,0.0000,-0.0066,0.0326,0.8871,2.9321,sell
2023-06-30,62.2953,31549600,63.6674,64.2596,62.0880,-0.0190,-0.0332,-0.0830,-0.0418,-0.0300,41.8194,0.0173,-0.0041,-0.0086,-0.0657,-0.3831,1.7419,buy
2023-07-03,63.0751,12921300,62.6210,63.4897,62.4434,0.0125,-0.0237,-0.0556,-0.0242,-0.0186,36.2935,0.0182,-0.0062,-0.0086,0.1017,-0.5904,0.7145,sell
2023-07-05,61.2588,16553000,62.6803,62.9270,61.2194,-0.0288,-0.0708,-0.0723,-0.0453,-0.0472,29.7841,0.0196,-0.0104,-0.0103,-0.0569,0.2811,0.9050,sell
2023-07-06,60.4396,15607300,60.2027,60.9923,59.7190,-0.0134,-0.0871,-0.0695,-0.0514,-0.0604,21.7203,0.0195,-0.0147,-0.0117,-0.0461,-0.0571,0.8461,sell
2023-07-07,59.9797,15028100,60.7511,60.8104,59.9599,-0.0076,-0.0554,-0.0828,-0.0505,-0.0683,21.4651,0.0188,-0.0186,-0.0124,-0.0017,-0.0371,0.8138,buy
2023-07-10,61.7895,16953100,60.1577,62.1356,59.9105,0.0302,-0.0081,-0.0411,-0.0178,-0.0407,32.8848,0.0222,-0.0183,-0.0099,0.2163,0.1281,0.9407,buy
2023-07-11,62.8971,13454500,61.9081,62.9663,61.6214,0.0179,-0.0028,-0.0264,0.0026,-0.0240,39.5048,0.0232,-0.0166,-0.0066,0.3406,-0.2064,0.7490,hold
2023-07-12,63.0850,13953600,63.7575,63.9849,62.4323,0.0030,0.0298,-0.0431,0.0101,-0.0210,43.3647,0.0219,-0.0150,-0.0041,0.3757,0.0371,0.7785,buy
2023-07-13,63.8168,11384700,63.4707,63.9355,62.8477,0.0116,0.0559,-0.0361,0.0258,-0.0103,44.5003,0.0224,-0.0126,-0.0014,0.4664,-0.1841,0.6361,sell
2023-07-14,63.3718,13860200,63.5894,64.8157,62.9762,-0.0070,0.0566,-0.0020,0.0188,-0.0179,46.1488,0.0183,-0.0114,-0.0001,0.4395,0.2174,0.7685,buy
2023-07-17,64.4399,11333600,63.0949,64.9442,62.6400,0.0169,0.0429,0.0344,0.0324,-0.0027,49.4393,0.0177,-0.0087,0.0019,0.5943,-0.1823,0.6293,hold
2023-07-18,64.2223,10393100,63.6586,64.4003,63.0454,-0.0034,0.0211,0.0182,0.0271,-0.0074,43.7428,0.0175,-0.0069,0.0030,0.5890,-0.0830,0.6143,hold
2023-07-19,64.2421,9463900,64.9046,65.0332,64.0838,0.0003,0.0183,0.0487,0.0225,-0.0083,42.6632,0.0138,-0.0054,0.0036,0.6096,-0.0894,0.5658,sell
2023-07-20,63.9750,12745100,63.6882,64.8255,63.5399,-0.0042,0.0025,0.0585,0.0126,-0.0136,52.1744,0.0127,-0.0045,0.0036,0.5789,0.3467,0.7567,buy
2023-07-21,64.9244,24540200,64.5684,65.4288,63.6289,0.0148,0.0245,0.0824,0.0196,-0.0004,62.3097,0.0121,-0.0025,0.0044,0.7280,0.9255,1.3913,hold
2023-07-24,64.7563,10272700,64.6376,65.9035,64.4992,-0.0026,0.0049,0.0480,0.0122,-0.0047,58.3497,0.0096,-0.0012,0.0046,0.6986,-0.5814,0.5864,buy
2023-07-25,64.9541,8610900,64.6772,65.2706,64.3607,0.0031,0.0114,0.0327,0.0121,-0.0029,71.8679,0.0084,0.0001,0.0047,0.7239,-0.1618,0.4989,buy
2023-07-26,66.6353,14920600,64.2816,67.1298,64.2816,0.0259,0.0373,0.0563,0.0326,0.0208,83.2713,0.0110,0.0031,0.0061,0.9534,0.7328,0.8731,buy
2023-07-27,70.2845,25068300,69.7010,71.5405,69.1868,0.0548,0.0986,0.1013,0.0783,0.0746,91.2182,0.0191,0.0093,0.0097,1.2366,0.6801,1.4757,hold
2023-07-28,70.4131,11932900,70.7889,71.3328,69.8791,0.0018,0.0845,0.1111,0.0687,0.0741,89.8536,0.0185,0.0143,0.0117,1.0917,-0.5240,0.7941,hold
2023-07-31,70.6010,11193800,70.3340,70.9768,70.0867,0.0027,0.0903,0.0956,0.0617,0.0748,88.9110,0.0185,0.0182,0.0125,1.0072,-0.0619,0.7990,sell
2023-08-01,69.9780,13141100,70.2153,70.2944,69.1176,-0.0088,0.0773,0.0896,0.0433,0.0643,83.3493,0.0190,0.0206,0.0119,0.8984,0.1740,0.9373,sell
2023-08-02,67.4166,14004400,68.9791,69.0780,66.5958,-0.0366,0.0117,0.0494,0.0003,0.0253,64.7967,0.0238,0.0199,0.0087,0.6810,0.0657,1.0080,buy
2023-08-03,68.4154,11075200,66.8232,68.6231,66.4178,0.0148,-0.0266,0.0694,0.0085,0.0395,69.8289,0.0237,0.0194,0.0067,0.7369,-0.2092,0.8104,buy
2023-08-04,69.1374,11255500,68.7319,70.1461,68.3660,0.0106,-0.0181,0.0649,0.0129,0.0492,68.9847,0.0236,0.0196,0.0057,0.7757,0.0163,0.8351,sell
2023-08-07,68.6132,10537500,69.0780,69.4538,68.0693,-0.0076,-0.0282,0.0596,-0.0005,0.0403,67.3167,0.0239,0.0193,0.0042,0.7091,-0.0638,0.8009,sell
2023-08-08,66.9023,14767800,67.9407,68.0001,66.2200,-0.0249,-0.0440,0.0300,-0.0281,0.0149,59.2567,0.0258,0.0171,0.0013,0.5373,0.4015,1.1168,sell
2023-08-09,65.9628,10043200,67.0309,67.2188,65.8837,-0.0140,-0.0216,-0.0101,-0.0409,0.0028,56.6075,0.0250,0.0140,-0.0017,0.4314,-0.3199,0.7709,sell
2023-08-10,64.7168,12775300,66.3188,66.7144,64.2124,-0.0189,-0.0541,-0.0792,-0.0513,-0.0143,49.3230,0.0161,0.0098,-0.0049,0.2995,0.2720,0.9755,sell
2023-08-11,63.6586,11823100,64.1827,64.5882,63.3619,-0.0164,-0.0792,-0.0959,-0.0575,-0.0293,46.6179,0.0159,0.0050,-0.0080,0.1885,-0.0745,0.9098,buy
2023-08-14,67.5254,21954000,63.6586,67.7232,63.4905,0.0607,-0.0159,-0.0436,0.0044,0.0298,56.4612,0.0274,0.0055,-0.0054,0.5687,0.8569,1.6231,sell
2023-08-15,64.6080,13808500,66.8430,66.8825,64.5981,-0.0432,-0.0343,-0.0767,-0.0313,-0.0136,45.2035,0.0301,0.0028,-0.0069,0.2603,-0.3710,1.0082,sell
2023-08-16,63.5102,9895400,64.2816,64.5091,63.3817,-0.0170,-0.0372,-0.0579,-0.0422,-0.0293,31.7723,0.0286,-0.0010,-0.0086,0.1556,-0.2834,0.7213,sell
2023-08-17,62.8575,9933300,63.7773,63.9948,62.6993,-0.0103,-0.0287,-0.0812,-0.0440,-0.0382,30.2277,0.0277,-0.0048,-0.0100,0.1072,0.0038,0.7316,hold
2023-08-18,62.8872,9576500,61.6214,63.1542,61.0675,0.0005,-0.0121,-0.0904,-0.0343,-0.0367,29.6451,0.0271,-0.0077,-0.0103,0.1375,-0.0359,0.7464,hold
2023-08-21,63.2531,11311900,62.9762,63.4806,62.1653,0.0058,-0.0633,-0.0781,-0.0207,-0.0308,32.0105,0.0275,-0.0093,-0.0096,0.1888,0.1812,0.8782,sell
2023-08-22,62.7092,8876000,63.5894,64.3607,62.5905,-0.0086,-0.0294,-0.0627,-0.0227,-0.0386,35.8838,0.0269,-0.0113,-0.0093,0.1635,-0.2153,0.6883,buy
2023-08-23,64.4695,10747400,62.8674,64.8948,62.4718,0.0281,0.0151,-0.0226,0.0070,-0.0109,38.6841,0.0287,-0.0102,-0.0066,0.3313,0.2108,0.8472,sell
2023-08-24,62.9861,12661600,65.4090,65.5079,62.6696,-0.0230,0.0020,-0.0267,-0.0135,-0.0325,33.0978,0.0290,-0.0115,-0.0062,0.2279,0.1781,1.0494,hold
2023-08-25,63.0158,9409000,62.7586,63.6784,61.9378,0.0005,0.0020,-0.0101,-0.0120,-0.0305,34.1899,0.0286,-0.0122,-0.0055,0.2527,-0.2569,0.7881,buy
2023-08-28,64.5882,9904900,64.9937,65.3794,63.9454,0.0250,0.0211,-0.0435,0.0173,-0.0053,43.4122,0.0214,-0.0104,-0.0031,0.4201,0.0527,0.8341,buy
2023-08-29,65.9431,9955000,64.1827,66.2892,64.1531,0.0210,0.0516,0.0207,0.0365,0.0159,49.9450,0.0177,-0.0072,-0.0001,0.5906,0.0051,0.8497,buy
2023-08-30,67.3375,16892200,66.4474,67.9407,65.7848,0.0211,0.0445,0.0603,0.0521,0.0369,57.2286,0.0173,-0.0031,0.0031,0.7526,0.6969,1.4243,buy
2023-08-31,69.1670,18420900,67.2188,69.7604,67.2188,0.0272,0.0981,0.1004,0.0701,0.0637,64.5736,0.0174,0.0022,0.0066,0.9464,0.0905,1.5065,buy
2023-09-01,69.6121,10772000,69.4340,69.8395,68.7813,0.0064,0.1047,0.1069,0.0659,0.0692,56.7413,0.0171,0.0067,0.0089,0.9837,-0.4152,0.8827,hold
2023-09-05,69.5132,11144300,69.1374,70.3735,68.7616,-0.0014,0.0763,0.0990,0.0543,0.0660,69.3750,0.0175,0.0101,0.0098,0.9523,0.0346,0.9110,hold
2023-09-06,69.6318,9192800,69.3549,69.8791,68.8703,0.0017,0.0559,0.1104,0.0451,0.0662,76.2066,0.0166,0.0127,0.0099,0.9195,-0.1751,0.7690,sell
2023-09-07,69.0978,12043200,68.6824,69.5132,68.3363,-0.0077,0.0261,0.0718,0.0299,0.0570,76.9888,0.0163,0.0141,0.0091,0.8337,0.3101,0.9990,hold
2023-09-08,69.4044,9805000,68.9989,69.8296,68.8407,0.0044,0.0034,0.1019,0.0247,0.0606,77.5271,0.0125,0.0153,0.0082,0.8251,-0.1858,0.8235,hold
2023-09-11,69.2560,9310400,70.0472,70.0768,68.5440,-0.0021,-0.0051,0.0990,0.0132,0.0565,75.8297,0.0128,0.0160,0.0071,0.7810,-0.0504,0.7903,buy
2023-09-12,69.5329,11062100,69.1868,70.8977,69.0187,0.0040,0.0003,0.0766,0.0099,0.0584,80.0522,0.0116,0.0165,0.0061,0.7876,0.1881,0.9845,buy
2023-09-13,70.0670,14525500,70.2648,71.0658,69.5824,0.0077,0.0062,0.0625,0.0116,0.0642,77.6366,0.0106,0.0173,0.0056,0.7997,0.3131,1.2886,buy
2023-09-14,70.9966,11170300,70.8779,71.4317,70.4922,0.0133,0.0275,0.0543,0.0197,0.0752,91.8387,0.0096,0.0186,0.0057,0.8366,-0.2310,0.9854,sell
2023-09-15,69.1077,16416100,70.5021,70.8383,68.8703,-0.0266,-0.0043,-0.0009,-0.0074,0.0438,76.6434,0.0110,0.0180,0.0037,0.6650,0.4696,1.4079,buy
2023-09-18,69.7208,12735700,69.8692,70.2648,69.1374,0.0089,0.0067,0.0016,0.0013,0.0500,74.5041,0.0112,0.0174,0.0026,0.6956,-0.2242,1.0777,hold
2023-09-19,69.9285,10399000,69.8395,70.2746,69.1967,0.0030,0.0057,0.0060,0.0036,0.0506,71.3678,0.0112,0.0171,0.0019,0.6935,-0.1835,0.8834,sell
2023-09-20,68.9099,15522100,70.1659,71.5108,68.8802,-0.0146,-0.0165,-0.0104,-0.0099,0.0334,58.7845,0.0122,0.0158,0.0003,0.5803,0.4927,1.2823,sell
2023-09-21,67.1496,14978600,68.2374,68.5242,67.0804,-0.0255,-0.0542,-0.0282,-0.0325,0.0058,38.6415,0.0144,0.0126,-0.0026,0.3825,-0.0350,1.2162,buy
2023-09-22,68.1187,15487200,67.8319,68.9791,67.0408,0.0144,-0.0143,-0.0185,-0.0167,0.0190,42.0609,0.0152,0.0107,-0.0035,0.4513,0.0340,1.2432,hold
2023-09-25,67.8221,14900000,67.5353,68.4253,66.8628,-0.0044,-0.0272,-0.0207,-0.0190,0.0132,41.1947,0.0153,0.0089,-0.0043,0.3483,-0.0379,1.1703,sell
2023-09-26,67.1891,12752500,67.2188,68.2869,66.8430,-0.0093,-0.0392,-0.0337,-0.0248,0.0029,37.9276,0.0153,0.0066,-0.0053,0.1575,-0.1441,0.9905,hold
2023-09-27,67.4561,20852300,67.3671,68.0891,66.0123,0.0040,-0.0211,-0.0373,-0.0172,0.0059,41.6666,0.0150,0.0050,-0.0055,0.1533,0.6352,1.5539,sell
2023-09-28,64.4794,46749800,65.2409,66.3485,63.1246,-0.0441,-0.0398,-0.0918,-0.0516,-0.0385,30.3318,0.0184,0.0003,-0.0086,-0.2547,1.2419,3.1350,buy
2023-09-29,67.2781,24315500,65.6266,67.9704,65.6266,0.0434,-0.0123,-0.0265,-0.0078,0.0022,43.4812,0.0237,-0.0002,-0.0070,0.2560,-0.4799,1.5990,hold
2023-10-02,67.2089,14880500,67.4858,68.5143,66.3188,-0.0010,-0.0090,-0.0360,-0.0051,0.0005,42.2340,0.0234,-0.0007,-0.0059,0.2679,-0.3880,0.9655,hold
2023-10-03,67.0803,12481500,66.4276,68.8802,66.3683,-0.0019,-0.0016,-0.0407,-0.0028,-0.0021,39.7418,0.0233,-0.0011,-0.0051,0.2699,-0.1612,0.8064,hold
2023-10-04,67.3572,12912800,67.5550,67.7429,66.3782,0.0041,-0.0015,-0.0225,0.0036,0.0013,36.9131,0.0231,-0.0012,-0.0041,0.3338,0.0346,0.8243,buy
2023-10-05,68.2868,14045000,67.8517,68.7714,67.5847,0.0138,0.0590,0.0169,0.0158,0.0146,46.8296,0.0220,-0.0001,-0.0024,0.4949,0.0877,0.8909,buy
2023-10-06,69.3022,15113400,68.0640,69.6687,67.3607,0.0149,0.0301,0.0174,0.0290,0.0300,48.4319,0.0220,0.0019,-0.0003,0.6659,0.0761,0.9428,sell
2023-10-09,68.8268,8588700,68.9555,69.2923,67.9352,-0.0069,0.0241,0.0148,0.0205,0.0234,45.9540,0.0221,0.0029,0.0006,0.5905,-0.4317,0.5370,hold
2023-10-10,68.4206,9007600,68.8366,69.4508,68.2423,-0.0059,0.0200,0.0183,0.0126,0.0180,48.1185,0.0219,0.0032,0.0007,0.5319,0.0488,0.5668,buy
2023-10-11,69.5499,11165300,69.0645,69.6093,68.2819,0.0165,0.0326,0.0310,0.0261,0.0350,59.7007,0.0224,0.0046,0.0017,0.7357,0.2395,0.7101,hold
2023-10-12,69.0942,11408700,69.7282,70.0551,68.6484,-0.0066,0.0118,0.0716,0.0125,0.0277,54.1130,0.0157,0.0052,0.0018,0.6911,0.0218,0.7250,sell
2023-10-13,68.5593,10287900,69.2131,69.4013,68.4404,-0.0077,-0.0107,0.0190,0.0028,0.0197,53.0472,0.0097,0.0051,0.0013,0.5933,-0.0982,0.6668,hold
2023-10-16,68.4305,11294100,68.3612,69.3716,67.4993,-0.0019,-0.0058,0.0182,-0.0009,0.0180,55.3542,0.0098,0.0047,0.0007,0.5843,0.0978,0.7354,hold
2023-10-17,68.3512,11843000,67.4300,68.9753,66.9842,-0.0012,-0.0010,0.0189,-0.0039,0.0169,53.9243,0.0097,0.0043,0.0002,0.5904,0.0486,0.7676,hold
2023-10-18,68.4899,11201000,67.3706,68.8961,67.3408,0.0020,-0.0152,0.0168,-0.0035,0.0185,73.4078,0.0097,0.0040,0.0000,0.6275,-0.0542,0.7363,sell
2023-10-19,66.8951,18111000,69.0249,69.1239,66.5484,-0.0233,-0.0318,-0.0204,-0.0247,-0.0055,47.3986,0.0115,0.0020,-0.0017,0.2741,0.6169,1.1783,sell
2023-10-20,66.5880,11506100,66.9248,67.8758,66.5087,-0.0046,-0.0288,-0.0392,-0.0254,-0.0106,45.9153,0.0099,-0.0001,-0.0030,0.2315,-0.3647,0.7584,sell
2023-10-23,66.2512,9762000,66.1917,67.5192,65.6073,-0.0051,-0.0318,-0.0374,-0.0266,-0.0164,44.6909,0.0098,-0.0021,-0.0041,0.1899,-0.1516,0.6546,buy
2023-10-24,67.4300,8450700,66.6573,67.7074,66.4988,0.0178,-0.0135,-0.0145,-0.0079,0.0011,50.4177,0.0119,-0.0022,-0.0033,0.4303,-0.1343,0.5749,sell
2023-10-25,65.8747,11924300,67.8460,68.5494,65.2804,-0.0231,-0.0382,-0.0528,-0.0255,-0.0223,37.0823,0.0118,-0.0043,-0.0043,0.1455,0.4110,0.8366,sell
2023-10-26,63.9233,16697900,65.8252,66.8059,63.2794,-0.0296,-0.0444,-0.0748,-0.0470,-0.0514,23.8188,0.0141,-0.0084,-0.0067,-0.1890,0.4003,1.3097,buy
2023-10-27,65.0328,9980300,64.3096,65.6469,64.2700,0.0174,-0.0234,-0.0514,-0.0254,-0.0356,32.6068,0.0162,-0.0099,-0.0066,0.0742,-0.4023,0.8294,buy
2023-10-30,65.4488,10667700,65.7361,66.9149,64.5573,0.0064,-0.0121,-0.0436,-0.0147,-0.0301,36.3884,0.0166,-0.0104,-0.0057,0.1754,0.0689,0.9023,buy
2023-10-31,66.2413,8268400,65.4587,66.4394,64.6464,0.0121,-0.0176,-0.0309,0.0004,-0.0193,34.3634,0.0174,-0.0097,-0.0041,0.3128,-0.2249,0.7121,buy
2023-11-01,68.7475,16777500,66.3701,69.0051,66.3701,0.0378,0.0436,0.0038,0.0378,0.0160,48.6275,0.0217,-0.0059,-0.0004,0.6971,1.0291,1.4212,buy
2023-11-02,69.7777,11926000,69.6588,70.3622,69.0942,0.0150,0.0916,0.0431,0.0488,0.0296,54.6415,0.0203,-0.0019,0.0028,0.8316,-0.2892,1.0194,buy
2023-11-03,71.8976,14457900,70.6296,72.5019,70.4810,0.0304,0.1056,0.0797,0.0721,0.0581,61.4679,0.0216,0.0035,0.0065,1.0539,0.2123,1.2393,hold
2023-11-06,72.2344,10073900,71.8976,72.3037,71.3429,0.0047,0.1037,0.0903,0.0676,0.0602,62.6289,0.0212,0.0080,0.0088,1.0101,-0.3032,0.8580,hold
2023-11-07,72.1155,8248400,71.7985,72.4424,71.0358,-0.0016,0.0887,0.0695,0.0585,0.0561,61.8065,0.0211,0.0113,0.0097,0.9341,-0.1812,0.7048,sell
2023-11-08,71.6004,9917600,71.9372,72.0957,71.0457,-0.0071,0.0415,0.0869,0.0422,0.0469,66.4816,0.0191,0.0133,0.0093,0.8515,0.2024,0.8520,buy
2023-11-09,72.8783,22435900,72.8585,75.3845,72.8089,0.0178,0.0444,0.1401,0.0471,0.0638,70.6303,0.0137,0.0158,0.0095,0.9254,1.2622,1.8403,buy
2023-11-10,74.6515,12306000,73.7401,75.0972,72.8783,0.0243,0.0383,0.1479,0.0580,0.0880,75.1782,0.0141,0.0192,0.0105,0.9975,-0.4515,1.0011,sell
2023-11-13,74.0769,9116000,73.4528,74.4930,72.7000,-0.0077,0.0255,0.1318,0.0372,0.0782,70.6715,0.0156,0.0215,0.0102,0.8959,-0.2592,0.7482,buy
2023-11-14,76.4444,12972700,75.2854,76.7218,75.1963,0.0320,0.0600,0.1540,0.0552,0.1104,81.2903,0.0168,0.0247,0.0110,0.9864,0.4231,1.0599,hold
2023-11-15,76.4147,9954000,76.7713,76.7713,75.5925,-0.0004,0.0672,0.1115,0.0438,0.1078,91.7272,0.0151,0.0274,0.0110,0.9205,-0.2327,0.8174,sell
2023-11-16,75.9491,12989000,76.1671,76.7515,75.7609,-0.0061,0.0421,0.0884,0.0288,0.0988,88.1051,0.0159,0.0290,0.0099,0.8477,0.3049,1.0895,buy
2023-11-17,76.8308,9376900,75.8798,77.2072,75.7510,0.0116,0.0292,0.0686,0.0338,0.1092,88.4795,0.0141,0.0302,0.0091,0.8561,-0.2781,0.7936,buy
2023-11-20,77.8808,11424100,76.6128,78.1681,76.4048,0.0137,0.0514,0.0782,0.0400,0.1216,88.6767,0.0142,0.0318,0.0088,0.8702,0.2183,0.9601,sell
2023-11-21,75.9888,12016700,77.1180,77.1973,75.5925,-0.0243,-0.0060,0.0537,0.0095,0.0923,75.0857,0.0173,0.0319,0.0066,0.7391,0.0519,0.9950,hold
2023-11-22,76.3751,8579500,76.4742,77.7124,76.1274,0.0051,-0.0005,0.0667,0.0083,0.0959,73.9224,0.0168,0.0312,0.0048,0.7368,-0.2860,0.7204,hold
2023-11-24,76.1473,4349600,75.9590,76.2859,75.6520,-0.0030,0.0026,0.0449,0.0009,0.0910,67.8600,0.0165,0.0302,0.0031,0.7071,-0.4930,0.3852,buy
2023-11-27,76.7812,11005600,76.1473,77.5539,75.9392,0.0083,-0.0006,0.0285,0.0065,0.0977,68.6433,0.0151,0.0295,0.0020,0.7308,1.5303,0.9702,sell
2023-11-28,75.4043,19225700,74.3741,75.5232,73.2943,-0.0179,-0.0318,0.0179,-0.0133,0.0762,62.2238,0.0162,0.0279,-0.0001,0.6183,0.7469,1.6333,buy
2023-11-29,75.9689,14062900,76.7218,78.2770,75.6619,0.0075,-0.0003,-0.0062,-0.0053,0.0824,66.1775,0.0126,0.0262,-0.0012,0.6509,-0.2685,1.1660,sell
2023-11-30,75.4043,21701600,76.0977,76.2760,74.2651,-0.0074,-0.0127,-0.0132,-0.0114,0.0724,59.8761,0.0128,0.0244,-0.0026,0.5746,0.5432,1.7634,hold
2023-12-01,75.2161,14354700,75.2953,75.8204,74.3840,-0.0025,-0.0122,-0.0097,-0.0129,0.0673,52.5198,0.0127,0.0224,-0.0037,0.5268,-0.3385,1.1550,sell
2023-12-04,73.5915,11659300,74.7109,74.8892,72.6405,-0.0216,-0.0415,-0.0422,-0.0301,0.0426,48.0194,0.0134,0.0192,-0.0060,0.2883,-0.1878,0.9488,sell
2023-12-05,72.9972,8800500,72.7792,73.2745,72.3533,-0.0081,-0.0319,-0.0627,-0.0317,0.0327,33.5539,0.0118,0.0156,-0.0078,0.1894,-0.2452,0.7199,sell
2023-12-06,72.4424,8883900,74.5920,74.6911,72.2443,-0.0076,-0.0464,-0.0467,-0.0345,0.0233,31.9532,0.0101,0.0120,-0.0093,0.0997,0.0095,0.7248,buy
2023-12-07,72.9575,10641300,73.3241,73.5123,72.3037,0.0071,-0.0324,-0.0447,-0.0232,0.0290,36.4696,0.0103,0.0094,-0.0094,0.1385,0.1978,0.8657,buy
2023-12-08,74.2552,12007100,72.7891,74.6415,72.7396,0.0178,-0.0128,-0.0248,-0.0033,0.0444,38.7737,0.0125,0.0086,-0.0079,0.3259,0.1283,1.0200,buy
2023-12-11,77.0586,18547600,76.4642,77.7718,76.2463,0.0378,0.0471,0.0036,0.0339,0.0808,46.8914,0.0177,0.0106,-0.0042,0.7700,0.5447,1.5350,hold
2023-12-12,77.4251,10262100,76.6921,77.5242,76.3751,0.0048,0.0607,0.0268,0.0360,0.0829,56.1389,0.0165,0.0126,-0.0017,0.7969,-0.4467,0.8453,buy
2023-12-13,79.0398,11629900,77.5638,79.5153,77.2963,0.0209,0.0911,0.0404,0.0533,0.1018,60.3065,0.0174,0.0154,0.0011,0.9814,0.1333,0.9633,buy
2023-12-14,81.4173,17342800,80.0502,81.6253,80.0304,0.0301,0.1160,0.0797,0.0764,0.1305,67.4771,0.0187,0.0195,0.0045,1.1350,0.4912,1.3938,sell
2023-12-15,80.6446,19547800,82.1107,82.2097,80.3474,-0.0095,0.0860,0.0722,0.0586,0.1159,62.6953,0.0192,0.0222,0.0057,0.9655,0.1271,1.5306,hold
2023-12-18,80.7932,12416600,80.8229,81.0903,80.0502,0.0018,0.0485,0.0979,0.0506,0.1144,69.2634,0.0166,0.0241,0.0060,0.9231,-0.3648,0.9608,buy
2023-12-19,81.3974,14316400,80.9021,81.4965,80.4068,0.0075,0.0513,0.1151,0.0470,0.1189,69.3502,0.0154,0.0257,0.0062,0.9287,0.1530,1.0956,sell
2023-12-20,77.9501,29085000,80.6941,80.8526,77.8907,-0.0424,-0.0138,0.0760,-0.0044,0.0687,57.5278,0.0224,0.0245,0.0033,0.6136,1.0316,2.0893,buy
2023-12-21,84.6763,53969700,84.2008,85.2112,82.3286,0.0863,0.0400,0.1606,0.0656,0.1561,70.1732,0.0335,0.0269,0.0060,1.0673,0.8556,3.3334,buy
2023-12-22,85.6768,22531800,85.3400,86.6674,84.8150,0.0118,0.0624,0.1538,0.0629,0.1645,76.4756,0.0335,0.0306,0.0079,1.0275,-0.5825,1.3177,hold
2023-12-26,86.2415,11203900,85.8848,87.0438,85.6174,0.0066,0.0674,0.1192,0.0578,0.1666,79.0525,0.0326,0.0337,0.0089,0.9771,-0.5028,0.6548,hold
2023-12-27,85.8452,9186300,86.6575,86.6674,85.4093,-0.0046,0.0546,0.1088,0.0422,0.1558,79.6061,0.0329,0.0357,0.0087,0.8972,-0.1801,0.5531,hold
2023-12-28,85.1914,9606200,85.9344,85.9344,85.0329,-0.0076,0.0929,0.0778,0.0266,0.1418,76.8595,0.0332,0.0364,0.0073,0.8233,0.0457,0.5863,hold
2023-12-29,84.6508,8549200,85.1468,85.4444,84.3433,-0.0063,-0.0003,0.0397,0.0161,0.1297,73.6084,0.0325,0.0361,0.0054,0.7664,-0.1100,0.5436,sell
2024-01-02,81.6750,13597100,83.3216,83.4010,81.0898,-0.0352,-0.0467,0.0128,-0.0208,0.0857,60.4025,0.0346,0.0336,0.0015,0.5984,0.5905,0.8667,hold
2024-01-03,81.5957,12915600,80.5442,81.9230,79.9292,-0.0010,-0.0539,0.0099,-0.0227,0.0803,59.5209,0.0347,0.0302,-0.0016,0.5768,-0.0501,0.8199,hold
2024-01-04,82.0421,19134200,82.7959,83.5795,81.9429,0.0055,-0.0443,0.0079,-0.0181,0.0817,57.2400,0.0346,0.0274,-0.0033,0.5821,0.4815,1.1761,hold
2024-01-05,82.7761,15483700,80.8220,82.8554,80.3558,0.0089,-0.0284,0.0619,-0.0150,0.0870,53.5589,0.0311,0.0256,-0.0039,0.6061,-0.1908,0.9328,buy
2024-01-08,84.2640,16219800,83.2125,84.8194,83.1530,0.0180,-0.0046,-0.0049,0.0032,0.1012,59.1373,0.0148,0.0250,-0.0032,0.6906,0.0475,0.9610,sell
2024-01-09,82.6571,12138700,82.4587,83.5101,82.2305,-0.0191,0.0120,-0.0352,-0.0124,0.0749,54.3828,0.0152,0.0235,-0.0042,0.5449,-0.2516,0.7189,sell
2024-01-10,81.7147,10748600,82.2900,82.3496,81.0006,-0.0114,0.0015,-0.0525,-0.0183,0.0581,50.7344,0.0149,0.0211,-0.0055,0.4346,-0.1145,0.6517,buy
2024-01-11,82.7166,10579300,82.1314,82.7761,81.1593,0.0123,0.0082,-0.0364,-0.0026,0.0663,62.4408,0.0159,0.0194,-0.0055,0.5075,-0.0158,0.6408,sell
2024-01-12,81.7246,10187500,82.0817,82.3793,81.0501,-0.0120,-0.0127,-0.0407,-0.0104,0.0493,39.0046,0.0161,0.0174,-0.0063,0.3756,-0.0370,0.6198,buy
2024-01-16,83.9267,13713500,81.8734,84.5318,81.6651,0.0269,-0.0040,-0.0086,0.0172,0.0734,44.0163,0.0188,0.0171,-0.0048,0.6204,0.3461,0.8436,sell
2024-01-17,82.6075,10245400,83.0141,83.2919,81.9627,-0.0157,-0.0006,0.0114,0.0001,0.0531,38.1847,0.0156,0.0160,-0.0050,0.4514,-0.2529,0.6488,buy
2024-01-18,84.1350,15077700,84.5318,85.1269,83.3613,0.0185,0.0296,0.0311,0.0154,0.0692,44.8206,0.0164,0.0160,-0.0037,0.6205,0.4717,0.9468,buy
2024-01-19,86.8033,18156800,85.3650,87.0810,84.9286,0.0317,0.0494,0.0580,0.0416,0.0990,54.3507,0.0188,0.0179,-0.0009,0.8990,0.2042,1.1266,buy
2024-01-22,88.5193,14371200,87.5571,89.2236,87.2993,0.0198,0.0831,0.0694,0.0550,0.1161,59.8187,0.0193,0.0208,0.0019,1.0752,-0.2085,0.9344,sell
2024-01-23,86.8231,16850900,88.2813,88.4598,86.1784,-0.0192,0.0345,0.0304,0.0316,0.0906,63.9741,0.0205,0.0220,0.0021,0.8310,0.1725,1.2459,buy
2024-01-24,87.3687,19752800,87.6960,87.8547,85.9106,0.0063,0.0576,0.0570,0.0323,0.0934,65.2837,0.0189,0.0227,0.0024,0.8687,0.1722,1.4756,buy
2024-01-25,88.4796,15892400,88.4301,89.3129,87.7853,0.0127,0.0516,0.0828,0.0371,0.1035,66.4637,0.0180,0.0238,0.0030,0.9496,-0.1954,1.1668,sell
2024-01-26,87.3389,14934500,86.5355,87.7853,85.5931,-0.0129,0.0062,0.0559,0.0183,0.0857,61.4314,0.0191,0.0239,0.0023,0.8097,-0.0603,1.0738,buy
2024-01-29,88.3507,12108100,87.7853,88.8467,87.3092,0.0116,-0.0019,0.0811,0.0222,0.0950,60.4888,0.0181,0.0242,0.0022,0.8739,-0.1893,0.8628,sell
2024-01-30,85.4642,12980400,87.3687,88.0730,85.0674,-0.0327,-0.0157,0.0183,-0.0130,0.0569,56.7607,0.0208,0.0224,-0.0002,0.5887,0.0720,0.9106,hold
2024-01-31,85.0575,11396700,84.2739,86.2180,84.1052,-0.0048,-0.0265,0.0297,-0.0205,0.0495,58.2638,0.0200,0.0198,-0.0023,0.5341,-0.1220,0.8057,hold
2024-02-01,84.9186,10459000,85.3749,85.4940,83.9366,-0.0016,-0.0402,0.0093,-0.0229,0.0457,55.6864,0.0193,0.0174,-0.0038,0.5036,-0.0823,0.7459,buy
2024-02-02,85.7816,10450000,84.3830,85.9106,84.2541,0.0102,-0.0178,-0.0118,-0.0118,0.0543,60.5467,0.0165,0.0159,-0.0041,0.5776,-0.0009,0.7691,buy
2024-02-05,86.2776,8409300,86.0395,86.5156,84.9186,0.0058,-0.0235,-0.0253,-0.0036,0.0577,56.7063,0.0150,0.0151,-0.0038,0.6153,-0.1953,0.6354,sell
2024-02-06,83.9168,12990300,86.1288,86.4859,83.0439,-0.0274,-0.0181,-0.0335,-0.0276,0.0269,53.5257,0.0162,0.0125,-0.0056,0.3539,0.5448,0.9937,buy
2024-02-07,84.4822,16374800,83.4605,84.5913,81.8040,0.0067,-0.0068,-0.0330,-0.0177,0.0317,50.9859,0.0163,0.0105,-0.0060,0.4035,0.2605,1.2327,hold
2024-02-08,84.1945,12524500,84.8194,85.3352,83.8474,-0.0034,-0.0085,-0.0484,-0.0162,0.0263,41.4332,0.0153,0.0086,-0.0063,0.3453,-0.2351,0.9366,buy
2024-02-09,84.8690,12161500,84.3731,84.9286,83.2820,0.0080,-0.0106,-0.0283,-0.0054,0.0321,37.1329,0.0155,0.0076,-0.0058,0.4112,-0.0290,0.9041,hold
2024-02-12,85.0079,10366000,84.8393,86.2081,84.7004,0.0016,-0.0147,-0.0378,0.0001,0.0316,42.8123,0.0148,0.0069,-0.0052,0.3962,-0.1476,0.7701,sell
2024-02-13,80.8716,21207900,81.8040,82.8753,80.1177,-0.0487,-0.0363,-0.0537,-0.0434,-0.0199,29.9694,0.0186,0.0025,-0.0082,-0.0899,1.0459,1.5329,hold
2024-02-14,81.1692,12870900,81.5163,82.5083,80.8319,0.0037,-0.0392,-0.0457,-0.0354,-0.0177,26.2718,0.0188,-0.0010,-0.0093,-0.0091,-0.3931,0.9215,hold
2024-02-15,80.9708,11527600,81.5759,82.0421,80.8518,-0.0024,-0.0383,-0.0465,-0.0332,-0.0219,27.9836,0.0188,-0.0039,-0.0097,0.0331,-0.1044,0.8360,sell
2024-02-16,78.8580,15553100,80.3062,80.6831,78.6100,-0.0261,-0.0708,-0.0807,-0.0506,-0.0488,19.5029,0.0191,-0.0084,-0.0115,-0.0592,0.3492,1.1387,buy
2024-02-20,80.0582,12627200,78.6894,80.1177,78.5108,0.0152,-0.0582,-0.0721,-0.0289,-0.0361,30.5218,0.0201,-0.0104,-0.0108,0.1005,-0.1881,0.9304,buy
2024-02-21,80.8319,9913300,80.1376,80.8418,79.2944,0.0097,-0.0005,-0.0368,-0.0158,-0.0286,35.1672,0.0194,-0.0110,-0.0091,0.2032,-0.2149,0.7496,buy
2024-02-22,85.2162,17510900,84.3136,85.6130,83.2026,0.0542,0.0499,0.0087,0.0366,0.0214,50.8047,0.0267,-0.0068,-0.0040,0.6005,0.7664,1.3354,hold
2024-02-23,85.3055,10232800,85.8511,86.1189,84.3632,0.0010,0.0535,0.0132,0.0363,0.0205,48.6563,0.0266,-0.0038,-0.0008,0.6315,-0.4156,0.7976,buy
2024-02-26,88.7375,28920100,88.9558,91.6042,88.1821,0.0402,0.1253,0.0456,0.0730,0.0587,55.9558,0.0293,0.0018,0.0037,0.9378,1.8262,2.1376,buy
2024-02-27,91.1083,21422700,91.1479,92.0010,89.7592,0.0267,0.1380,0.0718,0.0936,0.0838,67.4027,0.0300,0.0079,0.0078,1.0826,-0.2592,1.5307,sell
2024-02-28,88.9855,14190700,89.7295,90.0568,88.5788,-0.0233,0.1009,0.1003,0.0578,0.0567,60.1339,0.0255,0.0110,0.0088,0.8678,-0.3376,1.0096,buy
2024-02-29,89.8783,17027000,89.9179,90.0965,88.1027,0.0100,0.0547,0.1073,0.0575,0.0649,62.4511,0.0254,0.0139,0.0093,0.8905,0.1999,1.1876,buy
2024-03-01,94.3816,23446200,91.1777,95.2842,91.1777,0.0501,0.1064,0.1656,0.0932,0.1147,67.8451,0.0278,0.0191,0.0118,1.0770,0.3770,1.5645,hold
2024-03-04,94.9966,20913200,96.1472,96.5936,93.8559,0.0065,0.0705,0.2047,0.0801,0.1184,68.4095,0.0240,0.0239,0.0133,1.0138,-0.1080,1.3484,sell
2024-03-05,93.7071,12887500,93.4889,94.5998,92.5267,-0.0136,0.0285,0.1705,0.0492,0.0991,76.4297,0.0261,0.0267,0.0128,0.8940,-0.3838,0.8191,buy
2024-03-06,94.7883,14232400,94.2824,95.6513,93.7964,0.0115,0.0652,0.1727,0.0450,0.1092,77.1665,0.0261,0.0289,0.0121,0.8929,0.1044,0.9010,buy
2024-03-07,98.1807,24843300,98.1311,98.8849,96.6829,0.0358,0.0924,0.1521,0.0671,0.1455,80.4492,0.0236,0.0323,0.0129,0.9684,0.7455,1.5317,sell
2024-03-08,96.8317,22379000,99.0734,101.0275,96.5341,-0.0137,0.0260,0.1351,0.0394,0.1270,82.6840,0.0250,0.0347,0.0120,0.8638,-0.0992,1.3391,sell
2024-03-11,93.7468,15673300,95.1255,95.6810,92.7747,-0.0319,-0.0132,0.0564,0.0009,0.0891,73.2950,0.0266,0.0344,0.0088,0.7191,-0.2996,0.9281,buy
2024-03-12,96.6333,14993700,94.5601,96.7126,92.8838,0.0308,0.0312,0.0606,0.0257,0.1196,75.0866,0.0270,0.0343,0.0075,0.7994,-0.0434,0.8759,sell
2024-03-13,93.3996,16732600,94.5502,94.5701,92.3481,-0.0335,-0.0147,0.0496,-0.0133,0.0800,63.4848,0.0284,0.0331,0.0043,0.6573,0.1160,0.9904,sell
2024-03-14,90.6916,16718900,92.5465,92.6953,89.5708,-0.0290,-0.0763,0.0090,-0.0427,0.0465,58.1703,0.0303,0.0293,-0.0002,0.5340,-0.0008,0.9784,buy
2024-03-15,92.4969,29579500,91.7332,93.9352,91.2769,0.0199,-0.0448,-0.0200,-0.0217,0.0646,55.9987,0.0261,0.0263,-0.0021,0.5898,0.7692,1.6442,hold
2024-03-18,93.0227,23140300,96.0381,96.2960,92.9334,0.0057,-0.0077,-0.0208,-0.0141,0.0680,53.2459,0.0260,0.0245,-0.0031,0.5927,-0.2177,1.2597,hold
2024-03-19,93.2409,21054700,91.8324,93.3996,90.2651,0.0023,-0.0351,-0.0050,-0.0113,0.0679,57.7131,0.0257,0.0230,-0.0036,0.5825,-0.0901,1.1205,buy
2024-03-20,95.4727,39807400,94.2229,95.8992,92.8342,0.0239,0.0222,0.0072,0.0117,0.0907,59.6708,0.0266,0.0230,-0.0024,0.7062,0.8907,1.9624,buy
2024-03-21,108.9629,89554100,112.4545,112.5834,107.9015,0.1413,0.2015,0.1098,0.1416,0.2374,69.2308,0.0514,0.0301,0.0063,1.3026,1.2497,3.7490,hold
2024-03-22,109.3200,37281400,108.4272,110.4408,106.1855,0.0033,0.1819,0.1290,0.1305,0.2337,69.0200,0.0507,0.0377,0.0112,1.1562,-0.5837,1.4771,buy
2024-03-25,116.1841,55766100,109.3497,120.4295,109.2704,0.0628,0.2490,0.2393,0.1743,0.3013,75.9982,0.0502,0.0455,0.0165,1.2041,0.4958,2.0979,hold
2024-03-26,117.8406,44295100,118.0390,121.4710,117.2157,0.0143,0.2638,0.2195,0.1660,0.3093,76.3134,0.0502,0.0532,0.0196,1.0996,-0.2057,1.5976,hold
2024-03-27,118.2870,29320700,118.3366,119.1400,116.1345,0.0038,0.2390,0.2665,0.1423,0.3043,74.6055,0.0469,0.0592,0.0206,1.0136,-0.3381,1.0294,hold
2024-03-28,117.0508,21047800,118.5898,118.7784,116.5147,-0.0105,0.0742,0.2906,0.1023,0.2809,74.8122,0.0449,0.0632,0.0194,0.9195,-0.2822,0.7338,buy
2024-04-01,123.4152,44309400,118.3515,126.4733,118.1529,0.0544,0.1289,0.3343,0.1294,0.3391,83.6958,0.0456,0.0659,0.0195,0.9881,1.1052,1.4906,hold
2024-04-02,121.8762,25026400,121.8365,122.7996,120.0593,-0.0125,0.0490,0.3102,0.0866,0.3124,79.5749,0.0470,0.0697,0.0181,0.8965,-0.4352,0.8361,buy
2024-04-03,127.0988,40130100,121.3302,127.3669,120.4664,0.0429,0.0786,0.3631,0.0999,0.3573,87.7242,0.0463,0.0716,0.0177,0.9382,0.6035,1.2823,sell
2024-04-04,123.2067,36009900,129.2533,129.6108,122.7698,-0.0306,0.0416,0.2905,0.0413,0.3056,85.4585,0.0504,0.0743,0.0150,0.8232,-0.1027,1.1120,hold
2024-04-05,122.7003,23326500,123.5145,124.7953,120.3373,-0.0041,0.0483,0.1261,0.0251,0.2906,83.8979,0.0310,0.0738,0.0114,0.7826,-0.3522,0.7220,hold
2024-04-08,122.0748,27955800,128.1413,128.7768,121.7372,-0.0051,-0.0109,0.1167,0.0091,0.2750,82.5330,0.0314,0.0723,0.0076,0.7451,0.1985,0.8579,hold
2024-04-09,121.7571,19212900,124.0010,125.2421,120.4068,-0.0026,-0.0010,0.0480,0.0019,0.2626,81.8618,0.0258,0.0699,0.0041,0.7164,-0.3127,0.5864,hold
2024-04-10,121.3301,22242300,119.1458,123.5939,119.0763,-0.0035,-0.0454,0.0296,-0.0045,0.2496,80.1053,0.0258,0.0671,0.0008,0.6878,0.1577,0.6715,buy
2024-04-11,126.6024,21745300,122.0252,126.6520,121.2110,0.0435,0.0276,0.0703,0.0317,0.2930,75.3974,0.0287,0.0646,0.0009,0.7628,-0.0223,0.6515,sell
2024-04-12,121.6479,24808200,124.3585,125.0932,120.9628,-0.0391,-0.0086,0.0393,-0.0124,0.2332,65.6746,0.0319,0.0635,-0.0023,0.6478,0.1409,0.7344,hold
2024-04-15,120.5061,17732600,122.7500,123.8918,119.7515,-0.0094,-0.0129,-0.0236,-0.0193,0.2128,56.4311,0.0268,0.0596,-0.0054,0.6042,-0.2852,0.5343,hold
2024-04-16,120.9032,17452400,118.6791,121.6777,117.5175,0.0033,-0.0070,-0.0080,-0.0153,0.2083,54.7346,0.0266,0.0555,-0.0075,0.5935,-0.0158,0.5304,sell
2024-04-17,115.5019,25546500,121.1514,123.5343,115.3729,-0.0447,-0.0480,-0.0912,-0.0503,0.1476,46.2665,0.0251,0.0505,-0.0123,0.3931,0.4638,0.7711,sell
2024-04-18,111.1332,32146900,115.1743,116.7827,110.6865,-0.0378,-0.1222,-0.0980,-0.0771,0.0983,42.6817,0.0259,0.0425,-0.0182,0.0975,0.2584,0.9817,sell
2024-04-19,106.0100,33787500,108.8794,110.0907,104.9675,-0.0461,-0.1286,-0.1360,-0.1073,0.0432,27.7933,0.0281,0.0321,-0.0253,-0.1046,0.0510,1.1279,buy
2024-04-22,108.3433,19820900,106.8341,109.4454,105.8710,0.0220,-0.1009,-0.1125,-0.0769,0.0611,33.0767,0.0303,0.0232,-0.0264,0.0130,-0.4134,0.6815,buy
2024-04-23,111.6595,17887500,108.9291,112.0864,108.1348,0.0306,-0.0765,-0.0829,-0.0404,0.0879,29.7262,0.0331,0.0183,-0.0238,0.1846,-0.0975,0.6579,hold
2024-04-24,110.9843,20505900,111.9176,113.1389,108.4525,-0.0060,-0.0391,-0.0853,-0.0377,0.0759,32.4694,0.0330,0.0145,-0.0223,0.1847,0.1464,0.7887,hold
2024-04-25,110.7857,18342800,108.5915,112.2552,107.3007,-0.0018,-0.0031,-0.1249,-0.0260,0.0677,32.7586,0.0278,0.0111,-0.0206,0.2042,-0.1055,0.7207,buy
2024-04-26,114.0225,20630700,111.2027,114.2410,110.8056,0.0292,0.0756,-0.0627,0.0092,0.0920,39.1664,0.0291,0.0103,-0.0164,0.3405,0.1247,0.8112,hold
2024-04-29,113.5460,14419100,112.9999,113.9332,111.3120,-0.0042,0.0480,-0.0578,0.0112,0.0807,38.9998,0.0290,0.0095,-0.0138,0.3398,-0.3011,0.6024,sell
2024-04-30,112.1559,14845600,113.3672,115.4523,112.1261,-0.0122,0.0044,-0.0723,0.0067,0.0608,38.0187,0.0289,0.0079,-0.0126,0.3048,0.0296,0.6337,sell
2024-05-01,108.9191,16686200,109.7333,112.9205,107.9759,-0.0289,-0.0186,-0.0570,-0.0166,0.0245,25.6094,0.0270,0.0043,-0.0135,0.2030,0.1240,0.7498,buy
2024-05-02,111.5304,15439200,110.9446,111.6098,108.6510,0.0240,0.0067,0.0036,0.0066,0.0431,35.0805,0.0258,0.0030,-0.0114,0.3294,-0.0747,0.7273,buy
2024-05-03,113.8835,15564400,114.2112,114.6580,112.6424,0.0211,-0.0012,0.0743,0.0206,0.0594,40.5711,0.0205,0.0037,-0.0084,0.4442,0.0081,0.7469,buy
2024-05-06,119.2749,22538700,118.9274,120.5061,117.1799,0.0473,0.0505,0.1009,0.0586,0.1026,47.9703,0.0238,0.0077,-0.0031,0.6899,0.4481,1.0958,sell
2024-05-07,118.3614,12508300,119.2948,120.5458,118.3317,-0.0077,0.0553,0.0600,0.0442,0.0882,54.0134,0.0232,0.0103,-0.0005,0.6615,-0.4450,0.6182,hold
2024-05-08,118.4707,10867900,117.4579,119.6125,117.3785,0.0009,0.0877,0.0675,0.0384,0.0837,61.6968,0.0229,0.0122,0.0012,0.6778,-0.1311,0.5527,sell
2024-05-09,116.9714,11524800,118.4706,118.7784,116.6040,-0.0127,0.0488,0.0558,0.0197,0.0646,69.7566,0.0236,0.0127,0.0013,0.6513,0.0604,0.6017,buy
2024-05-10,120.3770,13922400,119.1855,120.9826,118.3316,0.0291,0.0570,0.0557,0.0436,0.0895,70.8821,0.0236,0.0148,0.0029,0.8506,0.2080,0.7482,buy
2024-05-13,122.1245,16643200,122.0550,123.2266,120.7841,0.0145,0.0239,0.0756,0.0509,0.0998,69.2055,0.0235,0.0174,0.0046,0.9316,0.1954,0.8970,buy
2024-05-14,123.9216,13887700,122.1145,124.1499,120.8039,0.0147,0.0470,0.1049,0.0557,0.1102,72.8036,0.0225,0.0203,0.0061,0.9923,-0.1656,0.7558,buy
2024-05-15,126.9002,14265100,125.3315,127.0392,124.5471,0.0240,0.0712,0.1651,0.0648,0.1302,75.8687,0.0180,0.0239,0.0080,1.0340,0.0272,0.8009,hold
2024-05-16,126.9797,15874700,127.0194,129.2037,126.1456,0.0006,0.0856,0.1385,0.0518,0.1244,73.1465,0.0183,0.0268,0.0088,0.9588,0.1128,0.9339,sell
2024-05-17,124.3981,13774700,127.4463,128.1115,123.9712,-0.0203,0.0334,0.0923,0.0215,0.0965,68.0303,0.0208,0.0278,0.0075,0.8243,-0.1323,0.8611,buy
2024-05-20,128.0817,19123200,126.2250,130.0874,125.7385,0.0296,0.0488,0.0738,0.0442,0.1228,74.5861,0.0177,0.0293,0.0076,0.9249,0.3883,1.1980,sell
2024-05-21,126.5924,15717800,123.3159,127.9030,122.4025,-0.0116,0.0216,0.0695,0.0252,0.1034,78.8399,0.0181,0.0302,0.0066,0.8263,-0.1781,0.9914,sell
2024-05-22,125.3811,11190100,126.8804,126.9598,124.3485,-0.0096,-0.0120,0.0583,0.0097,0.0874,73.6842,0.0188,0.0298,0.0048,0.7522,-0.2881,0.7272,hold
2024-05-23,125.3712,20747400,130.8320,131.0107,123.7726,-0.0001,-0.0127,0.0718,0.0029,0.0813,71.3547,0.0178,0.0289,0.0031,0.7289,0.8541,1.3378,buy
2024-05-24,128.5683,14048900,126.9101,129.4718,125.6988,0.0255,0.0335,0.0680,0.0217,0.1017,68.8103,0.0174,0.0291,0.0032,0.8243,-0.3229,0.9255,buy
2024-05-28,131.7256,14143000,130.8221,132.3511,128.3498,0.0246,0.0284,0.0786,0.0389,0.1212,74.7973,0.0182,0.0308,0.0044,0.8999,0.0067,0.9326,sell
2024-05-29,130.6434,11242500,129.0746,132.1526,128.9753,-0.0082,0.0320,0.0542,0.0249,0.1049,71.7994,0.0186,0.0319,0.0042,0.8258,-0.2051,0.7502,sell
2024-05-30,125.3910,12639700,129.3725,130.7327,124.8052,-0.0402,0.0001,-0.0119,-0.0151,0.0547,63.2916,0.0222,0.0302,0.0011,0.5980,0.1243,0.8550,sell
2024-05-31,124.1102,24153800,125.4506,126.4137,120.1486,-0.0102,-0.0101,-0.0226,-0.0230,0.0389,56.3172,0.0224,0.0269,-0.0020,0.5124,0.9109,1.5871,buy
2024-06-03,127.2577,16134300,127.2180,127.9229,124.2592,0.0254,-0.0102,0.0230,-0.0004,0.0620,58.2932,0.0229,0.0252,-0.0024,0.6635,-0.3320,1.0582,sell
2024-06-04,125.7385,12995500,126.4435,126.9499,124.5272,-0.0119,-0.0455,-0.0183,-0.0105,0.0465,52.9621,0.0212,0.0234,-0.0036,0.5549,-0.1945,0.8798,buy
2024-06-05,132.7582,22301800,127.8832,132.9171,126.7414,0.0558,0.0162,0.0487,0.0397,0.1019,58.4382,0.0274,0.0246,-0.0008,0.9454,0.7161,1.4615,sell
2024-06-06,129.1441,15505000,132.8873,133.1752,128.2605,-0.0272,0.0299,0.0300,0.0084,0.0699,52.8297,0.0290,0.0247,-0.0011,0.7027,-0.3048,1.0009,hold
2024-06-07,130.0080,12139500,129.2832,131.5966,128.6974,0.0067,0.0475,0.0370,0.0115,0.0749,57.6788,0.0290,0.0243,-0.0011,0.7578,-0.2171,0.7821,buy
2024-06-10,133.8603,14652100,128.7867,134.7043,128.7867,0.0296,0.0519,0.0412,0.0372,0.1037,57.8734,0.0294,0.0255,0.0007,1.0108,0.2070,0.9417,hold
2024-06-11,134.1085,14125000,134.3568,134.8830,130.8419,0.0019,0.0666,0.0181,0.0372,0.1038,60.5993,0.0285,0.0268,0.0016,0.9718,-0.0360,0.9152,buy
2024-06-12,139.7481,16973600,137.5240,140.7013,135.8560,0.0421,0.0527,0.0697,0.0732,0.1469,68.0109,0.0308,0.0296,0.0044,1.1826,0.2017,1.0889,buy
2024-06-13,142.1211,16312900,141.7736,143.1934,139.2616,0.0170,0.1005,0.1334,0.0776,0.1635,69.8238,0.0260,0.0331,0.0067,1.1331,-0.0389,1.0397,sell
2024-06-14,140.3538,14028500,140.7906,141.4757,138.6559,-0.0124,0.0796,0.1309,0.0513,0.1458,64.4369,0.0262,0.0354,0.0068,0.9627,-0.1400,0.8994,buy
2024-06-17,146.7777,23909000,144.5437,147.6912,141.1282,0.0458,0.0965,0.1534,0.0835,0.1935,67.0721,0.0280,0.0383,0.0088,1.1015,0.7043,1.4846,buy
2024-06-18,152.3577,42192600,150.6599,156.4186,150.4315,0.0380,0.1361,0.2117,0.1031,0.2328,72.3482,0.0272,0.0427,0.0115,1.1276,0.7647,2.4449,sell
2024-06-20,143.1636,41285000,155.8924,156.2895,141.8927,-0.0603,0.0244,0.0784,0.0287,0.1545,66.9187,0.0340,0.0447,0.0092,0.8014,-0.0215,2.2273,sell
2024-06-21,138.5467,49893500,136.6702,141.5849,134.7340,-0.0322,-0.0252,0.0728,-0.0111,0.1141,62.9221,0.0346,0.0424,0.0045,0.6408,0.2085,2.4373,hold
2024-06-24,138.0205,32410100,141.4261,141.8133,136.9085,-0.0038,-0.0166,0.0616,-0.0205,0.1079,60.1082,0.0348,0.0388,0.0006,0.6073,-0.3504,1.5394,buy
2024-06-25,140.1154,31160600,139.0729,140.1254,136.7694,0.0152,-0.0454,0.0467,-0.0100,0.1214,63.3579,0.0340,0.0361,-0.0012,0.6578,-0.0386,1.4222,hold
2024-06-26,141.3467,55490300,142.0218,143.0445,138.5467,0.0088,-0.0723,0.0540,-0.0064,0.1274,58.9415,0.0340,0.0344,-0.0021,0.6808,0.7808,2.3143,sell
2024-06-27,131.2888,68172700,134.8234,136.4120,130.1469,-0.0712,-0.0829,-0.0605,-0.0716,0.0455,51.9686,0.0391,0.0293,-0.0080,0.3528,0.2286,2.5415,hold
2024-06-28,130.5937,38140600,131.8745,134.4560,129.8193,-0.0053,-0.0574,-0.0811,-0.0689,0.0375,50.5393,0.0383,0.0226,-0.0119,0.3147,-0.4405,1.3574,hold
2024-07-01,130.5838,24749000,129.5711,131.1398,126.3641,-0.0001,-0.0539,-0.0696,-0.0624,0.0342,46.7533,0.0383,0.0170,-0.0140,0.2915,-0.3511,0.8799,hold
2024-07-02,131.6462,20776000,128.9853,131.7653,128.4987,0.0081,-0.0604,-0.1031,-0.0444,0.0384,47.5987,0.0342,0.0130,-0.0142,0.3155,-0.1605,0.7326,buy
2024-07-03,135.8461,14507100,131.7157,135.8461,131.4873,0.0319,-0.0389,-0.1084,-0.0020,0.0669,46.0849,0.0333,0.0119,-0.0115,0.4489,-0.3017,0.5102,sell
2024-07-05,130.6632,30104600,135.8461,136.1539,129.9781,-0.0382,-0.0048,-0.0873,-0.0312,0.0231,39.1173,0.0303,0.0086,-0.0127,0.2490,1.0752,1.0443,hold
2024-07-08,129.8732,20500700,130.4694,132.4371,129.2769,-0.0060,-0.0055,-0.0626,-0.0308,0.0139,39.8572,0.0291,0.0050,-0.0131,0.2143,-0.3190,0.7051,hold
2024-07-09,130.3204,21850900,130.9266,134.3650,130.0620,0.0034,-0.0020,-0.0558,-0.0218,0.0143,31.9896,0.0293,0.0024,-0.0125,0.2307,0.0659,0.7392,buy
2024-07-10,135.5376,22460200,132.2682,135.6469,131.8707,0.0400,0.0296,-0.0327,0.0208,0.0514,31.4453,0.0321,0.0034,-0.0087,0.4352,0.0279,0.7499,sell
2024-07-11,129.4161,25401500,135.5078,135.5773,129.2571,-0.0452,-0.0473,-0.0844,-0.0164,0.0015,33.7319,0.0344,0.0006,-0.0097,0.2086,0.1310,0.8324,buy
2024-07-12,132.7153,20726900,130.9266,133.5898,129.9030,0.0255,0.0157,0.0109,0.0076,0.0237,42.8774,0.0277,0.0004,-0.0077,0.3511,-0.1840,0.6751,sell
2024-07-15,130.0521,20416000,133.0731,134.5041,129.2173,-0.0201,0.0014,-0.0041,-0.0123,-0.0001,40.7500,0.0284,-0.0015,-0.0078,0.2720,-0.0150,0.6605,sell
2024-07-16,126.6932,21312600,129.6049,130.1515,126.4448,-0.0258,-0.0278,-0.0298,-0.0349,-0.0282,34.8632,0.0296,-0.0051,-0.0093,0.1801,0.0439,0.6815,sell
2024-07-17,118.7531,31414100,121.8139,122.2611,118.4848,-0.0627,-0.1238,-0.0979,-0.0864,-0.0897,27.8691,0.0348,-0.0137,-0.0145,-0.0328,0.4740,0.9926,sell
2024-07-18,116.7160,30404900,119.7469,120.8798,113.3769,-0.0172,-0.0981,-0.1408,-0.0887,-0.1050,33.0646,0.0315,-0.0217,-0.0181,-0.0762,-0.0321,0.9789,sell
2024-07-19,113.5459,18038900,115.9607,116.4775,113.1385,-0.0272,-0.1444,-0.1310,-0.1014,-0.1287,31.2660,0.0308,-0.0306,-0.0215,-0.0813,-0.4067,0.6034,hold
2024-07-22,114.5595,23837800,114.6390,114.8576,112.9298,0.0089,-0.1191,-0.1179,-0.0823,-0.1204,32.7708,0.0316,-0.0357,-0.0213,0.0307,0.3215,0.8337,hold
2024-07-23,113.5360,14707700,114.4105,115.6129,113.1186,-0.0089,-0.1039,-0.1288,-0.0781,-0.1278,30.5118,0.0311,-0.0406,-0.0209,0.0634,-0.3830,0.5308,sell
2024-07-24,109.5908,25261000,110.7733,113.3273,109.3125,-0.0347,-0.0772,-0.1914,-0.0910,-0.1567,21.5912,0.0254,-0.0482,-0.0222,0.0188,0.7175,0.9215,sell
2024-07-25,106.7785,29068400,106.1325,110.0081,104.3835,-0.0257,-0.0851,-0.1749,-0.0973,-0.1764,22.7587,0.0240,-0.0559,-0.0233,0.0077,0.1507,1.1140,buy
2024-07-26,108.7262,18547900,109.3125,109.9386,107.1064,0.0182,-0.0424,-0.1808,-0.0619,-0.1594,26.5018,0.0226,-0.0578,-0.0207,0.1139,-0.3619,0.7856,sell
2024-07-29,107.1760,13517700,109.8491,110.3361,106.4704,-0.0143,-0.0645,-0.1759,-0.0566,-0.1688,24.8976,0.0226,-0.0614,-0.0190,0.1247,-0.2712,0.6040,sell
2024-07-30,101.9190,23915100,108.3188,108.5672,101.5315,-0.0490,-0.1023,-0.1955,-0.0829,-0.2065,13.5688,0.0245,-0.0702,-0.0205,0.0656,0.7692,1.0706,buy
2024-07-31,109.1336,26503600,109.1635,110.6441,107.0766,0.0708,-0.0042,-0.0810,-0.0094,-0.1483,28.5293,0.0340,-0.0637,-0.0138,0.2541,0.1082,1.1714,sell
2024-08-01,100.8756,31643700,106.5101,107.1859,99.3253,-0.0757,-0.0553,-0.1357,-0.0710,-0.2094,19.4973,0.0402,-0.0731,-0.0153,0.1126,0.1939,1.3476,sell
2024-08-02,92.1206,36039400,96.5528,97.0795,90.5008,-0.0868,-0.1527,-0.1887,-0.1345,-0.2741,17.4595,0.0464,-0.0903,-0.0216,0.0062,0.1389,1.5156,sell
2024-08-05,89.8549,36977600,87.0823,91.6734,84.3793,-0.0246,-0.1616,-0.2156,-0.1358,-0.2880,17.7932,0.0453,-0.1017,-0.0251,0.0353,0.0260,1.5030,sell
2024-08-06,88.4438,26460000,88.6425,90.2921,86.6053,-0.0157,-0.1322,-0.2210,-0.1283,-0.2950,20.0863,0.0451,-0.1108,-0.0263,0.0694,-0.2844,1.0655,sell
2024-08-07,86.2575,29483800,92.7964,92.9951,86.0389,-0.0247,-0.2096,-0.2129,-0.1298,-0.3078,20.0274,0.0449,-0.1202,-0.0269,0.0754,0.1143,1.1707,buy
2024-08-08,91.4946,24760700,87.9270,92.2697,87.4798,0.0607,-0.0930,-0.1431,-0.0626,-0.2610,29.1487,0.0520,-0.1124,-0.0196,0.1989,-0.1602,0.9844,hold
2024-08-09,92.4983,21627200,91.2163,93.9392,90.8785,0.0110,0.0041,-0.1493,-0.0362,-0.2482,29.1354,0.0516,-0.1084,-0.0132,0.2366,-0.1266,0.8583,buy
2024-08-12,94.0485,18886600,92.5181,95.9267,92.0511,0.0168,0.0467,-0.1225,-0.0065,-0.2317,31.7514,0.0525,-0.1018,-0.0066,0.2838,-0.1267,0.7518,buy
2024-08-13,96.8310,23565500,96.0161,97.1689,94.3168,0.0296,0.0948,-0.0499,0.0284,-0.2055,37.7854,0.0522,-0.0919,0.0005,0.3613,0.2477,0.9339,buy
2024-08-14,99.7825,22459000,100.3688,101.3128,97.4571,0.0305,0.1568,-0.0857,0.0704,-0.1775,43.3207,0.0471,-0.0805,0.0073,0.4511,-0.0470,0.9061,buy
2024-08-15,106.2816,29128000,102.8631,107.3747,102.1078,0.0651,0.1616,0.0536,0.1335,-0.1211,47.8526,0.0456,-0.0634,0.0152,0.6389,0.2969,1.1782,hold
2024-08-16,107.3151,18383300,106.1623,108.7858,104.6916,0.0097,0.1602,0.1649,0.1263,-0.1088,50.1233,0.0319,-0.0519,0.0208,0.6823,-0.3689,0.7431,hold
2024-08-19,107.9511,15744600,106.5797,108.0405,104.1053,0.0059,0.1478,0.2014,0.1119,-0.1004,55.8242,0.0290,-0.0420,0.0242,0.7202,-0.1435,0.6470,hold
2024-08-20,107.3151,16075500,107.6530,108.5076,105.4965,-0.0059,0.1083,0.2134,0.0842,-0.1023,47.9886,0.0278,-0.0347,0.0255,0.7210,0.0210,0.6588,hold
2024-08-21,107.6530,13658900,107.4840,107.7225,105.5462,0.0031,0.0789,0.2480,0.0646,-0.0955,59.0885,0.0240,-0.0281,0.0256,0.7378,-0.1503,0.5734,sell
2024-08-22,103.6084,17967000,108.2691,110.3063,103.3103,-0.0376,-0.0252,0.1324,0.0125,-0.1250,67.6327,0.0266,-0.0267,0.0233,0.6167,0.3154,0.7722,sell
2024-08-23,102.2072,25465100,102.3960,103.7574,99.6831,-0.0135,-0.0476,0.1050,-0.0106,-0.1313,69.4766,0.0279,-0.0258,0.0199,0.5850,0.4173,1.0784,sell
2024-08-26,98.2918,26752300,100.0408,101.5513,97.0000,-0.0383,-0.0895,0.0451,-0.0524,-0.1583,64.3915,0.0317,-0.0287,0.0150,0.4693,0.0505,1.1021,sell
2024-08-27,97.2484,17234600,96.4832,97.8745,96.0658,-0.0106,-0.0938,0.0043,-0.0628,-0.1611,66.6166,0.0308,-0.0310,0.0105,0.4416,-0.3558,0.7199,sell
2024-08-28,94.2671,25564300,96.7515,97.0695,92.1206,-0.0307,-0.1243,-0.0553,-0.0867,-0.1794,54.4986,0.0303,-0.0358,0.0057,0.3587,0.4833,1.0699,hold
2024-08-29,94.9727,18984300,95.9565,97.3676,94.3963,0.0075,-0.0833,-0.1064,-0.0697,-0.1649,54.0540,0.0186,-0.0374,0.0030,0.3946,-0.2574,0.8161,buy
2024-08-30,95.6385,18819400,96.3143,97.7950,94.3963,0.0070,-0.0643,-0.1088,-0.0523,-0.1519,52.6828,0.0183,-0.0377,0.0019,0.4107,-0.0087,0.8402,sell
2024-09-03,88.0264,28897200,93.0448,93.2933,87.7581,-0.0796,-0.1044,-0.1846,-0.1102,-0.2124,37.2261,0.0272,-0.0479,-0.0038,0.1442,0.5355,1.3138,hold
2024-09-04,88.7319,16356500,87.8078,90.1630,87.2612,0.0080,-0.0876,-0.1732,-0.0858,-0.1990,32.8501,0.0283,-0.0517,-0.0064,0.1679,-0.4340,0.7611,hold
2024-09-05,88.8313,13890700,87.5494,90.1331,87.2115,0.0011,-0.0577,-0.1748,-0.0667,-0.1906,16.2048,0.0282,-0.0542,-0.0072,0.1566,-0.1508,0.6707,sell
2024-09-06,85.8401,23587100,88.8115,89.0897,84.7271,-0.0337,-0.0962,-0.1715,-0.0810,-0.2099,11.3417,0.0279,-0.0603,-0.0093,0.0814,0.6980,1.1421,hold
2024-09-09,85.7308,20526400,87.3009,87.4103,84.4787,-0.0013,-0.1036,-0.1612,-0.0657,-0.2042,9.2269,0.0284,-0.0631,-0.0097,0.1117,-0.1298,0.9966,hold
2024-09-10,86.3072,17019000,86.4265,86.6451,84.3396,0.0067,-0.0195,-0.1219,-0.0470,-0.1922,11.3670,0.0282,-0.0636,-0.0084,0.1602,-0.1709,0.8300,buy
2024-09-11,90.0835,20879600,87.6488,90.2623,85.5420,0.0438,0.0152,-0.0737,0.0027,-0.1504,21.3173,0.0334,-0.0576,-0.0037,0.2932,0.2268,1.0250,sell
2024-09-12,86.6650,30900000,86.5556,87.4798,83.5943,-0.0379,-0.0244,-0.0806,-0.0271,-0.1757,21.7622,0.0340,-0.0595,-0.0029,0.2177,0.4799,1.4862,buy
2024-09-13,90.6499,21267200,87.5394,90.8983,87.3208,0.0460,0.0560,-0.0455,0.0226,-0.1303,32.2659,0.0379,-0.0526,0.0013,0.3549,-0.3117,1.0426,sell
2024-09-16,86.6351,26494300,86.6948,87.6885,85.3830,-0.0443,0.0105,-0.0941,-0.0127,-0.1617,32.1678,0.0397,-0.0545,0.0015,0.2545,0.2458,1.2735,buy
2024-09-17,88.1755,17744800,87.5096,89.0102,86.9929,0.0178,0.0216,0.0017,0.0047,-0.1399,36.3283,0.0316,-0.0511,0.0031,0.3219,-0.3302,0.8489,sell
2024-09-18,86.8041,20130600,87.4401,88.6425,86.1681,-0.0156,-0.0364,-0.0217,-0.0088,-0.1460,38.1807,0.0319,-0.0507,0.0035,0.2910,0.1345,0.9537,buy
2024-09-19,88.6922,25208900,88.7916,89.8251,87.0326,0.0218,0.0234,-0.0016,0.0129,-0.1193,40.4126,0.0327,-0.0464,0.0053,0.3795,0.2523,1.1625,buy
2024-09-20,90.3319,28711000,87.8475,90.4015,87.7780,0.0185,-0.0035,0.0523,0.0264,-0.0960,42.1332,0.0308,-0.0411,0.0077,0.4803,0.1389,1.2920,buy
2024-09-23,92.9852,23394100,92.1008,94.2075,92.0014,0.0294,0.0733,0.0846,0.0479,-0.0620,58.6183,0.0316,-0.0338,0.0109,0.6729,-0.1852,1.0577,hold
2024-09-24,93.4125,23043200,94.1380,94.4063,92.1803,0.0046,0.0594,0.0823,0.0444,-0.0507,58.2142,0.0316,-0.0282,0.0131,0.7389,-0.0150,1.0506,buy
2024-09-25,95.1715,54762900,93.5715,95.5789,93.3430,0.0188,0.0964,0.0565,0.0580,-0.0266,60.5142,0.0294,-0.0216,0.0151,0.8910,1.3765,2.3001,buy
2024-09-26,109.1933,107965900,112.3932,114.0825,106.8580,0.1473,0.2311,0.2599,0.1842,0.1190,78.3542,0.0499,-0.0043,0.0222,1.3556,0.9715,3.8657,sell
2024-09-27,106.8281,42960200,109.8094,110.2765,106.3611,-0.0217,0.1826,0.1785,0.1386,0.0970,74.2850,0.0512,0.0056,0.0261,1.1028,-0.6021,1.4749,sell
2024-09-30,103.0618,39544700,105.4170,106.0828,101.6209,-0.0353,0.1084,0.1896,0.0796,0.0606,67.9668,0.0501,0.0109,0.0257,0.9133,-0.0795,1.3110,sell
2024-10-01,99.6831,34309800,102.7538,103.5488,98.3216,-0.0328,0.0671,0.1305,0.0317,0.0290,60.3826,0.0527,0.0126,0.0223,0.7638,-0.1324,1.1273,hold
2024-10-02,99.2260,26334900,99.9613,101.4818,98.7092,-0.0046,0.0426,0.1431,0.0140,0.0273,64.5154,0.0521,0.0131,0.0184,0.7255,-0.2324,0.8513,buy
2024-10-03,101.1836,22176700,98.8483,101.8892,98.7788,0.0197,-0.0734,0.1408,0.0209,0.0494,62.7711,0.0521,0.0147,0.0158,0.7655,-0.1579,0.7074,hold
2024-10-04,101.6110,21911200,103.0022,103.5885,100.7663,0.0042,-0.0488,0.1249,0.0137,0.0550,69.8865,0.0521,0.0162,0.0139,0.7532,-0.0120,0.7008,hold
2024-10-07,102.3820,21749300,101.6358,104.0533,100.2927,0.0076,-0.0066,0.1011,0.0119,0.0644,69.2584,0.0518,0.0177,0.0123,0.7531,-0.0074,0.6943,hold
2024-10-08,102.0139,18858300,101.6557,102.4118,100.7404,-0.0036,0.0234,0.0921,-0.0002,0.0617,71.1950,0.0520,0.0186,0.0105,0.7178,-0.1329,0.6003,hold
2024-10-09,101.1782,18442700,101.7254,101.7652,99.8053,-0.0082,0.0197,0.0631,-0.0142,0.0532,67.9251,0.0522,0.0185,0.0083,0.6703,-0.0220,0.5893,buy
2024-10-10,105.1477,27605600,100.8499,106.0331,100.3325,0.0392,0.0392,-0.0370,0.0285,0.0954,69.9362,0.0230,0.0204,0.0085,0.7810,0.4968,0.8868,buy
2024-10-11,106.3714,19133900,104.5010,107.0977,104.4513,0.0116,0.0468,-0.0043,0.0410,0.1069,68.7333,0.0225,0.0229,0.0089,0.7922,-0.3069,0.6167,buy
2024-10-14,107.7841,15021900,107.2568,108.1522,106.2520,0.0133,0.0528,0.0458,0.0499,0.1179,69.5725,0.0191,0.0255,0.0093,0.8138,-0.2149,0.4933,sell
2024-10-15,103.7847,23419100,107.3066,108.9282,102.1830,-0.0371,0.0174,0.0411,0.0070,0.0733,61.0556,0.0200,0.0254,0.0069,0.6510,0.5590,0.7620,buy
2024-10-16,108.6795,20450900,105.4760,109.0675,105.0681,0.0472,0.0741,0.0953,0.0449,0.1193,49.1387,0.0238,0.0268,0.0073,0.8204,-0.1267,0.6651,buy
2024-10-17,111.4751,26584800,110.7687,113.5543,110.4404,0.0257,0.0602,0.1017,0.0612,0.1421,57.6790,0.0242,0.0298,0.0086,0.9086,0.2999,0.8626,sell
2024-10-18,110.5797,16700400,111.1766,112.3207,109.2963,-0.0080,0.0396,0.0883,0.0438,0.1286,63.7254,0.0248,0.0320,0.0085,0.8505,-0.3718,0.5527,sell
2024-10-21,108.5203,14829400,110.5300,110.5698,107.1375,-0.0186,0.0068,0.0600,0.0185,0.1039,66.9508,0.0263,0.0322,0.0066,0.7371,-0.1120,0.4978,sell
2024-10-22,107.2668,13758100,107.6846,107.9632,105.8242,-0.0116,0.0336,0.0515,0.0018,0.0882,64.9660,0.0267,0.0310,0.0041,0.6577,-0.0722,0.4691,sell
2024-10-23,104.5110,15174700,106.0132,106.5505,103.0087,-0.0257,-0.0384,0.0329,-0.0270,0.0586,56.0144,0.0283,0.0280,0.0004,0.4652,0.1030,0.5549,buy
2024-10-24,106.3018,13206300,106.2321,106.9783,105.0084,0.0171,-0.0464,0.0110,-0.0114,0.0754,58.0806,0.0259,0.0257,-0.0012,0.5996,-0.1297,0.5841,buy
2024-10-25,107.3563,12265000,107.7841,109.3162,107.1673,0.0099,-0.0291,0.0093,-0.0025,0.0858,58.4861,0.0259,0.0245,-0.0017,0.6708,-0.0713,0.5820,sell
2024-10-28,105.8441,12381000,106.2321,107.6249,105.7745,-0.0141,-0.0247,-0.0180,-0.0148,0.0708,56.2888,0.0259,0.0227,-0.0031,0.5560,0.0095,0.6280,buy
2024-10-29,107.6249,15164600,106.0431,108.1920,105.0582,0.0168,0.0033,0.0370,-0.0018,0.0889,60.2661,0.0231,0.0217,-0.0030,0.6618,0.2248,0.8084,sell
2024-10-30,103.5460,14321800,105.7148,106.2520,103.1082,-0.0379,-0.0092,-0.0472,-0.0350,0.0484,47.4582,0.0210,0.0186,-0.0056,0.3286,-0.0556,0.7887,sell
2024-10-31,99.1387,19830300,101.6756,101.9641,98.5617,-0.0426,-0.0674,-0.1107,-0.0653,0.0055,39.5755,0.0211,0.0125,-0.0102,0.0086,0.3846,1.0992,hold
2024-11-01,99.2183,13623400,99.4869,100.0938,98.8601,0.0008,-0.0758,-0.1027,-0.0545,0.0072,37.1607,0.0215,0.0070,-0.0126,0.0501,-0.3130,0.7729,buy
2024-11-04,101.2080,15765800,100.9792,103.2575,100.4818,0.0201,-0.0438,-0.0674,-0.0287,0.0277,45.8902,0.0233,0.0041,-0.0121,0.2038,0.1573,0.9099,buy
2024-11-05,104.9487,12071900,101.4767,105.0781,101.2677,0.0370,-0.0249,-0.0216,0.0094,0.0642,43.8221,0.0269,0.0047,-0.0087,0.4581,-0.2343,0.7106,buy
2024-11-06,111.2562,20304500,107.8239,111.7437,106.4510,0.0601,0.0745,0.0645,0.0632,0.1250,49.6753,0.0317,0.0094,-0.0026,0.8735,0.6820,1.1887,buy
2024-11-07,112.8281,13569800,111.9825,113.2758,110.7986,0.0141,0.1381,0.0614,0.0715,0.1366,53.2697,0.0316,0.0141,0.0018,0.9215,-0.3317,0.8285,sell
2024-11-08,111.3259,13045700,111.5646,113.7136,110.0027,-0.0133,0.1220,0.0370,0.0533,0.1178,54.1471,0.0322,0.0170,0.0036,0.7945,-0.0386,0.8116,sell
2024-11-11,108.0925,14479700,110.3807,110.9379,106.2222,-0.0290,0.0680,0.0212,0.0205,0.0826,51.1531,0.0334,0.0170,0.0026,0.5893,0.1099,0.9023,sell
2024-11-12,103.5659,21859700,104.4613,104.5508,101.5463,-0.0419,-0.0132,-0.0377,-0.0185,0.0340,48.7424,0.0357,0.0137,-0.0011,0.3051,0.5097,1.3689,sell
2024-11-13,99.4073,18416200,102.2725,102.8098,99.3078,-0.0402,-0.1065,-0.0400,-0.0542,-0.0096,41.3699,0.0360,0.0074,-0.0064,0.1011,-0.1575,1.1606,hold
2024-11-14,98.6711,18459700,100.7703,101.7651,98.0543,-0.0074,-0.1255,-0.0047,-0.0607,-0.0188,39.0409,0.0334,0.0014,-0.0100,0.1071,0.0024,1.1939,sell
2024-11-15,95.8457,18518300,97.0495,97.6961,95.1493,-0.0286,-0.1391,-0.0340,-0.0847,-0.0488,37.7886,0.0346,-0.0058,-0.0140,0.0246,0.0032,1.1907,buy
2024-11-18,97.0097,14236400,96.0546,97.5668,95.0398,0.0121,-0.1025,-0.0415,-0.0699,-0.0394,36.8370,0.0341,-0.0103,-0.0148,0.1339,-0.2312,0.9171,hold
2024-11-19,97.2286,14160300,96.5023,97.6762,96.0148,0.0023,-0.0612,-0.0736,-0.0608,-0.0393,41.3370,0.0311,-0.0136,-0.0144,0.1822,-0.0053,0.9111,hold
2024-11-20,97.8653,10490600,97.4773,98.0245,96.0347,0.0065,-0.0155,-0.1204,-0.0423,-0.0345,48.0524,0.0213,-0.0154,-0.0130,0.2376,-0.2592,0.6853,buy
2024-11-21,102.2327,18915200,99.5864,102.7600,97.5569,0.0446,0.0361,-0.0939,0.0110,0.0055,54.0759,0.0270,-0.0126,-0.0082,0.4534,0.8031,1.2130,hold
2024-11-22,102.1134,12063700,101.8348,103.1779,101.1284,-0.0012,0.0654,-0.0828,0.0191,0.0020,51.2893,0.0271,-0.0109,-0.0052,0.4595,-0.3622,0.7741,buy
2024-11-25,103.9439,22837900,103.3172,105.8541,103.2774,0.0179,0.0715,-0.0384,0.0416,0.0165,48.4867,0.0271,-0.0078,-0.0018,0.5532,0.8931,1.4179,sell
2024-11-26,101.2777,19275700,103.4664,104.1827,99.7953,-0.0257,0.0416,-0.0221,0.0173,-0.0121,33.1202,0.0250,-0.0077,-0.0012,0.4372,-0.1560,1.1817,sell
2024-11-27,97.6961,17046400,100.4221,100.5216,96.1442,-0.0354,-0.0017,-0.0172,-0.0170,-0.0490,26.0322,0.0242,-0.0106,-0.0031,0.2777,-0.1157,1.0363,hold
2024-11-29,97.4474,13729400,96.7411,97.6961,95.6069,-0.0025,-0.0468,-0.0124,-0.0183,-0.0531,27.1087,0.0241,-0.0127,-0.0042,0.2727,-0.1946,0.8505,hold
2024-12-02,98.0443,16525600,97.0992,99.5764,97.0296,0.0061,-0.0398,0.0229,-0.0145,-0.0487,31.8476,0.0221,-0.0137,-0.0041,0.3059,0.2037,1.0145,buy
2024-12-03,99.3277,23479700,100.6012,103.1480,99.1188,0.0131,-0.0444,0.0239,-0.0039,-0.0374,41.3274,0.0222,-0.0131,-0.0029,0.3726,0.4208,1.4081,buy
2024-12-04,102.6705,16306200,100.2529,102.8794,99.2879,0.0337,0.0138,0.0560,0.0240,-0.0068,56.9081,0.0242,-0.0096,0.0002,0.5373,-0.3055,0.9657,sell
2024-12-05,100.3524,13448900,103.3470,103.7151,100.0938,-0.0226,0.0272,0.0254,-0.0016,-0.0302,53.3360,0.0258,-0.0092,0.0007,0.4474,-0.1752,0.8130,hold
2024-12-06,100.6509,12381000,100.3624,101.6657,99.5168,0.0030,0.0329,-0.0155,0.0030,-0.0257,60.5968,0.0213,-0.0082,0.0013,0.4944,-0.0794,0.7511,buy
2024-12-09,102.2924,14141900,100.1336,103.9638,99.8550,0.0163,0.0433,0.0018,0.0192,-0.0089,61.4096,0.0220,-0.0060,0.0026,0.6663,0.1422,0.8551,sell
2024-12-10,97.5967,23548500,104.4215,104.4613,96.7709,-0.0459,-0.0174,-0.0611,-0.0214,-0.0534,50.6662,0.0254,-0.0084,0.0006,0.2786,0.6652,1.3859,buy
2024-12-11,101.5363,15248400,98.9895,102.1333,97.7956,0.0404,-0.0110,0.0026,0.0178,-0.0156,55.9344,0.0281,-0.0064,0.0017,0.7023,-0.3525,0.9152,sell
2024-12-12,97.7359,19334900,100.8797,101.4568,97.2584,-0.0374,-0.0261,0.0004,-0.0203,-0.0522,42.5950,0.0284,-0.0084,0.0001,0.3047,0.2680,1.1573,buy
2024-12-13,101.9741,23926000,100.2530,102.6705,99.1586,0.0434,0.0131,0.0465,0.0175,-0.0112,49.7980,0.0314,-0.0059,0.0018,0.7320,0.2375,1.4090,buy
2024-12-16,107.7045,42741200,105.0681,110.5598,104.0036,0.0562,0.0529,0.0985,0.0644,0.0431,54.8989,0.0354,0.0003,0.0060,1.1533,0.7864,2.3495,hold
2024-12-17,108.0428,35811500,109.1869,109.9231,107.1275,0.0031,0.1070,0.0877,0.0587,0.0453,59.3819,0.0354,0.0051,0.0087,1.0608,-0.1621,1.8583,sell
2024-12-18,103.3669,63024300,109.6843,111.4651,102.2029,-0.0433,0.0180,0.0068,0.0122,-0.0002,57.6326,0.0378,0.0057,0.0075,0.6745,0.7599,2.9025,sell
2024-12-19,86.6432,91396800,89.6178,90.5331,84.1759,-0.1618,-0.1135,-0.1366,-0.1401,-0.1596,39.9258,0.0640,-0.0085,-0.0050,-0.2835,0.4502,3.5481,buy
2024-12-20,89.6576,49578400,84.9718,89.7869,83.1114,0.0348,-0.1208,-0.1092,-0.1003,-0.1278,42.5173,0.0657,-0.0169,-0.0108,-0.0101,-0.4575,1.8166,hold
2024-12-23,89.2597,26041500,89.5382,90.6326,87.9464,-0.0044,-0.1713,-0.1274,-0.0924,-0.1287,40.8730,0.0651,-0.0240,-0.0143,0.0473,-0.4747,0.9303,hold
2024-12-24,88.8219,13021300,89.1204,89.2398,87.7773,-0.0049,-0.1779,-0.0899,-0.0888,-0.1298,36.7479,0.0640,-0.0298,-0.0161,0.0881,-0.5000,0.4735,hold
2024-12-26,89.3591,14468200,88.0459,90.1650,87.6480,0.0060,-0.1355,-0.1199,-0.0717,-0.1220,39.1090,0.0620,-0.0332,-0.0156,0.1538,0.1111,0.5307,hold
2024-12-27,88.1752,19422600,88.5434,89.0308,87.1306,-0.0132,0.0177,-0.0978,-0.0748,-0.1302,37.8536,0.0613,-0.0372,-0.0155,0.1467,0.3424,0.7094,sell
2024-12-30,84.9825,22022900,86.6561,86.7159,84.2554,-0.0362,-0.0521,-0.1666,-0.0921,-0.1573,33.6410,0.0590,-0.0440,-0.0172,0.0855,0.1339,0.7924,hold
2024-12-31,83.8370,18691500,85.1121,86.0684,83.7672,-0.0135,-0.0608,-0.2216,-0.0809,-0.1642,36.0608,0.0533,-0.0495,-0.0179,0.1014,-0.1513,0.6699,buy
2025-01-02,86.9948,18860000,84.6538,87.3136,84.4147,0.0377,-0.0206,-0.1948,-0.0237,-0.1290,35.0317,0.0562,-0.0480,-0.0140,0.2309,0.0090,0.6816,buy
2025-01-03,89.5251,17484600,87.6124,89.8538,87.1741,0.0291,0.0019,-0.1339,0.0205,-0.1004,41.3212,0.0575,-0.0440,-0.0088,0.3292,-0.0729,0.6305,buy
2025-01-06,98.8790,42903300,95.2032,101.1303,95.1135,0.1045,0.1214,0.1412,0.1116,-0.0053,47.0478,0.0397,-0.0300,0.0015,0.6281,1.4538,1.4692,buy
2025-01-07,101.5188,53570000,103.0131,106.3303,100.7717,0.0267,0.1946,0.1323,0.1263,0.0222,43.7302,0.0393,-0.0193,0.0091,0.7097,0.2486,1.7136,sell
2025-01-08,99.0284,33516900,102.4253,103.0828,97.9227,-0.0245,0.1812,0.1094,0.0869,-0.0012,41.2451,0.0408,-0.0136,0.0124,0.6383,-0.3743,1.0399,hold
2025-01-10,98.9587,20512600,97.7434,100.3932,96.4982,-0.0007,0.1375,0.1141,0.0742,-0.0005,45.2979,0.0406,-0.0087,0.0139,0.6333,-0.3880,0.6394,sell
2025-01-13,94.6951,22699100,95.4721,95.6315,92.5235,-0.0431,0.0577,0.0597,0.0220,-0.0411,61.6983,0.0442,-0.0085,0.0121,0.5078,0.1066,0.6995,buy
2025-01-14,96.9863,18613400,96.6775,97.0361,95.0139,0.0242,-0.0191,0.0999,0.0368,-0.0166,60.8760,0.0439,-0.0059,0.0113,0.5842,-0.1800,0.5742,buy
2025-01-15,102.7939,27568100,99.0583,103.5311,98.9687,0.0599,0.0126,0.2096,0.0784,0.0416,67.3066,0.0431,0.0008,0.0136,0.7717,0.4811,0.8457,hold
2025-01-16,102.2062,16243800,103.9196,104.3977,101.4790,-0.0057,0.0321,0.2191,0.0520,0.0350,67.0494,0.0425,0.0053,0.0146,0.7764,-0.4108,0.5194,buy
2025-01-17,105.3441,18908900,104.2383,105.4736,102.1066,0.0307,0.0645,0.2109,0.0642,0.0659,69.0969,0.0422,0.0109,0.0160,0.9031,0.1641,0.6214,buy
2025-01-21,108.9601,23533600,105.0253,109.8168,104.8261,0.0343,0.1506,0.2171,0.0795,0.1016,73.4676,0.0424,0.0175,0.0179,0.9883,0.2446,0.8271,hold
2025-01-22,108.8107,20004300,108.7510,110.2452,107.3464,-0.0014,0.1219,0.1004,0.0675,0.1006,78.8889,0.0307,0.0226,0.0184,0.9220,-0.1500,0.8039,sell
2025-01-23,104.4376,22677600,104.3878,105.7725,102.9533,-0.0402,0.0160,0.0288,0.0217,0.0582,73.1631,0.0338,0.0241,0.0158,0.7568,0.1336,0.9634,sell
2025-01-24,102.7939,19743800,105.0951,105.3142,102.3257,-0.0157,0.0058,0.0380,0.0019,0.0433,68.3905,0.0331,0.0234,0.0119,0.6856,-0.1294,0.8502,sell
2025-01-27,90.7603,50696200,94.4959,95.7311,88.0208,-0.1171,-0.1384,-0.0828,-0.1083,-0.0756,51.1774,0.0508,0.0146,0.0013,0.3042,1.5677,2.0192,sell
2025-01-28,87.9113,34793600,92.2545,93.0913,87.7021,-0.0314,-0.1932,-0.0716,-0.1305,-0.1017,38.0663,0.0500,0.0027,-0.0088,0.2192,-0.3137,1.3319,hold
2025-01-29,88.6684,25342800,89.5350,90.1028,87.4231,0.0086,-0.1851,-0.0858,-0.1157,-0.0920,35.4204,0.0492,-0.0063,-0.0141,0.2413,-0.2716,0.9593,buy
2025-01-30,92.1450,22497100,90.3120,92.8024,89.9534,0.0392,-0.1177,-0.1036,-0.0712,-0.0551,42.3613,0.0464,-0.0097,-0.0138,0.3304,-0.1123,0.8508,hold
2025-01-31,90.8898,20492100,91.2982,93.9082,90.7902,-0.0136,-0.1158,-0.1107,-0.0732,-0.0671,41.2753,0.0464,-0.0137,-0.0143,0.2609,-0.0891,0.7723,sell
2025-02-03,89.5749,18607900,88.3097,91.0492,87.6821,-0.0145,-0.0131,-0.1497,-0.0717,-0.0792,44.0865,0.0440,-0.0180,-0.0149,0.2017,-0.0919,0.7016,hold
2025-02-04,90.3120,12827500,88.7082,91.0990,88.4592,0.0082,0.0273,-0.1711,-0.0456,-0.0703,42.0048,0.0415,-0.0202,-0.0137,0.2253,-0.3106,0.4880,buy
2025-02-05,93.2407,15660000,90.0430,93.2905,89.8737,0.0324,0.0516,-0.1431,0.0018,-0.0392,37.7083,0.0442,-0.0186,-0.0099,0.3449,0.2208,0.6283,hold
2025-02-06,94.1771,16141100,94.5158,96.2392,93.2208,0.0100,0.0221,-0.0982,0.0231,-0.0279,39.7612,0.0438,-0.0167,-0.0064,0.3919,0.0307,0.7001,sell
2025-02-07,91.9457,15602800,95.2231,95.5618,91.2384,-0.0237,0.0116,-0.1055,0.0108,-0.0490,32.5097,0.0440,-0.0175,-0.0055,0.3253,-0.0333,0.7042,buy
2025-02-10,95.5618,16217900,92.8323,95.8905,92.8124,0.0393,0.0668,0.0529,0.0450,-0.0098,32.5098,0.0259,-0.0139,-0.0019,0.4620,0.0394,0.7391,sell
2025-02-11,93.7189,12124000,93.8882,95.4721,93.2009,-0.0193,0.0377,0.0661,0.0184,-0.0274,31.1333,0.0242,-0.0132,-0.0008,0.3973,-0.2524,0.5661,sell
2025-02-12,91.3281,22874700,89.2561,92.2844,87.0147,-0.0255,-0.0205,0.0300,-0.0104,-0.0510,32.7568,0.0262,-0.0147,-0.0016,0.3236,0.8867,1.0576,buy
2025-02-13,95.2928,16579900,91.7066,95.7013,91.6668,0.0434,0.0118,0.0342,0.0290,-0.0093,40.7014,0.0269,-0.0115,0.0009,0.4777,-0.2752,0.7866,buy
2025-02-14,99.1380,21284500,98.0323,100.3135,97.6238,0.0404,0.0782,0.0907,0.0611,0.0304,63.0307,0.0284,-0.0059,0.0048,0.6258,0.2838,0.9978,buy
2025-02-18,106.3801,29641900,102.2460,107.4659,101.6583,0.0731,0.1132,0.1876,0.1185,0.1041,75.2726,0.0334,0.0038,0.0110,0.8880,0.3927,1.3555,sell
2025-02-19,103.9594,17875900,105.3540,106.7786,103.2223,-0.0228,0.1093,0.1511,0.0776,0.0787,70.0130,0.0357,0.0094,0.0134,0.8291,-0.3969,0.8282,sell
2025-02-20,102.7840,14488000,103.5809,104.4475,101.9472,-0.0113,0.1254,0.1024,0.0550,0.0659,64.8169,0.0360,0.0129,0.0136,0.8221,-0.1895,0.6799,sell
2025-02-21,98.4606,18650800,103.2422,103.2621,97.3748,-0.0421,0.0332,0.0455,0.0062,0.0216,59.7137,0.0396,0.0126,0.0106,0.6596,0.2873,0.8836,sell
2025-02-24,95.0438,14883700,99.8353,100.3135,94.9143,-0.0347,-0.0413,0.0337,-0.0318,-0.0124,56.6578,0.0407,0.0093,0.0058,0.5231,-0.2020,0.7134,sell
2025-02-25,92.8622,18608200,95.1334,95.5618,92.4040,-0.0230,-0.1271,-0.0282,-0.0514,-0.0341,52.9991,0.0394,0.0045,0.0007,0.4117,0.2502,0.9662,buy
2025-02-26,97.3350,21335200,95.6315,99.3372,95.1334,0.0482,-0.0637,0.0386,-0.0094,0.0133,54.6462,0.0418,0.0042,0.0005,0.6122,0.1465,1.1479,sell
2025-02-27,91.4676,22386300,97.4644,99.5066,91.1388,-0.0603,-0.1101,0.0015,-0.0692,-0.0466,47.2347,0.0459,-0.0008,-0.0038,0.2985,0.0493,1.2141,buy
2025-02-28,93.2706,23359100,90.6507,94.0974,89.5250,0.0197,-0.0527,-0.0212,-0.0489,-0.0260,51.3641,0.0440,-0.0033,-0.0050,0.3901,0.0435,1.2639,sell
2025-03-03,90.1925,20281800,95.4422,95.8307,89.0469,-0.0330,-0.0510,-0.0902,-0.0719,-0.0547,44.4099,0.0424,-0.0081,-0.0079,0.2303,-0.1317,1.0980,hold
2025-03-04,90.8499,23611500,89.8538,93.2308,86.4668,0.0073,-0.0217,-0.1460,-0.0499,-0.0444,46.9375,0.0322,-0.0110,-0.0086,0.2579,0.1642,1.2612,buy
2025-03-05,93.9779,14010300,91.7963,94.6852,90.0829,0.0344,-0.0345,-0.0960,-0.0068,-0.0095,52.7847,0.0356,-0.0102,-0.0063,0.4132,-0.4066,0.7460,sell
2025-03-06,88.9273,18708100,90.5810,92.9319,88.6883,-0.0537,-0.0278,-0.1348,-0.0462,-0.0632,43.4596,0.0383,-0.0147,-0.0085,0.1620,0.3353,0.9881,buy
2025-03-07,92.6032,19133900,89.9434,92.9817,89.1465,0.0413,-0.0072,-0.0595,-0.0005,-0.0251,43.2621,0.0404,-0.0138,-0.0063,0.3611,0.0228,1.0027,sell
2025-03-10,86.7458,21897900,89.2461,91.0193,85.4308,-0.0633,-0.0382,-0.0873,-0.0553,-0.0862,29.1605,0.0436,-0.0197,-0.0093,0.0950,0.1445,1.1289,buy
2025-03-11,88.7082,21962100,87.5626,90.7503,85.7396,0.0226,-0.0236,-0.0447,-0.0295,-0.0655,33.6536,0.0443,-0.0210,-0.0087,0.2185,0.0029,1.1157,buy
2025-03-12,95.2729,23584700,92.1151,96.6177,91.8859,0.0740,0.0138,-0.0212,0.0446,0.0024,42.7833,0.0482,-0.0152,-0.0030,0.5257,0.0739,1.1642,hold
2025-03-13,94.5158,18824700,93.8882,97.7434,93.6392,-0.0079,0.0628,0.0333,0.0329,-0.0069,45.9310,0.0437,-0.0123,0.0000,0.4821,-0.2018,0.9386,buy
2025-03-14,100.4031,24623600,98.3710,102.3855,98.3710,0.0623,0.0842,0.0765,0.0887,0.0515,55.2601,0.0473,-0.0045,0.0056,0.7453,0.3080,1.2036,buy
2025-03-17,102.7142,17095100,100.6721,104.0491,100.5725,0.0230,0.1841,0.1388,0.0989,0.0715,59.6450,0.0451,0.0028,0.0102,0.8326,-0.3057,0.8443,hold
2025-03-18,101.3296,18434100,101.5089,102.9135,99.9050,-0.0135,0.1423,0.1154,0.0720,0.0539,54.1623,0.0460,0.0075,0.0120,0.8053,0.0783,0.9363,hold
2025-03-19,101.6683,16633100,100.4330,103.2023,100.1043,0.0033,0.0671,0.0818,0.0669,0.0547,62.0131,0.0453,0.0112,0.0126,0.8398,-0.0977,0.8475,hold
2025-03-20,102.6046,29204400,101.1901,104.2882,100.9610,0.0092,0.0856,0.1538,0.0615,0.0636,61.2216,0.0397,0.0147,0.0128,0.8888,0.7558,1.4343,sell
2025-03-21,94.3564,63239600,97.8231,98.1219,93.3403,-0.0804,-0.0602,0.0189,-0.0256,-0.0204,54.4525,0.0484,0.0118,0.0078,0.4801,1.1654,2.7993,buy
2025-03-24,96.5679,35406600,95.7311,98.0422,94.9641,0.0234,-0.0598,0.1132,-0.0127,0.0031,55.9175,0.0427,0.0101,0.0049,0.5898,-0.4401,1.4992,sell
2025-03-25,93.8185,22191700,95.8108,96.0101,92.8921,-0.0285,-0.0741,0.0576,-0.0458,-0.0245,49.8338,0.0443,0.0067,0.0012,0.4460,-0.3732,0.9326,sell
2025-03-26,91.7764,27107200,95.6315,96.2691,90.6208,-0.0218,-0.0973,-0.0367,-0.0633,-0.0451,53.1707,0.0379,0.0021,-0.0029,0.3555,0.2215,1.1255,hold
2025-03-27,90.8101,15658700,90.7404,91.8561,89.2661,-0.0105,-0.1150,-0.0392,-0.0696,-0.0539,47.8764,0.0380,-0.0025,-0.0060,0.3085,-0.4223,0.6594,sell
2025-03-28,88.1005,17118000,90.1227,90.5411,87.2638,-0.0298,-0.0663,-0.1225,-0.0859,-0.0794,51.7338,0.0308,-0.0088,-0.0099,0.1959,0.0932,0.7304,sell
2025-03-31,86.6692,21089500,85.7815,86.8687,83.8863,-0.0162,-0.1025,-0.1562,-0.0855,-0.0914,47.3546,0.0281,-0.0151,-0.0130,0.1485,0.2320,0.8983,buy
2025-04-01,88.4846,15337100,88.3050,88.6641,86.0308,0.0209,-0.0569,-0.1268,-0.0535,-0.0690,39.9548,0.0305,-0.0177,-0.0125,0.2446,-0.2728,0.6650,hold
2025-04-02,88.3748,14520400,86.9086,89.7015,86.4797,-0.0012,-0.0371,-0.1308,-0.0410,-0.0661,40.7353,0.0303,-0.0199,-0.0117,0.2590,-0.0532,0.6289,sell
2025-04-03,74.1511,44839500,82.7093,83.1382,74.0214,-0.1609,-0.1834,-0.2773,-0.1697,-0.2107,18.3543,0.0544,-0.0407,-0.0249,-0.1716,2.0880,1.8381,sell
2025-04-04,64.5555,50737700,70.4705,71.1587,63.6977,-0.1294,-0.2673,-0.3158,-0.2522,-0.3069,10.8729,0.0611,-0.0735,-0.0442,-0.2138,0.1315,1.9533,buy
2025-04-07,68.1963,50181800,63.7775,72.2759,61.3836,0.0564,-0.2131,-0.2938,-0.1832,-0.2624,17.5282,0.0654,-0.0843,-0.0452,-0.0207,-0.0110,1.8322,sell
2025-04-08,65.3734,40822100,71.4180,72.7846,63.3586,-0.0414,-0.2612,-0.3032,-0.1894,-0.2890,16.0813,0.0655,-0.1024,-0.0493,0.0049,-0.1865,1.4408,buy
2025-04-09,77.6721,63132600,66.0318,78.3603,63.5381,0.1881,-0.1211,-0.1537,-0.0198,-0.1533,30.7812,0.0961,-0.0821,-0.0300,0.2790,0.5465,2.0829,sell
2025-04-10,69.8720,44882300,72.3157,72.8644,67.3285,-0.1004,-0.0577,-0.2306,-0.0943,-0.2352,30.9953,0.1000,-0.0956,-0.0301,0.1625,-0.2891,1.4198,hold
2025-04-11,69.3733,30807800,68.8645,69.9917,66.6602,-0.0071,0.0746,-0.2126,-0.0784,-0.2369,28.3151,0.1001,-0.0992,-0.0266,0.1879,-0.3136,0.9651,hold
2025-04-14,70.8395,32634700,74.4802,74.5900,69.7922,0.0211,0.0388,-0.1826,-0.0387,-0.2173,31.2939,0.1009,-0.0966,-0.0204,0.2416,0.0593,0.9980,hold
2025-04-15,70.8595,19132700,70.9393,72.6150,70.3707,0.0003,0.0839,-0.1992,-0.0148,-0.2138,32.3928,0.1003,-0.0950,-0.0151,0.2654,-0.4137,0.5845,hold
2025-04-16,69.1538,28475000,67.7574,70.2710,66.9993,-0.0241,-0.1097,-0.2175,-0.0122,-0.2291,31.9946,0.1001,-0.0970,-0.0121,0.2543,0.4883,0.8544,hold
2025-04-17,68.6252,20694100,70.2610,70.3009,66.8297,-0.0076,-0.0178,-0.0745,-0.0119,-0.2308,33.1985,0.0870,-0.0970,-0.0091,0.2624,-0.2733,0.6290,sell
2025-04-21,66.5704,19826100,67.5878,67.8272,65.4832,-0.0299,-0.0404,0.0312,-0.0443,-0.2492,32.8452,0.0761,-0.1006,-0.0080,0.2424,-0.0419,0.6452,buy
2025-04-22,70.0316,20351200,67.3684,70.2211,67.2686,0.0520,-0.0114,0.0269,0.0028,-0.2062,34.6803,0.0758,-0.0911,-0.0025,0.3391,0.0265,0.6789,buy
2025-04-23,72.7447,26385500,73.5027,75.2084,72.3158,0.0387,0.0266,0.1128,0.0308,-0.1712,37.5615,0.0745,-0.0803,0.0040,0.4246,0.2965,0.8741,buy
2025-04-24,77.2233,23875600,74.3805,77.3928,73.4130,0.0616,0.1167,-0.0058,0.0949,-0.1169,52.8937,0.0473,-0.0647,0.0118,0.5670,-0.0951,0.7952,buy
2025-04-25,79.5772,19746200,77.3529,80.0959,76.7046,0.0305,0.1596,0.1389,0.1130,-0.0875,66.3838,0.0318,-0.0514,0.0183,0.6647,-0.1730,0.6532,sell
2025-04-28,78.3604,16882400,78.5698,79.4077,76.7245,-0.0153,0.1771,0.1295,0.0823,-0.0979,61.7046,0.0325,-0.0438,0.0216,0.6536,-0.1450,0.5587,sell
2025-04-29,76.6846,17098000,77.7419,77.9913,76.2757,-0.0214,0.0950,0.0825,0.0507,-0.1126,63.3789,0.0340,-0.0392,0.0220,0.6238,0.0128,0.5696,hold
2025-04-30,76.7544,19779300,73.4329,76.9539,73.3132,0.0009,0.0551,0.0832,0.0432,-0.1057,48.4728,0.0340,-0.0344,0.0215,0.6719,0.1568,0.6541,buy
2025-05-01,77.5723,15349200,79.1982,79.6870,77.4427,0.0107,0.0045,0.1217,0.0424,-0.0906,66.6955,0.0320,-0.0290,0.0210,0.7859,-0.2240,0.5069,buy
2025-05-02,80.5149,18899700,79.3778,81.4624,78.8990,0.0379,0.0118,0.1733,0.0650,-0.0511,71.8420,0.0322,-0.0210,0.0218,0.8968,0.2313,0.6521,hold
2025-05-05,80.2156,12513600,79.2082,80.9438,78.8491,-0.0037,0.0237,0.2050,0.0422,-0.0506,69.2623,0.0289,-0.0156,0.0218,0.8492,-0.3379,0.4622,hold
2025-05-06,80.3054,13173800,78.8391,81.0136,78.3404,0.0011,0.0472,0.1467,0.0296,-0.0462,69.3502,0.0269,-0.0111,0.0211,0.8178,0.0528,0.5223,buy
2025-05-07,82.4100,14889700,80.7842,82.6594,79.9962,0.0262,0.0737,0.1329,0.0437,-0.0187,76.7189,0.0259,-0.0052,0.0209,0.8864,0.1303,0.6223,buy
2025-05-08,84.9336,17580500,84.0359,85.9909,83.1482,0.0306,0.0949,0.0998,0.0652,0.0143,80.4243,0.0207,0.0017,0.0216,0.9527,0.1807,0.8121,buy
2025-05-09,85.6418,13017600,85.3525,86.0508,84.4648,0.0083,0.0637,0.0762,0.0660,0.0242,87.4608,0.0194,0.0075,0.0218,0.9231,-0.2595,0.6491,buy
2025-05-12,92.0555,27765300,92.5741,93.9606,91.7163,0.0749,0.1476,0.1748,0.1266,0.1012,88.7640,0.0271,0.0167,0.0240,1.0713,1.1329,1.3950,buy
2025-05-13,96.6837,28009100,92.3148,97.1624,92.3148,0.0503,0.2039,0.2608,0.1550,0.1548,89.4737,0.0253,0.0268,0.0270,1.0939,0.0088,1.4238,sell
2025-05-14,95.0778,28044400,96.0553,97.4018,94.0803,-0.0166,0.1537,0.2387,0.1115,0.1345,82.5218,0.0276,0.0343,0.0276,0.9643,0.0013,1.3940,hold
2025-05-15,95.2074,24196100,93.7711,95.3670,91.9358,0.0014,0.1210,0.2273,0.0905,0.1357,80.9806,0.0282,0.0395,0.0262,0.9135,-0.1372,1.2156,buy
2025-05-16,97.7510,22609300,95.6563,97.9405,95.4568,0.0267,0.1414,0.2141,0.0980,0.1636,86.5139,0.0276,0.0441,0.0249,0.9310,-0.0656,1.1305,hold
2025-05-19,98.3993,14380100,95.4668,98.7684,95.4568,0.0066,0.0689,0.2267,0.0831,0.1697,92.5362,0.0268,0.0482,0.0233,0.9101,-0.3640,0.7289,hold
2025-05-20,97.8507,12331300,97.6712,98.3794,96.7236,-0.0056,0.0121,0.2185,0.0567,0.1601,90.5639,0.0274,0.0509,0.0207,0.8597,-0.1425,0.6381,sell
2025-05-21,95.5964,15764300,96.9131,98.5689,95.0179,-0.0230,0.0055,0.1600,0.0179,0.1315,82.8426,0.0305,0.0516,0.0166,0.7697,0.2784,0.8387,sell
2025-05-22,94.5890,13245200,95.1675,96.9729,94.1302,-0.0105,-0.0065,0.1137,-0.0031,0.1198,77.5909,0.0310,0.0503,0.0119,0.7171,-0.1598,0.7252,sell
2025-05-23,93.1327,16545000,92.0255,93.6015,90.6989,-0.0154,-0.0472,0.0875,-0.0262,0.1029,74.2238,0.0321,0.0478,0.0071,0.6555,0.2491,0.9139,buy
2025-05-27,96.1351,17612600,94.9381,96.4542,93.9506,0.0322,-0.0230,0.0443,0.0010,0.1396,76.7622,0.0243,0.0458,0.0051,0.7231,0.0645,0.9709,hold
2025-05-28,95.9356,10500300,96.4542,96.9630,95.3570,-0.0021,-0.0196,-0.0077,-0.0003,0.1391,74.4413,0.0182,0.0448,0.0032,0.6968,-0.4038,0.5896,buy
2025-05-29,96.5540,14628700,98.3394,99.3768,95.8657,0.0064,0.0100,0.0155,0.0046,0.1477,72.5513,0.0174,0.0436,0.0018,0.6978,0.3932,0.8334,sell
2025-05-30,94.2199,23758200,95.7959,96.3645,91.9856,-0.0242,-0.0039,-0.0104,-0.0187,0.1219,65.6592,0.0192,0.0415,-0.0010,0.5976,0.6241,1.3219,buy
2025-06-02,97.9305,16850300,94.3396,98.9878,94.1601,0.0394,0.0515,0.0018,0.0197,0.1674,61.8990,0.0215,0.0401,-0.0007,0.7198,-0.2908,0.9429,buy
2025-06-03,101.9902,22757600,98.1100,102.6684,96.7136,0.0415,0.0609,0.0365,0.0581,0.2136,61.0009,0.0252,0.0414,0.0018,0.8632,0.3506,1.2380,buy
2025-06-04,102.9876,14595900,102.1198,103.6459,101.4415,0.0098,0.0735,0.0525,0.0627,0.2236,66.8222,0.0250,0.0435,0.0034,0.8952,-0.3586,0.7909,buy
2025-06-05,106.0199,28833700,106.0299,108.7529,105.2618,0.0294,0.0980,0.1090,0.0824,0.2560,70.4683,0.0238,0.0460,0.0057,1.0112,0.9755,1.5056,buy
2025-06-06,108.2841,20710100,107.8053,110.7678,107.7654,0.0214,0.1493,0.1448,0.0903,0.2778,70.1527,0.0228,0.0491,0.0076,1.0643,-0.2817,1.0726,buy
2025-06-09,110.6680,20159700,109.2317,112.2440,108.3041,0.0220,0.1301,0.1883,0.0949,0.2999,72.0115,0.0204,0.0522,0.0094,1.1076,-0.0266,1.0252,buy
2025-06-10,113.8499,22949400,111.2466,114.6280,110.9473,0.0288,0.1163,0.1843,0.1070,0.3292,76.2263,0.0202,0.0557,0.0112,1.1090,0.1384,1.1815,buy
2025-06-11,115.7351,21614100,115.3062,116.9620,114.4384,0.0166,0.1238,0.2064,0.1041,0.3421,83.4161,0.0190,0.0592,0.0124,1.0559,-0.0582,1.1314,hold
2025-06-12,115.8848,17076500,113.8200,116.1840,113.2315,0.0013,0.0930,0.2002,0.0855,0.3353,86.3714,0.0195,0.0620,0.0122,0.9760,-0.2099,0.9203,hold
2025-06-13,115.3062,17453000,113.5108,116.8024,113.3712,-0.0050,0.0648,0.2238,0.0592,0.3205,89.0411,0.0153,0.0635,0.0108,0.9001,0.0220,0.9580,buy
2025-06-16,119.5354,21374100,117.5106,120.6526,117.0218,0.0367,0.0801,0.2206,0.0766,0.3548,89.4950,0.0149,0.0643,0.0107,0.9543,0.2247,1.1772,hold
2025-06-17,120.0342,20837700,119.2960,123.1961,119.0467,0.0042,0.0543,0.1769,0.0638,0.3436,90.2667,0.0136,0.0660,0.0101,0.9080,-0.0251,1.1276,buy
2025-06-18,121.5104,20180000,120.1539,122.6675,119.8746,0.0123,0.0499,0.1799,0.0595,0.3441,90.5379,0.0135,0.0669,0.0094,0.8920,-0.0316,1.0693,buy
2025-06-20,123.2859,29290400,122.4580,123.8445,120.0741,0.0146,0.0639,0.1629,0.0591,0.3465,98.0858,0.0127,0.0677,0.0088,0.8856,0.4515,1.4983,sell
2025-06-23,121.7698,23399200,123.3557,124.1936,119.5055,-0.0123,0.0561,0.1245,0.0341,0.3172,92.5267,0.0152,0.0681,0.0068,0.8154,-0.2011,1.1667,buy
2025-06-24,127.5849,26420600,124.7921,127.7745,124.6424,0.0478,0.0673,0.1529,0.0681,0.3631,92.9672,0.0188,0.0676,0.0073,0.9066,0.1291,1.2857,hold
2025-06-25,126.9266,39407000,126.2882,127.1760,125.3008,-0.0052,0.0574,0.1149,0.0511,0.3396,90.6503,0.0190,0.0688,0.0065,0.8525,0.4915,1.8210,sell
2025-06-26,125.6798,62678100,129.2008,129.5200,123.4754,-0.0098,0.0343,0.0859,0.0323,0.3113,85.5391,0.0200,0.0686,0.0046,0.7959,0.5905,2.5848,sell
2025-06-27,124.4429,36888600,124.8220,127.2159,123.0764,-0.0098,0.0094,0.0739,0.0150,0.2840,80.3371,0.0207,0.0670,0.0018,0.7448,-0.4115,1.4545,sell
2025-06-30,122.9368,22799700,124.5826,124.7621,121.5403,-0.0121,0.0096,0.0662,-0.0035,0.2545,73.8187,0.0213,0.0642,-0.0014,0.6921,-0.3819,0.9007,sell
2025-07-01,120.5828,24825800,122.0391,123.6749,118.7774,-0.0191,-0.0549,0.0088,-0.0234,0.2176,63.5054,0.0198,0.0603,-0.0052,0.6066,0.0889,0.9655,buy
2025-07-02,121.4306,29303800,120.1938,122.6874,117.7600,0.0070,-0.0433,0.0116,-0.0177,0.2127,61.9206,0.0199,0.0558,-0.0075,0.6149,0.1804,1.1253,hold
2025-07-03,121.9792,13247900,122.0191,123.3158,121.5204,0.0045,-0.0294,0.0039,-0.0136,0.2057,62.5462,0.0196,0.0520,-0.0088,0.6164,-0.5479,0.5101,sell
2025-07-07,119.7278,19148400,120.9858,121.3153,118.7195,-0.0185,-0.0379,-0.0289,-0.0290,0.1725,58.5159,0.0197,0.0481,-0.0111,0.4937,0.4454,0.7513,buy
2025-07-08,124.2206,26238200,122.2538,125.2490,121.7546,0.0375,0.0104,0.0201,0.0054,0.2054,58.9328,0.0231,0.0450,-0.0096,0.6993,0.3703,1.0184,sell
2025-07-09,122.0441,20464000,124.6200,125.9479,121.0857,-0.0175,0.0121,-0.0434,-0.0077,0.1746,53.6018,0.0172,0.0428,-0.0102,0.5538,-0.2201,0.7938,buy
2025-07-10,122.9127,15378400,124.0809,124.1507,121.8245,0.0071,0.0122,-0.0316,0.0026,0.1729,52.5688,0.0176,0.0402,-0.0099,0.5907,-0.2485,0.6054,buy
2025-07-11,124.3305,15820600,121.9343,124.6100,121.0457,0.0115,0.0193,-0.0107,0.0153,0.1758,51.9389,0.0180,0.0385,-0.0089,0.6766,0.0288,0.6300,sell
2025-07-14,118.4199,32117700,120.1871,120.2470,116.8325,-0.0475,-0.0109,-0.0484,-0.0282,0.1111,44.6542,0.0232,0.0349,-0.0119,0.1745,1.0301,1.2418,buy
2025-07-15,119.9175,24958900,120.7462,121.1955,118.9291,0.0126,-0.0346,-0.0246,-0.0135,0.1163,35.8083,0.0237,0.0308,-0.0123,0.2460,-0.2229,0.9512,sell
2025-07-16,116.2434,30614800,118.8393,118.8992,114.6260,-0.0306,-0.0475,-0.0360,-0.0403,0.0750,32.2122,0.0248,0.0259,-0.0148,-0.0409,0.2266,1.1466,sell
2025-07-17,113.0785,34702400,113.7474,114.0170,110.7722,-0.0272,-0.0800,-0.0688,-0.0599,0.0394,30.2782,0.0256,0.0194,-0.0180,-0.1427,0.1335,1.2668,buy
2025-07-18,114.2067,19349900,114.0569,114.6160,113.0985,0.0100,-0.0814,-0.0637,-0.0444,0.0432,33.9250,0.0259,0.0142,-0.0183,0.0224,-0.4424,0.7074,sell
2025-07-21,113.0486,22189800,113.4080,115.7342,112.4895,-0.0101,-0.0454,-0.0558,-0.0488,0.0269,34.2999,0.0256,0.0093,-0.0188,0.0313,0.1468,0.8219,sell
2025-07-22,109.0450,27917600,112.6792,112.8189,107.9567,-0.0354,-0.0907,-0.1222,-0.0706,-0.0138,32.5926,0.0222,0.0026,-0.0212,-0.0641,0.2581,1.0255,hold
2025-07-23,109.6540,17810000,109.2646,110.1133,108.7055,0.0056,-0.0567,-0.1015,-0.0554,-0.0126,32.1033,0.0228,-0.0025,-0.0210,0.0335,-0.3621,0.6647,buy
2025-07-24,111.5510,20293100,110.8820,112.5494,110.0733,0.0173,-0.0135,-0.0924,-0.0296,0.0010,34.7763,0.0239,-0.0050,-0.0185,0.1585,0.1394,0.7854,hold
2025-07-25,111.0817,16372300,110.8121,111.3213,108.6556,-0.0042,-0.0274,-0.1066,-0.0224,-0.0058,36.6851,0.0229,-0.0073,-0.0167,0.1710,-0.1932,0.6960,hold
2025-07-28,111.0717,12932300,111.5410,111.8205,109.6840,-0.0001,-0.0175,-0.0621,-0.0161,-0.0087,26.5073,0.0190,-0.0090,-0.0147,0.2018,-0.2101,0.5793,buy
2025-07-29,111.7806,16653300,111.8704,113.3581,110.4927,0.0064,0.0251,-0.0679,-0.0026,-0.0053,30.6476,0.0184,-0.0097,-0.0123,0.2604,0.2877,0.7564,buy
2025-07-30,114.5561,16378800,112.4196,114.7059,112.2299,0.0248,0.0447,-0.0145,0.0237,0.0164,35.3003,0.0188,-0.0080,-0.0084,0.4058,-0.0165,0.7585,sell
2025-07-31,108.9651,29224300,112.0102,112.0901,106.7686,-0.0488,-0.0232,-0.0364,-0.0227,-0.0351,26.4318,0.0229,-0.0112,-0.0093,0.1748,0.7843,1.3536,sell
2025-08-01,104.7119,24003300,105.3209,106.3293,103.2143,-0.0390,-0.0573,-0.0831,-0.0528,-0.0739,27.8476,0.0249,-0.0170,-0.0120,0.0455,-0.1787,1.0847,buy
2025-08-04,107.5973,14780600,105.8501,107.7071,105.2910,0.0276,-0.0313,-0.0482,-0.0219,-0.0503,30.9450,0.0273,-0.0183,-0.0108,0.2055,-0.3842,0.6746,buy
2025-08-05,108.8852,17836000,109.1249,110.4627,106.6588,0.0120,-0.0259,-0.0015,-0.0100,-0.0414,37.7126,0.0254,-0.0183,-0.0087,0.2804,0.2067,0.8300,hold
2025-08-06,108.6057,13021900,107.7271,108.7854,106.5789,-0.0026,-0.0519,-0.0096,-0.0116,-0.0465,41.7343,0.0254,-0.0185,-0.0071,0.2880,-0.2699,0.6166,buy
2025-08-07,111.6907,18986500,113.9571,115.0953,110.6125,0.0284,0.0250,0.0013,0.0163,-0.0220,45.6641,0.0264,-0.0157,-0.0037,0.4603,0.4580,0.8915,buy
2025-08-08,118.6995,28962200,111.9903,119.1388,111.4911,0.0628,0.1336,0.0686,0.0727,0.0352,58.1042,0.0328,-0.0082,0.0025,0.9132,0.5254,1.3191,buy
2025-08-11,123.5217,35065800,124.7697,127.0760,121.4551,0.0406,0.1480,0.1121,0.1038,0.0722,70.2854,0.0343,0.0002,0.0084,1.1155,0.2107,1.5865,buy
2025-08-12,127.5453,25961200,124.5002,128.3440,122.8428,0.0326,0.1714,0.1410,0.1240,0.1008,72.8805,0.0349,0.0089,0.0135,1.1812,-0.2596,1.1719,sell
2025-08-13,124.0709,18438200,127.3756,128.3939,123.1523,-0.0272,0.1424,0.0831,0.0843,0.0660,65.3903,0.0369,0.0138,0.0148,0.9588,-0.2898,0.8558,hold
2025-08-14,125.0892,12235900,123.0026,125.5385,121.2055,0.0082,0.1200,0.1480,0.0780,0.0705,66.9896,0.0310,0.0178,0.0150,0.9347,-0.3364,0.5992,sell
2025-08-15,120.6763,18986700,122.9726,123.1823,119.2486,-0.0353,0.0167,0.1525,0.0258,0.0296,60.5252,0.0303,0.0187,0.0126,0.7460,0.5517,0.9306,buy
2025-08-18,123.3520,12208800,121.1555,123.4818,120.4667,0.0222,-0.0014,0.1464,0.0347,0.0493,62.1565,0.0301,0.0200,0.0112,0.8124,-0.3570,0.6134,sell
2025-08-19,121.8544,11491200,122.7430,124.0409,121.1156,-0.0121,-0.0446,0.1191,0.0112,0.0342,57.8789,0.0312,0.0204,0.0092,0.7344,-0.0588,0.6022,sell
2025-08-20,117.0222,25795000,118.5098,118.7195,113.2782,-0.0397,-0.0568,0.0775,-0.0357,-0.0079,58.8429,0.0351,0.0178,0.0049,0.5507,1.2448,1.3241,sell
2025-08-21,115.6045,13174900,116.8125,117.5413,115.4247,-0.0121,-0.0758,0.0350,-0.0504,-0.0202,62.7483,0.0348,0.0141,0.0009,0.4922,-0.4892,0.6889,buy
2025-08-22,117.4914,17038300,117.4615,120.5066,116.3233,0.0163,-0.0264,-0.0102,-0.0340,-0.0045,61.8569,0.0286,0.0120,-0.0008,0.5498,0.2932,0.8893,sell
2025-08-25,116.2334,8674800,117.4914,117.8908,115.9139,-0.0107,-0.0577,-0.0590,-0.0386,-0.0152,58.8122,0.0248,0.0096,-0.0027,0.4938,-0.4909,0.4579,hold
2025-08-26,116.3133,12584300,115.9040,118.1703,115.6244,0.0007,-0.0455,-0.0881,-0.0289,-0.0147,59.2878,0.0211,0.0076,-0.0037,0.4882,0.4507,0.6714,buy
2025-08-27,117.5613,15349300,116.6628,118.5397,116.2534,0.0107,0.0046,-0.0525,-0.0131,-0.0038,57.4018,0.0208,0.0067,-0.0036,0.5299,0.2197,0.8212,buy
2025-08-28,121.8045,17295500,118.6895,122.3736,118.5397,0.0361,0.0536,-0.0263,0.0254,0.0318,54.2084,0.0244,0.0086,-0.0011,0.6716,0.1268,0.9558,sell
2025-08-29,118.8193,16774000,122.4035,122.5733,117.8708,-0.0245,0.0113,-0.0154,0.0018,0.0070,43.2925,0.0230,0.0084,-0.0012,0.5308,-0.0302,0.9459,hold
2025-09-02,118.2901,13771900,115.6743,118.3700,114.0669,-0.0045,0.0177,-0.0410,0.0016,0.0034,35.3369,0.0214,0.0076,-0.0016,0.4820,-0.1790,0.7788,hold
2025-09-03,118.5298,14101300,119.1687,119.2486,117.1120,0.0020,0.0191,-0.0273,0.0065,0.0060,40.2186,0.0213,0.0071,-0.0017,0.4664,0.0239,0.8060,buy
2025-09-04,124.0110,18589100,118.6595,124.2106,118.3301,0.0462,0.0549,0.0597,0.0468,0.0531,48.3557,0.0220,0.0098,0.0011,0.7618,0.3183,1.0458,buy
2025-09-05,131.1595,28416000,127.5652,131.1994,125.4586,0.0576,0.0768,0.1346,0.0928,0.1130,64.7555,0.0262,0.0158,0.0061,1.1150,0.5286,1.5574,hold
2025-09-08,131.2493,19492600,130.3408,132.0480,128.1942,0.0007,0.1046,0.1171,0.0812,0.1127,61.9885,0.0265,0.0207,0.0088,1.0139,-0.3140,1.0968,buy
2025-09-09,135.0233,20705000,131.5489,137.7789,131.3492,0.0288,0.1415,0.1617,0.0953,0.1427,68.6986,0.0257,0.0259,0.0115,1.0764,0.0622,1.2141,buy
2025-09-10,139.7757,25791300,139.7956,142.0121,138.1183,0.0352,0.1792,0.2017,0.1127,0.1795,82.3813,0.0259,0.0319,0.0143,1.1295,0.2457,1.5131,buy
2025-09-11,150.3287,52446400,147.4833,156.0096,147.3735,0.0755,0.2122,0.2787,0.1663,0.2623,89.2197,0.0312,0.0398,0.0188,1.2167,1.0335,2.7977,buy
2025-09-12,156.9780,32288300,153.3039,158.0264,152.9645,0.0442,0.1968,0.2888,0.1855,0.3103,90.2667,0.0316,0.0488,0.0229,1.1659,-0.3844,1.6350,hold
2025-09-15,157.5172,20101400,156.7085,160.0831,156.2992,0.0034,0.2001,0.3257,0.1558,0.3070,92.7258,0.0276,0.0566,0.0247,1.0490,-0.3774,1.0150,hold
2025-09-16,158.5655,16911600,157.7268,159.3043,156.9181,0.0067,0.1744,0.3405,0.1301,0.3073,92.8687,0.0263,0.0623,0.0245,0.9795,-0.1587,0.8439,hold
2025-09-17,159.7336,18843600,157.1578,160.3327,155.0112,0.0074,0.1428,0.3476,0.1059,0.3092,92.8572,0.0257,0.0665,0.0232,0.9303,0.1142,0.9234,buy
2025-09-18,168.6194,28212800,162.7288,170.1769,162.3395,0.0556,0.1217,0.3597,0.1325,0.3716,93.4730,0.0265,0.0699,0.0231,0.9784,0.4972,1.3743,sell
2025-09-19,162.4692,37309900,162.4892,163.4377,159.1246,-0.0365,0.0350,0.2387,0.0687,0.3131,88.2837,0.0323,0.0744,0.0206,0.8514,0.3224,1.7166,buy
2025-09-22,164.3562,25851200,164.1166,166.9920,161.3311,0.0116,0.0434,0.2522,0.0581,0.3198,89.4629,0.0316,0.0750,0.0175,0.8367,-0.3071,1.1658,buy
2025-09-23,166.1433,43316500,165.4145,168.7192,164.9652,0.0109,0.0478,0.2305,0.0486,0.3240,89.7350,0.0318,0.0753,0.0147,0.8239,0.6756,1.8118,sell
2025-09-24,161.4509,57096400,164.8155,165.7340,158.0463,-0.0282,0.0108,0.1551,0.0052,0.2782,81.6616,0.0349,0.0752,0.0103,0.7396,0.3181,2.1848,sell
2025-09-25,156.5787,32209200,157.1378,158.6953,154.4022,-0.0302,-0.0714,0.0416,-0.0289,0.2317,72.3568,0.0303,0.0724,0.0043,0.6567,-0.4359,1.1940,hold
2025-09-26,157.0180,24045000,158.2660,158.6653,154.9313,0.0028,-0.0336,0.0003,-0.0262,0.2267,72.5257,0.0269,0.0675,-0.0003,0.6440,-0.2535,0.8803,buy
2025-09-29,163.6373,26506500,159.7436,165.5343,159.7136,0.0422,-0.0044,0.0389,0.0110,0.2686,73.8277,0.0300,0.0637,-0.0010,0.7172,0.1024,0.9535,buy
2025-09-30,167.0519,20092500,163.8470,168.6793,163.6973,0.0209,0.0055,0.0535,0.0267,0.2844,73.2313,0.0304,0.0626,-0.0007,0.7498,-0.2420,0.7146,buy
2025-10-01,181.8581,41674800,165.3346,182.0977,165.2348,0.0886,0.1264,0.1385,0.1027,0.3827,75.0396,0.0402,0.0634,0.0042,0.9554,1.0741,1.4129,hold
2025-10-02,183.4556,25122200,184.6636,185.8816,180.9196,0.0088,0.1717,0.0880,0.1025,0.3794,72.8620,0.0374,0.0675,0.0070,0.9479,-0.3972,0.8424,buy
2025-10-03,187.6465,29399300,185.0290,191.6625,184.7393,0.0228,0.1951,0.1550,0.1109,0.3949,74.4719,0.0340,0.0705,0.0091,0.9693,0.1703,0.9842,buy
2025-10-06,190.7734,36392300,194.8194,200.8036,189.2449,0.0167,0.1658,0.1607,0.1120,0.4016,75.3057,0.0339,0.0734,0.0104,0.9788,0.2379,1.1848,sell
2025-10-07,185.5086,27828200,194.6596,195.1092,183.0610,-0.0276,0.1105,0.1166,0.0692,0.3481,69.0265,0.0366,0.0756,0.0087,0.8641,-0.2353,0.8956,buy
2025-10-08,196.3479,26833900,188.8053,196.7575,188.6155,0.0584,0.0797,0.2161,0.1094,0.4096,69.8948,0.0364,0.0751,0.0095,1.0077,-0.0357,0.8622,sell
2025-10-09,192.1421,19721500,192.7814,196.4279,189.3148,-0.0214,0.0473,0.2271,0.0642,0.3642,71.9008,0.0351,0.0770,0.0080,0.8853,-0.2651,0.6688,sell
2025-10-10,181.4225,26990300,192.7714,193.2510,179.4345,-0.0558,-0.0332,0.1554,-0.0085,0.2750,61.1434,0.0426,0.0762,0.0025,0.6715,0.3686,0.9236,buy
2025-10-13,192.5816,20928400,190.6035,193.2110,187.8063,0.0615,0.0095,0.1769,0.0361,0.3369,65.3804,0.0444,0.0716,0.0017,0.8379,-0.2246,0.7152,sell
2025-10-14,186.8772,15912400,186.7773,192.2719,186.0680,-0.0296,0.0074,0.1187,-0.0052,0.2832,64.6195,0.0467,0.0704,-0.0013,0.7124,-0.2397,0.5447,buy
2025-10-15,191.7524,17793100,192.2919,192.6915,187.2369,0.0261,-0.0234,0.0544,0.0154,0.3018,70.2234,0.0389,0.0673,-0.0021,0.7732,0.1182,0.6102,buy
2025-10-16,202.3321,42041300,199.7646,206.1384,195.0092,0.0552,0.0530,0.1029,0.0608,0.3564,73.3329,0.0419,0.0662,0.0004,0.9074,1.3628,1.4083,hold
2025-10-17,202.1822,23283100,199.0852,203.1912,195.3589,-0.0007,0.1144,0.0775,0.0520,0.3391,71.2641,0.0418,0.0673,0.0012,0.8611,-0.4462,0.7987,buy
2025-10-20,206.5679,23268400,209.4551,214.5401,205.2992,0.0217,0.0726,0.0828,0.0660,0.3524,71.5687,0.0419,0.0677,0.0023,0.8847,-0.0006,0.8017,sell
2025-10-21,202.0923,13717300,204.1003,205.6688,200.6437,-0.0217,0.0814,0.0894,0.0341,0.3097,62.4481,0.0414,0.0681,0.0010,0.7825,-0.4105,0.4980,sell
2025-10-22,198.2761,21949800,202.0524,205.3791,192.2120,-0.0189,0.0340,0.0098,0.0136,0.2733,58.8753,0.0383,0.0661,-0.0018,0.7009,0.6002,0.8512,buy
2025-10-23,206.5080,19397900,196.5078,208.7958,195.0092,0.0415,0.0206,0.0748,0.0479,0.3122,60.7738,0.0393,0.0635,-0.0013,0.8209,-0.1163,0.7714,buy
2025-10-24,218.8060,25821800,212.1825,219.6052,209.7748,0.0596,0.0822,0.2061,0.0897,0.3740,64.4938,0.0352,0.0638,0.0021,1.0094,0.3312,1.0233,hold
2025-10-27,219.8849,23873100,224.5903,224.7601,215.5292,0.0049,0.0645,0.1418,0.0804,0.3638,68.5779,0.0321,0.0661,0.0038,0.9895,-0.0755,0.9510,hold
2025-10-28,221.6932,14957500,218.7161,222.6822,217.3474,0.0082,0.0970,0.1863,0.0709,0.3584,65.1789,0.0285,0.0675,0.0046,0.9861,-0.3735,0.6020,buy
2025-10-29,226.4085,23217300,228.8362,232.1729,225.8791,0.0213,0.1419,0.1807,0.0757,0.3698,70.3972,0.0283,0.0685,0.0055,0.9959,0.5522,0.9705,sell
2025-10-30,223.7911,14795100,225.8790,227.1778,220.5243,-0.0116,0.0837,0.1061,0.0525,0.3367,77.9123,0.0262,0.0695,0.0046,0.8965,-0.3628,0.6321,hold
2025-10-31,223.5513,16320000,227.5274,231.0240,218.6062,-0.0011,0.0217,0.1057,0.0409,0.3182,73.8315,0.0262,0.0689,0.0031,0.8499,0.1031,0.7173,buy
2025-11-03,234.4706,21199300,233.6515,237.3878,231.5735,0.0488,0.0663,0.1351,0.0778,0.3638,83.9026,0.0288,0.0681,0.0043,0.9622,0.2990,0.9639,sell
2025-11-04,217.8169,23696200,221.9229,228.4465,217.1876,-0.0710,-0.0175,0.0778,-0.0059,0.2521,65.8988,0.0381,0.0684,-0.0002,0.6751,0.1178,1.0877,buy
2025-11-05,237.2679,28617400,225.4495,239.6456,224.5104,0.0893,0.0480,0.1967,0.0639,0.3453,69.2291,0.0444,0.0651,0.0017,0.9307,0.2077,1.3082,hold
2025-11-06,238.0971,32016800,237.6076,246.1692,234.6505,0.0035,0.0639,0.1530,0.0527,0.3318,69.6212,0.0439,0.0662,0.0024,0.8917,0.1188,1.4236,hold
2025-11-07,237.6875,30613800,233.8013,242.3130,226.1788,-0.0017,0.0632,0.0863,0.0422,0.3125,67.7736,0.0412,0.0665,0.0021,0.8571,-0.0438,1.3504,buy
2025-11-10,253.0525,27870600,247.7177,256.8188,247.5678,0.0646,0.0793,0.1508,0.0936,0.3769,75.8855,0.0447,0.0667,0.0049,1.0064,-0.0896,1.2108,sell
2025-11-11,240.8744,22622500,248.0973,249.7457,238.5566,-0.0481,0.1059,0.0865,0.0325,0.2934,69.9439,0.0490,0.0687,0.0031,0.8091,-0.1883,0.9687,buy
2025-11-12,244.6607,17263100,244.6607,248.9465,240.6046,0.0157,0.0312,0.0806,0.0405,0.2961,68.6384,0.0489,0.0671,0.0020,0.8372,-0.2369,0.7400,sell
2025-11-13,236.7184,32324600,243.3620,249.2562,229.9351,-0.0325,-0.0058,0.0578,0.0013,0.2393,59.1396,0.0503,0.0654,-0.0015,0.6938,0.8725,1.4152,buy
2025-11-14,246.5888,36171100,231.2238,254.9206,231.0040,0.0417,0.0374,0.1031,0.0329,0.2755,62.5035,0.0514,0.0623,-0.0015,0.8191,0.1190,1.5401,sell
2025-11-17,241.7136,30304400,246.6787,260.3254,239.2260,-0.0198,-0.0448,0.0309,0.0095,0.2362,59.1124,0.0503,0.0609,-0.0034,0.7184,-0.1622,1.2713,sell
2025-11-18,228.2767,33843900,235.2499,238.6965,225.2996,-0.0556,-0.0523,0.0480,-0.0508,0.1564,50.7878,0.0479,0.0568,-0.0090,0.4723,0.1168,1.3623,hold
2025-11-19,225.6992,35256600,226.6883,234.1210,216.1486,-0.0113,-0.0775,-0.0488,-0.0570,0.1335,50.8049,0.0380,0.0498,-0.0134,0.3830,0.0417,1.3821,sell
2025-11-20,201.1732,47420700,230.0150,230.3747,199.4050,-0.1087,-0.1502,-0.1551,-0.1463,0.0052,42.1656,0.0500,0.0388,-0.0257,-0.1025,0.3450,1.7622,buy
2025-11-21,207.1673,36679700,204.3301,211.7928,192.4018,0.0298,-0.1599,-0.1284,-0.1093,0.0300,40.1000,0.0520,0.0265,-0.0289,0.0609,-0.2265,1.3361,buy
2025-11-24,223.7112,33052800,213.2014,225.8890,212.1525,0.0799,-0.0745,-0.1159,-0.0259,0.1050,52.1389,0.0546,0.0221,-0.0234,0.3696,-0.0989,1.1842,hold
2025-11-25,224.3106,17441600,219.0058,225.9690,215.7889,0.0027,-0.0174,-0.0688,-0.0162,0.1008,44.5527,0.0531,0.0201,-0.0202,0.3778,-0.4723,0.6221,buy
2025-11-26,230.0350,17817600,229.3956,233.6015,225.7791,0.0255,0.0192,-0.0598,0.0154,0.1211,46.7447,0.0536,0.0199,-0.0155,0.4846,0.0216,0.6417,buy
2025-11-28,236.2489,12914700,235.3897,237.8673,233.2418,0.0270,0.1744,-0.0020,0.0431,0.1439,49.4451,0.0535,0.0214,-0.0104,0.5930,-0.2752,0.4667,buy
2025-12-01,240.2250,18238200,232.0630,242.1232,231.2738,0.0168,0.1596,-0.0258,0.0636,0.1544,44.5759,0.0520,0.0238,-0.0061,0.6540,0.4122,0.6568,hold
2025-12-02,239.2560,18166200,238.5167,244.1312,234.1010,-0.0040,0.0695,-0.0102,0.0605,0.1416,49.2440,0.0516,0.0254,-0.0037,0.6297,-0.0039,0.6578,sell
2025-12-03,233.9312,19188200,236.1590,237.5676,227.8671,-0.0223,0.0429,0.0248,0.0343,0.1090,45.0589,0.0486,0.0251,-0.0037,0.5119,0.0563,0.7005,sell
2025-12-04,226.4285,23513900,230.0550,233.9312,223.1118,-0.0321,-0.0157,0.0032,0.0008,0.0668,45.2421,0.0497,0.0222,-0.0060,0.3733,0.2254,0.8665,buy
2025-12-05,236.9882,21161000,228.7263,240.3349,226.4685,0.0466,0.0031,0.1780,0.0311,0.1082,45.5889,0.0329,0.0218,-0.0041,0.5848,-0.1001,0.7957,buy
2025-12-08,246.6787,20495400,243.2521,248.9865,241.3739,0.0409,0.0269,0.1907,0.0552,0.1439,52.1846,0.0336,0.0243,-0.0005,0.7620,-0.0315,0.7856,buy
2025-12-09,252.1733,17067100,244.2511,255.2603,242.5927,0.0223,0.0540,0.1272,0.0657,0.1599,61.3043,0.0259,0.0278,0.0028,0.8716,-0.1673,0.6681,buy
2025-12-10,263.4523,21960700,254.8807,264.4913,250.3351,0.0447,0.1262,0.1745,0.0952,0.2011,66.5007,0.0275,0.0327,0.0071,1.0061,0.2867,0.8607,sell
2025-12-11,258.2074,18867000,261.2744,262.5932,251.3042,-0.0199,0.1403,0.1225,0.0610,0.1690,79.9811,0.0295,0.0362,0.0081,0.8819,-0.1409,0.7372,sell
2025-12-12,240.9044,25936900,255.4202,255.5700,239.0861,-0.0670,0.0165,0.0197,-0.0120,0.0851,65.8500,0.0380,0.0351,0.0039,0.5940,0.3747,1.0262,sell
2025-12-15,237.2679,27483600,246.8685,249.8656,235.7694,-0.0151,-0.0382,-0.0123,-0.0257,0.0639,57.2482,0.0380,0.0310,-0.0005,0.5428,0.0596,1.1064,sell
2025-12-16,232.2828,22577300,235.5696,239.1660,230.3547,-0.0210,-0.0789,-0.0291,-0.0434,0.0377,54.0714,0.0385,0.0260,-0.0050,0.4676,-0.1785,0.9233,sell
2025-12-17,225.2996,41957100,236.3288,237.2180,221.4734,-0.0301,-0.1448,-0.0369,-0.0689,0.0029,47.6123,0.0391,0.0193,-0.0101,0.3542,0.8584,1.6877,buy
2025-12-18,248.3071,65006100,256.2793,263.3923,244.7606,0.1021,-0.0383,0.0966,0.0170,0.1003,55.1995,0.0496,0.0194,-0.0058,0.7151,0.5493,2.4673,buy
2025-12-19,265.6602,62312100,251.5040,268.1177,251.5040,0.0699,0.1028,0.1210,0.0754,0.1696,59.8332,0.0520,0.0246,0.0008,0.9710,-0.0414,2.3000,buy
2025-12-22,276.3197,30961900,276.8792,279.7164,268.0278,0.0401,0.1646,0.1202,0.1053,0.2064,63.3300,0.0520,0.0313,0.0067,1.0798,-0.5031,1.1550,hold
2025-12-23,276.0000,20767600,275.6504,281.5845,272.0539,-0.0012,0.1882,0.0945,0.0936,0.1963,65.6951,0.0520,0.0368,0.0098,0.9911,-0.3293,0.7929,buy
2025-12-24,286.3998,18592600,277.7283,289.0173,276.9791,0.0377,0.2712,0.0871,0.1246,0.2307,71.9008,0.0515,0.0422,0.0129,1.0439,-0.1047,0.7083,hold
2025-12-26,284.5117,17878500,290.5558,290.5858,283.1431,-0.0066,0.1458,0.1019,0.1058,0.2130,68.5285,0.0508,0.0467,0.0138,0.9469,-0.0384,0.6810,buy
2025-12-29,294.2011,26642900,280.1692,294.3311,278.3402,0.0341,0.1074,0.2212,0.1202,0.2445,68.5282,0.0431,0.0505,0.0149,0.9842,0.4902,0.9890,hold
2025-12-30,292.4621,23056400,294.5309,298.6586,291.8425,-0.0059,0.0584,0.2326,0.0907,0.2278,66.1818,0.0423,0.0539,0.0145,0.9044,-0.1346,0.8483,sell
2025-12-31,285.2463,17573800,293.0018,293.0018,284.0170,-0.0247,0.0335,0.2280,0.0432,0.1896,59.0488,0.0428,0.0552,0.0118,0.7922,-0.2378,0.6473,buy
2026-01-02,315.2391,42604300,294.9607,315.4190,294.6909,0.1051,0.1007,0.3992,0.1161,0.3024,69.6427,0.0459,0.0569,0.0141,1.0155,1.4243,1.5043,hold
2026-01-05,311.9709,34608600,324.9435,325.3433,309.3724,-0.0104,0.0965,0.2564,0.0802,0.2769,77.0962,0.0412,0.0615,0.0146,0.9283,-0.1877,1.1985,buy
2026-01-06,343.2330,48732400,318.0974,344.3523,317.8775,0.1002,0.1667,0.2920,0.1574,0.3893,83.3720,0.0458,0.0654,0.0182,1.0826,0.4081,1.6108,hold
2026-01-07,339.3552,32781100,340.5146,346.1014,336.9866,-0.0113,0.1603,0.2281,0.1205,0.3604,83.9576,0.0470,0.0719,0.0194,0.9692,-0.3273,1.0620,sell
2026-01-08,326.8324,33897700,342.7033,343.4629,321.1756,-0.0369,0.1458,0.1842,0.0613,0.2990,81.1077,0.0502,0.0755,0.0168,0.8351,0.0341,1.0690,buy
2026-01-09,344.8920,33387500,332.5591,345.6016,326.0029,0.0553,0.0941,0.2042,0.0991,0.3575,80.5170,0.0512,0.0756,0.0159,0.9052,-0.0151,1.0343,hold
2026-01-12,345.6716,23152600,340.3546,348.2701,339.1254,0.0023,0.1080,0.2150,0.0805,0.3479,78.2378,0.0508,0.0779,0.0147,0.8631,-0.3065,0.7125,sell
2026-01-13,337.9360,23881300,346.0713,351.0285,335.0277,-0.0224,-0.0154,0.1487,0.0421,0.3061,72.2040,0.0523,0.0789,0.0114,0.7845,0.0315,0.7372,hold
2026-01-14,333.1588,20277200,334.6479,338.9055,328.0117,-0.0141,-0.0183,0.1392,0.0146,0.2769,69.9566,0.0527,0.0773,0.0071,0.7316,-0.1509,0.6330,hold
2026-01-15,336.4369,25370200,345.1319,347.5705,336.0771,0.0098,0.0294,0.1795,0.0089,0.2794,68.3843,0.0510,0.0744,0.0039,0.7342,0.2512,0.7886,buy
2026-01-16,362.5419,47901900,352.8974,365.6001,351.8381,0.0776,0.0512,0.1501,0.0720,0.3637,74.3383,0.0463,0.0724,0.0056,0.9026,0.8881,1.4753,hold
2026-01-20,364.7906,49744900,364.4708,381.3411,361.1427,0.0062,0.0553,0.1693,0.0620,0.3591,73.0892,0.0455,0.0743,0.0063,0.8905,0.0385,1.5689,buy
2026-01-21,388.8868,56712800,372.6361,393.9739,366.5196,0.0661,0.1508,0.1330,0.1173,0.4328,77.5154,0.0395,0.0755,0.0094,1.0079,0.1401,1.8046,buy
2026-01-22,397.3519,39607600,396.4125,397.5518,376.7038,0.0218,0.1927,0.1709,0.1229,0.4469,81.7636,0.0385,0.0792,0.0116,0.9937,-0.3016,1.2432,hold
2026-01-23,399.4207,35404200,396.9322,412.1934,390.5159,0.0052,0.1872,0.2221,0.1061,0.4391,78.3355,0.0341,0.0825,0.0122,0.9496,-0.1061,1.0863,sell
2026-01-26,388.8668,29193900,395.2731,397.7717,384.0795,-0.0264,0.0726,0.1275,0.0639,0.3863,74.6729,0.0347,0.0846,0.0099,0.8402,-0.1754,0.8814,buy
2026-01-27,410.0047,36212100,404.3779,416.2111,399.3708,0.0544,0.1239,0.1861,0.1023,0.4447,72.9131,0.0368,0.0833,0.0099,0.9333,0.2404,1.0639,buy
2026-01-28,435.0303,42725700,422.1977,438.6882,416.7608,0.0610,0.1187,0.2873,0.1399,0.5117,78.6703,0.0361,0.0844,0.0123,1.0142,0.1799,1.2263,hold
2026-01-29,435.5400,42675700,439.1180,444.4549,417.4604,0.0012,0.0961,0.3073,0.1114,0.4939,85.1029,0.0345,0.0881,0.0128,0.9567,-0.0012,1.1913,sell
2026-01-30,414.6420,51022900,446.2139,455.2387,406.8964,-0.0480,0.0381,0.2325,0.0374,0.4055,72.1176,0.0419,0.0906,0.0092,0.8079,0.1956,1.3608,buy
2026-02-02,437.5489,37771200,411.9436,442.1762,409.7648,0.0552,0.1252,0.2069,0.0745,0.4624,75.5489,0.0391,0.0876,0.0084,0.9042,-0.2597,1.0139,sell
2026-02-03,419.1994,42763300,441.9063,442.0462,407.2962,-0.0419,0.0224,0.1492,0.0159,0.3832,71.3378,0.0437,0.0884,0.0045,0.7657,0.1322,1.1355,sell
2026-02-04,379.1823,58074900,410.3545,412.7631,363.6912,-0.0955,-0.1284,-0.0250,-0.0789,0.2366,60.1975,0.0517,0.0855,-0.0058,0.4955,0.3581,1.5232,hold
2026-02-05,382.6704,38899500,369.4080,390.7057,365.7901,0.0092,-0.1214,-0.0369,-0.0671,0.2339,60.2345,0.0513,0.0750,-0.0124,0.5044,-0.3302,1.0121,buy
2026-02-06,394.4636,37196000,377.7532,396.4225,372.6561,0.0308,-0.0487,-0.0124,-0.0372,0.2580,57.5444,0.0523,0.0669,-0.0143,0.5660,-0.0438,0.9637,sell
2026-02-09,383.2800,31009600,380.4716,391.5853,370.4674,-0.0284,-0.1240,-0.0144,-0.0632,0.2101,54.1927,0.0524,0.0610,-0.0180,0.4693,-0.1663,0.8059,sell
2026-02-10,373.0359,35433800,375.7743,382.5704,365.8500,-0.0267,-0.1101,-0.0902,-0.0800,0.1672,46.1646,0.0492,0.0535,-0.0221,0.3764,0.1427,0.9064,buy
2026-02-11,410.1046,48475000,395.1632,413.9224,386.3483,0.0994,0.0815,-0.0573,0.0177,0.2694,52.7105,0.0562,0.0488,-0.0160,0.6502,0.3680,1.2021,hold
2026-02-12,413.7325,45639100,422.0078,438.5183,410.9242,0.0088,0.0812,-0.0501,0.0323,0.2670,53.0219,0.0564,0.0486,-0.0125,0.6643,-0.0585,1.0973,hold
2026-02-13,411.4239,33807600,404.9576,420.6386,392.4847,-0.0056,0.0430,-0.0078,0.0274,0.2468,54.9346,0.0542,0.0480,-0.0107,0.6256,-0.2592,0.8047,sell
2026-02-17,399.5507,28549500,400.7200,413.4227,395.0732,-0.0289,0.0425,-0.0868,0.0073,0.1988,47.6164,0.0512,0.0458,-0.0117,0.4713,-0.1555,0.6955,buy
2026-02-18,420.7086,32306600,399.2708,427.6046,394.3737,0.0530,0.1278,0.0036,0.0602,0.2477,46.6759,0.0530,0.0444,-0.0082,0.7079,0.1316,0.8042,hold
2026-02-19,417.1106,21651300,415.5715,420.0789,407.5061,-0.0086,0.0171,0.1000,0.0412,0.2240,45.7830,0.0411,0.0442,-0.0071,0.6442,-0.3298,0.5635,buy
2026-02-20,427.9244,29894900,414.9418,430.3230,414.9118,0.0259,0.0343,0.1183,0.0563,0.2425,53.1863,0.0414,0.0442,-0.0046,0.7597,0.3807,0.7880,sell
2026-02-23,420.7285,25426600,422.0677,431.4524,415.0618,-0.0168,0.0226,0.0666,0.0318,0.2098,45.6361,0.0417,0.0440,-0.0046,0.6529,-0.1495,0.6792,hold
2026-02-24,417.7702,33389200,428.9738,436.0197,411.0441,-0.0070,0.0456,0.0900,0.0160,0.1907,49.5970,0.0402,0.0424,-0.0052,0.5992,0.3132,0.8869,buy
2026-02-25,428.7539,27296300,426.2553,436.6394,422.7573,0.0263,0.0191,0.1494,0.0287,0.2102,66.7138,0.0384,0.0415,-0.0039,0.7253,-0.1825,0.7338,sell
2026-02-26,415.3216,35433500,424.5963,433.7510,401.7294,-0.0313,-0.0043,0.0127,-0.0047,0.1609,60.3171,0.0268,0.0399,-0.0056,0.5690,0.2981,0.9619,hold
2026-02-27,412.1335,28653900,401.5795,417.7202,400.9499,-0.0077,-0.0369,-0.0039,-0.0120,0.1408,55.9044,0.0268,0.0368,-0.0072,0.5445,-0.1913,0.7930,hold
2026-03-02,412.4333,30049200,401.2397,417.3705,396.7723,0.0007,-0.0197,0.0025,-0.0115,0.1304,60.5057,0.0268,0.0338,-0.0082,0.5503,0.0487,0.8564,sell
2026-03-03,379.4622,39010900,386.3282,389.8662,374.3351,-0.0799,-0.0917,-0.0503,-0.0862,0.0313,51.9898,0.0362,0.0268,-0.0150,0.1237,0.2982,1.1099,buy
2026-03-04,400.5401,32644900,393.4142,407.6460,387.3876,0.0555,-0.0658,-0.0479,-0.0307,0.0796,46.7129,0.0367,0.0219,-0.0142,0.4355,-0.1632,0.9423,hold
2026-03-05,396.8222,29960100,398.3714,404.2980,380.0818,-0.0093,-0.0445,-0.0486,-0.0349,0.0621,44.1920,0.0367,0.0184,-0.0144,0.3616,-0.0822,0.9014,sell
2026-03-06,370.0876,34458800,379.9220,390.9556,367.2392,-0.0674,-0.1020,-0.1352,-0.0871,-0.0144,37.8424,0.0398,0.0106,-0.0197,-0.0017,0.1502,1.0438,buy
2026-03-09,389.0967,35547200,363.7512,389.7763,357.4648,0.0514,-0.0566,-0.0752,-0.0327,0.0300,47.0492,0.0448,0.0071,-0.0174,0.2760,0.0316,1.0794,buy
2026-03-10,402.8788,33745400,393.7840,415.0718,393.4142,0.0354,0.0617,-0.0356,0.0053,0.0600,44.7486,0.0467,0.0072,-0.0131,0.4544,-0.0507,1.0205,buy
2026-03-11,418.4498,30191400,410.5344,422.5075,405.5572,0.0386,0.0447,-0.0240,0.0469,0.0932,50.3685,0.0477,0.0101,-0.0076,0.6663,-0.1053,0.9203,sell
2026-03-12,405.1175,31720900,409.7648,413.4927,396.4424,-0.0319,0.0209,-0.0246,0.0161,0.0523,43.8110,0.0478,0.0103,-0.0064,0.4530,0.0507,0.9922,buy
2026-03-13,425.8856,39261000,413.5127,429.1037,412.7631,0.0513,0.1508,0.0334,0.0645,0.0986,51.3034,0.0505,0.0134,-0.0020,0.7732,0.2377,1.2405,buy
2026-03-16,441.5466,43067600,445.9041,454.5991,437.4989,0.0368,0.1348,0.0706,0.0957,0.1299,55.6468,0.0515,0.0184,0.0028,0.9505,0.0970,1.3411,buy
2026-03-17,461.4252,43017900,452.2804,462.4646,444.8847,0.0450,0.1453,0.2160,0.1222,0.1720,57.4448,0.0420,0.0249,0.0080,1.0834,-0.0012,1.3101,hold
2026-03-18,461.4651,58973700,464.4934,471.0696,458.0371,0.0001,0.1028,0.1521,0.1059,0.1633,61.1982,0.0405,0.0303,0.0108,0.9963,0.3709,1.7259,sell
2026-03-19,444.0151,74591900,424.7262,456.9577,420.8684,-0.0378,0.0960,0.1189,0.0522,0.1136,57.2362,0.0433,0.0325,0.0097,0.7838,0.2648,2.0260,sell
2026-03-20,422.6574,64224900,443.6654,448.8424,415.1217,-0.0481,-0.0076,0.1420,-0.0108,0.0557,52.1181,0.0397,0.0305,0.0053,0.5658,-0.1390,1.6667,sell
2026-03-23,404.1180,54807300,425.9055,444.0151,401.2896,-0.0439,-0.0848,0.0386,-0.0575,0.0055,55.4327,0.0411,0.0249,-0.0012,0.3823,-0.1466,1.3701,sell
2026-03-24,395.3031,44975100,401.0498,404.7477,388.6869,-0.0218,-0.1433,-0.0188,-0.0764,-0.0189,48.7802,0.0403,0.0177,-0.0071,0.3061,-0.1794,1.1083,sell
2026-03-25,381.8708,55328700,382.7803,388.6969,371.1670,-0.0340,-0.1725,-0.0874,-0.1001,-0.0540,46.6682,0.0389,0.0091,-0.0133,0.2028,0.2302,1.3179,sell
2026-03-26,355.2561,54515900,369.8077,374.0353,349.7992,-0.0697,-0.1999,-0.1231,-0.1528,-0.1206,46.6931,0.0430,-0.0041,-0.0225,0.0257,-0.0147,1.2697,hold
2026-03-27,357.0151,45806700,359.6535,368.4885,353.8569,0.0050,-0.1553,-0.1617,-0.1344,-0.1173,42.2509,0.0376,-0.0144,-0.0262,0.0977,-0.1598,1.0459,sell
2026-03-30,321.7505,73833200,362.6042,362.7542,318.3510,-0.0988,-0.2038,-0.2713,-0.1966,-0.2039,32.2464,0.0404,-0.0336,-0.0374,-0.0569,0.6118,1.6056,buy
2026-03-31,337.7881,73551800,321.6206,337.7881,311.4421,0.0498,-0.1455,-0.2679,-0.1297,-0.1632,32.3844,0.0415,-0.0410,-0.0356,0.0971,-0.0038,1.5416,buy
2026-04-01,367.7934,74429800,348.8563,377.8319,342.9472,0.0888,-0.0369,-0.2030,-0.0289,-0.0890,42.4022,0.0557,-0.0371,-0.0258,0.3065,0.0119,1.4946,hold
2026-04-02,366.1837,51498700,341.2875,366.8836,340.1477,-0.0044,0.0308,-0.1753,-0.0129,-0.0920,36.8187,0.0555,-0.0369,-0.0204,0.3091,-0.3081,1.0122,buy
2026-04-06,377.7019,41414900,373.7425,385.0208,370.5530,0.0315,0.0579,-0.1064,0.0306,-0.0625,35.6414,0.0564,-0.0325,-0.0133,0.3786,-0.1958,0.8085,hold
2026-04-07,377.5219,40224100,374.0725,379.1917,364.0440,-0.0005,0.1733,-0.0658,0.0377,-0.0620,29.2958,0.0551,-0.0297,-0.0083,0.3817,-0.0288,0.7817,buy
2026-04-08,406.6674,49216600,415.0662,415.9360,398.8187,0.0772,0.2039,0.0287,0.1143,0.0096,38.1763,0.0605,-0.0195,0.0003,0.5642,0.2236,0.9423,buy
2026-04-09,421.4452,43101000,407.5473,423.8748,398.3787,0.0363,0.1459,0.1036,0.1424,0.0457,45.0733,0.0596,-0.0097,0.0075,0.6559,-0.1243,0.8151,hold
2026-04-10,420.5253,36377600,420.2254,423.7948,409.9869,-0.0022,0.1484,0.1837,0.1201,0.0441,49.4890,0.0528,-0.0026,0.0117,0.6441,-0.1560,0.6849,hold
2026-04-13,426.4944,37015800,416.4060,426.8144,408.4372,0.0142,0.1292,0.1946,0.1153,0.0594,55.7068,0.0526,0.0041,0.0145,0.6810,0.0175,0.6984,buy
2026-04-14,465.5884,52534900,434.2832,465.7084,424.7947,0.0917,0.2333,0.4470,0.1734,0.1536,65.5273,0.0375,0.0151,0.0198,0.8999,0.4193,0.9825,sell
2026-04-15,456.1599,40370100,457.5596,463.8787,439.2524,-0.0203,0.1217,0.3504,0.1164,0.1292,66.7074,0.0414,0.0227,0.0220,0.8485,-0.2316,0.7568,hold
2026-04-16,457.1597,33626400,452.8903,462.2689,444.3117,0.0022,0.0847,0.2430,0.0949,0.1296,75.9021,0.0368,0.0283,0.0221,0.8588,-0.1670,0.6458,hold
2026-04-17,455.0000,33405000,466.7782,470.8976,452.1305,-0.0047,0.0820,0.2425,0.0670,0.1200,74.8554,0.0369,0.0322,0.0207,0.8365,-0.0066,0.6679,sell
2026-04-20,448.3510,32013600,458.1795,464.4885,435.8329,-0.0146,0.0512,0.1870,0.0343,0.1001,87.5682,0.0385,0.0341,0.0179,0.7813,-0.0417,0.6614,hold
2026-04-21,449.3109,27734000,451.2506,457.7496,441.2321,0.0021,-0.0350,0.1902,0.0196,0.0995,86.3464,0.0383,0.0349,0.0150,0.7651,-0.1337,0.5895,buy
2026-04-22,487.4051,45998100,462.8588,491.9044,458.4895,0.0848,0.0685,0.1985,0.0862,0.1867,87.0302,0.0397,0.0387,0.0163,0.9175,0.6585,0.9766,hold
2026-04-23,481.6459,38178000,482.2058,493.5441,471.7274,-0.0118,0.0536,0.1428,0.0591,0.1665,84.8503,0.0403,0.0429,0.0162,0.8448,-0.1700,0.8256,buy
2026-04-24,496.6436,35379600,495.8438,506.9120,489.2847,0.0311,0.0915,0.1810,0.0741,0.1978,85.1620,0.0401,0.0464,0.0164,0.8727,-0.0733,0.7813,buy
2026-04-27,524.4793,41298800,510.4815,531.2783,509.9415,0.0560,0.1698,0.2297,0.1108,0.2582,87.3387,0.0419,0.0512,0.0183,0.9414,0.1673,0.9165,sell
2026-04-28,504.2125,44816600,503.4626,518.7502,488.1549,-0.0386,0.1222,0.0830,0.0592,0.2042,75.9551,0.0378,0.0554,0.0169,0.8282,0.0852,1.0277,buy
2026-04-29,518.3803,36248500,525.9191,530.9384,508.7218,0.0281,0.0636,0.1364,0.0749,0.2311,75.8768,0.0367,0.0571,0.0157,0.8704,-0.1912,0.8684,hold
2026-04-30,517.0804,36554400,529.6585,535.4177,502.5027,-0.0025,0.0736,0.1311,0.0590,0.2224,75.7232,0.0369,0.0589,0.0139,0.8332,0.0084,0.9173,buy
2026-05-01,542.1266,40215300,511.7013,545.8260,510.1315,0.0484,0.0916,0.1915,0.0909,0.2741,77.9631,0.0379,0.0604,0.0140,0.9229,0.1001,1.0237,buy
2026-05-04,576.3614,46043700,560.5138,592.7089,557.6743,0.0631,0.0989,0.2855,0.1306,0.3451,77.4328,0.0384,0.0641,0.0164,1.0261,0.1449,1.1651,buy
2026-05-05,640.1016,64268500,609.6863,651.6398,605.3769,0.1106,0.2695,0.4246,0.2104,0.4788,85.8966,0.0455,0.0701,0.0217,1.1737,0.3958,1.5783,buy
2026-05-06,666.4875,55725800,660.2685,667.5673,627.4835,0.0412,0.2857,0.3674,0.2190,0.5222,87.1680,0.0424,0.0790,0.0260,1.1245,-0.1329,1.3577,sell
2026-05-07,646.5306,47527500,649.7301,682.9850,635.3223,-0.0299,0.2503,0.3423,0.1479,0.4621,81.9864,0.0448,0.0875,0.0263,0.9728,-0.1471,1.1517,buy
2026-05-08,746.6951,65130900,676.3460,747.0951,676.1060,0.1549,0.3773,0.5035,0.2694,0.6637,87.9660,0.0596,0.0898,0.0294,1.1361,0.3704,1.5252,buy
2026-05-11,795.2077,70972900,792.8580,818.5441,767.8819,0.0650,0.3797,0.5162,0.2924,0.7420,89.2652,0.0599,0.0985,0.0334,1.1126,0.0897,1.5984,sell
2026-05-12,766.4622,73743000,774.5809,782.6397,706.4913,-0.0361,0.1974,0.5201,0.1947,0.6534,82.3647,0.0595,0.1095,0.0336,0.9628,0.0390,1.6221,buy
2026-05-13,803.5064,54875100,813.0349,814.8247,779.3501,0.0483,0.2056,0.5500,0.1992,0.7022,84.8033,0.0592,0.1125,0.0321,0.9662,-0.2559,1.1881,sell
2026-05-14,775.8907,42142700,787.4989,811.8751,775.5107,-0.0344,0.2001,0.5005,0.1149,0.6179,79.3934,0.0629,0.1188,0.0284,0.8638,-0.2320,0.9041,sell
2026-05-15,724.5485,48519000,732.4573,749.4747,718.8894,-0.0662,-0.0297,0.3365,0.0145,0.4905,70.0662,0.0717,0.1220,0.0202,0.7374,0.1513,1.0243,sell
2026-05-18,681.4352,60042500,750.3446,756.8836,663.1480,-0.0595,-0.1431,0.1823,-0.0597,0.3841,66.9959,0.0760,0.1189,0.0085,0.6331,0.2375,1.2311,buy
2026-05-19,698.6326,61792100,665.4777,725.8384,652.1098,0.0252,-0.0885,0.0914,-0.0437,0.4014,67.1865,0.0691,0.1084,0.0006,0.6497,0.0291,1.2242,buy
2026-05-20,731.8774,48827400,734.8470,735.5669,700.5522,0.0476,-0.0891,0.0981,-0.0071,0.4490,69.3043,0.0695,0.1002,-0.0022,0.7005,-0.2098,0.9647,buy
2026-05-21,761.9828,42461500,736.2468,764.7824,732.0874,0.0411,-0.0179,0.1786,0.0178,0.4883,69.5809,0.0684,0.0958,-0.0020,0.7443,-0.1304,0.8354,hold
2026-05-22,750.8845,36002900,756.7036,780.0800,747.0851,-0.0146,0.0363,0.0056,0.0025,0.4471,66.2116,0.0492,0.0947,-0.0037,0.6983,-0.1521,0.7079,buy
2026-05-26,895.7422,76560800,820.3738,916.6590,820.1739,0.1929,0.3145,0.1264,0.1800,0.6956,70.6367,0.0765,0.0896,0.0057,0.9758,1.1265,1.4549,buy
2026-05-27,928.2672,72295700,955.5130,956.0129,888.0135,0.0363,0.3287,0.2111,0.1973,0.7253,70.9248,0.0746,0.0961,0.0121,0.9853,-0.0557,1.3389,hold
2026-05-28,923.3780,49694300,929.6870,949.3440,904.6409,-0.0053,0.2617,0.1492,0.1729,0.6873,72.6755,0.0744,0.1026,0.0146,0.9281,-0.3126,0.9090,buy
2026-05-29,970.8507,60498600,956.8529,980.8492,940.3654,0.0514,0.2741,0.2513,0.2034,0.7416,70.0941,0.0728,0.1049,0.0169,0.9791,0.2174,1.0829,buy
2026-06-01,1035.3408,46552100,1009.5648,1046.8090,1009.3448,0.0664,0.3788,0.4289,0.2357,0.8187,70.9269,0.0662,0.1075,0.0200,1.0399,-0.2305,0.8286,buy
2026-06-02,1063.9363,47555400,1049.8385,1076.3944,1017.0435,0.0276,0.1878,0.5613,0.2144,0.8277,75.9308,0.0570,0.1126,0.0220,1.0199,0.0216,0.8453,hold
2026-06-03,1079.4039,40324200,1078.8441,1089.1225,1038.3403,0.0145,0.1628,0.5450,0.1808,0.8123,74.9900,0.0575,0.1170,0.0221,0.9751,-0.1521,0.7323,sell
2026-06-04,995.8469,54917200,1006.9451,1036.2107,971.5306,-0.0774,0.0785,0.3607,0.0588,0.6389,68.0898,0.0694,0.1238,0.0168,0.7901,0.3619,0.9981,sell
2026-06-05,863.8771,77250500,944.2548,961.7421,863.8771,-0.1325,-0.1102,0.1337,-0.0914,0.3995,60.1170,0.0868,0.1262,0.0022,0.5278,0.4067,1.3671,buy
2026-06-08,949.1340,54097800,938.1257,962.8019,916.3590,0.0987,-0.0833,0.2640,-0.0221,0.5086,68.3173,0.0897,0.1089,-0.0031,0.6758,-0.2997,0.9668,hold
2026-06-09,935.7461,73448600,988.0280,988.9979,854.2186,-0.0141,-0.1205,0.0447,-0.0398,0.4605,66.3095,0.0687,0.1034,-0.0082,0.6355,0.3577,1.3097,sell
2026-06-10,891.7429,55712600,904.9908,957.3327,883.1142,-0.0470,-0.1739,-0.0393,-0.0816,0.3675,60.8357,0.0697,0.0974,-0.0157,0.5373,-0.2415,1.0097,buy
2026-06-11,995.7169,59418900,904.2309,996.6167,895.3623,0.1166,-0.0001,0.0783,0.0179,0.4967,64.4006,0.0791,0.0869,-0.0116,0.7229,0.0665,1.0724,hold
2026-06-12,981.4590,40785200,971.6606,1012.4643,960.0424,-0.0143,0.1361,0.0109,0.0023,0.4486,64.1508,0.0780,0.0856,-0.0114,0.6756,-0.3136,0.7370,buy
2026-06-15,1087.8226,44994600,1055.7276,1097.3012,1051.3383,0.1084,0.1461,0.0507,0.1050,0.5721,62.3730,0.0827,0.0824,-0.0041,0.8489,0.1032,0.8157,sell
2026-06-16,1020.6030,45499800,1099.5308,1110.2293,1019.8431,-0.0618,0.0907,-0.0407,0.0413,0.4480,55.6934,0.0852,0.0859,-0.0050,0.6985,0.0112,0.8359,hold
2026-06-17,1043.0295,46149200,1061.1369,1093.5019,1013.9841,0.0220,0.1697,-0.0337,0.0681,0.4524,57.2215,0.0853,0.0833,-0.0045,0.7309,0.0143,0.8602,buy
2026-06-18,1133.8156,64642500,1107.8995,1149.2532,1092.6219,0.0870,0.1387,0.1385,0.1449,0.5475,59.3469,0.0846,0.0817,0.0007,0.9161,0.4007,1.1873,buy
2026-06-22,1211.1937,53140800,1196.0360,1213.3734,1168.3903,0.0682,0.2341,0.4020,0.1816,0.6182,59.9392,0.0675,0.0843,0.0068,1.0396,-0.1779,0.9666,sell
2026-06-23,1051.6083,60243300,1079.8339,1124.8270,1038.3403,-0.1318,-0.0333,0.1080,0.0158,0.3817,49.3931,0.0817,0.0910,0.0014,0.6385,0.1337,1.0722,hold
2026-06-24,1048.3488,68935700,1082.0535,1083.1533,990.9476,-0.0031,0.0272,0.1203,0.0017,0.3553,48.4525,0.0814,0.0852,-0.0038,0.6116,0.1443,1.2352,buy
2026-06-25,1213.3734,82143900,1232.8104,1254.8070,1136.1353,0.1574,0.1633,0.3607,0.1249,0.5388,60.0253,0.0895,0.0795,0.0021,1.0037,0.1916,1.4590,sell
2026-06-26,1132.1559,86405300,1138.9048,1198.5257,1121.1876,-0.0669,-0.0015,0.1370,0.0364,0.4116,62.9711,0.0897,0.0835,0.0004,0.7596,0.0519,1.4863,hold
2026-06-29,1145.1039,60694100,1128.5264,1148.6134,1023.4926,0.0114,-0.0546,0.1667,0.0328,0.4037,60.1873,0.0891,0.0811,-0.0008,0.7658,-0.2976,1.0438,hold
2026-06-30,1154.1125,42152600,1144.5540,1168.5004,1124.4871,0.0079,0.0975,0.0609,0.0348,0.3909,61.4035,0.0834,0.0791,-0.0017,0.7653,-0.3055,0.7277,sell
2026-07-01,1032.1213,51328100,1081.8437,1096.8314,1032.0413,-0.1057,-0.0155,0.0113,-0.0756,0.2266,56.7787,0.0885,0.0768,-0.0109,0.4588,0.2177,0.8832,sell
2026-07-02,975.4100,61316900,1041.3398,1064.4763,950.1339,-0.0549,-0.1961,-0.0648,-0.1210,0.1449,48.9725,0.0902,0.0661,-0.0214,0.3294,0.1946,1.0364,hold
2026-07-06,984.7500,37115800,1007.0000,1019.0000,980.8500,0.0096,-0.1302,-0.1315,-0.1005,0.1425,50.1673,0.0847,0.0537,-0.0264,0.3548,-0.3947,0.6369,sell
2026-07-07,938.3800,52367500,923.0100,942.0200,891.6600,-0.0471,-0.1805,-0.2252,-0.1210,0.0773,41.9069,0.0805,0.0420,-0.0336,0.2122,0.4109,0.9183,hold
2026-07-08,948.8000,42979000,902.6400,959.0000,900.4100,0.0111,-0.1779,-0.0978,-0.1026,0.0781,45.8566,0.0711,0.0309,-0.0351,0.2401,-0.1793,0.7610,buy
2026-07-09,991.6400,41110700,1016.5100,1035.5000,987.1300,0.0452,-0.0392,-0.0541,-0.0570,0.1149,47.1028,0.0730,0.0247,-0.0308,0.3424,-0.0435,0.7494,hold
2026-07-10,979.3000,31768100,964.9800,998.0000,954.1300,-0.0124,0.0040,-0.1929,-0.0475,0.0894,40.4435,0.0464,0.0198,-0.0291,0.2820,-0.2273,0.5920,sell
2026-07-13,937.0000,35536200,929.0000,943.5000,902.6000,-0.0432,-0.0485,-0.1724,-0.0710,0.0327,32.2725,0.0443,0.0127,-0.0307,0.1778,0.1186,0.6773,buy
2026-07-14,983.1200,30835200,988.3800,994.8000,950.0700,0.0492,0.0477,-0.1415,-0.0094,0.0726,44.8106,0.0485,0.0096,-0.0254,0.3084,-0.1323,0.5934,sell
2026-07-15,904.2800,54779200,975.8100,978.4000,873.6300,-0.0802,-0.0469,-0.2165,-0.0653,-0.0212,40.2057,0.0520,0.0014,-0.0294,0.1327,0.7765,1.0443,sell
2026-07-16,853.2000,46718000,866.7700,887.7100,840.5100,-0.0565,-0.1396,-0.1734,-0.1015,-0.0820,21.0251,0.0451,-0.0109,-0.0348,0.0608,-0.1472,0.8896,hold
2026-07-17,848.9500,63346300,822.5300,903.9600,804.0000,-0.0050,-0.1331,-0.1296,-0.0939,-0.0906,23.9968,0.0433,-0.0210,-0.0360,0.1046,0.3559,1.1868,buy
2026-07-20,865.4600,37705200,885.5700,901.0000,858.9000,0.0194,-0.0764,-0.1211,-0.0644,-0.0769,24.4907,0.0440,-0.0266,-0.0330,0.1787,-0.4048,0.7247,buy
2026-07-21,970.8200,49369000,925.3500,982.8800,916.5700,0.1217,-0.0125,0.0346,0.0459,0.0284,35.7796,0.0589,-0.0189,-0.0197,0.4337,0.3093,0.9523,hold
2026-07-22,959.4800,31588600,938.2500,982.6200,936.0600,-0.0117,0.0610,0.0113,0.0324,0.0118,43.1961,0.0591,-0.0161,-0.0135,0.4169,-0.3602,0.6266,buy
2026-07-23,990.2100,40196300,975.1300,1011.7700,964.4000,0.0320,0.1606,-0.0014,0.0657,0.0399,51.4572,0.0581,-0.0106,-0.0065,0.4996,0.2725,0.8208,sell
