date,close,volume,open,high,low,return_1d,return_5d,return_10d,price_vs_ma10,price_vs_ma50,rsi_14,volatility_10d,macd_norm,macd_hist_norm,bb_position,volume_change,volume_vs_avg20,label
2021-09-10,150.8500,4252100,151.4586,152.7588,150.7117,0.0015,-0.0005,-0.0183,-0.0038,-0.0114,38.3410,0.0097,-0.0071,-0.0044,0.2654,-0.4947,0.9090,sell
2021-09-13,147.0970,8814500,148.9781,150.2322,145.9996,-0.0249,-0.0231,-0.0481,-0.0238,-0.0362,23.8518,0.0117,-0.0092,-0.0052,0.0220,1.0730,1.7734,sell
2021-09-14,146.3962,5323900,146.7743,146.9771,144.8378,-0.0048,-0.0239,-0.0552,-0.0229,-0.0407,21.9056,0.0114,-0.0111,-0.0056,0.0234,-0.3960,1.0521,sell
2021-09-15,145.6124,6827100,145.2343,145.9905,143.5468,-0.0054,-0.0174,-0.0415,-0.0240,-0.0456,21.1347,0.0103,-0.0129,-0.0059,0.0300,0.2823,1.3075,hold
2021-09-16,145.3265,5085900,145.3173,146.6267,144.9576,-0.0020,-0.0351,-0.0423,-0.0217,-0.0472,24.2675,0.0103,-0.0143,-0.0059,0.0718,-0.2550,0.9778,sell
2021-09-17,144.2384,7944800,145.6585,148.4617,143.9157,-0.0075,-0.0438,-0.0443,-0.0247,-0.0539,18.6867,0.0103,-0.0159,-0.0059,0.0649,0.5621,1.5186,sell
2021-09-20,142.2374,7041200,141.7579,143.1779,140.4577,-0.0139,-0.0330,-0.0554,-0.0328,-0.0663,14.7389,0.0107,-0.0183,-0.0065,0.0213,-0.1137,1.3083,buy
2021-09-21,142.9474,5857900,143.0120,143.9710,141.6196,0.0050,-0.0236,-0.0469,-0.0233,-0.0609,21.4453,0.0112,-0.0193,-0.0061,0.1089,-0.1681,1.0680,buy
2021-09-22,145.1790,6844800,144.5796,145.6954,143.4823,0.0156,-0.0030,-0.0203,-0.0060,-0.0458,31.5163,0.0126,-0.0184,-0.0043,0.2594,0.1685,1.2071,buy
2021-09-23,147.1523,11981500,146.3500,147.8070,145.9443,0.0136,0.0126,-0.0230,0.0099,-0.0326,40.0293,0.0121,-0.0164,-0.0020,0.3978,0.7505,1.9580,sell
2021-09-24,137.9403,26913300,139.2774,140.0243,136.4741,-0.0626,-0.0437,-0.0856,-0.0448,-0.0919,27.2576,0.0225,-0.0211,-0.0046,-0.0787,1.2462,3.7063,sell
2021-09-27,136.5110,11479300,137.8665,138.2354,135.8194,-0.0104,-0.0403,-0.0720,-0.0477,-0.1000,26.4668,0.0218,-0.0249,-0.0065,-0.0565,-0.5735,1.4938,sell
2021-09-28,133.9844,10692300,135.8655,136.0407,133.7077,-0.0185,-0.0627,-0.0848,-0.0572,-0.1153,25.7932,0.0220,-0.0293,-0.0085,-0.0793,-0.0686,1.3295,hold
2021-09-29,134.6483,7794900,134.3625,136.4188,134.3440,0.0050,-0.0725,-0.0753,-0.0452,-0.1095,21.0563,0.0224,-0.0316,-0.0087,0.0294,-0.2710,0.9677,hold
2021-09-30,133.9199,10133600,134.5192,135.9946,133.1729,-0.0054,-0.0899,-0.0785,-0.0426,-0.1126,19.8622,0.0224,-0.0337,-0.0086,0.0605,0.3000,1.2170,buy
2021-10-01,135.6073,8112300,133.9106,136.4741,133.1268,0.0126,-0.0169,-0.0598,-0.0245,-0.0996,27.9235,0.0233,-0.0334,-0.0069,0.1696,-0.1995,0.9543,hold
2021-10-04,135.6811,7951000,135.6073,136.1237,134.4085,0.0005,-0.0061,-0.0461,-0.0193,-0.0971,28.9034,0.0232,-0.0331,-0.0053,0.2037,-0.0199,0.9155,buy
2021-10-05,137.8204,10881900,136.4741,139.2405,136.3081,0.0158,0.0286,-0.0359,-0.0002,-0.0811,35.4361,0.0239,-0.0307,-0.0027,0.3145,0.3686,1.2163,hold
2021-10-06,137.2118,7610700,136.4741,137.8204,136.0223,-0.0044,0.0190,-0.0549,0.0012,-0.0834,35.0137,0.0230,-0.0294,-0.0010,0.3089,-0.3006,0.8458,buy
2021-10-07,140.0243,7958000,138.5950,141.6933,138.5581,0.0205,0.0456,-0.0484,0.0271,-0.0631,42.6833,0.0237,-0.0258,0.0017,0.4527,0.0456,0.8867,hold
2021-10-08,140.6052,6333700,140.3655,140.9648,138.9362,0.0041,0.0369,0.0193,0.0293,-0.0575,47.0192,0.0122,-0.0227,0.0037,0.5052,-0.2041,0.6976,sell
2021-10-11,138.5765,5551200,140.1533,141.6287,138.3736,-0.0144,0.0213,0.0151,0.0129,-0.0692,42.3842,0.0127,-0.0215,0.0042,0.4160,-0.1235,0.6226,buy
2021-10-12,141.4075,7408600,140.5499,141.6380,139.5171,0.0204,0.0260,0.0554,0.0280,-0.0484,43.5631,0.0118,-0.0181,0.0057,0.5929,0.3346,0.8213,buy
2021-10-13,144.1278,8456300,142.3020,144.4689,141.2323,0.0192,0.0504,0.0704,0.0406,-0.0283,44.9663,0.0125,-0.0138,0.0077,0.7634,0.1414,0.9291,buy
2021-10-14,144.9023,6024500,145.8613,146.1195,144.0816,0.0054,0.0348,0.0820,0.0380,-0.0213,66.1117,0.0118,-0.0100,0.0090,0.8136,-0.2876,0.6585,buy
2021-10-15,145.7045,5532100,145.5109,145.9996,144.3675,0.0055,0.0363,0.0745,0.0363,-0.0140,71.9119,0.0117,-0.0065,0.0099,0.8496,-0.0817,0.6128,buy
2021-10-18,147.0140,5765300,145.0591,147.0509,143.8050,0.0090,0.0609,0.0835,0.0372,-0.0035,82.9677,0.0115,-0.0030,0.0106,0.8881,0.0422,0.6432,sell
2021-10-19,145.5294,6198200,147.2445,147.4751,144.5888,-0.0101,0.0291,0.0559,0.0212,-0.0119,76.4337,0.0124,-0.0011,0.0102,0.7902,0.0751,0.6901,buy
2021-10-20,146.1103,4487000,146.1564,146.4330,145.0683,0.0040,0.0138,0.0649,0.0189,-0.0062,79.8285,0.0120,0.0007,0.0096,0.8153,-0.2761,0.5062,buy
2021-10-21,149.5498,6121700,146.1103,149.6973,145.9535,0.0235,0.0321,0.0680,0.0360,0.0183,81.4215,0.0124,0.0040,0.0101,0.9715,0.3643,0.7143,buy
2021-10-22,150.7486,5323000,149.6420,151.7998,149.6420,0.0080,0.0346,0.0721,0.0370,0.0273,82.3181,0.0124,0.0071,0.0105,0.9550,-0.1305,0.7106,buy
2021-10-25,151.4310,3878200,150.5180,151.9012,149.9924,0.0045,0.0300,0.0928,0.0326,0.0329,81.1393,0.0099,0.0097,0.0105,0.9229,-0.2714,0.5454,hold
2021-10-26,151.0344,4711200,151.9842,152.5652,150.4166,-0.0026,0.0378,0.0681,0.0232,0.0313,81.9344,0.0096,0.0116,0.0099,0.8649,0.2148,0.6916,sell
2021-10-27,149.7066,4163900,150.9054,151.2834,149.0703,-0.0088,0.0246,0.0387,0.0103,0.0232,74.0166,0.0096,0.0122,0.0084,0.7803,-0.1162,0.6280,buy
2021-10-28,151.6523,3762000,150.3152,151.7813,150.1307,0.0130,0.0141,0.0466,0.0188,0.0371,75.6642,0.0100,0.0134,0.0077,0.8367,-0.0965,0.5961,buy
2021-10-29,154.2618,6740600,150.3613,154.5754,150.3059,0.0172,0.0233,0.0587,0.0304,0.0547,85.4821,0.0108,0.0154,0.0079,0.9095,0.7918,1.0797,sell
2021-11-01,153.3766,3610800,154.7321,155.6542,152.9709,-0.0057,0.0128,0.0433,0.0202,0.0488,79.6891,0.0113,0.0166,0.0072,0.8411,-0.4643,0.5992,buy
2021-11-02,154.7598,5038000,153.7731,155.0641,153.1738,0.0090,0.0247,0.0634,0.0231,0.0584,78.2461,0.0102,0.0179,0.0068,0.8680,0.3953,0.8787,buy
2021-11-03,159.0661,7176700,155.8387,159.4073,155.5159,0.0278,0.0625,0.0887,0.0427,0.0875,81.6834,0.0122,0.0204,0.0078,1.0040,0.4245,1.2564,buy
2021-11-04,161.7771,5460100,158.7987,161.9524,158.6050,0.0170,0.0668,0.0818,0.0520,0.1052,83.1245,0.0115,0.0235,0.0088,1.0319,-0.2392,0.9773,buy
2021-11-05,163.6860,5892200,162.0446,165.1522,161.8325,0.0118,0.0611,0.0858,0.0555,0.1167,83.5313,0.0115,0.0266,0.0097,1.0209,0.0791,1.0588,sell
2021-11-08,158.4668,8301100,162.6163,162.7915,157.0928,-0.0319,0.0332,0.0465,0.0173,0.0805,72.6217,0.0172,0.0272,0.0078,0.7974,0.4088,1.4557,buy
2021-11-09,160.2833,4343000,157.9135,160.3847,157.6368,0.0115,0.0357,0.0612,0.0228,0.0921,73.7558,0.0171,0.0273,0.0065,0.8409,-0.4768,0.7826,sell
2021-11-10,155.1563,8185200,157.8950,158.7618,154.5016,-0.0320,-0.0246,0.0364,-0.0133,0.0567,58.8941,0.0206,0.0256,0.0033,0.6077,0.8847,1.4786,sell
2021-11-11,153.9668,4994900,156.3920,156.3920,153.6533,-0.0077,-0.0483,0.0153,-0.0223,0.0483,55.1069,0.0206,0.0228,0.0002,0.5373,-0.3898,0.9108,buy
2021-11-12,155.9217,5126300,154.4555,156.4657,154.3633,0.0127,-0.0474,0.0108,-0.0109,0.0609,56.8495,0.0203,0.0209,-0.0011,0.6099,0.0263,0.9382,hold
2021-11-15,155.7004,3856700,156.4842,157.0928,155.3961,-0.0014,-0.0175,0.0152,-0.0138,0.0587,57.1550,0.0201,0.0194,-0.0021,0.5816,-0.2477,0.7184,buy
2021-11-16,158.4483,4401000,156.0692,160.4493,156.0692,0.0176,-0.0114,0.0238,0.0013,0.0761,62.8455,0.0207,0.0190,-0.0017,0.7041,0.1411,0.8337,hold
2021-11-17,158.3653,3940200,158.2362,159.2874,156.9913,-0.0005,0.0207,-0.0044,0.0012,0.0741,60.4358,0.0187,0.0187,-0.0016,0.6827,-0.1047,0.7503,hold
2021-11-18,158.0057,4044200,158.9093,159.9513,157.0928,-0.0023,0.0262,-0.0233,0.0013,0.0705,56.2577,0.0176,0.0181,-0.0018,0.6420,0.0264,0.7857,buy
2021-11-19,161.2608,6145600,158.7434,163.4001,157.2495,0.0206,0.0342,-0.0148,0.0235,0.0911,62.2108,0.0186,0.0187,-0.0007,0.8175,0.5196,1.1844,hold
2021-11-22,160.6706,5906400,161.3530,163.9073,160.6614,-0.0037,0.0319,0.0139,0.0183,0.0851,59.3850,0.0153,0.0190,-0.0004,0.7540,-0.0389,1.1165,sell
2021-11-23,158.7434,5302100,159.5733,159.9237,157.1389,-0.0120,0.0019,-0.0096,0.0071,0.0703,49.4457,0.0154,0.0182,-0.0011,0.6096,-0.1023,0.9967,hold
2021-11-24,158.6327,4637600,155.3684,159.0016,154.6123,-0.0007,0.0017,0.0224,0.0042,0.0676,44.0696,0.0109,0.0171,-0.0017,0.5810,-0.1253,0.8679,sell
2021-11-26,154.9350,4751100,154.9719,156.4657,154.4924,-0.0233,-0.0194,0.0063,-0.0198,0.0414,34.5389,0.0133,0.0146,-0.0038,0.2557,0.0245,0.8810,buy
2021-11-29,156.6409,5448700,156.6041,157.8212,156.0508,0.0110,-0.0286,0.0046,-0.0095,0.0511,46.3169,0.0132,0.0129,-0.0043,0.3882,0.1468,1.0226,hold
2021-11-30,156.0600,11033700,155.6450,158.1901,154.4832,-0.0037,-0.0287,0.0023,-0.0134,0.0453,41.0337,0.0132,0.0112,-0.0048,0.3132,1.0250,1.9360,sell
2021-12-01,153.7178,6618200,157.5815,159.8684,153.6994,-0.0150,-0.0317,-0.0299,-0.0253,0.0281,46.5365,0.0125,0.0087,-0.0060,0.1072,-0.4002,1.1454,buy
2021-12-02,156.7608,4398900,154.2526,157.2679,153.9944,0.0198,-0.0118,-0.0101,-0.0050,0.0468,56.1760,0.0144,0.0079,-0.0052,0.3986,-0.3353,0.7800,hold
2021-12-03,157.2643,4878500,157.6153,158.9548,154.0495,0.0032,0.0150,-0.0047,-0.0013,0.0488,53.1712,0.0145,0.0076,-0.0044,0.4637,0.1090,0.8696,sell
2021-12-06,156.0357,5636900,157.8093,158.1604,155.2505,-0.0078,-0.0039,-0.0324,-0.0058,0.0381,50.7560,0.0126,0.0067,-0.0043,0.3575,0.1555,1.0070,buy
2021-12-07,158.2342,5898700,158.0679,160.1372,157.4121,0.0141,0.0139,-0.0152,0.0098,0.0497,49.5050,0.0137,0.0069,-0.0032,0.6168,0.0464,1.0769,sell
2021-12-08,157.2735,5614400,158.1696,158.6961,156.8948,-0.0061,0.0231,-0.0093,0.0046,0.0401,47.5743,0.0133,0.0066,-0.0028,0.5229,-0.0482,1.0133,sell
2021-12-09,155.2874,5171600,156.3866,158.1233,155.1857,-0.0126,-0.0094,-0.0211,-0.0060,0.0242,44.3675,0.0138,0.0053,-0.0034,0.2736,-0.0789,0.9594,buy
2021-12-10,156.1742,4791100,155.6569,157.2643,154.5761,0.0057,-0.0069,0.0080,-0.0011,0.0270,38.3132,0.0118,0.0046,-0.0032,0.3622,-0.0736,0.8905,sell
2021-12-13,154.1234,5972300,155.9433,156.4791,152.6639,-0.0131,-0.0123,-0.0161,-0.0126,0.0111,35.9035,0.0119,0.0030,-0.0039,0.1216,0.2465,1.1014,sell
2021-12-14,152.7931,4872200,153.6153,154.3451,151.6939,-0.0086,-0.0344,-0.0209,-0.0191,0.0001,36.8508,0.0121,0.0010,-0.0048,0.0216,-0.1842,0.8902,sell
2021-12-15,151.4075,7144600,152.4237,153.0426,149.4861,-0.0091,-0.0373,-0.0150,-0.0265,-0.0107,34.8850,0.0115,-0.0013,-0.0058,-0.0253,0.4664,1.2735,sell
2021-12-16,150.3175,7138100,150.2990,153.2920,150.1419,-0.0072,-0.0320,-0.0411,-0.0295,-0.0195,39.1572,0.0089,-0.0038,-0.0066,-0.0244,-0.0009,1.2371,sell
2021-12-17,149.0611,7705100,149.3105,150.4468,148.3129,-0.0084,-0.0455,-0.0522,-0.0325,-0.0289,31.8173,0.0085,-0.0063,-0.0073,-0.0244,0.0794,1.2943,sell
2021-12-20,145.0149,8411900,147.1950,147.4352,143.6200,-0.0271,-0.0591,-0.0706,-0.0520,-0.0558,27.2817,0.0110,-0.0107,-0.0094,-0.1635,0.0917,1.3866,buy
2021-12-21,153.9294,13862900,153.9849,158.1419,152.1558,0.0615,0.0074,-0.0272,0.0091,0.0003,50.3426,0.0239,-0.0084,-0.0058,0.4507,0.6480,2.1445,hold
2021-12-22,152.8301,5811300,154.4929,156.1188,151.5830,-0.0071,0.0094,-0.0283,0.0048,-0.0084,43.2084,0.0239,-0.0077,-0.0040,0.3895,-0.5808,0.8954,hold
2021-12-23,153.0426,3876900,153.5784,154.4190,152.8301,0.0014,0.0181,-0.0145,0.0077,-0.0081,42.6314,0.0237,-0.0068,-0.0025,0.4225,-0.3329,0.6009,buy
2021-12-27,154.8071,3769300,153.8278,154.9087,152.8671,0.0115,0.0385,-0.0088,0.0203,0.0020,47.8949,0.0239,-0.0051,-0.0007,0.5594,-0.0278,0.5887,hold
2021-12-28,153.7354,2658600,155.0102,155.4259,153.6246,-0.0069,0.0601,-0.0025,0.0135,-0.0059,41.9823,0.0236,-0.0044,0.0001,0.4875,-0.2947,0.4245,buy
2021-12-29,155.9155,3830900,154.3359,156.8578,153.9017,0.0142,0.0129,0.0204,0.0257,0.0070,47.6806,0.0238,-0.0025,0.0015,0.6601,0.4409,0.6490,sell
2021-12-30,154.7239,2666800,155.4814,157.1534,154.4560,-0.0076,0.0124,0.0219,0.0157,-0.0019,49.0108,0.0237,-0.0017,0.0019,0.5620,-0.3039,0.4674,hold
2021-12-31,153.9664,2752000,154.7885,154.9363,153.5414,-0.0049,0.0060,0.0243,0.0083,-0.0078,46.1063,0.0236,-0.0015,0.0017,0.5137,0.0319,0.4894,sell
2022-01-03,152.1188,5670500,154.7608,155.1119,150.8625,-0.0120,-0.0174,0.0205,-0.0058,-0.0200,46.4391,0.0239,-0.0022,0.0008,0.3821,1.0605,1.0014,buy
2022-01-04,153.7077,6064200,153.2366,154.4375,152.4237,0.0104,-0.0002,0.0599,-0.0011,-0.0102,51.6098,0.0216,-0.0019,0.0008,0.5241,0.0694,1.0669,sell
2022-01-05,149.8833,5021000,153.8001,154.2805,149.7447,-0.0249,-0.0387,-0.0263,-0.0234,-0.0346,47.5292,0.0121,-0.0038,-0.0007,0.2240,-0.1720,0.8902,sell
2022-01-06,148.7655,4144600,149.7355,150.7516,146.9364,-0.0075,-0.0385,-0.0266,-0.0281,-0.0415,47.4865,0.0121,-0.0058,-0.0022,0.1584,-0.1745,0.7445,sell
2022-01-07,145.0058,5108000,148.5161,148.8579,144.9041,-0.0253,-0.0582,-0.0525,-0.0477,-0.0652,43.9248,0.0139,-0.0095,-0.0046,-0.0540,0.2324,0.9181,sell
2022-01-10,138.9734,10439000,139.0473,139.7956,137.4399,-0.0416,-0.0864,-0.1023,-0.0777,-0.1026,41.4577,0.0167,-0.0162,-0.0089,-0.2309,1.0437,1.7857,hold
2022-01-11,138.8441,8175400,139.0104,139.3429,136.3499,-0.0009,-0.0967,-0.0969,-0.0693,-0.1016,21.6199,0.0169,-0.0210,-0.0110,-0.0859,-0.2168,1.3726,buy
2022-01-12,140.6085,6351200,140.5346,141.7632,139.2505,0.0127,-0.0619,-0.0982,-0.0478,-0.0887,27.5687,0.0167,-0.0232,-0.0107,0.0710,-0.2231,1.0532,sell
2022-01-13,138.1882,4990900,141.5231,141.8926,137.6617,-0.0172,-0.0711,-0.1069,-0.0535,-0.1025,24.7805,0.0168,-0.0268,-0.0112,0.0388,-0.2142,0.8427,sell
2022-01-14,136.8857,6030500,137.0797,137.4954,135.6571,-0.0094,-0.0560,-0.1109,-0.0514,-0.1084,19.0886,0.0167,-0.0299,-0.0113,0.0564,0.2083,1.0279,sell
2022-01-18,135.7495,6931000,136.7748,137.4862,135.1490,-0.0083,-0.0232,-0.1076,-0.0484,-0.1128,19.0461,0.0167,-0.0328,-0.0113,0.0766,0.1493,1.1892,sell
2022-01-19,134.0497,4823800,136.4977,137.7356,133.9665,-0.0125,-0.0345,-0.1279,-0.0472,-0.1205,11.7362,0.0149,-0.0359,-0.0113,0.0734,-0.3040,0.8539,sell
2022-01-20,131.8511,5366500,134.3730,136.1467,131.6386,-0.0164,-0.0623,-0.1203,-0.0507,-0.1319,11.3367,0.0144,-0.0396,-0.0116,0.0690,0.1125,1.0273,hold
2022-01-21,132.0543,7553400,133.3199,135.2044,131.9620,0.0015,-0.0444,-0.1123,-0.0377,-0.1273,12.2533,0.0150,-0.0414,-0.0108,0.1250,0.4075,1.4222,buy
2022-01-24,134.8719,9733200,130.0775,135.1582,128.9227,0.0213,-0.0147,-0.0699,-0.0098,-0.1063,21.2504,0.0174,-0.0398,-0.0079,0.2342,0.2886,1.7368,hold
2022-01-25,134.3915,8195400,133.9203,136.6824,131.6478,-0.0036,-0.0100,-0.0330,-0.0100,-0.1071,16.5654,0.0125,-0.0392,-0.0057,0.2465,-0.1580,1.4069,sell
2022-01-26,133.0150,7444600,136.5162,137.6155,131.8511,-0.0102,-0.0077,-0.0420,-0.0159,-0.1136,18.0992,0.0126,-0.0394,-0.0045,0.2341,-0.0916,1.2275,buy
2022-01-27,133.6155,6396400,133.9388,136.1189,132.6363,0.0045,0.0134,-0.0497,-0.0063,-0.1069,20.7769,0.0117,-0.0382,-0.0028,0.2722,-0.1408,1.0329,buy
2022-01-28,134.7887,6130200,133.1351,134.8995,129.8927,0.0088,0.0207,-0.0246,0.0049,-0.0962,28.1076,0.0115,-0.0360,-0.0007,0.3268,-0.0416,0.9629,buy
2022-01-31,136.7841,6932200,135.1213,136.8857,134.1513,0.0148,0.0142,-0.0007,0.0199,-0.0802,44.3275,0.0124,-0.0325,0.0019,0.4122,0.1308,1.0543,hold
2022-02-01,136.9227,6695000,138.1051,138.2714,135.6109,0.0010,0.0188,0.0086,0.0200,-0.0766,45.0240,0.0121,-0.0296,0.0037,0.4386,-0.0342,1.0104,hold
2022-02-02,137.3753,5491700,137.0427,138.0681,136.2852,0.0033,0.0328,0.0248,0.0209,-0.0706,41.0164,0.0111,-0.0267,0.0052,0.4874,-0.1797,0.8324,sell
2022-02-03,134.2344,5240200,136.1651,137.1443,133.9203,-0.0229,0.0046,0.0181,-0.0042,-0.0886,39.4372,0.0124,-0.0267,0.0048,0.3447,-0.0458,0.7929,hold
2022-02-04,134.3084,4313400,134.2899,135.3153,132.6917,0.0006,-0.0036,0.0171,-0.0053,-0.0851,42.6308,0.0124,-0.0258,0.0046,0.3565,-0.1769,0.6519,hold
2022-02-07,134.0774,3877500,134.2252,134.9827,133.2275,-0.0017,-0.0198,-0.0059,-0.0065,-0.0836,44.9582,0.0104,-0.0250,0.0043,0.3438,-0.1011,0.5915,sell
2022-02-08,132.5901,5829400,133.7079,134.4100,131.4539,-0.0111,-0.0316,-0.0134,-0.0162,-0.0909,45.5419,0.0109,-0.0252,0.0036,0.2163,0.5034,0.9216,buy
2022-02-09,135.1120,4551000,134.9735,136.1282,134.5670,0.0190,-0.0165,0.0158,0.0010,-0.0709,59.7676,0.0121,-0.0229,0.0043,0.5044,-0.2193,0.7407,sell
2022-02-10,133.7818,5142600,132.9873,136.2945,132.8857,-0.0098,-0.0034,0.0012,-0.0090,-0.0772,54.8471,0.0125,-0.0222,0.0042,0.3667,0.1300,0.8453,sell
2022-02-11,129.4954,6710500,133.7264,134.0035,128.9227,-0.0320,-0.0358,-0.0393,-0.0370,-0.1038,36.0631,0.0157,-0.0246,0.0021,-0.1164,0.3049,1.0877,buy
2022-02-14,130.7980,6841200,129.4031,132.2945,129.1352,0.0101,-0.0245,-0.0438,-0.0229,-0.0915,41.0657,0.0151,-0.0245,0.0015,0.1000,0.0195,1.1016,buy
2022-02-15,134.4839,7820200,133.2275,135.1675,133.1167,0.0282,0.0143,-0.0178,0.0064,-0.0630,53.2757,0.0183,-0.0216,0.0030,0.5707,0.1431,1.2503,buy
2022-02-16,135.3245,4817500,133.9665,135.7494,133.5878,0.0063,0.0016,-0.0149,0.0143,-0.0544,53.7709,0.0184,-0.0189,0.0044,0.6678,-0.3840,0.7703,sell
2022-02-17,131.9158,5202300,134.4469,135.7125,131.7679,-0.0252,-0.0139,-0.0173,-0.0096,-0.0748,44.2301,0.0187,-0.0192,0.0038,0.2371,0.0799,0.8329,hold
2022-02-18,132.0543,5177400,132.4423,132.9689,131.0012,0.0011,0.0198,-0.0168,-0.0068,-0.0705,39.7353,0.0187,-0.0187,0.0034,0.2546,-0.0048,0.8450,sell
2022-02-22,127.6571,9604500,130.7980,130.8442,125.7819,-0.0333,-0.0240,-0.0479,-0.0352,-0.0980,33.0287,0.0213,-0.0215,0.0011,-0.1177,0.8551,1.5692,sell
2022-02-23,126.4008,7636600,129.0151,130.2252,126.1052,-0.0098,-0.0601,-0.0467,-0.0403,-0.1031,30.4734,0.0212,-0.0240,-0.0009,-0.0892,-0.2049,1.2534,hold
2022-02-24,126.7148,8417200,122.8627,126.9458,120.9505,0.0025,-0.0636,-0.0621,-0.0317,-0.0973,35.1242,0.0198,-0.0252,-0.0018,0.0221,0.1022,1.3706,buy
2022-02-25,128.2206,5424500,127.6017,128.6086,125.8095,0.0119,-0.0280,-0.0416,-0.0160,-0.0834,38.6025,0.0205,-0.0247,-0.0012,0.1748,-0.3555,0.8903,sell
2022-02-28,126.1422,6613300,126.6133,127.8327,124.7472,-0.0162,-0.0448,-0.0259,-0.0295,-0.0950,36.1048,0.0186,-0.0259,-0.0017,0.0849,0.2192,1.0812,sell
2022-03-01,122.1422,6534000,126.2992,126.3269,121.1537,-0.0317,-0.0432,-0.0662,-0.0539,-0.1201,33.1846,0.0201,-0.0298,-0.0038,-0.0653,-0.0120,1.0717,buy
2022-03-02,125.3384,7743900,122.8442,126.1975,122.6502,0.0262,-0.0084,-0.0680,-0.0223,-0.0940,34.6042,0.0198,-0.0290,-0.0029,0.1639,0.1852,1.2593,sell
2022-03-03,123.7588,4576500,126.3177,126.3731,123.2784,-0.0126,-0.0233,-0.0855,-0.0258,-0.1027,34.3344,0.0193,-0.0299,-0.0028,0.1097,-0.4090,0.7498,sell
2022-03-04,121.4579,7084500,122.6894,123.7171,121.0135,-0.0186,-0.0527,-0.0793,-0.0360,-0.1152,36.6064,0.0187,-0.0322,-0.0036,0.0448,0.5480,1.1434,sell
2022-03-07,115.2175,11383400,121.2913,121.3190,114.9675,-0.0514,-0.0866,-0.1275,-0.0731,-0.1560,27.7057,0.0228,-0.0392,-0.0073,-0.1263,0.6068,1.7381,sell
2022-03-08,112.2268,9089400,115.9582,116.1711,111.8472,-0.0260,-0.0812,-0.1209,-0.0858,-0.1730,17.5057,0.0222,-0.0462,-0.0108,-0.1051,-0.2015,1.3347,buy
2022-03-09,117.5415,8845100,117.9396,120.0414,117.2452,0.0474,-0.0622,-0.0701,-0.0356,-0.1290,27.0373,0.0292,-0.0444,-0.0085,0.1489,-0.0269,1.2707,hold
2022-03-10,116.6896,7167400,114.8286,117.2174,114.8101,-0.0072,-0.0571,-0.0791,-0.0346,-0.1306,28.9489,0.0290,-0.0451,-0.0071,0.1548,-0.1897,1.0107,sell
2022-03-11,113.5416,5882000,117.5970,118.3933,113.4305,-0.0270,-0.0652,-0.1145,-0.0491,-0.1487,26.3713,0.0287,-0.0483,-0.0074,0.0909,-0.1793,0.8251,sell
2022-03-14,108.8566,13884900,112.5231,113.3750,108.0974,-0.0413,-0.0552,-0.1370,-0.0750,-0.1781,26.1789,0.0302,-0.0548,-0.0097,0.0130,1.3606,1.8545,buy
2022-03-15,110.5510,10431300,110.9584,111.4954,109.0233,0.0156,-0.0149,-0.0949,-0.0512,-0.1598,30.1381,0.0309,-0.0556,-0.0089,0.1188,-0.2487,1.3606,buy
2022-03-16,115.9119,11100400,113.7453,116.7637,112.8935,0.0485,-0.0139,-0.0752,0.0029,-0.1142,37.9825,0.0343,-0.0499,-0.0043,0.3058,0.0641,1.4175,buy
2022-03-17,117.9673,6845300,115.6804,117.9673,114.5323,0.0177,0.0109,-0.0468,0.0258,-0.0936,38.7318,0.0351,-0.0447,0.0001,0.3918,-0.3833,0.8630,buy
2022-03-18,121.5135,10350900,117.4489,121.7172,117.3100,0.0301,0.0702,0.0005,0.0566,-0.0622,45.0722,0.0363,-0.0373,0.0049,0.5388,0.5121,1.2639,hold
2022-03-21,120.5413,14388500,120.1061,122.5042,119.0877,-0.0080,0.1073,0.0462,0.0433,-0.0656,48.1782,0.0317,-0.0330,0.0077,0.5260,0.3901,1.6634,buy
2022-03-22,123.2264,19731200,127.1059,128.6984,123.1338,0.0223,0.1147,0.0980,0.0565,-0.0416,47.5682,0.0301,-0.0266,0.0105,0.6534,0.3713,2.1549,hold
2022-03-23,123.1430,8068800,122.8097,125.3652,121.4764,-0.0007,0.0624,0.0477,0.0508,-0.0399,49.2657,0.0271,-0.0220,0.0122,0.6612,-0.5911,0.8791,hold
2022-03-24,122.2912,5853800,123.8375,124.2449,121.4765,-0.0069,0.0367,0.0480,0.0385,-0.0441,51.0293,0.0271,-0.0187,0.0125,0.6384,-0.2745,0.6468,buy
2022-03-25,123.7912,6287000,123.1894,123.9486,121.9487,0.0123,0.0187,0.0903,0.0422,-0.0298,61.9948,0.0247,-0.0147,0.0129,0.7315,0.0740,0.6914,buy
2022-03-28,124.8189,5804100,123.8467,124.8652,122.3746,0.0083,0.0355,0.1466,0.0369,-0.0197,68.6403,0.0173,-0.0108,0.0133,0.7904,-0.0768,0.6412,buy
2022-03-29,128.8280,7275900,127.6336,129.3928,126.8003,0.0321,0.0455,0.1653,0.0542,0.0131,67.3795,0.0183,-0.0050,0.0147,0.9373,0.2536,0.8005,hold
2022-03-30,128.2725,5545800,128.6799,129.4947,127.3651,-0.0043,0.0417,0.1066,0.0392,0.0099,68.0000,0.0150,-0.0010,0.0150,0.8900,-0.2378,0.6176,sell
2022-03-31,124.5874,7206500,127.6151,128.4299,124.5319,-0.0287,0.0188,0.0561,0.0039,-0.0176,66.8836,0.0191,-0.0001,0.0131,0.7228,0.2995,0.7909,sell
2022-04-01,123.6245,5807500,124.4856,125.2541,122.9116,-0.0077,-0.0013,0.0174,-0.0055,-0.0240,75.4711,0.0174,-0.0001,0.0106,0.6736,-0.1941,0.6419,buy
2022-04-04,124.3838,5307300,123.1894,125.1893,123.0134,0.0061,-0.0035,0.0319,-0.0025,-0.0168,74.6535,0.0171,0.0005,0.0089,0.6870,-0.0861,0.6070,sell
2022-04-05,122.4949,5707800,124.1060,124.6985,122.2357,-0.0152,-0.0492,-0.0059,-0.0171,-0.0298,63.3898,0.0166,-0.0003,0.0066,0.5862,0.0755,0.6657,sell
2022-04-06,118.8469,6961000,120.4117,120.6432,116.9674,-0.0298,-0.0735,-0.0349,-0.0431,-0.0564,51.6802,0.0190,-0.0034,0.0029,0.4142,0.2196,0.8208,buy
2022-04-07,119.7914,5320500,117.9859,120.3469,117.6711,0.0079,-0.0385,-0.0204,-0.0335,-0.0469,46.3472,0.0193,-0.0051,0.0009,0.4501,-0.2357,0.6343,sell
2022-04-08,118.6525,4877400,119.8469,120.3006,118.4025,-0.0095,-0.0402,-0.0415,-0.0387,-0.0537,46.0219,0.0187,-0.0072,-0.0009,0.3786,-0.0833,0.5850,sell
2022-04-11,115.7175,6365400,115.8286,117.4674,115.1064,-0.0247,-0.0697,-0.0729,-0.0555,-0.0743,34.3497,0.0192,-0.0110,-0.0036,0.1715,0.3051,0.7995,hold
2022-04-12,115.7730,5146800,115.9211,118.6062,115.1249,0.0005,-0.0549,-0.1013,-0.0449,-0.0707,34.6213,0.0138,-0.0137,-0.0050,0.1089,-0.1914,0.6686,buy
2022-04-13,118.0414,5119300,115.7730,118.3840,115.7730,0.0196,-0.0068,-0.0798,-0.0179,-0.0496,41.6271,0.0168,-0.0138,-0.0042,0.2415,-0.0053,0.6919,buy
2022-04-14,123.5690,12811300,119.5136,124.4208,119.3376,0.0468,0.0315,-0.0082,0.0290,-0.0029,49.6221,0.0225,-0.0097,-0.0005,0.6037,1.5025,1.6645,sell
2022-04-18,121.8746,5298200,122.2172,123.5042,120.6524,-0.0137,0.0272,-0.0142,0.0163,-0.0146,45.1047,0.0228,-0.0081,0.0010,0.4832,-0.5864,0.7117,buy
2022-04-19,126.8929,7346100,123.2264,127.2910,122.9394,0.0412,0.0966,0.0202,0.0560,0.0272,46.8871,0.0264,-0.0032,0.0044,0.8028,0.3865,1.0358,sell
2022-04-20,125.8003,5309700,127.7355,128.3743,125.6059,-0.0086,0.0866,0.0270,0.0440,0.0197,46.0907,0.0260,-0.0003,0.0059,0.7156,-0.2772,0.8334,hold
2022-04-21,125.4208,6562400,128.2818,128.8280,125.0689,-0.0030,0.0625,0.0553,0.0352,0.0178,51.4716,0.0235,0.0018,0.0064,0.6802,0.2359,1.0424,sell
2022-04-22,119.5043,7321700,124.3745,124.9300,119.1710,-0.0472,-0.0329,-0.0024,-0.0134,-0.0277,43.8074,0.0288,-0.0004,0.0036,0.3046,0.1157,1.1496,sell
2022-04-25,118.4581,6512500,118.3284,119.3840,115.5971,-0.0088,-0.0280,-0.0016,-0.0219,-0.0338,41.1700,0.0288,-0.0029,0.0009,0.2599,-0.1105,1.0207,sell
2022-04-26,111.5880,7977900,117.5414,118.1340,111.5510,-0.0580,-0.1206,-0.0357,-0.0754,-0.0872,35.8481,0.0335,-0.0100,-0.0048,-0.0473,0.2250,1.2294,hold
2022-04-27,112.2546,6007800,112.1158,114.8101,112.1158,0.0060,-0.1077,-0.0304,-0.0672,-0.0789,40.7292,0.0336,-0.0148,-0.0077,0.0465,-0.2469,0.9350,buy
2022-04-28,117.6340,6551600,114.0416,118.4859,113.5138,0.0479,-0.0621,-0.0035,-0.0222,-0.0321,47.3026,0.0368,-0.0139,-0.0057,0.3515,0.0905,1.0117,sell
2022-04-29,115.4582,5867900,116.8655,118.9303,115.0415,-0.0185,-0.0339,-0.0656,-0.0337,-0.0469,46.1070,0.0332,-0.0154,-0.0056,0.2538,-0.1044,0.9156,buy
2022-05-02,116.7359,5428400,115.2082,116.8285,113.6990,0.0111,-0.0145,-0.0422,-0.0188,-0.0340,51.2935,0.0335,-0.0151,-0.0043,0.3443,-0.0749,0.8495,sell
2022-05-03,113.7546,8201200,115.7545,116.4396,111.3102,-0.0255,0.0194,-0.1035,-0.0332,-0.0558,47.6138,0.0300,-0.0173,-0.0050,0.2045,0.5108,1.2550,buy
2022-05-04,116.7174,6924000,113.4583,116.8470,111.1806,0.0260,0.0398,-0.0722,-0.0003,-0.0294,48.4601,0.0322,-0.0160,-0.0032,0.3893,-0.1557,1.0498,sell
2022-05-05,109.8381,8411600,114.9119,115.5045,107.8844,-0.0589,-0.0663,-0.1242,-0.0465,-0.0841,34.5166,0.0360,-0.0211,-0.0060,0.0595,0.2148,1.2615,sell
2022-05-06,106.0049,11237500,105.3105,107.3104,102.4587,-0.0349,-0.0819,-0.1130,-0.0689,-0.1130,32.9283,0.0349,-0.0278,-0.0098,-0.0280,0.3360,1.6137,sell
2022-05-09,102.9680,7506000,104.5975,105.9493,102.3939,-0.0286,-0.1179,-0.1308,-0.0831,-0.1347,23.1170,0.0353,-0.0355,-0.0135,-0.0434,-0.3321,1.0579,sell
2022-05-10,101.3755,7526900,104.6531,105.0327,100.3199,-0.0155,-0.1088,-0.0915,-0.0890,-0.1446,22.8601,0.0317,-0.0423,-0.0160,-0.0080,0.0028,1.0522,sell
2022-05-11,99.9218,6611800,102.4958,102.9124,99.6162,-0.0143,-0.1439,-0.1099,-0.0920,-0.1537,22.3272,0.0313,-0.0486,-0.0175,0.0250,-0.1216,0.9149,hold
2022-05-12,99.9033,10245400,97.3849,101.7365,97.2182,-0.0002,-0.0904,-0.1507,-0.0773,-0.1502,25.6050,0.0241,-0.0525,-0.0171,0.0865,0.5496,1.3692,buy
2022-05-13,104.6346,9618800,102.0884,104.7271,100.6162,0.0474,-0.0129,-0.0937,-0.0238,-0.1070,34.2411,0.0312,-0.0489,-0.0121,0.2488,-0.0612,1.3134,hold
2022-05-16,104.2550,5722500,104.6068,105.0327,103.2921,-0.0036,0.0125,-0.1069,-0.0159,-0.1076,40.1883,0.0305,-0.0478,-0.0087,0.2628,-0.4051,0.7791,buy
2022-05-17,107.3104,6026100,106.9400,108.4214,104.6901,0.0293,0.0585,-0.0566,0.0192,-0.0802,43.7820,0.0324,-0.0427,-0.0038,0.3699,0.0531,0.8279,sell
2022-05-18,101.2644,8188300,104.1624,104.9586,100.7181,-0.0563,0.0134,-0.1324,-0.0239,-0.1304,29.7526,0.0340,-0.0464,-0.0041,0.2031,0.3588,1.1032,sell
2022-05-19,98.5515,7702000,100.8754,101.0236,98.4033,-0.0268,-0.0135,-0.1028,-0.0396,-0.1509,29.3625,0.0306,-0.0502,-0.0054,0.1354,-0.0594,1.0297,buy
2022-05-20,99.9959,7621900,100.6162,101.5606,97.2830,0.0147,-0.0443,-0.0567,-0.0198,-0.1360,29.6488,0.0302,-0.0497,-0.0045,0.2127,-0.0104,1.0170,hold
2022-05-23,100.5792,7136400,99.5052,100.6903,97.9775,0.0058,-0.0353,-0.0232,-0.0118,-0.1290,32.9907,0.0292,-0.0486,-0.0029,0.2562,-0.0637,0.9483,sell
2022-05-24,99.3385,6023400,99.1718,99.9866,96.9682,-0.0123,-0.0743,-0.0201,-0.0220,-0.1383,26.5199,0.0290,-0.0490,-0.0022,0.2373,-0.1560,0.8109,hold
2022-05-25,100.1810,7158800,95.7923,100.8199,95.7923,0.0085,-0.0107,0.0026,-0.0140,-0.1295,34.4095,0.0288,-0.0472,-0.0006,0.2907,0.1885,0.9564,buy
2022-05-26,104.5698,6520300,101.8476,105.0883,101.8476,0.0438,0.0611,0.0467,0.0245,-0.0895,47.7239,0.0319,-0.0403,0.0035,0.4756,-0.0892,0.8712,buy
2022-05-27,107.3937,5043000,105.7549,107.4122,105.5604,0.0270,0.0740,0.0264,0.0493,-0.0632,57.0668,0.0294,-0.0330,0.0077,0.6159,-0.2266,0.6776,buy
2022-05-31,110.0418,13774600,108.7918,110.9121,105.9679,0.0247,0.0941,0.0555,0.0692,-0.0382,63.3867,0.0301,-0.0251,0.0117,0.7752,1.7314,1.7525,hold
2022-06-01,109.8844,5543100,110.9491,111.8009,108.8937,-0.0014,0.1062,0.0240,0.0650,-0.0378,66.0310,0.0290,-0.0194,0.0140,0.7949,-0.5976,0.7174,buy
2022-06-02,114.2638,5838100,110.6528,114.4212,110.4214,0.0399,0.1406,0.1284,0.0936,0.0021,70.2639,0.0224,-0.0110,0.0168,1.0673,0.0532,0.7609,sell
2022-06-03,112.2636,5201500,111.5767,113.7394,111.3818,-0.0175,0.0736,0.1391,0.0606,-0.0135,61.6642,0.0207,-0.0065,0.0175,0.9302,-0.1090,0.6924,hold
2022-06-06,111.5953,3963400,112.7741,113.3681,110.8527,-0.0060,0.0391,0.1160,0.0428,-0.0175,61.1246,0.0216,-0.0032,0.0168,0.8586,-0.2380,0.5544,buy
2022-06-07,112.9319,5373600,110.1380,113.2103,109.9524,0.0120,0.0263,0.1228,0.0433,-0.0039,58.9879,0.0215,0.0005,0.0161,0.8761,0.3558,0.7631,hold
2022-06-08,113.6094,4365800,112.2172,114.9275,111.7995,0.0060,0.0339,0.1437,0.0359,0.0041,73.8285,0.0199,0.0037,0.0154,0.8614,-0.1875,0.6342,sell
2022-06-09,110.0823,3892600,112.6348,113.2660,110.0731,-0.0310,-0.0366,0.0988,-0.0053,-0.0239,71.5786,0.0245,0.0039,0.0128,0.6816,-0.1084,0.5769,sell
2022-06-10,106.4903,6292600,108.6808,108.6808,106.0540,-0.0326,-0.0514,0.0184,-0.0394,-0.0520,61.2493,0.0246,0.0013,0.0084,0.5014,0.6166,0.9607,sell
2022-06-13,102.5084,6423100,102.4620,103.9749,101.3946,-0.0374,-0.0814,-0.0455,-0.0712,-0.0839,52.9897,0.0257,-0.0040,0.0027,0.3184,0.0207,1.0051,hold
2022-06-14,102.7683,4548400,102.4434,103.8542,102.1093,0.0025,-0.0900,-0.0661,-0.0627,-0.0781,55.4817,0.0238,-0.0079,-0.0010,0.3355,-0.2919,0.7183,buy
2022-06-15,105.2929,4828700,104.1049,106.4810,103.2231,0.0246,-0.0732,-0.0418,-0.0356,-0.0522,57.7533,0.0258,-0.0087,-0.0015,0.4584,0.0616,0.7699,sell
2022-06-16,99.4268,7384800,101.6452,102.0071,98.1273,-0.0557,-0.0968,-0.1298,-0.0768,-0.1013,42.5342,0.0255,-0.0146,-0.0056,0.1939,0.5294,1.1850,hold
2022-06-17,99.6310,10256800,98.5265,100.7541,98.2480,0.0021,-0.0644,-0.1125,-0.0639,-0.0963,37.8035,0.0259,-0.0185,-0.0076,0.1967,0.3889,1.6128,buy
2022-06-21,100.8748,6211400,100.6706,101.9329,100.2808,0.0125,-0.0159,-0.0961,-0.0426,-0.0819,34.9322,0.0269,-0.0201,-0.0075,0.2503,-0.3944,0.9877,sell
2022-06-22,97.3848,9884000,97.8303,99.2226,97.0971,-0.0346,-0.0524,-0.1377,-0.0619,-0.1102,31.4831,0.0268,-0.0250,-0.0095,0.1099,0.5913,1.5380,buy
2022-06-23,100.2436,8898400,97.4684,100.3364,96.9114,0.0294,-0.0480,-0.1176,-0.0217,-0.0815,28.2505,0.0296,-0.0248,-0.0078,0.2343,-0.0997,1.3544,buy
2022-06-24,104.8010,10463700,102.0350,104.8288,101.7380,0.0455,0.0541,-0.0480,0.0280,-0.0378,39.2743,0.0338,-0.0204,-0.0034,0.4294,0.1759,1.5535,sell
2022-06-27,102.5641,12644700,104.1791,105.0794,101.9515,-0.0213,0.0294,-0.0369,0.0100,-0.0557,37.5798,0.0329,-0.0197,-0.0018,0.3306,0.2084,1.7957,sell
2022-06-28,95.3985,31296500,100.4292,105.8591,95.1201,-0.0699,-0.0543,-0.0694,-0.0539,-0.1170,29.2189,0.0379,-0.0260,-0.0054,0.0659,1.4751,3.7462,hold
2022-06-29,95.8347,10326600,95.5934,98.0253,94.2383,0.0046,-0.0159,-0.0675,-0.0430,-0.1087,28.8117,0.0379,-0.0290,-0.0068,0.1326,-0.6700,1.2621,hold
2022-06-30,94.8602,9027400,94.6188,95.9554,93.5422,-0.0102,-0.0537,-0.0991,-0.0428,-0.1125,30.6786,0.0364,-0.0322,-0.0078,0.1393,-0.1258,1.0803,hold
2022-07-01,93.9134,7934300,94.3404,95.1386,92.3819,-0.0100,-0.1039,-0.0555,-0.0471,-0.1161,32.8871,0.0326,-0.0352,-0.0085,0.1377,-0.1211,0.9378,buy
2022-07-05,96.8279,9948800,93.2358,96.8836,92.9203,0.0310,-0.0559,-0.0281,-0.0147,-0.0837,42.0395,0.0346,-0.0335,-0.0060,0.2744,0.2539,1.1438,hold
2022-07-06,96.7444,6432900,97.3570,98.1274,96.0204,-0.0009,0.0141,-0.0409,-0.0114,-0.0805,41.5163,0.0342,-0.0326,-0.0041,0.2915,-0.3534,0.7292,buy
2022-07-07,100.3643,7633900,98.0624,100.5035,97.7097,0.0374,0.0473,0.0306,0.0225,-0.0428,43.2665,0.0345,-0.0276,-0.0001,0.4703,0.1867,0.8544,hold
2022-07-08,100.1787,5938600,98.9256,100.8098,98.8606,-0.0018,0.0561,-0.0006,0.0207,-0.0425,51.2159,0.0333,-0.0244,0.0025,0.4923,-0.2221,0.6589,sell
2022-07-11,97.5612,4935200,98.9442,99.3990,97.3384,-0.0261,0.0388,-0.0691,0.0014,-0.0649,46.8950,0.0301,-0.0243,0.0027,0.3533,-0.1690,0.5444,sell
2022-07-12,96.3081,6017400,97.4684,98.2573,95.7419,-0.0128,-0.0054,-0.0610,-0.0051,-0.0731,43.1514,0.0298,-0.0248,0.0020,0.2837,0.2193,0.6648,buy
2022-07-13,97.5612,5299400,94.6188,98.2759,94.2661,0.0130,0.0084,0.0227,0.0056,-0.0578,50.2835,0.0199,-0.0233,0.0025,0.3944,-0.1193,0.5891,sell
2022-07-14,95.8069,6951300,95.7048,96.3453,94.5353,-0.0180,-0.0454,-0.0003,-0.0124,-0.0710,42.6052,0.0208,-0.0240,0.0019,0.2816,0.3117,0.7626,buy
2022-07-15,97.1806,7862000,97.2363,98.0346,96.4659,0.0143,-0.0299,0.0245,-0.0007,-0.0547,35.7909,0.0209,-0.0225,0.0024,0.4101,0.1310,0.8483,sell
2022-07-18,96.4752,6834800,98.5636,99.0184,96.2339,-0.0073,-0.0111,0.0273,-0.0105,-0.0578,37.9588,0.0208,-0.0220,0.0024,0.3600,-0.1307,0.7397,buy
2022-07-19,101.3482,8973900,98.0160,101.7101,97.8582,0.0505,0.0523,0.0467,0.0347,-0.0086,62.9391,0.0243,-0.0164,0.0055,0.7841,0.3130,0.9780,buy
2022-07-20,103.1303,5884600,101.3760,103.6129,101.0511,0.0176,0.0571,0.0660,0.0460,0.0094,64.9886,0.0245,-0.0111,0.0084,0.9084,-0.3443,0.6425,hold
2022-07-21,103.6036,4291400,102.4434,103.6500,102.1649,0.0046,0.0814,0.0323,0.0474,0.0139,68.3412,0.0220,-0.0066,0.0102,0.8928,-0.2707,0.4833,sell
2022-07-22,101.2832,6039300,103.8914,103.8914,100.9397,-0.0224,0.0422,0.0110,0.0228,-0.0088,64.6171,0.0235,-0.0049,0.0098,0.7066,0.4073,0.6912,hold
2022-07-25,101.4317,5079500,101.7380,101.7380,99.9466,0.0015,0.0514,0.0397,0.0203,-0.0076,60.2565,0.0214,-0.0033,0.0091,0.7510,-0.1589,0.5999,sell
2022-07-26,97.6447,8459500,99.7610,100.1786,97.0600,-0.0373,-0.0365,0.0139,-0.0191,-0.0442,51.7217,0.0247,-0.0052,0.0061,0.4535,0.6654,1.0244,buy
2022-07-27,100.1137,7437000,98.6657,100.5963,98.1552,0.0253,-0.0293,0.0262,0.0031,-0.0192,49.4987,0.0256,-0.0044,0.0053,0.6526,-0.1209,1.0526,buy
2022-07-28,104.1698,6773500,101.5709,104.3276,100.2715,0.0405,0.0055,0.0873,0.0351,0.0206,56.9132,0.0270,-0.0006,0.0070,0.9448,-0.0892,0.9834,buy
2022-07-29,106.6666,7560000,104.6618,106.9358,103.4923,0.0240,0.0532,0.0976,0.0500,0.0451,65.8379,0.0274,0.0041,0.0092,1.0450,0.1161,1.1094,hold
2022-08-01,106.0912,4802900,105.8127,107.2514,105.1166,-0.0054,0.0459,0.0997,0.0345,0.0385,67.4272,0.0273,0.0073,0.0100,0.9487,-0.3647,0.7214,sell
2022-08-02,103.7429,6334400,105.4136,105.6085,103.6500,-0.0221,0.0625,0.0236,0.0093,0.0145,60.5983,0.0248,0.0082,0.0087,0.7487,0.3189,0.9780,buy
2022-08-03,106.0726,5986500,105.2744,106.8337,104.4947,0.0225,0.0595,0.0285,0.0290,0.0361,67.2596,0.0252,0.0102,0.0086,0.8735,-0.0549,0.9275,hold
2022-08-04,106.2582,4332000,106.4067,107.0657,105.6549,0.0018,0.0200,0.0256,0.0282,0.0367,65.8972,0.0252,0.0119,0.0082,0.8460,-0.2764,0.6887,hold
2022-08-05,105.6920,4162200,104.6896,106.0912,104.4854,-0.0053,-0.0091,0.0435,0.0183,0.0299,66.2202,0.0238,0.0127,0.0073,0.7795,-0.0392,0.6712,hold
2022-08-08,105.8127,6071600,105.8127,107.2792,105.1723,0.0011,-0.0026,0.0432,0.0152,0.0300,59.4351,0.0238,0.0133,0.0063,0.7599,0.4587,0.9703,sell
2022-08-09,102.2021,7377600,103.3252,103.7243,101.0047,-0.0341,-0.0149,0.0467,-0.0237,-0.0047,48.1792,0.0232,0.0112,0.0032,0.5061,0.2151,1.1663,buy
2022-08-10,105.0145,6951800,105.1073,105.6549,103.8264,0.0275,-0.0100,0.0490,-0.0015,0.0231,52.5350,0.0234,0.0110,0.0025,0.6803,-0.0577,1.0848,buy
2022-08-11,105.9055,5582100,106.6295,108.3652,105.5621,0.0085,-0.0033,0.0167,0.0053,0.0327,58.7553,0.0200,0.0116,0.0025,0.7272,-0.1970,0.8805,buy
2022-08-12,107.7340,4407900,106.1747,107.7897,105.5992,0.0173,0.0193,0.0100,0.0216,0.0509,61.2231,0.0192,0.0131,0.0033,0.8439,-0.2104,0.7147,hold
2022-08-15,107.9661,4279000,107.1586,108.2074,106.6017,0.0022,0.0204,0.0177,0.0220,0.0545,71.0447,0.0191,0.0144,0.0037,0.8542,-0.0292,0.7085,buy
2022-08-16,109.5811,6189800,107.6134,109.9617,107.4927,0.0150,0.0722,0.0563,0.0316,0.0708,70.0000,0.0174,0.0162,0.0046,0.9357,0.4466,1.0491,sell
2022-08-17,108.6344,5108400,108.3838,109.5069,108.0496,-0.0086,0.0345,0.0242,0.0202,0.0622,60.8578,0.0169,0.0171,0.0043,0.8177,-0.1747,0.8715,sell
2022-08-18,107.6784,4750200,107.6691,108.3002,107.0193,-0.0088,0.0167,0.0134,0.0099,0.0539,52.6598,0.0173,0.0170,0.0032,0.7182,-0.0701,0.8073,sell
2022-08-19,105.0330,5967600,107.2050,107.3442,104.9124,-0.0246,-0.0251,-0.0062,-0.0143,0.0298,47.4912,0.0191,0.0149,0.0007,0.4882,0.2563,1.0148,sell
2022-08-22,102.4156,5802900,103.0467,103.6593,101.9515,-0.0249,-0.0514,-0.0321,-0.0358,0.0056,46.8927,0.0206,0.0111,-0.0028,0.2583,-0.0276,0.9807,hold
2022-08-23,102.7312,4806700,102.8797,104.7267,102.6291,0.0031,-0.0625,0.0052,-0.0333,0.0095,41.3628,0.0174,0.0079,-0.0048,0.2116,-0.1717,0.8383,buy
2022-08-24,103.4087,4769000,102.7311,104.3555,102.1185,0.0066,-0.0481,-0.0153,-0.0254,0.0159,42.8171,0.0149,0.0059,-0.0054,0.2323,-0.0078,0.8515,buy
2022-08-25,105.0887,5433700,103.8635,105.2001,103.3902,0.0162,-0.0240,-0.0077,-0.0089,0.0320,48.5601,0.0157,0.0054,-0.0045,0.4275,0.1394,0.9819,sell
2022-08-26,100.5035,6203600,105.1723,105.5621,100.4571,-0.0436,-0.0431,-0.0671,-0.0456,-0.0121,39.5544,0.0193,0.0017,-0.0070,-0.0193,0.1417,1.1349,hold
2022-08-29,100.1322,4132400,99.1391,100.7448,98.7957,-0.0037,-0.0223,-0.0726,-0.0420,-0.0159,45.3327,0.0191,-0.0018,-0.0084,0.0269,-0.3339,0.7607,hold
2022-08-30,100.1137,5129500,101.1440,102.1742,99.4361,-0.0002,-0.0255,-0.0864,-0.0334,-0.0162,37.3563,0.0177,-0.0045,-0.0089,0.0772,0.2413,0.9548,sell
2022-08-31,98.8049,8884800,100.2065,100.2529,98.2109,-0.0131,-0.0445,-0.0905,-0.0369,-0.0287,32.0675,0.0178,-0.0077,-0.0097,0.0412,0.7321,1.6104,hold
2022-09-01,98.8421,5590800,98.2016,98.8978,96.3453,0.0004,-0.0594,-0.0821,-0.0282,-0.0286,25.3093,0.0180,-0.0100,-0.0096,0.1016,-0.3707,1.0019,hold
2022-09-02,98.4278,7763800,100.0289,100.6712,97.7856,-0.0042,-0.0207,-0.0629,-0.0259,-0.0323,23.7801,0.0171,-0.0121,-0.0094,0.1219,0.3887,1.3478,sell
2022-09-06,97.8786,9158900,98.1486,99.0515,96.5103,-0.0056,-0.0225,-0.0443,-0.0270,-0.0364,15.8284,0.0158,-0.0141,-0.0091,0.1320,0.1797,1.5485,buy
2022-09-07,100.9784,7238300,97.8135,101.0528,97.7390,0.0317,0.0086,-0.0171,0.0056,-0.0056,30.1412,0.0195,-0.0126,-0.0062,0.3438,-0.2097,1.2253,hold
2022-09-08,101.2111,5628300,99.6007,101.2669,98.7443,0.0023,0.0244,-0.0213,0.0101,-0.0044,32.5706,0.0194,-0.0113,-0.0039,0.3719,-0.2224,0.9635,buy
2022-09-09,103.2962,5171500,101.8161,103.9664,101.7416,0.0206,0.0451,-0.0171,0.0328,0.0146,45.1733,0.0198,-0.0084,-0.0010,0.5183,-0.0812,0.8884,buy
2022-09-12,104.6087,4836900,103.6778,105.5209,103.6778,0.0127,0.0628,0.0408,0.0416,0.0255,56.5711,0.0136,-0.0052,0.0018,0.6213,-0.0647,0.8279,sell
2022-09-13,98.4092,5955600,101.3135,101.3786,98.1486,-0.0593,0.0054,-0.0172,-0.0184,-0.0361,40.4261,0.0243,-0.0078,-0.0004,0.2167,0.2313,1.0050,buy
2022-09-14,99.6007,4888700,98.7909,99.9358,97.8786,0.0121,-0.0136,-0.0051,-0.0060,-0.0249,41.7523,0.0247,-0.0085,-0.0009,0.3168,-0.1791,0.8341,sell
2022-09-15,98.2044,6598900,98.8095,100.6619,97.5808,-0.0140,-0.0297,-0.0061,-0.0194,-0.0389,34.9040,0.0247,-0.0103,-0.0020,0.2167,0.3498,1.1117,sell
2022-09-16,96.9199,8000800,96.8733,98.0090,96.1100,-0.0131,-0.0617,-0.0194,-0.0304,-0.0508,40.8116,0.0250,-0.0126,-0.0034,0.1147,0.2124,1.3120,buy
2022-09-19,99.7962,5162300,96.5196,99.9451,96.1845,0.0297,-0.0460,0.0139,-0.0029,-0.0226,49.2365,0.0269,-0.0115,-0.0021,0.4176,-0.3548,0.8522,sell
2022-09-20,95.3374,10006600,96.6406,97.2177,94.6765,-0.0447,-0.0312,-0.0260,-0.0451,-0.0658,40.9699,0.0306,-0.0151,-0.0041,0.0261,0.9384,1.5964,sell
2022-09-21,92.8893,6279300,95.5702,96.4638,92.8707,-0.0257,-0.0674,-0.0801,-0.0620,-0.0892,39.2777,0.0289,-0.0198,-0.0069,-0.0740,-0.3725,0.9902,sell
2022-09-22,91.7350,9638800,92.8893,93.2802,91.0648,-0.0124,-0.0659,-0.0936,-0.0647,-0.0995,37.6196,0.0287,-0.0243,-0.0089,-0.0546,0.5350,1.4637,sell
2022-09-23,90.3108,9026500,90.2178,90.7949,88.7470,-0.0155,-0.0682,-0.1257,-0.0669,-0.1125,36.3408,0.0267,-0.0290,-0.0107,-0.0651,-0.0635,1.3343,sell
2022-09-26,89.4172,8521600,89.4451,90.9717,89.0914,-0.0099,-0.1040,-0.1452,-0.0614,-0.1200,35.9244,0.0252,-0.0332,-0.0118,-0.0188,-0.0559,1.2385,hold
2022-09-27,89.6313,9890300,90.3574,90.9811,88.4305,0.0024,-0.0599,-0.0892,-0.0504,-0.1167,29.1196,0.0203,-0.0355,-0.0114,0.0645,0.1606,1.3797,buy
2022-09-28,91.8747,9423300,90.3946,92.5542,90.0688,0.0250,-0.0109,-0.0776,-0.0186,-0.0929,34.0032,0.0222,-0.0342,-0.0085,0.2217,-0.0472,1.2763,sell
2022-09-29,88.7377,19339200,91.3255,91.3255,87.9465,-0.0341,-0.0327,-0.0964,-0.0424,-0.1213,25.9237,0.0236,-0.0375,-0.0087,0.1047,1.0523,2.4461,sell
2022-09-30,77.3721,48176100,77.5396,80.2391,76.7949,-0.1281,-0.1433,-0.2017,-0.1470,-0.2299,16.1968,0.0443,-0.0561,-0.0184,-0.2008,1.4911,4.8007,buy
2022-10-03,79.4944,19108200,77.3814,80.4904,76.5343,0.0274,-0.1110,-0.2034,-0.1036,-0.2053,23.8817,0.0440,-0.0618,-0.0201,-0.0123,-0.6034,1.8022,buy
2022-10-04,82.5103,15114800,81.6353,82.9106,81.0861,0.0379,-0.0794,-0.1345,-0.0559,-0.1720,27.5330,0.0469,-0.0614,-0.0170,0.1384,-0.2090,1.3866,buy
2022-10-05,84.8002,12732700,81.4399,85.3587,81.1234,0.0278,-0.0770,-0.0871,-0.0207,-0.1469,32.7833,0.0483,-0.0583,-0.0121,0.2405,-0.1576,1.1394,hold
2022-10-06,83.9345,9951900,84.2324,86.2337,83.5994,-0.0102,-0.0541,-0.0850,-0.0218,-0.1528,33.1399,0.0483,-0.0579,-0.0090,0.2397,-0.2184,0.8736,sell
2022-10-07,81.1327,8554700,82.4173,82.6220,80.6952,-0.0334,0.0486,-0.1016,-0.0443,-0.1773,25.7205,0.0490,-0.0612,-0.0085,0.1793,-0.1404,0.7400,hold
2022-10-10,80.6952,7991200,81.6912,81.7098,79.1872,-0.0054,0.0151,-0.0975,-0.0396,-0.1774,28.7260,0.0490,-0.0623,-0.0074,0.1873,-0.0659,0.6820,buy
2022-10-11,81.9053,11903200,80.0901,82.1473,79.8202,0.0150,-0.0073,-0.0862,-0.0161,-0.1609,33.4455,0.0495,-0.0600,-0.0048,0.2546,0.4895,0.9907,hold
2022-10-12,82.3893,8772900,81.9146,82.7337,81.2723,0.0059,-0.0284,-0.1032,0.0011,-0.1522,35.6243,0.0484,-0.0575,-0.0021,0.2922,-0.2630,0.7185,hold
2022-10-13,83.3667,9335000,80.4159,83.5994,80.0995,0.0119,-0.0068,-0.0605,0.0197,-0.1381,39.1696,0.0480,-0.0536,0.0010,0.3476,0.0641,0.7561,sell
2022-10-14,81.4957,7811700,84.2510,84.5954,81.4399,-0.0224,0.0045,0.0533,-0.0082,-0.1531,38.0107,0.0231,-0.0534,0.0019,0.2938,-0.1632,0.6332,buy
2022-10-17,83.7484,8451900,83.3388,84.4186,82.5662,0.0276,0.0378,0.0535,0.0139,-0.1257,41.6136,0.0232,-0.0482,0.0045,0.4078,0.0820,0.6761,hold
2022-10-18,83.4784,7364700,86.1965,86.4851,82.9851,-0.0032,0.0192,0.0117,0.0095,-0.1245,37.3172,0.0202,-0.0450,0.0063,0.4149,-0.1286,0.5954,sell
2022-10-19,82.4452,5102000,82.1566,83.5343,81.6912,-0.0124,0.0007,-0.0278,-0.0002,-0.1317,39.8498,0.0183,-0.0435,0.0068,0.3776,-0.3072,0.4144,sell
2022-10-20,80.8255,13500000,83.2829,84.3162,80.6207,-0.0196,-0.0305,-0.0370,-0.0161,-0.1444,58.1252,0.0189,-0.0437,0.0060,0.3010,1.6460,1.0797,buy
2022-10-21,82.3800,7976300,81.0024,82.6406,80.7138,0.0192,0.0109,0.0154,0.0013,-0.1236,56.9757,0.0170,-0.0405,0.0067,0.4184,-0.4092,0.6406,sell
2022-10-24,81.9239,8847100,81.7191,82.6965,80.2763,-0.0055,-0.0218,0.0152,-0.0057,-0.1236,48.3821,0.0170,-0.0387,0.0070,0.4064,0.1092,0.7096,buy
2022-10-25,85.3774,8639900,81.9425,85.5728,81.8122,0.0422,0.0227,0.0424,0.0318,-0.0823,51.4962,0.0210,-0.0320,0.0094,0.6905,-0.0234,0.6965,buy
2022-10-26,86.0010,8648200,84.5024,87.8255,84.4279,0.0073,0.0431,0.0438,0.0349,-0.0708,55.4253,0.0210,-0.0269,0.0114,0.8365,0.0010,0.6993,sell
2022-10-27,84.2789,8617900,86.4571,87.0156,83.9811,-0.0200,0.0427,0.0109,0.0130,-0.0846,58.7564,0.0222,-0.0248,0.0114,0.7204,-0.0035,0.7285,buy
2022-10-28,87.3415,6022400,84.8933,87.3880,84.2045,0.0363,0.0602,0.0717,0.0425,-0.0472,66.1392,0.0230,-0.0189,0.0129,1.0610,-0.3012,0.6194,sell
2022-10-31,86.2710,6426400,86.5688,87.3973,86.2710,-0.0123,0.0531,0.0301,0.0266,-0.0550,60.6736,0.0225,-0.0159,0.0130,0.8896,0.0671,0.7071,buy
2022-11-01,87.2856,7250700,89.0728,89.7896,86.5409,0.0118,0.0224,0.0456,0.0340,-0.0407,61.6681,0.0225,-0.0121,0.0132,0.9482,0.1283,0.8339,sell
2022-11-02,84.0555,7176600,86.6898,87.9092,83.9531,-0.0370,-0.0226,0.0195,-0.0061,-0.0724,51.4823,0.0257,-0.0125,0.0110,0.5653,-0.0102,0.8526,hold
2022-11-03,84.1486,6550300,83.7484,85.2750,82.5848,0.0011,-0.0015,0.0411,-0.0089,-0.0674,56.1821,0.0246,-0.0123,0.0089,0.5751,-0.0873,0.7942,buy
2022-11-04,89.1659,12543300,87.9186,91.4372,87.4531,0.0596,0.0209,0.0824,0.0418,-0.0083,61.1836,0.0300,-0.0068,0.0106,1.0595,0.9149,1.4850,sell
2022-11-07,86.9784,9094500,89.6499,90.1712,86.2617,-0.0245,0.0082,0.0617,0.0103,-0.0297,56.6951,0.0315,-0.0050,0.0102,0.7967,-0.2750,1.0697,hold
2022-11-08,87.2670,7017800,87.9093,89.3893,86.5130,0.0033,-0.0002,0.0221,0.0114,-0.0237,59.4941,0.0289,-0.0032,0.0096,0.7957,-0.2283,0.8499,sell
2022-11-09,85.7311,6550900,86.2617,87.4066,85.6008,-0.0176,0.0199,-0.0031,-0.0060,-0.0377,59.6910,0.0295,-0.0032,0.0079,0.6150,-0.0665,0.8041,buy
2022-11-10,92.6100,9361000,89.6685,92.7869,89.5755,0.0802,0.1006,0.0989,0.0634,0.0409,66.6970,0.0378,0.0031,0.0106,1.1507,0.4290,1.1489,buy
2022-11-11,98.7536,12597500,93.3733,99.7962,93.2151,0.0663,0.1075,0.1307,0.1193,0.1100,73.1675,0.0412,0.0122,0.0155,1.2845,0.3457,1.5020,sell
2022-11-14,97.1712,7134900,97.9252,99.0794,97.1060,-0.0160,0.1172,0.1263,0.0879,0.0925,67.1169,0.0415,0.0184,0.0174,1.0553,-0.4336,0.8574,buy
2022-11-15,99.3308,7242900,100.5222,101.7510,98.2324,0.0222,0.1382,0.1380,0.0973,0.1164,68.5204,0.0416,0.0241,0.0185,1.0455,0.0151,0.8711,sell
2022-11-16,97.9531,5998700,97.9717,99.2284,97.5249,-0.0139,0.1426,0.1653,0.0657,0.1017,69.1826,0.0390,0.0279,0.0178,0.9201,-0.1718,0.7176,hold
2022-11-17,98.0741,5252900,96.9106,98.1114,95.8028,0.0012,0.0590,0.1655,0.0511,0.1038,66.4105,0.0390,0.0304,0.0162,0.8801,-0.1243,0.6609,hold
2022-11-18,98.1300,5498900,100.1871,100.2709,96.9664,0.0006,-0.0063,0.1005,0.0417,0.1057,68.7133,0.0360,0.0320,0.0143,0.8430,0.0468,0.7029,sell
2022-11-21,96.6499,4774800,97.3760,98.1858,96.4358,-0.0151,-0.0054,0.1112,0.0156,0.0910,64.5628,0.0351,0.0322,0.0114,0.7561,-0.1317,0.6266,buy
2022-11-22,98.6419,5313200,97.3853,98.8188,96.6592,0.0206,-0.0069,0.1303,0.0243,0.1134,73.5924,0.0351,0.0326,0.0097,0.8062,0.1128,0.7128,hold
2022-11-23,99.2749,3873100,98.6699,99.5821,97.9531,0.0064,0.0135,0.1580,0.0165,0.1207,74.0456,0.0336,0.0334,0.0085,0.7991,-0.2710,0.5368,hold
2022-11-25,98.6326,3426100,99.0887,99.7683,98.2603,-0.0065,0.0057,0.0650,0.0038,0.1133,67.4803,0.0250,0.0334,0.0067,0.7479,-0.1154,0.4926,sell
2022-11-28,97.7018,6967400,97.9717,98.9491,97.4132,-0.0094,-0.0044,-0.0107,-0.0046,0.1026,70.7643,0.0140,0.0325,0.0044,0.6888,1.0336,0.9950,buy
2022-11-29,98.9026,8494400,98.0834,99.4331,97.8507,0.0123,0.0233,0.0178,0.0058,0.1164,71.7619,0.0135,0.0317,0.0032,0.7163,0.2192,1.1954,buy
2022-11-30,102.1047,16251000,99.6752,102.1047,98.1579,0.0324,0.0351,0.0279,0.0355,0.1508,78.8267,0.0154,0.0326,0.0040,0.8176,0.9131,2.1507,buy
2022-12-01,103.4265,7822900,102.4770,104.1246,101.9744,0.0129,0.0418,0.0559,0.0431,0.1629,73.6757,0.0145,0.0343,0.0048,0.8458,-0.5186,1.0309,buy
2022-12-02,104.7617,5892000,101.4470,105.2379,101.1576,0.0129,0.0621,0.0682,0.0495,0.1745,66.6571,0.0146,0.0361,0.0056,0.8798,-0.2468,0.7798,sell
2022-12-05,102.3527,6220100,103.6599,103.7626,101.9512,-0.0230,0.0476,0.0430,0.0210,0.1444,63.7361,0.0173,0.0364,0.0042,0.7444,0.0557,0.8592,sell
2022-12-06,100.7748,7086100,102.3807,103.2024,99.6730,-0.0154,0.0189,0.0427,0.0012,0.1239,53.9498,0.0174,0.0349,0.0018,0.6519,0.1392,0.9926,hold
2022-12-07,101.1482,5751500,100.2052,101.8859,99.9624,0.0037,-0.0094,0.0254,0.0024,0.1252,59.2477,0.0164,0.0331,0.0000,0.6576,-0.1883,0.8129,buy
2022-12-08,103.9774,6192800,101.4003,104.0988,101.2696,0.0280,0.0053,0.0474,0.0256,0.1535,64.7704,0.0183,0.0327,0.0004,0.8897,0.0767,0.8775,sell
2022-12-09,102.1660,5677700,102.9130,103.9960,102.0166,-0.0174,-0.0248,0.0358,0.0043,0.1301,59.2829,0.0193,0.0319,-0.0008,0.7253,-0.0832,0.8260,buy
2022-12-12,104.6403,6426000,102.8009,104.7337,102.4368,0.0242,0.0223,0.0710,0.0216,0.1505,67.5742,0.0197,0.0316,-0.0002,0.9182,0.1318,0.9788,buy
2022-12-13,105.3686,8655300,107.9456,108.7300,103.8747,0.0070,0.0456,0.0654,0.0223,0.1520,65.6656,0.0196,0.0319,0.0003,0.9282,0.3469,1.3033,sell
2022-12-14,104.0614,7528500,106.1623,106.5544,102.9223,-0.0124,0.0288,0.0192,0.0077,0.1323,60.8078,0.0181,0.0314,-0.0005,0.7785,-0.1302,1.1312,sell
2022-12-15,101.3163,7500700,101.9512,102.3527,100.5880,-0.0264,-0.0256,-0.0204,-0.0169,0.0985,55.5342,0.0197,0.0290,-0.0031,0.5194,-0.0037,1.1145,sell
2022-12-16,98.9260,14083600,99.7850,100.4760,98.1510,-0.0236,-0.0317,-0.0557,-0.0346,0.0691,52.3812,0.0200,0.0248,-0.0064,0.2921,0.8776,1.9637,sell
2022-12-19,96.2183,10620300,98.0297,98.5152,95.6581,-0.0274,-0.0805,-0.0599,-0.0554,0.0365,45.0680,0.0205,0.0190,-0.0105,0.0708,-0.2459,1.4298,hold
2022-12-20,96.3677,17147900,96.1716,96.5451,94.9391,0.0016,-0.0854,-0.0437,-0.0498,0.0346,38.1272,0.0203,0.0138,-0.0125,0.0888,0.6146,2.1311,buy
2022-12-21,108.1043,32777300,109.0194,111.2789,107.6935,0.1218,0.0389,0.0688,0.0587,0.1541,56.7648,0.0449,0.0172,-0.0050,1.0173,0.9114,3.4796,hold
2022-12-22,108.9727,17147600,106.7131,109.0754,106.4984,0.0080,0.0756,0.0480,0.0620,0.1568,56.1730,0.0443,0.0213,-0.0005,0.9919,-0.4768,1.7006,hold
2022-12-23,108.5432,6603700,108.4125,109.4022,108.1043,-0.0039,0.0972,0.0624,0.0512,0.1461,59.6338,0.0438,0.0242,0.0018,0.9047,-0.6149,0.6447,hold
2022-12-27,109.7663,6661100,108.7486,110.3639,108.1417,0.0113,0.1408,0.0490,0.0578,0.1522,64.1493,0.0434,0.0267,0.0036,0.9282,0.0087,0.6513,sell
2022-12-28,107.3574,5437800,109.7850,110.4013,107.3387,-0.0219,0.1140,0.0189,0.0326,0.1213,59.1825,0.0442,0.0275,0.0031,0.7477,-0.1836,0.5398,buy
2022-12-29,109.5703,4588600,108.3845,110.2425,108.1230,0.0206,0.0136,0.0529,0.0484,0.1382,58.4247,0.0442,0.0283,0.0035,0.8475,-0.1562,0.4835,hold
2022-12-30,109.2528,4355500,108.8326,109.4769,108.0950,-0.0029,0.0026,0.0783,0.0375,0.1286,61.1782,0.0429,0.0289,0.0033,0.7979,-0.0508,0.4674,buy
2023-01-03,110.8775,8124800,110.6907,111.5684,109.6543,0.0149,0.0215,0.1208,0.0411,0.1384,60.1089,0.0414,0.0298,0.0036,0.8541,0.8654,0.8617,buy
2023-01-04,113.1744,8550700,112.0072,114.1268,111.6057,0.0207,0.0310,0.1762,0.0460,0.1546,62.0391,0.0390,0.0314,0.0046,0.9177,0.0524,0.8957,hold
2023-01-05,112.6235,6046700,112.3060,114.2295,112.1193,-0.0049,0.0491,0.1687,0.0255,0.1419,63.5211,0.0394,0.0326,0.0045,0.8468,-0.2928,0.6369,buy
2023-01-06,116.2743,10080700,113.9120,117.0492,113.6972,0.0324,0.0612,0.0756,0.0509,0.1715,72.9644,0.0160,0.0345,0.0059,0.9532,0.6671,1.0381,hold
2023-01-09,116.5731,9397900,116.7131,118.2164,116.2929,0.0026,0.0670,0.0697,0.0464,0.1674,78.9522,0.0160,0.0365,0.0064,0.9068,-0.0677,0.9521,buy
2023-01-10,117.4974,5899900,116.9092,117.9549,116.1249,0.0079,0.0597,0.0825,0.0463,0.1688,87.0810,0.0156,0.0381,0.0065,0.8918,-0.3722,0.5971,buy
2023-01-11,119.4582,6989200,117.9456,119.7570,117.6562,0.0167,0.0555,0.0883,0.0547,0.1808,87.8482,0.0158,0.0398,0.0070,0.9098,0.1846,0.7053,hold
2023-01-12,119.4115,8366400,119.8410,119.9437,118.0763,-0.0004,0.0603,0.1123,0.0432,0.1726,80.0496,0.0122,0.0411,0.0066,0.8612,0.1970,0.8455,buy
2023-01-13,120.3079,4856500,118.2631,120.6627,118.2631,0.0075,0.0347,0.0980,0.0412,0.1738,80.0792,0.0118,0.0419,0.0062,0.8491,-0.4195,0.4975,sell
2023-01-17,119.6450,6172200,119.5142,120.4946,119.3555,-0.0055,0.0264,0.0951,0.0263,0.1593,79.0994,0.0121,0.0422,0.0050,0.7955,0.2709,0.6366,sell
2023-01-18,118.0483,6828800,119.3275,120.0651,117.6468,-0.0133,0.0047,0.0647,0.0064,0.1364,71.2914,0.0138,0.0412,0.0028,0.7212,0.1064,0.7317,sell
2023-01-19,116.2743,5273500,116.5170,117.1239,115.4153,-0.0150,-0.0267,0.0274,-0.0114,0.1135,73.6972,0.0143,0.0388,-0.0001,0.6419,-0.2278,0.5817,buy
2023-01-20,118.2257,5673200,116.4143,118.2444,115.8168,0.0168,-0.0099,0.0497,0.0005,0.1254,73.3266,0.0146,0.0368,-0.0012,0.7302,0.0758,0.6681,buy
2023-01-23,119.7850,5581600,118.4872,120.2145,118.1510,0.0132,-0.0043,0.0302,0.0107,0.1333,76.6037,0.0116,0.0359,-0.0013,0.7862,-0.0161,0.7826,sell
2023-01-24,118.4218,5486200,118.4031,119.5235,112.4647,-0.0114,-0.0102,0.0159,-0.0024,0.1135,69.3116,0.0124,0.0346,-0.0024,0.6904,-0.0171,0.8377,hold
2023-01-25,118.4125,5933700,117.5161,118.5899,116.5544,-0.0001,0.0031,0.0078,-0.0033,0.1080,65.1868,0.0122,0.0329,-0.0033,0.6705,0.0816,0.9107,buy
2023-01-26,119.0754,5838800,119.9437,120.4386,117.6562,0.0056,0.0241,-0.0032,0.0026,0.1100,68.5852,0.0111,0.0314,-0.0036,0.6895,-0.0160,0.9019,hold
2023-01-27,119.0754,5730000,118.6459,120.0558,118.3004,0.0000,0.0072,-0.0028,0.0029,0.1055,60.2180,0.0111,0.0301,-0.0040,0.6751,-0.0186,0.8831,sell
2023-01-30,117.9923,6494600,118.1137,119.1034,117.8429,-0.0091,-0.0150,-0.0192,-0.0042,0.0917,54.8969,0.0110,0.0282,-0.0049,0.5776,0.1334,0.9864,buy
2023-01-31,118.8887,7686900,118.0390,119.3742,117.6562,0.0076,0.0039,-0.0063,0.0040,0.0957,54.8096,0.0113,0.0266,-0.0050,0.6351,0.1836,1.1387,buy
2023-02-01,120.9148,6387900,119.4209,121.5870,117.8522,0.0170,0.0211,0.0243,0.0186,0.1097,55.0128,0.0116,0.0261,-0.0040,0.8386,-0.1690,0.9586,hold
2023-02-02,120.5039,5214500,121.8018,122.6048,119.3835,-0.0034,0.0120,0.0364,0.0115,0.1014,53.6677,0.0102,0.0256,-0.0037,0.7819,-0.1837,0.8026,sell
2023-02-03,119.1501,4930200,118.3845,120.8401,118.0577,-0.0112,0.0006,0.0078,-0.0006,0.0846,46.2287,0.0100,0.0242,-0.0043,0.5854,-0.0545,0.7654,sell
2023-02-06,117.3947,4666400,117.1986,117.7402,116.0782,-0.0147,-0.0051,-0.0200,-0.0133,0.0650,43.1573,0.0100,0.0218,-0.0057,0.2263,-0.0535,0.7563,sell
2023-02-07,117.0212,5288900,115.7421,117.5815,115.0791,-0.0032,-0.0157,-0.0118,-0.0153,0.0582,46.6258,0.0095,0.0192,-0.0068,0.1353,0.1334,0.8867,sell
2023-02-08,114.7617,5877800,115.2005,115.8728,113.7253,-0.0193,-0.0509,-0.0308,-0.0314,0.0347,45.1843,0.0111,0.0156,-0.0087,-0.1552,0.1113,0.9856,sell
2023-02-09,114.0801,5929000,116.4423,116.7318,113.4452,-0.0059,-0.0533,-0.0420,-0.0330,0.0255,35.6404,0.0107,0.0119,-0.0100,-0.1023,0.0087,1.0031,hold
2023-02-10,114.1267,5195500,113.4545,114.5096,112.5488,0.0004,-0.0422,-0.0416,-0.0286,0.0232,28.1069,0.0107,0.0088,-0.0105,0.0019,-0.1237,0.9032,buy
2023-02-13,116.8532,5689800,114.6776,117.3854,114.3415,0.0239,-0.0046,-0.0097,-0.0044,0.0448,44.5098,0.0137,0.0081,-0.0086,0.3613,0.0951,0.9820,buy
2023-02-14,117.8335,4845900,115.7327,117.9829,115.5366,0.0084,0.0069,-0.0089,0.0049,0.0509,48.1028,0.0137,0.0081,-0.0067,0.4989,-0.1483,0.8461,buy
2023-02-15,119.0287,5687900,116.6197,119.0474,116.6197,0.0101,0.0372,-0.0156,0.0167,0.0589,49.8521,0.0129,0.0088,-0.0047,0.6481,0.1738,1.0030,sell
2023-02-16,116.1342,4722200,117.1146,118.7766,115.8821,-0.0243,0.0180,-0.0363,-0.0043,0.0306,42.1289,0.0148,0.0076,-0.0050,0.2730,-0.1698,0.8368,hold
2023-02-17,116.5637,5161500,115.5086,116.6104,115.2565,0.0037,0.0214,-0.0217,0.0016,0.0315,46.0383,0.0147,0.0067,-0.0047,0.3412,0.0930,0.9188,sell
2023-02-21,113.0717,5110300,115.1071,115.7794,112.9596,-0.0300,-0.0324,-0.0368,-0.0248,-0.0015,35.8986,0.0168,0.0036,-0.0065,-0.0097,-0.0099,0.9135,sell
2023-02-22,111.9512,5022000,113.0717,113.3518,111.7085,-0.0099,-0.0499,-0.0433,-0.0302,-0.0128,27.2728,0.0169,0.0002,-0.0080,-0.0260,-0.0173,0.9015,hold
2023-02-23,112.0072,4101900,112.7542,112.7542,110.6907,0.0005,-0.0590,-0.0240,-0.0274,-0.0140,28.0618,0.0161,-0.0025,-0.0085,0.0539,-0.1832,0.7486,sell
2023-02-24,110.2145,4693000,110.1492,110.8681,109.5609,-0.0160,-0.0510,-0.0339,-0.0398,-0.0307,27.4399,0.0166,-0.0059,-0.0097,-0.0107,0.1441,0.8656,hold
2023-02-27,110.6720,4239800,111.3536,111.8765,110.4760,0.0042,-0.0505,-0.0303,-0.0329,-0.0276,31.8365,0.0168,-0.0081,-0.0095,0.0872,-0.0966,0.7929,hold
2023-02-28,110.9148,8414100,110.8681,112.4181,110.0371,0.0022,-0.0191,-0.0508,-0.0257,-0.0267,33.3842,0.0141,-0.0096,-0.0088,0.1503,0.9846,1.5458,hold
2023-03-01,110.7187,4120500,110.1305,111.8485,110.0184,-0.0018,-0.0110,-0.0604,-0.0213,-0.0300,37.6073,0.0134,-0.0108,-0.0080,0.1735,-0.5103,0.7826,buy
2023-03-02,111.6524,4443200,109.7570,112.0072,109.7570,0.0084,-0.0032,-0.0620,-0.0066,-0.0240,42.6720,0.0132,-0.0109,-0.0064,0.2619,0.0783,0.8598,buy
2023-03-03,113.2443,3871800,112.4858,113.3379,111.4464,0.0143,0.0275,-0.0249,0.0102,-0.0130,47.5634,0.0129,-0.0096,-0.0042,0.4045,-0.1286,0.7591,sell
2023-03-06,112.5232,5183800,113.4222,114.2274,112.3266,-0.0064,0.0167,-0.0347,0.0074,-0.0220,36.5561,0.0128,-0.0091,-0.0030,0.3621,0.3389,1.0138,sell
2023-03-07,111.9802,5345700,112.5513,113.3192,111.6431,-0.0048,0.0096,-0.0097,0.0035,-0.0274,31.3187,0.0089,-0.0091,-0.0023,0.3323,0.0312,1.0386,hold
2023-03-08,112.2330,4175200,111.6805,112.4015,111.1749,0.0023,0.0137,0.0025,0.0055,-0.0258,26.9231,0.0083,-0.0087,-0.0015,0.3740,-0.2190,0.8200,sell
2023-03-09,110.3696,5635900,112.4390,114.1057,110.0700,-0.0166,-0.0115,-0.0146,-0.0097,-0.0422,28.9505,0.0099,-0.0098,-0.0020,0.2224,0.3499,1.1095,sell
2023-03-10,110.0138,5979600,111.2685,111.4183,109.2179,-0.0032,-0.0285,-0.0018,-0.0127,-0.0454,25.9534,0.0085,-0.0107,-0.0023,0.2178,0.0610,1.1766,sell
2023-03-13,109.4239,6038200,108.4500,110.7629,108.4220,-0.0054,-0.0275,-0.0113,-0.0169,-0.0508,32.9814,0.0085,-0.0118,-0.0027,0.1973,0.0098,1.1784,buy
2023-03-14,111.4277,6050800,111.4277,111.8865,109.7703,0.0183,-0.0049,0.0046,0.0006,-0.0338,47.7435,0.0105,-0.0108,-0.0015,0.3916,0.0021,1.1767,sell
2023-03-15,110.6505,6599200,108.9182,111.0812,108.4407,-0.0070,-0.0141,-0.0006,-0.0063,-0.0407,44.4945,0.0108,-0.0107,-0.0010,0.3367,0.0906,1.2618,buy
2023-03-16,112.9727,5658700,109.4239,113.1225,109.1898,0.0210,0.0236,0.0118,0.0134,-0.0210,60.7312,0.0125,-0.0086,0.0007,0.6399,-0.1425,1.0823,hold
2023-03-17,112.7293,12868900,113.4596,113.9840,111.1187,-0.0022,0.0247,-0.0045,0.0116,-0.0230,58.1396,0.0116,-0.0072,0.0017,0.6522,1.2742,2.2835,buy
2023-03-20,113.4877,7594100,113.2911,114.8735,112.1862,0.0067,0.0371,0.0086,0.0176,-0.0166,59.7808,0.0116,-0.0054,0.0027,0.8932,-0.4099,1.3190,buy
2023-03-21,117.6171,15078800,115.6414,118.0385,115.1451,0.0364,0.0555,0.0503,0.0493,0.0190,70.1872,0.0159,-0.0011,0.0054,1.3135,0.9856,2.4104,sell
2023-03-22,111.8959,17625500,115.7912,117.2894,111.7367,-0.0486,0.0113,-0.0030,-0.0015,-0.0298,50.5565,0.0233,-0.0017,0.0040,0.5082,0.1689,2.5596,buy
2023-03-23,113.2723,7628100,112.8042,115.4260,111.8678,0.0123,0.0027,0.0263,0.0082,-0.0171,50.0649,0.0228,-0.0012,0.0036,0.6901,-0.5672,1.0801,hold
2023-03-24,113.0289,6158800,112.5794,113.3004,111.7273,-0.0021,0.0027,0.0274,0.0034,-0.0182,51.1937,0.0228,-0.0010,0.0031,0.6391,-0.1926,0.8631,sell
2023-03-27,110.3134,6564200,113.3192,113.3660,110.1262,-0.0240,-0.0280,0.0081,-0.0215,-0.0402,46.4315,0.0242,-0.0028,0.0011,0.2613,0.0658,0.9052,hold
2023-03-28,110.3696,4461400,110.4445,110.9033,109.4145,0.0005,-0.0616,-0.0095,-0.0201,-0.0381,45.9765,0.0235,-0.0041,-0.0002,0.2757,-0.3203,0.6325,buy
2023-03-29,112.8229,5644000,111.0906,112.8978,110.9501,0.0222,0.0083,0.0196,-0.0002,-0.0155,55.1656,0.0244,-0.0032,0.0005,0.6004,0.2651,0.7916,hold
2023-03-30,112.4577,4578900,113.3285,113.7124,111.7461,-0.0032,-0.0072,-0.0046,-0.0030,-0.0178,55.1439,0.0235,-0.0029,0.0007,0.5440,-0.1887,0.6416,buy
2023-03-31,114.8361,5659400,113.2255,114.9016,112.9259,0.0211,0.0160,0.0187,0.0162,0.0033,60.5939,0.0244,-0.0008,0.0021,0.8478,0.2360,0.7831,sell
2023-04-03,113.9278,4838400,114.7050,115.0327,113.1319,-0.0079,0.0328,0.0039,0.0077,-0.0039,55.1130,0.0246,0.0001,0.0025,0.7134,-0.1451,0.6711,buy
2023-04-04,115.8193,5895300,113.6563,116.0627,113.6375,0.0166,0.0494,-0.0153,0.0261,0.0133,60.1099,0.0220,0.0021,0.0036,0.9028,0.2184,0.8146,sell
2023-04-05,113.2068,4331400,115.1732,115.4822,112.8884,-0.0226,0.0034,0.0117,0.0018,-0.0086,50.4528,0.0167,0.0019,0.0027,0.5813,-0.2653,0.5979,sell
2023-04-06,112.5701,4256900,111.9052,112.8229,110.3509,-0.0056,0.0010,-0.0062,-0.0032,-0.0132,49.6967,0.0164,0.0013,0.0017,0.4910,-0.0172,0.5933,buy
2023-04-10,114.1525,3731200,111.7086,114.1525,111.5494,0.0141,-0.0060,0.0099,0.0098,0.0015,51.2280,0.0170,0.0018,0.0018,0.6680,-0.1235,0.5283,buy
2023-04-11,115.4541,4471000,114.2743,116.1845,114.2743,0.0114,0.0134,0.0466,0.0167,0.0136,45.5388,0.0147,0.0031,0.0025,0.8121,0.1983,0.6401,hold
2023-04-12,115.7912,4524900,116.8212,116.9148,115.3792,0.0029,-0.0002,0.0491,0.0148,0.0170,60.3277,0.0146,0.0044,0.0029,0.8207,0.0121,0.6550,buy
2023-04-13,118.3849,5355300,116.7088,118.6096,116.5403,0.0224,0.0457,0.0493,0.0325,0.0398,62.7332,0.0147,0.0069,0.0044,1.0554,0.1835,0.7822,hold
2023-04-14,117.9354,4828700,118.9186,119.3775,117.5047,-0.0038,0.0477,0.0487,0.0237,0.0364,62.0960,0.0147,0.0086,0.0049,0.9325,-0.0983,0.7096,hold
2023-04-17,118.1602,3917900,118.0104,118.4317,117.1676,0.0019,0.0351,0.0289,0.0227,0.0388,72.0526,0.0135,0.0100,0.0050,0.8995,-0.1886,0.6163,hold
2023-04-18,118.1789,3857700,119.1340,119.1808,117.0646,0.0002,0.0236,0.0373,0.0191,0.0392,71.9936,0.0130,0.0110,0.0048,0.8564,-0.0154,0.6252,sell
2023-04-19,117.6733,3547400,117.9823,118.0572,116.9710,-0.0043,0.0163,0.0160,0.0131,0.0347,65.3435,0.0124,0.0113,0.0041,0.8066,-0.0804,0.6342,sell
2023-04-20,116.5309,3891600,116.8586,117.3736,115.8380,-0.0097,-0.0157,0.0294,0.0004,0.0247,62.2811,0.0101,0.0108,0.0028,0.6760,0.0970,0.7931,buy
2023-04-21,117.5422,3651400,116.4841,117.6826,115.7537,0.0087,-0.0033,0.0442,0.0048,0.0331,58.8923,0.0097,0.0107,0.0022,0.7498,-0.0617,0.7755,buy
2023-04-24,119.0029,3790900,117.5235,119.0404,117.1864,0.0124,0.0071,0.0425,0.0131,0.0450,66.0926,0.0096,0.0115,0.0025,0.8476,0.0382,0.8259,sell
2023-04-25,116.7275,4383300,118.4785,118.7033,116.1564,-0.0191,-0.0123,0.0110,-0.0074,0.0246,52.8116,0.0117,0.0107,0.0012,0.6176,0.1563,0.9782,sell
2023-04-26,115.9597,4003200,116.3062,117.0272,115.4447,-0.0066,-0.0146,0.0015,-0.0140,0.0180,59.6203,0.0119,0.0094,-0.0001,0.5122,-0.0867,0.8980,buy
2023-04-27,117.7013,4252100,116.5215,117.9916,115.3042,0.0150,0.0100,-0.0058,0.0014,0.0333,66.6464,0.0105,0.0092,-0.0001,0.6974,0.0622,0.9690,buy
2023-04-28,118.6565,4421400,117.1864,118.9842,117.0084,0.0081,0.0095,0.0061,0.0089,0.0418,65.2311,0.0108,0.0097,0.0003,0.7937,0.0398,1.0093,buy
2023-05-01,119.7801,4112600,118.8437,120.4917,118.7875,0.0095,0.0065,0.0137,0.0170,0.0510,64.8076,0.0111,0.0106,0.0011,0.8875,-0.0698,0.9557,sell
2023-05-02,119.1621,3831600,119.0591,119.4617,117.2051,-0.0052,0.0209,0.0083,0.0109,0.0451,61.3207,0.0113,0.0110,0.0011,0.7831,-0.0683,0.9010,sell
2023-05-03,118.6752,4560100,117.5047,120.2108,115.8005,-0.0041,0.0234,0.0085,0.0059,0.0398,51.1355,0.0113,0.0108,0.0007,0.7016,0.1901,1.0894,sell
2023-05-04,115.8005,6177100,116.9897,117.2238,115.0046,-0.0242,-0.0161,-0.0063,-0.0178,0.0139,42.9803,0.0135,0.0087,-0.0013,0.3080,0.3546,1.4438,buy
2023-05-05,118.5347,4887800,117.9167,118.9467,117.2519,0.0236,-0.0010,0.0084,0.0045,0.0367,51.0570,0.0154,0.0085,-0.0010,0.6776,-0.2087,1.1341,hold
2023-05-08,118.8063,3892600,119.1621,119.5647,117.9635,0.0023,-0.0081,-0.0017,0.0070,0.0375,51.7457,0.0148,0.0086,-0.0007,0.7135,-0.2036,0.9015,sell
2023-05-09,117.1395,4082100,117.2987,117.6639,116.2687,-0.0140,-0.0170,0.0035,-0.0075,0.0218,48.6050,0.0142,0.0075,-0.0015,0.3563,0.0487,0.9497,sell
2023-05-10,115.6507,5052600,118.2538,118.4130,114.3960,-0.0127,-0.0255,-0.0027,-0.0198,0.0079,47.7404,0.0147,0.0056,-0.0029,0.0424,0.2377,1.1683,sell
2023-05-11,114.4428,5923100,115.5945,115.9784,114.1432,-0.0104,-0.0117,-0.0277,-0.0274,-0.0032,42.1228,0.0139,0.0031,-0.0043,-0.0712,0.1723,1.3606,sell
2023-05-12,112.5607,6574200,113.2911,113.4877,111.4558,-0.0164,-0.0504,-0.0514,-0.0384,-0.0198,33.9702,0.0140,-0.0002,-0.0062,-0.1703,0.1099,1.4805,hold
2023-05-15,112.2049,5518200,112.1955,112.3547,110.5007,-0.0032,-0.0556,-0.0632,-0.0352,-0.0227,37.5580,0.0130,-0.0031,-0.0073,-0.0742,-0.1606,1.2207,sell
2023-05-16,109.0681,8306400,110.0231,110.3415,108.7310,-0.0280,-0.0689,-0.0847,-0.0540,-0.0495,33.2270,0.0147,-0.0078,-0.0097,-0.1867,0.5053,1.7513,hold
2023-05-17,109.5362,7765400,108.9744,109.6767,107.9163,0.0043,-0.0529,-0.0770,-0.0423,-0.0450,28.8144,0.0152,-0.0109,-0.0103,-0.0286,-0.0651,1.5675,buy
2023-05-18,111.3060,5970500,109.9576,111.5682,109.4145,0.0162,-0.0274,-0.0388,-0.0230,-0.0294,31.7016,0.0157,-0.0118,-0.0089,0.1531,-0.2311,1.1804,sell
2023-05-19,107.4575,11674300,107.2702,108.1410,105.9031,-0.0346,-0.0453,-0.0935,-0.0475,-0.0625,22.9885,0.0152,-0.0158,-0.0102,-0.0242,0.9553,2.1386,sell
2023-05-22,103.1689,12710300,105.6690,105.6690,103.0191,-0.0399,-0.0805,-0.1316,-0.0727,-0.0988,19.8020,0.0172,-0.0225,-0.0134,-0.1257,0.0887,2.1525,sell
2023-05-23,101.8580,11790400,102.7850,103.9929,101.3056,-0.0127,-0.0661,-0.1305,-0.0717,-0.1091,19.2044,0.0172,-0.0283,-0.0153,-0.0609,-0.0724,1.8789,hold
2023-05-24,101.3992,8503200,102.0640,102.1577,100.3786,-0.0045,-0.0743,-0.1232,-0.0637,-0.1115,21.0685,0.0175,-0.0329,-0.0158,0.0111,-0.2788,1.3081,sell
2023-05-25,100.6408,6729800,101.4554,102.0360,100.5846,-0.0075,-0.0958,-0.1206,-0.0587,-0.1166,10.9522,0.0176,-0.0368,-0.0157,0.0529,-0.2086,1.0159,hold
2023-05-26,100.6688,7911200,100.1913,101.5490,100.1913,0.0003,-0.0632,-0.1056,-0.0479,-0.1145,9.9958,0.0179,-0.0393,-0.0145,0.1072,0.1755,1.1636,sell
2023-05-30,99.7418,9335200,101.5022,101.9517,99.5078,-0.0092,-0.0332,-0.1111,-0.0454,-0.1206,10.3330,0.0177,-0.0419,-0.0135,0.1195,0.1800,1.3223,sell
2023-05-31,98.5620,21465200,98.9740,99.4141,98.1594,-0.0118,-0.0324,-0.0963,-0.0471,-0.1287,10.4807,0.0168,-0.0446,-0.0127,0.1226,1.2994,2.7029,sell
2023-06-01,97.0357,12025200,97.5507,97.9440,96.3522,-0.0155,-0.0430,-0.1141,-0.0504,-0.1391,10.3286,0.0161,-0.0478,-0.0124,0.1152,-0.4398,1.4463,buy
2023-06-02,101.2539,11838200,101.1129,101.8551,99.7038,0.0435,0.0061,-0.0903,0.0007,-0.1000,26.7110,0.0224,-0.0439,-0.0079,0.2825,-0.0156,1.3769,sell
2023-06-05,98.8301,7434000,101.3478,101.3478,98.8113,-0.0239,-0.0183,-0.0803,-0.0148,-0.1192,24.6142,0.0213,-0.0449,-0.0064,0.2239,-0.3720,0.8520,buy
2023-06-06,99.7601,7896300,99.1025,100.2862,98.8301,0.0094,0.0002,-0.0330,-0.0021,-0.1088,30.7180,0.0187,-0.0431,-0.0040,0.2759,0.0622,0.8847,buy
2023-06-07,100.6056,11123900,99.6192,101.6860,99.0368,0.0085,0.0207,-0.0123,0.0076,-0.0997,31.7844,0.0187,-0.0405,-0.0014,0.3264,0.4087,1.1990,sell
2023-06-08,99.7695,9137600,100.6714,101.0096,99.2716,-0.0083,0.0282,-0.0161,0.0008,-0.1055,25.5376,0.0188,-0.0393,0.0001,0.3095,-0.1786,0.9637,hold
2023-06-09,99.4501,5795200,99.4971,99.8447,98.9710,-0.0032,-0.0178,-0.0118,-0.0012,-0.1062,30.0324,0.0187,-0.0381,0.0012,0.3121,-0.3658,0.6116,buy
2023-06-12,100.3614,7964600,99.8541,100.3802,98.2664,0.0092,0.0155,-0.0031,0.0083,-0.0961,41.5808,0.0190,-0.0355,0.0027,0.3759,0.3743,0.8344,hold
2023-06-13,100.3144,8460500,100.6526,100.9720,99.8541,-0.0005,0.0056,0.0057,0.0072,-0.0941,44.9914,0.0187,-0.0334,0.0039,0.3923,0.0623,0.8729,buy
2023-06-14,106.0262,17415500,100.9720,106.5335,100.9720,0.0569,0.0539,0.0757,0.0567,-0.0412,61.1966,0.0251,-0.0253,0.0079,0.7742,1.0584,1.7163,hold
2023-06-15,105.6035,10374200,105.0586,105.9887,103.4897,-0.0040,0.0585,0.0883,0.0435,-0.0432,62.2073,0.0242,-0.0206,0.0103,0.7842,-0.4043,1.0094,buy
2023-06-16,106.7121,14445500,107.0972,107.8112,106.2142,0.0105,0.0730,0.0539,0.0488,-0.0321,64.1147,0.0210,-0.0155,0.0120,0.9569,0.3924,1.3499,sell
2023-06-20,102.9073,10602400,104.6641,105.9887,102.3624,-0.0357,0.0254,0.0413,0.0074,-0.0649,56.5172,0.0230,-0.0149,0.0109,0.6652,-0.2660,0.9957,hold
2023-06-21,103.3207,8377800,102.5221,103.6776,102.1276,0.0040,0.0300,0.0357,0.0079,-0.0593,60.1167,0.0230,-0.0135,0.0098,0.7047,-0.2098,0.8031,hold
2023-06-22,103.7716,6002900,104.1098,104.5137,103.1328,0.0044,-0.0213,0.0315,0.0092,-0.0532,65.0063,0.0229,-0.0118,0.0091,0.7341,-0.2835,0.5919,sell
2023-06-23,102.8885,14329200,101.2257,103.6119,100.8029,-0.0085,-0.0257,0.0313,-0.0024,-0.0590,54.2772,0.0229,-0.0112,0.0079,0.6408,1.3870,1.3734,buy
2023-06-26,104.9741,6887100,103.0294,105.4156,103.0294,0.0203,-0.0163,0.0555,0.0124,-0.0376,66.3664,0.0234,-0.0087,0.0080,0.8061,-0.5194,0.6596,buy
2023-06-27,106.7309,7138600,105.7162,107.2663,105.6223,0.0167,0.0372,0.0635,0.0231,-0.0195,67.7853,0.0236,-0.0054,0.0088,0.9070,0.0365,0.6862,hold
2023-06-28,106.1860,6766000,106.4772,106.8624,105.3311,-0.0051,0.0277,0.0585,0.0121,-0.0223,64.4596,0.0238,-0.0033,0.0088,0.8227,-0.0522,0.6586,hold
2023-06-29,106.5054,12465500,106.7214,107.3509,105.7914,0.0030,0.0263,0.0045,0.0147,-0.0173,67.9340,0.0157,-0.0014,0.0086,0.8151,0.8424,1.2689,sell
2023-06-30,103.6870,19629600,104.8332,105.4532,103.1516,-0.0265,0.0078,-0.0181,-0.0103,-0.0408,59.9559,0.0179,-0.0020,0.0066,0.5637,0.5747,1.9237,sell
2023-07-03,102.5033,5734200,104.3352,104.5607,102.5033,-0.0114,-0.0235,-0.0394,-0.0177,-0.0493,54.9695,0.0176,-0.0034,0.0042,0.4505,-0.7079,0.5793,sell
2023-07-05,100.6150,10405300,102.0430,102.3154,100.0889,-0.0184,-0.0573,-0.0223,-0.0336,-0.0639,50.6426,0.0147,-0.0060,0.0014,0.2594,0.8146,1.0356,sell
2023-07-06,98.7361,9923500,98.9146,99.6662,97.3927,-0.0187,-0.0702,-0.0444,-0.0475,-0.0779,31.3641,0.0154,-0.0096,-0.0016,0.0968,-0.0463,0.9778,sell
2023-07-07,98.1349,7463100,98.4543,99.0837,97.7309,-0.0061,-0.0786,-0.0543,-0.0481,-0.0803,31.0805,0.0151,-0.0128,-0.0038,0.0792,-0.2479,0.7489,buy
2023-07-10,99.3750,5374600,98.1537,99.8729,97.9376,0.0126,-0.0416,-0.0341,-0.0328,-0.0658,31.5366,0.0161,-0.0139,-0.0040,0.1917,-0.2798,0.5497,buy
2023-07-11,100.8875,5454900,99.2528,101.1036,99.2247,0.0152,-0.0158,-0.0389,-0.0142,-0.0485,44.2544,0.0153,-0.0133,-0.0029,0.3114,0.0149,0.5589,hold
2023-07-12,101.2351,8305000,101.9584,102.4845,100.7278,0.0034,0.0062,-0.0515,-0.0054,-0.0421,44.0450,0.0138,-0.0126,-0.0017,0.3363,0.5225,0.8494,hold
2023-07-13,101.3102,6692300,102.4657,102.5221,101.1599,0.0007,0.0261,-0.0459,0.0001,-0.0380,42.8180,0.0140,-0.0118,-0.0008,0.3360,-0.1942,0.6907,hold
2023-07-14,101.4136,6933600,101.4042,102.0618,100.6996,0.0010,0.0334,-0.0478,0.0062,-0.0338,45.4911,0.0139,-0.0110,0.0000,0.3632,0.0361,0.7565,buy
2023-07-17,102.1276,6682900,100.7654,102.4939,100.2956,0.0070,0.0277,-0.0150,0.0148,-0.0239,40.5016,0.0120,-0.0096,0.0011,0.4448,-0.0362,0.7441,buy
2023-07-18,103.0764,5717200,102.0054,103.6588,101.7518,0.0093,0.0217,0.0056,0.0237,-0.0125,37.1107,0.0118,-0.0076,0.0023,0.5575,-0.1445,0.6691,hold
2023-07-19,103.2267,5027100,102.4752,103.5743,102.0054,0.0015,0.0197,0.0260,0.0225,-0.0081,39.2639,0.0098,-0.0060,0.0032,0.5713,-0.1207,0.6082,sell
2023-07-20,101.0190,6458000,102.9355,103.3582,100.9720,-0.0214,-0.0029,0.0231,-0.0016,-0.0260,32.4940,0.0104,-0.0065,0.0023,0.3565,0.2846,0.7905,buy
2023-07-21,102.4564,6631600,101.4605,102.6724,101.0002,0.0142,0.0103,0.0440,0.0083,-0.0093,45.6936,0.0106,-0.0054,0.0026,0.5105,0.0269,0.8086,hold
2023-07-24,102.1839,6787600,103.7246,103.8561,101.9397,-0.0027,0.0006,0.0283,0.0028,-0.0094,48.8062,0.0104,-0.0049,0.0025,0.4860,0.0235,0.8675,sell
2023-07-25,101.7424,7692800,101.7236,102.2591,100.8875,-0.0043,-0.0129,0.0085,-0.0023,-0.0112,54.7244,0.0096,-0.0047,0.0022,0.4556,0.1334,0.9782,buy
2023-07-26,102.6818,5148900,101.7424,102.9543,101.4136,0.0092,-0.0053,0.0143,0.0055,-0.0002,67.9488,0.0099,-0.0038,0.0024,0.5873,-0.3307,0.6631,sell
2023-07-27,101.1505,6544600,103.1797,103.5555,100.8969,-0.0149,0.0013,-0.0016,-0.0094,-0.0130,62.6477,0.0112,-0.0043,0.0016,0.4246,0.2711,0.8441,buy
2023-07-28,102.0430,5988300,101.5639,102.3624,101.1129,0.0088,-0.0040,0.0062,-0.0013,-0.0029,61.5260,0.0116,-0.0038,0.0016,0.5971,-0.0850,0.8060,buy
2023-07-31,103.7058,6406000,102.7852,104.1380,102.4470,0.0163,0.0149,0.0155,0.0135,0.0145,62.0192,0.0125,-0.0021,0.0026,0.8835,0.0698,0.9464,sell
2023-08-01,102.7758,4566700,103.3394,103.8373,102.5315,-0.0090,0.0102,-0.0029,0.0047,0.0071,56.2595,0.0126,-0.0016,0.0026,0.7191,-0.2871,0.6806,sell
2023-08-02,101.0002,6213200,101.7236,101.9490,100.9438,-0.0173,-0.0164,-0.0216,-0.0105,-0.0091,48.8934,0.0136,-0.0025,0.0014,0.4115,0.3605,0.9558,buy
2023-08-03,102.0618,5084300,100.5211,102.4845,100.1923,0.0105,0.0090,0.0103,-0.0012,0.0016,52.1657,0.0123,-0.0023,0.0012,0.5734,-0.1817,0.8124,hold
2023-08-04,102.2215,5621400,102.1275,103.6307,101.6860,0.0016,0.0017,-0.0023,0.0006,0.0031,50.3259,0.0114,-0.0021,0.0012,0.5843,0.1056,0.9116,buy
2023-08-07,103.7904,4887300,103.2173,104.2225,102.5691,0.0153,0.0008,0.0157,0.0144,0.0180,52.3750,0.0123,-0.0006,0.0021,0.9690,-0.1306,0.7957,sell
2023-08-08,103.0482,5851900,102.9918,103.2361,100.8499,-0.0072,0.0027,0.0128,0.0059,0.0102,49.4287,0.0125,-0.0000,0.0021,0.7389,0.1974,0.9497,hold
2023-08-09,103.0482,4328600,103.1422,103.3582,101.7424,0.0000,0.0203,0.0036,0.0055,0.0098,57.5630,0.0122,0.0004,0.0021,0.7161,-0.2603,0.7259,sell
2023-08-10,102.4282,7276500,103.6307,105.1714,101.9491,-0.0060,0.0036,0.0126,-0.0018,0.0032,49.8882,0.0113,0.0003,0.0015,0.5206,0.6810,1.2143,sell
2023-08-11,101.5451,5104300,102.3060,102.8979,101.3290,-0.0086,-0.0066,-0.0049,-0.0099,-0.0061,47.5818,0.0113,-0.0005,0.0006,0.2498,-0.2985,0.8650,sell
2023-08-14,101.1223,5305200,101.3854,101.7424,100.5869,-0.0042,-0.0257,-0.0249,-0.0116,-0.0110,47.6496,0.0097,-0.0015,-0.0003,0.1553,0.0394,0.9097,sell
2023-08-15,100.0983,6197600,99.6474,100.3520,99.2059,-0.0101,-0.0286,-0.0261,-0.0190,-0.0208,40.2689,0.0098,-0.0031,-0.0015,-0.0293,0.1682,1.0583,hold
2023-08-16,100.0796,5953100,99.6474,101.8175,99.6474,-0.0002,-0.0288,-0.0091,-0.0183,-0.0212,45.4473,0.0083,-0.0043,-0.0021,0.0397,-0.0395,1.0086,sell
2023-08-17,98.6892,5692800,100.9251,101.3008,98.4355,-0.0139,-0.0365,-0.0330,-0.0287,-0.0346,36.3218,0.0082,-0.0063,-0.0034,-0.1306,-0.0437,0.9708,hold
2023-08-18,98.4637,5836100,97.5430,98.6892,97.4773,-0.0023,-0.0303,-0.0368,-0.0273,-0.0364,25.7813,0.0080,-0.0081,-0.0041,-0.0477,0.0252,1.0020,sell
2023-08-21,96.6318,6697600,99.0837,99.0931,96.4157,-0.0186,-0.0444,-0.0690,-0.0386,-0.0538,23.7981,0.0060,-0.0110,-0.0055,-0.1459,0.1476,1.1508,sell
2023-08-22,95.3165,9814700,94.8468,96.1714,94.6307,-0.0136,-0.0478,-0.0750,-0.0444,-0.0659,24.7707,0.0063,-0.0143,-0.0070,-0.1291,0.4654,1.6562,sell
2023-08-23,92.7706,20909100,91.1078,93.1840,90.7039,-0.0267,-0.0730,-0.0997,-0.0602,-0.0895,13.5594,0.0081,-0.0193,-0.0094,-0.1702,1.1304,3.1143,sell
2023-08-24,91.7184,10310000,92.7237,93.1840,91.6527,-0.0113,-0.0706,-0.1046,-0.0607,-0.0983,11.5015,0.0079,-0.0239,-0.0111,-0.0963,-0.5069,1.4937,buy
2023-08-25,92.8552,7290600,92.5358,93.0900,91.8875,0.0124,-0.0570,-0.0856,-0.0405,-0.0847,8.6060,0.0109,-0.0257,-0.0105,0.0572,-0.2929,1.0464,buy
2023-08-28,93.5973,6006600,93.5598,94.0013,92.8834,0.0080,-0.0314,-0.0744,-0.0253,-0.0752,14.2247,0.0121,-0.0262,-0.0089,0.1479,-0.1761,0.8646,buy
2023-08-29,95.6078,8641600,93.9731,95.9741,93.6819,0.0215,0.0031,-0.0449,0.0004,-0.0533,25.5555,0.0151,-0.0242,-0.0058,0.2967,0.4387,1.2084,hold
2023-08-30,95.9178,4822100,95.4856,96.5848,95.3635,0.0032,0.0339,-0.0416,0.0080,-0.0489,28.1663,0.0152,-0.0225,-0.0033,0.3332,-0.4420,0.6809,hold
2023-08-31,95.5514,7046200,96.4063,96.6599,95.4574,-0.0038,0.0418,-0.0318,0.0075,-0.0511,29.1775,0.0149,-0.0213,-0.0017,0.3290,0.4612,0.9814,buy
2023-09-01,96.4846,6359400,96.1170,97.0501,95.6928,0.0098,0.0391,-0.0201,0.0194,-0.0404,34.4399,0.0154,-0.0191,0.0003,0.4046,-0.0975,0.8812,sell
2023-09-05,94.5617,6698700,95.6739,96.1075,94.4768,-0.0199,0.0103,-0.0214,0.0013,-0.0580,32.4808,0.0156,-0.0193,0.0004,0.2986,0.0534,0.9167,hold
2023-09-06,94.4297,6096000,94.0338,94.5522,93.3457,-0.0014,-0.0123,-0.0093,0.0009,-0.0573,32.2498,0.0150,-0.0191,0.0005,0.3092,-0.0900,0.8329,sell
2023-09-07,92.3089,9927100,92.6199,93.0912,92.0355,-0.0225,-0.0376,-0.0050,-0.0211,-0.0758,30.8345,0.0143,-0.0210,-0.0007,0.1795,0.6285,1.3063,hold
2023-09-08,92.0638,6435000,92.4691,92.4974,91.6962,-0.0027,-0.0365,0.0038,-0.0241,-0.0757,30.7983,0.0138,-0.0221,-0.0014,0.1839,-0.3518,0.8515,sell
2023-09-11,91.2343,7584700,92.6859,92.7330,91.0364,-0.0090,-0.0544,-0.0175,-0.0312,-0.0812,32.7695,0.0134,-0.0236,-0.0022,0.1453,0.1787,0.9874,sell
2023-09-12,90.7724,6307700,91.4228,91.5925,90.6593,-0.0051,-0.0401,-0.0302,-0.0332,-0.0834,34.6578,0.0130,-0.0249,-0.0027,0.1332,-0.1684,0.8159,hold
2023-09-13,90.6122,7140700,90.7724,91.6208,90.1692,-0.0018,-0.0404,-0.0523,-0.0298,-0.0829,41.3130,0.0098,-0.0257,-0.0028,0.1467,0.1321,0.9180,buy
2023-09-14,91.6113,7075300,91.1683,92.0732,90.3954,0.0110,-0.0076,-0.0449,-0.0145,-0.0711,49.5671,0.0108,-0.0249,-0.0018,0.2521,-0.0092,0.9031,sell
2023-09-15,90.7347,10467300,92.5162,92.5162,90.6122,-0.0096,-0.0144,-0.0504,-0.0189,-0.0784,41.2453,0.0109,-0.0252,-0.0015,0.1847,0.4794,1.2965,sell
2023-09-18,90.0278,6946300,90.4896,90.8384,89.8110,-0.0078,-0.0132,-0.0669,-0.0197,-0.0841,35.2194,0.0096,-0.0258,-0.0015,0.1288,-0.3364,0.8545,sell
2023-09-19,89.1889,9386600,89.5847,90.0089,88.9909,-0.0093,-0.0174,-0.0568,-0.0231,-0.0908,20.5654,0.0085,-0.0268,-0.0018,0.0799,0.3513,1.1359,sell
2023-09-20,88.6421,10274200,88.5762,89.9241,88.4442,-0.0061,-0.0217,-0.0613,-0.0229,-0.0941,17.3455,0.0083,-0.0277,-0.0021,0.0774,0.0946,1.2399,sell
2023-09-21,86.3328,7958600,88.0577,88.1237,86.2291,-0.0261,-0.0576,-0.0647,-0.0420,-0.1150,14.7696,0.0092,-0.0309,-0.0036,-0.0473,-0.2254,1.0419,sell
2023-09-22,85.6352,9289400,86.3233,87.0303,85.3525,-0.0081,-0.0562,-0.0698,-0.0430,-0.1193,7.7770,0.0091,-0.0333,-0.0047,-0.0120,0.1672,1.2243,sell
2023-09-25,85.3996,8291700,84.8340,85.6352,84.6361,-0.0028,-0.0514,-0.0640,-0.0393,-0.1188,8.9528,0.0091,-0.0350,-0.0050,0.0460,-0.1074,1.0856,sell
2023-09-26,84.9943,8060500,84.8340,85.4938,84.6267,-0.0047,-0.0470,-0.0637,-0.0376,-0.1199,8.7387,0.0091,-0.0364,-0.0050,0.0803,-0.0279,1.0413,sell
2023-09-27,84.2873,7631000,85.3619,85.4939,84.0894,-0.0083,-0.0491,-0.0698,-0.0388,-0.1238,9.9719,0.0090,-0.0379,-0.0050,0.0866,-0.0533,0.9923,hold
2023-09-28,84.4853,16315600,83.9857,84.6267,83.5710,0.0023,-0.0214,-0.0778,-0.0286,-0.1183,12.0039,0.0073,-0.0382,-0.0043,0.1382,1.1381,1.9742,buy
2023-09-29,90.1315,34935400,93.6662,93.7605,89.1889,0.0668,0.0525,-0.0066,0.0370,-0.0572,46.2715,0.0247,-0.0306,0.0009,0.5306,1.1412,3.6169,sell
2023-10-02,89.1323,12776300,90.6782,90.8478,88.3499,-0.0111,0.0437,-0.0099,0.0266,-0.0651,44.6494,0.0248,-0.0274,0.0036,0.4845,-0.6343,1.2802,hold
2023-10-03,89.6319,10964300,88.9061,90.5368,88.7741,0.0056,0.0546,0.0050,0.0318,-0.0574,46.8712,0.0247,-0.0237,0.0057,0.5468,-0.1418,1.0757,buy
2023-10-04,90.3860,8045400,90.0938,90.7347,89.6602,0.0084,0.0724,0.0197,0.0384,-0.0472,46.0269,0.0247,-0.0199,0.0074,0.6409,-0.2662,0.7818,hold
2023-10-05,90.2917,7430000,90.2917,90.7064,89.8110,-0.0010,0.0687,0.0459,0.0326,-0.0457,48.4868,0.0227,-0.0169,0.0084,0.6471,-0.0765,0.7309,buy
2023-10-06,91.5359,8532900,90.2917,92.1015,89.6036,0.0138,0.0156,0.0689,0.0399,-0.0305,54.9689,0.0224,-0.0130,0.0095,0.7742,0.1484,0.8308,hold
2023-10-09,91.3191,5964200,91.2249,91.5642,90.4142,-0.0024,0.0245,0.0693,0.0305,-0.0306,57.3186,0.0224,-0.0103,0.0098,0.7519,-0.3010,0.5853,buy
2023-10-10,92.0166,8499000,91.6679,93.1855,91.6490,0.0076,0.0266,0.0826,0.0302,-0.0208,61.4743,0.0220,-0.0073,0.0101,0.8064,0.4250,0.8252,buy
2023-10-11,92.9875,7642900,92.6671,93.2703,92.3843,0.0106,0.0288,0.1032,0.0310,-0.0084,74.8941,0.0212,-0.0041,0.0105,0.8688,-0.1007,0.7403,hold
2023-10-12,93.5531,10705200,93.8264,94.3072,92.8650,0.0061,0.0361,0.1073,0.0269,-0.0008,79.9144,0.0211,-0.0011,0.0108,0.8928,0.4007,1.0190,buy
2023-10-13,94.1752,8774700,93.8736,95.0613,93.7416,0.0066,0.0288,0.0449,0.0292,0.0076,82.2145,0.0073,0.0018,0.0109,0.9035,-0.1803,0.8420,buy
2023-10-16,96.1829,10845400,93.9961,96.6920,93.8830,0.0213,0.0533,0.0791,0.0431,0.0304,86.7492,0.0068,0.0056,0.0116,0.9832,0.2360,1.0216,buy
2023-10-17,97.0973,9253800,96.1170,97.6440,96.1170,0.0095,0.0552,0.0833,0.0446,0.0417,91.5088,0.0068,0.0092,0.0121,0.9677,-0.1468,0.8722,buy
2023-10-18,97.8136,8757300,97.0596,97.9362,97.0219,0.0074,0.0519,0.0822,0.0439,0.0505,91.7848,0.0068,0.0125,0.0123,0.9419,-0.0537,0.8314,sell
2023-10-19,97.1350,8391100,97.8136,98.3603,96.9464,-0.0069,0.0383,0.0758,0.0292,0.0446,81.8883,0.0078,0.0145,0.0114,0.8572,-0.0418,0.7950,sell
2023-10-20,96.7768,7823500,97.3895,97.8136,96.6825,-0.0037,0.0276,0.0573,0.0197,0.0420,86.9643,0.0082,0.0156,0.0100,0.8045,-0.0676,0.7464,hold
2023-10-23,96.9087,5966100,96.2678,97.8042,95.9284,0.0014,0.0075,0.0612,0.0151,0.0444,86.4838,0.0079,0.0164,0.0086,0.7846,-0.2374,0.5756,buy
2023-10-24,99.1427,9252200,97.7100,99.5857,97.7100,0.0231,0.0211,0.0774,0.0308,0.0690,88.2303,0.0095,0.0182,0.0085,0.8790,0.5508,0.8875,sell
2023-10-25,97.5968,7054700,98.4640,99.0107,97.5497,-0.0156,-0.0022,0.0496,0.0099,0.0529,78.3052,0.0119,0.0187,0.0071,0.7719,-0.2375,0.6786,sell
2023-10-26,94.2789,11222600,96.3149,96.7391,94.2129,-0.0340,-0.0294,0.0078,-0.0251,0.0183,59.1567,0.0171,0.0166,0.0037,0.5290,0.5908,1.1066,sell
2023-10-27,92.3560,9602700,94.0527,94.5805,92.1957,-0.0204,-0.0457,-0.0193,-0.0432,-0.0011,53.1074,0.0182,0.0128,-0.0003,0.3670,-0.1443,1.0820,buy
2023-10-30,95.9567,8206700,93.3174,96.1924,93.3174,0.0390,-0.0098,-0.0024,-0.0057,0.0385,60.0578,0.0213,0.0121,-0.0004,0.6367,-0.1454,0.9491,buy
2023-10-31,96.8710,6558500,95.5797,97.0219,95.5797,0.0095,-0.0229,-0.0023,0.0040,0.0483,59.9421,0.0213,0.0124,0.0000,0.6954,-0.2008,0.7783,sell
2023-11-01,95.0895,7272400,96.6637,96.7768,94.2318,-0.0184,-0.0257,-0.0279,-0.0117,0.0291,53.7028,0.0218,0.0114,-0.0010,0.5132,0.1089,0.8670,buy
2023-11-02,99.0485,8135100,96.1924,99.4915,96.0416,0.0416,0.0506,0.0197,0.0274,0.0705,60.1174,0.0258,0.0130,0.0009,0.8707,0.1186,0.9658,buy
2023-11-03,100.9148,7568000,100.3210,101.4709,99.9628,0.0188,0.0927,0.0428,0.0423,0.0885,59.8819,0.0262,0.0157,0.0030,0.9892,-0.0697,0.9037,hold
2023-11-06,101.0939,5231900,100.8206,101.4238,100.2644,0.0018,0.0535,0.0432,0.0397,0.0885,58.6109,0.0262,0.0179,0.0042,0.9557,-0.3087,0.6275,buy
2023-11-07,103.0828,7745800,101.1599,103.0828,101.0750,0.0197,0.0641,0.0397,0.0559,0.1076,60.7624,0.0260,0.0207,0.0058,1.0514,0.4805,0.9332,hold
2023-11-08,103.1111,8639700,103.0922,104.3459,102.6492,0.0003,0.0844,0.0565,0.0502,0.1061,62.5395,0.0251,0.0229,0.0064,0.9805,0.1154,1.0346,sell
2023-11-09,100.8582,9154200,103.5164,103.5918,100.7828,-0.0218,0.0183,0.0698,0.0204,0.0808,57.9333,0.0232,0.0231,0.0050,0.7644,0.0596,1.1065,sell
2023-11-10,100.0193,8897700,101.1787,101.6406,99.5480,-0.0083,-0.0089,0.0830,0.0042,0.0708,55.8844,0.0219,0.0221,0.0031,0.6726,-0.0280,1.0747,sell
2023-11-13,98.2190,7055600,99.3218,99.6517,98.2001,-0.0180,-0.0284,0.0236,-0.0161,0.0511,48.2233,0.0203,0.0199,0.0004,0.5045,-0.2070,0.8722,buy
2023-11-14,99.6800,9674800,99.5009,100.9525,99.3312,0.0149,-0.0330,0.0290,-0.0043,0.0656,54.0197,0.0206,0.0185,-0.0006,0.6234,0.3712,1.1929,buy
2023-11-15,101.6312,11140800,100.6886,102.8000,100.5943,0.0196,-0.0144,0.0688,0.0086,0.0848,64.9769,0.0197,0.0186,-0.0001,0.7714,0.1515,1.3537,hold
2023-11-16,101.4332,5386800,100.9525,101.8008,100.8582,-0.0019,0.0057,0.0241,0.0042,0.0806,69.8884,0.0155,0.0187,-0.0000,0.7315,-0.5165,0.6667,sell
2023-11-17,99.8779,6352600,101.8574,101.9988,99.4632,-0.0153,-0.0014,-0.0103,-0.0101,0.0622,59.4373,0.0153,0.0175,-0.0012,0.5872,0.1793,0.7935,hold
2023-11-20,100.2173,6197400,99.9156,100.4341,99.0673,0.0034,0.0203,-0.0087,-0.0059,0.0638,58.2828,0.0153,0.0164,-0.0018,0.6029,-0.0244,0.7730,hold
2023-11-21,100.4341,5803500,100.0759,100.5755,99.3029,0.0022,0.0076,-0.0257,-0.0011,0.0639,64.3399,0.0136,0.0155,-0.0021,0.6153,-0.0636,0.7398,buy
2023-11-22,101.7254,6280300,101.3296,101.8291,100.6886,0.0129,0.0009,-0.0134,0.0131,0.0751,58.3825,0.0145,0.0155,-0.0015,0.7059,0.0822,0.8045,hold
2023-11-24,101.4615,2443600,101.3296,101.8009,101.2353,-0.0026,0.0003,0.0060,0.0099,0.0701,51.9029,0.0126,0.0153,-0.0014,0.6650,-0.6109,0.3317,hold
2023-11-27,101.7631,5785000,101.4804,102.0082,100.7640,0.0030,0.0189,0.0174,0.0111,0.0708,52.3097,0.0122,0.0151,-0.0012,0.6890,1.3674,0.8061,buy
2023-11-28,102.5078,7287400,102.3381,103.5918,101.9422,0.0073,0.0229,0.0437,0.0142,0.0758,47.8293,0.0100,0.0153,-0.0007,0.7580,0.2597,1.0220,buy
2023-11-29,104.0348,9601800,104.4401,105.7127,103.8275,0.0149,0.0359,0.0437,0.0249,0.0884,53.1330,0.0100,0.0163,0.0004,0.9116,0.3176,1.3184,hold
2023-11-30,103.9406,8690900,104.1856,104.2516,102.7057,-0.0009,0.0218,0.0227,0.0216,0.0839,62.2471,0.0086,0.0171,0.0009,0.9317,-0.0949,1.1818,buy
2023-12-01,107.3264,8051800,104.3472,107.3926,103.7987,0.0326,0.0578,0.0581,0.0488,0.1144,74.1466,0.0127,0.0194,0.0030,1.2139,-0.0735,1.0956,buy
2023-12-04,108.9059,10086600,106.9481,109.0666,106.8724,0.0147,0.0702,0.0904,0.0550,0.1253,85.8385,0.0105,0.0223,0.0049,1.1713,0.2527,1.3493,hold
2023-12-05,109.1518,6960000,108.4424,109.7476,108.3857,0.0023,0.0648,0.0892,0.0483,0.1224,84.5820,0.0105,0.0246,0.0058,1.0597,-0.3100,0.9204,buy
2023-12-06,109.8138,6317000,109.7098,110.7880,109.3031,0.0061,0.0555,0.0934,0.0452,0.1234,82.9798,0.0103,0.0265,0.0063,1.0142,-0.0924,0.8433,sell
2023-12-07,108.5843,7294500,107.9317,109.7098,107.9317,-0.0112,0.0447,0.0674,0.0268,0.1054,76.6094,0.0120,0.0273,0.0054,0.8776,0.1547,0.9827,buy
2023-12-08,109.6246,6122200,108.2911,109.9840,108.2627,0.0096,0.0214,0.0805,0.0287,0.1103,87.7133,0.0116,0.0278,0.0049,0.8932,-0.1607,0.8419,buy
2023-12-11,112.1782,7972800,111.4027,112.9443,111.0622,0.0233,0.0300,0.1023,0.0425,0.1311,89.5106,0.0124,0.0293,0.0055,0.9746,0.3023,1.1035,buy
2023-12-12,113.1524,7378400,113.1902,113.4834,112.1499,0.0087,0.0367,0.1038,0.0412,0.1354,90.0105,0.0124,0.0310,0.0060,0.9645,-0.0746,1.0189,buy
2023-12-13,114.5994,8182900,112.8781,114.8548,112.7362,0.0128,0.0436,0.1015,0.0444,0.1442,90.1074,0.0123,0.0328,0.0065,0.9699,0.1090,1.1418,hold
2023-12-14,114.4576,9590500,114.8548,115.9424,113.3226,-0.0012,0.0541,0.1012,0.0332,0.1373,90.7979,0.0123,0.0341,0.0062,0.9045,0.1720,1.3528,buy
2023-12-15,114.9588,13633300,114.3724,115.4412,114.0603,0.0044,0.0487,0.0711,0.0306,0.1367,90.9118,0.0094,0.0349,0.0057,0.8794,0.4215,1.8174,sell
2023-12-18,114.5710,6874800,114.8264,115.2331,114.3062,-0.0034,0.0213,0.0520,0.0220,0.1277,88.2472,0.0095,0.0351,0.0046,0.8270,-0.4957,0.9133,buy
2023-12-19,115.9897,7697300,115.1385,116.6517,115.0439,0.0124,0.0251,0.0626,0.0283,0.1362,88.1659,0.0097,0.0353,0.0042,0.8565,0.1196,1.0124,sell
2023-12-20,114.8453,9176600,114.5616,116.6990,114.4386,-0.0099,0.0021,0.0458,0.0137,0.1200,82.6259,0.0109,0.0349,0.0028,0.7772,0.1922,1.1808,buy
2023-12-21,115.8857,16533300,115.6681,116.6139,114.7224,0.0091,0.0125,0.0672,0.0163,0.1251,79.7893,0.0095,0.0344,0.0020,0.7998,0.8017,1.9958,sell
2023-12-22,102.1814,46666200,102.3895,104.7918,101.6234,-0.1183,-0.1111,-0.0679,-0.0980,-0.0096,37.3081,0.0405,0.0277,-0.0072,0.1082,1.8226,4.4464,hold
2023-12-26,102.1625,12846700,102.4273,102.7962,101.6518,-0.0002,-0.1083,-0.0893,-0.0901,-0.0113,36.6943,0.0392,0.0184,-0.0132,0.1035,-0.7247,1.1842,hold
2023-12-27,101.3207,10157900,102.4651,102.7016,101.0559,-0.0082,-0.1265,-0.1046,-0.0880,-0.0204,33.9413,0.0388,0.0104,-0.0171,0.0724,-0.2093,0.9241,buy
2023-12-28,102.9191,9352900,101.3964,103.4677,101.0181,0.0158,-0.1038,-0.1019,-0.0638,-0.0061,39.4356,0.0390,0.0051,-0.0176,0.1601,-0.0792,0.8519,hold
2023-12-29,102.6827,7667500,103.0515,103.9973,102.2287,-0.0023,-0.1139,-0.1029,-0.0558,-0.0093,36.6546,0.0390,0.0008,-0.0176,0.1572,-0.1802,0.7016,sell
2024-01-02,100.7722,9326600,101.7747,102.0017,100.6776,-0.0186,-0.0138,-0.1234,-0.0611,-0.0284,27.5168,0.0387,-0.0041,-0.0183,0.1078,0.2164,0.8485,sell
2024-01-03,98.3983,10573700,99.9872,101.6518,98.3605,-0.0236,-0.0368,-0.1412,-0.0692,-0.0516,22.4382,0.0387,-0.0101,-0.0197,0.0656,0.1337,0.9598,sell
2024-01-04,96.7527,10420600,96.9040,98.0011,96.7527,-0.0167,-0.0451,-0.1659,-0.0678,-0.0675,16.9064,0.0375,-0.0161,-0.0207,0.0650,-0.0145,0.9313,hold
2024-01-05,96.5446,8044500,96.9040,98.0578,96.3744,-0.0022,-0.0619,-0.1594,-0.0531,-0.0690,16.8650,0.0378,-0.0208,-0.0203,0.1107,-0.2280,0.7134,buy
2024-01-08,98.0011,9414200,96.5446,98.0673,96.2136,0.0151,-0.0456,-0.1543,-0.0217,-0.0550,19.7026,0.0383,-0.0226,-0.0177,0.1939,0.1703,0.8271,hold
2024-01-09,97.1688,7759500,97.5755,97.7930,96.9418,-0.0085,-0.0358,-0.0491,-0.0251,-0.0636,19.3945,0.0132,-0.0250,-0.0160,0.1987,-0.1758,0.6769,buy
2024-01-10,98.1430,6784700,97.1215,98.1997,96.8189,0.0100,-0.0026,-0.0393,-0.0114,-0.0552,18.1142,0.0140,-0.0253,-0.0131,0.2559,-0.1256,0.5949,buy
2024-01-11,100.1574,9537700,98.5685,100.2615,98.1051,0.0205,0.0352,-0.0115,0.0101,-0.0366,24.5493,0.0158,-0.0233,-0.0091,0.3389,0.4058,0.8285,sell
2024-01-12,99.3630,6680900,100.2520,100.5547,99.0414,-0.0079,0.0292,-0.0346,0.0057,-0.0447,21.1239,0.0148,-0.0227,-0.0067,0.3327,-0.2995,0.5841,sell
2024-01-16,96.2041,10547900,98.3037,98.5686,95.8636,-0.0318,-0.0183,-0.0631,-0.0198,-0.0753,33.4554,0.0172,-0.0252,-0.0070,0.2514,0.5788,0.9184,sell
2024-01-17,95.3529,8226200,95.5705,95.8163,94.8044,-0.0088,-0.0187,-0.0538,-0.0231,-0.0828,31.9819,0.0167,-0.0272,-0.0070,0.2447,-0.2201,0.7335,hold
2024-01-18,95.4664,8852400,95.5232,95.9298,94.6436,0.0012,-0.0273,-0.0298,-0.0190,-0.0808,33.8886,0.0155,-0.0282,-0.0064,0.2680,0.0761,0.7825,buy
2024-01-19,96.2609,8517200,95.5421,96.6392,94.2653,0.0083,-0.0389,-0.0051,-0.0103,-0.0723,30.8278,0.0151,-0.0277,-0.0049,0.3111,-0.0379,0.7501,sell
2024-01-22,95.1070,9897400,96.2325,96.2892,94.6625,-0.0120,-0.0428,-0.0149,-0.0208,-0.0820,29.2808,0.0155,-0.0286,-0.0044,0.2616,0.1620,0.8689,buy
2024-01-23,96.3744,8208000,96.1190,96.6013,95.7407,0.0133,0.0018,-0.0166,-0.0060,-0.0685,37.5335,0.0153,-0.0272,-0.0027,0.2944,-0.1707,0.7479,sell
2024-01-24,95.2962,7879300,96.2609,96.2798,95.2300,-0.0112,-0.0006,-0.0193,-0.0153,-0.0779,40.5092,0.0155,-0.0273,-0.0020,0.2206,-0.0400,0.8721,hold
2024-01-25,95.3056,10063700,96.0244,96.2230,94.6625,0.0001,-0.0017,-0.0289,-0.0123,-0.0770,45.0803,0.0149,-0.0268,-0.0012,0.2449,0.2772,1.1313,buy
2024-01-26,97.1783,9735800,96.0623,97.6701,95.7312,0.0196,0.0095,-0.0297,0.0103,-0.0587,51.9353,0.0148,-0.0241,0.0008,0.4483,-0.0326,1.0970,buy
2024-01-29,98.2470,8860800,97.3012,98.3699,95.8447,0.0110,0.0330,-0.0112,0.0226,-0.0481,50.7692,0.0153,-0.0210,0.0029,0.5982,-0.0899,1.0012,hold
2024-01-30,98.5307,7542800,97.7363,98.6537,97.5377,0.0029,0.0224,0.0242,0.0230,-0.0448,54.4117,0.0108,-0.0182,0.0045,0.6942,-0.1487,0.8529,sell
2024-01-31,96.0244,11547600,98.4456,98.6442,95.6367,-0.0254,0.0076,0.0070,-0.0037,-0.0681,43.7570,0.0136,-0.0184,0.0039,0.3350,0.5309,1.2896,hold
2024-02-01,96.2420,7666700,96.3744,96.7054,95.1543,0.0023,0.0098,0.0081,-0.0022,-0.0653,37.0949,0.0136,-0.0178,0.0036,0.3881,-0.3361,0.8703,sell
2024-02-02,95.2489,8966900,95.4097,95.9109,94.0383,-0.0103,-0.0199,-0.0105,-0.0115,-0.0741,36.6155,0.0138,-0.0181,0.0028,0.2370,0.1696,1.0263,sell
2024-02-05,94.2747,10097900,95.0503,95.1354,93.6789,-0.0102,-0.0404,-0.0088,-0.0207,-0.0824,42.6830,0.0136,-0.0190,0.0017,0.1190,0.1261,1.1424,buy
2024-02-06,97.0459,11368600,94.1045,97.0648,93.7546,0.0294,-0.0151,0.0070,0.0073,-0.0546,55.6042,0.0162,-0.0165,0.0029,0.5634,0.1258,1.2721,buy
2024-02-07,98.1619,9447800,96.8378,98.6820,96.8000,0.0115,0.0223,0.0301,0.0159,-0.0431,58.3676,0.0159,-0.0137,0.0043,0.7292,-0.1690,1.0473,hold
2024-02-08,98.1430,6330400,98.7672,99.2684,97.4620,-0.0002,0.0198,0.0298,0.0127,-0.0426,56.1382,0.0159,-0.0116,0.0052,0.7263,-0.3300,0.7035,buy
2024-02-09,98.8334,5449000,98.1713,99.2495,97.7268,0.0070,0.0376,0.0170,0.0181,-0.0352,62.5318,0.0149,-0.0091,0.0060,0.8751,-0.1392,0.6196,buy
2024-02-12,101.3680,7501900,99.0603,101.6045,98.9752,0.0256,0.0752,0.0318,0.0409,-0.0099,65.4748,0.0166,-0.0050,0.0078,1.1772,0.3767,0.8491,sell
2024-02-13,99.3063,6180500,99.2968,100.0629,98.5969,-0.0203,0.0233,0.0079,0.0189,-0.0292,61.7127,0.0182,-0.0035,0.0076,0.8360,-0.1761,0.7172,buy
2024-02-14,100.5641,5743300,99.1360,100.6492,98.7955,0.0127,0.0245,0.0473,0.0270,-0.0156,64.3151,0.0159,-0.0013,0.0078,0.9408,-0.0707,0.6762,hold
2024-02-15,100.2993,7201300,101.2167,101.5194,100.0912,-0.0026,0.0220,0.0422,0.0201,-0.0165,59.3115,0.0160,0.0003,0.0075,0.8608,0.2539,0.8562,sell
2024-02-16,97.8971,14590100,98.9563,99.0225,96.1379,-0.0240,-0.0095,0.0278,-0.0070,-0.0380,49.0330,0.0179,-0.0004,0.0056,0.5531,1.0260,1.6743,hold
2024-02-20,97.6984,8759500,97.5377,98.2092,96.6297,-0.0020,-0.0362,0.0363,-0.0125,-0.0376,47.6891,0.0174,-0.0012,0.0039,0.5126,-0.3996,1.0118,buy
2024-02-21,99.5616,8888100,97.7457,99.7981,97.3485,0.0191,0.0026,0.0259,0.0038,-0.0175,60.1852,0.0160,-0.0002,0.0038,0.7312,0.0147,1.0227,hold
2024-02-22,99.3819,6705500,100.0629,100.2615,98.4361,-0.0018,-0.0118,0.0124,0.0008,-0.0173,59.0611,0.0157,0.0004,0.0035,0.6876,-0.2456,0.7768,buy
2024-02-23,99.9021,6947300,99.5522,100.8384,99.4860,0.0052,-0.0040,0.0179,0.0042,-0.0098,63.8048,0.0157,0.0013,0.0035,0.7337,0.0361,0.8196,sell
2024-02-26,98.8712,5831500,99.5994,100.3466,98.1335,-0.0103,0.0100,0.0004,-0.0062,-0.0172,63.5906,0.0160,0.0012,0.0027,0.5814,-0.1606,0.7042,buy
2024-02-27,99.4481,5317400,99.1455,99.5427,98.3510,0.0058,0.0179,-0.0189,0.0016,-0.0085,58.1620,0.0136,0.0015,0.0024,0.6510,-0.0882,0.6561,sell
2024-02-28,98.6915,4219800,98.4551,99.7224,98.0767,-0.0076,-0.0087,-0.0062,-0.0054,-0.0129,51.8445,0.0122,0.0011,0.0017,0.5468,-0.2064,0.5316,sell
2024-02-29,98.2943,10811600,99.2873,99.8453,98.0578,-0.0040,-0.0109,-0.0226,-0.0072,-0.0136,50.5135,0.0113,0.0005,0.0008,0.4761,1.5621,1.3683,sell
2024-03-01,96.6997,7349300,98.5885,98.6550,96.6522,-0.0162,-0.0321,-0.0359,-0.0197,-0.0261,43.1785,0.0121,-0.0013,-0.0008,0.2412,-0.3202,0.9320,sell
2024-03-04,94.4787,11050900,96.4814,96.5953,93.9756,-0.0230,-0.0444,-0.0349,-0.0389,-0.0443,27.5234,0.0119,-0.0046,-0.0033,-0.0489,0.5037,1.3832,sell
2024-03-05,93.3112,8670600,93.9661,94.1275,93.0170,-0.0124,-0.0617,-0.0449,-0.0465,-0.0520,29.2290,0.0122,-0.0083,-0.0055,-0.1580,-0.2154,1.0950,sell
2024-03-06,92.6658,10045300,94.9153,95.0102,92.1248,-0.0069,-0.0611,-0.0693,-0.0464,-0.0541,21.4219,0.0090,-0.0116,-0.0071,-0.0977,0.1585,1.2793,buy
2024-03-07,93.1973,8133900,93.0075,93.3967,92.7133,0.0057,-0.0519,-0.0622,-0.0348,-0.0469,24.7899,0.0098,-0.0135,-0.0072,0.0379,-0.1903,1.0446,buy
2024-03-08,94.1180,9043500,93.4821,94.2699,93.0360,0.0099,-0.0267,-0.0579,-0.0194,-0.0359,35.0085,0.0105,-0.0140,-0.0062,0.1654,0.1118,1.1416,buy
2024-03-11,95.9404,8537400,94.8204,96.5858,94.3838,0.0194,0.0155,-0.0296,0.0027,-0.0162,43.8217,0.0130,-0.0125,-0.0039,0.3485,-0.0560,1.0571,sell
2024-03-12,95.0861,7040900,95.6651,96.2156,94.5831,-0.0089,0.0190,-0.0439,-0.0017,-0.0234,33.0716,0.0127,-0.0122,-0.0028,0.2911,-0.1753,0.8743,buy
2024-03-13,96.2061,7326400,95.4943,96.8136,95.2285,0.0118,0.0382,-0.0252,0.0127,-0.0105,38.7854,0.0136,-0.0107,-0.0011,0.4118,0.0405,0.9033,sell
2024-03-14,95.1621,8350900,97.0034,97.2787,95.0007,-0.0109,0.0211,-0.0319,0.0050,-0.0202,33.8588,0.0139,-0.0105,-0.0007,0.3302,0.1398,1.0133,sell
2024-03-15,94.5736,15208500,95.2000,96.0163,94.2888,-0.0062,0.0048,-0.0220,0.0011,-0.0254,34.9107,0.0132,-0.0107,-0.0006,0.2922,0.8212,1.7600,sell
2024-03-18,93.7194,7207000,93.9472,94.5926,93.5105,-0.0090,-0.0232,-0.0080,-0.0072,-0.0336,30.2700,0.0113,-0.0115,-0.0011,0.2312,-0.5261,0.8712,buy
2024-03-19,94.8773,6168900,93.4916,94.9533,93.4346,0.0124,-0.0022,0.0168,0.0034,-0.0214,37.2173,0.0112,-0.0108,-0.0004,0.3639,-0.1440,0.7576,hold
2024-03-20,95.1716,7771700,94.3932,95.3329,93.9946,0.0031,-0.0108,0.0270,0.0039,-0.0178,39.4618,0.0108,-0.0099,0.0003,0.4120,0.2598,0.9610,buy
2024-03-21,95.6936,17176000,95.3329,96.7377,94.6875,0.0055,0.0056,0.0268,0.0067,-0.0121,46.3398,0.0108,-0.0087,0.0012,0.4872,1.2101,1.9948,sell
2024-03-22,89.0875,41837400,89.0780,90.3309,87.0563,-0.0690,-0.0580,-0.0534,-0.0578,-0.0785,35.1309,0.0248,-0.0142,-0.0028,-0.1332,1.4358,4.0403,hold
2024-03-25,88.9831,14548800,89.2868,90.6631,88.0529,-0.0012,-0.0505,-0.0725,-0.0519,-0.0775,37.3193,0.0233,-0.0179,-0.0052,-0.0436,-0.6523,1.3483,sell
2024-03-26,87.8726,10816900,88.9736,89.0875,87.7112,-0.0125,-0.0738,-0.0759,-0.0565,-0.0868,36.3292,0.0234,-0.0219,-0.0072,-0.0556,-0.2565,0.9775,buy
2024-03-27,89.3438,11095700,88.5275,89.3627,87.6258,0.0167,-0.0612,-0.0713,-0.0336,-0.0702,39.5683,0.0239,-0.0228,-0.0067,0.1134,0.0258,0.9725,hold
2024-03-28,89.2014,11331700,89.5716,89.9892,88.6793,-0.0016,-0.0678,-0.0626,-0.0289,-0.0705,36.1051,0.0239,-0.0238,-0.0061,0.1355,0.0213,0.9909,sell
2024-04-01,87.8536,10360000,89.0400,89.1444,87.0278,-0.0151,-0.0139,-0.0711,-0.0365,-0.0831,26.5160,0.0241,-0.0258,-0.0063,0.0736,-0.0858,0.8942,sell
2024-04-02,86.3254,11107300,87.0943,87.2271,86.0312,-0.0174,-0.0299,-0.0789,-0.0455,-0.0972,25.5172,0.0243,-0.0287,-0.0071,0.0278,0.0721,0.9584,hold
2024-04-03,85.7370,8876600,86.3824,86.7905,85.6895,-0.0068,-0.0243,-0.0963,-0.0423,-0.1016,19.8469,0.0232,-0.0311,-0.0074,0.0554,-0.2008,0.7653,sell
2024-04-04,84.5410,12110300,86.3255,86.4204,84.3702,-0.0139,-0.0538,-0.1117,-0.0443,-0.1119,19.6748,0.0228,-0.0340,-0.0080,0.0471,0.3643,1.0348,hold
2024-04-05,84.3227,9716700,84.6170,85.6611,84.2848,-0.0026,-0.0547,-0.1188,-0.0344,-0.1121,20.0997,0.0223,-0.0358,-0.0078,0.0931,-0.1976,0.8247,buy
2024-04-08,85.4238,8452500,84.5790,85.6705,84.2848,0.0131,-0.0277,-0.0411,-0.0177,-0.0987,26.1463,0.0116,-0.0353,-0.0061,0.1934,-0.1301,0.7192,buy
2024-04-09,86.3729,7191900,85.4238,86.5248,85.3004,0.0111,0.0005,-0.0293,-0.0038,-0.0866,25.2486,0.0126,-0.0336,-0.0038,0.2716,-0.1491,0.6155,sell
2024-04-10,84.4746,7932900,85.3289,85.5187,84.2563,-0.0220,-0.0147,-0.0387,-0.0218,-0.1040,21.5260,0.0137,-0.0347,-0.0034,0.1938,0.1030,0.6763,buy
2024-04-11,87.3221,15330200,86.5912,87.7112,86.2116,0.0337,0.0329,-0.0226,0.0135,-0.0716,30.1708,0.0172,-0.0308,-0.0004,0.3778,0.9325,1.2639,hold
2024-04-12,87.3221,10905900,87.3316,88.1478,86.4868,0.0000,0.0356,-0.0211,0.0157,-0.0699,43.9136,0.0172,-0.0283,0.0016,0.3963,-0.2886,0.8897,buy
2024-04-15,88.3661,11597300,88.8312,89.1444,87.8346,0.0120,0.0344,0.0058,0.0273,-0.0572,48.0024,0.0170,-0.0248,0.0039,0.4837,0.0634,0.9603,hold
2024-04-16,88.6414,10388200,88.3092,89.4007,86.9899,0.0031,0.0263,0.0268,0.0277,-0.0529,52.6316,0.0158,-0.0217,0.0055,0.5218,-0.1043,0.8490,buy
2024-04-17,90.0177,10181200,89.7994,90.2360,88.8977,0.0155,0.0656,0.0499,0.0385,-0.0374,52.3218,0.0158,-0.0176,0.0074,0.6570,-0.0199,0.8187,buy
2024-04-18,90.8719,10062900,90.3214,91.0048,89.7234,0.0095,0.0407,0.0749,0.0408,-0.0269,55.4863,0.0144,-0.0135,0.0089,0.7816,-0.0116,0.8018,sell
2024-04-19,89.7234,11241900,90.5682,91.3275,89.6854,-0.0126,0.0275,0.0640,0.0213,-0.0375,56.2223,0.0155,-0.0115,0.0090,0.7703,0.1172,0.9174,hold
2024-04-22,89.4007,8642000,89.8183,90.2265,89.0780,-0.0036,0.0117,0.0466,0.0130,-0.0392,61.1264,0.0156,-0.0099,0.0085,0.7259,-0.2313,0.8157,hold
2024-04-23,89.2393,6582700,89.5716,89.9038,89.1349,-0.0018,0.0067,0.0332,0.0079,-0.0389,63.0758,0.0155,-0.0087,0.0078,0.7029,-0.2383,0.6456,buy
2024-04-24,89.8278,6493200,89.3153,90.3499,89.3153,0.0066,-0.0021,0.0634,0.0085,-0.0302,70.6756,0.0127,-0.0071,0.0075,0.7566,-0.0136,0.6506,sell
2024-04-25,89.1634,5317900,89.2204,89.9702,87.7397,-0.0074,-0.0188,0.0211,-0.0011,-0.0352,68.2927,0.0089,-0.0064,0.0066,0.6776,-0.1810,0.5487,hold
2024-04-26,89.3343,6115700,89.7804,90.5682,89.1350,0.0019,-0.0043,0.0230,-0.0014,-0.0310,65.8951,0.0089,-0.0056,0.0059,0.6971,0.1500,0.6485,hold
2024-04-29,89.2773,5030700,89.6380,90.0651,88.9356,-0.0006,-0.0014,0.0103,-0.0030,-0.0293,62.7288,0.0082,-0.0050,0.0052,0.6789,-0.1774,0.5490,sell
2024-04-30,87.5689,6493300,88.1858,88.7553,87.5594,-0.0191,-0.0187,-0.0121,-0.0209,-0.0458,63.7903,0.0103,-0.0061,0.0035,0.4661,0.2907,0.7269,sell
2024-05-01,85.7465,9783100,87.1417,87.1987,85.5092,-0.0208,-0.0454,-0.0474,-0.0367,-0.0632,42.2719,0.0102,-0.0086,0.0009,0.2445,0.5066,1.0896,buy
2024-05-02,87.7112,7333300,86.6861,87.7492,86.2875,0.0229,-0.0163,-0.0348,-0.0111,-0.0392,51.6003,0.0128,-0.0084,0.0007,0.4613,-0.2504,0.8391,hold
2024-05-03,87.4644,5736700,88.3566,88.8882,87.1987,-0.0028,-0.0209,-0.0252,-0.0114,-0.0394,46.0318,0.0124,-0.0085,0.0005,0.3974,-0.2177,0.6717,buy
2024-05-06,88.6129,6696300,88.0909,88.6224,87.7776,0.0131,-0.0074,-0.0088,0.0025,-0.0244,49.8835,0.0133,-0.0074,0.0012,0.5459,0.1673,0.7922,buy
2024-05-07,89.0116,7113500,89.2963,89.5241,88.4705,0.0045,0.0165,-0.0026,0.0072,-0.0179,45.5312,0.0134,-0.0061,0.0020,0.5918,0.0623,0.8419,hold
2024-05-08,88.8312,5372900,88.3851,88.8787,88.0150,-0.0020,0.0360,-0.0111,0.0063,-0.0175,40.3587,0.0132,-0.0052,0.0023,0.5332,-0.2447,0.6457,hold
2024-05-09,88.6414,6429800,88.8787,89.2014,88.2807,-0.0021,0.0106,-0.0059,0.0048,-0.0175,44.3788,0.0131,-0.0046,0.0023,0.4788,0.1967,0.8164,sell
2024-05-10,86.3160,10548400,88.3377,88.4041,86.2590,-0.0262,-0.0131,-0.0338,-0.0182,-0.0407,36.7347,0.0153,-0.0064,0.0006,0.0194,0.6405,1.3424,buy
2024-05-13,88.0055,8792100,86.6292,88.0529,86.5153,0.0196,-0.0069,-0.0142,0.0024,-0.0200,45.3103,0.0170,-0.0059,0.0008,0.3661,-0.1665,1.1392,hold
2024-05-14,88.0719,7811000,88.2617,89.5431,87.8916,0.0008,-0.0106,0.0057,0.0026,-0.0179,43.0504,0.0158,-0.0055,0.0009,0.3859,-0.1116,1.0293,sell
2024-05-15,87.0089,15614400,87.5973,87.9106,86.2306,-0.0121,-0.0205,0.0147,-0.0109,-0.0284,41.7335,0.0146,-0.0061,0.0003,0.2048,0.9990,1.9864,hold
2024-05-16,87.1038,12711700,87.0278,88.1193,86.8760,0.0011,-0.0173,-0.0069,-0.0091,-0.0261,41.3919,0.0126,-0.0064,-0.0000,0.2412,-0.1859,1.5903,buy
2024-05-17,87.4929,12019600,87.3316,87.5973,86.6956,0.0045,0.0136,0.0003,-0.0047,-0.0205,43.2857,0.0126,-0.0062,0.0001,0.3443,-0.0544,1.4965,sell
2024-05-20,87.1038,9701500,87.5593,87.9865,86.2116,-0.0044,-0.0102,-0.0170,-0.0075,-0.0233,48.0570,0.0118,-0.0064,0.0000,0.2806,-0.1929,1.2000,buy
2024-05-21,88.1004,7809700,86.9139,88.1289,86.8000,0.0114,0.0003,-0.0102,0.0049,-0.0104,60.5622,0.0124,-0.0054,0.0007,0.5188,-0.1950,0.9587,hold
2024-05-22,87.7966,7611900,87.2746,88.0434,86.9899,-0.0034,0.0091,-0.0116,0.0027,-0.0122,50.4505,0.0124,-0.0050,0.0009,0.4692,-0.0253,0.9280,sell
2024-05-23,86.7526,7729000,87.7492,87.8726,86.5153,-0.0119,-0.0040,-0.0213,-0.0071,-0.0219,46.5373,0.0129,-0.0056,0.0003,0.2318,0.0154,0.9287,hold
2024-05-24,87.0848,6936800,87.1038,87.5119,86.8380,0.0038,-0.0047,0.0089,-0.0042,-0.0163,41.9259,0.0098,-0.0056,0.0002,0.3360,-0.1025,0.8294,hold
2024-05-28,87.3221,10835000,87.0753,87.8156,86.7051,0.0027,0.0025,-0.0078,-0.0007,-0.0120,40.9183,0.0074,-0.0053,0.0004,0.4208,0.5620,1.2520,sell
2024-05-29,87.0089,7237300,87.0184,88.0055,86.7336,-0.0036,-0.0124,-0.0121,-0.0031,-0.0141,40.3421,0.0074,-0.0054,0.0003,0.3376,-0.3320,0.8327,buy
2024-05-30,88.6983,9300100,87.5404,89.1065,87.2841,0.0194,0.0103,0.0194,0.0143,0.0065,50.2603,0.0088,-0.0037,0.0015,0.8226,0.2850,1.0730,buy
2024-05-31,90.2170,12565600,88.7458,90.2360,88.2427,0.0171,0.0399,0.0357,0.0280,0.0249,69.2596,0.0100,-0.0011,0.0032,1.1266,0.3511,1.4073,hold
2024-06-03,89.9502,9668100,90.0645,90.7601,89.6167,-0.0030,0.0329,0.0281,0.0221,0.0232,61.1704,0.0102,0.0007,0.0040,0.9714,-0.2306,1.0595,buy
2024-06-04,90.2741,7838400,89.8454,90.6267,89.0068,0.0036,0.0338,0.0364,0.0221,0.0266,62.2861,0.0099,0.0024,0.0046,0.9771,-0.1893,0.8536,sell
2024-06-05,89.8740,7463300,90.8268,90.8268,89.2832,-0.0044,0.0329,0.0201,0.0155,0.0218,67.2608,0.0098,0.0034,0.0044,0.8661,-0.0479,0.8112,buy
2024-06-06,91.2080,9760100,90.3885,92.2371,89.5595,0.0148,0.0283,0.0389,0.0267,0.0362,71.5138,0.0103,0.0052,0.0050,1.0360,0.3077,1.0362,buy
2024-06-07,91.9988,9397400,90.8935,93.3233,90.8078,0.0087,0.0198,0.0605,0.0295,0.0446,72.6650,0.0088,0.0072,0.0056,1.0537,-0.0372,0.9822,sell
2024-06-10,91.4748,7035100,91.2175,92.4181,91.0936,-0.0057,0.0169,0.0504,0.0186,0.0381,71.6919,0.0095,0.0083,0.0054,0.9180,-0.2514,0.7491,hold
2024-06-11,91.3509,7301500,91.0174,91.4748,90.0645,-0.0014,0.0119,0.0461,0.0127,0.0358,67.6612,0.0097,0.0090,0.0048,0.8550,0.0379,0.7836,sell
2024-06-12,89.2641,9861300,91.8083,91.9512,89.0926,-0.0228,-0.0068,0.0259,-0.0129,0.0115,56.6792,0.0129,0.0078,0.0028,0.5571,0.3506,1.0469,buy
2024-06-13,89.7405,8348200,89.6071,90.0740,89.3022,0.0053,-0.0161,0.0118,-0.0088,0.0160,64.3407,0.0115,0.0069,0.0016,0.6071,-0.1534,0.9218,sell
2024-06-14,88.9878,7426800,89.3785,90.3123,88.9020,-0.0084,-0.0327,-0.0136,-0.0158,0.0064,58.7791,0.0104,0.0056,0.0002,0.4856,-0.1104,0.8447,buy
2024-06-17,90.5219,6365400,87.6728,90.6362,87.6728,0.0172,-0.0104,0.0064,0.0006,0.0224,63.1841,0.0119,0.0057,0.0003,0.6914,-0.1429,0.7480,hold
2024-06-18,90.3123,6712000,90.2074,90.7696,89.7691,-0.0023,-0.0114,0.0004,-0.0018,0.0189,63.7280,0.0119,0.0057,0.0002,0.6416,0.0545,0.8029,buy
2024-06-20,91.0650,9393800,89.4547,91.5605,89.1117,0.0083,0.0202,0.0133,0.0052,0.0263,60.6657,0.0120,0.0062,0.0006,0.7335,0.3996,1.1131,buy
2024-06-21,92.5991,15124400,91.4367,92.6277,90.9221,0.0168,0.0319,0.0153,0.0206,0.0417,60.7204,0.0123,0.0077,0.0018,0.9119,0.6100,1.7158,hold
2024-06-24,92.5896,9466900,92.7135,93.4186,92.1227,-0.0001,0.0405,0.0064,0.0198,0.0403,62.1598,0.0120,0.0089,0.0024,0.8783,-0.3741,1.0635,sell
2024-06-25,90.2837,9006500,92.7230,93.0375,90.0455,-0.0249,-0.0026,-0.0130,-0.0043,0.0137,50.0372,0.0145,0.0080,0.0010,0.5078,-0.0486,1.0001,sell
2024-06-26,89.6262,10160400,89.6548,90.0264,88.7591,-0.0073,-0.0076,-0.0189,-0.0096,0.0061,49.0539,0.0146,0.0065,-0.0004,0.3654,0.1281,1.1325,hold
2024-06-27,89.7501,25772700,89.3499,90.2741,88.9878,0.0014,-0.0144,0.0054,-0.0088,0.0072,43.8652,0.0126,0.0052,-0.0013,0.3334,1.5366,2.6037,sell
2024-06-28,71.8172,129967000,73.4943,75.3238,71.0359,-0.1998,-0.2244,-0.1997,-0.1908,-0.1907,15.2331,0.0644,-0.0146,-0.0183,-0.5317,4.0428,8.1577,buy
2024-07-01,73.2084,44369000,71.9411,73.4276,70.7881,0.0194,-0.2093,-0.1773,-0.1602,-0.1718,19.4453,0.0656,-0.0290,-0.0260,-0.1877,-0.6586,2.5322,hold
2024-07-02,72.4556,26183400,73.1989,73.3132,71.8363,-0.0103,-0.1975,-0.1996,-0.1513,-0.1771,19.0446,0.0645,-0.0413,-0.0307,-0.0746,-0.4099,1.4271,hold
2024-07-03,71.6933,15952000,71.9411,72.3413,71.4837,-0.0105,-0.2001,-0.2062,-0.1415,-0.1824,19.9086,0.0643,-0.0517,-0.0327,-0.0024,-0.3908,0.8506,hold
2024-07-05,71.8744,19603700,71.8077,72.5033,71.2550,0.0025,-0.1992,-0.2107,-0.1191,-0.1771,19.0900,0.0641,-0.0585,-0.0317,0.0711,0.2289,1.0126,sell
2024-07-08,69.6066,29905000,71.8553,71.9316,69.5589,-0.0316,-0.0308,-0.2483,-0.1221,-0.1994,18.1391,0.0627,-0.0680,-0.0322,0.0704,0.5255,1.4683,hold
2024-07-09,69.0444,23445500,69.8448,70.6452,68.9681,-0.0081,-0.0569,-0.2543,-0.1026,-0.2021,13.5275,0.0624,-0.0743,-0.0306,0.1091,-0.2160,1.1127,hold
2024-07-10,69.1206,21378200,68.8538,69.2159,68.2916,0.0011,-0.0460,-0.2344,-0.0762,-0.1975,13.8492,0.0630,-0.0779,-0.0274,0.1540,-0.0882,0.9812,hold
2024-07-11,69.9305,15876700,69.2731,70.2736,68.8824,0.0117,-0.0246,-0.2198,-0.0401,-0.1844,14.0169,0.0639,-0.0780,-0.0225,0.2070,-0.2573,0.7147,hold
2024-07-12,69.9591,14527500,70.1021,70.5594,69.7209,0.0004,-0.0266,-0.2205,-0.0129,-0.1807,9.3707,0.0638,-0.0778,-0.0179,0.2360,-0.0850,0.6471,sell
2024-07-15,67.9486,20775800,69.5589,69.5685,67.8819,-0.0287,-0.0238,-0.0539,-0.0360,-0.2010,8.7428,0.0161,-0.0815,-0.0158,0.2175,0.4301,0.9005,buy
2024-07-16,69.3779,20980700,68.1392,69.5208,68.1392,0.0210,0.0048,-0.0523,-0.0103,-0.1806,13.9382,0.0164,-0.0783,-0.0111,0.2757,0.0099,0.8835,hold
2024-07-17,69.6256,11161600,69.1111,69.8829,69.0825,0.0036,0.0073,-0.0391,-0.0028,-0.1742,15.0050,0.0165,-0.0756,-0.0070,0.3030,-0.4680,0.4653,sell
2024-07-18,68.9682,14440100,69.5303,70.4451,68.9396,-0.0094,-0.0138,-0.0380,-0.0083,-0.1782,14.3044,0.0165,-0.0744,-0.0041,0.3076,0.2937,0.5924,hold
2024-07-19,69.2731,11913300,68.8919,69.3874,68.4631,0.0044,-0.0098,-0.0362,-0.0002,-0.1706,38.9211,0.0165,-0.0713,-0.0010,0.3346,-0.1750,0.4862,buy
2024-07-22,71.3313,19385500,69.6733,71.7886,69.6256,0.0297,0.0498,0.0248,0.0270,-0.1424,42.2745,0.0164,-0.0641,0.0033,0.4098,0.6272,0.7844,sell
2024-07-23,69.9401,11041800,71.1121,71.5028,69.7876,-0.0195,0.0081,0.0130,0.0056,-0.1553,40.1640,0.0175,-0.0620,0.0053,0.3869,-0.4304,0.4454,sell
2024-07-24,67.7390,18563300,69.7971,69.9305,67.7294,-0.0315,-0.0271,-0.0200,-0.0241,-0.1782,36.1018,0.0204,-0.0633,0.0051,0.3231,0.6812,0.7346,hold
2024-07-25,68.0439,13855400,68.1582,69.0158,67.5674,0.0045,-0.0134,-0.0270,-0.0170,-0.1705,36.6534,0.0200,-0.0613,0.0054,0.3397,-0.2536,0.5443,buy
2024-07-26,69.1397,8892000,68.6061,69.3493,68.4822,0.0161,-0.0019,-0.0117,0.0000,-0.1533,48.2284,0.0209,-0.0570,0.0069,0.3604,-0.3582,0.3613,buy
2024-07-29,70.0830,10471800,69.0825,70.3879,68.7966,0.0136,-0.0175,0.0314,0.0105,-0.1381,53.8300,0.0188,-0.0520,0.0088,0.5277,0.1777,0.5619,buy
2024-07-30,70.8167,8515700,70.2164,70.9787,69.9972,0.0105,0.0125,0.0207,0.0190,-0.1256,55.9651,0.0180,-0.0468,0.0107,0.6964,-0.1868,0.5056,buy
2024-07-31,71.3313,14632900,70.9882,71.8744,70.4356,0.0073,0.0530,0.0245,0.0239,-0.1157,55.0308,0.0180,-0.0417,0.0123,0.8324,0.7183,0.8996,sell
2024-08-01,70.3689,9563500,71.1788,71.2645,69.8067,-0.0135,0.0342,0.0203,0.0081,-0.1240,51.3790,0.0184,-0.0391,0.0125,0.6553,-0.3464,0.5997,hold
2024-08-02,70.5213,11526600,69.3970,70.6357,68.5299,0.0022,0.0200,0.0180,0.0084,-0.1183,59.8974,0.0184,-0.0359,0.0125,0.7257,0.2053,0.7416,sell
2024-08-05,68.0534,13191500,67.7104,69.1968,67.4150,-0.0350,-0.0290,-0.0460,-0.0223,-0.1449,45.2817,0.0189,-0.0372,0.0104,0.1545,0.1444,0.8970,buy
2024-08-06,69.0825,13469700,68.2821,69.7876,68.1392,0.0151,-0.0245,-0.0123,-0.0063,-0.1281,48.1672,0.0190,-0.0350,0.0095,0.3946,0.0211,0.9480,hold
2024-08-07,69.1968,9571200,69.4446,70.7119,69.1111,0.0017,-0.0299,0.0215,-0.0067,-0.1227,50.8011,0.0157,-0.0331,0.0090,0.4204,-0.2894,0.7028,buy
2024-08-08,70.6928,8828000,69.7781,70.7119,69.6066,0.0216,0.0046,0.0389,0.0109,-0.0999,54.5902,0.0169,-0.0290,0.0098,0.7553,-0.0776,0.6655,hold
2024-08-09,70.8358,7186600,70.6261,71.0645,69.9115,0.0020,0.0045,0.0245,0.0105,-0.0944,48.1716,0.0163,-0.0257,0.0104,0.7698,-0.1859,0.5572,hold
2024-08-12,71.1216,7067300,71.1883,71.4647,70.5594,0.0040,0.0451,0.0148,0.0131,-0.0866,54.7473,0.0159,-0.0225,0.0108,0.8045,-0.0166,0.5787,buy
2024-08-13,74.7997,22114800,71.7029,75.3238,71.5314,0.0517,0.0828,0.0562,0.0595,-0.0356,75.3592,0.0224,-0.0149,0.0134,1.2573,2.1292,1.8024,hold
2024-08-14,74.8187,13613000,74.3232,75.3619,73.7706,0.0003,0.0812,0.0489,0.0545,-0.0315,74.8426,0.0225,-0.0097,0.0149,1.0962,-0.3844,1.0985,buy
2024-08-15,78.6111,23583600,78.2300,79.1447,76.8674,0.0507,0.1120,0.1171,0.0953,0.0206,78.9964,0.0256,-0.0013,0.0176,1.2461,0.7324,1.8354,buy
2024-08-16,79.3067,13794200,78.9732,79.9832,78.5539,0.0088,0.1196,0.1246,0.0916,0.0325,78.6728,0.0254,0.0055,0.0195,1.1244,-0.4151,1.0657,hold
2024-08-19,79.3543,9627300,79.3067,80.0309,79.0113,0.0006,0.1158,0.1661,0.0755,0.0363,77.7226,0.0200,0.0108,0.0198,1.0203,-0.3021,0.7729,hold
2024-08-20,79.6212,7863100,79.5545,79.9451,78.8684,0.0034,0.0645,0.1526,0.0639,0.0432,77.3583,0.0204,0.0151,0.0193,0.9588,-0.1832,0.6395,hold
2024-08-21,80.0404,6915900,79.7260,80.2691,79.2972,0.0053,0.0698,0.1567,0.0543,0.0518,83.1049,0.0201,0.0186,0.0182,0.9239,-0.1205,0.5904,sell
2024-08-22,79.4782,8485500,80.4692,80.6884,79.2877,-0.0070,0.0110,0.1243,0.0349,0.0477,79.8223,0.0211,0.0208,0.0163,0.8498,0.2270,0.7414,buy
2024-08-23,80.0881,9219700,79.4115,80.2691,79.2972,0.0077,0.0099,0.1306,0.0304,0.0583,95.7278,0.0209,0.0227,0.0145,0.8434,0.0865,0.8044,hold
2024-08-26,80.3072,7853300,79.5354,80.5264,79.4496,0.0027,0.0120,0.1292,0.0212,0.0639,95.4476,0.0209,0.0241,0.0128,0.8186,-0.1482,0.6931,buy
2024-08-27,81.2696,14954000,80.1071,81.3649,79.6688,0.0120,0.0207,0.0865,0.0250,0.0788,95.7401,0.0158,0.0257,0.0116,0.8310,0.9042,1.2833,sell
2024-08-28,78.8875,11088600,81.0409,81.4030,78.0203,-0.0293,-0.0144,0.0544,-0.0102,0.0504,79.0934,0.0197,0.0252,0.0086,0.6866,-0.2585,0.9663,hold
2024-08-29,79.3353,7477200,79.5163,79.9356,78.9541,0.0057,-0.0018,0.0092,-0.0054,0.0595,79.5364,0.0118,0.0243,0.0062,0.6893,-0.3257,0.6575,hold
2024-08-30,79.3925,13755300,79.6593,79.9261,78.1823,0.0007,-0.0087,0.0011,-0.0048,0.0636,79.2059,0.0115,0.0234,0.0043,0.6726,0.8396,1.1979,sell
2024-09-03,77.8324,10133700,79.1628,79.3829,77.5357,-0.0197,-0.0308,-0.0192,-0.0225,0.0468,62.5926,0.0131,0.0214,0.0015,0.5673,-0.2633,0.8944,hold
2024-09-04,77.5452,12837400,76.6647,77.6122,76.2531,-0.0037,-0.0458,-0.0261,-0.0236,0.0472,61.0747,0.0130,0.0189,-0.0009,0.5276,0.2668,1.1362,hold
2024-09-05,77.3634,7596300,77.6505,77.7558,76.7700,-0.0023,-0.0193,-0.0334,-0.0226,0.0484,42.8283,0.0127,0.0165,-0.0026,0.4870,-0.4083,0.6783,hold
2024-09-06,77.1720,8512200,77.4113,78.3684,76.9040,-0.0025,-0.0273,-0.0290,-0.0221,0.0493,36.9753,0.0126,0.0143,-0.0039,0.4404,0.1206,0.7611,sell
2024-09-09,76.0808,8003300,77.2868,78.0812,75.6310,-0.0141,-0.0417,-0.0500,-0.0310,0.0384,32.2832,0.0125,0.0114,-0.0057,0.2882,-0.0598,0.7130,sell
2024-09-10,74.7409,9748400,76.1479,76.1479,74.2241,-0.0176,-0.0397,-0.0693,-0.0413,0.0193,26.3360,0.0127,0.0076,-0.0078,0.0424,0.2180,0.8582,buy
2024-09-11,75.0376,8265500,74.6548,75.2195,73.4488,0.0040,-0.0323,-0.0767,-0.0298,0.0228,25.4501,0.0116,0.0046,-0.0086,0.0742,-0.1521,0.7749,hold
2024-09-12,75.0376,7176900,74.8749,75.6789,74.2049,0.0000,-0.0301,-0.0488,-0.0249,0.0221,26.9363,0.0090,0.0023,-0.0088,0.0682,-0.1317,0.6938,buy
2024-09-13,75.6215,5814200,74.9419,76.0809,74.7600,0.0078,-0.0201,-0.0468,-0.0125,0.0289,26.7385,0.0093,0.0010,-0.0079,0.1799,-0.1899,0.6149,buy
2024-09-16,76.3776,9547700,75.9277,76.5594,75.3152,0.0100,0.0039,-0.0380,0.0013,0.0379,30.6188,0.0103,0.0008,-0.0064,0.2951,0.6421,1.0329,buy
2024-09-17,77.1815,7580600,76.5786,77.5070,76.4350,0.0105,0.0327,-0.0084,0.0127,0.0467,29.5174,0.0095,0.0015,-0.0045,0.4076,-0.2060,0.8293,buy
2024-09-18,77.4304,7637000,77.2007,78.2535,76.7891,0.0032,0.0319,-0.0015,0.0161,0.0477,40.7147,0.0095,0.0023,-0.0030,0.4515,0.0074,0.8365,hold
2024-09-19,77.5070,15067100,79.0575,79.5552,77.0188,0.0010,0.0329,0.0019,0.0169,0.0464,37.7701,0.0095,0.0029,-0.0019,0.4765,0.9729,1.5797,buy
2024-09-20,82.8094,52039300,84.1015,84.2259,81.1727,0.0684,0.0951,0.0730,0.0785,0.1141,63.4312,0.0235,0.0083,0.0030,1.0687,2.4538,4.4420,hold
2024-09-23,82.5031,17712400,81.7374,82.8189,81.4024,-0.0037,0.0802,0.0844,0.0656,0.1062,70.3672,0.0226,0.0123,0.0056,0.9782,-0.6596,1.4590,buy
2024-09-24,83.7091,21123300,83.6899,84.4939,82.9434,0.0146,0.0846,0.1200,0.0688,0.1177,74.8841,0.0207,0.0162,0.0077,1.0251,0.1926,1.6498,hold
2024-09-25,84.2259,12392800,84.0823,84.3216,83.4985,0.0062,0.0878,0.1224,0.0629,0.1201,76.9752,0.0206,0.0196,0.0089,1.0109,-0.4133,0.9777,buy
2024-09-26,85.5563,13592800,86.0635,86.7335,85.2309,0.0158,0.1039,0.1402,0.0656,0.1330,80.2485,0.0202,0.0230,0.0100,1.0207,0.0968,1.0619,hold
2024-09-27,85.6041,9181000,85.6137,86.3890,85.3840,0.0006,0.0337,0.1320,0.0531,0.1287,87.1546,0.0206,0.0257,0.0101,0.9534,-0.3246,0.7125,sell
2024-09-30,84.6087,12027100,85.8530,85.9008,83.9675,-0.0116,0.0255,0.1078,0.0304,0.1111,89.5625,0.0220,0.0269,0.0089,0.8479,0.3100,0.9397,buy
2024-10-01,85.3074,20623400,84.2259,85.7955,83.9483,0.0083,0.0191,0.1053,0.0287,0.1161,89.8885,0.0220,0.0277,0.0079,0.8494,0.7147,1.5478,sell
2024-10-02,79.5360,33208800,79.3350,81.5747,78.2631,-0.0677,-0.0557,0.0272,-0.0433,0.0380,62.0637,0.0331,0.0245,0.0026,0.4918,0.6102,2.3154,sell
2024-10-03,78.5789,18143800,78.8661,80.1869,78.4641,-0.0120,-0.0816,0.0138,-0.0560,0.0226,57.7755,0.0335,0.0193,-0.0022,0.4289,-0.4536,1.2202,hold
2024-10-04,78.7225,10322600,79.0862,79.9572,78.5789,0.0018,-0.0804,-0.0494,-0.0496,0.0217,56.3703,0.0241,0.0150,-0.0052,0.4323,-0.4311,0.6900,sell
2024-10-07,77.3634,12767400,78.6172,78.9331,76.6551,-0.0173,-0.0856,-0.0623,-0.0602,0.0019,50.4795,0.0244,0.0103,-0.0083,0.3416,0.2368,0.8400,hold
2024-10-08,77.3060,10569600,77.2868,77.9281,76.5020,-0.0007,-0.0938,-0.0765,-0.0536,-0.0007,49.6685,0.0234,0.0062,-0.0099,0.3238,-0.1721,0.6936,buy
2024-10-09,78.9139,11750600,77.6601,79.3733,77.5931,0.0208,-0.0078,-0.0631,-0.0276,0.0179,53.4653,0.0248,0.0044,-0.0090,0.4123,0.1117,0.7623,hold
2024-10-10,78.5789,8370200,79.8232,79.8710,78.5119,-0.0042,0.0000,-0.0816,-0.0233,0.0117,36.2047,0.0236,0.0028,-0.0086,0.3709,-0.2877,0.5409,hold
2024-10-11,78.6268,10171100,78.5215,78.7416,77.6984,0.0006,-0.0012,-0.0815,-0.0141,0.0102,37.1429,0.0236,0.0015,-0.0079,0.3571,0.2152,0.6482,hold
2024-10-14,78.1004,8177700,78.4832,78.5215,77.3347,-0.0067,0.0095,-0.0769,-0.0127,0.0015,30.5185,0.0236,-0.0000,-0.0076,0.3056,-0.1960,0.5234,hold
2024-10-15,78.5981,11804400,77.5740,79.1723,77.5740,0.0064,0.0167,-0.0786,0.0021,0.0051,30.4260,0.0234,-0.0007,-0.0066,0.3354,0.4435,0.7455,buy
2024-10-16,80.3400,11220600,78.6172,80.4836,78.5311,0.0222,0.0181,0.0101,0.0233,0.0245,32.3625,0.0127,0.0005,-0.0042,0.4605,-0.0495,0.7007,sell
2024-10-17,79.8232,9204500,80.5027,81.1248,79.8040,-0.0064,0.0158,0.0158,0.0151,0.0151,31.0540,0.0122,0.0009,-0.0031,0.4062,-0.1797,0.5855,sell
2024-10-18,79.3638,7214800,80.1869,80.3496,79.0862,-0.0058,0.0094,0.0081,0.0084,0.0071,32.1846,0.0124,0.0008,-0.0026,0.3816,-0.2162,0.5353,sell
2024-10-21,77.9855,7550200,79.2968,79.5265,77.9472,-0.0174,-0.0015,0.0080,-0.0099,-0.0122,26.2275,0.0125,-0.0007,-0.0033,0.2868,0.0465,0.5821,hold
2024-10-22,77.9281,7308800,77.8611,78.8852,77.7462,-0.0007,-0.0085,0.0080,-0.0114,-0.0146,41.6996,0.0125,-0.0020,-0.0037,0.3033,-0.0320,0.5952,sell
2024-10-23,76.6168,7253100,77.5261,77.5644,76.3680,-0.0168,-0.0463,-0.0291,-0.0252,-0.0317,40.2288,0.0114,-0.0044,-0.0048,0.2199,-0.0076,0.6033,sell
2024-10-24,75.6502,7424500,77.0475,77.3347,75.6406,-0.0126,-0.0523,-0.0373,-0.0339,-0.0441,35.8590,0.0118,-0.0072,-0.0062,0.1580,0.0236,0.6338,hold
2024-10-25,75.4683,9385400,75.8224,76.1670,75.1525,-0.0024,-0.0491,-0.0402,-0.0323,-0.0456,40.2174,0.0117,-0.0096,-0.0068,0.1503,0.2641,0.8005,hold
2024-10-28,75.5257,6617200,75.9181,76.2244,75.4396,0.0008,-0.0315,-0.0330,-0.0284,-0.0440,40.8102,0.0118,-0.0112,-0.0068,0.1615,-0.2949,0.5777,sell
2024-10-29,75.0376,7241100,75.4970,76.0617,74.8462,-0.0065,-0.0371,-0.0453,-0.0302,-0.0491,27.3744,0.0113,-0.0130,-0.0068,0.0358,0.0943,0.6714,sell
2024-10-30,73.1712,15691300,74.6548,74.7600,73.1425,-0.0249,-0.0450,-0.0892,-0.0455,-0.0713,23.2228,0.0083,-0.0166,-0.0082,-0.1062,1.1670,1.5835,buy
2024-10-31,73.8221,13990100,72.9320,74.0231,71.9749,0.0089,-0.0242,-0.0752,-0.0294,-0.0615,27.5493,0.0101,-0.0181,-0.0078,0.0564,-0.1084,1.4420,buy
2024-11-01,74.7122,9623700,73.7455,74.7792,73.6594,0.0121,-0.0100,-0.0586,-0.0116,-0.0491,34.6886,0.0119,-0.0180,-0.0062,0.2020,-0.3121,0.9955,sell
2024-11-04,73.8795,6593800,74.6452,75.1812,73.8029,-0.0111,-0.0218,-0.0527,-0.0173,-0.0582,29.3031,0.0114,-0.0189,-0.0057,0.1433,-0.3148,0.7046,buy
2024-11-05,74.6356,5629200,73.9369,74.6548,73.6976,0.0102,-0.0054,-0.0423,-0.0029,-0.0471,22.6103,0.0124,-0.0183,-0.0042,0.2527,-0.1463,0.6178,sell
2024-11-06,72.0897,16193700,73.5732,73.6498,71.8983,-0.0341,-0.0148,-0.0591,-0.0310,-0.0775,18.9231,0.0152,-0.0212,-0.0053,0.0424,1.8767,1.7351,buy
2024-11-07,72.6640,11831100,72.4534,73.0947,71.9844,0.0080,-0.0157,-0.0395,-0.0194,-0.0687,23.3232,0.0156,-0.0219,-0.0049,0.1463,-0.2694,1.2446,hold
2024-11-08,72.6257,8140800,72.2620,73.2765,72.0227,-0.0005,-0.0279,-0.0377,-0.0161,-0.0675,26.1092,0.0156,-0.0224,-0.0043,0.1793,-0.3119,0.8656,buy
2024-11-11,73.3148,9877200,72.8841,74.0805,72.8362,0.0095,-0.0076,-0.0293,-0.0038,-0.0572,30.5331,0.0162,-0.0216,-0.0029,0.2708,0.2133,1.0408,hold
2024-11-12,73.3722,9013900,73.1808,74.1092,72.8745,0.0008,-0.0169,-0.0222,-0.0008,-0.0554,34.6884,0.0161,-0.0208,-0.0017,0.2980,-0.0874,0.9640,hold
2024-11-13,73.2382,6835300,73.6115,73.9752,73.1904,-0.0018,0.0159,0.0009,-0.0027,-0.0561,37.6471,0.0140,-0.0201,-0.0008,0.3006,-0.2417,0.7486,sell
2024-11-14,72.4343,6991600,73.3914,73.6785,72.4247,-0.0110,-0.0032,-0.0188,-0.0118,-0.0653,35.3918,0.0141,-0.0204,-0.0007,0.2249,0.0229,0.7751,buy
2024-11-15,73.3722,13584900,72.7405,74.3198,72.3673,0.0129,0.0103,-0.0179,0.0029,-0.0522,40.4419,0.0142,-0.0190,0.0004,0.3548,0.9430,1.4547,sell
2024-11-18,71.6781,12595100,72.8937,72.9320,71.0656,-0.0231,-0.0223,-0.0298,-0.0173,-0.0730,36.5311,0.0155,-0.0201,-0.0002,0.1294,-0.0729,1.3132,sell
2024-11-19,70.7402,12028400,71.3049,71.5250,70.4435,-0.0131,-0.0359,-0.0522,-0.0250,-0.0842,39.4694,0.0151,-0.0218,-0.0013,0.0056,-0.0450,1.2240,sell
2024-11-20,70.2138,12290300,70.5009,70.6732,69.5916,-0.0074,-0.0413,-0.0260,-0.0297,-0.0899,34.1995,0.0113,-0.0234,-0.0022,-0.0190,0.0218,1.2194,buy
2024-11-21,71.8791,12818600,70.2138,72.3194,70.0606,0.0237,-0.0077,-0.0108,-0.0056,-0.0676,38.3831,0.0137,-0.0219,-0.0009,0.2754,0.0430,1.2387,buy
2024-11-22,74.0805,12248600,72.8650,74.1762,72.5778,0.0306,0.0097,0.0200,0.0228,-0.0386,50.7410,0.0170,-0.0178,0.0020,0.6732,-0.0445,1.1674,buy
2024-11-25,75.8607,18328900,75.1333,76.4350,75.0472,0.0240,0.0584,0.0347,0.0437,-0.0154,54.1995,0.0183,-0.0128,0.0053,0.9814,0.4964,1.6546,sell
2024-11-26,74.2815,9495600,75.5162,75.5162,74.2432,-0.0208,0.0501,0.0124,0.0207,-0.0352,58.0464,0.0198,-0.0109,0.0060,0.7153,-0.4819,0.8486,buy
2024-11-27,74.9802,8713500,74.2815,75.6597,74.2623,0.0094,0.0679,0.0238,0.0278,-0.0255,58.4261,0.0200,-0.0082,0.0068,0.8120,-0.0824,0.8037,hold
2024-11-29,75.3917,7123500,74.8462,75.7842,74.6835,0.0055,0.0489,0.0408,0.0293,-0.0196,59.7966,0.0194,-0.0057,0.0075,0.8512,-0.1825,0.6786,buy
2024-12-02,76.0844,11221000,74.9588,76.0940,74.2662,0.0092,0.0270,0.0370,0.0349,-0.0088,59.8066,0.0192,-0.0029,0.0081,0.9272,0.5752,1.0608,hold
2024-12-03,75.8631,9414500,75.9978,76.3826,74.6606,-0.0029,0.0000,0.0584,0.0260,-0.0100,58.7187,0.0170,-0.0009,0.0081,0.8565,-0.1610,0.8783,sell
2024-12-04,75.3917,15042600,74.8626,75.5264,74.1700,-0.0062,0.0149,0.0658,0.0133,-0.0140,57.3639,0.0163,0.0001,0.0073,0.7757,0.5978,1.3444,hold
2024-12-05,75.5938,8316500,75.2859,75.9016,75.1320,0.0027,0.0082,0.0766,0.0087,-0.0091,61.2677,0.0156,0.0012,0.0067,0.7750,-0.4471,0.7704,hold
2024-12-06,75.8920,13931100,76.2094,78.0950,75.8439,0.0039,0.0066,0.0558,0.0073,-0.0027,59.4158,0.0146,0.0023,0.0062,0.7860,0.6751,1.2780,sell
2024-12-09,74.6895,12043400,76.4211,76.4307,74.5740,-0.0158,-0.0183,0.0082,-0.0095,-0.0157,61.6820,0.0130,0.0019,0.0047,0.6070,-0.1355,1.0854,sell
2024-12-10,73.8237,12193100,74.5548,75.1128,73.7082,-0.0116,-0.0269,-0.0269,-0.0183,-0.0243,62.0293,0.0106,0.0006,0.0028,0.4834,0.0124,1.0876,buy
2024-12-11,75.8535,12033200,73.8718,75.9786,73.4100,0.0275,0.0061,0.0212,0.0066,0.0050,69.6917,0.0123,0.0017,0.0031,0.7425,-0.0131,1.0590,sell
2024-12-12,74.9973,6983200,75.7188,76.3537,74.9011,-0.0113,-0.0079,0.0002,-0.0048,-0.0051,61.5396,0.0127,0.0017,0.0025,0.6143,-0.4197,0.6142,sell
2024-12-13,74.3143,8037300,74.4105,74.8723,73.8525,-0.0091,-0.0208,-0.0143,-0.0124,-0.0131,50.9748,0.0129,0.0010,0.0014,0.5091,0.1509,0.7037,hold
2024-12-16,74.2662,13034000,73.8429,76.0170,73.7467,-0.0006,-0.0057,-0.0239,-0.0107,-0.0125,42.2296,0.0123,0.0003,0.0006,0.4961,0.6217,1.1439,buy
2024-12-17,75.0358,12452400,74.4201,75.7765,74.3143,0.0104,0.0164,-0.0109,0.0007,-0.0017,53.9907,0.0130,0.0006,0.0007,0.5854,-0.0446,1.0935,sell
2024-12-18,73.9776,14376900,75.0166,75.9978,73.9199,-0.0141,-0.0247,-0.0188,-0.0116,-0.0149,44.8901,0.0135,-0.0003,-0.0002,0.3881,0.1545,1.2496,hold
2024-12-19,74.1700,27067600,74.0161,74.9781,73.5255,0.0026,-0.0110,-0.0188,-0.0071,-0.0111,43.6309,0.0135,-0.0008,-0.0005,0.3394,0.8827,2.2107,hold
2024-12-20,74.0161,49883400,73.0733,75.0358,72.0151,-0.0021,-0.0040,-0.0247,-0.0067,-0.0119,38.5760,0.0134,-0.0014,-0.0009,0.2043,0.8429,3.5386,hold
2024-12-23,73.8429,14203800,73.4293,75.4302,72.8617,-0.0023,-0.0057,-0.0113,-0.0079,-0.0130,38.7820,0.0125,-0.0020,-0.0012,0.1588,-0.7153,1.0006,hold
2024-12-24,73.8718,4919100,73.8333,74.1796,73.4581,0.0004,-0.0155,0.0007,-0.0076,-0.0115,41.1236,0.0120,-0.0024,-0.0013,0.1996,-0.6537,0.3637,hold
2024-12-26,74.0161,6363500,73.6890,74.5163,73.6313,0.0020,0.0005,-0.0242,-0.0032,-0.0083,40.7239,0.0073,-0.0025,-0.0011,0.2534,0.2936,0.4760,sell
2024-12-27,73.5158,6334400,73.6120,74.0065,72.9194,-0.0068,-0.0088,-0.0198,-0.0079,-0.0132,36.3536,0.0068,-0.0032,-0.0014,0.1414,-0.0046,0.4781,sell
2024-12-30,71.8131,9042900,72.7270,72.8906,71.7169,-0.0232,-0.0298,-0.0337,-0.0276,-0.0340,34.3783,0.0094,-0.0056,-0.0031,-0.1503,0.4276,0.6776,buy
2024-12-31,72.7943,9425600,72.0536,73.4870,71.9382,0.0137,-0.0142,-0.0198,-0.0124,-0.0191,44.4789,0.0108,-0.0062,-0.0030,0.1236,0.0423,0.7111,sell
2025-01-02,70.8703,10883400,73.3523,73.7756,70.4567,-0.0264,-0.0406,-0.0555,-0.0330,-0.0432,22.9646,0.0123,-0.0090,-0.0045,-0.1479,0.1547,0.8166,sell
2025-01-03,70.5240,10083500,71.1108,71.3706,70.2354,-0.0049,-0.0472,-0.0467,-0.0332,-0.0459,24.3094,0.0120,-0.0115,-0.0055,-0.0771,-0.0735,0.7709,sell
2025-01-06,69.2638,14947300,70.9473,71.4957,69.2350,-0.0179,-0.0578,-0.0661,-0.0440,-0.0611,22.7980,0.0123,-0.0149,-0.0071,-0.1224,0.4824,1.1145,hold
2025-01-07,69.3504,10463500,69.6486,70.6491,69.2446,0.0012,-0.0343,-0.0630,-0.0366,-0.0583,23.6327,0.0125,-0.0171,-0.0075,-0.0176,-0.3000,0.7904,sell
2025-01-08,68.5808,11855000,68.8405,69.0907,68.3114,-0.0111,-0.0579,-0.0713,-0.0403,-0.0670,15.3767,0.0125,-0.0198,-0.0080,-0.0150,0.1330,0.8961,hold
2025-01-10,68.4942,15677400,69.1195,69.6390,68.3884,-0.0013,-0.0335,-0.0728,-0.0342,-0.0664,17.1659,0.0124,-0.0216,-0.0079,0.0505,0.3224,1.1697,buy
2025-01-13,69.3408,14584300,68.4654,69.8410,68.0902,0.0124,-0.0168,-0.0632,-0.0158,-0.0534,23.1838,0.0137,-0.0215,-0.0064,0.1747,-0.0697,1.0778,sell
2025-01-14,68.4654,16732900,69.3312,69.4658,67.8497,-0.0126,-0.0115,-0.0687,-0.0212,-0.0642,21.4639,0.0138,-0.0227,-0.0059,0.1263,0.1473,1.1936,hold
2025-01-15,68.3692,13468100,69.2542,69.5043,68.1479,-0.0014,-0.0141,-0.0480,-0.0178,-0.0641,21.6351,0.0126,-0.0233,-0.0052,0.1574,-0.1951,0.9425,hold
2025-01-16,68.4076,13694600,68.2056,68.5231,67.6477,0.0006,-0.0025,-0.0603,-0.0110,-0.0619,21.7131,0.0111,-0.0235,-0.0043,0.1950,0.0168,0.9561,sell
2025-01-17,68.1479,9711300,68.7155,68.8021,68.1479,-0.0038,-0.0051,-0.0384,-0.0108,-0.0640,19.9803,0.0085,-0.0237,-0.0035,0.1976,-0.2909,0.6846,buy
2025-01-21,70.3894,14199900,68.5904,70.4855,68.4365,0.0329,0.0151,-0.0019,0.0219,-0.0321,36.4244,0.0144,-0.0202,-0.0006,0.4441,0.4622,1.0016,buy
2025-01-22,71.2263,13029300,70.5914,71.8612,70.2354,0.0119,0.0403,0.0283,0.0311,-0.0204,47.2448,0.0133,-0.0168,0.0021,0.5521,-0.0824,0.9669,hold
2025-01-23,71.4668,10677400,70.5529,71.6688,69.6198,0.0034,0.0453,0.0305,0.0314,-0.0167,43.3010,0.0133,-0.0137,0.0041,0.5994,-0.1805,0.9273,sell
2025-01-24,70.7741,8106700,71.2551,71.4283,70.4663,-0.0097,0.0346,0.0320,0.0182,-0.0258,49.4457,0.0131,-0.0121,0.0047,0.5373,-0.2408,0.7232,buy
2025-01-27,72.7078,11665400,70.6491,72.9675,70.6298,0.0273,0.0669,0.0615,0.0397,0.0010,60.6373,0.0150,-0.0082,0.0065,0.8075,0.4390,1.0102,sell
2025-01-28,71.5630,8694400,72.4673,72.7270,71.3417,-0.0157,0.0167,0.0320,0.0201,-0.0143,61.3269,0.0163,-0.0066,0.0067,0.6877,-0.2547,0.7454,buy
2025-01-29,73.6698,11764800,71.6207,74.1796,71.4956,0.0294,0.0343,0.0760,0.0424,0.0146,67.7470,0.0171,-0.0028,0.0081,0.9958,0.3531,0.9857,buy
2025-01-30,75.3533,10902100,73.9295,75.7765,73.9295,0.0229,0.0544,0.1022,0.0558,0.0370,75.8823,0.0175,0.0018,0.0100,1.1040,-0.0733,0.9064,sell
2025-01-31,73.9776,13098000,75.1416,75.8631,73.8429,-0.0183,0.0453,0.0814,0.0285,0.0179,69.0763,0.0195,0.0040,0.0099,0.9083,0.2014,1.0726,hold
2025-02-03,73.6794,18539200,72.0536,73.7756,70.4375,-0.0040,0.0134,0.0812,0.0165,0.0132,65.6924,0.0195,0.0054,0.0090,0.8378,0.4154,1.4720,hold
2025-02-04,73.8044,11943700,74.6029,75.1897,73.1503,0.0017,0.0313,0.0485,0.0135,0.0141,70.4194,0.0175,0.0065,0.0081,0.8181,-0.3558,0.9414,sell
2025-02-05,71.7361,9807400,73.4004,73.8718,71.5726,-0.0280,-0.0262,0.0072,-0.0156,-0.0147,61.1892,0.0201,0.0052,0.0055,0.5828,-0.1789,0.7890,sell
2025-02-06,69.0137,16059400,72.3807,72.5346,68.9079,-0.0380,-0.0841,-0.0343,-0.0498,-0.0514,51.7092,0.0235,0.0010,0.0010,0.2896,0.6375,1.2635,sell
2025-02-07,66.0700,27428700,67.8785,68.1190,66.0123,-0.0427,-0.1069,-0.0665,-0.0844,-0.0898,44.9105,0.0266,-0.0061,-0.0049,0.0250,0.7080,2.0334,buy
2025-02-10,68.2441,16201300,66.7241,68.2537,66.4933,0.0329,-0.0738,-0.0614,-0.0483,-0.0579,44.7281,0.0274,-0.0088,-0.0061,0.2444,-0.4093,1.1987,hold
2025-02-11,68.6289,9636600,67.8881,69.2542,67.8304,0.0056,-0.0701,-0.0410,-0.0390,-0.0511,43.4719,0.0274,-0.0104,-0.0061,0.2883,-0.4052,0.7263,buy
2025-02-12,69.5139,10810900,67.9170,69.6967,67.6573,0.0129,-0.0310,-0.0564,-0.0210,-0.0374,45.2459,0.0256,-0.0104,-0.0050,0.3680,0.1219,0.8334,buy
2025-02-13,70.4278,9739600,69.6967,70.8030,68.9079,0.0131,0.0205,-0.0654,-0.0012,-0.0234,49.1659,0.0246,-0.0092,-0.0031,0.4475,-0.0991,0.7618,hold
2025-02-14,70.2643,9254400,70.3894,70.7068,69.5909,-0.0023,0.0635,-0.0502,0.0018,-0.0241,43.5664,0.0242,-0.0085,-0.0019,0.4191,-0.0498,0.7366,buy
2025-02-18,74.6414,28252400,71.6688,74.7280,71.6688,0.0623,0.0937,0.0131,0.0627,0.0370,56.9264,0.0322,-0.0027,0.0028,0.8416,2.0529,2.0942,sell
2025-02-19,73.8622,14184100,73.9006,74.7280,73.1984,-0.0104,0.0763,0.0008,0.0516,0.0266,50.4604,0.0325,0.0006,0.0050,0.7374,-0.4980,1.0515,hold
2025-02-20,74.2951,10689600,73.9872,74.3335,73.4389,0.0059,0.0688,0.0357,0.0539,0.0330,47.3066,0.0309,0.0037,0.0065,0.7581,-0.2464,0.7994,sell
2025-02-21,73.5928,12823400,74.4586,75.0262,72.9771,-0.0095,0.0449,0.0664,0.0372,0.0239,48.9858,0.0278,0.0054,0.0065,0.6757,0.1996,0.9513,buy
2025-02-24,77.2291,24553500,75.8824,78.0084,75.7573,0.0494,0.0991,0.1689,0.0716,0.0737,57.9560,0.0246,0.0101,0.0089,0.9531,0.9147,1.7167,buy
2025-02-25,78.6144,15522500,77.2580,78.8453,77.0079,0.0179,0.0532,0.1520,0.0753,0.0916,60.2041,0.0239,0.0150,0.0111,0.9887,-0.3678,1.0709,hold
2025-02-26,78.0853,16058100,78.9800,79.3071,77.7679,-0.0067,0.0572,0.1378,0.0545,0.0835,64.4104,0.0247,0.0184,0.0116,0.8923,0.0345,1.0804,sell
2025-02-27,76.9790,11651900,78.3932,78.3932,76.4403,-0.0142,0.0361,0.1074,0.0291,0.0676,69.5098,0.0262,0.0199,0.0104,0.7884,-0.2744,0.7842,hold
2025-02-28,76.4115,14113800,76.2383,76.9790,75.2090,-0.0074,0.0383,0.0850,0.0134,0.0591,78.6666,0.0268,0.0203,0.0085,0.7414,0.2113,0.9398,hold
2025-03-03,75.8120,8628800,77.3396,78.2775,75.3092,-0.0078,-0.0183,0.0790,-0.0018,0.0503,72.9848,0.0271,0.0197,0.0063,0.6904,-0.3886,0.5832,sell
2025-03-04,74.7581,10034100,75.1255,76.0441,74.2360,-0.0139,-0.0491,0.0016,-0.0159,0.0358,67.8883,0.0199,0.0180,0.0036,0.6136,0.1629,0.6983,buy
2025-03-05,75.2319,9853600,74.7678,75.7153,73.9266,0.0063,-0.0365,0.0185,-0.0114,0.0420,67.0985,0.0196,0.0167,0.0019,0.6401,-0.0180,0.6907,hold
2025-03-06,75.1352,9623700,74.1973,75.7347,74.1973,-0.0013,-0.0240,0.0113,-0.0138,0.0404,64.7999,0.0195,0.0155,0.0005,0.6217,-0.0233,0.6751,buy
2025-03-07,75.9860,9294300,74.9128,76.3824,74.4197,0.0113,-0.0056,0.0325,-0.0057,0.0516,67.2438,0.0194,0.0151,0.0002,0.6602,-0.0342,0.6678,sell
2025-03-10,73.8686,15822600,74.9418,77.5330,73.5399,-0.0279,-0.0256,-0.0435,-0.0292,0.0223,47.3039,0.0135,0.0129,-0.0020,0.4830,0.7024,1.1863,sell
2025-03-11,71.7125,12837000,73.3948,73.5592,71.1807,-0.0292,-0.0407,-0.0878,-0.0489,-0.0069,43.1574,0.0130,0.0086,-0.0054,0.2770,-0.1887,0.9748,sell
2025-03-12,71.1420,12304900,71.8962,72.0316,70.8036,-0.0080,-0.0544,-0.0889,-0.0477,-0.0141,40.0507,0.0130,0.0042,-0.0079,0.1928,-0.0415,0.9250,sell
2025-03-13,70.2332,10195900,70.7553,71.4901,69.2953,-0.0128,-0.0652,-0.0876,-0.0513,-0.0258,39.5353,0.0130,-0.0004,-0.0101,0.0930,-0.1714,0.7682,sell
2025-03-14,69.2857,12183000,70.8520,71.1034,68.9569,-0.0135,-0.0882,-0.0933,-0.0550,-0.0382,20.2785,0.0130,-0.0051,-0.0120,0.0255,0.1949,0.9096,buy
2025-03-17,71.2581,15996900,69.7498,71.4998,69.6434,0.0285,-0.0353,-0.0601,-0.0220,-0.0104,23.6338,0.0178,-0.0063,-0.0104,0.1972,0.3131,1.1650,hold
2025-03-18,70.8810,8972300,71.4418,71.7028,70.3105,-0.0053,-0.0116,-0.0519,-0.0220,-0.0157,23.8941,0.0176,-0.0078,-0.0095,0.1927,-0.4391,0.7028,hold
2025-03-19,70.5716,10830500,70.2332,70.9970,69.8948,-0.0044,-0.0080,-0.0619,-0.0199,-0.0200,25.3587,0.0171,-0.0092,-0.0087,0.1929,0.2071,0.8596,sell
2025-03-20,69.4790,25202300,70.5039,71.2097,69.1503,-0.0155,-0.0107,-0.0753,-0.0275,-0.0352,24.3745,0.0172,-0.0116,-0.0089,0.1403,1.3270,1.8913,sell
2025-03-21,65.6889,77287000,64.3836,66.4527,63.0107,-0.0546,-0.0519,-0.1355,-0.0671,-0.0869,19.7223,0.0213,-0.0186,-0.0126,-0.0491,2.0667,4.6704,sell
2025-03-24,65.1571,26552500,66.2884,66.6074,64.4803,-0.0081,-0.0856,-0.1179,-0.0630,-0.0934,20.3581,0.0208,-0.0241,-0.0145,0.0028,-0.6564,1.5949,sell
2025-03-25,64.3353,17394100,65.3215,65.7953,64.0452,-0.0126,-0.0923,-0.1029,-0.0649,-0.1038,17.0660,0.0199,-0.0295,-0.0158,0.0192,-0.3449,1.0390,sell
2025-03-26,63.5618,18688300,64.1806,64.3836,62.7980,-0.0120,-0.0993,-0.1066,-0.0659,-0.1132,16.3952,0.0199,-0.0345,-0.0165,0.0358,0.0744,1.1076,hold
2025-03-27,63.6198,16435800,63.3297,64.8767,63.1267,0.0009,-0.0843,-0.0942,-0.0559,-0.1112,12.3602,0.0203,-0.0376,-0.0157,0.0908,-0.1205,0.9605,sell
2025-03-28,61.1930,19600300,63.6778,63.6778,61.0479,-0.0381,-0.0684,-0.1168,-0.0808,-0.1434,12.1317,0.0222,-0.0444,-0.0173,0.0246,0.1925,1.1273,hold
2025-03-31,61.3767,17400000,60.7579,61.8698,60.5742,0.0030,-0.0580,-0.1387,-0.0642,-0.1391,14.9967,0.0181,-0.0477,-0.0165,0.0882,-0.1123,0.9761,buy
2025-04-01,62.6143,13489500,61.7151,63.0010,61.2026,0.0202,-0.0268,-0.1166,-0.0331,-0.1204,22.3684,0.0211,-0.0472,-0.0133,0.1870,-0.2247,0.7495,hold
2025-04-02,62.8076,11161400,62.1695,63.2331,62.0341,0.0031,-0.0119,-0.1100,-0.0184,-0.1158,24.7700,0.0215,-0.0467,-0.0103,0.2238,-0.1726,0.6179,sell
2025-04-03,53.7384,71499500,54.5023,56.7357,53.5644,-0.1444,-0.1553,-0.2266,-0.1389,-0.2397,15.9610,0.0474,-0.0670,-0.0196,-0.1136,5.4060,3.3794,buy
2025-04-04,55.3531,67775700,51.4566,57.2578,50.7605,0.0300,-0.0954,-0.1573,-0.0981,-0.2133,14.6236,0.0489,-0.0715,-0.0204,0.0226,-0.0521,2.8144,sell
2025-04-07,53.7674,45374400,53.5644,55.2854,51.6307,-0.0286,-0.1240,-0.1748,-0.1074,-0.2321,13.8775,0.0490,-0.0803,-0.0221,0.0218,-0.3305,1.7753,sell
2025-04-08,51.5050,30404300,56.8227,56.8227,50.6348,-0.0421,-0.1774,-0.1994,-0.1263,-0.2599,12.8205,0.0495,-0.0919,-0.0249,0.0091,-0.3299,1.1500,buy
2025-04-09,57.3545,44732500,51.5146,57.5769,50.7412,0.1136,-0.0868,-0.0977,-0.0168,-0.1725,30.0572,0.0654,-0.0791,-0.0152,0.2654,0.4713,1.5942,sell
2025-04-10,52.5975,53919800,55.3338,55.3531,50.5478,-0.0829,-0.0212,-0.1733,-0.0810,-0.2365,29.1307,0.0693,-0.0895,-0.0159,0.1215,0.2054,1.7828,hold
2025-04-11,52.5879,22617100,52.5975,53.2067,51.1086,-0.0002,-0.0500,-0.1406,-0.0671,-0.2315,29.6238,0.0690,-0.0911,-0.0140,0.1606,-0.5805,0.7351,hold
2025-04-14,53.5741,28346600,53.7964,54.8117,52.8586,0.0188,-0.0036,-0.1271,-0.0363,-0.2124,32.6473,0.0696,-0.0882,-0.0099,0.2236,0.2533,0.9032,hold
2025-04-15,53.0133,15977100,52.8683,53.5547,52.3752,-0.0105,0.0293,-0.1533,-0.0296,-0.2159,32.8728,0.0688,-0.0879,-0.0071,0.2248,-0.4364,0.5035,sell
2025-04-16,51.7757,19094900,52.9069,53.3227,51.5727,-0.0233,-0.0973,-0.1756,-0.0327,-0.2292,31.4787,0.0685,-0.0900,-0.0058,0.1962,0.1951,0.5940,buy
2025-04-17,53.9125,18935100,52.0368,54.1639,51.8724,0.0413,0.0250,0.0032,0.0069,-0.1931,38.5108,0.0537,-0.0822,-0.0011,0.3063,-0.0084,0.5948,hold
2025-04-21,54.2605,17280900,53.4000,54.4926,51.7274,0.0065,0.0318,-0.0197,0.0155,-0.1843,38.8282,0.0528,-0.0770,0.0029,0.3421,-0.0874,0.5993,buy
2025-04-22,55.1694,16852200,54.7730,56.1653,54.3766,0.0167,0.0298,0.0261,0.0298,-0.1679,38.1902,0.0521,-0.0699,0.0069,0.4066,-0.0248,0.5945,hold
2025-04-23,55.4885,21660300,57.0451,57.2385,54.8213,0.0058,0.0467,0.0773,0.0281,-0.1599,38.4357,0.0496,-0.0637,0.0101,0.4435,0.2853,0.7584,buy
2025-04-24,56.5424,14508500,55.8946,56.7551,55.2371,0.0190,0.0921,-0.0142,0.0492,-0.1408,55.9329,0.0338,-0.0559,0.0133,0.5270,-0.3302,0.5117,sell
2025-04-25,55.7108,17156000,56.2813,56.3200,54.7343,-0.0147,0.0334,0.0592,0.0278,-0.1498,50.7829,0.0191,-0.0520,0.0146,0.4996,0.1825,0.6043,hold
2025-04-28,55.4111,13321200,55.8172,56.1556,54.9180,-0.0054,0.0212,0.0537,0.0170,-0.1505,53.8117,0.0194,-0.0484,0.0148,0.4987,-0.2235,0.4745,hold
2025-04-29,55.6335,12968000,55.1114,55.8269,54.8600,0.0040,0.0084,0.0384,0.0172,-0.1433,60.5746,0.0188,-0.0443,0.0149,0.5408,-0.0265,0.4656,sell
2025-04-30,54.5313,17205900,54.0092,54.7150,52.9359,-0.0198,-0.0173,0.0286,-0.0057,-0.1550,40.4450,0.0198,-0.0432,0.0138,0.4790,0.3268,0.6136,buy
2025-05-01,54.8793,10527000,54.8020,55.3144,54.3959,0.0064,-0.0294,0.0599,-0.0050,-0.1446,61.0074,0.0175,-0.0403,0.0130,0.5867,-0.3882,0.3759,buy
2025-05-02,56.6487,14723900,55.9526,56.7551,55.4111,0.0322,0.0168,0.0508,0.0220,-0.1121,66.7464,0.0156,-0.0342,0.0140,0.8317,0.3987,0.5850,sell
2025-05-05,55.4498,15971000,56.1943,56.4070,55.3918,-0.0212,0.0007,0.0219,-0.0017,-0.1259,57.6019,0.0176,-0.0323,0.0135,0.6468,0.0847,0.7073,sell
2025-05-06,55.1501,11440300,55.2564,55.8075,54.9083,-0.0054,-0.0087,-0.0004,-0.0071,-0.1246,58.8471,0.0170,-0.0305,0.0125,0.5905,-0.2837,0.5479,buy
2025-05-07,56.6777,11883500,55.9526,56.8614,55.6528,0.0277,0.0394,0.0214,0.0182,-0.0940,69.8202,0.0191,-0.0257,0.0129,0.8044,0.0387,0.5955,hold
2025-05-08,56.9581,19009000,57.7123,58.3891,56.8517,0.0049,0.0379,0.0074,0.0225,-0.0833,64.4894,0.0182,-0.0218,0.0133,0.8613,0.5996,1.0182,sell
2025-05-09,56.3683,13954400,57.1805,57.4125,56.2910,-0.0104,-0.0049,0.0118,0.0107,-0.0868,59.8022,0.0179,-0.0196,0.0127,0.7400,-0.2659,0.8370,buy
2025-05-12,60.5065,29776600,60.3131,61.3670,59.7620,0.0734,0.0912,0.0920,0.0751,-0.0146,69.0871,0.0287,-0.0108,0.0154,1.2154,1.1339,1.7485,hold
2025-05-13,60.3228,17003100,60.5355,60.6999,59.9167,-0.0030,0.0938,0.0843,0.0630,-0.0127,67.4581,0.0289,-0.0051,0.0169,1.0615,-0.4290,1.0328,sell
2025-05-14,59.6847,13736300,59.9941,60.7869,59.4816,-0.0106,0.0531,0.0945,0.0423,-0.0183,61.6991,0.0280,-0.0014,0.0167,0.9268,-0.1921,0.8401,buy
2025-05-15,60.3325,14371100,58.6308,60.6032,58.4181,0.0109,0.0592,0.0994,0.0436,-0.0027,67.4453,0.0280,0.0023,0.0162,0.9626,0.0462,0.8918,buy
2025-05-16,61.0189,12950600,60.4292,61.6377,60.4292,0.0114,0.0825,0.0771,0.0476,0.0134,70.5674,0.0269,0.0061,0.0159,0.9707,-0.0988,0.8189,sell
2025-05-19,60.0231,15105300,60.0907,60.3615,59.7137,-0.0163,-0.0080,0.0825,0.0225,0.0021,65.2349,0.0264,0.0078,0.0142,0.8230,0.1664,0.9617,hold
2025-05-20,60.4872,10771800,60.4292,61.0963,60.2164,0.0077,0.0027,0.0968,0.0211,0.0144,71.6292,0.0260,0.0096,0.0127,0.8346,-0.2869,0.6994,sell
2025-05-21,57.9927,17354700,59.1432,59.7137,57.8960,-0.0412,-0.0283,0.0232,-0.0232,-0.0229,59.7813,0.0295,0.0079,0.0089,0.5524,0.6111,1.1427,buy
2025-05-22,59.2883,16764500,58.5728,59.5783,58.1667,0.0223,-0.0173,0.0409,-0.0053,0.0029,58.5473,0.0302,0.0078,0.0070,0.6782,-0.0340,1.0957,sell
2025-05-23,58.0313,14282400,57.8766,58.3794,57.5189,-0.0212,-0.0490,0.0295,-0.0291,-0.0143,58.3281,0.0310,0.0062,0.0043,0.5291,-0.1481,0.9424,buy
2025-05-27,60.7482,16642100,59.1045,60.7579,58.8242,0.0468,0.0121,0.0040,0.0160,0.0349,65.6233,0.0248,0.0081,0.0050,0.7987,0.1652,1.0862,sell
2025-05-28,59.7330,10015600,60.6612,61.0189,59.5203,-0.0167,-0.0125,-0.0098,-0.0000,0.0216,58.7778,0.0254,0.0085,0.0043,0.6675,-0.3982,0.6600,hold
2025-05-29,59.4043,12218000,60.4195,60.8159,59.1046,-0.0055,0.0243,-0.0047,-0.0051,0.0200,57.0083,0.0252,0.0082,0.0032,0.6116,0.2199,0.8186,sell
2025-05-30,58.5824,18155100,58.9789,59.0949,58.1087,-0.0138,-0.0119,-0.0290,-0.0159,0.0100,56.2603,0.0252,0.0069,0.0015,0.4883,0.4859,1.1861,buy
2025-06-02,59.9256,14065300,58.4462,59.9548,58.0082,0.0229,0.0326,-0.0179,0.0085,0.0366,48.0492,0.0262,0.0073,0.0016,0.6489,-0.2253,0.9209,buy
2025-06-03,60.7042,10286100,59.6044,60.7821,58.8452,0.0130,-0.0007,0.0113,0.0204,0.0519,51.2317,0.0260,0.0086,0.0024,0.7374,-0.2687,0.6862,hold
2025-06-04,61.0935,10242300,60.7139,61.3563,60.6069,0.0064,0.0228,0.0100,0.0259,0.0601,54.6238,0.0260,0.0100,0.0031,0.7889,-0.0043,0.6860,hold
2025-06-05,60.9962,12336300,61.2590,61.9598,60.5680,-0.0016,0.0268,0.0518,0.0191,0.0597,52.2600,0.0213,0.0110,0.0032,0.7541,0.2044,0.8251,hold
2025-06-06,61.1227,13299600,60.9962,61.4050,60.4609,0.0021,0.0434,0.0309,0.0181,0.0628,50.3674,0.0205,0.0117,0.0032,0.7607,0.0781,0.9068,sell
2025-06-09,60.2565,11640000,61.6094,61.7943,60.2273,-0.0142,0.0055,0.0383,-0.0000,0.0489,50.8340,0.0197,0.0112,0.0021,0.5639,-0.1248,0.8000,buy
2025-06-10,62.1642,15287000,60.7139,62.4464,60.5874,0.0317,0.0241,0.0233,0.0292,0.0818,55.4311,0.0163,0.0127,0.0030,0.9860,0.3133,1.1056,sell
2025-06-11,61.4244,10238700,62.6800,63.1180,60.9086,-0.0119,0.0054,0.0283,0.0142,0.0689,62.5397,0.0157,0.0132,0.0027,0.7884,-0.3302,0.7591,sell
2025-06-12,61.1227,9830500,61.0643,61.2493,60.1105,-0.0049,0.0021,0.0289,0.0063,0.0642,57.2281,0.0157,0.0130,0.0020,0.7011,-0.0399,0.7395,sell
2025-06-13,58.9134,16509700,60.1008,61.1033,58.5046,-0.0361,-0.0361,0.0056,-0.0306,0.0271,53.2327,0.0195,0.0101,-0.0011,0.2322,0.6794,1.2321,buy
2025-06-16,60.2468,13681600,59.7407,60.5193,59.6044,0.0226,-0.0002,0.0054,-0.0092,0.0480,47.9547,0.0194,0.0089,-0.0016,0.5294,-0.1713,1.0183,sell
2025-06-17,58.3975,13649700,59.6628,59.6628,58.0861,-0.0307,-0.0606,-0.0380,-0.0359,0.0147,44.8999,0.0212,0.0058,-0.0040,0.1599,-0.0023,1.0214,sell
2025-06-18,57.9206,14194300,58.3975,58.8355,57.7843,-0.0082,-0.0570,-0.0519,-0.0388,0.0050,44.3974,0.0209,0.0025,-0.0060,0.1141,0.0399,1.0487,hold
2025-06-20,58.1931,19084000,58.1542,58.4364,57.6091,0.0047,-0.0479,-0.0460,-0.0297,0.0074,48.4663,0.0211,0.0002,-0.0066,0.1612,0.3445,1.4011,buy
2025-06-23,59.1567,15921300,57.9887,59.6628,57.8525,0.0166,0.0041,-0.0322,-0.0104,0.0234,46.8774,0.0221,-0.0003,-0.0056,0.3527,-0.1657,1.1725,buy
2025-06-24,59.7796,12564000,59.6920,60.3246,58.8647,0.0105,-0.0078,-0.0079,0.0008,0.0316,46.1970,0.0221,0.0002,-0.0040,0.4551,-0.2109,0.9311,sell
2025-06-25,59.2053,12186200,59.8088,59.8866,58.7479,-0.0096,0.0138,-0.0476,-0.0039,0.0194,42.3501,0.0191,-0.0003,-0.0036,0.3509,-0.0301,0.9183,buy
2025-06-26,60.8697,39659800,59.9159,61.0546,59.1956,0.0281,0.0509,-0.0090,0.0251,0.0454,49.5451,0.0214,0.0016,-0.0013,0.6848,2.2545,2.6883,buy
2025-06-27,70.1160,117530300,67.9260,72.2085,67.8287,0.1519,0.2049,0.1471,0.1632,0.1972,69.5266,0.0526,0.0132,0.0085,1.4375,1.9635,5.8712,hold
2025-06-30,69.1427,31090400,69.5417,69.7948,68.1888,-0.0139,0.1688,0.1736,0.1279,0.1736,69.2049,0.0507,0.0215,0.0134,1.1409,-0.7355,1.5045,buy
2025-07-01,71.4494,27512900,70.0673,71.9652,69.9116,0.0334,0.1952,0.1859,0.1446,0.2056,69.7271,0.0509,0.0292,0.0171,1.1289,-0.1151,1.2894,buy
2025-07-02,74.3498,36882300,71.2158,74.7877,71.0503,0.0406,0.2558,0.2732,0.1614,0.2461,75.1515,0.0482,0.0373,0.0205,1.1244,0.3405,1.6271,hold
2025-07-03,74.3498,12022600,74.2330,74.9727,73.5614,0.0000,0.2215,0.2836,0.1323,0.2381,76.0445,0.0477,0.0440,0.0218,1.0165,-0.6740,0.5283,hold
2025-07-07,74.4860,17296900,74.0091,75.4301,73.8242,0.0018,0.0623,0.2800,0.1069,0.2326,83.3890,0.0478,0.0489,0.0214,0.9478,0.4387,0.7519,sell
2025-07-08,71.9457,19572400,74.0967,74.2622,71.6829,-0.0341,0.0405,0.2162,0.0492,0.1845,73.8492,0.0515,0.0512,0.0182,0.8083,0.1316,0.8394,hold
2025-07-09,71.5954,12076700,72.1501,72.9190,71.4591,-0.0049,0.0020,0.1977,0.0264,0.1726,78.6560,0.0520,0.0509,0.0142,0.7661,-0.3830,0.5174,hold
2025-07-10,72.6270,13033000,71.1671,73.4835,71.0016,0.0144,-0.0232,0.2267,0.0216,0.1828,81.1804,0.0511,0.0504,0.0113,0.7772,0.0792,0.5611,sell
2025-07-11,70.6902,12771400,71.7219,71.8679,70.4663,-0.0267,-0.0492,0.1613,-0.0192,0.1457,74.7494,0.0532,0.0491,0.0072,0.6857,-0.0201,0.5469,hold
2025-07-14,70.3203,11385400,70.4079,70.6415,69.1329,-0.0052,-0.0559,0.0029,-0.0246,0.1339,72.6412,0.0238,0.0463,0.0034,0.6550,-0.1085,0.4859,hold
2025-07-15,70.0673,9708300,70.3301,70.9335,69.6682,-0.0036,-0.0261,0.0134,-0.0294,0.1243,71.1824,0.0233,0.0433,0.0001,0.6280,-0.1473,0.4204,hold
2025-07-16,70.1743,9008600,69.9797,70.7681,69.2497,0.0015,-0.0198,-0.0178,-0.0262,0.1212,73.0282,0.0205,0.0403,-0.0022,0.6156,-0.0721,0.3941,buy
2025-07-17,71.0308,9180400,70.1938,71.2547,70.1159,0.0122,-0.0220,-0.0446,-0.0097,0.1292,72.0812,0.0153,0.0381,-0.0031,0.6307,0.0191,0.4056,sell
2025-07-18,70.5345,8801000,71.3228,71.3228,70.1938,-0.0070,-0.0022,-0.0513,-0.0114,0.1159,51.4676,0.0152,0.0360,-0.0044,0.5909,-0.0413,0.3935,buy
2025-07-21,72.0431,12743900,70.9822,72.8120,70.9627,0.0214,0.0245,-0.0328,0.0132,0.1342,59.8026,0.0173,0.0347,-0.0039,0.6402,0.4480,0.5780,buy
2025-07-22,73.3765,11297500,72.0917,73.5225,72.0625,0.0185,0.0472,0.0199,0.0299,0.1493,56.9718,0.0147,0.0347,-0.0025,0.6900,-0.1135,0.5178,buy
2025-07-23,74.7002,16428100,74.1162,75.1479,73.7950,0.0180,0.0645,0.0434,0.0439,0.1633,51.4309,0.0153,0.0356,-0.0008,0.7525,0.4541,0.7464,sell
2025-07-24,73.4057,10037800,74.4666,75.4691,73.3959,-0.0173,0.0334,0.0107,0.0247,0.1386,46.5133,0.0162,0.0356,-0.0011,0.6699,-0.3890,0.4583,buy
2025-07-25,74.2330,7208400,73.8826,74.5250,73.5127,0.0113,0.0524,0.0501,0.0312,0.1465,49.1108,0.0131,0.0353,-0.0009,0.8081,-0.2819,0.3555,buy
2025-07-28,77.1236,22631100,76.8901,77.8536,75.4885,0.0389,0.0705,0.0967,0.0613,0.1847,67.7570,0.0163,0.0366,0.0014,1.0761,2.1395,1.4568,sell
2025-07-29,76.2380,12885500,76.6565,77.2502,75.6832,-0.0115,0.0390,0.0881,0.0403,0.1654,65.3574,0.0172,0.0377,0.0017,0.9206,-0.4306,0.8811,sell
2025-07-30,74.6320,14601700,75.7026,76.2088,73.9313,-0.0211,-0.0009,0.0635,0.0122,0.1362,56.3896,0.0195,0.0369,0.0001,0.7068,0.1332,1.0446,sell
2025-07-31,72.6952,16700000,74.3108,74.3595,72.3253,-0.0260,-0.0097,0.0234,-0.0163,0.1024,56.3896,0.0219,0.0341,-0.0029,0.4857,0.1437,1.2876,hold
2025-08-01,72.6270,11911600,71.4786,72.7049,70.5929,-0.0009,-0.0216,0.0297,-0.0200,0.0973,57.4953,0.0217,0.0307,-0.0051,0.4877,-0.2867,0.9188,hold
2025-08-04,72.8217,8839000,73.0261,73.2500,72.1793,0.0027,-0.0558,0.0108,-0.0184,0.0954,58.9841,0.0207,0.0277,-0.0064,0.5222,-0.2580,0.7048,hold
2025-08-05,72.3934,6533800,72.9093,73.6879,72.2572,-0.0059,-0.0504,-0.0134,-0.0229,0.0847,57.0895,0.0199,0.0249,-0.0075,0.4657,-0.2608,0.5496,buy
2025-08-06,73.4641,7579800,72.4810,73.9507,72.2669,0.0148,-0.0156,-0.0165,-0.0068,0.0956,57.6687,0.0195,0.0231,-0.0071,0.5888,0.1601,0.6498,sell
2025-08-07,72.3643,8717600,74.2816,74.3108,72.0236,-0.0150,-0.0046,-0.0142,-0.0202,0.0755,55.5555,0.0193,0.0208,-0.0079,0.4518,0.1501,0.7615,hold
2025-08-08,72.2085,6739000,72.2183,72.9580,71.4299,-0.0022,-0.0058,-0.0273,-0.0197,0.0692,50.5473,0.0188,0.0183,-0.0083,0.4204,-0.2270,0.6046,hold
2025-08-11,72.0431,6985700,72.3351,72.7925,71.0990,-0.0023,-0.0107,-0.0659,-0.0151,0.0628,45.2198,0.0120,0.0160,-0.0085,0.3829,0.0366,0.6393,buy
2025-08-12,72.8996,6397700,72.7244,73.6977,72.3545,0.0119,0.0070,-0.0438,0.0012,0.0709,43.3213,0.0132,0.0148,-0.0076,0.4781,-0.0842,0.5945,buy
2025-08-13,75.1381,13472600,73.4641,75.6150,73.1818,0.0307,0.0228,0.0068,0.0312,0.0989,56.0054,0.0158,0.0158,-0.0048,0.7798,1.1059,1.2265,sell
2025-08-14,74.3498,7990500,73.8826,74.5542,73.3375,-0.0105,0.0274,0.0228,0.0181,0.0830,50.4060,0.0135,0.0160,-0.0038,0.6411,-0.4069,0.7314,buy
2025-08-15,74.9143,9767700,74.6904,75.4301,74.1259,0.0076,0.0375,0.0315,0.0226,0.0869,40.8395,0.0135,0.0164,-0.0026,0.7139,0.2224,0.8901,buy
2025-08-18,75.3620,9069100,75.0505,76.1698,74.7975,0.0060,0.0461,0.0349,0.0251,0.0888,46.2312,0.0135,0.0170,-0.0015,0.7643,-0.0715,0.8405,sell
2025-08-19,74.8267,7684800,76.1114,76.6857,74.6320,-0.0071,0.0264,0.0336,0.0145,0.0768,50.9225,0.0136,0.0169,-0.0014,0.6569,-0.1526,0.7244,sell
2025-08-20,74.2232,6282600,74.6418,75.4885,74.1259,-0.0081,-0.0122,0.0103,0.0053,0.0639,58.2893,0.0134,0.0160,-0.0020,0.5567,-0.1825,0.6219,hold
2025-08-21,74.1454,6354900,73.6782,74.1940,73.1234,-0.0010,-0.0027,0.0246,0.0018,0.0591,58.2278,0.0123,0.0149,-0.0024,0.5368,0.0115,0.6408,buy
2025-08-22,76.2866,10985900,74.4958,77.0263,74.2135,0.0289,0.0183,0.0565,0.0251,0.0851,65.5052,0.0146,0.0157,-0.0009,0.8694,0.7287,1.0870,buy
2025-08-25,77.0555,12488900,76.3742,78.0288,76.2963,0.0101,0.0225,0.0696,0.0285,0.0911,70.2451,0.0144,0.0172,0.0006,0.9987,0.1368,1.3010,sell
2025-08-26,76.5494,6874800,76.8901,77.3572,76.2866,-0.0066,0.0230,0.0501,0.0168,0.0785,64.0889,0.0149,0.0178,0.0009,0.9058,-0.4495,0.7393,sell
2025-08-27,75.9752,12636700,76.8511,77.3864,75.5761,-0.0075,0.0236,0.0111,0.0080,0.0657,67.3202,0.0122,0.0176,0.0004,0.7913,0.8381,1.3735,hold
2025-08-28,75.8389,7478600,76.4813,76.5591,75.6442,-0.0018,0.0228,0.0200,0.0043,0.0586,67.4462,0.0116,0.0170,-0.0002,0.7441,-0.4082,0.8557,sell
2025-08-29,75.3036,14208800,75.6734,77.0166,75.0603,-0.0071,-0.0129,0.0052,-0.0033,0.0461,65.1310,0.0117,0.0158,-0.0012,0.6427,0.8999,1.6047,sell
2025-09-02,72.6816,15078700,74.0024,74.4035,72.3979,-0.0348,-0.0568,-0.0356,-0.0346,0.0056,49.1309,0.0160,0.0123,-0.0043,0.2273,0.0612,1.6450,buy
2025-09-03,73.1219,8300100,72.7892,73.5523,72.3098,0.0061,-0.0448,-0.0228,-0.0266,0.0078,40.6146,0.0162,0.0093,-0.0057,0.2858,-0.4495,0.8968,buy
2025-09-04,73.7187,11096200,73.1317,74.1296,72.8969,0.0082,-0.0297,-0.0068,-0.0180,0.0121,47.0090,0.0163,0.0076,-0.0058,0.3803,0.3369,1.1766,sell
2025-09-05,72.3099,13758400,73.1806,73.7774,72.0359,-0.0191,-0.0465,-0.0248,-0.0344,-0.0108,38.5713,0.0174,0.0048,-0.0071,0.1512,0.2399,1.4209,hold
2025-09-08,72.5446,13793300,72.6523,72.9653,72.1142,0.0032,-0.0366,-0.0491,-0.0264,-0.0107,37.4015,0.0138,0.0026,-0.0074,0.1817,0.0025,1.3745,sell
2025-09-09,72.0066,8740200,72.3881,72.9360,71.4685,-0.0074,-0.0093,-0.0655,-0.0270,-0.0186,37.3923,0.0127,0.0003,-0.0078,0.0936,-0.3663,0.8634,buy
2025-09-10,72.6425,11359300,73.6208,73.8263,71.7424,0.0088,-0.0066,-0.0510,-0.0132,-0.0108,42.9535,0.0136,-0.0008,-0.0071,0.2039,0.2997,1.0953,hold
2025-09-11,72.7208,9803400,72.7990,73.8948,72.4077,0.0011,-0.0135,-0.0428,-0.0078,-0.0101,43.6497,0.0137,-0.0015,-0.0063,0.2429,-0.1370,0.9623,sell
2025-09-12,71.4195,11806000,72.6327,72.6718,70.3727,-0.0179,-0.0123,-0.0583,-0.0196,-0.0270,26.5486,0.0143,-0.0036,-0.0067,0.0922,0.2043,1.1376,hold
2025-09-15,71.4489,10323800,71.5957,71.6250,71.0086,0.0004,-0.0151,-0.0512,-0.0140,-0.0259,20.9122,0.0145,-0.0051,-0.0066,0.1423,-0.1255,0.9921,hold
2025-09-16,71.1750,8813600,71.2239,71.7913,70.5292,-0.0038,-0.0115,-0.0207,-0.0157,-0.0287,21.4284,0.0100,-0.0066,-0.0065,0.1484,-0.1463,0.8480,sell
2025-09-17,70.7445,11108700,71.4880,71.7326,70.0596,-0.0060,-0.0261,-0.0325,-0.0184,-0.0343,21.7611,0.0097,-0.0082,-0.0064,0.1379,0.2604,1.0515,sell
2025-09-18,70.5390,14918400,71.8500,72.0066,70.0792,-0.0029,-0.0300,-0.0431,-0.0169,-0.0368,21.5997,0.0088,-0.0096,-0.0063,0.1541,0.3429,1.3567,sell
2025-09-19,69.3552,33415600,70.4510,70.6858,69.2085,-0.0168,-0.0289,-0.0409,-0.0294,-0.0521,20.1960,0.0084,-0.0120,-0.0070,0.0769,1.2399,2.7058,buy
2025-09-22,69.7368,12336300,69.2574,70.9206,68.9052,0.0055,-0.0240,-0.0387,-0.0203,-0.0467,30.9735,0.0087,-0.0132,-0.0065,0.1554,-0.6308,0.9935,sell
2025-09-23,69.3944,10432400,70.0205,70.8521,69.1987,-0.0049,-0.0250,-0.0363,-0.0215,-0.0511,25.6082,0.0086,-0.0145,-0.0062,0.1434,-0.1543,0.8472,buy
2025-09-24,69.6781,10024500,69.1400,69.9814,68.9248,0.0041,-0.0151,-0.0408,-0.0134,-0.0471,22.4300,0.0079,-0.0149,-0.0053,0.1961,-0.0391,0.8038,sell
2025-09-25,67.7410,13075300,69.6194,69.6194,67.5551,-0.0278,-0.0397,-0.0685,-0.0340,-0.0730,20.9216,0.0106,-0.0178,-0.0064,0.0088,0.3043,1.0466,hold
2025-09-26,67.8094,15627600,67.8779,67.9366,66.5571,0.0010,-0.0223,-0.0505,-0.0280,-0.0712,19.2113,0.0101,-0.0195,-0.0064,0.0520,0.1952,1.2113,buy
2025-09-29,68.0442,18479300,68.2595,68.4454,67.2518,0.0035,-0.0243,-0.0477,-0.0198,-0.0674,23.1790,0.0104,-0.0202,-0.0058,0.1062,0.1825,1.4091,hold
2025-09-30,68.2203,40567700,68.5530,68.6899,67.3300,0.0026,-0.0169,-0.0415,-0.0131,-0.0640,18.0793,0.0106,-0.0203,-0.0047,0.1690,1.1953,2.8194,buy
2025-10-01,72.5936,57921900,72.7403,73.0730,70.0596,0.0641,0.0418,0.0261,0.0474,-0.0038,49.4333,0.0240,-0.0142,0.0003,0.7562,0.4278,3.4334,hold
2025-10-02,72.9556,26254400,73.3762,75.3036,72.2805,0.0050,0.0770,0.0343,0.0489,0.0017,57.4691,0.0239,-0.0098,0.0038,0.8203,-0.5467,1.4894,sell
2025-10-03,70.3727,18794900,73.1610,73.1610,70.3629,-0.0354,0.0378,0.0147,0.0103,-0.0330,45.8079,0.0263,-0.0094,0.0037,0.4737,-0.2841,1.0512,sell
2025-10-06,69.6292,14039600,70.4608,70.8228,69.4726,-0.0106,0.0233,-0.0015,-0.0002,-0.0420,44.1912,0.0265,-0.0097,0.0029,0.3850,-0.2530,0.7847,sell
2025-10-07,67.4181,17368000,69.6879,70.0303,67.4083,-0.0318,-0.0118,-0.0285,-0.0292,-0.0699,38.9754,0.0284,-0.0126,0.0003,0.1122,0.2371,0.9479,hold
2025-10-08,67.5942,13051800,67.4181,67.9268,67.1833,0.0026,-0.0689,-0.0299,-0.0237,-0.0653,40.2209,0.0284,-0.0143,-0.0012,0.1706,-0.2485,0.7090,sell
2025-10-09,66.5865,13410900,68.0442,68.1519,66.4202,-0.0149,-0.0873,-0.0170,-0.0367,-0.0772,40.6969,0.0274,-0.0169,-0.0029,0.0770,0.0275,0.7215,sell
2025-10-10,63.8080,18806100,66.7039,67.0072,63.4753,-0.0417,-0.0933,-0.0590,-0.0715,-0.1135,32.8426,0.0301,-0.0229,-0.0066,-0.1282,0.4023,0.9930,buy
2025-10-13,65.9212,13191200,64.2776,66.0582,64.1308,0.0331,-0.0533,-0.0312,-0.0378,-0.0824,40.8834,0.0325,-0.0233,-0.0060,0.1569,-0.2986,0.6913,hold
2025-10-14,66.1756,9483700,65.0309,66.5278,64.6298,0.0039,-0.0184,-0.0300,-0.0312,-0.0772,40.7922,0.0325,-0.0236,-0.0051,0.2162,-0.2811,0.4961,buy
2025-10-15,66.9778,13001500,67.0952,68.0247,66.6550,0.0121,-0.0091,-0.0774,-0.0113,-0.0646,47.8665,0.0236,-0.0223,-0.0032,0.3252,0.3709,0.6768,sell
2025-10-16,65.3929,15349700,67.1148,67.5453,65.1385,-0.0237,-0.0179,-0.1037,-0.0238,-0.0846,43.7721,0.0236,-0.0238,-0.0034,0.1830,0.1806,0.7981,buy
2025-10-17,65.9114,10054000,65.1875,66.3028,64.8842,0.0079,0.0330,-0.0634,-0.0095,-0.0757,44.5825,0.0225,-0.0234,-0.0025,0.2636,-0.3450,0.5566,hold
2025-10-20,66.1560,9670000,66.0973,66.7039,66.0093,0.0037,0.0036,-0.0499,-0.0006,-0.0707,44.7746,0.0227,-0.0226,-0.0014,0.3098,-0.0382,0.5393,buy
2025-10-21,66.8800,9659200,66.2832,67.7899,65.9506,0.0109,0.0106,-0.0080,0.0112,-0.0592,32.2600,0.0210,-0.0207,0.0002,0.4008,-0.0011,0.5399,buy
2025-10-22,67.5844,8096100,66.7430,67.8583,66.4887,0.0105,0.0091,-0.0001,0.0218,-0.0478,33.6704,0.0213,-0.0181,0.0020,0.4885,-0.1618,0.4550,buy
2025-10-23,68.1714,9124900,67.5942,68.3769,67.2518,0.0087,0.0425,0.0238,0.0283,-0.0377,42.3832,0.0208,-0.0152,0.0038,0.5510,0.1271,0.5185,sell
2025-10-24,67.6138,7102900,68.2008,68.5628,67.4181,-0.0082,0.0258,0.0596,0.0140,-0.0437,42.9355,0.0146,-0.0137,0.0044,0.4904,-0.2216,0.4136,sell
2025-10-27,67.1050,9838100,68.5236,68.9150,66.7822,-0.0075,0.0143,0.0180,0.0046,-0.0488,48.7539,0.0115,-0.0129,0.0042,0.4394,0.3851,0.5877,sell
2025-10-28,65.9701,11262400,66.6354,67.1246,65.5984,-0.0169,-0.0136,-0.0031,-0.0121,-0.0624,43.9942,0.0129,-0.0136,0.0030,0.3285,0.1448,0.7374,sell
2025-10-29,63.9352,15143100,65.5592,65.7353,63.5438,-0.0308,-0.0540,-0.0454,-0.0382,-0.0885,40.8877,0.0153,-0.0169,0.0003,0.1212,0.3446,1.1529,sell
2025-10-30,63.4949,13895200,63.7689,64.5711,63.1721,-0.0069,-0.0686,-0.0290,-0.0421,-0.0920,48.7179,0.0138,-0.0196,-0.0019,0.0495,-0.0824,1.1101,sell
2025-10-31,63.1916,17822500,63.5928,63.8373,62.8590,-0.0048,-0.0654,-0.0413,-0.0427,-0.0935,36.8768,0.0133,-0.0219,-0.0032,0.0383,0.2826,1.4294,sell
2025-11-03,61.2936,22633300,63.3188,63.4460,60.9903,-0.0300,-0.0866,-0.0735,-0.0646,-0.1169,29.7319,0.0152,-0.0265,-0.0059,-0.1263,0.2699,1.7548,sell
2025-11-04,59.9044,13725400,61.0686,61.2349,59.7968,-0.0227,-0.0919,-0.1043,-0.0759,-0.1327,21.9985,0.0144,-0.0319,-0.0086,-0.1294,-0.3936,1.0794,buy
2025-11-05,60.7653,20979800,59.9533,61.4893,59.5424,0.0144,-0.0496,-0.1009,-0.0527,-0.1162,30.5670,0.0150,-0.0336,-0.0085,0.0427,0.5285,1.6000,hold
2025-11-06,60.5501,15164600,60.5403,61.1273,60.3348,-0.0035,-0.0464,-0.1118,-0.0447,-0.1153,26.8972,0.0137,-0.0353,-0.0081,0.0834,-0.2772,1.1488,sell
2025-11-07,59.7674,15504800,60.4033,60.8338,58.9847,-0.0129,-0.0542,-0.1160,-0.0452,-0.1226,23.6906,0.0137,-0.0377,-0.0081,0.0663,0.0224,1.1895,sell
2025-11-10,59.4837,13063100,60.4131,60.7457,59.1804,-0.0047,-0.0295,-0.1136,-0.0380,-0.1227,18.3947,0.0138,-0.0393,-0.0077,0.0992,-0.1575,1.0026,buy
2025-11-11,61.7828,17646400,60.3935,62.2231,59.9142,0.0387,0.0314,-0.0635,0.0060,-0.0859,28.1825,0.0209,-0.0355,-0.0041,0.3092,0.3509,1.3133,buy
2025-11-12,62.8101,14812200,62.7122,63.7786,62.3600,0.0166,0.0336,-0.0176,0.0246,-0.0678,30.4843,0.0201,-0.0315,-0.0004,0.4091,-0.1606,1.0950,buy
2025-11-13,64.6004,21923600,64.2874,64.8255,63.4753,0.0285,0.0669,0.0174,0.0519,-0.0387,39.9347,0.0221,-0.0254,0.0038,0.5637,0.4801,1.5822,sell
2025-11-14,62.7807,17760100,63.5340,63.6514,62.3698,-0.0282,0.0504,-0.0065,0.0229,-0.0631,36.7187,0.0240,-0.0239,0.0049,0.4219,-0.1899,1.2471,sell
2025-11-17,61.5382,17064700,61.7045,62.1644,60.9121,-0.0198,0.0345,0.0040,0.0023,-0.0786,36.4776,0.0228,-0.0240,0.0043,0.3339,-0.0392,1.1679,hold
2025-11-18,61.1371,14614600,61.0490,61.4012,60.3446,-0.0065,-0.0105,0.0206,-0.0062,-0.0816,40.5172,0.0215,-0.0241,0.0036,0.3195,-0.1436,0.9836,hold
2025-11-19,61.2838,11732100,61.0784,61.8513,60.6675,0.0024,-0.0243,0.0085,-0.0047,-0.0763,42.3545,0.0211,-0.0235,0.0033,0.3514,-0.1972,0.7800,sell
2025-11-20,60.1000,13886600,61.5871,62.4481,60.0805,-0.0193,-0.0697,-0.0074,-0.0232,-0.0906,39.9235,0.0221,-0.0248,0.0020,0.2548,0.1836,0.9089,buy
2025-11-21,61.4404,12476900,60.6675,62.1252,60.2077,0.0223,-0.0213,0.0280,-0.0041,-0.0675,50.4964,0.0227,-0.0230,0.0026,0.4150,-0.1015,0.8025,sell
2025-11-24,60.5892,16681700,61.1567,61.7045,60.5892,-0.0139,-0.0154,0.0186,-0.0197,-0.0774,52.4038,0.0232,-0.0231,0.0023,0.3235,0.3370,1.0498,buy
2025-11-25,62.3013,11527200,60.9903,62.7318,60.5305,0.0283,0.0190,0.0084,0.0072,-0.0488,55.0875,0.0215,-0.0198,0.0039,0.6142,-0.3090,0.7248,buy
2025-11-26,62.9373,13791000,62.1252,63.4656,61.6067,0.0102,0.0270,0.0020,0.0172,-0.0368,57.6923,0.0211,-0.0166,0.0055,0.7434,0.1964,0.8709,hold
2025-11-28,63.2308,4941400,63.0742,63.3775,62.5850,0.0047,0.0521,-0.0212,0.0242,-0.0301,61.5234,0.0188,-0.0135,0.0067,0.8026,-0.6417,0.3211,buy
2025-12-01,64.3827,12047300,62.7877,64.9735,62.6006,0.0182,0.0479,0.0255,0.0402,-0.0109,65.4100,0.0173,-0.0095,0.0084,0.9691,1.4380,0.7979,sell
2025-12-02,63.9298,9051200,64.4418,64.4615,63.5852,-0.0070,0.0551,0.0389,0.0289,-0.0161,57.6409,0.0159,-0.0070,0.0088,0.8493,-0.2487,0.6277,buy
2025-12-03,64.6387,12028300,64.0775,65.6332,63.9790,0.0111,0.0375,0.0573,0.0345,-0.0038,56.6588,0.0155,-0.0039,0.0093,0.9093,0.3289,0.8391,hold
2025-12-04,64.6781,10619500,64.5895,65.0818,64.0086,0.0006,0.0277,0.0554,0.0295,-0.0016,50.3241,0.0156,-0.0015,0.0094,0.8674,-0.1171,0.7686,hold
2025-12-05,64.8455,10917900,64.6880,65.0621,63.8806,0.0026,0.0255,0.0790,0.0245,0.0019,59.9962,0.0130,0.0006,0.0092,0.8496,0.0281,0.8025,sell
2025-12-08,62.5612,12867300,64.5895,64.7864,62.2954,-0.0352,-0.0283,0.0182,-0.0134,-0.0319,54.4989,0.0177,-0.0006,0.0066,0.5013,0.1786,0.9551,hold
2025-12-09,62.3545,9300200,62.5317,62.9649,62.0000,-0.0033,-0.0246,0.0291,-0.0194,-0.0334,55.4468,0.0170,-0.0018,0.0043,0.4414,-0.2772,0.7001,buy
2025-12-10,64.7766,20302100,62.9945,65.1310,62.7778,0.0388,0.0021,0.0397,0.0148,0.0053,62.9836,0.0190,0.0003,0.0050,0.8195,1.1830,1.5131,buy
2025-12-11,66.6965,16153500,64.8160,66.7753,64.5501,0.0296,0.0312,0.0597,0.0387,0.0369,73.2489,0.0206,0.0042,0.0070,1.0257,-0.2043,1.1979,hold
2025-12-12,66.4307,14829200,67.1199,68.0750,66.0861,-0.0040,0.0244,0.0506,0.0295,0.0349,69.0293,0.0208,0.0069,0.0078,0.9414,-0.0820,1.1294,hold
2025-12-15,66.7359,15287500,66.3716,67.2971,65.6627,0.0046,0.0667,0.0366,0.0304,0.0408,74.4572,0.0203,0.0093,0.0081,0.9192,0.0309,1.1754,sell
2025-12-16,66.0861,16376700,66.2535,67.1494,65.7119,-0.0097,0.0598,0.0337,0.0170,0.0319,66.4498,0.0205,0.0103,0.0073,0.8048,0.0712,1.2625,sell
2025-12-17,64.6781,13205500,65.5347,65.8006,64.6092,-0.0213,-0.0015,0.0006,-0.0047,0.0107,57.0905,0.0217,0.0095,0.0051,0.6176,-0.1936,1.0236,hold
2025-12-18,64.6190,35650000,64.9932,65.9679,64.3926,-0.0009,-0.0311,-0.0009,-0.0055,0.0108,55.7645,0.0217,0.0085,0.0033,0.5931,1.6996,2.5289,sell
2025-12-19,57.8056,108652700,58.2881,59.4499,57.3232,-0.1054,-0.1298,-0.1086,-0.1006,-0.0933,31.4238,0.0397,-0.0009,-0.0054,-0.1750,2.0478,5.7686,sell
2025-12-22,56.3386,38695900,58.0813,58.1699,56.2598,-0.0254,-0.1558,-0.0995,-0.1149,-0.1143,29.7212,0.0392,-0.0114,-0.0127,-0.1580,-0.6439,1.9207,hold
2025-12-23,56.4567,23276700,56.2992,56.7127,56.1121,0.0021,-0.1457,-0.0946,-0.1047,-0.1098,27.4308,0.0393,-0.0192,-0.0165,-0.0541,-0.3985,1.1368,buy
2025-12-24,59.0758,36073300,57.9730,59.6468,57.9730,0.0464,-0.0866,-0.0880,-0.0547,-0.0664,36.4717,0.0404,-0.0205,-0.0143,0.1842,0.5498,1.6621,buy
2025-12-26,59.9914,22303600,59.0758,59.9914,58.9379,0.0155,-0.0716,-0.1005,-0.0296,-0.0498,38.6875,0.0391,-0.0204,-0.0114,0.2718,-0.3817,1.0079,hold
2025-12-29,60.2671,18062100,59.6074,60.7988,59.5779,0.0046,0.0426,-0.0928,-0.0153,-0.0439,44.1013,0.0394,-0.0198,-0.0087,0.3070,-0.1902,0.7927,hold
2025-12-30,60.2474,13507800,60.3557,60.3557,59.7059,-0.0003,0.0694,-0.0972,-0.0051,-0.0425,44.5297,0.0392,-0.0193,-0.0066,0.3224,-0.2521,0.5909,buy
2025-12-31,62.7286,35457400,61.2911,63.2111,60.9662,0.0412,0.1111,-0.0508,0.0416,-0.0020,44.6993,0.0423,-0.0147,-0.0020,0.5095,1.6250,1.4665,hold
2026-01-02,62.3052,22284100,63.0141,63.1421,61.5865,-0.0067,0.0547,-0.0367,0.0387,-0.0072,37.6796,0.0419,-0.0122,0.0005,0.4867,-0.3715,0.9025,buy
2026-01-05,63.5360,23482500,62.7581,64.3630,62.4135,0.0198,0.0591,-0.0168,0.0611,0.0137,42.2956,0.0426,-0.0083,0.0033,0.5835,0.0538,0.9269,hold
2026-01-06,64.3434,19973200,63.0732,64.4221,62.4332,0.0127,0.0676,0.1131,0.0630,0.0278,43.7979,0.0215,-0.0043,0.0058,0.6470,-0.1494,0.7745,sell
2026-01-07,62.2462,18284100,64.5107,64.5993,62.2166,-0.0326,0.0332,0.1049,0.0184,-0.0040,40.7407,0.0229,-0.0039,0.0052,0.4894,-0.0846,0.7017,buy
2026-01-08,64.2547,21573900,61.2222,64.7273,60.7496,0.0323,0.0243,0.1381,0.0380,0.0291,49.0079,0.0237,-0.0008,0.0064,0.6332,0.1799,0.8089,buy
2026-01-09,64.9046,18470400,64.1070,65.5150,63.4080,0.0101,0.0417,0.0987,0.0388,0.0399,50.6511,0.0206,0.0023,0.0076,0.6813,-0.1439,0.6949,hold
2026-01-12,64.6289,13901100,64.2449,65.3181,63.2504,-0.0042,0.0172,0.0773,0.0267,0.0352,72.1689,0.0209,0.0044,0.0077,0.6739,-0.2474,0.5252,buy
2026-01-13,65.2787,13685200,65.2295,66.0467,64.8357,0.0101,0.0145,0.0832,0.0289,0.0450,80.6757,0.0209,0.0067,0.0080,0.7335,-0.0155,0.5182,sell
2026-01-14,64.5600,15939100,65.2689,66.0959,64.0381,-0.0110,0.0372,0.0716,0.0107,0.0331,76.7035,0.0217,0.0077,0.0072,0.6929,0.1647,0.6028,sell
2026-01-15,63.5951,13295300,64.7470,64.7470,63.2209,-0.0149,-0.0103,0.0138,-0.0058,0.0169,66.7152,0.0190,0.0072,0.0054,0.6287,-0.1659,0.5057,hold
2026-01-16,63.3883,15903000,63.3981,63.5951,62.6991,-0.0033,-0.0234,0.0174,-0.0107,0.0124,63.2590,0.0188,0.0065,0.0037,0.6184,0.1961,0.6018,sell
2026-01-20,62.6498,20406000,62.5120,63.5852,62.0492,-0.0116,-0.0306,-0.0139,-0.0209,0.0000,58.9763,0.0181,0.0049,0.0017,0.5640,0.2832,0.7952,buy
2026-01-21,64.4024,17166400,62.8960,64.4123,62.6302,0.0280,-0.0134,0.0009,0.0064,0.0268,63.8452,0.0200,0.0056,0.0020,0.6995,-0.1588,0.8141,hold
2026-01-22,64.4517,11853700,64.4024,65.5249,64.2449,0.0008,-0.0017,0.0354,0.0037,0.0260,56.8520,0.0164,0.0063,0.0021,0.6913,-0.3095,0.6003,sell
2026-01-23,64.0381,11243900,64.2449,64.4418,63.4474,-0.0064,0.0070,-0.0034,-0.0024,0.0180,56.8966,0.0131,0.0062,0.0017,0.6354,-0.0514,0.5874,hold
2026-01-26,63.9889,14765900,63.8117,64.6289,63.7821,-0.0008,0.0095,-0.0141,-0.0017,0.0165,51.9896,0.0125,0.0061,0.0012,0.6100,0.3132,0.8168,sell
2026-01-27,62.1182,13536700,63.7526,63.8314,61.9114,-0.0292,-0.0085,-0.0388,-0.0271,-0.0130,41.0601,0.0154,0.0036,-0.0011,0.2744,-0.0832,0.7674,sell
2026-01-28,61.2813,10363600,62.0788,62.5022,61.0154,-0.0135,-0.0485,-0.0612,-0.0341,-0.0253,45.6866,0.0148,0.0005,-0.0035,0.0876,-0.2344,0.6006,buy
2026-01-29,61.6357,12739400,60.9760,61.9705,60.5133,0.0058,-0.0437,-0.0453,-0.0241,-0.0193,36.2603,0.0151,-0.0016,-0.0044,0.0957,0.2292,0.7400,sell
2026-01-30,60.8579,14309200,61.2813,61.5569,60.0800,-0.0126,-0.0497,-0.0430,-0.0322,-0.0315,29.0520,0.0150,-0.0042,-0.0057,0.0057,0.1232,0.8855,buy
2026-02-02,61.2222,11006300,60.7102,61.6062,60.2080,0.0060,-0.0432,-0.0342,-0.0230,-0.0257,32.5253,0.0153,-0.0057,-0.0057,0.1074,-0.2308,0.7058,sell
2026-02-03,59.9914,17322100,60.8283,61.5668,59.4991,-0.0201,-0.0342,-0.0424,-0.0386,-0.0449,24.4042,0.0160,-0.0086,-0.0069,-0.0127,0.5738,1.1331,buy
2026-02-04,63.2308,20957700,60.7693,63.4178,60.5625,0.0540,0.0318,-0.0182,0.0152,0.0057,44.8276,0.0226,-0.0061,-0.0036,0.5154,0.2099,1.3666,sell
2026-02-05,61.7342,12506200,63.2012,63.5852,61.1336,-0.0237,0.0016,-0.0422,-0.0044,-0.0182,43.0464,0.0236,-0.0064,-0.0031,0.2789,-0.4033,0.8311,buy
2026-02-06,62.9354,11961500,62.0394,63.2504,62.0295,0.0195,0.0341,-0.0172,0.0167,0.0001,48.4247,0.0247,-0.0048,-0.0012,0.4822,-0.0436,0.8212,sell
2026-02-09,61.4486,12920800,62.5908,62.9255,61.4093,-0.0236,0.0037,-0.0397,-0.0032,-0.0232,46.0286,0.0257,-0.0056,-0.0016,0.2639,0.0802,0.9042,buy
2026-02-10,62.0689,13003400,62.0295,63.2012,61.3305,0.0101,0.0346,-0.0008,0.0069,-0.0131,41.6608,0.0243,-0.0053,-0.0010,0.3843,0.0064,0.9129,sell
2026-02-11,61.3896,15511900,62.9157,63.0240,60.7299,-0.0109,-0.0291,0.0018,-0.0042,-0.0233,39.5286,0.0242,-0.0059,-0.0013,0.2865,0.1929,1.0821,sell
2026-02-12,60.1588,13602400,61.3699,61.7539,59.9127,-0.0200,-0.0255,-0.0240,-0.0219,-0.0416,37.4362,0.0249,-0.0080,-0.0026,0.1044,-0.1231,0.9567,buy
2026-02-13,62.1575,20180900,60.6413,62.4037,60.6413,0.0332,-0.0124,0.0214,0.0085,-0.0092,44.7339,0.0269,-0.0066,-0.0011,0.4813,0.4836,1.3858,buy
2026-02-17,63.8215,12347500,61.9705,63.8215,61.9705,0.0268,0.0386,0.0425,0.0311,0.0176,54.9570,0.0280,-0.0035,0.0015,0.7831,-0.3882,0.8583,buy
2026-02-18,64.5403,11211500,63.3194,65.1310,63.3194,0.0113,0.0398,0.0758,0.0352,0.0291,59.5499,0.0267,-0.0002,0.0038,0.8731,-0.0920,0.8051,hold
2026-02-19,64.5993,10778300,64.1957,64.8258,63.2603,0.0009,0.0523,0.0216,0.0338,0.0301,58.8374,0.0211,0.0025,0.0051,0.8777,-0.0386,0.7922,hold
2026-02-20,64.3926,33436800,64.2941,67.4350,62.3545,-0.0032,0.0704,0.0431,0.0262,0.0262,60.9119,0.0192,0.0043,0.0056,0.8440,2.1022,2.2769,sell
2026-02-23,62.1182,17748800,63.6049,63.9692,61.0942,-0.0353,-0.0006,-0.0130,-0.0088,-0.0100,52.4742,0.0221,0.0029,0.0034,0.4705,-0.4692,1.1824,buy
2026-02-24,63.1028,14296100,62.3052,63.7034,61.6357,0.0159,-0.0113,0.0269,0.0043,0.0063,58.7100,0.0211,0.0029,0.0027,0.6578,-0.1945,0.9539,sell
2026-02-25,62.4234,9500800,62.9058,63.2308,62.2855,-0.0108,-0.0328,0.0057,-0.0071,-0.0032,47.3616,0.0213,0.0020,0.0015,0.5307,-0.3354,0.6426,buy
2026-02-26,62.9649,10319100,63.2209,64.0578,62.7975,0.0087,-0.0253,0.0257,-0.0010,0.0065,54.2896,0.0210,0.0020,0.0012,0.6153,0.0861,0.6980,sell
2026-02-27,61.2222,18017400,61.7539,61.7539,60.5723,-0.0277,-0.0492,0.0177,-0.0303,-0.0196,44.2460,0.0220,-0.0003,-0.0009,0.2998,0.7460,1.1974,sell
2026-03-02,60.4689,15335000,59.3688,60.9843,58.6155,-0.0123,-0.0266,-0.0272,-0.0396,-0.0299,46.5390,0.0194,-0.0031,-0.0030,0.1718,-0.1489,1.0157,sell
2026-03-03,58.8633,17438600,58.9128,59.5769,58.1001,-0.0266,-0.0672,-0.0777,-0.0577,-0.0539,39.4126,0.0177,-0.0076,-0.0060,-0.0257,0.1372,1.1309,sell
2026-03-04,58.1199,15971300,58.6651,58.9624,58.0902,-0.0126,-0.0689,-0.0995,-0.0600,-0.0639,39.2467,0.0164,-0.0121,-0.0084,-0.0637,-0.0841,1.0403,sell
2026-03-05,57.5054,22040200,58.0803,58.2686,56.9207,-0.0106,-0.0867,-0.1098,-0.0591,-0.0737,40.9048,0.0159,-0.0164,-0.0102,-0.0339,0.3800,1.4306,sell
2026-03-06,56.5044,16323700,56.9603,57.0396,56.2566,-0.0174,-0.0771,-0.1225,-0.0634,-0.0899,29.1995,0.0157,-0.0213,-0.0119,-0.0392,-0.2594,1.0466,sell
2026-03-09,56.0287,18053100,55.2457,56.2071,54.8988,-0.0084,-0.0734,-0.0980,-0.0618,-0.0974,18.5791,0.0136,-0.0256,-0.0129,0.0055,0.1059,1.1353,sell
2026-03-10,55.5826,15706400,56.1971,56.7324,55.3051,-0.0080,-0.0557,-0.1192,-0.0574,-0.1036,13.0704,0.0102,-0.0293,-0.0132,0.0408,-0.1300,0.9791,sell
2026-03-11,55.2060,20245300,57.0892,57.0892,54.9186,-0.0068,-0.0501,-0.1156,-0.0522,-0.1083,12.2623,0.0104,-0.0325,-0.0131,0.0747,0.2890,1.2342,sell
2026-03-12,53.6499,18611800,54.7897,54.9681,53.5508,-0.0282,-0.0670,-0.1479,-0.0639,-0.1316,11.0629,0.0086,-0.0378,-0.0142,0.0335,-0.0807,1.1240,sell
2026-03-13,53.5013,14377100,53.8581,54.3834,53.2634,-0.0028,-0.0531,-0.1261,-0.0538,-0.1321,13.0782,0.0084,-0.0412,-0.0140,0.0831,-0.2275,0.8662,buy
2026-03-16,54.3041,13115200,53.7887,54.5816,53.5013,0.0150,-0.0308,-0.1020,-0.0290,-0.1166,11.7028,0.0123,-0.0414,-0.0117,0.1746,-0.0878,0.8074,buy
2026-03-17,54.6312,9861400,54.9582,55.1862,54.5122,0.0060,-0.0171,-0.0719,-0.0157,-0.1091,15.0104,0.0119,-0.0408,-0.0091,0.2243,-0.2481,0.6118,sell
2026-03-18,52.9958,16861300,54.0167,54.4726,52.7877,-0.0299,-0.0400,-0.0882,-0.0363,-0.1328,9.2395,0.0139,-0.0439,-0.0089,0.1564,0.7098,1.0280,hold
2026-03-19,52.9661,12307700,52.4308,53.1544,52.1236,-0.0006,-0.0127,-0.0789,-0.0288,-0.1300,10.7446,0.0141,-0.0448,-0.0078,0.1830,-0.2701,0.7469,sell
2026-03-20,51.9055,19566100,52.4705,53.1345,51.7172,-0.0200,-0.0298,-0.0814,-0.0402,-0.1445,10.4396,0.0143,-0.0475,-0.0079,0.1443,0.5897,1.2396,buy
2026-03-23,52.2425,15242700,52.8075,53.0850,52.0641,0.0065,-0.0380,-0.0676,-0.0271,-0.1356,15.3527,0.0151,-0.0476,-0.0066,0.1976,-0.2210,0.9734,buy
2026-03-24,53.0156,12073800,51.8956,53.6004,51.8064,0.0148,-0.0296,-0.0462,-0.0080,-0.1193,23.3713,0.0165,-0.0455,-0.0040,0.2692,-0.2079,0.7765,sell
2026-03-25,52.5101,13427100,53.2832,53.7391,52.0939,-0.0095,-0.0092,-0.0488,-0.0125,-0.1242,23.6402,0.0166,-0.0451,-0.0026,0.2515,0.1121,0.8528,sell
2026-03-26,51.6082,14486700,52.2921,53.1445,51.4100,-0.0172,-0.0256,-0.0381,-0.0257,-0.1353,23.8901,0.0152,-0.0461,-0.0022,0.1903,0.0789,0.9081,sell
2026-03-27,50.9144,13077800,51.2514,51.6479,50.7459,-0.0134,-0.0191,-0.0484,-0.0341,-0.1430,23.3471,0.0155,-0.0474,-0.0024,0.1454,-0.0973,0.8327,hold
2026-03-30,50.7856,16869200,50.9739,51.7271,50.4981,-0.0025,-0.0279,-0.0648,-0.0300,-0.1415,24.1453,0.0139,-0.0477,-0.0021,0.1448,0.2899,1.0688,buy
2026-03-31,52.3516,36422800,51.4694,52.6390,51.2316,0.0308,-0.0125,-0.0417,0.0043,-0.1117,36.3636,0.0180,-0.0435,0.0006,0.3267,1.1591,2.1768,sell
2026-04-01,44.2342,114225700,46.1471,46.4147,44.1648,-0.1551,-0.1576,-0.1653,-0.1370,-0.2447,22.3516,0.0511,-0.0630,-0.0086,-0.2948,2.1361,5.2773,hold
2026-04-02,43.7981,63242600,43.3719,43.9468,42.7871,-0.0099,-0.1513,-0.1731,-0.1299,-0.2468,21.9805,0.0508,-0.0728,-0.0143,-0.1546,-0.4463,2.6679,hold
2026-04-06,43.6395,26999600,43.7684,43.9864,43.1737,-0.0036,-0.1429,-0.1593,-0.1186,-0.2441,18.0143,0.0510,-0.0797,-0.0168,-0.0517,-0.5731,1.1139,sell
2026-04-07,42.3114,38253000,43.3124,43.4809,41.9843,-0.0304,-0.1669,-0.1901,-0.1279,-0.2616,15.1430,0.0505,-0.0892,-0.0194,-0.0342,0.4168,1.5151,hold
2026-04-08,42.7475,29462900,43.5206,43.9071,42.3808,0.0103,-0.1835,-0.1937,-0.0999,-0.2484,18.8929,0.0502,-0.0919,-0.0183,0.0589,-0.2298,1.1360,buy
2026-04-09,43.6098,24147400,42.8367,43.8278,42.3411,0.0202,-0.0141,-0.1695,-0.0642,-0.2282,22.9668,0.0518,-0.0902,-0.0144,0.1498,-0.1804,0.9241,sell
2026-04-10,42.2420,26094800,43.4413,43.5701,42.0240,-0.0314,-0.0355,-0.1815,-0.0749,-0.2474,22.5661,0.0520,-0.0947,-0.0132,0.1235,0.0806,0.9845,hold
2026-04-13,42.5294,21236700,41.8555,42.5988,41.7167,0.0068,-0.0254,-0.1647,-0.0512,-0.2370,22.3476,0.0526,-0.0938,-0.0102,0.1766,-0.1862,0.7910,buy
2026-04-14,43.8080,22554100,42.6087,43.8179,42.5691,0.0301,0.0354,-0.1374,-0.0072,-0.2093,24.5200,0.0545,-0.0874,-0.0051,0.2670,0.0620,0.8255,buy
2026-04-15,45.0370,31523500,44.6901,45.4929,44.3135,0.0281,0.0536,-0.1397,0.0378,-0.1823,30.1160,0.0543,-0.0791,0.0008,0.3505,0.3977,1.1098,hold
2026-04-16,45.2947,21766300,45.3938,46.0777,45.1460,0.0057,0.0386,0.0240,0.0412,-0.1732,32.6051,0.0217,-0.0727,0.0054,0.3821,-0.3095,0.7598,buy
2026-04-17,45.6218,31290400,45.9687,46.3651,45.3740,0.0072,0.0800,0.0416,0.0444,-0.1619,35.1171,0.0213,-0.0662,0.0091,0.4179,0.4376,1.0572,buy
2026-04-20,46.0678,19003100,45.5722,46.1471,45.1659,0.0098,0.0832,0.0556,0.0487,-0.1488,36.9661,0.0211,-0.0593,0.0122,0.4601,-0.3927,0.6426,hold
2026-04-21,45.9786,22194000,46.3552,46.5534,45.5227,-0.0019,0.0495,0.0867,0.0380,-0.1451,30.8289,0.0173,-0.0541,0.0141,0.4724,0.1679,0.7418,sell
2026-04-22,45.2749,17985200,45.8993,46.5336,45.0965,-0.0153,0.0053,0.0591,0.0164,-0.1530,55.6512,0.0188,-0.0512,0.0144,0.4475,-0.1896,0.5953,sell
2026-04-23,44.3829,17457500,45.1758,45.3443,43.8477,-0.0197,-0.0201,0.0177,-0.0054,-0.1642,53.0256,0.0197,-0.0503,0.0133,0.4041,-0.0293,0.5740,hold
2026-04-24,44.2937,15885000,44.5811,45.0172,44.1945,-0.0020,-0.0291,0.0486,-0.0119,-0.1605,53.4091,0.0160,-0.0485,0.0122,0.4174,-0.0901,0.5211,buy
2026-04-27,44.7397,14583100,44.2045,45.0073,44.0954,0.0101,-0.0288,0.0520,-0.0069,-0.1470,63.9363,0.0161,-0.0452,0.0119,0.4807,-0.0820,0.4772,hold
2026-04-28,44.6306,12426000,44.9775,45.3046,44.3531,-0.0024,-0.0293,0.0188,-0.0111,-0.1434,61.2293,0.0136,-0.0427,0.0116,0.5001,-0.1479,0.4096,sell
2026-04-29,43.9963,13329700,44.5216,44.7595,43.7584,-0.0142,-0.0282,-0.0231,-0.0229,-0.1491,52.3694,0.0109,-0.0420,0.0105,0.4535,0.0727,0.4568,hold
2026-04-30,43.9666,21679500,43.6990,44.4126,43.1241,-0.0007,-0.0094,-0.0293,-0.0207,-0.1428,62.6454,0.0106,-0.0405,0.0096,0.4501,0.6264,0.8829,hold
2026-05-01,44.0062,11562800,44.4225,44.5613,43.8278,0.0009,-0.0065,-0.0354,-0.0163,-0.1351,61.2368,0.0101,-0.0388,0.0090,0.4563,-0.4666,0.5263,sell
2026-05-04,42.7078,33272400,43.7981,43.9468,42.7078,-0.0295,-0.0454,-0.0729,-0.0381,-0.1534,41.6541,0.0118,-0.0406,0.0070,0.1971,1.8775,1.4930,hold
2026-05-05,42.6781,18589700,42.6583,42.9160,42.2718,-0.0007,-0.0437,-0.0718,-0.0315,-0.1475,28.1250,0.0119,-0.0406,0.0055,0.1798,-0.4413,0.8727,buy
2026-05-06,43.4908,19406700,43.2431,43.6792,42.8169,0.0190,-0.0115,-0.0394,-0.0091,-0.1244,34.8333,0.0141,-0.0380,0.0059,0.3401,0.0439,0.9330,buy
2026-05-07,44.0161,17177700,43.6593,44.2441,43.6197,0.0121,0.0011,-0.0083,0.0037,-0.1072,36.9355,0.0137,-0.0347,0.0069,0.4508,-0.1149,0.8399,sell
2026-05-08,43.7485,17357100,43.8675,44.2639,43.4116,-0.0061,-0.0059,-0.0123,-0.0011,-0.1056,30.5648,0.0138,-0.0327,0.0073,0.3635,0.0104,0.8672,sell
2026-05-11,42.0141,24863800,43.6792,43.6792,42.0141,-0.0396,-0.0162,-0.0609,-0.0347,-0.1343,23.9583,0.0177,-0.0352,0.0052,-0.0230,0.4325,1.2312,hold
2026-05-12,41.9744,21271300,41.9249,42.1330,41.6870,-0.0009,-0.0165,-0.0595,-0.0297,-0.1285,26.2482,0.0178,-0.0358,0.0037,0.0375,-0.1445,1.0566,hold
2026-05-13,41.9645,21325200,41.8257,42.2321,41.3302,-0.0002,-0.0351,-0.0462,-0.0254,-0.1225,30.0654,0.0176,-0.0359,0.0029,0.0946,0.0025,1.0868,sell
2026-05-14,41.6473,19146900,42.1826,42.4502,41.6176,-0.0076,-0.0538,-0.0528,-0.0275,-0.1231,28.9764,0.0175,-0.0364,0.0021,0.0907,-0.1021,0.9824,hold
2026-05-15,41.5086,26172600,41.6275,42.4006,41.4689,-0.0033,-0.0512,-0.0568,-0.0250,-0.1201,23.0132,0.0174,-0.0366,0.0017,0.1118,0.3669,1.3607,buy
2026-05-18,42.1925,18694900,41.5086,42.3709,40.9833,0.0165,0.0042,-0.0121,-0.0078,-0.1001,31.4199,0.0165,-0.0343,0.0027,0.2551,-0.2857,0.9727,hold
2026-05-19,42.0438,22957900,42.2222,42.8169,41.4392,-0.0035,0.0017,-0.0149,-0.0098,-0.0979,33.9315,0.0165,-0.0330,0.0033,0.2429,0.2280,1.1922,buy
2026-05-20,43.7981,27060200,41.8357,43.8873,41.4590,0.0417,0.0437,0.0071,0.0308,-0.0555,48.9199,0.0207,-0.0271,0.0062,0.6386,0.1787,1.3728,hold
2026-05-21,43.9963,18428100,43.5008,44.3432,42.7772,0.0045,0.0564,-0.0005,0.0355,-0.0466,49.9377,0.0203,-0.0227,0.0084,0.6914,-0.3190,0.9326,buy
2026-05-22,44.2738,14905100,44.1648,44.3234,43.8179,0.0063,0.0666,0.0120,0.0407,-0.0367,61.2857,0.0203,-0.0184,0.0099,0.7563,-0.1912,0.7562,hold
2026-05-26,44.5414,18667600,44.3036,44.5514,43.7089,0.0060,0.0557,0.0602,0.0408,-0.0271,62.9834,0.0143,-0.0144,0.0110,0.8250,0.2524,0.9374,buy
2026-05-27,45.5722,24251900,45.3046,46.1768,45.2650,0.0231,0.0839,0.0857,0.0560,-0.0007,64.0751,0.0150,-0.0092,0.0125,1.0148,0.2991,1.1827,buy
2026-05-28,46.9499,22871300,45.5623,47.2274,45.1559,0.0302,0.0720,0.1188,0.0755,0.0329,67.7885,0.0161,-0.0027,0.0147,1.1354,-0.0569,1.0900,sell
2026-05-29,45.8200,38949100,46.6922,46.7814,45.6713,-0.0241,0.0415,0.1002,0.0397,0.0113,61.3711,0.0189,0.0002,0.0145,0.8918,0.7030,1.7828,hold
2026-06-01,45.9300,26885100,45.5200,46.2800,45.0500,0.0024,0.0374,0.1065,0.0319,0.0169,76.1620,0.0185,0.0028,0.0136,0.8707,-0.3097,1.1889,sell
2026-06-02,43.7300,28345000,45.7800,45.7800,43.5100,-0.0479,-0.0182,0.0364,-0.0209,-0.0283,59.1016,0.0259,0.0010,0.0099,0.5212,0.0543,1.2673,hold
2026-06-03,43.8100,18940500,43.6500,43.9900,43.1600,0.0018,-0.0387,0.0420,-0.0230,-0.0229,59.4987,0.0258,-0.0004,0.0068,0.5251,-0.3318,0.8462,hold
2026-06-04,43.6200,17350900,44.5000,44.7000,43.1300,-0.0043,-0.0709,-0.0041,-0.0269,-0.0230,60.2879,0.0222,-0.0018,0.0043,0.4941,-0.0839,0.7787,sell
2026-06-05,42.9800,18406500,43.3000,43.7400,42.7900,-0.0147,-0.0620,-0.0231,-0.0390,-0.0332,57.2925,0.0226,-0.0042,0.0016,0.4015,0.0608,0.8238,hold
2026-06-08,43.2300,18192000,43.0600,43.8600,42.6500,0.0058,-0.0588,-0.0236,-0.0311,-0.0239,55.3733,0.0226,-0.0054,0.0003,0.4450,-0.0117,0.8127,buy
2026-06-09,44.6500,21505800,43.5200,45.2800,43.2700,0.0328,0.0210,0.0024,0.0005,0.0110,61.9267,0.0251,-0.0036,0.0015,0.6502,0.1822,0.9680,sell
2026-06-10,43.9600,15335600,43.7700,44.5800,43.3100,-0.0155,0.0034,-0.0354,-0.0114,-0.0015,50.8209,0.0242,-0.0036,0.0013,0.5247,-0.2869,0.6996,buy
2026-06-11,45.9600,16647500,44.5200,45.9800,44.2200,0.0455,0.0536,-0.0211,0.0359,0.0469,58.4181,0.0269,0.0001,0.0038,0.8217,0.0855,0.7677,sell
2026-06-12,44.9300,16524300,46.2900,46.3100,44.8500,-0.0224,0.0454,-0.0194,0.0147,0.0231,52.6424,0.0267,0.0012,0.0040,0.6329,-0.0074,0.7666,hold
2026-06-15,45.2000,14345100,45.3600,46.0900,45.0900,0.0060,0.0456,-0.0159,0.0225,0.0286,52.6516,0.0268,0.0024,0.0042,0.6630,-0.1319,0.6843,hold
2026-06-16,45.0400,19591400,45.5100,46.1000,45.0000,-0.0035,0.0087,0.0300,0.0158,0.0243,47.6956,0.0214,0.0031,0.0039,0.6130,0.3657,0.9326,sell
2026-06-17,44.1900,20859700,44.9000,45.8500,44.1600,-0.0189,0.0052,0.0087,-0.0042,0.0041,37.4777,0.0225,0.0021,0.0024,0.3998,0.0647,0.9979,buy
2026-06-18,45.2000,32320300,44.4100,45.7100,44.2400,0.0229,-0.0165,0.0362,0.0150,0.0259,47.1560,0.0234,0.0031,0.0026,0.6258,0.5494,1.5270,sell
2026-06-22,43.1900,25864500,44.6200,44.9100,43.1400,-0.0445,-0.0387,0.0049,-0.0306,-0.0195,39.2969,0.0275,0.0003,-0.0002,0.1640,-0.1997,1.2009,sell
2026-06-23,42.3800,31517900,42.3900,43.1900,42.3200,-0.0188,-0.0624,-0.0197,-0.0470,-0.0379,44.0841,0.0281,-0.0036,-0.0032,0.0451,0.2186,1.4090,sell
2026-06-24,41.8200,34384300,42.0400,42.3300,41.3100,-0.0132,-0.0715,-0.0634,-0.0536,-0.0503,41.6316,0.0255,-0.0078,-0.0059,0.0158,0.0909,1.4850,sell
2026-06-25,40.9000,29228300,41.8000,41.8600,40.4400,-0.0220,-0.0745,-0.0696,-0.0679,-0.0700,39.2235,0.0258,-0.0129,-0.0088,-0.0392,-0.1500,1.2489,hold
2026-06-26,40.7500,33970700,40.0700,41.4700,40.0000,-0.0037,-0.0985,-0.1134,-0.0602,-0.0716,40.8079,0.0184,-0.0171,-0.0104,-0.0010,0.1623,1.4179,buy
2026-06-29,41.4800,27824700,41.1400,41.6900,40.7700,0.0179,-0.0396,-0.0768,-0.0357,-0.0533,43.0611,0.0201,-0.0183,-0.0094,0.1548,-0.1809,1.1890,sell
2026-06-30,41.0500,73891500,41.3800,41.6400,40.8900,-0.0104,-0.0314,-0.0918,-0.0364,-0.0612,34.5095,0.0195,-0.0203,-0.0091,0.1265,1.6556,2.8693,buy
2026-07-01,43.0600,80185700,41.4000,43.2800,40.1100,0.0490,0.0297,-0.0440,0.0155,-0.0139,46.5224,0.0269,-0.0168,-0.0048,0.4508,0.0852,2.8290,buy
2026-07-02,44.0900,34233400,44.1100,45.0400,43.6000,0.0239,0.0780,-0.0023,0.0401,0.0106,42.1888,0.0277,-0.0124,-0.0006,0.6117,-0.5731,1.1760,sell
2026-07-06,43.3400,21979100,43.9000,44.1100,41.8400,-0.0170,0.0636,-0.0412,0.0269,-0.0057,43.1993,0.0270,-0.0107,0.0011,0.4953,-0.3580,0.7491,hold
2026-07-07,43.2100,17784900,43.7200,44.0400,42.8800,-0.0030,0.0417,0.0005,0.0237,-0.0082,41.3853,0.0229,-0.0093,0.0020,0.4728,-0.1908,0.6068,sell
2026-07-08,42.8900,21101500,42.7000,43.2600,42.0700,-0.0074,0.0448,0.0120,0.0149,-0.0149,40.8198,0.0221,-0.0087,0.0021,0.4250,0.1865,0.7164,hold
2026-07-09,42.7800,19647000,42.6900,43.0600,42.1300,-0.0026,-0.0065,0.0230,0.0100,-0.0165,43.5734,0.0216,-0.0083,0.0020,0.4211,-0.0689,0.6691,buy
2026-07-10,44.3700,23313500,43.4200,44.6300,43.0600,0.0372,0.0064,0.0848,0.0391,0.0202,46.4069,0.0222,-0.0048,0.0042,0.6719,0.1866,0.7834,sell
2026-07-13,43.7600,13665500,44.7600,44.9000,43.6700,-0.0137,0.0097,0.0739,0.0176,0.0062,52.8079,0.0231,-0.0033,0.0046,0.6002,-0.4138,0.4615,sell
2026-07-14,42.8600,13090200,44.3100,44.4900,42.4700,-0.0206,-0.0081,0.0333,-0.0065,-0.0139,52.3437,0.0243,-0.0038,0.0034,0.4606,-0.0421,0.4446,hold
2026-07-15,42.7700,14388200,43.0000,43.5800,42.4800,-0.0021,-0.0028,0.0419,-0.0125,-0.0155,54.8618,0.0239,-0.0043,0.0024,0.4639,0.0992,0.4887,buy
2026-07-16,44.5700,15944700,42.9000,44.6700,42.9000,0.0421,0.0418,0.0351,0.0254,0.0251,67.2300,0.0225,-0.0012,0.0042,0.8259,0.1082,0.5449,sell
2026-07-17,43.7600,15825100,44.5200,44.9800,43.5200,-0.0182,-0.0137,-0.0075,0.0076,0.0060,63.3068,0.0223,-0.0003,0.0041,0.6715,-0.0075,0.5455,hold
2026-07-20,43.4700,11926900,43.8400,43.8400,42.8300,-0.0066,-0.0066,0.0030,0.0006,-0.0007,59.1536,0.0216,-0.0002,0.0034,0.6435,-0.2463,0.4261,sell
2026-07-21,42.9600,11859000,43.0600,43.5600,42.7500,-0.0117,0.0023,-0.0058,-0.0106,-0.0119,58.7215,0.0220,-0.0010,0.0021,0.5327,-0.0057,0.4346,sell
2026-07-22,42.2100,18990000,42.4500,42.9100,41.5700,-0.0175,-0.0131,-0.0159,-0.0263,-0.0285,45.6140,0.0225,-0.0031,0.0001,0.3678,0.6013,0.7123,sell
2026-07-23,40.9900,18156200,41.8000,42.0800,40.6900,-0.0289,-0.0803,-0.0418,-0.0505,-0.0561,34.3117,0.0242,-0.0072,-0.0031,0.1234,-0.0439,0.7024,buy
2026-07-24,41.7000,26175200,41.1900,42.1500,40.8900,0.0173,-0.0471,-0.0602,-0.0281,-0.0397,41.6667,0.0210,-0.0087,-0.0038,0.2543,0.4417,1.0186,buy
2026-07-27,42.1400,16996900,42.1500,42.6000,41.5800,0.0106,-0.0306,-0.0370,-0.0141,-0.0296,44.7291,0.0214,-0.0089,-0.0033,0.3218,-0.3506,0.6840,buy
2026-07-28,43.0500,23601400,42.7500,43.2700,42.5200,0.0216,0.0021,0.0044,0.0067,-0.0093,50.7449,0.0219,-0.0072,-0.0013,0.5253,0.3886,0.9579,hold
2026-07-29,43.2200,15029100,42.6000,43.6900,42.4000,0.0039,0.0239,0.0105,0.0096,-0.0062,52.0370,0.0219,-0.0056,0.0002,0.5461,-0.3632,0.6928,sell
2026-07-30,42.2900,16977600,42.5000,42.5000,41.2300,-0.0215,0.0317,-0.0512,-0.0068,-0.0276,39.7436,0.0175,-0.0061,-0.0002,0.2931,0.1296,0.9160,sell
2026-07-31,41.7100,22622400,42.0200,42.0800,41.4900,-0.0137,0.0002,-0.0468,-0.0157,-0.0408,39.8615,0.0172,-0.0076,-0.0012,0.1660,0.3325,1.2600,buy
2026-08-03,42.6400,21329900,42.5700,43.2100,42.0600,0.0223,0.0119,-0.0191,0.0083,-0.0189,48.9152,0.0191,-0.0067,-0.0003,0.4360,-0.0571,1.1902,sell
