date,close,volume,open,high,low,return_1d,return_5d,return_10d,price_vs_ma10,price_vs_ma50,rsi_14,volatility_10d,macd_norm,macd_hist_norm,bb_position,volume_change,volume_vs_avg20,label
2021-09-10,133.6043,3851500,134.0512,134.2832,133.2176,-0.0017,-0.0095,0.0123,-0.0018,0.0085,43.1454,0.0085,0.0032,-0.0007,0.4288,0.0818,1.0926,hold
2021-09-13,133.8621,3367200,134.0168,135.2716,133.5442,0.0019,-0.0085,0.0122,-0.0011,0.0093,46.1009,0.0085,0.0029,-0.0007,0.4854,-0.1257,0.9385,sell
2021-09-14,133.3379,2808600,134.3950,134.6442,133.0543,-0.0039,0.0040,0.0014,-0.0052,0.0044,51.3747,0.0084,0.0024,-0.0010,0.3800,-0.1659,0.7874,buy
2021-09-15,134.0856,3702400,133.3980,134.3949,133.0199,0.0056,-0.0045,0.0045,-0.0000,0.0090,57.9053,0.0085,0.0024,-0.0008,0.5658,0.3182,1.0385,sell
2021-09-16,133.6902,4589900,133.5441,134.1715,132.1863,-0.0029,-0.0011,-0.0081,-0.0022,0.0052,58.4279,0.0079,0.0022,-0.0008,0.4670,0.2397,1.2666,sell
2021-09-17,132.4613,8127400,133.4066,133.6386,132.2034,-0.0092,-0.0086,-0.0180,-0.0095,-0.0047,50.9497,0.0083,0.0013,-0.0014,0.1935,0.7707,2.1428,sell
2021-09-20,132.0144,5484600,132.2636,133.1660,130.9917,-0.0034,-0.0138,-0.0222,-0.0107,-0.0088,44.6243,0.0083,0.0002,-0.0020,0.1201,-0.3252,1.4089,hold
2021-09-21,131.9542,4479800,132.8738,134.1715,131.4643,-0.0005,-0.0104,-0.0064,-0.0105,-0.0099,42.5820,0.0066,-0.0006,-0.0023,0.1452,-0.1832,1.1307,buy
2021-09-22,132.3581,3001000,132.8824,133.2863,131.8769,0.0031,-0.0129,-0.0173,-0.0057,-0.0071,37.1532,0.0044,-0.0011,-0.0022,0.2608,-0.3301,0.7648,hold
2021-09-23,132.4613,2712500,132.0831,133.1488,131.9542,0.0008,-0.0092,-0.0103,-0.0039,-0.0064,37.1818,0.0042,-0.0013,-0.0019,0.2863,-0.0961,0.6969,hold
2021-09-24,132.5214,2366100,132.1347,132.8824,131.9628,0.0005,0.0005,-0.0081,-0.0027,-0.0059,36.7798,0.0042,-0.0015,-0.0017,0.2881,-0.1277,0.6147,sell
2021-09-27,131.2495,4482000,132.1777,132.4785,130.9659,-0.0096,-0.0058,-0.0195,-0.0103,-0.0152,40.8124,0.0049,-0.0023,-0.0020,0.0195,0.8943,1.1596,sell
2021-09-28,129.8143,5910900,130.9487,131.0604,128.9978,-0.0109,-0.0162,-0.0264,-0.0185,-0.0255,19.6143,0.0057,-0.0039,-0.0029,-0.1268,0.3188,1.4654,buy
2021-09-29,130.8886,3326500,130.0635,131.6362,129.5049,0.0083,-0.0111,-0.0238,-0.0080,-0.0172,32.1170,0.0061,-0.0044,-0.0027,0.1249,-0.4372,0.8453,sell
2021-09-30,129.2643,4949200,131.6792,131.8597,129.2299,-0.0124,-0.0241,-0.0331,-0.0170,-0.0289,27.4756,0.0069,-0.0058,-0.0033,-0.0489,0.4878,1.2462,buy
2021-10-01,129.7283,4274300,130.0721,130.2955,128.4994,0.0036,-0.0211,-0.0206,-0.0114,-0.0250,28.9956,0.0069,-0.0065,-0.0032,0.0787,-0.1364,1.0575,sell
2021-10-04,129.0838,5404900,129.6682,131.4901,128.4650,-0.0050,-0.0165,-0.0222,-0.0141,-0.0291,28.6454,0.0069,-0.0074,-0.0032,0.0407,0.2645,1.2837,buy
2021-10-05,129.8487,6103100,130.0807,130.9659,128.9721,0.0059,0.0003,-0.0160,-0.0067,-0.0227,28.7686,0.0074,-0.0075,-0.0027,0.1889,0.1292,1.4243,buy
2021-10-06,133.1746,5499200,129.6338,133.3465,128.8775,0.0256,0.0175,0.0062,0.0181,0.0026,48.0026,0.0113,-0.0053,-0.0005,0.6816,-0.0989,1.2498,buy
2021-10-07,134.4036,4605100,133.6559,135.5724,133.6559,0.0092,0.0398,0.0147,0.0260,0.0117,57.5234,0.0117,-0.0029,0.0015,0.8534,-0.1626,1.0343,hold
2021-10-08,134.0942,4186000,134.5583,134.6786,133.6301,-0.0023,0.0337,0.0119,0.0224,0.0093,58.1426,0.0117,-0.0013,0.0025,0.7996,-0.0910,0.9367,hold
2021-10-11,134.2747,2738100,134.4036,135.1255,133.7762,0.0013,0.0402,0.0230,0.0214,0.0106,59.0003,0.0111,0.0002,0.0031,0.8180,-0.3459,0.6170,buy
2021-10-12,134.8676,3195400,134.2574,135.6583,134.2488,0.0044,0.0387,0.0389,0.0220,0.0149,59.5925,0.0101,0.0016,0.0037,0.8722,0.1670,0.7170,buy
2021-10-13,135.7786,3599900,135.3231,135.8302,134.0856,0.0068,0.0196,0.0374,0.0251,0.0214,61.9431,0.0100,0.0033,0.0042,0.9523,0.1266,0.8086,buy
2021-10-14,136.8700,3677100,136.3200,137.0677,136.3114,0.0080,0.0184,0.0588,0.0275,0.0288,64.5736,0.0083,0.0051,0.0049,1.0085,0.0214,0.8345,sell
2021-10-15,136.4833,4313000,137.2138,137.2138,135.3661,-0.0028,0.0178,0.0521,0.0194,0.0251,68.6466,0.0087,0.0064,0.0049,0.9083,0.1729,1.0231,sell
2021-10-18,135.8645,3274200,135.9591,136.3888,134.7559,-0.0045,0.0118,0.0525,0.0097,0.0199,72.8869,0.0087,0.0069,0.0043,0.8103,-0.2409,0.7976,buy
2021-10-19,137.5920,3125800,136.3372,137.6436,135.3919,0.0127,0.0202,0.0596,0.0166,0.0319,74.1637,0.0090,0.0081,0.0045,0.9186,-0.0453,0.7742,buy
2021-10-20,138.6319,3716500,138.0045,139.1217,137.2310,0.0076,0.0210,0.0410,0.0202,0.0387,85.2524,0.0058,0.0096,0.0048,0.9420,0.1890,0.9125,sell
2021-10-21,136.8013,4164700,138.7006,138.7350,136.6294,-0.0132,-0.0005,0.0178,0.0050,0.0243,74.1350,0.0076,0.0097,0.0039,0.7630,0.1206,1.0046,buy
2021-10-22,137.4803,3240300,137.1451,137.9100,137.0506,0.0050,0.0073,0.0253,0.0074,0.0286,78.5841,0.0076,0.0100,0.0034,0.7878,-0.2220,0.7735,sell
2021-10-25,136.8357,3281200,137.4631,137.4631,136.4662,-0.0047,0.0071,0.0191,0.0008,0.0232,73.9824,0.0079,0.0098,0.0025,0.7148,0.0126,0.7946,buy
2021-10-26,138.5116,3684700,136.7927,138.7092,136.7326,0.0122,0.0067,0.0270,0.0104,0.0352,70.6588,0.0085,0.0104,0.0025,0.8138,0.1230,0.9171,sell
2021-10-27,138.0303,3751800,139.0100,139.0873,137.1279,-0.0035,-0.0043,0.0166,0.0052,0.0311,64.9011,0.0086,0.0105,0.0021,0.7501,0.0182,0.9288,buy
2021-10-28,138.8983,3589600,138.2365,138.9928,137.9100,0.0063,0.0153,0.0148,0.0101,0.0367,68.8724,0.0085,0.0109,0.0021,0.7971,-0.0432,0.9039,hold
2021-10-29,138.8811,4558200,138.3912,139.4483,138.2881,-0.0001,0.0102,0.0176,0.0082,0.0361,68.3311,0.0084,0.0112,0.0018,0.7773,0.2698,1.1437,hold
2021-11-01,138.5889,3017100,138.5373,138.7952,137.6607,-0.0021,0.0128,0.0201,0.0041,0.0334,65.1719,0.0082,0.0111,0.0014,0.7470,-0.3381,0.7804,buy
2021-11-02,139.8609,3464500,138.8382,139.9210,138.3139,0.0092,0.0097,0.0165,0.0116,0.0421,66.1676,0.0078,0.0115,0.0015,0.9034,0.1483,0.9278,buy
2021-11-03,141.2015,3595000,139.3538,141.2789,139.3538,0.0096,0.0230,0.0185,0.0194,0.0508,66.8226,0.0079,0.0124,0.0020,1.0156,0.0377,0.9879,hold
2021-11-04,141.2101,3310100,141.1328,141.4250,140.3851,0.0001,0.0166,0.0322,0.0163,0.0495,68.9135,0.0060,0.0131,0.0022,0.9543,-0.0792,0.9261,buy
2021-11-05,142.6625,3754300,142.2758,143.0320,141.3906,0.0103,0.0272,0.0377,0.0229,0.0586,75.4996,0.0064,0.0141,0.0027,1.0446,0.1342,1.0568,sell
2021-11-08,139.5944,5766400,142.4992,142.7484,138.4943,-0.0215,0.0073,0.0202,-0.0011,0.0347,56.8247,0.0100,0.0135,0.0014,0.6704,0.5359,1.5568,buy
2021-11-09,140.5226,3778600,139.4913,140.8234,139.2248,0.0066,0.0047,0.0145,0.0041,0.0405,56.4934,0.0096,0.0130,0.0008,0.7648,-0.3447,1.0122,buy
2021-11-10,140.9781,2683500,141.5797,141.8031,140.1101,0.0032,-0.0016,0.0214,0.0053,0.0427,65.8409,0.0094,0.0128,0.0005,0.7967,-0.2898,0.7278,sell
2021-11-11,139.8179,2453000,140.9179,140.9265,139.6976,-0.0082,-0.0099,0.0066,-0.0037,0.0333,58.5535,0.0098,0.0119,-0.0004,0.6234,-0.0859,0.6765,hold
2021-11-12,139.7835,3540900,140.0929,140.8835,139.2936,-0.0002,-0.0202,0.0065,-0.0045,0.0323,61.2903,0.0098,0.0110,-0.0010,0.6007,0.4435,0.9870,buy
2021-11-15,140.7718,3357100,139.6632,140.8406,139.6460,0.0071,0.0084,0.0158,0.0009,0.0387,59.1383,0.0100,0.0107,-0.0010,0.7264,-0.0519,0.9347,sell
2021-11-16,140.3507,2899400,141.1758,141.7945,140.2820,-0.0030,-0.0012,0.0035,-0.0024,0.0345,59.4275,0.0097,0.0101,-0.0013,0.6420,-0.1363,0.8098,hold
2021-11-17,140.4023,3332200,139.7577,140.6601,139.2936,0.0004,-0.0041,-0.0057,-0.0015,0.0340,56.5446,0.0091,0.0096,-0.0015,0.6360,0.1493,0.9357,hold
2021-11-18,140.4452,3498900,139.9210,140.5312,139.0100,0.0003,0.0045,-0.0054,-0.0006,0.0333,56.7910,0.0091,0.0091,-0.0016,0.6242,0.0500,0.9918,hold
2021-11-19,140.7804,5242200,141.3734,141.8288,140.4624,0.0024,0.0071,-0.0132,0.0031,0.0347,59.4795,0.0084,0.0088,-0.0015,0.6644,0.4982,1.4450,hold
2021-11-22,141.0726,4157200,140.2561,143.3500,140.2389,0.0021,0.0021,0.0106,0.0041,0.0357,55.7269,0.0045,0.0086,-0.0013,0.7097,-0.2070,1.1322,buy
2021-11-23,142.0180,3878000,140.5655,142.4219,140.3507,0.0067,0.0119,0.0106,0.0098,0.0413,54.0084,0.0045,0.0088,-0.0008,0.8757,-0.0672,1.0534,sell
2021-11-24,140.7203,3309500,141.8805,142.2328,139.7234,-0.0091,0.0023,-0.0018,0.0007,0.0308,47.8653,0.0054,0.0083,-0.0011,0.5717,-0.1466,0.9044,sell
2021-11-26,138.4858,3402900,139.8351,140.6515,138.2709,-0.0159,-0.0140,-0.0095,-0.0142,0.0137,32.9594,0.0070,0.0066,-0.0024,0.0445,0.0282,0.9323,buy
2021-11-29,141.0640,5305800,139.8007,141.4422,138.4858,0.0186,0.0020,0.0092,0.0032,0.0313,56.2456,0.0094,0.0064,-0.0019,0.6369,0.5592,1.4389,sell
2021-11-30,137.3170,7610000,140.7976,140.9437,136.1224,-0.0266,-0.0266,-0.0245,-0.0210,0.0031,39.0101,0.0124,0.0043,-0.0034,-0.1775,0.4343,1.9428,hold
2021-12-01,137.6436,5385600,139.6288,140.2991,137.5490,0.0024,-0.0308,-0.0193,-0.0168,0.0047,38.4661,0.0125,0.0026,-0.0041,-0.0140,-0.2923,1.3420,buy
2021-12-02,138.9716,4619800,138.5477,139.8974,138.2881,0.0096,-0.0124,-0.0102,-0.0063,0.0134,47.1065,0.0130,0.0021,-0.0036,0.2634,-0.1422,1.1367,buy
2021-12-03,142.5104,6465900,139.7071,142.6575,139.5946,0.0255,0.0291,0.0147,0.0175,0.0377,57.5214,0.0155,0.0035,-0.0016,0.8927,0.3996,1.5315,buy
2021-12-06,143.9899,5403100,143.6698,144.7427,143.4448,0.0104,0.0207,0.0228,0.0257,0.0467,58.6421,0.0158,0.0055,0.0003,1.0846,-0.1644,1.2552,hold
2021-12-07,143.8255,5460100,143.9899,144.4572,143.3324,-0.0011,0.0474,0.0195,0.0225,0.0436,59.4620,0.0158,0.0069,0.0014,0.9725,0.0105,1.2730,hold
2021-12-08,144.0765,3891900,143.7477,144.2235,141.9221,0.0017,0.0467,0.0145,0.0228,0.0433,59.8974,0.0157,0.0080,0.0020,0.9398,-0.2872,0.9062,hold
2021-12-09,143.8948,3644500,143.5573,144.3880,142.6316,-0.0013,0.0354,0.0226,0.0192,0.0400,59.2233,0.0153,0.0087,0.0022,0.8716,-0.0636,0.8392,buy
2021-12-10,146.1962,5025700,144.9589,146.3260,144.4052,0.0160,0.0259,0.0557,0.0299,0.0541,63.1030,0.0144,0.0103,0.0031,1.0369,0.3790,1.1239,buy
2021-12-13,146.9230,5411800,146.1616,148.1776,145.4002,0.0050,0.0204,0.0415,0.0308,0.0567,63.8629,0.0136,0.0119,0.0037,1.0111,0.0768,1.1855,hold
2021-12-14,146.5597,4985000,146.5251,147.4249,145.6166,-0.0025,0.0190,0.0673,0.0216,0.0514,61.0671,0.0089,0.0128,0.0037,0.9142,-0.0789,1.0729,buy
2021-12-15,148.4458,5507800,146.8884,148.6275,146.6202,0.0129,0.0303,0.0785,0.0270,0.0621,68.3005,0.0090,0.0142,0.0042,0.9879,0.1049,1.1530,hold
2021-12-16,148.6621,6909900,148.4458,150.1676,147.9699,0.0015,0.0331,0.0697,0.0217,0.0613,76.6546,0.0092,0.0154,0.0043,0.9351,0.2546,1.3943,sell
2021-12-17,145.6165,10159600,148.0478,149.1466,145.4002,-0.0205,-0.0040,0.0218,-0.0014,0.0379,61.6394,0.0102,0.0149,0.0028,0.6938,0.4703,1.9210,buy
2021-12-20,146.5856,5263600,144.6302,146.6548,144.2754,0.0067,-0.0023,0.0180,0.0035,0.0430,77.6204,0.0099,0.0144,0.0020,0.7393,-0.4819,0.9950,hold
2021-12-21,146.1530,3401400,146.4212,146.7413,145.1666,-0.0030,-0.0028,0.0162,-0.0011,0.0381,75.1989,0.0100,0.0138,0.0011,0.6893,-0.3538,0.6476,buy
2021-12-22,147.0615,4362900,146.1876,147.0788,145.5906,0.0062,-0.0093,0.0207,0.0031,0.0428,74.5668,0.0101,0.0135,0.0007,0.7312,0.2827,0.8269,hold
2021-12-23,146.8971,3241700,147.0701,147.6325,146.4385,-0.0011,-0.0119,0.0209,-0.0001,0.0400,66.7550,0.0101,0.0132,0.0002,0.6987,-0.2570,0.6148,buy
2021-12-27,148.3593,2868800,147.0788,148.4372,146.8884,0.0100,0.0188,0.0148,0.0084,0.0486,66.7110,0.0094,0.0134,0.0005,0.7761,-0.1150,0.5468,buy
2021-12-28,149.1293,2332100,148.3507,149.5014,148.1257,0.0052,0.0174,0.0150,0.0121,0.0522,69.3867,0.0094,0.0138,0.0008,0.7988,-0.1871,0.4575,buy
2021-12-29,149.6571,2299500,149.5014,150.0811,148.7573,0.0035,0.0240,0.0211,0.0135,0.0539,69.9940,0.0093,0.0143,0.0011,0.8242,-0.0140,0.4759,hold
2021-12-30,149.3975,1988900,150.1503,150.2195,149.0168,-0.0017,0.0159,0.0064,0.0111,0.0503,69.6054,0.0085,0.0145,0.0009,0.8049,-0.1351,0.4266,buy
2021-12-31,150.2974,2914900,149.2159,150.5656,148.9131,0.0060,0.0231,0.0110,0.0161,0.0549,66.2331,0.0087,0.0148,0.0011,0.9021,0.4656,0.6369,sell
2022-01-03,149.6658,5488900,148.9909,149.8475,147.5806,-0.0042,0.0088,0.0278,0.0091,0.0485,60.9385,0.0049,0.0147,0.0007,0.8107,0.8830,1.2122,hold
2022-01-04,149.8821,4717600,149.3889,150.9376,148.9909,0.0014,0.0050,0.0225,0.0083,0.0482,63.4076,0.0047,0.0144,0.0004,0.8075,-0.1405,1.0498,buy
2022-01-05,150.3926,6564600,149.9946,151.7250,149.8821,0.0034,0.0049,0.0290,0.0088,0.0498,58.8373,0.0043,0.0143,0.0003,0.8418,0.3915,1.4431,hold
2022-01-06,150.4272,4288700,150.4704,151.9327,149.8821,0.0002,0.0069,0.0229,0.0068,0.0483,58.1470,0.0042,0.0142,0.0001,0.8230,-0.3467,0.9387,buy
2022-01-07,150.6175,4916000,150.6262,151.1453,149.3457,0.0013,0.0021,0.0253,0.0056,0.0478,81.3444,0.0041,0.0139,-0.0001,0.8365,0.1463,1.0612,hold
2022-01-10,150.6954,5055900,150.9290,152.1403,150.2195,0.0005,0.0069,0.0157,0.0045,0.0466,78.9983,0.0031,0.0136,-0.0003,0.8151,0.0285,1.0910,hold
2022-01-11,150.6262,6452300,150.2714,150.7473,148.4891,-0.0005,0.0050,0.0100,0.0031,0.0444,83.2681,0.0029,0.0132,-0.0006,0.7753,0.2762,1.3769,sell
2022-01-12,150.4618,5268000,150.4618,150.8338,149.6398,-0.0011,0.0005,0.0054,0.0014,0.0416,78.4361,0.0028,0.0127,-0.0009,0.7280,-0.1835,1.1208,buy
2022-01-13,150.7040,4310300,150.2974,151.1453,149.8907,0.0016,0.0018,0.0087,0.0022,0.0417,81.4277,0.0027,0.0122,-0.0011,0.7416,-0.1818,0.9289,buy
2022-01-14,151.9673,4474500,151.0415,152.2268,150.0292,0.0084,0.0090,0.0111,0.0095,0.0489,80.7968,0.0033,0.0123,-0.0007,0.8777,0.0381,0.9903,sell
2022-01-18,150.5137,5789500,150.2195,151.2059,149.8129,-0.0096,-0.0012,0.0057,-0.0008,0.0375,60.5820,0.0044,0.0116,-0.0012,0.6605,0.2939,1.3464,buy
2022-01-19,151.5952,6424500,150.5137,152.2441,150.1762,0.0072,0.0064,0.0114,0.0053,0.0437,63.6582,0.0049,0.0114,-0.0011,0.8049,0.1097,1.4742,sell
2022-01-20,150.4964,6284200,151.7683,153.0401,150.4099,-0.0072,0.0002,0.0007,-0.0021,0.0346,56.9248,0.0055,0.0106,-0.0016,0.6075,-0.0218,1.3958,hold
2022-01-21,150.7387,6753200,151.6991,153.3516,150.6435,0.0016,0.0002,0.0021,-0.0007,0.0348,53.0321,0.0055,0.0100,-0.0018,0.6385,0.0746,1.4612,sell
2022-01-24,149.9686,9263900,151.8375,152.7114,146.1876,-0.0051,-0.0132,-0.0043,-0.0054,0.0282,52.0423,0.0057,0.0090,-0.0022,0.4036,0.3718,1.8818,sell
2022-01-25,148.2468,6536900,148.8871,149.2331,146.8625,-0.0115,-0.0151,-0.0162,-0.0152,0.0152,40.8340,0.0067,0.0072,-0.0033,-0.1175,-0.2944,1.2802,sell
2022-01-26,146.6808,6841800,146.5337,148.6535,144.0159,-0.0106,-0.0324,-0.0262,-0.0230,0.0036,31.3963,0.0072,0.0049,-0.0046,-0.2704,0.0466,1.2832,hold
2022-01-27,146.5423,6543500,147.7623,149.9253,146.0318,-0.0009,-0.0263,-0.0260,-0.0214,0.0018,30.7295,0.0073,0.0029,-0.0053,-0.1238,-0.0436,1.1803,buy
2022-01-28,149.3975,5796000,145.7982,149.4494,144.6734,0.0195,-0.0089,-0.0087,-0.0015,0.0201,45.2137,0.0101,0.0028,-0.0042,0.3919,-0.1142,1.0108,buy
2022-01-31,150.1330,5908000,147.7537,150.6435,147.5979,0.0049,0.0011,-0.0121,0.0047,0.0237,47.9019,0.0098,0.0031,-0.0031,0.5263,0.0193,1.0041,sell
2022-02-01,149.1120,5952700,149.8128,150.0551,146.7067,-0.0068,0.0058,-0.0093,-0.0012,0.0156,44.7256,0.0095,0.0028,-0.0028,0.3480,0.0076,1.0077,buy
2022-02-02,151.8202,5767000,149.4754,151.9673,149.3111,0.0182,0.0350,0.0015,0.0168,0.0325,54.0195,0.0111,0.0039,-0.0013,0.8029,-0.0312,0.9677,hold
2022-02-03,151.7337,4632700,151.6471,152.8498,150.4012,-0.0006,0.0354,0.0082,0.0154,0.0304,53.0750,0.0108,0.0047,-0.0004,0.7680,-0.1967,0.7902,sell
2022-02-04,149.2418,4592400,149.7696,151.3184,148.1170,-0.0164,-0.0010,-0.0099,-0.0003,0.0125,42.4171,0.0121,0.0040,-0.0009,0.3640,-0.0087,0.7813,sell
2022-02-07,148.6535,4813300,149.4581,149.6744,148.1343,-0.0039,-0.0099,-0.0088,-0.0034,0.0074,44.5624,0.0120,0.0031,-0.0015,0.2866,0.0481,0.8196,hold
2022-02-08,148.8352,3957700,149.3630,149.3716,147.3557,0.0012,-0.0019,0.0040,-0.0025,0.0072,41.4845,0.0114,0.0024,-0.0017,0.3323,-0.1778,0.6802,hold
2022-02-09,148.7659,6780200,149.2504,149.4927,147.9613,-0.0005,-0.0201,0.0142,-0.0044,0.0057,44.2988,0.0108,0.0018,-0.0019,0.3370,0.7132,1.1621,sell
2022-02-10,145.6771,7899800,145.9280,148.3420,144.7513,-0.0208,-0.0399,-0.0059,-0.0245,-0.0163,35.9579,0.0129,-0.0004,-0.0033,-0.0380,0.1651,1.3241,hold
2022-02-11,145.8588,7299600,145.4089,147.3557,145.0888,0.0012,-0.0227,-0.0237,-0.0210,-0.0162,38.2136,0.0109,-0.0020,-0.0039,0.0591,-0.0760,1.1936,sell
2022-02-14,144.2322,6822500,146.5856,146.8105,142.8478,-0.0112,-0.0297,-0.0393,-0.0280,-0.0278,38.4234,0.0109,-0.0042,-0.0049,-0.0441,-0.0654,1.0946,sell
2022-02-15,143.5919,4943800,144.6821,145.5733,142.9863,-0.0044,-0.0352,-0.0370,-0.0287,-0.0323,40.5906,0.0108,-0.0062,-0.0055,-0.0141,-0.2754,0.7986,hold
2022-02-16,143.8861,4161700,143.3064,144.6648,142.3633,0.0020,-0.0328,-0.0523,-0.0215,-0.0303,41.9847,0.0081,-0.0075,-0.0055,0.0745,-0.1582,0.6848,buy
2022-02-17,144.2755,5156800,143.6352,145.3137,142.7613,0.0027,-0.0096,-0.0492,-0.0139,-0.0277,31.8410,0.0083,-0.0082,-0.0050,0.1550,0.2391,0.8564,buy
2022-02-18,145.1060,5181600,144.5869,145.5646,143.8169,0.0058,-0.0052,-0.0277,-0.0054,-0.0222,32.2976,0.0079,-0.0082,-0.0040,0.2597,0.0048,0.8719,buy
2022-02-22,145.6598,7733900,145.8502,146.1703,143.8255,0.0038,0.0099,-0.0201,0.0005,-0.0187,37.4294,0.0081,-0.0078,-0.0029,0.3323,0.4926,1.3184,sell
2022-02-23,144.2235,5812800,146.3260,146.3260,144.0764,-0.0099,0.0044,-0.0310,-0.0062,-0.0282,19.5142,0.0084,-0.0083,-0.0026,0.2206,-0.2484,0.9971,sell
2022-02-24,141.7144,8888800,143.3756,143.9207,138.6861,-0.0174,-0.0151,-0.0474,-0.0188,-0.0444,16.3375,0.0095,-0.0101,-0.0035,0.0519,0.5292,1.4984,buy
2022-02-25,145.6857,6535600,142.2595,145.7550,142.1210,0.0280,0.0098,0.0001,0.0087,-0.0175,39.1328,0.0124,-0.0088,-0.0019,0.3977,-0.2647,1.1018,sell
2022-02-28,141.6711,7677000,141.9307,142.9430,139.6551,-0.0276,-0.0237,-0.0287,-0.0162,-0.0437,32.3570,0.0152,-0.0103,-0.0026,0.1079,0.1746,1.2740,sell
2022-03-01,140.3993,5107900,141.0914,142.2422,139.5600,-0.0090,-0.0361,-0.0266,-0.0224,-0.0512,29.7970,0.0150,-0.0121,-0.0034,0.0666,-0.3346,0.8533,buy
2022-03-02,142.3460,5452100,141.0136,143.4708,140.5896,0.0139,-0.0130,-0.0087,-0.0080,-0.0377,35.8938,0.0159,-0.0120,-0.0027,0.2441,0.0674,0.9146,hold
2022-03-03,142.1936,5352200,142.8032,143.8658,141.7843,-0.0011,0.0034,-0.0118,-0.0079,-0.0381,41.2118,0.0159,-0.0120,-0.0022,0.2497,-0.0183,0.9010,buy
2022-03-04,144.3534,6340300,141.0875,145.0066,140.1469,0.0152,-0.0091,0.0005,0.0071,-0.0233,46.5468,0.0167,-0.0104,-0.0006,0.4547,0.1846,1.0522,sell
2022-03-07,141.4794,6319500,142.8903,143.8309,141.2008,-0.0199,-0.0014,-0.0250,-0.0104,-0.0420,44.0274,0.0176,-0.0111,-0.0009,0.1983,-0.0033,1.0340,sell
2022-03-08,137.4907,6163700,141.4185,142.8033,137.3339,-0.0282,-0.0207,-0.0561,-0.0328,-0.0678,38.4416,0.0192,-0.0139,-0.0027,-0.0927,-0.0247,0.9975,hold
2022-03-09,137.0813,5764900,139.1802,139.3980,136.2104,-0.0030,-0.0370,-0.0495,-0.0308,-0.0692,37.1647,0.0192,-0.0160,-0.0039,-0.0478,-0.0647,0.9195,sell
2022-03-10,134.5644,6103700,135.6792,136.0798,133.5716,-0.0184,-0.0537,-0.0505,-0.0438,-0.0844,33.0438,0.0193,-0.0193,-0.0055,-0.1363,0.0588,0.9788,hold
2022-03-11,133.8851,4762600,135.3831,136.6372,133.6674,-0.0050,-0.0725,-0.0810,-0.0406,-0.0871,30.3034,0.0154,-0.0219,-0.0064,-0.0615,-0.2197,0.7834,buy
2022-03-14,135.7663,6075600,135.1218,137.4297,134.5557,0.0141,-0.0404,-0.0417,-0.0230,-0.0726,33.4067,0.0153,-0.0222,-0.0055,0.1180,0.2757,1.0096,buy
2022-03-15,138.4748,6203400,137.0117,138.9103,136.5849,0.0199,0.0072,-0.0137,-0.0021,-0.0525,40.7530,0.0169,-0.0204,-0.0033,0.3182,0.0210,1.0362,hold
2022-03-16,139.0844,6299000,137.9610,139.3370,136.7678,0.0044,0.0146,-0.0229,0.0047,-0.0470,45.4943,0.0162,-0.0187,-0.0013,0.3735,0.0154,1.0404,buy
2022-03-17,140.1644,3587600,139.1976,140.7653,138.7361,0.0078,0.0416,-0.0143,0.0140,-0.0383,39.5003,0.0165,-0.0164,0.0007,0.4579,-0.4304,0.5954,buy
2022-03-18,141.7755,12123000,140.5476,141.8975,139.3980,0.0115,0.0589,-0.0179,0.0275,-0.0261,50.2186,0.0161,-0.0135,0.0027,0.5783,2.3791,1.9019,hold
2022-03-21,141.5753,5122600,141.3227,142.6639,140.2776,-0.0014,0.0428,0.0007,0.0260,-0.0263,52.5769,0.0148,-0.0114,0.0039,0.5799,-0.5774,0.8040,buy
2022-03-22,143.1255,5779200,141.8191,143.5000,141.2879,0.0109,0.0336,0.0410,0.0330,-0.0146,51.7381,0.0112,-0.0086,0.0052,0.7119,0.1282,0.9212,sell
2022-03-23,142.3765,4533700,143.0471,143.9441,141.6362,-0.0052,0.0237,0.0386,0.0237,-0.0186,50.3973,0.0114,-0.0068,0.0056,0.6663,-0.2155,0.7301,buy
2022-03-24,143.2387,3160300,142.8816,143.4651,142.1936,0.0061,0.0219,0.0645,0.0235,-0.0117,47.4339,0.0083,-0.0048,0.0060,0.7243,-0.3029,0.5335,buy
2022-03-25,143.9093,4146800,143.2039,144.4841,143.2039,0.0047,0.0151,0.0749,0.0210,-0.0062,56.2249,0.0074,-0.0029,0.0064,0.7951,0.3122,0.7145,buy
2022-03-28,144.3360,4308000,143.7874,144.3709,142.5768,0.0030,0.0195,0.0631,0.0178,-0.0023,71.4519,0.0070,-0.0011,0.0065,0.8069,0.0389,0.7645,buy
2022-03-29,146.4785,4440400,145.6946,146.8181,144.8934,0.0148,0.0234,0.0578,0.0272,0.0132,76.5634,0.0061,0.0015,0.0072,0.9140,0.0307,0.7927,hold
2022-03-30,146.2782,3871500,146.4001,146.5220,144.6757,-0.0014,0.0274,0.0517,0.0206,0.0125,88.1024,0.0064,0.0034,0.0073,0.8645,-0.1281,0.7010,sell
2022-03-31,145.7731,6076200,146.6353,147.4452,145.6773,-0.0035,0.0177,0.0400,0.0131,0.0098,89.1121,0.0069,0.0046,0.0068,0.8059,0.5695,1.0930,buy
2022-04-01,147.8458,3239600,146.2172,147.9939,145.7643,0.0142,0.0274,0.0428,0.0232,0.0245,89.2477,0.0073,0.0065,0.0069,0.9050,-0.4668,0.5995,sell
2022-04-04,147.4626,3759900,147.2797,147.5236,145.8340,-0.0026,0.0217,0.0416,0.0164,0.0223,84.4003,0.0074,0.0077,0.0065,0.8437,0.1606,0.7126,hold
2022-04-05,147.6194,4480700,146.5917,149.2567,146.5917,0.0011,0.0078,0.0314,0.0143,0.0237,83.8401,0.0070,0.0087,0.0060,0.8165,0.1917,0.8630,buy
2022-04-06,150.1363,4294800,147.9851,150.4063,147.6106,0.0170,0.0264,0.0545,0.0262,0.0409,85.4932,0.0076,0.0106,0.0063,0.9049,-0.0415,0.8391,hold
2022-04-07,150.2757,5041600,149.8228,150.9114,148.7341,0.0009,0.0309,0.0491,0.0222,0.0414,83.7954,0.0077,0.0121,0.0063,0.8797,0.1739,0.9953,buy
2022-04-08,150.7808,3883100,150.6589,151.2685,149.4396,0.0034,0.0199,0.0477,0.0209,0.0443,85.7338,0.0077,0.0134,0.0061,0.8889,-0.2298,0.7733,sell
2022-04-11,150.3192,3825100,151.1988,152.3832,150.0753,-0.0031,0.0194,0.0415,0.0136,0.0409,80.5022,0.0081,0.0140,0.0054,0.8433,-0.0149,0.7792,buy
2022-04-12,150.9288,3924300,151.3469,152.1046,150.3453,0.0041,0.0224,0.0304,0.0147,0.0450,86.6966,0.0072,0.0146,0.0048,0.8530,0.0259,0.8184,hold
2022-04-13,150.6676,4394000,151.1727,151.3817,149.5615,-0.0017,0.0035,0.0300,0.0100,0.0430,83.6093,0.0072,0.0149,0.0040,0.8119,0.1197,0.9350,sell
2022-04-14,149.7095,4834300,151.0856,151.7649,149.5876,-0.0064,-0.0038,0.0270,0.0009,0.0367,75.5760,0.0075,0.0145,0.0028,0.7250,0.1002,1.0152,sell
2022-04-18,148.4206,3086000,149.1173,150.0666,148.0200,-0.0086,-0.0157,0.0039,-0.0081,0.0282,66.7379,0.0071,0.0133,0.0013,0.6090,-0.3616,0.7160,buy
2022-04-19,150.5805,3642000,147.9155,150.8156,147.9155,0.0146,0.0017,0.0211,0.0042,0.0430,66.7854,0.0083,0.0131,0.0010,0.7622,0.1802,0.8598,buy
2022-04-20,152.8187,4197600,151.2946,153.2542,151.2946,0.0149,0.0125,0.0352,0.0157,0.0579,72.9381,0.0092,0.0140,0.0016,0.9069,0.1526,1.0098,sell
2022-04-21,152.2701,3701300,153.0713,154.3602,152.1046,-0.0036,0.0106,0.0142,0.0106,0.0536,72.7160,0.0080,0.0144,0.0016,0.8379,-0.1182,0.8994,sell
2022-04-22,149.9273,5864000,152.4007,152.6446,149.7444,-0.0154,0.0015,-0.0023,-0.0047,0.0372,57.1428,0.0096,0.0135,0.0004,0.6092,0.5843,1.3796,buy
2022-04-25,151.3121,7369900,150.8505,151.4688,148.9258,0.0092,0.0195,0.0035,0.0041,0.0460,62.3602,0.0101,0.0131,0.0001,0.7306,0.2568,1.6705,hold
2022-04-26,150.9288,7386600,151.5123,152.7142,150.4324,-0.0025,0.0023,0.0041,0.0011,0.0426,60.4740,0.0100,0.0125,-0.0004,0.6740,0.0023,1.6179,buy
2022-04-27,152.2787,5180300,151.0333,153.8812,150.8330,0.0089,-0.0035,0.0089,0.0092,0.0507,57.3214,0.0103,0.0125,-0.0002,0.8125,-0.2987,1.1255,buy
2022-04-28,154.5867,5235800,152.0000,154.6912,151.3817,0.0152,0.0152,0.0260,0.0218,0.0651,62.8304,0.0112,0.0135,0.0007,1.0289,0.0107,1.1210,sell
2022-04-29,149.5441,6505600,154.5083,154.5083,149.2828,-0.0326,-0.0026,-0.0011,-0.0114,0.0295,47.1021,0.0157,0.0120,-0.0009,0.3771,0.2425,1.3864,sell
2022-05-02,146.1040,7692100,150.6676,151.0682,143.9354,-0.0230,-0.0344,-0.0156,-0.0326,0.0056,41.3325,0.0172,0.0087,-0.0036,-0.0424,0.1824,1.5650,hold
2022-05-03,146.3043,5564900,147.3058,147.4539,145.0763,0.0014,-0.0306,-0.0284,-0.0286,0.0068,40.3279,0.0163,0.0059,-0.0051,0.0166,-0.2765,1.1118,buy
2022-05-04,151.4165,6231500,145.9734,151.6430,145.9734,0.0349,-0.0057,-0.0092,0.0063,0.0411,51.3022,0.0196,0.0063,-0.0035,0.6207,0.1198,1.2236,sell
2022-05-05,148.3945,6534300,150.7547,150.9463,147.2536,-0.0200,-0.0401,-0.0255,-0.0112,0.0198,47.8667,0.0205,0.0051,-0.0039,0.2547,0.0486,1.2555,hold
2022-05-06,148.4119,5824600,147.3929,148.7515,146.9400,0.0001,-0.0076,-0.0101,-0.0101,0.0190,49.9853,0.0200,0.0041,-0.0040,0.2737,-0.1086,1.1107,buy
2022-05-09,149.5354,7269100,147.7587,150.5718,146.9749,0.0076,0.0235,-0.0117,-0.0014,0.0261,48.1674,0.0199,0.0038,-0.0034,0.4171,0.2480,1.3429,hold
2022-05-10,149.3525,5936700,150.7721,152.0088,148.7080,-0.0012,0.0208,-0.0104,-0.0016,0.0238,43.4497,0.0199,0.0034,-0.0030,0.4013,-0.1833,1.0757,hold
2022-05-11,148.6296,5376900,148.7690,150.1537,147.9851,-0.0048,-0.0184,-0.0240,-0.0040,0.0177,43.1654,0.0197,0.0027,-0.0029,0.3298,-0.0943,0.9616,hold
2022-05-12,148.4032,6473500,149.1435,149.7880,146.4524,-0.0015,0.0001,-0.0400,-0.0014,0.0153,46.8916,0.0187,0.0020,-0.0029,0.3186,0.2039,1.1366,buy
2022-05-13,151.2946,4714600,148.6645,151.6778,147.5846,0.0195,0.0194,0.0117,0.0169,0.0338,49.9665,0.0170,0.0030,-0.0015,0.6477,-0.2717,0.8287,buy
2022-05-16,152.8187,5317200,151.2859,153.5416,151.0333,0.0101,0.0220,0.0460,0.0225,0.0430,53.4787,0.0148,0.0044,-0.0000,0.7925,0.1278,0.9166,sell
2022-05-17,151.9391,5012200,152.6794,153.0016,150.3018,-0.0058,0.0173,0.0385,0.0128,0.0355,49.3638,0.0152,0.0051,0.0005,0.6822,-0.0574,0.8539,sell
2022-05-18,142.5245,8875400,151.2685,151.4252,141.8888,-0.0620,-0.0411,-0.0587,-0.0443,-0.0293,32.1566,0.0224,0.0007,-0.0034,-0.1614,0.7708,1.4542,sell
2022-05-19,140.3908,6423800,141.5230,141.7668,139.0583,-0.0150,-0.0540,-0.0539,-0.0535,-0.0443,35.1846,0.0221,-0.0043,-0.0067,-0.1491,-0.2762,1.0295,hold
2022-05-20,141.2704,5768800,141.2966,142.0107,139.0148,0.0063,-0.0663,-0.0481,-0.0430,-0.0392,41.4694,0.0223,-0.0076,-0.0080,0.0094,-0.1020,0.9253,buy
2022-05-23,144.2228,4657800,143.0123,145.3985,142.4549,0.0209,-0.0562,-0.0355,-0.0195,-0.0205,46.6517,0.0235,-0.0083,-0.0070,0.2313,-0.1926,0.7637,buy
2022-05-24,146.1563,6327600,144.5886,146.5395,143.8396,0.0134,-0.0381,-0.0214,-0.0041,-0.0087,40.5743,0.0241,-0.0077,-0.0051,0.3699,0.3585,1.0466,hold
2022-05-25,147.1578,5781000,146.1823,147.6106,145.4072,0.0069,0.0325,-0.0099,0.0037,-0.0031,47.6110,0.0242,-0.0067,-0.0033,0.4493,-0.0864,0.9514,hold
2022-05-26,148.1506,5193800,147.1491,149.0041,147.1491,0.0067,0.0553,-0.0017,0.0106,0.0024,49.5137,0.0243,-0.0052,-0.0015,0.5401,-0.1016,0.8551,buy
2022-05-27,149.5964,6713500,149.1522,149.6312,148.2290,0.0098,0.0589,-0.0112,0.0217,0.0109,50.1122,0.0237,-0.0033,0.0004,0.6452,0.2926,1.1034,sell
2022-05-31,146.0953,13610000,148.9083,148.9083,144.0225,-0.0234,0.0130,-0.0440,0.0024,-0.0134,44.6602,0.0243,-0.0037,0.0000,0.3902,1.0273,2.1331,sell
2022-06-01,144.9979,5613900,146.4697,146.6439,142.6726,-0.0075,-0.0079,-0.0457,-0.0004,-0.0212,44.1185,0.0243,-0.0045,-0.0006,0.3170,-0.5875,0.8795,buy
2022-06-02,146.1731,4677300,145.2435,146.2345,142.6389,0.0081,-0.0067,0.0256,0.0052,-0.0137,46.4960,0.0136,-0.0045,-0.0005,0.4179,-0.1668,0.7418,sell
2022-06-03,144.5682,4222000,145.4540,146.0941,144.1385,-0.0110,-0.0242,0.0298,-0.0087,-0.0248,38.9861,0.0131,-0.0053,-0.0010,0.3150,-0.0973,0.6821,buy
2022-06-06,145.1733,3447800,145.9801,146.9974,144.4630,0.0042,-0.0296,0.0276,-0.0072,-0.0210,37.0929,0.0131,-0.0055,-0.0010,0.3718,-0.1834,0.5679,buy
2022-06-07,146.0679,4168300,145.2961,146.3309,144.0158,0.0062,-0.0002,0.0128,-0.0024,-0.0152,40.0931,0.0115,-0.0051,-0.0005,0.4493,0.2090,0.7046,sell
2022-06-08,145.3399,2646800,145.3487,146.2871,144.7962,-0.0050,0.0024,-0.0056,-0.0068,-0.0203,56.7208,0.0108,-0.0052,-0.0004,0.4088,-0.3650,0.4602,sell
2022-06-09,142.7529,3522900,144.8664,146.3923,142.6564,-0.0178,-0.0234,-0.0299,-0.0215,-0.0372,55.5192,0.0117,-0.0067,-0.0015,0.2410,0.3310,0.6226,hold
2022-06-10,142.5249,5203300,141.1656,143.7526,139.8326,-0.0016,-0.0141,-0.0380,-0.0193,-0.0383,53.0231,0.0113,-0.0079,-0.0021,0.2502,0.4770,0.9300,sell
2022-06-13,140.0869,6300700,140.7797,142.8318,139.4906,-0.0171,-0.0350,-0.0636,-0.0297,-0.0540,39.7791,0.0109,-0.0102,-0.0035,0.1134,0.2109,1.1104,sell
2022-06-14,136.9123,6159200,140.3149,140.3588,135.8073,-0.0227,-0.0627,-0.0629,-0.0456,-0.0741,28.4761,0.0107,-0.0140,-0.0057,-0.0543,-0.0225,1.0775,buy
2022-06-15,138.3768,5940100,138.4908,140.1746,136.7457,0.0107,-0.0479,-0.0457,-0.0310,-0.0630,29.9858,0.0120,-0.0156,-0.0059,0.0771,-0.0356,1.0308,sell
2022-06-16,137.7103,7207900,137.3596,138.9644,136.0266,-0.0048,-0.0353,-0.0579,-0.0299,-0.0663,25.8443,0.0111,-0.0172,-0.0060,0.0797,0.2134,1.2691,hold
2022-06-17,137.7366,9881800,137.7103,139.4292,136.9561,0.0002,-0.0336,-0.0473,-0.0250,-0.0645,20.6311,0.0111,-0.0182,-0.0056,0.1101,0.3710,1.6886,buy
2022-06-21,140.9376,4449600,138.7101,141.1568,137.9910,0.0232,0.0061,-0.0292,0.0007,-0.0416,37.0349,0.0141,-0.0166,-0.0034,0.3263,-0.5497,0.7690,buy
2022-06-22,142.0952,4706500,140.6043,142.9370,139.9290,0.0082,0.0379,-0.0272,0.0117,-0.0326,42.7253,0.0142,-0.0146,-0.0012,0.4110,0.0577,0.8130,buy
2022-06-23,143.9105,5810700,143.6299,144.8225,143.0774,0.0128,0.0400,-0.0098,0.0257,-0.0194,44.5060,0.0150,-0.0119,0.0011,0.5400,0.2346,1.0083,buy
2022-06-24,145.6907,5951500,145.2610,145.7434,143.7702,0.0124,0.0580,0.0206,0.0362,-0.0065,52.7027,0.0142,-0.0086,0.0033,0.6684,0.0242,1.0312,hold
2022-06-27,145.8837,4595800,145.4627,146.5677,144.9979,0.0013,0.0591,0.0236,0.0351,-0.0045,51.7450,0.0142,-0.0060,0.0047,0.6964,-0.2278,0.8005,sell
2022-06-28,143.8315,4372900,146.5852,147.7253,143.6912,-0.0141,0.0205,0.0267,0.0179,-0.0178,44.8022,0.0137,-0.0051,0.0047,0.5781,-0.0485,0.7775,buy
2022-06-29,146.2169,3653600,145.6293,146.9448,145.0067,0.0166,0.0290,0.0680,0.0280,-0.0012,51.8925,0.0110,-0.0029,0.0054,0.7655,-0.1645,0.7127,hold
2022-06-30,146.1556,6295100,146.5677,146.9624,145.2523,-0.0004,0.0156,0.0562,0.0219,-0.0010,58.2414,0.0111,-0.0012,0.0057,0.7520,0.7230,1.2198,buy
2022-07-01,148.5497,3918700,146.2257,148.6637,145.3663,0.0164,0.0196,0.0787,0.0309,0.0160,63.2065,0.0110,0.0014,0.0065,0.9075,-0.3775,0.7650,hold
2022-07-05,148.2164,4971600,147.8832,148.5497,144.9892,-0.0022,0.0160,0.0761,0.0211,0.0143,69.6316,0.0112,0.0033,0.0067,0.8507,0.2687,0.9634,buy
2022-07-06,149.6985,4209100,149.0846,150.7947,148.6286,0.0100,0.0408,0.0622,0.0252,0.0244,83.6256,0.0098,0.0054,0.0071,0.9084,-0.1534,0.8097,hold
2022-07-07,149.4003,5150200,148.6636,149.9966,148.5409,-0.0020,0.0218,0.0514,0.0180,0.0227,80.8846,0.0101,0.0069,0.0068,0.8604,0.2236,0.9815,buy
2022-07-08,150.7333,3482900,149.5845,151.4524,149.5669,0.0089,0.0313,0.0474,0.0224,0.0318,85.1729,0.0098,0.0086,0.0069,0.8976,-0.3237,0.6585,sell
2022-07-11,149.4968,4921300,150.3212,151.5401,149.1022,-0.0082,0.0064,0.0261,0.0114,0.0237,79.8133,0.0102,0.0094,0.0060,0.7949,0.4130,0.9183,sell
2022-07-12,148.6461,5201600,151.7155,151.9962,148.0936,-0.0057,0.0029,0.0189,0.0037,0.0187,72.1858,0.0105,0.0094,0.0048,0.7260,0.0570,0.9706,buy
2022-07-13,149.1723,4533100,147.8042,150.3474,147.3131,0.0035,-0.0035,0.0371,0.0037,0.0224,71.1368,0.0089,0.0095,0.0040,0.7305,-0.1285,0.8601,buy
2022-07-14,149.9440,4218300,147.5850,150.1019,147.0675,0.0052,0.0036,0.0255,0.0063,0.0271,69.2178,0.0077,0.0098,0.0035,0.7532,-0.0694,0.8153,hold
2022-07-15,150.0668,4659100,150.2597,151.6453,149.1021,0.0008,-0.0044,0.0268,0.0045,0.0275,65.5840,0.0076,0.0101,0.0030,0.7403,0.1045,0.9118,sell
2022-07-18,147.5587,3479700,150.0931,150.1721,147.1992,-0.0167,-0.0130,-0.0067,-0.0116,0.0108,55.1207,0.0082,0.0090,0.0014,0.5617,-0.2531,0.7068,buy
2022-07-19,149.1372,4201600,149.3038,149.7423,147.8832,0.0107,0.0033,0.0062,-0.0017,0.0215,66.7038,0.0089,0.0087,0.0010,0.6660,0.2075,0.9057,sell
2022-07-20,147.5587,3460700,149.1285,149.5845,146.8571,-0.0106,-0.0108,-0.0143,-0.0108,0.0108,54.4504,0.0089,0.0076,-0.0001,0.4959,-0.1763,0.7540,hold
2022-07-21,147.7779,3088300,147.3219,148.5672,146.9448,0.0015,-0.0144,-0.0109,-0.0083,0.0126,55.3252,0.0089,0.0068,-0.0008,0.4870,-0.1076,0.6850,buy
2022-07-22,148.7426,3757800,148.3304,149.5845,147.7604,0.0065,-0.0088,-0.0132,-0.0005,0.0193,50.6989,0.0087,0.0065,-0.0008,0.5867,0.2168,0.8529,hold
2022-07-25,148.9531,3357200,149.3565,149.8388,148.2427,0.0014,0.0094,-0.0036,0.0013,0.0207,52.6924,0.0083,0.0064,-0.0008,0.5981,-0.1066,0.7850,buy
2022-07-26,150.6894,3732100,149.5845,150.8298,148.4181,0.0117,0.0104,0.0137,0.0116,0.0322,53.5556,0.0089,0.0070,-0.0000,0.8219,0.1117,0.8816,hold
2022-07-27,150.4790,4479000,149.5143,150.7947,148.2603,-0.0014,0.0198,0.0088,0.0093,0.0309,53.8950,0.0089,0.0074,0.0003,0.8066,0.2001,1.0567,buy
2022-07-28,153.3291,3134200,150.7246,153.5747,150.1282,0.0189,0.0376,0.0226,0.0261,0.0504,58.4476,0.0105,0.0090,0.0016,1.1791,-0.3002,0.7440,hold
2022-07-29,153.4344,4215500,152.2943,153.8904,152.0575,0.0007,0.0315,0.0224,0.0245,0.0509,63.8325,0.0105,0.0103,0.0023,1.0979,0.3450,1.0260,buy
2022-08-01,155.1796,4034600,153.0748,155.8285,153.0748,0.0114,0.0418,0.0516,0.0309,0.0610,71.5945,0.0084,0.0119,0.0032,1.1523,-0.0429,0.9806,sell
2022-08-02,153.8992,3781100,155.1708,155.3549,153.6624,-0.0083,0.0213,0.0319,0.0192,0.0503,64.8815,0.0091,0.0126,0.0031,0.9281,-0.0628,0.9325,buy
2022-08-03,155.0743,4401300,153.5396,155.2760,152.8030,0.0076,0.0305,0.0509,0.0219,0.0563,65.7514,0.0078,0.0135,0.0032,0.9768,0.1640,1.0829,sell
2022-08-04,154.2324,3822500,154.7147,154.9954,153.1011,-0.0054,0.0059,0.0437,0.0120,0.0492,62.2487,0.0084,0.0137,0.0027,0.8467,-0.1315,0.9561,sell
2022-08-05,153.0748,3295600,152.9345,153.2064,151.1893,-0.0075,-0.0023,0.0291,0.0016,0.0403,67.6191,0.0092,0.0131,0.0017,0.7167,-0.1378,0.8262,sell
2022-08-08,152.4610,2846100,154.1623,154.3201,151.9962,-0.0040,-0.0175,0.0236,-0.0047,0.0354,61.3136,0.0094,0.0122,0.0005,0.6431,-0.1364,0.7326,buy
2022-08-09,153.0310,3228800,153.2853,153.6712,152.5574,0.0037,-0.0056,0.0155,-0.0025,0.0386,70.0001,0.0089,0.0115,-0.0001,0.6783,0.1345,0.8528,buy
2022-08-10,154.2938,4041100,154.1798,154.7235,153.2239,0.0083,-0.0050,0.0254,0.0032,0.0465,72.1264,0.0090,0.0115,-0.0000,0.7713,0.2516,1.0743,sell
2022-08-11,153.5045,2743800,154.6621,155.3286,153.1800,-0.0051,-0.0047,0.0011,-0.0020,0.0401,66.3653,0.0072,0.0111,-0.0004,0.6782,-0.3210,0.7440,buy
2022-08-12,155.5128,3756200,154.2850,155.5566,153.8027,0.0131,0.0159,0.0135,0.0097,0.0522,70.0644,0.0083,0.0114,0.0001,0.8291,0.3690,1.0311,buy
2022-08-15,157.2229,3043100,155.8987,157.2930,155.0480,0.0110,0.0312,0.0132,0.0194,0.0622,70.0162,0.0082,0.0124,0.0010,0.9334,-0.1898,0.8404,buy
2022-08-16,158.1349,3395700,157.6614,158.4682,156.6616,0.0058,0.0334,0.0275,0.0225,0.0664,72.4885,0.0076,0.0136,0.0018,0.9475,0.1159,0.9483,hold
2022-08-17,158.0472,2666200,157.9420,158.7927,157.6087,-0.0006,0.0243,0.0192,0.0200,0.0639,66.5436,0.0074,0.0143,0.0020,0.9033,-0.2148,0.7529,hold
2022-08-18,158.2051,3010600,158.5734,158.6699,157.8017,0.0010,0.0306,0.0258,0.0184,0.0633,66.6667,0.0070,0.0148,0.0020,0.8880,0.1292,0.8511,hold
2022-08-19,158.0034,3704000,157.6438,158.7400,157.2580,-0.0013,0.0160,0.0322,0.0139,0.0601,61.0577,0.0062,0.0150,0.0017,0.8447,0.2303,1.0480,sell
2022-08-22,156.4950,3385000,157.9771,158.2665,156.1179,-0.0095,-0.0046,0.0265,0.0016,0.0480,59.9865,0.0071,0.0143,0.0007,0.6874,-0.0861,0.9573,hold
2022-08-23,156.4248,2575000,155.9425,156.8545,155.4777,-0.0004,-0.0108,0.0222,-0.0010,0.0456,55.6784,0.0072,0.0134,-0.0001,0.6615,-0.2393,0.7404,buy
2022-08-24,157.2053,3340600,156.4248,157.4158,156.1968,0.0050,-0.0053,0.0189,0.0021,0.0484,62.5649,0.0070,0.0129,-0.0004,0.7360,0.2973,0.9765,hold
2022-08-25,157.2141,3401800,157.0036,157.2843,155.5654,0.0001,-0.0063,0.0242,-0.0002,0.0457,69.3760,0.0066,0.0124,-0.0007,0.7144,0.0183,0.9905,sell
2022-08-26,153.5045,5246600,157.8192,157.8367,153.1800,-0.0236,-0.0285,-0.0129,-0.0225,0.0190,53.7873,0.0095,0.0103,-0.0026,0.2404,0.5423,1.5051,sell
2022-08-29,153.0222,4184500,153.0748,153.7238,151.8997,-0.0031,-0.0222,-0.0267,-0.0230,0.0137,49.9680,0.0085,0.0080,-0.0039,0.2044,-0.2024,1.1978,sell
2022-08-30,151.7067,4026300,152.8906,153.1976,151.1279,-0.0086,-0.0302,-0.0407,-0.0274,0.0031,40.5872,0.0081,0.0055,-0.0052,0.0850,-0.0378,1.1485,sell
2022-08-31,151.0754,5597900,152.4259,152.9521,151.0140,-0.0042,-0.0390,-0.0441,-0.0271,-0.0024,41.0590,0.0080,0.0031,-0.0062,0.0743,0.3903,1.5700,buy
2022-09-01,152.6027,4846100,150.8987,152.7174,150.2984,0.0101,-0.0293,-0.0354,-0.0137,0.0063,38.8956,0.0091,0.0019,-0.0058,0.2499,-0.1343,1.3399,sell
2022-09-02,150.6692,5801500,153.3707,154.4743,149.9894,-0.0127,-0.0185,-0.0464,-0.0216,-0.0073,25.4115,0.0095,-0.0000,-0.0062,0.0900,0.1971,1.5504,sell
2022-09-06,149.6540,4900100,150.9518,152.3732,149.3185,-0.0067,-0.0220,-0.0437,-0.0238,-0.0145,18.4250,0.0094,-0.0021,-0.0067,0.0423,-0.1554,1.2745,buy
2022-09-07,152.9558,6074600,150.6339,153.4237,150.0247,0.0221,0.0082,-0.0222,-0.0000,0.0063,34.7050,0.0126,-0.0019,-0.0051,0.3378,0.2397,1.5236,hold
2022-09-08,152.4437,3888100,152.5409,153.1147,150.5809,-0.0033,0.0091,-0.0303,-0.0003,0.0018,33.0532,0.0124,-0.0020,-0.0042,0.3036,-0.3599,0.9771,hold
2022-09-09,152.9294,3662000,152.4261,154.1036,151.5609,0.0032,0.0021,-0.0273,0.0057,0.0041,35.3200,0.0125,-0.0018,-0.0032,0.3496,-0.0582,0.9097,buy
2022-09-12,153.5297,5953300,152.9294,154.0064,152.5144,0.0039,0.0190,0.0002,0.0097,0.0070,40.9452,0.0102,-0.0013,-0.0022,0.4108,0.6257,1.4397,sell
2022-09-13,147.7999,6926200,152.2937,152.5850,147.3938,-0.0373,-0.0124,-0.0341,-0.0247,-0.0305,30.4279,0.0156,-0.0041,-0.0040,0.0035,0.1634,1.5998,buy
2022-09-14,148.9211,5156900,148.4267,149.3714,147.9412,0.0076,-0.0264,-0.0184,-0.0155,-0.0232,31.4874,0.0159,-0.0055,-0.0043,0.1342,-0.2555,1.1674,sell
2022-09-15,146.4491,5461000,148.7887,148.8152,145.9724,-0.0166,-0.0393,-0.0306,-0.0288,-0.0390,28.3294,0.0166,-0.0080,-0.0054,0.0169,0.0590,1.1983,buy
2022-09-16,147.4115,12012600,146.8729,147.5880,145.8929,0.0066,-0.0361,-0.0340,-0.0191,-0.0324,36.2088,0.0163,-0.0093,-0.0054,0.1263,1.1997,2.3991,buy
2022-09-19,148.9653,3720900,147.4909,149.0359,146.9965,0.0105,-0.0297,-0.0113,-0.0076,-0.0220,41.2423,0.0165,-0.0092,-0.0043,0.2614,-0.6903,0.7430,hold
2022-09-20,149.1330,3872000,147.9500,149.3361,147.3143,0.0011,0.0090,-0.0035,-0.0061,-0.0209,44.1544,0.0163,-0.0091,-0.0033,0.2956,0.0406,0.7694,hold
2022-09-21,148.7093,5134500,149.9806,151.8787,148.6210,-0.0028,-0.0014,-0.0278,-0.0061,-0.0236,44.5748,0.0143,-0.0091,-0.0027,0.2825,0.3261,0.9950,hold
2022-09-22,148.8505,4290600,148.6739,149.9894,148.3649,0.0009,0.0164,-0.0236,-0.0028,-0.0227,40.8128,0.0144,-0.0089,-0.0020,0.3101,-0.1644,0.8239,hold
2022-09-23,148.7799,4565100,148.6651,148.9830,147.0230,-0.0005,0.0093,-0.0271,-0.0005,-0.0230,44.9097,0.0143,-0.0087,-0.0014,0.3137,0.0640,0.8669,hold
2022-09-26,148.7181,5326400,148.6121,150.0953,147.9058,-0.0004,-0.0017,-0.0313,0.0023,-0.0232,47.3419,0.0141,-0.0085,-0.0010,0.3266,0.1668,1.0107,sell
2022-09-27,146.5639,5400700,148.5327,150.0865,145.8841,-0.0145,-0.0172,-0.0084,-0.0114,-0.0372,30.5794,0.0088,-0.0095,-0.0015,0.1217,0.0139,1.0131,buy
2022-09-28,148.9123,5480900,147.3585,149.7510,145.8841,0.0160,0.0014,-0.0001,0.0045,-0.0218,40.3475,0.0100,-0.0087,-0.0006,0.4030,0.0148,1.0143,sell
2022-09-29,147.0936,5167700,149.0271,149.3273,145.6722,-0.0122,-0.0118,0.0044,-0.0082,-0.0337,35.1327,0.0093,-0.0092,-0.0008,0.2231,-0.0571,0.9602,sell
2022-09-30,144.1360,5971900,148.0471,148.5327,143.9153,-0.0201,-0.0312,-0.0222,-0.0260,-0.0527,28.6345,0.0110,-0.0112,-0.0021,-0.0183,0.1556,1.0981,buy
2022-10-03,145.8929,5093400,144.3656,146.2814,143.9242,0.0122,-0.0190,-0.0206,-0.0121,-0.0407,44.7059,0.0112,-0.0113,-0.0019,0.1982,-0.1471,0.9427,buy
2022-10-04,147.5350,4596800,147.7822,148.9653,146.1578,0.0113,0.0066,-0.0107,0.0001,-0.0298,46.2601,0.0120,-0.0104,-0.0009,0.3746,-0.0975,0.8532,sell
2022-10-05,146.5551,3538600,147.4114,147.5174,144.5510,-0.0066,-0.0158,-0.0145,-0.0051,-0.0357,50.3108,0.0121,-0.0103,-0.0006,0.2956,-0.2302,0.6726,sell
2022-10-06,143.7299,4623400,146.3697,146.5727,143.4651,-0.0193,-0.0229,-0.0344,-0.0209,-0.0534,40.2615,0.0133,-0.0118,-0.0015,0.0463,0.3066,0.8727,sell
2022-10-07,142.6793,4779200,143.2885,143.9153,142.1231,-0.0073,-0.0101,-0.0410,-0.0240,-0.0590,32.9175,0.0133,-0.0134,-0.0024,-0.0120,0.0337,0.8927,hold
2022-10-10,142.8647,4839200,143.0148,143.9418,142.3085,0.0013,-0.0208,-0.0394,-0.0188,-0.0565,32.9818,0.0134,-0.0143,-0.0026,0.0156,0.0126,0.9134,buy
2022-10-11,143.5445,5222600,143.2355,145.0277,142.6352,0.0048,-0.0270,-0.0206,-0.0120,-0.0506,36.1701,0.0131,-0.0143,-0.0022,0.1413,0.0792,1.0019,buy
2022-10-12,149.5480,9795300,148.9653,150.7045,147.0848,0.0418,0.0204,0.0043,0.0288,-0.0103,51.4214,0.0185,-0.0105,0.0009,0.8002,0.8756,1.7991,buy
2022-10-13,154.1565,8412700,147.5262,154.5361,147.2790,0.0308,0.0725,0.0480,0.0554,0.0203,59.2469,0.0201,-0.0053,0.0047,1.1195,-0.1411,1.5044,sell
2022-10-14,150.2542,5937900,155.3660,155.6132,150.0777,-0.0253,0.0531,0.0424,0.0244,-0.0050,52.3337,0.0209,-0.0034,0.0054,0.7525,-0.2942,1.1228,buy
2022-10-17,152.4967,6401800,152.0906,153.2560,151.0312,0.0149,0.0674,0.0453,0.0350,0.0100,58.9888,0.0210,-0.0006,0.0065,0.9024,0.0781,1.1806,buy
2022-10-18,154.5538,4547400,154.3419,156.1871,153.0971,0.0135,0.0767,0.0476,0.0440,0.0233,58.6235,0.0211,0.0026,0.0076,0.9889,-0.2897,0.8334,sell
2022-10-19,153.0529,5200200,154.3419,155.2424,152.1436,-0.0097,0.0234,0.0443,0.0294,0.0134,59.1986,0.0213,0.0043,0.0075,0.8457,0.1436,0.9525,sell
2022-10-20,151.3755,4314000,153.7945,153.9358,151.0665,-0.0110,-0.0180,0.0532,0.0129,0.0027,61.6345,0.0204,0.0048,0.0064,0.7180,-0.1704,0.7900,buy
2022-10-21,152.7881,5071500,151.1459,153.3443,150.5986,0.0093,0.0169,0.0708,0.0154,0.0121,61.2052,0.0199,0.0057,0.0059,0.7882,0.1756,0.9244,buy
2022-10-24,156.8669,5316500,154.3331,157.1318,154.2095,0.0267,0.0287,0.0980,0.0329,0.0389,64.0521,0.0207,0.0084,0.0068,0.9709,0.0483,0.9692,hold
2022-10-25,157.3878,5220000,157.2553,157.9175,155.9222,0.0033,0.0183,0.0964,0.0270,0.0424,66.5409,0.0208,0.0107,0.0073,0.9321,-0.0182,0.9532,hold
2022-10-26,158.0941,5136000,158.2618,159.7097,157.4319,0.0045,0.0329,0.0571,0.0259,0.0470,73.4505,0.0174,0.0127,0.0075,0.9107,-0.0161,0.9408,hold
2022-10-27,157.9263,5424100,159.2418,159.7362,157.6527,-0.0011,0.0433,0.0245,0.0223,0.0460,75.6307,0.0150,0.0141,0.0071,0.8567,0.0561,0.9912,buy
2022-10-28,160.8839,6715300,158.6503,161.5019,158.4560,0.0187,0.0530,0.0707,0.0343,0.0652,77.7084,0.0121,0.0162,0.0075,0.9321,0.2380,1.2189,hold
2022-10-31,160.3101,4877200,159.9569,161.5461,159.3919,-0.0036,0.0219,0.0512,0.0255,0.0610,75.8649,0.0122,0.0177,0.0071,0.8611,-0.2737,0.8870,sell
2022-11-01,159.5861,4084500,159.7450,161.3960,158.8180,-0.0045,0.0140,0.0326,0.0176,0.0558,68.4998,0.0121,0.0183,0.0061,0.7969,-0.1625,0.7463,sell
2022-11-02,157.3613,4970600,159.6038,162.0758,157.2995,-0.0139,-0.0046,0.0281,0.0007,0.0410,56.4752,0.0127,0.0176,0.0043,0.6843,0.2169,0.8965,hold
2022-11-03,156.9552,3753800,156.0723,157.9440,155.8516,-0.0026,-0.0061,0.0369,-0.0055,0.0383,65.7666,0.0119,0.0166,0.0025,0.6484,-0.2448,0.6824,buy
2022-11-04,157.8380,3922400,157.0788,158.7297,155.8516,0.0056,-0.0189,0.0331,-0.0031,0.0441,63.4266,0.0118,0.0158,0.0015,0.6712,0.0449,0.7186,buy
2022-11-07,159.1006,3246100,158.4914,159.4625,157.8822,0.0080,-0.0075,0.0142,0.0035,0.0516,61.9048,0.0088,0.0157,0.0012,0.7247,-0.1724,0.6035,buy
2022-11-08,159.5420,3724700,159.3036,160.7780,157.8557,0.0028,-0.0003,0.0137,0.0049,0.0537,67.9884,0.0088,0.0157,0.0010,0.7558,0.1474,0.7023,sell
2022-11-09,157.6350,4723600,158.8710,159.8598,157.5025,-0.0120,0.0017,-0.0029,-0.0068,0.0402,67.1339,0.0096,0.0147,-0.0001,0.5983,0.2682,0.9354,buy
2022-11-10,160.4160,6704100,161.2547,161.4931,157.6438,0.0176,0.0220,0.0158,0.0091,0.0573,69.4245,0.0111,0.0148,0.0002,0.7891,0.4193,1.3504,sell
2022-11-11,157.1935,7390500,159.9128,160.4072,154.8893,-0.0201,-0.0041,-0.0229,-0.0088,0.0354,50.8697,0.0113,0.0136,-0.0011,0.5112,0.1024,1.4672,sell
2022-11-14,156.0282,5633000,157.7410,158.1912,155.8251,-0.0074,-0.0193,-0.0267,-0.0135,0.0270,46.5000,0.0114,0.0117,-0.0024,0.3835,-0.2378,1.1269,hold
2022-11-15,156.4343,5153600,157.1847,157.7674,154.8716,0.0026,-0.0195,-0.0197,-0.0090,0.0288,45.6602,0.0115,0.0103,-0.0031,0.4110,-0.0851,1.0248,buy
2022-11-16,157.4408,4701100,157.4143,158.5885,156.9022,0.0064,-0.0012,0.0005,-0.0026,0.0348,48.7837,0.0109,0.0094,-0.0031,0.4874,-0.0878,0.9394,buy
2022-11-17,158.9416,3920300,156.6992,159.0564,156.6462,0.0095,-0.0092,0.0127,0.0056,0.0438,44.7520,0.0112,0.0094,-0.0024,0.6367,-0.1661,0.7865,buy
2022-11-18,160.0893,4498100,159.1005,160.5396,158.9328,0.0072,0.0184,0.0143,0.0114,0.0503,49.4215,0.0113,0.0099,-0.0015,0.8093,0.1474,0.9076,buy
2022-11-21,163.1705,4397600,160.9192,163.4442,160.7603,0.0192,0.0458,0.0256,0.0282,0.0692,58.3608,0.0125,0.0115,0.0003,1.1443,-0.0223,0.8957,hold
2022-11-22,163.1882,4109600,164.0446,164.7597,162.7733,0.0001,0.0432,0.0229,0.0260,0.0671,65.1516,0.0126,0.0128,0.0013,1.0316,-0.0655,0.8466,hold
2022-11-23,163.4001,2511000,163.3294,164.2829,162.8880,0.0013,0.0379,0.0366,0.0236,0.0665,66.9295,0.0115,0.0137,0.0018,0.9723,-0.3890,0.5316,sell
2022-11-25,162.5437,1837000,162.9586,163.3294,162.3936,-0.0052,0.0227,0.0133,0.0169,0.0587,62.3781,0.0107,0.0140,0.0016,0.8358,-0.2684,0.4043,hold
2022-11-28,162.3495,6411400,162.7997,163.7621,162.0140,-0.0012,0.0141,0.0328,0.0124,0.0554,59.0551,0.0078,0.0139,0.0012,0.7982,2.4901,1.4158,sell
2022-11-29,161.2018,4375400,161.8286,161.9346,159.8157,-0.0071,-0.0121,0.0332,0.0020,0.0462,54.4508,0.0077,0.0132,0.0003,0.6727,-0.3176,0.9716,buy
2022-11-30,163.7797,7915600,160.5926,163.9474,159.1270,0.0160,0.0036,0.0470,0.0134,0.0610,65.9051,0.0087,0.0134,0.0006,0.8873,0.8091,1.6860,buy
2022-12-01,165.1478,4683300,164.7747,165.5298,163.6020,0.0084,0.0107,0.0490,0.0170,0.0676,63.2144,0.0087,0.0142,0.0012,0.9466,-0.4083,1.0006,hold
2022-12-02,164.9612,3547700,163.4599,165.5120,163.3177,-0.0011,0.0149,0.0379,0.0121,0.0641,76.1221,0.0087,0.0147,0.0013,0.8818,-0.2425,0.7596,sell
2022-12-05,162.6781,4083200,162.9535,163.4066,161.9674,-0.0138,0.0020,0.0162,-0.0035,0.0475,70.7995,0.0102,0.0139,0.0003,0.6666,0.1509,0.8728,sell
2022-12-06,161.3545,5835100,163.2378,163.7175,160.5283,-0.0081,0.0009,-0.0111,-0.0105,0.0373,64.5539,0.0085,0.0125,-0.0010,0.5421,0.4291,1.2137,buy
2022-12-07,161.8430,4241700,161.5143,162.0829,160.5194,0.0030,-0.0118,-0.0082,-0.0066,0.0384,63.4335,0.0086,0.0113,-0.0017,0.5751,-0.2731,0.8775,buy
2022-12-08,163.2644,3800800,161.5143,163.4421,161.0257,0.0088,-0.0114,-0.0008,0.0022,0.0456,63.2553,0.0091,0.0109,-0.0016,0.6800,-0.1039,0.7939,sell
2022-12-09,162.6604,3116100,163.6465,163.6465,162.6159,-0.0037,-0.0139,0.0007,-0.0016,0.0397,58.1557,0.0090,0.0103,-0.0018,0.6150,-0.1801,0.6762,buy
2022-12-12,163.4332,4691400,163.6198,163.6198,162.0030,0.0048,0.0046,0.0067,0.0025,0.0420,50.9763,0.0091,0.0100,-0.0016,0.6653,0.5055,1.0488,hold
2022-12-13,163.3444,5634900,165.6630,165.9828,162.5182,-0.0005,0.0123,0.0133,0.0006,0.0392,50.5774,0.0087,0.0097,-0.0016,0.6404,0.2011,1.2597,sell
2022-12-14,162.8913,5392500,163.5221,165.1300,161.7987,-0.0028,0.0065,-0.0054,-0.0016,0.0343,48.1523,0.0071,0.0091,-0.0018,0.5680,-0.0430,1.2023,sell
2022-12-15,160.1285,6127800,161.6654,162.3139,158.4761,-0.0170,-0.0192,-0.0304,-0.0155,0.0150,42.2949,0.0081,0.0073,-0.0030,0.1175,0.1364,1.3448,hold
2022-12-16,160.2085,15708100,159.9775,160.9636,158.5561,0.0005,-0.0151,-0.0288,-0.0122,0.0133,43.1195,0.0081,0.0057,-0.0037,0.0849,1.5634,3.0525,buy
2022-12-19,161.0968,4447800,160.6704,162.9890,160.2173,0.0055,-0.0143,-0.0097,-0.0057,0.0166,49.6570,0.0075,0.0048,-0.0036,0.2162,-0.7168,0.8648,hold
2022-12-20,160.9991,3249000,161.5232,161.9052,160.4750,-0.0006,-0.0144,-0.0022,-0.0061,0.0137,39.1544,0.0071,0.0040,-0.0035,0.2265,-0.2695,0.6388,buy
2022-12-21,162.1273,4236900,161.2834,163.1756,161.1501,0.0070,-0.0047,0.0018,0.0007,0.0184,37.9942,0.0074,0.0039,-0.0029,0.4381,0.3041,0.8320,sell
2022-12-22,160.8747,4304700,161.5588,161.7276,158.9470,-0.0077,0.0047,-0.0146,-0.0056,0.0091,35.0259,0.0071,0.0032,-0.0029,0.2400,0.0160,0.8307,buy
2022-12-23,161.9141,2197800,160.7148,162.1717,160.3062,0.0065,0.0106,-0.0046,0.0013,0.0146,46.9197,0.0074,0.0031,-0.0024,0.4296,-0.4894,0.4226,buy
2022-12-27,162.6337,3045000,162.8203,163.1134,161.9230,0.0044,0.0095,-0.0049,0.0063,0.0175,55.4217,0.0074,0.0033,-0.0017,0.5541,0.3855,0.6052,sell
2022-12-28,161.4611,2694300,163.5487,163.9396,161.3634,-0.0072,0.0029,-0.0115,0.0002,0.0091,48.4699,0.0077,0.0029,-0.0017,0.3439,-0.1152,0.5446,hold
2022-12-29,161.6654,2549200,161.6121,162.4472,161.5854,0.0013,-0.0028,-0.0075,0.0022,0.0095,42.9023,0.0077,0.0026,-0.0016,0.3964,-0.0539,0.5448,sell
2022-12-30,160.4927,3136200,161.1324,161.6476,159.2757,-0.0073,-0.0024,0.0023,-0.0053,0.0012,40.8408,0.0058,0.0018,-0.0019,0.1960,0.2303,0.6815,sell
2023-01-03,159.3823,5137400,160.4306,160.5727,156.8593,-0.0069,-0.0156,-0.0052,-0.0117,-0.0067,33.3578,0.0063,0.0006,-0.0025,-0.0021,0.6381,1.0974,sell
2023-01-04,158.9914,4771300,159.3823,160.3861,157.7299,-0.0025,-0.0224,-0.0131,-0.0128,-0.0099,32.5499,0.0059,-0.0006,-0.0030,0.0068,-0.0713,1.0117,sell
2023-01-05,157.3301,3647100,158.0941,158.8137,157.1169,-0.0104,-0.0256,-0.0228,-0.0209,-0.0203,29.6753,0.0066,-0.0023,-0.0038,-0.1268,-0.2356,0.7917,buy
2023-01-06,160.8836,3713200,158.8493,161.5321,158.8404,0.0226,-0.0048,-0.0077,0.0020,0.0014,52.6091,0.0100,-0.0018,-0.0026,0.4365,0.0181,0.8107,sell
2023-01-09,159.3112,3319200,160.2973,162.3672,158.8492,-0.0098,-0.0074,-0.0097,-0.0068,-0.0086,47.1898,0.0102,-0.0023,-0.0025,0.2190,-0.1061,0.7285,sell
2023-01-10,157.9964,3817300,158.8315,159.4889,157.3212,-0.0083,-0.0087,-0.0242,-0.0126,-0.0168,40.5420,0.0100,-0.0033,-0.0028,0.0744,0.1501,0.8315,hold
2023-01-11,158.1741,4369900,159.3645,159.6488,156.0686,0.0011,-0.0051,-0.0274,-0.0087,-0.0153,41.4239,0.0098,-0.0039,-0.0027,0.1372,0.1448,0.9552,sell
2023-01-12,156.1575,4246600,157.8277,158.4584,155.7489,-0.0127,-0.0075,-0.0328,-0.0181,-0.0274,32.8046,0.0103,-0.0054,-0.0034,-0.0624,-0.0282,0.9425,hold
2023-01-13,155.6778,4720400,155.8199,156.1131,154.7272,-0.0031,-0.0324,-0.0370,-0.0174,-0.0299,34.3332,0.0101,-0.0068,-0.0038,-0.0333,0.1116,1.0556,buy
2023-01-17,156.4062,5032600,156.4862,157.7299,155.8999,0.0047,-0.0182,-0.0255,-0.0103,-0.0252,33.0787,0.0104,-0.0074,-0.0035,0.1116,0.0661,1.1393,sell
2023-01-18,152.4619,5032600,155.6778,156.1220,152.2043,-0.0252,-0.0350,-0.0434,-0.0310,-0.0493,23.9179,0.0126,-0.0100,-0.0048,-0.1444,0.0000,1.2959,sell
2023-01-19,150.6940,4720400,152.1598,152.9505,150.5608,-0.0116,-0.0473,-0.0522,-0.0372,-0.0595,23.2095,0.0128,-0.0129,-0.0061,-0.1243,-0.0620,1.2113,hold
2023-01-20,150.9162,5779100,150.0900,150.9250,148.7663,0.0015,-0.0336,-0.0408,-0.0318,-0.0571,23.2775,0.0128,-0.0148,-0.0064,-0.0062,0.2243,1.4363,sell
2023-01-23,150.2409,5440400,151.0316,151.6979,149.8856,-0.0045,-0.0349,-0.0662,-0.0295,-0.0602,23.8678,0.0088,-0.0166,-0.0065,0.0269,-0.0586,1.3322,buy
2023-01-24,151.6357,4125600,150.6763,151.7956,149.6458,0.0093,-0.0305,-0.0482,-0.0156,-0.0508,30.5358,0.0100,-0.0168,-0.0055,0.1576,-0.2417,1.0125,buy
2023-01-25,152.7373,3852800,151.3248,152.7817,150.4364,0.0073,0.0018,-0.0333,-0.0050,-0.0430,34.8276,0.0106,-0.0162,-0.0040,0.2508,-0.0661,0.9267,sell
2023-01-26,151.2182,4558400,152.4797,152.5063,151.0583,-0.0099,0.0035,-0.0440,-0.0104,-0.0518,35.0695,0.0107,-0.0166,-0.0034,0.1869,0.1831,1.0768,sell
2023-01-27,150.6851,5451400,150.8184,151.2270,149.7612,-0.0035,-0.0015,-0.0350,-0.0104,-0.0545,20.7739,0.0103,-0.0170,-0.0030,0.1855,0.1959,1.2472,hold
2023-01-30,150.5608,5191500,150.8273,152.3198,150.2587,-0.0008,0.0021,-0.0329,-0.0079,-0.0546,22.6541,0.0103,-0.0171,-0.0025,0.2045,-0.0477,1.1529,buy
2023-01-31,151.9289,4665500,151.2004,151.9733,150.4187,0.0091,0.0019,-0.0286,0.0041,-0.0453,31.1014,0.0108,-0.0161,-0.0013,0.3138,-0.1013,1.0187,hold
2023-02-01,152.4086,4147700,151.8045,153.0838,150.5874,0.0032,-0.0022,-0.0003,0.0073,-0.0415,32.3738,0.0075,-0.0150,-0.0002,0.3648,-0.1110,0.9156,sell
2023-02-02,150.9961,5653800,150.5430,151.5202,149.6991,-0.0093,-0.0015,0.0020,-0.0022,-0.0493,33.6154,0.0071,-0.0148,0.0001,0.2869,0.3631,1.2360,sell
2023-02-03,150.2409,5308200,151.8755,152.1687,148.4020,-0.0050,-0.0029,-0.0045,-0.0068,-0.0525,33.0376,0.0072,-0.0149,0.0001,0.2574,-0.0611,1.1398,buy
2023-02-06,152.6396,5640000,150.7918,153.1371,150.6585,0.0160,0.0138,0.0160,0.0075,-0.0361,39.3576,0.0087,-0.0132,0.0012,0.4566,0.0625,1.1865,hold
2023-02-07,152.4086,6044700,151.2804,152.8261,150.3653,-0.0015,0.0032,0.0051,0.0055,-0.0363,49.8094,0.0083,-0.0121,0.0019,0.4613,0.0718,1.2361,hold
2023-02-08,152.0532,5687300,151.9111,152.2042,151.2359,-0.0023,-0.0023,-0.0045,0.0036,-0.0372,55.4062,0.0080,-0.0113,0.0022,0.4498,-0.0591,1.1412,buy
2023-02-09,153.4924,9619400,155.7489,156.7882,152.8350,0.0095,0.0165,0.0150,0.0115,-0.0270,59.3425,0.0078,-0.0097,0.0030,0.6616,0.6914,1.8337,buy
2023-02-10,156.5306,6176000,153.7944,156.8771,153.3769,0.0198,0.0419,0.0388,0.0276,-0.0072,69.4719,0.0094,-0.0066,0.0046,1.0512,-0.3580,1.1560,buy
2023-02-13,157.9253,5205100,156.5839,158.3340,156.3885,0.0089,0.0346,0.0489,0.0318,0.0024,69.4717,0.0094,-0.0036,0.0060,1.1334,-0.1572,0.9699,sell
2023-02-14,156.1486,5203000,157.3302,157.4634,155.2780,-0.0113,0.0245,0.0278,0.0174,-0.0077,60.1373,0.0105,-0.0021,0.0061,0.9357,-0.0004,0.9680,hold
2023-02-15,156.3618,4125500,155.4646,156.3973,155.1003,0.0014,0.0283,0.0259,0.0161,-0.0053,66.5711,0.0105,-0.0008,0.0059,0.9048,-0.2071,0.7740,hold
2023-02-16,155.9176,4973200,155.2336,157.1525,155.0559,-0.0028,0.0158,0.0326,0.0100,-0.0073,66.9546,0.0099,-0.0000,0.0054,0.8198,0.2055,0.9309,buy
2023-02-17,156.6017,3952100,155.6067,156.7261,155.3136,0.0044,0.0005,0.0423,0.0103,-0.0023,68.8889,0.0094,0.0009,0.0051,0.8479,-0.2053,0.7526,hold
2023-02-21,156.5128,5797300,155.9798,157.6055,155.1714,-0.0006,-0.0089,0.0254,0.0072,-0.0022,65.5796,0.0086,0.0017,0.0046,0.8061,0.4669,1.1003,hold
2023-02-22,156.4595,5299500,156.9926,157.6233,156.1486,-0.0003,0.0020,0.0266,0.0042,-0.0017,64.1791,0.0085,0.0022,0.0041,0.7715,-0.0859,0.9947,hold
2023-02-23,156.6283,3801400,156.9393,157.2324,155.4557,0.0011,0.0017,0.0301,0.0024,0.0002,71.5939,0.0084,0.0026,0.0036,0.7617,-0.2827,0.7139,hold
2023-02-24,156.3174,2959100,155.8732,156.6461,154.8338,-0.0020,0.0026,0.0184,-0.0014,-0.0009,74.1187,0.0082,0.0028,0.0031,0.7097,-0.2216,0.5642,hold
2023-02-27,156.2730,3208500,157.2146,157.4634,156.0420,-0.0003,-0.0021,-0.0016,-0.0015,-0.0003,67.7362,0.0052,0.0029,0.0025,0.6851,0.0843,0.6251,sell
2023-02-28,154.1587,4317100,155.3580,155.5179,153.8655,-0.0135,-0.0150,-0.0239,-0.0127,-0.0127,57.2162,0.0056,0.0019,0.0012,0.4527,0.3455,0.8483,sell
2023-03-01,152.2043,5359100,153.0837,153.2081,150.2410,-0.0127,-0.0272,-0.0253,-0.0227,-0.0242,50.5502,0.0059,-0.0000,-0.0005,0.2401,0.2414,1.0459,buy
2023-03-02,155.0126,4476300,152.4994,155.4061,151.8465,0.0185,-0.0103,-0.0086,-0.0038,-0.0056,55.0357,0.0089,-0.0000,-0.0004,0.5297,-0.1647,0.8708,hold
2023-03-03,154.8605,3627100,154.7264,155.1289,153.2328,-0.0010,-0.0093,-0.0068,-0.0041,-0.0057,43.1600,0.0089,-0.0001,-0.0004,0.4908,-0.1897,0.7198,hold
2023-03-06,155.1736,3611400,154.0288,155.3167,154.0288,0.0020,-0.0070,-0.0091,-0.0012,-0.0030,37.6342,0.0087,-0.0000,-0.0003,0.4985,-0.0043,0.7290,sell
2023-03-07,154.4044,4094900,155.3256,155.8533,153.7157,-0.0050,0.0016,-0.0135,-0.0048,-0.0069,41.3812,0.0088,-0.0003,-0.0005,0.3701,0.1339,0.8397,buy
2023-03-08,154.8248,2920200,154.4402,155.0483,153.6352,0.0027,0.0172,-0.0104,-0.0010,-0.0035,42.5575,0.0089,-0.0004,-0.0004,0.4074,-0.2869,0.6186,sell
2023-03-09,153.6532,4042100,155.2809,155.9427,153.1165,-0.0076,-0.0088,-0.0190,-0.0067,-0.0099,39.7568,0.0091,-0.0010,-0.0008,0.1716,0.3842,0.8714,hold
2023-03-10,153.8589,4129900,154.3060,155.8354,152.9019,0.0013,-0.0065,-0.0157,-0.0038,-0.0075,37.0319,0.0092,-0.0014,-0.0010,0.2000,0.0217,0.9464,buy
2023-03-13,155.3614,8265100,154.5117,158.5096,154.3776,0.0098,0.0012,-0.0058,0.0065,0.0030,45.1980,0.0098,-0.0008,-0.0004,0.4866,1.0013,1.8497,hold
2023-03-14,155.2004,6480800,154.2703,155.4508,153.4474,-0.0010,0.0052,0.0068,0.0048,0.0028,44.7955,0.0087,-0.0005,-0.0000,0.4800,-0.2159,1.4300,buy
2023-03-15,157.9730,7099800,155.2004,157.9998,154.8963,0.0179,0.0203,0.0379,0.0190,0.0210,54.5734,0.0089,0.0011,0.0013,0.9848,0.0955,1.5344,hold
2023-03-16,157.8656,4734400,157.9551,158.3039,156.8013,-0.0007,0.0274,0.0184,0.0164,0.0205,55.3398,0.0073,0.0024,0.0020,0.9201,-0.3332,1.0165,sell
2023-03-17,156.6314,8854600,157.8657,158.0267,155.8265,-0.0078,0.0180,0.0114,0.0073,0.0129,51.1426,0.0079,0.0027,0.0019,0.6952,0.8703,1.8251,buy
2023-03-20,158.8316,4367000,157.8567,158.9120,156.9713,0.0140,0.0223,0.0236,0.0191,0.0269,64.8134,0.0089,0.0040,0.0025,0.9983,-0.5068,0.8963,hold
2023-03-21,159.2072,3812000,158.8942,159.3503,157.6599,0.0024,0.0258,0.0311,0.0183,0.0295,74.6692,0.0085,0.0051,0.0030,0.9816,-0.1271,0.7987,sell
2023-03-22,157.8656,4380800,159.0551,160.4235,157.7851,-0.0084,-0.0007,0.0196,0.0078,0.0211,61.2087,0.0093,0.0054,0.0025,0.7766,0.1492,0.9267,sell
2023-03-23,157.0965,4655600,157.4632,158.5007,156.5330,-0.0049,-0.0049,0.0224,0.0007,0.0162,58.3780,0.0090,0.0051,0.0018,0.6684,0.0627,0.9761,buy
2023-03-24,160.1731,3713800,157.8835,160.3967,157.7583,0.0196,0.0226,0.0410,0.0162,0.0358,65.5192,0.0105,0.0062,0.0024,0.9923,-0.2023,0.7725,hold
2023-03-27,160.5308,4078600,160.6113,161.5683,160.3698,0.0022,0.0107,0.0333,0.0151,0.0376,69.5158,0.0103,0.0073,0.0028,0.9595,0.0982,0.8408,hold
2023-03-28,160.4772,2850000,160.3878,161.3984,160.3878,-0.0003,0.0080,0.0340,0.0114,0.0366,68.4367,0.0103,0.0080,0.0028,0.8982,-0.3012,0.5965,buy
2023-03-29,161.5862,4496000,161.5683,161.8009,160.9781,0.0069,0.0236,0.0229,0.0161,0.0430,75.9815,0.0091,0.0090,0.0031,0.9595,0.5775,0.9496,hold
2023-03-30,161.7293,2743000,161.8814,162.1765,161.0585,0.0009,0.0295,0.0245,0.0145,0.0427,75.8826,0.0090,0.0098,0.0031,0.9131,-0.3899,0.5902,buy
2023-03-31,163.0440,4479800,162.9188,163.2140,162.1676,0.0081,0.0179,0.0409,0.0187,0.0495,75.5810,0.0084,0.0108,0.0033,0.9610,0.6332,0.9551,hold
2023-04-03,163.2229,3902300,162.6863,163.4554,161.3447,0.0011,0.0168,0.0276,0.0170,0.0490,76.6809,0.0077,0.0117,0.0033,0.9158,-0.1289,0.8294,sell
2023-04-04,162.6416,3306400,162.9367,163.9921,161.9708,-0.0036,0.0135,0.0216,0.0112,0.0436,68.1760,0.0079,0.0120,0.0029,0.8318,-0.1527,0.7087,buy
2023-04-05,164.2425,3826300,163.8937,165.4231,163.7238,0.0098,0.0164,0.0404,0.0171,0.0522,72.2401,0.0073,0.0127,0.0030,0.9092,0.1572,0.8122,buy
2023-04-06,164.8864,3389700,163.9384,165.2263,163.7595,0.0039,0.0195,0.0496,0.0162,0.0547,80.0264,0.0066,0.0134,0.0030,0.9174,-0.1141,0.7246,sell
2023-04-10,163.8490,2408100,164.4125,164.4751,162.4985,-0.0063,0.0049,0.0229,0.0076,0.0463,69.9365,0.0051,0.0135,0.0024,0.8129,-0.2896,0.5244,sell
2023-04-11,163.5985,3586700,164.0457,164.4571,163.4554,-0.0015,0.0023,0.0191,0.0041,0.0430,67.6241,0.0052,0.0133,0.0017,0.7686,0.4894,0.8230,sell
2023-04-12,163.2766,3620900,163.3929,164.3677,162.9993,-0.0020,0.0039,0.0174,0.0004,0.0393,73.6519,0.0053,0.0128,0.0009,0.7232,0.0095,0.8590,buy
2023-04-13,164.9044,4303600,163.3303,165.1101,162.8741,0.0100,0.0040,0.0205,0.0083,0.0479,81.7460,0.0057,0.0129,0.0009,0.8396,0.1885,1.0560,sell
2023-04-14,164.1262,2572900,163.9742,164.5824,163.5985,-0.0047,-0.0046,0.0148,0.0021,0.0414,69.7677,0.0061,0.0126,0.0005,0.7423,-0.4022,0.6485,buy
2023-04-17,164.9669,3224400,164.7344,165.2352,164.0994,0.0051,0.0068,0.0118,0.0061,0.0449,71.1608,0.0058,0.0125,0.0004,0.8032,0.2532,0.8748,buy
2023-04-18,165.3068,2438600,165.2532,165.6556,164.3320,0.0021,0.0104,0.0128,0.0069,0.0451,72.4254,0.0058,0.0125,0.0003,0.8067,-0.2437,0.6794,hold
2023-04-19,165.2085,2209900,165.6735,165.7451,164.7970,-0.0006,0.0118,0.0158,0.0047,0.0428,68.5611,0.0056,0.0123,0.0001,0.7696,-0.0938,0.6297,buy
2023-04-20,165.7540,3868200,165.3158,166.3890,164.7434,0.0033,0.0052,0.0092,0.0071,0.0445,69.8064,0.0049,0.0123,0.0001,0.8096,0.7504,1.1104,hold
2023-04-21,165.8255,3781800,166.3443,166.6931,165.5751,0.0004,0.0104,0.0057,0.0069,0.0431,65.5968,0.0048,0.0122,-0.0000,0.8299,-0.0223,1.0993,hold
2023-04-24,165.9060,3540200,166.8004,166.8630,165.4767,0.0005,0.0057,0.0126,0.0062,0.0420,65.2130,0.0041,0.0120,-0.0002,0.8188,-0.0639,1.0317,buy
2023-04-25,169.6714,6231600,166.8541,170.0917,166.5679,0.0227,0.0264,0.0371,0.0252,0.0639,79.2845,0.0078,0.0132,0.0011,1.1891,0.7602,1.7608,sell
2023-04-26,168.6249,4481700,168.5713,169.4120,168.0257,-0.0062,0.0207,0.0328,0.0156,0.0559,69.1405,0.0082,0.0138,0.0013,0.9983,-0.2808,1.2378,buy
2023-04-27,169.6535,4574500,168.3030,169.8860,167.7037,0.0061,0.0235,0.0288,0.0189,0.0605,70.1436,0.0080,0.0144,0.0016,1.0330,0.0207,1.2621,buy
2023-04-28,170.7267,4608900,169.8413,171.3796,169.6087,0.0063,0.0296,0.0402,0.0213,0.0653,78.9748,0.0076,0.0153,0.0020,1.0527,0.0075,1.2397,buy
2023-05-01,171.4333,3137800,170.3332,172.0146,170.1812,0.0041,0.0333,0.0392,0.0216,0.0677,81.7852,0.0076,0.0161,0.0023,1.0228,-0.3192,0.8595,buy
2023-05-02,171.9431,3712200,171.1471,172.1666,169.7071,0.0030,0.0134,0.0401,0.0206,0.0688,84.6316,0.0075,0.0168,0.0024,0.9851,0.1831,1.0195,hold
2023-05-03,171.8804,3389600,172.2382,172.8374,171.5227,-0.0004,0.0193,0.0404,0.0162,0.0664,81.8624,0.0075,0.0171,0.0022,0.9229,-0.0869,0.9298,buy
2023-05-04,172.9537,4267600,172.6854,173.4635,171.8626,0.0062,0.0195,0.0434,0.0182,0.0708,89.2600,0.0075,0.0176,0.0022,0.9416,0.2590,1.1636,buy
2023-05-05,173.7497,4146500,172.4528,173.9375,172.0683,0.0046,0.0177,0.0478,0.0181,0.0735,89.2171,0.0074,0.0181,0.0023,0.9341,-0.0284,1.1191,sell
2023-05-08,172.9269,2249900,172.9716,173.5082,172.3008,-0.0047,0.0087,0.0423,0.0092,0.0662,82.6187,0.0079,0.0181,0.0017,0.8366,-0.4574,0.6085,buy
2023-05-09,173.6334,3087600,173.3830,174.1074,172.3545,0.0041,0.0098,0.0234,0.0110,0.0683,84.2795,0.0046,0.0181,0.0014,0.8475,0.3723,0.8408,hold
2023-05-10,173.7497,4352900,173.6066,174.9213,172.3187,0.0007,0.0109,0.0304,0.0086,0.0664,83.7104,0.0035,0.0179,0.0010,0.8244,0.4098,1.1736,buy
2023-05-11,174.7067,3690200,173.7586,174.8677,172.6138,0.0055,0.0101,0.0298,0.0112,0.0694,84.8422,0.0035,0.0180,0.0009,0.8514,-0.1522,1.0032,buy
2023-05-12,175.4043,2741000,174.7067,175.4937,174.3579,0.0040,0.0095,0.0274,0.0125,0.0710,85.5422,0.0033,0.0181,0.0009,0.8632,-0.2572,0.7435,sell
2023-05-15,173.7497,2946400,175.8067,176.0840,173.5082,-0.0094,0.0048,0.0135,0.0016,0.0584,68.1240,0.0050,0.0175,0.0001,0.7259,0.0749,0.8022,sell
2023-05-16,172.9984,5803100,173.9375,173.9375,172.2025,-0.0043,-0.0037,0.0061,-0.0033,0.0516,69.9594,0.0053,0.0164,-0.0008,0.6524,0.9696,1.5108,sell
2023-05-17,171.7731,4878800,172.8911,173.1415,170.6820,-0.0071,-0.0114,-0.0006,-0.0103,0.0419,59.5027,0.0058,0.0148,-0.0020,0.5358,-0.1593,1.2275,sell
2023-05-18,171.3259,3709400,171.1113,171.4601,170.2974,-0.0026,-0.0194,-0.0094,-0.0120,0.0371,52.8464,0.0054,0.0132,-0.0030,0.4709,-0.2397,0.9352,hold
2023-05-19,171.5764,3883000,172.1309,172.4886,170.9145,0.0015,-0.0218,-0.0125,-0.0093,0.0364,50.7105,0.0051,0.0118,-0.0035,0.4618,0.0468,0.9777,sell
2023-05-22,166.9256,5787000,170.9950,171.1739,166.7199,-0.0271,-0.0393,-0.0347,-0.0328,0.0067,32.3474,0.0097,0.0087,-0.0056,-0.0990,0.4903,1.4170,sell
2023-05-23,166.4158,6382300,166.7915,166.9167,165.0922,-0.0031,-0.0381,-0.0416,-0.0317,0.0023,31.3606,0.0093,0.0056,-0.0070,-0.0621,0.1029,1.5599,sell
2023-05-24,165.3605,3721000,166.5947,167.0151,164.8954,-0.0063,-0.0373,-0.0483,-0.0331,-0.0053,24.0683,0.0092,0.0027,-0.0080,-0.0784,-0.4170,0.9180,sell
2023-05-25,164.3856,4712700,163.4018,164.7612,162.7310,-0.0059,-0.0405,-0.0591,-0.0330,-0.0119,18.4067,0.0084,-0.0001,-0.0087,-0.0567,0.2665,1.1607,hold
2023-05-26,164.1889,4449300,164.3051,164.7881,163.1335,-0.0012,-0.0431,-0.0639,-0.0277,-0.0138,19.2186,0.0079,-0.0025,-0.0089,0.0137,-0.0559,1.0979,sell
2023-05-30,162.4269,4331800,162.8294,163.7506,161.6130,-0.0107,-0.0270,-0.0652,-0.0317,-0.0251,13.2552,0.0079,-0.0052,-0.0093,-0.0086,-0.0264,1.0534,buy
2023-05-31,163.0888,20414600,163.5449,165.1190,162.2928,0.0041,-0.0200,-0.0573,-0.0219,-0.0216,16.2514,0.0086,-0.0069,-0.0088,0.0925,3.7127,4.1265,buy
2023-06-01,164.0839,5277400,164.2911,164.5342,162.8321,0.0061,-0.0077,-0.0448,-0.0114,-0.0162,16.4534,0.0094,-0.0076,-0.0076,0.1856,-0.7415,1.0468,buy
2023-06-02,165.7681,4288300,163.9309,165.9753,163.6426,0.0103,0.0084,-0.0324,0.0021,-0.0071,21.3540,0.0105,-0.0072,-0.0058,0.2994,-0.1874,0.8504,hold
2023-06-05,165.8852,4311700,165.5790,167.6684,165.3628,0.0007,0.0103,-0.0332,0.0063,-0.0074,24.2684,0.0105,-0.0069,-0.0043,0.3254,0.0055,0.8536,sell
2023-06-06,163.5165,3975600,166.5966,166.7227,162.4988,-0.0143,0.0067,-0.0204,-0.0061,-0.0220,21.9457,0.0076,-0.0078,-0.0041,0.2234,-0.0780,0.7739,sell
2023-06-07,162.2107,5162700,162.7511,163.6787,161.8414,-0.0080,-0.0054,-0.0253,-0.0115,-0.0300,21.8417,0.0079,-0.0090,-0.0043,0.1861,0.2986,0.9851,buy
2023-06-08,164.0029,4036100,161.8414,164.1830,161.5082,0.0110,-0.0005,-0.0082,0.0003,-0.0197,30.0188,0.0088,-0.0088,-0.0033,0.3047,-0.2182,0.7724,hold
2023-06-09,164.2280,3200100,163.6516,164.6603,163.0122,0.0014,-0.0093,-0.0010,0.0018,-0.0187,29.9221,0.0086,-0.0085,-0.0024,0.3362,-0.2071,0.6153,hold
2023-06-12,163.8228,4207100,164.3541,164.5703,162.7330,-0.0025,-0.0124,-0.0022,-0.0005,-0.0213,38.9610,0.0086,-0.0085,-0.0019,0.3279,0.3147,0.7977,hold
2023-06-13,163.4986,2838700,164.0299,164.0840,163.0843,-0.0020,-0.0001,0.0066,-0.0031,-0.0233,39.4823,0.0079,-0.0085,-0.0015,0.3224,-0.3253,0.5388,buy
2023-06-14,164.9665,3559300,163.9128,165.3988,163.4085,0.0090,0.0170,0.0115,0.0047,-0.0147,48.6208,0.0082,-0.0076,-0.0005,0.4563,0.2538,0.6903,buy
2023-06-15,167.2541,4326100,165.9482,167.6684,165.2818,0.0139,0.0198,0.0193,0.0166,-0.0016,59.1977,0.0091,-0.0056,0.0010,0.6983,0.2154,0.8435,hold
2023-06-16,167.5513,8925700,167.6414,168.9473,167.2451,0.0018,0.0202,0.0108,0.0174,-0.0003,60.7124,0.0086,-0.0040,0.0021,0.7875,1.0632,1.6561,sell
2023-06-20,166.8939,4154800,168.0017,169.1995,166.8309,-0.0039,0.0187,0.0061,0.0127,-0.0044,65.3086,0.0087,-0.0030,0.0025,0.8218,-0.5345,0.7690,hold
2023-06-21,167.0020,3832400,167.2632,168.3079,165.8852,0.0006,0.0214,0.0213,0.0113,-0.0041,63.9399,0.0070,-0.0021,0.0027,0.8369,-0.0776,0.7224,buy
2023-06-22,168.7312,3185800,168.1728,168.9383,167.3982,0.0104,0.0228,0.0402,0.0177,0.0056,65.7319,0.0065,-0.0006,0.0034,1.0246,-0.1687,0.6191,sell
2023-06-23,167.5784,7592600,169.3166,169.3166,167.4703,-0.0068,0.0019,0.0218,0.0086,-0.0018,56.3568,0.0068,0.0001,0.0032,0.8325,1.3833,1.4221,sell
2023-06-26,166.5156,3706100,167.6594,167.9026,165.8221,-0.0063,-0.0062,0.0139,0.0008,-0.0083,52.0760,0.0073,0.0001,0.0026,0.6766,-0.5119,0.7007,buy
2023-06-27,167.7135,5763000,166.3175,168.0647,165.6781,0.0072,0.0049,0.0237,0.0057,-0.0016,64.9746,0.0073,0.0006,0.0025,0.7994,0.5550,1.0763,sell
2023-06-28,165.4439,5193900,167.7405,168.1818,165.1557,-0.0135,-0.0093,0.0119,-0.0091,-0.0152,60.7937,0.0089,0.0000,0.0015,0.4941,-0.0988,0.9623,hold
2023-06-29,165.6060,5770400,165.0386,165.6150,163.3635,0.0010,-0.0185,0.0039,-0.0085,-0.0143,56.0054,0.0084,-0.0004,0.0009,0.4989,0.1110,1.2369,buy
2023-06-30,166.8128,7635100,165.7501,167.0830,165.6060,0.0073,-0.0046,-0.0026,-0.0010,-0.0073,59.0195,0.0075,-0.0002,0.0009,0.6513,0.3231,1.5962,hold
2023-07-03,167.1551,2389000,165.9843,167.1911,165.2368,0.0021,0.0038,-0.0024,0.0013,-0.0054,61.6793,0.0075,0.0002,0.0010,0.6872,-0.6871,0.5096,buy
2023-07-05,168.0377,5277100,166.6147,168.1368,166.5877,0.0053,0.0019,0.0069,0.0059,-0.0004,65.3098,0.0075,0.0009,0.0014,0.7849,1.2089,1.1141,hold
2023-07-06,168.0557,5592100,167.3442,168.1908,166.5157,0.0001,0.0158,0.0063,0.0053,-0.0006,61.5490,0.0075,0.0014,0.0015,0.7614,0.0597,1.1608,sell
2023-07-07,164.8855,6309900,167.3532,167.4073,164.8405,-0.0189,-0.0044,-0.0228,-0.0114,-0.0189,41.6931,0.0089,0.0003,0.0004,0.2807,0.1284,1.2944,buy
2023-07-10,165.9843,5508800,165.7771,167.4343,165.5159,0.0067,-0.0050,-0.0095,-0.0038,-0.0120,44.7967,0.0091,-0.0000,0.0000,0.4333,-0.1270,1.1132,hold
2023-07-11,165.6961,3914300,166.0563,166.3715,164.2911,-0.0017,-0.0087,-0.0049,-0.0051,-0.0133,45.9227,0.0090,-0.0004,-0.0003,0.3665,-0.2894,0.7854,sell
2023-07-12,164.9665,6080100,165.6960,166.2634,164.7954,-0.0044,-0.0183,-0.0164,-0.0078,-0.0169,43.3529,0.0086,-0.0011,-0.0008,0.2108,0.5533,1.1974,buy
2023-07-13,168.8933,8223100,167.3352,169.3706,165.0476,0.0238,0.0050,0.0208,0.0137,0.0068,50.4630,0.0107,0.0003,0.0005,0.9246,0.3525,1.5379,buy
2023-07-14,169.5057,4467600,169.1905,169.8840,168.4970,0.0036,0.0280,0.0235,0.0150,0.0107,55.6793,0.0107,0.0016,0.0014,0.9780,-0.4567,0.8285,sell
2023-07-17,167.1821,5637400,167.8215,168.4249,166.9930,-0.0137,0.0072,0.0022,0.0009,-0.0026,51.8281,0.0117,0.0016,0.0011,0.5329,0.2618,1.0329,sell
2023-07-18,166.1193,5684100,167.0110,168.2538,165.5520,-0.0064,0.0026,-0.0062,-0.0049,-0.0081,45.5948,0.0118,0.0010,0.0004,0.3437,0.0083,1.0733,buy
2023-07-19,167.7495,4140800,166.6147,168.0557,166.0923,0.0098,0.0169,-0.0017,0.0051,0.0023,56.6047,0.0121,0.0013,0.0006,0.6451,-0.2715,0.7820,buy
2023-07-20,170.4874,5056500,168.8663,171.1088,168.2448,0.0163,0.0094,0.0145,0.0200,0.0190,62.1852,0.0132,0.0028,0.0017,1.0416,0.2211,0.9440,buy
2023-07-21,171.2619,15022100,171.2169,172.4417,170.4874,0.0045,0.0104,0.0387,0.0207,0.0239,61.3510,0.0111,0.0043,0.0025,1.0646,1.9708,2.5255,buy
2023-07-24,171.9464,4225800,171.6491,172.4057,171.2439,0.0040,0.0285,0.0359,0.0212,0.0282,62.0143,0.0111,0.0057,0.0032,1.0426,-0.7187,0.7311,hold
2023-07-25,172.3426,3521600,171.4870,172.9280,171.1718,0.0023,0.0375,0.0401,0.0195,0.0309,61.0647,0.0109,0.0070,0.0035,0.9947,-0.1666,0.6103,hold
2023-07-26,172.5588,3898900,172.1265,173.2613,171.1719,0.0013,0.0287,0.0460,0.0162,0.0325,61.4573,0.0106,0.0080,0.0036,0.9463,0.1071,0.6867,sell
2023-07-27,169.7939,4141800,172.9190,173.1802,169.6768,-0.0160,-0.0041,0.0053,-0.0006,0.0165,62.7513,0.0100,0.0075,0.0025,0.6550,0.0623,0.7363,buy
2023-07-28,171.3970,5602300,171.2439,172.3516,170.9286,0.0094,0.0008,0.0112,0.0077,0.0263,63.7025,0.0104,0.0076,0.0021,0.7856,0.3526,0.9975,sell
2023-07-31,168.8302,5687700,170.6225,170.7485,168.2809,-0.0150,-0.0181,0.0099,-0.0083,0.0112,57.1136,0.0106,0.0066,0.0008,0.5190,0.0152,1.0306,sell
2023-08-01,168.2538,2853900,168.8572,169.8569,167.8756,-0.0034,-0.0237,0.0128,-0.0130,0.0082,57.5134,0.0104,0.0054,-0.0004,0.4546,-0.4982,0.5149,buy
2023-08-02,169.5957,4285900,168.0467,171.0908,167.8756,0.0080,-0.0172,0.0110,-0.0062,0.0164,51.8207,0.0102,0.0049,-0.0006,0.5839,0.5018,0.7803,sell
2023-08-03,168.5240,2857400,169.4696,170.4153,168.3889,-0.0063,-0.0075,-0.0115,-0.0113,0.0098,47.5148,0.0089,0.0041,-0.0012,0.4719,-0.3333,0.5335,sell
2023-08-04,166.2545,4651100,168.5240,169.3256,166.0293,-0.0135,-0.0300,-0.0292,-0.0217,-0.0038,47.6452,0.0095,0.0023,-0.0024,0.2212,0.6277,0.8820,buy
2023-08-07,168.3169,3323400,166.8669,168.6051,166.7048,0.0124,-0.0030,-0.0211,-0.0075,0.0083,55.3090,0.0105,0.0018,-0.0023,0.4258,-0.2855,0.6436,sell
2023-08-08,166.1104,5017900,168.5961,168.8482,165.7411,-0.0131,-0.0127,-0.0362,-0.0169,-0.0052,46.1473,0.0109,0.0004,-0.0030,0.1737,0.5099,0.9615,hold
2023-08-09,165.6961,4413100,165.6060,166.6147,164.4802,-0.0025,-0.0230,-0.0398,-0.0153,-0.0078,37.3574,0.0107,-0.0010,-0.0035,0.1116,-0.1205,0.8593,hold
2023-08-10,165.4889,3727200,165.9122,167.1460,165.2908,-0.0013,-0.0180,-0.0254,-0.0140,-0.0094,34.2969,0.0099,-0.0021,-0.0037,0.1316,-0.1554,0.7590,hold
2023-08-11,165.7501,2873800,165.7141,165.9662,165.0656,0.0016,-0.0030,-0.0329,-0.0092,-0.0082,32.7483,0.0091,-0.0028,-0.0036,0.1935,-0.2290,0.5948,hold
2023-08-14,165.3719,3385600,166.0653,166.4886,164.9306,-0.0023,-0.0175,-0.0205,-0.0094,-0.0106,30.5724,0.0081,-0.0036,-0.0034,0.1759,0.1781,0.7175,sell
2023-08-15,163.3275,3331800,164.9486,165.2278,163.1293,-0.0124,-0.0168,-0.0293,-0.0187,-0.0225,26.6514,0.0088,-0.0052,-0.0040,0.0254,-0.0159,0.7242,hold
2023-08-16,163.2013,2633700,163.5526,164.7684,162.9672,-0.0008,-0.0151,-0.0377,-0.0157,-0.0230,30.7571,0.0080,-0.0064,-0.0042,0.0732,-0.2095,0.5820,sell
2023-08-17,160.7157,4503000,163.2014,163.3815,160.5986,-0.0152,-0.0288,-0.0463,-0.0261,-0.0375,20.3500,0.0087,-0.0086,-0.0051,-0.0267,0.7098,1.0011,hold
2023-08-18,160.4725,6020300,160.7246,161.7063,159.6529,-0.0015,-0.0318,-0.0348,-0.0242,-0.0388,23.3639,0.0082,-0.0103,-0.0054,0.0323,0.3370,1.4873,sell
2023-08-21,159.4548,4284100,160.0672,160.2744,158.7163,-0.0063,-0.0358,-0.0527,-0.0251,-0.0444,22.7247,0.0060,-0.0121,-0.0058,0.0324,-0.2884,1.0576,sell
2023-08-22,158.2389,3489300,158.6712,159.2476,157.8877,-0.0076,-0.0312,-0.0474,-0.0278,-0.0510,14.5188,0.0055,-0.0140,-0.0061,0.0211,-0.1855,0.8617,buy
2023-08-23,160.4184,4042700,159.6349,160.5625,158.8423,0.0138,-0.0171,-0.0319,-0.0113,-0.0375,26.3158,0.0080,-0.0140,-0.0050,0.1840,0.1586,0.9966,sell
2023-08-24,159.5718,5709800,160.3194,162.5079,159.4998,-0.0053,-0.0071,-0.0358,-0.0129,-0.0421,28.7026,0.0080,-0.0145,-0.0043,0.1661,0.4124,1.3809,buy
2023-08-25,161.5892,4710700,160.3644,161.8504,160.1663,0.0126,0.0070,-0.0251,0.0022,-0.0296,28.4975,0.0095,-0.0135,-0.0027,0.3147,-0.1750,1.1517,buy
2023-08-28,162.3367,3189800,162.8501,163.1743,161.5172,0.0046,0.0181,-0.0184,0.0087,-0.0246,36.6984,0.0097,-0.0122,-0.0012,0.3845,-0.3229,0.8044,buy
2023-08-29,162.9492,4368600,162.3818,163.2104,161.2290,0.0038,0.0298,-0.0023,0.0128,-0.0204,40.4509,0.0091,-0.0108,0.0001,0.4456,0.3696,1.0811,hold
2023-08-30,163.0843,3153400,163.4265,164.1470,162.7600,0.0008,0.0166,-0.0007,0.0137,-0.0191,41.5985,0.0091,-0.0095,0.0011,0.4784,-0.2782,0.7914,sell
2023-08-31,161.3656,5566700,162.6534,162.9165,161.3112,-0.0105,0.0112,0.0040,0.0026,-0.0288,36.0971,0.0083,-0.0094,0.0011,0.3537,0.7653,1.3512,sell
2023-09-01,159.0075,4801400,162.1002,162.1728,158.3908,-0.0146,-0.0160,-0.0091,-0.0112,-0.0418,32.0704,0.0096,-0.0104,0.0002,0.1763,-0.1375,1.1633,sell
2023-09-05,157.9554,5081800,158.9621,159.5154,157.4928,-0.0066,-0.0270,-0.0094,-0.0168,-0.0471,33.9697,0.0096,-0.0116,-0.0007,0.1067,0.0584,1.2056,buy
2023-09-06,158.4724,5933800,158.6447,158.7082,157.3387,0.0033,-0.0275,0.0015,-0.0137,-0.0430,36.2104,0.0094,-0.0120,-0.0010,0.1850,0.1677,1.3926,buy
2023-09-07,159.9870,4934300,159.4882,160.5856,158.9077,0.0096,-0.0190,-0.0027,-0.0040,-0.0330,47.7477,0.0088,-0.0114,-0.0003,0.3506,-0.1684,1.1510,hold
2023-09-08,159.8691,2995000,159.4519,160.6672,159.2705,-0.0007,-0.0093,0.0019,-0.0049,-0.0330,48.1205,0.0086,-0.0109,0.0001,0.3572,-0.3930,0.7046,buy
2023-09-11,162.2816,4512700,160.3770,162.7351,160.3770,0.0151,0.0206,0.0043,0.0096,-0.0181,58.1020,0.0090,-0.0090,0.0014,0.6621,0.5067,1.0416,sell
2023-09-12,161.6830,3331100,162.1093,162.2725,161.2567,-0.0037,0.0236,-0.0040,0.0063,-0.0211,60.2333,0.0090,-0.0079,0.0021,0.6280,-0.2618,0.7694,buy
2023-09-13,162.9618,3781400,161.7374,163.3790,161.6286,0.0079,0.0283,0.0001,0.0143,-0.0128,57.9844,0.0093,-0.0063,0.0029,0.8207,0.1352,0.8689,buy
2023-09-14,164.3676,4118300,163.1976,164.7848,162.6444,0.0086,0.0274,0.0079,0.0222,-0.0039,64.5446,0.0097,-0.0042,0.0039,0.9888,0.0891,0.9304,sell
2023-09-15,163.1069,11661200,164.5308,164.9027,162.8983,-0.0077,0.0203,0.0108,0.0133,-0.0109,54.8241,0.0093,-0.0033,0.0040,0.7866,1.8316,2.4374,hold
2023-09-18,162.6897,3182600,164.1590,164.1590,161.8281,-0.0026,0.0025,0.0232,0.0084,-0.0132,51.1461,0.0077,-0.0027,0.0037,0.7122,-0.7271,0.6855,sell
2023-09-19,161.7284,3369300,162.2181,162.4630,160.8033,-0.0059,0.0003,0.0239,0.0001,-0.0185,46.1240,0.0076,-0.0026,0.0030,0.5727,0.0587,0.7330,hold
2023-09-20,161.7828,3695800,162.4267,162.7260,161.0391,0.0003,-0.0072,0.0209,-0.0016,-0.0177,45.8465,0.0076,-0.0025,0.0025,0.5605,0.0969,0.8022,sell
2023-09-21,159.0619,5351000,161.5288,161.7374,158.8352,-0.0168,-0.0323,-0.0058,-0.0179,-0.0335,43.0903,0.0092,-0.0038,0.0010,0.1917,0.4479,1.1452,hold
2023-09-22,158.9622,4542300,158.6629,159.9779,158.1459,-0.0006,-0.0254,-0.0057,-0.0179,-0.0330,49.8427,0.0092,-0.0048,0.0000,0.1882,-0.1511,0.9844,sell
2023-09-25,158.1096,3553600,158.4270,159.1163,157.0666,-0.0054,-0.0282,-0.0257,-0.0207,-0.0368,50.5425,0.0074,-0.0060,-0.0009,0.1223,-0.2177,0.7799,sell
2023-09-26,156.4680,5213700,156.9033,157.5563,155.6699,-0.0104,-0.0325,-0.0323,-0.0277,-0.0456,43.4654,0.0078,-0.0078,-0.0021,0.0082,0.4672,1.1194,sell
2023-09-27,153.7925,5729900,156.2776,156.6222,153.3027,-0.0171,-0.0494,-0.0563,-0.0388,-0.0605,31.2259,0.0079,-0.0105,-0.0038,-0.1205,0.0990,1.2126,hold
2023-09-28,153.7290,4841600,154.1190,154.3457,152.5318,-0.0004,-0.0335,-0.0647,-0.0328,-0.0593,31.3292,0.0064,-0.0125,-0.0046,-0.0227,-0.1550,1.0066,hold
2023-09-29,153.6746,5194200,154.6450,154.9443,152.4048,-0.0004,-0.0333,-0.0578,-0.0274,-0.0577,19.4461,0.0067,-0.0140,-0.0049,0.0489,0.0728,1.0841,hold
2023-10-02,153.4297,3838800,153.3481,153.7199,151.7518,-0.0016,-0.0296,-0.0569,-0.0232,-0.0571,19.9470,0.0068,-0.0151,-0.0048,0.0867,-0.2609,0.8093,sell
2023-10-03,152.0965,4873400,153.1485,154.1825,151.4888,-0.0087,-0.0279,-0.0596,-0.0257,-0.0630,10.5919,0.0068,-0.0166,-0.0050,0.0554,0.2695,1.0297,buy
2023-10-04,153.1939,4134000,152.7767,153.3934,151.5160,0.0072,-0.0039,-0.0531,-0.0133,-0.0540,8.5464,0.0078,-0.0168,-0.0042,0.1625,-0.1517,0.8904,sell
2023-10-05,145.2036,10556400,153.0669,153.1032,144.9950,-0.0522,-0.0555,-0.0871,-0.0563,-0.1003,5.7002,0.0166,-0.0222,-0.0071,-0.1331,1.5536,2.1439,hold
2023-10-06,145.3759,12774700,144.0064,145.9473,141.3309,0.0012,-0.0540,-0.0855,-0.0468,-0.0965,6.6332,0.0167,-0.0253,-0.0082,-0.0164,0.2101,2.3601,buy
2023-10-09,146.3464,7244500,145.1129,146.4008,143.8795,0.0067,-0.0462,-0.0744,-0.0329,-0.0876,11.4894,0.0174,-0.0268,-0.0078,0.0864,-0.4329,1.3055,buy
2023-10-10,149.1035,11456400,148.9675,149.8109,146.9540,0.0188,-0.0197,-0.0471,-0.0099,-0.0682,22.0399,0.0192,-0.0258,-0.0057,0.2291,0.5814,1.9236,sell
2023-10-11,147.4892,7371500,149.6568,150.0468,146.5641,-0.0108,-0.0372,-0.0410,-0.0165,-0.0759,23.1707,0.0189,-0.0262,-0.0048,0.1959,-0.3566,1.2015,sell
2023-10-12,143.3716,9024100,147.4710,147.5163,142.7820,-0.0279,-0.0126,-0.0674,-0.0373,-0.0987,19.5320,0.0203,-0.0291,-0.0056,0.0786,0.2242,1.4143,buy
2023-10-13,145.1129,6757100,143.8613,145.3306,143.2537,0.0121,-0.0018,-0.0557,-0.0200,-0.0851,25.4539,0.0211,-0.0291,-0.0047,0.1791,-0.2512,1.1014,buy
2023-10-16,146.0924,5605000,146.0199,146.8815,144.9315,0.0067,-0.0017,-0.0478,-0.0085,-0.0765,29.9016,0.0214,-0.0283,-0.0033,0.2417,-0.1705,0.8959,hold
2023-10-17,145.4485,6411300,145.1129,146.5913,144.3511,-0.0044,-0.0245,-0.0437,-0.0084,-0.0779,32.4561,0.0213,-0.0280,-0.0023,0.2371,0.1439,1.0004,buy
2023-10-18,146.9540,6650600,146.0380,148.1966,145.9020,0.0104,-0.0036,-0.0407,0.0062,-0.0661,36.5695,0.0216,-0.0262,-0.0006,0.3212,0.0373,1.0144,sell
2023-10-19,145.6208,6336800,146.8362,147.5799,145.4848,-0.0091,0.0157,0.0029,-0.0032,-0.0722,34.8049,0.0137,-0.0257,0.0001,0.2769,-0.0472,0.9593,hold
2023-10-20,145.1129,5486500,146.3555,147.1354,144.8499,-0.0035,0.0000,-0.0018,-0.0065,-0.0731,34.4629,0.0138,-0.0252,0.0005,0.2687,-0.1342,0.8247,hold
2023-10-23,145.1855,5795800,144.7502,146.5641,144.2604,0.0005,-0.0062,-0.0079,-0.0052,-0.0701,36.4509,0.0136,-0.0244,0.0011,0.2886,0.0564,0.8568,buy
2023-10-24,147.0992,5265200,145.4848,147.6977,144.8227,0.0132,0.0113,-0.0134,0.0093,-0.0557,38.4217,0.0128,-0.0222,0.0024,0.4267,-0.0915,0.7780,hold
2023-10-25,147.2443,4534600,146.9722,148.2873,146.4462,0.0010,0.0020,-0.0017,0.0104,-0.0528,55.5228,0.0123,-0.0203,0.0034,0.4560,-0.1388,0.6760,sell
2023-10-26,146.3917,5147000,147.5436,148.1603,146.2920,-0.0058,0.0053,0.0211,0.0025,-0.0562,52.6516,0.0080,-0.0192,0.0037,0.4132,0.1351,0.7656,sell
2023-10-27,144.7683,5078000,146.9450,147.0538,144.1062,-0.0111,-0.0024,-0.0024,-0.0084,-0.0648,46.0165,0.0081,-0.0192,0.0032,0.2991,-0.0134,0.7560,buy
2023-10-30,147.1808,4625900,146.2920,147.4529,145.7841,0.0167,0.0137,0.0074,0.0074,-0.0476,45.0606,0.0096,-0.0171,0.0039,0.5484,-0.0890,0.6847,buy
2023-10-31,148.0878,5947400,147.7885,148.1512,146.6185,0.0062,0.0067,0.0181,0.0118,-0.0403,51.5958,0.0095,-0.0149,0.0048,0.6911,0.2857,0.8733,buy
2023-11-01,149.5298,6682500,148.4415,150.0377,147.6161,0.0097,0.0155,0.0175,0.0198,-0.0298,69.1484,0.0095,-0.0123,0.0058,1.0254,0.1236,0.9632,buy
2023-11-02,151.3074,5413400,149.4119,151.6067,149.3484,0.0119,0.0336,0.0391,0.0280,-0.0171,69.2179,0.0091,-0.0091,0.0070,1.1285,-0.1899,0.8103,hold
2023-11-03,151.2712,4063300,152.9853,153.1032,151.1805,-0.0002,0.0449,0.0424,0.0234,-0.0163,67.0653,0.0089,-0.0066,0.0076,1.0168,-0.2494,0.6507,hold
2023-11-06,151.1895,5784600,150.0649,151.9151,149.8382,-0.0005,0.0272,0.0414,0.0187,-0.0155,69.6463,0.0089,-0.0047,0.0076,0.9369,0.4236,0.9373,buy
2023-11-07,151.6249,4687200,151.2802,152.1056,150.6635,0.0029,0.0239,0.0308,0.0186,-0.0113,67.2473,0.0083,-0.0029,0.0075,0.9374,-0.1897,0.8035,hold
2023-11-08,151.8153,4926600,152.5227,152.6769,151.1532,0.0013,0.0153,0.0310,0.0167,-0.0086,74.9817,0.0083,-0.0013,0.0073,0.9024,0.0511,0.8626,sell
2023-11-09,150.6998,5639300,151.9877,152.2416,150.3823,-0.0073,-0.0040,0.0294,0.0064,-0.0143,71.4786,0.0085,-0.0007,0.0064,0.7737,0.1447,1.0176,buy
2023-11-10,151.3891,5552900,151.7428,152.1691,149.5208,0.0046,0.0008,0.0457,0.0065,-0.0085,72.7699,0.0069,0.0002,0.0058,0.8070,-0.0153,1.0130,buy
2023-11-13,152.1600,5402300,151.4616,153.0760,150.9719,0.0051,0.0064,0.0338,0.0083,-0.0026,70.2764,0.0055,0.0013,0.0055,0.8398,-0.0271,0.9873,buy
2023-11-14,152.4684,6238900,152.3232,152.7677,151.3619,0.0020,0.0056,0.0296,0.0074,0.0002,70.6601,0.0054,0.0023,0.0052,0.8312,0.1549,1.1420,sell
2023-11-15,151.6884,5611200,153.0034,153.0851,150.7995,-0.0051,-0.0008,0.0144,0.0008,-0.0041,71.0680,0.0054,0.0026,0.0044,0.7353,-0.1006,1.0370,buy
2023-11-16,152.1055,5386400,152.7223,154.1825,150.9174,0.0028,0.0093,0.0053,0.0031,-0.0003,82.2826,0.0040,0.0031,0.0039,0.7481,-0.0401,1.0043,sell
2023-11-17,151.2440,5583100,152.4140,152.5953,150.3461,-0.0057,-0.0010,-0.0002,-0.0026,-0.0048,70.7027,0.0045,0.0030,0.0030,0.6498,0.0365,1.0400,sell
2023-11-20,151.0263,4886200,150.5547,151.2530,150.3007,-0.0014,-0.0075,-0.0011,-0.0039,-0.0048,66.1035,0.0045,0.0027,0.0022,0.6092,-0.1248,0.9180,buy
2023-11-21,152.1872,3980000,151.5614,152.2416,150.4821,0.0077,-0.0018,0.0037,0.0034,0.0041,65.0258,0.0051,0.0031,0.0021,0.7124,-0.1855,0.7569,buy
2023-11-22,153.4751,3235600,152.6860,153.7925,152.6407,0.0085,0.0118,0.0109,0.0107,0.0139,62.9752,0.0057,0.0040,0.0024,0.8218,-0.1870,0.6230,hold
2023-11-24,153.6111,1751700,153.2302,154.2006,153.2302,0.0009,0.0099,0.0193,0.0097,0.0162,63.8411,0.0049,0.0048,0.0025,0.8153,-0.4586,0.3487,sell
2023-11-27,152.6588,3664700,153.9104,153.9104,152.4502,-0.0062,0.0094,0.0084,0.0026,0.0113,57.8795,0.0054,0.0048,0.0021,0.7106,1.0921,0.7399,buy
2023-11-28,153.1486,4056100,152.7132,153.9648,152.3867,0.0032,0.0141,0.0065,0.0052,0.0159,58.1239,0.0052,0.0051,0.0018,0.7960,0.1068,0.8236,sell
2023-11-29,151.6067,4722400,153.3662,153.3844,151.1442,-0.0101,-0.0038,-0.0057,-0.0044,0.0070,49.0280,0.0062,0.0044,0.0009,0.4475,0.1643,0.9710,buy
2023-11-30,153.7954,7346700,151.8032,153.8594,150.6243,0.0144,0.0021,0.0139,0.0086,0.0226,63.1145,0.0075,0.0049,0.0012,0.9872,0.5557,1.5004,buy
2023-12-01,154.1610,4897400,153.8686,154.3072,152.9638,0.0024,0.0036,0.0135,0.0096,0.0257,62.0743,0.0075,0.0055,0.0014,0.9941,-0.3334,1.0055,buy
2023-12-04,154.5723,5323300,153.8960,155.2851,153.7041,0.0027,0.0125,0.0220,0.0101,0.0291,60.8476,0.0071,0.0061,0.0016,1.0006,0.0870,1.0789,sell
2023-12-05,153.4756,4553800,154.5814,154.9652,153.2654,-0.0071,0.0021,0.0162,0.0013,0.0224,54.2295,0.0076,0.0059,0.0011,0.7313,-0.1446,0.9346,sell
2023-12-06,153.0826,4726600,153.5121,153.8229,152.3698,-0.0026,0.0097,0.0059,-0.0018,0.0202,56.0514,0.0074,0.0055,0.0006,0.6277,0.0379,0.9697,hold
2023-12-07,153.0369,4934800,153.5304,153.8046,152.3424,-0.0003,-0.0049,-0.0029,-0.0018,0.0200,54.1771,0.0069,0.0051,0.0002,0.6042,0.0440,1.0123,sell
2023-12-08,151.4103,5115200,152.6531,152.7262,151.0356,-0.0106,-0.0178,-0.0143,-0.0110,0.0095,50.6979,0.0076,0.0039,-0.0009,0.2112,0.0366,1.0550,buy
2023-12-11,153.3659,6912600,153.0186,153.6492,152.1231,0.0129,-0.0078,0.0046,0.0013,0.0226,58.5690,0.0086,0.0039,-0.0007,0.6607,0.3514,1.4060,buy
2023-12-12,153.9600,4515800,154.7002,154.7002,153.2654,0.0039,0.0032,0.0053,0.0047,0.0265,56.7741,0.0086,0.0042,-0.0003,0.7774,-0.3467,0.9269,buy
2023-12-13,157.1951,6082100,154.0239,157.2316,153.6401,0.0210,0.0269,0.0369,0.0220,0.0473,62.3734,0.0099,0.0059,0.0012,1.2280,0.3468,1.2504,sell
2023-12-14,153.7589,7119300,156.8661,157.1585,153.4756,-0.0219,0.0047,-0.0002,-0.0003,0.0243,50.4031,0.0119,0.0056,0.0007,0.6100,0.1705,1.4412,sell
2023-12-15,152.6165,17734600,153.0278,153.9965,152.1139,-0.0074,0.0080,-0.0100,-0.0067,0.0157,49.8858,0.0121,0.0047,-0.0003,0.4001,1.4911,3.1913,buy
2023-12-18,154.3621,5439500,153.5853,155.5866,152.9913,0.0114,0.0065,-0.0014,0.0048,0.0261,53.0678,0.0127,0.0047,-0.0001,0.6950,-0.6933,0.9801,sell
2023-12-19,153.4847,4855900,153.4756,154.2890,152.8999,-0.0057,-0.0031,0.0001,-0.0009,0.0193,54.9127,0.0126,0.0043,-0.0005,0.5075,-0.1073,0.8752,sell
2023-12-20,151.4194,5157800,152.1688,153.0461,151.4011,-0.0135,-0.0367,-0.0109,-0.0133,0.0053,43.7441,0.0133,0.0029,-0.0016,0.1072,0.0622,0.9198,buy
2023-12-21,152.5891,4374000,152.1596,152.7079,151.1452,0.0077,-0.0076,-0.0029,-0.0054,0.0124,46.0295,0.0136,0.0023,-0.0017,0.3484,-0.1520,0.7722,buy
2023-12-22,153.2380,3030400,152.9456,153.6858,152.4886,0.0043,0.0041,0.0121,-0.0024,0.0154,46.6697,0.0132,0.0021,-0.0015,0.4787,-0.3072,0.5290,buy
2023-12-26,154.3164,2779200,153.2106,154.8281,152.8450,0.0070,-0.0003,0.0062,0.0040,0.0213,52.1004,0.0127,0.0025,-0.0008,0.6724,-0.0829,0.4890,hold
2023-12-27,154.8098,3502500,154.3529,154.8921,153.8594,0.0032,0.0086,0.0055,0.0067,0.0233,54.2935,0.0127,0.0031,-0.0002,0.7457,0.2603,0.6192,hold
2023-12-28,154.8007,2911100,154.8099,154.9378,154.1701,-0.0001,0.0223,-0.0152,0.0082,0.0220,54.3924,0.0105,0.0035,0.0001,0.7222,-0.1689,0.5230,hold
2023-12-29,155.2120,3291500,154.7550,155.4222,154.5997,0.0027,0.0172,0.0095,0.0099,0.0236,60.0775,0.0077,0.0040,0.0005,0.7792,0.1307,0.6138,buy
2024-01-02,158.0176,5743100,154.9195,158.0907,154.6180,0.0181,0.0312,0.0354,0.0246,0.0404,61.7989,0.0088,0.0056,0.0018,1.1276,0.7448,1.0625,hold
2024-01-03,158.0541,5588200,159.9275,160.1103,157.8256,0.0002,0.0242,0.0239,0.0224,0.0389,60.6870,0.0083,0.0070,0.0025,1.0284,-0.0270,1.0313,sell
2024-01-04,156.7016,6283200,156.8295,158.5841,155.8882,-0.0086,0.0122,0.0210,0.0115,0.0284,48.5714,0.0087,0.0073,0.0022,0.8122,0.1244,1.1414,sell
2024-01-05,154.3895,5252500,156.7930,156.7930,153.1283,-0.0148,-0.0027,0.0196,-0.0053,0.0123,51.9525,0.0090,0.0063,0.0010,0.5068,-0.1640,0.9496,hold
2024-01-08,154.5448,5735600,154.3895,155.1114,153.3385,0.0010,-0.0043,0.0128,-0.0056,0.0123,56.3594,0.0087,0.0055,0.0001,0.5174,0.0920,1.0295,sell
2024-01-09,152.7719,6268800,153.3385,153.4299,151.6387,-0.0115,-0.0332,-0.0030,-0.0167,-0.0001,44.7653,0.0095,0.0039,-0.0012,0.2641,0.0930,1.1137,hold
2024-01-10,152.5434,4394900,152.2419,153.4939,151.8855,-0.0015,-0.0349,-0.0115,-0.0170,-0.0026,46.7630,0.0092,0.0025,-0.0021,0.2433,-0.2989,0.7986,sell
2024-01-11,151.8215,4800700,152.7445,152.7445,150.6243,-0.0047,-0.0311,-0.0193,-0.0198,-0.0079,51.5236,0.0091,0.0009,-0.0030,0.1757,0.0923,0.8701,buy
2024-01-12,152.8633,3546100,152.0134,152.9638,151.3097,0.0069,-0.0099,-0.0125,-0.0118,-0.0018,51.0490,0.0095,0.0003,-0.0029,0.3296,-0.2613,0.6578,sell
2024-01-16,151.8580,4576600,152.8633,153.0918,150.9625,-0.0066,-0.0174,-0.0216,-0.0162,-0.0086,44.8604,0.0095,-0.0008,-0.0032,0.2162,0.2906,0.8695,hold
2024-01-17,152.1048,4392300,151.6936,152.3698,151.1909,0.0016,-0.0044,-0.0374,-0.0108,-0.0071,41.2192,0.0066,-0.0015,-0.0031,0.2549,-0.0403,0.9556,buy
2024-01-18,152.7719,4709400,151.2183,152.8724,150.7797,0.0044,0.0015,-0.0334,-0.0030,-0.0030,42.0186,0.0070,-0.0017,-0.0026,0.3530,0.0722,1.0328,sell
2024-01-19,151.5016,6528600,152.7445,152.8359,151.3097,-0.0083,-0.0021,-0.0332,-0.0080,-0.0113,38.2409,0.0070,-0.0025,-0.0027,0.2132,0.3863,1.4060,sell
2024-01-22,150.8894,5697400,151.6662,152.3516,150.8071,-0.0040,-0.0129,-0.0227,-0.0097,-0.0152,34.8104,0.0058,-0.0034,-0.0029,0.1469,-0.1273,1.2199,buy
2024-01-23,153.2014,4932700,150.3867,153.4665,150.2039,0.0153,0.0088,-0.0087,0.0064,-0.0003,32.4682,0.0080,-0.0028,-0.0019,0.4241,-0.1342,1.0499,sell
2024-01-24,151.3371,4984700,153.2014,153.2928,151.2640,-0.0122,-0.0050,-0.0094,-0.0049,-0.0125,28.4203,0.0081,-0.0034,-0.0019,0.2172,0.0105,1.0394,buy
2024-01-25,152.2144,5373800,151.5290,152.2510,150.7340,0.0058,-0.0036,-0.0022,0.0010,-0.0069,35.1301,0.0084,-0.0032,-0.0015,0.3352,0.0781,1.0910,buy
2024-01-26,153.4025,4849000,152.2510,153.5578,152.2510,0.0078,0.0125,0.0104,0.0078,0.0007,46.4658,0.0086,-0.0025,-0.0006,0.4825,-0.0977,0.9712,hold
2024-01-29,153.6675,5713600,153.1009,154.1702,152.9730,0.0017,0.0184,0.0053,0.0090,0.0023,46.8831,0.0084,-0.0018,0.0001,0.5208,0.1783,1.1131,buy
2024-01-30,155.0109,4804200,153.2288,155.0840,152.9090,0.0087,0.0118,0.0208,0.0157,0.0106,58.2050,0.0083,-0.0005,0.0011,0.6831,-0.1592,0.9223,sell
2024-01-31,154.0148,5769200,155.3216,155.7055,153.4208,-0.0064,0.0177,0.0126,0.0079,0.0038,55.1047,0.0087,0.0000,0.0013,0.6016,0.2009,1.1073,buy
2024-02-01,156.9117,4920800,154.0148,157.0031,152.7719,0.0188,0.0309,0.0271,0.0241,0.0220,65.3443,0.0103,0.0019,0.0025,1.0574,-0.1471,0.9506,sell
2024-02-02,156.2446,5307700,156.4914,157.1494,155.4496,-0.0043,0.0185,0.0313,0.0166,0.0169,60.4285,0.0099,0.0030,0.0029,0.9737,0.0786,1.0351,hold
2024-02-05,156.1989,5142700,155.8608,156.8021,154.4900,-0.0003,0.0165,0.0352,0.0128,0.0161,64.2301,0.0097,0.0038,0.0030,0.9217,-0.0311,1.0040,buy
2024-02-06,156.6559,5182700,156.6833,157.0306,155.3034,0.0029,0.0106,0.0225,0.0135,0.0187,64.7164,0.0088,0.0046,0.0030,0.9373,0.0078,1.0173,hold
2024-02-07,156.7016,5769700,157.7616,158.0084,156.6193,0.0003,0.0174,0.0354,0.0103,0.0185,63.2390,0.0072,0.0052,0.0029,0.8892,0.1133,1.1380,buy
2024-02-08,158.8766,9269700,156.9301,159.1051,156.6468,0.0139,0.0125,0.0438,0.0200,0.0318,73.4186,0.0079,0.0066,0.0035,1.0399,0.6066,1.7445,sell
2024-02-09,153.2289,12731700,156.4548,156.6285,152.5892,-0.0355,-0.0193,-0.0011,-0.0162,-0.0048,55.6289,0.0147,0.0051,0.0015,0.4163,0.3735,2.2297,buy
2024-02-12,155.9156,7867500,153.4025,156.3360,152.7993,0.0175,-0.0018,0.0146,-0.0004,0.0120,56.4147,0.0158,0.0049,0.0011,0.6956,-0.3821,1.3276,sell
2024-02-13,154.3347,7302000,156.4731,156.6833,152.8359,-0.0101,-0.0148,-0.0044,-0.0101,0.0017,57.1804,0.0159,0.0041,0.0001,0.5085,-0.0719,1.2045,sell
2024-02-14,153.0918,5731900,153.8411,154.1153,151.7575,-0.0081,-0.0230,-0.0060,-0.0175,-0.0062,52.0654,0.0160,0.0027,-0.0010,0.3599,-0.2150,0.9351,hold
2024-02-15,153.4025,4451400,153.4847,153.8686,152.3241,0.0020,-0.0345,-0.0224,-0.0133,-0.0041,50.0000,0.0146,0.0017,-0.0016,0.3911,-0.2234,0.7278,sell
2024-02-16,151.9951,5246000,152.8085,152.9912,151.4102,-0.0092,-0.0081,-0.0272,-0.0196,-0.0130,46.1113,0.0147,0.0002,-0.0025,0.2207,0.1785,0.8668,buy
2024-02-20,154.1244,6117900,153.2928,154.9195,152.7902,0.0140,-0.0115,-0.0133,-0.0046,0.0007,48.0115,0.0157,0.0001,-0.0021,0.4487,0.1662,1.0073,hold
2024-02-21,154.2889,4192600,155.3125,155.5227,153.4025,0.0011,-0.0003,-0.0151,-0.0020,0.0016,50.6388,0.0156,0.0001,-0.0016,0.4623,-0.3147,0.6945,hold
2024-02-22,153.7589,7539200,153.2014,154.2890,151.7941,-0.0034,0.0044,-0.0188,-0.0035,-0.0022,41.7425,0.0156,-0.0002,-0.0015,0.3685,0.7982,1.2231,buy
2024-02-23,154.9926,6409800,153.4756,155.5867,153.3477,0.0080,0.0104,-0.0244,0.0070,0.0056,46.8154,0.0151,0.0003,-0.0009,0.5224,-0.1498,1.0312,sell
2024-02-26,153.7680,3837000,154.8281,154.8281,153.2654,-0.0079,0.0117,0.0035,-0.0013,-0.0023,44.1667,0.0100,-0.0000,-0.0009,0.3376,-0.4014,0.6223,hold
2024-02-27,153.6767,3567600,153.3660,153.7315,152.9364,-0.0006,-0.0029,-0.0144,-0.0004,-0.0024,42.7232,0.0080,-0.0003,-0.0010,0.3239,-0.0702,0.5889,sell
2024-02-28,152.6440,5275300,153.6401,153.9874,152.1139,-0.0067,-0.0107,-0.0110,-0.0061,-0.0090,40.5452,0.0076,-0.0011,-0.0014,0.2004,0.4787,0.8674,sell
2024-02-29,152.2526,8489400,153.0538,153.4865,151.8567,-0.0026,-0.0098,-0.0055,-0.0081,-0.0115,33.1656,0.0073,-0.0019,-0.0017,0.1723,0.6093,1.3654,sell
2024-03-01,151.5620,6109900,151.8106,151.9395,150.3281,-0.0045,-0.0221,-0.0120,-0.0114,-0.0156,44.3368,0.0073,-0.0028,-0.0022,0.1234,-0.2803,0.9734,buy
2024-03-04,152.2802,4303700,151.4331,152.5381,150.6504,0.0047,-0.0097,0.0019,-0.0069,-0.0108,35.7418,0.0069,-0.0032,-0.0020,0.2460,-0.2956,0.6911,sell
2024-03-05,149.2138,6631300,152.1421,152.4000,149.0020,-0.0201,-0.0290,-0.0319,-0.0237,-0.0304,32.0118,0.0077,-0.0051,-0.0031,-0.0460,0.5408,1.0524,buy
2024-03-06,150.0978,5302500,149.2322,151.0095,149.2138,0.0059,-0.0167,-0.0272,-0.0153,-0.0244,39.2111,0.0082,-0.0060,-0.0032,0.1060,-0.2004,0.8407,hold
2024-03-07,150.1991,5801600,150.8529,150.9266,149.6374,0.0007,-0.0135,-0.0232,-0.0123,-0.0233,38.2795,0.0082,-0.0066,-0.0031,0.1526,0.0941,0.9196,hold
2024-03-08,150.1439,6065300,149.4716,151.2028,149.2598,-0.0004,-0.0094,-0.0313,-0.0095,-0.0231,42.4828,0.0075,-0.0070,-0.0028,0.1360,0.0455,0.9864,buy
2024-03-11,151.6909,5404800,150.9450,152.3263,150.3833,0.0103,-0.0039,-0.0135,0.0021,-0.0127,39.6279,0.0083,-0.0064,-0.0018,0.3638,-0.1089,0.9347,hold
2024-03-12,151.5160,6158500,152.0685,152.3263,150.9819,-0.0012,0.0154,-0.0141,0.0024,-0.0134,38.1917,0.0083,-0.0060,-0.0011,0.3578,0.1395,1.0810,buy
2024-03-13,152.2158,4585800,152.0316,152.9893,151.7001,0.0046,0.0141,-0.0028,0.0073,-0.0085,43.5225,0.0083,-0.0052,-0.0003,0.4795,-0.2554,0.8246,sell
2024-03-14,151.7369,5155300,153.0998,153.0998,151.2028,-0.0031,0.0102,-0.0034,0.0044,-0.0108,35.4090,0.0083,-0.0048,0.0001,0.4144,0.1242,0.9319,hold
2024-03-15,151.6264,21887300,151.9948,152.2895,150.6872,-0.0007,0.0099,0.0004,0.0037,-0.0107,39.3373,0.0082,-0.0045,0.0003,0.4100,3.2456,3.4177,buy
2024-03-18,157.7040,10478500,153.8273,158.5512,153.7352,0.0401,0.0396,0.0356,0.0402,0.0289,62.5630,0.0151,-0.0010,0.0030,1.1573,-0.5213,1.5720,hold
2024-03-19,158.2013,7653700,157.5567,158.9840,157.4646,0.0032,0.0441,0.0602,0.0373,0.0316,67.9346,0.0126,0.0019,0.0047,1.0890,-0.2696,1.1352,hold
2024-03-20,158.2565,5046700,158.6617,159.3984,157.5751,0.0003,0.0397,0.0544,0.0321,0.0315,69.8056,0.0128,0.0042,0.0055,1.0100,-0.3406,0.7438,hold
2024-03-21,158.7998,4343000,158.3118,159.6930,157.5106,0.0034,0.0465,0.0573,0.0299,0.0342,74.1104,0.0127,0.0062,0.0060,0.9808,-0.1394,0.6555,hold
2024-03-22,158.4039,4106400,159.3247,159.3984,158.1644,-0.0025,0.0447,0.0550,0.0219,0.0308,70.8464,0.0128,0.0075,0.0059,0.9047,-0.0545,0.6308,hold
2024-03-25,158.9379,3941900,158.5696,159.3891,158.4867,0.0034,0.0078,0.0478,0.0205,0.0333,90.0000,0.0127,0.0086,0.0056,0.8960,-0.0401,0.6050,hold
2024-03-26,159.0577,4593000,158.5420,159.2787,158.2197,0.0008,0.0054,0.0498,0.0164,0.0333,89.3290,0.0126,0.0095,0.0052,0.8620,0.1652,0.6994,buy
2024-03-27,159.8312,4911300,160.2271,160.8625,159.3523,0.0049,0.0099,0.0500,0.0164,0.0372,89.9237,0.0126,0.0105,0.0049,0.8676,0.0693,0.7500,buy
2024-03-28,161.1572,5710400,160.9270,161.8939,160.5679,0.0083,0.0148,0.0621,0.0187,0.0446,91.2986,0.0123,0.0117,0.0050,0.8969,0.1627,0.8909,sell
2024-04-01,159.2879,4815400,161.6729,162.2806,158.9840,-0.0116,0.0056,0.0505,0.0020,0.0316,77.8153,0.0134,0.0118,0.0040,0.7561,-0.1567,0.7589,sell
2024-04-02,157.8698,5158500,159.2511,160.1075,157.7961,-0.0089,-0.0067,0.0011,-0.0070,0.0216,71.3227,0.0062,0.0110,0.0025,0.6545,0.0713,0.8076,sell
2024-04-03,156.2491,5828000,156.5438,157.3909,155.3467,-0.0103,-0.0177,-0.0123,-0.0160,0.0104,62.7473,0.0069,0.0095,0.0007,0.5383,0.1298,0.9182,hold
2024-04-04,156.2215,5422600,157.3909,158.1829,155.9268,-0.0002,-0.0226,-0.0129,-0.0149,0.0098,64.5895,0.0069,0.0080,-0.0006,0.5180,-0.0696,0.8535,sell
2024-04-05,155.7518,4412200,155.9913,156.5161,154.7665,-0.0030,-0.0335,-0.0192,-0.0160,0.0062,63.1148,0.0067,0.0066,-0.0016,0.4649,-0.1863,0.7021,buy
2024-04-08,156.1570,3755700,155.7610,156.5898,155.3835,0.0026,-0.0197,-0.0142,-0.0120,0.0083,42.3077,0.0068,0.0056,-0.0021,0.4698,-0.1488,0.6089,buy
2024-04-09,157.1055,3773900,156.7556,157.2068,155.3743,0.0061,-0.0048,-0.0115,-0.0048,0.0140,44.7854,0.0071,0.0052,-0.0020,0.5259,0.0048,0.6200,sell
2024-04-10,155.5769,4581500,156.1478,156.2031,154.4903,-0.0097,-0.0043,-0.0219,-0.0123,0.0039,38.8163,0.0075,0.0041,-0.0025,0.3648,0.2140,0.7626,sell
2024-04-11,155.0336,4241500,156.1938,156.4240,154.4903,-0.0035,-0.0076,-0.0300,-0.0128,0.0004,34.2814,0.0071,0.0029,-0.0030,0.2837,-0.0742,0.7080,hold
2024-04-12,154.7941,5453500,154.4166,155.1717,154.0759,-0.0015,-0.0061,-0.0395,-0.0103,-0.0013,34.7353,0.0060,0.0018,-0.0033,0.2109,0.2857,0.9080,sell
2024-04-15,153.7352,5133200,155.8163,155.9452,152.8880,-0.0068,-0.0155,-0.0349,-0.0136,-0.0077,28.9337,0.0055,0.0004,-0.0038,0.0203,-0.0587,0.9933,buy
2024-04-16,154.2417,4569700,153.8089,155.1717,153.6799,0.0033,-0.0182,-0.0230,-0.0080,-0.0042,31.0920,0.0055,-0.0005,-0.0037,0.1329,-0.1098,0.9378,buy
2024-04-17,156.0649,4069200,155.7058,156.2675,154.8954,0.0118,0.0031,-0.0012,0.0038,0.0076,36.3393,0.0063,-0.0002,-0.0027,0.3699,-0.1095,0.8670,buy
2024-04-18,158.6341,5574700,156.6359,159.0116,156.6359,0.0165,0.0232,0.0154,0.0188,0.0239,41.6054,0.0082,0.0013,-0.0009,0.6813,0.3700,1.1811,buy
2024-04-19,160.3468,6636700,158.6433,160.4758,158.2013,0.0108,0.0359,0.0295,0.0268,0.0345,53.5603,0.0085,0.0033,0.0008,0.8640,0.1905,1.3728,buy
2024-04-22,162.4924,7288700,160.6047,163.1738,160.2548,0.0134,0.0570,0.0406,0.0363,0.0478,64.8168,0.0091,0.0058,0.0027,1.0192,0.0982,1.4596,sell
2024-04-23,157.6672,9145000,160.8717,161.0375,156.6727,-0.0297,0.0222,0.0036,0.0052,0.0161,53.7708,0.0140,0.0055,0.0019,0.5314,0.2547,1.7407,buy
2024-04-24,163.3672,10016700,155.1625,163.9934,154.3798,0.0362,0.0468,0.0501,0.0363,0.0519,64.5975,0.0174,0.0077,0.0034,1.0275,0.0953,1.8130,hold
2024-04-25,162.6950,7441500,164.1684,166.3323,161.9031,-0.0041,0.0256,0.0494,0.0271,0.0464,64.0671,0.0174,0.0092,0.0039,0.9236,-0.2571,1.3167,sell
2024-04-26,161.6821,4472100,160.6323,164.4354,160.5402,-0.0062,0.0083,0.0445,0.0163,0.0388,60.9250,0.0177,0.0098,0.0036,0.8312,-0.3990,0.8001,hold
2024-04-29,162.1978,3224500,161.6084,162.3635,161.1664,0.0032,-0.0018,0.0550,0.0141,0.0409,60.2445,0.0172,0.0104,0.0033,0.8453,-0.2790,0.5852,hold
2024-04-30,161.9859,4465100,162.3175,162.5016,161.0006,-0.0013,0.0274,0.0502,0.0079,0.0382,63.6150,0.0173,0.0106,0.0028,0.7991,0.3847,0.8155,hold
2024-05-01,161.2861,4340500,161.5716,162.2806,159.9141,-0.0043,-0.0127,0.0335,0.0003,0.0328,63.1947,0.0174,0.0103,0.0020,0.7229,-0.0279,0.8037,hold
2024-05-02,161.5624,3964800,161.6821,162.3635,160.7336,0.0017,-0.0070,0.0185,0.0002,0.0336,64.2608,0.0168,0.0101,0.0015,0.7212,-0.0866,0.7441,hold
2024-05-03,162.2070,3491900,161.8847,162.5201,161.1480,0.0040,0.0032,0.0116,0.0030,0.0366,68.1674,0.0165,0.0101,0.0012,0.7439,-0.1193,0.6611,hold
2024-05-06,161.9031,3576200,162.7687,162.7687,161.2677,-0.0019,-0.0018,-0.0036,0.0015,0.0337,66.5737,0.0160,0.0099,0.0008,0.7001,0.0241,0.6782,buy
2024-05-07,163.9289,3708000,162.9897,164.0486,162.5384,0.0125,0.0120,0.0397,0.0102,0.0453,66.8642,0.0125,0.0105,0.0012,0.8150,0.0369,0.7036,hold
2024-05-08,163.3672,3400900,164.5643,164.7209,163.1646,-0.0034,0.0129,0.0000,0.0067,0.0404,61.1063,0.0055,0.0107,0.0011,0.7488,-0.0828,0.6527,buy
2024-05-09,163.9658,2421400,163.2291,164.3065,163.0726,0.0037,0.0149,0.0078,0.0096,0.0427,58.9604,0.0054,0.0109,0.0011,0.7673,-0.2880,0.4730,buy
2024-05-10,165.5588,4201600,163.8645,165.8995,163.5514,0.0097,0.0207,0.0240,0.0170,0.0511,57.8059,0.0055,0.0117,0.0015,0.8557,0.7352,0.8308,buy
2024-05-13,166.5809,4408100,166.2218,166.9953,165.6141,0.0062,0.0289,0.0270,0.0205,0.0556,78.1396,0.0056,0.0126,0.0021,0.9157,0.0491,0.8780,sell
2024-05-14,165.6325,3508600,166.7191,166.9309,164.4630,-0.0057,0.0104,0.0225,0.0124,0.0478,60.2159,0.0061,0.0129,0.0018,0.8357,-0.2041,0.7063,sell
2024-05-15,165.2550,4785100,165.0524,166.1206,164.8314,-0.0023,0.0116,0.0246,0.0077,0.0433,61.8604,0.0059,0.0128,0.0013,0.7941,0.3638,0.9563,buy
2024-05-16,168.6161,5984700,165.4115,168.8923,165.2550,0.0203,0.0284,0.0437,0.0238,0.0620,76.3843,0.0082,0.0139,0.0021,1.0695,0.2507,1.1912,sell
2024-05-17,167.7689,4449100,168.1372,168.4779,167.4374,-0.0050,0.0133,0.0343,0.0152,0.0543,70.6769,0.0087,0.0144,0.0021,0.9225,-0.2566,0.9053,sell
2024-05-20,166.0377,3221100,167.6768,167.7136,165.6694,-0.0103,-0.0033,0.0255,0.0022,0.0414,63.5137,0.0096,0.0139,0.0012,0.7297,-0.2760,0.6837,buy
2024-05-21,166.7467,3288100,167.1335,167.2071,165.5680,0.0043,0.0067,0.0172,0.0048,0.0439,68.2015,0.0090,0.0136,0.0007,0.7919,0.0208,0.7442,buy
2024-05-22,167.6768,4047000,166.1666,167.7136,165.7338,0.0056,0.0147,0.0264,0.0078,0.0476,69.5296,0.0089,0.0136,0.0006,0.8514,0.2308,0.9823,sell
2024-05-23,165.0800,4009000,166.9770,167.4926,164.8682,-0.0155,-0.0210,0.0068,-0.0085,0.0297,58.1591,0.0105,0.0124,-0.0006,0.5667,-0.0094,1.0154,sell
2024-05-24,163.9013,3447400,165.1721,165.2181,163.7908,-0.0071,-0.0231,-0.0100,-0.0146,0.0208,55.4062,0.0103,0.0107,-0.0019,0.4270,-0.1401,0.8846,sell
2024-05-28,159.6562,6178100,162.2806,162.3267,158.2934,-0.0259,-0.0384,-0.0416,-0.0361,-0.0066,39.6797,0.0126,0.0073,-0.0045,0.0157,0.7921,1.5274,sell
2024-05-29,157.6027,5352100,158.7814,159.4721,157.2068,-0.0129,-0.0548,-0.0485,-0.0439,-0.0194,37.0124,0.0129,0.0033,-0.0069,-0.0781,-0.1337,1.3088,sell
2024-05-30,156.9858,3903100,157.7869,158.1184,156.9121,-0.0039,-0.0638,-0.0500,-0.0428,-0.0231,34.2868,0.0128,-0.0002,-0.0084,-0.0431,-0.2707,0.9596,buy
2024-05-31,159.2142,8155600,156.4424,159.2787,156.1017,0.0142,-0.0355,-0.0558,-0.0236,-0.0094,36.1144,0.0116,-0.0018,-0.0079,0.1528,1.0895,1.9069,sell
2024-06-03,157.6764,5032400,159.0485,159.2142,157.4922,-0.0097,-0.0380,-0.0602,-0.0270,-0.0188,30.9421,0.0116,-0.0039,-0.0080,0.0874,-0.3830,1.1558,buy
2024-06-04,160.1258,4619100,157.6580,160.5863,157.2989,0.0155,0.0029,-0.0356,-0.0083,-0.0038,38.9259,0.0133,-0.0041,-0.0066,0.2668,-0.0821,1.0484,hold
2024-06-05,159.7575,5370700,160.0798,160.1995,158.3486,-0.0023,0.0137,-0.0419,-0.0063,-0.0061,38.9403,0.0131,-0.0045,-0.0056,0.2621,0.1627,1.1964,hold
2024-06-06,159.4905,5536700,160.2271,160.5955,159.0116,-0.0017,0.0160,-0.0488,-0.0029,-0.0079,29.0307,0.0127,-0.0049,-0.0048,0.2634,0.0309,1.2047,sell
2024-06-07,158.7433,3521100,159.1703,160.1077,158.4742,-0.0047,-0.0030,-0.0384,-0.0036,-0.0124,29.1649,0.0121,-0.0055,-0.0043,0.2399,-0.3640,0.7571,sell
2024-06-10,153.9729,9429400,157.8802,158.1215,153.7130,-0.0301,-0.0235,-0.0606,-0.0275,-0.0412,25.5760,0.0147,-0.0086,-0.0059,0.0269,1.6780,1.9195,sell
2024-06-11,153.2025,8284500,153.0169,153.5645,151.7547,-0.0050,-0.0432,-0.0404,-0.0284,-0.0453,22.6491,0.0130,-0.0112,-0.0068,0.0538,-0.1214,1.6225,sell
2024-06-12,152.0517,6281100,153.0262,153.4439,150.7616,-0.0075,-0.0482,-0.0352,-0.0323,-0.0518,18.7258,0.0127,-0.0138,-0.0075,0.0622,-0.2418,1.1976,hold
2024-06-13,151.5876,5432600,150.4275,151.8011,149.9263,-0.0031,-0.0496,-0.0344,-0.0319,-0.0541,20.4737,0.0127,-0.0159,-0.0077,0.0969,-0.1351,1.0295,hold
2024-06-14,152.0331,3603300,151.4020,152.5714,150.8452,0.0029,-0.0423,-0.0451,-0.0246,-0.0508,23.1669,0.0114,-0.0171,-0.0071,0.1513,-0.3367,0.6986,buy
2024-06-17,154.1956,5412200,151.7362,154.4462,151.0865,0.0142,0.0014,-0.0221,-0.0085,-0.0371,36.3706,0.0126,-0.0165,-0.0053,0.2738,0.5020,1.0396,hold
2024-06-18,154.5112,3519500,154.1585,155.0588,153.3696,0.0020,0.0085,-0.0351,-0.0029,-0.0350,41.5505,0.0111,-0.0158,-0.0037,0.3096,-0.3497,0.6741,hold
2024-06-20,154.6968,4942400,153.8151,155.5878,153.8151,0.0012,0.0174,-0.0317,0.0016,-0.0335,43.5930,0.0112,-0.0150,-0.0023,0.3373,0.4043,0.9318,buy
2024-06-21,155.2537,10899100,155.1887,156.9150,154.4833,0.0036,0.0242,-0.0266,0.0080,-0.0300,37.7697,0.0114,-0.0139,-0.0010,0.3865,1.2052,1.9303,buy
2024-06-24,155.9962,4476900,155.4579,157.4162,155.0773,0.0048,0.0261,-0.0173,0.0146,-0.0255,44.5433,0.0116,-0.0124,0.0003,0.4595,-0.5892,0.7896,sell
2024-06-25,155.3186,4217300,155.9961,156.8129,155.2258,-0.0043,0.0073,0.0087,0.0093,-0.0298,32.3578,0.0063,-0.0116,0.0009,0.4305,-0.0580,0.7388,sell
2024-06-26,154.7525,4778300,153.9636,155.0031,152.9984,-0.0036,0.0016,0.0101,0.0046,-0.0334,31.8948,0.0061,-0.0111,0.0012,0.3980,0.1330,0.8475,sell
2024-06-27,154.3070,4326500,154.6504,155.2258,153.3882,-0.0029,-0.0025,0.0148,0.0003,-0.0362,31.4882,0.0056,-0.0108,0.0012,0.3716,-0.0946,0.7744,sell
2024-06-28,153.0726,8755900,153.4160,154.2699,152.7849,-0.0080,-0.0140,0.0098,-0.0087,-0.0436,30.4292,0.0062,-0.0112,0.0007,0.2789,1.0238,1.5019,sell
2024-07-01,151.1793,4508000,153.1747,154.1214,150.8916,-0.0124,-0.0309,-0.0056,-0.0204,-0.0545,37.9696,0.0074,-0.0124,-0.0003,0.1449,-0.4851,0.7983,buy
2024-07-02,151.8197,4650800,151.7454,152.6457,150.6503,0.0042,-0.0225,-0.0154,-0.0147,-0.0495,43.9774,0.0057,-0.0128,-0.0005,0.2317,0.0317,0.8263,sell
2024-07-03,150.9101,2879600,151.2071,152.3301,150.3161,-0.0060,-0.0248,-0.0233,-0.0183,-0.0538,44.9216,0.0057,-0.0135,-0.0009,0.1712,-0.3808,0.5197,buy
2024-07-05,152.5714,4208200,150.9472,152.6921,150.7894,0.0110,-0.0112,-0.0137,-0.0062,-0.0428,53.9551,0.0071,-0.0128,-0.0003,0.3466,0.4614,0.7675,sell
2024-07-08,150.4646,5268800,151.3371,151.9774,150.2790,-0.0138,-0.0170,-0.0308,-0.0168,-0.0545,44.4371,0.0078,-0.0135,-0.0007,0.1231,0.2520,0.9633,hold
2024-07-09,150.2605,5801200,150.5296,150.8730,149.8892,-0.0014,-0.0061,-0.0368,-0.0145,-0.0543,33.7919,0.0074,-0.0139,-0.0008,0.0946,0.1010,1.0389,buy
2024-07-10,151.8289,7372300,150.2047,151.9960,149.1096,0.0104,0.0001,-0.0225,-0.0019,-0.0432,39.9860,0.0086,-0.0131,-0.0001,0.3341,0.2708,1.3451,hold
2024-07-11,152.1631,10258600,147.6617,153.0355,146.6687,0.0022,0.0083,-0.0167,0.0020,-0.0399,40.6442,0.0087,-0.0122,0.0006,0.3893,0.3915,1.8386,buy
2024-07-12,154.4184,6677000,153.1005,155.9498,153.1005,0.0148,0.0121,0.0007,0.0168,-0.0248,47.2595,0.0101,-0.0100,0.0020,0.6887,-0.3491,1.1924,sell
2024-07-15,152.0795,4551800,154.0750,154.3441,151.8846,-0.0151,0.0107,-0.0065,0.0020,-0.0384,38.3682,0.0110,-0.0097,0.0020,0.3573,-0.3183,0.8193,buy
2024-07-16,152.9148,4461700,151.6619,153.1747,151.1329,0.0055,0.0177,0.0115,0.0064,-0.0321,42.9274,0.0103,-0.0088,0.0023,0.4685,-0.0198,0.7970,buy
2024-07-17,157.6760,7671000,154.1028,157.8431,153.9636,0.0311,0.0385,0.0386,0.0337,-0.0014,56.8988,0.0140,-0.0053,0.0044,1.0406,0.7193,1.3431,hold
2024-07-18,158.1215,6228600,156.5809,160.2562,156.2839,0.0028,0.0392,0.0478,0.0318,0.0019,59.0014,0.0136,-0.0025,0.0057,1.0085,-0.1880,1.0653,sell
2024-07-19,157.1841,5332800,158.0380,158.2329,156.3581,-0.0059,0.0179,0.0302,0.0226,-0.0031,59.8402,0.0138,-0.0008,0.0060,0.8702,-0.1438,0.9091,sell
2024-07-22,155.6063,5308400,157.0913,157.5090,155.3186,-0.0100,0.0232,0.0342,0.0090,-0.0122,60.7578,0.0133,-0.0002,0.0053,0.7036,-0.0046,0.9502,sell
2024-07-23,154.3256,3344300,155.7270,156.2560,154.2327,-0.0082,0.0092,0.0271,-0.0020,-0.0191,55.9055,0.0137,-0.0004,0.0041,0.5821,-0.3700,0.6047,buy
2024-07-24,156.0797,5867000,154.3256,156.5437,153.0912,0.0114,-0.0101,0.0280,0.0066,-0.0068,61.7165,0.0138,0.0003,0.0038,0.7594,0.7543,1.0453,buy
2024-07-25,158.7248,6270900,157.3048,161.0172,156.7201,0.0169,0.0038,0.0431,0.0193,0.0111,63.3509,0.0145,0.0022,0.0045,0.9651,0.0688,1.1026,buy
2024-07-26,160.3304,5746300,158.4556,160.3397,158.4556,0.0101,0.0200,0.0383,0.0258,0.0220,71.8815,0.0142,0.0044,0.0054,1.0148,-0.0837,0.9979,hold
2024-07-29,160.7574,4152700,159.9035,161.0172,158.5670,0.0027,0.0331,0.0571,0.0228,0.0253,73.0534,0.0126,0.0063,0.0058,0.9670,-0.2773,0.7512,hold
2024-07-30,160.7295,4994600,160.2747,160.9801,159.2167,-0.0002,0.0415,0.0511,0.0176,0.0262,70.9663,0.0127,0.0077,0.0058,0.9075,0.2027,0.8996,hold
2024-07-31,160.2561,6245600,161.4163,162.1309,159.8756,-0.0029,0.0268,0.0164,0.0129,0.0241,68.9400,0.0089,0.0086,0.0053,0.8342,0.2505,1.1089,buy
2024-08-01,162.3815,5994500,160.1262,162.9384,160.0984,0.0133,0.0230,0.0269,0.0236,0.0382,68.7499,0.0097,0.0100,0.0054,0.9219,-0.0402,1.0357,buy
2024-08-02,165.2401,6856100,165.9826,167.0128,161.3420,0.0176,0.0306,0.0513,0.0364,0.0567,80.2473,0.0102,0.0123,0.0062,1.0094,0.1437,1.1581,sell
2024-08-05,161.5277,7502300,166.6137,167.9038,160.7109,-0.0225,0.0048,0.0381,0.0093,0.0337,67.4830,0.0127,0.0126,0.0051,0.7660,0.0943,1.2438,sell
2024-08-06,160.0891,7287100,160.8223,163.5417,159.9685,-0.0089,-0.0040,0.0373,-0.0033,0.0252,55.6621,0.0128,0.0118,0.0034,0.6603,-0.0287,1.1934,sell
2024-08-07,159.4394,5428900,159.2816,161.8525,159.0125,-0.0041,-0.0051,0.0215,-0.0094,0.0216,53.0630,0.0127,0.0107,0.0018,0.5994,-0.2550,0.9035,hold
2024-08-08,159.9777,5112500,157.9730,160.5624,157.6018,0.0034,-0.0148,0.0079,-0.0068,0.0250,56.6153,0.0116,0.0100,0.0009,0.6178,-0.0583,0.8889,hold
2024-08-09,159.9963,3223000,159.7178,160.3582,158.1401,0.0001,-0.0317,-0.0021,-0.0065,0.0248,61.2244,0.0111,0.0093,0.0002,0.6020,-0.3696,0.5777,sell
2024-08-12,159.0960,3802300,159.8571,160.4418,158.4371,-0.0056,-0.0151,-0.0103,-0.0110,0.0188,62.4394,0.0112,0.0082,-0.0008,0.5064,0.1797,0.6861,buy
2024-08-13,159.9777,3894700,159.2816,160.0241,157.9823,0.0055,-0.0007,-0.0047,-0.0051,0.0243,60.6490,0.0114,0.0077,-0.0010,0.5610,0.0243,0.7064,buy
2024-08-14,161.2214,3555800,159.8478,161.8061,159.5693,0.0078,0.0112,0.0060,0.0020,0.0318,57.3860,0.0116,0.0078,-0.0007,0.6693,-0.0870,0.6700,sell
2024-08-15,160.1169,4472100,161.2214,161.7690,159.4765,-0.0069,0.0009,-0.0139,-0.0034,0.0248,49.3491,0.0109,0.0073,-0.0010,0.5475,0.2577,0.8568,hold
2024-08-16,160.2097,4614600,160.1169,160.3582,158.8083,0.0006,0.0013,-0.0304,0.0003,0.0253,48.2957,0.0087,0.0068,-0.0012,0.5427,0.0319,0.8902,buy
2024-08-19,161.3235,3521700,160.2469,161.4720,160.0427,0.0070,0.0140,-0.0013,0.0074,0.0322,51.7316,0.0060,0.0069,-0.0008,0.6415,-0.2368,0.6913,buy
2024-08-20,163.2075,5330100,161.0543,163.3746,160.0984,0.0117,0.0202,0.0195,0.0171,0.0436,57.9500,0.0062,0.0077,0.0001,0.8677,0.5135,1.0263,sell
2024-08-21,162.6136,4020700,163.2911,164.1078,162.0660,-0.0036,0.0086,0.0199,0.0114,0.0387,50.6812,0.0061,0.0081,0.0004,0.7844,-0.2457,0.7882,buy
2024-08-22,163.1054,5265900,163.1890,163.4210,162.1402,0.0030,0.0187,0.0196,0.0125,0.0405,42.7215,0.0061,0.0085,0.0006,0.8304,0.3097,1.0425,hold
2024-08-23,163.2261,5283600,163.9314,163.9778,161.1842,0.0007,0.0188,0.0202,0.0113,0.0398,57.6696,0.0061,0.0088,0.0007,0.8140,0.0034,1.0508,hold
2024-08-26,163.3189,4146700,163.6438,164.1264,163.0962,0.0006,0.0124,0.0265,0.0092,0.0388,66.6029,0.0055,0.0090,0.0007,0.7969,-0.2152,0.8248,sell
2024-08-27,162.6971,3520600,163.6344,164.1635,161.9731,-0.0038,-0.0031,0.0170,0.0037,0.0335,66.7941,0.0058,0.0088,0.0004,0.6859,-0.1510,0.7107,sell
2024-08-28,161.4163,3915500,162.9291,163.1055,160.8873,-0.0079,-0.0074,0.0012,-0.0044,0.0244,56.8889,0.0061,0.0079,-0.0005,0.4860,0.1122,0.8094,sell
2024-08-29,159.7178,4654300,161.2678,161.4534,159.5508,-0.0105,-0.0208,-0.0025,-0.0146,0.0130,48.8514,0.0066,0.0063,-0.0017,0.2539,0.1887,0.9757,buy
2024-08-30,160.4511,8677300,159.6900,161.0822,158.9382,0.0046,-0.0170,0.0015,-0.0102,0.0169,55.6678,0.0068,0.0052,-0.0022,0.3799,0.8644,1.7849,buy
2024-09-03,164.7760,7032100,159.9870,165.1009,159.5230,0.0270,0.0089,0.0214,0.0143,0.0430,65.5817,0.0108,0.0063,-0.0007,1.0292,-0.1896,1.4535,buy
2024-09-04,165.6856,6188500,165.1101,166.7343,163.6159,0.0055,0.0184,0.0152,0.0183,0.0475,64.8181,0.0104,0.0077,0.0005,1.0448,-0.1200,1.2938,buy
2024-09-05,166.4095,5743100,165.8805,166.8086,164.7575,0.0044,0.0309,0.0233,0.0204,0.0506,71.4285,0.0102,0.0089,0.0015,1.0336,-0.0720,1.1968,sell
2024-09-06,165.8437,6395300,165.9372,167.0033,165.5258,-0.0034,0.0384,0.0168,0.0152,0.0456,68.5871,0.0104,0.0096,0.0017,0.9081,0.1136,1.3151,buy
2024-09-09,166.6386,4666200,165.5725,167.1997,164.4597,0.0048,0.0386,0.0209,0.0180,0.0489,67.9120,0.0104,0.0103,0.0020,0.9325,-0.2704,0.9455,hold
2024-09-10,166.2832,4315800,167.0688,167.4896,166.1243,-0.0021,0.0091,0.0182,0.0140,0.0450,61.5557,0.0105,0.0107,0.0018,0.8579,-0.0751,0.8700,sell
2024-09-11,164.3849,4036000,165.9372,166.2272,163.1224,-0.0114,-0.0079,0.0104,0.0014,0.0313,56.0609,0.0112,0.0100,0.0009,0.6379,-0.0648,0.8124,buy
2024-09-12,165.7596,4222800,164.3848,166.1710,162.6735,0.0084,-0.0039,0.0269,0.0071,0.0381,58.5643,0.0109,0.0099,0.0006,0.7613,0.0463,0.8444,hold
2024-09-13,165.8624,3290400,165.9466,166.4235,164.9366,0.0006,0.0001,0.0385,0.0040,0.0368,58.5167,0.0099,0.0098,0.0004,0.7487,-0.2208,0.6658,hold
2024-09-16,165.7221,4940100,167.3961,167.7982,164.9179,-0.0008,-0.0055,0.0329,-0.0001,0.0343,57.7399,0.0100,0.0095,0.0001,0.7124,0.5014,0.9963,hold
2024-09-17,165.4042,6305100,165.5258,166.5451,164.8711,-0.0019,-0.0053,0.0038,-0.0024,0.0304,58.8927,0.0057,0.0091,-0.0003,0.6558,0.2763,1.2369,sell
2024-09-18,163.8518,5307900,165.3948,166.5170,163.1224,-0.0094,-0.0032,-0.0111,-0.0107,0.0190,57.8602,0.0061,0.0079,-0.0012,0.4624,-0.1582,1.0415,sell
2024-09-19,163.3374,5504000,164.3568,164.7963,162.8605,-0.0031,-0.0146,-0.0185,-0.0119,0.0143,62.6484,0.0058,0.0066,-0.0020,0.3938,0.0369,1.0645,sell
2024-09-20,160.0831,12198400,161.3830,162.5052,159.1853,-0.0199,-0.0348,-0.0347,-0.0282,-0.0069,48.9067,0.0082,0.0040,-0.0038,0.0515,1.2163,2.2110,buy
2024-09-23,160.9528,5350300,159.7931,162.6641,159.6622,0.0054,-0.0288,-0.0341,-0.0196,-0.0023,35.7067,0.0083,0.0022,-0.0045,0.1776,-0.5614,0.9692,sell
2024-09-24,158.9047,7837900,159.9054,160.4758,158.5120,-0.0127,-0.0393,-0.0444,-0.0277,-0.0158,26.6387,0.0088,-0.0002,-0.0056,0.0320,0.4649,1.3738,sell
2024-09-25,158.4184,4505100,159.3536,159.6996,157.8199,-0.0031,-0.0332,-0.0363,-0.0271,-0.0195,22.0110,0.0084,-0.0023,-0.0062,0.0501,-0.4252,0.7829,hold
2024-09-26,158.6896,5673600,158.2501,159.9147,157.7451,0.0017,-0.0285,-0.0427,-0.0212,-0.0179,24.4144,0.0076,-0.0039,-0.0062,0.1093,0.2594,0.9711,hold
2024-09-27,158.9796,7545800,158.9422,160.5226,158.6803,0.0018,-0.0069,-0.0415,-0.0152,-0.0163,21.5821,0.0077,-0.0049,-0.0057,0.1428,0.3300,1.2604,hold
2024-09-30,159.0263,5054300,159.5219,160.6068,158.5868,0.0003,-0.0120,-0.0404,-0.0108,-0.0162,22.4430,0.0077,-0.0056,-0.0052,0.1621,-0.3302,0.8706,buy
2024-10-01,160.2701,7095900,160.1859,160.7938,158.7645,0.0078,0.0086,-0.0310,0.0001,-0.0091,33.5574,0.0086,-0.0054,-0.0040,0.2828,0.4039,1.2216,sell
2024-10-02,158.5587,5786000,160.3823,160.6067,157.5955,-0.0107,0.0009,-0.0323,-0.0073,-0.0202,21.9794,0.0087,-0.0062,-0.0038,0.1844,-0.1846,0.9995,sell
2024-10-03,157.6048,5090300,157.2401,158.1472,156.3330,-0.0060,-0.0068,-0.0351,-0.0097,-0.0262,19.8634,0.0088,-0.0072,-0.0038,0.1517,-0.1202,0.8843,sell
2024-10-04,157.0811,4390100,156.3143,157.5768,156.0057,-0.0033,-0.0119,-0.0188,-0.0111,-0.0293,19.3226,0.0066,-0.0081,-0.0038,0.1531,-0.1376,0.7762,sell
2024-10-07,156.3704,5459500,156.8474,157.0437,155.6690,-0.0045,-0.0167,-0.0285,-0.0128,-0.0332,18.7984,0.0061,-0.0092,-0.0039,0.1390,0.2436,0.9586,buy
2024-10-08,159.3723,8297800,156.8473,159.5874,156.0338,0.0192,-0.0056,0.0029,0.0059,-0.0145,35.9365,0.0083,-0.0082,-0.0024,0.3785,0.5199,1.4077,buy
2024-10-09,161.3549,7177500,158.3997,162.0469,158.1379,0.0124,0.0176,0.0185,0.0165,-0.0023,44.3010,0.0091,-0.0064,-0.0005,0.5462,-0.1350,1.1860,hold
2024-10-10,161.7757,5292400,160.9154,161.8412,160.1204,0.0026,0.0265,0.0194,0.0172,0.0001,55.8124,0.0091,-0.0047,0.0009,0.6033,-0.2626,0.8669,buy
2024-10-11,163.4777,4720300,162.7202,163.8237,161.6635,0.0105,0.0407,0.0283,0.0250,0.0105,58.2017,0.0094,-0.0025,0.0024,0.7787,-0.1081,0.7642,buy
2024-10-14,164.6841,4535900,163.6180,164.8431,163.1317,0.0074,0.0532,0.0356,0.0289,0.0180,69.8587,0.0095,-0.0002,0.0037,0.9099,-0.0391,0.7368,hold
2024-10-15,164.4971,5802300,164.9272,165.8905,163.7676,-0.0011,0.0322,0.0264,0.0250,0.0165,71.3254,0.0095,0.0015,0.0044,0.9096,0.2792,0.9463,sell
2024-10-16,163.1691,4400900,163.6648,163.9640,162.3742,-0.0081,0.0112,0.0291,0.0139,0.0079,64.6304,0.0091,0.0021,0.0041,0.7865,-0.2415,0.7231,hold
2024-10-17,163.3468,4125900,163.0756,164.0949,162.4397,0.0011,0.0097,0.0364,0.0114,0.0085,64.3692,0.0086,0.0027,0.0037,0.8044,-0.0625,0.6857,hold
2024-10-18,163.7115,5097000,161.1304,163.9640,160.9621,0.0022,0.0014,0.0422,0.0095,0.0103,65.0994,0.0083,0.0033,0.0034,0.8090,0.2354,0.9002,hold
2024-10-21,163.6648,6436300,163.1504,165.9934,163.0476,-0.0003,-0.0062,0.0466,0.0047,0.0096,61.8550,0.0079,0.0038,0.0031,0.7812,0.2628,1.1260,sell
2024-10-22,163.0663,3790500,163.1972,163.6087,162.2620,-0.0037,-0.0087,0.0232,-0.0013,0.0054,67.0680,0.0063,0.0038,0.0025,0.7046,-0.4111,0.6874,sell
2024-10-23,161.7383,3800700,162.4397,162.5706,161.2894,-0.0081,-0.0088,0.0024,-0.0096,-0.0030,65.2203,0.0060,0.0031,0.0014,0.5677,0.0027,0.6937,sell
2024-10-24,160.9995,4244900,161.7102,162.2900,160.5693,-0.0046,-0.0144,-0.0048,-0.0137,-0.0075,64.2034,0.0061,0.0021,0.0004,0.4867,0.1169,0.7850,sell
2024-10-25,160.6535,4442600,161.2894,162.7202,160.4758,-0.0021,-0.0187,-0.0173,-0.0141,-0.0097,65.9470,0.0047,0.0012,-0.0004,0.4441,0.0466,0.8459,sell
2024-10-28,158.8299,5186400,161.7664,161.7664,158.7270,-0.0114,-0.0295,-0.0355,-0.0218,-0.0208,47.7863,0.0044,-0.0005,-0.0017,0.2665,0.1674,0.9863,sell
2024-10-29,156.6416,5127900,158.2314,158.2314,156.1460,-0.0138,-0.0394,-0.0478,-0.0306,-0.0337,31.0812,0.0054,-0.0029,-0.0033,0.0999,-0.0113,0.9937,sell
2024-10-30,155.4352,4801500,156.1740,156.7725,155.3136,-0.0077,-0.0390,-0.0474,-0.0334,-0.0403,26.0594,0.0053,-0.0055,-0.0047,0.0422,-0.0637,0.9394,hold
2024-10-31,155.3137,5582400,155.3324,156.6416,155.0612,-0.0008,-0.0353,-0.0492,-0.0293,-0.0402,14.9961,0.0051,-0.0074,-0.0053,0.0667,0.1626,1.0870,sell
2024-11-01,154.8554,6339000,155.3230,155.4726,154.5001,-0.0030,-0.0361,-0.0541,-0.0268,-0.0420,4.9700,0.0045,-0.0092,-0.0056,0.0630,0.1355,1.2113,buy
2024-11-04,155.5568,4885500,154.8554,155.8467,154.4814,0.0045,-0.0206,-0.0495,-0.0174,-0.0368,10.8839,0.0053,-0.0100,-0.0052,0.1257,-0.2293,0.9387,buy
2024-11-05,156.9689,3678300,155.1921,157.0718,154.9302,0.0091,0.0021,-0.0374,-0.0046,-0.0272,23.0706,0.0070,-0.0097,-0.0040,0.2459,-0.2471,0.7396,sell
2024-11-06,154.0325,7849300,156.5200,156.5575,152.9944,-0.0187,-0.0090,-0.0476,-0.0185,-0.0444,17.3656,0.0084,-0.0112,-0.0043,0.0931,1.1339,1.5677,sell
2024-11-07,153.3685,5333500,153.8361,154.2102,152.8729,-0.0043,-0.0125,-0.0474,-0.0179,-0.0476,14.5057,0.0084,-0.0125,-0.0044,0.1050,-0.3205,1.0648,buy
2024-11-08,154.4065,4618300,153.2189,155.0705,153.0412,0.0068,-0.0029,-0.0389,-0.0073,-0.0405,20.2523,0.0091,-0.0127,-0.0037,0.2027,-0.1341,0.9229,sell
2024-11-11,153.6116,3762000,153.7519,155.3791,153.3498,-0.0051,-0.0125,-0.0329,-0.0091,-0.0446,19.9999,0.0088,-0.0132,-0.0034,0.1859,-0.1854,0.7577,hold
2024-11-12,153.6865,5386600,153.4527,154.3037,152.5736,0.0005,-0.0209,-0.0189,-0.0067,-0.0429,22.2437,0.0080,-0.0134,-0.0029,0.2173,0.4318,1.0894,buy
2024-11-13,154.0606,4145000,152.8916,154.1167,151.8442,0.0024,0.0002,-0.0088,-0.0034,-0.0391,25.4631,0.0078,-0.0132,-0.0021,0.2648,-0.2305,0.8405,buy
2024-11-14,154.4439,5422700,154.0605,156.0711,153.2095,0.0025,0.0070,-0.0056,-0.0004,-0.0353,28.1002,0.0079,-0.0126,-0.0013,0.3097,0.3083,1.0853,sell
2024-11-15,148.3373,9108900,153.7239,153.7239,147.8042,-0.0395,-0.0393,-0.0421,-0.0358,-0.0714,21.5805,0.0147,-0.0159,-0.0033,-0.0263,0.6798,1.7527,hold
2024-11-18,148.0661,6991300,149.0761,149.4875,147.5330,-0.0018,-0.0361,-0.0482,-0.0329,-0.0709,24.0813,0.0144,-0.0180,-0.0043,0.0126,-0.2325,1.3381,sell
2024-11-19,146.5604,8248900,147.5237,147.6359,145.7468,-0.0102,-0.0464,-0.0663,-0.0362,-0.0781,23.6535,0.0136,-0.0205,-0.0053,-0.0170,0.1799,1.5142,buy
2024-11-20,148.4495,5067300,146.3079,148.7955,146.0741,0.0129,-0.0364,-0.0362,-0.0201,-0.0644,31.5577,0.0142,-0.0207,-0.0046,0.1329,-0.3857,0.9195,buy
2024-11-21,149.9458,5977000,148.1222,150.0954,147.7107,0.0101,-0.0291,-0.0223,-0.0080,-0.0530,37.5059,0.0148,-0.0199,-0.0031,0.2484,0.1795,1.0678,buy
2024-11-22,151.4982,5846300,150.4695,151.5543,149.5249,0.0104,0.0213,-0.0188,0.0042,-0.0415,40.1003,0.0151,-0.0182,-0.0013,0.3719,-0.0219,1.0315,buy
2024-11-25,152.4801,8580400,152.1528,152.9851,151.4981,0.0065,0.0298,-0.0074,0.0115,-0.0337,38.8164,0.0153,-0.0161,0.0005,0.4668,0.4677,1.4698,sell
2024-11-26,151.6478,4653600,152.6858,153.0693,151.4046,-0.0055,0.0347,-0.0133,0.0073,-0.0373,43.3628,0.0153,-0.0150,0.0014,0.4158,-0.4576,0.8004,hold
2024-11-27,152.1715,3622900,151.4421,154.4253,151.1989,0.0035,0.0251,-0.0123,0.0120,-0.0325,46.6422,0.0154,-0.0135,0.0023,0.4736,-0.2215,0.6295,hold
2024-11-29,152.8542,2799300,150.9651,152.9851,150.5162,0.0045,0.0194,-0.0103,0.0177,-0.0269,45.5567,0.0154,-0.0118,0.0031,0.5453,-0.2273,0.4985,hold
2024-12-02,152.4801,4967400,152.7326,153.0412,151.2737,-0.0024,0.0065,0.0279,0.0124,-0.0283,46.6813,0.0076,-0.0106,0.0035,0.5229,0.7745,0.8955,sell
2024-12-03,151.2176,4277400,152.2837,152.4801,150.9557,-0.0083,-0.0083,0.0213,0.0019,-0.0352,43.2307,0.0082,-0.0103,0.0031,0.4237,-0.1389,0.7753,sell
2024-12-04,149.7961,6964600,150.1889,150.5910,149.0761,-0.0094,-0.0122,0.0221,-0.0096,-0.0431,38.9426,0.0081,-0.0107,0.0023,0.3045,0.6282,1.2259,hold
2024-12-05,150.0860,5229600,150.4975,150.5723,148.5337,0.0019,-0.0137,0.0110,-0.0088,-0.0402,38.6452,0.0072,-0.0107,0.0018,0.3530,-0.2491,0.9422,sell
2024-12-06,148.8175,8359200,150.2888,151.6564,148.7232,-0.0085,-0.0264,-0.0075,-0.0164,-0.0471,51.6732,0.0070,-0.0113,0.0011,0.2443,0.5984,1.4662,buy
2024-12-09,150.4020,8380400,148.9307,152.3166,148.2045,0.0106,-0.0136,-0.0072,-0.0052,-0.0359,57.4560,0.0071,-0.0106,0.0013,0.4299,0.0025,1.4229,buy
2024-12-10,150.7509,5329400,149.9587,151.2980,148.4025,0.0023,-0.0031,-0.0113,-0.0018,-0.0327,64.4419,0.0067,-0.0098,0.0016,0.4842,-0.3641,0.8930,sell
2024-12-11,147.8555,7925900,151.0999,151.3829,147.3745,-0.0192,-0.0130,-0.0250,-0.0185,-0.0497,48.0858,0.0088,-0.0109,0.0006,0.1821,0.4872,1.3004,buy
2024-12-12,149.8644,6849500,150.0436,150.3360,148.9873,0.0136,-0.0015,-0.0152,-0.0036,-0.0358,49.7462,0.0100,-0.0102,0.0009,0.4347,-0.1358,1.0994,sell
2024-12-13,148.9873,4353900,148.5723,150.4963,148.1290,-0.0059,0.0011,-0.0253,-0.0069,-0.0403,41.8223,0.0099,-0.0102,0.0008,0.3414,-0.3643,0.7049,sell
2024-12-16,147.1482,6696500,148.8741,149.7889,147.0161,-0.0123,-0.0216,-0.0350,-0.0157,-0.0510,33.5527,0.0104,-0.0112,-0.0000,0.1087,0.5380,1.1058,hold
2024-12-17,147.2614,6572600,146.8841,149.4872,146.4125,0.0008,-0.0231,-0.0262,-0.0123,-0.0491,35.8410,0.0103,-0.0116,-0.0004,0.1397,-0.0185,1.0891,sell
2024-12-18,145.6486,7620900,146.2145,146.9690,145.3468,-0.0110,-0.0149,-0.0277,-0.0204,-0.0579,30.3278,0.0104,-0.0129,-0.0012,-0.0386,0.1595,1.2694,sell
2024-12-19,142.8569,9829500,144.3848,145.3185,142.8003,-0.0192,-0.0468,-0.0482,-0.0345,-0.0737,23.2523,0.0115,-0.0154,-0.0028,-0.1710,0.2898,1.5748,buy
2024-12-20,144.1018,19205200,142.2816,144.7620,141.9515,0.0087,-0.0328,-0.0317,-0.0230,-0.0635,28.5820,0.0121,-0.0162,-0.0030,0.0328,0.9538,2.7821,sell
2024-12-23,142.6871,6822200,143.7435,143.7435,141.1970,-0.0098,-0.0303,-0.0513,-0.0275,-0.0702,28.3613,0.0112,-0.0177,-0.0035,0.0034,-0.6448,0.9813,buy
2024-12-24,144.1207,3399800,141.9421,144.1396,141.8572,0.0100,-0.0213,-0.0440,-0.0132,-0.0583,35.6123,0.0120,-0.0176,-0.0028,0.1568,-0.5017,0.5080,hold
2024-12-26,143.7717,5528500,143.8566,144.4697,143.5831,-0.0024,-0.0129,-0.0276,-0.0129,-0.0580,34.0405,0.0109,-0.0176,-0.0023,0.1685,0.6261,0.8206,hold
2024-12-27,144.1962,4287000,142.6871,144.7432,142.6588,0.0030,0.0094,-0.0378,-0.0061,-0.0529,37.7988,0.0095,-0.0172,-0.0015,0.2284,-0.2246,0.6332,sell
2024-12-30,143.0927,5397000,143.9792,144.3848,142.4985,-0.0077,-0.0070,-0.0396,-0.0097,-0.0576,30.1993,0.0096,-0.0174,-0.0013,0.1738,0.2589,0.7822,hold
2024-12-31,143.4133,4274800,143.1681,144.4414,142.3570,0.0022,0.0051,-0.0254,-0.0049,-0.0530,30.0921,0.0093,-0.0170,-0.0008,0.2223,-0.2079,0.6227,sell
2025-01-02,141.6685,4970200,144.1867,144.9224,141.3667,-0.0122,-0.0170,-0.0380,-0.0131,-0.0618,32.0960,0.0097,-0.0178,-0.0010,0.1210,0.1627,0.7203,sell
2025-01-03,141.1404,5218100,142.3759,142.3759,141.0555,-0.0037,-0.0183,-0.0310,-0.0137,-0.0626,22.3880,0.0093,-0.0184,-0.0013,0.1246,0.0499,0.7660,sell
2025-01-06,137.9526,9470600,141.0932,141.4233,137.7923,-0.0226,-0.0433,-0.0343,-0.0327,-0.0808,19.5312,0.0100,-0.0209,-0.0027,-0.0287,0.8150,1.3482,sell
2025-01-07,137.1320,7473300,138.1318,139.5559,137.0755,-0.0059,-0.0417,-0.0484,-0.0337,-0.0834,20.6953,0.0091,-0.0228,-0.0036,0.0032,-0.2109,1.0706,buy
2025-01-08,138.2072,6791800,137.1321,138.3298,136.3398,0.0078,-0.0363,-0.0314,-0.0231,-0.0734,24.9215,0.0097,-0.0232,-0.0033,0.1153,-0.0912,0.9842,sell
2025-01-10,134.5290,9632700,136.7548,137.2924,133.4632,-0.0266,-0.0504,-0.0666,-0.0426,-0.0951,22.3628,0.0110,-0.0262,-0.0046,-0.0400,0.4183,1.3537,buy
2025-01-13,136.2832,8101400,134.6705,136.8869,134.0574,0.0130,-0.0344,-0.0521,-0.0249,-0.0808,32.7731,0.0127,-0.0264,-0.0041,0.1168,-0.1590,1.1371,hold
2025-01-14,136.7076,6996400,135.9909,136.8868,135.3967,0.0031,-0.0090,-0.0519,-0.0166,-0.0756,29.7520,0.0127,-0.0261,-0.0031,0.1693,-0.1364,0.9810,hold
2025-01-15,136.5473,7141600,137.2170,137.8866,135.9720,-0.0012,-0.0043,-0.0457,-0.0131,-0.0743,31.9467,0.0127,-0.0259,-0.0022,0.1845,0.0208,0.9821,buy
2025-01-16,138.2072,5068000,135.8588,138.4430,135.5193,0.0122,0.0000,-0.0363,0.0027,-0.0610,32.8407,0.0136,-0.0240,-0.0006,0.3119,-0.2904,0.7049,buy
2025-01-17,139.8200,7338900,139.3201,140.1690,138.8014,0.0117,0.0393,-0.0130,0.0157,-0.0480,39.3167,0.0141,-0.0214,0.0014,0.4419,0.4481,1.0153,hold
2025-01-21,140.1029,7456200,139.8954,141.2630,139.3673,0.0020,0.0280,-0.0074,0.0186,-0.0439,38.8488,0.0141,-0.0191,0.0029,0.4823,0.0160,1.0327,hold
2025-01-22,139.6691,5905100,139.8011,140.9518,139.3862,-0.0031,0.0217,0.0124,0.0141,-0.0449,40.3199,0.0119,-0.0174,0.0037,0.4599,-0.2080,0.8407,buy
2025-01-23,140.1689,4759100,140.0463,140.4708,138.2732,0.0036,0.0265,0.0221,0.0155,-0.0398,40.9186,0.0116,-0.0155,0.0045,0.5167,-0.1941,0.7552,hold
2025-01-24,140.6405,4509600,140.3576,140.8197,139.7068,0.0034,0.0176,0.0176,0.0172,-0.0347,46.9016,0.0114,-0.0136,0.0051,0.5666,-0.0524,0.7290,buy
2025-01-27,145.8183,9820600,142.3382,146.6294,142.3193,0.0368,0.0429,0.0839,0.0461,0.0019,61.0124,0.0115,-0.0087,0.0074,0.9805,1.1777,1.5092,sell
2025-01-28,141.7063,6349700,145.3845,145.8183,141.5837,-0.0282,0.0114,0.0398,0.0126,-0.0248,58.4681,0.0161,-0.0076,0.0072,0.6574,-0.3534,0.9697,hold
2025-01-29,141.8194,4874100,142.5362,143.3567,141.6874,0.0008,0.0154,0.0374,0.0098,-0.0224,60.9231,0.0161,-0.0064,0.0067,0.6859,-0.2324,0.7410,buy
2025-01-30,143.2624,4671300,142.6777,144.3753,142.0647,0.0102,0.0221,0.0492,0.0152,-0.0109,61.5817,0.0161,-0.0046,0.0067,0.8123,-0.0416,0.7141,sell
2025-01-31,142.1212,4905500,142.1873,143.0644,141.7251,-0.0080,0.0105,0.0283,0.0043,-0.0179,69.6822,0.0164,-0.0038,0.0061,0.7228,0.0501,0.7463,hold
2025-02-03,141.7251,7196200,141.2441,142.5362,140.3670,-0.0028,-0.0281,0.0136,0.0002,-0.0198,65.1763,0.0161,-0.0033,0.0053,0.6863,0.4670,1.0766,sell
2025-02-04,135.3307,12804900,137.7922,139.3484,134.8685,-0.0451,-0.0450,-0.0341,-0.0417,-0.0626,47.1192,0.0218,-0.0068,0.0018,0.1488,0.7794,1.8129,buy
2025-02-05,137.3773,9248100,135.2364,137.4999,134.5856,0.0151,-0.0313,-0.0164,-0.0257,-0.0469,51.6094,0.0226,-0.0080,0.0003,0.3295,-0.2778,1.3114,hold
2025-02-06,137.0849,5604900,137.9432,138.5468,135.7740,-0.0021,-0.0431,-0.0220,-0.0256,-0.0473,47.7019,0.0225,-0.0091,-0.0006,0.3047,-0.3939,0.8054,hold
2025-02-07,136.3587,5872300,136.7642,136.8963,135.7173,-0.0053,-0.0405,-0.0304,-0.0278,-0.0503,42.6453,0.0225,-0.0104,-0.0015,0.2558,0.0477,0.8495,hold
2025-02-10,136.1418,8715400,136.1418,136.3021,134.8780,-0.0016,-0.0394,-0.0664,-0.0226,-0.0497,41.5595,0.0177,-0.0113,-0.0019,0.2199,0.4842,1.2692,buy
2025-02-11,137.3584,6354000,136.1606,137.4339,135.2458,0.0089,0.0150,-0.0307,-0.0108,-0.0392,45.2353,0.0166,-0.0111,-0.0014,0.3184,-0.2709,0.9372,sell
2025-02-12,135.8022,6658200,135.8494,136.5473,134.8968,-0.0113,-0.0115,-0.0424,-0.0177,-0.0479,41.3717,0.0167,-0.0120,-0.0017,0.1897,0.0479,0.9845,hold
2025-02-13,136.3587,7175300,136.0286,136.6982,135.4344,0.0041,-0.0053,-0.0482,-0.0088,-0.0418,41.5676,0.0162,-0.0120,-0.0014,0.2400,0.0777,1.0607,sell
2025-02-14,135.2363,5001800,136.4436,137.8583,135.1798,-0.0082,-0.0082,-0.0484,-0.0120,-0.0474,25.1989,0.0162,-0.0127,-0.0016,0.1708,-0.3029,0.7398,buy
2025-02-18,135.9060,8738700,134.7742,135.9531,133.5481,0.0050,-0.0017,-0.0411,-0.0029,-0.0406,33.7902,0.0165,-0.0126,-0.0013,0.2497,0.7471,1.2793,buy
2025-02-19,137.5187,5777300,136.0286,137.6319,135.9531,0.0119,0.0012,0.0162,0.0074,-0.0276,38.9105,0.0088,-0.0113,-0.0001,0.3908,-0.3389,0.8563,buy
2025-02-20,140.6217,6789800,136.8586,140.7066,136.7548,0.0226,0.0355,0.0236,0.0276,-0.0043,43.7277,0.0102,-0.0083,0.0021,0.6367,0.1753,0.9998,buy
2025-02-21,144.7715,10604400,141.4611,145.7618,140.4330,0.0295,0.0617,0.0561,0.0521,0.0257,55.5077,0.0132,-0.0036,0.0052,0.9169,0.5618,1.4970,hold
2025-02-24,145.1016,7187000,143.6774,147.4311,143.4699,0.0023,0.0729,0.0641,0.0478,0.0288,57.0361,0.0127,0.0002,0.0072,0.8963,-0.3223,0.9958,buy
2025-02-25,147.5254,9474600,145.9881,149.4494,145.2430,0.0167,0.0855,0.0836,0.0566,0.0465,80.4522,0.0127,0.0043,0.0090,1.0321,0.3183,1.3159,sell
2025-02-26,142.8946,9076500,146.7238,146.7615,142.5457,-0.0314,0.0391,0.0403,0.0194,0.0143,62.2027,0.0178,0.0052,0.0080,0.7201,-0.0420,1.2372,hold
2025-02-27,143.3756,6731000,142.3193,144.0075,141.4045,0.0034,0.0196,0.0558,0.0173,0.0187,63.7980,0.0170,0.0060,0.0070,0.7423,-0.2584,0.9060,buy
2025-02-28,144.7432,8455500,144.9601,146.2805,143.6869,0.0095,-0.0002,0.0615,0.0210,0.0290,67.8873,0.0170,0.0072,0.0066,0.8182,0.2562,1.1099,buy
2025-03-03,147.1199,8321700,142.7437,147.2708,141.9421,0.0164,0.0139,0.0879,0.0291,0.0459,71.4443,0.0165,0.0093,0.0070,0.9193,-0.0158,1.0683,sell
2025-03-04,145.4222,10274200,148.3931,151.0433,145.2053,-0.0115,-0.0143,0.0700,0.0105,0.0341,65.4611,0.0177,0.0101,0.0062,0.7987,0.2346,1.2934,hold
2025-03-05,145.1298,5578700,144.2338,146.5068,144.0452,-0.0020,0.0156,0.0553,0.0032,0.0321,68.7950,0.0178,0.0104,0.0052,0.7555,-0.4570,0.7358,hold
2025-03-06,145.8183,8421000,145.4034,146.1579,143.8566,0.0047,0.0170,0.0370,0.0043,0.0366,68.9602,0.0168,0.0109,0.0045,0.7658,0.5095,1.1168,buy
2025-03-07,146.9458,8997700,145.8136,149.9430,145.3569,0.0077,0.0152,0.0150,0.0106,0.0442,73.4647,0.0143,0.0116,0.0043,0.7953,0.0685,1.1670,buy
2025-03-10,148.6680,11156900,148.3160,152.3122,147.8307,0.0117,0.0105,0.0246,0.0199,0.0555,74.5388,0.0146,0.0130,0.0045,0.8480,0.2400,1.3991,sell
2025-03-11,144.9382,7981600,148.2303,148.4777,144.4435,-0.0251,-0.0033,-0.0175,-0.0039,0.0289,63.1922,0.0160,0.0123,0.0029,0.6314,-0.2846,1.0055,sell
2025-03-12,140.9801,8330200,140.3807,142.2741,139.4006,-0.0273,-0.0286,-0.0134,-0.0298,0.0012,50.6184,0.0152,0.0094,-0.0002,0.3991,0.0437,1.0365,hold
2025-03-13,141.1418,5351100,141.1704,143.1780,140.8754,0.0011,-0.0321,-0.0156,-0.0272,0.0028,42.7373,0.0152,0.0069,-0.0022,0.3854,-0.3576,0.6713,hold
2025-03-14,141.3797,5277500,139.9906,141.9220,139.9430,0.0017,-0.0379,-0.0232,-0.0233,0.0047,42.5251,0.0147,0.0049,-0.0033,0.3759,-0.0138,0.6700,buy
2025-03-17,143.9963,5449500,141.9886,144.3103,141.8935,0.0185,-0.0314,-0.0212,-0.0031,0.0232,42.9665,0.0150,0.0047,-0.0026,0.5225,0.0326,0.6899,sell
2025-03-18,141.7603,8158600,142.7213,143.9582,141.5319,-0.0155,-0.0219,-0.0252,-0.0161,0.0073,47.5008,0.0154,0.0034,-0.0032,0.2991,0.4971,1.0367,sell
2025-03-19,140.9230,6080100,140.9706,141.6556,139.6670,-0.0059,-0.0004,-0.0290,-0.0190,0.0014,44.6797,0.0154,0.0019,-0.0039,0.1688,-0.2548,0.7711,sell
2025-03-20,140.0096,4536400,140.3997,140.8849,139.5243,-0.0065,-0.0080,-0.0398,-0.0214,-0.0054,39.5254,0.0152,0.0001,-0.0046,0.0870,-0.2539,0.5837,sell
2025-03-21,138.3921,11574800,139.8669,140.5329,137.7260,-0.0116,-0.0211,-0.0582,-0.0269,-0.0170,30.0156,0.0148,-0.0023,-0.0056,0.0157,1.5515,1.4800,buy
2025-03-24,139.3436,5968900,138.4301,139.6005,137.8022,0.0069,-0.0323,-0.0627,-0.0138,-0.0104,35.5889,0.0142,-0.0035,-0.0055,0.1457,-0.4843,0.7692,sell
2025-03-25,138.4777,4763300,139.0581,139.2008,137.8022,-0.0062,-0.0232,-0.0446,-0.0154,-0.0171,34.6469,0.0126,-0.0050,-0.0056,0.1169,-0.2020,0.6331,buy
2025-03-26,141.4273,5882200,138.9154,142.0838,138.6775,0.0213,0.0036,0.0032,0.0053,0.0031,40.8232,0.0122,-0.0043,-0.0039,0.3699,0.2349,0.7987,buy
2025-03-27,142.4073,5397500,142.3312,143.1114,141.8554,0.0069,0.0171,0.0090,0.0113,0.0092,40.4562,0.0124,-0.0032,-0.0022,0.4550,-0.0824,0.7396,hold
2025-03-28,142.0267,8550900,143.1399,144.0343,139.9715,-0.0027,0.0263,0.0046,0.0082,0.0057,35.1993,0.0124,-0.0026,-0.0013,0.4343,0.5842,1.1709,buy
2025-03-31,142.6642,9985700,142.9116,145.1856,142.4834,0.0045,0.0238,-0.0093,0.0136,0.0096,44.1220,0.0108,-0.0017,-0.0003,0.5063,0.1678,1.3520,hold
2025-04-01,142.4073,6072800,143.1875,143.4730,141.4558,-0.0018,0.0284,0.0046,0.0114,0.0074,54.5620,0.0096,-0.0011,0.0002,0.4969,-0.3919,0.8463,sell
2025-04-02,141.8840,5866200,142.9401,143.1970,140.8849,-0.0037,0.0032,0.0068,0.0070,0.0035,52.3186,0.0094,-0.0009,0.0003,0.4630,-0.0340,0.8159,buy
2025-04-03,144.0248,8216200,144.3293,146.5748,143.5396,0.0151,0.0114,0.0287,0.0192,0.0180,57.3858,0.0101,0.0004,0.0013,0.6782,0.4006,1.1443,sell
2025-04-04,139.4958,12911400,145.5662,147.4026,139.3341,-0.0314,-0.0178,0.0080,-0.0136,-0.0139,38.6463,0.0143,-0.0011,-0.0001,0.2562,0.5715,1.7506,sell
2025-04-07,136.2418,14423200,134.4625,139.0106,133.8440,-0.0233,-0.0450,-0.0223,-0.0345,-0.0363,36.7581,0.0160,-0.0042,-0.0026,-0.0885,0.1171,1.9132,sell
2025-04-08,133.4920,9488900,136.9649,138.3445,132.3978,-0.0202,-0.0626,-0.0360,-0.0506,-0.0541,33.6680,0.0170,-0.0084,-0.0054,-0.2009,-0.3421,1.2462,buy
2025-04-09,138.5253,14067000,133.4444,138.8678,131.6176,0.0377,-0.0237,-0.0205,-0.0128,-0.0180,47.2380,0.0201,-0.0082,-0.0042,0.3089,0.4825,1.7804,sell
2025-04-10,137.1456,10980300,138.3635,140.0001,135.9848,-0.0100,-0.0478,-0.0369,-0.0189,-0.0272,47.6599,0.0200,-0.0090,-0.0040,0.2062,-0.2194,1.3419,hold
2025-04-11,137.4216,8563300,138.1066,138.2398,135.2237,0.0020,-0.0149,-0.0324,-0.0137,-0.0244,46.2977,0.0201,-0.0094,-0.0035,0.2559,-0.2201,1.0259,buy
2025-04-14,139.6290,5393800,137.1647,140.0381,136.5367,0.0161,0.0249,-0.0213,0.0043,-0.0084,52.1088,0.0209,-0.0081,-0.0019,0.4753,-0.3701,0.6464,sell
2025-04-15,135.9087,5459600,138.7631,138.8964,135.7089,-0.0266,0.0181,-0.0456,-0.0178,-0.0340,40.1695,0.0223,-0.0095,-0.0025,0.1583,0.0122,0.6651,sell
2025-04-16,133.2922,7878600,137.1171,137.3930,132.9877,-0.0193,-0.0378,-0.0606,-0.0307,-0.0523,34.6573,0.0228,-0.0121,-0.0040,0.0097,0.4431,0.9493,buy
2025-04-17,135.9087,6131400,133.5300,136.6033,133.2731,0.0196,-0.0090,-0.0564,-0.0058,-0.0335,40.4230,0.0233,-0.0121,-0.0033,0.2501,-0.2218,0.7318,sell
2025-04-21,134.8526,7412800,135.5852,135.8992,133.7489,-0.0078,-0.0187,-0.0333,-0.0102,-0.0407,37.9300,0.0215,-0.0128,-0.0031,0.1926,0.2090,0.9072,buy
2025-04-22,136.4986,7144700,135.3759,137.2788,135.0619,0.0122,-0.0224,0.0019,0.0017,-0.0290,41.2462,0.0207,-0.0120,-0.0020,0.3329,-0.0362,0.8682,sell
2025-04-23,135.3569,7760000,136.3179,137.0219,134.0153,-0.0084,-0.0041,0.0140,-0.0080,-0.0371,40.5039,0.0197,-0.0122,-0.0016,0.2636,0.0861,0.9261,sell
2025-04-24,128.7441,15577300,134.5862,134.9668,128.0020,-0.0489,-0.0341,-0.0706,-0.0497,-0.0830,30.3283,0.0211,-0.0168,-0.0046,-0.0823,1.0074,1.7574,sell
2025-04-25,126.9078,11544700,128.8964,129.0296,125.4045,-0.0143,-0.0662,-0.0746,-0.0561,-0.0949,32.5875,0.0212,-0.0212,-0.0070,-0.0696,-0.2589,1.2588,hold
2025-04-28,127.2693,8498600,127.4025,128.8392,126.6413,0.0028,-0.0562,-0.0739,-0.0462,-0.0912,36.5092,0.0212,-0.0239,-0.0078,0.0286,-0.2639,0.9269,hold
2025-04-29,127.7926,7010700,126.0514,127.9354,125.1380,0.0041,-0.0638,-0.0848,-0.0337,-0.0864,40.8157,0.0200,-0.0253,-0.0075,0.1044,-0.1751,0.7772,buy
2025-04-30,129.0010,7923500,129.0486,129.5719,126.6414,0.0095,-0.0470,-0.0508,-0.0195,-0.0769,32.4939,0.0197,-0.0253,-0.0061,0.1956,0.1302,0.8695,sell
2025-05-01,127.0695,6807000,127.9449,128.2684,126.7746,-0.0150,-0.0130,-0.0467,-0.0296,-0.0894,31.8478,0.0194,-0.0267,-0.0058,0.1363,-0.1409,0.7432,hold
2025-05-02,127.2598,7169700,127.6404,127.8783,126.6889,0.0015,0.0028,-0.0636,-0.0216,-0.0862,31.6369,0.0176,-0.0271,-0.0049,0.1654,0.0533,0.7872,sell
2025-05-05,125.5852,8972200,127.5357,127.5357,125.3093,-0.0132,-0.0132,-0.0687,-0.0276,-0.0958,24.1234,0.0178,-0.0285,-0.0049,0.1186,0.2514,1.0069,sell
2025-05-06,124.3959,6889900,125.4996,125.4996,123.8440,-0.0095,-0.0266,-0.0887,-0.0277,-0.1017,26.6048,0.0164,-0.0301,-0.0049,0.1092,-0.2321,0.8074,buy
2025-05-07,125.5186,6313200,124.5957,126.2322,123.9487,0.0090,-0.0270,-0.0727,-0.0113,-0.0907,33.1823,0.0174,-0.0298,-0.0039,0.1986,-0.0837,0.7538,hold
2025-05-08,125.0524,6392400,125.4901,126.5272,124.8906,-0.0037,-0.0159,-0.0287,-0.0121,-0.0917,24.1034,0.0095,-0.0298,-0.0030,0.2053,0.0125,0.7999,sell
2025-05-09,124.1104,4770500,124.7860,125.2617,123.8630,-0.0075,-0.0247,-0.0220,-0.0174,-0.0960,24.2355,0.0089,-0.0302,-0.0026,0.1917,-0.2537,0.6211,buy
2025-05-12,125.2903,8392700,124.4910,125.9087,123.7489,0.0095,-0.0023,-0.0156,-0.0065,-0.0848,22.5022,0.0095,-0.0290,-0.0013,0.2722,0.7593,1.0939,sell
2025-05-13,123.9867,8650200,124.8050,125.2522,123.4539,-0.0104,-0.0033,-0.0298,-0.0138,-0.0913,22.3250,0.0097,-0.0290,-0.0009,0.2217,0.0307,1.1040,sell
2025-05-14,122.2170,10463000,123.7584,123.8535,121.6652,-0.0143,-0.0263,-0.0526,-0.0226,-0.1012,29.2120,0.0092,-0.0301,-0.0012,0.1562,0.2096,1.2941,buy
2025-05-15,125.1190,9165100,122.9211,125.1666,122.5595,0.0237,0.0005,-0.0154,0.0021,-0.0771,44.6651,0.0123,-0.0277,0.0004,0.3392,-0.1240,1.1246,hold
2025-05-16,125.5757,8896400,125.6804,125.8421,124.3102,0.0037,0.0118,-0.0132,0.0071,-0.0710,44.9775,0.0124,-0.0256,0.0019,0.3846,-0.0293,1.0734,hold
2025-05-19,125.3949,9406200,125.7184,125.8421,124.7479,-0.0014,0.0008,-0.0015,0.0058,-0.0693,42.7419,0.0117,-0.0240,0.0029,0.3922,0.0573,1.1215,hold
2025-05-20,125.4044,7624200,125.3569,125.7565,124.9763,0.0001,0.0114,0.0081,0.0051,-0.0660,38.2608,0.0112,-0.0224,0.0036,0.4120,-0.1894,0.9064,sell
2025-05-21,123.8345,9243700,125.4044,125.4996,123.7489,-0.0125,0.0132,-0.0134,-0.0061,-0.0748,39.1857,0.0115,-0.0221,0.0033,0.2187,0.2124,1.0893,hold
2025-05-22,123.8060,7140200,123.7108,124.3578,122.5691,-0.0002,-0.0105,-0.0100,-0.0054,-0.0727,38.3279,0.0115,-0.0215,0.0032,0.2356,-0.2276,0.8855,sell
2025-05-23,123.0638,8122500,123.2731,123.4634,121.5510,-0.0060,-0.0200,-0.0084,-0.0105,-0.0757,40.9059,0.0114,-0.0214,0.0028,0.1625,0.1376,1.0291,buy
2025-05-27,124.9953,13974800,123.7679,125.0809,122.8640,0.0157,-0.0032,-0.0024,0.0053,-0.0589,52.0521,0.0122,-0.0193,0.0035,0.4648,0.7205,1.7113,sell
2025-05-28,124.3293,9431500,124.9192,125.7755,124.1390,-0.0053,-0.0086,0.0028,-0.0004,-0.0611,45.7969,0.0118,-0.0183,0.0037,0.3810,-0.3251,1.1380,buy
2025-05-29,125.5186,6656900,124.5100,125.6613,123.9296,0.0096,0.0136,0.0270,0.0065,-0.0498,51.5675,0.0109,-0.0163,0.0044,0.6331,-0.2942,0.8094,sell
2025-05-30,125.0714,12992100,125.7375,126.2798,124.9192,-0.0036,0.0102,-0.0004,0.0030,-0.0509,53.3422,0.0081,-0.0150,0.0046,0.5675,0.9517,1.5225,sell
2025-06-02,124.5576,6723700,124.5481,124.6718,122.8069,-0.0041,0.0121,-0.0081,-0.0003,-0.0526,47.3284,0.0081,-0.0142,0.0044,0.4773,-0.4825,0.7900,buy
2025-06-03,125.4520,7339500,124.2912,125.7945,123.5110,0.0072,0.0037,0.0005,0.0068,-0.0439,55.5079,0.0084,-0.0127,0.0047,0.7231,0.0916,0.8707,hold
2025-06-04,125.3474,6519700,125.8231,126.2988,124.7384,-0.0008,0.0082,-0.0005,0.0060,-0.0427,63.4506,0.0084,-0.0115,0.0047,0.6793,-0.1117,0.7751,sell
2025-06-05,124.7479,9560800,124.8335,125.0334,123.8916,-0.0048,-0.0061,0.0074,0.0005,-0.0453,48.0122,0.0075,-0.0109,0.0043,0.5287,0.4664,1.1152,buy
2025-06-06,125.0779,7628200,125.2895,125.6935,124.4141,0.0026,0.0001,0.0103,0.0021,-0.0403,47.2964,0.0075,-0.0099,0.0042,0.6193,-0.2021,0.8834,hold
2025-06-09,125.0105,8453100,124.8855,125.6742,124.2602,-0.0005,0.0036,0.0158,-0.0000,-0.0383,47.8865,0.0071,-0.0092,0.0039,0.5889,0.1081,0.9585,buy
2025-06-10,126.8093,11852900,125.2414,127.0883,124.5296,0.0144,0.0108,0.0145,0.0129,-0.0221,56.4544,0.0068,-0.0072,0.0046,1.0047,0.4022,1.3181,sell
2025-06-11,124.9528,9168400,126.9151,126.9440,124.8470,-0.0146,-0.0031,0.0050,-0.0024,-0.0338,55.0060,0.0083,-0.0070,0.0040,0.5348,-0.2265,1.0167,buy
2025-06-12,127.2614,11444900,124.9432,127.2903,124.7701,0.0185,0.0201,0.0139,0.0146,-0.0137,62.8460,0.0097,-0.0051,0.0046,1.0833,0.2483,1.2622,sell
2025-06-13,125.8666,9581000,126.7420,127.9925,125.6165,-0.0110,0.0063,0.0064,0.0029,-0.0220,59.9375,0.0104,-0.0046,0.0042,0.6991,-0.1629,1.0542,buy
2025-06-16,126.4053,11183700,126.3091,127.0594,125.2702,0.0043,0.0112,0.0148,0.0057,-0.0152,55.5471,0.0103,-0.0037,0.0040,0.8162,0.1673,1.2153,sell
2025-06-17,124.3660,10235200,126.1648,126.6746,124.2121,-0.0161,-0.0193,-0.0087,-0.0097,-0.0288,50.1305,0.0115,-0.0043,0.0028,0.3197,-0.0848,1.1072,hold
2025-06-18,124.1544,8785800,124.6931,124.7412,123.6927,-0.0017,-0.0064,-0.0095,-0.0104,-0.0286,44.7952,0.0115,-0.0049,0.0018,0.2866,-0.1416,0.9445,hold
2025-06-20,124.1544,23001000,124.5969,125.4530,123.9909,0.0000,-0.0244,-0.0048,-0.0100,-0.0272,46.3777,0.0114,-0.0053,0.0011,0.2790,1.6180,2.3024,hold
2025-06-23,124.1737,12840400,124.3660,124.5680,122.9520,0.0002,-0.0135,-0.0072,-0.0091,-0.0248,48.4215,0.0114,-0.0055,0.0007,0.2746,-0.4417,1.2497,buy
2025-06-24,126.0590,9226800,124.2218,126.2129,124.1352,0.0152,-0.0027,0.0084,0.0051,-0.0083,52.3073,0.0124,-0.0043,0.0014,0.7362,-0.2814,0.8932,sell
2025-06-25,123.1444,10922600,125.2991,125.6165,122.7693,-0.0231,-0.0098,-0.0289,-0.0153,-0.0290,43.1003,0.0135,-0.0054,0.0004,0.0080,0.1838,1.0732,hold
2025-06-26,123.3368,11538100,122.8462,124.2410,122.7404,0.0016,-0.0066,-0.0129,-0.0125,-0.0250,45.4647,0.0129,-0.0059,-0.0001,0.0939,0.0564,1.1221,buy
2025-06-27,126.0494,26536500,123.4041,126.3380,123.2310,0.0220,0.0153,-0.0095,0.0102,-0.0020,52.7078,0.0135,-0.0045,0.0010,0.7183,1.2999,2.3532,buy
2025-06-30,127.0113,11402400,126.2033,127.3191,125.6165,0.0076,0.0229,0.0091,0.0170,0.0066,55.3115,0.0133,-0.0027,0.0021,0.8883,-0.5703,1.0183,buy
2025-07-01,130.1087,12846700,127.5404,131.1956,127.4249,0.0244,0.0321,0.0293,0.0387,0.0321,58.1940,0.0152,0.0006,0.0043,1.2282,0.1267,1.1168,buy
2025-07-02,131.2822,9388700,130.0991,131.7824,129.7432,0.0090,0.0661,0.0556,0.0424,0.0420,66.2710,0.0137,0.0038,0.0059,1.1715,-0.2692,0.8090,sell
2025-07-03,130.2241,4941400,131.4938,131.6189,130.0894,-0.0081,0.0558,0.0489,0.0290,0.0346,58.1395,0.0142,0.0057,0.0063,0.9624,-0.4737,0.4287,sell
2025-07-07,129.3295,7773700,130.3684,130.5512,128.5888,-0.0069,0.0260,0.0417,0.0178,0.0285,59.7826,0.0146,0.0065,0.0057,0.8256,0.5732,0.6797,buy
2025-07-08,129.8970,7718300,128.3291,130.5031,128.2041,0.0044,0.0227,0.0461,0.0176,0.0328,59.8481,0.0145,0.0074,0.0053,0.8430,-0.0071,0.6746,hold
2025-07-09,129.3584,7762600,129.7624,130.2241,127.8963,-0.0041,-0.0058,0.0262,0.0108,0.0282,65.3824,0.0143,0.0078,0.0045,0.7614,0.0057,0.6805,buy
2025-07-10,130.8974,8869700,129.3103,131.4746,128.5408,0.0119,-0.0029,0.0630,0.0167,0.0398,69.2055,0.0112,0.0088,0.0044,0.8682,0.1426,0.7878,sell
2025-07-11,130.1087,7963600,129.7047,130.2337,128.7139,-0.0060,-0.0009,0.0549,0.0053,0.0331,66.2297,0.0118,0.0091,0.0038,0.7669,-0.1022,0.7112,hold
2025-07-14,130.4069,8480300,129.6181,130.7051,128.7620,0.0023,0.0083,0.0346,0.0042,0.0353,66.7356,0.0103,0.0094,0.0033,0.7704,0.0649,0.7675,sell
2025-07-15,128.7139,8933500,130.2722,130.3491,128.6562,-0.0130,-0.0091,0.0134,-0.0101,0.0216,57.2024,0.0113,0.0086,0.0019,0.6100,0.0534,0.8108,buy
2025-07-16,130.1953,10941600,128.8486,130.3491,128.6562,0.0115,0.0065,0.0007,0.0012,0.0328,70.7413,0.0089,0.0086,0.0016,0.7193,0.2248,0.9942,buy
2025-07-17,139.9010,26161000,136.3034,140.4012,136.2457,0.0745,0.0688,0.0657,0.0687,0.1073,81.2409,0.0253,0.0135,0.0056,1.2376,1.3910,2.2167,sell
2025-07-18,137.7848,13752800,140.6897,140.7763,137.4962,-0.0151,0.0590,0.0581,0.0465,0.0883,72.6429,0.0258,0.0167,0.0069,1.0073,-0.4743,1.1413,sell
2025-07-21,136.3034,9025600,137.6501,138.1214,135.1107,-0.0108,0.0452,0.0539,0.0298,0.0747,67.5764,0.0261,0.0182,0.0067,0.8746,-0.3437,0.7951,buy
2025-07-22,140.4781,8281500,135.8513,140.8244,135.8513,0.0306,0.0914,0.0815,0.0529,0.1050,68.8461,0.0272,0.0209,0.0077,1.0173,-0.0824,0.7445,hold
2025-07-23,140.1126,6166000,140.3050,141.4304,139.5643,-0.0026,0.0762,0.0831,0.0418,0.0993,66.5346,0.0272,0.0230,0.0078,0.9322,-0.2554,0.5621,hold
2025-07-24,139.0064,9749400,140.2665,140.8918,138.4966,-0.0079,-0.0064,0.0619,0.0274,0.0883,66.4150,0.0276,0.0239,0.0069,0.8459,0.5812,0.8935,hold
2025-07-25,137.9868,7021600,139.2950,139.3046,137.2653,-0.0073,0.0015,0.0606,0.0139,0.0780,66.1059,0.0277,0.0237,0.0053,0.7738,-0.2798,0.6571,sell
2025-07-28,136.1784,10639100,137.2653,137.6501,136.0726,-0.0131,-0.0009,0.0443,-0.0036,0.0615,61.1701,0.0283,0.0225,0.0030,0.6599,0.5152,1.0756,buy
2025-07-29,138.4100,6282900,136.1784,138.5062,135.7551,0.0164,-0.0147,0.0753,0.0056,0.0767,65.1823,0.0278,0.0219,0.0023,0.7573,-0.4095,0.6521,hold
2025-07-30,137.4192,9738400,138.2946,138.9006,136.8709,-0.0072,-0.0192,0.0555,-0.0068,0.0670,61.1440,0.0281,0.0211,0.0010,0.6820,0.5500,1.0273,sell
2025-07-31,132.6674,11689700,135.6108,136.1784,132.3980,-0.0346,-0.0456,-0.0517,-0.0361,0.0290,53.8506,0.0177,0.0180,-0.0022,0.4087,0.2004,1.2184,buy
2025-08-01,133.9756,7630500,133.8024,134.4854,133.0233,0.0099,-0.0291,-0.0276,-0.0239,0.0377,55.2121,0.0179,0.0154,-0.0037,0.4719,-0.3472,0.7843,hold
2025-08-04,134.2449,8384700,133.9852,134.9760,133.4658,0.0020,-0.0142,-0.0151,-0.0205,0.0381,58.4287,0.0177,0.0134,-0.0045,0.4722,0.0988,0.8591,hold
2025-08-05,134.1391,5535100,134.2834,135.0048,133.9563,-0.0008,-0.0309,-0.0451,-0.0167,0.0357,56.2730,0.0138,0.0117,-0.0050,0.4510,-0.3399,0.5736,buy
2025-08-06,135.4377,6747400,134.5720,136.1880,134.0525,0.0097,-0.0144,-0.0334,-0.0037,0.0437,40.3091,0.0145,0.0109,-0.0045,0.5147,0.2190,0.7029,buy
2025-08-07,138.4389,7674600,135.8609,138.8140,135.1299,0.0222,0.0435,-0.0041,0.0188,0.0646,51.3677,0.0164,0.0117,-0.0027,0.6945,0.1374,0.8045,buy
2025-08-08,139.6797,5315100,138.4389,139.8336,138.3234,0.0090,0.0426,0.0123,0.0266,0.0716,57.1313,0.0165,0.0130,-0.0010,0.7559,-0.3074,0.5650,hold
2025-08-11,139.3527,5773400,139.7855,140.0549,138.2753,-0.0023,0.0380,0.0233,0.0218,0.0668,47.1616,0.0157,0.0138,-0.0002,0.7127,0.0862,0.6227,buy
2025-08-12,141.2765,7668700,140.0068,141.4112,139.2084,0.0138,0.0532,0.0207,0.0338,0.0789,52.7215,0.0155,0.0152,0.0011,0.8510,0.3283,0.8327,buy
2025-08-13,143.6621,6147000,141.2957,143.8448,141.2573,0.0169,0.0607,0.0454,0.0464,0.0939,60.2716,0.0158,0.0172,0.0027,1.0210,-0.1984,0.6853,sell
2025-08-14,142.9599,6892500,143.3639,143.8063,142.4116,-0.0049,0.0327,0.0776,0.0336,0.0857,61.1278,0.0088,0.0186,0.0032,0.9156,0.1213,0.8609,buy
2025-08-15,144.6721,9162200,143.7006,145.3454,142.8348,0.0120,0.0357,0.0798,0.0379,0.0955,69.0877,0.0089,0.0200,0.0039,0.9740,0.3293,1.1782,sell
2025-08-18,143.8545,9901000,144.8164,144.8164,143.2485,-0.0057,0.0323,0.0716,0.0250,0.0861,63.0655,0.0098,0.0208,0.0036,0.8651,0.0806,1.2661,buy
2025-08-19,146.3651,8596900,144.2873,146.5190,144.1526,0.0175,0.0360,0.0911,0.0339,0.1016,70.0086,0.0099,0.0221,0.0042,0.9711,-0.1317,1.0971,sell
2025-08-20,144.9895,10023500,147.3751,148.7217,143.0272,-0.0094,0.0092,0.0705,0.0173,0.0879,82.4630,0.0114,0.0226,0.0036,0.8481,0.1659,1.2485,sell
2025-08-21,143.3062,8153600,144.5951,144.5951,142.9406,-0.0116,0.0024,0.0352,0.0021,0.0726,74.1052,0.0114,0.0219,0.0021,0.7279,-0.1866,1.0258,buy
2025-08-22,143.9410,5218000,143.9506,145.4224,143.4120,0.0044,-0.0051,0.0305,0.0035,0.0743,74.5852,0.0112,0.0211,0.0012,0.7421,-0.3600,0.6640,sell
2025-08-25,142.5559,6624300,142.7771,143.1523,141.9595,-0.0096,-0.0090,0.0230,-0.0084,0.0616,70.0412,0.0118,0.0198,-0.0003,0.6451,0.2695,0.8650,sell
2025-08-26,141.4016,11208100,141.8825,142.6040,140.2569,-0.0081,-0.0339,0.0009,-0.0165,0.0506,64.2988,0.0115,0.0179,-0.0019,0.5692,0.6920,1.4180,buy
2025-08-27,142.0172,8092900,141.4016,142.1615,140.7378,0.0044,-0.0205,-0.0114,-0.0111,0.0527,59.6875,0.0101,0.0163,-0.0027,0.5925,-0.2779,1.0346,sell
2025-08-28,141.3823,9265100,142.3250,142.4020,140.6609,-0.0045,-0.0134,-0.0110,-0.0144,0.0453,54.7657,0.0100,0.0147,-0.0035,0.5326,0.1448,1.2031,buy
2025-08-29,142.9887,7760700,141.4978,143.5370,141.2765,0.0114,-0.0066,-0.0116,-0.0020,0.0543,59.4975,0.0100,0.0139,-0.0033,0.6186,-0.1624,1.0069,buy
2025-09-02,144.5566,17348600,151.4440,151.7902,144.4893,0.0110,0.0140,0.0049,0.0084,0.0626,58.7302,0.0105,0.0140,-0.0024,0.7162,1.2354,2.1272,sell
2025-09-03,142.9791,11259200,144.2392,144.7298,141.5074,-0.0109,0.0112,-0.0231,-0.0002,0.0481,48.1006,0.0092,0.0133,-0.0026,0.5673,-0.3510,1.3338,sell
2025-09-04,141.2958,6342200,143.3446,143.7775,140.8725,-0.0118,-0.0051,-0.0255,-0.0094,0.0335,45.6114,0.0094,0.0117,-0.0035,0.3396,-0.4367,0.7531,buy
2025-09-05,142.1923,7186300,141.8135,143.6396,141.1141,0.0063,0.0057,-0.0078,-0.0024,0.0372,43.1662,0.0092,0.0106,-0.0036,0.4177,0.1331,0.8558,sell
2025-09-08,137.6465,11127600,141.5415,141.5415,136.3255,-0.0320,-0.0374,-0.0437,-0.0300,0.0019,35.8083,0.0132,0.0074,-0.0059,-0.1308,0.5484,1.2809,buy
2025-09-09,138.9966,5866400,137.1317,139.5114,137.0540,0.0098,-0.0385,-0.0250,-0.0180,0.0098,32.2117,0.0138,0.0052,-0.0063,0.0483,-0.4728,0.6749,hold
2025-09-10,138.5692,6015100,138.1516,139.0063,137.3648,-0.0031,-0.0308,-0.0200,-0.0191,0.0051,33.7571,0.0136,0.0033,-0.0066,0.0520,0.0253,0.6987,buy
2025-09-11,140.0942,6144400,138.7927,140.5993,138.4138,0.0110,-0.0085,-0.0135,-0.0069,0.0146,41.8083,0.0141,0.0026,-0.0058,0.2506,0.0215,0.7137,sell
2025-09-12,139.4143,5713700,139.9388,140.1137,138.8024,-0.0049,-0.0195,-0.0139,-0.0104,0.0085,38.4816,0.0142,0.0016,-0.0054,0.2060,-0.0701,0.6682,sell
2025-09-15,136.6072,7279600,139.2880,139.4143,136.5003,-0.0201,-0.0076,-0.0446,-0.0259,-0.0127,35.8848,0.0145,-0.0007,-0.0063,-0.0022,0.2741,0.8608,hold
2025-09-16,136.0147,9283500,136.6557,137.2580,135.8981,-0.0043,-0.0215,-0.0591,-0.0242,-0.0179,36.8677,0.0135,-0.0030,-0.0069,0.0246,0.2753,1.1018,buy
2025-09-17,137.1803,6092900,136.1506,137.9670,136.1312,0.0086,-0.0100,-0.0406,-0.0117,-0.0105,38.5163,0.0141,-0.0040,-0.0063,0.1553,-0.3437,0.7341,hold
2025-09-18,136.6946,6106600,136.6072,137.5688,136.3643,-0.0035,-0.0243,-0.0326,-0.0119,-0.0151,38.7912,0.0138,-0.0051,-0.0059,0.1457,0.0022,0.7535,buy
2025-09-19,137.6951,12365500,137.4037,138.0059,136.4323,0.0073,-0.0123,-0.0316,-0.0014,-0.0089,36.9646,0.0139,-0.0052,-0.0048,0.2638,1.0249,1.4871,sell
2025-09-22,136.9860,5797600,137.0346,137.4619,135.9273,-0.0051,0.0028,-0.0048,-0.0061,-0.0149,30.5343,0.0097,-0.0057,-0.0043,0.2237,-0.5311,0.6948,buy
2025-09-23,137.8310,6356500,136.9957,138.1516,135.9467,0.0062,0.0134,-0.0084,0.0009,-0.0099,36.2450,0.0093,-0.0055,-0.0033,0.3246,0.0964,0.7630,hold
2025-09-24,138.0933,5949100,137.7436,138.2584,136.9666,0.0019,0.0067,-0.0034,0.0031,-0.0094,40.7403,0.0093,-0.0052,-0.0023,0.3656,-0.0641,0.7374,sell
2025-09-25,135.9078,7101700,138.8995,139.3074,135.8495,-0.0158,-0.0058,-0.0299,-0.0097,-0.0258,33.0894,0.0095,-0.0062,-0.0026,0.1864,0.1937,0.8857,buy
2025-09-26,136.4129,6224700,135.9272,136.9471,135.8398,0.0037,-0.0093,-0.0215,-0.0039,-0.0217,45.7582,0.0097,-0.0065,-0.0024,0.2604,-0.1235,0.7913,hold
2025-09-29,136.1507,11930200,136.4129,136.6363,135.1308,-0.0019,-0.0061,-0.0033,-0.0054,-0.0234,39.4223,0.0074,-0.0069,-0.0022,0.2571,0.9166,1.4775,hold
2025-09-30,136.4129,7583400,136.1506,136.9860,135.8204,0.0019,-0.0103,0.0029,-0.0038,-0.0215,41.8859,0.0073,-0.0070,-0.0018,0.2909,-0.3644,0.9996,buy
2025-10-01,139.0355,5880800,136.7723,139.2589,136.4517,0.0192,0.0068,0.0135,0.0140,-0.0025,46.3200,0.0092,-0.0053,-0.0002,0.6516,-0.2245,0.8037,sell
2025-10-02,138.2293,4497300,137.8213,139.1423,137.3162,-0.0058,0.0171,0.0112,0.0069,-0.0080,45.9170,0.0093,-0.0045,0.0005,0.5662,-0.2353,0.6225,hold
2025-10-03,137.9088,5425700,138.1807,139.2492,137.7922,-0.0023,0.0110,0.0016,0.0045,-0.0102,55.4120,0.0091,-0.0040,0.0008,0.5649,0.2064,0.7602,sell
2025-10-06,135.6941,6750700,137.7048,137.7825,134.8976,-0.0161,-0.0034,-0.0094,-0.0107,-0.0257,48.8256,0.0104,-0.0050,-0.0000,0.1491,0.2442,0.9758,buy
2025-10-07,136.7529,6110300,136.3449,137.7728,135.6844,0.0078,0.0025,-0.0078,-0.0022,-0.0182,48.4218,0.0105,-0.0049,-0.0000,0.3731,-0.0949,0.8817,sell
2025-10-08,134.8588,8256700,136.7529,136.9374,134.7131,-0.0139,-0.0300,-0.0234,-0.0137,-0.0313,43.8596,0.0112,-0.0060,-0.0009,0.0606,0.3513,1.1724,buy
2025-10-09,140.5605,13706600,136.4323,140.5896,134.6160,0.0423,0.0169,0.0342,0.0245,0.0092,57.2912,0.0170,-0.0033,0.0013,1.1015,0.6601,1.8471,buy
2025-10-10,145.7765,17545200,141.4541,146.4953,140.8422,0.0371,0.0571,0.0686,0.0553,0.0447,68.1946,0.0201,0.0016,0.0049,1.3847,0.2801,2.1898,sell
2025-10-13,144.6206,7272000,144.3875,145.6793,143.1150,-0.0079,0.0658,0.0622,0.0405,0.0348,63.8746,0.0204,0.0048,0.0064,1.0964,-0.5855,0.9077,buy
2025-10-14,147.1946,8371100,144.4263,147.2723,144.2418,0.0178,0.0764,0.0790,0.0509,0.0513,66.9931,0.0207,0.0084,0.0080,1.1322,0.1511,1.0508,hold
2025-10-15,146.8255,6101100,146.9906,148.0202,144.8926,-0.0025,0.0887,0.0560,0.0425,0.0467,71.8678,0.0205,0.0111,0.0086,1.0040,-0.2712,0.7658,buy
2025-10-16,148.2922,8532900,148.0105,149.9532,147.9231,0.0100,0.0550,0.0728,0.0454,0.0553,72.9112,0.0201,0.0137,0.0090,0.9998,0.3986,1.0550,buy
2025-10-17,149.3024,6710100,149.3607,149.4967,147.3889,0.0068,0.0242,0.0826,0.0442,0.0608,74.6541,0.0198,0.0161,0.0091,0.9722,-0.2136,0.8597,hold
2025-10-20,149.2344,4810600,149.9920,149.9920,148.3408,-0.0005,0.0319,0.0998,0.0339,0.0589,74.2113,0.0183,0.0178,0.0087,0.9083,-0.2831,0.6203,hold
2025-10-21,148.7876,5614300,150.2640,150.7400,148.4573,-0.0030,0.0108,0.0880,0.0223,0.0543,70.0640,0.0187,0.0188,0.0077,0.8440,0.1671,0.7274,hold
2025-10-22,148.6419,6486000,148.7584,150.7302,148.3311,-0.0010,0.0124,0.1022,0.0117,0.0522,72.0213,0.0174,0.0193,0.0065,0.8030,0.1553,0.8374,sell
2025-10-23,147.1655,6091800,148.7779,149.0013,146.6992,-0.0099,-0.0076,0.0470,-0.0028,0.0412,68.6643,0.0141,0.0188,0.0047,0.7146,-0.0608,0.7916,hold
2025-10-24,147.2043,3580200,147.6803,148.0494,146.9324,0.0003,-0.0141,0.0098,-0.0035,0.0409,75.4401,0.0084,0.0180,0.0032,0.6952,-0.4123,0.4734,buy
2025-10-27,148.2534,4744600,146.6798,148.4865,146.6312,0.0071,-0.0066,0.0251,0.0011,0.0477,75.4295,0.0079,0.0177,0.0024,0.7204,0.3252,0.6586,sell
2025-10-28,145.8153,5626500,147.0683,148.8167,145.6210,-0.0164,-0.0200,-0.0094,-0.0144,0.0302,73.6576,0.0080,0.0163,0.0006,0.5886,0.1859,0.7918,sell
2025-10-29,141.9689,7767600,143.8047,144.3972,139.5503,-0.0264,-0.0449,-0.0331,-0.0373,0.0037,53.3060,0.0114,0.0130,-0.0025,0.3905,0.3805,1.0788,buy
2025-10-30,143.3190,5752700,142.1437,143.8435,142.0563,0.0095,-0.0261,-0.0335,-0.0248,0.0135,42.9526,0.0113,0.0106,-0.0038,0.4432,-0.2594,0.7921,sell
2025-10-31,141.9009,6313600,142.0077,142.7848,141.1336,-0.0099,-0.0360,-0.0496,-0.0296,0.0036,42.3161,0.0109,0.0080,-0.0053,0.3525,0.0975,0.8640,sell
2025-11-03,139.4823,8331500,141.6775,141.7260,139.1423,-0.0170,-0.0592,-0.0653,-0.0397,-0.0129,28.0177,0.0113,0.0045,-0.0072,0.1888,0.3196,1.1280,sell
2025-11-04,138.8024,8302900,140.5508,140.7742,137.9865,-0.0049,-0.0481,-0.0671,-0.0378,-0.0171,27.5300,0.0113,0.0012,-0.0084,0.1270,-0.0034,1.1077,hold
2025-11-05,138.7635,7136400,138.8024,139.1715,137.5202,-0.0003,-0.0226,-0.0665,-0.0314,-0.0170,20.9936,0.0113,-0.0014,-0.0089,0.0666,-0.1405,0.9592,sell
2025-11-06,137.5202,6449400,138.3264,139.1035,137.2482,-0.0090,-0.0405,-0.0655,-0.0336,-0.0252,14.6356,0.0113,-0.0042,-0.0094,0.0248,-0.0963,0.9113,buy
2025-11-07,138.8509,7592300,138.8315,139.9194,137.5882,0.0097,-0.0215,-0.0567,-0.0185,-0.0154,21.0298,0.0123,-0.0056,-0.0085,0.1520,0.1772,1.1540,hold
2025-11-10,138.5304,6617500,138.4041,138.9189,137.2094,-0.0023,-0.0068,-0.0656,-0.0140,-0.0171,21.1791,0.0115,-0.0067,-0.0078,0.1685,-0.1284,1.0108,buy
2025-11-11,140.9199,7683600,139.1715,141.5804,138.5887,0.0172,0.0153,-0.0336,0.0065,0.0004,30.7320,0.0132,-0.0061,-0.0057,0.3243,0.1611,1.1799,sell
2025-11-12,140.2496,5790100,140.4148,141.3278,139.9291,-0.0048,0.0107,-0.0121,0.0030,-0.0040,32.0203,0.0105,-0.0060,-0.0045,0.3056,-0.2464,0.8912,buy
2025-11-13,140.8616,6663300,139.9680,142.1923,139.5309,0.0044,0.0243,-0.0171,0.0091,0.0004,33.9873,0.0100,-0.0055,-0.0032,0.3586,0.1508,1.0406,buy
2025-11-14,141.6678,5770500,141.7066,142.6294,139.8028,0.0057,0.0203,-0.0016,0.0151,0.0062,33.1679,0.0098,-0.0046,-0.0018,0.4240,-0.1340,0.9078,buy
2025-11-17,143.5910,7320200,141.9300,143.8630,141.0558,0.0136,0.0365,0.0295,0.0258,0.0190,44.1612,0.0086,-0.0027,0.0000,0.5649,0.2686,1.1294,buy
2025-11-18,144.5040,10821500,144.0475,145.5336,143.2219,0.0064,0.0254,0.0411,0.0282,0.0247,57.8661,0.0082,-0.0008,0.0016,0.6500,0.4783,1.6051,sell
2025-11-19,142.8916,8123200,144.0475,144.5332,142.4837,-0.0112,0.0188,0.0297,0.0137,0.0126,48.6951,0.0095,-0.0001,0.0018,0.5610,-0.2493,1.1904,sell
2025-11-20,141.9106,6878900,142.3963,142.8625,140.7450,-0.0069,0.0074,0.0319,0.0036,0.0054,50.0305,0.0092,-0.0002,0.0014,0.5051,-0.1532,1.0023,hold
2025-11-21,142.1340,7911800,142.0854,144.6692,141.7940,0.0016,0.0033,0.0236,0.0029,0.0066,59.6466,0.0089,-0.0001,0.0012,0.5501,0.1502,1.1175,sell
2025-11-24,141.3278,9391400,141.6483,142.1437,140.6090,-0.0057,-0.0158,0.0202,-0.0048,0.0002,59.1036,0.0092,-0.0004,0.0007,0.5089,0.1870,1.2843,buy
2025-11-25,141.9203,8954000,141.7455,142.9014,141.3958,0.0042,-0.0179,0.0071,-0.0013,0.0036,60.9428,0.0076,-0.0004,0.0006,0.6137,-0.0466,1.1973,buy
2025-11-26,143.7367,5180600,142.1243,144.2126,142.0369,0.0128,0.0059,0.0249,0.0090,0.0155,70.7254,0.0082,0.0007,0.0013,0.8264,-0.4214,0.7049,buy
2025-11-28,144.4749,2969300,143.0082,144.5526,143.0082,0.0051,0.0181,0.0257,0.0116,0.0196,69.5212,0.0082,0.0019,0.0020,0.8958,-0.4268,0.4118,buy
2025-12-01,145.2228,7623300,144.3681,145.5239,144.2515,0.0052,0.0217,0.0251,0.0143,0.0238,72.5606,0.0082,0.0032,0.0027,0.9280,1.5674,1.0478,sell
2025-12-02,144.3486,6830300,145.1743,145.2228,142.3283,-0.0060,0.0214,0.0053,0.0077,0.0166,62.8738,0.0076,0.0038,0.0026,0.7976,-0.1040,0.9486,sell
2025-12-03,143.8144,5109200,144.4263,146.3787,143.6687,-0.0037,0.0133,-0.0048,0.0044,0.0119,63.5225,0.0074,0.0039,0.0021,0.7169,-0.2520,0.7257,sell
2025-12-04,142.6974,6803000,143.5133,143.9990,141.9398,-0.0078,-0.0072,-0.0014,-0.0032,0.0034,56.7069,0.0069,0.0033,0.0012,0.5748,0.3315,0.9685,sell
2025-12-05,142.2393,5971300,142.8278,143.0044,141.7391,-0.0032,-0.0155,0.0023,-0.0067,-0.0007,52.1426,0.0066,0.0025,0.0004,0.4925,-0.1223,0.8530,buy
2025-12-08,142.8376,6327400,142.2295,143.7498,141.4351,0.0042,-0.0164,0.0050,-0.0030,0.0026,46.8644,0.0067,0.0022,0.0001,0.5517,0.0596,0.9121,sell
2025-12-09,141.8666,10035200,143.5438,144.7306,141.1506,-0.0068,-0.0172,0.0038,-0.0101,-0.0050,39.0752,0.0068,0.0014,-0.0006,0.3569,0.5860,1.4118,buy
2025-12-10,146.8296,18526400,144.9366,146.9081,144.1814,0.0350,0.0210,0.0346,0.0210,0.0283,62.7678,0.0129,0.0035,0.0012,1.1018,0.8461,2.4217,sell
2025-12-11,146.1823,7854000,147.2710,147.9968,145.2897,-0.0044,0.0244,0.0170,0.0148,0.0228,64.1559,0.0127,0.0047,0.0020,0.9492,-0.5761,1.0130,buy
2025-12-12,147.7614,8143100,146.8786,147.7810,145.8880,0.0108,0.0388,0.0227,0.0234,0.0324,67.1112,0.0130,0.0064,0.0030,1.0728,0.0368,1.0404,hold
2025-12-15,148.3205,8409600,148.0458,148.7913,147.3985,0.0038,0.0384,0.0213,0.0251,0.0348,71.5870,0.0130,0.0080,0.0036,1.0379,0.0327,1.0566,sell
2025-12-16,147.4868,7520300,149.0757,149.4288,147.1141,-0.0056,0.0396,0.0217,0.0171,0.0273,66.9320,0.0129,0.0088,0.0035,0.8843,-0.1057,0.9437,hold
2025-12-17,147.2023,8067100,147.4966,148.3401,146.6138,-0.0019,0.0025,0.0236,0.0128,0.0238,61.6252,0.0129,0.0091,0.0031,0.8209,0.0727,1.0301,sell
2025-12-18,146.5059,6643200,146.9277,147.4867,146.3882,-0.0047,0.0022,0.0267,0.0054,0.0174,56.8321,0.0126,0.0089,0.0023,0.7224,-0.1765,0.8564,sell
2025-12-19,145.3191,17543500,146.2901,147.0160,145.0641,-0.0081,-0.0165,0.0217,-0.0049,0.0084,50.3147,0.0130,0.0080,0.0011,0.5787,1.6408,2.1160,sell
2025-12-22,144.2304,8818700,144.7012,146.1234,143.6027,-0.0075,-0.0276,0.0098,-0.0133,0.0011,49.6191,0.0133,0.0066,-0.0003,0.4442,-0.4973,1.0579,sell
2025-12-23,140.9250,7254800,144.3677,144.3677,140.8073,-0.0229,-0.0445,-0.0066,-0.0353,-0.0213,42.1006,0.0152,0.0037,-0.0027,0.0734,-0.1773,0.8816,hold
2025-12-24,140.9839,2618700,141.0329,141.2291,140.2090,0.0004,-0.0422,-0.0398,-0.0310,-0.0201,45.0276,0.0088,0.0013,-0.0041,0.0982,-0.6390,0.3310,hold
2025-12-26,141.0231,4975500,140.8073,141.1800,140.3463,0.0003,-0.0374,-0.0353,-0.0273,-0.0190,46.3827,0.0089,-0.0007,-0.0048,0.1386,0.9000,0.6296,buy
2025-12-29,141.4743,7201900,140.9839,142.2688,140.8466,0.0032,-0.0265,-0.0425,-0.0199,-0.0149,45.9093,0.0078,-0.0019,-0.0048,0.2121,0.4475,0.8876,hold
2025-12-30,141.3958,4713800,141.2095,142.4845,141.1604,-0.0006,-0.0197,-0.0467,-0.0157,-0.0144,48.5075,0.0074,-0.0029,-0.0046,0.2314,-0.3455,0.5916,sell
2025-12-31,140.7681,4380300,141.0722,141.2683,140.4150,-0.0044,-0.0011,-0.0456,-0.0155,-0.0176,23.4992,0.0074,-0.0040,-0.0046,0.2006,-0.0707,0.5583,sell
2026-01-02,139.5028,7182100,140.4738,140.6602,139.3753,-0.0090,-0.0105,-0.0523,-0.0191,-0.0252,22.2946,0.0074,-0.0055,-0.0050,0.1283,0.6396,0.9035,sell
2026-01-05,137.2371,9031400,138.9438,139.0909,136.7271,-0.0162,-0.0268,-0.0633,-0.0287,-0.0395,8.6990,0.0082,-0.0081,-0.0060,0.0136,0.2575,1.1204,sell
2026-01-06,136.2955,9576500,137.0017,137.3744,135.9130,-0.0069,-0.0366,-0.0621,-0.0291,-0.0446,4.1853,0.0082,-0.0106,-0.0068,0.0195,0.0604,1.1620,sell
2026-01-07,134.3829,8539800,136.5506,137.1489,134.3339,-0.0140,-0.0496,-0.0683,-0.0360,-0.0563,3.8674,0.0085,-0.0137,-0.0078,-0.0119,-0.1083,1.0225,buy
2026-01-08,136.6977,8762800,133.9514,136.8056,133.4021,0.0172,-0.0289,-0.0300,-0.0164,-0.0385,17.6434,0.0096,-0.0142,-0.0068,0.1628,0.0261,1.0573,buy
2026-01-09,137.2273,6767600,136.7663,138.0904,136.0405,0.0039,-0.0163,-0.0266,-0.0099,-0.0336,21.1234,0.0098,-0.0143,-0.0055,0.2231,-0.2277,0.8789,buy
2026-01-12,138.6495,12223400,137.2273,138.7966,135.9032,0.0104,0.0103,-0.0168,0.0021,-0.0232,29.5427,0.0106,-0.0132,-0.0036,0.3244,0.8062,1.5436,buy
2026-01-13,140.7289,9030200,138.3945,140.8956,138.3356,0.0150,0.0325,-0.0053,0.0176,-0.0081,39.8752,0.0118,-0.0110,-0.0013,0.4637,-0.2612,1.1340,buy
2026-01-14,143.1221,8329500,140.3954,143.4948,140.3954,0.0170,0.0650,0.0122,0.0337,0.0086,56.7066,0.0130,-0.0078,0.0014,0.6380,-0.0776,1.0465,buy
2026-01-15,143.7596,5797800,143.2594,144.2010,142.7396,0.0045,0.0517,0.0213,0.0360,0.0124,58.1839,0.0129,-0.0050,0.0034,0.7072,-0.3039,0.7364,hold
2026-01-16,143.5144,10313500,144.3383,144.7208,142.7199,-0.0017,0.0458,0.0288,0.0313,0.0100,57.2572,0.0124,-0.0029,0.0044,0.7195,0.7789,1.2916,buy
2026-01-20,144.8287,9982800,143.4163,144.8287,141.5528,0.0092,0.0446,0.0553,0.0351,0.0184,59.3036,0.0105,-0.0005,0.0054,0.8431,-0.0321,1.2245,sell
2026-01-21,143.9264,7679600,144.2304,145.1720,142.1609,-0.0062,0.0227,0.0560,0.0230,0.0112,56.7118,0.0104,0.0009,0.0054,0.7845,-0.2307,1.0027,sell
2026-01-22,141.6312,8167400,143.8675,144.3089,141.4056,-0.0159,-0.0104,0.0539,0.0016,-0.0054,52.1032,0.0108,0.0007,0.0043,0.6071,0.0635,1.0709,hold
2026-01-23,141.8078,5870100,141.1016,142.0628,140.3169,0.0012,-0.0136,0.0374,-0.0008,-0.0046,55.9314,0.0100,0.0007,0.0034,0.6180,-0.2813,0.7768,buy
2026-01-26,143.0730,6589600,142.0236,143.1221,141.3762,0.0089,-0.0031,0.0426,0.0040,0.0040,65.8328,0.0101,0.0013,0.0032,0.7144,0.1226,0.8496,buy
2026-01-27,145.9272,7114900,142.9553,145.9665,142.5434,0.0199,0.0076,0.0525,0.0188,0.0232,73.6740,0.0112,0.0033,0.0041,0.9039,0.0797,0.9049,hold
2026-01-28,145.6526,5954100,145.5643,147.1631,144.9268,-0.0019,0.0120,0.0350,0.0134,0.0206,80.1258,0.0108,0.0047,0.0045,0.8463,-0.1632,0.7633,hold
2026-01-29,145.8390,9062300,145.9861,147.9674,145.5938,0.0013,0.0297,0.0190,0.0128,0.0213,77.5739,0.0097,0.0059,0.0045,0.8270,0.5220,1.1303,buy
2026-01-30,150.6842,12641300,146.1528,150.9393,145.7409,0.0332,0.0626,0.0482,0.0414,0.0542,82.2065,0.0139,0.0091,0.0062,1.0456,0.3949,1.4994,buy
2026-02-02,152.2241,14660500,151.1060,153.6169,150.2527,0.0102,0.0640,0.0607,0.0458,0.0638,82.3062,0.0138,0.0123,0.0075,1.0260,0.1597,1.6651,buy
2026-02-03,159.7275,19096400,153.5973,160.3061,152.5184,0.0493,0.0946,0.1029,0.0862,0.1136,85.9369,0.0195,0.0178,0.0106,1.1850,0.3026,2.0516,buy
2026-02-04,162.9936,13322900,161.7283,164.7199,161.0221,0.0204,0.1191,0.1325,0.0942,0.1331,86.3864,0.0188,0.0236,0.0132,1.1389,-0.3023,1.4031,buy
2026-02-05,164.3177,11038800,163.3173,164.7885,162.0814,0.0081,0.1267,0.1602,0.0866,0.1388,86.7203,0.0161,0.0285,0.0146,1.0693,-0.1714,1.1475,buy
2026-02-06,167.2210,10960400,164.2392,167.4760,164.0529,0.0177,0.1097,0.1792,0.0875,0.1548,88.6720,0.0153,0.0330,0.0154,1.0480,-0.0071,1.1264,sell
2026-02-09,163.2780,10316200,166.2499,166.6717,161.7774,-0.0236,0.0726,0.1412,0.0481,0.1242,77.7188,0.0199,0.0355,0.0140,0.8878,-0.0588,1.0412,hold
2026-02-10,163.7685,10352500,162.5719,164.2000,160.6004,0.0030,0.0253,0.1223,0.0393,0.1245,80.1850,0.0200,0.0365,0.0121,0.8587,0.0035,1.0549,buy
2026-02-11,165.9067,6733400,164.4354,167.0052,162.8367,0.0131,0.0179,0.1391,0.0395,0.1358,87.1065,0.0195,0.0376,0.0108,0.8696,-0.3496,0.6942,sell
2026-02-12,163.9940,9516300,166.5050,168.1920,163.8862,-0.0115,-0.0020,0.1245,0.0160,0.1199,82.2039,0.0207,0.0378,0.0086,0.7883,0.4133,0.9752,sell
2026-02-13,162.7582,9286100,163.9940,164.6610,161.8362,-0.0075,-0.0267,0.0801,0.0009,0.1086,78.5979,0.0201,0.0370,0.0060,0.7323,-0.0242,0.9349,sell
2026-02-17,158.8153,8749800,162.9348,164.3275,157.7266,-0.0242,-0.0273,0.0433,-0.0273,0.0796,68.1492,0.0225,0.0345,0.0022,0.6150,-0.0578,0.8879,buy
2026-02-18,161.2379,7239800,158.6878,161.3752,157.5500,0.0153,-0.0155,0.0095,-0.0134,0.0933,70.6955,0.0168,0.0322,0.0003,0.6596,-0.1726,0.7450,hold
2026-02-19,161.4341,6155800,161.2379,161.8853,160.0021,0.0012,-0.0270,-0.0096,-0.0113,0.0918,70.7031,0.0153,0.0305,-0.0011,0.6462,-0.1497,0.6385,hold
2026-02-20,161.7774,4811800,161.4929,161.8068,159.8942,0.0021,-0.0135,-0.0155,-0.0076,0.0913,66.7258,0.0151,0.0290,-0.0020,0.6368,-0.2183,0.5079,buy
2026-02-23,165.0926,6801600,161.3360,165.5732,161.0908,0.0205,0.0143,-0.0127,0.0140,0.1102,68.4166,0.0155,0.0286,-0.0015,0.7162,0.4135,0.7144,buy
2026-02-24,166.2892,6319800,165.0043,166.5344,164.5531,0.0072,0.0471,0.0184,0.0195,0.1153,61.4594,0.0135,0.0287,-0.0009,0.7379,-0.0708,0.6648,hold
2026-02-25,165.9263,6832700,165.3770,166.2499,162.8171,-0.0022,0.0291,0.0132,0.0159,0.1099,55.6996,0.0135,0.0286,-0.0009,0.7083,0.0812,0.7198,sell
2026-02-26,164.3668,7219300,166.3775,166.7992,163.9548,-0.0094,0.0182,-0.0093,0.0073,0.0971,50.0944,0.0132,0.0276,-0.0017,0.6327,0.0566,0.7555,buy
2026-02-27,166.4854,10585200,165.1514,167.0150,164.6022,0.0129,0.0291,0.0152,0.0188,0.1085,48.5392,0.0133,0.0270,-0.0016,0.7326,0.4662,1.0990,sell
2026-03-02,164.0725,7264000,165.8086,166.2892,163.9352,-0.0145,-0.0062,0.0081,0.0032,0.0900,51.6798,0.0140,0.0257,-0.0026,0.5726,-0.3138,0.7758,sell
2026-03-03,161.7480,6718100,163.3467,164.0137,160.5317,-0.0142,-0.0273,0.0185,-0.0128,0.0725,46.0354,0.0122,0.0232,-0.0044,0.3017,-0.0752,0.7493,sell
2026-03-04,160.7769,6855400,161.8755,162.7484,160.2375,-0.0060,-0.0310,-0.0029,-0.0184,0.0641,39.4514,0.0115,0.0204,-0.0059,0.1781,0.0204,0.8206,sell
2026-03-05,157.6187,7133700,159.0507,160.2669,157.0890,-0.0196,-0.0411,-0.0236,-0.0355,0.0415,37.5288,0.0130,0.0166,-0.0081,-0.0552,0.0406,0.8868,hold
2026-03-06,157.7701,5937900,156.6024,157.8690,154.4649,0.0010,-0.0523,-0.0248,-0.0322,0.0406,39.8101,0.0129,0.0132,-0.0092,0.0397,-0.1676,0.7623,buy
2026-03-09,159.8482,6416000,157.5128,160.7388,156.4539,0.0132,-0.0257,-0.0318,-0.0163,0.0517,52.2841,0.0116,0.0113,-0.0087,0.2457,0.0805,0.8484,sell
2026-03-10,159.1060,5341300,159.0269,161.1644,157.9284,-0.0046,-0.0163,-0.0432,-0.0165,0.0443,44.9073,0.0110,0.0095,-0.0085,0.2084,-0.1675,0.7303,sell
2026-03-11,158.4826,4359700,158.6409,159.2347,156.2461,-0.0039,-0.0143,-0.0449,-0.0158,0.0378,43.0904,0.0110,0.0077,-0.0083,0.1893,-0.1838,0.6216,sell
2026-03-12,157.2060,6165600,157.2159,159.8581,157.0378,-0.0081,-0.0026,-0.0436,-0.0194,0.0274,39.7463,0.0110,0.0055,-0.0085,0.1262,0.4142,0.8826,buy
2026-03-13,158.2154,4676800,158.1164,159.8284,157.5821,0.0064,0.0028,-0.0497,-0.0080,0.0317,32.7945,0.0100,0.0042,-0.0078,0.2374,-0.2415,0.6935,sell
2026-03-16,156.0779,4498700,159.6800,159.8977,155.8998,-0.0135,-0.0236,-0.0487,-0.0164,0.0157,25.6019,0.0099,0.0021,-0.0080,0.1167,-0.0381,0.6917,sell
2026-03-17,154.8706,5460200,157.1763,157.4534,154.6628,-0.0077,-0.0266,-0.0425,-0.0198,0.0059,24.6089,0.0094,-0.0003,-0.0084,0.0729,0.2137,0.8613,sell
2026-03-18,151.9414,5124400,153.6336,154.4945,151.6940,-0.0189,-0.0413,-0.0550,-0.0329,-0.0150,23.1523,0.0105,-0.0037,-0.0096,-0.0232,-0.0615,0.8220,sell
2026-03-19,151.1497,5555500,152.1492,153.0695,151.0706,-0.0052,-0.0385,-0.0410,-0.0340,-0.0221,14.8483,0.0093,-0.0068,-0.0101,0.0178,0.0841,0.8955,sell
2026-03-20,148.4778,14480700,150.8628,151.8128,147.7851,-0.0177,-0.0615,-0.0589,-0.0454,-0.0411,14.6741,0.0100,-0.0107,-0.0113,-0.0190,1.6066,2.1654,buy
2026-03-23,149.3091,6783000,150.7143,150.7143,148.3789,0.0056,-0.0434,-0.0659,-0.0335,-0.0373,19.7782,0.0085,-0.0131,-0.0109,0.0800,-0.5316,1.0144,hold
2026-03-24,149.0221,5803700,148.8836,150.9914,148.6362,-0.0019,-0.0378,-0.0634,-0.0290,-0.0406,20.4582,0.0087,-0.0150,-0.0102,0.1111,-0.1444,0.8713,buy
2026-03-25,150.1503,4978500,149.7247,150.2591,147.4784,0.0076,-0.0118,-0.0526,-0.0163,-0.0348,29.0977,0.0097,-0.0155,-0.0087,0.1909,-0.1422,0.7580,sell
2026-03-26,149.2596,5677100,150.3482,151.5555,149.1013,-0.0059,-0.0125,-0.0505,-0.0170,-0.0415,27.1277,0.0097,-0.0165,-0.0077,0.1815,0.1403,0.8746,buy
2026-03-27,151.4466,6663600,149.5664,152.9310,148.9034,0.0147,0.0200,-0.0428,0.0018,-0.0285,27.5516,0.0110,-0.0156,-0.0055,0.2998,0.1738,1.0586,buy
2026-03-30,155.1873,10386800,152.2185,156.7409,151.7732,0.0247,0.0394,-0.0057,0.0272,-0.0060,40.9754,0.0138,-0.0126,-0.0022,0.5173,0.5587,1.6101,sell
2026-03-31,153.6732,8033800,156.0284,156.0284,152.5649,-0.0098,0.0312,-0.0077,0.0180,-0.0170,39.3608,0.0139,-0.0113,-0.0006,0.4507,-0.2265,1.2328,hold
2026-04-01,153.0398,5412600,151.9513,153.5346,151.6643,-0.0041,0.0192,0.0072,0.0130,-0.0221,40.5137,0.0125,-0.0104,0.0002,0.4310,-0.3263,0.8399,buy
2026-04-02,155.3753,5410000,153.0498,155.4248,152.6143,0.0153,0.0410,0.0280,0.0256,-0.0086,43.9014,0.0130,-0.0082,0.0018,0.5933,-0.0005,0.8509,hold
2026-04-06,155.0982,3562500,154.7815,155.2268,153.7820,-0.0018,0.0241,0.0446,0.0193,-0.0121,47.7136,0.0111,-0.0067,0.0027,0.5859,-0.3415,0.5710,sell
2026-04-07,151.6149,5151100,154.5539,154.9102,150.9815,-0.0225,-0.0230,0.0154,-0.0051,-0.0354,43.1316,0.0139,-0.0073,0.0018,0.3655,0.4459,0.8340,buy
2026-04-08,153.1883,6878500,150.2987,153.2081,150.1700,0.0104,-0.0032,0.0280,0.0025,-0.0267,52.7901,0.0141,-0.0068,0.0018,0.5039,0.3353,1.1000,buy
2026-04-09,155.8503,4339400,152.0997,156.3649,151.6544,0.0174,0.0184,0.0380,0.0161,-0.0110,59.7057,0.0148,-0.0048,0.0029,0.7432,-0.3691,0.6941,hold
2026-04-10,155.4248,4412700,155.5237,156.1472,154.7024,-0.0027,0.0003,0.0413,0.0093,-0.0149,65.8108,0.0146,-0.0036,0.0033,0.7228,0.0169,0.7158,sell
2026-04-13,154.2570,5827800,155.3555,155.3951,153.3367,-0.0075,-0.0054,0.0186,-0.0001,-0.0234,61.0914,0.0145,-0.0032,0.0030,0.6508,0.3207,0.9366,hold
2026-04-14,154.0987,5655800,152.9013,154.9992,152.6836,-0.0010,0.0164,-0.0070,-0.0004,-0.0248,61.4458,0.0121,-0.0029,0.0027,0.6510,-0.0295,0.9006,sell
2026-04-15,153.2378,7684800,153.4060,154.1383,151.7435,-0.0056,0.0003,-0.0028,-0.0057,-0.0304,57.0461,0.0118,-0.0031,0.0020,0.5729,0.3587,1.2024,buy
2026-04-16,156.7310,10422100,153.9206,158.1263,152.6539,0.0228,0.0057,0.0241,0.0145,-0.0079,65.2402,0.0138,-0.0013,0.0029,0.8853,0.3562,1.5658,sell
2026-04-17,156.0284,7799900,156.6123,158.3638,154.8409,-0.0045,0.0039,0.0042,0.0095,-0.0115,59.9484,0.0131,-0.0004,0.0031,0.7855,-0.2516,1.1524,sell
2026-04-20,155.3555,5731000,157.0873,157.1862,154.2175,-0.0043,0.0071,0.0017,0.0050,-0.0146,50.4214,0.0132,0.0001,0.0028,0.7029,-0.2652,0.9053,sell
2026-04-21,153.3070,6357300,155.1081,155.4050,152.1294,-0.0132,-0.0051,0.0112,-0.0093,-0.0259,49.1067,0.0117,-0.0007,0.0017,0.4712,0.1093,1.0076,sell
2026-04-22,152.1888,5921300,153.4654,155.5831,151.9513,-0.0073,-0.0068,-0.0065,-0.0159,-0.0316,47.9717,0.0115,-0.0018,0.0005,0.3097,-0.0686,0.9376,buy
2026-04-23,154.0789,6077600,153.5445,154.9794,152.9607,0.0124,-0.0169,-0.0114,-0.0025,-0.0184,46.8434,0.0107,-0.0017,0.0005,0.5214,0.0264,0.9541,hold
2026-04-24,153.8216,5364900,154.3065,154.6529,153.0497,-0.0017,-0.0141,-0.0103,-0.0032,-0.0185,46.8886,0.0107,-0.0017,0.0003,0.4443,-0.1173,0.8442,sell
2026-04-27,152.4956,4077000,153.9107,155.0190,152.3966,-0.0086,-0.0184,-0.0114,-0.0106,-0.0256,52.3989,0.0107,-0.0024,-0.0003,0.1927,-0.2401,0.6549,buy
2026-04-28,154.6628,5174300,155.1675,156.4638,153.7029,0.0142,0.0088,0.0037,0.0031,-0.0107,53.8903,0.0118,-0.0018,0.0003,0.5885,0.2691,0.8675,sell
2026-04-29,153.6732,4047600,153.9701,154.8607,151.8820,-0.0064,0.0098,0.0028,-0.0036,-0.0164,43.6998,0.0118,-0.0018,0.0002,0.4084,-0.2177,0.7020,buy
2026-04-30,156.8399,7065100,154.3560,157.3446,153.6633,0.0206,0.0179,0.0007,0.0168,0.0045,53.5344,0.0114,-0.0002,0.0014,0.9212,0.7455,1.2081,sell
2026-05-01,155.7711,4447300,157.8888,158.3341,154.8013,-0.0068,0.0127,-0.0016,0.0101,-0.0017,53.8003,0.0115,0.0006,0.0018,0.7331,-0.3705,0.7668,sell
2026-05-04,152.9805,5330800,154.2768,155.0982,152.0700,-0.0179,0.0032,-0.0153,-0.0065,-0.0184,47.5208,0.0128,-0.0003,0.0007,0.2844,0.1987,0.9053,hold
2026-05-05,153.4258,6200100,152.4461,154.6826,150.9518,0.0029,-0.0080,0.0008,-0.0037,-0.0141,50.4246,0.0121,-0.0008,0.0002,0.3298,0.1631,1.0437,buy
2026-05-06,154.3362,5296600,154.1779,155.2961,153.2575,0.0059,0.0043,0.0141,0.0008,-0.0067,43.8765,0.0120,-0.0006,0.0003,0.4831,-0.1457,0.9036,hold
2026-05-07,154.6628,4464000,153.3961,155.7117,153.2675,0.0021,-0.0139,0.0038,0.0026,-0.0032,46.4396,0.0113,-0.0003,0.0004,0.5557,-0.1572,0.7607,sell
2026-05-08,153.0102,4934400,155.1180,155.6623,152.7727,-0.0107,-0.0177,-0.0053,-0.0076,-0.0124,44.1826,0.0119,-0.0010,-0.0002,0.2671,0.1054,0.8372,sell
2026-05-11,147.8544,8373300,152.7826,153.0893,147.5081,-0.0337,-0.0335,-0.0304,-0.0382,-0.0434,38.2816,0.0158,-0.0043,-0.0028,-0.2780,0.6969,1.3906,buy
2026-05-12,150.2690,6250700,148.9726,151.1299,146.8153,0.0163,-0.0206,-0.0284,-0.0197,-0.0260,46.0919,0.0161,-0.0054,-0.0031,0.0902,-0.2535,1.0330,sell
2026-05-13,147.7159,5524900,149.1211,151.6445,147.4091,-0.0170,-0.0429,-0.0388,-0.0326,-0.0408,37.3872,0.0167,-0.0078,-0.0044,-0.0727,-0.1161,0.9296,hold
2026-05-14,147.1221,5022200,147.9435,148.4284,146.6075,-0.0040,-0.0488,-0.0620,-0.0303,-0.0430,36.8951,0.0143,-0.0099,-0.0051,-0.0313,-0.0910,0.8853,hold
2026-05-15,147.5674,6230600,148.0028,148.5471,146.6471,0.0030,-0.0356,-0.0527,-0.0220,-0.0388,40.0160,0.0146,-0.0111,-0.0051,0.0712,0.2406,1.1137,hold
2026-05-18,147.5081,8799400,148.4284,148.5570,145.9445,-0.0004,-0.0023,-0.0358,-0.0189,-0.0379,34.1517,0.0140,-0.0119,-0.0048,0.1168,0.4123,1.5309,buy
2026-05-19,148.8044,10093900,148.7351,150.9815,147.4190,0.0088,-0.0097,-0.0301,-0.0072,-0.0281,39.3599,0.0144,-0.0117,-0.0036,0.2484,0.1471,1.7008,sell
2026-05-20,147.7357,7425800,148.0128,149.0815,146.8450,-0.0072,0.0001,-0.0428,-0.0100,-0.0336,28.0952,0.0141,-0.0121,-0.0032,0.1939,-0.2643,1.2356,hold
2026-05-21,147.3002,6123100,147.7357,148.1117,144.8560,-0.0029,0.0012,-0.0476,-0.0080,-0.0350,28.9784,0.0139,-0.0125,-0.0028,0.1952,-0.1754,1.0184,buy
2026-05-22,149.0023,7774400,147.8544,149.2695,146.9935,0.0116,0.0097,-0.0262,0.0062,-0.0228,39.5639,0.0146,-0.0115,-0.0016,0.3399,0.2697,1.2677,sell
2026-05-26,144.1632,9059200,148.1513,148.6857,143.9851,-0.0325,-0.0227,-0.0250,-0.0241,-0.0528,30.2532,0.0143,-0.0138,-0.0029,0.0520,0.1653,1.4195,buy
2026-05-27,146.2018,7404500,144.7471,147.3596,144.1830,0.0141,-0.0175,-0.0271,-0.0075,-0.0382,33.4541,0.0140,-0.0139,-0.0024,0.2209,-0.1827,1.1403,sell
2026-05-28,144.7669,7625200,146.2315,147.0627,144.1039,-0.0098,-0.0201,-0.0200,-0.0153,-0.0464,30.7396,0.0134,-0.0148,-0.0026,0.1633,0.0298,1.1428,sell
2026-05-29,142.6888,12776400,143.6289,145.2419,142.0554,-0.0144,-0.0313,-0.0301,-0.0265,-0.0589,30.2387,0.0139,-0.0166,-0.0034,0.0665,0.6755,1.8363,sell
2026-06-01,140.0466,8077300,141.1054,142.6096,139.8486,-0.0185,-0.0601,-0.0510,-0.0396,-0.0750,33.4591,0.0146,-0.0195,-0.0049,-0.0320,-0.3678,1.1314,hold
2026-06-02,140.5216,7864700,140.0663,141.4023,139.3439,0.0034,-0.0253,-0.0474,-0.0317,-0.0709,27.5011,0.0147,-0.0210,-0.0051,0.0620,-0.0263,1.0824,hold
2026-06-03,141.0559,6225100,140.3137,142.1841,140.2940,0.0038,-0.0352,-0.0521,-0.0228,-0.0663,33.0478,0.0143,-0.0216,-0.0046,0.1346,-0.2085,0.8566,hold
2026-06-04,140.6700,8089800,143.3518,144.1830,139.7398,-0.0027,-0.0283,-0.0478,-0.0207,-0.0678,33.4012,0.0143,-0.0222,-0.0041,0.1414,0.2995,1.0922,buy
2026-06-05,141.9200,13228700,141.5600,144.3400,141.2100,0.0089,-0.0054,-0.0365,-0.0083,-0.0585,36.0490,0.0150,-0.0214,-0.0028,0.2336,0.6352,1.6862,sell
2026-06-08,140.6800,8800500,140.9200,141.8600,139.2600,-0.0087,0.0045,-0.0559,-0.0112,-0.0657,34.0621,0.0140,-0.0216,-0.0023,0.1678,-0.3347,1.0948,buy
2026-06-09,142.7800,10390200,141.5300,144.3000,140.8500,0.0149,0.0161,-0.0096,0.0046,-0.0506,36.4464,0.0118,-0.0199,-0.0006,0.3406,0.1806,1.2765,buy
2026-06-10,144.3200,11249200,143.9500,145.4500,143.0000,0.0108,0.0231,-0.0129,0.0167,-0.0390,42.4751,0.0113,-0.0175,0.0012,0.4753,0.0827,1.3409,sell
2026-06-11,143.7300,8653900,144.8600,145.4000,143.5700,-0.0041,0.0218,-0.0072,0.0133,-0.0417,42.1877,0.0110,-0.0160,0.0022,0.4425,-0.2307,1.0127,buy
2026-06-12,144.2700,6781700,143.8000,144.3600,142.4100,0.0038,0.0166,0.0111,0.0160,-0.0369,39.0901,0.0099,-0.0142,0.0032,0.4986,-0.2163,0.7855,buy
2026-06-15,146.2500,8976400,143.0200,146.7700,142.8100,0.0137,0.0396,0.0443,0.0255,-0.0225,55.5413,0.0079,-0.0115,0.0045,0.6742,0.3236,1.0234,hold
2026-06-16,146.1200,9345200,146.8700,147.6400,145.0300,-0.0009,0.0234,0.0398,0.0205,-0.0222,49.7583,0.0080,-0.0094,0.0053,0.6730,0.0411,1.0622,sell
2026-06-17,141.5900,10126600,145.5100,145.8700,140.8500,-0.0310,-0.0189,0.0038,-0.0115,-0.0513,42.0640,0.0137,-0.0105,0.0038,0.2944,0.0836,1.1508,hold
2026-06-18,142.0200,19130300,141.0500,142.7300,141.0400,0.0030,-0.0119,0.0096,-0.0094,-0.0470,48.1795,0.0136,-0.0107,0.0028,0.3535,0.8891,2.0384,sell
2026-06-22,140.7100,10345000,141.2800,142.4900,140.4800,-0.0092,-0.0247,-0.0085,-0.0177,-0.0538,51.9473,0.0137,-0.0116,0.0016,0.2476,-0.4592,1.0780,buy
2026-06-23,142.0500,7589000,143.6800,143.6800,140.8700,0.0095,-0.0287,0.0097,-0.0093,-0.0431,54.2693,0.0137,-0.0112,0.0015,0.4041,-0.2664,0.7916,hold
2026-06-24,142.2700,8324100,142.0200,143.7400,141.6700,0.0015,-0.0263,-0.0036,-0.0074,-0.0401,53.4518,0.0128,-0.0107,0.0015,0.4423,0.0969,0.8716,sell
2026-06-25,139.5200,7333300,141.9900,143.1000,139.3700,-0.0193,-0.0146,-0.0333,-0.0233,-0.0568,47.1178,0.0135,-0.0120,0.0004,0.1318,-0.1190,0.7682,buy
2026-06-26,141.3900,9735700,140.5200,142.1400,140.2000,0.0134,-0.0044,-0.0163,-0.0086,-0.0426,48.7117,0.0145,-0.0115,0.0006,0.3885,0.3276,1.0087,sell
2026-06-29,138.6800,10042400,141.9700,142.3700,137.5300,-0.0192,-0.0144,-0.0387,-0.0238,-0.0586,45.4628,0.0153,-0.0129,-0.0004,0.0894,0.0315,1.0554,sell
2026-06-30,135.4000,14148300,138.8100,139.1400,134.9400,-0.0237,-0.0468,-0.0742,-0.0395,-0.0783,34.1085,0.0151,-0.0159,-0.0025,-0.1419,0.4089,1.4409,buy
2026-07-01,141.1600,9391700,137.2100,141.3400,136.6100,0.0425,-0.0078,-0.0339,0.0048,-0.0373,44.2420,0.0219,-0.0139,-0.0008,0.4325,-0.3362,0.9491,buy
2026-07-02,144.2200,13040200,143.2400,144.7400,142.1600,0.0217,0.0337,0.0186,0.0247,-0.0152,50.8191,0.0208,-0.0107,0.0017,0.7209,0.3885,1.2739,sell
2026-07-06,143.2900,9006600,144.2400,144.7000,141.3800,-0.0064,0.0134,0.0089,0.0172,-0.0203,48.3828,0.0210,-0.0088,0.0029,0.6161,-0.3093,0.8760,buy
2026-07-07,144.9800,9256700,146.9900,149.0400,144.5400,0.0118,0.0454,0.0303,0.0261,-0.0075,47.8840,0.0209,-0.0062,0.0043,0.7602,0.0278,0.9180,sell
2026-07-08,142.5100,8997900,146.0000,146.0000,142.4400,-0.0170,0.0525,0.0032,0.0083,-0.0229,44.4204,0.0217,-0.0056,0.0040,0.5143,-0.0280,0.8915,sell
2026-07-09,137.8600,18763700,137.0900,138.7400,134.6900,-0.0326,-0.0234,-0.0310,-0.0216,-0.0529,44.2562,0.0241,-0.0079,0.0017,0.1146,1.0853,1.7850,hold
2026-07-10,137.3800,9074900,135.8600,137.9600,135.3100,-0.0035,-0.0474,-0.0153,-0.0235,-0.0540,42.8659,0.0234,-0.0097,-0.0001,0.1219,-0.5164,0.8723,buy
2026-07-13,138.4900,6716300,138.0200,140.2500,137.7500,0.0081,-0.0335,-0.0205,-0.0136,-0.0443,46.5656,0.0231,-0.0103,-0.0006,0.2444,-0.2599,0.6517,sell
2026-07-14,135.4500,8518600,138.2500,138.7900,135.4100,-0.0220,-0.0657,-0.0233,-0.0330,-0.0625,40.2998,0.0233,-0.0127,-0.0023,0.0569,0.2683,0.8196,hold
2026-07-15,135.4000,8078300,135.0900,136.9900,134.6500,-0.0004,-0.0499,0.0000,-0.0334,-0.0602,39.8523,0.0220,-0.0144,-0.0031,0.0950,-0.0517,0.7806,buy
2026-07-16,139.4300,7805600,137.0400,139.6200,136.5000,0.0298,0.0114,-0.0123,-0.0034,-0.0304,49.8719,0.0195,-0.0127,-0.0014,0.4341,-0.0338,0.7599,sell
2026-07-17,137.1200,8579300,140.8900,141.9600,136.1800,-0.0166,-0.0019,-0.0492,-0.0149,-0.0443,43.9977,0.0183,-0.0131,-0.0013,0.2580,0.0991,0.8416,sell
2026-07-20,135.4600,8758700,137.5700,137.5900,133.9500,-0.0121,-0.0219,-0.0546,-0.0213,-0.0534,45.3361,0.0184,-0.0143,-0.0019,0.1589,0.0209,0.9053,hold
2026-07-21,135.0000,7989500,134.9000,135.3800,134.2700,-0.0034,-0.0033,-0.0688,-0.0175,-0.0540,49.3691,0.0175,-0.0152,-0.0022,0.1620,-0.0878,0.8359,hold
2026-07-22,135.6500,6198700,136.3600,136.3600,134.7200,0.0048,0.0018,-0.0481,-0.0079,-0.0471,39.6389,0.0174,-0.0153,-0.0019,0.2402,-0.2241,0.6533,hold
2026-07-23,134.9500,7755700,134.7000,135.3400,133.7300,-0.0052,-0.0321,-0.0211,-0.0109,-0.0503,30.8708,0.0145,-0.0157,-0.0018,0.2170,0.2512,0.8199,buy
