date,close,volume,open,high,low,return_1d,return_5d,return_10d,price_vs_ma10,price_vs_ma50,rsi_14,volatility_10d,macd_norm,macd_hist_norm,bb_position,volume_change,volume_vs_avg20,label
2021-09-10,128.6773,6263300,129.0832,131.6715,128.5510,0.0078,-0.0168,0.0068,-0.0107,-0.0050,54.1266,0.0088,-0.0015,-0.0021,0.3654,0.0117,0.9829,buy
2021-09-13,129.3357,4312800,129.8858,130.5261,128.0911,0.0051,-0.0084,-0.0053,-0.0051,-0.0003,49.7764,0.0069,-0.0015,-0.0016,0.4756,-0.3114,0.6846,sell
2021-09-14,127.2885,6442100,130.2917,130.5983,126.8195,-0.0158,-0.0182,-0.0284,-0.0180,-0.0160,41.5972,0.0077,-0.0028,-0.0023,0.1902,0.4937,1.0063,sell
2021-09-15,124.6731,11289100,126.9908,127.1622,124.0237,-0.0205,-0.0300,-0.0532,-0.0330,-0.0359,36.2771,0.0090,-0.0055,-0.0040,-0.0794,0.7524,1.7097,hold
2021-09-16,124.8174,6719900,123.8434,125.3224,123.8434,0.0012,-0.0225,-0.0550,-0.0264,-0.0347,40.0957,0.0088,-0.0074,-0.0048,0.0123,-0.4047,1.0164,sell
2021-09-17,120.4884,14550500,124.2853,124.4566,120.0736,-0.0347,-0.0636,-0.0794,-0.0524,-0.0677,22.3097,0.0127,-0.0120,-0.0074,-0.2379,1.1653,2.1069,sell
2021-09-20,119.7309,9647100,118.5675,120.0555,117.7919,-0.0063,-0.0743,-0.0821,-0.0504,-0.0725,16.8459,0.0127,-0.0159,-0.0090,-0.1257,-0.3370,1.3623,sell
2021-09-21,118.8200,6175300,120.4794,120.7680,118.3961,-0.0076,-0.0665,-0.0835,-0.0495,-0.0782,12.7095,0.0126,-0.0194,-0.0100,-0.0585,-0.3599,0.8767,buy
2021-09-22,119.9563,5163000,119.5776,120.3892,119.0274,0.0096,-0.0378,-0.0667,-0.0338,-0.0684,16.2990,0.0139,-0.0209,-0.0093,0.0786,-0.1639,0.7431,buy
2021-09-23,120.7680,5918900,120.6237,121.8953,120.1457,0.0068,-0.0324,-0.0542,-0.0218,-0.0609,21.2713,0.0145,-0.0213,-0.0078,0.1665,0.1464,0.8506,hold
2021-09-24,120.7410,4554600,120.0465,121.3452,119.7670,-0.0002,0.0021,-0.0617,-0.0157,-0.0602,21.7850,0.0139,-0.0215,-0.0064,0.1973,-0.2305,0.6654,hold
2021-09-27,120.3802,4319500,119.4332,120.8852,119.0635,-0.0030,0.0054,-0.0692,-0.0114,-0.0623,22.3480,0.0134,-0.0217,-0.0052,0.2101,-0.0516,0.6402,sell
2021-09-28,117.1515,8851700,118.8200,119.7128,116.9712,-0.0268,-0.0140,-0.0796,-0.0298,-0.0864,19.8376,0.0146,-0.0244,-0.0060,0.0951,1.0492,1.2780,sell
2021-09-29,116.5924,7037200,117.7738,118.5494,116.2407,-0.0048,-0.0280,-0.0648,-0.0279,-0.0895,20.1458,0.0140,-0.0262,-0.0062,0.1133,-0.2050,1.0218,hold
2021-09-30,116.3218,6976800,117.5574,118.2157,116.0693,-0.0023,-0.0368,-0.0681,-0.0233,-0.0900,15.4043,0.0138,-0.0275,-0.0059,0.1369,-0.0086,1.0092,hold
2021-10-01,116.0783,6863700,117.0614,117.2598,114.0582,-0.0021,-0.0386,-0.0366,-0.0217,-0.0903,11.9960,0.0098,-0.0284,-0.0054,0.1594,-0.0162,0.9867,sell
2021-10-04,114.2476,8470300,116.2677,117.0523,113.5622,-0.0158,-0.0509,-0.0458,-0.0327,-0.1024,12.1467,0.0105,-0.0305,-0.0057,0.1105,0.2341,1.1923,buy
2021-10-05,115.0141,9244300,113.7515,116.1324,113.3547,0.0067,-0.0182,-0.0320,-0.0230,-0.0944,18.5924,0.0110,-0.0306,-0.0048,0.1790,0.0914,1.2753,buy
2021-10-06,115.4921,8513700,114.1303,115.6815,113.6974,0.0042,-0.0094,-0.0372,-0.0152,-0.0891,20.3215,0.0104,-0.0301,-0.0035,0.2286,-0.0790,1.1544,hold
2021-10-07,115.2937,8010600,116.5744,117.8911,115.0683,-0.0017,-0.0088,-0.0453,-0.0123,-0.0888,27.5701,0.0098,-0.0297,-0.0024,0.2425,-0.0591,1.0729,sell
2021-10-08,114.1303,6920500,115.9701,115.9701,113.8237,-0.0101,-0.0168,-0.0548,-0.0167,-0.0949,26.6366,0.0098,-0.0300,-0.0020,0.2009,-0.1361,0.9228,sell
2021-10-11,112.6783,6288200,113.6884,114.7436,112.6242,-0.0127,-0.0137,-0.0640,-0.0227,-0.1034,25.4860,0.0100,-0.0312,-0.0022,0.1287,-0.0914,0.8276,sell
2021-10-12,110.8836,10531500,113.0751,113.1563,110.1802,-0.0159,-0.0359,-0.0535,-0.0330,-0.1144,15.5951,0.0079,-0.0332,-0.0030,0.0417,0.6748,1.3498,buy
2021-10-13,112.7685,12373800,112.9128,113.9229,111.3977,0.0170,-0.0236,-0.0328,-0.0133,-0.0965,21.9481,0.0107,-0.0321,-0.0019,0.1892,0.1749,1.5750,buy
2021-10-14,116.0332,10637900,113.7786,116.6104,113.6253,0.0290,0.0064,-0.0025,0.0155,-0.0678,36.5464,0.0148,-0.0282,0.0009,0.4462,-0.1403,1.3211,buy
2021-10-15,117.4221,7609700,116.3579,117.6746,116.0513,0.0120,0.0288,0.0116,0.0264,-0.0544,42.0156,0.0152,-0.0243,0.0036,0.5782,-0.2847,0.9876,hold
2021-10-18,117.3500,5290000,116.6285,117.4852,115.6545,-0.0006,0.0415,0.0272,0.0230,-0.0529,50.6456,0.0140,-0.0212,0.0053,0.5850,-0.3048,0.7065,buy
2021-10-19,119.4964,7330700,118.1616,119.7670,117.5303,0.0183,0.0777,0.0390,0.0377,-0.0336,58.5638,0.0149,-0.0168,0.0074,0.7720,0.3858,0.9716,hold
2021-10-20,119.1898,4804100,119.4964,119.9563,118.3781,-0.0026,0.0569,0.0320,0.0317,-0.0343,58.4395,0.0150,-0.0137,0.0084,0.7522,-0.3447,0.6382,buy
2021-10-21,119.9924,4579200,119.0455,120.1818,118.5043,0.0067,0.0341,0.0408,0.0345,-0.0259,61.1510,0.0149,-0.0105,0.0092,0.8355,-0.0468,0.6138,sell
2021-10-22,118.7028,5216200,119.8571,120.5696,118.5314,-0.0107,0.0109,0.0401,0.0193,-0.0343,63.0965,0.0150,-0.0089,0.0088,0.7379,0.1391,0.6961,hold
2021-10-25,118.9823,4876300,118.8831,120.1006,118.4142,0.0024,0.0139,0.0559,0.0162,-0.0297,62.0087,0.0138,-0.0072,0.0084,0.7832,-0.0652,0.6483,hold
2021-10-26,118.9913,5802200,119.8571,120.6598,118.2067,0.0001,-0.0042,0.0731,0.0093,-0.0275,60.8988,0.0119,-0.0059,0.0078,0.7670,0.1899,0.7874,sell
2021-10-27,118.3240,5090400,118.9914,119.3701,117.7017,-0.0056,-0.0073,0.0493,-0.0011,-0.0311,59.1703,0.0119,-0.0052,0.0068,0.6897,-0.1227,0.7000,buy
2021-10-28,120.5696,5016700,119.0364,120.6958,118.9282,0.0190,0.0048,0.0391,0.0140,-0.0116,68.2889,0.0100,-0.0030,0.0070,0.8636,-0.0145,0.6993,sell
2021-10-29,119.9834,5251100,119.8211,120.5606,119.4513,-0.0049,0.0108,0.0218,0.0069,-0.0154,71.8211,0.0099,-0.0017,0.0067,0.7821,0.0467,0.7403,buy
2021-11-01,121.5797,6903000,119.4423,121.6338,119.4423,0.0133,0.0218,0.0360,0.0167,-0.0013,82.3338,0.0104,0.0003,0.0069,0.8737,0.3146,0.9841,buy
2021-11-02,121.9585,7321900,121.3452,122.4094,120.9574,0.0031,0.0249,0.0206,0.0178,0.0030,80.5640,0.0090,0.0022,0.0070,0.8593,0.0607,1.0583,buy
2021-11-03,124.8895,13216000,122.4274,125.2232,121.7871,0.0240,0.0555,0.0478,0.0373,0.0279,80.1228,0.0112,0.0054,0.0081,0.9980,0.8050,1.8475,buy
2021-11-04,140.7893,48321500,140.9787,143.9188,138.2551,0.1273,0.1677,0.1733,0.1495,0.1566,89.9969,0.0404,0.0160,0.0147,1.3806,2.6563,5.2701,buy
2021-11-05,147.0302,27226600,141.6551,152.0084,140.6089,0.0443,0.2254,0.2386,0.1733,0.2041,91.9450,0.0400,0.0270,0.0206,1.2606,-0.4366,2.6734,buy
2021-11-08,149.5734,14541400,147.1925,151.2509,145.4519,0.0173,0.2302,0.2571,0.1652,0.2210,92.0343,0.0394,0.0365,0.0242,1.1397,-0.4659,1.3722,hold
2021-11-09,150.3761,12353900,150.1687,152.8833,148.2477,0.0054,0.2330,0.2638,0.1435,0.2237,92.9886,0.0391,0.0441,0.0255,1.0448,-0.1504,1.1559,sell
2021-11-10,144.1172,11327100,148.8880,149.8169,143.4227,-0.0416,0.1540,0.2180,0.0748,0.1704,78.9064,0.0436,0.0485,0.0232,0.8661,-0.0831,1.0650,buy
2021-11-11,148.2837,7624200,145.9209,149.3119,145.5511,0.0289,0.0532,0.2299,0.0835,0.2010,83.1581,0.0436,0.0506,0.0209,0.8961,-0.3269,0.7271,hold
2021-11-12,148.7527,7371000,148.8069,149.7268,148.2026,0.0032,0.0117,0.2398,0.0645,0.2014,83.2293,0.0432,0.0529,0.0186,0.8593,-0.0332,0.7038,buy
2021-11-15,151.9723,12350200,150.1596,153.2620,149.5373,0.0216,0.0160,0.2500,0.0644,0.2231,84.3509,0.0431,0.0548,0.0169,0.8710,0.6755,1.1408,buy
2021-11-16,163.9671,33338200,151.6116,165.6986,150.6646,0.0789,0.0904,0.3444,0.1156,0.3124,88.4632,0.0457,0.0582,0.0185,0.9927,1.6994,2.7492,hold
2021-11-17,165.5273,21678900,163.0472,168.0435,161.0992,0.0095,0.1486,0.3254,0.0959,0.3171,88.3284,0.0462,0.0635,0.0193,0.9465,-0.3497,1.6714,buy
2021-11-18,168.0345,15542600,167.0605,170.1989,164.8148,0.0151,0.1332,0.1935,0.0928,0.3285,89.6664,0.0308,0.0675,0.0192,0.9218,-0.2831,1.1497,hold
2021-11-19,166.8440,11889100,166.5645,168.2870,164.4090,-0.0071,0.1216,0.1348,0.0713,0.3112,87.6180,0.0303,0.0706,0.0176,0.8611,-0.2351,0.8583,sell
2021-11-22,163.5973,16062800,163.3358,170.2440,163.2185,-0.0195,0.0765,0.0938,0.0410,0.2788,83.0304,0.0319,0.0716,0.0141,0.7867,0.3511,1.1146,hold
2021-11-23,163.1824,10696200,162.6413,163.5342,159.6471,-0.0025,-0.0048,0.0852,0.0300,0.2684,81.6392,0.0321,0.0706,0.0103,0.7556,-0.3341,0.7298,hold
2021-11-24,162.9750,7886200,161.9018,163.0382,159.9267,-0.0013,-0.0154,0.1309,0.0166,0.2593,74.7484,0.0273,0.0687,0.0067,0.7309,-0.2627,0.5330,sell
2021-11-26,158.4928,7835900,158.4297,162.5602,157.8796,-0.0275,-0.0568,0.0688,-0.0176,0.2183,63.3089,0.0293,0.0661,0.0018,0.6464,-0.0064,0.5246,buy
2021-11-29,165.7077,10440500,161.8657,166.0053,161.4329,0.0455,-0.0068,0.1140,0.0164,0.2650,66.8997,0.0316,0.0625,0.0008,0.7405,0.3324,0.6870,sell
2021-11-30,162.8398,19309200,165.2387,168.4764,162.6414,-0.0173,-0.0046,0.0715,-0.0078,0.2350,62.5136,0.0326,0.0609,-0.0015,0.6763,0.8495,1.2208,sell
2021-12-01,158.9923,10637700,163.7540,165.8000,158.7117,-0.0236,-0.0257,-0.0303,-0.0283,0.1985,65.6947,0.0220,0.0576,-0.0050,0.5832,-0.4491,0.6656,buy
2021-12-02,160.2597,13101400,155.7877,161.0383,154.9911,0.0080,-0.0167,-0.0318,-0.0174,0.2007,63.4592,0.0219,0.0534,-0.0070,0.5937,0.2316,0.8200,hold
2021-12-03,159.7890,12111800,161.1741,163.1928,157.2543,-0.0029,0.0082,-0.0491,-0.0153,0.1903,62.4026,0.0210,0.0498,-0.0086,0.5581,-0.0755,0.8550,hold
2021-12-06,158.8294,8577500,160.1240,160.2145,155.9507,-0.0060,-0.0415,-0.0480,-0.0163,0.1764,58.1184,0.0210,0.0460,-0.0102,0.5078,-0.2918,0.6482,buy
2021-12-07,166.3160,9910100,162.1065,167.2755,161.5905,0.0471,0.0213,0.0166,0.0283,0.2236,53.1133,0.0258,0.0440,-0.0077,0.7441,0.1554,0.7622,hold
2021-12-08,165.3292,4799400,165.6732,166.3160,163.6545,-0.0059,0.0399,0.0132,0.0208,0.2077,49.7334,0.0259,0.0434,-0.0070,0.6884,-0.5157,0.3802,hold
2021-12-09,164.9943,9398900,164.5507,170.0457,164.3153,-0.0020,0.0295,0.0124,0.0175,0.1968,45.6541,0.0259,0.0421,-0.0067,0.6638,0.9583,0.7502,buy
2021-12-10,166.4609,6854800,167.9727,167.9727,163.9895,0.0089,0.0418,0.0503,0.0215,0.1988,49.4566,0.0238,0.0408,-0.0060,0.7172,-0.2707,0.5488,hold
2021-12-13,165.9539,16346800,169.1495,173.1779,165.7638,-0.0030,0.0449,0.0015,0.0183,0.1866,53.6240,0.0192,0.0396,-0.0059,0.6890,1.3847,1.2634,sell
2021-12-14,164.7408,8542800,164.0347,166.4789,162.4143,-0.0073,-0.0095,0.0117,0.0096,0.1695,52.3390,0.0184,0.0377,-0.0065,0.5939,-0.4774,0.6701,buy
2021-12-15,171.3493,11082000,166.5423,171.8019,162.9303,0.0401,0.0364,0.0777,0.0423,0.2067,60.5434,0.0198,0.0374,-0.0041,1.0401,0.2972,0.9525,sell
2021-12-16,161.2736,14873000,172.2727,174.4272,159.4269,-0.0588,-0.0226,0.0063,-0.0196,0.1285,53.0689,0.0289,0.0351,-0.0071,0.3160,0.3421,1.3168,hold
2021-12-17,160.0515,16232300,159.0829,163.0570,158.4401,-0.0076,-0.0385,0.0016,-0.0272,0.1130,42.8065,0.0290,0.0308,-0.0094,0.2521,0.0914,1.4328,hold
2021-12-20,159.9338,6306400,157.7793,160.3050,157.0279,-0.0007,-0.0363,0.0070,-0.0286,0.1051,46.0262,0.0289,0.0268,-0.0108,0.2677,-0.6115,0.5707,buy
2021-12-21,162.5682,7702400,162.3871,163.0842,157.7159,0.0165,-0.0132,-0.0225,-0.0103,0.1156,55.0577,0.0248,0.0242,-0.0102,0.4677,0.2214,0.7244,buy
2021-12-22,164.1977,5227200,162.0431,164.3244,160.8029,0.0100,-0.0417,-0.0068,0.0003,0.1186,55.5133,0.0250,0.0229,-0.0090,0.5850,-0.3214,0.5046,hold
2021-12-23,165.4289,4918900,164.3335,166.3070,164.1977,0.0075,0.0258,0.0026,0.0075,0.1190,57.7315,0.0251,0.0222,-0.0075,0.6653,-0.0590,0.4818,buy
2021-12-27,168.6787,4865900,165.8543,168.7511,165.6823,0.0196,0.0539,0.0133,0.0259,0.1329,62.7043,0.0258,0.0226,-0.0052,0.8637,-0.0108,0.4836,sell
2021-12-28,167.3118,5399400,168.9141,169.0408,166.1078,-0.0081,0.0461,0.0082,0.0168,0.1162,51.5253,0.0259,0.0226,-0.0044,0.7533,0.1096,0.5504,hold
2021-12-29,168.5610,5417200,167.1850,169.6383,167.0764,0.0075,0.0369,0.0232,0.0220,0.1169,54.9106,0.0258,0.0226,-0.0033,0.8087,0.0033,0.5943,sell
2021-12-30,165.4198,4108400,168.2714,168.8507,165.0395,-0.0186,0.0074,-0.0346,0.0066,0.0895,50.5957,0.0228,0.0214,-0.0040,0.5757,-0.2416,0.4675,hold
2021-12-31,165.5465,4113300,165.9448,167.6105,165.3021,0.0008,0.0007,0.0265,0.0047,0.0837,48.6700,0.0119,0.0199,-0.0044,0.5683,0.0012,0.4932,buy
2022-01-03,168.5701,5990200,165.5827,169.1766,164.9762,0.0183,-0.0006,0.0532,0.0178,0.0965,53.5460,0.0122,0.0196,-0.0034,0.7701,0.4563,0.7457,buy
2022-01-04,169.4935,8484200,169.2853,171.0324,163.8627,0.0055,0.0130,0.0598,0.0175,0.0953,56.4927,0.0120,0.0198,-0.0025,0.8213,0.4163,1.0567,sell
2022-01-05,168.8326,17141200,168.8326,175.2419,167.2303,-0.0039,0.0016,0.0385,0.0097,0.0840,45.8948,0.0117,0.0195,-0.0023,0.7494,1.0204,2.0430,hold
2022-01-06,168.3347,9117700,167.0402,170.6160,165.6642,-0.0029,0.0176,0.0252,0.0043,0.0740,66.7526,0.0117,0.0189,-0.0024,0.6940,-0.4681,1.0594,sell
2022-01-07,163.3195,7386200,168.9231,170.5164,163.0570,-0.0298,-0.0135,-0.0128,-0.0244,0.0361,56.5708,0.0153,0.0162,-0.0046,0.3063,-0.1899,0.8684,hold
2022-01-10,162.6587,11159300,161.3823,162.9484,157.2995,-0.0040,-0.0351,-0.0357,-0.0249,0.0264,55.3616,0.0135,0.0132,-0.0061,0.2746,0.5108,1.2796,buy
2022-01-11,167.8368,9591000,162.2151,168.0631,160.4317,0.0318,-0.0098,0.0031,0.0059,0.0527,59.4235,0.0173,0.0128,-0.0048,0.6609,-0.1405,1.1441,buy
2022-01-12,168.7603,7317500,168.9232,171.5123,167.6468,0.0055,-0.0004,0.0012,0.0113,0.0523,58.3721,0.0173,0.0130,-0.0036,0.7116,-0.2370,0.8793,sell
2022-01-13,166.4699,10190900,170.8242,173.4314,165.9267,-0.0136,-0.0111,0.0063,-0.0031,0.0323,51.8387,0.0167,0.0122,-0.0037,0.5646,0.3927,1.2312,buy
2022-01-14,170.8152,9587300,165.4832,172.0826,164.7680,0.0261,0.0459,0.0318,0.0197,0.0532,53.6330,0.0185,0.0130,-0.0020,0.8714,-0.0592,1.1965,sell
2022-01-18,161.9164,10471200,168.2623,168.3800,161.3823,-0.0521,-0.0046,-0.0395,-0.0295,-0.0042,42.6961,0.0246,0.0101,-0.0046,0.1379,0.0922,1.3555,sell
2022-01-19,156.1317,10082700,163.4644,164.0438,155.9507,-0.0357,-0.0697,-0.0788,-0.0566,-0.0409,35.0143,0.0263,0.0044,-0.0086,-0.2115,-0.0371,1.2741,sell
2022-01-20,150.7273,9468500,157.9966,158.4130,150.5372,-0.0346,-0.1069,-0.1072,-0.0792,-0.0742,33.2023,0.0275,-0.0032,-0.0134,-0.2598,-0.0609,1.1833,sell
2022-01-21,149.3060,11898700,150.4919,155.7424,148.9801,-0.0094,-0.1031,-0.1130,-0.0772,-0.0828,31.9663,0.0274,-0.0101,-0.0163,-0.1371,0.2567,1.4275,buy
2022-01-24,153.9591,17489100,146.8165,154.6380,143.5756,0.0312,-0.0987,-0.0573,-0.0429,-0.0554,34.3423,0.0296,-0.0125,-0.0148,0.1086,0.4698,1.9510,sell
2022-01-25,149.7767,10708500,150.4285,154.1854,145.9294,-0.0272,-0.0750,-0.0792,-0.0614,-0.0812,30.2504,0.0303,-0.0172,-0.0156,0.0307,-0.3877,1.1569,buy
2022-01-26,151.1799,10492200,152.6102,158.0147,148.3735,0.0094,-0.0317,-0.0992,-0.0426,-0.0729,32.5769,0.0278,-0.0194,-0.0143,0.1293,-0.0202,1.1032,sell
2022-01-27,145.9293,10743000,153.2711,155.2083,145.3952,-0.0347,-0.0318,-0.1353,-0.0623,-0.1044,29.7828,0.0282,-0.0246,-0.0155,0.0353,0.0239,1.0988,buy
2022-01-28,151.0079,10320800,146.6626,151.1255,142.4712,0.0348,0.0114,-0.0929,-0.0199,-0.0718,38.9034,0.0322,-0.0243,-0.0124,0.2195,-0.0393,1.0231,buy
2022-01-31,159.1100,11273500,151.2342,159.2820,150.0935,0.0537,0.0335,-0.0685,0.0406,-0.0212,47.1799,0.0364,-0.0191,-0.0062,0.4674,0.0923,1.0792,hold
2022-02-01,160.3503,9724600,159.7256,160.6218,156.7111,0.0078,0.0706,-0.0097,0.0498,-0.0126,43.6532,0.0329,-0.0151,-0.0018,0.5170,-0.1374,0.9146,buy
2022-02-02,170.3716,25646300,163.7993,170.7699,163.1837,0.0625,0.1269,0.0912,0.1051,0.0486,51.1835,0.0357,-0.0065,0.0048,0.8199,1.6373,2.2320,sell
2022-02-03,162.1337,36120200,163.6726,173.9021,160.4951,-0.0484,0.1110,0.0757,0.0439,-0.0019,47.0711,0.0378,-0.0044,0.0060,0.5824,0.4084,2.9037,hold
2022-02-04,162.4686,15708400,162.0341,165.1301,160.0606,0.0021,0.0759,0.0882,0.0373,0.0002,44.0393,0.0374,-0.0023,0.0064,0.6052,-0.5651,1.2302,sell
2022-02-07,158.5035,10376300,162.6497,163.5368,157.9151,-0.0244,-0.0038,0.0295,0.0090,-0.0236,47.3780,0.0379,-0.0027,0.0050,0.4848,-0.3394,0.8032,buy
2022-02-08,161.6720,10163900,157.7974,162.3056,157.4987,0.0200,0.0082,0.0794,0.0215,-0.0045,54.4348,0.0365,-0.0012,0.0050,0.5898,-0.0205,0.7898,buy
2022-02-09,166.5242,9666900,164.2158,166.5695,161.9979,0.0300,-0.0226,0.1015,0.0420,0.0253,62.7577,0.0372,0.0022,0.0066,0.7528,-0.0489,0.7510,sell
2022-02-10,157.5801,14362200,162.4052,164.7499,157.0188,-0.0537,-0.0281,0.0798,-0.0211,-0.0292,55.9583,0.0401,0.0005,0.0042,0.4752,0.4857,1.0860,sell
2022-02-11,149.0434,13572000,158.1504,158.8566,148.0567,-0.0542,-0.0826,-0.0130,-0.0730,-0.0806,46.6477,0.0433,-0.0055,-0.0013,0.2102,-0.0550,1.0133,hold
2022-02-14,149.4871,8381700,149.6862,151.9494,147.0881,0.0030,-0.0569,-0.0605,-0.0646,-0.0767,49.7918,0.0391,-0.0099,-0.0046,0.2438,-0.3824,0.6286,buy
2022-02-15,156.6115,11100000,152.9904,157.4806,152.3115,0.0477,-0.0313,-0.0233,-0.0177,-0.0323,53.6066,0.0425,-0.0090,-0.0031,0.5197,0.3243,0.8305,hold
2022-02-16,156.2494,8340600,154.5113,156.8016,152.3205,-0.0023,-0.0617,-0.0829,-0.0113,-0.0342,57.3284,0.0361,-0.0087,-0.0023,0.5057,-0.2486,0.6282,sell
2022-02-17,150.9988,8878900,153.7870,154.5927,150.9083,-0.0336,-0.0418,-0.0687,-0.0377,-0.0649,49.9936,0.0345,-0.0115,-0.0039,0.3053,0.0645,0.6702,hold
2022-02-18,151.7593,9591700,151.6054,154.3031,148.6814,0.0050,0.0182,-0.0659,-0.0262,-0.0586,44.1884,0.0346,-0.0128,-0.0042,0.3266,0.0803,0.7303,sell
2022-02-22,150.1751,9835500,148.5184,153.8595,148.1020,-0.0104,0.0046,-0.0525,-0.0312,-0.0667,41.9989,0.0340,-0.0148,-0.0048,0.2769,0.0254,0.7714,sell
2022-02-23,146.3095,9749000,150.8630,153.1353,146.0380,-0.0257,-0.0658,-0.0950,-0.0467,-0.0885,29.0511,0.0334,-0.0185,-0.0067,0.1482,-0.0088,0.7675,buy
2022-02-24,152.0671,12567000,142.0276,152.4111,141.0318,0.0394,-0.0268,-0.0868,0.0003,-0.0509,40.8402,0.0347,-0.0171,-0.0046,0.3577,0.2891,0.9813,buy
2022-02-25,154.7376,7350200,151.7321,154.8825,149.9125,0.0176,0.0248,-0.0180,0.0197,-0.0331,43.2522,0.0316,-0.0148,-0.0019,0.4363,-0.4151,0.5817,hold
2022-02-28,155.6972,10638900,152.3567,156.6025,152.2662,0.0062,0.0259,0.0446,0.0216,-0.0252,47.4149,0.0256,-0.0124,0.0003,0.4641,0.4474,0.8409,sell
2022-03-01,148.1835,10723300,154.7648,155.5614,146.4001,-0.0483,-0.0133,-0.0087,-0.0269,-0.0707,38.4960,0.0306,-0.0150,-0.0014,0.1965,0.0079,0.8494,buy
2022-03-02,153.8559,7299400,150.2197,154.9831,149.4016,0.0383,0.0516,-0.0176,0.0122,-0.0344,39.3446,0.0291,-0.0129,0.0002,0.4273,-0.3193,0.5838,sell
2022-03-03,150.3106,8553900,155.1467,155.2922,149.5379,-0.0230,-0.0116,-0.0380,-0.0073,-0.0555,43.2748,0.0299,-0.0136,-0.0002,0.2998,0.1719,0.7343,sell
2022-03-04,147.5017,9057300,148.9471,150.9651,145.3472,-0.0187,-0.0468,-0.0232,-0.0236,-0.0714,48.4046,0.0285,-0.0156,-0.0015,0.2019,0.0589,0.8797,sell
2022-03-07,136.4477,13416100,147.5562,148.3198,136.3568,-0.0749,-0.1236,-0.1009,-0.0875,-0.1379,38.9364,0.0365,-0.0246,-0.0075,-0.1403,0.4812,1.3177,hold
2022-03-08,137.0477,11878400,136.9568,143.9382,134.4296,0.0044,-0.0751,-0.0874,-0.0754,-0.1310,31.3339,0.0367,-0.0299,-0.0103,-0.0146,-0.1146,1.1582,buy
2022-03-09,142.8201,9276800,141.8201,144.0655,140.1475,0.0421,-0.0717,-0.0238,-0.0341,-0.0915,38.3860,0.0394,-0.0292,-0.0083,0.2164,-0.2190,0.9084,sell
2022-03-10,140.6384,8888800,140.0293,141.1747,136.6567,-0.0153,-0.0643,-0.0752,-0.0415,-0.1023,40.5378,0.0367,-0.0310,-0.0078,0.1465,-0.0418,0.8738,sell
2022-03-11,138.4839,7394400,143.5837,143.9200,138.1931,-0.0153,-0.0611,-0.1050,-0.0456,-0.1126,38.1766,0.0357,-0.0334,-0.0079,0.1069,-0.1681,0.7526,sell
2022-03-14,128.4390,16154200,137.0840,137.5294,127.6936,-0.0725,-0.0587,-0.1751,-0.0979,-0.1731,33.1767,0.0401,-0.0435,-0.0128,-0.1126,1.1847,1.6229,buy
2022-03-15,131.0934,13893000,129.5389,131.2934,126.4027,0.0207,-0.0434,-0.1153,-0.0680,-0.1522,37.9980,0.0403,-0.0462,-0.0129,0.0490,-0.1400,1.3581,buy
2022-03-16,136.7658,11727700,133.6024,137.7749,130.5116,0.0433,-0.0424,-0.1111,-0.0158,-0.1119,37.9146,0.0410,-0.0432,-0.0090,0.2418,-0.1559,1.1430,buy
2022-03-17,138.9294,8602900,135.6204,139.0293,133.2478,0.0158,-0.0122,-0.0757,0.0081,-0.0943,37.4134,0.0416,-0.0399,-0.0050,0.3258,-0.2664,0.8374,hold
2022-03-18,139.9839,18454200,138.6476,141.8383,135.4568,0.0076,0.0108,-0.0510,0.0213,-0.0839,37.5078,0.0416,-0.0366,-0.0016,0.3737,1.1451,1.7162,hold
2022-03-21,141.4383,8986400,139.9839,143.3655,138.9112,0.0104,0.1012,0.0366,0.0282,-0.0711,44.0659,0.0334,-0.0326,0.0016,0.4332,-0.5130,0.8381,buy
2022-03-22,143.2746,7220500,141.3111,145.3927,140.6929,0.0130,0.0929,0.0454,0.0368,-0.0566,40.0172,0.0336,-0.0280,0.0046,0.5024,-0.1965,0.6817,sell
2022-03-23,138.9657,7245600,141.9111,142.9110,138.7021,-0.0301,0.0161,-0.0270,0.0085,-0.0821,39.4488,0.0324,-0.0277,0.0048,0.3752,0.0035,0.6923,buy
2022-03-24,144.0473,9261000,140.2657,144.1382,139.6203,0.0366,0.0368,0.0242,0.0427,-0.0455,46.9176,0.0342,-0.0226,0.0069,0.5542,0.2782,0.8990,hold
2022-03-25,143.6019,7198700,143.6019,144.0473,141.0656,-0.0031,0.0258,0.0370,0.0357,-0.0453,57.8747,0.0337,-0.0195,0.0081,0.5628,-0.2227,0.6993,hold
2022-03-28,144.0382,9470800,142.2656,144.0837,140.0384,0.0030,0.0184,0.1215,0.0273,-0.0395,57.7224,0.0205,-0.0165,0.0088,0.6127,0.3156,0.9253,buy
2022-03-29,146.4199,10212400,146.5472,146.6290,142.4019,0.0165,0.0220,0.1169,0.0330,-0.0205,54.2987,0.0203,-0.0125,0.0100,0.7175,0.0783,1.0003,sell
2022-03-30,138.8385,14777800,144.8927,145.6927,137.9840,-0.0518,-0.0009,0.0152,-0.0219,-0.0683,48.0962,0.0253,-0.0143,0.0075,0.4226,0.4470,1.3963,hold
2022-03-31,138.9203,13364200,138.9839,141.0293,137.2931,0.0006,-0.0356,-0.0001,-0.0214,-0.0656,50.4827,0.0248,-0.0149,0.0055,0.4485,-0.0957,1.2347,sell
2022-04-01,133.6206,19762100,138.1203,138.9658,129.5935,-0.0381,-0.0695,-0.0455,-0.0545,-0.0992,56.4045,0.0274,-0.0190,0.0018,0.1916,0.4787,1.7397,buy
2022-04-04,139.8202,12116000,134.3023,140.1111,133.3206,0.0464,-0.0293,-0.0114,-0.0095,-0.0562,59.9174,0.0316,-0.0171,0.0022,0.5258,-0.3869,1.0728,sell
2022-04-05,132.2297,15946100,138.0021,138.1840,132.0570,-0.0543,-0.0969,-0.0771,-0.0558,-0.1048,45.0604,0.0353,-0.0215,-0.0009,0.1355,0.3161,1.3869,sell
2022-04-06,126.6118,21054200,129.9025,129.9935,124.9573,-0.0425,-0.0881,-0.0889,-0.0879,-0.1401,37.5253,0.0364,-0.0285,-0.0056,-0.0417,0.3203,1.7420,hold
2022-04-07,126.5573,10201200,127.0754,128.6208,124.4665,-0.0004,-0.0890,-0.1214,-0.0767,-0.1376,36.1210,0.0330,-0.0331,-0.0081,0.0371,-0.5155,0.8395,sell
2022-04-08,124.2574,12992500,125.9391,127.2300,123.9574,-0.0182,-0.0701,-0.1347,-0.0805,-0.1508,32.5453,0.0329,-0.0384,-0.0103,0.0259,0.2736,1.0451,hold
2022-04-11,123.0484,11210400,122.0757,125.0937,121.5303,-0.0097,-0.1200,-0.1457,-0.0750,-0.1558,29.1861,0.0324,-0.0428,-0.0116,0.0232,-0.1372,0.9200,hold
2022-04-12,123.7119,10591300,125.3755,127.4118,123.1756,0.0054,-0.0644,-0.1551,-0.0539,-0.1471,33.0299,0.0314,-0.0448,-0.0110,0.0871,-0.0552,0.8812,buy
2022-04-13,127.7209,10440800,125.0301,129.6208,124.0665,0.0324,0.0088,-0.0801,-0.0149,-0.1155,31.3924,0.0321,-0.0421,-0.0075,0.2419,-0.0142,0.8733,sell
2022-04-14,124.4574,8002600,128.2208,128.6844,124.2483,-0.0256,-0.0166,-0.1041,-0.0292,-0.1326,29.4976,0.0324,-0.0437,-0.0066,0.1756,-0.2335,0.6711,buy
2022-04-18,126.6482,8785700,123.2847,127.5845,123.2302,0.0176,0.0192,-0.0522,-0.0067,-0.1129,32.0510,0.0319,-0.0415,-0.0040,0.2663,0.0979,0.7678,buy
2022-04-19,128.2208,7213800,126.2028,128.5390,125.0301,0.0124,0.0420,-0.0830,0.0148,-0.0976,30.8969,0.0273,-0.0385,-0.0011,0.3323,-0.1789,0.6354,hold
2022-04-20,127.5754,7731600,130.1844,131.6389,127.3209,-0.0050,0.0312,-0.0352,0.0135,-0.0982,36.1626,0.0220,-0.0366,0.0007,0.3323,0.0718,0.6795,sell
2022-04-21,123.7301,8576500,129.3935,130.5752,122.9574,-0.0301,-0.0312,-0.0228,-0.0148,-0.1207,32.9176,0.0197,-0.0381,0.0003,0.2403,0.1093,0.7493,sell
2022-04-22,120.7303,8315100,123.7483,124.8392,120.5849,-0.0242,-0.0299,-0.0460,-0.0342,-0.1364,34.7132,0.0209,-0.0409,-0.0012,0.1795,-0.0305,0.7295,buy
2022-04-25,124.1392,9673200,119.3758,124.3665,119.0031,0.0282,-0.0198,-0.0010,-0.0069,-0.1077,30.0855,0.0226,-0.0386,0.0000,0.3052,0.1633,0.8395,sell
2022-04-26,121.3575,9262800,122.7393,123.9483,120.5667,-0.0224,-0.0535,-0.0137,-0.0278,-0.1242,34.2714,0.0236,-0.0399,-0.0003,0.2328,-0.0424,0.8047,buy
2022-04-27,122.8120,13855900,118.9213,125.5482,118.7758,0.0120,-0.0373,-0.0073,-0.0154,-0.1103,43.7500,0.0239,-0.0383,0.0006,0.2901,0.4959,1.1849,buy
2022-04-28,134.7114,31111100,129.8753,137.4476,126.4755,0.0969,0.0888,0.0547,0.0739,-0.0210,59.6514,0.0382,-0.0267,0.0070,0.8238,1.2453,2.4868,sell
2022-04-29,126.9845,13693100,132.5479,134.0842,126.8300,-0.0574,0.0518,0.0203,0.0103,-0.0732,52.8604,0.0422,-0.0260,0.0078,0.5019,-0.5599,1.0931,buy
2022-05-02,132.0570,13320900,127.8118,132.4115,126.5027,0.0399,0.0638,0.0427,0.0461,-0.0335,58.7405,0.0436,-0.0199,0.0101,0.7735,-0.0272,1.0915,hold
2022-05-03,131.1389,7556800,131.5479,132.4388,129.7753,-0.0070,0.0806,0.0228,0.0365,-0.0373,57.1704,0.0437,-0.0164,0.0111,0.8097,-0.4327,0.6310,buy
2022-05-04,135.4932,11038100,131.4298,135.9023,127.5845,0.0332,0.1033,0.0621,0.0642,-0.0032,57.4542,0.0446,-0.0103,0.0130,1.0403,0.4607,0.9409,sell
2022-05-05,128.7572,14561400,133.6115,133.6115,126.5209,-0.0497,-0.0442,0.0406,0.0073,-0.0503,53.8663,0.0468,-0.0103,0.0114,0.6238,0.3192,1.2766,hold
2022-05-06,127.7936,10080600,128.4027,130.9934,125.3392,-0.0075,0.0064,0.0585,-0.0057,-0.0540,51.0532,0.0459,-0.0105,0.0091,0.5618,-0.3077,0.8842,sell
2022-05-09,122.6484,11668100,125.4391,127.3663,121.8666,-0.0403,-0.0712,-0.0120,-0.0446,-0.0878,45.1921,0.0474,-0.0142,0.0050,0.2606,0.1575,1.0294,hold
2022-05-10,124.3665,8841200,126.8118,127.0845,122.3848,0.0140,-0.0516,0.0248,-0.0335,-0.0707,47.2817,0.0469,-0.0153,0.0029,0.3568,-0.2423,0.7883,sell
2022-05-11,120.2667,11530900,122.7484,125.7119,119.8940,-0.0330,-0.1124,-0.0207,-0.0635,-0.0975,47.0787,0.0481,-0.0194,-0.0005,0.1385,0.3042,1.0238,hold
2022-05-12,119.7849,10749800,119.0849,120.9576,116.1942,-0.0040,-0.0697,-0.1108,-0.0563,-0.0965,49.1672,0.0337,-0.0224,-0.0027,0.1531,-0.0677,0.9531,buy
2022-05-13,122.6575,9280700,122.0757,123.6211,120.4485,0.0240,-0.0402,-0.0341,-0.0303,-0.0710,48.6823,0.0311,-0.0220,-0.0022,0.3158,-0.1367,0.8182,hold
2022-05-16,121.7302,6378800,121.7939,123.6120,119.9940,-0.0076,-0.0075,-0.0782,-0.0298,-0.0744,50.3428,0.0271,-0.0226,-0.0021,0.2838,-0.3127,0.5684,buy
2022-05-17,126.9845,9094100,124.7664,127.2663,124.2665,0.0432,0.0211,-0.0317,0.0155,-0.0331,53.5865,0.0316,-0.0184,0.0009,0.5633,0.4257,0.8036,sell
2022-05-18,118.5849,11992700,124.3847,124.7937,118.0668,-0.0661,-0.0140,-0.1248,-0.0387,-0.0945,35.2511,0.0345,-0.0225,-0.0014,0.1610,0.3187,1.0402,hold
2022-05-19,118.6941,8419500,118.5850,121.2576,117.7032,0.0009,-0.0091,-0.0782,-0.0299,-0.0903,41.1901,0.0321,-0.0242,-0.0025,0.1920,-0.2979,0.7308,hold
2022-05-20,119.6303,11370100,120.7939,121.1666,114.4124,0.0079,-0.0247,-0.0639,-0.0157,-0.0802,35.5221,0.0325,-0.0246,-0.0024,0.2425,0.3504,0.9740,hold
2022-05-23,120.1031,10023400,118.1304,120.3849,116.4941,0.0040,-0.0134,-0.0208,-0.0097,-0.0739,37.0077,0.0302,-0.0243,-0.0018,0.2794,-0.1184,0.8573,sell
2022-05-24,116.8396,9157100,118.4849,118.4849,114.5851,-0.0272,-0.0799,-0.0605,-0.0306,-0.0975,27.4604,0.0306,-0.0267,-0.0029,0.1533,-0.0864,0.7836,buy
2022-05-25,119.2940,9766000,116.1760,120.0576,115.6760,0.0210,0.0060,-0.0081,-0.0094,-0.0768,37.2457,0.0301,-0.0256,-0.0018,0.2753,0.0665,0.8506,buy
2022-05-26,122.5756,7932800,118.1850,123.6301,118.0486,0.0275,0.0327,0.0233,0.0155,-0.0493,43.3810,0.0313,-0.0221,0.0009,0.4400,-0.1877,0.7685,buy
2022-05-27,127.0481,9180800,123.7210,127.3936,123.7210,0.0365,0.0620,0.0358,0.0487,-0.0128,55.6781,0.0325,-0.0161,0.0048,0.6556,0.1573,0.9092,buy
2022-05-31,130.1935,16007300,126.8118,130.8753,124.9392,0.0248,0.0840,0.0695,0.0672,0.0132,57.2528,0.0328,-0.0096,0.0087,0.8205,0.7436,1.5645,sell
2022-06-01,127.9546,8514300,130.2666,131.5094,126.2640,-0.0172,0.0951,0.0076,0.0480,-0.0022,60.0338,0.0309,-0.0062,0.0099,0.7264,-0.4681,0.8283,buy
2022-06-02,133.6020,9589500,128.1739,133.6477,127.6621,0.0441,0.1199,0.1266,0.0810,0.0434,65.8907,0.0229,0.0002,0.0125,1.0492,0.1263,0.9395,sell
2022-06-03,129.0511,7458900,129.9284,131.0799,128.4937,-0.0341,0.0528,0.0873,0.0355,0.0095,57.0799,0.0271,0.0023,0.0121,0.8004,-0.2222,0.7571,hold
2022-06-06,128.3384,7238700,132.4598,132.4780,127.8632,-0.0055,0.0102,0.0728,0.0226,0.0064,57.3523,0.0275,0.0036,0.0107,0.7589,-0.0295,0.7455,buy
2022-06-07,129.6634,6062800,127.1412,129.9010,126.5564,0.0103,-0.0041,0.0796,0.0254,0.0190,53.2661,0.0274,0.0053,0.0098,0.7989,-0.1624,0.6430,sell
2022-06-08,126.9859,6773000,128.6217,129.5446,125.6060,-0.0206,-0.0076,0.0868,-0.0038,0.0006,61.9035,0.0266,0.0050,0.0077,0.6525,0.1171,0.7262,sell
2022-06-09,124.9298,7153200,125.8985,128.3384,124.9115,-0.0162,-0.0649,0.0472,-0.0242,-0.0122,58.3735,0.0273,0.0034,0.0050,0.5362,0.0561,0.7854,sell
2022-06-10,121.7222,8544700,123.1387,124.3358,121.0095,-0.0257,-0.0568,-0.0070,-0.0487,-0.0350,52.6476,0.0276,0.0000,0.0013,0.3626,0.1945,0.9497,sell
2022-06-13,117.5735,12320900,119.3371,120.0317,115.6910,-0.0341,-0.0839,-0.0746,-0.0742,-0.0647,47.0710,0.0261,-0.0056,-0.0034,0.1730,0.4419,1.3467,buy
2022-06-14,119.0356,6794700,118.9899,120.5617,117.7197,0.0124,-0.0820,-0.0857,-0.0544,-0.0509,52.6534,0.0246,-0.0089,-0.0054,0.2583,-0.4485,0.7410,hold
2022-06-15,119.7392,7860000,120.3241,121.7953,117.1622,0.0059,-0.0571,-0.0642,-0.0426,-0.0422,50.5617,0.0248,-0.0108,-0.0059,0.3119,0.1568,0.8630,sell
2022-06-16,110.4090,16422800,115.3803,115.7367,108.7733,-0.0779,-0.1162,-0.1736,-0.1005,-0.1137,36.6824,0.0271,-0.0201,-0.0118,-0.0497,1.0894,1.7603,hold
2022-06-17,110.5644,17273400,110.9573,112.2458,108.1610,0.0014,-0.0917,-0.1433,-0.0855,-0.1102,30.0736,0.0272,-0.0262,-0.0143,0.0226,0.0518,1.7676,buy
2022-06-21,113.6714,9208500,113.1048,115.2523,113.0591,0.0281,-0.0332,-0.1143,-0.0482,-0.0833,30.0087,0.0304,-0.0277,-0.0129,0.1706,-0.4669,0.9529,sell
2022-06-22,111.6336,9081000,111.3046,113.0043,109.9887,-0.0179,-0.0622,-0.1391,-0.0509,-0.0979,30.1554,0.0294,-0.0311,-0.0129,0.1329,-0.0138,0.9443,sell
2022-06-23,109.7419,7908900,112.1727,112.3372,108.0422,-0.0169,-0.0835,-0.1358,-0.0531,-0.1113,18.0728,0.0294,-0.0350,-0.0131,0.1032,-0.1291,0.8278,buy
2022-06-24,114.3202,8128000,111.8346,114.5670,111.2680,0.0417,0.0354,-0.0849,-0.0045,-0.0728,30.3030,0.0342,-0.0325,-0.0092,0.2686,0.0277,0.8580,buy
2022-06-27,116.2210,9947300,115.3254,118.8345,114.6309,0.0166,0.0512,-0.0452,0.0169,-0.0556,34.2964,0.0344,-0.0295,-0.0053,0.3424,0.2238,1.0391,buy
2022-06-28,120.2601,27081900,118.5969,124.6922,115.6910,0.0348,0.0580,0.0229,0.0498,-0.0221,38.6147,0.0347,-0.0236,-0.0002,0.4830,1.7225,2.5870,sell
2022-06-29,119.0081,9973300,118.8711,120.2327,115.9651,-0.0104,0.0661,-0.0002,0.0389,-0.0311,39.9954,0.0347,-0.0206,0.0025,0.4586,-0.6317,0.9810,sell
2022-06-30,116.7327,9277900,116.6139,118.8802,114.5304,-0.0191,0.0637,-0.0251,0.0217,-0.0478,39.7766,0.0352,-0.0196,0.0031,0.3973,-0.0697,0.9092,sell
2022-07-01,112.8855,7672800,114.9142,115.8372,111.5787,-0.0330,-0.0126,0.0224,-0.0141,-0.0770,39.1519,0.0261,-0.0217,0.0014,0.2782,-0.1730,0.7590,buy
2022-07-05,114.9873,8113100,110.6649,115.2980,109.9887,0.0186,-0.0106,0.0400,0.0004,-0.0585,46.6572,0.0266,-0.0207,0.0016,0.3783,0.0574,0.8000,buy
2022-07-06,116.1113,6038400,115.1975,117.1805,114.2837,0.0098,-0.0345,0.0215,0.0080,-0.0485,46.1869,0.0253,-0.0190,0.0025,0.4456,-0.2557,0.5989,buy
2022-07-07,122.8188,9408100,119.3920,123.1021,119.0356,0.0578,0.0320,0.1002,0.0560,0.0066,53.4721,0.0295,-0.0123,0.0064,0.7998,0.5580,0.9179,buy
2022-07-08,124.2901,8393200,121.1008,124.6373,120.2784,0.0120,0.0647,0.1326,0.0554,0.0182,69.0208,0.0280,-0.0067,0.0094,0.9037,-0.1079,0.8125,sell
2022-07-11,120.8450,5887200,122.0787,123.0016,120.0043,-0.0277,0.0705,0.0571,0.0205,-0.0097,62.9222,0.0286,-0.0047,0.0095,0.7439,-0.2986,0.5734,hold
2022-07-12,121.4938,5991300,122.2157,123.6870,120.5891,0.0054,0.0566,0.0454,0.0214,-0.0022,60.4800,0.0284,-0.0025,0.0093,0.7830,0.0177,0.5909,buy
2022-07-13,123.9520,7200200,119.3006,124.9937,119.2732,0.0202,0.0675,0.0307,0.0389,0.0185,66.3196,0.0270,0.0009,0.0100,0.8806,0.2018,0.7285,buy
2022-07-14,129.6726,10718700,123.3123,130.0838,122.3162,0.0462,0.0558,0.0896,0.0772,0.0659,73.9724,0.0296,0.0068,0.0124,1.0642,0.4887,1.0634,buy
2022-07-15,131.9297,11880500,131.3723,132.9441,129.7914,0.0174,0.0615,0.1302,0.0823,0.0843,72.4331,0.0280,0.0126,0.0145,1.0504,0.1084,1.1557,sell
2022-07-18,129.4807,7856600,133.3919,133.8122,128.6857,-0.0186,0.0715,0.1470,0.0479,0.0652,66.6591,0.0256,0.0159,0.0142,0.9013,-0.3387,0.7975,buy
2022-07-19,134.6712,9686500,131.7195,135.6764,130.8423,0.0401,0.1085,0.1712,0.0729,0.1069,67.5966,0.0269,0.0205,0.0151,1.0106,0.2329,1.0226,buy
2022-07-20,138.6373,8517400,134.7260,139.2038,133.9858,0.0294,0.1185,0.1940,0.0850,0.1374,72.4781,0.0271,0.0259,0.0165,1.0366,-0.1207,0.9024,buy
2022-07-21,142.4296,8060400,139.7064,142.4845,137.6503,0.0274,0.0984,0.1597,0.0978,0.1648,78.4386,0.0237,0.0316,0.0180,1.0446,-0.0537,0.8587,sell
2022-07-22,140.4557,7200100,142.2469,143.1607,139.2221,-0.0139,0.0646,0.1301,0.0693,0.1456,81.8317,0.0254,0.0357,0.0175,0.9347,-0.1067,0.7699,hold
2022-07-25,140.0445,4928900,139.6333,140.7665,138.6007,-0.0029,0.0816,0.1589,0.0508,0.1386,80.1055,0.0220,0.0380,0.0158,0.8764,-0.3154,0.5362,sell
2022-07-26,137.0472,5941800,139.4688,139.5419,136.9010,-0.0214,0.0176,0.1280,0.0164,0.1111,74.0703,0.0248,0.0384,0.0126,0.7684,0.2055,0.6608,buy
2022-07-27,140.1999,12863000,138.4728,141.4610,137.5772,0.0230,0.0113,0.1311,0.0274,0.1334,71.7621,0.0249,0.0386,0.0107,0.8151,1.1648,1.5534,sell
2022-07-28,133.8305,17051000,136.8736,137.0655,130.6778,-0.0454,-0.0604,0.0321,-0.0222,0.0798,60.6401,0.0279,0.0370,0.0062,0.6352,0.3256,1.9748,sell
2022-07-29,132.5602,11749400,132.1399,132.7887,128.5485,-0.0095,-0.0562,0.0048,-0.0320,0.0686,63.7317,0.0277,0.0335,0.0019,0.5851,-0.3109,1.3416,buy
2022-08-01,134.7260,7611400,131.8749,136.5811,131.6556,0.0163,-0.0380,0.0405,-0.0199,0.0832,64.9772,0.0272,0.0308,-0.0002,0.6249,-0.3522,0.8694,hold
2022-08-02,134.3605,5946400,133.1360,136.5263,132.3592,-0.0027,-0.0196,-0.0023,-0.0223,0.0776,62.3670,0.0241,0.0287,-0.0019,0.5944,-0.2188,0.6877,buy
2022-08-03,136.3070,6890200,134.9362,137.3853,133.9584,0.0145,-0.0278,-0.0168,-0.0065,0.0903,58.6594,0.0225,0.0274,-0.0022,0.6407,0.1587,0.7930,buy
2022-08-04,137.9975,6254700,135.8683,138.1346,134.9819,0.0124,0.0311,-0.0311,0.0091,0.1007,58.0387,0.0208,0.0271,-0.0018,0.6831,-0.0922,0.7331,hold
2022-08-05,137.2665,5041300,135.7678,138.2443,134.9454,-0.0053,0.0355,-0.0227,0.0061,0.0913,60.8067,0.0205,0.0265,-0.0020,0.6362,-0.1940,0.6027,sell
2022-08-08,135.0733,5553300,136.9009,138.1620,133.9219,-0.0160,0.0026,-0.0355,-0.0064,0.0712,50.6087,0.0209,0.0247,-0.0034,0.5217,0.1016,0.6653,sell
2022-08-09,130.2300,6770800,133.0446,133.8762,129.1334,-0.0359,-0.0307,-0.0497,-0.0372,0.0315,37.6010,0.0227,0.0206,-0.0069,0.2349,0.2192,0.8074,buy
2022-08-10,134.3240,6840000,133.2822,134.4976,131.3083,0.0314,-0.0145,-0.0419,-0.0026,0.0627,38.1513,0.0240,0.0183,-0.0066,0.4169,0.0102,0.8174,hold
2022-08-11,135.0916,6243200,135.5302,138.5733,134.3514,0.0057,-0.0211,0.0094,0.0022,0.0679,41.8721,0.0192,0.0172,-0.0061,0.4465,-0.0873,0.7666,buy
2022-08-12,138.2534,4967500,135.2469,138.4179,134.4976,0.0234,0.0072,0.0429,0.0214,0.0912,47.4949,0.0200,0.0176,-0.0041,0.6558,-0.2043,0.6370,hold
2022-08-15,139.0211,4502900,137.3670,139.5419,135.6125,0.0056,0.0292,0.0319,0.0238,0.0963,52.9444,0.0195,0.0184,-0.0025,0.6969,-0.0935,0.5901,sell
2022-08-16,137.1020,5270800,138.3997,139.3500,136.0237,-0.0138,0.0528,0.0204,0.0076,0.0798,45.2024,0.0202,0.0181,-0.0025,0.5294,0.1705,0.7113,sell
2022-08-17,135.7313,5169600,135.4571,136.7365,133.7483,-0.0100,0.0105,-0.0042,-0.0020,0.0677,53.4829,0.0200,0.0168,-0.0032,0.4269,-0.0192,0.7138,buy
2022-08-18,138.3357,7808200,135.3109,139.7338,135.0276,0.0192,0.0240,0.0025,0.0169,0.0867,60.0894,0.0206,0.0166,-0.0024,0.6804,0.5104,1.0799,sell
2022-08-19,134.8814,5400300,136.4257,137.4218,134.2417,-0.0250,-0.0244,-0.0174,-0.0068,0.0583,50.2596,0.0221,0.0149,-0.0037,0.3775,-0.3084,0.7563,sell
2022-08-22,129.4076,6736800,132.7796,133.2457,128.9415,-0.0406,-0.0692,-0.0419,-0.0431,0.0146,42.9280,0.0251,0.0103,-0.0073,-0.0586,0.2475,0.9317,hold
2022-08-23,128.5943,4499300,129.8462,131.2352,128.4480,-0.0063,-0.0621,-0.0126,-0.0480,0.0072,38.6192,0.0225,0.0056,-0.0097,-0.0215,-0.3321,0.6285,hold
2022-08-24,129.1334,5113100,128.1647,129.4989,126.6661,0.0042,-0.0486,-0.0386,-0.0403,0.0096,36.4601,0.0196,0.0021,-0.0105,0.0708,0.1364,0.7551,buy
2022-08-25,133.6478,5618800,130.0747,134.3331,129.7823,0.0350,-0.0339,-0.0107,-0.0057,0.0425,45.0451,0.0230,0.0021,-0.0081,0.4253,0.0989,0.9063,sell
2022-08-26,126.4559,7918600,133.5655,134.6621,126.1543,-0.0538,-0.0625,-0.0853,-0.0509,-0.0147,39.6215,0.0267,-0.0023,-0.0104,-0.0361,0.4093,1.3180,sell
2022-08-29,125.2679,6852300,125.9350,127.1413,124.3815,-0.0094,-0.0320,-0.0989,-0.0500,-0.0262,43.4468,0.0262,-0.0066,-0.0119,-0.0125,-0.1347,1.1478,sell
2022-08-30,122.8279,6147400,125.9258,126.3827,121.4846,-0.0195,-0.0448,-0.1041,-0.0583,-0.0470,34.1242,0.0264,-0.0117,-0.0136,-0.0383,-0.1029,1.0280,sell
2022-08-31,121.5506,8701100,122.9474,123.2967,120.6592,-0.0104,-0.0587,-0.1045,-0.0578,-0.0580,31.5597,0.0264,-0.0165,-0.0147,-0.0040,0.4154,1.4333,sell
2022-09-01,119.3911,8716300,119.4462,119.5841,115.8623,-0.0178,-0.1067,-0.1369,-0.0608,-0.0759,23.5922,0.0242,-0.0217,-0.0159,-0.0071,0.0017,1.4073,sell
2022-09-02,118.0678,6121400,120.9717,121.9182,117.2223,-0.0111,-0.0663,-0.1247,-0.0587,-0.0873,21.1142,0.0239,-0.0265,-0.0165,0.0217,-0.2977,0.9798,sell
2022-09-06,116.4044,6674200,118.3986,119.0235,115.9817,-0.0141,-0.0708,-0.1005,-0.0623,-0.1004,21.2641,0.0219,-0.0313,-0.0170,0.0383,0.0903,1.0588,buy
2022-09-07,118.1780,5340100,117.1396,119.2624,116.1287,0.0152,-0.0379,-0.0810,-0.0399,-0.0870,25.8992,0.0234,-0.0327,-0.0149,0.1429,-0.1999,0.8569,hold
2022-09-08,118.4078,6618800,117.1396,119.2808,115.6969,0.0019,-0.0259,-0.0831,-0.0296,-0.0850,20.7301,0.0232,-0.0336,-0.0126,0.1868,0.2395,1.0639,buy
2022-09-09,121.3485,5097300,120.0895,121.8631,119.7495,0.0248,0.0164,-0.0920,0.0046,-0.0626,29.8185,0.0213,-0.0312,-0.0086,0.3012,-0.2299,0.8270,buy
2022-09-12,122.2215,7081300,122.2215,123.3426,121.5966,0.0072,0.0352,-0.0335,0.0154,-0.0566,37.5790,0.0149,-0.0289,-0.0051,0.3480,0.3892,1.1295,sell
2022-09-13,114.8055,9610900,117.9759,119.3727,114.4011,-0.0607,-0.0137,-0.0835,-0.0378,-0.1141,30.5955,0.0236,-0.0337,-0.0068,0.1359,0.3572,1.4730,buy
2022-09-14,117.1948,7509300,116.0369,117.5348,115.3293,0.0208,-0.0083,-0.0459,-0.0132,-0.0960,34.0307,0.0249,-0.0333,-0.0055,0.2398,-0.2187,1.1315,sell
2022-09-15,114.8514,7459600,116.4320,117.7002,114.1622,-0.0200,-0.0300,-0.0551,-0.0274,-0.1139,23.3075,0.0253,-0.0355,-0.0057,0.1856,-0.0066,1.1049,hold
2022-09-16,114.8238,13818500,114.0611,115.5498,113.0778,-0.0002,-0.0538,-0.0383,-0.0239,-0.1130,29.2616,0.0250,-0.0363,-0.0052,0.1973,0.8524,1.9596,buy
2022-09-19,116.3861,5922700,113.6016,116.8731,113.4087,0.0136,-0.0477,-0.0142,-0.0092,-0.0999,34.3734,0.0254,-0.0349,-0.0034,0.2749,-0.5714,0.8368,sell
2022-09-20,114.6584,5672700,115.5498,116.2942,113.8498,-0.0148,-0.0013,-0.0150,-0.0224,-0.1124,35.2571,0.0254,-0.0356,-0.0028,0.2244,-0.0422,0.8075,hold
2022-09-21,114.5206,8123700,115.2741,119.2716,114.4103,-0.0012,-0.0228,-0.0309,-0.0205,-0.1125,36.7693,0.0247,-0.0354,-0.0021,0.2425,0.4321,1.1274,sell
2022-09-22,113.6568,8753000,114.6401,115.0168,112.5448,-0.0075,-0.0104,-0.0401,-0.0240,-0.1178,38.6546,0.0247,-0.0357,-0.0017,0.2238,0.0775,1.1848,sell
2022-09-23,111.3686,10681300,112.4254,112.7378,109.4020,-0.0201,-0.0301,-0.0822,-0.0353,-0.1331,37.2330,0.0230,-0.0376,-0.0024,0.0843,0.2203,1.3979,sell
2022-09-26,110.0361,6424600,111.6902,113.1973,109.8982,-0.0120,-0.0546,-0.0997,-0.0367,-0.1405,37.7085,0.0223,-0.0396,-0.0031,0.0397,-0.3985,0.8491,hold
2022-09-27,110.5874,5544400,111.7086,112.7378,109.1263,0.0050,-0.0355,-0.0367,-0.0283,-0.1336,34.6241,0.0139,-0.0397,-0.0028,0.1009,-0.1370,0.7392,sell
2022-09-28,109.2917,11321200,108.9701,110.6885,108.2349,-0.0117,-0.0457,-0.0674,-0.0330,-0.1404,32.2984,0.0110,-0.0410,-0.0028,0.0633,1.0419,1.4590,sell
2022-09-29,105.5332,12125800,107.7754,107.9501,104.2650,-0.0344,-0.0715,-0.0811,-0.0585,-0.1656,20.2352,0.0136,-0.0454,-0.0047,-0.0704,0.0711,1.5289,sell
2022-09-30,103.8239,7568100,104.5407,106.8565,103.7688,-0.0162,-0.0677,-0.0958,-0.0645,-0.1741,16.4320,0.0135,-0.0493,-0.0064,-0.0514,-0.3759,0.9612,buy
2022-10-03,107.7203,7481700,105.6710,108.7311,104.4580,0.0375,-0.0210,-0.0745,-0.0218,-0.1386,35.1674,0.0191,-0.0464,-0.0041,0.1893,-0.0114,0.9421,buy
2022-10-04,112.4529,6637200,110.6426,112.5264,110.5691,0.0439,0.0169,-0.0192,0.0232,-0.0968,40.9600,0.0248,-0.0398,0.0006,0.4412,-0.1129,0.8360,buy
2022-10-05,114.7687,7070300,111.0837,115.3844,110.7620,0.0206,0.0501,0.0022,0.0441,-0.0748,49.8421,0.0258,-0.0334,0.0050,0.5710,0.0653,0.8809,hold
2022-10-06,115.1271,6238600,114.4195,116.9007,114.3184,0.0031,0.0909,0.0129,0.0459,-0.0682,50.5715,0.0256,-0.0283,0.0080,0.6012,-0.1176,0.7791,sell
2022-10-07,111.1113,8618500,112.6827,114.0519,110.5691,-0.0349,0.0702,-0.0023,0.0097,-0.0974,40.9004,0.0274,-0.0278,0.0078,0.4031,0.3815,1.0532,sell
2022-10-10,105.3126,9512600,110.8172,111.2307,104.2558,-0.0522,-0.0224,-0.0429,-0.0389,-0.1407,35.8632,0.0319,-0.0321,0.0044,0.0783,0.1037,1.1454,sell
2022-10-11,101.1130,10758800,102.9233,103.3736,99.8448,-0.0399,-0.1008,-0.0857,-0.0692,-0.1704,31.9386,0.0336,-0.0387,-0.0005,-0.0586,0.1310,1.2866,sell
2022-10-12,99.8356,6987900,101.3795,101.8206,99.5967,-0.0126,-0.1301,-0.0865,-0.0728,-0.1762,31.5867,0.0336,-0.0439,-0.0042,-0.0300,-0.3505,0.8383,buy
2022-10-13,103.7136,10455000,96.8398,105.8640,96.1782,0.0388,-0.0991,-0.0172,-0.0352,-0.1396,40.2161,0.0353,-0.0423,-0.0033,0.1992,0.4962,1.2321,sell
2022-10-14,101.0395,7989800,105.3402,105.6710,100.8924,-0.0258,-0.0906,-0.0268,-0.0576,-0.1566,38.8826,0.0359,-0.0451,-0.0041,0.1171,-0.2358,0.9750,buy
2022-10-17,102.5466,7886400,104.6877,105.2024,101.6460,0.0149,-0.0263,-0.0480,-0.0389,-0.1390,40.2929,0.0338,-0.0441,-0.0029,0.2162,-0.0129,0.9510,hold
2022-10-18,102.1974,8908900,105.6343,106.6819,100.6627,-0.0034,0.0107,-0.0912,-0.0329,-0.1372,41.2352,0.0292,-0.0437,-0.0019,0.2272,0.1297,1.0538,buy
2022-10-19,103.7044,5620200,101.8757,104.4580,101.7746,0.0147,0.0388,-0.0964,-0.0083,-0.1205,47.6076,0.0286,-0.0410,0.0001,0.3208,-0.3691,0.6748,hold
2022-10-20,102.9050,7736400,103.9985,106.6819,102.6660,-0.0077,-0.0078,-0.1062,-0.0043,-0.1226,48.7685,0.0283,-0.0399,0.0013,0.3015,0.3765,0.9345,buy
2022-10-21,106.3602,7490100,102.6936,106.5900,102.0228,0.0336,0.0527,-0.0428,0.0339,-0.0887,48.1555,0.0301,-0.0344,0.0043,0.4947,-0.0318,0.9226,hold
2022-10-24,106.9484,6525700,106.9116,107.5365,104.9818,0.0055,0.0429,0.0155,0.0380,-0.0787,41.5894,0.0249,-0.0302,0.0067,0.5351,-0.1288,0.8033,buy
2022-10-25,109.5123,6205100,107.1230,110.2199,106.8105,0.0240,0.0716,0.0831,0.0543,-0.0518,42.0290,0.0208,-0.0241,0.0095,0.6795,-0.0491,0.7607,sell
2022-10-26,108.5382,7342300,108.4738,110.9550,106.7462,-0.0089,0.0466,0.0872,0.0362,-0.0556,40.1915,0.0204,-0.0206,0.0107,0.6286,0.1833,0.9226,sell
2022-10-27,105.4045,8937200,109.6501,110.8264,105.1105,-0.0289,0.0243,0.0163,0.0047,-0.0780,41.2756,0.0205,-0.0203,0.0095,0.4556,0.2172,1.1460,buy
2022-10-28,109.5490,9418700,104.9175,109.7696,103.2266,0.0393,0.0300,0.0842,0.0358,-0.0369,56.8216,0.0211,-0.0156,0.0105,0.6681,0.0539,1.1936,sell
2022-10-31,108.1246,6870800,108.5566,108.7863,106.0478,-0.0130,0.0110,0.0544,0.0169,-0.0449,62.3985,0.0220,-0.0136,0.0103,0.5885,-0.2705,0.8741,hold
2022-11-01,107.8214,5749100,110.0361,110.8539,107.2884,-0.0028,-0.0154,0.0550,0.0087,-0.0439,64.6248,0.0219,-0.0119,0.0096,0.5886,-0.1633,0.7355,sell
2022-11-02,103.3828,13936300,109.0895,109.1631,103.1531,-0.0412,-0.0475,-0.0031,-0.0325,-0.0792,49.4063,0.0261,-0.0143,0.0065,0.3506,1.4241,1.7080,sell
2022-11-03,95.4614,24706100,95.9209,97.8691,93.6694,-0.0766,-0.0943,-0.0723,-0.1004,-0.1446,41.5764,0.0357,-0.0236,-0.0008,-0.0974,0.7728,2.7201,buy
2022-11-04,98.0437,11977900,97.9701,98.7880,95.8749,0.0271,-0.1050,-0.0782,-0.0687,-0.1158,43.4140,0.0349,-0.0267,-0.0037,0.1080,-0.5152,1.2948,buy
2022-11-07,101.1681,7570800,98.7697,101.3427,97.6485,0.0319,-0.0643,-0.0540,-0.0337,-0.0835,48.6077,0.0369,-0.0260,-0.0029,0.3264,-0.3679,0.8271,buy
2022-11-08,103.4196,9383600,102.5282,105.5791,101.0119,0.0223,-0.0408,-0.0556,-0.0065,-0.0593,49.6222,0.0368,-0.0235,-0.0007,0.4632,0.2394,1.0329,sell
2022-11-09,101.4806,9581300,102.4271,104.3110,101.3335,-0.0187,-0.0184,-0.0650,-0.0184,-0.0734,48.1665,0.0370,-0.0237,-0.0004,0.3281,0.0211,1.0398,buy
2022-11-10,110.8999,11673200,106.5165,111.1940,105.2483,0.0928,0.1617,0.0521,0.0670,0.0146,55.0656,0.0473,-0.0144,0.0055,0.8991,0.2183,1.2585,hold
2022-11-11,111.5891,9433800,109.3468,112.2599,109.3468,0.0062,0.1382,0.0186,0.0715,0.0224,55.1668,0.0458,-0.0080,0.0094,0.8883,-0.1918,1.0092,hold
2022-11-14,111.0102,6971000,110.9550,113.2249,110.5139,-0.0052,0.0973,0.0267,0.0630,0.0184,51.7448,0.0456,-0.0035,0.0113,0.8174,-0.2611,0.7494,buy
2022-11-15,115.8071,12470200,115.4671,117.7461,113.4178,0.0432,0.1198,0.0741,0.1006,0.0625,57.7747,0.0472,0.0035,0.0141,0.9935,0.7889,1.3154,sell
2022-11-16,110.9458,9561700,113.2157,113.8038,110.2382,-0.0420,0.0933,0.0732,0.0468,0.0192,55.7156,0.0473,0.0057,0.0134,0.7253,-0.2332,0.9881,buy
2022-11-17,112.9032,7273700,109.3101,113.1422,109.0896,0.0176,0.0181,0.1827,0.0481,0.0383,53.6232,0.0367,0.0085,0.0129,0.7905,-0.2393,0.7534,hold
2022-11-18,113.8130,6436600,113.9876,114.4011,112.2324,0.0081,0.0199,0.1608,0.0413,0.0481,56.2136,0.0367,0.0112,0.0124,0.8035,-0.1151,0.6704,sell
2022-11-21,110.4588,8204200,111.2767,112.5724,110.3669,-0.0295,-0.0050,0.0918,0.0021,0.0194,52.7009,0.0387,0.0112,0.0100,0.6381,0.2746,0.8471,buy
2022-11-22,113.6292,7010200,111.0469,113.7578,110.3026,0.0287,-0.0188,0.0987,0.0214,0.0489,60.7729,0.0390,0.0128,0.0093,0.7671,-0.1455,0.7208,buy
2022-11-23,115.0076,5481500,113.5281,116.7445,113.2984,0.0121,0.0366,0.1333,0.0213,0.0621,73.8293,0.0377,0.0149,0.0091,0.8016,-0.2181,0.5691,sell
2022-11-25,113.4454,3153800,114.7411,115.2006,113.3995,-0.0136,0.0048,0.0230,0.0052,0.0479,69.2555,0.0259,0.0156,0.0078,0.7139,-0.4246,0.3375,sell
2022-11-28,109.8523,7087500,112.2599,113.4454,109.2182,-0.0317,-0.0348,-0.0156,-0.0252,0.0156,60.7313,0.0280,0.0138,0.0046,0.5609,1.2473,0.7682,sell
2022-11-29,108.7863,6277600,110.4037,111.5340,108.7312,-0.0097,-0.0151,-0.0200,-0.0327,0.0072,56.8320,0.0281,0.0111,0.0014,0.5144,-0.1143,0.6826,buy
2022-11-30,116.9802,12776700,109.8221,117.0819,109.1932,0.0753,0.0295,0.0101,0.0391,0.0826,67.0209,0.0348,0.0137,0.0038,0.8256,1.0353,1.3381,hold
2022-12-01,117.2761,7924800,117.1929,118.5616,116.2311,0.0025,0.0197,0.0571,0.0359,0.0848,58.7567,0.0313,0.0164,0.0052,0.8034,-0.3797,0.8569,hold
2022-12-02,116.2126,6122200,114.4092,116.3605,113.8635,-0.0091,0.0244,0.0293,0.0235,0.0744,56.2850,0.0313,0.0178,0.0052,0.7517,-0.2275,0.7360,sell
2022-12-05,114.0300,6091600,115.2138,116.0369,113.2254,-0.0188,0.0380,0.0019,0.0041,0.0537,53.9335,0.0320,0.0174,0.0036,0.6375,-0.0050,0.7591,sell
2022-12-06,110.7747,5968000,113.5861,113.7526,109.6556,-0.0285,0.0183,0.0029,-0.0249,0.0235,43.1706,0.0319,0.0147,0.0005,0.4297,-0.0203,0.7512,sell
2022-12-07,109.3227,5427100,109.5909,111.2741,108.9065,-0.0131,-0.0655,-0.0379,-0.0340,0.0103,47.5727,0.0306,0.0112,-0.0026,0.2994,-0.0906,0.7006,buy
2022-12-08,112.5965,7347600,110.0348,113.1514,109.2949,0.0299,-0.0399,-0.0210,-0.0029,0.0400,49.5587,0.0321,0.0102,-0.0025,0.4834,0.3539,0.9624,sell
2022-12-09,110.0995,6036000,111.3573,112.2729,109.9146,-0.0222,-0.0526,-0.0295,-0.0221,0.0160,44.8905,0.0325,0.0080,-0.0040,0.2475,-0.1785,0.8209,buy
2022-12-12,112.0971,9008400,107.3343,112.1341,107.3343,0.0181,-0.0170,0.0204,-0.0064,0.0329,52.3417,0.0314,0.0073,-0.0036,0.4368,0.4924,1.2287,buy
2022-12-13,114.2057,9712700,117.4333,118.3304,112.6613,0.0188,0.0310,0.0498,0.0075,0.0511,50.8498,0.0314,0.0082,-0.0021,0.6255,0.0782,1.3005,sell
2022-12-14,112.5595,9444100,114.8901,117.0634,111.0706,-0.0144,0.0296,-0.0378,-0.0032,0.0359,46.4196,0.0199,0.0078,-0.0021,0.4809,-0.0277,1.2907,sell
2022-12-15,107.8707,10207800,111.2093,111.4590,107.3528,-0.0417,-0.0420,-0.0802,-0.0367,-0.0060,42.5301,0.0231,0.0042,-0.0049,0.0608,0.0809,1.3889,sell
2022-12-16,105.9194,12733900,107.3528,107.8892,104.8281,-0.0181,-0.0380,-0.0886,-0.0453,-0.0223,44.4875,0.0233,-0.0004,-0.0077,-0.0146,0.2475,1.6705,sell
2022-12-19,104.1437,7720200,105.4385,106.5020,103.1264,-0.0168,-0.0710,-0.0867,-0.0529,-0.0375,43.6197,0.0232,-0.0055,-0.0104,-0.0382,-0.3937,1.0043,hold
2022-12-20,103.6721,6260200,103.0247,104.3009,102.7472,-0.0045,-0.0922,-0.0641,-0.0510,-0.0415,26.7828,0.0221,-0.0099,-0.0118,0.0119,-0.1891,0.8248,buy
2022-12-21,105.9748,5843800,104.2824,106.3170,104.2177,0.0222,-0.0585,-0.0306,-0.0270,-0.0211,31.5741,0.0237,-0.0111,-0.0104,0.1920,-0.0665,0.7759,sell
2022-12-22,102.3588,12051400,104.1067,104.1252,99.3069,-0.0341,-0.0511,-0.0909,-0.0513,-0.0550,29.1481,0.0225,-0.0153,-0.0117,0.0458,1.0623,1.5333,hold
2022-12-23,102.5068,5356700,101.4525,102.5808,100.0745,0.0014,-0.0322,-0.0690,-0.0432,-0.0534,31.5243,0.0222,-0.0181,-0.0115,0.1091,-0.5555,0.6721,sell
2022-12-27,101.2305,6158100,101.4987,102.3681,100.7034,-0.0125,-0.0280,-0.0969,-0.0454,-0.0652,33.6605,0.0204,-0.0213,-0.0117,0.0968,0.1496,0.7772,sell
2022-12-28,98.9277,5395600,100.6849,101.9796,98.7890,-0.0227,-0.0458,-0.1338,-0.0535,-0.0859,32.7076,0.0180,-0.0257,-0.0128,0.0532,-0.1238,0.6848,buy
2022-12-29,101.5820,6668600,100.2040,102.3403,99.9820,0.0268,-0.0415,-0.0975,-0.0178,-0.0612,31.2912,0.0222,-0.0257,-0.0105,0.2004,0.2359,0.8805,hold
2022-12-30,101.6745,5642300,99.8526,101.7854,99.1589,0.0009,-0.0067,-0.0574,-0.0109,-0.0600,34.4167,0.0193,-0.0259,-0.0085,0.2272,-0.1539,0.7564,sell
2023-01-03,99.1404,8110400,102.9784,103.3391,99.0757,-0.0249,-0.0328,-0.0640,-0.0292,-0.0828,26.5012,0.0199,-0.0284,-0.0085,0.1383,0.4374,1.0729,buy
2023-01-04,103.1449,7614200,101.5450,103.7923,100.6294,0.0404,0.0189,-0.0096,0.0110,-0.0452,31.2304,0.0243,-0.0253,-0.0049,0.3531,-0.0612,0.9972,sell
2023-01-05,101.1750,7546000,101.6652,102.5808,100.9253,-0.0191,0.0227,-0.0241,-0.0059,-0.0624,30.8910,0.0250,-0.0254,-0.0037,0.2751,-0.0090,0.9782,buy
2023-01-06,106.6685,10259300,102.6178,107.2604,101.7762,0.0543,0.0501,0.0065,0.0474,-0.0110,48.0351,0.0300,-0.0195,0.0009,0.5680,0.3596,1.2895,hold
2023-01-09,105.9933,10291800,107.9540,109.9146,105.0038,-0.0063,0.0425,0.0355,0.0371,-0.0168,50.1262,0.0276,-0.0163,0.0034,0.5533,0.0032,1.2701,buy
2023-01-10,108.1204,6384800,105.4477,108.1759,105.1703,0.0201,0.0906,0.0548,0.0521,0.0024,56.7020,0.0280,-0.0116,0.0061,0.6828,-0.3796,0.7863,buy
2023-01-11,109.4892,7374400,108.6106,109.5909,106.5112,0.0127,0.0615,0.0816,0.0569,0.0151,59.5158,0.0274,-0.0070,0.0084,0.7816,0.1550,0.9173,buy
2023-01-12,112.4486,9527600,110.2753,113.1792,108.8048,0.0270,0.1114,0.1367,0.0715,0.0417,60.3673,0.0256,-0.0012,0.0111,0.9882,0.2920,1.1866,sell
2023-01-13,111.2001,8040400,110.8116,112.2913,110.7192,-0.0111,0.0425,0.0947,0.0500,0.0295,65.3205,0.0261,0.0024,0.0118,0.9279,-0.1561,1.0102,hold
2023-01-17,111.2371,6179500,110.7377,112.1989,110.0718,0.0003,0.0495,0.0941,0.0409,0.0284,65.1866,0.0261,0.0051,0.0117,0.8968,-0.2314,0.7965,buy
2023-01-18,112.8647,10960400,112.4763,114.6681,111.9122,0.0146,0.0439,0.1384,0.0428,0.0401,69.9936,0.0232,0.0083,0.0118,0.9352,0.7737,1.4291,sell
2023-01-19,108.7401,8716200,111.9584,111.9954,108.5921,-0.0365,-0.0068,0.0542,-0.0005,0.0001,65.8690,0.0258,0.0081,0.0094,0.6860,-0.2048,1.1292,buy
2023-01-20,113.6601,8895000,109.5169,113.7156,108.5181,0.0452,0.0108,0.1234,0.0329,0.0430,68.1995,0.0270,0.0108,0.0096,0.9022,0.0205,1.1330,buy
2023-01-23,121.1788,13419500,117.0264,122.1314,116.3605,0.0662,0.0897,0.1360,0.0869,0.1083,74.0150,0.0292,0.0172,0.0128,1.1142,0.5087,1.6306,hold
2023-01-24,120.8737,7952400,120.7349,122.9730,120.3650,-0.0025,0.0866,0.1404,0.0699,0.1016,78.3132,0.0290,0.0223,0.0144,1.0026,-0.4074,0.9910,hold
2023-01-25,121.3083,6880300,118.7928,121.6505,118.0992,0.0036,0.0748,0.1220,0.0613,0.1035,76.0892,0.0290,0.0263,0.0147,0.9462,-0.1348,0.8493,buy
2023-01-26,123.8886,7413600,124.3048,124.7117,121.2991,0.0213,0.1393,0.1315,0.0704,0.1245,82.0626,0.0292,0.0302,0.0151,0.9610,0.0775,0.9081,hold
2023-01-27,123.3707,6581900,121.6043,124.7486,121.5395,-0.0042,0.0854,0.0971,0.0560,0.1173,77.4300,0.0291,0.0332,0.0144,0.8972,-0.1122,0.8004,sell
2023-01-30,121.7337,9854300,121.1973,122.4458,120.3650,-0.0133,0.0046,0.0947,0.0326,0.1012,75.0589,0.0293,0.0344,0.0123,0.8116,0.4972,1.1756,buy
2023-01-31,123.1950,7125100,121.4471,123.5926,121.4471,0.0120,0.0192,0.1075,0.0345,0.1120,74.5186,0.0292,0.0352,0.0107,0.8238,-0.2770,0.8426,buy
2023-02-01,128.0502,10500600,122.7048,129.4190,122.7048,0.0394,0.0556,0.1345,0.0618,0.1527,77.1143,0.0306,0.0374,0.0110,0.9328,0.4737,1.2244,sell
2023-02-02,125.6365,17673200,128.0503,128.6976,124.6654,-0.0189,0.0141,0.1554,0.0274,0.1285,69.5772,0.0277,0.0389,0.0097,0.8242,0.6831,1.9466,hold
2023-02-03,124.8689,13187300,121.2991,127.9948,118.9038,-0.0061,0.0121,0.0986,0.0118,0.1188,70.5850,0.0262,0.0389,0.0076,0.7800,-0.2538,1.4088,sell
2023-02-06,122.9360,6830500,122.3256,124.7394,121.9465,-0.0155,0.0099,0.0145,-0.0053,0.0996,66.6667,0.0182,0.0376,0.0046,0.6930,-0.4820,0.7433,buy
2023-02-07,126.3578,7664200,123.1394,127.0514,122.3811,0.0278,0.0257,0.0454,0.0179,0.1279,68.2878,0.0199,0.0368,0.0038,0.7912,0.1221,0.8461,sell
2023-02-08,122.2331,7151700,125.1371,126.0341,121.8540,-0.0326,-0.0454,0.0076,-0.0161,0.0894,68.2878,0.0231,0.0352,0.0008,0.6184,-0.0669,0.7862,sell
2023-02-09,120.7164,5717500,123.8238,125.0631,120.1523,-0.0124,-0.0392,-0.0256,-0.0258,0.0738,60.5357,0.0223,0.0319,-0.0023,0.5382,-0.2005,0.6343,sell
2023-02-10,119.2922,5319200,119.5697,120.1708,118.0252,-0.0118,-0.0447,-0.0331,-0.0341,0.0591,46.5564,0.0225,0.0280,-0.0053,0.4608,-0.0697,0.6042,buy
2023-02-13,121.0031,5550400,119.7269,121.5488,118.7373,0.0143,-0.0157,-0.0060,-0.0197,0.0736,50.2248,0.0228,0.0252,-0.0061,0.5168,0.0435,0.6395,buy
2023-02-14,122.3904,5579900,119.4864,122.8898,118.7096,0.0115,-0.0314,-0.0065,-0.0078,0.0849,51.8185,0.0227,0.0236,-0.0059,0.5630,0.0053,0.6452,hold
2023-02-15,123.0655,3501100,120.7812,123.3059,120.5037,0.0055,0.0068,-0.0389,0.0018,0.0896,48.5221,0.0182,0.0226,-0.0054,0.5789,-0.3726,0.4231,sell
2023-02-16,120.3743,5788400,120.9199,122.6216,120.1800,-0.0219,-0.0028,-0.0419,-0.0159,0.0645,45.0093,0.0185,0.0204,-0.0066,0.3380,0.6533,0.7120,sell
2023-02-17,118.1177,6022500,119.7639,120.0506,117.4149,-0.0187,-0.0098,-0.0541,-0.0290,0.0432,44.0990,0.0191,0.0169,-0.0085,0.0431,0.0404,0.7542,sell
2023-02-21,114.3999,8164400,116.0276,118.0252,114.2612,-0.0315,-0.0546,-0.0694,-0.0529,0.0095,36.6320,0.0206,0.0114,-0.0118,-0.1461,0.3556,1.0572,hold
2023-02-22,114.6311,5517800,114.9733,115.5744,113.6786,0.0020,-0.0634,-0.0928,-0.0417,0.0112,26.2675,0.0171,0.0068,-0.0131,-0.0252,-0.3242,0.7259,buy
2023-02-23,116.7120,6440200,117.0911,117.6645,114.3722,0.0182,-0.0516,-0.0452,-0.0198,0.0283,34.0284,0.0170,0.0044,-0.0121,0.1607,0.1672,0.8497,sell
2023-02-24,114.9918,7357200,114.8993,115.3340,113.9190,-0.0147,-0.0447,-0.0474,-0.0296,0.0126,32.9065,0.0172,0.0015,-0.0122,0.1003,0.1424,0.9711,sell
2023-02-27,114.1410,7787200,116.9894,117.0819,113.7896,-0.0074,-0.0337,-0.0432,-0.0326,0.0052,34.1869,0.0170,-0.0015,-0.0122,0.1026,0.0584,1.0197,hold
2023-02-28,114.2427,6491800,114.3260,115.6947,113.6786,0.0009,-0.0014,-0.0559,-0.0261,0.0058,25.2644,0.0159,-0.0037,-0.0116,0.1512,-0.1663,0.8692,buy
2023-03-01,115.0801,5530600,115.1732,116.7457,114.4288,0.0073,0.0039,-0.0597,-0.0128,0.0118,33.1313,0.0154,-0.0048,-0.0101,0.2281,-0.1481,0.7485,hold
2023-03-02,115.1732,5258900,113.6658,115.6198,112.4562,0.0008,-0.0132,-0.0641,-0.0053,0.0110,35.9866,0.0151,-0.0056,-0.0087,0.2521,-0.0491,0.7379,hold
2023-03-03,115.0057,7052100,115.3686,115.5733,113.2099,-0.0015,0.0001,-0.0446,-0.0021,0.0076,38.4283,0.0142,-0.0063,-0.0075,0.2641,0.3410,1.0692,sell
2023-03-06,113.8985,7031300,115.6384,116.4665,113.5449,-0.0096,-0.0021,-0.0357,-0.0081,-0.0039,30.1743,0.0134,-0.0075,-0.0070,0.2204,-0.0029,1.1182,sell
2023-03-07,110.9024,8879700,113.9636,113.9822,110.0556,-0.0263,-0.0292,-0.0306,-0.0312,-0.0309,20.5839,0.0123,-0.0108,-0.0082,0.0835,0.2629,1.3896,buy
2023-03-08,112.7726,7633900,111.2373,113.2843,111.0512,0.0169,-0.0201,-0.0162,-0.0133,-0.0163,25.1641,0.0138,-0.0115,-0.0072,0.2109,-0.1403,1.1949,sell
2023-03-09,109.0693,8055500,112.8470,113.4425,108.8088,-0.0328,-0.0530,-0.0655,-0.0393,-0.0497,23.9923,0.0150,-0.0152,-0.0086,0.0246,0.0552,1.2520,sell
2023-03-10,107.1805,6884500,109.3671,110.0091,106.5664,-0.0173,-0.0680,-0.0679,-0.0494,-0.0672,24.4052,0.0152,-0.0194,-0.0101,-0.0071,-0.1454,1.0604,sell
2023-03-13,106.4733,7673700,105.8499,108.1575,105.4033,-0.0066,-0.0652,-0.0672,-0.0492,-0.0745,28.4081,0.0152,-0.0228,-0.0108,0.0312,0.1146,1.1609,buy
2023-03-14,108.4459,8312100,108.3157,108.9204,105.9988,0.0185,-0.0221,-0.0507,-0.0265,-0.0585,34.6116,0.0171,-0.0233,-0.0092,0.1739,0.0832,1.2318,sell
2023-03-15,107.4596,8596900,107.2363,108.1016,105.2730,-0.0091,-0.0471,-0.0662,-0.0287,-0.0680,25.6548,0.0166,-0.0247,-0.0083,0.1476,0.0343,1.2461,buy
2023-03-16,112.1306,11207800,108.8646,112.4283,107.8504,0.0435,0.0281,-0.0264,0.0163,-0.0297,43.4833,0.0230,-0.0209,-0.0042,0.4381,0.3037,1.5386,hold
2023-03-17,112.3353,12304100,112.3818,114.3265,110.8651,0.0018,0.0481,-0.0232,0.0206,-0.0295,45.7626,0.0230,-0.0184,-0.0014,0.4758,0.0978,1.6168,buy
2023-03-20,113.3495,5945000,112.3725,113.5356,111.4792,0.0090,0.0646,-0.0048,0.0303,-0.0227,47.9900,0.0231,-0.0153,0.0012,0.5752,-0.5168,0.7816,buy
2023-03-21,115.1918,6900600,114.4381,116.3735,113.6565,0.0163,0.0622,0.0387,0.0430,-0.0083,50.2404,0.0216,-0.0114,0.0039,0.7188,0.1607,0.9148,sell
2023-03-22,113.4890,7072700,115.3779,117.4621,113.3960,-0.0148,0.0561,0.0064,0.0269,-0.0242,46.6092,0.0219,-0.0097,0.0046,0.5879,0.0249,0.9281,buy
2023-03-23,115.5175,7353800,115.3221,118.1693,113.6100,0.0179,0.0302,0.0591,0.0392,-0.0081,50.9585,0.0188,-0.0066,0.0060,0.7634,0.0397,0.9592,hold
2023-03-24,116.0850,6987200,115.0336,116.2432,113.7496,0.0049,0.0334,0.0831,0.0360,-0.0043,54.1800,0.0170,-0.0039,0.0070,0.8000,-0.0499,0.9136,sell
2023-03-27,115.0057,4818000,116.9969,117.2947,114.7452,-0.0093,0.0146,0.0801,0.0186,-0.0140,58.4645,0.0173,-0.0024,0.0068,0.7065,-0.3105,0.6424,sell
2023-03-28,112.9028,5272100,115.0057,115.0801,111.8514,-0.0183,-0.0199,0.0411,-0.0039,-0.0323,50.2662,0.0186,-0.0027,0.0053,0.5430,0.0943,0.7088,buy
2023-03-29,116.3921,6410100,114.8382,117.2016,114.6800,0.0309,0.0256,0.0831,0.0188,-0.0033,65.0939,0.0197,-0.0005,0.0059,0.8135,0.2159,0.8567,buy
2023-03-30,118.5415,8156400,118.2437,119.2765,117.6389,0.0185,0.0262,0.0572,0.0319,0.0141,73.1688,0.0160,0.0027,0.0071,0.9380,0.2724,1.0694,hold
2023-03-31,118.7089,6222400,117.8436,119.0718,117.5086,0.0014,0.0226,0.0567,0.0276,0.0138,75.5141,0.0160,0.0052,0.0077,0.9087,-0.2371,0.8203,sell
2023-04-03,116.0664,6367800,118.1600,118.6996,115.0150,-0.0223,0.0092,0.0240,0.0024,-0.0091,65.4586,0.0182,0.0055,0.0065,0.7147,0.0234,0.8431,sell
2023-04-04,113.7961,6962700,116.2432,116.5131,113.3402,-0.0196,0.0079,-0.0121,-0.0160,-0.0273,62.2175,0.0187,0.0041,0.0041,0.5513,0.0934,0.9337,buy
2023-04-05,114.4846,6920900,112.9773,114.6521,112.8191,0.0061,-0.0164,0.0088,-0.0109,-0.0203,55.3624,0.0182,0.0033,0.0026,0.5921,-0.0060,0.9326,hold
2023-04-06,114.4474,5260600,113.8333,115.2383,112.6330,-0.0003,-0.0345,-0.0093,-0.0103,-0.0195,54.8484,0.0172,0.0027,0.0016,0.5737,-0.2399,0.7225,buy
2023-04-10,115.6477,5243700,113.6007,115.9176,113.2192,0.0105,-0.0258,-0.0038,0.0004,-0.0078,55.2308,0.0175,0.0029,0.0015,0.6396,-0.0032,0.7283,sell
2023-04-11,114.9778,5001400,116.5410,116.5410,114.6056,-0.0058,-0.0094,-0.0002,-0.0054,-0.0122,49.4855,0.0173,0.0027,0.0010,0.5656,-0.0462,0.7078,sell
2023-04-12,111.9072,5288300,115.7594,115.8431,111.7956,-0.0267,-0.0166,-0.0088,-0.0311,-0.0369,46.4316,0.0185,0.0003,-0.0012,0.2475,0.0574,0.7648,buy
2023-04-13,112.7075,6077100,111.7026,113.2006,110.8372,0.0072,-0.0155,-0.0317,-0.0210,-0.0283,43.2889,0.0152,-0.0010,-0.0020,0.2441,0.1492,0.8952,sell
2023-04-14,111.8049,4833100,112.4655,113.4425,110.5022,-0.0080,-0.0231,-0.0568,-0.0232,-0.0333,39.9388,0.0132,-0.0027,-0.0029,0.1339,-0.2047,0.7470,sell
2023-04-17,111.0791,6370200,110.8465,111.5071,109.9533,-0.0065,-0.0395,-0.0643,-0.0230,-0.0372,40.6139,0.0129,-0.0045,-0.0038,0.0704,0.3180,1.0319,sell
2023-04-18,110.1301,4829900,111.9724,112.4004,109.2461,-0.0085,-0.0422,-0.0511,-0.0262,-0.0430,42.9849,0.0117,-0.0067,-0.0047,0.0249,-0.2418,0.7895,hold
2023-04-19,110.2975,4241900,109.0972,110.4371,108.3529,0.0015,-0.0144,-0.0307,-0.0217,-0.0394,31.4658,0.0107,-0.0081,-0.0049,0.1006,-0.1217,0.7088,hold
2023-04-20,110.3906,5125000,109.1345,111.5630,108.9763,0.0008,-0.0206,-0.0358,-0.0173,-0.0359,21.6689,0.0103,-0.0090,-0.0047,0.1465,0.2082,0.8705,sell
2023-04-21,109.5718,4980700,109.6741,109.9719,108.4459,-0.0074,-0.0200,-0.0426,-0.0204,-0.0409,19.6164,0.0103,-0.0103,-0.0048,0.1194,-0.0282,0.8634,sell
2023-04-24,109.1903,4097900,109.6276,109.6369,108.4645,-0.0035,-0.0170,-0.0558,-0.0181,-0.0424,23.0882,0.0090,-0.0115,-0.0048,0.1323,-0.1772,0.7286,sell
2023-04-25,106.1197,7045200,108.6227,108.7157,105.7755,-0.0281,-0.0364,-0.0770,-0.0381,-0.0671,21.7273,0.0114,-0.0149,-0.0064,-0.0238,0.7192,1.2284,hold
2023-04-26,106.2221,4671100,106.3430,107.0967,105.3381,0.0010,-0.0369,-0.0508,-0.0322,-0.0638,18.1949,0.0096,-0.0171,-0.0068,0.0548,-0.3370,0.8187,hold
2023-04-27,105.9988,6945700,105.9616,106.3617,104.3519,-0.0021,-0.0398,-0.0595,-0.0283,-0.0631,17.9379,0.0087,-0.0188,-0.0068,0.0949,0.4870,1.2117,buy
2023-04-28,108.6785,8652500,107.0967,108.7716,105.8220,0.0253,-0.0082,-0.0280,-0.0008,-0.0369,26.2223,0.0131,-0.0175,-0.0046,0.2916,0.2457,1.5030,sell
2023-05-01,107.7853,6208500,109.0600,109.4043,107.4782,-0.0082,-0.0129,-0.0297,-0.0060,-0.0427,25.8287,0.0132,-0.0174,-0.0035,0.2431,-0.2825,1.0786,hold
2023-05-02,108.0365,7081200,108.0551,108.9204,106.4826,0.0023,0.0181,-0.0190,-0.0018,-0.0387,33.9507,0.0131,-0.0167,-0.0024,0.2833,0.1406,1.2226,sell
2023-05-03,104.9846,11491700,108.5483,108.6971,104.7706,-0.0282,-0.0117,-0.0482,-0.0252,-0.0643,23.0170,0.0154,-0.0189,-0.0033,0.0892,0.6228,1.9094,sell
2023-05-04,99.1692,22117500,96.7965,99.6716,96.3033,-0.0554,-0.0644,-0.1017,-0.0695,-0.1137,17.1346,0.0220,-0.0258,-0.0074,-0.1637,0.9246,3.2631,buy
2023-05-05,101.2162,10745600,100.6858,101.6721,98.4155,0.0206,-0.0687,-0.0763,-0.0428,-0.0929,25.9964,0.0241,-0.0279,-0.0079,0.0380,-0.5142,1.5237,hold
2023-05-08,100.7789,6694400,100.8440,101.2627,99.4390,-0.0043,-0.0650,-0.0770,-0.0393,-0.0945,26.6605,0.0241,-0.0300,-0.0080,0.0609,-0.3770,0.9396,sell
2023-05-09,98.4155,7804100,99.5599,99.9600,97.9782,-0.0235,-0.0891,-0.0726,-0.0549,-0.1133,23.2734,0.0237,-0.0340,-0.0091,-0.0080,0.1658,1.0742,hold
2023-05-10,99.0575,7980100,99.5599,100.0066,97.8293,0.0065,-0.0565,-0.0674,-0.0421,-0.1050,25.1226,0.0240,-0.0354,-0.0085,0.0867,0.0226,1.0784,sell
2023-05-11,96.8244,10630500,98.8993,99.1040,96.4708,-0.0225,-0.0236,-0.0866,-0.0553,-0.1223,23.6539,0.0244,-0.0389,-0.0091,0.0336,0.3321,1.3937,hold
2023-05-12,96.4150,7635900,97.2059,97.4571,95.4752,-0.0042,-0.0474,-0.1128,-0.0479,-0.1230,23.6266,0.0214,-0.0411,-0.0090,0.0714,-0.2817,0.9831,buy
2023-05-15,98.8900,7444900,96.5452,99.0017,95.7357,0.0257,-0.0187,-0.0825,-0.0148,-0.0979,34.6987,0.0245,-0.0391,-0.0063,0.2231,-0.0250,0.9519,sell
2023-05-16,96.5732,7027000,98.3224,99.0761,96.5080,-0.0234,-0.0187,-0.1061,-0.0268,-0.1162,31.3288,0.0246,-0.0408,-0.0057,0.1481,-0.0561,0.8860,buy
2023-05-17,97.5222,9504700,96.9453,98.1177,96.3777,0.0098,-0.0155,-0.0711,-0.0098,-0.1053,34.0455,0.0246,-0.0397,-0.0040,0.2226,0.3526,1.1599,buy
2023-05-18,99.5227,9142000,97.5222,99.6716,97.5222,0.0205,0.0279,0.0036,0.0102,-0.0848,32.3149,0.0191,-0.0364,-0.0011,0.3414,-0.0382,1.0890,sell
2023-05-19,98.4992,5783200,99.5134,99.6716,98.1829,-0.0103,0.0216,-0.0268,0.0025,-0.0924,32.1531,0.0180,-0.0351,0.0004,0.3079,-0.3674,0.6856,sell
2023-05-22,97.9595,7912400,96.4615,98.5085,96.0707,-0.0055,-0.0094,-0.0280,-0.0001,-0.0958,30.8454,0.0180,-0.0341,0.0013,0.2980,0.3682,0.9173,sell
2023-05-23,96.3591,7452500,96.8337,98.2945,96.2754,-0.0163,-0.0022,-0.0209,-0.0144,-0.1090,32.6469,0.0172,-0.0346,0.0011,0.2330,-0.0581,0.8619,sell
2023-05-24,95.8567,8193700,94.9821,95.9683,94.5168,-0.0052,-0.0171,-0.0323,-0.0163,-0.1115,41.5238,0.0169,-0.0348,0.0009,0.2311,0.0995,0.9287,buy
2023-05-25,96.7872,11677400,94.8425,96.8709,94.4145,0.0097,-0.0275,-0.0004,-0.0067,-0.1011,37.9798,0.0159,-0.0332,0.0017,0.3066,0.4252,1.2890,buy
2023-05-26,102.6770,15969900,97.6432,103.5423,97.5315,0.0609,0.0424,0.0649,0.0470,-0.0448,53.9750,0.0248,-0.0255,0.0059,0.7072,0.3676,1.6944,buy
2023-05-30,107.9341,18291800,106.5384,108.5762,104.7799,0.0512,0.1018,0.0915,0.0906,0.0050,67.7789,0.0280,-0.0158,0.0113,1.0659,0.1454,1.8239,sell
2023-05-31,106.2571,14924000,106.3976,106.8098,104.5612,-0.0155,0.1027,0.1003,0.0632,-0.0093,62.9467,0.0271,-0.0104,0.0137,0.9833,-0.1841,1.4321,buy
2023-06-01,108.5244,8616500,107.3345,109.2084,105.2264,0.0213,0.1322,0.1128,0.0741,0.0131,71.0139,0.0274,-0.0040,0.0156,1.0743,-0.4226,0.8384,hold
2023-06-02,108.3277,7873400,109.8455,109.9954,107.4563,-0.0018,0.1192,0.0885,0.0629,0.0122,71.5606,0.0274,0.0007,0.0163,0.9755,-0.0862,0.8231,sell
2023-06-05,105.6199,7769300,108.1497,108.6087,105.5356,-0.0250,0.0287,0.0723,0.0291,-0.0113,62.0787,0.0289,0.0024,0.0148,0.7925,-0.0132,0.8251,buy
2023-06-06,109.0210,7594500,105.4794,109.4239,105.1608,0.0322,0.0101,0.1129,0.0509,0.0219,71.5041,0.0295,0.0061,0.0145,0.9231,-0.0225,0.8027,sell
2023-06-07,107.9154,7555400,109.2739,109.7705,107.2689,-0.0101,0.0156,0.1199,0.0288,0.0129,67.8580,0.0289,0.0083,0.0134,0.8270,-0.0051,0.7996,buy
2023-06-08,109.0116,5793400,108.3089,109.2833,106.9035,0.0102,0.0045,0.1372,0.0264,0.0239,66.8271,0.0283,0.0106,0.0125,0.8399,-0.2332,0.6203,buy
2023-06-09,111.5975,13807000,110.0797,113.2278,109.9767,0.0237,0.0302,0.1530,0.0363,0.0492,72.0083,0.0285,0.0139,0.0126,0.9051,1.3832,1.4536,buy
2023-06-12,114.4364,9675100,113.4058,114.5957,112.2159,0.0254,0.0835,0.1145,0.0512,0.0767,75.6995,0.0239,0.0180,0.0134,0.9594,-0.2993,1.0078,buy
2023-06-13,116.5820,8873200,116.4415,117.4908,115.0080,0.0187,0.0694,0.0801,0.0625,0.0973,81.0147,0.0197,0.0224,0.0143,0.9675,-0.0829,0.9174,sell
2023-06-14,115.6170,7324600,116.5070,116.5820,113.8368,-0.0083,0.0714,0.0881,0.0447,0.0883,79.8813,0.0189,0.0254,0.0138,0.8830,-0.1745,0.7562,hold
2023-06-15,115.8137,8132600,113.9117,116.8256,113.4058,0.0017,0.0624,0.0672,0.0397,0.0898,79.4247,0.0184,0.0274,0.0127,0.8497,0.1103,0.8456,sell
2023-06-16,114.9424,12905700,116.7319,117.0973,114.3990,-0.0075,0.0300,0.0611,0.0258,0.0815,72.4538,0.0188,0.0284,0.0108,0.7867,0.5869,1.3161,sell
2023-06-20,112.2628,8667400,114.2490,114.6519,111.2228,-0.0233,-0.0190,0.0629,-0.0041,0.0567,58.7500,0.0185,0.0274,0.0075,0.6704,-0.3284,0.8711,sell
2023-06-21,108.4588,7925400,111.1291,111.5132,108.3745,-0.0339,-0.0697,-0.0052,-0.0373,0.0223,54.0983,0.0200,0.0238,0.0026,0.5102,-0.0856,0.7964,hold
2023-06-22,109.0585,7283000,108.6931,109.3208,107.6624,0.0055,-0.0567,0.0106,-0.0330,0.0291,51.0599,0.0197,0.0204,-0.0006,0.5098,-0.0811,0.7325,sell
2023-06-23,106.2758,11958500,106.8942,108.0091,105.9010,-0.0255,-0.0824,-0.0251,-0.0554,0.0039,46.3069,0.0211,0.0159,-0.0045,0.3411,0.6420,1.1804,buy
2023-06-26,109.2740,9377000,107.3345,110.1921,107.0909,0.0282,-0.0493,-0.0208,-0.0267,0.0329,56.5086,0.0218,0.0137,-0.0049,0.4540,-0.2159,0.9362,buy
2023-06-27,112.2347,7308900,109.3770,112.3752,108.3558,0.0271,-0.0003,-0.0192,0.0016,0.0608,55.8155,0.0220,0.0139,-0.0034,0.6283,-0.2206,0.7627,sell
2023-06-28,110.1266,6384800,109.6394,110.6512,109.2271,-0.0188,0.0154,-0.0554,-0.0115,0.0410,53.8613,0.0213,0.0130,-0.0037,0.4677,-0.1264,0.7104,hold
2023-06-29,110.6138,5138500,110.1453,110.6981,109.5082,0.0044,0.0143,-0.0433,-0.0026,0.0456,52.8586,0.0215,0.0122,-0.0036,0.4868,-0.1952,0.6047,buy
2023-06-30,111.5320,6565100,112.0566,112.3002,110.9136,0.0083,0.0495,-0.0370,0.0095,0.0540,49.8756,0.0218,0.0120,-0.0029,0.5463,0.2776,0.7820,buy
2023-07-03,112.5157,2662000,111.7474,112.8811,110.9885,0.0088,0.0297,-0.0211,0.0207,0.0629,46.0803,0.0221,0.0124,-0.0019,0.6079,-0.5945,0.3272,sell
2023-07-05,109.7424,6249200,111.5132,111.5413,109.7143,-0.0246,-0.0222,-0.0225,-0.0022,0.0366,36.3907,0.0222,0.0110,-0.0029,0.3622,1.3476,0.7754,sell
2023-07-06,107.9529,7544600,107.8967,108.8711,106.4538,-0.0163,-0.0197,-0.0047,-0.0180,0.0200,35.2346,0.0200,0.0083,-0.0047,0.2188,0.2073,0.9365,buy
2023-07-07,108.6275,6108400,108.0934,110.3046,107.5219,0.0062,-0.0180,-0.0040,-0.0115,0.0259,36.4055,0.0200,0.0064,-0.0052,0.2695,-0.1904,0.7651,buy
2023-07-10,109.7330,6037000,109.1240,110.8199,109.1240,0.0102,-0.0161,0.0325,-0.0046,0.0356,40.2319,0.0181,0.0057,-0.0046,0.3594,-0.0117,0.7550,hold
2023-07-11,109.4988,5784000,110.3702,110.4358,107.6437,-0.0021,-0.0268,0.0021,-0.0069,0.0327,44.2940,0.0159,0.0049,-0.0043,0.3498,-0.0419,0.7615,buy
2023-07-12,111.1947,8371300,110.1453,111.7100,109.7143,0.0155,0.0132,-0.0093,0.0094,0.0482,56.1865,0.0140,0.0054,-0.0029,0.5081,0.4473,1.1117,buy
2023-07-13,115.3546,9823000,112.4314,115.6357,112.3190,0.0374,0.0686,0.0475,0.0423,0.0859,62.2628,0.0170,0.0085,0.0003,0.8951,0.1734,1.2963,hold
2023-07-14,114.8299,7892200,115.2422,115.4108,113.4901,-0.0045,0.0571,0.0381,0.0336,0.0796,68.2673,0.0172,0.0106,0.0019,0.8592,-0.1966,1.0376,buy
2023-07-17,115.6170,6125000,114.6144,116.6101,113.1435,0.0069,0.0536,0.0366,0.0369,0.0848,64.9580,0.0172,0.0126,0.0032,0.9370,-0.2239,0.8161,hold
2023-07-18,115.1110,7481200,114.6051,115.4577,113.6119,-0.0044,0.0513,0.0231,0.0299,0.0768,57.6712,0.0173,0.0138,0.0035,0.8864,0.2214,1.0341,buy
2023-07-19,116.5726,8866700,117.4346,119.0836,116.4602,0.0127,0.0484,0.0622,0.0367,0.0874,67.8054,0.0146,0.0153,0.0041,0.9573,0.1852,1.2240,sell
2023-07-20,113.1060,9148600,115.7294,116.7413,112.6469,-0.0297,-0.0195,0.0477,0.0013,0.0526,55.9111,0.0173,0.0146,0.0024,0.6438,0.0318,1.2523,buy
2023-07-21,116.8537,23704100,114.2397,118.6714,113.7244,0.0331,0.0176,0.0757,0.0270,0.0838,61.1286,0.0195,0.0155,0.0030,0.9094,1.5910,2.9169,hold
2023-07-24,116.2728,5859300,116.8537,117.6782,115.4015,-0.0050,0.0057,0.0596,0.0160,0.0749,57.9913,0.0198,0.0162,0.0029,0.8369,-0.7528,0.7491,buy
2023-07-25,117.1816,5592100,116.3665,118.0342,116.3665,0.0078,0.0180,0.0702,0.0171,0.0793,67.1862,0.0196,0.0169,0.0030,0.8686,-0.0456,0.7327,sell
2023-07-26,116.1979,5291800,115.4296,117.3409,114.6238,-0.0084,-0.0032,0.0450,0.0042,0.0663,69.7842,0.0199,0.0169,0.0023,0.7625,-0.0537,0.7026,buy
2023-07-27,117.9124,7917900,118.5777,119.7113,117.0411,0.0148,0.0425,0.0222,0.0168,0.0783,71.2206,0.0168,0.0175,0.0025,0.8558,0.4963,1.0407,buy
2023-07-28,121.3135,11762200,120.2079,121.7258,119.5146,0.0288,0.0382,0.0565,0.0403,0.1044,73.9536,0.0185,0.0197,0.0041,1.0154,0.4855,1.4815,buy
2023-07-31,123.8338,11029600,121.7913,124.5834,120.9575,0.0208,0.0650,0.0711,0.0545,0.1220,77.0892,0.0192,0.0227,0.0059,1.0573,-0.0623,1.3513,hold
2023-08-01,123.7495,7128700,123.5996,124.0399,122.0255,-0.0007,0.0560,0.0750,0.0461,0.1163,75.2639,0.0189,0.0252,0.0067,0.9684,-0.3537,0.8501,sell
2023-08-02,121.1167,13711100,121.9881,123.2810,120.7045,-0.0213,0.0423,0.0390,0.0199,0.0881,62.3544,0.0208,0.0256,0.0054,0.7955,0.9234,1.5654,sell
2023-08-03,111.2134,29239600,109.5925,111.5975,107.6437,-0.0818,-0.0568,-0.0167,-0.0620,-0.0032,44.4699,0.0331,0.0204,-0.0013,0.2435,1.1325,2.9704,buy
2023-08-04,113.8368,12658700,110.3327,114.3053,110.3327,0.0236,-0.0616,-0.0258,-0.0374,0.0171,47.4227,0.0321,0.0158,-0.0044,0.3678,-0.5671,1.2446,sell
2023-08-07,111.8130,7706500,114.5020,114.9986,110.4826,-0.0178,-0.0971,-0.0384,-0.0510,-0.0038,45.4262,0.0325,0.0111,-0.0075,0.2299,-0.3912,0.7515,sell
2023-08-08,110.2390,8934600,109.6206,110.4451,108.6462,-0.0141,-0.1092,-0.0592,-0.0588,-0.0202,41.2435,0.0324,0.0061,-0.0102,0.1233,0.1594,0.8581,hold
2023-08-09,109.2177,5642500,109.8361,110.6606,109.1709,-0.0093,-0.0982,-0.0601,-0.0619,-0.0304,44.2345,0.0324,0.0012,-0.0122,0.0810,-0.3685,0.5491,hold
2023-08-10,108.3183,6224500,110.2577,110.9230,107.8123,-0.0082,-0.0260,-0.0814,-0.0619,-0.0384,36.1760,0.0316,-0.0033,-0.0135,0.0834,0.1031,0.6165,hold
2023-08-11,107.3814,5712500,106.9316,108.1777,106.5475,-0.0086,-0.0567,-0.1148,-0.0587,-0.0469,35.7636,0.0289,-0.0076,-0.0143,0.0866,-0.0823,0.5720,hold
2023-08-14,106.8286,8537500,106.6974,107.2970,105.6949,-0.0051,-0.0446,-0.1373,-0.0493,-0.0516,33.2322,0.0267,-0.0113,-0.0144,0.1099,0.4945,0.8447,sell
2023-08-15,104.6362,6843600,106.1915,106.3507,104.3738,-0.0205,-0.0508,-0.1545,-0.0527,-0.0704,31.9802,0.0263,-0.0161,-0.0154,0.0697,-0.1984,0.6792,sell
2023-08-16,103.2027,6426700,104.3270,104.8610,103.1090,-0.0137,-0.0551,-0.1479,-0.0503,-0.0828,26.8710,0.0262,-0.0208,-0.0161,0.0732,-0.0609,0.6457,hold
2023-08-17,103.1371,6250500,103.2401,104.1209,102.7436,-0.0006,-0.0478,-0.0726,-0.0438,-0.0824,18.0711,0.0124,-0.0241,-0.0155,0.1181,-0.0274,0.6372,hold
2023-08-18,103.1558,6384700,101.9566,103.5493,101.6567,0.0002,-0.0394,-0.0938,-0.0341,-0.0814,10.1769,0.0068,-0.0264,-0.0143,0.1605,0.0215,0.7140,buy
2023-08-21,103.6992,6539800,102.9122,103.9616,102.1252,0.0053,-0.0293,-0.0726,-0.0215,-0.0757,12.0567,0.0077,-0.0274,-0.0122,0.2117,0.0243,0.7285,sell
2023-08-22,102.5656,4587000,104.4394,104.7861,102.2564,-0.0109,-0.0198,-0.0696,-0.0252,-0.0844,12.7820,0.0074,-0.0291,-0.0110,0.2049,-0.2986,0.5139,buy
2023-08-23,104.1583,6873900,102.4438,104.4956,101.9847,0.0155,0.0093,-0.0463,-0.0053,-0.0684,28.7648,0.0103,-0.0282,-0.0083,0.2820,0.4986,0.7633,sell
2023-08-24,101.6661,8698100,105.0859,105.4700,101.3382,-0.0239,-0.0143,-0.0614,-0.0228,-0.0883,13.0755,0.0119,-0.0302,-0.0078,0.2265,0.2654,0.9617,buy
2023-08-25,103.3619,6669900,102.0221,103.5493,100.9634,0.0167,0.0020,-0.0374,-0.0027,-0.0710,23.8399,0.0139,-0.0290,-0.0056,0.3036,-0.2332,0.7588,buy
2023-08-28,104.6362,4316400,104.2801,105.1140,103.6430,0.0123,0.0090,-0.0205,0.0117,-0.0577,32.3285,0.0148,-0.0268,-0.0030,0.3661,-0.3529,0.5106,buy
2023-08-29,106.6037,6971400,103.5493,106.8005,103.5493,0.0188,0.0394,0.0188,0.0288,-0.0385,42.2198,0.0145,-0.0232,0.0002,0.4774,0.6151,0.8254,hold
2023-08-30,106.8773,6490300,106.2074,107.0566,105.3676,0.0026,0.0261,0.0356,0.0278,-0.0351,45.5453,0.0134,-0.0202,0.0025,0.5394,-0.0690,0.8027,buy
2023-08-31,108.0662,7962500,106.0848,108.6607,106.0848,0.0111,0.0630,0.0478,0.0343,-0.0243,52.0848,0.0135,-0.0166,0.0047,0.6425,0.2268,1.1340,buy
2023-09-01,108.8777,5310700,109.1702,109.1702,107.9530,0.0075,0.0534,0.0555,0.0364,-0.0170,56.1410,0.0135,-0.0130,0.0064,0.7565,-0.3330,0.7981,buy
2023-09-05,109.9722,7294800,108.4248,110.4534,108.4248,0.0101,0.0510,0.0605,0.0406,-0.0077,67.1181,0.0135,-0.0093,0.0080,0.8825,0.3736,1.0997,sell
2023-09-06,108.2078,7411900,109.4533,110.1326,107.2170,-0.0160,0.0150,0.0550,0.0185,-0.0235,65.7225,0.0143,-0.0078,0.0078,0.7414,0.0161,1.1303,sell
2023-09-07,100.3951,17947800,104.3580,104.4524,100.0837,-0.0722,-0.0607,-0.0361,-0.0517,-0.0920,44.2064,0.0279,-0.0131,0.0030,0.0455,1.4215,2.5022,hold
2023-09-08,100.1497,9819300,100.1780,101.0272,99.5553,-0.0024,-0.0733,-0.0149,-0.0526,-0.0926,43.7087,0.0269,-0.0169,-0.0006,0.0813,-0.4529,1.3355,buy
2023-09-11,104.0561,18771700,104.9902,105.5280,102.6785,0.0390,-0.0443,0.0067,-0.0163,-0.0561,50.6547,0.0294,-0.0159,-0.0002,0.4407,0.9117,2.3449,hold
2023-09-12,104.9525,9250100,103.3956,106.3773,103.3296,0.0086,-0.0456,0.0030,-0.0082,-0.0468,54.4175,0.0293,-0.0146,0.0008,0.5306,-0.5072,1.1504,buy
2023-09-13,106.2829,8131500,105.2827,107.1887,105.2355,0.0127,-0.0178,-0.0030,0.0047,-0.0337,53.9705,0.0289,-0.0124,0.0022,0.6439,-0.1209,1.0032,buy
2023-09-14,107.6039,7138100,107.3491,108.2644,106.6226,0.0124,0.0718,0.0068,0.0165,-0.0213,61.6051,0.0292,-0.0095,0.0039,0.7398,-0.1222,0.8768,hold
2023-09-15,106.7547,12247400,107.5378,108.6890,106.1130,-0.0079,0.0660,-0.0121,0.0097,-0.0288,56.8578,0.0291,-0.0080,0.0045,0.6480,0.7158,1.4510,hold
2023-09-18,106.3867,5065100,106.5188,107.4057,106.1131,-0.0034,0.0224,-0.0229,0.0086,-0.0317,53.6730,0.0289,-0.0070,0.0044,0.6015,-0.5864,0.6048,sell
2023-09-19,104.4713,5658800,105.8677,105.9998,103.7070,-0.0180,-0.0046,-0.0500,-0.0043,-0.0483,45.5158,0.0290,-0.0076,0.0032,0.4244,0.1172,0.6793,sell
2023-09-20,103.0559,7073800,105.4337,105.4903,102.9993,-0.0135,-0.0304,-0.0476,-0.0130,-0.0601,42.3324,0.0289,-0.0091,0.0015,0.2917,0.2501,0.8366,sell
2023-09-21,101.8670,7007200,101.8859,103.4050,101.7632,-0.0115,-0.0533,0.0147,-0.0257,-0.0693,37.5615,0.0170,-0.0112,-0.0004,0.2038,-0.0094,0.8281,hold
2023-09-22,101.6028,6965500,102.6313,103.5843,101.3009,-0.0026,-0.0483,0.0145,-0.0296,-0.0694,35.0755,0.0170,-0.0128,-0.0016,0.1812,-0.0060,0.8317,buy
2023-09-25,104.1976,6782500,100.8102,104.2448,100.6876,0.0255,-0.0206,0.0014,-0.0050,-0.0438,38.8403,0.0140,-0.0116,-0.0005,0.4061,-0.0263,0.8093,sell
2023-09-26,103.5277,6559800,103.6504,104.3958,103.1691,-0.0064,-0.0090,-0.0136,-0.0100,-0.0478,40.5560,0.0138,-0.0114,-0.0002,0.3526,-0.0328,0.7724,sell
2023-09-27,103.0276,7225000,104.4807,104.5562,101.3669,-0.0048,-0.0003,-0.0306,-0.0117,-0.0503,57.5365,0.0129,-0.0114,-0.0001,0.3254,0.1014,0.8494,buy
2023-09-28,104.8298,4851300,103.5654,105.5941,103.0182,0.0175,0.0291,-0.0258,0.0082,-0.0316,62.3016,0.0137,-0.0097,0.0011,0.4925,-0.3285,0.5759,hold
2023-09-29,104.7921,4869300,105.5658,105.8960,104.3958,-0.0004,0.0314,-0.0184,0.0098,-0.0304,52.4284,0.0135,-0.0085,0.0019,0.5038,0.0037,0.5889,hold
2023-10-02,104.8298,5751500,104.1693,105.4809,103.4145,0.0004,0.0061,-0.0146,0.0117,-0.0279,49.5709,0.0135,-0.0074,0.0024,0.5278,0.1812,0.6937,sell
2023-10-03,103.9712,7750700,104.5562,105.9244,103.2069,-0.0082,0.0043,-0.0048,0.0039,-0.0337,41.6382,0.0125,-0.0071,0.0022,0.4684,0.3476,0.9323,hold
2023-10-04,103.6504,7189400,104.5467,104.8015,102.6596,-0.0031,0.0060,0.0058,0.0002,-0.0342,34.5842,0.0117,-0.0071,0.0018,0.4534,-0.0724,0.8659,hold
2023-10-05,103.6032,5089700,103.5088,104.2259,102.8012,-0.0005,-0.0117,0.0170,-0.0019,-0.0324,36.8917,0.0109,-0.0070,0.0015,0.4197,-0.2921,0.6645,buy
2023-10-06,104.6222,7930600,104.6128,105.0468,101.9519,0.0098,-0.0016,0.0297,0.0050,-0.0204,43.0379,0.0111,-0.0060,0.0020,0.5356,0.5582,1.0483,buy
2023-10-09,105.4903,4714500,104.0938,105.6601,103.3012,0.0083,0.0063,0.0124,0.0120,-0.0094,54.3831,0.0081,-0.0045,0.0027,0.6641,-0.4055,0.6870,buy
2023-10-10,105.9715,6253000,105.2072,106.6131,104.1976,0.0046,0.0192,0.0236,0.0143,-0.0015,63.6365,0.0077,-0.0029,0.0034,0.7288,0.3263,0.9315,sell
2023-10-11,104.8487,6378600,105.9432,106.2829,103.3956,-0.0106,0.0116,0.0177,0.0018,-0.0086,64.0321,0.0085,-0.0025,0.0031,0.5645,0.0201,0.9628,buy
2023-10-12,105.1695,5371700,105.6601,105.8772,104.0938,0.0031,0.0151,0.0032,0.0045,-0.0025,66.6962,0.0065,-0.0019,0.0029,0.6550,-0.1579,0.8218,sell
2023-10-13,102.5275,6035600,105.4148,105.6507,102.4143,-0.0251,-0.0200,-0.0216,-0.0186,-0.0260,42.2164,0.0104,-0.0036,0.0011,0.1882,0.1236,0.9694,buy
2023-10-16,104.2731,6254700,102.9332,104.8109,102.8011,0.0170,-0.0115,-0.0053,-0.0013,-0.0076,53.1575,0.0120,-0.0033,0.0010,0.5551,0.0363,0.9951,buy
2023-10-17,105.8677,7334000,102.6691,105.9338,101.9236,0.0153,-0.0010,0.0182,0.0121,0.0087,61.0096,0.0126,-0.0019,0.0019,0.8615,0.1726,1.1514,sell
2023-10-18,104.7166,7174500,104.7921,105.7828,103.8202,-0.0109,-0.0013,0.0103,0.0001,-0.0012,49.5377,0.0132,-0.0017,0.0017,0.6126,-0.0217,1.1255,hold
2023-10-19,104.9997,10511500,106.0470,107.9436,104.5845,0.0027,-0.0016,0.0135,0.0014,0.0023,50.8308,0.0132,-0.0013,0.0017,0.6533,0.4651,1.6049,sell
2023-10-20,102.4992,7756500,105.2261,105.3110,102.4992,-0.0238,-0.0003,-0.0203,-0.0204,-0.0205,42.2082,0.0150,-0.0029,0.0001,0.0299,-0.2621,1.1771,hold
2023-10-23,102.5275,6679200,101.8482,104.3297,101.6028,0.0003,-0.0167,-0.0281,-0.0174,-0.0193,44.8898,0.0146,-0.0041,-0.0009,0.0916,-0.1389,1.0145,buy
2023-10-24,103.2163,8578600,103.1314,104.1033,102.3199,0.0067,-0.0250,-0.0260,-0.0082,-0.0120,48.5026,0.0147,-0.0044,-0.0010,0.2582,0.2844,1.2833,sell
2023-10-25,98.8665,8571600,102.6690,103.1220,98.5362,-0.0421,-0.0559,-0.0571,-0.0445,-0.0526,37.3995,0.0193,-0.0084,-0.0038,-0.3056,-0.0008,1.2694,buy
2023-10-26,99.6591,8705200,98.8382,100.4611,98.4419,0.0080,-0.0509,-0.0524,-0.0316,-0.0444,36.6362,0.0196,-0.0105,-0.0048,-0.0524,0.0156,1.2534,buy
2023-10-27,100.4517,7292000,100.8669,101.8010,99.8667,0.0080,-0.0200,-0.0202,-0.0220,-0.0363,36.3775,0.0186,-0.0113,-0.0045,0.1085,-0.1623,1.0320,buy
2023-10-30,101.7443,6634000,100.6876,103.1597,100.1875,0.0129,-0.0076,-0.0243,-0.0069,-0.0236,39.0517,0.0182,-0.0108,-0.0033,0.2910,-0.0902,0.9330,buy
2023-10-31,102.8389,6485500,102.1879,103.0465,100.6687,0.0108,-0.0037,-0.0286,0.0067,-0.0129,44.7871,0.0178,-0.0094,-0.0015,0.4334,-0.0224,0.9203,buy
2023-11-01,104.6317,12809900,103.0087,104.9147,102.5653,0.0174,0.0583,-0.0008,0.0244,0.0039,48.7040,0.0186,-0.0068,0.0008,0.6477,0.9752,1.7481,buy
2023-11-02,110.7365,22106100,111.3121,112.3594,107.9907,0.0583,0.1112,0.0546,0.0781,0.0611,66.9524,0.0262,-0.0001,0.0056,1.1648,0.7257,2.7028,buy
2023-11-03,112.7746,10670100,111.2932,113.3219,110.7365,0.0184,0.1227,0.1002,0.0870,0.0783,67.3469,0.0243,0.0062,0.0094,1.1506,-0.5173,1.2831,hold
2023-11-06,113.1615,7756400,113.2275,113.7559,111.6989,0.0034,0.1122,0.1037,0.0797,0.0800,65.6541,0.0242,0.0113,0.0116,1.0567,-0.2731,0.9160,hold
2023-11-07,113.9069,7898400,113.0860,114.2466,112.4444,0.0066,0.1076,0.1036,0.0758,0.0852,70.0742,0.0242,0.0156,0.0127,1.0100,0.0183,0.9238,hold
2023-11-08,113.2841,7681900,114.5485,115.1713,112.4255,-0.0055,0.0827,0.1458,0.0556,0.0779,67.8311,0.0171,0.0185,0.0125,0.9146,-0.0274,0.8917,hold
2023-11-09,113.3219,9002700,114.2843,115.5204,113.0860,0.0003,0.0233,0.1371,0.0427,0.0770,76.0564,0.0175,0.0205,0.0116,0.8704,0.1719,1.0234,buy
2023-11-10,117.1999,12191600,115.0203,117.7660,114.1428,0.0342,0.0392,0.1667,0.0620,0.1119,79.8007,0.0186,0.0238,0.0121,0.9753,0.3542,1.3390,hold
2023-11-13,116.8603,7959200,117.0018,117.5208,115.7091,-0.0029,0.0327,0.1486,0.0446,0.1070,78.1105,0.0195,0.0265,0.0118,0.9018,-0.3472,0.8661,buy
2023-11-14,120.1721,11255400,120.1533,120.9836,118.9644,0.0283,0.0550,0.1685,0.0578,0.1362,95.8572,0.0200,0.0296,0.0123,0.9598,0.4141,1.1992,buy
2023-11-15,121.6441,7789100,120.7005,122.4084,120.3609,0.0122,0.0738,0.1626,0.0550,0.1472,95.9749,0.0200,0.0329,0.0126,0.9421,-0.3080,0.8272,hold
2023-11-16,121.4365,11655700,121.8045,123.0123,121.0685,-0.0017,0.0716,0.0966,0.0435,0.1407,94.9839,0.0137,0.0353,0.0120,0.8823,0.4964,1.2303,buy
2023-11-17,122.1631,6543300,122.0027,122.4650,121.1723,0.0060,0.0423,0.0832,0.0413,0.1428,94.8591,0.0133,0.0370,0.0111,0.8602,-0.4386,0.6951,hold
2023-11-20,122.2008,7148600,122.1348,122.7764,121.7385,0.0003,0.0457,0.0799,0.0337,0.1393,94.6088,0.0135,0.0381,0.0097,0.8241,0.0925,0.7575,sell
2023-11-21,119.8513,14641800,119.7287,120.2759,118.6530,-0.0192,-0.0027,0.0522,0.0087,0.1143,84.1883,0.0160,0.0377,0.0070,0.7288,1.0482,1.5033,hold
2023-11-22,120.3042,6647400,120.6722,122.2008,119.9834,0.0038,-0.0110,0.0620,0.0066,0.1156,78.8069,0.0156,0.0365,0.0048,0.7226,-0.5460,0.6893,hold
2023-11-24,120.5401,3708200,120.9930,120.9930,120.3608,0.0020,-0.0074,0.0637,0.0025,0.1151,76.2270,0.0155,0.0354,0.0030,0.7120,-0.4422,0.3947,hold
2023-11-27,120.9647,8586400,120.0872,121.7385,119.6343,0.0035,-0.0098,0.0321,0.0029,0.1161,76.2875,0.0120,0.0343,0.0016,0.7108,1.3155,0.9078,sell
2023-11-28,119.4456,8817900,120.0212,120.1250,118.5775,-0.0126,-0.0225,0.0221,-0.0118,0.0994,67.7342,0.0129,0.0326,-0.0004,0.6353,0.0270,0.9216,buy
2023-11-29,121.4587,10608300,122.7216,124.0130,121.1833,0.0169,0.0134,0.0107,0.0038,0.1144,74.0340,0.0106,0.0314,-0.0009,0.7164,0.2030,1.0854,buy
2023-11-30,122.5412,11731800,122.7501,122.8735,121.0599,0.0089,0.0186,0.0074,0.0120,0.1204,75.5369,0.0103,0.0309,-0.0009,0.7784,0.1059,1.2070,buy
2023-12-01,123.1299,8866500,122.5507,123.6997,122.0284,0.0048,0.0215,0.0139,0.0154,0.1214,70.0858,0.0103,0.0306,-0.0008,0.7972,-0.2442,0.9789,hold
2023-12-04,123.3958,7485000,122.8071,123.4908,121.5726,0.0022,0.0201,0.0101,0.0166,0.1194,72.2481,0.0102,0.0303,-0.0008,0.7916,-0.1558,0.8411,buy
2023-12-05,124.1554,6231600,122.5791,124.2504,122.4462,0.0062,0.0394,0.0160,0.0212,0.1222,66.4115,0.0103,0.0300,-0.0007,0.8220,-0.1675,0.7063,sell
2023-12-06,123.4053,6912400,125.3234,125.4753,123.1204,-0.0060,0.0160,0.0297,0.0121,0.1114,57.7152,0.0079,0.0293,-0.0013,0.7467,0.1092,0.7879,buy
2023-12-07,126.2350,7815700,124.7062,126.6053,123.8136,0.0229,0.0301,0.0493,0.0303,0.1322,67.0935,0.0102,0.0295,-0.0004,0.9563,0.1307,0.8902,hold
2023-12-08,126.2635,7678600,124.6017,127.2130,124.5637,0.0002,0.0254,0.0475,0.0257,0.1281,65.3713,0.0102,0.0297,-0.0001,0.9672,-0.0175,0.8812,buy
2023-12-11,129.2356,11010700,127.7258,129.7104,127.3080,0.0235,0.0473,0.0684,0.0428,0.1496,71.6160,0.0118,0.0308,0.0013,1.1305,0.4339,1.2722,buy
2023-12-12,129.7863,7380400,129.1217,130.3086,128.6659,0.0043,0.0454,0.0866,0.0386,0.1494,84.3213,0.0098,0.0320,0.0021,1.0849,-0.3297,0.8556,buy
2023-12-13,131.7995,7507700,129.5015,131.9799,129.2166,0.0155,0.0680,0.0851,0.0461,0.1615,85.8469,0.0097,0.0334,0.0032,1.0986,0.0172,0.8897,buy
2023-12-14,134.3633,11468900,132.5591,135.5597,132.5591,0.0195,0.0644,0.0965,0.0565,0.1777,87.6413,0.0103,0.0354,0.0046,1.1091,0.5276,1.3301,buy
2023-12-15,135.9110,25053500,134.8855,136.2529,134.2493,0.0115,0.0764,0.1038,0.0580,0.1846,88.3537,0.0102,0.0375,0.0057,1.0641,1.1845,2.6962,sell
2023-12-18,134.5057,7832100,135.3223,135.9015,134.1638,-0.0103,0.0408,0.0900,0.0381,0.1663,88.8726,0.0119,0.0386,0.0052,0.9258,-0.6874,0.8371,buy
2023-12-19,136.0060,5658400,134.8665,136.1959,134.3063,0.0112,0.0479,0.0954,0.0402,0.1731,88.5701,0.0119,0.0392,0.0049,0.9290,-0.2775,0.6096,sell
2023-12-20,133.3567,7264800,134.8096,135.7686,133.2808,-0.0195,0.0118,0.0806,0.0122,0.1448,76.4762,0.0143,0.0388,0.0030,0.7835,0.2839,0.8151,buy
2023-12-21,135.2558,8361600,134.6481,135.4932,133.8790,0.0142,0.0066,0.0715,0.0197,0.1551,77.8944,0.0135,0.0380,0.0022,0.8292,0.1510,0.9292,buy
2023-12-22,136.2529,4659200,136.0250,137.1170,135.5502,0.0074,0.0025,0.0791,0.0195,0.1575,78.6138,0.0133,0.0376,0.0017,0.8349,-0.4428,0.5150,buy
2023-12-26,138.1235,4381200,136.8986,138.6837,136.6992,0.0137,0.0269,0.0688,0.0267,0.1663,79.6215,0.0123,0.0377,0.0018,0.8708,-0.0597,0.4958,hold
2023-12-27,138.3704,4470300,138.4939,138.8452,137.7247,0.0018,0.0174,0.0661,0.0220,0.1617,82.4281,0.0124,0.0379,0.0016,0.8494,0.0203,0.5187,hold
2023-12-28,138.5034,4928800,138.8072,139.4814,138.3799,0.0010,0.0386,0.0509,0.0179,0.1565,80.1026,0.0121,0.0376,0.0011,0.8241,0.1026,0.5913,sell
2023-12-29,137.3354,4839300,138.0760,138.2754,136.5377,-0.0084,0.0154,0.0221,0.0071,0.1405,75.7282,0.0116,0.0367,-0.0001,0.7501,-0.0182,0.6056,sell
2024-01-02,133.1573,8495800,135.0185,135.0280,131.7805,-0.0304,-0.0227,-0.0203,-0.0215,0.1007,58.6293,0.0150,0.0339,-0.0033,0.5427,0.7556,1.0657,sell
2024-01-03,130.6600,8133300,131.8849,131.8849,130.0807,-0.0188,-0.0540,-0.0286,-0.0372,0.0750,51.7706,0.0157,0.0294,-0.0067,0.3965,-0.0427,1.0161,sell
2024-01-04,129.3021,6770300,128.6089,130.4036,128.1341,-0.0104,-0.0655,-0.0493,-0.0424,0.0592,44.8002,0.0151,0.0245,-0.0096,0.2966,-0.1676,0.8430,hold
2024-01-05,129.8338,6827300,129.2926,131.1062,128.9982,0.0041,-0.0626,-0.0264,-0.0360,0.0589,39.6976,0.0144,0.0204,-0.0108,0.2826,0.0084,0.8506,buy
2024-01-08,132.0178,7729400,130.0807,132.1318,129.7484,0.0168,-0.0387,-0.0239,-0.0174,0.0709,41.3938,0.0147,0.0181,-0.0101,0.3952,0.1321,0.9635,buy
2024-01-09,132.8344,5856900,130.6030,133.8410,130.2231,0.0062,-0.0024,-0.0251,-0.0088,0.0718,46.2069,0.0146,0.0167,-0.0091,0.4200,-0.2423,0.7384,hold
2024-01-10,132.2837,5652500,132.8344,132.9674,130.8404,-0.0041,0.0124,-0.0423,-0.0086,0.0619,41.1712,0.0135,0.0153,-0.0085,0.3557,-0.0349,0.7376,hold
2024-01-11,132.0178,7374900,131.9894,132.8914,129.1691,-0.0020,0.0210,-0.0459,-0.0058,0.0546,46.4195,0.0134,0.0138,-0.0080,0.3157,0.3047,0.9624,buy
2024-01-12,133.1288,6546600,134.9520,135.4647,132.1413,0.0084,0.0254,-0.0388,0.0066,0.0584,44.0615,0.0139,0.0130,-0.0069,0.4070,-0.1123,0.8597,buy
2024-01-16,134.0024,7483000,132.9389,134.1069,131.0208,0.0066,0.0150,-0.0243,0.0158,0.0604,43.6732,0.0142,0.0127,-0.0056,0.4873,0.1430,1.0090,sell
2024-01-17,132.2932,6584700,132.5781,132.5876,130.4226,-0.0128,-0.0041,-0.0065,0.0035,0.0433,33.4591,0.0110,0.0116,-0.0056,0.3495,-0.1200,1.0142,buy
2024-01-18,137.9621,12893000,135.9300,138.3039,135.1514,0.0429,0.0429,0.0559,0.0407,0.0837,49.1140,0.0159,0.0133,-0.0026,0.8286,0.9580,1.9113,buy
2024-01-19,144.2957,16193900,139.8327,145.0648,139.3390,0.0459,0.0930,0.1160,0.0763,0.1279,59.9026,0.0192,0.0177,0.0020,1.1620,0.2560,2.2268,buy
2024-01-22,145.1598,10456100,145.0458,146.7740,144.2102,0.0060,0.0904,0.1180,0.0705,0.1292,63.5171,0.0192,0.0217,0.0049,1.0743,-0.3543,1.4069,hold
2024-01-23,145.7580,6232300,145.1598,145.9859,143.7734,0.0041,0.0877,0.1041,0.0641,0.1281,74.8409,0.0192,0.0250,0.0066,1.0080,-0.4040,0.8508,hold
2024-01-24,146.5841,8331900,146.9830,148.4358,146.1378,0.0057,0.1080,0.1035,0.0595,0.1287,83.6072,0.0192,0.0276,0.0075,0.9698,0.3369,1.1096,hold
2024-01-25,146.6791,7740900,149.6512,150.0120,145.9194,0.0006,0.0632,0.1088,0.0493,0.1243,88.7384,0.0189,0.0295,0.0075,0.9192,-0.0709,1.0083,sell
2024-01-26,143.1182,7744700,144.5331,145.2642,142.7954,-0.0243,-0.0082,0.0841,0.0158,0.0926,76.0911,0.0216,0.0294,0.0055,0.7541,0.0005,0.9877,sell
2024-01-29,142.0927,10770700,142.8143,143.6120,140.9342,-0.0072,-0.0211,0.0673,0.0021,0.0812,70.7308,0.0222,0.0281,0.0032,0.7020,0.3907,1.3243,sell
2024-01-30,138.6173,9132800,140.5354,141.2951,138.2280,-0.0245,-0.0490,0.0344,-0.0256,0.0520,60.7257,0.0243,0.0252,-0.0003,0.5608,-0.1521,1.0941,buy
2024-01-31,141.0197,21184200,138.0096,142.5865,137.0600,0.0173,-0.0380,0.0660,-0.0147,0.0671,65.1615,0.0239,0.0231,-0.0015,0.6410,1.3196,2.3585,sell
2024-02-01,133.9929,22810600,133.7650,136.6517,133.0244,-0.0498,-0.0865,-0.0288,-0.0612,0.0121,52.7763,0.0261,0.0185,-0.0060,0.3506,0.0768,2.3478,hold
2024-02-02,134.5437,10442700,133.5561,134.9710,132.2362,0.0041,-0.0599,-0.0676,-0.0509,0.0144,52.0206,0.0202,0.0139,-0.0083,0.3561,-0.5422,1.0549,buy
2024-02-05,136.7656,8032600,134.7051,137.3543,134.0879,0.0165,-0.0375,-0.0578,-0.0295,0.0285,53.7999,0.0212,0.0114,-0.0084,0.4327,-0.2308,0.8065,hold
2024-02-06,136.8321,7286300,137.2119,137.5063,135.2463,0.0005,-0.0129,-0.0612,-0.0228,0.0265,56.5372,0.0210,0.0095,-0.0082,0.4223,-0.0929,0.7332,buy
2024-02-07,138.5318,7361900,137.8386,138.5888,136.3858,0.0124,-0.0176,-0.0549,-0.0049,0.0364,50.9265,0.0215,0.0088,-0.0069,0.4879,0.0104,0.7352,buy
2024-02-08,140.7063,9448700,139.4434,141.1146,138.9116,0.0157,0.0501,-0.0407,0.0150,0.0496,43.2499,0.0225,0.0094,-0.0049,0.5755,0.2835,0.9261,buy
2024-02-09,143.3841,11981500,141.4850,145.6630,140.8678,0.0190,0.0657,0.0019,0.0342,0.0657,46.8740,0.0223,0.0111,-0.0023,0.6899,0.2681,1.1484,buy
2024-02-12,145.3782,11806300,142.7954,146.9545,142.6719,0.0139,0.0630,0.0231,0.0461,0.0767,49.3627,0.0225,0.0134,0.0001,0.7689,-0.0146,1.1038,sell
2024-02-13,142.4725,8976300,142.4345,143.6215,140.9247,-0.0200,0.0412,0.0278,0.0223,0.0521,43.5508,0.0220,0.0139,0.0002,0.5943,-0.2397,0.8334,buy
2024-02-14,146.1758,8715100,143.6785,146.6031,143.4316,0.0260,0.0552,0.0366,0.0450,0.0758,49.2909,0.0227,0.0155,0.0018,0.7865,-0.0291,0.8012,buy
2024-02-15,148.1129,9372400,147.1824,149.2429,146.6981,0.0133,0.0526,0.1054,0.0483,0.0861,57.3752,0.0128,0.0177,0.0033,0.8597,0.0754,0.8758,sell
2024-02-16,144.9889,8429100,149.5278,149.8031,144.9034,-0.0211,0.0112,0.0776,0.0186,0.0600,54.0270,0.0161,0.0181,0.0027,0.6726,-0.1006,0.8173,hold
2024-02-20,144.2957,8745500,144.2292,145.1883,142.3111,-0.0048,-0.0074,0.0551,0.0084,0.0517,58.5575,0.0162,0.0176,0.0017,0.6354,0.0375,0.8551,hold
2024-02-21,144.3432,9760300,142.2731,144.3811,141.3900,0.0003,0.0131,0.0549,0.0035,0.0492,55.3913,0.0162,0.0170,0.0009,0.6442,0.1160,0.9382,buy
2024-02-22,146.9450,11407500,146.9640,147.6666,144.6375,0.0180,0.0053,0.0607,0.0157,0.0650,74.5323,0.0166,0.0174,0.0013,0.7972,0.1688,1.0805,hold
2024-02-23,147.0969,5953300,147.8470,148.9960,146.5461,0.0010,-0.0069,0.0454,0.0122,0.0633,74.1417,0.0163,0.0179,0.0014,0.8031,-0.4781,0.5687,buy
2024-02-26,149.1100,6307600,148.1319,149.5373,147.9325,0.0137,0.0284,0.0399,0.0221,0.0749,73.9322,0.0159,0.0188,0.0021,0.8786,0.0595,0.6067,buy
2024-02-27,150.3159,6021400,149.7937,151.1705,149.5468,0.0081,0.0417,0.0340,0.0268,0.0807,75.0352,0.0156,0.0201,0.0028,0.8927,-0.0454,0.5927,sell
2024-02-28,148.7412,5211000,148.8843,149.3997,147.8918,-0.0105,0.0305,0.0440,0.0118,0.0671,69.0439,0.0142,0.0203,0.0022,0.7810,-0.1346,0.5231,buy
2024-02-29,150.5927,8321400,149.7146,150.9840,149.0561,0.0124,0.0248,0.0302,0.0213,0.0781,68.6664,0.0124,0.0208,0.0024,0.8344,0.5969,0.8929,buy
2024-03-01,155.6509,10405700,152.1197,156.5194,150.8599,0.0336,0.0582,0.0509,0.0502,0.1110,71.2507,0.0156,0.0231,0.0042,1.0131,0.2505,1.1961,buy
2024-03-04,158.9627,11865100,157.5883,160.1747,157.2066,0.0213,0.0661,0.0964,0.0625,0.1309,72.5058,0.0132,0.0263,0.0062,1.0760,0.1403,1.3528,sell
2024-03-05,154.0857,9608800,157.2161,158.0369,152.9214,-0.0307,0.0251,0.0678,0.0233,0.0930,68.0604,0.0180,0.0272,0.0052,0.8308,-0.1902,1.0858,buy
2024-03-06,160.2320,12230500,157.3020,161.5299,156.8344,0.0399,0.0773,0.1101,0.0530,0.1326,70.3159,0.0206,0.0290,0.0063,1.0341,0.2728,1.3445,buy
2024-03-07,167.7048,14495100,161.8640,169.4895,161.7017,0.0466,0.1136,0.1413,0.0872,0.1802,74.4107,0.0235,0.0331,0.0091,1.1708,0.1852,1.5334,sell
2024-03-08,162.7897,11318000,166.8459,167.4662,162.7611,-0.0293,0.0459,0.1067,0.0447,0.1416,71.2316,0.0270,0.0357,0.0088,0.9311,-0.2192,1.1856,hold
2024-03-11,163.3147,7256300,161.2914,164.1354,160.4515,0.0032,0.0274,0.0953,0.0386,0.1413,72.7758,0.0271,0.0366,0.0078,0.8960,-0.3589,0.7794,buy
2024-03-12,165.1853,7642200,165.0230,165.9679,162.7993,0.0115,0.0720,0.0989,0.0407,0.1501,73.9149,0.0271,0.0375,0.0072,0.9018,0.0532,0.8396,sell
2024-03-13,161.5300,8730500,163.4101,163.6773,160.9096,-0.0221,0.0081,0.0860,0.0095,0.1209,66.3402,0.0283,0.0372,0.0050,0.7596,0.1424,0.9605,hold
2024-03-14,160.7664,8151000,161.8640,162.1980,159.1058,-0.0047,-0.0414,0.0676,-0.0016,0.1113,65.1075,0.0285,0.0356,0.0026,0.7124,-0.0664,0.8995,hold
2024-03-15,159.5735,16414600,159.4780,161.0718,158.2850,-0.0074,-0.0198,0.0252,-0.0114,0.0987,61.7777,0.0272,0.0335,0.0002,0.6560,1.0138,1.7437,hold
2024-03-18,159.3062,6653700,163.1143,163.6392,158.7623,-0.0017,-0.0245,0.0022,-0.0133,0.0923,60.3380,0.0264,0.0312,-0.0018,0.6290,-0.5946,0.7135,sell
2024-03-19,156.6149,7404400,158.5141,158.8672,156.1663,-0.0169,-0.0519,0.0164,-0.0315,0.0699,58.8273,0.0249,0.0281,-0.0043,0.5173,0.1128,0.7998,buy
2024-03-20,160.0220,5995800,156.6149,160.4992,156.3572,0.0218,-0.0093,-0.0013,-0.0103,0.0890,60.2150,0.0224,0.0261,-0.0045,0.6231,-0.1902,0.6611,buy
2024-03-21,163.0570,8497500,162.9520,165.0325,161.8926,0.0190,0.0142,-0.0277,0.0114,0.1052,58.3910,0.0171,0.0257,-0.0035,0.7232,0.4172,0.9522,hold
2024-03-22,162.3412,5645500,161.8163,164.0591,161.5777,-0.0044,0.0173,-0.0028,0.0073,0.0958,54.0671,0.0143,0.0252,-0.0032,0.6752,-0.3356,0.6337,sell
2024-03-25,159.8789,5682500,160.2225,161.0719,159.3540,-0.0152,0.0036,-0.0210,-0.0059,0.0752,57.4043,0.0150,0.0237,-0.0042,0.5420,0.0066,0.6401,hold
2024-03-26,159.4494,5289900,160.3847,161.6922,159.3826,-0.0027,0.0181,-0.0347,-0.0050,0.0685,48.8286,0.0142,0.0217,-0.0050,0.4978,-0.0691,0.5983,buy
2024-03-27,161.4154,6309700,161.7208,161.7495,159.3540,0.0123,0.0087,-0.0007,0.0073,0.0777,38.7274,0.0134,0.0206,-0.0046,0.5841,0.1928,0.7093,hold
2024-03-28,161.5777,5324000,161.3868,162.1408,160.3179,0.0010,-0.0091,0.0050,0.0078,0.0746,47.3815,0.0133,0.0198,-0.0043,0.5724,-0.1562,0.6087,buy
2024-04-01,163.8873,6679100,160.5947,164.9180,160.5374,0.0143,0.0095,0.0270,0.0195,0.0862,51.1485,0.0136,0.0198,-0.0032,0.7360,0.2545,0.7803,hold
2024-04-02,163.2383,7436300,162.6943,163.5819,161.5586,-0.0040,0.0210,0.0247,0.0130,0.0792,45.8937,0.0137,0.0195,-0.0028,0.6638,0.1134,0.8918,buy
2024-04-03,165.9774,6943200,162.2457,166.0251,161.6063,0.0168,0.0409,0.0598,0.0240,0.0943,59.7572,0.0125,0.0200,-0.0015,0.8912,-0.0663,0.8462,sell
2024-04-04,162.0167,9031200,167.0177,167.9243,161.6827,-0.0239,0.0037,0.0125,-0.0016,0.0659,52.4055,0.0142,0.0190,-0.0025,0.5033,0.3007,1.1226,buy
2024-04-05,163.7060,5863300,162.4176,164.3836,161.9690,0.0104,0.0132,0.0040,0.0084,0.0746,57.8019,0.0133,0.0183,-0.0024,0.7140,-0.3508,0.7701,buy
2024-04-08,165.7007,4812000,165.0421,166.4355,164.4981,0.0122,0.0111,0.0207,0.0185,0.0850,61.3329,0.0136,0.0184,-0.0016,0.8923,-0.1793,0.6603,buy
2024-04-09,167.5617,5028500,167.2754,167.9625,165.4620,0.0112,0.0265,0.0481,0.0251,0.0937,69.9896,0.0124,0.0191,-0.0006,1.0015,0.0450,0.7007,sell
2024-04-10,163.0665,6177400,164.5554,165.7865,162.3126,-0.0268,-0.0175,0.0227,-0.0046,0.0614,55.3470,0.0159,0.0180,-0.0018,0.5986,0.2285,0.8696,buy
2024-04-11,167.1418,6262600,163.8396,167.6190,162.7230,0.0250,0.0316,0.0355,0.0168,0.0839,56.9211,0.0172,0.0180,-0.0010,0.9233,0.0138,0.8972,sell
2024-04-12,163.4769,8216700,164.4217,165.4811,163.1620,-0.0219,-0.0014,0.0118,-0.0067,0.0571,51.7494,0.0190,0.0168,-0.0021,0.5904,0.3120,1.1766,sell
2024-04-15,162.0930,6570600,166.3210,166.4260,160.8905,-0.0085,-0.0218,-0.0109,-0.0140,0.0443,53.5279,0.0187,0.0147,-0.0035,0.4562,-0.2003,1.0122,sell
2024-04-16,160.8905,6390100,161.7686,161.8354,159.8121,-0.0074,-0.0398,-0.0144,-0.0199,0.0331,52.2410,0.0188,0.0124,-0.0048,0.3354,-0.0275,0.9864,sell
2024-04-17,156.8248,8082000,161.5013,162.4271,156.2999,-0.0253,-0.0383,-0.0551,-0.0393,0.0044,43.2990,0.0190,0.0085,-0.0073,-0.0498,0.2648,1.2411,sell
2024-04-18,154.0762,9209400,154.9543,156.6149,152.5683,-0.0175,-0.0782,-0.0490,-0.0516,-0.0154,39.8187,0.0184,0.0038,-0.0098,-0.1405,0.1395,1.3802,sell
2024-04-19,150.4400,10292200,153.9330,154.0285,149.2088,-0.0236,-0.0797,-0.0810,-0.0663,-0.0401,32.3831,0.0184,-0.0020,-0.0127,-0.1748,0.1176,1.5220,buy
2024-04-22,152.8737,7848700,150.8313,154.2671,149.9914,0.0162,-0.0569,-0.0774,-0.0436,-0.0261,37.0282,0.0189,-0.0052,-0.0126,0.0466,-0.2374,1.1420,buy
2024-04-23,153.9903,6616700,153.6181,154.8588,152.3965,0.0073,-0.0429,-0.0810,-0.0284,-0.0203,34.3626,0.0185,-0.0071,-0.0115,0.1438,-0.1570,0.9563,buy
2024-04-24,156.1663,6130500,156.3954,158.3614,154.6107,0.0141,-0.0042,-0.0423,-0.0103,-0.0078,41.9953,0.0185,-0.0072,-0.0093,0.2683,-0.0735,0.8807,hold
2024-04-25,155.8513,6230700,156.5958,157.1207,154.3530,-0.0020,0.0115,-0.0675,-0.0052,-0.0115,38.8331,0.0155,-0.0075,-0.0077,0.2718,0.0163,0.8956,buy
2024-04-26,158.1037,7141300,155.4696,158.9245,155.0974,0.0145,0.0509,-0.0329,0.0126,0.0013,39.2780,0.0158,-0.0064,-0.0053,0.3906,0.1461,1.0132,buy
2024-04-29,161.4822,6623900,157.6647,161.5491,157.6647,0.0214,0.0563,-0.0038,0.0347,0.0209,41.7721,0.0175,-0.0038,-0.0021,0.5614,-0.0725,0.9402,sell
2024-04-30,158.2850,6914200,161.5109,161.5204,158.2469,-0.0198,0.0279,-0.0162,0.0159,-0.0009,43.2932,0.0184,-0.0034,-0.0014,0.4158,0.0438,0.9850,sell
2024-05-01,156.6244,13113600,157.0062,161.9022,156.3190,-0.0105,0.0029,-0.0013,0.0054,-0.0130,34.1758,0.0168,-0.0039,-0.0015,0.3523,0.8966,1.7896,buy
2024-05-02,171.8851,25894800,167.4662,173.4025,167.2944,0.0974,0.1029,0.1156,0.0908,0.0795,59.3783,0.0340,0.0032,0.0044,1.0292,0.9747,3.1691,hold
2024-05-03,171.4460,10043900,173.9274,174.8341,169.6900,-0.0026,0.0844,0.1396,0.0737,0.0734,60.6568,0.0322,0.0083,0.0076,0.9512,-0.6121,1.1986,buy
2024-05-06,173.5552,6980100,173.6125,174.0801,172.1713,0.0123,0.0748,0.1353,0.0731,0.0830,64.1380,0.0322,0.0131,0.0098,0.9760,-0.3050,0.8223,hold
2024-05-07,171.9328,8011100,174.1278,175.9030,171.0452,-0.0093,0.0862,0.1165,0.0514,0.0698,67.8386,0.0330,0.0161,0.0103,0.8901,0.1477,0.9275,hold
2024-05-08,172.3145,6242600,168.6688,172.5436,168.5638,0.0022,0.1002,0.1034,0.0434,0.0693,72.8097,0.0331,0.0183,0.0100,0.8645,-0.2208,0.7225,hold
2024-05-09,172.3050,5513500,172.7440,173.4216,171.2552,-0.0001,0.0024,0.1056,0.0330,0.0661,80.0734,0.0330,0.0199,0.0093,0.8421,-0.1168,0.6409,hold
2024-05-10,173.7747,4702500,173.6984,175.1777,172.9731,0.0085,0.0136,0.0991,0.0322,0.0721,79.5306,0.0330,0.0214,0.0087,0.8524,-0.1471,0.5580,buy
2024-05-13,175.8076,6384800,174.8246,176.3039,174.5573,0.0117,0.0130,0.0887,0.0354,0.0820,80.0472,0.0327,0.0231,0.0084,0.8691,0.3577,0.7584,buy
2024-05-14,180.3505,7713400,176.0939,180.6559,176.0748,0.0258,0.0490,0.1394,0.0486,0.1070,81.2684,0.0314,0.0258,0.0092,0.9314,0.2081,0.9091,buy
2024-05-15,185.7332,11349100,181.3430,187.1361,181.3335,0.0298,0.0779,0.1859,0.0619,0.1357,84.1588,0.0306,0.0295,0.0107,0.9835,0.4713,1.3124,hold
2024-05-16,184.4543,8173400,186.1054,186.7067,183.9867,-0.0069,0.0705,0.0731,0.0470,0.1245,80.8078,0.0131,0.0324,0.0108,0.8994,-0.2798,0.9508,hold
2024-05-17,185.0174,5799700,184.1012,186.5254,183.1182,0.0031,0.0647,0.0792,0.0422,0.1256,79.4553,0.0128,0.0343,0.0102,0.8729,-0.2904,0.6928,buy
2024-05-20,188.7395,8879700,185.1510,190.8678,184.4639,0.0201,0.0736,0.0875,0.0542,0.1446,87.6208,0.0133,0.0363,0.0101,0.9085,0.5311,1.0542,buy
2024-05-21,191.6886,11498800,187.0693,192.7670,186.8307,0.0156,0.0629,0.1149,0.0589,0.1585,91.9789,0.0119,0.0386,0.0103,0.9223,0.2950,1.3267,buy
2024-05-22,193.6737,11170100,193.6737,195.4966,192.4998,0.0104,0.0428,0.1240,0.0574,0.1665,88.2412,0.0115,0.0408,0.0103,0.9142,-0.0286,1.2524,sell
2024-05-23,192.5571,14475100,196.4892,198.4647,190.3238,-0.0058,0.0439,0.1175,0.0398,0.1554,86.1911,0.0122,0.0422,0.0092,0.8559,0.2959,1.5512,buy
2024-05-24,200.7648,13809900,194.5899,201.6619,194.2750,0.0426,0.0851,0.1553,0.0686,0.1989,88.5792,0.0157,0.0442,0.0100,0.9683,-0.0460,1.4289,buy
2024-05-28,203.3607,12485400,207.3214,207.5123,201.6619,0.0129,0.0775,0.1567,0.0668,0.2081,93.3632,0.0157,0.0469,0.0105,0.9567,-0.0959,1.2538,sell
2024-05-29,198.7606,12552500,199.1328,201.0511,197.2717,-0.0226,0.0369,0.1021,0.0327,0.1753,82.6846,0.0190,0.0483,0.0089,0.8384,0.0054,1.2259,sell
2024-05-30,196.2594,12245300,199.3260,200.6388,195.3203,-0.0126,0.0134,0.0567,0.0141,0.1551,77.8877,0.0188,0.0476,0.0061,0.7740,-0.0245,1.2010,hold
2024-05-31,195.5407,15064900,199.3260,200.3322,190.4234,-0.0037,0.0155,0.0601,0.0046,0.1460,75.7909,0.0186,0.0459,0.0034,0.7334,0.2303,1.5604,buy
2024-06-03,197.3231,12419500,200.8209,202.1817,193.9691,0.0091,-0.0171,0.0665,0.0074,0.1519,75.6464,0.0186,0.0442,0.0017,0.7495,-0.1756,1.2707,sell
2024-06-04,195.8474,6629100,197.3231,197.6298,193.2504,-0.0075,-0.0369,0.0377,-0.0037,0.1388,69.9294,0.0184,0.0424,-0.0003,0.6938,-0.4662,0.6795,buy
2024-06-05,203.0634,11626300,198.3006,203.6383,196.8057,0.0368,0.0216,0.0593,0.0271,0.1749,71.2834,0.0209,0.0417,0.0004,0.8360,0.7538,1.1700,sell
2024-06-06,200.7059,7597200,203.0633,203.3892,200.0830,-0.0116,0.0227,0.0363,0.0115,0.1557,69.4438,0.0216,0.0414,-0.0004,0.7569,-0.3466,0.7594,sell
2024-06-07,198.0035,5714400,200.9838,201.0509,196.3457,-0.0135,0.0126,0.0283,-0.0048,0.1354,64.7802,0.0221,0.0397,-0.0021,0.6699,-0.2478,0.5706,buy
2024-06-10,200.6197,6465100,196.7290,201.7984,196.0294,0.0132,0.0167,-0.0007,0.0084,0.1452,63.8707,0.0178,0.0381,-0.0025,0.7315,0.1314,0.6399,hold
2024-06-11,199.8243,8197500,198.5114,200.7155,196.2403,-0.0040,0.0203,-0.0174,0.0062,0.1360,60.0019,0.0172,0.0366,-0.0033,0.6944,0.2680,0.8042,buy
2024-06-12,206.4078,9502800,203.6383,206.6282,202.0859,0.0329,0.0165,0.0385,0.0354,0.1677,64.0648,0.0186,0.0364,-0.0018,0.9161,0.1592,0.9241,buy
2024-06-13,208.7269,10102800,207.3374,209.2539,204.1270,0.0112,0.0400,0.0635,0.0405,0.1752,67.3974,0.0177,0.0371,-0.0005,0.9525,0.0631,0.9885,sell
2024-06-14,206.3503,6438200,208.5640,208.9569,204.7404,-0.0114,0.0422,0.0553,0.0231,0.1560,56.8718,0.0184,0.0371,-0.0007,0.8393,-0.3627,0.6353,buy
2024-06-17,212.9530,12109100,208.0369,213.3842,204.5008,0.0320,0.0615,0.0792,0.0477,0.1864,60.7422,0.0202,0.0377,0.0008,1.0522,0.8808,1.1589,buy
2024-06-18,217.6199,22037500,217.3612,221.0123,216.5753,0.0219,0.0891,0.1112,0.0594,0.2055,71.0887,0.0199,0.0396,0.0027,1.1153,0.8199,1.9841,sell
2024-06-20,206.4845,18701200,214.8504,216.4795,203.9641,-0.0512,0.0004,0.0168,0.0035,0.1389,59.5833,0.0257,0.0391,0.0002,0.6829,-0.1514,1.6308,sell
2024-06-21,203.6671,22286500,202.9292,206.4845,200.6772,-0.0136,-0.0242,0.0148,-0.0116,0.1183,57.3280,0.0258,0.0360,-0.0027,0.5574,0.1917,1.8537,sell
2024-06-24,192.4646,16087700,198.2814,198.3964,191.8896,-0.0550,-0.0673,-0.0280,-0.0635,0.0539,46.2550,0.0313,0.0300,-0.0088,0.1069,-0.2781,1.3292,hold
2024-06-25,193.7391,11974900,194.6686,194.6782,190.8642,0.0066,-0.0902,-0.0343,-0.0541,0.0574,48.3699,0.0310,0.0237,-0.0118,0.1864,-0.2556,0.9969,sell
2024-06-26,189.1010,10023800,191.9567,192.7616,187.5389,-0.0239,-0.1310,-0.0537,-0.0719,0.0290,38.7560,0.0317,0.0172,-0.0154,0.0738,-0.1629,0.8431,sell
2024-06-27,187.0119,11936600,188.6601,190.2892,185.7565,-0.0110,-0.0943,-0.0940,-0.0733,0.0148,38.9242,0.0287,0.0106,-0.0179,0.0620,0.1908,1.0066,buy
2024-06-28,190.8738,15547500,187.8264,195.4353,187.4527,0.0207,-0.0628,-0.0855,-0.0458,0.0319,44.3396,0.0296,0.0067,-0.0169,0.2048,0.3025,1.2931,hold
2024-07-01,191.6883,6800600,191.1517,192.3016,187.9031,0.0043,-0.0040,-0.0711,-0.0346,0.0321,42.7005,0.0299,0.0041,-0.0156,0.2416,-0.5626,0.5858,hold
2024-07-02,191.8129,5632900,189.9826,192.1196,188.8709,0.0007,-0.0099,-0.0993,-0.0236,0.0282,43.3798,0.0268,0.0021,-0.0141,0.2595,-0.1717,0.4998,buy
2024-07-03,195.3107,4996200,194.2278,196.3169,192.0813,0.0182,0.0328,-0.1025,0.0056,0.0422,40.3371,0.0264,0.0019,-0.0112,0.3652,-0.1130,0.4465,buy
2024-07-05,197.1698,6375200,197.2657,198.1281,195.4736,0.0095,0.0543,-0.0451,0.0201,0.0473,39.8553,0.0227,0.0024,-0.0084,0.4294,0.2760,0.5835,buy
2024-07-08,199.2206,6920400,198.5977,201.6642,197.5531,0.0104,0.0437,-0.0218,0.0331,0.0534,43.7055,0.0229,0.0037,-0.0056,0.4931,0.0855,0.6353,hold
2024-07-09,198.4827,5272600,197.8694,199.8530,196.1253,-0.0037,0.0354,0.0313,0.0261,0.0448,35.7493,0.0135,0.0044,-0.0040,0.4702,-0.2381,0.4850,buy
2024-07-10,200.0926,5159400,200.0351,200.5143,197.9460,0.0081,0.0432,0.0328,0.0310,0.0486,31.6329,0.0135,0.0054,-0.0023,0.5193,-0.0215,0.4775,sell
2024-07-11,191.5159,8602200,201.2618,201.3672,191.4392,-0.0429,-0.0194,0.0128,-0.0144,0.0005,33.4253,0.0182,0.0029,-0.0041,0.2795,0.6673,0.7946,buy
2024-07-12,193.9883,7217200,193.2504,197.4861,191.8992,0.0129,-0.0161,0.0373,-0.0053,0.0097,39.2002,0.0180,0.0018,-0.0041,0.3684,-0.1610,0.6738,buy
2024-07-15,199.4985,7463700,194.5345,200.5143,194.3332,0.0284,0.0014,0.0452,0.0185,0.0337,58.9907,0.0189,0.0030,-0.0022,0.5480,0.0342,0.7055,buy
2024-07-16,200.8976,5998500,201.2426,202.2871,198.0035,0.0070,0.0122,0.0480,0.0208,0.0379,59.1209,0.0190,0.0046,-0.0005,0.6025,-0.1963,0.5682,sell
2024-07-17,183.6099,16156200,191.4008,191.6596,182.6133,-0.0861,-0.0824,-0.0428,-0.0631,-0.0526,44.7091,0.0345,-0.0013,-0.0054,0.0845,1.6934,1.5016,hold
2024-07-18,183.4757,9960600,185.6990,185.8140,179.1538,-0.0007,-0.0420,-0.0606,-0.0581,-0.0543,46.4594,0.0337,-0.0062,-0.0083,0.0577,-0.3835,0.9808,sell
2024-07-19,178.4447,9195700,183.6961,185.0378,178.0134,-0.0274,-0.0801,-0.0950,-0.0750,-0.0809,37.8398,0.0339,-0.0125,-0.0117,-0.0601,-0.0768,0.9499,buy
2024-07-22,186.8394,7590000,183.0349,187.3473,181.1662,0.0470,-0.0635,-0.0621,-0.0253,-0.0391,45.8687,0.0380,-0.0128,-0.0097,0.2808,-0.1746,0.8485,hold
2024-07-23,185.2869,5796700,186.1015,188.0564,184.1370,-0.0083,-0.0777,-0.0665,-0.0267,-0.0483,44.5720,0.0380,-0.0142,-0.0088,0.2407,-0.2363,0.6875,sell
2024-07-24,173.5190,13295300,181.4441,181.7029,173.1549,-0.0635,-0.0550,-0.1328,-0.0756,-0.1087,34.0667,0.0416,-0.0214,-0.0125,-0.0742,1.2936,1.5647,sell
2024-07-25,168.0759,12700100,172.1295,172.7236,166.0443,-0.0314,-0.0839,-0.1224,-0.0933,-0.1360,29.7869,0.0408,-0.0295,-0.0162,-0.0962,-0.0448,1.4715,buy
2024-07-26,172.5416,6567800,171.5449,173.7394,170.1650,0.0266,-0.0331,-0.1106,-0.0583,-0.1123,32.0665,0.0420,-0.0320,-0.0153,0.0815,-0.4829,0.7854,hold
2024-07-29,171.1904,6051600,173.9311,175.0235,170.4333,-0.0078,-0.0838,-0.1419,-0.0510,-0.1180,31.8042,0.0397,-0.0350,-0.0146,0.1029,-0.0786,0.7672,sell
2024-07-30,159.9783,15338900,171.8611,171.9186,159.8153,-0.0655,-0.1366,-0.2037,-0.0926,-0.1736,26.2913,0.0419,-0.0450,-0.0185,-0.0384,1.5347,1.8448,buy
2024-07-31,173.4040,19222200,168.2580,173.5286,166.1785,0.0839,-0.0007,-0.0556,-0.0107,-0.1032,39.8757,0.0471,-0.0403,-0.0127,0.2576,0.2532,2.1372,sell
2024-08-01,157.1609,24795000,164.5973,169.5900,154.6022,-0.0937,-0.0649,-0.1434,-0.0897,-0.1846,32.1604,0.0547,-0.0512,-0.0166,0.0219,0.2899,2.4835,sell
2024-08-02,152.6665,16618900,153.8260,157.4100,150.9607,-0.0286,-0.1152,-0.1445,-0.1023,-0.2047,27.0886,0.0548,-0.0599,-0.0194,0.0236,-0.3297,1.5833,hold
2024-08-05,151.3632,12733900,146.8783,156.0301,145.0767,-0.0085,-0.1158,-0.1899,-0.0910,-0.2080,25.7438,0.0505,-0.0660,-0.0201,0.0649,-0.2338,1.1805,hold
2024-08-06,152.1011,9301000,151.8136,156.8063,149.9736,0.0049,-0.0492,-0.1791,-0.0680,-0.2007,31.5860,0.0510,-0.0690,-0.0186,0.1224,-0.2696,0.8465,sell
2024-08-07,149.6095,9266900,156.7584,157.4675,149.0153,-0.0164,-0.1372,-0.1378,-0.0696,-0.2096,30.7391,0.0485,-0.0733,-0.0177,0.1254,-0.0037,0.8279,buy
2024-08-08,158.0713,9590900,154.0368,158.6846,151.2865,0.0566,0.0058,-0.0595,-0.0109,-0.1608,38.8481,0.0527,-0.0666,-0.0112,0.2774,0.0350,0.8531,hold
2024-08-09,157.6209,4824600,157.2280,158.9721,155.2251,-0.0028,0.0325,-0.0865,-0.0044,-0.1596,32.4831,0.0516,-0.0641,-0.0068,0.2921,-0.4970,0.4337,hold
2024-08-12,156.0972,8548000,153.8643,156.5763,150.8553,-0.0097,0.0313,-0.0882,-0.0045,-0.1641,32.4943,0.0516,-0.0626,-0.0039,0.2858,0.7718,0.7647,buy
2024-08-13,162.4028,11102100,157.4484,162.4890,156.4709,0.0404,0.0677,0.0152,0.0341,-0.1272,42.8660,0.0493,-0.0549,0.0013,0.4145,0.2988,0.9711,hold
2024-08-14,160.1795,7208200,163.5240,164.1181,157.8508,-0.0137,0.0707,-0.0763,0.0286,-0.1357,44.7139,0.0402,-0.0518,0.0041,0.3882,-0.3507,0.6562,buy
2024-08-15,166.1114,10752100,164.5877,167.3571,163.4952,0.0370,0.0509,0.0570,0.0606,-0.1008,45.7783,0.0285,-0.0437,0.0082,0.5332,0.4916,0.9752,hold
2024-08-16,164.9997,5435700,165.1052,166.1497,163.5144,-0.0067,0.0468,0.0808,0.0453,-0.1032,45.9227,0.0263,-0.0391,0.0105,0.5244,-0.4945,0.5016,buy
2024-08-19,166.9930,6708100,164.4152,167.0505,161.7032,0.0121,0.0698,0.1033,0.0475,-0.0890,55.2586,0.0257,-0.0334,0.0125,0.6089,0.2341,0.6215,sell
2024-08-20,164.9327,6222400,166.6097,168.1142,164.0127,-0.0123,0.0156,0.0844,0.0263,-0.0970,42.3450,0.0266,-0.0304,0.0129,0.5977,-0.0724,0.5754,buy
2024-08-21,166.9547,6309500,165.7760,167.5776,164.9039,0.0123,0.0423,0.1159,0.0278,-0.0825,61.9114,0.0252,-0.0260,0.0134,0.6841,0.0140,0.6029,sell
2024-08-22,161.9524,6743500,167.0313,167.3092,161.3582,-0.0300,-0.0250,0.0246,-0.0054,-0.1063,61.1559,0.0226,-0.0257,0.0119,0.5225,0.0688,0.6633,buy
2024-08-23,166.2647,6823600,164.5973,167.3380,163.5144,0.0266,0.0077,0.0548,0.0157,-0.0784,66.6953,0.0237,-0.0218,0.0119,0.6968,0.0119,0.6703,sell
2024-08-26,162.4219,7437600,164.7985,165.1914,161.5020,-0.0231,-0.0274,0.0405,-0.0116,-0.0951,60.8111,0.0250,-0.0214,0.0104,0.5742,0.0900,0.7257,buy
2024-08-27,166.6768,6498800,162.1153,167.1655,161.2528,0.0262,0.0106,0.0263,0.0117,-0.0672,67.2411,0.0231,-0.0179,0.0105,0.7257,-0.1262,0.6627,sell
2024-08-28,164.6835,6534600,167.1080,168.3921,162.5561,-0.0120,-0.0136,0.0281,-0.0031,-0.0734,57.6838,0.0230,-0.0165,0.0098,0.6829,0.0055,0.7124,sell
2024-08-29,162.4219,12514200,166.1880,169.0054,161.8853,-0.0137,0.0029,-0.0222,-0.0146,-0.0804,55.3537,0.0200,-0.0164,0.0082,0.5740,0.9151,1.4622,buy
2024-08-30,167.9896,11110800,165.1052,168.1430,163.6773,0.0343,0.0104,0.0181,0.0173,-0.0447,62.1643,0.0230,-0.0127,0.0088,0.7891,-0.1121,1.3413,sell
2024-09-03,156.4326,11620300,164.7218,164.9806,155.2443,-0.0688,-0.0369,-0.0632,-0.0466,-0.1056,44.4857,0.0316,-0.0168,0.0051,0.2465,0.0459,1.4123,buy
2024-09-04,158.4354,6737000,156.2026,161.2241,155.8480,0.0128,-0.0494,-0.0394,-0.0305,-0.0906,48.3825,0.0321,-0.0178,0.0030,0.3110,-0.4202,0.8318,hold
2024-09-05,157.6841,5600000,157.0869,159.7069,155.9021,-0.0047,-0.0425,-0.0555,-0.0296,-0.0912,41.3536,0.0316,-0.0191,0.0015,0.1983,-0.1688,0.7074,sell
2024-09-06,152.3766,10703000,156.7594,157.1928,151.3555,-0.0337,-0.0618,-0.0591,-0.0567,-0.1180,38.0754,0.0319,-0.0232,-0.0015,-0.0487,0.9112,1.3426,buy
2024-09-09,154.8617,7494900,155.1700,156.4029,152.7426,0.0163,-0.0781,-0.0686,-0.0345,-0.1003,38.6456,0.0309,-0.0240,-0.0021,0.1143,-0.2997,0.9247,hold
2024-09-10,155.7383,7918100,154.1200,156.1043,151.8853,0.0057,-0.0044,-0.0411,-0.0250,-0.0915,41.1994,0.0306,-0.0240,-0.0018,0.1641,0.0565,0.9807,buy
2024-09-11,160.4390,8275400,156.3933,160.7665,153.3976,0.0302,0.0126,-0.0374,0.0084,-0.0607,44.0676,0.0310,-0.0208,0.0006,0.4207,0.0451,1.0432,sell
2024-09-12,158.9170,6039200,159.7840,160.1982,156.9135,-0.0095,0.0078,-0.0350,0.0024,-0.0660,47.0494,0.0309,-0.0196,0.0016,0.3441,-0.2702,0.7670,buy
2024-09-13,161.5660,4049900,159.7165,162.1150,159.3601,0.0167,0.0603,-0.0053,0.0197,-0.0466,45.2798,0.0313,-0.0166,0.0034,0.4962,-0.3294,0.5372,hold
2024-09-16,160.4871,6510000,158.8689,161.1903,157.7708,-0.0067,0.0363,-0.0447,0.0177,-0.0489,47.9421,0.0289,-0.0150,0.0041,0.4493,0.6074,0.8574,buy
2024-09-17,162.5003,5828000,162.6737,163.2709,159.9766,0.0125,0.0434,0.0388,0.0265,-0.0327,45.3353,0.0181,-0.0123,0.0052,0.5751,-0.1048,0.7721,hold
2024-09-18,162.1150,5877600,163.2902,166.0836,161.5371,-0.0024,0.0104,0.0232,0.0217,-0.0308,47.0244,0.0179,-0.0105,0.0057,0.5623,0.0085,0.7804,buy
2024-09-19,167.5285,10900000,168.0101,170.3026,166.1510,0.0334,0.0542,0.0624,0.0493,0.0054,55.5134,0.0201,-0.0060,0.0077,0.8724,0.8545,1.4045,sell
2024-09-20,162.7122,27546400,166.3437,166.7097,158.2620,-0.0287,0.0071,0.0678,0.0126,-0.0201,44.2082,0.0191,-0.0051,0.0072,0.5921,1.5272,3.1299,sell
2024-09-23,159.8610,9810000,162.2306,163.7333,159.2734,-0.0175,-0.0039,0.0323,-0.0082,-0.0333,54.6515,0.0201,-0.0057,0.0055,0.4443,-0.6439,1.0961,hold
2024-09-24,160.8146,9666800,161.2674,163.1361,159.8803,0.0060,-0.0104,0.0326,-0.0054,-0.0229,53.3226,0.0202,-0.0056,0.0044,0.5062,-0.0146,1.0668,buy
2024-09-25,162.0861,5095500,160.1693,162.3944,159.6684,0.0079,-0.0002,0.0103,0.0014,-0.0105,56.0594,0.0180,-0.0047,0.0042,0.6019,-0.4729,0.5667,buy
2024-09-26,166.3148,8475000,168.4821,169.2912,160.6509,0.0261,-0.0072,0.0466,0.0229,0.0174,69.7732,0.0191,-0.0019,0.0054,0.8558,0.6632,0.9325,sell
2024-09-27,163.8778,5880700,166.6423,167.0758,163.5888,-0.0147,0.0072,0.0143,0.0064,0.0049,62.8079,0.0195,-0.0010,0.0052,0.6981,-0.3061,0.6715,hold
2024-09-30,163.8007,8099700,165.0722,165.9006,161.5852,-0.0005,0.0246,0.0206,0.0039,0.0063,61.7194,0.0193,-0.0003,0.0047,0.7226,0.3773,0.9411,sell
2024-10-01,159.6876,8277600,163.5599,164.0319,158.0501,-0.0251,-0.0070,-0.0173,-0.0196,-0.0157,48.8889,0.0207,-0.0017,0.0027,0.4386,0.0220,0.9808,buy
2024-10-02,162.1343,4484600,160.0440,163.5117,159.0808,0.0153,0.0003,0.0001,-0.0046,0.0022,54.6312,0.0214,-0.0016,0.0022,0.5930,-0.4582,0.5386,hold
2024-10-03,162.7122,6260200,159.8514,163.2998,159.5720,0.0036,-0.0217,-0.0287,0.0019,0.0071,51.7546,0.0180,-0.0012,0.0021,0.6169,0.3959,0.7489,hold
2024-10-04,162.6930,6586500,166.2089,166.4497,160.3619,-0.0001,-0.0072,-0.0001,0.0018,0.0077,53.4898,0.0156,-0.0009,0.0019,0.5963,0.0521,0.8078,sell
2024-10-07,160.8050,4359300,161.4793,162.5196,159.6491,-0.0116,-0.0183,0.0059,-0.0104,-0.0026,47.3072,0.0149,-0.0016,0.0010,0.3986,-0.3381,0.5451,hold
2024-10-08,160.2271,7843500,158.8014,161.5563,157.6455,-0.0036,0.0034,-0.0037,-0.0136,-0.0048,47.0195,0.0148,-0.0024,0.0001,0.2866,0.7993,0.9813,buy
2024-10-09,163.9645,5486500,159.8514,164.0415,158.6184,0.0233,0.0113,0.0116,0.0083,0.0179,44.0591,0.0165,-0.0012,0.0011,0.6999,-0.3005,0.6986,sell
2024-10-10,162.3270,5048000,161.0843,162.5485,159.2542,-0.0100,-0.0024,-0.0240,0.0006,0.0091,49.2816,0.0143,-0.0010,0.0010,0.4896,-0.0799,0.6468,buy
2024-10-11,163.7333,3801400,161.8260,164.1667,160.7376,0.0087,0.0064,-0.0009,0.0094,0.0171,57.6310,0.0139,-0.0002,0.0015,0.6503,-0.2469,0.4879,buy
2024-10-14,171.4971,9933600,165.0433,172.2966,164.6195,0.0474,0.0665,0.0470,0.0523,0.0628,66.5968,0.0204,0.0041,0.0045,1.2551,1.6131,1.2475,sell
2024-10-15,167.6922,12910400,170.7072,173.2213,166.4015,-0.0222,0.0466,0.0501,0.0239,0.0371,58.0744,0.0200,0.0057,0.0049,0.8672,0.2997,1.5523,sell
2024-10-16,165.1782,6495700,168.2028,168.2509,163.9645,-0.0150,0.0074,0.0188,0.0067,0.0199,48.2779,0.0206,0.0058,0.0040,0.6421,-0.4969,0.7781,hold
2024-10-17,164.8121,6093200,169.1660,169.1660,164.7351,-0.0022,0.0153,0.0129,0.0032,0.0158,51.5104,0.0206,0.0055,0.0029,0.6286,-0.0620,0.7515,hold
2024-10-18,164.6387,6432700,165.7850,166.2377,163.1939,-0.0011,0.0055,0.0120,0.0009,0.0139,51.3505,0.0206,0.0051,0.0021,0.6046,0.0557,0.9122,sell
2024-10-21,162.7989,7297700,163.4058,163.9163,159.9670,-0.0112,-0.0507,0.0124,-0.0115,0.0019,55.4104,0.0206,0.0039,0.0007,0.4278,0.1345,1.0536,buy
2024-10-22,166.8157,7313000,162.7990,167.1047,162.0476,0.0247,-0.0052,0.0411,0.0089,0.0253,57.7192,0.0217,0.0047,0.0012,0.7664,0.0021,1.0741,sell
2024-10-23,160.4775,9788200,163.1168,166.2955,158.2620,-0.0380,-0.0285,-0.0213,-0.0274,-0.0135,46.9034,0.0242,0.0025,-0.0009,0.2050,0.3385,1.3897,buy
2024-10-24,161.9224,4933400,160.4871,162.7315,159.4468,0.0090,-0.0175,-0.0025,-0.0184,-0.0048,48.9728,0.0243,0.0012,-0.0017,0.3506,-0.4960,0.7185,buy
2024-10-25,164.0126,5496600,164.0223,166.8157,163.5695,0.0129,-0.0038,0.0017,-0.0059,0.0083,54.2529,0.0245,0.0013,-0.0013,0.5373,0.1142,0.8028,buy
2024-10-28,165.8910,5024600,163.1939,166.7868,163.1457,0.0115,0.0190,-0.0327,0.0089,0.0198,57.2593,0.0188,0.0022,-0.0003,0.6930,-0.0859,0.7507,buy
2024-10-29,169.5320,6427700,165.8717,170.0811,164.9662,0.0219,0.0163,0.0110,0.0299,0.0418,57.1534,0.0190,0.0045,0.0017,0.9516,0.2792,0.9738,sell
2024-10-30,161.4600,8819700,163.6755,165.4286,161.3733,-0.0476,0.0061,-0.0225,-0.0169,-0.0074,49.0442,0.0242,0.0027,-0.0002,0.2738,0.3721,1.2937,sell
2024-10-31,156.7883,10261200,161.4600,161.6141,156.1236,-0.0289,-0.0317,-0.0487,-0.0407,-0.0349,42.8572,0.0257,-0.0013,-0.0034,-0.0202,0.1634,1.4622,buy
2024-11-01,159.1964,6498100,157.0868,159.9766,156.7882,0.0154,-0.0294,-0.0331,-0.0227,-0.0197,35.7826,0.0264,-0.0032,-0.0043,0.1837,-0.3667,0.9265,hold
2024-11-04,159.1097,4949800,158.9941,161.3444,157.6263,-0.0005,-0.0409,-0.0227,-0.0210,-0.0194,39.1474,0.0263,-0.0047,-0.0046,0.1915,-0.2383,0.7028,hold
2024-11-05,159.8129,5373200,158.9363,161.4311,158.2139,0.0044,-0.0573,-0.0420,-0.0124,-0.0147,42.8899,0.0247,-0.0055,-0.0043,0.2427,0.0855,0.7766,buy
2024-11-06,166.6327,17661900,163.0301,171.8920,162.4714,0.0427,0.0320,0.0384,0.0258,0.0273,52.0602,0.0256,-0.0025,-0.0011,0.6957,2.2870,2.3462,hold
2024-11-07,166.5556,23586300,173.6451,175.4079,165.3227,-0.0005,0.0623,0.0286,0.0224,0.0266,52.1739,0.0255,-0.0004,0.0008,0.6746,0.3354,2.7897,sell
2024-11-08,164.6291,10736600,165.7657,167.1143,162.5485,-0.0116,0.0341,0.0038,0.0102,0.0144,52.0715,0.0257,0.0004,0.0013,0.5436,-0.5448,1.2198,sell
2024-11-11,162.1054,7829500,163.7525,164.5135,159.9862,-0.0153,0.0188,-0.0228,-0.0029,-0.0004,44.4820,0.0258,-0.0002,0.0005,0.3954,-0.2708,0.9003,sell
2024-11-12,157.4048,8483300,160.9110,161.1807,155.9117,-0.0290,-0.0151,-0.0715,-0.0246,-0.0295,46.2568,0.0256,-0.0031,-0.0019,0.0954,0.0835,1.0010,sell
2024-11-13,154.5246,7921700,156.8075,156.9520,153.8793,-0.0183,-0.0727,-0.0430,-0.0383,-0.0468,41.2925,0.0218,-0.0070,-0.0045,-0.0098,-0.0662,0.9269,buy
2024-11-14,157.9441,7012600,156.9616,158.8496,155.9213,0.0221,-0.0517,0.0074,-0.0177,-0.0257,43.0738,0.0213,-0.0079,-0.0044,0.2377,-0.1148,0.8161,sell
2024-11-15,154.6017,9737000,157.0098,158.2909,153.7347,-0.0212,-0.0609,-0.0289,-0.0357,-0.0466,37.5319,0.0217,-0.0105,-0.0056,0.0887,0.3885,1.1118,buy
2024-11-18,158.4547,7814200,156.6245,159.0712,156.0466,0.0249,-0.0225,-0.0041,-0.0113,-0.0233,37.8230,0.0234,-0.0101,-0.0043,0.3294,-0.1975,0.8897,hold
2024-11-19,158.6570,6176800,158.0019,160.1211,156.6727,0.0013,0.0080,-0.0072,-0.0093,-0.0224,46.2740,0.0234,-0.0098,-0.0031,0.3597,-0.2095,0.7078,sell
2024-11-20,148.6006,14483000,157.9731,158.1657,147.3291,-0.0634,-0.0383,-0.1082,-0.0616,-0.0830,40.4794,0.0256,-0.0155,-0.0067,-0.0906,1.3447,1.6162,buy
2024-11-21,149.7469,10685800,149.4579,151.1725,147.9456,0.0077,-0.0519,-0.1009,-0.0442,-0.0749,38.6799,0.0261,-0.0184,-0.0078,0.0446,-0.2622,1.1553,buy
2024-11-22,151.0280,5709300,149.1015,151.1147,148.0805,0.0086,-0.0231,-0.0826,-0.0276,-0.0658,40.5878,0.0267,-0.0198,-0.0074,0.1473,-0.4657,0.6166,buy
2024-11-25,152.9834,9189800,153.0990,153.7829,151.4422,0.0129,-0.0345,-0.0563,-0.0091,-0.0528,42.2716,0.0274,-0.0195,-0.0058,0.2573,0.6096,0.9706,sell
2024-11-26,151.1629,9489900,153.8792,155.5360,150.3537,-0.0119,-0.0472,-0.0397,-0.0170,-0.0627,30.2605,0.0263,-0.0204,-0.0052,0.1955,0.0327,0.9864,hold
2024-11-27,150.6523,6337900,151.1629,151.8564,148.7837,-0.0034,0.0138,-0.0251,-0.0178,-0.0646,29.9294,0.0258,-0.0211,-0.0047,0.2044,-0.3321,0.6674,buy
2024-11-29,152.7041,6112000,152.2995,155.5842,151.9527,0.0136,0.0197,-0.0332,-0.0010,-0.0501,34.9975,0.0250,-0.0199,-0.0030,0.3120,-0.0356,0.6580,buy
2024-12-02,157.0387,9812700,152.5596,157.3662,152.5596,0.0284,0.0398,0.0158,0.0257,-0.0224,43.9036,0.0259,-0.0163,0.0001,0.5147,0.6055,1.0378,hold
2024-12-03,156.6053,6961400,155.5649,157.8382,155.3916,-0.0028,0.0237,-0.0117,0.0241,-0.0247,48.9279,0.0246,-0.0139,0.0020,0.5006,-0.2906,0.7285,hold
2024-12-04,157.3373,6721600,158.4354,158.9363,156.2777,0.0047,0.0408,-0.0083,0.0298,-0.0198,54.0022,0.0247,-0.0115,0.0035,0.5404,-0.0344,0.6985,sell
2024-12-05,155.3039,7279800,157.4341,159.2351,154.8585,-0.0129,0.0309,0.0451,0.0120,-0.0316,46.0889,0.0126,-0.0107,0.0036,0.4689,0.0830,0.7996,sell
2024-12-06,154.4518,9918400,155.3039,155.3039,152.2538,-0.0055,0.0114,0.0314,0.0034,-0.0355,49.7603,0.0130,-0.0103,0.0033,0.4486,0.3625,1.1779,buy
2024-12-09,155.6428,9481200,152.4862,157.7633,152.4765,0.0077,-0.0089,0.0306,0.0081,-0.0270,45.0843,0.0129,-0.0091,0.0035,0.5571,-0.0441,1.1344,sell
2024-12-10,151.4985,8683600,155.6718,156.3690,151.0918,-0.0266,-0.0326,-0.0097,-0.0178,-0.0515,39.0015,0.0154,-0.0105,0.0019,0.2732,-0.0841,1.0337,buy
2024-12-11,154.7616,7081800,152.3022,155.3717,151.9923,0.0215,-0.0164,0.0238,0.0010,-0.0305,61.9633,0.0163,-0.0094,0.0022,0.5477,-0.1845,0.8501,sell
2024-12-12,153.2221,5796100,153.6384,154.4034,151.9439,-0.0099,-0.0134,0.0171,-0.0106,-0.0390,56.6465,0.0167,-0.0095,0.0018,0.4259,-0.1815,0.7048,hold
2024-12-13,153.5029,8886700,153.2221,154.6164,151.6534,0.0018,-0.0061,0.0052,-0.0093,-0.0362,54.9217,0.0162,-0.0093,0.0016,0.4659,0.5332,1.0684,hold
2024-12-16,152.8832,9951100,153.1446,153.6772,149.1359,-0.0040,-0.0177,-0.0265,-0.0106,-0.0389,49.7895,0.0130,-0.0093,0.0013,0.4199,0.1198,1.1948,hold
2024-12-17,152.9122,7187400,151.5276,154.9069,151.5276,0.0002,0.0093,-0.0236,-0.0080,-0.0377,53.9730,0.0130,-0.0092,0.0011,0.4421,-0.2777,0.8662,sell
2024-12-18,148.1967,10295200,153.2318,156.0495,147.4898,-0.0308,-0.0424,-0.0581,-0.0329,-0.0660,45.3172,0.0155,-0.0119,-0.0010,0.0468,0.4324,1.2107,sell
2024-12-19,145.6307,8414800,149.1456,150.5399,145.3015,-0.0173,-0.0495,-0.0623,-0.0436,-0.0800,36.7711,0.0158,-0.0152,-0.0033,-0.1069,-0.1826,1.0262,buy
2024-12-20,148.0417,17347100,144.8367,149.6685,144.6915,0.0166,-0.0356,-0.0415,-0.0237,-0.0631,31.8692,0.0173,-0.0159,-0.0033,0.1175,1.0615,2.0330,buy
2024-12-23,153.2221,8863200,150.7239,153.6578,149.6491,0.0350,0.0022,-0.0156,0.0121,-0.0290,44.2771,0.0211,-0.0132,-0.0009,0.5272,-0.4891,1.0199,buy
2024-12-24,154.3065,2839600,153.6094,154.3453,152.5443,0.0071,0.0091,0.0185,0.0174,-0.0200,44.9336,0.0193,-0.0107,0.0012,0.6096,-0.6796,0.3391,hold
2024-12-26,153.5029,3846900,152.4087,154.5002,152.3603,-0.0052,0.0358,-0.0081,0.0129,-0.0234,46.8602,0.0181,-0.0092,0.0023,0.5353,0.3547,0.4755,sell
2024-12-27,152.2538,7232500,152.2054,152.7476,150.5883,-0.0081,0.0455,-0.0063,0.0053,-0.0297,46.2205,0.0180,-0.0086,0.0024,0.4255,0.8801,0.8890,sell
2024-12-30,149.6781,5356000,150.3075,151.1790,148.9229,-0.0169,0.0111,-0.0249,-0.0092,-0.0443,40.2098,0.0187,-0.0094,0.0014,0.2330,-0.2595,0.6614,sell
2024-12-31,148.7486,4423300,149.8137,150.8982,148.3516,-0.0062,-0.0292,-0.0270,-0.0126,-0.0483,44.9538,0.0187,-0.0104,0.0003,0.1902,-0.1741,0.5650,hold
2025-01-02,148.7679,5009100,150.0945,152.5152,147.9449,0.0001,-0.0359,-0.0271,-0.0098,-0.0465,37.5152,0.0187,-0.0111,-0.0002,0.2198,0.1324,0.6479,buy
2025-01-03,152.8251,5885800,150.4915,153.4157,149.5910,0.0273,-0.0044,0.0312,0.0141,-0.0187,49.2515,0.0180,-0.0090,0.0012,0.5762,0.1750,0.7655,buy
2025-01-06,154.7810,9599800,154.2775,160.4164,154.2775,0.0128,0.0166,0.0628,0.0209,-0.0054,52.2664,0.0166,-0.0064,0.0030,0.7551,0.6310,1.2300,hold
2025-01-07,155.4298,7666000,156.8628,158.2668,154.2000,0.0042,0.0384,0.0499,0.0202,-0.0004,54.5111,0.0162,-0.0040,0.0042,0.8031,-0.2014,0.9966,sell
2025-01-08,154.0354,7731900,154.9747,155.1102,151.9633,-0.0090,0.0355,0.0053,0.0105,-0.0081,51.8979,0.0128,-0.0029,0.0044,0.6932,0.0086,1.0167,sell
2025-01-10,152.0020,6236800,152.6992,153.2608,150.6174,-0.0132,0.0217,-0.0149,-0.0013,-0.0195,57.0709,0.0132,-0.0030,0.0034,0.5061,-0.1934,0.8335,hold
2025-01-13,152.1472,5714700,150.2978,152.3796,149.8911,0.0010,-0.0044,-0.0088,0.0005,-0.0163,63.3057,0.0132,-0.0030,0.0028,0.5321,-0.0837,0.7708,buy
2025-01-14,154.4712,6476500,155.0618,155.9042,151.5954,0.0153,-0.0020,0.0146,0.0143,-0.0004,63.1746,0.0138,-0.0017,0.0032,0.7397,0.1333,0.8695,buy
2025-01-15,159.1964,9284000,156.9597,160.2034,156.9500,0.0306,0.0242,0.0636,0.0389,0.0299,62.4747,0.0149,0.0017,0.0052,1.0575,0.4335,1.2432,sell
2025-01-16,156.3109,7188900,160.1066,160.5811,156.1657,-0.0181,0.0148,0.0508,0.0150,0.0116,53.8925,0.0164,0.0029,0.0051,0.8029,-0.2257,0.9808,buy
2025-01-17,159.3417,8097500,160.1357,160.3584,157.9280,0.0194,0.0483,0.0711,0.0277,0.0312,60.4362,0.0169,0.0052,0.0059,0.9591,0.1264,1.0979,buy
2025-01-21,161.9657,7380500,160.7360,163.3310,160.1066,0.0165,0.0645,0.0598,0.0385,0.0479,66.5457,0.0157,0.0082,0.0071,1.0341,-0.0885,1.0209,buy
2025-01-22,164.8415,7281700,162.9824,166.6329,162.8565,0.0178,0.0671,0.0650,0.0501,0.0667,75.5716,0.0161,0.0117,0.0085,1.1017,-0.0134,1.0151,buy
2025-01-23,168.8309,7172300,164.9771,168.8503,164.0088,0.0242,0.0605,0.0862,0.0664,0.0922,80.6987,0.0170,0.0160,0.0103,1.1478,-0.0150,1.0762,sell
2025-01-24,166.6523,5825800,169.5474,169.6443,166.4876,-0.0129,0.0662,0.0819,0.0443,0.0778,75.6457,0.0175,0.0186,0.0103,0.9622,-0.1877,0.8946,sell
2025-01-27,165.7517,15632600,166.6426,166.7394,161.9754,-0.0054,0.0402,0.0905,0.0298,0.0715,70.3817,0.0165,0.0200,0.0093,0.8737,1.6833,2.1857,hold
2025-01-28,166.1100,8720200,164.8222,167.9885,164.4252,0.0022,0.0256,0.0918,0.0232,0.0726,68.8103,0.0165,0.0208,0.0081,0.8453,-0.4422,1.1791,hold
2025-01-29,166.2649,5118900,166.1100,167.9885,164.8222,0.0009,0.0086,0.0763,0.0167,0.0720,68.2903,0.0165,0.0214,0.0069,0.8148,-0.4130,0.7022,hold
2025-01-30,166.4779,6010600,166.8749,168.0369,165.5484,0.0013,-0.0139,0.0457,0.0135,0.0722,71.8761,0.0144,0.0216,0.0058,0.7926,0.1742,0.8208,buy
2025-01-31,167.4462,7800500,167.0395,171.1838,166.8265,0.0058,0.0048,0.0712,0.0126,0.0766,78.2102,0.0120,0.0219,0.0049,0.8016,0.2978,1.0412,sell
2025-02-03,164.8415,7447100,163.5247,167.1073,162.7307,-0.0156,-0.0055,0.0345,-0.0065,0.0590,71.2756,0.0130,0.0211,0.0031,0.6818,-0.0453,0.9781,buy
2025-02-04,167.5527,5457900,163.1567,168.2790,163.1567,0.0164,0.0087,0.0345,0.0065,0.0752,71.6437,0.0130,0.0209,0.0026,0.7681,-0.2671,0.7189,buy
2025-02-05,170.2833,15197800,167.5140,171.3872,164.5123,0.0163,0.0242,0.0330,0.0195,0.0897,69.6399,0.0129,0.0218,0.0029,0.8436,1.7846,1.9306,sell
2025-02-06,163.9507,16293500,162.5177,164.1153,160.1550,-0.0372,-0.0152,-0.0289,-0.0155,0.0473,62.0606,0.0161,0.0202,0.0005,0.5654,0.0721,1.9622,sell
2025-02-07,162.6338,7841700,164.4445,165.8679,160.7941,-0.0080,-0.0287,-0.0241,-0.0211,0.0373,55.4945,0.0158,0.0176,-0.0018,0.4900,-0.5187,0.9438,buy
2025-02-10,165.9260,6237700,164.3477,166.3521,163.6409,0.0202,0.0066,0.0011,-0.0013,0.0566,56.4654,0.0172,0.0165,-0.0020,0.6213,-0.2045,0.7507,hold
2025-02-11,166.5361,6588100,164.2702,167.2235,163.7474,0.0037,-0.0061,0.0026,0.0021,0.0584,52.9874,0.0173,0.0160,-0.0020,0.6372,0.0562,0.7887,sell
2025-02-12,164.8900,5505700,164.1734,165.5097,162.9050,-0.0099,-0.0317,-0.0083,-0.0070,0.0460,42.4265,0.0176,0.0148,-0.0027,0.5073,-0.1643,0.6630,buy
2025-02-13,166.6910,6362200,164.7931,166.8943,164.0960,0.0109,0.0167,0.0013,0.0037,0.0556,50.0755,0.0179,0.0143,-0.0024,0.6199,0.1556,0.7799,hold
2025-02-14,166.7684,4691300,167.1267,167.3397,165.6162,0.0005,0.0254,-0.0040,0.0046,0.0548,52.0484,0.0178,0.0139,-0.0022,0.6117,-0.2626,0.5840,buy
2025-02-18,168.1337,7292600,167.7658,168.2112,165.8098,0.0082,0.0133,0.0200,0.0108,0.0619,53.9183,0.0171,0.0139,-0.0016,0.7559,0.5545,0.9124,buy
2025-02-19,169.6636,6849600,168.4726,170.9030,167.8529,0.0091,0.0188,0.0126,0.0187,0.0699,56.2478,0.0166,0.0145,-0.0007,0.9253,-0.0607,0.8598,sell
2025-02-20,168.1918,6316400,170.4189,170.7965,167.4172,-0.0087,0.0200,-0.0123,0.0111,0.0589,53.0112,0.0160,0.0143,-0.0008,0.7049,-0.0778,0.7977,sell
2025-02-21,160.1841,12531900,169.4312,169.8669,159.9710,-0.0476,-0.0390,-0.0230,-0.0348,0.0077,39.7709,0.0187,0.0106,-0.0042,-0.1658,0.9840,1.5309,sell
2025-02-24,155.9914,9827800,160.6488,161.3073,155.8849,-0.0262,-0.0646,-0.0408,-0.0563,-0.0187,38.0679,0.0202,0.0051,-0.0081,-0.2533,-0.2158,1.1719,hold
2025-02-25,156.1076,8244900,156.5336,158.1506,154.3840,0.0007,-0.0715,-0.0592,-0.0500,-0.0185,33.4082,0.0184,0.0005,-0.0102,-0.0885,-0.1611,1.0285,hold
2025-02-26,156.9597,9161900,156.6982,158.9350,155.8268,0.0055,-0.0749,-0.0575,-0.0392,-0.0135,29.5725,0.0185,-0.0026,-0.0106,0.0441,0.1112,1.1397,sell
2025-02-27,149.5426,10807200,157.1921,158.0732,149.2134,-0.0473,-0.1109,-0.0931,-0.0759,-0.0596,28.6207,0.0228,-0.0092,-0.0141,-0.1601,0.1796,1.2984,buy
2025-02-28,152.1860,10149500,150.1816,152.3215,148.5355,0.0177,-0.0499,-0.0870,-0.0510,-0.0429,35.0843,0.0235,-0.0126,-0.0139,0.0408,-0.0609,1.1898,sell
2025-03-03,148.7486,9601900,153.9483,155.0037,147.6835,-0.0226,-0.0464,-0.1081,-0.0619,-0.0640,25.5782,0.0236,-0.0174,-0.0150,-0.0030,-0.0540,1.1139,hold
2025-03-04,149.5619,8956800,150.3462,152.2150,146.5506,0.0055,-0.0419,-0.1105,-0.0456,-0.0585,26.0060,0.0234,-0.0202,-0.0142,0.0886,-0.0672,1.0300,buy
2025-03-05,153.4641,6786900,150.1235,154.1032,148.1773,0.0261,-0.0223,-0.0955,-0.0105,-0.0346,34.8173,0.0256,-0.0196,-0.0110,0.2494,-0.2423,0.7746,sell
2025-03-06,151.9065,7808100,150.0276,153.6978,150.0082,-0.0101,0.0158,-0.0968,-0.0102,-0.0451,30.2264,0.0256,-0.0203,-0.0094,0.2239,0.1505,0.9303,buy
2025-03-07,156.9493,8727600,151.1082,157.5334,151.1082,0.0332,0.0313,-0.0202,0.0249,-0.0145,38.4071,0.0251,-0.0173,-0.0054,0.4097,0.1178,1.0890,sell
2025-03-10,150.8746,10139900,153.1818,155.0412,148.5674,-0.0387,0.0143,-0.0328,-0.0115,-0.0524,31.6623,0.0267,-0.0191,-0.0053,0.2273,0.1618,1.2473,sell
2025-03-11,149.0444,8692900,150.7481,152.0915,146.8638,-0.0121,-0.0035,-0.0452,-0.0190,-0.0633,28.2311,0.0268,-0.0209,-0.0056,0.1991,-0.1427,1.0534,hold
2025-03-12,148.7523,7117400,150.1250,151.7313,147.8957,-0.0020,-0.0307,-0.0523,-0.0156,-0.0645,28.9523,0.0266,-0.0222,-0.0054,0.2191,-0.1812,0.8597,hold
2025-03-13,147.9151,5861700,148.5577,151.5074,146.4354,-0.0056,-0.0263,-0.0109,-0.0200,-0.0693,34.2743,0.0221,-0.0234,-0.0053,0.2212,-0.1764,0.7065,buy
2025-03-14,152.4322,5309400,149.4922,152.7924,149.4727,0.0305,-0.0288,0.0016,0.0097,-0.0412,45.4756,0.0237,-0.0210,-0.0027,0.3881,-0.0942,0.6440,buy
2025-03-17,153.7659,5781000,151.4782,154.5155,151.3224,0.0087,0.0192,0.0337,0.0152,-0.0334,47.1127,0.0223,-0.0185,-0.0003,0.4536,0.0888,0.6967,sell
2025-03-18,152.1499,6898400,153.7659,155.4988,151.7897,-0.0105,0.0208,0.0173,0.0028,-0.0440,44.1791,0.0227,-0.0175,0.0007,0.4141,0.1933,0.8333,buy
2025-03-19,154.0677,5871000,152.2862,156.2581,150.9525,0.0126,0.0357,0.0039,0.0150,-0.0321,56.3173,0.0215,-0.0152,0.0022,0.5327,-0.1489,0.7134,hold
2025-03-20,153.7659,5089300,153.8146,154.9049,152.3738,-0.0020,0.0396,0.0122,0.0118,-0.0339,52.3600,0.0212,-0.0135,0.0031,0.5785,-0.1331,0.6231,sell
2025-03-21,152.6659,10949300,150.8746,153.2500,149.4922,-0.0072,0.0015,-0.0273,0.0074,-0.0404,56.2905,0.0181,-0.0127,0.0032,0.5285,1.1514,1.3536,buy
2025-03-24,155.8395,6033400,155.7616,156.7351,154.5934,0.0208,0.0135,0.0329,0.0250,-0.0207,59.3704,0.0143,-0.0100,0.0045,0.8102,-0.4490,0.7638,hold
2025-03-25,155.9077,3978200,155.6448,157.1927,155.1970,0.0004,0.0247,0.0460,0.0208,-0.0208,54.1188,0.0133,-0.0079,0.0053,0.8186,-0.3406,0.5176,sell
2025-03-26,154.1943,5960300,155.2262,156.5502,152.6951,-0.0110,0.0008,0.0366,0.0060,-0.0318,53.8361,0.0141,-0.0072,0.0049,0.6906,0.4982,0.7920,hold
2025-03-27,153.7854,6102000,154.0190,155.0315,151.6242,-0.0027,0.0001,0.0397,-0.0005,-0.0343,43.7186,0.0139,-0.0067,0.0044,0.6344,0.0238,0.8370,sell
2025-03-28,148.6745,8918000,152.7632,153.4642,147.5452,-0.0332,-0.0261,-0.0247,-0.0313,-0.0651,45.4583,0.0149,-0.0091,0.0018,0.1727,0.4615,1.2336,buy
2025-03-31,149.5409,8613600,146.8151,149.7746,143.9627,0.0058,-0.0404,-0.0275,-0.0230,-0.0589,51.0674,0.0147,-0.0102,0.0005,0.2445,-0.0341,1.1997,hold
2025-04-01,148.9957,5708900,148.3532,149.2586,146.2796,-0.0036,-0.0443,-0.0207,-0.0245,-0.0611,50.5176,0.0145,-0.0114,-0.0004,0.1997,-0.3372,0.8135,buy
2025-04-02,149.9984,5377200,146.7956,151.3419,146.3867,0.0067,-0.0272,-0.0264,-0.0154,-0.0533,54.3996,0.0139,-0.0115,-0.0005,0.3107,-0.0581,0.7740,sell
2025-04-03,135.7268,16465000,143.1060,143.4954,134.8896,-0.0951,-0.1174,-0.1173,-0.0984,-0.1402,25.0146,0.0324,-0.0211,-0.0072,-0.3516,2.0620,2.2311,sell
2025-04-04,124.0836,19018600,130.7814,132.2611,123.3243,-0.0858,-0.1654,-0.1872,-0.1598,-0.2095,16.0694,0.0398,-0.0375,-0.0178,-0.3599,0.1551,2.4092,buy
2025-04-07,126.2837,17938300,121.2896,133.5656,117.6000,0.0177,-0.1555,-0.1897,-0.1274,-0.1913,20.8214,0.0395,-0.0462,-0.0214,-0.1099,-0.0568,2.1654,sell
2025-04-08,121.3578,14965900,127.6564,131.7062,118.5151,-0.0390,-0.1855,-0.2216,-0.1409,-0.2184,15.4463,0.0392,-0.0583,-0.0261,-0.0890,-0.1657,1.7407,buy
2025-04-09,139.7863,21242600,121.8445,141.0227,120.9002,0.1519,-0.0681,-0.0934,-0.0003,-0.0967,39.3218,0.0682,-0.0465,-0.0148,0.3462,0.4194,2.2831,sell
2025-04-10,130.8398,14898800,133.3806,135.3763,125.8651,-0.0640,-0.0360,-0.1492,-0.0486,-0.1506,35.1129,0.0705,-0.0511,-0.0138,0.1779,-0.2986,1.5271,buy
2025-04-11,135.5613,10955300,130.4504,136.9242,127.6369,0.0361,0.0925,-0.0882,-0.0048,-0.1164,36.4547,0.0717,-0.0471,-0.0089,0.3003,-0.2647,1.0914,hold
2025-04-14,135.5029,6930300,138.9686,139.3190,133.2054,-0.0004,0.0730,-0.0939,0.0051,-0.1131,36.3684,0.0716,-0.0449,-0.0053,0.3183,-0.3674,0.6865,hold
2025-04-15,134.9285,6346800,135.7657,137.1092,134.3736,-0.0042,0.1118,-0.0944,0.0114,-0.1134,36.9304,0.0716,-0.0431,-0.0027,0.3245,-0.0842,0.6304,hold
2025-04-16,132.1443,10417200,130.1388,133.6727,128.2989,-0.0206,-0.0547,-0.1190,0.0040,-0.1276,35.7774,0.0716,-0.0436,-0.0019,0.2870,0.6413,1.0118,hold
2025-04-17,133.0399,7135900,133.7408,134.4904,132.1151,0.0068,0.0168,-0.0198,0.0128,-0.1174,39.1222,0.0651,-0.0420,-0.0004,0.3261,-0.3150,0.6863,hold
2025-04-21,132.5337,8128300,131.1610,132.9328,129.8273,-0.0038,-0.0223,0.0681,0.0025,-0.1171,38.1075,0.0579,-0.0409,0.0006,0.3341,0.1391,0.7925,buy
2025-04-22,135.0648,8228000,133.1275,135.4153,132.8744,0.0191,-0.0032,0.0695,0.0149,-0.0969,40.5219,0.0579,-0.0373,0.0028,0.4092,0.0123,0.7937,hold
2025-04-23,136.7392,9073500,138.8031,140.0686,136.0772,0.0124,0.0134,0.1267,0.0158,-0.0821,41.0606,0.0555,-0.0332,0.0051,0.4693,0.1028,0.8543,buy
2025-04-24,143.3105,8810600,138.9978,143.9043,138.2287,0.0481,0.0845,0.0252,0.0618,-0.0350,55.7053,0.0310,-0.0249,0.0093,0.6627,-0.0290,0.8185,hold
2025-04-25,144.6247,5145600,142.2104,145.2477,142.2104,0.0092,0.0871,0.1054,0.0607,-0.0235,68.2969,0.0202,-0.0185,0.0124,0.7280,-0.4160,0.4802,sell
2025-04-28,143.7095,5743500,144.2547,145.3451,141.5873,-0.0063,0.0843,0.0601,0.0478,-0.0266,65.8857,0.0185,-0.0140,0.0136,0.7158,0.1162,0.5440,hold
2025-04-29,142.9892,6692000,142.7750,144.3326,141.6652,-0.0050,0.0587,0.0552,0.0368,-0.0284,71.3572,0.0188,-0.0106,0.0137,0.7150,0.1651,0.6397,buy
2025-04-30,144.5273,10851900,141.3537,144.9070,140.0686,0.0108,0.0570,0.0711,0.0408,-0.0148,57.0234,0.0185,-0.0069,0.0137,0.7842,0.6216,1.0125,sell
2025-05-01,131.6283,22836600,135.1135,135.2790,131.2973,-0.0892,-0.0815,-0.0039,-0.0518,-0.0980,51.0457,0.0351,-0.0122,0.0083,0.3655,1.1044,1.9702,buy
2025-05-02,136.1064,13185600,134.1984,137.6641,133.6532,0.0340,-0.0589,0.0230,-0.0217,-0.0632,50.7276,0.0367,-0.0126,0.0059,0.5325,-0.4226,1.1539,hold
2025-05-05,135.7463,7165300,134.6365,137.0410,134.6267,-0.0026,-0.0554,0.0242,-0.0265,-0.0625,50.3222,0.0367,-0.0133,0.0042,0.4969,-0.4566,0.6613,hold
2025-05-06,136.1941,6957900,134.1692,137.0702,133.8187,0.0033,-0.0475,0.0084,-0.0241,-0.0569,51.6813,0.0363,-0.0133,0.0032,0.4946,-0.0289,0.6765,buy
2025-05-07,140.4775,10196400,136.6614,140.8669,136.5348,0.0315,-0.0280,0.0273,0.0039,-0.0251,60.6468,0.0374,-0.0104,0.0045,0.6756,0.4654,1.0149,hold
2025-05-08,141.2563,8489100,141.7820,143.5928,140.0784,0.0055,0.0731,-0.0143,0.0110,-0.0175,60.5290,0.0340,-0.0079,0.0056,0.7118,-0.1674,0.9022,hold
2025-05-09,141.3342,6217100,141.8015,143.0865,140.7696,0.0006,0.0384,-0.0228,0.0139,-0.0159,61.4026,0.0338,-0.0058,0.0062,0.6955,-0.2676,0.6927,buy
2025-05-12,148.0904,11414600,149.9984,150.2710,145.8610,0.0478,0.0909,0.0305,0.0590,0.0318,65.2115,0.0372,-0.0002,0.0089,0.9853,0.8360,1.2685,hold
2025-05-13,147.3310,10160900,147.9833,149.2294,146.9611,-0.0051,0.0818,0.0304,0.0503,0.0267,62.6394,0.0372,0.0035,0.0102,0.8916,-0.1098,1.1093,hold
2025-05-14,148.9276,6971200,147.9054,149.2099,146.4451,0.0108,0.0602,0.0304,0.0584,0.0379,57.6061,0.0372,0.0072,0.0110,0.9080,-0.3139,0.7585,hold
2025-05-15,148.5674,6941200,147.6912,149.3267,146.2018,-0.0024,0.0518,0.1287,0.0433,0.0361,55.4804,0.0186,0.0099,0.0110,0.8537,-0.0043,0.7698,hold
2025-05-16,148.4603,6668000,148.8205,149.0055,147.2921,-0.0007,0.0504,0.0908,0.0336,0.0358,56.7553,0.0173,0.0118,0.0103,0.8167,-0.0394,0.7414,buy
2025-05-19,149.6285,7241100,146.5620,149.7453,146.1336,0.0079,0.0104,0.1023,0.0317,0.0451,59.3221,0.0168,0.0136,0.0097,0.8379,0.0859,0.8091,hold
2025-05-20,149.7453,5269500,148.9860,149.8135,147.9054,0.0008,0.0164,0.0995,0.0230,0.0460,57.6310,0.0169,0.0151,0.0089,0.8112,-0.2723,0.5987,sell
2025-05-21,147.3018,9684500,149.5117,151.9941,146.8345,-0.0163,-0.0109,0.0486,0.0016,0.0292,83.0190,0.0169,0.0150,0.0070,0.6789,0.8378,1.0965,sell
2025-05-22,143.4662,9539100,147.3797,147.5647,143.3202,-0.0260,-0.0343,0.0156,-0.0259,0.0032,65.9360,0.0195,0.0128,0.0037,0.4981,-0.0150,1.0756,sell
2025-05-23,141.5289,8994600,139.6208,142.6095,138.0145,-0.0135,-0.0467,0.0014,-0.0392,-0.0095,61.7206,0.0201,0.0097,0.0004,0.4145,-0.0571,0.9927,buy
2025-05-27,144.6928,9788800,143.6414,145.3938,142.5511,0.0224,-0.0330,-0.0229,-0.0155,0.0137,65.5173,0.0141,0.0086,-0.0004,0.5606,0.0883,1.0567,sell
2025-05-28,143.6901,7032300,144.8778,145.5300,143.4565,-0.0069,-0.0404,-0.0247,-0.0199,0.0081,56.6640,0.0142,0.0073,-0.0014,0.5120,-0.2816,0.7578,buy
2025-05-29,144.4105,5980700,145.8902,146.5133,143.3396,0.0050,-0.0196,-0.0303,-0.0119,0.0143,56.5587,0.0137,0.0065,-0.0017,0.5460,-0.1495,0.6618,sell
2025-05-30,141.3537,13755600,144.0795,144.0990,139.6792,-0.0212,-0.0147,-0.0486,-0.0280,-0.0054,50.0360,0.0148,0.0043,-0.0033,0.3606,1.3000,1.6027,buy
2025-06-02,142.7458,6419500,140.9643,143.3104,140.6527,0.0098,0.0086,-0.0385,-0.0146,0.0060,37.6629,0.0155,0.0031,-0.0035,0.4111,-0.5333,0.7787,buy
2025-06-03,144.9946,6164100,142.8237,145.8124,141.6555,0.0158,0.0021,-0.0310,0.0042,0.0229,44.9537,0.0163,0.0034,-0.0025,0.5191,-0.0398,0.7522,hold
2025-06-04,145.1017,7143800,146.0265,146.0752,143.4759,0.0007,0.0098,-0.0310,0.0082,0.0252,41.1686,0.0163,0.0037,-0.0018,0.4957,0.1589,0.8708,hold
2025-06-05,144.5141,5605500,145.7285,146.9821,143.9656,-0.0040,0.0007,-0.0189,0.0060,0.0227,40.7408,0.0157,0.0035,-0.0016,0.4284,-0.2153,0.7030,buy
2025-06-06,146.1594,5794700,146.7078,147.4815,145.9733,0.0114,0.0340,0.0188,0.0156,0.0355,45.0891,0.0136,0.0042,-0.0006,0.5501,0.0338,0.7392,buy
2025-06-09,152.2020,10589400,148.6763,152.8974,148.0495,0.0413,0.0662,0.0754,0.0498,0.0786,54.5467,0.0172,0.0077,0.0025,1.0115,0.8274,1.3142,buy
2025-06-10,155.8452,9068400,152.9659,156.2174,151.8691,0.0239,0.0748,0.0771,0.0667,0.1033,59.5829,0.0174,0.0122,0.0056,1.1370,-0.1436,1.1420,hold
2025-06-11,156.1880,8859900,156.6973,158.7931,154.4448,0.0022,0.0764,0.0870,0.0600,0.1047,64.9467,0.0168,0.0158,0.0074,1.0425,-0.0230,1.1250,hold
2025-06-12,155.4241,5689400,155.7179,156.3153,154.6896,-0.0049,0.0755,0.0763,0.0470,0.0983,72.4313,0.0173,0.0181,0.0078,0.9383,-0.3578,0.7283,sell
2025-06-13,151.5263,8446400,153.1128,153.9257,151.2521,-0.0251,0.0367,0.0720,0.0138,0.0705,67.4687,0.0180,0.0182,0.0060,0.7159,0.4846,1.0710,buy
2025-06-16,153.6319,8686300,153.7886,155.1793,152.4273,0.0139,0.0094,0.0763,0.0204,0.0826,66.2193,0.0181,0.0185,0.0052,0.8011,0.0284,1.0875,sell
2025-06-17,151.2717,7146900,153.4164,154.3272,151.2031,-0.0154,-0.0293,0.0433,0.0006,0.0619,63.1103,0.0192,0.0177,0.0034,0.6753,-0.1772,0.8953,hold
2025-06-18,150.4588,6708700,151.8005,152.8778,149.9887,-0.0054,-0.0367,0.0369,-0.0083,0.0527,60.4256,0.0194,0.0164,0.0016,0.6321,-0.0613,0.8329,sell
2025-06-20,148.1965,15501900,151.0464,151.9180,147.5207,-0.0150,-0.0465,0.0255,-0.0256,0.0329,62.1273,0.0202,0.0141,-0.0007,0.5164,1.3107,1.8574,buy
2025-06-23,149.9789,6860700,148.1083,150.3510,146.5903,0.0120,-0.0102,0.0261,-0.0164,0.0439,62.6441,0.0203,0.0128,-0.0015,0.5911,-0.5574,0.8355,buy
2025-06-24,152.4958,7692700,151.5361,153.0737,150.9680,0.0168,-0.0074,0.0019,-0.0000,0.0582,62.9910,0.0161,0.0128,-0.0010,0.6989,0.1213,0.9443,hold
2025-06-25,152.7113,5280100,152.8778,153.2989,151.3990,0.0014,0.0095,-0.0201,0.0034,0.0572,63.1294,0.0139,0.0130,-0.0007,0.6899,-0.3136,0.6666,buy
2025-06-26,154.9247,6278200,153.2695,155.1499,152.6917,0.0145,0.0297,-0.0081,0.0188,0.0696,67.0080,0.0148,0.0139,0.0004,0.7788,0.1890,0.7964,hold
2025-06-27,155.2674,22100300,155.3752,157.7746,154.3175,0.0022,0.0477,-0.0010,0.0212,0.0690,65.5414,0.0147,0.0148,0.0010,0.7691,2.5202,2.5433,buy
2025-06-30,155.9726,7988200,155.1205,156.5602,154.5427,0.0045,0.0400,0.0293,0.0228,0.0703,57.8668,0.0118,0.0156,0.0015,0.7884,-0.6385,0.9508,hold
2025-07-01,156.1097,8942300,154.9540,158.3132,154.7190,0.0009,0.0237,0.0161,0.0221,0.0679,50.6462,0.0112,0.0162,0.0017,0.7782,0.1194,1.0487,buy
2025-07-02,158.9694,8916400,156.3839,159.4297,155.5221,0.0183,0.0410,0.0509,0.0356,0.0835,56.0529,0.0106,0.0176,0.0027,0.9132,-0.0029,1.0290,hold
2025-07-03,158.8617,4280800,159.6745,160.5755,158.7441,-0.0007,0.0254,0.0558,0.0292,0.0793,57.7007,0.0101,0.0187,0.0030,0.8758,-0.5199,0.5023,sell
2025-07-07,154.8267,7187400,157.7844,158.1565,154.3175,-0.0254,-0.0028,0.0447,-0.0012,0.0493,57.3484,0.0127,0.0178,0.0013,0.5958,0.6790,0.8357,buy
2025-07-08,156.1586,6879100,156.1782,158.4895,155.3360,0.0086,0.0012,0.0412,0.0034,0.0565,55.8265,0.0125,0.0170,0.0006,0.6828,-0.0429,0.7948,hold
2025-07-09,156.0607,4190100,156.1097,158.1467,154.9834,-0.0006,-0.0003,0.0234,0.0005,0.0542,62.3298,0.0117,0.0163,-0.0001,0.6576,-0.3909,0.5027,hold
2025-07-10,155.8061,5674400,155.7081,156.9813,154.5329,-0.0016,-0.0199,0.0203,-0.0031,0.0508,64.1745,0.0118,0.0154,-0.0008,0.6357,0.3542,0.6949,sell
2025-07-11,154.2097,5907700,155.7179,155.8844,153.9061,-0.0102,-0.0293,-0.0046,-0.0129,0.0384,66.5231,0.0115,0.0138,-0.0020,0.5059,0.0411,0.7368,sell
2025-07-14,151.1051,7382600,153.1912,153.2695,150.3119,-0.0201,-0.0240,-0.0268,-0.0302,0.0166,52.8851,0.0130,0.0110,-0.0042,0.2571,0.2497,0.9111,hold
2025-07-15,151.1149,6467300,153.0639,153.4752,150.9387,0.0001,-0.0323,-0.0311,-0.0271,0.0140,45.9413,0.0128,0.0084,-0.0054,0.2613,-0.1240,0.8080,hold
2025-07-16,150.8897,7106700,151.1149,151.3108,148.4119,-0.0015,-0.0331,-0.0334,-0.0253,0.0105,44.6491,0.0127,0.0061,-0.0062,0.2601,0.0989,0.8968,sell
2025-07-17,149.4598,7018600,149.8418,150.3608,148.6666,-0.0095,-0.0407,-0.0598,-0.0285,-0.0009,33.1725,0.0103,0.0036,-0.0071,0.1604,-0.0124,0.8864,buy
2025-07-18,151.6046,7433900,149.8809,152.2216,149.5774,0.0144,-0.0169,-0.0457,-0.0099,0.0114,39.8480,0.0121,0.0026,-0.0063,0.3255,0.0592,0.9346,buy
2025-07-21,155.6886,7662300,151.7221,156.6287,151.7124,0.0269,0.0303,0.0056,0.0162,0.0365,49.3370,0.0134,0.0039,-0.0038,0.6416,0.0307,1.0132,sell
2025-07-22,154.7288,6951600,155.6788,155.7571,152.9464,-0.0062,0.0239,-0.0092,0.0109,0.0283,46.8957,0.0132,0.0044,-0.0027,0.5364,-0.0928,0.9187,buy
2025-07-23,156.5798,7296200,155.3164,156.7364,153.6906,0.0120,0.0377,0.0033,0.0226,0.0385,44.3727,0.0138,0.0057,-0.0011,0.6935,0.0496,0.9667,sell
2025-07-24,155.5612,5014800,155.0813,155.8061,153.5535,-0.0065,0.0408,-0.0016,0.0161,0.0307,42.5475,0.0140,0.0061,-0.0005,0.5836,-0.3127,0.6656,hold
2025-07-25,155.1303,4808200,155.6200,155.9138,154.1607,-0.0028,0.0233,0.0060,0.0127,0.0268,50.8188,0.0136,0.0062,-0.0004,0.5410,-0.0412,0.6445,buy
2025-07-28,157.7256,9627300,156.4622,158.6168,155.8746,0.0167,0.0131,0.0438,0.0252,0.0427,53.9565,0.0122,0.0074,0.0007,0.7705,1.0023,1.4082,buy
2025-07-29,158.7344,9460900,158.6952,160.2230,157.8138,0.0064,0.0259,0.0504,0.0267,0.0480,56.4539,0.0121,0.0088,0.0017,0.8355,-0.0173,1.3691,sell
2025-07-30,155.7767,14382500,159.6354,159.8998,154.7386,-0.0186,-0.0051,0.0324,0.0044,0.0275,49.9372,0.0142,0.0084,0.0010,0.5738,0.5202,2.0025,sell
2025-07-31,143.7306,24440100,149.9495,153.5634,142.5750,-0.0773,-0.0761,-0.0383,-0.0699,-0.0512,34.5286,0.0292,0.0020,-0.0049,-0.2247,0.6993,3.0709,buy
2025-08-01,145.1311,12706700,143.4368,146.0908,142.7806,0.0097,-0.0645,-0.0427,-0.0568,-0.0414,40.7125,0.0289,-0.0029,-0.0077,-0.0284,-0.4801,1.5163,hold
2025-08-04,144.4651,8150200,145.4445,147.6774,144.0342,-0.0046,-0.0841,-0.0721,-0.0543,-0.0454,39.8687,0.0269,-0.0071,-0.0095,0.0191,-0.3586,0.9670,hold
2025-08-05,143.6816,7794500,145.4543,145.5816,142.6631,-0.0054,-0.0948,-0.0714,-0.0526,-0.0507,39.2019,0.0269,-0.0107,-0.0106,0.0498,-0.0436,0.9198,hold
2025-08-06,142.8296,8475700,143.6229,143.6816,141.1353,-0.0059,-0.0831,-0.0878,-0.0496,-0.0564,39.8925,0.0260,-0.0140,-0.0111,0.0719,0.0874,0.9756,hold
2025-08-07,142.8883,6753500,145.2584,145.2584,141.8208,0.0004,-0.0059,-0.0815,-0.0411,-0.0558,35.8099,0.0262,-0.0163,-0.0107,0.1247,-0.2032,0.7725,buy
2025-08-08,144.5141,5028700,143.3291,144.9646,142.6827,0.0114,-0.0043,-0.0684,-0.0232,-0.0452,30.2253,0.0269,-0.0168,-0.0090,0.2284,-0.2554,0.5781,hold
2025-08-11,144.9156,6215900,145.5032,147.9418,144.6610,0.0028,0.0031,-0.0812,-0.0119,-0.0426,32.2843,0.0259,-0.0169,-0.0073,0.2662,0.2361,0.7195,buy
2025-08-12,150.5567,9304100,145.7187,150.7232,145.5032,0.0389,0.0478,-0.0515,0.0323,-0.0065,40.4355,0.0297,-0.0132,-0.0032,0.5143,0.4968,1.0595,buy
2025-08-13,153.3577,7103300,150.7918,153.8670,150.4588,0.0186,0.0737,-0.0155,0.0532,0.0105,46.6883,0.0301,-0.0090,0.0007,0.6307,-0.2365,0.8089,buy
2025-08-14,154.8267,6294800,151.7026,155.3751,151.7026,0.0096,0.0836,0.0772,0.0553,0.0189,49.5575,0.0137,-0.0050,0.0037,0.6803,-0.1138,0.7198,hold
2025-08-15,154.5917,7583700,154.7777,155.9726,153.4556,-0.0015,0.0697,0.0652,0.0469,0.0161,45.0951,0.0140,-0.0020,0.0054,0.6621,0.2048,0.8664,buy
2025-08-18,155.6200,4774400,154.5231,156.4524,153.9943,0.0067,0.0739,0.0772,0.0460,0.0213,45.1286,0.0135,0.0009,0.0066,0.7059,-0.3704,0.5546,sell
2025-08-19,153.0247,6396500,155.7865,156.1390,152.8288,-0.0167,0.0164,0.0650,0.0221,0.0034,45.6461,0.0150,0.0019,0.0061,0.6002,0.3397,0.7455,sell
2025-08-20,152.2314,7151700,153.1618,153.4066,150.2923,-0.0052,-0.0073,0.0658,0.0105,-0.0018,70.8855,0.0150,0.0022,0.0052,0.5776,0.1181,0.8342,sell
2025-08-21,150.9485,4997300,151.6242,151.9964,149.8907,-0.0084,-0.0250,0.0564,-0.0034,-0.0096,64.3757,0.0156,0.0018,0.0038,0.5321,-0.3012,0.5829,buy
2025-08-22,154.7484,7711500,151.6340,156.5895,151.3696,0.0252,0.0010,0.0708,0.0149,0.0155,72.0034,0.0168,0.0033,0.0042,0.7042,0.5431,0.8846,sell
2025-08-25,153.1912,4653000,154.3566,154.7875,152.1922,-0.0101,-0.0156,0.0571,-0.0008,0.0056,69.6958,0.0176,0.0038,0.0037,0.6507,-0.3966,0.5494,buy
2025-08-26,155.8844,9173000,154.4056,156.6581,154.1608,0.0176,0.0187,0.0354,0.0133,0.0227,75.1226,0.0141,0.0053,0.0043,0.7960,0.9714,1.0850,hold
2025-08-27,156.4720,4549900,155.0911,156.6679,154.5427,0.0038,0.0279,0.0203,0.0150,0.0262,75.6188,0.0130,0.0069,0.0046,0.8203,-0.5040,0.5714,buy
2025-08-28,157.4808,8156300,156.6091,157.8921,155.7473,0.0064,0.0433,0.0171,0.0198,0.0320,75.0379,0.0129,0.0084,0.0050,0.8324,0.7926,1.1409,hold
2025-08-29,157.4122,9949100,156.2370,158.2643,156.1097,-0.0004,0.0172,0.0182,0.0175,0.0306,74.4445,0.0128,0.0096,0.0049,0.7968,0.2198,1.4191,sell
2025-09-02,155.5025,7520300,154.5623,155.6592,151.4088,-0.0121,0.0151,-0.0008,0.0053,0.0171,61.3280,0.0134,0.0095,0.0038,0.6854,-0.2441,1.0775,sell
2025-09-03,154.0334,6336400,156.1097,156.2762,152.8386,-0.0094,-0.0119,0.0066,-0.0049,0.0070,51.6483,0.0126,0.0086,0.0023,0.5941,-0.1574,0.9175,buy
2025-09-04,157.3034,7781200,153.8463,157.4511,152.1424,0.0212,0.0053,0.0333,0.0129,0.0277,55.5534,0.0139,0.0092,0.0024,0.7514,0.2280,1.1323,hold
2025-09-05,157.4314,7954200,157.6678,161.0265,156.7518,0.0008,-0.0003,0.0429,0.0095,0.0279,56.3982,0.0133,0.0098,0.0024,0.7522,0.0222,1.1475,hold
2025-09-08,157.8254,7019700,157.8747,157.8747,155.6290,0.0025,0.0026,0.0199,0.0101,0.0301,55.1152,0.0112,0.0103,0.0023,0.7783,-0.1175,0.9983,sell
2025-09-09,156.2692,6126000,157.9534,159.1649,155.1956,-0.0099,0.0049,0.0201,-0.0019,0.0198,57.9063,0.0111,0.0099,0.0015,0.6522,-0.1273,0.8718,hold
2025-09-10,156.5548,8256900,156.2298,156.8109,154.2501,0.0018,0.0164,0.0043,-0.0005,0.0216,60.8027,0.0097,0.0095,0.0009,0.6685,0.3478,1.1839,buy
2025-09-11,159.0763,8360200,156.7912,159.6279,155.5798,0.0161,0.0113,0.0166,0.0139,0.0376,69.1249,0.0109,0.0102,0.0014,0.9267,0.0125,1.1880,hold
2025-09-12,159.3915,5430600,158.8990,159.8839,157.1754,0.0020,0.0125,0.0121,0.0147,0.0396,63.0684,0.0108,0.0110,0.0017,0.9053,-0.3504,0.7765,sell
2025-09-15,158.7906,5604800,158.9679,160.2286,157.7959,-0.0038,0.0061,0.0088,0.0100,0.0357,66.6569,0.0109,0.0112,0.0015,0.8041,0.0321,0.8129,buy
2025-09-16,161.6666,7997500,159.3816,162.5137,159.0664,0.0181,0.0345,0.0396,0.0243,0.0535,67.0155,0.0110,0.0124,0.0023,1.0097,0.4269,1.1334,buy
2025-09-17,162.7698,6057800,162.1985,163.8630,160.7704,0.0068,0.0397,0.0567,0.0256,0.0598,67.9869,0.0100,0.0138,0.0030,1.0176,-0.2425,0.8606,buy
2025-09-18,165.5965,10421200,164.3654,166.3155,163.7251,0.0174,0.0410,0.0527,0.0380,0.0769,70.9986,0.0094,0.0159,0.0043,1.1157,0.7203,1.4468,sell
2025-09-19,164.3358,19444400,166.6208,167.0247,163.7842,-0.0076,0.0310,0.0439,0.0256,0.0675,66.8731,0.0102,0.0171,0.0043,0.9737,0.8659,2.4535,buy
2025-09-22,167.1626,6196600,164.3358,167.6550,163.4198,0.0172,0.0527,0.0592,0.0372,0.0840,77.2004,0.0109,0.0188,0.0050,1.0606,-0.6813,0.7894,hold
2025-09-23,166.9754,5468400,167.2611,168.2756,165.7640,-0.0011,0.0328,0.0685,0.0292,0.0806,82.1114,0.0098,0.0201,0.0050,0.9779,-0.1175,0.6931,buy
2025-09-24,170.9348,9213700,166.5027,171.8114,166.1284,0.0237,0.0502,0.0919,0.0444,0.1034,82.7031,0.0110,0.0222,0.0060,1.0818,0.6849,1.1674,sell
2025-09-25,167.1232,8093700,168.6301,169.3787,165.4094,-0.0223,0.0092,0.0506,0.0161,0.0765,69.7590,0.0144,0.0227,0.0049,0.8356,-0.1216,1.0030,hold
2025-09-26,166.6504,4846000,167.1232,168.3543,165.5965,-0.0028,0.0141,0.0455,0.0088,0.0711,67.9343,0.0145,0.0222,0.0035,0.7804,-0.4013,0.6131,sell
2025-09-29,162.8092,7523100,166.6504,167.2807,162.2773,-0.0230,-0.0260,0.0253,-0.0169,0.0449,62.1612,0.0169,0.0202,0.0008,0.5722,0.5524,0.9667,buy
2025-09-30,163.8532,5593300,163.1440,164.3260,162.3955,0.0064,-0.0187,0.0135,-0.0119,0.0505,63.1992,0.0161,0.0184,-0.0007,0.6085,-0.2565,0.7277,hold
2025-10-01,163.9812,6153000,163.3016,164.2570,162.0114,0.0008,-0.0407,0.0074,-0.0118,0.0501,59.7114,0.0160,0.0169,-0.0017,0.5961,0.1001,0.8015,buy
2025-10-02,166.3057,5499500,165.2222,166.9853,164.6608,0.0142,-0.0049,0.0043,0.0018,0.0636,62.6806,0.0156,0.0165,-0.0015,0.7089,-0.1062,0.7272,hold
2025-10-03,166.6307,5137900,166.3057,169.1620,166.1973,0.0020,-0.0001,0.0140,0.0023,0.0642,64.5255,0.0153,0.0162,-0.0014,0.7064,-0.0658,0.6922,hold
2025-10-06,166.0791,8265800,167.9702,168.3051,165.1927,-0.0033,0.0201,-0.0065,-0.0003,0.0592,58.9457,0.0144,0.0157,-0.0016,0.6538,0.6088,1.1044,sell
2025-10-07,162.9668,7147500,167.3398,169.3885,162.6516,-0.0187,-0.0054,-0.0240,-0.0167,0.0387,50.3693,0.0155,0.0138,-0.0031,0.4286,-0.1353,0.9485,buy
2025-10-08,165.2420,7302200,163.7350,166.0102,161.4204,0.0140,0.0077,-0.0333,0.0005,0.0523,49.3213,0.0139,0.0129,-0.0030,0.5664,0.0216,0.9752,sell
2025-10-09,163.1637,6928400,164.8480,165.0844,160.7704,-0.0126,-0.0189,-0.0237,-0.0097,0.0381,47.8245,0.0127,0.0113,-0.0038,0.3725,-0.0512,0.9342,sell
2025-10-10,151.2756,15818600,162.3364,162.6023,151.0392,-0.0729,-0.0922,-0.0923,-0.0732,-0.0385,27.9343,0.0257,0.0043,-0.0096,-0.3104,1.2832,1.9934,buy
2025-10-13,159.3422,10311000,153.6001,159.9430,153.4326,0.0533,-0.0406,-0.0213,-0.0217,0.0110,41.3019,0.0318,0.0022,-0.0088,0.1901,-0.3482,1.2619,hold
2025-10-14,159.3028,8675200,156.8996,161.7947,156.8602,-0.0002,-0.0225,-0.0278,-0.0192,0.0088,35.4449,0.0317,0.0006,-0.0083,0.2037,-0.1586,1.0573,hold
2025-10-15,160.5143,7334100,161.7652,161.7652,157.8944,0.0076,-0.0286,-0.0211,-0.0097,0.0143,41.1548,0.0318,0.0001,-0.0070,0.2887,-0.1546,0.8870,hold
2025-10-16,161.6075,5686700,162.0114,162.7008,159.7657,0.0068,-0.0095,-0.0282,-0.0000,0.0188,43.3610,0.0315,0.0001,-0.0055,0.3673,-0.2246,0.7080,hold
2025-10-17,160.9870,4833100,160.4059,161.3219,159.2339,-0.0038,0.0642,-0.0339,-0.0004,0.0126,47.3789,0.0314,-0.0001,-0.0046,0.3418,-0.1501,0.6619,buy
2025-10-20,164.5229,8194100,160.8787,165.1237,159.6180,0.0220,0.0325,-0.0094,0.0226,0.0322,50.8990,0.0324,0.0014,-0.0024,0.5612,0.6954,1.1071,buy
2025-10-21,166.2860,6176100,164.2866,166.6898,163.6956,0.0107,0.0438,0.0204,0.0314,0.0405,52.9635,0.0319,0.0034,-0.0003,0.6713,-0.2463,0.8305,hold
2025-10-22,166.7194,10083800,164.9662,167.2217,163.5183,0.0026,0.0387,0.0089,0.0331,0.0411,50.5591,0.0316,0.0052,0.0012,0.7277,0.6327,1.3481,hold
2025-10-23,167.4679,6546400,165.7935,168.6695,165.3503,0.0045,0.0363,0.0264,0.0350,0.0439,51.1187,0.0313,0.0068,0.0023,0.7745,-0.3508,0.8843,hold
2025-10-24,166.3943,6256000,169.1029,169.8219,165.9314,-0.0064,0.0336,0.0999,0.0189,0.0358,50.4154,0.0173,0.0076,0.0024,0.7055,-0.0444,0.8371,buy
2025-10-27,184.8519,81799300,166.4042,202.8466,166.2761,0.1109,0.1236,0.1601,0.1145,0.1463,70.5361,0.0345,0.0152,0.0084,1.3344,12.0753,7.3119,sell
2025-10-28,178.3021,20323100,181.1584,183.1086,176.7066,-0.0354,0.0723,0.1193,0.0628,0.1026,61.3450,0.0379,0.0195,0.0100,0.9801,-0.7515,1.7044,sell
2025-10-29,175.9777,11614600,179.2575,180.7251,175.5148,-0.0130,0.0555,0.0963,0.0394,0.0852,61.0837,0.0387,0.0214,0.0094,0.8528,-0.4285,0.9523,hold
2025-10-30,174.5889,7862900,175.9875,177.1695,174.5200,-0.0079,0.0425,0.0803,0.0233,0.0736,74.6409,0.0391,0.0220,0.0079,0.7806,-0.3230,0.6385,buy
2025-10-31,178.1741,9452800,175.8300,179.4053,174.1654,0.0205,0.0708,0.1068,0.0339,0.0920,71.9871,0.0390,0.0232,0.0076,0.8580,0.2022,0.7544,hold
2025-11-03,177.9968,8535100,180.1932,180.6857,176.3914,-0.0010,-0.0371,0.0819,0.0249,0.0878,71.7561,0.0390,0.0242,0.0068,0.8186,-0.0971,0.6804,sell
2025-11-04,170.2355,12323600,174.8056,176.6376,169.6938,-0.0436,-0.0452,0.0238,-0.0220,0.0382,59.8170,0.0423,0.0222,0.0032,0.5773,0.4439,0.9626,buy
2025-11-05,177.0119,18845500,172.1266,180.6660,171.6933,0.0398,0.0059,0.0617,0.0109,0.0768,63.9543,0.0438,0.0218,0.0029,0.7551,0.5292,1.4085,sell
2025-11-06,170.5901,16184700,175.1208,175.8201,167.4974,-0.0363,-0.0229,0.0186,-0.0275,0.0360,57.8718,0.0459,0.0198,0.0001,0.5581,-0.1412,1.1692,hold
2025-11-07,168.3149,10614700,170.1272,171.6243,165.7147,-0.0133,-0.0553,0.0115,-0.0415,0.0208,53.1740,0.0461,0.0164,-0.0028,0.4618,-0.3442,0.7815,hold
2025-11-10,168.9847,10129300,171.1417,172.1660,166.9459,0.0040,-0.0506,-0.0858,-0.0289,0.0234,52.3010,0.0262,0.0137,-0.0044,0.4664,-0.0457,0.7463,buy
2025-11-11,171.3584,8419100,168.4233,173.3282,168.4233,0.0140,0.0066,-0.0389,-0.0113,0.0358,53.8286,0.0252,0.0124,-0.0044,0.5306,-0.1688,0.6208,buy
2025-11-12,174.0078,8785800,172.3630,174.7465,172.2448,0.0155,-0.0170,-0.0112,0.0051,0.0493,55.2333,0.0256,0.0124,-0.0033,0.6114,0.0436,0.6444,sell
2025-11-13,171.8705,9526100,173.9685,176.1353,170.4227,-0.0123,0.0075,-0.0156,-0.0057,0.0346,54.3087,0.0258,0.0116,-0.0034,0.5059,0.0843,0.6890,hold
2025-11-14,171.3584,7949900,169.1915,173.0426,168.8172,-0.0030,0.0181,-0.0383,-0.0047,0.0298,35.2052,0.0246,0.0105,-0.0036,0.4576,-0.1655,0.5686,sell
2025-11-17,164.2373,10211100,170.1962,172.2054,162.6811,-0.0416,-0.0281,-0.0773,-0.0384,-0.0138,34.7696,0.0273,0.0064,-0.0067,0.1217,0.2844,0.7251,sell
2025-11-18,162.5728,11073200,162.4053,164.2767,158.9581,-0.0101,-0.0513,-0.0450,-0.0439,-0.0245,35.2737,0.0243,0.0020,-0.0089,0.0741,0.0844,0.7729,hold
2025-11-19,163.6070,8176500,162.2084,164.9859,161.6371,0.0064,-0.0598,-0.0757,-0.0301,-0.0191,37.8408,0.0194,-0.0010,-0.0095,0.1403,-0.2616,0.5745,sell
2025-11-20,157.1852,12075400,164.6116,166.3352,156.4564,-0.0393,-0.0854,-0.0786,-0.0607,-0.0574,28.1346,0.0199,-0.0067,-0.0125,-0.0395,0.4768,0.8323,buy
2025-11-21,160.8393,10815000,158.3277,162.7796,156.7026,0.0232,-0.0614,-0.0444,-0.0346,-0.0357,33.3333,0.0221,-0.0090,-0.0117,0.1286,-0.1044,0.7339,buy
2025-11-24,162.5728,12070100,161.8932,164.4245,161.2530,0.0108,-0.0101,-0.0379,-0.0204,-0.0257,41.5691,0.0224,-0.0099,-0.0100,0.2079,0.1161,1.0730,sell
2025-11-25,160.8393,7758100,161.5189,162.4841,159.4308,-0.0107,-0.0107,-0.0614,-0.0247,-0.0360,29.9854,0.0216,-0.0115,-0.0093,0.1739,-0.3572,0.7304,buy
2025-11-26,162.6516,7967700,161.6469,163.7448,160.6915,0.0113,-0.0058,-0.0653,-0.0069,-0.0251,38.9102,0.0212,-0.0115,-0.0075,0.2694,0.0270,0.7633,buy
2025-11-28,165.5571,5068800,162.5432,165.6556,161.6568,0.0179,0.0533,-0.0367,0.0148,-0.0077,46.2142,0.0224,-0.0099,-0.0048,0.4007,-0.3638,0.4922,hold
2025-12-01,165.5079,6818300,163.4100,166.4830,163.0062,-0.0003,0.0290,-0.0341,0.0182,-0.0082,45.1444,0.0224,-0.0087,-0.0029,0.4182,0.3452,0.6706,buy
2025-12-02,168.1278,9159100,166.2072,168.5907,165.1139,0.0158,0.0342,0.0237,0.0318,0.0074,45.5191,0.0185,-0.0063,-0.0004,0.5615,0.3433,0.8981,buy
2025-12-03,172.4320,7624300,168.3248,172.4516,167.7831,0.0256,0.0721,0.0606,0.0519,0.0325,47.9101,0.0192,-0.0023,0.0027,0.7619,-0.1676,0.7652,hold
2025-12-04,172.6003,7245000,172.5804,173.1744,171.4915,0.0010,0.0612,0.0550,0.0471,0.0333,51.0210,0.0193,0.0007,0.0046,0.8019,-0.0497,0.7721,hold
2025-12-05,173.0556,8400100,172.9863,175.4711,172.7487,0.0026,0.0453,0.1010,0.0399,0.0353,52.3786,0.0115,0.0033,0.0058,0.8106,0.1594,0.9339,hold
2025-12-08,173.5506,6690200,172.9863,173.7387,171.9766,0.0029,0.0486,0.0790,0.0350,0.0374,66.0290,0.0106,0.0055,0.0064,0.8091,-0.2036,0.7604,buy
2025-12-09,174.2337,7719100,172.7487,174.5802,170.5906,0.0039,0.0363,0.0717,0.0319,0.0401,70.7712,0.0106,0.0075,0.0067,0.8156,0.1538,0.8895,buy
2025-12-10,180.3814,11100100,174.0456,181.5990,173.4912,0.0353,0.0461,0.1215,0.0560,0.0747,75.2753,0.0119,0.0114,0.0085,1.0143,0.4380,1.2597,sell
2025-12-11,179.4508,6319200,179.5498,179.8171,176.3027,-0.0052,0.0397,0.1033,0.0404,0.0672,90.2019,0.0131,0.0142,0.0090,0.9364,-0.4307,0.7273,sell
2025-12-12,176.5007,8865800,179.4310,181.2723,176.0849,-0.0164,0.0199,0.0661,0.0168,0.0483,79.0152,0.0151,0.0151,0.0078,0.8034,0.4030,1.0243,buy
2025-12-15,177.4610,6954700,177.9164,178.5004,174.6198,0.0054,0.0225,0.0722,0.0153,0.0527,78.3963,0.0149,0.0158,0.0069,0.8149,-0.2156,0.8082,sell
2025-12-16,174.3525,7136000,177.3917,177.3917,173.0556,-0.0175,0.0007,0.0370,-0.0060,0.0332,74.4892,0.0164,0.0151,0.0048,0.6847,0.0261,0.8443,sell
2025-12-17,170.6104,8501900,174.3525,175.6988,170.3233,-0.0215,-0.0542,-0.0106,-0.0263,0.0102,63.4805,0.0162,0.0127,0.0017,0.5378,0.1914,1.0215,buy
2025-12-18,172.4419,8967500,173.9466,175.3029,171.7885,0.0107,-0.0391,-0.0009,-0.0158,0.0201,62.1015,0.0166,0.0111,0.0003,0.5902,0.0548,1.0723,buy
2025-12-19,173.4912,25223500,172.6893,175.4117,172.4517,0.0061,-0.0171,0.0025,-0.0100,0.0251,63.5560,0.0167,0.0103,-0.0004,0.6102,1.8128,2.7963,sell
2025-12-22,172.4715,6422100,175.7780,176.5304,172.1547,-0.0059,-0.0281,-0.0062,-0.0152,0.0165,57.7997,0.0168,0.0092,-0.0012,0.5475,-0.7454,0.7297,hold
2025-12-23,172.9962,4690400,171.8677,173.5110,171.7687,0.0030,-0.0078,-0.0071,-0.0115,0.0180,51.1723,0.0168,0.0084,-0.0016,0.5514,-0.2696,0.5563,hold
2025-12-24,173.0160,1645300,173.2833,173.7288,172.6695,0.0001,0.0141,-0.0408,-0.0072,0.0164,50.8692,0.0112,0.0077,-0.0018,0.5265,-0.6492,0.2025,hold
2025-12-26,173.0556,2442800,173.2437,173.7387,172.6002,0.0002,0.0036,-0.0356,-0.0034,0.0152,50.0000,0.0112,0.0071,-0.0020,0.4994,0.4847,0.3112,sell
2025-12-29,171.6895,3978400,172.2636,173.4318,171.0559,-0.0079,-0.0104,-0.0273,-0.0085,0.0060,46.1820,0.0104,0.0060,-0.0025,0.3758,0.6286,0.5104,hold
2025-12-30,171.9073,3429300,172.3131,172.6497,171.6004,0.0013,-0.0033,-0.0313,-0.0040,0.0060,45.1346,0.0102,0.0051,-0.0028,0.3444,-0.1380,0.4497,sell
2025-12-31,169.3334,4682600,171.8677,172.0360,169.2938,-0.0150,-0.0212,-0.0288,-0.0161,-0.0097,22.8335,0.0098,0.0031,-0.0038,0.0988,0.3655,0.6326,buy
2026-01-02,171.2440,6532200,172.0558,172.9269,170.4718,0.0113,-0.0102,0.0037,-0.0053,0.0009,30.7478,0.0082,0.0024,-0.0036,0.2811,0.3950,0.8891,buy
2026-01-05,174.5406,8972200,173.6991,177.0551,172.2637,0.0193,0.0086,0.0122,0.0126,0.0193,45.4754,0.0097,0.0033,-0.0021,0.5673,0.3735,1.2070,buy
2026-01-06,180.6189,11033900,175.4315,182.5989,174.8474,0.0348,0.0520,0.0411,0.0435,0.0532,55.8965,0.0144,0.0066,0.0011,1.0086,0.2298,1.4585,sell
2026-01-07,178.3816,9853000,180.5596,182.2227,175.3325,-0.0124,0.0377,0.0343,0.0271,0.0387,57.7761,0.0151,0.0083,0.0022,0.8007,-0.1070,1.2757,buy
2026-01-08,180.0448,8353500,177.0056,182.4603,174.4317,0.0093,0.0633,0.0407,0.0325,0.0489,69.7965,0.0152,0.0101,0.0032,0.8781,-0.1522,1.0771,sell
2026-01-09,175.9958,9662200,176.3324,177.6392,173.0457,-0.0225,0.0277,0.0172,0.0075,0.0256,56.8225,0.0174,0.0099,0.0023,0.6151,0.1567,1.2576,sell
2026-01-12,167.5712,13657600,174.1149,174.1149,167.5415,-0.0479,-0.0399,-0.0317,-0.0377,-0.0225,41.1434,0.0234,0.0059,-0.0017,0.0378,0.4135,1.6965,sell
2026-01-13,163.6312,9993300,165.3042,166.6605,163.3144,-0.0235,-0.0941,-0.0469,-0.0559,-0.0443,37.8371,0.0243,0.0004,-0.0058,-0.0932,-0.2683,1.2327,hold
2026-01-14,162.8887,7959900,162.0472,163.0867,160.7207,-0.0045,-0.0869,-0.0525,-0.0553,-0.0469,36.1765,0.0242,-0.0044,-0.0085,-0.0308,-0.2035,0.9759,sell
2026-01-15,159.7703,9241600,164.7795,164.8290,159.4139,-0.0191,-0.1126,-0.0565,-0.0682,-0.0632,33.3000,0.0245,-0.0098,-0.0112,-0.0640,0.1610,1.1185,sell
2026-01-16,157.8201,11990800,159.7703,160.0772,157.6122,-0.0122,-0.1033,-0.0784,-0.0723,-0.0733,31.6742,0.0238,-0.0150,-0.0131,-0.0395,0.2975,1.4213,sell
2026-01-20,152.5238,11971400,153.3949,156.1371,151.7120,-0.0336,-0.0898,-0.1261,-0.0917,-0.1018,28.9382,0.0229,-0.0222,-0.0163,-0.0928,-0.0016,1.3942,buy
2026-01-21,154.8007,9181900,154.7611,155.9491,153.0683,0.0149,-0.0540,-0.1429,-0.0638,-0.0867,32.0150,0.0188,-0.0257,-0.0158,0.0569,-0.2330,1.1795,buy
2026-01-22,156.2163,7450300,156.8796,157.8300,155.2363,0.0091,-0.0410,-0.1243,-0.0424,-0.0770,35.8652,0.0203,-0.0273,-0.0141,0.1453,-0.1886,0.9508,sell
2026-01-23,154.2562,7106700,155.4640,156.3945,153.2960,-0.0125,-0.0345,-0.1432,-0.0392,-0.0870,31.7136,0.0188,-0.0299,-0.0132,0.1359,-0.0461,0.8931,sell
2026-01-26,152.9693,8004200,153.2464,154.6324,152.7515,-0.0083,-0.0307,-0.1308,-0.0333,-0.0926,25.7295,0.0187,-0.0322,-0.0123,0.1457,0.1263,0.9673,sell
2026-01-27,151.5041,8354600,154.7611,155.1670,151.1279,-0.0096,-0.0067,-0.0959,-0.0328,-0.0989,13.4477,0.0143,-0.0346,-0.0116,0.1511,0.0438,0.9748,hold
2026-01-28,151.1675,8539000,150.4745,152.4545,148.8906,-0.0022,-0.0235,-0.0762,-0.0272,-0.0987,14.1216,0.0137,-0.0360,-0.0104,0.1802,0.0221,0.9705,hold
2026-01-29,150.6923,9142900,151.5536,151.6922,148.2273,-0.0031,-0.0354,-0.0749,-0.0226,-0.0993,10.0512,0.0137,-0.0371,-0.0091,0.2022,0.0707,1.0065,sell
2026-01-30,150.0686,9577200,148.4550,151.5338,148.3263,-0.0041,-0.0271,-0.0607,-0.0205,-0.1015,11.0847,0.0131,-0.0379,-0.0078,0.2181,0.0475,1.0266,buy
2026-02-02,151.0883,9099100,149.4549,152.0981,149.3064,0.0068,-0.0123,-0.0427,-0.0094,-0.0942,18.1888,0.0135,-0.0372,-0.0058,0.2661,-0.0499,0.9621,sell
2026-02-03,145.7029,11966400,149.2074,149.2074,142.8518,-0.0356,-0.0383,-0.0447,-0.0405,-0.1246,17.2277,0.0140,-0.0407,-0.0065,0.1779,0.3151,1.2456,buy
2026-02-04,147.3958,19249300,147.2176,151.9298,146.6830,0.0116,-0.0250,-0.0478,-0.0246,-0.1134,22.6303,0.0136,-0.0405,-0.0054,0.2344,0.6086,1.9215,sell
2026-02-05,134.9321,30229600,131.5860,137.9317,131.3979,-0.0846,-0.1046,-0.1362,-0.0943,-0.1858,17.0129,0.0278,-0.0513,-0.0104,-0.0126,0.5704,2.7390,hold
2026-02-06,135.9617,15036800,135.4964,137.7535,133.9223,0.0076,-0.0940,-0.1186,-0.0760,-0.1769,20.2426,0.0286,-0.0552,-0.0117,0.0336,-0.5026,1.3224,buy
2026-02-09,137.5357,11022700,135.7241,138.5356,135.1301,0.0116,-0.0897,-0.1009,-0.0554,-0.1651,27.2945,0.0296,-0.0564,-0.0107,0.0880,-0.2670,0.9636,hold
2026-02-10,138.6841,9762900,136.7635,139.0009,135.4172,0.0083,-0.0482,-0.0846,-0.0391,-0.1556,24.7205,0.0302,-0.0561,-0.0086,0.1484,-0.1143,0.8683,hold
2026-02-11,139.6245,9379300,138.6247,140.9610,137.7139,0.0068,-0.0527,-0.0764,-0.0248,-0.1472,23.5813,0.0305,-0.0546,-0.0060,0.2028,-0.0393,0.8364,sell
2026-02-12,137.0803,12416600,139.4464,140.0799,135.3677,-0.0182,0.0159,-0.0903,-0.0333,-0.1598,23.1507,0.0306,-0.0556,-0.0049,0.1544,0.3238,1.0857,buy
2026-02-13,139.2879,13134400,135.7439,140.0601,135.3677,0.0161,0.0245,-0.0718,-0.0102,-0.1433,29.2118,0.0317,-0.0528,-0.0023,0.2477,0.0578,1.1293,buy
2026-02-17,141.1986,10670700,139.5849,142.0598,138.6049,0.0137,0.0266,-0.0655,0.0104,-0.1282,34.5503,0.0321,-0.0490,0.0007,0.3300,-0.1876,0.9227,hold
2026-02-18,141.8025,9944500,142.0598,143.0300,139.3077,0.0043,0.0225,-0.0268,0.0176,-0.1211,36.0718,0.0304,-0.0454,0.0032,0.3674,-0.0681,0.8675,sell
2026-02-19,139.8522,8219400,140.4561,140.8917,138.4960,-0.0138,0.0016,-0.0512,0.0091,-0.1296,34.5557,0.0302,-0.0440,0.0043,0.3195,-0.1735,0.7200,buy
2026-02-20,141.4461,10265100,138.9019,142.6241,138.6940,0.0114,0.0318,0.0483,0.0158,-0.1161,38.0456,0.0115,-0.0405,0.0058,0.3961,0.2489,0.8883,sell
2026-02-23,139.0009,8260100,140.5452,142.6142,138.2386,-0.0173,-0.0021,0.0224,-0.0039,-0.1276,33.8791,0.0134,-0.0398,0.0059,0.3200,-0.1953,0.7112,buy
2026-02-24,143.3270,11085700,141.1293,144.9011,140.6343,0.0311,0.0151,0.0421,0.0228,-0.0962,46.7391,0.0161,-0.0346,0.0077,0.5205,0.3421,0.9420,buy
2026-02-25,144.3566,7358300,144.1388,144.5645,142.5746,0.0072,0.0180,0.0409,0.0260,-0.0857,45.7515,0.0160,-0.0303,0.0094,0.5881,-0.3362,0.6279,hold
2026-02-26,144.1289,8642100,144.4556,145.4653,143.0696,-0.0016,0.0306,0.0323,0.0211,-0.0834,69.5415,0.0161,-0.0270,0.0102,0.6016,0.1745,0.7372,sell
2026-02-27,140.9313,12439900,141.4263,142.4657,139.9314,-0.0222,-0.0036,0.0281,-0.0043,-0.0995,59.6687,0.0167,-0.0264,0.0093,0.4582,0.4395,1.0464,sell
2026-03-02,139.6146,8963900,136.4468,140.5848,135.5162,-0.0093,0.0044,0.0023,-0.0138,-0.1040,54.0856,0.0164,-0.0261,0.0079,0.4033,-0.2794,0.7560,sell
2026-03-03,136.7438,10372400,136.8824,137.8030,134.9321,-0.0206,-0.0459,-0.0316,-0.0310,-0.1186,46.4286,0.0169,-0.0276,0.0057,0.2221,0.1571,0.8701,buy
2026-03-04,138.1099,9309800,136.8328,138.4861,136.0409,0.0100,-0.0433,-0.0260,-0.0188,-0.1058,47.2551,0.0173,-0.0270,0.0048,0.3440,-0.1024,0.7898,sell
2026-03-05,136.4959,8981000,137.0837,139.1461,135.3003,-0.0117,-0.0530,-0.0240,-0.0279,-0.1120,48.9038,0.0171,-0.0276,0.0036,0.2192,-0.0353,0.7966,sell
2026-03-06,135.1907,9197000,133.6763,136.6752,132.9290,-0.0096,-0.0407,-0.0442,-0.0329,-0.1162,42.0465,0.0165,-0.0286,0.0023,0.0928,0.0241,0.8996,buy
2026-03-09,137.6018,12304600,132.9988,138.0700,131.9726,0.0178,-0.0144,-0.0101,-0.0147,-0.0962,43.1511,0.0172,-0.0270,0.0028,0.3052,0.3379,1.2199,sell
2026-03-10,134.7025,10447300,134.2043,136.2468,131.6737,-0.0211,-0.0149,-0.0602,-0.0294,-0.1108,37.5673,0.0140,-0.0280,0.0019,0.0686,-0.1509,1.0387,sell
2026-03-11,133.6264,7830500,135.9479,137.6914,133.4670,-0.0080,-0.0325,-0.0743,-0.0297,-0.1133,38.7537,0.0132,-0.0290,0.0010,0.0423,-0.2505,0.7861,sell
2026-03-12,130.6674,9162800,132.9788,134.3737,130.1294,-0.0221,-0.0427,-0.0934,-0.0418,-0.1282,31.4446,0.0138,-0.0316,-0.0008,-0.0630,0.1701,0.9209,sell
2026-03-13,129.3423,7786700,130.6674,132.9290,128.7445,-0.0101,-0.0433,-0.0822,-0.0434,-0.1321,32.7059,0.0131,-0.0340,-0.0023,-0.0432,-0.1502,0.8012,hold
2026-03-16,128.9139,10132900,130.5877,131.3847,128.4655,-0.0033,-0.0631,-0.0766,-0.0390,-0.1303,20.0061,0.0132,-0.0356,-0.0031,0.0197,0.3013,1.0590,buy
2026-03-17,131.1058,10544300,133.0287,133.5567,130.6973,0.0170,-0.0267,-0.0412,-0.0185,-0.1107,23.6973,0.0144,-0.0345,-0.0019,0.1759,0.0406,1.1027,sell
2026-03-18,129.9899,9894300,130.2489,132.2515,129.4519,-0.0085,-0.0272,-0.0588,-0.0209,-0.1129,22.8902,0.0136,-0.0346,-0.0014,0.1590,-0.0616,1.0350,buy
2026-03-19,130.7969,9846700,128.6648,132.1917,128.4257,0.0062,0.0010,-0.0418,-0.0106,-0.1012,28.6074,0.0139,-0.0333,-0.0003,0.2288,-0.0048,1.0213,sell
2026-03-20,129.4220,78568000,130.8268,132.2615,129.3024,-0.0105,0.0006,-0.0427,-0.0167,-0.1047,28.5372,0.0140,-0.0334,0.0000,0.1949,6.9791,6.0176,sell
2026-03-23,127.8777,11431600,132.6600,133.4770,126.9411,-0.0119,-0.0080,-0.0707,-0.0212,-0.1089,30.2259,0.0117,-0.0341,-0.0002,0.1615,-0.8545,0.8650,hold
2026-03-24,128.1965,8409200,127.8677,128.7046,126.8415,0.0025,-0.0222,-0.0483,-0.0138,-0.1007,26.8065,0.0110,-0.0336,0.0001,0.2033,-0.2644,0.6428,buy
2026-03-25,129.8703,6669400,129.6810,131.4445,129.4718,0.0131,-0.0009,-0.0281,0.0019,-0.0841,34.5421,0.0123,-0.0315,0.0014,0.3001,-0.2069,0.5112,hold
2026-03-26,130.0596,11912500,128.3161,131.8530,127.8378,0.0015,-0.0056,-0.0047,0.0039,-0.0784,37.3712,0.0102,-0.0297,0.0026,0.3236,0.7861,0.9018,sell
2026-03-27,126.6423,8964900,129.4120,129.5615,126.2138,-0.0263,-0.0215,-0.0209,-0.0205,-0.0980,24.2990,0.0129,-0.0309,0.0018,0.1400,-0.2474,0.6877,hold
2026-03-30,126.6024,11555900,126.9810,128.1268,125.8751,-0.0003,-0.0100,-0.0179,-0.0190,-0.0940,28.0625,0.0129,-0.0308,0.0015,0.1606,0.2890,0.8777,buy
2026-03-31,128.3061,12219800,127.9275,128.8142,125.3171,0.0135,0.0009,-0.0214,-0.0037,-0.0779,36.0647,0.0123,-0.0290,0.0023,0.2973,0.0575,0.9217,sell
2026-04-01,126.8116,10210700,127.5290,129.7508,126.5127,-0.0116,-0.0236,-0.0245,-0.0128,-0.0853,39.0616,0.0126,-0.0288,0.0023,0.2091,-0.1644,0.7675,sell
2026-04-02,126.3334,8575300,124.7692,126.5327,123.5537,-0.0038,-0.0287,-0.0341,-0.0131,-0.0850,41.0332,0.0122,-0.0285,0.0022,0.1948,-0.1602,0.6456,sell
2026-04-06,125.2673,8038600,126.0943,126.9611,123.2548,-0.0084,-0.0109,-0.0321,-0.0183,-0.0886,39.5309,0.0121,-0.0287,0.0018,0.1412,-0.0626,0.6078,sell
2026-04-07,123.6134,8840400,124.6098,124.9485,121.5411,-0.0132,-0.0236,-0.0333,-0.0280,-0.0966,27.8040,0.0122,-0.0298,0.0009,0.0051,0.0997,0.6773,buy
2026-04-08,127.0408,12535800,128.1766,128.4157,125.1577,0.0277,-0.0099,-0.0090,-0.0001,-0.0680,42.3157,0.0156,-0.0271,0.0022,0.3406,0.4180,0.9528,hold
2026-04-09,127.2799,9352700,126.7917,128.1168,126.3334,0.0019,0.0037,-0.0199,0.0038,-0.0629,40.5564,0.0149,-0.0251,0.0033,0.3844,-0.2539,0.7068,hold
2026-04-10,127.5888,8427400,128.3260,130.1294,127.3795,0.0024,0.0099,-0.0190,0.0082,-0.0574,44.7786,0.0150,-0.0230,0.0043,0.4396,-0.0989,0.6386,buy
2026-04-13,130.7571,8615000,127.5290,130.8268,125.9946,0.0248,0.0438,0.0325,0.0299,-0.0311,57.5065,0.0144,-0.0187,0.0063,0.8297,0.0223,0.6508,buy
2026-04-14,132.3512,7608300,131.7135,132.4508,130.5678,0.0122,0.0707,0.0454,0.0378,-0.0167,60.1559,0.0146,-0.0145,0.0082,0.9597,-0.1169,0.5803,hold
2026-04-15,132.5604,9691500,132.9490,133.8456,131.7932,0.0016,0.0434,0.0332,0.0359,-0.0125,57.0829,0.0143,-0.0110,0.0093,0.9510,0.2738,0.7416,buy
2026-04-16,133.9752,8163700,131.3050,135.2006,131.3050,0.0107,0.0526,0.0565,0.0412,-0.0002,59.6846,0.0134,-0.0072,0.0103,1.0156,-0.1576,0.6289,buy
2026-04-17,135.6988,9667600,136.1870,136.4660,133.9154,0.0129,0.0636,0.0741,0.0470,0.0144,74.4486,0.0131,-0.0032,0.0113,1.0667,0.1842,0.7452,buy
2026-04-20,137.0139,7953800,135.9080,137.9903,135.5792,0.0097,0.0479,0.0938,0.0476,0.0240,76.2959,0.0119,0.0007,0.0120,1.0510,-0.1773,0.8424,sell
2026-04-21,135.0612,11874600,137.6117,137.7512,134.5530,-0.0143,0.0205,0.0926,0.0237,0.0095,66.8489,0.0121,0.0026,0.0113,0.8658,0.4929,1.2547,buy
2026-04-22,135.5693,9432700,136.1372,136.9841,135.0512,0.0038,0.0227,0.0671,0.0210,0.0136,72.9744,0.0102,0.0043,0.0104,0.8548,-0.2056,0.9913,sell
2026-04-23,133.4571,10164900,135.4995,136.4859,131.5641,-0.0156,-0.0039,0.0485,0.0004,-0.0014,67.2123,0.0124,0.0045,0.0085,0.7068,0.0776,1.0490,buy
2026-04-24,148.3023,29449600,145.0742,150.9823,143.0516,0.1112,0.0929,0.1623,0.0947,0.1082,83.4104,0.0358,0.0120,0.0125,1.2521,1.8972,2.7869,hold
2026-04-27,149.7071,41744000,155.7348,160.4075,146.5089,0.0095,0.0926,0.1449,0.0898,0.1166,88.1222,0.0357,0.0187,0.0154,1.1263,0.4175,3.4199,hold
2026-04-28,149.4480,22921300,144.5461,150.9425,143.4701,-0.0017,0.1065,0.1292,0.0746,0.1130,86.0763,0.0360,0.0237,0.0163,1.0135,-0.4509,1.7943,buy
2026-04-29,155.4259,37571200,150.8927,156.7112,150.4443,0.0400,0.1465,0.1725,0.0995,0.1551,88.2480,0.0367,0.0294,0.0178,1.0655,0.6391,2.6756,buy
2026-04-30,178.9192,61132700,171.4169,186.2023,162.9581,0.1512,0.3406,0.3355,0.2266,0.3224,92.7907,0.0560,0.0402,0.0241,1.2828,0.6271,3.6853,hold
2026-05-01,176.3586,21111500,178.4708,179.3277,170.5202,-0.0143,0.1892,0.2996,0.1763,0.2964,88.4041,0.0576,0.0508,0.0276,1.0850,-0.6547,1.2264,sell
2026-05-04,167.7604,23117400,176.5679,179.8258,166.2161,-0.0488,0.1206,0.2244,0.0965,0.2285,76.6737,0.0624,0.0570,0.0260,0.8936,0.0950,1.2865,buy
2026-05-05,185.8635,34274900,167.0331,186.5311,164.1836,0.1079,0.2437,0.3761,0.1757,0.3518,81.6268,0.0664,0.0611,0.0266,1.0508,0.4826,1.7814,buy
2026-05-06,191.8614,30145000,194.4618,196.7732,187.5274,0.0323,0.2344,0.4152,0.1720,0.3856,82.5746,0.0655,0.0684,0.0279,1.0250,-0.1205,1.4982,buy
2026-05-07,201.8046,51092200,189.9684,222.8370,186.9495,0.0518,0.1279,0.5121,0.1833,0.4454,84.0501,0.0629,0.0751,0.0293,1.0338,0.6949,2.3006,buy
2026-05-08,218.2838,37850000,212.2162,227.2108,207.8623,0.0817,0.2377,0.4719,0.2295,0.5470,86.2050,0.0600,0.0819,0.0316,1.0743,-0.2592,1.5985,buy
2026-05-11,236.6559,45474000,231.1562,246.9877,230.3492,0.0842,0.4107,0.5808,0.2707,0.6548,89.4835,0.0603,0.0899,0.0348,1.0927,0.2014,1.7818,sell
2026-05-12,209.5361,38590100,228.9942,229.1536,201.2567,-0.1146,0.1274,0.4021,0.0899,0.4510,73.8193,0.0785,0.1028,0.0325,0.8376,-0.1514,1.4255,hold
2026-05-13,212.3856,26226300,215.8328,218.6823,206.3877,0.0136,0.1070,0.3665,0.0730,0.4555,75.2970,0.0789,0.1022,0.0263,0.8227,-0.3204,0.9401,sell
2026-05-14,199.3437,24883900,207.7427,208.7590,198.9253,-0.0614,-0.0122,0.1142,-0.0032,0.3547,66.5504,0.0723,0.1032,0.0178,0.7025,-0.0512,0.8660,hold
2026-05-15,200.7486,25876800,200.9080,206.6368,198.4271,0.0070,-0.0803,0.1383,-0.0083,0.3524,66.5504,0.0717,0.0974,0.0101,0.6923,0.0399,0.8759,hold
2026-05-18,202.8906,21082500,206.0091,210.0243,192.8676,0.0107,-0.1427,0.2094,-0.0148,0.3545,67.1199,0.0682,0.0922,0.0046,0.6884,-0.1853,0.6981,sell
2026-05-19,194.8902,19605200,196.1356,200.7585,190.3171,-0.0394,-0.0699,0.0486,-0.0578,0.2912,62.4803,0.0631,0.0882,-0.0024,0.6056,-0.0701,0.6410,buy
2026-05-20,201.7648,19037500,196.2751,202.8408,193.2861,0.0353,-0.0500,0.0516,-0.0292,0.3250,58.0734,0.0633,0.0810,-0.0051,0.6453,-0.0290,0.6128,buy
2026-05-21,212.6247,28163700,202.0338,213.2225,196.8729,0.0538,0.0666,0.0536,0.0178,0.3820,62.1059,0.0634,0.0770,-0.0038,0.7271,0.4794,0.8810,buy
2026-05-22,237.2836,30375700,213.6409,242.1058,213.3819,0.1160,0.1820,0.0870,0.1256,0.5212,70.9600,0.0686,0.0766,0.0033,0.9250,0.0785,0.9488,buy
2026-05-26,247.9044,30646400,239.8342,257.0506,234.9323,0.0448,0.2219,0.0475,0.1697,0.5655,69.5879,0.0650,0.0816,0.0092,0.9731,0.0089,0.9742,sell
2026-05-27,232.5411,25694700,244.5268,247.3564,223.3550,-0.0620,0.1932,0.1098,0.0854,0.4495,62.1265,0.0555,0.0876,0.0083,0.8051,-0.1616,0.8132,buy
2026-05-28,242.3947,21118400,235.1315,248.5420,230.6680,0.0424,0.2014,0.1413,0.1158,0.4902,62.1063,0.0563,0.0868,0.0086,0.8827,-0.1781,0.6862,buy
2026-05-29,250.0963,28781800,249.2693,258.9635,246.5992,0.0318,0.1762,0.2546,0.1250,0.5152,60.0125,0.0496,0.0878,0.0096,0.9132,0.3629,0.9871,sell
2026-06-01,228.1474,21185200,232.4714,237.1441,225.9754,-0.0878,-0.0385,0.1365,0.0137,0.3661,47.3810,0.0610,0.0905,0.0038,0.6611,-0.2639,0.7265,buy
2026-06-02,239.9537,18508500,231.1463,244.2877,225.2182,0.0517,-0.0321,0.1827,0.0489,0.4180,60.3372,0.0621,0.0848,0.0019,0.7787,-0.1263,0.6398,buy
2026-06-03,249.0900,19467000,234.1552,254.1513,232.1625,0.0381,0.0712,0.2781,0.0637,0.4512,61.9626,0.0588,0.0827,0.0023,0.8566,0.0518,0.6906,sell
2026-06-04,242.5700,14185600,239.4500,246.7000,235.3200,-0.0262,0.0007,0.2022,0.0181,0.3947,64.7137,0.0609,0.0826,0.0000,0.7514,-0.2713,0.5179,sell
2026-06-05,215.9400,24189200,237.6500,238.4400,215.0000,-0.1098,-0.1366,0.0156,-0.0949,0.2294,54.4131,0.0719,0.0799,-0.0103,0.3964,0.7052,0.9287,hold
2026-06-08,217.7700,17180600,221.0300,221.9300,214.6300,0.0085,-0.0455,-0.0822,-0.0797,0.2275,54.3303,0.0604,0.0690,-0.0164,0.4210,-0.2897,0.6868,sell
2026-06-09,205.4200,29906300,216.4600,219.6400,192.6700,-0.0567,-0.1439,-0.1714,-0.1161,0.1477,52.9888,0.0593,0.0590,-0.0252,0.2800,0.7407,1.2340,sell
2026-06-10,191.2000,18426600,199.4600,204.9000,190.1000,-0.0692,-0.2324,-0.1778,-0.1624,0.0606,47.1213,0.0599,0.0448,-0.0365,0.1259,-0.3839,0.7933,buy
2026-06-11,202.9600,18933100,190.9200,203.8400,190.7500,0.0615,-0.1633,-0.1627,-0.0952,0.1166,47.3794,0.0623,0.0326,-0.0352,0.2817,0.0275,0.8281,buy
2026-06-12,211.7200,14123700,201.8500,215.0100,200.1000,0.0432,-0.0195,-0.1534,-0.0397,0.1540,42.4144,0.0634,0.0270,-0.0304,0.3785,-0.2540,0.6327,buy
2026-06-15,220.8100,13993800,219.7700,226.4600,216.2800,0.0429,0.0140,-0.0322,0.0049,0.1913,41.8865,0.0600,0.0257,-0.0234,0.4794,-0.0092,0.6440,sell
2026-06-16,214.0700,19629600,225.8300,231.1900,213.8000,-0.0305,0.0421,-0.1079,-0.0142,0.1440,44.1675,0.0575,0.0236,-0.0217,0.3822,0.4027,0.9064,hold
2026-06-17,212.9700,11955800,219.0400,221.3200,212.6800,-0.0051,0.1139,-0.1450,-0.0027,0.1273,40.1651,0.0550,0.0207,-0.0199,0.3475,-0.3909,0.5620,buy
2026-06-18,226.1100,47081500,220.7100,229.4200,214.7300,0.0617,0.1141,-0.0679,0.0671,0.1845,42.2641,0.0597,0.0217,-0.0132,0.5151,2.9380,2.0761,sell
2026-06-22,221.9000,18203400,222.9300,233.4400,215.5000,-0.0186,0.0481,0.0276,0.0443,0.1510,47.7248,0.0478,0.0220,-0.0108,0.4460,-0.6134,0.8207,sell
2026-06-23,204.1300,23781900,207.3400,209.1800,198.4400,-0.0801,-0.0755,-0.0626,-0.0332,0.0505,37.4966,0.0545,0.0167,-0.0152,0.2139,0.3065,1.0884,sell
2026-06-24,197.4100,25519600,202.5700,202.9700,191.0200,-0.0329,-0.0778,-0.0390,-0.0614,0.0090,31.6529,0.0525,0.0085,-0.0196,0.1530,0.0731,1.1818,buy
2026-06-25,204.9000,34793200,219.4300,219.4300,199.8200,0.0379,-0.0379,0.0717,-0.0321,0.0396,36.7181,0.0482,0.0044,-0.0181,0.2836,0.3634,1.5780,sell
2026-06-26,189.3900,37128900,201.7000,208.8600,186.1800,-0.0757,-0.1624,-0.0669,-0.0996,-0.0446,39.8424,0.0507,-0.0050,-0.0235,0.1089,0.0671,1.6250,hold
2026-06-29,188.7200,21599500,193.0300,194.5900,183.5800,-0.0035,-0.1495,-0.1086,-0.0929,-0.0533,38.7864,0.0478,-0.0130,-0.0253,0.1286,-0.4183,0.9604,sell
2026-06-30,184.7900,22056100,188.9900,193.5000,183.5000,-0.0208,-0.0947,-0.1631,-0.0961,-0.0775,41.4829,0.0440,-0.0212,-0.0270,0.1221,0.0211,0.9788,sell
2026-07-01,181.9200,23313200,183.5900,190.9900,181.6000,-0.0155,-0.0785,-0.1502,-0.0959,-0.0959,45.7726,0.0437,-0.0288,-0.0277,0.1215,0.0570,1.0237,sell
2026-07-02,176.2500,18661200,182.1700,185.8000,172.1200,-0.0312,-0.1398,-0.1724,-0.1078,-0.1276,37.1178,0.0438,-0.0379,-0.0294,0.0651,-0.1995,0.8209,buy
2026-07-06,186.4800,15510500,178.1300,188.6700,177.1000,0.0580,-0.0154,-0.1753,-0.0367,-0.0816,37.9970,0.0431,-0.0370,-0.0232,0.2274,-0.1688,0.6803,sell
2026-07-07,182.9700,16253600,179.0000,185.8800,179.0000,-0.0188,-0.0305,-0.1754,-0.0355,-0.1033,30.9964,0.0431,-0.0398,-0.0206,0.2018,0.0479,0.7255,buy
2026-07-08,186.5600,10306800,180.5200,187.1200,180.5100,0.0196,0.0096,-0.0861,-0.0073,-0.0891,35.7328,0.0385,-0.0387,-0.0159,0.2837,-0.3659,0.4672,buy
2026-07-09,191.1100,12895200,192.4700,196.0900,187.4400,0.0244,0.0505,-0.0319,0.0203,-0.0707,39.0547,0.0387,-0.0351,-0.0103,0.3719,0.2511,0.6080,hold
2026-07-10,189.1600,7064000,187.5100,190.1900,185.7200,-0.0102,0.0732,-0.0768,0.0184,-0.0837,29.1643,0.0360,-0.0338,-0.0070,0.3418,-0.4522,0.3422,sell
2026-07-13,183.9800,13007300,185.0600,188.1600,181.8100,-0.0274,-0.0134,-0.0286,-0.0066,-0.1112,28.8487,0.0282,-0.0353,-0.0062,0.2764,0.8414,0.6394,sell
2026-07-14,178.1000,13090400,189.3300,189.9900,177.4500,-0.0320,-0.0266,-0.0563,-0.0328,-0.1396,33.2604,0.0297,-0.0391,-0.0072,0.2126,0.0064,0.6451,hold
2026-07-15,177.9800,9440900,180.0000,180.7100,174.7600,-0.0007,-0.0460,-0.0369,-0.0298,-0.1403,36.3457,0.0292,-0.0408,-0.0071,0.2339,-0.2788,0.4705,sell
2026-07-16,170.6100,15951600,173.0800,173.9600,168.9900,-0.0414,-0.1073,-0.0622,-0.0642,-0.1761,25.8623,0.0315,-0.0469,-0.0094,0.1492,0.6896,0.8024,hold
2026-07-17,171.7800,16291100,166.6400,172.3900,164.7700,0.0069,-0.0919,-0.0254,-0.0555,-0.1693,34.4682,0.0304,-0.0489,-0.0093,0.1980,0.0213,0.8106,hold
2026-07-20,170.3200,9649600,175.5500,176.2500,169.9000,-0.0085,-0.0742,-0.0867,-0.0551,-0.1747,33.9944,0.0218,-0.0512,-0.0091,0.1741,-0.4077,0.5294,buy
2026-07-21,173.5000,13243200,175.4900,175.4900,170.1400,0.0187,-0.0258,-0.0518,-0.0324,-0.1570,40.0494,0.0231,-0.0498,-0.0067,0.2264,0.3724,0.7366,buy
2026-07-22,175.6300,7777600,170.7100,178.6500,170.6000,0.0123,-0.0132,-0.0586,-0.0145,-0.1430,44.3829,0.0223,-0.0472,-0.0037,0.2954,-0.4127,0.4528,sell
2026-07-23,171.1100,10827500,171.1800,173.9500,168.3100,-0.0257,0.0029,-0.1047,-0.0290,-0.1597,45.3136,0.0203,-0.0484,-0.0030,0.1980,0.3921,0.6585,sell
