date,close,volume,open,high,low,return_1d,return_5d,return_10d,price_vs_ma10,price_vs_ma50,rsi_14,volatility_10d,macd_norm,macd_hist_norm,bb_position,volume_change,volume_vs_avg20,label
2021-09-10,328.3000,3389400,340.2100,342.0400,328.0000,-0.0300,-0.0525,-0.0673,-0.0534,-0.1645,37.3369,0.0287,-0.0482,0.0005,-0.0708,0.2104,0.9212,sell
2021-09-13,322.8200,4017500,325.7500,326.6700,314.5300,-0.0167,-0.0568,-0.0958,-0.0599,-0.1737,30.2581,0.0278,-0.0511,-0.0013,-0.0738,0.1853,1.0787,sell
2021-09-14,316.7600,3524600,323.2500,329.5300,315.7640,-0.0188,-0.0810,-0.1100,-0.0670,-0.1845,28.6870,0.0278,-0.0547,-0.0031,-0.0706,-0.1227,0.9574,hold
2021-09-15,318.7300,2880500,317.0000,319.5510,311.6100,0.0062,-0.0475,-0.0955,-0.0518,-0.1745,31.2419,0.0284,-0.0553,-0.0032,0.0437,-0.1827,0.8023,buy
2021-09-16,323.0900,3000400,317.4400,323.2800,313.7100,0.0137,-0.0454,-0.1223,-0.0257,-0.1590,34.8623,0.0230,-0.0536,-0.0017,0.1597,0.0416,0.8366,hold
2021-09-17,324.1000,3800500,323.3900,325.8100,316.9700,0.0031,-0.0128,-0.0646,-0.0160,-0.1521,31.9996,0.0167,-0.0518,-0.0001,0.2051,0.2667,1.0561,sell
2021-09-20,316.0100,3275400,316.8360,319.3300,309.6680,-0.0250,-0.0211,-0.0767,-0.0329,-0.1682,29.7369,0.0177,-0.0532,-0.0002,0.1245,-0.1382,0.9054,buy
2021-09-21,319.0000,3675300,319.8580,328.0000,318.0000,0.0095,0.0071,-0.0745,-0.0160,-0.1553,32.9453,0.0179,-0.0515,0.0009,0.2026,0.1221,1.0121,buy
2021-09-22,324.7700,3006600,319.6040,326.0400,316.7100,0.0181,0.0190,-0.0295,0.0048,-0.1353,25.3779,0.0178,-0.0476,0.0030,0.3111,-0.1819,0.8271,buy
2021-09-23,334.5200,5343700,339.4380,339.6000,330.0100,0.0300,0.0354,-0.0116,0.0363,-0.1056,42.1384,0.0203,-0.0411,0.0064,0.4763,0.7773,1.4074,sell
2021-09-24,321.8900,3630700,327.0000,328.3900,318.5000,-0.0378,-0.0068,-0.0195,-0.0009,-0.1355,37.9465,0.0216,-0.0412,0.0066,0.2963,-0.3206,0.9658,hold
2021-09-27,321.2400,3315400,320.2330,321.4000,312.8100,-0.0020,0.0166,-0.0049,-0.0024,-0.1336,35.8420,0.0210,-0.0398,0.0065,0.3061,-0.0868,0.8697,sell
2021-09-28,310.5700,3814800,317.8200,321.1700,306.7300,-0.0332,-0.0264,-0.0195,-0.0337,-0.1580,35.5713,0.0228,-0.0422,0.0045,0.1578,0.1506,0.9772,sell
2021-09-29,302.9200,3447000,312.9600,317.1450,302.1100,-0.0246,-0.0673,-0.0496,-0.0528,-0.1736,29.6309,0.0237,-0.0457,0.0018,0.0767,-0.0964,0.8763,buy
2021-09-30,313.3500,3806100,306.3400,315.8600,303.5100,0.0344,-0.0633,-0.0301,-0.0172,-0.1400,41.4581,0.0262,-0.0428,0.0025,0.2466,0.1042,0.9942,hold
2021-10-01,314.4600,2807100,312.3230,314.6400,306.2200,0.0035,-0.0231,-0.0297,-0.0107,-0.1319,44.9723,0.0263,-0.0408,0.0034,0.2881,-0.2625,0.7757,sell
2021-10-04,296.8600,4992400,313.3300,313.4600,293.9000,-0.0560,-0.0759,-0.0606,-0.0604,-0.1724,39.4909,0.0306,-0.0459,0.0007,-0.0351,0.7785,1.4166,buy
2021-10-05,304.5100,3730300,299.3600,307.9700,296.0000,0.0258,-0.0195,-0.0454,-0.0318,-0.1427,42.9155,0.0320,-0.0444,0.0009,0.1511,-0.2528,1.0449,buy
2021-10-06,321.6900,6083800,301.1300,322.9900,300.6100,0.0564,0.0620,-0.0095,0.0238,-0.0873,49.3815,0.0368,-0.0369,0.0048,0.5745,0.6309,1.6367,hold
2021-10-07,324.4700,3358000,325.8600,328.7500,323.0000,0.0086,0.0355,-0.0300,0.0360,-0.0718,50.1609,0.0355,-0.0316,0.0078,0.6793,-0.4480,0.8967,hold
2021-10-08,323.3600,2222500,326.4600,327.7500,320.0100,-0.0034,0.0283,0.0046,0.0320,-0.0683,53.4037,0.0333,-0.0276,0.0095,0.6595,-0.3381,0.6029,sell
2021-10-11,319.6000,1621400,321.5200,328.2400,319.1900,-0.0116,0.0766,-0.0051,0.0205,-0.0733,50.2759,0.0335,-0.0254,0.0098,0.5575,-0.2705,0.4546,hold
2021-10-12,320.0000,1776200,321.1100,324.8500,319.1400,0.0013,0.0509,0.0304,0.0187,-0.0666,47.6928,0.0314,-0.0229,0.0097,0.5642,0.0955,0.5105,buy
2021-10-13,329.2200,2854600,321.5000,329.8400,319.5450,0.0288,0.0234,0.0868,0.0394,-0.0348,47.4232,0.0307,-0.0180,0.0110,0.8005,0.6071,0.8207,hold
2021-10-14,328.9200,2973900,332.0000,334.1100,328.2100,-0.0009,0.0137,0.0497,0.0333,-0.0305,53.8835,0.0294,-0.0145,0.0116,0.7766,0.0418,0.8554,sell
2021-10-15,324.3800,3078200,329.3000,330.8320,323.7000,-0.0138,0.0032,0.0315,0.0159,-0.0394,51.6631,0.0300,-0.0128,0.0109,0.6547,0.0351,0.8947,buy
2021-10-18,344.4600,4557900,323.8500,344.6700,323.0590,0.0619,0.0778,0.1603,0.0629,0.0230,66.3231,0.0270,-0.0059,0.0132,1.0571,0.4807,1.3005,hold
2021-10-19,344.4500,4972500,342.0000,350.6000,339.1200,-0.0000,0.0764,0.1312,0.0500,0.0262,71.5920,0.0272,-0.0010,0.0144,0.9728,0.0910,1.3930,sell
2021-10-20,338.9300,3307900,347.6400,349.9600,335.2700,-0.0160,0.0295,0.0536,0.0277,0.0122,64.0149,0.0236,0.0016,0.0138,0.8294,-0.3348,0.9228,sell
2021-10-21,333.8300,2550500,335.4280,341.8000,333.3600,-0.0150,0.0149,0.0288,0.0094,-0.0010,60.1680,0.0245,0.0024,0.0119,0.7315,-0.2290,0.7403,sell
2021-10-22,321.8800,4133900,325.7700,328.4100,313.4010,-0.0358,-0.0077,-0.0046,-0.0263,-0.0340,63.9621,0.0274,0.0002,0.0080,0.4985,0.6208,1.1913,hold
2021-10-25,323.1900,2700200,321.9600,327.0500,315.2000,0.0041,-0.0617,0.0112,-0.0234,-0.0280,61.2179,0.0271,-0.0013,0.0052,0.5222,-0.3468,0.7851,hold
2021-10-26,324.0100,2768600,327.0300,333.3440,319.8500,0.0025,-0.0593,0.0125,-0.0221,-0.0236,51.7339,0.0271,-0.0022,0.0034,0.5256,0.0253,0.8174,sell
2021-10-27,316.5700,2254400,325.0400,327.5350,315.8450,-0.0230,-0.0660,-0.0384,-0.0409,-0.0437,44.4802,0.0263,-0.0049,0.0007,0.3545,-0.1857,0.6775,buy
2021-10-28,320.5600,1709200,317.3100,323.2200,314.5000,0.0126,-0.0398,-0.0254,-0.0263,-0.0303,48.1193,0.0268,-0.0058,-0.0002,0.4305,-0.2418,0.5304,sell
2021-10-29,304.9000,3655300,318.7700,321.5300,303.6500,-0.0489,-0.0528,-0.0601,-0.0684,-0.0755,41.4871,0.0305,-0.0109,-0.0040,0.1208,1.1386,1.1195,buy
2021-11-01,317.7200,3293100,306.4830,318.4330,303.5620,0.0420,-0.0169,-0.0776,-0.0212,-0.0347,48.8457,0.0259,-0.0108,-0.0033,0.3429,-0.0991,1.0355,sell
2021-11-02,313.4100,1927300,317.5000,317.5000,310.0400,-0.0136,-0.0327,-0.0901,-0.0252,-0.0452,41.5770,0.0258,-0.0121,-0.0037,0.2101,-0.4147,0.6237,hold
2021-11-03,313.6600,5500600,314.2300,314.6950,307.0900,0.0008,-0.0092,-0.0746,-0.0167,-0.0419,41.8657,0.0258,-0.0128,-0.0035,0.2346,1.8540,1.7971,sell
2021-11-04,289.3900,12768900,289.8100,308.8100,285.8200,-0.0774,-0.0972,-0.1331,-0.0799,-0.1125,34.5900,0.0341,-0.0211,-0.0088,-0.1505,1.3214,3.6159,sell
2021-11-05,278.6200,5828300,289.0200,290.3700,275.1400,-0.0372,-0.0862,-0.1344,-0.1018,-0.1417,18.4130,0.0342,-0.0306,-0.0142,-0.1479,-0.5436,1.5703,hold
2021-11-08,277.1700,4701900,279.6700,285.6300,275.5500,-0.0052,-0.1276,-0.1424,-0.0930,-0.1420,18.1620,0.0338,-0.0376,-0.0170,-0.0466,-0.1933,1.2163,hold
2021-11-09,279.7700,3036700,277.5900,282.6600,275.5000,0.0094,-0.1073,-0.1365,-0.0711,-0.1298,21.2089,0.0342,-0.0414,-0.0168,0.0585,-0.3542,0.7730,sell
2021-11-10,274.6000,3506900,278.9500,283.8800,271.7130,-0.0185,-0.1245,-0.1326,-0.0754,-0.1417,21.1944,0.0341,-0.0466,-0.0172,0.0655,0.1548,0.8853,hold
2021-11-11,271.7900,2282800,275.8200,277.9900,271.3400,-0.0102,-0.0608,-0.1521,-0.0695,-0.1454,23.2625,0.0329,-0.0508,-0.0169,0.0936,-0.3491,0.5813,buy
2021-11-12,275.3800,2000500,272.6400,275.7900,268.5800,0.0132,-0.0116,-0.0968,-0.0476,-0.1302,25.0860,0.0318,-0.0514,-0.0143,0.1707,-0.1237,0.5165,hold
2021-11-15,274.7900,2287600,276.0300,279.3000,271.0200,-0.0021,-0.0086,-0.1351,-0.0353,-0.1283,24.2896,0.0265,-0.0521,-0.0120,0.1940,0.1435,0.6085,hold
2021-11-16,276.4600,2963300,274.5500,276.4700,269.2850,0.0061,-0.0118,-0.1179,-0.0167,-0.1192,27.7043,0.0272,-0.0512,-0.0090,0.2337,0.2954,0.8099,sell
2021-11-17,245.1100,12946600,264.1500,264.1980,243.1600,-0.1134,-0.1074,-0.2185,-0.1064,-0.2146,17.8416,0.0415,-0.0667,-0.0153,-0.0200,3.3690,3.1266,sell
2021-11-18,235.8500,5798400,239.3800,245.3000,234.8500,-0.0378,-0.1322,-0.1850,-0.1231,-0.2393,18.8711,0.0374,-0.0790,-0.0205,-0.0243,-0.5521,1.3475,hold
2021-11-19,234.1000,4513900,240.5900,243.6600,233.8600,-0.0074,-0.1499,-0.1598,-0.1149,-0.2403,8.1230,0.0371,-0.0869,-0.0224,0.0343,-0.2215,1.0443,sell
2021-11-22,230.9800,5658800,233.5600,238.2700,223.8500,-0.0133,-0.1594,-0.1666,-0.1112,-0.2460,8.2209,0.0369,-0.0940,-0.0229,0.0673,0.2536,1.2659,sell
2021-11-23,226.0600,3402200,231.8100,233.3800,223.3300,-0.0213,-0.1823,-0.1920,-0.1118,-0.2576,7.6074,0.0357,-0.1014,-0.0230,0.0797,-0.3988,0.7557,buy
2021-11-24,231.4500,4213900,225.6800,232.6700,222.3200,0.0238,-0.0557,-0.1571,-0.0749,-0.2355,15.6916,0.0383,-0.1002,-0.0188,0.1607,0.2386,0.9161,buy
2021-11-26,235.1600,2637200,236.6000,237.0000,228.4200,0.0160,-0.0029,-0.1348,-0.0461,-0.2187,21.9178,0.0397,-0.0970,-0.0136,0.2163,-0.3742,0.5676,sell
2021-11-29,231.2800,3009300,232.7700,235.6500,225.0000,-0.0165,-0.0120,-0.1601,-0.0448,-0.2269,21.2504,0.0385,-0.0977,-0.0103,0.2139,0.1411,0.6522,sell
2021-11-30,227.6100,3291000,233.9300,235.9200,223.2900,-0.0159,-0.0146,-0.1717,-0.0413,-0.2346,17.7547,0.0382,-0.0986,-0.0078,0.2062,0.0936,0.7133,sell
2021-12-01,207.7500,4376400,229.8070,230.6910,207.1500,-0.0873,-0.0810,-0.2485,-0.0988,-0.2961,15.0256,0.0428,-0.1139,-0.0115,0.0723,0.3298,0.9240,hold
2021-12-02,210.2600,3385900,206.7300,213.8000,204.2300,0.0121,-0.0916,-0.1422,-0.0739,-0.2821,17.7076,0.0317,-0.1148,-0.0110,0.1169,-0.2263,0.7312,sell
2021-12-03,205.5500,4164800,210.5330,210.5330,199.1400,-0.0224,-0.1259,-0.1285,-0.0824,-0.2919,13.7774,0.0308,-0.1198,-0.0108,0.1147,0.2300,0.9915,buy
2021-12-06,210.1600,3867300,201.3900,210.3300,196.9400,0.0224,-0.0913,-0.1023,-0.0517,-0.2704,17.8169,0.0328,-0.1158,-0.0074,0.1909,-0.0714,0.9427,buy
2021-12-07,216.6000,4242800,213.2800,220.5400,213.1600,0.0306,-0.0484,-0.0623,-0.0163,-0.2425,21.5440,0.0352,-0.1077,-0.0021,0.2744,0.0971,1.0401,buy
2021-12-08,256.0800,24838500,235.9550,260.9900,233.6000,0.1823,0.2326,0.1328,0.1474,-0.1010,54.8407,0.0684,-0.0747,0.0117,0.6754,4.8543,4.8049,sell
2021-12-09,235.0900,16339100,257.0050,266.0500,234.5900,-0.0820,0.1181,0.0157,0.0516,-0.1708,49.6961,0.0747,-0.0736,0.0165,0.4807,-0.3422,2.8117,sell
2021-12-10,229.2500,6189800,240.0000,245.4500,226.3400,-0.0248,0.1153,-0.0251,0.0282,-0.1866,48.1220,0.0751,-0.0703,0.0176,0.4364,-0.6212,1.0305,sell
2021-12-13,221.9200,5540100,228.2900,228.7920,214.1100,-0.0320,0.0560,-0.0405,-0.0005,-0.2074,46.6027,0.0757,-0.0703,0.0164,0.3699,-0.1050,0.8960,hold
2021-12-14,221.5500,3433100,213.6800,223.7900,211.1950,-0.0017,0.0229,-0.0266,0.0006,-0.2044,48.2491,0.0755,-0.0680,0.0151,0.3832,-0.3803,0.5501,sell
2021-12-15,203.9400,20474800,215.6500,217.8500,190.2300,-0.0795,-0.2036,-0.0183,-0.0774,-0.2623,40.2454,0.0745,-0.0778,0.0100,0.1007,4.9639,2.8772,buy
2021-12-16,219.0100,12324600,210.3670,220.7000,209.5000,0.0739,-0.0684,0.0416,-0.0131,-0.2019,44.7004,0.0781,-0.0690,0.0102,0.3945,-0.3981,1.7395,buy
2021-12-17,236.4600,9604400,216.8400,237.1800,208.0700,0.0797,0.0315,0.1504,0.0509,-0.1327,51.5608,0.0805,-0.0547,0.0149,0.7299,-0.2207,1.3201,sell
2021-12-20,228.0600,5128100,232.2560,238.7500,226.6580,-0.0355,0.0277,0.0852,0.0056,-0.1576,50.1318,0.0821,-0.0516,0.0164,0.5750,-0.4661,0.7019,hold
2021-12-21,231.7700,3744600,230.9700,232.9000,222.3300,0.0163,0.0461,0.0700,0.0151,-0.1383,57.7725,0.0819,-0.0450,0.0176,0.6463,-0.2698,0.5193,hold
2021-12-22,226.7000,3977300,231.7400,234.9300,223.0000,-0.0219,0.1116,-0.1147,0.0059,-0.1513,55.2330,0.0551,-0.0426,0.0171,0.5470,0.0621,0.5494,buy
2021-12-23,233.5200,2983300,226.9500,234.3200,222.0600,0.0301,0.0663,-0.0067,0.0369,-0.1195,58.7851,0.0502,-0.0360,0.0176,0.6767,-0.2499,0.4156,sell
2021-12-27,227.9300,3166300,233.6160,234.4000,226.6900,-0.0239,-0.0361,-0.0058,0.0126,-0.1339,55.5472,0.0501,-0.0341,0.0166,0.5768,0.0613,0.4395,hold
2021-12-28,231.3200,5773700,227.1300,241.0000,227.0000,0.0149,0.0143,0.0424,0.0234,-0.1148,54.6843,0.0489,-0.0299,0.0161,0.6435,0.8235,0.7864,sell
2021-12-29,224.8000,3342900,229.3000,230.0000,223.2100,-0.0282,-0.0301,0.0147,-0.0069,-0.1318,37.4034,0.0501,-0.0298,0.0140,0.5180,-0.4210,0.4551,buy
2021-12-30,236.2000,4739100,225.0000,238.5000,224.9300,0.0507,0.0419,0.1582,0.0288,-0.0801,50.4844,0.0427,-0.0234,0.0146,0.7201,0.4177,0.6436,sell
2021-12-31,228.2000,4570400,236.2000,241.4560,227.5100,-0.0339,-0.0228,0.0420,-0.0100,-0.1035,49.5502,0.0399,-0.0227,0.0133,0.5420,-0.0356,0.6158,buy
2022-01-03,233.1900,4095600,230.6300,238.3550,224.8700,0.0219,0.0231,-0.0138,0.0131,-0.0766,54.9261,0.0311,-0.0192,0.0129,0.6285,-0.1039,0.5521,sell
2022-01-04,222.8300,4064500,233.5000,234.2600,215.5800,-0.0444,-0.0367,-0.0229,-0.0297,-0.1107,50.5146,0.0323,-0.0210,0.0100,0.3676,-0.0076,0.5471,sell
2022-01-05,196.7100,7863000,213.3300,216.2400,195.9200,-0.1172,-0.1250,-0.1513,-0.1301,-0.2069,47.2797,0.0478,-0.0349,0.0002,-0.1278,0.9346,1.0333,sell
2022-01-06,193.8300,5571500,198.8240,203.5800,190.0000,-0.0146,-0.1794,-0.1450,-0.1302,-0.2102,39.5692,0.0478,-0.0451,-0.0076,-0.1134,-0.2914,0.8383,sell
2022-01-07,180.4100,9217000,189.4600,189.4600,178.6100,-0.0692,-0.2094,-0.2274,-0.1707,-0.2566,25.9793,0.0478,-0.0620,-0.0173,-0.1630,0.6543,1.4653,hold
2022-01-10,182.9600,5849800,177.0400,183.7200,173.5600,0.0141,-0.2154,-0.1973,-0.1412,-0.2375,29.6517,0.0493,-0.0697,-0.0206,-0.0148,-0.3653,0.9325,buy
2022-01-11,185.7000,3779300,180.6460,189.0900,179.4500,0.0150,-0.1666,-0.1972,-0.1093,-0.2183,29.0305,0.0493,-0.0734,-0.0200,0.0855,-0.3539,0.6110,sell
2022-01-12,177.4400,5235700,188.2700,190.5000,176.7000,-0.0445,-0.0980,-0.2107,-0.1291,-0.2442,28.2113,0.0499,-0.0835,-0.0221,0.0515,0.3854,0.8343,sell
2022-01-13,168.3000,6312100,178.5600,179.7100,167.8210,-0.0515,-0.1317,-0.2875,-0.1455,-0.2741,21.7320,0.0433,-0.0969,-0.0257,0.0183,0.2056,1.1338,hold
2022-01-14,167.4800,6402200,166.2730,170.4000,159.7600,-0.0049,-0.0717,-0.2661,-0.1226,-0.2684,22.6693,0.0442,-0.1036,-0.0257,0.0751,0.0143,1.2146,hold
2022-01-18,166.8300,5141800,166.2000,172.2500,162.0000,-0.0039,-0.0882,-0.2846,-0.0945,-0.2634,20.1020,0.0415,-0.1081,-0.0238,0.1184,-0.1969,1.0186,hold
2022-01-19,166.4900,4133500,166.7270,172.7200,162.3100,-0.0020,-0.1034,-0.2528,-0.0679,-0.2575,21.3239,0.0423,-0.1104,-0.0208,0.1574,-0.1961,0.8270,hold
2022-01-20,167.3600,7804000,170.3000,179.6800,167.0300,0.0052,-0.0568,-0.1492,-0.0474,-0.2463,12.2339,0.0292,-0.1098,-0.0165,0.1986,0.8880,1.5004,sell
2022-01-21,152.1300,8167300,160.0000,163.5000,151.5300,-0.0910,-0.0961,-0.2151,-0.1130,-0.3069,11.3348,0.0377,-0.1274,-0.0198,0.1137,0.0466,1.5095,buy
2022-01-24,157.3200,9857000,148.4500,157.5200,139.4690,0.0341,-0.0607,-0.1280,-0.0702,-0.2755,11.5147,0.0379,-0.1241,-0.0161,0.1906,0.2069,1.7130,sell
2022-01-25,152.1900,4495700,153.5000,158.1400,147.8400,-0.0326,-0.0878,-0.1682,-0.0839,-0.2913,12.1598,0.0370,-0.1303,-0.0149,0.1812,-0.5439,0.7724,sell
2022-01-26,147.7200,6742500,156.9570,160.2000,146.2630,-0.0294,-0.1127,-0.2045,-0.0900,-0.3039,15.8320,0.0353,-0.1368,-0.0143,0.1754,0.4998,1.1488,hold
2022-01-27,147.8200,4861900,151.8300,156.4100,146.9600,0.0007,-0.1168,-0.1669,-0.0724,-0.2949,16.6159,0.0350,-0.1370,-0.0117,0.2054,-0.2789,0.8178,buy
2022-01-28,151.2300,4316900,148.0900,152.2600,142.0330,0.0231,-0.0059,-0.1014,-0.0408,-0.2700,25.2292,0.0349,-0.1309,-0.0067,0.2521,-0.1121,0.7287,buy
2022-01-31,164.0500,4636500,153.4800,164.3100,153.1100,0.0848,0.0428,-0.0205,0.0428,-0.2018,36.3308,0.0461,-0.1108,0.0029,0.3932,0.0740,0.7822,hold
2022-02-01,166.2600,3902400,168.7470,168.7470,160.1300,0.0135,0.0925,-0.0034,0.0573,-0.1856,35.8392,0.0463,-0.0994,0.0102,0.4409,-0.1583,0.6594,sell
2022-02-02,156.9000,3229000,166.9600,166.9700,155.6400,-0.0563,0.0621,-0.0576,0.0039,-0.2256,35.2739,0.0497,-0.1007,0.0124,0.3209,-0.1726,0.5495,sell
2022-02-03,145.2800,4514200,152.1000,155.6000,145.1800,-0.0741,-0.0172,-0.1319,-0.0572,-0.2768,34.0626,0.0541,-0.1100,0.0097,0.1455,0.3980,0.7908,buy
2022-02-04,158.7300,5573400,147.7410,161.2100,146.9610,0.0926,0.0496,0.0434,0.0257,-0.2045,44.8438,0.0557,-0.0936,0.0128,0.4089,0.2346,0.9763,sell
2022-02-07,155.7700,3369200,157.5700,163.2100,154.5200,-0.0186,-0.0505,-0.0099,0.0076,-0.2134,43.6553,0.0552,-0.0902,0.0146,0.3663,-0.3955,0.6221,hold
2022-02-08,155.8600,2876600,154.2000,157.6000,152.5000,0.0006,-0.0626,0.0241,0.0058,-0.2066,43.8845,0.0540,-0.0850,0.0158,0.3873,-0.1462,0.5461,buy
2022-02-09,164.9600,3966700,158.2400,165.5000,157.4500,0.0584,0.0514,0.1167,0.0528,-0.1545,48.7387,0.0551,-0.0712,0.0192,0.6579,0.3790,0.7517,hold
2022-02-10,165.6500,7814700,166.3200,177.9600,163.3100,0.0042,0.1402,0.1206,0.0453,-0.1456,58.3871,0.0550,-0.0626,0.0219,0.7187,0.9701,1.4456,hold
2022-02-11,163.9400,5120300,165.0000,171.7000,161.6600,-0.0103,0.0328,0.0840,0.0263,-0.1505,54.2920,0.0554,-0.0569,0.0229,0.6753,-0.3448,0.9577,sell
2022-02-14,159.0200,3896600,164.4620,167.5400,158.8020,-0.0300,0.0209,-0.0307,-0.0014,-0.1716,54.4403,0.0496,-0.0552,0.0216,0.5259,-0.2390,0.7463,buy
2022-02-15,168.1500,3678000,162.6500,168.5950,156.6900,0.0574,0.0789,0.0114,0.0547,-0.1207,62.5230,0.0530,-0.0448,0.0223,0.8371,-0.0561,0.7145,sell
2022-02-16,161.4500,3710200,164.0000,165.8400,158.8000,-0.0398,-0.0213,0.0290,0.0098,-0.1514,57.7294,0.0512,-0.0434,0.0212,0.6190,0.0088,0.7237,sell
2022-02-17,144.7100,18598700,159.2900,161.5600,143.0000,-0.1037,-0.1264,-0.0039,-0.0946,-0.2336,46.7882,0.0567,-0.0542,0.0143,0.0811,4.0129,3.2823,sell
2022-02-18,112.4600,66585200,106.1100,116.0000,102.6000,-0.2229,-0.3140,-0.2915,-0.2754,-0.3952,28.6695,0.0822,-0.0976,-0.0077,-0.3614,2.5801,7.7539,buy
2022-02-22,121.9700,47017400,113.1100,128.1600,112.0100,0.0846,-0.2330,-0.2170,-0.1966,-0.3359,32.7302,0.0900,-0.1029,-0.0160,-0.0441,-0.2939,4.5013,sell
2022-02-23,118.3500,14294200,122.0000,122.8900,117.7810,-0.0297,-0.2962,-0.2407,-0.2007,-0.3478,34.2640,0.0897,-0.1178,-0.0225,-0.0075,-0.6960,1.3072,buy
2022-02-24,135.1000,16948300,112.6600,135.9000,112.4900,0.1415,-0.1632,-0.1810,-0.0688,-0.2483,46.0116,0.1012,-0.1001,-0.0133,0.2641,0.1857,1.4808,buy
2022-02-25,139.6100,8167500,134.7400,139.8150,131.3000,0.0334,-0.0352,-0.1572,-0.0201,-0.2160,41.9447,0.1022,-0.0909,-0.0055,0.3394,-0.5181,0.7034,hold
2022-02-28,139.5300,9000800,138.2250,141.9300,136.5000,-0.0006,0.2407,-0.1489,-0.0036,-0.2108,42.9879,0.1023,-0.0852,0.0001,0.3484,0.1020,0.7599,hold
2022-03-01,136.6200,5700800,139.0300,141.5000,135.1900,-0.0209,0.1201,-0.1409,-0.0085,-0.2200,41.8901,0.1021,-0.0832,0.0032,0.3249,-0.3666,0.4791,hold
2022-03-02,132.6500,7599800,137.1000,137.2200,125.6600,-0.0291,0.1208,-0.2111,-0.0119,-0.2335,35.7653,0.0994,-0.0840,0.0040,0.2889,0.3331,0.6290,sell
2022-03-03,127.8500,4403300,131.1200,135.8800,126.6380,-0.0362,-0.0537,-0.2081,-0.0232,-0.2526,33.9286,0.0993,-0.0878,0.0028,0.2442,-0.4206,0.3627,sell
2022-03-04,121.5000,5264100,127.5000,129.6700,120.2810,-0.0497,-0.1297,-0.1604,-0.0549,-0.2805,32.6407,0.0956,-0.0960,-0.0005,0.1839,0.1955,0.4322,sell
2022-03-07,112.4500,5615600,123.4900,125.2800,112.1600,-0.0745,-0.1941,-0.0001,-0.1253,-0.3249,31.5739,0.0665,-0.1120,-0.0071,0.1114,0.0668,0.4610,hold
2022-03-08,113.4600,6965900,111.7000,117.7900,104.6300,0.0090,-0.1695,-0.0698,-0.1116,-0.3089,26.8753,0.0600,-0.1155,-0.0092,0.1653,0.2405,0.5635,buy
2022-03-09,117.5500,4568700,116.5700,120.4200,115.6800,0.0360,-0.1138,-0.0068,-0.0790,-0.2742,31.0187,0.0607,-0.1108,-0.0066,0.2445,-0.3441,0.3671,sell
2022-03-10,110.8500,5586800,116.9200,116.9200,107.5200,-0.0570,-0.1330,-0.1795,-0.1147,-0.3053,33.9678,0.0377,-0.1205,-0.0079,0.1911,0.2228,0.4460,sell
2022-03-11,103.8500,5297700,112.7000,112.8700,103.6700,-0.0631,-0.1453,-0.2561,-0.1462,-0.3391,44.6422,0.0350,-0.1350,-0.0119,0.1379,-0.0517,0.4272,sell
2022-03-14,100.6900,4783800,102.3100,105.8400,99.2400,-0.0304,-0.1046,-0.2784,-0.1449,-0.3480,35.6216,0.0336,-0.1453,-0.0146,0.1319,-0.0970,0.3863,buy
2022-03-15,101.8300,7157300,100.0100,104.4400,97.9100,0.0113,-0.1025,-0.2546,-0.1088,-0.3296,38.4508,0.0362,-0.1458,-0.0133,0.1761,0.4962,0.5704,buy
2022-03-16,114.9100,7994800,104.5000,115.0500,103.9400,0.1284,-0.0225,-0.1337,0.0215,-0.2315,35.1216,0.0614,-0.1202,-0.0022,0.3675,0.1170,0.6264,buy
2022-03-17,119.8800,5000200,112.6900,119.9600,111.4100,0.0433,0.0815,-0.0623,0.0733,-0.1871,35.5585,0.0631,-0.1038,0.0074,0.4733,-0.3746,0.3898,buy
2022-03-18,124.8500,5484800,119.0000,126.2800,117.5000,0.0415,0.2022,0.0276,0.1144,-0.1451,39.9727,0.0625,-0.0867,0.0160,0.5944,0.0969,0.4506,sell
2022-03-21,120.5100,3783500,123.8000,124.6900,117.6200,-0.0348,0.1968,0.0717,0.0680,-0.1664,39.2068,0.0580,-0.0812,0.0202,0.4960,-0.3102,0.4189,buy
2022-03-22,125.5400,4447300,119.5700,127.7300,118.2800,0.0417,0.2328,0.1065,0.1008,-0.1250,45.3032,0.0589,-0.0674,0.0240,0.5975,0.1754,0.6442,hold
2022-03-23,125.3400,4031500,124.2500,130.9000,122.5000,-0.0016,0.0908,0.0663,0.0916,-0.1193,48.2346,0.0584,-0.0586,0.0263,0.5858,-0.0935,0.6309,hold
2022-03-24,127.3300,4062700,126.0200,127.4150,121.0000,0.0159,0.0621,0.1487,0.0932,-0.0979,54.3684,0.0538,-0.0489,0.0278,0.6396,0.0077,0.7071,sell
2022-03-25,123.7500,5010200,126.9100,127.0400,118.7300,-0.0281,-0.0088,0.1916,0.0446,-0.1166,59.2230,0.0490,-0.0449,0.0272,0.5858,0.2332,0.8966,buy
2022-03-28,128.3600,4269600,124.7000,129.8500,122.4400,0.0373,0.0651,0.2748,0.0588,-0.0784,61.4863,0.0461,-0.0359,0.0269,0.7221,-0.1478,0.7978,buy
2022-03-29,137.5600,5956700,131.0900,139.5800,129.2500,0.0717,0.0957,0.3509,0.1022,-0.0081,64.2990,0.0479,-0.0224,0.0290,0.9473,0.3951,1.1105,sell
2022-03-30,129.9500,5802800,135.1600,136.6870,128.2000,-0.0553,0.0368,0.1309,0.0288,-0.0580,63.4735,0.0414,-0.0189,0.0284,0.7663,-0.0258,1.1002,sell
2022-03-31,125.2700,3915600,131.7700,131.9800,125.1400,-0.0360,-0.0162,0.0450,-0.0124,-0.0864,65.6214,0.0426,-0.0184,0.0245,0.6529,-0.3252,0.7458,hold
2022-04-01,125.5600,4020800,126.5000,128.5300,122.9200,0.0023,0.0146,0.0057,-0.0107,-0.0787,68.9298,0.0406,-0.0170,0.0206,0.6537,0.0269,0.7750,buy
2022-04-04,134.5900,7547500,128.9800,135.9900,128.2200,0.0719,0.0485,0.1168,0.0488,-0.0099,72.2615,0.0440,-0.0094,0.0206,0.8401,0.8771,1.4283,sell
2022-04-05,127.3700,5036500,133.3500,134.1000,125.4300,-0.0536,-0.0741,0.0146,-0.0089,-0.0589,59.1996,0.0471,-0.0090,0.0182,0.6484,-0.3327,0.9708,sell
2022-04-06,119.3300,6371000,124.5000,125.3700,115.0000,-0.0631,-0.0817,-0.0479,-0.0671,-0.1140,49.6115,0.0515,-0.0141,0.0119,0.4503,0.2650,1.2071,sell
2022-04-07,117.1700,4617100,119.4900,121.9800,112.5900,-0.0181,-0.0647,-0.0798,-0.0766,-0.1260,44.3513,0.0511,-0.0192,0.0058,0.3871,-0.2753,0.8829,sell
2022-04-08,114.7400,3774800,116.2300,118.6500,113.5000,-0.0207,-0.0862,-0.0728,-0.0893,-0.1399,45.6334,0.0509,-0.0249,0.0005,0.2973,-0.1824,0.7325,hold
2022-04-11,115.4500,3953700,112.7100,117.4300,109.8200,0.0062,-0.1422,-0.1006,-0.0742,-0.1299,41.8300,0.0488,-0.0282,-0.0023,0.2627,0.0474,0.7734,sell
2022-04-12,113.5800,3709100,117.2300,120.2400,113.5600,-0.0162,-0.1083,-0.1743,-0.0713,-0.1375,40.7285,0.0396,-0.0324,-0.0049,0.1218,-0.0619,0.7509,buy
2022-04-13,116.4800,2881600,113.2750,117.6100,111.6700,0.0255,-0.0239,-0.1037,-0.0370,-0.1087,41.5669,0.0395,-0.0320,-0.0042,0.2246,-0.2231,0.6152,sell
2022-04-14,111.3600,2744900,116.5500,116.5500,111.2000,-0.0440,-0.0496,-0.1110,-0.0686,-0.1419,40.5951,0.0401,-0.0372,-0.0064,0.0776,-0.0474,0.6005,sell
2022-04-18,107.9100,3562500,110.7000,111.1800,105.5700,-0.0310,-0.0595,-0.1406,-0.0839,-0.1637,34.1987,0.0403,-0.0434,-0.0094,0.0358,0.2979,0.7961,buy
2022-04-19,116.7800,6657800,109.5000,118.2900,108.4840,0.0822,0.0115,-0.1323,0.0066,-0.0890,33.8614,0.0428,-0.0373,-0.0047,0.3288,0.8689,1.4415,sell
2022-04-20,109.5700,9896700,108.2000,114.0000,106.3700,-0.0617,-0.0353,-0.1398,-0.0409,-0.1390,34.0731,0.0437,-0.0422,-0.0059,0.1449,0.4865,2.0234,sell
2022-04-21,99.5500,7198400,110.4000,112.1200,98.4210,-0.0914,-0.1453,-0.1658,-0.1132,-0.2108,31.4484,0.0479,-0.0560,-0.0129,-0.0365,-0.2726,1.4256,sell
2022-04-22,97.0900,5627600,100.8900,103.2500,95.2300,-0.0247,-0.1281,-0.1714,-0.1194,-0.2219,30.0881,0.0480,-0.0665,-0.0178,-0.0025,-0.2182,1.0975,buy
2022-04-25,101.4100,5868700,96.3500,101.9000,95.6800,0.0445,-0.0602,-0.1162,-0.0689,-0.1788,25.1572,0.0518,-0.0664,-0.0158,0.1440,0.0428,1.1350,sell
2022-04-26,91.7600,6897600,99.0600,99.5550,91.2600,-0.0952,-0.2142,-0.2052,-0.1388,-0.2482,24.2740,0.0576,-0.0832,-0.0219,0.0160,0.1753,1.3009,sell
2022-04-27,84.7600,8733600,87.9300,91.4800,84.2900,-0.0763,-0.2264,-0.2537,-0.1824,-0.2970,24.6443,0.0601,-0.1040,-0.0301,-0.0421,0.2662,1.6052,buy
2022-04-28,91.6300,13081100,86.1000,92.2900,83.7200,0.0811,-0.0796,-0.2133,-0.0944,-0.2302,32.4780,0.0676,-0.0993,-0.0247,0.1320,0.4978,2.2535,hold
2022-04-29,92.9000,17813700,96.8400,101.2900,92.7100,0.0139,-0.0432,-0.1658,-0.0648,-0.2105,34.7741,0.0680,-0.0980,-0.0196,0.1902,0.3618,2.7407,buy
2022-05-02,103.1300,12622300,92.6700,103.2500,90.3600,0.1101,0.0170,-0.0443,0.0432,-0.1173,42.4175,0.0784,-0.0795,-0.0071,0.3990,-0.2914,1.8214,hold
2022-05-03,103.9500,10537700,102.0000,106.7400,100.4300,0.0080,0.1328,-0.1099,0.0653,-0.1090,43.9955,0.0728,-0.0705,0.0011,0.4371,-0.1652,1.4885,buy
2022-05-04,110.0100,8472300,103.9000,110.5600,98.2200,0.0583,0.2979,0.0040,0.1269,-0.0551,46.1188,0.0731,-0.0552,0.0099,0.5995,-0.1960,1.1684,sell
2022-05-05,102.4500,5764200,108.1800,108.8100,100.5700,-0.0687,0.1181,0.0291,0.0464,-0.1176,44.8071,0.0701,-0.0550,0.0120,0.4327,-0.3196,0.7983,sell
2022-05-06,96.8300,6877100,102.0400,102.1000,93.3200,-0.0549,0.0423,-0.0027,-0.0108,-0.1605,43.7017,0.0722,-0.0585,0.0099,0.3098,0.1931,0.9377,sell
2022-05-09,87.7700,7669700,94.3700,96.9100,86.1750,-0.0936,-0.1489,-0.1345,-0.0906,-0.2321,33.5451,0.0763,-0.0724,0.0025,0.1196,0.1153,1.0188,sell
2022-05-10,83.8700,9081000,90.5450,92.5100,78.0900,-0.0444,-0.1932,-0.0860,-0.1239,-0.2590,34.8538,0.0716,-0.0850,-0.0053,0.0768,0.1840,1.1665,sell
2022-05-11,78.7200,6955100,82.7200,86.3900,78.0000,-0.0614,-0.2844,-0.0713,-0.1725,-0.2973,36.9764,0.0702,-0.1024,-0.0141,0.0265,-0.2341,0.8752,buy
2022-05-12,87.5000,10725200,78.4600,90.9500,75.1200,0.1115,-0.1459,-0.0451,-0.0762,-0.2126,44.4432,0.0748,-0.0915,-0.0096,0.2499,0.5421,1.2861,buy
2022-05-13,97.8400,8909800,89.7700,98.5000,89.7700,0.1182,0.0104,0.0532,0.0277,-0.1148,48.0663,0.0840,-0.0720,0.0010,0.5143,-0.1693,1.0303,sell
2022-05-16,93.2600,5848500,96.8500,101.5500,93.0600,-0.0468,0.0625,-0.0957,-0.0102,-0.1519,50.8597,0.0773,-0.0705,0.0048,0.4152,-0.3436,0.6675,buy
2022-05-17,97.6600,4986100,97.0000,98.0200,91.2600,0.0472,0.1644,-0.0605,0.0435,-0.1095,57.6205,0.0791,-0.0592,0.0102,0.5616,-0.1475,0.5745,sell
2022-05-18,94.8400,5511400,95.9200,100.5800,94.0640,-0.0289,0.2048,-0.1379,0.0300,-0.1323,51.9916,0.0763,-0.0561,0.0123,0.4998,0.1054,0.6515,hold
2022-05-19,96.8700,4788000,94.7500,99.1100,92.2000,0.0214,0.1071,-0.0545,0.0585,-0.1103,52.4401,0.0742,-0.0489,0.0145,0.5701,-0.1313,0.5742,sell
2022-05-20,94.2000,5131700,98.9900,99.4700,89.7100,-0.0276,-0.0372,-0.0272,0.0323,-0.1322,43.9490,0.0725,-0.0471,0.0144,0.4880,0.0718,0.6173,sell
2022-05-23,91.7700,5083300,95.3500,95.3500,87.8700,-0.0258,-0.0160,0.0456,0.0013,-0.1527,41.9231,0.0657,-0.0474,0.0126,0.4230,-0.0094,0.6143,sell
2022-05-24,79.1600,14688300,85.3300,85.5000,75.0300,-0.1374,-0.1894,-0.0562,-0.1318,-0.2662,31.1775,0.0790,-0.0661,0.0028,0.0653,1.8895,1.6953,buy
2022-05-25,84.7900,6002000,79.9800,85.3700,79.9000,0.0711,-0.1060,0.0771,-0.0763,-0.2115,38.9653,0.0792,-0.0639,0.0003,0.2364,-0.5914,0.7038,buy
2022-05-26,88.5400,4914800,83.9400,89.0600,82.7100,0.0442,-0.0860,0.0119,-0.0365,-0.1726,44.6961,0.0722,-0.0587,0.0022,0.3563,-0.1811,0.6053,buy
2022-05-27,96.4700,7533500,92.0950,96.7650,90.9300,0.0896,0.0241,-0.0140,0.0514,-0.0945,55.6479,0.0675,-0.0450,0.0088,0.5899,0.5328,0.9906,hold
2022-05-31,94.9000,4933700,95.3600,97.6500,92.5500,-0.0163,0.0341,0.0176,0.0324,-0.1042,57.3839,0.0658,-0.0394,0.0122,0.5571,-0.3451,0.6833,sell
2022-06-01,90.7700,4740900,95.0300,97.6800,89.7200,-0.0435,0.1467,-0.0706,-0.0051,-0.1384,58.1784,0.0654,-0.0392,0.0118,0.4460,-0.0391,0.6840,buy
2022-06-02,95.8500,5315800,90.6100,98.2400,89.8200,0.0560,0.1304,0.0106,0.0495,-0.0850,55.9668,0.0675,-0.0310,0.0138,0.6609,0.1213,0.7849,sell
2022-06-03,87.2800,6503800,92.5500,93.7200,86.7800,-0.0894,-0.0142,-0.0990,-0.0342,-0.1607,42.2581,0.0730,-0.0362,0.0104,0.3471,0.2235,0.9550,buy
2022-06-06,89.5300,5241700,88.3700,90.7200,86.9120,0.0258,-0.0719,-0.0496,-0.0042,-0.1328,47.1687,0.0734,-0.0345,0.0087,0.4550,-0.1941,0.7791,buy
2022-06-07,93.4200,4416600,87.9100,93.5900,85.9100,0.0434,-0.0156,0.0180,0.0372,-0.0897,46.7564,0.0742,-0.0288,0.0101,0.6097,-0.1574,0.6727,buy
2022-06-08,101.8800,27746000,97.8900,105.8500,96.3600,0.0906,0.1224,0.2870,0.1033,-0.0022,54.9577,0.0594,-0.0164,0.0154,0.9163,5.2822,3.7001,sell
2022-06-09,92.3700,9817200,100.3400,100.7400,92.2800,-0.0933,-0.0363,0.0894,-0.0079,-0.0872,47.1330,0.0680,-0.0175,0.0141,0.4964,-0.6462,1.2847,sell
2022-06-10,82.7100,8734300,88.7800,92.1500,82.6200,-0.1046,-0.0524,-0.0658,-0.1060,-0.1750,43.2783,0.0757,-0.0281,0.0058,0.0746,-0.1103,1.1580,sell
2022-06-13,73.2500,7528400,78.7400,80.2690,72.8300,-0.1144,-0.1818,-0.2407,-0.1879,-0.2617,39.9892,0.0751,-0.0492,-0.0088,-0.1479,-0.1381,1.0074,hold
2022-06-14,74.2900,7285000,76.5000,77.8000,72.6300,0.0142,-0.2048,-0.2172,-0.1571,-0.2434,46.9912,0.0761,-0.0604,-0.0164,-0.0070,-0.0323,0.9655,buy
2022-06-15,83.0000,14197200,74.3000,84.8000,74.3000,0.1172,-0.1853,-0.0856,-0.0499,-0.1457,48.9347,0.0871,-0.0534,-0.0112,0.2954,0.9488,1.7734,sell
2022-06-16,78.5800,8109800,79.2200,81.9400,77.2300,-0.0533,-0.1493,-0.1802,-0.0823,-0.1830,44.1190,0.0854,-0.0596,-0.0121,0.1879,-0.4288,0.9968,buy
2022-06-17,82.4200,10714700,80.9300,82.8800,77.5200,0.0489,-0.0035,-0.0557,-0.0320,-0.1364,41.2830,0.0834,-0.0550,-0.0077,0.3285,0.3212,1.2707,buy
2022-06-21,89.0800,8400900,84.3200,90.2100,84.2700,0.0808,0.2161,-0.0050,0.0468,-0.0611,46.6036,0.0872,-0.0429,0.0006,0.5516,-0.2159,0.9774,hold
2022-06-22,91.1900,10761000,86.5020,95.0700,86.5020,0.0237,0.2275,-0.0239,0.0744,-0.0341,50.2510,0.0864,-0.0335,0.0072,0.6218,0.2809,1.2119,buy
2022-06-23,96.0300,8268400,91.9050,97.0000,88.8700,0.0531,0.1570,-0.0574,0.1393,0.0214,50.1079,0.0828,-0.0212,0.0140,0.7539,-0.2316,0.9661,buy
2022-06-24,98.7700,9606800,96.5000,100.5900,95.6500,0.0285,0.2569,0.0693,0.1629,0.0539,57.4043,0.0768,-0.0101,0.0193,0.8091,0.1619,1.0994,sell
2022-06-27,94.7500,7535800,100.0000,101.4150,91.8300,-0.0407,0.1496,0.1456,0.1000,0.0157,53.2888,0.0684,-0.0052,0.0204,0.6697,-0.2156,0.8496,sell
2022-06-28,89.0900,5555100,93.6000,96.4900,88.3500,-0.0597,0.0001,0.2162,0.0156,-0.0404,47.3314,0.0583,-0.0060,0.0169,0.5042,-0.2628,0.6334,sell
2022-06-29,87.1100,5545700,88.7000,89.0900,85.0500,-0.0222,-0.0447,0.1726,-0.0213,-0.0575,40.1072,0.0599,-0.0084,0.0121,0.4526,-0.0017,0.6301,sell
2022-06-30,82.1400,6714100,86.2600,86.5800,80.6300,-0.0571,-0.1446,-0.0104,-0.0762,-0.1046,42.7043,0.0526,-0.0154,0.0050,0.3079,0.2107,0.7544,buy
2022-07-01,83.9100,6160300,82.5400,86.4900,82.1410,0.0215,-0.1505,0.0678,-0.0619,-0.0801,50.9643,0.0494,-0.0182,0.0014,0.3812,-0.0825,0.6889,buy
2022-07-05,92.0600,9151700,82.3000,92.1300,79.6700,0.0971,-0.0284,0.1170,0.0182,0.0109,65.4408,0.0558,-0.0116,0.0050,0.6389,0.4856,1.0085,sell
2022-07-06,88.5300,6310000,91.7030,92.9200,87.1000,-0.0383,-0.0063,-0.0062,-0.0202,-0.0261,61.2303,0.0522,-0.0111,0.0050,0.5260,-0.3105,0.6913,buy
2022-07-07,93.4900,4935500,87.8600,93.5800,87.5200,0.0560,0.0732,0.0252,0.0320,0.0303,58.7930,0.0547,-0.0054,0.0079,0.6870,-0.2178,0.5392,hold
2022-07-08,94.4100,7754600,90.6300,97.7000,90.1500,0.0098,0.1494,-0.0169,0.0441,0.0398,64.0962,0.0521,-0.0005,0.0101,0.7470,0.5712,0.9510,sell
2022-07-11,85.8600,6320500,93.2100,93.3300,85.4300,-0.0906,0.0232,-0.1307,-0.0367,-0.0546,52.8262,0.0580,-0.0044,0.0058,0.4584,-0.1849,0.7921,buy
2022-07-12,87.5600,6187100,87.1900,90.2400,85.0610,0.0198,-0.0489,-0.0759,-0.0097,-0.0350,48.6404,0.0578,-0.0056,0.0035,0.5102,-0.0211,0.7880,hold
2022-07-13,87.0200,5656900,84.8500,89.8700,84.0400,-0.0062,-0.0171,-0.0232,-0.0135,-0.0397,46.1623,0.0547,-0.0071,0.0017,0.4616,-0.0857,0.7291,sell
2022-07-14,82.3400,6370700,86.4000,87.0000,81.6500,-0.0538,-0.1193,-0.0548,-0.0615,-0.0872,37.3639,0.0570,-0.0132,-0.0031,0.2221,0.1262,0.8260,buy
2022-07-15,85.7700,5614300,83.4000,86.7000,81.7600,0.0417,-0.0915,0.0442,-0.0264,-0.0453,38.1517,0.0553,-0.0136,-0.0032,0.3712,-0.1187,0.7708,buy
2022-07-18,88.2200,7723100,88.2300,92.2500,87.3500,0.0286,0.0275,0.0514,-0.0035,-0.0132,43.8731,0.0556,-0.0115,-0.0011,0.4598,0.3756,1.0631,buy
2022-07-19,89.8700,9195100,90.0500,90.3900,83.0700,0.0187,0.0264,-0.0238,0.0177,0.0081,50.7914,0.0461,-0.0085,0.0014,0.5282,0.1906,1.2792,buy
2022-07-20,96.0800,10095700,90.9700,97.9000,90.3100,0.0691,0.1041,0.0853,0.0788,0.0779,58.3816,0.0490,-0.0006,0.0069,0.8346,0.0979,1.3881,buy
2022-07-21,97.5300,6454000,95.0100,97.9300,94.5000,0.0151,0.1845,0.0432,0.0901,0.0918,65.3931,0.0462,0.0063,0.0110,0.8704,-0.3607,0.9145,sell
2022-07-22,88.8400,11309600,94.9600,96.3800,85.9300,-0.0891,0.0358,-0.0590,-0.0008,-0.0066,54.3314,0.0549,0.0049,0.0080,0.4575,0.7523,1.5686,sell
2022-07-25,86.7100,5209400,88.3200,89.8200,85.9000,-0.0240,-0.0171,0.0099,-0.0257,-0.0321,44.7436,0.0468,0.0015,0.0037,0.3664,-0.5394,0.7453,sell
2022-07-26,79.8700,10666400,82.0000,82.0100,77.8200,-0.0789,-0.1113,-0.0878,-0.0947,-0.1070,42.0111,0.0527,-0.0083,-0.0047,0.0451,1.0475,1.4925,buy
2022-07-27,86.9200,7977000,82.9500,88.0350,81.7200,0.0883,-0.0953,-0.0011,-0.0147,-0.0258,44.1642,0.0608,-0.0082,-0.0039,0.4306,-0.2521,1.0976,sell
2022-07-28,85.1700,14719800,85.6600,88.4900,83.8100,-0.0201,-0.1267,0.0344,-0.0376,-0.0437,41.9118,0.0583,-0.0104,-0.0048,0.3432,0.8453,1.9052,sell
2022-07-29,65.5200,46099700,66.1000,66.4600,62.0000,-0.2307,-0.2625,-0.2361,-0.2423,-0.2589,35.0923,0.0927,-0.0394,-0.0257,-0.2996,2.1318,4.7547,buy
2022-08-01,71.6900,26508600,64.8200,72.8400,64.0000,0.0942,-0.1732,-0.1874,-0.1548,-0.1849,39.0838,0.0988,-0.0472,-0.0277,0.0086,-0.4250,2.4744,buy
2022-08-02,75.7100,22348900,70.2050,78.2900,70.1000,0.0561,-0.0521,-0.1576,-0.0922,-0.1350,42.5758,0.1010,-0.0482,-0.0239,0.1784,-0.1569,1.9651,buy
2022-08-03,79.0000,15706800,75.3900,80.5400,73.8400,0.0435,-0.0911,-0.1778,-0.0330,-0.0943,47.7668,0.0990,-0.0451,-0.0174,0.3008,-0.2972,1.3263,hold
2022-08-04,81.2800,13257100,78.8700,85.0600,78.7000,0.0289,-0.0457,-0.1666,0.0151,-0.0659,46.9510,0.0995,-0.0402,-0.0106,0.3884,-0.1560,1.0814,hold
2022-08-05,82.2600,10196900,79.6300,83.5900,78.3200,0.0121,0.2555,-0.0741,0.0359,-0.0553,45.8703,0.0960,-0.0355,-0.0050,0.4366,-0.2308,0.8236,hold
2022-08-08,83.6000,12852200,80.0000,86.4900,79.1100,0.0163,0.1661,-0.0359,0.0569,-0.0397,45.6367,0.0959,-0.0300,-0.0000,0.4850,0.2604,1.0114,sell
2022-08-09,78.1000,9903800,81.6400,82.7550,76.5800,-0.0658,0.0316,-0.0222,-0.0105,-0.1007,37.3629,0.0948,-0.0332,-0.0009,0.3187,-0.2294,0.7681,buy
2022-08-10,81.0800,12093400,80.2000,81.6450,76.9300,0.0382,0.0263,-0.0672,0.0350,-0.0631,38.6817,0.0910,-0.0296,0.0013,0.4270,0.2211,0.9151,hold
2022-08-11,80.6500,15853300,82.2100,89.5400,80.5600,-0.0053,-0.0078,-0.0531,0.0354,-0.0649,43.6423,0.0908,-0.0279,0.0025,0.4157,0.3109,1.1581,buy
2022-08-12,83.8100,11120300,82.6760,84.5830,79.9100,0.0392,0.0188,0.2792,0.0513,-0.0267,47.7842,0.0420,-0.0221,0.0057,0.5238,-0.2985,0.7963,hold
2022-08-15,84.3800,9070800,83.4400,85.5800,82.5100,0.0068,0.0093,0.1770,0.0419,-0.0175,53.8110,0.0346,-0.0175,0.0081,0.5497,-0.1843,0.6464,hold
2022-08-16,84.1200,9902200,83.5500,86.3500,80.4320,-0.0031,0.0771,0.1111,0.0280,-0.0198,47.3272,0.0322,-0.0141,0.0092,0.5518,0.0917,0.7039,sell
2022-08-17,78.4200,10912100,82.3700,82.9120,78.1300,-0.0678,-0.0328,-0.0073,-0.0410,-0.0838,44.0085,0.0384,-0.0179,0.0057,0.3740,0.1020,0.7735,hold
2022-08-18,77.9100,8965300,78.3700,79.0500,76.6600,-0.0065,-0.0340,-0.0415,-0.0433,-0.0865,66.6577,0.0370,-0.0205,0.0027,0.3699,-0.1784,0.6299,sell
2022-08-19,74.1500,8318000,76.3700,77.1450,73.5200,-0.0483,-0.1153,-0.0986,-0.0803,-0.1249,53.5365,0.0390,-0.0273,-0.0024,0.2234,-0.0722,0.5906,sell
2022-08-22,70.9900,6817400,72.4000,73.2500,70.3900,-0.0426,-0.1587,-0.1508,-0.1055,-0.1579,43.0425,0.0391,-0.0366,-0.0084,0.1201,-0.1804,0.4813,sell
2022-08-23,68.8500,8370300,71.1500,72.1400,68.1800,-0.0301,-0.1815,-0.1184,-0.1222,-0.1806,34.5133,0.0355,-0.0462,-0.0138,0.0830,0.2278,0.5958,hold
2022-08-24,69.0100,6765200,69.0200,70.9190,68.7100,0.0023,-0.1200,-0.1489,-0.1064,-0.1779,29.9837,0.0314,-0.0520,-0.0157,0.1305,-0.1918,0.4836,buy
2022-08-25,73.4300,7353200,69.9000,73.4700,69.2000,0.0640,-0.0575,-0.0895,-0.0402,-0.1251,37.0490,0.0403,-0.0479,-0.0110,0.3360,0.0869,0.5399,sell
2022-08-26,68.3200,8022400,73.2900,74.3100,68.2100,-0.0696,-0.0786,-0.1848,-0.0886,-0.1831,29.8204,0.0407,-0.0561,-0.0131,0.0881,0.0910,0.6847,sell
2022-08-29,67.0100,5510300,67.4250,69.9300,66.7500,-0.0192,-0.0561,-0.2059,-0.0848,-0.1965,33.5313,0.0396,-0.0617,-0.0144,0.0662,-0.3131,0.5166,hold
2022-08-30,67.0100,6501400,68.5700,69.7500,66.3600,0.0000,-0.0267,-0.2034,-0.0629,-0.1935,27.0772,0.0398,-0.0645,-0.0138,0.1128,0.1799,0.6584,buy
2022-08-31,68.0000,9306100,68.8000,72.6700,67.6000,0.0148,-0.0146,-0.1329,-0.0350,-0.1775,29.7600,0.0377,-0.0639,-0.0111,0.1877,0.4314,0.9740,hold
2022-09-01,68.3000,8760500,67.0300,68.3600,64.2700,0.0044,-0.0699,-0.1233,-0.0174,-0.1692,22.6841,0.0381,-0.0628,-0.0082,0.2286,-0.0586,0.9390,sell
2022-09-02,65.9900,8114000,69.0000,69.0600,65.1000,-0.0338,-0.0341,-0.1100,-0.0393,-0.1914,19.4822,0.0368,-0.0664,-0.0079,0.1778,-0.0738,0.8795,sell
2022-09-06,63.7300,8643700,65.9000,65.9450,62.1500,-0.0342,-0.0489,-0.1023,-0.0623,-0.2123,18.2695,0.0361,-0.0719,-0.0091,0.1349,0.0653,0.9588,buy
2022-09-07,65.5400,7654500,63.5300,65.6600,62.5800,0.0284,-0.0219,-0.0481,-0.0310,-0.1841,27.1955,0.0373,-0.0693,-0.0066,0.2304,-0.1144,0.8598,buy
2022-09-08,69.2700,8519500,65.0100,69.3300,63.8600,0.0569,0.0187,0.0038,0.0238,-0.1334,36.2683,0.0420,-0.0601,-0.0006,0.3820,0.1130,0.9766,buy
2022-09-09,71.5500,6968200,70.1500,71.9900,70.1000,0.0329,0.0476,-0.0256,0.0604,-0.1014,45.6638,0.0378,-0.0509,0.0054,0.4830,-0.1821,0.8416,hold
2022-09-12,72.0100,6435900,72.0000,73.4800,71.0110,0.0064,0.0912,0.0540,0.0615,-0.0933,51.8695,0.0294,-0.0437,0.0098,0.5262,-0.0764,0.7999,sell
2022-09-13,68.0500,7721600,68.8000,69.0900,66.8800,-0.0550,0.0678,0.0155,0.0015,-0.1397,48.6254,0.0345,-0.0447,0.0095,0.3729,0.1998,0.9679,hold
2022-09-14,68.3500,7294900,68.0100,68.9700,66.1000,0.0044,0.0429,0.0200,0.0040,-0.1307,48.8714,0.0345,-0.0425,0.0092,0.4061,-0.0553,0.9296,buy
2022-09-15,73.8100,18253100,67.5800,74.9800,67.3500,0.0799,0.0655,0.0854,0.0750,-0.0577,50.6275,0.0423,-0.0315,0.0131,0.8106,1.5022,2.2220,sell
2022-09-16,71.3500,10274000,72.0600,73.4800,70.7000,-0.0333,-0.0028,0.0447,0.0346,-0.0839,55.4832,0.0444,-0.0286,0.0140,0.6861,-0.4371,1.2408,buy
2022-09-19,73.0200,7100900,71.4400,73.2500,70.1600,0.0234,0.0140,0.1065,0.0481,-0.0573,60.7360,0.0425,-0.0228,0.0151,0.8495,-0.3088,0.8639,sell
2022-09-20,68.4000,8448600,71.6800,73.7800,68.2900,-0.0633,0.0051,0.0733,-0.0247,-0.1130,52.1312,0.0467,-0.0251,0.0123,0.4402,0.1898,1.0178,sell
2022-09-21,65.6250,8653500,68.5800,69.7900,65.5300,-0.0406,-0.0399,0.0013,-0.0644,-0.1441,46.5475,0.0484,-0.0298,0.0073,0.2111,0.0243,1.0407,sell
2022-09-22,60.8900,8705200,65.4400,66.2500,60.7400,-0.0722,-0.1750,-0.1210,-0.1214,-0.2004,40.4584,0.0491,-0.0411,-0.0009,-0.0679,0.0060,1.0348,sell
2022-09-23,59.8800,10192500,60.1900,62.6200,58.6000,-0.0166,-0.1608,-0.1631,-0.1212,-0.2090,41.8598,0.0465,-0.0498,-0.0071,-0.0434,0.1709,1.1915,sell
2022-09-26,58.1800,7166100,59.8800,62.1700,58.1700,-0.0284,-0.2032,-0.1921,-0.1285,-0.2258,42.4939,0.0459,-0.0595,-0.0124,-0.0390,-0.2969,0.8420,hold
2022-09-27,58.8900,8125200,59.9500,60.8500,57.7500,0.0122,-0.1390,-0.1346,-0.1056,-0.2102,40.7304,0.0451,-0.0635,-0.0136,0.0678,0.1338,0.9402,buy
2022-09-28,61.1100,7723900,59.4700,61.5300,59.0200,0.0377,-0.0688,-0.1059,-0.0615,-0.1740,38.1257,0.0478,-0.0612,-0.0105,0.2146,-0.0494,0.8875,sell
2022-09-29,56.7800,10520500,59.5400,60.0000,55.1700,-0.0709,-0.0675,-0.2307,-0.1046,-0.2243,29.7171,0.0392,-0.0711,-0.0133,0.0606,0.3621,1.2004,hold
2022-09-30,56.4000,7878400,56.5700,59.1600,55.9500,-0.0067,-0.0581,-0.2095,-0.0891,-0.2208,28.5164,0.0395,-0.0755,-0.0138,0.1003,-0.2511,0.9035,buy
2022-10-03,59.5600,9122900,57.0700,59.8800,55.6830,0.0560,0.0237,-0.1843,-0.0167,-0.1704,38.0523,0.0447,-0.0694,-0.0087,0.2605,0.1580,1.0402,buy
2022-10-04,62.4000,7398700,61.0500,63.3000,61.0000,0.0477,0.0596,-0.0877,0.0405,-0.1249,42.1855,0.0463,-0.0602,-0.0019,0.3862,-0.1890,0.8497,sell
2022-10-05,59.7000,8719900,60.6300,60.9250,57.6500,-0.0433,-0.0231,-0.0903,0.0054,-0.1580,30.0198,0.0465,-0.0609,0.0000,0.2872,0.1786,0.9953,hold
2022-10-06,59.3900,7885900,60.3000,62.4300,58.6500,-0.0052,0.0460,-0.0246,0.0027,-0.1558,31.9662,0.0408,-0.0594,0.0015,0.2955,-0.0956,0.9034,sell
2022-10-07,55.0800,8564000,57.8000,57.9670,54.8000,-0.0726,-0.0234,-0.0802,-0.0625,-0.2103,24.9441,0.0465,-0.0680,-0.0018,0.1539,0.0860,0.9722,sell
2022-10-10,53.6100,6114900,54.9200,55.4200,53.0450,-0.0267,-0.0999,-0.0785,-0.0803,-0.2288,27.3507,0.0464,-0.0744,-0.0052,0.1328,-0.2860,0.6954,sell
2022-10-11,51.7000,7799100,53.0700,53.3500,50.7620,-0.0356,-0.1715,-0.1221,-0.1020,-0.2520,28.0950,0.0467,-0.0829,-0.0089,0.1078,0.2754,0.8866,buy
2022-10-12,53.0600,11037700,51.8800,53.1400,49.6950,0.0263,-0.1112,-0.1317,-0.0653,-0.2272,36.2196,0.0455,-0.0822,-0.0081,0.1948,0.4153,1.2286,sell
2022-10-13,51.9400,11481500,50.3200,52.8500,48.5350,-0.0211,-0.1254,-0.0852,-0.0772,-0.2375,36.0799,0.0409,-0.0859,-0.0081,0.1704,0.0402,1.3280,sell
2022-10-14,49.2800,8361300,53.0500,53.9200,49.0800,-0.0512,-0.1053,-0.1262,-0.1132,-0.2697,34.9050,0.0431,-0.0954,-0.0107,0.0918,-0.2718,0.9779,buy
2022-10-17,52.5600,9558900,51.4800,53.6000,50.6900,0.0666,-0.0196,-0.1175,-0.0421,-0.2142,40.1248,0.0451,-0.0870,-0.0061,0.2354,0.1432,1.1022,hold
2022-10-18,53.2300,9162300,54.7400,55.2400,52.0300,0.0127,0.0296,-0.1470,-0.0134,-0.1969,37.0820,0.0412,-0.0820,-0.0017,0.2815,-0.0415,1.0521,sell
2022-10-19,51.1000,10475100,53.8000,54.2660,50.8800,-0.0400,-0.0369,-0.1441,-0.0376,-0.2227,39.9647,0.0409,-0.0847,-0.0008,0.1743,0.1433,1.1904,buy
2022-10-20,51.8800,7518300,50.8500,53.5700,50.7200,0.0153,-0.0012,-0.1265,-0.0089,-0.2037,42.1254,0.0420,-0.0806,0.0016,0.2495,-0.2823,0.8602,sell
2022-10-21,50.1500,10201700,50.4600,50.6600,48.4500,-0.0333,0.0177,-0.0895,-0.0328,-0.2230,32.7466,0.0373,-0.0830,0.0017,0.1755,0.3569,1.1671,hold
2022-10-24,50.6200,9483200,49.6100,51.2900,47.2700,0.0094,-0.0369,-0.0558,-0.0181,-0.2076,26.3454,0.0371,-0.0802,0.0029,0.2337,-0.0704,1.0707,buy
2022-10-25,55.3400,7748700,51.0000,55.4500,50.8800,0.0932,0.0396,0.0704,0.0660,-0.1257,41.9019,0.0465,-0.0642,0.0094,0.5379,-0.1829,0.8768,sell
2022-10-26,52.6000,8036400,53.9500,56.3200,52.5600,-0.0495,0.0294,-0.0087,0.0141,-0.1607,38.4327,0.0493,-0.0635,0.0112,0.3825,0.0371,0.9077,hold
2022-10-27,52.2700,4992500,52.9100,53.5790,51.4200,-0.0063,0.0075,0.0064,0.0071,-0.1589,44.4620,0.0488,-0.0604,0.0118,0.3746,-0.3788,0.5821,buy
2022-10-28,54.5500,6374500,51.7500,54.6750,51.3200,0.0436,0.0877,0.1069,0.0404,-0.1156,51.7953,0.0465,-0.0513,0.0143,0.5382,0.2768,0.7498,buy
2022-10-31,55.5400,7712700,56.0100,57.2500,53.8400,0.0181,0.0972,0.0567,0.0533,-0.0941,57.6009,0.0424,-0.0433,0.0169,0.6288,0.2099,0.9148,buy
2022-11-01,56.7900,6446200,57.7100,59.1200,56.1100,0.0225,0.0262,0.0669,0.0698,-0.0694,57.4155,0.0427,-0.0347,0.0193,0.7910,-0.1642,0.7689,sell
2022-11-02,54.3200,15329500,56.2800,58.2900,54.1400,-0.0435,0.0327,0.0630,0.0171,-0.1056,54.4906,0.0432,-0.0332,0.0186,0.6106,1.3781,1.7591,sell
2022-11-03,51.8400,55794400,44.7450,53.8100,44.5000,-0.0457,-0.0082,-0.0008,-0.0292,-0.1416,54.8632,0.0461,-0.0357,0.0149,0.3677,2.6397,5.0222,sell
2022-11-04,49.5900,17195000,53.4000,53.6000,47.4400,-0.0434,-0.0909,-0.0112,-0.0704,-0.1723,44.1281,0.0470,-0.0413,0.0093,0.1259,-0.6918,1.4899,buy
2022-11-07,50.3700,7057900,50.3200,50.9000,48.2700,0.0157,-0.0931,-0.0049,-0.0553,-0.1542,44.3701,0.0472,-0.0420,0.0063,0.2486,-0.5895,0.6091,buy
2022-11-08,51.1400,8123300,50.5100,52.8900,49.3400,0.0153,-0.0995,-0.0759,-0.0333,-0.1367,50.0832,0.0350,-0.0407,0.0054,0.3467,0.1510,0.7000,sell
2022-11-09,48.1100,6692600,50.3400,50.5000,47.3100,-0.0592,-0.1143,-0.0854,-0.0828,-0.1826,42.8300,0.0364,-0.0473,0.0014,0.0545,-0.1761,0.5877,buy
2022-11-10,55.5100,9929300,52.0400,55.5700,50.8600,0.1538,0.0708,0.0620,0.0518,-0.0528,58.3855,0.0629,-0.0326,0.0077,0.8314,0.4836,0.8779,buy
2022-11-11,61.3000,12304500,53.2900,61.9400,52.9100,0.1043,0.2361,0.1237,0.1468,0.0485,64.3240,0.0694,-0.0157,0.0166,1.1938,0.2392,1.0693,sell
2022-11-14,58.5300,7430100,60.4100,61.3500,58.4000,-0.0452,0.1620,0.0538,0.0889,0.0036,54.5146,0.0718,-0.0087,0.0201,0.9060,-0.3961,0.6517,hold
2022-11-15,59.0700,6846300,61.2700,61.9900,58.0800,0.0092,0.1551,0.0401,0.0943,0.0145,59.7646,0.0716,-0.0018,0.0214,0.8946,-0.0786,0.6067,sell
2022-11-16,56.8800,5636800,58.0800,58.2800,55.4700,-0.0371,0.1823,0.0471,0.0488,-0.0202,56.5876,0.0711,0.0007,0.0198,0.7163,-0.1767,0.5105,hold
2022-11-17,56.4100,5043200,55.0200,57.0800,54.3700,-0.0083,0.0162,0.0882,0.0314,-0.0240,52.8029,0.0690,0.0020,0.0170,0.6664,-0.1053,0.4619,hold
2022-11-18,55.6500,3961500,57.7600,57.7930,54.9200,-0.0135,-0.0922,0.1222,0.0064,-0.0318,50.1669,0.0670,0.0020,0.0138,0.5964,-0.2145,0.3735,sell
2022-11-21,53.6600,4533300,55.0800,55.2850,52.6900,-0.0358,-0.0832,0.0653,-0.0353,-0.0604,45.3547,0.0688,-0.0010,0.0090,0.4391,0.1443,0.4376,hold
2022-11-22,54.3600,3575200,53.2700,54.4700,52.4260,0.0130,-0.0797,0.0630,-0.0284,-0.0436,50.0627,0.0688,-0.0023,0.0061,0.4952,-0.2113,0.3522,buy
2022-11-23,56.5100,4273500,54.8500,57.0400,54.3100,0.0396,-0.0065,0.1746,-0.0049,-0.0016,57.3916,0.0650,-0.0001,0.0063,0.6417,0.1953,0.4290,hold
2022-11-25,56.0800,1701700,56.1100,56.4200,55.1700,-0.0076,-0.0058,0.0103,-0.0135,-0.0029,60.9002,0.0443,0.0009,0.0059,0.5961,-0.6018,0.1737,sell
2022-11-28,53.9100,4283800,55.4000,56.3500,53.3100,-0.0387,-0.0313,-0.1206,-0.0391,-0.0355,55.6804,0.0274,-0.0014,0.0030,0.4343,1.5174,0.4419,hold
2022-11-29,54.1800,14283000,51.4050,55.4500,51.1260,0.0050,0.0097,-0.0743,-0.0268,-0.0241,54.9576,0.0253,-0.0029,0.0012,0.4599,2.3342,1.4252,buy
2022-11-30,59.3700,10260800,54.5600,59.4700,53.6700,0.0958,0.0922,0.0051,0.0659,0.0729,67.1542,0.0413,0.0033,0.0057,0.8295,-0.2816,1.0047,hold
2022-12-01,59.7800,5750800,59.1600,60.5000,57.8200,0.0069,0.0579,0.0510,0.0677,0.0826,58.2656,0.0391,0.0085,0.0086,0.8235,-0.4395,0.5908,buy
2022-12-02,60.7300,5065200,58.2100,60.9900,57.9000,0.0159,0.0829,0.0766,0.0763,0.0998,48.6422,0.0389,0.0135,0.0109,0.8469,-0.1192,0.7038,sell
2022-12-05,56.4200,5710400,60.5200,61.3350,55.7700,-0.0710,0.0466,0.0138,-0.0014,0.0231,45.3174,0.0460,0.0126,0.0078,0.5377,0.1274,0.8622,sell
2022-12-06,51.2000,6695600,56.3700,56.3700,51.0200,-0.0925,-0.0550,-0.0458,-0.0898,-0.0692,35.5384,0.0540,0.0039,-0.0011,0.1505,0.1725,1.0137,hold
2022-12-07,51.2200,6130400,50.7700,52.1800,49.6500,0.0004,-0.1373,-0.0578,-0.0844,-0.0663,38.6981,0.0538,-0.0039,-0.0071,0.1510,-0.0844,0.9424,hold
2022-12-08,50.9100,6330800,51.8700,53.3900,50.4050,-0.0061,-0.1484,-0.0991,-0.0807,-0.0685,38.9469,0.0515,-0.0106,-0.0110,0.0811,0.0327,0.9759,buy
2022-12-09,51.7400,6226100,50.9600,53.7400,50.3000,0.0163,-0.1480,-0.0774,-0.0583,-0.0515,42.1643,0.0521,-0.0141,-0.0116,0.1790,-0.0165,0.9879,hold
2022-12-12,51.5400,6376800,51.4300,51.8500,49.5600,-0.0039,-0.0865,-0.0440,-0.0579,-0.0535,45.4231,0.0509,-0.0172,-0.0118,0.1893,0.0242,1.0618,buy
2022-12-13,52.5300,10181100,54.7700,58.6800,52.1700,0.0192,0.0260,-0.0305,-0.0369,-0.0328,46.0981,0.0513,-0.0175,-0.0097,0.2911,0.5966,1.6573,sell
2022-12-14,50.5000,6093800,51.8000,52.6600,50.2500,-0.0386,-0.0141,-0.1494,-0.0588,-0.0661,37.1196,0.0391,-0.0217,-0.0109,0.1630,-0.4015,0.9981,sell
2022-12-15,46.5800,7390200,48.9600,49.6300,46.3600,-0.0776,-0.0851,-0.2208,-0.1100,-0.1344,32.2893,0.0427,-0.0330,-0.0170,-0.0357,0.2127,1.1932,sell
2022-12-16,45.8500,6484200,46.3800,47.0900,44.9700,-0.0157,-0.1138,-0.2450,-0.0983,-0.1437,34.1214,0.0405,-0.0419,-0.0206,0.0073,-0.1226,1.0349,sell
2022-12-19,44.5000,6382200,45.5500,46.0300,43.4700,-0.0294,-0.1366,-0.2113,-0.1039,-0.1656,31.7082,0.0375,-0.0519,-0.0239,0.0138,-0.0157,0.9993,sell
2022-12-20,43.0000,7314500,43.7700,44.9000,42.3500,-0.0337,-0.1814,-0.1602,-0.1195,-0.1905,14.0536,0.0290,-0.0630,-0.0272,0.0178,0.1461,1.1209,hold
2022-12-21,42.9500,5117100,43.4000,44.0390,42.4200,-0.0012,-0.1495,-0.1615,-0.1054,-0.1888,12.4498,0.0289,-0.0697,-0.0271,0.0797,-0.3004,0.7750,sell
2022-12-22,42.3600,5116600,42.4000,42.5000,40.8800,-0.0137,-0.0906,-0.1679,-0.1017,-0.1966,8.3447,0.0287,-0.0762,-0.0264,0.1068,-0.0001,0.7700,sell
2022-12-23,41.3500,4334900,41.9800,42.3900,40.8300,-0.0238,-0.0981,-0.2008,-0.1033,-0.2126,9.8133,0.0261,-0.0836,-0.0261,0.1146,-0.1528,0.6397,sell
2022-12-27,39.2300,6119100,40.9050,40.9700,38.7100,-0.0513,-0.1184,-0.2388,-0.1260,-0.2501,11.7572,0.0268,-0.0960,-0.0283,0.0875,0.4116,0.8909,sell
2022-12-28,38.8000,4864500,39.1700,39.8900,38.2600,-0.0110,-0.0977,-0.2614,-0.1083,-0.2544,11.3325,0.0224,-0.1030,-0.0277,0.1220,-0.2050,0.7604,buy
2022-12-29,40.5600,6089000,39.7200,41.6800,39.4500,0.0454,-0.0556,-0.1968,-0.0461,-0.2168,20.4455,0.0322,-0.0985,-0.0211,0.2129,0.2517,0.9839,hold
2022-12-30,40.7000,5135000,39.5800,40.7400,39.0500,0.0035,-0.0392,-0.1262,-0.0293,-0.2109,17.1819,0.0261,-0.0967,-0.0157,0.2380,-0.1567,0.8339,hold
2023-01-03,40.5600,6203000,41.6800,42.3700,39.0000,-0.0034,-0.0191,-0.1154,-0.0203,-0.2102,17.2434,0.0262,-0.0951,-0.0110,0.2423,0.2080,0.9981,buy
2023-01-04,42.3500,8410300,41.4300,43.2800,39.8420,0.0441,0.0795,-0.0483,0.0283,-0.1728,21.0137,0.0307,-0.0851,-0.0037,0.3426,0.3558,1.3245,buy
2023-01-05,42.7600,9568500,43.5900,44.1600,40.9300,0.0097,0.1021,-0.0056,0.0388,-0.1622,25.7214,0.0291,-0.0780,0.0021,0.3813,0.1377,1.4736,buy
2023-01-06,43.6000,7298600,42.4900,44.4600,41.3000,0.0196,0.0750,0.0151,0.0576,-0.1418,38.4137,0.0298,-0.0693,0.0074,0.4433,-0.2372,1.1140,buy
2023-01-09,45.1900,6636200,44.6200,46.4900,44.1500,0.0365,0.1103,0.0668,0.0887,-0.1079,47.5948,0.0310,-0.0578,0.0130,0.5505,-0.0908,1.0105,buy
2023-01-10,47.1200,4810200,44.9300,47.3200,44.8000,0.0427,0.1617,0.1395,0.1196,-0.0679,59.1608,0.0309,-0.0447,0.0185,0.6919,-0.2752,0.7405,buy
2023-01-11,48.9700,5238400,47.5200,49.0000,46.9450,0.0393,0.1563,0.2483,0.1372,-0.0292,70.3754,0.0216,-0.0315,0.0235,0.8366,0.0890,0.8135,hold
2023-01-12,49.1500,8252700,48.1000,49.4050,46.3100,0.0037,0.1494,0.2668,0.1146,-0.0231,70.9743,0.0195,-0.0217,0.0265,0.8975,0.5754,1.3011,buy
2023-01-13,50.8200,6694900,48.5300,50.8400,48.1300,0.0340,0.1656,0.2530,0.1263,0.0124,76.6709,0.0184,-0.0108,0.0286,1.0153,-0.1888,1.0505,hold
2023-01-17,51.0300,4814400,50.1100,51.2200,49.1100,0.0041,0.1292,0.2538,0.1056,0.0180,82.1381,0.0183,-0.0023,0.0295,0.9699,-0.2809,0.7710,sell
2023-01-18,50.2400,4502000,51.9300,52.3600,49.8600,-0.0155,0.0662,0.2387,0.0661,0.0028,90.0947,0.0205,0.0031,0.0284,0.8782,-0.0649,0.7326,hold
2023-01-19,49.9400,4063200,49.1000,50.3850,48.7700,-0.0060,0.0198,0.1792,0.0430,-0.0033,90.9559,0.0206,0.0069,0.0259,0.8256,-0.0975,0.6739,buy
2023-01-20,52.3900,6857500,50.9400,52.5900,50.7500,0.0491,0.0659,0.2252,0.0726,0.0448,91.3926,0.0227,0.0131,0.0249,0.9116,0.6877,1.1417,buy
2023-01-23,54.6400,6557500,52.7300,55.3900,52.0400,0.0429,0.0752,0.2532,0.0939,0.0881,92.5000,0.0238,0.0205,0.0255,0.9578,-0.0437,1.0788,sell
2023-01-24,52.6100,4855200,53.9100,54.7900,52.4800,-0.0372,0.0310,0.1642,0.0379,0.0458,82.9415,0.0298,0.0245,0.0238,0.8179,-0.2596,0.8005,hold
2023-01-25,52.1500,12213400,50.3600,53.3000,49.4600,-0.0087,0.0380,0.1067,0.0187,0.0381,78.8915,0.0290,0.0263,0.0204,0.7669,1.5155,1.8909,hold
2023-01-26,52.5800,8305200,55.2800,55.6200,51.4500,0.0082,0.0529,0.0737,0.0199,0.0503,78.9164,0.0272,0.0276,0.0174,0.7629,-0.3200,1.2644,buy
2023-01-27,56.0400,8294000,52.2450,56.7700,51.9500,0.0658,0.0697,0.1402,0.0727,0.1205,81.7347,0.0328,0.0317,0.0177,0.8971,-0.0013,1.2306,sell
2023-01-30,54.0000,6754500,54.8100,55.9710,53.7200,-0.0364,-0.0117,0.0626,0.0274,0.0819,71.9701,0.0354,0.0342,0.0157,0.7700,-0.1856,0.9972,buy
2023-01-31,57.5000,11255000,54.6500,58.3600,54.4000,0.0648,0.0929,0.1268,0.0806,0.1517,74.0056,0.0398,0.0376,0.0162,0.9118,0.6663,1.5899,buy
2023-02-01,60.0500,9855900,57.7500,60.6800,56.3400,0.0443,0.1515,0.1953,0.1081,0.2011,74.8208,0.0396,0.0430,0.0181,0.9917,-0.1243,1.3572,buy
2023-02-02,65.4700,10858100,62.6600,66.8600,62.6600,0.0903,0.2452,0.3110,0.1745,0.3043,79.6081,0.0444,0.0507,0.0222,1.1306,0.1017,1.4704,sell
2023-02-03,62.8400,5947700,62.4120,66.2200,62.2700,-0.0402,0.1213,0.1995,0.1066,0.2474,71.0729,0.0485,0.0581,0.0227,0.9549,-0.4522,0.8257,hold
2023-02-06,62.2100,4063500,61.3700,63.3200,60.8200,-0.0100,0.1520,0.1385,0.0811,0.2310,69.3158,0.0486,0.0613,0.0205,0.8888,-0.3168,0.5771,hold
2023-02-07,62.5000,4809600,61.9500,63.4200,59.9300,0.0047,0.0870,0.1880,0.0678,0.2339,71.5541,0.0453,0.0628,0.0177,0.8662,0.1836,0.6920,sell
2023-02-08,59.1000,5195400,61.2500,62.1600,58.7100,-0.0544,-0.0158,0.1333,-0.0022,0.1653,64.5212,0.0504,0.0625,0.0119,0.6880,0.0802,0.7455,sell
2023-02-09,54.9900,6597300,60.5900,61.0770,54.8900,-0.0695,-0.1601,0.0458,-0.0753,0.0838,53.9157,0.0569,0.0572,0.0022,0.4737,0.2698,0.9375,hold
2023-02-10,54.9000,6922600,54.3000,57.6000,54.0200,-0.0016,-0.1264,-0.0203,-0.0751,0.0818,50.4188,0.0529,0.0486,-0.0052,0.4524,0.0493,0.9931,hold
2023-02-13,55.3600,4020500,54.8800,56.3000,53.6000,0.0084,-0.1101,0.0252,-0.0695,0.0926,54.6658,0.0514,0.0416,-0.0094,0.4636,-0.4192,0.5880,buy
2023-02-14,56.6400,5202100,54.4000,56.9600,53.6300,0.0231,-0.0938,-0.0150,-0.0466,0.1192,57.4117,0.0474,0.0370,-0.0103,0.5187,0.2939,0.7587,buy
2023-02-15,63.4900,17825600,58.5600,63.7510,58.5500,0.1209,0.0743,0.0573,0.0626,0.2532,64.8597,0.0600,0.0386,-0.0028,0.8647,2.4266,2.3696,buy
2023-02-16,70.5700,43471700,69.1200,76.6200,68.1100,0.1115,0.2833,0.0779,0.1711,0.3852,68.0139,0.0635,0.0463,0.0072,1.1164,1.4387,4.5793,hold
2023-02-17,71.5600,19891100,73.0100,73.4800,68.4200,0.0140,0.3035,0.1388,0.1706,0.3935,72.3523,0.0611,0.0552,0.0133,1.0480,-0.5424,1.9607,sell
2023-02-21,65.6300,11302200,69.3400,70.9500,64.7600,-0.0829,0.1855,0.0550,0.0676,0.2709,59.7459,0.0683,0.0604,0.0118,0.7621,-0.4318,1.0886,buy
2023-02-22,68.8400,10008200,66.1000,69.5300,65.0700,0.0489,0.2154,0.1014,0.1084,0.3239,60.3729,0.0695,0.0609,0.0116,0.8576,-0.1145,0.9406,sell
2023-02-23,66.7900,8009100,69.6500,69.9000,64.6700,-0.0298,0.0520,0.1301,0.0622,0.2770,51.6923,0.0673,0.0622,0.0091,0.7475,-0.1997,0.7679,sell
2023-02-24,62.6500,8071100,64.2100,65.1700,62.0500,-0.0620,-0.1122,0.1393,-0.0156,0.1928,49.7655,0.0663,0.0598,0.0026,0.5502,0.0077,0.7747,hold
2023-02-27,62.3500,9144300,63.3000,63.4000,60.1100,-0.0048,-0.1287,0.1357,-0.0317,0.1827,50.1742,0.0664,0.0539,-0.0028,0.5226,0.1330,0.8742,buy
2023-02-28,64.6900,9219700,62.5000,65.8700,61.7600,0.0375,-0.0143,0.1685,-0.0097,0.2205,52.5929,0.0667,0.0496,-0.0041,0.6145,0.0082,0.8711,hold
2023-03-01,63.6400,5588200,63.8300,64.8500,62.3500,-0.0162,-0.0755,0.1236,-0.0361,0.1930,55.6921,0.0675,0.0467,-0.0063,0.5477,-0.3939,0.5425,hold
2023-03-02,64.0300,5616700,61.9000,64.1800,61.1400,0.0061,-0.0413,0.0085,-0.0309,0.1922,62.5000,0.0561,0.0434,-0.0074,0.5579,0.0051,0.5568,buy
2023-03-03,65.6200,5544000,64.3400,66.1200,63.5510,0.0248,0.0474,-0.0701,0.0006,0.2123,64.2326,0.0423,0.0415,-0.0065,0.6399,-0.0129,0.5644,sell
2023-03-06,63.6400,7150100,66.3100,67.8900,63.5500,-0.0302,0.0207,-0.1107,-0.0177,0.1668,60.5666,0.0423,0.0392,-0.0082,0.5352,0.2897,0.7235,sell
2023-03-07,62.4000,5395700,63.6600,65.0900,62.3700,-0.0195,-0.0354,-0.0492,-0.0320,0.1359,57.3582,0.0342,0.0350,-0.0107,0.4705,-0.2454,0.5423,buy
2023-03-08,63.2400,6676800,62.2400,63.3900,59.8000,0.0135,-0.0063,-0.0813,-0.0104,0.1426,49.6227,0.0296,0.0314,-0.0110,0.5121,0.2374,0.6648,sell
2023-03-09,60.5200,8541200,64.2500,66.4200,60.2600,-0.0430,-0.0548,-0.0939,-0.0436,0.0859,32.5339,0.0310,0.0262,-0.0144,0.3661,0.2792,0.8366,hold
2023-03-10,59.9900,8647400,60.1400,61.8300,58.1600,-0.0088,-0.0858,-0.0425,-0.0480,0.0684,29.5655,0.0249,0.0203,-0.0166,0.3125,0.0124,0.8385,sell
2023-03-13,59.5400,13179200,57.8100,61.0500,54.5000,-0.0075,-0.0644,-0.0451,-0.0509,0.0526,36.6623,0.0249,0.0147,-0.0179,0.2546,0.5241,1.2404,buy
2023-03-14,61.7100,6349600,61.7750,62.9800,60.7100,0.0364,-0.0111,-0.0461,-0.0116,0.0829,33.6393,0.0247,0.0125,-0.0152,0.3514,-0.5182,0.5911,buy
2023-03-15,62.3400,6474300,60.5700,62.6700,59.3000,0.0102,-0.0142,-0.0204,0.0006,0.0857,39.0771,0.0247,0.0118,-0.0125,0.3600,0.0196,0.5992,buy
2023-03-16,65.1800,6358900,62.6100,65.3800,61.3700,0.0456,0.0770,0.0180,0.0443,0.1255,56.6334,0.0289,0.0141,-0.0073,0.5717,-0.0178,0.6215,sell
2023-03-17,64.2400,7714500,65.2000,65.4800,62.5600,-0.0144,0.0708,-0.0210,0.0315,0.1010,54.7945,0.0282,0.0153,-0.0052,0.5267,0.2132,0.9136,sell
2023-03-20,61.8200,7906800,63.8500,64.0000,60.4880,-0.0377,0.0383,-0.0286,-0.0045,0.0526,42.7489,0.0291,0.0134,-0.0063,0.3240,0.0249,1.0079,buy
2023-03-21,65.9100,6536400,62.4200,66.1700,61.9500,0.0662,0.0681,0.0563,0.0554,0.1138,54.9715,0.0355,0.0155,-0.0024,0.7643,-0.1733,0.8593,sell
2023-03-22,62.9400,6378200,66.1900,66.7900,62.8500,-0.0451,0.0096,-0.0047,0.0083,0.0573,47.8552,0.0388,0.0147,-0.0032,0.4715,-0.0242,0.8590,hold
2023-03-23,63.2000,7411700,63.3600,66.6710,61.6550,0.0041,-0.0304,0.0443,0.0082,0.0559,44.9751,0.0357,0.0136,-0.0034,0.5311,0.1620,1.0022,sell
2023-03-24,60.0000,8080500,62.3330,63.4400,59.6800,-0.0506,-0.0660,0.0002,-0.0429,-0.0012,42.8063,0.0397,0.0090,-0.0071,0.1191,0.0902,1.0926,buy
2023-03-27,62.8200,19271500,62.5600,65.8800,61.5800,0.0470,0.0162,0.0551,-0.0031,0.0410,50.7812,0.0421,0.0082,-0.0058,0.4928,1.3849,2.4388,sell
2023-03-28,60.6000,6931700,62.5500,63.3100,60.4000,-0.0353,-0.0806,-0.0180,-0.0366,0.0009,45.3291,0.0425,0.0051,-0.0075,0.2250,-0.6403,0.8901,buy
2023-03-29,63.9100,8241100,61.8500,64.0500,61.1000,0.0546,0.0154,0.0252,0.0134,0.0511,55.8752,0.0460,0.0064,-0.0044,0.6624,0.1889,1.0405,sell
2023-03-30,61.6200,18822200,65.8800,66.9700,60.2600,-0.0358,-0.0250,-0.0546,-0.0173,0.0097,52.6625,0.0449,0.0048,-0.0051,0.3745,1.2839,2.1936,buy
2023-03-31,65.8200,14688300,61.8800,65.9400,60.7200,0.0682,0.0970,0.0246,0.0470,0.0729,59.1385,0.0502,0.0083,-0.0008,0.9289,-0.2196,1.6252,hold
2023-04-03,65.7100,8476100,64.9300,65.7500,62.6180,-0.0017,0.0460,0.0629,0.0388,0.0665,56.1919,0.0481,0.0110,0.0015,0.8778,-0.4229,0.9310,hold
2023-04-04,66.1200,11526000,66.4000,68.3500,64.7420,0.0062,0.0911,0.0032,0.0450,0.0692,55.8915,0.0435,0.0134,0.0032,0.8792,0.3598,1.2248,sell
2023-04-05,61.2700,9049600,65.1000,65.3900,61.1200,-0.0734,-0.0413,-0.0265,-0.0291,-0.0120,44.2652,0.0475,0.0101,-0.0008,0.3284,-0.2149,0.9497,buy
2023-04-06,64.0800,9170100,60.9500,64.1700,59.4600,0.0459,0.0399,0.0139,0.0140,0.0293,49.7775,0.0499,0.0097,-0.0005,0.6339,0.0133,0.9591,hold
2023-04-10,64.3200,7988400,63.0400,64.4500,61.7900,0.0037,-0.0228,0.0720,0.0109,0.0293,53.7004,0.0463,0.0100,-0.0002,0.6432,-0.1289,0.8384,hold
2023-04-11,63.9700,5914800,64.3200,64.9800,62.6400,-0.0054,-0.0265,0.0183,0.0036,0.0211,46.7710,0.0443,0.0097,-0.0004,0.5800,-0.2596,0.6454,sell
2023-04-12,60.4700,9041800,65.4700,65.4700,60.4200,-0.0547,-0.0855,-0.0021,-0.0511,-0.0367,45.9601,0.0465,0.0052,-0.0044,0.1303,0.5287,0.9723,buy
2023-04-13,63.3200,9412100,61.1000,64.1200,61.1000,0.0471,0.0335,-0.0092,-0.0055,0.0068,50.1809,0.0456,0.0048,-0.0035,0.4940,0.0410,0.9964,sell
2023-04-14,61.7200,6017300,63.1300,63.4600,60.9400,-0.0253,-0.0368,0.0016,-0.0308,-0.0192,52.7250,0.0448,0.0026,-0.0047,0.3057,-0.3607,0.6382,buy
2023-04-17,64.4700,7952500,61.5200,64.5300,61.0700,0.0446,0.0023,-0.0205,0.0146,0.0249,52.6199,0.0414,0.0041,-0.0023,0.6663,0.3216,0.8423,hold
2023-04-18,64.8400,6085100,64.7300,65.1000,63.1800,0.0057,0.0136,-0.0132,0.0218,0.0301,57.1525,0.0414,0.0058,-0.0005,0.6946,-0.2348,0.6508,sell
2023-04-19,61.7400,6907000,63.5000,63.6400,61.5850,-0.0478,0.0210,-0.0662,-0.0203,-0.0190,46.3133,0.0439,0.0034,-0.0025,0.3088,0.1351,0.7373,sell
2023-04-20,58.9200,8540100,61.0000,61.5590,58.8500,-0.0457,-0.0695,-0.0384,-0.0616,-0.0628,45.4940,0.0398,-0.0025,-0.0070,0.0134,0.2364,0.9012,sell
2023-04-21,58.0500,9124700,59.0000,60.6500,57.7200,-0.0148,-0.0595,-0.0941,-0.0665,-0.0763,35.4112,0.0360,-0.0085,-0.0105,0.0041,0.0685,0.9543,buy
2023-04-24,59.0600,8070000,58.2500,60.1500,57.4600,0.0174,-0.0839,-0.0818,-0.0421,-0.0614,37.9223,0.0368,-0.0115,-0.0107,0.1275,-0.1156,0.8440,sell
2023-04-25,57.7200,7424900,59.2100,60.4200,57.3200,-0.0227,-0.1098,-0.0977,-0.0543,-0.0835,35.2424,0.0371,-0.0160,-0.0122,0.0585,-0.0799,0.8278,sell
2023-04-26,56.5600,12005600,58.6600,59.6000,56.2730,-0.0201,-0.0839,-0.0647,-0.0673,-0.1023,40.4925,0.0338,-0.0212,-0.0138,0.0193,0.6169,1.3017,hold
2023-04-27,57.0100,15582400,54.8200,58.8400,53.8300,0.0080,-0.0324,-0.0997,-0.0500,-0.0953,34.2258,0.0289,-0.0239,-0.0133,0.1120,0.2979,1.6249,sell
2023-04-28,56.2100,8415000,56.6300,57.0400,54.8000,-0.0140,-0.0317,-0.0893,-0.0546,-0.1059,32.3465,0.0285,-0.0274,-0.0133,0.1010,-0.4600,0.9278,hold
2023-05-01,56.6800,5579400,56.4800,57.3800,55.5100,0.0084,-0.0403,-0.1208,-0.0341,-0.0944,34.2139,0.0226,-0.0287,-0.0117,0.1713,-0.3370,0.6477,sell
2023-05-02,55.3500,6164900,56.3000,56.4600,54.9800,-0.0235,-0.0411,-0.1464,-0.0412,-0.1111,37.7629,0.0218,-0.0321,-0.0118,0.1169,0.1049,0.7254,sell
2023-05-03,53.5100,6965700,55.3300,56.2000,53.4700,-0.0332,-0.0539,-0.1333,-0.0597,-0.1373,25.3641,0.0198,-0.0379,-0.0135,0.0405,0.1299,0.8422,sell
2023-05-04,52.7900,4869500,53.0700,53.5950,52.1100,-0.0135,-0.0740,-0.1040,-0.0622,-0.1444,26.5370,0.0165,-0.0427,-0.0144,0.0608,-0.3009,0.6040,buy
2023-05-05,54.9700,4771600,53.7000,55.3400,52.9700,0.0413,-0.0221,-0.0531,-0.0181,-0.1057,24.2687,0.0232,-0.0406,-0.0107,0.2304,-0.0201,0.6085,buy
2023-05-08,55.7100,4447300,54.9600,56.3000,54.0200,0.0135,-0.0171,-0.0567,0.0011,-0.0916,25.7568,0.0228,-0.0383,-0.0070,0.2998,-0.0680,0.5802,hold
2023-05-09,55.4200,3523800,55.1190,55.8510,54.4200,-0.0052,0.0013,-0.0398,-0.0000,-0.0943,30.2746,0.0220,-0.0370,-0.0045,0.3007,-0.2077,0.4670,buy
2023-05-10,55.9300,4672000,56.8600,57.7100,55.3800,0.0092,0.0452,-0.0111,0.0103,-0.0833,39.0956,0.0215,-0.0344,-0.0017,0.3528,0.3258,0.6377,buy
2023-05-11,56.8500,5217800,56.3000,57.0700,54.6800,0.0164,0.0769,-0.0028,0.0272,-0.0662,45.6395,0.0220,-0.0304,0.0014,0.4372,0.1168,0.7332,sell
2023-05-12,53.7300,7604800,57.0000,57.0000,52.9200,-0.0549,-0.0226,-0.0441,-0.0248,-0.1144,33.2073,0.0279,-0.0336,0.0000,0.2277,0.4575,1.0568,hold
2023-05-15,54.0200,4724200,53.7100,54.8500,52.9400,0.0054,-0.0303,-0.0469,-0.0147,-0.1062,37.5169,0.0278,-0.0337,-0.0002,0.2606,-0.3788,0.6715,sell
2023-05-16,52.2300,5157900,53.4400,53.5900,52.1000,-0.0331,-0.0576,-0.0564,-0.0419,-0.1326,35.9870,0.0287,-0.0375,-0.0023,0.0799,0.0918,0.7381,hold
2023-05-17,52.5600,4440200,52.1900,53.6200,51.6200,0.0063,-0.0603,-0.0178,-0.0342,-0.1242,35.4860,0.0271,-0.0383,-0.0027,0.1192,-0.1391,0.6468,buy
2023-05-18,53.8100,5637800,52.7000,54.6000,51.7500,0.0238,-0.0535,0.0193,-0.0131,-0.1006,42.3954,0.0278,-0.0360,-0.0009,0.2924,0.2697,0.8390,sell
2023-05-19,52.6100,4505200,53.4100,54.0000,52.5300,-0.0223,-0.0208,-0.0429,-0.0309,-0.1183,37.6741,0.0250,-0.0370,-0.0009,0.1704,-0.2009,0.6943,buy
2023-05-22,56.6200,6564200,52.5300,56.6500,52.3000,0.0762,0.0481,0.0163,0.0412,-0.0500,53.3090,0.0356,-0.0285,0.0040,0.7332,0.4570,1.0235,sell
2023-05-23,55.8800,6992200,56.2600,58.6600,55.6800,-0.0131,0.0699,0.0083,0.0268,-0.0613,56.5506,0.0358,-0.0250,0.0064,0.6482,0.0652,1.0939,buy
2023-05-24,58.1800,7028300,55.3400,58.3400,55.1200,0.0412,0.1069,0.0402,0.0646,-0.0215,63.7011,0.0380,-0.0176,0.0100,0.9570,0.0052,1.1441,sell
2023-05-25,54.5800,5792500,58.7300,58.9300,54.4400,-0.0619,0.0143,-0.0399,0.0029,-0.0796,49.0754,0.0430,-0.0185,0.0088,0.4549,-0.1758,1.0245,buy
2023-05-26,56.0500,3875000,54.3600,56.4480,53.9380,0.0269,0.0654,0.0432,0.0255,-0.0519,50.7791,0.0397,-0.0155,0.0088,0.6763,-0.3310,0.7141,buy
2023-05-30,57.7300,4142100,57.4900,59.1700,56.4200,0.0300,0.0196,0.0687,0.0492,-0.0213,54.9763,0.0405,-0.0106,0.0104,0.9023,0.0689,0.7735,hold
2023-05-31,58.2000,4344700,57.0100,58.3100,56.3000,0.0081,0.0415,0.1143,0.0463,-0.0121,54.8986,0.0380,-0.0064,0.0116,0.9144,0.0489,0.8254,hold
2023-06-01,58.5500,3971400,58.1700,59.2690,56.4800,0.0060,0.0064,0.1140,0.0414,-0.0037,53.7611,0.0380,-0.0025,0.0123,0.9031,-0.0859,0.7766,buy
2023-06-02,60.1400,5143200,60.0000,60.9500,58.8500,0.0272,0.1019,0.1176,0.0578,0.0243,65.2112,0.0381,0.0026,0.0136,1.0104,0.2951,1.0030,buy
2023-06-05,60.9200,5053400,59.4400,61.6700,59.4000,0.0130,0.0869,0.1580,0.0561,0.0384,66.0019,0.0362,0.0075,0.0146,1.0005,-0.0175,0.9828,buy
2023-06-06,62.9800,6137700,60.1300,63.6100,60.0200,0.0338,0.0909,0.1123,0.0799,0.0724,74.6221,0.0302,0.0135,0.0163,1.0684,0.2146,1.1744,buy
2023-06-07,68.0300,23389400,65.1800,72.5220,64.7500,0.0802,0.1689,0.2174,0.1427,0.1564,79.1337,0.0358,0.0228,0.0203,1.2081,2.8108,3.7605,buy
2023-06-08,69.1000,10985200,68.7800,70.9700,68.0000,0.0157,0.1802,0.1877,0.1397,0.1712,78.9913,0.0351,0.0313,0.0232,1.1049,-0.5303,1.6809,hold
2023-06-09,69.4800,12511700,70.7250,74.9090,69.2000,0.0055,0.1553,0.2730,0.1185,0.1754,83.0137,0.0221,0.0382,0.0241,1.0172,0.1390,1.8133,buy
2023-06-12,71.7000,5987500,69.8600,72.2300,69.2800,0.0320,0.1770,0.2792,0.1259,0.2088,81.7340,0.0223,0.0444,0.0246,1.0156,-0.5214,0.8780,buy
2023-06-13,73.5900,6815400,72.9200,73.9600,71.0300,0.0264,0.1685,0.2747,0.1275,0.2374,85.5480,0.0222,0.0505,0.0249,0.9984,0.1383,0.9844,hold
2023-06-14,73.3700,7813500,73.4700,75.4500,72.0600,-0.0030,0.0785,0.2607,0.0986,0.2306,83.2677,0.0234,0.0555,0.0239,0.9293,0.1464,1.1073,sell
2023-06-15,71.7500,6649900,72.3000,72.8400,70.4500,-0.0221,0.0384,0.2254,0.0535,0.2011,91.1751,0.0271,0.0581,0.0207,0.8351,-0.1489,0.9278,sell
2023-06-16,70.6900,5794400,72.4800,72.9260,69.4500,-0.0148,0.0174,0.1754,0.0221,0.1797,85.8122,0.0292,0.0583,0.0162,0.7701,-0.1286,0.8076,sell
2023-06-20,67.9600,5747900,70.1700,70.7700,67.7000,-0.0386,-0.0522,0.1156,-0.0273,0.1326,73.8018,0.0341,0.0561,0.0099,0.6551,-0.0080,0.7942,sell
2023-06-21,64.5200,6059100,67.8900,68.4000,64.2900,-0.0506,-0.1233,0.0245,-0.0785,0.0752,62.9190,0.0381,0.0505,0.0014,0.5134,0.0541,0.8402,sell
2023-06-22,63.1700,4907100,64.3000,64.8700,62.8490,-0.0209,-0.1390,-0.0714,-0.0915,0.0530,59.0731,0.0273,0.0424,-0.0062,0.4454,-0.1901,0.6904,sell
2023-06-23,62.5700,7462300,62.4000,63.4300,60.6100,-0.0095,-0.1279,-0.0945,-0.0916,0.0423,54.9653,0.0261,0.0342,-0.0118,0.4103,0.5207,1.0467,hold
2023-06-26,62.9400,4676300,62.4800,64.1950,61.5300,0.0059,-0.1096,-0.0941,-0.0775,0.0486,54.1978,0.0261,0.0275,-0.0147,0.4007,-0.3733,0.6611,buy
2023-06-27,63.5100,4368300,63.3000,64.3300,62.2300,0.0091,-0.0655,-0.1142,-0.0578,0.0575,51.1741,0.0229,0.0225,-0.0154,0.4024,-0.0659,0.6154,buy
2023-06-28,65.2200,4376800,63.4000,65.2400,62.5100,0.0269,0.0108,-0.1137,-0.0203,0.0857,42.6937,0.0230,0.0202,-0.0134,0.4642,0.0019,0.6156,sell
2023-06-29,63.0000,5538700,64.5200,65.4700,62.6600,-0.0340,-0.0027,-0.1413,-0.0387,0.0493,35.0343,0.0238,0.0165,-0.0146,0.3280,0.2655,0.7725,buy
2023-06-30,63.9600,6248800,64.4800,65.8100,63.2200,0.0152,0.0222,-0.1086,-0.0123,0.0645,36.8320,0.0254,0.0138,-0.0135,0.3553,0.1282,0.8580,buy
2023-07-03,65.3400,4971800,64.2000,67.8600,64.2000,0.0216,0.0381,-0.0757,0.0175,0.0852,34.1948,0.0273,0.0132,-0.0108,0.4159,-0.2044,0.6834,hold
2023-07-05,65.0700,4848500,65.0300,65.9250,63.7500,-0.0041,0.0246,-0.0425,0.0178,0.0782,26.9730,0.0250,0.0125,-0.0093,0.3799,-0.0248,0.6674,sell
2023-07-06,61.6000,5995700,63.8100,63.9700,60.5500,-0.0533,-0.0555,-0.0453,-0.0320,0.0198,22.9425,0.0256,0.0079,-0.0121,0.1639,0.2366,0.8261,buy
2023-07-07,62.8300,5379400,61.8500,64.4900,61.8500,0.0200,-0.0027,-0.0054,-0.0122,0.0385,29.1199,0.0259,0.0052,-0.0115,0.2650,-0.1028,0.8462,buy
2023-07-10,67.8700,8227300,63.0300,67.9300,62.4900,0.0802,0.0611,0.0847,0.0583,0.1176,44.4357,0.0359,0.0088,-0.0053,0.5864,0.5294,1.3229,buy
2023-07-11,75.4300,19693100,69.2200,77.3600,68.3000,0.1114,0.1544,0.1984,0.1537,0.2346,62.3799,0.0484,0.0187,0.0048,0.9921,1.3936,2.9937,hold
2023-07-12,76.3200,11709200,78.0300,79.3900,75.6700,0.0118,0.1729,0.2017,0.1448,0.2410,71.3613,0.0483,0.0275,0.0110,0.9877,-0.4054,1.7058,hold
2023-07-13,76.4100,6031500,77.3600,77.5000,75.1600,0.0012,0.2404,0.1716,0.1273,0.2345,75.1138,0.0485,0.0343,0.0143,0.9618,-0.4849,0.8837,sell
2023-07-14,74.0200,7188200,76.7200,78.8600,73.5200,-0.0313,0.1781,0.1749,0.0745,0.1887,70.3375,0.0482,0.0380,0.0138,0.8376,0.1918,1.0581,buy
2023-07-17,75.8400,6039800,74.2700,76.5500,72.8600,0.0246,0.1174,0.1857,0.0823,0.2093,71.7905,0.0483,0.0405,0.0135,0.8965,-0.1598,0.8930,hold
2023-07-18,75.6500,5569200,75.4500,77.1900,74.9500,-0.0025,0.0029,0.1578,0.0639,0.1975,70.7734,0.0487,0.0426,0.0125,0.8577,-0.0779,0.8248,buy
2023-07-19,77.3000,7467000,76.6600,79.1850,75.0200,0.0218,0.0128,0.1880,0.0688,0.2150,70.7133,0.0482,0.0445,0.0120,0.8831,0.3408,1.0920,sell
2023-07-20,73.5900,7490100,75.3500,75.7600,72.6700,-0.0480,-0.0369,0.1946,0.0009,0.1503,67.2757,0.0473,0.0445,0.0083,0.7073,0.0031,1.0840,hold
2023-07-21,73.5000,7194700,74.5300,75.5000,73.3600,-0.0012,-0.0070,0.1698,-0.0147,0.1424,66.0175,0.0478,0.0422,0.0048,0.6835,-0.0394,1.0243,sell
2023-07-24,71.8600,4153800,73.6100,74.2030,71.6100,-0.0223,-0.0525,0.0588,-0.0418,0.1114,60.8522,0.0434,0.0390,0.0005,0.5987,-0.4227,0.6057,sell
2023-07-25,70.4000,4927200,71.9900,72.6400,70.3800,-0.0203,-0.0694,-0.0667,-0.0549,0.0843,58.5335,0.0235,0.0343,-0.0040,0.5207,0.1862,0.7171,buy
2023-07-26,71.4700,5801900,70.3000,72.9900,70.0000,0.0152,-0.0754,-0.0635,-0.0342,0.0948,67.1176,0.0238,0.0303,-0.0059,0.5525,0.1775,0.8357,sell
2023-07-27,68.1900,14177700,73.5300,73.8000,67.7000,-0.0459,-0.0734,-0.1076,-0.0682,0.0400,58.6788,0.0267,0.0248,-0.0105,0.3918,1.4436,1.9075,buy
2023-07-28,89.6100,61301800,74.9790,89.7100,74.8800,0.3141,0.2192,0.2106,0.1989,0.3513,73.0004,0.1053,0.0335,0.0053,1.1823,3.3238,5.9977,buy
2023-07-31,96.2700,36249500,91.7000,96.9500,90.9900,0.0743,0.3397,0.2694,0.2538,0.4329,72.4763,0.1065,0.0471,0.0167,1.1924,-0.4087,3.0927,hold
2023-08-01,97.4900,17923400,95.5100,98.4400,93.7900,0.0127,0.3848,0.2887,0.2346,0.4324,72.6708,0.1061,0.0592,0.0234,1.0842,-0.5056,1.4491,sell
2023-08-02,91.2500,12217200,95.1800,96.3500,90.4100,-0.0640,0.2768,0.1805,0.1355,0.3257,64.0424,0.1103,0.0678,0.0236,0.8743,-0.3184,0.9592,hold
2023-08-03,88.4700,9213100,88.8900,91.2500,87.9000,-0.0305,0.2974,0.2022,0.0809,0.2735,63.5732,0.1092,0.0702,0.0197,0.7787,-0.2459,0.7143,hold
2023-08-04,86.3500,7831800,88.5900,89.1500,85.8100,-0.0240,-0.0364,0.1748,0.0387,0.2322,59.8169,0.1100,0.0695,0.0141,0.7037,-0.1499,0.6015,hold
2023-08-07,88.4000,6591800,86.9000,88.5600,85.2800,0.0237,-0.0817,0.2302,0.0426,0.2506,61.5093,0.1089,0.0670,0.0104,0.7353,-0.1583,0.5095,hold
2023-08-08,86.5400,6004100,86.5000,87.2000,84.4100,-0.0210,-0.1123,0.2293,0.0016,0.2133,58.3094,0.1089,0.0653,0.0059,0.6676,-0.0892,0.4900,sell
2023-08-09,81.6400,6802400,87.1200,87.4700,81.5000,-0.0566,-0.1053,0.1423,-0.0661,0.1365,57.0875,0.1120,0.0610,-0.0015,0.5256,0.1330,0.5665,sell
2023-08-10,78.8300,7163300,82.6700,83.5000,78.8000,-0.0344,-0.1090,0.1560,-0.1091,0.0910,54.4782,0.1113,0.0529,-0.0095,0.4443,0.0531,0.5937,hold
2023-08-11,79.2600,5076900,78.2800,80.2500,77.9060,0.0055,-0.0821,-0.1155,-0.0937,0.0905,56.3465,0.0414,0.0445,-0.0140,0.4482,-0.2913,0.4245,buy
2023-08-14,82.2600,5496900,78.3500,82.2900,78.2800,0.0379,-0.0695,-0.1455,-0.0440,0.1245,59.9098,0.0339,0.0391,-0.0138,0.5240,0.0827,0.4607,hold
2023-08-15,82.6900,7246600,81.5000,84.4400,80.2300,0.0052,-0.0445,-0.1518,-0.0222,0.1234,59.4764,0.0333,0.0360,-0.0133,0.5265,0.3183,0.6031,sell
2023-08-16,80.6100,7040400,82.0200,82.3500,78.6600,-0.0252,-0.0126,-0.1166,-0.0347,0.0894,60.7069,0.0291,0.0321,-0.0148,0.4616,-0.0285,0.5869,sell
2023-08-17,77.2300,6443000,80.8300,81.1000,77.1300,-0.0419,-0.0203,-0.1270,-0.0625,0.0397,34.5095,0.0301,0.0257,-0.0186,0.3558,-0.0849,0.5395,buy
2023-08-18,79.3000,7288200,76.0000,80.8200,75.6500,0.0268,0.0005,-0.0816,-0.0291,0.0643,26.0108,0.0322,0.0208,-0.0178,0.4060,0.1312,0.6100,sell
2023-08-21,78.1900,4347400,79.1000,79.9870,77.3500,-0.0140,-0.0495,-0.1155,-0.0306,0.0469,22.6319,0.0303,0.0164,-0.0182,0.3574,-0.4035,0.3636,hold
2023-08-22,78.6600,3706900,78.7000,79.4800,76.3000,0.0060,-0.0487,-0.0911,-0.0151,0.0506,28.6538,0.0305,0.0130,-0.0172,0.3503,-0.1473,0.3116,buy
2023-08-23,80.2700,4393800,78.5200,80.8600,77.8100,0.0205,-0.0042,-0.0168,0.0068,0.0696,35.5226,0.0267,0.0116,-0.0144,0.3818,0.1853,0.3715,sell
2023-08-24,76.1500,6365200,80.3800,80.9980,75.1200,-0.0513,-0.0140,-0.0340,-0.0417,0.0140,33.1794,0.0294,0.0068,-0.0164,0.1876,0.4487,0.5566,buy
2023-08-25,76.9500,3236900,75.8200,77.9000,75.4200,0.0105,-0.0296,-0.0291,-0.0288,0.0237,30.3061,0.0296,0.0033,-0.0157,0.2464,-0.4915,0.3794,hold
2023-08-28,76.7300,2777300,77.6700,77.8200,76.0500,-0.0029,-0.0187,-0.0672,-0.0248,0.0194,32.1181,0.0260,0.0004,-0.0150,0.2518,-0.1420,0.4050,buy
2023-08-29,80.2500,4602100,76.7300,80.3100,76.1800,0.0459,0.0202,-0.0295,0.0232,0.0635,47.3321,0.0308,0.0017,-0.0104,0.4293,0.6570,0.7432,buy
2023-08-30,81.0200,4484200,80.0000,81.1900,78.6400,0.0096,0.0093,0.0051,0.0324,0.0700,54.5606,0.0299,0.0034,-0.0069,0.5020,-0.0256,0.7724,hold
2023-08-31,81.2000,4459100,81.3500,82.4700,80.1000,0.0022,0.0663,0.0514,0.0295,0.0677,54.0825,0.0259,0.0049,-0.0043,0.5427,-0.0056,0.8009,hold
2023-09-01,81.7200,7170700,81.8300,82.5700,77.8000,0.0064,0.0620,0.0305,0.0329,0.0693,48.7312,0.0248,0.0064,-0.0021,0.6073,0.6081,1.2956,buy
2023-09-05,83.7300,6551100,80.5800,84.1600,80.5200,0.0246,0.0912,0.0709,0.0510,0.0896,52.2747,0.0248,0.0094,0.0008,0.8449,-0.0864,1.1840,buy
2023-09-06,86.1900,31718700,92.8900,95.8400,83.5900,0.0294,0.0740,0.0957,0.0717,0.1148,62.0052,0.0258,0.0136,0.0042,1.0946,3.8417,4.6518,sell
2023-09-07,83.6200,10411000,84.6300,86.9600,83.0400,-0.0298,0.0321,0.0417,0.0355,0.0760,64.2443,0.0282,0.0151,0.0043,0.8198,-0.6718,1.4875,hold
2023-09-08,83.4700,8513700,83.2800,86.4500,82.1000,-0.0018,0.0280,0.0961,0.0243,0.0690,60.1658,0.0206,0.0156,0.0039,0.7761,-0.1822,1.2048,buy
2023-09-11,84.2500,8180800,84.5800,88.4200,83.6000,0.0093,0.0310,0.0949,0.0247,0.0732,65.0149,0.0206,0.0164,0.0038,0.8124,-0.0391,1.1328,sell
2023-09-12,81.3000,7552800,83.6600,85.7680,81.2300,-0.0350,-0.0290,0.0596,-0.0166,0.0310,55.8252,0.0248,0.0147,0.0013,0.5556,-0.0768,1.0312,sell
2023-09-13,78.4400,5896700,81.2800,81.7000,78.2200,-0.0352,-0.0899,-0.0226,-0.0491,-0.0085,46.1732,0.0236,0.0102,-0.0029,0.3195,-0.2193,0.8126,sell
2023-09-14,77.8000,5151500,79.1400,79.3300,77.4500,-0.0082,-0.0696,-0.0397,-0.0532,-0.0198,54.0382,0.0233,0.0056,-0.0061,0.2798,-0.1264,0.7192,sell
2023-09-15,76.2600,4941100,77.7000,78.2100,75.6800,-0.0198,-0.0864,-0.0608,-0.0663,-0.0427,48.3703,0.0237,0.0003,-0.0093,0.1571,-0.0408,0.6972,sell
2023-09-18,74.3900,4815700,75.8800,76.0200,74.2700,-0.0245,-0.1170,-0.0897,-0.0810,-0.0689,44.8729,0.0239,-0.0060,-0.0127,0.0603,-0.0254,0.6915,sell
2023-09-19,73.8100,6017000,74.0900,74.6510,71.9600,-0.0078,-0.0921,-0.1185,-0.0768,-0.0775,33.8028,0.0208,-0.0117,-0.0147,0.0685,0.2495,0.8538,sell
2023-09-20,71.4900,4165800,74.3500,74.9050,71.4600,-0.0314,-0.0886,-0.1706,-0.0891,-0.1056,27.7648,0.0155,-0.0190,-0.0177,-0.0052,-0.3077,0.5892,hold
2023-09-21,71.6300,7975600,70.0100,73.3300,70.0000,0.0020,-0.0793,-0.1434,-0.0732,-0.1028,27.6297,0.0161,-0.0241,-0.0182,0.0706,0.9145,1.1002,sell
2023-09-22,69.2700,5881500,73.0000,73.2000,69.1700,-0.0329,-0.0917,-0.1701,-0.0869,-0.1308,23.2027,0.0163,-0.0314,-0.0203,0.0092,-0.2626,0.8140,sell
2023-09-25,68.5500,4967100,68.8600,71.5000,68.1600,-0.0104,-0.0785,-0.1864,-0.0773,-0.1387,15.4056,0.0135,-0.0374,-0.0210,0.0415,-0.1555,0.6793,sell
2023-09-26,67.8700,4249300,68.3100,69.2080,67.6500,-0.0099,-0.0805,-0.1652,-0.0696,-0.1455,4.5635,0.0128,-0.0427,-0.0208,0.0696,-0.1445,0.5754,hold
2023-09-27,67.6400,3868500,68.2300,69.3000,67.0100,-0.0034,-0.0539,-0.1377,-0.0589,-0.1467,5.1627,0.0119,-0.0464,-0.0196,0.1134,-0.0896,0.5264,buy
2023-09-28,68.0800,4473900,68.1500,68.7700,66.6600,0.0065,-0.0496,-0.1249,-0.0398,-0.1391,7.5097,0.0136,-0.0478,-0.0170,0.1708,0.1565,0.6089,buy
2023-09-29,70.5900,6355800,69.6200,70.9300,68.4840,0.0369,0.0191,-0.0744,0.0037,-0.1067,15.5746,0.0205,-0.0441,-0.0115,0.2902,0.4206,0.8539,hold
2023-10-02,70.5000,4179100,70.2100,71.9900,69.1500,-0.0013,0.0284,-0.0523,0.0080,-0.1072,18.1979,0.0197,-0.0422,-0.0076,0.3074,-0.3425,0.5730,sell
2023-10-03,68.6500,4571300,69.5000,71.2710,68.2000,-0.0262,0.0115,-0.0699,-0.0112,-0.1299,19.3488,0.0208,-0.0434,-0.0063,0.2594,0.0938,0.6354,buy
2023-10-04,70.1700,4608900,68.8400,70.4500,67.7000,0.0221,0.0374,-0.0185,0.0126,-0.1106,27.3590,0.0207,-0.0402,-0.0032,0.3378,0.0082,0.7893,hold
2023-10-05,70.0400,4836600,69.5100,70.5400,67.7800,-0.0019,0.0288,-0.0222,0.0131,-0.1119,29.8575,0.0207,-0.0383,-0.0009,0.3506,0.0494,0.8699,buy
2023-10-06,71.8300,4698600,68.2600,72.1400,68.2200,0.0256,0.0176,0.0370,0.0351,-0.0900,41.6667,0.0192,-0.0334,0.0024,0.4578,-0.0285,0.8751,hold
2023-10-09,71.7200,3386000,70.6900,72.0400,69.3410,-0.0015,0.0173,0.0462,0.0288,-0.0873,42.9819,0.0187,-0.0301,0.0046,0.4818,-0.2794,0.6601,buy
2023-10-10,72.9300,4817200,72.0000,75.4500,72.0000,0.0169,0.0623,0.0746,0.0387,-0.0664,55.2250,0.0182,-0.0253,0.0071,0.6055,0.4227,0.9648,sell
2023-10-11,71.3600,4158100,72.9800,73.8900,71.2100,-0.0215,0.0170,0.0550,0.0110,-0.0803,49.1124,0.0202,-0.0239,0.0073,0.5119,-0.1368,0.8476,sell
2023-10-12,67.7700,5520800,71.3800,71.4600,67.6100,-0.0503,-0.0324,-0.0046,-0.0395,-0.1213,45.4380,0.0268,-0.0275,0.0043,0.1897,0.3277,1.1211,sell
2023-10-13,66.0700,4774800,67.3300,67.9900,65.3300,-0.0251,-0.0802,-0.0640,-0.0575,-0.1383,42.8817,0.0244,-0.0319,0.0006,0.0332,-0.1351,0.9713,buy
2023-10-16,67.1500,4419400,66.3400,67.9200,65.2540,0.0163,-0.0637,-0.0475,-0.0375,-0.1198,47.9798,0.0254,-0.0325,-0.0004,0.1766,-0.0744,0.9026,buy
2023-10-17,68.4300,4106700,66.0900,68.8900,66.0500,0.0191,-0.0617,-0.0032,-0.0189,-0.0983,52.0933,0.0251,-0.0309,0.0005,0.3472,-0.0708,0.8554,sell
2023-10-18,62.1000,10581600,66.6000,66.8000,62.0200,-0.0925,-0.1298,-0.1150,-0.0992,-0.1764,37.9241,0.0372,-0.0410,-0.0051,-0.2097,1.5767,2.0661,hold
2023-10-19,62.4800,6142700,64.0500,64.8000,62.1200,0.0061,-0.0781,-0.1079,-0.0837,-0.1671,32.0813,0.0375,-0.0451,-0.0076,-0.0505,-0.4195,1.2212,sell
2023-10-20,59.8000,5242400,62.4000,62.6300,59.6600,-0.0429,-0.0949,-0.1675,-0.1072,-0.1988,28.7867,0.0364,-0.0538,-0.0117,-0.1116,-0.1466,1.0489,buy
2023-10-23,61.1800,6281200,59.5800,62.0350,58.9000,0.0231,-0.0889,-0.1470,-0.0720,-0.1763,34.9091,0.0383,-0.0553,-0.0113,0.0594,0.1982,1.2405,hold
2023-10-24,61.4200,5607700,61.6700,63.0700,60.6200,0.0039,-0.1024,-0.1578,-0.0518,-0.1684,31.3592,0.0373,-0.0562,-0.0099,0.1230,-0.1072,1.0928,sell
2023-10-25,58.5000,6670900,62.7500,64.2400,58.1550,-0.0475,-0.0580,-0.1802,-0.0786,-0.2027,28.0274,0.0386,-0.0633,-0.0118,0.0259,0.1896,1.2654,sell
2023-10-26,56.4100,6329900,58.2500,58.6550,55.6800,-0.0357,-0.0972,-0.1676,-0.0953,-0.2261,20.9714,0.0376,-0.0713,-0.0143,0.0056,-0.0511,1.1800,hold
2023-10-27,56.3500,3997200,56.8800,57.4600,56.0090,-0.0011,-0.0577,-0.1471,-0.0820,-0.2225,21.0109,0.0378,-0.0751,-0.0144,0.0694,-0.3685,0.7619,hold
2023-10-30,56.3500,4378200,56.8800,57.2500,55.0200,0.0000,-0.0789,-0.1608,-0.0655,-0.2175,17.2332,0.0366,-0.0772,-0.0132,0.1201,0.0953,0.8329,buy
2023-10-31,59.5700,7088200,57.2700,59.6900,56.4600,0.0571,-0.0301,-0.1295,0.0026,-0.1685,28.1262,0.0423,-0.0694,-0.0071,0.2830,0.6190,1.3169,hold
2023-11-01,59.7000,12571200,59.1400,59.8900,57.3200,0.0022,0.0205,-0.0386,0.0089,-0.1623,32.8225,0.0318,-0.0655,-0.0026,0.3093,0.7735,2.1748,buy
2023-11-02,78.0500,40334800,70.8600,79.1200,69.1800,0.3074,0.3836,0.2492,0.2851,0.0959,64.9228,0.1036,-0.0285,0.0157,1.0313,2.2085,5.3386,buy
2023-11-03,84.7500,28115200,79.4500,86.0900,79.3400,0.0858,0.5040,0.4172,0.3404,0.1871,69.2308,0.1020,-0.0040,0.0293,1.1379,-0.3030,3.2219,hold
2023-11-06,83.3000,13716600,84.2200,85.4300,80.9200,-0.0171,0.4783,0.3616,0.2729,0.1647,66.1877,0.1035,0.0122,0.0369,1.0118,-0.5121,1.4840,hold
2023-11-07,83.4300,8421000,83.9900,85.3810,82.4300,0.0016,0.4005,0.3584,0.2334,0.1644,76.8437,0.1036,0.0250,0.0397,0.9601,-0.3861,0.8937,hold
2023-11-08,82.8400,6477000,83.4400,83.5000,80.6700,-0.0071,0.3876,0.4161,0.1822,0.1553,75.4882,0.1007,0.0344,0.0394,0.9007,-0.2309,0.6790,hold
2023-11-09,81.5800,7504700,83.9500,86.4000,81.1700,-0.0152,0.0452,0.4462,0.1238,0.1376,78.2710,0.0992,0.0406,0.0365,0.8342,0.1587,0.7787,hold
2023-11-10,81.3100,6839900,80.5400,82.8400,79.3300,-0.0033,-0.0406,0.4429,0.0829,0.1338,76.9046,0.0993,0.0445,0.0323,0.7975,-0.0886,0.7022,buy
2023-11-13,83.9700,7326400,80.7400,84.5070,79.5000,0.0327,0.0080,0.4902,0.0786,0.1701,78.3078,0.0983,0.0480,0.0290,0.8229,0.0711,0.7410,buy
2023-11-14,88.1000,6963400,87.6000,88.7800,86.8200,0.0492,0.0560,0.4789,0.0917,0.2262,86.0624,0.0983,0.0526,0.0276,0.8671,-0.0495,0.6943,buy
2023-11-15,91.1000,8351100,88.5900,93.2000,87.5900,0.0341,0.0997,0.5260,0.0866,0.2662,91.3468,0.0973,0.0581,0.0271,0.8771,0.1993,0.8420,hold
2023-11-16,89.5000,4731000,90.1400,90.3000,87.9100,-0.0176,0.0971,0.1467,0.0531,0.2419,88.1122,0.0347,0.0628,0.0250,0.8105,-0.4335,0.4804,buy
2023-11-17,92.9700,6481300,89.1300,93.0000,88.0800,0.0388,0.1434,0.0970,0.0834,0.2867,88.9906,0.0261,0.0656,0.0233,0.8356,0.3700,0.6541,buy
2023-11-20,94.9900,5939200,92.9000,96.4800,92.6900,0.0217,0.1312,0.1403,0.0921,0.3108,88.7019,0.0245,0.0690,0.0222,0.8331,-0.0836,0.6004,sell
2023-11-21,93.6000,4615800,93.7600,94.3200,91.9600,-0.0146,0.0624,0.1219,0.0637,0.2872,86.0485,0.0259,0.0719,0.0195,0.7788,-0.2228,0.4690,buy
2023-11-22,94.7800,3930800,94.3000,95.6100,92.5500,0.0126,0.0404,0.1441,0.0627,0.2976,78.0235,0.0250,0.0727,0.0167,0.7731,-0.1484,0.4050,hold
2023-11-24,94.9300,2380600,94.7800,96.0000,93.8700,0.0016,0.0607,0.1636,0.0487,0.2936,71.8455,0.0234,0.0731,0.0138,0.7546,-0.3944,0.2504,buy
2023-11-27,102.9800,16319100,95.9500,103.5700,95.8000,0.0848,0.1077,0.2665,0.1110,0.3931,82.9097,0.0309,0.0733,0.0149,0.8805,5.8550,1.6119,buy
2023-11-28,106.8700,12162800,102.4400,107.0600,102.2300,0.0378,0.1251,0.2727,0.1252,0.4332,84.8188,0.0311,0.0772,0.0167,0.9345,-0.2547,1.1569,hold
2023-11-29,106.7500,7047900,107.6700,108.3980,105.6500,-0.0011,0.1405,0.2117,0.1023,0.4190,86.0199,0.0308,0.0814,0.0167,0.9164,-0.4205,0.6705,sell
2023-11-30,104.2000,7669700,107.6700,107.8100,102.3500,-0.0239,0.0994,0.1438,0.0616,0.3732,82.8016,0.0331,0.0838,0.0140,0.8706,0.0882,0.7471,hold
2023-12-01,103.5400,6262600,103.5900,105.5500,102.7100,-0.0063,0.0907,0.1569,0.0400,0.3531,81.8755,0.0321,0.0832,0.0104,0.8209,-0.1835,0.7314,hold
2023-12-04,104.4800,5267100,101.8000,106.6500,101.4700,0.0091,0.0146,0.1238,0.0374,0.3529,80.9351,0.0311,0.0814,0.0074,0.8119,-0.1590,0.7098,hold
2023-12-05,105.1900,3917900,103.3500,105.6900,102.6300,0.0068,-0.0157,0.1074,0.0340,0.3493,78.7420,0.0309,0.0796,0.0049,0.7993,-0.2562,0.5653,sell
2023-12-06,102.3600,4281700,106.6600,106.7300,102.0700,-0.0269,-0.0411,0.0936,-0.0024,0.3015,69.0460,0.0322,0.0777,0.0007,0.6998,0.0929,0.6368,sell
2023-12-07,100.6800,3877000,102.5000,103.7100,100.5800,-0.0164,-0.0338,0.0622,-0.0244,0.2695,68.8596,0.0332,0.0735,-0.0039,0.6335,-0.0945,0.5880,buy
2023-12-08,103.3600,4001200,101.0000,104.1600,100.1200,0.0266,-0.0017,0.0888,-0.0065,0.2918,68.0069,0.0337,0.0686,-0.0054,0.6949,0.0320,0.6234,hold
2023-12-11,102.9700,3249200,103.3600,103.8100,101.5300,-0.0038,-0.0145,-0.0001,-0.0103,0.2766,64.6583,0.0208,0.0654,-0.0070,0.6665,-0.1879,0.5208,sell
2023-12-12,100.9800,3589900,103.3400,103.6000,100.0300,-0.0193,-0.0400,-0.0551,-0.0239,0.2425,63.2638,0.0167,0.0617,-0.0098,0.5730,0.1049,0.5932,buy
2023-12-13,101.6800,7002000,100.8800,102.9140,96.2900,0.0069,-0.0066,-0.0475,-0.0123,0.2410,62.6189,0.0172,0.0571,-0.0111,0.5817,0.9505,1.1566,buy
2023-12-14,102.8800,7486700,103.9800,108.8400,100.9500,0.0118,0.0219,-0.0127,0.0007,0.2457,64.0014,0.0164,0.0536,-0.0110,0.6178,0.0692,1.2456,sell
2023-12-15,95.9300,9173700,100.0000,100.1800,95.5350,-0.0676,-0.0719,-0.0735,-0.0600,0.1543,37.0832,0.0267,0.0486,-0.0166,0.2306,0.2253,1.4718,sell
2023-12-18,93.4900,6680000,93.3000,96.2760,93.1900,-0.0254,-0.0921,-0.1052,-0.0739,0.1192,24.1099,0.0266,0.0401,-0.0214,0.0902,-0.2718,1.0700,buy
2023-12-19,94.4200,4833300,94.3000,96.4000,93.7700,0.0099,-0.0650,-0.1024,-0.0546,0.1242,26.8668,0.0269,0.0325,-0.0228,0.1469,-0.2765,0.7811,sell
2023-12-20,89.1100,7732200,93.7200,93.9800,88.7120,-0.0562,-0.1236,-0.1294,-0.0958,0.0569,24.3455,0.0303,0.0233,-0.0282,-0.0753,0.5998,1.2190,buy
2023-12-21,92.0400,5068500,90.7300,92.0800,89.5160,0.0329,-0.1054,-0.0858,-0.0578,0.0863,31.8497,0.0335,0.0163,-0.0268,0.0949,-0.3445,0.7919,hold
2023-12-22,91.3400,8522600,92.9000,95.3700,90.0500,-0.0076,-0.0478,-0.1163,-0.0533,0.0721,29.1030,0.0312,0.0108,-0.0261,0.0901,0.6815,1.2707,buy
2023-12-26,94.9000,5771700,91.6500,95.3960,91.1700,0.0390,0.0151,-0.0784,-0.0081,0.1064,34.9956,0.0351,0.0090,-0.0213,0.2758,-0.3228,0.9339,hold
2023-12-27,94.2300,5462800,95.2000,96.0700,92.6400,-0.0071,-0.0020,-0.0668,-0.0081,0.0917,37.3483,0.0349,0.0073,-0.0186,0.2689,-0.0535,0.9346,hold
2023-12-28,94.1000,3780100,93.6300,95.1000,93.1100,-0.0014,0.0560,-0.0745,-0.0015,0.0837,39.2413,0.0347,0.0057,-0.0161,0.2846,-0.3080,0.6653,sell
2023-12-29,91.6600,4057300,93.6500,94.0000,91.0900,-0.0259,-0.0041,-0.1091,-0.0157,0.0485,30.7185,0.0344,0.0024,-0.0160,0.2003,0.0733,0.7376,sell
2024-01-02,89.0000,4729900,90.5500,90.6700,88.1200,-0.0290,-0.0256,-0.0722,-0.0371,0.0119,28.5802,0.0291,-0.0028,-0.0174,0.1221,0.1658,0.8720,sell
2024-01-03,86.6100,4499000,87.6100,88.3900,85.8700,-0.0269,-0.0874,-0.0736,-0.0559,-0.0212,28.2339,0.0292,-0.0092,-0.0194,0.0701,-0.0488,0.8353,buy
2024-01-04,87.9100,5167400,86.7900,89.7900,85.7100,0.0150,-0.0671,-0.0689,-0.0349,-0.0125,29.5150,0.0296,-0.0127,-0.0182,0.1595,0.1486,0.9484,buy
2024-01-05,89.2900,5178500,87.0000,91.0200,86.6900,0.0157,-0.0511,0.0020,-0.0200,-0.0032,29.8905,0.0245,-0.0139,-0.0155,0.2471,0.0021,0.9427,buy
2024-01-08,93.9500,7044700,89.8600,94.9000,89.8600,0.0522,0.0250,0.0208,0.0290,0.0405,46.8571,0.0279,-0.0102,-0.0093,0.4744,0.3604,1.2465,sell
2024-01-09,91.6000,4711900,92.3800,93.4500,90.3550,-0.0250,0.0292,0.0028,0.0030,0.0067,46.9914,0.0291,-0.0099,-0.0072,0.3825,-0.3311,0.8285,sell
2024-01-10,89.6900,5716900,91.5900,91.6400,88.4000,-0.0209,0.0356,-0.0549,-0.0123,-0.0215,42.6984,0.0264,-0.0113,-0.0068,0.3025,0.2133,0.9839,sell
2024-01-11,86.6500,6816500,89.2600,90.0000,85.5700,-0.0339,-0.0143,-0.0804,-0.0377,-0.0609,45.9163,0.0279,-0.0153,-0.0085,0.1611,0.1923,1.1415,hold
2024-01-12,86.0500,4720300,86.4400,87.3500,85.2500,-0.0069,-0.0363,-0.0855,-0.0358,-0.0727,39.2227,0.0278,-0.0187,-0.0095,0.1435,-0.3075,0.8058,sell
2024-01-16,84.7900,4592800,85.0700,87.1500,84.2300,-0.0146,-0.0975,-0.0750,-0.0425,-0.0912,38.4480,0.0272,-0.0225,-0.0105,0.0459,-0.0270,0.8039,sell
2024-01-17,84.0100,4642000,83.2300,84.0400,81.8000,-0.0092,-0.0829,-0.0561,-0.0459,-0.1007,28.7055,0.0262,-0.0260,-0.0111,0.0465,0.0107,0.8461,hold
2024-01-18,84.0600,4361000,85.0700,85.2600,82.4500,0.0006,-0.0628,-0.0294,-0.0426,-0.1000,29.6192,0.0251,-0.0282,-0.0107,0.1044,-0.0605,0.8120,buy
2024-01-19,87.0700,5833800,85.7700,87.1000,83.6010,0.0358,0.0048,-0.0096,-0.0074,-0.0686,37.3697,0.0275,-0.0258,-0.0071,0.3325,0.3377,1.0762,buy
2024-01-22,88.4600,5885300,88.0300,91.5600,86.6650,0.0160,0.0280,-0.0093,0.0094,-0.0547,44.0254,0.0275,-0.0228,-0.0035,0.4347,0.0088,1.1046,buy
2024-01-23,90.9700,5154400,89.9500,90.9900,88.5600,0.0284,0.0729,-0.0317,0.0416,-0.0296,53.6988,0.0231,-0.0177,0.0008,0.6197,-0.1242,0.9666,sell
2024-01-24,88.2300,6665700,93.2600,94.7580,88.1720,-0.0301,0.0502,-0.0368,0.0142,-0.0601,53.0022,0.0237,-0.0170,0.0017,0.4321,0.2932,1.2722,hold
2024-01-25,88.8300,4380200,89.1100,90.9600,87.9500,0.0068,0.0567,-0.0096,0.0221,-0.0553,51.7504,0.0231,-0.0151,0.0028,0.4978,-0.3429,0.8472,hold
2024-01-26,89.0000,3280500,89.5300,91.5850,88.5500,0.0019,0.0222,0.0271,0.0213,-0.0545,49.4216,0.0199,-0.0134,0.0036,0.5349,-0.2511,0.6482,buy
2024-01-29,93.2700,4556000,89.1600,93.3300,89.0000,0.0480,0.0544,0.0839,0.0615,-0.0102,48.6224,0.0240,-0.0077,0.0068,0.9197,0.3888,0.8934,sell
2024-01-30,90.9200,3722100,92.4000,92.6200,89.8700,-0.0252,-0.0005,0.0723,0.0276,-0.0351,48.6224,0.0254,-0.0058,0.0072,0.7168,-0.1830,0.7323,sell
2024-01-31,88.0600,4019100,90.0000,92.2600,88.0300,-0.0315,-0.0019,0.0482,-0.0093,-0.0651,46.8201,0.0278,-0.0068,0.0053,0.4629,0.0798,0.7963,hold
2024-02-01,88.6500,2883300,88.9100,90.3900,87.2210,0.0067,-0.0020,0.0546,-0.0078,-0.0580,54.3141,0.0278,-0.0068,0.0042,0.5070,-0.2826,0.5805,buy
2024-02-02,91.0300,3622100,89.0600,91.2100,87.9000,0.0268,0.0228,0.0455,0.0144,-0.0319,59.9760,0.0268,-0.0045,0.0050,0.7067,0.2562,0.7408,sell
2024-02-05,87.7500,4352600,90.0000,90.5200,86.7540,-0.0360,-0.0592,-0.0080,-0.0214,-0.0656,55.4855,0.0293,-0.0058,0.0032,0.4191,0.2017,0.8978,buy
2024-02-06,93.4800,6738000,89.0100,93.5400,88.6300,0.0653,0.0282,0.0276,0.0396,-0.0043,64.8293,0.0351,-0.0014,0.0057,0.9422,0.5480,1.3942,buy
2024-02-07,94.4900,5037300,93.5000,96.0600,91.8700,0.0108,0.0730,0.0710,0.0435,0.0065,65.8559,0.0331,0.0026,0.0077,0.9806,-0.2524,1.0388,hold
2024-02-08,94.7000,5812300,95.7500,98.5400,93.0900,0.0022,0.0682,0.0661,0.0391,0.0105,62.6786,0.0332,0.0059,0.0088,0.9362,0.1539,1.1975,buy
2024-02-09,95.8000,3980200,95.4500,96.8800,93.7600,0.0116,0.0524,0.0764,0.0434,0.0247,62.3154,0.0331,0.0093,0.0097,0.9471,-0.3152,0.8447,buy
2024-02-12,98.5700,5782500,96.0000,99.8000,96.0000,0.0289,0.1233,0.0568,0.0674,0.0562,62.6414,0.0311,0.0137,0.0113,1.0323,0.4528,1.2135,sell
2024-02-13,89.9400,10965600,94.1400,95.8800,87.6000,-0.0876,-0.0379,-0.0108,-0.0250,-0.0334,52.3783,0.0423,0.0113,0.0069,0.4719,0.8963,2.1570,buy
2024-02-14,91.2400,6883400,90.7600,91.9000,87.3000,0.0145,-0.0344,0.0361,-0.0143,-0.0168,53.2879,0.0410,0.0092,0.0039,0.5371,-0.3723,1.3248,buy
2024-02-15,94.5000,13249800,91.7500,95.1700,91.0700,0.0357,-0.0021,0.0660,0.0145,0.0205,56.9200,0.0422,0.0101,0.0040,0.7553,0.9249,2.3492,sell
2024-02-16,72.0000,40211800,76.9700,78.6100,71.0000,-0.2381,-0.2484,-0.2091,-0.2109,-0.2168,31.6543,0.0874,-0.0105,-0.0149,-0.3718,2.0349,5.4642,sell
2024-02-20,67.2500,19209900,68.0300,68.3800,66.0000,-0.0660,-0.3177,-0.2336,-0.2461,-0.2629,30.3959,0.0886,-0.0368,-0.0331,-0.2467,-0.5223,2.3937,sell
2024-02-21,63.9000,12774700,66.5800,68.0100,63.5700,-0.0498,-0.2895,-0.3164,-0.2590,-0.2939,30.1512,0.0832,-0.0635,-0.0477,-0.1465,-0.3350,1.5196,hold
2024-02-22,63.2900,13240500,65.0600,65.3000,62.2600,-0.0095,-0.3063,-0.3302,-0.2386,-0.2944,29.1721,0.0823,-0.0837,-0.0542,-0.0415,0.0365,1.5158,hold
2024-02-23,64.4800,8515100,63.1900,65.2000,62.8530,0.0188,-0.3177,-0.3191,-0.1950,-0.2749,27.7601,0.0833,-0.0949,-0.0527,0.0576,-0.3569,0.9523,hold
2024-02-26,64.3500,6193900,64.4500,65.8600,63.6300,-0.0020,-0.1063,-0.3283,-0.1638,-0.2703,29.3067,0.0826,-0.1041,-0.0495,0.1092,-0.2726,0.6816,hold
2024-02-27,63.8300,8088300,62.9400,64.0900,61.4750,-0.0081,-0.0509,-0.3524,-0.1313,-0.2700,21.1182,0.0801,-0.1115,-0.0452,0.1445,0.3058,0.8731,hold
2024-02-28,63.7100,5206600,63.0000,64.7700,62.7500,-0.0019,-0.0030,-0.2916,-0.1008,-0.2648,19.4885,0.0790,-0.1158,-0.0395,0.1799,-0.3563,0.5576,hold
2024-02-29,63.1800,5618200,64.7400,65.0440,62.8100,-0.0083,-0.0017,-0.3075,-0.0716,-0.2653,18.9519,0.0779,-0.1193,-0.0339,0.2031,0.0791,0.5965,hold
2024-03-01,63.3500,4729700,63.4100,63.8200,62.6200,0.0027,-0.0175,-0.3296,-0.0244,-0.2581,17.4393,0.0753,-0.1194,-0.0274,0.2342,-0.1581,0.4973,hold
2024-03-04,63.0200,6593700,63.2000,63.7690,61.1000,-0.0052,-0.0207,-0.1247,-0.0159,-0.2565,12.4921,0.0253,-0.1194,-0.0215,0.2545,0.3941,0.6826,hold
2024-03-05,62.7900,5956300,62.3500,64.7300,62.0400,-0.0036,-0.0163,-0.0663,-0.0126,-0.2546,15.1834,0.0172,-0.1183,-0.0160,0.2739,-0.0967,0.6116,hold
2024-03-06,62.6700,5141300,62.7300,63.2990,61.3000,-0.0019,-0.0163,-0.0192,-0.0126,-0.2508,12.2190,0.0082,-0.1161,-0.0109,0.2939,-0.1368,0.5323,buy
2024-03-07,63.0700,4762600,62.7500,63.2450,61.3500,0.0064,-0.0017,-0.0035,-0.0059,-0.2409,5.0358,0.0081,-0.1116,-0.0057,0.3207,-0.0737,0.4937,buy
2024-03-08,64.5000,5397400,63.6400,65.7800,63.3400,0.0227,0.0182,0.0003,0.0166,-0.2180,22.9827,0.0091,-0.1033,0.0002,0.3646,0.1333,0.5608,hold
2024-03-11,64.4100,3960500,64.2700,65.5500,63.8300,-0.0014,0.0221,0.0009,0.0151,-0.2134,34.5987,0.0091,-0.0978,0.0047,0.3818,-0.2662,0.4115,sell
2024-03-12,64.1300,3725400,64.5500,65.1730,62.9700,-0.0043,0.0213,0.0047,0.0102,-0.2110,51.8699,0.0088,-0.0930,0.0080,0.3947,-0.0594,0.3913,buy
2024-03-13,64.4700,3290600,63.9900,66.0500,63.7500,0.0053,0.0287,0.0119,0.0143,-0.2015,60.0340,0.0089,-0.0869,0.0108,0.4242,-0.1167,0.3601,buy
2024-03-14,64.6600,4912500,65.1700,66.7500,63.4580,0.0029,0.0252,0.0234,0.0150,-0.1943,51.8443,0.0082,-0.0811,0.0130,0.4568,0.4929,0.5435,sell
2024-03-15,63.9900,3755700,64.4200,65.2400,63.7800,-0.0104,-0.0079,0.0101,0.0034,-0.1981,46.6790,0.0091,-0.0775,0.0141,0.4559,-0.2355,0.4385,sell
2024-03-18,63.3700,3746300,64.0000,64.2550,62.8200,-0.0097,-0.0161,0.0056,-0.0068,-0.2010,45.8333,0.0096,-0.0746,0.0144,0.3625,-0.0025,0.5558,buy
2024-03-19,64.5400,5830800,64.2500,66.1200,63.7100,0.0185,0.0064,0.0279,0.0087,-0.1811,56.3166,0.0110,-0.0681,0.0154,0.7908,0.5564,0.9603,buy
2024-03-20,64.9500,4677900,64.1800,65.5700,63.4560,0.0064,0.0074,0.0364,0.0115,-0.1698,63.7209,0.0109,-0.0624,0.0164,0.8978,-0.1977,0.8254,sell
2024-03-21,63.8300,3915800,65.1500,65.4920,63.8200,-0.0172,-0.0128,0.0121,-0.0071,-0.1783,53.2433,0.0126,-0.0600,0.0162,0.4873,-0.1629,0.7529,sell
2024-03-22,63.5800,3336300,63.8800,64.3000,62.7370,-0.0039,-0.0064,-0.0143,-0.0095,-0.1760,53.8251,0.0102,-0.0571,0.0155,0.4110,-0.1480,0.6751,buy
2024-03-25,64.6400,2971000,63.9700,64.9600,63.3900,0.0167,0.0200,0.0036,0.0066,-0.1574,61.3497,0.0117,-0.0518,0.0157,0.7923,-0.1095,0.6214,hold
2024-03-26,64.6500,3197000,65.1300,65.8000,64.0300,0.0002,0.0017,0.0081,0.0059,-0.1526,62.3134,0.0116,-0.0478,0.0158,0.7717,0.0761,0.7048,buy
2024-03-27,65.5800,2646000,65.1900,65.6100,64.1700,0.0144,0.0097,0.0172,0.0187,-0.1360,64.6441,0.0123,-0.0424,0.0162,0.9995,-0.1723,0.6002,sell
2024-03-28,65.1700,3435500,65.8600,66.6500,64.8150,-0.0063,0.0210,0.0079,0.0115,-0.1371,54.4371,0.0125,-0.0389,0.0161,0.8333,0.2984,0.7991,sell
2024-04-01,64.1900,3664000,65.2700,65.4500,63.2500,-0.0150,0.0096,0.0031,-0.0040,-0.1456,48.6967,0.0131,-0.0373,0.0148,0.5246,0.0665,0.8630,sell
2024-04-02,62.8500,2994800,62.8100,63.1700,61.5300,-0.0209,-0.0277,-0.0082,-0.0240,-0.1580,43.2632,0.0144,-0.0375,0.0125,0.1192,-0.1826,0.7366,sell
2024-04-03,62.2200,3496100,62.2500,62.5400,61.5000,-0.0100,-0.0376,-0.0359,-0.0303,-0.1606,38.5087,0.0130,-0.0379,0.0101,-0.0279,0.1674,0.8867,sell
2024-04-04,60.2400,4081900,62.7600,63.0300,60.1900,-0.0318,-0.0814,-0.0725,-0.0542,-0.1805,30.9154,0.0151,-0.0413,0.0066,-0.2775,0.1676,1.0494,sell
2024-04-05,59.8300,5189300,59.9100,60.6000,58.4000,-0.0068,-0.0819,-0.0627,-0.0547,-0.1797,31.6254,0.0147,-0.0434,0.0039,-0.1599,0.2713,1.3268,buy
2024-04-08,60.8500,2694400,60.0000,61.2800,59.4800,0.0170,-0.0520,-0.0429,-0.0345,-0.1593,39.2491,0.0165,-0.0422,0.0035,0.0760,-0.4808,0.7135,buy
2024-04-09,62.8500,3937100,61.1700,63.2100,60.8800,0.0329,0.0000,-0.0277,0.0001,-0.1253,43.2669,0.0193,-0.0375,0.0054,0.3953,0.4612,1.0430,sell
2024-04-10,61.1400,3394200,60.5400,61.5600,60.1200,-0.0272,-0.0174,-0.0543,-0.0216,-0.1415,36.2455,0.0208,-0.0376,0.0051,0.1707,-0.1379,0.9031,buy
2024-04-11,61.9500,2256500,61.6000,61.9900,60.4000,0.0132,0.0284,-0.0554,-0.0029,-0.1229,43.0576,0.0207,-0.0350,0.0058,0.3092,-0.3352,0.6088,sell
2024-04-12,59.9000,3032500,60.7400,61.4500,59.7700,-0.0331,0.0012,-0.0809,-0.0276,-0.1451,38.0052,0.0224,-0.0367,0.0043,0.0743,0.3439,0.8394,sell
2024-04-15,58.9400,3418300,59.9600,60.3800,58.4000,-0.0160,-0.0314,-0.0818,-0.0350,-0.1517,31.2992,0.0225,-0.0387,0.0025,0.0283,0.1272,0.9506,sell
2024-04-16,57.8200,3465400,58.6200,58.8650,57.4700,-0.0190,-0.0800,-0.0800,-0.0455,-0.1597,29.1131,0.0224,-0.0416,0.0003,-0.0071,0.0138,0.9675,hold
2024-04-17,57.5900,2856300,58.1800,58.5150,57.4300,-0.0040,-0.0581,-0.0744,-0.0419,-0.1557,24.4728,0.0224,-0.0433,-0.0010,0.0435,-0.1758,0.8320,buy
2024-04-18,58.6900,3120700,57.6500,58.9200,57.2500,0.0191,-0.0526,-0.0257,-0.0211,-0.1307,30.1714,0.0220,-0.0416,-0.0001,0.1880,0.0926,0.9301,sell
2024-04-19,56.9000,3592700,57.5400,58.5600,56.3200,-0.0305,-0.0501,-0.0490,-0.0463,-0.1477,28.7463,0.0238,-0.0443,-0.0012,0.0748,0.1512,1.0760,buy
2024-04-22,58.5700,3926100,57.3100,58.6300,56.1600,0.0293,-0.0063,-0.0375,-0.0146,-0.1131,37.7574,0.0253,-0.0413,0.0004,0.2556,0.0928,1.1655,buy
2024-04-23,61.7400,5653800,59.0000,62.4400,58.9000,0.0541,0.0678,-0.0177,0.0407,-0.0554,48.8012,0.0293,-0.0334,0.0050,0.5631,0.4401,1.6142,hold
2024-04-24,61.8300,3181900,61.7100,62.4400,60.7200,0.0015,0.0736,0.0113,0.0410,-0.0432,54.3850,0.0278,-0.0283,0.0080,0.5897,-0.4372,0.9086,buy
2024-04-25,62.8100,8516300,59.9300,63.2100,59.6640,0.0158,0.0702,0.0139,0.0560,-0.0198,57.9679,0.0280,-0.0224,0.0107,0.7211,1.6765,2.2439,sell
2024-04-26,56.3500,18083800,60.7300,60.7400,56.1000,-0.1028,-0.0097,-0.0593,-0.0469,-0.1110,40.6794,0.0425,-0.0291,0.0062,0.0505,1.1234,3.9939,buy
2024-04-29,58.6600,8834800,57.1800,59.8860,56.8900,0.0410,0.0015,-0.0048,-0.0074,-0.0639,41.4315,0.0447,-0.0275,0.0051,0.3277,-0.5115,1.8458,sell
2024-04-30,57.6600,7035200,60.1200,61.4600,57.6200,-0.0170,-0.0661,-0.0028,-0.0240,-0.0756,42.6706,0.0446,-0.0288,0.0035,0.2331,-0.2037,1.4103,buy
2024-05-01,59.1300,4339500,57.2800,60.5800,57.2500,0.0255,-0.0437,0.0267,-0.0018,-0.0496,44.2213,0.0452,-0.0264,0.0041,0.4306,-0.3832,0.8626,buy
2024-05-02,59.9450,2667000,59.2500,59.9900,58.0400,0.0138,-0.0456,0.0214,0.0099,-0.0353,50.0971,0.0451,-0.0233,0.0054,0.5368,-0.3854,0.5377,sell
2024-05-03,59.1100,3904600,61.3000,61.4800,58.7000,-0.0139,0.0490,0.0388,-0.0079,-0.0474,50.3689,0.0440,-0.0223,0.0054,0.4345,0.4640,0.7976,buy
2024-05-06,60.3300,3110300,59.7700,61.1700,59.5480,0.0206,0.0285,0.0300,0.0096,-0.0265,55.4235,0.0435,-0.0190,0.0066,0.5946,-0.2034,0.6326,hold
2024-05-07,60.1400,2233700,59.9900,60.6500,59.5300,-0.0031,0.0430,-0.0259,0.0091,-0.0282,55.5195,0.0398,-0.0169,0.0070,0.5949,-0.2818,0.4624,hold
2024-05-08,59.5500,1921200,59.2900,59.9200,58.7700,-0.0098,0.0071,-0.0369,0.0031,-0.0364,51.9035,0.0398,-0.0159,0.0066,0.5242,-0.1399,0.4038,hold
2024-05-09,60.2400,1855400,59.4400,60.4700,58.6800,0.0116,0.0049,-0.0409,0.0191,-0.0242,57.7711,0.0396,-0.0137,0.0068,0.6429,-0.0342,0.3916,sell
2024-05-10,57.9100,3400600,60.1300,60.3300,57.5920,-0.0387,-0.0203,0.0277,-0.0229,-0.0603,48.5102,0.0238,-0.0157,0.0045,0.3081,0.8328,0.7150,buy
2024-05-13,60.1600,3744900,58.3800,61.0900,58.3600,0.0389,-0.0028,0.0256,0.0125,-0.0228,46.2788,0.0234,-0.0130,0.0051,0.6338,0.1012,0.7847,buy
2024-05-14,62.2600,9784700,61.2400,66.5800,61.0800,0.0349,0.0353,0.0798,0.0398,0.0116,50.9251,0.0242,-0.0082,0.0075,0.8911,1.6128,1.9230,hold
2024-05-15,62.2700,3920400,63.8800,64.2000,61.5100,0.0002,0.0457,0.0531,0.0345,0.0119,48.7876,0.0235,-0.0046,0.0088,0.8506,-0.5993,0.7625,sell
2024-05-16,61.2500,2638600,61.7900,62.4600,61.0900,-0.0164,0.0168,0.0218,0.0154,-0.0042,64.5573,0.0243,-0.0031,0.0084,0.6917,-0.3270,0.5156,hold
2024-05-17,61.4400,1960100,61.4100,61.6500,60.6000,0.0031,0.0610,0.0394,0.0146,-0.0006,59.4493,0.0236,-0.0016,0.0079,0.6980,-0.2571,0.3892,sell
2024-05-20,59.2700,4034100,61.1800,61.4600,58.8500,-0.0353,-0.0148,-0.0176,-0.0195,-0.0342,55.0693,0.0258,-0.0034,0.0052,0.3781,1.0581,0.8003,sell
2024-05-21,57.9700,2713600,58.8900,59.0400,57.8640,-0.0219,-0.0689,-0.0361,-0.0376,-0.0534,46.3081,0.0266,-0.0065,0.0018,0.2183,-0.3273,0.5545,buy
2024-05-22,58.5200,1840700,57.8000,58.9800,57.7800,0.0095,-0.0602,-0.0173,-0.0268,-0.0427,45.3869,0.0267,-0.0081,0.0002,0.3183,-0.3217,0.3813,sell
2024-05-23,56.2000,3588200,58.1900,58.3300,56.1200,-0.0396,-0.0824,-0.0671,-0.0590,-0.0782,41.4058,0.0288,-0.0129,-0.0035,0.0286,0.9494,0.7834,buy
2024-05-24,56.7600,2035600,56.4200,56.9500,56.2600,0.0100,-0.0762,-0.0199,-0.0478,-0.0666,39.0289,0.0268,-0.0153,-0.0048,0.0990,-0.4327,0.5388,hold
2024-05-28,56.4500,2459400,56.7700,57.1200,55.8000,-0.0055,-0.0476,-0.0617,-0.0471,-0.0693,38.7431,0.0227,-0.0177,-0.0057,0.0986,0.2082,0.7109,hold
2024-05-29,56.4800,2481900,55.6400,56.6000,55.0100,0.0005,-0.0257,-0.0928,-0.0372,-0.0667,40.3032,0.0179,-0.0192,-0.0058,0.1268,0.0091,0.7680,buy
2024-05-30,57.3200,2495700,56.7800,57.9600,56.1000,0.0149,-0.0205,-0.0795,-0.0145,-0.0506,40.8636,0.0193,-0.0187,-0.0044,0.2578,0.0056,0.7949,hold
2024-05-31,57.4000,2961000,57.4400,58.4700,56.2750,0.0014,0.0214,-0.0629,-0.0066,-0.0469,48.1428,0.0193,-0.0182,-0.0031,0.2882,0.1864,0.9387,buy
2024-06-03,57.9400,3315700,58.5000,59.2360,57.1800,0.0094,0.0208,-0.0570,0.0089,-0.0360,40.7654,0.0197,-0.0167,-0.0014,0.3660,0.1198,1.0611,hold
2024-06-04,57.7800,2093700,57.0900,58.4000,56.7500,-0.0028,0.0236,-0.0251,0.0087,-0.0368,27.7778,0.0168,-0.0157,-0.0003,0.3613,-0.3685,0.6811,buy
2024-06-05,58.1200,2032900,57.9500,58.2500,57.1300,0.0059,0.0290,0.0026,0.0144,-0.0290,30.0672,0.0154,-0.0142,0.0009,0.4169,-0.0290,0.6635,hold
2024-06-06,57.9700,2613800,57.6600,58.8700,57.2400,-0.0026,0.0113,-0.0094,0.0127,-0.0294,32.8092,0.0151,-0.0132,0.0016,0.4077,0.2857,0.8436,sell
2024-06-07,57.3500,2722800,57.0800,58.4000,56.8300,-0.0107,-0.0009,0.0205,-0.0001,-0.0371,29.4884,0.0079,-0.0132,0.0014,0.3452,0.0417,0.8666,buy
2024-06-10,57.8800,1858000,56.8000,58.0400,56.5200,0.0092,-0.0010,0.0197,0.0072,-0.0258,41.6567,0.0078,-0.0121,0.0019,0.4143,-0.3176,0.6062,buy
2024-06-11,58.1700,2216700,57.6300,58.2200,56.9500,0.0050,0.0067,0.0305,0.0092,-0.0190,51.3661,0.0074,-0.0107,0.0026,0.4642,0.1931,0.7418,sell
2024-06-12,56.3600,5177500,59.9600,60.4300,55.9800,-0.0311,-0.0303,-0.0021,-0.0220,-0.0474,37.4126,0.0131,-0.0124,0.0010,0.2392,1.3357,1.8773,sell
2024-06-13,54.2000,5537500,56.5000,56.5550,53.4000,-0.0383,-0.0650,-0.0544,-0.0544,-0.0814,38.1235,0.0167,-0.0171,-0.0025,-0.0408,0.0695,1.9506,buy
2024-06-14,54.5100,3334000,53.5300,54.7700,53.2000,0.0057,-0.0495,-0.0503,-0.0442,-0.0744,36.2301,0.0169,-0.0196,-0.0041,0.0388,-0.3979,1.1602,sell
2024-06-17,53.9700,3067100,54.2300,55.0300,53.7100,-0.0099,-0.0676,-0.0685,-0.0470,-0.0817,35.2381,0.0162,-0.0224,-0.0054,-0.0307,-0.0801,1.0472,sell
2024-06-18,52.5300,2837000,53.8800,54.3500,52.5000,-0.0267,-0.0970,-0.0909,-0.0637,-0.1037,29.8675,0.0172,-0.0270,-0.0076,-0.1264,-0.0750,0.9888,buy
2024-06-20,53.6700,3634100,52.3000,53.8800,51.5100,0.0217,-0.0477,-0.0766,-0.0358,-0.0813,31.9485,0.0194,-0.0276,-0.0069,0.1017,0.2810,1.2466,buy
2024-06-21,54.4000,3167000,53.7300,54.6500,52.8200,0.0136,0.0037,-0.0616,-0.0163,-0.0667,36.0595,0.0205,-0.0267,-0.0050,0.2329,-0.1285,1.0622,hold
2024-06-24,54.4500,2248900,54.2500,55.1600,53.8550,0.0009,-0.0011,-0.0506,-0.0103,-0.0634,33.0088,0.0205,-0.0258,-0.0034,0.2589,-0.2899,0.7716,hold
2024-06-25,54.6400,1951100,54.3000,54.9700,53.7400,0.0035,0.0124,-0.0560,-0.0009,-0.0585,34.7573,0.0202,-0.0246,-0.0017,0.3030,-0.1324,0.6704,buy
2024-06-26,57.1600,4402400,54.3800,57.6400,54.2100,0.0461,0.0881,-0.0174,0.0471,-0.0144,46.1538,0.0259,-0.0188,0.0024,0.6419,1.2564,1.4638,buy
2024-06-27,59.1500,4277500,57.1400,59.5100,56.7700,0.0348,0.1021,0.0495,0.0780,0.0194,54.1201,0.0259,-0.0117,0.0070,0.8698,-0.0284,1.3811,buy
2024-06-28,59.9300,4896000,59.5600,60.9800,59.5100,0.0132,0.1017,0.1057,0.0810,0.0320,58.9088,0.0210,-0.0054,0.0105,0.9193,0.1446,1.5218,buy
2024-07-01,62.4700,5564500,60.1800,63.7600,60.0500,0.0424,0.1473,0.1460,0.1108,0.0744,63.9175,0.0232,0.0027,0.0144,1.0809,0.1365,1.6623,sell
2024-07-02,61.3600,3069400,62.4500,62.7300,60.5200,-0.0178,0.1230,0.1369,0.0769,0.0537,59.2143,0.0242,0.0076,0.0156,0.9197,-0.4484,0.9203,buy
2024-07-03,62.2900,2106500,61.8700,62.8800,61.5100,0.0152,0.0897,0.1858,0.0749,0.0683,68.0463,0.0197,0.0123,0.0161,0.9422,-0.3137,0.6315,hold
2024-07-05,62.0800,2917800,62.0000,63.0900,61.1680,-0.0034,0.0495,0.1567,0.0559,0.0645,77.2099,0.0207,0.0158,0.0157,0.8820,0.3851,0.8633,sell
2024-07-08,61.0200,2648600,62.3700,62.5580,60.8500,-0.0171,0.0182,0.1217,0.0263,0.0467,71.3723,0.0230,0.0172,0.0137,0.7771,-0.0923,0.7832,buy
2024-07-09,63.1100,3021500,60.8800,63.1600,60.5200,0.0343,0.0102,0.1590,0.0462,0.0824,77.2348,0.0237,0.0199,0.0132,0.8859,0.1408,0.8896,sell
2024-07-10,61.3700,3710000,63.4700,63.7400,60.7300,-0.0276,0.0002,0.1232,0.0062,0.0507,75.8782,0.0272,0.0207,0.0110,0.7435,0.2279,1.0633,sell
2024-07-11,60.6700,3214100,62.2100,63.5000,60.5400,-0.0114,-0.0260,0.0614,-0.0110,0.0380,71.0336,0.0252,0.0199,0.0081,0.6838,-0.1337,0.9082,buy
2024-07-12,61.3200,2827000,61.1000,62.1100,60.7400,0.0107,-0.0122,0.0367,-0.0039,0.0479,70.8937,0.0232,0.0195,0.0063,0.7081,-0.1204,0.8262,buy
2024-07-15,62.4400,3701400,61.4600,63.2700,60.2500,0.0183,0.0233,0.0419,0.0101,0.0658,72.6602,0.0235,0.0202,0.0058,0.7564,0.3093,1.1116,buy
2024-07-16,64.7300,4030100,62.7400,65.1100,62.7200,0.0367,0.0257,0.0362,0.0434,0.1031,75.5702,0.0225,0.0229,0.0072,0.8657,0.0888,1.1978,hold
2024-07-17,64.7700,4221800,63.8800,66.1800,63.7530,0.0006,0.0554,0.0556,0.0383,0.1016,72.0580,0.0213,0.0254,0.0077,0.8335,0.0476,1.2336,sell
2024-07-18,62.7700,3600200,64.7100,66.1910,62.2700,-0.0309,0.0346,0.0077,0.0055,0.0667,60.4867,0.0238,0.0253,0.0057,0.6853,-0.1472,1.0404,hold
2024-07-19,62.5500,2545100,62.8100,64.2500,62.2970,-0.0035,0.0201,0.0076,0.0012,0.0621,57.8443,0.0238,0.0242,0.0036,0.6518,-0.2931,0.7472,sell
2024-07-22,62.0500,2635600,62.9700,62.9700,60.6400,-0.0080,-0.0062,0.0169,-0.0084,0.0527,48.5675,0.0232,0.0225,0.0014,0.5921,0.0356,0.7799,hold
2024-07-23,62.0900,2292800,61.5000,62.6800,60.6100,0.0006,-0.0408,-0.0162,-0.0062,0.0528,52.6858,0.0203,0.0208,-0.0003,0.5737,-0.1301,0.6780,sell
2024-07-24,55.5900,7748000,60.0400,60.0500,55.4000,-0.1047,-0.1417,-0.0942,-0.1019,-0.0567,32.5157,0.0381,0.0122,-0.0091,-0.1633,2.3793,2.1103,buy
2024-07-25,57.4500,3518100,55.5100,58.8800,55.3000,0.0335,-0.0848,-0.0531,-0.0670,-0.0243,38.8755,0.0404,0.0058,-0.0118,0.0397,-0.5459,0.9699,buy
2024-07-26,59.0400,3006700,58.5000,59.0600,57.4200,0.0277,-0.0561,-0.0372,-0.0376,0.0038,45.3608,0.0415,0.0032,-0.0111,0.2236,-0.1454,0.8437,hold
2024-07-29,58.9000,2442900,59.1800,59.7200,58.0500,-0.0024,-0.0508,-0.0567,-0.0343,0.0026,39.1439,0.0408,0.0011,-0.0106,0.2198,-0.1875,0.7099,sell
2024-07-30,57.4400,2876300,58.3500,59.3000,56.9000,-0.0248,-0.0749,-0.1126,-0.0469,-0.0210,39.7174,0.0384,-0.0027,-0.0117,0.1110,0.1774,0.8698,buy
2024-07-31,58.2100,2828600,57.6000,58.9700,56.9400,0.0134,0.0471,-0.1013,-0.0235,-0.0067,43.5871,0.0390,-0.0045,-0.0107,0.2186,-0.0166,0.8585,sell
2024-08-01,55.3300,6806700,58.5900,58.6800,54.3600,-0.0495,-0.0369,-0.1185,-0.0601,-0.0546,36.0112,0.0405,-0.0103,-0.0135,0.0176,1.4064,1.9284,sell
2024-08-02,53.1400,7584600,56.9000,57.9800,52.9500,-0.0396,-0.0999,-0.1504,-0.0826,-0.0905,29.3149,0.0413,-0.0185,-0.0175,-0.0516,0.1143,2.0156,sell
2024-08-05,51.6700,6725100,49.8500,52.9600,48.3300,-0.0277,-0.1228,-0.1673,-0.0917,-0.1136,19.8522,0.0414,-0.0273,-0.0210,-0.0425,-0.1133,1.6953,buy
2024-08-06,53.0300,4386500,52.2300,53.8200,51.3000,0.0263,-0.0768,-0.1459,-0.0527,-0.0893,24.4561,0.0434,-0.0306,-0.0195,0.1038,-0.3477,1.0871,hold
2024-08-07,52.8400,5064000,53.6800,56.8500,52.7900,-0.0036,-0.0923,-0.0495,-0.0514,-0.0913,26.5470,0.0297,-0.0337,-0.0181,0.1387,0.1545,1.2343,buy
2024-08-08,55.6100,4041800,53.0050,55.7000,52.8000,0.0524,0.0051,-0.0320,0.0016,-0.0434,35.3710,0.0329,-0.0300,-0.0121,0.3234,-0.2019,0.9753,hold
2024-08-09,55.1000,2091100,55.7000,55.7700,54.6100,-0.0092,0.0369,-0.0667,-0.0005,-0.0517,35.3561,0.0311,-0.0290,-0.0088,0.3121,-0.4826,0.5091,sell
2024-08-12,53.5200,2683900,55.3200,55.3200,53.2850,-0.0287,0.0358,-0.0913,-0.0196,-0.0777,33.0431,0.0318,-0.0309,-0.0081,0.2444,0.2835,0.6616,buy
2024-08-13,56.5100,2898800,54.0000,57.1300,53.8400,0.0559,0.0656,-0.0162,0.0370,-0.0259,52.1140,0.0372,-0.0255,-0.0031,0.4435,0.0801,0.7247,hold
2024-08-14,56.2200,2450300,57.0200,57.2400,55.2500,-0.0051,0.0640,-0.0342,0.0354,-0.0303,46.9539,0.0368,-0.0227,-0.0002,0.4467,-0.1547,0.6265,buy
2024-08-15,59.2700,3995800,57.1600,61.0000,57.0600,0.0543,0.0658,0.0712,0.0837,0.0217,50.5312,0.0368,-0.0151,0.0050,0.6941,0.6307,1.0164,sell
2024-08-16,58.5800,1968200,58.8300,59.7700,58.4900,-0.0116,0.0632,0.1024,0.0606,0.0097,49.2793,0.0338,-0.0109,0.0076,0.6698,-0.5074,0.5044,buy
2024-08-19,61.9600,3166200,59.3800,62.2800,58.8900,0.0577,0.1577,0.1991,0.1012,0.0665,59.3698,0.0339,-0.0026,0.0119,0.9585,0.6087,0.8059,hold
2024-08-20,61.9900,2117700,61.7800,62.3850,61.2900,0.0005,0.0970,0.1690,0.0845,0.0653,58.0838,0.0343,0.0035,0.0144,0.9630,-0.3312,0.5402,buy
2024-08-21,62.7700,2202200,62.3200,62.8500,61.2400,0.0126,0.1165,0.1879,0.0794,0.0769,67.4812,0.0336,0.0092,0.0159,0.9528,0.0399,0.6045,sell
2024-08-22,61.8100,1999500,63.0200,63.3600,61.6500,-0.0153,0.0429,0.1115,0.0517,0.0591,71.6210,0.0327,0.0125,0.0155,0.8424,-0.0920,0.5606,buy
2024-08-23,69.1450,10749900,64.3900,70.5600,64.0000,0.1187,0.1804,0.2549,0.1490,0.1796,83.7160,0.0461,0.0217,0.0195,1.1642,4.3763,2.7187,hold
2024-08-26,69.6000,3866700,69.4300,70.4850,68.3000,0.0066,0.1233,0.3004,0.1265,0.1812,83.1268,0.0429,0.0301,0.0223,1.0613,-0.6403,0.9606,hold
2024-08-27,69.7400,2598500,69.4000,70.6800,68.8760,0.0020,0.1250,0.2341,0.1051,0.1775,83.8542,0.0423,0.0364,0.0230,0.9801,-0.3280,0.6478,sell
2024-08-28,66.8500,3319200,69.2800,69.2800,66.3100,-0.0414,0.0650,0.1891,0.0417,0.1238,72.4083,0.0463,0.0394,0.0203,0.8190,0.2774,0.8224,buy
2024-08-29,68.4400,3398300,67.4500,69.7500,67.3600,0.0238,0.1073,0.1547,0.0515,0.1444,75.4970,0.0446,0.0410,0.0178,0.8430,0.0238,0.8792,hold
2024-08-30,67.7700,6091000,68.7000,68.8300,63.8300,-0.0098,-0.0199,0.1569,0.0267,0.1279,78.2178,0.0445,0.0421,0.0150,0.7857,0.7924,1.6068,sell
2024-09-03,65.2200,2340700,67.6400,67.6400,64.9100,-0.0376,-0.0629,0.0526,-0.0168,0.0815,67.5534,0.0447,0.0407,0.0100,0.6644,-0.6157,0.6554,sell
2024-09-04,63.5500,2276200,64.3700,65.9300,63.2800,-0.0256,-0.0888,0.0252,-0.0442,0.0507,63.9939,0.0458,0.0368,0.0042,0.5763,-0.0276,0.6567,buy
2024-09-05,66.7000,4953600,66.8500,68.4000,65.3870,0.0496,-0.0022,0.0626,-0.0027,0.0984,64.1308,0.0480,0.0346,0.0029,0.6961,1.1763,1.4315,sell
2024-09-06,64.3700,3196300,66.8100,67.8400,63.6900,-0.0349,-0.0595,0.0414,-0.0412,0.0575,60.3652,0.0494,0.0323,-0.0005,0.5695,-0.3548,0.9351,buy
2024-09-09,65.4100,2507500,64.3700,66.6050,64.1500,0.0162,-0.0348,-0.0540,-0.0203,0.0724,56.7409,0.0301,0.0299,-0.0019,0.6018,-0.2155,0.7291,hold
2024-09-10,65.6600,2064500,66.0700,66.1900,64.1100,0.0038,0.0067,-0.0566,-0.0107,0.0744,57.1097,0.0300,0.0283,-0.0027,0.5950,-0.1767,0.6058,buy
2024-09-11,70.1500,4670200,68.1100,70.2000,66.9500,0.0684,0.1039,0.0059,0.0563,0.1450,62.5000,0.0381,0.0302,0.0010,0.8392,1.2621,1.3356,buy
2024-09-12,74.1300,7541500,74.6500,75.2700,72.4600,0.0567,0.1114,0.1089,0.1041,0.2050,68.9305,0.0385,0.0353,0.0061,1.0344,0.6148,2.0104,hold
2024-09-13,74.6900,3092200,74.6900,75.4500,73.6700,0.0076,0.1603,0.0913,0.1022,0.2092,60.7607,0.0383,0.0404,0.0092,0.9976,-0.5900,0.8344,hold
2024-09-16,74.3700,2601700,74.2300,74.9400,72.7310,-0.0043,0.1370,0.0974,0.0869,0.1993,59.3055,0.0380,0.0440,0.0101,0.9381,-0.1586,0.6961,hold
2024-09-17,74.6700,2773300,75.3300,76.4000,74.4200,0.0040,0.1372,0.1449,0.0764,0.1988,59.5580,0.0343,0.0464,0.0101,0.9051,0.0660,0.7459,buy
2024-09-18,77.3600,5671900,76.1800,78.6900,76.0000,0.0360,0.1028,0.2173,0.0934,0.2363,70.5354,0.0318,0.0489,0.0111,0.9881,1.0452,1.4559,hold
2024-09-19,77.4500,4290600,79.4700,79.6500,76.4130,0.0012,0.0448,0.1612,0.0783,0.2315,68.7007,0.0305,0.0517,0.0111,0.9338,-0.2435,1.0726,sell
2024-09-20,76.0200,4063100,76.7800,77.9400,75.6000,-0.0185,0.0178,0.1810,0.0415,0.2028,66.5996,0.0278,0.0528,0.0092,0.8282,-0.0530,0.9902,sell
2024-09-23,73.8000,2734600,75.9600,76.3170,73.7600,-0.0292,-0.0077,0.1283,-0.0004,0.1631,67.4959,0.0315,0.0515,0.0052,0.6901,-0.3270,0.7386,buy
2024-09-24,76.3600,3077900,74.1100,76.5100,73.7300,0.0347,0.0226,0.1630,0.0195,0.1982,75.2066,0.0320,0.0496,0.0040,0.7984,0.1255,0.8402,sell
2024-09-25,74.0100,3146700,75.9000,76.1000,73.5800,-0.0308,-0.0433,0.0550,-0.0169,0.1580,64.8517,0.0291,0.0480,0.0007,0.6630,0.0224,0.8526,hold
2024-09-26,73.7000,3691900,73.8800,74.4800,71.7400,-0.0042,-0.0484,-0.0058,-0.0205,0.1499,70.6507,0.0230,0.0448,-0.0021,0.6308,0.1733,0.9953,buy
2024-09-27,74.4100,2841300,74.4000,76.0000,74.1700,0.0096,-0.0212,-0.0037,-0.0107,0.1568,70.2156,0.0231,0.0420,-0.0036,0.6521,-0.2304,0.7718,hold
2024-09-30,74.6600,2372900,75.3200,75.4400,73.7200,0.0034,0.0117,0.0039,-0.0078,0.1563,70.2156,0.0230,0.0398,-0.0045,0.6483,-0.1649,0.6789,hold
2024-10-01,74.3400,2987000,75.6600,76.6100,73.1800,-0.0043,-0.0265,-0.0044,-0.0116,0.1470,61.5810,0.0231,0.0375,-0.0056,0.6131,0.2588,0.8467,hold
2024-10-02,74.1800,2031900,73.8400,74.7600,73.2800,-0.0022,0.0023,-0.0411,-0.0095,0.1403,50.1752,0.0192,0.0351,-0.0065,0.5839,-0.3198,0.5780,buy
2024-10-03,75.4500,2021900,73.6500,75.5400,73.3400,0.0171,0.0237,-0.0258,0.0101,0.1528,52.5367,0.0203,0.0335,-0.0059,0.6435,-0.0049,0.6002,hold
2024-10-04,75.8900,1741500,76.7100,77.3000,74.9500,0.0058,0.0199,-0.0017,0.0162,0.1530,55.0331,0.0196,0.0327,-0.0052,0.6591,-0.1387,0.5283,buy
2024-10-07,76.3500,2585300,75.9700,77.4900,75.2800,0.0061,0.0226,0.0346,0.0189,0.1539,55.5046,0.0168,0.0320,-0.0045,0.6899,0.4845,0.7834,buy
2024-10-08,78.5700,2535100,75.6300,78.7400,75.6300,0.0291,0.0569,0.0289,0.0454,0.1804,54.0906,0.0157,0.0327,-0.0022,0.9959,-0.0194,0.7628,sell
2024-10-09,77.4000,2621200,78.4700,78.7000,76.7950,-0.0149,0.0434,0.0458,0.0252,0.1559,49.8425,0.0123,0.0329,-0.0021,0.8472,0.0340,0.8137,hold
2024-10-10,77.3700,2056900,77.3700,78.5600,76.3260,-0.0004,0.0254,0.0498,0.0199,0.1489,54.6648,0.0121,0.0322,-0.0022,0.8072,-0.2153,0.6980,buy
2024-10-11,78.3700,2212500,77.2700,79.0300,77.2400,0.0129,0.0327,0.0532,0.0277,0.1558,67.2453,0.0123,0.0320,-0.0016,0.9138,0.0756,0.7622,sell
2024-10-14,76.3600,2932500,77.9600,78.1470,76.1550,-0.0256,0.0001,0.0228,-0.0009,0.1185,50.0000,0.0157,0.0304,-0.0032,0.5838,0.3254,1.0045,buy
2024-10-15,78.9300,3002700,76.2700,79.4300,76.2000,0.0337,0.0046,0.0617,0.0266,0.1470,69.0402,0.0183,0.0299,-0.0021,0.9283,0.0239,1.0245,sell
2024-10-16,77.5600,2893800,79.0100,80.7700,76.5300,-0.0174,0.0021,0.0456,0.0043,0.1191,63.8054,0.0196,0.0291,-0.0028,0.7220,-0.0363,1.0364,sell
2024-10-17,76.9500,2128400,77.0900,78.3000,76.4980,-0.0079,-0.0054,0.0199,-0.0055,0.1027,59.1498,0.0195,0.0273,-0.0039,0.6369,-0.2645,0.7930,buy
2024-10-18,80.0700,2874200,78.6100,80.2000,78.2400,0.0405,0.0217,0.0551,0.0293,0.1394,66.1492,0.0230,0.0275,-0.0020,1.0044,0.3504,1.0951,sell
2024-10-21,77.0000,2997200,79.6500,79.9000,76.4200,-0.0383,0.0084,0.0085,-0.0110,0.0889,56.8205,0.0269,0.0261,-0.0036,0.5830,0.0428,1.1363,hold
2024-10-22,76.7900,1661600,76.6500,77.2600,76.0100,-0.0027,-0.0271,-0.0227,-0.0115,0.0788,56.6752,0.0250,0.0237,-0.0049,0.5511,-0.4456,0.6473,sell
2024-10-23,73.5000,3738400,76.3300,76.9300,72.7200,-0.0428,-0.0523,-0.0504,-0.0490,0.0277,45.4798,0.0280,0.0189,-0.0088,0.1108,1.2499,1.4398,hold
2024-10-24,74.0400,2287600,74.0000,74.7600,73.5500,0.0073,-0.0378,-0.0430,-0.0379,0.0301,45.7314,0.0282,0.0145,-0.0103,0.1769,-0.3881,0.9056,buy
2024-10-25,75.2700,2281500,74.6600,76.2300,74.2500,0.0166,-0.0599,-0.0396,-0.0180,0.0426,47.5936,0.0285,0.0122,-0.0098,0.3352,-0.0027,0.9133,buy
2024-10-28,76.0500,2030300,75.9300,77.2500,75.6100,0.0104,-0.0123,-0.0041,-0.0074,0.0483,44.0000,0.0277,0.0111,-0.0085,0.4325,-0.1101,0.8183,hold
2024-10-29,76.4100,1956200,76.1700,77.0550,75.0600,0.0047,-0.0049,-0.0319,0.0006,0.0491,47.5483,0.0252,0.0106,-0.0072,0.4677,-0.0365,0.8052,buy
2024-10-30,77.5100,7243000,76.9150,79.2900,76.0800,0.0144,0.0546,-0.0006,0.0151,0.0597,50.3293,0.0251,0.0111,-0.0051,0.6138,2.7026,2.6925,sell
2024-10-31,64.0800,21958700,68.0000,68.7500,60.0500,-0.1733,-0.1345,-0.1673,-0.1464,-0.1242,28.7919,0.0605,-0.0029,-0.0180,-0.4343,2.0317,5.9558,buy
2024-11-01,65.7000,6782400,63.3500,66.0000,63.0000,0.0253,-0.1271,-0.1795,-0.1078,-0.1030,33.9940,0.0591,-0.0132,-0.0224,-0.1238,-0.6911,1.7219,buy
2024-11-04,67.1800,6687400,64.6200,69.8200,64.5110,0.0225,-0.1166,-0.1275,-0.0753,-0.0823,31.7603,0.0599,-0.0190,-0.0224,0.0451,-0.0140,1.6137,buy
2024-11-05,69.6700,5511600,67.2300,71.2700,67.0000,0.0371,-0.0882,-0.0927,-0.0316,-0.0483,38.1638,0.0619,-0.0199,-0.0185,0.2165,-0.1758,1.2839,buy
2024-11-06,72.2700,4065500,71.9600,72.9700,71.1100,0.0373,-0.0676,-0.0167,0.0063,-0.0135,43.3749,0.0620,-0.0172,-0.0127,0.3738,-0.2624,0.9314,hold
2024-11-07,72.0300,3187200,72.6000,72.8900,70.9900,-0.0033,0.1241,-0.0271,0.0058,-0.0182,37.6079,0.0620,-0.0158,-0.0091,0.3748,-0.2160,0.7208,buy
2024-11-08,73.8200,4265900,71.4900,74.1380,70.7600,0.0249,0.1236,-0.0193,0.0329,0.0047,44.8973,0.0623,-0.0122,-0.0045,0.4864,0.3384,0.9429,buy
2024-11-11,77.1200,3474300,74.5300,77.2100,73.8500,0.0447,0.1480,0.0141,0.0774,0.0470,50.4818,0.0638,-0.0058,0.0013,0.6707,-0.1856,0.7633,hold
2024-11-12,76.6200,2906100,76.1500,77.7400,75.7500,-0.0065,0.0998,0.0027,0.0701,0.0370,54.9587,0.0639,-0.0016,0.0045,0.6525,-0.1635,0.6392,hold
2024-11-13,75.2100,2775000,75.7800,78.5680,75.1000,-0.0184,0.0407,-0.0297,0.0538,0.0147,51.8095,0.0641,0.0003,0.0052,0.5791,-0.0451,0.6111,hold
2024-11-14,74.3200,2269400,75.5700,76.3500,74.2000,-0.0118,0.0318,0.1598,0.0266,0.0006,48.5152,0.0230,0.0009,0.0046,0.5350,-0.1822,0.4990,sell
2024-11-15,68.8700,5824100,74.5000,74.5000,68.7700,-0.0733,-0.0671,0.0482,-0.0528,-0.0739,40.2073,0.0358,-0.0049,-0.0007,0.2342,1.5664,1.2404,buy
2024-11-18,74.0300,4535800,71.2800,74.4400,70.2200,0.0749,-0.0401,0.1020,0.0086,-0.0068,47.1298,0.0419,-0.0032,0.0006,0.5636,-0.2212,0.9505,hold
2024-11-19,73.6100,2853400,72.8900,75.0200,72.1800,-0.0057,-0.0393,0.0566,-0.0024,-0.0145,45.2182,0.0411,-0.0026,0.0010,0.5483,-0.3709,0.5906,sell
2024-11-20,68.7100,8627000,67.9900,69.8500,65.9700,-0.0666,-0.0864,-0.0493,-0.0643,-0.0798,57.1783,0.0453,-0.0079,-0.0033,0.2529,2.0234,1.6995,hold
2024-11-21,68.6800,2716800,69.5200,69.8530,68.1500,-0.0004,-0.0759,-0.0465,-0.0605,-0.0788,54.8598,0.0453,-0.0119,-0.0058,0.2725,-0.6851,0.5330,hold
2024-11-22,69.2000,4142200,68.0000,70.8100,67.7700,0.0076,0.0048,-0.0626,-0.0473,-0.0705,53.4007,0.0444,-0.0141,-0.0065,0.3233,0.5247,0.7980,sell
2024-11-25,68.2200,3993700,69.7120,70.1200,68.1400,-0.0142,-0.0785,-0.1154,-0.0492,-0.0821,47.4282,0.0407,-0.0172,-0.0075,0.2854,-0.0359,0.7551,sell
2024-11-26,66.3100,3405500,67.7000,68.3800,66.2300,-0.0280,-0.0992,-0.1346,-0.0623,-0.1058,39.1636,0.0410,-0.0220,-0.0097,0.1984,-0.1473,0.6352,buy
2024-11-27,67.7100,2894400,66.7300,68.2900,66.4900,0.0211,-0.0146,-0.0997,-0.0322,-0.0845,42.4634,0.0424,-0.0231,-0.0088,0.3051,-0.1501,0.5627,buy
2024-11-29,69.0300,1540100,67.8200,69.0500,67.5600,0.0195,0.0051,-0.0712,-0.0059,-0.0646,41.5041,0.0433,-0.0220,-0.0064,0.3650,-0.4679,0.3735,buy
2024-12-02,77.0500,8292400,69.6500,77.3000,69.2800,0.1162,0.1134,0.1188,0.0967,0.0438,49.8936,0.0515,-0.0107,0.0026,0.8953,4.3843,1.9751,sell
2024-12-03,75.6900,4171200,76.0500,77.7000,74.2900,-0.0177,0.1095,0.0224,0.0748,0.0249,48.6230,0.0472,-0.0050,0.0068,0.7711,-0.4970,1.0242,buy
2024-12-04,82.9400,12233300,80.1700,85.9500,79.1600,0.0958,0.2508,0.1267,0.1624,0.1211,59.7576,0.0553,0.0066,0.0140,1.1137,1.9328,2.7748,hold
2024-12-05,82.0300,4295000,82.8100,83.3900,80.1000,-0.0110,0.2115,0.1939,0.1286,0.1064,59.7275,0.0488,0.0146,0.0176,0.9749,-0.6489,0.9717,buy
2024-12-06,84.1200,4228400,83.3100,86.4810,82.6700,0.0255,0.2186,0.2248,0.1332,0.1314,71.0229,0.0483,0.0221,0.0200,0.9914,-0.0155,0.9455,hold
2024-12-09,84.1200,3695500,85.0000,86.7500,81.7400,0.0000,0.0918,0.2156,0.1109,0.1284,66.2167,0.0486,0.0280,0.0208,0.9277,-0.1260,0.8316,sell
2024-12-10,81.8200,2261400,84.0900,85.2800,80.5800,-0.0273,0.0810,0.1994,0.0615,0.0955,62.4432,0.0498,0.0310,0.0188,0.8072,-0.3881,0.5159,hold
2024-12-11,82.4200,2469600,82.9900,84.2900,82.2700,0.0073,-0.0063,0.2429,0.0474,0.1011,73.8933,0.0473,0.0327,0.0165,0.8075,0.0921,0.5663,hold
2024-12-12,81.9000,1875100,82.2800,84.2600,81.8800,-0.0063,-0.0016,0.2096,0.0223,0.0919,72.6525,0.0482,0.0336,0.0138,0.7648,-0.2407,0.4344,hold
2024-12-13,82.9900,2019500,81.6600,83.1400,81.1200,0.0133,-0.0134,0.2022,0.0182,0.1042,73.1765,0.0482,0.0343,0.0118,0.7800,0.0770,0.4692,hold
2024-12-16,83.4400,1919500,82.7300,84.1000,81.0200,0.0054,-0.0081,0.0829,0.0157,0.1080,76.0438,0.0343,0.0351,0.0102,0.7682,-0.0495,0.4672,hold
2024-12-17,83.3900,2153300,81.8150,84.4000,81.6300,-0.0006,0.0192,0.1017,0.0057,0.1052,81.2134,0.0332,0.0354,0.0084,0.7431,0.1218,0.5398,sell
2024-12-18,78.4900,3515700,83.0000,84.4700,77.5900,-0.0588,-0.0477,-0.0537,-0.0483,0.0403,67.4660,0.0236,0.0324,0.0030,0.5573,0.6327,0.8740,hold
2024-12-19,78.4300,3108500,79.8400,80.7330,77.3300,-0.0008,-0.0424,-0.0439,-0.0448,0.0392,65.8784,0.0235,0.0280,-0.0012,0.5390,-0.1158,0.8297,buy
2024-12-20,80.5900,3466600,77.6700,81.8400,77.0900,0.0275,-0.0289,-0.0420,-0.0143,0.0670,57.4558,0.0238,0.0257,-0.0022,0.6027,0.1152,0.9161,sell
2024-12-23,78.8000,2484700,79.8600,80.7300,78.3600,-0.0222,-0.0556,-0.0632,-0.0299,0.0431,56.4336,0.0244,0.0229,-0.0045,0.5136,-0.2832,0.6713,buy
2024-12-24,79.5600,768300,78.9100,79.7500,78.3700,0.0096,-0.0459,-0.0276,-0.0178,0.0523,40.4412,0.0237,0.0205,-0.0053,0.5237,-0.6908,0.2170,hold
2024-12-26,79.4800,1189000,79.0800,80.0600,78.5700,-0.0010,0.0126,-0.0357,-0.0152,0.0511,42.4332,0.0234,0.0186,-0.0058,0.4879,0.5476,0.3467,sell
2024-12-27,77.0300,2286500,79.1800,79.1800,74.7100,-0.0308,-0.0179,-0.0595,-0.0398,0.0188,29.4015,0.0250,0.0148,-0.0083,0.2858,0.9230,0.6728,sell
2024-12-30,74.8900,2214100,75.3900,75.8000,73.3100,-0.0278,-0.0707,-0.0976,-0.0569,-0.0089,26.1498,0.0249,0.0093,-0.0116,0.0153,-0.0317,0.6451,hold
2024-12-31,74.3400,1686900,75.2100,75.8700,73.4630,-0.0073,-0.0566,-0.1091,-0.0530,-0.0147,28.7500,0.0243,0.0039,-0.0136,0.0170,-0.2381,0.5438,hold
2025-01-02,74.4900,1935200,75.1400,76.1410,73.5800,0.0020,-0.0637,-0.1067,-0.0402,-0.0121,26.8804,0.0245,-0.0002,-0.0142,0.0491,0.1472,0.6472,buy
2025-01-03,77.3800,2633300,74.7400,77.5000,73.9450,0.0388,-0.0264,-0.0141,-0.0015,0.0261,38.4221,0.0227,-0.0003,-0.0110,0.2963,0.3607,1.0490,buy
2025-01-06,79.9100,2688300,78.3300,81.9400,78.0100,0.0327,0.0374,0.0189,0.0291,0.0579,42.6527,0.0251,0.0022,-0.0066,0.5024,0.0209,1.1063,sell
2025-01-07,77.9900,3435400,84.2000,84.8380,76.8000,-0.0240,0.0414,-0.0323,0.0078,0.0314,37.8511,0.0246,0.0022,-0.0054,0.3691,0.2779,1.4372,buy
2025-01-08,83.0000,5502000,79.0700,84.9200,78.6000,0.0642,0.1165,0.0533,0.0667,0.0954,49.2881,0.0313,0.0068,-0.0003,0.7958,0.6016,2.2180,sell
2025-01-10,79.1900,3691400,80.8400,81.4130,78.8000,-0.0459,0.0631,-0.0047,0.0183,0.0442,51.3308,0.0352,0.0071,-0.0002,0.4831,-0.3291,1.4464,sell
2025-01-13,76.6600,2486000,77.6700,78.8200,76.3000,-0.0319,-0.0093,-0.0355,-0.0107,0.0108,46.9239,0.0367,0.0047,-0.0024,0.2871,-0.3265,0.9738,sell
2025-01-14,74.8000,2639900,77.0800,77.4900,74.1000,-0.0243,-0.0639,-0.0289,-0.0319,-0.0130,39.8314,0.0362,0.0006,-0.0053,0.1642,0.0619,1.0188,buy
2025-01-15,76.5300,2249800,77.1800,78.6300,76.2600,0.0231,-0.0187,0.0219,-0.0116,0.0065,46.0049,0.0358,-0.0009,-0.0053,0.3310,-0.1478,0.8644,sell
2025-01-16,75.1600,3027200,76.5000,76.9700,74.9180,-0.0179,-0.0945,0.0110,-0.0303,-0.0140,42.4190,0.0362,-0.0035,-0.0064,0.2286,0.3455,1.1389,hold
2025-01-17,75.8900,1797900,75.8400,77.2200,75.5600,0.0097,-0.0417,0.0188,-0.0227,-0.0067,43.9501,0.0363,-0.0047,-0.0060,0.3133,-0.4061,0.6809,buy
2025-01-21,79.7400,4072800,77.6500,81.7400,77.6500,0.0507,0.0402,0.0305,0.0238,0.0410,54.3611,0.0378,-0.0014,-0.0022,0.7159,1.2653,1.5264,hold
2025-01-22,79.6000,2576800,80.7900,81.2580,78.8000,-0.0018,0.0642,-0.0039,0.0224,0.0372,58.1011,0.0364,0.0008,0.0000,0.6922,-0.3673,0.9755,buy
2025-01-23,83.7800,3214300,79.6000,83.8500,78.5920,0.0525,0.0947,0.0742,0.0681,0.0883,64.4343,0.0387,0.0064,0.0045,1.0452,0.2474,1.2226,sell
2025-01-24,81.2900,2830500,83.6200,84.7500,80.5840,-0.0297,0.0816,-0.0206,0.0387,0.0539,59.7032,0.0347,0.0086,0.0054,0.7916,-0.1194,1.0696,sell
2025-01-27,80.2100,1856800,78.8300,81.4800,78.2800,-0.0133,0.0569,0.0129,0.0235,0.0391,54.2582,0.0315,0.0092,0.0047,0.6904,-0.3440,0.6875,buy
2025-01-28,82.3400,1788600,80.0000,83.0600,79.3500,0.0266,0.0326,0.0741,0.0431,0.0651,53.7009,0.0299,0.0112,0.0055,0.8491,-0.0367,0.6550,hold
2025-01-29,82.5800,1660700,82.4400,83.7500,80.6200,0.0029,0.0374,0.1040,0.0360,0.0662,57.3676,0.0279,0.0131,0.0059,0.8302,-0.0715,0.6152,buy
2025-01-30,85.2800,2330000,82.8000,85.7000,82.8000,0.0327,0.0179,0.1143,0.0582,0.0979,53.9528,0.0285,0.0165,0.0076,0.9716,0.4030,0.8613,sell
2025-01-31,82.7600,2863700,86.0000,86.4100,82.1800,-0.0295,0.0181,0.1011,0.0174,0.0617,56.4791,0.0301,0.0175,0.0067,0.7574,0.2291,1.0361,sell
2025-02-03,79.1000,3228900,80.3300,82.2700,79.0000,-0.0442,-0.0138,0.0423,-0.0314,0.0134,54.2538,0.0346,0.0148,0.0028,0.4537,0.1275,1.1415,buy
2025-02-04,80.1600,3266600,79.0800,82.7000,78.8700,0.0134,-0.0265,0.0053,-0.0190,0.0253,59.6126,0.0309,0.0127,0.0007,0.5304,0.0117,1.1420,buy
2025-02-05,81.6500,2096900,80.1200,81.7100,79.5200,0.0186,-0.0113,0.0258,-0.0032,0.0409,59.2619,0.0314,0.0124,0.0005,0.6469,-0.3581,0.7407,hold
2025-02-06,81.0800,1926300,81.1600,82.1200,80.2900,-0.0070,-0.0492,-0.0322,-0.0069,0.0304,61.0283,0.0262,0.0117,-0.0002,0.5872,-0.0814,0.6991,buy
2025-02-07,85.0000,3208300,80.8700,85.1900,80.8700,0.0483,0.0271,0.0456,0.0364,0.0759,65.1682,0.0288,0.0141,0.0022,0.8900,0.6655,1.2150,hold
2025-02-10,84.6000,6609600,86.6600,91.6100,84.4700,-0.0047,0.0695,0.0547,0.0260,0.0664,59.1422,0.0283,0.0160,0.0032,0.8213,1.0602,2.3719,sell
2025-02-11,82.7500,3598600,82.7500,83.7500,81.2100,-0.0219,0.0323,0.0050,0.0031,0.0387,55.5673,0.0285,0.0158,0.0022,0.6603,-0.4555,1.2661,buy
2025-02-12,84.7800,3203600,81.4800,85.2850,81.2500,0.0245,0.0383,0.0266,0.0250,0.0597,51.9128,0.0295,0.0168,0.0028,0.7998,-0.1098,1.1161,buy
2025-02-13,86.8000,10325900,81.7600,87.0600,81.3900,0.0238,0.0705,0.0178,0.0474,0.0801,60.7324,0.0286,0.0191,0.0043,0.9215,2.2232,3.1537,buy
2025-02-14,99.0700,18474100,100.7900,104.9600,96.1600,0.1414,0.1655,0.1971,0.1724,0.2261,75.5833,0.0504,0.0283,0.0123,1.3786,0.7891,4.5654,sell
2025-02-18,95.8000,6062800,99.9300,102.3900,94.4400,-0.0330,0.1324,0.2111,0.1118,0.1798,67.7105,0.0489,0.0355,0.0152,1.0804,-0.6718,1.4233,sell
2025-02-19,92.4100,3750200,95.0000,96.3580,92.1300,-0.0354,0.1167,0.1528,0.0574,0.1354,61.9441,0.0520,0.0386,0.0140,0.8671,-0.3814,0.8837,hold
2025-02-20,92.7900,3601100,94.2200,95.0300,90.4300,0.0041,0.0945,0.1364,0.0484,0.1370,59.6704,0.0521,0.0397,0.0122,0.8433,-0.0398,0.8385,sell
2025-02-21,88.8600,3413500,93.6900,93.7900,88.2000,-0.0424,0.0237,0.0960,-0.0048,0.0876,57.5795,0.0548,0.0385,0.0078,0.6524,-0.0521,0.7929,buy
2025-02-24,91.2400,3086000,88.8600,91.8300,86.8100,0.0268,-0.0790,0.0734,0.0148,0.1148,65.5801,0.0536,0.0369,0.0056,0.7348,-0.0959,0.7147,sell
2025-02-25,85.7600,4022600,91.4150,91.4300,85.3500,-0.0601,-0.1048,0.0137,-0.0474,0.0468,56.4546,0.0578,0.0332,-0.0001,0.4780,0.3035,0.9089,hold
2025-02-26,85.5700,3522900,85.8600,87.3000,84.2000,-0.0022,-0.0740,0.0341,-0.0525,0.0437,54.6578,0.0572,0.0279,-0.0043,0.4613,-0.1242,0.7807,sell
2025-02-27,81.4900,2831500,86.1900,87.0000,81.3400,-0.0477,-0.1218,-0.0388,-0.0943,-0.0060,50.4497,0.0589,0.0206,-0.0106,0.2762,-0.1963,0.6194,buy
2025-02-28,83.5100,3058000,80.7000,83.6700,79.7500,0.0248,-0.0602,-0.0379,-0.0685,0.0186,48.2948,0.0590,0.0152,-0.0122,0.3741,0.0800,0.6637,sell
2025-03-03,80.2600,2450600,84.6700,85.5000,79.4500,-0.0389,-0.1203,-0.1899,-0.0856,-0.0203,45.3373,0.0311,0.0083,-0.0161,0.2364,-0.1986,0.5343,hold
2025-03-04,80.4100,3875900,79.0300,82.0700,76.6800,0.0019,-0.0624,-0.1606,-0.0675,-0.0178,47.3907,0.0315,0.0026,-0.0175,0.2364,0.5816,0.8391,buy
2025-03-05,85.0700,4811900,80.4100,85.4100,79.5300,0.0580,-0.0058,-0.0794,-0.0050,0.0375,50.3055,0.0385,0.0025,-0.0132,0.4353,0.2415,1.0246,sell
2025-03-06,79.6000,3854900,83.7400,85.0700,79.2900,-0.0643,-0.0232,-0.1421,-0.0544,-0.0295,42.9301,0.0421,-0.0028,-0.0156,0.1895,-0.1989,0.8057,sell
2025-03-07,76.6700,5873200,78.1200,79.3550,72.4310,-0.0368,-0.0819,-0.1372,-0.0758,-0.0643,23.0640,0.0417,-0.0103,-0.0189,0.0880,0.5236,1.1789,sell
2025-03-10,71.1500,5884600,74.2700,74.5000,68.9860,-0.0720,-0.1135,-0.2202,-0.1211,-0.1301,21.8800,0.0427,-0.0235,-0.0262,-0.0375,0.0019,1.1503,sell
2025-03-11,69.6400,3353700,70.6200,72.1000,68.3400,-0.0212,-0.1339,-0.1880,-0.1222,-0.1465,22.8605,0.0408,-0.0354,-0.0305,0.0002,-0.4301,0.6771,buy
2025-03-12,70.9600,3383900,71.7300,72.6800,70.1100,0.0190,-0.1659,-0.1707,-0.0888,-0.1285,24.5512,0.0423,-0.0415,-0.0294,0.0958,0.0090,0.6847,sell
2025-03-13,67.6300,3694700,70.5600,71.4400,67.3500,-0.0469,-0.1504,-0.1701,-0.1158,-0.1675,24.8995,0.0422,-0.0526,-0.0319,0.0623,0.0918,0.7439,hold
2025-03-14,67.7800,3060800,68.7700,69.9200,67.5510,0.0022,-0.1160,-0.1884,-0.0953,-0.1641,20.7189,0.0403,-0.0588,-0.0305,0.1186,-0.1716,0.6649,buy
2025-03-17,69.6500,3381200,67.8100,70.6100,67.3100,0.0276,-0.0211,-0.1322,-0.0569,-0.1401,27.9012,0.0422,-0.0593,-0.0254,0.1912,0.1047,0.8785,sell
2025-03-18,67.3600,3207100,68.7900,68.8400,66.2710,-0.0329,-0.0327,-0.1623,-0.0715,-0.1669,26.3813,0.0423,-0.0649,-0.0239,0.1578,-0.0515,0.8654,buy
2025-03-19,72.1400,6799000,69.4700,74.4500,69.2900,0.0710,0.0166,-0.1520,0.0124,-0.1066,38.0892,0.0449,-0.0573,-0.0152,0.3136,1.1200,1.7621,buy
2025-03-20,73.8200,3854700,71.0900,75.1000,71.0670,0.0233,0.0915,-0.0726,0.0444,-0.0844,37.5482,0.0429,-0.0510,-0.0079,0.3828,-0.4330,0.9958,buy
2025-03-21,78.2900,5833400,72.2500,78.7200,72.0220,0.0606,0.1551,0.0211,0.1051,-0.0291,47.5455,0.0462,-0.0393,0.0011,0.5482,0.5133,1.4613,buy
2025-03-24,81.2300,4181600,80.3300,81.5900,79.3500,0.0376,0.1663,0.1417,0.1305,0.0078,50.9553,0.0388,-0.0279,0.0088,0.6864,-0.2832,1.0333,hold
2025-03-25,81.7300,2547400,81.2100,82.3400,79.7910,0.0062,0.2133,0.1736,0.1187,0.0134,45.6914,0.0370,-0.0192,0.0138,0.7220,-0.3908,0.6412,sell
2025-03-26,77.8700,2197100,81.1200,82.1900,77.1200,-0.0472,0.0794,0.0974,0.0559,-0.0347,47.6716,0.0421,-0.0168,0.0143,0.5879,-0.1375,0.5624,sell
2025-03-27,76.0500,2113300,78.6600,78.7600,75.5100,-0.0234,0.0302,0.1245,0.0195,-0.0576,49.1399,0.0391,-0.0163,0.0124,0.5223,-0.0381,0.5460,sell
2025-03-28,72.4900,3050400,76.1050,76.6900,72.4400,-0.0468,-0.0741,0.0695,-0.0343,-0.1008,51.9660,0.0434,-0.0201,0.0081,0.3844,0.4434,0.7881,sell
2025-03-31,70.4400,3756300,70.0600,71.2400,67.5000,-0.0283,-0.1328,0.0113,-0.0626,-0.1252,51.1554,0.0441,-0.0251,0.0031,0.3103,0.2314,0.9544,hold
2025-04-01,70.6000,3020900,70.7700,73.5630,69.6000,0.0023,-0.1362,0.0481,-0.0645,-0.1221,49.4620,0.0424,-0.0281,0.0000,0.3370,-0.1958,0.7760,hold
2025-04-02,71.4200,3037700,68.3100,72.6700,68.2400,0.0116,-0.0828,-0.0100,-0.0527,-0.1100,56.1228,0.0358,-0.0289,-0.0009,0.3954,0.0056,0.7985,sell
2025-04-03,60.2600,7723100,65.3200,65.5200,59.7100,-0.1563,-0.2076,-0.1837,-0.1861,-0.2455,41.0391,0.0597,-0.0496,-0.0131,-0.0856,1.5424,1.9319,sell
2025-04-04,55.2800,6957100,57.7500,58.3000,53.2400,-0.0826,-0.2374,-0.2939,-0.2294,-0.3028,34.0581,0.0557,-0.0738,-0.0272,-0.1340,-0.0992,1.7170,buy
2025-04-07,57.1300,7255300,53.2300,62.4900,52.4300,0.0335,-0.1890,-0.2967,-0.1759,-0.2751,38.5391,0.0551,-0.0830,-0.0303,0.0236,0.0429,1.7608,sell
2025-04-08,55.1000,5645900,61.5000,62.5000,54.1800,-0.0355,-0.2195,-0.3258,-0.1735,-0.2964,29.6562,0.0534,-0.0974,-0.0342,0.0310,-0.2218,1.3331,buy
2025-04-09,63.8600,9985300,54.6900,67.3350,54.5000,0.1590,-0.1059,-0.1799,-0.0215,-0.1806,39.8284,0.0815,-0.0798,-0.0203,0.3230,0.7686,2.1873,sell
2025-04-10,59.2700,5512200,60.0000,60.9030,56.9800,-0.0719,-0.0164,-0.2206,-0.0679,-0.2350,30.6235,0.0834,-0.0876,-0.0188,0.2040,-0.4480,1.1839,hold
2025-04-11,60.2200,5284300,58.8100,60.3000,57.1800,0.0160,0.0894,-0.1693,-0.0343,-0.2176,27.6917,0.0836,-0.0853,-0.0140,0.2510,-0.0413,1.1085,hold
2025-04-14,59.5000,3515600,61.7100,62.6350,57.9500,-0.0120,0.0415,-0.1553,-0.0288,-0.2223,26.5060,0.0835,-0.0855,-0.0107,0.2517,-0.3347,0.7364,hold
2025-04-15,59.3900,3056500,59.4200,60.2880,58.6600,-0.0018,0.0779,-0.1588,-0.0125,-0.2197,28.7879,0.0834,-0.0842,-0.0074,0.2658,-0.1306,0.6413,hold
2025-04-16,58.4000,2574900,57.8800,59.0300,57.0300,-0.0167,-0.0855,-0.1823,-0.0075,-0.2283,29.3471,0.0829,-0.0848,-0.0054,0.2620,-0.1576,0.5653,hold
2025-04-17,58.4600,2585000,58.6800,58.8170,57.3750,0.0010,-0.0137,-0.0299,-0.0034,-0.2227,32.1183,0.0669,-0.0831,-0.0030,0.2858,0.0039,0.5755,hold
2025-04-21,59.1700,4028100,57.1550,59.2600,57.0100,0.0121,-0.0174,0.0704,0.0020,-0.2087,35.1280,0.0605,-0.0789,0.0002,0.3250,0.5583,0.9152,hold
2025-04-22,59.2300,3510300,59.4100,60.9100,58.8700,0.0010,-0.0045,0.0368,-0.0005,-0.2024,34.9563,0.0599,-0.0754,0.0029,0.3449,-0.1285,0.8037,buy
2025-04-23,62.5800,4293500,62.1700,65.0500,62.1350,0.0566,0.0537,0.1358,0.0429,-0.1522,39.0377,0.0600,-0.0637,0.0083,0.4732,0.2231,0.9637,buy
2025-04-24,64.6500,3061700,62.7600,65.0000,62.5800,0.0331,0.1070,0.0124,0.0759,-0.1199,57.0285,0.0338,-0.0526,0.0137,0.5798,-0.2869,0.6806,buy
2025-04-25,65.7100,2971700,65.0000,66.5900,64.5100,0.0164,0.1240,0.1087,0.0820,-0.1008,69.0956,0.0218,-0.0429,0.0179,0.6647,-0.0294,0.6544,buy
2025-04-28,68.1400,3564800,65.7000,68.2800,65.2150,0.0370,0.1516,0.1315,0.1076,-0.0628,69.7383,0.0233,-0.0313,0.0218,0.8082,0.1996,0.7806,buy
2025-04-29,69.2800,3835600,69.0300,71.1600,68.6400,0.0167,0.1697,0.1644,0.1085,-0.0392,76.2593,0.0217,-0.0214,0.0247,0.8750,0.0760,0.8391,sell
2025-04-30,68.1800,4162600,66.4500,68.6950,65.8500,-0.0159,0.0895,0.1480,0.0757,-0.0472,61.1686,0.0233,-0.0154,0.0252,0.8391,0.0853,0.8994,sell
2025-05-01,67.2700,10330800,70.3200,71.2500,66.9300,-0.0133,0.0405,0.1519,0.0467,-0.0532,75.5428,0.0228,-0.0114,0.0238,0.8275,1.4818,2.0692,sell
2025-05-02,61.5500,13889400,59.8550,63.6760,58.5500,-0.0850,-0.0633,0.0529,-0.0469,-0.1260,53.2550,0.0390,-0.0161,0.0179,0.4961,0.3445,2.6201,sell
2025-05-05,60.4200,5235500,60.6800,61.7500,59.0500,-0.0184,-0.1133,0.0211,-0.0662,-0.1351,52.2073,0.0396,-0.0206,0.0112,0.4113,-0.6231,1.0039,hold
2025-05-06,60.2900,3572900,59.4500,61.2090,58.7700,-0.0022,-0.1298,0.0179,-0.0697,-0.1292,52.1572,0.0396,-0.0239,0.0063,0.3902,-0.3176,0.7102,hold
2025-05-07,59.8900,3316000,60.0900,61.0400,59.4500,-0.0066,-0.1216,-0.0430,-0.0720,-0.1285,53.6754,0.0348,-0.0269,0.0028,0.3373,-0.0719,0.6748,buy
2025-05-08,61.3600,3753300,60.6750,62.3200,59.9320,0.0245,-0.0879,-0.0509,-0.0444,-0.1008,56.6882,0.0339,-0.0262,0.0023,0.4460,0.1319,0.8154,hold
2025-05-09,60.9300,3095600,61.9050,62.8400,60.4300,-0.0070,-0.0101,-0.0727,-0.0440,-0.1017,54.1122,0.0331,-0.0266,0.0016,0.4096,-0.1752,0.6907,buy
2025-05-12,68.7800,8114000,65.5000,69.3900,65.2000,0.1288,0.1384,0.0094,0.0781,0.0185,66.3583,0.0533,-0.0144,0.0085,0.8980,1.6211,1.7550,buy
2025-05-13,71.4000,4836800,69.2100,72.1700,69.0700,0.0381,0.1843,0.0306,0.1155,0.0601,65.4954,0.0543,-0.0038,0.0146,0.9812,-0.4039,1.0314,hold
2025-05-14,71.8800,4563700,71.4700,72.1770,70.1200,0.0067,0.2002,0.0543,0.1165,0.0699,63.4537,0.0539,0.0046,0.0183,0.9404,-0.0565,0.9578,sell
2025-05-15,70.0700,2518100,70.7100,71.1400,69.1500,-0.0252,0.1419,0.0416,0.0837,0.0476,57.8928,0.0545,0.0093,0.0187,0.8081,-0.4482,0.5288,buy
2025-05-16,71.3700,2116100,70.2900,71.4700,69.9700,0.0186,0.1713,0.1595,0.0873,0.0697,56.0966,0.0443,0.0141,0.0186,0.8426,-0.1596,0.4466,hold
2025-05-19,70.8300,2454400,69.2300,71.1800,69.1110,-0.0076,0.0298,0.1723,0.0622,0.0635,52.9934,0.0435,0.0173,0.0175,0.7845,0.1599,0.5267,hold
2025-05-20,71.4100,2561500,70.6200,72.2600,69.9600,0.0082,0.0001,0.1844,0.0534,0.0721,56.3658,0.0431,0.0200,0.0162,0.7891,0.0436,0.5554,sell
2025-05-21,69.5600,3631700,70.2200,71.7700,68.6000,-0.0259,-0.0323,0.1615,0.0116,0.0444,54.3520,0.0447,0.0205,0.0133,0.6660,0.4178,0.7931,hold
2025-05-22,69.7700,2729900,69.2100,70.7800,69.1500,0.0030,-0.0043,0.1371,0.0024,0.0479,69.7596,0.0448,0.0204,0.0105,0.6624,-0.2483,0.5983,hold
2025-05-23,69.0100,2108600,67.8900,69.0500,67.6680,-0.0109,-0.0331,0.1326,-0.0199,0.0360,71.0230,0.0450,0.0195,0.0076,0.6096,-0.2276,0.4665,buy
2025-05-27,71.9800,3437300,70.1100,72.4200,69.1200,0.0430,0.0162,0.0465,0.0177,0.0793,75.1182,0.0236,0.0209,0.0076,0.7589,0.6301,0.7616,buy
2025-05-28,73.9600,3143000,72.4100,74.1400,72.1900,0.0275,0.0357,0.0359,0.0419,0.1075,78.3099,0.0221,0.0239,0.0088,0.8380,-0.0856,0.7018,sell
2025-05-29,72.8000,3061700,75.2000,75.2500,72.4850,-0.0157,0.0466,0.0128,0.0243,0.0884,73.3089,0.0229,0.0256,0.0082,0.7575,-0.0259,0.6921,hold
2025-05-30,72.4600,9625900,71.5000,72.8800,71.2000,-0.0047,0.0386,0.0341,0.0161,0.0832,73.5787,0.0211,0.0261,0.0069,0.7221,2.1440,2.1936,buy
2025-06-02,73.0100,2500800,71.7500,74.0450,71.6100,0.0076,0.0580,0.0230,0.0214,0.0917,62.3324,0.0205,0.0265,0.0059,0.7264,-0.7402,0.6549,hold
2025-06-03,72.9700,3499900,72.9800,73.9700,71.8800,-0.0005,0.0138,0.0302,0.0178,0.0928,55.3878,0.0203,0.0267,0.0049,0.7050,0.3995,0.9378,buy
2025-06-04,73.6900,3034100,72.8800,74.6600,72.7500,0.0099,-0.0037,0.0319,0.0246,0.1061,56.1108,0.0203,0.0270,0.0043,0.7277,-0.1331,0.8189,buy
2025-06-05,74.6000,3850600,73.7600,76.5000,73.6500,0.0123,0.0247,0.0725,0.0300,0.1222,66.2832,0.0176,0.0278,0.0043,0.7769,0.2691,1.0318,buy
2025-06-06,78.5000,5685200,76.3800,78.7300,74.7000,0.0523,0.0834,0.1251,0.0710,0.1806,71.5930,0.0225,0.0309,0.0069,1.0284,0.4764,1.4850,buy
2025-06-09,79.5900,2989800,79.4100,79.6400,78.1350,0.0139,0.0901,0.1533,0.0704,0.1957,75.6741,0.0211,0.0347,0.0088,1.1421,-0.4741,0.7820,hold
2025-06-10,79.9100,3886500,79.6550,81.7500,79.3600,0.0040,0.0951,0.1102,0.0634,0.1979,75.2976,0.0187,0.0377,0.0096,1.0553,0.2999,1.0761,buy
2025-06-11,80.4800,2306200,80.3100,81.8400,79.5100,0.0071,0.0921,0.0882,0.0617,0.2028,85.1804,0.0177,0.0401,0.0097,1.0011,-0.4066,0.6617,sell
2025-06-12,76.7500,3687000,78.9800,79.8000,76.1590,-0.0463,0.0288,0.0543,0.0073,0.1449,68.3298,0.0239,0.0399,0.0064,0.7166,0.5987,1.0714,sell
2025-06-13,74.4100,3220800,74.9500,76.3600,73.9100,-0.0305,-0.0521,0.0269,-0.0259,0.1090,63.0941,0.0264,0.0364,0.0015,0.5398,-0.1264,0.9264,buy
2025-06-16,82.1700,9933100,81.3200,84.3800,79.9100,0.1043,0.0324,0.1255,0.0629,0.2167,70.0512,0.0416,0.0367,0.0041,0.9981,2.0840,2.5684,sell
2025-06-17,80.6300,5593400,84.2900,85.4000,79.7900,-0.0187,0.0090,0.1050,0.0328,0.1850,63.3560,0.0427,0.0385,0.0042,0.8552,-0.4369,1.3899,hold
2025-06-18,81.4300,3096700,80.7000,82.4400,80.1300,0.0099,0.0118,0.1050,0.0328,0.1883,67.5335,0.0427,0.0393,0.0043,0.8591,-0.4464,0.7644,hold
2025-06-20,80.9900,2587400,82.2900,82.6200,80.6300,-0.0054,0.0552,0.0857,0.0189,0.1730,67.2602,0.0430,0.0396,0.0035,0.8031,-0.1645,0.6470,hold
2025-06-23,80.9000,4781300,80.6100,80.9800,77.6400,-0.0011,0.0872,0.0306,0.0147,0.1660,66.2680,0.0402,0.0391,0.0024,0.7726,0.8479,1.1658,buy
2025-06-24,83.6900,3838300,80.9900,83.7100,80.6200,0.0345,0.0185,0.0515,0.0443,0.1978,69.8519,0.0413,0.0397,0.0033,0.9109,-0.1972,0.9165,hold
2025-06-25,83.6300,3207200,84.2500,85.3000,83.3000,-0.0007,0.0372,0.0466,0.0388,0.1889,68.8686,0.0414,0.0406,0.0034,0.8660,-0.1644,0.7679,buy
2025-06-26,86.5000,3259300,83.7250,86.9400,82.6000,0.0343,0.0623,0.0748,0.0665,0.2204,71.0247,0.0424,0.0422,0.0050,0.9681,0.0162,0.7793,hold
2025-06-27,86.9400,3631500,87.1200,87.7300,85.1360,0.0051,0.0735,0.1328,0.0586,0.2171,66.9887,0.0379,0.0442,0.0057,0.9344,0.1142,0.8624,hold
2025-06-30,87.8900,3011100,88.5250,89.0640,87.1000,0.0109,0.0864,0.1812,0.0529,0.2203,66.8016,0.0348,0.0458,0.0062,0.9335,-0.1708,0.7761,sell
2025-07-01,86.2000,3487900,86.7400,89.2000,86.0000,-0.0192,0.0300,0.0490,0.0277,0.1877,62.0637,0.0186,0.0462,0.0047,0.8123,0.1583,0.8876,hold
2025-07-02,86.4000,2833700,86.4000,88.0490,85.5100,0.0023,0.0331,0.0716,0.0230,0.1816,61.5175,0.0167,0.0454,0.0032,0.7994,-0.1876,0.7273,buy
2025-07-03,88.2700,2047200,87.9600,88.9900,86.8300,0.0216,0.0205,0.0840,0.0368,0.1977,74.1611,0.0173,0.0451,0.0030,0.8763,-0.2776,0.5322,hold
2025-07-07,88.0600,2961800,87.1550,88.1200,85.8200,-0.0024,0.0129,0.0873,0.0258,0.1866,81.4371,0.0171,0.0450,0.0023,0.8374,0.4468,0.7790,hold
2025-07-08,88.1400,1831200,88.5000,89.6500,87.3300,0.0009,0.0028,0.0895,0.0181,0.1802,71.2758,0.0170,0.0444,0.0013,0.8083,-0.3817,0.5073,buy
2025-07-09,88.6300,1917500,88.1400,88.9500,87.1800,0.0056,0.0282,0.0590,0.0180,0.1795,80.8166,0.0144,0.0436,0.0006,0.8042,0.0471,0.5392,buy
2025-07-10,90.2500,3051600,91.0000,91.6600,88.0600,0.0183,0.0446,0.0792,0.0287,0.1941,81.9565,0.0147,0.0434,0.0009,0.8573,0.5914,0.8684,sell
2025-07-11,88.9900,2254600,89.7400,90.4830,88.5600,-0.0140,0.0082,0.0288,0.0115,0.1713,77.3598,0.0128,0.0428,-0.0002,0.7566,-0.2612,0.6420,buy
2025-07-14,89.8250,2275800,88.9200,90.7600,88.8100,0.0094,0.0200,0.0332,0.0177,0.1756,79.0432,0.0129,0.0417,-0.0007,0.7840,0.0094,0.6614,sell
2025-07-15,89.2800,2240600,90.1500,91.0700,89.1310,-0.0061,0.0129,0.0158,0.0099,0.1618,71.3033,0.0129,0.0405,-0.0018,0.7544,-0.0155,0.6605,buy
2025-07-16,90.9000,2744300,88.8600,91.3900,88.6100,0.0181,0.0256,0.0545,0.0228,0.1739,74.7616,0.0116,0.0396,-0.0015,0.8392,0.2248,0.9049,hold
2025-07-17,91.1000,2509600,91.3300,92.3700,90.2950,0.0022,0.0094,0.0544,0.0196,0.1672,69.1507,0.0116,0.0391,-0.0016,0.8278,-0.0855,0.8719,buy
2025-07-18,93.2900,2730900,92.2100,93.7800,90.9770,0.0240,0.0483,0.0569,0.0383,0.1852,73.0741,0.0120,0.0393,-0.0003,0.9480,0.0882,0.9548,sell
2025-07-21,91.6900,3867400,94.3500,95.1600,91.3100,-0.0172,0.0208,0.0412,0.0164,0.1556,63.1853,0.0138,0.0390,-0.0010,0.8075,0.4162,1.3226,sell
2025-07-22,89.5500,2913700,91.0000,91.0400,88.2100,-0.0233,0.0030,0.0160,-0.0089,0.1206,61.2719,0.0164,0.0368,-0.0033,0.6101,-0.2466,1.0293,buy
2025-07-23,90.2500,2451800,89.2200,90.6700,88.9470,0.0078,-0.0072,0.0183,-0.0029,0.1212,62.5326,0.0164,0.0343,-0.0044,0.6638,-0.1585,0.8879,hold
2025-07-24,90.0500,2766300,90.1900,91.2000,89.6200,-0.0022,-0.0115,-0.0022,-0.0049,0.1128,56.5011,0.0154,0.0321,-0.0054,0.6248,0.1283,1.0098,hold
2025-07-25,90.1200,1972600,90.0500,90.6100,89.4200,0.0008,-0.0340,0.0127,-0.0054,0.1085,57.6015,0.0146,0.0299,-0.0060,0.6157,-0.2869,0.7374,buy
2025-07-28,93.6500,4245600,91.1840,94.6900,90.9500,0.0392,0.0214,0.0426,0.0293,0.1458,66.2059,0.0189,0.0299,-0.0038,1.0163,1.1523,1.5691,sell
2025-07-29,90.3800,4261600,93.8050,93.9800,88.6900,-0.0349,0.0093,0.0123,-0.0079,0.1004,54.4237,0.0225,0.0286,-0.0050,0.5823,0.0038,1.5394,buy
2025-07-30,92.0000,3139200,90.8000,92.7100,90.6000,0.0179,0.0194,0.0121,0.0087,0.1145,54.4237,0.0225,0.0273,-0.0045,0.7753,-0.2634,1.1412,buy
2025-07-31,94.1600,8896000,92.5800,95.2000,92.3300,0.0235,0.0456,0.0336,0.0289,0.1342,62.5000,0.0235,0.0277,-0.0028,1.0214,1.8338,2.9129,sell
2025-08-01,79.9800,15378000,85.2200,85.4600,79.0500,-0.1506,-0.1125,-0.1427,-0.1131,-0.0386,35.5327,0.0530,0.0190,-0.0135,-0.3595,0.7286,4.1333,buy
2025-08-04,85.8300,8256100,81.4050,86.4800,81.0000,0.0731,-0.0835,-0.0639,-0.0420,0.0277,45.6140,0.0597,0.0130,-0.0138,0.1648,-0.4631,2.0717,sell
2025-08-05,83.6400,5289700,85.1800,85.5500,82.4250,-0.0255,-0.0746,-0.0660,-0.0603,-0.0018,40.9023,0.0597,0.0073,-0.0162,0.0464,-0.3593,1.2721,hold
2025-08-06,84.9300,3852500,83.7500,86.6400,83.0000,0.0154,-0.0768,-0.0589,-0.0401,0.0098,42.4738,0.0600,0.0036,-0.0156,0.1730,-0.2717,0.9054,sell
2025-08-07,83.1100,4372900,85.5900,85.9100,81.6700,-0.0214,-0.1174,-0.0771,-0.0532,-0.0145,37.4692,0.0602,-0.0009,-0.0164,0.0995,0.1351,1.0120,hold
2025-08-08,83.2100,3935900,81.9100,83.2400,81.2950,0.0012,0.0404,-0.0767,-0.0445,-0.0155,39.1616,0.0602,-0.0044,-0.0159,0.1467,-0.0999,0.8935,hold
2025-08-11,81.9900,3240500,83.1900,83.7900,81.1800,-0.0147,-0.0447,-0.1245,-0.0458,-0.0320,40.1047,0.0581,-0.0084,-0.0161,0.1208,-0.1767,0.7277,buy
2025-08-12,84.3200,3051400,83.1300,84.4700,82.4800,0.0284,0.0081,-0.0671,-0.0117,-0.0073,42.5559,0.0587,-0.0088,-0.0130,0.2769,-0.0584,0.6790,buy
2025-08-13,88.0900,4416100,84.6600,88.4700,84.5000,0.0447,0.0372,-0.0425,0.0373,0.0334,47.7419,0.0604,-0.0055,-0.0076,0.5013,0.4472,0.9648,hold
2025-08-14,87.5100,2955500,87.3000,88.7000,86.2500,-0.0066,0.0529,-0.0706,0.0386,0.0232,47.0280,0.0598,-0.0036,-0.0046,0.4778,-0.3307,0.6425,buy
2025-08-15,90.2900,4118000,88.1400,91.6300,87.2600,0.0318,0.0851,0.1289,0.0586,0.0516,46.1075,0.0319,0.0004,-0.0004,0.6556,0.3933,0.8820,buy
2025-08-18,92.3300,3291600,90.5400,92.6400,90.4400,0.0226,0.1261,0.0757,0.0743,0.0709,52.3253,0.0244,0.0052,0.0035,0.7757,-0.2007,0.7094,sell
2025-08-19,88.8000,3431200,92.1600,92.4900,88.6500,-0.0382,0.0531,0.0617,0.0271,0.0275,46.3504,0.0266,0.0061,0.0034,0.5648,0.0424,0.7353,hold
2025-08-20,88.4700,2899100,88.0100,89.0500,86.5350,-0.0037,0.0043,0.0417,0.0191,0.0216,43.2278,0.0265,0.0062,0.0029,0.5506,-0.1551,0.6183,buy
2025-08-21,90.6100,3753300,88.1400,91.1500,87.5100,0.0242,0.0354,0.0902,0.0348,0.0437,67.7344,0.0255,0.0080,0.0038,0.6791,0.2946,0.7922,buy
2025-08-22,94.2200,4123000,90.8500,95.7200,90.0000,0.0398,0.0435,0.1323,0.0627,0.0819,65.1280,0.0271,0.0121,0.0064,0.8665,0.0985,0.8509,hold
2025-08-25,93.9900,3855100,93.9050,96.2500,93.4550,-0.0024,0.0180,0.1464,0.0459,0.0750,70.0815,0.0259,0.0153,0.0077,0.8502,-0.0650,0.7988,buy
2025-08-26,95.5600,2730300,94.2800,95.7300,94.2200,0.0167,0.0761,0.1333,0.0503,0.0877,70.4031,0.0255,0.0186,0.0089,0.8981,-0.2918,0.5749,hold
2025-08-27,96.1800,2163500,95.5600,96.5000,95.5000,0.0065,0.0871,0.0918,0.0478,0.0913,76.2978,0.0229,0.0216,0.0095,0.8973,-0.2076,0.4603,buy
2025-08-28,97.5400,1915000,96.9600,98.0600,96.2900,0.0141,0.0765,0.1146,0.0511,0.1025,77.4416,0.0222,0.0245,0.0101,0.9348,-0.1149,0.4401,sell
2025-08-29,96.5600,2681700,97.4800,98.0200,95.6100,-0.0100,0.0248,0.0694,0.0335,0.0877,78.1600,0.0219,0.0262,0.0093,0.8554,0.4004,0.7215,sell
2025-09-02,95.8600,2816900,94.1000,96.1400,92.7640,-0.0072,0.0199,0.0382,0.0222,0.0762,73.8036,0.0215,0.0267,0.0078,0.7888,0.0504,0.8178,buy
2025-09-03,98.4700,3615100,96.5000,98.8900,96.0200,0.0272,0.0305,0.1089,0.0393,0.1011,72.4870,0.0167,0.0280,0.0077,0.8701,0.2834,1.0756,sell
2025-09-04,97.1500,3646000,98.6400,99.9800,96.7000,-0.0134,0.0101,0.0981,0.0161,0.0831,70.2351,0.0178,0.0286,0.0064,0.7784,0.0085,1.0882,sell
2025-09-05,95.2400,3245900,98.0000,99.8500,94.8800,-0.0197,-0.0236,0.0511,-0.0087,0.0591,60.7843,0.0192,0.0274,0.0038,0.6696,-0.1097,0.9853,buy
2025-09-08,99.3900,4384700,97.9100,99.9900,96.2100,0.0436,0.0293,0.0549,0.0289,0.1021,64.0862,0.0199,0.0280,0.0043,0.8461,0.3508,1.3220,sell
2025-09-09,96.9900,4310500,99.3500,101.2000,96.4800,-0.0241,0.0118,0.0319,0.0010,0.0731,67.1124,0.0220,0.0277,0.0028,0.7110,-0.0169,1.2790,sell
2025-09-10,94.9400,4174500,97.1300,97.5700,92.9400,-0.0211,-0.0358,-0.0065,-0.0195,0.0487,62.6121,0.0227,0.0255,0.0000,0.5693,-0.0316,1.2184,buy
2025-09-11,96.3900,3078000,95.1000,96.8550,94.4300,0.0153,-0.0078,0.0022,-0.0048,0.0624,61.5785,0.0231,0.0239,-0.0010,0.6479,-0.2627,0.9162,sell
2025-09-12,94.5200,3833500,96.3100,97.2100,92.4120,-0.0194,-0.0076,-0.0310,-0.0210,0.0399,50.6460,0.0234,0.0215,-0.0031,0.4875,0.2455,1.1264,hold
2025-09-15,93.9200,2997300,94.5200,95.4600,93.2750,-0.0063,-0.0550,-0.0273,-0.0246,0.0320,49.8516,0.0233,0.0187,-0.0049,0.4201,-0.2181,0.8954,buy
2025-09-16,97.9100,4660500,95.7500,98.4300,95.3500,0.0425,0.0095,0.0214,0.0147,0.0735,54.5175,0.0271,0.0187,-0.0031,0.7356,0.5549,1.3644,hold
2025-09-17,98.3400,3040000,97.4000,99.9400,96.9200,0.0044,0.0358,-0.0013,0.0193,0.0758,54.1828,0.0258,0.0194,-0.0019,0.7604,-0.3477,0.8951,buy
2025-09-18,99.1600,2310400,99.7400,100.7400,97.8700,0.0083,0.0287,0.0207,0.0257,0.0823,53.2041,0.0254,0.0202,-0.0007,0.8538,-0.2400,0.6862,buy
2025-09-19,101.7800,3839000,98.6100,101.9400,98.6100,0.0264,0.0768,0.0687,0.0457,0.1081,59.6954,0.0251,0.0223,0.0016,1.1145,0.6616,1.1388,sell
2025-09-22,99.0500,3571000,101.2650,103.1600,98.6600,-0.0268,0.0546,-0.0034,0.0180,0.0760,55.5095,0.0235,0.0226,0.0010,0.7576,-0.0698,1.0681,hold
2025-09-23,99.0000,2763700,99.5200,102.1500,97.6650,-0.0005,0.0111,0.0207,0.0154,0.0734,51.0042,0.0220,0.0220,0.0003,0.7294,-0.2261,0.8403,sell
2025-09-24,98.2100,2782300,99.4600,100.1950,97.5600,-0.0080,-0.0013,0.0344,0.0039,0.0627,52.0495,0.0208,0.0209,-0.0008,0.6135,0.0067,0.8453,hold
2025-09-25,98.0100,2175000,96.7300,98.6000,95.3400,-0.0020,-0.0116,0.0168,0.0002,0.0589,55.7350,0.0204,0.0194,-0.0018,0.5765,-0.2183,0.6607,buy
2025-09-26,99.6000,2270600,97.7500,99.7400,97.3250,0.0162,-0.0214,0.0537,0.0112,0.0741,50.4863,0.0194,0.0191,-0.0015,0.7615,0.0440,0.6860,hold
2025-09-29,100.0800,3802500,100.4700,101.1720,99.2800,0.0048,0.0104,0.0656,0.0097,0.0777,57.8546,0.0190,0.0191,-0.0011,0.7903,0.6747,1.1297,hold
2025-09-30,100.1300,2868600,100.2600,101.2800,97.9300,0.0005,0.0114,0.0227,0.0080,0.0763,64.6859,0.0142,0.0190,-0.0009,0.7676,-0.2456,0.8516,buy
2025-10-01,103.5700,5191600,99.0200,105.1100,98.8500,0.0344,0.0546,0.0532,0.0372,0.1100,68.2604,0.0174,0.0207,0.0012,1.0567,0.8098,1.5060,hold
2025-10-02,103.8400,2888200,104.9200,105.4510,103.0000,0.0026,0.0595,0.0472,0.0350,0.1096,75.8029,0.0174,0.0225,0.0024,0.9903,-0.4437,0.8471,hold
2025-10-03,103.8500,2698600,104.2300,104.8500,102.0800,0.0001,0.0427,0.0203,0.0330,0.1065,78.4202,0.0157,0.0237,0.0029,0.9304,-0.0656,0.7979,buy
2025-10-06,104.8400,2629400,104.8350,105.4500,100.6500,0.0095,0.0476,0.0585,0.0369,0.1135,73.9461,0.0120,0.0248,0.0034,0.9476,-0.0256,0.7982,sell
2025-10-07,101.8300,2478000,104.8400,107.2500,101.1000,-0.0287,0.0170,0.0286,0.0043,0.0797,60.2346,0.0162,0.0241,0.0016,0.6888,-0.0576,0.7737,sell
2025-10-08,99.9300,2361100,102.0200,102.2500,98.6800,-0.0187,-0.0351,0.0175,-0.0161,0.0574,52.1235,0.0173,0.0215,-0.0011,0.5195,-0.0472,0.7587,sell
2025-10-09,97.1400,2875700,100.0000,101.3200,96.8800,-0.0279,-0.0645,-0.0089,-0.0428,0.0268,37.3224,0.0198,0.0172,-0.0049,0.2785,0.2179,0.9271,sell
2025-10-10,92.0200,3932000,97.0400,97.5700,91.6850,-0.0527,-0.1139,-0.0761,-0.0864,-0.0269,33.0111,0.0246,0.0094,-0.0111,-0.0921,0.3673,1.2656,buy
2025-10-13,93.8300,1864800,93.9900,95.4160,92.8350,0.0197,-0.1050,-0.0625,-0.0626,-0.0107,38.4855,0.0259,0.0039,-0.0130,0.0506,-0.5257,0.6114,hold
2025-10-14,94.4000,1956500,92.0000,95.5300,91.0950,0.0061,-0.0730,-0.0572,-0.0515,-0.0065,41.4305,0.0261,0.0002,-0.0133,0.1302,0.0492,0.6712,buy
2025-10-15,98.5800,2530000,95.8900,98.9450,94.7960,0.0443,-0.0135,-0.0482,-0.0045,0.0343,51.0874,0.0279,0.0008,-0.0097,0.4365,0.2931,0.8756,sell
2025-10-16,95.3300,2643400,98.9100,99.8000,93.7700,-0.0330,-0.0186,-0.0820,-0.0290,-0.0020,42.3394,0.0291,-0.0014,-0.0098,0.2215,0.0448,0.9096,sell
2025-10-17,94.2100,1972700,94.5700,95.6900,93.3250,-0.0117,0.0238,-0.0928,-0.0309,-0.0160,39.7054,0.0290,-0.0041,-0.0101,0.1797,-0.2537,0.7013,buy
2025-10-20,96.2800,1790000,95.0500,96.9300,94.6600,0.0220,0.0261,-0.0816,-0.0008,0.0029,43.6947,0.0301,-0.0043,-0.0081,0.3335,-0.0926,0.6572,buy
2025-10-21,97.4900,2168100,96.1500,99.3600,96.0000,0.0126,0.0327,-0.0426,0.0164,0.0122,39.2579,0.0298,-0.0035,-0.0058,0.4209,0.2112,0.8048,sell
2025-10-22,96.0300,2816100,97.1500,98.1500,93.1800,-0.0150,-0.0259,-0.0390,0.0052,-0.0054,36.7582,0.0296,-0.0041,-0.0051,0.3316,0.2989,1.0447,buy
2025-10-23,98.2800,2262900,96.4100,99.1050,95.7810,0.0234,0.0309,0.0117,0.0275,0.0158,41.2228,0.0294,-0.0025,-0.0028,0.4811,-0.1964,0.8381,sell
2025-10-24,96.2900,2375500,99.8000,100.3900,96.1000,-0.0202,0.0221,0.0464,0.0023,-0.0066,36.9386,0.0240,-0.0030,-0.0027,0.3600,0.0498,0.8781,buy
2025-10-27,98.8100,2004200,97.5050,99.5000,96.1250,0.0262,0.0263,0.0531,0.0232,0.0176,45.3164,0.0246,-0.0012,-0.0007,0.5318,-0.1563,0.7663,hold
2025-10-28,99.0100,2125400,99.6400,100.1000,98.3550,0.0020,0.0156,0.0488,0.0204,0.0183,48.4938,0.0246,0.0003,0.0007,0.5491,0.0605,0.8244,hold
2025-10-29,98.6100,2343600,98.2200,99.3300,95.8400,-0.0040,0.0269,0.0003,0.0162,0.0121,52.6110,0.0204,0.0012,0.0012,0.5413,0.1027,0.9621,buy
2025-10-30,100.0300,7151200,96.9100,103.0000,96.9100,0.0144,0.0178,0.0493,0.0259,0.0243,66.3804,0.0171,0.0029,0.0024,0.6672,2.0514,2.6996,buy
2025-10-31,106.1300,15562700,96.9000,116.6600,96.7700,0.0610,0.1022,0.1265,0.0753,0.0833,71.3987,0.0235,0.0087,0.0065,1.0798,1.1762,4.7272,buy
2025-11-03,108.6300,5385800,109.4600,111.2900,106.0000,0.0236,0.0994,0.1283,0.0871,0.1056,73.1986,0.0236,0.0147,0.0101,1.1576,-0.6539,1.5702,sell
2025-11-04,106.1000,3529800,105.8300,106.7900,102.5700,-0.0233,0.0716,0.0883,0.0527,0.0771,62.9566,0.0261,0.0180,0.0106,0.9505,-0.3446,1.0136,hold
2025-11-05,105.6700,2734400,106.6400,108.7900,104.2400,-0.0041,0.0716,0.1004,0.0385,0.0706,69.7328,0.0252,0.0198,0.0099,0.8828,-0.2253,0.7810,sell
2025-11-06,104.8200,3454900,107.5900,108.3900,104.2000,-0.0080,0.0479,0.0665,0.0235,0.0601,70.4589,0.0253,0.0205,0.0084,0.8033,0.2635,0.9787,sell
2025-11-07,102.3000,5236300,102.9000,103.0000,98.7110,-0.0240,-0.0361,0.0624,-0.0069,0.0336,61.4102,0.0258,0.0192,0.0055,0.6523,0.5156,1.4564,buy
2025-11-10,105.0000,2838800,103.3000,106.6100,100.9700,0.0264,-0.0334,0.0626,0.0132,0.0591,63.4733,0.0258,0.0192,0.0047,0.7738,-0.4579,0.7790,buy
2025-11-11,106.7900,2209900,104.5600,107.4200,104.5600,0.0170,0.0065,0.0786,0.0228,0.0748,69.0780,0.0260,0.0204,0.0049,0.8371,-0.2215,0.6043,sell
2025-11-12,105.9200,1863100,107.5200,108.0000,105.4600,-0.0081,0.0024,0.0741,0.0074,0.0644,64.2431,0.0262,0.0208,0.0041,0.7618,-0.1569,0.5142,sell
2025-11-13,100.0100,3056100,104.5600,104.7600,97.7900,-0.0558,-0.0459,-0.0002,-0.0488,0.0045,56.0508,0.0327,0.0173,-0.0003,0.4259,0.6403,0.8386,hold
2025-11-14,99.7700,2686900,97.0600,102.6950,95.5800,-0.0024,-0.0247,-0.0599,-0.0453,0.0012,51.6866,0.0249,0.0133,-0.0035,0.3890,-0.1208,0.7302,sell
2025-11-17,96.8900,2465400,99.0900,99.5200,95.9650,-0.0289,-0.0772,-0.1081,-0.0623,-0.0273,46.5960,0.0235,0.0078,-0.0075,0.2094,-0.0824,0.6639,sell
2025-11-18,95.2700,2972200,95.0900,96.4550,92.8230,-0.0167,-0.1079,-0.1021,-0.0682,-0.0432,44.8393,0.0232,0.0019,-0.0110,0.1302,0.2056,0.7918,sell
2025-11-19,93.1000,2320800,94.8400,95.9000,92.2100,-0.0228,-0.1210,-0.1190,-0.0781,-0.0646,39.5349,0.0234,-0.0048,-0.0144,0.0371,-0.2192,0.6224,sell
2025-11-20,90.9900,3343000,95.0000,97.4740,90.6100,-0.0227,-0.0902,-0.1319,-0.0865,-0.0848,24.0041,0.0236,-0.0122,-0.0176,-0.0010,0.4405,0.8837,buy
2025-11-21,93.3200,2616900,91.3600,94.5300,90.5450,0.0256,-0.0646,-0.0878,-0.0546,-0.0612,23.5579,0.0262,-0.0153,-0.0164,0.1367,-0.2172,0.6896,hold
2025-11-24,93.5800,2468200,93.0400,94.7800,92.1800,0.0028,-0.0342,-0.1088,-0.0408,-0.0585,26.5367,0.0236,-0.0175,-0.0149,0.1765,-0.0568,0.6464,buy
2025-11-25,94.8800,2559600,93.5800,95.5800,92.5600,0.0139,-0.0041,-0.1115,-0.0155,-0.0448,30.4174,0.0232,-0.0177,-0.0121,0.2523,0.0370,0.6666,buy
2025-11-26,95.6300,1948100,95.3200,97.6400,95.1400,0.0079,0.0272,-0.0971,0.0030,-0.0368,33.2605,0.0240,-0.0171,-0.0092,0.2960,-0.2389,0.5099,buy
2025-11-28,96.7900,1024300,95.7000,96.9300,94.6100,0.0121,0.0637,-0.0322,0.0186,-0.0246,39.4404,0.0186,-0.0154,-0.0061,0.3558,-0.4742,0.2915,hold
2025-12-01,96.5200,2156000,95.6400,96.8900,94.2000,-0.0028,0.0343,-0.0326,0.0193,-0.0263,32.0795,0.0186,-0.0143,-0.0040,0.3618,1.1049,0.7582,buy
2025-12-02,98.2600,2717900,96.5200,99.1000,95.7300,0.0180,0.0500,0.0141,0.0361,-0.0086,31.9356,0.0173,-0.0116,-0.0012,0.4602,0.2606,1.0029,sell
2025-12-03,92.9800,4452900,97.3500,97.5900,91.7700,-0.0537,-0.0200,-0.0240,-0.0172,-0.0607,26.9094,0.0242,-0.0146,-0.0029,0.2303,0.6384,1.6155,buy
2025-12-04,94.5400,3435800,93.5200,95.9500,91.6550,0.0168,-0.0114,0.0155,-0.0022,-0.0443,38.4453,0.0237,-0.0147,-0.0025,0.3272,-0.2284,1.2309,buy
2025-12-05,100.0900,4984500,93.0000,101.2900,92.8800,0.0587,0.0341,0.1000,0.0463,0.0114,50.5521,0.0279,-0.0095,0.0016,0.6347,0.4508,1.7381,buy
2025-12-08,101.7000,2877600,100.8700,102.8500,100.2700,0.0161,0.0537,0.0898,0.0539,0.0273,58.6792,0.0275,-0.0047,0.0050,0.7260,-0.4227,1.0464,buy
2025-12-09,105.5600,2935500,101.3900,106.0300,101.2350,0.0380,0.0743,0.1280,0.0805,0.0651,67.1786,0.0288,0.0020,0.0091,0.9326,0.0201,1.0656,hold
2025-12-10,105.3600,2074900,105.9900,106.1000,102.7250,-0.0019,0.1331,0.1105,0.0670,0.0619,71.9085,0.0292,0.0070,0.0112,0.9391,-0.2932,0.7551,buy
2025-12-11,106.3000,5043100,109.4500,112.4200,105.6600,0.0089,0.1244,0.1116,0.0650,0.0708,78.5528,0.0292,0.0114,0.0125,0.9867,1.4305,1.7348,buy
2025-12-12,107.4700,2990700,108.7800,109.9550,106.4200,0.0110,0.0737,0.1103,0.0653,0.0818,77.5828,0.0292,0.0155,0.0132,0.9782,-0.4070,1.0300,buy
2025-12-15,109.0250,3877100,107.4400,110.1100,107.0000,0.0145,0.0720,0.1296,0.0675,0.0963,78.6602,0.0288,0.0194,0.0138,0.9779,0.2964,1.3084,buy
2025-12-16,111.0900,5178600,113.3980,113.4000,106.4650,0.0189,0.0524,0.1306,0.0743,0.1157,79.2494,0.0288,0.0236,0.0144,0.9814,0.3357,1.6711,sell
2025-12-17,107.6900,2910300,111.3300,112.2500,107.3900,-0.0306,0.0221,0.1582,0.0268,0.0803,69.8617,0.0233,0.0252,0.0126,0.8091,-0.4380,0.9401,buy
2025-12-18,110.8700,2681200,109.0100,112.6900,108.9800,0.0295,0.0430,0.1727,0.0409,0.1097,71.7418,0.0237,0.0271,0.0119,0.8830,-0.0787,0.8611,sell
2025-12-19,108.8200,3391100,111.4600,112.3200,108.1300,-0.0185,0.0126,0.0872,0.0133,0.0867,68.0035,0.0208,0.0279,0.0099,0.7799,0.2648,1.0882,buy
2025-12-22,109.8000,2472000,109.2100,113.5700,109.0900,0.0090,0.0071,0.0796,0.0148,0.0926,67.2755,0.0206,0.0283,0.0084,0.7881,-0.2710,0.7951,hold
2025-12-23,110.3500,2242500,109.0000,110.8000,107.2300,0.0050,-0.0067,0.0454,0.0154,0.0944,80.2930,0.0177,0.0287,0.0071,0.7818,-0.0928,0.7239,hold
2025-12-24,110.6800,904000,110.2100,111.2300,109.2510,0.0030,0.0278,0.0505,0.0135,0.0942,79.4096,0.0176,0.0290,0.0060,0.7681,-0.5969,0.2998,buy
2025-12-26,112.0800,1576900,110.6000,112.7300,109.8250,0.0126,0.0109,0.0544,0.0209,0.1051,75.7407,0.0177,0.0296,0.0055,0.7947,0.7444,0.5263,sell
2025-12-29,111.2400,2880800,111.4000,111.9300,109.9200,-0.0075,0.0222,0.0351,0.0098,0.0934,71.1812,0.0180,0.0296,0.0043,0.7370,0.8269,0.9325,hold
2025-12-30,110.8200,1313000,111.0000,112.1250,110.3000,-0.0038,0.0093,0.0165,0.0043,0.0857,63.7841,0.0177,0.0289,0.0028,0.6993,-0.5442,0.4309,sell
2025-12-31,108.4900,1700300,110.4300,110.7200,108.2500,-0.0210,-0.0169,-0.0234,-0.0145,0.0603,57.3786,0.0179,0.0268,0.0001,0.5799,0.2950,0.5675,hold
2026-01-02,108.7200,1948300,109.1550,111.0600,108.0700,0.0021,-0.0177,0.0096,-0.0133,0.0602,55.9024,0.0149,0.0246,-0.0017,0.5675,0.1459,0.6786,buy
2026-01-05,114.6800,3503500,111.1200,116.0600,110.9100,0.0548,0.0232,0.0344,0.0372,0.1143,64.2546,0.0211,0.0255,0.0005,0.9425,0.7982,1.2189,sell
2026-01-06,113.2800,2658700,114.9500,115.2250,111.1400,-0.0122,0.0183,0.0410,0.0204,0.0975,58.4643,0.0205,0.0263,0.0008,0.8401,-0.2411,0.9640,sell
2026-01-07,110.3000,2841600,112.8500,113.2300,108.4700,-0.0263,-0.0047,0.0046,-0.0069,0.0657,48.4837,0.0225,0.0249,-0.0010,0.5688,0.0688,1.0310,sell
2026-01-08,108.8600,3376500,112.0100,113.6300,108.4000,-0.0131,0.0034,-0.0135,-0.0185,0.0498,52.4284,0.0228,0.0223,-0.0032,0.3956,0.1882,1.2153,buy
2026-01-09,111.1700,4262000,112.2800,115.0000,110.3970,0.0212,0.0225,0.0044,0.0019,0.0696,50.6460,0.0239,0.0209,-0.0032,0.6353,0.2623,1.4760,hold
2026-01-12,110.7200,4579800,111.2200,116.3300,106.6800,-0.0040,-0.0345,-0.0121,-0.0010,0.0628,54.3941,0.0235,0.0197,-0.0036,0.5574,0.0746,1.5988,hold
2026-01-13,110.5100,2437200,110.3500,112.2050,109.0000,-0.0019,-0.0245,-0.0066,-0.0022,0.0586,51.7026,0.0234,0.0184,-0.0040,0.5075,-0.4678,0.8591,sell
2026-01-14,107.5500,3096900,109.4000,109.6650,105.1980,-0.0268,-0.0249,-0.0295,-0.0261,0.0300,43.9811,0.0249,0.0154,-0.0061,0.0976,0.2707,1.1069,sell
2026-01-15,104.9700,3162800,107.5600,108.3200,103.9300,-0.0240,-0.0357,-0.0324,-0.0464,0.0060,38.8083,0.0252,0.0108,-0.0090,-0.1007,0.0213,1.1727,sell
2026-01-16,103.6600,2231000,105.1100,105.6000,103.2700,-0.0125,-0.0676,-0.0465,-0.0539,-0.0061,33.4382,0.0252,0.0059,-0.0113,-0.1170,-0.2946,0.8378,sell
2026-01-20,102.7500,2780200,100.5520,104.8900,100.5520,-0.0088,-0.0720,-0.1040,-0.0519,-0.0143,33.3464,0.0143,0.0012,-0.0129,-0.0666,0.2462,1.0421,buy
2026-01-21,104.2600,2819100,102.7500,104.6600,101.4000,0.0147,-0.0566,-0.0796,-0.0299,0.0003,37.6599,0.0164,-0.0014,-0.0122,0.1089,0.0140,1.0681,buy
2026-01-22,107.2300,2612800,105.5300,107.4600,104.8400,0.0285,-0.0030,-0.0278,0.0006,0.0278,47.6855,0.0186,-0.0011,-0.0093,0.3533,-0.0732,0.9873,sell
2026-01-23,106.2300,2336800,107.1300,107.6250,103.9990,-0.0093,0.0120,-0.0242,-0.0063,0.0180,45.5520,0.0184,-0.0016,-0.0079,0.2946,-0.1056,0.8814,buy
2026-01-26,107.0000,1827900,106.2400,107.7400,105.0400,0.0072,0.0322,-0.0375,0.0048,0.0253,33.1579,0.0169,-0.0014,-0.0061,0.3677,-0.2178,0.6777,sell
2026-01-27,104.5800,2163100,107.2000,107.4800,103.6400,-0.0226,0.0178,-0.0555,-0.0122,0.0024,31.7380,0.0180,-0.0031,-0.0064,0.2131,0.1834,0.7933,sell
2026-01-28,100.8400,2516600,104.7300,105.1400,100.6600,-0.0358,-0.0328,-0.0875,-0.0388,-0.0336,30.7567,0.0202,-0.0075,-0.0087,0.0161,0.1634,0.9292,hold
2026-01-29,100.4600,2531000,101.3700,101.6700,98.5000,-0.0038,-0.0631,-0.0659,-0.0359,-0.0374,32.1429,0.0193,-0.0111,-0.0099,0.0599,0.0057,0.9139,sell
2026-01-30,95.2000,4560100,99.8250,99.8800,94.5600,-0.0524,-0.1038,-0.0931,-0.0777,-0.0875,19.8338,0.0237,-0.0190,-0.0141,-0.1056,0.8017,1.5658,buy
2026-02-02,96.1800,2893100,94.6600,97.8400,94.6600,0.0103,-0.1011,-0.0722,-0.0614,-0.0782,23.0741,0.0244,-0.0234,-0.0148,0.0305,-0.3656,0.9776,sell
2026-02-03,93.8800,4130800,97.7900,97.9200,92.8850,-0.0239,-0.1023,-0.0863,-0.0759,-0.1004,21.4163,0.0250,-0.0293,-0.0165,-0.0055,0.4278,1.3811,sell
2026-02-04,92.1300,3764800,93.3800,94.9200,90.2300,-0.0186,-0.0864,-0.1163,-0.0821,-0.1174,22.3458,0.0237,-0.0353,-0.0178,-0.0054,-0.0886,1.2359,sell
2026-02-05,86.0500,6383500,89.2200,89.7920,82.7200,-0.0660,-0.1434,-0.1975,-0.1242,-0.1745,19.8534,0.0246,-0.0476,-0.0231,-0.1066,0.6956,1.9804,hold
2026-02-06,85.8500,4327300,86.6700,89.0000,84.3710,-0.0023,-0.0982,-0.1918,-0.1077,-0.1752,20.5814,0.0251,-0.0550,-0.0243,-0.0125,-0.3221,1.3230,buy
2026-02-09,88.5200,3176300,87.0600,89.9200,85.9300,0.0311,-0.0796,-0.1727,-0.0620,-0.1485,27.7864,0.0289,-0.0559,-0.0209,0.1203,-0.2660,0.9875,buy
2026-02-10,90.9100,3284900,89.6600,91.8400,88.9750,0.0270,-0.0316,-0.1307,-0.0225,-0.1247,29.7174,0.0322,-0.0537,-0.0157,0.2239,0.0342,1.0422,sell
2026-02-11,87.8900,3749100,91.0900,91.2500,86.6200,-0.0332,-0.0460,-0.1284,-0.0416,-0.1523,20.6614,0.0320,-0.0570,-0.0142,0.1606,0.1413,1.1653,sell
2026-02-12,82.9300,11347500,87.5600,89.1300,78.5300,-0.0564,-0.0363,-0.1745,-0.0781,-0.1981,18.4453,0.0345,-0.0657,-0.0163,0.0621,2.0267,3.1261,buy
2026-02-13,90.0600,14461000,96.5500,96.5500,86.5800,0.0860,0.0490,-0.0540,0.0069,-0.1277,30.4298,0.0454,-0.0573,-0.0094,0.3040,0.2744,3.4473,sell
2026-02-17,88.5800,5912000,87.7600,90.3500,85.4300,-0.0164,0.0007,-0.0790,-0.0011,-0.1413,31.1053,0.0452,-0.0564,-0.0062,0.2808,-0.5912,1.3501,buy
2026-02-18,90.2100,4130700,89.4400,91.2700,88.0840,0.0184,-0.0077,-0.0391,0.0215,-0.1248,36.7885,0.0455,-0.0519,-0.0021,0.3496,-0.3013,0.9290,hold
2026-02-19,89.6100,2975000,89.1600,90.9350,88.4500,-0.0067,0.0196,-0.0274,0.0176,-0.1288,36.5884,0.0452,-0.0494,0.0006,0.3493,-0.2798,0.6679,hold
2026-02-20,89.0600,2873500,89.0600,90.8000,87.9800,-0.0061,0.0739,0.0350,0.0079,-0.1320,41.4102,0.0393,-0.0475,0.0023,0.3499,-0.0341,0.6432,sell
2026-02-23,84.4200,3311900,88.0000,88.1600,83.4600,-0.0521,-0.0626,-0.0167,-0.0431,-0.1739,35.0761,0.0432,-0.0520,0.0004,0.2067,0.1526,0.7334,buy
2026-02-24,87.6800,3247800,84.4000,87.7700,84.0900,0.0386,-0.0102,-0.0095,-0.0052,-0.1390,42.3191,0.0438,-0.0479,0.0020,0.3440,-0.0194,0.7080,buy
2026-02-25,92.2800,4071000,88.0300,92.6900,87.2700,0.0525,0.0229,0.0151,0.0454,-0.0913,50.1736,0.0463,-0.0395,0.0064,0.5855,0.2535,0.8694,hold
2026-02-26,93.4700,2847700,92.1200,94.1500,91.3100,0.0129,0.0431,0.0635,0.0522,-0.0770,59.6816,0.0446,-0.0329,0.0099,0.6892,-0.3005,0.6060,buy
2026-02-27,98.4100,4778500,92.9700,98.4600,92.5200,0.0529,0.1050,0.1867,0.0889,-0.0262,64.5843,0.0405,-0.0223,0.0147,1.0168,0.6780,0.9932,hold
2026-03-02,98.0900,2469600,96.5600,98.5000,95.5700,-0.0033,0.1619,0.0892,0.0758,-0.0269,61.7539,0.0330,-0.0153,0.0174,0.9603,-0.4832,0.5247,sell
2026-03-03,94.0700,5016500,95.7550,96.6000,93.7000,-0.0410,0.0729,0.0620,0.0255,-0.0642,53.7317,0.0359,-0.0135,0.0165,0.7360,1.0313,1.0423,buy
2026-03-04,97.5100,4591800,94.0700,98.9500,93.9400,0.0366,0.0567,0.0809,0.0546,-0.0274,61.2488,0.0370,-0.0082,0.0166,0.9104,-0.0847,0.9495,hold
2026-03-05,98.1100,3218000,98.1500,101.3600,96.9800,0.0062,0.0496,0.0949,0.0514,-0.0194,69.7656,0.0366,-0.0037,0.0167,0.8983,-0.2992,0.6692,buy
2026-03-06,100.5700,3992700,96.5100,100.9600,95.2350,0.0251,0.0219,0.1292,0.0647,0.0071,65.5796,0.0365,0.0017,0.0173,0.9563,0.2407,0.8515,hold
2026-03-09,100.1700,3037500,97.8000,100.2500,94.8750,-0.0040,0.0212,0.1866,0.0430,0.0051,67.7488,0.0294,0.0055,0.0170,0.8866,-0.2392,0.6568,hold
2026-03-10,100.5500,3411600,100.1700,102.0700,97.5250,0.0038,0.0689,0.1468,0.0332,0.0110,66.4650,0.0287,0.0088,0.0161,0.8587,0.1232,0.7358,hold
2026-03-11,100.7400,2629900,100.5000,103.0500,98.8900,0.0019,0.0331,0.0917,0.0262,0.0152,67.9574,0.0255,0.0113,0.0150,0.8289,-0.2291,0.5713,sell
2026-03-12,94.8000,2886900,99.4800,101.9500,94.3500,-0.0590,-0.0337,0.0142,-0.0356,-0.0415,57.8890,0.0333,0.0091,0.0103,0.5553,0.0977,0.6330,sell
2026-03-13,91.6500,2961200,95.0800,96.2000,91.2900,-0.0332,-0.0887,-0.0687,-0.0612,-0.0697,60.3611,0.0296,0.0041,0.0043,0.3829,0.0257,0.7151,buy
2026-03-16,95.1800,2174700,92.2600,96.3600,92.0000,0.0385,-0.0498,-0.0297,-0.0221,-0.0313,60.6655,0.0329,0.0029,0.0025,0.5467,-0.2656,0.6166,buy
2026-03-17,96.3000,1686400,96.2800,99.2000,95.9700,0.0118,-0.0423,0.0237,-0.0129,-0.0174,56.3447,0.0301,0.0029,0.0020,0.5868,-0.2245,0.5086,hold
2026-03-18,95.6600,2812300,96.0600,97.8440,94.8800,-0.0066,-0.0504,-0.0190,-0.0176,-0.0201,53.5175,0.0277,0.0024,0.0012,0.5399,0.6676,0.8654,hold
2026-03-19,95.8600,2317300,94.7200,96.6450,93.7250,0.0021,0.0112,-0.0229,-0.0133,-0.0145,45.1686,0.0276,0.0022,0.0008,0.5351,-0.1760,0.7204,sell
2026-03-20,93.2700,2899600,95.7400,96.0100,91.6800,-0.0270,0.0177,-0.0726,-0.0326,-0.0378,41.5911,0.0269,-0.0002,-0.0013,0.3733,0.2513,0.9010,buy
2026-03-23,97.8100,2568900,94.6500,98.9300,93.9700,0.0487,0.0276,-0.0236,0.0169,0.0114,56.4085,0.0322,0.0017,0.0005,0.6240,-0.1141,0.8076,sell
2026-03-24,95.5900,2143200,96.6100,97.7260,94.4400,-0.0227,-0.0074,-0.0493,-0.0010,-0.0084,46.5665,0.0328,0.0014,0.0001,0.4185,-0.1657,0.6857,hold
2026-03-25,95.0600,1930900,97.4200,99.2200,93.3100,-0.0055,-0.0063,-0.0564,-0.0006,-0.0107,44.5321,0.0327,0.0006,-0.0005,0.3505,-0.0991,0.6396,sell
2026-03-26,89.0300,3424600,92.9300,95.8300,88.2450,-0.0634,-0.0712,-0.0609,-0.0583,-0.0693,31.6592,0.0335,-0.0054,-0.0053,-0.1001,0.7736,1.1237,sell
2026-03-27,87.1500,2150400,87.7100,88.2350,84.9000,-0.0211,-0.0656,-0.0491,-0.0738,-0.0850,30.2368,0.0326,-0.0120,-0.0095,-0.0933,-0.3721,0.7374,buy
2026-03-30,88.2300,2104400,88.6700,89.7600,87.2650,0.0124,-0.0979,-0.0730,-0.0553,-0.0704,31.6885,0.0297,-0.0158,-0.0106,0.0542,-0.0214,0.7262,buy
2026-03-31,94.6200,2796400,89.5500,95.8200,89.5500,0.0724,-0.0101,-0.0174,0.0149,-0.0012,42.3193,0.0388,-0.0120,-0.0058,0.4516,0.3288,1.0034,hold
2026-04-01,94.9000,1874400,96.0200,97.2800,94.2200,0.0030,-0.0017,-0.0079,0.0188,0.0034,50.1463,0.0388,-0.0095,-0.0026,0.4771,-0.3297,0.7070,buy
2026-04-02,97.6600,2755200,91.6000,98.8500,90.2300,0.0291,0.0969,0.0188,0.0464,0.0340,58.8932,0.0399,-0.0050,0.0014,0.6533,0.4699,1.0484,hold
2026-04-06,98.2000,1944500,98.5400,99.9380,97.2800,0.0055,0.1268,0.0529,0.0466,0.0418,54.9026,0.0385,-0.0011,0.0041,0.7019,-0.2942,0.7699,hold
2026-04-07,98.5300,2396900,96.9900,100.2300,96.5700,0.0034,0.1167,0.0074,0.0493,0.0470,53.7154,0.0354,0.0021,0.0059,0.7349,0.2327,0.9613,buy
2026-04-08,100.9900,2967900,105.0000,105.7300,100.3050,0.0250,0.0673,0.0565,0.0694,0.0745,58.3726,0.0350,0.0065,0.0081,0.8952,0.2382,1.2009,hold
2026-04-09,100.0400,1916100,100.7300,101.3600,98.0000,-0.0094,0.0542,0.0524,0.0538,0.0654,56.4150,0.0352,0.0092,0.0087,0.8390,-0.3544,0.7867,buy
2026-04-10,102.4700,2252200,100.8800,102.9300,97.6800,0.0243,0.0493,0.1510,0.0643,0.0909,64.1888,0.0257,0.0128,0.0098,0.9355,0.1754,0.9369,buy
2026-04-13,103.3200,2428000,102.4000,103.8480,100.1100,0.0083,0.0521,0.1855,0.0554,0.0993,59.5893,0.0227,0.0162,0.0106,0.9245,0.0781,1.0214,buy
2026-04-14,106.5400,2558900,104.2000,107.7230,104.1300,0.0312,0.0813,0.2075,0.0683,0.1308,68.4158,0.0230,0.0205,0.0121,1.0082,0.0539,1.0678,buy
2026-04-15,109.3300,2233700,107.0000,109.8800,106.6700,0.0262,0.0826,0.1555,0.0804,0.1572,72.3039,0.0141,0.0255,0.0139,1.0336,-0.1271,0.9216,buy
2026-04-16,111.8700,2948100,110.1700,111.9300,108.6000,0.0232,0.1183,0.1788,0.0872,0.1796,90.0702,0.0136,0.0307,0.0154,1.0296,0.3198,1.2129,buy
2026-04-17,116.1900,3105900,113.0000,116.8050,112.3300,0.0386,0.1339,0.1897,0.1092,0.2189,96.9296,0.0149,0.0366,0.0175,1.0594,0.0535,1.2574,buy
2026-04-20,118.7300,2324900,115.5500,118.8400,114.3300,0.0219,0.1491,0.2091,0.1117,0.2371,97.0679,0.0143,0.0424,0.0190,1.0292,-0.2515,0.9523,sell
2026-04-21,114.1100,2810100,119.8300,120.0000,113.4600,-0.0389,0.0711,0.1581,0.0531,0.1820,81.8152,0.0231,0.0458,0.0172,0.8527,0.2087,1.1454,buy
2026-04-22,118.3400,2540000,116.3600,118.4100,115.3750,0.0371,0.0824,0.1718,0.0749,0.2183,83.8924,0.0240,0.0478,0.0161,0.9074,-0.0961,1.0270,sell
2026-04-23,114.9600,2281000,118.1200,118.7300,112.9300,-0.0286,0.0276,0.1491,0.0302,0.1777,74.5739,0.0268,0.0492,0.0133,0.7896,-0.1020,0.9158,hold
2026-04-24,115.2200,2236300,116.5000,116.5000,113.2100,0.0023,-0.0083,0.1244,0.0209,0.1738,74.3700,0.0268,0.0487,0.0103,0.7702,-0.0196,0.9198,hold
2026-04-27,114.3800,2227200,115.4900,116.7150,112.5850,-0.0073,-0.0366,0.1070,0.0036,0.1578,72.3680,0.0275,0.0477,0.0072,0.7302,-0.0041,0.9146,sell
2026-04-28,112.2800,1923100,114.0000,114.5400,110.8100,-0.0184,-0.0160,0.0539,-0.0197,0.1314,66.0964,0.0278,0.0454,0.0033,0.6556,-0.1365,0.7927,hold
2026-04-29,112.6200,1577000,112.4700,113.3900,111.2100,0.0030,-0.0483,0.0301,-0.0196,0.1294,68.2530,0.0269,0.0425,0.0004,0.6470,-0.1800,0.6668,buy
2026-04-30,116.5600,6452300,113.0100,118.2800,110.1000,0.0350,0.0139,0.0419,0.0106,0.1628,69.5858,0.0281,0.0412,0.0004,0.7525,3.0915,2.4874,buy
2026-05-01,123.5800,8103800,125.4950,127.0000,115.0000,0.0602,0.0726,0.0636,0.0646,0.2245,74.0389,0.0316,0.0430,0.0037,0.9373,0.2560,2.8321,buy
2026-05-04,126.0200,3723300,124.0000,127.9000,122.3500,0.0197,0.1018,0.0614,0.0789,0.2396,73.5493,0.0315,0.0465,0.0063,0.9604,-0.5405,1.2620,sell
2026-05-05,124.4100,2826600,127.0000,127.5700,123.9300,-0.0128,0.1080,0.0903,0.0558,0.2142,68.7656,0.0283,0.0489,0.0066,0.8748,-0.2408,0.9511,buy
2026-05-06,127.9800,2506000,125.6900,128.5300,123.7500,0.0287,0.1364,0.0815,0.0773,0.2393,69.5462,0.0274,0.0506,0.0076,0.9407,-0.1134,0.8499,sell
2026-05-07,126.6700,2060700,128.1500,129.8500,125.8200,-0.0102,0.0867,0.1019,0.0558,0.2185,63.7173,0.0252,0.0522,0.0069,0.8705,-0.1777,0.6971,buy
2026-05-08,129.5300,2049900,128.0100,130.7200,124.7600,0.0226,0.0481,0.1242,0.0669,0.2374,64.0187,0.0254,0.0530,0.0070,0.9269,-0.0052,0.6959,sell
2026-05-11,128.0700,2259100,129.9800,131.3900,127.5100,-0.0113,0.0163,0.1197,0.0432,0.2166,69.7398,0.0257,0.0536,0.0057,0.8524,0.1021,0.7691,hold
2026-05-12,127.6300,2156000,128.0200,128.0200,125.2500,-0.0034,0.0259,0.1367,0.0267,0.2056,64.7133,0.0242,0.0529,0.0039,0.8116,-0.0456,0.7391,sell
2026-05-13,125.6800,2571400,128.3300,128.3800,124.5500,-0.0153,-0.0180,0.1160,0.0005,0.1802,67.7837,0.0257,0.0512,0.0011,0.7168,0.1927,0.8764,hold
2026-05-14,125.8500,1922900,126.2100,128.0000,124.2610,0.0014,-0.0065,0.0797,-0.0055,0.1755,67.6872,0.0244,0.0487,-0.0011,0.7024,-0.2522,0.6670,sell
2026-05-15,124.0200,1903000,122.5600,125.6500,121.8000,-0.0145,-0.0425,0.0036,-0.0203,0.1528,65.5284,0.0169,0.0457,-0.0038,0.6121,-0.0103,0.6742,hold
2026-05-18,124.1500,1972000,124.1800,127.2800,123.5000,0.0010,-0.0306,-0.0148,-0.0178,0.1490,70.4162,0.0155,0.0424,-0.0057,0.6062,0.0363,0.7030,sell
2026-05-19,120.5800,2425000,123.6000,124.4000,119.5900,-0.0288,-0.0552,-0.0308,-0.0431,0.1118,62.3220,0.0175,0.0381,-0.0091,0.4413,0.2297,0.8705,buy
2026-05-20,124.1600,1907900,121.3300,125.0300,120.2100,0.0297,-0.0121,-0.0298,-0.0117,0.1398,61.8973,0.0177,0.0346,-0.0090,0.5853,-0.2132,0.6927,buy
2026-05-21,125.0800,1089200,123.4650,127.7600,122.2800,0.0074,-0.0061,-0.0126,-0.0031,0.1431,52.9025,0.0178,0.0328,-0.0084,0.6079,-0.4291,0.4042,hold
2026-05-22,125.5500,1595400,125.1600,127.8800,125.0850,0.0038,0.0123,-0.0307,0.0038,0.1410,49.0155,0.0159,0.0313,-0.0078,0.6112,0.4647,0.5992,buy
2026-05-26,127.6100,1536400,127.0000,129.1500,125.2800,0.0164,0.0279,-0.0036,0.0206,0.1522,56.5789,0.0167,0.0307,-0.0062,0.6917,-0.0370,0.5846,buy
2026-05-27,131.9100,2452600,128.1900,132.8000,127.6500,0.0337,0.0940,0.0335,0.0514,0.1832,57.8443,0.0197,0.0319,-0.0031,0.9069,0.5963,0.9239,sell
2026-05-28,131.0900,1535900,131.8950,132.0000,128.1200,-0.0062,0.0558,0.0430,0.0404,0.1685,58.9984,0.0190,0.0329,-0.0018,0.8836,-0.3738,0.5790,sell
2026-05-29,130.1800,2235400,131.0900,133.4600,129.8800,-0.0069,0.0408,0.0344,0.0296,0.1533,51.4374,0.0193,0.0329,-0.0016,0.8290,0.4554,0.9155,sell
2026-06-01,129.0300,1902300,130.1800,131.0000,126.9700,-0.0088,0.0277,0.0404,0.0165,0.1365,52.1524,0.0188,0.0319,-0.0023,0.7046,-0.1490,0.8924,sell
2026-06-02,127.1200,1621900,127.2600,128.6200,124.5600,-0.0148,-0.0038,0.0239,-0.0009,0.1130,48.9272,0.0197,0.0298,-0.0040,0.5275,-0.1474,0.8004,sell
2026-06-03,122.2000,2360200,125.7300,126.9900,119.4900,-0.0387,-0.0736,0.0134,-0.0408,0.0654,43.4929,0.0216,0.0253,-0.0079,0.1130,0.4552,1.1782,buy
2026-06-04,125.5900,1931400,124.7400,128.8550,122.8600,0.0277,-0.0420,0.0115,-0.0153,0.0892,49.5661,0.0214,0.0222,-0.0081,0.4143,-0.1817,0.9782,sell
2026-06-05,122.2600,2021900,124.2700,127.4550,120.6600,-0.0265,-0.0608,-0.0225,-0.0392,0.0554,47.2028,0.0229,0.0184,-0.0102,0.1647,0.0469,1.0250,buy
2026-06-08,123.5700,3621700,125.8500,126.1050,122.5800,0.0107,-0.0423,-0.0158,-0.0274,0.0604,49.1115,0.0232,0.0154,-0.0103,0.2937,0.7912,1.7658,sell
2026-06-09,120.9100,3313900,125.4200,127.1500,118.0300,-0.0215,-0.0489,-0.0525,-0.0433,0.0316,50.5200,0.0231,0.0116,-0.0117,0.1246,-0.0850,1.5752,sell
2026-06-10,116.9400,2356300,118.4400,121.1200,116.5300,-0.0328,-0.0430,-0.1135,-0.0636,-0.0072,38.7609,0.0201,0.0057,-0.0147,-0.0549,-0.2890,1.1147,buy
2026-06-11,119.6400,2414700,117.1300,120.1050,115.0000,0.0231,-0.0474,-0.0873,-0.0332,0.0115,41.9764,0.0229,0.0026,-0.0139,0.1652,0.0248,1.1466,buy
2026-06-12,143.6600,15006600,124.8100,148.8800,119.6600,0.2008,0.1750,0.1035,0.1484,0.2046,65.7615,0.0702,0.0135,-0.0002,1.2794,5.2147,5.4368,hold
2026-06-15,140.9000,27132700,143.9000,145.8800,139.6400,-0.0192,0.1402,0.0920,0.1158,0.1729,61.4273,0.0706,0.0211,0.0057,1.0381,0.8081,6.7466,hold
2026-06-16,137.9500,15208900,138.2500,140.5500,137.9200,-0.0209,0.1409,0.0852,0.0831,0.1408,55.3169,0.0709,0.0255,0.0078,0.8764,-0.4395,3.2473,hold
2026-06-17,137.2900,11526100,138.1000,140.3200,137.1700,-0.0048,0.1740,0.1235,0.0653,0.1281,55.4732,0.0691,0.0280,0.0082,0.8169,-0.2421,2.2431,hold
2026-06-18,138.0700,24917000,137.5700,139.7000,137.1400,0.0057,0.1540,0.0994,0.0611,0.1277,56.9811,0.0689,0.0299,0.0081,0.8086,1.1618,3.9620,sell
2026-06-22,135.2000,8328400,137.7200,138.2500,135.0400,-0.0208,-0.0589,0.1058,0.0288,0.0979,55.2980,0.0686,0.0301,0.0063,0.6939,-0.6658,1.2522,hold
2026-06-23,135.0550,6717900,135.1400,136.2400,134.9000,-0.0011,-0.0415,0.0929,0.0188,0.0910,57.0265,0.0687,0.0293,0.0044,0.6723,-0.1934,0.9726,hold
2026-06-24,135.9300,5927000,135.4900,137.3900,134.8950,0.0065,-0.0146,0.1242,0.0139,0.0923,63.0961,0.0678,0.0287,0.0032,0.6850,-0.1177,0.8317,hold
2026-06-25,134.7300,7353300,135.8000,136.2950,134.4600,-0.0088,-0.0186,0.1521,-0.0082,0.0778,59.0981,0.0664,0.0276,0.0015,0.6404,0.2406,0.9975,hold
2026-06-26,135.4000,9730300,134.5850,136.4800,134.3600,0.0050,-0.0193,0.1317,-0.0147,0.0786,63.8112,0.0664,0.0265,0.0004,0.6535,0.3233,1.2505,hold
2026-06-29,136.5300,3426800,137.0000,137.4980,135.4800,0.0083,0.0098,-0.0496,-0.0013,0.0834,63.6738,0.0118,0.0259,-0.0000,0.6769,-0.6478,0.4370,buy
2026-06-30,138.1400,3714300,135.7500,138.5800,135.7500,0.0118,0.0228,-0.0196,0.0125,0.0923,68.5908,0.0118,0.0259,0.0002,0.7093,0.0839,0.4683,buy
2026-07-01,140.5100,5078700,138.8800,141.8000,138.8800,0.0172,0.0337,0.0186,0.0280,0.1073,76.3411,0.0111,0.0268,0.0012,0.7559,0.3673,0.6267,buy
2026-07-02,142.4300,6746200,140.5250,142.6700,140.3200,0.0137,0.0572,0.0374,0.0381,0.1174,75.9213,0.0114,0.0282,0.0024,0.7843,0.3283,0.8105,hold
2026-07-06,142.2600,2444500,142.3300,142.9900,141.3300,-0.0012,0.0507,0.0303,0.0337,0.1119,46.5191,0.0114,0.0292,0.0027,0.7524,-0.6376,0.2928,sell
2026-07-07,141.2100,2680700,141.7600,142.9400,141.1300,-0.0074,0.0343,0.0445,0.0216,0.0992,50.8424,0.0088,0.0293,0.0021,0.7000,0.0966,0.3198,sell
2026-07-08,139.2500,3707700,141.0000,141.3800,139.1900,-0.0139,0.0080,0.0311,0.0044,0.0799,53.7335,0.0105,0.0281,0.0004,0.6202,0.3831,0.4421,buy
2026-07-09,140.2600,2594500,139.0000,140.6300,138.8100,0.0073,-0.0018,0.0319,0.0085,0.0834,58.3615,0.0105,0.0269,-0.0005,0.6355,-0.3002,0.3107,hold
2026-07-10,140.6900,1883000,140.5900,141.9900,140.3700,0.0031,-0.0122,0.0442,0.0073,0.0820,57.5244,0.0096,0.0260,-0.0010,0.6451,-0.2742,0.2261,buy
2026-07-13,142.3400,2889700,140.0100,142.8700,140.0100,0.0117,0.0006,0.0513,0.0141,0.0897,72.0507,0.0099,0.0257,-0.0008,0.8043,0.5346,0.3460,sell
2026-07-14,141.7600,1924000,141.7050,142.1800,141.1140,-0.0041,0.0039,0.0383,0.0062,0.0811,70.1654,0.0102,0.0252,-0.0012,0.7751,-0.3342,0.2500,buy
2026-07-15,143.3200,3228400,142.3400,143.5600,141.8200,0.0110,0.0292,0.0375,0.0136,0.0897,71.3461,0.0102,0.0250,-0.0008,0.8871,0.6780,0.4966,buy
2026-07-16,143.8200,2521700,143.2900,144.2000,143.0000,0.0035,0.0254,0.0236,0.0147,0.0905,77.3631,0.0090,0.0250,-0.0006,0.8797,-0.2189,0.4298,buy
2026-07-17,144.4300,2865300,143.0700,144.7100,143.0700,0.0042,0.0266,0.0140,0.0176,0.0918,77.2810,0.0081,0.0250,-0.0004,0.8784,0.1363,0.5273,hold
2026-07-20,144.1300,1966000,144.9580,145.7500,143.9700,-0.0021,0.0126,0.0131,0.0141,0.0869,74.1731,0.0082,0.0247,-0.0006,0.8182,-0.3139,0.4587,hold
2026-07-21,144.2700,1491000,144.2000,144.6900,143.7400,0.0010,0.0177,0.0217,0.0129,0.0851,71.5088,0.0076,0.0242,-0.0009,0.7994,-0.2416,0.3780,sell
2026-07-22,143.0800,1818900,143.8500,144.3900,143.0800,-0.0082,-0.0017,0.0275,0.0019,0.0739,59.8317,0.0064,0.0230,-0.0018,0.6898,0.2199,0.4916,sell
2026-07-23,141.6700,1985000,142.1550,143.0000,141.2500,-0.0099,-0.0149,0.0101,-0.0090,0.0612,46.9745,0.0073,0.0212,-0.0031,0.5569,0.0913,0.5667,hold
