date,close,volume,open,high,low,return_1d,return_5d,return_10d,price_vs_ma10,price_vs_ma50,rsi_14,volatility_10d,macd_norm,macd_hist_norm,bb_position,volume_change,volume_vs_avg20,label
2021-09-10,106.6122,6517900,106.6211,107.8808,106.2102,0.0046,0.0168,0.0439,0.0181,0.0137,71.9070,0.0090,0.0021,0.0036,1.0002,0.3835,1.4234,hold
2021-09-13,106.4693,4381100,107.1035,107.3358,105.9154,-0.0013,0.0170,0.0353,0.0132,0.0113,69.3937,0.0091,0.0031,0.0038,0.9169,-0.3278,0.9566,hold
2021-09-14,106.1834,4722800,106.9517,107.0768,105.7367,-0.0027,0.0265,0.0281,0.0077,0.0078,67.7632,0.0093,0.0038,0.0035,0.8416,0.0780,1.0455,sell
2021-09-15,102.4135,11556200,104.4860,104.5396,101.0556,-0.0355,-0.0288,-0.0243,-0.0257,-0.0279,46.7641,0.0141,0.0014,0.0009,0.2333,1.4469,2.3782,hold
2021-09-16,102.4403,7997000,102.5475,102.9763,101.1181,0.0003,-0.0347,-0.0237,-0.0231,-0.0273,51.3308,0.0141,-0.0005,-0.0008,0.2506,-0.3080,1.5889,sell
2021-09-17,101.3147,9261000,102.3242,102.6011,101.0556,-0.0110,-0.0497,-0.0337,-0.0306,-0.0376,43.7178,0.0144,-0.0030,-0.0026,0.0941,0.1581,1.7707,sell
2021-09-20,99.8942,7795200,99.4744,100.2962,98.6078,-0.0140,-0.0618,-0.0458,-0.0398,-0.0503,37.1177,0.0148,-0.0060,-0.0045,-0.0352,-0.1583,1.4315,hold
2021-09-21,100.2516,5468400,99.9836,101.4844,99.8317,0.0036,-0.0559,-0.0308,-0.0334,-0.0459,30.0831,0.0147,-0.0080,-0.0052,0.0681,-0.2985,0.9929,buy
2021-09-22,101.0109,4578200,101.0020,101.8685,100.3409,0.0076,-0.0137,-0.0421,-0.0219,-0.0377,34.4016,0.0131,-0.0088,-0.0048,0.1867,-0.1628,0.8229,buy
2021-09-23,101.9668,3842000,101.2968,102.4760,101.0377,0.0095,-0.0046,-0.0391,-0.0086,-0.0278,39.2548,0.0134,-0.0086,-0.0037,0.3117,-0.1608,0.6908,hold
2021-09-24,101.9400,3955000,101.9579,102.6100,101.6273,-0.0003,0.0062,-0.0438,-0.0044,-0.0273,39.6506,0.0131,-0.0084,-0.0028,0.3103,0.0294,0.7191,hold
2021-09-27,101.5559,3988800,101.4933,102.4403,100.8680,-0.0038,0.0166,-0.0461,-0.0033,-0.0302,42.4155,0.0131,-0.0084,-0.0023,0.2770,0.0085,0.7266,sell
2021-09-28,99.7960,5917700,100.6625,100.9484,99.2332,-0.0173,-0.0045,-0.0602,-0.0144,-0.0465,26.7794,0.0137,-0.0099,-0.0029,0.1208,0.4836,1.0508,buy
2021-09-29,100.2069,4389100,99.9657,100.5196,99.6709,0.0041,-0.0080,-0.0215,-0.0082,-0.0418,25.1874,0.0092,-0.0105,-0.0028,0.1991,-0.2583,0.7979,sell
2021-09-30,98.5453,5974500,99.6262,100.1980,98.5453,-0.0166,-0.0336,-0.0380,-0.0209,-0.0563,19.1810,0.0102,-0.0124,-0.0037,0.0863,0.3612,1.0708,buy
2021-10-01,100.8769,5636900,99.0634,101.3593,98.7507,0.0237,-0.0104,-0.0043,0.0027,-0.0324,31.6959,0.0130,-0.0114,-0.0023,0.3337,-0.0565,0.9939,sell
2021-10-04,99.5726,4497700,100.4392,101.0199,99.1796,-0.0129,-0.0195,-0.0032,-0.0099,-0.0427,29.7149,0.0129,-0.0119,-0.0022,0.2334,-0.2021,0.7822,sell
2021-10-05,99.0277,5884000,99.2778,99.5905,98.2951,-0.0055,-0.0077,-0.0122,-0.0142,-0.0455,37.0472,0.0129,-0.0126,-0.0022,0.2114,0.3082,1.0091,buy
2021-10-06,99.7334,5734500,98.4291,100.0729,97.8038,0.0071,-0.0047,-0.0126,-0.0059,-0.0364,40.1559,0.0129,-0.0123,-0.0016,0.2993,-0.0254,0.9819,buy
2021-10-07,100.2426,5549500,100.3945,100.9305,100.0997,0.0051,0.0172,-0.0169,0.0009,-0.0298,45.9183,0.0125,-0.0115,-0.0007,0.3676,-0.0323,0.9434,sell
2021-10-08,99.3582,3787000,100.5732,100.6446,99.2778,-0.0088,-0.0151,-0.0253,-0.0053,-0.0366,47.8723,0.0127,-0.0116,-0.0005,0.2874,-0.3176,0.6591,hold
2021-10-11,99.1081,5987300,100.8501,101.4487,99.0902,-0.0025,-0.0047,-0.0241,-0.0054,-0.0374,45.4221,0.0127,-0.0117,-0.0005,0.2586,0.5810,1.0277,hold
2021-10-12,99.1617,3866800,99.8049,99.9389,98.8579,0.0005,0.0014,-0.0064,-0.0042,-0.0353,42.1532,0.0116,-0.0116,-0.0003,0.2372,-0.3542,0.6686,hold
2021-10-13,98.9473,4806500,99.5101,99.5905,97.7413,-0.0022,-0.0079,-0.0126,-0.0051,-0.0361,36.3267,0.0115,-0.0115,-0.0002,0.2158,0.2430,0.8826,buy
2021-10-14,99.9389,5194900,99.2332,100.6000,99.1706,0.0100,-0.0030,0.0141,0.0034,-0.0254,41.6666,0.0106,-0.0104,0.0006,0.4551,0.0808,0.9791,sell
2021-10-15,99.5637,5860900,100.4570,100.8769,99.1170,-0.0038,0.0021,-0.0130,0.0010,-0.0279,41.6977,0.0072,-0.0099,0.0010,0.3808,0.1282,1.1412,buy
2021-10-18,101.2789,4958400,99.5547,101.4576,99.1259,0.0172,0.0219,0.0171,0.0165,-0.0102,56.2032,0.0080,-0.0078,0.0023,0.7863,-0.1540,0.9929,hold
2021-10-19,101.3861,5799300,101.6095,102.3241,100.7340,0.0011,0.0224,0.0238,0.0152,-0.0085,55.0614,0.0076,-0.0062,0.0032,0.7876,0.1696,1.1574,buy
2021-10-20,101.7167,7645200,101.0020,102.8333,100.6893,0.0033,0.0280,0.0199,0.0165,-0.0049,65.3680,0.0074,-0.0045,0.0038,0.8438,0.3183,1.4805,buy
2021-10-21,102.2348,3684300,101.7792,102.3420,101.4933,0.0051,0.0230,0.0199,0.0196,0.0005,57.9833,0.0074,-0.0028,0.0044,0.9482,-0.5181,0.7146,hold
2021-10-22,102.3331,3396400,102.2080,102.7172,101.9043,0.0010,0.0278,0.0299,0.0176,0.0017,68.9107,0.0064,-0.0013,0.0047,0.9518,-0.0781,0.6623,hold
2021-10-25,102.4760,4290600,102.5028,102.6279,101.2700,0.0014,0.0118,0.0340,0.0156,0.0034,75.0000,0.0062,-0.0000,0.0048,0.9454,0.2633,0.8342,hold
2021-10-26,102.6636,5948000,102.6636,102.9852,102.0650,0.0018,0.0126,0.0353,0.0139,0.0057,72.9692,0.0061,0.0011,0.0047,0.9192,0.3863,1.1562,sell
2021-10-27,101.4040,5853900,103.2443,103.2443,101.0199,-0.0123,-0.0031,0.0248,-0.0009,-0.0061,58.1455,0.0078,0.0010,0.0037,0.6707,-0.0158,1.1219,sell
2021-10-28,101.1271,7697600,101.6095,102.3777,100.4660,-0.0027,-0.0108,0.0119,-0.0048,-0.0083,63.5619,0.0074,0.0007,0.0028,0.6012,0.3150,1.4513,sell
2021-10-29,94.7575,27419600,96.0350,96.4727,92.9261,-0.0630,-0.0740,-0.0483,-0.0631,-0.0695,32.7914,0.0217,-0.0049,-0.0022,-0.2579,2.5621,4.2889,buy
2021-11-01,98.0897,14184600,95.7938,98.4023,95.7670,0.0352,-0.0428,-0.0315,-0.0271,-0.0359,46.6330,0.0243,-0.0062,-0.0029,0.2171,-0.4827,2.0625,buy
2021-11-02,99.5637,11538900,98.4917,99.8942,98.0807,0.0150,-0.0302,-0.0180,-0.0107,-0.0208,51.7941,0.0250,-0.0060,-0.0022,0.4079,-0.1865,1.6115,buy
2021-11-03,100.6000,6422600,99.4565,100.8769,98.3666,0.0104,-0.0079,-0.0110,0.0007,-0.0102,51.9191,0.0252,-0.0050,-0.0010,0.5404,-0.4434,0.8927,hold
2021-11-04,100.1980,8212600,99.6977,100.4302,99.0992,-0.0040,-0.0092,-0.0199,-0.0012,-0.0135,51.8385,0.0251,-0.0045,-0.0004,0.4870,0.2787,1.1208,buy
2021-11-05,104.4414,10256800,101.1628,104.8166,101.0734,0.0424,0.1022,0.0206,0.0389,0.0278,57.9946,0.0288,-0.0007,0.0026,0.9694,0.2489,1.3405,sell
2021-11-08,102.8780,8753300,104.0930,104.9417,102.3510,-0.0150,0.0488,0.0039,0.0229,0.0124,53.5129,0.0293,0.0010,0.0035,0.7541,-0.1466,1.1237,sell
2021-11-09,101.9579,6754700,102.4224,103.2711,101.2789,-0.0089,0.0240,-0.0069,0.0145,0.0036,50.5526,0.0295,0.0017,0.0033,0.6293,-0.2283,0.8514,hold
2021-11-10,101.6079,6563700,101.3029,102.6936,101.0248,-0.0034,0.0100,0.0020,0.0108,0.0008,48.5527,0.0292,0.0019,0.0028,0.5731,-0.0283,0.8182,sell
2021-11-11,99.9840,7191900,101.6080,101.6080,99.1765,-0.0160,-0.0021,-0.0113,-0.0042,-0.0142,44.9334,0.0297,0.0007,0.0014,0.3740,0.0957,0.8855,hold
2021-11-12,100.2352,7350400,100.2532,100.7018,99.6700,0.0025,-0.0403,0.0578,-0.0071,-0.0109,45.1895,0.0201,0.0000,0.0005,0.3997,0.0220,0.8968,hold
2021-11-15,100.3698,6566100,100.5941,101.9668,100.1096,0.0013,-0.0244,0.0232,-0.0080,-0.0087,45.0644,0.0172,-0.0005,0.0001,0.4221,-0.1067,0.7933,hold
2021-11-16,100.6928,7965000,100.7377,101.4824,100.0468,0.0032,-0.0124,0.0113,-0.0060,-0.0050,48.4055,0.0166,-0.0005,-0.0000,0.4662,0.2130,0.9499,hold
2021-11-17,100.9530,5768600,100.6839,101.4824,100.1814,0.0026,-0.0064,0.0035,-0.0037,-0.0015,49.6095,0.0163,-0.0004,0.0001,0.5031,-0.2758,0.6958,hold
2021-11-18,101.2939,5632100,100.5941,101.5900,99.8943,0.0034,0.0131,0.0109,-0.0015,0.0028,70.1058,0.0163,-0.0000,0.0004,0.5517,-0.0237,0.6714,sell
2021-11-19,99.3919,6921800,101.1414,101.2939,98.4857,-0.0188,-0.0084,-0.0483,-0.0153,-0.0146,54.3919,0.0089,-0.0012,-0.0007,0.3316,0.2290,0.8082,buy
2021-11-22,99.9930,5967300,99.6879,101.0158,99.2932,0.0060,-0.0038,-0.0280,-0.0065,-0.0074,51.5385,0.0088,-0.0017,-0.0009,0.4211,-0.1379,0.6900,buy
2021-11-23,101.9040,7911000,100.4865,102.3795,100.2891,0.0191,0.0120,-0.0005,0.0125,0.0125,54.3976,0.0108,-0.0005,0.0002,0.6734,0.3257,0.9045,buy
2021-11-24,102.2539,4464300,101.7515,102.5141,101.4554,0.0034,0.0129,0.0064,0.0154,0.0160,56.9577,0.0108,0.0007,0.0011,0.7102,-0.4357,0.5145,sell
2021-11-26,99.2842,6703200,98.7010,99.4367,98.0192,-0.0290,-0.0198,-0.0070,-0.0134,-0.0129,30.9010,0.0135,-0.0007,-0.0002,0.3426,0.5015,0.7770,hold
2021-11-29,99.3470,7114100,99.9122,100.2083,98.3511,0.0006,-0.0005,-0.0089,-0.0119,-0.0119,35.2881,0.0135,-0.0018,-0.0010,0.2598,0.0613,0.9346,sell
2021-11-30,98.3691,9483300,98.2883,99.6700,97.8397,-0.0098,-0.0162,-0.0199,-0.0197,-0.0213,35.1190,0.0137,-0.0034,-0.0021,0.0829,0.3330,1.2855,sell
2021-12-01,97.4898,7618500,99.5534,101.6977,97.3911,-0.0089,-0.0433,-0.0318,-0.0254,-0.0295,33.6422,0.0138,-0.0054,-0.0033,0.0025,-0.1966,1.0609,buy
2021-12-02,99.9661,7709400,97.9474,100.5582,97.9474,0.0254,-0.0224,-0.0098,0.0004,-0.0047,49.9332,0.0165,-0.0047,-0.0021,0.3963,0.0119,1.0640,hold
2021-12-03,99.8046,7014100,100.3519,101.2491,98.7638,-0.0016,0.0052,-0.0147,0.0002,-0.0059,48.3871,0.0164,-0.0044,-0.0014,0.3748,-0.0902,0.9761,buy
2021-12-06,101.7067,8280200,100.4954,102.4334,100.2263,0.0191,0.0238,0.0233,0.0169,0.0131,54.4215,0.0163,-0.0025,0.0003,0.7258,0.1805,1.1684,buy
2021-12-07,104.3085,8786900,103.2319,105.1429,102.9896,0.0256,0.0604,0.0432,0.0385,0.0385,60.3920,0.0179,0.0010,0.0030,1.1167,0.0612,1.2396,hold
2021-12-08,104.2995,5807000,103.8779,104.6584,103.3126,-0.0001,0.0699,0.0235,0.0359,0.0375,59.7592,0.0171,0.0036,0.0045,1.0294,-0.3391,0.8247,sell
2021-12-09,103.4921,5664700,103.8958,104.4431,103.3934,-0.0077,0.0353,0.0121,0.0266,0.0288,56.2405,0.0174,0.0051,0.0048,0.8756,-0.0245,0.8097,buy
2021-12-10,104.7302,6110800,103.9138,105.0532,103.8779,0.0120,0.0494,0.0549,0.0333,0.0398,65.7492,0.0139,0.0070,0.0054,0.9639,0.0788,0.8803,sell
2021-12-13,103.6805,6479400,104.2188,104.8200,103.3755,-0.0100,0.0194,0.0436,0.0186,0.0288,60.5983,0.0147,0.0077,0.0049,0.8006,0.0603,0.9393,sell
2021-12-14,102.9179,6854600,102.7923,103.4472,102.3078,-0.0074,-0.0133,0.0462,0.0066,0.0206,53.1198,0.0145,0.0077,0.0038,0.6917,0.0579,0.9916,hold
2021-12-15,102.8909,6902400,103.0076,103.3575,101.1683,-0.0003,-0.0135,0.0554,0.0011,0.0195,52.0000,0.0138,0.0074,0.0029,0.6736,0.0070,1.0062,sell
2021-12-16,101.9130,7544400,103.1781,103.5369,101.5810,-0.0095,-0.0153,0.0195,-0.0103,0.0094,59.4333,0.0126,0.0065,0.0015,0.5538,0.0930,1.0858,sell
2021-12-17,97.4629,13696900,99.8315,100.3070,97.0950,-0.0437,-0.0694,-0.0235,-0.0514,-0.0342,44.8580,0.0192,0.0022,-0.0024,0.0909,0.8155,1.8631,hold
2021-12-20,96.9784,6313700,96.0633,97.0053,95.6505,-0.0050,-0.0646,-0.0465,-0.0517,-0.0385,46.0996,0.0177,-0.0018,-0.0051,0.0805,-0.5390,0.8624,buy
2021-12-21,99.0240,4682200,97.7949,99.4995,97.6782,0.0211,-0.0378,-0.0507,-0.0267,-0.0182,54.0387,0.0169,-0.0031,-0.0051,0.2943,-0.2584,0.6452,buy
2021-12-22,100.2532,3643300,98.8715,100.2891,98.6921,0.0124,-0.0256,-0.0388,-0.0107,-0.0062,50.8089,0.0177,-0.0032,-0.0041,0.4248,-0.2219,0.5172,buy
2021-12-23,100.8184,3359600,100.6928,101.3029,100.4775,0.0056,-0.0107,-0.0258,-0.0025,-0.0010,52.7929,0.0179,-0.0027,-0.0029,0.4881,-0.0779,0.4807,buy
2021-12-27,102.4783,3716700,101.0248,102.6128,100.8364,0.0165,0.0515,-0.0215,0.0162,0.0149,52.1543,0.0184,-0.0010,-0.0010,0.6390,0.1063,0.5434,buy
2021-12-28,103.6894,4561600,102.2808,104.3264,102.1104,0.0118,0.0692,0.0001,0.0282,0.0261,48.1260,0.0186,0.0012,0.0010,0.7362,0.2273,0.6797,buy
2021-12-29,104.4162,4215300,103.5369,104.9366,103.4562,0.0070,0.0545,0.0146,0.0339,0.0326,50.3384,0.0185,0.0034,0.0026,0.7795,-0.0759,0.6537,hold
2021-12-30,104.2906,4068700,104.4162,105.2775,104.1470,-0.0012,0.0403,0.0136,0.0312,0.0308,52.4119,0.0185,0.0051,0.0034,0.7459,-0.0348,0.6489,buy
2021-12-31,104.9455,3674900,103.7792,105.4031,103.7164,0.0063,0.0409,0.0298,0.0346,0.0366,50.6741,0.0182,0.0068,0.0041,0.7837,-0.0968,0.6055,hold
2022-01-03,104.6853,5475700,104.4969,105.6902,102.9807,-0.0025,0.0215,0.0741,0.0247,0.0335,53.3096,0.0085,0.0079,0.0041,0.7324,0.4900,0.9138,sell
2022-01-04,102.4962,8367600,104.8827,105.0173,102.4334,-0.0209,-0.0115,0.0569,-0.0021,0.0119,48.7304,0.0118,0.0071,0.0026,0.5008,0.5281,1.3955,sell
2022-01-05,99.0868,8662300,102.6397,103.1422,99.0509,-0.0333,-0.0510,0.0006,-0.0353,-0.0211,40.4847,0.0158,0.0038,-0.0007,0.1826,0.0352,1.4461,buy
2022-01-06,99.7149,6099900,98.6920,100.3788,98.6831,0.0063,-0.0439,-0.0054,-0.0287,-0.0143,44.4038,0.0154,0.0014,-0.0024,0.2702,-0.2958,1.0158,sell
2022-01-07,96.5119,11266400,97.0950,98.4319,96.4311,-0.0321,-0.0804,-0.0427,-0.0559,-0.0451,47.4146,0.0181,-0.0031,-0.0056,0.0313,0.8470,1.7926,sell
2022-01-10,95.1302,8499400,95.6595,96.0094,93.6857,-0.0143,-0.0913,-0.0717,-0.0627,-0.0576,45.2093,0.0168,-0.0079,-0.0084,-0.0031,-0.2456,1.3271,sell
2022-01-11,93.3447,13073200,95.1391,95.2558,93.0487,-0.0188,-0.0893,-0.0998,-0.0708,-0.0751,35.0778,0.0156,-0.0133,-0.0110,-0.0361,0.5381,1.9414,hold
2022-01-12,93.1922,11810500,93.7036,94.4932,93.0218,-0.0016,-0.0595,-0.1075,-0.0619,-0.0757,30.3348,0.0148,-0.0173,-0.0121,0.0344,-0.0966,1.6916,sell
2022-01-13,91.8733,9818500,93.4434,93.9100,91.5952,-0.0142,-0.0786,-0.1191,-0.0635,-0.0874,26.0911,0.0144,-0.0218,-0.0131,0.0297,-0.1687,1.3775,sell
2022-01-14,89.8277,13703200,91.4337,91.4337,88.9036,-0.0223,-0.0693,-0.1441,-0.0700,-0.1058,16.8702,0.0130,-0.0272,-0.0147,0.0027,0.3957,1.8429,sell
2022-01-18,87.6834,11396000,88.9754,89.1459,87.4860,-0.0239,-0.0783,-0.1624,-0.0759,-0.1249,10.0359,0.0124,-0.0334,-0.0165,-0.0149,-0.1684,1.5567,sell
2022-01-19,86.9118,10856800,87.8718,88.2756,86.8311,-0.0088,-0.0689,-0.1520,-0.0687,-0.1296,6.3924,0.0126,-0.0385,-0.0171,0.0265,-0.0473,1.4384,sell
2022-01-20,85.8800,20311500,87.4681,88.7690,85.7634,-0.0119,-0.0785,-0.1333,-0.0666,-0.1370,6.1162,0.0111,-0.0432,-0.0173,0.0552,0.8709,2.4386,buy
2022-01-21,86.4094,13438300,86.0415,88.2935,85.6557,0.0062,-0.0595,-0.1334,-0.0471,-0.1289,5.5507,0.0111,-0.0453,-0.0156,0.1259,-0.3384,1.5238,buy
2022-01-24,88.0154,17201400,85.0097,88.2397,84.7047,0.0186,-0.0202,-0.0880,-0.0202,-0.1103,12.4494,0.0133,-0.0443,-0.0121,0.2156,0.2800,1.8086,sell
2022-01-25,87.0374,12368500,86.7324,88.0064,85.3507,-0.0111,-0.0074,-0.0851,-0.0222,-0.1179,13.1680,0.0132,-0.0450,-0.0100,0.2124,-0.2810,1.2439,sell
2022-01-26,85.7544,11863000,87.6565,88.4999,85.1443,-0.0147,-0.0133,-0.0813,-0.0284,-0.1283,14.6527,0.0130,-0.0466,-0.0088,0.1994,-0.0409,1.1508,hold
2022-01-27,85.5211,7322200,86.6875,87.1810,85.2879,-0.0027,-0.0042,-0.0823,-0.0225,-0.1281,11.5646,0.0129,-0.0471,-0.0074,0.2182,-0.3828,0.6998,buy
2022-01-28,87.2169,8345400,85.2879,87.2258,84.1484,0.0198,0.0093,-0.0507,0.0022,-0.1083,22.5926,0.0155,-0.0444,-0.0044,0.2988,0.1397,0.7816,buy
2022-01-31,88.2128,8807700,87.0554,88.2845,86.5081,0.0114,0.0022,-0.0180,0.0155,-0.0958,29.1284,0.0150,-0.0411,-0.0012,0.3542,0.0554,0.8055,hold
2022-02-01,88.6075,11601900,88.3025,88.8498,86.8490,0.0045,0.0180,0.0105,0.0190,-0.0894,34.3972,0.0128,-0.0379,0.0014,0.3892,0.3172,1.0321,sell
2022-02-02,87.6834,15578800,85.9518,88.9574,85.0008,-0.0104,0.0225,0.0089,0.0075,-0.0967,32.7334,0.0130,-0.0364,0.0027,0.3611,0.3428,1.3429,sell
2022-02-03,86.0774,8901100,86.8849,87.4501,85.8352,-0.0183,0.0065,0.0023,-0.0112,-0.1107,32.1547,0.0138,-0.0365,0.0026,0.2873,-0.4286,0.7665,sell
2022-02-04,85.2340,8267600,85.6019,86.0774,84.1843,-0.0098,-0.0227,-0.0136,-0.0196,-0.1164,34.7255,0.0140,-0.0369,0.0021,0.2358,-0.0712,0.7053,hold
2022-02-07,85.4045,6849000,85.5481,86.2299,85.1264,0.0020,-0.0318,-0.0297,-0.0147,-0.1115,41.2774,0.0122,-0.0362,0.0022,0.2571,-0.1716,0.5955,hold
2022-02-08,85.1623,7161000,85.4942,86.1582,84.6509,-0.0028,-0.0389,-0.0215,-0.0153,-0.1114,43.0207,0.0119,-0.0356,0.0023,0.2427,0.0456,0.6263,buy
2022-02-09,87.1451,9353700,86.3555,87.8987,86.3107,0.0233,-0.0061,0.0162,0.0060,-0.0884,54.6906,0.0134,-0.0321,0.0040,0.4654,0.3062,0.8316,sell
2022-02-10,85.9458,9098800,86.0810,87.2984,85.6482,-0.0138,-0.0015,0.0050,-0.0083,-0.0986,48.3624,0.0142,-0.0311,0.0043,0.3319,-0.0273,0.8188,sell
2022-02-11,84.5210,6924800,86.1982,87.0098,84.1873,-0.0166,-0.0084,-0.0309,-0.0217,-0.1111,37.4967,0.0134,-0.0315,0.0037,0.0959,-0.2389,0.6314,hold
2022-02-14,84.4489,7948500,84.5390,85.2063,83.3397,-0.0009,-0.0112,-0.0427,-0.0183,-0.1090,40.0958,0.0125,-0.0311,0.0032,0.0957,0.1478,0.7443,buy
2022-02-15,85.2244,7722200,85.8015,86.0810,85.0891,0.0092,0.0007,-0.0382,-0.0054,-0.0980,47.8899,0.0129,-0.0295,0.0037,0.2764,-0.0285,0.7357,buy
2022-02-16,85.8285,6545800,85.0711,86.1622,84.0070,0.0071,-0.0151,-0.0212,0.0039,-0.0886,51.1885,0.0131,-0.0273,0.0045,0.4104,-0.1523,0.6367,sell
2022-02-17,83.9078,6578200,85.1432,85.3326,83.6643,-0.0224,-0.0237,-0.0252,-0.0161,-0.1051,37.4241,0.0137,-0.0278,0.0038,0.0752,0.0049,0.6857,hold
2022-02-18,84.1693,6210600,83.4659,84.8095,83.4389,0.0031,-0.0042,-0.0125,-0.0118,-0.0984,33.7244,0.0135,-0.0271,0.0035,0.1633,-0.0559,0.6727,hold
2022-02-22,83.9619,8622500,84.4038,84.8005,83.2856,-0.0025,-0.0058,-0.0169,-0.0126,-0.0969,31.0143,0.0135,-0.0266,0.0033,0.1612,0.3884,0.9794,sell
2022-02-23,80.8419,9674800,84.6563,84.6563,80.6525,-0.0372,-0.0514,-0.0507,-0.0444,-0.1259,26.2948,0.0176,-0.0299,0.0009,-0.1681,0.1220,1.1160,buy
2022-02-24,82.0682,9260500,78.9031,82.2395,78.6776,0.0152,-0.0438,-0.0583,-0.0241,-0.1085,35.7332,0.0163,-0.0297,0.0005,0.0719,-0.0428,1.0845,buy
2022-02-25,83.4840,7039400,82.3297,83.6733,81.4100,0.0173,-0.0051,-0.0286,-0.0043,-0.0893,44.0161,0.0175,-0.0277,0.0016,0.2745,-0.2398,0.8258,sell
2022-02-28,82.7716,8591500,82.3207,83.2405,81.7165,-0.0085,-0.0166,-0.0207,-0.0107,-0.0931,41.3191,0.0170,-0.0271,0.0020,0.2148,0.2205,1.0064,sell
2022-03-01,81.2837,7100700,82.5011,82.5191,80.8419,-0.0180,-0.0319,-0.0375,-0.0248,-0.1053,38.1829,0.0177,-0.0281,0.0012,0.0754,-0.1735,0.8402,buy
2022-03-02,83.6553,10721100,81.8518,84.1152,81.6895,0.0292,0.0348,-0.0184,0.0055,-0.0764,39.6135,0.0203,-0.0251,0.0027,0.3902,0.5099,1.2752,sell
2022-03-03,82.5371,6587400,84.2956,84.3136,82.1314,-0.0134,0.0057,-0.0383,-0.0040,-0.0858,39.8058,0.0203,-0.0244,0.0030,0.2527,-0.3856,0.8278,sell
2022-03-04,81.1845,7179800,82.0322,82.2035,80.6615,-0.0164,-0.0275,-0.0325,-0.0171,-0.0973,39.9783,0.0198,-0.0251,0.0022,0.1019,0.0899,0.9121,sell
2022-03-07,76.1618,14608700,81.1935,81.2026,76.0626,-0.0619,-0.0799,-0.0951,-0.0689,-0.1485,30.8141,0.0269,-0.0320,-0.0023,-0.2557,1.0347,1.7840,hold
2022-03-08,75.7470,10692000,76.4323,78.3801,75.5305,-0.0054,-0.0681,-0.0978,-0.0645,-0.1484,27.6856,0.0268,-0.0363,-0.0052,-0.1191,-0.2681,1.2757,buy
2022-03-09,78.9933,8811600,78.0014,79.4712,77.8481,0.0429,-0.0557,-0.0229,-0.0222,-0.1072,35.6873,0.0296,-0.0343,-0.0035,0.1930,-0.1759,1.0411,hold
2022-03-10,78.5965,9114300,77.6316,78.7769,77.1898,-0.0050,-0.0477,-0.0423,-0.0229,-0.1066,38.1202,0.0290,-0.0340,-0.0025,0.1895,0.0344,1.0784,sell
2022-03-11,74.6017,15351700,79.6696,80.0844,74.4304,-0.0508,-0.0811,-0.1064,-0.0622,-0.1462,31.6626,0.0313,-0.0394,-0.0049,-0.0406,0.6844,1.7516,sell
2022-03-14,71.4997,18199300,74.2320,74.2501,71.1661,-0.0416,-0.0612,-0.1362,-0.0883,-0.1755,28.5003,0.0328,-0.0469,-0.0088,-0.1086,0.1855,1.9510,buy
2022-03-15,74.9534,12542300,72.5908,75.2420,72.3925,0.0483,-0.0105,-0.0779,-0.0365,-0.1297,39.9569,0.0382,-0.0450,-0.0069,0.1540,-0.3108,1.3123,buy
2022-03-16,78.8219,21207900,79.3630,81.2386,77.2078,0.0516,-0.0022,-0.0578,0.0196,-0.0793,44.9210,0.0411,-0.0385,-0.0018,0.4088,0.6909,2.0727,hold
2022-03-17,79.0474,8554200,78.8670,79.3089,77.5595,0.0029,0.0057,-0.0423,0.0271,-0.0715,42.7902,0.0411,-0.0344,0.0017,0.4415,-0.5967,0.8279,buy
2022-03-18,80.7968,23784200,77.6587,80.9320,76.6307,0.0221,0.0830,-0.0048,0.0504,-0.0469,46.8954,0.0415,-0.0285,0.0055,0.5722,1.7804,2.1250,sell
2022-03-21,78.3260,11925300,80.8058,80.9050,77.5234,-0.0306,0.0955,0.0284,0.0154,-0.0714,45.4895,0.0373,-0.0274,0.0061,0.4173,-0.4986,1.0389,buy
2022-03-22,79.2548,8447400,78.8129,80.3459,78.5875,0.0119,0.0574,0.0463,0.0228,-0.0565,42.9805,0.0372,-0.0243,0.0071,0.5018,-0.2916,0.7365,sell
2022-03-23,77.7488,7670500,78.7768,79.0925,77.6406,-0.0190,-0.0136,-0.0158,0.0050,-0.0706,42.4552,0.0354,-0.0238,0.0065,0.3987,-0.0920,0.6747,hold
2022-03-24,78.5604,6163400,78.2989,78.5875,77.1537,0.0104,-0.0062,-0.0005,0.0155,-0.0575,45.7936,0.0355,-0.0217,0.0067,0.4734,-0.1965,0.5496,hold
2022-03-25,78.8580,7048100,78.8039,79.0564,77.7489,0.0038,-0.0240,0.0571,0.0138,-0.0507,55.0937,0.0306,-0.0196,0.0069,0.5156,0.1435,0.6284,buy
2022-03-28,79.6966,5981000,78.8851,79.7327,78.2268,0.0106,0.0175,0.1146,0.0139,-0.0378,57.3441,0.0256,-0.0168,0.0075,0.6029,-0.1514,0.5396,buy
2022-03-29,82.2666,8963200,80.8869,82.8708,80.8509,0.0322,0.0380,0.0976,0.0369,-0.0049,56.2435,0.0235,-0.0117,0.0096,0.8162,0.4986,0.8019,hold
2022-03-30,82.0863,8122100,81.8338,82.5462,81.5182,-0.0022,0.0558,0.0414,0.0304,-0.0058,56.7117,0.0184,-0.0081,0.0106,0.8213,-0.0938,0.7352,hold
2022-03-31,82.0322,11306100,82.3478,83.5291,82.0322,-0.0007,0.0442,0.0378,0.0259,-0.0052,66.8438,0.0184,-0.0052,0.0107,0.8229,0.3920,1.0020,buy
2022-04-01,82.5011,6516300,82.5101,82.8618,81.5903,0.0057,0.0462,0.0211,0.0296,0.0013,78.3194,0.0173,-0.0024,0.0107,0.8489,-0.4236,0.5792,sell
2022-04-04,79.4351,16243100,79.2548,79.7688,77.7128,-0.0372,-0.0033,0.0142,-0.0101,-0.0343,61.7717,0.0188,-0.0033,0.0083,0.5665,1.4927,1.4334,sell
2022-04-05,75.8552,17525800,78.0554,78.1096,75.5847,-0.0451,-0.0779,-0.0429,-0.0507,-0.0751,42.0875,0.0234,-0.0079,0.0034,0.2455,0.0790,1.5013,sell
2022-04-06,75.1699,10567000,75.4314,75.6478,74.0066,-0.0090,-0.0843,-0.0332,-0.0562,-0.0808,39.9061,0.0229,-0.0121,-0.0005,0.2124,-0.3971,0.8984,hold
2022-04-07,74.9534,10869100,74.8362,75.2961,73.4475,-0.0029,-0.0863,-0.0459,-0.0546,-0.0810,33.4694,0.0224,-0.0154,-0.0031,0.2197,0.0286,0.9173,sell
2022-04-08,73.5106,9286800,75.0165,75.0165,73.3483,-0.0192,-0.1090,-0.0678,-0.0665,-0.0960,35.5363,0.0226,-0.0198,-0.0057,0.1145,-0.1456,0.8043,sell
2022-04-11,72.7532,8623200,72.9335,73.7090,72.4015,-0.0103,-0.0841,-0.0871,-0.0679,-0.1022,30.2682,0.0218,-0.0238,-0.0077,0.0274,-0.0715,0.7792,sell
2022-04-12,71.9506,8472500,72.8884,73.2852,71.8243,-0.0110,-0.0515,-0.1254,-0.0659,-0.1085,31.6180,0.0163,-0.0277,-0.0091,0.0129,-0.0175,0.7799,buy
2022-04-13,72.9696,8604400,72.0318,73.3213,71.7883,0.0142,-0.0293,-0.1111,-0.0413,-0.0923,32.5056,0.0183,-0.0287,-0.0083,0.1380,0.0156,0.8408,sell
2022-04-14,71.6891,9567200,72.8163,73.1139,71.4637,-0.0175,-0.0436,-0.1261,-0.0451,-0.1047,28.8677,0.0179,-0.0314,-0.0085,0.1010,0.1119,0.9303,hold
2022-04-18,71.7793,7797300,71.2743,72.1129,71.1300,0.0013,-0.0236,-0.1300,-0.0301,-0.1004,25.5840,0.0174,-0.0326,-0.0078,0.1503,-0.1850,0.8221,buy
2022-04-19,73.2401,8622100,71.7973,73.5287,71.6079,0.0204,0.0067,-0.0780,-0.0020,-0.0793,20.1195,0.0183,-0.0309,-0.0053,0.2687,0.1058,0.9251,sell
2022-04-20,72.2933,8368800,73.3213,73.5106,72.1400,-0.0129,0.0048,-0.0470,-0.0101,-0.0882,19.1478,0.0132,-0.0313,-0.0042,0.2355,-0.0294,0.8983,sell
2022-04-21,71.2021,8152500,73.0868,73.2130,70.9947,-0.0151,-0.0242,-0.0528,-0.0197,-0.0988,17.9734,0.0135,-0.0325,-0.0041,0.1990,-0.0258,0.8729,sell
2022-04-22,70.2643,10315500,71.1390,71.6711,70.1381,-0.0132,-0.0199,-0.0626,-0.0263,-0.1068,14.7899,0.0137,-0.0343,-0.0043,0.1796,0.2653,1.0804,hold
2022-04-25,70.3184,10259000,69.7774,70.4086,69.1913,0.0008,-0.0204,-0.0434,-0.0213,-0.1026,18.2676,0.0130,-0.0348,-0.0039,0.2142,-0.0055,1.0567,sell
2022-04-26,68.1993,8800500,69.8766,69.9577,68.1993,-0.0301,-0.0688,-0.0626,-0.0447,-0.1260,20.3356,0.0154,-0.0384,-0.0053,0.1377,-0.1422,0.8935,sell
2022-04-27,67.3968,8467300,67.9739,68.9207,67.3427,-0.0118,-0.0677,-0.0633,-0.0499,-0.1325,20.1525,0.0154,-0.0414,-0.0063,0.1275,-0.0379,0.8619,buy
2022-04-28,69.0560,8818500,68.1903,69.5249,67.5050,0.0246,-0.0301,-0.0536,-0.0211,-0.1074,29.6135,0.0172,-0.0399,-0.0045,0.2401,0.0415,0.8944,sell
2022-04-29,67.3066,9199300,68.5510,69.2273,67.1623,-0.0253,-0.0421,-0.0611,-0.0399,-0.1258,28.9989,0.0180,-0.0422,-0.0047,0.1498,0.0432,0.9431,buy
2022-05-02,67.9649,12379000,67.8567,68.2805,66.2515,0.0098,-0.0335,-0.0531,-0.0252,-0.1136,33.6817,0.0185,-0.0415,-0.0035,0.1860,0.3456,1.2321,sell
2022-05-03,67.0270,15570100,68.2805,68.3436,66.1704,-0.0138,-0.0172,-0.0848,-0.0300,-0.1219,33.3740,0.0163,-0.0425,-0.0032,0.1138,0.2578,1.5549,buy
2022-05-04,73.6188,30199700,71.5178,74.7280,70.2643,0.0983,0.0923,0.0183,0.0633,-0.0329,51.5929,0.0374,-0.0314,0.0035,0.7416,0.9396,2.8365,sell
2022-05-05,69.8676,19114700,72.5277,73.2401,69.5519,-0.0510,0.0118,-0.0187,0.0111,-0.0796,46.0142,0.0408,-0.0310,0.0047,0.3959,-0.3671,1.7260,sell
2022-05-06,69.0019,11165800,69.4618,69.6151,67.8206,-0.0124,0.0252,-0.0180,0.0004,-0.0878,44.1221,0.0408,-0.0304,0.0046,0.3243,-0.4159,1.0069,sell
2022-05-09,66.2696,12863600,67.8476,69.0289,66.1253,-0.0396,-0.0249,-0.0576,-0.0336,-0.1199,36.0015,0.0426,-0.0337,0.0022,0.0748,0.1521,1.1416,sell
2022-05-10,64.7997,14085900,67.4960,67.6763,64.5743,-0.0222,-0.0332,-0.0498,-0.0503,-0.1353,35.2607,0.0421,-0.0375,-0.0007,0.0046,0.0950,1.2205,sell
2022-05-11,63.1766,12118100,64.5202,64.8809,63.0864,-0.0250,-0.1418,-0.0626,-0.0683,-0.1529,34.5379,0.0426,-0.0426,-0.0038,-0.0387,-0.1397,1.0337,hold
2022-05-12,63.4763,15460600,62.7952,63.5943,62.1050,0.0047,-0.0915,-0.0808,-0.0561,-0.1443,36.5924,0.0415,-0.0447,-0.0049,0.0527,0.2758,1.2813,buy
2022-05-13,68.6524,18156300,65.2743,68.7705,65.2743,0.0815,-0.0051,0.0200,0.0188,-0.0710,47.2631,0.0494,-0.0366,0.0002,0.4921,0.1744,1.4530,sell
2022-05-16,65.7647,11435300,68.0531,68.5071,65.6648,-0.0421,-0.0076,-0.0324,-0.0209,-0.1063,46.0989,0.0513,-0.0373,0.0008,0.2720,-0.3702,0.9020,buy
2022-05-17,66.9452,12454500,67.2085,67.5173,66.1461,0.0180,0.0331,-0.0012,-0.0032,-0.0880,49.2851,0.0515,-0.0342,0.0027,0.3914,0.0891,0.9678,sell
2022-05-18,64.7294,10576500,66.4276,66.7817,64.2754,-0.0331,0.0246,-0.1207,-0.0232,-0.1155,43.2691,0.0392,-0.0357,0.0019,0.2141,-0.1508,0.8149,hold
2022-05-19,65.3197,11193700,64.5660,65.7647,63.8667,0.0091,0.0290,-0.0651,-0.0075,-0.1041,46.7933,0.0371,-0.0345,0.0022,0.2916,0.0584,0.8524,buy
2022-05-20,66.6455,15941800,66.1824,66.6818,64.8929,0.0203,-0.0292,-0.0341,0.0163,-0.0829,47.9155,0.0379,-0.0311,0.0039,0.4364,0.4242,1.1885,hold
2022-05-23,66.6728,10741900,66.9543,67.4447,65.9009,0.0004,0.0138,0.0061,0.0161,-0.0806,49.4237,0.0357,-0.0286,0.0051,0.4557,-0.3262,0.7994,hold
2022-05-24,66.0371,9227700,66.2641,66.5911,64.7204,-0.0095,-0.0136,0.0191,0.0045,-0.0880,34.7026,0.0350,-0.0274,0.0053,0.4001,-0.1410,0.6856,hold
2022-05-25,65.8192,8344400,66.0371,66.7454,65.3197,-0.0033,0.0168,0.0418,-0.0028,-0.0887,40.4734,0.0337,-0.0263,0.0052,0.3860,-0.0957,0.6203,buy
2022-05-26,67.6444,8940900,66.2460,67.8987,66.1733,0.0277,0.0356,0.0657,0.0184,-0.0605,46.9437,0.0345,-0.0222,0.0068,0.5862,0.0715,0.6643,buy
2022-05-27,69.6604,8498400,68.3164,69.6695,68.2438,0.0298,0.0452,0.0147,0.0471,-0.0300,57.8889,0.0245,-0.0164,0.0094,0.7791,-0.0495,0.6331,buy
2022-05-31,71.2859,23361800,69.8965,72.3393,69.5151,0.0233,0.0692,0.0840,0.0628,-0.0047,64.9819,0.0198,-0.0101,0.0121,0.8999,1.7490,1.6720,sell
2022-06-01,69.2699,7579000,71.5129,71.6310,69.0611,-0.0283,0.0490,0.0347,0.0291,-0.0304,63.8237,0.0225,-0.0078,0.0120,0.6924,-0.6756,0.5584,buy
2022-06-02,72.1214,10241500,69.5060,72.1940,68.8795,0.0412,0.0958,0.1142,0.0599,0.0116,67.5776,0.0213,-0.0023,0.0134,1.0018,0.3513,0.8144,hold
2022-06-03,71.7854,10415700,71.7400,72.5573,71.1225,-0.0047,0.0612,0.0990,0.0450,0.0085,57.9311,0.0218,0.0014,0.0137,0.9330,0.0170,0.8580,hold
2022-06-06,71.7218,7239400,72.3756,73.8286,71.3132,-0.0009,0.0296,0.0762,0.0364,0.0096,67.5966,0.0217,0.0042,0.0133,0.8899,-0.3050,0.6061,hold
2022-06-07,72.1668,5517100,71.3495,72.4210,71.0680,0.0062,0.0124,0.0824,0.0346,0.0178,66.1246,0.0216,0.0069,0.0127,0.8786,-0.2379,0.4766,sell
2022-06-08,71.2587,5178300,71.6492,72.4392,71.0680,-0.0126,0.0287,0.0791,0.0140,0.0074,71.9342,0.0219,0.0079,0.0111,0.7727,-0.0614,0.4652,hold
2022-06-09,71.6582,13248100,70.8046,72.8933,70.5867,0.0056,-0.0064,0.0887,0.0113,0.0160,71.5699,0.0216,0.0090,0.0097,0.7822,1.5584,1.1842,sell
2022-06-10,68.7160,8694300,69.9419,70.6412,68.7069,-0.0411,-0.0428,0.0158,-0.0317,-0.0220,56.3475,0.0254,0.0068,0.0060,0.5021,-0.3437,0.8014,sell
2022-06-13,65.7102,9282800,66.3731,67.2085,65.3015,-0.0437,-0.0838,-0.0567,-0.0689,-0.0604,47.5046,0.0271,0.0013,0.0004,0.2367,0.0677,0.8921,hold
2022-06-14,65.6648,7635600,66.1551,67.0542,64.9564,-0.0007,-0.0901,-0.0789,-0.0620,-0.0565,49.0043,0.0252,-0.0034,-0.0034,0.2335,-0.1774,0.7474,buy
2022-06-15,67.3720,7682300,66.5184,68.3528,66.3913,0.0260,-0.0545,-0.0274,-0.0350,-0.0286,53.8461,0.0262,-0.0048,-0.0039,0.3892,0.0061,0.7700,sell
2022-06-16,64.4298,10147000,65.7737,65.9372,63.8849,-0.0437,-0.1009,-0.1066,-0.0669,-0.0679,42.4553,0.0241,-0.0098,-0.0071,0.1201,0.3208,1.0192,buy
2022-06-17,65.2652,9824300,64.5478,65.7828,64.2663,0.0130,-0.0502,-0.0908,-0.0458,-0.0531,39.0794,0.0252,-0.0123,-0.0077,0.1978,-0.0318,0.9936,buy
2022-06-21,66.2550,7872500,66.3458,66.4457,65.4105,0.0152,0.0083,-0.0762,-0.0235,-0.0363,37.0923,0.0263,-0.0128,-0.0066,0.2920,-0.1987,0.8301,hold
2022-06-22,66.5638,6702200,65.7193,67.0360,65.5830,0.0047,0.0137,-0.0776,-0.0108,-0.0299,42.3902,0.0262,-0.0127,-0.0053,0.3211,-0.1487,0.7221,buy
2022-06-23,68.2892,6586400,67.0723,68.4345,66.7545,0.0259,0.0136,-0.0417,0.0194,-0.0035,38.4951,0.0282,-0.0102,-0.0024,0.4678,-0.0173,0.7199,buy
2022-06-24,70.9318,18012000,68.7069,70.9681,68.6070,0.0387,0.1009,-0.0101,0.0600,0.0354,47.7491,0.0312,-0.0051,0.0019,0.6941,1.7347,1.8698,hold
2022-06-27,70.5413,6672200,70.8319,71.2314,70.1690,-0.0055,0.0808,0.0266,0.0512,0.0304,46.9397,0.0279,-0.0018,0.0042,0.6428,-0.6296,0.7009,sell
2022-06-28,69.3244,7206400,71.1860,72.5482,69.1882,-0.0173,0.0463,0.0550,0.0276,0.0134,42.9154,0.0240,-0.0006,0.0045,0.5292,0.0801,0.7622,hold
2022-06-29,69.4061,8983900,69.2064,70.0600,68.6887,0.0012,0.0427,0.0570,0.0231,0.0153,45.1841,0.0240,0.0005,0.0044,0.5468,0.2467,1.0284,hold
2022-06-30,69.3698,6781100,69.0247,69.8148,67.9895,-0.0005,0.0158,0.0297,0.0196,0.0159,43.9365,0.0229,0.0013,0.0042,0.5428,-0.2452,0.7798,buy
2022-07-01,71.9761,7539200,69.6786,72.1668,69.5060,0.0376,0.0147,0.1171,0.0463,0.0542,58.7946,0.0184,0.0047,0.0060,0.7965,0.1118,0.8806,hold
2022-07-05,72.2122,8087800,70.8500,72.2394,70.2507,0.0033,0.0237,0.1064,0.0392,0.0573,70.6221,0.0186,0.0077,0.0071,0.8141,0.0728,0.9577,sell
2022-07-06,71.6128,4652800,72.4937,73.0749,70.9953,-0.0083,0.0330,0.0809,0.0227,0.0481,68.2248,0.0194,0.0093,0.0070,0.7577,-0.4247,0.5595,hold
2022-07-07,71.9579,5395600,71.5674,72.3302,71.1679,0.0048,0.0368,0.0810,0.0198,0.0527,65.3309,0.0194,0.0107,0.0068,0.7934,0.1596,0.6493,hold
2022-07-08,71.9942,3927100,71.4585,72.3121,71.0771,0.0005,0.0378,0.0543,0.0150,0.0520,81.3867,0.0184,0.0118,0.0063,0.7889,-0.2722,0.4762,sell
2022-07-11,70.7411,5351500,71.6038,71.7854,70.3142,-0.0174,-0.0172,-0.0027,-0.0024,0.0327,71.9593,0.0154,0.0113,0.0046,0.6767,0.3627,0.6816,hold
2022-07-12,70.6139,5393400,71.1588,72.1395,70.2688,-0.0018,-0.0221,0.0010,-0.0043,0.0304,68.7794,0.0153,0.0105,0.0030,0.6536,0.0078,0.7016,hold
2022-07-13,70.7592,3897500,69.0066,71.3222,68.7705,0.0021,-0.0119,0.0207,-0.0043,0.0315,68.3333,0.0141,0.0099,0.0019,0.6486,-0.2774,0.5254,hold
2022-07-14,71.0135,4504500,70.0055,71.1679,69.7512,0.0036,-0.0131,0.0232,-0.0030,0.0342,63.6612,0.0141,0.0096,0.0013,0.6548,0.1557,0.6204,buy
2022-07-15,72.3030,5584100,71.3858,72.8388,71.3858,0.0182,0.0043,0.0423,0.0110,0.0514,57.9557,0.0149,0.0105,0.0019,0.7616,0.2397,0.7803,buy
2022-07-18,72.8570,6768800,72.6753,74.1646,72.6481,0.0077,0.0299,0.0122,0.0175,0.0597,63.1852,0.0094,0.0118,0.0026,0.8088,0.2122,0.9687,buy
2022-07-19,74.9637,5949200,73.6561,75.0727,73.4745,0.0289,0.0616,0.0381,0.0429,0.0887,79.1551,0.0129,0.0146,0.0045,1.0162,-0.1211,0.8757,buy
2022-07-20,75.6176,6850600,74.9002,75.7992,74.3644,0.0087,0.0687,0.0559,0.0461,0.0961,80.3193,0.0122,0.0174,0.0059,1.0375,0.1515,1.0161,hold
2022-07-21,75.8628,7695300,75.3270,75.9263,75.0545,0.0032,0.0683,0.0543,0.0439,0.0966,81.0601,0.0122,0.0197,0.0066,1.0213,0.1233,1.1330,hold
2022-07-22,75.9081,6283600,76.4258,76.6710,75.2271,0.0006,0.0499,0.0544,0.0389,0.0938,74.9138,0.0122,0.0214,0.0066,0.9672,-0.1834,0.9272,sell
2022-07-25,74.0102,5861100,75.9081,76.0080,73.5925,-0.0250,0.0158,0.0462,0.0084,0.0631,59.4107,0.0139,0.0210,0.0047,0.7188,-0.0672,0.9500,sell
2022-07-26,72.9296,6587000,73.7560,73.9376,72.6481,-0.0146,-0.0271,0.0328,-0.0094,0.0447,56.5612,0.0151,0.0191,0.0021,0.5785,0.1239,1.0684,buy
2022-07-27,75.3360,6372600,73.7650,75.7447,73.6651,0.0330,-0.0037,0.0647,0.0170,0.0771,63.9640,0.0178,0.0192,0.0022,0.8321,-0.0325,1.0407,buy
2022-07-28,76.8889,5594600,75.5449,77.0887,75.2089,0.0206,0.0135,0.0827,0.0297,0.0959,67.9787,0.0183,0.0207,0.0032,0.9579,-0.1221,0.9397,hold
2022-07-29,76.9888,5802700,76.8253,77.1704,76.2169,0.0013,0.0142,0.0648,0.0247,0.0942,75.0729,0.0180,0.0221,0.0037,0.9237,0.0372,0.9827,hold
2022-08-01,77.1069,7313700,76.4530,77.7244,76.3077,0.0015,0.0418,0.0583,0.0205,0.0920,76.0759,0.0181,0.0230,0.0037,0.8842,0.2604,1.2409,sell
2022-08-02,76.0171,7254700,76.9161,77.3157,75.9354,-0.0141,0.0423,0.0141,0.0046,0.0733,69.6272,0.0171,0.0227,0.0025,0.7407,-0.0081,1.2397,buy
2022-08-03,79.2500,12915700,78.1058,79.8857,76.1988,0.0425,0.0520,0.0480,0.0424,0.1150,75.1526,0.0214,0.0243,0.0039,0.9954,0.7803,2.0615,hold
2022-08-04,78.8958,7086700,79.1955,80.1671,78.6143,-0.0045,0.0261,0.0400,0.0336,0.1062,71.3530,0.0216,0.0257,0.0042,0.9035,-0.4513,1.1161,sell
2022-08-05,77.8515,4835100,77.8787,78.2329,77.1159,-0.0132,0.0112,0.0256,0.0173,0.0879,65.6784,0.0223,0.0257,0.0032,0.7775,-0.3177,0.7561,hold
2022-08-08,77.8424,4878400,78.2329,78.8776,77.5700,-0.0001,0.0095,0.0518,0.0121,0.0842,60.4071,0.0202,0.0252,0.0021,0.7531,0.0090,0.7657,sell
2022-08-09,77.0433,3498400,77.8606,77.9423,76.6982,-0.0103,0.0135,0.0564,-0.0036,0.0702,55.1007,0.0197,0.0239,0.0005,0.6595,-0.2829,0.5574,buy
2022-08-10,78.5416,5072300,78.5507,78.9140,78.1784,0.0194,-0.0089,0.0426,0.0116,0.0884,58.7954,0.0180,0.0235,0.0004,0.7929,0.4499,0.8006,buy
2022-08-11,79.7015,5595700,79.4001,79.9572,78.9983,0.0148,0.0102,0.0366,0.0228,0.1019,61.6053,0.0175,0.0241,0.0011,0.8982,0.1032,0.8757,buy
2022-08-12,80.6513,5154000,79.7380,80.7335,79.6284,0.0119,0.0360,0.0476,0.0302,0.1115,71.5687,0.0177,0.0253,0.0020,0.9616,-0.0789,0.8093,buy
2022-08-15,81.4276,5601000,80.4687,81.5098,80.3773,0.0096,0.0461,0.0560,0.0344,0.1193,78.1562,0.0177,0.0266,0.0028,0.9920,0.0867,0.8876,hold
2022-08-16,81.6468,4580800,81.0805,82.1308,80.8613,0.0027,0.0598,0.0741,0.0298,0.1193,74.4534,0.0164,0.0276,0.0032,0.9469,-0.1821,0.7339,sell
2022-08-17,80.6878,3831300,80.7335,81.2815,80.2403,-0.0117,0.0273,0.0181,0.0158,0.1035,65.4308,0.0117,0.0276,0.0023,0.8088,-0.1636,0.6290,hold
2022-08-18,80.8705,3428300,80.3956,81.0806,80.0760,0.0023,0.0147,0.0250,0.0156,0.1033,65.6617,0.0115,0.0271,0.0015,0.7949,-0.1052,0.5833,sell
2022-08-19,79.3819,4597700,80.1581,80.3408,79.0439,-0.0184,-0.0157,0.0197,-0.0050,0.0806,58.2649,0.0124,0.0255,-0.0005,0.6269,0.3411,0.7937,sell
2022-08-22,77.5827,5915200,77.9754,78.1307,77.0256,-0.0227,-0.0472,-0.0033,-0.0272,0.0544,55.4088,0.0147,0.0222,-0.0035,0.4156,0.2866,1.0206,hold
2022-08-23,77.3453,4560400,77.4914,78.1855,77.2448,-0.0031,-0.0527,0.0039,-0.0306,0.0487,41.7021,0.0143,0.0187,-0.0057,0.3362,-0.2290,0.8008,buy
2022-08-24,78.5873,4386000,77.4092,78.9800,77.1535,0.0161,-0.0260,0.0006,-0.0151,0.0619,48.7525,0.0138,0.0168,-0.0058,0.4809,-0.0382,0.7839,buy
2022-08-25,79.8111,4236300,78.8613,80.0303,78.8156,0.0156,-0.0131,0.0014,0.0001,0.0743,57.8107,0.0139,0.0162,-0.0048,0.6447,-0.0341,0.7664,sell
2022-08-26,76.7699,6674900,79.9207,80.3591,76.6786,-0.0381,-0.0329,-0.0481,-0.0333,0.0308,46.5572,0.0177,0.0133,-0.0068,0.1855,0.5756,1.1982,hold
2022-08-29,76.8247,5035500,75.9845,77.3179,75.8384,0.0007,-0.0098,-0.0565,-0.0269,0.0281,49.2631,0.0171,0.0104,-0.0078,0.1989,-0.2456,0.9228,sell
2022-08-30,76.1763,6812500,76.8795,77.6466,75.5187,-0.0084,-0.0151,-0.0670,-0.0284,0.0164,41.5415,0.0169,0.0074,-0.0087,0.0974,0.3529,1.2535,buy
2022-08-31,76.7790,6570100,76.5964,77.4092,76.3954,0.0079,-0.0230,-0.0484,-0.0158,0.0216,39.1155,0.0174,0.0055,-0.0084,0.2171,-0.0356,1.2838,buy
2022-09-01,77.9937,7556800,76.4411,78.0576,75.7379,0.0158,-0.0228,-0.0356,0.0035,0.0346,40.2935,0.0185,0.0052,-0.0068,0.4010,0.1502,1.4699,sell
2022-09-02,75.7470,10336800,78.0576,78.3316,75.3908,-0.0288,-0.0133,-0.0458,-0.0209,0.0028,31.2649,0.0197,0.0027,-0.0077,0.1156,0.3679,1.9085,buy
2022-09-06,77.1900,11062800,75.8658,77.2813,74.5872,0.0191,0.0048,-0.0051,-0.0017,0.0202,36.3992,0.0198,0.0021,-0.0065,0.3184,0.0702,1.9323,buy
2022-09-07,80.6513,9946800,77.7288,80.9344,77.5553,0.0448,0.0587,0.0427,0.0386,0.0632,49.9033,0.0244,0.0050,-0.0026,0.7573,-0.1009,1.6447,buy
2022-09-08,81.7016,7721100,79.7289,81.7199,79.6011,0.0130,0.0641,0.0396,0.0479,0.0735,52.1036,0.0242,0.0082,0.0006,0.8546,-0.2238,1.2493,sell
2022-09-09,80.9984,7094600,81.7381,82.1491,80.9527,-0.0086,0.0385,0.0149,0.0373,0.0610,54.2610,0.0242,0.0101,0.0019,0.7520,-0.0811,1.1342,hold
2022-09-12,81.3454,9078900,81.9847,82.5418,80.8614,0.0043,0.0739,0.0596,0.0357,0.0622,60.7404,0.0197,0.0117,0.0028,0.7852,0.2797,1.4073,sell
2022-09-13,80.2221,16033600,79.1992,81.5555,78.6056,-0.0138,0.0393,0.0442,0.0170,0.0453,57.8163,0.0206,0.0119,0.0023,0.6618,0.7660,2.2994,buy
2022-09-14,84.6606,24320600,81.8020,85.3730,81.7472,0.0553,0.0497,0.1114,0.0619,0.0996,64.0592,0.0255,0.0153,0.0050,1.1021,0.5169,3.0553,hold
2022-09-15,84.2222,11052400,84.1035,85.0716,83.7747,-0.0052,0.0309,0.0969,0.0466,0.0903,60.5967,0.0260,0.0181,0.0061,0.9837,-0.5456,1.3282,sell
2022-09-16,83.3911,11987600,83.2450,84.1126,82.7884,-0.0099,0.0295,0.0692,0.0294,0.0764,67.7957,0.0266,0.0193,0.0058,0.8703,0.0846,1.3702,buy
2022-09-19,84.1492,6287000,83.0076,84.5236,82.9528,0.0091,0.0345,0.1109,0.0280,0.0828,68.9687,0.0234,0.0205,0.0057,0.8891,-0.4755,0.7117,sell
2022-09-20,82.9162,6560000,83.7108,84.0396,82.2861,-0.0147,0.0336,0.0742,0.0059,0.0636,66.9421,0.0245,0.0204,0.0043,0.7564,0.0434,0.7399,sell
2022-09-21,80.9162,8806800,83.3729,83.5829,80.8888,-0.0241,-0.0442,0.0033,-0.0186,0.0352,59.7168,0.0224,0.0184,0.0015,0.5741,0.3425,0.9701,sell
2022-09-22,77.3544,9953000,80.3682,80.3865,77.0621,-0.0440,-0.0815,-0.0532,-0.0569,-0.0121,48.6476,0.0259,0.0133,-0.0035,0.2772,0.1301,1.0638,hold
2022-09-23,76.8703,7153200,76.6238,77.1169,76.0119,-0.0063,-0.0782,-0.0510,-0.0580,-0.0197,52.5678,0.0258,0.0081,-0.0071,0.2555,-0.2813,0.7528,hold
2022-09-26,77.4548,7583500,76.9982,78.5690,76.9708,0.0076,-0.0796,-0.0478,-0.0463,-0.0136,50.6301,0.0260,0.0044,-0.0085,0.2985,0.0602,0.7943,hold
2022-09-27,76.9708,8628800,78.5143,78.9983,75.9571,-0.0062,-0.0717,-0.0405,-0.0485,-0.0207,39.7975,0.0258,0.0010,-0.0096,0.2571,0.1378,0.8871,buy
2022-09-28,79.5554,7850800,77.3361,79.8933,76.9434,0.0336,-0.0168,-0.0603,-0.0103,0.0110,44.5170,0.0207,0.0009,-0.0074,0.4566,-0.0902,0.8028,hold
2022-09-29,79.0622,6881500,79.2814,79.7654,78.1855,-0.0062,0.0221,-0.0613,-0.0100,0.0038,45.0000,0.0207,0.0004,-0.0064,0.4005,-0.1235,0.7026,sell
2022-09-30,76.9526,7737500,79.0622,79.1809,76.8521,-0.0267,0.0011,-0.0772,-0.0286,-0.0232,39.6023,0.0217,-0.0022,-0.0073,0.2206,0.1244,0.7892,buy
2022-10-03,78.1946,6739900,77.4001,78.7426,76.5324,0.0161,0.0096,-0.0708,-0.0055,-0.0081,45.2279,0.0224,-0.0029,-0.0064,0.3094,-0.1289,0.7003,buy
2022-10-04,80.8340,5982400,79.5371,81.2358,79.3271,0.0338,0.0502,-0.0251,0.0308,0.0237,40.1597,0.0256,-0.0007,-0.0033,0.5399,-0.1124,0.6385,buy
2022-10-05,82.3043,7980800,80.1216,82.7792,79.9572,0.0182,0.0346,0.0172,0.0477,0.0398,45.3167,0.0250,0.0024,-0.0001,0.6718,0.3340,0.8608,sell
2022-10-06,81.6011,6893800,82.3683,83.0167,81.5189,-0.0085,0.0321,0.0549,0.0332,0.0293,45.6015,0.0198,0.0041,0.0013,0.6053,-0.1362,0.7469,sell
2022-10-07,79.4823,6606400,80.8614,81.1901,78.8156,-0.0260,0.0329,0.0340,0.0030,0.0019,39.2512,0.0219,0.0034,0.0004,0.4104,-0.0417,0.7176,hold
2022-10-10,79.5097,5092400,79.4641,79.9755,78.6604,0.0003,0.0168,0.0265,0.0008,0.0016,41.6926,0.0219,0.0027,-0.0002,0.4217,-0.2292,0.5654,sell
2022-10-11,78.7334,5531300,79.1901,79.6376,78.2129,-0.0098,-0.0260,0.0229,-0.0112,-0.0086,44.3392,0.0221,0.0014,-0.0012,0.3561,0.0862,0.6522,buy
2022-10-12,79.3362,5261900,79.4549,80.4230,78.9161,0.0077,-0.0361,-0.0028,-0.0033,-0.0018,56.0716,0.0194,0.0010,-0.0013,0.4329,-0.0487,0.6989,buy
2022-10-13,81.6194,7616600,77.7106,82.1673,77.3635,0.0288,0.0002,0.0323,0.0221,0.0263,63.1049,0.0212,0.0028,0.0005,0.6941,0.4475,1.0353,sell
2022-10-14,78.8796,6315200,82.2039,82.8340,78.7608,-0.0336,-0.0076,0.0250,-0.0146,-0.0081,53.5136,0.0224,0.0016,-0.0006,0.4107,-0.1709,0.8928,buy
2022-10-17,81.1901,6255300,80.2769,81.4824,80.1947,0.0293,0.0211,0.0383,0.0105,0.0201,59.5455,0.0236,0.0029,0.0005,0.7275,-0.0095,0.8846,hold
2022-10-18,81.2449,5484400,82.2952,82.6240,80.4413,0.0007,0.0319,0.0051,0.0106,0.0199,54.3164,0.0212,0.0039,0.0012,0.7641,-0.1232,0.7815,sell
2022-10-19,79.9298,6473400,80.7244,81.4002,79.4640,-0.0162,0.0075,-0.0289,-0.0028,0.0026,52.1271,0.0208,0.0034,0.0006,0.5841,0.1803,0.9380,sell
2022-10-20,79.2631,4540700,79.7563,80.5783,78.9709,-0.0083,-0.0289,-0.0287,-0.0082,-0.0059,56.0964,0.0208,0.0023,-0.0005,0.4717,-0.2986,0.6848,buy
2022-10-21,80.9253,9088800,79.4549,81.2541,79.0531,0.0210,0.0259,0.0182,0.0108,0.0146,57.0486,0.0203,0.0030,0.0002,0.7040,1.0016,1.3510,sell
2022-10-24,76.4959,16499300,79.3636,79.9207,75.2813,-0.0547,-0.0578,-0.0379,-0.0409,-0.0399,39.7496,0.0271,-0.0009,-0.0030,0.0272,0.8153,2.3002,buy
2022-10-25,77.8202,10674000,76.8064,78.5416,76.8064,0.0173,-0.0422,-0.0116,-0.0232,-0.0224,39.3307,0.0278,-0.0026,-0.0038,0.2113,-0.3531,1.4672,hold
2022-10-26,78.4412,9987000,78.1855,80.5783,78.0667,0.0080,-0.0186,-0.0113,-0.0143,-0.0138,42.4520,0.0278,-0.0033,-0.0036,0.3208,-0.0644,1.3529,hold
2022-10-27,77.8841,9524600,78.6604,78.9069,76.7881,-0.0071,-0.0174,-0.0458,-0.0167,-0.0201,45.8745,0.0258,-0.0044,-0.0037,0.2497,-0.0463,1.2675,buy
2022-10-28,79.5462,8284900,77.7836,80.1764,76.9982,0.0213,-0.0170,0.0085,0.0034,0.0011,50.0869,0.0247,-0.0034,-0.0022,0.4811,-0.1302,1.0986,hold
2022-10-31,79.0805,7401100,79.0896,79.9755,78.4960,-0.0059,0.0338,-0.0260,0.0002,-0.0047,50.8385,0.0226,-0.0032,-0.0016,0.3956,-0.1067,0.9771,hold
2022-11-01,79.5462,6219600,80.4230,81.1719,79.0713,0.0059,0.0222,-0.0209,0.0083,0.0007,50.5109,0.0228,-0.0024,-0.0007,0.4838,-0.1596,0.8198,sell
2022-11-02,77.2448,7653200,79.7015,80.8979,77.1991,-0.0289,-0.0153,-0.0336,-0.0176,-0.0282,39.3697,0.0240,-0.0043,-0.0020,0.1243,0.2305,1.0110,hold
2022-11-03,77.3361,8855100,76.7790,78.0576,75.7744,0.0012,-0.0070,-0.0243,-0.0140,-0.0268,45.6953,0.0240,-0.0055,-0.0026,0.1709,0.1570,1.1548,buy
2022-11-04,83.8934,20194300,84.0030,85.4825,82.6697,0.0848,0.0547,0.0367,0.0656,0.0547,56.0956,0.0362,0.0003,0.0024,1.1420,1.2805,2.4192,sell
2022-11-07,82.6057,10190200,83.7199,84.3501,81.5372,-0.0153,0.0446,0.0799,0.0412,0.0370,52.9067,0.0308,0.0033,0.0044,0.9034,-0.4954,1.1846,buy
2022-11-08,84.7063,9675500,83.0350,85.6469,83.0350,0.0254,0.0649,0.0885,0.0585,0.0612,59.8717,0.0312,0.0075,0.0068,1.0511,-0.0505,1.0983,hold
2022-11-09,84.1643,6271200,84.1460,85.0553,83.8979,-0.0064,0.0896,0.0730,0.0442,0.0523,60.1820,0.0316,0.0103,0.0077,0.9244,-0.3518,0.7078,buy
2022-11-10,88.4171,10408400,86.2402,88.5641,85.7258,0.0505,0.1433,0.1352,0.0828,0.1023,64.0514,0.0338,0.0156,0.0105,1.1596,0.6597,1.1565,buy
2022-11-11,89.4458,8294400,88.8764,90.6307,88.7018,0.0116,0.0662,0.1245,0.0823,0.1120,77.8398,0.0337,0.0207,0.0125,1.0880,-0.2031,0.9116,hold
2022-11-14,89.4826,8521100,89.2162,90.5297,88.8121,0.0004,0.0832,0.1315,0.0693,0.1086,76.5412,0.0333,0.0246,0.0131,0.9967,0.0273,0.9250,hold
2022-11-15,89.8592,6410000,90.8512,91.4207,89.3632,0.0042,0.0608,0.1296,0.0607,0.1098,76.2773,0.0334,0.0275,0.0129,0.9475,-0.2477,0.6923,hold
2022-11-16,89.1611,5348900,88.6559,89.9786,88.4171,-0.0078,0.0594,0.1543,0.0379,0.0989,75.7856,0.0310,0.0293,0.0116,0.8619,-0.1655,0.5813,hold
2022-11-17,89.0692,5245600,87.4526,89.1060,87.3516,-0.0010,0.0074,0.1517,0.0228,0.0958,73.4595,0.0312,0.0300,0.0099,0.8195,-0.0193,0.5679,buy
2022-11-18,89.9694,5964800,89.7857,90.3368,89.2162,0.0101,0.0059,0.0724,0.0260,0.1044,76.2624,0.0191,0.0308,0.0087,0.8268,0.1371,0.6568,hold
2022-11-21,90.3093,4499200,89.0876,90.4654,88.8212,0.0038,0.0092,0.0933,0.0209,0.1061,76.1174,0.0175,0.0314,0.0075,0.8111,-0.2457,0.5305,hold
2022-11-22,90.4103,5398600,90.4746,90.6859,89.5744,0.0011,0.0061,0.0673,0.0155,0.1046,85.7666,0.0166,0.0317,0.0063,0.7862,0.1999,0.6570,buy
2022-11-23,91.4115,5944900,90.4654,91.9259,90.2633,0.0111,0.0252,0.0861,0.0185,0.1150,86.4371,0.0160,0.0322,0.0056,0.8028,0.1012,0.7417,hold
2022-11-25,91.4482,2320000,91.5217,91.7421,90.4929,0.0004,0.0267,0.0343,0.0155,0.1135,79.5247,0.0061,0.0324,0.0047,0.7781,-0.6097,0.3031,sell
2022-11-28,90.6216,5257300,90.9247,91.9994,90.5297,-0.0090,0.0072,0.0131,0.0050,0.1015,82.4978,0.0065,0.0318,0.0031,0.7147,1.2661,0.7006,hold
2022-11-29,90.6216,4423900,90.8971,91.2370,90.1990,0.0000,0.0035,0.0127,0.0037,0.0998,78.9049,0.0065,0.0308,0.0016,0.6946,-0.1585,0.6015,buy
2022-11-30,93.8731,15000800,90.9798,94.2038,90.4930,0.0359,0.0383,0.0447,0.0351,0.1362,87.5090,0.0128,0.0313,0.0025,0.8378,2.3909,1.9247,buy
2022-12-01,94.9478,7452300,93.9925,95.1223,93.6435,0.0114,0.0387,0.0649,0.0403,0.1453,83.4432,0.0122,0.0328,0.0035,0.8852,-0.5032,0.9574,buy
2022-12-02,96.4909,7916900,93.7078,96.9410,93.5241,0.0163,0.0551,0.0833,0.0487,0.1586,84.2718,0.0122,0.0346,0.0046,0.9872,0.0623,1.0233,sell
2022-12-05,95.1131,9285800,94.9662,95.7469,94.6079,-0.0143,0.0496,0.0572,0.0280,0.1370,74.2294,0.0141,0.0353,0.0039,0.8566,0.1729,1.2912,sell
2022-12-06,93.7629,8383000,95.3611,95.7010,93.1751,-0.0142,0.0347,0.0382,0.0096,0.1166,65.4998,0.0154,0.0345,0.0021,0.7483,-0.0972,1.1805,hold
2022-12-07,93.5700,4194300,93.0373,94.5804,92.8260,-0.0021,-0.0032,0.0349,0.0041,0.1099,68.2371,0.0155,0.0330,0.0004,0.7163,-0.4997,0.6144,buy
2022-12-08,95.2876,5465100,94.3691,95.4438,94.0568,0.0184,0.0036,0.0424,0.0183,0.1260,72.6725,0.0161,0.0322,0.0002,0.8650,0.3030,0.8053,sell
2022-12-09,93.4965,7999600,95.0029,95.0672,93.4598,-0.0188,-0.0310,0.0224,-0.0030,0.1011,62.0756,0.0177,0.0308,-0.0015,0.6651,0.4638,1.2000,buy
2022-12-12,94.3324,5796000,92.8903,94.4702,92.6056,0.0089,-0.0082,0.0409,0.0019,0.1064,63.3212,0.0173,0.0293,-0.0022,0.7285,-0.2755,0.8860,sell
2022-12-13,93.7905,7066000,96.2797,96.6287,92.7617,-0.0057,0.0003,0.0350,-0.0072,0.0961,60.8748,0.0175,0.0277,-0.0031,0.6527,0.2191,1.0923,hold
2022-12-14,93.8639,5624000,93.9834,94.8835,92.4953,0.0008,0.0031,-0.0001,-0.0064,0.0936,58.3910,0.0134,0.0261,-0.0038,0.6425,-0.2041,0.8747,sell
2022-12-15,91.8432,7244400,92.9638,93.2761,91.3472,-0.0215,-0.0361,-0.0327,-0.0246,0.0677,51.1898,0.0143,0.0233,-0.0058,0.3975,0.2881,1.1104,sell
2022-12-16,90.7777,13862300,91.1910,91.4298,90.0337,-0.0116,-0.0291,-0.0592,-0.0300,0.0530,50.4637,0.0127,0.0197,-0.0078,0.2469,0.9135,1.9932,sell
2022-12-19,90.2909,5771100,90.4103,90.7593,89.7673,-0.0054,-0.0428,-0.0507,-0.0302,0.0448,49.0456,0.0124,0.0161,-0.0092,0.1802,-0.5837,0.8309,hold
2022-12-20,90.0153,4533500,90.1898,90.5481,89.3448,-0.0031,-0.0403,-0.0400,-0.0292,0.0391,36.5557,0.0119,0.0128,-0.0101,0.1507,-0.2144,0.6526,buy
2022-12-21,90.6307,5566300,88.8396,90.9981,88.4997,0.0068,-0.0344,-0.0314,-0.0195,0.0433,34.4576,0.0124,0.0105,-0.0098,0.2247,0.2278,0.8003,sell
2022-12-22,89.7949,4756900,90.4287,90.5297,88.3344,-0.0092,-0.0223,-0.0576,-0.0227,0.0312,24.5992,0.0099,0.0080,-0.0100,0.1457,-0.1454,0.6898,buy
2022-12-23,90.2633,3944500,89.6387,90.2909,88.9866,0.0052,-0.0057,-0.0346,-0.0142,0.0345,30.2394,0.0094,0.0062,-0.0093,0.2169,-0.1708,0.5653,buy
2022-12-27,91.1176,4402500,90.5389,91.3564,90.2082,0.0095,0.0092,-0.0341,-0.0013,0.0414,38.7675,0.0094,0.0055,-0.0079,0.3125,0.1161,0.6349,sell
2022-12-28,90.5664,3491500,91.3104,91.7697,90.3735,-0.0060,0.0061,-0.0344,-0.0038,0.0329,37.6230,0.0094,0.0045,-0.0072,0.2476,-0.2069,0.5069,buy
2022-12-29,91.6411,3976100,90.9339,92.4494,90.6307,0.0119,0.0111,-0.0237,0.0104,0.0427,34.1327,0.0106,0.0045,-0.0056,0.3882,0.1388,0.6275,sell
2022-12-30,91.1176,3988900,91.1084,91.1635,90.2358,-0.0057,0.0147,-0.0079,0.0055,0.0341,38.3648,0.0083,0.0041,-0.0049,0.3446,0.0032,0.6472,buy
2023-01-03,92.6148,6607700,92.3667,92.9270,91.3656,0.0164,0.0261,0.0202,0.0199,0.0479,42.1097,0.0090,0.0049,-0.0031,0.5582,0.6565,1.0836,buy
2023-01-04,95.9490,8166600,94.3232,96.1970,94.1946,0.0360,0.0530,0.0627,0.0501,0.0819,57.8912,0.0135,0.0081,0.0003,0.9925,0.2359,1.3516,hold
2023-01-05,95.9214,5575100,95.9765,96.5368,95.0580,-0.0003,0.0591,0.0656,0.0431,0.0769,57.5471,0.0134,0.0107,0.0023,0.9400,-0.3173,0.9447,buy
2023-01-06,97.9973,9644100,96.7940,98.2820,96.4542,0.0216,0.0694,0.0813,0.0572,0.0952,72.4833,0.0142,0.0140,0.0046,1.0697,0.7299,1.5620,sell
2023-01-09,96.2062,10124800,97.8411,97.9881,95.9214,-0.0183,0.0558,0.0714,0.0307,0.0710,68.8337,0.0156,0.0154,0.0047,0.8673,0.0498,1.5802,buy
2023-01-10,97.3635,4183600,95.8571,97.7585,95.6826,0.0120,0.0513,0.0787,0.0352,0.0792,73.4470,0.0157,0.0169,0.0050,0.9278,-0.5868,0.6730,hold
2023-01-11,97.6391,5634400,97.1890,97.7676,96.3164,0.0028,0.0176,0.0716,0.0310,0.0779,75.2740,0.0158,0.0182,0.0051,0.9083,0.3468,0.9076,hold
2023-01-12,97.2257,4882000,97.6299,97.7676,96.6011,-0.0042,0.0136,0.0735,0.0195,0.0691,72.1605,0.0156,0.0188,0.0045,0.8392,-0.1335,0.8005,buy
2023-01-13,98.4933,5529700,96.5093,98.5576,96.5093,0.0130,0.0051,0.0748,0.0254,0.0785,78.4043,0.0156,0.0197,0.0045,0.8953,0.1327,0.9074,hold
2023-01-17,98.0524,7477200,98.2361,98.8332,97.6483,-0.0045,0.0192,0.0761,0.0135,0.0688,75.4807,0.0155,0.0202,0.0039,0.8233,0.3522,1.2246,sell
2023-01-18,96.4450,5725800,98.4106,98.7137,96.3623,-0.0164,-0.0094,0.0414,-0.0070,0.0469,66.6093,0.0168,0.0192,0.0022,0.6844,-0.2342,1.0047,sell
2023-01-19,95.7653,5115800,96.4450,97.0880,95.7469,-0.0070,-0.0192,-0.0019,-0.0139,0.0369,66.0795,0.0128,0.0176,0.0003,0.6167,-0.1065,0.9028,buy
2023-01-20,96.4817,6543500,95.8939,96.6287,95.4254,0.0075,-0.0077,0.0058,-0.0071,0.0415,65.3108,0.0131,0.0165,-0.0005,0.6525,0.2791,1.1347,buy
2023-01-23,97.5564,6320500,96.4817,98.1810,95.8939,0.0111,-0.0095,-0.0045,0.0045,0.0502,69.6799,0.0115,0.0162,-0.0005,0.7156,-0.0341,1.0889,buy
2023-01-24,97.9514,5517200,97.7309,98.1626,96.8216,0.0040,-0.0010,0.0181,0.0067,0.0513,67.4894,0.0097,0.0162,-0.0003,0.7279,-0.1271,0.9443,buy
2023-01-25,98.2637,5416900,97.4186,98.4106,97.2717,0.0032,0.0189,0.0092,0.0090,0.0525,59.4595,0.0090,0.0163,-0.0002,0.7357,-0.0182,0.9156,buy
2023-01-26,99.8986,6324100,98.5576,99.9354,98.3371,0.0166,0.0432,0.0231,0.0234,0.0676,64.3663,0.0103,0.0172,0.0008,0.8564,0.1675,1.0519,hold
2023-01-27,100.1374,6851100,99.8803,100.8171,99.5128,0.0024,0.0379,0.0299,0.0228,0.0677,58.9135,0.0100,0.0182,0.0014,0.8623,0.0833,1.1085,sell
2023-01-30,99.5680,6880700,99.4394,99.9997,98.6678,-0.0057,0.0206,0.0109,0.0159,0.0594,65.5877,0.0097,0.0183,0.0012,0.7890,0.0043,1.0878,buy
2023-01-31,100.2477,5816300,99.4394,100.2569,98.7413,0.0068,0.0234,0.0224,0.0205,0.0641,63.9929,0.0096,0.0186,0.0013,0.8801,-0.1547,0.9064,buy
2023-02-01,101.0284,5841200,100.0915,101.7540,99.1822,0.0078,0.0281,0.0475,0.0237,0.0697,65.6755,0.0071,0.0192,0.0016,0.9916,0.0043,0.9158,sell
2023-02-02,100.2569,9852900,101.0743,101.8000,99.2006,-0.0076,0.0036,0.0469,0.0113,0.0592,63.5692,0.0073,0.0191,0.0011,0.8334,0.6868,1.5245,sell
2023-02-03,95.8020,15200500,96.0592,97.7677,94.6447,-0.0444,-0.0433,-0.0070,-0.0330,0.0110,40.6270,0.0170,0.0158,-0.0024,0.1396,0.5427,2.1890,buy
2023-02-06,96.4634,6392200,95.5265,97.5197,94.8835,0.0069,-0.0312,-0.0112,-0.0252,0.0167,44.5494,0.0167,0.0128,-0.0042,0.2607,-0.5795,0.9426,buy
2023-02-07,98.1259,6207500,96.2888,98.6311,96.0408,0.0172,-0.0212,0.0018,-0.0086,0.0327,55.7439,0.0177,0.0116,-0.0041,0.4981,-0.0289,0.9426,hold
2023-02-08,97.6391,5557500,97.6574,97.8595,97.0420,-0.0050,-0.0335,-0.0064,-0.0129,0.0263,56.4885,0.0177,0.0103,-0.0044,0.4191,-0.1047,0.8352,hold
2023-02-09,97.8976,5608400,97.6022,98.4145,97.4821,0.0026,-0.0235,-0.0200,-0.0083,0.0274,55.0633,0.0167,0.0094,-0.0042,0.4578,0.0092,0.8430,buy
2023-02-10,98.8576,6298600,97.4083,99.0145,97.3621,0.0098,0.0319,-0.0128,0.0027,0.0357,54.6918,0.0171,0.0092,-0.0034,0.5971,0.1231,0.9368,buy
2023-02-13,100.1777,5192400,99.1899,100.5562,99.0330,0.0134,0.0385,0.0061,0.0155,0.0482,57.5255,0.0176,0.0100,-0.0020,0.7830,-0.1756,0.7742,hold
2023-02-14,99.6792,5109400,99.6330,100.1315,98.4976,-0.0050,0.0158,-0.0057,0.0110,0.0419,54.7253,0.0175,0.0103,-0.0014,0.6911,-0.0160,0.7755,buy
2023-02-15,100.6208,4059100,99.2361,100.6208,99.0145,0.0094,0.0305,-0.0040,0.0210,0.0508,52.5276,0.0176,0.0109,-0.0005,0.8013,-0.2056,0.6240,sell
2023-02-16,99.2730,4596800,99.4761,100.7131,99.1530,-0.0134,0.0140,-0.0098,0.0083,0.0359,47.1922,0.0180,0.0105,-0.0009,0.5783,0.1325,0.7095,hold
2023-02-17,98.8668,6876400,98.5345,99.1992,98.0637,-0.0041,0.0001,0.0320,0.0011,0.0305,47.6982,0.0098,0.0096,-0.0014,0.4914,0.4959,1.0586,sell
2023-02-21,96.7252,5438000,97.3898,97.8052,96.6605,-0.0217,-0.0345,0.0027,-0.0209,0.0075,39.4486,0.0124,0.0072,-0.0033,0.1354,-0.2092,0.8429,hold
2023-02-22,96.7159,7523700,97.3067,97.7960,96.3652,-0.0001,-0.0297,-0.0144,-0.0196,0.0072,36.4563,0.0109,0.0051,-0.0043,0.1594,0.3835,1.1483,sell
2023-02-23,95.5528,6857900,97.3991,97.3991,94.7405,-0.0120,-0.0504,-0.0214,-0.0293,-0.0054,35.5812,0.0114,0.0025,-0.0057,0.0407,-0.0885,1.0353,sell
2023-02-24,93.7896,6019700,94.7589,94.8235,93.0696,-0.0185,-0.0552,-0.0420,-0.0432,-0.0236,42.6126,0.0123,-0.0012,-0.0076,-0.0747,-0.1222,0.9108,buy
2023-02-27,94.5650,5235100,94.4635,95.3589,94.2973,0.0083,-0.0435,-0.0434,-0.0311,-0.0157,43.0893,0.0121,-0.0034,-0.0078,0.0837,-0.1303,0.8019,hold
2023-02-28,94.2420,5186500,94.1496,95.0358,94.0666,-0.0034,-0.0257,-0.0593,-0.0285,-0.0192,34.3329,0.0104,-0.0054,-0.0078,0.1024,-0.0093,0.8049,sell
2023-03-01,93.6327,5382200,94.3343,94.4635,93.1527,-0.0065,-0.0319,-0.0607,-0.0287,-0.0259,33.9971,0.0104,-0.0074,-0.0079,0.0912,0.0377,0.8381,buy
2023-03-02,95.0912,4777600,93.4942,95.2389,93.1804,0.0156,-0.0048,-0.0550,-0.0079,-0.0116,39.7712,0.0116,-0.0076,-0.0064,0.2675,-0.1123,0.7502,buy
2023-03-03,96.5129,4882100,95.4513,96.6421,95.0912,0.0150,0.0290,-0.0278,0.0099,0.0019,41.7319,0.0128,-0.0064,-0.0042,0.4421,0.0219,0.7977,buy
2023-03-06,96.9190,5237100,96.4205,97.7960,96.4113,0.0042,0.0249,-0.0197,0.0162,0.0047,37.7174,0.0130,-0.0051,-0.0024,0.4826,0.0727,0.9316,sell
2023-03-07,95.3959,3976300,96.9190,97.5560,95.1928,-0.0157,0.0122,-0.0137,0.0016,-0.0121,35.0129,0.0121,-0.0054,-0.0021,0.3129,-0.2407,0.7228,sell
2023-03-08,94.6205,4225500,94.9897,95.1005,93.9097,-0.0081,0.0105,-0.0217,-0.0043,-0.0211,28.7582,0.0123,-0.0062,-0.0023,0.2490,0.0627,0.7822,sell
2023-03-09,92.5896,5732300,94.8420,94.8512,92.2757,-0.0215,-0.0263,-0.0310,-0.0227,-0.0426,27.4314,0.0134,-0.0087,-0.0037,0.0826,0.3566,1.0594,sell
2023-03-10,91.7403,6641900,92.8850,93.4573,91.4172,-0.0092,-0.0495,-0.0219,-0.0295,-0.0515,26.6344,0.0126,-0.0112,-0.0050,0.0642,0.1587,1.2159,hold
2023-03-13,91.4633,6408200,91.3064,92.4972,90.8079,-0.0030,-0.0563,-0.0328,-0.0293,-0.0545,30.3448,0.0120,-0.0133,-0.0056,0.0943,-0.0352,1.1720,buy
2023-03-14,91.8141,6248800,92.4142,92.6634,90.9002,0.0038,-0.0375,-0.0258,-0.0230,-0.0509,32.1452,0.0122,-0.0144,-0.0054,0.1585,-0.0249,1.1319,hold
2023-03-15,91.7034,6603300,90.8356,91.7311,89.8017,-0.0012,-0.0308,-0.0206,-0.0222,-0.0522,34.8142,0.0121,-0.0152,-0.0050,0.1776,0.0567,1.1801,buy
2023-03-16,92.7096,8188600,91.5187,92.9680,91.4172,0.0110,0.0013,-0.0250,-0.0090,-0.0418,45.4686,0.0115,-0.0146,-0.0036,0.2869,0.2401,1.4114,sell
2023-03-17,91.1126,10189700,91.4541,91.6572,90.3187,-0.0172,-0.0068,-0.0560,-0.0204,-0.0574,36.4493,0.0105,-0.0158,-0.0037,0.1387,0.2444,1.6755,buy
2023-03-20,92.1742,4864000,91.4818,92.5157,91.3249,0.0117,0.0078,-0.0490,-0.0039,-0.0456,42.3288,0.0115,-0.0152,-0.0026,0.2731,-0.5227,0.8133,buy
2023-03-21,92.8111,4743700,92.7834,93.4111,92.4419,0.0069,0.0109,-0.0271,0.0058,-0.0380,46.9583,0.0114,-0.0141,-0.0012,0.3729,-0.0247,0.7978,sell
2023-03-22,91.5003,5917700,92.9496,93.6789,91.4449,-0.0141,-0.0022,-0.0330,-0.0050,-0.0507,36.5583,0.0118,-0.0145,-0.0011,0.2211,0.2475,1.0088,sell
2023-03-23,90.8541,6879200,91.7034,92.4326,90.0233,-0.0071,-0.0200,-0.0187,-0.0102,-0.0561,27.5127,0.0101,-0.0151,-0.0013,0.1681,0.1625,1.1725,hold
2023-03-24,90.7802,4685400,90.6695,90.8633,89.7186,-0.0008,-0.0036,-0.0105,-0.0099,-0.0555,24.9434,0.0098,-0.0154,-0.0013,0.1918,-0.3189,0.8078,buy
2023-03-27,91.0756,6022200,91.3157,92.0542,91.0018,0.0033,-0.0119,-0.0042,-0.0063,-0.0512,30.4021,0.0099,-0.0152,-0.0009,0.2564,0.2853,1.0313,hold
2023-03-28,91.1310,4709800,90.5956,91.3064,90.5402,0.0006,-0.0181,-0.0074,-0.0050,-0.0492,33.0644,0.0098,-0.0148,-0.0004,0.2857,-0.2179,0.8098,buy
2023-03-29,92.8850,4946600,91.6941,92.9496,91.1495,0.0192,0.0151,0.0129,0.0129,-0.0298,51.4733,0.0116,-0.0126,0.0012,0.5184,0.0503,0.8537,buy
2023-03-30,93.5312,4082600,93.6419,93.8819,92.9127,0.0070,0.0295,0.0089,0.0190,-0.0225,59.1166,0.0113,-0.0103,0.0028,0.6172,-0.1747,0.7089,buy
2023-03-31,96.1251,6900100,94.0112,96.2636,94.0112,0.0277,0.0589,0.0550,0.0416,0.0045,69.2015,0.0122,-0.0060,0.0053,0.9820,0.6901,1.1775,buy
2023-04-03,96.7898,3855400,96.0605,96.8729,95.7005,0.0069,0.0627,0.0501,0.0436,0.0114,69.9778,0.0120,-0.0023,0.0072,1.0801,-0.4413,0.6657,sell
2023-04-04,96.0051,3854400,96.7898,96.9375,95.4051,-0.0081,0.0535,0.0344,0.0316,0.0035,66.3853,0.0127,-0.0000,0.0076,0.9526,-0.0003,0.6663,buy
2023-04-05,96.8360,5170900,95.9867,97.5744,95.9405,0.0087,0.0425,0.0583,0.0346,0.0125,65.9301,0.0111,0.0024,0.0080,1.0010,0.3416,0.8866,hold
2023-04-06,96.6329,3155700,96.8359,97.0760,96.0236,-0.0021,0.0332,0.0636,0.0261,0.0107,73.8816,0.0106,0.0042,0.0078,0.9152,-0.3897,0.5533,hold
2023-04-10,96.6882,3761600,95.5897,96.7621,95.1466,0.0006,0.0059,0.0651,0.0202,0.0119,71.3910,0.0105,0.0055,0.0073,0.8718,0.1920,0.6766,buy
2023-04-11,97.6114,4010600,96.9836,98.2206,96.8544,0.0095,0.0085,0.0718,0.0229,0.0221,72.1463,0.0104,0.0072,0.0072,0.9106,0.0662,0.7373,hold
2023-04-12,97.4821,4606000,98.0729,98.3868,97.2513,-0.0013,0.0154,0.0697,0.0148,0.0212,80.9750,0.0106,0.0084,0.0067,0.8528,0.1485,0.8597,buy
2023-04-13,98.7653,4367600,98.2022,98.9868,98.0822,0.0132,0.0199,0.0633,0.0219,0.0350,88.4303,0.0100,0.0102,0.0068,0.9150,-0.0518,0.8326,buy
2023-04-14,99.2084,3963300,98.6914,99.8546,98.6360,0.0045,0.0267,0.0607,0.0205,0.0400,89.5237,0.0100,0.0118,0.0068,0.8978,-0.0926,0.7873,buy
2023-04-17,99.9838,4780700,99.6607,100.2977,99.2915,0.0078,0.0341,0.0401,0.0244,0.0482,89.9750,0.0065,0.0135,0.0068,0.9082,0.2062,1.0035,sell
2023-04-18,99.6145,5300500,100.5007,100.8331,99.4484,-0.0037,0.0205,0.0292,0.0177,0.0435,87.0265,0.0068,0.0145,0.0062,0.8377,0.1087,1.1076,sell
2023-04-19,98.9222,4617800,99.4115,99.5684,98.8484,-0.0070,0.0148,0.0304,0.0076,0.0357,79.0408,0.0066,0.0147,0.0051,0.7561,-0.1288,0.9662,hold
2023-04-20,98.8207,4297200,98.0268,99.3099,98.0268,-0.0010,0.0006,0.0205,0.0046,0.0345,76.8509,0.0064,0.0145,0.0039,0.7253,-0.0694,0.9146,buy
2023-04-21,99.8730,4522800,99.0515,100.4177,98.4607,0.0106,0.0067,0.0335,0.0119,0.0451,72.5555,0.0068,0.0148,0.0035,0.7850,0.0525,0.9874,buy
2023-04-24,100.8885,5940700,99.8730,100.8885,99.7346,0.0102,0.0090,0.0434,0.0179,0.0550,73.6672,0.0070,0.0157,0.0036,0.8450,0.3135,1.2794,hold
2023-04-25,100.9346,8747100,100.5377,102.5686,100.4638,0.0005,0.0133,0.0340,0.0149,0.0550,81.1189,0.0069,0.0164,0.0034,0.8320,0.4724,1.8301,buy
2023-04-26,102.9009,8081600,100.6300,103.6948,100.6300,0.0195,0.0402,0.0556,0.0291,0.0750,83.4862,0.0083,0.0179,0.0041,0.9954,-0.0761,1.6333,buy
2023-04-27,104.0825,7618500,102.8270,104.2025,102.6332,0.0115,0.0532,0.0538,0.0354,0.0863,87.1206,0.0081,0.0198,0.0050,1.0491,-0.0573,1.4992,buy
2023-04-28,105.5041,5979300,103.7778,105.5225,103.6578,0.0137,0.0564,0.0635,0.0430,0.1000,88.6640,0.0085,0.0221,0.0059,1.0945,-0.2152,1.1551,hold
2023-05-01,105.7533,6495900,105.4672,106.6026,105.4672,0.0024,0.0482,0.0577,0.0396,0.1012,87.9519,0.0086,0.0239,0.0063,1.0191,0.0864,1.2598,hold
2023-05-02,105.6610,9626400,105.6887,105.7533,104.1748,-0.0009,0.0468,0.0607,0.0325,0.0986,88.2557,0.0083,0.0251,0.0059,0.9423,0.4819,1.7680,sell
2023-05-03,95.9682,24388600,100.6946,101.2854,95.8205,-0.0917,-0.0674,-0.0299,-0.0595,-0.0020,42.6776,0.0321,0.0202,-0.0007,0.1706,1.5335,3.7685,hold
2023-05-04,96.6698,8858100,96.2544,97.5468,95.8205,0.0073,-0.0712,-0.0218,-0.0506,0.0053,43.4430,0.0323,0.0147,-0.0049,0.2279,-0.6368,1.3308,buy
2023-05-05,98.9684,7813800,97.4360,99.2176,97.2790,0.0238,-0.0619,-0.0091,-0.0272,0.0285,47.5685,0.0331,0.0119,-0.0058,0.3980,-0.1179,1.1343,hold
2023-05-08,98.9314,6090700,99.2084,99.8084,98.7099,-0.0004,-0.0645,-0.0194,-0.0257,0.0270,48.3378,0.0329,0.0098,-0.0063,0.3821,-0.2205,0.8694,hold
2023-05-09,98.5068,3682400,98.7653,98.9407,98.2206,-0.0043,-0.0677,-0.0241,-0.0275,0.0218,48.9759,0.0329,0.0078,-0.0067,0.3405,-0.3954,0.5269,hold
2023-05-10,98.7468,4565000,98.9222,99.7992,97.5560,0.0024,0.0290,-0.0404,-0.0211,0.0233,49.8192,0.0321,0.0062,-0.0066,0.3530,0.2397,0.6534,hold
2023-05-11,97.9953,4791700,98.7468,99.0437,97.5222,-0.0076,0.0137,-0.0585,-0.0227,0.0146,45.3334,0.0316,0.0044,-0.0068,0.2930,0.0497,0.6837,hold
2023-05-12,98.4500,5175600,98.1160,98.5427,97.2532,0.0046,-0.0052,-0.0669,-0.0112,0.0186,43.7659,0.0311,0.0032,-0.0063,0.3366,0.0801,0.7322,hold
2023-05-15,98.9324,4217000,98.4407,99.0437,97.9768,0.0049,0.0000,-0.0645,0.0005,0.0231,44.9928,0.0312,0.0026,-0.0055,0.3831,-0.1852,0.5990,sell
2023-05-16,97.6706,3676600,98.7190,98.8581,97.5964,-0.0128,-0.0085,-0.0756,-0.0042,0.0099,36.4428,0.0312,0.0012,-0.0056,0.2880,-0.1281,0.5283,hold
2023-05-17,98.0510,4757300,98.3015,98.8396,97.3645,0.0039,-0.0070,0.0217,-0.0025,0.0132,33.6884,0.0099,0.0003,-0.0052,0.3249,0.2939,0.6829,buy
2023-05-18,99.3498,5377500,97.8005,99.3962,97.5964,0.0132,0.0138,0.0277,0.0080,0.0257,33.2450,0.0104,0.0007,-0.0038,0.4300,0.1304,0.7660,sell
2023-05-19,97.8840,4985200,99.2663,99.4055,97.7078,-0.0148,-0.0057,-0.0110,-0.0058,0.0094,29.9068,0.0087,-0.0002,-0.0038,0.3191,-0.0730,0.7078,sell
2023-05-22,95.4627,7504300,97.8933,98.0603,95.3421,-0.0247,-0.0351,-0.0351,-0.0269,-0.0163,26.7278,0.0115,-0.0030,-0.0053,0.1611,0.5053,1.0537,sell
2023-05-23,93.0877,6766300,94.7391,94.7576,92.8465,-0.0249,-0.0469,-0.0550,-0.0459,-0.0411,40.1307,0.0133,-0.0073,-0.0078,0.0515,-0.0983,0.9635,sell
2023-05-24,92.4105,6134800,93.5145,93.5237,91.9466,-0.0073,-0.0575,-0.0642,-0.0466,-0.0482,35.3821,0.0130,-0.0112,-0.0093,0.0686,-0.0933,0.8859,sell
2023-05-25,91.3250,8177000,91.5662,91.7518,90.6663,-0.0117,-0.0808,-0.0681,-0.0513,-0.0593,21.3855,0.0131,-0.0151,-0.0106,0.0570,0.3329,1.1760,hold
2023-05-26,91.4085,7276500,91.5013,92.4105,91.2230,0.0009,-0.0662,-0.0715,-0.0434,-0.0582,21.9342,0.0128,-0.0179,-0.0107,0.0966,-0.1101,1.0368,sell
2023-05-30,90.6849,6505400,91.7425,91.8074,90.2767,-0.0079,-0.0500,-0.0834,-0.0427,-0.0656,21.4555,0.0121,-0.0207,-0.0107,0.0738,-0.1060,0.9269,hold
2023-05-31,90.5828,10377100,90.9447,90.9910,89.9706,-0.0011,-0.0269,-0.0726,-0.0366,-0.0663,19.9042,0.0122,-0.0226,-0.0101,0.0721,0.5952,1.4707,hold
2023-06-01,90.4715,6752200,90.5365,91.1302,89.5438,-0.0012,-0.0210,-0.0773,-0.0300,-0.0670,20.8902,0.0118,-0.0240,-0.0092,0.1134,-0.3493,1.0936,buy
2023-06-02,92.3084,6221400,91.2044,92.4569,91.0931,0.0203,0.0108,-0.0709,-0.0027,-0.0482,28.5343,0.0133,-0.0227,-0.0065,0.2683,-0.0786,1.0296,buy
2023-06-05,92.7073,6536500,92.8094,93.5794,92.3084,0.0043,0.0142,-0.0529,0.0072,-0.0445,28.1148,0.0135,-0.0213,-0.0042,0.3169,0.0506,1.0933,sell
2023-06-06,91.1209,8657100,92.5311,93.0784,90.4808,-0.0171,0.0048,-0.0455,-0.0053,-0.0609,27.4872,0.0124,-0.0218,-0.0035,0.2310,0.3244,1.4176,hold
2023-06-07,90.8426,6285600,91.4271,91.7147,90.5365,-0.0031,0.0029,-0.0241,-0.0059,-0.0637,25.0481,0.0102,-0.0220,-0.0029,0.2384,-0.2739,1.0078,buy
2023-06-08,91.9837,6877800,90.5921,92.0115,89.9149,0.0126,0.0167,-0.0046,0.0070,-0.0521,24.2208,0.0110,-0.0206,-0.0014,0.3399,0.0942,1.0827,sell
2023-06-09,90.8797,5550800,91.6590,91.8075,90.5829,-0.0120,-0.0155,-0.0049,-0.0046,-0.0631,24.8501,0.0111,-0.0206,-0.0010,0.2807,-0.1929,0.8686,buy
2023-06-12,91.3436,6705800,90.8797,91.3900,90.4715,0.0051,-0.0147,-0.0007,0.0006,-0.0579,32.7907,0.0112,-0.0198,-0.0002,0.3352,0.2081,1.0369,buy
2023-06-13,92.0858,5137900,91.3900,92.2806,91.3900,0.0081,0.0106,0.0154,0.0071,-0.0494,45.1526,0.0111,-0.0181,0.0011,0.4137,-0.2338,0.7888,buy
2023-06-14,93.3846,9279500,92.3641,94.0340,92.0208,0.0141,0.0280,0.0309,0.0182,-0.0354,54.4454,0.0117,-0.0154,0.0028,0.5481,0.8061,1.3660,buy
2023-06-15,94.0526,6448200,94.0154,94.6185,93.3846,0.0072,0.0225,0.0396,0.0215,-0.0281,62.9402,0.0116,-0.0127,0.0043,0.6435,-0.3051,0.9375,buy
2023-06-16,94.5071,11709200,94.6370,95.1009,94.1453,0.0048,0.0399,0.0238,0.0240,-0.0229,64.2008,0.0102,-0.0100,0.0055,0.7749,0.8159,1.6275,sell
2023-06-20,93.9505,5506400,94.4978,95.0823,93.6072,-0.0059,0.0285,0.0134,0.0166,-0.0281,65.1986,0.0105,-0.0084,0.0058,0.7972,-0.5297,0.7626,buy
2023-06-21,94.5071,5508800,93.3289,95.0545,93.1063,0.0059,0.0263,0.0372,0.0189,-0.0219,67.5228,0.0082,-0.0065,0.0061,0.9315,0.0004,0.7736,sell
2023-06-22,93.5608,6125500,94.0896,94.2937,92.4383,-0.0100,0.0019,0.0299,0.0058,-0.0309,62.8372,0.0091,-0.0058,0.0055,0.7477,0.1119,0.8641,sell
2023-06-23,91.2322,18770100,92.4476,92.5218,90.4715,-0.0249,-0.0300,-0.0082,-0.0185,-0.0538,45.7037,0.0120,-0.0073,0.0035,0.3347,2.0643,2.4312,hold
2023-06-26,91.1302,6069000,91.2323,91.6312,90.4344,-0.0011,-0.0357,0.0028,-0.0198,-0.0534,43.5509,0.0113,-0.0084,0.0019,0.3189,-0.6767,0.7970,buy
2023-06-27,91.5848,5034100,91.2786,91.9002,90.6663,0.0050,-0.0252,0.0026,-0.0152,-0.0471,52.0902,0.0113,-0.0087,0.0012,0.3988,-0.1705,0.6710,hold
2023-06-28,91.4827,6581900,91.5106,91.5106,90.2674,-0.0011,-0.0320,-0.0065,-0.0157,-0.0465,52.9312,0.0110,-0.0090,0.0008,0.3701,0.3075,0.8768,hold
2023-06-29,91.5477,5113500,91.4828,91.6869,90.8983,0.0007,-0.0215,-0.0197,-0.0130,-0.0442,47.7852,0.0097,-0.0090,0.0006,0.3689,-0.2231,0.7059,buy
2023-06-30,91.9002,6229900,92.2156,92.2713,91.4178,0.0039,0.0073,-0.0229,-0.0069,-0.0391,55.6122,0.0095,-0.0086,0.0008,0.4186,0.2183,0.8632,hold
2023-07-03,91.9837,3287000,91.5941,92.3734,91.1488,0.0009,0.0094,-0.0267,-0.0033,-0.0369,53.6740,0.0092,-0.0081,0.0010,0.4387,-0.4724,0.4649,sell
2023-07-05,91.3436,6365400,91.9837,92.1507,91.1859,-0.0070,-0.0026,-0.0277,-0.0074,-0.0419,45.6897,0.0092,-0.0083,0.0007,0.3260,0.9365,0.9013,sell
2023-07-06,89.2469,7153300,90.7870,90.9818,88.9779,-0.0230,-0.0244,-0.0557,-0.0246,-0.0616,28.0080,0.0106,-0.0103,-0.0009,-0.0115,0.1238,1.0238,hold
2023-07-07,89.1078,7889500,89.0521,89.6737,88.6439,-0.0016,-0.0267,-0.0476,-0.0214,-0.0607,22.1525,0.0106,-0.0118,-0.0019,0.0234,0.1029,1.1164,buy
2023-07-10,91.9652,9294600,89.3397,92.3362,89.2748,0.0321,0.0007,0.0080,0.0092,-0.0283,38.7335,0.0135,-0.0099,-0.0003,0.4879,0.1781,1.2931,buy
2023-07-11,92.8558,5268000,92.2528,92.9857,91.9744,0.0097,0.0095,0.0189,0.0170,-0.0166,45.2875,0.0138,-0.0078,0.0014,0.6177,-0.4332,0.7343,buy
2023-07-12,93.8299,6971900,94.0896,94.4700,93.4774,0.0105,0.0272,0.0245,0.0252,-0.0038,47.1858,0.0140,-0.0052,0.0031,0.7517,0.3234,0.9700,buy
2023-07-13,94.2566,4511700,94.1731,94.8133,93.9783,0.0045,0.0561,0.0303,0.0267,0.0032,53.0218,0.0140,-0.0028,0.0044,0.7913,-0.3529,0.6305,hold
2023-07-14,94.2659,3939800,94.4144,94.7020,93.6907,0.0001,0.0579,0.0297,0.0238,0.0057,66.4986,0.0140,-0.0009,0.0050,0.7789,-0.1268,0.5719,sell
2023-07-17,93.6351,5244500,93.5423,94.4514,92.8094,-0.0067,0.0182,0.0189,0.0150,-0.0005,62.8816,0.0143,0.0000,0.0048,0.6892,0.3312,0.7680,hold
2023-07-18,93.4774,5989000,93.4588,94.0896,92.6424,-0.0017,0.0067,0.0162,0.0117,-0.0015,60.0394,0.0143,0.0006,0.0044,0.6789,0.1420,0.9154,buy
2023-07-19,94.4700,5556200,93.3475,94.6092,93.3475,0.0106,0.0068,0.0342,0.0190,0.0100,64.4784,0.0142,0.0019,0.0045,0.8249,-0.0723,0.8489,sell
2023-07-20,93.5887,5466100,94.4236,95.0730,93.4217,-0.0093,-0.0071,0.0486,0.0048,0.0018,59.1665,0.0119,0.0022,0.0038,0.7022,-0.0162,0.8354,buy
2023-07-21,95.3885,20370300,94.4422,96.0657,94.2659,0.0192,0.0119,0.0705,0.0172,0.0217,63.8643,0.0124,0.0039,0.0044,0.9401,2.7267,2.8076,hold
2023-07-24,95.3514,4746600,95.4441,95.9358,94.9246,-0.0004,0.0183,0.0368,0.0132,0.0221,63.4345,0.0089,0.0051,0.0045,0.8823,-0.7670,0.7242,hold
2023-07-25,95.4812,5627500,95.0266,96.2698,94.9339,0.0014,0.0214,0.0283,0.0117,0.0240,67.2067,0.0086,0.0061,0.0044,0.8556,0.1856,0.8615,sell
2023-07-26,94.3773,6568300,94.8226,95.2493,93.9783,-0.0116,-0.0010,0.0058,-0.0006,0.0131,73.2549,0.0092,0.0060,0.0034,0.6877,0.1672,0.9939,sell
2023-07-27,93.4959,5373400,94.6556,95.0267,93.2733,-0.0093,-0.0010,-0.0081,-0.0091,0.0048,68.6367,0.0096,0.0051,0.0020,0.5569,-0.1819,0.8206,buy
2023-07-28,93.9319,5320700,94.1639,94.4700,93.5237,0.0047,-0.0153,-0.0035,-0.0041,0.0103,60.5159,0.0098,0.0046,0.0012,0.6017,-0.0098,0.8112,buy
2023-07-31,94.2288,6377400,93.9876,94.4700,93.5701,0.0032,-0.0118,0.0063,-0.0016,0.0143,57.8390,0.0096,0.0045,0.0009,0.6276,0.1986,0.9713,sell
2023-08-01,93.9412,7784300,94.1360,94.3587,93.1434,-0.0031,-0.0161,0.0050,-0.0051,0.0124,50.6896,0.0096,0.0041,0.0004,0.5748,0.2206,1.1463,buy
2023-08-02,94.7483,14463100,93.2361,96.9099,92.1136,0.0086,0.0039,0.0029,0.0031,0.0218,52.9088,0.0094,0.0043,0.0005,0.6692,0.8580,2.0099,hold
2023-08-03,94.9339,5547500,94.5999,95.4627,94.1175,0.0020,0.0154,0.0144,0.0037,0.0239,53.8710,0.0088,0.0047,0.0007,0.6891,-0.6164,0.7796,sell
2023-08-04,93.4031,5199200,95.5183,95.6946,93.2547,-0.0161,-0.0056,-0.0208,-0.0104,0.0073,48.7829,0.0079,0.0037,-0.0003,0.3057,-0.0628,0.7448,buy
2023-08-07,94.3865,5222700,94.0896,94.4978,93.6443,0.0105,0.0017,-0.0101,0.0010,0.0175,54.3906,0.0088,0.0036,-0.0003,0.5641,0.0045,0.7706,sell
2023-08-08,93.4217,4058400,93.9041,94.0896,92.6702,-0.0102,-0.0055,-0.0216,-0.0071,0.0066,44.9236,0.0092,0.0027,-0.0009,0.1989,-0.2229,0.6042,sell
2023-08-09,92.6981,4494300,93.7000,94.2381,92.2806,-0.0077,-0.0216,-0.0178,-0.0130,-0.0015,45.6205,0.0089,0.0014,-0.0019,0.0083,0.1074,0.6817,buy
2023-08-10,94.8152,6844200,93.7706,95.4774,93.6401,0.0228,-0.0012,0.0141,0.0081,0.0204,47.2664,0.0113,0.0021,-0.0009,0.7007,0.5229,1.0200,sell
2023-08-11,94.1903,3180600,94.5727,94.5727,93.3975,-0.0066,0.0084,0.0028,0.0012,0.0129,44.7573,0.0115,0.0021,-0.0007,0.4974,-0.5353,0.4767,hold
2023-08-14,94.2090,3239300,93.7147,94.4048,93.4535,0.0002,-0.0019,-0.0002,0.0014,0.0123,44.1969,0.0115,0.0021,-0.0006,0.4940,0.0185,0.4929,sell
2023-08-15,93.3043,3203700,93.3882,93.8732,93.0618,-0.0096,-0.0013,-0.0068,-0.0075,0.0024,45.0153,0.0119,0.0013,-0.0011,0.2002,-0.0110,0.4981,sell
2023-08-16,92.3157,3679500,92.9032,93.3509,92.2317,-0.0106,-0.0041,-0.0257,-0.0155,-0.0082,44.5709,0.0118,-0.0002,-0.0021,-0.0161,0.1485,0.5805,sell
2023-08-17,90.0679,5291100,92.3343,92.4276,89.9374,-0.0243,-0.0501,-0.0513,-0.0344,-0.0321,34.7651,0.0135,-0.0034,-0.0043,-0.2717,0.4380,0.8359,buy
2023-08-18,90.6835,4126000,89.5456,90.9260,89.3404,0.0068,-0.0372,-0.0291,-0.0250,-0.0254,36.3644,0.0133,-0.0052,-0.0049,-0.0391,-0.2202,0.7478,sell
2023-08-21,89.9653,3753200,90.7674,91.0006,89.6855,-0.0079,-0.0450,-0.0468,-0.0281,-0.0327,35.1986,0.0125,-0.0074,-0.0056,-0.0512,-0.0904,0.6864,sell
2023-08-22,89.6016,3639800,89.9933,90.2265,89.1632,-0.0040,-0.0397,-0.0409,-0.0280,-0.0364,30.1856,0.0124,-0.0093,-0.0060,-0.0163,-0.0302,0.6780,sell
2023-08-23,88.7715,9704500,89.9280,90.0586,87.6803,-0.0093,-0.0384,-0.0424,-0.0329,-0.0448,27.3972,0.0124,-0.0115,-0.0066,-0.0260,1.6662,1.7564,hold
2023-08-24,88.4451,7824500,88.3705,89.1912,87.4005,-0.0037,-0.0180,-0.0672,-0.0297,-0.0475,30.0522,0.0081,-0.0134,-0.0067,0.0206,-0.1937,1.3854,buy
2023-08-25,89.0513,5360400,89.1073,89.4990,88.1466,0.0069,-0.0180,-0.0546,-0.0175,-0.0401,27.8633,0.0092,-0.0140,-0.0059,0.1377,-0.3149,0.9488,buy
2023-08-28,90.5063,5098900,89.4804,90.6555,89.3778,0.0163,0.0060,-0.0393,0.0026,-0.0237,38.3762,0.0115,-0.0129,-0.0040,0.3168,-0.0488,0.9128,buy
2023-08-29,92.4742,5512300,90.8047,92.5488,90.7861,0.0217,0.0321,-0.0089,0.0253,-0.0020,49.1880,0.0138,-0.0101,-0.0011,0.5419,0.0811,1.0073,hold
2023-08-30,92.5582,4212200,92.3530,93.0058,92.3343,0.0009,0.0427,0.0026,0.0260,-0.0008,40.3968,0.0134,-0.0079,0.0008,0.5660,-0.2359,0.8493,sell
2023-08-31,90.8794,5624500,92.3343,92.6421,90.7301,-0.0181,0.0275,0.0090,0.0065,-0.0182,37.0722,0.0122,-0.0078,0.0010,0.3892,0.3353,1.1332,buy
2023-09-01,91.4016,4747100,91.7747,92.1012,90.5063,0.0057,0.0264,0.0079,0.0115,-0.0121,39.4534,0.0121,-0.0069,0.0014,0.4646,-0.1560,0.9608,sell
2023-09-05,90.3197,5414300,90.9540,91.2244,90.0866,-0.0118,-0.0021,0.0039,-0.0009,-0.0236,38.9350,0.0125,-0.0072,0.0010,0.3493,0.1405,1.0937,sell
2023-09-06,89.4897,5428400,89.9280,90.0493,88.9487,-0.0092,-0.0323,-0.0012,-0.0100,-0.0322,39.3982,0.0128,-0.0081,0.0001,0.2664,0.0026,1.0816,sell
2023-09-07,88.6969,6404100,89.0606,89.3684,88.6223,-0.0089,-0.0417,-0.0008,-0.0186,-0.0402,44.2262,0.0128,-0.0095,-0.0010,0.1977,0.1797,1.2522,hold
2023-09-08,88.8648,4754700,88.8368,89.3964,88.3705,0.0019,-0.0222,0.0047,-0.0172,-0.0378,42.0408,0.0127,-0.0102,-0.0014,0.2368,-0.2576,0.9491,buy
2023-09-11,89.2285,5577500,89.2099,89.7508,88.8088,0.0041,-0.0238,0.0020,-0.0134,-0.0334,46.6722,0.0126,-0.0103,-0.0012,0.3038,0.1730,1.0873,buy
2023-09-12,89.7601,5007600,89.0700,90.0120,88.7902,0.0060,-0.0062,-0.0082,-0.0067,-0.0272,50.7054,0.0115,-0.0098,-0.0006,0.4029,-0.1022,0.9596,buy
2023-09-13,90.4037,5830200,89.7228,90.7488,89.5736,0.0072,0.0102,-0.0224,0.0027,-0.0199,57.3840,0.0090,-0.0087,0.0004,0.5456,0.1643,1.0899,hold
2023-09-14,90.6182,6039700,90.2545,91.1965,89.7695,0.0024,0.0217,-0.0210,0.0072,-0.0174,59.9319,0.0090,-0.0075,0.0012,0.6141,0.0359,1.1046,sell
2023-09-15,89.7508,8767600,90.7021,90.9073,89.5829,-0.0096,0.0100,-0.0124,-0.0011,-0.0269,53.1223,0.0076,-0.0074,0.0011,0.4305,0.4517,1.5542,buy
2023-09-18,90.2451,4477500,89.8161,90.4410,89.6202,0.0055,0.0114,-0.0127,0.0057,-0.0218,48.7250,0.0076,-0.0067,0.0014,0.5420,-0.4893,0.7912,sell
2023-09-19,88.8741,6803000,88.7995,89.0420,87.9228,-0.0152,-0.0099,-0.0160,-0.0080,-0.0360,31.3347,0.0082,-0.0074,0.0007,0.2627,0.5194,1.1706,hold
2023-09-20,88.7529,4572100,89.0233,90.1146,88.6503,-0.0014,-0.0183,-0.0082,-0.0086,-0.0365,30.3469,0.0077,-0.0079,0.0001,0.2522,-0.3279,0.7805,sell
2023-09-21,86.8316,6108800,88.7529,88.9021,86.7663,-0.0216,-0.0418,-0.0210,-0.0280,-0.0559,29.6053,0.0100,-0.0102,-0.0016,-0.0488,0.3361,1.0758,buy
2023-09-22,87.3725,5118900,87.1393,87.9881,87.0834,0.0062,-0.0265,-0.0168,-0.0203,-0.0486,29.7373,0.0102,-0.0111,-0.0021,0.0822,-0.1620,0.9235,sell
2023-09-25,86.4958,4818800,86.6357,87.1767,86.0388,-0.0100,-0.0415,-0.0306,-0.0272,-0.0565,30.3640,0.0103,-0.0127,-0.0028,0.0112,-0.0586,0.8736,sell
2023-09-26,85.8056,6086600,85.8056,86.2626,85.0408,-0.0080,-0.0345,-0.0441,-0.0306,-0.0625,30.8067,0.0099,-0.0145,-0.0036,0.0027,0.2631,1.0937,sell
2023-09-27,85.0315,4731500,86.2347,86.4865,84.2947,-0.0090,-0.0419,-0.0594,-0.0335,-0.0692,30.8666,0.0091,-0.0165,-0.0044,-0.0224,-0.2226,0.8562,hold
2023-09-28,84.9476,4736300,85.0315,85.2367,84.1361,-0.0010,-0.0217,-0.0626,-0.0282,-0.0682,29.3714,0.0088,-0.0179,-0.0046,0.0224,0.0010,0.8530,hold
2023-09-29,85.1248,7700200,86.3746,86.7943,84.7237,0.0021,-0.0257,-0.0515,-0.0210,-0.0645,27.9560,0.0091,-0.0186,-0.0043,0.0986,0.6258,1.3614,hold
2023-10-02,84.9942,6430500,84.9196,85.5632,84.6771,-0.0015,-0.0174,-0.0582,-0.0165,-0.0638,23.2463,0.0084,-0.0190,-0.0038,0.1232,-0.1649,1.1202,sell
2023-10-03,83.4553,6666600,84.4066,84.9382,83.2035,-0.0181,-0.0274,-0.0610,-0.0282,-0.0783,14.5578,0.0088,-0.0210,-0.0044,0.0179,0.0367,1.1488,buy
2023-10-04,85.0129,6166100,83.8377,85.2740,83.7631,0.0187,-0.0002,-0.0421,-0.0058,-0.0589,24.8536,0.0118,-0.0202,-0.0031,0.2234,-0.0751,1.0559,buy
2023-10-05,86.1507,7548600,85.0035,86.7849,85.0035,0.0134,0.0142,-0.0078,0.0083,-0.0446,34.2321,0.0113,-0.0183,-0.0011,0.3634,0.2242,1.2800,buy
2023-10-06,86.5984,6979300,85.8056,87.0554,85.5072,0.0052,0.0173,-0.0089,0.0145,-0.0382,33.9622,0.0112,-0.0163,0.0006,0.4247,-0.0754,1.1616,hold
2023-10-09,86.4399,4120700,86.2253,86.5425,85.2740,-0.0018,0.0170,-0.0006,0.0127,-0.0383,38.0165,0.0107,-0.0148,0.0017,0.4211,-0.4096,0.6942,buy
2023-10-10,86.9062,4974800,86.7010,87.6430,86.6171,0.0054,0.0413,0.0128,0.0168,-0.0316,41.2078,0.0105,-0.0129,0.0028,0.4900,0.2073,0.8384,sell
2023-10-11,85.7590,4499200,87.0088,87.3259,85.6657,-0.0132,0.0088,0.0086,0.0026,-0.0426,44.4870,0.0110,-0.0126,0.0027,0.3728,-0.0956,0.7668,sell
2023-10-12,85.2647,5485200,85.6564,86.0388,84.6584,-0.0058,-0.0103,0.0037,-0.0036,-0.0461,39.1137,0.0112,-0.0126,0.0022,0.3264,0.2192,0.9393,hold
2023-10-13,85.3207,4780100,85.1341,85.8616,84.9196,0.0007,-0.0148,0.0023,-0.0031,-0.0434,43.3685,0.0112,-0.0123,0.0020,0.3523,-0.1285,0.8475,buy
2023-10-16,87.3445,4595900,85.9642,87.5404,85.6657,0.0237,0.0105,0.0277,0.0177,-0.0194,57.5481,0.0134,-0.0099,0.0033,0.7283,-0.0385,0.8140,buy
2023-10-17,87.8389,6086700,86.5051,87.8482,86.3932,0.0057,0.0107,0.0525,0.0183,-0.0124,64.1581,0.0112,-0.0075,0.0044,0.8559,0.3244,1.0849,sell
2023-10-18,87.4378,4110700,87.6150,88.1653,87.2046,-0.0046,0.0196,0.0285,0.0108,-0.0156,62.1696,0.0104,-0.0061,0.0047,0.8194,-0.3246,0.7357,buy
2023-10-19,88.0627,5610800,88.0161,89.2192,87.8295,0.0071,0.0328,0.0222,0.0157,-0.0075,63.7555,0.0099,-0.0042,0.0052,0.9159,0.3649,1.0087,hold
2023-10-20,87.8482,4699000,88.2492,88.6876,87.8015,-0.0024,0.0296,0.0144,0.0118,-0.0084,63.2582,0.0100,-0.0030,0.0052,0.8568,-0.1625,0.8480,hold
2023-10-23,87.8575,4481000,87.6057,88.6316,87.0088,0.0001,0.0059,0.0164,0.0103,-0.0068,73.8384,0.0099,-0.0019,0.0050,0.8289,-0.0464,0.8111,buy
2023-10-24,88.2492,3600200,87.9321,88.5850,87.7269,0.0045,0.0047,0.0155,0.0132,-0.0011,70.0578,0.0099,-0.0008,0.0049,0.8594,-0.1966,0.6667,sell
2023-10-25,87.6710,5497300,87.9694,88.9394,87.6430,-0.0066,0.0027,0.0223,0.0044,-0.0063,60.1242,0.0089,-0.0003,0.0043,0.7296,0.5269,1.0108,sell
2023-10-26,86.4305,6201700,87.4938,88.1186,86.3652,-0.0141,-0.0185,0.0137,-0.0112,-0.0191,48.9887,0.0101,-0.0012,0.0028,0.4891,0.1281,1.1252,sell
2023-10-27,85.8243,8293600,86.4025,87.4191,85.5911,-0.0070,-0.0230,0.0059,-0.0187,-0.0250,46.4817,0.0104,-0.0024,0.0013,0.3651,0.3373,1.4967,buy
2023-10-30,86.8782,7852700,86.8502,87.4005,86.4771,0.0123,-0.0111,-0.0053,-0.0061,-0.0122,49.8500,0.0080,-0.0023,0.0011,0.5523,-0.0532,1.3991,sell
2023-10-31,86.0295,9308300,86.8968,87.0367,85.8056,-0.0098,-0.0252,-0.0206,-0.0138,-0.0210,51.4964,0.0081,-0.0030,0.0003,0.3232,0.1854,1.6204,sell
2023-11-01,85.1994,14292500,85.6471,85.6751,84.4533,-0.0096,-0.0282,-0.0256,-0.0208,-0.0295,49.6518,0.0085,-0.0043,-0.0008,0.1099,0.5355,2.3236,buy
2023-11-02,93.2763,23396300,94.1903,95.0577,93.0245,0.0948,0.0792,0.0592,0.0657,0.0615,72.8687,0.0321,0.0021,0.0043,1.3782,0.6370,3.3696,buy
2023-11-03,95.7386,15995700,93.8452,96.7831,93.7333,0.0264,0.1155,0.0898,0.0841,0.0877,73.5356,0.0325,0.0087,0.0086,1.2854,-0.3163,2.1633,buy
2023-11-06,97.0256,7532000,95.9437,97.0816,95.1043,0.0134,0.1168,0.1044,0.0873,0.1003,74.6620,0.0324,0.0146,0.0117,1.1697,-0.5291,0.9957,hold
2023-11-07,96.6992,6239500,97.2122,97.3614,96.3728,-0.0034,0.1240,0.0958,0.0735,0.0951,74.9623,0.0326,0.0190,0.0128,1.0294,-0.1716,0.8180,hold
2023-11-08,97.2775,7453000,96.7552,97.7624,96.6712,0.0060,0.1418,0.1096,0.0685,0.1004,74.8992,0.0322,0.0226,0.0131,0.9797,0.1945,0.9585,sell
2023-11-09,95.8708,7607000,97.8120,97.9621,95.6832,-0.0145,0.0278,0.1092,0.0423,0.0837,70.3657,0.0322,0.0244,0.0118,0.8529,0.0207,0.9651,buy
2023-11-10,97.8401,7338500,96.2178,97.8589,95.6363,0.0205,0.0220,0.1400,0.0500,0.1042,73.0479,0.0317,0.0263,0.0112,0.9081,-0.0353,0.9162,hold
2023-11-13,97.0712,7120800,97.4557,97.7464,96.5554,-0.0079,0.0005,0.1173,0.0304,0.0941,70.0193,0.0324,0.0275,0.0099,0.8272,-0.0297,0.8752,buy
2023-11-14,99.0311,8323000,97.9808,99.2375,97.7557,0.0202,0.0241,0.1511,0.0369,0.1140,74.2580,0.0316,0.0290,0.0094,0.8782,0.1688,1.0091,hold
2023-11-15,99.4344,7980200,99.0874,99.9127,99.0874,0.0041,0.0222,0.1671,0.0259,0.1161,78.7975,0.0307,0.0305,0.0087,0.8534,-0.0412,0.9454,buy
2023-11-16,100.5410,8037200,99.6689,100.9630,99.5938,0.0111,0.0487,0.0779,0.0296,0.1255,81.8841,0.0133,0.0319,0.0083,0.8595,0.0071,0.9387,sell
2023-11-17,99.0030,6341800,100.5129,100.8130,98.9186,-0.0153,0.0119,0.0341,0.0104,0.1058,75.7290,0.0133,0.0322,0.0066,0.7620,-0.2109,0.7336,sell
2023-11-20,97.8120,9799500,98.6654,98.9092,97.3994,-0.0120,0.0076,0.0081,-0.0025,0.0904,74.6447,0.0136,0.0311,0.0041,0.6882,0.5452,1.0998,sell
2023-11-21,97.2400,6149000,97.9527,98.1684,96.7523,-0.0058,-0.0181,0.0056,-0.0089,0.0822,75.4591,0.0137,0.0293,0.0017,0.6446,-0.3725,0.6804,hold
2023-11-22,97.0055,4828700,97.6807,98.1684,96.8555,-0.0024,-0.0244,-0.0028,-0.0110,0.0780,61.7979,0.0136,0.0272,-0.0003,0.6163,-0.2147,0.5363,sell
2023-11-24,96.3866,3206400,97.0055,97.1556,96.0959,-0.0064,-0.0413,0.0054,-0.0178,0.0698,52.3208,0.0129,0.0249,-0.0022,0.5677,-0.3360,0.3621,sell
2023-11-27,95.9927,7853600,95.9271,96.6773,95.7207,-0.0041,-0.0304,-0.0189,-0.0200,0.0639,46.0478,0.0108,0.0225,-0.0038,0.5242,1.4494,0.8891,sell
2023-11-28,94.8861,6848100,95.6176,95.7020,94.6141,-0.0115,-0.0299,-0.0225,-0.0291,0.0506,43.4535,0.0111,0.0195,-0.0057,0.4307,-0.1280,0.7797,sell
2023-11-29,93.6388,8428500,95.1956,95.3644,93.3387,-0.0131,-0.0370,-0.0545,-0.0366,0.0357,37.4677,0.0083,0.0159,-0.0077,0.2874,0.2308,0.9645,sell
2023-11-30,93.1230,11442600,93.8358,93.8920,92.2978,-0.0055,-0.0400,-0.0635,-0.0356,0.0290,39.9174,0.0075,0.0124,-0.0091,0.0467,0.3576,1.3311,hold
2023-12-01,93.0293,12506500,92.3728,93.1043,91.4538,-0.0010,-0.0348,-0.0747,-0.0290,0.0265,29.5292,0.0049,0.0093,-0.0098,0.0419,0.0930,1.5533,sell
2023-12-04,91.5288,11477400,92.2696,92.7292,90.7504,-0.0161,-0.0465,-0.0755,-0.0372,0.0090,27.7986,0.0051,0.0056,-0.0110,-0.0367,-0.0823,1.4666,sell
2023-12-05,89.5969,16027300,91.3225,91.4162,88.9498,-0.0211,-0.0557,-0.0840,-0.0493,-0.0129,12.1236,0.0065,0.0008,-0.0129,-0.0876,0.3964,1.9426,buy
2023-12-06,90.9849,12115000,89.9814,91.1255,89.5313,0.0155,-0.0283,-0.0643,-0.0281,0.0012,18.5625,0.0101,-0.0018,-0.0122,0.0951,-0.2441,1.4179,sell
2023-12-07,90.4410,7858300,91.2006,91.6226,90.2815,-0.0060,-0.0288,-0.0677,-0.0271,-0.0060,10.7793,0.0100,-0.0043,-0.0118,0.1060,-0.3514,0.9175,hold
2023-12-08,90.6004,7125200,90.1034,90.8348,89.8501,0.0018,-0.0261,-0.0600,-0.0193,-0.0054,13.4585,0.0103,-0.0060,-0.0108,0.1579,-0.0933,0.8343,buy
2023-12-11,92.0165,7639100,91.1724,92.8511,91.1724,0.0156,0.0053,-0.0414,0.0003,0.0086,25.2801,0.0124,-0.0060,-0.0086,0.2843,0.0721,0.8929,hold
2023-12-12,92.0446,6313800,92.3165,92.4666,91.3694,0.0003,0.0273,-0.0299,0.0038,0.0073,26.7617,0.0122,-0.0059,-0.0068,0.3060,-0.1735,0.7415,hold
2023-12-13,92.0071,7741900,92.3728,92.5041,90.7973,-0.0004,0.0112,-0.0174,0.0051,0.0050,27.2416,0.0117,-0.0059,-0.0054,0.3233,0.2262,0.9123,hold
2023-12-14,91.7539,9764800,92.5791,92.6448,91.1068,-0.0028,0.0145,-0.0147,0.0039,0.0008,28.1801,0.0116,-0.0060,-0.0044,0.3238,0.2613,1.1387,sell
2023-12-15,90.7317,12466000,91.7539,92.1290,90.5535,-0.0111,0.0014,-0.0247,-0.0048,-0.0113,26.6055,0.0120,-0.0069,-0.0043,0.2565,0.2766,1.4171,hold
2023-12-18,90.5535,6146400,91.1912,91.2662,89.9533,-0.0020,-0.0159,-0.0107,-0.0057,-0.0141,29.0000,0.0110,-0.0077,-0.0041,0.2569,-0.5069,0.6995,buy
2023-12-19,91.6413,5992900,90.9099,91.9508,90.9099,0.0120,-0.0044,0.0228,0.0040,-0.0034,40.1663,0.0091,-0.0072,-0.0029,0.3809,-0.0250,0.6971,sell
2023-12-20,88.8186,10057400,90.3659,90.8536,88.7623,-0.0308,-0.0347,-0.0238,-0.0246,-0.0345,32.7314,0.0127,-0.0096,-0.0041,0.1099,0.6782,1.1439,buy
2023-12-21,89.4000,7097200,89.1655,89.5032,88.5935,0.0065,-0.0257,-0.0115,-0.0171,-0.0290,35.9884,0.0129,-0.0105,-0.0040,0.1896,-0.2943,0.7970,hold
2023-12-22,89.3531,6361000,88.9873,89.8689,88.4716,-0.0005,-0.0152,-0.0138,-0.0163,-0.0303,40.5383,0.0129,-0.0112,-0.0038,0.1962,-0.1037,0.7019,buy
2023-12-26,89.7188,3709500,89.4094,89.7376,89.0530,0.0041,-0.0092,-0.0250,-0.0098,-0.0273,50.6138,0.0117,-0.0113,-0.0031,0.2517,-0.4168,0.4189,sell
2023-12-27,89.3625,4959300,89.7376,89.8220,88.8936,-0.0040,-0.0249,-0.0291,-0.0108,-0.0316,40.8851,0.0116,-0.0116,-0.0027,0.2037,0.3369,0.5660,buy
2023-12-28,89.9627,4518300,89.5594,90.0002,89.1937,0.0067,0.0129,-0.0222,-0.0019,-0.0255,47.3298,0.0120,-0.0111,-0.0018,0.3285,-0.0889,0.5275,hold
2023-12-29,90.0377,6135700,89.9158,90.3565,89.4187,0.0008,0.0071,-0.0187,0.0009,-0.0253,46.8287,0.0121,-0.0105,-0.0010,0.3616,0.3580,0.7392,sell
2024-01-02,87.8432,8859700,89.5125,89.9814,87.7964,-0.0244,-0.0169,-0.0318,-0.0204,-0.0490,28.3770,0.0138,-0.0122,-0.0020,-0.0434,0.4440,1.0913,sell
2024-01-03,87.4306,7161700,88.1152,88.3778,87.2712,-0.0047,-0.0255,-0.0345,-0.0216,-0.0533,27.0094,0.0138,-0.0136,-0.0027,-0.0237,-0.1917,0.9063,hold
2024-01-04,87.7307,7118600,87.3087,88.6967,87.2149,0.0034,-0.0183,-0.0427,-0.0139,-0.0501,29.2351,0.0130,-0.0142,-0.0026,0.0838,-0.0060,0.9546,sell
2024-01-05,87.2056,7191000,87.5244,87.7589,86.7273,-0.0060,-0.0306,-0.0182,-0.0180,-0.0555,28.4828,0.0091,-0.0151,-0.0028,0.0629,0.0102,0.9972,buy
2024-01-08,88.3309,7536900,87.2337,88.6873,87.1680,0.0129,-0.0190,-0.0120,-0.0041,-0.0435,38.7522,0.0100,-0.0144,-0.0018,0.2654,0.0481,1.0475,sell
2024-01-09,87.2993,6348500,87.7870,87.8995,87.0836,-0.0117,-0.0062,-0.0230,-0.0135,-0.0548,35.8829,0.0105,-0.0149,-0.0017,0.1482,-0.1577,0.8872,buy
2024-01-10,87.6838,5847700,87.2243,87.8620,87.1024,0.0044,0.0029,-0.0227,-0.0069,-0.0511,31.7158,0.0105,-0.0146,-0.0011,0.2312,-0.0789,0.8275,sell
2024-01-11,87.1587,6483600,87.5244,87.8151,86.1834,-0.0060,-0.0065,-0.0247,-0.0103,-0.0568,40.2640,0.0106,-0.0148,-0.0010,0.1796,0.1087,0.9164,sell
2024-01-12,86.2584,5641200,87.4306,87.5901,86.0614,-0.0103,-0.0109,-0.0412,-0.0164,-0.0666,32.2377,0.0103,-0.0157,-0.0014,0.0797,-0.1299,0.8094,buy
2024-01-16,86.9336,7493400,86.8961,86.9617,86.0239,0.0078,-0.0158,-0.0345,-0.0052,-0.0596,37.2278,0.0109,-0.0154,-0.0010,0.2079,0.3283,1.0929,sell
2024-01-17,86.0614,6672900,85.9583,86.2396,85.7145,-0.0100,-0.0142,-0.0203,-0.0132,-0.0676,31.6729,0.0085,-0.0160,-0.0011,0.1075,-0.1095,1.0162,buy
2024-01-18,87.5338,7549500,86.2396,87.6182,86.1083,0.0171,-0.0017,0.0012,0.0036,-0.0500,41.7582,0.0104,-0.0145,0.0000,0.3692,0.1314,1.1375,buy
2024-01-19,88.0214,9565900,87.3837,88.3778,86.8773,0.0056,0.0099,0.0033,0.0089,-0.0428,41.1613,0.0105,-0.0129,0.0012,0.4822,0.2671,1.4036,sell
2024-01-22,87.2806,9421000,87.9652,88.0777,87.0367,-0.0084,0.0119,0.0009,0.0003,-0.0489,38.1642,0.0107,-0.0124,0.0015,0.3448,-0.0151,1.3888,sell
2024-01-23,86.2490,10227100,87.2431,87.8245,86.0614,-0.0118,-0.0079,-0.0236,-0.0092,-0.0579,42.3971,0.0102,-0.0128,0.0010,0.1686,0.0856,1.4736,hold
2024-01-24,86.3146,7661400,86.7929,87.0649,86.2678,0.0008,0.0029,-0.0113,-0.0073,-0.0552,44.4958,0.0097,-0.0128,0.0008,0.2119,-0.2509,1.0937,buy
2024-01-25,86.8492,11991500,86.4835,86.8867,86.0146,0.0062,-0.0078,-0.0095,-0.0002,-0.0471,45.7504,0.0098,-0.0121,0.0011,0.3402,0.5652,1.6163,hold
2024-01-26,87.0274,9229400,87.1399,87.6744,86.6616,0.0021,-0.0113,-0.0015,0.0020,-0.0430,49.1113,0.0097,-0.0113,0.0015,0.3981,-0.2303,1.2092,buy
2024-01-29,87.9652,12728100,87.2337,88.0871,86.5022,0.0108,0.0078,0.0198,0.0108,-0.0303,48.1411,0.0095,-0.0096,0.0025,0.6685,0.3791,1.5825,buy
2024-01-30,88.2277,17625200,87.2149,88.7904,86.8304,0.0030,0.0229,0.0149,0.0123,-0.0250,55.1189,0.0093,-0.0080,0.0033,0.8537,0.3847,2.0452,sell
2024-01-31,87.2431,26751800,92.1665,92.2415,87.2337,-0.0112,0.0108,0.0137,-0.0003,-0.0331,47.7207,0.0095,-0.0076,0.0030,0.5011,0.5178,2.8123,buy
2024-02-01,87.5619,15001500,87.3087,87.7776,86.1552,0.0037,0.0082,0.0003,0.0033,-0.0271,52.1308,0.0078,-0.0069,0.0030,0.6183,-0.4392,1.5146,sell
2024-02-02,87.2056,11366600,86.9242,87.7870,85.9677,-0.0041,0.0020,-0.0093,0.0002,-0.0287,55.3102,0.0076,-0.0066,0.0026,0.4943,-0.2423,1.1235,sell
2024-02-05,86.7554,7335800,87.0086,87.0930,86.1834,-0.0052,-0.0138,-0.0060,-0.0044,-0.0315,48.9752,0.0073,-0.0067,0.0021,0.3334,-0.3546,0.7246,buy
2024-02-06,89.7188,11531500,86.7460,89.7470,86.6054,0.0342,0.0169,0.0402,0.0255,0.0032,66.9566,0.0123,-0.0038,0.0037,1.2309,0.5719,1.1170,sell
2024-02-07,89.3812,9078000,90.2534,90.6473,88.5560,-0.0038,0.0245,0.0355,0.0181,0.0010,59.5725,0.0125,-0.0020,0.0044,1.0219,-0.2128,0.8679,buy
2024-02-08,91.1266,9888100,89.7209,91.2209,88.6171,0.0195,0.0407,0.0493,0.0329,0.0217,64.2340,0.0135,0.0010,0.0058,1.2010,0.0892,0.9274,buy
2024-02-09,91.7964,9385600,90.8719,92.4474,90.8436,0.0074,0.0526,0.0548,0.0349,0.0299,70.8363,0.0134,0.0038,0.0069,1.1332,-0.0508,0.8685,sell
2024-02-12,90.0699,9224400,91.4379,91.6455,89.9850,-0.0188,0.0382,0.0239,0.0131,0.0113,66.5675,0.0153,0.0046,0.0062,0.8238,-0.0172,0.8396,sell
2024-02-13,88.5604,8138500,89.4850,90.1548,88.1076,-0.0168,-0.0129,0.0038,-0.0043,-0.0046,58.6541,0.0164,0.0039,0.0044,0.5796,-0.1177,0.7386,hold
2024-02-14,88.7491,5510600,88.7586,89.1265,88.4567,0.0021,-0.0071,0.0173,-0.0039,-0.0015,57.5218,0.0159,0.0033,0.0031,0.5917,-0.3229,0.5028,sell
2024-02-15,87.9472,8878000,88.7114,88.9095,87.7397,-0.0090,-0.0349,0.0044,-0.0133,-0.0097,53.4703,0.0163,0.0022,0.0015,0.4586,0.6111,0.8051,hold
2024-02-16,87.9472,5737500,87.8340,88.8529,87.5038,0.0000,-0.0419,0.0085,-0.0141,-0.0094,49.9271,0.0162,0.0012,0.0005,0.4592,-0.3537,0.5295,hold
2024-02-20,88.1736,8844500,88.0793,88.7963,87.8057,0.0026,-0.0211,0.0163,-0.0131,-0.0062,49.7796,0.0160,0.0007,-0.0001,0.4886,0.5415,0.8184,buy
2024-02-21,89.6454,8284600,88.5510,90.3530,88.4661,0.0167,0.0123,-0.0008,0.0034,0.0106,59.4088,0.0127,0.0015,0.0006,0.7081,-0.0633,0.7736,buy
2024-02-22,90.3624,8124700,89.5228,90.6455,88.8152,0.0080,0.0182,0.0110,0.0103,0.0187,60.6366,0.0129,0.0028,0.0015,0.8001,-0.0193,0.7570,hold
2024-02-23,90.2115,6845200,90.4568,91.4474,90.1737,-0.0017,0.0257,-0.0100,0.0097,0.0174,61.5976,0.0111,0.0037,0.0019,0.7489,-0.1575,0.6534,sell
2024-02-26,88.9473,7043800,89.9662,90.1643,88.9189,-0.0140,0.0114,-0.0310,-0.0013,0.0039,57.9569,0.0114,0.0032,0.0012,0.5123,0.0290,0.6795,hold
2024-02-27,88.8057,5356100,88.9850,89.3058,88.3057,-0.0016,0.0072,-0.0140,-0.0015,0.0030,45.8310,0.0100,0.0027,0.0005,0.4786,-0.2396,0.5357,sell
2024-02-28,87.7397,5622400,88.4661,88.6548,87.5227,-0.0120,-0.0213,-0.0093,-0.0125,-0.0081,42.9725,0.0093,0.0013,-0.0008,0.2894,0.0497,0.5983,buy
2024-02-29,89.5322,11221100,89.1548,89.7209,88.6642,0.0204,-0.0092,0.0088,0.0068,0.0124,43.2020,0.0115,0.0017,-0.0002,0.5983,0.9958,1.3016,sell
2024-03-01,87.8906,7995400,89.1076,89.2209,87.6548,-0.0183,-0.0257,-0.0006,-0.0116,-0.0056,34.6212,0.0127,0.0006,-0.0011,0.2823,-0.2875,0.9667,sell
2024-03-04,87.2302,7321000,87.7962,88.0415,86.8339,-0.0075,-0.0193,-0.0082,-0.0183,-0.0120,37.7940,0.0129,-0.0009,-0.0021,0.1552,-0.0843,0.9074,sell
2024-03-05,86.0603,7137300,86.8906,86.9566,85.9188,-0.0134,-0.0309,-0.0240,-0.0291,-0.0247,38.9307,0.0134,-0.0032,-0.0035,-0.0332,-0.0251,0.8857,buy
2024-03-06,86.4660,4826900,86.1830,86.8245,85.9660,0.0047,-0.0145,-0.0355,-0.0210,-0.0194,40.0820,0.0120,-0.0045,-0.0039,0.0988,-0.3237,0.6250,sell
2024-03-07,85.8056,8792400,86.4377,86.5698,85.2018,-0.0076,-0.0416,-0.0504,-0.0235,-0.0261,40.5809,0.0113,-0.0062,-0.0044,0.0590,0.8215,1.1406,hold
2024-03-08,85.9094,7673300,85.4943,86.3528,85.4754,0.0012,-0.0225,-0.0477,-0.0175,-0.0241,41.1185,0.0115,-0.0073,-0.0044,0.1157,-0.1273,1.0099,buy
2024-03-11,86.8623,6702300,86.0981,87.7019,86.0132,0.0111,-0.0042,-0.0234,-0.0042,-0.0127,44.6250,0.0120,-0.0071,-0.0034,0.2763,-0.1265,0.8980,hold
2024-03-12,87.1736,9444900,86.7962,87.4755,86.0509,0.0036,0.0129,-0.0184,0.0012,-0.0086,38.8035,0.0121,-0.0066,-0.0024,0.3496,0.4092,1.2635,sell
2024-03-13,86.4283,8254500,87.2585,87.6170,85.7301,-0.0085,-0.0004,-0.0149,-0.0058,-0.0162,32.2250,0.0118,-0.0070,-0.0021,0.2404,-0.1260,1.1034,hold
2024-03-14,86.4754,8544800,85.9471,86.5226,85.2962,0.0005,0.0078,-0.0341,-0.0018,-0.0154,32.9604,0.0091,-0.0070,-0.0018,0.2719,0.0352,1.1195,sell
2024-03-15,85.0226,18136300,86.4188,86.8151,85.0037,-0.0168,-0.0103,-0.0326,-0.0153,-0.0314,32.4027,0.0088,-0.0085,-0.0025,0.0805,1.1225,2.2403,buy
2024-03-18,85.8622,7413900,85.6169,86.2585,85.4094,0.0099,-0.0115,-0.0157,-0.0040,-0.0214,37.5797,0.0096,-0.0086,-0.0021,0.2400,-0.5912,0.9064,buy
2024-03-19,86.4094,5676500,85.8528,86.7019,85.7207,0.0064,-0.0088,0.0041,0.0019,-0.0150,44.1299,0.0089,-0.0081,-0.0013,0.3402,-0.2343,0.7077,buy
2024-03-20,87.3623,5804400,86.5981,87.3906,86.3434,0.0110,0.0108,0.0104,0.0119,-0.0039,39.6583,0.0094,-0.0067,0.0000,0.5056,0.0225,0.7350,sell
2024-03-21,86.4754,6287300,87.3906,87.9000,86.4566,-0.0102,0.0000,0.0078,0.0009,-0.0138,42.7325,0.0097,-0.0064,0.0003,0.3792,0.0832,0.8055,sell
2024-03-22,85.5792,6495000,86.5509,86.5887,84.9659,-0.0104,0.0065,-0.0038,-0.0091,-0.0236,41.7219,0.0103,-0.0070,-0.0002,0.2230,0.0330,0.8340,hold
2024-03-25,85.5415,6903000,85.5226,85.9660,85.3528,-0.0004,-0.0037,-0.0152,-0.0080,-0.0237,47.0651,0.0095,-0.0074,-0.0005,0.2362,0.0628,0.8872,sell
2024-03-26,85.2490,6216100,85.8339,85.8528,85.1263,-0.0034,-0.0134,-0.0221,-0.0092,-0.0268,43.0270,0.0094,-0.0079,-0.0007,0.1929,-0.0995,0.7945,buy
2024-03-27,86.3245,5863700,85.5226,86.6358,85.4754,0.0126,-0.0119,-0.0012,0.0034,-0.0144,52.8380,0.0101,-0.0071,-0.0000,0.4614,-0.0567,0.7483,hold
2024-03-28,86.2207,6784300,86.5981,87.0226,86.1358,-0.0012,-0.0029,-0.0029,0.0025,-0.0156,51.7027,0.0101,-0.0065,0.0004,0.4670,0.1570,0.8911,hold
2024-04-01,86.3528,4990200,86.6264,86.8623,85.8717,0.0015,0.0090,0.0156,0.0025,-0.0138,46.9387,0.0083,-0.0059,0.0008,0.5444,-0.2644,0.6686,sell
2024-04-02,84.2489,8276800,85.9566,86.0792,84.1829,-0.0244,-0.0151,-0.0188,-0.0201,-0.0370,35.5411,0.0111,-0.0075,-0.0004,-0.1302,0.6586,1.1019,sell
2024-04-03,83.6829,6316400,84.5320,84.7584,83.6357,-0.0067,-0.0184,-0.0316,-0.0236,-0.0427,36.1823,0.0108,-0.0091,-0.0016,-0.1304,-0.2369,0.8456,sell
2024-04-04,82.6640,8057600,84.0886,84.2867,82.6545,-0.0122,-0.0424,-0.0538,-0.0302,-0.0536,32.5260,0.0099,-0.0113,-0.0030,-0.1710,0.2757,1.0558,sell
2024-04-05,81.9375,7161400,82.9281,82.9564,81.9186,-0.0088,-0.0497,-0.0525,-0.0335,-0.0609,34.8471,0.0098,-0.0137,-0.0042,-0.1317,-0.1112,0.9485,buy
2024-04-08,82.2583,6322900,82.0507,82.4187,81.4752,0.0039,-0.0474,-0.0388,-0.0259,-0.0563,31.3477,0.0100,-0.0149,-0.0044,0.0149,-0.1171,0.8450,hold
2024-04-09,82.2017,6240700,82.2583,82.6451,81.4281,-0.0007,-0.0243,-0.0390,-0.0227,-0.0559,27.0578,0.0100,-0.0158,-0.0043,0.0713,-0.0130,0.8366,sell
2024-04-10,81.0884,7413900,81.4375,81.9564,80.7582,-0.0135,-0.0310,-0.0488,-0.0312,-0.0672,16.3803,0.0104,-0.0177,-0.0048,0.0000,0.1880,1.0076,hold
2024-04-11,81.0413,6841600,81.1356,81.4281,80.4375,-0.0006,-0.0196,-0.0612,-0.0256,-0.0662,18.0002,0.0087,-0.0188,-0.0047,0.0628,-0.0772,0.9388,sell
2024-04-12,80.1167,8594800,80.5884,80.6733,79.5223,-0.0114,-0.0222,-0.0708,-0.0296,-0.0753,17.9404,0.0086,-0.0206,-0.0051,0.0299,0.2563,1.1790,buy
2024-04-15,80.3525,9676900,80.5695,81.4847,80.1167,0.0029,-0.0232,-0.0695,-0.0196,-0.0711,20.2383,0.0088,-0.0213,-0.0047,0.1107,0.1259,1.4092,buy
2024-04-16,80.5884,8866800,80.0223,81.3149,79.6450,0.0029,-0.0196,-0.0434,-0.0123,-0.0669,23.0939,0.0069,-0.0214,-0.0038,0.1743,-0.0837,1.2777,buy
2024-04-17,81.3337,6870100,81.1356,81.5318,80.5129,0.0092,0.0030,-0.0281,-0.0003,-0.0571,20.0453,0.0080,-0.0203,-0.0023,0.2739,-0.2252,0.9816,buy
2024-04-18,82.2206,11403300,81.5507,82.6734,81.1828,0.0109,0.0146,-0.0054,0.0111,-0.0452,28.0539,0.0083,-0.0184,-0.0004,0.3840,0.6598,1.5666,buy
2024-04-19,82.6545,11900000,82.2205,83.0979,82.1922,0.0053,0.0317,0.0088,0.0156,-0.0386,30.3607,0.0080,-0.0163,0.0013,0.4500,0.0436,1.5741,buy
2024-04-22,83.1923,8669000,83.0979,83.5980,82.3998,0.0065,0.0353,0.0114,0.0210,-0.0306,43.2692,0.0081,-0.0139,0.0028,0.5277,-0.2715,1.1305,sell
2024-04-23,82.8998,5670500,83.7489,83.7867,82.3809,-0.0035,0.0287,0.0085,0.0166,-0.0320,44.8320,0.0082,-0.0123,0.0036,0.5087,-0.3459,0.7454,buy
2024-04-24,83.7301,7183900,82.1356,83.9093,82.0319,0.0100,0.0295,0.0326,0.0234,-0.0208,57.2158,0.0069,-0.0100,0.0046,0.6282,0.2669,0.9384,sell
2024-04-25,82.8715,7284600,84.4848,84.6546,82.7206,-0.0103,0.0079,0.0226,0.0107,-0.0296,56.2108,0.0081,-0.0090,0.0045,0.5423,0.0140,0.9428,buy
2024-04-26,83.2583,7185300,82.4564,84.2018,82.4281,0.0047,0.0073,0.0392,0.0115,-0.0238,56.5920,0.0065,-0.0077,0.0046,0.6383,-0.0136,0.9276,hold
2024-04-29,83.3338,8522800,83.2489,83.5980,82.8904,0.0009,0.0017,0.0371,0.0088,-0.0218,57.4442,0.0066,-0.0065,0.0046,0.7198,0.1861,1.0757,hold
2024-04-30,83.4847,14538400,82.6545,83.9565,82.2488,0.0018,0.0071,0.0359,0.0071,-0.0190,68.0397,0.0066,-0.0054,0.0046,0.7720,0.7058,1.7652,sell
2024-05-01,70.2295,66610700,71.5314,72.6352,68.5596,-0.1588,-0.1612,-0.1365,-0.1413,-0.1713,22.7661,0.0515,-0.0203,-0.0068,-0.4836,3.5817,5.9206,hold
2024-05-02,70.6918,23883400,70.6635,70.8993,69.2011,0.0066,-0.1470,-0.1402,-0.1233,-0.1621,25.6935,0.0513,-0.0303,-0.0134,-0.1845,-0.6414,1.9833,sell
2024-05-03,68.9747,22153800,71.0125,71.2390,68.8615,-0.0243,-0.1716,-0.1655,-0.1298,-0.1783,22.7396,0.0509,-0.0408,-0.0188,-0.1165,-0.0724,1.7319,hold
2024-05-06,68.7766,18632200,69.1634,69.9936,68.5879,-0.0029,-0.1747,-0.1733,-0.1163,-0.1764,21.6485,0.0506,-0.0483,-0.0210,-0.0181,-0.1590,1.3897,hold
2024-05-07,68.3992,21901300,68.7294,68.7294,67.7388,-0.0055,-0.1807,-0.1749,-0.1044,-0.1769,18.3956,0.0505,-0.0543,-0.0215,0.0428,0.1755,1.5434,hold
2024-05-08,69.3426,24482600,68.2011,70.2578,68.1633,0.0138,-0.0126,-0.1718,-0.0746,-0.1616,18.6207,0.0507,-0.0563,-0.0191,0.1319,0.1179,1.6274,buy
2024-05-09,71.3993,18591500,69.4087,71.4748,68.9370,0.0297,0.0100,-0.1384,-0.0324,-0.1333,24.5846,0.0529,-0.0538,-0.0142,0.2419,-0.2406,1.1894,hold
2024-05-10,71.8050,15761900,71.0502,71.9937,70.8144,0.0057,0.0410,-0.1376,-0.0115,-0.1246,24.1320,0.0529,-0.0518,-0.0099,0.2788,-0.1522,0.9858,hold
2024-05-13,71.8710,10953600,71.9088,72.4937,71.5125,0.0009,0.0450,-0.1376,0.0052,-0.1204,24.6860,0.0529,-0.0497,-0.0063,0.3004,-0.3051,0.6823,hold
2024-05-14,71.3521,10961100,71.9182,72.3899,71.2484,-0.0072,0.0432,-0.1453,0.0152,-0.1233,21.1775,0.0527,-0.0485,-0.0038,0.3001,0.0007,0.6784,hold
2024-05-15,71.4182,8826500,71.6069,71.7295,71.0597,0.0009,0.0299,0.0169,0.0144,-0.1194,22.3083,0.0141,-0.0466,-0.0016,0.3215,-0.1947,0.5430,hold
2024-05-16,71.5608,10758500,71.4752,71.8174,70.7813,0.0020,0.0023,0.0123,0.0152,-0.1144,21.3799,0.0140,-0.0444,0.0005,0.3451,0.2189,0.6631,buy
2024-05-17,74.0038,14436500,71.5513,74.1464,71.2186,0.0341,0.0306,0.0729,0.0424,-0.0814,29.5426,0.0143,-0.0382,0.0041,0.4549,0.3419,0.8829,hold
2024-05-20,73.7091,11183800,73.8422,74.4506,72.9201,-0.0040,0.0256,0.0717,0.0311,-0.0823,28.6998,0.0144,-0.0345,0.0064,0.4603,-0.2253,0.6788,hold
2024-05-21,73.8802,8916600,73.7281,74.3555,73.6711,0.0023,0.0354,0.0801,0.0256,-0.0772,68.5074,0.0139,-0.0308,0.0080,0.4856,-0.2027,0.5359,buy
2024-05-22,76.7320,22072200,73.8612,77.0172,73.6141,0.0386,0.0744,0.1066,0.0544,-0.0391,74.6491,0.0169,-0.0237,0.0110,0.6381,1.4754,1.2698,sell
2024-05-23,74.4411,15841300,76.1427,76.7130,73.8042,-0.0299,0.0402,0.0426,0.0187,-0.0650,71.3092,0.0196,-0.0217,0.0112,0.5529,-0.2823,0.8894,buy
2024-05-24,74.9734,10746200,74.6217,75.3061,74.2510,0.0072,0.0131,0.0441,0.0215,-0.0555,73.5432,0.0196,-0.0187,0.0112,0.6167,-0.3216,0.5974,sell
2024-05-28,73.6521,8833300,74.8974,74.9069,73.5856,-0.0176,-0.0008,0.0248,0.0011,-0.0695,68.6213,0.0209,-0.0179,0.0100,0.5816,-0.1780,0.4906,sell
2024-05-29,73.0817,9268100,73.2909,74.4506,73.0342,-0.0077,-0.0108,0.0242,-0.0090,-0.0737,63.6150,0.0209,-0.0176,0.0084,0.6179,0.0492,0.5224,buy
2024-05-30,74.8689,9294200,73.2909,74.9829,73.2529,0.0245,-0.0243,0.0483,0.0105,-0.0483,62.8865,0.0220,-0.0147,0.0085,0.7840,0.0028,0.6248,buy
2024-05-31,76.2567,12669700,75.1730,76.3613,74.7263,0.0185,0.0244,0.0656,0.0228,-0.0279,65.4102,0.0224,-0.0110,0.0095,0.8820,0.3632,0.8851,buy
2024-06-03,78.0248,12443400,75.7434,78.0629,75.6864,0.0232,0.0407,0.0543,0.0409,-0.0032,69.0565,0.0211,-0.0061,0.0111,0.9883,-0.0179,0.8998,buy
2024-06-04,78.6998,12370000,77.9203,79.3081,77.8537,0.0087,0.0685,0.0677,0.0429,0.0072,72.5356,0.0208,-0.0017,0.0123,0.9865,-0.0059,0.9152,sell
2024-06-05,77.1503,11275300,78.3860,78.4241,76.9602,-0.0197,0.0557,0.0443,0.0180,-0.0105,66.1144,0.0225,0.0001,0.0115,0.8209,-0.0885,0.8684,hold
2024-06-06,77.4450,9237800,77.1408,78.8328,76.9221,0.0038,0.0344,0.0093,0.0209,-0.0048,66.4017,0.0190,0.0019,0.0106,0.8261,-0.1807,0.7558,hold
2024-06-07,77.4069,10852600,77.5876,78.5477,76.6275,-0.0005,0.0151,0.0398,0.0164,-0.0030,60.9547,0.0157,0.0032,0.0095,0.7918,0.1748,0.9170,hold
2024-06-10,77.5686,8698600,77.4640,77.8062,76.8461,0.0021,-0.0058,0.0346,0.0151,0.0013,62.5308,0.0157,0.0044,0.0086,0.7797,-0.1985,0.7576,sell
2024-06-11,75.9430,9024300,76.9221,76.9697,75.8099,-0.0210,-0.0350,0.0311,-0.0092,-0.0170,56.1196,0.0162,0.0036,0.0063,0.5915,0.0374,0.7926,sell
2024-06-12,75.4582,8873400,76.0381,76.2187,75.2681,-0.0064,-0.0219,0.0325,-0.0185,-0.0210,45.6037,0.0161,0.0024,0.0041,0.5172,-0.0167,0.7866,buy
2024-06-13,76.2757,13947300,75.5723,76.9031,75.2681,0.0108,-0.0151,0.0188,-0.0097,-0.0085,57.0489,0.0146,0.0023,0.0032,0.5947,0.5718,1.2089,sell
2024-06-14,75.7149,7192400,76.0476,76.4278,75.2016,-0.0074,-0.0219,-0.0071,-0.0163,-0.0140,52.8425,0.0136,0.0016,0.0020,0.4925,-0.4843,0.6332,buy
2024-06-17,77.3119,9845900,75.6483,77.7111,75.3536,0.0211,-0.0033,-0.0091,0.0054,0.0080,63.7401,0.0132,0.0027,0.0024,0.7120,0.3689,0.8847,sell
2024-06-18,76.2377,9664500,77.0077,77.6731,75.6578,-0.0139,0.0039,-0.0313,-0.0054,-0.0045,61.4168,0.0133,0.0024,0.0018,0.5294,-0.0184,0.8743,sell
2024-06-20,75.7814,10183900,75.8765,76.7891,75.7339,-0.0060,0.0043,-0.0177,-0.0096,-0.0088,53.6530,0.0121,0.0017,0.0008,0.4366,0.0537,0.9161,hold
2024-06-21,75.9620,25648400,76.0476,76.2852,75.2491,0.0024,-0.0041,-0.0191,-0.0053,-0.0051,48.6942,0.0120,0.0013,0.0003,0.4741,1.5185,2.2707,hold
2024-06-24,75.7909,7396600,76.0476,76.1141,75.2586,-0.0023,0.0010,-0.0209,-0.0054,-0.0059,38.4690,0.0120,0.0008,-0.0001,0.4306,-0.7116,0.6803,sell
2024-06-25,75.3632,15821600,76.0476,76.7605,74.9734,-0.0056,-0.0252,-0.0284,-0.0082,-0.0103,32.3262,0.0120,-0.0001,-0.0008,0.3492,1.1390,1.4219,hold
2024-06-26,75.2396,10708100,75.0970,75.3632,74.5076,-0.0016,-0.0131,-0.0093,-0.0089,-0.0106,38.0783,0.0101,-0.0009,-0.0013,0.2961,-0.3232,0.9543,hold
2024-06-27,75.3251,10289600,75.1445,75.5153,74.7928,0.0011,-0.0060,-0.0018,-0.0076,-0.0081,36.4189,0.0100,-0.0014,-0.0015,0.2482,-0.0391,0.9129,sell
2024-06-28,74.0038,13207500,74.8308,74.9829,73.7757,-0.0175,-0.0258,-0.0298,-0.0221,-0.0236,31.2761,0.0105,-0.0033,-0.0027,-0.0147,0.2836,1.1517,sell
2024-07-01,73.3194,6767600,74.1369,74.3555,72.9867,-0.0092,-0.0326,-0.0316,-0.0280,-0.0304,27.8931,0.0106,-0.0054,-0.0039,-0.0437,-0.4876,0.6057,sell
2024-07-02,73.0342,8854100,73.3099,73.3954,72.5114,-0.0039,-0.0309,-0.0553,-0.0263,-0.0317,32.4137,0.0064,-0.0074,-0.0047,-0.0102,0.3083,0.8054,sell
2024-07-03,72.4924,4906700,73.0437,73.2338,72.3117,-0.0074,-0.0365,-0.0491,-0.0287,-0.0361,32.1917,0.0057,-0.0095,-0.0054,-0.0339,-0.4458,0.4620,sell
2024-07-05,72.2927,9663100,72.4734,72.5019,71.6939,-0.0028,-0.0403,-0.0460,-0.0268,-0.0361,24.1676,0.0058,-0.0113,-0.0057,0.0169,0.9694,0.9169,sell
2024-07-08,70.8859,8871200,72.5684,72.6730,70.7908,-0.0195,-0.0421,-0.0668,-0.0392,-0.0516,21.7777,0.0068,-0.0143,-0.0069,-0.0741,-0.0820,0.8432,sell
2024-07-09,69.1558,11816900,70.9429,70.9524,69.1368,-0.0244,-0.0568,-0.0875,-0.0541,-0.0713,3.0634,0.0085,-0.0188,-0.0090,-0.1348,0.3321,1.1181,sell
2024-07-10,68.9276,11132500,69.3839,69.5550,68.7755,-0.0033,-0.0562,-0.0854,-0.0488,-0.0708,3.3939,0.0087,-0.0221,-0.0098,-0.0509,-0.0579,1.0413,buy
2024-07-11,69.6786,12316100,68.7660,69.8687,68.5189,0.0109,-0.0388,-0.0739,-0.0311,-0.0572,12.4998,0.0105,-0.0233,-0.0089,0.0883,0.1063,1.1346,buy
2024-07-12,71.1330,10559300,70.1539,71.3516,69.7546,0.0209,-0.0160,-0.0557,-0.0050,-0.0343,24.3434,0.0137,-0.0220,-0.0063,0.2550,-0.1426,0.9652,sell
2024-07-15,69.1558,9064400,71.1901,71.1996,68.9371,-0.0278,-0.0244,-0.0655,-0.0261,-0.0609,20.4237,0.0150,-0.0240,-0.0063,0.1166,-0.1416,0.8475,buy
2024-07-16,71.7794,14968700,68.6425,71.7794,68.0151,0.0379,0.0379,-0.0210,0.0131,-0.0255,36.6407,0.0205,-0.0210,-0.0032,0.3732,0.6514,1.3504,hold
2024-07-17,71.3897,11567800,71.5037,72.3688,70.8668,-0.0054,0.0357,-0.0225,0.0099,-0.0315,35.9277,0.0205,-0.0196,-0.0014,0.3558,-0.2272,1.0356,sell
2024-07-18,70.5246,10701000,70.7813,71.3992,70.1634,-0.0121,0.0121,-0.0271,0.0005,-0.0437,33.3990,0.0207,-0.0195,-0.0008,0.2918,-0.0749,0.9536,buy
2024-07-19,75.3537,32965900,70.9714,75.4582,70.5246,0.0685,0.0593,0.0423,0.0643,0.0199,53.7566,0.0306,-0.0126,0.0039,0.7909,2.0806,2.6669,sell
2024-07-22,72.7680,18851500,74.4601,74.5932,72.2547,-0.0343,0.0522,0.0266,0.0251,-0.0160,48.6125,0.0322,-0.0111,0.0048,0.5424,-0.4282,1.5681,hold
2024-07-23,72.4924,9592100,73.3289,73.3289,72.2737,-0.0038,0.0099,0.0482,0.0164,-0.0200,48.6357,0.0309,-0.0099,0.0049,0.5324,-0.4912,0.7907,sell
2024-07-24,70.9904,10478200,72.5969,72.7110,70.3630,-0.0207,-0.0056,0.0299,-0.0075,-0.0401,46.3927,0.0319,-0.0106,0.0036,0.3753,0.0924,0.8832,sell
2024-07-25,69.6976,18973600,71.3517,72.0266,69.6406,-0.0182,-0.0117,0.0003,-0.0256,-0.0570,44.0781,0.0324,-0.0126,0.0015,0.2378,0.8108,1.5454,buy
2024-07-26,70.3916,12387100,70.1919,71.3136,70.0683,0.0100,-0.0659,-0.0104,-0.0149,-0.0474,48.8341,0.0318,-0.0129,0.0008,0.3455,-0.3471,1.0004,buy
2024-07-29,71.4847,10864700,70.7148,71.8555,70.0779,0.0155,-0.0176,0.0337,-0.0028,-0.0326,55.6634,0.0307,-0.0117,0.0015,0.5209,-0.1229,0.8858,buy
2024-07-30,72.1882,16163600,71.5323,72.2928,71.1520,0.0098,-0.0042,0.0057,0.0064,-0.0233,57.7497,0.0284,-0.0099,0.0025,0.6408,0.4877,1.2692,buy
2024-07-31,74.0989,18901100,75.6198,77.2263,73.9563,0.0265,0.0438,0.0379,0.0292,0.0025,59.9572,0.0294,-0.0062,0.0047,0.9123,0.1694,1.4279,sell
2024-08-01,71.3992,17307200,74.0418,74.2795,70.1824,-0.0364,0.0244,0.0124,-0.0095,-0.0334,50.5677,0.0318,-0.0065,0.0038,0.5166,-0.0843,1.2490,buy
2024-08-02,72.1311,15185700,71.3992,72.8821,71.2186,0.0103,0.0247,-0.0428,0.0051,-0.0230,56.7024,0.0220,-0.0057,0.0037,0.6293,-0.1226,1.0745,sell
2024-08-05,70.2109,12372900,70.2014,71.2946,69.1273,-0.0266,-0.0178,-0.0351,-0.0181,-0.0473,46.3512,0.0209,-0.0073,0.0018,0.3438,-0.1852,0.8647,buy
2024-08-06,71.6463,10525500,70.2680,72.2357,70.1919,0.0204,-0.0075,-0.0117,0.0031,-0.0271,50.5694,0.0222,-0.0066,0.0019,0.5432,-0.1493,0.7389,hold
2024-08-07,71.5703,7297000,71.5798,73.0342,71.4467,-0.0011,-0.0341,0.0082,0.0012,-0.0272,52.4038,0.0211,-0.0062,0.0018,0.5112,-0.3067,0.5193,hold
2024-08-08,72.0076,8988300,71.3612,72.3878,71.1045,0.0061,0.0085,0.0331,0.0041,-0.0209,40.3615,0.0200,-0.0053,0.0021,0.5683,0.2318,0.6473,sell
2024-08-09,71.3802,4683600,71.9125,72.1121,71.0570,-0.0087,-0.0104,0.0140,-0.0060,-0.0289,45.4938,0.0202,-0.0053,0.0018,0.4553,-0.4789,0.3446,buy
2024-08-12,73.2243,13123000,72.7490,74.5552,72.5209,0.0258,0.0429,0.0243,0.0172,-0.0034,52.1569,0.0213,-0.0031,0.0031,0.7612,1.8019,0.9513,buy
2024-08-13,91.1621,157215500,86.5231,91.2666,85.8292,0.2450,0.2724,0.2628,0.2339,0.2357,80.1935,0.0797,0.0146,0.0156,1.5152,10.9801,7.5197,hold
2024-08-14,89.2609,45737800,90.6773,91.1240,86.9129,-0.0209,0.2472,0.2046,0.1838,0.2063,78.7590,0.0811,0.0267,0.0222,1.1698,-0.7091,2.0224,hold
2024-08-15,90.1924,21109800,89.4700,90.2685,88.3863,0.0104,0.2525,0.2632,0.1671,0.2151,78.9064,0.0787,0.0361,0.0253,1.0686,-0.5385,0.9124,hold
2024-08-16,90.6706,16336300,89.2839,91.4739,89.2265,0.0053,0.2702,0.2570,0.1458,0.2171,78.5207,0.0788,0.0434,0.0261,0.9941,-0.2261,0.7324,sell
2024-08-19,88.2702,14479000,90.2307,90.7471,88.1076,-0.0265,0.2055,0.2572,0.0906,0.1814,72.7585,0.0788,0.0480,0.0242,0.8680,-0.1137,0.6556,hold
2024-08-20,88.9492,11536200,88.2606,89.7238,88.1076,0.0077,-0.0243,0.2415,0.0760,0.1868,71.7745,0.0790,0.0503,0.0214,0.8458,-0.2032,0.5200,hold
2024-08-21,88.7292,6769200,88.4519,89.3030,88.1937,-0.0025,-0.0060,0.2397,0.0515,0.1804,77.4032,0.0791,0.0518,0.0182,0.8047,-0.4132,0.3077,hold
2024-08-22,88.3945,10010300,88.6240,88.7771,87.7633,-0.0038,-0.0199,0.2276,0.0276,0.1721,76.0437,0.0794,0.0521,0.0148,0.7667,0.4788,0.4645,hold
2024-08-23,89.9151,11483700,88.7962,90.2976,88.7771,0.0172,-0.0083,0.2597,0.0232,0.1877,81.9628,0.0787,0.0522,0.0123,0.7791,0.1472,0.5340,hold
2024-08-26,91.4548,13882800,90.0872,91.7417,90.0681,0.0171,0.0361,0.2490,0.0196,0.2032,82.0236,0.0787,0.0527,0.0108,0.7899,0.2089,0.6411,buy
2024-08-27,94.2952,17456300,91.2349,94.4099,91.0914,0.0311,0.0601,0.0344,0.0476,0.2345,83.7242,0.0176,0.0541,0.0108,0.8290,0.2574,0.8037,sell
2024-08-28,91.1392,14866300,93.9317,94.4004,90.2594,-0.0335,0.0272,0.0210,0.0104,0.1889,76.2719,0.0198,0.0549,0.0081,0.7216,-0.1484,0.6909,hold
2024-08-29,90.7184,8781300,91.3018,91.6461,90.1638,-0.0046,0.0263,0.0058,0.0051,0.1790,76.7072,0.0197,0.0533,0.0050,0.6897,-0.4093,0.4163,hold
2024-08-30,90.4411,7117200,90.8428,91.7417,90.3168,-0.0031,0.0058,-0.0025,0.0023,0.1709,74.8528,0.0197,0.0512,0.0022,0.6627,-0.1895,0.3440,sell
2024-09-03,89.1118,11234000,90.0203,90.6706,88.9779,-0.0147,-0.0256,0.0095,-0.0133,0.1498,44.3139,0.0182,0.0484,-0.0011,0.6062,0.5784,0.5445,sell
2024-09-04,88.2989,7193500,89.2935,89.8769,87.9546,-0.0091,-0.0636,-0.0073,-0.0216,0.1356,47.1608,0.0183,0.0447,-0.0042,0.5611,-0.3597,0.3515,sell
2024-09-05,87.5625,8370100,88.1459,88.9588,87.2182,-0.0083,-0.0392,-0.0131,-0.0285,0.1226,42.1474,0.0185,0.0406,-0.0069,0.5114,0.1636,0.4079,hold
2024-09-06,87.1704,9257000,87.5051,88.1363,86.2428,-0.0045,-0.0391,-0.0138,-0.0316,0.1142,39.4949,0.0185,0.0365,-0.0090,0.4623,0.1060,0.4509,buy
2024-09-09,88.1841,10089700,87.2374,88.3276,86.4627,0.0116,-0.0250,-0.0193,-0.0184,0.1234,49.7182,0.0180,0.0332,-0.0094,0.4583,0.0900,0.4850,buy
2024-09-10,89.2648,7327000,88.0981,89.4369,87.1608,0.0123,0.0017,-0.0239,-0.0039,0.1328,51.0067,0.0174,0.0312,-0.0087,0.4406,-0.2738,0.3572,buy
2024-09-11,93.9126,19302900,89.9725,94.0561,89.5708,0.0521,0.0636,-0.0041,0.0484,0.1856,62.8925,0.0224,0.0321,-0.0047,1.0445,1.6345,1.4176,buy
2024-09-12,94.9455,14653500,94.1613,94.9741,93.0902,0.0110,0.0843,0.0418,0.0554,0.1920,65.7471,0.0193,0.0341,-0.0018,1.0513,-0.2409,1.2148,sell
2024-09-13,94.2665,9899900,94.8020,95.1654,94.1995,-0.0072,0.0814,0.0391,0.0437,0.1771,60.9008,0.0195,0.0353,-0.0007,0.9153,-0.3244,0.8607,sell
2024-09-16,92.1051,9263400,94.2186,94.2951,91.7895,-0.0229,0.0445,0.0184,0.0179,0.1444,51.5799,0.0212,0.0345,-0.0019,0.6799,-0.0643,0.8309,hold
2024-09-17,92.2295,6281700,92.2773,92.3251,91.0436,0.0013,0.0332,0.0350,0.0158,0.1399,44.2184,0.0204,0.0330,-0.0027,0.6736,-0.3219,0.5850,hold
2024-09-18,91.9234,8793800,91.3783,93.3388,91.1679,-0.0033,-0.0212,0.0410,0.0084,0.1298,52.6114,0.0201,0.0313,-0.0036,0.6271,0.3999,0.8295,buy
2024-09-19,92.6694,8752600,93.6926,94.3908,92.1242,0.0081,-0.0240,0.0583,0.0109,0.1323,56.3591,0.0196,0.0299,-0.0038,0.6850,-0.0047,0.8179,sell
2024-09-20,91.8565,19541000,92.6216,92.8224,91.1584,-0.0088,-0.0256,0.0538,-0.0030,0.1164,54.4579,0.0199,0.0282,-0.0046,0.5842,1.2326,1.7483,hold
2024-09-23,91.3114,8382800,91.8565,91.8565,90.2307,-0.0059,-0.0086,0.0355,-0.0123,0.1043,57.2878,0.0200,0.0260,-0.0056,0.5182,-0.5710,0.7605,sell
2024-09-24,90.3263,8606800,91.3018,91.6365,90.0777,-0.0108,-0.0206,0.0119,-0.0241,0.0868,56.6416,0.0203,0.0233,-0.0069,0.4179,0.0267,0.8000,buy
2024-09-25,91.4453,8632900,90.1446,91.7704,90.1064,0.0124,-0.0052,-0.0263,-0.0093,0.0951,62.4083,0.0110,0.0214,-0.0068,0.5572,0.0030,0.8367,buy
2024-09-26,93.2145,9876800,94.1995,94.8211,92.7650,0.0193,0.0059,-0.0182,0.0117,0.1105,67.7528,0.0124,0.0210,-0.0053,0.7408,0.1441,0.9810,hold
2024-09-27,93.1093,6319900,93.3866,93.8648,92.9467,-0.0011,0.0136,-0.0123,0.0118,0.1033,65.2819,0.0122,0.0208,-0.0045,0.7116,-0.3601,0.6355,hold
2024-09-30,93.2336,6436400,93.1380,93.4249,92.2008,0.0013,0.0211,0.0123,0.0120,0.1001,63.0915,0.0096,0.0204,-0.0039,0.7065,0.0184,0.6494,hold
2024-10-01,93.1762,7171600,93.2336,93.8552,92.1434,-0.0006,0.0316,0.0103,0.0103,0.0942,46.5158,0.0096,0.0198,-0.0036,0.6805,0.1142,0.7388,sell
2024-10-02,92.2868,6346000,92.6024,92.7650,91.6843,-0.0095,0.0092,0.0040,0.0003,0.0787,37.2477,0.0101,0.0185,-0.0040,0.5661,-0.1151,0.6566,sell
2024-10-03,91.3879,5556400,91.4644,92.1816,91.1488,-0.0097,-0.0196,-0.0138,-0.0081,0.0631,36.4779,0.0102,0.0166,-0.0050,0.4345,-0.1244,0.5834,buy
2024-10-04,92.3633,6818900,91.9712,92.5068,90.9958,0.0107,-0.0080,0.0055,0.0019,0.0689,51.3650,0.0104,0.0154,-0.0047,0.5315,0.2272,0.7252,sell
2024-10-07,91.8947,7478900,91.9904,92.3059,91.1966,-0.0051,-0.0144,0.0064,-0.0038,0.0582,48.2926,0.0104,0.0141,-0.0049,0.4142,0.0968,0.8066,hold
2024-10-08,92.0095,6595200,91.8565,92.6502,91.1201,0.0012,-0.0125,0.0186,-0.0044,0.0545,50.4477,0.0096,0.0129,-0.0048,0.3926,-0.1182,0.7141,sell
2024-10-09,91.6939,3344800,92.2677,92.2677,91.2922,-0.0034,-0.0064,0.0027,-0.0080,0.0462,44.6875,0.0089,0.0117,-0.0049,0.3404,-0.4928,0.3964,sell
2024-10-10,89.7812,5459500,91.2540,91.3114,89.6665,-0.0209,-0.0176,-0.0368,-0.0251,0.0207,39.9070,0.0084,0.0090,-0.0063,-0.0653,0.6322,0.6843,buy
2024-10-11,91.3783,4834800,90.0299,91.7704,89.9055,0.0178,-0.0107,-0.0186,-0.0059,0.0342,50.2953,0.0109,0.0079,-0.0057,0.3374,-0.1144,0.6259,sell
2024-10-14,90.6228,4124700,91.2444,91.3592,90.2211,-0.0083,-0.0138,-0.0280,-0.0113,0.0214,51.3351,0.0110,0.0065,-0.0058,0.1675,-0.1469,0.5523,hold
2024-10-15,90.8906,6264100,90.5367,91.7800,90.4411,0.0030,-0.0122,-0.0245,-0.0059,0.0196,47.2948,0.0111,0.0055,-0.0054,0.2604,0.5187,0.8389,buy
2024-10-16,91.2922,7537100,91.2827,91.6556,89.9820,0.0044,-0.0044,-0.0108,-0.0004,0.0196,39.1818,0.0110,0.0050,-0.0047,0.3720,0.2032,1.0180,hold
2024-10-17,91.1105,5577300,91.1679,91.9904,90.6419,-0.0020,0.0148,-0.0030,-0.0021,0.0132,38.8473,0.0106,0.0044,-0.0043,0.3439,-0.2600,0.7698,buy
2024-10-18,92.6120,6178300,91.5026,92.6215,90.8906,0.0165,0.0135,0.0027,0.0141,0.0252,46.9935,0.0114,0.0051,-0.0027,0.7148,0.1078,0.9394,sell
2024-10-21,92.2390,3994300,92.7172,92.9563,91.7035,-0.0040,0.0178,0.0037,0.0096,0.0164,45.6015,0.0113,0.0053,-0.0020,0.6095,-0.3535,0.6283,buy
2024-10-22,92.5929,6670900,92.1434,92.9467,91.7513,0.0038,0.0187,0.0063,0.0128,0.0159,51.5123,0.0114,0.0057,-0.0013,0.6788,0.6701,1.0655,buy
2024-10-23,93.3866,18858800,89.7717,93.4536,89.5995,0.0086,0.0229,0.0185,0.0196,0.0241,59.9809,0.0115,0.0066,-0.0003,0.8456,1.8270,2.7847,sell
2024-10-24,92.9085,9828600,93.4249,95.0793,92.6215,-0.0051,0.0197,0.0348,0.0109,0.0181,52.8643,0.0088,0.0069,0.0000,0.7331,-0.4788,1.4518,hold
2024-10-25,93.0615,9665600,92.9754,93.6831,92.2199,0.0016,0.0049,0.0184,0.0108,0.0191,56.3410,0.0072,0.0072,0.0002,0.7737,-0.0166,1.3933,buy
2024-10-28,93.7405,6790900,93.3866,94.8116,93.2910,0.0073,0.0163,0.0344,0.0147,0.0259,58.8639,0.0064,0.0078,0.0007,0.9244,-0.2974,0.9764,sell
2024-10-29,93.1380,7664200,93.4727,93.7692,92.1434,-0.0064,0.0059,0.0247,0.0057,0.0182,57.1837,0.0072,0.0078,0.0005,0.7767,0.1286,1.0981,hold
2024-10-30,93.0710,9187200,93.1188,93.8648,92.5737,-0.0007,-0.0034,0.0195,0.0031,0.0165,70.0467,0.0072,0.0076,0.0003,0.7442,0.1987,1.2901,buy
2024-10-31,93.4344,12011500,93.0710,94.6777,91.1870,0.0039,0.0057,0.0255,0.0045,0.0195,64.7463,0.0071,0.0077,0.0003,0.7983,0.3074,1.6135,buy
2024-11-01,94.5534,8860200,93.3388,95.4427,93.1188,0.0120,0.0160,0.0210,0.0144,0.0303,76.7927,0.0062,0.0085,0.0009,0.9781,-0.2624,1.1741,sell
2024-11-04,92.7937,7049100,94.2856,94.4960,92.4781,-0.0186,-0.0101,0.0060,-0.0051,0.0105,60.7801,0.0089,0.0078,0.0001,0.6000,-0.2044,0.9368,hold
2024-11-05,92.8511,6348300,92.6311,93.2145,91.9521,0.0006,-0.0031,0.0028,-0.0047,0.0108,59.1883,0.0088,0.0070,-0.0005,0.6029,-0.0994,0.8450,sell
2024-11-06,91.8852,9708800,92.7363,93.9413,90.6419,-0.0104,-0.0127,-0.0161,-0.0135,0.0008,54.1796,0.0089,0.0056,-0.0016,0.3991,0.5294,1.2398,hold
2024-11-07,91.9234,6195200,91.8660,92.4685,91.5791,0.0004,-0.0162,-0.0106,-0.0121,0.0010,45.5884,0.0088,0.0044,-0.0023,0.3671,-0.3619,0.7874,buy
2024-11-08,93.2910,6118700,91.9139,93.3771,91.8374,0.0149,-0.0134,0.0025,0.0024,0.0154,55.9783,0.0102,0.0045,-0.0016,0.6772,-0.0123,0.7714,buy
2024-11-11,95.9305,10313300,93.7213,96.9825,93.6735,0.0283,0.0338,0.0234,0.0283,0.0428,65.0561,0.0134,0.0067,0.0006,1.1645,0.6855,1.2514,sell
2024-11-12,94.4864,8438400,95.7583,96.1504,94.1230,-0.0151,0.0176,0.0145,0.0114,0.0260,54.6862,0.0143,0.0073,0.0009,0.8269,-0.1818,1.0106,buy
2024-11-13,95.4428,8816300,93.0997,95.5767,92.0286,0.0101,0.0387,0.0255,0.0190,0.0347,60.3759,0.0145,0.0084,0.0016,0.9733,0.0448,1.0478,sell
2024-11-14,94.8977,6441500,95.0889,95.6532,94.8116,-0.0057,0.0324,0.0157,0.0116,0.0272,57.2838,0.0147,0.0088,0.0015,0.8322,-0.2694,0.7617,hold
2024-11-15,94.7052,8119900,95.3595,96.4372,94.2914,-0.0020,0.0152,0.0016,0.0094,0.0234,53.9805,0.0143,0.0088,0.0012,0.7613,0.2606,0.9492,buy
2024-11-18,96.6105,7041500,94.7244,96.8125,94.2337,0.0201,0.0071,0.0411,0.0256,0.0421,62.9370,0.0139,0.0101,0.0022,1.0578,-0.1328,0.8088,sell
2024-11-19,94.6378,9176200,96.0235,96.5142,94.4935,-0.0204,0.0016,0.0192,0.0027,0.0197,55.1114,0.0159,0.0097,0.0013,0.6570,0.3032,1.0390,hold
2024-11-20,94.5512,7527700,94.3010,95.0227,93.4446,-0.0009,-0.0093,0.0290,-0.0010,0.0186,53.7103,0.0154,0.0090,0.0005,0.6281,-0.1796,0.9108,buy
2024-11-21,96.2833,6760600,95.7444,96.5431,94.7725,0.0183,0.0146,0.0474,0.0126,0.0370,55.5224,0.0161,0.0097,0.0011,0.9073,-0.1019,0.8334,buy
2024-11-22,98.6312,6563300,96.2256,98.6889,96.0042,0.0244,0.0415,0.0572,0.0315,0.0612,67.9604,0.0170,0.0119,0.0028,1.1386,-0.0292,0.8249,sell
2024-11-25,97.9961,8839600,99.0450,99.4202,97.9384,-0.0064,0.0143,0.0215,0.0227,0.0531,65.2864,0.0153,0.0132,0.0032,0.9628,0.3468,1.0969,sell
2024-11-26,96.8799,6558300,98.1404,98.2367,96.6778,-0.0114,0.0237,0.0253,0.0085,0.0400,64.7085,0.0149,0.0133,0.0026,0.7818,-0.2581,0.8194,buy
2024-11-27,97.6786,4857800,96.9472,98.1789,96.9184,0.0082,0.0331,0.0234,0.0145,0.0473,66.2212,0.0148,0.0136,0.0024,0.8449,-0.2593,0.6238,buy
2024-11-29,98.5927,3419300,97.5438,98.6312,97.4476,0.0094,0.0240,0.0389,0.0200,0.0558,65.3352,0.0146,0.0145,0.0026,0.9034,-0.2961,0.4647,sell
2024-12-02,97.6786,6103200,98.1501,98.3521,96.1005,-0.0093,-0.0097,0.0314,0.0075,0.0447,55.6169,0.0151,0.0144,0.0020,0.7669,0.7849,0.8453,hold
2024-12-03,97.7363,7101500,97.2744,98.2655,96.1197,0.0006,-0.0027,0.0117,0.0069,0.0439,61.4639,0.0139,0.0141,0.0014,0.7483,0.1636,0.9833,sell
2024-12-04,96.8991,6151100,97.0820,98.1404,96.5816,-0.0086,0.0002,0.0239,-0.0040,0.0335,55.1809,0.0123,0.0132,0.0003,0.6310,-0.1338,0.8528,sell
2024-12-05,95.4846,7194800,97.1878,97.4765,95.4461,-0.0146,-0.0225,0.0099,-0.0195,0.0175,51.9665,0.0134,0.0112,-0.0015,0.4263,0.1697,1.0152,buy
2024-12-06,96.3314,6297000,95.1959,96.8222,94.7244,0.0089,-0.0229,0.0005,-0.0109,0.0259,55.2193,0.0123,0.0100,-0.0021,0.5154,-0.1248,0.8879,sell
2024-12-09,95.5616,7271600,96.2929,96.7740,94.8014,-0.0080,-0.0217,-0.0311,-0.0157,0.0171,46.3691,0.0091,0.0085,-0.0030,0.3564,0.1548,1.0171,sell
2024-12-10,94.4550,8192500,95.3980,95.5039,94.2433,-0.0116,-0.0336,-0.0361,-0.0235,0.0051,49.3267,0.0094,0.0062,-0.0043,0.1828,0.1266,1.1631,hold
2024-12-11,94.7052,8007300,94.7822,95.6386,94.2818,0.0026,-0.0226,-0.0224,-0.0187,0.0074,50.5602,0.0092,0.0045,-0.0048,0.2218,-0.0226,1.1403,sell
2024-12-12,94.1278,6375900,94.5127,95.2344,93.7429,-0.0061,-0.0142,-0.0364,-0.0211,0.0009,41.4373,0.0085,0.0027,-0.0053,0.1491,-0.2037,0.9240,sell
2024-12-13,93.7429,5910900,93.6659,94.3780,93.2810,-0.0041,-0.0269,-0.0492,-0.0202,-0.0037,26.9926,0.0071,0.0009,-0.0057,0.1136,-0.0729,0.8600,sell
2024-12-16,89.6052,12395900,93.2907,93.3388,89.5860,-0.0441,-0.0623,-0.0827,-0.0554,-0.0471,20.2996,0.0143,-0.0043,-0.0090,-0.2398,1.0971,1.7490,sell
2024-12-17,88.6141,8536100,89.4994,90.3943,88.5756,-0.0111,-0.0618,-0.0933,-0.0568,-0.0570,20.4810,0.0140,-0.0093,-0.0112,-0.1449,-0.3114,1.1919,sell
2024-12-18,86.5068,10886600,88.3062,88.7681,86.2566,-0.0238,-0.0866,-0.1072,-0.0690,-0.0783,13.5134,0.0147,-0.0153,-0.0138,-0.1422,0.2754,1.5021,sell
2024-12-19,85.4098,14628400,86.8339,88.1234,85.3232,-0.0127,-0.0926,-0.1055,-0.0707,-0.0888,7.4533,0.0146,-0.0210,-0.0156,-0.0790,0.3437,1.9241,sell
2024-12-20,84.6496,26477500,84.5438,85.7947,83.7836,-0.0089,-0.0970,-0.1213,-0.0671,-0.0959,7.5281,0.0129,-0.0259,-0.0164,-0.0177,0.8100,3.0829,sell
2024-12-23,84.1396,11203700,84.1973,84.5630,83.0426,-0.0060,-0.0610,-0.1195,-0.0609,-0.1000,6.9469,0.0130,-0.0301,-0.0164,0.0325,-0.5769,1.2702,buy
2024-12-24,86.5164,5422000,84.1011,86.5260,83.8798,0.0282,-0.0237,-0.0840,-0.0257,-0.0738,20.0444,0.0184,-0.0297,-0.0131,0.1886,-0.5161,0.6269,buy
2024-12-26,88.3928,7538700,85.9968,88.5756,85.9968,0.0217,0.0218,-0.0667,0.0025,-0.0532,30.0702,0.0205,-0.0275,-0.0090,0.3029,0.3904,0.8667,hold
2024-12-27,88.7681,8200400,87.4690,89.6822,87.4498,0.0042,0.0393,-0.0569,0.0129,-0.0486,28.1667,0.0208,-0.0254,-0.0056,0.3406,0.0878,0.9250,sell
2024-12-30,87.1611,8404500,87.8443,87.8732,86.4490,-0.0181,0.0297,-0.0702,0.0021,-0.0651,26.8681,0.0212,-0.0255,-0.0043,0.2807,0.0249,0.9221,buy
2024-12-31,87.8058,4220700,87.3054,88.3062,87.1707,0.0074,0.0436,-0.0201,0.0116,-0.0572,31.2126,0.0170,-0.0242,-0.0025,0.3342,-0.4978,0.4679,buy
2025-01-02,88.6911,8640900,88.0945,89.1626,87.9598,0.0101,0.0251,0.0009,0.0217,-0.0469,33.5958,0.0170,-0.0220,-0.0004,0.4014,1.0473,0.9498,hold
2025-01-03,89.0856,4964900,88.9124,89.6052,88.3351,0.0044,0.0078,0.0298,0.0232,-0.0420,36.1082,0.0148,-0.0197,0.0014,0.4436,-0.4254,0.5493,buy
2025-01-06,89.6149,8768100,88.5660,90.9331,88.4698,0.0059,0.0095,0.0492,0.0244,-0.0355,38.7165,0.0137,-0.0172,0.0030,0.4948,0.7660,0.9617,hold
2025-01-07,89.3358,6638300,89.2781,90.1152,88.3928,-0.0031,0.0250,0.0554,0.0157,-0.0378,49.0666,0.0132,-0.0155,0.0039,0.4994,-0.2429,0.7267,hold
2025-01-08,89.1049,6243700,89.4609,89.4994,88.5371,-0.0026,0.0148,0.0590,0.0074,-0.0394,51.7945,0.0129,-0.0141,0.0042,0.5067,-0.0594,0.6874,hold
2025-01-10,88.7681,6550300,88.7103,89.2877,88.4602,-0.0038,0.0009,0.0260,0.0011,-0.0420,59.4988,0.0105,-0.0133,0.0041,0.5027,0.0491,0.7278,buy
2025-01-13,89.9805,6912100,88.7873,90.0575,87.9309,0.0137,0.0100,0.0180,0.0129,-0.0283,69.0152,0.0091,-0.0111,0.0048,0.6478,0.0552,0.7726,sell
2025-01-14,89.5571,6406200,90.4617,91.3084,89.0279,-0.0047,-0.0006,0.0089,0.0073,-0.0321,71.0049,0.0092,-0.0099,0.0049,0.6497,-0.0732,0.7160,hold
2025-01-15,89.5667,4554700,90.5482,90.9043,89.4417,0.0001,0.0026,0.0276,0.0047,-0.0312,74.2685,0.0065,-0.0087,0.0048,0.7145,-0.2890,0.5129,buy
2025-01-16,90.8658,6548200,89.3647,91.1930,89.3647,0.0145,0.0198,0.0348,0.0157,-0.0164,71.5238,0.0074,-0.0065,0.0055,0.8740,0.4377,0.7625,buy
2025-01-17,91.5394,8361900,91.9724,92.2418,91.5105,0.0074,0.0312,0.0321,0.0200,-0.0088,67.6757,0.0071,-0.0042,0.0062,0.9119,0.2770,0.9747,buy
2025-01-21,94.2818,8803100,91.8088,94.8592,91.8088,0.0300,0.0478,0.0583,0.0445,0.0206,74.4663,0.0111,0.0001,0.0081,1.0987,0.0528,1.0388,hold
2025-01-22,94.0412,7678900,94.2818,94.8207,93.7814,-0.0026,0.0501,0.0494,0.0368,0.0175,84.7425,0.0114,0.0031,0.0089,0.9937,-0.1277,0.9449,hold
2025-01-23,94.2914,7901800,94.3010,94.3299,93.3580,0.0027,0.0528,0.0555,0.0339,0.0197,84.1093,0.0111,0.0057,0.0092,0.9655,0.0290,1.0978,buy
2025-01-24,95.0805,6957100,94.0990,95.2729,93.9354,0.0084,0.0464,0.0671,0.0358,0.0278,83.9469,0.0107,0.0082,0.0093,1.0002,-0.1196,0.9959,buy
2025-01-27,96.2448,9654900,94.8014,96.5431,94.3973,0.0122,0.0514,0.0842,0.0400,0.0403,85.1607,0.0102,0.0109,0.0097,1.0258,0.3878,1.3414,buy
2025-01-28,96.6201,14736500,95.2056,96.8799,94.8688,0.0039,0.0248,0.0738,0.0366,0.0439,84.9329,0.0101,0.0133,0.0096,0.9761,0.5263,1.9500,buy
2025-01-29,104.4817,40769300,98.8236,105.9251,98.8044,0.0814,0.1110,0.1666,0.1033,0.1266,93.0055,0.0248,0.0199,0.0132,1.2627,1.7666,4.4383,hold
2025-01-30,104.8858,15023000,104.8858,106.1753,103.9525,0.0039,0.1124,0.1710,0.0899,0.1286,94.3723,0.0246,0.0259,0.0154,1.1183,-0.6315,1.5786,sell
2025-01-31,103.6157,19136900,104.8858,105.2323,103.4425,-0.0121,0.0898,0.1403,0.0626,0.1128,89.6658,0.0262,0.0297,0.0152,0.9731,0.2738,1.8647,hold
2025-02-03,104.0776,8894100,101.7297,104.3470,101.5372,0.0045,0.0814,0.1370,0.0538,0.1159,89.2341,0.0263,0.0323,0.0143,0.9292,-0.5352,0.8656,buy
2025-02-04,106.4255,11123700,104.5683,106.8777,104.0487,0.0226,0.1015,0.1288,0.0645,0.1382,92.4044,0.0258,0.0351,0.0140,0.9564,0.2507,1.0511,buy
2025-02-05,108.0132,12826000,106.0213,108.1768,105.7134,0.0149,0.0338,0.1486,0.0655,0.1519,92.9628,0.0253,0.0381,0.0138,0.9482,0.1530,1.1891,hold
2025-02-06,107.4839,11967300,107.8207,108.0709,106.8585,-0.0049,0.0248,0.1399,0.0467,0.1435,90.1441,0.0258,0.0402,0.0127,0.8791,-0.0669,1.0828,hold
2025-02-07,107.9651,11502400,107.2241,108.3692,105.9058,0.0045,0.0420,0.1355,0.0383,0.1464,90.0516,0.0259,0.0414,0.0112,0.8545,-0.0388,1.0165,hold
2025-02-10,107.2434,8348400,108.3307,108.3307,106.8104,-0.0067,0.0304,0.1143,0.0206,0.1365,85.0598,0.0266,0.0418,0.0091,0.7986,-0.2742,0.7320,hold
2025-02-11,106.8392,4683100,106.6949,107.8496,106.4351,-0.0038,0.0039,0.1058,0.0069,0.1298,84.3137,0.0270,0.0412,0.0067,0.7582,-0.4390,0.4147,buy
2025-02-12,108.7734,7269400,106.3870,108.9177,106.2330,0.0181,0.0070,0.0411,0.0210,0.1476,85.6128,0.0114,0.0409,0.0056,0.7994,0.5523,0.6412,hold
2025-02-13,108.7349,10046300,108.8503,109.1198,107.3204,-0.0004,0.0116,0.0367,0.0170,0.1447,84.8648,0.0115,0.0407,0.0044,0.7746,0.3820,0.8652,hold
2025-02-14,108.8897,9115000,109.1509,109.7797,108.3866,0.0014,0.0086,0.0509,0.0134,0.1436,84.0421,0.0102,0.0402,0.0031,0.7587,-0.0927,0.7764,buy
2025-02-18,109.3541,7574100,108.1641,109.6733,107.9899,0.0043,0.0197,0.0507,0.0128,0.1457,84.1183,0.0102,0.0395,0.0021,0.7576,-0.1691,0.6473,sell
2025-02-19,108.8316,8268900,108.7832,109.6540,108.6865,-0.0048,0.0186,0.0226,0.0057,0.1374,69.2095,0.0085,0.0385,0.0007,0.7147,0.0917,0.7083,buy
2025-02-20,109.6540,6343800,108.5220,109.8088,108.3189,0.0076,0.0081,0.0152,0.0118,0.1426,70.3063,0.0075,0.0374,-0.0001,0.7339,-0.2328,0.5465,sell
2025-02-21,108.1157,9664700,109.6443,110.9504,107.9996,-0.0140,-0.0057,0.0059,-0.0030,0.1238,68.7366,0.0088,0.0357,-0.0018,0.6416,0.5235,0.8264,buy
2025-02-24,109.5089,13120500,108.6865,110.2054,108.2511,0.0129,0.0057,0.0143,0.0084,0.1350,70.9866,0.0096,0.0342,-0.0023,0.7098,0.3576,1.0931,buy
2025-02-25,110.8633,11001800,109.4024,111.4922,109.0058,0.0124,0.0138,0.0338,0.0175,0.1451,68.5739,0.0097,0.0335,-0.0020,0.8045,-0.1615,0.9114,sell
2025-02-26,109.3250,7466800,110.8827,111.0568,108.6091,-0.0139,0.0045,0.0233,0.0011,0.1259,55.5133,0.0110,0.0323,-0.0030,0.7057,-0.3213,0.6378,buy
2025-02-27,110.7666,9013700,109.3250,111.9372,109.1315,0.0132,0.0101,0.0183,0.0125,0.1368,62.8134,0.0103,0.0312,-0.0029,0.8497,0.2072,0.8907,buy
2025-02-28,112.0436,11466000,111.3180,112.3145,110.5537,0.0115,0.0363,0.0304,0.0210,0.1456,64.9889,0.0107,0.0309,-0.0022,0.9513,0.2721,1.1533,sell
2025-03-03,111.6567,9225500,112.2662,113.6400,110.3893,-0.0035,0.0196,0.0254,0.0150,0.1365,66.6281,0.0108,0.0305,-0.0023,0.8920,-0.1954,0.9766,sell
2025-03-04,108.4156,12482400,111.2503,111.5212,108.3575,-0.0290,-0.0221,-0.0086,-0.0137,0.0991,54.8933,0.0147,0.0281,-0.0044,0.4128,0.3530,1.2968,hold
2025-03-05,108.0576,11926800,107.9415,108.8606,106.6258,-0.0033,-0.0116,-0.0071,-0.0162,0.0907,47.5373,0.0147,0.0251,-0.0061,0.3289,-0.0445,1.2339,sell
2025-03-06,102.0399,16321700,106.4323,106.8386,101.4981,-0.0557,-0.0788,-0.0694,-0.0645,0.0265,33.6793,0.0224,0.0190,-0.0112,-0.2948,0.3685,1.6586,buy
2025-03-07,103.0171,11637400,101.3240,103.3847,100.0759,0.0096,-0.0806,-0.0472,-0.0511,0.0325,36.2358,0.0228,0.0135,-0.0132,-0.0597,-0.2870,1.1846,sell
2025-03-10,97.8411,15823300,102.2915,102.5527,96.5543,-0.0502,-0.1237,-0.1065,-0.0890,-0.0220,27.8975,0.0259,0.0054,-0.0181,-0.2421,0.3597,1.5760,sell
2025-03-11,96.3415,10663500,98.5763,99.6502,95.7803,-0.0153,-0.1114,-0.1310,-0.0907,-0.0389,26.8887,0.0246,-0.0028,-0.0214,-0.1456,-0.3261,1.0500,sell
2025-03-12,95.4804,9461200,97.0381,97.0381,93.8164,-0.0089,-0.1164,-0.1266,-0.0869,-0.0488,23.8112,0.0247,-0.0101,-0.0230,-0.0624,-0.1127,0.9102,sell
2025-03-13,92.9166,9274300,95.4998,95.6546,92.8102,-0.0269,-0.0894,-0.1611,-0.0960,-0.0751,22.9418,0.0231,-0.0183,-0.0253,-0.0558,-0.0198,0.8837,buy
2025-03-14,94.9193,8240900,93.3810,95.0547,93.0327,0.0216,-0.0786,-0.1528,-0.0608,-0.0567,24.5785,0.0246,-0.0221,-0.0231,0.0898,-0.1114,0.7920,buy
2025-03-17,95.8577,10131700,94.5323,96.2157,93.8454,0.0099,-0.0203,-0.1415,-0.0365,-0.0489,23.4690,0.0258,-0.0241,-0.0201,0.1669,0.2294,0.9690,sell
2025-03-18,95.0837,7423400,96.0029,96.1383,94.5033,-0.0081,-0.0131,-0.1230,-0.0313,-0.0577,24.1209,0.0253,-0.0264,-0.0179,0.1763,-0.2673,0.7105,buy
2025-03-19,95.9642,4982700,95.0741,96.2931,94.7645,0.0093,0.0051,-0.1119,-0.0101,-0.0503,22.5413,0.0261,-0.0268,-0.0147,0.2362,-0.3288,0.4845,hold
2025-03-20,96.0512,5952800,95.6352,96.4479,95.4611,0.0009,0.0337,-0.0587,-0.0031,-0.0507,18.9636,0.0212,-0.0269,-0.0118,0.2642,0.1947,0.5800,sell
2025-03-21,93.9131,11366000,94.7548,94.8225,93.1585,-0.0223,-0.0106,-0.0884,-0.0160,-0.0726,17.7567,0.0210,-0.0291,-0.0110,0.2192,0.9094,1.0983,sell
2025-03-24,92.6070,8265000,94.8419,95.0063,92.5199,-0.0139,-0.0339,-0.0535,-0.0243,-0.0862,19.0998,0.0155,-0.0315,-0.0105,0.2058,-0.2728,0.8178,hold
2025-03-25,92.7618,6984800,93.0617,93.8163,91.6879,0.0017,-0.0244,-0.0372,-0.0190,-0.0853,19.8627,0.0152,-0.0326,-0.0093,0.2370,-0.1549,0.7051,buy
2025-03-26,94.7838,9561600,92.8779,95.1902,92.8779,0.0218,-0.0123,-0.0073,0.0032,-0.0663,33.0317,0.0170,-0.0307,-0.0063,0.3278,0.3689,0.9552,buy
2025-03-27,95.6352,9141000,94.7161,96.6704,94.3678,0.0090,-0.0043,0.0293,0.0093,-0.0590,32.6354,0.0144,-0.0284,-0.0034,0.3775,-0.0440,0.9126,sell
2025-03-28,94.5516,8066200,94.8129,95.2869,93.9034,-0.0113,0.0068,-0.0039,-0.0018,-0.0706,40.4172,0.0134,-0.0277,-0.0020,0.3518,-0.1176,0.8192,hold
2025-03-31,94.8999,11302900,93.4777,95.6062,91.5041,0.0037,0.0248,-0.0100,0.0029,-0.0679,45.4985,0.0130,-0.0263,-0.0005,0.3838,0.4013,1.1359,hold
2025-04-01,95.0354,5868400,94.6677,95.6836,93.9711,0.0014,0.0245,-0.0005,0.0044,-0.0672,48.5443,0.0128,-0.0247,0.0008,0.4112,-0.4808,0.6100,buy
2025-04-02,96.1770,6043300,94.2421,96.5059,94.2421,0.0120,0.0147,0.0022,0.0162,-0.0564,61.7585,0.0131,-0.0220,0.0026,0.5363,0.0298,0.6480,sell
2025-04-03,85.3896,20490100,90.3141,90.3528,84.7995,-0.1122,-0.1071,-0.1110,-0.0875,-0.1608,28.9620,0.0379,-0.0325,-0.0038,-0.2611,2.3905,2.1492,sell
2025-04-04,79.4300,19700100,81.9067,82.6517,78.6560,-0.0698,-0.1599,-0.1542,-0.1378,-0.2171,20.3147,0.0422,-0.0470,-0.0130,-0.3528,-0.0386,1.9825,sell
2025-04-07,77.3983,26099400,76.0728,80.5619,73.6735,-0.0256,-0.1844,-0.1642,-0.1458,-0.2344,19.4315,0.0423,-0.0595,-0.0196,-0.2028,0.3248,2.4973,hold
2025-04-08,77.0983,20534600,80.3684,80.7651,76.1309,-0.0039,-0.1887,-0.1689,-0.1341,-0.2345,16.7236,0.0420,-0.0682,-0.0225,-0.0731,-0.2132,1.8762,buy
2025-04-09,85.7960,26668100,76.6436,86.2313,75.3956,0.1128,-0.1079,-0.0948,-0.0266,-0.1463,36.1257,0.0582,-0.0585,-0.0140,0.2873,0.2987,2.2591,sell
2025-04-10,81.8486,16209300,83.3095,83.7643,79.0139,-0.0460,-0.0415,-0.1442,-0.0566,-0.1819,34.4397,0.0590,-0.0621,-0.0124,0.1726,-0.3922,1.3339,hold
2025-04-11,82.6517,10059700,81.6842,83.0290,79.4106,0.0098,0.0406,-0.1259,-0.0341,-0.1702,36.9912,0.0595,-0.0607,-0.0091,0.2309,-0.3794,0.8217,hold
2025-04-14,82.7097,8880500,83.5127,83.9481,80.6877,0.0007,0.0686,-0.1285,-0.0195,-0.1661,36.8315,0.0594,-0.0593,-0.0062,0.2584,-0.1172,0.7291,sell
2025-04-15,80.9876,7088600,82.7194,83.2612,80.7457,-0.0208,0.0504,-0.1478,-0.0236,-0.1796,31.7833,0.0593,-0.0604,-0.0050,0.2266,-0.2018,0.5828,sell
2025-04-16,78.1335,13080800,80.5909,80.8038,77.2918,-0.0352,-0.0893,-0.1876,-0.0371,-0.2040,28.0514,0.0588,-0.0647,-0.0058,0.1657,0.8453,1.0408,hold
2025-04-17,78.8495,9787500,78.6076,79.8653,78.5592,0.0092,-0.0366,-0.0766,-0.0204,-0.1919,30.1249,0.0492,-0.0643,-0.0047,0.2197,-0.2518,0.7671,hold
2025-04-21,78.0561,10595600,77.7466,78.1916,75.5891,-0.0101,-0.0556,-0.0173,-0.0286,-0.1952,28.9174,0.0440,-0.0652,-0.0040,0.2225,0.0826,0.8329,buy
2025-04-22,79.0913,10408600,79.2461,80.7747,78.9656,0.0133,-0.0437,0.0219,-0.0178,-0.1796,30.4832,0.0433,-0.0627,-0.0019,0.2807,-0.0176,0.8114,hold
2025-04-23,80.1169,9114400,81.2682,82.9516,79.9621,0.0130,-0.0108,0.0392,-0.0088,-0.1643,30.2850,0.0434,-0.0589,0.0009,0.3344,-0.1243,0.7046,hold
2025-04-24,81.1327,6798100,79.7105,81.4036,78.9269,0.0127,0.0384,-0.0544,0.0096,-0.1491,43.1250,0.0218,-0.0542,0.0039,0.3876,-0.2541,0.5312,hold
2025-04-25,81.0844,5799400,80.9102,81.2585,79.7783,-0.0006,0.0283,-0.0093,0.0100,-0.1447,53.3025,0.0165,-0.0506,0.0060,0.4050,-0.1469,0.4592,hold
2025-04-28,81.1714,7091400,81.5874,82.2937,80.5619,0.0011,0.0399,-0.0179,0.0130,-0.1387,58.1658,0.0161,-0.0470,0.0077,0.4285,0.2228,0.5637,buy
2025-04-29,82.0905,16356900,80.9199,82.3034,80.4942,0.0113,0.0379,-0.0075,0.0252,-0.1240,60.5220,0.0166,-0.0423,0.0094,0.4941,1.3066,1.2745,sell
2025-04-30,77.4466,41297000,73.8863,77.6691,73.0446,-0.0566,-0.0333,-0.0437,-0.0285,-0.1679,28.7752,0.0238,-0.0457,0.0073,0.2727,1.5247,2.8276,buy
2025-05-01,79.3429,18326700,78.0852,80.0201,77.6595,0.0245,-0.0221,0.0155,-0.0062,-0.1421,42.8886,0.0226,-0.0428,0.0071,0.3841,-0.5562,1.2042,buy
2025-05-02,81.9357,13512900,79.9040,82.0712,79.3816,0.0327,0.0105,0.0391,0.0223,-0.1087,48.1555,0.0246,-0.0371,0.0090,0.6816,-0.2627,0.9087,sell
2025-05-05,79.0043,13361900,81.2682,81.3456,78.9365,-0.0358,-0.0267,0.0121,-0.0154,-0.1351,41.6847,0.0274,-0.0374,0.0083,0.3555,-0.0112,0.9181,buy
2025-05-06,80.0878,10709500,78.3657,80.6587,77.9884,0.0137,-0.0244,0.0126,-0.0032,-0.1176,47.9213,0.0274,-0.0346,0.0084,0.4597,-0.1985,0.7769,hold
2025-05-07,80.0201,8224800,80.2717,80.5232,79.4687,-0.0008,0.0332,-0.0012,-0.0039,-0.1123,55.0026,0.0271,-0.0325,0.0084,0.4298,-0.2320,0.6246,hold
2025-05-08,79.5170,8759800,80.6296,80.8812,79.0333,-0.0063,0.0022,-0.0199,-0.0081,-0.1120,51.7904,0.0268,-0.0312,0.0080,0.3812,0.0650,0.7137,sell
2025-05-09,77.6885,8210700,79.7299,79.9814,77.5918,-0.0230,-0.0518,-0.0419,-0.0268,-0.1259,49.0659,0.0276,-0.0322,0.0063,0.1358,-0.0627,0.6915,buy
2025-05-12,82.8839,17241500,80.9295,83.7256,80.9199,0.0669,0.0491,0.0211,0.0360,-0.0613,57.9546,0.0356,-0.0251,0.0089,0.9279,1.0999,1.4095,buy
2025-05-13,84.0545,11533700,83.0774,84.3061,82.3324,0.0141,0.0495,0.0239,0.0481,-0.0421,58.2090,0.0357,-0.0194,0.0113,1.0502,-0.3311,0.9328,hold
2025-05-14,83.7256,12741500,83.8900,84.7801,82.9516,-0.0039,0.0463,0.0811,0.0359,-0.0404,55.5648,0.0293,-0.0153,0.0124,0.9434,0.1047,1.0074,hold
2025-05-15,84.4221,13721900,83.7256,84.9252,83.0290,0.0083,0.0617,0.0640,0.0380,-0.0272,56.9697,0.0287,-0.0111,0.0130,0.9596,0.0769,1.0822,sell
2025-05-16,83.3699,13109500,84.3929,84.6755,82.1131,-0.0125,0.0731,0.0175,0.0232,-0.0352,54.4129,0.0277,-0.0090,0.0124,0.7998,-0.0446,1.0205,sell
2025-05-19,82.4346,9568100,82.2787,82.9510,81.9475,-0.0112,-0.0054,0.0434,0.0075,-0.0414,50.6902,0.0249,-0.0080,0.0109,0.6704,-0.2701,0.7478,buy
2025-05-20,83.3894,9310600,82.3469,83.9350,82.2787,0.0116,-0.0079,0.0412,0.0151,-0.0270,63.9913,0.0248,-0.0061,0.0101,0.7589,-0.0269,0.7308,sell
2025-05-21,80.8465,10875400,82.2397,83.3115,80.3886,-0.0305,-0.0344,0.0103,-0.0169,-0.0533,53.4354,0.0272,-0.0073,0.0075,0.4470,0.1681,0.8478,buy
2025-05-22,81.8111,8440400,81.0803,82.3079,80.5932,0.0119,-0.0309,0.0288,-0.0079,-0.0389,49.6922,0.0272,-0.0069,0.0062,0.5601,-0.2239,0.6538,hold
2025-05-23,82.2300,7088200,80.4568,82.6489,80.4470,0.0051,-0.0137,0.0585,-0.0083,-0.0316,59.0901,0.0256,-0.0062,0.0055,0.6036,-0.1602,0.5463,buy
2025-05-27,84.7729,10922300,83.2335,84.8508,83.0289,0.0309,0.0284,0.0228,0.0201,0.0008,62.1991,0.0173,-0.0030,0.0066,0.8656,0.5409,0.8296,sell
2025-05-28,83.7888,12328500,85.1821,85.3477,82.3664,-0.0116,0.0048,-0.0032,0.0085,-0.0080,59.3662,0.0173,-0.0016,0.0065,0.7384,0.1287,0.9510,sell
2025-05-29,81.8890,10308700,82.7171,83.4966,81.5480,-0.0227,0.0129,-0.0219,-0.0121,-0.0275,55.5122,0.0187,-0.0023,0.0048,0.5035,-0.1638,0.9031,hold
2025-05-30,81.7916,7394100,81.7818,82.1033,81.0511,-0.0012,-0.0002,-0.0312,-0.0102,-0.0253,60.3694,0.0183,-0.0029,0.0034,0.4753,-0.2827,0.6803,buy
2025-06-02,82.9997,8258900,81.1388,83.1069,81.0511,0.0148,0.0094,-0.0044,0.0049,-0.0079,50.3666,0.0188,-0.0021,0.0033,0.6233,0.1170,0.7787,buy
2025-06-03,84.3734,8287700,82.8828,85.2405,82.2300,0.0166,-0.0047,0.0235,0.0191,0.0109,50.9966,0.0191,-0.0002,0.0041,0.7748,0.0035,0.8006,buy
2025-06-04,85.8446,8740900,84.4027,86.2636,83.8083,0.0174,0.0245,0.0294,0.0338,0.0302,56.1807,0.0195,0.0027,0.0055,0.9140,0.0547,0.8525,sell
2025-06-05,84.7534,8476100,85.9128,86.1369,84.6267,-0.0127,0.0350,0.0483,0.0159,0.0190,50.9444,0.0167,0.0039,0.0054,0.7502,-0.0303,0.8257,buy
2025-06-06,87.3353,8772900,86.1271,87.5788,85.9713,0.0305,0.0678,0.0675,0.0400,0.0520,60.3985,0.0185,0.0070,0.0068,1.0128,0.0350,0.8545,buy
2025-06-09,88.3388,8097300,86.7897,88.7967,86.7897,0.0115,0.0643,0.0743,0.0443,0.0659,65.4277,0.0185,0.0102,0.0080,1.1133,-0.0770,0.7891,buy
2025-06-10,89.0792,6911100,87.5886,89.5274,87.2281,0.0084,0.0558,0.0508,0.0478,0.0763,65.0360,0.0166,0.0133,0.0088,1.0696,-0.1465,0.7092,buy
2025-06-11,92.9374,14835500,89.7418,93.4441,89.6346,0.0433,0.0826,0.1092,0.0815,0.1234,79.8748,0.0193,0.0182,0.0112,1.2111,1.1466,1.4971,sell
2025-06-12,91.8949,7183300,92.2457,92.6257,91.5539,-0.0112,0.0843,0.1222,0.0571,0.1117,74.8201,0.0174,0.0217,0.0117,1.0157,-0.5158,0.7458,sell
2025-06-13,90.8622,7119900,91.0960,92.1775,90.7648,-0.0112,0.0404,0.1109,0.0344,0.1006,70.6238,0.0185,0.0234,0.0106,0.8872,-0.0088,0.7655,hold
2025-06-16,91.0765,5871000,91.5637,92.0021,90.5504,0.0024,0.0310,0.0973,0.0274,0.1017,66.9460,0.0186,0.0243,0.0093,0.8563,-0.1754,0.6567,sell
2025-06-17,89.2351,6183000,90.7648,90.8135,88.4557,-0.0202,0.0018,0.0576,0.0011,0.0768,63.9960,0.0206,0.0237,0.0067,0.7136,0.0531,0.7050,buy
2025-06-18,89.9074,7319300,89.5177,90.1997,88.8844,0.0075,-0.0326,0.0473,0.0041,0.0817,71.9936,0.0202,0.0230,0.0049,0.7333,0.1838,0.8441,buy
2025-06-20,90.7258,9197000,90.6868,91.3883,90.0243,0.0091,-0.0127,0.0705,0.0065,0.0880,73.5733,0.0192,0.0229,0.0039,0.7611,0.2565,1.0711,sell
2025-06-23,89.9658,7533000,90.8037,90.8135,88.4070,-0.0084,-0.0099,0.0301,-0.0048,0.0778,68.8257,0.0178,0.0222,0.0024,0.6902,-0.1809,0.8819,sell
2025-06-24,89.1474,11373900,90.5212,91.4273,87.9880,-0.0091,-0.0212,0.0092,-0.0148,0.0661,63.3008,0.0179,0.0207,0.0006,0.6158,0.5099,1.2990,hold
2025-06-25,88.7577,6929600,89.4008,89.6346,88.2901,-0.0044,-0.0054,-0.0036,-0.0187,0.0599,58.6366,0.0178,0.0188,-0.0011,0.5746,-0.3907,0.8099,buy
2025-06-26,89.4787,6571600,89.7320,89.8295,88.0952,0.0081,-0.0048,-0.0372,-0.0070,0.0668,64.3237,0.0100,0.0176,-0.0017,0.6101,-0.0517,0.7948,hold
2025-06-27,89.7418,21491600,89.4105,90.3361,88.0075,0.0029,-0.0108,-0.0234,-0.0016,0.0677,58.4880,0.0098,0.0168,-0.0020,0.6108,2.2704,2.4347,sell
2025-06-30,89.2741,10083300,90.0438,91.7391,88.7383,-0.0052,-0.0077,-0.0175,-0.0051,0.0593,53.4286,0.0094,0.0156,-0.0026,0.5475,-0.5308,1.1251,buy
2025-07-01,92.4795,9828400,89.1864,93.3953,89.1864,0.0359,0.0374,0.0154,0.0290,0.0938,60.5566,0.0152,0.0167,-0.0007,0.8495,-0.0253,1.0872,sell
2025-07-02,91.7585,7942300,92.8303,92.8498,90.9499,-0.0078,0.0338,0.0283,0.0181,0.0818,45.4546,0.0137,0.0174,-0.0002,0.7588,-0.1919,0.8802,hold
2025-07-03,92.0119,3557300,91.7780,92.2165,91.3493,0.0028,0.0283,0.0234,0.0186,0.0815,50.4800,0.0136,0.0177,0.0002,0.7704,-0.5521,0.4059,sell
2025-07-07,91.2324,5311200,91.7391,92.5087,90.5797,-0.0085,0.0166,0.0056,0.0094,0.0695,51.5523,0.0137,0.0173,-0.0003,0.6622,0.4930,0.6172,buy
2025-07-08,92.4990,6985700,91.6416,93.2882,91.3688,0.0139,0.0361,0.0282,0.0205,0.0815,55.4805,0.0139,0.0175,0.0001,0.8515,0.3153,0.8203,hold
2025-07-09,92.8010,8322400,95.0419,95.3731,92.2262,0.0033,0.0035,0.0410,0.0198,0.0820,65.5877,0.0133,0.0179,0.0004,0.8683,0.1913,0.9759,hold
2025-07-10,92.7036,6913600,92.4405,93.2784,91.1447,-0.0010,0.0103,0.0445,0.0143,0.0780,62.8700,0.0131,0.0180,0.0004,0.8166,-0.1693,0.8107,hold
2025-07-11,92.4990,6339800,91.9437,92.8692,91.7196,-0.0022,0.0053,0.0338,0.0087,0.0730,58.6502,0.0132,0.0176,0.0000,0.7903,-0.0830,0.7824,sell
2025-07-14,91.0181,6048300,91.2714,91.5442,89.8977,-0.0160,-0.0023,0.0142,-0.0088,0.0525,54.7958,0.0145,0.0162,-0.0014,0.5294,-0.0460,0.7517,sell
2025-07-15,90.1022,8567900,91.2129,91.8755,89.7807,-0.0101,-0.0259,0.0093,-0.0197,0.0394,54.3134,0.0149,0.0139,-0.0031,0.3685,0.4166,1.0554,hold
2025-07-16,90.1315,7136900,90.2776,90.8817,89.2059,0.0003,-0.0288,-0.0254,-0.0168,0.0377,56.4150,0.0085,0.0119,-0.0041,0.3831,-0.1670,0.8723,buy
2025-07-17,90.7940,8589000,88.3972,90.8914,88.2414,0.0074,-0.0206,-0.0105,-0.0086,0.0425,56.1757,0.0088,0.0107,-0.0041,0.4891,0.2035,1.0346,buy
2025-07-18,91.3883,5172800,91.6221,92.0313,90.8525,0.0065,-0.0120,-0.0068,-0.0014,0.0466,57.4978,0.0090,0.0101,-0.0037,0.5883,-0.3977,0.6312,sell
2025-07-21,90.2776,7217300,91.8755,92.8400,90.2289,-0.0122,-0.0081,-0.0105,-0.0125,0.0315,54.3168,0.0094,0.0088,-0.0041,0.3813,0.3952,0.8915,buy
2025-07-22,94.4476,9992400,90.5602,94.6619,90.4627,0.0462,0.0482,0.0211,0.0309,0.0755,57.8174,0.0173,0.0107,-0.0013,1.0476,0.3845,1.2158,sell
2025-07-23,93.4538,11275300,94.8470,95.6557,93.0836,-0.0105,0.0369,0.0070,0.0193,0.0604,56.5909,0.0178,0.0117,-0.0004,0.8460,0.1284,1.3727,sell
2025-07-24,91.2909,7897600,93.0446,93.1225,91.0181,-0.0231,0.0055,-0.0152,-0.0027,0.0338,47.5593,0.0193,0.0106,-0.0014,0.4682,-0.2996,0.9559,buy
2025-07-25,91.9924,7224100,90.9986,92.0508,89.9366,0.0077,0.0066,-0.0055,0.0055,0.0399,52.5862,0.0195,0.0100,-0.0015,0.5752,-0.0853,0.8709,sell
2025-07-28,91.2617,10333600,92.4893,93.2784,91.0571,-0.0079,0.0109,0.0027,-0.0028,0.0299,45.6297,0.0190,0.0089,-0.0022,0.4183,0.4304,1.3356,sell
2025-07-29,90.5699,20923600,90.8525,91.9631,89.4202,-0.0076,-0.0411,0.0052,-0.0108,0.0207,42.3309,0.0189,0.0073,-0.0031,0.2468,1.0248,2.5273,hold
2025-07-30,90.3750,44794700,95.3147,96.3474,87.7542,-0.0022,-0.0329,0.0027,-0.0132,0.0169,42.0492,0.0189,0.0058,-0.0037,0.2329,1.1409,4.4673,sell
2025-07-31,86.8676,16565400,89.2449,90.6771,86.1564,-0.0388,-0.0485,-0.0432,-0.0474,-0.0236,34.3106,0.0223,0.0015,-0.0067,-0.2128,-0.6302,1.5839,sell
2025-08-01,84.6267,16221300,86.1174,86.2246,83.2920,-0.0258,-0.0801,-0.0740,-0.0651,-0.0490,32.9167,0.0229,-0.0043,-0.0102,-0.2328,-0.0208,1.4625,buy
2025-08-04,87.4717,12500400,84.8411,87.7932,84.7047,0.0336,-0.0415,-0.0311,-0.0306,-0.0185,43.6261,0.0262,-0.0059,-0.0093,0.1380,-0.2294,1.0916,hold
2025-08-05,87.8809,6994400,87.3450,88.2316,87.0137,0.0047,-0.0297,-0.0695,-0.0190,-0.0153,44.6453,0.0202,-0.0068,-0.0081,0.2137,-0.4405,0.6108,sell
2025-08-06,86.7020,7869100,87.8906,88.0368,86.5364,-0.0134,-0.0406,-0.0722,-0.0248,-0.0294,40.4977,0.0203,-0.0086,-0.0080,0.1357,0.1251,0.6885,buy
2025-08-07,88.6798,9891800,87.4230,89.0110,87.1891,0.0228,0.0209,-0.0286,0.0004,-0.0082,44.0901,0.0214,-0.0079,-0.0058,0.3542,0.2570,0.8544,buy
2025-08-08,89.7515,8035300,88.4362,89.8392,88.4167,0.0121,0.0606,-0.0244,0.0151,0.0025,48.8501,0.0217,-0.0063,-0.0034,0.4785,-0.1877,0.6890,hold
2025-08-11,89.3813,9504400,89.6736,90.0633,88.1634,-0.0041,0.0218,-0.0206,0.0130,-0.0033,36.7211,0.0216,-0.0055,-0.0020,0.4476,0.1828,0.8031,buy
2025-08-12,90.9694,9669300,91.0376,92.4113,90.6868,0.0178,0.0351,0.0044,0.0306,0.0123,43.6850,0.0224,-0.0032,0.0001,0.6118,0.0173,0.8132,buy
2025-08-13,91.7585,6493400,90.7843,92.2554,90.3556,0.0087,0.0583,0.0153,0.0379,0.0191,51.2780,0.0225,-0.0008,0.0020,0.6841,-0.3285,0.5476,sell
2025-08-14,90.6673,9803500,91.2032,91.2032,89.7125,-0.0119,0.0224,0.0437,0.0212,0.0056,46.4547,0.0183,0.0001,0.0024,0.5708,0.5098,0.8225,sell
2025-08-15,88.8530,8059700,90.7654,90.9419,88.6275,-0.0200,-0.0100,0.0499,-0.0040,-0.0152,43.9085,0.0173,-0.0008,0.0012,0.3938,-0.1779,0.6681,buy
2025-08-18,90.7556,7376200,88.5686,91.7756,88.1665,0.0214,0.0154,0.0375,0.0136,0.0046,50.4425,0.0154,0.0003,0.0018,0.5909,-0.0848,0.6111,sell
2025-08-19,89.1767,6815800,90.7556,91.1773,88.9805,-0.0174,-0.0197,0.0147,-0.0055,-0.0133,47.3209,0.0168,-0.0003,0.0010,0.4475,-0.0760,0.5722,sell
2025-08-20,87.7840,5814000,89.2061,89.5591,87.7252,-0.0156,-0.0433,0.0125,-0.0222,-0.0286,52.2627,0.0170,-0.0021,-0.0006,0.3022,-0.1470,0.4995,sell
2025-08-21,86.8523,5669200,87.3133,87.4702,86.4110,-0.0106,-0.0421,-0.0206,-0.0306,-0.0385,55.8750,0.0155,-0.0043,-0.0023,0.2148,-0.0249,0.4918,hold
2025-08-22,86.6758,7625500,87.4113,88.1175,86.6072,-0.0020,-0.0245,-0.0343,-0.0292,-0.0391,47.5547,0.0147,-0.0062,-0.0033,0.2190,0.3451,0.6603,sell
2025-08-25,84.1554,11013500,86.5189,86.6170,84.0573,-0.0291,-0.0727,-0.0585,-0.0519,-0.0654,39.8677,0.0168,-0.0102,-0.0058,-0.0132,0.4443,0.9509,buy
2025-08-26,84.9596,9315200,84.2338,85.5186,83.9200,0.0096,-0.0473,-0.0661,-0.0363,-0.0552,45.1625,0.0157,-0.0122,-0.0062,0.1293,-0.1542,0.8467,buy
2025-08-27,85.9697,7677900,84.9596,86.6072,84.8321,0.0119,-0.0207,-0.0631,-0.0184,-0.0429,42.0488,0.0161,-0.0126,-0.0054,0.2686,-0.1758,0.8395,hold
2025-08-28,86.3227,7905600,86.5189,86.7543,85.9108,0.0041,-0.0061,-0.0479,-0.0095,-0.0384,39.4973,0.0163,-0.0125,-0.0042,0.3135,0.0297,0.9074,hold
2025-08-29,86.4895,6315200,86.3031,86.8622,85.7147,0.0019,-0.0021,-0.0266,-0.0049,-0.0358,41.0303,0.0155,-0.0121,-0.0031,0.3123,-0.2012,0.7685,buy
2025-09-02,88.0488,10466200,86.1462,88.2548,85.4989,0.0180,0.0463,-0.0298,0.0162,-0.0178,40.9249,0.0149,-0.0101,-0.0010,0.4949,0.6573,1.2896,sell
2025-09-03,85.5676,10201000,87.6761,87.7546,84.6261,-0.0282,0.0072,-0.0405,-0.0083,-0.0445,32.5931,0.0164,-0.0111,-0.0014,0.2220,-0.0253,1.2326,hold
2025-09-04,85.3322,6799200,85.4891,86.0776,84.7242,-0.0028,-0.0074,-0.0279,-0.0082,-0.0464,34.2410,0.0159,-0.0119,-0.0017,0.2112,-0.3335,0.8269,sell
2025-09-05,83.7827,9047200,85.1851,85.6657,83.4198,-0.0182,-0.0294,-0.0353,-0.0227,-0.0626,34.7852,0.0165,-0.0139,-0.0029,0.0962,0.3306,1.1060,sell
2025-09-08,82.5470,9213700,83.8514,83.8514,82.0664,-0.0147,-0.0456,-0.0476,-0.0325,-0.0750,24.3409,0.0168,-0.0167,-0.0044,0.0435,0.0184,1.1183,hold
2025-09-09,82.1939,8635800,82.5764,83.0472,81.6643,-0.0043,-0.0665,-0.0233,-0.0344,-0.0774,26.3612,0.0145,-0.0189,-0.0052,0.0747,-0.0627,1.0537,sell
2025-09-10,81.2819,8108000,82.2528,82.3803,81.1740,-0.0111,-0.0501,-0.0433,-0.0410,-0.0860,27.2477,0.0141,-0.0215,-0.0061,0.0529,-0.0611,0.9988,sell
2025-09-11,80.7719,12046600,81.6840,82.3116,80.5463,-0.0063,-0.0534,-0.0605,-0.0411,-0.0894,28.0763,0.0129,-0.0237,-0.0066,0.0538,0.4858,1.4349,sell
2025-09-12,80.3208,9996200,80.7817,80.9484,79.6343,-0.0056,-0.0413,-0.0695,-0.0396,-0.0921,27.5312,0.0124,-0.0257,-0.0068,0.0640,-0.1702,1.1893,buy
2025-09-15,81.0857,9685900,80.4973,82.2528,80.3992,0.0095,-0.0177,-0.0625,-0.0242,-0.0812,37.6088,0.0132,-0.0259,-0.0057,0.1668,-0.0310,1.1413,buy
2025-09-16,82.7431,10244300,81.4290,83.0962,81.3996,0.0204,0.0067,-0.0603,0.0022,-0.0606,41.6296,0.0137,-0.0238,-0.0032,0.3243,0.0577,1.1871,sell
2025-09-17,81.6153,6632200,82.8510,83.2237,81.3603,-0.0136,0.0041,-0.0462,-0.0067,-0.0711,33.7004,0.0118,-0.0237,-0.0023,0.2384,-0.3526,0.7693,hold
2025-09-18,81.8115,7163700,81.5369,81.9880,81.0367,0.0024,0.0129,-0.0413,-0.0000,-0.0665,32.9124,0.0120,-0.0228,-0.0012,0.2798,0.0801,0.8245,buy
2025-09-19,82.9295,15315900,82.5078,83.5768,81.7722,0.0137,0.0325,-0.0102,0.0147,-0.0517,37.4220,0.0121,-0.0206,0.0006,0.4133,1.1380,1.6701,buy
2025-09-22,83.6454,7881700,82.6058,83.7533,82.0763,0.0086,0.0316,0.0133,0.0221,-0.0415,33.4562,0.0113,-0.0180,0.0024,0.5076,-0.4854,0.8583,buy
2025-09-23,84.0377,8765500,83.5081,84.5182,83.2139,0.0047,0.0156,0.0224,0.0245,-0.0355,43.1818,0.0112,-0.0154,0.0039,0.5528,0.1121,0.9663,sell
2025-09-24,82.6451,9664000,83.9298,83.9985,82.5078,-0.0166,0.0126,0.0168,0.0059,-0.0499,39.1442,0.0120,-0.0149,0.0038,0.4070,0.1025,1.0633,sell
2025-09-25,82.2136,8670500,82.9099,83.0374,81.2917,-0.0052,0.0049,0.0178,-0.0011,-0.0531,43.0314,0.0119,-0.0146,0.0034,0.3753,-0.1028,0.9488,sell
2025-09-26,81.7820,6955500,82.2332,82.9883,81.3015,-0.0052,-0.0138,0.0182,-0.0081,-0.0561,46.3415,0.0119,-0.0146,0.0028,0.3435,-0.1978,0.7651,buy
2025-09-29,83.9886,11222800,82.0370,84.1848,81.9390,0.0270,0.0041,0.0358,0.0151,-0.0290,57.2909,0.0142,-0.0119,0.0040,0.6440,0.6135,1.2021,sell
2025-09-30,82.9687,7574200,83.5866,83.6062,82.5568,-0.0121,-0.0127,0.0027,0.0025,-0.0391,56.7931,0.0137,-0.0111,0.0040,0.5539,-0.3251,0.8241,hold
2025-10-01,82.7726,8155200,82.8314,83.4983,82.3410,-0.0024,0.0015,0.0142,-0.0013,-0.0388,58.2659,0.0128,-0.0104,0.0038,0.5502,0.0767,0.8973,buy
2025-10-02,85.0478,9461500,82.6254,85.5774,82.4097,0.0275,0.0345,0.0396,0.0222,-0.0105,66.9718,0.0152,-0.0073,0.0052,1.0251,0.1602,1.0260,hold
2025-10-03,84.7536,7634500,84.8321,85.2244,84.3025,-0.0035,0.0363,0.0220,0.0164,-0.0124,63.6298,0.0150,-0.0054,0.0057,0.9289,-0.1931,0.8342,sell
2025-10-06,80.5267,14996700,84.6261,84.6261,80.4777,-0.0499,-0.0412,-0.0373,-0.0307,-0.0591,43.0844,0.0220,-0.0081,0.0029,0.1447,0.9643,1.5885,sell
2025-10-07,79.7225,10070100,80.5758,80.8700,79.2322,-0.0100,-0.0391,-0.0513,-0.0353,-0.0660,43.9725,0.0219,-0.0109,0.0002,0.0618,-0.3285,1.0586,sell
2025-10-08,78.4966,12397700,79.5656,79.5656,78.3888,-0.0154,-0.0517,-0.0502,-0.0454,-0.0778,40.0938,0.0218,-0.0143,-0.0025,-0.0414,0.2311,1.2746,hold
2025-10-09,78.2416,9075700,78.5751,78.9085,77.8984,-0.0032,-0.0800,-0.0483,-0.0439,-0.0781,35.2287,0.0218,-0.0170,-0.0041,-0.0032,-0.2680,0.9475,sell
2025-10-10,76.9471,11129800,78.1240,79.6441,76.8981,-0.0165,-0.0921,-0.0591,-0.0541,-0.0913,29.6362,0.0221,-0.0205,-0.0059,-0.0649,0.2263,1.1552,buy
2025-10-13,78.4868,8052000,77.3296,78.8889,76.9961,0.0200,-0.0253,-0.0655,-0.0286,-0.0717,34.2252,0.0211,-0.0208,-0.0052,0.1457,-0.2765,0.8429,buy
2025-10-14,79.5852,7510300,77.7219,79.9089,77.5061,0.0140,-0.0017,-0.0408,-0.0108,-0.0570,41.1565,0.0219,-0.0197,-0.0035,0.2848,-0.0673,0.7976,buy
2025-10-15,81.2623,11094300,80.1246,81.7134,79.9971,0.0211,0.0352,-0.0182,0.0119,-0.0356,47.4352,0.0233,-0.0169,-0.0007,0.4649,0.4772,1.1509,buy
2025-10-16,82.7137,11552100,81.5957,83.2531,81.4388,0.0179,0.0572,-0.0274,0.0330,-0.0174,52.3809,0.0221,-0.0131,0.0022,0.6136,0.0413,1.1717,buy
2025-10-17,83.7141,8527600,82.6255,84.2829,82.3999,0.0121,0.0879,-0.0123,0.0468,-0.0044,49.2522,0.0226,-0.0091,0.0048,0.7125,-0.2618,0.8958,sell
2025-10-20,82.9001,7679700,84.0377,84.6752,82.8020,-0.0097,0.0562,0.0295,0.0336,-0.0124,49.8109,0.0154,-0.0069,0.0057,0.6329,-0.0994,0.8076,buy
2025-10-21,84.2436,8262500,82.5176,84.8419,82.0370,0.0162,0.0585,0.0567,0.0444,0.0048,53.8110,0.0152,-0.0036,0.0070,0.7722,0.0759,0.8712,sell
2025-10-22,83.8513,5286300,84.1063,84.3417,83.2629,-0.0047,0.0319,0.0682,0.0327,0.0018,46.5653,0.0138,-0.0015,0.0074,0.7209,-0.3602,0.5705,hold
2025-10-23,83.7925,4565500,83.8317,84.2436,83.3414,-0.0007,0.0130,0.0709,0.0250,0.0030,47.2032,0.0136,0.0001,0.0072,0.7031,-0.1364,0.5039,buy
2025-10-24,84.4300,5844600,84.4398,85.1655,84.2044,0.0076,0.0086,0.0972,0.0234,0.0122,64.3578,0.0109,0.0020,0.0072,0.7473,0.2802,0.6491,buy
2025-10-27,85.5382,7164600,84.6163,85.7539,84.4496,0.0131,0.0318,0.0898,0.0281,0.0263,70.9245,0.0103,0.0045,0.0077,0.8372,0.2258,0.8140,sell
2025-10-28,83.7827,11545600,85.2244,85.8520,83.6650,-0.0205,-0.0055,0.0527,0.0019,0.0069,68.3209,0.0136,0.0048,0.0065,0.6646,0.6115,1.2828,sell
2025-10-29,82.5470,13881700,82.5176,83.2531,81.6742,-0.0147,-0.0156,0.0158,-0.0144,-0.0064,63.9720,0.0137,0.0038,0.0044,0.5490,0.2023,1.4948,sell
2025-10-30,81.5467,18337500,80.6444,84.3908,79.6833,-0.0121,-0.0268,-0.0141,-0.0250,-0.0170,65.2174,0.0130,0.0020,0.0021,0.4698,0.3210,1.8845,sell
2025-10-31,79.3106,13598000,81.1740,81.1838,78.6732,-0.0274,-0.0606,-0.0526,-0.0467,-0.0422,52.6055,0.0144,-0.0017,-0.0013,0.2738,-0.2585,1.3559,hold
2025-11-03,79.3989,9525100,79.3695,80.3404,79.0458,0.0011,-0.0718,-0.0422,-0.0416,-0.0394,49.3705,0.0144,-0.0045,-0.0033,0.2914,-0.2995,0.9764,sell
2025-11-04,78.0651,17774600,79.6146,79.6343,76.4862,-0.0168,-0.0682,-0.0733,-0.0506,-0.0542,38.9417,0.0129,-0.0082,-0.0056,0.1796,0.8661,1.7529,buy
2025-11-05,81.2819,17996200,78.0651,81.5074,77.5159,0.0412,-0.0153,-0.0306,-0.0084,-0.0143,45.5864,0.0202,-0.0073,-0.0038,0.4705,0.0125,1.7271,sell
2025-11-06,80.6346,10382800,80.9778,82.2332,80.2815,-0.0080,-0.0112,-0.0377,-0.0125,-0.0209,40.2966,0.0202,-0.0075,-0.0032,0.3903,-0.4231,0.9902,buy
2025-11-07,83.9200,15009900,80.7523,84.2927,80.1835,0.0407,0.0581,-0.0060,0.0284,0.0196,52.7807,0.0245,-0.0041,0.0001,0.7121,0.4457,1.4055,sell
2025-11-10,82.9687,10507600,84.4006,84.4888,82.4097,-0.0113,0.0450,-0.0300,0.0200,0.0089,46.4481,0.0243,-0.0025,0.0013,0.5849,-0.3000,0.9727,buy
2025-11-11,84.7536,9575800,83.3414,85.3617,83.2629,0.0215,0.0857,0.0116,0.0407,0.0314,52.3327,0.0245,0.0005,0.0034,0.7758,-0.0887,0.8781,buy
2025-11-12,85.5774,11975800,85.9403,87.3427,85.4499,0.0097,0.0528,0.0367,0.0469,0.0415,54.4390,0.0239,0.0035,0.0051,0.8370,0.2506,1.0937,sell
2025-11-13,84.7732,10507700,85.0871,85.6068,84.5280,-0.0094,0.0513,0.0396,0.0330,0.0318,50.8467,0.0237,0.0051,0.0054,0.7238,-0.1226,0.9642,sell
2025-11-14,83.7459,13434600,84.5658,85.4449,82.9754,-0.0121,-0.0021,0.0559,0.0150,0.0193,45.5616,0.0219,0.0054,0.0046,0.6039,0.2785,1.2057,sell
2025-11-17,82.6692,8547200,84.1509,85.7907,82.4321,-0.0129,-0.0036,0.0412,-0.0020,0.0062,47.1466,0.0226,0.0046,0.0030,0.4799,-0.3638,0.7641,hold
2025-11-18,82.3136,7189400,82.5902,82.8174,81.3357,-0.0043,-0.0288,0.0544,-0.0114,0.0018,49.3736,0.0217,0.0035,0.0015,0.4492,-0.1589,0.6458,hold
2025-11-19,82.6593,6195100,82.2444,83.3607,82.0173,0.0042,-0.0341,0.0169,-0.0089,0.0057,53.0947,0.0177,0.0029,0.0007,0.4969,-0.1383,0.5542,sell
2025-11-20,81.6123,8966300,83.0051,84.1904,81.5332,-0.0127,-0.0373,0.0121,-0.0226,-0.0072,56.8549,0.0180,0.0014,-0.0006,0.3855,0.4473,0.7867,buy
2025-11-21,84.3090,10227700,81.5135,85.5240,81.5135,0.0330,0.0067,0.0046,0.0092,0.0246,62.6571,0.0162,0.0028,0.0006,0.7070,0.1407,0.8804,sell
2025-11-24,82.3235,10805800,84.2201,84.5460,81.8197,-0.0236,-0.0042,-0.0078,-0.0138,0.0001,60.6203,0.0176,0.0020,-0.0002,0.4891,0.0565,0.9158,buy
2025-11-25,84.8621,9265300,81.8197,84.9708,81.8098,0.0308,0.0310,0.0013,0.0165,0.0305,59.2417,0.0191,0.0037,0.0013,0.7949,-0.1426,0.7929,buy
2025-11-26,85.6425,7602600,84.4571,86.2253,84.4571,0.0092,0.0361,0.0008,0.0258,0.0389,62.8386,0.0191,0.0057,0.0026,0.8509,-0.1795,0.6686,hold
2025-11-28,86.0475,3677600,85.9685,86.2154,85.3461,0.0047,0.0543,0.0150,0.0290,0.0428,56.3993,0.0188,0.0075,0.0036,0.8531,-0.5163,0.3457,sell
2025-12-01,83.8743,8752100,85.1585,85.4449,83.7360,-0.0253,-0.0052,0.0015,0.0029,0.0162,52.5375,0.0203,0.0071,0.0024,0.5947,1.3798,0.8419,hold
2025-12-02,84.1608,9001900,83.9929,84.9510,83.1927,0.0034,0.0223,0.0180,0.0045,0.0195,48.1867,0.0198,0.0067,0.0017,0.6094,0.0285,0.8681,buy
2025-12-03,86.0475,9303900,83.9929,86.4327,83.9336,0.0224,0.0140,0.0454,0.0225,0.0419,51.3501,0.0206,0.0080,0.0025,0.8652,0.0335,0.9354,sell
2025-12-04,83.9632,10555100,86.2352,86.7982,83.7163,-0.0242,-0.0196,0.0158,-0.0038,0.0163,47.8330,0.0225,0.0073,0.0013,0.5201,0.1345,1.1025,hold
2025-12-05,84.0818,9402900,83.8743,85.4548,83.7657,0.0014,-0.0228,0.0303,-0.0053,0.0173,50.9444,0.0220,0.0066,0.0005,0.5129,-0.1092,0.9872,sell
2025-12-08,82.3926,10277600,84.0916,84.4571,82.1259,-0.0201,-0.0177,-0.0227,-0.0231,-0.0033,49.2481,0.0203,0.0045,-0.0014,0.2118,0.0930,1.1065,sell
2025-12-09,81.2764,10322900,82.3037,82.3136,81.0196,-0.0135,-0.0343,-0.0127,-0.0351,-0.0162,47.2924,0.0194,0.0016,-0.0035,0.0569,0.0044,1.1125,buy
2025-12-10,82.8272,10539600,81.2073,82.9754,80.9702,0.0191,-0.0374,-0.0240,-0.0143,0.0027,50.4124,0.0175,0.0008,-0.0034,0.3401,0.0210,1.1299,buy
2025-12-11,83.7064,6894000,83.1927,83.9632,82.7186,0.0106,-0.0031,-0.0226,-0.0016,0.0131,55.1859,0.0176,0.0010,-0.0025,0.5075,-0.3459,0.7598,buy
2025-12-12,84.3090,9071500,84.0719,84.8819,83.8249,0.0072,0.0027,-0.0202,0.0077,0.0205,50.0000,0.0177,0.0017,-0.0014,0.6214,0.3159,1.0078,hold
2025-12-15,84.3583,11718600,84.9510,86.4920,83.6274,0.0006,0.0239,0.0058,0.0077,0.0212,56.2959,0.0157,0.0023,-0.0006,0.6240,0.2918,1.3144,hold
2025-12-16,84.0423,7481400,84.5954,85.4844,83.6866,-0.0037,0.0340,-0.0014,0.0041,0.0165,47.0588,0.0157,0.0025,-0.0004,0.5552,-0.3616,0.8442,hold
2025-12-17,84.1707,7947000,83.5385,84.7831,83.4693,0.0015,0.0162,-0.0218,0.0079,0.0170,44.4610,0.0136,0.0027,-0.0002,0.5636,0.0622,0.8929,buy
2025-12-18,88.3293,16466100,86.6204,89.4752,86.2352,0.0494,0.0552,0.0520,0.0522,0.0647,56.6957,0.0191,0.0064,0.0030,1.1449,1.0720,1.7491,sell
2025-12-19,87.2526,16986700,88.1318,88.1713,87.1736,-0.0122,0.0349,0.0377,0.0354,0.0495,60.5948,0.0199,0.0085,0.0040,0.9286,0.0316,1.7307,sell
2025-12-22,85.1189,7161600,87.0847,87.5391,84.9905,-0.0245,0.0090,0.0331,0.0069,0.0218,52.6929,0.0205,0.0083,0.0029,0.6016,-0.5784,0.7412,sell
2025-12-23,82.8371,9511300,84.9708,85.0893,82.3630,-0.0268,-0.0143,0.0192,-0.0219,-0.0066,41.1733,0.0221,0.0058,0.0003,0.2521,0.3281,0.9911,buy
2025-12-24,83.5385,3462700,82.8174,83.5879,82.4519,0.0085,-0.0075,0.0086,-0.0145,0.0008,48.7360,0.0215,0.0043,-0.0010,0.3697,-0.6359,0.3721,hold
2025-12-26,84.0423,5046200,83.5484,84.1213,83.3903,0.0060,-0.0485,0.0040,-0.0089,0.0062,49.8851,0.0213,0.0035,-0.0014,0.4575,0.4573,0.5498,hold
2025-12-29,84.5263,5352400,84.0818,85.7314,83.9435,0.0058,-0.0312,0.0026,-0.0035,0.0115,56.6749,0.0212,0.0034,-0.0012,0.5450,0.0607,0.5778,hold
2025-12-30,84.2102,4540500,84.2003,84.7041,84.0126,-0.0037,-0.0107,-0.0018,-0.0070,0.0076,59.6617,0.0213,0.0029,-0.0013,0.4922,-0.1517,0.5016,sell
2025-12-31,83.1829,5293400,84.0719,84.1410,83.0940,-0.0122,0.0042,-0.0102,-0.0182,-0.0047,51.2130,0.0216,0.0016,-0.0022,0.3386,0.1658,0.5970,hold
2026-01-02,82.9458,11334900,83.1927,83.9237,82.0074,-0.0028,-0.0071,-0.0146,-0.0195,-0.0072,47.2868,0.0216,0.0003,-0.0028,0.3215,1.1413,1.2639,buy
2026-01-05,85.5042,9894300,82.4815,86.1858,82.3827,0.0308,0.0174,-0.0320,0.0141,0.0230,53.7415,0.0171,0.0016,-0.0011,0.7160,-0.1271,1.1073,buy
2026-01-06,88.3688,11351100,85.5042,89.5344,85.3066,0.0335,0.0455,0.0128,0.0467,0.0561,60.6730,0.0202,0.0052,0.0021,1.0440,0.1472,1.2567,sell
2026-01-07,85.6326,9547000,87.9342,88.2898,85.4153,-0.0310,0.0169,0.0060,0.0137,0.0231,53.7494,0.0212,0.0057,0.0019,0.6552,-0.1589,1.0612,buy
2026-01-08,87.1044,8140100,84.8127,88.2009,84.5658,0.0172,0.0471,0.0515,0.0259,0.0403,56.5046,0.0193,0.0071,0.0027,0.8332,-0.1474,0.9160,buy
2026-01-09,87.7959,7593200,87.2724,88.0132,85.7314,0.0079,0.0585,0.0510,0.0289,0.0475,48.6025,0.0193,0.0088,0.0036,0.8844,-0.0672,0.8688,buy
2026-01-12,88.8627,7289500,87.3218,89.1294,86.5315,0.0122,0.0393,0.0574,0.0355,0.0587,54.2206,0.0195,0.0109,0.0046,0.9565,-0.0400,0.8322,buy
2026-01-13,89.4554,5561900,88.5960,89.4949,88.3787,0.0067,0.0123,0.0583,0.0365,0.0637,62.3662,0.0195,0.0129,0.0053,0.9548,-0.2370,0.6479,buy
2026-01-14,90.0382,8373200,89.1591,90.4037,89.0504,0.0065,0.0514,0.0692,0.0362,0.0679,72.7386,0.0192,0.0148,0.0059,0.9480,0.5055,0.9948,buy
2026-01-15,92.1422,10001700,90.9470,93.0214,90.5222,0.0234,0.0578,0.1077,0.0496,0.0896,74.9570,0.0185,0.0177,0.0071,1.0483,0.1945,1.1708,hold
2026-01-16,91.8558,8958200,92.2213,92.5275,91.0952,-0.0031,0.0462,0.1074,0.0359,0.0827,72.9542,0.0186,0.0198,0.0074,0.9481,-0.1043,1.0425,buy
2026-01-20,92.5176,13555200,90.6408,92.6658,89.6727,0.0072,0.0411,0.0820,0.0351,0.0876,73.2338,0.0171,0.0216,0.0074,0.9461,0.5132,1.6046,buy
2026-01-21,95.2538,17118100,92.6756,95.3427,92.5867,0.0296,0.0648,0.0779,0.0576,0.1159,78.1470,0.0165,0.0246,0.0086,1.0419,0.2628,2.0248,sell
2026-01-22,94.6611,14150800,95.2933,96.6071,93.7030,-0.0062,0.0513,0.1054,0.0406,0.1062,79.9176,0.0110,0.0267,0.0085,0.9328,-0.1733,1.6074,buy
2026-01-23,96.4293,11759800,95.9156,96.6960,94.5920,0.0187,0.0465,0.1071,0.0493,0.1233,82.5465,0.0111,0.0289,0.0089,0.9690,-0.1690,1.3189,sell
2026-01-26,95.1550,14106700,96.0243,96.7750,94.6216,-0.0132,0.0359,0.0838,0.0272,0.1058,74.8348,0.0134,0.0301,0.0078,0.8530,0.1996,1.4930,sell
2026-01-27,94.5525,16403600,94.6019,95.4711,94.0783,-0.0063,0.0220,0.0640,0.0144,0.0965,68.0092,0.0140,0.0300,0.0061,0.7880,0.1628,1.6377,sell
2026-01-28,93.9993,25961600,101.0522,103.5415,93.9400,-0.0059,-0.0132,0.0508,0.0036,0.0878,77.9170,0.0145,0.0292,0.0041,0.7323,0.5827,2.3502,sell
2026-01-29,92.7349,16602900,95.5798,95.7181,91.4804,-0.0135,-0.0203,0.0300,-0.0127,0.0709,69.0508,0.0157,0.0273,0.0015,0.6405,-0.3605,1.4252,sell
2026-01-30,90.8285,10748000,91.5891,92.0731,89.8900,-0.0206,-0.0581,-0.0143,-0.0317,0.0469,59.4812,0.0155,0.0241,-0.0018,0.5024,-0.3526,0.9015,hold
2026-02-02,90.5716,8675100,90.7297,91.4804,89.5147,-0.0028,-0.0482,-0.0140,-0.0331,0.0420,55.6278,0.0155,0.0207,-0.0042,0.4543,-0.1929,0.7358,buy
2026-02-03,91.9052,8361300,90.5025,93.2486,90.1765,0.0147,-0.0280,-0.0066,-0.0182,0.0551,57.6923,0.0161,0.0186,-0.0047,0.5342,-0.0362,0.7139,buy
2026-02-04,95.7872,9077100,92.5769,95.9255,92.3793,0.0422,0.0190,0.0056,0.0227,0.0961,64.9537,0.0190,0.0196,-0.0023,0.8201,0.0856,0.7826,sell
2026-02-05,94.8982,6776700,95.6786,96.2614,94.1969,-0.0093,0.0233,0.0025,0.0129,0.0833,57.6522,0.0191,0.0202,-0.0015,0.7331,-0.2534,0.5913,buy
2026-02-06,98.2370,8067100,95.1254,98.3654,94.8291,0.0352,0.0816,0.0187,0.0466,0.1173,65.1501,0.0215,0.0223,0.0010,0.9830,0.1904,0.7041,hold
2026-02-09,97.7727,7150600,97.8221,98.7605,97.0615,-0.0047,0.0795,0.0275,0.0387,0.1088,62.5947,0.0209,0.0239,0.0021,0.9059,-0.1136,0.6253,sell
2026-02-10,96.3404,8543500,97.7727,98.4543,96.2614,-0.0146,0.0483,0.0189,0.0216,0.0899,52.7778,0.0215,0.0240,0.0015,0.7524,0.1948,0.7431,buy
2026-02-11,97.9110,6949100,96.5478,98.1086,96.1428,0.0163,0.0222,0.0416,0.0339,0.1047,57.9125,0.0217,0.0245,0.0019,0.8718,-0.1866,0.6008,sell
2026-02-12,95.5798,9537300,98.7803,99.9656,95.2637,-0.0238,0.0072,0.0307,0.0063,0.0756,47.9869,0.0229,0.0235,0.0003,0.6207,0.3725,0.8204,sell
2026-02-13,93.2435,8949000,95.3014,96.3552,93.0546,-0.0244,-0.0508,0.0266,-0.0208,0.0471,45.6872,0.0234,0.0206,-0.0026,0.3611,-0.0617,0.7733,buy
2026-02-17,94.8342,8660000,94.3470,94.9535,93.0745,0.0171,-0.0301,0.0471,-0.0085,0.0629,50.6084,0.0237,0.0186,-0.0033,0.5198,-0.0323,0.7493,hold
2026-02-18,95.2020,6068100,94.4862,96.0968,93.7107,0.0039,-0.0118,0.0359,-0.0081,0.0643,52.6186,0.0234,0.0174,-0.0036,0.5476,-0.2993,0.5426,hold
2026-02-19,95.2418,5676700,94.8242,95.3810,94.2078,0.0004,-0.0273,-0.0057,-0.0071,0.0621,55.7656,0.0191,0.0163,-0.0037,0.5523,-0.0645,0.5350,buy
2026-02-20,96.9219,8788300,94.6552,97.2102,94.3470,0.0176,0.0140,0.0213,0.0083,0.0774,64.1620,0.0196,0.0164,-0.0026,0.7300,0.5481,0.8497,sell
2026-02-23,94.2277,7696700,95.5798,96.6137,93.0049,-0.0278,0.0106,-0.0408,-0.0157,0.0444,57.6325,0.0179,0.0147,-0.0039,0.4342,-0.1242,0.7590,buy
2026-02-24,95.9476,6537300,94.2675,96.1763,93.4622,0.0183,0.0117,-0.0187,0.0042,0.0604,58.3051,0.0193,0.0140,-0.0034,0.6275,-0.1506,0.6697,buy
2026-02-25,97.3594,6294100,96.7032,97.6278,95.3412,0.0147,0.0227,0.0106,0.0179,0.0728,53.5948,0.0193,0.0145,-0.0021,0.7648,-0.0372,0.6800,hold
2026-02-26,97.5085,6246100,97.7968,99.2185,97.2699,0.0015,0.0238,-0.0041,0.0199,0.0713,56.1776,0.0186,0.0150,-0.0013,0.7556,-0.0076,0.7552,hold
2026-02-27,97.4488,7286900,95.8383,97.8564,95.5500,-0.0006,0.0054,0.0196,0.0173,0.0676,47.7920,0.0167,0.0152,-0.0009,0.7254,0.1666,0.9337,sell
2026-03-02,96.1962,7250600,95.1523,96.5441,94.9435,-0.0129,0.0209,0.0317,0.0011,0.0511,45.7702,0.0149,0.0143,-0.0016,0.5667,-0.0050,0.9503,hold
2026-03-03,96.1166,7197200,94.3669,96.5242,93.8499,-0.0008,0.0018,0.0135,-0.0010,0.0474,49.3527,0.0141,0.0132,-0.0021,0.5280,-0.0074,0.9526,buy
2026-03-04,96.5839,6233400,96.7827,97.6079,95.2915,0.0049,-0.0080,0.0145,0.0024,0.0507,45.8990,0.0142,0.0125,-0.0022,0.5782,-0.1339,0.8368,buy
2026-03-05,98.1149,9608100,96.5541,98.3535,96.3751,0.0159,0.0062,0.0302,0.0152,0.0648,58.2418,0.0148,0.0130,-0.0012,0.8282,0.5414,1.2852,hold
2026-03-06,98.4132,10826700,96.5044,98.6418,95.0032,0.0030,0.0099,0.0154,0.0168,0.0650,69.3741,0.0139,0.0135,-0.0005,0.8411,0.1268,1.4100,buy
2026-03-09,99.1886,9376800,97.6775,99.7951,96.2558,0.0079,0.0311,0.0526,0.0195,0.0696,67.3809,0.0094,0.0144,0.0004,0.9446,-0.1339,1.2109,buy
2026-03-10,100.1828,8005800,98.7910,100.5506,97.6874,0.0100,0.0423,0.0441,0.0253,0.0764,68.9342,0.0084,0.0156,0.0014,1.0233,-0.1462,1.0282,buy
2026-03-11,100.8489,8815800,100.4115,101.0975,99.0793,0.0066,0.0442,0.0358,0.0284,0.0797,70.3463,0.0077,0.0169,0.0022,1.0149,0.1012,1.1302,sell
2026-03-12,99.5962,12248300,100.4313,101.8431,99.3079,-0.0124,0.0151,0.0214,0.0135,0.0628,60.0149,0.0092,0.0170,0.0017,0.8285,0.3894,1.5187,sell
2026-03-13,98.5723,9400400,100.0536,100.6302,98.2839,-0.0103,0.0016,0.0115,0.0019,0.0487,68.5958,0.0100,0.0161,0.0005,0.6830,-0.2325,1.1665,sell
2026-03-16,97.2500,6871000,98.6518,99.3179,96.8126,-0.0134,-0.0195,0.0110,-0.0126,0.0315,55.7709,0.0101,0.0142,-0.0013,0.4948,-0.2691,0.8638,hold
2026-03-17,97.0014,5382700,97.8763,98.2044,96.8623,-0.0026,-0.0318,0.0092,-0.0160,0.0258,48.2318,0.0102,0.0122,-0.0027,0.4427,-0.2166,0.6909,sell
2026-03-18,92.1201,7598400,95.6295,96.3652,92.0206,-0.0503,-0.0866,-0.0462,-0.0612,-0.0271,31.8608,0.0190,0.0067,-0.0071,-0.1281,0.4116,0.9658,buy
2026-03-19,95.2716,10524500,91.6130,95.6991,91.0563,0.0342,-0.0434,-0.0290,-0.0263,0.0047,43.9335,0.0218,0.0045,-0.0071,0.2580,0.3851,1.2978,sell
2026-03-20,92.0107,13961900,94.4166,95.7886,91.6826,-0.0342,-0.0666,-0.0651,-0.0534,-0.0310,39.5117,0.0238,0.0001,-0.0095,-0.0306,0.3266,1.6685,buy
2026-03-23,93.2832,7438300,93.2634,94.4663,93.0446,0.0138,-0.0408,-0.0595,-0.0345,-0.0189,43.3004,0.0243,-0.0023,-0.0094,0.1207,-0.4672,0.8903,sell
2026-03-24,91.4440,6262800,92.7663,93.0446,91.2551,-0.0197,-0.0573,-0.0872,-0.0449,-0.0390,38.5872,0.0240,-0.0058,-0.0105,0.0124,-0.1580,0.7508,buy
2026-03-25,92.1598,7007500,91.7920,92.9850,91.3347,0.0078,0.0004,-0.0862,-0.0286,-0.0321,36.2803,0.0240,-0.0078,-0.0100,0.1272,0.1189,0.8365,sell
2026-03-26,90.6885,6134000,91.7721,92.2195,90.2013,-0.0160,-0.0481,-0.0894,-0.0350,-0.0478,33.1160,0.0241,-0.0108,-0.0104,0.0684,-0.1247,0.7327,sell
2026-03-27,86.3042,12433600,90.2212,90.4200,85.1012,-0.0483,-0.0620,-0.1245,-0.0695,-0.0931,25.6757,0.0272,-0.0176,-0.0137,-0.1067,1.0270,1.4409,hold
2026-03-30,86.2147,7422100,85.8965,87.3480,85.7176,-0.0010,-0.0758,-0.1135,-0.0593,-0.0930,22.6973,0.0274,-0.0224,-0.0148,-0.0092,-0.4031,0.8593,buy
2026-03-31,89.0679,9564200,87.4872,89.5750,86.9504,0.0331,-0.0260,-0.0818,-0.0197,-0.0624,28.7862,0.0308,-0.0225,-0.0121,0.1889,0.2886,1.0923,buy
2026-04-01,89.9031,8044500,89.7241,90.4996,88.9586,0.0094,-0.0245,-0.0241,-0.0081,-0.0531,32.2792,0.0273,-0.0219,-0.0093,0.2586,-0.1589,0.9094,hold
2026-04-02,89.8434,7340000,89.2767,90.6885,87.6463,-0.0007,-0.0093,-0.0570,-0.0028,-0.0526,33.4589,0.0242,-0.0215,-0.0071,0.2786,-0.0876,0.8405,buy
2026-04-06,94.2277,7236700,89.4756,94.2675,89.2966,0.0488,0.0918,0.0241,0.0433,-0.0063,44.8683,0.0273,-0.0162,-0.0020,0.5258,-0.0141,0.8461,hold
2026-04-07,94.6552,6205600,93.9891,94.7944,93.2932,0.0045,0.0979,0.0147,0.0465,-0.0014,46.0403,0.0271,-0.0122,0.0015,0.5643,-0.1425,0.7392,buy
2026-04-08,96.6435,8232300,96.9319,97.5582,95.4406,0.0210,0.0851,0.0569,0.0624,0.0192,58.4604,0.0265,-0.0072,0.0050,0.6983,0.3266,0.9793,hold
2026-04-09,96.3552,5320500,96.4348,97.3395,95.6196,-0.0030,0.0718,0.0455,0.0543,0.0158,52.2699,0.0267,-0.0036,0.0069,0.7106,-0.3537,0.6464,hold
2026-04-10,96.0371,5356400,96.4348,96.7131,95.5002,-0.0033,0.0689,0.0590,0.0447,0.0120,59.6199,0.0259,-0.0010,0.0076,0.7150,0.0067,0.6792,buy
2026-04-13,96.9120,5249200,96.0371,97.1009,94.8938,0.0091,0.0285,0.1229,0.0422,0.0203,58.8378,0.0174,0.0017,0.0082,0.7915,-0.0200,0.6836,buy
2026-04-14,97.8962,4995500,97.3096,98.4231,96.9915,0.0102,0.0342,0.1355,0.0397,0.0292,66.3972,0.0169,0.0046,0.0089,0.8554,-0.0483,0.6586,hold
2026-04-15,97.7670,5211600,97.9161,98.6021,97.2301,-0.0013,0.0116,0.0977,0.0289,0.0263,64.6875,0.0158,0.0068,0.0088,0.8386,0.0433,0.6878,hold
2026-04-16,97.7868,5645500,97.7769,98.5722,97.2003,0.0002,0.0149,0.0877,0.0206,0.0252,70.1240,0.0161,0.0084,0.0083,0.8069,0.0833,0.7548,buy
2026-04-17,99.4173,8133400,98.4927,100.8390,98.3336,0.0167,0.0352,0.1066,0.0274,0.0415,94.0547,0.0159,0.0107,0.0085,0.8793,0.4407,1.1051,sell
2026-04-20,98.3734,6581800,98.4231,99.1489,97.7272,-0.0105,0.0151,0.0440,0.0122,0.0298,88.3866,0.0098,0.0118,0.0077,0.7834,-0.1908,0.9415,sell
2026-04-21,97.2301,4564200,98.4231,98.5822,96.2856,-0.0116,-0.0068,0.0272,-0.0022,0.0181,78.8881,0.0110,0.0116,0.0060,0.6978,-0.3065,0.6666,buy
2026-04-22,98.9401,5730100,97.5085,99.0793,97.0015,0.0176,0.0120,0.0238,0.0130,0.0357,80.1193,0.0104,0.0124,0.0055,0.7717,0.2554,0.8401,hold
2026-04-23,98.9600,4515300,99.3875,100.2226,98.6220,0.0002,0.0120,0.0270,0.0105,0.0354,80.4651,0.0103,0.0131,0.0049,0.7477,-0.2120,0.6743,sell
2026-04-24,98.0950,6092500,98.8108,98.9301,97.4289,-0.0087,-0.0133,0.0214,-0.0004,0.0263,66.8983,0.0108,0.0129,0.0037,0.6782,0.3493,0.9102,sell
2026-04-27,97.3196,5311600,98.1646,98.9202,97.2699,-0.0079,-0.0107,0.0042,-0.0087,0.0178,61.2985,0.0109,0.0119,0.0022,0.6144,-0.1282,0.8381,sell
2026-04-28,96.7131,10383500,97.9062,98.1050,95.8880,-0.0062,-0.0053,-0.0121,-0.0137,0.0107,50.3343,0.0105,0.0106,0.0006,0.5489,0.9549,1.6010,buy
2026-04-29,104.8852,25449200,101.4056,106.6449,99.4968,0.0845,0.0601,0.0728,0.0619,0.0938,73.3152,0.0291,0.0148,0.0045,1.1201,1.4509,3.4958,hold
2026-04-30,104.7162,9485900,104.9350,105.3326,103.2250,-0.0016,0.0582,0.0709,0.0528,0.0899,73.9178,0.0291,0.0185,0.0065,1.0478,-0.6273,1.2902,hold
2026-05-01,105.2829,6362300,105.0841,106.8935,104.8157,0.0054,0.0733,0.0590,0.0523,0.0935,73.4671,0.0289,0.0215,0.0076,1.0521,-0.3293,0.8712,sell
2026-05-04,104.3583,5487700,105.1835,106.0584,104.0800,-0.0088,0.0723,0.0608,0.0368,0.0822,68.1768,0.0288,0.0231,0.0074,0.9228,-0.1375,0.7605,hold
2026-05-05,104.3285,6458500,104.1496,105.4519,103.7419,-0.0003,0.0787,0.0730,0.0293,0.0797,68.5602,0.0283,0.0240,0.0066,0.8767,0.1769,0.8935,buy
2026-05-06,105.8198,8665700,104.1396,106.9233,103.7917,0.0143,0.0089,0.0695,0.0370,0.0929,70.9761,0.0281,0.0252,0.0064,0.9259,0.3418,1.1953,sell
2026-05-07,103.6525,9179300,105.3326,105.4817,102.3402,-0.0205,-0.0102,0.0474,0.0111,0.0691,60.7576,0.0294,0.0250,0.0046,0.7453,0.0593,1.2333,hold
2026-05-08,104.3186,4538300,103.8115,104.8157,103.6425,0.0064,-0.0092,0.0634,0.0114,0.0744,65.3965,0.0290,0.0245,0.0034,0.7657,-0.5056,0.6131,hold
2026-05-11,105.1238,6499500,104.3384,107.4104,104.3384,0.0077,0.0073,0.0802,0.0116,0.0810,70.8071,0.0286,0.0244,0.0028,0.7924,0.4321,0.8707,hold
2026-05-12,105.9590,6366000,104.9548,106.5356,103.7320,0.0079,0.0156,0.0956,0.0106,0.0874,69.3956,0.0282,0.0246,0.0025,0.8160,-0.0205,0.8451,hold
2026-05-13,105.3326,8638900,106.1478,107.4204,104.8554,-0.0059,-0.0046,0.0043,0.0042,0.0790,67.0388,0.0102,0.0243,0.0017,0.7463,0.3570,1.1213,buy
2026-05-14,105.7800,9941400,107.4999,108.2455,105.7303,0.0042,0.0205,0.0102,0.0075,0.0815,71.0169,0.0102,0.0239,0.0011,0.7517,0.1508,1.2553,buy
2026-05-15,106.8200,6463900,105.7500,107.8800,105.0000,0.0098,0.0240,0.0146,0.0159,0.0902,75.6112,0.0105,0.0239,0.0011,0.7928,-0.3498,0.8249,hold
2026-05-18,106.6000,6587800,106.7900,108.1100,105.8400,-0.0021,0.0140,0.0215,0.0116,0.0861,77.2201,0.0100,0.0238,0.0007,0.7517,0.0192,0.8407,hold
2026-05-19,106.3800,5265800,105.5400,107.5600,105.1100,-0.0021,0.0040,0.0197,0.0076,0.0823,57.3209,0.0100,0.0232,0.0001,0.7163,-0.2007,0.6690,hold
2026-05-20,106.5000,6632500,106.3800,107.4600,105.4100,0.0011,0.0111,0.0064,0.0081,0.0821,58.7785,0.0091,0.0226,-0.0004,0.7039,0.2595,0.8378,sell
2026-05-21,104.1300,8342800,105.8600,106.1600,103.6200,-0.0223,-0.0156,0.0046,-0.0148,0.0574,45.1814,0.0095,0.0205,-0.0024,0.5020,0.2579,1.0290,sell
2026-05-22,103.1100,9095700,104.0400,104.3000,102.3900,-0.0098,-0.0347,-0.0116,-0.0233,0.0463,44.8239,0.0098,0.0176,-0.0044,0.3849,0.0902,1.1015,sell
2026-05-26,101.4200,9099100,103.0800,103.9700,100.8000,-0.0164,-0.0486,-0.0352,-0.0360,0.0285,39.3995,0.0103,0.0139,-0.0068,0.1535,0.0004,1.0772,buy
2026-05-27,102.1000,8901400,101.7800,102.7700,100.1300,0.0067,-0.0402,-0.0364,-0.0259,0.0344,35.5907,0.0102,0.0111,-0.0076,0.0333,-0.0217,1.0631,sell
2026-05-28,100.7500,6261500,101.7400,102.2500,100.3700,-0.0132,-0.0540,-0.0435,-0.0346,0.0199,37.9966,0.0106,0.0079,-0.0088,-0.0619,-0.2966,0.8446,sell
2026-05-29,99.1600,8206600,100.5000,100.9100,98.5800,-0.0158,-0.0477,-0.0626,-0.0438,0.0024,30.1809,0.0107,0.0040,-0.0104,-0.1139,0.3106,1.1166,sell
2026-06-01,96.5100,8191500,98.2500,98.3400,95.5900,-0.0267,-0.0640,-0.0965,-0.0600,-0.0246,21.0144,0.0108,-0.0014,-0.0130,-0.1778,-0.0018,1.1008,sell
2026-06-02,95.5100,9546600,95.8000,97.9000,95.4000,-0.0104,-0.0583,-0.1040,-0.0595,-0.0354,15.2252,0.0104,-0.0066,-0.0146,-0.1013,0.1654,1.2489,buy
2026-06-03,95.8900,8541800,95.4800,98.2000,95.2200,0.0040,-0.0608,-0.0986,-0.0459,-0.0321,18.0504,0.0111,-0.0102,-0.0146,0.0174,-0.1053,1.1024,sell
2026-06-04,94.1400,7524400,97.7900,98.2400,93.8100,-0.0183,-0.0656,-0.1161,-0.0517,-0.0503,13.8060,0.0106,-0.0147,-0.0153,-0.0024,-0.1191,0.9783,buy
2026-06-05,95.2900,7623300,94.2900,95.9900,93.6400,0.0122,-0.0390,-0.0849,-0.0315,-0.0393,14.3916,0.0124,-0.0167,-0.0138,0.1186,0.0131,1.0013,sell
2026-06-08,94.8200,7306400,94.8400,95.7700,94.4700,-0.0049,-0.0175,-0.0804,-0.0281,-0.0448,14.1728,0.0125,-0.0187,-0.0126,0.1389,-0.0416,0.9425,buy
2026-06-09,97.4100,10619700,95.1500,98.4400,94.9700,0.0273,0.0199,-0.0395,0.0026,-0.0209,26.1563,0.0164,-0.0173,-0.0092,0.2986,0.4535,1.3345,buy
2026-06-10,98.7600,8724700,97.5800,99.5600,96.9000,0.0139,0.0299,-0.0327,0.0200,-0.0098,30.6886,0.0170,-0.0151,-0.0057,0.3873,-0.1784,1.0804,buy
2026-06-11,102.2800,10434800,98.9600,102.5600,98.8900,0.0356,0.0865,0.0152,0.0547,0.0228,45.6347,0.0205,-0.0102,-0.0009,0.5904,0.1960,1.2779,buy
2026-06-12,103.0400,5305500,102.7800,103.6900,101.8000,0.0074,0.0813,0.0391,0.0583,0.0277,49.8328,0.0196,-0.0060,0.0026,0.6447,-0.4916,0.6687,sell
2026-06-15,101.5900,7054400,103.4900,103.6100,101.4100,-0.0141,0.0714,0.0526,0.0380,0.0108,50.4108,0.0177,-0.0039,0.0039,0.5808,0.3296,0.8859,hold
2026-06-16,101.6800,6646100,101.7600,102.5600,100.4600,0.0009,0.0438,0.0646,0.0324,0.0102,48.9552,0.0169,-0.0021,0.0046,0.6083,-0.0579,0.8343,sell
2026-06-17,99.8200,6932300,100.5400,101.8100,98.6900,-0.0183,0.0107,0.0410,0.0095,-0.0093,47.7438,0.0186,-0.0021,0.0037,0.5088,0.0431,0.8612,buy
2026-06-18,100.6500,10603900,100.5600,101.5200,99.5300,0.0083,-0.0159,0.0692,0.0112,-0.0018,53.7531,0.0169,-0.0014,0.0035,0.5990,0.5296,1.2856,hold
2026-06-22,100.1500,5731000,100.6500,101.8000,99.9600,-0.0050,-0.0280,0.0510,0.0013,-0.0075,60.2825,0.0172,-0.0013,0.0030,0.5801,-0.4595,0.7060,buy
2026-06-23,101.0500,6001600,100.4600,101.3300,99.2500,0.0090,-0.0053,0.0657,0.0040,0.0004,65.7386,0.0168,-0.0004,0.0030,0.6713,0.0472,0.7537,buy
2026-06-24,103.5300,6989500,101.2400,104.6600,101.2400,0.0245,0.0182,0.0628,0.0225,0.0236,69.3908,0.0165,0.0022,0.0044,0.8638,0.1646,0.8895,hold
2026-06-25,103.1600,6853500,103.1000,104.2900,102.7400,-0.0036,0.0335,0.0446,0.0144,0.0189,74.6179,0.0165,0.0039,0.0049,0.8213,-0.0195,0.8838,buy
2026-06-26,104.6000,17150800,103.4400,104.9200,102.7100,0.0140,0.0392,0.0227,0.0262,0.0317,75.0134,0.0130,0.0062,0.0058,0.8962,1.5025,2.0665,sell
2026-06-29,104.0600,6788800,104.8100,104.9600,103.2100,-0.0052,0.0390,0.0099,0.0199,0.0251,74.7323,0.0131,0.0076,0.0057,0.8202,-0.6042,0.8250,sell
2026-06-30,102.1900,7140000,103.9800,104.5800,102.1300,-0.0180,0.0113,0.0059,0.0010,0.0061,63.3074,0.0136,0.0073,0.0043,0.6642,0.0517,0.8733,buy
2026-07-01,103.3900,7464100,102.4400,103.7600,101.4000,0.0117,-0.0014,0.0168,0.0111,0.0170,62.9983,0.0140,0.0077,0.0038,0.7304,0.0454,0.9247,buy
2026-07-02,104.2700,7950200,104.0000,105.7500,103.1800,0.0085,0.0108,0.0446,0.0152,0.0242,56.5590,0.0122,0.0086,0.0038,0.7713,0.0651,0.9886,sell
2026-07-06,102.1100,7404200,103.8600,104.4500,100.0900,-0.0207,-0.0238,0.0145,-0.0072,0.0024,47.1937,0.0145,0.0078,0.0023,0.5818,-0.0687,0.9214,buy
2026-07-07,103.6100,5556600,103.5700,105.7500,102.8900,0.0147,-0.0043,0.0345,0.0040,0.0161,56.0770,0.0148,0.0080,0.0020,0.7018,-0.2495,0.7004,hold
2026-07-08,103.8700,7084100,104.2900,104.3000,101.8500,0.0025,0.0164,0.0279,0.0038,0.0175,56.5218,0.0147,0.0083,0.0019,0.7328,0.2749,0.8943,buy
2026-07-09,106.4100,7012700,103.6500,107.4500,103.2100,0.0245,0.0292,0.0278,0.0255,0.0406,68.8609,0.0147,0.0102,0.0031,1.0271,-0.0101,0.9059,hold
2026-07-10,106.0100,4686900,106.3000,107.5600,105.5500,-0.0038,0.0167,0.0276,0.0188,0.0348,65.7277,0.0147,0.0114,0.0035,0.9394,-0.3317,0.6216,buy
2026-07-13,107.3400,6278500,106.3400,108.2400,105.9500,0.0125,0.0512,0.0262,0.0289,0.0473,70.1175,0.0146,0.0131,0.0042,1.0172,0.3396,0.8563,sell
2026-07-14,106.1700,5153200,107.6100,108.4800,106.1500,-0.0109,0.0247,0.0203,0.0156,0.0356,64.1125,0.0150,0.0136,0.0037,0.8361,-0.1792,0.7036,sell
2026-07-15,105.1100,4786100,106.3500,107.4100,104.7100,-0.0100,0.0119,0.0286,0.0027,0.0253,54.7249,0.0140,0.0131,0.0025,0.6924,-0.0712,0.6637,buy
2026-07-16,108.3700,6233800,106.0000,108.7100,105.5400,0.0310,0.0184,0.0482,0.0289,0.0562,63.2841,0.0165,0.0145,0.0033,0.9840,0.3025,0.8670,sell
2026-07-17,105.4900,7633400,108.9500,109.2300,105.0800,-0.0266,-0.0049,0.0117,0.0004,0.0279,52.1140,0.0191,0.0139,0.0020,0.6608,0.2245,1.0565,sell
2026-07-20,104.8100,6163000,105.7200,106.6500,103.2200,-0.0064,-0.0236,0.0264,-0.0086,0.0215,51.7697,0.0178,0.0126,0.0005,0.5641,-0.1926,0.8800,hold
2026-07-21,104.4500,5996000,105.0600,105.4900,103.9200,-0.0034,-0.0162,0.0081,-0.0128,0.0178,55.7419,0.0173,0.0111,-0.0008,0.4931,-0.0271,0.8546,hold
2026-07-22,103.9800,5599800,104.0300,105.7200,102.9100,-0.0045,-0.0108,0.0011,-0.0173,0.0133,51.5567,0.0174,0.0095,-0.0020,0.3968,-0.0661,0.8004,sell
2026-07-23,103.2100,6981400,102.7800,103.4400,101.9300,-0.0074,-0.0476,-0.0301,-0.0217,0.0062,47.1868,0.0153,0.0075,-0.0033,0.2818,0.2467,0.9979,hold
