date,close,volume,open,high,low,return_1d,return_5d,return_10d,price_vs_ma10,price_vs_ma50,rsi_14,volatility_10d,macd_norm,macd_hist_norm,bb_position,volume_change,volume_vs_avg20,label
2021-09-10,43.8217,3196800,44.5997,44.6076,43.7661,-0.0095,-0.0247,-0.0312,-0.0207,-0.0042,47.5641,0.0111,0.0003,-0.0042,0.1298,-0.0539,0.8977,buy
2021-09-13,44.6394,4310100,44.1630,44.7346,44.0598,0.0187,-0.0039,-0.0300,0.0006,0.0142,50.9004,0.0114,0.0004,-0.0032,0.4663,0.3483,1.2183,sell
2021-09-14,43.3692,6008600,44.6314,44.8617,43.1469,-0.0285,-0.0248,-0.0380,-0.0241,-0.0143,38.8172,0.0129,-0.0018,-0.0044,0.0281,0.3941,1.6383,buy
2021-09-15,44.1234,4920300,43.3851,44.3456,43.3851,0.0174,-0.0011,-0.0259,-0.0045,0.0023,39.4681,0.0144,-0.0022,-0.0037,0.3231,-0.1811,1.3171,sell
2021-09-16,43.8852,5272100,44.4171,44.6711,43.7979,-0.0054,-0.0081,-0.0167,-0.0082,-0.0039,40.6797,0.0138,-0.0028,-0.0036,0.2429,0.0715,1.3720,hold
2021-09-17,43.9249,19623700,43.7820,44.5203,43.7502,0.0009,0.0024,-0.0224,-0.0050,-0.0040,33.8630,0.0135,-0.0033,-0.0032,0.2480,2.7222,4.2611,sell
2021-09-20,42.6150,9463400,42.7658,43.0596,41.7814,-0.0298,-0.0453,-0.0491,-0.0299,-0.0333,32.0230,0.0161,-0.0061,-0.0048,-0.0972,-0.5178,1.9271,hold
2021-09-21,42.6070,4029300,42.8690,43.0596,42.4086,-0.0002,-0.0176,-0.0419,-0.0259,-0.0330,29.7973,0.0161,-0.0082,-0.0055,-0.0021,-0.5742,0.8094,buy
2021-09-22,43.4565,4933900,43.2818,43.8852,43.1469,0.0199,-0.0151,-0.0162,-0.0049,-0.0138,41.4153,0.0178,-0.0080,-0.0043,0.2571,0.2245,0.9667,buy
2021-09-23,45.3221,6262400,43.9646,45.5206,43.9566,0.0429,0.0327,0.0244,0.0353,0.0273,52.3135,0.0227,-0.0043,-0.0006,0.7758,0.2693,1.1855,buy
2021-09-24,46.0445,5608400,45.4809,46.3065,45.2745,0.0159,0.0483,0.0507,0.0465,0.0427,56.8281,0.0226,-0.0003,0.0027,0.9371,-0.1044,1.0365,buy
2021-09-27,47.7513,5994300,46.6796,48.0530,46.5844,0.0371,0.1205,0.0697,0.0777,0.0790,65.7996,0.0245,0.0055,0.0067,1.2048,0.0688,1.0854,sell
2021-09-28,46.9892,6925400,47.8942,48.2197,46.8304,-0.0160,0.1029,0.0835,0.0519,0.0589,63.0036,0.0228,0.0089,0.0081,0.9709,0.1553,1.2130,hold
2021-09-29,47.1718,3820800,47.1877,47.3941,46.8146,0.0039,0.0855,0.0691,0.0488,0.0609,63.3793,0.0226,0.0116,0.0086,0.9469,-0.4483,0.6799,sell
2021-09-30,46.5605,6660800,47.4973,47.6878,46.5288,-0.0130,0.0273,0.0610,0.0291,0.0457,62.2950,0.0231,0.0128,0.0078,0.8077,0.7433,1.1734,buy
2021-10-01,47.8069,5106000,46.9178,48.1562,46.5129,0.0268,0.0383,0.0884,0.0477,0.0713,63.6925,0.0239,0.0151,0.0083,0.9486,-0.2334,0.8871,hold
2021-10-04,47.6720,4096300,47.8307,48.5531,47.4973,-0.0028,-0.0017,0.1187,0.0332,0.0659,70.6239,0.0203,0.0169,0.0080,0.8792,-0.1977,0.7025,hold
2021-10-05,47.8545,3988900,47.3862,48.2356,47.3862,0.0038,0.0184,0.1232,0.0255,0.0678,68.9209,0.0201,0.0183,0.0076,0.8596,-0.0262,0.6852,hold
2021-10-06,47.7355,3994000,47.5687,47.7831,46.6558,-0.0025,0.0119,0.0985,0.0137,0.0630,69.7635,0.0204,0.0191,0.0066,0.8083,0.0013,0.6793,buy
2021-10-07,48.0451,3370800,48.1483,48.4579,47.8387,0.0065,0.0319,0.0601,0.0144,0.0677,70.5787,0.0167,0.0198,0.0060,0.8126,-0.1560,0.5733,buy
2021-10-08,48.2912,2678400,48.1165,48.5373,47.7752,0.0051,0.0101,0.0488,0.0148,0.0709,81.7212,0.0163,0.0206,0.0055,0.8086,-0.2054,0.4576,sell
2021-10-11,47.8148,2844500,48.6325,48.7437,47.7990,-0.0099,0.0030,0.0013,0.0046,0.0580,77.6558,0.0122,0.0205,0.0041,0.7269,0.0620,0.4921,hold
2021-10-12,47.8148,2622500,47.6323,48.0213,47.3941,0.0000,-0.0008,0.0176,0.0029,0.0556,75.4400,0.0109,0.0200,0.0029,0.7053,-0.0780,0.4674,sell
2021-10-13,47.5687,4692200,47.6164,47.7910,46.4097,-0.0051,-0.0035,0.0084,-0.0031,0.0483,66.1712,0.0110,0.0190,0.0015,0.6559,0.7892,0.8380,buy
2021-10-14,48.1403,4505200,48.1086,48.1403,47.3623,0.0120,0.0020,0.0339,0.0056,0.0585,65.4204,0.0104,0.0187,0.0011,0.7070,-0.0399,0.8101,buy
2021-10-15,48.6960,5277400,48.6087,49.1962,47.9577,0.0115,0.0084,0.0186,0.0153,0.0684,58.3683,0.0072,0.0192,0.0014,0.7551,0.1714,1.0895,buy
2021-10-18,49.0295,6523500,48.6484,49.5931,48.6087,0.0068,0.0254,0.0285,0.0193,0.0736,69.5584,0.0071,0.0199,0.0018,0.7911,0.2361,1.3889,buy
2021-10-19,49.6725,4086900,49.2597,49.7757,49.1009,0.0131,0.0389,0.0380,0.0288,0.0853,72.0277,0.0078,0.0210,0.0026,0.9063,-0.3735,0.8696,buy
2021-10-20,50.7125,4236000,49.5217,50.7204,49.3788,0.0209,0.0661,0.0624,0.0439,0.1056,84.0050,0.0092,0.0231,0.0040,1.1082,0.0365,0.9081,sell
2021-10-21,50.4743,3704200,50.7125,51.0538,50.1965,-0.0047,0.0485,0.0506,0.0339,0.0984,76.1679,0.0098,0.0246,0.0043,1.0099,-0.1255,0.8165,buy
2021-10-22,51.1570,4156900,50.6490,51.4270,50.6490,0.0135,0.0505,0.0593,0.0417,0.1110,80.8718,0.0101,0.0261,0.0049,1.0607,0.1222,0.9312,hold
2021-10-25,51.2603,3360600,51.4190,51.5381,51.1253,0.0020,0.0455,0.0721,0.0366,0.1105,80.5989,0.0087,0.0273,0.0049,0.9882,-0.1916,0.7757,hold
2021-10-26,51.1570,4165000,51.3396,51.5302,50.9824,-0.0020,0.0299,0.0699,0.0275,0.1055,80.8297,0.0089,0.0279,0.0044,0.9126,0.2394,0.9930,sell
2021-10-27,50.0218,4640200,50.8712,51.1967,50.0139,-0.0222,-0.0136,0.0516,-0.0002,0.0784,65.5043,0.0124,0.0268,0.0022,0.6981,0.1141,1.0955,buy
2021-10-28,50.7204,4121800,50.3076,50.8077,50.2679,0.0140,0.0049,0.0536,0.0086,0.0903,67.7906,0.0125,0.0259,0.0013,0.7933,-0.1117,1.0032,sell
2021-10-29,50.3870,4994800,50.7839,50.9586,50.3632,-0.0066,-0.0151,0.0347,-0.0014,0.0801,69.2398,0.0128,0.0249,0.0001,0.7112,0.2118,1.2174,buy
2021-11-01,51.1491,3412200,50.8077,51.2761,50.6728,0.0151,-0.0022,0.0432,0.0094,0.0931,72.3880,0.0133,0.0245,0.0000,0.8136,-0.3168,0.8386,hold
2021-11-02,51.0459,4159100,50.9506,51.4667,50.8395,-0.0020,-0.0022,0.0276,0.0047,0.0879,73.8043,0.0131,0.0240,-0.0004,0.7672,0.2189,1.0201,buy
2021-11-03,51.7127,4515300,50.8951,51.9350,50.6569,0.0131,0.0338,0.0197,0.0158,0.0990,74.1416,0.0120,0.0241,0.0000,0.8476,0.0856,1.1004,sell
2021-11-04,50.6172,3963800,51.3793,51.5699,50.1647,-0.0212,-0.0020,0.0028,-0.0060,0.0734,62.1000,0.0140,0.0229,-0.0013,0.6360,-0.1221,0.9591,buy
2021-11-05,51.0380,3552200,51.1650,51.5460,50.7522,0.0083,0.0129,-0.0023,0.0025,0.0797,62.5124,0.0136,0.0218,-0.0018,0.6918,-0.1038,0.8505,buy
2021-11-08,51.4190,4851900,51.1650,51.5699,51.1332,0.0075,0.0053,0.0031,0.0097,0.0853,61.2474,0.0138,0.0213,-0.0017,0.7419,0.3659,1.1344,hold
2021-11-09,51.3952,4232600,51.0538,51.7207,51.0538,-0.0005,0.0068,0.0047,0.0087,0.0819,55.0588,0.0138,0.0207,-0.0018,0.7201,-0.1276,0.9713,sell
2021-11-10,51.0993,4485000,51.6032,51.9071,51.0593,-0.0058,-0.0119,0.0215,0.0008,0.0730,54.5916,0.0116,0.0197,-0.0024,0.6427,0.0596,1.0317,sell
2021-11-11,50.7394,2830400,51.0033,51.2672,50.6914,-0.0070,0.0024,0.0004,-0.0063,0.0628,46.7786,0.0111,0.0182,-0.0033,0.5203,-0.3689,0.6639,sell
2021-11-12,50.1475,6044000,50.6834,50.7634,49.8356,-0.0117,-0.0174,-0.0048,-0.0174,0.0481,42.0195,0.0115,0.0159,-0.0047,0.2698,1.1354,1.4050,buy
2021-11-15,50.6114,3138100,50.3635,50.6914,50.1955,0.0093,-0.0157,-0.0105,-0.0073,0.0552,46.2791,0.0108,0.0143,-0.0048,0.3952,-0.4808,0.7594,buy
2021-11-16,50.8273,2939100,50.7394,51.0753,50.4194,0.0043,-0.0110,-0.0043,-0.0026,0.0569,56.2807,0.0109,0.0134,-0.0045,0.4672,-0.0634,0.7212,sell
2021-11-17,49.9316,3247700,50.6434,50.7314,49.7876,-0.0176,-0.0229,-0.0344,-0.0168,0.0358,44.0329,0.0110,0.0113,-0.0056,0.0287,0.1050,0.8067,sell
2021-11-18,49.4837,3293000,49.8916,50.0995,49.1557,-0.0090,-0.0247,-0.0224,-0.0234,0.0243,43.2834,0.0094,0.0087,-0.0066,-0.0774,0.0139,0.8222,sell
2021-11-19,48.4999,4654500,48.9718,49.0278,47.9641,-0.0199,-0.0329,-0.0497,-0.0380,0.0020,30.9305,0.0101,0.0050,-0.0085,-0.2133,0.4135,1.1549,buy
2021-11-22,49.6836,3907300,49.2357,50.2435,48.9798,0.0244,-0.0183,-0.0337,-0.0111,0.0243,41.5141,0.0133,0.0038,-0.0075,0.2093,-0.1605,0.9630,buy
2021-11-23,50.3155,3771700,50.0995,50.3795,49.9156,0.0127,-0.0101,-0.0210,0.0036,0.0344,41.2579,0.0142,0.0039,-0.0059,0.4259,-0.0347,0.9341,hold
2021-11-24,50.2995,3114900,50.1795,50.7714,49.9716,-0.0003,0.0074,-0.0157,0.0049,0.0314,47.7016,0.0142,0.0039,-0.0047,0.4153,-0.1741,0.7863,sell
2021-11-26,48.0520,5189600,48.3400,48.5479,47.0283,-0.0447,-0.0289,-0.0530,-0.0348,-0.0164,32.9157,0.0197,0.0003,-0.0069,-0.1306,0.6661,1.2926,buy
2021-11-29,48.8358,6465300,49.6516,50.4594,48.1240,0.0163,0.0069,-0.0262,-0.0165,-0.0023,35.8713,0.0207,-0.0013,-0.0068,0.1244,0.2458,1.5814,sell
2021-11-30,47.4362,7545600,47.9481,48.2760,47.2282,-0.0287,-0.0452,-0.0627,-0.0385,-0.0328,31.1787,0.0217,-0.0050,-0.0085,-0.0786,0.1671,1.7568,sell
2021-12-01,46.6684,5346800,48.6999,49.1238,46.6284,-0.0162,-0.0725,-0.0818,-0.0460,-0.0500,29.8399,0.0216,-0.0093,-0.0102,-0.0882,-0.2914,1.2279,buy
2021-12-02,48.2920,4901800,47.1802,48.7239,47.0043,0.0348,-0.0399,-0.0328,-0.0095,-0.0189,40.0130,0.0252,-0.0093,-0.0082,0.2307,-0.0832,1.1207,sell
2021-12-03,46.7724,6796700,48.2840,48.4119,46.4924,-0.0315,-0.0266,-0.0548,-0.0353,-0.0504,37.1966,0.0267,-0.0124,-0.0090,0.0353,0.3866,1.5052,buy
2021-12-06,47.5882,7772900,47.6361,48.2200,47.0923,0.0174,-0.0255,-0.0188,-0.0167,-0.0344,38.8298,0.0270,-0.0128,-0.0076,0.2032,0.1436,1.6446,buy
2021-12-07,48.4519,5396300,47.9800,48.8038,47.7881,0.0182,0.0214,-0.0248,0.0037,-0.0171,41.6243,0.0264,-0.0115,-0.0051,0.3629,-0.3058,1.1352,sell
2021-12-08,47.7961,4300900,48.4999,48.7319,47.7721,-0.0135,0.0242,-0.0501,-0.0046,-0.0308,42.3408,0.0261,-0.0118,-0.0042,0.2731,-0.2030,0.9041,hold
2021-12-09,47.6841,3974000,47.4762,47.9880,47.1003,-0.0023,-0.0126,-0.0520,-0.0015,-0.0332,43.3863,0.0261,-0.0119,-0.0035,0.2752,-0.0760,0.8399,hold
2021-12-10,47.5002,3162600,48.0600,48.1080,47.0683,-0.0039,0.0156,-0.0115,-0.0042,-0.0373,46.0962,0.0221,-0.0123,-0.0030,0.2647,-0.2042,0.6661,sell
2021-12-13,46.3884,6036300,47.2362,47.4282,46.2125,-0.0234,-0.0252,-0.0501,-0.0225,-0.0593,37.0602,0.0222,-0.0146,-0.0041,0.1066,0.9087,1.2714,buy
2021-12-14,46.9163,5715400,46.6444,47.5322,46.5644,0.0114,-0.0317,-0.0110,-0.0103,-0.0483,36.5421,0.0210,-0.0149,-0.0036,0.2274,-0.0532,1.1720,hold
2021-12-15,46.8443,4855300,47.1243,47.3962,46.2285,-0.0015,-0.0199,0.0038,-0.0122,-0.0494,36.3808,0.0203,-0.0152,-0.0032,0.2329,-0.1505,0.9764,buy
2021-12-16,47.3322,5427100,47.4362,48.2920,47.1882,0.0104,-0.0074,-0.0199,0.0001,-0.0393,46.7057,0.0169,-0.0143,-0.0019,0.3500,0.1178,1.0680,sell
2021-12-17,45.6766,9608400,47.2122,47.2762,45.3967,-0.0350,-0.0384,-0.0234,-0.0326,-0.0721,36.6101,0.0176,-0.0170,-0.0033,0.0628,0.7704,1.7803,sell
2021-12-20,44.5249,5968100,44.9568,45.0928,43.7731,-0.0252,-0.0402,-0.0644,-0.0509,-0.0941,37.3961,0.0175,-0.0210,-0.0055,-0.0441,-0.3789,1.0925,buy
2021-12-21,45.6846,4589700,45.1248,45.8686,45.0288,0.0260,-0.0263,-0.0571,-0.0204,-0.0697,45.8807,0.0189,-0.0209,-0.0047,0.1882,-0.2310,0.8350,hold
2021-12-22,45.8606,3935800,45.5407,45.9486,45.3807,0.0039,-0.0210,-0.0405,-0.0125,-0.0653,38.4146,0.0189,-0.0207,-0.0036,0.2343,-0.1425,0.7149,buy
2021-12-23,46.2045,3189100,46.2605,46.7004,46.0685,0.0075,-0.0238,-0.0310,-0.0019,-0.0578,46.9528,0.0192,-0.0195,-0.0021,0.3107,-0.1897,0.5789,buy
2021-12-27,46.7564,2597100,46.3885,46.7564,45.8926,0.0119,0.0236,-0.0157,0.0116,-0.0460,45.4064,0.0198,-0.0174,-0.0001,0.4517,-0.1856,0.4828,hold
2021-12-28,46.9483,2736400,46.6844,47.1243,46.5404,0.0041,0.0544,0.0121,0.0146,-0.0414,41.0305,0.0182,-0.0153,0.0015,0.5213,0.0536,0.5270,hold
2021-12-29,47.0123,2623500,47.2442,47.2922,46.8123,0.0014,0.0291,0.0020,0.0157,-0.0393,44.9692,0.0179,-0.0134,0.0027,0.5438,-0.0413,0.5304,hold
2021-12-30,46.7884,2786900,47.1643,47.4602,46.7404,-0.0048,0.0202,-0.0012,0.0110,-0.0428,44.3321,0.0180,-0.0123,0.0032,0.4835,0.0623,0.5783,hold
2021-12-31,46.8283,2863200,46.6124,47.0923,46.6044,0.0009,0.0135,-0.0106,0.0130,-0.0404,45.6701,0.0176,-0.0111,0.0035,0.5141,0.0274,0.6070,buy
2022-01-03,48.3080,5677600,47.4522,48.3639,47.4282,0.0316,0.0332,0.0576,0.0391,-0.0092,61.8110,0.0158,-0.0073,0.0055,0.8809,0.9830,1.2182,buy
2022-01-04,49.8676,5741500,48.9398,50.2755,48.8998,0.0323,0.0622,0.1200,0.0604,0.0233,66.1136,0.0136,-0.0019,0.0084,1.1248,0.0113,1.2593,sell
2022-01-05,49.3237,5194800,49.9716,50.4754,49.2837,-0.0109,0.0492,0.0797,0.0408,0.0130,62.8738,0.0142,0.0014,0.0094,0.9688,-0.0952,1.1419,buy
2022-01-06,51.1713,7388100,50.2195,51.1793,49.7076,0.0375,0.0937,0.1158,0.0678,0.0509,67.4673,0.0169,0.0067,0.0115,1.1483,0.4222,1.5708,buy
2022-01-07,51.9871,7178800,50.9633,52.1390,50.7154,0.0159,0.1102,0.1252,0.0719,0.0668,81.0875,0.0169,0.0118,0.0133,1.1116,-0.0283,1.4760,hold
2022-01-10,52.2190,5931400,52.6029,52.7709,51.4992,0.0045,0.0810,0.1168,0.0647,0.0709,91.6812,0.0170,0.0161,0.0141,1.0297,-0.1738,1.1858,buy
2022-01-11,52.5149,5031700,52.4029,52.5869,51.7391,0.0057,0.0531,0.1186,0.0587,0.0760,90.8222,0.0170,0.0197,0.0141,0.9767,-0.1517,1.0161,buy
2022-01-12,53.0508,6632400,52.6029,53.0668,52.4429,0.0102,0.0756,0.1284,0.0567,0.0861,91.2008,0.0166,0.0229,0.0139,0.9547,0.3181,1.3271,buy
2022-01-13,53.4027,7665000,53.2587,53.9626,53.1228,0.0066,0.0436,0.1414,0.0498,0.0923,91.2088,0.0157,0.0257,0.0134,0.9225,0.1557,1.4917,buy
2022-01-14,53.9146,6997900,52.4829,54.0745,52.0910,0.0096,0.0371,0.1513,0.0453,0.1018,91.1684,0.0152,0.0282,0.0128,0.9071,-0.0870,1.3414,hold
2022-01-18,53.7226,8638700,53.7866,55.1463,53.4027,-0.0036,0.0288,0.1121,0.0308,0.0965,88.9604,0.0148,0.0298,0.0115,0.8497,0.2345,1.6715,sell
2022-01-19,51.6511,7110500,54.1385,54.2505,51.5712,-0.0386,-0.0164,0.0358,-0.0123,0.0539,71.6741,0.0195,0.0287,0.0077,0.6665,-0.1769,1.3607,sell
2022-01-20,50.4834,5876200,51.4112,51.9471,50.4114,-0.0226,-0.0484,0.0235,-0.0368,0.0305,65.8653,0.0208,0.0254,0.0031,0.5513,-0.1736,1.1108,sell
2022-01-21,49.1638,6636000,50.3875,50.4514,48.8998,-0.0261,-0.0794,-0.0392,-0.0584,0.0045,59.0347,0.0185,0.0204,-0.0020,0.4160,0.1293,1.2233,buy
2022-01-24,49.8276,10083000,48.8278,49.9076,47.4922,0.0135,-0.0758,-0.0415,-0.0417,0.0186,56.2748,0.0183,0.0165,-0.0044,0.4585,0.5194,1.7476,buy
2022-01-25,50.4114,8014700,49.4597,50.8753,48.4759,0.0117,-0.0616,-0.0346,-0.0271,0.0306,52.4425,0.0188,0.0143,-0.0051,0.4981,-0.2051,1.3268,hold
2022-01-26,50.2835,8914400,50.9393,51.3312,49.4917,-0.0025,-0.0265,-0.0425,-0.0253,0.0280,54.4776,0.0185,0.0124,-0.0056,0.4652,0.1123,1.4040,sell
2022-01-27,49.5157,9684300,51.0353,51.6351,49.2037,-0.0153,-0.0192,-0.0666,-0.0336,0.0127,41.4108,0.0181,0.0097,-0.0069,0.3567,0.0864,1.4449,buy
2022-01-28,50.0515,5973000,49.3717,50.0995,48.7079,0.0108,0.0181,-0.0628,-0.0167,0.0240,39.6581,0.0185,0.0081,-0.0067,0.3903,-0.3832,0.8705,hold
2022-01-31,50.2435,6712600,49.5157,50.5954,48.8198,0.0038,0.0083,-0.0681,-0.0058,0.0278,39.3991,0.0180,0.0071,-0.0061,0.3772,0.1238,0.9516,buy
2022-02-01,51.2033,5492800,50.1955,51.3152,49.8276,0.0191,0.0157,-0.0469,0.0183,0.0467,43.4295,0.0198,0.0076,-0.0043,0.5005,-0.1817,0.7797,buy
2022-02-02,51.6431,5164300,50.9233,51.7071,50.6914,0.0086,0.0270,-0.0002,0.0271,0.0543,42.8803,0.0161,0.0086,-0.0025,0.5593,-0.0598,0.7361,sell
2022-02-03,50.6354,5370100,51.9871,51.9871,50.4994,-0.0195,0.0226,0.0030,0.0067,0.0334,36.8741,0.0156,0.0080,-0.0027,0.3740,0.0399,0.7644,buy
2022-02-04,51.1713,9017100,50.6994,51.5632,50.6594,0.0106,0.0224,0.0408,0.0133,0.0439,37.0174,0.0127,0.0080,-0.0020,0.4679,0.6791,1.2689,hold
2022-02-07,51.3552,4799300,51.4912,51.7711,50.8273,0.0036,0.0221,0.0307,0.0139,0.0472,38.7878,0.0123,0.0083,-0.0014,0.5056,-0.4678,0.6869,buy
2022-02-08,52.6669,6527200,52.2590,52.8668,52.0430,0.0255,0.0286,0.0447,0.0352,0.0720,55.1837,0.0140,0.0102,0.0006,0.7297,0.3600,0.9302,sell
2022-02-09,52.3870,3711100,52.5389,52.8268,52.2510,-0.0053,0.0144,0.0418,0.0254,0.0647,60.6823,0.0142,0.0114,0.0014,0.6828,-0.4314,0.5339,sell
2022-02-10,52.0647,5761200,52.2822,53.0476,51.8149,-0.0062,0.0282,0.0515,0.0141,0.0562,68.3315,0.0131,0.0117,0.0013,0.6397,0.5524,0.8341,sell
2022-02-11,51.2267,6068600,51.6860,52.5320,50.8561,-0.0161,0.0011,0.0235,-0.0045,0.0373,58.6512,0.0144,0.0107,0.0001,0.5088,0.0534,0.8888,sell
2022-02-14,50.7594,6146900,51.4523,51.8149,50.1471,-0.0091,-0.0116,0.0103,-0.0146,0.0268,52.1832,0.0149,0.0090,-0.0014,0.4414,0.0129,0.9059,buy
2022-02-15,52.2097,5054300,51.2912,52.2661,51.2187,0.0286,-0.0087,0.0197,0.0116,0.0538,60.3647,0.0164,0.0094,-0.0005,0.8235,-0.1777,0.7651,hold
2022-02-16,52.1372,3877400,51.6135,52.6609,51.6135,-0.0014,-0.0048,0.0096,0.0092,0.0504,65.2468,0.0162,0.0098,-0.0001,0.7915,-0.2329,0.6017,sell
2022-02-17,50.3969,4675100,51.4523,51.7021,50.2921,-0.0334,-0.0320,-0.0047,-0.0240,0.0145,51.7616,0.0186,0.0075,-0.0022,0.3576,0.2057,0.7323,hold
2022-02-18,50.2115,4008400,50.3727,50.9447,50.0182,-0.0037,-0.0198,-0.0188,-0.0258,0.0098,49.8370,0.0182,0.0051,-0.0037,0.2820,-0.1426,0.6411,hold
2022-02-22,50.0987,4939600,50.6627,50.6708,49.5992,-0.0022,-0.0130,-0.0245,-0.0256,0.0066,43.8280,0.0181,0.0030,-0.0047,0.2433,0.2323,0.8239,sell
2022-02-23,48.8257,5640300,50.1632,50.5822,48.6646,-0.0254,-0.0648,-0.0729,-0.0432,-0.0195,35.5974,0.0165,-0.0007,-0.0069,-0.0172,0.1419,0.9597,sell
2022-02-24,47.7058,10624400,47.1740,47.8911,46.0622,-0.0229,-0.0850,-0.0894,-0.0565,-0.0425,35.1938,0.0172,-0.0057,-0.0096,-0.1218,0.8837,1.7819,buy
2022-02-25,50.7353,8405100,48.4873,50.8239,48.3584,0.0635,0.0067,-0.0255,0.0060,0.0167,48.2401,0.0288,-0.0042,-0.0063,0.4689,-0.2089,1.4250,sell
2022-02-28,50.1310,8099400,48.7371,50.3807,48.3020,-0.0119,-0.0016,-0.0214,-0.0038,0.0033,45.2205,0.0286,-0.0042,-0.0050,0.3435,-0.0364,1.3488,sell
2022-03-01,46.8518,8964000,49.3736,49.5509,46.3039,-0.0654,-0.0648,-0.0770,-0.0617,-0.0621,30.3205,0.0350,-0.0100,-0.0087,-0.1408,0.1067,1.4653,buy
2022-03-02,48.8983,6482900,47.5850,49.3414,47.4158,0.0437,0.0015,-0.0634,-0.0141,-0.0224,39.4545,0.0370,-0.0103,-0.0072,0.2260,-0.2768,1.0513,hold
2022-03-03,48.7854,4755600,49.1400,49.3656,48.1167,-0.0023,0.0226,-0.0643,-0.0097,-0.0264,39.9605,0.0370,-0.0109,-0.0063,0.2360,-0.2664,0.7737,sell
2022-03-04,47.5044,8031300,47.4158,47.7139,47.0049,-0.0263,-0.0637,-0.0574,-0.0300,-0.0526,38.9049,0.0365,-0.0137,-0.0072,0.0927,0.6888,1.2790,sell
2022-03-07,45.3048,8460000,47.1660,47.4158,45.2726,-0.0463,-0.0963,-0.0977,-0.0656,-0.0963,35.2634,0.0387,-0.0201,-0.0106,-0.0782,0.0534,1.3533,hold
2022-03-08,45.8043,6575800,46.2475,47.2949,45.3290,0.0110,-0.0224,-0.0857,-0.0468,-0.0862,31.7577,0.0392,-0.0233,-0.0111,0.0560,-0.2227,1.0371,buy
2022-03-09,47.1499,6243100,47.4560,48.0362,46.8276,0.0294,-0.0358,-0.0343,-0.0154,-0.0595,36.7566,0.0403,-0.0227,-0.0087,0.2342,-0.0506,0.9869,sell
2022-03-10,46.4489,4919800,46.4973,46.9807,45.8849,-0.0149,-0.0479,-0.0263,-0.0275,-0.0733,38.9040,0.0400,-0.0240,-0.0078,0.1855,-0.2120,0.7703,hold
2022-03-11,46.0380,5046500,46.8598,47.3835,45.9977,-0.0088,-0.0309,-0.0926,-0.0265,-0.0811,38.4169,0.0327,-0.0254,-0.0073,0.1719,0.0258,0.7946,buy
2022-03-14,46.6423,5249900,46.7712,47.5044,46.3281,0.0131,0.0295,-0.0696,-0.0064,-0.0690,40.6618,0.0334,-0.0247,-0.0054,0.2665,0.0403,0.8320,hold
2022-03-15,46.7470,6405500,47.0290,47.4238,46.0944,0.0022,0.0206,-0.0022,-0.0039,-0.0669,44.0056,0.0263,-0.0239,-0.0037,0.3002,0.2201,1.0131,buy
2022-03-16,48.1087,9414800,47.4158,48.3181,47.2788,0.0291,0.0203,-0.0161,0.0268,-0.0396,51.1457,0.0239,-0.0201,-0.0004,0.4846,0.4698,1.4394,sell
2022-03-17,47.4077,9084400,47.3594,47.4158,46.3925,-0.0146,0.0206,-0.0282,0.0148,-0.0527,39.0914,0.0242,-0.0189,0.0009,0.4134,-0.0351,1.3357,hold
2022-03-18,47.1821,16014800,47.3996,47.4238,45.9333,-0.0048,0.0249,-0.0068,0.0107,-0.0564,40.0867,0.0228,-0.0179,0.0015,0.3982,0.7629,2.1735,hold
2022-03-21,47.2304,6689900,47.6172,48.0281,46.7390,0.0010,0.0126,0.0425,0.0076,-0.0539,51.6263,0.0162,-0.0168,0.0021,0.4246,-0.5823,0.8917,buy
2022-03-22,48.1087,5183600,47.9797,48.5679,47.6494,0.0186,0.0291,0.0503,0.0213,-0.0348,46.2307,0.0167,-0.0140,0.0036,0.5954,-0.2252,0.6898,sell
2022-03-23,46.8759,4964500,47.6978,47.9395,46.7148,-0.0256,-0.0256,-0.0058,-0.0043,-0.0575,41.7651,0.0169,-0.0143,0.0030,0.3884,-0.0423,0.6636,buy
2022-03-24,47.3674,5929100,47.1096,47.3755,46.6423,0.0105,-0.0008,0.0198,0.0042,-0.0457,49.3662,0.0164,-0.0131,0.0032,0.4818,0.1943,0.8183,buy
2022-03-25,48.4309,7369200,47.4802,48.5035,47.2385,0.0225,0.0265,0.0520,0.0215,-0.0224,66.1667,0.0170,-0.0101,0.0047,0.7351,0.2429,1.0243,sell
2022-03-28,47.9878,8356600,47.7219,48.0120,46.7873,-0.0091,0.0160,0.0288,0.0093,-0.0293,61.3580,0.0173,-0.0087,0.0050,0.6938,0.1340,1.1595,buy
2022-03-29,48.7935,7414300,48.9063,49.2286,48.3907,0.0168,0.0142,0.0438,0.0219,-0.0109,59.0586,0.0179,-0.0060,0.0060,0.8578,-0.1128,1.0399,sell
2022-03-30,47.3271,4995600,48.7935,48.8660,47.0290,-0.0301,0.0096,-0.0162,-0.0072,-0.0381,54.4636,0.0186,-0.0065,0.0047,0.5171,-0.3262,0.7081,sell
2022-03-31,45.6835,7429000,47.1096,47.5930,45.6835,-0.0347,-0.0356,-0.0364,-0.0382,-0.0693,48.3988,0.0211,-0.0098,0.0014,0.1205,0.4871,1.0334,sell
2022-04-01,44.5797,6637200,45.9252,46.3281,44.3460,-0.0242,-0.0795,-0.0552,-0.0563,-0.0896,41.0864,0.0221,-0.0143,-0.0023,-0.0469,-0.1066,0.9323,hold
2022-04-04,44.5313,5407100,44.2332,44.8214,43.5484,-0.0011,-0.0720,-0.0571,-0.0519,-0.0888,40.3779,0.0220,-0.0177,-0.0045,-0.0145,-0.1853,0.7762,hold
2022-04-05,44.6038,5845500,44.3541,45.1195,44.1688,0.0016,-0.0859,-0.0729,-0.0432,-0.0854,32.8605,0.0205,-0.0199,-0.0054,0.0484,0.0811,0.8435,sell
2022-04-06,44.1043,5755500,44.1929,44.5394,43.8707,-0.0112,-0.0681,-0.0591,-0.0483,-0.0933,33.5208,0.0196,-0.0226,-0.0063,0.0317,-0.0154,0.8334,sell
2022-04-07,43.4114,5393500,44.2171,44.3702,42.8474,-0.0157,-0.0497,-0.0835,-0.0552,-0.1050,32.0276,0.0189,-0.0259,-0.0075,0.0004,-0.0629,0.7784,hold
2022-04-08,43.4033,4688400,43.3711,43.9109,43.0327,-0.0002,-0.0264,-0.1038,-0.0449,-0.1029,31.6885,0.0159,-0.0280,-0.0076,0.0615,-0.1307,0.6784,hold
2022-04-11,43.2180,4734800,43.0327,44.0640,42.7910,-0.0043,-0.0295,-0.0994,-0.0389,-0.1042,24.9380,0.0160,-0.0297,-0.0074,0.0929,0.0099,0.6876,sell
2022-04-12,42.4526,5413100,43.1052,43.6451,42.2190,-0.0177,-0.0482,-0.1300,-0.0424,-0.1172,26.1925,0.0130,-0.0326,-0.0080,0.0612,0.1433,0.7918,sell
2022-04-13,41.8967,10198500,42.0336,42.4123,41.6227,-0.0131,-0.0501,-0.1147,-0.0432,-0.1254,20.7579,0.0116,-0.0357,-0.0085,0.0606,0.8840,1.4834,hold
2022-04-14,42.0095,8406900,41.9289,42.5412,41.6388,0.0027,-0.0323,-0.0804,-0.0325,-0.1195,11.7928,0.0093,-0.0370,-0.0079,0.1239,-0.1757,1.2288,buy
2022-04-18,42.4284,8065500,41.8806,42.6540,41.8161,0.0100,-0.0225,-0.0483,-0.0180,-0.1077,16.8268,0.0091,-0.0365,-0.0062,0.2029,-0.0406,1.2517,sell
2022-04-19,41.9047,10759600,41.8967,42.1948,40.5189,-0.0123,-0.0304,-0.0590,-0.0242,-0.1152,7.4626,0.0093,-0.0374,-0.0054,0.1838,0.3340,1.6186,buy
2022-04-20,42.3559,8541400,42.0578,43.0972,41.9853,0.0108,-0.0023,-0.0504,-0.0085,-0.1023,14.9035,0.0105,-0.0361,-0.0036,0.2550,-0.2062,1.2533,sell
2022-04-21,41.9853,6896100,42.7668,43.2100,41.8080,-0.0088,0.0021,-0.0480,-0.0123,-0.1061,18.1694,0.0104,-0.0360,-0.0025,0.2430,-0.1926,0.9977,sell
2022-04-22,41.0023,7083000,42.1303,42.1867,40.9218,-0.0234,-0.0240,-0.0555,-0.0299,-0.1228,18.5554,0.0115,-0.0380,-0.0030,0.1744,0.0271,1.0163,hold
2022-04-25,40.9621,12589400,40.4867,41.0185,39.4151,-0.0010,-0.0346,-0.0562,-0.0252,-0.1195,18.5818,0.0114,-0.0386,-0.0028,0.1924,0.7774,1.7411,sell
2022-04-26,40.7123,10290100,40.3900,41.2924,40.2128,-0.0061,-0.0285,-0.0580,-0.0253,-0.1209,16.7815,0.0114,-0.0393,-0.0027,0.1854,-0.1826,1.4044,hold
2022-04-27,40.7123,7917800,40.7526,41.1393,40.4545,0.0000,-0.0388,-0.0410,-0.0213,-0.1170,18.3461,0.0107,-0.0393,-0.0021,0.1805,-0.2305,1.0769,sell
2022-04-28,40.4867,13012500,40.3981,40.7526,39.8905,-0.0055,-0.0357,-0.0337,-0.0234,-0.1174,20.0991,0.0103,-0.0394,-0.0016,0.1482,0.6434,1.6783,sell
2022-04-29,38.9559,10699000,40.5350,40.8009,38.8511,-0.0378,-0.0499,-0.0727,-0.0533,-0.1459,15.3269,0.0147,-0.0436,-0.0034,-0.0376,-0.1778,1.3514,buy
2022-05-02,39.4312,11638100,39.6407,39.7052,38.6577,0.0122,-0.0374,-0.0706,-0.0348,-0.1313,21.7550,0.0150,-0.0436,-0.0032,0.0877,0.0878,1.4251,buy
2022-05-03,39.9710,11034600,39.8663,40.4464,39.6890,0.0137,-0.0182,-0.0461,-0.0169,-0.1154,30.8459,0.0162,-0.0419,-0.0016,0.1996,-0.0519,1.3062,buy
2022-05-04,40.8976,16563600,39.9308,40.9137,39.6085,0.0232,0.0046,-0.0344,0.0095,-0.0912,42.7059,0.0179,-0.0378,0.0013,0.3703,0.5011,1.8437,sell
2022-05-05,39.8421,8162500,40.3175,40.4383,39.1170,-0.0258,-0.0159,-0.0510,-0.0113,-0.1111,36.0911,0.0192,-0.0380,0.0017,0.2012,-0.5072,0.8965,sell
2022-05-06,39.5279,9088600,39.8582,39.9066,38.8108,-0.0079,0.0147,-0.0360,-0.0155,-0.1149,31.1322,0.0182,-0.0378,0.0018,0.1716,0.1135,0.9784,sell
2022-05-09,39.1331,8961000,39.3023,39.6326,38.7947,-0.0100,-0.0076,-0.0446,-0.0209,-0.1192,31.6633,0.0183,-0.0382,0.0014,0.1275,-0.0140,0.9430,sell
2022-05-10,38.2388,9444300,39.4796,39.6810,37.7554,-0.0229,-0.0433,-0.0608,-0.0373,-0.1346,24.2699,0.0192,-0.0405,0.0000,0.0099,0.0539,0.9698,sell
2022-05-11,37.7473,7184500,38.3355,39.3506,37.6909,-0.0129,-0.0770,-0.0728,-0.0425,-0.1422,23.9087,0.0192,-0.0427,-0.0013,-0.0016,-0.2393,0.7311,hold
2022-05-12,37.8287,7684600,37.6659,38.0485,37.0472,0.0022,-0.0505,-0.0657,-0.0339,-0.1360,28.0216,0.0194,-0.0433,-0.0016,0.0755,0.0696,0.7921,hold
2022-05-13,37.6985,8455800,38.1625,38.2601,37.3403,-0.0034,-0.0463,-0.0323,-0.0342,-0.1346,27.6768,0.0160,-0.0438,-0.0015,0.1044,0.1004,0.8714,hold
2022-05-16,37.5438,7753400,37.7310,37.9589,37.0553,-0.0041,-0.0406,-0.0479,-0.0334,-0.1342,28.0416,0.0151,-0.0440,-0.0013,0.1185,-0.0831,0.8003,buy
2022-05-17,38.9846,10602800,38.3415,39.0905,38.1543,0.0384,0.0195,-0.0247,0.0062,-0.0984,40.0202,0.0197,-0.0390,0.0017,0.3756,0.3675,1.0953,sell
2022-05-18,37.7392,7114800,38.5776,38.6997,37.6252,-0.0319,-0.0002,-0.0772,-0.0179,-0.1239,35.8017,0.0195,-0.0397,0.0019,0.1816,-0.3290,0.7404,hold
2022-05-19,37.5438,7637100,37.3728,37.9508,37.2344,-0.0052,-0.0075,-0.0577,-0.0171,-0.1245,41.5344,0.0185,-0.0394,0.0019,0.1690,0.0734,0.7917,sell
2022-05-20,37.1856,9730300,37.7473,38.0322,36.5099,-0.0095,-0.0136,-0.0593,-0.0205,-0.1291,36.3454,0.0185,-0.0398,0.0016,0.1391,0.2741,0.9951,buy
2022-05-23,38.4799,6484700,38.0159,38.8870,37.7636,0.0348,0.0249,-0.0167,0.0153,-0.0956,41.6953,0.0224,-0.0352,0.0038,0.4072,-0.3336,0.6845,sell
2022-05-24,38.1055,6402400,38.4067,38.5613,37.2426,-0.0097,-0.0226,-0.0035,0.0058,-0.1008,33.4302,0.0214,-0.0335,0.0047,0.3496,-0.0127,0.6900,buy
2022-05-25,38.7649,7800000,37.9671,39.0172,37.9671,0.0173,0.0272,0.0270,0.0205,-0.0818,43.2916,0.0215,-0.0295,0.0064,0.5139,0.2183,0.8412,buy
2022-05-26,39.4079,5331500,39.0660,39.7173,39.0335,0.0166,0.0497,0.0417,0.0331,-0.0627,49.2824,0.0219,-0.0248,0.0084,0.6895,-0.3165,0.5998,buy
2022-05-27,39.9941,5361600,39.4324,40.0022,39.3510,0.0149,0.0755,0.0609,0.0422,-0.0454,55.0352,0.0220,-0.0197,0.0104,0.8100,0.0056,0.6219,buy
2022-05-31,40.4906,9984100,39.4812,40.7674,39.3428,0.0124,0.0523,0.0785,0.0471,-0.0304,63.8122,0.0218,-0.0146,0.0121,0.8924,0.8621,1.1692,sell
2022-06-01,39.8231,7190400,40.6209,40.7104,39.3347,-0.0165,0.0451,0.0215,0.0276,-0.0430,62.4633,0.0200,-0.0122,0.0120,0.7448,-0.2798,0.8614,buy
2022-06-02,40.4988,5355100,39.7905,40.5232,39.5463,0.0170,0.0447,0.0731,0.0376,-0.0232,64.9635,0.0164,-0.0084,0.0123,0.9179,-0.2552,0.6877,sell
2022-06-03,39.9615,5701000,40.1894,40.5557,39.9045,-0.0133,0.0140,0.0644,0.0176,-0.0329,62.1290,0.0172,-0.0067,0.0114,0.7877,0.0646,0.7439,buy
2022-06-06,40.2953,4415800,40.4581,41.0279,40.1487,0.0084,0.0075,0.0836,0.0180,-0.0215,64.4692,0.0163,-0.0045,0.0108,0.8432,-0.2254,0.5943,buy
2022-06-07,40.5069,3970300,39.8801,40.6127,39.6766,0.0053,0.0004,0.0527,0.0181,-0.0126,59.1936,0.0134,-0.0023,0.0103,0.8549,-0.1009,0.5529,sell
2022-06-08,39.9289,4064600,40.0510,40.2546,39.5545,-0.0143,0.0027,0.0479,-0.0010,-0.0228,64.3851,0.0140,-0.0018,0.0088,0.7110,0.0238,0.5881,sell
2022-06-09,38.8381,5481000,39.8068,39.8964,38.8137,-0.0273,-0.0410,0.0019,-0.0284,-0.0449,57.6077,0.0164,-0.0036,0.0059,0.4691,0.3485,0.8030,sell
2022-06-10,37.4054,6902900,37.9915,38.3334,37.2589,-0.0369,-0.0640,-0.0508,-0.0596,-0.0756,51.1470,0.0190,-0.0081,0.0013,0.1710,0.2594,1.0171,buy
2022-06-13,37.9671,15682700,36.6076,38.4799,36.4285,0.0150,-0.0578,-0.0507,-0.0405,-0.0581,47.1021,0.0191,-0.0102,-0.0007,0.2846,1.2719,2.1939,sell
2022-06-14,37.6415,9928400,38.0648,38.7893,37.2426,-0.0086,-0.0707,-0.0704,-0.0419,-0.0630,47.3635,0.0181,-0.0125,-0.0024,0.2123,-0.3669,1.3681,buy
2022-06-15,37.9182,7075800,38.0810,38.4881,37.4380,0.0074,-0.0504,-0.0478,-0.0301,-0.0530,44.9710,0.0183,-0.0135,-0.0027,0.2877,-0.2873,0.9993,sell
2022-06-16,37.3158,7801200,37.3077,37.5356,36.7379,-0.0159,-0.0392,-0.0786,-0.0377,-0.0646,37.5122,0.0168,-0.0157,-0.0038,0.1723,0.1025,1.0964,buy
2022-06-17,37.6822,13955600,37.4624,38.1625,37.2182,0.0098,0.0074,-0.0570,-0.0225,-0.0524,35.8283,0.0176,-0.0161,-0.0034,0.2448,0.7889,1.8780,buy
2022-06-21,38.3008,5355100,38.5043,38.8055,37.9589,0.0164,0.0088,-0.0495,-0.0013,-0.0343,36.7747,0.0185,-0.0148,-0.0019,0.3545,-0.6163,0.7425,hold
2022-06-22,38.4474,6129800,37.9264,38.5695,37.7717,0.0038,0.0214,-0.0508,0.0079,-0.0282,41.1333,0.0184,-0.0135,-0.0005,0.3870,0.1447,0.8520,sell
2022-06-23,38.1462,5791500,38.2357,38.5125,37.5356,-0.0078,0.0060,-0.0446,0.0047,-0.0333,34.0684,0.0181,-0.0130,0.0000,0.3205,-0.0552,0.8084,buy
2022-06-24,40.0673,6054000,38.3171,40.1162,38.3171,0.0504,0.0737,0.0316,0.0519,0.0166,50.6036,0.0232,-0.0080,0.0035,0.7217,0.0453,0.8555,sell
2022-06-27,39.5382,8440600,40.1487,40.2953,39.1475,-0.0132,0.0493,0.0570,0.0323,0.0043,45.7765,0.0195,-0.0057,0.0048,0.6068,0.3942,1.1671,hold
2022-06-28,39.3754,4886900,39.8068,40.4499,39.2207,-0.0041,0.0281,0.0371,0.0242,0.0016,43.6530,0.0194,-0.0040,0.0052,0.5799,-0.4210,0.6780,sell
2022-06-29,38.5858,5353000,39.4405,39.5545,38.5450,-0.0201,0.0036,0.0251,0.0012,-0.0166,42.6404,0.0206,-0.0043,0.0041,0.4258,0.0954,0.7673,hold
2022-06-30,38.6102,5682900,37.8450,38.9277,37.3403,0.0006,0.0122,0.0182,0.0001,-0.0143,48.5859,0.0205,-0.0044,0.0032,0.4442,0.0616,0.8234,buy
2022-07-01,39.2370,5086400,38.5125,39.3754,38.0648,0.0162,-0.0207,0.0515,0.0113,0.0033,62.6263,0.0199,-0.0031,0.0035,0.6106,-0.1050,0.7384,buy
2022-07-05,39.5952,4957300,38.4636,39.5952,38.0566,0.0091,0.0014,0.0508,0.0155,0.0137,61.5473,0.0199,-0.0013,0.0042,0.7073,-0.0254,0.7236,sell
2022-07-06,38.7893,8800200,39.3998,39.6440,38.6183,-0.0204,-0.0149,0.0128,-0.0064,-0.0058,57.6217,0.0209,-0.0016,0.0032,0.5254,0.7752,1.2447,buy
2022-07-07,39.0823,4905300,39.1719,39.4486,38.9765,0.0076,0.0129,0.0165,-0.0005,0.0026,57.7131,0.0210,-0.0011,0.0029,0.6379,-0.4426,0.6893,sell
2022-07-08,38.8300,3922000,39.3184,39.4324,38.6997,-0.0065,0.0057,0.0179,-0.0087,-0.0029,60.5204,0.0210,-0.0013,0.0022,0.5843,-0.2005,0.5516,sell
2022-07-11,38.5858,6672700,38.4474,38.8951,38.3090,-0.0063,-0.0166,-0.0370,-0.0112,-0.0081,56.3866,0.0123,-0.0020,0.0013,0.5096,0.7014,0.9307,sell
2022-07-12,38.4311,3948000,38.0892,39.1230,38.0241,-0.0040,-0.0294,-0.0280,-0.0124,-0.0110,50.9853,0.0118,-0.0028,0.0004,0.4392,-0.4083,0.5623,sell
2022-07-13,37.5356,4792400,37.9589,38.0811,37.1693,-0.0233,-0.0323,-0.0467,-0.0308,-0.0333,43.8053,0.0135,-0.0053,-0.0017,0.1502,0.2139,0.7399,sell
2022-07-14,36.7949,6074200,36.7379,36.9577,36.3715,-0.0197,-0.0585,-0.0464,-0.0455,-0.0511,41.3360,0.0135,-0.0090,-0.0042,-0.0288,0.2675,0.9666,buy
2022-07-15,38.5939,6939500,37.3647,38.7241,37.1205,0.0489,-0.0061,-0.0004,0.0012,-0.0040,40.4029,0.0217,-0.0074,-0.0023,0.5051,0.1425,1.1055,sell
2022-07-18,38.3415,6735400,39.0905,39.5626,38.1380,-0.0065,-0.0063,-0.0228,-0.0030,-0.0092,41.9142,0.0210,-0.0070,-0.0015,0.4057,-0.0294,1.0821,buy
2022-07-19,39.3265,8117200,39.6684,39.6684,38.3415,0.0257,0.0233,-0.0068,0.0233,0.0165,49.7030,0.0226,-0.0044,0.0008,0.7077,0.2052,1.3683,hold
2022-07-20,39.0905,5054900,39.0253,39.3103,38.6672,-0.0060,0.0414,0.0078,0.0164,0.0106,53.2909,0.0216,-0.0029,0.0019,0.6151,-0.3773,0.8543,buy
2022-07-21,39.3591,5015500,38.9358,39.4242,38.5776,0.0069,0.0697,0.0071,0.0226,0.0175,54.7325,0.0216,-0.0011,0.0029,0.6883,-0.0078,0.8557,hold
2022-07-22,39.1882,4636100,39.4487,39.6684,38.8463,-0.0043,0.0154,0.0092,0.0172,0.0125,49.6725,0.0215,-0.0001,0.0031,0.6155,-0.0756,0.7988,buy
2022-07-25,39.9778,3559300,39.6603,40.3197,39.2533,0.0201,0.0427,0.0361,0.0340,0.0317,52.4253,0.0221,0.0023,0.0043,0.8892,-0.2323,0.6267,sell
2022-07-26,39.4568,4540300,39.7498,40.2301,39.3103,-0.0130,0.0033,0.0267,0.0178,0.0174,54.3897,0.0227,0.0031,0.0042,0.7130,0.2756,0.8279,buy
2022-07-27,40.3360,5415200,39.6277,40.6453,39.4731,0.0223,0.0319,0.0746,0.0330,0.0387,57.6541,0.0214,0.0053,0.0051,0.9578,0.1927,0.9827,hold
2022-07-28,40.3441,4961100,40.2301,40.4825,39.6522,0.0002,0.0250,0.0965,0.0239,0.0374,59.5287,0.0194,0.0071,0.0055,0.9020,-0.0839,0.9035,buy
2022-07-29,41.0849,6341100,40.3929,41.1988,40.3848,0.0184,0.0484,0.0645,0.0362,0.0553,64.8023,0.0142,0.0097,0.0065,1.0133,0.2782,1.1480,hold
2022-08-01,40.9465,6086100,40.6616,41.2233,40.3360,-0.0034,0.0242,0.0679,0.0259,0.0500,64.9275,0.0139,0.0115,0.0066,0.9187,-0.0402,1.0919,sell
2022-08-02,40.3929,4124100,40.8407,41.0442,40.2627,-0.0135,0.0237,0.0271,0.0094,0.0343,67.6736,0.0135,0.0118,0.0055,0.7698,-0.3224,0.7455,buy
2022-08-03,41.0279,4527100,40.7023,41.2233,40.3685,0.0157,0.0172,0.0496,0.0203,0.0485,76.5306,0.0136,0.0129,0.0053,0.8680,0.0977,0.8512,sell
2022-08-04,40.1080,4386500,40.9221,41.0849,39.9859,-0.0224,-0.0059,0.0190,-0.0044,0.0242,60.6651,0.0161,0.0122,0.0036,0.6552,-0.0311,0.8288,buy
2022-08-05,40.7837,3685600,39.8964,40.9302,39.8964,0.0168,-0.0073,0.0407,0.0084,0.0400,66.2337,0.0166,0.0124,0.0031,0.7722,-0.1598,0.6979,sell
2022-08-08,40.4988,4002200,40.9709,41.1093,40.4581,-0.0070,-0.0109,0.0130,0.0000,0.0318,58.5918,0.0158,0.0121,0.0022,0.6923,0.0859,0.7776,hold
2022-08-09,40.5313,3433500,40.6534,40.7430,40.1894,0.0008,0.0034,0.0272,-0.0018,0.0321,60.8856,0.0150,0.0117,0.0015,0.6792,-0.1421,0.6704,buy
2022-08-10,41.4349,3962800,41.1826,41.8175,41.0442,0.0223,0.0099,0.0272,0.0177,0.0543,64.3097,0.0150,0.0128,0.0022,0.8450,0.1542,0.7801,buy
2022-08-11,41.9613,3387300,41.9448,42.1751,41.6899,0.0127,0.0462,0.0401,0.0265,0.0669,68.2237,0.0153,0.0145,0.0033,0.9738,-0.1452,0.6849,buy
2022-08-12,42.5617,3511900,42.1833,42.5781,41.8626,0.0143,0.0436,0.0359,0.0375,0.0807,67.4132,0.0149,0.0168,0.0045,1.0385,0.0368,0.7356,sell
2022-08-15,42.2903,4134900,42.0271,42.4301,41.8626,-0.0064,0.0442,0.0328,0.0275,0.0728,69.7599,0.0151,0.0181,0.0046,0.9353,0.1774,0.8903,buy
2022-08-16,42.7755,3360600,42.1916,42.9482,42.1011,0.0115,0.0554,0.0590,0.0333,0.0835,68.0019,0.0141,0.0195,0.0049,0.9775,-0.1873,0.7627,sell
2022-08-17,42.1093,4090100,42.2080,42.4794,41.9613,-0.0156,0.0163,0.0264,0.0145,0.0657,61.8728,0.0151,0.0196,0.0039,0.7963,0.2171,0.9385,buy
2022-08-18,42.3149,3011400,42.1916,42.3561,41.9119,0.0049,0.0084,0.0550,0.0141,0.0699,58.9151,0.0122,0.0195,0.0031,0.8142,-0.2637,0.7073,sell
2022-08-19,41.6405,3910300,42.0682,42.1587,41.3527,-0.0159,-0.0216,0.0210,-0.0041,0.0520,54.6676,0.0132,0.0184,0.0013,0.6337,0.2985,0.9263,sell
2022-08-22,40.5878,4253300,40.9990,41.2869,40.4233,-0.0253,-0.0403,0.0022,-0.0295,0.0245,51.2280,0.0156,0.0153,-0.0017,0.3459,0.0877,0.9993,hold
2022-08-23,40.5220,3314000,40.6947,40.8757,40.4644,-0.0016,-0.0527,-0.0002,-0.0310,0.0212,46.5654,0.0156,0.0123,-0.0038,0.2974,-0.2208,0.7900,hold
2022-08-24,40.3904,2544900,40.3822,40.6700,40.1766,-0.0032,-0.0408,-0.0252,-0.0318,0.0166,52.1469,0.0135,0.0096,-0.0053,0.2572,-0.2321,0.6281,buy
2022-08-25,40.8181,2520000,40.3904,40.9908,40.2424,0.0106,-0.0354,-0.0272,-0.0188,0.0258,50.2718,0.0133,0.0080,-0.0053,0.3732,-0.0098,0.6413,sell
2022-08-26,39.6338,4500600,40.9332,41.1059,39.6173,-0.0290,-0.0482,-0.0688,-0.0405,-0.0049,44.0162,0.0142,0.0046,-0.0073,0.0763,0.7860,1.1728,sell
2022-08-29,39.4281,4850400,39.3952,39.8065,39.1732,-0.0052,-0.0286,-0.0677,-0.0389,-0.0111,42.5469,0.0142,0.0013,-0.0085,0.0777,0.0777,1.2847,sell
2022-08-30,38.9758,5315800,39.6913,39.9134,38.8689,-0.0115,-0.0382,-0.0888,-0.0410,-0.0231,32.3076,0.0127,-0.0023,-0.0098,0.0282,0.0960,1.3861,sell
2022-08-31,38.5235,8062500,39.0992,39.2637,38.4906,-0.0116,-0.0462,-0.0852,-0.0437,-0.0345,25.0000,0.0125,-0.0060,-0.0109,0.0135,0.5167,2.0096,hold
2022-09-01,38.5481,5484200,38.6057,38.6797,37.9971,0.0006,-0.0556,-0.0890,-0.0340,-0.0339,18.1463,0.0120,-0.0088,-0.0110,0.0695,-0.3198,1.3485,sell
2022-09-02,38.2356,5011100,39.0498,39.3706,37.9971,-0.0081,-0.0353,-0.0818,-0.0336,-0.0418,18.0286,0.0118,-0.0117,-0.0111,0.0735,-0.0863,1.2124,sell
2022-09-06,37.8490,5921900,38.4494,38.4494,37.4049,-0.0101,-0.0401,-0.0675,-0.0367,-0.0504,10.5402,0.0103,-0.0147,-0.0113,0.0695,0.1818,1.4003,buy
2022-09-07,38.7373,4382900,37.6517,38.9100,37.5201,0.0235,-0.0061,-0.0440,-0.0096,-0.0278,23.9186,0.0141,-0.0146,-0.0090,0.2338,-0.2599,1.0249,buy
2022-09-08,39.5186,4727700,38.5810,39.5515,38.3425,0.0202,0.0258,-0.0216,0.0126,-0.0082,30.1402,0.0161,-0.0127,-0.0058,0.3685,0.0787,1.0957,buy
2022-09-09,39.8723,4070600,39.7900,40.0614,39.6831,0.0089,0.0344,-0.0232,0.0241,0.0000,36.8420,0.0160,-0.0105,-0.0029,0.4376,-0.1390,0.9360,buy
2022-09-12,40.7441,5574300,40.2753,40.9661,40.1848,0.0219,0.0656,0.0280,0.0436,0.0208,51.1950,0.0145,-0.0069,0.0005,0.5953,0.3694,1.2521,sell
2022-09-13,38.7455,7416100,39.9710,40.0697,38.6879,-0.0491,0.0237,-0.0173,-0.0059,-0.0291,39.5145,0.0219,-0.0084,-0.0006,0.2818,0.3304,1.6066,hold
2022-09-14,38.9429,5477200,38.9347,39.3048,38.3590,0.0051,0.0053,-0.0008,-0.0007,-0.0238,41.5222,0.0217,-0.0088,-0.0008,0.3331,-0.2614,1.1599,buy
2022-09-15,39.5762,5275400,39.0992,39.9792,38.9676,0.0163,0.0015,0.0273,0.0128,-0.0083,42.8975,0.0218,-0.0077,0.0002,0.4779,-0.0368,1.1034,sell
2022-09-16,39.1650,17268400,39.2637,39.6667,38.8113,-0.0104,-0.0177,0.0160,0.0007,-0.0187,47.0589,0.0222,-0.0077,0.0002,0.4107,2.2734,3.1431,buy
2022-09-19,39.4693,9313100,38.6550,39.5186,38.5646,0.0078,-0.0313,0.0323,0.0053,-0.0113,50.2549,0.0220,-0.0069,0.0008,0.5158,-0.4607,1.6157,sell
2022-09-20,38.8936,4126500,39.1567,39.3048,38.6139,-0.0146,0.0038,0.0276,-0.0120,-0.0259,49.4980,0.0224,-0.0075,0.0002,0.3688,-0.5569,0.7167,sell
2022-09-21,37.8326,5109600,38.9347,39.0909,37.8244,-0.0273,-0.0285,-0.0234,-0.0368,-0.0522,46.0748,0.0230,-0.0102,-0.0019,0.0969,0.2382,0.8738,sell
2022-09-22,36.8457,5199300,38.0135,38.1040,36.7716,-0.0261,-0.0690,-0.0676,-0.0555,-0.0766,41.2805,0.0226,-0.0146,-0.0048,-0.0736,0.0176,0.8694,sell
2022-09-23,36.4673,7158700,36.4015,36.6894,35.8094,-0.0103,-0.0689,-0.0854,-0.0569,-0.0859,41.0042,0.0219,-0.0186,-0.0070,-0.0780,0.3769,1.1523,sell
2022-09-26,35.7107,6548200,36.0890,36.5496,35.5873,-0.0207,-0.0952,-0.1235,-0.0643,-0.1036,39.5161,0.0193,-0.0236,-0.0094,-0.1021,-0.0853,1.0370,sell
2022-09-27,35.3981,5511900,35.8998,36.1630,35.0034,-0.0088,-0.0899,-0.0864,-0.0643,-0.1101,32.6496,0.0146,-0.0279,-0.0108,-0.0441,-0.1583,0.8683,buy
2022-09-28,36.3933,6901900,35.8258,36.6318,35.5380,0.0281,-0.0380,-0.0655,-0.0315,-0.0838,34.1138,0.0184,-0.0277,-0.0089,0.1744,0.2522,1.0739,sell
2022-09-29,36.1630,5190900,35.9656,36.4509,35.7683,-0.0063,-0.0185,-0.0862,-0.0288,-0.0882,30.9061,0.0165,-0.0285,-0.0077,0.1716,-0.2479,0.8261,sell
2022-09-30,35.8094,6455500,36.3357,36.7305,35.7600,-0.0098,-0.0180,-0.0857,-0.0295,-0.0955,23.1664,0.0165,-0.0298,-0.0070,0.1550,0.2436,1.0195,buy
2022-10-03,36.7716,5618800,36.3028,37.0348,35.7436,0.0269,0.0297,-0.0683,0.0039,-0.0701,37.9032,0.0195,-0.0274,-0.0041,0.3193,-0.1296,0.8831,buy
2022-10-04,38.2932,6582000,37.1746,38.3261,37.1582,0.0414,0.0818,-0.0154,0.0472,-0.0308,46.5742,0.0245,-0.0215,0.0006,0.5501,0.1714,1.0292,sell
2022-10-05,37.7175,4977700,37.7092,38.1534,37.5694,-0.0150,0.0364,-0.0030,0.0317,-0.0445,40.1396,0.0233,-0.0191,0.0027,0.4692,-0.2437,0.7747,sell
2022-10-06,36.9115,6052200,37.3885,37.5530,36.7552,-0.0214,0.0207,0.0018,0.0095,-0.0633,38.5260,0.0227,-0.0188,0.0028,0.3620,0.2159,0.9323,sell
2022-10-07,35.8012,6178000,36.6812,36.7963,35.6778,-0.0301,-0.0002,-0.0183,-0.0191,-0.0894,32.7400,0.0246,-0.0210,0.0010,0.2152,0.0208,0.9365,hold
2022-10-10,35.6202,4851700,35.9985,36.1630,35.3488,-0.0051,-0.0313,-0.0025,-0.0238,-0.0915,34.0032,0.0237,-0.0226,-0.0004,0.2023,-0.2147,0.7395,sell
2022-10-11,34.8965,7539400,35.3488,35.6778,34.7320,-0.0203,-0.0887,-0.0142,-0.0423,-0.1072,35.1621,0.0244,-0.0257,-0.0024,0.1244,0.5540,1.1481,sell
2022-10-12,34.6004,5951300,34.7649,35.1761,34.4359,-0.0085,-0.0826,-0.0493,-0.0457,-0.1121,37.8017,0.0222,-0.0283,-0.0039,0.1210,-0.2106,0.9030,buy
2022-10-13,36.2535,7415800,34.1151,36.5085,33.7779,0.0478,-0.0178,0.0025,-0.0004,-0.0674,48.9796,0.0277,-0.0249,-0.0013,0.4111,0.2461,1.1072,sell
2022-10-14,35.3653,9559500,36.4509,37.1664,35.2666,-0.0245,-0.0122,-0.0124,-0.0237,-0.0880,48.3721,0.0287,-0.0255,-0.0010,0.2716,0.2891,1.5145,buy
2022-10-17,36.5414,8780100,36.1877,36.7470,36.1137,0.0333,0.0259,-0.0063,0.0094,-0.0556,54.9821,0.0294,-0.0219,0.0015,0.5285,-0.0815,1.3969,sell
2022-10-18,35.6696,10932100,35.1679,36.7552,34.4606,-0.0239,0.0222,-0.0685,-0.0075,-0.0759,46.8116,0.0262,-0.0218,0.0017,0.3482,0.2451,1.6499,sell
2022-10-19,34.9047,9860300,35.2419,35.8505,34.6991,-0.0214,0.0088,-0.0746,-0.0211,-0.0930,44.7059,0.0265,-0.0233,0.0006,0.1769,-0.0980,1.4367,sell
2022-10-20,33.2433,10601300,34.7895,35.1761,33.1282,-0.0476,-0.0830,-0.0994,-0.0580,-0.1325,40.2743,0.0292,-0.0290,-0.0032,-0.1040,0.0751,1.4862,buy
2022-10-21,34.1398,11680200,33.1693,34.2632,32.9061,0.0270,-0.0347,-0.0464,-0.0280,-0.1055,39.9749,0.0304,-0.0293,-0.0033,0.1435,0.1018,1.5871,buy
2022-10-24,35.0856,7350900,34.3043,35.2666,34.1563,0.0277,-0.0398,-0.0150,0.0004,-0.0771,37.2214,0.0321,-0.0268,-0.0012,0.3534,-0.3707,0.9934,buy
2022-10-25,36.0643,10352200,34.8553,36.0972,34.7566,0.0279,0.0111,0.0335,0.0249,-0.0482,43.6190,0.0325,-0.0224,0.0020,0.5534,0.4083,1.3547,hold
2022-10-26,36.3604,6010600,36.1137,36.7058,36.1137,0.0082,0.0417,0.0509,0.0282,-0.0371,47.7859,0.0322,-0.0184,0.0047,0.6165,-0.4194,0.7912,hold
2022-10-27,36.3357,5305800,36.7716,37.0019,36.2370,-0.0007,0.0930,0.0023,0.0273,-0.0348,52.3534,0.0286,-0.0153,0.0062,0.6092,-0.1173,0.6979,buy
2022-10-28,37.0513,4813900,36.5989,37.0595,36.4427,0.0197,0.0853,0.0477,0.0425,-0.0131,56.0166,0.0276,-0.0108,0.0082,0.7408,-0.0927,0.6401,hold
2022-10-31,36.8374,8686600,36.9115,37.2158,36.6565,-0.0058,0.0499,0.0081,0.0357,-0.0162,58.5261,0.0259,-0.0080,0.0089,0.6957,0.8045,1.1319,hold
2022-11-01,36.8621,5814300,37.1664,37.2240,36.5578,0.0007,0.0221,0.0334,0.0329,-0.0136,60.1777,0.0244,-0.0056,0.0091,0.7373,-0.3307,0.7615,sell
2022-11-02,36.1219,9173400,36.4920,37.2816,36.0972,-0.0201,-0.0066,0.0349,0.0087,-0.0311,49.3548,0.0243,-0.0053,0.0077,0.5958,0.5777,1.1693,sell
2022-11-03,35.0856,8659200,35.6696,35.8423,34.6579,-0.0287,-0.0344,0.0554,-0.0252,-0.0562,48.6486,0.0202,-0.0075,0.0047,0.3587,-0.0561,1.0857,buy
2022-11-04,35.9081,6816100,35.5791,36.1384,35.4228,0.0234,-0.0309,0.0518,-0.0073,-0.0316,46.8313,0.0198,-0.0069,0.0040,0.5661,-0.2128,0.8512,buy
2022-11-07,36.1713,5209100,36.2617,36.3604,35.8012,0.0073,-0.0181,0.0309,-0.0030,-0.0226,52.6731,0.0182,-0.0059,0.0040,0.6250,-0.2358,0.6491,buy
2022-11-08,36.5907,5232800,36.2782,36.7387,36.1548,0.0116,-0.0074,0.0146,0.0071,-0.0098,59.3266,0.0164,-0.0041,0.0045,0.7089,0.0045,0.6615,sell
2022-11-09,35.5255,7675700,36.4076,36.5824,35.4090,-0.0291,-0.0165,-0.0230,-0.0200,-0.0368,63.5159,0.0188,-0.0052,0.0029,0.4269,0.4668,0.9599,buy
2022-11-10,38.3133,8539300,36.6906,38.3965,36.6906,0.0785,0.0920,0.0544,0.0512,0.0389,70.1933,0.0317,0.0003,0.0063,1.0423,0.1125,1.0604,buy
2022-11-11,39.3286,8323000,38.5380,39.4950,38.3716,0.0265,0.0953,0.0615,0.0724,0.0660,70.3922,0.0321,0.0063,0.0097,1.1024,-0.0253,1.0416,sell
2022-11-14,38.3216,6852500,38.9790,39.3369,38.2883,-0.0256,0.0594,0.0403,0.0407,0.0386,60.8195,0.0335,0.0092,0.0101,0.8732,-0.1767,0.8680,hold
2022-11-15,38.5546,6244900,38.9874,39.5033,37.8306,0.0061,0.0537,0.0459,0.0422,0.0445,60.5812,0.0335,0.0115,0.0100,0.8663,-0.0887,0.8152,sell
2022-11-16,37.8889,7217200,38.6129,38.7627,37.8722,-0.0173,0.0665,0.0489,0.0194,0.0270,57.0537,0.0333,0.0122,0.0085,0.7318,0.1557,0.9587,hold
2022-11-17,37.5477,3819500,37.3147,37.6309,37.0817,-0.0090,-0.0200,0.0702,0.0035,0.0188,52.3339,0.0316,0.0117,0.0064,0.6601,-0.4708,0.5313,buy
2022-11-18,37.9971,4539700,38.1801,38.4048,37.6143,0.0120,-0.0339,0.0582,0.0099,0.0321,55.3337,0.0312,0.0120,0.0054,0.7294,0.1886,0.6645,buy
2022-11-21,38.3882,4563400,38.0470,38.5130,37.9305,0.0103,0.0017,0.0613,0.0143,0.0440,56.7903,0.0312,0.0129,0.0050,0.7851,0.0052,0.6819,hold
2022-11-22,38.6295,3798600,38.7627,39.0623,38.5047,0.0063,0.0019,0.0557,0.0152,0.0506,61.6761,0.0311,0.0139,0.0049,0.8028,-0.1676,0.5968,hold
2022-11-23,38.6378,4930100,38.5130,38.8875,38.4631,0.0002,0.0198,0.0876,0.0072,0.0510,68.2910,0.0288,0.0146,0.0045,0.7748,0.2979,0.7812,buy
2022-11-25,39.0456,1651000,38.8293,39.1704,38.7044,0.0106,0.0399,0.0191,0.0159,0.0624,66.8764,0.0154,0.0157,0.0046,0.8211,-0.6651,0.2694,sell
2022-11-28,37.7141,5783800,38.6378,38.8209,37.6392,-0.0341,-0.0074,-0.0410,-0.0146,0.0270,57.4435,0.0166,0.0143,0.0022,0.5482,2.5032,0.9364,buy
2022-11-29,38.2051,7471400,37.7724,38.2467,37.6476,0.0130,-0.0048,-0.0030,-0.0015,0.0411,57.7352,0.0155,0.0134,0.0012,0.6328,0.2918,1.2217,buy
2022-11-30,38.9541,9633800,38.0553,38.9874,36.6573,0.0196,0.0084,0.0104,0.0171,0.0615,66.9408,0.0166,0.0140,0.0016,0.7562,0.2894,1.5275,sell
2022-12-01,38.4631,7945700,39.1621,39.4950,38.2717,-0.0126,-0.0045,0.0152,0.0027,0.0478,50.9575,0.0161,0.0137,0.0009,0.6416,-0.1752,1.2723,sell
2022-12-02,37.4978,9505000,37.9555,38.1718,37.3397,-0.0251,-0.0396,-0.0013,-0.0223,0.0211,38.2227,0.0180,0.0114,-0.0013,0.4094,0.1962,1.5117,sell
2022-12-05,35.4423,12280900,37.0318,37.2731,35.2010,-0.0548,-0.0602,-0.0672,-0.0697,-0.0343,33.6793,0.0243,0.0052,-0.0067,-0.0420,0.2920,1.8718,sell
2022-12-06,34.8598,10523400,35.3924,35.4673,34.4354,-0.0164,-0.0876,-0.0919,-0.0764,-0.0498,29.8549,0.0237,-0.0017,-0.0110,-0.0868,-0.1431,1.5415,hold
2022-12-07,34.8182,7448300,34.7350,35.1344,34.3688,-0.0012,-0.1062,-0.0987,-0.0681,-0.0506,32.0351,0.0233,-0.0072,-0.0132,-0.0177,-0.2922,1.0737,hold
2022-12-08,35.0012,9584500,34.9264,35.1344,34.6018,0.0053,-0.0900,-0.0941,-0.0540,-0.0449,34.8214,0.0236,-0.0109,-0.0135,0.0356,0.2868,1.3628,hold
2022-12-09,35.0179,10891000,34.8847,35.2759,34.8182,0.0005,-0.0661,-0.1032,-0.0432,-0.0438,31.2762,0.0228,-0.0137,-0.0131,0.0972,0.1363,1.5231,buy
2022-12-12,36.1663,11615700,34.9014,36.2911,34.5602,0.0328,0.0204,-0.0410,-0.0076,-0.0127,37.2493,0.0249,-0.0127,-0.0097,0.3036,0.0665,1.5879,hold
2022-12-13,35.9416,9604900,37.0817,37.4728,35.7086,-0.0062,0.0310,-0.0592,-0.0076,-0.0184,34.5454,0.0242,-0.0127,-0.0077,0.2881,-0.1731,1.2888,sell
2022-12-14,35.1344,9994800,35.9083,36.1080,34.9097,-0.0225,0.0091,-0.0981,-0.0195,-0.0387,31.5513,0.0229,-0.0146,-0.0076,0.1914,0.0406,1.3082,sell
2022-12-15,34.5269,10415700,34.6184,34.8681,34.3355,-0.0173,-0.0136,-0.1023,-0.0258,-0.0537,26.6952,0.0230,-0.0174,-0.0082,0.1408,0.0421,1.3353,hold
2022-12-16,34.3688,24293200,34.2356,34.4520,33.7447,-0.0046,-0.0185,-0.0834,-0.0216,-0.0567,30.3710,0.0224,-0.0196,-0.0083,0.1585,1.3324,2.7532,hold
2022-12-19,34.2190,7229600,34.3605,34.6434,33.9527,-0.0044,-0.0538,-0.0345,-0.0225,-0.0600,25.6357,0.0154,-0.0215,-0.0081,0.1755,-0.7024,0.8070,hold
2022-12-20,34.2190,5364700,34.1358,34.7183,34.0609,0.0000,-0.0479,-0.0184,-0.0207,-0.0593,18.1410,0.0147,-0.0227,-0.0075,0.2073,-0.2580,0.5962,buy
2022-12-21,34.7433,5144500,34.7100,34.8848,34.5352,0.0153,-0.0111,-0.0022,-0.0055,-0.0448,25.0836,0.0157,-0.0218,-0.0054,0.3008,-0.0410,0.5675,buy
2022-12-22,35.3508,8405700,34.4520,35.3757,34.2357,0.0175,0.0239,0.0100,0.0109,-0.0285,34.8946,0.0166,-0.0194,-0.0026,0.4052,0.6339,0.9098,hold
2022-12-23,35.4423,4387000,35.3674,35.6087,35.2675,0.0026,0.0312,0.0121,0.0123,-0.0256,50.0000,0.0166,-0.0173,-0.0005,0.4401,-0.4781,0.4679,buy
2022-12-27,35.6503,3951800,35.4922,35.8417,35.2343,0.0059,0.0418,-0.0143,0.0198,-0.0200,58.2897,0.0127,-0.0150,0.0014,0.4912,-0.0992,0.4256,sell
2022-12-28,35.4090,3986700,35.7003,35.8417,35.3591,-0.0068,0.0348,-0.0148,0.0144,-0.0260,55.9464,0.0127,-0.0137,0.0022,0.4711,0.0088,0.4376,buy
2022-12-29,35.9499,4666200,35.5255,36.0165,35.4506,0.0153,0.0347,0.0232,0.0275,-0.0113,58.9063,0.0113,-0.0111,0.0037,0.6279,0.1704,0.5265,sell
2022-12-30,35.8085,4189200,35.6670,36.0248,35.5671,-0.0039,0.0129,0.0371,0.0197,-0.0157,57.2519,0.0093,-0.0094,0.0044,0.6698,-0.1022,0.4830,buy
2023-01-03,36.3078,7269700,36.1330,36.5990,35.7918,0.0139,0.0244,0.0564,0.0283,-0.0036,51.4732,0.0093,-0.0067,0.0055,0.9293,0.7353,0.8490,buy
2023-01-04,37.3230,8611400,36.7155,37.6392,36.2412,0.0280,0.0469,0.0907,0.0478,0.0224,62.3512,0.0110,-0.0024,0.0076,1.1366,0.1846,1.0277,sell
2023-01-05,36.9818,7688700,36.7322,37.2980,36.4159,-0.0091,0.0444,0.0807,0.0302,0.0120,68.0193,0.0121,0.0002,0.0082,0.9520,-0.1071,0.9334,buy
2023-01-06,38.1635,5326200,36.9236,38.3383,36.8570,0.0320,0.0616,0.0984,0.0531,0.0432,81.8976,0.0142,0.0046,0.0099,1.1157,-0.3073,0.6550,hold
2023-01-09,38.1136,8979000,38.4797,38.5630,38.0969,-0.0013,0.0644,0.0782,0.0438,0.0408,83.4820,0.0143,0.0079,0.0106,1.0033,0.6858,1.1084,buy
2023-01-10,38.2800,8294700,38.1552,38.5297,37.8972,0.0044,0.0543,0.0801,0.0403,0.0443,86.2016,0.0142,0.0108,0.0107,0.9593,-0.0762,1.0406,buy
2023-01-11,38.5879,10156000,38.5546,38.7544,38.2467,0.0080,0.0339,0.0824,0.0403,0.0518,86.9196,0.0142,0.0134,0.0107,0.9494,0.2244,1.2859,buy
2023-01-12,39.2620,6183000,38.9125,39.4034,38.6961,0.0175,0.0617,0.1088,0.0476,0.0687,87.2426,0.0134,0.0165,0.0111,0.9804,-0.3912,0.8002,buy
2023-01-13,39.5865,8241600,38.8709,39.7280,38.4132,0.0083,0.0373,0.1012,0.0461,0.0760,86.6185,0.0133,0.0194,0.0112,0.9542,0.3329,1.0789,sell
2023-01-17,39.2370,10012800,39.5532,39.6115,39.0123,-0.0088,0.0295,0.0957,0.0276,0.0647,81.4047,0.0140,0.0211,0.0102,0.8603,0.2149,1.3142,sell
2023-01-18,38.0637,7793400,38.8792,39.1372,37.9555,-0.0299,-0.0057,0.0484,-0.0077,0.0312,67.2208,0.0185,0.0202,0.0072,0.6769,-0.2217,1.1471,buy
2023-01-19,39.7030,9714100,38.3716,39.9693,38.0886,0.0431,0.0289,0.0638,0.0286,0.0734,75.5444,0.0210,0.0213,0.0071,0.8738,0.2465,1.4041,hold
2023-01-20,39.8778,9187900,39.7946,39.9860,39.2537,0.0044,0.0157,0.0783,0.0255,0.0759,74.4305,0.0203,0.0228,0.0069,0.8656,-0.0542,1.2923,buy
2023-01-23,40.6434,7514100,40.1108,40.8348,39.7863,0.0192,0.0267,0.0650,0.0385,0.0942,77.9058,0.0190,0.0249,0.0074,0.9277,-0.1822,1.0396,sell
2023-01-24,40.2273,5204000,42.6572,42.6572,40.0276,-0.0102,0.0252,0.0555,0.0224,0.0803,72.8418,0.0196,0.0260,0.0067,0.8328,-0.3074,0.7363,buy
2023-01-25,40.5935,5047500,39.9194,40.6101,39.6781,0.0091,0.0665,0.0604,0.0257,0.0888,70.6190,0.0196,0.0269,0.0062,0.8499,-0.0301,0.7108,hold
2023-01-26,40.6600,5506600,40.8514,41.1760,40.2939,0.0016,0.0241,0.0537,0.0220,0.0898,74.0217,0.0197,0.0275,0.0055,0.8278,0.0910,0.7671,hold
2023-01-27,40.6434,4150500,40.7016,40.9846,40.5768,-0.0004,0.0192,0.0352,0.0180,0.0880,69.1025,0.0193,0.0277,0.0045,0.8030,-0.2463,0.5775,sell
2023-01-30,40.3188,4868800,40.2772,40.7100,40.2606,-0.0080,-0.0080,0.0185,0.0081,0.0783,66.2977,0.0195,0.0271,0.0030,0.7328,0.1731,0.6765,buy
2023-01-31,41.1011,5962200,40.1607,41.1344,40.0442,0.0194,0.0217,0.0475,0.0228,0.0973,69.1093,0.0198,0.0272,0.0028,0.8454,0.2246,0.8184,hold
2023-02-01,41.3008,8539100,40.7349,41.6670,40.5851,0.0049,0.0174,0.0850,0.0196,0.1004,68.6499,0.0157,0.0276,0.0027,0.8622,0.4322,1.1619,buy
2023-02-02,41.9333,6484800,41.6503,42.0831,41.1926,0.0153,0.0313,0.0562,0.0295,0.1149,68.4695,0.0104,0.0285,0.0032,0.9352,-0.2406,0.8954,sell
2023-02-03,41.6836,6504900,41.4340,42.0414,41.3341,-0.0060,0.0256,0.0453,0.0189,0.1064,64.6511,0.0110,0.0289,0.0027,0.8670,0.0031,0.9055,sell
2023-02-06,41.2758,4637100,41.5338,41.5338,41.0678,-0.0098,0.0237,0.0156,0.0074,0.0940,64.1292,0.0105,0.0282,0.0015,0.7586,-0.2871,0.6486,buy
2023-02-07,41.6337,6181900,40.9846,41.8417,40.7932,0.0087,0.0130,0.0350,0.0126,0.1017,77.8933,0.0098,0.0276,0.0009,0.8084,0.3331,0.8820,sell
2023-02-08,40.9929,4541300,41.0512,41.4922,40.8764,-0.0154,-0.0075,0.0098,-0.0039,0.0837,61.9414,0.0112,0.0262,-0.0008,0.6490,-0.2654,0.6657,sell
2023-02-09,40.3117,4139800,41.2705,41.2957,40.2023,-0.0166,-0.0387,-0.0086,-0.0196,0.0642,53.6723,0.0125,0.0235,-0.0031,0.4635,-0.0884,0.6349,buy
2023-02-10,40.6901,5356000,40.2023,40.7238,40.1434,0.0094,-0.0238,0.0011,-0.0106,0.0728,50.4233,0.0129,0.0213,-0.0041,0.5450,0.2938,0.8266,buy
2023-02-13,41.2957,4796000,40.6901,41.3714,40.3789,0.0149,0.0005,0.0242,0.0018,0.0874,59.3559,0.0133,0.0204,-0.0037,0.6882,-0.1046,0.7604,sell
2023-02-14,41.0602,4131900,41.1359,41.4807,40.7826,-0.0057,-0.0138,-0.0010,-0.0038,0.0797,54.1829,0.0121,0.0194,-0.0039,0.6050,-0.1385,0.6872,hold
2023-02-15,41.1275,2771800,40.6901,41.1779,40.5387,0.0016,0.0033,-0.0042,-0.0018,0.0794,54.1887,0.0120,0.0184,-0.0039,0.6152,-0.3292,0.4810,sell
2023-02-16,40.3369,4783800,40.5471,40.7574,40.1603,-0.0192,0.0006,-0.0381,-0.0172,0.0560,47.5879,0.0120,0.0162,-0.0052,0.2480,0.7259,0.8673,buy
2023-02-17,40.7826,4333600,40.3705,40.8163,40.1687,0.0111,0.0023,-0.0216,-0.0041,0.0643,53.5815,0.0128,0.0147,-0.0052,0.4247,-0.0941,0.8219,sell
2023-02-21,39.6472,4834300,40.3873,40.5303,39.4622,-0.0278,-0.0399,-0.0395,-0.0280,0.0321,39.3538,0.0151,0.0116,-0.0071,-0.0445,0.1155,0.9407,hold
2023-02-22,39.5968,5716900,39.6725,39.7986,39.2519,-0.0013,-0.0356,-0.0489,-0.0243,0.0283,37.2428,0.0145,0.0087,-0.0080,-0.0053,0.1826,1.1070,sell
2023-02-23,39.2603,7263600,39.9416,40.0509,39.0585,-0.0085,-0.0454,-0.0423,-0.0285,0.0174,29.0613,0.0141,0.0056,-0.0090,-0.0335,0.2705,1.3769,buy
2023-02-24,39.5968,5382300,38.9491,39.6220,38.7221,0.0086,-0.0183,-0.0177,-0.0184,0.0242,33.8717,0.0139,0.0037,-0.0086,0.1279,-0.2590,1.0215,hold
2023-02-27,39.6472,4659700,39.9836,40.2444,39.4201,0.0013,-0.0278,-0.0256,-0.0146,0.0236,36.6773,0.0134,0.0023,-0.0080,0.1768,-0.1343,0.8801,sell
2023-02-28,39.4874,6423900,39.7313,39.8070,39.4201,-0.0040,-0.0040,-0.0438,-0.0142,0.0172,31.8549,0.0119,0.0009,-0.0075,0.1571,0.3786,1.1958,sell
2023-03-01,39.2771,5497100,39.2015,39.5715,39.0417,-0.0053,-0.0081,-0.0434,-0.0150,0.0093,34.3557,0.0119,-0.0006,-0.0073,0.1409,-0.1443,1.0277,sell
2023-03-02,38.2679,8375800,38.8650,39.0333,37.8137,-0.0257,-0.0253,-0.0695,-0.0334,-0.0186,32.4167,0.0134,-0.0040,-0.0087,-0.0317,0.5237,1.5683,buy
2023-03-03,38.8903,5544100,38.6043,38.9239,38.2847,0.0163,-0.0178,-0.0359,-0.0141,-0.0050,35.1388,0.0145,-0.0052,-0.0078,0.1568,-0.3381,1.0473,hold
2023-03-06,38.8062,5702000,38.9996,39.2267,38.6968,-0.0022,-0.0212,-0.0485,-0.0113,-0.0095,27.5074,0.0136,-0.0063,-0.0072,0.1681,0.0285,1.0853,sell
2023-03-07,37.0736,7193600,38.4361,38.5875,36.9138,-0.0446,-0.0611,-0.0649,-0.0492,-0.0549,21.6506,0.0173,-0.0112,-0.0097,-0.1147,0.2616,1.3367,sell
2023-03-08,36.8129,5398600,37.1325,37.3091,36.6194,-0.0070,-0.0627,-0.0703,-0.0491,-0.0622,20.1396,0.0172,-0.0153,-0.0110,-0.0625,-0.2495,1.0105,sell
2023-03-09,35.0046,13061700,36.4092,36.4849,34.8028,-0.0491,-0.0853,-0.1084,-0.0857,-0.1081,17.6530,0.0217,-0.0233,-0.0151,-0.1824,1.4195,2.2644,sell
2023-03-10,32.6665,26845600,34.0206,34.2813,31.8338,-0.0668,-0.1600,-0.1750,-0.1311,-0.1664,9.9584,0.0266,-0.0365,-0.0221,-0.2280,1.0553,3.8886,sell
2023-03-13,27.1155,61976500,27.9818,29.9331,25.6605,-0.1699,-0.3013,-0.3161,-0.2538,-0.3051,6.9364,0.0537,-0.0707,-0.0427,-0.3261,1.3086,6.3666,hold
2023-03-14,26.8128,46857500,29.7733,30.4377,26.3838,-0.0112,-0.2768,-0.3210,-0.2355,-0.3096,6.8181,0.0532,-0.0927,-0.0515,-0.1456,-0.2439,3.9583,hold
2023-03-15,26.9978,38942600,26.4511,27.6875,25.7278,0.0069,-0.2666,-0.3126,-0.2023,-0.3017,8.1515,0.0542,-0.1070,-0.0529,-0.0251,-0.1689,2.8680,buy
2023-03-16,27.7043,42679800,26.8128,28.2089,24.1382,0.0262,-0.2086,-0.2760,-0.1551,-0.2802,10.4143,0.0576,-0.1125,-0.0478,0.0760,0.0960,2.7405,sell
2023-03-17,25.7026,46869400,26.9978,27.0819,25.5175,-0.0723,-0.2132,-0.3391,-0.1833,-0.3282,8.9197,0.0564,-0.1330,-0.0506,0.0498,0.0982,2.6513,hold
2023-03-20,25.9969,26558000,26.1063,27.2753,25.9044,0.0115,-0.0413,-0.3301,-0.1389,-0.3165,10.5703,0.0576,-0.1382,-0.0454,0.1145,-0.4334,1.4135,buy
2023-03-21,28.3435,27948700,27.1071,28.3771,26.8212,0.0903,0.0571,-0.2355,-0.0332,-0.2510,21.5909,0.0702,-0.1235,-0.0307,0.2453,0.0524,1.4013,sell
2023-03-22,27.3258,28020600,28.3519,28.8060,27.1996,-0.0359,0.0121,-0.2577,-0.0367,-0.2737,21.5814,0.0700,-0.1270,-0.0246,0.2296,0.0026,1.3305,hold
2023-03-23,27.3931,21065000,27.4856,28.5285,27.1071,0.0025,-0.0112,-0.2174,-0.0077,-0.2677,19.2532,0.0701,-0.1241,-0.0176,0.2580,-0.2482,0.9685,hold
2023-03-24,27.6622,18651900,26.9473,27.9482,26.7623,0.0098,0.0762,-0.1532,0.0205,-0.2562,20.4900,0.0688,-0.1188,-0.0106,0.2918,-0.1146,0.8322,hold
2023-03-27,27.8220,19298700,28.6799,29.4957,27.7884,0.0058,0.0702,0.0261,0.0238,-0.2472,23.2750,0.0417,-0.1131,-0.0044,0.3191,0.0347,0.8338,hold
2023-03-28,28.1080,11571400,27.7968,28.3939,27.6959,0.0103,-0.0083,0.0483,0.0294,-0.2347,24.8908,0.0414,-0.1060,0.0013,0.3512,-0.4004,0.4944,buy
2023-03-29,28.9911,12912100,28.4865,28.9995,28.3098,0.0314,0.0609,0.0738,0.0540,-0.2063,31.6761,0.0423,-0.0946,0.0075,0.4128,0.1159,0.5431,sell
2023-03-30,28.4696,13962000,29.4284,29.6219,27.9734,-0.0180,0.0393,0.0276,0.0322,-0.2164,35.6196,0.0424,-0.0902,0.0110,0.4048,0.0813,0.5805,hold
2023-03-31,28.6799,12628200,28.7976,28.9154,28.0575,0.0074,0.0368,0.1158,0.0287,-0.2058,58.4545,0.0331,-0.0832,0.0138,0.4381,-0.0955,0.5174,sell
2023-04-03,27.8641,15191400,28.5874,28.9070,27.7884,-0.0284,0.0015,0.0718,-0.0072,-0.2233,55.3833,0.0354,-0.0818,0.0144,0.4074,0.2030,0.6105,sell
2023-04-04,26.8716,18545100,28.1837,28.2678,26.4091,-0.0356,-0.0440,-0.0519,-0.0375,-0.2451,49.4034,0.0229,-0.0837,0.0128,0.3484,0.2208,0.7287,hold
2023-04-05,26.9305,11581800,26.5689,27.0146,26.3586,0.0022,-0.0711,-0.0145,-0.0340,-0.2378,46.1017,0.0202,-0.0816,0.0118,0.3617,-0.3755,0.4496,buy
2023-04-06,27.5361,10843400,27.0567,27.8052,26.9473,0.0225,-0.0328,0.0052,-0.0128,-0.2148,60.7495,0.0216,-0.0756,0.0126,0.4625,-0.0638,0.4228,buy
2023-04-10,27.8977,11562900,27.3342,28.3687,27.2837,0.0131,-0.0273,0.0085,-0.0007,-0.1987,61.0568,0.0217,-0.0695,0.0140,0.6158,0.0664,0.4647,buy
2023-04-11,28.3435,8744700,27.9061,28.5285,27.7716,0.0160,0.0172,0.0187,0.0134,-0.1801,50.0000,0.0222,-0.0624,0.0158,0.7271,-0.2437,0.3935,sell
2023-04-12,27.9314,11729800,28.4612,28.6799,27.7547,-0.0145,0.0394,-0.0063,-0.0007,-0.1862,54.9724,0.0226,-0.0590,0.0163,0.5909,0.3414,0.5732,buy
2023-04-13,28.4612,11658300,28.0996,28.7640,27.6790,0.0190,0.0568,-0.0183,0.0202,-0.1646,58.1515,0.0209,-0.0525,0.0172,0.7264,-0.0061,0.6103,sell
2023-04-14,27.9650,14777800,28.8313,29.1172,27.8388,-0.0174,0.0156,-0.0177,0.0042,-0.1727,52.2333,0.0209,-0.0499,0.0168,0.5744,0.2676,0.8346,buy
2023-04-17,28.8145,15347600,27.9818,28.8817,27.5192,0.0304,0.0329,0.0047,0.0342,-0.1409,56.6441,0.0231,-0.0428,0.0175,0.8237,0.0386,0.9515,sell
2023-04-18,28.4696,13691100,28.6126,28.7556,28.1669,-0.0120,0.0045,0.0217,0.0196,-0.1444,52.4023,0.0213,-0.0394,0.0174,0.7011,-0.1079,0.8841,buy
2023-04-19,29.2602,17410500,28.6547,29.7648,28.4360,0.0278,0.0476,0.0889,0.0390,-0.1143,51.8099,0.0179,-0.0327,0.0180,0.9677,0.2717,1.1638,sell
2023-04-20,28.1584,11668400,28.4192,28.9827,28.0070,-0.0377,-0.0106,0.0456,-0.0044,-0.1406,48.0588,0.0232,-0.0321,0.0164,0.5305,-0.3298,0.8251,sell
2023-04-21,26.4679,22814800,27.8977,27.9229,26.4343,-0.0600,-0.0535,-0.0388,-0.0607,-0.1850,38.3525,0.0299,-0.0374,0.0115,-0.0501,0.9553,1.6033,buy
2023-04-24,26.7623,12735900,26.4932,26.8043,26.1988,0.0111,-0.0712,-0.0407,-0.0464,-0.1690,43.8613,0.0298,-0.0381,0.0081,0.0980,-0.4418,0.9140,sell
2023-04-25,25.5932,11361700,26.2661,26.5016,25.4587,-0.0437,-0.1010,-0.0970,-0.0790,-0.1977,43.0147,0.0313,-0.0440,0.0035,-0.1122,-0.1079,0.8393,hold
2023-04-26,25.7362,12232000,25.5596,26.4343,25.4418,0.0056,-0.1204,-0.0786,-0.0665,-0.1853,43.5337,0.0316,-0.0460,0.0009,0.0165,0.0766,0.9014,buy
2023-04-27,26.3922,11092900,25.8035,26.7707,25.7530,0.0255,-0.0627,-0.0727,-0.0354,-0.1567,43.8406,0.0323,-0.0441,0.0013,0.2044,-0.0931,0.8230,buy
2023-04-28,27.4015,15199500,26.1399,27.4772,25.9969,0.0382,0.0353,-0.0202,0.0035,-0.1167,47.5021,0.0350,-0.0385,0.0042,0.4574,0.3702,1.1225,sell
2023-05-01,26.5100,10780000,27.2753,27.3594,26.4343,-0.0325,-0.0094,-0.0800,-0.0209,-0.1378,41.1669,0.0343,-0.0388,0.0043,0.2653,-0.2908,0.8016,sell
2023-05-02,24.4914,21140800,26.2997,26.3334,24.3821,-0.0761,-0.0430,-0.1397,-0.0819,-0.1949,35.6491,0.0406,-0.0473,-0.0005,-0.0790,0.9611,1.5380,sell
2023-05-03,23.6588,21667000,24.8699,25.1222,23.5074,-0.0340,-0.0807,-0.1914,-0.0941,-0.2140,30.4586,0.0381,-0.0554,-0.0056,-0.0960,0.0249,1.5585,sell
2023-05-04,22.0440,37831300,22.9019,23.4317,21.4973,-0.0683,-0.1648,-0.2171,-0.1357,-0.2590,27.9172,0.0408,-0.0701,-0.0133,-0.1546,0.7460,2.4865,buy
2023-05-05,24.1298,24205300,23.0701,24.3905,22.7168,0.0946,-0.1194,-0.0883,-0.0452,-0.1806,34.0034,0.0529,-0.0641,-0.0097,0.1665,-0.3602,1.5240,hold
2023-05-08,24.1803,16557100,25.0129,25.2148,23.7934,0.0021,-0.0879,-0.0965,-0.0333,-0.1702,35.0527,0.0526,-0.0630,-0.0070,0.2057,-0.3160,1.0263,hold
2023-05-09,24.0541,10184100,23.8270,24.2139,23.4906,-0.0052,-0.0179,-0.0601,-0.0324,-0.1656,30.9773,0.0512,-0.0623,-0.0048,0.2204,-0.3849,0.6285,sell
2023-05-10,23.4654,11861000,24.4746,24.5671,23.1794,-0.0245,-0.0082,-0.0882,-0.0474,-0.1768,32.1839,0.0513,-0.0644,-0.0043,0.1845,0.1647,0.7317,sell
2023-05-11,22.9940,16628500,23.1740,23.2940,22.7026,-0.0201,0.0431,-0.1288,-0.0535,-0.1840,35.4669,0.0500,-0.0669,-0.0045,0.1660,0.4019,1.0103,buy
2023-05-12,23.3968,10733700,23.2768,23.4139,22.8654,0.0175,-0.0304,-0.1461,-0.0207,-0.1609,36.0471,0.0481,-0.0646,-0.0026,0.2408,-0.3545,0.6602,buy
2023-05-15,23.8853,11183800,23.3711,23.9282,23.3454,0.0209,-0.0122,-0.0990,0.0108,-0.1341,42.4957,0.0488,-0.0601,0.0005,0.3179,0.0419,0.6969,sell
2023-05-16,23.2854,11692100,23.7825,24.0396,23.2854,-0.0251,-0.0320,-0.0492,-0.0095,-0.1462,39.6473,0.0435,-0.0604,0.0014,0.2651,0.0454,0.7331,buy
2023-05-17,24.7852,18087200,23.7825,24.8195,23.7396,0.0644,0.0562,0.0476,0.0492,-0.0829,43.6632,0.0470,-0.0503,0.0062,0.4873,0.5470,1.1317,buy
2023-05-18,25.5737,17349200,24.6652,25.6508,24.4681,0.0318,0.1122,0.1601,0.0667,-0.0458,42.6649,0.0395,-0.0409,0.0111,0.6411,-0.0408,1.0665,hold
2023-05-19,25.4537,13551400,25.7279,25.8822,24.7595,-0.0047,0.0879,0.0549,0.0558,-0.0435,45.4812,0.0284,-0.0348,0.0139,0.6335,-0.2189,0.8575,buy
2023-05-22,26.2078,10179400,25.6679,26.2078,25.3680,0.0296,0.0972,0.0839,0.0781,-0.0104,58.2332,0.0293,-0.0263,0.0168,0.7774,-0.2488,0.6494,hold
2023-05-23,26.3535,15112600,26.3107,27.3306,26.2593,0.0056,0.1318,0.0956,0.0739,-0.0043,63.8380,0.0290,-0.0196,0.0186,0.7891,0.4846,0.9527,sell
2023-05-24,26.0536,9610400,26.1564,26.4221,25.5994,-0.0114,0.0512,0.1103,0.0506,-0.0150,73.8048,0.0275,-0.0153,0.0187,0.7316,-0.3641,0.6109,hold
2023-05-25,26.1650,9390600,25.9079,26.1736,25.5137,0.0043,0.0231,0.1379,0.0418,-0.0102,65.7830,0.0255,-0.0112,0.0181,0.7552,-0.0229,0.6001,hold
2023-05-26,26.3107,7997200,26.1393,26.5507,25.7622,0.0056,0.0337,0.1245,0.0356,-0.0036,66.2811,0.0255,-0.0075,0.0174,0.8098,-0.1484,0.5231,buy
2023-05-30,26.6449,10092000,26.6192,26.6878,25.9079,0.0127,0.0167,0.1155,0.0374,0.0083,69.1892,0.0254,-0.0034,0.0169,0.8680,0.2619,0.6617,sell
2023-05-31,26.1136,25043000,26.2336,26.3878,25.2308,-0.0199,-0.0091,0.1215,0.0057,-0.0119,69.7823,0.0246,-0.0019,0.0150,0.7477,1.4815,1.6211,buy
2023-06-01,26.5335,18100400,26.6021,26.8935,26.0536,0.0161,0.0184,0.0705,0.0150,0.0054,76.6452,0.0165,0.0006,0.0138,0.7910,-0.2772,1.1854,buy
2023-06-02,27.4934,14179500,26.8163,27.8619,26.7221,0.0362,0.0508,0.0751,0.0441,0.0416,78.4524,0.0173,0.0053,0.0144,0.9275,-0.2166,1.0066,sell
2023-06-05,27.2020,9267400,27.7419,27.7419,26.8249,-0.0106,0.0339,0.0687,0.0262,0.0307,73.6842,0.0178,0.0081,0.0139,0.8339,-0.3464,0.6947,buy
2023-06-06,28.3247,10852100,27.0306,28.8303,26.9449,0.0413,0.0630,0.0808,0.0601,0.0727,83.4852,0.0198,0.0129,0.0148,0.9554,0.1710,0.8313,buy
2023-06-07,28.6932,9217100,28.4447,28.9246,28.1104,0.0130,0.0988,0.0888,0.0645,0.0860,80.5630,0.0198,0.0176,0.0156,0.9449,-0.1507,0.7087,sell
2023-06-08,28.4104,8824800,28.7275,28.7961,27.8705,-0.0099,0.0707,0.0905,0.0449,0.0750,74.0903,0.0196,0.0207,0.0149,0.8625,-0.0426,0.6865,sell
2023-06-09,27.9648,8322300,28.5218,28.7189,27.7933,-0.0157,0.0171,0.0688,0.0218,0.0590,70.2069,0.0211,0.0218,0.0127,0.7755,-0.0569,0.6690,sell
2023-06-12,27.3820,18040200,27.7334,28.3590,26.2250,-0.0208,0.0066,0.0407,-0.0034,0.0377,59.7164,0.0229,0.0209,0.0093,0.6644,1.1677,1.4089,buy
2023-06-13,27.7676,13978800,27.3991,28.1876,27.1591,0.0141,-0.0197,0.0421,0.0065,0.0531,61.2552,0.0229,0.0204,0.0072,0.7138,-0.2251,1.0799,sell
2023-06-14,27.1849,9262800,28.0933,28.3590,26.9620,-0.0210,-0.0526,0.0410,-0.0184,0.0315,58.6162,0.0231,0.0188,0.0042,0.5830,-0.3374,0.7224,buy
2023-06-15,27.6134,9164300,27.0392,27.8019,26.9620,0.0158,-0.0281,0.0407,-0.0068,0.0472,60.5230,0.0230,0.0179,0.0029,0.6664,-0.0106,0.7404,sell
2023-06-16,27.3391,21751400,27.5877,27.7334,26.8592,-0.0099,-0.0224,-0.0056,-0.0162,0.0365,57.3349,0.0204,0.0167,0.0012,0.5767,1.3735,1.7267,sell
2023-06-20,26.8678,11330900,27.1591,27.2963,26.5421,-0.0172,-0.0188,-0.0123,-0.0320,0.0191,51.5587,0.0209,0.0142,-0.0013,0.4204,-0.4791,0.9075,hold
2023-06-21,26.9963,6919300,26.9106,27.2277,26.6107,0.0048,-0.0278,-0.0469,-0.0226,0.0247,56.5438,0.0150,0.0122,-0.0026,0.4454,-0.3893,0.5615,sell
2023-06-22,26.2336,9315400,26.9963,27.0049,26.1650,-0.0283,-0.0350,-0.0857,-0.0417,-0.0027,47.8839,0.0153,0.0085,-0.0053,0.2112,0.3463,0.7742,sell
2023-06-23,25.7108,14164300,25.7879,26.0622,25.5822,-0.0199,-0.0689,-0.0950,-0.0515,-0.0209,36.5980,0.0157,0.0038,-0.0083,0.0694,0.5205,1.1553,hold
2023-06-26,25.7879,11396900,25.7879,26.1307,25.6594,0.0030,-0.0567,-0.0778,-0.0409,-0.0159,39.0146,0.0160,0.0001,-0.0095,0.1108,-0.1954,0.9220,buy
2023-06-27,26.1307,8421400,25.7279,26.3107,25.4537,0.0133,-0.0274,-0.0457,-0.0236,-0.0015,30.6061,0.0166,-0.0017,-0.0090,0.2162,-0.2611,0.6801,hold
2023-06-28,26.1136,7025100,26.0964,26.1564,25.7622,-0.0007,-0.0327,-0.0596,-0.0182,-0.0001,25.6866,0.0154,-0.0031,-0.0083,0.2261,-0.1658,0.5745,buy
2023-06-29,26.2593,9988700,26.3793,26.5592,26.0707,0.0056,0.0010,-0.0340,-0.0093,0.0072,29.1874,0.0148,-0.0037,-0.0071,0.2628,0.4219,0.8704,sell
2023-06-30,26.0107,11873000,26.5335,26.5507,25.9336,-0.0095,0.0117,-0.0580,-0.0127,0.0002,30.3448,0.0132,-0.0050,-0.0067,0.2082,0.1886,1.0634,buy
2023-07-03,26.9020,4333600,26.1564,27.0649,26.0879,0.0343,0.0432,-0.0160,0.0228,0.0355,45.4545,0.0182,-0.0031,-0.0038,0.4607,-0.6350,0.4061,sell
2023-07-05,26.5592,6900300,26.4821,27.0906,26.3107,-0.0127,0.0164,-0.0115,0.0110,0.0222,38.4615,0.0178,-0.0027,-0.0027,0.3757,0.5923,0.6538,sell
2023-07-06,26.4135,12587900,26.2850,26.4821,25.6251,-0.0055,0.0115,-0.0216,0.0077,0.0169,41.9643,0.0177,-0.0028,-0.0023,0.3547,0.8243,1.1830,buy
2023-07-07,27.3220,8703800,26.4564,27.5620,26.4564,0.0344,0.0405,0.0415,0.0380,0.0504,47.2403,0.0185,-0.0001,0.0003,0.6543,-0.3086,0.8199,buy
2023-07-10,27.5877,8340200,27.0649,27.6648,26.9792,0.0097,0.0606,0.0730,0.0407,0.0591,52.3578,0.0164,0.0027,0.0025,0.7796,-0.0418,0.7875,buy
2023-07-11,27.8362,11562600,27.4591,28.0847,27.3648,0.0090,0.0347,0.0794,0.0420,0.0675,59.5926,0.0164,0.0056,0.0043,0.8767,0.3864,1.0753,buy
2023-07-12,28.2990,10177800,28.5561,28.9760,28.1362,0.0166,0.0655,0.0830,0.0508,0.0845,62.1020,0.0165,0.0089,0.0061,0.9808,-0.1198,0.9824,buy
2023-07-13,28.8132,9538900,28.4875,28.9246,28.2476,0.0182,0.0908,0.1034,0.0593,0.1023,75.1253,0.0165,0.0127,0.0080,1.0616,-0.0628,0.9409,sell
2023-07-14,28.3676,8211900,29.3274,29.3274,28.1447,-0.0155,0.0383,0.0803,0.0349,0.0820,76.2713,0.0184,0.0147,0.0079,0.8864,-0.1391,0.8142,buy
2023-07-17,28.6504,6141000,28.1447,28.7532,28.1447,0.0100,0.0385,0.1015,0.0352,0.0886,77.1988,0.0173,0.0165,0.0078,0.9192,-0.2522,0.6182,buy
2023-07-18,29.5760,10738500,28.3676,29.6102,28.3161,0.0323,0.0625,0.0994,0.0585,0.1174,79.4723,0.0170,0.0198,0.0091,1.0413,0.7487,1.1444,buy
2023-07-19,30.5016,11123800,29.6788,30.6644,29.5931,0.0313,0.0778,0.1484,0.0764,0.1469,82.4874,0.0163,0.0243,0.0112,1.0882,0.0359,1.1868,sell
2023-07-20,28.3333,19275900,29.0703,29.5588,28.0333,-0.0711,-0.0167,0.0727,-0.0068,0.0620,61.8164,0.0313,0.0241,0.0079,0.6749,0.7329,1.9293,hold
2023-07-21,28.3247,10883700,28.7704,28.7704,27.8790,-0.0003,-0.0015,0.0367,-0.0106,0.0583,63.5542,0.0299,0.0222,0.0048,0.6557,-0.4354,1.0809,buy
2023-07-24,28.7104,9652600,28.3676,28.9503,28.3504,0.0136,0.0021,0.0407,-0.0011,0.0685,61.2594,0.0300,0.0212,0.0032,0.7048,-0.1131,0.9806,sell
2023-07-25,27.9219,13167000,28.7961,28.7961,27.9133,-0.0275,-0.0559,0.0031,-0.0288,0.0354,58.0384,0.0315,0.0187,0.0002,0.5380,0.3641,1.3257,buy
2023-07-26,28.5904,10925900,28.5132,28.8132,28.3847,0.0239,-0.0627,0.0103,-0.0066,0.0561,62.0952,0.0320,0.0176,-0.0004,0.6523,-0.1702,1.0863,sell
2023-07-27,27.4163,14210700,28.7275,28.8903,27.4077,-0.0411,-0.0324,-0.0485,-0.0427,0.0101,50.5088,0.0340,0.0142,-0.0036,0.3898,0.3006,1.3642,buy
2023-07-28,28.2904,11455200,27.9476,28.4704,27.9133,0.0319,-0.0012,-0.0027,-0.0119,0.0385,53.5590,0.0356,0.0129,-0.0035,0.5626,-0.1939,1.0920,hold
2023-07-31,28.4704,11039900,28.5475,28.8046,28.1362,0.0064,-0.0084,-0.0063,-0.0050,0.0423,53.2343,0.0355,0.0125,-0.0030,0.5842,-0.0363,1.0566,sell
2023-08-01,28.1104,8550500,28.0676,28.2476,27.7334,-0.0126,0.0068,-0.0496,-0.0125,0.0272,49.0283,0.0337,0.0113,-0.0036,0.4745,-0.2255,0.8022,sell
2023-08-02,27.6905,9304300,27.7676,27.8105,27.3306,-0.0149,-0.0315,-0.0922,-0.0176,0.0102,44.1570,0.0314,0.0090,-0.0049,0.3319,0.0882,0.8631,hold
2023-08-03,27.6648,8520400,27.6477,27.7505,27.1249,-0.0009,0.0091,-0.0236,-0.0162,0.0082,46.1754,0.0226,0.0069,-0.0056,0.2789,-0.0843,0.8056,hold
2023-08-04,27.4848,8992800,27.4248,27.8705,27.4248,-0.0065,-0.0285,-0.0297,-0.0196,0.0008,43.5849,0.0226,0.0046,-0.0063,0.2117,0.0554,0.8491,buy
2023-08-07,27.9390,8999600,27.6305,27.9819,27.4677,0.0165,-0.0187,-0.0269,-0.0007,0.0159,40.4975,0.0229,0.0041,-0.0054,0.3574,0.0008,0.8471,hold
2023-08-08,27.7762,18916000,26.9106,27.8276,26.5335,-0.0058,-0.0119,-0.0052,-0.0060,0.0088,32.6419,0.0212,0.0032,-0.0051,0.3026,1.1019,1.7210,sell
2023-08-09,26.9706,10060700,27.5534,27.5534,26.8849,-0.0290,-0.0260,-0.0567,-0.0292,-0.0209,39.4980,0.0211,0.0001,-0.0067,0.0830,-0.4681,0.9158,buy
2023-08-10,27.4237,10297600,27.1623,27.4935,26.9532,0.0168,-0.0087,0.0003,-0.0129,-0.0050,43.5017,0.0180,-0.0010,-0.0062,0.2531,0.0235,0.9342,buy
2023-08-11,27.6503,8851700,27.2059,27.7897,27.1275,0.0083,0.0060,-0.0226,-0.0024,0.0021,42.1746,0.0146,-0.0012,-0.0050,0.3372,-0.1404,0.8007,sell
2023-08-14,26.6395,11204300,27.2495,27.3192,26.5087,-0.0366,-0.0465,-0.0643,-0.0325,-0.0346,40.8339,0.0178,-0.0044,-0.0067,0.0859,0.2658,0.9908,sell
2023-08-15,25.7942,13327700,26.1602,26.3345,25.7157,-0.0317,-0.0714,-0.0824,-0.0553,-0.0641,30.5071,0.0194,-0.0097,-0.0097,-0.0612,0.1895,1.1652,sell
2023-08-16,25.3585,12778900,25.7593,25.8465,25.2365,-0.0169,-0.0598,-0.0842,-0.0632,-0.0787,34.0083,0.0195,-0.0152,-0.0121,-0.1450,-0.0412,1.1092,hold
2023-08-17,25.2452,10166600,25.5589,25.5937,25.1232,-0.0045,-0.0794,-0.0875,-0.0590,-0.0807,23.1606,0.0194,-0.0197,-0.0133,-0.0512,-0.2044,0.9188,sell
2023-08-18,25.0796,9036100,24.8356,25.1755,24.7833,-0.0066,-0.0930,-0.0875,-0.0567,-0.0843,20.0389,0.0194,-0.0236,-0.0137,0.0024,-0.1112,0.8235,sell
2023-08-21,24.9315,10975100,25.2713,25.3062,24.5306,-0.0059,-0.0641,-0.1076,-0.0516,-0.0874,20.8181,0.0173,-0.0269,-0.0136,0.0395,0.2146,0.9942,sell
2023-08-22,24.4435,11549700,24.8879,25.0012,24.3563,-0.0196,-0.0524,-0.1200,-0.0582,-0.1030,20.5612,0.0174,-0.0312,-0.0141,0.0234,0.0524,1.0540,buy
2023-08-23,24.8182,6480300,24.5219,24.8705,24.3999,0.0153,-0.0213,-0.0798,-0.0358,-0.0875,25.7276,0.0184,-0.0321,-0.0122,0.1368,-0.4389,0.6036,buy
2023-08-24,25.1493,9395800,24.8792,25.2278,24.7572,0.0133,-0.0038,-0.0829,-0.0142,-0.0736,30.5863,0.0179,-0.0314,-0.0094,0.2275,0.4499,0.8953,hold
2023-08-25,25.1058,13120300,25.3585,25.5938,24.8618,-0.0017,0.0010,-0.0920,-0.0060,-0.0737,24.7227,0.0171,-0.0309,-0.0071,0.2456,0.3964,1.2403,buy
2023-08-28,25.5938,6664400,25.4195,25.6809,25.2539,0.0194,0.0266,-0.0393,0.0176,-0.0543,31.5969,0.0164,-0.0281,-0.0038,0.3544,-0.4921,0.6433,buy
2023-08-29,26.4303,10349700,25.6983,26.5697,25.5763,0.0327,0.0813,0.0247,0.0482,-0.0228,45.4678,0.0169,-0.0227,0.0007,0.5351,0.5530,0.9904,hold
2023-08-30,26.3606,7169400,26.4216,26.5436,26.1079,-0.0026,0.0621,0.0395,0.0413,-0.0250,40.4687,0.0156,-0.0191,0.0034,0.5358,-0.3073,0.6932,buy
2023-08-31,26.6220,8276600,26.4826,26.7179,26.3345,0.0099,0.0586,0.0545,0.0459,-0.0150,40.8385,0.0154,-0.0152,0.0058,0.6069,0.1544,0.8012,buy
2023-09-01,26.9270,7951500,26.9096,27.3192,26.7963,0.0115,0.0725,0.0737,0.0503,-0.0043,52.9307,0.0149,-0.0110,0.0078,0.6856,-0.0393,0.7736,sell
2023-09-05,26.5262,6381800,26.8747,27.2320,26.5175,-0.0149,0.0364,0.0640,0.0282,-0.0197,58.2031,0.0160,-0.0090,0.0080,0.6192,-0.1974,0.6289,sell
2023-09-06,25.8988,10486600,26.2735,26.3955,25.7419,-0.0237,-0.0201,0.0595,-0.0017,-0.0429,55.8053,0.0168,-0.0094,0.0065,0.4866,0.6432,1.0782,sell
2023-09-07,25.5066,8523200,25.6896,25.9423,25.4020,-0.0151,-0.0324,0.0277,-0.0194,-0.0570,52.6502,0.0176,-0.0107,0.0043,0.3978,-0.1872,0.8833,buy
2023-09-08,25.9510,12486900,25.7070,26.0295,25.3672,0.0174,-0.0252,0.0319,-0.0054,-0.0404,58.3612,0.0179,-0.0100,0.0038,0.5452,0.4650,1.2795,buy
2023-09-11,26.2386,10262600,26.3955,26.7266,26.1166,0.0111,-0.0256,0.0451,0.0013,-0.0298,62.2150,0.0180,-0.0085,0.0041,0.6782,-0.1781,1.0441,hold
2023-09-12,26.1515,10132400,26.4652,26.8399,26.0730,-0.0033,-0.0141,0.0218,-0.0042,-0.0331,67.2535,0.0173,-0.0076,0.0041,0.6618,-0.0127,1.0365,sell
2023-09-13,24.9402,13317400,26.3432,26.4303,24.7920,-0.0463,-0.0370,-0.0564,-0.0449,-0.0766,51.0542,0.0198,-0.0109,0.0010,0.2443,0.3143,1.3624,buy
2023-09-14,25.6373,12864000,25.3149,25.7506,25.1842,0.0280,0.0051,-0.0274,-0.0155,-0.0501,53.9660,0.0225,-0.0106,0.0008,0.4856,-0.0340,1.3154,sell
2023-09-15,25.2713,21392100,24.9663,25.3759,24.7833,-0.0143,-0.0262,-0.0507,-0.0245,-0.0629,51.2786,0.0223,-0.0118,-0.0002,0.3550,0.6629,2.0687,sell
2023-09-18,24.9838,10762000,25.0535,25.0970,24.6090,-0.0114,-0.0478,-0.0722,-0.0283,-0.0719,45.1389,0.0216,-0.0136,-0.0014,0.2561,-0.4969,1.0321,hold
2023-09-19,24.9228,10592700,25.0186,25.1406,24.4870,-0.0024,-0.0470,-0.0604,-0.0246,-0.0724,36.2916,0.0214,-0.0149,-0.0022,0.2349,-0.0157,1.0177,sell
2023-09-20,24.7223,7841400,25.2626,25.5415,24.6090,-0.0080,-0.0087,-0.0454,-0.0279,-0.0777,35.4489,0.0205,-0.0165,-0.0030,0.1478,-0.2597,0.7671,sell
2023-09-21,24.5393,11550200,25.0360,25.3149,24.5306,-0.0074,-0.0428,-0.0379,-0.0314,-0.0819,31.2401,0.0202,-0.0182,-0.0037,0.0985,0.4730,1.1025,hold
2023-09-22,24.4609,7894000,24.6700,24.6962,24.2692,-0.0032,-0.0321,-0.0574,-0.0288,-0.0819,26.8412,0.0189,-0.0196,-0.0040,0.1065,-0.3165,0.7590,buy
2023-09-25,25.1319,9385800,24.3040,25.1668,24.2953,0.0274,0.0059,-0.0422,0.0022,-0.0544,37.5390,0.0211,-0.0177,-0.0020,0.3299,0.1890,0.9189,sell
2023-09-26,24.6178,7600800,24.8182,25.1668,24.5480,-0.0205,-0.0122,-0.0586,-0.0122,-0.0709,38.3148,0.0217,-0.0185,-0.0019,0.1886,-0.1902,0.7407,sell
2023-09-27,24.3738,8551800,24.7920,24.7920,24.1385,-0.0099,-0.0141,-0.0227,-0.0198,-0.0765,39.3791,0.0166,-0.0195,-0.0023,0.1519,0.1251,0.8408,buy
2023-09-28,24.6003,7254200,24.3650,24.7485,24.2518,0.0093,0.0025,-0.0404,-0.0065,-0.0637,36.7972,0.0136,-0.0191,-0.0016,0.2488,-0.1517,0.7129,buy
2023-09-29,24.9315,7883900,24.7398,25.2713,24.6962,0.0135,0.0192,-0.0134,0.0082,-0.0487,37.3311,0.0141,-0.0173,-0.0001,0.3714,0.0868,0.7763,sell
2023-10-02,24.0775,8655100,24.8356,25.0099,24.0078,-0.0343,-0.0420,-0.0363,-0.0227,-0.0783,32.4999,0.0174,-0.0194,-0.0012,0.1058,0.0978,0.8493,sell
2023-10-03,23.6940,8735900,23.8683,23.8945,23.3890,-0.0159,-0.0375,-0.0493,-0.0335,-0.0894,37.7778,0.0178,-0.0219,-0.0027,0.0179,0.0093,0.8474,hold
2023-10-04,23.6766,6358200,23.7986,23.8509,23.2670,-0.0007,-0.0286,-0.0423,-0.0301,-0.0871,27.8107,0.0178,-0.0234,-0.0034,0.0709,-0.2722,0.6294,hold
2023-10-05,23.7725,8328100,23.3193,23.8945,23.2496,0.0040,-0.0337,-0.0312,-0.0231,-0.0800,31.9328,0.0179,-0.0240,-0.0032,0.1481,0.3098,0.8252,hold
2023-10-06,23.8073,11414800,23.5023,24.0862,23.1538,0.0015,-0.0451,-0.0267,-0.0190,-0.0761,34.8993,0.0180,-0.0240,-0.0026,0.1891,0.3706,1.1371,hold
2023-10-09,23.9032,9145700,23.4762,23.9729,23.4500,0.0040,-0.0072,-0.0489,-0.0100,-0.0692,37.0289,0.0149,-0.0234,-0.0017,0.2359,-0.1988,0.9161,buy
2023-10-10,25.4892,17659700,25.5938,25.8726,25.0099,0.0664,0.0758,0.0354,0.0519,-0.0051,57.2131,0.0260,-0.0163,0.0032,0.8781,0.9309,1.7047,buy
2023-10-11,25.8029,10602400,25.5676,26.0730,25.5066,0.0123,0.0898,0.0586,0.0586,0.0089,61.6000,0.0257,-0.0106,0.0069,0.9489,-0.3996,1.0370,sell
2023-10-12,25.1668,9664800,25.6722,25.9249,25.1058,-0.0247,0.0587,0.0230,0.0301,-0.0140,55.8781,0.0274,-0.0084,0.0077,0.7268,-0.0884,0.9604,sell
2023-10-13,24.7572,10700200,25.4892,25.6199,24.7398,-0.0163,0.0399,-0.0070,0.0140,-0.0278,46.7375,0.0277,-0.0078,0.0069,0.5762,0.1071,1.1229,buy
2023-10-16,25.2713,12437400,25.1493,25.3759,24.7659,0.0208,0.0572,0.0496,0.0300,-0.0059,55.6905,0.0256,-0.0053,0.0072,0.7753,0.1624,1.2938,buy
2023-10-17,25.9859,12739300,24.8879,26.0469,24.8443,0.0283,0.0195,0.0967,0.0494,0.0238,62.9734,0.0253,-0.0011,0.0088,0.9851,0.0243,1.3106,sell
2023-10-18,25.0448,10534900,25.6809,25.8552,24.8879,-0.0362,-0.0294,0.0578,0.0058,-0.0112,53.2076,0.0291,-0.0009,0.0076,0.6392,-0.1730,1.0690,sell
2023-10-19,24.4522,15234800,25.4020,25.9249,24.2953,-0.0237,-0.0284,0.0286,-0.0207,-0.0327,46.6667,0.0306,-0.0026,0.0048,0.4291,0.4461,1.5175,sell
2023-10-20,23.6679,14510500,24.4348,24.5480,23.4849,-0.0321,-0.0440,-0.0059,-0.0515,-0.0609,47.1236,0.0326,-0.0067,0.0008,0.1786,-0.0475,1.3993,hold
2023-10-23,23.5546,10653200,23.5459,24.1210,23.4849,-0.0048,-0.0679,-0.0146,-0.0548,-0.0623,48.9822,0.0326,-0.0102,-0.0021,0.1780,-0.2658,1.0211,buy
2023-10-24,24.0165,10134300,23.5808,24.2256,23.5808,0.0196,-0.0758,-0.0578,-0.0305,-0.0420,52.3298,0.0241,-0.0110,-0.0025,0.3418,-0.0487,0.9597,buy
2023-10-25,24.3650,10127400,24.1123,24.3912,23.5372,0.0145,-0.0271,-0.0557,-0.0107,-0.0269,53.9261,0.0243,-0.0103,-0.0015,0.4554,-0.0007,0.9519,buy
2023-10-26,24.8443,10485200,24.2953,25.1319,24.2779,0.0197,0.0160,-0.0128,0.0101,-0.0074,56.4886,0.0245,-0.0081,0.0004,0.6071,0.0353,0.9708,sell
2023-10-27,24.0688,9322600,24.7049,24.8095,23.8596,-0.0312,0.0169,-0.0278,-0.0187,-0.0375,50.9548,0.0259,-0.0092,-0.0003,0.3695,-0.1109,0.8575,buy
2023-10-30,24.5568,8483200,24.2953,24.6613,24.0862,0.0203,0.0425,-0.0283,0.0041,-0.0175,43.8435,0.0259,-0.0080,0.0006,0.5202,-0.0900,0.7809,hold
2023-10-31,24.7136,10506600,24.5916,24.7659,24.2953,0.0064,0.0290,-0.0490,0.0158,-0.0111,42.6557,0.0238,-0.0065,0.0016,0.5565,0.2385,0.9593,hold
2023-11-01,24.8269,10212100,24.7310,24.9838,24.5132,0.0046,0.0190,-0.0087,0.0214,-0.0069,47.5348,0.0212,-0.0049,0.0025,0.5781,-0.0280,0.9163,buy
2023-11-02,26.1166,11165700,25.2888,26.2212,25.1319,0.0519,0.0512,0.0681,0.0672,0.0436,58.7444,0.0252,0.0005,0.0060,0.9574,0.0934,0.9893,buy
2023-11-03,27.1797,12782000,26.8835,27.4063,26.8050,0.0407,0.1293,0.1484,0.0949,0.0844,61.4660,0.0231,0.0074,0.0102,1.1298,0.1448,1.1257,sell
2023-11-06,26.7876,7182800,27.2756,27.3192,26.6220,-0.0144,0.0908,0.1373,0.0652,0.0673,55.0109,0.0242,0.0118,0.0117,0.9515,-0.4381,0.6381,hold
2023-11-07,26.5959,5848200,26.5785,26.7876,26.4216,-0.0072,0.0762,0.1074,0.0469,0.0588,60.6971,0.0248,0.0146,0.0116,0.8664,-0.1858,0.5483,hold
2023-11-08,26.4913,6516400,26.5697,26.6220,26.3257,-0.0039,0.0670,0.0873,0.0341,0.0546,65.0773,0.0252,0.0163,0.0106,0.8213,0.1143,0.6229,sell
2023-11-09,25.8441,9389800,26.5800,26.7041,25.6579,-0.0244,-0.0104,0.0402,0.0049,0.0292,66.4237,0.0269,0.0158,0.0080,0.6595,0.4409,0.8987,buy
2023-11-10,26.0569,5851500,25.9771,26.0835,25.6491,0.0082,-0.0413,0.0826,0.0054,0.0382,68.6051,0.0238,0.0155,0.0062,0.6914,-0.3768,0.5733,hold
2023-11-13,26.0214,5460200,25.8175,26.1544,25.6845,-0.0014,-0.0286,0.0596,-0.0016,0.0375,65.9166,0.0236,0.0150,0.0046,0.6724,-0.0669,0.5539,buy
2023-11-14,27.4666,10641900,26.8814,27.8035,26.8726,0.0555,0.0327,0.1114,0.0428,0.0943,70.9708,0.0283,0.0179,0.0064,0.9438,0.9490,1.0912,buy
2023-11-15,28.2911,12350200,27.5907,28.4507,27.5907,0.0300,0.0679,0.1395,0.0602,0.1250,72.2656,0.0288,0.0224,0.0090,1.0107,0.1605,1.2547,sell
2023-11-16,27.8833,9671900,28.1670,28.3177,27.5996,-0.0144,0.0789,0.0676,0.0380,0.1067,75.8703,0.0265,0.0252,0.0093,0.8838,-0.2169,1.0112,buy
2023-11-17,28.3443,6918800,28.1758,28.3709,27.8389,0.0165,0.0878,0.0428,0.0506,0.1229,75.7817,0.0241,0.0277,0.0096,0.9124,-0.2846,0.7533,hold
2023-11-20,28.4064,6765900,28.1404,28.5305,27.9719,0.0022,0.0917,0.0604,0.0467,0.1234,75.4650,0.0232,0.0298,0.0094,0.8839,-0.0221,0.7525,sell
2023-11-21,27.9985,5245800,28.3266,28.3620,27.9365,-0.0144,0.0194,0.0527,0.0263,0.1057,71.0176,0.0237,0.0305,0.0078,0.7875,-0.2247,0.5998,hold
2023-11-22,27.9187,5283300,28.3088,28.3354,27.7769,-0.0028,-0.0132,0.0539,0.0181,0.0999,64.2230,0.0237,0.0301,0.0059,0.7494,0.0071,0.6213,buy
2023-11-24,28.1758,2586900,27.9365,28.2024,27.7325,0.0092,0.0105,0.0902,0.0188,0.1078,59.0075,0.0212,0.0299,0.0048,0.7678,-0.5104,0.3190,sell
2023-11-27,27.8744,8574300,27.9719,28.1315,27.7769,-0.0107,-0.0166,0.0698,0.0013,0.0938,59.9916,0.0221,0.0291,0.0029,0.6966,2.3145,1.0622,hold
2023-11-28,27.9808,6113600,27.8744,28.1049,27.6882,0.0038,-0.0150,0.0753,-0.0019,0.0954,62.9353,0.0220,0.0281,0.0016,0.7001,-0.2870,0.7687,buy
2023-11-29,28.4861,9377100,28.2911,29.0004,28.1936,0.0181,0.0174,0.0371,0.0124,0.1120,67.3343,0.0149,0.0280,0.0016,0.7924,0.5338,1.1874,hold
2023-11-30,28.4950,12301000,28.6723,28.7521,28.3620,0.0003,0.0206,0.0072,0.0120,0.1091,75.9099,0.0117,0.0280,0.0013,0.7859,0.3118,1.5374,buy
2023-12-01,29.4969,11699900,28.3886,29.6210,28.3354,0.0352,0.0469,0.0579,0.0416,0.1437,79.1291,0.0147,0.0294,0.0029,0.9792,-0.0489,1.4574,hold
2023-12-04,29.5057,11962300,29.2575,29.8160,29.2309,0.0003,0.0585,0.0410,0.0377,0.1396,79.6380,0.0142,0.0310,0.0036,0.9178,0.0224,1.4977,hold
2023-12-05,29.3905,7593000,29.3639,29.5235,29.0624,-0.0039,0.0504,0.0346,0.0301,0.1314,71.1501,0.0145,0.0317,0.0033,0.8480,-0.3653,0.9482,hold
2023-12-06,29.2929,9173300,29.6121,30.3303,29.2752,-0.0033,0.0283,0.0462,0.0220,0.1236,63.1090,0.0133,0.0316,0.0025,0.7946,0.2081,1.1223,buy
2023-12-07,30.1086,16613200,29.7274,30.4455,29.5767,0.0278,0.0566,0.0784,0.0425,0.1498,76.3102,0.0149,0.0324,0.0033,0.9211,0.8110,1.9143,buy
2023-12-08,30.4366,11424100,30.1441,30.6583,29.9047,0.0109,0.0319,0.0802,0.0457,0.1572,75.5411,0.0149,0.0339,0.0041,0.9527,-0.3123,1.3011,hold
2023-12-11,30.5253,9279700,30.3391,30.6938,30.2416,0.0029,0.0346,0.0951,0.0393,0.1557,75.6989,0.0136,0.0350,0.0042,0.9395,-0.1877,1.0366,sell
2023-12-12,30.2327,7117200,30.6849,30.6849,30.1529,-0.0096,0.0287,0.0805,0.0215,0.1393,77.8760,0.0148,0.0352,0.0033,0.8665,-0.2330,0.7878,buy
2023-12-13,31.4651,11418000,30.2593,31.5449,30.0288,0.0408,0.0742,0.1046,0.0525,0.1788,84.3642,0.0179,0.0364,0.0046,1.0671,0.6043,1.2584,buy
2023-12-14,33.3713,17528700,32.5379,33.3890,32.1655,0.0606,0.1084,0.1711,0.0984,0.2412,88.1510,0.0235,0.0404,0.0083,1.2128,0.5352,1.8783,sell
2023-12-15,32.5379,15702400,33.1939,33.5397,32.3694,-0.0250,0.0690,0.1031,0.0603,0.2024,81.7632,0.0257,0.0438,0.0087,0.9826,-0.1042,1.6299,sell
2023-12-18,32.2187,8973600,32.5467,32.8482,32.2010,-0.0098,0.0555,0.0919,0.0407,0.1832,78.0516,0.0263,0.0448,0.0075,0.8802,-0.4285,0.9216,buy
2023-12-19,32.5556,9319100,32.2807,32.6797,32.0680,0.0105,0.0768,0.1077,0.0410,0.1880,77.5510,0.0259,0.0451,0.0066,0.8797,0.0385,0.9447,sell
2023-12-20,31.7311,10834400,32.2896,32.6708,31.7133,-0.0253,0.0085,0.0832,0.0068,0.1527,69.7297,0.0281,0.0443,0.0038,0.7370,0.1626,1.0681,buy
2023-12-21,32.3517,7842100,32.0325,32.3871,32.0148,0.0196,-0.0306,0.0745,0.0192,0.1697,68.2540,0.0276,0.0430,0.0026,0.7961,-0.2762,0.7635,hold
2023-12-22,32.5911,9644400,32.5113,32.7950,32.3517,0.0074,0.0016,0.0708,0.0198,0.1720,69.1630,0.0275,0.0424,0.0018,0.7997,0.2298,0.9077,buy
2023-12-26,32.9014,6083900,32.5467,32.9989,32.4315,0.0095,0.0212,0.0778,0.0219,0.1763,71.2903,0.0275,0.0420,0.0015,0.8160,-0.3692,0.5794,hold
2023-12-27,33.0166,6483100,32.7950,33.1762,32.5999,0.0035,0.0142,0.0921,0.0167,0.1739,72.5322,0.0269,0.0417,0.0011,0.8079,0.0656,0.6164,hold
2023-12-28,33.0610,6838000,32.9102,33.1851,32.9102,0.0013,0.0419,0.0507,0.0131,0.1696,69.7041,0.0245,0.0412,0.0005,0.7895,0.0547,0.6580,sell
2023-12-29,32.7329,8058300,32.8836,33.1141,32.7063,-0.0099,0.0118,-0.0191,0.0050,0.1518,65.3254,0.0152,0.0400,-0.0009,0.7184,0.1785,0.7916,buy
2024-01-02,33.2560,8595500,32.4758,33.4156,32.3694,0.0160,0.0204,0.0221,0.0188,0.1630,67.2259,0.0137,0.0389,-0.0011,0.7819,0.0667,0.8575,sell
2024-01-03,32.3694,12154800,32.8570,32.8659,32.1212,-0.0267,-0.0162,0.0047,-0.0088,0.1251,62.5390,0.0162,0.0369,-0.0033,0.6062,0.4141,1.2114,buy
2024-01-04,32.7772,9412000,32.8570,33.1319,32.6088,0.0126,-0.0073,0.0068,0.0030,0.1320,58.5254,0.0163,0.0347,-0.0040,0.6654,-0.2257,0.9296,buy
2024-01-05,33.3358,9362200,32.7152,33.5840,32.5999,0.0170,0.0083,0.0506,0.0151,0.1439,49.7207,0.0142,0.0337,-0.0035,0.7710,-0.0053,0.9238,buy
2024-01-08,33.6904,7153200,33.2294,33.6993,33.0255,0.0106,0.0293,0.0414,0.0218,0.1488,59.8187,0.0134,0.0335,-0.0027,0.8331,-0.2359,0.7404,sell
2024-01-09,33.4067,6806600,33.3092,33.5752,33.1407,-0.0084,0.0045,0.0250,0.0106,0.1325,60.1824,0.0139,0.0328,-0.0029,0.7455,-0.0485,0.7218,hold
2024-01-10,33.4511,8100200,33.3447,33.5663,32.9723,0.0013,0.0334,0.0167,0.0103,0.1268,58.0801,0.0137,0.0318,-0.0031,0.7459,0.1901,0.8644,sell
2024-01-11,33.1053,9698800,33.2117,33.2915,32.3340,-0.0103,0.0100,0.0027,-0.0004,0.1088,63.5727,0.0142,0.0301,-0.0041,0.6326,0.1974,1.0209,sell
2024-01-12,32.5733,8021600,33.1939,33.3624,32.3251,-0.0161,-0.0229,-0.0147,-0.0150,0.0852,52.2282,0.0151,0.0273,-0.0060,0.3596,-0.1729,0.8597,sell
2024-01-16,32.0768,9340500,32.1034,32.2896,31.6779,-0.0152,-0.0479,-0.0200,-0.0281,0.0636,45.0848,0.0155,0.0236,-0.0081,0.1509,0.1644,1.0470,sell
2024-01-17,31.7222,8978600,31.6867,32.1212,31.4208,-0.0111,-0.0504,-0.0461,-0.0344,0.0479,38.8235,0.0143,0.0195,-0.0101,0.0426,-0.0387,1.0458,buy
2024-01-18,31.8995,17018300,32.0946,33.3003,31.1105,0.0056,-0.0464,-0.0145,-0.0276,0.0505,39.5348,0.0123,0.0161,-0.0106,0.1418,0.8954,1.8936,buy
2024-01-19,33.2205,13473900,32.0946,33.2560,31.7843,0.0414,0.0035,0.0135,0.0113,0.0894,51.2064,0.0180,0.0160,-0.0077,0.6943,-0.2083,1.4653,sell
2024-01-22,32.8127,10268300,33.3358,33.6018,32.7506,-0.0123,0.0073,-0.0157,0.0005,0.0716,50.5960,0.0176,0.0155,-0.0068,0.4977,-0.2379,1.1202,hold
2024-01-23,32.6443,6375800,32.8748,33.0698,32.4758,-0.0051,0.0177,-0.0311,-0.0014,0.0619,45.1749,0.0171,0.0144,-0.0064,0.4107,-0.3791,0.7011,buy
2024-01-24,33.2915,11035700,32.8836,33.4422,32.6886,0.0198,0.0495,-0.0035,0.0187,0.0777,57.5581,0.0184,0.0146,-0.0047,0.6992,0.7309,1.2044,hold
2024-01-25,33.2560,8053800,33.6904,33.7082,32.9546,-0.0011,0.0425,-0.0058,0.0182,0.0716,54.1795,0.0184,0.0148,-0.0036,0.6719,-0.2702,0.8696,buy
2024-01-26,33.5486,11477900,33.3269,33.7082,33.2471,0.0088,0.0099,0.0134,0.0258,0.0758,51.9480,0.0182,0.0153,-0.0024,0.7848,0.4252,1.2068,buy
2024-01-29,33.7702,9067100,33.3979,33.8766,33.3447,0.0066,0.0292,0.0367,0.0288,0.0785,50.7488,0.0172,0.0160,-0.0012,0.8484,-0.2100,0.9423,hold
2024-01-30,33.8411,8091000,33.7968,34.1071,33.6993,0.0021,0.0367,0.0550,0.0255,0.0770,54.2461,0.0159,0.0167,-0.0004,0.8377,-0.1077,0.8407,sell
2024-01-31,32.8570,14452300,33.1673,33.7348,32.7241,-0.0291,-0.0130,0.0358,-0.0078,0.0423,45.0951,0.0187,0.0151,-0.0020,0.4493,0.7862,1.4573,sell
2024-02-01,32.3605,25481600,33.0255,33.6816,31.1991,-0.0151,-0.0269,0.0145,-0.0241,0.0240,44.0000,0.0196,0.0123,-0.0041,0.2490,0.7632,2.4077,buy
2024-02-02,32.6177,11487000,32.1566,32.7063,31.8818,0.0079,-0.0277,-0.0181,-0.0146,0.0294,50.3736,0.0142,0.0103,-0.0047,0.3570,-0.5492,1.0748,sell
2024-02-05,32.1389,10585500,32.3517,32.4226,31.7488,-0.0147,-0.0483,-0.0205,-0.0271,0.0116,50.5247,0.0144,0.0077,-0.0061,0.1988,-0.0785,0.9848,hold
2024-02-06,32.1389,7305700,32.1744,32.3517,31.8020,0.0000,-0.0503,-0.0155,-0.0256,0.0089,53.7480,0.0143,0.0054,-0.0067,0.2268,-0.3098,0.6792,sell
2024-02-07,31.9261,8909900,32.2896,32.4226,31.1637,-0.0066,-0.0283,-0.0410,-0.0280,-0.0001,50.2377,0.0123,0.0030,-0.0073,0.1805,0.2196,0.8203,hold
2024-02-08,31.9441,7590300,31.6652,32.0880,31.6113,0.0006,-0.0129,-0.0394,-0.0235,-0.0021,35.1278,0.0123,0.0012,-0.0073,0.2176,-0.1481,0.7005,buy
2024-02-09,32.2410,10079300,31.8092,32.4479,31.3774,0.0093,-0.0115,-0.0390,-0.0105,0.0045,43.1616,0.0124,0.0004,-0.0064,0.3467,0.3279,0.9286,buy
2024-02-12,32.3939,7016400,32.1870,32.8167,32.1060,0.0047,0.0079,-0.0408,-0.0016,0.0068,46.9943,0.0122,0.0002,-0.0052,0.4086,-0.3039,0.6494,sell
2024-02-13,31.4313,12822000,31.8272,31.9081,30.7926,-0.0297,-0.0220,-0.0712,-0.0240,-0.0249,29.2406,0.0144,-0.0024,-0.0064,0.0832,0.8274,1.1679,buy
2024-02-14,31.8541,9166300,31.7732,31.9981,31.3684,0.0135,-0.0023,-0.0305,-0.0078,-0.0132,35.5999,0.0135,-0.0033,-0.0058,0.2282,-0.2851,0.8342,buy
2024-02-15,32.6818,10093600,32.0880,32.8437,31.9351,0.0260,0.0231,0.0099,0.0170,0.0105,41.9778,0.0155,-0.0018,-0.0034,0.5123,0.1012,0.9485,sell
2024-02-16,32.4749,7832200,32.4479,32.7987,32.1690,-0.0063,0.0073,-0.0044,0.0110,0.0022,37.9787,0.0154,-0.0013,-0.0023,0.4485,-0.2240,0.7560,sell
2024-02-20,31.9891,12208300,32.0521,32.4839,31.8991,-0.0150,-0.0125,-0.0047,-0.0037,-0.0145,34.0413,0.0155,-0.0020,-0.0025,0.2844,0.5587,1.1675,buy
2024-02-21,32.1780,8221700,31.6922,32.2500,31.3054,0.0059,0.0238,0.0012,0.0021,-0.0099,43.2197,0.0156,-0.0021,-0.0020,0.3642,-0.3265,0.7794,hold
2024-02-22,32.0610,8455900,32.4569,32.5288,31.8811,-0.0036,0.0065,0.0042,-0.0020,-0.0145,46.7642,0.0155,-0.0024,-0.0019,0.3402,0.0285,0.8115,sell
2024-02-23,31.7012,7977200,32.1420,32.1870,31.6652,-0.0112,-0.0300,-0.0076,-0.0124,-0.0263,40.3138,0.0159,-0.0036,-0.0024,0.2323,-0.0566,0.7659,sell
2024-02-26,31.0625,10383300,31.5573,31.7372,30.8196,-0.0201,-0.0435,-0.0366,-0.0288,-0.0464,38.9954,0.0166,-0.0062,-0.0040,0.0428,0.3016,1.0021,buy
2024-02-27,31.3774,8037300,31.2244,31.6652,31.1705,0.0101,-0.0191,-0.0314,-0.0158,-0.0366,42.6853,0.0170,-0.0072,-0.0040,0.1712,-0.2259,0.7796,hold
2024-02-28,31.3144,5512100,31.2334,31.6652,31.1615,-0.0020,-0.0268,-0.0037,-0.0174,-0.0374,43.9502,0.0142,-0.0081,-0.0040,0.1234,-0.3142,0.5414,buy
2024-02-29,31.4673,12179200,31.6922,31.8811,31.2874,0.0049,-0.0185,-0.0121,-0.0114,-0.0320,45.4072,0.0135,-0.0083,-0.0034,0.2250,1.2095,1.2098,buy
2024-03-01,31.7192,14112300,31.4583,32.1690,31.0805,0.0080,0.0006,-0.0295,-0.0005,-0.0240,44.9300,0.0103,-0.0077,-0.0022,0.3793,0.1587,1.4857,buy
2024-03-04,32.5378,9492500,31.8182,32.8527,31.8182,0.0258,0.0475,0.0019,0.0251,0.0012,51.2384,0.0136,-0.0050,0.0003,0.8427,-0.3274,1.0099,buy
2024-03-05,33.3475,11247300,32.3669,33.7163,32.3309,0.0249,0.0628,0.0425,0.0461,0.0251,66.9317,0.0144,-0.0010,0.0033,1.1239,0.1849,1.1924,buy
2024-03-06,33.5274,13403900,33.4374,33.8512,32.9246,0.0054,0.0707,0.0419,0.0474,0.0299,65.4486,0.0144,0.0025,0.0054,1.0704,0.1917,1.3766,sell
2024-03-07,33.2125,9950300,33.9952,34.0311,33.1046,-0.0094,0.0555,0.0359,0.0338,0.0198,55.4129,0.0149,0.0045,0.0060,0.8933,-0.2577,1.0165,buy
2024-03-08,33.6803,11929000,33.4014,33.7613,32.9606,0.0141,0.0618,0.0624,0.0419,0.0337,61.6725,0.0142,0.0070,0.0068,0.9758,0.1989,1.1922,sell
2024-03-11,33.4914,5987700,33.5094,33.7163,33.1855,-0.0056,0.0293,0.0782,0.0284,0.0276,65.4344,0.0118,0.0085,0.0067,0.8696,-0.4981,0.6109,sell
2024-03-12,33.2215,7533900,33.5544,33.5634,32.9786,-0.0081,-0.0038,0.0588,0.0143,0.0192,60.5456,0.0127,0.0091,0.0057,0.7664,0.2582,0.7666,sell
2024-03-13,32.7897,7079500,33.2755,33.5993,32.6638,-0.0130,-0.0220,0.0471,-0.0033,0.0060,56.9232,0.0139,0.0084,0.0040,0.6222,-0.0603,0.7421,sell
2024-03-14,31.5033,10930500,32.3849,32.6458,31.2065,-0.0392,-0.0515,0.0011,-0.0425,-0.0325,48.4012,0.0196,0.0047,0.0001,0.2442,0.5440,1.1352,hold
2024-03-15,31.3594,17477300,31.1075,31.8721,31.1075,-0.0046,-0.0689,-0.0113,-0.0459,-0.0363,52.6067,0.0195,0.0011,-0.0028,0.2294,0.5989,1.7482,hold
2024-03-18,31.4224,7497100,31.4853,31.6113,31.0445,0.0020,-0.0618,-0.0343,-0.0407,-0.0336,50.4132,0.0172,-0.0015,-0.0043,0.2681,-0.5710,0.7512,buy
2024-03-19,32.1150,9701900,31.5933,32.1240,31.5393,0.0220,-0.0333,-0.0370,-0.0159,-0.0115,56.5926,0.0167,-0.0018,-0.0036,0.4608,0.2941,0.9844,buy
2024-03-20,33.1226,8684100,31.8542,33.1765,31.8002,0.0314,0.0102,-0.0121,0.0163,0.0199,61.9481,0.0199,0.0005,-0.0010,0.7257,-0.1049,0.8791,buy
2024-03-21,34.2290,13598200,33.3025,34.2740,33.3025,0.0334,0.0865,0.0306,0.0470,0.0534,66.1272,0.0224,0.0047,0.0026,0.9532,0.5659,1.3416,sell
2024-03-22,33.9052,9230600,34.4270,34.6788,33.7972,-0.0095,0.0812,0.0067,0.0364,0.0431,59.3828,0.0224,0.0073,0.0041,0.8324,-0.3212,0.9051,hold
2024-03-25,33.8242,5454300,33.8332,34.2021,33.6803,-0.0024,0.0764,0.0099,0.0328,0.0402,53.6351,0.0223,0.0091,0.0047,0.7854,-0.4091,0.5481,hold
2024-03-26,33.8242,7080300,34.0221,34.0851,33.6893,0.0000,0.0532,0.0181,0.0309,0.0394,52.3272,0.0220,0.0103,0.0048,0.7593,0.2981,0.7149,buy
2024-03-27,34.7148,6269400,33.9682,34.7328,33.9682,0.0263,0.0481,0.0587,0.0519,0.0650,60.8021,0.0226,0.0130,0.0060,0.9273,-0.1145,0.6306,buy
2024-03-28,35.0656,8405600,34.9307,35.3445,34.8408,0.0101,0.0244,0.1131,0.0512,0.0736,60.1316,0.0160,0.0157,0.0071,0.9509,0.3407,0.8618,sell
2024-04-01,34.5169,5420800,35.0117,35.1556,34.4719,-0.0156,0.0180,0.1007,0.0250,0.0551,57.1250,0.0175,0.0168,0.0064,0.7935,-0.3551,0.5817,sell
2024-04-02,34.0851,10090700,34.2920,34.3100,33.8692,-0.0125,0.0077,0.0847,0.0043,0.0413,55.8680,0.0188,0.0165,0.0048,0.6736,0.8615,1.0794,hold
2024-04-03,34.1391,7723400,34.0761,34.3910,33.9862,0.0016,0.0093,0.0630,-0.0001,0.0421,59.6650,0.0183,0.0160,0.0034,0.6746,-0.2346,0.8420,hold
2024-04-04,34.1301,8147200,34.6968,34.7868,33.9862,-0.0003,-0.0168,0.0304,-0.0033,0.0409,73.0285,0.0160,0.0154,0.0023,0.6636,0.0549,0.9144,hold
2024-04-05,34.2650,6167500,33.8152,34.4000,33.7972,0.0040,-0.0228,0.0011,0.0005,0.0444,75.5135,0.0121,0.0151,0.0016,0.6800,-0.2430,0.7072,buy
2024-04-08,34.9487,6877800,34.5349,35.1466,34.3820,0.0200,0.0125,0.0308,0.0174,0.0642,77.9203,0.0130,0.0159,0.0022,0.8071,0.1152,0.8122,hold
2024-04-09,35.0567,5676000,35.1916,35.2905,34.5799,0.0031,0.0285,0.0364,0.0169,0.0665,75.6673,0.0129,0.0168,0.0025,0.8008,-0.1747,0.6715,sell
2024-04-10,33.7343,14315600,34.4629,34.4629,33.3565,-0.0377,-0.0119,-0.0027,-0.0212,0.0263,55.0595,0.0184,0.0150,0.0000,0.5202,1.5221,1.6284,hold
2024-04-11,33.5544,10603100,33.6353,33.7253,32.9696,-0.0053,-0.0169,-0.0334,-0.0232,0.0210,43.4095,0.0159,0.0124,-0.0020,0.4743,-0.2593,1.1824,sell
2024-04-12,33.0776,7875100,33.0236,33.3025,32.9426,-0.0142,-0.0347,-0.0567,-0.0314,0.0063,42.1501,0.0155,0.0093,-0.0043,0.3428,-0.2573,0.8934,hold
2024-04-15,33.0146,11228900,33.4644,33.8872,32.7807,-0.0019,-0.0553,-0.0435,-0.0290,0.0040,42.2946,0.0151,0.0064,-0.0058,0.2806,0.4259,1.3207,sell
2024-04-16,32.0610,12902700,32.7177,32.9067,31.8092,-0.0289,-0.0855,-0.0594,-0.0514,-0.0247,35.7970,0.0169,0.0018,-0.0086,-0.0266,0.1491,1.4708,hold
2024-04-17,32.0790,9211300,32.1960,32.3219,31.5663,0.0006,-0.0491,-0.0603,-0.0450,-0.0241,25.2950,0.0168,-0.0019,-0.0099,-0.0185,-0.2861,1.0529,hold
2024-04-18,32.1240,5755500,32.2320,32.3669,31.8991,0.0014,-0.0426,-0.0588,-0.0380,-0.0227,20.7514,0.0169,-0.0047,-0.0101,0.0465,-0.3752,0.6691,buy
2024-04-19,33.1046,10359600,32.2050,33.1406,32.0701,0.0305,0.0008,-0.0339,-0.0051,0.0064,37.0676,0.0203,-0.0043,-0.0076,0.3256,0.7999,1.2275,buy
2024-04-22,34.2380,12580400,32.2410,34.4539,32.2410,0.0342,0.0371,-0.0203,0.0311,0.0394,51.2409,0.0225,-0.0012,-0.0035,0.6215,0.2144,1.4616,buy
2024-04-23,34.9397,10596900,34.1661,35.2636,34.0041,0.0205,0.0898,-0.0033,0.0526,0.0590,55.8784,0.0236,0.0027,0.0003,0.7816,-0.1577,1.1954,hold
2024-04-24,34.8947,7109100,34.7058,35.2726,34.5529,-0.0013,0.0878,0.0344,0.0476,0.0560,55.5848,0.0196,0.0056,0.0026,0.7493,-0.3291,0.8019,sell
2024-04-25,34.1571,7241500,34.7508,34.8947,33.9502,-0.0211,0.0633,0.0180,0.0236,0.0320,49.2753,0.0210,0.0062,0.0025,0.5749,0.0186,0.8123,hold
2024-04-26,34.3370,4651400,34.1211,34.6788,34.0761,0.0053,0.0372,0.0381,0.0251,0.0359,45.5958,0.0202,0.0069,0.0026,0.6339,-0.3577,0.5330,hold
2024-04-29,34.4629,6441400,34.4449,34.6608,34.2111,0.0037,0.0066,0.0439,0.0245,0.0386,45.7364,0.0201,0.0077,0.0027,0.6677,0.3848,0.7338,sell
2024-04-30,33.7793,7482400,34.1931,34.3370,33.7613,-0.0198,-0.0332,0.0536,-0.0010,0.0172,50.3556,0.0186,0.0068,0.0014,0.4933,0.1616,0.8653,buy
2024-05-01,34.2290,6803400,33.9052,34.9037,33.7703,0.0133,-0.0191,0.0670,0.0059,0.0293,55.1159,0.0187,0.0069,0.0012,0.6095,-0.0907,0.7910,buy
2024-05-02,34.4989,7609300,34.6698,34.7238,34.1661,0.0079,0.0100,0.0739,0.0069,0.0360,61.1267,0.0186,0.0075,0.0015,0.6733,0.1185,0.8874,buy
2024-05-03,34.9487,8081400,34.9757,35.2186,34.7868,0.0130,0.0178,0.0557,0.0145,0.0477,64.2761,0.0169,0.0088,0.0023,0.7728,0.0620,0.9321,buy
2024-05-06,35.4615,6237000,35.3085,35.5334,35.0387,0.0147,0.0290,0.0357,0.0258,0.0607,76.8466,0.0141,0.0109,0.0036,0.8815,-0.2282,0.7220,sell
2024-05-07,35.1826,10142100,35.8933,36.2981,34.9667,-0.0079,0.0415,0.0070,0.0170,0.0497,73.5334,0.0132,0.0119,0.0037,0.8100,0.6261,1.1445,buy
2024-05-08,35.4345,6381300,34.9397,35.6774,34.9037,0.0072,0.0352,0.0155,0.0227,0.0547,74.3386,0.0133,0.0130,0.0039,0.8328,-0.3708,0.7539,buy
2024-05-09,35.6441,6562900,35.2795,35.7080,35.1701,0.0059,0.0332,0.0435,0.0243,0.0582,71.0581,0.0106,0.0142,0.0041,0.8395,0.0285,0.7943,buy
2024-05-10,35.9814,5245500,35.7809,36.0270,35.5803,0.0095,0.0296,0.0479,0.0291,0.0654,66.6553,0.0108,0.0156,0.0045,0.8658,-0.2007,0.6451,sell
2024-05-13,35.7171,5642400,36.2732,36.2914,35.5803,-0.0073,0.0072,0.0364,0.0179,0.0550,58.1035,0.0114,0.0162,0.0040,0.7805,0.0757,0.7186,buy
2024-05-14,35.9085,7992900,36.0908,36.1729,35.7536,0.0054,0.0206,0.0630,0.0172,0.0586,60.2549,0.0079,0.0167,0.0036,0.8009,0.4166,1.0508,buy
2024-05-15,36.6287,6215500,36.3643,36.6378,36.1638,0.0201,0.0337,0.0701,0.0306,0.0777,75.0902,0.0088,0.0182,0.0043,0.9377,-0.2224,0.8336,hold
2024-05-16,36.6014,7700200,36.4828,36.7381,36.4281,-0.0007,0.0269,0.0609,0.0238,0.0750,73.7211,0.0091,0.0194,0.0044,0.9298,0.2389,1.0194,sell
2024-05-17,36.4373,5698600,36.9295,36.9295,36.3917,-0.0045,0.0127,0.0426,0.0150,0.0681,70.5186,0.0093,0.0198,0.0038,0.8653,-0.2599,0.7784,sell
2024-05-20,35.5803,4804200,36.3734,36.4828,35.5712,-0.0235,-0.0038,0.0034,-0.0092,0.0419,68.0676,0.0120,0.0184,0.0016,0.6009,-0.1570,0.6930,buy
2024-05-21,36.0453,5336800,35.6715,36.1091,35.6442,0.0131,0.0038,0.0245,0.0013,0.0539,68.1643,0.0122,0.0176,0.0008,0.7189,0.1109,0.8002,sell
2024-05-22,35.4527,4357600,35.8812,35.9541,35.2886,-0.0164,-0.0321,0.0005,-0.0152,0.0352,58.9607,0.0134,0.0158,-0.0010,0.5377,-0.1835,0.6672,sell
2024-05-23,34.8602,4917500,35.6442,35.6442,34.4317,-0.0167,-0.0476,-0.0220,-0.0295,0.0167,49.1900,0.0142,0.0129,-0.0033,0.3465,0.1285,0.7665,hold
2024-05-24,35.0060,3149800,34.9696,35.0607,34.7325,0.0042,-0.0393,-0.0271,-0.0228,0.0189,45.5331,0.0138,0.0106,-0.0045,0.3763,-0.3595,0.4968,sell
2024-05-28,34.4135,5652300,35.0607,35.0881,34.2585,-0.0169,-0.0328,-0.0365,-0.0359,-0.0002,42.8938,0.0145,0.0075,-0.0063,0.1890,0.7945,0.8971,sell
2024-05-29,34.1491,6294500,33.8574,34.1947,33.5383,-0.0077,-0.0526,-0.0490,-0.0385,-0.0094,38.1512,0.0142,0.0042,-0.0077,0.0795,0.1136,1.0085,sell
2024-05-30,33.8392,8430900,34.3679,34.5138,33.7753,-0.0091,-0.0455,-0.0762,-0.0397,-0.0194,33.6634,0.0112,0.0008,-0.0090,0.0066,0.3394,1.3334,buy
2024-05-31,34.4135,10417400,34.0488,34.4408,33.9121,0.0170,-0.0128,-0.0598,-0.0173,-0.0035,36.3924,0.0136,-0.0005,-0.0081,0.1928,0.2356,1.6118,sell
2024-06-03,33.8300,7363500,34.7417,34.8146,33.5110,-0.0170,-0.0336,-0.0716,-0.0267,-0.0202,34.4828,0.0140,-0.0029,-0.0085,0.0641,-0.2932,1.1457,sell
2024-06-04,33.4107,7220400,33.4563,33.8756,33.1737,-0.0124,-0.0291,-0.0610,-0.0328,-0.0320,30.2023,0.0130,-0.0058,-0.0092,0.0269,-0.0194,1.1149,hold
2024-06-05,33.3925,6361100,33.5748,33.6933,33.2739,-0.0005,-0.0222,-0.0736,-0.0258,-0.0323,21.1382,0.0113,-0.0081,-0.0092,0.0821,-0.1190,1.0117,sell
2024-06-06,33.2010,4829200,33.3925,33.5748,33.0278,-0.0057,-0.0189,-0.0635,-0.0250,-0.0375,20.5371,0.0109,-0.0102,-0.0091,0.0951,-0.2408,0.7777,sell
2024-06-07,32.9731,4814700,32.9549,33.4198,32.8546,-0.0069,-0.0419,-0.0541,-0.0263,-0.0432,20.3125,0.0103,-0.0124,-0.0090,0.1019,-0.0030,0.7864,sell
2024-06-10,32.8364,6378800,32.5811,33.0916,32.2529,-0.0041,-0.0294,-0.0620,-0.0241,-0.0459,23.1729,0.0097,-0.0143,-0.0087,0.1231,0.3249,1.0323,sell
2024-06-11,32.5264,6779500,32.5538,32.6814,32.1800,-0.0094,-0.0265,-0.0548,-0.0278,-0.0538,14.5220,0.0091,-0.0165,-0.0087,0.1145,0.0628,1.0872,buy
2024-06-12,33.5566,8739300,33.2193,33.8027,33.2193,0.0317,0.0049,-0.0174,0.0047,-0.0235,32.4324,0.0148,-0.0149,-0.0059,0.3278,0.2891,1.3931,sell
2024-06-13,33.1463,8149100,33.5201,33.5748,33.0096,-0.0122,-0.0016,-0.0205,-0.0055,-0.0349,33.5663,0.0150,-0.0151,-0.0047,0.2696,-0.0675,1.2793,sell
2024-06-14,32.2803,6188500,32.6449,32.9184,32.2347,-0.0261,-0.0210,-0.0620,-0.0252,-0.0591,27.0353,0.0152,-0.0174,-0.0054,0.1226,-0.2406,0.9832,buy
2024-06-17,32.6358,5106700,32.1891,32.6541,31.9977,0.0110,-0.0061,-0.0353,-0.0109,-0.0478,34.4000,0.0155,-0.0177,-0.0047,0.2137,-0.1748,0.8152,buy
2024-06-18,33.3378,9417200,32.4991,33.3651,32.3532,0.0215,0.0249,-0.0022,0.0106,-0.0264,43.3878,0.0170,-0.0158,-0.0024,0.3944,0.8441,1.4499,hold
2024-06-20,33.3925,6467700,33.1281,33.5292,32.9275,0.0016,-0.0049,0.0000,0.0122,-0.0239,46.2015,0.0170,-0.0142,-0.0007,0.4302,-0.3132,0.9872,hold
2024-06-21,33.5383,9437100,33.2831,33.5748,32.9640,0.0044,0.0118,0.0102,0.0156,-0.0195,41.9733,0.0169,-0.0125,0.0008,0.5005,0.4591,1.3866,buy
2024-06-24,34.1491,6680700,33.8300,34.3223,33.5566,0.0182,0.0579,0.0357,0.0305,-0.0020,52.9118,0.0175,-0.0094,0.0029,0.7329,-0.2921,0.9691,sell
2024-06-25,33.7753,10122800,33.9941,34.1856,33.7480,-0.0109,0.0349,0.0286,0.0163,-0.0133,53.3557,0.0179,-0.0080,0.0036,0.6390,0.5152,1.3977,hold
2024-06-26,33.6295,7307700,33.5657,33.8118,33.3833,-0.0043,0.0088,0.0339,0.0086,-0.0180,52.1311,0.0176,-0.0071,0.0036,0.6020,-0.2781,0.9976,buy
2024-06-27,34.4955,8263100,33.7298,34.5320,33.4927,0.0258,0.0330,0.0280,0.0316,0.0059,60.3801,0.0166,-0.0041,0.0050,0.9569,0.1307,1.1131,buy
2024-06-28,35.4162,9600200,34.6414,35.4527,34.5593,0.0267,0.0560,0.0685,0.0520,0.0307,67.6316,0.0172,0.0002,0.0073,1.1518,0.1618,1.2831,buy
2024-07-01,35.7809,9190100,35.3889,35.8629,35.3889,0.0103,0.0478,0.1084,0.0519,0.0391,70.5733,0.0128,0.0043,0.0091,1.1323,-0.0427,1.2384,buy
2024-07-02,36.0635,7761300,35.5986,36.0726,35.4254,0.0079,0.0677,0.1050,0.0496,0.0456,74.8082,0.0128,0.0081,0.0102,1.0744,-0.1555,1.0431,sell
2024-07-03,35.4345,3976700,36.2094,36.2094,35.4254,-0.0174,0.0537,0.0629,0.0251,0.0266,63.9567,0.0147,0.0097,0.0095,0.8738,-0.4876,0.5464,sell
2024-07-05,34.8419,5002100,35.4892,35.5256,34.6961,-0.0167,0.0100,0.0434,0.0037,0.0095,62.2692,0.0164,0.0096,0.0075,0.7196,0.2579,0.6937,hold
2024-07-08,34.8693,4137500,35.0425,35.2339,34.6687,0.0008,-0.0154,0.0397,0.0007,0.0103,71.3213,0.0165,0.0093,0.0058,0.7052,-0.1728,0.5766,buy
2024-07-09,35.4709,5618100,34.5867,35.5986,34.5046,0.0173,-0.0087,0.0387,0.0141,0.0270,72.4387,0.0164,0.0102,0.0054,0.8030,0.3578,0.7785,buy
2024-07-10,35.7900,4425300,35.3616,35.7991,35.3251,0.0090,-0.0076,0.0596,0.0174,0.0353,70.6605,0.0155,0.0115,0.0054,0.8329,-0.2123,0.6217,buy
2024-07-11,36.8201,6296400,36.1091,36.9022,36.0088,0.0288,0.0391,0.0949,0.0372,0.0637,74.8021,0.0166,0.0144,0.0067,0.9777,0.4228,0.8875,hold
2024-07-12,36.9295,5139300,36.8293,37.2121,36.5831,0.0030,0.0599,0.0706,0.0332,0.0649,74.6684,0.0156,0.0169,0.0074,0.9314,-0.1838,0.7433,buy
2024-07-15,37.7409,8437100,37.5038,37.9141,37.1757,0.0220,0.0824,0.0656,0.0491,0.0861,75.3866,0.0150,0.0200,0.0086,0.9929,0.6417,1.2177,buy
2024-07-16,38.6889,6928900,37.8594,38.8348,37.7044,0.0251,0.0907,0.0813,0.0668,0.1107,82.1216,0.0161,0.0239,0.0102,1.0571,-0.1788,0.9947,buy
2024-07-17,39.2906,8814300,38.0964,39.4547,37.9597,0.0156,0.0978,0.0895,0.0739,0.1252,84.9269,0.0163,0.0279,0.0115,1.0514,0.2721,1.2326,sell
2024-07-18,38.6889,13300800,38.9807,39.6188,38.3699,-0.0153,0.0508,0.0918,0.0481,0.1059,76.7442,0.0159,0.0302,0.0109,0.9105,0.5090,1.8108,hold
2024-07-19,38.6616,9976100,38.8530,39.0809,38.3608,-0.0007,0.0469,0.1096,0.0366,0.1029,73.3596,0.0137,0.0313,0.0096,0.8651,-0.2500,1.3265,buy
2024-07-22,39.9105,12943700,39.1812,40.2387,38.3334,0.0323,0.0575,0.1446,0.0559,0.1356,76.3679,0.0148,0.0333,0.0098,0.9671,0.2975,1.6818,buy
2024-07-23,40.2478,7183800,39.8832,40.4575,39.6917,0.0085,0.0403,0.1347,0.0515,0.1422,76.5318,0.0148,0.0356,0.0099,0.9442,-0.4450,0.9304,sell
2024-07-24,39.7555,7366800,40.0017,40.4028,39.5550,-0.0122,0.0118,0.1108,0.0280,0.1259,77.8823,0.0168,0.0367,0.0085,0.8474,0.0255,0.9714,buy
2024-07-25,40.2205,9070400,39.7555,40.8221,39.6279,0.0117,0.0396,0.0923,0.0309,0.1361,85.2870,0.0156,0.0373,0.0076,0.8692,0.2313,1.1823,buy
2024-07-26,40.4939,7274600,40.2843,40.6945,40.0928,0.0068,0.0474,0.0965,0.0286,0.1409,85.7473,0.0155,0.0380,0.0067,0.8634,-0.1980,0.9544,hold
2024-07-29,40.5304,7302100,40.7310,40.8039,40.2296,0.0009,0.0155,0.0739,0.0222,0.1394,84.6441,0.0150,0.0383,0.0057,0.8300,0.0038,0.9727,buy
2024-07-30,40.9680,6492500,40.8404,41.0865,40.6216,0.0108,0.0179,0.0589,0.0274,0.1489,84.8893,0.0138,0.0386,0.0050,0.8422,-0.1109,0.8807,sell
2024-07-31,40.7401,8422900,41.0227,41.3053,40.7218,-0.0056,0.0248,0.0369,0.0179,0.1398,79.6142,0.0137,0.0385,0.0038,0.7844,0.2973,1.1374,sell
2024-08-01,39.5185,9276900,40.8039,40.9042,39.3453,-0.0300,-0.0175,0.0214,-0.0146,0.1032,66.7452,0.0165,0.0365,0.0006,0.6234,0.1014,1.2094,sell
2024-08-02,38.3972,10710400,38.8530,38.9260,37.5677,-0.0284,-0.0518,-0.0068,-0.0419,0.0704,54.0816,0.0191,0.0322,-0.0038,0.4610,0.1545,1.3462,sell
2024-08-05,37.5403,8756100,37.2121,38.1329,36.3917,-0.0223,-0.0738,-0.0594,-0.0578,0.0453,42.7752,0.0163,0.0265,-0.0083,0.3062,-0.1825,1.0695,buy
2024-08-06,37.9688,7614900,37.6041,38.4246,37.3306,0.0114,-0.0732,-0.0566,-0.0415,0.0554,41.5006,0.0166,0.0218,-0.0101,0.3339,-0.1303,0.9189,sell
2024-08-07,37.4674,6245000,38.6342,38.8986,37.3671,-0.0132,-0.0803,-0.0576,-0.0487,0.0401,42.0427,0.0167,0.0172,-0.0120,0.2042,-0.1799,0.7454,buy
2024-08-08,38.3517,5706500,37.7864,38.5157,37.7591,0.0236,-0.0295,-0.0465,-0.0216,0.0623,48.1837,0.0184,0.0148,-0.0110,0.3463,-0.0862,0.6836,hold
2024-08-09,38.3609,6236400,38.3424,38.5086,38.2224,0.0002,-0.0009,-0.0527,-0.0160,0.0601,39.3760,0.0181,0.0130,-0.0102,0.3195,0.0929,0.7422,sell
2024-08-12,38.0471,7869800,38.6009,39.0808,37.8901,-0.0082,0.0135,-0.0613,-0.0178,0.0490,34.8632,0.0179,0.0110,-0.0100,0.2424,0.2619,0.9397,buy
2024-08-13,38.4809,5910900,38.4532,38.5086,38.0194,0.0114,0.0135,-0.0607,-0.0002,0.0586,41.1619,0.0180,0.0099,-0.0086,0.3432,-0.2489,0.7101,hold
2024-08-14,38.6747,3806800,38.6747,38.7393,38.3516,0.0050,0.0322,-0.0507,0.0103,0.0611,38.8635,0.0184,0.0094,-0.0072,0.3939,-0.3560,0.4715,buy
2024-08-15,39.1085,6438600,39.2285,39.6347,39.0439,0.0112,0.0197,-0.0104,0.0227,0.0696,40.2441,0.0167,0.0098,-0.0054,0.4858,0.6913,0.8329,hold
2024-08-16,39.2562,4183500,39.0532,39.4593,39.0255,0.0038,0.0233,0.0224,0.0243,0.0702,41.1656,0.0136,0.0103,-0.0038,0.5122,-0.3502,0.5623,buy
2024-08-19,39.6439,8338700,39.3024,39.6531,39.3024,0.0099,0.0420,0.0560,0.0287,0.0770,40.7557,0.0106,0.0113,-0.0022,0.6031,0.9932,1.1565,sell
2024-08-20,39.0070,5151200,39.4408,39.4408,38.9147,-0.0161,0.0137,0.0273,0.0095,0.0563,38.5540,0.0124,0.0109,-0.0022,0.4722,-0.3823,0.7246,sell
2024-08-21,38.8501,8700800,39.1824,39.2747,38.3332,-0.0040,0.0045,0.0369,0.0019,0.0486,44.8630,0.0113,0.0100,-0.0025,0.4458,0.6891,1.2126,sell
2024-08-22,38.6470,12283600,38.9332,39.2747,38.5824,-0.0052,-0.0118,0.0077,-0.0041,0.0397,52.2351,0.0092,0.0088,-0.0030,0.4142,0.4118,1.6744,buy
2024-08-23,40.4654,10157900,38.9239,40.4931,38.8224,0.0471,0.0308,0.0549,0.0371,0.0846,72.3314,0.0172,0.0110,-0.0003,0.8540,-0.1731,1.3580,buy
2024-08-26,40.8161,10295300,40.6131,40.9361,40.5392,0.0087,0.0296,0.0728,0.0387,0.0895,71.9991,0.0166,0.0134,0.0018,0.9255,0.0135,1.3493,sell
2024-08-27,40.5300,6847800,40.7423,40.9823,40.3269,-0.0070,0.0390,0.0533,0.0261,0.0771,74.4763,0.0171,0.0148,0.0025,0.8768,-0.3349,0.8954,hold
2024-08-28,40.5577,4632000,40.4285,40.7884,40.2992,0.0007,0.0440,0.0487,0.0219,0.0733,70.4273,0.0171,0.0157,0.0027,0.8919,-0.3236,0.6211,hold
2024-08-29,40.5300,3669700,40.7607,40.8807,40.2162,-0.0007,0.0487,0.0363,0.0176,0.0685,70.0170,0.0170,0.0162,0.0026,0.8539,-0.2078,0.5113,buy
2024-08-30,41.0376,6565400,40.7146,41.0746,40.6684,0.0125,0.0141,0.0454,0.0257,0.0776,76.6447,0.0173,0.0172,0.0030,0.9123,0.7891,0.9419,sell
2024-09-03,40.8161,7204100,40.6961,41.3146,40.6777,-0.0054,0.0000,0.0296,0.0172,0.0677,71.6239,0.0174,0.0176,0.0026,0.8305,0.0973,1.0451,sell
2024-09-04,40.2623,8083100,40.7423,41.0746,39.9393,-0.0136,-0.0066,0.0322,0.0003,0.0498,63.7821,0.0171,0.0167,0.0013,0.6867,0.1220,1.1687,sell
2024-09-05,39.8285,5853600,40.5854,40.6407,39.6808,-0.0108,-0.0180,0.0252,-0.0129,0.0352,56.2500,0.0176,0.0150,-0.0005,0.5668,-0.2758,0.8487,sell
2024-09-06,38.8224,8589000,39.8746,40.1977,38.5916,-0.0253,-0.0421,0.0045,-0.0383,0.0064,46.7224,0.0196,0.0116,-0.0034,0.3022,0.4673,1.2199,buy
2024-09-09,39.3208,8392100,39.1454,39.5147,38.9885,0.0128,-0.0418,-0.0283,-0.0231,0.0167,47.5994,0.0122,0.0094,-0.0043,0.4151,-0.0229,1.1739,sell
2024-09-10,38.6932,9250900,39.4408,39.4500,38.2963,-0.0160,-0.0520,-0.0520,-0.0336,-0.0012,47.6648,0.0121,0.0066,-0.0060,0.2223,0.1023,1.2817,sell
2024-09-11,38.4440,7447500,38.2593,38.5270,37.5394,-0.0064,-0.0452,-0.0515,-0.0348,-0.0090,47.0190,0.0121,0.0036,-0.0072,0.1529,-0.1949,1.0210,hold
2024-09-12,38.4255,7471400,38.4440,38.7209,38.1394,-0.0005,-0.0352,-0.0526,-0.0301,-0.0107,48.3287,0.0120,0.0012,-0.0077,0.1575,0.0032,0.9991,buy
2024-09-13,38.6193,9629600,38.6378,38.9608,38.3886,0.0050,-0.0052,-0.0471,-0.0205,-0.0073,31.5498,0.0124,-0.0003,-0.0073,0.2252,0.2889,1.2609,buy
2024-09-16,38.8870,10725500,38.8778,39.1085,38.7024,0.0069,-0.0110,-0.0524,-0.0083,-0.0025,30.3940,0.0116,-0.0009,-0.0063,0.3055,0.1138,1.3467,sell
2024-09-17,38.6562,7495400,39.1178,39.3208,38.4716,-0.0059,-0.0010,-0.0529,-0.0087,-0.0103,30.7401,0.0116,-0.0019,-0.0058,0.2629,-0.3012,0.9461,hold
2024-09-18,38.7855,6707800,38.6193,39.4777,38.4716,0.0033,0.0089,-0.0367,-0.0016,-0.0087,32.1561,0.0116,-0.0023,-0.0050,0.3013,-0.1051,0.8385,buy
2024-09-19,39.6254,10786400,39.4131,39.9577,39.2285,0.0217,0.0312,-0.0051,0.0205,0.0108,42.1725,0.0137,-0.0009,-0.0028,0.5097,0.6080,1.3309,sell
2024-09-20,39.0624,12828800,39.4408,39.5147,38.8039,-0.0142,0.0115,0.0062,0.0054,-0.0047,33.0696,0.0118,-0.0010,-0.0023,0.3530,0.1893,1.5776,hold
2024-09-23,38.9424,6994200,39.1178,39.3670,38.7670,-0.0031,0.0014,-0.0096,0.0033,-0.0088,33.6553,0.0110,-0.0012,-0.0021,0.3393,-0.4548,0.8772,sell
2024-09-24,38.7486,5427600,38.8316,39.1824,38.5178,-0.0050,0.0024,0.0014,-0.0018,-0.0142,35.9106,0.0098,-0.0018,-0.0022,0.3070,-0.2240,0.7021,sell
2024-09-25,38.5178,5834300,38.6470,38.7855,38.2593,-0.0060,-0.0069,0.0019,-0.0080,-0.0200,37.3213,0.0098,-0.0028,-0.0025,0.2655,0.0749,0.7597,buy
2024-09-26,39.0716,6132500,38.9793,39.2193,38.5363,0.0144,-0.0140,0.0168,0.0046,-0.0058,52.6419,0.0107,-0.0023,-0.0016,0.4439,0.0511,0.7908,buy
2024-09-27,39.2470,5329400,39.2285,39.4593,38.7762,0.0045,0.0047,0.0163,0.0075,-0.0016,49.1597,0.0107,-0.0016,-0.0007,0.5185,-0.1310,0.6800,buy
2024-09-30,39.4777,4666100,39.0716,39.5054,38.8039,0.0059,0.0137,0.0152,0.0119,0.0038,59.8153,0.0107,-0.0005,0.0003,0.6452,-0.1245,0.6027,sell
2024-10-01,38.5086,7834900,39.2378,39.3024,38.1486,-0.0245,-0.0062,-0.0038,-0.0126,-0.0201,50.6850,0.0134,-0.0017,-0.0007,0.2543,0.6791,1.0078,hold
2024-10-02,38.5547,5736200,38.3609,39.0531,38.3609,0.0012,0.0010,-0.0059,-0.0108,-0.0181,51.3619,0.0133,-0.0025,-0.0012,0.2807,-0.2679,0.7492,sell
2024-10-03,38.2963,5646400,38.3609,38.4809,37.9178,-0.0067,-0.0198,-0.0335,-0.0141,-0.0240,46.6411,0.0109,-0.0036,-0.0019,0.1336,-0.0157,0.7384,buy
2024-10-04,39.1270,5650800,38.9701,39.3301,38.7578,0.0217,-0.0031,0.0017,0.0072,-0.0022,52.2336,0.0127,-0.0027,-0.0008,0.6850,0.0008,0.7535,sell
2024-10-07,38.7670,7170600,39.0716,39.2747,38.4255,-0.0092,-0.0180,-0.0045,-0.0017,-0.0105,51.0067,0.0130,-0.0027,-0.0006,0.4609,0.2690,0.9640,hold
2024-10-08,38.8870,5717200,38.9885,39.2101,38.6747,0.0031,0.0098,0.0036,0.0011,-0.0066,50.9243,0.0129,-0.0025,-0.0003,0.5382,-0.2027,0.7873,buy
2024-10-09,39.3485,5570600,38.8870,39.6070,38.8685,0.0119,0.0206,0.0216,0.0108,0.0060,47.2924,0.0132,-0.0013,0.0007,0.8257,-0.0256,0.7772,hold
2024-10-10,39.2193,5727700,39.2101,39.5423,39.0993,-0.0033,0.0241,0.0038,0.0071,0.0035,51.6765,0.0126,-0.0006,0.0011,0.7140,0.0282,0.8089,buy
2024-10-11,39.9300,15639400,39.4870,40.1423,39.4593,0.0181,0.0205,0.0174,0.0235,0.0214,59.3695,0.0137,0.0013,0.0024,1.0758,1.7305,2.1188,buy
2024-10-14,40.2346,11344500,39.9669,40.4561,39.6993,0.0076,0.0379,0.0192,0.0294,0.0282,63.8079,0.0138,0.0034,0.0036,1.0966,-0.2746,1.5306,buy
2024-10-15,40.5300,12720900,40.5208,41.1576,40.4377,0.0073,0.0423,0.0525,0.0316,0.0342,68.4746,0.0102,0.0056,0.0046,1.0907,0.1213,1.6578,buy
2024-10-16,41.1023,11453000,40.9177,41.4715,40.7054,0.0141,0.0446,0.0661,0.0394,0.0471,68.5811,0.0105,0.0082,0.0058,1.1357,-0.0997,1.4478,sell
2024-10-17,39.6439,13570400,40.7146,40.7977,39.6439,-0.0355,0.0108,0.0352,-0.0009,0.0089,52.9412,0.0166,0.0077,0.0042,0.6321,0.1849,1.6858,buy
2024-10-18,40.3085,7666500,40.1608,40.4192,39.5147,0.0168,0.0095,0.0302,0.0128,0.0248,55.7841,0.0161,0.0082,0.0037,0.8242,-0.4351,0.9839,sell
2024-10-21,39.1639,6925800,39.9669,40.2162,39.0901,-0.0284,-0.0266,0.0102,-0.0169,-0.0047,54.4542,0.0187,0.0065,0.0015,0.4437,-0.0966,0.8893,buy
2024-10-22,40.0500,13622700,39.2654,40.2346,38.9424,0.0226,-0.0118,0.0299,0.0024,0.0167,59.1216,0.0199,0.0065,0.0014,0.7145,0.9669,1.6617,hold
2024-10-23,40.0962,5139600,39.8469,40.2254,39.6900,0.0012,-0.0245,0.0190,0.0017,0.0171,61.2716,0.0196,0.0067,0.0012,0.7077,-0.6227,0.6296,hold
2024-10-24,40.0777,5492900,40.2715,40.2715,39.5885,-0.0005,0.0109,0.0219,-0.0009,0.0159,56.6281,0.0196,0.0067,0.0010,0.6833,0.0687,0.6755,sell
2024-10-25,39.3485,5868700,40.5854,40.5854,39.2470,-0.0182,-0.0238,-0.0146,-0.0177,-0.0027,53.8556,0.0197,0.0053,-0.0004,0.4381,0.0684,0.7194,buy
2024-10-28,39.9577,4980400,39.6070,40.0408,39.4131,0.0155,0.0203,-0.0069,-0.0018,0.0124,56.6667,0.0202,0.0052,-0.0003,0.6328,-0.1514,0.6093,hold
2024-10-29,39.7731,4795100,39.8931,39.9669,39.6070,-0.0046,-0.0069,-0.0187,-0.0045,0.0076,52.7381,0.0201,0.0048,-0.0006,0.5534,-0.0372,0.5977,hold
2024-10-30,39.9762,7066000,39.4593,40.4377,39.4593,0.0051,-0.0030,-0.0274,0.0034,0.0123,54.8349,0.0195,0.0048,-0.0005,0.6061,0.4736,0.8736,sell
2024-10-31,39.7362,5773700,39.7362,40.2438,39.7270,-0.0060,-0.0085,0.0023,-0.0028,0.0057,48.6826,0.0158,0.0042,-0.0008,0.4881,-0.1829,0.7133,sell
2024-11-01,39.5239,6304900,39.9946,40.3085,39.4685,-0.0053,0.0045,-0.0195,-0.0062,-0.0001,45.1080,0.0148,0.0034,-0.0014,0.3856,0.0920,0.7757,sell
2024-11-04,38.8316,5321400,39.4593,39.4962,38.8039,-0.0175,-0.0282,-0.0085,-0.0228,-0.0168,38.9156,0.0129,0.0013,-0.0029,0.0750,-0.1560,0.6623,buy
2024-11-05,39.0624,5769700,38.9978,39.4316,38.9147,0.0059,-0.0179,-0.0247,-0.0145,-0.0101,36.0656,0.0104,0.0000,-0.0033,0.1657,0.0842,0.7178,buy
2024-11-06,43.3821,34314800,41.5361,43.4098,41.3884,0.1106,0.0852,0.0820,0.0855,0.0978,68.3590,0.0373,0.0071,0.0033,1.3802,4.9474,3.6217,sell
2024-11-07,42.6437,13679300,42.7545,42.9114,42.1637,-0.0170,0.0732,0.0640,0.0602,0.0780,61.3861,0.0381,0.0114,0.0060,1.0579,-0.6014,1.3856,hold
2024-11-08,42.2143,9361900,42.6437,42.9704,42.1583,-0.0101,0.0681,0.0728,0.0421,0.0662,65.9878,0.0376,0.0138,0.0067,0.9033,-0.3156,0.9794,buy
2024-11-11,43.3532,8225300,42.8491,43.5212,42.7184,0.0270,0.1164,0.0850,0.0613,0.0937,66.8659,0.0380,0.0172,0.0082,1.0280,-0.1214,0.8748,hold
2024-11-12,43.5586,7005700,42.9798,43.5772,42.9611,0.0047,0.1151,0.0952,0.0565,0.0974,67.3961,0.0378,0.0202,0.0090,0.9798,-0.1483,0.7684,hold
2024-11-13,43.4185,8308800,43.6986,44.4081,43.3999,-0.0032,0.0008,0.0861,0.0444,0.0921,66.5826,0.0380,0.0222,0.0088,0.9064,0.1860,0.9274,hold
2024-11-14,43.1758,5377700,43.4559,43.5866,42.9238,-0.0056,0.0125,0.0866,0.0300,0.0842,69.9613,0.0380,0.0232,0.0078,0.8302,-0.3528,0.6290,hold
2024-11-15,43.4559,5665100,43.1665,43.8293,43.1011,0.0065,0.0294,0.0995,0.0271,0.0887,68.8933,0.0377,0.0239,0.0069,0.8315,0.0534,0.6704,hold
2024-11-18,43.6799,5175000,43.3159,43.9040,43.2692,0.0052,0.0075,0.1249,0.0207,0.0919,71.0110,0.0365,0.0247,0.0061,0.8251,-0.0865,0.6188,hold
2024-11-19,43.5306,6408400,43.0265,43.7079,42.9798,-0.0034,-0.0006,0.1144,0.0067,0.0856,69.2266,0.0368,0.0248,0.0050,0.7752,0.2383,0.8009,hold
2024-11-20,43.1105,11326800,43.6333,44.0347,43.0358,-0.0097,-0.0071,-0.0063,-0.0024,0.0726,67.9035,0.0123,0.0241,0.0033,0.6993,0.7675,1.3629,buy
2024-11-21,43.6986,9356000,43.2785,44.0160,43.1852,0.0136,0.0121,0.0247,0.0087,0.0844,71.3010,0.0115,0.0238,0.0026,0.7500,-0.1740,1.1002,buy
2024-11-22,44.7722,8587600,43.7453,44.8655,43.7173,0.0246,0.0303,0.0606,0.0275,0.1076,79.1757,0.0125,0.0249,0.0034,0.8500,-0.0821,0.9939,hold
2024-11-25,44.9029,9813600,45.1456,45.7991,44.8749,0.0029,0.0280,0.0357,0.0268,0.1076,78.9689,0.0100,0.0261,0.0037,0.8291,0.1428,1.1049,sell
2024-11-26,44.5294,7296500,44.9589,45.0802,44.5108,-0.0083,0.0229,0.0223,0.0160,0.0952,59.3517,0.0107,0.0264,0.0030,0.7564,-0.2565,0.8101,hold
2024-11-27,44.5761,6619800,44.8562,45.0989,44.5575,0.0010,0.0340,0.0267,0.0144,0.0932,67.7530,0.0105,0.0262,0.0023,0.7385,-0.0927,0.7368,hold
2024-11-29,44.5108,4588400,44.8188,44.9122,44.3801,-0.0015,0.0186,0.0309,0.0098,0.0890,72.6102,0.0103,0.0256,0.0014,0.7099,-0.3069,0.5141,sell
2024-12-02,43.8573,8346000,44.7161,44.7815,43.7173,-0.0147,-0.0204,0.0092,-0.0059,0.0705,55.4877,0.0116,0.0241,-0.0005,0.5997,0.8189,0.9245,sell
2024-12-03,43.3439,6863000,43.7733,43.9320,43.1291,-0.0117,-0.0347,-0.0077,-0.0168,0.0557,47.8095,0.0121,0.0216,-0.0026,0.4809,-0.1777,0.7538,sell
2024-12-04,43.1478,5702000,43.4746,43.5492,42.9051,-0.0045,-0.0310,-0.0088,-0.0204,0.0487,47.2694,0.0122,0.0189,-0.0043,0.3245,-0.1692,0.6265,buy
2024-12-05,44.0347,6923500,43.3719,44.2867,43.1945,0.0206,-0.0121,0.0214,-0.0023,0.0674,57.6666,0.0134,0.0178,-0.0040,0.6268,0.2142,0.8955,hold
2024-12-06,44.1187,4849000,44.0814,44.4548,43.6706,0.0019,-0.0088,0.0096,-0.0014,0.0668,56.1313,0.0128,0.0171,-0.0037,0.6377,-0.2996,0.6652,sell
2024-12-09,43.6893,7355900,44.0627,44.3334,43.6706,-0.0097,-0.0038,-0.0242,-0.0087,0.0542,50.0832,0.0101,0.0158,-0.0041,0.4408,0.5170,1.0231,sell
2024-12-10,43.3719,10123700,43.7266,44.5855,43.3345,-0.0073,0.0006,-0.0341,-0.0124,0.0445,48.6268,0.0100,0.0140,-0.0049,0.2998,0.3763,1.3897,sell
2024-12-11,42.6250,10208600,43.6893,43.7266,42.6250,-0.0172,-0.0121,-0.0428,-0.0252,0.0245,46.0245,0.0109,0.0111,-0.0065,0.0379,0.0084,1.3712,hold
2024-12-12,42.6811,8251100,42.6717,42.8024,42.0929,0.0013,-0.0307,-0.0425,-0.0197,0.0238,40.8710,0.0109,0.0087,-0.0071,0.1024,-0.1918,1.1087,hold
2024-12-13,42.7371,8230900,42.7464,42.8864,42.4010,0.0013,-0.0313,-0.0398,-0.0144,0.0230,27.6640,0.0110,0.0068,-0.0072,0.1456,-0.0024,1.0852,sell
2024-12-16,42.2796,11068400,42.7931,42.8397,42.1489,-0.0107,-0.0323,-0.0360,-0.0214,0.0105,23.1357,0.0106,0.0044,-0.0078,0.0474,0.3447,1.4091,sell
2024-12-17,42.1303,7813900,41.9529,42.4570,41.6915,-0.0035,-0.0286,-0.0280,-0.0221,0.0053,24.2485,0.0102,0.0021,-0.0081,0.0655,-0.2940,0.9784,sell
2024-12-18,40.2445,8981400,42.2330,42.4197,40.2072,-0.0448,-0.0558,-0.0673,-0.0595,-0.0403,16.6666,0.0168,-0.0034,-0.0113,-0.2080,0.1494,1.1067,sell
2024-12-19,39.7218,7541800,40.7020,40.9447,39.5724,-0.0130,-0.0693,-0.0979,-0.0623,-0.0529,15.5704,0.0138,-0.0089,-0.0135,-0.1331,-0.1603,0.9515,buy
2024-12-20,40.4406,14849800,39.4977,40.7766,39.4697,0.0181,-0.0537,-0.0834,-0.0369,-0.0363,25.6649,0.0161,-0.0114,-0.0128,0.0655,0.9690,1.8108,buy
2024-12-23,40.6460,5013600,40.1418,40.6646,40.0578,0.0051,-0.0386,-0.0697,-0.0250,-0.0318,29.9026,0.0167,-0.0129,-0.0114,0.1422,-0.6624,0.6250,buy
2024-12-24,41.0660,1742200,40.6460,41.0660,40.5059,0.0103,-0.0253,-0.0532,-0.0094,-0.0222,34.9932,0.0176,-0.0131,-0.0092,0.2358,-0.6525,0.2287,hold
2024-12-26,41.0754,2877100,40.7673,41.1407,40.6460,0.0002,0.0206,-0.0364,-0.0055,-0.0222,25.5779,0.0171,-0.0131,-0.0074,0.2617,0.6514,0.3889,sell
2024-12-27,40.7673,3307200,40.7860,41.3554,40.5713,-0.0075,0.0263,-0.0448,-0.0084,-0.0294,23.3284,0.0171,-0.0137,-0.0064,0.2363,0.1495,0.4573,sell
2024-12-30,40.4873,3432500,40.4312,40.7393,40.0392,-0.0069,0.0012,-0.0526,-0.0097,-0.0364,23.8965,0.0170,-0.0145,-0.0057,0.2152,0.0379,0.4785,hold
2024-12-31,40.4966,5316200,40.7020,40.8887,40.3659,0.0002,-0.0037,-0.0422,-0.0052,-0.0363,25.3206,0.0169,-0.0149,-0.0049,0.2431,0.5488,0.7570,hold
2025-01-02,40.4499,5056600,40.8327,41.1501,40.2725,-0.0012,-0.0150,-0.0399,-0.0022,-0.0380,28.7796,0.0169,-0.0152,-0.0041,0.2601,-0.0488,0.7294,buy
2025-01-03,41.1687,5156400,40.6740,41.2061,40.1979,0.0178,0.0023,0.0230,0.0132,-0.0214,36.9355,0.0105,-0.0136,-0.0022,0.4022,0.0197,0.7468,hold
2025-01-06,41.1687,6246400,41.6355,42.0556,41.0847,0.0000,0.0098,0.0364,0.0096,-0.0219,36.3192,0.0091,-0.0124,-0.0007,0.4219,0.2114,0.9091,sell
2025-01-07,41.0474,7067400,41.6822,41.7755,40.8233,-0.0029,0.0138,0.0150,0.0051,-0.0252,38.5813,0.0077,-0.0115,0.0001,0.4190,0.1314,1.0122,hold
2025-01-08,41.0287,5727100,41.0380,41.3088,40.5619,-0.0005,0.0131,0.0094,0.0037,-0.0265,39.5390,0.0077,-0.0107,0.0007,0.4368,-0.1896,0.8299,sell
2025-01-10,39.9365,8002200,40.4406,40.5899,39.7404,-0.0266,-0.0127,-0.0275,-0.0203,-0.0524,46.5553,0.0109,-0.0125,-0.0006,0.1791,0.3973,1.1777,buy
2025-01-13,40.2539,8693000,39.8524,40.3005,39.7964,0.0079,-0.0222,-0.0200,-0.0105,-0.0451,56.2364,0.0114,-0.0127,-0.0007,0.2854,0.0863,1.2938,buy
2025-01-14,40.9914,10297800,40.6086,41.0660,40.3659,0.0183,-0.0043,0.0055,0.0071,-0.0280,56.4270,0.0128,-0.0112,0.0005,0.5277,0.1846,1.5097,buy
2025-01-15,42.3730,7973700,42.1676,42.5504,41.9809,0.0337,0.0323,0.0466,0.0362,0.0035,65.8120,0.0162,-0.0071,0.0033,1.0160,-0.2257,1.1712,sell
2025-01-16,41.9902,11164600,41.9529,42.4663,41.4861,-0.0090,0.0234,0.0369,0.0231,-0.0067,58.5198,0.0167,-0.0049,0.0045,0.9031,0.4002,1.6387,buy
2025-01-17,44.4828,15704900,43.8946,44.5761,43.4559,0.0594,0.1138,0.0997,0.0733,0.0494,71.5467,0.0241,0.0016,0.0084,1.3450,0.4067,2.1789,hold
2025-01-21,44.7068,10278500,44.8095,45.3043,44.5668,0.0050,0.1106,0.0859,0.0696,0.0519,75.1790,0.0239,0.0069,0.0109,1.1673,-0.3455,1.4133,sell
2025-01-22,43.8853,9029100,44.5575,44.5668,43.3252,-0.0184,0.0706,0.0660,0.0432,0.0323,70.3125,0.0253,0.0096,0.0109,0.9438,-0.1216,1.2290,hold
2025-01-23,43.6519,6453200,43.9226,44.0907,43.4559,-0.0053,0.0302,0.0635,0.0312,0.0263,68.3696,0.0254,0.0112,0.0100,0.8562,-0.2853,0.9316,hold
2025-01-24,43.8760,6377300,43.4092,44.0533,43.3625,0.0051,0.0449,0.0694,0.0296,0.0308,69.5421,0.0253,0.0126,0.0091,0.8505,-0.0118,0.9117,buy
2025-01-27,44.4454,4999800,44.0440,44.4548,43.9226,0.0130,-0.0008,0.1129,0.0320,0.0436,69.0141,0.0224,0.0144,0.0088,0.8895,-0.2160,0.6985,sell
2025-01-28,44.1280,3848100,44.3054,44.5574,43.7173,-0.0071,-0.0129,0.0962,0.0155,0.0359,66.5622,0.0231,0.0154,0.0078,0.8060,-0.2303,0.5340,hold
2025-01-29,44.2867,5712500,44.1094,44.9869,44.1000,0.0036,0.0091,0.0804,0.0115,0.0392,68.0541,0.0230,0.0161,0.0068,0.7963,0.4845,0.7797,buy
2025-01-30,44.8282,7772400,44.8095,45.2296,44.5481,0.0122,0.0269,0.0579,0.0182,0.0511,70.0098,0.0212,0.0173,0.0065,0.8355,0.3606,1.0303,sell
2025-01-31,44.4548,12372000,44.8748,45.1456,44.2961,-0.0083,0.0132,0.0587,0.0041,0.0419,75.7446,0.0212,0.0176,0.0054,0.7560,0.5918,1.5667,sell
2025-02-03,43.7733,7494100,43.5492,44.0067,42.7931,-0.0153,-0.0151,-0.0159,-0.0097,0.0258,69.2543,0.0110,0.0166,0.0034,0.6404,-0.3943,0.9346,buy
2025-02-04,44.2307,4684500,43.7733,44.4081,43.7359,0.0104,0.0023,-0.0106,0.0017,0.0362,68.2824,0.0114,0.0161,0.0024,0.6875,-0.3749,0.5859,buy
2025-02-05,44.5014,4238800,44.5948,44.6321,43.9600,0.0061,0.0048,0.0140,0.0064,0.0419,63.7349,0.0098,0.0160,0.0019,0.7060,-0.0951,0.5369,buy
2025-02-06,44.9495,13659300,44.9869,45.0429,44.3147,0.0101,0.0027,0.0297,0.0136,0.0518,68.9367,0.0098,0.0165,0.0020,0.7490,2.2224,1.6609,sell
2025-02-07,44.5108,8008300,44.9962,45.0616,44.3241,-0.0098,0.0013,0.0145,0.0022,0.0416,50.2431,0.0106,0.0162,0.0013,0.6619,-0.4137,0.9604,sell
2025-02-10,44.0160,6494800,44.5108,44.5481,43.8200,-0.0111,0.0055,-0.0097,-0.0079,0.0305,44.2725,0.0104,0.0149,-0.0001,0.5579,-0.1890,0.7860,buy
2025-02-11,44.1934,5957500,43.8573,44.3521,43.6613,0.0040,-0.0008,0.0015,-0.0041,0.0348,52.8596,0.0103,0.0139,-0.0009,0.5695,-0.0827,0.7331,sell
2025-02-12,43.2972,5553600,43.6426,43.7359,43.0451,-0.0203,-0.0271,-0.0223,-0.0221,0.0144,47.0679,0.0120,0.0116,-0.0028,0.2572,-0.0678,0.7040,hold
2025-02-13,43.3719,4566300,43.3999,43.5586,43.0358,0.0017,-0.0351,-0.0325,-0.0172,0.0167,45.7278,0.0110,0.0095,-0.0039,0.2346,-0.1778,0.5916,buy
2025-02-14,44.1932,5376200,43.5418,44.2404,43.2208,0.0189,-0.0071,-0.0059,0.0020,0.0358,47.9502,0.0129,0.0092,-0.0032,0.5023,0.1774,0.7237,buy
2025-02-18,44.9485,8662000,44.2404,44.9768,43.9666,0.0171,0.0212,0.0268,0.0164,0.0527,56.2255,0.0128,0.0101,-0.0016,0.8860,0.6112,1.2240,hold
2025-02-19,44.8730,5871100,44.5425,45.0996,44.3821,-0.0017,0.0154,0.0145,0.0133,0.0501,54.5052,0.0126,0.0107,-0.0008,0.8347,-0.3222,0.8563,sell
2025-02-20,44.0422,5599900,44.8824,44.9391,43.3058,-0.0185,0.0172,-0.0103,-0.0045,0.0306,44.2171,0.0139,0.0098,-0.0016,0.4034,-0.0462,0.8377,sell
2025-02-21,43.1075,5845200,44.2593,44.2593,42.9848,-0.0212,-0.0061,-0.0410,-0.0215,0.0092,40.8440,0.0146,0.0073,-0.0035,-0.0160,0.0438,0.8784,sell
2025-02-24,42.8054,5969300,43.4474,43.4757,42.6071,-0.0070,-0.0314,-0.0383,-0.0246,0.0026,43.0645,0.0145,0.0045,-0.0051,-0.0482,0.0212,0.8998,hold
2025-02-25,42.6260,5588900,43.1358,43.4096,42.2862,-0.0042,-0.0517,-0.0316,-0.0256,-0.0013,38.0242,0.0143,0.0019,-0.0062,-0.0145,-0.0637,0.8387,hold
2025-02-26,42.8054,5120000,42.9187,43.1358,42.5883,0.0042,-0.0461,-0.0314,-0.0184,0.0029,37.1675,0.0143,0.0002,-0.0063,0.1043,-0.0839,0.7611,buy
2025-02-27,43.1547,5762900,42.9565,43.5418,42.7676,0.0082,-0.0202,-0.0033,-0.0100,0.0108,36.2141,0.0133,-0.0005,-0.0055,0.2463,0.1256,0.8563,buy
2025-02-28,43.7589,7194500,43.4757,43.7873,43.1453,0.0140,0.0151,0.0089,0.0029,0.0245,44.3683,0.0141,0.0001,-0.0039,0.4588,0.2484,1.0737,sell
2025-03-03,42.8904,8882000,43.9383,44.2971,42.5316,-0.0198,0.0020,-0.0295,-0.0140,0.0039,42.0155,0.0139,-0.0011,-0.0041,0.1990,0.2346,1.3609,sell
2025-03-04,41.3137,9627700,42.3050,42.4844,40.5490,-0.0368,-0.0308,-0.0809,-0.0423,-0.0327,32.9569,0.0156,-0.0051,-0.0066,-0.1290,0.0840,1.4515,sell
2025-03-05,40.7001,12863600,41.4459,41.9652,40.3035,-0.0149,-0.0492,-0.0930,-0.0473,-0.0472,34.0972,0.0156,-0.0095,-0.0088,-0.1140,0.3361,1.8267,sell
2025-03-06,39.8787,7319500,40.1242,40.2469,39.3311,-0.0202,-0.0759,-0.0945,-0.0573,-0.0665,30.4026,0.0157,-0.0147,-0.0112,-0.1178,-0.4310,1.0171,hold
2025-03-07,39.8315,8470700,39.6710,39.9920,38.6608,-0.0012,-0.0898,-0.0760,-0.0511,-0.0674,23.2018,0.0153,-0.0185,-0.0120,-0.0260,0.1573,1.2211,sell
2025-03-10,38.1132,11406100,38.9724,39.1234,37.4524,-0.0431,-0.1114,-0.1096,-0.0818,-0.1066,12.4481,0.0190,-0.0259,-0.0153,-0.1278,0.3465,1.6050,sell
2025-03-11,37.6790,9840900,38.0283,38.4814,37.3013,-0.0114,-0.0880,-0.1161,-0.0813,-0.1153,11.9760,0.0188,-0.0319,-0.0170,-0.0565,-0.1372,1.3529,hold
2025-03-12,37.6129,17943100,38.1510,38.3115,37.3580,-0.0018,-0.0759,-0.1213,-0.0711,-0.1154,13.0293,0.0183,-0.0363,-0.0170,0.0211,0.8233,2.2790,sell
2025-03-13,37.2730,10391100,37.8489,37.9150,37.2069,-0.0090,-0.0653,-0.1363,-0.0660,-0.1220,13.9860,0.0169,-0.0404,-0.0167,0.0574,-0.4209,1.2805,buy
2025-03-14,38.2832,13626300,37.7450,38.3587,37.5090,0.0271,-0.0389,-0.1251,-0.0273,-0.0973,24.3301,0.0196,-0.0396,-0.0133,0.1925,0.3113,1.5904,buy
2025-03-17,38.7552,8183600,38.0660,39.0479,38.0660,0.0123,0.0168,-0.0964,-0.0048,-0.0854,28.7344,0.0210,-0.0379,-0.0095,0.2626,-0.3994,0.9397,hold
2025-03-18,38.5664,10511600,38.7269,38.8874,38.2360,-0.0049,0.0236,-0.0665,-0.0027,-0.0890,26.7358,0.0188,-0.0371,-0.0069,0.2669,0.2845,1.1944,buy
2025-03-19,38.9629,8021900,38.6231,39.3028,38.3587,0.0103,0.0359,-0.0427,0.0121,-0.0787,27.1134,0.0192,-0.0347,-0.0038,0.3256,-0.2369,0.9005,hold
2025-03-20,39.0196,6124300,38.5758,39.3406,38.4909,0.0015,0.0469,-0.0215,0.0159,-0.0764,22.4781,0.0184,-0.0326,-0.0014,0.3506,-0.2366,0.6855,hold
2025-03-21,39.1045,16829400,38.8119,39.1140,38.3776,0.0022,0.0215,-0.0183,0.0200,-0.0736,25.8142,0.0185,-0.0304,0.0006,0.3780,1.7480,1.7745,buy
2025-03-24,39.7937,8635700,39.5766,39.9731,39.4350,0.0176,0.0268,0.0441,0.0335,-0.0567,39.0476,0.0123,-0.0265,0.0032,0.4743,-0.4869,0.8979,hold
2025-03-25,39.6521,9103600,39.8787,40.0581,39.5860,-0.0036,0.0282,0.0524,0.0245,-0.0599,41.8978,0.0114,-0.0239,0.0047,0.4740,0.0542,0.9296,hold
2025-03-26,39.6332,6177000,39.7465,40.3413,39.4255,-0.0005,0.0172,0.0537,0.0187,-0.0601,47.8333,0.0113,-0.0216,0.0056,0.4911,-0.3215,0.6274,sell
2025-03-27,39.0857,4854300,39.5577,39.5577,38.9440,-0.0138,0.0017,0.0486,-0.0000,-0.0722,43.9510,0.0120,-0.0209,0.0054,0.4382,-0.2141,0.4953,sell
2025-03-28,38.1982,7361300,38.8685,39.2084,38.0188,-0.0227,-0.0232,-0.0022,-0.0225,-0.0915,50.7965,0.0121,-0.0222,0.0037,0.3101,0.5164,0.7505,buy
2025-03-31,38.8496,8679200,37.9716,39.0101,37.7356,0.0171,-0.0237,0.0024,-0.0061,-0.0746,60.5442,0.0127,-0.0208,0.0037,0.4597,0.1790,0.8858,hold
2025-04-01,38.7269,6561000,38.5003,39.0385,38.1793,-0.0032,-0.0233,0.0042,-0.0096,-0.0750,59.9327,0.0127,-0.0202,0.0036,0.4545,-0.2441,0.6802,buy
2025-04-02,39.2367,8446100,38.0566,39.3028,38.0471,0.0132,-0.0100,0.0070,0.0027,-0.0604,66.9934,0.0129,-0.0181,0.0043,0.6378,0.2873,0.8962,sell
2025-04-03,34.9694,17871800,37.0936,37.4901,34.9505,-0.1088,-0.1053,-0.1038,-0.0970,-0.1590,31.6615,0.0369,-0.0282,-0.0025,-0.3060,1.1160,1.7958,sell
2025-04-04,32.8452,21423200,33.5344,33.8081,31.8255,-0.0607,-0.1401,-0.1601,-0.1379,-0.2059,22.3498,0.0398,-0.0414,-0.0112,-0.3091,0.1987,2.0211,hold
2025-04-07,33.1756,32030300,32.0993,34.7806,31.6839,0.0101,-0.1461,-0.1663,-0.1138,-0.1938,25.1090,0.0392,-0.0486,-0.0150,-0.0972,0.4951,2.7539,hold
2025-04-08,32.9679,17908100,34.2991,35.0072,32.4298,-0.0063,-0.1487,-0.1686,-0.1034,-0.1943,21.8279,0.0391,-0.0548,-0.0168,-0.0185,-0.4409,1.4881,buy
2025-04-09,35.8663,31112900,32.2787,36.0929,31.9294,0.0879,-0.0859,-0.0950,-0.0144,-0.1199,38.3053,0.0514,-0.0476,-0.0101,0.3093,0.7374,2.4513,sell
2025-04-10,33.6476,17346800,34.8183,34.9033,32.6469,-0.0619,-0.0378,-0.1391,-0.0614,-0.1700,32.5272,0.0541,-0.0531,-0.0105,0.1184,-0.4425,1.3302,hold
2025-04-11,33.4116,18557800,33.3550,33.6571,32.5903,-0.0070,0.0172,-0.1253,-0.0554,-0.1712,28.9539,0.0541,-0.0553,-0.0100,0.1405,0.0698,1.3967,buy
2025-04-14,34.1575,12193800,34.1197,34.4313,33.6288,0.0223,0.0296,-0.1208,-0.0213,-0.1483,32.5748,0.0544,-0.0532,-0.0070,0.2384,-0.3429,0.9041,hold
2025-04-15,34.4501,9309600,34.2613,34.9977,34.2613,0.0086,0.0450,-0.1104,-0.0007,-0.1370,33.8434,0.0547,-0.0507,-0.0040,0.2867,-0.2365,0.6933,hold
2025-04-16,33.9875,11090100,34.1952,34.6201,33.5438,-0.0134,-0.0524,-0.1338,0.0012,-0.1442,34.0237,0.0541,-0.0503,-0.0023,0.2687,0.1913,0.8166,hold
2025-04-17,33.8931,15140800,33.1473,34.5068,33.1095,-0.0028,0.0073,-0.0308,0.0016,-0.1420,35.8033,0.0423,-0.0492,-0.0009,0.2831,0.3653,1.0790,sell
2025-04-21,33.3361,10062600,33.5155,33.6665,33.0434,-0.0164,-0.0023,0.0149,-0.0163,-0.1511,31.7042,0.0376,-0.0498,-0.0006,0.2579,-0.3354,0.7349,buy
2025-04-22,34.3085,7413700,33.7893,34.3652,33.6760,0.0292,0.0044,0.0341,0.0090,-0.1218,36.1210,0.0385,-0.0454,0.0019,0.3651,-0.2632,0.5438,buy
2025-04-23,35.0638,8600500,35.2337,36.2628,34.9505,0.0220,0.0178,0.0636,0.0249,-0.0983,37.0911,0.0387,-0.0400,0.0051,0.4564,0.1601,0.6321,buy
2025-04-24,35.7813,8135300,34.9316,35.9607,34.7711,0.0205,0.0528,-0.0024,0.0461,-0.0759,53.2185,0.0272,-0.0337,0.0084,0.5537,-0.0541,0.5936,hold
2025-04-25,35.5642,6388900,35.5075,35.8474,35.3754,-0.0061,0.0493,0.0570,0.0340,-0.0778,62.6984,0.0168,-0.0296,0.0102,0.5535,-0.2147,0.4636,buy
2025-04-28,36.1967,10765500,35.6397,36.3100,35.5925,0.0178,0.0858,0.0834,0.0439,-0.0579,63.7222,0.0166,-0.0241,0.0120,0.6501,0.6850,0.7716,buy
2025-04-29,36.5932,10905000,35.9607,36.8481,35.9607,0.0110,0.0666,0.0713,0.0480,-0.0438,66.1889,0.0159,-0.0189,0.0135,0.7364,0.0130,0.7754,sell
2025-04-30,36.1967,7394600,35.8757,36.3289,35.4131,-0.0108,0.0323,0.0507,0.0315,-0.0498,51.9001,0.0168,-0.0158,0.0135,0.7247,-0.3219,0.5243,buy
2025-05-01,36.4327,5512100,36.1684,36.7443,36.0268,0.0065,0.0182,0.0719,0.0310,-0.0394,70.7455,0.0155,-0.0124,0.0134,0.8590,-0.2546,0.3949,buy
2025-05-02,37.2635,7950100,37.1880,37.3768,36.6971,0.0228,0.0478,0.0994,0.0446,-0.0139,76.3566,0.0158,-0.0077,0.0140,0.9550,0.4423,0.5906,hold
2025-05-05,37.1503,5954400,36.8859,37.6412,36.8387,-0.0030,0.0263,0.1144,0.0304,-0.0138,72.4187,0.0138,-0.0044,0.0139,0.8892,-0.2510,0.4693,sell
2025-05-06,36.7915,7528100,36.7065,37.2541,36.5932,-0.0097,0.0054,0.0724,0.0134,-0.0202,67.3670,0.0136,-0.0025,0.0127,0.7951,0.2643,0.6567,sell
2025-05-07,36.5460,10077400,37.0653,37.2730,36.3950,-0.0067,0.0097,0.0423,0.0026,-0.0236,69.6092,0.0131,-0.0016,0.0111,0.7298,0.3386,0.9102,buy
2025-05-08,37.3485,7294500,37.0747,37.5657,36.7443,0.0220,0.0251,0.0438,0.0202,0.0008,73.8903,0.0133,0.0010,0.0106,0.8489,-0.2762,0.7382,hold
2025-05-09,37.3198,7187600,37.5686,37.6164,37.1667,-0.0008,0.0015,0.0494,0.0146,0.0031,79.7138,0.0129,0.0028,0.0100,0.8112,-0.0147,0.7668,buy
2025-05-12,39.3384,9839100,39.0036,39.6637,38.5252,0.0541,0.0589,0.0868,0.0604,0.0599,82.4523,0.0201,0.0082,0.0120,1.0655,0.3689,1.1009,hold
2025-05-13,39.5584,6852600,39.4628,39.6924,39.2714,0.0056,0.0752,0.0810,0.0579,0.0677,81.1504,0.0201,0.0127,0.0132,1.0078,-0.3035,0.7904,hold
2025-05-14,39.4436,6462000,39.3862,39.5776,39.2332,-0.0029,0.0793,0.0897,0.0457,0.0657,77.6958,0.0194,0.0160,0.0132,0.9275,-0.0570,0.7578,hold
2025-05-15,39.3958,6487900,39.2045,39.5202,39.0705,-0.0012,0.0548,0.0813,0.0363,0.0652,79.7378,0.0196,0.0183,0.0124,0.8777,0.0040,0.7819,hold
2025-05-16,39.6063,4786100,39.3862,39.6445,39.0801,0.0053,0.0613,0.0629,0.0355,0.0710,78.3172,0.0189,0.0202,0.0114,0.8696,-0.2623,0.6152,hold
2025-05-19,39.6063,6270400,39.2332,39.6924,39.0801,0.0000,0.0068,0.0661,0.0289,0.0712,76.7884,0.0188,0.0215,0.0102,0.8500,0.3101,0.8261,sell
2025-05-20,38.9175,11772600,39.5010,39.5584,38.6879,-0.0174,-0.0162,0.0578,0.0054,0.0521,72.9946,0.0197,0.0213,0.0078,0.7280,0.8775,1.5077,sell
2025-05-21,37.4251,8347600,38.5061,38.5922,37.4251,-0.0383,-0.0512,0.0241,-0.0353,0.0119,56.9175,0.0240,0.0182,0.0034,0.4654,-0.2909,1.0708,buy
2025-05-22,37.7790,10461100,37.3390,37.9321,37.1572,0.0095,-0.0410,0.0115,-0.0273,0.0213,53.8494,0.0232,0.0155,0.0007,0.5101,0.2532,1.3222,hold
2025-05-23,37.5781,7395100,36.8319,37.6834,36.6119,-0.0053,-0.0512,0.0069,-0.0331,0.0157,53.1538,0.0233,0.0130,-0.0015,0.4517,-0.2931,0.9288,buy
2025-05-27,38.2956,5675200,38.0756,38.2956,37.6164,0.0191,-0.0331,-0.0265,-0.0120,0.0351,60.5301,0.0158,0.0121,-0.0017,0.5752,-0.2326,0.7363,sell
2025-05-28,37.6355,8111100,38.2382,38.4104,37.5877,-0.0172,-0.0329,-0.0486,-0.0242,0.0179,57.2089,0.0162,0.0103,-0.0030,0.4267,0.4292,1.0718,buy
2025-05-29,37.8843,6824100,37.9321,38.0086,37.3868,0.0066,0.0123,-0.0395,-0.0137,0.0250,53.8251,0.0166,0.0090,-0.0034,0.4589,-0.1587,0.9051,hold
2025-05-30,37.7886,10481000,37.6355,37.9608,37.4825,-0.0025,0.0003,-0.0408,-0.0121,0.0231,53.3153,0.0166,0.0078,-0.0037,0.4169,0.5359,1.3458,sell
2025-06-02,37.5303,7597100,37.5112,37.7025,36.9946,-0.0068,-0.0013,-0.0524,-0.0135,0.0169,32.9730,0.0162,0.0063,-0.0043,0.3500,-0.2752,0.9777,buy
2025-06-03,37.9034,9616400,37.5016,38.0469,37.2433,0.0099,-0.0102,-0.0430,0.0008,0.0277,34.8511,0.0169,0.0057,-0.0038,0.4299,0.2658,1.2091,hold
2025-06-04,37.7982,6465600,37.9034,38.2382,37.7695,-0.0028,0.0043,-0.0288,0.0010,0.0259,34.9123,0.0162,0.0050,-0.0036,0.3854,-0.3276,0.8184,hold
2025-06-05,37.9130,8551300,37.8938,38.0373,37.4251,0.0030,0.0008,0.0130,0.0027,0.0300,36.5684,0.0104,0.0046,-0.0032,0.3880,0.3226,1.0930,buy
2025-06-06,38.8983,5710600,38.5252,38.9175,38.4009,0.0260,0.0294,0.0296,0.0257,0.0572,44.3769,0.0129,0.0062,-0.0011,0.6522,-0.3322,0.7374,sell
2025-06-09,38.6974,5969000,39.1184,39.2714,38.6592,-0.0052,0.0311,0.0298,0.0174,0.0520,43.0044,0.0128,0.0070,-0.0002,0.5760,0.0452,0.7768,buy
2025-06-10,38.9653,4643500,38.6496,39.1758,38.5635,0.0069,0.0280,0.0175,0.0227,0.0588,50.3937,0.0117,0.0081,0.0007,0.6675,-0.2221,0.6255,sell
2025-06-11,38.5157,7284600,39.0131,39.1853,38.4583,-0.0115,0.0190,0.0234,0.0085,0.0468,60.8365,0.0107,0.0081,0.0005,0.5454,0.5688,0.9784,sell
2025-06-12,38.2095,5565600,38.2669,38.2765,37.7790,-0.0079,0.0078,0.0086,-0.0003,0.0388,54.3185,0.0111,0.0073,-0.0003,0.4621,-0.2360,0.7520,sell
2025-06-13,37.2816,6465700,37.7695,37.8651,37.1572,-0.0243,-0.0416,-0.0134,-0.0233,0.0146,47.4037,0.0137,0.0048,-0.0024,0.1672,0.1617,0.8738,buy
2025-06-16,37.6834,6628200,37.7886,37.9417,37.4346,0.0108,-0.0262,0.0041,-0.0132,0.0240,44.3263,0.0140,0.0034,-0.0030,0.3272,0.0251,0.8847,sell
2025-06-17,37.3390,6678300,37.3485,37.7121,37.1955,-0.0091,-0.0417,-0.0149,-0.0207,0.0122,47.0810,0.0139,0.0016,-0.0039,0.1932,0.0076,0.8890,buy
2025-06-18,38.0852,7132900,37.3198,38.2574,37.2528,0.0200,-0.0112,0.0076,-0.0019,0.0297,51.8010,0.0154,0.0017,-0.0029,0.5629,0.0681,0.9798,buy
2025-06-20,38.5348,10243100,38.2478,38.5635,38.2095,0.0118,0.0085,0.0164,0.0082,0.0387,56.2903,0.0158,0.0027,-0.0015,0.7620,0.4360,1.3889,buy
2025-06-23,39.2714,7218900,38.3339,39.3384,38.2574,0.0191,0.0534,0.0096,0.0265,0.0566,63.5820,0.0147,0.0049,0.0006,1.0224,-0.2952,1.0008,buy
2025-06-24,39.6541,8900800,39.6541,40.0463,39.5967,0.0097,0.0523,0.0247,0.0339,0.0635,63.6363,0.0148,0.0073,0.0025,1.0612,0.2330,1.2213,hold
2025-06-25,39.6063,6152100,39.6254,39.7593,39.3480,-0.0012,0.0607,0.0164,0.0309,0.0587,64.2106,0.0147,0.0091,0.0034,0.9655,-0.3088,0.8414,buy
2025-06-26,40.6969,7022400,39.9507,40.7447,39.7976,0.0275,0.0686,0.0566,0.0533,0.0841,68.9700,0.0160,0.0122,0.0053,1.1423,0.1415,0.9676,hold
2025-06-27,40.7638,8256000,40.9456,41.0700,40.5342,0.0016,0.0578,0.0669,0.0481,0.0822,64.5306,0.0153,0.0148,0.0064,1.0398,0.1757,1.1265,buy
2025-06-30,41.1274,7689200,41.0317,41.3761,40.8978,0.0089,0.0473,0.1032,0.0471,0.0877,68.4593,0.0108,0.0173,0.0071,1.0207,-0.0687,1.0695,buy
2025-07-01,42.2850,8296500,40.9647,42.4763,40.8882,0.0281,0.0663,0.1221,0.0641,0.1134,72.2151,0.0123,0.0207,0.0087,1.1084,0.0790,1.1484,buy
2025-07-02,43.0790,6873600,42.4763,43.1268,42.2180,0.0188,0.0877,0.1537,0.0687,0.1285,79.1922,0.0100,0.0246,0.0103,1.0951,-0.1715,0.9698,buy
2025-07-03,43.5669,5612400,43.2895,43.8061,43.1842,0.0113,0.0705,0.1439,0.0663,0.1358,83.4929,0.0098,0.0283,0.0113,1.0479,-0.1835,0.7967,sell
2025-07-07,43.2034,7073000,43.3756,43.8539,42.9738,-0.0083,0.0598,0.1212,0.0454,0.1216,89.8327,0.0121,0.0307,0.0108,0.9321,0.2602,1.0147,buy
2025-07-08,43.4330,10677400,43.2512,43.7869,43.2512,0.0053,0.0561,0.1060,0.0405,0.1231,89.5916,0.0119,0.0322,0.0099,0.9024,0.5096,1.4790,sell
2025-07-09,43.2034,8841800,43.4617,43.8061,43.0599,-0.0053,0.0217,0.0895,0.0263,0.1127,91.0309,0.0129,0.0329,0.0085,0.8347,-0.1719,1.2009,buy
2025-07-10,43.5286,6822300,43.2512,43.9113,43.1555,0.0075,0.0104,0.0990,0.0245,0.1169,90.4696,0.0124,0.0334,0.0072,0.8314,-0.2284,0.9131,hold
2025-07-11,43.4617,8319500,43.0886,43.8061,42.9451,-0.0015,-0.0024,0.0679,0.0163,0.1112,88.8386,0.0110,0.0334,0.0058,0.7917,0.2195,1.1058,buy
2025-07-14,43.6913,7394000,43.3756,43.7104,43.2608,0.0053,0.0113,0.0718,0.0147,0.1129,87.8689,0.0109,0.0333,0.0047,0.7854,-0.1112,0.9710,sell
2025-07-15,42.4476,8767400,43.4521,43.7965,42.4093,-0.0285,-0.0227,0.0321,-0.0172,0.0779,70.8572,0.0156,0.0316,0.0017,0.6359,0.1857,1.1342,hold
2025-07-16,42.4380,11340200,42.7346,42.8685,41.9214,-0.0002,-0.0177,0.0036,-0.0178,0.0748,71.2644,0.0129,0.0291,-0.0006,0.6160,0.2935,1.4236,buy
2025-07-17,43.0599,11042100,42.4572,43.2034,42.4093,0.0147,-0.0108,-0.0004,-0.0033,0.0873,69.0881,0.0123,0.0276,-0.0014,0.6744,-0.0263,1.3493,sell
2025-07-18,42.3328,13739000,43.3373,43.3373,42.0936,-0.0169,-0.0260,-0.0283,-0.0173,0.0660,61.4525,0.0127,0.0255,-0.0032,0.5548,0.2442,1.6137,buy
2025-07-21,42.7920,9884400,42.5528,43.5382,42.5050,0.0108,-0.0206,-0.0095,-0.0057,0.0741,61.9835,0.0132,0.0238,-0.0036,0.6048,-0.2806,1.1634,buy
2025-07-22,43.2512,7226500,42.9833,43.3373,42.6485,0.0107,0.0189,-0.0042,0.0054,0.0825,57.7335,0.0136,0.0231,-0.0033,0.6673,-0.2689,0.8505,buy
2025-07-23,43.8348,10246200,43.5191,44.0070,43.2608,0.0135,0.0329,0.0146,0.0174,0.0935,56.2599,0.0141,0.0231,-0.0023,0.7664,0.4179,1.1965,sell
2025-07-24,43.5095,6648400,43.8539,44.1313,43.4904,-0.0074,0.0104,-0.0004,0.0099,0.0831,49.5114,0.0142,0.0228,-0.0023,0.6908,-0.3511,0.7741,hold
2025-07-25,43.6721,6278600,43.5669,43.7200,42.8781,0.0037,0.0316,0.0048,0.0132,0.0850,54.1315,0.0142,0.0223,-0.0021,0.7224,-0.0556,0.7342,sell
2025-07-28,43.1364,5658500,43.6147,43.7200,42.8877,-0.0123,0.0080,-0.0127,0.0021,0.0697,47.5200,0.0146,0.0210,-0.0030,0.5320,-0.0988,0.6719,sell
2025-07-29,42.7920,5090200,43.3564,43.3851,42.7442,-0.0080,-0.0106,0.0081,-0.0067,0.0594,46.6248,0.0115,0.0191,-0.0041,0.3204,-0.1004,0.6139,sell
2025-07-30,42.3424,5372500,42.9929,43.0120,41.9884,-0.0105,-0.0340,-0.0023,-0.0169,0.0468,40.4615,0.0121,0.0165,-0.0055,0.0796,0.0555,0.6596,sell
2025-07-31,41.8162,8718100,42.0936,42.3711,41.7014,-0.0124,-0.0389,-0.0289,-0.0264,0.0327,37.6791,0.0114,0.0134,-0.0071,-0.0637,0.6227,1.0583,sell
2025-08-01,41.0987,8456100,41.0604,41.1752,40.1611,-0.0172,-0.0589,-0.0292,-0.0403,0.0139,31.9092,0.0114,0.0094,-0.0092,-0.1627,-0.0301,1.0091,buy
2025-08-04,41.5292,7175400,41.3761,41.6344,41.1082,0.0105,-0.0373,-0.0295,-0.0274,0.0224,42.7711,0.0114,0.0067,-0.0093,0.0622,-0.1515,0.8557,hold
2025-08-05,41.5387,4688500,41.6918,41.7492,40.8404,0.0002,-0.0293,-0.0396,-0.0232,0.0208,42.9216,0.0104,0.0047,-0.0091,0.1175,-0.3466,0.5799,sell
2025-08-06,41.1465,4540900,41.7301,41.7397,41.1369,-0.0094,-0.0282,-0.0613,-0.0263,0.0093,34.3750,0.0085,0.0023,-0.0093,0.0657,-0.0315,0.5770,sell
2025-08-07,40.9934,5936900,41.5483,41.5579,40.6777,-0.0037,-0.0197,-0.0578,-0.0241,0.0043,37.9310,0.0085,0.0000,-0.0093,0.0826,0.3074,0.7586,buy
2025-08-08,41.7101,5314100,41.3033,41.9231,40.9741,0.0175,0.0149,-0.0449,-0.0024,0.0198,40.6830,0.0110,-0.0003,-0.0076,0.2972,-0.1049,0.6923,sell
2025-08-11,41.4777,5693900,41.6617,41.9812,41.2452,-0.0056,-0.0012,-0.0385,-0.0040,0.0123,34.1062,0.0107,-0.0011,-0.0067,0.2579,0.0715,0.7501,buy
2025-08-12,42.6204,8368800,41.8457,42.6785,41.7391,0.0276,0.0260,-0.0040,0.0239,0.0378,40.1086,0.0144,0.0006,-0.0039,0.5739,0.4698,1.1054,buy
2025-08-13,43.3951,8715500,42.8528,43.4629,42.5236,0.0182,0.0546,0.0249,0.0398,0.0536,49.1321,0.0150,0.0032,-0.0010,0.7673,0.0414,1.1715,hold
2025-08-14,43.5307,4967300,43.0368,43.6566,42.6979,0.0031,0.0619,0.0410,0.0388,0.0540,48.9223,0.0140,0.0055,0.0011,0.7902,-0.4301,0.6961,sell
2025-08-15,43.0174,6876900,43.6276,43.6276,42.9981,-0.0118,0.0313,0.0467,0.0219,0.0390,49.0904,0.0132,0.0063,0.0015,0.6451,0.3844,1.0124,hold
2025-08-18,42.9303,5203700,42.8141,43.0465,42.7076,-0.0020,0.0350,0.0337,0.0164,0.0344,51.1009,0.0132,0.0067,0.0015,0.6202,-0.2433,0.7934,hold
2025-08-19,42.7850,6074800,42.9303,43.3273,42.6010,-0.0034,0.0039,0.0300,0.0100,0.0289,53.7033,0.0133,0.0067,0.0012,0.5899,0.1674,0.9344,buy
2025-08-20,42.9884,5170800,42.9206,43.2499,42.7076,0.0048,-0.0094,0.0448,0.0104,0.0317,60.3662,0.0126,0.0069,0.0011,0.6628,-0.1488,0.8277,sell
2025-08-21,42.6785,5951300,42.4170,42.8335,42.3686,-0.0072,-0.0196,0.0411,-0.0008,0.0224,65.0562,0.0129,0.0065,0.0006,0.5920,0.1509,0.9579,buy
2025-08-22,44.4604,6669000,42.9497,44.5476,42.8431,0.0418,0.0335,0.0659,0.0342,0.0621,72.2135,0.0172,0.0091,0.0027,1.0462,0.1206,1.0701,hold
2025-08-25,44.2861,8060500,44.3539,44.5766,44.2183,-0.0039,0.0316,0.0677,0.0235,0.0549,70.3128,0.0171,0.0109,0.0036,0.9473,0.2087,1.2689,buy
2025-08-26,44.8962,9406500,44.1505,44.9737,43.9181,0.0138,0.0493,0.0534,0.0322,0.0655,76.8584,0.0158,0.0131,0.0047,1.0040,0.1670,1.4322,buy
2025-08-27,45.3029,8546300,44.7509,45.4288,44.7413,0.0091,0.0538,0.0440,0.0370,0.0713,79.7858,0.0152,0.0153,0.0056,0.9956,-0.0914,1.2705,hold
2025-08-28,45.3126,8817600,45.5160,45.5160,45.0705,0.0002,0.0617,0.0409,0.0330,0.0675,77.5964,0.0152,0.0170,0.0059,0.9299,0.0317,1.3099,hold
2025-08-29,45.3417,9363000,45.2933,45.6516,45.2255,0.0006,0.0198,0.0540,0.0282,0.0646,80.5513,0.0143,0.0182,0.0056,0.8877,0.0619,1.3816,sell
2025-09-02,44.9543,6963800,44.9252,45.0318,44.3732,-0.0085,0.0151,0.0471,0.0148,0.0523,70.9565,0.0148,0.0184,0.0046,0.7897,-0.2562,1.0292,hold
2025-09-03,44.9446,5456700,44.8575,45.2061,44.4023,-0.0002,0.0011,0.0505,0.0096,0.0493,66.1290,0.0146,0.0182,0.0035,0.7613,-0.2164,0.8019,buy
2025-09-04,45.5838,5621200,45.2158,45.6031,44.9252,0.0142,0.0062,0.0604,0.0180,0.0613,69.3430,0.0149,0.0187,0.0034,0.8408,0.0301,0.8195,sell
2025-09-05,45.0511,7854800,45.7290,45.9615,44.7800,-0.0117,-0.0058,0.0556,0.0008,0.0462,69.0909,0.0154,0.0184,0.0023,0.7295,0.3974,1.1294,sell
2025-09-08,44.5572,6170000,45.0899,45.1093,44.1505,-0.0110,-0.0173,0.0022,-0.0103,0.0329,64.1892,0.0095,0.0171,0.0006,0.6151,-0.2145,0.8817,sell
2025-09-09,43.8600,12564900,44.4507,44.7994,43.6857,-0.0156,-0.0243,-0.0096,-0.0249,0.0153,58.5516,0.0108,0.0147,-0.0016,0.4364,1.0365,1.7116,sell
2025-09-10,43.6953,10523700,43.8116,43.9956,43.4048,-0.0038,-0.0278,-0.0267,-0.0260,0.0103,55.6589,0.0094,0.0121,-0.0034,0.3774,-0.1625,1.4128,buy
2025-09-11,43.8697,7388600,43.6663,43.9956,43.4629,0.0040,-0.0376,-0.0316,-0.0189,0.0136,59.7464,0.0089,0.0103,-0.0042,0.4144,-0.2979,1.0008,hold
2025-09-12,43.7728,8029400,43.7535,43.9471,43.4823,-0.0022,-0.0284,-0.0340,-0.0177,0.0110,42.2319,0.0088,0.0085,-0.0047,0.3855,0.0867,1.0655,sell
2025-09-15,43.3661,6904000,43.8212,43.9568,43.1724,-0.0093,-0.0267,-0.0436,-0.0225,0.0017,40.1248,0.0088,0.0064,-0.0056,0.2708,-0.1402,0.9160,sell
2025-09-16,43.1530,6036900,43.3951,43.5501,42.6010,-0.0049,-0.0161,-0.0401,-0.0234,-0.0032,29.5453,0.0087,0.0042,-0.0063,0.2068,-0.1256,0.7966,buy
2025-09-17,43.9471,9131600,43.1918,44.4507,43.1046,0.0184,0.0058,-0.0222,-0.0031,0.0149,35.4167,0.0113,0.0038,-0.0052,0.3980,0.5126,1.1811,buy
2025-09-18,44.6250,7483900,44.0343,44.7219,43.7922,0.0154,0.0172,-0.0210,0.0144,0.0299,43.5338,0.0115,0.0047,-0.0033,0.5745,-0.1804,0.9537,hold
2025-09-19,44.5379,19223400,44.5766,44.6638,44.1505,-0.0020,0.0175,-0.0114,0.0136,0.0274,42.5225,0.0109,0.0052,-0.0023,0.5219,1.5686,2.2587,sell
2025-09-22,43.9568,6339500,44.1602,44.4604,43.7341,-0.0130,0.0136,-0.0135,0.0018,0.0137,41.0435,0.0112,0.0046,-0.0024,0.3277,-0.6702,0.7463,buy
2025-09-23,44.2570,8004000,44.0827,44.7509,44.0052,0.0068,0.0256,0.0091,0.0077,0.0204,44.1322,0.0102,0.0045,-0.0019,0.4330,0.2626,0.9426,buy
2025-09-24,44.4410,8221100,44.3636,45.7581,44.0440,0.0042,0.0112,0.0171,0.0102,0.0237,39.4266,0.0101,0.0047,-0.0014,0.5051,0.0271,0.9750,sell
2025-09-25,44.2958,5384300,44.1699,44.5669,43.9568,-0.0033,-0.0074,0.0097,0.0059,0.0195,42.4711,0.0102,0.0046,-0.0012,0.4704,-0.3451,0.6507,buy
2025-09-26,44.5669,4366400,44.5379,44.9059,44.1989,0.0061,0.0007,0.0181,0.0103,0.0250,50.1010,0.0102,0.0049,-0.0007,0.5885,-0.1890,0.5423,hold
2025-09-29,44.4701,4902800,44.8671,44.8671,43.9956,-0.0022,0.0117,0.0255,0.0055,0.0218,57.2748,0.0096,0.0050,-0.0005,0.5727,0.1228,0.6263,sell
2025-09-30,44.2764,9721700,44.2958,44.5669,43.3758,-0.0044,0.0004,0.0260,-0.0014,0.0166,56.8808,0.0095,0.0046,-0.0007,0.5065,0.9829,1.2203,sell
2025-10-01,44.1311,7257800,43.9278,44.3926,43.9084,-0.0033,-0.0070,0.0042,-0.0051,0.0129,53.1178,0.0079,0.0040,-0.0011,0.4599,-0.2534,0.9009,sell
2025-10-02,43.9278,5396500,44.1118,44.3732,43.7631,-0.0046,-0.0083,-0.0156,-0.0081,0.0082,51.8018,0.0059,0.0031,-0.0016,0.3856,-0.2565,0.6708,buy
2025-10-03,44.0827,6539600,44.0440,44.5960,43.9375,0.0035,-0.0109,-0.0102,-0.0036,0.0115,58.8517,0.0061,0.0027,-0.0016,0.4958,0.2118,0.8195,sell
2025-10-06,43.8987,9665800,44.1215,44.9059,43.5888,-0.0042,-0.0128,-0.0013,-0.0076,0.0072,59.2771,0.0047,0.0019,-0.0019,0.3995,0.4780,1.1854,sell
2025-10-07,43.7728,6460300,44.2086,44.5282,43.7147,-0.0029,-0.0114,-0.0109,-0.0094,0.0040,47.3988,0.0040,0.0011,-0.0022,0.3233,-0.3316,0.8231,sell
2025-10-08,42.7463,6915600,43.7341,43.8406,42.6688,-0.0235,-0.0314,-0.0381,-0.0289,-0.0196,24.6073,0.0078,-0.0014,-0.0039,-0.1464,0.0705,0.9018,buy
2025-10-09,42.8528,6963400,43.0175,43.0465,42.4073,0.0025,-0.0245,-0.0326,-0.0232,-0.0173,27.3438,0.0080,-0.0032,-0.0045,-0.0000,0.0069,0.9106,sell
2025-10-10,40.9741,8512300,42.9787,43.0949,40.9644,-0.0438,-0.0705,-0.0806,-0.0584,-0.0601,20.2703,0.0145,-0.0085,-0.0079,-0.3209,0.2224,1.1096,buy
2025-10-13,41.5939,7160200,41.6423,41.8166,41.2356,0.0151,-0.0525,-0.0647,-0.0378,-0.0461,25.0454,0.0162,-0.0110,-0.0083,-0.0359,-0.1588,0.9318,buy
2025-10-14,42.5429,10230700,41.2937,42.8431,41.2549,0.0228,-0.0281,-0.0392,-0.0118,-0.0247,34.4444,0.0187,-0.0109,-0.0066,0.2182,0.4288,1.2960,sell
2025-10-15,41.8941,8881100,42.6785,42.7366,41.4970,-0.0153,-0.0199,-0.0507,-0.0218,-0.0398,31.8182,0.0191,-0.0123,-0.0063,0.1125,-0.1319,1.1268,sell
2025-10-16,39.7926,15162200,41.7198,41.8941,39.4924,-0.0502,-0.0714,-0.0941,-0.0618,-0.0874,21.6992,0.0238,-0.0180,-0.0094,-0.1553,0.7072,1.8344,buy
2025-10-17,41.2549,19866300,40.6739,41.5164,40.2865,0.0367,0.0069,-0.0641,-0.0208,-0.0540,33.5968,0.0278,-0.0182,-0.0079,0.1561,0.3103,2.3942,buy
2025-10-20,42.0781,8580600,41.7488,42.2524,41.3518,0.0200,0.0116,-0.0415,0.0030,-0.0352,39.4614,0.0290,-0.0167,-0.0053,0.3205,-0.5681,1.0203,buy
2025-10-21,42.4461,8726200,42.6688,42.7076,42.2524,0.0087,-0.0023,-0.0303,0.0150,-0.0272,42.0909,0.0293,-0.0147,-0.0028,0.4002,0.0170,1.0332,hold
2025-10-22,42.2233,8417400,42.6785,42.9012,42.1265,-0.0052,0.0079,-0.0122,0.0110,-0.0322,42.0145,0.0284,-0.0137,-0.0013,0.3772,-0.0354,0.9955,hold
2025-10-23,42.2330,6909700,42.2427,42.5236,42.0490,0.0002,0.0613,-0.0145,0.0127,-0.0314,41.2144,0.0284,-0.0126,-0.0002,0.3953,-0.1791,0.8099,buy
2025-10-24,42.7947,5824500,42.6785,43.0949,42.5623,0.0133,0.0373,0.0444,0.0217,-0.0182,44.9378,0.0243,-0.0104,0.0015,0.5190,-0.1571,0.6769,buy
2025-10-27,43.2208,9207000,42.9981,43.4532,42.8238,0.0100,0.0272,0.0391,0.0279,-0.0085,47.5367,0.0241,-0.0079,0.0031,0.6223,0.5807,1.0439,hold
2025-10-28,42.9303,7056800,43.0949,43.2499,42.7172,-0.0067,0.0114,0.0091,0.0200,-0.0152,50.8788,0.0234,-0.0064,0.0037,0.5796,-0.2335,0.8124,sell
2025-10-29,42.5236,9490600,42.6107,43.1627,42.2814,-0.0095,0.0071,0.0150,0.0089,-0.0244,48.4712,0.0230,-0.0060,0.0034,0.5080,0.3449,1.0787,buy
2025-10-30,42.9400,7313100,42.4945,43.5210,42.4558,0.0098,0.0167,0.0791,0.0112,-0.0148,60.5619,0.0140,-0.0047,0.0037,0.6222,-0.2294,0.8222,buy
2025-10-31,43.2208,6214300,42.7947,43.3370,42.5236,0.0065,0.0100,0.0477,0.0131,-0.0086,59.0713,0.0096,-0.0031,0.0041,0.7130,-0.1503,0.7000,sell
2025-11-03,42.8238,12313300,42.9981,43.0659,42.3202,-0.0092,-0.0092,0.0177,0.0021,-0.0170,51.6686,0.0089,-0.0027,0.0037,0.6325,0.9814,1.3666,sell
2025-11-04,42.3492,12371600,42.5332,42.8238,42.0297,-0.0111,-0.0135,-0.0023,-0.0088,-0.0270,52.7615,0.0093,-0.0032,0.0027,0.5230,0.0047,1.3294,buy
2025-11-05,42.6688,9574600,42.2718,43.0659,42.0006,0.0075,0.0034,0.0106,-0.0024,-0.0187,72.2639,0.0094,-0.0029,0.0023,0.6192,-0.2261,1.0144,hold
2025-11-06,42.6204,6387700,42.5429,43.1337,42.4461,-0.0011,-0.0074,0.0092,-0.0044,-0.0186,63.5316,0.0095,-0.0027,0.0020,0.6092,-0.3328,0.6788,buy
2025-11-07,43.3273,6741100,42.3686,43.3273,42.2524,0.0166,0.0025,0.0124,0.0108,-0.0014,62.6718,0.0100,-0.0012,0.0027,0.7946,0.0553,0.7232,buy
2025-11-10,43.6953,6576800,43.4629,43.8600,43.1530,0.0085,0.0204,0.0110,0.0183,0.0079,62.6718,0.0099,0.0006,0.0036,0.8627,-0.0244,0.7078,buy
2025-11-11,43.8794,4798800,43.8309,44.1118,43.5598,0.0042,0.0361,0.0221,0.0203,0.0126,66.9307,0.0095,0.0023,0.0043,0.8724,-0.2703,0.5320,buy
2025-11-12,44.1989,8622600,43.9665,44.8284,43.8794,0.0073,0.0359,0.0394,0.0238,0.0203,68.9012,0.0086,0.0042,0.0049,0.9033,0.7968,0.9572,sell
2025-11-13,43.8987,11444900,44.0634,44.5185,43.7341,-0.0068,0.0300,0.0223,0.0146,0.0142,61.1765,0.0090,0.0052,0.0047,0.8607,0.3273,1.2973,hold
2025-11-14,43.9477,7258400,43.8399,44.2220,43.3109,0.0011,0.0143,0.0168,0.0140,0.0158,57.9670,0.0088,0.0059,0.0043,0.8661,-0.3658,0.8861,sell
2025-11-17,43.0268,9530400,43.9477,44.1044,42.8505,-0.0210,-0.0153,0.0047,-0.0077,-0.0047,50.9295,0.0110,0.0049,0.0026,0.4911,0.3130,1.1567,buy
2025-11-18,43.4383,6656200,42.8113,43.8399,42.6937,0.0096,-0.0101,0.0257,-0.0007,0.0050,58.8006,0.0105,0.0046,0.0019,0.6424,-0.3016,0.8182,buy
2025-11-19,43.7420,5998900,43.5069,43.8301,43.3403,0.0070,-0.0103,0.0252,0.0038,0.0120,57.8871,0.0104,0.0049,0.0018,0.7463,-0.0988,0.7485,sell
2025-11-20,43.4971,8232100,44.0849,44.8490,43.3991,-0.0056,-0.0091,0.0206,-0.0038,0.0065,52.7360,0.0107,0.0047,0.0012,0.6212,0.3723,1.0187,buy
2025-11-21,44.5551,9239000,43.7028,45.0253,43.6636,0.0243,0.0138,0.0283,0.0175,0.0306,65.1624,0.0121,0.0062,0.0023,1.0124,0.1223,1.1197,hold
2025-11-24,44.5747,11189400,44.4669,44.8000,44.2416,0.0004,0.0360,0.0201,0.0159,0.0305,71.1773,0.0119,0.0075,0.0028,0.9470,0.2111,1.3400,buy
2025-11-25,45.3780,7575600,44.8196,45.6425,44.7412,0.0180,0.0447,0.0342,0.0307,0.0480,73.6071,0.0130,0.0096,0.0041,1.0927,-0.3230,0.9044,hold
2025-11-26,45.2996,5988200,45.2800,45.7111,45.2800,-0.0017,0.0356,0.0249,0.0264,0.0455,73.2250,0.0130,0.0112,0.0045,0.9873,-0.2095,0.7301,buy
2025-11-28,45.5544,3930000,45.4662,45.6915,45.2702,0.0056,0.0473,0.0377,0.0283,0.0509,70.9471,0.0126,0.0127,0.0048,0.9776,-0.3437,0.4893,hold
2025-12-01,45.6229,8937600,45.5446,46.1519,45.4270,0.0015,0.0240,0.0381,0.0260,0.0520,69.2130,0.0126,0.0138,0.0048,0.9287,1.2742,1.0942,hold
2025-12-02,45.5348,4645000,45.7993,45.7993,45.3682,-0.0019,0.0215,0.0583,0.0182,0.0492,66.8214,0.0094,0.0145,0.0043,0.8624,-0.4803,0.5967,buy
2025-12-03,46.4556,5471900,45.5544,46.4948,45.5348,0.0202,0.0237,0.0695,0.0319,0.0693,70.4344,0.0105,0.0161,0.0049,1.0097,0.1780,0.7355,hold
2025-12-04,46.5732,7882300,46.4458,46.8867,46.3479,0.0025,0.0281,0.0647,0.0280,0.0710,75.0458,0.0106,0.0175,0.0051,0.9695,0.4405,1.0716,hold
2025-12-05,46.5634,5196700,46.4263,46.9063,46.3381,-0.0002,0.0222,0.0705,0.0209,0.0696,74.6764,0.0100,0.0185,0.0048,0.9204,-0.3407,0.7123,buy
2025-12-08,46.7299,7837400,46.7202,46.8475,46.3479,0.0036,0.0243,0.0488,0.0197,0.0724,90.7327,0.0079,0.0192,0.0045,0.9031,0.5081,1.0662,buy
2025-12-09,46.9455,8344400,46.7299,47.5627,46.7299,0.0046,0.0310,0.0532,0.0191,0.0761,90.3152,0.0078,0.0199,0.0042,0.8943,0.0647,1.1217,buy
2025-12-10,48.5521,10268800,46.9749,48.6305,46.9455,0.0342,0.0451,0.0699,0.0468,0.1108,92.5476,0.0115,0.0223,0.0057,1.0745,0.2306,1.3315,hold
2025-12-11,48.6893,9095200,48.1113,49.2379,48.0329,0.0028,0.0454,0.0748,0.0421,0.1116,96.8197,0.0112,0.0246,0.0064,1.0002,-0.1143,1.1757,buy
2025-12-12,48.8754,11452600,48.9832,48.9832,48.4933,0.0038,0.0497,0.0729,0.0387,0.1133,96.2264,0.0113,0.0263,0.0066,0.9546,0.2592,1.4803,hold
2025-12-15,48.7285,6284900,49.2183,49.4044,48.6403,-0.0030,0.0428,0.0681,0.0288,0.1076,93.2653,0.0116,0.0273,0.0060,0.8832,-0.4512,0.8175,hold
2025-12-16,48.6991,9056800,48.7089,48.8166,48.0721,-0.0006,0.0374,0.0695,0.0213,0.1045,91.2408,0.0115,0.0277,0.0051,0.8466,0.4410,1.1817,buy
2025-12-17,49.1301,8882100,48.8852,49.3652,48.6599,0.0089,0.0119,0.0576,0.0246,0.1116,93.7360,0.0105,0.0281,0.0046,0.8690,-0.0193,1.1423,sell
2025-12-18,48.9244,7590500,49.2281,49.4730,48.4150,-0.0042,0.0048,0.0505,0.0154,0.1039,88.9139,0.0110,0.0281,0.0036,0.8117,-0.1454,0.9663,hold
2025-12-19,49.0615,13181900,49.0517,49.3065,48.8264,0.0028,0.0038,0.0537,0.0130,0.1039,89.0867,0.0109,0.0278,0.0027,0.8100,0.7366,1.6269,buy
2025-12-22,49.5318,6950600,49.0518,49.6004,49.0322,0.0096,0.0165,0.0600,0.0168,0.1102,91.8032,0.0109,0.0278,0.0023,0.8471,-0.4727,0.8701,hold
2025-12-23,49.4632,6807500,49.6200,49.8257,49.3848,-0.0014,0.0157,0.0536,0.0102,0.1048,88.2792,0.0112,0.0276,0.0017,0.8105,-0.0206,0.8762,buy
2025-12-24,49.7081,2871600,49.5906,49.8257,49.2967,0.0050,0.0118,0.0238,0.0128,0.1067,88.6473,0.0047,0.0274,0.0013,0.8175,-0.5782,0.3812,sell
2025-12-26,49.5808,3239500,49.7179,49.7669,49.3554,-0.0026,0.0134,0.0183,0.0083,0.1001,86.1501,0.0049,0.0269,0.0006,0.7729,0.1281,0.4380,sell
2025-12-29,49.0028,7099900,49.6102,49.6689,48.9244,-0.0117,-0.0012,0.0026,-0.0037,0.0828,74.7863,0.0064,0.0255,-0.0009,0.6576,1.1917,0.9398,sell
2025-12-30,48.5521,5095200,49.1007,49.2183,48.4444,-0.0092,-0.0198,-0.0036,-0.0125,0.0694,66.6666,0.0071,0.0234,-0.0026,0.5563,-0.2824,0.6920,sell
2025-12-31,48.2092,4490500,48.6795,48.7676,48.2092,-0.0071,-0.0254,-0.0101,-0.0185,0.0590,45.1791,0.0074,0.0208,-0.0043,0.4570,-0.1187,0.6105,buy
2026-01-02,48.7285,5931000,48.2582,48.9048,47.8370,0.0108,-0.0197,-0.0082,-0.0071,0.0675,50.4975,0.0077,0.0191,-0.0046,0.5537,0.3208,0.8039,buy
2026-01-05,49.4534,11054000,48.3758,49.9726,48.2876,0.0149,-0.0026,0.0108,0.0066,0.0799,56.4551,0.0090,0.0186,-0.0038,0.7178,0.8638,1.4667,buy
2026-01-06,50.1392,7619400,49.3750,50.2273,49.2183,0.0139,0.0232,0.0220,0.0183,0.0911,64.0624,0.0099,0.0191,-0.0024,0.8930,-0.3107,0.9950,sell
2026-01-07,49.5514,6721400,50.1294,50.1588,49.4142,-0.0117,0.0206,0.0004,0.0063,0.0752,57.6450,0.0104,0.0187,-0.0024,0.7118,-0.1179,0.8842,buy
2026-01-08,49.9139,7713500,49.4828,50.4723,49.3750,0.0073,0.0354,0.0091,0.0128,0.0799,57.1174,0.0106,0.0185,-0.0020,0.8819,0.1476,1.0189,sell
2026-01-09,49.5906,7521700,50.0706,50.2567,49.3554,-0.0065,0.0177,-0.0024,0.0065,0.0698,55.9234,0.0107,0.0178,-0.0022,0.7036,-0.0249,1.0119,sell
2026-01-12,49.1203,11918600,49.1399,49.3065,48.7872,-0.0095,-0.0067,-0.0093,-0.0021,0.0567,50.4934,0.0111,0.0164,-0.0031,0.4607,0.5846,1.5736,sell
2026-01-13,48.6795,10404200,49.3652,49.4436,48.4737,-0.0090,-0.0291,-0.0066,-0.0105,0.0446,42.8099,0.0109,0.0144,-0.0042,0.2475,-0.1271,1.3832,hold
2026-01-14,48.8166,10681800,48.3562,49.0713,48.2778,0.0028,-0.0148,0.0054,-0.0082,0.0451,44.6079,0.0105,0.0127,-0.0047,0.3119,0.0267,1.3798,buy
2026-01-15,49.2575,5737100,48.9440,49.6689,48.9244,0.0090,-0.0132,0.0217,-0.0014,0.0516,46.3607,0.0104,0.0119,-0.0043,0.5189,-0.4629,0.7573,sell
2026-01-16,48.9734,8297500,49.1595,49.4338,48.9538,-0.0058,-0.0124,0.0050,-0.0076,0.0426,45.2160,0.0102,0.0108,-0.0044,0.3776,0.4463,1.0995,sell
2026-01-20,48.1407,18662700,48.3954,49.0322,47.7292,-0.0170,-0.0199,-0.0265,-0.0219,0.0225,43.4718,0.0102,0.0085,-0.0055,0.0236,1.2492,2.3040,buy
2026-01-21,49.0028,16770100,46.8573,49.7375,46.8573,0.0179,0.0066,-0.0227,-0.0021,0.0380,53.2123,0.0110,0.0078,-0.0048,0.4226,-0.1014,2.0255,buy
2026-01-22,49.2771,11630100,49.0126,50.1000,49.0126,0.0056,0.0094,-0.0055,0.0041,0.0412,57.6869,0.0107,0.0077,-0.0039,0.5554,-0.3065,1.3661,sell
2026-01-23,48.5619,12505500,48.9930,49.6200,48.3366,-0.0145,-0.0141,-0.0271,-0.0078,0.0239,48.8340,0.0111,0.0065,-0.0042,0.2485,0.0753,1.4214,buy
2026-01-26,49.1693,10018200,48.5815,49.4044,48.5815,0.0125,0.0040,-0.0085,0.0055,0.0344,47.9777,0.0120,0.0063,-0.0034,0.5393,-0.1989,1.0942,buy
2026-01-27,49.8551,10000600,49.3065,49.9041,49.2673,0.0139,0.0356,0.0150,0.0180,0.0464,47.9777,0.0124,0.0072,-0.0019,0.8455,-0.0018,1.0534,sell
2026-01-28,49.2869,11102700,49.8061,50.0412,48.7774,-0.0114,0.0058,0.0125,0.0052,0.0321,48.1119,0.0126,0.0070,-0.0018,0.5789,0.1102,1.1453,buy
2026-01-29,50.2763,12269500,49.6885,50.3547,49.4240,0.0201,0.0203,0.0299,0.0223,0.0501,52.3748,0.0140,0.0081,-0.0004,0.9570,0.1051,1.2205,hold
2026-01-30,50.3743,12027700,50.0412,50.6192,49.7473,0.0019,0.0373,0.0227,0.0220,0.0489,55.2910,0.0138,0.0092,0.0006,0.9472,-0.0197,1.1533,buy
2026-02-02,51.5891,12477400,50.4625,51.6479,50.3449,0.0241,0.0492,0.0534,0.0411,0.0705,65.1442,0.0150,0.0116,0.0025,1.1959,0.0374,1.1600,buy
2026-02-03,52.9312,15914000,51.7458,53.1369,51.6968,0.0260,0.0617,0.0995,0.0579,0.0942,73.4849,0.0141,0.0152,0.0051,1.2560,0.2754,1.4468,buy
2026-02-04,53.9893,12554500,53.4015,54.6162,53.3917,0.0200,0.0954,0.1018,0.0684,0.1113,75.9332,0.0142,0.0192,0.0075,1.2121,-0.2111,1.1163,hold
2026-02-05,54.0186,9738100,53.6366,54.1264,53.2447,0.0005,0.0744,0.0962,0.0591,0.1076,74.8976,0.0145,0.0225,0.0086,1.0725,-0.2243,0.8544,buy
2026-02-06,54.6750,7399800,54.5477,55.0571,54.4203,0.0122,0.0854,0.1259,0.0593,0.1164,78.6982,0.0118,0.0254,0.0094,1.0436,-0.2401,0.6502,sell
2026-02-09,53.6660,11305000,54.4105,54.6162,53.6268,-0.0185,0.0403,0.0915,0.0307,0.0921,77.3256,0.0152,0.0267,0.0082,0.8701,0.5277,0.9770,buy
2026-02-10,53.9795,8195900,53.4406,54.2048,53.1859,0.0058,0.0198,0.0827,0.0286,0.0946,76.0246,0.0151,0.0273,0.0072,0.8600,-0.2750,0.7199,sell
2026-02-11,52.9410,9982800,54.1460,54.6162,52.8333,-0.0192,-0.0194,0.0741,0.0018,0.0703,67.7420,0.0164,0.0265,0.0048,0.7217,0.2180,0.8785,sell
2026-02-12,51.0111,11461800,53.3035,53.5876,50.5800,-0.0365,-0.0557,0.0146,-0.0360,0.0291,60.6112,0.0207,0.0232,0.0005,0.4957,0.1482,1.0052,buy
2026-02-13,51.3574,7003000,50.7439,51.5652,50.4174,0.0068,-0.0607,0.0195,-0.0313,0.0336,59.6996,0.0208,0.0199,-0.0021,0.5236,-0.3890,0.6108,hold
2026-02-17,51.6543,7508700,52.4459,52.6537,51.4861,0.0058,-0.0375,0.0013,-0.0258,0.0374,58.2604,0.0194,0.0176,-0.0034,0.5436,0.0722,0.6571,buy
2026-02-18,52.1392,6804400,51.6939,52.4558,51.6147,0.0094,-0.0341,-0.0150,-0.0152,0.0448,63.1963,0.0175,0.0163,-0.0036,0.5826,-0.0938,0.6281,sell
2026-02-19,51.2387,9333700,51.6840,51.9511,50.8033,-0.0173,-0.0322,-0.0509,-0.0271,0.0249,54.4893,0.0164,0.0140,-0.0050,0.4521,0.3717,0.8922,buy
2026-02-20,51.7730,9437100,51.2090,51.8621,50.7142,0.0104,0.0149,-0.0416,-0.0128,0.0335,56.2698,0.0171,0.0126,-0.0050,0.5067,0.0111,0.9116,sell
2026-02-23,49.5663,9735000,51.6444,52.0600,49.0914,-0.0426,-0.0349,-0.0934,-0.0456,-0.0116,41.6736,0.0199,0.0084,-0.0080,0.1797,0.0316,0.9532,sell
2026-02-24,49.1408,6752900,49.4080,49.8533,48.6757,-0.0086,-0.0487,-0.0843,-0.0454,-0.0203,33.1237,0.0196,0.0039,-0.0101,0.1187,-0.3063,0.6719,buy
2026-02-25,50.0413,5635400,49.3684,50.1205,49.3684,0.0183,-0.0402,-0.0730,-0.0205,-0.0029,32.1721,0.0210,0.0018,-0.0096,0.2463,-0.1655,0.5732,buy
2026-02-26,50.9616,6013600,50.3085,51.3673,50.2194,0.0184,-0.0054,-0.0374,0.0014,0.0146,37.2231,0.0220,0.0015,-0.0077,0.3609,0.0671,0.6279,sell
2026-02-27,48.7945,11533800,50.1601,50.4668,48.3591,-0.0425,-0.0575,-0.0435,-0.0370,-0.0286,28.1782,0.0230,-0.0021,-0.0094,0.0674,0.9180,1.2089,hold
2026-03-02,49.0320,6514100,47.8940,49.5861,47.7258,0.0049,-0.0108,-0.0453,-0.0278,-0.0240,31.7594,0.0229,-0.0046,-0.0095,0.1289,-0.4352,0.7031,hold
2026-03-03,48.7846,5377800,47.9336,49.2596,47.6169,-0.0050,-0.0072,-0.0556,-0.0272,-0.0288,29.4446,0.0227,-0.0069,-0.0095,0.1373,-0.1744,0.6036,hold
2026-03-04,48.5966,5166800,49.0716,49.1309,48.4679,-0.0039,-0.0289,-0.0679,-0.0240,-0.0324,31.5693,0.0221,-0.0090,-0.0092,0.1557,-0.0392,0.6171,sell
2026-03-05,47.9732,7143200,48.0622,48.5075,47.4190,-0.0128,-0.0586,-0.0637,-0.0302,-0.0444,35.5052,0.0219,-0.0117,-0.0095,0.1226,0.3825,0.8816,sell
2026-03-06,46.0040,20735300,46.6868,47.1123,45.4004,-0.0410,-0.0572,-0.1114,-0.0590,-0.0823,27.8823,0.0235,-0.0176,-0.0123,-0.0254,1.9028,2.3966,hold
2026-03-09,46.2613,9819000,45.5785,46.4987,44.4405,0.0056,-0.0565,-0.0667,-0.0473,-0.0760,27.6456,0.0212,-0.0210,-0.0126,0.0505,-0.5265,1.1192,hold
2026-03-10,46.1623,6508100,46.3008,47.0628,45.6082,-0.0021,-0.0538,-0.0606,-0.0435,-0.0767,24.4068,0.0213,-0.0238,-0.0123,0.0864,-0.3372,0.7627,sell
2026-03-11,45.1728,11810100,45.9347,46.0930,44.7967,-0.0214,-0.0705,-0.0973,-0.0545,-0.0949,24.2220,0.0199,-0.0279,-0.0129,0.0284,0.8147,1.3553,sell
2026-03-12,43.9061,14445700,44.1733,44.9551,43.6687,-0.0280,-0.0848,-0.1384,-0.0672,-0.1185,18.5273,0.0178,-0.0336,-0.0146,-0.0249,0.2232,1.6164,sell
2026-03-13,43.3718,8962500,44.3316,44.4900,43.3124,-0.0122,-0.0572,-0.1111,-0.0678,-0.1274,21.3894,0.0149,-0.0385,-0.0154,0.0105,-0.3796,1.0171,buy
2026-03-16,44.0546,11570000,44.0942,44.4702,43.8171,0.0157,-0.0477,-0.1015,-0.0429,-0.1121,27.0536,0.0165,-0.0397,-0.0136,0.1228,0.2909,1.2798,hold
2026-03-17,44.1238,9344900,44.6780,44.7374,43.9952,0.0016,-0.0442,-0.0955,-0.0316,-0.1091,21.1389,0.0169,-0.0405,-0.0115,0.1657,-0.1923,1.0233,sell
2026-03-18,43.3916,11048400,43.6785,44.0843,43.3718,-0.0166,-0.0394,-0.1071,-0.0366,-0.1217,12.3893,0.0169,-0.0427,-0.0106,0.1365,0.1823,1.1824,hold
2026-03-19,43.4213,11009400,43.1541,43.7280,42.6791,0.0007,-0.0110,-0.0949,-0.0261,-0.1187,16.1048,0.0173,-0.0433,-0.0090,0.1726,-0.0035,1.1677,buy
2026-03-20,43.6983,18050200,43.4509,43.7082,43.1442,0.0064,0.0075,-0.0501,-0.0148,-0.1110,16.5217,0.0139,-0.0426,-0.0068,0.2197,0.6395,1.8309,buy
2026-03-23,44.3910,10209700,44.8759,44.9353,44.1337,0.0159,0.0076,-0.0404,0.0050,-0.0949,23.8823,0.0151,-0.0398,-0.0036,0.3071,-0.4344,1.0331,buy
2026-03-24,44.8462,8304500,43.9358,45.2123,43.8863,0.0103,0.0164,-0.0285,0.0184,-0.0838,28.3922,0.0158,-0.0365,-0.0006,0.3692,-0.1866,0.8338,hold
2026-03-25,44.9155,7008500,45.3113,45.6181,44.4306,0.0015,0.0351,-0.0057,0.0205,-0.0808,31.1815,0.0144,-0.0337,0.0018,0.3950,-0.1561,0.6988,sell
2026-03-26,44.4999,8772300,44.2030,44.8066,44.0546,-0.0093,0.0248,0.0135,0.0097,-0.0878,38.5542,0.0113,-0.0322,0.0029,0.3672,0.2517,0.8628,sell
2026-03-27,44.0645,13424800,44.3415,44.7571,43.6686,-0.0098,0.0084,0.0160,-0.0017,-0.0949,33.7243,0.0110,-0.0314,0.0032,0.3322,0.5304,1.3083,hold
2026-03-30,44.1733,8738400,44.4702,44.5098,43.8072,0.0025,-0.0049,0.0027,0.0005,-0.0908,35.2855,0.0098,-0.0300,0.0036,0.3645,-0.3491,0.8425,buy
2026-03-31,45.4894,10011100,44.8858,45.5290,44.4306,0.0298,0.0143,0.0309,0.0271,-0.0624,52.2346,0.0135,-0.0254,0.0058,0.5966,0.1456,0.9441,buy
2026-04-01,46.2217,10065000,45.9050,46.6571,45.8753,0.0161,0.0291,0.0652,0.0370,-0.0465,67.6737,0.0121,-0.0206,0.0081,0.7898,0.0054,0.9277,buy
2026-04-02,46.6670,9200900,45.3905,46.7164,45.3509,0.0096,0.0487,0.0747,0.0394,-0.0364,75.4977,0.0120,-0.0160,0.0099,0.9509,-0.0859,0.8401,buy
2026-04-06,47.1420,8677300,46.7659,47.2211,46.6472,0.0102,0.0698,0.0788,0.0420,-0.0257,74.6835,0.0120,-0.0115,0.0114,1.0032,-0.0569,0.8385,buy
2026-04-07,47.3300,13743700,46.9144,47.6862,46.8055,0.0040,0.0715,0.0662,0.0394,-0.0213,75.1552,0.0117,-0.0075,0.0122,0.9933,0.5839,1.3033,buy
2026-04-08,48.7747,13813000,48.5570,49.3486,48.4679,0.0305,0.0722,0.0876,0.0620,0.0087,87.9888,0.0140,-0.0019,0.0138,1.1280,0.0050,1.2660,buy
2026-04-09,49.9523,11399100,48.4679,50.1502,48.3591,0.0241,0.0807,0.1121,0.0758,0.0330,89.6634,0.0145,0.0041,0.0156,1.1307,-0.1748,1.0468,sell
2026-04-10,49.0815,9238400,49.8434,50.0512,49.0518,-0.0174,0.0517,0.1030,0.0467,0.0151,80.4932,0.0159,0.0076,0.0154,0.9425,-0.1896,0.8691,buy
2026-04-13,49.4872,5232900,48.6065,49.5169,48.4383,0.0083,0.0497,0.1231,0.0433,0.0238,79.8377,0.0144,0.0107,0.0147,0.9290,-0.4336,0.5011,sell
2026-04-14,49.0122,6856700,49.2398,49.3190,48.6560,-0.0096,0.0355,0.1095,0.0229,0.0145,74.3353,0.0157,0.0124,0.0132,0.8337,0.3103,0.6717,hold
2026-04-15,49.0716,7225100,49.0716,49.4575,48.7054,0.0012,0.0061,0.0787,0.0165,0.0168,74.3055,0.0144,0.0136,0.0115,0.8057,0.0537,0.7153,hold
2026-04-16,48.9132,10206900,48.8044,49.1705,48.6065,-0.0032,-0.0208,0.0582,0.0076,0.0152,76.6110,0.0144,0.0142,0.0097,0.7621,0.4127,1.0147,buy
2026-04-17,50.0413,13512600,48.2305,50.8033,48.0523,0.0231,0.0196,0.0723,0.0237,0.0404,83.2600,0.0154,0.0159,0.0092,0.8505,0.3239,1.3268,buy
2026-04-20,50.3085,7352400,49.7049,50.6252,49.7049,0.0053,0.0166,0.0672,0.0226,0.0475,83.5498,0.0154,0.0177,0.0088,0.8447,-0.4559,0.7619,hold
2026-04-21,50.5361,8665100,50.3877,51.2090,50.3184,0.0045,0.0311,0.0677,0.0206,0.0541,81.3268,0.0154,0.0192,0.0083,0.8338,0.1785,0.9052,hold
2026-04-22,50.4174,6803900,50.8231,51.0803,50.2491,-0.0023,0.0274,0.0337,0.0148,0.0530,78.1915,0.0130,0.0201,0.0073,0.7903,-0.2148,0.7164,buy
2026-04-23,50.8626,8070400,50.5163,51.0705,50.1502,0.0088,0.0399,0.0182,0.0219,0.0637,78.1915,0.0111,0.0210,0.0067,0.8080,0.1861,0.8450,sell
2026-04-24,50.1996,7320700,50.8923,51.0111,49.9523,-0.0130,0.0032,0.0228,0.0063,0.0511,70.0389,0.0103,0.0209,0.0051,0.7140,-0.0929,0.7724,buy
2026-04-27,50.6944,7201700,50.3283,51.1793,50.2887,0.0099,0.0077,0.0244,0.0138,0.0616,71.1970,0.0104,0.0209,0.0042,0.7581,-0.0163,0.7856,hold
2026-04-28,50.6153,7452700,51.2783,51.5652,50.4174,-0.0016,0.0016,0.0327,0.0090,0.0602,64.0061,0.0097,0.0208,0.0033,0.7415,0.0349,0.8188,sell
2026-04-29,50.1205,6869500,50.5460,50.9220,49.8731,-0.0098,-0.0059,0.0214,-0.0030,0.0506,51.4286,0.0105,0.0198,0.0017,0.6500,-0.0783,0.7679,buy
2026-04-30,50.9616,7608100,49.8335,51.0408,49.6059,0.0168,0.0019,0.0419,0.0096,0.0687,66.0473,0.0112,0.0197,0.0015,0.7872,0.1075,0.8623,sell
2026-05-01,50.3976,4847300,50.6350,50.8429,50.2194,-0.0111,0.0039,0.0071,-0.0023,0.0573,57.5658,0.0100,0.0189,0.0004,0.6616,-0.3629,0.5633,sell
2026-05-04,48.9627,6511800,50.1205,50.1205,48.8539,-0.0285,-0.0342,-0.0268,-0.0281,0.0284,49.6454,0.0134,0.0162,-0.0023,0.2770,0.3434,0.7664,buy
2026-05-05,49.4278,6055800,49.1705,49.6554,48.9726,0.0095,-0.0235,-0.0219,-0.0167,0.0382,52.4129,0.0138,0.0140,-0.0035,0.3409,-0.0700,0.7465,buy
2026-05-06,50.2689,4995900,49.9721,50.4767,49.9622,0.0170,0.0030,-0.0029,0.0004,0.0554,58.4049,0.0150,0.0134,-0.0030,0.6105,-0.1750,0.6512,sell
2026-05-07,49.2200,5338900,50.2293,50.4371,49.1408,-0.0209,-0.0342,-0.0323,-0.0173,0.0337,44.8575,0.0160,0.0115,-0.0042,0.2478,0.0687,0.7246,hold
2026-05-08,49.1100,4301500,49.5100,49.6100,49.0100,-0.0022,-0.0255,-0.0217,-0.0174,0.0322,42.3452,0.0156,0.0095,-0.0050,0.2075,-0.1943,0.6040,sell
2026-05-11,47.9700,6548900,49.2400,49.3800,47.8500,-0.0232,-0.0203,-0.0537,-0.0349,0.0086,35.3213,0.0163,0.0061,-0.0070,-0.0721,0.5225,0.9112,hold
2026-05-12,47.7900,8684400,48.0000,48.0800,47.0600,-0.0038,-0.0331,-0.0558,-0.0330,0.0053,35.0755,0.0162,0.0029,-0.0082,-0.0397,0.3261,1.1931,sell
2026-05-13,46.5400,12525700,47.6900,47.7200,46.3500,-0.0262,-0.0742,-0.0714,-0.0515,-0.0201,27.5022,0.0175,-0.0018,-0.0105,-0.1668,0.4423,1.6604,buy
2026-05-14,47.1300,9802400,46.9900,47.4300,46.8900,0.0127,-0.0425,-0.0752,-0.0319,-0.0070,33.9013,0.0169,-0.0044,-0.0104,0.0271,-0.2174,1.3029,hold
2026-05-15,46.9600,6502600,47.0700,47.1400,46.2400,-0.0036,-0.0438,-0.0682,-0.0285,-0.0102,29.7242,0.0169,-0.0067,-0.0103,0.0644,-0.3366,0.9065,hold
2026-05-18,47.0500,5401600,47.0000,47.2900,46.8100,0.0019,-0.0192,-0.0391,-0.0228,-0.0087,30.6654,0.0152,-0.0083,-0.0095,0.1296,-0.1693,0.7634,sell
2026-05-19,46.7700,5447700,46.8500,47.1200,46.3500,-0.0060,-0.0213,-0.0538,-0.0232,-0.0148,31.3968,0.0145,-0.0100,-0.0089,0.1308,0.0085,0.7879,buy
2026-05-20,48.0000,7078000,47.0100,48.0200,46.4600,0.0263,0.0314,-0.0451,0.0073,0.0103,34.2367,0.0163,-0.0089,-0.0062,0.3457,0.2993,1.0216,hold
2026-05-21,47.8900,7088100,47.6400,48.0900,47.4600,-0.0023,0.0161,-0.0270,0.0078,0.0068,35.9755,0.0152,-0.0083,-0.0045,0.3469,0.0014,1.0304,buy
2026-05-22,48.3800,5460900,48.0500,48.5300,47.9400,0.0102,0.0302,-0.0149,0.0196,0.0152,46.3558,0.0157,-0.0068,-0.0025,0.4429,-0.2296,0.8047,buy
2026-05-26,48.6800,5280200,48.7800,49.1100,48.3400,0.0062,0.0346,0.0148,0.0244,0.0193,45.2248,0.0139,-0.0051,-0.0006,0.5123,-0.0331,0.7893,sell
2026-05-27,48.4600,6863000,48.7400,49.0800,48.2700,-0.0045,0.0361,0.0140,0.0184,0.0128,37.4536,0.0139,-0.0041,0.0003,0.4914,0.2998,1.0304,sell
2026-05-28,47.8000,8100400,48.1600,48.4100,47.3800,-0.0136,-0.0042,0.0271,0.0018,-0.0025,39.5894,0.0115,-0.0044,0.0000,0.3822,0.1803,1.2050,buy
2026-05-29,48.2100,13589800,47.7500,48.2200,47.2100,0.0086,0.0067,0.0229,0.0082,0.0040,43.6798,0.0111,-0.0039,0.0004,0.4907,0.6777,1.9355,sell
2026-06-01,46.8700,11593300,47.6000,47.8900,46.7800,-0.0278,-0.0312,-0.0019,-0.0197,-0.0253,42.4863,0.0146,-0.0058,-0.0011,0.2016,-0.1469,1.5755,buy
2026-06-02,48.1200,13085200,46.7600,48.2500,46.6000,0.0267,-0.0115,0.0227,0.0042,-0.0012,51.9666,0.0169,-0.0049,-0.0002,0.5222,0.1287,1.7022,sell
2026-06-03,47.4200,8257000,47.8100,47.8900,47.0500,-0.0145,-0.0215,0.0139,-0.0117,-0.0169,55.6122,0.0176,-0.0055,-0.0006,0.3637,-0.3690,1.0590,buy
2026-06-04,49.1800,11453200,48.3000,49.2300,48.1100,0.0371,0.0289,0.0246,0.0224,0.0177,61.3762,0.0195,-0.0028,0.0015,0.8969,0.3871,1.4105,hold
2026-06-05,49.2000,6861800,49.3200,49.6600,48.9900,0.0004,0.0205,0.0274,0.0201,0.0163,62.6411,0.0195,-0.0007,0.0029,0.9042,-0.4009,0.8372,sell
2026-06-08,48.8300,6433700,49.0600,49.6400,48.6300,-0.0075,0.0418,0.0093,0.0115,0.0069,59.7374,0.0195,0.0003,0.0031,0.8029,-0.0624,0.7749,buy
2026-06-09,49.4300,8517700,49.2000,50.1100,48.9200,0.0123,0.0272,0.0154,0.0223,0.0170,64.0592,0.0198,0.0020,0.0039,0.9284,0.3239,1.0139,buy
2026-06-10,49.7600,9144400,49.4400,50.1800,49.1600,0.0067,0.0493,0.0268,0.0264,0.0215,60.2804,0.0197,0.0039,0.0046,0.9487,0.0736,1.0855,buy
2026-06-11,50.6800,11512900,50.3300,50.9400,49.8000,0.0185,0.0305,0.0603,0.0392,0.0381,64.8879,0.0194,0.0066,0.0059,1.0735,0.2590,1.3749,buy
2026-06-12,51.6600,9181700,50.9300,51.7700,50.9300,0.0193,0.0500,0.0716,0.0518,0.0559,66.6329,0.0198,0.0101,0.0075,1.1257,-0.2025,1.1006,sell
2026-06-15,48.4800,22998900,51.5500,52.0700,48.3100,-0.0616,-0.0072,0.0344,-0.0162,-0.0099,49.2151,0.0277,0.0085,0.0045,0.4870,1.5049,2.5087,buy
2026-06-16,49.1300,20284800,48.9500,49.3700,48.7100,0.0134,-0.0061,0.0210,-0.0050,0.0026,52.5437,0.0268,0.0075,0.0029,0.6023,-0.1180,2.0466,sell
2026-06-17,48.1700,14775200,49.2000,49.9300,47.8100,-0.0195,-0.0320,0.0158,-0.0259,-0.0173,51.3734,0.0272,0.0053,0.0005,0.3757,-0.2716,1.4237,hold
2026-06-18,48.3300,18836900,48.9000,49.2400,47.9700,0.0033,-0.0464,-0.0173,-0.0210,-0.0139,50.4539,0.0243,0.0037,-0.0009,0.4075,0.2749,1.7178,buy
2026-06-22,48.7600,13838900,48.3200,49.1800,48.3200,0.0089,-0.0561,-0.0089,-0.0114,-0.0046,57.6767,0.0245,0.0030,-0.0012,0.4959,-0.2653,1.2243,buy
2026-06-23,49.6700,15988700,48.9800,49.7300,48.6900,0.0187,0.0245,0.0172,0.0053,0.0137,56.4745,0.0251,0.0039,-0.0002,0.6904,0.1553,1.3516,hold
2026-06-24,49.7900,11272500,49.7000,50.4600,49.6700,0.0024,0.0134,0.0073,0.0070,0.0160,60.4039,0.0248,0.0048,0.0006,0.7016,-0.2950,0.9293,buy
2026-06-25,50.6700,9329600,49.8500,51.2000,49.8300,0.0177,0.0519,0.0183,0.0229,0.0333,57.0885,0.0253,0.0068,0.0021,0.8553,-0.1724,0.7614,hold
2026-06-26,50.4900,8826000,50.8400,50.8600,50.0600,-0.0036,0.0447,-0.0037,0.0197,0.0290,56.0450,0.0247,0.0080,0.0026,0.7860,-0.0540,0.7182,hold
2026-06-29,50.5800,6097000,50.1600,50.6600,50.1000,0.0018,0.0373,-0.0209,0.0237,0.0301,58.4216,0.0238,0.0090,0.0029,0.7753,-0.3092,0.5117,sell
2026-06-30,49.8200,6825500,50.0000,50.3800,49.6100,-0.0150,0.0030,0.0276,0.0056,0.0148,51.8483,0.0128,0.0086,0.0020,0.5969,0.1195,0.5846,buy
2026-07-01,50.8900,7840400,49.2700,51.0300,49.2200,0.0215,0.0221,0.0358,0.0236,0.0363,55.0044,0.0138,0.0096,0.0025,0.8150,0.1487,0.6869,hold
2026-07-02,50.9800,6858700,51.4000,51.4000,50.4800,0.0018,0.0061,0.0583,0.0196,0.0380,51.4340,0.0112,0.0106,0.0028,0.8182,-0.1252,0.6046,buy
2026-07-06,51.4200,5985900,50.3400,51.5100,50.3400,0.0086,0.0184,0.0639,0.0221,0.0465,48.7903,0.0112,0.0118,0.0032,0.8782,-0.1273,0.5407,hold
2026-07-07,51.3600,7510800,51.2800,51.8500,51.2400,-0.0012,0.0154,0.0533,0.0157,0.0451,71.1765,0.0114,0.0126,0.0032,0.8252,0.2547,0.6765,sell
2026-07-08,49.6900,6865800,50.6500,50.7400,49.3700,-0.0325,-0.0026,0.0004,-0.0174,0.0113,53.5805,0.0155,0.0109,0.0009,0.4296,-0.0859,0.6172,buy
2026-07-09,51.3700,9904600,49.9200,51.4500,49.9000,0.0338,0.0094,0.0317,0.0127,0.0452,68.7354,0.0188,0.0113,0.0014,0.7941,0.4426,0.8848,buy
2026-07-10,51.6700,6037100,51.6200,52.0400,51.3300,0.0058,0.0135,0.0197,0.0166,0.0508,69.2396,0.0182,0.0123,0.0019,0.8253,-0.3905,0.5469,hold
2026-07-13,51.9500,7153200,52.0000,52.0400,51.1900,0.0054,0.0103,0.0289,0.0192,0.0557,68.6987,0.0181,0.0132,0.0023,0.8532,0.1849,0.6611,hold
2026-07-14,51.9500,7626900,51.8900,52.6200,51.6100,0.0000,0.0115,0.0271,0.0164,0.0553,64.9606,0.0181,0.0139,0.0024,0.8447,0.0662,0.7099,buy
2026-07-15,52.8000,6300000,52.1600,52.9900,52.0300,0.0164,0.0626,0.0598,0.0271,0.0715,68.0240,0.0174,0.0153,0.0032,0.9554,-0.1740,0.6359,buy
2026-07-16,53.2500,11491100,53.0000,54.0300,52.6000,0.0085,0.0366,0.0464,0.0311,0.0788,66.2879,0.0166,0.0170,0.0040,0.9666,0.8240,1.2136,sell
2026-07-17,52.5000,13920400,52.9000,54.2200,52.4300,-0.0141,0.0161,0.0298,0.0136,0.0623,61.8374,0.0176,0.0173,0.0033,0.8084,0.2114,1.4769,sell
2026-07-20,51.0000,11250400,52.5000,52.6400,50.6900,-0.0286,-0.0183,-0.0082,-0.0146,0.0316,52.1212,0.0200,0.0154,0.0007,0.4934,-0.1918,1.2437,buy
2026-07-21,51.3800,9091700,50.9600,51.3800,50.7200,0.0075,-0.0110,0.0004,-0.0073,0.0384,58.1933,0.0202,0.0137,-0.0006,0.5535,-0.1919,1.0321,buy
2026-07-22,51.7300,7319500,51.5000,51.8700,51.2500,0.0068,-0.0203,0.0411,-0.0044,0.0444,54.7727,0.0166,0.0128,-0.0011,0.6207,-0.1949,0.8739,sell
2026-07-23,51.2000,5973800,51.0800,51.2400,50.5400,-0.0102,-0.0385,-0.0033,-0.0143,0.0323,51.1905,0.0134,0.0114,-0.0022,0.4625,-0.1839,0.7366,buy
2026-07-24,51.7600,5033500,51.4100,52.0400,51.2900,0.0109,-0.0141,0.0017,-0.0037,0.0419,51.8162,0.0138,0.0107,-0.0021,0.6040,-0.1574,0.6375,buy
2026-07-27,52.1200,5630400,52.0300,52.7500,51.8400,0.0070,0.0220,0.0033,0.0029,0.0468,53.9337,0.0139,0.0107,-0.0017,0.6847,0.1186,0.7278,buy
2026-07-28,52.9900,8120900,52.3200,53.0800,52.2200,0.0167,0.0313,0.0200,0.0176,0.0618,68.6230,0.0148,0.0117,-0.0003,0.8824,0.4423,1.0362,sell
2026-07-29,52.3100,7326800,52.5800,53.1400,52.1100,-0.0128,0.0112,-0.0093,0.0055,0.0459,55.9797,0.0145,0.0117,-0.0004,0.6799,-0.0978,0.9319,sell
2026-07-30,52.0100,8529000,52.3900,52.5900,51.5900,-0.0057,0.0158,-0.0233,0.0021,0.0379,52.1628,0.0142,0.0110,-0.0010,0.5740,0.1641,1.0801,hold
2026-07-31,51.8400,6990900,52.0700,52.4300,51.6600,-0.0033,0.0015,-0.0126,0.0001,0.0324,49.2903,0.0136,0.0100,-0.0016,0.5080,-0.1803,0.8846,hold
2026-08-03,51.9200,8206300,51.9400,52.1800,51.2200,0.0015,-0.0038,0.0180,-0.0001,0.0324,49.8084,0.0096,0.0093,-0.0019,0.5257,0.1739,1.0240,buy
