date,close,volume,open,high,low,return_1d,return_5d,return_10d,price_vs_ma10,price_vs_ma50,rsi_14,volatility_10d,macd_norm,macd_hist_norm,bb_position,volume_change,volume_vs_avg20,label
2021-09-10,210.8737,1945600,213.1762,213.5987,210.5719,-0.0037,-0.0052,-0.0178,-0.0063,-0.0324,24.5987,0.0064,-0.0112,-0.0022,0.2671,-0.2138,0.5604,sell
2021-09-13,209.6320,2872000,211.7016,212.3484,208.3386,-0.0059,-0.0050,-0.0244,-0.0097,-0.0381,23.8202,0.0064,-0.0117,-0.0021,0.2100,0.4762,0.8296,sell
2021-09-14,208.8904,1905800,209.8821,210.7617,208.4938,-0.0035,-0.0020,-0.0286,-0.0103,-0.0412,25.2504,0.0063,-0.0122,-0.0021,0.1333,-0.3364,0.5627,buy
2021-09-15,210.5288,1953000,208.9680,211.1497,208.5110,0.0078,-0.0080,-0.0115,-0.0014,-0.0337,30.9408,0.0067,-0.0118,-0.0013,0.2807,0.0248,0.6193,buy
2021-09-16,212.9520,2171400,211.4688,213.4263,211.0549,0.0115,0.0062,0.0024,0.0099,-0.0226,44.7134,0.0078,-0.0103,0.0000,0.4987,0.1118,0.7708,hold
2021-09-17,212.7105,3735900,211.6585,214.3145,211.6585,-0.0011,0.0087,0.0035,0.0084,-0.0236,43.4189,0.0077,-0.0092,0.0009,0.4722,0.7205,1.3583,sell
2021-09-20,208.8042,3329100,209.9597,212.2794,206.5794,-0.0184,-0.0039,-0.0089,-0.0093,-0.0411,34.5857,0.0096,-0.0099,0.0003,0.1446,-0.1089,1.2287,sell
2021-09-21,208.0884,1960300,209.4078,211.3222,208.0281,-0.0034,-0.0038,-0.0058,-0.0121,-0.0436,37.0370,0.0095,-0.0105,-0.0002,0.1035,-0.4112,0.7370,hold
2021-09-22,208.4851,2285900,209.0025,209.8734,206.7173,0.0019,-0.0097,-0.0176,-0.0084,-0.0411,39.4106,0.0081,-0.0107,-0.0003,0.1717,0.1661,0.8623,buy
2021-09-23,209.2612,2038600,209.9769,211.4170,209.0629,0.0037,-0.0173,-0.0113,-0.0036,-0.0368,42.8830,0.0082,-0.0103,-0.0000,0.2664,-0.1082,0.7749,sell
2021-09-24,208.2005,1901400,208.1057,209.3819,207.2865,-0.0051,-0.0212,-0.0127,-0.0074,-0.0408,43.4144,0.0083,-0.0105,-0.0001,0.1752,-0.0673,0.7370,sell
2021-09-27,205.7343,2588400,207.1744,208.9766,205.1220,-0.0118,-0.0147,-0.0186,-0.0173,-0.0513,41.0234,0.0089,-0.0115,-0.0008,-0.0352,0.3613,1.0047,sell
2021-09-28,201.3019,3173900,204.2855,204.6822,200.8017,-0.0215,-0.0326,-0.0363,-0.0350,-0.0705,24.4659,0.0108,-0.0141,-0.0025,-0.2585,0.2262,1.2066,buy
2021-09-29,203.3802,2655500,202.2764,204.9065,201.6210,0.0103,-0.0245,-0.0340,-0.0217,-0.0596,31.9399,0.0112,-0.0148,-0.0026,0.0113,-0.1633,1.0353,sell
2021-09-30,197.2749,5425400,203.4060,203.4060,196.7230,-0.0300,-0.0573,-0.0736,-0.0439,-0.0859,25.9091,0.0126,-0.0182,-0.0046,-0.2095,1.0431,2.0146,hold
2021-10-01,196.9730,3476400,197.6888,197.8957,193.0322,-0.0015,-0.0539,-0.0740,-0.0380,-0.0852,26.8016,0.0126,-0.0205,-0.0055,-0.0818,-0.3592,1.2684,sell
2021-10-04,194.7914,3816400,196.5505,197.4732,192.1958,-0.0111,-0.0532,-0.0671,-0.0421,-0.0929,25.4579,0.0121,-0.0231,-0.0064,-0.0623,0.0978,1.3808,buy
2021-10-05,196.2314,2407300,195.8003,197.9130,194.5930,0.0074,-0.0252,-0.0570,-0.0293,-0.0838,24.9396,0.0129,-0.0240,-0.0059,0.0714,-0.3692,0.8760,hold
2021-10-06,195.6019,2789100,195.0155,196.2142,193.8341,-0.0032,-0.0382,-0.0618,-0.0263,-0.0845,17.5484,0.0127,-0.0249,-0.0054,0.1000,0.1586,1.0160,buy
2021-10-07,198.1803,2352000,197.0851,199.6290,196.9558,0.0132,0.0046,-0.0530,-0.0079,-0.0704,25.0075,0.0138,-0.0239,-0.0037,0.2320,-0.1567,0.8587,hold
2021-10-08,197.3870,2004900,198.3786,199.8187,196.8868,-0.0040,0.0021,-0.0519,-0.0065,-0.0717,28.0067,0.0138,-0.0235,-0.0026,0.2294,-0.1476,0.7311,hold
2021-10-11,197.2317,1998600,197.1024,199.4134,196.9040,-0.0008,0.0125,-0.0413,-0.0031,-0.0701,28.6249,0.0137,-0.0229,-0.0016,0.2497,-0.0031,0.7406,buy
2021-10-12,198.5425,2167400,198.3355,199.5428,197.0421,0.0066,0.0118,-0.0137,0.0050,-0.0619,31.1048,0.0125,-0.0215,-0.0003,0.3207,0.0845,0.7993,buy
2021-10-13,204.1562,3984700,199.6290,204.1735,198.7839,0.0283,0.0437,0.0038,0.0330,-0.0335,41.8052,0.0154,-0.0175,0.0025,0.5571,0.8385,1.4165,buy
2021-10-14,208.7611,4281700,205.9240,210.2357,203.7078,0.0226,0.0534,0.0582,0.0502,-0.0102,50.8079,0.0125,-0.0126,0.0056,0.7681,0.0745,1.4670,buy
2021-10-15,211.8827,3626900,209.8045,213.2969,208.8128,0.0150,0.0734,0.0757,0.0580,0.0058,58.6972,0.0125,-0.0076,0.0083,0.9100,-0.1529,1.2450,buy
2021-10-18,218.7296,4365800,211.2273,218.8072,210.8738,0.0323,0.1090,0.1229,0.0792,0.0387,73.0760,0.0129,-0.0011,0.0114,1.0916,0.2037,1.4724,sell
2021-10-19,217.4706,3204800,219.4884,221.5753,217.1343,-0.0058,0.0953,0.1082,0.0619,0.0336,69.0709,0.0140,0.0034,0.0128,0.9780,-0.2659,1.0586,hold
2021-10-20,217.1602,2209300,219.2987,219.6696,216.7118,-0.0014,0.0637,0.1102,0.0493,0.0330,81.9214,0.0138,0.0067,0.0129,0.9210,-0.3106,0.7307,buy
2021-10-21,219.2125,1758400,216.9791,219.2384,216.7893,0.0095,0.0501,0.1061,0.0486,0.0435,83.8008,0.0138,0.0099,0.0128,0.9348,-0.2041,0.5843,buy
2021-10-22,220.6957,2205700,220.3077,221.9720,219.5402,0.0068,0.0416,0.1181,0.0440,0.0510,90.2250,0.0130,0.0129,0.0126,0.9241,0.2544,0.7292,buy
2021-10-25,224.5072,2488400,221.4632,225.0677,220.8423,0.0173,0.0264,0.1383,0.0486,0.0692,90.8955,0.0123,0.0161,0.0127,0.9538,0.1282,0.8241,sell
2021-10-26,223.1102,2439700,225.4126,225.5075,222.0582,-0.0062,0.0259,0.1237,0.0302,0.0628,88.9214,0.0137,0.0183,0.0119,0.8704,-0.0196,0.8179,sell
2021-10-27,221.2217,2269700,223.2913,223.6794,220.5146,-0.0085,0.0187,0.0836,0.0135,0.0536,83.2504,0.0137,0.0192,0.0102,0.7951,-0.0697,0.7659,buy
2021-10-28,222.6705,1735200,222.7050,224.3347,222.0754,0.0065,0.0158,0.0666,0.0137,0.0596,85.8085,0.0127,0.0200,0.0088,0.7948,-0.2355,0.6244,buy
2021-10-29,223.8777,2417800,221.1958,224.0156,221.1958,0.0054,0.0144,0.0566,0.0136,0.0641,86.6462,0.0124,0.0208,0.0077,0.7901,0.3934,0.8869,sell
2021-11-01,222.4117,1718100,225.5420,225.7575,222.0409,-0.0065,-0.0093,0.0168,0.0053,0.0568,82.6878,0.0086,0.0208,0.0062,0.7351,-0.2894,0.6554,buy
2021-11-02,224.4296,2228000,223.3689,225.2402,222.9464,0.0091,0.0059,0.0320,0.0113,0.0657,80.7965,0.0084,0.0211,0.0052,0.7560,0.2968,0.8529,hold
2021-11-03,224.5589,2397300,223.0843,224.7659,221.3769,0.0006,0.0151,0.0341,0.0085,0.0654,77.7745,0.0083,0.0212,0.0043,0.7383,0.0760,0.9246,hold
2021-11-04,224.5848,3031000,224.7745,226.3698,223.7052,0.0001,0.0086,0.0245,0.0062,0.0648,75.0596,0.0081,0.0211,0.0033,0.7189,0.2643,1.1539,sell
2021-11-05,219.2642,4060300,225.0677,225.2746,218.0052,-0.0237,-0.0206,-0.0065,-0.0170,0.0391,51.1223,0.0114,0.0193,0.0009,0.5593,0.3396,1.4876,sell
2021-11-08,218.4536,2523100,218.3846,220.8423,217.3326,-0.0037,-0.0178,-0.0270,-0.0180,0.0349,52.1033,0.0095,0.0171,-0.0011,0.5059,-0.3786,0.9156,buy
2021-11-09,220.0317,2346800,217.9793,220.2559,217.7983,0.0072,-0.0196,-0.0138,-0.0095,0.0419,55.8277,0.0099,0.0156,-0.0020,0.5305,-0.0699,0.8489,sell
2021-11-10,219.0745,2093100,219.0573,220.7561,217.8673,-0.0044,-0.0244,-0.0097,-0.0129,0.0367,49.7070,0.0096,0.0140,-0.0029,0.4385,-0.1081,0.7839,buy
2021-11-11,220.7647,2199400,219.2642,221.2562,218.7727,0.0077,-0.0170,-0.0086,-0.0044,0.0439,50.1452,0.0097,0.0131,-0.0030,0.5046,0.0508,0.8572,buy
2021-11-12,224.2226,2497600,221.9461,225.8179,221.3425,0.0157,0.0226,0.0015,0.0110,0.0590,49.3918,0.0109,0.0133,-0.0020,0.7823,0.1356,0.9953,buy
2021-11-15,227.9393,4852400,226.6113,231.9491,225.4127,0.0166,0.0434,0.0249,0.0252,0.0748,59.3898,0.0118,0.0146,-0.0004,1.0335,0.9428,1.9151,buy
2021-11-16,230.5005,4355800,227.5672,231.4869,227.3422,0.0112,0.0476,0.0271,0.0339,0.0847,67.5819,0.0119,0.0163,0.0012,1.1109,-0.1023,1.6809,sell
2021-11-17,219.6067,11855900,219.7711,222.5227,217.5906,-0.0473,0.0024,-0.0221,-0.0128,0.0328,45.7248,0.0198,0.0145,-0.0011,0.2648,1.7219,3.8572,sell
2021-11-18,218.0924,5786300,221.5881,222.0640,216.0157,-0.0069,-0.0121,-0.0289,-0.0167,0.0250,41.9959,0.0199,0.0118,-0.0031,0.1565,-0.5119,1.7668,hold
2021-11-19,216.9243,3960900,217.2705,219.6759,216.6734,-0.0054,-0.0325,-0.0107,-0.0209,0.0190,42.3449,0.0185,0.0091,-0.0047,0.1066,-0.3155,1.1778,sell
2021-11-22,211.6202,5568900,217.5560,217.7723,208.7129,-0.0245,-0.0716,-0.0313,-0.0419,-0.0062,33.6314,0.0200,0.0051,-0.0073,-0.1084,0.4060,1.5835,buy
2021-11-23,215.6091,4053400,212.5547,216.0764,210.6338,0.0188,-0.0646,-0.0201,-0.0219,0.0119,39.5902,0.0210,0.0031,-0.0072,0.1716,-0.2721,1.1267,hold
2021-11-24,215.2457,3052000,214.5015,215.9898,212.9614,-0.0017,-0.0199,-0.0175,-0.0218,0.0098,39.2221,0.0209,0.0014,-0.0071,0.1830,-0.2471,0.8392,sell
2021-11-26,213.3508,3180900,215.1851,217.5820,212.6672,-0.0088,-0.0217,-0.0336,-0.0272,0.0009,42.5895,0.0208,-0.0006,-0.0074,0.1279,0.0422,0.8576,buy
2021-11-29,215.5918,3027600,215.0553,217.6857,213.7314,0.0105,-0.0061,-0.0385,-0.0131,0.0111,46.5378,0.0203,-0.0014,-0.0064,0.2681,-0.0482,0.8096,sell
2021-11-30,210.9885,7907900,213.1690,213.7141,209.6041,-0.0214,-0.0030,-0.0744,-0.0266,-0.0107,39.8059,0.0196,-0.0037,-0.0071,0.0924,1.6119,1.9531,sell
2021-12-01,208.0033,3851600,212.5806,214.9342,207.8649,-0.0141,-0.0353,-0.0976,-0.0303,-0.0247,38.0655,0.0186,-0.0067,-0.0081,0.0305,-0.5129,0.9326,buy
2021-12-02,212.4249,3684000,209.3013,213.3940,208.8686,0.0213,-0.0131,-0.0327,-0.0064,-0.0043,41.5099,0.0157,-0.0071,-0.0068,0.2504,-0.0435,0.8783,buy
2021-12-03,214.2160,4838700,213.4892,214.9428,212.2605,0.0084,0.0041,-0.0178,0.0038,0.0036,39.4551,0.0161,-0.0067,-0.0051,0.3477,0.3134,1.1293,sell
2021-12-06,210.2357,3772600,214.9861,215.3236,209.6733,-0.0186,-0.0248,-0.0308,-0.0117,-0.0152,31.4472,0.0169,-0.0080,-0.0051,0.2006,-0.2203,0.8834,buy
2021-12-07,212.5374,3565900,211.6721,213.0565,210.8414,0.0109,0.0073,0.0043,-0.0013,-0.0051,31.0722,0.0156,-0.0078,-0.0040,0.3157,-0.0548,0.8249,sell
2021-12-08,207.3198,4929400,213.4979,214.0084,206.1084,-0.0245,-0.0033,-0.0384,-0.0220,-0.0300,35.2941,0.0160,-0.0099,-0.0048,0.1395,0.3824,1.1073,sell
2021-12-09,205.5546,2762200,206.8958,207.4063,204.0577,-0.0085,-0.0323,-0.0450,-0.0259,-0.0385,35.0834,0.0160,-0.0120,-0.0055,0.1198,-0.4396,0.6159,hold
2021-12-10,206.0911,2487200,205.2085,207.4496,204.8018,0.0026,-0.0379,-0.0340,-0.0200,-0.0368,36.9146,0.0161,-0.0133,-0.0054,0.1781,-0.0996,0.5528,sell
2021-12-13,202.6213,3783500,205.8661,206.3853,201.0898,-0.0168,-0.0362,-0.0602,-0.0305,-0.0535,38.6264,0.0158,-0.0157,-0.0062,0.0981,0.5212,0.8290,buy
2021-12-14,203.5818,3364800,199.8005,204.3432,199.8005,0.0047,-0.0421,-0.0351,-0.0225,-0.0498,33.5385,0.0151,-0.0168,-0.0058,0.1512,-0.1107,0.7495,buy
2021-12-15,204.7672,3433500,202.1281,204.9143,200.3543,0.0058,-0.0123,-0.0156,-0.0152,-0.0450,35.9740,0.0149,-0.0170,-0.0049,0.1792,0.0204,0.7727,sell
2021-12-16,194.4964,7302100,204.1702,204.7672,194.2455,-0.0502,-0.0538,-0.0844,-0.0565,-0.0928,29.3850,0.0192,-0.0221,-0.0075,-0.1570,1.1267,1.7321,sell
2021-12-17,193.2245,5832300,194.5397,195.8030,191.6324,-0.0065,-0.0624,-0.0980,-0.0530,-0.0983,25.0145,0.0183,-0.0258,-0.0089,-0.0821,-0.2013,1.3827,sell
2021-12-20,189.6595,5233200,191.2516,191.6583,185.6879,-0.0184,-0.0640,-0.0979,-0.0610,-0.1143,25.6085,0.0183,-0.0304,-0.0105,-0.0814,-0.1027,1.2223,hold
2021-12-21,190.4210,3975700,190.2566,191.0353,187.3146,0.0040,-0.0646,-0.1041,-0.0468,-0.1102,28.8157,0.0176,-0.0328,-0.0104,0.0285,-0.2403,0.9462,sell
2021-12-22,188.4049,4182600,190.1874,191.4680,187.7646,-0.0106,-0.0799,-0.0912,-0.0479,-0.1188,19.2783,0.0169,-0.0356,-0.0104,0.0414,0.0520,0.9939,buy
2021-12-23,191.2343,3345300,189.1057,192.2121,188.8808,0.0150,-0.0168,-0.0697,-0.0266,-0.1045,21.3668,0.0186,-0.0354,-0.0084,0.1589,-0.2002,0.7922,buy
2021-12-27,193.9080,4335600,192.1775,194.4185,191.1045,0.0140,0.0035,-0.0591,-0.0068,-0.0907,28.9725,0.0196,-0.0337,-0.0057,0.2573,0.2960,1.0128,hold
2021-12-28,194.6089,3202400,194.2108,196.8499,193.5100,0.0036,0.0261,-0.0395,0.0009,-0.0859,25.9181,0.0193,-0.0319,-0.0032,0.2974,-0.2614,0.7466,buy
2021-12-29,197.2133,3065800,195.0069,198.6410,195.0069,0.0134,0.0357,-0.0313,0.0176,-0.0718,35.3999,0.0200,-0.0288,-0.0004,0.3884,-0.0427,0.7575,buy
2021-12-30,200.6658,4007400,197.9748,202.3617,197.9748,0.0175,0.0651,-0.0200,0.0377,-0.0541,43.2658,0.0209,-0.0246,0.0027,0.5002,0.3071,0.9882,hold
2021-12-31,200.2591,2485100,201.4100,202.1454,198.3382,-0.0020,0.0472,0.0296,0.0325,-0.0545,41.9378,0.0122,-0.0215,0.0046,0.5066,-0.3799,0.6220,hold
2022-01-03,200.7004,3018000,199.9390,200.9859,197.9402,0.0022,0.0350,0.0387,0.0308,-0.0507,47.1018,0.0118,-0.0187,0.0060,0.5461,0.2144,0.7730,buy
2022-01-04,202.6213,3327600,200.7523,203.8933,200.3716,0.0096,0.0412,0.0683,0.0338,-0.0400,48.5918,0.0088,-0.0153,0.0072,0.6341,0.1026,0.8572,sell
2022-01-05,198.0267,3885800,203.1751,204.4903,197.9488,-0.0227,0.0041,0.0399,0.0064,-0.0594,41.0150,0.0129,-0.0148,0.0066,0.4898,0.1677,0.9969,buy
2022-01-06,200.1813,4193200,192.7312,201.3148,192.7312,0.0109,-0.0024,0.0625,0.0113,-0.0471,59.6703,0.0119,-0.0130,0.0066,0.6014,0.0791,1.0860,hold
2022-01-07,199.6881,3052900,199.1689,201.7820,198.2344,-0.0025,-0.0029,0.0442,0.0045,-0.0475,61.2942,0.0117,-0.0117,0.0063,0.5972,-0.2719,0.7877,sell
2022-01-10,196.7807,4858100,197.7412,197.8364,192.9735,-0.0146,-0.0195,0.0148,-0.0115,-0.0591,62.7360,0.0126,-0.0119,0.0051,0.4811,0.5913,1.2163,hold
2022-01-11,196.8932,3048900,197.3605,197.8969,193.8215,0.0006,-0.0283,0.0117,-0.0121,-0.0561,61.8505,0.0126,-0.0118,0.0042,0.5014,-0.3724,0.7704,sell
2022-01-12,194.2282,4233300,197.4470,199.1343,193.9080,-0.0135,-0.0192,-0.0151,-0.0240,-0.0663,60.4148,0.0126,-0.0128,0.0027,0.3800,0.3885,1.0581,buy
2022-01-13,195.4049,3459000,194.9290,196.2443,193.6052,0.0061,-0.0239,-0.0262,-0.0155,-0.0581,57.9276,0.0111,-0.0127,0.0022,0.4677,-0.1829,0.8643,sell
2022-01-14,191.5718,5282600,192.4543,194.0811,188.9673,-0.0196,-0.0406,-0.0434,-0.0306,-0.0736,45.7466,0.0123,-0.0144,0.0006,0.2480,0.5272,1.3541,sell
2022-01-18,190.3690,4652500,189.3047,191.1824,188.0068,-0.0063,-0.0326,-0.0515,-0.0316,-0.0763,42.4195,0.0121,-0.0160,-0.0007,0.1947,-0.1193,1.2109,buy
2022-01-19,193.6830,4091200,191.8746,197.5421,190.9141,0.0174,-0.0163,-0.0441,-0.0102,-0.0579,43.8443,0.0133,-0.0153,-0.0002,0.3687,-0.1206,1.0809,sell
2022-01-20,191.8487,4307900,194.7041,198.4161,191.3468,-0.0095,-0.0123,-0.0312,-0.0165,-0.0644,33.7064,0.0119,-0.0158,-0.0004,0.2475,0.0530,1.1331,sell
2022-01-21,187.9809,7859300,190.3604,191.1305,185.3591,-0.0202,-0.0380,-0.0609,-0.0303,-0.0804,29.8837,0.0119,-0.0178,-0.0017,0.0137,0.8244,1.9719,buy
2022-01-24,190.8622,5617700,186.3715,191.2516,183.3690,0.0153,-0.0037,-0.0442,-0.0109,-0.0637,35.0748,0.0137,-0.0174,-0.0012,0.1937,-0.2852,1.3704,sell
2022-01-25,185.7571,4929100,188.9413,189.2182,184.2256,-0.0267,-0.0242,-0.0560,-0.0318,-0.0856,26.6698,0.0152,-0.0198,-0.0025,-0.0205,-0.1226,1.1938,sell
2022-01-26,183.1872,4207500,186.5705,187.9116,182.0364,-0.0138,-0.0542,-0.0696,-0.0383,-0.0946,28.2525,0.0152,-0.0224,-0.0040,-0.0408,-0.1464,1.0068,hold
2022-01-27,183.5939,4004300,186.3195,188.0414,182.9104,0.0022,-0.0430,-0.0548,-0.0308,-0.0886,24.3784,0.0153,-0.0238,-0.0043,0.0528,-0.0483,0.9475,buy
2022-01-28,188.3443,2906200,185.4197,188.4481,182.1576,0.0259,0.0019,-0.0361,-0.0020,-0.0611,34.5145,0.0180,-0.0221,-0.0024,0.2763,-0.2742,0.6968,buy
2022-01-31,190.7325,4151100,187.6867,190.9921,187.1848,0.0127,-0.0007,-0.0044,0.0111,-0.0465,41.6247,0.0177,-0.0196,-0.0002,0.3949,0.4284,0.9757,sell
2022-02-01,189.6942,4117400,192.0823,192.5409,187.1849,-0.0054,0.0212,-0.0035,0.0060,-0.0490,40.2804,0.0177,-0.0183,0.0010,0.3678,-0.0081,0.9555,sell
2022-02-02,188.2924,4588500,188.8548,190.4383,186.3196,-0.0074,0.0279,-0.0278,0.0014,-0.0533,41.7029,0.0166,-0.0176,0.0015,0.3208,0.1144,1.0494,sell
2022-02-03,184.4938,6357800,185.3851,188.9067,183.9314,-0.0202,0.0049,-0.0383,-0.0149,-0.0698,35.7900,0.0174,-0.0188,0.0005,0.1663,0.3856,1.4141,hold
2022-02-04,185.2034,3754700,185.2726,186.4667,182.1749,0.0038,-0.0167,-0.0148,-0.0097,-0.0634,40.9716,0.0165,-0.0188,0.0003,0.2221,-0.4094,0.8392,sell
2022-02-07,182.8239,4402800,185.8004,186.1725,181.9672,-0.0128,-0.0415,-0.0421,-0.0182,-0.0724,39.6487,0.0158,-0.0200,-0.0004,0.1210,0.1726,0.9695,buy
2022-02-08,184.2602,2926600,182.6421,185.7398,182.2701,0.0079,-0.0286,-0.0081,-0.0097,-0.0623,36.3705,0.0140,-0.0197,-0.0002,0.2250,-0.3353,0.6584,buy
2022-02-09,187.4531,2562700,186.0254,187.9203,185.2120,0.0173,-0.0045,0.0233,0.0052,-0.0433,43.8825,0.0142,-0.0176,0.0012,0.4327,-0.1243,0.5797,sell
2022-02-10,185.0303,3038100,185.4976,188.1972,184.0526,-0.0129,0.0029,0.0078,-0.0086,-0.0532,45.7215,0.0150,-0.0174,0.0013,0.2960,0.1855,0.6967,sell
2022-02-11,183.0575,2852400,185.3072,185.8177,182.3912,-0.0107,-0.0116,-0.0281,-0.0164,-0.0609,38.3763,0.0125,-0.0178,0.0009,0.1796,-0.0611,0.6587,sell
2022-02-14,180.4703,4066700,182.7373,183.0055,177.9956,-0.0141,-0.0129,-0.0538,-0.0249,-0.0711,41.4879,0.0116,-0.0192,-0.0002,0.0545,0.4257,0.9525,hold
2022-02-15,180.0445,4739300,181.9042,181.9042,178.8452,-0.0024,-0.0229,-0.0509,-0.0221,-0.0700,44.5647,0.0117,-0.0202,-0.0009,0.0846,0.1654,1.1089,hold
2022-02-16,180.5920,3340600,179.7838,181.4958,177.9762,0.0030,-0.0366,-0.0409,-0.0150,-0.0643,44.8334,0.0119,-0.0203,-0.0009,0.1442,-0.2951,0.7885,sell
2022-02-17,177.2810,3865900,179.5317,179.8446,177.1680,-0.0183,-0.0419,-0.0391,-0.0292,-0.0781,29.9665,0.0116,-0.0221,-0.0018,-0.0135,0.1572,0.9173,hold
2022-02-18,177.6199,3321700,177.7329,179.5665,176.8291,0.0019,-0.0297,-0.0409,-0.0233,-0.0735,24.3524,0.0115,-0.0228,-0.0020,0.0743,-0.1408,0.8330,sell
2022-02-22,170.6329,5621300,176.0904,176.5684,169.0252,-0.0393,-0.0545,-0.0667,-0.0554,-0.1067,19.7552,0.0159,-0.0273,-0.0046,-0.1695,0.6923,1.4096,sell
2022-02-23,165.0277,4471300,171.1109,171.9539,164.7757,-0.0328,-0.0834,-0.1044,-0.0766,-0.1323,17.4302,0.0170,-0.0335,-0.0080,-0.1931,-0.2046,1.1277,buy
2022-02-24,166.4616,3917700,160.3263,166.6441,159.9005,0.0087,-0.0782,-0.1120,-0.0575,-0.1214,22.9655,0.0155,-0.0362,-0.0088,-0.0242,-0.1238,0.9917,buy
2022-02-25,173.1271,4098500,166.4269,173.3704,166.2618,0.0400,-0.0234,-0.0643,-0.0131,-0.0833,34.6382,0.0225,-0.0337,-0.0058,0.2336,0.0461,1.0363,hold
2022-02-28,173.6050,6192200,171.5107,174.8303,170.1897,0.0028,-0.0226,-0.0516,-0.0051,-0.0777,37.6769,0.0226,-0.0320,-0.0034,0.2736,0.5108,1.5032,buy
2022-03-01,190.6900,15776100,197.1208,197.3554,189.9253,0.0984,0.1175,0.0566,0.0865,0.0135,56.0598,0.0394,-0.0206,0.0044,0.8520,1.5477,3.3562,buy
2022-03-02,195.4436,6357700,192.9234,196.5038,190.0209,0.0249,0.1843,0.0855,0.1039,0.0385,57.3154,0.0397,-0.0114,0.0104,0.9724,-0.5970,1.3210,hold
2022-03-03,194.5224,4604600,196.5038,199.1717,193.2449,-0.0047,0.1686,0.0771,0.0901,0.0330,58.9358,0.0399,-0.0048,0.0136,0.9106,-0.2757,0.9566,hold
2022-03-04,194.7484,3996100,193.5578,195.6087,192.6106,0.0012,0.1249,0.0985,0.0808,0.0338,61.3801,0.0389,0.0005,0.0152,0.8777,-0.1322,0.8511,sell
2022-03-07,183.3989,5743400,194.7484,195.1916,182.9905,-0.0583,0.0564,0.0325,0.0146,-0.0260,52.4354,0.0446,0.0000,0.0125,0.5592,0.4373,1.1978,hold
2022-03-08,181.4610,4463200,183.5640,185.8930,179.6274,-0.0106,-0.0484,0.0635,-0.0021,-0.0352,51.1490,0.0423,-0.0012,0.0091,0.5061,-0.2229,0.9303,buy
2022-03-09,187.7093,3183200,185.7279,189.8123,185.4846,0.0344,-0.0396,0.1374,0.0195,-0.0014,55.2846,0.0406,0.0005,0.0084,0.6769,-0.2868,0.6617,hold
2022-03-10,186.6490,3155300,185.6236,187.2574,182.5646,-0.0056,-0.0405,0.1213,0.0028,-0.0062,57.1962,0.0410,0.0014,0.0075,0.6487,-0.0088,0.6519,sell
2022-03-11,179.8620,4042600,187.4138,188.1698,179.7142,-0.0364,-0.0764,0.0389,-0.0372,-0.0405,51.5670,0.0424,-0.0008,0.0044,0.4644,0.2812,0.8266,hold
2022-03-14,181.4175,3168500,180.9396,183.2860,178.1066,0.0086,-0.0108,0.0450,-0.0329,-0.0302,58.1569,0.0424,-0.0019,0.0026,0.5108,-0.2162,0.6458,buy
2022-03-15,187.1444,2866700,182.9384,187.8831,182.9384,0.0316,0.0313,-0.0186,-0.0005,0.0018,66.6973,0.0293,-0.0002,0.0033,0.6618,-0.0953,0.5915,hold
2022-03-16,187.3530,3029800,188.5175,190.0556,184.0072,0.0011,-0.0019,-0.0414,0.0050,0.0043,66.0695,0.0279,0.0011,0.0037,0.6558,0.0569,0.6364,buy
2022-03-17,191.7329,3655400,186.8403,191.9675,186.3884,0.0234,0.0272,-0.0143,0.0300,0.0290,64.8330,0.0292,0.0040,0.0052,0.7544,0.2065,0.7653,buy
2022-03-18,196.4430,6544800,190.2207,196.5212,189.5168,0.0246,0.0922,0.0087,0.0543,0.0545,67.0561,0.0303,0.0079,0.0073,0.8396,0.7904,1.3328,sell
2022-03-21,193.7924,3023500,196.4256,198.5373,192.3325,-0.0135,0.0682,0.0567,0.0344,0.0409,52.9538,0.0229,0.0101,0.0076,0.7461,-0.5380,0.6176,hold
2022-03-22,193.5926,2464000,194.4095,195.2090,192.7062,-0.0010,0.0345,0.0669,0.0266,0.0406,48.0703,0.0223,0.0115,0.0072,0.7189,-0.1851,0.5201,sell
2022-03-23,188.3350,2993500,193.1581,193.5578,187.6572,-0.0272,0.0052,0.0033,-0.0016,0.0132,44.0844,0.0223,0.0106,0.0049,0.5589,0.2149,0.6419,hold
2022-03-24,188.6130,2240400,188.6044,190.0643,187.8483,0.0015,-0.0163,0.0105,-0.0011,0.0156,44.1401,0.0222,0.0096,0.0031,0.5411,-0.2516,0.4892,buy
2022-03-25,189.9774,2465700,189.4908,191.1245,187.9961,0.0072,-0.0329,0.0562,0.0007,0.0234,57.7641,0.0179,0.0092,0.0023,0.5687,0.1006,0.5481,hold
2022-03-28,190.7682,2212000,189.4995,190.7682,188.1003,0.0042,-0.0156,0.0515,-0.0000,0.0282,61.2903,0.0179,0.0092,0.0018,0.5804,-0.1029,0.5145,buy
2022-03-29,193.7316,3072200,192.9234,195.1568,191.3592,0.0155,0.0007,0.0352,0.0120,0.0439,57.9381,0.0158,0.0102,0.0023,0.7188,0.3889,0.8385,hold
2022-03-30,192.8887,2464900,192.6366,194.3921,191.7329,-0.0044,0.0242,0.0295,0.0047,0.0391,58.2719,0.0160,0.0106,0.0022,0.6882,-0.1977,0.7105,sell
2022-03-31,184.4244,4615500,189.7341,191.3592,184.2853,-0.0439,-0.0222,-0.0381,-0.0357,-0.0055,55.7909,0.0201,0.0077,-0.0009,0.2787,0.8725,1.3301,sell
2022-04-01,182.9644,3217100,185.3803,186.0842,182.1562,-0.0079,-0.0369,-0.0686,-0.0366,-0.0124,51.9682,0.0175,0.0043,-0.0035,0.2305,-0.3030,0.9376,buy
2022-04-04,186.3275,3167000,182.6602,186.5013,179.1841,0.0184,-0.0233,-0.0385,-0.0150,0.0059,48.8941,0.0190,0.0029,-0.0038,0.3965,-0.0156,0.9590,hold
2022-04-05,186.6577,2538500,185.5280,189.7688,185.2586,0.0018,-0.0365,-0.0358,-0.0096,0.0082,49.0619,0.0191,0.0021,-0.0037,0.3944,-0.1985,0.7918,hold
2022-04-06,187.6571,3678500,183.9464,188.6565,183.3642,0.0054,-0.0271,-0.0036,-0.0039,0.0133,43.9483,0.0173,0.0018,-0.0032,0.4512,0.4491,1.1386,buy
2022-04-07,198.3027,7938100,190.3163,199.7105,189.8210,0.0567,0.0753,0.0514,0.0472,0.0691,52.3475,0.0250,0.0057,0.0008,0.9705,1.1580,2.2877,buy
2022-04-08,202.7781,6631200,202.4827,205.1506,200.4144,0.0226,0.1083,0.0674,0.0636,0.0910,60.8431,0.0256,0.0104,0.0045,1.0933,-0.1646,1.8423,sell
2022-04-11,199.2760,3172200,202.7086,205.0550,198.9284,-0.0173,0.0695,0.0446,0.0406,0.0709,56.3520,0.0267,0.0129,0.0055,0.8898,-0.5216,0.8813,buy
2022-04-12,201.0401,3366600,201.8744,204.5771,200.2146,0.0089,0.0771,0.0377,0.0458,0.0791,65.4024,0.0265,0.0151,0.0062,0.9130,0.0613,0.9288,buy
2022-04-13,203.1953,2451300,200.1364,204.3859,199.4498,0.0107,0.0828,0.0534,0.0514,0.0891,66.9086,0.0264,0.0175,0.0069,0.9396,-0.2719,0.6817,buy
2022-04-14,206.1326,3909700,203.2735,206.9929,202.5783,0.0145,0.0395,0.1177,0.0547,0.1028,68.0731,0.0199,0.0201,0.0078,0.9758,0.5949,1.0835,buy
2022-04-18,208.0358,3341800,204.6900,209.6609,204.2903,0.0092,0.0259,0.1370,0.0510,0.1101,68.8484,0.0188,0.0226,0.0083,0.9729,-0.1453,0.9691,buy
2022-04-19,213.8234,4715700,208.8352,214.8228,208.1053,0.0278,0.0730,0.1476,0.0654,0.1376,70.6576,0.0193,0.0260,0.0097,1.0440,0.4111,1.3348,buy
2022-04-20,216.6652,3735500,216.0568,218.0990,214.1624,0.0133,0.0777,0.1608,0.0637,0.1485,73.4809,0.0188,0.0295,0.0107,1.0177,-0.2079,1.0387,hold
2022-04-21,215.6658,3967700,217.9948,221.4882,215.1791,-0.0046,0.0614,0.1493,0.0444,0.1394,86.1888,0.0196,0.0319,0.0105,0.9268,0.0622,1.0885,sell
2022-04-22,210.0258,3431300,214.2580,214.8229,209.8086,-0.0262,0.0189,0.0591,0.0114,0.1070,78.5793,0.0170,0.0321,0.0081,0.7661,-0.1352,0.9262,hold
2022-04-25,210.0084,3265100,208.5572,211.1034,207.0624,-0.0001,0.0095,0.0357,0.0078,0.1040,76.9109,0.0160,0.0313,0.0057,0.7405,-0.0484,0.8720,sell
2022-04-26,205.5243,2915500,208.1835,210.7384,205.4461,-0.0214,-0.0388,0.0314,-0.0167,0.0779,69.5903,0.0167,0.0291,0.0024,0.6222,-0.1071,0.7713,sell
2022-04-27,200.7186,2995300,205.4808,206.4193,200.2840,-0.0234,-0.0736,-0.0016,-0.0395,0.0505,62.5690,0.0185,0.0253,-0.0016,0.5026,0.0274,0.7933,buy
2022-04-28,205.4287,2317800,203.7254,206.4976,200.5535,0.0235,-0.0475,0.0110,-0.0180,0.0723,57.7417,0.0197,0.0228,-0.0028,0.5993,-0.2262,0.6150,sell
2022-04-29,198.7024,3220700,203.7775,204.9420,198.3201,-0.0327,-0.0539,-0.0360,-0.0468,0.0352,45.7786,0.0217,0.0191,-0.0059,0.4174,0.3896,0.8707,hold
2022-05-02,199.6844,3049000,200.0060,202.4827,195.6695,0.0049,-0.0492,-0.0401,-0.0382,0.0379,50.4463,0.0215,0.0157,-0.0074,0.4118,-0.0533,0.8262,buy
2022-05-03,202.0829,3027600,200.7794,203.7775,199.4411,0.0120,-0.0167,-0.0549,-0.0212,0.0477,51.1240,0.0194,0.0137,-0.0073,0.4528,-0.0070,0.8219,buy
2022-05-04,206.3325,3256300,201.4833,207.3405,199.1283,0.0210,0.0280,-0.0477,0.0045,0.0658,53.2353,0.0203,0.0135,-0.0056,0.5652,0.0755,0.8755,sell
2022-05-05,200.5361,3466500,204.7508,204.9681,198.3983,-0.0281,-0.0238,-0.0702,-0.0165,0.0320,44.5498,0.0216,0.0115,-0.0065,0.2937,0.0646,0.9347,sell
2022-05-06,195.7130,3683300,196.2691,199.5801,193.4883,-0.0241,-0.0150,-0.0681,-0.0334,0.0042,38.6451,0.0214,0.0077,-0.0086,0.0996,0.0625,1.0536,hold
2022-05-09,194.8353,4672300,193.9662,198.2940,193.2015,-0.0045,-0.0243,-0.0723,-0.0305,-0.0025,30.7625,0.0213,0.0042,-0.0098,0.1072,0.2685,1.3750,sell
2022-05-10,190.4119,3748000,196.9122,198.7893,188.3089,-0.0227,-0.0578,-0.0735,-0.0453,-0.0268,24.2280,0.0214,-0.0005,-0.0118,0.0022,-0.1978,1.0937,sell
2022-05-11,185.5280,3193600,190.6640,191.9849,184.5634,-0.0256,-0.1008,-0.0757,-0.0626,-0.0513,22.5111,0.0216,-0.0065,-0.0145,-0.0542,-0.1479,0.9343,buy
2022-05-12,188.8130,3547400,185.4151,191.8980,185.1544,0.0177,-0.0585,-0.0809,-0.0380,-0.0339,29.7830,0.0208,-0.0095,-0.0139,0.1011,0.1108,1.0214,buy
2022-05-13,190.9507,3146700,191.1767,194.0532,189.2822,0.0113,-0.0243,-0.0390,-0.0232,-0.0226,32.5426,0.0196,-0.0108,-0.0121,0.1961,-0.1130,0.9161,hold
2022-05-16,190.5336,3345600,191.2810,192.6193,187.9439,-0.0022,-0.0221,-0.0458,-0.0208,-0.0243,35.1626,0.0194,-0.0120,-0.0106,0.2158,0.0632,0.9740,sell
2022-05-17,187.8547,6641600,183.7971,188.1165,182.4882,-0.0141,-0.0134,-0.0704,-0.0274,-0.0384,36.7080,0.0187,-0.0141,-0.0102,0.1766,0.9852,1.8808,sell
2022-05-18,141.0219,50936800,142.2959,146.5979,135.4285,-0.2493,-0.2399,-0.3165,-0.2443,-0.2751,14.4210,0.0772,-0.0470,-0.0335,-0.3929,6.6694,8.6460,sell
2022-05-19,133.8840,23319000,140.7252,140.8649,132.0079,-0.0506,-0.2909,-0.3324,-0.2560,-0.3080,14.3557,0.0774,-0.0766,-0.0498,-0.2234,-0.5422,3.3998,hold
2022-05-20,135.5681,12300200,134.0498,135.9521,131.6676,0.0126,-0.2900,-0.3073,-0.2206,-0.2956,15.0120,0.0789,-0.0947,-0.0546,-0.0675,-0.4725,1.6844,hold
2022-05-23,134.2941,7700100,135.2453,136.2226,133.7531,-0.0094,-0.2952,-0.3107,-0.2001,-0.2989,12.5482,0.0787,-0.1103,-0.0559,0.0087,-0.3740,1.0234,sell
2022-05-24,130.8473,10936600,132.2697,132.7147,126.9730,-0.0257,-0.3035,-0.3128,-0.1919,-0.3133,7.9230,0.0787,-0.1259,-0.0560,0.0491,0.4203,1.3800,buy
2022-05-25,136.4931,8107700,131.1004,136.9817,130.4721,0.0431,-0.0321,-0.2643,-0.1308,-0.2798,14.2410,0.0823,-0.1255,-0.0468,0.1453,-0.2587,0.9911,buy
2022-05-26,142.4093,7369700,137.8543,142.5228,137.7409,0.0433,0.0637,-0.2458,-0.0655,-0.2450,20.5964,0.0843,-0.1193,-0.0351,0.2259,-0.0910,0.8739,hold
2022-05-27,145.8474,6315500,142.4442,145.8998,142.4093,0.0241,0.0758,-0.2362,-0.0137,-0.2230,23.7194,0.0849,-0.1124,-0.0242,0.2787,-0.1430,0.7354,sell
2022-05-31,141.2576,8942100,145.2977,145.5420,140.8649,-0.0315,0.0519,-0.2586,-0.0118,-0.2430,23.6771,0.0847,-0.1141,-0.0184,0.2642,0.4159,1.0067,sell
2022-06-01,136.5803,4480900,141.2575,142.3744,136.5454,-0.0331,0.0438,-0.2729,-0.0090,-0.2635,23.7296,0.0846,-0.1178,-0.0151,0.2499,-0.4989,0.5004,buy
2022-06-02,140.4111,4366000,136.6153,140.5420,136.1964,0.0280,0.0287,-0.0043,0.0192,-0.2385,24.1739,0.0344,-0.1110,-0.0088,0.3036,-0.0256,0.4845,hold
2022-06-03,140.5245,4187700,138.9102,142.1127,138.7444,0.0008,-0.0132,0.0496,0.0152,-0.2339,22.4997,0.0295,-0.1067,-0.0037,0.3245,-0.0408,0.4629,hold
2022-06-06,139.3290,3772300,140.8386,141.4058,138.5262,-0.0085,-0.0447,0.0277,0.0038,-0.2363,22.3103,0.0297,-0.1038,0.0001,0.3327,-0.0992,0.4168,sell
2022-06-07,136.1091,33299700,129.1458,137.8282,128.4040,-0.0231,-0.0364,0.0135,-0.0207,-0.2496,22.1805,0.0306,-0.1038,0.0020,0.3207,7.8274,3.1766,hold
2022-06-08,136.7374,6576000,134.7566,139.2942,133.8142,0.0046,0.0012,0.0450,-0.0203,-0.2416,45.4223,0.0291,-0.0999,0.0043,0.3462,-0.8025,0.6190,sell
2022-06-09,134.8613,5744300,136.7810,138.1249,134.8090,-0.0137,-0.0395,-0.0120,-0.0326,-0.2471,51.1765,0.0261,-0.0985,0.0057,0.3446,-0.1265,0.5343,sell
2022-06-10,130.6030,5099600,132.2086,133.2644,130.5681,-0.0316,-0.0706,-0.0829,-0.0551,-0.2657,44.3719,0.0225,-0.1009,0.0054,0.3119,-0.1122,0.4709,sell
2022-06-13,126.3621,5886000,127.8630,128.6135,125.5419,-0.0325,-0.0931,-0.1336,-0.0728,-0.2849,41.5755,0.0205,-0.1052,0.0038,0.2653,0.1542,0.5367,sell
2022-06-14,124.5209,5200800,126.4232,127.7758,123.2906,-0.0146,-0.0851,-0.1185,-0.0749,-0.2906,43.0435,0.0195,-0.1074,0.0025,0.2195,-0.1164,0.4703,buy
2022-06-15,128.6571,6353100,124.3639,130.2540,124.0061,0.0332,-0.0591,-0.0580,-0.0385,-0.2622,41.0878,0.0227,-0.1007,0.0046,0.1776,0.2216,0.5752,sell
2022-06-16,124.6867,5630300,126.4581,128.3429,123.9188,-0.0309,-0.0754,-0.1120,-0.0571,-0.2799,28.9096,0.0205,-0.1026,0.0048,0.0655,-0.1138,0.6413,sell
2022-06-17,121.5541,10928100,123.1073,123.7356,120.9258,-0.0251,-0.0693,-0.1350,-0.0674,-0.2926,20.8787,0.0204,-0.1050,0.0041,0.0179,0.9409,1.3393,buy
2022-06-21,126.2662,6555500,123.5174,127.1388,122.9066,0.0388,-0.0008,-0.0938,-0.0215,-0.2589,32.0818,0.0265,-0.0969,0.0066,0.2222,-0.4001,0.8327,sell
2022-06-22,122.8717,4639700,124.9485,125.9346,122.3743,-0.0269,-0.0132,-0.0973,-0.0379,-0.2720,33.0967,0.0267,-0.0972,0.0073,0.1420,-0.2922,0.6010,buy
2022-06-23,128.1074,5211100,123.7531,128.5349,122.8892,0.0426,-0.0043,-0.0631,0.0099,-0.2345,35.3370,0.0313,-0.0871,0.0105,0.3274,0.1232,0.7010,buy
2022-06-24,131.2574,6993100,128.4215,131.7636,127.8194,0.0246,0.0527,-0.0267,0.0377,-0.2091,39.7013,0.0326,-0.0775,0.0142,0.4426,0.3420,0.9479,hold
2022-06-27,130.5507,3607200,131.9032,132.5751,129.1719,-0.0054,0.0740,-0.0004,0.0322,-0.2064,40.1373,0.0310,-0.0715,0.0165,0.4358,-0.4842,0.5017,sell
2022-06-28,126.1091,4131800,131.2749,132.0341,125.9433,-0.0340,-0.0012,-0.0020,-0.0028,-0.2259,39.0649,0.0311,-0.0708,0.0163,0.2942,0.1454,0.5836,sell
2022-06-29,123.8229,4238900,125.8386,126.0829,123.3168,-0.0181,0.0077,-0.0056,-0.0203,-0.2320,36.3720,0.0314,-0.0702,0.0148,0.2289,0.0259,0.6193,hold
2022-06-30,123.2382,5899900,122.3220,124.9834,119.6867,-0.0047,-0.0380,-0.0421,-0.0207,-0.2269,37.3912,0.0291,-0.0686,0.0134,0.2335,0.3918,0.8531,hold
2022-07-01,124.2417,3010200,122.8281,124.3464,121.7286,0.0081,-0.0535,-0.0036,-0.0124,-0.2115,42.5749,0.0277,-0.0651,0.0130,0.2929,-0.4898,0.4396,buy
2022-07-05,127.1475,3715100,123.3953,127.4529,121.5541,0.0234,-0.0261,0.0460,0.0062,-0.1839,50.9462,0.0270,-0.0588,0.0140,0.4410,0.2342,0.5444,hold
2022-07-06,126.3621,2828500,126.9293,127.4703,124.8089,-0.0062,0.0020,0.0008,-0.0001,-0.1801,52.2761,0.0243,-0.0552,0.0144,0.4240,-0.2386,0.4173,buy
2022-07-07,130.8561,3959500,127.2086,131.0044,126.7374,0.0356,0.0568,0.0650,0.0290,-0.1422,52.6946,0.0246,-0.0470,0.0162,0.7122,0.3999,0.7456,sell
2022-07-08,129.1370,2544900,130.7950,130.9171,128.6745,-0.0131,0.0479,0.0080,0.0147,-0.1449,55.7719,0.0217,-0.0431,0.0168,0.6522,-0.3573,0.4981,sell
2022-07-11,127.7409,2050800,129.1370,129.7653,127.2173,-0.0108,0.0282,-0.0268,0.0065,-0.1459,58.4025,0.0202,-0.0404,0.0161,0.5898,-0.1942,0.4165,sell
2022-07-12,126.1440,3132800,127.9765,130.5943,125.3063,-0.0125,-0.0079,-0.0338,-0.0027,-0.1475,49.8188,0.0205,-0.0389,0.0146,0.4691,0.5276,0.6492,hold
2022-07-13,126.9119,2769000,124.4861,128.5611,124.1108,0.0061,0.0044,0.0064,0.0028,-0.1339,56.5010,0.0175,-0.0362,0.0136,0.5368,-0.1161,0.5929,buy
2022-07-14,127.6536,2976000,125.2539,127.8805,124.7129,0.0058,-0.0245,0.0309,0.0056,-0.1202,49.1464,0.0162,-0.0332,0.0131,0.5912,0.0748,0.6528,hold
2022-07-15,127.9852,3831500,129.0759,129.7391,127.2696,0.0026,-0.0089,0.0385,0.0045,-0.1088,43.1142,0.0159,-0.0303,0.0127,0.6259,0.2875,0.8644,buy
2022-07-18,130.3325,4362700,129.6257,133.3168,128.9538,0.0183,0.0203,0.0490,0.0180,-0.0827,49.5706,0.0166,-0.0259,0.0131,0.8089,0.1386,0.9985,buy
2022-07-19,133.8229,3155900,132.0690,133.9800,130.6815,0.0268,0.0609,0.0525,0.0398,-0.0493,65.7744,0.0170,-0.0198,0.0145,1.0478,-0.2766,0.7928,buy
2022-07-20,136.5629,3248100,134.2068,136.6589,132.8194,0.0205,0.0760,0.0807,0.0528,-0.0216,75.5780,0.0171,-0.0135,0.0161,1.1101,0.0292,0.8513,buy
2022-07-21,138.4478,3105200,136.5455,138.5263,135.2453,0.0138,0.0846,0.0580,0.0611,0.0000,79.0210,0.0144,-0.0075,0.0173,1.1047,-0.0440,0.8306,sell
2022-07-22,137.6449,2779800,139.0498,140.3064,136.6763,-0.0058,0.0755,0.0659,0.0481,0.0019,75.7718,0.0134,-0.0033,0.0173,0.9705,-0.1048,0.7685,hold
2022-07-25,137.4268,2328000,138.2209,138.2907,136.6589,-0.0016,0.0544,0.0758,0.0388,0.0073,72.0433,0.0124,-0.0001,0.0165,0.9090,-0.1625,0.6880,sell
2022-07-26,132.4704,4620000,130.6554,133.1772,130.4547,-0.0361,-0.0101,0.0502,-0.0034,-0.0209,61.1111,0.0177,-0.0005,0.0134,0.6436,0.9845,1.3452,buy
2022-07-27,134.9050,3609300,133.5088,135.9870,131.5890,0.0184,-0.0121,0.0630,0.0088,0.0054,57.9615,0.0182,0.0007,0.0114,0.7442,-0.2188,1.0590,buy
2022-07-28,139.1109,3114000,135.3412,139.6694,134.9660,0.0312,0.0048,0.0898,0.0314,0.0448,67.8649,0.0198,0.0039,0.0115,0.9079,-0.1372,0.9290,buy
2022-07-29,142.5664,5523000,139.6170,143.1423,138.3343,0.0248,0.0358,0.1139,0.0458,0.0780,74.7307,0.0203,0.0082,0.0125,1.0020,0.7736,1.6570,buy
2022-08-01,144.4600,4534700,147.1563,147.5665,144.2855,0.0133,0.0512,0.1084,0.0488,0.0918,80.2536,0.0202,0.0125,0.0133,1.0072,-0.1789,1.3300,sell
2022-08-02,142.6537,3109400,143.5612,145.1406,142.4879,-0.0125,0.0769,0.0660,0.0291,0.0767,75.1393,0.0205,0.0149,0.0127,0.8789,-0.3143,0.9202,buy
2022-08-03,146.5280,4057000,143.4390,148.0377,143.4390,0.0272,0.0862,0.0730,0.0495,0.1041,77.4005,0.0211,0.0183,0.0128,0.9685,0.3048,1.1792,sell
2022-08-04,145.3413,3157600,146.2750,147.0342,144.6170,-0.0081,0.0448,0.0498,0.0359,0.0934,74.5859,0.0215,0.0205,0.0120,0.8719,-0.2217,0.9286,hold
2022-08-05,144.9661,2205400,144.0237,145.6380,143.4565,-0.0026,0.0168,0.0532,0.0278,0.0882,71.9560,0.0213,0.0217,0.0106,0.8208,-0.3016,0.6518,hold
2022-08-08,145.6991,2806400,145.4285,149.2069,145.2278,0.0051,0.0086,0.0602,0.0270,0.0922,69.4262,0.0212,0.0227,0.0093,0.8142,0.2725,0.8203,sell
2022-08-09,144.0848,2608600,144.6520,144.9225,143.0289,-0.0111,0.0100,0.0877,0.0074,0.0799,62.7742,0.0166,0.0226,0.0072,0.7343,-0.0705,0.7683,buy
2022-08-10,148.0551,4539900,147.5054,150.8998,146.3797,0.0276,0.0104,0.0975,0.0257,0.1092,65.2366,0.0174,0.0237,0.0070,0.8558,0.7404,1.3032,hold
2022-08-11,147.9940,4278800,149.2768,150.9522,147.3658,-0.0004,0.0183,0.0639,0.0190,0.1077,66.8084,0.0159,0.0247,0.0064,0.8287,-0.0575,1.2057,buy
2022-08-12,150.5071,2357300,149.2768,150.5159,148.3867,0.0170,0.0382,0.0557,0.0307,0.1241,69.7706,0.0150,0.0261,0.0065,0.9046,-0.4491,0.6783,buy
2022-08-15,151.3012,3788600,149.9399,151.9731,148.5176,0.0053,0.0385,0.0474,0.0313,0.1282,82.5590,0.0148,0.0275,0.0064,0.9057,0.6072,1.0993,buy
2022-08-16,158.2205,9057600,155.5160,161.4694,154.1550,0.0457,0.0981,0.1091,0.0671,0.1767,84.9006,0.0183,0.0306,0.0084,1.0880,1.3908,2.4209,sell
2022-08-17,153.9618,13409000,152.9257,156.2887,150.0017,-0.0269,0.0399,0.0507,0.0332,0.1426,72.1950,0.0207,0.0324,0.0076,0.8721,0.4804,3.1554,sell
2022-08-18,151.9510,4241300,152.7676,153.7861,150.6602,-0.0131,0.0267,0.0455,0.0152,0.1250,64.6584,0.0211,0.0321,0.0056,0.7661,-0.6837,0.9849,sell
2022-08-19,146.6737,5015800,150.8797,150.9587,146.4542,-0.0347,-0.0255,0.0118,-0.0212,0.0843,53.1273,0.0245,0.0295,0.0016,0.5487,0.1826,1.1353,sell
2022-08-22,142.2132,4630100,144.9440,145.7430,141.6863,-0.0304,-0.0601,-0.0239,-0.0487,0.0502,49.4211,0.0264,0.0245,-0.0034,0.3573,-0.0769,1.0214,hold
2022-08-23,142.2219,3795100,142.1956,142.9683,140.6238,0.0001,-0.1011,-0.0129,-0.0475,0.0485,43.7014,0.0262,0.0196,-0.0067,0.3139,-0.1803,0.8449,hold
2022-08-24,143.2405,3407100,142.3098,144.4786,140.2463,0.0072,-0.0696,-0.0325,-0.0375,0.0534,46.9119,0.0245,0.0160,-0.0081,0.3205,-0.1022,0.7602,buy
2022-08-25,147.0777,3071400,142.8014,147.1216,141.8970,0.0268,-0.0321,-0.0062,-0.0112,0.0780,52.8171,0.0263,0.0148,-0.0069,0.5053,-0.0985,0.6856,sell
2022-08-26,141.0365,3607600,147.5255,147.6221,141.0190,-0.0411,-0.0384,-0.0629,-0.0457,0.0319,44.5512,0.0283,0.0112,-0.0091,0.1672,0.1746,0.8229,sell
2022-08-29,139.3418,2531100,139.8335,140.8872,138.8764,-0.0120,-0.0202,-0.0790,-0.0495,0.0173,44.4676,0.0281,0.0069,-0.0109,0.1111,-0.2984,0.5909,buy
2022-08-30,141.1770,3249700,139.3506,141.4492,138.0159,0.0132,-0.0073,-0.1077,-0.0256,0.0277,41.5565,0.0225,0.0044,-0.0106,0.2173,0.2839,0.7574,hold
2022-08-31,140.7906,4901300,141.5897,141.6424,138.9643,-0.0027,-0.0171,-0.0855,-0.0194,0.0228,41.2273,0.0219,0.0022,-0.0103,0.2221,0.5082,1.1312,buy
2022-09-01,144.7420,4021400,139.8687,144.7947,138.8238,0.0281,-0.0159,-0.0474,0.0132,0.0481,43.2165,0.0247,0.0026,-0.0076,0.4233,-0.1795,0.9189,hold
2022-09-02,144.5313,3563200,145.3303,146.0591,143.3810,-0.0015,0.0248,-0.0146,0.0133,0.0441,41.9233,0.0223,0.0028,-0.0059,0.4139,-0.1139,0.8018,hold
2022-09-06,143.6356,4530300,144.4522,144.6981,139.9038,-0.0062,0.0308,0.0100,0.0060,0.0358,29.6794,0.0200,0.0025,-0.0051,0.3748,0.2714,1.0000,buy
2022-09-07,149.9666,5206400,143.3195,150.7832,142.9332,0.0441,0.0623,0.0545,0.0447,0.0784,44.7374,0.0241,0.0054,-0.0014,0.6752,0.1492,1.1172,hold
2022-09-08,150.9412,2817100,148.4563,151.2135,148.1490,0.0065,0.0721,0.0538,0.0458,0.0816,48.6326,0.0241,0.0082,0.0012,0.7126,-0.4589,0.6159,buy
2022-09-09,152.4779,3379500,150.8095,153.2857,150.6251,0.0102,0.0534,0.0367,0.0526,0.0881,58.7458,0.0230,0.0111,0.0033,0.7681,0.1996,0.7462,hold
2022-09-12,152.6534,3024600,153.7598,154.6555,152.0300,0.0012,0.0562,0.0824,0.0454,0.0848,68.0644,0.0170,0.0133,0.0044,0.7663,-0.1050,0.6629,sell
2022-09-13,145.9713,3585400,149.3168,150.8095,145.4884,-0.0438,0.0163,0.0476,-0.0049,0.0341,55.2703,0.0230,0.0120,0.0021,0.4684,0.1854,0.7876,hold
2022-09-14,145.2161,3618800,147.3938,148.2894,143.4775,-0.0052,-0.0317,0.0286,-0.0128,0.0262,52.7978,0.0230,0.0099,0.0000,0.4574,0.0093,0.8455,hold
2022-09-15,144.8913,2909300,145.2776,148.3860,144.6191,-0.0022,-0.0401,0.0291,-0.0177,0.0212,46.5617,0.0230,0.0080,-0.0015,0.4610,-0.1961,0.7747,hold
2022-09-16,144.0835,4843500,142.8893,145.4445,141.9936,-0.0056,-0.0551,-0.0045,-0.0227,0.0136,55.7355,0.0214,0.0060,-0.0029,0.4314,0.6648,1.2795,hold
2022-09-19,144.6718,2607200,143.1263,144.9615,142.2746,0.0041,-0.0523,0.0010,-0.0188,0.0155,60.4692,0.0214,0.0046,-0.0034,0.4758,-0.4617,0.7114,sell
2022-09-20,140.5185,3019600,143.3898,143.7849,138.9291,-0.0287,-0.0374,-0.0217,-0.0450,-0.0154,48.8145,0.0233,0.0012,-0.0056,0.2177,0.1582,0.8424,hold
2022-09-21,139.6404,2809500,141.3702,143.8464,139.6404,-0.0062,-0.0384,-0.0689,-0.0443,-0.0234,47.9652,0.0167,-0.0020,-0.0071,0.1810,-0.0696,0.7947,sell
2022-09-22,134.3104,3984700,138.9466,139.1135,134.0294,-0.0382,-0.0730,-0.1102,-0.0702,-0.0616,32.4051,0.0186,-0.0079,-0.0106,-0.0366,0.4183,1.1180,hold
2022-09-23,134.0031,3796600,133.4236,134.1524,131.4567,-0.0023,-0.0700,-0.1212,-0.0603,-0.0646,32.2999,0.0174,-0.0126,-0.0122,0.0308,-0.0472,1.0545,sell
2022-09-26,130.5786,3967800,133.0811,133.9153,129.4020,-0.0256,-0.0974,-0.1446,-0.0699,-0.0889,29.7687,0.0170,-0.0186,-0.0146,-0.0314,0.0451,1.0966,hold
2022-09-27,130.3679,2941400,132.1241,133.6958,128.9542,-0.0016,-0.0722,-0.1069,-0.0609,-0.0903,12.5251,0.0142,-0.0230,-0.0152,0.0275,-0.2587,0.8083,buy
2022-09-28,136.8656,4254000,131.3074,137.8140,131.1055,0.0498,-0.0199,-0.0575,-0.0082,-0.0454,27.7792,0.0240,-0.0212,-0.0110,0.2875,0.4463,1.1531,sell
2022-09-29,133.2831,3170400,135.3993,135.8822,132.5016,-0.0262,-0.0076,-0.0801,-0.0259,-0.0700,21.5364,0.0248,-0.0230,-0.0100,0.1821,-0.2547,0.8800,sell
2022-09-30,130.2977,4328300,133.1075,133.6695,127.7600,-0.0224,-0.0277,-0.0957,-0.0381,-0.0898,19.3990,0.0252,-0.0261,-0.0103,0.1254,0.3652,1.1964,buy
2022-10-03,133.2831,2847500,131.4216,134.0119,130.2977,0.0229,0.0207,-0.0787,-0.0077,-0.0683,30.6766,0.0270,-0.0255,-0.0080,0.2506,-0.3421,0.7949,buy
2022-10-04,137.8228,3028600,135.8383,138.9906,135.5222,0.0341,0.0572,-0.0192,0.0282,-0.0366,39.9041,0.0288,-0.0216,-0.0038,0.4091,0.0636,0.8636,hold
2022-10-05,137.3398,2491700,136.1018,138.3408,134.7056,-0.0035,0.0035,-0.0165,0.0263,-0.0407,39.7326,0.0288,-0.0194,-0.0012,0.4104,-0.1773,0.7391,hold
2022-10-06,136.7603,2603400,138.2618,139.6140,136.5232,-0.0042,0.0261,0.0182,0.0201,-0.0450,39.9808,0.0258,-0.0178,0.0004,0.4093,0.0448,0.7747,sell
2022-10-07,133.7661,2771900,135.5222,135.6803,132.3436,-0.0219,0.0266,-0.0018,-0.0020,-0.0652,36.0009,0.0269,-0.0184,0.0002,0.3170,0.0647,0.8323,hold
2022-10-10,134.4334,2055800,134.3280,135.1183,132.1328,0.0050,0.0086,0.0295,0.0001,-0.0595,41.4211,0.0254,-0.0179,0.0005,0.3590,-0.2583,0.6264,buy
2022-10-11,135.6627,2408100,134.7846,138.4901,134.0910,0.0091,-0.0157,0.0406,0.0053,-0.0497,44.4472,0.0254,-0.0164,0.0014,0.4371,0.1714,0.7472,hold
2022-10-12,135.3641,2265100,135.8734,137.8579,135.2588,-0.0022,-0.0144,-0.0110,0.0042,-0.0508,51.7114,0.0197,-0.0155,0.0019,0.4422,-0.0594,0.7179,hold
2022-10-13,135.3290,3393900,132.7739,137.0325,130.7191,-0.0003,-0.0105,0.0154,0.0024,-0.0496,52.1727,0.0176,-0.0145,0.0023,0.4631,0.4983,1.0674,sell
2022-10-14,127.9269,4762800,135.6451,136.2686,127.4878,-0.0547,-0.0437,-0.0182,-0.0508,-0.0993,46.1558,0.0242,-0.0190,-0.0010,0.0389,0.4033,1.4999,buy
2022-10-17,131.0528,3177400,129.7269,132.5894,128.7961,0.0244,-0.0251,-0.0167,-0.0260,-0.0755,50.9155,0.0244,-0.0193,-0.0013,0.2424,-0.3329,0.9917,buy
2022-10-18,138.0598,5563400,136.5671,141.4843,136.1105,0.0535,0.0177,0.0017,0.0259,-0.0250,51.5748,0.0280,-0.0145,0.0020,0.8048,0.7509,1.6701,sell
2022-10-19,136.4442,2611500,138.0247,138.9028,135.3378,-0.0117,0.0080,-0.0065,0.0146,-0.0354,54.3967,0.0283,-0.0125,0.0034,0.7007,-0.5306,0.7863,hold
2022-10-20,135.5749,3079800,136.9622,139.7545,134.7143,-0.0064,0.0018,-0.0087,0.0090,-0.0399,57.7991,0.0283,-0.0112,0.0038,0.6184,0.1793,0.9401,buy
2022-10-21,139.7809,3508300,135.6978,139.8424,135.4871,0.0310,0.0927,0.0450,0.0357,-0.0089,59.2685,0.0288,-0.0073,0.0058,0.9211,0.1391,1.0757,buy
2022-10-24,142.0902,2974100,140.7555,143.0385,140.1672,0.0165,0.0842,0.0570,0.0469,0.0087,56.5007,0.0291,-0.0031,0.0079,1.0126,-0.1523,0.9260,buy
2022-10-25,145.5850,4177900,142.9507,146.0328,142.2395,0.0246,0.0545,0.0731,0.0648,0.0343,61.5045,0.0296,0.0021,0.0102,1.1142,0.4048,1.2762,hold
2022-10-26,146.4367,3453500,147.3762,149.9314,145.1635,0.0059,0.0732,0.0818,0.0625,0.0421,63.3998,0.0295,0.0065,0.0117,1.0475,-0.1734,1.0680,hold
2022-10-27,146.5508,2957400,147.7099,149.5363,146.4630,0.0008,0.0810,0.0829,0.0547,0.0440,69.2388,0.0294,0.0099,0.0121,0.9700,-0.1437,0.9176,hold
2022-10-28,147.0952,3066800,145.9889,147.4640,143.1615,0.0037,0.0523,0.1498,0.0442,0.0486,69.1246,0.0197,0.0128,0.0119,0.9366,0.0370,0.9705,sell
2022-10-31,144.2239,3792500,145.7606,146.9548,144.0220,-0.0195,0.0150,0.1005,0.0143,0.0285,62.3199,0.0220,0.0136,0.0102,0.7721,0.2366,1.1825,hold
2022-11-01,144.5225,3051000,146.1469,146.6211,142.7488,0.0021,-0.0073,0.0468,0.0118,0.0303,63.1792,0.0157,0.0140,0.0085,0.7621,-0.1955,0.9510,sell
2022-11-02,140.6677,3377900,144.5137,145.6639,140.5623,-0.0267,-0.0394,0.0310,-0.0180,0.0030,56.9216,0.0180,0.0124,0.0054,0.5810,0.1071,1.0385,hold
2022-11-03,140.3165,3041600,138.7184,141.1858,138.5164,-0.0025,-0.0425,0.0350,-0.0237,0.0010,69.6572,0.0178,0.0105,0.0028,0.5573,-0.0996,0.9289,hold
2022-11-04,140.1672,2653500,142.6083,142.9068,137.2081,-0.0011,-0.0471,0.0028,-0.0250,0.0009,65.9692,0.0150,0.0088,0.0009,0.5371,-0.1276,0.8118,hold
2022-11-07,140.3780,2424100,141.5810,141.7302,138.7360,0.0015,-0.0267,-0.0121,-0.0224,0.0025,55.3312,0.0139,0.0075,-0.0003,0.5339,-0.0865,0.7375,buy
2022-11-08,141.9146,3284600,141.6512,144.5839,140.3253,0.0109,-0.0180,-0.0252,-0.0092,0.0131,62.6266,0.0116,0.0072,-0.0005,0.5929,0.3550,0.9861,sell
2022-11-09,134.3368,4018400,141.4405,141.8883,133.9066,-0.0534,-0.0450,-0.0826,-0.0541,-0.0401,47.8181,0.0194,0.0028,-0.0042,0.2352,0.2234,1.1755,buy
2022-11-10,144.3381,4962900,139.5614,144.4874,139.0784,0.0744,0.0287,-0.0151,0.0179,0.0309,56.6692,0.0327,0.0046,-0.0015,0.6890,0.2350,1.4192,buy
2022-11-11,152.1881,5828300,144.9878,153.5140,144.8386,0.0544,0.0858,0.0346,0.0694,0.0858,62.7156,0.0371,0.0099,0.0033,1.0284,0.1744,1.6417,hold
2022-11-14,152.1354,5753800,151.5910,155.2438,151.3364,-0.0003,0.0838,0.0549,0.0632,0.0842,59.0315,0.0363,0.0142,0.0060,0.9844,-0.0128,1.5639,buy
2022-11-15,158.1438,8606000,156.3943,159.4515,156.3059,0.0395,0.1144,0.0943,0.0947,0.1247,64.1318,0.0377,0.0197,0.0095,1.1172,0.4957,2.2463,sell
2022-11-16,137.3707,36731500,132.4050,140.0391,131.4330,-0.1314,0.0226,-0.0234,-0.0469,-0.0213,42.6062,0.0580,0.0158,0.0032,0.2284,3.2681,6.6336,buy
2022-11-17,143.1494,11300500,135.6124,143.2996,134.9409,0.0421,-0.0082,0.0202,-0.0087,0.0210,47.0691,0.0596,0.0130,0.0008,0.4582,-0.6923,1.8998,hold
2022-11-18,143.9181,7280900,143.1229,145.5262,141.3734,0.0054,-0.0543,0.0268,-0.0060,0.0278,49.7655,0.0595,0.0116,-0.0005,0.4834,-0.3557,1.1864,sell
2022-11-21,139.6238,5964700,142.3276,143.0786,138.5194,-0.0298,-0.0822,-0.0054,-0.0352,-0.0010,46.4609,0.0605,0.0083,-0.0033,0.2936,-0.1808,0.9488,hold
2022-11-22,139.4825,6364100,140.3042,141.2938,137.6181,-0.0010,-0.1180,-0.0171,-0.0345,-0.0011,49.0952,0.0604,0.0052,-0.0051,0.3041,0.0670,0.9951,buy
2022-11-23,144.3864,4833500,140.0303,145.0314,139.8271,0.0352,0.0511,0.0748,-0.0075,0.0341,52.9051,0.0582,0.0054,-0.0037,0.5289,-0.2405,0.7477,hold
2022-11-25,144.3598,1883000,144.4659,144.8723,142.7871,-0.0002,0.0085,0.0002,-0.0077,0.0340,52.9980,0.0534,0.0055,-0.0028,0.5329,-0.6104,0.2937,hold
2022-11-28,146.1182,4624100,143.8562,147.4612,143.8562,0.0122,0.0153,-0.0399,0.0086,0.0463,54.0157,0.0503,0.0065,-0.0014,0.6156,1.4557,0.7126,hold
2022-11-29,147.0018,5231700,145.2876,147.5319,142.7076,0.0060,0.0528,-0.0337,0.0183,0.0523,53.5917,0.0504,0.0077,-0.0001,0.6482,0.1314,0.7974,hold
2022-11-30,147.6203,11376700,146.5688,147.7616,143.7944,0.0042,0.0583,-0.0665,0.0301,0.0556,60.4006,0.0484,0.0088,0.0008,0.6671,1.1746,1.6306,hold
2022-12-01,145.8178,4989200,147.0901,147.9384,144.0683,-0.0122,0.0099,0.0615,0.0116,0.0418,51.3292,0.0208,0.0088,0.0006,0.5756,-0.5615,0.7069,hold
2022-12-02,145.0491,3442900,144.2980,145.6676,143.5381,-0.0053,0.0048,0.0133,0.0049,0.0347,42.6522,0.0167,0.0082,-0.0001,0.5307,-0.3099,0.4864,sell
2022-12-05,136.8936,6233200,143.9269,143.9269,136.7699,-0.0562,-0.0631,-0.0488,-0.0469,-0.0238,36.5550,0.0246,0.0033,-0.0043,0.1770,0.8105,0.8590,hold
2022-12-06,136.9996,4721800,137.6800,138.4398,135.4357,0.0008,-0.0680,-0.0188,-0.0445,-0.0240,29.1805,0.0230,-0.0009,-0.0068,0.1981,-0.2425,0.6405,sell
2022-12-07,135.8598,3685200,135.6300,137.5651,135.5328,-0.0083,-0.0797,-0.0260,-0.0500,-0.0329,47.5745,0.0231,-0.0048,-0.0087,0.1770,-0.2195,0.4986,hold
2022-12-08,136.2574,3107100,136.1072,137.1852,135.3385,0.0029,-0.0656,-0.0563,-0.0418,-0.0299,36.6256,0.0192,-0.0076,-0.0092,0.1819,-0.1569,0.4230,sell
2022-12-09,134.5521,2905900,135.5505,136.7080,134.4107,-0.0125,-0.0724,-0.0679,-0.0472,-0.0423,32.4620,0.0192,-0.0109,-0.0100,0.1513,-0.0648,0.4012,sell
2022-12-12,132.5640,4433800,132.9793,133.1383,131.1503,-0.0148,-0.0316,-0.0928,-0.0522,-0.0567,35.5307,0.0181,-0.0146,-0.0109,0.1161,0.5258,0.6181,buy
2022-12-13,133.3062,4178900,135.3649,136.1602,132.2724,0.0056,-0.0270,-0.0932,-0.0374,-0.0514,37.6458,0.0180,-0.0167,-0.0105,0.1755,-0.0575,0.5890,buy
2022-12-14,134.7553,3749100,132.9793,136.6462,132.6612,0.0109,-0.0081,-0.0871,-0.0179,-0.0407,27.6457,0.0187,-0.0172,-0.0088,0.2266,-0.1029,0.5472,sell
2022-12-15,130.4169,5415500,132.4138,132.5375,128.4023,-0.0322,-0.0429,-0.1056,-0.0387,-0.0707,23.0350,0.0201,-0.0207,-0.0096,0.0655,0.4445,1.0245,sell
2022-12-16,129.4008,8367000,129.0473,130.4699,128.6055,-0.0078,-0.0383,-0.1079,-0.0350,-0.0769,16.7137,0.0200,-0.0236,-0.0100,0.0826,0.5450,1.6280,sell
2022-12-19,127.8103,4186700,129.5333,129.8868,126.8472,-0.0123,-0.0359,-0.0664,-0.0404,-0.0875,12.8338,0.0124,-0.0268,-0.0104,0.0787,-0.4996,0.8399,sell
2022-12-20,126.5733,3175400,126.2641,127.2007,125.8664,-0.0097,-0.0505,-0.0761,-0.0422,-0.0953,10.1940,0.0122,-0.0298,-0.0106,0.0895,-0.2416,0.6554,sell
2022-12-21,125.7339,3510200,125.6986,127.4039,125.4423,-0.0066,-0.0669,-0.0745,-0.0412,-0.1001,10.5794,0.0122,-0.0324,-0.0104,0.1120,0.1054,0.7464,sell
2022-12-22,124.8945,3846500,125.0271,125.2126,123.4189,-0.0067,-0.0423,-0.0834,-0.0393,-0.1047,10.5501,0.0116,-0.0346,-0.0100,0.1302,0.0958,0.8266,buy
2022-12-23,126.4850,2464800,124.4616,126.5910,123.5957,0.0127,-0.0225,-0.0600,-0.0210,-0.0922,22.5792,0.0133,-0.0344,-0.0081,0.2133,-0.3592,0.5264,buy
2022-12-27,128.6056,3112500,126.3524,129.2506,125.8223,0.0168,0.0062,-0.0299,-0.0015,-0.0770,30.0085,0.0147,-0.0322,-0.0051,0.3035,0.2628,0.6756,hold
2022-12-28,128.8265,2623200,128.3935,130.0811,127.9871,0.0017,0.0178,-0.0336,0.0037,-0.0752,32.4825,0.0145,-0.0305,-0.0027,0.3294,-0.1572,0.5860,buy
2022-12-29,131.0973,2829000,129.8603,132.2371,129.7807,0.0176,0.0427,-0.0271,0.0243,-0.0579,38.2447,0.0153,-0.0269,0.0003,0.4360,0.0785,0.6987,hold
2022-12-30,131.6893,2391100,130.0900,131.7246,129.7101,0.0045,0.0544,0.0098,0.0279,-0.0530,43.1298,0.0114,-0.0237,0.0027,0.4900,-0.1548,0.6101,buy
2023-01-03,134.0661,3685200,132.5199,134.8702,132.1664,0.0180,0.0599,0.0361,0.0427,-0.0357,53.5388,0.0120,-0.0193,0.0053,0.6737,0.5412,0.9374,buy
2023-01-04,134.9409,4443300,131.0001,136.3546,130.4876,0.0065,0.0493,0.0558,0.0437,-0.0287,53.8272,0.0107,-0.0153,0.0073,0.7433,0.2057,1.1566,buy
2023-01-05,136.3016,3266000,134.4903,136.5225,132.7938,0.0101,0.0580,0.0769,0.0463,-0.0181,53.6353,0.0093,-0.0112,0.0090,0.8398,-0.2650,0.8666,buy
2023-01-06,141.5059,4944200,139.2969,142.3099,138.6166,0.0382,0.0794,0.1254,0.0733,0.0200,75.0499,0.0121,-0.0047,0.0118,1.0837,0.5138,1.2903,sell
2023-01-09,138.1483,3853800,141.2673,141.7003,138.1394,-0.0237,0.0490,0.1061,0.0374,-0.0031,67.8702,0.0157,-0.0018,0.0120,0.8713,-0.2205,0.9960,hold
2023-01-10,137.8125,2554900,139.0937,139.1997,136.8141,-0.0024,0.0279,0.0896,0.0262,-0.0042,71.5374,0.0162,0.0003,0.0114,0.8302,-0.3370,0.6633,buy
2023-01-11,140.4633,3146800,138.8551,140.4898,137.7506,0.0192,0.0409,0.0922,0.0367,0.0159,78.1924,0.0163,0.0035,0.0115,0.9170,0.2317,0.8309,buy
2023-01-12,141.1524,3222600,141.3733,141.5942,138.2631,0.0049,0.0356,0.0957,0.0324,0.0213,81.4869,0.0162,0.0063,0.0114,0.9006,0.0241,0.8618,buy
2023-01-13,145.4379,5161200,140.7725,145.7294,140.6046,0.0304,0.0278,0.1094,0.0527,0.0522,86.7764,0.0174,0.0105,0.0124,1.0075,0.6016,1.3546,sell
2023-01-17,143.2289,3527900,145.3406,146.4009,143.2024,-0.0152,0.0368,0.0876,0.0282,0.0358,79.3253,0.0192,0.0128,0.0118,0.8683,-0.3165,0.9495,sell
2023-01-18,142.1068,2798100,144.3864,145.9592,141.9300,-0.0078,0.0312,0.0600,0.0143,0.0275,74.5030,0.0195,0.0139,0.0102,0.7923,-0.2069,0.8141,sell
2023-01-19,140.5781,2881300,140.9316,141.9123,139.1909,-0.0108,0.0008,0.0418,-0.0007,0.0164,70.3614,0.0202,0.0137,0.0081,0.7122,0.0297,0.8545,buy
2023-01-20,143.3261,3122000,141.0464,143.8032,140.0480,0.0195,0.0154,0.0515,0.0138,0.0358,70.8434,0.0207,0.0146,0.0072,0.7874,0.0835,0.9266,buy
2023-01-23,145.4643,2371400,143.3261,146.2242,142.5662,0.0149,0.0002,0.0280,0.0260,0.0507,72.3033,0.0177,0.0163,0.0072,0.8374,-0.2404,0.7159,sell
2023-01-24,144.5101,1902000,150.0501,150.0501,144.2538,-0.0066,0.0089,0.0461,0.0148,0.0423,67.7265,0.0155,0.0172,0.0064,0.7809,-0.1979,0.5916,hold
2023-01-25,145.0932,2248200,143.5823,145.0932,141.9388,0.0040,0.0210,0.0528,0.0137,0.0464,67.4038,0.0153,0.0179,0.0057,0.7864,0.1820,0.7016,buy
2023-01-26,147.5849,2079100,146.4098,147.6468,145.3318,0.0172,0.0498,0.0507,0.0260,0.0650,68.6206,0.0151,0.0193,0.0059,0.8689,-0.0752,0.6595,buy
2023-01-27,148.8926,3850300,148.4420,150.4919,147.3729,0.0089,0.0388,0.0548,0.0295,0.0750,63.9894,0.0152,0.0209,0.0061,0.9030,0.8519,1.1980,hold
2023-01-30,149.0428,3453500,147.5584,149.8469,146.4451,0.0010,0.0246,0.0248,0.0280,0.0775,73.4857,0.0124,0.0222,0.0059,0.8811,-0.1031,1.0642,buy
2023-01-31,152.1001,3716000,148.5480,152.1707,148.5480,0.0205,0.0525,0.0619,0.0427,0.0972,77.5656,0.0119,0.0240,0.0065,0.9890,0.0760,1.1222,buy
2023-02-01,156.4650,4022200,152.0736,156.9951,150.1297,0.0287,0.0784,0.1010,0.0622,0.1266,78.9575,0.0127,0.0271,0.0080,1.0959,0.0824,1.2085,buy
2023-02-02,159.9463,4003800,157.0216,160.5471,156.3059,0.0222,0.0838,0.1378,0.0717,0.1490,80.8888,0.0109,0.0308,0.0097,1.1174,-0.0046,1.2110,sell
2023-02-03,156.1822,2941600,156.6328,158.2233,154.8038,-0.0235,0.0490,0.0897,0.0376,0.1193,67.9668,0.0156,0.0327,0.0089,0.9123,-0.2653,0.8941,sell
2023-02-06,153.6022,2642700,154.3532,154.9629,151.7290,-0.0165,0.0306,0.0559,0.0149,0.0986,67.1337,0.0173,0.0325,0.0066,0.7780,-0.1016,0.8324,buy
2023-02-07,154.4151,2256700,153.3459,155.0159,151.9234,0.0053,0.0152,0.0685,0.0137,0.1028,70.5397,0.0168,0.0317,0.0048,0.7821,-0.1461,0.7291,sell
2023-02-08,151.7908,2037000,153.3194,153.7170,151.5434,-0.0170,-0.0299,0.0462,-0.0079,0.0829,68.0512,0.0184,0.0301,0.0021,0.6580,-0.0974,0.6637,hold
2023-02-09,151.4197,1656100,152.5949,153.7612,150.7040,-0.0024,-0.0533,0.0260,-0.0128,0.0794,64.1097,0.0179,0.0279,-0.0001,0.6241,-0.1870,0.5530,sell
2023-02-10,150.2269,1841400,150.4919,151.2695,149.1400,-0.0079,-0.0381,0.0090,-0.0214,0.0704,58.5855,0.0181,0.0254,-0.0023,0.5538,0.1119,0.6294,buy
2023-02-13,153.1427,2432600,151.0839,153.3017,150.5008,0.0194,-0.0030,0.0275,-0.0051,0.0904,64.5343,0.0190,0.0240,-0.0025,0.6714,0.3211,0.8722,sell
2023-02-14,152.1913,2418400,152.5292,153.8006,150.1197,-0.0062,-0.0144,0.0006,-0.0113,0.0826,61.8044,0.0181,0.0227,-0.0032,0.6099,-0.0058,0.8847,buy
2023-02-15,156.5036,2954400,151.1599,156.7436,151.1066,0.0283,0.0310,0.0002,0.0166,0.1115,63.9852,0.0180,0.0229,-0.0018,0.7905,0.2216,1.0776,sell
2023-02-16,155.1877,2318700,154.8854,157.6328,154.5031,-0.0084,0.0249,-0.0298,0.0112,0.0993,59.8686,0.0164,0.0228,-0.0017,0.7100,-0.2152,0.8545,sell
2023-02-17,154.0140,2678100,154.1296,154.2807,151.9423,-0.0076,0.0252,-0.0139,0.0050,0.0883,57.5509,0.0149,0.0219,-0.0022,0.6270,0.1550,0.9951,sell
2023-02-21,147.7901,4133600,150.7243,152.0313,147.7457,-0.0404,-0.0350,-0.0378,-0.0320,0.0426,44.0280,0.0189,0.0183,-0.0055,0.2382,0.5435,1.4873,hold
2023-02-22,147.3456,2941000,147.2389,150.5287,146.8832,-0.0030,-0.0318,-0.0458,-0.0304,0.0378,35.8236,0.0187,0.0144,-0.0076,0.1833,-0.2885,1.0388,hold
2023-02-23,147.1500,2718500,147.5056,147.5056,143.9225,-0.0013,-0.0598,-0.0306,-0.0287,0.0346,27.8444,0.0182,0.0110,-0.0088,0.1470,-0.0757,0.9523,buy
2023-02-24,148.4481,2888800,145.8874,148.8660,144.9272,0.0088,-0.0434,-0.0196,-0.0182,0.0414,35.3590,0.0185,0.0088,-0.0086,0.2299,0.0626,0.9978,hold
2023-02-27,148.3147,5245000,149.9685,151.0354,147.1322,-0.0009,-0.0370,-0.0127,-0.0178,0.0383,38.9687,0.0184,0.0070,-0.0083,0.2249,0.8156,1.7690,buy
2023-02-28,149.8174,10669300,150.0219,153.5250,148.5726,0.0101,0.0137,-0.0217,-0.0057,0.0466,40.6761,0.0175,0.0063,-0.0071,0.3253,1.0342,3.2080,sell
2023-03-01,144.3937,5835700,149.5151,149.7285,142.9711,-0.0362,-0.0200,-0.0512,-0.0367,0.0068,36.5286,0.0206,0.0029,-0.0088,0.0266,-0.4530,1.7005,buy
2023-03-02,147.5412,2829200,143.3357,147.5857,143.1045,0.0218,0.0027,-0.0573,-0.0098,0.0261,43.5853,0.0195,0.0017,-0.0078,0.2504,-0.5152,0.8390,hold
2023-03-03,147.5946,2318600,147.7279,147.7813,146.1008,0.0004,-0.0057,-0.0489,-0.0044,0.0237,45.4759,0.0195,0.0009,-0.0069,0.2658,-0.1805,0.7052,hold
2023-03-06,146.8832,2220900,148.1191,148.2703,146.2786,-0.0048,-0.0097,-0.0463,-0.0044,0.0159,38.3598,0.0195,-0.0002,-0.0064,0.2383,-0.0421,0.6830,sell
2023-03-07,144.7671,2410800,147.4434,148.1458,144.5537,-0.0144,-0.0337,-0.0205,-0.0167,-0.0014,36.7671,0.0155,-0.0022,-0.0068,0.1281,0.0855,0.7440,hold
2023-03-08,145.3806,1752700,144.8382,145.5762,144.1892,0.0042,0.0068,-0.0133,-0.0112,0.0000,27.1632,0.0156,-0.0034,-0.0064,0.2025,-0.2730,0.5452,sell
2023-03-09,142.8288,1872200,146.0919,146.4387,142.6777,-0.0176,-0.0319,-0.0294,-0.0257,-0.0197,25.8513,0.0165,-0.0058,-0.0071,0.0817,0.0682,0.5838,sell
2023-03-10,140.6416,2754200,142.4999,143.9225,140.0459,-0.0153,-0.0471,-0.0526,-0.0355,-0.0364,24.8663,0.0163,-0.0089,-0.0082,0.0220,0.4711,0.8444,hold
2023-03-13,140.4104,2342500,138.9878,142.9089,138.9078,-0.0016,-0.0441,-0.0533,-0.0318,-0.0395,32.0967,0.0163,-0.0114,-0.0085,0.0744,-0.1495,0.7127,hold
2023-03-14,140.8105,2574200,142.0553,142.5443,139.1923,0.0028,-0.0273,-0.0601,-0.0230,-0.0380,34.1116,0.0157,-0.0129,-0.0080,0.1398,0.0989,0.7815,buy
2023-03-15,141.4863,2633900,138.9967,142.1353,138.7922,0.0048,-0.0268,-0.0201,-0.0163,-0.0347,36.5441,0.0118,-0.0135,-0.0069,0.2083,0.0232,0.7970,buy
2023-03-16,144.9716,2510100,140.0815,145.1406,139.7969,0.0246,0.0150,-0.0174,0.0097,-0.0124,42.5182,0.0125,-0.0116,-0.0042,0.4182,-0.0470,0.7647,sell
2023-03-17,141.6908,13175000,144.6871,145.3362,140.7394,-0.0226,0.0075,-0.0400,-0.0091,-0.0356,37.4453,0.0141,-0.0123,-0.0038,0.2244,4.2488,3.4443,buy
2023-03-20,145.1406,2875800,141.6996,145.2561,141.6018,0.0243,0.0337,-0.0119,0.0163,-0.0133,41.7451,0.0167,-0.0104,-0.0016,0.4975,-0.7817,0.7499,hold
2023-03-21,144.6693,2497200,146.0208,146.5009,143.5757,-0.0032,0.0274,-0.0007,0.0131,-0.0169,50.5896,0.0160,-0.0092,-0.0003,0.4702,-0.1317,0.6653,sell
2023-03-22,140.0103,2909900,144.8383,145.0250,139.9214,-0.0322,-0.0104,-0.0369,-0.0159,-0.0488,34.8696,0.0189,-0.0111,-0.0016,0.1193,0.1653,0.7756,sell
2023-03-23,138.8100,2791700,141.1484,141.5841,137.3252,-0.0086,-0.0425,-0.0281,-0.0215,-0.0571,33.1284,0.0183,-0.0130,-0.0027,0.0829,-0.0406,0.7434,hold
2023-03-24,138.8989,2703700,137.5652,139.2101,135.7514,0.0006,-0.0197,-0.0124,-0.0197,-0.0563,34.2897,0.0178,-0.0143,-0.0031,0.1320,-0.0315,0.7217,buy
2023-03-27,141.7086,3078700,139.8947,142.2954,139.1301,0.0202,-0.0236,0.0092,-0.0008,-0.0373,44.1417,0.0190,-0.0132,-0.0018,0.3637,0.1387,0.8463,hold
2023-03-28,142.0553,2910600,141.4152,143.3801,140.5705,0.0024,-0.0181,0.0088,0.0008,-0.0345,43.5651,0.0190,-0.0122,-0.0007,0.4116,-0.0546,0.8956,sell
2023-03-29,140.5794,4219400,143.0511,143.1489,138.6322,-0.0104,0.0041,-0.0064,-0.0090,-0.0442,45.4578,0.0193,-0.0122,-0.0005,0.2980,0.4497,1.3314,buy
2023-03-30,142.4999,2237400,142.0820,143.5135,141.9664,0.0137,0.0266,-0.0171,0.0063,-0.0312,53.7931,0.0180,-0.0108,0.0006,0.4911,-0.4697,0.7127,buy
2023-03-31,147.2656,3094100,143.5935,147.4434,143.1045,0.0334,0.0602,0.0393,0.0359,0.0003,61.8070,0.0194,-0.0068,0.0034,0.9612,0.3829,0.9735,hold
2023-04-03,147.6479,2744400,147.9502,149.3372,146.9988,0.0026,0.0419,0.0173,0.0367,0.0023,61.7836,0.0180,-0.0036,0.0052,0.9813,-0.1130,0.8564,hold
2023-04-04,147.6390,2350500,147.3367,148.5015,146.6610,-0.0001,0.0393,0.0205,0.0345,0.0020,60.8533,0.0179,-0.0011,0.0062,0.9342,-0.1435,0.7342,hold
2023-04-05,146.9188,2762100,147.4167,148.4748,145.8697,-0.0049,0.0451,0.0493,0.0245,-0.0033,53.8061,0.0137,0.0005,0.0062,0.8514,0.1751,0.8494,hold
2023-04-06,147.2211,2552900,144.5449,147.4523,142.8644,0.0021,0.0331,0.0606,0.0206,-0.0015,62.2345,0.0129,0.0019,0.0061,0.8397,-0.0757,0.7769,buy
2023-04-10,150.2619,2724400,146.7766,150.8665,146.3409,0.0207,0.0203,0.0818,0.0336,0.0188,61.5385,0.0136,0.0045,0.0069,0.9940,0.0672,0.8295,hold
2023-04-11,150.7776,2155500,150.8932,152.2536,150.5998,0.0034,0.0212,0.0640,0.0307,0.0220,63.7345,0.0129,0.0068,0.0074,0.9566,-0.2088,0.6582,sell
2023-04-12,145.3806,3900300,151.5600,151.8357,145.0961,-0.0358,-0.0153,0.0234,-0.0084,-0.0141,61.6873,0.0186,0.0059,0.0052,0.5761,0.8095,1.1673,hold
2023-04-13,145.1673,2464600,145.8519,146.6521,143.7713,-0.0015,-0.0119,0.0326,-0.0130,-0.0146,64.4562,0.0181,0.0048,0.0033,0.5493,-0.3681,0.7395,sell
2023-04-14,143.1489,2370100,144.9272,147.1233,142.1620,-0.0139,-0.0277,0.0046,-0.0271,-0.0266,58.8847,0.0185,0.0028,0.0010,0.4140,-0.0383,0.7126,buy
2023-04-17,144.6604,2566500,143.6024,144.9983,143.3623,0.0106,-0.0373,-0.0177,-0.0151,-0.0142,56.5251,0.0150,0.0020,0.0002,0.5098,0.0829,0.9181,hold
2023-04-18,144.3937,2195400,144.8827,144.9539,144.0292,-0.0018,-0.0423,-0.0220,-0.0148,-0.0145,55.1874,0.0150,0.0012,-0.0005,0.4934,-0.1446,0.7950,hold
2023-04-19,144.4915,2183700,142.9266,144.7938,142.4465,0.0007,-0.0061,-0.0213,-0.0120,-0.0126,59.2437,0.0150,0.0006,-0.0009,0.5010,-0.0053,0.7953,sell
2023-04-20,142.5087,2809900,143.0778,144.4737,142.0642,-0.0137,-0.0183,-0.0300,-0.0226,-0.0245,50.0209,0.0154,-0.0010,-0.0020,0.3452,0.2868,1.0252,buy
2023-04-21,144.1981,2743600,143.4334,146.2875,143.0956,0.0119,0.0073,-0.0205,-0.0089,-0.0119,41.5482,0.0161,-0.0012,-0.0018,0.4457,-0.0236,1.0019,buy
2023-04-24,145.7629,2313100,144.3136,145.9941,144.3136,0.0109,0.0076,-0.0299,0.0049,-0.0004,45.1242,0.0148,-0.0006,-0.0009,0.5497,-0.1569,0.8508,sell
2023-04-25,140.1348,2723300,145.7718,145.9141,139.8858,-0.0386,-0.0295,-0.0706,-0.0267,-0.0377,34.9607,0.0183,-0.0032,-0.0029,0.0669,0.1773,1.0082,sell
2023-04-26,138.2143,3077400,139.5480,141.0239,137.6275,-0.0137,-0.0434,-0.0493,-0.0353,-0.0489,33.3559,0.0156,-0.0065,-0.0049,-0.0238,0.1300,1.1358,buy
2023-04-27,140.6149,3037900,138.9078,141.0150,137.9298,0.0174,-0.0133,-0.0314,-0.0154,-0.0309,38.3065,0.0171,-0.0074,-0.0046,0.1627,-0.0128,1.1462,hold
2023-04-28,140.2593,3432900,141.0595,141.9575,138.6588,-0.0025,-0.0273,-0.0202,-0.0159,-0.0312,30.4347,0.0167,-0.0083,-0.0045,0.1572,0.1300,1.2667,hold
2023-05-01,139.6991,1964500,140.1970,141.1484,139.0056,-0.0040,-0.0416,-0.0343,-0.0164,-0.0330,28.3680,0.0161,-0.0093,-0.0043,0.1575,-0.4277,0.7403,sell
2023-05-02,138.4543,2277400,139.1923,139.4146,136.5427,-0.0089,-0.0120,-0.0411,-0.0211,-0.0395,33.8582,0.0162,-0.0107,-0.0046,0.1186,0.1593,0.8658,sell
2023-05-03,137.4319,2385700,138.0987,141.0328,137.2274,-0.0074,-0.0057,-0.0489,-0.0234,-0.0452,32.6277,0.0161,-0.0124,-0.0049,0.1024,0.0476,0.9064,sell
2023-05-04,135.6181,2653600,137.0851,137.3696,134.1421,-0.0132,-0.0355,-0.0484,-0.0316,-0.0563,32.9302,0.0161,-0.0147,-0.0057,0.0544,0.1123,1.0103,buy
2023-05-05,138.9700,2187200,137.3607,140.2770,137.0762,0.0247,-0.0092,-0.0363,-0.0039,-0.0319,38.0951,0.0180,-0.0139,-0.0041,0.2820,-0.1758,0.8385,hold
2023-05-08,139.1479,1495200,139.1301,140.2948,138.3921,0.0013,-0.0039,-0.0454,0.0021,-0.0294,38.9842,0.0174,-0.0133,-0.0028,0.3096,-0.3164,0.5871,buy
2023-05-09,139.9659,1886000,138.4366,140.3571,138.1876,0.0059,0.0109,-0.0012,0.0081,-0.0225,40.7757,0.0128,-0.0121,-0.0014,0.3819,0.2614,0.7444,hold
2023-05-10,140.2415,2804800,140.6416,141.6374,137.8320,0.0020,0.0204,0.0147,0.0086,-0.0193,45.0331,0.0118,-0.0109,-0.0002,0.4219,0.4872,1.1316,buy
2023-05-11,141.2551,2832000,139.9303,141.6463,139.1835,0.0072,0.0416,0.0046,0.0155,-0.0118,43.3561,0.0107,-0.0092,0.0011,0.5268,0.0097,1.1342,sell
2023-05-12,140.4727,3361600,140.3037,141.6374,138.7300,-0.0055,0.0108,0.0015,0.0097,-0.0163,37.6197,0.0108,-0.0084,0.0016,0.4676,0.1870,1.3200,buy
2023-05-15,142.7666,4055200,140.4549,142.9622,139.9481,0.0163,0.0260,0.0220,0.0239,0.0005,57.2979,0.0118,-0.0062,0.0030,0.6953,0.2063,1.5472,sell
2023-05-16,140.4571,5805900,140.8779,143.9840,138.4789,-0.0162,0.0035,0.0145,0.0059,-0.0148,56.0880,0.0128,-0.0059,0.0027,0.4923,0.4317,2.0724,buy
2023-05-17,144.0825,8387700,139.4635,145.7654,138.8548,0.0258,0.0274,0.0484,0.0270,0.0107,58.8256,0.0144,-0.0033,0.0040,0.8676,0.4447,2.6955,sell
2023-05-18,138.0134,7881600,144.0019,144.6733,137.1809,-0.0421,-0.0229,0.0177,-0.0180,-0.0309,45.5717,0.0202,-0.0050,0.0022,0.2671,-0.0603,2.3420,sell
2023-05-19,136.3126,4456000,138.6579,138.9891,135.1042,-0.0123,-0.0296,-0.0191,-0.0282,-0.0419,43.6101,0.0189,-0.0072,0.0000,0.1290,-0.4346,1.2912,hold
2023-05-22,135.9814,3717000,135.1668,136.7244,134.0658,-0.0024,-0.0475,-0.0228,-0.0284,-0.0436,45.1673,0.0189,-0.0090,-0.0014,0.0994,-0.1658,1.0556,sell
2023-05-23,131.7295,4374100,134.5671,135.4622,131.5325,-0.0313,-0.0621,-0.0588,-0.0532,-0.0724,40.1052,0.0207,-0.0132,-0.0043,-0.1645,0.1768,1.2138,sell
2023-05-24,128.0952,6738300,130.5121,130.5926,127.2269,-0.0276,-0.1110,-0.0866,-0.0712,-0.0964,37.7220,0.0215,-0.0188,-0.0077,-0.2094,0.5405,1.7795,sell
2023-05-25,125.9916,7409500,127.2716,127.2895,124.1118,-0.0164,-0.0871,-0.1081,-0.0762,-0.1093,27.9182,0.0209,-0.0245,-0.0105,-0.1445,0.0996,1.8499,sell
2023-05-26,124.3624,8100400,125.5977,125.7499,122.8228,-0.0129,-0.0877,-0.1147,-0.0773,-0.1182,26.0276,0.0208,-0.0298,-0.0125,-0.0822,0.0932,1.9111,sell
2023-05-30,119.8061,10931900,123.7269,124.3266,119.5734,-0.0366,-0.1190,-0.1608,-0.0957,-0.1479,20.8478,0.0195,-0.0376,-0.0158,-0.1139,0.3496,2.3324,sell
2023-05-31,117.2013,20234400,120.1642,121.0772,116.9327,-0.0217,-0.1103,-0.1656,-0.0995,-0.1631,18.7853,0.0195,-0.0452,-0.0183,-0.0698,0.8509,3.6231,hold
2023-06-01,117.4072,13678400,115.1156,118.1859,113.4596,0.0018,-0.0834,-0.1851,-0.0791,-0.1583,16.9680,0.0144,-0.0497,-0.0183,0.0239,-0.3240,2.2243,buy
2023-06-02,119.2512,7594000,117.4788,119.3049,116.8701,0.0157,-0.0535,-0.1359,-0.0507,-0.1426,21.4456,0.0161,-0.0507,-0.0158,0.1260,-0.4448,1.1872,sell
2023-06-05,116.9059,7702900,117.8637,118.6156,116.1181,-0.0197,-0.0600,-0.1424,-0.0547,-0.1568,15.2514,0.0161,-0.0541,-0.0148,0.1156,0.0143,1.1545,buy
2023-06-06,118.7857,6065200,116.4583,119.0184,116.3061,0.0161,-0.0085,-0.1265,-0.0260,-0.1407,20.5403,0.0186,-0.0533,-0.0117,0.1979,-0.2126,0.8789,sell
2023-06-07,117.9353,5504400,118.1859,118.4366,117.2729,-0.0072,0.0063,-0.1047,-0.0219,-0.1439,11.5557,0.0176,-0.0536,-0.0094,0.2089,-0.0925,0.7773,hold
2023-06-08,117.5056,6162000,117.7115,118.8483,116.5657,-0.0036,0.0008,-0.0827,-0.0168,-0.1440,13.8530,0.0166,-0.0535,-0.0072,0.2275,0.1195,0.8500,sell
2023-06-09,113.6744,9404100,115.9212,116.9059,113.6386,-0.0326,-0.0468,-0.0978,-0.0390,-0.1686,12.8853,0.0182,-0.0570,-0.0074,0.1704,0.5261,1.2409,hold
2023-06-12,113.2179,8248400,113.9519,114.0325,111.9647,-0.0040,-0.0315,-0.0896,-0.0337,-0.1684,12.8326,0.0183,-0.0583,-0.0068,0.1915,-0.1229,1.0544,buy
2023-06-13,115.2230,6916300,114.1309,115.8317,113.4506,0.0177,-0.0300,-0.0383,-0.0127,-0.1497,20.9148,0.0173,-0.0561,-0.0044,0.2609,-0.1615,0.8683,buy
2023-06-14,119.2601,14968700,115.6527,120.4238,114.5158,0.0350,0.0112,0.0176,0.0200,-0.1162,34.6501,0.0198,-0.0499,0.0000,0.3827,1.1643,1.7770,buy
2023-06-15,123.3867,10063100,120.9430,123.6015,120.4864,0.0346,0.0500,0.0509,0.0500,-0.0823,45.7716,0.0224,-0.0418,0.0052,0.5286,-0.3277,1.1828,sell
2023-06-16,119.7793,9903000,123.5837,123.5837,119.6271,-0.0292,0.0537,0.0044,0.0188,-0.1055,43.0093,0.0244,-0.0398,0.0069,0.4337,-0.0159,1.1504,sell
2023-06-20,118.8036,5355200,119.1616,119.3138,117.6399,-0.0081,0.0493,0.0162,0.0089,-0.1090,48.2833,0.0236,-0.0378,0.0075,0.4191,-0.4592,0.6188,hold
2023-06-21,119.2512,3845500,118.4813,119.9315,117.5593,0.0038,0.0350,0.0039,0.0123,-0.1015,53.7902,0.0231,-0.0350,0.0080,0.4665,-0.2819,0.4441,hold
2023-06-22,118.5082,4620600,119.4481,119.7345,117.6488,-0.0062,-0.0063,0.0049,0.0055,-0.1027,51.9961,0.0231,-0.0333,0.0080,0.4530,0.2016,0.5328,hold
2023-06-23,118.0069,6975500,117.2729,118.5261,116.6552,-0.0042,-0.0436,0.0043,0.0008,-0.1028,47.6288,0.0231,-0.0319,0.0077,0.4438,0.5097,0.8032,buy
2023-06-26,120.3969,4831100,118.4724,121.2563,118.4634,0.0203,0.0052,0.0591,0.0153,-0.0812,56.6417,0.0206,-0.0281,0.0086,0.6836,-0.3074,0.5647,sell
2023-06-27,118.6156,6047600,119.2333,120.7013,118.5261,-0.0148,-0.0016,0.0477,-0.0043,-0.0914,49.6752,0.0214,-0.0269,0.0083,0.5514,0.2518,0.7155,hold
2023-06-28,118.5798,4601900,118.7857,119.3944,118.0517,-0.0003,-0.0056,0.0291,-0.0074,-0.0880,51.2703,0.0210,-0.0253,0.0079,0.5549,-0.2391,0.5656,hold
2023-06-29,118.9737,6055200,118.5887,120.0031,117.9532,0.0033,0.0039,-0.0024,-0.0038,-0.0814,52.8975,0.0177,-0.0235,0.0077,0.5889,0.3158,0.8153,sell
2023-06-30,118.0695,7316200,119.7793,119.8151,117.3803,-0.0076,0.0005,-0.0431,-0.0070,-0.0846,59.8082,0.0129,-0.0226,0.0070,0.4847,0.2083,1.0291,buy
2023-07-03,120.7192,4134600,117.7921,121.1310,117.7921,0.0224,0.0027,0.0078,0.0145,-0.0609,65.2475,0.0122,-0.0193,0.0078,0.7647,-0.4349,0.5961,sell
2023-07-05,118.6514,5186900,120.1642,120.3880,118.5977,-0.0171,0.0003,-0.0013,-0.0027,-0.0733,56.9510,0.0132,-0.0185,0.0072,0.5311,0.2545,0.7616,sell
2023-07-06,117.1207,4882300,118.0517,119.0274,116.7537,-0.0129,-0.0123,-0.0179,-0.0138,-0.0812,45.1718,0.0137,-0.0188,0.0058,0.3733,-0.0587,0.7232,sell
2023-07-07,116.4136,4256800,116.8164,118.3560,116.2435,-0.0060,-0.0215,-0.0177,-0.0181,-0.0833,31.3904,0.0137,-0.0191,0.0045,0.3077,-0.1281,0.6364,buy
2023-07-10,117.9263,3831300,116.6194,118.0338,116.6194,0.0130,-0.0012,-0.0007,-0.0052,-0.0684,44.4325,0.0144,-0.0178,0.0044,0.4675,-0.1000,0.5830,buy
2023-07-11,119.4033,4089200,118.1949,120.2179,117.5951,0.0125,-0.0109,-0.0083,0.0081,-0.0536,51.7493,0.0134,-0.0156,0.0051,0.6069,0.0673,0.6484,hold
2023-07-12,118.9737,3758300,120.7102,121.2115,118.9110,-0.0036,0.0027,0.0030,0.0041,-0.0538,49.1898,0.0125,-0.0142,0.0052,0.5256,-0.0809,0.6179,hold
2023-07-13,118.8931,3077400,119.3854,120.2179,118.7767,-0.0007,0.0151,0.0026,0.0032,-0.0513,51.1691,0.0125,-0.0130,0.0052,0.4837,-0.1812,0.5225,sell
2023-07-14,117.1923,4124300,118.2396,118.7678,116.9596,-0.0143,0.0067,-0.0150,-0.0097,-0.0617,47.6939,0.0133,-0.0132,0.0042,0.2155,0.3402,0.7712,sell
2023-07-17,116.3777,4731500,117.0849,117.1118,115.0708,-0.0070,-0.0131,-0.0143,-0.0151,-0.0650,37.5070,0.0132,-0.0137,0.0031,0.0348,0.1472,0.9312,buy
2023-07-18,117.0938,3786400,116.6821,118.1322,115.5094,0.0062,-0.0193,-0.0300,-0.0060,-0.0565,44.9344,0.0107,-0.0133,0.0027,0.2192,-0.1997,0.7929,buy
2023-07-19,118.7857,3229200,117.7115,118.9916,117.1565,0.0144,-0.0016,0.0011,0.0082,-0.0397,50.6173,0.0108,-0.0116,0.0033,0.5835,-0.1472,0.6916,buy
2023-07-20,120.5222,4174700,119.1706,121.1041,118.5887,0.0146,0.0137,0.0290,0.0200,-0.0227,54.2970,0.0106,-0.0089,0.0046,0.9147,0.2928,0.8910,sell
2023-07-21,120.0210,4034200,120.9609,122.0619,119.5913,-0.0042,0.0241,0.0310,0.0127,-0.0236,55.5387,0.0104,-0.0073,0.0051,0.7875,-0.0337,0.8664,buy
2023-07-24,121.2115,2622600,120.2358,121.3816,119.7972,0.0099,0.0415,0.0279,0.0199,-0.0109,51.5236,0.0101,-0.0050,0.0058,0.9445,-0.3499,0.5909,sell
2023-07-25,119.5913,3849400,120.9251,121.5875,119.3586,-0.0134,0.0213,0.0016,0.0061,-0.0207,52.9915,0.0106,-0.0044,0.0052,0.6700,0.4678,0.8770,buy
2023-07-26,120.3701,5180100,118.8394,121.3279,118.5709,0.0065,0.0133,0.0117,0.0115,-0.0110,60.8618,0.0107,-0.0032,0.0051,0.7849,0.3457,1.1919,hold
2023-07-27,120.3969,5538800,121.1399,123.7806,120.3969,0.0002,-0.0010,0.0126,0.0104,-0.0072,63.9499,0.0107,-0.0023,0.0048,0.7651,0.0692,1.2608,buy
2023-07-28,120.8445,2957500,121.6054,122.4021,120.6744,0.0037,0.0069,0.0312,0.0111,-0.0002,61.0434,0.0092,-0.0012,0.0047,0.8110,-0.4660,0.6978,buy
2023-07-31,122.1604,6055300,121.0772,122.5363,121.0772,0.0109,0.0078,0.0497,0.0172,0.0143,60.5624,0.0088,0.0005,0.0050,0.9492,1.0474,1.4504,sell
2023-08-01,119.0453,4060700,122.0351,122.2230,119.0095,-0.0255,-0.0046,0.0167,-0.0104,-0.0084,50.2275,0.0130,-0.0002,0.0035,0.4993,-0.3294,0.9735,buy
2023-08-02,119.5376,3562700,118.3381,120.0299,117.9979,0.0041,-0.0069,0.0063,-0.0069,-0.0015,51.9955,0.0122,-0.0005,0.0026,0.5675,-0.1226,0.8710,sell
2023-08-03,118.8125,3723100,119.2601,119.9852,118.6962,-0.0061,-0.0132,-0.0142,-0.0115,-0.0047,55.3392,0.0113,-0.0012,0.0016,0.4420,0.0450,0.9233,hold
2023-08-04,118.6335,3481500,119.7703,120.5044,118.1322,-0.0015,-0.0183,-0.0116,-0.0119,-0.0040,57.7587,0.0113,-0.0018,0.0008,0.3866,-0.0649,0.8718,sell
2023-08-07,118.1054,3036700,119.0721,119.6808,117.5683,-0.0045,-0.0332,-0.0256,-0.0137,-0.0068,53.5247,0.0106,-0.0026,-0.0001,0.2926,-0.1278,0.7681,sell
2023-08-08,117.2460,4359100,116.9238,117.4519,115.7870,-0.0073,-0.0151,-0.0196,-0.0190,-0.0126,44.3046,0.0101,-0.0039,-0.0010,0.1778,0.4355,1.0988,hold
2023-08-09,116.9059,2761200,117.5772,118.2217,116.6015,-0.0029,-0.0220,-0.0288,-0.0190,-0.0142,35.0813,0.0096,-0.0050,-0.0017,0.1577,-0.3666,0.7049,hold
2023-08-10,117.1923,4375600,117.4877,118.6156,116.8343,0.0025,-0.0136,-0.0266,-0.0139,-0.0113,38.1203,0.0098,-0.0057,-0.0019,0.2255,0.5847,1.0988,hold
2023-08-11,117.3087,3804000,116.3957,117.8816,116.3867,0.0010,-0.0112,-0.0293,-0.0100,-0.0104,31.9835,0.0096,-0.0060,-0.0018,0.2413,-0.1306,0.9591,sell
2023-08-14,115.8496,4425100,117.0223,117.9980,115.3573,-0.0124,-0.0191,-0.0517,-0.0171,-0.0224,32.4665,0.0086,-0.0073,-0.0024,0.0367,0.1633,1.1200,sell
2023-08-15,112.8974,9416500,115.5156,116.7524,112.8161,-0.0255,-0.0371,-0.0516,-0.0371,-0.0463,20.9086,0.0086,-0.0105,-0.0044,-0.1869,1.1280,2.2249,buy
2023-08-16,116.2378,23754400,121.8804,122.1061,115.1364,0.0296,-0.0057,-0.0276,-0.0058,-0.0180,37.1291,0.0139,-0.0100,-0.0033,0.2280,1.5226,4.5172,buy
2023-08-17,117.4656,8659600,116.0482,119.9394,115.9489,0.0106,0.0023,-0.0113,0.0058,-0.0074,40.0255,0.0144,-0.0089,-0.0018,0.3824,-0.6355,1.5794,buy
2023-08-18,118.4588,5755800,117.0142,119.5512,116.5177,0.0085,0.0098,-0.0015,0.0145,0.0009,38.8604,0.0147,-0.0072,-0.0001,0.5053,-0.3353,1.0335,sell
2023-08-21,115.3711,5928600,117.8087,118.9463,115.0461,-0.0261,-0.0041,-0.0232,-0.0096,-0.0248,38.9247,0.0169,-0.0082,-0.0007,0.1798,0.0300,1.0339,sell
2023-08-22,112.7981,8791100,113.3217,113.8183,110.7216,-0.0223,-0.0009,-0.0379,-0.0280,-0.0464,31.9489,0.0180,-0.0107,-0.0025,-0.0144,0.4828,1.4697,sell
2023-08-23,111.2362,4797500,112.2383,113.2044,110.8570,-0.0138,-0.0430,-0.0485,-0.0368,-0.0593,30.5782,0.0183,-0.0137,-0.0043,-0.0540,-0.4543,0.8046,buy
2023-08-24,112.0397,4308100,110.7036,112.3467,110.2521,0.0072,-0.0462,-0.0440,-0.0255,-0.0520,33.6213,0.0185,-0.0151,-0.0046,0.0786,-0.1020,0.7301,sell
2023-08-25,109.9542,7279700,111.9494,112.0397,109.0153,-0.0186,-0.0718,-0.0627,-0.0374,-0.0682,31.2069,0.0190,-0.0179,-0.0058,-0.0129,0.6898,1.1901,buy
2023-08-28,111.4348,5116600,110.0806,111.7057,109.6382,0.0135,-0.0341,-0.0381,-0.0207,-0.0537,36.9749,0.0198,-0.0184,-0.0051,0.1333,-0.2971,0.8429,buy
2023-08-29,113.8995,5267400,111.7869,115.2537,111.7418,0.0221,0.0098,0.0089,0.0001,-0.0318,43.8476,0.0197,-0.0166,-0.0029,0.3572,0.0295,0.8593,buy
2023-08-30,114.6127,3276700,113.5474,114.9739,113.1863,0.0063,0.0304,-0.0140,0.0078,-0.0251,44.8116,0.0171,-0.0147,-0.0009,0.4360,-0.3779,0.5358,hold
2023-08-31,114.2516,4234600,114.0710,115.2899,113.6106,-0.0032,0.0197,-0.0274,0.0075,-0.0273,43.9111,0.0166,-0.0135,0.0003,0.4207,0.2923,0.6895,sell
2023-09-01,113.3217,2997100,115.1544,115.2899,112.9877,-0.0081,0.0306,-0.0434,0.0038,-0.0344,44.8567,0.0162,-0.0130,0.0007,0.3521,-0.2922,0.4899,hold
2023-09-05,113.0238,3427300,113.2314,115.0822,112.8522,-0.0026,0.0143,-0.0203,0.0033,-0.0361,50.2883,0.0143,-0.0127,0.0009,0.3421,0.1435,0.5585,sell
2023-09-06,111.6876,3562100,113.0238,113.2766,111.1640,-0.0118,-0.0194,-0.0098,-0.0076,-0.0461,38.5766,0.0130,-0.0134,0.0003,0.2340,0.0393,0.5842,buy
2023-09-07,112.3647,3267200,111.8140,112.7439,111.5161,0.0061,-0.0196,0.0101,-0.0026,-0.0393,36.8298,0.0123,-0.0131,0.0004,0.3230,-0.0828,0.5337,sell
2023-09-08,111.6696,2923200,112.2744,112.6085,110.6223,-0.0062,-0.0226,-0.0033,-0.0085,-0.0441,32.1969,0.0123,-0.0133,0.0002,0.2737,-0.1053,0.4832,sell
2023-09-11,110.7487,2613100,112.2654,112.5001,110.6313,-0.0082,-0.0227,0.0072,-0.0173,-0.0506,36.3248,0.0109,-0.0141,-0.0004,0.2031,-0.1061,0.4362,hold
2023-09-12,110.5049,2930600,110.9563,111.4800,110.3695,-0.0022,-0.0223,-0.0083,-0.0187,-0.0515,42.1313,0.0100,-0.0146,-0.0007,0.2081,0.1215,0.4954,buy
2023-09-13,110.9834,2541500,110.8119,111.6605,110.5862,0.0043,-0.0063,-0.0256,-0.0119,-0.0458,49.0629,0.0063,-0.0145,-0.0005,0.2754,-0.1328,0.4562,buy
2023-09-14,112.6446,3760900,111.5883,112.8162,110.8751,0.0150,0.0025,-0.0172,0.0047,-0.0305,52.1083,0.0081,-0.0128,0.0008,0.4689,0.4798,0.8226,sell
2023-09-15,111.0918,4919800,112.6356,112.9425,110.7938,-0.0138,-0.0052,-0.0277,-0.0064,-0.0429,54.1176,0.0089,-0.0129,0.0007,0.3111,0.3081,1.1220,sell
2023-09-18,107.7423,5415200,110.9744,110.9744,107.0291,-0.0302,-0.0271,-0.0492,-0.0315,-0.0704,38.2268,0.0124,-0.0155,-0.0012,-0.1095,0.1007,1.2398,buy
2023-09-19,108.4916,4056200,107.8506,109.0514,107.3902,0.0070,-0.0182,-0.0401,-0.0208,-0.0624,30.6399,0.0130,-0.0163,-0.0017,0.0427,-0.2510,0.9490,hold
2023-09-20,108.7083,3263500,108.8618,109.7285,108.4013,0.0020,-0.0205,-0.0267,-0.0162,-0.0588,28.0831,0.0128,-0.0167,-0.0017,0.1241,-0.1954,0.8163,sell
2023-09-21,105.9186,4133200,107.9319,108.6451,105.5214,-0.0257,-0.0597,-0.0574,-0.0358,-0.0808,23.7933,0.0143,-0.0194,-0.0032,-0.0923,0.2665,1.0425,sell
2023-09-22,101.6573,6593700,105.6026,105.9637,101.6031,-0.0402,-0.0849,-0.0897,-0.0661,-0.1152,19.6714,0.0179,-0.0252,-0.0066,-0.2324,0.5953,1.6165,hold
2023-09-25,101.3503,5353300,101.2149,101.7927,99.7885,-0.0030,-0.0593,-0.0849,-0.0608,-0.1154,19.6622,0.0180,-0.0291,-0.0084,-0.0981,-0.1881,1.3442,sell
2023-09-26,98.8405,6022200,100.5378,101.4677,98.5155,-0.0248,-0.0890,-0.1056,-0.0740,-0.1347,18.5317,0.0186,-0.0346,-0.0107,-0.0991,0.1250,1.4951,hold
2023-09-27,99.0752,4498100,98.7502,99.8878,97.9467,0.0024,-0.0886,-0.1073,-0.0614,-0.1299,16.7269,0.0184,-0.0377,-0.0111,0.0055,-0.2531,1.1275,hold
2023-09-28,98.9127,4676500,98.8947,99.7433,97.6398,-0.0016,-0.0661,-0.1219,-0.0505,-0.1282,17.1853,0.0164,-0.0399,-0.0106,0.0619,0.0397,1.1520,buy
2023-09-29,99.8246,4738100,99.6440,100.7996,99.2016,0.0092,-0.0180,-0.1014,-0.0313,-0.1170,21.8866,0.0178,-0.0400,-0.0088,0.1465,0.0132,1.1600,sell
2023-10-02,96.3216,6121300,99.6260,99.6621,95.4730,-0.0351,-0.0496,-0.1060,-0.0548,-0.1444,18.7425,0.0185,-0.0443,-0.0096,0.0525,0.2919,1.4434,hold
2023-10-03,96.7460,5370300,95.8612,98.0370,95.8612,0.0044,-0.0212,-0.1083,-0.0396,-0.1369,18.5481,0.0182,-0.0455,-0.0087,0.1191,-0.1227,1.2380,hold
2023-10-04,96.2585,5523100,97.8655,97.8655,95.4730,-0.0050,-0.0284,-0.1145,-0.0325,-0.1376,11.8216,0.0178,-0.0467,-0.0078,0.1425,0.0285,1.2450,sell
2023-10-05,94.9313,4749300,95.5813,96.3307,94.4618,-0.0138,-0.0403,-0.1037,-0.0352,-0.1456,11.9473,0.0171,-0.0487,-0.0074,0.1320,-0.1401,1.0530,hold
2023-10-06,94.8049,7556900,94.5702,95.9425,92.9271,-0.0013,-0.0503,-0.0674,-0.0297,-0.1428,14.0852,0.0138,-0.0493,-0.0064,0.1642,0.5912,1.5937,buy
2023-10-09,95.4820,4819900,95.0126,95.8070,93.6583,0.0071,-0.0087,-0.0579,-0.0169,-0.1327,13.7393,0.0145,-0.0483,-0.0045,0.2201,-0.3622,0.9933,buy
2023-10-10,98.9759,6791800,96.1050,100.3572,95.8883,0.0366,0.0230,0.0014,0.0190,-0.0972,27.0638,0.0181,-0.0428,-0.0004,0.3773,0.4091,1.3462,sell
2023-10-11,98.3981,3977400,99.4183,99.6801,96.5383,-0.0058,0.0222,-0.0068,0.0137,-0.0990,30.2137,0.0182,-0.0400,0.0021,0.3720,-0.4144,0.7773,buy
2023-10-12,100.0322,6497300,102.0094,102.0184,98.8676,0.0166,0.0537,0.0113,0.0294,-0.0808,45.0386,0.0190,-0.0352,0.0049,0.4679,0.6336,1.2367,buy
2023-10-13,101.0976,4651400,100.4024,101.3233,99.3190,0.0106,0.0664,0.0128,0.0390,-0.0680,49.2624,0.0190,-0.0304,0.0074,0.5523,-0.2841,0.8876,hold
2023-10-16,100.5649,3872700,101.6212,101.8288,99.1204,-0.0053,0.0532,0.0441,0.0290,-0.0698,55.6879,0.0145,-0.0272,0.0087,0.5464,-0.1674,0.7500,buy
2023-10-17,101.6212,3387900,100.3753,102.1809,99.9871,0.0105,0.0267,0.0504,0.0347,-0.0571,57.9661,0.0146,-0.0231,0.0099,0.6534,-0.1252,0.6604,sell
2023-10-18,99.4996,2940800,101.0614,101.0885,99.2468,-0.0209,0.0112,0.0337,0.0097,-0.0738,51.6356,0.0165,-0.0220,0.0094,0.5441,-0.1320,0.5751,sell
2023-10-19,97.8294,4249500,99.5086,100.1225,97.8023,-0.0168,-0.0220,0.0305,-0.0101,-0.0861,44.6644,0.0169,-0.0222,0.0078,0.4118,0.4450,0.8300,hold
2023-10-20,98.2537,4215700,97.7301,99.5267,97.2335,0.0043,-0.0281,0.0364,-0.0093,-0.0788,56.1850,0.0168,-0.0214,0.0068,0.4777,-0.0080,0.8430,sell
2023-10-23,96.9807,3189800,97.5856,97.9106,96.2946,-0.0130,-0.0356,0.0157,-0.0236,-0.0873,50.7127,0.0176,-0.0219,0.0053,0.3451,-0.2434,0.6520,buy
2023-10-24,98.1183,2518100,97.2064,98.6148,96.8814,0.0117,-0.0345,-0.0087,-0.0113,-0.0735,55.4325,0.0133,-0.0207,0.0050,0.4915,-0.2106,0.5338,buy
2023-10-25,99.6350,4123200,97.8925,100.2850,97.4321,0.0155,0.0014,0.0126,0.0027,-0.0568,63.5889,0.0141,-0.0182,0.0057,0.6762,0.6374,0.8775,buy
2023-10-26,100.0954,3092400,99.4905,101.0344,99.3009,0.0046,0.0232,0.0006,0.0073,-0.0496,64.9948,0.0131,-0.0158,0.0064,0.7217,-0.2500,0.6694,sell
2023-10-27,96.8092,3448200,99.7794,100.3031,96.5022,-0.0328,-0.0147,-0.0424,-0.0215,-0.0771,53.2768,0.0161,-0.0170,0.0047,0.3394,0.1151,0.7570,buy
2023-10-30,98.1092,3852700,97.2877,98.4974,96.2404,0.0134,0.0116,-0.0244,-0.0059,-0.0611,47.6000,0.0170,-0.0160,0.0043,0.4871,0.1173,0.8674,buy
2023-10-31,100.0232,5549400,98.2988,100.4656,97.9196,0.0195,0.0194,-0.0157,0.0151,-0.0400,54.1899,0.0180,-0.0134,0.0052,0.7050,0.4404,1.2470,sell
2023-11-01,98.8947,3081500,100.2850,100.2850,98.0551,-0.0113,-0.0074,-0.0061,0.0043,-0.0483,46.9886,0.0171,-0.0125,0.0051,0.5496,-0.4447,0.7119,buy
2023-11-02,100.2760,3817800,99.5267,100.9621,98.3349,0.0140,0.0018,0.0250,0.0158,-0.0329,47.8608,0.0166,-0.0103,0.0056,0.7094,0.2389,0.8917,buy
2023-11-03,101.8830,4341100,101.2962,103.1108,101.1878,0.0160,0.0524,0.0369,0.0283,-0.0155,53.2502,0.0171,-0.0072,0.0068,0.9145,0.1371,1.0534,sell
2023-11-06,100.2579,3696200,102.2802,102.4157,100.1406,-0.0160,0.0219,0.0338,0.0085,-0.0294,46.7302,0.0175,-0.0062,0.0064,0.6548,-0.1486,0.9093,hold
2023-11-07,100.5288,2859100,100.0593,101.7205,100.0322,0.0027,0.0051,0.0246,0.0088,-0.0247,52.7091,0.0172,-0.0050,0.0061,0.6859,-0.2265,0.7391,sell
2023-11-08,99.1746,4514000,100.2489,101.0614,98.6780,-0.0135,0.0028,-0.0046,-0.0043,-0.0351,53.6008,0.0173,-0.0051,0.0049,0.4462,0.5788,1.1589,sell
2023-11-09,96.4119,5604600,99.5898,99.5898,95.9966,-0.0279,-0.0385,-0.0368,-0.0285,-0.0586,45.6185,0.0192,-0.0076,0.0021,0.0441,0.2416,1.4556,buy
2023-11-10,97.8023,6235800,96.7008,98.0731,95.0035,0.0144,-0.0401,0.0103,-0.0154,-0.0420,51.9436,0.0168,-0.0080,0.0012,0.2859,0.1126,1.5869,sell
2023-11-13,96.8724,4016000,98.1544,98.2537,96.7189,-0.0095,-0.0338,-0.0126,-0.0236,-0.0480,47.0233,0.0165,-0.0092,0.0001,0.1749,-0.3560,1.0201,buy
2023-11-14,101.0592,7656100,98.7423,102.4457,98.5873,0.0432,0.0053,0.0104,0.0176,-0.0045,53.0178,0.0209,-0.0063,0.0021,0.8429,0.9064,1.8448,buy
2023-11-15,119.0016,32230800,115.0063,119.9776,113.9117,0.1775,0.1999,0.2033,0.1744,0.1705,73.0117,0.0590,0.0085,0.0125,1.5042,3.2098,5.7405,hold
2023-11-16,118.5273,12033200,116.0827,119.3209,116.0188,-0.0040,0.2294,0.1820,0.1491,0.1644,78.3767,0.0595,0.0189,0.0184,1.1996,-0.6267,2.0043,hold
2023-11-17,118.4817,5982500,118.9286,119.5763,117.5786,-0.0004,0.2114,0.1629,0.1304,0.1624,77.5206,0.0598,0.0269,0.0211,1.0611,-0.5028,0.9820,hold
2023-11-20,118.2627,5810200,117.9891,118.7918,117.0952,-0.0018,0.2208,0.1796,0.1093,0.1586,75.8219,0.0591,0.0327,0.0215,0.9701,-0.0288,0.9336,hold
2023-11-21,119.3117,4057900,118.7827,119.3756,117.4053,0.0089,0.1806,0.1868,0.0997,0.1668,78.9698,0.0589,0.0372,0.0209,0.9333,-0.3016,0.6441,hold
2023-11-22,119.0381,3587900,119.0381,120.7347,118.4817,-0.0023,0.0003,0.2003,0.0775,0.1623,77.4856,0.0583,0.0405,0.0193,0.8750,-0.1158,0.5719,hold
2023-11-24,119.9138,1863100,119.0381,119.9229,118.3631,0.0074,0.0117,0.2438,0.0628,0.1692,76.9926,0.0562,0.0428,0.0174,0.8534,-0.4807,0.2999,hold
2023-11-27,119.7952,3736700,119.6310,120.7256,118.8100,-0.0010,0.0111,0.2249,0.0415,0.1661,80.6294,0.0567,0.0443,0.0151,0.8145,1.0056,0.6001,hold
2023-11-28,120.1053,3804900,119.7952,120.2239,118.7827,0.0026,0.0156,0.2398,0.0235,0.1663,80.6533,0.0560,0.0450,0.0127,0.7903,0.0183,0.6113,hold
2023-11-29,119.7861,2918900,120.3698,121.4097,119.6492,-0.0027,0.0040,0.1853,0.0047,0.1607,83.3549,0.0561,0.0451,0.0102,0.7553,-0.2329,0.4791,buy
2023-11-30,122.0573,5759500,120.5979,122.1942,118.9377,0.0190,0.0254,0.0257,0.0212,0.1796,92.1717,0.0072,0.0452,0.0087,0.7803,0.9732,0.9250,buy
2023-12-01,122.9422,4594800,121.6834,123.0972,120.8715,0.0072,0.0253,0.0372,0.0248,0.1843,92.0394,0.0069,0.0456,0.0076,0.7725,-0.2022,0.7334,sell
2023-12-04,121.9661,7625100,122.4313,124.2739,121.4918,-0.0079,0.0181,0.0294,0.0137,0.1703,91.8977,0.0078,0.0455,0.0057,0.7254,0.6595,1.1860,sell
2023-12-05,121.2091,2997800,121.6104,122.1030,120.8624,-0.0062,0.0092,0.0249,0.0049,0.1586,87.9945,0.0082,0.0443,0.0034,0.6866,-0.6069,0.4688,buy
2023-12-06,121.6651,3894200,121.5374,122.2216,120.6709,0.0038,0.0157,0.0197,0.0068,0.1579,64.7476,0.0079,0.0428,0.0016,0.6778,0.2990,0.6041,buy
2023-12-07,123.3162,3939200,122.7780,123.8908,122.3493,0.0136,0.0103,0.0359,0.0168,0.1682,73.4585,0.0085,0.0418,0.0009,0.6999,0.0116,0.6138,hold
2023-12-08,123.3162,2880800,123.3526,124.4199,123.2341,0.0000,0.0030,0.0284,0.0140,0.1629,73.7882,0.0085,0.0410,0.0001,0.6853,-0.2687,0.4586,buy
2023-12-11,124.7483,3571700,124.1553,124.9216,123.5898,0.0116,0.0228,0.0413,0.0216,0.1709,78.5085,0.0088,0.0403,-0.0001,0.7210,0.2398,0.5809,sell
2023-12-12,123.7449,3352100,124.8851,124.8851,123.3526,-0.0080,0.0209,0.0303,0.0104,0.1555,69.5654,0.0096,0.0394,-0.0011,0.6973,-0.0615,0.5482,buy
2023-12-13,126.2260,3531700,124.0550,126.2625,122.8692,0.0201,0.0375,0.0538,0.0252,0.1722,76.5500,0.0107,0.0388,-0.0007,1.0484,0.0536,0.5977,buy
2023-12-14,128.7436,4636400,127.4301,129.7105,127.2020,0.0199,0.0440,0.0548,0.0400,0.1884,79.0867,0.0109,0.0393,0.0005,1.1330,0.3128,1.0237,sell
2023-12-15,126.2169,5680200,128.7071,129.1632,126.0709,-0.0196,0.0235,0.0266,0.0169,0.1584,68.2573,0.0134,0.0390,-0.0005,0.8633,0.2251,1.3488,sell
2023-12-18,125.6240,3117000,126.7915,126.9284,125.3321,-0.0047,0.0070,0.0300,0.0092,0.1465,65.4416,0.0131,0.0375,-0.0017,0.7828,-0.4513,0.7662,buy
2023-12-19,127.3206,2834600,125.8793,127.4300,125.7881,0.0135,0.0289,0.0504,0.0178,0.1552,69.5735,0.0131,0.0364,-0.0018,0.8881,-0.0906,0.7233,sell
2023-12-20,124.8759,3711700,126.5452,126.6729,124.5567,-0.0192,-0.0107,0.0264,-0.0043,0.1278,57.2569,0.0152,0.0346,-0.0035,0.6566,0.3094,0.9513,buy
2023-12-21,127.1290,3980200,125.8337,127.3753,125.2317,0.0180,-0.0125,0.0309,0.0106,0.1422,60.0702,0.0156,0.0331,-0.0035,0.8270,0.0723,1.0150,buy
2023-12-22,127.8861,3223100,127.1929,128.0868,126.4540,0.0060,0.0132,0.0371,0.0129,0.1433,64.3903,0.0156,0.0323,-0.0032,0.8564,-0.1902,0.8079,buy
2023-12-26,128.6432,2237700,127.7037,129.0172,127.0561,0.0059,0.0240,0.0312,0.0158,0.1444,68.0710,0.0153,0.0318,-0.0029,0.8833,-0.3057,0.5716,buy
2023-12-27,129.8747,2806400,128.5520,130.1939,128.2601,0.0096,0.0201,0.0495,0.0206,0.1494,69.2308,0.0149,0.0316,-0.0022,0.9394,0.2541,0.7262,hold
2023-12-28,130.0206,2146700,129.5828,130.5406,129.5280,0.0011,0.0412,0.0301,0.0187,0.1449,66.8966,0.0140,0.0314,-0.0019,0.9133,-0.2351,0.5611,hold
2023-12-29,129.9111,2517400,129.5463,130.7777,129.2726,-0.0008,0.0219,0.0091,0.0169,0.1378,66.5294,0.0126,0.0308,-0.0020,0.8609,0.1727,0.6871,buy
2024-01-02,130.5314,3601500,129.7013,131.5348,129.1449,0.0048,0.0207,0.0342,0.0183,0.1368,65.1096,0.0104,0.0303,-0.0019,0.8682,0.4306,0.9965,sell
2024-01-03,126.4905,4662100,129.8564,130.4128,126.1804,-0.0310,-0.0167,0.0069,-0.0139,0.0962,56.1908,0.0150,0.0280,-0.0041,0.5103,0.2945,1.3450,buy
2024-01-04,127.9317,3903000,126.6638,128.5520,125.6057,0.0114,-0.0150,0.0048,-0.0031,0.1028,54.0354,0.0148,0.0258,-0.0048,0.6198,-0.1628,1.1115,hold
2024-01-05,128.3878,2745300,127.0834,129.4824,127.0834,0.0036,-0.0126,0.0281,-0.0023,0.1009,49.0674,0.0130,0.0242,-0.0051,0.6473,-0.2966,0.7948,buy
2024-01-08,129.2817,3563300,127.8861,129.5189,127.3023,0.0070,-0.0048,0.0169,0.0030,0.1030,58.7865,0.0120,0.0231,-0.0047,0.7253,0.2980,1.0373,buy
2024-01-09,131.1426,3664400,128.6159,131.3250,128.1871,0.0144,0.0047,0.0255,0.0149,0.1130,64.7488,0.0127,0.0229,-0.0036,0.9078,0.0284,1.0547,hold
2024-01-10,131.4344,2777400,130.7868,131.7263,130.3672,0.0022,0.0391,0.0217,0.0149,0.1089,61.8871,0.0126,0.0230,-0.0028,0.8968,-0.2421,0.8087,sell
2024-01-11,129.5463,3215300,131.8084,131.8084,128.6067,-0.0144,0.0126,-0.0025,0.0006,0.0872,63.9433,0.0133,0.0219,-0.0034,0.6577,0.1577,0.9380,sell
2024-01-12,128.5338,2236400,130.1665,130.5770,128.3148,-0.0078,0.0011,-0.0114,-0.0061,0.0736,54.5294,0.0135,0.0201,-0.0043,0.5079,-0.3045,0.6650,hold
2024-01-16,128.6797,3482400,129.7013,129.9476,127.6307,0.0011,-0.0047,-0.0095,-0.0040,0.0695,52.6637,0.0135,0.0184,-0.0048,0.5285,0.5571,1.0536,sell
2024-01-17,126.5543,3566300,127.7766,128.3878,126.2351,-0.0165,-0.0350,-0.0305,-0.0174,0.0473,43.5781,0.0142,0.0158,-0.0062,0.2297,0.0241,1.1146,sell
2024-01-18,125.3321,4160700,126.4540,126.9010,123.7540,-0.0097,-0.0464,-0.0092,-0.0260,0.0331,36.0270,0.0107,0.0127,-0.0076,0.0672,0.1667,1.2795,buy
2024-01-19,126.0071,3592600,125.1679,126.4267,123.8726,0.0054,-0.0273,-0.0150,-0.0193,0.0343,38.0435,0.0101,0.0104,-0.0079,0.1809,-0.1365,1.0921,buy
2024-01-22,128.0321,2778700,126.2442,128.3969,125.7972,0.0161,-0.0039,-0.0028,-0.0033,0.0462,44.9756,0.0115,0.0097,-0.0067,0.4209,-0.2265,0.8568,buy
2024-01-23,128.5064,2806800,128.4699,129.2635,127.5669,0.0037,-0.0013,-0.0060,0.0010,0.0451,44.5428,0.0113,0.0093,-0.0055,0.4804,0.0101,0.8814,sell
2024-01-24,126.9740,2845900,129.1632,129.3456,126.7550,-0.0119,0.0033,-0.0318,-0.0077,0.0275,51.5066,0.0104,0.0082,-0.0055,0.2613,0.0139,0.8990,buy
2024-01-25,129.6922,2566500,127.9591,129.7835,126.8007,0.0214,0.0348,-0.0133,0.0149,0.0441,55.0817,0.0130,0.0086,-0.0038,0.6533,-0.0982,0.8066,hold
2024-01-26,130.0115,3014800,130.3399,130.4402,129.1996,0.0025,0.0318,0.0036,0.0170,0.0411,54.7240,0.0122,0.0091,-0.0026,0.6983,0.1747,0.9444,sell
2024-01-29,129.0902,4879000,130.1939,130.4220,124.3743,-0.0071,0.0083,0.0043,0.0094,0.0291,49.4436,0.0121,0.0090,-0.0023,0.5720,0.6183,1.4656,sell
2024-01-30,128.1780,2879500,128.2692,128.7983,125.7334,-0.0071,-0.0026,-0.0039,0.0027,0.0204,40.8861,0.0124,0.0082,-0.0025,0.4491,-0.4098,0.8603,sell
2024-01-31,126.8645,5804400,128.1871,129.0263,126.7550,-0.0102,-0.0009,0.0025,-0.0079,0.0086,36.7810,0.0116,0.0067,-0.0033,0.2749,1.0158,1.6789,buy
2024-02-01,131.7355,3613900,128.5611,131.7811,126.3354,0.0384,0.0158,0.0511,0.0251,0.0451,55.4006,0.0161,0.0081,-0.0012,0.9517,-0.3774,1.0614,buy
2024-02-02,132.7115,3775800,130.8872,134.1254,130.0480,0.0074,0.0208,0.0532,0.0273,0.0504,60.3247,0.0161,0.0098,0.0005,0.9954,0.0448,1.1110,sell
2024-02-05,129.8290,4697400,131.5530,132.1642,129.0719,-0.0217,0.0057,0.0140,0.0036,0.0259,52.5020,0.0176,0.0096,0.0000,0.6173,0.2441,1.3436,buy
2024-02-06,131.7446,2873200,130.1301,131.7811,129.0355,0.0148,0.0278,0.0252,0.0159,0.0390,61.4028,0.0181,0.0102,0.0006,0.8286,-0.3883,0.8300,buy
2024-02-07,133.8426,3979600,135.9132,135.9132,132.5017,0.0159,0.0550,0.0541,0.0266,0.0532,68.0046,0.0178,0.0117,0.0018,1.0114,0.3851,1.1444,hold
2024-02-08,134.4537,2946900,134.0980,135.9953,133.9521,0.0046,0.0206,0.0367,0.0276,0.0556,67.9179,0.0169,0.0132,0.0027,1.0075,-0.2595,0.8454,sell
2024-02-09,133.6601,2792400,134.1618,134.6088,133.4503,-0.0059,0.0071,0.0281,0.0187,0.0471,62.5969,0.0172,0.0138,0.0026,0.8816,-0.0524,0.8060,buy
2024-02-12,136.2781,3492600,134.5632,137.1903,134.5450,0.0196,0.0497,0.0557,0.0330,0.0649,65.8718,0.0175,0.0154,0.0035,1.0154,0.2508,0.9901,sell
2024-02-13,133.2771,3061800,134.2896,134.8825,131.8906,-0.0220,0.0116,0.0398,0.0063,0.0396,62.1441,0.0193,0.0152,0.0025,0.7480,-0.1233,0.8732,sell
2024-02-14,132.2919,2986400,131.9818,133.2588,131.1152,-0.0074,-0.0116,0.0428,-0.0052,0.0304,55.3672,0.0190,0.0142,0.0011,0.6515,-0.0246,0.8588,buy
2024-02-15,133.4777,2807600,132.9852,135.2382,132.6568,0.0090,-0.0073,0.0132,0.0024,0.0378,56.9091,0.0150,0.0137,0.0006,0.7276,-0.0599,0.8234,buy
2024-02-16,136.4696,4319900,132.9304,137.0899,132.3831,0.0224,0.0210,0.0283,0.0220,0.0585,63.5875,0.0164,0.0147,0.0015,0.9360,0.5386,1.2535,buy
2024-02-20,137.7378,3474400,137.8389,139.7778,137.1129,0.0093,0.0107,0.0609,0.0254,0.0657,67.3742,0.0140,0.0162,0.0025,0.9682,-0.1957,0.9981,sell
2024-02-21,136.7269,2306900,137.2048,137.7010,135.8723,-0.0073,0.0259,0.0378,0.0141,0.0557,68.1237,0.0142,0.0168,0.0024,0.8468,-0.3360,0.6675,buy
2024-02-22,138.1513,2503800,136.7270,138.7394,135.9918,0.0104,0.0443,0.0322,0.0214,0.0642,63.5001,0.0138,0.0176,0.0027,0.9132,0.0854,0.7281,buy
2024-02-23,139.1989,3503600,138.7394,140.3935,138.2156,0.0076,0.0429,0.0353,0.0256,0.0699,63.6097,0.0138,0.0187,0.0031,0.9296,0.3993,1.0051,sell
2024-02-26,137.9767,3856900,138.3994,138.7118,137.0118,-0.0088,0.0110,0.0323,0.0134,0.0582,68.3727,0.0141,0.0188,0.0025,0.8064,0.1008,1.0933,buy
2024-02-27,139.6675,2851700,138.5648,139.9615,138.2523,0.0123,0.0140,0.0249,0.0232,0.0690,68.0489,0.0133,0.0194,0.0026,0.8819,-0.2606,0.8323,hold
2024-02-28,139.1621,2298300,139.0610,139.9064,138.4361,-0.0036,0.0178,0.0442,0.0151,0.0634,63.0662,0.0105,0.0195,0.0021,0.8202,-0.1941,0.6765,buy
2024-02-29,140.5221,4447800,140.0351,141.1929,139.6767,0.0098,0.0172,0.0622,0.0189,0.0715,64.3768,0.0097,0.0200,0.0022,0.9060,0.9353,1.3359,buy
2024-03-01,142.7000,4285500,140.8162,142.9297,139.6767,0.0155,0.0252,0.0691,0.0279,0.0853,70.0983,0.0102,0.0211,0.0029,0.9944,-0.0365,1.2743,sell
2024-03-04,138.2891,9096100,140.7702,142.2221,137.9215,-0.0309,0.0023,0.0133,-0.0052,0.0500,54.1410,0.0142,0.0202,0.0011,0.6511,1.1225,2.5064,buy
2024-03-05,154.9125,22986800,152.5968,156.6492,151.8157,0.1202,0.1092,0.1247,0.1008,0.1708,78.5396,0.0403,0.0253,0.0066,1.3595,1.5271,5.0591,buy
2024-03-06,159.4703,8955200,158.2574,161.2990,157.6876,0.0294,0.1459,0.1663,0.1151,0.1994,82.7633,0.0400,0.0321,0.0111,1.2486,-0.6104,1.8473,hold
2024-03-07,157.6325,3644700,160.8120,161.0601,157.4303,-0.0115,0.1218,0.1410,0.0875,0.1803,78.6676,0.0409,0.0371,0.0127,1.0533,-0.5930,0.7544,hold
2024-03-08,155.9601,3362600,157.4487,158.3217,155.7119,-0.0106,0.0929,0.1204,0.0636,0.1630,73.8798,0.0416,0.0399,0.0122,0.9323,-0.0774,0.6931,hold
2024-03-11,154.4438,3142400,156.3920,156.7503,153.1665,-0.0097,0.1168,0.1193,0.0416,0.1475,70.3447,0.0417,0.0409,0.0104,0.8456,-0.0655,0.6454,hold
2024-03-12,153.9844,2292100,154.9676,155.3536,153.9476,-0.0030,-0.0060,0.1025,0.0286,0.1400,71.3022,0.0420,0.0409,0.0082,0.7989,-0.2706,0.4766,hold
2024-03-13,153.1573,5546300,153.6811,153.9568,150.8784,-0.0054,-0.0396,0.1006,0.0136,0.1300,68.8003,0.0420,0.0400,0.0057,0.7501,1.4197,1.1242,sell
2024-03-14,150.9887,3365900,153.2400,153.6168,149.8216,-0.0142,-0.0421,0.0745,-0.0077,0.1107,64.3673,0.0428,0.0382,0.0027,0.6705,-0.3931,0.6796,hold
2024-03-15,150.9060,5074900,149.6654,151.8525,149.5184,-0.0005,-0.0324,0.0575,-0.0135,0.1061,66.2060,0.0427,0.0358,0.0003,0.6492,0.5077,1.0018,buy
2024-03-18,154.0027,3189600,150.6854,154.5541,150.1892,0.0205,-0.0029,0.1136,-0.0035,0.1245,67.3565,0.0408,0.0344,-0.0003,0.7186,-0.3715,0.6367,hold
2024-03-19,154.5725,2290500,153.5249,154.9401,152.8173,0.0037,0.0038,-0.0022,0.0004,0.1244,68.6292,0.0144,0.0337,-0.0007,0.7133,-0.2819,0.4627,buy
2024-03-20,156.6401,2969700,154.3060,156.7411,153.8098,0.0134,0.0227,-0.0177,0.0156,0.1349,69.1569,0.0114,0.0335,-0.0004,0.7520,0.2965,0.5959,hold
2024-03-21,156.3736,2624300,156.8330,157.0260,155.2709,-0.0017,0.0357,-0.0080,0.0147,0.1288,67.0252,0.0108,0.0332,-0.0006,0.7211,-0.1163,0.5260,sell
2024-03-22,154.9584,2443600,156.2174,156.3736,154.8298,-0.0090,0.0269,-0.0064,0.0062,0.1148,72.4283,0.0107,0.0321,-0.0016,0.6563,-0.0689,0.4950,buy
2024-03-25,158.6617,4262600,156.2174,159.5071,155.9693,0.0239,0.0303,0.0273,0.0274,0.1367,57.7332,0.0126,0.0318,-0.0009,0.7593,0.7444,0.8600,hold
2024-03-26,158.6433,3512900,158.6341,160.0768,158.2022,-0.0001,0.0263,0.0303,0.0242,0.1317,47.9011,0.0125,0.0318,-0.0007,0.7381,-0.1759,0.7040,buy
2024-03-27,160.5087,4747100,159.9849,161.2530,159.4703,0.0118,0.0247,0.0480,0.0314,0.1398,57.2892,0.0124,0.0320,-0.0001,0.7911,0.3513,0.9286,buy
2024-03-28,162.8428,3716200,160.8120,163.0174,160.5271,0.0145,0.0414,0.0785,0.0385,0.1505,66.8769,0.0107,0.0327,0.0009,0.8674,-0.2172,0.7322,buy
2024-04-01,163.4034,3917400,164.2763,167.1158,163.2563,0.0034,0.0545,0.0828,0.0338,0.1482,73.0495,0.0105,0.0335,0.0014,0.8718,0.0541,0.7746,sell
2024-04-02,161.9515,3022100,163.2471,163.4677,160.8947,-0.0089,0.0207,0.0516,0.0195,0.1323,69.5006,0.0107,0.0333,0.0008,0.8613,-0.2285,0.6358,sell
2024-04-03,161.2623,3033900,162.2179,162.8244,160.9039,-0.0043,0.0165,0.0433,0.0109,0.1223,69.9728,0.0111,0.0324,-0.0002,0.7834,0.0039,0.8078,sell
2024-04-04,158.2574,3614400,162.5028,162.8612,158.0368,-0.0186,-0.0140,0.0103,-0.0089,0.0968,67.2030,0.0127,0.0303,-0.0024,0.5875,0.1913,1.0360,hold
2024-04-05,157.8439,2334000,157.7060,158.5514,156.2449,-0.0026,-0.0307,0.0094,-0.0124,0.0893,66.1670,0.0127,0.0277,-0.0041,0.5589,-0.3542,0.6818,sell
2024-04-08,155.9417,2122900,157.0444,158.1746,155.8681,-0.0121,-0.0457,0.0063,-0.0249,0.0723,54.7845,0.0130,0.0246,-0.0061,0.4310,-0.0904,0.6316,buy
2024-04-09,157.7152,1846600,156.2173,157.8163,155.5373,0.0114,-0.0262,-0.0060,-0.0133,0.0804,57.3201,0.0110,0.0222,-0.0064,0.5398,-0.1302,0.5602,hold
2024-04-10,157.7060,2148700,156.1254,157.9265,155.0687,-0.0001,-0.0221,-0.0059,-0.0128,0.0761,52.7461,0.0110,0.0204,-0.0066,0.5271,0.1636,0.6533,hold
2024-04-11,157.4395,2247900,158.7812,159.0201,156.5757,-0.0017,-0.0052,-0.0191,-0.0125,0.0700,52.7462,0.0101,0.0186,-0.0068,0.4934,0.0462,0.7195,sell
2024-04-12,152.6519,3551700,156.9708,157.1914,152.3395,-0.0304,-0.0329,-0.0626,-0.0364,0.0338,44.9374,0.0118,0.0150,-0.0089,0.1253,0.5800,1.1334,sell
2024-04-15,151.6319,5075400,155.4638,156.0336,151.5860,-0.0067,-0.0276,-0.0720,-0.0357,0.0242,32.5103,0.0113,0.0111,-0.0104,0.0351,0.4290,1.6197,sell
2024-04-16,150.0789,3450600,151.6779,152.5416,149.0589,-0.0102,-0.0484,-0.0733,-0.0383,0.0113,30.2040,0.0113,0.0070,-0.0117,-0.0163,-0.3201,1.0966,buy
2024-04-17,151.1357,3700200,153.2400,154.3244,150.5843,0.0070,-0.0417,-0.0628,-0.0252,0.0155,27.4934,0.0122,0.0043,-0.0115,0.0948,0.0723,1.1502,buy
2024-04-18,153.0746,3169500,152.2844,153.9476,151.7054,0.0128,-0.0277,-0.0327,-0.0094,0.0256,26.0909,0.0128,0.0030,-0.0100,0.2421,-0.1434,0.9822,buy
2024-04-19,154.6552,3377100,153.7638,154.8114,153.2492,0.0103,0.0131,-0.0202,0.0029,0.0333,29.6058,0.0135,0.0029,-0.0080,0.3502,0.0655,1.0344,sell
2024-04-22,153.5616,2155500,155.0779,155.3811,152.5692,-0.0071,0.0127,-0.0153,-0.0026,0.0234,30.1089,0.0131,0.0022,-0.0070,0.2879,-0.3617,0.6632,hold
2024-04-23,153.0103,1890300,154.0487,154.3887,152.6335,-0.0036,0.0195,-0.0298,-0.0032,0.0171,30.3070,0.0124,0.0014,-0.0063,0.2752,-0.1230,0.6036,sell
2024-04-24,151.9352,2631400,151.6503,153.0379,151.4297,-0.0070,0.0053,-0.0366,-0.0064,0.0079,33.3816,0.0124,0.0001,-0.0061,0.2364,0.3921,0.8522,sell
2024-04-25,151.1081,3141700,150.6027,151.7606,149.9503,-0.0054,-0.0128,-0.0402,-0.0077,0.0000,32.6714,0.0124,-0.0013,-0.0060,0.2173,0.1939,1.0447,hold
2024-04-26,151.3838,2085500,151.7606,152.7989,150.8324,0.0018,-0.0212,-0.0083,-0.0051,-0.0007,37.2033,0.0082,-0.0023,-0.0056,0.2545,-0.3362,0.7128,sell
2024-04-29,150.4557,2698500,151.3470,152.2844,148.9211,-0.0061,-0.0202,-0.0078,-0.0104,-0.0090,28.6023,0.0082,-0.0035,-0.0055,0.2112,0.2939,0.9419,sell
2024-04-30,147.9286,3534400,149.2794,149.4449,147.4140,-0.0168,-0.0332,-0.0143,-0.0257,-0.0272,24.9056,0.0092,-0.0058,-0.0063,0.0691,0.3098,1.2228,sell
2024-05-01,143.7475,4378000,147.7908,148.5260,143.6556,-0.0283,-0.0539,-0.0489,-0.0486,-0.0554,20.7383,0.0120,-0.0101,-0.0085,-0.1225,0.2387,1.4802,buy
2024-05-02,145.3005,3880000,144.5378,145.7784,143.1686,0.0108,-0.0384,-0.0508,-0.0333,-0.0463,31.7684,0.0117,-0.0122,-0.0085,0.0454,-0.1138,1.3060,hold
2024-05-03,145.2270,3802200,146.1092,147.3130,145.0156,-0.0005,-0.0407,-0.0610,-0.0277,-0.0476,33.3333,0.0105,-0.0139,-0.0081,0.0909,-0.0201,1.2489,hold
2024-05-06,145.5119,3314500,145.2270,145.5578,143.8119,0.0020,-0.0329,-0.0524,-0.0205,-0.0466,37.2760,0.0108,-0.0148,-0.0072,0.1506,-0.1283,1.0678,buy
2024-05-07,147.4049,3492500,148.0114,149.1968,146.8811,0.0130,-0.0035,-0.0366,-0.0040,-0.0353,40.0685,0.0123,-0.0142,-0.0054,0.2860,0.0537,1.0961,sell
2024-05-08,146.6513,2678300,146.1092,148.1767,146.1000,-0.0051,0.0202,-0.0348,-0.0056,-0.0412,31.7493,0.0122,-0.0141,-0.0042,0.2567,-0.2331,0.8336,buy
2024-05-09,150.9979,2538000,146.5135,151.0714,146.1459,0.0296,0.0392,-0.0007,0.0240,-0.0143,41.0199,0.0160,-0.0112,-0.0013,0.5871,-0.0524,0.7864,sell
2024-05-10,149.9043,2414100,151.2643,152.2200,148.5903,-0.0072,0.0322,-0.0098,0.0176,-0.0226,41.0199,0.0162,-0.0097,0.0002,0.5134,-0.0488,0.7615,sell
2024-05-13,147.8551,2629000,150.8968,151.0714,147.5703,-0.0137,0.0161,-0.0173,0.0055,-0.0366,38.2094,0.0166,-0.0096,0.0004,0.3660,0.0890,0.8625,sell
2024-05-14,147.0779,2707900,148.3177,149.5206,146.7263,-0.0053,-0.0022,-0.0058,0.0007,-0.0428,38.7373,0.0158,-0.0098,0.0002,0.3188,0.0300,0.8994,sell
2024-05-15,145.7363,2563700,148.6046,149.0395,145.3014,-0.0091,-0.0062,0.0138,-0.0097,-0.0504,37.8344,0.0130,-0.0106,-0.0004,0.2409,-0.0533,0.8678,buy
2024-05-16,148.6416,5232900,148.2715,151.4173,147.7811,0.0199,-0.0156,0.0230,0.0077,-0.0301,44.4507,0.0140,-0.0093,0.0006,0.4790,1.0412,1.7116,hold
2024-05-17,148.1605,4005500,148.2067,148.4750,147.2075,-0.0032,-0.0116,0.0202,0.0025,-0.0320,45.2696,0.0141,-0.0086,0.0010,0.4630,-0.2346,1.2968,sell
2024-05-20,144.9961,4429200,147.9476,148.7804,144.3022,-0.0214,-0.0193,-0.0035,-0.0186,-0.0513,44.1109,0.0159,-0.0098,0.0000,0.2060,0.1058,1.3831,sell
2024-05-21,144.1356,6291000,144.9961,145.1164,143.0901,-0.0059,-0.0200,-0.0222,-0.0223,-0.0557,50.8993,0.0153,-0.0111,-0.0010,0.1523,0.4203,1.8382,sell
2024-05-22,132.5607,18724000,130.0348,134.7813,129.5166,-0.0803,-0.0904,-0.0961,-0.0921,-0.1291,29.8416,0.0291,-0.0199,-0.0071,-0.3662,1.9763,4.4296,hold
2024-05-23,133.6155,6661100,131.8483,134.6980,131.1636,0.0080,-0.1011,-0.1151,-0.0738,-0.1199,32.1803,0.0266,-0.0250,-0.0098,-0.1251,-0.6442,1.5128,hold
2024-05-24,134.3742,3550300,134.0689,134.8368,132.8291,0.0057,-0.0930,-0.1036,-0.0584,-0.1129,33.1525,0.0271,-0.0282,-0.0105,0.0025,-0.4670,0.7931,buy
2024-05-28,136.1044,4344300,134.1614,136.4190,133.7265,0.0129,-0.0613,-0.0795,-0.0384,-0.0998,32.8217,0.0281,-0.0291,-0.0093,0.1301,0.2236,0.9530,hold
2024-05-29,136.6966,3038500,135.1329,137.0574,134.6240,0.0044,-0.0516,-0.0706,-0.0271,-0.0938,34.7927,0.0283,-0.0293,-0.0077,0.1922,-0.3006,0.6702,buy
2024-05-30,138.6674,4238000,137.4183,139.1208,136.8632,0.0144,0.0461,-0.0485,-0.0081,-0.0788,29.6892,0.0291,-0.0277,-0.0051,0.2935,0.3948,0.9362,buy
2024-05-31,144.4872,7501000,137.7514,145.1996,137.6403,0.0420,0.0814,-0.0279,0.0366,-0.0385,42.2791,0.0319,-0.0221,-0.0003,0.5450,0.7699,1.5933,sell
2024-06-03,141.5912,4162500,140.7214,142.9420,140.0645,-0.0200,0.0537,-0.0443,0.0207,-0.0560,41.2825,0.0324,-0.0204,0.0015,0.4283,-0.4451,0.8808,sell
2024-06-04,139.2966,4683700,140.9805,142.6645,138.8895,-0.0162,0.0235,-0.0393,0.0083,-0.0693,39.6096,0.0321,-0.0201,0.0017,0.3441,0.1252,0.9769,sell
2024-06-05,136.3358,5746100,139.2503,139.6944,135.7806,-0.0213,-0.0026,-0.0541,-0.0076,-0.0864,37.9678,0.0326,-0.0215,0.0006,0.2447,0.2268,1.1710,sell
2024-06-06,134.2817,4682900,135.7343,136.1877,134.2077,-0.0151,-0.0316,0.0130,-0.0237,-0.0972,31.2107,0.0199,-0.0236,-0.0009,0.1933,-0.1850,0.9352,buy
2024-06-07,135.0866,3110800,133.8191,135.6418,133.3749,0.0060,-0.0651,0.0110,-0.0189,-0.0887,33.0372,0.0199,-0.0240,-0.0012,0.2492,-0.3357,0.6177,buy
2024-06-10,137.4183,3051600,135.1329,137.7792,134.6888,0.0173,-0.0295,0.0227,-0.0042,-0.0697,39.9510,0.0205,-0.0225,-0.0000,0.3672,-0.0190,0.6022,sell
2024-06-11,135.2624,3592400,137.1685,137.2795,135.0126,-0.0157,-0.0290,-0.0062,-0.0192,-0.0808,38.6240,0.0208,-0.0229,-0.0001,0.2912,0.1772,0.7022,hold
2024-06-12,135.8084,3064300,135.4013,136.9649,134.2539,0.0040,-0.0039,-0.0065,-0.0146,-0.0738,55.8055,0.0208,-0.0223,0.0003,0.3362,-0.1470,0.5969,sell
2024-06-13,133.8653,3470600,136.0952,136.0952,133.7450,-0.0143,-0.0031,-0.0346,-0.0253,-0.0837,50.4328,0.0205,-0.0232,-0.0001,0.2650,0.1326,0.6701,sell
2024-06-14,130.6084,5019700,133.0233,133.0511,128.9615,-0.0243,-0.0332,-0.0961,-0.0393,-0.1026,43.9953,0.0139,-0.0259,-0.0018,0.1253,0.4463,0.9712,buy
2024-06-17,134.1336,5006300,130.7842,134.2169,130.2753,0.0270,-0.0239,-0.0527,-0.0080,-0.0753,47.0276,0.0176,-0.0244,-0.0008,0.3258,-0.0027,0.9594,sell
2024-06-18,131.8853,2969500,133.5600,134.0226,131.7743,-0.0168,-0.0250,-0.0532,-0.0192,-0.0878,43.0888,0.0176,-0.0253,-0.0010,0.2047,-0.4068,0.5771,buy
2024-06-20,132.6625,2628700,131.5244,133.0233,131.1358,0.0059,-0.0232,-0.0269,-0.0107,-0.0792,41.0680,0.0170,-0.0248,-0.0005,0.2700,-0.1148,0.5297,buy
2024-06-21,135.2070,5651600,133.2269,135.3365,133.2269,0.0192,0.0100,0.0069,0.0076,-0.0586,34.7058,0.0176,-0.0222,0.0013,0.4492,1.1500,1.3117,buy
2024-06-24,138.5008,3933000,136.0119,139.5186,135.7528,0.0244,0.0604,0.0253,0.0295,-0.0331,44.9729,0.0191,-0.0180,0.0040,0.6827,-0.3041,0.9426,sell
2024-06-25,135.7991,3336500,137.3813,137.9734,135.4013,-0.0195,0.0124,-0.0118,0.0106,-0.0498,44.3850,0.0195,-0.0167,0.0045,0.4702,-0.1517,0.8017,hold
2024-06-26,136.1692,2447000,135.0959,136.2987,134.0874,0.0027,0.0325,0.0067,0.0127,-0.0451,49.7083,0.0189,-0.0150,0.0049,0.4985,-0.2666,0.6017,hold
2024-06-27,135.7528,2273600,134.8553,136.0119,134.4390,-0.0031,0.0233,-0.0004,0.0096,-0.0461,52.7329,0.0189,-0.0138,0.0050,0.4701,-0.0709,0.5644,buy
2024-06-28,136.9742,12772300,136.5115,137.5941,135.1977,0.0090,0.0131,0.0232,0.0164,-0.0356,53.4529,0.0183,-0.0119,0.0054,0.5719,4.6177,2.8668,sell
2024-07-01,134.8461,2638900,137.2517,137.8069,134.2262,-0.0155,-0.0264,0.0324,-0.0026,-0.0482,45.2592,0.0170,-0.0117,0.0046,0.4274,-0.7934,0.6265,hold
2024-07-02,134.5223,3296400,134.6241,136.0027,133.6618,-0.0024,-0.0094,0.0029,-0.0052,-0.0477,48.5370,0.0149,-0.0116,0.0039,0.4159,0.2492,0.7907,hold
2024-07-03,133.9764,1633300,134.4575,135.2995,133.5785,-0.0041,-0.0161,0.0159,-0.0108,-0.0490,46.3789,0.0138,-0.0116,0.0031,0.3681,-0.5045,0.4067,buy
2024-07-05,134.7628,3562200,133.7358,135.4845,133.6988,0.0059,-0.0073,0.0158,-0.0065,-0.0409,51.8590,0.0138,-0.0110,0.0029,0.4845,1.1810,0.9117,buy
2024-07-08,137.6033,5183800,140.5086,140.6104,136.7429,0.0211,0.0046,0.0177,0.0126,-0.0187,64.7427,0.0141,-0.0086,0.0040,0.8337,0.4552,1.3183,sell
2024-07-09,136.5671,2848400,136.9372,138.4361,136.2247,-0.0075,0.0128,-0.0140,0.0064,-0.0240,55.7299,0.0118,-0.0074,0.0043,0.6861,-0.4505,0.7268,sell
2024-07-10,135.1884,4105700,136.4283,136.4283,132.6903,-0.0101,0.0050,-0.0045,-0.0033,-0.0316,58.1100,0.0105,-0.0072,0.0036,0.5245,0.4414,1.0337,buy
2024-07-11,140.0830,4727800,136.0119,140.5364,135.5493,0.0362,0.0456,0.0287,0.0298,0.0049,65.1550,0.0157,-0.0039,0.0053,1.0521,0.1515,1.1736,buy
2024-07-12,141.4246,2675700,141.0730,142.1556,139.5371,0.0096,0.0494,0.0418,0.0354,0.0155,63.3546,0.0157,-0.0007,0.0067,1.0693,-0.4340,0.6674,sell
2024-07-15,139.9905,3645900,141.4247,141.9798,139.6297,-0.0101,0.0173,0.0220,0.0226,0.0057,53.4774,0.0162,0.0010,0.0068,0.8792,0.3626,0.9074,buy
2024-07-16,143.4231,3391800,140.1293,143.4231,140.0737,0.0245,0.0502,0.0636,0.0412,0.0307,67.2097,0.0162,0.0042,0.0078,1.0898,-0.0697,0.8616,buy
2024-07-17,144.2744,3353700,142.5257,145.0238,142.5257,0.0059,0.0672,0.0725,0.0400,0.0369,67.9068,0.0159,0.0071,0.0086,1.0420,-0.0112,0.8702,sell
2024-07-18,140.7214,2927400,143.2474,143.6452,140.4901,-0.0246,0.0046,0.0503,0.0095,0.0121,59.6410,0.0186,0.0075,0.0072,0.7547,-0.1271,0.7600,sell
2024-07-19,138.5378,3187000,140.1385,140.1385,138.1955,-0.0155,-0.0204,0.0280,-0.0089,-0.0024,52.9249,0.0197,0.0065,0.0050,0.5675,0.0887,0.8215,buy
2024-07-22,139.7314,3692800,138.2047,140.3976,137.6033,0.0086,-0.0019,0.0155,-0.0019,0.0072,59.4692,0.0188,0.0061,0.0037,0.6483,0.1587,0.9765,hold
2024-07-23,139.0375,1622400,138.9727,139.6759,138.4546,-0.0050,-0.0306,0.0181,-0.0086,0.0040,58.6280,0.0187,0.0055,0.0024,0.5883,-0.5607,0.4425,sell
2024-07-24,135.5030,3029500,139.0560,139.6389,134.4390,-0.0254,-0.0608,0.0023,-0.0340,-0.0195,52.6182,0.0204,0.0029,-0.0002,0.2981,0.8673,0.8298,hold
2024-07-25,135.3549,3019700,135.6233,138.2510,135.0774,-0.0011,-0.0381,-0.0338,-0.0318,-0.0188,51.0382,0.0160,0.0007,-0.0019,0.2913,-0.0032,0.8207,buy
2024-07-26,137.8624,2427000,136.2432,138.7784,136.2432,0.0185,-0.0049,-0.0252,-0.0113,0.0007,50.4596,0.0171,0.0004,-0.0017,0.4870,-0.1963,0.6582,sell
2024-07-29,135.8454,2487000,136.3635,136.8446,134.2909,-0.0146,-0.0278,-0.0296,-0.0229,-0.0125,48.7627,0.0173,-0.0010,-0.0025,0.3267,0.0247,0.7838,buy
2024-07-30,136.8909,2379200,136.3542,137.2055,135.7898,0.0077,-0.0154,-0.0455,-0.0107,-0.0032,52.9525,0.0150,-0.0015,-0.0024,0.4014,-0.0433,0.7530,buy
2024-07-31,139.1670,5743700,137.5941,141.0082,136.8724,0.0166,0.0270,-0.0354,0.0094,0.0147,48.2527,0.0162,-0.0005,-0.0011,0.5759,1.4141,1.7500,sell
2024-08-01,136.0304,3782400,139.9072,140.0367,135.1607,-0.0225,0.0050,-0.0333,-0.0099,-0.0069,40.3700,0.0159,-0.0016,-0.0018,0.2836,-0.3415,1.1159,sell
2024-08-02,128.7672,6476500,134.4575,134.5500,127.7216,-0.0534,-0.0660,-0.0705,-0.0561,-0.0578,33.4153,0.0224,-0.0071,-0.0058,-0.1855,0.7123,1.8319,sell
2024-08-05,123.8634,6887700,125.8341,126.1580,122.5217,-0.0381,-0.0882,-0.1136,-0.0814,-0.0925,22.3009,0.0236,-0.0148,-0.0108,-0.2265,0.0635,1.9024,hold
2024-08-06,123.8449,5005500,124.4555,125.7509,123.2897,-0.0001,-0.0953,-0.1093,-0.0710,-0.0914,20.3704,0.0238,-0.0205,-0.0132,-0.0810,-0.2733,1.3425,hold
2024-08-07,123.4933,3209700,126.0007,127.4533,123.3730,-0.0028,-0.1126,-0.0886,-0.0652,-0.0925,22.4557,0.0233,-0.0250,-0.0141,-0.0035,-0.3588,0.8713,hold
2024-08-08,123.9559,3894000,124.7146,125.8249,123.1232,0.0037,-0.0888,-0.0842,-0.0536,-0.0875,25.3288,0.0236,-0.0278,-0.0136,0.0794,0.2132,1.0692,buy
2024-08-09,125.3715,3778100,123.6228,125.4641,122.8271,0.0114,-0.0264,-0.0906,-0.0335,-0.0755,25.8857,0.0228,-0.0285,-0.0116,0.1705,-0.0298,1.0219,hold
2024-08-12,124.9274,3695600,124.5295,126.3338,124.0947,-0.0035,0.0086,-0.0804,-0.0288,-0.0769,26.1047,0.0227,-0.0294,-0.0099,0.1902,-0.0218,0.9989,buy
2024-08-13,126.4448,3319800,125.5381,126.6761,123.6783,0.0121,0.0210,-0.0763,-0.0089,-0.0632,33.5352,0.0231,-0.0283,-0.0073,0.2663,-0.1017,0.8982,hold
2024-08-14,125.6121,4838000,126.4818,126.6761,125.3808,-0.0066,0.0172,-0.0974,-0.0049,-0.0671,32.7208,0.0215,-0.0282,-0.0056,0.2577,0.4573,1.2832,buy
2024-08-15,131.0711,4640600,132.5792,133.1251,130.0533,0.0435,0.0574,-0.0365,0.0424,-0.0254,39.0969,0.0267,-0.0231,-0.0012,0.4804,-0.0408,1.2035,buy
2024-08-16,133.2732,3473900,130.5714,133.4582,130.3586,0.0168,0.0630,0.0350,0.0562,-0.0086,45.8949,0.0207,-0.0181,0.0027,0.5805,-0.2514,0.8976,hold
2024-08-19,133.8191,4427000,133.6988,137.5293,133.6248,0.0041,0.0712,0.0804,0.0522,-0.0045,45.0180,0.0146,-0.0140,0.0055,0.6206,0.2744,1.1331,hold
2024-08-20,133.5415,6815100,133.6988,134.8091,132.1999,-0.0021,0.0561,0.0783,0.0421,-0.0063,40.2439,0.0148,-0.0108,0.0070,0.6265,0.5394,1.6357,buy
2024-08-21,148.4986,25572100,156.0331,156.0983,148.2375,0.1120,0.1822,0.2025,0.1366,0.1032,65.3355,0.0356,0.0007,0.0133,1.1322,2.7523,4.8307,sell
2024-08-22,146.2327,7452400,149.1047,149.3098,145.8596,-0.0153,0.1157,0.1797,0.1005,0.0846,74.4930,0.0370,0.0078,0.0165,0.9768,-0.7086,1.3512,hold
2024-08-23,147.7992,3188300,146.9413,148.8436,146.1580,0.0107,0.1090,0.1789,0.0938,0.0943,87.0332,0.0370,0.0139,0.0180,0.9681,-0.5722,0.5741,hold
2024-08-26,148.1722,3655200,148.5545,150.9137,147.3050,0.0025,0.1073,0.1861,0.0780,0.0947,87.2305,0.0367,0.0188,0.0183,0.9244,0.1464,0.6513,hold
2024-08-27,147.9671,3252300,148.1722,148.9835,147.1092,-0.0014,0.1080,0.1702,0.0599,0.0904,87.6233,0.0372,0.0223,0.0175,0.8786,-0.1102,0.5751,sell
2024-08-28,146.2699,2666500,147.0999,147.6314,145.1789,-0.0115,-0.0150,0.1645,0.0325,0.0760,83.0488,0.0375,0.0242,0.0154,0.8131,-0.1801,0.4847,sell
2024-08-29,143.0621,3879500,145.7104,145.7104,142.1763,-0.0219,-0.0217,0.0915,0.0014,0.0506,74.8803,0.0379,0.0239,0.0120,0.7182,0.4549,0.7045,hold
2024-08-30,143.2487,3933200,143.3139,143.7429,141.9152,0.0013,-0.0308,0.0748,-0.0043,0.0504,75.9553,0.0379,0.0231,0.0089,0.7028,0.0138,0.7312,sell
2024-09-03,141.5516,4071000,142.6612,144.4982,141.1319,-0.0118,-0.0447,0.0578,-0.0213,0.0370,71.2930,0.0384,0.0215,0.0058,0.6427,0.0350,0.7771,hold
2024-09-04,142.1857,3841000,142.3442,143.3606,138.8194,0.0045,-0.0391,0.0647,-0.0228,0.0410,73.4920,0.0383,0.0201,0.0035,0.6403,-0.0565,0.7415,hold
2024-09-05,141.6448,3358900,142.7265,143.1834,140.4979,-0.0038,-0.0316,-0.0462,-0.0219,0.0362,67.4158,0.0101,0.0186,0.0016,0.6078,-0.1255,0.6475,sell
2024-09-06,141.0667,4045100,141.3744,142.9783,140.5445,-0.0041,-0.0139,-0.0353,-0.0224,0.0312,63.5620,0.0094,0.0169,-0.0002,0.5730,0.2043,0.7786,sell
2024-09-09,140.4232,3735200,141.1506,142.5959,139.8265,-0.0046,-0.0197,-0.0499,-0.0218,0.0258,61.4535,0.0080,0.0150,-0.0017,0.5342,-0.0766,0.7193,sell
2024-09-10,138.0174,4103200,140.4232,140.6004,137.4020,-0.0171,-0.0250,-0.0685,-0.0318,0.0081,57.2289,0.0083,0.0122,-0.0039,0.4309,0.0985,0.7870,sell
2024-09-11,137.3460,4089500,137.3087,137.9801,134.9029,-0.0049,-0.0340,-0.0718,-0.0292,0.0028,16.5548,0.0081,0.0092,-0.0055,0.3761,-0.0033,0.7787,buy
2024-09-12,138.4184,3453500,137.4020,138.9219,136.7119,0.0078,-0.0228,-0.0537,-0.0162,0.0101,24.7591,0.0093,0.0073,-0.0058,0.3732,-0.1555,0.6664,buy
2024-09-13,141.1413,3592300,139.6120,142.3162,139.3882,0.0197,0.0005,-0.0134,0.0045,0.0289,29.9889,0.0103,0.0073,-0.0045,0.4723,0.0402,0.7002,buy
2024-09-16,142.5213,3429200,141.6914,143.3606,140.5351,0.0098,0.0149,-0.0051,0.0149,0.0378,33.9852,0.0109,0.0079,-0.0030,0.5209,-0.0454,0.6687,sell
2024-09-17,141.7007,3162300,142.6146,143.3139,140.8708,-0.0058,0.0267,0.0011,0.0089,0.0312,32.8397,0.0104,0.0080,-0.0024,0.4480,-0.0778,0.6244,buy
2024-09-18,143.2300,3269500,142.1950,145.5053,142.1110,0.0108,0.0428,0.0073,0.0191,0.0413,41.5980,0.0108,0.0087,-0.0013,0.5149,0.0339,0.6690,buy
2024-09-19,145.9249,5098800,146.0088,146.7641,144.5355,0.0188,0.0542,0.0302,0.0351,0.0592,58.1433,0.0121,0.0105,0.0006,0.7321,0.5595,1.3196,sell
2024-09-20,144.3024,7389800,146.3072,146.7642,143.5471,-0.0111,0.0224,0.0229,0.0212,0.0468,52.7710,0.0127,0.0112,0.0009,0.6179,0.4493,1.9141,hold
2024-09-23,144.8059,2927700,144.3210,145.2256,142.5866,0.0035,0.0160,0.0312,0.0216,0.0499,59.1313,0.0125,0.0117,0.0012,0.6794,-0.6038,0.7609,buy
2024-09-24,145.6358,3114000,145.3748,147.1745,145.0018,0.0057,0.0278,0.0552,0.0220,0.0551,59.5755,0.0102,0.0124,0.0016,0.7774,0.0636,0.8150,sell
2024-09-25,144.6008,2319900,145.7384,146.3259,143.7522,-0.0071,0.0096,0.0528,0.0096,0.0474,57.9849,0.0105,0.0124,0.0012,0.7201,-0.2550,0.6147,buy
2024-09-26,145.4494,2757900,145.9622,147.0905,144.6474,0.0059,-0.0033,0.0508,0.0105,0.0534,61.6683,0.0105,0.0126,0.0011,0.8147,0.1888,0.7299,sell
2024-09-27,144.7033,3067200,145.9342,146.8760,144.3303,-0.0051,0.0028,0.0252,0.0029,0.0474,61.3333,0.0095,0.0123,0.0006,0.7268,0.1122,0.8206,buy
2024-09-30,145.3374,2934400,144.7033,145.7944,143.8082,0.0044,0.0037,0.0198,0.0053,0.0509,71.3896,0.0092,0.0122,0.0004,0.7706,-0.0433,0.7957,sell
2024-10-01,141.9245,3994400,144.7686,144.9085,141.1506,-0.0235,-0.0255,0.0016,-0.0184,0.0259,61.5313,0.0121,0.0103,-0.0013,0.4432,0.3612,1.0842,sell
2024-10-02,140.2461,2795000,141.4210,142.1577,139.8358,-0.0118,-0.0301,-0.0208,-0.0280,0.0136,54.4667,0.0120,0.0077,-0.0033,0.2958,-0.3003,0.7696,sell
2024-10-03,139.5001,4790100,139.7705,139.8731,137.5792,-0.0053,-0.0409,-0.0440,-0.0289,0.0076,45.5600,0.0095,0.0051,-0.0048,0.2431,0.7138,1.2934,buy
2024-10-04,142.5587,3557100,141.6635,143.4818,141.1040,0.0219,-0.0148,-0.0121,-0.0064,0.0287,50.0926,0.0123,0.0046,-0.0041,0.5155,-0.2574,0.9669,sell
2024-10-07,138.9406,3301400,142.3255,142.3255,137.9242,-0.0254,-0.0440,-0.0405,-0.0276,0.0024,43.9886,0.0143,0.0022,-0.0053,0.1986,-0.0719,0.9027,buy
2024-10-08,141.1040,3224100,138.9313,141.5329,138.7634,0.0156,-0.0058,-0.0311,-0.0094,0.0172,45.4941,0.0154,0.0015,-0.0047,0.3702,-0.0234,0.8923,buy
2024-10-09,143.9107,3514300,141.3277,144.0133,140.1062,0.0199,0.0261,-0.0048,0.0108,0.0364,45.7513,0.0169,0.0025,-0.0029,0.6183,0.0900,0.9804,buy
2024-10-10,145.4400,3139100,143.9108,145.7104,142.0365,0.0106,0.0426,-0.0001,0.0216,0.0465,52.4092,0.0171,0.0040,-0.0010,0.7626,-0.1068,0.8796,buy
2024-10-11,147.7619,3594100,146.1114,148.1069,145.8690,0.0160,0.0365,0.0211,0.0357,0.0614,55.8122,0.0177,0.0064,0.0011,0.9544,0.1449,1.0070,hold
2024-10-14,147.3050,2534300,147.5195,148.7877,145.9809,-0.0031,0.0602,0.0135,0.0310,0.0553,53.3309,0.0178,0.0080,0.0022,0.8597,-0.2949,0.7191,buy
2024-10-15,149.8414,2987800,147.9391,150.5967,147.7433,0.0172,0.0619,0.0558,0.0430,0.0695,59.8665,0.0160,0.0104,0.0037,1.0117,0.1789,0.8499,sell
2024-10-16,148.1442,3124500,149.8507,149.9346,147.7526,-0.0113,0.0294,0.0563,0.0256,0.0537,54.9166,0.0159,0.0114,0.0037,0.8227,0.0458,0.8906,sell
2024-10-17,145.3654,2879700,148.1536,148.2375,145.0111,-0.0188,-0.0005,0.0420,0.0023,0.0308,51.1246,0.0174,0.0107,0.0023,0.5878,-0.0783,0.8476,buy
2024-10-18,146.2513,2988700,145.9249,146.4658,144.2651,0.0061,-0.0102,0.0259,0.0058,0.0338,51.5390,0.0163,0.0103,0.0016,0.6539,0.0379,0.9406,sell
2024-10-21,140.7216,4455200,145.4680,145.5239,139.9290,-0.0378,-0.0447,0.0128,-0.0334,-0.0075,48.1091,0.0190,0.0072,-0.0015,0.2122,0.4907,1.3693,sell
2024-10-22,139.1178,2815000,139.9104,140.1342,138.6142,-0.0114,-0.0716,-0.0141,-0.0431,-0.0207,48.2222,0.0186,0.0035,-0.0043,0.1300,-0.3682,0.8692,sell
2024-10-23,138.0547,3962000,138.3158,139.3042,137.4579,-0.0076,-0.0681,-0.0407,-0.0466,-0.0298,47.7451,0.0172,-0.0002,-0.0064,0.1035,0.4075,1.1931,buy
2024-10-24,140.0409,3060300,139.1364,140.3393,138.5862,0.0144,-0.0366,-0.0371,-0.0292,-0.0178,45.9361,0.0175,-0.0019,-0.0064,0.2691,-0.2276,0.9174,buy
2024-10-25,140.9548,4082200,141.2811,142.7451,140.7589,0.0065,-0.0362,-0.0461,-0.0183,-0.0128,53.5620,0.0166,-0.0026,-0.0057,0.3477,0.3339,1.2054,sell
2024-10-28,139.2203,2523700,142.3442,143.0249,139.2017,-0.0123,-0.0107,-0.0549,-0.0249,-0.0258,46.6175,0.0168,-0.0042,-0.0059,0.2519,-0.3818,0.7497,sell
2024-10-29,137.9428,2881500,138.8473,140.0782,137.7470,-0.0092,-0.0084,-0.0794,-0.0257,-0.0352,38.6605,0.0147,-0.0062,-0.0063,0.1910,0.1418,0.8704,hold
2024-10-30,138.4930,2520500,138.0081,139.6772,137.7190,0.0040,0.0032,-0.0651,-0.0151,-0.0321,36.2900,0.0152,-0.0073,-0.0059,0.2385,-0.1253,0.7645,buy
2024-10-31,139.9104,3229500,138.9779,140.5445,138.0920,0.0102,-0.0009,-0.0375,-0.0011,-0.0210,33.9312,0.0154,-0.0072,-0.0047,0.3282,0.2813,1.0033,buy
2024-11-01,140.6564,2452800,141.1599,141.5702,139.9756,0.0053,-0.0021,-0.0383,0.0082,-0.0150,36.5521,0.0153,-0.0067,-0.0033,0.3835,-0.2405,0.7753,sell
2024-11-04,139.8638,3289500,140.3020,142.3721,139.6866,-0.0056,0.0046,-0.0061,0.0031,-0.0195,28.2873,0.0097,-0.0067,-0.0026,0.3276,0.3411,1.0400,buy
2024-11-05,140.7962,2692300,139.8824,141.5795,139.4348,0.0067,0.0207,0.0121,0.0086,-0.0119,33.4593,0.0092,-0.0060,-0.0016,0.3897,-0.1815,0.8584,sell
2024-11-06,137.3460,7506600,141.4583,141.4583,135.2852,-0.0245,-0.0083,-0.0051,-0.0156,-0.0347,32.4775,0.0121,-0.0076,-0.0024,0.1981,1.7882,2.2502,buy
2024-11-07,140.7216,4862000,137.8216,141.9712,137.6351,0.0246,0.0058,0.0049,0.0081,-0.0102,39.1033,0.0138,-0.0065,-0.0012,0.4233,-0.3523,1.4208,sell
2024-11-08,139.6679,3323600,141.2811,141.3651,139.5281,-0.0075,-0.0070,-0.0091,0.0015,-0.0171,47.4788,0.0138,-0.0064,-0.0008,0.3748,-0.3164,0.9751,buy
2024-11-11,142.9316,3541700,139.8731,144.2558,139.7798,0.0234,0.0219,0.0267,0.0222,0.0059,58.4539,0.0151,-0.0042,0.0010,0.6177,0.0656,1.0239,buy
2024-11-12,145.1416,5082100,144.3490,146.4564,143.3512,0.0155,0.0309,0.0522,0.0326,0.0209,64.9488,0.0149,-0.0013,0.0031,0.8422,0.4349,1.4261,hold
2024-11-13,144.5262,3624500,145.0018,146.3725,144.3024,-0.0042,0.0523,0.0436,0.0239,0.0163,60.0418,0.0152,0.0006,0.0040,0.8485,-0.2868,1.0100,sell
2024-11-14,143.1088,4075100,144.3117,145.3934,142.5307,-0.0098,0.0170,0.0229,0.0115,0.0061,54.7163,0.0157,0.0013,0.0038,0.7382,0.1243,1.1169,sell
2024-11-15,141.8593,3888700,143.4445,143.7989,141.6635,-0.0087,0.0157,0.0086,0.0019,-0.0028,55.9032,0.0160,0.0012,0.0029,0.6549,-0.0457,1.0529,buy
2024-11-18,145.9902,6503000,142.6705,146.4285,142.4654,0.0291,0.0214,0.0438,0.0266,0.0254,65.9638,0.0180,0.0033,0.0040,1.0314,0.6723,1.7132,hold
2024-11-19,145.4680,9170500,145.6545,147.7246,143.6124,-0.0036,0.0022,0.0332,0.0196,0.0207,63.8519,0.0182,0.0046,0.0043,0.9154,0.4102,2.2293,sell
2024-11-20,114.3231,64557700,120.2215,121.2171,112.9049,-0.2141,-0.2090,-0.1676,-0.1856,-0.1952,26.6985,0.0714,-0.0146,-0.0120,-0.4809,6.0397,9.0374,hold
2024-11-21,114.2010,19616700,114.6706,116.5585,113.2618,-0.0011,-0.2020,-0.1885,-0.1708,-0.1933,25.6310,0.0703,-0.0305,-0.0224,-0.2023,-0.6961,2.4609,buy
2024-11-22,117.4132,13730100,114.3043,118.1082,113.8911,0.0281,-0.1723,-0.1593,-0.1335,-0.1679,30.2024,0.0718,-0.0394,-0.0251,-0.0073,-0.3001,1.6242,buy
2024-11-25,122.5977,15456500,120.2872,123.8939,119.7613,0.0442,-0.1602,-0.1423,-0.0814,-0.1287,35.0715,0.0733,-0.0411,-0.0220,0.1629,0.1257,1.6985,sell
2024-11-26,118.8596,9888200,121.4425,121.7430,118.8126,-0.0305,-0.1829,-0.1811,-0.0915,-0.1525,34.9067,0.0728,-0.0472,-0.0220,0.1223,-0.3603,1.0463,buy
2024-11-27,122.1845,6745200,120.2121,122.8044,119.4513,0.0280,0.0688,-0.1546,-0.0499,-0.1262,34.8527,0.0741,-0.0469,-0.0179,0.2245,-0.3179,0.6981,hold
2024-11-29,124.2696,5023500,122.5696,124.7768,122.2596,0.0171,0.0882,-0.1316,-0.0193,-0.1085,37.6260,0.0747,-0.0450,-0.0132,0.2898,-0.2552,0.5152,hold
2024-12-02,122.7762,14195600,122.7856,123.9690,120.0994,-0.0120,0.0457,-0.1345,-0.0163,-0.1165,33.3290,0.0747,-0.0451,-0.0103,0.2799,1.8258,1.3731,hold
2024-12-03,123.4618,8163900,122.5696,123.7624,121.0856,0.0056,0.0070,-0.1543,0.0074,-0.1088,31.6043,0.0737,-0.0435,-0.0072,0.3130,-0.4249,0.7715,hold
2024-12-04,122.1657,6051300,122.8232,122.9922,121.1983,-0.0105,0.0278,-0.1602,0.0161,-0.1151,31.2434,0.0736,-0.0433,-0.0053,0.3059,-0.2588,0.5629,hold
2024-12-05,121.3204,6858600,122.2408,122.5696,120.6911,-0.0069,-0.0071,0.0612,0.0033,-0.1183,31.5461,0.0228,-0.0432,-0.0039,0.3070,0.1334,0.6399,buy
2024-12-06,124.3447,7284100,122.1000,124.7204,122.1000,0.0249,0.0006,0.0888,0.0197,-0.0935,35.5989,0.0234,-0.0393,-0.0008,0.3849,0.0620,0.6720,buy
2024-12-09,127.0685,9619300,125.2464,129.7171,124.9176,0.0219,0.0350,0.0822,0.0339,-0.0713,34.0733,0.0229,-0.0342,0.0028,0.4544,0.3206,0.8624,hold
2024-12-10,126.8431,5575500,127.5381,128.3083,125.1994,-0.0018,0.0274,0.0346,0.0285,-0.0704,34.2444,0.0192,-0.0306,0.0051,0.4655,-0.4204,0.4954,buy
2024-12-11,127.7165,4811900,126.6646,129.3790,126.3359,0.0069,0.0454,0.0745,0.0282,-0.0621,73.2248,0.0150,-0.0267,0.0071,0.5045,-0.1370,0.4280,sell
2024-12-12,127.0685,3860200,128.7403,129.3320,127.0027,-0.0051,0.0474,0.0400,0.0190,-0.0650,71.9130,0.0135,-0.0241,0.0079,0.5107,-0.1978,0.3430,sell
2024-12-13,126.3453,4261200,127.4724,127.7635,125.2370,-0.0057,0.0161,0.0167,0.0115,-0.0685,66.6202,0.0130,-0.0222,0.0080,0.5148,0.1039,0.3783,sell
2024-12-16,124.4011,5503800,125.4342,126.6270,123.7530,-0.0154,-0.0210,0.0132,-0.0054,-0.0804,53.8156,0.0134,-0.0219,0.0070,0.4834,0.2916,0.4852,sell
2024-12-17,123.6027,5793000,123.5464,123.9878,122.0060,-0.0064,-0.0255,0.0011,-0.0119,-0.0842,61.4617,0.0135,-0.0218,0.0058,0.4915,0.0525,0.5123,sell
2024-12-18,122.7574,6602400,123.3303,128.0077,122.6729,-0.0068,-0.0388,0.0048,-0.0191,-0.0880,51.5730,0.0132,-0.0220,0.0046,0.5046,0.1397,0.5906,hold
2024-12-19,122.5038,5262100,123.0392,123.9784,122.4850,-0.0021,-0.0359,0.0098,-0.0220,-0.0870,44.6101,0.0130,-0.0221,0.0037,0.4563,-0.2030,0.6405,buy
2024-12-20,123.4900,7189100,121.8464,124.2696,121.4895,0.0081,-0.0226,-0.0069,-0.0135,-0.0766,52.2485,0.0104,-0.0210,0.0036,0.4935,0.3662,0.9467,buy
2024-12-23,123.9033,4097800,122.8513,124.0817,121.3486,0.0033,-0.0040,-0.0249,-0.0077,-0.0702,51.4149,0.0071,-0.0198,0.0039,0.5022,-0.4300,0.5762,buy
2024-12-24,124.3541,1647700,123.8563,124.6077,123.2082,0.0036,0.0061,-0.0196,-0.0021,-0.0636,57.4156,0.0073,-0.0182,0.0042,0.5432,-0.5979,0.2566,buy
2024-12-26,128.1016,5042000,124.4105,128.6182,124.3917,0.0301,0.0435,0.0030,0.0277,-0.0322,69.2022,0.0124,-0.0141,0.0062,0.9480,2.0600,0.8159,sell
2024-12-27,127.2657,3089000,126.9182,128.7591,126.7961,-0.0065,0.0389,0.0016,0.0208,-0.0355,59.4414,0.0125,-0.0117,0.0070,0.8116,-0.3873,0.5151,hold
2024-12-30,126.8431,3945600,126.2326,128.1486,125.6972,-0.0033,0.0272,0.0039,0.0170,-0.0360,49.1442,0.0124,-0.0099,0.0071,0.7389,0.2773,0.6639,hold
2024-12-31,126.9651,2830200,127.2657,128.2895,126.1292,0.0010,0.0247,0.0206,0.0159,-0.0322,50.4672,0.0111,-0.0082,0.0070,0.7292,-0.2827,0.5266,buy
2025-01-02,128.8530,4358300,127.5005,130.4403,127.2282,0.0149,0.0362,0.0425,0.0267,-0.0161,54.0361,0.0113,-0.0056,0.0075,0.8962,0.5399,0.8407,sell
2025-01-03,127.5381,4025200,129.3226,129.6420,126.9370,-0.0102,-0.0044,0.0389,0.0124,-0.0244,51.5923,0.0117,-0.0044,0.0070,0.7273,-0.0764,0.7919,buy
2025-01-06,130.8254,4937900,128.6934,131.3514,128.6934,0.0258,0.0280,0.0679,0.0316,0.0019,62.9407,0.0133,-0.0013,0.0079,1.0360,0.2267,0.9902,hold
2025-01-07,130.7878,4166100,131.4265,133.5586,129.9425,-0.0003,0.0311,0.0591,0.0254,0.0030,70.7318,0.0135,0.0010,0.0082,0.9552,-0.1563,0.8624,sell
2025-01-08,129.8204,4663400,130.5530,130.8254,127.9795,-0.0074,0.0225,0.0478,0.0132,-0.0027,69.9638,0.0141,0.0023,0.0076,0.8259,0.1194,1.0175,buy
2025-01-10,133.0138,5882800,130.3088,134.3100,130.0365,0.0246,0.0323,0.0696,0.0311,0.0228,78.6164,0.0154,0.0051,0.0082,1.0285,0.2615,1.2793,sell
2025-01-13,130.3370,4061900,131.9900,132.0558,129.4917,-0.0201,0.0219,0.0175,0.0086,0.0034,69.2521,0.0152,0.0057,0.0072,0.7799,-0.3095,0.8906,sell
2025-01-14,128.1768,4635500,131.6989,132.1967,127.4160,-0.0166,-0.0202,0.0072,-0.0088,-0.0117,60.8905,0.0161,0.0049,0.0051,0.5970,0.1412,1.0078,sell
2025-01-15,126.3547,5132600,131.3983,131.8398,126.3077,-0.0142,-0.0339,-0.0039,-0.0225,-0.0237,55.3461,0.0168,0.0030,0.0025,0.4475,0.1072,1.1054,sell
2025-01-16,125.1525,9900600,120.7099,125.6409,120.1464,-0.0095,-0.0360,-0.0143,-0.0305,-0.0306,51.6859,0.0170,0.0007,0.0002,0.3443,0.9290,2.0358,hold
2025-01-17,125.4906,6892500,124.8143,125.6502,122.9359,0.0027,-0.0566,-0.0261,-0.0253,-0.0259,43.5589,0.0161,-0.0010,-0.0012,0.3606,-0.3038,1.4014,buy
2025-01-21,128.9939,4848900,126.3265,129.3414,125.9696,0.0279,-0.0103,0.0114,0.0008,0.0032,53.7674,0.0185,-0.0000,-0.0002,0.6403,-0.2965,1.0038,sell
2025-01-22,127.5193,4012400,128.8530,128.9282,127.1812,-0.0114,-0.0051,-0.0253,-0.0081,-0.0068,51.4096,0.0166,-0.0002,-0.0003,0.4831,-0.1725,0.8415,buy
2025-01-23,128.9094,6788900,127.2563,129.1536,126.8337,0.0109,0.0202,-0.0144,0.0041,0.0059,53.8491,0.0172,0.0005,0.0004,0.6020,0.6920,1.4299,hold
2025-01-24,129.5105,5868200,128.9563,130.4591,128.3552,0.0047,0.0348,-0.0024,0.0091,0.0122,51.3714,0.0171,0.0014,0.0010,0.6482,-0.1356,1.2133,buy
2025-01-27,133.8403,5331600,129.5668,133.8497,129.1254,0.0334,0.0665,0.0062,0.0421,0.0475,61.6778,0.0187,0.0047,0.0034,1.0615,-0.0914,1.0619,sell
2025-01-28,132.4878,4141500,134.3099,136.2635,132.0652,-0.0101,0.0271,0.0165,0.0299,0.0390,53.3184,0.0177,0.0064,0.0041,0.8662,-0.2232,0.8324,sell
2025-01-29,131.5768,3279200,132.6193,133.5961,131.4453,-0.0069,0.0318,0.0265,0.0201,0.0340,51.5217,0.0168,0.0072,0.0039,0.7465,-0.2082,0.6578,hold
2025-01-30,131.9055,2792000,132.3000,133.4646,130.9569,0.0025,0.0232,0.0439,0.0183,0.0384,54.1233,0.0157,0.0079,0.0037,0.7531,-0.1486,0.5666,sell
2025-01-31,129.5293,4056400,131.5956,131.8586,129.0878,-0.0180,0.0001,0.0350,-0.0034,0.0216,42.8791,0.0168,0.0070,0.0022,0.4998,0.4529,0.8131,sell
2025-02-03,126.0071,6330500,126.4016,127.2187,124.0535,-0.0272,-0.0585,0.0041,-0.0309,-0.0030,41.4471,0.0194,0.0041,-0.0007,0.1655,0.5606,1.2443,buy
2025-02-04,127.3596,4376200,126.7961,128.5619,125.1806,0.0107,-0.0387,-0.0127,-0.0193,0.0106,48.3327,0.0174,0.0024,-0.0019,0.3007,-0.3087,0.8572,hold
2025-02-05,126.9934,4908700,126.9746,128.0171,125.6691,-0.0029,-0.0348,-0.0041,-0.0217,0.0057,51.3856,0.0170,0.0009,-0.0027,0.2860,0.1217,0.9618,hold
2025-02-06,126.4955,4289200,127.7917,128.7215,125.9790,-0.0039,-0.0410,-0.0187,-0.0237,-0.0002,53.0055,0.0166,-0.0006,-0.0034,0.2620,-0.1262,0.8394,sell
2025-02-07,123.3679,5756700,126.4956,126.7961,122.3723,-0.0247,-0.0476,-0.0474,-0.0433,-0.0258,45.7773,0.0178,-0.0039,-0.0054,0.0410,0.3421,1.1147,hold
2025-02-10,123.3022,4003500,123.7718,124.2790,122.3723,-0.0005,-0.0215,-0.0787,-0.0360,-0.0265,36.8831,0.0121,-0.0064,-0.0063,0.0839,-0.3045,0.7896,buy
2025-02-11,124.4011,4782600,122.9640,124.4198,122.2972,0.0089,-0.0232,-0.0610,-0.0212,-0.0187,42.6871,0.0132,-0.0076,-0.0060,0.2101,0.1946,0.9366,sell
2025-02-12,120.7731,6429000,122.3929,122.9897,120.1290,-0.0292,-0.0490,-0.0821,-0.0416,-0.0471,32.7317,0.0151,-0.0111,-0.0075,0.0030,0.3442,1.2373,buy
2025-02-13,121.7962,5325900,120.8773,122.6108,120.2900,0.0085,-0.0372,-0.0766,-0.0257,-0.0386,33.9153,0.0156,-0.0127,-0.0074,0.1209,-0.1716,1.0231,sell
2025-02-14,121.1331,4549000,122.1277,122.6108,120.6405,-0.0054,-0.0181,-0.0648,-0.0244,-0.0436,18.7222,0.0152,-0.0145,-0.0073,0.1134,-0.1459,0.9212,buy
2025-02-18,123.2454,4901600,121.2467,123.7569,121.0099,0.0174,-0.0005,-0.0219,-0.0052,-0.0269,28.0709,0.0151,-0.0140,-0.0055,0.2632,0.0775,1.0130,buy
2025-02-19,123.8517,3893500,123.1412,124.7515,122.6392,0.0049,-0.0044,-0.0275,0.0026,-0.0224,31.4019,0.0146,-0.0132,-0.0038,0.3196,-0.2057,0.8127,sell
2025-02-20,121.3699,6195900,121.9856,123.2833,121.0573,-0.0200,0.0049,-0.0443,-0.0130,-0.0420,27.0181,0.0156,-0.0143,-0.0038,0.1949,0.5913,1.2645,sell
2025-02-21,117.7135,9052900,119.2670,120.2995,117.3915,-0.0301,-0.0335,-0.0694,-0.0359,-0.0698,25.5891,0.0176,-0.0178,-0.0056,0.0488,0.4611,1.8058,buy
2025-02-24,119.1344,8772900,117.7514,120.0248,117.1641,0.0121,-0.0165,-0.0343,-0.0209,-0.0574,34.4511,0.0173,-0.0188,-0.0054,0.1676,-0.0309,1.7007,buy
2025-02-25,120.6689,6404300,119.6175,120.9721,119.2576,0.0129,-0.0209,-0.0214,-0.0061,-0.0444,34.9866,0.0181,-0.0182,-0.0040,0.2680,-0.2700,1.2287,sell
2025-02-26,117.4957,7714200,120.9815,121.1426,117.1263,-0.0263,-0.0513,-0.0555,-0.0267,-0.0680,31.0724,0.0191,-0.0204,-0.0046,0.1151,0.2045,1.4310,sell
2025-02-27,116.0369,6164500,117.2115,118.4524,115.9138,-0.0124,-0.0439,-0.0392,-0.0350,-0.0779,29.9262,0.0175,-0.0228,-0.0054,0.0683,-0.2009,1.1137,buy
2025-02-28,117.6851,8893600,116.3211,117.9598,115.9043,0.0142,-0.0002,-0.0338,-0.0179,-0.0636,38.4359,0.0180,-0.0227,-0.0045,0.1819,0.4427,1.5229,sell
2025-03-03,114.3887,12120900,118.6608,120.3563,113.5930,-0.0280,-0.0398,-0.0557,-0.0400,-0.0883,33.9696,0.0196,-0.0256,-0.0055,0.0135,0.3629,1.9414,sell
2025-03-04,110.9597,15623300,111.3007,111.9827,106.5929,-0.0300,-0.0805,-0.0997,-0.0591,-0.1139,27.6957,0.0192,-0.0304,-0.0077,-0.0798,0.2890,2.3291,hold
2025-03-05,110.4103,7311000,110.2303,110.6187,108.0801,-0.0050,-0.0603,-0.1085,-0.0530,-0.1165,30.8474,0.0186,-0.0337,-0.0087,-0.0233,-0.5320,1.0666,sell
2025-03-06,108.0328,8020200,108.9137,109.7851,107.2844,-0.0215,-0.0690,-0.1099,-0.0626,-0.1335,25.7753,0.0187,-0.0384,-0.0103,-0.0496,0.0970,1.1441,buy
2025-03-07,109.0084,8050900,107.5307,109.2357,106.1856,0.0090,-0.0737,-0.0740,-0.0470,-0.1237,28.8918,0.0184,-0.0399,-0.0097,0.0567,0.0038,1.1184,sell
2025-03-10,107.8433,8146200,108.6390,109.5294,105.9394,-0.0107,-0.0572,-0.0948,-0.0478,-0.1308,22.2715,0.0171,-0.0422,-0.0093,0.0665,0.0118,1.1132,sell
2025-03-11,106.8108,8271800,107.9096,108.9421,106.2898,-0.0096,-0.0374,-0.1148,-0.0452,-0.1367,19.7850,0.0151,-0.0444,-0.0090,0.0801,0.0154,1.0983,sell
2025-03-12,101.6199,10434200,107.0287,107.4928,101.3736,-0.0486,-0.0796,-0.1351,-0.0785,-0.1751,18.0509,0.0187,-0.0517,-0.0115,-0.0382,0.2614,1.3354,sell
2025-03-13,98.9866,9700200,102.0936,102.3209,98.5225,-0.0259,-0.0837,-0.1469,-0.0883,-0.1928,18.6688,0.0190,-0.0586,-0.0139,-0.0286,-0.0703,1.2160,hold
2025-03-14,99.1760,7551800,99.6781,99.7254,98.0015,0.0019,-0.0902,-0.1573,-0.0707,-0.1876,15.1736,0.0172,-0.0620,-0.0139,0.0493,-0.2215,0.9336,buy
2025-03-17,100.0949,5436200,100.0854,101.3168,99.7065,0.0093,-0.0718,-0.1250,-0.0494,-0.1764,13.3108,0.0185,-0.0628,-0.0121,0.1265,-0.2801,0.6684,sell
2025-03-18,99.0719,4922200,99.8960,100.6443,98.9771,-0.0102,-0.0725,-0.1071,-0.0484,-0.1808,14.4163,0.0175,-0.0645,-0.0107,0.1354,-0.0946,0.6051,hold
2025-03-19,99.4034,6331900,98.5130,100.1801,98.2762,0.0033,-0.0218,-0.0997,-0.0350,-0.1742,16.4116,0.0180,-0.0642,-0.0084,0.1752,0.2864,0.7669,sell
2025-03-20,98.7024,5863300,98.8919,101.0421,98.4372,-0.0071,-0.0029,-0.0864,-0.0330,-0.1757,10.1432,0.0176,-0.0644,-0.0066,0.1839,-0.0740,0.7116,hold
2025-03-21,98.5698,31066200,97.9068,99.5739,96.3912,-0.0013,-0.0061,-0.0958,-0.0243,-0.1723,11.6972,0.0167,-0.0637,-0.0046,0.2103,4.2984,3.3261,buy
2025-03-24,102.6335,8526100,99.4507,102.7566,99.4034,0.0412,0.0254,-0.0483,0.0212,-0.1342,30.4405,0.0232,-0.0567,0.0001,0.3580,-0.7256,0.9141,sell
2025-03-25,99.8391,6837700,102.4535,103.0219,99.0529,-0.0272,0.0077,-0.0653,0.0003,-0.1531,27.5362,0.0243,-0.0562,0.0017,0.2820,-0.1980,0.7314,hold
2025-03-26,100.4927,5490800,100.1801,101.0421,99.4318,0.0065,0.0110,-0.0111,0.0080,-0.1432,32.7106,0.0194,-0.0531,0.0035,0.3243,-0.1970,0.5944,hold
2025-03-27,100.8906,5015300,100.2180,102.2830,100.1422,0.0040,0.0222,0.0192,0.0100,-0.1358,30.8791,0.0174,-0.0498,0.0053,0.3584,-0.0866,0.5463,sell
2025-03-28,98.1814,9704400,98.9771,99.8296,96.9690,-0.0269,-0.0039,-0.0100,-0.0161,-0.1549,28.7853,0.0196,-0.0504,0.0050,0.2521,0.9350,1.0524,buy
2025-03-31,98.8540,7069200,96.6185,99.1382,95.1976,0.0068,-0.0368,-0.0124,-0.0081,-0.1452,32.2485,0.0195,-0.0482,0.0054,0.2976,-0.2715,0.7882,hold
2025-04-01,98.9203,6240500,99.4413,100.0191,98.0678,0.0007,-0.0092,-0.0015,-0.0073,-0.1407,42.1918,0.0192,-0.0462,0.0059,0.3183,-0.1172,0.7342,buy
2025-04-02,100.1896,5654400,98.5319,101.4400,98.4467,0.0128,-0.0030,0.0079,0.0046,-0.1253,53.7775,0.0196,-0.0426,0.0071,0.4171,-0.0939,0.6718,sell
2025-04-03,89.3058,19020400,92.5927,93.2558,88.0933,-0.1086,-0.1148,-0.0952,-0.0960,-0.2151,31.4591,0.0400,-0.0542,0.0012,-0.1747,2.3638,2.1212,buy
2025-04-04,90.6698,16229700,86.9945,91.7686,85.8389,0.0153,-0.0765,-0.0801,-0.0748,-0.1977,32.5866,0.0407,-0.0566,-0.0016,-0.0323,-0.1467,1.7311,sell
2025-04-07,89.4005,13800600,86.4546,92.6969,85.4884,-0.0140,-0.0956,-0.1289,-0.0752,-0.2033,32.2927,0.0369,-0.0604,-0.0037,-0.0403,-0.1497,1.4289,sell
2025-04-08,84.0770,13408900,91.4466,92.3559,82.7414,-0.0595,-0.1501,-0.1579,-0.1159,-0.2440,26.2757,0.0396,-0.0711,-0.0086,-0.1791,-0.0284,1.3524,buy
2025-04-09,92.5359,13717800,83.3571,93.2842,83.2435,0.1006,-0.0764,-0.0792,-0.0187,-0.1620,42.3031,0.0541,-0.0614,-0.0037,0.2740,0.0230,1.3610,sell
2025-04-10,87.8186,12187900,90.6414,90.9351,85.0622,-0.0510,-0.0167,-0.1296,-0.0557,-0.1983,37.9588,0.0557,-0.0657,-0.0039,0.0947,-0.1115,1.1945,hold
2025-04-11,87.8849,10457600,87.5345,88.0555,83.9539,0.0008,-0.0307,-0.1049,-0.0444,-0.1912,31.8574,0.0556,-0.0655,-0.0031,0.1435,-0.1420,1.0105,buy
2025-04-14,89.6563,8164400,89.4384,90.3762,87.8281,0.0202,0.0029,-0.0930,-0.0153,-0.1688,37.1504,0.0562,-0.0619,-0.0005,0.2491,-0.2193,0.7786,sell
2025-04-15,87.2219,6605600,89.0785,89.9689,87.1082,-0.0272,0.0374,-0.1183,-0.0295,-0.1855,33.9739,0.0564,-0.0632,-0.0001,0.1796,-0.1909,0.6250,sell
2025-04-16,85.6873,8048400,86.1989,87.7429,84.8064,-0.0176,-0.0740,-0.1447,-0.0310,-0.1936,32.1309,0.0557,-0.0647,-0.0004,0.1567,0.2184,0.7553,buy
2025-04-17,88.1975,5349800,85.4695,88.6049,85.4695,0.0293,0.0043,-0.0124,-0.0013,-0.1638,38.2103,0.0460,-0.0601,0.0019,0.2821,-0.3353,0.5033,hold
2025-04-21,88.8322,6856600,87.7523,88.9553,86.0568,0.0072,0.0108,-0.0203,0.0080,-0.1518,38.1550,0.0457,-0.0564,0.0042,0.3268,0.2817,0.7279,hold
2025-04-22,89.1353,7200100,89.1542,90.8782,87.8565,0.0034,-0.0058,-0.0030,0.0117,-0.1433,38.4992,0.0455,-0.0526,0.0061,0.3580,0.0501,0.7698,sell
2025-04-23,87.2882,9113800,91.7402,92.4696,86.8525,-0.0207,0.0008,0.0382,-0.0129,-0.1552,35.0395,0.0413,-0.0520,0.0064,0.2987,0.2658,0.9627,buy
2025-04-24,90.2815,7718800,87.4303,90.5183,87.0324,0.0343,0.0536,-0.0244,0.0236,-0.1204,51.3848,0.0269,-0.0457,0.0086,0.4531,-0.1531,0.8059,buy
2025-04-25,91.4845,5274900,89.9973,91.7402,89.6942,0.0133,0.0373,0.0417,0.0329,-0.1036,51.1615,0.0210,-0.0401,0.0109,0.5379,-0.3166,0.5500,hold
2025-04-28,91.2856,4662400,91.3992,92.8201,90.1489,-0.0022,0.0276,0.0387,0.0268,-0.1001,52.7724,0.0211,-0.0359,0.0121,0.5492,-0.1161,0.4992,hold
2025-04-29,91.7971,3768400,90.8877,91.9675,90.2720,0.0056,0.0299,0.0239,0.0300,-0.0898,63.2262,0.0203,-0.0315,0.0130,0.6113,-0.1917,0.4108,hold
2025-04-30,91.5981,8255300,90.4709,91.8728,89.2585,-0.0022,0.0494,0.0502,0.0228,-0.0861,47.7591,0.0176,-0.0281,0.0132,0.6438,1.1907,0.8901,sell
2025-05-01,90.9066,5443700,91.9865,92.3843,90.5088,-0.0075,0.0069,0.0609,0.0092,-0.0870,59.1368,0.0165,-0.0259,0.0126,0.6893,-0.3406,0.5876,buy
2025-05-02,92.2328,5294900,92.1665,93.3126,91.5887,0.0146,0.0082,0.0458,0.0193,-0.0682,61.9719,0.0147,-0.0222,0.0126,0.8103,-0.0273,0.6173,sell
2025-05-05,89.0595,6789300,91.7307,91.7307,88.7659,-0.0344,-0.0244,0.0026,-0.0160,-0.0950,48.4745,0.0191,-0.0228,0.0105,0.4713,0.2822,0.8376,hold
2025-05-06,88.7091,5726600,88.9459,89.5995,88.1028,-0.0039,-0.0336,-0.0048,-0.0194,-0.0930,54.2548,0.0191,-0.0229,0.0085,0.4366,-0.1565,0.7435,buy
2025-05-07,90.4520,5725200,89.1543,91.0582,88.9932,0.0196,-0.0125,0.0362,-0.0036,-0.0694,63.4708,0.0186,-0.0206,0.0081,0.6106,-0.0002,0.7823,buy
2025-05-08,91.8160,5006300,91.8349,93.1895,91.1624,0.0151,0.0100,0.0170,0.0097,-0.0503,60.9393,0.0159,-0.0175,0.0087,0.8011,-0.1256,0.7274,sell
2025-05-09,91.3140,4614700,91.8255,92.6780,91.0203,-0.0055,-0.0100,-0.0019,0.0044,-0.0507,57.5635,0.0155,-0.0156,0.0086,0.7115,-0.0782,0.7095,buy
2025-05-12,95.7470,9670800,95.6050,97.5657,93.8052,0.0485,0.0751,0.0489,0.0480,-0.0000,66.0978,0.0217,-0.0095,0.0108,1.1270,1.0957,1.4960,sell
2025-05-13,93.8620,7774500,95.5576,95.5576,93.2748,-0.0197,0.0581,0.0225,0.0250,-0.0155,65.9761,0.0231,-0.0069,0.0110,0.8689,-0.1961,1.2063,sell
2025-05-14,91.2657,10286400,92.9806,93.1722,90.8345,-0.0277,0.0090,-0.0036,-0.0030,-0.0388,52.4389,0.0250,-0.0071,0.0091,0.5790,0.3231,1.5517,buy
2025-05-15,92.9998,8348500,90.3459,93.4117,89.7807,0.0190,0.0129,0.0230,0.0137,-0.0169,53.6587,0.0255,-0.0053,0.0085,0.7576,-0.1884,1.2565,buy
2025-05-16,94.4465,6371500,93.6608,94.9830,93.3159,0.0156,0.0343,0.0240,0.0270,0.0013,57.1983,0.0256,-0.0027,0.0087,0.8899,-0.2368,0.9517,hold
2025-05-19,93.8812,8468700,92.7028,94.3123,92.0225,-0.0060,-0.0195,0.0541,0.0155,-0.0015,54.7346,0.0224,-0.0012,0.0082,0.7908,0.3292,1.2499,hold
2025-05-20,94.0057,10163500,93.8908,95.1650,93.2680,0.0013,0.0015,0.0597,0.0110,0.0028,55.4880,0.0222,0.0001,0.0076,0.7769,0.2001,1.4679,sell
2025-05-21,89.1100,27058500,87.6633,91.3136,86.8011,-0.0521,-0.0236,-0.0148,-0.0402,-0.0458,46.5634,0.0281,-0.0032,0.0038,0.1423,1.6623,3.4597,buy
2025-05-22,91.0740,11428000,88.3052,91.8022,88.1903,0.0220,-0.0207,-0.0081,-0.0183,-0.0226,47.8364,0.0286,-0.0039,0.0024,0.3956,-0.5777,1.4273,hold
2025-05-23,90.3363,7373800,89.2346,91.1890,89.2346,-0.0081,-0.0435,-0.0107,-0.0252,-0.0287,52.6227,0.0287,-0.0051,0.0009,0.3073,-0.3548,0.9090,buy
2025-05-27,92.9231,6501800,91.5531,93.0573,90.9016,0.0286,-0.0102,-0.0295,0.0058,0.0004,57.9276,0.0254,-0.0036,0.0018,0.6373,-0.1183,0.7926,sell
2025-05-28,91.9172,4476000,92.9231,93.0189,91.7543,-0.0108,-0.0222,-0.0207,-0.0030,-0.0087,52.8350,0.0249,-0.0034,0.0017,0.5045,-0.3116,0.5433,sell
2025-05-29,90.8920,7033300,93.6704,93.6704,90.2884,-0.0112,0.0200,-0.0041,-0.0137,-0.0180,48.1885,0.0235,-0.0041,0.0008,0.3754,0.5713,0.8600,sell
2025-05-30,90.0681,7874000,90.0968,90.7866,89.3399,-0.0091,-0.0110,-0.0315,-0.0196,-0.0249,47.5878,0.0226,-0.0054,-0.0003,0.2770,0.1195,0.9488,sell
2025-06-02,89.4070,5748800,89.4932,89.5411,88.1998,-0.0073,-0.0103,-0.0534,-0.0214,-0.0301,35.6251,0.0217,-0.0069,-0.0014,0.2201,-0.2699,0.6908,buy
2025-06-03,91.7639,6388800,89.5699,92.3866,89.1579,0.0264,-0.0125,-0.0226,0.0067,-0.0031,45.3424,0.0238,-0.0057,-0.0003,0.4954,0.1113,0.7696,sell
2025-06-04,90.0010,4416700,91.6201,92.0225,89.9914,-0.0192,-0.0208,-0.0426,-0.0082,-0.0195,47.0848,0.0244,-0.0065,-0.0008,0.2456,-0.3087,0.5362,hold
2025-06-05,89.5986,4759900,90.2884,90.9783,89.1867,-0.0045,-0.0142,0.0055,-0.0132,-0.0217,41.6471,0.0177,-0.0074,-0.0013,0.2036,0.0777,0.5813,buy
2025-06-06,93.2393,7822800,90.5567,93.2776,90.4896,0.0406,0.0352,0.0238,0.0244,0.0196,47.3237,0.0209,-0.0046,0.0010,0.6770,0.6435,0.9392,hold
2025-06-09,93.2680,6299300,94.1878,95.1937,93.2297,0.0003,0.0432,0.0325,0.0215,0.0216,48.6075,0.0206,-0.0025,0.0025,0.6663,-0.1948,0.7487,buy
2025-06-10,96.5446,9612400,93.6225,98.0775,93.5555,0.0351,0.0521,0.0390,0.0532,0.0579,55.0438,0.0216,0.0019,0.0054,1.0618,0.5259,1.1429,sell
2025-06-11,93.9962,6803400,96.5925,96.8512,93.6513,-0.0264,0.0444,0.0226,0.0231,0.0311,60.7053,0.0232,0.0033,0.0054,0.7430,-0.2922,0.8136,buy
2025-06-12,95.1267,5320600,93.5555,95.3183,92.9614,0.0120,0.0617,0.0466,0.0306,0.0444,59.2157,0.0229,0.0051,0.0058,0.8416,-0.2179,0.6558,sell
2025-06-13,91.3711,7303300,93.8908,95.0884,90.8058,-0.0395,-0.0200,0.0145,-0.0115,0.0051,52.0690,0.0267,0.0036,0.0034,0.4083,0.3726,0.9060,buy
2025-06-16,93.2872,7427600,92.1567,93.4405,91.4669,0.0210,0.0002,0.0434,0.0050,0.0253,50.7480,0.0271,0.0037,0.0029,0.6446,0.0170,0.9154,sell
2025-06-17,91.0357,7195500,92.6165,92.7794,90.8824,-0.0241,-0.0571,-0.0079,-0.0184,0.0004,48.2771,0.0273,0.0020,0.0009,0.3880,-0.0312,0.8938,hold
2025-06-18,91.1315,6408600,91.2273,92.6549,90.8537,0.0011,-0.0305,0.0126,-0.0186,0.0011,50.4858,0.0265,0.0006,-0.0004,0.4152,-0.1094,0.8151,hold
2025-06-20,91.5339,9619800,91.6776,92.5303,90.4417,0.0044,-0.0378,0.0216,-0.0163,0.0039,53.0249,0.0264,-0.0001,-0.0009,0.4480,0.5011,1.3761,buy
2025-06-23,92.4824,6887200,90.6525,92.5878,90.2214,0.0104,0.0122,-0.0081,-0.0053,0.0143,56.2720,0.0230,0.0001,-0.0005,0.5648,-0.2841,1.0183,buy
2025-06-24,93.4405,6406100,93.1722,94.0249,92.4920,0.0104,0.0016,0.0018,0.0048,0.0235,53.6262,0.0233,0.0011,0.0004,0.6733,-0.0699,0.9540,sell
2025-06-25,92.6453,4372000,93.4117,93.7087,91.9651,-0.0085,0.0177,-0.0404,0.0004,0.0138,55.9689,0.0199,0.0013,0.0004,0.5684,-0.3175,0.6615,buy
2025-06-26,93.5076,5331900,92.9136,93.7279,92.3483,0.0093,0.0261,-0.0052,0.0103,0.0223,58.6441,0.0186,0.0021,0.0010,0.6717,0.2196,0.8016,buy
2025-06-27,95.0692,6389800,94.1399,96.0560,93.9962,0.0167,0.0386,-0.0006,0.0272,0.0376,54.4564,0.0190,0.0039,0.0023,0.8381,0.1984,0.9653,sell
2025-06-30,94.5135,4933600,95.4237,95.4812,94.0249,-0.0058,0.0220,0.0344,0.0178,0.0296,52.9573,0.0134,0.0049,0.0026,0.7423,-0.2279,0.7623,buy
2025-07-01,99.4955,9968200,94.2069,100.9230,94.1974,0.0527,0.0648,0.0666,0.0643,0.0812,56.4815,0.0201,0.0094,0.0057,1.1855,1.0205,1.4915,buy
2025-07-02,101.0284,6327900,99.9170,101.2775,98.9877,0.0154,0.0905,0.1098,0.0693,0.0950,66.1674,0.0170,0.0139,0.0083,1.1437,-0.3652,0.9472,sell
2025-07-03,99.6967,3535300,101.5074,101.5266,99.6871,-0.0132,0.0662,0.0940,0.0457,0.0780,60.4103,0.0184,0.0166,0.0087,0.9588,-0.4413,0.5327,sell
2025-07-07,97.3398,5677100,98.6811,99.0739,96.5159,-0.0236,0.0239,0.0634,0.0148,0.0503,64.5221,0.0212,0.0169,0.0071,0.7428,0.6058,0.8496,hold
2025-07-08,97.7326,6100500,97.4548,98.1733,96.3626,0.0040,0.0341,0.0568,0.0133,0.0528,61.6818,0.0211,0.0169,0.0057,0.7510,0.0746,0.9249,hold
2025-07-09,98.1350,4312200,98.2117,98.9973,97.5314,0.0041,-0.0137,0.0502,0.0126,0.0556,70.6637,0.0211,0.0170,0.0047,0.7580,-0.2931,0.6638,buy
2025-07-10,100.3482,5109900,98.6045,101.9098,98.3171,0.0226,-0.0067,0.0831,0.0272,0.0774,73.8828,0.0211,0.0183,0.0050,0.8948,0.1850,0.8148,hold
2025-07-11,99.8691,3866100,99.9362,100.6356,98.8632,-0.0048,0.0017,0.0680,0.0157,0.0704,71.5134,0.0215,0.0192,0.0046,0.8215,-0.2434,0.6312,hold
2025-07-14,100.4727,4468100,99.6392,100.5973,98.8632,0.0060,0.0322,0.0568,0.0163,0.0748,70.9970,0.0212,0.0199,0.0043,0.8290,0.1557,0.7346,sell
2025-07-15,97.9242,5289900,100.5973,101.0763,97.9051,-0.0254,0.0020,0.0361,-0.0129,0.0459,60.8736,0.0232,0.0188,0.0023,0.6349,0.1839,0.8844,sell
2025-07-16,97.0907,3861900,98.3650,99.0739,96.1518,-0.0085,-0.0106,-0.0242,-0.0189,0.0360,60.7607,0.0158,0.0168,0.0001,0.5628,-0.2699,0.6655,buy
2025-07-17,99.3039,4529500,97.3302,99.5817,97.3302,0.0228,-0.0104,-0.0171,0.0052,0.0573,63.1693,0.0168,0.0163,-0.0000,0.7028,0.1729,0.7989,hold
2025-07-18,99.1218,5282100,99.6009,99.9075,97.8572,-0.0018,-0.0075,-0.0058,0.0039,0.0530,59.8235,0.0163,0.0159,-0.0003,0.6703,0.1662,0.9410,sell
2025-07-21,97.4452,4478800,97.8284,99.3135,97.4165,-0.0169,-0.0301,0.0011,-0.0132,0.0337,56.7401,0.0154,0.0143,-0.0018,0.5101,-0.1521,0.8362,buy
2025-07-22,102.0727,6473000,98.4416,102.4272,98.1542,0.0475,0.0424,0.0444,0.0292,0.0804,56.0233,0.0215,0.0157,0.0003,0.8919,0.4453,1.2132,buy
2025-07-23,102.9254,5907500,102.9924,104.3337,102.3218,0.0084,0.0601,0.0488,0.0328,0.0867,54.5791,0.0215,0.0177,0.0019,0.9229,-0.0874,1.1124,sell
2025-07-24,101.3829,5415200,102.7242,103.8834,101.0188,-0.0150,0.0209,0.0103,0.0163,0.0692,54.0293,0.0214,0.0182,0.0017,0.7682,-0.0833,1.0097,hold
2025-07-25,101.6032,3476000,102.2835,102.5326,100.7410,0.0022,0.0250,0.0174,0.0167,0.0698,61.3463,0.0213,0.0183,0.0015,0.7773,-0.3581,0.6596,hold
2025-07-28,101.9673,3864900,101.7661,102.3218,100.8368,0.0036,0.0464,0.0149,0.0188,0.0712,61.2870,0.0212,0.0184,0.0014,0.7969,0.1119,0.7514,sell
2025-07-29,99.8116,4753500,101.6703,101.8332,99.5625,-0.0211,-0.0222,0.0193,-0.0046,0.0470,54.0869,0.0207,0.0170,-0.0003,0.5105,0.2299,0.9257,sell
2025-07-30,98.8152,4527100,100.3194,100.5973,98.0488,-0.0100,-0.0399,0.0178,-0.0162,0.0356,46.0278,0.0208,0.0148,-0.0022,0.3735,-0.0476,0.9310,sell
2025-07-31,96.2859,6442300,98.0584,98.3266,96.1518,-0.0256,-0.0503,-0.0304,-0.0385,0.0086,41.6068,0.0210,0.0110,-0.0052,0.0779,0.4231,1.3232,sell
2025-08-01,95.5865,5021700,95.3470,96.1039,94.3123,-0.0073,-0.0592,-0.0357,-0.0421,0.0010,38.6059,0.0211,0.0070,-0.0074,0.0567,-0.2205,1.0159,hold
2025-08-04,95.6057,5312700,95.8165,96.8225,95.4237,0.0002,-0.0624,-0.0189,-0.0402,-0.0002,43.8703,0.0205,0.0038,-0.0085,0.0926,0.0579,1.0788,buy
2025-08-05,98.1350,5093400,95.8644,98.6428,95.5961,0.0265,-0.0168,-0.0386,-0.0109,0.0247,52.5337,0.0153,0.0033,-0.0070,0.3783,-0.0413,1.0450,buy
2025-08-06,100.9709,6306600,99.1314,101.9002,98.6620,0.0289,0.0218,-0.0190,0.0197,0.0520,53.9260,0.0183,0.0051,-0.0039,0.6859,0.2382,1.2679,hold
2025-08-07,101.2392,4191000,102.0344,102.4463,99.7542,0.0027,0.0514,-0.0014,0.0226,0.0530,54.9663,0.0177,0.0067,-0.0018,0.7084,-0.3355,0.8504,hold
2025-08-08,100.9805,3494900,101.3733,101.7948,100.3961,-0.0026,0.0564,-0.0061,0.0206,0.0483,58.8830,0.0177,0.0077,-0.0007,0.6711,-0.1661,0.7119,sell
2025-08-11,99.6488,5020200,100.9805,102.1110,99.3135,-0.0132,0.0423,-0.0227,0.0095,0.0326,42.7005,0.0180,0.0074,-0.0009,0.5282,0.4364,1.0168,buy
2025-08-12,101.8044,6593800,100.5015,103.2990,99.8787,0.0216,0.0374,0.0200,0.0293,0.0524,46.8700,0.0181,0.0085,0.0004,0.7433,0.3135,1.3182,hold
2025-08-13,102.0368,7364700,100.5357,102.3371,99.1024,0.0023,0.0106,0.0326,0.0283,0.0520,51.9702,0.0176,0.0096,0.0012,0.7435,0.1169,1.4225,sell
2025-08-14,100.9619,4985800,100.5745,101.0200,99.3446,-0.0105,-0.0027,0.0486,0.0127,0.0390,48.1624,0.0154,0.0097,0.0009,0.6148,-0.3230,0.9588,sell
2025-08-15,99.7707,6305100,99.0734,101.1459,98.7344,-0.0118,-0.0120,0.0438,-0.0034,0.0247,43.9910,0.0158,0.0087,-0.0002,0.4799,0.2646,1.2006,buy
2025-08-18,101.6398,6901600,100.7198,102.8794,100.3905,0.0187,0.0200,0.0631,0.0091,0.0413,55.0806,0.0163,0.0090,0.0003,0.6671,0.0946,1.2846,hold
2025-08-19,102.0368,8815500,102.4630,103.8866,101.1459,0.0039,0.0023,0.0398,0.0092,0.0435,59.2617,0.0147,0.0096,0.0007,0.7124,0.2773,1.6058,sell
2025-08-20,95.5772,33165700,91.4322,96.4198,91.1804,-0.0633,-0.0633,-0.0534,-0.0496,-0.0230,48.3381,0.0236,0.0052,-0.0034,0.0481,2.7622,4.8399,sell
2025-08-21,93.9986,11415700,95.3835,95.3932,93.0980,-0.0165,-0.0690,-0.0715,-0.0586,-0.0387,46.4239,0.0237,-0.0001,-0.0071,-0.0152,-0.6558,1.5960,buy
2025-08-22,96.1099,13663600,94.5022,98.1436,94.2892,0.0225,-0.0367,-0.0482,-0.0327,-0.0175,51.0376,0.0255,-0.0024,-0.0074,0.2164,0.1969,1.7833,sell
2025-08-25,94.0664,7651300,95.3932,95.7225,93.5532,-0.0213,-0.0745,-0.0560,-0.0479,-0.0382,41.4554,0.0259,-0.0061,-0.0090,0.0845,-0.4400,0.9745,sell
2025-08-26,93.0786,6398800,93.7469,93.9309,92.8074,-0.0105,-0.0878,-0.0857,-0.0495,-0.0486,32.0301,0.0241,-0.0098,-0.0102,0.0663,-0.1637,0.8065,buy
2025-08-27,94.8703,6486000,93.3013,95.0736,93.2820,0.0192,-0.0074,-0.0702,-0.0241,-0.0306,36.4394,0.0255,-0.0108,-0.0089,0.2363,0.0136,0.8076,sell
2025-08-28,93.7565,5145000,95.4126,95.6741,93.3014,-0.0117,-0.0026,-0.0714,-0.0283,-0.0425,35.1593,0.0255,-0.0127,-0.0086,0.1719,-0.2068,0.6458,sell
2025-08-29,92.9527,5370900,94.0374,94.1536,92.6525,-0.0086,-0.0328,-0.0683,-0.0298,-0.0511,35.9388,0.0255,-0.0147,-0.0085,0.1379,0.0439,0.6727,sell
2025-09-02,89.5244,12987200,92.1295,92.3523,89.0208,-0.0369,-0.0483,-0.1192,-0.0536,-0.0857,25.5212,0.0254,-0.0197,-0.0106,-0.0195,1.4181,1.5520,hold
2025-09-03,89.4372,8485800,89.5825,89.9311,88.7980,-0.0010,-0.0391,-0.1235,-0.0418,-0.0860,24.7378,0.0251,-0.0231,-0.0112,0.0495,-0.3466,0.9939,hold
2025-09-04,89.7859,5901000,89.8149,90.3476,89.3694,0.0039,-0.0536,-0.0606,-0.0320,-0.0818,26.9200,0.0180,-0.0250,-0.0105,0.1203,-0.3046,0.6928,hold
2025-09-05,90.2313,4894600,89.8536,90.9867,89.5340,0.0050,-0.0376,-0.0401,-0.0233,-0.0768,29.6739,0.0179,-0.0258,-0.0091,0.1811,-0.1705,0.5723,sell
2025-09-08,88.6140,9261700,90.2701,90.4928,88.4591,-0.0179,-0.0467,-0.0780,-0.0329,-0.0924,21.9441,0.0157,-0.0282,-0.0089,0.1379,0.8922,1.0476,sell
2025-09-09,88.0426,7564800,88.6043,88.9627,87.3744,-0.0064,-0.0166,-0.0640,-0.0328,-0.0970,20.0828,0.0150,-0.0300,-0.0085,0.1510,-0.1832,0.8435,hold
2025-09-10,87.9167,5747900,87.9070,88.5172,87.2001,-0.0014,-0.0170,-0.0555,-0.0287,-0.0970,27.5411,0.0150,-0.0312,-0.0077,0.1770,-0.2402,0.6440,buy
2025-09-11,88.6334,9492500,88.0039,89.3404,87.9264,0.0082,-0.0128,-0.0657,-0.0140,-0.0876,33.4330,0.0133,-0.0308,-0.0060,0.2365,0.6515,1.0510,sell
2025-09-12,87.1226,6176200,88.4203,88.5365,87.1226,-0.0170,-0.0345,-0.0708,-0.0236,-0.1006,21.1801,0.0136,-0.0322,-0.0056,0.1836,-0.3494,0.6793,sell
2025-09-15,85.7667,9310900,87.2582,87.3453,85.6505,-0.0156,-0.0321,-0.0773,-0.0310,-0.1121,22.1572,0.0139,-0.0343,-0.0058,0.1441,0.5075,1.0075,buy
2025-09-16,86.8902,6736700,86.1251,86.9580,85.7764,0.0131,-0.0131,-0.0294,-0.0153,-0.0985,29.4269,0.0110,-0.0337,-0.0045,0.2196,-0.2765,0.7296,sell
2025-09-17,86.1251,9399000,87.0064,87.9458,85.9411,-0.0088,-0.0204,-0.0370,-0.0203,-0.1043,18.7976,0.0111,-0.0342,-0.0038,0.1637,0.3952,1.0147,buy
2025-09-18,86.5996,8781100,85.9120,86.7061,85.3794,0.0055,-0.0229,-0.0355,-0.0114,-0.0972,23.2440,0.0113,-0.0333,-0.0024,0.2246,-0.0657,1.0917,sell
2025-09-19,85.3503,13319500,86.7255,86.9095,85.0404,-0.0144,-0.0203,-0.0541,-0.0202,-0.1074,22.4947,0.0113,-0.0341,-0.0022,0.1658,0.5168,1.6366,sell
2025-09-22,83.8298,12449500,85.2438,85.2922,83.5780,-0.0178,-0.0226,-0.0540,-0.0323,-0.1203,26.0976,0.0113,-0.0359,-0.0028,0.0834,-0.0653,1.5412,buy
2025-09-23,84.3044,8077800,84.1494,85.1082,83.9945,0.0057,-0.0298,-0.0425,-0.0226,-0.1124,29.1339,0.0118,-0.0358,-0.0023,0.1537,-0.3512,0.9973,buy
2025-09-24,85.5246,10691700,84.4593,85.5537,84.1301,0.0145,-0.0070,-0.0272,-0.0057,-0.0971,33.8235,0.0132,-0.0339,-0.0006,0.2734,0.3236,1.2860,sell
2025-09-25,84.3915,8566300,85.0404,85.2244,83.8008,-0.0132,-0.0255,-0.0479,-0.0140,-0.1067,28.9308,0.0130,-0.0338,-0.0001,0.1909,-0.1988,1.0176,buy
2025-09-26,85.0791,7575600,84.1010,85.7958,84.1010,0.0081,-0.0032,-0.0235,-0.0036,-0.0967,36.3296,0.0128,-0.0322,0.0010,0.2648,-0.1157,0.8871,buy
2025-09-29,86.0282,7955600,85.5731,86.0282,84.5562,0.0112,0.0262,0.0030,0.0072,-0.0841,42.4309,0.0125,-0.0295,0.0027,0.3818,0.0502,0.9177,buy
2025-09-30,86.8708,16872300,85.7086,87.3647,84.5077,0.0098,0.0304,-0.0002,0.0171,-0.0730,46.2707,0.0122,-0.0263,0.0044,0.5058,1.1208,1.9037,sell
2025-10-01,86.3284,10378500,86.6577,86.6771,84.5077,-0.0062,0.0094,0.0024,0.0105,-0.0757,41.6783,0.0120,-0.0244,0.0052,0.4516,-0.3849,1.1586,buy
2025-10-02,86.6868,7557400,86.1251,87.4325,85.3987,0.0042,0.0272,0.0010,0.0146,-0.0686,48.2838,0.0120,-0.0220,0.0060,0.5263,-0.2718,0.8360,sell
2025-10-03,86.2219,6872000,86.9676,87.5197,85.4956,-0.0054,0.0134,0.0102,0.0081,-0.0706,51.9279,0.0110,-0.0206,0.0061,0.4826,-0.0907,0.7519,hold
2025-10-06,86.1541,8975700,86.5221,87.3260,85.0695,-0.0008,0.0015,0.0277,0.0046,-0.0682,46.5766,0.0089,-0.0192,0.0060,0.4921,0.3061,0.9836,buy
2025-10-07,86.4543,6348100,86.3672,87.2485,85.7183,0.0035,-0.0048,0.0255,0.0056,-0.0618,51.6007,0.0088,-0.0175,0.0061,0.5726,-0.2927,0.7003,buy
2025-10-08,87.5293,6848500,86.7933,88.1201,86.7158,0.0124,0.0139,0.0234,0.0157,-0.0476,54.2705,0.0086,-0.0149,0.0067,0.8136,0.0788,0.7510,sell
2025-10-09,86.2897,7189200,88.1201,88.1201,85.8248,-0.0142,-0.0046,0.0225,-0.0009,-0.0586,54.3188,0.0087,-0.0141,0.0062,0.5798,0.0497,0.7984,sell
2025-10-10,82.8323,13925200,86.3672,86.4156,82.6677,-0.0401,-0.0393,-0.0264,-0.0384,-0.0936,46.1073,0.0157,-0.0171,0.0033,-0.1282,0.9370,1.4827,buy
2025-10-13,84.5852,10515500,84.1785,85.5634,83.9945,0.0212,-0.0182,-0.0168,-0.0164,-0.0722,50.9965,0.0169,-0.0167,0.0026,0.2661,-0.2449,1.1125,buy
2025-10-14,86.1541,6352300,83.8008,86.5803,83.6264,0.0185,-0.0035,-0.0082,0.0027,-0.0530,52.1798,0.0178,-0.0148,0.0033,0.6043,-0.3959,0.6734,buy
2025-10-15,88.0426,6402500,86.4447,88.3138,86.1057,0.0219,0.0059,0.0199,0.0226,-0.0301,62.0140,0.0190,-0.0113,0.0051,0.9449,0.0079,0.6897,sell
2025-10-16,87.2291,5556500,88.0136,88.7593,86.3091,-0.0092,0.0109,0.0063,0.0125,-0.0362,57.0165,0.0193,-0.0096,0.0056,0.7738,-0.1321,0.6092,buy
2025-10-17,87.9748,6461400,87.1613,88.0910,86.9773,0.0085,0.0621,0.0203,0.0191,-0.0251,56.4382,0.0193,-0.0073,0.0063,0.8680,0.1629,0.7360,buy
2025-10-20,88.6431,4886300,88.2073,89.2629,88.1298,0.0076,0.0480,0.0289,0.0239,-0.0150,55.9300,0.0194,-0.0048,0.0069,0.9341,-0.2438,0.5817,buy
2025-10-21,91.4225,7770100,88.9820,91.5678,88.8464,0.0314,0.0612,0.0575,0.0500,0.0178,64.8253,0.0213,-0.0003,0.0088,1.1878,0.5902,0.9267,hold
2025-10-22,91.0545,4973000,91.3160,91.7421,90.5025,-0.0040,0.0342,0.0403,0.0415,0.0161,62.7042,0.0214,0.0028,0.0095,1.0241,-0.3600,0.6140,hold
2025-10-23,91.2773,4833400,91.1030,92.0327,90.0280,0.0024,0.0464,0.0578,0.0382,0.0211,64.9143,0.0204,0.0053,0.0097,0.9744,-0.0281,0.6109,hold
2025-10-24,91.2870,5459000,91.8680,92.5944,90.9577,0.0001,0.0376,0.1021,0.0284,0.0234,65.1950,0.0130,0.0073,0.0093,0.9153,0.1294,0.6993,buy
2025-10-27,94.6862,10000000,92.2457,94.8218,91.9552,0.0372,0.0682,0.1194,0.0547,0.0627,70.5911,0.0154,0.0113,0.0106,1.1097,0.8318,1.2644,sell
2025-10-28,94.0471,7959600,94.4441,96.3520,93.3692,-0.0068,0.0287,0.0916,0.0384,0.0573,66.6667,0.0161,0.0141,0.0107,0.9686,-0.2040,1.0665,sell
2025-10-29,91.1514,6125600,93.4757,94.0083,91.0642,-0.0308,0.0011,0.0353,0.0030,0.0273,61.4612,0.0196,0.0140,0.0084,0.7131,-0.2304,0.8448,sell
2025-10-30,89.9892,5631200,90.3669,91.6453,89.7374,-0.0127,-0.0141,0.0316,-0.0128,0.0155,68.9196,0.0199,0.0126,0.0055,0.6074,-0.0807,0.7871,hold
2025-10-31,89.7955,7084800,89.6309,90.1054,88.6237,-0.0022,-0.0163,0.0207,-0.0169,0.0142,65.0112,0.0199,0.0110,0.0032,0.5787,0.2581,0.9888,sell
2025-11-03,88.5656,5698100,89.6890,89.7374,88.0329,-0.0137,-0.0646,-0.0009,-0.0302,0.0021,57.0859,0.0204,0.0087,0.0006,0.4680,-0.1957,0.8139,sell
2025-11-04,87.1420,5057400,88.0136,88.4106,86.9192,-0.0161,-0.0734,-0.0468,-0.0413,-0.0125,47.2791,0.0176,0.0054,-0.0022,0.3453,-0.1124,0.7291,buy
2025-11-05,89.0401,8215300,86.9967,90.3185,86.2122,0.0218,-0.0232,-0.0221,-0.0183,0.0099,55.1346,0.0195,0.0044,-0.0025,0.4983,0.6244,1.1728,sell
2025-11-06,86.3381,7051500,88.8949,89.7858,85.6893,-0.0303,-0.0406,-0.0541,-0.0429,-0.0188,45.8231,0.0214,0.0012,-0.0047,0.2696,-0.1417,1.0077,buy
2025-11-07,88.3622,6524900,86.3381,88.6915,86.3381,0.0234,-0.0160,-0.0320,-0.0172,0.0054,49.3296,0.0232,0.0004,-0.0043,0.4052,-0.0747,0.9845,hold
2025-11-10,87.8683,6299900,88.9239,90.4831,87.0838,-0.0056,-0.0079,-0.0720,-0.0153,0.0010,40.4774,0.0184,-0.0006,-0.0043,0.3263,-0.0345,0.9817,buy
2025-11-11,88.6915,4762900,88.4978,89.2241,88.0717,0.0094,0.0178,-0.0569,-0.0000,0.0105,43.8196,0.0192,-0.0007,-0.0034,0.3947,-0.2440,0.7515,buy
2025-11-12,90.1331,5512400,89.9958,90.8097,89.3485,0.0163,0.0123,-0.0112,0.0174,0.0268,47.1868,0.0180,0.0006,-0.0017,0.5453,0.1574,0.8759,sell
2025-11-13,88.8680,6303500,90.0350,90.8293,88.6621,-0.0140,0.0293,-0.0125,0.0044,0.0126,44.3984,0.0181,0.0005,-0.0015,0.3886,0.1435,0.9957,sell
2025-11-14,88.1619,6096900,88.2502,89.3485,87.6814,-0.0079,-0.0023,-0.0182,-0.0018,0.0050,32.7384,0.0183,-0.0003,-0.0018,0.3039,-0.0328,0.9659,sell
2025-11-17,86.7694,7549400,87.7893,88.5150,86.5242,-0.0158,-0.0125,-0.0203,-0.0155,-0.0104,31.4834,0.0184,-0.0022,-0.0030,0.1657,0.2382,1.1713,hold
2025-11-18,86.8184,10063400,86.1418,88.2796,85.9260,0.0006,-0.0211,-0.0037,-0.0146,-0.0096,37.1082,0.0178,-0.0036,-0.0035,0.2044,0.3330,1.5340,sell
2025-11-19,84.4158,18972000,84.7492,87.8873,83.6509,-0.0277,-0.0634,-0.0519,-0.0368,-0.0362,34.5573,0.0178,-0.0071,-0.0056,0.0253,0.8852,2.6132,sell
2025-11-20,82.0622,12051800,84.4942,85.2493,81.8268,-0.0279,-0.0766,-0.0495,-0.0591,-0.0617,30.8632,0.0175,-0.0122,-0.0085,-0.0709,-0.3648,1.5814,buy
2025-11-21,85.9260,12573900,82.8075,87.2597,82.6114,0.0471,-0.0254,-0.0276,-0.0120,-0.0173,44.2214,0.0226,-0.0116,-0.0065,0.2837,0.0433,1.5763,sell
2025-11-24,82.9056,9227300,85.9358,86.2791,82.8859,-0.0352,-0.0445,-0.0565,-0.0413,-0.0512,41.3317,0.0248,-0.0147,-0.0076,0.0529,-0.2662,1.1624,buy
2025-11-25,84.9061,6520100,83.3469,84.9551,83.0919,0.0241,-0.0220,-0.0427,-0.0138,-0.0278,41.5765,0.0262,-0.0144,-0.0059,0.2431,-0.2934,0.8289,buy
2025-11-26,88.0639,7927600,85.0042,88.4856,84.9355,0.0372,0.0432,-0.0230,0.0253,0.0079,53.4522,0.0287,-0.0109,-0.0022,0.5909,0.2159,0.9964,buy
2025-11-28,88.8680,4059000,88.5346,89.9271,88.1325,0.0091,0.0829,0.0000,0.0347,0.0165,51.0637,0.0286,-0.0077,0.0008,0.6908,-0.4880,0.5153,hold
2025-12-01,89.5937,6570600,88.6523,91.3099,88.3973,0.0082,0.0427,0.0162,0.0414,0.0238,53.5937,0.0285,-0.0044,0.0032,0.7757,0.6188,0.8368,sell
2025-12-02,88.7209,5863800,89.9762,89.9762,87.6324,-0.0097,0.0701,0.0225,0.0289,0.0127,50.0612,0.0282,-0.0027,0.0040,0.6749,-0.1076,0.7460,hold
2025-12-03,89.1622,7308400,88.9170,91.1137,88.8484,0.0050,0.0501,0.0270,0.0312,0.0166,47.8945,0.0282,-0.0009,0.0046,0.7094,0.2464,0.9167,hold
2025-12-04,89.8193,6759400,89.4074,90.4175,88.4267,0.0074,0.0199,0.0640,0.0324,0.0231,52.1188,0.0260,0.0012,0.0053,0.7736,-0.0751,0.8556,hold
2025-12-05,90.4077,5898900,89.7800,90.8980,89.0936,0.0066,0.0173,0.1017,0.0293,0.0284,55.0285,0.0231,0.0032,0.0059,0.8041,-0.1273,0.7522,buy
2025-12-08,91.2608,7694700,90.8195,91.8983,89.1426,0.0094,0.0186,0.0621,0.0327,0.0367,60.3060,0.0191,0.0055,0.0065,0.8580,0.3044,0.9739,buy
2025-12-09,91.8100,4650500,90.7215,92.1631,90.5253,0.0060,0.0348,0.1074,0.0286,0.0415,61.1966,0.0124,0.0077,0.0069,0.8687,-0.3956,0.5948,buy
2025-12-10,92.7907,8444700,92.0552,93.5556,91.1432,0.0107,0.0407,0.0929,0.0304,0.0513,70.0658,0.0115,0.0101,0.0075,0.9084,0.8159,1.0553,buy
2025-12-11,95.0952,6812900,92.9476,95.3012,92.9476,0.0248,0.0587,0.0798,0.0478,0.0752,81.3000,0.0083,0.0136,0.0088,1.0190,-0.1932,0.8445,hold
2025-12-12,95.2129,5260200,95.3698,96.3015,94.3892,0.0012,0.0532,0.0714,0.0419,0.0745,77.1970,0.0085,0.0164,0.0093,0.9554,-0.2279,0.6563,buy
2025-12-15,95.6738,5730100,95.6738,96.0367,94.4480,0.0048,0.0484,0.0679,0.0400,0.0774,93.9865,0.0086,0.0187,0.0094,0.9233,0.0893,0.7165,hold
2025-12-16,95.7817,5142500,95.9975,96.6153,95.1737,0.0011,0.0433,0.0796,0.0332,0.0763,93.0847,0.0068,0.0205,0.0089,0.8786,-0.1025,0.6529,buy
2025-12-17,96.6937,6830400,95.1247,96.7133,93.3104,0.0095,0.0421,0.0845,0.0347,0.0840,91.5879,0.0067,0.0222,0.0086,0.8811,0.3282,0.8853,buy
2025-12-18,97.1350,9594200,96.6937,100.0182,96.6545,0.0046,0.0214,0.0815,0.0313,0.0866,91.2831,0.0068,0.0237,0.0081,0.8639,0.4046,1.3241,sell
2025-12-19,96.1151,12620400,96.9879,97.5273,94.6834,-0.0105,0.0095,0.0631,0.0143,0.0729,81.6366,0.0090,0.0241,0.0067,0.7884,0.3154,1.7349,sell
2025-12-22,93.3595,11985200,96.0563,96.4388,92.9476,-0.0287,-0.0242,0.0230,-0.0169,0.0397,69.0265,0.0141,0.0223,0.0035,0.6056,-0.0503,1.6543,sell
2025-12-23,92.4769,7975900,93.4085,93.5360,91.9571,-0.0095,-0.0345,0.0073,-0.0269,0.0280,63.1211,0.0145,0.0194,0.0004,0.5240,-0.3345,1.1105,buy
2025-12-24,94.6637,3299500,92.7809,94.7324,92.3592,0.0236,-0.0210,0.0202,-0.0058,0.0504,67.1053,0.0160,0.0183,-0.0002,0.6683,-0.5863,0.4699,buy
2025-12-26,97.6254,10644100,94.7128,101.0381,94.6736,0.0313,0.0050,0.0266,0.0225,0.0809,71.8268,0.0171,0.0195,0.0012,0.8749,2.2260,1.4872,sell
2025-12-29,96.2034,8837000,97.5371,98.3020,95.8209,-0.0146,0.0009,0.0104,0.0066,0.0631,64.4495,0.0179,0.0197,0.0009,0.7340,-0.1698,1.1948,sell
2025-12-30,95.5463,3686900,95.9876,96.0955,95.1835,-0.0068,0.0234,-0.0013,-0.0001,0.0540,60.8547,0.0180,0.0190,0.0001,0.6583,-0.5828,0.5084,hold
2025-12-31,95.8602,4290100,95.5267,96.5368,95.3208,0.0033,0.0366,0.0008,0.0031,0.0558,59.2768,0.0181,0.0184,-0.0004,0.6686,0.1636,0.5981,buy
2026-01-02,98.5668,7064400,96.0171,99.0473,95.1933,0.0282,0.0412,0.0194,0.0294,0.0839,60.2431,0.0200,0.0194,0.0009,0.9028,0.6467,0.9865,buy
2026-01-05,100.1261,7421200,98.4589,101.2636,97.9686,0.0158,0.0256,0.0308,0.0424,0.0989,63.3600,0.0205,0.0213,0.0025,1.0039,0.0505,1.0316,buy
2026-01-06,102.2835,7699800,100.1261,102.8229,99.6259,0.0215,0.0632,0.0642,0.0581,0.1198,66.4551,0.0206,0.0240,0.0045,1.1067,0.0375,1.0570,hold
2026-01-07,101.6657,4686200,102.2835,102.6366,100.5085,-0.0060,0.0640,0.0890,0.0427,0.1106,64.2857,0.0173,0.0259,0.0050,0.9842,-0.3914,0.6569,buy
2026-01-08,104.2743,8568600,101.1361,106.5396,100.6948,0.0257,0.0878,0.1276,0.0567,0.1367,67.0040,0.0167,0.0282,0.0063,1.0915,0.8285,1.1690,sell
2026-01-09,103.4799,6490400,103.5878,105.2255,102.1266,-0.0076,0.0498,0.0931,0.0393,0.1257,64.0104,0.0173,0.0299,0.0062,0.9597,-0.2425,0.8975,buy
2026-01-12,104.0880,5893400,103.5388,104.7842,101.1656,0.0059,0.0396,0.0662,0.0387,0.1291,67.9311,0.0154,0.0310,0.0060,0.9359,-0.0920,0.8201,buy
2026-01-13,106.5298,7742300,106.4023,107.8243,105.8728,0.0235,0.0415,0.1073,0.0522,0.1515,80.0447,0.0143,0.0327,0.0066,1.0060,0.3137,1.0591,buy
2026-01-14,107.6968,5886200,106.4710,108.5010,106.0885,0.0110,0.0593,0.1272,0.0511,0.1596,84.2756,0.0130,0.0347,0.0071,0.9872,-0.2397,0.8044,buy
2026-01-15,108.9815,5827200,107.9420,109.6974,106.3043,0.0119,0.0451,0.1369,0.0502,0.1683,83.6095,0.0126,0.0367,0.0076,0.9742,-0.0100,0.7926,hold
2026-01-16,109.1286,5253200,108.6971,109.5895,108.0498,0.0013,0.0546,0.1072,0.0411,0.1644,81.1140,0.0118,0.0382,0.0073,0.9180,-0.0985,0.7223,sell
2026-01-20,107.2261,9556600,107.8929,108.5206,105.3530,-0.0174,0.0301,0.0709,0.0160,0.1397,79.0589,0.0145,0.0383,0.0055,0.7951,0.8192,1.3143,sell
2026-01-21,103.9899,6547300,106.5102,108.1185,102.8621,-0.0302,-0.0238,0.0167,-0.0162,0.1012,69.5949,0.0176,0.0361,0.0018,0.6303,-0.3149,0.9397,hold
2026-01-22,104.4410,4904300,104.5194,104.7450,102.7739,0.0043,-0.0302,0.0273,-0.0146,0.1022,69.7874,0.0174,0.0332,-0.0008,0.6325,-0.2509,0.7415,buy
2026-01-23,106.0101,4594100,104.3037,106.2356,104.0487,0.0150,-0.0273,0.0166,-0.0014,0.1145,68.1145,0.0161,0.0314,-0.0017,0.6920,-0.0633,0.7129,sell
2026-01-26,101.9501,6709800,105.9414,106.3925,101.6069,-0.0383,-0.0658,-0.0148,-0.0382,0.0688,53.9575,0.0204,0.0280,-0.0051,0.4516,0.4605,1.0143,hold
2026-01-27,102.0874,4578900,102.3326,102.7935,101.1950,0.0013,-0.0479,-0.0192,-0.0351,0.0676,49.5336,0.0203,0.0242,-0.0071,0.4445,-0.3176,0.7254,sell
2026-01-28,99.7730,4644400,101.9893,102.1659,98.9297,-0.0227,-0.0406,-0.0634,-0.0509,0.0410,45.8351,0.0192,0.0195,-0.0100,0.2814,0.0143,0.7611,buy
2026-01-29,100.8518,6015200,100.4301,101.2734,99.3611,0.0108,-0.0344,-0.0636,-0.0344,0.0495,41.9250,0.0191,0.0159,-0.0106,0.3152,0.2952,0.9673,buy
2026-01-30,103.4309,6181800,100.8518,103.4701,100.3810,0.0256,-0.0243,-0.0509,-0.0044,0.0726,49.8933,0.0210,0.0148,-0.0089,0.4672,0.0277,0.9792,buy
2026-02-02,107.4124,10561600,102.9013,107.7851,101.6755,0.0385,0.0536,-0.0157,0.0356,0.1091,56.3082,0.0251,0.0164,-0.0051,0.7743,0.7085,1.6278,buy
2026-02-03,109.1482,8373400,107.7655,110.7761,107.4713,0.0162,0.0692,0.0179,0.0504,0.1213,55.1052,0.0250,0.0189,-0.0018,0.8834,-0.2072,1.2812,buy
2026-02-04,111.9235,9816200,110.3740,112.6590,110.0994,0.0254,0.1218,0.0763,0.0690,0.1428,57.7546,0.0231,0.0224,0.0017,1.0184,0.1723,1.4780,sell
2026-02-05,108.7069,6081500,111.9235,112.5511,108.2068,-0.0287,0.0779,0.0408,0.0340,0.1049,49.5296,0.0258,0.0236,0.0018,0.7447,-0.3805,0.9062,buy
2026-02-06,113.3160,7804400,109.4130,113.5808,109.4130,0.0424,0.0956,0.0689,0.0704,0.1446,56.2227,0.0284,0.0260,0.0041,1.0024,0.2833,1.1695,hold
2026-02-09,113.2866,4507500,113.0414,113.9535,111.5312,-0.0003,0.0547,0.1112,0.0588,0.1378,59.5370,0.0239,0.0283,0.0052,0.9321,-0.4224,0.6857,sell
2026-02-10,111.0409,4955200,113.2670,114.9047,110.9624,-0.0198,0.0173,0.0877,0.0292,0.1101,61.4527,0.0257,0.0288,0.0041,0.7615,0.0993,0.7592,buy
2026-02-11,113.5373,6612000,111.8829,113.7057,111.2588,0.0225,0.0144,0.1380,0.0391,0.1295,63.8543,0.0234,0.0295,0.0043,0.8706,0.3344,1.0219,sell
2026-02-12,111.6353,5588400,113.9038,115.2808,110.8130,-0.0168,0.0269,0.1069,0.0117,0.1057,58.4816,0.0253,0.0294,0.0030,0.7415,-0.1548,0.8657,buy
2026-02-13,114.6765,6597100,112.3485,115.0629,111.5659,0.0272,0.0120,0.1087,0.0288,0.1301,69.7968,0.0254,0.0300,0.0034,0.8742,0.1805,1.0159,hold
2026-02-17,115.4492,6258900,115.8059,117.2720,113.1212,0.0067,0.0191,0.0748,0.0283,0.1318,70.3823,0.0234,0.0310,0.0037,0.8741,-0.0513,0.9564,sell
2026-02-18,114.5775,5608100,114.6666,115.7365,113.6760,-0.0076,0.0318,0.0497,0.0156,0.1178,73.6225,0.0236,0.0312,0.0030,0.7995,-0.1040,0.8836,hold
2026-02-19,114.5775,3631500,114.1218,115.1719,113.5472,0.0000,0.0092,0.0237,0.0132,0.1126,72.6821,0.0226,0.0309,0.0021,0.7703,-0.3525,0.5856,buy
2026-02-20,115.5978,6285900,114.1911,117.8664,113.3788,0.0089,0.0355,0.0634,0.0161,0.1172,71.1982,0.0197,0.0307,0.0017,0.7872,0.7309,1.0025,sell
2026-02-23,112.2792,7924800,114.9935,115.6276,111.7541,-0.0287,-0.0209,-0.0092,-0.0122,0.0809,58.6798,0.0180,0.0290,-0.0007,0.6182,0.2607,1.2312,buy
2026-02-24,114.4388,4977600,112.3386,114.4982,112.3386,0.0192,-0.0088,0.0102,0.0058,0.0971,59.2951,0.0191,0.0276,-0.0012,0.6991,-0.3719,0.7838,buy
2026-02-25,115.3502,4522100,114.6666,115.3898,113.5373,0.0080,0.0067,0.0388,0.0100,0.1015,56.4424,0.0177,0.0270,-0.0013,0.7237,-0.0915,0.7124,sell
2026-02-26,113.7156,5930300,116.3804,117.5890,112.8934,-0.0142,-0.0075,0.0016,-0.0045,0.0821,60.0122,0.0172,0.0256,-0.0024,0.6220,0.3114,0.9249,sell
2026-02-27,112.7250,6417000,111.9424,112.8141,110.0701,-0.0087,-0.0249,0.0098,-0.0141,0.0692,48.6187,0.0165,0.0235,-0.0038,0.5308,0.0821,0.9977,sell
2026-03-02,112.1108,6301900,110.7932,113.3094,110.2087,-0.0054,-0.0015,-0.0224,-0.0173,0.0601,47.3251,0.0137,0.0211,-0.0051,0.4279,-0.0179,0.9789,buy
2026-03-03,119.6694,15692200,114.9242,121.2841,113.9236,0.0674,0.0457,0.0366,0.0451,0.1267,65.8076,0.0260,0.0227,-0.0015,1.1465,1.4901,2.3441,hold
2026-03-04,118.9561,9496000,122.7998,124.8207,118.7679,-0.0060,0.0313,0.0382,0.0349,0.1154,60.6213,0.0259,0.0244,0.0000,1.0045,-0.3949,1.4067,hold
2026-03-05,119.2335,7129700,118.6490,119.7486,116.9847,0.0023,0.0485,0.0406,0.0332,0.1131,65.9062,0.0259,0.0254,0.0009,0.9555,-0.2492,1.0776,hold
2026-03-06,119.6595,5979700,118.0546,119.6595,115.9049,0.0036,0.0615,0.0351,0.0332,0.1117,61.7140,0.0259,0.0262,0.0015,0.9563,-0.1613,0.9045,hold
2026-03-09,119.0155,6005500,117.5494,119.0354,114.6666,-0.0054,0.0616,0.0600,0.0217,0.1003,58.4349,0.0236,0.0263,0.0011,0.8514,0.0043,0.9209,hold
2026-03-10,119.6099,4400000,118.3716,121.3237,117.4602,0.0050,-0.0005,0.0452,0.0223,0.1007,62.0608,0.0231,0.0263,0.0010,0.8583,-0.2673,0.6753,sell
2026-03-11,117.6683,4418700,119.2038,120.1251,117.3909,-0.0162,-0.0108,0.0201,0.0037,0.0788,56.7767,0.0240,0.0251,-0.0005,0.6738,0.0043,0.6810,sell
2026-03-12,114.6666,6215300,116.3309,116.8064,114.1119,-0.0255,-0.0383,0.0084,-0.0227,0.0478,48.1215,0.0251,0.0222,-0.0033,0.3991,0.4066,0.9608,buy
2026-03-13,116.2417,5282600,115.3105,116.7866,114.4784,0.0137,-0.0286,0.0312,-0.0122,0.0582,58.5984,0.0251,0.0199,-0.0042,0.5223,-0.1501,0.8185,hold
2026-03-16,115.9545,4858100,116.8956,117.3414,114.9143,-0.0025,-0.0257,0.0343,-0.0179,0.0517,53.5798,0.0250,0.0179,-0.0049,0.4883,-0.0804,0.7630,hold
2026-03-17,115.6672,4347200,116.4102,117.3513,115.0728,-0.0025,-0.0330,-0.0334,-0.0170,0.0458,50.7714,0.0111,0.0160,-0.0055,0.4592,-0.1052,0.6932,sell
2026-03-18,113.9732,5267500,115.4294,116.2715,113.7156,-0.0146,-0.0314,-0.0419,-0.0273,0.0280,50.6250,0.0117,0.0133,-0.0068,0.2986,0.2117,0.8422,sell
2026-03-19,113.3986,6549400,113.5868,115.0034,112.3584,-0.0050,-0.0111,-0.0489,-0.0273,0.0207,51.6683,0.0114,0.0105,-0.0078,0.2533,0.2434,1.0233,sell
2026-03-20,112.1999,19717500,112.9330,114.1911,111.6353,-0.0106,-0.0348,-0.0623,-0.0314,0.0080,50.2146,0.0111,0.0074,-0.0089,0.1722,2.0106,2.7882,buy
2026-03-23,113.8543,6381900,113.5571,115.3997,112.9429,0.0147,-0.0181,-0.0434,-0.0127,0.0211,30.4463,0.0130,0.0059,-0.0081,0.3087,-0.6763,0.9124,buy
2026-03-24,114.8350,4991300,112.7547,114.9638,111.9523,0.0086,-0.0072,-0.0399,-0.0001,0.0278,36.3874,0.0133,0.0053,-0.0069,0.3980,-0.2179,0.7135,hold
2026-03-25,115.2808,4408000,116.4002,116.5488,113.6165,0.0039,0.0115,-0.0203,0.0059,0.0298,37.0873,0.0128,0.0052,-0.0056,0.4400,-0.1169,0.6307,buy
2026-03-26,115.9049,3403100,114.7954,117.2423,114.6072,0.0054,0.0221,0.0108,0.0102,0.0336,37.8914,0.0099,0.0054,-0.0042,0.4880,-0.2280,0.4959,buy
2026-03-27,118.7183,8112900,116.0040,120.3232,115.4096,0.0243,0.0581,0.0213,0.0325,0.0566,49.1592,0.0117,0.0073,-0.0017,0.7327,1.3840,1.1677,sell
2026-03-30,117.6683,4425200,118.9957,120.3628,116.8361,-0.0088,0.0335,0.0148,0.0219,0.0456,44.6448,0.0122,0.0082,-0.0007,0.6114,-0.4545,0.6456,buy
2026-03-31,120.0656,4662100,118.7778,120.2043,117.6683,0.0204,0.0455,0.0380,0.0387,0.0649,56.4499,0.0134,0.0101,0.0011,0.8570,0.0535,0.7397,sell
2026-04-01,119.3226,4250600,120.0161,121.0067,119.2830,-0.0062,0.0351,0.0469,0.0275,0.0560,64.2597,0.0124,0.0113,0.0018,0.7757,-0.0883,0.7037,hold
2026-04-02,119.3226,5348000,119.1740,120.3727,118.0348,0.0000,0.0295,0.0522,0.0223,0.0532,60.4433,0.0120,0.0120,0.0020,0.7746,0.2582,0.8986,buy
2026-04-06,121.0662,4059500,119.3722,121.3039,119.3028,0.0146,0.0198,0.0790,0.0294,0.0654,65.7702,0.0110,0.0134,0.0028,0.9274,-0.2409,0.6933,sell
2026-04-07,118.4013,3799500,121.1553,121.7596,117.4999,-0.0220,0.0062,0.0399,0.0029,0.0397,57.3561,0.0140,0.0130,0.0017,0.6700,-0.0640,0.6614,buy
2026-04-08,121.9677,3634100,119.4415,122.1757,118.8769,0.0301,0.0158,0.0621,0.0269,0.0673,69.5399,0.0163,0.0142,0.0027,0.9763,-0.0435,0.6368,buy
2026-04-09,122.8691,4093500,121.1157,123.0573,120.3628,0.0074,0.0297,0.0658,0.0279,0.0713,72.7836,0.0163,0.0158,0.0035,0.9793,0.1264,0.7194,sell
2026-04-10,120.7492,3699800,123.1762,123.2951,120.1746,-0.0173,0.0120,0.0418,0.0061,0.0489,69.6942,0.0179,0.0159,0.0027,0.7743,-0.0962,0.6649,sell
2026-04-13,116.7767,5800600,119.3028,119.9566,116.2616,-0.0329,-0.0354,-0.0164,-0.0254,0.0116,56.0825,0.0199,0.0134,-0.0003,0.4492,0.5678,1.0376,buy
2026-04-14,118.4112,5189100,116.6974,118.5004,115.7365,0.0140,0.0001,0.0063,-0.0124,0.0231,57.2461,0.0202,0.0117,-0.0013,0.5727,-0.1054,0.9255,buy
2026-04-15,121.7200,5232400,118.6094,122.1460,117.6782,0.0279,-0.0020,0.0138,0.0138,0.0491,61.6906,0.0212,0.0124,-0.0003,0.8080,0.0083,0.9259,buy
2026-04-16,122.7503,4293000,122.2847,122.9088,120.4718,0.0085,-0.0010,0.0287,0.0195,0.0555,62.2474,0.0211,0.0135,0.0008,0.8497,-0.1795,0.7663,buy
2026-04-17,126.6435,5844800,122.9385,126.8515,122.1261,0.0317,0.0488,0.0614,0.0455,0.0863,63.6519,0.0229,0.0164,0.0032,1.0507,0.3615,1.0498,buy
2026-04-20,128.9616,5819100,126.6534,128.9715,125.6826,0.0183,0.1043,0.0652,0.0577,0.1023,68.6396,0.0231,0.0199,0.0055,1.1048,-0.0044,1.1943,buy
2026-04-21,130.8636,5745900,129.1300,131.8542,128.4861,0.0147,0.1052,0.1053,0.0625,0.1152,68.1184,0.0208,0.0234,0.0074,1.0983,-0.0126,1.1870,sell
2026-04-22,129.3776,5141400,131.2797,131.2797,128.8031,-0.0114,0.0629,0.0608,0.0441,0.0996,66.4612,0.0205,0.0255,0.0075,0.9485,-0.1052,1.0605,hold
2026-04-23,128.9517,3595200,129.3182,130.2692,128.2285,-0.0033,0.0505,0.0495,0.0356,0.0926,65.5470,0.0207,0.0265,0.0068,0.8807,-0.3007,0.7478,sell
2026-04-24,128.0502,3129300,128.8031,128.8031,126.9010,-0.0070,0.0111,0.0605,0.0224,0.0823,61.5916,0.0197,0.0266,0.0053,0.8011,-0.1296,0.6528,hold
2026-04-27,128.5059,5824300,128.2978,129.5361,126.2769,0.0036,-0.0035,0.1004,0.0165,0.0831,68.0979,0.0144,0.0263,0.0041,0.7937,0.8612,1.2447,sell
2026-04-28,125.9500,3728100,129.2984,129.7739,125.7816,-0.0199,-0.0375,0.0637,-0.0097,0.0595,57.4006,0.0170,0.0248,0.0017,0.6361,-0.3599,0.8027,buy
2026-04-29,126.6732,3760100,125.4052,126.8416,124.1570,0.0057,-0.0209,0.0407,-0.0078,0.0636,57.1164,0.0152,0.0233,0.0003,0.6591,0.0086,0.8175,buy
2026-04-30,128.5356,5436600,127.2874,128.5752,126.5048,0.0147,-0.0032,0.0471,0.0022,0.0767,64.7081,0.0156,0.0227,0.0000,0.7396,0.4459,1.1670,sell
2026-05-01,127.6836,3729000,128.5950,130.0810,127.5945,-0.0066,-0.0029,0.0082,-0.0052,0.0672,73.3559,0.0126,0.0219,-0.0007,0.6714,-0.3141,0.8146,sell
2026-05-04,126.5642,3118200,127.2379,129.9720,126.0788,-0.0088,-0.0151,-0.0186,-0.0121,0.0559,67.8525,0.0113,0.0204,-0.0019,0.5916,-0.1638,0.6882,buy
2026-05-05,127.6143,4206800,127.0100,128.5356,126.2175,0.0083,0.0132,-0.0248,-0.0014,0.0620,64.3235,0.0104,0.0194,-0.0023,0.6352,0.3491,0.9244,buy
2026-05-06,128.9715,4423100,128.2780,130.7447,127.9115,0.0106,0.0181,-0.0031,0.0096,0.0707,64.8815,0.0106,0.0191,-0.0019,0.6998,0.0514,0.9635,sell
2026-05-07,124.7018,7539000,128.0304,128.5851,122.4729,-0.0331,-0.0298,-0.0330,-0.0206,0.0336,45.4376,0.0149,0.0167,-0.0039,0.4213,0.7045,1.5829,sell
2026-05-08,124.0777,3883700,126.6633,126.6732,122.6611,-0.0050,-0.0282,-0.0310,-0.0225,0.0267,37.5317,0.0149,0.0138,-0.0056,0.3645,-0.4849,0.8139,sell
2026-05-11,117.3315,7589700,124.3749,124.5136,116.5687,-0.0544,-0.0729,-0.0870,-0.0674,-0.0299,22.3034,0.0217,0.0074,-0.0105,-0.1035,0.9542,1.5612,buy
2026-05-12,120.6600,5623800,119.8675,121.6011,118.9363,0.0284,-0.0545,-0.0420,-0.0369,-0.0038,33.4088,0.0242,0.0038,-0.0108,0.0925,-0.2590,1.1517,hold
2026-05-13,121.4800,3964800,120.7300,121.6100,119.1200,0.0068,-0.0581,-0.0410,-0.0263,0.0027,35.9902,0.0243,0.0017,-0.0103,0.1551,-0.2950,0.8226,buy
2026-05-14,123.0800,4160100,121.6100,123.7400,121.2900,0.0132,-0.0130,-0.0424,-0.0091,0.0152,40.9185,0.0241,0.0010,-0.0087,0.2692,0.0493,0.8643,sell
2026-05-15,121.5400,3661400,123.4400,123.4800,120.5000,-0.0125,-0.0205,-0.0481,-0.0167,0.0022,37.7571,0.0243,-0.0005,-0.0082,0.1893,-0.1199,0.7784,buy
2026-05-18,123.4000,3708100,121.8200,123.5500,120.0800,0.0153,0.0517,-0.0250,0.0009,0.0169,45.4058,0.0250,-0.0004,-0.0065,0.3377,0.0128,0.8064,buy
2026-05-19,127.2400,10539800,122.7800,127.4900,120.2500,0.0311,0.0545,-0.0029,0.0324,0.0471,50.9181,0.0270,0.0020,-0.0031,0.6283,1.8424,2.1785,sell
2026-05-20,122.3300,20309300,120.2100,123.1300,117.0500,-0.0386,0.0070,-0.0515,-0.0021,0.0062,40.8518,0.0293,0.0008,-0.0035,0.2848,0.9269,3.6289,buy
2026-05-21,126.1500,9959900,120.8300,126.5200,117.8100,0.0312,0.0249,0.0116,0.0279,0.0362,47.9211,0.0294,0.0023,-0.0016,0.5882,-0.5096,1.6839,hold
2026-05-22,125.6000,4943000,127.4900,127.9800,125.1100,-0.0044,0.0334,0.0123,0.0221,0.0298,48.6725,0.0294,0.0031,-0.0006,0.5559,-0.5037,0.8231,hold
2026-05-26,125.4300,4455500,126.5200,126.8500,124.0500,-0.0014,0.0165,0.0690,0.0141,0.0269,46.9179,0.0221,0.0035,-0.0001,0.5567,-0.0986,0.7505,buy
2026-05-27,128.3300,6076900,126.9800,131.2000,126.4600,0.0231,0.0086,0.0636,0.0311,0.0485,49.1326,0.0216,0.0056,0.0016,0.7799,0.3639,1.0037,hold
2026-05-28,128.6500,4676600,129.7600,130.2000,127.7500,0.0025,0.0517,0.0590,0.0278,0.0489,55.9769,0.0216,0.0074,0.0027,0.7893,-0.2304,0.7666,sell
2026-05-29,127.0700,6455200,127.4100,127.8800,125.2700,-0.0123,0.0073,0.0324,0.0119,0.0338,54.4024,0.0222,0.0078,0.0025,0.6747,0.3803,1.0494,sell
2026-06-01,123.7100,4859100,126.4800,126.7200,121.5700,-0.0264,-0.0150,0.0179,-0.0165,0.0048,60.4230,0.0237,0.0060,0.0004,0.4191,-0.2473,0.7828,hold
2026-06-02,123.1800,3206500,123.2300,124.9700,123.0200,-0.0043,-0.0179,-0.0018,-0.0206,-0.0013,54.5324,0.0232,0.0041,-0.0012,0.3890,-0.3401,0.5162,buy
2026-06-03,124.8000,3336300,123.1300,125.2500,122.5100,0.0132,-0.0275,-0.0192,-0.0058,0.0100,55.8042,0.0212,0.0035,-0.0014,0.5351,0.0405,0.5409,sell
2026-06-04,123.8500,4749600,126.5500,126.8300,123.8300,-0.0076,-0.0373,0.0124,-0.0145,0.0009,51.3775,0.0171,0.0024,-0.0020,0.4744,0.4236,0.7679,sell
2026-06-05,122.5700,4384500,124.0000,124.0800,121.7900,-0.0103,-0.0354,-0.0284,-0.0219,-0.0106,51.8599,0.0137,0.0008,-0.0030,0.3684,-0.0769,0.7275,buy
2026-06-08,123.9700,2846200,122.0300,124.1500,120.7700,0.0114,0.0021,-0.0130,-0.0095,-0.0006,51.0466,0.0144,0.0003,-0.0027,0.4956,-0.3508,0.4763,buy
2026-06-09,126.6100,4092100,124.1600,127.5200,123.9800,0.0213,0.0278,0.0094,0.0107,0.0194,48.7899,0.0161,0.0016,-0.0011,0.7288,0.4377,0.7055,buy
2026-06-10,127.9800,3943100,127.6500,128.5000,125.3700,0.0108,0.0255,-0.0027,0.0219,0.0287,62.5611,0.0146,0.0035,0.0007,0.8454,-0.0364,0.6898,buy
2026-06-11,132.6400,4535600,129.0300,132.9600,128.1000,0.0364,0.0710,0.0310,0.0557,0.0640,63.9091,0.0186,0.0075,0.0038,1.1644,0.1503,0.7895,buy
2026-06-12,135.2300,4803300,133.4500,136.1400,133.4500,0.0195,0.1033,0.0642,0.0694,0.0820,68.9791,0.0184,0.0120,0.0067,1.1703,0.0590,0.8314,sell
2026-06-15,133.1700,7287900,136.0000,137.8700,133.0600,-0.0152,0.0742,0.0765,0.0453,0.0632,64.1966,0.0164,0.0146,0.0073,0.9541,0.5173,1.2231,hold
2026-06-16,133.4000,3186000,133.1700,134.6500,131.3200,0.0017,0.0536,0.0830,0.0388,0.0629,60.3091,0.0161,0.0163,0.0073,0.9106,-0.5628,0.5371,sell
2026-06-17,127.8100,3506900,132.5700,133.6800,127.6600,-0.0419,-0.0013,0.0241,-0.0071,0.0169,48.5934,0.0223,0.0148,0.0043,0.5446,0.1007,0.6284,buy
2026-06-18,130.7400,7529100,129.0000,131.8000,128.9500,0.0229,-0.0143,0.0556,0.0103,0.0387,55.8795,0.0229,0.0144,0.0033,0.7131,1.1469,1.5236,sell
2026-06-22,129.7300,3942700,131.5200,134.0200,129.3900,-0.0077,-0.0407,0.0584,-0.0031,0.0296,60.4297,0.0227,0.0137,0.0020,0.6333,-0.4763,0.8496,buy
2026-06-23,134.1100,4793100,131.9100,134.9000,131.2200,0.0338,0.0071,0.0818,0.0226,0.0621,66.7074,0.0243,0.0150,0.0030,0.8739,0.2157,1.0345,buy
2026-06-24,141.2000,6235800,135.6900,141.2500,134.8100,0.0529,0.0585,0.1152,0.0648,0.1139,71.4772,0.0280,0.0195,0.0064,1.1283,0.3010,1.3205,sell
2026-06-25,139.5700,4340700,140.7500,142.8200,139.0700,-0.0115,0.0920,0.0906,0.0434,0.0974,70.2265,0.0289,0.0227,0.0076,0.9643,-0.3039,0.9364,hold
2026-06-26,140.3900,6802500,140.4600,141.6200,139.3300,0.0059,0.0738,0.0584,0.0435,0.1006,73.2031,0.0273,0.0250,0.0080,0.9339,0.5671,1.4346,sell
2026-06-29,133.9200,4554400,139.1500,139.5600,133.7800,-0.0461,0.0323,-0.0097,-0.0036,0.0481,61.4447,0.0313,0.0242,0.0051,0.6466,-0.3305,0.9801,sell
2026-06-30,130.6100,6507600,133.6200,133.8600,129.6800,-0.0247,-0.0261,-0.0192,-0.0264,0.0215,54.5310,0.0319,0.0208,0.0010,0.4929,0.4289,1.3760,hold
2026-07-01,130.2900,4928800,129.8000,130.8800,126.4600,-0.0025,-0.0773,-0.0233,-0.0265,0.0188,52.6804,0.0319,0.0173,-0.0021,0.4615,-0.2426,1.0236,hold
2026-07-02,130.2100,3272000,130.7400,132.2800,129.5800,-0.0006,-0.0671,0.0188,-0.0288,0.0183,46.8450,0.0286,0.0143,-0.0041,0.4434,-0.3361,0.6800,sell
2026-07-06,126.1000,5209900,129.9900,129.9900,124.7000,-0.0316,-0.1018,-0.0355,-0.0562,-0.0134,38.5961,0.0294,0.0095,-0.0076,0.2351,0.5923,1.0775,buy
2026-07-07,127.5500,2996300,127.5900,127.8900,126.3300,0.0115,-0.0476,-0.0168,-0.0438,-0.0018,42.8716,0.0297,0.0061,-0.0086,0.2787,-0.4249,0.6287,buy
2026-07-08,132.4200,6780300,130.0000,133.5400,128.3200,0.0382,0.0139,-0.0126,-0.0060,0.0356,48.8879,0.0303,0.0063,-0.0063,0.5134,1.2629,1.3663,hold
2026-07-09,132.2700,4459500,131.7100,134.8900,131.2600,-0.0011,0.0152,-0.0632,-0.0005,0.0338,55.7742,0.0238,0.0065,-0.0049,0.4882,-0.3423,0.8953,buy
2026-07-10,135.1400,3403200,133.2700,136.0500,132.9200,0.0217,0.0379,-0.0317,0.0246,0.0547,55.7054,0.0253,0.0081,-0.0024,0.6414,-0.2369,0.6870,hold
2026-07-13,134.7700,4243700,136.6800,136.9400,134.2900,-0.0027,0.0688,-0.0400,0.0262,0.0505,56.6456,0.0251,0.0092,-0.0011,0.6117,0.2470,0.8592,hold
2026-07-14,134.0000,2506800,135.5900,136.3400,133.1000,-0.0057,0.0506,0.0006,0.0203,0.0436,49.8397,0.0203,0.0095,-0.0007,0.5691,-0.4093,0.5196,buy
2026-07-15,138.2900,5224000,134.2700,139.8800,133.6000,0.0320,0.0443,0.0588,0.0468,0.0753,45.3824,0.0205,0.0118,0.0015,0.8028,1.0839,1.1065,buy
2026-07-16,140.2100,4297200,140.0000,141.7400,139.2800,0.0139,0.0600,0.0761,0.0535,0.0879,51.0063,0.0204,0.0146,0.0036,0.8706,-0.1774,0.8996,hold
2026-07-17,139.6000,5187800,140.7500,144.4000,138.3300,-0.0044,0.0330,0.0721,0.0415,0.0812,48.7496,0.0206,0.0165,0.0043,0.8052,0.2073,1.0673,hold
2026-07-20,139.5900,3388200,141.3100,143.2100,138.8000,-0.0001,0.0358,0.1070,0.0311,0.0793,61.2813,0.0159,0.0177,0.0044,0.7748,-0.3469,0.7281,sell
2026-07-21,138.4800,2413200,138.9800,139.7000,137.6800,-0.0080,0.0334,0.0857,0.0147,0.0684,67.1609,0.0169,0.0179,0.0037,0.6939,-0.2878,0.5272,hold
2026-07-22,137.9200,2283200,139.2200,139.6900,137.1800,-0.0040,-0.0027,0.0415,0.0065,0.0619,66.4653,0.0136,0.0176,0.0026,0.6514,-0.0539,0.5129,sell
2026-07-23,134.4800,3207400,135.0900,135.5900,132.5500,-0.0249,-0.0409,0.0167,-0.0202,0.0326,58.0475,0.0164,0.0154,0.0001,0.4823,0.4048,0.7458,buy
2026-07-24,136.7800,2485400,134.5100,137.5800,134.2300,0.0171,-0.0202,0.0121,-0.0046,0.0477,71.6019,0.0158,0.0144,-0.0006,0.6247,-0.2251,0.5907,buy
2026-07-27,140.3400,3039300,138.1800,140.9100,137.4500,0.0260,0.0054,0.0413,0.0172,0.0719,73.8352,0.0175,0.0152,0.0005,0.8335,0.2229,0.7562,buy
2026-07-28,144.2000,4621700,141.9100,145.8500,141.2900,0.0275,0.0413,0.0761,0.0375,0.0978,72.8118,0.0186,0.0177,0.0027,0.9743,0.5206,1.1489,buy
2026-07-29,145.9000,3198400,143.9100,147.7700,142.1700,0.0118,0.0579,0.0550,0.0440,0.1067,74.8995,0.0166,0.0205,0.0045,0.9793,-0.3080,0.8292,sell
2026-07-30,144.5100,2627500,144.1000,145.2900,143.0700,-0.0095,0.0746,0.0307,0.0309,0.0926,68.0958,0.0169,0.0220,0.0047,0.8672,-0.1785,0.7021,hold
2026-07-31,144.4900,3312000,145.0300,145.1400,141.0500,-0.0001,0.0564,0.0350,0.0272,0.0896,69.0290,0.0168,0.0228,0.0044,0.8299,0.2605,0.8846,buy
2026-08-03,149.3500,4856900,147.5200,150.0700,147.5200,0.0336,0.0642,0.0699,0.0544,0.1217,75.9028,0.0192,0.0250,0.0058,1.0052,0.4665,1.3033,sell
